timestamp,vm_id,min cpu,max cpu,avg cpu
0,rYdTBu9KF5OzcKngM2ginb0Hxn+Cis8dCmkmvT1lo4cfkgIXIyDCB5kOtFW5yjDz,1.2740759723647648,81.6680341139033,38.89838779021197
300,rYdTBu9KF5OzcKngM2ginb0Hxn+Cis8dCmkmvT1lo4cfkgIXIyDCB5kOtFW5yjDz,73.60375588932585,88.3664954577973,79.19966655438894
600,rYdTBu9KF5OzcKngM2ginb0Hxn+Cis8dCmkmvT1lo4cfkgIXIyDCB5kOtFW5yjDz,3.666985872820468,96.0213981222575,61.33794117463539
900,rYdTBu9KF5OzcKngM2ginb0Hxn+Cis8dCmkmvT1lo4cfkgIXIyDCB5kOtFW5yjDz,1.183037571604751,9.941783126726717,2.80661978860037
1200,rYdTBu9KF5OzcKngM2ginb0Hxn+Cis8dCmkmvT1lo4cfkgIXIyDCB5kOtFW5yjDz,1.0863761347690473,1.6822197096812652,1.3796691565425734
1500,rYdTBu9KF5OzcKngM2ginb0Hxn+Cis8dCmkmvT1lo4cfkgIXIyDCB5kOtFW5yjDz,1.1536919236030547,2.759594235556524,1.574024428627918
1800,rYdTBu9KF5OzcKngM2ginb0Hxn+Cis8dCmkmvT1lo4cfkgIXIyDCB5kOtFW5yjDz,1.1340773011716192,2.0257289529826523,1.4366978081896384
2100,rYdTBu9KF5OzcKngM2ginb0Hxn+Cis8dCmkmvT1lo4cfkgIXIyDCB5kOtFW5yjDz,1.0988673501481514,2.9981740176840934,1.6122372373925735
2400,rYdTBu9KF5OzcKngM2ginb0Hxn+Cis8dCmkmvT1lo4cfkgIXIyDCB5kOtFW5yjDz,1.2114161968689374,5.948127221040996,2.26114119205957
2700,rYdTBu9KF5OzcKngM2ginb0Hxn+Cis8dCmkmvT1lo4cfkgIXIyDCB5kOtFW5yjDz,1.153108128365275,5.848795693961842,1.9462943248534
3000,rYdTBu9KF5OzcKngM2ginb0Hxn+Cis8dCmkmvT1lo4cfkgIXIyDCB5kOtFW5yjDz,1.0514076434496806,1.6829545271516837,1.3634673486397182
3300,rYdTBu9KF5OzcKngM2ginb0Hxn+Cis8dCmkmvT1lo4cfkgIXIyDCB5kOtFW5yjDz,1.1339197480426384,19.616123033329945,2.919200152586586
3600,rYdTBu9KF5OzcKngM2ginb0Hxn+Cis8dCmkmvT1lo4cfkgIXIyDCB5kOtFW5yjDz,1.0405577441181029,3.057256917982333,1.53783735214018
3900,rYdTBu9KF5OzcKngM2ginb0Hxn+Cis8dCmkmvT1lo4cfkgIXIyDCB5kOtFW5yjDz,1.0650057661415278,2.584183212038955,1.5141183203516662
4200,rYdTBu9KF5OzcKngM2ginb0Hxn+Cis8dCmkmvT1lo4cfkgIXIyDCB5kOtFW5yjDz,1.089200537144024,1.729262178998752,1.3696776247492255
4500,rYdTBu9KF5OzcKngM2ginb0Hxn+Cis8dCmkmvT1lo4cfkgIXIyDCB5kOtFW5yjDz,1.0479377702108696,2.630192680610965,1.527081543145156
4800,rYdTBu9KF5OzcKngM2ginb0Hxn+Cis8dCmkmvT1lo4cfkgIXIyDCB5kOtFW5yjDz,1.0002454685769702,1.690545736239661,1.345987340580074
5100,rYdTBu9KF5OzcKngM2ginb0Hxn+Cis8dCmkmvT1lo4cfkgIXIyDCB5kOtFW5yjDz,1.1318360154543448,2.87798601254315,1.5365970086122185
5400,rYdTBu9KF5OzcKngM2ginb0Hxn+Cis8dCmkmvT1lo4cfkgIXIyDCB5kOtFW5yjDz,1.0441129020161108,1.9457196623574309,1.3698629748018536
5700,rYdTBu9KF5OzcKngM2ginb0Hxn+Cis8dCmkmvT1lo4cfkgIXIyDCB5kOtFW5yjDz,1.042479470553764,3.2677377091054867,1.5264536614824846
6000,rYdTBu9KF5OzcKngM2ginb0Hxn+Cis8dCmkmvT1lo4cfkgIXIyDCB5kOtFW5yjDz,1.125380150457009,1.7780543651062324,1.4551157463520286
6300,rYdTBu9KF5OzcKngM2ginb0Hxn+Cis8dCmkmvT1lo4cfkgIXIyDCB5kOtFW5yjDz,1.0517604243903715,7.166070362180848,3.5303160518892134
6600,rYdTBu9KF5OzcKngM2ginb0Hxn+Cis8dCmkmvT1lo4cfkgIXIyDCB5kOtFW5yjDz,0.9946612025208889,1.7044564790286212,1.3667797640202166
6900,rYdTBu9KF5OzcKngM2ginb0Hxn+Cis8dCmkmvT1lo4cfkgIXIyDCB5kOtFW5yjDz,1.1857376269602942,3.2782243644027504,1.588244328158786
7200,rYdTBu9KF5OzcKngM2ginb0Hxn+Cis8dCmkmvT1lo4cfkgIXIyDCB5kOtFW5yjDz,0.988736109653918,3.074717716708504,1.5584020985916562
7500,rYdTBu9KF5OzcKngM2ginb0Hxn+Cis8dCmkmvT1lo4cfkgIXIyDCB5kOtFW5yjDz,1.0086688793568532,2.922377922737587,1.531035668932479
7800,rYdTBu9KF5OzcKngM2ginb0Hxn+Cis8dCmkmvT1lo4cfkgIXIyDCB5kOtFW5yjDz,1.0728530461913357,1.7133564875495586,1.418978181946435
8100,rYdTBu9KF5OzcKngM2ginb0Hxn+Cis8dCmkmvT1lo4cfkgIXIyDCB5kOtFW5yjDz,1.0128466224525516,3.0341621557107614,1.5450585478787768
8400,rYdTBu9KF5OzcKngM2ginb0Hxn+Cis8dCmkmvT1lo4cfkgIXIyDCB5kOtFW5yjDz,1.0233325043092498,1.739393266764041,1.3505898860391168
8700,rYdTBu9KF5OzcKngM2ginb0Hxn+Cis8dCmkmvT1lo4cfkgIXIyDCB5kOtFW5yjDz,1.1238658733041946,3.04338904302439,1.5600990579060814
9000,rYdTBu9KF5OzcKngM2ginb0Hxn+Cis8dCmkmvT1lo4cfkgIXIyDCB5kOtFW5yjDz,1.04832526017505,1.801843931508422,1.3998727427611015
9300,rYdTBu9KF5OzcKngM2ginb0Hxn+Cis8dCmkmvT1lo4cfkgIXIyDCB5kOtFW5yjDz,1.0535462234625972,3.122183905468713,1.546163509087071
9600,rYdTBu9KF5OzcKngM2ginb0Hxn+Cis8dCmkmvT1lo4cfkgIXIyDCB5kOtFW5yjDz,1.0774274101817534,1.8952478809194608,1.3858308533605594
9900,rYdTBu9KF5OzcKngM2ginb0Hxn+Cis8dCmkmvT1lo4cfkgIXIyDCB5kOtFW5yjDz,1.0891928423502164,6.478633177028008,2.6018659057246567
10200,rYdTBu9KF5OzcKngM2ginb0Hxn+Cis8dCmkmvT1lo4cfkgIXIyDCB5kOtFW5yjDz,1.0768497707167517,8.534027926883025,2.0270942882727607
10500,rYdTBu9KF5OzcKngM2ginb0Hxn+Cis8dCmkmvT1lo4cfkgIXIyDCB5kOtFW5yjDz,1.0855082443648374,2.5787917692483093,1.4951063334823442
10800,rYdTBu9KF5OzcKngM2ginb0Hxn+Cis8dCmkmvT1lo4cfkgIXIyDCB5kOtFW5yjDz,1.1528082158049284,3.225733289576222,1.5098167100706563
11100,rYdTBu9KF5OzcKngM2ginb0Hxn+Cis8dCmkmvT1lo4cfkgIXIyDCB5kOtFW5yjDz,1.0779813793219273,2.688401569008508,1.5527051555295572
11400,rYdTBu9KF5OzcKngM2ginb0Hxn+Cis8dCmkmvT1lo4cfkgIXIyDCB5kOtFW5yjDz,1.1338627004340398,1.781999602895439,1.4164641836723275
11700,rYdTBu9KF5OzcKngM2ginb0Hxn+Cis8dCmkmvT1lo4cfkgIXIyDCB5kOtFW5yjDz,1.0636052845554125,6.886529952516817,2.8714385089054395
12000,rYdTBu9KF5OzcKngM2ginb0Hxn+Cis8dCmkmvT1lo4cfkgIXIyDCB5kOtFW5yjDz,1.2994053994425094,2.468856659567673,1.6388456544135743
12300,rYdTBu9KF5OzcKngM2ginb0Hxn+Cis8dCmkmvT1lo4cfkgIXIyDCB5kOtFW5yjDz,1.175572097869571,3.29663823519603,1.6178359333805212
12600,rYdTBu9KF5OzcKngM2ginb0Hxn+Cis8dCmkmvT1lo4cfkgIXIyDCB5kOtFW5yjDz,1.0881740766470591,1.751259333604409,1.4112856050433458
12900,rYdTBu9KF5OzcKngM2ginb0Hxn+Cis8dCmkmvT1lo4cfkgIXIyDCB5kOtFW5yjDz,1.2860758495602094,91.0183946404512,59.94258001426672
13200,rYdTBu9KF5OzcKngM2ginb0Hxn+Cis8dCmkmvT1lo4cfkgIXIyDCB5kOtFW5yjDz,1.332137150853957,62.86054720558876,14.693994103512496
13500,rYdTBu9KF5OzcKngM2ginb0Hxn+Cis8dCmkmvT1lo4cfkgIXIyDCB5kOtFW5yjDz,1.146074172988436,5.50877517658544,2.162496641192193
13800,rYdTBu9KF5OzcKngM2ginb0Hxn+Cis8dCmkmvT1lo4cfkgIXIyDCB5kOtFW5yjDz,1.2086192106948253,6.511833959481828,2.1761297567871014
14100,rYdTBu9KF5OzcKngM2ginb0Hxn+Cis8dCmkmvT1lo4cfkgIXIyDCB5kOtFW5yjDz,1.1380563542550246,3.23649274090413,1.6132891291779206
14400,rYdTBu9KF5OzcKngM2ginb0Hxn+Cis8dCmkmvT1lo4cfkgIXIyDCB5kOtFW5yjDz,1.2823834870177673,58.30036549918096,15.347360487699868
14700,rYdTBu9KF5OzcKngM2ginb0Hxn+Cis8dCmkmvT1lo4cfkgIXIyDCB5kOtFW5yjDz,1.2532314069066142,65.964672736218,38.81027600904336
15000,rYdTBu9KF5OzcKngM2ginb0Hxn+Cis8dCmkmvT1lo4cfkgIXIyDCB5kOtFW5yjDz,1.2124156857053614,1.9257070043143767,1.5913909292116684
15300,rYdTBu9KF5OzcKngM2ginb0Hxn+Cis8dCmkmvT1lo4cfkgIXIyDCB5kOtFW5yjDz,1.2162345843400042,3.255103429621121,1.662016896466928
15600,rYdTBu9KF5OzcKngM2ginb0Hxn+Cis8dCmkmvT1lo4cfkgIXIyDCB5kOtFW5yjDz,0.9483278588918282,21.360737873996325,3.393537670119628
15900,rYdTBu9KF5OzcKngM2ginb0Hxn+Cis8dCmkmvT1lo4cfkgIXIyDCB5kOtFW5yjDz,1.11948212582741,3.62825628565636,1.7799565406572706
16200,rYdTBu9KF5OzcKngM2ginb0Hxn+Cis8dCmkmvT1lo4cfkgIXIyDCB5kOtFW5yjDz,1.1664968248552094,2.140425285143177,1.4682936061747247
16500,rYdTBu9KF5OzcKngM2ginb0Hxn+Cis8dCmkmvT1lo4cfkgIXIyDCB5kOtFW5yjDz,0.985520678382256,3.3169037545446995,1.574454974657416
16800,rYdTBu9KF5OzcKngM2ginb0Hxn+Cis8dCmkmvT1lo4cfkgIXIyDCB5kOtFW5yjDz,1.1403329342168065,1.7282631780784783,1.4257255914350282
17100,rYdTBu9KF5OzcKngM2ginb0Hxn+Cis8dCmkmvT1lo4cfkgIXIyDCB5kOtFW5yjDz,1.1254309945575538,2.988627456225438,1.5837275486446716
17400,rYdTBu9KF5OzcKngM2ginb0Hxn+Cis8dCmkmvT1lo4cfkgIXIyDCB5kOtFW5yjDz,1.1967794676300532,6.614707404316892,2.5156874628177075
17700,rYdTBu9KF5OzcKngM2ginb0Hxn+Cis8dCmkmvT1lo4cfkgIXIyDCB5kOtFW5yjDz,1.1001906853006271,90.16400913989695,45.20381228236656
18000,rYdTBu9KF5OzcKngM2ginb0Hxn+Cis8dCmkmvT1lo4cfkgIXIyDCB5kOtFW5yjDz,1.3300967091100184,86.24088521008761,41.75853382325679
18300,rYdTBu9KF5OzcKngM2ginb0Hxn+Cis8dCmkmvT1lo4cfkgIXIyDCB5kOtFW5yjDz,1.2180386940473182,5.813896968776185,2.001864636935714
18600,rYdTBu9KF5OzcKngM2ginb0Hxn+Cis8dCmkmvT1lo4cfkgIXIyDCB5kOtFW5yjDz,1.0790294468300283,63.26231838597116,9.087269236430044
18900,rYdTBu9KF5OzcKngM2ginb0Hxn+Cis8dCmkmvT1lo4cfkgIXIyDCB5kOtFW5yjDz,1.3819915985717448,8.038958362295777,2.835074334478669
19200,rYdTBu9KF5OzcKngM2ginb0Hxn+Cis8dCmkmvT1lo4cfkgIXIyDCB5kOtFW5yjDz,1.1448778193054208,1.6680166309079,1.4136361088868268
19500,rYdTBu9KF5OzcKngM2ginb0Hxn+Cis8dCmkmvT1lo4cfkgIXIyDCB5kOtFW5yjDz,1.1841976120002828,84.8711743668685,56.84759517757325
19800,rYdTBu9KF5OzcKngM2ginb0Hxn+Cis8dCmkmvT1lo4cfkgIXIyDCB5kOtFW5yjDz,30.391147962011917,93.57626210091203,77.87861798778054
20100,rYdTBu9KF5OzcKngM2ginb0Hxn+Cis8dCmkmvT1lo4cfkgIXIyDCB5kOtFW5yjDz,33.46716711964363,67.1111895792528,52.603402706601216
20400,rYdTBu9KF5OzcKngM2ginb0Hxn+Cis8dCmkmvT1lo4cfkgIXIyDCB5kOtFW5yjDz,1.56589063445908,79.49625623644329,30.93886658293445
20700,rYdTBu9KF5OzcKngM2ginb0Hxn+Cis8dCmkmvT1lo4cfkgIXIyDCB5kOtFW5yjDz,1.3151115303986154,3.605180555790615,1.9175855682434104
21000,rYdTBu9KF5OzcKngM2ginb0Hxn+Cis8dCmkmvT1lo4cfkgIXIyDCB5kOtFW5yjDz,1.133614506930377,6.502189072260896,2.687575444261788
21300,rYdTBu9KF5OzcKngM2ginb0Hxn+Cis8dCmkmvT1lo4cfkgIXIyDCB5kOtFW5yjDz,1.109791618810558,3.557351621145362,1.6729723065728883
21600,rYdTBu9KF5OzcKngM2ginb0Hxn+Cis8dCmkmvT1lo4cfkgIXIyDCB5kOtFW5yjDz,1.2154105506221151,3.430804508232903,1.76006442618762
21900,rYdTBu9KF5OzcKngM2ginb0Hxn+Cis8dCmkmvT1lo4cfkgIXIyDCB5kOtFW5yjDz,1.3635430044764791,67.11855422867404,22.313017211554644
22200,rYdTBu9KF5OzcKngM2ginb0Hxn+Cis8dCmkmvT1lo4cfkgIXIyDCB5kOtFW5yjDz,1.274817520570829,3.1383535811240995,1.8205123888689163
22500,rYdTBu9KF5OzcKngM2ginb0Hxn+Cis8dCmkmvT1lo4cfkgIXIyDCB5kOtFW5yjDz,1.0915084805871993,8.537687922820728,2.303578489757922
22800,rYdTBu9KF5OzcKngM2ginb0Hxn+Cis8dCmkmvT1lo4cfkgIXIyDCB5kOtFW5yjDz,1.1372427432647705,1.942131543860944,1.5149874907252296
23100,rYdTBu9KF5OzcKngM2ginb0Hxn+Cis8dCmkmvT1lo4cfkgIXIyDCB5kOtFW5yjDz,0.9907008523882028,36.24517040422232,5.283322238756126
23400,rYdTBu9KF5OzcKngM2ginb0Hxn+Cis8dCmkmvT1lo4cfkgIXIyDCB5kOtFW5yjDz,1.3700099456754824,65.95129834668926,13.456003037599434
23700,rYdTBu9KF5OzcKngM2ginb0Hxn+Cis8dCmkmvT1lo4cfkgIXIyDCB5kOtFW5yjDz,1.2060400371348186,7.392951617964877,2.7392277844960744
24000,rYdTBu9KF5OzcKngM2ginb0Hxn+Cis8dCmkmvT1lo4cfkgIXIyDCB5kOtFW5yjDz,1.0185231244958717,2.0864982519100432,1.4668596756648793
24300,rYdTBu9KF5OzcKngM2ginb0Hxn+Cis8dCmkmvT1lo4cfkgIXIyDCB5kOtFW5yjDz,1.113104188049118,2.9680009632443705,1.5552698985955802
24600,rYdTBu9KF5OzcKngM2ginb0Hxn+Cis8dCmkmvT1lo4cfkgIXIyDCB5kOtFW5yjDz,1.0175393663374537,8.42477383110229,2.888967616304675
24900,rYdTBu9KF5OzcKngM2ginb0Hxn+Cis8dCmkmvT1lo4cfkgIXIyDCB5kOtFW5yjDz,58.13112808150634,89.00611323941273,80.10837542752601
25200,rYdTBu9KF5OzcKngM2ginb0Hxn+Cis8dCmkmvT1lo4cfkgIXIyDCB5kOtFW5yjDz,8.901145866080189,94.69526857718992,74.49770188082226
25500,rYdTBu9KF5OzcKngM2ginb0Hxn+Cis8dCmkmvT1lo4cfkgIXIyDCB5kOtFW5yjDz,1.2575150334184786,20.258454883650515,6.294672432782761
25800,rYdTBu9KF5OzcKngM2ginb0Hxn+Cis8dCmkmvT1lo4cfkgIXIyDCB5kOtFW5yjDz,1.2551381160902302,16.877479696723075,5.266576009999086
26100,rYdTBu9KF5OzcKngM2ginb0Hxn+Cis8dCmkmvT1lo4cfkgIXIyDCB5kOtFW5yjDz,1.1806970917643662,10.436692697669349,2.550972035685155
26400,rYdTBu9KF5OzcKngM2ginb0Hxn+Cis8dCmkmvT1lo4cfkgIXIyDCB5kOtFW5yjDz,1.1359311594510082,1.9041938038882849,1.5114735086364852
26700,cYugYImjey8hwJ3CMNfYAX/NyrxLfJlv3LE6apUpZEiknuAAL5VIXxIP92zqHSnJ,0.4853660793466048,1.0502572001486907,0.668556984745643
27000,cYugYImjey8hwJ3CMNfYAX/NyrxLfJlv3LE6apUpZEiknuAAL5VIXxIP92zqHSnJ,0.4774859271389829,0.8065013123894605,0.5787397872222078
27300,cYugYImjey8hwJ3CMNfYAX/NyrxLfJlv3LE6apUpZEiknuAAL5VIXxIP92zqHSnJ,0.547777102293826,21.92098745582676,4.389926137334033
27600,cYugYImjey8hwJ3CMNfYAX/NyrxLfJlv3LE6apUpZEiknuAAL5VIXxIP92zqHSnJ,1.3991375297898196,4.67694381511855,2.587594690450983
27900,cYugYImjey8hwJ3CMNfYAX/NyrxLfJlv3LE6apUpZEiknuAAL5VIXxIP92zqHSnJ,1.5014156570725927,7.279238807917744,2.8384981826579723
28200,cYugYImjey8hwJ3CMNfYAX/NyrxLfJlv3LE6apUpZEiknuAAL5VIXxIP92zqHSnJ,1.5041725434286468,3.330630691022468,2.438711283951532
28500,cYugYImjey8hwJ3CMNfYAX/NyrxLfJlv3LE6apUpZEiknuAAL5VIXxIP92zqHSnJ,1.372122969114645,97.1954905450433,26.770604994885264
28800,cYugYImjey8hwJ3CMNfYAX/NyrxLfJlv3LE6apUpZEiknuAAL5VIXxIP92zqHSnJ,22.354006809236928,96.55070284934624,60.1438206575448
29100,cYugYImjey8hwJ3CMNfYAX/NyrxLfJlv3LE6apUpZEiknuAAL5VIXxIP92zqHSnJ,21.43257967969644,96.47924381862734,59.94545675880808
29400,cYugYImjey8hwJ3CMNfYAX/NyrxLfJlv3LE6apUpZEiknuAAL5VIXxIP92zqHSnJ,23.312253180289023,96.42531368277568,60.329142967780314
29700,cYugYImjey8hwJ3CMNfYAX/NyrxLfJlv3LE6apUpZEiknuAAL5VIXxIP92zqHSnJ,23.708936129039543,96.13035714038749,60.782367133647554
30000,cYugYImjey8hwJ3CMNfYAX/NyrxLfJlv3LE6apUpZEiknuAAL5VIXxIP92zqHSnJ,24.1618491742254,96.37608013184942,61.792791635740926
30300,cYugYImjey8hwJ3CMNfYAX/NyrxLfJlv3LE6apUpZEiknuAAL5VIXxIP92zqHSnJ,24.902936917691758,96.49374912390874,62.390785002389926
30600,cYugYImjey8hwJ3CMNfYAX/NyrxLfJlv3LE6apUpZEiknuAAL5VIXxIP92zqHSnJ,23.924656569914585,96.520972097272,60.60590255376765
30900,cYugYImjey8hwJ3CMNfYAX/NyrxLfJlv3LE6apUpZEiknuAAL5VIXxIP92zqHSnJ,25.19554103705481,96.42298287359361,62.302819958685504
31200,cYugYImjey8hwJ3CMNfYAX/NyrxLfJlv3LE6apUpZEiknuAAL5VIXxIP92zqHSnJ,31.008043661971698,96.0563059645612,66.62545213891849
31500,cYugYImjey8hwJ3CMNfYAX/NyrxLfJlv3LE6apUpZEiknuAAL5VIXxIP92zqHSnJ,39.47168241926682,95.87146150982211,69.94718390254488
31800,cYugYImjey8hwJ3CMNfYAX/NyrxLfJlv3LE6apUpZEiknuAAL5VIXxIP92zqHSnJ,35.37214024783505,95.8462099450645,67.71386552572737
32100,cYugYImjey8hwJ3CMNfYAX/NyrxLfJlv3LE6apUpZEiknuAAL5VIXxIP92zqHSnJ,34.82235555136608,95.9998755374812,66.02405106297576
32400,cYugYImjey8hwJ3CMNfYAX/NyrxLfJlv3LE6apUpZEiknuAAL5VIXxIP92zqHSnJ,35.350166961669984,95.86166925096198,66.36455966011782
32700,cYugYImjey8hwJ3CMNfYAX/NyrxLfJlv3LE6apUpZEiknuAAL5VIXxIP92zqHSnJ,37.201306401992326,95.75629507539917,66.96402750163608
33000,cYugYImjey8hwJ3CMNfYAX/NyrxLfJlv3LE6apUpZEiknuAAL5VIXxIP92zqHSnJ,1.3664371295805455,95.89934486417253,45.5829895790765
33300,cYugYImjey8hwJ3CMNfYAX/NyrxLfJlv3LE6apUpZEiknuAAL5VIXxIP92zqHSnJ,1.2866752357021332,3.1657155233449625,2.243316444572645
33600,cYugYImjey8hwJ3CMNfYAX/NyrxLfJlv3LE6apUpZEiknuAAL5VIXxIP92zqHSnJ,1.2893977235000271,3.4383532556502594,2.396580234309428
33900,cYugYImjey8hwJ3CMNfYAX/NyrxLfJlv3LE6apUpZEiknuAAL5VIXxIP92zqHSnJ,1.4561689279521792,3.4308233793847744,2.4297275653060955
34200,cYugYImjey8hwJ3CMNfYAX/NyrxLfJlv3LE6apUpZEiknuAAL5VIXxIP92zqHSnJ,1.3971839597209332,3.434196890299264,2.4298390102804657
34500,cYugYImjey8hwJ3CMNfYAX/NyrxLfJlv3LE6apUpZEiknuAAL5VIXxIP92zqHSnJ,1.430975366254559,3.373209860886779,2.4273627939191345
34800,cYugYImjey8hwJ3CMNfYAX/NyrxLfJlv3LE6apUpZEiknuAAL5VIXxIP92zqHSnJ,1.4728167723964452,3.455800246934948,2.4406153761906126
35100,cYugYImjey8hwJ3CMNfYAX/NyrxLfJlv3LE6apUpZEiknuAAL5VIXxIP92zqHSnJ,1.5076037537002531,7.908379639596445,3.0069605999964306
35400,cYugYImjey8hwJ3CMNfYAX/NyrxLfJlv3LE6apUpZEiknuAAL5VIXxIP92zqHSnJ,1.3988114806701857,3.42016481542447,2.441702059302859
35700,cYugYImjey8hwJ3CMNfYAX/NyrxLfJlv3LE6apUpZEiknuAAL5VIXxIP92zqHSnJ,1.4538976952098406,3.3394700167927445,2.3903260649305
36000,cYugYImjey8hwJ3CMNfYAX/NyrxLfJlv3LE6apUpZEiknuAAL5VIXxIP92zqHSnJ,0.5379301703094472,5.8337406264029,2.2729801550381312
36300,cYugYImjey8hwJ3CMNfYAX/NyrxLfJlv3LE6apUpZEiknuAAL5VIXxIP92zqHSnJ,0.5267150955398818,0.7956490764113437,0.6525394427171733
36600,cYugYImjey8hwJ3CMNfYAX/NyrxLfJlv3LE6apUpZEiknuAAL5VIXxIP92zqHSnJ,0.5236093908970236,0.7768174380562651,0.6328006914935044
36900,cYugYImjey8hwJ3CMNfYAX/NyrxLfJlv3LE6apUpZEiknuAAL5VIXxIP92zqHSnJ,0.2963577147181201,0.4244352917488256,0.3500170282986332
160500,iHvKhF7Uk30Domr8uCORsSR904QSgslMQB+G+xe7JXNjm3QvGf2+VdR5gdk1mIrg,1.8046302064978843,2.8066077401435257,2.191640316575638
160800,iHvKhF7Uk30Domr8uCORsSR904QSgslMQB+G+xe7JXNjm3QvGf2+VdR5gdk1mIrg,2.0248739309472135,2.98028829055704,2.2817679318869795
161100,iHvKhF7Uk30Domr8uCORsSR904QSgslMQB+G+xe7JXNjm3QvGf2+VdR5gdk1mIrg,1.5999756640253906,2.793355253486416,2.1415833317803075
161400,iHvKhF7Uk30Domr8uCORsSR904QSgslMQB+G+xe7JXNjm3QvGf2+VdR5gdk1mIrg,1.8254047775151625,2.913920688769424,2.218735920470336
161700,iHvKhF7Uk30Domr8uCORsSR904QSgslMQB+G+xe7JXNjm3QvGf2+VdR5gdk1mIrg,1.9632643299095411,2.7064721027041374,2.261995402429274
162000,iHvKhF7Uk30Domr8uCORsSR904QSgslMQB+G+xe7JXNjm3QvGf2+VdR5gdk1mIrg,1.926491027103424,2.963753602703177,2.254358781392563
162300,iHvKhF7Uk30Domr8uCORsSR904QSgslMQB+G+xe7JXNjm3QvGf2+VdR5gdk1mIrg,1.9967911283932416,2.954733584536351,2.319409605967064
162600,iHvKhF7Uk30Domr8uCORsSR904QSgslMQB+G+xe7JXNjm3QvGf2+VdR5gdk1mIrg,2.006344010170924,2.8506279624789217,2.2721139796028607
162900,iHvKhF7Uk30Domr8uCORsSR904QSgslMQB+G+xe7JXNjm3QvGf2+VdR5gdk1mIrg,1.8576773128804245,2.908701318968389,2.2617066308410303
163200,iHvKhF7Uk30Domr8uCORsSR904QSgslMQB+G+xe7JXNjm3QvGf2+VdR5gdk1mIrg,1.8855916321869823,2.8488381342311584,2.2222760300551583
163500,iHvKhF7Uk30Domr8uCORsSR904QSgslMQB+G+xe7JXNjm3QvGf2+VdR5gdk1mIrg,1.9521974750347189,2.780144443538505,2.255948458095326
163800,iHvKhF7Uk30Domr8uCORsSR904QSgslMQB+G+xe7JXNjm3QvGf2+VdR5gdk1mIrg,1.8798405696389064,2.6132394009905706,2.233122487026821
164100,iHvKhF7Uk30Domr8uCORsSR904QSgslMQB+G+xe7JXNjm3QvGf2+VdR5gdk1mIrg,1.9193114664820763,2.824704953273081,2.2398318678386606
164400,iHvKhF7Uk30Domr8uCORsSR904QSgslMQB+G+xe7JXNjm3QvGf2+VdR5gdk1mIrg,1.9934529839560808,2.688718296473982,2.2774556848022645
164700,iHvKhF7Uk30Domr8uCORsSR904QSgslMQB+G+xe7JXNjm3QvGf2+VdR5gdk1mIrg,1.9291608508561169,2.630489712483057,2.27032471815448
165000,iHvKhF7Uk30Domr8uCORsSR904QSgslMQB+G+xe7JXNjm3QvGf2+VdR5gdk1mIrg,1.9473100457178831,2.7625631944547924,2.2887162478430225
165300,iHvKhF7Uk30Domr8uCORsSR904QSgslMQB+G+xe7JXNjm3QvGf2+VdR5gdk1mIrg,1.9609353927777973,2.600077708330001,2.2455387406879685
165600,iHvKhF7Uk30Domr8uCORsSR904QSgslMQB+G+xe7JXNjm3QvGf2+VdR5gdk1mIrg,2.045210019012162,2.6389146055257244,2.2630971408218863
165900,iHvKhF7Uk30Domr8uCORsSR904QSgslMQB+G+xe7JXNjm3QvGf2+VdR5gdk1mIrg,1.9117721693410303,2.733655499989839,2.26458946117181
166200,iHvKhF7Uk30Domr8uCORsSR904QSgslMQB+G+xe7JXNjm3QvGf2+VdR5gdk1mIrg,1.8369978310306332,2.8203204549881207,2.2445313313204003
166500,iHvKhF7Uk30Domr8uCORsSR904QSgslMQB+G+xe7JXNjm3QvGf2+VdR5gdk1mIrg,1.9254959227897992,2.660445159858433,2.196232674677978
166800,iHvKhF7Uk30Domr8uCORsSR904QSgslMQB+G+xe7JXNjm3QvGf2+VdR5gdk1mIrg,1.8651973572307872,2.9071184461335764,2.288491275062452
167100,iHvKhF7Uk30Domr8uCORsSR904QSgslMQB+G+xe7JXNjm3QvGf2+VdR5gdk1mIrg,1.906154557140699,2.71815290278916,2.22402890945649
167400,iHvKhF7Uk30Domr8uCORsSR904QSgslMQB+G+xe7JXNjm3QvGf2+VdR5gdk1mIrg,1.9276913542368763,2.672168689491279,2.2746838306837054
167700,iHvKhF7Uk30Domr8uCORsSR904QSgslMQB+G+xe7JXNjm3QvGf2+VdR5gdk1mIrg,1.8639695851488167,2.744013967740722,2.2150742674375623
168000,iHvKhF7Uk30Domr8uCORsSR904QSgslMQB+G+xe7JXNjm3QvGf2+VdR5gdk1mIrg,1.9454021529553047,2.899922394600836,2.3419179333196234
168300,iHvKhF7Uk30Domr8uCORsSR904QSgslMQB+G+xe7JXNjm3QvGf2+VdR5gdk1mIrg,1.9750921574878373,2.6988854649308336,2.3035258819664963
168600,iHvKhF7Uk30Domr8uCORsSR904QSgslMQB+G+xe7JXNjm3QvGf2+VdR5gdk1mIrg,1.9394514756802368,2.6572906587884835,2.3105185798197687
168900,iHvKhF7Uk30Domr8uCORsSR904QSgslMQB+G+xe7JXNjm3QvGf2+VdR5gdk1mIrg,2.069297603088859,5.232445845360246,2.710830390674442
169200,iHvKhF7Uk30Domr8uCORsSR904QSgslMQB+G+xe7JXNjm3QvGf2+VdR5gdk1mIrg,2.076731466308888,23.728654687736707,5.164814500633198
169500,iHvKhF7Uk30Domr8uCORsSR904QSgslMQB+G+xe7JXNjm3QvGf2+VdR5gdk1mIrg,2.023962208173015,2.950264855036443,2.3835978468405417
169800,iHvKhF7Uk30Domr8uCORsSR904QSgslMQB+G+xe7JXNjm3QvGf2+VdR5gdk1mIrg,1.7998047922486409,2.98173658466953,2.3140814770299167
170100,iHvKhF7Uk30Domr8uCORsSR904QSgslMQB+G+xe7JXNjm3QvGf2+VdR5gdk1mIrg,1.8572382309551527,2.838410627712879,2.2651357660051734
170400,iHvKhF7Uk30Domr8uCORsSR904QSgslMQB+G+xe7JXNjm3QvGf2+VdR5gdk1mIrg,1.9654579732078443,3.072660203802561,2.33910294249
170700,iHvKhF7Uk30Domr8uCORsSR904QSgslMQB+G+xe7JXNjm3QvGf2+VdR5gdk1mIrg,1.990647214218184,2.642078181458157,2.310616187102217
171000,iHvKhF7Uk30Domr8uCORsSR904QSgslMQB+G+xe7JXNjm3QvGf2+VdR5gdk1mIrg,1.8715947444115792,2.809348641838993,2.297371006611254
171300,iHvKhF7Uk30Domr8uCORsSR904QSgslMQB+G+xe7JXNjm3QvGf2+VdR5gdk1mIrg,1.9716171851413584,4.992934753180965,2.453722029909616
171600,iHvKhF7Uk30Domr8uCORsSR904QSgslMQB+G+xe7JXNjm3QvGf2+VdR5gdk1mIrg,2.0249925259208768,2.9177008818885755,2.3801368349934453
171900,iHvKhF7Uk30Domr8uCORsSR904QSgslMQB+G+xe7JXNjm3QvGf2+VdR5gdk1mIrg,1.9338769124167736,2.753720552311669,2.2868462082285785
172200,iHvKhF7Uk30Domr8uCORsSR904QSgslMQB+G+xe7JXNjm3QvGf2+VdR5gdk1mIrg,1.8908461134945227,2.7239734670336384,2.2792790430684926
172500,iHvKhF7Uk30Domr8uCORsSR904QSgslMQB+G+xe7JXNjm3QvGf2+VdR5gdk1mIrg,1.8895800745154787,2.732374556441611,2.2242810082178357
172800,iHvKhF7Uk30Domr8uCORsSR904QSgslMQB+G+xe7JXNjm3QvGf2+VdR5gdk1mIrg,1.9569028019223609,2.898219212406321,2.331621716186484
173100,iHvKhF7Uk30Domr8uCORsSR904QSgslMQB+G+xe7JXNjm3QvGf2+VdR5gdk1mIrg,1.993435672166734,2.8484210727320645,2.2672169764110413
173400,iHvKhF7Uk30Domr8uCORsSR904QSgslMQB+G+xe7JXNjm3QvGf2+VdR5gdk1mIrg,2.0010608973587685,2.7700836077201343,2.3213061606315657
173700,iHvKhF7Uk30Domr8uCORsSR904QSgslMQB+G+xe7JXNjm3QvGf2+VdR5gdk1mIrg,1.8385500245549673,2.843667084450809,2.223784483102455
174000,iHvKhF7Uk30Domr8uCORsSR904QSgslMQB+G+xe7JXNjm3QvGf2+VdR5gdk1mIrg,1.8641512404714609,2.7761697656787936,2.2809902910550672
174300,iHvKhF7Uk30Domr8uCORsSR904QSgslMQB+G+xe7JXNjm3QvGf2+VdR5gdk1mIrg,1.8966478001013627,2.869535020606711,2.2135330477410338
174600,iHvKhF7Uk30Domr8uCORsSR904QSgslMQB+G+xe7JXNjm3QvGf2+VdR5gdk1mIrg,1.8890402977383944,8.634076537420233,2.865451124809221
174900,iHvKhF7Uk30Domr8uCORsSR904QSgslMQB+G+xe7JXNjm3QvGf2+VdR5gdk1mIrg,1.7893028183902802,2.766675688067274,2.2056928877740543
175200,iHvKhF7Uk30Domr8uCORsSR904QSgslMQB+G+xe7JXNjm3QvGf2+VdR5gdk1mIrg,1.860025316834683,2.7569809076807696,2.306610379622192
175500,iHvKhF7Uk30Domr8uCORsSR904QSgslMQB+G+xe7JXNjm3QvGf2+VdR5gdk1mIrg,1.9187617392042224,2.925530582520626,2.2205692703596647
175800,iHvKhF7Uk30Domr8uCORsSR904QSgslMQB+G+xe7JXNjm3QvGf2+VdR5gdk1mIrg,1.95316668946458,2.717475376923012,2.3125894382984207
176100,iHvKhF7Uk30Domr8uCORsSR904QSgslMQB+G+xe7JXNjm3QvGf2+VdR5gdk1mIrg,1.8749056523659833,2.806265610986236,2.207954026157516
176400,iHvKhF7Uk30Domr8uCORsSR904QSgslMQB+G+xe7JXNjm3QvGf2+VdR5gdk1mIrg,1.959057224952694,2.743359400868613,2.301474399997279
176700,iHvKhF7Uk30Domr8uCORsSR904QSgslMQB+G+xe7JXNjm3QvGf2+VdR5gdk1mIrg,1.8267320591424543,2.7296291419612655,2.252478208280325
177000,iHvKhF7Uk30Domr8uCORsSR904QSgslMQB+G+xe7JXNjm3QvGf2+VdR5gdk1mIrg,2.0073824252946264,2.8053781587461355,2.3024230656508307
177300,iHvKhF7Uk30Domr8uCORsSR904QSgslMQB+G+xe7JXNjm3QvGf2+VdR5gdk1mIrg,1.8905439767590324,2.8080130167289896,2.2094678109718933
177600,iHvKhF7Uk30Domr8uCORsSR904QSgslMQB+G+xe7JXNjm3QvGf2+VdR5gdk1mIrg,1.9886729381496868,2.873396302993568,2.3029895675831664
177900,iHvKhF7Uk30Domr8uCORsSR904QSgslMQB+G+xe7JXNjm3QvGf2+VdR5gdk1mIrg,1.8911759221399416,2.8356268030193648,2.247492591293833
178200,iHvKhF7Uk30Domr8uCORsSR904QSgslMQB+G+xe7JXNjm3QvGf2+VdR5gdk1mIrg,1.8848137112004,2.7562006985681142,2.2799092461279837
178500,iHvKhF7Uk30Domr8uCORsSR904QSgslMQB+G+xe7JXNjm3QvGf2+VdR5gdk1mIrg,1.8728250736266232,2.7753395433596326,2.2055333008418265
178800,iHvKhF7Uk30Domr8uCORsSR904QSgslMQB+G+xe7JXNjm3QvGf2+VdR5gdk1mIrg,1.9740664431638315,2.980209901534197,2.327980724682203
179100,iHvKhF7Uk30Domr8uCORsSR904QSgslMQB+G+xe7JXNjm3QvGf2+VdR5gdk1mIrg,1.7275538654681868,2.773123041640707,2.2156092277777235
179400,iHvKhF7Uk30Domr8uCORsSR904QSgslMQB+G+xe7JXNjm3QvGf2+VdR5gdk1mIrg,1.9334947485702103,2.7811987289841715,2.2397012867618127
179700,iHvKhF7Uk30Domr8uCORsSR904QSgslMQB+G+xe7JXNjm3QvGf2+VdR5gdk1mIrg,1.830048885620172,2.8441076361893245,2.218250060633212
180000,iHvKhF7Uk30Domr8uCORsSR904QSgslMQB+G+xe7JXNjm3QvGf2+VdR5gdk1mIrg,1.9722537550300523,2.857872409752552,2.297172126097178
180300,iHvKhF7Uk30Domr8uCORsSR904QSgslMQB+G+xe7JXNjm3QvGf2+VdR5gdk1mIrg,1.9756134986886067,2.640126910031086,2.244754740040196
180600,iHvKhF7Uk30Domr8uCORsSR904QSgslMQB+G+xe7JXNjm3QvGf2+VdR5gdk1mIrg,1.9594329307677716,2.850869864176827,2.2941216387561663
180900,iHvKhF7Uk30Domr8uCORsSR904QSgslMQB+G+xe7JXNjm3QvGf2+VdR5gdk1mIrg,1.7938720703803015,2.767155260367374,2.188624749077448
181200,iHvKhF7Uk30Domr8uCORsSR904QSgslMQB+G+xe7JXNjm3QvGf2+VdR5gdk1mIrg,1.9101504779899583,2.697163385138444,2.301197918335377
181500,iHvKhF7Uk30Domr8uCORsSR904QSgslMQB+G+xe7JXNjm3QvGf2+VdR5gdk1mIrg,1.9700928530453647,2.4017539218265807,2.185861516732975
181800,iHvKhF7Uk30Domr8uCORsSR904QSgslMQB+G+xe7JXNjm3QvGf2+VdR5gdk1mIrg,1.8905200274959717,2.818212498760692,2.2940280839550544
182100,iHvKhF7Uk30Domr8uCORsSR904QSgslMQB+G+xe7JXNjm3QvGf2+VdR5gdk1mIrg,1.8073152488964128,2.6480727601015106,2.197002809247432
182400,iHvKhF7Uk30Domr8uCORsSR904QSgslMQB+G+xe7JXNjm3QvGf2+VdR5gdk1mIrg,2.020028523083819,2.8538318852647975,2.3134059887061333
182700,iHvKhF7Uk30Domr8uCORsSR904QSgslMQB+G+xe7JXNjm3QvGf2+VdR5gdk1mIrg,1.970908547608174,4.350428948511805,2.433806586979447
183000,iHvKhF7Uk30Domr8uCORsSR904QSgslMQB+G+xe7JXNjm3QvGf2+VdR5gdk1mIrg,2.0348669465162668,2.8028345842029574,2.297569991620071
183300,iHvKhF7Uk30Domr8uCORsSR904QSgslMQB+G+xe7JXNjm3QvGf2+VdR5gdk1mIrg,1.6508681580914226,2.5298002118174754,2.2131335617222154
183600,iHvKhF7Uk30Domr8uCORsSR904QSgslMQB+G+xe7JXNjm3QvGf2+VdR5gdk1mIrg,1.625502735532418,2.666847351690296,2.26381555426228
183900,iHvKhF7Uk30Domr8uCORsSR904QSgslMQB+G+xe7JXNjm3QvGf2+VdR5gdk1mIrg,2.014915241296616,2.819252181576133,2.278888366117868
184200,iHvKhF7Uk30Domr8uCORsSR904QSgslMQB+G+xe7JXNjm3QvGf2+VdR5gdk1mIrg,1.9856448474068804,2.751970398954138,2.303204339922419
184500,iHvKhF7Uk30Domr8uCORsSR904QSgslMQB+G+xe7JXNjm3QvGf2+VdR5gdk1mIrg,2.001729370849689,3.3514940976935423,2.356916486557736
184800,iHvKhF7Uk30Domr8uCORsSR904QSgslMQB+G+xe7JXNjm3QvGf2+VdR5gdk1mIrg,1.9344197513402688,2.7751140948685764,2.2811149599362786
185100,iHvKhF7Uk30Domr8uCORsSR904QSgslMQB+G+xe7JXNjm3QvGf2+VdR5gdk1mIrg,2.0067101517695867,2.515650319664579,2.2220628956362805
185400,iHvKhF7Uk30Domr8uCORsSR904QSgslMQB+G+xe7JXNjm3QvGf2+VdR5gdk1mIrg,1.9667684098593967,2.756296862566354,2.2902693200341693
185700,iHvKhF7Uk30Domr8uCORsSR904QSgslMQB+G+xe7JXNjm3QvGf2+VdR5gdk1mIrg,1.7779886542165655,2.5285450598258485,2.166634042558897
186000,iHvKhF7Uk30Domr8uCORsSR904QSgslMQB+G+xe7JXNjm3QvGf2+VdR5gdk1mIrg,1.9446441873913631,2.7840148247994474,2.3143557631042566
186300,iHvKhF7Uk30Domr8uCORsSR904QSgslMQB+G+xe7JXNjm3QvGf2+VdR5gdk1mIrg,2.0008232611032413,2.574839604003353,2.2531639622551087
186600,iHvKhF7Uk30Domr8uCORsSR904QSgslMQB+G+xe7JXNjm3QvGf2+VdR5gdk1mIrg,1.9893453689614609,2.6807491423849554,2.2761723205201947
186900,iHvKhF7Uk30Domr8uCORsSR904QSgslMQB+G+xe7JXNjm3QvGf2+VdR5gdk1mIrg,1.899598327456458,2.8313002709616364,2.2331315520592367
187200,iHvKhF7Uk30Domr8uCORsSR904QSgslMQB+G+xe7JXNjm3QvGf2+VdR5gdk1mIrg,1.9432939341560227,2.73817008272767,2.283101689914537
187500,iHvKhF7Uk30Domr8uCORsSR904QSgslMQB+G+xe7JXNjm3QvGf2+VdR5gdk1mIrg,1.9963816982690763,2.5901584789915097,2.2623805401464514
187800,iHvKhF7Uk30Domr8uCORsSR904QSgslMQB+G+xe7JXNjm3QvGf2+VdR5gdk1mIrg,1.9401475810212063,2.7918792548226254,2.286027348025428
188100,iHvKhF7Uk30Domr8uCORsSR904QSgslMQB+G+xe7JXNjm3QvGf2+VdR5gdk1mIrg,1.95802984447013,2.6370914026706544,2.238915755087908
188400,iHvKhF7Uk30Domr8uCORsSR904QSgslMQB+G+xe7JXNjm3QvGf2+VdR5gdk1mIrg,1.8645775614640796,2.7651362370143087,2.3040171286011004
188700,iHvKhF7Uk30Domr8uCORsSR904QSgslMQB+G+xe7JXNjm3QvGf2+VdR5gdk1mIrg,1.8226423167424264,2.5891758700829466,2.207496806172836
189000,iHvKhF7Uk30Domr8uCORsSR904QSgslMQB+G+xe7JXNjm3QvGf2+VdR5gdk1mIrg,1.7360434032051757,2.7709220976866145,2.2912219827119613
189300,iHvKhF7Uk30Domr8uCORsSR904QSgslMQB+G+xe7JXNjm3QvGf2+VdR5gdk1mIrg,1.9774740029808504,2.671646867073995,2.2137137212927067
189600,iHvKhF7Uk30Domr8uCORsSR904QSgslMQB+G+xe7JXNjm3QvGf2+VdR5gdk1mIrg,1.7956614994748967,2.7964676732648583,2.252197285943596
189900,iHvKhF7Uk30Domr8uCORsSR904QSgslMQB+G+xe7JXNjm3QvGf2+VdR5gdk1mIrg,1.9950517089267332,2.8985986324034214,2.23090264488794
190200,iHvKhF7Uk30Domr8uCORsSR904QSgslMQB+G+xe7JXNjm3QvGf2+VdR5gdk1mIrg,1.8857443125142257,2.715853960016996,2.2788838536586447
190500,iHvKhF7Uk30Domr8uCORsSR904QSgslMQB+G+xe7JXNjm3QvGf2+VdR5gdk1mIrg,1.9333669997713456,2.70531408374672,2.214341361742151
190800,iHvKhF7Uk30Domr8uCORsSR904QSgslMQB+G+xe7JXNjm3QvGf2+VdR5gdk1mIrg,1.7777186693710432,2.9017272175105093,2.33956388019459
191100,iHvKhF7Uk30Domr8uCORsSR904QSgslMQB+G+xe7JXNjm3QvGf2+VdR5gdk1mIrg,1.854994071166979,2.6670855536394704,2.2684867623820777
191400,iHvKhF7Uk30Domr8uCORsSR904QSgslMQB+G+xe7JXNjm3QvGf2+VdR5gdk1mIrg,1.8723558029943768,2.7811963983537784,2.3032298410008694
191700,iHvKhF7Uk30Domr8uCORsSR904QSgslMQB+G+xe7JXNjm3QvGf2+VdR5gdk1mIrg,1.8163063878983077,2.6587403665819607,2.2202079141409223
192000,iHvKhF7Uk30Domr8uCORsSR904QSgslMQB+G+xe7JXNjm3QvGf2+VdR5gdk1mIrg,1.8570309602108008,2.738533553743624,2.3046150920740485
192300,iHvKhF7Uk30Domr8uCORsSR904QSgslMQB+G+xe7JXNjm3QvGf2+VdR5gdk1mIrg,1.8435180360901384,2.4989946881521283,2.222647786255863
192600,iHvKhF7Uk30Domr8uCORsSR904QSgslMQB+G+xe7JXNjm3QvGf2+VdR5gdk1mIrg,1.9052648680126043,2.790237604578496,2.2835413657096963
192900,iHvKhF7Uk30Domr8uCORsSR904QSgslMQB+G+xe7JXNjm3QvGf2+VdR5gdk1mIrg,1.9434183497835693,2.7095598354465498,2.220354164624644
193200,iHvKhF7Uk30Domr8uCORsSR904QSgslMQB+G+xe7JXNjm3QvGf2+VdR5gdk1mIrg,1.8627164610362272,2.791754161936657,2.293845266902128
193500,iHvKhF7Uk30Domr8uCORsSR904QSgslMQB+G+xe7JXNjm3QvGf2+VdR5gdk1mIrg,1.8219178373958484,2.8296482772365668,2.244952783456139
193800,iHvKhF7Uk30Domr8uCORsSR904QSgslMQB+G+xe7JXNjm3QvGf2+VdR5gdk1mIrg,1.9989014919310748,2.628319921515734,2.29994462694606
194100,iHvKhF7Uk30Domr8uCORsSR904QSgslMQB+G+xe7JXNjm3QvGf2+VdR5gdk1mIrg,1.7927705435713692,3.742809038281617,2.4423491503209256
194400,iHvKhF7Uk30Domr8uCORsSR904QSgslMQB+G+xe7JXNjm3QvGf2+VdR5gdk1mIrg,1.8654163952216365,2.7793020538616213,2.287477520380791
194700,iHvKhF7Uk30Domr8uCORsSR904QSgslMQB+G+xe7JXNjm3QvGf2+VdR5gdk1mIrg,1.9892247934063252,2.779506769962464,2.2692464797179794
195000,iHvKhF7Uk30Domr8uCORsSR904QSgslMQB+G+xe7JXNjm3QvGf2+VdR5gdk1mIrg,1.881582371640535,2.907374412763198,2.3217647395770973
195300,iHvKhF7Uk30Domr8uCORsSR904QSgslMQB+G+xe7JXNjm3QvGf2+VdR5gdk1mIrg,1.973528564232203,2.8616476963844293,2.2313071177471717
195600,iHvKhF7Uk30Domr8uCORsSR904QSgslMQB+G+xe7JXNjm3QvGf2+VdR5gdk1mIrg,1.9409030938628853,2.6754357748514415,2.331702272888992
195900,iHvKhF7Uk30Domr8uCORsSR904QSgslMQB+G+xe7JXNjm3QvGf2+VdR5gdk1mIrg,1.860314718389217,2.8207311018086845,2.204496302468811
196200,iHvKhF7Uk30Domr8uCORsSR904QSgslMQB+G+xe7JXNjm3QvGf2+VdR5gdk1mIrg,1.8127310495042763,2.8337915559142375,2.3032739859063187
196500,iHvKhF7Uk30Domr8uCORsSR904QSgslMQB+G+xe7JXNjm3QvGf2+VdR5gdk1mIrg,1.87871222951212,2.792350223425183,2.292106449440957
196800,iHvKhF7Uk30Domr8uCORsSR904QSgslMQB+G+xe7JXNjm3QvGf2+VdR5gdk1mIrg,1.9592233576226288,2.962637538516065,2.313621039632552
197100,iHvKhF7Uk30Domr8uCORsSR904QSgslMQB+G+xe7JXNjm3QvGf2+VdR5gdk1mIrg,1.9547529921242024,3.8212079418610942,2.4266160293338834
197400,iHvKhF7Uk30Domr8uCORsSR904QSgslMQB+G+xe7JXNjm3QvGf2+VdR5gdk1mIrg,1.9022484346381736,2.749404630086997,2.2792126832683133
197700,iHvKhF7Uk30Domr8uCORsSR904QSgslMQB+G+xe7JXNjm3QvGf2+VdR5gdk1mIrg,1.758668785139461,2.889822248602594,2.2270957413519743
198000,iHvKhF7Uk30Domr8uCORsSR904QSgslMQB+G+xe7JXNjm3QvGf2+VdR5gdk1mIrg,2.018822469823544,24.512895365825,4.735984199385984
198300,iHvKhF7Uk30Domr8uCORsSR904QSgslMQB+G+xe7JXNjm3QvGf2+VdR5gdk1mIrg,1.837280085541948,6.364956253713101,2.665986460112977
198600,iHvKhF7Uk30Domr8uCORsSR904QSgslMQB+G+xe7JXNjm3QvGf2+VdR5gdk1mIrg,1.8858909083483812,2.902273486956524,2.2985519738393547
198900,iHvKhF7Uk30Domr8uCORsSR904QSgslMQB+G+xe7JXNjm3QvGf2+VdR5gdk1mIrg,1.7505703497069536,2.888719811389679,2.195421286457932
199200,iHvKhF7Uk30Domr8uCORsSR904QSgslMQB+G+xe7JXNjm3QvGf2+VdR5gdk1mIrg,2.0223456739699963,2.8093269805479735,2.316042114288015
199500,iHvKhF7Uk30Domr8uCORsSR904QSgslMQB+G+xe7JXNjm3QvGf2+VdR5gdk1mIrg,1.84054303194994,2.9730476322086914,2.214756197160292
199800,iHvKhF7Uk30Domr8uCORsSR904QSgslMQB+G+xe7JXNjm3QvGf2+VdR5gdk1mIrg,1.861529457804127,2.9959803401608296,2.300189650626147
200100,iHvKhF7Uk30Domr8uCORsSR904QSgslMQB+G+xe7JXNjm3QvGf2+VdR5gdk1mIrg,1.6599780125127213,2.761617011942308,2.1658375799015346
200400,iHvKhF7Uk30Domr8uCORsSR904QSgslMQB+G+xe7JXNjm3QvGf2+VdR5gdk1mIrg,1.8587649347498223,2.7492134276143463,2.3145301391563167
200700,iHvKhF7Uk30Domr8uCORsSR904QSgslMQB+G+xe7JXNjm3QvGf2+VdR5gdk1mIrg,1.8550214929308249,2.9921652881314618,2.251591750292953
201000,iHvKhF7Uk30Domr8uCORsSR904QSgslMQB+G+xe7JXNjm3QvGf2+VdR5gdk1mIrg,1.8680846082497784,2.6920145102041855,2.293506141165509
201300,iHvKhF7Uk30Domr8uCORsSR904QSgslMQB+G+xe7JXNjm3QvGf2+VdR5gdk1mIrg,1.9013932306043608,2.531013035132844,2.169072161640025
201600,iHvKhF7Uk30Domr8uCORsSR904QSgslMQB+G+xe7JXNjm3QvGf2+VdR5gdk1mIrg,1.9436307832480944,2.6783700402902584,2.294126515727958
201900,iHvKhF7Uk30Domr8uCORsSR904QSgslMQB+G+xe7JXNjm3QvGf2+VdR5gdk1mIrg,1.8969228547120305,2.5509086421068465,2.2524350832903317
202200,iHvKhF7Uk30Domr8uCORsSR904QSgslMQB+G+xe7JXNjm3QvGf2+VdR5gdk1mIrg,1.8979247912574768,2.698982133294423,2.3108696746267565
202500,iHvKhF7Uk30Domr8uCORsSR904QSgslMQB+G+xe7JXNjm3QvGf2+VdR5gdk1mIrg,1.8947818732388912,2.82869553466278,2.191279651485479
202800,iHvKhF7Uk30Domr8uCORsSR904QSgslMQB+G+xe7JXNjm3QvGf2+VdR5gdk1mIrg,1.9047844113128556,2.8214104961492565,2.2950642543054656
203100,iHvKhF7Uk30Domr8uCORsSR904QSgslMQB+G+xe7JXNjm3QvGf2+VdR5gdk1mIrg,1.9469453417543123,2.635663877077036,2.199009059827232
203400,iHvKhF7Uk30Domr8uCORsSR904QSgslMQB+G+xe7JXNjm3QvGf2+VdR5gdk1mIrg,1.9185652502127508,2.639657193367076,2.2810465255129477
203700,iHvKhF7Uk30Domr8uCORsSR904QSgslMQB+G+xe7JXNjm3QvGf2+VdR5gdk1mIrg,1.854352216543492,2.4542351100634128,2.1985125761157467
204000,iHvKhF7Uk30Domr8uCORsSR904QSgslMQB+G+xe7JXNjm3QvGf2+VdR5gdk1mIrg,2.0261973433515608,2.663356255614905,2.3315153909990767
204300,iHvKhF7Uk30Domr8uCORsSR904QSgslMQB+G+xe7JXNjm3QvGf2+VdR5gdk1mIrg,1.8869271603405144,2.7318525349446388,2.2023139827584246
204600,iHvKhF7Uk30Domr8uCORsSR904QSgslMQB+G+xe7JXNjm3QvGf2+VdR5gdk1mIrg,1.852174637555128,2.847624365479019,2.253108685577966
204900,iHvKhF7Uk30Domr8uCORsSR904QSgslMQB+G+xe7JXNjm3QvGf2+VdR5gdk1mIrg,1.7330570243304315,2.6579586203053656,2.2212814821956255
205200,iHvKhF7Uk30Domr8uCORsSR904QSgslMQB+G+xe7JXNjm3QvGf2+VdR5gdk1mIrg,1.8801357708110755,2.903591590776162,2.3061473634911893
205500,iHvKhF7Uk30Domr8uCORsSR904QSgslMQB+G+xe7JXNjm3QvGf2+VdR5gdk1mIrg,1.9127301064562725,2.8416038330787727,2.2337407309815016
205800,iHvKhF7Uk30Domr8uCORsSR904QSgslMQB+G+xe7JXNjm3QvGf2+VdR5gdk1mIrg,1.9064821210144869,2.8655785908409324,2.290806804227651
206100,iHvKhF7Uk30Domr8uCORsSR904QSgslMQB+G+xe7JXNjm3QvGf2+VdR5gdk1mIrg,1.8967295395961845,2.634251057777485,2.185780983453231
206400,iHvKhF7Uk30Domr8uCORsSR904QSgslMQB+G+xe7JXNjm3QvGf2+VdR5gdk1mIrg,1.9788956076971744,2.7166162320780787,2.324327372198124
206700,iHvKhF7Uk30Domr8uCORsSR904QSgslMQB+G+xe7JXNjm3QvGf2+VdR5gdk1mIrg,1.8110896627526545,2.6880763149146345,2.20963136663033
207000,iHvKhF7Uk30Domr8uCORsSR904QSgslMQB+G+xe7JXNjm3QvGf2+VdR5gdk1mIrg,1.853963246662724,2.751541711927034,2.277103666234692
207300,iHvKhF7Uk30Domr8uCORsSR904QSgslMQB+G+xe7JXNjm3QvGf2+VdR5gdk1mIrg,1.881189420162972,2.588355798790347,2.166818814320913
207600,iHvKhF7Uk30Domr8uCORsSR904QSgslMQB+G+xe7JXNjm3QvGf2+VdR5gdk1mIrg,1.9381313714643968,2.768280687287472,2.2932098075568588
207900,iHvKhF7Uk30Domr8uCORsSR904QSgslMQB+G+xe7JXNjm3QvGf2+VdR5gdk1mIrg,1.8817860016261736,2.785877365373431,2.1941134665951694
208200,iHvKhF7Uk30Domr8uCORsSR904QSgslMQB+G+xe7JXNjm3QvGf2+VdR5gdk1mIrg,1.8729871150960369,2.699686785792203,2.2897614611702166
208500,iHvKhF7Uk30Domr8uCORsSR904QSgslMQB+G+xe7JXNjm3QvGf2+VdR5gdk1mIrg,1.890240334191016,2.728069300469932,2.2047250714779567
208800,iHvKhF7Uk30Domr8uCORsSR904QSgslMQB+G+xe7JXNjm3QvGf2+VdR5gdk1mIrg,1.9586711934607128,2.7079271755661924,2.294815279786879
209100,iHvKhF7Uk30Domr8uCORsSR904QSgslMQB+G+xe7JXNjm3QvGf2+VdR5gdk1mIrg,1.7581614717306338,2.5654276414800647,2.2299944105733864
209400,iHvKhF7Uk30Domr8uCORsSR904QSgslMQB+G+xe7JXNjm3QvGf2+VdR5gdk1mIrg,1.9442957942128865,2.8670606670120886,2.2998655368579426
209700,iHvKhF7Uk30Domr8uCORsSR904QSgslMQB+G+xe7JXNjm3QvGf2+VdR5gdk1mIrg,1.8745748836701144,2.5694695128591447,2.209872501611724
210000,iHvKhF7Uk30Domr8uCORsSR904QSgslMQB+G+xe7JXNjm3QvGf2+VdR5gdk1mIrg,1.9628130939373936,2.8272340761932937,2.3147357334028458
210300,iHvKhF7Uk30Domr8uCORsSR904QSgslMQB+G+xe7JXNjm3QvGf2+VdR5gdk1mIrg,1.8275971599234588,2.8819506153076446,2.2535539261190167
210600,iHvKhF7Uk30Domr8uCORsSR904QSgslMQB+G+xe7JXNjm3QvGf2+VdR5gdk1mIrg,1.8868189045468484,2.8996293278997007,2.2810198422258745
210900,iHvKhF7Uk30Domr8uCORsSR904QSgslMQB+G+xe7JXNjm3QvGf2+VdR5gdk1mIrg,1.6509035789417548,2.8438295344515314,2.1660028579583708
211200,iHvKhF7Uk30Domr8uCORsSR904QSgslMQB+G+xe7JXNjm3QvGf2+VdR5gdk1mIrg,1.8347188925803628,2.771517709992027,2.3102811741470375
211500,iHvKhF7Uk30Domr8uCORsSR904QSgslMQB+G+xe7JXNjm3QvGf2+VdR5gdk1mIrg,1.9494029618511928,3.202637674002726,2.278294950899391
211800,iHvKhF7Uk30Domr8uCORsSR904QSgslMQB+G+xe7JXNjm3QvGf2+VdR5gdk1mIrg,1.9456707073707928,2.915318562397329,2.3117712238834995
212100,iHvKhF7Uk30Domr8uCORsSR904QSgslMQB+G+xe7JXNjm3QvGf2+VdR5gdk1mIrg,1.9493336802867285,2.9679616015233328,2.2500614263501166
212400,iHvKhF7Uk30Domr8uCORsSR904QSgslMQB+G+xe7JXNjm3QvGf2+VdR5gdk1mIrg,1.9202523256491009,2.840363370694325,2.341748241844204
212700,iHvKhF7Uk30Domr8uCORsSR904QSgslMQB+G+xe7JXNjm3QvGf2+VdR5gdk1mIrg,1.9584087991676336,2.761597752825962,2.28388979653415
213000,iHvKhF7Uk30Domr8uCORsSR904QSgslMQB+G+xe7JXNjm3QvGf2+VdR5gdk1mIrg,1.8399020107635369,3.099909279681041,2.3089689513133904
213300,iHvKhF7Uk30Domr8uCORsSR904QSgslMQB+G+xe7JXNjm3QvGf2+VdR5gdk1mIrg,1.9625475274107709,2.699808182368883,2.228136600544512
213600,iHvKhF7Uk30Domr8uCORsSR904QSgslMQB+G+xe7JXNjm3QvGf2+VdR5gdk1mIrg,1.9363840712764016,3.1778422033373293,2.328335805283622
213900,iHvKhF7Uk30Domr8uCORsSR904QSgslMQB+G+xe7JXNjm3QvGf2+VdR5gdk1mIrg,1.9224914784701996,2.75530448422395,2.227074050512466
214200,iHvKhF7Uk30Domr8uCORsSR904QSgslMQB+G+xe7JXNjm3QvGf2+VdR5gdk1mIrg,2.0014706650205367,3.0995012213092084,2.2881048998045617
214500,iHvKhF7Uk30Domr8uCORsSR904QSgslMQB+G+xe7JXNjm3QvGf2+VdR5gdk1mIrg,1.8692011464885965,2.819721273933935,2.2174241015306837
214800,iHvKhF7Uk30Domr8uCORsSR904QSgslMQB+G+xe7JXNjm3QvGf2+VdR5gdk1mIrg,1.9169938197028449,2.919687286728424,2.336106692901253
215100,iHvKhF7Uk30Domr8uCORsSR904QSgslMQB+G+xe7JXNjm3QvGf2+VdR5gdk1mIrg,1.9892301888499624,2.6782258809518904,2.236941954590824
215400,iHvKhF7Uk30Domr8uCORsSR904QSgslMQB+G+xe7JXNjm3QvGf2+VdR5gdk1mIrg,1.8368785229603164,2.852756391067144,2.3073115003235856
215700,iHvKhF7Uk30Domr8uCORsSR904QSgslMQB+G+xe7JXNjm3QvGf2+VdR5gdk1mIrg,1.93375116006997,2.659615650083776,2.2165792168692224
216000,iHvKhF7Uk30Domr8uCORsSR904QSgslMQB+G+xe7JXNjm3QvGf2+VdR5gdk1mIrg,1.8521319455268812,2.7881605792840407,2.2915638705188
216300,iHvKhF7Uk30Domr8uCORsSR904QSgslMQB+G+xe7JXNjm3QvGf2+VdR5gdk1mIrg,1.7763066082559091,2.679545943788912,2.269701505411761
216600,iHvKhF7Uk30Domr8uCORsSR904QSgslMQB+G+xe7JXNjm3QvGf2+VdR5gdk1mIrg,1.88166817766672,2.6654987122168903,2.259517542756303
216900,iHvKhF7Uk30Domr8uCORsSR904QSgslMQB+G+xe7JXNjm3QvGf2+VdR5gdk1mIrg,1.8731700659353243,2.8399166705526597,2.223554706637939
217200,iHvKhF7Uk30Domr8uCORsSR904QSgslMQB+G+xe7JXNjm3QvGf2+VdR5gdk1mIrg,1.7893609704120004,3.0503769615890097,2.2927150622957546
217500,iHvKhF7Uk30Domr8uCORsSR904QSgslMQB+G+xe7JXNjm3QvGf2+VdR5gdk1mIrg,1.8971166378872657,2.723035770462289,2.232058166661006
217800,iHvKhF7Uk30Domr8uCORsSR904QSgslMQB+G+xe7JXNjm3QvGf2+VdR5gdk1mIrg,1.9886143376712735,8.225184982282542,2.8264702726249453
218100,iHvKhF7Uk30Domr8uCORsSR904QSgslMQB+G+xe7JXNjm3QvGf2+VdR5gdk1mIrg,1.875408088059168,2.65466637760088,2.185356551693968
218400,iHvKhF7Uk30Domr8uCORsSR904QSgslMQB+G+xe7JXNjm3QvGf2+VdR5gdk1mIrg,1.9321839188942809,2.817256970204665,2.314528535234888
218700,iHvKhF7Uk30Domr8uCORsSR904QSgslMQB+G+xe7JXNjm3QvGf2+VdR5gdk1mIrg,1.937322737827449,2.688399247744501,2.1745998432373415
219000,iHvKhF7Uk30Domr8uCORsSR904QSgslMQB+G+xe7JXNjm3QvGf2+VdR5gdk1mIrg,1.8251319007231728,2.839718846003339,2.3174880327944645
219300,iHvKhF7Uk30Domr8uCORsSR904QSgslMQB+G+xe7JXNjm3QvGf2+VdR5gdk1mIrg,1.8488946232670864,2.7068015594887767,2.1980021928161664
219600,iHvKhF7Uk30Domr8uCORsSR904QSgslMQB+G+xe7JXNjm3QvGf2+VdR5gdk1mIrg,1.8925439811138096,2.8104123893879467,2.318173084704074
219900,iHvKhF7Uk30Domr8uCORsSR904QSgslMQB+G+xe7JXNjm3QvGf2+VdR5gdk1mIrg,1.948773505940312,2.754568981157125,2.2738190961305147
220200,iHvKhF7Uk30Domr8uCORsSR904QSgslMQB+G+xe7JXNjm3QvGf2+VdR5gdk1mIrg,1.933395684302453,3.088040810787811,2.3069972959364824
220500,iHvKhF7Uk30Domr8uCORsSR904QSgslMQB+G+xe7JXNjm3QvGf2+VdR5gdk1mIrg,1.931576026734185,2.7976332123130927,2.2084703113445205
220800,iHvKhF7Uk30Domr8uCORsSR904QSgslMQB+G+xe7JXNjm3QvGf2+VdR5gdk1mIrg,2.021614317059557,3.0299581691754893,2.305624278381131
221100,iHvKhF7Uk30Domr8uCORsSR904QSgslMQB+G+xe7JXNjm3QvGf2+VdR5gdk1mIrg,1.9645375218327024,2.7894442343553374,2.2534654175633366
221400,iHvKhF7Uk30Domr8uCORsSR904QSgslMQB+G+xe7JXNjm3QvGf2+VdR5gdk1mIrg,1.895541680849308,3.1038396559163983,2.2983579597107253
221700,iHvKhF7Uk30Domr8uCORsSR904QSgslMQB+G+xe7JXNjm3QvGf2+VdR5gdk1mIrg,1.8411405207607487,2.662677721491411,2.183025880119186
222000,iHvKhF7Uk30Domr8uCORsSR904QSgslMQB+G+xe7JXNjm3QvGf2+VdR5gdk1mIrg,2.0164326610870966,3.232598055746184,2.3288812080533283
222300,iHvKhF7Uk30Domr8uCORsSR904QSgslMQB+G+xe7JXNjm3QvGf2+VdR5gdk1mIrg,1.927121212500455,2.739466446718932,2.234384087699665
222600,iHvKhF7Uk30Domr8uCORsSR904QSgslMQB+G+xe7JXNjm3QvGf2+VdR5gdk1mIrg,1.7962903876121503,3.27242049612722,2.2875702130564286
222900,iHvKhF7Uk30Domr8uCORsSR904QSgslMQB+G+xe7JXNjm3QvGf2+VdR5gdk1mIrg,1.9494523003303448,2.6087803648625134,2.2086126041332417
223200,iHvKhF7Uk30Domr8uCORsSR904QSgslMQB+G+xe7JXNjm3QvGf2+VdR5gdk1mIrg,1.950607496322394,2.9638866491676583,2.30788508847036
223500,iHvKhF7Uk30Domr8uCORsSR904QSgslMQB+G+xe7JXNjm3QvGf2+VdR5gdk1mIrg,2.0408000181354256,2.7363522188356626,2.272145773927803
223800,iHvKhF7Uk30Domr8uCORsSR904QSgslMQB+G+xe7JXNjm3QvGf2+VdR5gdk1mIrg,1.766194400054208,3.173422245741945,2.3098872951797587
224100,iHvKhF7Uk30Domr8uCORsSR904QSgslMQB+G+xe7JXNjm3QvGf2+VdR5gdk1mIrg,1.746372347362404,2.7029234939565807,2.208439814927619
224400,iHvKhF7Uk30Domr8uCORsSR904QSgslMQB+G+xe7JXNjm3QvGf2+VdR5gdk1mIrg,1.9617801897871765,3.2075050364257782,2.3184186405653757
224700,iHvKhF7Uk30Domr8uCORsSR904QSgslMQB+G+xe7JXNjm3QvGf2+VdR5gdk1mIrg,1.6338251612915575,2.6923310089683508,2.2168713059135214
225000,iHvKhF7Uk30Domr8uCORsSR904QSgslMQB+G+xe7JXNjm3QvGf2+VdR5gdk1mIrg,1.852093471027936,2.9710229164390087,2.269100494069079
225300,iHvKhF7Uk30Domr8uCORsSR904QSgslMQB+G+xe7JXNjm3QvGf2+VdR5gdk1mIrg,1.87198268588606,2.645943773290159,2.1835579041685613
225600,iHvKhF7Uk30Domr8uCORsSR904QSgslMQB+G+xe7JXNjm3QvGf2+VdR5gdk1mIrg,1.9553743907374292,3.1983032420166704,2.2800332010263573
225900,iHvKhF7Uk30Domr8uCORsSR904QSgslMQB+G+xe7JXNjm3QvGf2+VdR5gdk1mIrg,2.041577489714165,2.623908034786351,2.268060576396109
226200,iHvKhF7Uk30Domr8uCORsSR904QSgslMQB+G+xe7JXNjm3QvGf2+VdR5gdk1mIrg,1.9677725218340552,3.153836564064262,2.2820545111087727
226500,iHvKhF7Uk30Domr8uCORsSR904QSgslMQB+G+xe7JXNjm3QvGf2+VdR5gdk1mIrg,1.9366071432947412,2.6210009466467072,2.2205685734943335
226800,iHvKhF7Uk30Domr8uCORsSR904QSgslMQB+G+xe7JXNjm3QvGf2+VdR5gdk1mIrg,1.8768667969673791,23.701178506159792,3.8752162839353943
227100,iHvKhF7Uk30Domr8uCORsSR904QSgslMQB+G+xe7JXNjm3QvGf2+VdR5gdk1mIrg,1.954885968318788,7.822391282450279,3.396676363140257
227400,iHvKhF7Uk30Domr8uCORsSR904QSgslMQB+G+xe7JXNjm3QvGf2+VdR5gdk1mIrg,1.8727269876230337,2.939325335136957,2.2957152287847817
227700,iHvKhF7Uk30Domr8uCORsSR904QSgslMQB+G+xe7JXNjm3QvGf2+VdR5gdk1mIrg,2.0298080238941254,2.6771234219414346,2.2369084076903123
228000,iHvKhF7Uk30Domr8uCORsSR904QSgslMQB+G+xe7JXNjm3QvGf2+VdR5gdk1mIrg,2.021839354728771,3.0892873096273927,2.304566624370828
228300,iHvKhF7Uk30Domr8uCORsSR904QSgslMQB+G+xe7JXNjm3QvGf2+VdR5gdk1mIrg,1.8333150437188563,3.0225985379460747,2.2359296634108774
228600,iHvKhF7Uk30Domr8uCORsSR904QSgslMQB+G+xe7JXNjm3QvGf2+VdR5gdk1mIrg,1.9005329413273,2.9129770624905262,2.2774202582705163
228900,iHvKhF7Uk30Domr8uCORsSR904QSgslMQB+G+xe7JXNjm3QvGf2+VdR5gdk1mIrg,1.9457198765575203,2.622683158606665,2.217882704335344
229200,iHvKhF7Uk30Domr8uCORsSR904QSgslMQB+G+xe7JXNjm3QvGf2+VdR5gdk1mIrg,1.9135175625634029,3.14935981289946,2.293417746699824
229500,iHvKhF7Uk30Domr8uCORsSR904QSgslMQB+G+xe7JXNjm3QvGf2+VdR5gdk1mIrg,1.8706534143050704,2.9399938993705934,2.240310504746019
229800,iHvKhF7Uk30Domr8uCORsSR904QSgslMQB+G+xe7JXNjm3QvGf2+VdR5gdk1mIrg,1.8634501678545297,3.0247663476694195,2.276041779225097
230100,iHvKhF7Uk30Domr8uCORsSR904QSgslMQB+G+xe7JXNjm3QvGf2+VdR5gdk1mIrg,1.8004690834951314,2.664709745755408,2.179811844060072
230400,iHvKhF7Uk30Domr8uCORsSR904QSgslMQB+G+xe7JXNjm3QvGf2+VdR5gdk1mIrg,1.811083967092876,3.027898470164564,2.301013858254525
230700,iHvKhF7Uk30Domr8uCORsSR904QSgslMQB+G+xe7JXNjm3QvGf2+VdR5gdk1mIrg,1.9163076932556515,2.6959666274898724,2.273726947488949
231000,iHvKhF7Uk30Domr8uCORsSR904QSgslMQB+G+xe7JXNjm3QvGf2+VdR5gdk1mIrg,1.917822448368056,3.1851229657510047,2.3301149565806734
231300,iHvKhF7Uk30Domr8uCORsSR904QSgslMQB+G+xe7JXNjm3QvGf2+VdR5gdk1mIrg,2.003604221057088,2.778202977753895,2.3331614674674874
231600,iHvKhF7Uk30Domr8uCORsSR904QSgslMQB+G+xe7JXNjm3QvGf2+VdR5gdk1mIrg,1.943962607157268,3.0343241283013453,2.302429872192425
231900,iHvKhF7Uk30Domr8uCORsSR904QSgslMQB+G+xe7JXNjm3QvGf2+VdR5gdk1mIrg,1.965558250028816,2.870161219695405,2.2597498534521794
232200,iHvKhF7Uk30Domr8uCORsSR904QSgslMQB+G+xe7JXNjm3QvGf2+VdR5gdk1mIrg,1.756956616893076,3.125169400932708,2.3036956438435494
232500,iHvKhF7Uk30Domr8uCORsSR904QSgslMQB+G+xe7JXNjm3QvGf2+VdR5gdk1mIrg,1.9144007726079064,2.718694393714008,2.2393159571999184
232800,iHvKhF7Uk30Domr8uCORsSR904QSgslMQB+G+xe7JXNjm3QvGf2+VdR5gdk1mIrg,1.8729610124734848,2.8991526095142155,2.2881463754156672
233100,iHvKhF7Uk30Domr8uCORsSR904QSgslMQB+G+xe7JXNjm3QvGf2+VdR5gdk1mIrg,2.00893907946178,2.680645330887936,2.2387838627338508
233400,iHvKhF7Uk30Domr8uCORsSR904QSgslMQB+G+xe7JXNjm3QvGf2+VdR5gdk1mIrg,1.977543624098568,3.112234250308748,2.2939728260385275
233700,iHvKhF7Uk30Domr8uCORsSR904QSgslMQB+G+xe7JXNjm3QvGf2+VdR5gdk1mIrg,1.8410125426121169,2.598164584835146,2.204928409297204
234000,iHvKhF7Uk30Domr8uCORsSR904QSgslMQB+G+xe7JXNjm3QvGf2+VdR5gdk1mIrg,1.939394094098,3.040883675210364,2.3049566504903485
234300,iHvKhF7Uk30Domr8uCORsSR904QSgslMQB+G+xe7JXNjm3QvGf2+VdR5gdk1mIrg,1.828694539138717,2.676701395943253,2.227866833358134
234600,iHvKhF7Uk30Domr8uCORsSR904QSgslMQB+G+xe7JXNjm3QvGf2+VdR5gdk1mIrg,2.0235884073576678,3.0904738795582123,2.294344821111788
234900,iHvKhF7Uk30Domr8uCORsSR904QSgslMQB+G+xe7JXNjm3QvGf2+VdR5gdk1mIrg,2.0237315638249678,2.5759905686188027,2.2419525513287755
235200,iHvKhF7Uk30Domr8uCORsSR904QSgslMQB+G+xe7JXNjm3QvGf2+VdR5gdk1mIrg,1.9821753998135008,2.936047173907285,2.299056307564396
235500,iHvKhF7Uk30Domr8uCORsSR904QSgslMQB+G+xe7JXNjm3QvGf2+VdR5gdk1mIrg,1.6749123201225045,2.6936383121277068,2.267529369047215
235800,iHvKhF7Uk30Domr8uCORsSR904QSgslMQB+G+xe7JXNjm3QvGf2+VdR5gdk1mIrg,1.8547605287112336,3.205326186155068,2.2903920752848164
236100,iHvKhF7Uk30Domr8uCORsSR904QSgslMQB+G+xe7JXNjm3QvGf2+VdR5gdk1mIrg,1.8542610895786704,2.556024077612471,2.1881219787154027
236400,iHvKhF7Uk30Domr8uCORsSR904QSgslMQB+G+xe7JXNjm3QvGf2+VdR5gdk1mIrg,1.8876233002975185,3.07657205976615,2.2869516912264114
236700,iHvKhF7Uk30Domr8uCORsSR904QSgslMQB+G+xe7JXNjm3QvGf2+VdR5gdk1mIrg,1.9345821830947227,2.523072896134536,2.230031992643457
237000,iHvKhF7Uk30Domr8uCORsSR904QSgslMQB+G+xe7JXNjm3QvGf2+VdR5gdk1mIrg,1.926739904858545,3.1970186547016484,2.2967947306202103
237300,iHvKhF7Uk30Domr8uCORsSR904QSgslMQB+G+xe7JXNjm3QvGf2+VdR5gdk1mIrg,1.933784347043723,2.609332386497781,2.239370677561161
237600,iHvKhF7Uk30Domr8uCORsSR904QSgslMQB+G+xe7JXNjm3QvGf2+VdR5gdk1mIrg,2.028146112263083,2.9465460991815515,2.304853522657111
237900,iHvKhF7Uk30Domr8uCORsSR904QSgslMQB+G+xe7JXNjm3QvGf2+VdR5gdk1mIrg,1.9067803072031555,2.8466447740991807,2.2729047764107246
238200,iHvKhF7Uk30Domr8uCORsSR904QSgslMQB+G+xe7JXNjm3QvGf2+VdR5gdk1mIrg,1.990512566212778,2.7491761254047136,2.316211727511333
238500,iHvKhF7Uk30Domr8uCORsSR904QSgslMQB+G+xe7JXNjm3QvGf2+VdR5gdk1mIrg,1.8156358641318808,2.7546756398879126,2.2119307448338987
238800,iHvKhF7Uk30Domr8uCORsSR904QSgslMQB+G+xe7JXNjm3QvGf2+VdR5gdk1mIrg,1.9583306321914653,2.9411124261273165,2.283994884953299
239100,iHvKhF7Uk30Domr8uCORsSR904QSgslMQB+G+xe7JXNjm3QvGf2+VdR5gdk1mIrg,1.7831244517248612,2.695496893843156,2.20288585852832
239400,iHvKhF7Uk30Domr8uCORsSR904QSgslMQB+G+xe7JXNjm3QvGf2+VdR5gdk1mIrg,2.0633957419694946,2.670274320071611,2.3122767980269403
239700,iHvKhF7Uk30Domr8uCORsSR904QSgslMQB+G+xe7JXNjm3QvGf2+VdR5gdk1mIrg,1.9236249292771104,2.6791390458632183,2.2065732515380287
240000,iHvKhF7Uk30Domr8uCORsSR904QSgslMQB+G+xe7JXNjm3QvGf2+VdR5gdk1mIrg,1.999019274339536,2.801178615692432,2.344475654352409
240300,iHvKhF7Uk30Domr8uCORsSR904QSgslMQB+G+xe7JXNjm3QvGf2+VdR5gdk1mIrg,1.9847696587058217,4.0093661682112085,2.432552961869118
240600,iHvKhF7Uk30Domr8uCORsSR904QSgslMQB+G+xe7JXNjm3QvGf2+VdR5gdk1mIrg,1.9490551168227943,2.7026218920844904,2.302155165600434
240900,iHvKhF7Uk30Domr8uCORsSR904QSgslMQB+G+xe7JXNjm3QvGf2+VdR5gdk1mIrg,1.9031952230908988,2.7240570855791133,2.2035079501358346
241200,iHvKhF7Uk30Domr8uCORsSR904QSgslMQB+G+xe7JXNjm3QvGf2+VdR5gdk1mIrg,1.9285126874823768,2.938833804572118,2.311379032864834
241500,iHvKhF7Uk30Domr8uCORsSR904QSgslMQB+G+xe7JXNjm3QvGf2+VdR5gdk1mIrg,1.8660397731742264,2.6341078520286016,2.231745196645521
241800,iHvKhF7Uk30Domr8uCORsSR904QSgslMQB+G+xe7JXNjm3QvGf2+VdR5gdk1mIrg,1.917390431298006,2.772467365175649,2.3075256602709677
242100,iHvKhF7Uk30Domr8uCORsSR904QSgslMQB+G+xe7JXNjm3QvGf2+VdR5gdk1mIrg,2.0239047402690185,2.5784851188218854,2.2150994341279
242400,iHvKhF7Uk30Domr8uCORsSR904QSgslMQB+G+xe7JXNjm3QvGf2+VdR5gdk1mIrg,1.93317366131993,2.874084835641064,2.278011831193464
242700,iHvKhF7Uk30Domr8uCORsSR904QSgslMQB+G+xe7JXNjm3QvGf2+VdR5gdk1mIrg,1.9313035086641817,2.606017312978628,2.224089601856479
243000,iHvKhF7Uk30Domr8uCORsSR904QSgslMQB+G+xe7JXNjm3QvGf2+VdR5gdk1mIrg,1.907841722893404,2.9461379673857646,2.251541264306615
243300,iHvKhF7Uk30Domr8uCORsSR904QSgslMQB+G+xe7JXNjm3QvGf2+VdR5gdk1mIrg,1.8522639743216769,2.731391713423216,2.185724203361072
243600,iHvKhF7Uk30Domr8uCORsSR904QSgslMQB+G+xe7JXNjm3QvGf2+VdR5gdk1mIrg,1.9975983793310312,3.04987483965445,2.311926772441105
243900,iHvKhF7Uk30Domr8uCORsSR904QSgslMQB+G+xe7JXNjm3QvGf2+VdR5gdk1mIrg,1.7752039113193274,2.618637115446995,2.2397353333916774
244200,iHvKhF7Uk30Domr8uCORsSR904QSgslMQB+G+xe7JXNjm3QvGf2+VdR5gdk1mIrg,1.946223007533508,3.060761413977575,2.2867628231045174
244500,iHvKhF7Uk30Domr8uCORsSR904QSgslMQB+G+xe7JXNjm3QvGf2+VdR5gdk1mIrg,1.935041396789787,2.586994865934924,2.19167984960079
244800,iHvKhF7Uk30Domr8uCORsSR904QSgslMQB+G+xe7JXNjm3QvGf2+VdR5gdk1mIrg,1.942316426020651,2.902377751303652,2.2888739213819838
245100,iHvKhF7Uk30Domr8uCORsSR904QSgslMQB+G+xe7JXNjm3QvGf2+VdR5gdk1mIrg,2.0312592483690888,2.6288992564563163,2.254739658539085
245400,iHvKhF7Uk30Domr8uCORsSR904QSgslMQB+G+xe7JXNjm3QvGf2+VdR5gdk1mIrg,2.0428886357805784,3.0050497747316567,2.3052886864788675
245700,iHvKhF7Uk30Domr8uCORsSR904QSgslMQB+G+xe7JXNjm3QvGf2+VdR5gdk1mIrg,1.928911451811257,2.613863758361544,2.2192316027402925
246000,iHvKhF7Uk30Domr8uCORsSR904QSgslMQB+G+xe7JXNjm3QvGf2+VdR5gdk1mIrg,1.9907371874226192,2.8457758564372546,2.2885061238677125
246300,iHvKhF7Uk30Domr8uCORsSR904QSgslMQB+G+xe7JXNjm3QvGf2+VdR5gdk1mIrg,2.020874195047752,2.6722990239448934,2.2193899733969893
246600,iHvKhF7Uk30Domr8uCORsSR904QSgslMQB+G+xe7JXNjm3QvGf2+VdR5gdk1mIrg,1.854469806070848,2.6987513350377754,2.211245908600444
246900,iHvKhF7Uk30Domr8uCORsSR904QSgslMQB+G+xe7JXNjm3QvGf2+VdR5gdk1mIrg,1.5400379095381207,2.3300135669433346,1.8756088913972395
247200,iHvKhF7Uk30Domr8uCORsSR904QSgslMQB+G+xe7JXNjm3QvGf2+VdR5gdk1mIrg,1.697122678423934,2.4691853558019194,1.969730274003444
247500,iHvKhF7Uk30Domr8uCORsSR904QSgslMQB+G+xe7JXNjm3QvGf2+VdR5gdk1mIrg,1.6886506667365322,2.55851380999246,1.9356189154744523
247800,iHvKhF7Uk30Domr8uCORsSR904QSgslMQB+G+xe7JXNjm3QvGf2+VdR5gdk1mIrg,1.6450521006114909,2.3558325056556777,1.939154423766038
248100,iHvKhF7Uk30Domr8uCORsSR904QSgslMQB+G+xe7JXNjm3QvGf2+VdR5gdk1mIrg,1.6905397584909394,2.746844828507814,2.1333130914708094
248400,iHvKhF7Uk30Domr8uCORsSR904QSgslMQB+G+xe7JXNjm3QvGf2+VdR5gdk1mIrg,1.9214900677517897,3.0811071164899086,2.3241195804787846
248700,iHvKhF7Uk30Domr8uCORsSR904QSgslMQB+G+xe7JXNjm3QvGf2+VdR5gdk1mIrg,1.89615459537624,3.12423241656697,2.236493229099513
249000,iHvKhF7Uk30Domr8uCORsSR904QSgslMQB+G+xe7JXNjm3QvGf2+VdR5gdk1mIrg,1.990037346596688,2.8320578707096007,2.282359515124192
249300,iHvKhF7Uk30Domr8uCORsSR904QSgslMQB+G+xe7JXNjm3QvGf2+VdR5gdk1mIrg,1.8926411806468637,2.7447522735862795,2.1966675884617066
249600,iHvKhF7Uk30Domr8uCORsSR904QSgslMQB+G+xe7JXNjm3QvGf2+VdR5gdk1mIrg,1.8998336101652864,2.7979025678158123,2.272723977505579
249900,iHvKhF7Uk30Domr8uCORsSR904QSgslMQB+G+xe7JXNjm3QvGf2+VdR5gdk1mIrg,1.932425327076844,2.940699488166564,2.236005054553686
250200,iHvKhF7Uk30Domr8uCORsSR904QSgslMQB+G+xe7JXNjm3QvGf2+VdR5gdk1mIrg,1.9165467418813331,2.7450277285760687,2.2636919220467613
250500,iHvKhF7Uk30Domr8uCORsSR904QSgslMQB+G+xe7JXNjm3QvGf2+VdR5gdk1mIrg,1.927269623660026,2.785307851009193,2.213036357670035
250800,iHvKhF7Uk30Domr8uCORsSR904QSgslMQB+G+xe7JXNjm3QvGf2+VdR5gdk1mIrg,1.9017309572304688,2.733148352081592,2.2986677406563008
251100,iHvKhF7Uk30Domr8uCORsSR904QSgslMQB+G+xe7JXNjm3QvGf2+VdR5gdk1mIrg,1.9615465299671948,2.849102386657323,2.2284640795092887
251400,iHvKhF7Uk30Domr8uCORsSR904QSgslMQB+G+xe7JXNjm3QvGf2+VdR5gdk1mIrg,1.9844039827641584,2.759518260244384,2.2734355699761637
251700,iHvKhF7Uk30Domr8uCORsSR904QSgslMQB+G+xe7JXNjm3QvGf2+VdR5gdk1mIrg,1.7965241542488326,2.696029506295024,2.198408083747318
252000,iHvKhF7Uk30Domr8uCORsSR904QSgslMQB+G+xe7JXNjm3QvGf2+VdR5gdk1mIrg,1.964916049588181,2.951134298294111,2.322651215597416
252300,iHvKhF7Uk30Domr8uCORsSR904QSgslMQB+G+xe7JXNjm3QvGf2+VdR5gdk1mIrg,2.019274634542276,3.025813442304408,2.265136913829444
252600,iHvKhF7Uk30Domr8uCORsSR904QSgslMQB+G+xe7JXNjm3QvGf2+VdR5gdk1mIrg,1.978522594684898,2.693515250410008,2.3009845287637902
252900,iHvKhF7Uk30Domr8uCORsSR904QSgslMQB+G+xe7JXNjm3QvGf2+VdR5gdk1mIrg,1.8949758152179743,2.614143327429216,2.227308071580007
253200,iHvKhF7Uk30Domr8uCORsSR904QSgslMQB+G+xe7JXNjm3QvGf2+VdR5gdk1mIrg,1.9557876621014212,2.6111811682105524,2.3163024938482843
253500,iHvKhF7Uk30Domr8uCORsSR904QSgslMQB+G+xe7JXNjm3QvGf2+VdR5gdk1mIrg,1.963856076044812,2.637083436222313,2.2151316477924405
253800,iHvKhF7Uk30Domr8uCORsSR904QSgslMQB+G+xe7JXNjm3QvGf2+VdR5gdk1mIrg,2.008157575763919,2.889228981793233,2.284660269234704
254100,iHvKhF7Uk30Domr8uCORsSR904QSgslMQB+G+xe7JXNjm3QvGf2+VdR5gdk1mIrg,1.8840763253405173,2.8198990213575126,2.196409390273495
254400,iHvKhF7Uk30Domr8uCORsSR904QSgslMQB+G+xe7JXNjm3QvGf2+VdR5gdk1mIrg,1.892129025586252,2.9954215089959786,2.27327830342857
254700,iHvKhF7Uk30Domr8uCORsSR904QSgslMQB+G+xe7JXNjm3QvGf2+VdR5gdk1mIrg,2.025638845701068,2.903392931950288,2.295047681655067
255000,iHvKhF7Uk30Domr8uCORsSR904QSgslMQB+G+xe7JXNjm3QvGf2+VdR5gdk1mIrg,1.88698008331034,3.011009800165505,2.3401841737939595
255300,iHvKhF7Uk30Domr8uCORsSR904QSgslMQB+G+xe7JXNjm3QvGf2+VdR5gdk1mIrg,2.00003562186206,5.765320352404859,2.686994225550311
255600,iHvKhF7Uk30Domr8uCORsSR904QSgslMQB+G+xe7JXNjm3QvGf2+VdR5gdk1mIrg,1.9058821402742712,22.622854394727483,3.896390643133163
255900,iHvKhF7Uk30Domr8uCORsSR904QSgslMQB+G+xe7JXNjm3QvGf2+VdR5gdk1mIrg,1.986388758543024,7.482496146555572,3.422668582071459
256200,iHvKhF7Uk30Domr8uCORsSR904QSgslMQB+G+xe7JXNjm3QvGf2+VdR5gdk1mIrg,1.9442199640150848,2.8992643787801664,2.2914515063171037
256500,iHvKhF7Uk30Domr8uCORsSR904QSgslMQB+G+xe7JXNjm3QvGf2+VdR5gdk1mIrg,1.9381189955802,2.8182900846723853,2.270232016614259
256800,iHvKhF7Uk30Domr8uCORsSR904QSgslMQB+G+xe7JXNjm3QvGf2+VdR5gdk1mIrg,1.9551667262860375,3.4186430444701985,2.295691922512184
257100,iHvKhF7Uk30Domr8uCORsSR904QSgslMQB+G+xe7JXNjm3QvGf2+VdR5gdk1mIrg,2.101866169856359,3.689503517190714,2.3814259516372007
257400,iHvKhF7Uk30Domr8uCORsSR904QSgslMQB+G+xe7JXNjm3QvGf2+VdR5gdk1mIrg,1.871631240232456,2.825343599335395,2.271666015741791
257700,iHvKhF7Uk30Domr8uCORsSR904QSgslMQB+G+xe7JXNjm3QvGf2+VdR5gdk1mIrg,1.9399464279379095,4.932749245115609,2.492920565827458
258000,iHvKhF7Uk30Domr8uCORsSR904QSgslMQB+G+xe7JXNjm3QvGf2+VdR5gdk1mIrg,2.026970054024428,2.6806023711116587,2.30939145540055
258300,iHvKhF7Uk30Domr8uCORsSR904QSgslMQB+G+xe7JXNjm3QvGf2+VdR5gdk1mIrg,1.906489193909364,2.902653017902685,2.281140419004907
258600,iHvKhF7Uk30Domr8uCORsSR904QSgslMQB+G+xe7JXNjm3QvGf2+VdR5gdk1mIrg,1.866224087664749,2.764390387918023,2.274337651487001
258900,iHvKhF7Uk30Domr8uCORsSR904QSgslMQB+G+xe7JXNjm3QvGf2+VdR5gdk1mIrg,1.846092340635008,2.821668827514535,2.2970974456936735
259200,iHvKhF7Uk30Domr8uCORsSR904QSgslMQB+G+xe7JXNjm3QvGf2+VdR5gdk1mIrg,1.9075315775175576,2.674414761624897,2.237265888998803
259500,iHvKhF7Uk30Domr8uCORsSR904QSgslMQB+G+xe7JXNjm3QvGf2+VdR5gdk1mIrg,1.9816350160062977,2.8122175781673637,2.309056846053968
259800,iHvKhF7Uk30Domr8uCORsSR904QSgslMQB+G+xe7JXNjm3QvGf2+VdR5gdk1mIrg,1.818551702427392,2.767316634800488,2.2795274112160637
260100,iHvKhF7Uk30Domr8uCORsSR904QSgslMQB+G+xe7JXNjm3QvGf2+VdR5gdk1mIrg,1.872023924168847,2.92624226602394,2.282539751525572
260400,iHvKhF7Uk30Domr8uCORsSR904QSgslMQB+G+xe7JXNjm3QvGf2+VdR5gdk1mIrg,1.8123770628538096,2.984706566818116,2.25474626408658
260700,iHvKhF7Uk30Domr8uCORsSR904QSgslMQB+G+xe7JXNjm3QvGf2+VdR5gdk1mIrg,2.0154802842752746,2.739150082560644,2.260198638967704
261000,iHvKhF7Uk30Domr8uCORsSR904QSgslMQB+G+xe7JXNjm3QvGf2+VdR5gdk1mIrg,2.0159843400318067,7.5504574191364515,2.7634989374295817
261300,iHvKhF7Uk30Domr8uCORsSR904QSgslMQB+G+xe7JXNjm3QvGf2+VdR5gdk1mIrg,1.8568191902138227,2.6972755287802683,2.2437863267748117
261600,iHvKhF7Uk30Domr8uCORsSR904QSgslMQB+G+xe7JXNjm3QvGf2+VdR5gdk1mIrg,2.0239100812704365,2.8145540980061328,2.2801161844020426
261900,iHvKhF7Uk30Domr8uCORsSR904QSgslMQB+G+xe7JXNjm3QvGf2+VdR5gdk1mIrg,1.9851573319902505,2.849251457286543,2.274586673991584
262200,iHvKhF7Uk30Domr8uCORsSR904QSgslMQB+G+xe7JXNjm3QvGf2+VdR5gdk1mIrg,1.9339244551007368,2.838627067074551,2.2419367700253323
262500,iHvKhF7Uk30Domr8uCORsSR904QSgslMQB+G+xe7JXNjm3QvGf2+VdR5gdk1mIrg,1.9367529494196665,2.7619383567429554,2.275971312462441
262800,iHvKhF7Uk30Domr8uCORsSR904QSgslMQB+G+xe7JXNjm3QvGf2+VdR5gdk1mIrg,1.9110515624566675,2.7535917216011345,2.2367097059519674
263100,iHvKhF7Uk30Domr8uCORsSR904QSgslMQB+G+xe7JXNjm3QvGf2+VdR5gdk1mIrg,1.9804597068470784,3.036562010417488,2.2893176676026963
263400,iHvKhF7Uk30Domr8uCORsSR904QSgslMQB+G+xe7JXNjm3QvGf2+VdR5gdk1mIrg,1.9106994873185263,2.6597645109758474,2.263170401537953
263700,iHvKhF7Uk30Domr8uCORsSR904QSgslMQB+G+xe7JXNjm3QvGf2+VdR5gdk1mIrg,1.8976287829076832,2.825406662650402,2.272225322108587
264000,iHvKhF7Uk30Domr8uCORsSR904QSgslMQB+G+xe7JXNjm3QvGf2+VdR5gdk1mIrg,1.950343799715482,2.915052372967424,2.282192041258086
264300,iHvKhF7Uk30Domr8uCORsSR904QSgslMQB+G+xe7JXNjm3QvGf2+VdR5gdk1mIrg,1.9569938909275213,2.633224660850044,2.2553714978540573
264600,iHvKhF7Uk30Domr8uCORsSR904QSgslMQB+G+xe7JXNjm3QvGf2+VdR5gdk1mIrg,1.9442542426877327,2.526804519982377,2.2327725362224893
264900,iHvKhF7Uk30Domr8uCORsSR904QSgslMQB+G+xe7JXNjm3QvGf2+VdR5gdk1mIrg,1.9528706749556024,2.7682597902762565,2.245396821119427
265200,iHvKhF7Uk30Domr8uCORsSR904QSgslMQB+G+xe7JXNjm3QvGf2+VdR5gdk1mIrg,1.9888002994091651,2.745169679945633,2.2760811366307303
265500,iHvKhF7Uk30Domr8uCORsSR904QSgslMQB+G+xe7JXNjm3QvGf2+VdR5gdk1mIrg,1.886836541080076,2.8769249019935934,2.294608270731445
265800,iHvKhF7Uk30Domr8uCORsSR904QSgslMQB+G+xe7JXNjm3QvGf2+VdR5gdk1mIrg,1.9797167444262025,2.589485323187767,2.2310554072223185
266100,iHvKhF7Uk30Domr8uCORsSR904QSgslMQB+G+xe7JXNjm3QvGf2+VdR5gdk1mIrg,1.913685884343384,2.8033946956977007,2.287993363984022
266400,iHvKhF7Uk30Domr8uCORsSR904QSgslMQB+G+xe7JXNjm3QvGf2+VdR5gdk1mIrg,1.9355742415690036,2.7924633020110665,2.2408822562007766
266700,iHvKhF7Uk30Domr8uCORsSR904QSgslMQB+G+xe7JXNjm3QvGf2+VdR5gdk1mIrg,1.9103556434629827,2.769182895017867,2.311819418833286
267000,iHvKhF7Uk30Domr8uCORsSR904QSgslMQB+G+xe7JXNjm3QvGf2+VdR5gdk1mIrg,1.9409678669897068,2.911843398720007,2.2592143185774334
267300,iHvKhF7Uk30Domr8uCORsSR904QSgslMQB+G+xe7JXNjm3QvGf2+VdR5gdk1mIrg,1.8812932900861907,2.9237003405406043,2.274373096763739
267600,iHvKhF7Uk30Domr8uCORsSR904QSgslMQB+G+xe7JXNjm3QvGf2+VdR5gdk1mIrg,1.9617153498437812,2.9344811682287975,2.247231771302562
267900,iHvKhF7Uk30Domr8uCORsSR904QSgslMQB+G+xe7JXNjm3QvGf2+VdR5gdk1mIrg,1.8733429938989503,2.753414616279072,2.2722064647248184
268200,iHvKhF7Uk30Domr8uCORsSR904QSgslMQB+G+xe7JXNjm3QvGf2+VdR5gdk1mIrg,1.939184063470172,2.655256976222559,2.231254971403721
268500,iHvKhF7Uk30Domr8uCORsSR904QSgslMQB+G+xe7JXNjm3QvGf2+VdR5gdk1mIrg,1.9128859565556775,3.0273451371268094,2.2436669818162387
268800,iHvKhF7Uk30Domr8uCORsSR904QSgslMQB+G+xe7JXNjm3QvGf2+VdR5gdk1mIrg,1.985036337333089,2.9548522920422,2.239554626603385
269100,iHvKhF7Uk30Domr8uCORsSR904QSgslMQB+G+xe7JXNjm3QvGf2+VdR5gdk1mIrg,2.04019306863176,4.023790238184817,2.4662275782113645
269400,iHvKhF7Uk30Domr8uCORsSR904QSgslMQB+G+xe7JXNjm3QvGf2+VdR5gdk1mIrg,1.84976677111275,2.744403184824316,2.241713553419721
269700,iHvKhF7Uk30Domr8uCORsSR904QSgslMQB+G+xe7JXNjm3QvGf2+VdR5gdk1mIrg,1.970565761386808,2.9311276753804605,2.2767170149696367
270000,iHvKhF7Uk30Domr8uCORsSR904QSgslMQB+G+xe7JXNjm3QvGf2+VdR5gdk1mIrg,1.9312707029196523,2.8274442083886675,2.2534832905144198
270300,iHvKhF7Uk30Domr8uCORsSR904QSgslMQB+G+xe7JXNjm3QvGf2+VdR5gdk1mIrg,2.0160997468965247,2.9025080037555053,2.2858482367318507
270600,iHvKhF7Uk30Domr8uCORsSR904QSgslMQB+G+xe7JXNjm3QvGf2+VdR5gdk1mIrg,2.007426959350276,3.311564177752503,2.380918950164819
270900,iHvKhF7Uk30Domr8uCORsSR904QSgslMQB+G+xe7JXNjm3QvGf2+VdR5gdk1mIrg,1.9758382196120856,2.698732616836807,2.2709151623296653
271200,iHvKhF7Uk30Domr8uCORsSR904QSgslMQB+G+xe7JXNjm3QvGf2+VdR5gdk1mIrg,1.9675300364403303,2.8391976712282685,2.245523648021096
271500,iHvKhF7Uk30Domr8uCORsSR904QSgslMQB+G+xe7JXNjm3QvGf2+VdR5gdk1mIrg,1.8767697587344787,2.828322131328852,2.2904500921912776
271800,iHvKhF7Uk30Domr8uCORsSR904QSgslMQB+G+xe7JXNjm3QvGf2+VdR5gdk1mIrg,1.9328606497082077,2.7953819126589368,2.2560443403617017
272100,iHvKhF7Uk30Domr8uCORsSR904QSgslMQB+G+xe7JXNjm3QvGf2+VdR5gdk1mIrg,1.867983917130858,2.5846932547555603,2.246657097022809
272400,iHvKhF7Uk30Domr8uCORsSR904QSgslMQB+G+xe7JXNjm3QvGf2+VdR5gdk1mIrg,1.9007281657940167,2.78797543532838,2.2600121472409542
272700,iHvKhF7Uk30Domr8uCORsSR904QSgslMQB+G+xe7JXNjm3QvGf2+VdR5gdk1mIrg,1.9788796379768667,2.7519063531817376,2.305884422177108
273000,iHvKhF7Uk30Domr8uCORsSR904QSgslMQB+G+xe7JXNjm3QvGf2+VdR5gdk1mIrg,1.9832638153637152,2.87718341288638,2.200768499945107
273300,iHvKhF7Uk30Domr8uCORsSR904QSgslMQB+G+xe7JXNjm3QvGf2+VdR5gdk1mIrg,2.043259827060316,2.6991111703548354,2.313470412618471
273600,iHvKhF7Uk30Domr8uCORsSR904QSgslMQB+G+xe7JXNjm3QvGf2+VdR5gdk1mIrg,1.785123708760517,2.876558711297568,2.216594921171639
273900,iHvKhF7Uk30Domr8uCORsSR904QSgslMQB+G+xe7JXNjm3QvGf2+VdR5gdk1mIrg,1.9398747807288013,2.7984659544889494,2.33800199143423
274200,iHvKhF7Uk30Domr8uCORsSR904QSgslMQB+G+xe7JXNjm3QvGf2+VdR5gdk1mIrg,1.989330484994289,2.761194300540971,2.246434029398485
274500,iHvKhF7Uk30Domr8uCORsSR904QSgslMQB+G+xe7JXNjm3QvGf2+VdR5gdk1mIrg,2.022563162587708,2.75355349521246,2.316269882079784
274800,iHvKhF7Uk30Domr8uCORsSR904QSgslMQB+G+xe7JXNjm3QvGf2+VdR5gdk1mIrg,1.943276235590082,2.6206532973222973,2.2077408833364545
275100,iHvKhF7Uk30Domr8uCORsSR904QSgslMQB+G+xe7JXNjm3QvGf2+VdR5gdk1mIrg,2.007878990383663,2.8501782940763705,2.319846619747464
275400,iHvKhF7Uk30Domr8uCORsSR904QSgslMQB+G+xe7JXNjm3QvGf2+VdR5gdk1mIrg,1.9172893363774293,2.634844693025897,2.225686176011222
275700,iHvKhF7Uk30Domr8uCORsSR904QSgslMQB+G+xe7JXNjm3QvGf2+VdR5gdk1mIrg,1.9321402208600251,2.789014693987637,2.311804416404569
276000,iHvKhF7Uk30Domr8uCORsSR904QSgslMQB+G+xe7JXNjm3QvGf2+VdR5gdk1mIrg,1.9209810267029463,2.8498291168297563,2.2379700009708827
276300,iHvKhF7Uk30Domr8uCORsSR904QSgslMQB+G+xe7JXNjm3QvGf2+VdR5gdk1mIrg,1.9462531533070284,2.809134492567961,2.3239878679336465
276600,iHvKhF7Uk30Domr8uCORsSR904QSgslMQB+G+xe7JXNjm3QvGf2+VdR5gdk1mIrg,1.8975535167991844,2.825459296014861,2.1610229787549846
276900,iHvKhF7Uk30Domr8uCORsSR904QSgslMQB+G+xe7JXNjm3QvGf2+VdR5gdk1mIrg,1.984533960329371,2.812374537966719,2.29742632187892
277200,iHvKhF7Uk30Domr8uCORsSR904QSgslMQB+G+xe7JXNjm3QvGf2+VdR5gdk1mIrg,2.000149918886508,2.422427060891132,2.1963772254196794
277500,iHvKhF7Uk30Domr8uCORsSR904QSgslMQB+G+xe7JXNjm3QvGf2+VdR5gdk1mIrg,1.867489947385411,2.726431994751678,2.3491023219906046
277800,iHvKhF7Uk30Domr8uCORsSR904QSgslMQB+G+xe7JXNjm3QvGf2+VdR5gdk1mIrg,1.8269725473648808,2.799164486958384,2.2286380746991488
278100,iHvKhF7Uk30Domr8uCORsSR904QSgslMQB+G+xe7JXNjm3QvGf2+VdR5gdk1mIrg,1.952519714738888,2.7212264352272224,2.3197550369619515
278400,iHvKhF7Uk30Domr8uCORsSR904QSgslMQB+G+xe7JXNjm3QvGf2+VdR5gdk1mIrg,1.8378020295491724,2.675780722946212,2.20744702101696
278700,iHvKhF7Uk30Domr8uCORsSR904QSgslMQB+G+xe7JXNjm3QvGf2+VdR5gdk1mIrg,2.04135805381684,2.7929792806397447,2.355611094297139
279000,iHvKhF7Uk30Domr8uCORsSR904QSgslMQB+G+xe7JXNjm3QvGf2+VdR5gdk1mIrg,1.922697618230517,2.594974257172073,2.2361017595194914
279300,iHvKhF7Uk30Domr8uCORsSR904QSgslMQB+G+xe7JXNjm3QvGf2+VdR5gdk1mIrg,1.9160354264289507,2.918598865850997,2.2856515969518307
279600,iHvKhF7Uk30Domr8uCORsSR904QSgslMQB+G+xe7JXNjm3QvGf2+VdR5gdk1mIrg,1.9226739825891783,2.5825767268091626,2.22518546412961
279900,iHvKhF7Uk30Domr8uCORsSR904QSgslMQB+G+xe7JXNjm3QvGf2+VdR5gdk1mIrg,1.8006261927000369,2.7926727110518708,2.298370639491328
280200,iHvKhF7Uk30Domr8uCORsSR904QSgslMQB+G+xe7JXNjm3QvGf2+VdR5gdk1mIrg,1.9387971976175291,2.680289805981906,2.2212270544180117
280500,iHvKhF7Uk30Domr8uCORsSR904QSgslMQB+G+xe7JXNjm3QvGf2+VdR5gdk1mIrg,1.7337094126155768,4.583169737311617,2.4981963116204584
280800,iHvKhF7Uk30Domr8uCORsSR904QSgslMQB+G+xe7JXNjm3QvGf2+VdR5gdk1mIrg,1.969409923531676,2.928750485992903,2.2220185443251803
281100,iHvKhF7Uk30Domr8uCORsSR904QSgslMQB+G+xe7JXNjm3QvGf2+VdR5gdk1mIrg,1.9393713111740416,2.603846504676925,2.3076705577177736
281400,iHvKhF7Uk30Domr8uCORsSR904QSgslMQB+G+xe7JXNjm3QvGf2+VdR5gdk1mIrg,1.8062566728155545,2.6574351660737143,2.21590367923985
281700,iHvKhF7Uk30Domr8uCORsSR904QSgslMQB+G+xe7JXNjm3QvGf2+VdR5gdk1mIrg,1.857644086816991,2.7898226340402887,2.312304804416096
282000,iHvKhF7Uk30Domr8uCORsSR904QSgslMQB+G+xe7JXNjm3QvGf2+VdR5gdk1mIrg,1.95657891043262,2.720926075581504,2.222978598846681
282300,iHvKhF7Uk30Domr8uCORsSR904QSgslMQB+G+xe7JXNjm3QvGf2+VdR5gdk1mIrg,1.9744564087939704,2.891521028263239,2.3279999766509687
282600,iHvKhF7Uk30Domr8uCORsSR904QSgslMQB+G+xe7JXNjm3QvGf2+VdR5gdk1mIrg,1.8393114125899188,2.613100721426429,2.2063192475644198
282900,iHvKhF7Uk30Domr8uCORsSR904QSgslMQB+G+xe7JXNjm3QvGf2+VdR5gdk1mIrg,1.8638768282006808,2.6841358175960854,2.287929742074412
283200,iHvKhF7Uk30Domr8uCORsSR904QSgslMQB+G+xe7JXNjm3QvGf2+VdR5gdk1mIrg,1.9753796909935597,2.7892035332006517,2.234281089879981
283500,iHvKhF7Uk30Domr8uCORsSR904QSgslMQB+G+xe7JXNjm3QvGf2+VdR5gdk1mIrg,2.059178498738634,3.441429549746259,2.487564871259288
283800,iHvKhF7Uk30Domr8uCORsSR904QSgslMQB+G+xe7JXNjm3QvGf2+VdR5gdk1mIrg,1.9227156426802432,2.9056987739832056,2.230477625754696
284100,iHvKhF7Uk30Domr8uCORsSR904QSgslMQB+G+xe7JXNjm3QvGf2+VdR5gdk1mIrg,1.9714594090171935,2.941612554430292,2.2957980717354047
284400,iHvKhF7Uk30Domr8uCORsSR904QSgslMQB+G+xe7JXNjm3QvGf2+VdR5gdk1mIrg,1.8600256515919888,24.09160059114957,3.839177933735781
284700,iHvKhF7Uk30Domr8uCORsSR904QSgslMQB+G+xe7JXNjm3QvGf2+VdR5gdk1mIrg,1.97143792135035,7.681237436679706,3.438093087629284
285000,iHvKhF7Uk30Domr8uCORsSR904QSgslMQB+G+xe7JXNjm3QvGf2+VdR5gdk1mIrg,1.903937409619965,2.551818488217912,2.243467462376105
285300,iHvKhF7Uk30Domr8uCORsSR904QSgslMQB+G+xe7JXNjm3QvGf2+VdR5gdk1mIrg,1.9981737283890464,2.8195962252490245,2.3213765428053765
285600,iHvKhF7Uk30Domr8uCORsSR904QSgslMQB+G+xe7JXNjm3QvGf2+VdR5gdk1mIrg,1.8902997197627829,2.6213042617578863,2.204164060444332
285900,iHvKhF7Uk30Domr8uCORsSR904QSgslMQB+G+xe7JXNjm3QvGf2+VdR5gdk1mIrg,1.91037015341462,2.690733856671954,2.283847037448337
286200,iHvKhF7Uk30Domr8uCORsSR904QSgslMQB+G+xe7JXNjm3QvGf2+VdR5gdk1mIrg,1.8894129678634624,2.8344877207738874,2.196821399940279
286500,iHvKhF7Uk30Domr8uCORsSR904QSgslMQB+G+xe7JXNjm3QvGf2+VdR5gdk1mIrg,1.8632304284185135,2.7831801028995766,2.2538078674534905
286800,iHvKhF7Uk30Domr8uCORsSR904QSgslMQB+G+xe7JXNjm3QvGf2+VdR5gdk1mIrg,1.9359995813738555,2.666889091335618,2.226664695682584
287100,iHvKhF7Uk30Domr8uCORsSR904QSgslMQB+G+xe7JXNjm3QvGf2+VdR5gdk1mIrg,1.949180692268631,2.817307516789872,2.333055269640099
287400,iHvKhF7Uk30Domr8uCORsSR904QSgslMQB+G+xe7JXNjm3QvGf2+VdR5gdk1mIrg,1.820889821944105,2.9322625972302103,2.205872937355415
287700,iHvKhF7Uk30Domr8uCORsSR904QSgslMQB+G+xe7JXNjm3QvGf2+VdR5gdk1mIrg,1.7144026149349072,2.8059861617672395,2.264137875013684
288000,iHvKhF7Uk30Domr8uCORsSR904QSgslMQB+G+xe7JXNjm3QvGf2+VdR5gdk1mIrg,1.9261587068689827,2.6169678144310184,2.218455547212909
288300,iHvKhF7Uk30Domr8uCORsSR904QSgslMQB+G+xe7JXNjm3QvGf2+VdR5gdk1mIrg,1.983380500168045,2.7220813911976087,2.310680764279896
288600,iHvKhF7Uk30Domr8uCORsSR904QSgslMQB+G+xe7JXNjm3QvGf2+VdR5gdk1mIrg,1.9615894834481025,2.802692081086592,2.2155989994197167
288900,iHvKhF7Uk30Domr8uCORsSR904QSgslMQB+G+xe7JXNjm3QvGf2+VdR5gdk1mIrg,1.8852226210095513,2.78586781312467,2.284138765800497
289200,iHvKhF7Uk30Domr8uCORsSR904QSgslMQB+G+xe7JXNjm3QvGf2+VdR5gdk1mIrg,1.811320154934948,2.7156929941519623,2.2086348996945366
289500,iHvKhF7Uk30Domr8uCORsSR904QSgslMQB+G+xe7JXNjm3QvGf2+VdR5gdk1mIrg,2.0467728713562137,2.9081082104840523,2.3110096846520944
289800,iHvKhF7Uk30Domr8uCORsSR904QSgslMQB+G+xe7JXNjm3QvGf2+VdR5gdk1mIrg,1.9068833243098664,2.8142393226924813,2.191972830858651
290100,iHvKhF7Uk30Domr8uCORsSR904QSgslMQB+G+xe7JXNjm3QvGf2+VdR5gdk1mIrg,1.936187045904312,2.8169926244225705,2.27784909536702
290400,iHvKhF7Uk30Domr8uCORsSR904QSgslMQB+G+xe7JXNjm3QvGf2+VdR5gdk1mIrg,1.9892228029673016,2.6886328884336135,2.2194178514278
290700,iHvKhF7Uk30Domr8uCORsSR904QSgslMQB+G+xe7JXNjm3QvGf2+VdR5gdk1mIrg,2.0322120664526624,2.857932061676669,2.335162500754664
291000,iHvKhF7Uk30Domr8uCORsSR904QSgslMQB+G+xe7JXNjm3QvGf2+VdR5gdk1mIrg,1.9537265614747847,2.819803433743485,2.2261041050471384
291300,iHvKhF7Uk30Domr8uCORsSR904QSgslMQB+G+xe7JXNjm3QvGf2+VdR5gdk1mIrg,1.9444973916047184,2.7621596206306727,2.324244743864619
291600,iHvKhF7Uk30Domr8uCORsSR904QSgslMQB+G+xe7JXNjm3QvGf2+VdR5gdk1mIrg,1.911711574264228,2.68359555492869,2.2221540820900967
291900,iHvKhF7Uk30Domr8uCORsSR904QSgslMQB+G+xe7JXNjm3QvGf2+VdR5gdk1mIrg,1.7944858984553804,2.900454404501149,2.294457056517747
292200,iHvKhF7Uk30Domr8uCORsSR904QSgslMQB+G+xe7JXNjm3QvGf2+VdR5gdk1mIrg,1.905876393716956,2.8367472826276257,2.2491251712868974
292500,iHvKhF7Uk30Domr8uCORsSR904QSgslMQB+G+xe7JXNjm3QvGf2+VdR5gdk1mIrg,1.9926502599242848,2.7828575429144844,2.28501968266234
292800,iHvKhF7Uk30Domr8uCORsSR904QSgslMQB+G+xe7JXNjm3QvGf2+VdR5gdk1mIrg,1.996478681804264,2.7243995757517183,2.2152506407838546
293100,iHvKhF7Uk30Domr8uCORsSR904QSgslMQB+G+xe7JXNjm3QvGf2+VdR5gdk1mIrg,1.931020953746537,2.785412396917475,2.2973650724996224
293400,iHvKhF7Uk30Domr8uCORsSR904QSgslMQB+G+xe7JXNjm3QvGf2+VdR5gdk1mIrg,1.8114605787387252,2.6943975602362435,2.1974352985221386
293700,iHvKhF7Uk30Domr8uCORsSR904QSgslMQB+G+xe7JXNjm3QvGf2+VdR5gdk1mIrg,1.987402520907732,2.8361455844268324,2.2751378604574604
294000,iHvKhF7Uk30Domr8uCORsSR904QSgslMQB+G+xe7JXNjm3QvGf2+VdR5gdk1mIrg,1.916604063673806,2.667836173263163,2.192038059126265
294300,iHvKhF7Uk30Domr8uCORsSR904QSgslMQB+G+xe7JXNjm3QvGf2+VdR5gdk1mIrg,2.0967281157426867,3.0967670382846126,2.3390423471222777
294600,iHvKhF7Uk30Domr8uCORsSR904QSgslMQB+G+xe7JXNjm3QvGf2+VdR5gdk1mIrg,1.951307264171544,2.6559264922116603,2.2028342792726976
294900,iHvKhF7Uk30Domr8uCORsSR904QSgslMQB+G+xe7JXNjm3QvGf2+VdR5gdk1mIrg,1.923629701114104,2.7729269468166167,2.3154174875977787
295200,iHvKhF7Uk30Domr8uCORsSR904QSgslMQB+G+xe7JXNjm3QvGf2+VdR5gdk1mIrg,1.904559100620514,2.620747061658669,2.2154595590549815
295500,iHvKhF7Uk30Domr8uCORsSR904QSgslMQB+G+xe7JXNjm3QvGf2+VdR5gdk1mIrg,1.882111895899008,2.7441059091506528,2.3259668641896125
295800,iHvKhF7Uk30Domr8uCORsSR904QSgslMQB+G+xe7JXNjm3QvGf2+VdR5gdk1mIrg,1.9339322932017975,2.5959453064984728,2.2096894971301504
296100,iHvKhF7Uk30Domr8uCORsSR904QSgslMQB+G+xe7JXNjm3QvGf2+VdR5gdk1mIrg,1.9032084102599387,2.675613258264663,2.2891136144405246
296400,iHvKhF7Uk30Domr8uCORsSR904QSgslMQB+G+xe7JXNjm3QvGf2+VdR5gdk1mIrg,1.9381816202557416,2.673579412691312,2.199748225433753
296700,iHvKhF7Uk30Domr8uCORsSR904QSgslMQB+G+xe7JXNjm3QvGf2+VdR5gdk1mIrg,1.901336204754884,2.852086906972892,2.2875010585948834
297000,iHvKhF7Uk30Domr8uCORsSR904QSgslMQB+G+xe7JXNjm3QvGf2+VdR5gdk1mIrg,1.813001366683896,2.5684868137240784,2.1834819946912214
297300,iHvKhF7Uk30Domr8uCORsSR904QSgslMQB+G+xe7JXNjm3QvGf2+VdR5gdk1mIrg,1.831504250262288,2.7950084844439105,2.2578485795373675
297600,iHvKhF7Uk30Domr8uCORsSR904QSgslMQB+G+xe7JXNjm3QvGf2+VdR5gdk1mIrg,1.862617113653946,2.605261935261781,2.1865543566898493
297900,iHvKhF7Uk30Domr8uCORsSR904QSgslMQB+G+xe7JXNjm3QvGf2+VdR5gdk1mIrg,1.9788451158605047,3.4537393184691707,2.5520870045919386
298200,iHvKhF7Uk30Domr8uCORsSR904QSgslMQB+G+xe7JXNjm3QvGf2+VdR5gdk1mIrg,1.9827039441611165,2.792795658530503,2.2054277193501375
298500,iHvKhF7Uk30Domr8uCORsSR904QSgslMQB+G+xe7JXNjm3QvGf2+VdR5gdk1mIrg,1.8078969813961467,2.8546984577392367,2.289790544923064
298800,iHvKhF7Uk30Domr8uCORsSR904QSgslMQB+G+xe7JXNjm3QvGf2+VdR5gdk1mIrg,1.8226376556939667,2.6275469456532594,2.21667048278649
299100,iHvKhF7Uk30Domr8uCORsSR904QSgslMQB+G+xe7JXNjm3QvGf2+VdR5gdk1mIrg,1.985178731162452,2.7691475923360422,2.316426763053498
299400,iHvKhF7Uk30Domr8uCORsSR904QSgslMQB+G+xe7JXNjm3QvGf2+VdR5gdk1mIrg,1.7600344230750635,2.556007397337674,2.228227644541883
299700,iHvKhF7Uk30Domr8uCORsSR904QSgslMQB+G+xe7JXNjm3QvGf2+VdR5gdk1mIrg,2.014914922886572,2.726223056063979,2.30523920317112
300000,iHvKhF7Uk30Domr8uCORsSR904QSgslMQB+G+xe7JXNjm3QvGf2+VdR5gdk1mIrg,1.9212124024850536,2.450662761775252,2.2131085532830173
300300,iHvKhF7Uk30Domr8uCORsSR904QSgslMQB+G+xe7JXNjm3QvGf2+VdR5gdk1mIrg,1.9586558766279567,2.7135456063263157,2.293163567255415
300600,iHvKhF7Uk30Domr8uCORsSR904QSgslMQB+G+xe7JXNjm3QvGf2+VdR5gdk1mIrg,1.7834610047393284,2.652896767353775,2.1841931873716764
300900,iHvKhF7Uk30Domr8uCORsSR904QSgslMQB+G+xe7JXNjm3QvGf2+VdR5gdk1mIrg,1.9849526953501808,2.722123386043049,2.2794981916695103
301200,iHvKhF7Uk30Domr8uCORsSR904QSgslMQB+G+xe7JXNjm3QvGf2+VdR5gdk1mIrg,1.8680019899868827,2.6069846932259426,2.205324406497717
301500,iHvKhF7Uk30Domr8uCORsSR904QSgslMQB+G+xe7JXNjm3QvGf2+VdR5gdk1mIrg,1.9811130822788083,2.673042905646468,2.2717644734395765
301800,iHvKhF7Uk30Domr8uCORsSR904QSgslMQB+G+xe7JXNjm3QvGf2+VdR5gdk1mIrg,1.7690513305489832,2.7350380498363034,2.16460854262733
302100,iHvKhF7Uk30Domr8uCORsSR904QSgslMQB+G+xe7JXNjm3QvGf2+VdR5gdk1mIrg,1.8860033227248527,2.870409144382541,2.3200001832155994
302400,iHvKhF7Uk30Domr8uCORsSR904QSgslMQB+G+xe7JXNjm3QvGf2+VdR5gdk1mIrg,1.9227151537760336,2.8306391124748584,2.20523687171056
302700,iHvKhF7Uk30Domr8uCORsSR904QSgslMQB+G+xe7JXNjm3QvGf2+VdR5gdk1mIrg,1.8496740842688444,3.1354768322153728,2.3267718671936204
303000,iHvKhF7Uk30Domr8uCORsSR904QSgslMQB+G+xe7JXNjm3QvGf2+VdR5gdk1mIrg,1.993182525378204,2.6933825396151096,2.2301985261878494
303300,iHvKhF7Uk30Domr8uCORsSR904QSgslMQB+G+xe7JXNjm3QvGf2+VdR5gdk1mIrg,1.9890711091736035,2.888945328968599,2.319566782346248
303600,iHvKhF7Uk30Domr8uCORsSR904QSgslMQB+G+xe7JXNjm3QvGf2+VdR5gdk1mIrg,1.7709496232905029,2.781891052630369,2.2253710561345352
303900,iHvKhF7Uk30Domr8uCORsSR904QSgslMQB+G+xe7JXNjm3QvGf2+VdR5gdk1mIrg,2.017195233206439,2.660862897590532,2.3360181442674413
304200,iHvKhF7Uk30Domr8uCORsSR904QSgslMQB+G+xe7JXNjm3QvGf2+VdR5gdk1mIrg,1.875498397098638,7.293107273019808,2.730584875318672
304500,iHvKhF7Uk30Domr8uCORsSR904QSgslMQB+G+xe7JXNjm3QvGf2+VdR5gdk1mIrg,1.967438786748476,2.7571597301009585,2.3204999256079786
304800,iHvKhF7Uk30Domr8uCORsSR904QSgslMQB+G+xe7JXNjm3QvGf2+VdR5gdk1mIrg,1.9661944413815544,2.924114405048519,2.246939618669883
305100,iHvKhF7Uk30Domr8uCORsSR904QSgslMQB+G+xe7JXNjm3QvGf2+VdR5gdk1mIrg,1.8690170404347275,2.925109877074577,2.366701254327229
305400,iHvKhF7Uk30Domr8uCORsSR904QSgslMQB+G+xe7JXNjm3QvGf2+VdR5gdk1mIrg,1.7330765694474874,2.6901435069863533,2.170961899050644
305700,iHvKhF7Uk30Domr8uCORsSR904QSgslMQB+G+xe7JXNjm3QvGf2+VdR5gdk1mIrg,1.9842658100746624,2.795749691289125,2.3211563981743377
306000,iHvKhF7Uk30Domr8uCORsSR904QSgslMQB+G+xe7JXNjm3QvGf2+VdR5gdk1mIrg,1.8538052120783104,2.7610511581836543,2.256230647449882
306300,iHvKhF7Uk30Domr8uCORsSR904QSgslMQB+G+xe7JXNjm3QvGf2+VdR5gdk1mIrg,1.837985693196631,2.860206939541252,2.301184323640468
306600,iHvKhF7Uk30Domr8uCORsSR904QSgslMQB+G+xe7JXNjm3QvGf2+VdR5gdk1mIrg,1.94634552410796,2.638615446458457,2.221543197718324
306900,iHvKhF7Uk30Domr8uCORsSR904QSgslMQB+G+xe7JXNjm3QvGf2+VdR5gdk1mIrg,1.925786543545974,2.5850456545564704,2.2888012231157
307200,iHvKhF7Uk30Domr8uCORsSR904QSgslMQB+G+xe7JXNjm3QvGf2+VdR5gdk1mIrg,1.93913373978992,2.650646664095483,2.2315465388734608
307500,iHvKhF7Uk30Domr8uCORsSR904QSgslMQB+G+xe7JXNjm3QvGf2+VdR5gdk1mIrg,1.7915250570116548,2.78199307127446,2.314801891786044
307800,iHvKhF7Uk30Domr8uCORsSR904QSgslMQB+G+xe7JXNjm3QvGf2+VdR5gdk1mIrg,1.8704714735482484,2.6948123153679178,2.1879497345518044
308100,iHvKhF7Uk30Domr8uCORsSR904QSgslMQB+G+xe7JXNjm3QvGf2+VdR5gdk1mIrg,1.95987217268718,2.863308001125461,2.3175191724332254
308400,iHvKhF7Uk30Domr8uCORsSR904QSgslMQB+G+xe7JXNjm3QvGf2+VdR5gdk1mIrg,1.916199001918884,2.661714101748806,2.227496163916925
308700,iHvKhF7Uk30Domr8uCORsSR904QSgslMQB+G+xe7JXNjm3QvGf2+VdR5gdk1mIrg,2.041933298218277,2.9513529580030795,2.321241602260093
309000,iHvKhF7Uk30Domr8uCORsSR904QSgslMQB+G+xe7JXNjm3QvGf2+VdR5gdk1mIrg,1.8611746253488552,2.91252205989689,2.227501231753785
309300,iHvKhF7Uk30Domr8uCORsSR904QSgslMQB+G+xe7JXNjm3QvGf2+VdR5gdk1mIrg,1.9381131861848944,2.78346292933064,2.3254903624139174
309600,iHvKhF7Uk30Domr8uCORsSR904QSgslMQB+G+xe7JXNjm3QvGf2+VdR5gdk1mIrg,1.8872170235650825,2.8160881271378986,2.233330208579273
309900,iHvKhF7Uk30Domr8uCORsSR904QSgslMQB+G+xe7JXNjm3QvGf2+VdR5gdk1mIrg,1.9550767517607648,2.992754788375189,2.318959339325501
310200,iHvKhF7Uk30Domr8uCORsSR904QSgslMQB+G+xe7JXNjm3QvGf2+VdR5gdk1mIrg,1.9188553058067976,2.6058688401225862,2.2126279707959617
310500,iHvKhF7Uk30Domr8uCORsSR904QSgslMQB+G+xe7JXNjm3QvGf2+VdR5gdk1mIrg,1.922793799705056,2.791518881165425,2.306394414797606
310800,iHvKhF7Uk30Domr8uCORsSR904QSgslMQB+G+xe7JXNjm3QvGf2+VdR5gdk1mIrg,2.0051258019544185,2.608431632143968,2.2676360981303767
311100,iHvKhF7Uk30Domr8uCORsSR904QSgslMQB+G+xe7JXNjm3QvGf2+VdR5gdk1mIrg,1.9176309798396811,2.7333602557928613,2.3003915112498965
311400,iHvKhF7Uk30Domr8uCORsSR904QSgslMQB+G+xe7JXNjm3QvGf2+VdR5gdk1mIrg,1.922492595567571,2.6523978010890255,2.211031806202413
311700,iHvKhF7Uk30Domr8uCORsSR904QSgslMQB+G+xe7JXNjm3QvGf2+VdR5gdk1mIrg,1.9291200908359685,2.8319695111641336,2.2766851853043333
312000,iHvKhF7Uk30Domr8uCORsSR904QSgslMQB+G+xe7JXNjm3QvGf2+VdR5gdk1mIrg,1.8796996178619456,2.6813471323367164,2.1903881455031806
312300,iHvKhF7Uk30Domr8uCORsSR904QSgslMQB+G+xe7JXNjm3QvGf2+VdR5gdk1mIrg,1.9757285732959036,4.041582010732506,2.5348498083664945
312600,iHvKhF7Uk30Domr8uCORsSR904QSgslMQB+G+xe7JXNjm3QvGf2+VdR5gdk1mIrg,1.930177261555796,2.6855806119893955,2.229220340702711
312900,iHvKhF7Uk30Domr8uCORsSR904QSgslMQB+G+xe7JXNjm3QvGf2+VdR5gdk1mIrg,1.9469936911449843,2.871792891369664,2.2896280887861544
313200,iHvKhF7Uk30Domr8uCORsSR904QSgslMQB+G+xe7JXNjm3QvGf2+VdR5gdk1mIrg,2.0479707073168365,22.406069001399494,4.041072025145321
313500,iHvKhF7Uk30Domr8uCORsSR904QSgslMQB+G+xe7JXNjm3QvGf2+VdR5gdk1mIrg,2.053861735891737,7.648447043754366,3.1344706599462944
313800,iHvKhF7Uk30Domr8uCORsSR904QSgslMQB+G+xe7JXNjm3QvGf2+VdR5gdk1mIrg,1.98439417515761,6.094879384336243,2.628647912643395
314100,iHvKhF7Uk30Domr8uCORsSR904QSgslMQB+G+xe7JXNjm3QvGf2+VdR5gdk1mIrg,1.9915861629666607,2.822368683528131,2.327404294960417
314400,iHvKhF7Uk30Domr8uCORsSR904QSgslMQB+G+xe7JXNjm3QvGf2+VdR5gdk1mIrg,2.0129654898216027,2.6321176716831287,2.2386658233299803
314700,iHvKhF7Uk30Domr8uCORsSR904QSgslMQB+G+xe7JXNjm3QvGf2+VdR5gdk1mIrg,1.9709272553426944,2.8151831585611085,2.3191662481076083
315000,iHvKhF7Uk30Domr8uCORsSR904QSgslMQB+G+xe7JXNjm3QvGf2+VdR5gdk1mIrg,1.8405834863744623,2.5951082401554006,2.2173330509405345
315300,iHvKhF7Uk30Domr8uCORsSR904QSgslMQB+G+xe7JXNjm3QvGf2+VdR5gdk1mIrg,1.9490309929897969,2.63569292573768,2.264282508949884
315600,iHvKhF7Uk30Domr8uCORsSR904QSgslMQB+G+xe7JXNjm3QvGf2+VdR5gdk1mIrg,2.070910190160105,2.7882540459547527,2.2527937613529696
315900,iHvKhF7Uk30Domr8uCORsSR904QSgslMQB+G+xe7JXNjm3QvGf2+VdR5gdk1mIrg,1.951330670916332,2.851760430774237,2.327968510762858
316200,iHvKhF7Uk30Domr8uCORsSR904QSgslMQB+G+xe7JXNjm3QvGf2+VdR5gdk1mIrg,1.956832900469025,2.6187113285165267,2.219424870094516
316500,iHvKhF7Uk30Domr8uCORsSR904QSgslMQB+G+xe7JXNjm3QvGf2+VdR5gdk1mIrg,1.942537614357985,2.848113790111315,2.318047745454596
316800,iHvKhF7Uk30Domr8uCORsSR904QSgslMQB+G+xe7JXNjm3QvGf2+VdR5gdk1mIrg,2.00140490398488,2.5503717649317634,2.2356450446914007
317100,iHvKhF7Uk30Domr8uCORsSR904QSgslMQB+G+xe7JXNjm3QvGf2+VdR5gdk1mIrg,1.9901115316452351,3.0306315987726533,2.336196406925628
317400,iHvKhF7Uk30Domr8uCORsSR904QSgslMQB+G+xe7JXNjm3QvGf2+VdR5gdk1mIrg,2.028375384953771,2.7430361095866007,2.2397653627759717
317700,iHvKhF7Uk30Domr8uCORsSR904QSgslMQB+G+xe7JXNjm3QvGf2+VdR5gdk1mIrg,1.8826850542872844,2.843494275219004,2.3226630254956726
318000,iHvKhF7Uk30Domr8uCORsSR904QSgslMQB+G+xe7JXNjm3QvGf2+VdR5gdk1mIrg,1.9389605673800543,2.4653163838477488,2.223949288565096
318300,iHvKhF7Uk30Domr8uCORsSR904QSgslMQB+G+xe7JXNjm3QvGf2+VdR5gdk1mIrg,1.9821413366172236,2.5993334729220177,2.3086249402530603
318600,iHvKhF7Uk30Domr8uCORsSR904QSgslMQB+G+xe7JXNjm3QvGf2+VdR5gdk1mIrg,1.9429026144265675,2.7740489917608726,2.1976261598702016
318900,iHvKhF7Uk30Domr8uCORsSR904QSgslMQB+G+xe7JXNjm3QvGf2+VdR5gdk1mIrg,1.8974485982166605,2.876033279354961,2.3003293523109374
319200,iHvKhF7Uk30Domr8uCORsSR904QSgslMQB+G+xe7JXNjm3QvGf2+VdR5gdk1mIrg,2.0355508485536022,2.602280428775183,2.230462710095066
319500,iHvKhF7Uk30Domr8uCORsSR904QSgslMQB+G+xe7JXNjm3QvGf2+VdR5gdk1mIrg,2.037485775661489,2.852518020971281,2.3328310613455017
319800,iHvKhF7Uk30Domr8uCORsSR904QSgslMQB+G+xe7JXNjm3QvGf2+VdR5gdk1mIrg,1.9783940260897668,2.8244007093843364,2.2252756026103486
320100,iHvKhF7Uk30Domr8uCORsSR904QSgslMQB+G+xe7JXNjm3QvGf2+VdR5gdk1mIrg,1.8984794405113508,2.9111696431296603,2.3047231419263894
320400,iHvKhF7Uk30Domr8uCORsSR904QSgslMQB+G+xe7JXNjm3QvGf2+VdR5gdk1mIrg,2.0115782829262576,2.5548834597245507,2.2508944499015766
320700,iHvKhF7Uk30Domr8uCORsSR904QSgslMQB+G+xe7JXNjm3QvGf2+VdR5gdk1mIrg,1.9535773882307448,2.71427446025416,2.3160787444617545
321000,iHvKhF7Uk30Domr8uCORsSR904QSgslMQB+G+xe7JXNjm3QvGf2+VdR5gdk1mIrg,1.9755127685016212,2.96877686811032,2.2242298828565175
321300,iHvKhF7Uk30Domr8uCORsSR904QSgslMQB+G+xe7JXNjm3QvGf2+VdR5gdk1mIrg,1.861408253211004,2.746345676371442,2.2674237054939512
321600,iHvKhF7Uk30Domr8uCORsSR904QSgslMQB+G+xe7JXNjm3QvGf2+VdR5gdk1mIrg,1.73917085033187,2.7354756928725026,2.213467325088383
321900,iHvKhF7Uk30Domr8uCORsSR904QSgslMQB+G+xe7JXNjm3QvGf2+VdR5gdk1mIrg,1.987235714447004,2.8603082211367594,2.34987825126894
322200,iHvKhF7Uk30Domr8uCORsSR904QSgslMQB+G+xe7JXNjm3QvGf2+VdR5gdk1mIrg,1.959015842429097,2.8773971060909167,2.259225924600772
322500,iHvKhF7Uk30Domr8uCORsSR904QSgslMQB+G+xe7JXNjm3QvGf2+VdR5gdk1mIrg,1.8189224533385075,2.66413410612334,2.2630449285683563
322800,iHvKhF7Uk30Domr8uCORsSR904QSgslMQB+G+xe7JXNjm3QvGf2+VdR5gdk1mIrg,1.83970638833689,2.8630832124528727,2.2446097268193226
323100,iHvKhF7Uk30Domr8uCORsSR904QSgslMQB+G+xe7JXNjm3QvGf2+VdR5gdk1mIrg,2.0326881561400008,2.7578272562155064,2.316932899078052
323400,iHvKhF7Uk30Domr8uCORsSR904QSgslMQB+G+xe7JXNjm3QvGf2+VdR5gdk1mIrg,1.8531165096228224,2.781817993074315,2.220746620079283
323700,iHvKhF7Uk30Domr8uCORsSR904QSgslMQB+G+xe7JXNjm3QvGf2+VdR5gdk1mIrg,1.9701043281427464,2.8870020635559768,2.312103278602584
324000,iHvKhF7Uk30Domr8uCORsSR904QSgslMQB+G+xe7JXNjm3QvGf2+VdR5gdk1mIrg,1.9180417072451477,2.6196195378171763,2.2179755278118334
324300,iHvKhF7Uk30Domr8uCORsSR904QSgslMQB+G+xe7JXNjm3QvGf2+VdR5gdk1mIrg,2.0195591656731624,2.8061614813316424,2.338600088036859
324600,iHvKhF7Uk30Domr8uCORsSR904QSgslMQB+G+xe7JXNjm3QvGf2+VdR5gdk1mIrg,1.9170055804537849,2.9120383549702984,2.2154683935641923
324900,iHvKhF7Uk30Domr8uCORsSR904QSgslMQB+G+xe7JXNjm3QvGf2+VdR5gdk1mIrg,1.971294962332145,2.93157201922047,2.311903583035511
325200,iHvKhF7Uk30Domr8uCORsSR904QSgslMQB+G+xe7JXNjm3QvGf2+VdR5gdk1mIrg,1.8773553149276003,2.8432120052238044,2.2174796898601015
325500,iHvKhF7Uk30Domr8uCORsSR904QSgslMQB+G+xe7JXNjm3QvGf2+VdR5gdk1mIrg,1.975382804082842,2.91156613201113,2.313885445780856
325800,iHvKhF7Uk30Domr8uCORsSR904QSgslMQB+G+xe7JXNjm3QvGf2+VdR5gdk1mIrg,1.8558440289313745,2.656221993430916,2.235190661723164
326100,iHvKhF7Uk30Domr8uCORsSR904QSgslMQB+G+xe7JXNjm3QvGf2+VdR5gdk1mIrg,2.022377074388607,2.7587217989827635,2.308733354607909
326400,iHvKhF7Uk30Domr8uCORsSR904QSgslMQB+G+xe7JXNjm3QvGf2+VdR5gdk1mIrg,1.9638976679966864,2.7626269907912437,2.2375789356358884
326700,iHvKhF7Uk30Domr8uCORsSR904QSgslMQB+G+xe7JXNjm3QvGf2+VdR5gdk1mIrg,2.0185304208029846,2.68989387090498,2.316583007592901
327000,iHvKhF7Uk30Domr8uCORsSR904QSgslMQB+G+xe7JXNjm3QvGf2+VdR5gdk1mIrg,1.9721700722732365,2.5948911247029485,2.2017915559301757
327300,iHvKhF7Uk30Domr8uCORsSR904QSgslMQB+G+xe7JXNjm3QvGf2+VdR5gdk1mIrg,1.8715795987682535,3.0535833432530386,2.292137070995184
327600,iHvKhF7Uk30Domr8uCORsSR904QSgslMQB+G+xe7JXNjm3QvGf2+VdR5gdk1mIrg,1.9760060437840987,2.7496782148453125,2.2341062632089215
327900,iHvKhF7Uk30Domr8uCORsSR904QSgslMQB+G+xe7JXNjm3QvGf2+VdR5gdk1mIrg,1.992229542751513,2.7681450511682413,2.3169300389487804
328200,iHvKhF7Uk30Domr8uCORsSR904QSgslMQB+G+xe7JXNjm3QvGf2+VdR5gdk1mIrg,2.0021103750687814,2.696787062690889,2.2414954108622127
328500,iHvKhF7Uk30Domr8uCORsSR904QSgslMQB+G+xe7JXNjm3QvGf2+VdR5gdk1mIrg,1.9460937216849283,2.7492785922245555,2.287870854255408
328800,iHvKhF7Uk30Domr8uCORsSR904QSgslMQB+G+xe7JXNjm3QvGf2+VdR5gdk1mIrg,2.002628754634125,2.655716379638817,2.236237678877522
329100,iHvKhF7Uk30Domr8uCORsSR904QSgslMQB+G+xe7JXNjm3QvGf2+VdR5gdk1mIrg,1.967432324910992,2.79931868477871,2.329554631519795
329400,iHvKhF7Uk30Domr8uCORsSR904QSgslMQB+G+xe7JXNjm3QvGf2+VdR5gdk1mIrg,1.836843930310752,2.6755995688623035,2.22022467300626
329700,iHvKhF7Uk30Domr8uCORsSR904QSgslMQB+G+xe7JXNjm3QvGf2+VdR5gdk1mIrg,1.8842270260646687,3.0106040996895325,2.2916263512597763
330000,iHvKhF7Uk30Domr8uCORsSR904QSgslMQB+G+xe7JXNjm3QvGf2+VdR5gdk1mIrg,2.037342249304703,2.823200152358881,2.2493627983612674
330300,iHvKhF7Uk30Domr8uCORsSR904QSgslMQB+G+xe7JXNjm3QvGf2+VdR5gdk1mIrg,2.0095313459152315,2.992349352809532,2.331018311987023
330600,iHvKhF7Uk30Domr8uCORsSR904QSgslMQB+G+xe7JXNjm3QvGf2+VdR5gdk1mIrg,1.9363231429308088,2.8318497891937247,2.232969627226887
330900,iHvKhF7Uk30Domr8uCORsSR904QSgslMQB+G+xe7JXNjm3QvGf2+VdR5gdk1mIrg,1.9327500340784265,3.081582670612225,2.323737525891469
331200,iHvKhF7Uk30Domr8uCORsSR904QSgslMQB+G+xe7JXNjm3QvGf2+VdR5gdk1mIrg,1.8294107988079615,2.686253755622369,2.250145772619624
331500,iHvKhF7Uk30Domr8uCORsSR904QSgslMQB+G+xe7JXNjm3QvGf2+VdR5gdk1mIrg,2.04377870022555,2.7081290569951975,2.3589181167514903
331800,iHvKhF7Uk30Domr8uCORsSR904QSgslMQB+G+xe7JXNjm3QvGf2+VdR5gdk1mIrg,1.932137125175386,2.671175911973544,2.195076464939997
332100,iHvKhF7Uk30Domr8uCORsSR904QSgslMQB+G+xe7JXNjm3QvGf2+VdR5gdk1mIrg,1.9211073614957797,2.716446429560143,2.313178731967423
332400,iHvKhF7Uk30Domr8uCORsSR904QSgslMQB+G+xe7JXNjm3QvGf2+VdR5gdk1mIrg,1.9910378276406948,2.7186266043581395,2.2378675270554558
332700,iHvKhF7Uk30Domr8uCORsSR904QSgslMQB+G+xe7JXNjm3QvGf2+VdR5gdk1mIrg,1.984120703055624,2.782634175465189,2.298573994764044
333000,iHvKhF7Uk30Domr8uCORsSR904QSgslMQB+G+xe7JXNjm3QvGf2+VdR5gdk1mIrg,1.9416364294296984,2.6908378769633208,2.2326878806385535
333300,iHvKhF7Uk30Domr8uCORsSR904QSgslMQB+G+xe7JXNjm3QvGf2+VdR5gdk1mIrg,1.9830519196648528,2.7248821577044784,2.30711365239191
333600,iHvKhF7Uk30Domr8uCORsSR904QSgslMQB+G+xe7JXNjm3QvGf2+VdR5gdk1mIrg,1.837291799826791,2.4554904805793063,2.205599407788408
333900,iHvKhF7Uk30Domr8uCORsSR904QSgslMQB+G+xe7JXNjm3QvGf2+VdR5gdk1mIrg,1.913178712222884,2.8120276632775223,2.3151296664866527
334200,iHvKhF7Uk30Domr8uCORsSR904QSgslMQB+G+xe7JXNjm3QvGf2+VdR5gdk1mIrg,1.8337826946621485,2.7520145701184986,2.1657565533844787
334500,iHvKhF7Uk30Domr8uCORsSR904QSgslMQB+G+xe7JXNjm3QvGf2+VdR5gdk1mIrg,1.8871295265343475,2.846871965539927,2.3214654299598427
334800,iHvKhF7Uk30Domr8uCORsSR904QSgslMQB+G+xe7JXNjm3QvGf2+VdR5gdk1mIrg,1.9948818745628627,2.7609871907807046,2.257375831599039
335100,iHvKhF7Uk30Domr8uCORsSR904QSgslMQB+G+xe7JXNjm3QvGf2+VdR5gdk1mIrg,1.958402607154575,2.8347725813548585,2.3270788930607127
335400,iHvKhF7Uk30Domr8uCORsSR904QSgslMQB+G+xe7JXNjm3QvGf2+VdR5gdk1mIrg,1.9932899022432136,2.759530810501444,2.2359438728043712
335700,iHvKhF7Uk30Domr8uCORsSR904QSgslMQB+G+xe7JXNjm3QvGf2+VdR5gdk1mIrg,1.8363792165480144,2.745102908496569,2.290440578146806
336000,iHvKhF7Uk30Domr8uCORsSR904QSgslMQB+G+xe7JXNjm3QvGf2+VdR5gdk1mIrg,1.889917850050618,2.896668720544037,2.2218321337813056
336300,iHvKhF7Uk30Domr8uCORsSR904QSgslMQB+G+xe7JXNjm3QvGf2+VdR5gdk1mIrg,1.8341378186643555,2.792487399450581,2.3016513135125347
336600,iHvKhF7Uk30Domr8uCORsSR904QSgslMQB+G+xe7JXNjm3QvGf2+VdR5gdk1mIrg,1.7746448561810009,2.617388293610565,2.1967152802071728
336900,iHvKhF7Uk30Domr8uCORsSR904QSgslMQB+G+xe7JXNjm3QvGf2+VdR5gdk1mIrg,1.903576660024069,2.7602643638263213,2.2736010786417613
337200,iHvKhF7Uk30Domr8uCORsSR904QSgslMQB+G+xe7JXNjm3QvGf2+VdR5gdk1mIrg,1.903546468778042,2.9285964333128645,2.229598745328496
337500,iHvKhF7Uk30Domr8uCORsSR904QSgslMQB+G+xe7JXNjm3QvGf2+VdR5gdk1mIrg,1.8997282859988047,2.780091061091461,2.308116114727788
337800,iHvKhF7Uk30Domr8uCORsSR904QSgslMQB+G+xe7JXNjm3QvGf2+VdR5gdk1mIrg,1.9069769186094916,2.7908503384122927,2.1958661548251888
338100,iHvKhF7Uk30Domr8uCORsSR904QSgslMQB+G+xe7JXNjm3QvGf2+VdR5gdk1mIrg,1.964427505404712,2.671194518763992,2.2722441795596167
338400,iHvKhF7Uk30Domr8uCORsSR904QSgslMQB+G+xe7JXNjm3QvGf2+VdR5gdk1mIrg,1.7503053783857068,2.675087780521173,2.200863590455969
338700,iHvKhF7Uk30Domr8uCORsSR904QSgslMQB+G+xe7JXNjm3QvGf2+VdR5gdk1mIrg,1.9244787905437688,2.8995513638232975,2.3223745058650223
339000,iHvKhF7Uk30Domr8uCORsSR904QSgslMQB+G+xe7JXNjm3QvGf2+VdR5gdk1mIrg,1.8503680059719168,2.6240861111724434,2.2175884844207894
339300,iHvKhF7Uk30Domr8uCORsSR904QSgslMQB+G+xe7JXNjm3QvGf2+VdR5gdk1mIrg,1.7046132975916628,3.174568130238821,2.3022310158471124
339600,iHvKhF7Uk30Domr8uCORsSR904QSgslMQB+G+xe7JXNjm3QvGf2+VdR5gdk1mIrg,1.9525549810597864,2.6455149512093525,2.2434273690042152
339900,iHvKhF7Uk30Domr8uCORsSR904QSgslMQB+G+xe7JXNjm3QvGf2+VdR5gdk1mIrg,1.9924237143223216,3.3327528061145277,2.3733799751601348
340200,iHvKhF7Uk30Domr8uCORsSR904QSgslMQB+G+xe7JXNjm3QvGf2+VdR5gdk1mIrg,1.9010728171292817,2.967265133790681,2.2121813949526694
340500,iHvKhF7Uk30Domr8uCORsSR904QSgslMQB+G+xe7JXNjm3QvGf2+VdR5gdk1mIrg,1.798878685737006,3.0645079658383203,2.279013139282008
340800,iHvKhF7Uk30Domr8uCORsSR904QSgslMQB+G+xe7JXNjm3QvGf2+VdR5gdk1mIrg,1.9351361874224375,2.8464714704176863,2.2240087529856645
341100,iHvKhF7Uk30Domr8uCORsSR904QSgslMQB+G+xe7JXNjm3QvGf2+VdR5gdk1mIrg,1.8010150955594872,3.321704561251173,2.3407558837317337
341400,iHvKhF7Uk30Domr8uCORsSR904QSgslMQB+G+xe7JXNjm3QvGf2+VdR5gdk1mIrg,1.9223089344253503,2.868914423810612,2.2759895702660886
341700,iHvKhF7Uk30Domr8uCORsSR904QSgslMQB+G+xe7JXNjm3QvGf2+VdR5gdk1mIrg,1.8735025114329784,5.6330169614460495,2.7125604853473195
342000,iHvKhF7Uk30Domr8uCORsSR904QSgslMQB+G+xe7JXNjm3QvGf2+VdR5gdk1mIrg,1.842933999228008,19.089689146955745,3.878130791941092
342300,iHvKhF7Uk30Domr8uCORsSR904QSgslMQB+G+xe7JXNjm3QvGf2+VdR5gdk1mIrg,1.8066696040317165,3.0076169718967707,2.36192508983236
342600,iHvKhF7Uk30Domr8uCORsSR904QSgslMQB+G+xe7JXNjm3QvGf2+VdR5gdk1mIrg,2.014845602232227,7.399119144404872,3.3837354015228827
342900,iHvKhF7Uk30Domr8uCORsSR904QSgslMQB+G+xe7JXNjm3QvGf2+VdR5gdk1mIrg,1.907121346193591,3.3789324461231023,2.315343818866343
343200,iHvKhF7Uk30Domr8uCORsSR904QSgslMQB+G+xe7JXNjm3QvGf2+VdR5gdk1mIrg,1.8227219331668625,2.8553390734814794,2.2551976298515317
343500,iHvKhF7Uk30Domr8uCORsSR904QSgslMQB+G+xe7JXNjm3QvGf2+VdR5gdk1mIrg,2.023986103242076,3.24380593586953,2.373868753071549
343800,iHvKhF7Uk30Domr8uCORsSR904QSgslMQB+G+xe7JXNjm3QvGf2+VdR5gdk1mIrg,1.8376955692625727,2.892743080436785,2.245380609811931
344100,iHvKhF7Uk30Domr8uCORsSR904QSgslMQB+G+xe7JXNjm3QvGf2+VdR5gdk1mIrg,1.8736817191547224,4.699710527351582,2.511025290423512
344400,iHvKhF7Uk30Domr8uCORsSR904QSgslMQB+G+xe7JXNjm3QvGf2+VdR5gdk1mIrg,1.9373858027823536,2.6242300618660432,2.3064871107548988
344700,iHvKhF7Uk30Domr8uCORsSR904QSgslMQB+G+xe7JXNjm3QvGf2+VdR5gdk1mIrg,1.9381912420190048,2.988207322673007,2.2871266799974275
345000,iHvKhF7Uk30Domr8uCORsSR904QSgslMQB+G+xe7JXNjm3QvGf2+VdR5gdk1mIrg,1.8503419629931608,2.7847276224656543,2.213208789219606
345300,iHvKhF7Uk30Domr8uCORsSR904QSgslMQB+G+xe7JXNjm3QvGf2+VdR5gdk1mIrg,1.8974353176412695,3.1345624307620934,2.2510383829168776
345600,iHvKhF7Uk30Domr8uCORsSR904QSgslMQB+G+xe7JXNjm3QvGf2+VdR5gdk1mIrg,1.9201020062190872,2.7802771404228968,2.2908803055115525
345900,iHvKhF7Uk30Domr8uCORsSR904QSgslMQB+G+xe7JXNjm3QvGf2+VdR5gdk1mIrg,1.99606478580153,3.179298336242073,2.2698202817800235
346200,iHvKhF7Uk30Domr8uCORsSR904QSgslMQB+G+xe7JXNjm3QvGf2+VdR5gdk1mIrg,1.8797134123762584,2.775574335456268,2.254856276267216
346500,iHvKhF7Uk30Domr8uCORsSR904QSgslMQB+G+xe7JXNjm3QvGf2+VdR5gdk1mIrg,1.9167824308835544,3.07040218246662,2.2304467133617845
346800,iHvKhF7Uk30Domr8uCORsSR904QSgslMQB+G+xe7JXNjm3QvGf2+VdR5gdk1mIrg,1.8626256499693488,2.840849110677375,2.2701326779706816
347100,iHvKhF7Uk30Domr8uCORsSR904QSgslMQB+G+xe7JXNjm3QvGf2+VdR5gdk1mIrg,1.8575746718397448,3.0706925288543827,2.274785121890287
347400,iHvKhF7Uk30Domr8uCORsSR904QSgslMQB+G+xe7JXNjm3QvGf2+VdR5gdk1mIrg,1.9899471117508345,7.615666375650162,2.763911495877799
347700,iHvKhF7Uk30Domr8uCORsSR904QSgslMQB+G+xe7JXNjm3QvGf2+VdR5gdk1mIrg,1.870616932550742,2.7954325048830864,2.2397195804554824
348000,iHvKhF7Uk30Domr8uCORsSR904QSgslMQB+G+xe7JXNjm3QvGf2+VdR5gdk1mIrg,2.0109654374069392,2.6994388705488666,2.28993546763603
348300,iHvKhF7Uk30Domr8uCORsSR904QSgslMQB+G+xe7JXNjm3QvGf2+VdR5gdk1mIrg,2.001193190629912,3.006523198465501,2.270439944348466
348600,iHvKhF7Uk30Domr8uCORsSR904QSgslMQB+G+xe7JXNjm3QvGf2+VdR5gdk1mIrg,1.9452609736762088,2.8019144910541813,2.27239641909925
348900,iHvKhF7Uk30Domr8uCORsSR904QSgslMQB+G+xe7JXNjm3QvGf2+VdR5gdk1mIrg,1.9044734590406291,3.106916617990136,2.251371732632454
349200,iHvKhF7Uk30Domr8uCORsSR904QSgslMQB+G+xe7JXNjm3QvGf2+VdR5gdk1mIrg,1.961725641166136,2.7961892397034904,2.270284138403968
349500,iHvKhF7Uk30Domr8uCORsSR904QSgslMQB+G+xe7JXNjm3QvGf2+VdR5gdk1mIrg,2.04606653471052,3.048779560994591,2.297406272602712
349800,iHvKhF7Uk30Domr8uCORsSR904QSgslMQB+G+xe7JXNjm3QvGf2+VdR5gdk1mIrg,1.967691237839174,2.75843147235945,2.291790427001801
350100,iHvKhF7Uk30Domr8uCORsSR904QSgslMQB+G+xe7JXNjm3QvGf2+VdR5gdk1mIrg,1.925601539073034,3.106538400955792,2.2673388607536307
350400,iHvKhF7Uk30Domr8uCORsSR904QSgslMQB+G+xe7JXNjm3QvGf2+VdR5gdk1mIrg,1.9397515449957288,2.665515322069853,2.2768609864027467
350700,iHvKhF7Uk30Domr8uCORsSR904QSgslMQB+G+xe7JXNjm3QvGf2+VdR5gdk1mIrg,1.9249109235157629,3.185623110074576,2.267879996358773
351000,iHvKhF7Uk30Domr8uCORsSR904QSgslMQB+G+xe7JXNjm3QvGf2+VdR5gdk1mIrg,2.0530662482218176,2.7948514029325917,2.27320063681139
351300,iHvKhF7Uk30Domr8uCORsSR904QSgslMQB+G+xe7JXNjm3QvGf2+VdR5gdk1mIrg,1.983076271106836,2.9177788309955024,2.2328522382923515
351600,iHvKhF7Uk30Domr8uCORsSR904QSgslMQB+G+xe7JXNjm3QvGf2+VdR5gdk1mIrg,1.9596243850214392,2.7085804319230293,2.272602071709706
351900,iHvKhF7Uk30Domr8uCORsSR904QSgslMQB+G+xe7JXNjm3QvGf2+VdR5gdk1mIrg,1.9470012332478492,3.3315684163876957,2.268196227526544
352200,iHvKhF7Uk30Domr8uCORsSR904QSgslMQB+G+xe7JXNjm3QvGf2+VdR5gdk1mIrg,1.9471197691471187,2.681978497065249,2.280092417057131
352500,iHvKhF7Uk30Domr8uCORsSR904QSgslMQB+G+xe7JXNjm3QvGf2+VdR5gdk1mIrg,1.9604407022029624,3.1515246307079208,2.237207982655784
352800,iHvKhF7Uk30Domr8uCORsSR904QSgslMQB+G+xe7JXNjm3QvGf2+VdR5gdk1mIrg,1.8465233892381496,2.763862364935408,2.2779307230332315
353100,iHvKhF7Uk30Domr8uCORsSR904QSgslMQB+G+xe7JXNjm3QvGf2+VdR5gdk1mIrg,1.980039317192111,3.481610544143781,2.4375538016116307
353400,iHvKhF7Uk30Domr8uCORsSR904QSgslMQB+G+xe7JXNjm3QvGf2+VdR5gdk1mIrg,1.941306584189128,2.7272507575508587,2.270080074818972
353700,iHvKhF7Uk30Domr8uCORsSR904QSgslMQB+G+xe7JXNjm3QvGf2+VdR5gdk1mIrg,1.8472206429276277,3.164245505262904,2.252903497780241
354000,iHvKhF7Uk30Domr8uCORsSR904QSgslMQB+G+xe7JXNjm3QvGf2+VdR5gdk1mIrg,1.9890274845385012,2.795487340216032,2.270023822299015
354300,iHvKhF7Uk30Domr8uCORsSR904QSgslMQB+G+xe7JXNjm3QvGf2+VdR5gdk1mIrg,1.9420879440143648,3.3112127441456294,2.284088839177143
354600,iHvKhF7Uk30Domr8uCORsSR904QSgslMQB+G+xe7JXNjm3QvGf2+VdR5gdk1mIrg,1.9333153453314615,2.854679032291437,2.252325240711256
354900,iHvKhF7Uk30Domr8uCORsSR904QSgslMQB+G+xe7JXNjm3QvGf2+VdR5gdk1mIrg,1.9075550427685628,3.0954442310668515,2.2672801644047618
355200,iHvKhF7Uk30Domr8uCORsSR904QSgslMQB+G+xe7JXNjm3QvGf2+VdR5gdk1mIrg,1.9714855392880408,2.701391906461455,2.299517000629566
355500,iHvKhF7Uk30Domr8uCORsSR904QSgslMQB+G+xe7JXNjm3QvGf2+VdR5gdk1mIrg,1.970769142797565,3.1505662446286378,2.266216660842906
355800,iHvKhF7Uk30Domr8uCORsSR904QSgslMQB+G+xe7JXNjm3QvGf2+VdR5gdk1mIrg,1.6945419774228347,2.795229744968079,2.2713388611272567
356100,iHvKhF7Uk30Domr8uCORsSR904QSgslMQB+G+xe7JXNjm3QvGf2+VdR5gdk1mIrg,1.8080565118247416,2.9273264975498328,2.239019394472749
356400,iHvKhF7Uk30Domr8uCORsSR904QSgslMQB+G+xe7JXNjm3QvGf2+VdR5gdk1mIrg,1.8762369504293657,2.8757304102118373,2.268366076082264
356700,iHvKhF7Uk30Domr8uCORsSR904QSgslMQB+G+xe7JXNjm3QvGf2+VdR5gdk1mIrg,1.8232055050076796,3.0033466240183584,2.2891341731452486
357000,iHvKhF7Uk30Domr8uCORsSR904QSgslMQB+G+xe7JXNjm3QvGf2+VdR5gdk1mIrg,1.9249436065260588,2.720355502636203,2.249218048309317
357300,iHvKhF7Uk30Domr8uCORsSR904QSgslMQB+G+xe7JXNjm3QvGf2+VdR5gdk1mIrg,1.914241739920312,2.6503645792311845,2.211711111598984
357600,iHvKhF7Uk30Domr8uCORsSR904QSgslMQB+G+xe7JXNjm3QvGf2+VdR5gdk1mIrg,1.9068005103011896,2.5706595858034147,2.2926328277837005
357900,iHvKhF7Uk30Domr8uCORsSR904QSgslMQB+G+xe7JXNjm3QvGf2+VdR5gdk1mIrg,1.934948697736129,2.7838540640836347,2.2773854188676808
358200,iHvKhF7Uk30Domr8uCORsSR904QSgslMQB+G+xe7JXNjm3QvGf2+VdR5gdk1mIrg,1.9093104256932367,2.8821215729836624,2.2391620924914686
358500,iHvKhF7Uk30Domr8uCORsSR904QSgslMQB+G+xe7JXNjm3QvGf2+VdR5gdk1mIrg,2.0057492234422365,2.636706541399537,2.234924022250825
358800,iHvKhF7Uk30Domr8uCORsSR904QSgslMQB+G+xe7JXNjm3QvGf2+VdR5gdk1mIrg,1.8192409278002997,2.7562229794387902,2.2935686721295743
359100,iHvKhF7Uk30Domr8uCORsSR904QSgslMQB+G+xe7JXNjm3QvGf2+VdR5gdk1mIrg,1.8428147369552417,2.8925434363014815,2.2583325748739806
359400,iHvKhF7Uk30Domr8uCORsSR904QSgslMQB+G+xe7JXNjm3QvGf2+VdR5gdk1mIrg,1.954236783631176,2.8147066842629567,2.272620919242784
359700,iHvKhF7Uk30Domr8uCORsSR904QSgslMQB+G+xe7JXNjm3QvGf2+VdR5gdk1mIrg,1.9100984124492255,2.7024284052348437,2.2272471846970907
360000,iHvKhF7Uk30Domr8uCORsSR904QSgslMQB+G+xe7JXNjm3QvGf2+VdR5gdk1mIrg,1.94952327300062,2.796760847297476,2.2506299227638484
360300,iHvKhF7Uk30Domr8uCORsSR904QSgslMQB+G+xe7JXNjm3QvGf2+VdR5gdk1mIrg,1.9889473958517965,2.749325525024949,2.297029978116527
360600,iHvKhF7Uk30Domr8uCORsSR904QSgslMQB+G+xe7JXNjm3QvGf2+VdR5gdk1mIrg,1.9691596804208649,2.722334674015953,2.2685883036889702
360900,iHvKhF7Uk30Domr8uCORsSR904QSgslMQB+G+xe7JXNjm3QvGf2+VdR5gdk1mIrg,1.9672243335051527,2.8626156424066798,2.250953507441911
361200,iHvKhF7Uk30Domr8uCORsSR904QSgslMQB+G+xe7JXNjm3QvGf2+VdR5gdk1mIrg,1.831213328817064,2.777651597819314,2.2700384766625046
361500,iHvKhF7Uk30Domr8uCORsSR904QSgslMQB+G+xe7JXNjm3QvGf2+VdR5gdk1mIrg,1.9273529376613887,2.848540830429103,2.2636329976471203
361800,iHvKhF7Uk30Domr8uCORsSR904QSgslMQB+G+xe7JXNjm3QvGf2+VdR5gdk1mIrg,1.9980732902787357,2.691710898009765,2.3010252772340443
362100,iHvKhF7Uk30Domr8uCORsSR904QSgslMQB+G+xe7JXNjm3QvGf2+VdR5gdk1mIrg,1.9881881628823328,2.793106227718421,2.2757969049147815
362400,iHvKhF7Uk30Domr8uCORsSR904QSgslMQB+G+xe7JXNjm3QvGf2+VdR5gdk1mIrg,1.8403433633873263,2.6507162447556007,2.243490623831789
362700,iHvKhF7Uk30Domr8uCORsSR904QSgslMQB+G+xe7JXNjm3QvGf2+VdR5gdk1mIrg,2.030349469271308,2.7745475620622075,2.3249944571409884
363000,iHvKhF7Uk30Domr8uCORsSR904QSgslMQB+G+xe7JXNjm3QvGf2+VdR5gdk1mIrg,1.8682828476400324,2.5760612427629788,2.2163160071649086
363300,iHvKhF7Uk30Domr8uCORsSR904QSgslMQB+G+xe7JXNjm3QvGf2+VdR5gdk1mIrg,1.8911600093209415,2.6469450486593207,2.245844177637059
363600,iHvKhF7Uk30Domr8uCORsSR904QSgslMQB+G+xe7JXNjm3QvGf2+VdR5gdk1mIrg,1.867731806541016,2.835536611240839,2.305808418558495
363900,iHvKhF7Uk30Domr8uCORsSR904QSgslMQB+G+xe7JXNjm3QvGf2+VdR5gdk1mIrg,1.9659101446904363,2.7927056600369,2.3113901012510487
364200,iHvKhF7Uk30Domr8uCORsSR904QSgslMQB+G+xe7JXNjm3QvGf2+VdR5gdk1mIrg,1.982746338084142,2.775440163786264,2.2675062986010794
364500,iHvKhF7Uk30Domr8uCORsSR904QSgslMQB+G+xe7JXNjm3QvGf2+VdR5gdk1mIrg,1.9024881607764568,2.719324357551776,2.2379233726695595
364800,iHvKhF7Uk30Domr8uCORsSR904QSgslMQB+G+xe7JXNjm3QvGf2+VdR5gdk1mIrg,1.9775861474983043,2.8701130539528297,2.2981345840356515
365100,iHvKhF7Uk30Domr8uCORsSR904QSgslMQB+G+xe7JXNjm3QvGf2+VdR5gdk1mIrg,1.9643118156897783,2.938201113466562,2.2640161869704745
365400,iHvKhF7Uk30Domr8uCORsSR904QSgslMQB+G+xe7JXNjm3QvGf2+VdR5gdk1mIrg,1.8662154768895465,2.693979923432983,2.266642803463747
365700,iHvKhF7Uk30Domr8uCORsSR904QSgslMQB+G+xe7JXNjm3QvGf2+VdR5gdk1mIrg,2.032054863044096,2.7281341818534934,2.266233074210428
366000,iHvKhF7Uk30Domr8uCORsSR904QSgslMQB+G+xe7JXNjm3QvGf2+VdR5gdk1mIrg,2.006642497553913,2.7726310518084394,2.3022093926021467
366300,iHvKhF7Uk30Domr8uCORsSR904QSgslMQB+G+xe7JXNjm3QvGf2+VdR5gdk1mIrg,2.0409192185292078,2.873150561698638,2.2948810974706775
366600,iHvKhF7Uk30Domr8uCORsSR904QSgslMQB+G+xe7JXNjm3QvGf2+VdR5gdk1mIrg,1.8994769581667392,2.786962178246136,2.270198945688904
366900,iHvKhF7Uk30Domr8uCORsSR904QSgslMQB+G+xe7JXNjm3QvGf2+VdR5gdk1mIrg,1.9045665392275115,3.939864245379737,2.429333141165124
367200,iHvKhF7Uk30Domr8uCORsSR904QSgslMQB+G+xe7JXNjm3QvGf2+VdR5gdk1mIrg,1.9878122724193985,2.8406805489300835,2.3167000817920567
367500,iHvKhF7Uk30Domr8uCORsSR904QSgslMQB+G+xe7JXNjm3QvGf2+VdR5gdk1mIrg,1.9034969179176824,3.022666506269864,2.2705224398852266
367800,iHvKhF7Uk30Domr8uCORsSR904QSgslMQB+G+xe7JXNjm3QvGf2+VdR5gdk1mIrg,1.9149266632866009,2.9209118291311698,2.2712187331979794
368100,iHvKhF7Uk30Domr8uCORsSR904QSgslMQB+G+xe7JXNjm3QvGf2+VdR5gdk1mIrg,1.9290465310422027,2.6462160737132514,2.231246364486808
368400,iHvKhF7Uk30Domr8uCORsSR904QSgslMQB+G+xe7JXNjm3QvGf2+VdR5gdk1mIrg,1.8663283671031707,2.939280262628999,2.264284890426404
368700,iHvKhF7Uk30Domr8uCORsSR904QSgslMQB+G+xe7JXNjm3QvGf2+VdR5gdk1mIrg,1.7836935028973488,2.7689259325110247,2.2327064695520584
369000,iHvKhF7Uk30Domr8uCORsSR904QSgslMQB+G+xe7JXNjm3QvGf2+VdR5gdk1mIrg,1.9450281231851143,2.870831317338494,2.2648191197420373
369300,iHvKhF7Uk30Domr8uCORsSR904QSgslMQB+G+xe7JXNjm3QvGf2+VdR5gdk1mIrg,2.0441831922253084,2.7366429778850314,2.2914364888856142
369600,iHvKhF7Uk30Domr8uCORsSR904QSgslMQB+G+xe7JXNjm3QvGf2+VdR5gdk1mIrg,1.96941667748316,2.87572928882925,2.2606570400906434
369900,iHvKhF7Uk30Domr8uCORsSR904QSgslMQB+G+xe7JXNjm3QvGf2+VdR5gdk1mIrg,1.960808427090016,2.907339542977628,2.292726965922332
370200,iHvKhF7Uk30Domr8uCORsSR904QSgslMQB+G+xe7JXNjm3QvGf2+VdR5gdk1mIrg,1.93844778031998,2.7368211541577,2.2577886061334658
370500,iHvKhF7Uk30Domr8uCORsSR904QSgslMQB+G+xe7JXNjm3QvGf2+VdR5gdk1mIrg,1.87125446549327,2.7161877583838345,2.254914838703052
370800,iHvKhF7Uk30Domr8uCORsSR904QSgslMQB+G+xe7JXNjm3QvGf2+VdR5gdk1mIrg,2.0126640595376557,19.759560406571623,3.946011401777197
371100,iHvKhF7Uk30Domr8uCORsSR904QSgslMQB+G+xe7JXNjm3QvGf2+VdR5gdk1mIrg,2.043242036281381,3.4755937615864534,2.339354605297057
371400,iHvKhF7Uk30Domr8uCORsSR904QSgslMQB+G+xe7JXNjm3QvGf2+VdR5gdk1mIrg,1.928089862488128,7.42888426126296,3.3511988572002207
371700,iHvKhF7Uk30Domr8uCORsSR904QSgslMQB+G+xe7JXNjm3QvGf2+VdR5gdk1mIrg,1.983663379488192,2.8543530079105,2.2917366827236085
372000,iHvKhF7Uk30Domr8uCORsSR904QSgslMQB+G+xe7JXNjm3QvGf2+VdR5gdk1mIrg,1.9890942442696613,2.9123578752641226,2.2935177930160577
372300,iHvKhF7Uk30Domr8uCORsSR904QSgslMQB+G+xe7JXNjm3QvGf2+VdR5gdk1mIrg,1.9501738160913689,2.7908035042110964,2.2449413839509127
372600,iHvKhF7Uk30Domr8uCORsSR904QSgslMQB+G+xe7JXNjm3QvGf2+VdR5gdk1mIrg,1.8853596312789171,2.650901824704492,2.2620774570540245
372900,iHvKhF7Uk30Domr8uCORsSR904QSgslMQB+G+xe7JXNjm3QvGf2+VdR5gdk1mIrg,1.9138464418753016,2.675528033290151,2.269888485779566
373200,iHvKhF7Uk30Domr8uCORsSR904QSgslMQB+G+xe7JXNjm3QvGf2+VdR5gdk1mIrg,2.0342686217091126,2.715904747776587,2.2971915055950065
373500,iHvKhF7Uk30Domr8uCORsSR904QSgslMQB+G+xe7JXNjm3QvGf2+VdR5gdk1mIrg,1.999539682394185,2.587936193237942,2.260119961496777
373800,iHvKhF7Uk30Domr8uCORsSR904QSgslMQB+G+xe7JXNjm3QvGf2+VdR5gdk1mIrg,1.9799466693319177,2.70120541663006,2.27901546040147
374100,iHvKhF7Uk30Domr8uCORsSR904QSgslMQB+G+xe7JXNjm3QvGf2+VdR5gdk1mIrg,1.8573427441179744,2.664386999741723,2.250119111249933
374400,iHvKhF7Uk30Domr8uCORsSR904QSgslMQB+G+xe7JXNjm3QvGf2+VdR5gdk1mIrg,1.893599328667886,2.742738348008336,2.2676791719569955
374700,iHvKhF7Uk30Domr8uCORsSR904QSgslMQB+G+xe7JXNjm3QvGf2+VdR5gdk1mIrg,1.8600973315572833,2.680839021418981,2.3310030076344934
375000,iHvKhF7Uk30Domr8uCORsSR904QSgslMQB+G+xe7JXNjm3QvGf2+VdR5gdk1mIrg,1.9558599782614916,2.779474254124591,2.27178355566304
375300,iHvKhF7Uk30Domr8uCORsSR904QSgslMQB+G+xe7JXNjm3QvGf2+VdR5gdk1mIrg,1.9229617120150515,2.794445468369565,2.2574845933039263
375600,iHvKhF7Uk30Domr8uCORsSR904QSgslMQB+G+xe7JXNjm3QvGf2+VdR5gdk1mIrg,1.8824896687534447,2.8152664804569087,2.2689199180762034
375900,iHvKhF7Uk30Domr8uCORsSR904QSgslMQB+G+xe7JXNjm3QvGf2+VdR5gdk1mIrg,1.941998184927187,2.8777497940892105,2.2688838229925135
376200,iHvKhF7Uk30Domr8uCORsSR904QSgslMQB+G+xe7JXNjm3QvGf2+VdR5gdk1mIrg,1.8775358505136173,2.7555089356245297,2.2582275490127426
376500,iHvKhF7Uk30Domr8uCORsSR904QSgslMQB+G+xe7JXNjm3QvGf2+VdR5gdk1mIrg,1.829530881955784,2.7457327448604607,2.2480777052533214
376800,iHvKhF7Uk30Domr8uCORsSR904QSgslMQB+G+xe7JXNjm3QvGf2+VdR5gdk1mIrg,1.910167435171076,2.6003868294951,2.2663011348093267
377100,iHvKhF7Uk30Domr8uCORsSR904QSgslMQB+G+xe7JXNjm3QvGf2+VdR5gdk1mIrg,1.9920547459586575,2.958891844876616,2.300348011952809
377400,iHvKhF7Uk30Domr8uCORsSR904QSgslMQB+G+xe7JXNjm3QvGf2+VdR5gdk1mIrg,1.8887924463996368,2.772557020497148,2.30003838106044
377700,iHvKhF7Uk30Domr8uCORsSR904QSgslMQB+G+xe7JXNjm3QvGf2+VdR5gdk1mIrg,1.9155360936134465,2.7586125681318574,2.2874105779314955
378000,iHvKhF7Uk30Domr8uCORsSR904QSgslMQB+G+xe7JXNjm3QvGf2+VdR5gdk1mIrg,1.9206148344002387,2.88537270365353,2.307530350254845
378300,iHvKhF7Uk30Domr8uCORsSR904QSgslMQB+G+xe7JXNjm3QvGf2+VdR5gdk1mIrg,1.9359770437709232,2.8356593137072057,2.3039666870729434
378600,iHvKhF7Uk30Domr8uCORsSR904QSgslMQB+G+xe7JXNjm3QvGf2+VdR5gdk1mIrg,1.8943293234006344,2.853539087773326,2.266221766889111
378900,iHvKhF7Uk30Domr8uCORsSR904QSgslMQB+G+xe7JXNjm3QvGf2+VdR5gdk1mIrg,1.9575653807813356,2.7429074979502626,2.293768017816876
379200,iHvKhF7Uk30Domr8uCORsSR904QSgslMQB+G+xe7JXNjm3QvGf2+VdR5gdk1mIrg,1.826528082200458,2.789508238386844,2.2806123358414587
379500,iHvKhF7Uk30Domr8uCORsSR904QSgslMQB+G+xe7JXNjm3QvGf2+VdR5gdk1mIrg,2.0459777723456485,2.9711324145507603,2.3173923231342632
379800,iHvKhF7Uk30Domr8uCORsSR904QSgslMQB+G+xe7JXNjm3QvGf2+VdR5gdk1mIrg,2.035543375714824,2.7294992127634634,2.272909476873204
380100,iHvKhF7Uk30Domr8uCORsSR904QSgslMQB+G+xe7JXNjm3QvGf2+VdR5gdk1mIrg,1.929197978664448,2.7821463438909246,2.284862892852051
380400,iHvKhF7Uk30Domr8uCORsSR904QSgslMQB+G+xe7JXNjm3QvGf2+VdR5gdk1mIrg,1.8211282058543588,2.840096084248954,2.273321139937179
380700,iHvKhF7Uk30Domr8uCORsSR904QSgslMQB+G+xe7JXNjm3QvGf2+VdR5gdk1mIrg,2.052648301697225,2.9404696720113144,2.3286459993508544
381000,iHvKhF7Uk30Domr8uCORsSR904QSgslMQB+G+xe7JXNjm3QvGf2+VdR5gdk1mIrg,1.9414246595809652,2.8666979584096146,2.247280108922148
381300,iHvKhF7Uk30Domr8uCORsSR904QSgslMQB+G+xe7JXNjm3QvGf2+VdR5gdk1mIrg,1.947900622629076,2.8736798571022373,2.259264161552335
381600,iHvKhF7Uk30Domr8uCORsSR904QSgslMQB+G+xe7JXNjm3QvGf2+VdR5gdk1mIrg,1.854456515730372,2.935666252138317,2.288253723568801
381900,iHvKhF7Uk30Domr8uCORsSR904QSgslMQB+G+xe7JXNjm3QvGf2+VdR5gdk1mIrg,1.9070089576906768,2.750101412846621,2.287408785536098
382200,iHvKhF7Uk30Domr8uCORsSR904QSgslMQB+G+xe7JXNjm3QvGf2+VdR5gdk1mIrg,2.031436371770867,2.778377480843641,2.2672411205686247
382500,iHvKhF7Uk30Domr8uCORsSR904QSgslMQB+G+xe7JXNjm3QvGf2+VdR5gdk1mIrg,1.9806973414255944,2.879338862252992,2.2597937865407185
382800,iHvKhF7Uk30Domr8uCORsSR904QSgslMQB+G+xe7JXNjm3QvGf2+VdR5gdk1mIrg,1.9690809517776493,2.759847727779292,2.2562201165758378
383100,iHvKhF7Uk30Domr8uCORsSR904QSgslMQB+G+xe7JXNjm3QvGf2+VdR5gdk1mIrg,1.861304194831373,2.9284083456345784,2.304354884011122
383400,iHvKhF7Uk30Domr8uCORsSR904QSgslMQB+G+xe7JXNjm3QvGf2+VdR5gdk1mIrg,1.9686708277585525,2.896408671975552,2.3073726454336865
383700,iHvKhF7Uk30Domr8uCORsSR904QSgslMQB+G+xe7JXNjm3QvGf2+VdR5gdk1mIrg,1.9757394560059764,2.85802296920229,2.262551772822003
384000,iHvKhF7Uk30Domr8uCORsSR904QSgslMQB+G+xe7JXNjm3QvGf2+VdR5gdk1mIrg,1.99261560839238,2.7513457196880107,2.294400722129737
384300,iHvKhF7Uk30Domr8uCORsSR904QSgslMQB+G+xe7JXNjm3QvGf2+VdR5gdk1mIrg,1.989739642948972,2.892177943256668,2.354689759367349
384600,iHvKhF7Uk30Domr8uCORsSR904QSgslMQB+G+xe7JXNjm3QvGf2+VdR5gdk1mIrg,1.9425826846108112,2.7184866834740946,2.2749259030072
384900,iHvKhF7Uk30Domr8uCORsSR904QSgslMQB+G+xe7JXNjm3QvGf2+VdR5gdk1mIrg,2.065761206576121,2.842620635801976,2.282374309213052
385200,iHvKhF7Uk30Domr8uCORsSR904QSgslMQB+G+xe7JXNjm3QvGf2+VdR5gdk1mIrg,1.9950774727582128,2.8985008156669614,2.2859620822800624
385500,iHvKhF7Uk30Domr8uCORsSR904QSgslMQB+G+xe7JXNjm3QvGf2+VdR5gdk1mIrg,2.0170575529332773,2.707220851984109,2.303804493646852
385800,iHvKhF7Uk30Domr8uCORsSR904QSgslMQB+G+xe7JXNjm3QvGf2+VdR5gdk1mIrg,1.9262991821851605,2.7816315629597783,2.3131133790805043
386100,iHvKhF7Uk30Domr8uCORsSR904QSgslMQB+G+xe7JXNjm3QvGf2+VdR5gdk1mIrg,1.873508722037328,2.816155789229474,2.272232760218029
386400,iHvKhF7Uk30Domr8uCORsSR904QSgslMQB+G+xe7JXNjm3QvGf2+VdR5gdk1mIrg,1.857416510241795,2.726587078493269,2.30560161984628
386700,iHvKhF7Uk30Domr8uCORsSR904QSgslMQB+G+xe7JXNjm3QvGf2+VdR5gdk1mIrg,1.957166752144033,2.69905018623065,2.297890802316759
387000,iHvKhF7Uk30Domr8uCORsSR904QSgslMQB+G+xe7JXNjm3QvGf2+VdR5gdk1mIrg,1.9961643697990976,2.7206562008818738,2.280338772011657
387300,iHvKhF7Uk30Domr8uCORsSR904QSgslMQB+G+xe7JXNjm3QvGf2+VdR5gdk1mIrg,1.9610526065659353,2.702903299369187,2.2627690297449603
387600,iHvKhF7Uk30Domr8uCORsSR904QSgslMQB+G+xe7JXNjm3QvGf2+VdR5gdk1mIrg,1.873353255559148,2.8053819935799487,2.299881061013741
387900,iHvKhF7Uk30Domr8uCORsSR904QSgslMQB+G+xe7JXNjm3QvGf2+VdR5gdk1mIrg,2.012290716799712,2.758652002234556,2.2989374195329826
388200,iHvKhF7Uk30Domr8uCORsSR904QSgslMQB+G+xe7JXNjm3QvGf2+VdR5gdk1mIrg,1.9382309395025876,2.769622671056605,2.28761278997365
388500,iHvKhF7Uk30Domr8uCORsSR904QSgslMQB+G+xe7JXNjm3QvGf2+VdR5gdk1mIrg,2.0316077487503508,2.7810882332791365,2.2498939193819925
388800,iHvKhF7Uk30Domr8uCORsSR904QSgslMQB+G+xe7JXNjm3QvGf2+VdR5gdk1mIrg,1.9917383313203707,2.737082213383028,2.2966612180536163
389100,iHvKhF7Uk30Domr8uCORsSR904QSgslMQB+G+xe7JXNjm3QvGf2+VdR5gdk1mIrg,1.9892538671511373,2.9952171184915675,2.326237109690175
389400,iHvKhF7Uk30Domr8uCORsSR904QSgslMQB+G+xe7JXNjm3QvGf2+VdR5gdk1mIrg,1.874918115378979,2.920384806156368,2.279567202191396
389700,iHvKhF7Uk30Domr8uCORsSR904QSgslMQB+G+xe7JXNjm3QvGf2+VdR5gdk1mIrg,1.949684862394752,2.8177380184497385,2.2636722681305974
390000,iHvKhF7Uk30Domr8uCORsSR904QSgslMQB+G+xe7JXNjm3QvGf2+VdR5gdk1mIrg,1.883154665698453,2.806800216997015,2.287703367007168
390300,iHvKhF7Uk30Domr8uCORsSR904QSgslMQB+G+xe7JXNjm3QvGf2+VdR5gdk1mIrg,1.949022902673763,2.7191850533899085,2.2535703830610303
390600,iHvKhF7Uk30Domr8uCORsSR904QSgslMQB+G+xe7JXNjm3QvGf2+VdR5gdk1mIrg,1.9904878245518305,8.45432901468445,2.7561970399125344
390900,iHvKhF7Uk30Domr8uCORsSR904QSgslMQB+G+xe7JXNjm3QvGf2+VdR5gdk1mIrg,1.9476586834974212,2.757047473345825,2.233130186398105
391200,iHvKhF7Uk30Domr8uCORsSR904QSgslMQB+G+xe7JXNjm3QvGf2+VdR5gdk1mIrg,2.0080871805905933,2.7564288345307517,2.2586332491522536
391500,iHvKhF7Uk30Domr8uCORsSR904QSgslMQB+G+xe7JXNjm3QvGf2+VdR5gdk1mIrg,2.050681023581419,2.894614795521856,2.282580140443576
391800,iHvKhF7Uk30Domr8uCORsSR904QSgslMQB+G+xe7JXNjm3QvGf2+VdR5gdk1mIrg,1.9583212873168236,2.6332665968737614,2.246941279695167
392100,iHvKhF7Uk30Domr8uCORsSR904QSgslMQB+G+xe7JXNjm3QvGf2+VdR5gdk1mIrg,1.9381537832977689,2.617353331296629,2.253339752328311
392400,iHvKhF7Uk30Domr8uCORsSR904QSgslMQB+G+xe7JXNjm3QvGf2+VdR5gdk1mIrg,1.9947131568430136,2.8168800855602125,2.310135090793451
392700,iHvKhF7Uk30Domr8uCORsSR904QSgslMQB+G+xe7JXNjm3QvGf2+VdR5gdk1mIrg,1.963773831635531,2.749189357787535,2.242274095363877
393000,iHvKhF7Uk30Domr8uCORsSR904QSgslMQB+G+xe7JXNjm3QvGf2+VdR5gdk1mIrg,1.9977449596225767,2.787888490487036,2.2878922226664007
393300,iHvKhF7Uk30Domr8uCORsSR904QSgslMQB+G+xe7JXNjm3QvGf2+VdR5gdk1mIrg,1.9842299572624205,2.55085871823973,2.2892298433525515
393600,iHvKhF7Uk30Domr8uCORsSR904QSgslMQB+G+xe7JXNjm3QvGf2+VdR5gdk1mIrg,1.8583653807313008,2.6311159212424724,2.2460373769552966
393900,iHvKhF7Uk30Domr8uCORsSR904QSgslMQB+G+xe7JXNjm3QvGf2+VdR5gdk1mIrg,1.9076007930240249,2.7809739718109943,2.266011725273064
394200,iHvKhF7Uk30Domr8uCORsSR904QSgslMQB+G+xe7JXNjm3QvGf2+VdR5gdk1mIrg,1.9728798479491527,2.789700550004917,2.2740334610049406
394500,iHvKhF7Uk30Domr8uCORsSR904QSgslMQB+G+xe7JXNjm3QvGf2+VdR5gdk1mIrg,1.961042337666324,2.73704859726319,2.2299928658076493
394800,iHvKhF7Uk30Domr8uCORsSR904QSgslMQB+G+xe7JXNjm3QvGf2+VdR5gdk1mIrg,1.9147417670227584,2.6692848780669287,2.2786574967568245
395100,iHvKhF7Uk30Domr8uCORsSR904QSgslMQB+G+xe7JXNjm3QvGf2+VdR5gdk1mIrg,1.969097099157328,2.685768360755904,2.2674861649593567
395400,iHvKhF7Uk30Domr8uCORsSR904QSgslMQB+G+xe7JXNjm3QvGf2+VdR5gdk1mIrg,1.974378761285981,2.7355853169850888,2.253117062797276
395700,iHvKhF7Uk30Domr8uCORsSR904QSgslMQB+G+xe7JXNjm3QvGf2+VdR5gdk1mIrg,1.9395599513715849,2.6201717118455177,2.2406345993468597
396000,iHvKhF7Uk30Domr8uCORsSR904QSgslMQB+G+xe7JXNjm3QvGf2+VdR5gdk1mIrg,1.9701349760526188,2.8165760553554144,2.2475035545517144
396300,iHvKhF7Uk30Domr8uCORsSR904QSgslMQB+G+xe7JXNjm3QvGf2+VdR5gdk1mIrg,1.948136447643624,2.809750399230871,2.316317478472304
396600,iHvKhF7Uk30Domr8uCORsSR904QSgslMQB+G+xe7JXNjm3QvGf2+VdR5gdk1mIrg,2.061853086485697,2.7136214290202534,2.280701087920325
396900,iHvKhF7Uk30Domr8uCORsSR904QSgslMQB+G+xe7JXNjm3QvGf2+VdR5gdk1mIrg,1.9795615050459452,2.893315442002083,2.2803861480715804
397200,iHvKhF7Uk30Domr8uCORsSR904QSgslMQB+G+xe7JXNjm3QvGf2+VdR5gdk1mIrg,1.9813752010424284,2.777642500035972,2.2332661757768637
397500,iHvKhF7Uk30Domr8uCORsSR904QSgslMQB+G+xe7JXNjm3QvGf2+VdR5gdk1mIrg,1.9114361417502144,2.57152970297132,2.2238249413105757
397800,iHvKhF7Uk30Domr8uCORsSR904QSgslMQB+G+xe7JXNjm3QvGf2+VdR5gdk1mIrg,1.935212200495416,2.8263029138429747,2.234128568427755
398100,iHvKhF7Uk30Domr8uCORsSR904QSgslMQB+G+xe7JXNjm3QvGf2+VdR5gdk1mIrg,1.9038149537694844,2.71616006664364,2.2173875921214727
398400,iHvKhF7Uk30Domr8uCORsSR904QSgslMQB+G+xe7JXNjm3QvGf2+VdR5gdk1mIrg,1.9591958149813655,2.7716818236961487,2.29668332601374
398700,iHvKhF7Uk30Domr8uCORsSR904QSgslMQB+G+xe7JXNjm3QvGf2+VdR5gdk1mIrg,1.9185686601276668,2.5850198409414715,2.2370293425974728
399000,iHvKhF7Uk30Domr8uCORsSR904QSgslMQB+G+xe7JXNjm3QvGf2+VdR5gdk1mIrg,1.8275404829680824,2.8443602841828635,2.2522228842824648
399300,iHvKhF7Uk30Domr8uCORsSR904QSgslMQB+G+xe7JXNjm3QvGf2+VdR5gdk1mIrg,1.9013156850978767,2.8390428172216726,2.246544436467807
399600,iHvKhF7Uk30Domr8uCORsSR904QSgslMQB+G+xe7JXNjm3QvGf2+VdR5gdk1mIrg,2.051232422091036,19.3792912842897,3.8851114520329935
399900,iHvKhF7Uk30Domr8uCORsSR904QSgslMQB+G+xe7JXNjm3QvGf2+VdR5gdk1mIrg,1.963943592872625,3.326495651354776,2.346738339930103
400200,iHvKhF7Uk30Domr8uCORsSR904QSgslMQB+G+xe7JXNjm3QvGf2+VdR5gdk1mIrg,1.995954120556358,8.074015157852092,3.380742854940054
400500,iHvKhF7Uk30Domr8uCORsSR904QSgslMQB+G+xe7JXNjm3QvGf2+VdR5gdk1mIrg,2.0322006405380337,2.601819757806227,2.304251488453998
400800,iHvKhF7Uk30Domr8uCORsSR904QSgslMQB+G+xe7JXNjm3QvGf2+VdR5gdk1mIrg,1.9715304155972728,2.8304302737285547,2.285420542966621
401100,iHvKhF7Uk30Domr8uCORsSR904QSgslMQB+G+xe7JXNjm3QvGf2+VdR5gdk1mIrg,1.910298541001988,2.6148152982199706,2.231265407646654
401400,iHvKhF7Uk30Domr8uCORsSR904QSgslMQB+G+xe7JXNjm3QvGf2+VdR5gdk1mIrg,1.959795095311935,2.7145007815572395,2.2344913041581806
401700,iHvKhF7Uk30Domr8uCORsSR904QSgslMQB+G+xe7JXNjm3QvGf2+VdR5gdk1mIrg,1.9553028591912227,2.951040045752481,2.241594016524612
402000,iHvKhF7Uk30Domr8uCORsSR904QSgslMQB+G+xe7JXNjm3QvGf2+VdR5gdk1mIrg,1.952015831738416,2.8778406411654807,2.285077612260319
402300,iHvKhF7Uk30Domr8uCORsSR904QSgslMQB+G+xe7JXNjm3QvGf2+VdR5gdk1mIrg,2.0275534332202185,2.6078423103037256,2.2591053044189566
402600,iHvKhF7Uk30Domr8uCORsSR904QSgslMQB+G+xe7JXNjm3QvGf2+VdR5gdk1mIrg,2.004487056760972,2.9230103507353995,2.286497285154428
402900,iHvKhF7Uk30Domr8uCORsSR904QSgslMQB+G+xe7JXNjm3QvGf2+VdR5gdk1mIrg,1.9472230231860284,2.744323575592181,2.243355931363464
403200,iHvKhF7Uk30Domr8uCORsSR904QSgslMQB+G+xe7JXNjm3QvGf2+VdR5gdk1mIrg,1.9453442998421464,2.826282806546613,2.275429398880575
403500,iHvKhF7Uk30Domr8uCORsSR904QSgslMQB+G+xe7JXNjm3QvGf2+VdR5gdk1mIrg,1.8405048913398747,3.0690173708401183,2.2724699811726055
403800,iHvKhF7Uk30Domr8uCORsSR904QSgslMQB+G+xe7JXNjm3QvGf2+VdR5gdk1mIrg,1.87533786326762,2.881936837743716,2.23662924121179
404100,iHvKhF7Uk30Domr8uCORsSR904QSgslMQB+G+xe7JXNjm3QvGf2+VdR5gdk1mIrg,1.936487456791236,2.773133232467352,2.2729420324877307
404400,iHvKhF7Uk30Domr8uCORsSR904QSgslMQB+G+xe7JXNjm3QvGf2+VdR5gdk1mIrg,1.8787793319068504,2.846425144327688,2.2736692544128707
404700,iHvKhF7Uk30Domr8uCORsSR904QSgslMQB+G+xe7JXNjm3QvGf2+VdR5gdk1mIrg,1.8810533357108097,2.7476047149902287,2.2554687460686518
405000,iHvKhF7Uk30Domr8uCORsSR904QSgslMQB+G+xe7JXNjm3QvGf2+VdR5gdk1mIrg,1.9390860661916467,2.8118455747190847,2.249010674109775
405300,iHvKhF7Uk30Domr8uCORsSR904QSgslMQB+G+xe7JXNjm3QvGf2+VdR5gdk1mIrg,1.8366482273351208,2.712626655548036,2.235715198896565
405600,iHvKhF7Uk30Domr8uCORsSR904QSgslMQB+G+xe7JXNjm3QvGf2+VdR5gdk1mIrg,1.9102583238782411,2.969418006401414,2.258262428898104
405900,iHvKhF7Uk30Domr8uCORsSR904QSgslMQB+G+xe7JXNjm3QvGf2+VdR5gdk1mIrg,2.013892780731023,2.723057721804787,2.278446546135655
406200,iHvKhF7Uk30Domr8uCORsSR904QSgslMQB+G+xe7JXNjm3QvGf2+VdR5gdk1mIrg,1.9158676171730813,2.754752566188272,2.295867610876485
406500,iHvKhF7Uk30Domr8uCORsSR904QSgslMQB+G+xe7JXNjm3QvGf2+VdR5gdk1mIrg,1.8154867965434591,2.696067416574976,2.2174471289527333
406800,iHvKhF7Uk30Domr8uCORsSR904QSgslMQB+G+xe7JXNjm3QvGf2+VdR5gdk1mIrg,2.0769724901173943,2.761707736656819,2.2957456573637804
407100,iHvKhF7Uk30Domr8uCORsSR904QSgslMQB+G+xe7JXNjm3QvGf2+VdR5gdk1mIrg,1.9188822741847509,2.98248716297596,2.2886286611000006
407400,iHvKhF7Uk30Domr8uCORsSR904QSgslMQB+G+xe7JXNjm3QvGf2+VdR5gdk1mIrg,1.934668080518667,2.7329853277809435,2.255784230207761
407700,iHvKhF7Uk30Domr8uCORsSR904QSgslMQB+G+xe7JXNjm3QvGf2+VdR5gdk1mIrg,2.026457871874201,2.7449837058386195,2.250892297831704
408000,iHvKhF7Uk30Domr8uCORsSR904QSgslMQB+G+xe7JXNjm3QvGf2+VdR5gdk1mIrg,1.937055679940376,2.7192626285394383,2.2410268840172494
408300,iHvKhF7Uk30Domr8uCORsSR904QSgslMQB+G+xe7JXNjm3QvGf2+VdR5gdk1mIrg,2.014611235928585,2.707793979851828,2.2745168926695074
408600,iHvKhF7Uk30Domr8uCORsSR904QSgslMQB+G+xe7JXNjm3QvGf2+VdR5gdk1mIrg,1.9679608335316967,2.637913433951596,2.251174786406133
408900,iHvKhF7Uk30Domr8uCORsSR904QSgslMQB+G+xe7JXNjm3QvGf2+VdR5gdk1mIrg,1.9915023421650824,2.493526233811685,2.195812362737645
409200,iHvKhF7Uk30Domr8uCORsSR904QSgslMQB+G+xe7JXNjm3QvGf2+VdR5gdk1mIrg,2.0464460330511502,2.800226089628795,2.255311976009567
409500,iHvKhF7Uk30Domr8uCORsSR904QSgslMQB+G+xe7JXNjm3QvGf2+VdR5gdk1mIrg,2.0320126069369677,2.7308553535540847,2.2452697234034757
409800,iHvKhF7Uk30Domr8uCORsSR904QSgslMQB+G+xe7JXNjm3QvGf2+VdR5gdk1mIrg,1.875543637684837,2.7370742403908235,2.269669790312547
410100,iHvKhF7Uk30Domr8uCORsSR904QSgslMQB+G+xe7JXNjm3QvGf2+VdR5gdk1mIrg,1.9463506037451024,2.7006458383898475,2.2436312770929456
410400,iHvKhF7Uk30Domr8uCORsSR904QSgslMQB+G+xe7JXNjm3QvGf2+VdR5gdk1mIrg,2.0247025947911648,2.8097935482013785,2.2903251353068024
410700,iHvKhF7Uk30Domr8uCORsSR904QSgslMQB+G+xe7JXNjm3QvGf2+VdR5gdk1mIrg,1.924348599483373,2.987672328113282,2.26275359564592
411000,iHvKhF7Uk30Domr8uCORsSR904QSgslMQB+G+xe7JXNjm3QvGf2+VdR5gdk1mIrg,1.859707891553998,2.799408844586456,2.216663434231955
411300,iHvKhF7Uk30Domr8uCORsSR904QSgslMQB+G+xe7JXNjm3QvGf2+VdR5gdk1mIrg,1.1276546836024093,31.86058518760544,12.025236281811315
411600,iHvKhF7Uk30Domr8uCORsSR904QSgslMQB+G+xe7JXNjm3QvGf2+VdR5gdk1mIrg,2.105252147290943,36.35257864215051,8.09152235778039
411900,iHvKhF7Uk30Domr8uCORsSR904QSgslMQB+G+xe7JXNjm3QvGf2+VdR5gdk1mIrg,5.661282094844415,65.49916443317291,32.8460885501613
412200,iHvKhF7Uk30Domr8uCORsSR904QSgslMQB+G+xe7JXNjm3QvGf2+VdR5gdk1mIrg,45.4402782372018,68.91774778964641,58.511894469309865
412500,iHvKhF7Uk30Domr8uCORsSR904QSgslMQB+G+xe7JXNjm3QvGf2+VdR5gdk1mIrg,47.99046849880723,80.89673325151684,66.74727159101732
412800,iHvKhF7Uk30Domr8uCORsSR904QSgslMQB+G+xe7JXNjm3QvGf2+VdR5gdk1mIrg,41.3756728164328,78.10882843332598,64.94521624750952
413100,iHvKhF7Uk30Domr8uCORsSR904QSgslMQB+G+xe7JXNjm3QvGf2+VdR5gdk1mIrg,49.77406175911565,73.68290859962691,65.37084645923535
413400,iHvKhF7Uk30Domr8uCORsSR904QSgslMQB+G+xe7JXNjm3QvGf2+VdR5gdk1mIrg,56.0752530740379,71.806644218486,64.22432914623815
413700,iHvKhF7Uk30Domr8uCORsSR904QSgslMQB+G+xe7JXNjm3QvGf2+VdR5gdk1mIrg,50.049833369026246,71.31248498643467,63.58737053237965
414000,iHvKhF7Uk30Domr8uCORsSR904QSgslMQB+G+xe7JXNjm3QvGf2+VdR5gdk1mIrg,51.357186695126686,69.5060527632127,61.811918115668526
414300,iHvKhF7Uk30Domr8uCORsSR904QSgslMQB+G+xe7JXNjm3QvGf2+VdR5gdk1mIrg,50.4727547249071,75.4861505016824,60.97299578702894
414600,iHvKhF7Uk30Domr8uCORsSR904QSgslMQB+G+xe7JXNjm3QvGf2+VdR5gdk1mIrg,57.430560978897546,73.75550304183203,65.91175013458187
414900,iHvKhF7Uk30Domr8uCORsSR904QSgslMQB+G+xe7JXNjm3QvGf2+VdR5gdk1mIrg,44.42222438345814,70.02113189458906,58.950219645660376
415200,iHvKhF7Uk30Domr8uCORsSR904QSgslMQB+G+xe7JXNjm3QvGf2+VdR5gdk1mIrg,47.79825151303295,63.42051459411678,55.66716807110652
415500,iHvKhF7Uk30Domr8uCORsSR904QSgslMQB+G+xe7JXNjm3QvGf2+VdR5gdk1mIrg,60.66143571887256,75.20897479049296,67.6147735943267
415800,iHvKhF7Uk30Domr8uCORsSR904QSgslMQB+G+xe7JXNjm3QvGf2+VdR5gdk1mIrg,50.1603161288494,68.50268746057112,60.57809538872241
416100,iHvKhF7Uk30Domr8uCORsSR904QSgslMQB+G+xe7JXNjm3QvGf2+VdR5gdk1mIrg,48.43092922698592,72.63984265778235,60.254930545792526
416400,iHvKhF7Uk30Domr8uCORsSR904QSgslMQB+G+xe7JXNjm3QvGf2+VdR5gdk1mIrg,33.77094434781164,72.89062119194803,56.7203425205696
416700,iHvKhF7Uk30Domr8uCORsSR904QSgslMQB+G+xe7JXNjm3QvGf2+VdR5gdk1mIrg,51.13907528342019,70.0025709921257,62.035188073324335
417000,iHvKhF7Uk30Domr8uCORsSR904QSgslMQB+G+xe7JXNjm3QvGf2+VdR5gdk1mIrg,52.609538544078106,76.07304228576444,64.05702263103571
417300,iHvKhF7Uk30Domr8uCORsSR904QSgslMQB+G+xe7JXNjm3QvGf2+VdR5gdk1mIrg,48.67657507394663,68.72464835850437,60.64319004630726
417600,iHvKhF7Uk30Domr8uCORsSR904QSgslMQB+G+xe7JXNjm3QvGf2+VdR5gdk1mIrg,60.140878992795486,70.85946002351825,64.50657619588083
417900,iHvKhF7Uk30Domr8uCORsSR904QSgslMQB+G+xe7JXNjm3QvGf2+VdR5gdk1mIrg,51.95152588379651,78.13468456588429,61.823243500090086
418200,iHvKhF7Uk30Domr8uCORsSR904QSgslMQB+G+xe7JXNjm3QvGf2+VdR5gdk1mIrg,51.31305457840492,71.98111194271864,64.8583801398508
418500,iHvKhF7Uk30Domr8uCORsSR904QSgslMQB+G+xe7JXNjm3QvGf2+VdR5gdk1mIrg,52.7784584468404,72.99343583810315,64.85599902793197
418800,iHvKhF7Uk30Domr8uCORsSR904QSgslMQB+G+xe7JXNjm3QvGf2+VdR5gdk1mIrg,56.37158501604736,74.11649677608766,66.35305197676682
419100,iHvKhF7Uk30Domr8uCORsSR904QSgslMQB+G+xe7JXNjm3QvGf2+VdR5gdk1mIrg,57.571603753212266,73.25693092699768,63.901568066114535
419400,iHvKhF7Uk30Domr8uCORsSR904QSgslMQB+G+xe7JXNjm3QvGf2+VdR5gdk1mIrg,57.33914890415634,70.2613491854452,63.68615894346837
419700,iHvKhF7Uk30Domr8uCORsSR904QSgslMQB+G+xe7JXNjm3QvGf2+VdR5gdk1mIrg,46.86845541823736,68.69294825281985,62.42928249194743
420000,iHvKhF7Uk30Domr8uCORsSR904QSgslMQB+G+xe7JXNjm3QvGf2+VdR5gdk1mIrg,54.82643105830735,69.17528459914628,61.10224710358632
420300,iHvKhF7Uk30Domr8uCORsSR904QSgslMQB+G+xe7JXNjm3QvGf2+VdR5gdk1mIrg,56.74409228513088,71.1374272387798,65.33153672394369
420600,iHvKhF7Uk30Domr8uCORsSR904QSgslMQB+G+xe7JXNjm3QvGf2+VdR5gdk1mIrg,45.19886980951998,68.58364575195333,59.73083155368554
420900,iHvKhF7Uk30Domr8uCORsSR904QSgslMQB+G+xe7JXNjm3QvGf2+VdR5gdk1mIrg,51.98659141400429,75.7722888752261,67.76218521883743
421200,iHvKhF7Uk30Domr8uCORsSR904QSgslMQB+G+xe7JXNjm3QvGf2+VdR5gdk1mIrg,49.822829889807046,73.32735496224755,61.73002595074156
421500,iHvKhF7Uk30Domr8uCORsSR904QSgslMQB+G+xe7JXNjm3QvGf2+VdR5gdk1mIrg,49.53068848365084,68.49738902416664,57.57468209464105
421800,iHvKhF7Uk30Domr8uCORsSR904QSgslMQB+G+xe7JXNjm3QvGf2+VdR5gdk1mIrg,51.976449003903376,79.50132456995237,68.41019675403717
422100,iHvKhF7Uk30Domr8uCORsSR904QSgslMQB+G+xe7JXNjm3QvGf2+VdR5gdk1mIrg,59.212841776541055,75.84586352108185,67.84847552773294
422400,iHvKhF7Uk30Domr8uCORsSR904QSgslMQB+G+xe7JXNjm3QvGf2+VdR5gdk1mIrg,47.39548959747864,70.88893827885751,60.06471722228069
422700,iHvKhF7Uk30Domr8uCORsSR904QSgslMQB+G+xe7JXNjm3QvGf2+VdR5gdk1mIrg,59.37526430354362,77.82771710359995,69.69051556584465
423000,iHvKhF7Uk30Domr8uCORsSR904QSgslMQB+G+xe7JXNjm3QvGf2+VdR5gdk1mIrg,58.892991173201466,73.42069897773797,66.41544133062673
423300,iHvKhF7Uk30Domr8uCORsSR904QSgslMQB+G+xe7JXNjm3QvGf2+VdR5gdk1mIrg,37.49905019979784,69.5788849074381,59.049026640653416
423600,iHvKhF7Uk30Domr8uCORsSR904QSgslMQB+G+xe7JXNjm3QvGf2+VdR5gdk1mIrg,31.40497727354013,76.79159850079664,56.89578551231418
423900,iHvKhF7Uk30Domr8uCORsSR904QSgslMQB+G+xe7JXNjm3QvGf2+VdR5gdk1mIrg,54.46393403419776,76.10812786931704,66.97347486462773
424200,iHvKhF7Uk30Domr8uCORsSR904QSgslMQB+G+xe7JXNjm3QvGf2+VdR5gdk1mIrg,49.88882796916658,67.9942987245857,60.851215009430376
424500,iHvKhF7Uk30Domr8uCORsSR904QSgslMQB+G+xe7JXNjm3QvGf2+VdR5gdk1mIrg,50.68787456492376,69.01372519768164,60.47674796162206
424800,iHvKhF7Uk30Domr8uCORsSR904QSgslMQB+G+xe7JXNjm3QvGf2+VdR5gdk1mIrg,50.11786955038626,75.98018774989576,63.576304000018155
425100,iHvKhF7Uk30Domr8uCORsSR904QSgslMQB+G+xe7JXNjm3QvGf2+VdR5gdk1mIrg,42.464841345980055,66.63990683246482,57.57210888644613
425400,iHvKhF7Uk30Domr8uCORsSR904QSgslMQB+G+xe7JXNjm3QvGf2+VdR5gdk1mIrg,48.17721888104248,72.49499525662905,60.955745887367485
425700,iHvKhF7Uk30Domr8uCORsSR904QSgslMQB+G+xe7JXNjm3QvGf2+VdR5gdk1mIrg,51.8595152909854,79.1513097456247,65.01593920206193
426000,iHvKhF7Uk30Domr8uCORsSR904QSgslMQB+G+xe7JXNjm3QvGf2+VdR5gdk1mIrg,52.96597532035246,72.11450029465217,62.32328053345052
426300,iHvKhF7Uk30Domr8uCORsSR904QSgslMQB+G+xe7JXNjm3QvGf2+VdR5gdk1mIrg,61.35937102620287,73.7994976777636,66.88276313468188
426600,iHvKhF7Uk30Domr8uCORsSR904QSgslMQB+G+xe7JXNjm3QvGf2+VdR5gdk1mIrg,47.78350872610053,71.25514091005739,61.20489918100196
426900,iHvKhF7Uk30Domr8uCORsSR904QSgslMQB+G+xe7JXNjm3QvGf2+VdR5gdk1mIrg,52.160431795766314,72.12659551022801,64.43959236052748
427200,iHvKhF7Uk30Domr8uCORsSR904QSgslMQB+G+xe7JXNjm3QvGf2+VdR5gdk1mIrg,50.304111646108176,77.99367011865141,63.649654053179695
427500,iHvKhF7Uk30Domr8uCORsSR904QSgslMQB+G+xe7JXNjm3QvGf2+VdR5gdk1mIrg,34.518147853080485,71.23973673382284,57.42748316262565
427800,iHvKhF7Uk30Domr8uCORsSR904QSgslMQB+G+xe7JXNjm3QvGf2+VdR5gdk1mIrg,50.64292017020061,74.12402752196789,62.07521709825031
428100,iHvKhF7Uk30Domr8uCORsSR904QSgslMQB+G+xe7JXNjm3QvGf2+VdR5gdk1mIrg,50.70115876816329,75.61909916581862,65.14574671795208
428400,iHvKhF7Uk30Domr8uCORsSR904QSgslMQB+G+xe7JXNjm3QvGf2+VdR5gdk1mIrg,46.49219851131162,67.74744728554568,57.924434925014154
428700,iHvKhF7Uk30Domr8uCORsSR904QSgslMQB+G+xe7JXNjm3QvGf2+VdR5gdk1mIrg,50.15203199671604,75.2496309598005,61.8093763734773
429000,iHvKhF7Uk30Domr8uCORsSR904QSgslMQB+G+xe7JXNjm3QvGf2+VdR5gdk1mIrg,36.99944070483069,73.63425459697686,59.471441159182696
429300,iHvKhF7Uk30Domr8uCORsSR904QSgslMQB+G+xe7JXNjm3QvGf2+VdR5gdk1mIrg,35.47743555331537,73.5420547322449,59.99189408067405
429600,iHvKhF7Uk30Domr8uCORsSR904QSgslMQB+G+xe7JXNjm3QvGf2+VdR5gdk1mIrg,37.709998950573926,77.02258727036275,60.40842058981876
429900,iHvKhF7Uk30Domr8uCORsSR904QSgslMQB+G+xe7JXNjm3QvGf2+VdR5gdk1mIrg,49.62316061829587,71.7908686221404,60.751624711160176
430200,iHvKhF7Uk30Domr8uCORsSR904QSgslMQB+G+xe7JXNjm3QvGf2+VdR5gdk1mIrg,45.15893802874154,76.20844976840392,63.58637743253716
430500,iHvKhF7Uk30Domr8uCORsSR904QSgslMQB+G+xe7JXNjm3QvGf2+VdR5gdk1mIrg,59.54825093280947,76.93910392158325,68.39372309706492
430800,iHvKhF7Uk30Domr8uCORsSR904QSgslMQB+G+xe7JXNjm3QvGf2+VdR5gdk1mIrg,45.85573734253335,73.6800496436692,61.04074253187754
431100,iHvKhF7Uk30Domr8uCORsSR904QSgslMQB+G+xe7JXNjm3QvGf2+VdR5gdk1mIrg,45.61285526188368,81.24810858431574,65.90306484553666
431400,iHvKhF7Uk30Domr8uCORsSR904QSgslMQB+G+xe7JXNjm3QvGf2+VdR5gdk1mIrg,41.421846100470766,75.44636204714114,59.43080358353791
431700,iHvKhF7Uk30Domr8uCORsSR904QSgslMQB+G+xe7JXNjm3QvGf2+VdR5gdk1mIrg,43.732001368319295,70.28359744409163,57.55394658474162
432000,iHvKhF7Uk30Domr8uCORsSR904QSgslMQB+G+xe7JXNjm3QvGf2+VdR5gdk1mIrg,51.38129383358724,67.65436130212417,59.594466590881765
432300,iHvKhF7Uk30Domr8uCORsSR904QSgslMQB+G+xe7JXNjm3QvGf2+VdR5gdk1mIrg,51.368336922363646,72.8479028589978,62.17794072875635
432600,iHvKhF7Uk30Domr8uCORsSR904QSgslMQB+G+xe7JXNjm3QvGf2+VdR5gdk1mIrg,44.21116622035974,69.97982593154826,56.87848695382081
432900,iHvKhF7Uk30Domr8uCORsSR904QSgslMQB+G+xe7JXNjm3QvGf2+VdR5gdk1mIrg,36.842162793142954,74.07527894785932,57.90494713158406
433200,iHvKhF7Uk30Domr8uCORsSR904QSgslMQB+G+xe7JXNjm3QvGf2+VdR5gdk1mIrg,56.35418371962723,77.3175681739838,66.82538088147054
433500,iHvKhF7Uk30Domr8uCORsSR904QSgslMQB+G+xe7JXNjm3QvGf2+VdR5gdk1mIrg,57.176442487793594,74.31512450111433,67.75748903636647
433800,iHvKhF7Uk30Domr8uCORsSR904QSgslMQB+G+xe7JXNjm3QvGf2+VdR5gdk1mIrg,40.369982642706645,72.99622674831743,57.79505372796943
434100,iHvKhF7Uk30Domr8uCORsSR904QSgslMQB+G+xe7JXNjm3QvGf2+VdR5gdk1mIrg,57.10164213854471,73.25763354498893,66.90581251887055
434400,iHvKhF7Uk30Domr8uCORsSR904QSgslMQB+G+xe7JXNjm3QvGf2+VdR5gdk1mIrg,50.95185691283783,73.58051378455411,61.810584123368834
434700,iHvKhF7Uk30Domr8uCORsSR904QSgslMQB+G+xe7JXNjm3QvGf2+VdR5gdk1mIrg,53.87811000580052,73.29802433616327,63.45332220829511
435000,iHvKhF7Uk30Domr8uCORsSR904QSgslMQB+G+xe7JXNjm3QvGf2+VdR5gdk1mIrg,54.02223490902556,72.32415140544205,63.12996691189761
435300,iHvKhF7Uk30Domr8uCORsSR904QSgslMQB+G+xe7JXNjm3QvGf2+VdR5gdk1mIrg,50.77345007699509,69.48679475213093,61.82623358564204
435600,iHvKhF7Uk30Domr8uCORsSR904QSgslMQB+G+xe7JXNjm3QvGf2+VdR5gdk1mIrg,50.25252236112432,75.55380800113728,63.123459918521824
435900,iHvKhF7Uk30Domr8uCORsSR904QSgslMQB+G+xe7JXNjm3QvGf2+VdR5gdk1mIrg,35.56971982964144,72.6455298337718,55.6943604128697
436200,iHvKhF7Uk30Domr8uCORsSR904QSgslMQB+G+xe7JXNjm3QvGf2+VdR5gdk1mIrg,48.7686886263872,64.54496465760164,56.92471155763136
436500,iHvKhF7Uk30Domr8uCORsSR904QSgslMQB+G+xe7JXNjm3QvGf2+VdR5gdk1mIrg,43.15295597311624,71.80914630368174,58.55969547673693
436800,iHvKhF7Uk30Domr8uCORsSR904QSgslMQB+G+xe7JXNjm3QvGf2+VdR5gdk1mIrg,36.9691461645229,76.044536642394,61.75679382917462
437100,iHvKhF7Uk30Domr8uCORsSR904QSgslMQB+G+xe7JXNjm3QvGf2+VdR5gdk1mIrg,45.660795445982,72.75552566988266,60.785660395415086
437400,iHvKhF7Uk30Domr8uCORsSR904QSgslMQB+G+xe7JXNjm3QvGf2+VdR5gdk1mIrg,56.860654660280034,72.7662529039211,67.05631653912747
437700,iHvKhF7Uk30Domr8uCORsSR904QSgslMQB+G+xe7JXNjm3QvGf2+VdR5gdk1mIrg,54.55744826985101,75.12139539546942,63.93596716329155
438000,iHvKhF7Uk30Domr8uCORsSR904QSgslMQB+G+xe7JXNjm3QvGf2+VdR5gdk1mIrg,52.719524163956606,71.16968823823332,60.367022309757
438300,iHvKhF7Uk30Domr8uCORsSR904QSgslMQB+G+xe7JXNjm3QvGf2+VdR5gdk1mIrg,50.2565864157845,69.4669649849051,61.839947772285065
438600,iHvKhF7Uk30Domr8uCORsSR904QSgslMQB+G+xe7JXNjm3QvGf2+VdR5gdk1mIrg,50.14229260480288,70.97019364101287,60.02934117114728
438900,iHvKhF7Uk30Domr8uCORsSR904QSgslMQB+G+xe7JXNjm3QvGf2+VdR5gdk1mIrg,40.87472182555303,75.29791213646568,60.31195235080256
439200,iHvKhF7Uk30Domr8uCORsSR904QSgslMQB+G+xe7JXNjm3QvGf2+VdR5gdk1mIrg,53.62693810111861,69.40524012722375,61.09052563768366
439500,iHvKhF7Uk30Domr8uCORsSR904QSgslMQB+G+xe7JXNjm3QvGf2+VdR5gdk1mIrg,51.76133682976632,75.44891579500003,62.97696096795436
439800,iHvKhF7Uk30Domr8uCORsSR904QSgslMQB+G+xe7JXNjm3QvGf2+VdR5gdk1mIrg,48.62166509238804,71.31195036157905,63.01638230949242
440100,iHvKhF7Uk30Domr8uCORsSR904QSgslMQB+G+xe7JXNjm3QvGf2+VdR5gdk1mIrg,54.713724429848725,75.03575773592827,65.35593530599078
440400,iHvKhF7Uk30Domr8uCORsSR904QSgslMQB+G+xe7JXNjm3QvGf2+VdR5gdk1mIrg,46.514500458868994,69.35115255227406,62.90147778751736
440700,iHvKhF7Uk30Domr8uCORsSR904QSgslMQB+G+xe7JXNjm3QvGf2+VdR5gdk1mIrg,48.3609098406938,70.93213850290707,61.257491239709765
441000,iHvKhF7Uk30Domr8uCORsSR904QSgslMQB+G+xe7JXNjm3QvGf2+VdR5gdk1mIrg,55.14922268278408,69.06606010828487,62.2879663871524
441300,iHvKhF7Uk30Domr8uCORsSR904QSgslMQB+G+xe7JXNjm3QvGf2+VdR5gdk1mIrg,53.31224134873733,70.94110840277382,63.000353742378095
441600,iHvKhF7Uk30Domr8uCORsSR904QSgslMQB+G+xe7JXNjm3QvGf2+VdR5gdk1mIrg,58.52648962169207,71.85282575846017,63.3012766611736
441900,iHvKhF7Uk30Domr8uCORsSR904QSgslMQB+G+xe7JXNjm3QvGf2+VdR5gdk1mIrg,58.10586439675132,73.2015703659453,66.26250198017192
442200,iHvKhF7Uk30Domr8uCORsSR904QSgslMQB+G+xe7JXNjm3QvGf2+VdR5gdk1mIrg,54.91339928424311,67.93083344822418,60.836518820872165
442500,iHvKhF7Uk30Domr8uCORsSR904QSgslMQB+G+xe7JXNjm3QvGf2+VdR5gdk1mIrg,48.54191922235692,70.90700995406853,61.57045352115394
442800,iHvKhF7Uk30Domr8uCORsSR904QSgslMQB+G+xe7JXNjm3QvGf2+VdR5gdk1mIrg,54.43543981910969,74.74088151899798,66.2124407400357
443100,iHvKhF7Uk30Domr8uCORsSR904QSgslMQB+G+xe7JXNjm3QvGf2+VdR5gdk1mIrg,59.400171576955344,69.67463497938363,63.609617697917216
443400,iHvKhF7Uk30Domr8uCORsSR904QSgslMQB+G+xe7JXNjm3QvGf2+VdR5gdk1mIrg,56.32107481973701,76.71613171448742,65.0319674579674
443700,iHvKhF7Uk30Domr8uCORsSR904QSgslMQB+G+xe7JXNjm3QvGf2+VdR5gdk1mIrg,55.63961589192381,72.19511370178434,64.2352850204231
444000,iHvKhF7Uk30Domr8uCORsSR904QSgslMQB+G+xe7JXNjm3QvGf2+VdR5gdk1mIrg,53.63450113386848,70.92172507485158,63.02428133136902
444300,iHvKhF7Uk30Domr8uCORsSR904QSgslMQB+G+xe7JXNjm3QvGf2+VdR5gdk1mIrg,45.315345034575664,71.41622524213041,60.84159936070284
444600,iHvKhF7Uk30Domr8uCORsSR904QSgslMQB+G+xe7JXNjm3QvGf2+VdR5gdk1mIrg,48.179305519156834,71.8269949762555,62.12314533907158
444900,iHvKhF7Uk30Domr8uCORsSR904QSgslMQB+G+xe7JXNjm3QvGf2+VdR5gdk1mIrg,53.294329826967136,71.11426694873838,60.998305551462
445200,iHvKhF7Uk30Domr8uCORsSR904QSgslMQB+G+xe7JXNjm3QvGf2+VdR5gdk1mIrg,48.560048718067115,70.84577087331594,58.978033206194574
445500,iHvKhF7Uk30Domr8uCORsSR904QSgslMQB+G+xe7JXNjm3QvGf2+VdR5gdk1mIrg,52.18982287342981,76.02143007899161,65.6063285788679
445800,iHvKhF7Uk30Domr8uCORsSR904QSgslMQB+G+xe7JXNjm3QvGf2+VdR5gdk1mIrg,56.86660923785095,73.07158877164262,65.13170154277454
446100,iHvKhF7Uk30Domr8uCORsSR904QSgslMQB+G+xe7JXNjm3QvGf2+VdR5gdk1mIrg,54.39364329785169,74.75684970571899,64.5527670381035
446400,iHvKhF7Uk30Domr8uCORsSR904QSgslMQB+G+xe7JXNjm3QvGf2+VdR5gdk1mIrg,48.56328861082537,72.30534379898727,59.025730395619554
446700,iHvKhF7Uk30Domr8uCORsSR904QSgslMQB+G+xe7JXNjm3QvGf2+VdR5gdk1mIrg,45.52700297885928,76.11787667854716,63.00913964167736
447000,iHvKhF7Uk30Domr8uCORsSR904QSgslMQB+G+xe7JXNjm3QvGf2+VdR5gdk1mIrg,48.592779062729605,69.70937734667588,62.04847782119452
447300,iHvKhF7Uk30Domr8uCORsSR904QSgslMQB+G+xe7JXNjm3QvGf2+VdR5gdk1mIrg,46.075808907756006,70.13175176310618,58.517239807022605
447600,iHvKhF7Uk30Domr8uCORsSR904QSgslMQB+G+xe7JXNjm3QvGf2+VdR5gdk1mIrg,41.96370818443639,69.96248969837445,58.82491731312807
447900,iHvKhF7Uk30Domr8uCORsSR904QSgslMQB+G+xe7JXNjm3QvGf2+VdR5gdk1mIrg,44.2719160730209,72.60250067048646,61.94689629332305
448200,iHvKhF7Uk30Domr8uCORsSR904QSgslMQB+G+xe7JXNjm3QvGf2+VdR5gdk1mIrg,61.87402869492065,81.60375843352051,70.54361911944103
448500,iHvKhF7Uk30Domr8uCORsSR904QSgslMQB+G+xe7JXNjm3QvGf2+VdR5gdk1mIrg,59.29755321196413,75.91934865834291,67.06159871087337
448800,iHvKhF7Uk30Domr8uCORsSR904QSgslMQB+G+xe7JXNjm3QvGf2+VdR5gdk1mIrg,43.001135553607114,70.12300433413361,60.99299825791172
449100,iHvKhF7Uk30Domr8uCORsSR904QSgslMQB+G+xe7JXNjm3QvGf2+VdR5gdk1mIrg,54.034575839982566,74.02603947492099,64.66322073616746
449400,iHvKhF7Uk30Domr8uCORsSR904QSgslMQB+G+xe7JXNjm3QvGf2+VdR5gdk1mIrg,54.542607648997794,72.09692824866895,63.725860342100674
449700,iHvKhF7Uk30Domr8uCORsSR904QSgslMQB+G+xe7JXNjm3QvGf2+VdR5gdk1mIrg,52.168357932807496,74.31231572120056,62.15402484289358
450000,iHvKhF7Uk30Domr8uCORsSR904QSgslMQB+G+xe7JXNjm3QvGf2+VdR5gdk1mIrg,50.861691009690475,64.47469969022994,59.12047861913338
450300,iHvKhF7Uk30Domr8uCORsSR904QSgslMQB+G+xe7JXNjm3QvGf2+VdR5gdk1mIrg,49.65338332013702,70.57195379976415,62.83625267795486
450600,iHvKhF7Uk30Domr8uCORsSR904QSgslMQB+G+xe7JXNjm3QvGf2+VdR5gdk1mIrg,50.55454808160093,73.2767322324231,65.45055810540228
450900,iHvKhF7Uk30Domr8uCORsSR904QSgslMQB+G+xe7JXNjm3QvGf2+VdR5gdk1mIrg,53.73175733911948,68.55163073088576,61.45294008904623
451200,iHvKhF7Uk30Domr8uCORsSR904QSgslMQB+G+xe7JXNjm3QvGf2+VdR5gdk1mIrg,53.34127126201865,77.38121506858266,61.98002351689709
451500,iHvKhF7Uk30Domr8uCORsSR904QSgslMQB+G+xe7JXNjm3QvGf2+VdR5gdk1mIrg,55.22200539255918,74.2469467136161,68.27963886324422
451800,iHvKhF7Uk30Domr8uCORsSR904QSgslMQB+G+xe7JXNjm3QvGf2+VdR5gdk1mIrg,51.61569592073712,72.76106517672,61.60550836220134
452100,iHvKhF7Uk30Domr8uCORsSR904QSgslMQB+G+xe7JXNjm3QvGf2+VdR5gdk1mIrg,52.0465478120994,66.18916643985403,58.47300587725986
452400,iHvKhF7Uk30Domr8uCORsSR904QSgslMQB+G+xe7JXNjm3QvGf2+VdR5gdk1mIrg,50.83355588501368,73.90039391874785,64.01666218056758
452700,iHvKhF7Uk30Domr8uCORsSR904QSgslMQB+G+xe7JXNjm3QvGf2+VdR5gdk1mIrg,42.68313420667352,71.12188675403407,58.5533208059764
453000,iHvKhF7Uk30Domr8uCORsSR904QSgslMQB+G+xe7JXNjm3QvGf2+VdR5gdk1mIrg,49.74015128663583,70.05639144753026,60.31801361645888
453300,iHvKhF7Uk30Domr8uCORsSR904QSgslMQB+G+xe7JXNjm3QvGf2+VdR5gdk1mIrg,45.882704367288135,67.61896451836209,58.936603233348194
453600,iHvKhF7Uk30Domr8uCORsSR904QSgslMQB+G+xe7JXNjm3QvGf2+VdR5gdk1mIrg,48.79592682244101,71.70029434242156,64.28428912930661
453900,iHvKhF7Uk30Domr8uCORsSR904QSgslMQB+G+xe7JXNjm3QvGf2+VdR5gdk1mIrg,47.84316167938698,68.52461785460096,61.528230124766715
454200,iHvKhF7Uk30Domr8uCORsSR904QSgslMQB+G+xe7JXNjm3QvGf2+VdR5gdk1mIrg,38.92288207007776,69.8525736486004,58.27666365313846
454500,iHvKhF7Uk30Domr8uCORsSR904QSgslMQB+G+xe7JXNjm3QvGf2+VdR5gdk1mIrg,62.423248013777865,76.70141850572345,70.09468254813859
454800,iHvKhF7Uk30Domr8uCORsSR904QSgslMQB+G+xe7JXNjm3QvGf2+VdR5gdk1mIrg,57.88309823529965,75.25489100730182,68.76726535804029
455100,iHvKhF7Uk30Domr8uCORsSR904QSgslMQB+G+xe7JXNjm3QvGf2+VdR5gdk1mIrg,57.36333513539079,73.10977082243987,65.22315977266899
455400,iHvKhF7Uk30Domr8uCORsSR904QSgslMQB+G+xe7JXNjm3QvGf2+VdR5gdk1mIrg,53.91112588504246,71.84823058826318,64.23284182837263
455700,iHvKhF7Uk30Domr8uCORsSR904QSgslMQB+G+xe7JXNjm3QvGf2+VdR5gdk1mIrg,56.1079223098869,72.92978900833947,64.84062561203464
456000,iHvKhF7Uk30Domr8uCORsSR904QSgslMQB+G+xe7JXNjm3QvGf2+VdR5gdk1mIrg,56.11073273446294,73.30846898867787,63.949716736060154
456300,iHvKhF7Uk30Domr8uCORsSR904QSgslMQB+G+xe7JXNjm3QvGf2+VdR5gdk1mIrg,49.49504199688264,69.7037568705759,63.320705115683424
456600,iHvKhF7Uk30Domr8uCORsSR904QSgslMQB+G+xe7JXNjm3QvGf2+VdR5gdk1mIrg,47.87330127173532,69.0699310701553,64.09679482043911
456900,iHvKhF7Uk30Domr8uCORsSR904QSgslMQB+G+xe7JXNjm3QvGf2+VdR5gdk1mIrg,48.542649205258286,68.10488991103045,57.694333203750794
457200,iHvKhF7Uk30Domr8uCORsSR904QSgslMQB+G+xe7JXNjm3QvGf2+VdR5gdk1mIrg,52.6179042011981,74.62314720098814,66.74169843914326
457500,iHvKhF7Uk30Domr8uCORsSR904QSgslMQB+G+xe7JXNjm3QvGf2+VdR5gdk1mIrg,49.07169462191116,75.06532467874764,62.395726319588576
457800,iHvKhF7Uk30Domr8uCORsSR904QSgslMQB+G+xe7JXNjm3QvGf2+VdR5gdk1mIrg,52.60086029338285,68.56036314735881,63.53413600231865
458100,iHvKhF7Uk30Domr8uCORsSR904QSgslMQB+G+xe7JXNjm3QvGf2+VdR5gdk1mIrg,51.28640427754071,73.0783849167795,64.03739212645208
458400,iHvKhF7Uk30Domr8uCORsSR904QSgslMQB+G+xe7JXNjm3QvGf2+VdR5gdk1mIrg,49.078248459343065,66.63123258899644,59.82127427934776
458700,iHvKhF7Uk30Domr8uCORsSR904QSgslMQB+G+xe7JXNjm3QvGf2+VdR5gdk1mIrg,53.8291209563785,79.4672606318139,66.28062193795739
459000,iHvKhF7Uk30Domr8uCORsSR904QSgslMQB+G+xe7JXNjm3QvGf2+VdR5gdk1mIrg,53.10255298145721,73.28664085887958,62.241960390288085
459300,iHvKhF7Uk30Domr8uCORsSR904QSgslMQB+G+xe7JXNjm3QvGf2+VdR5gdk1mIrg,43.60306570713151,73.58549834771604,61.68873461092878
459600,iHvKhF7Uk30Domr8uCORsSR904QSgslMQB+G+xe7JXNjm3QvGf2+VdR5gdk1mIrg,43.99746292940015,71.32256313715332,60.21665196594772
459900,iHvKhF7Uk30Domr8uCORsSR904QSgslMQB+G+xe7JXNjm3QvGf2+VdR5gdk1mIrg,51.344822171239066,71.88491616701558,63.35247969478608
460200,iHvKhF7Uk30Domr8uCORsSR904QSgslMQB+G+xe7JXNjm3QvGf2+VdR5gdk1mIrg,46.349010858235914,66.0507050097845,59.938079814815765
460500,iHvKhF7Uk30Domr8uCORsSR904QSgslMQB+G+xe7JXNjm3QvGf2+VdR5gdk1mIrg,52.496871008301824,76.8828274800146,65.40608785318283
460800,iHvKhF7Uk30Domr8uCORsSR904QSgslMQB+G+xe7JXNjm3QvGf2+VdR5gdk1mIrg,49.39257195290994,70.45728779672052,58.22727209069632
461100,iHvKhF7Uk30Domr8uCORsSR904QSgslMQB+G+xe7JXNjm3QvGf2+VdR5gdk1mIrg,48.6311223947636,70.52746637790452,61.24979264807392
461400,iHvKhF7Uk30Domr8uCORsSR904QSgslMQB+G+xe7JXNjm3QvGf2+VdR5gdk1mIrg,49.49496383515876,77.3523504028505,64.24954024263415
461700,iHvKhF7Uk30Domr8uCORsSR904QSgslMQB+G+xe7JXNjm3QvGf2+VdR5gdk1mIrg,51.56798485724746,68.41758533509504,61.64887894012151
462000,iHvKhF7Uk30Domr8uCORsSR904QSgslMQB+G+xe7JXNjm3QvGf2+VdR5gdk1mIrg,46.938632907722194,76.72873422292984,61.92302303269511
462300,iHvKhF7Uk30Domr8uCORsSR904QSgslMQB+G+xe7JXNjm3QvGf2+VdR5gdk1mIrg,31.090912981786015,76.17782013670734,62.406908252165394
462600,iHvKhF7Uk30Domr8uCORsSR904QSgslMQB+G+xe7JXNjm3QvGf2+VdR5gdk1mIrg,49.3013322257225,66.80564348413967,59.089307098035725
462900,iHvKhF7Uk30Domr8uCORsSR904QSgslMQB+G+xe7JXNjm3QvGf2+VdR5gdk1mIrg,49.315402922249575,65.34430243249247,57.59222566104094
463200,iHvKhF7Uk30Domr8uCORsSR904QSgslMQB+G+xe7JXNjm3QvGf2+VdR5gdk1mIrg,47.06150232739794,69.28356426080745,59.383749690660416
463500,iHvKhF7Uk30Domr8uCORsSR904QSgslMQB+G+xe7JXNjm3QvGf2+VdR5gdk1mIrg,52.64041212162899,70.46157351544568,61.37047175450832
463800,iHvKhF7Uk30Domr8uCORsSR904QSgslMQB+G+xe7JXNjm3QvGf2+VdR5gdk1mIrg,46.264673191642615,64.04280249247336,56.70517025992429
464100,iHvKhF7Uk30Domr8uCORsSR904QSgslMQB+G+xe7JXNjm3QvGf2+VdR5gdk1mIrg,47.573081081259424,72.06717629026438,60.779837182359834
464400,iHvKhF7Uk30Domr8uCORsSR904QSgslMQB+G+xe7JXNjm3QvGf2+VdR5gdk1mIrg,56.49675478515262,74.2865612420086,64.98475452740271
464700,iHvKhF7Uk30Domr8uCORsSR904QSgslMQB+G+xe7JXNjm3QvGf2+VdR5gdk1mIrg,31.912947931102625,73.46136822312533,58.35973201666376
465000,iHvKhF7Uk30Domr8uCORsSR904QSgslMQB+G+xe7JXNjm3QvGf2+VdR5gdk1mIrg,42.769974999364415,70.03137835248229,59.47974359674598
465300,iHvKhF7Uk30Domr8uCORsSR904QSgslMQB+G+xe7JXNjm3QvGf2+VdR5gdk1mIrg,52.35745779385537,70.62571037612364,61.97666428189181
465600,iHvKhF7Uk30Domr8uCORsSR904QSgslMQB+G+xe7JXNjm3QvGf2+VdR5gdk1mIrg,52.24166734768071,70.55973001251357,65.75630855606272
465900,iHvKhF7Uk30Domr8uCORsSR904QSgslMQB+G+xe7JXNjm3QvGf2+VdR5gdk1mIrg,45.902822714259294,75.10432051000421,62.62953716613736
466200,iHvKhF7Uk30Domr8uCORsSR904QSgslMQB+G+xe7JXNjm3QvGf2+VdR5gdk1mIrg,58.59559541161119,71.94862551587757,64.37652750974662
466500,iHvKhF7Uk30Domr8uCORsSR904QSgslMQB+G+xe7JXNjm3QvGf2+VdR5gdk1mIrg,48.65171037994899,65.66143747215918,57.959398256080384
466800,iHvKhF7Uk30Domr8uCORsSR904QSgslMQB+G+xe7JXNjm3QvGf2+VdR5gdk1mIrg,52.48624044007549,79.29534273434358,67.59027326061116
467100,iHvKhF7Uk30Domr8uCORsSR904QSgslMQB+G+xe7JXNjm3QvGf2+VdR5gdk1mIrg,61.132770746137815,77.0574926381156,70.49384757884987
467400,iHvKhF7Uk30Domr8uCORsSR904QSgslMQB+G+xe7JXNjm3QvGf2+VdR5gdk1mIrg,59.088588107525375,73.1036915519707,66.60189831185502
467700,iHvKhF7Uk30Domr8uCORsSR904QSgslMQB+G+xe7JXNjm3QvGf2+VdR5gdk1mIrg,51.94567196180974,74.46623114800785,65.42413414879755
468000,iHvKhF7Uk30Domr8uCORsSR904QSgslMQB+G+xe7JXNjm3QvGf2+VdR5gdk1mIrg,49.338476855256175,71.23949058599463,62.87409542823156
468300,iHvKhF7Uk30Domr8uCORsSR904QSgslMQB+G+xe7JXNjm3QvGf2+VdR5gdk1mIrg,57.35295186576257,75.01476900414984,66.77027924743211
468600,iHvKhF7Uk30Domr8uCORsSR904QSgslMQB+G+xe7JXNjm3QvGf2+VdR5gdk1mIrg,57.062935442021086,67.82390820938369,62.1009910703242
468900,iHvKhF7Uk30Domr8uCORsSR904QSgslMQB+G+xe7JXNjm3QvGf2+VdR5gdk1mIrg,57.0595465025544,74.7025849941785,67.86541619301119
469200,iHvKhF7Uk30Domr8uCORsSR904QSgslMQB+G+xe7JXNjm3QvGf2+VdR5gdk1mIrg,63.630280910873296,72.80292937361436,67.98475628640196
469500,iHvKhF7Uk30Domr8uCORsSR904QSgslMQB+G+xe7JXNjm3QvGf2+VdR5gdk1mIrg,43.64250138361186,75.1956310004522,62.704471641697545
469800,iHvKhF7Uk30Domr8uCORsSR904QSgslMQB+G+xe7JXNjm3QvGf2+VdR5gdk1mIrg,51.0938326475723,74.61667168942813,61.64355013856425
470100,iHvKhF7Uk30Domr8uCORsSR904QSgslMQB+G+xe7JXNjm3QvGf2+VdR5gdk1mIrg,49.26602392282396,64.45262370902503,57.62139662416614
470400,iHvKhF7Uk30Domr8uCORsSR904QSgslMQB+G+xe7JXNjm3QvGf2+VdR5gdk1mIrg,49.98007730713647,75.97487644589927,64.11817432290418
470700,iHvKhF7Uk30Domr8uCORsSR904QSgslMQB+G+xe7JXNjm3QvGf2+VdR5gdk1mIrg,46.285916919532646,67.18928931452176,59.86239273764939
471000,iHvKhF7Uk30Domr8uCORsSR904QSgslMQB+G+xe7JXNjm3QvGf2+VdR5gdk1mIrg,54.72258184739729,71.77950892926866,64.01666463720215
471300,iHvKhF7Uk30Domr8uCORsSR904QSgslMQB+G+xe7JXNjm3QvGf2+VdR5gdk1mIrg,55.38201636183662,75.75679415944883,64.7076825247905
471600,iHvKhF7Uk30Domr8uCORsSR904QSgslMQB+G+xe7JXNjm3QvGf2+VdR5gdk1mIrg,55.09002224678762,72.43264892496022,64.2946871250808
471900,iHvKhF7Uk30Domr8uCORsSR904QSgslMQB+G+xe7JXNjm3QvGf2+VdR5gdk1mIrg,59.69414327683453,74.50496788953747,66.47301512532167
472200,iHvKhF7Uk30Domr8uCORsSR904QSgslMQB+G+xe7JXNjm3QvGf2+VdR5gdk1mIrg,51.362389676503696,70.72147867598659,60.43727263505895
472500,iHvKhF7Uk30Domr8uCORsSR904QSgslMQB+G+xe7JXNjm3QvGf2+VdR5gdk1mIrg,44.82560017781359,75.35568428867037,60.28993518272224
472800,iHvKhF7Uk30Domr8uCORsSR904QSgslMQB+G+xe7JXNjm3QvGf2+VdR5gdk1mIrg,52.40085600043288,79.42439731323134,64.8823865027545
473100,iHvKhF7Uk30Domr8uCORsSR904QSgslMQB+G+xe7JXNjm3QvGf2+VdR5gdk1mIrg,45.16693197985055,73.98239161007322,59.12272743775626
473400,iHvKhF7Uk30Domr8uCORsSR904QSgslMQB+G+xe7JXNjm3QvGf2+VdR5gdk1mIrg,45.7261531331498,73.1983200287071,61.04790547915909
473700,iHvKhF7Uk30Domr8uCORsSR904QSgslMQB+G+xe7JXNjm3QvGf2+VdR5gdk1mIrg,41.050118010055854,80.86433602273615,63.23178482792444
474000,iHvKhF7Uk30Domr8uCORsSR904QSgslMQB+G+xe7JXNjm3QvGf2+VdR5gdk1mIrg,61.95018743101594,79.41783567100536,71.48519114319112
474300,iHvKhF7Uk30Domr8uCORsSR904QSgslMQB+G+xe7JXNjm3QvGf2+VdR5gdk1mIrg,57.42967026854424,72.53835745134587,66.87837505786723
474600,iHvKhF7Uk30Domr8uCORsSR904QSgslMQB+G+xe7JXNjm3QvGf2+VdR5gdk1mIrg,49.32490124766497,72.71918221946493,61.54238188860983
474900,iHvKhF7Uk30Domr8uCORsSR904QSgslMQB+G+xe7JXNjm3QvGf2+VdR5gdk1mIrg,52.6388385298635,77.48103097075956,64.5588300525051
475200,iHvKhF7Uk30Domr8uCORsSR904QSgslMQB+G+xe7JXNjm3QvGf2+VdR5gdk1mIrg,56.700442664187655,71.75019401641178,64.1945300435536
475500,iHvKhF7Uk30Domr8uCORsSR904QSgslMQB+G+xe7JXNjm3QvGf2+VdR5gdk1mIrg,33.00922753295566,69.97402430506938,61.24566071916636
475800,iHvKhF7Uk30Domr8uCORsSR904QSgslMQB+G+xe7JXNjm3QvGf2+VdR5gdk1mIrg,50.7395824920033,74.27152936168059,64.09265980542105
476100,iHvKhF7Uk30Domr8uCORsSR904QSgslMQB+G+xe7JXNjm3QvGf2+VdR5gdk1mIrg,44.51174903071542,73.6002049571041,61.72494828343753
476400,iHvKhF7Uk30Domr8uCORsSR904QSgslMQB+G+xe7JXNjm3QvGf2+VdR5gdk1mIrg,49.12243309938318,71.94096976458269,63.986015339447206
476700,iHvKhF7Uk30Domr8uCORsSR904QSgslMQB+G+xe7JXNjm3QvGf2+VdR5gdk1mIrg,58.14588796611688,77.57848857333641,66.26033584066434
477000,iHvKhF7Uk30Domr8uCORsSR904QSgslMQB+G+xe7JXNjm3QvGf2+VdR5gdk1mIrg,52.36607057345182,68.5538616023927,61.88909250288193
477300,iHvKhF7Uk30Domr8uCORsSR904QSgslMQB+G+xe7JXNjm3QvGf2+VdR5gdk1mIrg,44.948586104157954,70.99767832560298,59.953032045209774
477600,iHvKhF7Uk30Domr8uCORsSR904QSgslMQB+G+xe7JXNjm3QvGf2+VdR5gdk1mIrg,50.394296711755125,72.37614544157378,60.965088741110335
477900,iHvKhF7Uk30Domr8uCORsSR904QSgslMQB+G+xe7JXNjm3QvGf2+VdR5gdk1mIrg,52.8155958148308,74.99284249583317,65.81873394040699
478200,iHvKhF7Uk30Domr8uCORsSR904QSgslMQB+G+xe7JXNjm3QvGf2+VdR5gdk1mIrg,31.00173580217272,76.26310946319606,56.321034518596456
478500,iHvKhF7Uk30Domr8uCORsSR904QSgslMQB+G+xe7JXNjm3QvGf2+VdR5gdk1mIrg,36.6060099320212,64.9797995004462,57.550544123104125
478800,iHvKhF7Uk30Domr8uCORsSR904QSgslMQB+G+xe7JXNjm3QvGf2+VdR5gdk1mIrg,39.99308376833493,68.18739380253854,54.54568684821131
479100,iHvKhF7Uk30Domr8uCORsSR904QSgslMQB+G+xe7JXNjm3QvGf2+VdR5gdk1mIrg,34.8762730046957,71.42861680009773,56.99546250872396
479400,iHvKhF7Uk30Domr8uCORsSR904QSgslMQB+G+xe7JXNjm3QvGf2+VdR5gdk1mIrg,50.11650820151019,69.97660797712282,57.93268195363655
479700,iHvKhF7Uk30Domr8uCORsSR904QSgslMQB+G+xe7JXNjm3QvGf2+VdR5gdk1mIrg,48.166745712923486,66.57564834632903,58.8686429225118
480000,iHvKhF7Uk30Domr8uCORsSR904QSgslMQB+G+xe7JXNjm3QvGf2+VdR5gdk1mIrg,51.32158344261373,68.4997251051067,60.5584189111304
480300,iHvKhF7Uk30Domr8uCORsSR904QSgslMQB+G+xe7JXNjm3QvGf2+VdR5gdk1mIrg,54.05878521660456,75.71841482894203,67.0405697366323
480600,iHvKhF7Uk30Domr8uCORsSR904QSgslMQB+G+xe7JXNjm3QvGf2+VdR5gdk1mIrg,55.874549260244265,67.02109697098805,61.249291253677846
480900,iHvKhF7Uk30Domr8uCORsSR904QSgslMQB+G+xe7JXNjm3QvGf2+VdR5gdk1mIrg,56.862395469683634,66.84388599228217,61.51957757485052
481200,iHvKhF7Uk30Domr8uCORsSR904QSgslMQB+G+xe7JXNjm3QvGf2+VdR5gdk1mIrg,50.7695387106533,69.57108842929519,62.26782727033442
481500,iHvKhF7Uk30Domr8uCORsSR904QSgslMQB+G+xe7JXNjm3QvGf2+VdR5gdk1mIrg,56.43714358185324,74.55503854461513,68.251155363822
481800,iHvKhF7Uk30Domr8uCORsSR904QSgslMQB+G+xe7JXNjm3QvGf2+VdR5gdk1mIrg,51.98761302703744,68.23038453843321,61.92379475142536
482100,iHvKhF7Uk30Domr8uCORsSR904QSgslMQB+G+xe7JXNjm3QvGf2+VdR5gdk1mIrg,47.796907260069375,69.66170530745536,62.57041881358786
482400,iHvKhF7Uk30Domr8uCORsSR904QSgslMQB+G+xe7JXNjm3QvGf2+VdR5gdk1mIrg,57.13154391336091,70.33862577275885,64.10710776240617
482700,iHvKhF7Uk30Domr8uCORsSR904QSgslMQB+G+xe7JXNjm3QvGf2+VdR5gdk1mIrg,52.16047460489137,66.26616960285703,60.064437422360655
483000,iHvKhF7Uk30Domr8uCORsSR904QSgslMQB+G+xe7JXNjm3QvGf2+VdR5gdk1mIrg,48.267260026228975,73.33997433038067,62.838432760781394
483300,iHvKhF7Uk30Domr8uCORsSR904QSgslMQB+G+xe7JXNjm3QvGf2+VdR5gdk1mIrg,50.858575219089865,72.74500519162947,63.02134550288893
483600,iHvKhF7Uk30Domr8uCORsSR904QSgslMQB+G+xe7JXNjm3QvGf2+VdR5gdk1mIrg,50.87346827442577,73.36126853554866,60.92290887744146
483900,iHvKhF7Uk30Domr8uCORsSR904QSgslMQB+G+xe7JXNjm3QvGf2+VdR5gdk1mIrg,51.28157775196924,71.3570966497654,63.19639691379073
484200,iHvKhF7Uk30Domr8uCORsSR904QSgslMQB+G+xe7JXNjm3QvGf2+VdR5gdk1mIrg,36.74334013450859,78.48288689219012,60.49361564331474
484500,iHvKhF7Uk30Domr8uCORsSR904QSgslMQB+G+xe7JXNjm3QvGf2+VdR5gdk1mIrg,21.27248937686302,81.06843730762456,58.01778415923893
484800,iHvKhF7Uk30Domr8uCORsSR904QSgslMQB+G+xe7JXNjm3QvGf2+VdR5gdk1mIrg,51.82101068089933,73.19910774907315,62.25682279966456
485100,iHvKhF7Uk30Domr8uCORsSR904QSgslMQB+G+xe7JXNjm3QvGf2+VdR5gdk1mIrg,53.773645993136206,73.23809803575557,65.39827121122947
485400,iHvKhF7Uk30Domr8uCORsSR904QSgslMQB+G+xe7JXNjm3QvGf2+VdR5gdk1mIrg,47.87165329811441,73.36464327149427,63.74426682082085
485700,iHvKhF7Uk30Domr8uCORsSR904QSgslMQB+G+xe7JXNjm3QvGf2+VdR5gdk1mIrg,48.691508775478574,71.14516518943863,61.47955325729704
486000,iHvKhF7Uk30Domr8uCORsSR904QSgslMQB+G+xe7JXNjm3QvGf2+VdR5gdk1mIrg,54.95484343642252,77.60677773445106,63.0158592986881
486300,iHvKhF7Uk30Domr8uCORsSR904QSgslMQB+G+xe7JXNjm3QvGf2+VdR5gdk1mIrg,50.3621258794001,69.86202572932,59.906014308229736
486600,iHvKhF7Uk30Domr8uCORsSR904QSgslMQB+G+xe7JXNjm3QvGf2+VdR5gdk1mIrg,48.196991009534784,74.74574003706323,63.309156227540925
486900,iHvKhF7Uk30Domr8uCORsSR904QSgslMQB+G+xe7JXNjm3QvGf2+VdR5gdk1mIrg,51.40076581372895,70.36393577640182,60.6761285625836
487200,iHvKhF7Uk30Domr8uCORsSR904QSgslMQB+G+xe7JXNjm3QvGf2+VdR5gdk1mIrg,46.1893545230791,74.56196053806563,58.834831376809454
487500,iHvKhF7Uk30Domr8uCORsSR904QSgslMQB+G+xe7JXNjm3QvGf2+VdR5gdk1mIrg,46.866450661295936,76.28235409014897,61.780834169513774
487800,iHvKhF7Uk30Domr8uCORsSR904QSgslMQB+G+xe7JXNjm3QvGf2+VdR5gdk1mIrg,44.726917168506446,66.603131026496,57.7769704115806
488100,iHvKhF7Uk30Domr8uCORsSR904QSgslMQB+G+xe7JXNjm3QvGf2+VdR5gdk1mIrg,53.851590622593605,75.19554930034097,64.98166175853217
488400,iHvKhF7Uk30Domr8uCORsSR904QSgslMQB+G+xe7JXNjm3QvGf2+VdR5gdk1mIrg,54.65983438501815,72.29134095872246,65.12940682083216
488700,iHvKhF7Uk30Domr8uCORsSR904QSgslMQB+G+xe7JXNjm3QvGf2+VdR5gdk1mIrg,49.04502712739484,70.2297376020755,60.7906523848276
489000,iHvKhF7Uk30Domr8uCORsSR904QSgslMQB+G+xe7JXNjm3QvGf2+VdR5gdk1mIrg,52.969852738021885,68.48535475760899,62.29580195421384
489300,iHvKhF7Uk30Domr8uCORsSR904QSgslMQB+G+xe7JXNjm3QvGf2+VdR5gdk1mIrg,54.316935979688566,78.75662820462964,64.1793472208305
489600,iHvKhF7Uk30Domr8uCORsSR904QSgslMQB+G+xe7JXNjm3QvGf2+VdR5gdk1mIrg,47.8801426574738,72.4656898763946,64.66262706261419
489900,iHvKhF7Uk30Domr8uCORsSR904QSgslMQB+G+xe7JXNjm3QvGf2+VdR5gdk1mIrg,51.5209696539047,67.60905357538334,61.22970485449222
490200,iHvKhF7Uk30Domr8uCORsSR904QSgslMQB+G+xe7JXNjm3QvGf2+VdR5gdk1mIrg,54.911305850360876,68.36784251924334,60.60610847039315
490500,iHvKhF7Uk30Domr8uCORsSR904QSgslMQB+G+xe7JXNjm3QvGf2+VdR5gdk1mIrg,59.62555798696136,74.00979266439614,64.68664051316073
490800,iHvKhF7Uk30Domr8uCORsSR904QSgslMQB+G+xe7JXNjm3QvGf2+VdR5gdk1mIrg,57.70991049829061,69.988447532926,62.836060381866446
491100,iHvKhF7Uk30Domr8uCORsSR904QSgslMQB+G+xe7JXNjm3QvGf2+VdR5gdk1mIrg,55.215829163522,76.91930414362841,64.10347765268722
491400,iHvKhF7Uk30Domr8uCORsSR904QSgslMQB+G+xe7JXNjm3QvGf2+VdR5gdk1mIrg,56.47991334770208,70.62626449017074,62.884666178183146
491700,iHvKhF7Uk30Domr8uCORsSR904QSgslMQB+G+xe7JXNjm3QvGf2+VdR5gdk1mIrg,52.99888905147818,69.34944595985625,61.81485328092282
492000,iHvKhF7Uk30Domr8uCORsSR904QSgslMQB+G+xe7JXNjm3QvGf2+VdR5gdk1mIrg,56.41051914096208,68.95667166418092,61.70125753551847
492300,iHvKhF7Uk30Domr8uCORsSR904QSgslMQB+G+xe7JXNjm3QvGf2+VdR5gdk1mIrg,58.01525452130053,72.00662344676331,65.45396003575897
492600,iHvKhF7Uk30Domr8uCORsSR904QSgslMQB+G+xe7JXNjm3QvGf2+VdR5gdk1mIrg,53.8776751156534,71.2093352900741,62.750198303908704
492900,iHvKhF7Uk30Domr8uCORsSR904QSgslMQB+G+xe7JXNjm3QvGf2+VdR5gdk1mIrg,51.43523711388232,69.47579825212696,60.86281465295233
493200,iHvKhF7Uk30Domr8uCORsSR904QSgslMQB+G+xe7JXNjm3QvGf2+VdR5gdk1mIrg,47.54319884512525,64.89504102783008,57.09024348638752
493500,iHvKhF7Uk30Domr8uCORsSR904QSgslMQB+G+xe7JXNjm3QvGf2+VdR5gdk1mIrg,51.982934592312816,80.79573748924525,61.88123974523802
493800,iHvKhF7Uk30Domr8uCORsSR904QSgslMQB+G+xe7JXNjm3QvGf2+VdR5gdk1mIrg,45.82891596409474,70.03891901321347,60.16546663931552
494100,iHvKhF7Uk30Domr8uCORsSR904QSgslMQB+G+xe7JXNjm3QvGf2+VdR5gdk1mIrg,51.146433205204445,70.93103572359611,64.79783533079672
494400,iHvKhF7Uk30Domr8uCORsSR904QSgslMQB+G+xe7JXNjm3QvGf2+VdR5gdk1mIrg,58.105012938950885,73.30424368372681,66.43819444447293
494700,iHvKhF7Uk30Domr8uCORsSR904QSgslMQB+G+xe7JXNjm3QvGf2+VdR5gdk1mIrg,36.881786342279625,69.71776922691267,59.813115565540045
495000,iHvKhF7Uk30Domr8uCORsSR904QSgslMQB+G+xe7JXNjm3QvGf2+VdR5gdk1mIrg,48.73135639865111,72.43969229520745,62.95411016617901
495300,iHvKhF7Uk30Domr8uCORsSR904QSgslMQB+G+xe7JXNjm3QvGf2+VdR5gdk1mIrg,38.35695874227224,77.56475014157115,65.30804979063367
495600,iHvKhF7Uk30Domr8uCORsSR904QSgslMQB+G+xe7JXNjm3QvGf2+VdR5gdk1mIrg,48.68868998594928,65.62141543412761,57.5815291514719
495900,iHvKhF7Uk30Domr8uCORsSR904QSgslMQB+G+xe7JXNjm3QvGf2+VdR5gdk1mIrg,44.64142215289965,79.75624416213702,59.1698703941871
496200,iHvKhF7Uk30Domr8uCORsSR904QSgslMQB+G+xe7JXNjm3QvGf2+VdR5gdk1mIrg,38.83440453417506,67.89158613510376,57.64484965441802
496500,iHvKhF7Uk30Domr8uCORsSR904QSgslMQB+G+xe7JXNjm3QvGf2+VdR5gdk1mIrg,49.458547236751066,71.24898544699472,60.222987330659706
496800,iHvKhF7Uk30Domr8uCORsSR904QSgslMQB+G+xe7JXNjm3QvGf2+VdR5gdk1mIrg,39.01792562663088,73.65783258664372,59.99303210052356
497100,iHvKhF7Uk30Domr8uCORsSR904QSgslMQB+G+xe7JXNjm3QvGf2+VdR5gdk1mIrg,23.808707761398807,77.99071235424167,54.27351304996754
497400,iHvKhF7Uk30Domr8uCORsSR904QSgslMQB+G+xe7JXNjm3QvGf2+VdR5gdk1mIrg,23.195508101179463,78.78307768120625,58.25031550012344
497700,iHvKhF7Uk30Domr8uCORsSR904QSgslMQB+G+xe7JXNjm3QvGf2+VdR5gdk1mIrg,49.34716406846892,69.97786301635963,62.05703555360039
498000,iHvKhF7Uk30Domr8uCORsSR904QSgslMQB+G+xe7JXNjm3QvGf2+VdR5gdk1mIrg,40.49184303688008,76.85929715640599,64.97626409562181
498300,iHvKhF7Uk30Domr8uCORsSR904QSgslMQB+G+xe7JXNjm3QvGf2+VdR5gdk1mIrg,42.84453529699911,75.53496966307942,59.384707114304085
498600,iHvKhF7Uk30Domr8uCORsSR904QSgslMQB+G+xe7JXNjm3QvGf2+VdR5gdk1mIrg,44.08741603898492,75.36309746835246,60.964298761152484
498900,iHvKhF7Uk30Domr8uCORsSR904QSgslMQB+G+xe7JXNjm3QvGf2+VdR5gdk1mIrg,31.844256968140847,73.92585184146134,59.104427970426144
499200,iHvKhF7Uk30Domr8uCORsSR904QSgslMQB+G+xe7JXNjm3QvGf2+VdR5gdk1mIrg,46.04054233599356,77.10022861177535,61.42982529545312
499500,iHvKhF7Uk30Domr8uCORsSR904QSgslMQB+G+xe7JXNjm3QvGf2+VdR5gdk1mIrg,54.54809895613766,66.29232821271319,61.60409425339301
499800,iHvKhF7Uk30Domr8uCORsSR904QSgslMQB+G+xe7JXNjm3QvGf2+VdR5gdk1mIrg,51.35251124685048,73.32666822159794,60.92308940163159
500100,iHvKhF7Uk30Domr8uCORsSR904QSgslMQB+G+xe7JXNjm3QvGf2+VdR5gdk1mIrg,42.96715304868095,71.74638125925237,57.47890147355256
500400,iHvKhF7Uk30Domr8uCORsSR904QSgslMQB+G+xe7JXNjm3QvGf2+VdR5gdk1mIrg,37.07483565955981,75.30355538120925,57.94759504675494
500700,iHvKhF7Uk30Domr8uCORsSR904QSgslMQB+G+xe7JXNjm3QvGf2+VdR5gdk1mIrg,25.886390765685054,76.9898071328736,61.24312217978499
501000,iHvKhF7Uk30Domr8uCORsSR904QSgslMQB+G+xe7JXNjm3QvGf2+VdR5gdk1mIrg,34.57119194824971,72.241244246443,56.42502089731177
501300,iHvKhF7Uk30Domr8uCORsSR904QSgslMQB+G+xe7JXNjm3QvGf2+VdR5gdk1mIrg,35.251597850537834,73.8283165647121,62.43613708419728
501600,iHvKhF7Uk30Domr8uCORsSR904QSgslMQB+G+xe7JXNjm3QvGf2+VdR5gdk1mIrg,51.68215150603661,68.51054250934196,59.9878441974792
501900,iHvKhF7Uk30Domr8uCORsSR904QSgslMQB+G+xe7JXNjm3QvGf2+VdR5gdk1mIrg,53.976466750382926,73.3835252330998,64.90426736501482
502200,iHvKhF7Uk30Domr8uCORsSR904QSgslMQB+G+xe7JXNjm3QvGf2+VdR5gdk1mIrg,56.9203739989604,74.38455570043668,64.88939592669318
502500,iHvKhF7Uk30Domr8uCORsSR904QSgslMQB+G+xe7JXNjm3QvGf2+VdR5gdk1mIrg,43.033360014784805,70.02693461677201,59.63959432096888
502800,iHvKhF7Uk30Domr8uCORsSR904QSgslMQB+G+xe7JXNjm3QvGf2+VdR5gdk1mIrg,34.1566544155708,72.88369992033526,57.7089782715871
503100,iHvKhF7Uk30Domr8uCORsSR904QSgslMQB+G+xe7JXNjm3QvGf2+VdR5gdk1mIrg,50.84211268707213,70.05309954094648,59.297158110042446
503400,iHvKhF7Uk30Domr8uCORsSR904QSgslMQB+G+xe7JXNjm3QvGf2+VdR5gdk1mIrg,37.2027638471554,77.99883620647194,64.39788693670936
503700,iHvKhF7Uk30Domr8uCORsSR904QSgslMQB+G+xe7JXNjm3QvGf2+VdR5gdk1mIrg,35.12474013776756,71.27720241562201,54.619785466257234
504000,iHvKhF7Uk30Domr8uCORsSR904QSgslMQB+G+xe7JXNjm3QvGf2+VdR5gdk1mIrg,47.83614808886722,73.78804246012116,61.44977358990074
504300,iHvKhF7Uk30Domr8uCORsSR904QSgslMQB+G+xe7JXNjm3QvGf2+VdR5gdk1mIrg,47.89979746583671,75.76830504110522,68.46264116765839
504600,iHvKhF7Uk30Domr8uCORsSR904QSgslMQB+G+xe7JXNjm3QvGf2+VdR5gdk1mIrg,54.988834507466365,74.95503700967245,64.98356009762338
504900,iHvKhF7Uk30Domr8uCORsSR904QSgslMQB+G+xe7JXNjm3QvGf2+VdR5gdk1mIrg,32.743990977340296,70.62311657632783,57.519774226158155
505200,iHvKhF7Uk30Domr8uCORsSR904QSgslMQB+G+xe7JXNjm3QvGf2+VdR5gdk1mIrg,45.45325143513068,76.01279775017811,61.685615346863145
505500,iHvKhF7Uk30Domr8uCORsSR904QSgslMQB+G+xe7JXNjm3QvGf2+VdR5gdk1mIrg,46.237047175815995,69.77206521921399,60.96527541759304
505800,iHvKhF7Uk30Domr8uCORsSR904QSgslMQB+G+xe7JXNjm3QvGf2+VdR5gdk1mIrg,35.40988412783404,74.34707205012128,58.959097476044505
506100,iHvKhF7Uk30Domr8uCORsSR904QSgslMQB+G+xe7JXNjm3QvGf2+VdR5gdk1mIrg,59.97932111855891,74.95035015130156,67.2584584425136
506400,iHvKhF7Uk30Domr8uCORsSR904QSgslMQB+G+xe7JXNjm3QvGf2+VdR5gdk1mIrg,51.09096169621727,72.41020784327571,61.694839290808616
506700,iHvKhF7Uk30Domr8uCORsSR904QSgslMQB+G+xe7JXNjm3QvGf2+VdR5gdk1mIrg,51.28501240288541,72.69706550980413,63.779126195203546
507000,iHvKhF7Uk30Domr8uCORsSR904QSgslMQB+G+xe7JXNjm3QvGf2+VdR5gdk1mIrg,57.18901217757504,73.46028361362195,64.93058998306603
507300,iHvKhF7Uk30Domr8uCORsSR904QSgslMQB+G+xe7JXNjm3QvGf2+VdR5gdk1mIrg,57.4485843410725,74.0291151669625,65.7860932823942
507600,iHvKhF7Uk30Domr8uCORsSR904QSgslMQB+G+xe7JXNjm3QvGf2+VdR5gdk1mIrg,49.69046776685512,68.53332396401974,62.025615229632635
507900,iHvKhF7Uk30Domr8uCORsSR904QSgslMQB+G+xe7JXNjm3QvGf2+VdR5gdk1mIrg,45.954971406873454,72.8140809244822,60.70691400376406
508200,iHvKhF7Uk30Domr8uCORsSR904QSgslMQB+G+xe7JXNjm3QvGf2+VdR5gdk1mIrg,29.84054051295912,71.77349573451369,56.95430162431347
508500,iHvKhF7Uk30Domr8uCORsSR904QSgslMQB+G+xe7JXNjm3QvGf2+VdR5gdk1mIrg,54.159961304078166,79.48766315964771,67.91272622851803
508800,iHvKhF7Uk30Domr8uCORsSR904QSgslMQB+G+xe7JXNjm3QvGf2+VdR5gdk1mIrg,31.999353231086484,69.7871492677013,57.42393392503963
509100,iHvKhF7Uk30Domr8uCORsSR904QSgslMQB+G+xe7JXNjm3QvGf2+VdR5gdk1mIrg,40.72383283065086,71.31403737623883,56.736675278477854
509400,iHvKhF7Uk30Domr8uCORsSR904QSgslMQB+G+xe7JXNjm3QvGf2+VdR5gdk1mIrg,37.75829565960783,72.70940645908513,60.8828981750936
509700,iHvKhF7Uk30Domr8uCORsSR904QSgslMQB+G+xe7JXNjm3QvGf2+VdR5gdk1mIrg,44.50152907963118,70.938412333853,61.36128244839635
510000,iHvKhF7Uk30Domr8uCORsSR904QSgslMQB+G+xe7JXNjm3QvGf2+VdR5gdk1mIrg,33.7287063220409,75.8647988638685,55.48690587638927
510300,iHvKhF7Uk30Domr8uCORsSR904QSgslMQB+G+xe7JXNjm3QvGf2+VdR5gdk1mIrg,47.978027938880594,74.37651230379008,63.24129987917571
510600,iHvKhF7Uk30Domr8uCORsSR904QSgslMQB+G+xe7JXNjm3QvGf2+VdR5gdk1mIrg,58.211945151231845,76.40797427395538,67.39197043608132
510900,iHvKhF7Uk30Domr8uCORsSR904QSgslMQB+G+xe7JXNjm3QvGf2+VdR5gdk1mIrg,45.10491799885244,74.30746281254478,62.47051241765838
511200,iHvKhF7Uk30Domr8uCORsSR904QSgslMQB+G+xe7JXNjm3QvGf2+VdR5gdk1mIrg,48.18273024796541,68.84168380253098,58.87181118797968
511500,iHvKhF7Uk30Domr8uCORsSR904QSgslMQB+G+xe7JXNjm3QvGf2+VdR5gdk1mIrg,56.74465530178514,73.94887514560546,61.933463761937546
511800,iHvKhF7Uk30Domr8uCORsSR904QSgslMQB+G+xe7JXNjm3QvGf2+VdR5gdk1mIrg,56.843858438349514,75.0944591427855,65.81412594683584
512100,iHvKhF7Uk30Domr8uCORsSR904QSgslMQB+G+xe7JXNjm3QvGf2+VdR5gdk1mIrg,49.49663627318351,68.28199614464607,59.11546654504909
512400,iHvKhF7Uk30Domr8uCORsSR904QSgslMQB+G+xe7JXNjm3QvGf2+VdR5gdk1mIrg,51.8257242167542,71.90243923740644,62.56031973318911
512700,iHvKhF7Uk30Domr8uCORsSR904QSgslMQB+G+xe7JXNjm3QvGf2+VdR5gdk1mIrg,45.42403855988994,68.68740868342863,60.24162078534928
513000,iHvKhF7Uk30Domr8uCORsSR904QSgslMQB+G+xe7JXNjm3QvGf2+VdR5gdk1mIrg,47.632846323266655,73.66905370115397,59.72792072549609
513300,iHvKhF7Uk30Domr8uCORsSR904QSgslMQB+G+xe7JXNjm3QvGf2+VdR5gdk1mIrg,36.33437443741191,69.65538934815802,56.75755135478603
513600,iHvKhF7Uk30Domr8uCORsSR904QSgslMQB+G+xe7JXNjm3QvGf2+VdR5gdk1mIrg,41.36556357185548,71.81033556923445,58.61955989032772
513900,iHvKhF7Uk30Domr8uCORsSR904QSgslMQB+G+xe7JXNjm3QvGf2+VdR5gdk1mIrg,58.120776552726014,78.01693907820201,68.3368858678067
514200,iHvKhF7Uk30Domr8uCORsSR904QSgslMQB+G+xe7JXNjm3QvGf2+VdR5gdk1mIrg,59.07710902882134,74.7102985171906,64.5579901745841
514500,iHvKhF7Uk30Domr8uCORsSR904QSgslMQB+G+xe7JXNjm3QvGf2+VdR5gdk1mIrg,53.41345506802395,74.44949057750902,63.670286776472736
514800,iHvKhF7Uk30Domr8uCORsSR904QSgslMQB+G+xe7JXNjm3QvGf2+VdR5gdk1mIrg,51.86746919493182,78.12787507194358,65.35317953527532
515100,iHvKhF7Uk30Domr8uCORsSR904QSgslMQB+G+xe7JXNjm3QvGf2+VdR5gdk1mIrg,51.32948289496926,73.6296008608588,62.848728616916354
515400,iHvKhF7Uk30Domr8uCORsSR904QSgslMQB+G+xe7JXNjm3QvGf2+VdR5gdk1mIrg,45.69688330657772,73.9779949925005,58.38985704664688
515700,iHvKhF7Uk30Domr8uCORsSR904QSgslMQB+G+xe7JXNjm3QvGf2+VdR5gdk1mIrg,46.621116012163355,71.29402346607453,59.41584663997431
516000,iHvKhF7Uk30Domr8uCORsSR904QSgslMQB+G+xe7JXNjm3QvGf2+VdR5gdk1mIrg,50.35153890055898,73.0035048173531,61.09971011297248
516300,iHvKhF7Uk30Domr8uCORsSR904QSgslMQB+G+xe7JXNjm3QvGf2+VdR5gdk1mIrg,38.615468890225536,67.8756981536257,57.976175173137
516600,iHvKhF7Uk30Domr8uCORsSR904QSgslMQB+G+xe7JXNjm3QvGf2+VdR5gdk1mIrg,38.71343496492378,71.69096044564812,58.508858372719445
516900,iHvKhF7Uk30Domr8uCORsSR904QSgslMQB+G+xe7JXNjm3QvGf2+VdR5gdk1mIrg,57.15567655220792,75.67345292777604,65.87688690178354
517200,iHvKhF7Uk30Domr8uCORsSR904QSgslMQB+G+xe7JXNjm3QvGf2+VdR5gdk1mIrg,50.19647595095175,67.22787093924941,57.25671850589132
517500,iHvKhF7Uk30Domr8uCORsSR904QSgslMQB+G+xe7JXNjm3QvGf2+VdR5gdk1mIrg,43.790245567171496,68.80179864235758,57.17596783180424
517800,iHvKhF7Uk30Domr8uCORsSR904QSgslMQB+G+xe7JXNjm3QvGf2+VdR5gdk1mIrg,58.62565789077679,77.21262007239818,64.52566072569951
518100,iHvKhF7Uk30Domr8uCORsSR904QSgslMQB+G+xe7JXNjm3QvGf2+VdR5gdk1mIrg,52.28961129618408,70.75665035402065,61.09540409920985
518400,iHvKhF7Uk30Domr8uCORsSR904QSgslMQB+G+xe7JXNjm3QvGf2+VdR5gdk1mIrg,51.31575958829799,78.87166187376421,61.104629668799326
518700,iHvKhF7Uk30Domr8uCORsSR904QSgslMQB+G+xe7JXNjm3QvGf2+VdR5gdk1mIrg,53.55231888156467,75.99407217394264,64.19193146617579
519000,iHvKhF7Uk30Domr8uCORsSR904QSgslMQB+G+xe7JXNjm3QvGf2+VdR5gdk1mIrg,55.44785979829574,70.79726061480761,66.01616510981344
519300,iHvKhF7Uk30Domr8uCORsSR904QSgslMQB+G+xe7JXNjm3QvGf2+VdR5gdk1mIrg,46.209104066539176,70.25005100129297,58.90866664127034
519600,iHvKhF7Uk30Domr8uCORsSR904QSgslMQB+G+xe7JXNjm3QvGf2+VdR5gdk1mIrg,46.97774960057644,81.68587232482096,62.29783422764503
519900,iHvKhF7Uk30Domr8uCORsSR904QSgslMQB+G+xe7JXNjm3QvGf2+VdR5gdk1mIrg,36.382159255610574,76.76617615819593,59.433582509951215
520200,iHvKhF7Uk30Domr8uCORsSR904QSgslMQB+G+xe7JXNjm3QvGf2+VdR5gdk1mIrg,44.27357886379004,77.64444595860246,62.92824472558878
520500,iHvKhF7Uk30Domr8uCORsSR904QSgslMQB+G+xe7JXNjm3QvGf2+VdR5gdk1mIrg,33.476277134120565,73.04570376413213,59.78365427937499
520800,iHvKhF7Uk30Domr8uCORsSR904QSgslMQB+G+xe7JXNjm3QvGf2+VdR5gdk1mIrg,54.539422357735525,76.4335775341328,64.4575477891608
521100,iHvKhF7Uk30Domr8uCORsSR904QSgslMQB+G+xe7JXNjm3QvGf2+VdR5gdk1mIrg,54.41458220230204,69.41747476676083,62.85973355608229
521400,iHvKhF7Uk30Domr8uCORsSR904QSgslMQB+G+xe7JXNjm3QvGf2+VdR5gdk1mIrg,50.214330914908395,70.36400831636888,62.53998683403981
521700,iHvKhF7Uk30Domr8uCORsSR904QSgslMQB+G+xe7JXNjm3QvGf2+VdR5gdk1mIrg,43.65527770297146,69.49573076534924,61.51233477933683
522000,iHvKhF7Uk30Domr8uCORsSR904QSgslMQB+G+xe7JXNjm3QvGf2+VdR5gdk1mIrg,48.075846769942416,76.62471480692507,61.79809831248405
522300,iHvKhF7Uk30Domr8uCORsSR904QSgslMQB+G+xe7JXNjm3QvGf2+VdR5gdk1mIrg,44.41186226968752,72.42570554148473,59.3696556977748
522600,iHvKhF7Uk30Domr8uCORsSR904QSgslMQB+G+xe7JXNjm3QvGf2+VdR5gdk1mIrg,47.77470753883926,66.35180431419921,60.22557564480384
522900,iHvKhF7Uk30Domr8uCORsSR904QSgslMQB+G+xe7JXNjm3QvGf2+VdR5gdk1mIrg,53.44254480056484,71.67112583320448,63.21341052114574
523200,iHvKhF7Uk30Domr8uCORsSR904QSgslMQB+G+xe7JXNjm3QvGf2+VdR5gdk1mIrg,49.38686789377951,67.62269662692816,58.04189567609512
523500,iHvKhF7Uk30Domr8uCORsSR904QSgslMQB+G+xe7JXNjm3QvGf2+VdR5gdk1mIrg,49.50860311039687,70.89190192101049,61.76210079847793
523800,iHvKhF7Uk30Domr8uCORsSR904QSgslMQB+G+xe7JXNjm3QvGf2+VdR5gdk1mIrg,48.84352337022219,66.64635444591934,59.45931822692885
524100,iHvKhF7Uk30Domr8uCORsSR904QSgslMQB+G+xe7JXNjm3QvGf2+VdR5gdk1mIrg,46.7366201804514,70.85883177148962,63.60375952712614
524400,iHvKhF7Uk30Domr8uCORsSR904QSgslMQB+G+xe7JXNjm3QvGf2+VdR5gdk1mIrg,53.31798087694997,71.86604208788341,61.36991307757162
524700,iHvKhF7Uk30Domr8uCORsSR904QSgslMQB+G+xe7JXNjm3QvGf2+VdR5gdk1mIrg,51.26732688219104,74.20716474182494,63.067081548254315
525000,iHvKhF7Uk30Domr8uCORsSR904QSgslMQB+G+xe7JXNjm3QvGf2+VdR5gdk1mIrg,31.78810907761865,72.99160781098462,60.24475375678119
525300,iHvKhF7Uk30Domr8uCORsSR904QSgslMQB+G+xe7JXNjm3QvGf2+VdR5gdk1mIrg,51.90495056666009,65.17462818176662,59.03434977833418
525600,iHvKhF7Uk30Domr8uCORsSR904QSgslMQB+G+xe7JXNjm3QvGf2+VdR5gdk1mIrg,47.02050717768385,74.72003688650854,59.68367301090386
525900,iHvKhF7Uk30Domr8uCORsSR904QSgslMQB+G+xe7JXNjm3QvGf2+VdR5gdk1mIrg,48.58316795414186,74.8600231694775,62.401386962829086
526200,iHvKhF7Uk30Domr8uCORsSR904QSgslMQB+G+xe7JXNjm3QvGf2+VdR5gdk1mIrg,53.912362762334624,71.62611764413464,61.27780513335205
526500,iHvKhF7Uk30Domr8uCORsSR904QSgslMQB+G+xe7JXNjm3QvGf2+VdR5gdk1mIrg,54.71815342370149,71.6251273441986,63.161566183676825
526800,iHvKhF7Uk30Domr8uCORsSR904QSgslMQB+G+xe7JXNjm3QvGf2+VdR5gdk1mIrg,46.87855684876246,69.45747008430169,58.03281933231365
527100,iHvKhF7Uk30Domr8uCORsSR904QSgslMQB+G+xe7JXNjm3QvGf2+VdR5gdk1mIrg,52.96712238824646,72.721837787858,63.09082731918916
527400,iHvKhF7Uk30Domr8uCORsSR904QSgslMQB+G+xe7JXNjm3QvGf2+VdR5gdk1mIrg,44.997847359756086,74.92421393717686,58.50742115436147
527700,iHvKhF7Uk30Domr8uCORsSR904QSgslMQB+G+xe7JXNjm3QvGf2+VdR5gdk1mIrg,48.288622163761154,72.28663032546936,58.42237739781334
528000,iHvKhF7Uk30Domr8uCORsSR904QSgslMQB+G+xe7JXNjm3QvGf2+VdR5gdk1mIrg,59.14301164664393,80.10063147181145,69.4291248284093
528300,iHvKhF7Uk30Domr8uCORsSR904QSgslMQB+G+xe7JXNjm3QvGf2+VdR5gdk1mIrg,50.11265740618512,65.35963213525285,60.9230551138985
528600,iHvKhF7Uk30Domr8uCORsSR904QSgslMQB+G+xe7JXNjm3QvGf2+VdR5gdk1mIrg,44.06373265855791,72.60690700280034,60.03288318693408
528900,iHvKhF7Uk30Domr8uCORsSR904QSgslMQB+G+xe7JXNjm3QvGf2+VdR5gdk1mIrg,51.020293483784414,74.30608330544396,62.407546839494806
529200,iHvKhF7Uk30Domr8uCORsSR904QSgslMQB+G+xe7JXNjm3QvGf2+VdR5gdk1mIrg,52.541890866924255,72.11234358903833,61.54702413077007
529500,iHvKhF7Uk30Domr8uCORsSR904QSgslMQB+G+xe7JXNjm3QvGf2+VdR5gdk1mIrg,52.74593085378797,81.4045834081682,64.80146047682508
529800,iHvKhF7Uk30Domr8uCORsSR904QSgslMQB+G+xe7JXNjm3QvGf2+VdR5gdk1mIrg,49.1670795708965,74.52864768260366,61.46731144710272
530100,iHvKhF7Uk30Domr8uCORsSR904QSgslMQB+G+xe7JXNjm3QvGf2+VdR5gdk1mIrg,47.700748258490265,70.17245338074777,63.71967157217996
530400,iHvKhF7Uk30Domr8uCORsSR904QSgslMQB+G+xe7JXNjm3QvGf2+VdR5gdk1mIrg,48.926035930955976,68.75576372067877,61.892532754486176
530700,iHvKhF7Uk30Domr8uCORsSR904QSgslMQB+G+xe7JXNjm3QvGf2+VdR5gdk1mIrg,50.6606851671294,72.26292530413515,62.20010576469157
531000,iHvKhF7Uk30Domr8uCORsSR904QSgslMQB+G+xe7JXNjm3QvGf2+VdR5gdk1mIrg,47.2034159316991,71.96218624420145,61.5416951111438
531300,iHvKhF7Uk30Domr8uCORsSR904QSgslMQB+G+xe7JXNjm3QvGf2+VdR5gdk1mIrg,56.64163998373878,72.4916341416856,64.15040842984325
531600,iHvKhF7Uk30Domr8uCORsSR904QSgslMQB+G+xe7JXNjm3QvGf2+VdR5gdk1mIrg,39.33721031490677,76.52686293474406,60.868818927551935
531900,iHvKhF7Uk30Domr8uCORsSR904QSgslMQB+G+xe7JXNjm3QvGf2+VdR5gdk1mIrg,45.29558866796662,71.06393341506686,59.97284574394112
532200,iHvKhF7Uk30Domr8uCORsSR904QSgslMQB+G+xe7JXNjm3QvGf2+VdR5gdk1mIrg,31.860570316703512,73.81629861627587,58.20022735026539
532500,iHvKhF7Uk30Domr8uCORsSR904QSgslMQB+G+xe7JXNjm3QvGf2+VdR5gdk1mIrg,47.39040641535156,73.3620765591129,60.05772412637566
532800,iHvKhF7Uk30Domr8uCORsSR904QSgslMQB+G+xe7JXNjm3QvGf2+VdR5gdk1mIrg,38.85103065262003,72.3610276784699,61.44134574204267
533100,iHvKhF7Uk30Domr8uCORsSR904QSgslMQB+G+xe7JXNjm3QvGf2+VdR5gdk1mIrg,37.43616868853925,75.36667192468921,59.003793222083374
533400,iHvKhF7Uk30Domr8uCORsSR904QSgslMQB+G+xe7JXNjm3QvGf2+VdR5gdk1mIrg,46.32863591065982,72.46412905919784,61.534669286830216
533700,iHvKhF7Uk30Domr8uCORsSR904QSgslMQB+G+xe7JXNjm3QvGf2+VdR5gdk1mIrg,38.32883147053123,72.55841867800004,59.23578406320114
534000,iHvKhF7Uk30Domr8uCORsSR904QSgslMQB+G+xe7JXNjm3QvGf2+VdR5gdk1mIrg,32.90075111891362,76.10126533370605,59.87206754632498
534300,iHvKhF7Uk30Domr8uCORsSR904QSgslMQB+G+xe7JXNjm3QvGf2+VdR5gdk1mIrg,50.73948016024927,70.18177355700746,61.91429040384154
534600,iHvKhF7Uk30Domr8uCORsSR904QSgslMQB+G+xe7JXNjm3QvGf2+VdR5gdk1mIrg,38.269768918105264,72.65984759336813,60.455767272655166
534900,iHvKhF7Uk30Domr8uCORsSR904QSgslMQB+G+xe7JXNjm3QvGf2+VdR5gdk1mIrg,50.085936549470325,78.01700966099638,66.66441156367175
535200,iHvKhF7Uk30Domr8uCORsSR904QSgslMQB+G+xe7JXNjm3QvGf2+VdR5gdk1mIrg,44.67721000399545,69.22916693688997,57.93801325596608
535500,iHvKhF7Uk30Domr8uCORsSR904QSgslMQB+G+xe7JXNjm3QvGf2+VdR5gdk1mIrg,56.9639513804115,71.41655619895391,67.02823889922341
535800,iHvKhF7Uk30Domr8uCORsSR904QSgslMQB+G+xe7JXNjm3QvGf2+VdR5gdk1mIrg,51.17009160294118,74.48903657901276,62.31216643292044
536100,iHvKhF7Uk30Domr8uCORsSR904QSgslMQB+G+xe7JXNjm3QvGf2+VdR5gdk1mIrg,56.211247897807766,74.28951369606385,64.742135147023
536400,iHvKhF7Uk30Domr8uCORsSR904QSgslMQB+G+xe7JXNjm3QvGf2+VdR5gdk1mIrg,56.426151285592574,75.55756393362468,62.04711093260481
536700,iHvKhF7Uk30Domr8uCORsSR904QSgslMQB+G+xe7JXNjm3QvGf2+VdR5gdk1mIrg,46.965281102752165,73.74125943753732,58.58572727987614
537000,iHvKhF7Uk30Domr8uCORsSR904QSgslMQB+G+xe7JXNjm3QvGf2+VdR5gdk1mIrg,49.712936466773606,77.0443261313432,60.70736738099059
537300,iHvKhF7Uk30Domr8uCORsSR904QSgslMQB+G+xe7JXNjm3QvGf2+VdR5gdk1mIrg,51.32613406839916,72.76439955802627,64.71340058792177
537600,iHvKhF7Uk30Domr8uCORsSR904QSgslMQB+G+xe7JXNjm3QvGf2+VdR5gdk1mIrg,53.29134030628296,75.87303856882397,63.38214666194044
537900,iHvKhF7Uk30Domr8uCORsSR904QSgslMQB+G+xe7JXNjm3QvGf2+VdR5gdk1mIrg,54.203051508127466,73.94714199464394,64.76667392061083
538200,iHvKhF7Uk30Domr8uCORsSR904QSgslMQB+G+xe7JXNjm3QvGf2+VdR5gdk1mIrg,52.79242059484041,72.36814453512275,64.36970986602905
538500,iHvKhF7Uk30Domr8uCORsSR904QSgslMQB+G+xe7JXNjm3QvGf2+VdR5gdk1mIrg,43.20182530771231,71.97475596028907,61.78366202336598
538800,iHvKhF7Uk30Domr8uCORsSR904QSgslMQB+G+xe7JXNjm3QvGf2+VdR5gdk1mIrg,50.946647073601085,69.38993225224027,59.02568608525953
539100,iHvKhF7Uk30Domr8uCORsSR904QSgslMQB+G+xe7JXNjm3QvGf2+VdR5gdk1mIrg,52.34497731830625,73.20756177730038,61.59026958205568
539400,iHvKhF7Uk30Domr8uCORsSR904QSgslMQB+G+xe7JXNjm3QvGf2+VdR5gdk1mIrg,50.43806250549326,68.89350148248552,61.35804338814718
539700,iHvKhF7Uk30Domr8uCORsSR904QSgslMQB+G+xe7JXNjm3QvGf2+VdR5gdk1mIrg,49.16271383500012,67.94568417223424,59.421470528023214
540000,iHvKhF7Uk30Domr8uCORsSR904QSgslMQB+G+xe7JXNjm3QvGf2+VdR5gdk1mIrg,45.74867577635431,71.35171285363867,60.27973324310069
540300,iHvKhF7Uk30Domr8uCORsSR904QSgslMQB+G+xe7JXNjm3QvGf2+VdR5gdk1mIrg,55.208864950401605,73.033240305364,60.1581647185908
540600,iHvKhF7Uk30Domr8uCORsSR904QSgslMQB+G+xe7JXNjm3QvGf2+VdR5gdk1mIrg,53.94385763634646,72.33194687294238,63.782417880045706
540900,iHvKhF7Uk30Domr8uCORsSR904QSgslMQB+G+xe7JXNjm3QvGf2+VdR5gdk1mIrg,56.98911577289271,73.32588226547583,66.02169815027192
541200,iHvKhF7Uk30Domr8uCORsSR904QSgslMQB+G+xe7JXNjm3QvGf2+VdR5gdk1mIrg,42.98105463622471,69.06875122109729,58.87080673186336
541500,iHvKhF7Uk30Domr8uCORsSR904QSgslMQB+G+xe7JXNjm3QvGf2+VdR5gdk1mIrg,47.66821847347844,72.6098971622245,66.42509657123134
541800,iHvKhF7Uk30Domr8uCORsSR904QSgslMQB+G+xe7JXNjm3QvGf2+VdR5gdk1mIrg,58.21819170892732,71.13195311112987,64.99627058816036
542100,iHvKhF7Uk30Domr8uCORsSR904QSgslMQB+G+xe7JXNjm3QvGf2+VdR5gdk1mIrg,50.29854556873552,69.41718770898831,60.10468379951686
542400,iHvKhF7Uk30Domr8uCORsSR904QSgslMQB+G+xe7JXNjm3QvGf2+VdR5gdk1mIrg,48.524160130841445,76.05509042931294,65.16660554280699
542700,iHvKhF7Uk30Domr8uCORsSR904QSgslMQB+G+xe7JXNjm3QvGf2+VdR5gdk1mIrg,53.66420961314632,70.64686804361554,62.31007177572279
543000,iHvKhF7Uk30Domr8uCORsSR904QSgslMQB+G+xe7JXNjm3QvGf2+VdR5gdk1mIrg,44.30406063468752,74.32447379317045,58.72229921878598
543300,iHvKhF7Uk30Domr8uCORsSR904QSgslMQB+G+xe7JXNjm3QvGf2+VdR5gdk1mIrg,43.279221781149005,75.92006190092158,60.30333989940172
543600,iHvKhF7Uk30Domr8uCORsSR904QSgslMQB+G+xe7JXNjm3QvGf2+VdR5gdk1mIrg,44.151232891096875,73.46775516944265,59.802748737920446
543900,iHvKhF7Uk30Domr8uCORsSR904QSgslMQB+G+xe7JXNjm3QvGf2+VdR5gdk1mIrg,35.8783661921882,72.42156693167388,59.61095097234429
544200,iHvKhF7Uk30Domr8uCORsSR904QSgslMQB+G+xe7JXNjm3QvGf2+VdR5gdk1mIrg,57.110078461611145,73.58153813821417,66.64036198598467
544500,iHvKhF7Uk30Domr8uCORsSR904QSgslMQB+G+xe7JXNjm3QvGf2+VdR5gdk1mIrg,50.74285592957551,68.87387921814269,59.98276169363467
544800,iHvKhF7Uk30Domr8uCORsSR904QSgslMQB+G+xe7JXNjm3QvGf2+VdR5gdk1mIrg,60.59369363719636,75.2641695320207,67.28585585493647
545100,iHvKhF7Uk30Domr8uCORsSR904QSgslMQB+G+xe7JXNjm3QvGf2+VdR5gdk1mIrg,57.173118219914045,73.05569691351094,66.26293709186152
545400,iHvKhF7Uk30Domr8uCORsSR904QSgslMQB+G+xe7JXNjm3QvGf2+VdR5gdk1mIrg,48.37306059511385,72.7508466359424,62.492623163176944
545700,iHvKhF7Uk30Domr8uCORsSR904QSgslMQB+G+xe7JXNjm3QvGf2+VdR5gdk1mIrg,61.18160887863924,70.58909687461302,65.5457830575869
546000,iHvKhF7Uk30Domr8uCORsSR904QSgslMQB+G+xe7JXNjm3QvGf2+VdR5gdk1mIrg,60.423812171643206,74.38879592370456,66.44633263652157
546300,iHvKhF7Uk30Domr8uCORsSR904QSgslMQB+G+xe7JXNjm3QvGf2+VdR5gdk1mIrg,54.9296386953688,75.12199795809836,66.15886948634893
546600,iHvKhF7Uk30Domr8uCORsSR904QSgslMQB+G+xe7JXNjm3QvGf2+VdR5gdk1mIrg,54.279929054964775,74.4812174671988,66.23680804971181
546900,iHvKhF7Uk30Domr8uCORsSR904QSgslMQB+G+xe7JXNjm3QvGf2+VdR5gdk1mIrg,57.62656244889244,68.98680916289727,63.0729427027967
547200,iHvKhF7Uk30Domr8uCORsSR904QSgslMQB+G+xe7JXNjm3QvGf2+VdR5gdk1mIrg,42.2503421938733,71.30623026630664,59.34625410512228
547500,iHvKhF7Uk30Domr8uCORsSR904QSgslMQB+G+xe7JXNjm3QvGf2+VdR5gdk1mIrg,55.01489410109612,70.65682031769474,64.42242588366615
547800,iHvKhF7Uk30Domr8uCORsSR904QSgslMQB+G+xe7JXNjm3QvGf2+VdR5gdk1mIrg,60.17663354284617,75.51880554563053,67.27808024300526
548100,iHvKhF7Uk30Domr8uCORsSR904QSgslMQB+G+xe7JXNjm3QvGf2+VdR5gdk1mIrg,55.658694885601946,70.06090974557429,62.31520094827288
548400,iHvKhF7Uk30Domr8uCORsSR904QSgslMQB+G+xe7JXNjm3QvGf2+VdR5gdk1mIrg,54.80046112862878,74.44134596999325,66.5008075388135
548700,iHvKhF7Uk30Domr8uCORsSR904QSgslMQB+G+xe7JXNjm3QvGf2+VdR5gdk1mIrg,59.73790022727238,70.75545161799657,66.92391306120102
549000,iHvKhF7Uk30Domr8uCORsSR904QSgslMQB+G+xe7JXNjm3QvGf2+VdR5gdk1mIrg,49.182480755752394,72.84105790303212,61.58209421211005
549300,iHvKhF7Uk30Domr8uCORsSR904QSgslMQB+G+xe7JXNjm3QvGf2+VdR5gdk1mIrg,47.502779894010615,72.03953862774372,60.27168350356233
549600,iHvKhF7Uk30Domr8uCORsSR904QSgslMQB+G+xe7JXNjm3QvGf2+VdR5gdk1mIrg,45.88025200924833,70.7999076571633,60.75866716197245
549900,iHvKhF7Uk30Domr8uCORsSR904QSgslMQB+G+xe7JXNjm3QvGf2+VdR5gdk1mIrg,33.732415412045654,73.31540296811113,60.533711034333486
550200,iHvKhF7Uk30Domr8uCORsSR904QSgslMQB+G+xe7JXNjm3QvGf2+VdR5gdk1mIrg,51.079292868968444,66.9658491817849,60.1265756202295
550500,iHvKhF7Uk30Domr8uCORsSR904QSgslMQB+G+xe7JXNjm3QvGf2+VdR5gdk1mIrg,40.91829057235606,70.97745903743558,55.6902520057763
550800,iHvKhF7Uk30Domr8uCORsSR904QSgslMQB+G+xe7JXNjm3QvGf2+VdR5gdk1mIrg,51.201340151179046,68.14678100036221,60.317866358717446
551100,iHvKhF7Uk30Domr8uCORsSR904QSgslMQB+G+xe7JXNjm3QvGf2+VdR5gdk1mIrg,29.76575026686333,72.05032659030915,55.63534872826377
551400,iHvKhF7Uk30Domr8uCORsSR904QSgslMQB+G+xe7JXNjm3QvGf2+VdR5gdk1mIrg,39.13200792199878,72.13890850529195,60.14819407206206
551700,iHvKhF7Uk30Domr8uCORsSR904QSgslMQB+G+xe7JXNjm3QvGf2+VdR5gdk1mIrg,47.14522338862109,73.03679552585048,62.20044754352242
552000,iHvKhF7Uk30Domr8uCORsSR904QSgslMQB+G+xe7JXNjm3QvGf2+VdR5gdk1mIrg,48.97514900261567,67.06469619458606,58.495210202736345
552300,iHvKhF7Uk30Domr8uCORsSR904QSgslMQB+G+xe7JXNjm3QvGf2+VdR5gdk1mIrg,53.57842692048506,71.76680910713455,60.15882443139363
552600,iHvKhF7Uk30Domr8uCORsSR904QSgslMQB+G+xe7JXNjm3QvGf2+VdR5gdk1mIrg,45.23790273286392,70.493043208557,56.254055994515376
552900,iHvKhF7Uk30Domr8uCORsSR904QSgslMQB+G+xe7JXNjm3QvGf2+VdR5gdk1mIrg,34.892349035817226,71.46024322077977,57.365458568397095
553200,iHvKhF7Uk30Domr8uCORsSR904QSgslMQB+G+xe7JXNjm3QvGf2+VdR5gdk1mIrg,44.252503211251934,69.95033715571213,59.65277501289221
553500,iHvKhF7Uk30Domr8uCORsSR904QSgslMQB+G+xe7JXNjm3QvGf2+VdR5gdk1mIrg,45.97780987036205,71.85334194436481,59.94029364473561
553800,iHvKhF7Uk30Domr8uCORsSR904QSgslMQB+G+xe7JXNjm3QvGf2+VdR5gdk1mIrg,54.25132516028826,71.63348503652573,62.95447844257724
554100,iHvKhF7Uk30Domr8uCORsSR904QSgslMQB+G+xe7JXNjm3QvGf2+VdR5gdk1mIrg,35.974900101527986,75.93111555272736,63.99399427820967
554400,iHvKhF7Uk30Domr8uCORsSR904QSgslMQB+G+xe7JXNjm3QvGf2+VdR5gdk1mIrg,39.09261064163867,69.62000437993387,56.405868237560846
554700,iHvKhF7Uk30Domr8uCORsSR904QSgslMQB+G+xe7JXNjm3QvGf2+VdR5gdk1mIrg,55.42671803455586,74.16623569744705,65.10095129262098
555000,iHvKhF7Uk30Domr8uCORsSR904QSgslMQB+G+xe7JXNjm3QvGf2+VdR5gdk1mIrg,58.17628026416752,77.24692442284494,68.04337277613465
555300,iHvKhF7Uk30Domr8uCORsSR904QSgslMQB+G+xe7JXNjm3QvGf2+VdR5gdk1mIrg,59.97310201434466,72.88199546041653,66.89398610431235
555600,iHvKhF7Uk30Domr8uCORsSR904QSgslMQB+G+xe7JXNjm3QvGf2+VdR5gdk1mIrg,41.58920508639167,75.20853392624355,62.69477197168644
555900,iHvKhF7Uk30Domr8uCORsSR904QSgslMQB+G+xe7JXNjm3QvGf2+VdR5gdk1mIrg,28.27754380885169,73.29755280773715,62.36112430133092
556200,iHvKhF7Uk30Domr8uCORsSR904QSgslMQB+G+xe7JXNjm3QvGf2+VdR5gdk1mIrg,39.1536453809895,74.5723251765362,60.27238250225981
556500,iHvKhF7Uk30Domr8uCORsSR904QSgslMQB+G+xe7JXNjm3QvGf2+VdR5gdk1mIrg,48.799137714181576,74.8204390826904,67.2828128213466
556800,iHvKhF7Uk30Domr8uCORsSR904QSgslMQB+G+xe7JXNjm3QvGf2+VdR5gdk1mIrg,53.5195304444428,71.57613952580024,63.18894482803073
557100,iHvKhF7Uk30Domr8uCORsSR904QSgslMQB+G+xe7JXNjm3QvGf2+VdR5gdk1mIrg,54.23047332854357,67.26564094969658,60.64118261776402
557400,iHvKhF7Uk30Domr8uCORsSR904QSgslMQB+G+xe7JXNjm3QvGf2+VdR5gdk1mIrg,44.983259963747486,73.36552776793816,59.2743618336941
557700,iHvKhF7Uk30Domr8uCORsSR904QSgslMQB+G+xe7JXNjm3QvGf2+VdR5gdk1mIrg,45.4629095977561,70.59631801535576,62.78922186180433
558000,iHvKhF7Uk30Domr8uCORsSR904QSgslMQB+G+xe7JXNjm3QvGf2+VdR5gdk1mIrg,54.00635367078661,74.929079303077,67.48061747241215
558300,iHvKhF7Uk30Domr8uCORsSR904QSgslMQB+G+xe7JXNjm3QvGf2+VdR5gdk1mIrg,51.90470750537944,66.78444950721884,61.04989555112625
558600,iHvKhF7Uk30Domr8uCORsSR904QSgslMQB+G+xe7JXNjm3QvGf2+VdR5gdk1mIrg,49.83992014877376,79.74256362036705,67.4561037085519
558900,iHvKhF7Uk30Domr8uCORsSR904QSgslMQB+G+xe7JXNjm3QvGf2+VdR5gdk1mIrg,66.62303571194977,77.56948608810977,74.03418964794963
559200,iHvKhF7Uk30Domr8uCORsSR904QSgslMQB+G+xe7JXNjm3QvGf2+VdR5gdk1mIrg,60.633665531886784,75.8655432667027,67.65733290015496
559500,iHvKhF7Uk30Domr8uCORsSR904QSgslMQB+G+xe7JXNjm3QvGf2+VdR5gdk1mIrg,60.90508211899725,75.51989533525008,67.13933652217898
559800,iHvKhF7Uk30Domr8uCORsSR904QSgslMQB+G+xe7JXNjm3QvGf2+VdR5gdk1mIrg,63.40150850949082,76.85751440046707,70.1103383594157
560100,iHvKhF7Uk30Domr8uCORsSR904QSgslMQB+G+xe7JXNjm3QvGf2+VdR5gdk1mIrg,61.72418129074685,74.07497918517842,67.79195496960278
560400,iHvKhF7Uk30Domr8uCORsSR904QSgslMQB+G+xe7JXNjm3QvGf2+VdR5gdk1mIrg,59.072234658747,72.6104842392482,65.28006897713513
560700,iHvKhF7Uk30Domr8uCORsSR904QSgslMQB+G+xe7JXNjm3QvGf2+VdR5gdk1mIrg,61.0511541841843,74.42449378146547,68.5045458078359
561000,iHvKhF7Uk30Domr8uCORsSR904QSgslMQB+G+xe7JXNjm3QvGf2+VdR5gdk1mIrg,60.18921260101053,74.76828948937968,68.95044967849533
561300,iHvKhF7Uk30Domr8uCORsSR904QSgslMQB+G+xe7JXNjm3QvGf2+VdR5gdk1mIrg,58.17244404515765,72.79701441502691,66.09299158473854
561600,iHvKhF7Uk30Domr8uCORsSR904QSgslMQB+G+xe7JXNjm3QvGf2+VdR5gdk1mIrg,56.279195907151006,72.30734537908107,65.79041566044717
561900,iHvKhF7Uk30Domr8uCORsSR904QSgslMQB+G+xe7JXNjm3QvGf2+VdR5gdk1mIrg,58.33633938169158,72.2921858177495,66.19543226945362
562200,iHvKhF7Uk30Domr8uCORsSR904QSgslMQB+G+xe7JXNjm3QvGf2+VdR5gdk1mIrg,52.620291013473576,69.48513108406206,60.28402280238596
562500,iHvKhF7Uk30Domr8uCORsSR904QSgslMQB+G+xe7JXNjm3QvGf2+VdR5gdk1mIrg,45.74134145228823,72.5761848582348,63.78168746472232
562800,iHvKhF7Uk30Domr8uCORsSR904QSgslMQB+G+xe7JXNjm3QvGf2+VdR5gdk1mIrg,50.39478721135645,75.89026212863416,67.11575623477214
563100,iHvKhF7Uk30Domr8uCORsSR904QSgslMQB+G+xe7JXNjm3QvGf2+VdR5gdk1mIrg,47.651256216350795,72.82188352672976,60.83365860633122
563400,iHvKhF7Uk30Domr8uCORsSR904QSgslMQB+G+xe7JXNjm3QvGf2+VdR5gdk1mIrg,52.04143345877768,70.46195100596317,61.13007529150477
563700,iHvKhF7Uk30Domr8uCORsSR904QSgslMQB+G+xe7JXNjm3QvGf2+VdR5gdk1mIrg,50.37864288590708,69.46226805832697,59.27981059475862
564000,iHvKhF7Uk30Domr8uCORsSR904QSgslMQB+G+xe7JXNjm3QvGf2+VdR5gdk1mIrg,57.272709202208816,73.2666105129264,64.81534319932979
564300,iHvKhF7Uk30Domr8uCORsSR904QSgslMQB+G+xe7JXNjm3QvGf2+VdR5gdk1mIrg,47.00129690893365,73.52928687531552,58.91627269284992
564600,iHvKhF7Uk30Domr8uCORsSR904QSgslMQB+G+xe7JXNjm3QvGf2+VdR5gdk1mIrg,48.28936480615218,67.38648396843516,58.122797615813205
564900,iHvKhF7Uk30Domr8uCORsSR904QSgslMQB+G+xe7JXNjm3QvGf2+VdR5gdk1mIrg,58.40770773492699,78.20517357361065,68.43406107435844
565200,iHvKhF7Uk30Domr8uCORsSR904QSgslMQB+G+xe7JXNjm3QvGf2+VdR5gdk1mIrg,57.79947198366892,71.278324766236,63.538529183390885
565500,iHvKhF7Uk30Domr8uCORsSR904QSgslMQB+G+xe7JXNjm3QvGf2+VdR5gdk1mIrg,47.147720442859125,74.04292275666985,61.830847110624156
565800,iHvKhF7Uk30Domr8uCORsSR904QSgslMQB+G+xe7JXNjm3QvGf2+VdR5gdk1mIrg,57.81078256761065,77.67473733793827,70.50360989115079
566100,iHvKhF7Uk30Domr8uCORsSR904QSgslMQB+G+xe7JXNjm3QvGf2+VdR5gdk1mIrg,49.71367156793353,71.18896862073983,63.0874049748784
566400,iHvKhF7Uk30Domr8uCORsSR904QSgslMQB+G+xe7JXNjm3QvGf2+VdR5gdk1mIrg,49.20073824253993,65.30031182228147,58.51844483175866
566700,iHvKhF7Uk30Domr8uCORsSR904QSgslMQB+G+xe7JXNjm3QvGf2+VdR5gdk1mIrg,46.36685996867456,69.92830214719493,60.18276061479105
567000,iHvKhF7Uk30Domr8uCORsSR904QSgslMQB+G+xe7JXNjm3QvGf2+VdR5gdk1mIrg,54.56313676017008,73.94982337119693,62.08123402081064
567300,iHvKhF7Uk30Domr8uCORsSR904QSgslMQB+G+xe7JXNjm3QvGf2+VdR5gdk1mIrg,50.69135294439734,72.1244150240403,61.64907349586961
567600,iHvKhF7Uk30Domr8uCORsSR904QSgslMQB+G+xe7JXNjm3QvGf2+VdR5gdk1mIrg,45.62977295839288,69.172943742285,59.01848711930072
567900,iHvKhF7Uk30Domr8uCORsSR904QSgslMQB+G+xe7JXNjm3QvGf2+VdR5gdk1mIrg,49.1296533430507,74.32904111064921,61.956048228945924
568200,iHvKhF7Uk30Domr8uCORsSR904QSgslMQB+G+xe7JXNjm3QvGf2+VdR5gdk1mIrg,52.63953693715152,69.98550735995019,62.1614788800201
568500,iHvKhF7Uk30Domr8uCORsSR904QSgslMQB+G+xe7JXNjm3QvGf2+VdR5gdk1mIrg,53.21383337208982,73.35663896800946,65.40152895999422
568800,iHvKhF7Uk30Domr8uCORsSR904QSgslMQB+G+xe7JXNjm3QvGf2+VdR5gdk1mIrg,47.77747211760058,74.99942936385236,63.44892416702307
569100,iHvKhF7Uk30Domr8uCORsSR904QSgslMQB+G+xe7JXNjm3QvGf2+VdR5gdk1mIrg,30.84070626398961,75.61620499996013,59.531209174832256
569400,iHvKhF7Uk30Domr8uCORsSR904QSgslMQB+G+xe7JXNjm3QvGf2+VdR5gdk1mIrg,47.23267639779956,71.83139004578697,59.34450351651972
569700,iHvKhF7Uk30Domr8uCORsSR904QSgslMQB+G+xe7JXNjm3QvGf2+VdR5gdk1mIrg,39.30589045391648,71.99881680341223,60.051521014053066
570000,iHvKhF7Uk30Domr8uCORsSR904QSgslMQB+G+xe7JXNjm3QvGf2+VdR5gdk1mIrg,39.8990928662876,70.3221785229651,58.41273425818629
570300,iHvKhF7Uk30Domr8uCORsSR904QSgslMQB+G+xe7JXNjm3QvGf2+VdR5gdk1mIrg,58.35464356814008,76.48713217779222,67.07294293875852
570600,iHvKhF7Uk30Domr8uCORsSR904QSgslMQB+G+xe7JXNjm3QvGf2+VdR5gdk1mIrg,59.41497862264212,74.49562844992053,68.32456790143276
570900,iHvKhF7Uk30Domr8uCORsSR904QSgslMQB+G+xe7JXNjm3QvGf2+VdR5gdk1mIrg,56.391910543830406,72.4842203090526,65.58649967651641
571200,iHvKhF7Uk30Domr8uCORsSR904QSgslMQB+G+xe7JXNjm3QvGf2+VdR5gdk1mIrg,57.75542448715356,76.5327840221825,64.56616382363701
571500,iHvKhF7Uk30Domr8uCORsSR904QSgslMQB+G+xe7JXNjm3QvGf2+VdR5gdk1mIrg,51.22315605486997,73.1475443939278,60.14289479622519
571800,iHvKhF7Uk30Domr8uCORsSR904QSgslMQB+G+xe7JXNjm3QvGf2+VdR5gdk1mIrg,45.07338649992565,76.20327619450666,65.78968805879362
572100,iHvKhF7Uk30Domr8uCORsSR904QSgslMQB+G+xe7JXNjm3QvGf2+VdR5gdk1mIrg,51.15720950246831,69.00664530503468,59.87024403326975
572400,iHvKhF7Uk30Domr8uCORsSR904QSgslMQB+G+xe7JXNjm3QvGf2+VdR5gdk1mIrg,59.34428200709435,78.8782332990818,65.44700051479876
572700,iHvKhF7Uk30Domr8uCORsSR904QSgslMQB+G+xe7JXNjm3QvGf2+VdR5gdk1mIrg,59.83141280637444,71.68861835371536,66.50858018834262
573000,iHvKhF7Uk30Domr8uCORsSR904QSgslMQB+G+xe7JXNjm3QvGf2+VdR5gdk1mIrg,53.69899233096353,73.5296537363692,62.286905352701794
573300,iHvKhF7Uk30Domr8uCORsSR904QSgslMQB+G+xe7JXNjm3QvGf2+VdR5gdk1mIrg,50.4019271108356,73.83793212282174,64.0929088845259
573600,iHvKhF7Uk30Domr8uCORsSR904QSgslMQB+G+xe7JXNjm3QvGf2+VdR5gdk1mIrg,65.07767146158864,74.34456733838908,69.26976269977328
573900,iHvKhF7Uk30Domr8uCORsSR904QSgslMQB+G+xe7JXNjm3QvGf2+VdR5gdk1mIrg,55.865425707321926,75.39438637942939,64.01671887565345
574200,iHvKhF7Uk30Domr8uCORsSR904QSgslMQB+G+xe7JXNjm3QvGf2+VdR5gdk1mIrg,58.92775241234624,74.00474060409438,67.32482246250228
574500,iHvKhF7Uk30Domr8uCORsSR904QSgslMQB+G+xe7JXNjm3QvGf2+VdR5gdk1mIrg,57.207553999731594,80.91561515577683,69.72734636819007
574800,iHvKhF7Uk30Domr8uCORsSR904QSgslMQB+G+xe7JXNjm3QvGf2+VdR5gdk1mIrg,47.31027513656822,71.24351600460773,60.16676104298055
575100,iHvKhF7Uk30Domr8uCORsSR904QSgslMQB+G+xe7JXNjm3QvGf2+VdR5gdk1mIrg,45.75919056886652,70.78579618080646,60.35908592283884
575400,iHvKhF7Uk30Domr8uCORsSR904QSgslMQB+G+xe7JXNjm3QvGf2+VdR5gdk1mIrg,39.65534144802757,69.8949447199605,57.180058849048166
575700,iHvKhF7Uk30Domr8uCORsSR904QSgslMQB+G+xe7JXNjm3QvGf2+VdR5gdk1mIrg,21.6298182766829,81.16751593339458,57.3537421342941
576000,iHvKhF7Uk30Domr8uCORsSR904QSgslMQB+G+xe7JXNjm3QvGf2+VdR5gdk1mIrg,46.550759616000285,71.68476116525603,59.684342531599874
576300,iHvKhF7Uk30Domr8uCORsSR904QSgslMQB+G+xe7JXNjm3QvGf2+VdR5gdk1mIrg,31.898315546211062,72.4674846982879,60.13208055599623
576600,iHvKhF7Uk30Domr8uCORsSR904QSgslMQB+G+xe7JXNjm3QvGf2+VdR5gdk1mIrg,52.84772793587506,73.77160277196104,63.657018836999605
576900,iHvKhF7Uk30Domr8uCORsSR904QSgslMQB+G+xe7JXNjm3QvGf2+VdR5gdk1mIrg,55.252450065686986,68.08058870553297,61.554406012952384
577200,iHvKhF7Uk30Domr8uCORsSR904QSgslMQB+G+xe7JXNjm3QvGf2+VdR5gdk1mIrg,54.92719138147456,75.93721399021766,65.25142289522627
577500,iHvKhF7Uk30Domr8uCORsSR904QSgslMQB+G+xe7JXNjm3QvGf2+VdR5gdk1mIrg,56.24420861671122,75.0242805465363,67.23648605319434
577800,iHvKhF7Uk30Domr8uCORsSR904QSgslMQB+G+xe7JXNjm3QvGf2+VdR5gdk1mIrg,52.563890188585326,74.0143478110216,61.00235632426516
578100,iHvKhF7Uk30Domr8uCORsSR904QSgslMQB+G+xe7JXNjm3QvGf2+VdR5gdk1mIrg,51.15642032191474,72.95495394794428,63.93190916453653
578400,iHvKhF7Uk30Domr8uCORsSR904QSgslMQB+G+xe7JXNjm3QvGf2+VdR5gdk1mIrg,57.200636006535554,76.59505839666204,65.13968171269272
578700,iHvKhF7Uk30Domr8uCORsSR904QSgslMQB+G+xe7JXNjm3QvGf2+VdR5gdk1mIrg,56.82279411602696,79.91648859672128,67.92655259197856
579000,iHvKhF7Uk30Domr8uCORsSR904QSgslMQB+G+xe7JXNjm3QvGf2+VdR5gdk1mIrg,56.75591289932878,75.43380043166,69.11911787864857
579300,iHvKhF7Uk30Domr8uCORsSR904QSgslMQB+G+xe7JXNjm3QvGf2+VdR5gdk1mIrg,64.55247463669237,77.16175230528611,68.44132360412496
579600,iHvKhF7Uk30Domr8uCORsSR904QSgslMQB+G+xe7JXNjm3QvGf2+VdR5gdk1mIrg,56.00004277667662,74.21786015037203,65.28301818568173
579900,iHvKhF7Uk30Domr8uCORsSR904QSgslMQB+G+xe7JXNjm3QvGf2+VdR5gdk1mIrg,55.472109547779645,77.02568917184396,67.09902112367111
580200,iHvKhF7Uk30Domr8uCORsSR904QSgslMQB+G+xe7JXNjm3QvGf2+VdR5gdk1mIrg,54.13857813574028,72.2496798473072,63.71535472288682
580500,iHvKhF7Uk30Domr8uCORsSR904QSgslMQB+G+xe7JXNjm3QvGf2+VdR5gdk1mIrg,52.82665546636716,71.03194391240164,63.755380654528814
580800,iHvKhF7Uk30Domr8uCORsSR904QSgslMQB+G+xe7JXNjm3QvGf2+VdR5gdk1mIrg,57.20917026316105,74.12586624825028,65.61760553586886
581100,iHvKhF7Uk30Domr8uCORsSR904QSgslMQB+G+xe7JXNjm3QvGf2+VdR5gdk1mIrg,48.54104603830709,71.01940697539908,60.23009655351211
581400,iHvKhF7Uk30Domr8uCORsSR904QSgslMQB+G+xe7JXNjm3QvGf2+VdR5gdk1mIrg,36.37417562063244,73.83819030032683,58.440575486473485
581700,iHvKhF7Uk30Domr8uCORsSR904QSgslMQB+G+xe7JXNjm3QvGf2+VdR5gdk1mIrg,46.079305224454494,74.40244172061422,66.40062528794572
582000,iHvKhF7Uk30Domr8uCORsSR904QSgslMQB+G+xe7JXNjm3QvGf2+VdR5gdk1mIrg,44.96389775091394,72.74203031453125,65.22501012682264
582300,iHvKhF7Uk30Domr8uCORsSR904QSgslMQB+G+xe7JXNjm3QvGf2+VdR5gdk1mIrg,30.972593474918668,73.45696213453182,55.43593706799726
582600,iHvKhF7Uk30Domr8uCORsSR904QSgslMQB+G+xe7JXNjm3QvGf2+VdR5gdk1mIrg,47.59525209618062,71.43615980210137,62.533123959518846
582900,iHvKhF7Uk30Domr8uCORsSR904QSgslMQB+G+xe7JXNjm3QvGf2+VdR5gdk1mIrg,21.934328309185783,79.9242130877839,56.9651173047408
583200,iHvKhF7Uk30Domr8uCORsSR904QSgslMQB+G+xe7JXNjm3QvGf2+VdR5gdk1mIrg,33.272401245689686,79.41083314994044,64.50351012090871
583500,iHvKhF7Uk30Domr8uCORsSR904QSgslMQB+G+xe7JXNjm3QvGf2+VdR5gdk1mIrg,29.810908014245385,78.00718873451987,61.79045745038891
583800,iHvKhF7Uk30Domr8uCORsSR904QSgslMQB+G+xe7JXNjm3QvGf2+VdR5gdk1mIrg,27.14812211268297,79.53829063049653,55.333461253958966
584100,iHvKhF7Uk30Domr8uCORsSR904QSgslMQB+G+xe7JXNjm3QvGf2+VdR5gdk1mIrg,32.29500407284143,70.95769141898904,53.32457784302473
584400,iHvKhF7Uk30Domr8uCORsSR904QSgslMQB+G+xe7JXNjm3QvGf2+VdR5gdk1mIrg,38.413515481365835,72.33339184629276,54.041198479291914
584700,iHvKhF7Uk30Domr8uCORsSR904QSgslMQB+G+xe7JXNjm3QvGf2+VdR5gdk1mIrg,43.51242067103896,75.49827564772731,65.9667188377845
585000,iHvKhF7Uk30Domr8uCORsSR904QSgslMQB+G+xe7JXNjm3QvGf2+VdR5gdk1mIrg,25.867981229318293,75.6603396529071,50.93187818637888
585300,iHvKhF7Uk30Domr8uCORsSR904QSgslMQB+G+xe7JXNjm3QvGf2+VdR5gdk1mIrg,17.778602786383622,83.90197730703454,52.35438983276035
585600,iHvKhF7Uk30Domr8uCORsSR904QSgslMQB+G+xe7JXNjm3QvGf2+VdR5gdk1mIrg,46.5652257064792,65.45617298367668,57.43084777407942
585900,iHvKhF7Uk30Domr8uCORsSR904QSgslMQB+G+xe7JXNjm3QvGf2+VdR5gdk1mIrg,17.849816360807452,84.3520033187427,54.97322974457935
586200,iHvKhF7Uk30Domr8uCORsSR904QSgslMQB+G+xe7JXNjm3QvGf2+VdR5gdk1mIrg,18.77062906564668,83.67609564277035,50.92835499918807
586500,iHvKhF7Uk30Domr8uCORsSR904QSgslMQB+G+xe7JXNjm3QvGf2+VdR5gdk1mIrg,23.39944703368104,78.73507904195466,50.86486722277844
586800,iHvKhF7Uk30Domr8uCORsSR904QSgslMQB+G+xe7JXNjm3QvGf2+VdR5gdk1mIrg,23.927833867397407,77.78630242505609,52.76562758591984
587100,iHvKhF7Uk30Domr8uCORsSR904QSgslMQB+G+xe7JXNjm3QvGf2+VdR5gdk1mIrg,17.398204170545522,84.74233569211246,51.220926502851846
587400,iHvKhF7Uk30Domr8uCORsSR904QSgslMQB+G+xe7JXNjm3QvGf2+VdR5gdk1mIrg,19.8324224297184,82.0907291306991,52.262651282893245
587700,iHvKhF7Uk30Domr8uCORsSR904QSgslMQB+G+xe7JXNjm3QvGf2+VdR5gdk1mIrg,22.648873449755047,79.30093425153265,53.9173262845807
588000,iHvKhF7Uk30Domr8uCORsSR904QSgslMQB+G+xe7JXNjm3QvGf2+VdR5gdk1mIrg,21.942932033183308,84.4396974011181,63.38856872470098
588300,iHvKhF7Uk30Domr8uCORsSR904QSgslMQB+G+xe7JXNjm3QvGf2+VdR5gdk1mIrg,51.919303178263455,74.12754011797395,65.4599294659837
588600,iHvKhF7Uk30Domr8uCORsSR904QSgslMQB+G+xe7JXNjm3QvGf2+VdR5gdk1mIrg,46.57233681321075,74.52351305012562,62.88191482651443
588900,iHvKhF7Uk30Domr8uCORsSR904QSgslMQB+G+xe7JXNjm3QvGf2+VdR5gdk1mIrg,30.42774452287115,77.13379568205772,61.25488931910626
589200,iHvKhF7Uk30Domr8uCORsSR904QSgslMQB+G+xe7JXNjm3QvGf2+VdR5gdk1mIrg,46.40075281710567,72.7856655866216,59.21676947263485
589500,iHvKhF7Uk30Domr8uCORsSR904QSgslMQB+G+xe7JXNjm3QvGf2+VdR5gdk1mIrg,16.681056559239913,85.26397432676892,54.893715643465285
589800,iHvKhF7Uk30Domr8uCORsSR904QSgslMQB+G+xe7JXNjm3QvGf2+VdR5gdk1mIrg,43.44899805299634,71.34754635132752,58.89986290479095
590100,iHvKhF7Uk30Domr8uCORsSR904QSgslMQB+G+xe7JXNjm3QvGf2+VdR5gdk1mIrg,21.54309895908036,80.44743287097664,59.4719160146438
590400,iHvKhF7Uk30Domr8uCORsSR904QSgslMQB+G+xe7JXNjm3QvGf2+VdR5gdk1mIrg,18.88853203872239,83.22412763183013,56.884993893134926
590700,iHvKhF7Uk30Domr8uCORsSR904QSgslMQB+G+xe7JXNjm3QvGf2+VdR5gdk1mIrg,32.061766261893275,78.78205911813822,59.07017010600505
591000,iHvKhF7Uk30Domr8uCORsSR904QSgslMQB+G+xe7JXNjm3QvGf2+VdR5gdk1mIrg,36.17402150875488,78.1914344364501,62.50616599424064
591300,iHvKhF7Uk30Domr8uCORsSR904QSgslMQB+G+xe7JXNjm3QvGf2+VdR5gdk1mIrg,29.587776032784728,76.4964516920093,59.03404247375484
591600,iHvKhF7Uk30Domr8uCORsSR904QSgslMQB+G+xe7JXNjm3QvGf2+VdR5gdk1mIrg,29.268089450662256,75.11264997841474,56.017635380249146
591900,iHvKhF7Uk30Domr8uCORsSR904QSgslMQB+G+xe7JXNjm3QvGf2+VdR5gdk1mIrg,40.862803312580695,74.26616477065451,64.06169982668138
592200,iHvKhF7Uk30Domr8uCORsSR904QSgslMQB+G+xe7JXNjm3QvGf2+VdR5gdk1mIrg,46.31522935893591,70.11261696877854,60.57182265758977
592500,iHvKhF7Uk30Domr8uCORsSR904QSgslMQB+G+xe7JXNjm3QvGf2+VdR5gdk1mIrg,50.04749644461257,74.971310972563,61.637745619828095
592800,iHvKhF7Uk30Domr8uCORsSR904QSgslMQB+G+xe7JXNjm3QvGf2+VdR5gdk1mIrg,41.127379076191154,75.34849401636703,61.322053324536235
593100,iHvKhF7Uk30Domr8uCORsSR904QSgslMQB+G+xe7JXNjm3QvGf2+VdR5gdk1mIrg,45.6157579037718,74.6618084721861,62.61236688400288
593400,iHvKhF7Uk30Domr8uCORsSR904QSgslMQB+G+xe7JXNjm3QvGf2+VdR5gdk1mIrg,48.32190852029253,75.4566164934007,62.48282285736799
593700,iHvKhF7Uk30Domr8uCORsSR904QSgslMQB+G+xe7JXNjm3QvGf2+VdR5gdk1mIrg,42.40717306248219,72.46579943143094,59.26615159160761
594000,iHvKhF7Uk30Domr8uCORsSR904QSgslMQB+G+xe7JXNjm3QvGf2+VdR5gdk1mIrg,19.154597443783775,83.01447347213582,53.89471923439406
594300,iHvKhF7Uk30Domr8uCORsSR904QSgslMQB+G+xe7JXNjm3QvGf2+VdR5gdk1mIrg,33.34522524951938,76.42624933112972,56.144451238837455
594600,iHvKhF7Uk30Domr8uCORsSR904QSgslMQB+G+xe7JXNjm3QvGf2+VdR5gdk1mIrg,37.4796032654295,73.89304663660337,58.59771477485532
594900,iHvKhF7Uk30Domr8uCORsSR904QSgslMQB+G+xe7JXNjm3QvGf2+VdR5gdk1mIrg,50.11201807846452,72.9763076067193,63.349864954678566
595200,iHvKhF7Uk30Domr8uCORsSR904QSgslMQB+G+xe7JXNjm3QvGf2+VdR5gdk1mIrg,32.901582223688635,76.9796295473127,60.128355922348646
595500,iHvKhF7Uk30Domr8uCORsSR904QSgslMQB+G+xe7JXNjm3QvGf2+VdR5gdk1mIrg,48.893034634905646,73.97984810906382,62.36957928115133
595800,iHvKhF7Uk30Domr8uCORsSR904QSgslMQB+G+xe7JXNjm3QvGf2+VdR5gdk1mIrg,36.274601618897,77.18852589729397,59.16565389401374
596100,iHvKhF7Uk30Domr8uCORsSR904QSgslMQB+G+xe7JXNjm3QvGf2+VdR5gdk1mIrg,39.47004574724182,72.64809575030132,61.83873922097021
596400,iHvKhF7Uk30Domr8uCORsSR904QSgslMQB+G+xe7JXNjm3QvGf2+VdR5gdk1mIrg,27.88947261173903,78.93064182069983,58.17361497767708
596700,iHvKhF7Uk30Domr8uCORsSR904QSgslMQB+G+xe7JXNjm3QvGf2+VdR5gdk1mIrg,53.62801218179602,75.19843776228393,64.95376350483744
597000,iHvKhF7Uk30Domr8uCORsSR904QSgslMQB+G+xe7JXNjm3QvGf2+VdR5gdk1mIrg,55.209236823119134,76.28468095523685,68.27834563622176
597300,iHvKhF7Uk30Domr8uCORsSR904QSgslMQB+G+xe7JXNjm3QvGf2+VdR5gdk1mIrg,53.51754670996806,75.98101953270763,66.01416627596916
597600,iHvKhF7Uk30Domr8uCORsSR904QSgslMQB+G+xe7JXNjm3QvGf2+VdR5gdk1mIrg,53.62748196258856,75.12525528186323,64.49263495672315
597900,iHvKhF7Uk30Domr8uCORsSR904QSgslMQB+G+xe7JXNjm3QvGf2+VdR5gdk1mIrg,49.999260615791314,72.49278800277652,64.79753433551103
598200,iHvKhF7Uk30Domr8uCORsSR904QSgslMQB+G+xe7JXNjm3QvGf2+VdR5gdk1mIrg,38.238578364728944,73.4028961953711,57.15468198080341
598500,iHvKhF7Uk30Domr8uCORsSR904QSgslMQB+G+xe7JXNjm3QvGf2+VdR5gdk1mIrg,45.057029906841535,75.6541770513524,64.3050899078461
598800,iHvKhF7Uk30Domr8uCORsSR904QSgslMQB+G+xe7JXNjm3QvGf2+VdR5gdk1mIrg,45.3133311651658,75.90882211458371,61.56427377735183
599100,iHvKhF7Uk30Domr8uCORsSR904QSgslMQB+G+xe7JXNjm3QvGf2+VdR5gdk1mIrg,40.4806186326538,77.88532896134402,60.70531374605813
599400,iHvKhF7Uk30Domr8uCORsSR904QSgslMQB+G+xe7JXNjm3QvGf2+VdR5gdk1mIrg,43.42260392991803,72.91618059419342,59.54758878396192
599700,iHvKhF7Uk30Domr8uCORsSR904QSgslMQB+G+xe7JXNjm3QvGf2+VdR5gdk1mIrg,31.303956399600207,75.95693266803934,60.16148907640477
600000,iHvKhF7Uk30Domr8uCORsSR904QSgslMQB+G+xe7JXNjm3QvGf2+VdR5gdk1mIrg,24.484210634852563,79.54500527582377,58.519657220811055
600300,iHvKhF7Uk30Domr8uCORsSR904QSgslMQB+G+xe7JXNjm3QvGf2+VdR5gdk1mIrg,34.198553474053426,75.71243610732718,58.67439786420131
600600,iHvKhF7Uk30Domr8uCORsSR904QSgslMQB+G+xe7JXNjm3QvGf2+VdR5gdk1mIrg,38.78766058411695,70.2672880251107,57.58522098529634
600900,iHvKhF7Uk30Domr8uCORsSR904QSgslMQB+G+xe7JXNjm3QvGf2+VdR5gdk1mIrg,44.173149340949045,74.5973144490676,58.71746206649158
601200,iHvKhF7Uk30Domr8uCORsSR904QSgslMQB+G+xe7JXNjm3QvGf2+VdR5gdk1mIrg,61.99157741475487,86.95980057822507,69.88880645670474
601500,iHvKhF7Uk30Domr8uCORsSR904QSgslMQB+G+xe7JXNjm3QvGf2+VdR5gdk1mIrg,43.2204245488697,72.45362347268653,62.958897195937
601800,iHvKhF7Uk30Domr8uCORsSR904QSgslMQB+G+xe7JXNjm3QvGf2+VdR5gdk1mIrg,26.13773898056387,75.78709034568723,58.97598995136052
602100,iHvKhF7Uk30Domr8uCORsSR904QSgslMQB+G+xe7JXNjm3QvGf2+VdR5gdk1mIrg,36.65570320772334,76.65381805672428,57.85536103380089
602400,iHvKhF7Uk30Domr8uCORsSR904QSgslMQB+G+xe7JXNjm3QvGf2+VdR5gdk1mIrg,44.20255897821578,71.60476770981613,60.48760391328733
602700,iHvKhF7Uk30Domr8uCORsSR904QSgslMQB+G+xe7JXNjm3QvGf2+VdR5gdk1mIrg,34.25119757928836,75.94282467252185,56.88404477695405
603000,iHvKhF7Uk30Domr8uCORsSR904QSgslMQB+G+xe7JXNjm3QvGf2+VdR5gdk1mIrg,34.68754965605896,72.81912849505886,56.91574043956288
603300,iHvKhF7Uk30Domr8uCORsSR904QSgslMQB+G+xe7JXNjm3QvGf2+VdR5gdk1mIrg,41.22058000499475,73.10354269405116,62.00154405601496
603600,iHvKhF7Uk30Domr8uCORsSR904QSgslMQB+G+xe7JXNjm3QvGf2+VdR5gdk1mIrg,39.4598797734685,71.20109120869782,56.75377417741206
603900,iHvKhF7Uk30Domr8uCORsSR904QSgslMQB+G+xe7JXNjm3QvGf2+VdR5gdk1mIrg,34.14975758497624,70.40347466883323,56.77950562788124
604200,iHvKhF7Uk30Domr8uCORsSR904QSgslMQB+G+xe7JXNjm3QvGf2+VdR5gdk1mIrg,35.15607243476919,73.95372303440618,58.50723696241032
604500,iHvKhF7Uk30Domr8uCORsSR904QSgslMQB+G+xe7JXNjm3QvGf2+VdR5gdk1mIrg,49.92661603643894,72.19345008493093,61.73771272531541
604800,iHvKhF7Uk30Domr8uCORsSR904QSgslMQB+G+xe7JXNjm3QvGf2+VdR5gdk1mIrg,49.75478551479205,73.08031615480486,62.50680719879354
605100,iHvKhF7Uk30Domr8uCORsSR904QSgslMQB+G+xe7JXNjm3QvGf2+VdR5gdk1mIrg,46.34993479950468,75.60369013051414,60.98226279353195
605400,iHvKhF7Uk30Domr8uCORsSR904QSgslMQB+G+xe7JXNjm3QvGf2+VdR5gdk1mIrg,31.227161893118232,76.68194909098337,57.828455625181135
605700,iHvKhF7Uk30Domr8uCORsSR904QSgslMQB+G+xe7JXNjm3QvGf2+VdR5gdk1mIrg,33.47021571139165,75.22036437098463,59.489795788397565
606000,iHvKhF7Uk30Domr8uCORsSR904QSgslMQB+G+xe7JXNjm3QvGf2+VdR5gdk1mIrg,36.46446697597842,76.08411084796921,58.42236432721262
606300,iHvKhF7Uk30Domr8uCORsSR904QSgslMQB+G+xe7JXNjm3QvGf2+VdR5gdk1mIrg,44.10291404599288,75.08804699381889,63.88946411291372
606600,iHvKhF7Uk30Domr8uCORsSR904QSgslMQB+G+xe7JXNjm3QvGf2+VdR5gdk1mIrg,14.558414630783734,87.30904572502584,56.35813879370821
606900,iHvKhF7Uk30Domr8uCORsSR904QSgslMQB+G+xe7JXNjm3QvGf2+VdR5gdk1mIrg,29.10152886193656,79.70897960059706,61.46558814122578
607200,iHvKhF7Uk30Domr8uCORsSR904QSgslMQB+G+xe7JXNjm3QvGf2+VdR5gdk1mIrg,18.323889191768604,84.31274455527763,58.64966072309275
607500,iHvKhF7Uk30Domr8uCORsSR904QSgslMQB+G+xe7JXNjm3QvGf2+VdR5gdk1mIrg,41.68543184152705,74.60646502821878,63.51431047142989
607800,iHvKhF7Uk30Domr8uCORsSR904QSgslMQB+G+xe7JXNjm3QvGf2+VdR5gdk1mIrg,38.09287370371251,76.2601443783807,61.46518212272561
608100,iHvKhF7Uk30Domr8uCORsSR904QSgslMQB+G+xe7JXNjm3QvGf2+VdR5gdk1mIrg,40.4827679745184,72.3735243977403,60.240338359944325
608400,iHvKhF7Uk30Domr8uCORsSR904QSgslMQB+G+xe7JXNjm3QvGf2+VdR5gdk1mIrg,34.75142924695488,72.08307937035553,59.79894302649345
608700,iHvKhF7Uk30Domr8uCORsSR904QSgslMQB+G+xe7JXNjm3QvGf2+VdR5gdk1mIrg,28.29031061356851,78.38515647292611,59.13988011507267
609000,iHvKhF7Uk30Domr8uCORsSR904QSgslMQB+G+xe7JXNjm3QvGf2+VdR5gdk1mIrg,26.253099458459577,76.25271443825646,57.62052879550288
609300,iHvKhF7Uk30Domr8uCORsSR904QSgslMQB+G+xe7JXNjm3QvGf2+VdR5gdk1mIrg,51.0301032560483,75.16586557388705,62.7327957164292
609600,iHvKhF7Uk30Domr8uCORsSR904QSgslMQB+G+xe7JXNjm3QvGf2+VdR5gdk1mIrg,27.199630692019568,82.23782306877483,59.50438127321472
609900,iHvKhF7Uk30Domr8uCORsSR904QSgslMQB+G+xe7JXNjm3QvGf2+VdR5gdk1mIrg,28.761023974084388,76.27368276323747,56.19340770389304
610200,iHvKhF7Uk30Domr8uCORsSR904QSgslMQB+G+xe7JXNjm3QvGf2+VdR5gdk1mIrg,28.53006183266078,76.33025157499964,54.57822511546792
610500,iHvKhF7Uk30Domr8uCORsSR904QSgslMQB+G+xe7JXNjm3QvGf2+VdR5gdk1mIrg,44.37119887711697,72.5107920676771,61.899271859994414
610800,iHvKhF7Uk30Domr8uCORsSR904QSgslMQB+G+xe7JXNjm3QvGf2+VdR5gdk1mIrg,30.28443916545869,75.00633999594241,60.45988174094934
611100,iHvKhF7Uk30Domr8uCORsSR904QSgslMQB+G+xe7JXNjm3QvGf2+VdR5gdk1mIrg,62.1148458111206,76.48810384656966,69.91177285284218
611400,iHvKhF7Uk30Domr8uCORsSR904QSgslMQB+G+xe7JXNjm3QvGf2+VdR5gdk1mIrg,61.789880468747086,76.09226609233211,70.21799426813213
611700,iHvKhF7Uk30Domr8uCORsSR904QSgslMQB+G+xe7JXNjm3QvGf2+VdR5gdk1mIrg,54.78563606877773,73.98399425537873,66.33231257513339
612000,iHvKhF7Uk30Domr8uCORsSR904QSgslMQB+G+xe7JXNjm3QvGf2+VdR5gdk1mIrg,54.362872778168814,72.46927759175318,66.87359163847192
612300,iHvKhF7Uk30Domr8uCORsSR904QSgslMQB+G+xe7JXNjm3QvGf2+VdR5gdk1mIrg,45.94123781340883,72.19278728611329,60.13808756511562
612600,iHvKhF7Uk30Domr8uCORsSR904QSgslMQB+G+xe7JXNjm3QvGf2+VdR5gdk1mIrg,53.21336533247726,70.20318722205477,64.70561282086925
612900,iHvKhF7Uk30Domr8uCORsSR904QSgslMQB+G+xe7JXNjm3QvGf2+VdR5gdk1mIrg,53.8492532957181,77.54182709144321,66.38536165787843
613200,iHvKhF7Uk30Domr8uCORsSR904QSgslMQB+G+xe7JXNjm3QvGf2+VdR5gdk1mIrg,42.1194402115972,75.77209352076902,59.828758701116286
613500,iHvKhF7Uk30Domr8uCORsSR904QSgslMQB+G+xe7JXNjm3QvGf2+VdR5gdk1mIrg,49.8858681150533,73.58985312174121,63.661452134461726
613800,iHvKhF7Uk30Domr8uCORsSR904QSgslMQB+G+xe7JXNjm3QvGf2+VdR5gdk1mIrg,38.08542198824381,76.26293881956781,59.85727143852672
614100,iHvKhF7Uk30Domr8uCORsSR904QSgslMQB+G+xe7JXNjm3QvGf2+VdR5gdk1mIrg,29.038500731717093,78.24484653919349,59.02923313469462
614400,iHvKhF7Uk30Domr8uCORsSR904QSgslMQB+G+xe7JXNjm3QvGf2+VdR5gdk1mIrg,32.1202306442573,76.83734987584269,63.76068507367936
614700,iHvKhF7Uk30Domr8uCORsSR904QSgslMQB+G+xe7JXNjm3QvGf2+VdR5gdk1mIrg,22.85042849486428,81.70212685535216,55.17959970641186
615000,iHvKhF7Uk30Domr8uCORsSR904QSgslMQB+G+xe7JXNjm3QvGf2+VdR5gdk1mIrg,26.02428930188294,79.80729773656364,64.69423965002423
615300,iHvKhF7Uk30Domr8uCORsSR904QSgslMQB+G+xe7JXNjm3QvGf2+VdR5gdk1mIrg,69.97848845409415,80.54810933023559,76.2340077571233
615600,iHvKhF7Uk30Domr8uCORsSR904QSgslMQB+G+xe7JXNjm3QvGf2+VdR5gdk1mIrg,43.97170524623037,74.43704669216211,65.66799335531951
615900,iHvKhF7Uk30Domr8uCORsSR904QSgslMQB+G+xe7JXNjm3QvGf2+VdR5gdk1mIrg,51.61821442843299,80.53860891263695,66.12313941847711
616200,iHvKhF7Uk30Domr8uCORsSR904QSgslMQB+G+xe7JXNjm3QvGf2+VdR5gdk1mIrg,40.7535492638069,71.40670001711318,60.27004302903661
616500,iHvKhF7Uk30Domr8uCORsSR904QSgslMQB+G+xe7JXNjm3QvGf2+VdR5gdk1mIrg,44.52789772074236,72.50812217093447,58.35023671506012
616800,iHvKhF7Uk30Domr8uCORsSR904QSgslMQB+G+xe7JXNjm3QvGf2+VdR5gdk1mIrg,41.12205487478576,69.79854782800534,58.508093973257786
617100,iHvKhF7Uk30Domr8uCORsSR904QSgslMQB+G+xe7JXNjm3QvGf2+VdR5gdk1mIrg,45.448507365890585,76.0692936124322,62.07567840771708
617400,iHvKhF7Uk30Domr8uCORsSR904QSgslMQB+G+xe7JXNjm3QvGf2+VdR5gdk1mIrg,50.71546798664723,79.95896311968913,65.54029519860941
617700,iHvKhF7Uk30Domr8uCORsSR904QSgslMQB+G+xe7JXNjm3QvGf2+VdR5gdk1mIrg,55.01900142541604,75.22002007451523,65.48397053434037
618000,iHvKhF7Uk30Domr8uCORsSR904QSgslMQB+G+xe7JXNjm3QvGf2+VdR5gdk1mIrg,46.12568976511345,71.04216125375886,61.06375138146152
618300,iHvKhF7Uk30Domr8uCORsSR904QSgslMQB+G+xe7JXNjm3QvGf2+VdR5gdk1mIrg,45.3799636605985,71.88337221059832,60.76368100321154
618600,iHvKhF7Uk30Domr8uCORsSR904QSgslMQB+G+xe7JXNjm3QvGf2+VdR5gdk1mIrg,48.04808117828266,77.15753992226335,66.81649240692481
618900,iHvKhF7Uk30Domr8uCORsSR904QSgslMQB+G+xe7JXNjm3QvGf2+VdR5gdk1mIrg,50.129149399399594,73.26253825603266,63.976057163934165
619200,iHvKhF7Uk30Domr8uCORsSR904QSgslMQB+G+xe7JXNjm3QvGf2+VdR5gdk1mIrg,62.233259835390456,78.06884763763091,69.70722859762198
619500,iHvKhF7Uk30Domr8uCORsSR904QSgslMQB+G+xe7JXNjm3QvGf2+VdR5gdk1mIrg,50.65021367834187,74.7534980029973,61.930251870808185
619800,iHvKhF7Uk30Domr8uCORsSR904QSgslMQB+G+xe7JXNjm3QvGf2+VdR5gdk1mIrg,44.19948669336745,76.6980680935977,63.42686948555037
620100,iHvKhF7Uk30Domr8uCORsSR904QSgslMQB+G+xe7JXNjm3QvGf2+VdR5gdk1mIrg,38.23639337989873,79.18879560681694,62.91564221812968
620400,iHvKhF7Uk30Domr8uCORsSR904QSgslMQB+G+xe7JXNjm3QvGf2+VdR5gdk1mIrg,37.38955592036377,73.23339864787644,59.50893936367968
620700,iHvKhF7Uk30Domr8uCORsSR904QSgslMQB+G+xe7JXNjm3QvGf2+VdR5gdk1mIrg,39.2720206765441,82.03871236861843,63.36235039026788
621000,iHvKhF7Uk30Domr8uCORsSR904QSgslMQB+G+xe7JXNjm3QvGf2+VdR5gdk1mIrg,46.13226143766613,75.70767671620332,62.66940096001683
621300,iHvKhF7Uk30Domr8uCORsSR904QSgslMQB+G+xe7JXNjm3QvGf2+VdR5gdk1mIrg,26.718798804066456,74.88292690705674,54.52998767167933
621600,iHvKhF7Uk30Domr8uCORsSR904QSgslMQB+G+xe7JXNjm3QvGf2+VdR5gdk1mIrg,43.72552654461753,76.78418852322592,62.996546301843914
621900,iHvKhF7Uk30Domr8uCORsSR904QSgslMQB+G+xe7JXNjm3QvGf2+VdR5gdk1mIrg,51.70196958905326,71.02906959836645,63.21007699290712
622200,iHvKhF7Uk30Domr8uCORsSR904QSgslMQB+G+xe7JXNjm3QvGf2+VdR5gdk1mIrg,42.53989594564546,74.98203992019882,63.504136989132576
622500,iHvKhF7Uk30Domr8uCORsSR904QSgslMQB+G+xe7JXNjm3QvGf2+VdR5gdk1mIrg,39.48668824474022,73.0567847771283,60.26601107509585
622800,iHvKhF7Uk30Domr8uCORsSR904QSgslMQB+G+xe7JXNjm3QvGf2+VdR5gdk1mIrg,52.05649706896013,72.10585667732752,65.46190639270465
623100,iHvKhF7Uk30Domr8uCORsSR904QSgslMQB+G+xe7JXNjm3QvGf2+VdR5gdk1mIrg,45.76677497603468,71.67541227194678,60.55199104148576
623400,iHvKhF7Uk30Domr8uCORsSR904QSgslMQB+G+xe7JXNjm3QvGf2+VdR5gdk1mIrg,41.458906007506,73.70836917445217,62.511971721102974
623700,iHvKhF7Uk30Domr8uCORsSR904QSgslMQB+G+xe7JXNjm3QvGf2+VdR5gdk1mIrg,60.82030683548288,76.82426105148019,70.34552974981605
624000,iHvKhF7Uk30Domr8uCORsSR904QSgslMQB+G+xe7JXNjm3QvGf2+VdR5gdk1mIrg,53.010776258651234,75.75092054591174,65.19851325267271
624300,iHvKhF7Uk30Domr8uCORsSR904QSgslMQB+G+xe7JXNjm3QvGf2+VdR5gdk1mIrg,49.92881650121426,68.98358697027315,60.6486829221195
624600,iHvKhF7Uk30Domr8uCORsSR904QSgslMQB+G+xe7JXNjm3QvGf2+VdR5gdk1mIrg,46.51242013757279,72.2644964646471,60.184160654861984
624900,iHvKhF7Uk30Domr8uCORsSR904QSgslMQB+G+xe7JXNjm3QvGf2+VdR5gdk1mIrg,49.701671107228734,76.47798540456067,63.409439780083474
625200,iHvKhF7Uk30Domr8uCORsSR904QSgslMQB+G+xe7JXNjm3QvGf2+VdR5gdk1mIrg,41.89030847761703,70.79463561953989,56.25880271460401
625500,iHvKhF7Uk30Domr8uCORsSR904QSgslMQB+G+xe7JXNjm3QvGf2+VdR5gdk1mIrg,22.149735800466665,80.78746078274095,61.65919263568316
625800,iHvKhF7Uk30Domr8uCORsSR904QSgslMQB+G+xe7JXNjm3QvGf2+VdR5gdk1mIrg,35.652001316182755,80.3538543888636,63.20089024796832
626100,iHvKhF7Uk30Domr8uCORsSR904QSgslMQB+G+xe7JXNjm3QvGf2+VdR5gdk1mIrg,30.57333003921024,79.14712618907825,62.63361522317583
626400,iHvKhF7Uk30Domr8uCORsSR904QSgslMQB+G+xe7JXNjm3QvGf2+VdR5gdk1mIrg,50.545745242286394,75.86810876259217,63.8292597182435
626700,iHvKhF7Uk30Domr8uCORsSR904QSgslMQB+G+xe7JXNjm3QvGf2+VdR5gdk1mIrg,40.16697853323542,73.70396991553564,59.45443567367126
627000,iHvKhF7Uk30Domr8uCORsSR904QSgslMQB+G+xe7JXNjm3QvGf2+VdR5gdk1mIrg,47.27869794528114,76.53572265669855,62.81729007185926
627300,iHvKhF7Uk30Domr8uCORsSR904QSgslMQB+G+xe7JXNjm3QvGf2+VdR5gdk1mIrg,56.14669621178237,80.77872334574563,68.10955560278104
627600,iHvKhF7Uk30Domr8uCORsSR904QSgslMQB+G+xe7JXNjm3QvGf2+VdR5gdk1mIrg,42.70139436507689,73.85381498323056,59.77331055945333
627900,iHvKhF7Uk30Domr8uCORsSR904QSgslMQB+G+xe7JXNjm3QvGf2+VdR5gdk1mIrg,44.93243575283457,71.08680646787082,60.20052227012124
628200,iHvKhF7Uk30Domr8uCORsSR904QSgslMQB+G+xe7JXNjm3QvGf2+VdR5gdk1mIrg,44.43747538469244,76.48833151516673,60.396211788410845
628500,iHvKhF7Uk30Domr8uCORsSR904QSgslMQB+G+xe7JXNjm3QvGf2+VdR5gdk1mIrg,34.28429853332072,77.69214960450051,57.889118666867994
628800,iHvKhF7Uk30Domr8uCORsSR904QSgslMQB+G+xe7JXNjm3QvGf2+VdR5gdk1mIrg,24.72791859696988,79.54477813553021,59.36743466497162
629100,iHvKhF7Uk30Domr8uCORsSR904QSgslMQB+G+xe7JXNjm3QvGf2+VdR5gdk1mIrg,36.05358071517676,76.70646323689417,60.498577684492126
629400,iHvKhF7Uk30Domr8uCORsSR904QSgslMQB+G+xe7JXNjm3QvGf2+VdR5gdk1mIrg,28.873916541936488,76.69631449426063,58.138739127991855
629700,iHvKhF7Uk30Domr8uCORsSR904QSgslMQB+G+xe7JXNjm3QvGf2+VdR5gdk1mIrg,47.4892113485367,70.32108602108099,61.17719779788578
630000,iHvKhF7Uk30Domr8uCORsSR904QSgslMQB+G+xe7JXNjm3QvGf2+VdR5gdk1mIrg,60.5481972834838,81.61871618946134,72.13909817247188
630300,iHvKhF7Uk30Domr8uCORsSR904QSgslMQB+G+xe7JXNjm3QvGf2+VdR5gdk1mIrg,21.226183677500195,80.5652880920689,59.152056932380944
630600,iHvKhF7Uk30Domr8uCORsSR904QSgslMQB+G+xe7JXNjm3QvGf2+VdR5gdk1mIrg,30.83358325856188,80.33474826093625,57.550476251949576
630900,iHvKhF7Uk30Domr8uCORsSR904QSgslMQB+G+xe7JXNjm3QvGf2+VdR5gdk1mIrg,38.07296910996072,79.71116281357223,58.85097275310202
631200,iHvKhF7Uk30Domr8uCORsSR904QSgslMQB+G+xe7JXNjm3QvGf2+VdR5gdk1mIrg,48.35865084599209,76.6052088728091,65.24018603231676
631500,iHvKhF7Uk30Domr8uCORsSR904QSgslMQB+G+xe7JXNjm3QvGf2+VdR5gdk1mIrg,45.791630192069114,73.2283143282674,61.05579312366588
631800,iHvKhF7Uk30Domr8uCORsSR904QSgslMQB+G+xe7JXNjm3QvGf2+VdR5gdk1mIrg,46.23827931430869,71.9932225662876,61.85033052621115
632100,iHvKhF7Uk30Domr8uCORsSR904QSgslMQB+G+xe7JXNjm3QvGf2+VdR5gdk1mIrg,35.04764226222748,74.41431292266154,62.88373103876431
632400,iHvKhF7Uk30Domr8uCORsSR904QSgslMQB+G+xe7JXNjm3QvGf2+VdR5gdk1mIrg,32.61155684452899,77.53167816122864,62.134001594913215
632700,iHvKhF7Uk30Domr8uCORsSR904QSgslMQB+G+xe7JXNjm3QvGf2+VdR5gdk1mIrg,41.59650719218481,75.94462536369443,60.50292373093072
633000,iHvKhF7Uk30Domr8uCORsSR904QSgslMQB+G+xe7JXNjm3QvGf2+VdR5gdk1mIrg,46.643888561889206,76.19970214993077,61.32248590055927
633300,iHvKhF7Uk30Domr8uCORsSR904QSgslMQB+G+xe7JXNjm3QvGf2+VdR5gdk1mIrg,53.43318268203352,73.11537076889265,65.02597585588919
633600,iHvKhF7Uk30Domr8uCORsSR904QSgslMQB+G+xe7JXNjm3QvGf2+VdR5gdk1mIrg,40.6474764756373,71.12336498867523,60.47033659004017
633900,iHvKhF7Uk30Domr8uCORsSR904QSgslMQB+G+xe7JXNjm3QvGf2+VdR5gdk1mIrg,40.62489596928784,75.06301320364541,59.43439360198804
634200,iHvKhF7Uk30Domr8uCORsSR904QSgslMQB+G+xe7JXNjm3QvGf2+VdR5gdk1mIrg,45.50917204989653,77.59182009722856,66.20115541039594
634500,iHvKhF7Uk30Domr8uCORsSR904QSgslMQB+G+xe7JXNjm3QvGf2+VdR5gdk1mIrg,46.98150796911696,74.3905107759016,62.32581271116906
634800,iHvKhF7Uk30Domr8uCORsSR904QSgslMQB+G+xe7JXNjm3QvGf2+VdR5gdk1mIrg,42.55571377382658,74.07490737982675,59.67118842956396
635100,iHvKhF7Uk30Domr8uCORsSR904QSgslMQB+G+xe7JXNjm3QvGf2+VdR5gdk1mIrg,50.11544469899118,77.90874174267007,64.96252026738168
635400,iHvKhF7Uk30Domr8uCORsSR904QSgslMQB+G+xe7JXNjm3QvGf2+VdR5gdk1mIrg,50.23132636195058,69.87417726714294,61.076104120096616
635700,iHvKhF7Uk30Domr8uCORsSR904QSgslMQB+G+xe7JXNjm3QvGf2+VdR5gdk1mIrg,44.316293903574106,73.10663934155211,62.37044140929904
636000,iHvKhF7Uk30Domr8uCORsSR904QSgslMQB+G+xe7JXNjm3QvGf2+VdR5gdk1mIrg,25.04358997837328,77.4458284742763,57.92670818230656
636300,iHvKhF7Uk30Domr8uCORsSR904QSgslMQB+G+xe7JXNjm3QvGf2+VdR5gdk1mIrg,37.10680547372726,77.27410202514378,59.48784675469371
636600,iHvKhF7Uk30Domr8uCORsSR904QSgslMQB+G+xe7JXNjm3QvGf2+VdR5gdk1mIrg,42.53928182796084,75.08927547395116,61.163708070290205
636900,iHvKhF7Uk30Domr8uCORsSR904QSgslMQB+G+xe7JXNjm3QvGf2+VdR5gdk1mIrg,40.287995196614055,72.58830133665813,57.733916405201455
637200,iHvKhF7Uk30Domr8uCORsSR904QSgslMQB+G+xe7JXNjm3QvGf2+VdR5gdk1mIrg,56.244730363623255,75.57455044913603,66.80779943071899
637500,iHvKhF7Uk30Domr8uCORsSR904QSgslMQB+G+xe7JXNjm3QvGf2+VdR5gdk1mIrg,40.63525977620162,75.05483168884749,64.56234627586352
637800,iHvKhF7Uk30Domr8uCORsSR904QSgslMQB+G+xe7JXNjm3QvGf2+VdR5gdk1mIrg,28.54654557518648,79.57055299590014,58.29879785132939
638100,iHvKhF7Uk30Domr8uCORsSR904QSgslMQB+G+xe7JXNjm3QvGf2+VdR5gdk1mIrg,36.01619014873704,73.02115635873224,58.804919242386084
638400,iHvKhF7Uk30Domr8uCORsSR904QSgslMQB+G+xe7JXNjm3QvGf2+VdR5gdk1mIrg,50.14665545111363,81.75852745622922,63.38958216489143
638700,iHvKhF7Uk30Domr8uCORsSR904QSgslMQB+G+xe7JXNjm3QvGf2+VdR5gdk1mIrg,48.26397093068443,76.2475908827601,65.28360500207712
639000,iHvKhF7Uk30Domr8uCORsSR904QSgslMQB+G+xe7JXNjm3QvGf2+VdR5gdk1mIrg,36.77466313244102,78.10127144017423,62.10738262842246
639300,iHvKhF7Uk30Domr8uCORsSR904QSgslMQB+G+xe7JXNjm3QvGf2+VdR5gdk1mIrg,33.132799225113104,69.30329153113324,56.7762526416648
639600,iHvKhF7Uk30Domr8uCORsSR904QSgslMQB+G+xe7JXNjm3QvGf2+VdR5gdk1mIrg,25.894388882100976,78.37898858353559,63.52182424211928
639900,iHvKhF7Uk30Domr8uCORsSR904QSgslMQB+G+xe7JXNjm3QvGf2+VdR5gdk1mIrg,25.199024207734787,81.93081825948228,60.18623876418271
640200,iHvKhF7Uk30Domr8uCORsSR904QSgslMQB+G+xe7JXNjm3QvGf2+VdR5gdk1mIrg,56.65147589277044,77.61222489368664,67.14492242605982
640500,iHvKhF7Uk30Domr8uCORsSR904QSgslMQB+G+xe7JXNjm3QvGf2+VdR5gdk1mIrg,28.565101811045185,80.6075170069052,57.90780457476925
640800,iHvKhF7Uk30Domr8uCORsSR904QSgslMQB+G+xe7JXNjm3QvGf2+VdR5gdk1mIrg,25.861243645645253,78.05017739196853,54.676715144798926
641100,iHvKhF7Uk30Domr8uCORsSR904QSgslMQB+G+xe7JXNjm3QvGf2+VdR5gdk1mIrg,18.33352684246844,85.36560297412834,55.81445930791213
641400,iHvKhF7Uk30Domr8uCORsSR904QSgslMQB+G+xe7JXNjm3QvGf2+VdR5gdk1mIrg,51.825553111737726,78.3122263220776,67.63798166133367
641700,iHvKhF7Uk30Domr8uCORsSR904QSgslMQB+G+xe7JXNjm3QvGf2+VdR5gdk1mIrg,45.35780568818248,73.98427790268265,61.05424124938676
642000,iHvKhF7Uk30Domr8uCORsSR904QSgslMQB+G+xe7JXNjm3QvGf2+VdR5gdk1mIrg,20.325261148085502,81.50722616785319,55.41700447840121
642300,iHvKhF7Uk30Domr8uCORsSR904QSgslMQB+G+xe7JXNjm3QvGf2+VdR5gdk1mIrg,30.673173830675697,76.9967471455879,62.33932749293321
642600,iHvKhF7Uk30Domr8uCORsSR904QSgslMQB+G+xe7JXNjm3QvGf2+VdR5gdk1mIrg,49.46947993764636,80.11630371572619,65.1534220003887
642900,iHvKhF7Uk30Domr8uCORsSR904QSgslMQB+G+xe7JXNjm3QvGf2+VdR5gdk1mIrg,20.654214023979463,82.00934683173632,55.607291834332464
643200,iHvKhF7Uk30Domr8uCORsSR904QSgslMQB+G+xe7JXNjm3QvGf2+VdR5gdk1mIrg,19.848130976518597,82.0164050081337,57.48496137548259
643500,iHvKhF7Uk30Domr8uCORsSR904QSgslMQB+G+xe7JXNjm3QvGf2+VdR5gdk1mIrg,45.84895087901983,72.94775901552913,60.59999712178652
643800,iHvKhF7Uk30Domr8uCORsSR904QSgslMQB+G+xe7JXNjm3QvGf2+VdR5gdk1mIrg,42.18075723582147,74.197607153515,63.15990912035184
644100,iHvKhF7Uk30Domr8uCORsSR904QSgslMQB+G+xe7JXNjm3QvGf2+VdR5gdk1mIrg,23.220372363671405,80.3389465623994,58.88600017344088
644400,iHvKhF7Uk30Domr8uCORsSR904QSgslMQB+G+xe7JXNjm3QvGf2+VdR5gdk1mIrg,20.626170042585592,82.66990479893143,70.31759170964779
644700,iHvKhF7Uk30Domr8uCORsSR904QSgslMQB+G+xe7JXNjm3QvGf2+VdR5gdk1mIrg,60.36496021239368,81.23954044500273,75.0240838898816
645000,iHvKhF7Uk30Domr8uCORsSR904QSgslMQB+G+xe7JXNjm3QvGf2+VdR5gdk1mIrg,22.55791890013399,80.63176045895291,61.35581456439338
645300,iHvKhF7Uk30Domr8uCORsSR904QSgslMQB+G+xe7JXNjm3QvGf2+VdR5gdk1mIrg,42.42854028893792,78.76827142945086,64.57298225484006
645600,iHvKhF7Uk30Domr8uCORsSR904QSgslMQB+G+xe7JXNjm3QvGf2+VdR5gdk1mIrg,47.2536070266385,79.66232626175078,63.89597200797216
645900,iHvKhF7Uk30Domr8uCORsSR904QSgslMQB+G+xe7JXNjm3QvGf2+VdR5gdk1mIrg,42.036839820447305,72.8157303005915,59.1359821908009
646200,iHvKhF7Uk30Domr8uCORsSR904QSgslMQB+G+xe7JXNjm3QvGf2+VdR5gdk1mIrg,43.54752570168226,70.84499928928143,60.057063335366095
646500,iHvKhF7Uk30Domr8uCORsSR904QSgslMQB+G+xe7JXNjm3QvGf2+VdR5gdk1mIrg,50.09563543035944,70.5555775394352,60.54280423687178
646800,iHvKhF7Uk30Domr8uCORsSR904QSgslMQB+G+xe7JXNjm3QvGf2+VdR5gdk1mIrg,36.01281252745618,75.21151829607686,60.61362176913185
647100,iHvKhF7Uk30Domr8uCORsSR904QSgslMQB+G+xe7JXNjm3QvGf2+VdR5gdk1mIrg,35.50989355859717,75.73584038379859,59.39873852568608
647400,iHvKhF7Uk30Domr8uCORsSR904QSgslMQB+G+xe7JXNjm3QvGf2+VdR5gdk1mIrg,31.00208446082292,79.78571316191993,58.26972270614228
647700,iHvKhF7Uk30Domr8uCORsSR904QSgslMQB+G+xe7JXNjm3QvGf2+VdR5gdk1mIrg,25.00939759531119,80.06126546514241,55.94548413465249
648000,iHvKhF7Uk30Domr8uCORsSR904QSgslMQB+G+xe7JXNjm3QvGf2+VdR5gdk1mIrg,16.651016596139208,85.8769791556434,65.30063703674793
648300,iHvKhF7Uk30Domr8uCORsSR904QSgslMQB+G+xe7JXNjm3QvGf2+VdR5gdk1mIrg,39.45040059675881,79.1870496472559,67.49255018050759
648600,iHvKhF7Uk30Domr8uCORsSR904QSgslMQB+G+xe7JXNjm3QvGf2+VdR5gdk1mIrg,48.72874109926404,74.46428889710475,63.88976916803065
648900,iHvKhF7Uk30Domr8uCORsSR904QSgslMQB+G+xe7JXNjm3QvGf2+VdR5gdk1mIrg,45.29426172217286,73.48995668942516,63.010469112712165
649200,iHvKhF7Uk30Domr8uCORsSR904QSgslMQB+G+xe7JXNjm3QvGf2+VdR5gdk1mIrg,20.60308594808804,81.2017451045304,57.65712645158686
649500,iHvKhF7Uk30Domr8uCORsSR904QSgslMQB+G+xe7JXNjm3QvGf2+VdR5gdk1mIrg,24.546115331973,79.31562969063016,56.44239794740336
649800,iHvKhF7Uk30Domr8uCORsSR904QSgslMQB+G+xe7JXNjm3QvGf2+VdR5gdk1mIrg,37.74192956505362,72.5328814431491,62.50157742994092
650100,iHvKhF7Uk30Domr8uCORsSR904QSgslMQB+G+xe7JXNjm3QvGf2+VdR5gdk1mIrg,48.68911480967486,75.06444484812387,60.815233117352555
650400,iHvKhF7Uk30Domr8uCORsSR904QSgslMQB+G+xe7JXNjm3QvGf2+VdR5gdk1mIrg,38.69106212153148,74.61423348668016,58.70127089791979
650700,iHvKhF7Uk30Domr8uCORsSR904QSgslMQB+G+xe7JXNjm3QvGf2+VdR5gdk1mIrg,36.38332837309386,78.44127458490385,61.77794889915005
651000,iHvKhF7Uk30Domr8uCORsSR904QSgslMQB+G+xe7JXNjm3QvGf2+VdR5gdk1mIrg,35.48069331051355,76.55978496941513,60.9115339474572
651300,iHvKhF7Uk30Domr8uCORsSR904QSgslMQB+G+xe7JXNjm3QvGf2+VdR5gdk1mIrg,42.1059398436651,77.08953892890993,62.52649888437792
651600,iHvKhF7Uk30Domr8uCORsSR904QSgslMQB+G+xe7JXNjm3QvGf2+VdR5gdk1mIrg,44.24580892058251,78.2213501134039,62.78662800086104
651900,iHvKhF7Uk30Domr8uCORsSR904QSgslMQB+G+xe7JXNjm3QvGf2+VdR5gdk1mIrg,45.59157315596795,75.4665089137071,63.11796478222082
652200,iHvKhF7Uk30Domr8uCORsSR904QSgslMQB+G+xe7JXNjm3QvGf2+VdR5gdk1mIrg,54.24660884166342,86.80824412434535,68.29888979560965
652500,iHvKhF7Uk30Domr8uCORsSR904QSgslMQB+G+xe7JXNjm3QvGf2+VdR5gdk1mIrg,55.70891847706204,76.95646483747745,67.40103998852551
652800,iHvKhF7Uk30Domr8uCORsSR904QSgslMQB+G+xe7JXNjm3QvGf2+VdR5gdk1mIrg,34.11948967151092,76.38581147801517,62.0995564643512
653100,iHvKhF7Uk30Domr8uCORsSR904QSgslMQB+G+xe7JXNjm3QvGf2+VdR5gdk1mIrg,22.97694017219083,79.90352530755835,57.55940339662285
653400,iHvKhF7Uk30Domr8uCORsSR904QSgslMQB+G+xe7JXNjm3QvGf2+VdR5gdk1mIrg,41.51536527482654,73.9043098925895,62.136049963834154
653700,iHvKhF7Uk30Domr8uCORsSR904QSgslMQB+G+xe7JXNjm3QvGf2+VdR5gdk1mIrg,41.96847758813782,70.19177121759583,60.239772560852
654000,iHvKhF7Uk30Domr8uCORsSR904QSgslMQB+G+xe7JXNjm3QvGf2+VdR5gdk1mIrg,24.003725159288013,77.96464393377802,55.62248641146275
654300,iHvKhF7Uk30Domr8uCORsSR904QSgslMQB+G+xe7JXNjm3QvGf2+VdR5gdk1mIrg,44.823082166975176,72.65083548971857,60.97169758308552
654600,iHvKhF7Uk30Domr8uCORsSR904QSgslMQB+G+xe7JXNjm3QvGf2+VdR5gdk1mIrg,39.51787751083428,73.07763177034056,58.729926494556345
654900,iHvKhF7Uk30Domr8uCORsSR904QSgslMQB+G+xe7JXNjm3QvGf2+VdR5gdk1mIrg,33.148802629315696,79.22946857440617,62.35297793740909
655200,iHvKhF7Uk30Domr8uCORsSR904QSgslMQB+G+xe7JXNjm3QvGf2+VdR5gdk1mIrg,31.77496083174857,76.73599101887332,56.356423821273495
655500,iHvKhF7Uk30Domr8uCORsSR904QSgslMQB+G+xe7JXNjm3QvGf2+VdR5gdk1mIrg,44.80079540116003,73.95095717476265,61.12285002524006
655800,iHvKhF7Uk30Domr8uCORsSR904QSgslMQB+G+xe7JXNjm3QvGf2+VdR5gdk1mIrg,49.30577687123144,79.20013216819603,64.5264618494817
656100,iHvKhF7Uk30Domr8uCORsSR904QSgslMQB+G+xe7JXNjm3QvGf2+VdR5gdk1mIrg,45.45309524521346,76.26210908831214,61.996708533673136
656400,iHvKhF7Uk30Domr8uCORsSR904QSgslMQB+G+xe7JXNjm3QvGf2+VdR5gdk1mIrg,39.96851231644122,79.24675258563644,60.01067013540254
656700,iHvKhF7Uk30Domr8uCORsSR904QSgslMQB+G+xe7JXNjm3QvGf2+VdR5gdk1mIrg,41.61341483365525,75.92271224604046,62.907326776448166
657000,iHvKhF7Uk30Domr8uCORsSR904QSgslMQB+G+xe7JXNjm3QvGf2+VdR5gdk1mIrg,44.30081574728686,72.28370809289116,63.016899716376976
657300,iHvKhF7Uk30Domr8uCORsSR904QSgslMQB+G+xe7JXNjm3QvGf2+VdR5gdk1mIrg,17.467491903507256,84.1713993951141,56.13438959678175
657600,iHvKhF7Uk30Domr8uCORsSR904QSgslMQB+G+xe7JXNjm3QvGf2+VdR5gdk1mIrg,52.6399798119029,75.54641478632932,64.93927152827887
657900,iHvKhF7Uk30Domr8uCORsSR904QSgslMQB+G+xe7JXNjm3QvGf2+VdR5gdk1mIrg,34.66267253675082,75.7199274539459,60.508004170989835
658200,iHvKhF7Uk30Domr8uCORsSR904QSgslMQB+G+xe7JXNjm3QvGf2+VdR5gdk1mIrg,32.62509170329076,75.35172170148766,56.754790502314655
658500,iHvKhF7Uk30Domr8uCORsSR904QSgslMQB+G+xe7JXNjm3QvGf2+VdR5gdk1mIrg,33.08662341419772,71.71627458260522,56.093563122622236
658800,iHvKhF7Uk30Domr8uCORsSR904QSgslMQB+G+xe7JXNjm3QvGf2+VdR5gdk1mIrg,53.063025821373024,84.91116225934712,65.70938554745521
659100,iHvKhF7Uk30Domr8uCORsSR904QSgslMQB+G+xe7JXNjm3QvGf2+VdR5gdk1mIrg,42.82196728520117,72.3821951895951,60.71664322367775
659400,iHvKhF7Uk30Domr8uCORsSR904QSgslMQB+G+xe7JXNjm3QvGf2+VdR5gdk1mIrg,33.35793526743065,78.27123381581097,57.77958599800172
659700,iHvKhF7Uk30Domr8uCORsSR904QSgslMQB+G+xe7JXNjm3QvGf2+VdR5gdk1mIrg,52.53604828345604,78.26453196695445,65.86373028168839
660000,iHvKhF7Uk30Domr8uCORsSR904QSgslMQB+G+xe7JXNjm3QvGf2+VdR5gdk1mIrg,49.41793784514134,77.4188493623508,65.54048928734639
660300,iHvKhF7Uk30Domr8uCORsSR904QSgslMQB+G+xe7JXNjm3QvGf2+VdR5gdk1mIrg,20.400740502297595,81.35627801562299,55.83692538281732
660600,iHvKhF7Uk30Domr8uCORsSR904QSgslMQB+G+xe7JXNjm3QvGf2+VdR5gdk1mIrg,38.77433390719449,77.36141749756396,67.1818224057681
660900,iHvKhF7Uk30Domr8uCORsSR904QSgslMQB+G+xe7JXNjm3QvGf2+VdR5gdk1mIrg,55.59566153226754,76.25520360164914,65.4514712333664
661200,iHvKhF7Uk30Domr8uCORsSR904QSgslMQB+G+xe7JXNjm3QvGf2+VdR5gdk1mIrg,54.912503285265565,74.64737941728082,65.28585855710196
661500,iHvKhF7Uk30Domr8uCORsSR904QSgslMQB+G+xe7JXNjm3QvGf2+VdR5gdk1mIrg,32.52000601852182,78.83902451128154,61.92078867836936
661800,iHvKhF7Uk30Domr8uCORsSR904QSgslMQB+G+xe7JXNjm3QvGf2+VdR5gdk1mIrg,40.88007716324353,78.26191592524782,63.47537279532503
662100,iHvKhF7Uk30Domr8uCORsSR904QSgslMQB+G+xe7JXNjm3QvGf2+VdR5gdk1mIrg,42.73640422125616,76.13508183654974,58.867551405523415
662400,iHvKhF7Uk30Domr8uCORsSR904QSgslMQB+G+xe7JXNjm3QvGf2+VdR5gdk1mIrg,22.689645825621007,79.58185515783225,62.82696860199268
662700,iHvKhF7Uk30Domr8uCORsSR904QSgslMQB+G+xe7JXNjm3QvGf2+VdR5gdk1mIrg,29.870776810306605,80.5985565242534,56.898469983692
663000,iHvKhF7Uk30Domr8uCORsSR904QSgslMQB+G+xe7JXNjm3QvGf2+VdR5gdk1mIrg,50.042499532953485,73.16344065521446,61.65708064752802
663300,iHvKhF7Uk30Domr8uCORsSR904QSgslMQB+G+xe7JXNjm3QvGf2+VdR5gdk1mIrg,33.835844954674656,74.94786038256478,58.9135183143051
663600,iHvKhF7Uk30Domr8uCORsSR904QSgslMQB+G+xe7JXNjm3QvGf2+VdR5gdk1mIrg,53.72729260869966,75.55432035740547,66.56065195843273
663900,iHvKhF7Uk30Domr8uCORsSR904QSgslMQB+G+xe7JXNjm3QvGf2+VdR5gdk1mIrg,51.12760675795055,72.66030516265974,61.63042085773541
664200,iHvKhF7Uk30Domr8uCORsSR904QSgslMQB+G+xe7JXNjm3QvGf2+VdR5gdk1mIrg,32.78783864952639,75.13712914258218,58.00757625729907
664500,iHvKhF7Uk30Domr8uCORsSR904QSgslMQB+G+xe7JXNjm3QvGf2+VdR5gdk1mIrg,39.39119500745503,72.93018706279011,56.50688346133601
664800,iHvKhF7Uk30Domr8uCORsSR904QSgslMQB+G+xe7JXNjm3QvGf2+VdR5gdk1mIrg,54.827326156380735,72.10733408090483,62.246970512343765
665100,iHvKhF7Uk30Domr8uCORsSR904QSgslMQB+G+xe7JXNjm3QvGf2+VdR5gdk1mIrg,31.91863160599565,77.643127678954,62.42063497017099
665400,iHvKhF7Uk30Domr8uCORsSR904QSgslMQB+G+xe7JXNjm3QvGf2+VdR5gdk1mIrg,51.03950591995526,67.0601859285449,59.850635402224334
665700,iHvKhF7Uk30Domr8uCORsSR904QSgslMQB+G+xe7JXNjm3QvGf2+VdR5gdk1mIrg,36.677107647103725,73.68933794404813,59.41350540078636
666000,iHvKhF7Uk30Domr8uCORsSR904QSgslMQB+G+xe7JXNjm3QvGf2+VdR5gdk1mIrg,45.4707666334639,70.58454448053796,60.746884726032
666300,iHvKhF7Uk30Domr8uCORsSR904QSgslMQB+G+xe7JXNjm3QvGf2+VdR5gdk1mIrg,46.33963446788076,70.17150471338044,60.75517736940518
666600,iHvKhF7Uk30Domr8uCORsSR904QSgslMQB+G+xe7JXNjm3QvGf2+VdR5gdk1mIrg,50.49471555167615,73.72460055862886,63.02432193480418
666900,iHvKhF7Uk30Domr8uCORsSR904QSgslMQB+G+xe7JXNjm3QvGf2+VdR5gdk1mIrg,50.5310651685798,71.72766622369792,65.48857493850596
667200,iHvKhF7Uk30Domr8uCORsSR904QSgslMQB+G+xe7JXNjm3QvGf2+VdR5gdk1mIrg,51.14857221022313,78.52096244776348,69.10946718340307
667500,iHvKhF7Uk30Domr8uCORsSR904QSgslMQB+G+xe7JXNjm3QvGf2+VdR5gdk1mIrg,64.60886044990272,75.11973114749189,69.32679424132309
667800,iHvKhF7Uk30Domr8uCORsSR904QSgslMQB+G+xe7JXNjm3QvGf2+VdR5gdk1mIrg,57.42511431934352,68.64928133952723,62.99818071531889
668100,iHvKhF7Uk30Domr8uCORsSR904QSgslMQB+G+xe7JXNjm3QvGf2+VdR5gdk1mIrg,59.11355640790337,71.4174359262064,64.97984837579799
668400,iHvKhF7Uk30Domr8uCORsSR904QSgslMQB+G+xe7JXNjm3QvGf2+VdR5gdk1mIrg,51.81044137520128,70.14474342647978,63.433200713846894
668700,iHvKhF7Uk30Domr8uCORsSR904QSgslMQB+G+xe7JXNjm3QvGf2+VdR5gdk1mIrg,55.610712223151914,68.88931278554156,63.033424197699645
669000,iHvKhF7Uk30Domr8uCORsSR904QSgslMQB+G+xe7JXNjm3QvGf2+VdR5gdk1mIrg,58.23033490027585,76.08400288000077,65.67045371335503
669300,iHvKhF7Uk30Domr8uCORsSR904QSgslMQB+G+xe7JXNjm3QvGf2+VdR5gdk1mIrg,33.99578437196954,72.2276667513703,57.462037601777965
669600,iHvKhF7Uk30Domr8uCORsSR904QSgslMQB+G+xe7JXNjm3QvGf2+VdR5gdk1mIrg,39.4613960615663,71.7974680270379,56.729093191284974
669900,iHvKhF7Uk30Domr8uCORsSR904QSgslMQB+G+xe7JXNjm3QvGf2+VdR5gdk1mIrg,39.4625461694134,73.4993911621899,57.70914030286807
670200,iHvKhF7Uk30Domr8uCORsSR904QSgslMQB+G+xe7JXNjm3QvGf2+VdR5gdk1mIrg,54.551584340132585,72.1747776144717,64.82912908193069
670500,iHvKhF7Uk30Domr8uCORsSR904QSgslMQB+G+xe7JXNjm3QvGf2+VdR5gdk1mIrg,42.55196150919732,72.51844144129778,61.805437514030885
670800,iHvKhF7Uk30Domr8uCORsSR904QSgslMQB+G+xe7JXNjm3QvGf2+VdR5gdk1mIrg,54.61321887931361,69.23910205579476,62.75951313640783
671100,iHvKhF7Uk30Domr8uCORsSR904QSgslMQB+G+xe7JXNjm3QvGf2+VdR5gdk1mIrg,51.00896527449294,74.85186756146376,61.23385158140769
671400,iHvKhF7Uk30Domr8uCORsSR904QSgslMQB+G+xe7JXNjm3QvGf2+VdR5gdk1mIrg,54.35586135541127,68.4762401213699,62.50766516792136
671700,iHvKhF7Uk30Domr8uCORsSR904QSgslMQB+G+xe7JXNjm3QvGf2+VdR5gdk1mIrg,27.180902379451556,81.8245428901175,58.92753406471022
672000,iHvKhF7Uk30Domr8uCORsSR904QSgslMQB+G+xe7JXNjm3QvGf2+VdR5gdk1mIrg,41.50281117963471,70.85823382154139,59.11718731381751
672300,iHvKhF7Uk30Domr8uCORsSR904QSgslMQB+G+xe7JXNjm3QvGf2+VdR5gdk1mIrg,33.41601290953352,72.55529061337377,57.274498092502334
672600,iHvKhF7Uk30Domr8uCORsSR904QSgslMQB+G+xe7JXNjm3QvGf2+VdR5gdk1mIrg,35.125132741344885,71.79428126916696,60.01478818891374
672900,iHvKhF7Uk30Domr8uCORsSR904QSgslMQB+G+xe7JXNjm3QvGf2+VdR5gdk1mIrg,46.59281594484349,73.86217487494005,62.4182552826252
673200,iHvKhF7Uk30Domr8uCORsSR904QSgslMQB+G+xe7JXNjm3QvGf2+VdR5gdk1mIrg,43.32335121919181,71.92280049700896,62.22288666700361
673500,iHvKhF7Uk30Domr8uCORsSR904QSgslMQB+G+xe7JXNjm3QvGf2+VdR5gdk1mIrg,22.173134960102992,79.98075319546263,54.578006911527645
673800,iHvKhF7Uk30Domr8uCORsSR904QSgslMQB+G+xe7JXNjm3QvGf2+VdR5gdk1mIrg,52.053646634271466,73.7104021596307,60.10544327137258
674100,iHvKhF7Uk30Domr8uCORsSR904QSgslMQB+G+xe7JXNjm3QvGf2+VdR5gdk1mIrg,55.35238825214818,71.21794378769283,63.034054244229914
674400,iHvKhF7Uk30Domr8uCORsSR904QSgslMQB+G+xe7JXNjm3QvGf2+VdR5gdk1mIrg,49.50488688851432,71.4205591880961,61.693134019491374
674700,iHvKhF7Uk30Domr8uCORsSR904QSgslMQB+G+xe7JXNjm3QvGf2+VdR5gdk1mIrg,46.97399313211244,74.914303533502,59.54171277775736
675000,iHvKhF7Uk30Domr8uCORsSR904QSgslMQB+G+xe7JXNjm3QvGf2+VdR5gdk1mIrg,42.658749165022776,73.61834780877358,58.221387698394814
675300,iHvKhF7Uk30Domr8uCORsSR904QSgslMQB+G+xe7JXNjm3QvGf2+VdR5gdk1mIrg,51.76982147217346,69.18300288017983,59.14049582162197
675600,iHvKhF7Uk30Domr8uCORsSR904QSgslMQB+G+xe7JXNjm3QvGf2+VdR5gdk1mIrg,49.4022989734189,80.84891186301788,70.38221040298271
675900,iHvKhF7Uk30Domr8uCORsSR904QSgslMQB+G+xe7JXNjm3QvGf2+VdR5gdk1mIrg,53.73137355240936,74.51400128945856,63.74845398930225
676200,iHvKhF7Uk30Domr8uCORsSR904QSgslMQB+G+xe7JXNjm3QvGf2+VdR5gdk1mIrg,56.136659833184325,76.12595424071309,65.35498405898059
676500,iHvKhF7Uk30Domr8uCORsSR904QSgslMQB+G+xe7JXNjm3QvGf2+VdR5gdk1mIrg,59.1673701449002,76.95469356521954,67.91534615046051
676800,iHvKhF7Uk30Domr8uCORsSR904QSgslMQB+G+xe7JXNjm3QvGf2+VdR5gdk1mIrg,57.64002347334346,73.50166433093611,64.81472301362284
677100,iHvKhF7Uk30Domr8uCORsSR904QSgslMQB+G+xe7JXNjm3QvGf2+VdR5gdk1mIrg,46.92500248409653,70.13205772730161,61.246597810696
677400,iHvKhF7Uk30Domr8uCORsSR904QSgslMQB+G+xe7JXNjm3QvGf2+VdR5gdk1mIrg,45.66451107460685,73.44507679327505,60.35378260575538
677700,iHvKhF7Uk30Domr8uCORsSR904QSgslMQB+G+xe7JXNjm3QvGf2+VdR5gdk1mIrg,42.73540265417424,67.53060878219189,57.05825413255862
678000,iHvKhF7Uk30Domr8uCORsSR904QSgslMQB+G+xe7JXNjm3QvGf2+VdR5gdk1mIrg,48.44579726305246,79.28580451572819,61.3691178043828
678300,iHvKhF7Uk30Domr8uCORsSR904QSgslMQB+G+xe7JXNjm3QvGf2+VdR5gdk1mIrg,53.3428673733763,79.6346711088673,67.56459322529086
678600,iHvKhF7Uk30Domr8uCORsSR904QSgslMQB+G+xe7JXNjm3QvGf2+VdR5gdk1mIrg,37.1257051818371,75.56173845470627,61.746462553082814
678900,iHvKhF7Uk30Domr8uCORsSR904QSgslMQB+G+xe7JXNjm3QvGf2+VdR5gdk1mIrg,30.789907906371223,76.37741617414268,60.03844665203822
679200,iHvKhF7Uk30Domr8uCORsSR904QSgslMQB+G+xe7JXNjm3QvGf2+VdR5gdk1mIrg,44.05897215497348,75.44470114695814,60.55433891055549
679500,iHvKhF7Uk30Domr8uCORsSR904QSgslMQB+G+xe7JXNjm3QvGf2+VdR5gdk1mIrg,35.65073482183146,68.51331738587949,56.67644505523175
679800,iHvKhF7Uk30Domr8uCORsSR904QSgslMQB+G+xe7JXNjm3QvGf2+VdR5gdk1mIrg,37.161237020168365,69.69545265737722,57.738971359702845
680100,iHvKhF7Uk30Domr8uCORsSR904QSgslMQB+G+xe7JXNjm3QvGf2+VdR5gdk1mIrg,42.411424725966256,76.3342060173951,57.93013261691168
680400,iHvKhF7Uk30Domr8uCORsSR904QSgslMQB+G+xe7JXNjm3QvGf2+VdR5gdk1mIrg,34.64981491646865,73.9059273813181,56.1077342838091
680700,iHvKhF7Uk30Domr8uCORsSR904QSgslMQB+G+xe7JXNjm3QvGf2+VdR5gdk1mIrg,29.50491348638856,73.65852948821312,57.73305971521791
681000,iHvKhF7Uk30Domr8uCORsSR904QSgslMQB+G+xe7JXNjm3QvGf2+VdR5gdk1mIrg,33.86051106814505,80.46573765437871,62.63508082398681
681300,iHvKhF7Uk30Domr8uCORsSR904QSgslMQB+G+xe7JXNjm3QvGf2+VdR5gdk1mIrg,57.347105345228954,75.17095745803437,64.73637349244589
681600,iHvKhF7Uk30Domr8uCORsSR904QSgslMQB+G+xe7JXNjm3QvGf2+VdR5gdk1mIrg,23.562384493842117,78.35059734662846,56.83698031133786
681900,iHvKhF7Uk30Domr8uCORsSR904QSgslMQB+G+xe7JXNjm3QvGf2+VdR5gdk1mIrg,41.16564648862813,71.91680097233208,60.48000594268447
682200,iHvKhF7Uk30Domr8uCORsSR904QSgslMQB+G+xe7JXNjm3QvGf2+VdR5gdk1mIrg,54.274270823261325,74.89753971372022,65.8215653281622
682500,iHvKhF7Uk30Domr8uCORsSR904QSgslMQB+G+xe7JXNjm3QvGf2+VdR5gdk1mIrg,50.66699138182358,66.98798927053362,59.13324902466345
682800,iHvKhF7Uk30Domr8uCORsSR904QSgslMQB+G+xe7JXNjm3QvGf2+VdR5gdk1mIrg,49.223698677995735,71.19037464363136,61.70647801731716
683100,iHvKhF7Uk30Domr8uCORsSR904QSgslMQB+G+xe7JXNjm3QvGf2+VdR5gdk1mIrg,44.10209257143959,72.99322587635417,64.0768058541868
683400,iHvKhF7Uk30Domr8uCORsSR904QSgslMQB+G+xe7JXNjm3QvGf2+VdR5gdk1mIrg,53.55062800021859,71.35424627365543,62.98188437678719
683700,iHvKhF7Uk30Domr8uCORsSR904QSgslMQB+G+xe7JXNjm3QvGf2+VdR5gdk1mIrg,50.525632884625765,70.66399920322266,60.436742679246976
684000,iHvKhF7Uk30Domr8uCORsSR904QSgslMQB+G+xe7JXNjm3QvGf2+VdR5gdk1mIrg,44.990922075957926,78.29451938382644,59.75000266573515
684300,iHvKhF7Uk30Domr8uCORsSR904QSgslMQB+G+xe7JXNjm3QvGf2+VdR5gdk1mIrg,51.16786497949558,67.9316836995876,60.21684648209769
684600,iHvKhF7Uk30Domr8uCORsSR904QSgslMQB+G+xe7JXNjm3QvGf2+VdR5gdk1mIrg,48.00720055760704,73.80362008921733,59.00208922057916
684900,iHvKhF7Uk30Domr8uCORsSR904QSgslMQB+G+xe7JXNjm3QvGf2+VdR5gdk1mIrg,45.32886151580547,69.53896419278259,55.727815624132795
685200,iHvKhF7Uk30Domr8uCORsSR904QSgslMQB+G+xe7JXNjm3QvGf2+VdR5gdk1mIrg,60.84372872852399,73.01969779810109,68.1327988148067
685500,iHvKhF7Uk30Domr8uCORsSR904QSgslMQB+G+xe7JXNjm3QvGf2+VdR5gdk1mIrg,54.974496277039485,69.26054491668069,63.4392333230433
685800,iHvKhF7Uk30Domr8uCORsSR904QSgslMQB+G+xe7JXNjm3QvGf2+VdR5gdk1mIrg,37.09424794289693,72.17358068566872,61.43489210289201
686100,iHvKhF7Uk30Domr8uCORsSR904QSgslMQB+G+xe7JXNjm3QvGf2+VdR5gdk1mIrg,42.41922167256715,68.97976914194324,56.42485810515901
686400,iHvKhF7Uk30Domr8uCORsSR904QSgslMQB+G+xe7JXNjm3QvGf2+VdR5gdk1mIrg,44.380344005631514,72.28909843567239,59.29482448700318
686700,iHvKhF7Uk30Domr8uCORsSR904QSgslMQB+G+xe7JXNjm3QvGf2+VdR5gdk1mIrg,44.86675116467767,70.51325818299729,56.050984022319966
687000,iHvKhF7Uk30Domr8uCORsSR904QSgslMQB+G+xe7JXNjm3QvGf2+VdR5gdk1mIrg,48.233117893972285,69.9511310132719,61.846573870471325
687300,iHvKhF7Uk30Domr8uCORsSR904QSgslMQB+G+xe7JXNjm3QvGf2+VdR5gdk1mIrg,38.987305654562185,68.86077701157762,59.13105905098138
687600,iHvKhF7Uk30Domr8uCORsSR904QSgslMQB+G+xe7JXNjm3QvGf2+VdR5gdk1mIrg,44.322766950662384,76.19693219179202,62.20065028138265
687900,iHvKhF7Uk30Domr8uCORsSR904QSgslMQB+G+xe7JXNjm3QvGf2+VdR5gdk1mIrg,52.25153842452064,66.439978245079,59.77654437318351
688200,iHvKhF7Uk30Domr8uCORsSR904QSgslMQB+G+xe7JXNjm3QvGf2+VdR5gdk1mIrg,38.08229952724912,74.0005555085633,57.03696518974224
688500,iHvKhF7Uk30Domr8uCORsSR904QSgslMQB+G+xe7JXNjm3QvGf2+VdR5gdk1mIrg,48.40002394289545,68.3494487234072,57.203418939242255
688800,iHvKhF7Uk30Domr8uCORsSR904QSgslMQB+G+xe7JXNjm3QvGf2+VdR5gdk1mIrg,53.54590311662336,70.86966951064076,61.280120873230864
689100,iHvKhF7Uk30Domr8uCORsSR904QSgslMQB+G+xe7JXNjm3QvGf2+VdR5gdk1mIrg,30.05009198798419,71.80275360984969,57.37047523294966
689400,iHvKhF7Uk30Domr8uCORsSR904QSgslMQB+G+xe7JXNjm3QvGf2+VdR5gdk1mIrg,53.592183519977326,67.1483954282792,62.48083078084648
689700,iHvKhF7Uk30Domr8uCORsSR904QSgslMQB+G+xe7JXNjm3QvGf2+VdR5gdk1mIrg,56.96147461672292,76.79508287033205,67.10023892777342
690000,iHvKhF7Uk30Domr8uCORsSR904QSgslMQB+G+xe7JXNjm3QvGf2+VdR5gdk1mIrg,57.14235716494221,72.57022703099517,64.00250384344477
690300,iHvKhF7Uk30Domr8uCORsSR904QSgslMQB+G+xe7JXNjm3QvGf2+VdR5gdk1mIrg,58.09525913063428,72.64455731018487,66.88240144266408
690600,iHvKhF7Uk30Domr8uCORsSR904QSgslMQB+G+xe7JXNjm3QvGf2+VdR5gdk1mIrg,58.46186340820331,74.46214403611064,64.66774573426751
690900,iHvKhF7Uk30Domr8uCORsSR904QSgslMQB+G+xe7JXNjm3QvGf2+VdR5gdk1mIrg,61.08664808873577,74.67283970507766,69.4665078753565
691200,iHvKhF7Uk30Domr8uCORsSR904QSgslMQB+G+xe7JXNjm3QvGf2+VdR5gdk1mIrg,55.104957667797706,71.58493541114207,63.639760379061705
691500,iHvKhF7Uk30Domr8uCORsSR904QSgslMQB+G+xe7JXNjm3QvGf2+VdR5gdk1mIrg,35.21809850594417,68.54537479534598,56.76105450967365
691800,iHvKhF7Uk30Domr8uCORsSR904QSgslMQB+G+xe7JXNjm3QvGf2+VdR5gdk1mIrg,69.09211036017616,82.28245986886243,74.8867511877848
692100,iHvKhF7Uk30Domr8uCORsSR904QSgslMQB+G+xe7JXNjm3QvGf2+VdR5gdk1mIrg,57.9168616419356,75.64053389881818,65.66838678537172
692400,iHvKhF7Uk30Domr8uCORsSR904QSgslMQB+G+xe7JXNjm3QvGf2+VdR5gdk1mIrg,31.033089126431395,73.99387017815985,57.79028690549833
692700,iHvKhF7Uk30Domr8uCORsSR904QSgslMQB+G+xe7JXNjm3QvGf2+VdR5gdk1mIrg,45.89657334949192,76.0199408413689,61.644912704547046
693000,iHvKhF7Uk30Domr8uCORsSR904QSgslMQB+G+xe7JXNjm3QvGf2+VdR5gdk1mIrg,49.92482541544543,72.31148092853766,63.67544497226154
693300,iHvKhF7Uk30Domr8uCORsSR904QSgslMQB+G+xe7JXNjm3QvGf2+VdR5gdk1mIrg,41.72262321560242,71.50069522382464,60.19902940635641
693600,iHvKhF7Uk30Domr8uCORsSR904QSgslMQB+G+xe7JXNjm3QvGf2+VdR5gdk1mIrg,51.45576139835448,80.82002542410353,71.35424378308436
693900,iHvKhF7Uk30Domr8uCORsSR904QSgslMQB+G+xe7JXNjm3QvGf2+VdR5gdk1mIrg,53.66868656645104,73.4646727711641,64.75100635347944
694200,iHvKhF7Uk30Domr8uCORsSR904QSgslMQB+G+xe7JXNjm3QvGf2+VdR5gdk1mIrg,57.474460381873975,73.75547575202648,64.33175382933037
694500,iHvKhF7Uk30Domr8uCORsSR904QSgslMQB+G+xe7JXNjm3QvGf2+VdR5gdk1mIrg,47.807759114958486,79.47074022497324,64.9813596099235
694800,iHvKhF7Uk30Domr8uCORsSR904QSgslMQB+G+xe7JXNjm3QvGf2+VdR5gdk1mIrg,48.74715742298249,67.23616778405489,60.67139347570103
695100,iHvKhF7Uk30Domr8uCORsSR904QSgslMQB+G+xe7JXNjm3QvGf2+VdR5gdk1mIrg,44.29147165169511,73.80046154492868,58.66959243788729
695400,iHvKhF7Uk30Domr8uCORsSR904QSgslMQB+G+xe7JXNjm3QvGf2+VdR5gdk1mIrg,31.209573113087664,75.38636355401465,57.03678411695436
695700,iHvKhF7Uk30Domr8uCORsSR904QSgslMQB+G+xe7JXNjm3QvGf2+VdR5gdk1mIrg,41.45921337251672,72.12176866665534,57.81805439173606
696000,iHvKhF7Uk30Domr8uCORsSR904QSgslMQB+G+xe7JXNjm3QvGf2+VdR5gdk1mIrg,34.04173380126621,69.32487888969116,58.19760691054942
696300,iHvKhF7Uk30Domr8uCORsSR904QSgslMQB+G+xe7JXNjm3QvGf2+VdR5gdk1mIrg,26.119678622496423,79.38177927545071,59.78749858466491
696600,iHvKhF7Uk30Domr8uCORsSR904QSgslMQB+G+xe7JXNjm3QvGf2+VdR5gdk1mIrg,29.01614896589467,76.47445966418044,58.00414433627564
696900,iHvKhF7Uk30Domr8uCORsSR904QSgslMQB+G+xe7JXNjm3QvGf2+VdR5gdk1mIrg,31.95840990326521,73.85131876294815,56.00244008201626
697200,iHvKhF7Uk30Domr8uCORsSR904QSgslMQB+G+xe7JXNjm3QvGf2+VdR5gdk1mIrg,37.57549577825774,75.14907474538195,61.93462596868088
697500,iHvKhF7Uk30Domr8uCORsSR904QSgslMQB+G+xe7JXNjm3QvGf2+VdR5gdk1mIrg,37.49015464623034,72.65701103315278,59.781818759650015
697800,iHvKhF7Uk30Domr8uCORsSR904QSgslMQB+G+xe7JXNjm3QvGf2+VdR5gdk1mIrg,54.88576267061928,68.46937708213929,61.97735616070091
698100,iHvKhF7Uk30Domr8uCORsSR904QSgslMQB+G+xe7JXNjm3QvGf2+VdR5gdk1mIrg,44.06632096895105,72.93834491952846,58.32191535896203
698400,iHvKhF7Uk30Domr8uCORsSR904QSgslMQB+G+xe7JXNjm3QvGf2+VdR5gdk1mIrg,45.058475506494254,74.96942999774096,61.18887794969012
698700,iHvKhF7Uk30Domr8uCORsSR904QSgslMQB+G+xe7JXNjm3QvGf2+VdR5gdk1mIrg,39.71644730786145,72.10908632104636,57.91194353508861
699000,iHvKhF7Uk30Domr8uCORsSR904QSgslMQB+G+xe7JXNjm3QvGf2+VdR5gdk1mIrg,42.04307469147989,67.44957132563795,57.328731190439214
699300,iHvKhF7Uk30Domr8uCORsSR904QSgslMQB+G+xe7JXNjm3QvGf2+VdR5gdk1mIrg,39.01493283089911,75.09842296962648,59.33329902878811
699600,iHvKhF7Uk30Domr8uCORsSR904QSgslMQB+G+xe7JXNjm3QvGf2+VdR5gdk1mIrg,41.723221433479566,74.08408689698935,57.985623584574114
699900,iHvKhF7Uk30Domr8uCORsSR904QSgslMQB+G+xe7JXNjm3QvGf2+VdR5gdk1mIrg,48.66054079486256,68.48236791624781,60.708831900472944
700200,iHvKhF7Uk30Domr8uCORsSR904QSgslMQB+G+xe7JXNjm3QvGf2+VdR5gdk1mIrg,29.215898646569112,73.08067018115425,58.30046821598601
700500,iHvKhF7Uk30Domr8uCORsSR904QSgslMQB+G+xe7JXNjm3QvGf2+VdR5gdk1mIrg,45.10610841417032,72.29887328975401,60.94016999289565
700800,iHvKhF7Uk30Domr8uCORsSR904QSgslMQB+G+xe7JXNjm3QvGf2+VdR5gdk1mIrg,49.16077913556935,68.28760760064064,61.00865089273475
701100,iHvKhF7Uk30Domr8uCORsSR904QSgslMQB+G+xe7JXNjm3QvGf2+VdR5gdk1mIrg,45.3866696005581,71.13683872991426,60.22513984557881
701400,iHvKhF7Uk30Domr8uCORsSR904QSgslMQB+G+xe7JXNjm3QvGf2+VdR5gdk1mIrg,57.055225448660366,69.57177424594421,63.033497603000015
701700,iHvKhF7Uk30Domr8uCORsSR904QSgslMQB+G+xe7JXNjm3QvGf2+VdR5gdk1mIrg,51.60883263532308,71.73075495240055,61.94036109361175
702000,iHvKhF7Uk30Domr8uCORsSR904QSgslMQB+G+xe7JXNjm3QvGf2+VdR5gdk1mIrg,42.71777500912504,69.34833755015754,60.81120539764889
702300,iHvKhF7Uk30Domr8uCORsSR904QSgslMQB+G+xe7JXNjm3QvGf2+VdR5gdk1mIrg,52.88182326652174,68.34650555269859,62.17568157687669
702600,iHvKhF7Uk30Domr8uCORsSR904QSgslMQB+G+xe7JXNjm3QvGf2+VdR5gdk1mIrg,57.804561078687215,77.0181771761051,68.70001282603239
702900,iHvKhF7Uk30Domr8uCORsSR904QSgslMQB+G+xe7JXNjm3QvGf2+VdR5gdk1mIrg,59.93966482266283,78.03354502504477,71.54025876749765
703200,iHvKhF7Uk30Domr8uCORsSR904QSgslMQB+G+xe7JXNjm3QvGf2+VdR5gdk1mIrg,51.99374521709331,75.72138707832895,64.3731188266523
703500,iHvKhF7Uk30Domr8uCORsSR904QSgslMQB+G+xe7JXNjm3QvGf2+VdR5gdk1mIrg,56.43322578598089,73.34900830113936,63.64114560728393
703800,iHvKhF7Uk30Domr8uCORsSR904QSgslMQB+G+xe7JXNjm3QvGf2+VdR5gdk1mIrg,36.342592374226925,73.21026821765331,60.8607156229668
704100,iHvKhF7Uk30Domr8uCORsSR904QSgslMQB+G+xe7JXNjm3QvGf2+VdR5gdk1mIrg,51.268286452129175,70.03965653791586,61.38239359507698
704400,iHvKhF7Uk30Domr8uCORsSR904QSgslMQB+G+xe7JXNjm3QvGf2+VdR5gdk1mIrg,55.44712905141106,73.80116785622639,62.79848001438691
704700,iHvKhF7Uk30Domr8uCORsSR904QSgslMQB+G+xe7JXNjm3QvGf2+VdR5gdk1mIrg,33.02555250762425,76.5289810134566,54.88378263495597
705000,iHvKhF7Uk30Domr8uCORsSR904QSgslMQB+G+xe7JXNjm3QvGf2+VdR5gdk1mIrg,42.14391020319753,68.03473988413693,58.047817449005855
705300,iHvKhF7Uk30Domr8uCORsSR904QSgslMQB+G+xe7JXNjm3QvGf2+VdR5gdk1mIrg,42.449350377050806,68.6691748090361,57.32421139694492
705600,iHvKhF7Uk30Domr8uCORsSR904QSgslMQB+G+xe7JXNjm3QvGf2+VdR5gdk1mIrg,48.23863949369856,69.1221927350158,60.765534643524354
705900,iHvKhF7Uk30Domr8uCORsSR904QSgslMQB+G+xe7JXNjm3QvGf2+VdR5gdk1mIrg,56.225490568821165,71.03230790013268,63.36150118089024
706200,iHvKhF7Uk30Domr8uCORsSR904QSgslMQB+G+xe7JXNjm3QvGf2+VdR5gdk1mIrg,50.112217737620846,76.2298809056707,60.472230083776395
706500,iHvKhF7Uk30Domr8uCORsSR904QSgslMQB+G+xe7JXNjm3QvGf2+VdR5gdk1mIrg,52.85500873342933,69.67748551850828,62.76078653933668
706800,iHvKhF7Uk30Domr8uCORsSR904QSgslMQB+G+xe7JXNjm3QvGf2+VdR5gdk1mIrg,43.59610233953725,75.35641388054864,60.966031193650295
707100,iHvKhF7Uk30Domr8uCORsSR904QSgslMQB+G+xe7JXNjm3QvGf2+VdR5gdk1mIrg,38.011243593168096,71.80773203157159,57.11368158700397
707400,iHvKhF7Uk30Domr8uCORsSR904QSgslMQB+G+xe7JXNjm3QvGf2+VdR5gdk1mIrg,51.56533358653902,75.53351039575108,64.01731779877994
707700,iHvKhF7Uk30Domr8uCORsSR904QSgslMQB+G+xe7JXNjm3QvGf2+VdR5gdk1mIrg,36.84686754128708,71.81919926328048,60.565871596709584
708000,iHvKhF7Uk30Domr8uCORsSR904QSgslMQB+G+xe7JXNjm3QvGf2+VdR5gdk1mIrg,54.32460993413319,70.46540031960306,64.77305466335918
708300,iHvKhF7Uk30Domr8uCORsSR904QSgslMQB+G+xe7JXNjm3QvGf2+VdR5gdk1mIrg,59.061060345758506,72.3634361427457,65.55487469877123
708600,iHvKhF7Uk30Domr8uCORsSR904QSgslMQB+G+xe7JXNjm3QvGf2+VdR5gdk1mIrg,45.153476390177005,73.248954861232,59.02319224482317
708900,iHvKhF7Uk30Domr8uCORsSR904QSgslMQB+G+xe7JXNjm3QvGf2+VdR5gdk1mIrg,47.30663928280708,69.48467209376561,61.37307067511975
709200,iHvKhF7Uk30Domr8uCORsSR904QSgslMQB+G+xe7JXNjm3QvGf2+VdR5gdk1mIrg,38.28437861279705,76.22243798867626,57.65014181203901
709500,iHvKhF7Uk30Domr8uCORsSR904QSgslMQB+G+xe7JXNjm3QvGf2+VdR5gdk1mIrg,55.99877014414602,69.59552454872326,62.163645118591205
709800,iHvKhF7Uk30Domr8uCORsSR904QSgslMQB+G+xe7JXNjm3QvGf2+VdR5gdk1mIrg,53.439620084103325,76.04536286558286,65.31458184449417
710100,iHvKhF7Uk30Domr8uCORsSR904QSgslMQB+G+xe7JXNjm3QvGf2+VdR5gdk1mIrg,23.89659475095033,77.82674073406153,55.12862880445639
710400,iHvKhF7Uk30Domr8uCORsSR904QSgslMQB+G+xe7JXNjm3QvGf2+VdR5gdk1mIrg,23.356524363456195,78.31416791910969,60.193262600215554
710700,iHvKhF7Uk30Domr8uCORsSR904QSgslMQB+G+xe7JXNjm3QvGf2+VdR5gdk1mIrg,54.27708218891394,79.342057180077,73.57194697611823
711000,iHvKhF7Uk30Domr8uCORsSR904QSgslMQB+G+xe7JXNjm3QvGf2+VdR5gdk1mIrg,52.559570440990335,72.60128395112162,61.986255940780495
711300,iHvKhF7Uk30Domr8uCORsSR904QSgslMQB+G+xe7JXNjm3QvGf2+VdR5gdk1mIrg,44.267613802415866,71.17240381043297,59.28892584129179
711600,iHvKhF7Uk30Domr8uCORsSR904QSgslMQB+G+xe7JXNjm3QvGf2+VdR5gdk1mIrg,41.95603857198344,67.31637862339161,59.12947852950557
711900,iHvKhF7Uk30Domr8uCORsSR904QSgslMQB+G+xe7JXNjm3QvGf2+VdR5gdk1mIrg,40.949308301282834,67.63245075796831,55.95607956276999
712200,iHvKhF7Uk30Domr8uCORsSR904QSgslMQB+G+xe7JXNjm3QvGf2+VdR5gdk1mIrg,35.091238206968065,70.16284453126886,55.019799464908736
712500,iHvKhF7Uk30Domr8uCORsSR904QSgslMQB+G+xe7JXNjm3QvGf2+VdR5gdk1mIrg,38.92128225653315,67.7358528089892,54.92139835314854
712800,iHvKhF7Uk30Domr8uCORsSR904QSgslMQB+G+xe7JXNjm3QvGf2+VdR5gdk1mIrg,44.09557437185147,71.92317544156052,62.38818792780942
713100,iHvKhF7Uk30Domr8uCORsSR904QSgslMQB+G+xe7JXNjm3QvGf2+VdR5gdk1mIrg,45.04270379918516,67.5638200715222,57.37330711801837
713400,iHvKhF7Uk30Domr8uCORsSR904QSgslMQB+G+xe7JXNjm3QvGf2+VdR5gdk1mIrg,53.13163103921072,77.64553537144094,68.47116445424612
713700,iHvKhF7Uk30Domr8uCORsSR904QSgslMQB+G+xe7JXNjm3QvGf2+VdR5gdk1mIrg,48.68335590218713,73.39044101280382,59.01412345374872
714000,iHvKhF7Uk30Domr8uCORsSR904QSgslMQB+G+xe7JXNjm3QvGf2+VdR5gdk1mIrg,48.98797070873434,69.20629862138088,59.66403142283997
714300,iHvKhF7Uk30Domr8uCORsSR904QSgslMQB+G+xe7JXNjm3QvGf2+VdR5gdk1mIrg,48.07554539837394,68.97842087942098,60.145038030989774
714600,iHvKhF7Uk30Domr8uCORsSR904QSgslMQB+G+xe7JXNjm3QvGf2+VdR5gdk1mIrg,54.85953787261098,78.59337693453364,66.85676734260377
714900,iHvKhF7Uk30Domr8uCORsSR904QSgslMQB+G+xe7JXNjm3QvGf2+VdR5gdk1mIrg,49.48194822351152,65.02868472723681,57.70045024846095
715200,iHvKhF7Uk30Domr8uCORsSR904QSgslMQB+G+xe7JXNjm3QvGf2+VdR5gdk1mIrg,34.644065739413485,70.22137406651193,57.53805536756049
715500,iHvKhF7Uk30Domr8uCORsSR904QSgslMQB+G+xe7JXNjm3QvGf2+VdR5gdk1mIrg,46.20512674763695,72.86018145108005,62.7563448037803
715800,iHvKhF7Uk30Domr8uCORsSR904QSgslMQB+G+xe7JXNjm3QvGf2+VdR5gdk1mIrg,46.30207517145354,73.4769634434511,60.03864522544553
716100,iHvKhF7Uk30Domr8uCORsSR904QSgslMQB+G+xe7JXNjm3QvGf2+VdR5gdk1mIrg,47.30415090953298,76.49179433640042,62.49132299950477
716400,iHvKhF7Uk30Domr8uCORsSR904QSgslMQB+G+xe7JXNjm3QvGf2+VdR5gdk1mIrg,58.57019982499527,77.80467647449558,64.57970340171794
716700,iHvKhF7Uk30Domr8uCORsSR904QSgslMQB+G+xe7JXNjm3QvGf2+VdR5gdk1mIrg,52.06118795910432,70.06466894623438,60.011098007016734
717000,iHvKhF7Uk30Domr8uCORsSR904QSgslMQB+G+xe7JXNjm3QvGf2+VdR5gdk1mIrg,34.49139066797511,69.99688382138918,60.23488469951874
717300,iHvKhF7Uk30Domr8uCORsSR904QSgslMQB+G+xe7JXNjm3QvGf2+VdR5gdk1mIrg,37.519157465502445,75.56721155342781,60.764763801087135
717600,iHvKhF7Uk30Domr8uCORsSR904QSgslMQB+G+xe7JXNjm3QvGf2+VdR5gdk1mIrg,48.683350544151935,75.15766884021036,66.62299431894093
717900,iHvKhF7Uk30Domr8uCORsSR904QSgslMQB+G+xe7JXNjm3QvGf2+VdR5gdk1mIrg,30.395837630745564,72.44996771933465,55.885940423456695
718200,iHvKhF7Uk30Domr8uCORsSR904QSgslMQB+G+xe7JXNjm3QvGf2+VdR5gdk1mIrg,46.23685315777816,75.50231291744326,65.86290584883345
718500,iHvKhF7Uk30Domr8uCORsSR904QSgslMQB+G+xe7JXNjm3QvGf2+VdR5gdk1mIrg,58.88549147721035,70.84489060282195,65.01087727459408
718800,iHvKhF7Uk30Domr8uCORsSR904QSgslMQB+G+xe7JXNjm3QvGf2+VdR5gdk1mIrg,52.26971239929358,72.91619981064659,63.81528048479852
719100,iHvKhF7Uk30Domr8uCORsSR904QSgslMQB+G+xe7JXNjm3QvGf2+VdR5gdk1mIrg,56.720776093706526,77.0093095450739,69.06678900399325
719400,iHvKhF7Uk30Domr8uCORsSR904QSgslMQB+G+xe7JXNjm3QvGf2+VdR5gdk1mIrg,57.85048060407334,72.96503271193984,65.66578819242224
719700,iHvKhF7Uk30Domr8uCORsSR904QSgslMQB+G+xe7JXNjm3QvGf2+VdR5gdk1mIrg,55.4341664576482,68.64368859093864,61.98054719875004
720000,iHvKhF7Uk30Domr8uCORsSR904QSgslMQB+G+xe7JXNjm3QvGf2+VdR5gdk1mIrg,57.05388874252303,70.15513961133458,65.40853812995512
720300,iHvKhF7Uk30Domr8uCORsSR904QSgslMQB+G+xe7JXNjm3QvGf2+VdR5gdk1mIrg,45.90789769662767,72.5741118188462,59.575526116688536
720600,iHvKhF7Uk30Domr8uCORsSR904QSgslMQB+G+xe7JXNjm3QvGf2+VdR5gdk1mIrg,53.20979306626005,70.9522506644275,62.54430569194415
720900,iHvKhF7Uk30Domr8uCORsSR904QSgslMQB+G+xe7JXNjm3QvGf2+VdR5gdk1mIrg,36.60313923252993,74.44327264484983,59.29586145928852
721200,iHvKhF7Uk30Domr8uCORsSR904QSgslMQB+G+xe7JXNjm3QvGf2+VdR5gdk1mIrg,48.116246682929926,75.33574297853177,63.169914379127285
721500,iHvKhF7Uk30Domr8uCORsSR904QSgslMQB+G+xe7JXNjm3QvGf2+VdR5gdk1mIrg,47.499596842175926,69.5715382811852,59.313515939290674
721800,iHvKhF7Uk30Domr8uCORsSR904QSgslMQB+G+xe7JXNjm3QvGf2+VdR5gdk1mIrg,45.527224404450905,72.62758621480492,61.902948179509885
722100,iHvKhF7Uk30Domr8uCORsSR904QSgslMQB+G+xe7JXNjm3QvGf2+VdR5gdk1mIrg,51.61001740469556,77.03344855848529,64.2605274834813
722400,iHvKhF7Uk30Domr8uCORsSR904QSgslMQB+G+xe7JXNjm3QvGf2+VdR5gdk1mIrg,42.99787389747076,73.04077526994601,59.11914192759036
722700,iHvKhF7Uk30Domr8uCORsSR904QSgslMQB+G+xe7JXNjm3QvGf2+VdR5gdk1mIrg,25.552812595718148,76.11110743967137,54.62876136711824
723000,iHvKhF7Uk30Domr8uCORsSR904QSgslMQB+G+xe7JXNjm3QvGf2+VdR5gdk1mIrg,32.9584993648715,74.43107139143073,66.54642231564108
723300,iHvKhF7Uk30Domr8uCORsSR904QSgslMQB+G+xe7JXNjm3QvGf2+VdR5gdk1mIrg,58.16901653065175,78.75576110686595,70.68205602434945
723600,iHvKhF7Uk30Domr8uCORsSR904QSgslMQB+G+xe7JXNjm3QvGf2+VdR5gdk1mIrg,48.19365594149894,73.38881382624606,63.52734384726286
723900,iHvKhF7Uk30Domr8uCORsSR904QSgslMQB+G+xe7JXNjm3QvGf2+VdR5gdk1mIrg,58.66272337741797,71.82436024241161,64.92816740161267
724200,iHvKhF7Uk30Domr8uCORsSR904QSgslMQB+G+xe7JXNjm3QvGf2+VdR5gdk1mIrg,51.932553435225934,74.51889820299436,64.59143517251619
724500,iHvKhF7Uk30Domr8uCORsSR904QSgslMQB+G+xe7JXNjm3QvGf2+VdR5gdk1mIrg,33.488566704451,68.20842580335217,57.1345885479771
724800,iHvKhF7Uk30Domr8uCORsSR904QSgslMQB+G+xe7JXNjm3QvGf2+VdR5gdk1mIrg,50.563314756772094,69.39062019731197,61.853558857029256
725100,iHvKhF7Uk30Domr8uCORsSR904QSgslMQB+G+xe7JXNjm3QvGf2+VdR5gdk1mIrg,54.41619347083769,71.34312933683921,62.94710496769471
725400,iHvKhF7Uk30Domr8uCORsSR904QSgslMQB+G+xe7JXNjm3QvGf2+VdR5gdk1mIrg,52.92436725792217,73.81835297649107,65.30960390990961
725700,iHvKhF7Uk30Domr8uCORsSR904QSgslMQB+G+xe7JXNjm3QvGf2+VdR5gdk1mIrg,60.12523059042434,74.20865954317368,66.19606170311307
726000,iHvKhF7Uk30Domr8uCORsSR904QSgslMQB+G+xe7JXNjm3QvGf2+VdR5gdk1mIrg,60.26729754991755,76.4424010559371,68.66968376793912
726300,iHvKhF7Uk30Domr8uCORsSR904QSgslMQB+G+xe7JXNjm3QvGf2+VdR5gdk1mIrg,58.90972779277908,72.9197665532908,65.57622772618373
726600,iHvKhF7Uk30Domr8uCORsSR904QSgslMQB+G+xe7JXNjm3QvGf2+VdR5gdk1mIrg,60.75410816977437,76.75924846320073,69.79128958730175
726900,iHvKhF7Uk30Domr8uCORsSR904QSgslMQB+G+xe7JXNjm3QvGf2+VdR5gdk1mIrg,47.946222704003354,70.86954577002437,63.32116458259534
727200,iHvKhF7Uk30Domr8uCORsSR904QSgslMQB+G+xe7JXNjm3QvGf2+VdR5gdk1mIrg,31.80513057806287,74.86278117190722,63.7748129808372
727500,iHvKhF7Uk30Domr8uCORsSR904QSgslMQB+G+xe7JXNjm3QvGf2+VdR5gdk1mIrg,56.55354791407444,75.66111756622217,65.64415020883446
727800,iHvKhF7Uk30Domr8uCORsSR904QSgslMQB+G+xe7JXNjm3QvGf2+VdR5gdk1mIrg,52.400587468972205,75.46875392498262,66.59957876589802
728100,iHvKhF7Uk30Domr8uCORsSR904QSgslMQB+G+xe7JXNjm3QvGf2+VdR5gdk1mIrg,56.241363629957995,71.78146608571177,66.29886552904073
728400,iHvKhF7Uk30Domr8uCORsSR904QSgslMQB+G+xe7JXNjm3QvGf2+VdR5gdk1mIrg,47.53757789567625,69.89353921622042,59.2947950141813
728700,iHvKhF7Uk30Domr8uCORsSR904QSgslMQB+G+xe7JXNjm3QvGf2+VdR5gdk1mIrg,40.032495932675815,68.29993751925241,58.85768063018972
729000,iHvKhF7Uk30Domr8uCORsSR904QSgslMQB+G+xe7JXNjm3QvGf2+VdR5gdk1mIrg,57.84446194621992,77.23289852449267,66.21802383084278
729300,iHvKhF7Uk30Domr8uCORsSR904QSgslMQB+G+xe7JXNjm3QvGf2+VdR5gdk1mIrg,57.9094623549255,71.98251540473126,64.04567237276532
729600,iHvKhF7Uk30Domr8uCORsSR904QSgslMQB+G+xe7JXNjm3QvGf2+VdR5gdk1mIrg,48.669827739278986,71.21235529996933,61.368642953726976
729900,iHvKhF7Uk30Domr8uCORsSR904QSgslMQB+G+xe7JXNjm3QvGf2+VdR5gdk1mIrg,54.56952561699596,72.79579370731001,64.59682723934105
730200,iHvKhF7Uk30Domr8uCORsSR904QSgslMQB+G+xe7JXNjm3QvGf2+VdR5gdk1mIrg,47.10415628141101,66.47432038564968,56.2860446201415
730500,iHvKhF7Uk30Domr8uCORsSR904QSgslMQB+G+xe7JXNjm3QvGf2+VdR5gdk1mIrg,46.4647105742237,68.58534701420534,59.63590831658541
730800,iHvKhF7Uk30Domr8uCORsSR904QSgslMQB+G+xe7JXNjm3QvGf2+VdR5gdk1mIrg,50.783575528395644,66.50143165710354,58.60759207484088
731100,iHvKhF7Uk30Domr8uCORsSR904QSgslMQB+G+xe7JXNjm3QvGf2+VdR5gdk1mIrg,35.528212745293686,76.23419555259758,62.35922237396469
731400,iHvKhF7Uk30Domr8uCORsSR904QSgslMQB+G+xe7JXNjm3QvGf2+VdR5gdk1mIrg,49.40661965405525,73.52397833429846,60.93778266406521
731700,iHvKhF7Uk30Domr8uCORsSR904QSgslMQB+G+xe7JXNjm3QvGf2+VdR5gdk1mIrg,45.33086953594137,69.6519867993927,62.35042642460392
732000,iHvKhF7Uk30Domr8uCORsSR904QSgslMQB+G+xe7JXNjm3QvGf2+VdR5gdk1mIrg,51.99801676294905,74.44242333686276,62.09504882939438
732300,iHvKhF7Uk30Domr8uCORsSR904QSgslMQB+G+xe7JXNjm3QvGf2+VdR5gdk1mIrg,61.66289166521396,72.48909784350721,67.9747184503658
732600,iHvKhF7Uk30Domr8uCORsSR904QSgslMQB+G+xe7JXNjm3QvGf2+VdR5gdk1mIrg,48.20585468545022,71.13940635684429,61.30801399040424
732900,iHvKhF7Uk30Domr8uCORsSR904QSgslMQB+G+xe7JXNjm3QvGf2+VdR5gdk1mIrg,46.62594993372737,72.60621113522673,63.17571753404432
733200,iHvKhF7Uk30Domr8uCORsSR904QSgslMQB+G+xe7JXNjm3QvGf2+VdR5gdk1mIrg,50.12037746998565,68.9278807497236,61.12257149823941
733500,iHvKhF7Uk30Domr8uCORsSR904QSgslMQB+G+xe7JXNjm3QvGf2+VdR5gdk1mIrg,37.418898265567606,68.13790984525191,58.439321856727055
733800,iHvKhF7Uk30Domr8uCORsSR904QSgslMQB+G+xe7JXNjm3QvGf2+VdR5gdk1mIrg,35.88853216145368,67.75679007081311,60.11918332336965
734100,iHvKhF7Uk30Domr8uCORsSR904QSgslMQB+G+xe7JXNjm3QvGf2+VdR5gdk1mIrg,48.2109429137987,75.43207022135152,60.647622734970966
734400,iHvKhF7Uk30Domr8uCORsSR904QSgslMQB+G+xe7JXNjm3QvGf2+VdR5gdk1mIrg,52.83482311912418,79.18037149988022,65.5738827077536
734700,iHvKhF7Uk30Domr8uCORsSR904QSgslMQB+G+xe7JXNjm3QvGf2+VdR5gdk1mIrg,45.87018759454182,70.07472251265884,60.295680077052246
735000,iHvKhF7Uk30Domr8uCORsSR904QSgslMQB+G+xe7JXNjm3QvGf2+VdR5gdk1mIrg,58.46555074966325,75.04445978267354,67.10012665675734
735300,iHvKhF7Uk30Domr8uCORsSR904QSgslMQB+G+xe7JXNjm3QvGf2+VdR5gdk1mIrg,49.55490212538014,76.3243111310182,66.34598440190963
735600,iHvKhF7Uk30Domr8uCORsSR904QSgslMQB+G+xe7JXNjm3QvGf2+VdR5gdk1mIrg,38.19642121302765,73.63948306203305,62.83250950206686
735900,iHvKhF7Uk30Domr8uCORsSR904QSgslMQB+G+xe7JXNjm3QvGf2+VdR5gdk1mIrg,29.274582039577453,72.59775890516707,57.91559508707324
736200,iHvKhF7Uk30Domr8uCORsSR904QSgslMQB+G+xe7JXNjm3QvGf2+VdR5gdk1mIrg,50.51636699926186,61.574509683456576,56.74976720293719
736500,iHvKhF7Uk30Domr8uCORsSR904QSgslMQB+G+xe7JXNjm3QvGf2+VdR5gdk1mIrg,49.93655931243982,70.99276552479965,60.72383971008176
736800,iHvKhF7Uk30Domr8uCORsSR904QSgslMQB+G+xe7JXNjm3QvGf2+VdR5gdk1mIrg,50.97100331195944,69.50029529274761,62.691362708983355
737100,iHvKhF7Uk30Domr8uCORsSR904QSgslMQB+G+xe7JXNjm3QvGf2+VdR5gdk1mIrg,45.66863346426977,71.21297761634274,58.80504805073471
737400,iHvKhF7Uk30Domr8uCORsSR904QSgslMQB+G+xe7JXNjm3QvGf2+VdR5gdk1mIrg,36.75851638916895,72.9880217439512,61.546007640681694
737700,iHvKhF7Uk30Domr8uCORsSR904QSgslMQB+G+xe7JXNjm3QvGf2+VdR5gdk1mIrg,41.62742420054816,72.16899604264516,59.0870965290579
738000,iHvKhF7Uk30Domr8uCORsSR904QSgslMQB+G+xe7JXNjm3QvGf2+VdR5gdk1mIrg,42.20370969693237,79.3414603418119,64.93324123561358
738300,iHvKhF7Uk30Domr8uCORsSR904QSgslMQB+G+xe7JXNjm3QvGf2+VdR5gdk1mIrg,21.729439598027056,79.90583981112017,54.396493555392794
738600,iHvKhF7Uk30Domr8uCORsSR904QSgslMQB+G+xe7JXNjm3QvGf2+VdR5gdk1mIrg,27.37081000538388,75.03143461040777,54.439335527906806
738900,iHvKhF7Uk30Domr8uCORsSR904QSgslMQB+G+xe7JXNjm3QvGf2+VdR5gdk1mIrg,47.23065801643768,81.32902525684045,69.4018677621809
739200,iHvKhF7Uk30Domr8uCORsSR904QSgslMQB+G+xe7JXNjm3QvGf2+VdR5gdk1mIrg,55.24176844084916,77.23943192500666,69.16163605176165
739500,iHvKhF7Uk30Domr8uCORsSR904QSgslMQB+G+xe7JXNjm3QvGf2+VdR5gdk1mIrg,54.584838438746765,73.4315544482316,63.36024047226023
739800,iHvKhF7Uk30Domr8uCORsSR904QSgslMQB+G+xe7JXNjm3QvGf2+VdR5gdk1mIrg,51.834364356823045,77.8025775377633,66.06098225553905
740100,iHvKhF7Uk30Domr8uCORsSR904QSgslMQB+G+xe7JXNjm3QvGf2+VdR5gdk1mIrg,34.75680534798114,73.0226998977498,58.007046064509225
740400,iHvKhF7Uk30Domr8uCORsSR904QSgslMQB+G+xe7JXNjm3QvGf2+VdR5gdk1mIrg,36.388039945449336,79.07611174777537,58.423816484124416
740700,iHvKhF7Uk30Domr8uCORsSR904QSgslMQB+G+xe7JXNjm3QvGf2+VdR5gdk1mIrg,47.82680318932356,66.07645665455706,59.30458330868807
741000,iHvKhF7Uk30Domr8uCORsSR904QSgslMQB+G+xe7JXNjm3QvGf2+VdR5gdk1mIrg,49.87942293297101,71.184229098979,59.261907863748334
741300,iHvKhF7Uk30Domr8uCORsSR904QSgslMQB+G+xe7JXNjm3QvGf2+VdR5gdk1mIrg,46.639209550231406,72.02608082838874,60.42269063042357
741600,iHvKhF7Uk30Domr8uCORsSR904QSgslMQB+G+xe7JXNjm3QvGf2+VdR5gdk1mIrg,32.20945383788652,74.79216538346081,56.58812324869989
741900,iHvKhF7Uk30Domr8uCORsSR904QSgslMQB+G+xe7JXNjm3QvGf2+VdR5gdk1mIrg,37.531086170611474,67.40314221587214,55.13375058773384
742200,iHvKhF7Uk30Domr8uCORsSR904QSgslMQB+G+xe7JXNjm3QvGf2+VdR5gdk1mIrg,39.30605452642289,75.21779246886929,57.379663556447305
742500,iHvKhF7Uk30Domr8uCORsSR904QSgslMQB+G+xe7JXNjm3QvGf2+VdR5gdk1mIrg,53.595893482916416,74.75412190548532,63.31149276857625
742800,iHvKhF7Uk30Domr8uCORsSR904QSgslMQB+G+xe7JXNjm3QvGf2+VdR5gdk1mIrg,39.02483668903199,69.84278164196209,57.75405065127316
743100,iHvKhF7Uk30Domr8uCORsSR904QSgslMQB+G+xe7JXNjm3QvGf2+VdR5gdk1mIrg,50.376146088407445,70.29182891010944,59.647359042424654
743400,iHvKhF7Uk30Domr8uCORsSR904QSgslMQB+G+xe7JXNjm3QvGf2+VdR5gdk1mIrg,44.900644577793514,68.49107952414076,57.52281774321399
743700,iHvKhF7Uk30Domr8uCORsSR904QSgslMQB+G+xe7JXNjm3QvGf2+VdR5gdk1mIrg,36.236024130565454,70.39743382265719,59.5123815331177
744000,iHvKhF7Uk30Domr8uCORsSR904QSgslMQB+G+xe7JXNjm3QvGf2+VdR5gdk1mIrg,30.150688642199903,73.58055061009632,60.13960826190671
744300,iHvKhF7Uk30Domr8uCORsSR904QSgslMQB+G+xe7JXNjm3QvGf2+VdR5gdk1mIrg,49.06286053137332,74.12794768947867,60.652115453786585
744600,iHvKhF7Uk30Domr8uCORsSR904QSgslMQB+G+xe7JXNjm3QvGf2+VdR5gdk1mIrg,50.16114947182136,73.54342889015106,61.77214278142374
744900,iHvKhF7Uk30Domr8uCORsSR904QSgslMQB+G+xe7JXNjm3QvGf2+VdR5gdk1mIrg,40.27189691773116,69.53283470661133,59.97154573846135
745200,iHvKhF7Uk30Domr8uCORsSR904QSgslMQB+G+xe7JXNjm3QvGf2+VdR5gdk1mIrg,56.31021526586649,79.67737845280574,64.8596652868702
745500,iHvKhF7Uk30Domr8uCORsSR904QSgslMQB+G+xe7JXNjm3QvGf2+VdR5gdk1mIrg,50.75075343242624,75.97948032132565,64.58598483951388
745800,iHvKhF7Uk30Domr8uCORsSR904QSgslMQB+G+xe7JXNjm3QvGf2+VdR5gdk1mIrg,46.107083961711226,75.04827030897107,61.26407569176602
746100,iHvKhF7Uk30Domr8uCORsSR904QSgslMQB+G+xe7JXNjm3QvGf2+VdR5gdk1mIrg,52.256395041881,76.2720401622799,66.23860612981592
746400,iHvKhF7Uk30Domr8uCORsSR904QSgslMQB+G+xe7JXNjm3QvGf2+VdR5gdk1mIrg,37.20381387369029,71.6162067078628,58.35105048815039
746700,iHvKhF7Uk30Domr8uCORsSR904QSgslMQB+G+xe7JXNjm3QvGf2+VdR5gdk1mIrg,44.43516463606263,75.2405490177955,57.65559965077745
747000,iHvKhF7Uk30Domr8uCORsSR904QSgslMQB+G+xe7JXNjm3QvGf2+VdR5gdk1mIrg,52.05504737396196,73.40924203112374,62.55867964300842
747300,iHvKhF7Uk30Domr8uCORsSR904QSgslMQB+G+xe7JXNjm3QvGf2+VdR5gdk1mIrg,33.52441832951163,73.38570286561928,57.820841004061045
747600,iHvKhF7Uk30Domr8uCORsSR904QSgslMQB+G+xe7JXNjm3QvGf2+VdR5gdk1mIrg,51.70666231150671,71.19834370172896,61.0460798376067
747900,iHvKhF7Uk30Domr8uCORsSR904QSgslMQB+G+xe7JXNjm3QvGf2+VdR5gdk1mIrg,48.92560643445216,71.44867900759466,61.6529186321515
748200,iHvKhF7Uk30Domr8uCORsSR904QSgslMQB+G+xe7JXNjm3QvGf2+VdR5gdk1mIrg,46.97394277543092,71.39262564027781,62.497682011507344
748500,iHvKhF7Uk30Domr8uCORsSR904QSgslMQB+G+xe7JXNjm3QvGf2+VdR5gdk1mIrg,42.7776098357684,69.94116891923747,58.817794900323925
748800,iHvKhF7Uk30Domr8uCORsSR904QSgslMQB+G+xe7JXNjm3QvGf2+VdR5gdk1mIrg,44.6364890598086,73.1905501748247,63.19920722180365
749100,iHvKhF7Uk30Domr8uCORsSR904QSgslMQB+G+xe7JXNjm3QvGf2+VdR5gdk1mIrg,43.75295073845151,68.85924863864045,61.657038456135545
749400,iHvKhF7Uk30Domr8uCORsSR904QSgslMQB+G+xe7JXNjm3QvGf2+VdR5gdk1mIrg,57.5286032061459,72.01245908498575,63.500306997195565
749700,iHvKhF7Uk30Domr8uCORsSR904QSgslMQB+G+xe7JXNjm3QvGf2+VdR5gdk1mIrg,50.873342403183834,75.07225196326102,62.05008207896336
750000,iHvKhF7Uk30Domr8uCORsSR904QSgslMQB+G+xe7JXNjm3QvGf2+VdR5gdk1mIrg,52.599132165614165,80.47160005713955,69.83053079934973
750300,iHvKhF7Uk30Domr8uCORsSR904QSgslMQB+G+xe7JXNjm3QvGf2+VdR5gdk1mIrg,57.964429069245085,80.61842495169971,68.28388963616956
750600,iHvKhF7Uk30Domr8uCORsSR904QSgslMQB+G+xe7JXNjm3QvGf2+VdR5gdk1mIrg,54.91492231567031,68.79863112868023,64.25556400559444
750900,iHvKhF7Uk30Domr8uCORsSR904QSgslMQB+G+xe7JXNjm3QvGf2+VdR5gdk1mIrg,60.8794270527824,73.136890943836,67.6038962083725
751200,iHvKhF7Uk30Domr8uCORsSR904QSgslMQB+G+xe7JXNjm3QvGf2+VdR5gdk1mIrg,60.759116932596974,74.16519028128995,67.04534151474829
751500,iHvKhF7Uk30Domr8uCORsSR904QSgslMQB+G+xe7JXNjm3QvGf2+VdR5gdk1mIrg,57.81572744112131,71.6971341694626,65.69611539723084
751800,iHvKhF7Uk30Domr8uCORsSR904QSgslMQB+G+xe7JXNjm3QvGf2+VdR5gdk1mIrg,49.73695114360345,76.09795599299683,64.3704719143823
752100,iHvKhF7Uk30Domr8uCORsSR904QSgslMQB+G+xe7JXNjm3QvGf2+VdR5gdk1mIrg,51.47410262047632,69.21969770134626,60.08983362578563
752400,iHvKhF7Uk30Domr8uCORsSR904QSgslMQB+G+xe7JXNjm3QvGf2+VdR5gdk1mIrg,41.83623780356833,65.46448794846145,57.0626859209585
752700,iHvKhF7Uk30Domr8uCORsSR904QSgslMQB+G+xe7JXNjm3QvGf2+VdR5gdk1mIrg,48.50816407568831,69.26829670883208,61.14787084026123
753000,iHvKhF7Uk30Domr8uCORsSR904QSgslMQB+G+xe7JXNjm3QvGf2+VdR5gdk1mIrg,31.035704035138284,74.77332229664931,61.58420222782045
753300,iHvKhF7Uk30Domr8uCORsSR904QSgslMQB+G+xe7JXNjm3QvGf2+VdR5gdk1mIrg,46.39272860178891,67.28386822796818,57.86697459450788
753600,iHvKhF7Uk30Domr8uCORsSR904QSgslMQB+G+xe7JXNjm3QvGf2+VdR5gdk1mIrg,54.83749786242056,66.46694473063914,60.01852933394357
753900,iHvKhF7Uk30Domr8uCORsSR904QSgslMQB+G+xe7JXNjm3QvGf2+VdR5gdk1mIrg,52.17530743458478,67.31248826974765,61.13092474878001
754200,iHvKhF7Uk30Domr8uCORsSR904QSgslMQB+G+xe7JXNjm3QvGf2+VdR5gdk1mIrg,48.65092722037019,67.92406507060777,60.1699934469807
754500,iHvKhF7Uk30Domr8uCORsSR904QSgslMQB+G+xe7JXNjm3QvGf2+VdR5gdk1mIrg,44.49668586403081,72.2278194284874,60.518231419209854
754800,iHvKhF7Uk30Domr8uCORsSR904QSgslMQB+G+xe7JXNjm3QvGf2+VdR5gdk1mIrg,28.279652919792127,76.95900271695172,55.41988162072508
755100,iHvKhF7Uk30Domr8uCORsSR904QSgslMQB+G+xe7JXNjm3QvGf2+VdR5gdk1mIrg,47.49873947590351,75.64395933841952,61.21638546913074
755400,iHvKhF7Uk30Domr8uCORsSR904QSgslMQB+G+xe7JXNjm3QvGf2+VdR5gdk1mIrg,53.84821244329086,71.51425599990907,64.50973867387235
755700,iHvKhF7Uk30Domr8uCORsSR904QSgslMQB+G+xe7JXNjm3QvGf2+VdR5gdk1mIrg,49.25140535203443,67.30937455173616,59.0008899923314
756000,iHvKhF7Uk30Domr8uCORsSR904QSgslMQB+G+xe7JXNjm3QvGf2+VdR5gdk1mIrg,41.420037705196144,73.11042249112234,63.24680159150245
756300,iHvKhF7Uk30Domr8uCORsSR904QSgslMQB+G+xe7JXNjm3QvGf2+VdR5gdk1mIrg,62.760069573527566,75.51457904145661,68.61981795960898
756600,iHvKhF7Uk30Domr8uCORsSR904QSgslMQB+G+xe7JXNjm3QvGf2+VdR5gdk1mIrg,43.0194056743786,72.09507872827322,59.050773154551806
756900,iHvKhF7Uk30Domr8uCORsSR904QSgslMQB+G+xe7JXNjm3QvGf2+VdR5gdk1mIrg,52.7849347910097,71.74070256209811,59.57329903651252
757200,iHvKhF7Uk30Domr8uCORsSR904QSgslMQB+G+xe7JXNjm3QvGf2+VdR5gdk1mIrg,32.0882695907262,75.7539199811869,60.03329936689192
757500,iHvKhF7Uk30Domr8uCORsSR904QSgslMQB+G+xe7JXNjm3QvGf2+VdR5gdk1mIrg,43.32697596210717,76.2560860467214,63.4069837919352
757800,iHvKhF7Uk30Domr8uCORsSR904QSgslMQB+G+xe7JXNjm3QvGf2+VdR5gdk1mIrg,45.959393132597135,69.88031652061655,57.2204333168787
758100,iHvKhF7Uk30Domr8uCORsSR904QSgslMQB+G+xe7JXNjm3QvGf2+VdR5gdk1mIrg,44.383689255694975,75.5669865031259,63.16809397546951
758400,iHvKhF7Uk30Domr8uCORsSR904QSgslMQB+G+xe7JXNjm3QvGf2+VdR5gdk1mIrg,33.18304649292165,68.93438587166676,56.1505748781137
758700,iHvKhF7Uk30Domr8uCORsSR904QSgslMQB+G+xe7JXNjm3QvGf2+VdR5gdk1mIrg,51.099522298492325,76.63300156932112,63.56901704142772
759000,iHvKhF7Uk30Domr8uCORsSR904QSgslMQB+G+xe7JXNjm3QvGf2+VdR5gdk1mIrg,41.64319344000651,71.53009113991618,62.23867239030911
759300,iHvKhF7Uk30Domr8uCORsSR904QSgslMQB+G+xe7JXNjm3QvGf2+VdR5gdk1mIrg,36.704018751391374,73.04715389619993,61.7821153103999
759600,iHvKhF7Uk30Domr8uCORsSR904QSgslMQB+G+xe7JXNjm3QvGf2+VdR5gdk1mIrg,45.04737059577759,76.17393356892573,64.15128499797949
759900,iHvKhF7Uk30Domr8uCORsSR904QSgslMQB+G+xe7JXNjm3QvGf2+VdR5gdk1mIrg,58.857534406399765,78.47487924636721,68.02956716746841
760200,iHvKhF7Uk30Domr8uCORsSR904QSgslMQB+G+xe7JXNjm3QvGf2+VdR5gdk1mIrg,54.69117929907032,77.25798016134657,65.98359191326145
760500,iHvKhF7Uk30Domr8uCORsSR904QSgslMQB+G+xe7JXNjm3QvGf2+VdR5gdk1mIrg,46.854085487772366,70.22821412843643,63.92873681453613
760800,iHvKhF7Uk30Domr8uCORsSR904QSgslMQB+G+xe7JXNjm3QvGf2+VdR5gdk1mIrg,52.07062424442746,81.68356921723934,71.8639517589323
761100,iHvKhF7Uk30Domr8uCORsSR904QSgslMQB+G+xe7JXNjm3QvGf2+VdR5gdk1mIrg,60.36564073546945,76.82841094151117,68.03030416378128
761400,iHvKhF7Uk30Domr8uCORsSR904QSgslMQB+G+xe7JXNjm3QvGf2+VdR5gdk1mIrg,53.089087251448326,73.9282103417354,65.43494876656032
761700,iHvKhF7Uk30Domr8uCORsSR904QSgslMQB+G+xe7JXNjm3QvGf2+VdR5gdk1mIrg,55.08038868527753,70.03426908978312,62.45540061942911
762000,iHvKhF7Uk30Domr8uCORsSR904QSgslMQB+G+xe7JXNjm3QvGf2+VdR5gdk1mIrg,55.98910747429143,70.7604934761481,62.36004901634378
762300,iHvKhF7Uk30Domr8uCORsSR904QSgslMQB+G+xe7JXNjm3QvGf2+VdR5gdk1mIrg,53.99229259110112,72.77598403107474,61.98492383440082
762600,iHvKhF7Uk30Domr8uCORsSR904QSgslMQB+G+xe7JXNjm3QvGf2+VdR5gdk1mIrg,57.94150504496714,71.19469398444008,64.59780544708308
762900,iHvKhF7Uk30Domr8uCORsSR904QSgslMQB+G+xe7JXNjm3QvGf2+VdR5gdk1mIrg,35.58947450387808,78.2378502222084,58.16678979862397
763200,iHvKhF7Uk30Domr8uCORsSR904QSgslMQB+G+xe7JXNjm3QvGf2+VdR5gdk1mIrg,55.527701521273165,76.0045857064911,68.49726591125061
763500,iHvKhF7Uk30Domr8uCORsSR904QSgslMQB+G+xe7JXNjm3QvGf2+VdR5gdk1mIrg,30.09882944381035,73.96137173992666,63.79053574450709
763800,iHvKhF7Uk30Domr8uCORsSR904QSgslMQB+G+xe7JXNjm3QvGf2+VdR5gdk1mIrg,41.76025176710696,75.55540416103369,61.87428592882359
764100,iHvKhF7Uk30Domr8uCORsSR904QSgslMQB+G+xe7JXNjm3QvGf2+VdR5gdk1mIrg,41.43507983727351,69.27019450205766,60.27575295516552
764400,iHvKhF7Uk30Domr8uCORsSR904QSgslMQB+G+xe7JXNjm3QvGf2+VdR5gdk1mIrg,30.372585659600094,74.86451879278478,55.99548415474628
764700,iHvKhF7Uk30Domr8uCORsSR904QSgslMQB+G+xe7JXNjm3QvGf2+VdR5gdk1mIrg,55.190273428388885,72.84051224043888,62.83145834832004
765000,iHvKhF7Uk30Domr8uCORsSR904QSgslMQB+G+xe7JXNjm3QvGf2+VdR5gdk1mIrg,36.740170983214206,71.99324850392446,61.55243212612345
765300,iHvKhF7Uk30Domr8uCORsSR904QSgslMQB+G+xe7JXNjm3QvGf2+VdR5gdk1mIrg,37.27863617051332,74.57420098116019,61.79550483669552
765600,iHvKhF7Uk30Domr8uCORsSR904QSgslMQB+G+xe7JXNjm3QvGf2+VdR5gdk1mIrg,37.43954517346257,73.76568665439225,58.891103574006976
765900,iHvKhF7Uk30Domr8uCORsSR904QSgslMQB+G+xe7JXNjm3QvGf2+VdR5gdk1mIrg,50.23728049360688,76.13460166746864,65.44465840415452
766200,iHvKhF7Uk30Domr8uCORsSR904QSgslMQB+G+xe7JXNjm3QvGf2+VdR5gdk1mIrg,53.79897253979837,76.80331214478977,62.5409244221805
766500,iHvKhF7Uk30Domr8uCORsSR904QSgslMQB+G+xe7JXNjm3QvGf2+VdR5gdk1mIrg,42.61472024845405,68.26790062776911,58.9531381276063
766800,iHvKhF7Uk30Domr8uCORsSR904QSgslMQB+G+xe7JXNjm3QvGf2+VdR5gdk1mIrg,43.3972447520485,68.19219535921391,60.60574282288096
767100,iHvKhF7Uk30Domr8uCORsSR904QSgslMQB+G+xe7JXNjm3QvGf2+VdR5gdk1mIrg,41.21971049892032,69.3758537367514,60.21384371853078
767400,iHvKhF7Uk30Domr8uCORsSR904QSgslMQB+G+xe7JXNjm3QvGf2+VdR5gdk1mIrg,40.82496095574461,71.47605328267205,58.7724832818893
767700,iHvKhF7Uk30Domr8uCORsSR904QSgslMQB+G+xe7JXNjm3QvGf2+VdR5gdk1mIrg,42.51279692411752,67.75400823797804,58.904458509685725
768000,iHvKhF7Uk30Domr8uCORsSR904QSgslMQB+G+xe7JXNjm3QvGf2+VdR5gdk1mIrg,56.54209725015381,66.56515484308808,62.048238506908575
768300,iHvKhF7Uk30Domr8uCORsSR904QSgslMQB+G+xe7JXNjm3QvGf2+VdR5gdk1mIrg,57.46457302986353,78.53465215297625,66.6797129355309
768600,iHvKhF7Uk30Domr8uCORsSR904QSgslMQB+G+xe7JXNjm3QvGf2+VdR5gdk1mIrg,37.63836828549301,66.40830507967563,54.833927049612406
768900,iHvKhF7Uk30Domr8uCORsSR904QSgslMQB+G+xe7JXNjm3QvGf2+VdR5gdk1mIrg,46.11296725837296,67.77690004737079,57.57113898787602
769200,iHvKhF7Uk30Domr8uCORsSR904QSgslMQB+G+xe7JXNjm3QvGf2+VdR5gdk1mIrg,56.04810462133851,77.14516001005511,67.40990671349236
769500,iHvKhF7Uk30Domr8uCORsSR904QSgslMQB+G+xe7JXNjm3QvGf2+VdR5gdk1mIrg,39.05103477774319,73.30681616323878,64.22922719988429
769800,iHvKhF7Uk30Domr8uCORsSR904QSgslMQB+G+xe7JXNjm3QvGf2+VdR5gdk1mIrg,56.84388221339087,77.70003700817905,68.4121561253406
770100,iHvKhF7Uk30Domr8uCORsSR904QSgslMQB+G+xe7JXNjm3QvGf2+VdR5gdk1mIrg,59.054176039995575,70.56727717669712,65.66352435010118
770400,iHvKhF7Uk30Domr8uCORsSR904QSgslMQB+G+xe7JXNjm3QvGf2+VdR5gdk1mIrg,44.466289703558076,69.77952614709359,60.6247765930132
770700,iHvKhF7Uk30Domr8uCORsSR904QSgslMQB+G+xe7JXNjm3QvGf2+VdR5gdk1mIrg,31.78627607256728,71.39910758059457,62.04691965008552
771000,iHvKhF7Uk30Domr8uCORsSR904QSgslMQB+G+xe7JXNjm3QvGf2+VdR5gdk1mIrg,41.71244647983868,74.05257838072868,61.68965282702227
771300,iHvKhF7Uk30Domr8uCORsSR904QSgslMQB+G+xe7JXNjm3QvGf2+VdR5gdk1mIrg,38.8156878743722,74.61990495389493,62.922069471676096
771600,iHvKhF7Uk30Domr8uCORsSR904QSgslMQB+G+xe7JXNjm3QvGf2+VdR5gdk1mIrg,54.32195317464614,74.24785036518321,64.28488921174754
771900,iHvKhF7Uk30Domr8uCORsSR904QSgslMQB+G+xe7JXNjm3QvGf2+VdR5gdk1mIrg,37.68881086632239,77.42667835021332,64.13265555294801
772200,iHvKhF7Uk30Domr8uCORsSR904QSgslMQB+G+xe7JXNjm3QvGf2+VdR5gdk1mIrg,49.9820773734055,71.7158373701256,62.721383814257536
772500,iHvKhF7Uk30Domr8uCORsSR904QSgslMQB+G+xe7JXNjm3QvGf2+VdR5gdk1mIrg,49.99036689287666,76.97030635394268,64.06214803441195
772800,iHvKhF7Uk30Domr8uCORsSR904QSgslMQB+G+xe7JXNjm3QvGf2+VdR5gdk1mIrg,42.06492068743644,71.84601230612692,57.420709931499616
773100,iHvKhF7Uk30Domr8uCORsSR904QSgslMQB+G+xe7JXNjm3QvGf2+VdR5gdk1mIrg,52.57761527229277,71.17119225714968,61.95345880269406
773400,iHvKhF7Uk30Domr8uCORsSR904QSgslMQB+G+xe7JXNjm3QvGf2+VdR5gdk1mIrg,50.967430898261085,67.33957828803966,57.49711986610546
773700,iHvKhF7Uk30Domr8uCORsSR904QSgslMQB+G+xe7JXNjm3QvGf2+VdR5gdk1mIrg,39.17260076220607,64.64524056401306,56.25832939595895
774000,iHvKhF7Uk30Domr8uCORsSR904QSgslMQB+G+xe7JXNjm3QvGf2+VdR5gdk1mIrg,50.37197158116665,76.90447848848251,64.72701905540568
774300,iHvKhF7Uk30Domr8uCORsSR904QSgslMQB+G+xe7JXNjm3QvGf2+VdR5gdk1mIrg,60.97067729820294,74.41414451983843,68.1607356843946
774600,iHvKhF7Uk30Domr8uCORsSR904QSgslMQB+G+xe7JXNjm3QvGf2+VdR5gdk1mIrg,58.00992084509543,73.78191332163841,66.12321668792028
774900,iHvKhF7Uk30Domr8uCORsSR904QSgslMQB+G+xe7JXNjm3QvGf2+VdR5gdk1mIrg,58.48025110987003,70.95726414519604,65.70127236140046
775200,iHvKhF7Uk30Domr8uCORsSR904QSgslMQB+G+xe7JXNjm3QvGf2+VdR5gdk1mIrg,29.22554804108969,72.51255948256012,60.222690861881446
775500,iHvKhF7Uk30Domr8uCORsSR904QSgslMQB+G+xe7JXNjm3QvGf2+VdR5gdk1mIrg,30.61845904259916,78.86718700020344,71.5623879089857
775800,iHvKhF7Uk30Domr8uCORsSR904QSgslMQB+G+xe7JXNjm3QvGf2+VdR5gdk1mIrg,52.812359268934784,77.20593340797488,65.4515043457862
776100,iHvKhF7Uk30Domr8uCORsSR904QSgslMQB+G+xe7JXNjm3QvGf2+VdR5gdk1mIrg,43.8557978866332,73.4592205896923,59.223790010061805
776400,iHvKhF7Uk30Domr8uCORsSR904QSgslMQB+G+xe7JXNjm3QvGf2+VdR5gdk1mIrg,52.21992938732157,73.71738871988983,61.63639148531709
776700,iHvKhF7Uk30Domr8uCORsSR904QSgslMQB+G+xe7JXNjm3QvGf2+VdR5gdk1mIrg,46.53692453268247,79.43299768634449,68.17615405678147
777000,iHvKhF7Uk30Domr8uCORsSR904QSgslMQB+G+xe7JXNjm3QvGf2+VdR5gdk1mIrg,53.28828482672024,79.36299516680897,69.91604777854218
777300,iHvKhF7Uk30Domr8uCORsSR904QSgslMQB+G+xe7JXNjm3QvGf2+VdR5gdk1mIrg,45.857880563386445,73.78853121960212,60.78984751564002
777600,iHvKhF7Uk30Domr8uCORsSR904QSgslMQB+G+xe7JXNjm3QvGf2+VdR5gdk1mIrg,39.137682611647065,72.59656106073457,63.48319613822243
777900,iHvKhF7Uk30Domr8uCORsSR904QSgslMQB+G+xe7JXNjm3QvGf2+VdR5gdk1mIrg,33.793500896733,71.08963035385024,57.8772353894046
778200,iHvKhF7Uk30Domr8uCORsSR904QSgslMQB+G+xe7JXNjm3QvGf2+VdR5gdk1mIrg,33.8618069798854,75.81429129686869,56.83918287652623
778500,iHvKhF7Uk30Domr8uCORsSR904QSgslMQB+G+xe7JXNjm3QvGf2+VdR5gdk1mIrg,21.663597229175824,80.18646670248408,55.35443191580947
778800,iHvKhF7Uk30Domr8uCORsSR904QSgslMQB+G+xe7JXNjm3QvGf2+VdR5gdk1mIrg,33.08020083056494,77.28935626494794,65.66159548443146
779100,iHvKhF7Uk30Domr8uCORsSR904QSgslMQB+G+xe7JXNjm3QvGf2+VdR5gdk1mIrg,56.69636952294129,77.28584728363289,67.72116510104925
779400,iHvKhF7Uk30Domr8uCORsSR904QSgslMQB+G+xe7JXNjm3QvGf2+VdR5gdk1mIrg,59.815662623918,76.22704290663945,66.60887348424112
779700,iHvKhF7Uk30Domr8uCORsSR904QSgslMQB+G+xe7JXNjm3QvGf2+VdR5gdk1mIrg,52.67246836369498,81.09111820082347,66.89251201451079
780000,iHvKhF7Uk30Domr8uCORsSR904QSgslMQB+G+xe7JXNjm3QvGf2+VdR5gdk1mIrg,57.83372330476696,76.39840759219933,66.09354404172657
780300,iHvKhF7Uk30Domr8uCORsSR904QSgslMQB+G+xe7JXNjm3QvGf2+VdR5gdk1mIrg,56.4637796250512,75.24043745567883,66.46786622157201
780600,iHvKhF7Uk30Domr8uCORsSR904QSgslMQB+G+xe7JXNjm3QvGf2+VdR5gdk1mIrg,43.658191186854,71.56696891377823,59.27114816958365
780900,iHvKhF7Uk30Domr8uCORsSR904QSgslMQB+G+xe7JXNjm3QvGf2+VdR5gdk1mIrg,44.286646564198776,72.04303009200142,59.88178117836262
781200,iHvKhF7Uk30Domr8uCORsSR904QSgslMQB+G+xe7JXNjm3QvGf2+VdR5gdk1mIrg,30.083267864090068,76.582712951916,61.51906154133523
781500,iHvKhF7Uk30Domr8uCORsSR904QSgslMQB+G+xe7JXNjm3QvGf2+VdR5gdk1mIrg,42.57776068393501,70.00637253175157,56.54302883436286
781800,iHvKhF7Uk30Domr8uCORsSR904QSgslMQB+G+xe7JXNjm3QvGf2+VdR5gdk1mIrg,42.03683211248963,74.07822587237872,58.89916734376229
782100,iHvKhF7Uk30Domr8uCORsSR904QSgslMQB+G+xe7JXNjm3QvGf2+VdR5gdk1mIrg,44.819173278949755,66.07666507911927,56.1827901628286
782400,iHvKhF7Uk30Domr8uCORsSR904QSgslMQB+G+xe7JXNjm3QvGf2+VdR5gdk1mIrg,44.896101520905376,69.57178921541357,58.78953546713359
782700,iHvKhF7Uk30Domr8uCORsSR904QSgslMQB+G+xe7JXNjm3QvGf2+VdR5gdk1mIrg,49.62871598743062,71.95804357171379,58.73736206788535
783000,iHvKhF7Uk30Domr8uCORsSR904QSgslMQB+G+xe7JXNjm3QvGf2+VdR5gdk1mIrg,52.4304758775358,72.95400961135344,63.649973385785096
783300,iHvKhF7Uk30Domr8uCORsSR904QSgslMQB+G+xe7JXNjm3QvGf2+VdR5gdk1mIrg,49.411839158336,65.91615121266845,56.7846847146277
783600,iHvKhF7Uk30Domr8uCORsSR904QSgslMQB+G+xe7JXNjm3QvGf2+VdR5gdk1mIrg,41.76744435043825,76.53701203195138,64.51348636023184
783900,iHvKhF7Uk30Domr8uCORsSR904QSgslMQB+G+xe7JXNjm3QvGf2+VdR5gdk1mIrg,42.92282804129659,66.38024039126272,54.33814982489943
784200,iHvKhF7Uk30Domr8uCORsSR904QSgslMQB+G+xe7JXNjm3QvGf2+VdR5gdk1mIrg,54.684553479181965,70.53414586544787,62.67518827842069
784500,iHvKhF7Uk30Domr8uCORsSR904QSgslMQB+G+xe7JXNjm3QvGf2+VdR5gdk1mIrg,54.39191648961908,78.25578560825981,65.85663370848192
784800,iHvKhF7Uk30Domr8uCORsSR904QSgslMQB+G+xe7JXNjm3QvGf2+VdR5gdk1mIrg,52.65959852412796,76.46555368719065,62.87895021259811
785100,iHvKhF7Uk30Domr8uCORsSR904QSgslMQB+G+xe7JXNjm3QvGf2+VdR5gdk1mIrg,36.11040724246084,74.90051317652858,60.36453712052848
785400,iHvKhF7Uk30Domr8uCORsSR904QSgslMQB+G+xe7JXNjm3QvGf2+VdR5gdk1mIrg,29.551984894114643,72.46365283804712,59.544214897362814
785700,iHvKhF7Uk30Domr8uCORsSR904QSgslMQB+G+xe7JXNjm3QvGf2+VdR5gdk1mIrg,48.10700572572825,74.32672074349051,62.551666014397135
786000,iHvKhF7Uk30Domr8uCORsSR904QSgslMQB+G+xe7JXNjm3QvGf2+VdR5gdk1mIrg,50.5132374421041,75.51964590999782,63.80125413391104
786300,iHvKhF7Uk30Domr8uCORsSR904QSgslMQB+G+xe7JXNjm3QvGf2+VdR5gdk1mIrg,42.7531549377199,76.36548274253057,58.48089142160083
786600,iHvKhF7Uk30Domr8uCORsSR904QSgslMQB+G+xe7JXNjm3QvGf2+VdR5gdk1mIrg,48.0502952842793,73.11729202716582,61.05949050847212
786900,iHvKhF7Uk30Domr8uCORsSR904QSgslMQB+G+xe7JXNjm3QvGf2+VdR5gdk1mIrg,52.44984582131811,68.90591946009611,61.40102620667519
787200,iHvKhF7Uk30Domr8uCORsSR904QSgslMQB+G+xe7JXNjm3QvGf2+VdR5gdk1mIrg,26.552532865038675,75.15270624367339,54.68248090917668
787500,iHvKhF7Uk30Domr8uCORsSR904QSgslMQB+G+xe7JXNjm3QvGf2+VdR5gdk1mIrg,60.184445506114535,75.26766674233156,67.61197054052491
787800,iHvKhF7Uk30Domr8uCORsSR904QSgslMQB+G+xe7JXNjm3QvGf2+VdR5gdk1mIrg,61.83941560940232,75.8653872640742,68.64113797451657
788100,iHvKhF7Uk30Domr8uCORsSR904QSgslMQB+G+xe7JXNjm3QvGf2+VdR5gdk1mIrg,47.18727774723627,71.48213080511255,61.855267572373776
788400,iHvKhF7Uk30Domr8uCORsSR904QSgslMQB+G+xe7JXNjm3QvGf2+VdR5gdk1mIrg,52.20156168422155,73.797394125624,62.964662673512
788700,iHvKhF7Uk30Domr8uCORsSR904QSgslMQB+G+xe7JXNjm3QvGf2+VdR5gdk1mIrg,51.84669451811353,70.78455063305672,63.437858926024056
789000,iHvKhF7Uk30Domr8uCORsSR904QSgslMQB+G+xe7JXNjm3QvGf2+VdR5gdk1mIrg,43.86153256032313,74.05498237860081,59.29718465883
789300,iHvKhF7Uk30Domr8uCORsSR904QSgslMQB+G+xe7JXNjm3QvGf2+VdR5gdk1mIrg,48.12378786910096,75.21110324657411,58.025782231889835
789600,iHvKhF7Uk30Domr8uCORsSR904QSgslMQB+G+xe7JXNjm3QvGf2+VdR5gdk1mIrg,44.62657468551267,66.50705728905602,56.8463900103728
789900,iHvKhF7Uk30Domr8uCORsSR904QSgslMQB+G+xe7JXNjm3QvGf2+VdR5gdk1mIrg,55.29444581242856,70.67040270356422,61.03596318202867
790200,iHvKhF7Uk30Domr8uCORsSR904QSgslMQB+G+xe7JXNjm3QvGf2+VdR5gdk1mIrg,22.363883752432024,80.86520242950668,58.58664408855776
790500,iHvKhF7Uk30Domr8uCORsSR904QSgslMQB+G+xe7JXNjm3QvGf2+VdR5gdk1mIrg,43.50245752980245,70.44285818095514,57.912314428898654
790800,iHvKhF7Uk30Domr8uCORsSR904QSgslMQB+G+xe7JXNjm3QvGf2+VdR5gdk1mIrg,31.527480724089173,70.16050722849822,56.02538116216734
791100,iHvKhF7Uk30Domr8uCORsSR904QSgslMQB+G+xe7JXNjm3QvGf2+VdR5gdk1mIrg,32.28282915882583,69.72704922753445,57.72499611707824
791400,iHvKhF7Uk30Domr8uCORsSR904QSgslMQB+G+xe7JXNjm3QvGf2+VdR5gdk1mIrg,45.71435807897242,69.33868465179074,60.011222279524944
791700,iHvKhF7Uk30Domr8uCORsSR904QSgslMQB+G+xe7JXNjm3QvGf2+VdR5gdk1mIrg,29.43081115348939,76.4640547170183,65.66035427772952
792000,iHvKhF7Uk30Domr8uCORsSR904QSgslMQB+G+xe7JXNjm3QvGf2+VdR5gdk1mIrg,60.34408247013771,78.07259852646233,68.84219395423962
792300,iHvKhF7Uk30Domr8uCORsSR904QSgslMQB+G+xe7JXNjm3QvGf2+VdR5gdk1mIrg,46.298896763095605,75.87251241750648,62.41047941980578
792600,iHvKhF7Uk30Domr8uCORsSR904QSgslMQB+G+xe7JXNjm3QvGf2+VdR5gdk1mIrg,32.34657638148736,74.87423084605534,61.34152097200665
792900,iHvKhF7Uk30Domr8uCORsSR904QSgslMQB+G+xe7JXNjm3QvGf2+VdR5gdk1mIrg,36.061355658176666,70.95246168053492,56.010575491042175
793200,iHvKhF7Uk30Domr8uCORsSR904QSgslMQB+G+xe7JXNjm3QvGf2+VdR5gdk1mIrg,32.365796766334256,74.03318991443723,56.467971342215584
793500,iHvKhF7Uk30Domr8uCORsSR904QSgslMQB+G+xe7JXNjm3QvGf2+VdR5gdk1mIrg,41.211739720030714,78.6473323857886,63.42703859100416
793800,iHvKhF7Uk30Domr8uCORsSR904QSgslMQB+G+xe7JXNjm3QvGf2+VdR5gdk1mIrg,54.9408827105439,76.58476414561936,67.18734554985353
794100,iHvKhF7Uk30Domr8uCORsSR904QSgslMQB+G+xe7JXNjm3QvGf2+VdR5gdk1mIrg,35.510105174060975,76.40405596982225,63.955265337141554
794400,iHvKhF7Uk30Domr8uCORsSR904QSgslMQB+G+xe7JXNjm3QvGf2+VdR5gdk1mIrg,37.527751341683285,75.47479538382844,58.66664816629918
794700,iHvKhF7Uk30Domr8uCORsSR904QSgslMQB+G+xe7JXNjm3QvGf2+VdR5gdk1mIrg,37.12707419564886,71.39560119782283,57.618324315840205
795000,iHvKhF7Uk30Domr8uCORsSR904QSgslMQB+G+xe7JXNjm3QvGf2+VdR5gdk1mIrg,36.159262821594446,73.21133292371755,59.11340344858117
795300,iHvKhF7Uk30Domr8uCORsSR904QSgslMQB+G+xe7JXNjm3QvGf2+VdR5gdk1mIrg,29.998770492233607,74.47620650332108,58.17980880214757
795600,iHvKhF7Uk30Domr8uCORsSR904QSgslMQB+G+xe7JXNjm3QvGf2+VdR5gdk1mIrg,53.29843139375463,78.35883500901856,67.98761797903641
795900,iHvKhF7Uk30Domr8uCORsSR904QSgslMQB+G+xe7JXNjm3QvGf2+VdR5gdk1mIrg,62.275118355636685,80.9825004940262,70.34191596970219
796200,iHvKhF7Uk30Domr8uCORsSR904QSgslMQB+G+xe7JXNjm3QvGf2+VdR5gdk1mIrg,70.39795194446894,81.79159870155182,74.85174590550055
796500,iHvKhF7Uk30Domr8uCORsSR904QSgslMQB+G+xe7JXNjm3QvGf2+VdR5gdk1mIrg,48.64957696677528,71.5441943611666,62.48567354540702
796800,iHvKhF7Uk30Domr8uCORsSR904QSgslMQB+G+xe7JXNjm3QvGf2+VdR5gdk1mIrg,59.24819535091931,74.80535445956835,66.93162298838496
797100,iHvKhF7Uk30Domr8uCORsSR904QSgslMQB+G+xe7JXNjm3QvGf2+VdR5gdk1mIrg,53.317854597122135,77.61590233373359,64.3960794770739
797400,iHvKhF7Uk30Domr8uCORsSR904QSgslMQB+G+xe7JXNjm3QvGf2+VdR5gdk1mIrg,51.22053354543764,79.4163261414115,65.32860164581615
797700,iHvKhF7Uk30Domr8uCORsSR904QSgslMQB+G+xe7JXNjm3QvGf2+VdR5gdk1mIrg,52.398156553797214,74.4004311259302,64.12733832955313
798000,iHvKhF7Uk30Domr8uCORsSR904QSgslMQB+G+xe7JXNjm3QvGf2+VdR5gdk1mIrg,31.373953919702455,71.44900675104117,57.65431116781533
798300,iHvKhF7Uk30Domr8uCORsSR904QSgslMQB+G+xe7JXNjm3QvGf2+VdR5gdk1mIrg,55.31942804766228,72.16474487365095,62.448032942811466
798600,iHvKhF7Uk30Domr8uCORsSR904QSgslMQB+G+xe7JXNjm3QvGf2+VdR5gdk1mIrg,49.83382684285845,77.33819363940003,63.58139479487896
798900,iHvKhF7Uk30Domr8uCORsSR904QSgslMQB+G+xe7JXNjm3QvGf2+VdR5gdk1mIrg,49.32133576884869,75.16476466887178,58.62268530920973
799200,iHvKhF7Uk30Domr8uCORsSR904QSgslMQB+G+xe7JXNjm3QvGf2+VdR5gdk1mIrg,41.78941542354717,68.5775351478909,56.64898906830682
799500,iHvKhF7Uk30Domr8uCORsSR904QSgslMQB+G+xe7JXNjm3QvGf2+VdR5gdk1mIrg,51.80598352130518,71.09233120379386,58.88049178634062
799800,iHvKhF7Uk30Domr8uCORsSR904QSgslMQB+G+xe7JXNjm3QvGf2+VdR5gdk1mIrg,49.5173053617518,70.20191797052236,60.403496378658176
800100,iHvKhF7Uk30Domr8uCORsSR904QSgslMQB+G+xe7JXNjm3QvGf2+VdR5gdk1mIrg,47.47609711110144,74.9015080738532,58.82976070290458
800400,iHvKhF7Uk30Domr8uCORsSR904QSgslMQB+G+xe7JXNjm3QvGf2+VdR5gdk1mIrg,34.22463803765108,70.71050841154027,56.38947148194559
800700,iHvKhF7Uk30Domr8uCORsSR904QSgslMQB+G+xe7JXNjm3QvGf2+VdR5gdk1mIrg,48.0108891559112,74.81342221519347,61.94835741109903
801000,iHvKhF7Uk30Domr8uCORsSR904QSgslMQB+G+xe7JXNjm3QvGf2+VdR5gdk1mIrg,43.81856721493641,71.58419203942469,60.44213172434553
801300,iHvKhF7Uk30Domr8uCORsSR904QSgslMQB+G+xe7JXNjm3QvGf2+VdR5gdk1mIrg,41.68364094110114,73.17633666374972,57.839989326153855
801600,iHvKhF7Uk30Domr8uCORsSR904QSgslMQB+G+xe7JXNjm3QvGf2+VdR5gdk1mIrg,38.546775697366186,69.45762997539535,58.61035759844096
801900,iHvKhF7Uk30Domr8uCORsSR904QSgslMQB+G+xe7JXNjm3QvGf2+VdR5gdk1mIrg,47.316564286232165,69.91254137774291,58.97154673541092
802200,iHvKhF7Uk30Domr8uCORsSR904QSgslMQB+G+xe7JXNjm3QvGf2+VdR5gdk1mIrg,39.49017467769559,69.18880882593427,59.582192704087376
802500,iHvKhF7Uk30Domr8uCORsSR904QSgslMQB+G+xe7JXNjm3QvGf2+VdR5gdk1mIrg,46.71947177693444,70.28879037213419,62.046001415103945
802800,iHvKhF7Uk30Domr8uCORsSR904QSgslMQB+G+xe7JXNjm3QvGf2+VdR5gdk1mIrg,42.061472389923054,74.29994454049891,57.35481150785383
803100,iHvKhF7Uk30Domr8uCORsSR904QSgslMQB+G+xe7JXNjm3QvGf2+VdR5gdk1mIrg,47.72765206525346,76.43399051267194,65.23011040609319
803400,iHvKhF7Uk30Domr8uCORsSR904QSgslMQB+G+xe7JXNjm3QvGf2+VdR5gdk1mIrg,35.149687194556044,75.69186837194542,57.64915470516922
803700,iHvKhF7Uk30Domr8uCORsSR904QSgslMQB+G+xe7JXNjm3QvGf2+VdR5gdk1mIrg,56.21759881383316,80.73208788058734,70.00621124005855
804000,iHvKhF7Uk30Domr8uCORsSR904QSgslMQB+G+xe7JXNjm3QvGf2+VdR5gdk1mIrg,54.21649601098392,71.75414092024475,63.33846220587171
804300,iHvKhF7Uk30Domr8uCORsSR904QSgslMQB+G+xe7JXNjm3QvGf2+VdR5gdk1mIrg,45.054456673887074,73.77429539579833,61.45386146566679
804600,iHvKhF7Uk30Domr8uCORsSR904QSgslMQB+G+xe7JXNjm3QvGf2+VdR5gdk1mIrg,46.94040944687936,70.58455682700814,60.14023347126876
804900,iHvKhF7Uk30Domr8uCORsSR904QSgslMQB+G+xe7JXNjm3QvGf2+VdR5gdk1mIrg,37.83030558065354,73.50419185157973,58.69116020558548
805200,iHvKhF7Uk30Domr8uCORsSR904QSgslMQB+G+xe7JXNjm3QvGf2+VdR5gdk1mIrg,42.60048653806325,72.90417323701706,59.4216991306684
805500,iHvKhF7Uk30Domr8uCORsSR904QSgslMQB+G+xe7JXNjm3QvGf2+VdR5gdk1mIrg,49.042612785859966,72.48542806555882,60.55958961805252
805800,iHvKhF7Uk30Domr8uCORsSR904QSgslMQB+G+xe7JXNjm3QvGf2+VdR5gdk1mIrg,53.309535148939645,67.96503099395899,61.05000062648135
806100,iHvKhF7Uk30Domr8uCORsSR904QSgslMQB+G+xe7JXNjm3QvGf2+VdR5gdk1mIrg,44.429809787850736,73.21280380242811,61.765066687598704
806400,iHvKhF7Uk30Domr8uCORsSR904QSgslMQB+G+xe7JXNjm3QvGf2+VdR5gdk1mIrg,49.94302250907137,73.39998475074265,58.88383761070014
806700,iHvKhF7Uk30Domr8uCORsSR904QSgslMQB+G+xe7JXNjm3QvGf2+VdR5gdk1mIrg,49.54574649401932,71.0105595647226,62.785074099153995
807000,iHvKhF7Uk30Domr8uCORsSR904QSgslMQB+G+xe7JXNjm3QvGf2+VdR5gdk1mIrg,48.87337295308775,65.88816899761531,58.27999546750111
807300,iHvKhF7Uk30Domr8uCORsSR904QSgslMQB+G+xe7JXNjm3QvGf2+VdR5gdk1mIrg,42.322277107835255,72.35423231876571,57.87739540904223
807600,iHvKhF7Uk30Domr8uCORsSR904QSgslMQB+G+xe7JXNjm3QvGf2+VdR5gdk1mIrg,46.69789900597317,69.70767250287491,58.7416143329714
807900,iHvKhF7Uk30Domr8uCORsSR904QSgslMQB+G+xe7JXNjm3QvGf2+VdR5gdk1mIrg,47.8791599376048,67.85759510172984,57.51324237604362
808200,iHvKhF7Uk30Domr8uCORsSR904QSgslMQB+G+xe7JXNjm3QvGf2+VdR5gdk1mIrg,51.386919368317166,72.60356917177238,62.499018022692646
808500,iHvKhF7Uk30Domr8uCORsSR904QSgslMQB+G+xe7JXNjm3QvGf2+VdR5gdk1mIrg,46.469901681667885,70.89321680552445,59.1394979321463
808800,iHvKhF7Uk30Domr8uCORsSR904QSgslMQB+G+xe7JXNjm3QvGf2+VdR5gdk1mIrg,54.89501069536277,72.05433529572736,63.59174399130891
809100,iHvKhF7Uk30Domr8uCORsSR904QSgslMQB+G+xe7JXNjm3QvGf2+VdR5gdk1mIrg,43.25247226686254,70.7131379728748,60.25588030866695
809400,iHvKhF7Uk30Domr8uCORsSR904QSgslMQB+G+xe7JXNjm3QvGf2+VdR5gdk1mIrg,50.33201821428834,77.51763715145418,64.89004566622836
809700,iHvKhF7Uk30Domr8uCORsSR904QSgslMQB+G+xe7JXNjm3QvGf2+VdR5gdk1mIrg,56.23035011984173,75.22760589513415,65.17043655247348
810000,iHvKhF7Uk30Domr8uCORsSR904QSgslMQB+G+xe7JXNjm3QvGf2+VdR5gdk1mIrg,60.39670235728711,75.00363462498963,65.23817491256219
810300,iHvKhF7Uk30Domr8uCORsSR904QSgslMQB+G+xe7JXNjm3QvGf2+VdR5gdk1mIrg,55.33517220081789,67.38884924838676,62.703901923845336
810600,iHvKhF7Uk30Domr8uCORsSR904QSgslMQB+G+xe7JXNjm3QvGf2+VdR5gdk1mIrg,48.14266313340664,67.5435172274634,59.00189967030813
810900,iHvKhF7Uk30Domr8uCORsSR904QSgslMQB+G+xe7JXNjm3QvGf2+VdR5gdk1mIrg,49.898032224320175,73.09839418196766,60.976488225330144
811200,iHvKhF7Uk30Domr8uCORsSR904QSgslMQB+G+xe7JXNjm3QvGf2+VdR5gdk1mIrg,45.68507410784369,72.93375253654426,60.12212873692247
811500,iHvKhF7Uk30Domr8uCORsSR904QSgslMQB+G+xe7JXNjm3QvGf2+VdR5gdk1mIrg,32.742767348116004,71.51951065152494,61.832486264341135
811800,iHvKhF7Uk30Domr8uCORsSR904QSgslMQB+G+xe7JXNjm3QvGf2+VdR5gdk1mIrg,47.7488455955426,71.63919330169108,59.28743805880904
812100,iHvKhF7Uk30Domr8uCORsSR904QSgslMQB+G+xe7JXNjm3QvGf2+VdR5gdk1mIrg,39.29566735825725,69.72418653302371,56.634060912018846
812400,iHvKhF7Uk30Domr8uCORsSR904QSgslMQB+G+xe7JXNjm3QvGf2+VdR5gdk1mIrg,54.03651609592364,74.08565064567254,64.19997950125796
812700,iHvKhF7Uk30Domr8uCORsSR904QSgslMQB+G+xe7JXNjm3QvGf2+VdR5gdk1mIrg,34.1212493945774,69.00422647021375,57.67619217764529
813000,iHvKhF7Uk30Domr8uCORsSR904QSgslMQB+G+xe7JXNjm3QvGf2+VdR5gdk1mIrg,30.54406892426772,76.21528392359218,58.56773488443752
813300,iHvKhF7Uk30Domr8uCORsSR904QSgslMQB+G+xe7JXNjm3QvGf2+VdR5gdk1mIrg,51.05797303892128,72.43598597439438,58.77964985676579
813600,iHvKhF7Uk30Domr8uCORsSR904QSgslMQB+G+xe7JXNjm3QvGf2+VdR5gdk1mIrg,40.0448820162492,74.84298617719945,62.43748340762349
813900,iHvKhF7Uk30Domr8uCORsSR904QSgslMQB+G+xe7JXNjm3QvGf2+VdR5gdk1mIrg,50.71130025008742,67.62506973299557,59.937054937849695
814200,iHvKhF7Uk30Domr8uCORsSR904QSgslMQB+G+xe7JXNjm3QvGf2+VdR5gdk1mIrg,44.763540605511245,65.23252282828307,56.139640969293794
814500,iHvKhF7Uk30Domr8uCORsSR904QSgslMQB+G+xe7JXNjm3QvGf2+VdR5gdk1mIrg,46.29761258220769,71.7341774626115,62.23226139646072
814800,iHvKhF7Uk30Domr8uCORsSR904QSgslMQB+G+xe7JXNjm3QvGf2+VdR5gdk1mIrg,48.55716504844506,67.38662561646895,58.740288795249874
815100,iHvKhF7Uk30Domr8uCORsSR904QSgslMQB+G+xe7JXNjm3QvGf2+VdR5gdk1mIrg,53.51502541791468,72.43266199546449,59.57279374836294
815400,iHvKhF7Uk30Domr8uCORsSR904QSgslMQB+G+xe7JXNjm3QvGf2+VdR5gdk1mIrg,53.943300104882766,74.4744625074071,63.13931626343519
815700,iHvKhF7Uk30Domr8uCORsSR904QSgslMQB+G+xe7JXNjm3QvGf2+VdR5gdk1mIrg,57.159399757713615,78.7666127020042,68.58805494296293
816000,iHvKhF7Uk30Domr8uCORsSR904QSgslMQB+G+xe7JXNjm3QvGf2+VdR5gdk1mIrg,55.07995034872703,71.1624898627461,65.30287659140973
816300,iHvKhF7Uk30Domr8uCORsSR904QSgslMQB+G+xe7JXNjm3QvGf2+VdR5gdk1mIrg,53.32155342893229,78.14758965394395,62.1306595825687
816600,iHvKhF7Uk30Domr8uCORsSR904QSgslMQB+G+xe7JXNjm3QvGf2+VdR5gdk1mIrg,48.57172469572695,66.92249285120113,60.99769088829387
816900,iHvKhF7Uk30Domr8uCORsSR904QSgslMQB+G+xe7JXNjm3QvGf2+VdR5gdk1mIrg,51.03099264629877,76.80359037605363,64.87748531980928
817200,iHvKhF7Uk30Domr8uCORsSR904QSgslMQB+G+xe7JXNjm3QvGf2+VdR5gdk1mIrg,52.4038234255752,70.09645683009366,61.14884301350096
817500,iHvKhF7Uk30Domr8uCORsSR904QSgslMQB+G+xe7JXNjm3QvGf2+VdR5gdk1mIrg,48.69392618274345,65.9576484680152,58.53006654695277
817800,iHvKhF7Uk30Domr8uCORsSR904QSgslMQB+G+xe7JXNjm3QvGf2+VdR5gdk1mIrg,53.34735907133309,77.47077067875625,69.3986525236165
818100,iHvKhF7Uk30Domr8uCORsSR904QSgslMQB+G+xe7JXNjm3QvGf2+VdR5gdk1mIrg,54.03683912829806,77.66575104472382,68.34600322479844
818400,iHvKhF7Uk30Domr8uCORsSR904QSgslMQB+G+xe7JXNjm3QvGf2+VdR5gdk1mIrg,53.3832092894758,70.56016324173899,63.20702050439562
818700,iHvKhF7Uk30Domr8uCORsSR904QSgslMQB+G+xe7JXNjm3QvGf2+VdR5gdk1mIrg,49.71947850303472,73.0265453108136,63.72992207106556
819000,iHvKhF7Uk30Domr8uCORsSR904QSgslMQB+G+xe7JXNjm3QvGf2+VdR5gdk1mIrg,45.611025170786974,64.8633563624749,55.7272672595399
819300,iHvKhF7Uk30Domr8uCORsSR904QSgslMQB+G+xe7JXNjm3QvGf2+VdR5gdk1mIrg,50.285107294928046,72.1779074386659,60.86198985991136
819600,iHvKhF7Uk30Domr8uCORsSR904QSgslMQB+G+xe7JXNjm3QvGf2+VdR5gdk1mIrg,47.94881521981146,72.03202936799788,58.882238599709616
819900,iHvKhF7Uk30Domr8uCORsSR904QSgslMQB+G+xe7JXNjm3QvGf2+VdR5gdk1mIrg,51.59403451768044,68.28154282671034,60.98638700308906
820200,iHvKhF7Uk30Domr8uCORsSR904QSgslMQB+G+xe7JXNjm3QvGf2+VdR5gdk1mIrg,44.203912858257006,76.56424340379827,59.487117750888366
820500,iHvKhF7Uk30Domr8uCORsSR904QSgslMQB+G+xe7JXNjm3QvGf2+VdR5gdk1mIrg,48.616493129074165,74.32414120930669,60.49502029790776
820800,iHvKhF7Uk30Domr8uCORsSR904QSgslMQB+G+xe7JXNjm3QvGf2+VdR5gdk1mIrg,46.2887703602785,69.30868743524884,59.57796489692673
821100,iHvKhF7Uk30Domr8uCORsSR904QSgslMQB+G+xe7JXNjm3QvGf2+VdR5gdk1mIrg,41.01807629884921,68.74181876265015,57.01846157816167
821400,iHvKhF7Uk30Domr8uCORsSR904QSgslMQB+G+xe7JXNjm3QvGf2+VdR5gdk1mIrg,30.063060761118805,72.89999318862314,59.53483426047718
821700,iHvKhF7Uk30Domr8uCORsSR904QSgslMQB+G+xe7JXNjm3QvGf2+VdR5gdk1mIrg,55.87813380619231,73.8142771489935,66.164986075412
822000,iHvKhF7Uk30Domr8uCORsSR904QSgslMQB+G+xe7JXNjm3QvGf2+VdR5gdk1mIrg,49.712194033148535,74.76826708845857,62.922032600403575
822300,iHvKhF7Uk30Domr8uCORsSR904QSgslMQB+G+xe7JXNjm3QvGf2+VdR5gdk1mIrg,44.288625231650656,76.0427008225745,63.33789786833684
822600,iHvKhF7Uk30Domr8uCORsSR904QSgslMQB+G+xe7JXNjm3QvGf2+VdR5gdk1mIrg,33.32724574349686,70.85891702747219,57.65683115654319
822900,iHvKhF7Uk30Domr8uCORsSR904QSgslMQB+G+xe7JXNjm3QvGf2+VdR5gdk1mIrg,40.27476192036024,70.99192826843954,57.27038897891813
823200,iHvKhF7Uk30Domr8uCORsSR904QSgslMQB+G+xe7JXNjm3QvGf2+VdR5gdk1mIrg,38.34409996643378,70.37783550644393,59.89340277669303
823500,iHvKhF7Uk30Domr8uCORsSR904QSgslMQB+G+xe7JXNjm3QvGf2+VdR5gdk1mIrg,47.07351178745576,67.45817951984868,56.74075220016473
823800,iHvKhF7Uk30Domr8uCORsSR904QSgslMQB+G+xe7JXNjm3QvGf2+VdR5gdk1mIrg,46.70170593657298,68.15803204828885,62.14319082785815
824100,iHvKhF7Uk30Domr8uCORsSR904QSgslMQB+G+xe7JXNjm3QvGf2+VdR5gdk1mIrg,56.9495622114377,70.55687647794915,64.3369902341033
824400,iHvKhF7Uk30Domr8uCORsSR904QSgslMQB+G+xe7JXNjm3QvGf2+VdR5gdk1mIrg,41.30508761502497,72.9007612204647,59.96357869186413
824700,iHvKhF7Uk30Domr8uCORsSR904QSgslMQB+G+xe7JXNjm3QvGf2+VdR5gdk1mIrg,50.416712638281886,74.20054523841368,63.35483086143862
825000,iHvKhF7Uk30Domr8uCORsSR904QSgslMQB+G+xe7JXNjm3QvGf2+VdR5gdk1mIrg,51.581923006620805,70.67202801624056,62.73841832612632
825300,iHvKhF7Uk30Domr8uCORsSR904QSgslMQB+G+xe7JXNjm3QvGf2+VdR5gdk1mIrg,65.80567023254854,76.83114374368354,71.53791267202264
825600,iHvKhF7Uk30Domr8uCORsSR904QSgslMQB+G+xe7JXNjm3QvGf2+VdR5gdk1mIrg,60.47890240579822,75.17435394188202,70.67357516703765
825900,iHvKhF7Uk30Domr8uCORsSR904QSgslMQB+G+xe7JXNjm3QvGf2+VdR5gdk1mIrg,59.5884229718748,74.10771074319791,68.09090421387322
826200,iHvKhF7Uk30Domr8uCORsSR904QSgslMQB+G+xe7JXNjm3QvGf2+VdR5gdk1mIrg,51.91909596491258,69.70858544169417,61.71776354181006
826500,iHvKhF7Uk30Domr8uCORsSR904QSgslMQB+G+xe7JXNjm3QvGf2+VdR5gdk1mIrg,52.40693943578764,75.77248777903715,65.52417677669725
826800,iHvKhF7Uk30Domr8uCORsSR904QSgslMQB+G+xe7JXNjm3QvGf2+VdR5gdk1mIrg,47.447804423410304,67.30532308738658,58.94703119830351
827100,iHvKhF7Uk30Domr8uCORsSR904QSgslMQB+G+xe7JXNjm3QvGf2+VdR5gdk1mIrg,43.37962339226059,74.03237683493123,58.54943410286612
827400,iHvKhF7Uk30Domr8uCORsSR904QSgslMQB+G+xe7JXNjm3QvGf2+VdR5gdk1mIrg,57.13084705816791,76.80388171806041,67.67590184905151
827700,iHvKhF7Uk30Domr8uCORsSR904QSgslMQB+G+xe7JXNjm3QvGf2+VdR5gdk1mIrg,52.71499750953844,75.06875928672076,65.45676673014938
828000,iHvKhF7Uk30Domr8uCORsSR904QSgslMQB+G+xe7JXNjm3QvGf2+VdR5gdk1mIrg,56.89774110471374,73.4617024736625,65.75621875146666
828300,iHvKhF7Uk30Domr8uCORsSR904QSgslMQB+G+xe7JXNjm3QvGf2+VdR5gdk1mIrg,54.93440921526213,70.74025692294967,62.16567052067008
828600,iHvKhF7Uk30Domr8uCORsSR904QSgslMQB+G+xe7JXNjm3QvGf2+VdR5gdk1mIrg,44.598473931544106,74.15837596579338,60.70639612035764
828900,iHvKhF7Uk30Domr8uCORsSR904QSgslMQB+G+xe7JXNjm3QvGf2+VdR5gdk1mIrg,48.03044774420423,68.71923977422581,58.5059100280972
829200,iHvKhF7Uk30Domr8uCORsSR904QSgslMQB+G+xe7JXNjm3QvGf2+VdR5gdk1mIrg,49.941656952158645,70.54638873713421,62.119433156649336
829500,iHvKhF7Uk30Domr8uCORsSR904QSgslMQB+G+xe7JXNjm3QvGf2+VdR5gdk1mIrg,54.06353346504413,77.46227793196883,69.16050267153949
829800,iHvKhF7Uk30Domr8uCORsSR904QSgslMQB+G+xe7JXNjm3QvGf2+VdR5gdk1mIrg,61.85501093298719,75.85537137595657,70.01629752979252
830100,iHvKhF7Uk30Domr8uCORsSR904QSgslMQB+G+xe7JXNjm3QvGf2+VdR5gdk1mIrg,55.382275808140726,74.06900525926233,64.14086478027129
830400,iHvKhF7Uk30Domr8uCORsSR904QSgslMQB+G+xe7JXNjm3QvGf2+VdR5gdk1mIrg,56.10430984258824,75.1354912955659,66.75566491196439
830700,iHvKhF7Uk30Domr8uCORsSR904QSgslMQB+G+xe7JXNjm3QvGf2+VdR5gdk1mIrg,52.74146963644717,72.08220882499445,61.57568960357988
831000,iHvKhF7Uk30Domr8uCORsSR904QSgslMQB+G+xe7JXNjm3QvGf2+VdR5gdk1mIrg,44.24828768230466,68.34342251061281,59.5261806592964
831300,iHvKhF7Uk30Domr8uCORsSR904QSgslMQB+G+xe7JXNjm3QvGf2+VdR5gdk1mIrg,38.73387089795604,75.80102021167731,63.61146132800478
831600,iHvKhF7Uk30Domr8uCORsSR904QSgslMQB+G+xe7JXNjm3QvGf2+VdR5gdk1mIrg,48.42830755824443,77.9829497287578,59.96819452442528
831900,iHvKhF7Uk30Domr8uCORsSR904QSgslMQB+G+xe7JXNjm3QvGf2+VdR5gdk1mIrg,53.58434636177978,75.07839088658554,62.968644708709206
832200,iHvKhF7Uk30Domr8uCORsSR904QSgslMQB+G+xe7JXNjm3QvGf2+VdR5gdk1mIrg,56.57184247598696,69.98328223649155,63.589902999520966
832500,iHvKhF7Uk30Domr8uCORsSR904QSgslMQB+G+xe7JXNjm3QvGf2+VdR5gdk1mIrg,56.13194069469923,76.613426829329,66.10266421389842
832800,iHvKhF7Uk30Domr8uCORsSR904QSgslMQB+G+xe7JXNjm3QvGf2+VdR5gdk1mIrg,46.896395321875566,78.0732259041372,62.80602617414337
833100,iHvKhF7Uk30Domr8uCORsSR904QSgslMQB+G+xe7JXNjm3QvGf2+VdR5gdk1mIrg,45.543685486208496,64.66581254403098,58.44479588715635
833400,iHvKhF7Uk30Domr8uCORsSR904QSgslMQB+G+xe7JXNjm3QvGf2+VdR5gdk1mIrg,49.53577554808405,76.30009206504083,61.87228302662155
833700,iHvKhF7Uk30Domr8uCORsSR904QSgslMQB+G+xe7JXNjm3QvGf2+VdR5gdk1mIrg,58.139662899805145,69.90448945540871,63.61321614779159
834000,iHvKhF7Uk30Domr8uCORsSR904QSgslMQB+G+xe7JXNjm3QvGf2+VdR5gdk1mIrg,52.1025529487739,75.62815116282752,69.84612179531271
834300,iHvKhF7Uk30Domr8uCORsSR904QSgslMQB+G+xe7JXNjm3QvGf2+VdR5gdk1mIrg,50.178163315705525,72.00646277190224,59.7392274031687
834600,iHvKhF7Uk30Domr8uCORsSR904QSgslMQB+G+xe7JXNjm3QvGf2+VdR5gdk1mIrg,54.95460355737244,75.53116110384947,64.15566972921081
834900,iHvKhF7Uk30Domr8uCORsSR904QSgslMQB+G+xe7JXNjm3QvGf2+VdR5gdk1mIrg,47.91364476158973,77.3188611727834,65.47749381458057
835200,iHvKhF7Uk30Domr8uCORsSR904QSgslMQB+G+xe7JXNjm3QvGf2+VdR5gdk1mIrg,48.76135267182545,75.8909577759825,65.43570584622394
835500,iHvKhF7Uk30Domr8uCORsSR904QSgslMQB+G+xe7JXNjm3QvGf2+VdR5gdk1mIrg,57.33014172548957,73.68465142138622,69.70533993894398
835800,iHvKhF7Uk30Domr8uCORsSR904QSgslMQB+G+xe7JXNjm3QvGf2+VdR5gdk1mIrg,53.15580100760224,73.5914841521348,67.77922915732555
836100,iHvKhF7Uk30Domr8uCORsSR904QSgslMQB+G+xe7JXNjm3QvGf2+VdR5gdk1mIrg,59.13904371283442,76.55978892749904,66.4529532340931
836400,iHvKhF7Uk30Domr8uCORsSR904QSgslMQB+G+xe7JXNjm3QvGf2+VdR5gdk1mIrg,48.97332257666399,73.44178823813594,61.38857527278403
836700,iHvKhF7Uk30Domr8uCORsSR904QSgslMQB+G+xe7JXNjm3QvGf2+VdR5gdk1mIrg,53.38455430675906,75.99549538019504,64.46849217062699
837000,iHvKhF7Uk30Domr8uCORsSR904QSgslMQB+G+xe7JXNjm3QvGf2+VdR5gdk1mIrg,44.086365279422246,74.8937879976068,64.05463447862626
837300,iHvKhF7Uk30Domr8uCORsSR904QSgslMQB+G+xe7JXNjm3QvGf2+VdR5gdk1mIrg,34.81683909230672,73.4720355828723,55.3811352671067
837600,iHvKhF7Uk30Domr8uCORsSR904QSgslMQB+G+xe7JXNjm3QvGf2+VdR5gdk1mIrg,48.80797511974648,69.8661350541254,61.07422372745499
837900,iHvKhF7Uk30Domr8uCORsSR904QSgslMQB+G+xe7JXNjm3QvGf2+VdR5gdk1mIrg,44.24990910008815,73.78550701820633,61.603489516277
838200,iHvKhF7Uk30Domr8uCORsSR904QSgslMQB+G+xe7JXNjm3QvGf2+VdR5gdk1mIrg,40.53959143049848,77.17981330663491,65.6544636512028
838500,iHvKhF7Uk30Domr8uCORsSR904QSgslMQB+G+xe7JXNjm3QvGf2+VdR5gdk1mIrg,38.04528051273528,71.04817771969148,57.32567240611884
838800,iHvKhF7Uk30Domr8uCORsSR904QSgslMQB+G+xe7JXNjm3QvGf2+VdR5gdk1mIrg,53.45939304467979,72.21854442527331,58.04682950640502
839100,iHvKhF7Uk30Domr8uCORsSR904QSgslMQB+G+xe7JXNjm3QvGf2+VdR5gdk1mIrg,34.03568177534907,76.28474813464616,61.23399025855597
839400,iHvKhF7Uk30Domr8uCORsSR904QSgslMQB+G+xe7JXNjm3QvGf2+VdR5gdk1mIrg,44.43730310674155,78.09766686806846,71.77404922116978
839700,iHvKhF7Uk30Domr8uCORsSR904QSgslMQB+G+xe7JXNjm3QvGf2+VdR5gdk1mIrg,49.73954551352336,67.33307775597639,57.85239203011278
840000,iHvKhF7Uk30Domr8uCORsSR904QSgslMQB+G+xe7JXNjm3QvGf2+VdR5gdk1mIrg,47.96070323724148,71.93088757603047,60.54698116195124
840300,iHvKhF7Uk30Domr8uCORsSR904QSgslMQB+G+xe7JXNjm3QvGf2+VdR5gdk1mIrg,57.847414215972606,74.46137359417298,65.9860244638225
840600,iHvKhF7Uk30Domr8uCORsSR904QSgslMQB+G+xe7JXNjm3QvGf2+VdR5gdk1mIrg,53.3081461525868,77.05939667482808,63.68520385022424
840900,iHvKhF7Uk30Domr8uCORsSR904QSgslMQB+G+xe7JXNjm3QvGf2+VdR5gdk1mIrg,52.0195106321777,71.5842510662117,63.05311425525471
841200,iHvKhF7Uk30Domr8uCORsSR904QSgslMQB+G+xe7JXNjm3QvGf2+VdR5gdk1mIrg,49.45747135301213,68.96980017456151,61.14939608538216
841500,iHvKhF7Uk30Domr8uCORsSR904QSgslMQB+G+xe7JXNjm3QvGf2+VdR5gdk1mIrg,45.50043162628683,78.07580693936502,64.02445280657466
841800,iHvKhF7Uk30Domr8uCORsSR904QSgslMQB+G+xe7JXNjm3QvGf2+VdR5gdk1mIrg,42.914494200018495,70.86985413922764,59.606923718825456
842100,iHvKhF7Uk30Domr8uCORsSR904QSgslMQB+G+xe7JXNjm3QvGf2+VdR5gdk1mIrg,38.174893392256976,70.36713127093806,58.59993153688991
842400,iHvKhF7Uk30Domr8uCORsSR904QSgslMQB+G+xe7JXNjm3QvGf2+VdR5gdk1mIrg,50.01669652779756,68.88593062349689,61.506421325094315
842700,iHvKhF7Uk30Domr8uCORsSR904QSgslMQB+G+xe7JXNjm3QvGf2+VdR5gdk1mIrg,47.62135788643674,74.25631338889401,59.23979794834334
843000,iHvKhF7Uk30Domr8uCORsSR904QSgslMQB+G+xe7JXNjm3QvGf2+VdR5gdk1mIrg,46.909119766979565,70.89151951199439,59.24664060240882
843300,iHvKhF7Uk30Domr8uCORsSR904QSgslMQB+G+xe7JXNjm3QvGf2+VdR5gdk1mIrg,37.74007237254526,72.20051838337513,59.03974585098788
843600,iHvKhF7Uk30Domr8uCORsSR904QSgslMQB+G+xe7JXNjm3QvGf2+VdR5gdk1mIrg,53.87817528137132,72.73970305539437,62.86035181830957
843900,iHvKhF7Uk30Domr8uCORsSR904QSgslMQB+G+xe7JXNjm3QvGf2+VdR5gdk1mIrg,44.5908952122154,70.36310382375756,59.5731915737412
844200,iHvKhF7Uk30Domr8uCORsSR904QSgslMQB+G+xe7JXNjm3QvGf2+VdR5gdk1mIrg,46.00352699110217,73.3061330952443,58.068388879997855
844500,iHvKhF7Uk30Domr8uCORsSR904QSgslMQB+G+xe7JXNjm3QvGf2+VdR5gdk1mIrg,46.48891983652437,69.61742011347071,61.31853608796193
844800,iHvKhF7Uk30Domr8uCORsSR904QSgslMQB+G+xe7JXNjm3QvGf2+VdR5gdk1mIrg,48.579350517362734,72.16637458024874,62.84082345787351
845100,iHvKhF7Uk30Domr8uCORsSR904QSgslMQB+G+xe7JXNjm3QvGf2+VdR5gdk1mIrg,40.87139704743657,72.48923847121705,58.69139679097479
845400,iHvKhF7Uk30Domr8uCORsSR904QSgslMQB+G+xe7JXNjm3QvGf2+VdR5gdk1mIrg,48.20743153344015,73.34482217619603,61.1904297301608
845700,iHvKhF7Uk30Domr8uCORsSR904QSgslMQB+G+xe7JXNjm3QvGf2+VdR5gdk1mIrg,38.7440571298538,70.5434291354539,57.8545828176533
846000,iHvKhF7Uk30Domr8uCORsSR904QSgslMQB+G+xe7JXNjm3QvGf2+VdR5gdk1mIrg,52.602093714851165,76.09884307578281,65.65121740716795
846300,iHvKhF7Uk30Domr8uCORsSR904QSgslMQB+G+xe7JXNjm3QvGf2+VdR5gdk1mIrg,50.39216968033284,76.50595502019536,61.458553719876335
846600,iHvKhF7Uk30Domr8uCORsSR904QSgslMQB+G+xe7JXNjm3QvGf2+VdR5gdk1mIrg,59.92694215156159,77.854948118213,68.25061331495164
846900,iHvKhF7Uk30Domr8uCORsSR904QSgslMQB+G+xe7JXNjm3QvGf2+VdR5gdk1mIrg,49.98252499715445,75.74730931365445,66.73943911004952
847200,iHvKhF7Uk30Domr8uCORsSR904QSgslMQB+G+xe7JXNjm3QvGf2+VdR5gdk1mIrg,58.97224072938327,74.1389388170304,65.93517176502979
847500,iHvKhF7Uk30Domr8uCORsSR904QSgslMQB+G+xe7JXNjm3QvGf2+VdR5gdk1mIrg,49.05832172836718,68.57587078620942,60.88841259259616
847800,iHvKhF7Uk30Domr8uCORsSR904QSgslMQB+G+xe7JXNjm3QvGf2+VdR5gdk1mIrg,42.80201912655118,70.43356725790804,59.05392643152817
848100,iHvKhF7Uk30Domr8uCORsSR904QSgslMQB+G+xe7JXNjm3QvGf2+VdR5gdk1mIrg,44.697774694060726,73.97096554804723,58.27248913779922
848400,iHvKhF7Uk30Domr8uCORsSR904QSgslMQB+G+xe7JXNjm3QvGf2+VdR5gdk1mIrg,48.425152359361455,68.70596564483725,60.55912410148672
848700,iHvKhF7Uk30Domr8uCORsSR904QSgslMQB+G+xe7JXNjm3QvGf2+VdR5gdk1mIrg,57.04549431221335,79.4563375399868,67.36411961093286
849000,iHvKhF7Uk30Domr8uCORsSR904QSgslMQB+G+xe7JXNjm3QvGf2+VdR5gdk1mIrg,35.36807437896826,74.11092289656118,57.93553068922288
849300,iHvKhF7Uk30Domr8uCORsSR904QSgslMQB+G+xe7JXNjm3QvGf2+VdR5gdk1mIrg,62.89567343381863,79.28369561274438,71.69895848264035
849600,iHvKhF7Uk30Domr8uCORsSR904QSgslMQB+G+xe7JXNjm3QvGf2+VdR5gdk1mIrg,40.33919701595544,78.6771311134993,65.38357383280716
849900,iHvKhF7Uk30Domr8uCORsSR904QSgslMQB+G+xe7JXNjm3QvGf2+VdR5gdk1mIrg,38.956105882350194,73.56886249640179,63.25104938005031
850200,iHvKhF7Uk30Domr8uCORsSR904QSgslMQB+G+xe7JXNjm3QvGf2+VdR5gdk1mIrg,47.76731921508585,70.55903584574197,60.487455719640394
850500,iHvKhF7Uk30Domr8uCORsSR904QSgslMQB+G+xe7JXNjm3QvGf2+VdR5gdk1mIrg,53.1368665257402,72.24174314710538,61.74697733781609
850800,iHvKhF7Uk30Domr8uCORsSR904QSgslMQB+G+xe7JXNjm3QvGf2+VdR5gdk1mIrg,47.303194536926505,70.52705286325501,60.066162456280026
851100,iHvKhF7Uk30Domr8uCORsSR904QSgslMQB+G+xe7JXNjm3QvGf2+VdR5gdk1mIrg,42.36798632694556,67.2041515019066,54.8097521057228
851400,iHvKhF7Uk30Domr8uCORsSR904QSgslMQB+G+xe7JXNjm3QvGf2+VdR5gdk1mIrg,32.51683240615743,75.62854449320926,59.379060325684144
851700,iHvKhF7Uk30Domr8uCORsSR904QSgslMQB+G+xe7JXNjm3QvGf2+VdR5gdk1mIrg,28.701340304450145,74.9691762872048,61.08675806860352
852000,iHvKhF7Uk30Domr8uCORsSR904QSgslMQB+G+xe7JXNjm3QvGf2+VdR5gdk1mIrg,38.48533408576639,66.36131790001346,56.75930890610132
852300,iHvKhF7Uk30Domr8uCORsSR904QSgslMQB+G+xe7JXNjm3QvGf2+VdR5gdk1mIrg,49.7590393027068,65.01125164876754,57.733690763153206
852600,iHvKhF7Uk30Domr8uCORsSR904QSgslMQB+G+xe7JXNjm3QvGf2+VdR5gdk1mIrg,45.65475339635484,75.5074355975179,60.78577123238354
852900,iHvKhF7Uk30Domr8uCORsSR904QSgslMQB+G+xe7JXNjm3QvGf2+VdR5gdk1mIrg,33.80229293450175,72.5452932412563,58.308974967228245
853200,iHvKhF7Uk30Domr8uCORsSR904QSgslMQB+G+xe7JXNjm3QvGf2+VdR5gdk1mIrg,51.69315679037511,70.73070972581935,62.8327583544241
853500,iHvKhF7Uk30Domr8uCORsSR904QSgslMQB+G+xe7JXNjm3QvGf2+VdR5gdk1mIrg,27.99473092026858,78.1828123625566,58.92003824952613
853800,iHvKhF7Uk30Domr8uCORsSR904QSgslMQB+G+xe7JXNjm3QvGf2+VdR5gdk1mIrg,49.570164081375445,73.12904775220461,62.016268546797406
854100,iHvKhF7Uk30Domr8uCORsSR904QSgslMQB+G+xe7JXNjm3QvGf2+VdR5gdk1mIrg,34.49282484711056,74.01176939462654,57.92204825526789
854400,iHvKhF7Uk30Domr8uCORsSR904QSgslMQB+G+xe7JXNjm3QvGf2+VdR5gdk1mIrg,55.48985017469639,75.80218543836051,65.76591402531002
854700,iHvKhF7Uk30Domr8uCORsSR904QSgslMQB+G+xe7JXNjm3QvGf2+VdR5gdk1mIrg,29.562692770640567,76.41526026743443,55.887214961058554
855000,iHvKhF7Uk30Domr8uCORsSR904QSgslMQB+G+xe7JXNjm3QvGf2+VdR5gdk1mIrg,42.32326235376513,74.34293894798763,68.34211537348241
855300,iHvKhF7Uk30Domr8uCORsSR904QSgslMQB+G+xe7JXNjm3QvGf2+VdR5gdk1mIrg,57.597177753779526,78.91655557560881,71.32249206346346
855600,iHvKhF7Uk30Domr8uCORsSR904QSgslMQB+G+xe7JXNjm3QvGf2+VdR5gdk1mIrg,51.71798789359253,71.77416046666406,62.78322392303985
855900,iHvKhF7Uk30Domr8uCORsSR904QSgslMQB+G+xe7JXNjm3QvGf2+VdR5gdk1mIrg,59.03196214806553,69.41528866701756,63.378699618280635
856200,iHvKhF7Uk30Domr8uCORsSR904QSgslMQB+G+xe7JXNjm3QvGf2+VdR5gdk1mIrg,56.60246124591568,75.58188812567552,66.166344463522
856500,iHvKhF7Uk30Domr8uCORsSR904QSgslMQB+G+xe7JXNjm3QvGf2+VdR5gdk1mIrg,55.033113552934765,71.73078399800367,62.98543728141392
856800,iHvKhF7Uk30Domr8uCORsSR904QSgslMQB+G+xe7JXNjm3QvGf2+VdR5gdk1mIrg,50.88261700671424,75.00000250014905,62.914566467995975
857100,iHvKhF7Uk30Domr8uCORsSR904QSgslMQB+G+xe7JXNjm3QvGf2+VdR5gdk1mIrg,50.8557010613924,79.73506745159101,68.56671912869328
857400,iHvKhF7Uk30Domr8uCORsSR904QSgslMQB+G+xe7JXNjm3QvGf2+VdR5gdk1mIrg,67.69261281434896,77.59035610059038,73.05800716360501
857700,iHvKhF7Uk30Domr8uCORsSR904QSgslMQB+G+xe7JXNjm3QvGf2+VdR5gdk1mIrg,57.85533694140664,72.92036187150373,64.9048856010848
858000,iHvKhF7Uk30Domr8uCORsSR904QSgslMQB+G+xe7JXNjm3QvGf2+VdR5gdk1mIrg,50.69752938351003,73.43634113745523,64.68864352938444
858300,iHvKhF7Uk30Domr8uCORsSR904QSgslMQB+G+xe7JXNjm3QvGf2+VdR5gdk1mIrg,47.23421842414034,78.04275112621353,64.40351777839594
858600,iHvKhF7Uk30Domr8uCORsSR904QSgslMQB+G+xe7JXNjm3QvGf2+VdR5gdk1mIrg,33.90326880132351,70.97964587747003,57.34551219418351
858900,iHvKhF7Uk30Domr8uCORsSR904QSgslMQB+G+xe7JXNjm3QvGf2+VdR5gdk1mIrg,48.52361713830282,67.13828225864583,59.17038000967278
859200,iHvKhF7Uk30Domr8uCORsSR904QSgslMQB+G+xe7JXNjm3QvGf2+VdR5gdk1mIrg,39.24425360246863,68.82197233600293,55.737838975029355
859500,iHvKhF7Uk30Domr8uCORsSR904QSgslMQB+G+xe7JXNjm3QvGf2+VdR5gdk1mIrg,43.05308832978001,68.8094497511932,58.03201143221
859800,iHvKhF7Uk30Domr8uCORsSR904QSgslMQB+G+xe7JXNjm3QvGf2+VdR5gdk1mIrg,54.19219772622077,69.46472443585277,62.99748621908461
860100,iHvKhF7Uk30Domr8uCORsSR904QSgslMQB+G+xe7JXNjm3QvGf2+VdR5gdk1mIrg,25.34198733517777,76.44306096894115,58.7741051386274
860400,iHvKhF7Uk30Domr8uCORsSR904QSgslMQB+G+xe7JXNjm3QvGf2+VdR5gdk1mIrg,63.62509909475115,83.32439500614637,70.22893205558265
860700,iHvKhF7Uk30Domr8uCORsSR904QSgslMQB+G+xe7JXNjm3QvGf2+VdR5gdk1mIrg,48.63472930093904,75.52355342714797,63.4603411656823
861000,iHvKhF7Uk30Domr8uCORsSR904QSgslMQB+G+xe7JXNjm3QvGf2+VdR5gdk1mIrg,56.40931253392646,73.13546334664449,66.8447039734918
861300,iHvKhF7Uk30Domr8uCORsSR904QSgslMQB+G+xe7JXNjm3QvGf2+VdR5gdk1mIrg,60.3527020046197,71.08719085204515,66.76241969559264
861600,iHvKhF7Uk30Domr8uCORsSR904QSgslMQB+G+xe7JXNjm3QvGf2+VdR5gdk1mIrg,55.548930735650046,73.98675219426526,64.56289917023933
861900,iHvKhF7Uk30Domr8uCORsSR904QSgslMQB+G+xe7JXNjm3QvGf2+VdR5gdk1mIrg,40.69323382044036,69.9904912138422,60.67530538890416
862200,iHvKhF7Uk30Domr8uCORsSR904QSgslMQB+G+xe7JXNjm3QvGf2+VdR5gdk1mIrg,35.54543110175085,78.78605012297044,66.70850464496594
862500,iHvKhF7Uk30Domr8uCORsSR904QSgslMQB+G+xe7JXNjm3QvGf2+VdR5gdk1mIrg,55.46950933747278,73.30447312174172,67.85662025708214
862800,iHvKhF7Uk30Domr8uCORsSR904QSgslMQB+G+xe7JXNjm3QvGf2+VdR5gdk1mIrg,60.63779376283661,80.91419103653212,70.15367940666202
863100,iHvKhF7Uk30Domr8uCORsSR904QSgslMQB+G+xe7JXNjm3QvGf2+VdR5gdk1mIrg,45.562844160350544,71.43296855748967,62.3733947359263
863400,iHvKhF7Uk30Domr8uCORsSR904QSgslMQB+G+xe7JXNjm3QvGf2+VdR5gdk1mIrg,51.06098131619896,75.44532124646035,63.22420644273108
863700,iHvKhF7Uk30Domr8uCORsSR904QSgslMQB+G+xe7JXNjm3QvGf2+VdR5gdk1mIrg,46.10878622806749,73.07421317923155,60.41447953821044
864000,iHvKhF7Uk30Domr8uCORsSR904QSgslMQB+G+xe7JXNjm3QvGf2+VdR5gdk1mIrg,38.13808404425469,71.80841487093498,63.08617476821005
864300,iHvKhF7Uk30Domr8uCORsSR904QSgslMQB+G+xe7JXNjm3QvGf2+VdR5gdk1mIrg,34.9280357849774,74.10635362216738,61.04948424863224
864600,iHvKhF7Uk30Domr8uCORsSR904QSgslMQB+G+xe7JXNjm3QvGf2+VdR5gdk1mIrg,64.23199683352843,73.57068650735016,68.90466324336003
864900,iHvKhF7Uk30Domr8uCORsSR904QSgslMQB+G+xe7JXNjm3QvGf2+VdR5gdk1mIrg,63.17810857752794,78.362636059409,69.4702850554164
865200,iHvKhF7Uk30Domr8uCORsSR904QSgslMQB+G+xe7JXNjm3QvGf2+VdR5gdk1mIrg,63.32386989131332,78.39029874823214,70.85071509290619
865500,iHvKhF7Uk30Domr8uCORsSR904QSgslMQB+G+xe7JXNjm3QvGf2+VdR5gdk1mIrg,48.594844786436,75.72344091680834,67.46064959890143
865800,iHvKhF7Uk30Domr8uCORsSR904QSgslMQB+G+xe7JXNjm3QvGf2+VdR5gdk1mIrg,63.01239621491612,74.67535417250454,69.67581250202481
866100,iHvKhF7Uk30Domr8uCORsSR904QSgslMQB+G+xe7JXNjm3QvGf2+VdR5gdk1mIrg,58.852250027612655,75.02226328005543,68.30792905829617
866400,iHvKhF7Uk30Domr8uCORsSR904QSgslMQB+G+xe7JXNjm3QvGf2+VdR5gdk1mIrg,46.40743322705897,73.0856125711734,63.335313193139406
866700,iHvKhF7Uk30Domr8uCORsSR904QSgslMQB+G+xe7JXNjm3QvGf2+VdR5gdk1mIrg,48.620754740104665,74.7391000407807,61.83346743524866
867000,iHvKhF7Uk30Domr8uCORsSR904QSgslMQB+G+xe7JXNjm3QvGf2+VdR5gdk1mIrg,52.55716967417544,79.2582758205817,70.55857356843448
867300,iHvKhF7Uk30Domr8uCORsSR904QSgslMQB+G+xe7JXNjm3QvGf2+VdR5gdk1mIrg,36.94539785154452,72.84213833759742,58.07444649729026
867600,iHvKhF7Uk30Domr8uCORsSR904QSgslMQB+G+xe7JXNjm3QvGf2+VdR5gdk1mIrg,41.41871127679591,71.61247458894084,56.360534391266405
867900,iHvKhF7Uk30Domr8uCORsSR904QSgslMQB+G+xe7JXNjm3QvGf2+VdR5gdk1mIrg,40.96884492300029,68.37148379079518,57.93364851492432
868200,iHvKhF7Uk30Domr8uCORsSR904QSgslMQB+G+xe7JXNjm3QvGf2+VdR5gdk1mIrg,42.330645965017176,68.73291517833458,58.440061134323706
868500,iHvKhF7Uk30Domr8uCORsSR904QSgslMQB+G+xe7JXNjm3QvGf2+VdR5gdk1mIrg,46.45561552384454,74.79744238541683,61.61911267558346
868800,iHvKhF7Uk30Domr8uCORsSR904QSgslMQB+G+xe7JXNjm3QvGf2+VdR5gdk1mIrg,39.59773410885055,72.58897911313156,56.37888729860104
869100,iHvKhF7Uk30Domr8uCORsSR904QSgslMQB+G+xe7JXNjm3QvGf2+VdR5gdk1mIrg,41.83329815531345,67.31255957831756,58.33841416462046
869400,iHvKhF7Uk30Domr8uCORsSR904QSgslMQB+G+xe7JXNjm3QvGf2+VdR5gdk1mIrg,50.65188954607308,70.22776633390426,62.15947187571524
869700,iHvKhF7Uk30Domr8uCORsSR904QSgslMQB+G+xe7JXNjm3QvGf2+VdR5gdk1mIrg,41.34239226626764,71.97390289083165,58.06132161536341
870000,iHvKhF7Uk30Domr8uCORsSR904QSgslMQB+G+xe7JXNjm3QvGf2+VdR5gdk1mIrg,54.82306579059758,74.57760263070875,64.57702310031726
870300,iHvKhF7Uk30Domr8uCORsSR904QSgslMQB+G+xe7JXNjm3QvGf2+VdR5gdk1mIrg,30.356783594677623,72.45859792059552,58.7547783026378
870600,iHvKhF7Uk30Domr8uCORsSR904QSgslMQB+G+xe7JXNjm3QvGf2+VdR5gdk1mIrg,33.915576769606474,68.86173466910084,56.10948758915956
870900,iHvKhF7Uk30Domr8uCORsSR904QSgslMQB+G+xe7JXNjm3QvGf2+VdR5gdk1mIrg,40.33789973140453,67.22689608846072,57.19344985006571
871200,iHvKhF7Uk30Domr8uCORsSR904QSgslMQB+G+xe7JXNjm3QvGf2+VdR5gdk1mIrg,54.47166903870775,72.55411270934296,60.559266828479686
871500,iHvKhF7Uk30Domr8uCORsSR904QSgslMQB+G+xe7JXNjm3QvGf2+VdR5gdk1mIrg,49.46303344892138,67.51856590995502,60.0981443517828
871800,iHvKhF7Uk30Domr8uCORsSR904QSgslMQB+G+xe7JXNjm3QvGf2+VdR5gdk1mIrg,34.886707129446066,70.0014613908811,59.23034218633928
872100,iHvKhF7Uk30Domr8uCORsSR904QSgslMQB+G+xe7JXNjm3QvGf2+VdR5gdk1mIrg,34.45109838992856,73.33992762692725,58.930609539592616
872400,iHvKhF7Uk30Domr8uCORsSR904QSgslMQB+G+xe7JXNjm3QvGf2+VdR5gdk1mIrg,42.13853498718564,73.48223067758211,57.54036732695174
872700,iHvKhF7Uk30Domr8uCORsSR904QSgslMQB+G+xe7JXNjm3QvGf2+VdR5gdk1mIrg,47.81417495869197,69.54512077712025,61.42371038500598
873000,iHvKhF7Uk30Domr8uCORsSR904QSgslMQB+G+xe7JXNjm3QvGf2+VdR5gdk1mIrg,45.51920919326294,68.56094017699198,58.054065846097046
873300,iHvKhF7Uk30Domr8uCORsSR904QSgslMQB+G+xe7JXNjm3QvGf2+VdR5gdk1mIrg,47.73199271730724,72.64898099691153,64.03293256617634
873600,iHvKhF7Uk30Domr8uCORsSR904QSgslMQB+G+xe7JXNjm3QvGf2+VdR5gdk1mIrg,41.831193232030174,72.60341113096109,61.71063548965415
873900,iHvKhF7Uk30Domr8uCORsSR904QSgslMQB+G+xe7JXNjm3QvGf2+VdR5gdk1mIrg,34.86419524622366,71.09140691990336,57.47441243867129
874200,iHvKhF7Uk30Domr8uCORsSR904QSgslMQB+G+xe7JXNjm3QvGf2+VdR5gdk1mIrg,52.1535634120101,74.66961118901521,64.05029295590724
874500,iHvKhF7Uk30Domr8uCORsSR904QSgslMQB+G+xe7JXNjm3QvGf2+VdR5gdk1mIrg,33.97674085459917,71.79034107469518,57.85387503186817
874800,iHvKhF7Uk30Domr8uCORsSR904QSgslMQB+G+xe7JXNjm3QvGf2+VdR5gdk1mIrg,55.84553512398691,70.59114367446443,63.386232819224304
875100,iHvKhF7Uk30Domr8uCORsSR904QSgslMQB+G+xe7JXNjm3QvGf2+VdR5gdk1mIrg,59.49691972411609,71.34014508361646,64.82691176604087
875400,iHvKhF7Uk30Domr8uCORsSR904QSgslMQB+G+xe7JXNjm3QvGf2+VdR5gdk1mIrg,61.61013549954739,76.10069400471987,67.05873786009812
875700,iHvKhF7Uk30Domr8uCORsSR904QSgslMQB+G+xe7JXNjm3QvGf2+VdR5gdk1mIrg,57.1755706497268,75.21379433780653,65.51816969023422
876000,iHvKhF7Uk30Domr8uCORsSR904QSgslMQB+G+xe7JXNjm3QvGf2+VdR5gdk1mIrg,56.7813815769741,70.19120996979544,63.37339302102291
876300,iHvKhF7Uk30Domr8uCORsSR904QSgslMQB+G+xe7JXNjm3QvGf2+VdR5gdk1mIrg,57.74694660281846,71.80406978005536,63.578500211509514
876600,iHvKhF7Uk30Domr8uCORsSR904QSgslMQB+G+xe7JXNjm3QvGf2+VdR5gdk1mIrg,37.15019101266975,68.60913348339872,60.011930256974736
876900,iHvKhF7Uk30Domr8uCORsSR904QSgslMQB+G+xe7JXNjm3QvGf2+VdR5gdk1mIrg,37.916129866278816,71.80299940978072,59.805711664409706
877200,iHvKhF7Uk30Domr8uCORsSR904QSgslMQB+G+xe7JXNjm3QvGf2+VdR5gdk1mIrg,50.34317393050351,70.16741266650675,61.18024754104034
877500,iHvKhF7Uk30Domr8uCORsSR904QSgslMQB+G+xe7JXNjm3QvGf2+VdR5gdk1mIrg,46.048270541832075,72.79438135562928,63.570581469470085
877800,iHvKhF7Uk30Domr8uCORsSR904QSgslMQB+G+xe7JXNjm3QvGf2+VdR5gdk1mIrg,42.03675467751086,74.4569554410551,58.05032702285148
878100,iHvKhF7Uk30Domr8uCORsSR904QSgslMQB+G+xe7JXNjm3QvGf2+VdR5gdk1mIrg,47.48738661456692,76.20301212660813,67.22297644625132
878400,iHvKhF7Uk30Domr8uCORsSR904QSgslMQB+G+xe7JXNjm3QvGf2+VdR5gdk1mIrg,56.13051002370696,74.12014971208558,65.31280183966157
878700,iHvKhF7Uk30Domr8uCORsSR904QSgslMQB+G+xe7JXNjm3QvGf2+VdR5gdk1mIrg,53.368937783945995,67.18705485514916,61.651997954018086
879000,iHvKhF7Uk30Domr8uCORsSR904QSgslMQB+G+xe7JXNjm3QvGf2+VdR5gdk1mIrg,55.93412053802465,71.67853498760071,63.227245608163926
879300,iHvKhF7Uk30Domr8uCORsSR904QSgslMQB+G+xe7JXNjm3QvGf2+VdR5gdk1mIrg,45.54450632710888,67.35944016140914,58.67624260501302
879600,iHvKhF7Uk30Domr8uCORsSR904QSgslMQB+G+xe7JXNjm3QvGf2+VdR5gdk1mIrg,51.5248691673858,71.67809695729423,62.083840848493104
879900,iHvKhF7Uk30Domr8uCORsSR904QSgslMQB+G+xe7JXNjm3QvGf2+VdR5gdk1mIrg,50.64281946657872,71.29708022531767,60.2168151518857
880200,iHvKhF7Uk30Domr8uCORsSR904QSgslMQB+G+xe7JXNjm3QvGf2+VdR5gdk1mIrg,50.05093028872959,70.63239894898281,60.16798124824002
880500,iHvKhF7Uk30Domr8uCORsSR904QSgslMQB+G+xe7JXNjm3QvGf2+VdR5gdk1mIrg,50.58564001300693,66.26851283642682,60.77026119460505
880800,iHvKhF7Uk30Domr8uCORsSR904QSgslMQB+G+xe7JXNjm3QvGf2+VdR5gdk1mIrg,34.37699099141412,74.07128464641323,59.57177261346792
881100,iHvKhF7Uk30Domr8uCORsSR904QSgslMQB+G+xe7JXNjm3QvGf2+VdR5gdk1mIrg,44.49562551707161,67.90407283792753,58.13922727405791
881400,iHvKhF7Uk30Domr8uCORsSR904QSgslMQB+G+xe7JXNjm3QvGf2+VdR5gdk1mIrg,37.92143854144744,69.70869319214319,56.16972064757217
881700,iHvKhF7Uk30Domr8uCORsSR904QSgslMQB+G+xe7JXNjm3QvGf2+VdR5gdk1mIrg,45.42661262462402,68.78329958687287,59.04898254940783
882000,iHvKhF7Uk30Domr8uCORsSR904QSgslMQB+G+xe7JXNjm3QvGf2+VdR5gdk1mIrg,45.80092020107437,71.39494775896725,62.919085169396055
882300,iHvKhF7Uk30Domr8uCORsSR904QSgslMQB+G+xe7JXNjm3QvGf2+VdR5gdk1mIrg,51.92724320900866,70.49519523135062,60.843791287020416
882600,iHvKhF7Uk30Domr8uCORsSR904QSgslMQB+G+xe7JXNjm3QvGf2+VdR5gdk1mIrg,44.24672843474914,66.14420399718689,59.4957500755888
882900,iHvKhF7Uk30Domr8uCORsSR904QSgslMQB+G+xe7JXNjm3QvGf2+VdR5gdk1mIrg,47.80918740718316,72.74895248862582,59.8701198009589
883200,iHvKhF7Uk30Domr8uCORsSR904QSgslMQB+G+xe7JXNjm3QvGf2+VdR5gdk1mIrg,45.190711101833685,75.51610562753571,65.49262261605178
883500,iHvKhF7Uk30Domr8uCORsSR904QSgslMQB+G+xe7JXNjm3QvGf2+VdR5gdk1mIrg,55.27128449411721,72.40781874870433,64.3044831743718
883800,iHvKhF7Uk30Domr8uCORsSR904QSgslMQB+G+xe7JXNjm3QvGf2+VdR5gdk1mIrg,48.13096160822988,74.89310496729632,64.27324719458838
884100,iHvKhF7Uk30Domr8uCORsSR904QSgslMQB+G+xe7JXNjm3QvGf2+VdR5gdk1mIrg,62.008972430176485,75.96079530507075,69.75698511921779
884400,iHvKhF7Uk30Domr8uCORsSR904QSgslMQB+G+xe7JXNjm3QvGf2+VdR5gdk1mIrg,56.98206686946098,75.19942333477634,66.15113663419507
884700,iHvKhF7Uk30Domr8uCORsSR904QSgslMQB+G+xe7JXNjm3QvGf2+VdR5gdk1mIrg,55.18120962218031,72.408797053194,66.08992932915172
885000,iHvKhF7Uk30Domr8uCORsSR904QSgslMQB+G+xe7JXNjm3QvGf2+VdR5gdk1mIrg,59.34639401285664,77.34087388101976,67.968291571969
885300,iHvKhF7Uk30Domr8uCORsSR904QSgslMQB+G+xe7JXNjm3QvGf2+VdR5gdk1mIrg,46.70460748841215,70.17580698936808,62.72721225387727
885600,iHvKhF7Uk30Domr8uCORsSR904QSgslMQB+G+xe7JXNjm3QvGf2+VdR5gdk1mIrg,51.29406130359839,73.15388285208381,62.240569378084594
885900,iHvKhF7Uk30Domr8uCORsSR904QSgslMQB+G+xe7JXNjm3QvGf2+VdR5gdk1mIrg,46.23163883320331,68.24526400960815,58.28832939323136
886200,iHvKhF7Uk30Domr8uCORsSR904QSgslMQB+G+xe7JXNjm3QvGf2+VdR5gdk1mIrg,50.028581832407376,73.9430736535324,59.181535542865035
886500,iHvKhF7Uk30Domr8uCORsSR904QSgslMQB+G+xe7JXNjm3QvGf2+VdR5gdk1mIrg,52.19614078224514,70.18814386786487,62.36003803431413
886800,iHvKhF7Uk30Domr8uCORsSR904QSgslMQB+G+xe7JXNjm3QvGf2+VdR5gdk1mIrg,46.71303271572313,68.2164309329572,57.57595657906646
887100,iHvKhF7Uk30Domr8uCORsSR904QSgslMQB+G+xe7JXNjm3QvGf2+VdR5gdk1mIrg,43.85083317394882,70.0056668047941,57.47100203588484
887400,iHvKhF7Uk30Domr8uCORsSR904QSgslMQB+G+xe7JXNjm3QvGf2+VdR5gdk1mIrg,55.64215521992735,77.73385922936184,65.94107835646221
887700,iHvKhF7Uk30Domr8uCORsSR904QSgslMQB+G+xe7JXNjm3QvGf2+VdR5gdk1mIrg,66.3162657803632,77.5633924027539,71.9161369511346
888000,iHvKhF7Uk30Domr8uCORsSR904QSgslMQB+G+xe7JXNjm3QvGf2+VdR5gdk1mIrg,55.380415456975214,73.49517507175032,65.28969094314343
888300,iHvKhF7Uk30Domr8uCORsSR904QSgslMQB+G+xe7JXNjm3QvGf2+VdR5gdk1mIrg,55.970062970661736,73.8209325126747,64.78631060340545
888600,iHvKhF7Uk30Domr8uCORsSR904QSgslMQB+G+xe7JXNjm3QvGf2+VdR5gdk1mIrg,57.32910812617256,79.17561006945611,71.20802118205089
888900,iHvKhF7Uk30Domr8uCORsSR904QSgslMQB+G+xe7JXNjm3QvGf2+VdR5gdk1mIrg,62.1743016468522,83.048690383023,76.19939916675537
889200,iHvKhF7Uk30Domr8uCORsSR904QSgslMQB+G+xe7JXNjm3QvGf2+VdR5gdk1mIrg,66.0848121075566,83.88343304330691,74.23016977112422
889500,iHvKhF7Uk30Domr8uCORsSR904QSgslMQB+G+xe7JXNjm3QvGf2+VdR5gdk1mIrg,56.834779652433866,74.78472605184497,68.41197690275428
889800,iHvKhF7Uk30Domr8uCORsSR904QSgslMQB+G+xe7JXNjm3QvGf2+VdR5gdk1mIrg,58.58149470666461,73.59585095121123,65.79755277132509
890100,iHvKhF7Uk30Domr8uCORsSR904QSgslMQB+G+xe7JXNjm3QvGf2+VdR5gdk1mIrg,52.12968334430227,72.97125001763082,60.88030070946792
890400,iHvKhF7Uk30Domr8uCORsSR904QSgslMQB+G+xe7JXNjm3QvGf2+VdR5gdk1mIrg,50.38587793186523,71.10064472650944,64.97284140308095
890700,iHvKhF7Uk30Domr8uCORsSR904QSgslMQB+G+xe7JXNjm3QvGf2+VdR5gdk1mIrg,59.90345776693478,71.6343510961019,67.03821288192651
891000,iHvKhF7Uk30Domr8uCORsSR904QSgslMQB+G+xe7JXNjm3QvGf2+VdR5gdk1mIrg,45.78707958896038,66.954467755885,57.29863466653078
891300,iHvKhF7Uk30Domr8uCORsSR904QSgslMQB+G+xe7JXNjm3QvGf2+VdR5gdk1mIrg,59.349615553233754,72.75794298943255,64.7106763990548
891600,iHvKhF7Uk30Domr8uCORsSR904QSgslMQB+G+xe7JXNjm3QvGf2+VdR5gdk1mIrg,50.94683811090187,74.35466334565558,65.87169651565249
891900,iHvKhF7Uk30Domr8uCORsSR904QSgslMQB+G+xe7JXNjm3QvGf2+VdR5gdk1mIrg,58.52371690490472,70.61302107000984,64.77372619755631
892200,iHvKhF7Uk30Domr8uCORsSR904QSgslMQB+G+xe7JXNjm3QvGf2+VdR5gdk1mIrg,46.2026956059048,70.59464540357607,60.94201573656442
892500,iHvKhF7Uk30Domr8uCORsSR904QSgslMQB+G+xe7JXNjm3QvGf2+VdR5gdk1mIrg,36.92250557605822,68.14816995964587,58.52737608102584
892800,iHvKhF7Uk30Domr8uCORsSR904QSgslMQB+G+xe7JXNjm3QvGf2+VdR5gdk1mIrg,46.736159827913895,64.25211694362075,56.95175631743391
893100,iHvKhF7Uk30Domr8uCORsSR904QSgslMQB+G+xe7JXNjm3QvGf2+VdR5gdk1mIrg,37.88546897949999,63.89108139016136,54.225718027803936
893400,iHvKhF7Uk30Domr8uCORsSR904QSgslMQB+G+xe7JXNjm3QvGf2+VdR5gdk1mIrg,36.75233404906598,69.16433895068441,58.760462416750464
893700,iHvKhF7Uk30Domr8uCORsSR904QSgslMQB+G+xe7JXNjm3QvGf2+VdR5gdk1mIrg,36.43176670380263,68.60079356343546,59.48885263351494
894000,iHvKhF7Uk30Domr8uCORsSR904QSgslMQB+G+xe7JXNjm3QvGf2+VdR5gdk1mIrg,43.95321623712668,66.35337164704967,58.11730452826947
894300,iHvKhF7Uk30Domr8uCORsSR904QSgslMQB+G+xe7JXNjm3QvGf2+VdR5gdk1mIrg,40.57321587976048,68.80113053062387,57.3609294530764
894600,iHvKhF7Uk30Domr8uCORsSR904QSgslMQB+G+xe7JXNjm3QvGf2+VdR5gdk1mIrg,56.43573216458165,73.39107909422822,67.5513865196159
894900,iHvKhF7Uk30Domr8uCORsSR904QSgslMQB+G+xe7JXNjm3QvGf2+VdR5gdk1mIrg,53.800592721864895,71.93959540705795,62.59188169796709
895200,iHvKhF7Uk30Domr8uCORsSR904QSgslMQB+G+xe7JXNjm3QvGf2+VdR5gdk1mIrg,46.318881402724166,67.08846972557727,59.515224703610926
895500,iHvKhF7Uk30Domr8uCORsSR904QSgslMQB+G+xe7JXNjm3QvGf2+VdR5gdk1mIrg,51.939354098268616,66.99082120908213,58.26224294064163
895800,iHvKhF7Uk30Domr8uCORsSR904QSgslMQB+G+xe7JXNjm3QvGf2+VdR5gdk1mIrg,36.255713329380434,67.49882696495068,54.568476568748565
896100,iHvKhF7Uk30Domr8uCORsSR904QSgslMQB+G+xe7JXNjm3QvGf2+VdR5gdk1mIrg,48.63701111723432,73.10457497890745,59.30128267597138
896400,iHvKhF7Uk30Domr8uCORsSR904QSgslMQB+G+xe7JXNjm3QvGf2+VdR5gdk1mIrg,53.694186062120345,72.81795270434166,63.806434588655385
896700,iHvKhF7Uk30Domr8uCORsSR904QSgslMQB+G+xe7JXNjm3QvGf2+VdR5gdk1mIrg,53.61737497847695,75.53826696314617,65.91832757934124
897000,iHvKhF7Uk30Domr8uCORsSR904QSgslMQB+G+xe7JXNjm3QvGf2+VdR5gdk1mIrg,56.56640026057758,70.55554855656513,63.94968862376556
897300,iHvKhF7Uk30Domr8uCORsSR904QSgslMQB+G+xe7JXNjm3QvGf2+VdR5gdk1mIrg,46.79355818957305,74.63983997026547,62.81152370318533
897600,iHvKhF7Uk30Domr8uCORsSR904QSgslMQB+G+xe7JXNjm3QvGf2+VdR5gdk1mIrg,47.05796864013095,70.98205155690161,61.50621185150046
897900,iHvKhF7Uk30Domr8uCORsSR904QSgslMQB+G+xe7JXNjm3QvGf2+VdR5gdk1mIrg,38.54902803403203,77.89647695256375,64.65873775545191
898200,iHvKhF7Uk30Domr8uCORsSR904QSgslMQB+G+xe7JXNjm3QvGf2+VdR5gdk1mIrg,48.50848863489459,68.59619604381551,58.63898894301119
898500,iHvKhF7Uk30Domr8uCORsSR904QSgslMQB+G+xe7JXNjm3QvGf2+VdR5gdk1mIrg,51.44989704675693,72.33764913921827,62.7156850129518
898800,iHvKhF7Uk30Domr8uCORsSR904QSgslMQB+G+xe7JXNjm3QvGf2+VdR5gdk1mIrg,30.182003768659943,72.33297193939462,60.84890477313574
899100,iHvKhF7Uk30Domr8uCORsSR904QSgslMQB+G+xe7JXNjm3QvGf2+VdR5gdk1mIrg,44.09732226413299,68.99966769252251,58.637600345150176
899400,iHvKhF7Uk30Domr8uCORsSR904QSgslMQB+G+xe7JXNjm3QvGf2+VdR5gdk1mIrg,42.21928433897772,73.0866674376669,59.42122784578303
899700,iHvKhF7Uk30Domr8uCORsSR904QSgslMQB+G+xe7JXNjm3QvGf2+VdR5gdk1mIrg,42.398121884800936,72.44810806994408,58.203280160422445
900000,iHvKhF7Uk30Domr8uCORsSR904QSgslMQB+G+xe7JXNjm3QvGf2+VdR5gdk1mIrg,47.99496817867215,72.04804303204794,62.31769840179047
900300,iHvKhF7Uk30Domr8uCORsSR904QSgslMQB+G+xe7JXNjm3QvGf2+VdR5gdk1mIrg,48.77046037441456,73.58919149378103,61.63203878163604
900600,iHvKhF7Uk30Domr8uCORsSR904QSgslMQB+G+xe7JXNjm3QvGf2+VdR5gdk1mIrg,59.65642146701183,72.0702985684467,64.72092337477548
900900,iHvKhF7Uk30Domr8uCORsSR904QSgslMQB+G+xe7JXNjm3QvGf2+VdR5gdk1mIrg,50.801413610430885,68.53590619644983,61.05435222763729
901200,iHvKhF7Uk30Domr8uCORsSR904QSgslMQB+G+xe7JXNjm3QvGf2+VdR5gdk1mIrg,49.78628347620534,70.33283667289692,59.937544987146296
901500,iHvKhF7Uk30Domr8uCORsSR904QSgslMQB+G+xe7JXNjm3QvGf2+VdR5gdk1mIrg,55.20218092777564,71.61538124741311,61.02786581123988
901800,iHvKhF7Uk30Domr8uCORsSR904QSgslMQB+G+xe7JXNjm3QvGf2+VdR5gdk1mIrg,39.00444306246471,68.29292056706272,57.591223497772845
902100,iHvKhF7Uk30Domr8uCORsSR904QSgslMQB+G+xe7JXNjm3QvGf2+VdR5gdk1mIrg,35.17425094467646,74.21785434293214,58.63396131570234
902400,iHvKhF7Uk30Domr8uCORsSR904QSgslMQB+G+xe7JXNjm3QvGf2+VdR5gdk1mIrg,32.649084027544376,72.4904551433017,59.08228426507619
902700,iHvKhF7Uk30Domr8uCORsSR904QSgslMQB+G+xe7JXNjm3QvGf2+VdR5gdk1mIrg,54.67828213636936,73.67689714927104,64.55797790893152
903000,iHvKhF7Uk30Domr8uCORsSR904QSgslMQB+G+xe7JXNjm3QvGf2+VdR5gdk1mIrg,49.35006136877488,73.04616970905268,63.3947410504064
903300,iHvKhF7Uk30Domr8uCORsSR904QSgslMQB+G+xe7JXNjm3QvGf2+VdR5gdk1mIrg,57.0460716511836,71.37457849003835,62.774268637245314
903600,iHvKhF7Uk30Domr8uCORsSR904QSgslMQB+G+xe7JXNjm3QvGf2+VdR5gdk1mIrg,59.14019817119177,71.91187232107478,64.24213165786806
903900,iHvKhF7Uk30Domr8uCORsSR904QSgslMQB+G+xe7JXNjm3QvGf2+VdR5gdk1mIrg,55.1588885717961,72.38426443465954,66.00815936911977
904200,iHvKhF7Uk30Domr8uCORsSR904QSgslMQB+G+xe7JXNjm3QvGf2+VdR5gdk1mIrg,51.513006339348586,74.88179966366344,63.428743897195815
904500,iHvKhF7Uk30Domr8uCORsSR904QSgslMQB+G+xe7JXNjm3QvGf2+VdR5gdk1mIrg,49.10828802256513,67.30237179512393,58.914349461427456
904800,iHvKhF7Uk30Domr8uCORsSR904QSgslMQB+G+xe7JXNjm3QvGf2+VdR5gdk1mIrg,41.59575825082419,69.271718018991,59.71994529878384
905100,iHvKhF7Uk30Domr8uCORsSR904QSgslMQB+G+xe7JXNjm3QvGf2+VdR5gdk1mIrg,35.26296646792271,75.06318641449529,57.951660616524165
905400,iHvKhF7Uk30Domr8uCORsSR904QSgslMQB+G+xe7JXNjm3QvGf2+VdR5gdk1mIrg,47.47349838004528,69.32149247801887,56.42468154556279
905700,iHvKhF7Uk30Domr8uCORsSR904QSgslMQB+G+xe7JXNjm3QvGf2+VdR5gdk1mIrg,45.271055886066634,70.23027955145984,63.494174587402455
906000,iHvKhF7Uk30Domr8uCORsSR904QSgslMQB+G+xe7JXNjm3QvGf2+VdR5gdk1mIrg,41.94177629741768,76.10855483700102,58.98310356223128
906300,iHvKhF7Uk30Domr8uCORsSR904QSgslMQB+G+xe7JXNjm3QvGf2+VdR5gdk1mIrg,48.12467696322766,70.89415729575762,60.04061603851402
906600,iHvKhF7Uk30Domr8uCORsSR904QSgslMQB+G+xe7JXNjm3QvGf2+VdR5gdk1mIrg,51.02900041814616,70.96011276123673,61.668483251825855
906900,iHvKhF7Uk30Domr8uCORsSR904QSgslMQB+G+xe7JXNjm3QvGf2+VdR5gdk1mIrg,50.182421248318185,67.01553549832141,60.475432687055125
907200,iHvKhF7Uk30Domr8uCORsSR904QSgslMQB+G+xe7JXNjm3QvGf2+VdR5gdk1mIrg,50.51040518649424,71.98742402311694,59.28137116516515
907500,iHvKhF7Uk30Domr8uCORsSR904QSgslMQB+G+xe7JXNjm3QvGf2+VdR5gdk1mIrg,49.97168099399218,65.45881165836907,56.99662570037752
907800,iHvKhF7Uk30Domr8uCORsSR904QSgslMQB+G+xe7JXNjm3QvGf2+VdR5gdk1mIrg,48.88260172413612,67.00144404904074,59.554030623299134
908100,iHvKhF7Uk30Domr8uCORsSR904QSgslMQB+G+xe7JXNjm3QvGf2+VdR5gdk1mIrg,48.844988803291365,75.60635994360554,66.08828041598647
908400,iHvKhF7Uk30Domr8uCORsSR904QSgslMQB+G+xe7JXNjm3QvGf2+VdR5gdk1mIrg,62.49156816610455,80.2092094394976,73.23903132894216
908700,iHvKhF7Uk30Domr8uCORsSR904QSgslMQB+G+xe7JXNjm3QvGf2+VdR5gdk1mIrg,51.70560655835257,74.47177645684597,63.56103439247086
909000,iHvKhF7Uk30Domr8uCORsSR904QSgslMQB+G+xe7JXNjm3QvGf2+VdR5gdk1mIrg,36.61212546682175,71.58504365195158,58.75669548119513
909300,iHvKhF7Uk30Domr8uCORsSR904QSgslMQB+G+xe7JXNjm3QvGf2+VdR5gdk1mIrg,52.98156560929458,80.07060677238556,66.42716643131519
909600,iHvKhF7Uk30Domr8uCORsSR904QSgslMQB+G+xe7JXNjm3QvGf2+VdR5gdk1mIrg,48.1836359022767,66.1500342522338,59.92326904005576
909900,iHvKhF7Uk30Domr8uCORsSR904QSgslMQB+G+xe7JXNjm3QvGf2+VdR5gdk1mIrg,31.575843922464298,71.0119228675449,54.87022309090685
910200,iHvKhF7Uk30Domr8uCORsSR904QSgslMQB+G+xe7JXNjm3QvGf2+VdR5gdk1mIrg,52.70320673785268,77.89460186169262,67.04643374657027
910500,iHvKhF7Uk30Domr8uCORsSR904QSgslMQB+G+xe7JXNjm3QvGf2+VdR5gdk1mIrg,51.71776898668072,71.06164023973538,62.26406600965574
910800,iHvKhF7Uk30Domr8uCORsSR904QSgslMQB+G+xe7JXNjm3QvGf2+VdR5gdk1mIrg,49.54466240728361,67.00366827628297,60.81744813950952
911100,iHvKhF7Uk30Domr8uCORsSR904QSgslMQB+G+xe7JXNjm3QvGf2+VdR5gdk1mIrg,35.09986744538226,72.6525115359848,60.41376732106496
911400,iHvKhF7Uk30Domr8uCORsSR904QSgslMQB+G+xe7JXNjm3QvGf2+VdR5gdk1mIrg,38.939380709754495,65.12235970166563,56.84663566495302
911700,iHvKhF7Uk30Domr8uCORsSR904QSgslMQB+G+xe7JXNjm3QvGf2+VdR5gdk1mIrg,36.630056084275154,65.24972776796855,53.692850164966806
912000,iHvKhF7Uk30Domr8uCORsSR904QSgslMQB+G+xe7JXNjm3QvGf2+VdR5gdk1mIrg,35.87916818762182,76.82882238246758,63.43651926412221
912300,iHvKhF7Uk30Domr8uCORsSR904QSgslMQB+G+xe7JXNjm3QvGf2+VdR5gdk1mIrg,69.31008045095534,78.80031488349869,73.9336499551334
912600,iHvKhF7Uk30Domr8uCORsSR904QSgslMQB+G+xe7JXNjm3QvGf2+VdR5gdk1mIrg,55.66000345372506,76.11620864159133,67.33514781784318
912900,iHvKhF7Uk30Domr8uCORsSR904QSgslMQB+G+xe7JXNjm3QvGf2+VdR5gdk1mIrg,57.02493327284246,71.75007107791265,65.94934021297381
913200,iHvKhF7Uk30Domr8uCORsSR904QSgslMQB+G+xe7JXNjm3QvGf2+VdR5gdk1mIrg,53.52274118618098,78.17493156857006,65.41356812819863
913500,iHvKhF7Uk30Domr8uCORsSR904QSgslMQB+G+xe7JXNjm3QvGf2+VdR5gdk1mIrg,65.16774427461478,73.64613671573619,68.52022466499133
913800,iHvKhF7Uk30Domr8uCORsSR904QSgslMQB+G+xe7JXNjm3QvGf2+VdR5gdk1mIrg,58.414826508177725,70.18213086466915,64.3659669964514
914100,iHvKhF7Uk30Domr8uCORsSR904QSgslMQB+G+xe7JXNjm3QvGf2+VdR5gdk1mIrg,56.84861590452103,71.25011819835468,64.90862262159906
914400,iHvKhF7Uk30Domr8uCORsSR904QSgslMQB+G+xe7JXNjm3QvGf2+VdR5gdk1mIrg,51.36585114840504,72.86676491231138,63.19023723426123
914700,iHvKhF7Uk30Domr8uCORsSR904QSgslMQB+G+xe7JXNjm3QvGf2+VdR5gdk1mIrg,59.03342805724638,73.10403704731624,65.66884184129063
915000,iHvKhF7Uk30Domr8uCORsSR904QSgslMQB+G+xe7JXNjm3QvGf2+VdR5gdk1mIrg,52.82839201488415,76.18451368214146,64.64382084088908
915300,iHvKhF7Uk30Domr8uCORsSR904QSgslMQB+G+xe7JXNjm3QvGf2+VdR5gdk1mIrg,31.255075025300872,71.52197795285352,54.01719654744441
915600,iHvKhF7Uk30Domr8uCORsSR904QSgslMQB+G+xe7JXNjm3QvGf2+VdR5gdk1mIrg,53.37410471842469,76.05072351663797,66.33388243794504
915900,iHvKhF7Uk30Domr8uCORsSR904QSgslMQB+G+xe7JXNjm3QvGf2+VdR5gdk1mIrg,31.999294268513328,70.40046929798237,56.04679477180088
916200,iHvKhF7Uk30Domr8uCORsSR904QSgslMQB+G+xe7JXNjm3QvGf2+VdR5gdk1mIrg,36.06244438906408,65.75204152887689,54.76324698303962
916500,iHvKhF7Uk30Domr8uCORsSR904QSgslMQB+G+xe7JXNjm3QvGf2+VdR5gdk1mIrg,36.587130295735406,68.42542831709162,57.91478376675584
916800,iHvKhF7Uk30Domr8uCORsSR904QSgslMQB+G+xe7JXNjm3QvGf2+VdR5gdk1mIrg,34.43964278792171,68.16319688282717,58.27608364071781
917100,iHvKhF7Uk30Domr8uCORsSR904QSgslMQB+G+xe7JXNjm3QvGf2+VdR5gdk1mIrg,45.1857658155406,65.53337435001066,56.135238864977936
917400,iHvKhF7Uk30Domr8uCORsSR904QSgslMQB+G+xe7JXNjm3QvGf2+VdR5gdk1mIrg,36.752694563930646,70.73243016886018,57.37326182587566
917700,iHvKhF7Uk30Domr8uCORsSR904QSgslMQB+G+xe7JXNjm3QvGf2+VdR5gdk1mIrg,44.68876757380977,74.79223327906264,66.91012283354078
918000,iHvKhF7Uk30Domr8uCORsSR904QSgslMQB+G+xe7JXNjm3QvGf2+VdR5gdk1mIrg,45.639558945361856,75.30660134253854,61.422136996363264
918300,iHvKhF7Uk30Domr8uCORsSR904QSgslMQB+G+xe7JXNjm3QvGf2+VdR5gdk1mIrg,48.97825808046748,70.55641442013295,60.25775539180536
918600,iHvKhF7Uk30Domr8uCORsSR904QSgslMQB+G+xe7JXNjm3QvGf2+VdR5gdk1mIrg,34.52552625756615,78.75929909365559,67.35138571270723
918900,iHvKhF7Uk30Domr8uCORsSR904QSgslMQB+G+xe7JXNjm3QvGf2+VdR5gdk1mIrg,61.820435884498536,74.83975476593204,70.72009423421522
919200,iHvKhF7Uk30Domr8uCORsSR904QSgslMQB+G+xe7JXNjm3QvGf2+VdR5gdk1mIrg,57.859483284899824,81.28576591210465,66.30024306505217
919500,iHvKhF7Uk30Domr8uCORsSR904QSgslMQB+G+xe7JXNjm3QvGf2+VdR5gdk1mIrg,53.945117664934095,71.2405111440474,62.51052690710819
919800,iHvKhF7Uk30Domr8uCORsSR904QSgslMQB+G+xe7JXNjm3QvGf2+VdR5gdk1mIrg,49.509729373736576,71.03917543300949,63.40299389160962
920100,iHvKhF7Uk30Domr8uCORsSR904QSgslMQB+G+xe7JXNjm3QvGf2+VdR5gdk1mIrg,27.79189688766455,75.70723290648522,62.1423986908811
920400,oJXXVhFJaulRsMKo8iZ7PWewFKPbuwQtyXbR0IjQOWli8GZb66VGcdj+SpYd0Lsh,14.027578623879467,17.616601269499665,16.213456107936913
920700,oJXXVhFJaulRsMKo8iZ7PWewFKPbuwQtyXbR0IjQOWli8GZb66VGcdj+SpYd0Lsh,13.937583998905689,19.784482835428854,16.363550664479064
921000,oJXXVhFJaulRsMKo8iZ7PWewFKPbuwQtyXbR0IjQOWli8GZb66VGcdj+SpYd0Lsh,14.115323417930211,17.924134308927268,16.26428736263457
921300,oJXXVhFJaulRsMKo8iZ7PWewFKPbuwQtyXbR0IjQOWli8GZb66VGcdj+SpYd0Lsh,14.11793723417226,17.463535270379236,16.039223326107024
921600,oJXXVhFJaulRsMKo8iZ7PWewFKPbuwQtyXbR0IjQOWli8GZb66VGcdj+SpYd0Lsh,13.891688635484549,17.274327715402535,16.019712941983446
921900,oJXXVhFJaulRsMKo8iZ7PWewFKPbuwQtyXbR0IjQOWli8GZb66VGcdj+SpYd0Lsh,14.027878237081786,18.08481132745901,15.938859771453446
922200,oJXXVhFJaulRsMKo8iZ7PWewFKPbuwQtyXbR0IjQOWli8GZb66VGcdj+SpYd0Lsh,13.909585024307052,22.876045883719268,16.793830112276808
922500,oJXXVhFJaulRsMKo8iZ7PWewFKPbuwQtyXbR0IjQOWli8GZb66VGcdj+SpYd0Lsh,14.107168703325907,21.472223189909126,18.0306497527072
922800,oJXXVhFJaulRsMKo8iZ7PWewFKPbuwQtyXbR0IjQOWli8GZb66VGcdj+SpYd0Lsh,13.818182522428073,19.903825382553755,16.065686836360776
923100,oJXXVhFJaulRsMKo8iZ7PWewFKPbuwQtyXbR0IjQOWli8GZb66VGcdj+SpYd0Lsh,14.31810777630414,17.2296829568875,16.093363110787404
923400,oJXXVhFJaulRsMKo8iZ7PWewFKPbuwQtyXbR0IjQOWli8GZb66VGcdj+SpYd0Lsh,14.094627215696011,20.15571569248753,16.178063563084507
923700,oJXXVhFJaulRsMKo8iZ7PWewFKPbuwQtyXbR0IjQOWli8GZb66VGcdj+SpYd0Lsh,13.915320648825473,17.441277489846907,15.84782869523758
924000,oJXXVhFJaulRsMKo8iZ7PWewFKPbuwQtyXbR0IjQOWli8GZb66VGcdj+SpYd0Lsh,13.927181887311225,20.03899073778817,16.101055981626622
924300,oJXXVhFJaulRsMKo8iZ7PWewFKPbuwQtyXbR0IjQOWli8GZb66VGcdj+SpYd0Lsh,14.013373184730336,18.304502908778872,16.172980415989663
924600,oJXXVhFJaulRsMKo8iZ7PWewFKPbuwQtyXbR0IjQOWli8GZb66VGcdj+SpYd0Lsh,13.948513403075555,19.756649005390663,16.174670175048185
924900,oJXXVhFJaulRsMKo8iZ7PWewFKPbuwQtyXbR0IjQOWli8GZb66VGcdj+SpYd0Lsh,13.869425346032402,17.37772908491813,15.875792350696448
925200,oJXXVhFJaulRsMKo8iZ7PWewFKPbuwQtyXbR0IjQOWli8GZb66VGcdj+SpYd0Lsh,13.970179635518342,17.69018769582327,15.738324890873727
925500,oJXXVhFJaulRsMKo8iZ7PWewFKPbuwQtyXbR0IjQOWli8GZb66VGcdj+SpYd0Lsh,14.174270017698372,17.427803438319785,15.84405922258258
925800,oJXXVhFJaulRsMKo8iZ7PWewFKPbuwQtyXbR0IjQOWli8GZb66VGcdj+SpYd0Lsh,14.042987360836849,19.73275386233173,16.099560965936256
926100,oJXXVhFJaulRsMKo8iZ7PWewFKPbuwQtyXbR0IjQOWli8GZb66VGcdj+SpYd0Lsh,13.878351616911347,20.403107222466847,17.119333087447394
926400,oJXXVhFJaulRsMKo8iZ7PWewFKPbuwQtyXbR0IjQOWli8GZb66VGcdj+SpYd0Lsh,13.928875865689218,21.162758773776957,17.458588704227
926700,oJXXVhFJaulRsMKo8iZ7PWewFKPbuwQtyXbR0IjQOWli8GZb66VGcdj+SpYd0Lsh,13.939659743652948,17.551807839510396,15.909520637059304
927000,oJXXVhFJaulRsMKo8iZ7PWewFKPbuwQtyXbR0IjQOWli8GZb66VGcdj+SpYd0Lsh,13.97595126800904,17.962219260130045,16.124554061253086
927300,oJXXVhFJaulRsMKo8iZ7PWewFKPbuwQtyXbR0IjQOWli8GZb66VGcdj+SpYd0Lsh,13.956344586272284,17.185973817673467,15.802092410257186
927600,oJXXVhFJaulRsMKo8iZ7PWewFKPbuwQtyXbR0IjQOWli8GZb66VGcdj+SpYd0Lsh,13.99573873042834,17.64319585044221,16.042665666705656
927900,oJXXVhFJaulRsMKo8iZ7PWewFKPbuwQtyXbR0IjQOWli8GZb66VGcdj+SpYd0Lsh,14.145560893207785,17.58552851857432,15.892391258755048
928200,oJXXVhFJaulRsMKo8iZ7PWewFKPbuwQtyXbR0IjQOWli8GZb66VGcdj+SpYd0Lsh,13.894819046169388,20.84854545650812,16.49622288026684
928500,oJXXVhFJaulRsMKo8iZ7PWewFKPbuwQtyXbR0IjQOWli8GZb66VGcdj+SpYd0Lsh,13.935661145533455,17.63535128809075,15.95606345205148
928800,oJXXVhFJaulRsMKo8iZ7PWewFKPbuwQtyXbR0IjQOWli8GZb66VGcdj+SpYd0Lsh,13.97515304910038,17.69826370599494,16.126963646806892
929100,oJXXVhFJaulRsMKo8iZ7PWewFKPbuwQtyXbR0IjQOWli8GZb66VGcdj+SpYd0Lsh,13.86100804141539,18.059748736071924,15.90600317836485
929400,oJXXVhFJaulRsMKo8iZ7PWewFKPbuwQtyXbR0IjQOWli8GZb66VGcdj+SpYd0Lsh,13.972455078354155,18.059383646686303,16.093137514118997
929700,oJXXVhFJaulRsMKo8iZ7PWewFKPbuwQtyXbR0IjQOWli8GZb66VGcdj+SpYd0Lsh,13.888491666649674,18.14921461189646,15.944868324350391
930000,oJXXVhFJaulRsMKo8iZ7PWewFKPbuwQtyXbR0IjQOWli8GZb66VGcdj+SpYd0Lsh,13.966725966390834,20.661132220609325,18.10220528626383
930300,oJXXVhFJaulRsMKo8iZ7PWewFKPbuwQtyXbR0IjQOWli8GZb66VGcdj+SpYd0Lsh,14.07682863957829,17.826950928101336,15.937546863520677
930600,oJXXVhFJaulRsMKo8iZ7PWewFKPbuwQtyXbR0IjQOWli8GZb66VGcdj+SpYd0Lsh,13.892896197160432,17.949122748988643,15.789255490963749
930900,oJXXVhFJaulRsMKo8iZ7PWewFKPbuwQtyXbR0IjQOWli8GZb66VGcdj+SpYd0Lsh,13.965635228914913,20.45342437399787,16.054268218023203
931200,oJXXVhFJaulRsMKo8iZ7PWewFKPbuwQtyXbR0IjQOWli8GZb66VGcdj+SpYd0Lsh,13.91038122258884,17.647859465830386,15.795918876702814
931500,oJXXVhFJaulRsMKo8iZ7PWewFKPbuwQtyXbR0IjQOWli8GZb66VGcdj+SpYd0Lsh,14.10111254525499,20.67533819300916,16.233333510079543
931800,oJXXVhFJaulRsMKo8iZ7PWewFKPbuwQtyXbR0IjQOWli8GZb66VGcdj+SpYd0Lsh,13.982490688282532,19.828566786943902,16.23935361160308
932100,oJXXVhFJaulRsMKo8iZ7PWewFKPbuwQtyXbR0IjQOWli8GZb66VGcdj+SpYd0Lsh,14.089840378366503,20.780463421580084,16.19439959113987
932400,oJXXVhFJaulRsMKo8iZ7PWewFKPbuwQtyXbR0IjQOWli8GZb66VGcdj+SpYd0Lsh,13.944633869536204,17.991767973725654,15.809618631307462
932700,oJXXVhFJaulRsMKo8iZ7PWewFKPbuwQtyXbR0IjQOWli8GZb66VGcdj+SpYd0Lsh,14.0665943467426,20.717317578502044,16.08114136027419
933000,oJXXVhFJaulRsMKo8iZ7PWewFKPbuwQtyXbR0IjQOWli8GZb66VGcdj+SpYd0Lsh,14.12025350418318,17.679879733638938,16.019238512929373
933300,oJXXVhFJaulRsMKo8iZ7PWewFKPbuwQtyXbR0IjQOWli8GZb66VGcdj+SpYd0Lsh,14.00094470075964,20.667492923517152,16.157407411503076
933600,oJXXVhFJaulRsMKo8iZ7PWewFKPbuwQtyXbR0IjQOWli8GZb66VGcdj+SpYd0Lsh,13.976229273006387,17.793493841999375,15.937812602523485
933900,oJXXVhFJaulRsMKo8iZ7PWewFKPbuwQtyXbR0IjQOWli8GZb66VGcdj+SpYd0Lsh,14.160325505543462,23.588871795079758,18.15813056213592
934200,oJXXVhFJaulRsMKo8iZ7PWewFKPbuwQtyXbR0IjQOWli8GZb66VGcdj+SpYd0Lsh,14.015000164028711,17.73961927067023,15.826699919310592
934500,oJXXVhFJaulRsMKo8iZ7PWewFKPbuwQtyXbR0IjQOWli8GZb66VGcdj+SpYd0Lsh,14.069766175358536,20.41429594028037,16.07562072758902
934800,oJXXVhFJaulRsMKo8iZ7PWewFKPbuwQtyXbR0IjQOWli8GZb66VGcdj+SpYd0Lsh,13.989294105246676,17.68732426519296,15.809779938750983
935100,oJXXVhFJaulRsMKo8iZ7PWewFKPbuwQtyXbR0IjQOWli8GZb66VGcdj+SpYd0Lsh,13.886217449941356,17.53735851728371,16.092198947705647
935400,oJXXVhFJaulRsMKo8iZ7PWewFKPbuwQtyXbR0IjQOWli8GZb66VGcdj+SpYd0Lsh,14.054965771795208,17.874782823286868,16.279609503883556
935700,oJXXVhFJaulRsMKo8iZ7PWewFKPbuwQtyXbR0IjQOWli8GZb66VGcdj+SpYd0Lsh,14.500103452506456,17.654749406851877,16.19571874299266
936000,oJXXVhFJaulRsMKo8iZ7PWewFKPbuwQtyXbR0IjQOWli8GZb66VGcdj+SpYd0Lsh,14.109435823843524,17.81995040904311,15.770292257064064
936300,oJXXVhFJaulRsMKo8iZ7PWewFKPbuwQtyXbR0IjQOWli8GZb66VGcdj+SpYd0Lsh,13.893508151628891,18.66285109688476,16.13031344789404
936600,oJXXVhFJaulRsMKo8iZ7PWewFKPbuwQtyXbR0IjQOWli8GZb66VGcdj+SpYd0Lsh,14.180910974774628,17.911058812873122,15.88225986481468
936900,oJXXVhFJaulRsMKo8iZ7PWewFKPbuwQtyXbR0IjQOWli8GZb66VGcdj+SpYd0Lsh,14.14463205705738,17.79878726909528,16.169272049143178
937200,oJXXVhFJaulRsMKo8iZ7PWewFKPbuwQtyXbR0IjQOWli8GZb66VGcdj+SpYd0Lsh,13.8707061079856,17.460758222607822,15.89289594260572
937500,oJXXVhFJaulRsMKo8iZ7PWewFKPbuwQtyXbR0IjQOWli8GZb66VGcdj+SpYd0Lsh,14.263345046947594,20.098528842975234,17.40394634762571
937800,oJXXVhFJaulRsMKo8iZ7PWewFKPbuwQtyXbR0IjQOWli8GZb66VGcdj+SpYd0Lsh,14.191728935013153,20.75372902487088,16.706057826933193
938100,oJXXVhFJaulRsMKo8iZ7PWewFKPbuwQtyXbR0IjQOWli8GZb66VGcdj+SpYd0Lsh,15.191680725084716,17.964611837503615,16.043758768635566
938400,oJXXVhFJaulRsMKo8iZ7PWewFKPbuwQtyXbR0IjQOWli8GZb66VGcdj+SpYd0Lsh,15.161689114808873,16.82799750500913,15.815280399994789
938700,oJXXVhFJaulRsMKo8iZ7PWewFKPbuwQtyXbR0IjQOWli8GZb66VGcdj+SpYd0Lsh,14.53426017778478,19.05091465463256,16.06476111249098
939000,oJXXVhFJaulRsMKo8iZ7PWewFKPbuwQtyXbR0IjQOWli8GZb66VGcdj+SpYd0Lsh,14.084179553974964,18.507545020235337,16.17495235485356
939300,oJXXVhFJaulRsMKo8iZ7PWewFKPbuwQtyXbR0IjQOWli8GZb66VGcdj+SpYd0Lsh,13.44343727074431,18.83030904973888,16.223396143696895
939600,oJXXVhFJaulRsMKo8iZ7PWewFKPbuwQtyXbR0IjQOWli8GZb66VGcdj+SpYd0Lsh,12.603896564204817,19.26882102180895,15.744505235153808
939900,oJXXVhFJaulRsMKo8iZ7PWewFKPbuwQtyXbR0IjQOWli8GZb66VGcdj+SpYd0Lsh,11.918821066129972,20.330089112031388,16.045043246703308
940200,oJXXVhFJaulRsMKo8iZ7PWewFKPbuwQtyXbR0IjQOWli8GZb66VGcdj+SpYd0Lsh,11.398897959474052,20.652638187566343,15.838875342320003
940500,oJXXVhFJaulRsMKo8iZ7PWewFKPbuwQtyXbR0IjQOWli8GZb66VGcdj+SpYd0Lsh,11.038887252617148,21.223029465139376,16.122472822347806
940800,oJXXVhFJaulRsMKo8iZ7PWewFKPbuwQtyXbR0IjQOWli8GZb66VGcdj+SpYd0Lsh,10.110840302383986,21.89371550051676,15.801619883576985
941100,oJXXVhFJaulRsMKo8iZ7PWewFKPbuwQtyXbR0IjQOWli8GZb66VGcdj+SpYd0Lsh,9.537076055713731,23.00163037986429,16.12958396551764
941400,oJXXVhFJaulRsMKo8iZ7PWewFKPbuwQtyXbR0IjQOWli8GZb66VGcdj+SpYd0Lsh,9.756932682230083,26.30920419875216,17.547394362328433
941700,oJXXVhFJaulRsMKo8iZ7PWewFKPbuwQtyXbR0IjQOWli8GZb66VGcdj+SpYd0Lsh,8.131261647970257,24.90700831678393,16.443629405287137
942000,oJXXVhFJaulRsMKo8iZ7PWewFKPbuwQtyXbR0IjQOWli8GZb66VGcdj+SpYd0Lsh,7.517536113994533,24.859079673545573,16.078431733180636
942300,oJXXVhFJaulRsMKo8iZ7PWewFKPbuwQtyXbR0IjQOWli8GZb66VGcdj+SpYd0Lsh,6.879067059666111,25.659860851870025,16.182585150154306
942600,oJXXVhFJaulRsMKo8iZ7PWewFKPbuwQtyXbR0IjQOWli8GZb66VGcdj+SpYd0Lsh,6.273654445651387,26.783560890373234,16.263198489994743
942900,oJXXVhFJaulRsMKo8iZ7PWewFKPbuwQtyXbR0IjQOWli8GZb66VGcdj+SpYd0Lsh,5.879622261079276,26.79365668102681,16.228317704434634
943200,oJXXVhFJaulRsMKo8iZ7PWewFKPbuwQtyXbR0IjQOWli8GZb66VGcdj+SpYd0Lsh,5.10319560487606,27.0002162969244,15.84861593616237
943500,oJXXVhFJaulRsMKo8iZ7PWewFKPbuwQtyXbR0IjQOWli8GZb66VGcdj+SpYd0Lsh,4.496382089557926,30.475800265956707,16.186880131939034
943800,oJXXVhFJaulRsMKo8iZ7PWewFKPbuwQtyXbR0IjQOWli8GZb66VGcdj+SpYd0Lsh,4.07985539165472,28.33380388502067,15.85264726295954
944100,oJXXVhFJaulRsMKo8iZ7PWewFKPbuwQtyXbR0IjQOWli8GZb66VGcdj+SpYd0Lsh,3.589600860204815,31.41991675094004,16.104954931361195
944400,oJXXVhFJaulRsMKo8iZ7PWewFKPbuwQtyXbR0IjQOWli8GZb66VGcdj+SpYd0Lsh,2.935556428646444,29.548588457270604,15.839245627294993
944700,oJXXVhFJaulRsMKo8iZ7PWewFKPbuwQtyXbR0IjQOWli8GZb66VGcdj+SpYd0Lsh,2.774649956417246,32.432416014036484,16.18223122867336
945000,oJXXVhFJaulRsMKo8iZ7PWewFKPbuwQtyXbR0IjQOWli8GZb66VGcdj+SpYd0Lsh,2.6576455401928403,37.081801070377445,17.02773530008618
945300,oJXXVhFJaulRsMKo8iZ7PWewFKPbuwQtyXbR0IjQOWli8GZb66VGcdj+SpYd0Lsh,11.525930456695065,39.642400719890176,25.354597168699502
945600,oJXXVhFJaulRsMKo8iZ7PWewFKPbuwQtyXbR0IjQOWli8GZb66VGcdj+SpYd0Lsh,3.1056575124226744,34.739085867681105,19.3924364489524
945900,oJXXVhFJaulRsMKo8iZ7PWewFKPbuwQtyXbR0IjQOWli8GZb66VGcdj+SpYd0Lsh,2.608746140660533,33.49255498131551,16.44065496191628
946200,oJXXVhFJaulRsMKo8iZ7PWewFKPbuwQtyXbR0IjQOWli8GZb66VGcdj+SpYd0Lsh,2.7252155839217136,30.08468276257393,16.110530678691926
946500,oJXXVhFJaulRsMKo8iZ7PWewFKPbuwQtyXbR0IjQOWli8GZb66VGcdj+SpYd0Lsh,2.8417475199313995,32.91373471525203,16.372053848136567
946800,oJXXVhFJaulRsMKo8iZ7PWewFKPbuwQtyXbR0IjQOWli8GZb66VGcdj+SpYd0Lsh,2.696029556253753,48.13606434380312,17.86650922950062
947100,oJXXVhFJaulRsMKo8iZ7PWewFKPbuwQtyXbR0IjQOWli8GZb66VGcdj+SpYd0Lsh,2.6208553105245977,53.53543253660917,23.26244858146212
947400,oJXXVhFJaulRsMKo8iZ7PWewFKPbuwQtyXbR0IjQOWli8GZb66VGcdj+SpYd0Lsh,2.875770462106221,29.529970356020087,15.926334734317926
947700,oJXXVhFJaulRsMKo8iZ7PWewFKPbuwQtyXbR0IjQOWli8GZb66VGcdj+SpYd0Lsh,2.8592575636243653,29.70282073553056,16.178212328257427
948000,oJXXVhFJaulRsMKo8iZ7PWewFKPbuwQtyXbR0IjQOWli8GZb66VGcdj+SpYd0Lsh,2.6371122586366607,29.650806565257984,15.812088239346895
948300,oJXXVhFJaulRsMKo8iZ7PWewFKPbuwQtyXbR0IjQOWli8GZb66VGcdj+SpYd0Lsh,2.694327925360237,29.954363182782977,16.13752704378394
948600,oJXXVhFJaulRsMKo8iZ7PWewFKPbuwQtyXbR0IjQOWli8GZb66VGcdj+SpYd0Lsh,2.7082294558274675,29.732060863739527,15.808557711064283
948900,oJXXVhFJaulRsMKo8iZ7PWewFKPbuwQtyXbR0IjQOWli8GZb66VGcdj+SpYd0Lsh,2.627304278756979,29.855929591472798,16.050274785982698
949200,oJXXVhFJaulRsMKo8iZ7PWewFKPbuwQtyXbR0IjQOWli8GZb66VGcdj+SpYd0Lsh,3.086421096052769,32.539224537788726,18.577747915258367
949500,oJXXVhFJaulRsMKo8iZ7PWewFKPbuwQtyXbR0IjQOWli8GZb66VGcdj+SpYd0Lsh,2.635223176760895,29.55550954102747,17.493871795642487
949800,oJXXVhFJaulRsMKo8iZ7PWewFKPbuwQtyXbR0IjQOWli8GZb66VGcdj+SpYd0Lsh,2.7858073167736377,30.336954097519488,16.0959385775032
950100,oJXXVhFJaulRsMKo8iZ7PWewFKPbuwQtyXbR0IjQOWli8GZb66VGcdj+SpYd0Lsh,2.819026821693717,29.687769756307123,16.188824541037953
950400,oJXXVhFJaulRsMKo8iZ7PWewFKPbuwQtyXbR0IjQOWli8GZb66VGcdj+SpYd0Lsh,2.6612700927667188,29.610465310944715,15.813587670200368
950700,oJXXVhFJaulRsMKo8iZ7PWewFKPbuwQtyXbR0IjQOWli8GZb66VGcdj+SpYd0Lsh,2.798669200865993,29.740557135279204,16.17569761375454
951000,oJXXVhFJaulRsMKo8iZ7PWewFKPbuwQtyXbR0IjQOWli8GZb66VGcdj+SpYd0Lsh,2.8943717727795324,29.60094710454244,15.868686900291506
951300,oJXXVhFJaulRsMKo8iZ7PWewFKPbuwQtyXbR0IjQOWli8GZb66VGcdj+SpYd0Lsh,2.637410747076402,30.678240537869424,16.10412233524592
951600,oJXXVhFJaulRsMKo8iZ7PWewFKPbuwQtyXbR0IjQOWli8GZb66VGcdj+SpYd0Lsh,2.52454528191031,29.53399711604995,15.745253859809743
951900,oJXXVhFJaulRsMKo8iZ7PWewFKPbuwQtyXbR0IjQOWli8GZb66VGcdj+SpYd0Lsh,2.7656374560920667,44.46009636085709,17.897478345833957
952200,oJXXVhFJaulRsMKo8iZ7PWewFKPbuwQtyXbR0IjQOWli8GZb66VGcdj+SpYd0Lsh,2.6592951792745203,29.49799374051599,15.830038343936728
952500,oJXXVhFJaulRsMKo8iZ7PWewFKPbuwQtyXbR0IjQOWli8GZb66VGcdj+SpYd0Lsh,2.5652059569836214,31.33629514245997,16.093505996698106
952800,oJXXVhFJaulRsMKo8iZ7PWewFKPbuwQtyXbR0IjQOWli8GZb66VGcdj+SpYd0Lsh,2.7288850269197558,30.78219108197989,16.03571591291792
953100,oJXXVhFJaulRsMKo8iZ7PWewFKPbuwQtyXbR0IjQOWli8GZb66VGcdj+SpYd0Lsh,2.793822988265505,34.48763144330398,16.698073426923333
953400,oJXXVhFJaulRsMKo8iZ7PWewFKPbuwQtyXbR0IjQOWli8GZb66VGcdj+SpYd0Lsh,2.79988597857521,34.32968197107732,16.29895734007969
953700,oJXXVhFJaulRsMKo8iZ7PWewFKPbuwQtyXbR0IjQOWli8GZb66VGcdj+SpYd0Lsh,2.7796935460690047,31.48213286779845,16.225388112252663
954000,oJXXVhFJaulRsMKo8iZ7PWewFKPbuwQtyXbR0IjQOWli8GZb66VGcdj+SpYd0Lsh,2.725682783640276,29.544026744936502,15.813907057830244
954300,oJXXVhFJaulRsMKo8iZ7PWewFKPbuwQtyXbR0IjQOWli8GZb66VGcdj+SpYd0Lsh,2.661609384008738,30.84510663179787,16.027424117809584
954600,oJXXVhFJaulRsMKo8iZ7PWewFKPbuwQtyXbR0IjQOWli8GZb66VGcdj+SpYd0Lsh,2.700192130668436,30.195042189016647,15.832555732444398
954900,oJXXVhFJaulRsMKo8iZ7PWewFKPbuwQtyXbR0IjQOWli8GZb66VGcdj+SpYd0Lsh,2.646297512893176,30.99414804070657,16.039018917392255
955200,oJXXVhFJaulRsMKo8iZ7PWewFKPbuwQtyXbR0IjQOWli8GZb66VGcdj+SpYd0Lsh,2.577401458705201,29.93629577282344,15.767180689055849
955500,oJXXVhFJaulRsMKo8iZ7PWewFKPbuwQtyXbR0IjQOWli8GZb66VGcdj+SpYd0Lsh,2.624115146584775,30.14005569652528,16.096784602842494
955800,oJXXVhFJaulRsMKo8iZ7PWewFKPbuwQtyXbR0IjQOWli8GZb66VGcdj+SpYd0Lsh,2.6353097215623564,30.13966456364588,15.84608709900216
956100,oJXXVhFJaulRsMKo8iZ7PWewFKPbuwQtyXbR0IjQOWli8GZb66VGcdj+SpYd0Lsh,2.6239335013611123,29.932371902242807,16.027965358979277
956400,oJXXVhFJaulRsMKo8iZ7PWewFKPbuwQtyXbR0IjQOWli8GZb66VGcdj+SpYd0Lsh,2.8533606452853397,29.80747987015254,15.828473674120616
956700,oJXXVhFJaulRsMKo8iZ7PWewFKPbuwQtyXbR0IjQOWli8GZb66VGcdj+SpYd0Lsh,2.7568135807638923,31.52815220966181,17.333453359765155
957000,oJXXVhFJaulRsMKo8iZ7PWewFKPbuwQtyXbR0IjQOWli8GZb66VGcdj+SpYd0Lsh,2.6523423728067743,31.446990981781628,17.332906339695406
957300,oJXXVhFJaulRsMKo8iZ7PWewFKPbuwQtyXbR0IjQOWli8GZb66VGcdj+SpYd0Lsh,2.882004382923699,29.93545791807172,14.869270724170464
957600,oJXXVhFJaulRsMKo8iZ7PWewFKPbuwQtyXbR0IjQOWli8GZb66VGcdj+SpYd0Lsh,2.7494243656274646,29.86136354896803,15.795516743484692
957900,oJXXVhFJaulRsMKo8iZ7PWewFKPbuwQtyXbR0IjQOWli8GZb66VGcdj+SpYd0Lsh,2.730440387499004,30.1894110291358,16.167955825583267
958200,oJXXVhFJaulRsMKo8iZ7PWewFKPbuwQtyXbR0IjQOWli8GZb66VGcdj+SpYd0Lsh,2.8062503315030707,30.06052641756744,15.869850266618876
958500,oJXXVhFJaulRsMKo8iZ7PWewFKPbuwQtyXbR0IjQOWli8GZb66VGcdj+SpYd0Lsh,2.8009134112156677,30.0808046057384,16.160318417685716
958800,oJXXVhFJaulRsMKo8iZ7PWewFKPbuwQtyXbR0IjQOWli8GZb66VGcdj+SpYd0Lsh,2.701464705207798,30.12767070674446,17.01719591083259
959100,oJXXVhFJaulRsMKo8iZ7PWewFKPbuwQtyXbR0IjQOWli8GZb66VGcdj+SpYd0Lsh,2.593215353445136,30.120474958631533,16.072865870371594
959400,oJXXVhFJaulRsMKo8iZ7PWewFKPbuwQtyXbR0IjQOWli8GZb66VGcdj+SpYd0Lsh,2.741309430791487,29.888827403977697,15.816811885822322
959700,oJXXVhFJaulRsMKo8iZ7PWewFKPbuwQtyXbR0IjQOWli8GZb66VGcdj+SpYd0Lsh,2.831820764812553,29.490446685346097,16.048976945230347
960000,oJXXVhFJaulRsMKo8iZ7PWewFKPbuwQtyXbR0IjQOWli8GZb66VGcdj+SpYd0Lsh,2.9132738358766197,28.821082549240906,15.769808961016652
960300,oJXXVhFJaulRsMKo8iZ7PWewFKPbuwQtyXbR0IjQOWli8GZb66VGcdj+SpYd0Lsh,3.4385419983695646,29.84622825699819,15.98296486586534
960600,oJXXVhFJaulRsMKo8iZ7PWewFKPbuwQtyXbR0IjQOWli8GZb66VGcdj+SpYd0Lsh,4.778777450461453,30.436975483733526,18.39848733877211
960900,oJXXVhFJaulRsMKo8iZ7PWewFKPbuwQtyXbR0IjQOWli8GZb66VGcdj+SpYd0Lsh,5.737175043787442,29.942093387395243,19.438672442478893
961200,oJXXVhFJaulRsMKo8iZ7PWewFKPbuwQtyXbR0IjQOWli8GZb66VGcdj+SpYd0Lsh,5.532627357212496,26.33497882226519,15.709530792257135
961500,oJXXVhFJaulRsMKo8iZ7PWewFKPbuwQtyXbR0IjQOWli8GZb66VGcdj+SpYd0Lsh,6.171777428408584,27.807208858210323,15.935773943676724
961800,oJXXVhFJaulRsMKo8iZ7PWewFKPbuwQtyXbR0IjQOWli8GZb66VGcdj+SpYd0Lsh,7.00198512817271,25.41939622307193,15.76300231606806
962100,oJXXVhFJaulRsMKo8iZ7PWewFKPbuwQtyXbR0IjQOWli8GZb66VGcdj+SpYd0Lsh,7.402358075737863,26.906111633687463,16.002212157541113
962400,oJXXVhFJaulRsMKo8iZ7PWewFKPbuwQtyXbR0IjQOWli8GZb66VGcdj+SpYd0Lsh,8.239375044406001,24.24836414256199,15.701108127806458
962700,oJXXVhFJaulRsMKo8iZ7PWewFKPbuwQtyXbR0IjQOWli8GZb66VGcdj+SpYd0Lsh,8.894167648062846,25.24624613084492,16.03710959395318
963000,oJXXVhFJaulRsMKo8iZ7PWewFKPbuwQtyXbR0IjQOWli8GZb66VGcdj+SpYd0Lsh,9.773007342473532,22.14265733991488,15.734047198208472
963300,oJXXVhFJaulRsMKo8iZ7PWewFKPbuwQtyXbR0IjQOWli8GZb66VGcdj+SpYd0Lsh,10.224702209910774,23.82718394654256,15.94020985961772
963600,oJXXVhFJaulRsMKo8iZ7PWewFKPbuwQtyXbR0IjQOWli8GZb66VGcdj+SpYd0Lsh,10.947452945377332,21.311540247783025,15.688933969159937
963900,oJXXVhFJaulRsMKo8iZ7PWewFKPbuwQtyXbR0IjQOWli8GZb66VGcdj+SpYd0Lsh,11.657547988054556,20.276976477484755,16.01935414939965
964200,oJXXVhFJaulRsMKo8iZ7PWewFKPbuwQtyXbR0IjQOWli8GZb66VGcdj+SpYd0Lsh,12.74348332262912,21.71252329918245,16.339541266113248
964500,oJXXVhFJaulRsMKo8iZ7PWewFKPbuwQtyXbR0IjQOWli8GZb66VGcdj+SpYd0Lsh,13.00378914586742,22.95736340493151,17.6475421762961
964800,oJXXVhFJaulRsMKo8iZ7PWewFKPbuwQtyXbR0IjQOWli8GZb66VGcdj+SpYd0Lsh,14.148700936939584,37.26311604993104,20.535368055225003
965100,oJXXVhFJaulRsMKo8iZ7PWewFKPbuwQtyXbR0IjQOWli8GZb66VGcdj+SpYd0Lsh,14.411563295002477,17.949012305135426,16.18642891001669
965400,oJXXVhFJaulRsMKo8iZ7PWewFKPbuwQtyXbR0IjQOWli8GZb66VGcdj+SpYd0Lsh,14.461618411082428,17.80705641020298,16.081377265595236
965700,oJXXVhFJaulRsMKo8iZ7PWewFKPbuwQtyXbR0IjQOWli8GZb66VGcdj+SpYd0Lsh,14.446800510122882,17.99799842946679,16.325711622671918
966000,oJXXVhFJaulRsMKo8iZ7PWewFKPbuwQtyXbR0IjQOWli8GZb66VGcdj+SpYd0Lsh,14.288186021529626,18.0323652629716,16.03331634754571
966300,oJXXVhFJaulRsMKo8iZ7PWewFKPbuwQtyXbR0IjQOWli8GZb66VGcdj+SpYd0Lsh,14.31964727880202,18.082202445358497,16.34886504599764
966600,oJXXVhFJaulRsMKo8iZ7PWewFKPbuwQtyXbR0IjQOWli8GZb66VGcdj+SpYd0Lsh,14.515559654992536,18.34637513395641,15.969015535558862
966900,oJXXVhFJaulRsMKo8iZ7PWewFKPbuwQtyXbR0IjQOWli8GZb66VGcdj+SpYd0Lsh,14.539143547465034,18.074399631423603,16.452901840629295
967200,oJXXVhFJaulRsMKo8iZ7PWewFKPbuwQtyXbR0IjQOWli8GZb66VGcdj+SpYd0Lsh,14.319196978222513,26.63917807824504,17.391903066920744
967500,oJXXVhFJaulRsMKo8iZ7PWewFKPbuwQtyXbR0IjQOWli8GZb66VGcdj+SpYd0Lsh,14.418415097992275,18.321518666206146,16.397568350126246
967800,oJXXVhFJaulRsMKo8iZ7PWewFKPbuwQtyXbR0IjQOWli8GZb66VGcdj+SpYd0Lsh,14.291142877245028,19.061028892781003,16.241375762380468
968100,oJXXVhFJaulRsMKo8iZ7PWewFKPbuwQtyXbR0IjQOWli8GZb66VGcdj+SpYd0Lsh,14.361378703459332,18.135426005101174,16.13985024715883
968400,oJXXVhFJaulRsMKo8iZ7PWewFKPbuwQtyXbR0IjQOWli8GZb66VGcdj+SpYd0Lsh,14.792391449936924,20.97638266808491,17.910875989973007
968700,oJXXVhFJaulRsMKo8iZ7PWewFKPbuwQtyXbR0IjQOWli8GZb66VGcdj+SpYd0Lsh,14.271429151576536,19.665200600831877,16.024525950988004
969000,oJXXVhFJaulRsMKo8iZ7PWewFKPbuwQtyXbR0IjQOWli8GZb66VGcdj+SpYd0Lsh,14.318572097532282,18.085962162090635,15.880194133084398
969300,oJXXVhFJaulRsMKo8iZ7PWewFKPbuwQtyXbR0IjQOWli8GZb66VGcdj+SpYd0Lsh,14.263165315626775,19.7988337709109,16.230473107689562
969600,oJXXVhFJaulRsMKo8iZ7PWewFKPbuwQtyXbR0IjQOWli8GZb66VGcdj+SpYd0Lsh,14.278213461102933,18.33024643408728,15.876032357165355
969900,oJXXVhFJaulRsMKo8iZ7PWewFKPbuwQtyXbR0IjQOWli8GZb66VGcdj+SpYd0Lsh,14.31112748982836,20.32257118163125,16.074844824977035
970200,oJXXVhFJaulRsMKo8iZ7PWewFKPbuwQtyXbR0IjQOWli8GZb66VGcdj+SpYd0Lsh,14.231514847235273,17.987848245302565,15.806577352637987
970500,oJXXVhFJaulRsMKo8iZ7PWewFKPbuwQtyXbR0IjQOWli8GZb66VGcdj+SpYd0Lsh,14.238222496128785,19.719529136421038,16.060599162982257
970800,oJXXVhFJaulRsMKo8iZ7PWewFKPbuwQtyXbR0IjQOWli8GZb66VGcdj+SpYd0Lsh,14.346685559142784,18.030448844103653,15.891975013297596
971100,oJXXVhFJaulRsMKo8iZ7PWewFKPbuwQtyXbR0IjQOWli8GZb66VGcdj+SpYd0Lsh,14.431071234149709,20.190160052910425,16.10575294555046
971400,oJXXVhFJaulRsMKo8iZ7PWewFKPbuwQtyXbR0IjQOWli8GZb66VGcdj+SpYd0Lsh,14.36122071280456,18.27976467611284,15.93597173482711
971700,oJXXVhFJaulRsMKo8iZ7PWewFKPbuwQtyXbR0IjQOWli8GZb66VGcdj+SpYd0Lsh,14.497857236343808,19.799078759982823,16.149133799505954
972000,oJXXVhFJaulRsMKo8iZ7PWewFKPbuwQtyXbR0IjQOWli8GZb66VGcdj+SpYd0Lsh,14.278373098093727,20.421535269142336,16.211576669970714
972300,oJXXVhFJaulRsMKo8iZ7PWewFKPbuwQtyXbR0IjQOWli8GZb66VGcdj+SpYd0Lsh,14.205197623244787,21.38527751337348,17.77771207506481
972600,oJXXVhFJaulRsMKo8iZ7PWewFKPbuwQtyXbR0IjQOWli8GZb66VGcdj+SpYd0Lsh,14.315826115761906,18.16842429739773,15.918789404571134
972900,oJXXVhFJaulRsMKo8iZ7PWewFKPbuwQtyXbR0IjQOWli8GZb66VGcdj+SpYd0Lsh,14.366105420093293,16.97953938737731,15.521560491639788
973200,oJXXVhFJaulRsMKo8iZ7PWewFKPbuwQtyXbR0IjQOWli8GZb66VGcdj+SpYd0Lsh,14.35796672069109,17.859994643397854,16.130299657877096
973500,oJXXVhFJaulRsMKo8iZ7PWewFKPbuwQtyXbR0IjQOWli8GZb66VGcdj+SpYd0Lsh,14.300493702034832,18.02424031731952,15.772412518087611
973800,oJXXVhFJaulRsMKo8iZ7PWewFKPbuwQtyXbR0IjQOWli8GZb66VGcdj+SpYd0Lsh,14.410184942613975,18.04804251811064,16.19167507498724
974100,oJXXVhFJaulRsMKo8iZ7PWewFKPbuwQtyXbR0IjQOWli8GZb66VGcdj+SpYd0Lsh,14.377555534710872,18.066976784543662,15.838808266619072
974400,oJXXVhFJaulRsMKo8iZ7PWewFKPbuwQtyXbR0IjQOWli8GZb66VGcdj+SpYd0Lsh,14.52829634030416,21.86975095579624,18.718060649381087
974700,oJXXVhFJaulRsMKo8iZ7PWewFKPbuwQtyXbR0IjQOWli8GZb66VGcdj+SpYd0Lsh,19.417042450797755,23.217519172918887,21.03005451754012
975000,oJXXVhFJaulRsMKo8iZ7PWewFKPbuwQtyXbR0IjQOWli8GZb66VGcdj+SpYd0Lsh,14.610272570875168,25.575319997063733,17.444649067953076
975300,oJXXVhFJaulRsMKo8iZ7PWewFKPbuwQtyXbR0IjQOWli8GZb66VGcdj+SpYd0Lsh,14.675809392394113,18.341224456344293,16.00395774560067
975600,oJXXVhFJaulRsMKo8iZ7PWewFKPbuwQtyXbR0IjQOWli8GZb66VGcdj+SpYd0Lsh,14.696696446240193,32.270228460920606,17.748668101923023
975900,oJXXVhFJaulRsMKo8iZ7PWewFKPbuwQtyXbR0IjQOWli8GZb66VGcdj+SpYd0Lsh,14.753332134009248,61.152403559101984,24.97423967987774
976200,oJXXVhFJaulRsMKo8iZ7PWewFKPbuwQtyXbR0IjQOWli8GZb66VGcdj+SpYd0Lsh,14.6306119241498,21.10938051696969,17.968041165366174
976500,oJXXVhFJaulRsMKo8iZ7PWewFKPbuwQtyXbR0IjQOWli8GZb66VGcdj+SpYd0Lsh,14.420137198071147,18.108007056690976,15.874649747317
976800,oJXXVhFJaulRsMKo8iZ7PWewFKPbuwQtyXbR0IjQOWli8GZb66VGcdj+SpYd0Lsh,14.403715715245376,18.270835676361465,16.127099090435678
977100,oJXXVhFJaulRsMKo8iZ7PWewFKPbuwQtyXbR0IjQOWli8GZb66VGcdj+SpYd0Lsh,14.496717111793906,17.039518580845456,15.630624282855186
977400,oJXXVhFJaulRsMKo8iZ7PWewFKPbuwQtyXbR0IjQOWli8GZb66VGcdj+SpYd0Lsh,14.539397766728728,19.37261857396267,16.303561118628647
977700,oJXXVhFJaulRsMKo8iZ7PWewFKPbuwQtyXbR0IjQOWli8GZb66VGcdj+SpYd0Lsh,14.428716446873032,18.29128517236385,15.909263677674454
978000,oJXXVhFJaulRsMKo8iZ7PWewFKPbuwQtyXbR0IjQOWli8GZb66VGcdj+SpYd0Lsh,14.454326904867864,19.45577599437749,16.156094586943492
978300,oJXXVhFJaulRsMKo8iZ7PWewFKPbuwQtyXbR0IjQOWli8GZb66VGcdj+SpYd0Lsh,14.274394711705895,18.30618722564348,15.848588910909177
978600,oJXXVhFJaulRsMKo8iZ7PWewFKPbuwQtyXbR0IjQOWli8GZb66VGcdj+SpYd0Lsh,14.503031397690007,19.74931365172719,16.779121324575716
978900,oJXXVhFJaulRsMKo8iZ7PWewFKPbuwQtyXbR0IjQOWli8GZb66VGcdj+SpYd0Lsh,14.485095186628236,17.957115595080506,15.885724179197664
979200,oJXXVhFJaulRsMKo8iZ7PWewFKPbuwQtyXbR0IjQOWli8GZb66VGcdj+SpYd0Lsh,14.38056194045903,19.514756342742285,16.12566073149115
979500,oJXXVhFJaulRsMKo8iZ7PWewFKPbuwQtyXbR0IjQOWli8GZb66VGcdj+SpYd0Lsh,14.206501478785247,18.19282121613093,15.951617759800774
979800,oJXXVhFJaulRsMKo8iZ7PWewFKPbuwQtyXbR0IjQOWli8GZb66VGcdj+SpYd0Lsh,14.50976551258488,20.405235145922447,17.32509629056519
980100,oJXXVhFJaulRsMKo8iZ7PWewFKPbuwQtyXbR0IjQOWli8GZb66VGcdj+SpYd0Lsh,14.526670853953869,19.560382908214432,16.908195899882625
980400,oJXXVhFJaulRsMKo8iZ7PWewFKPbuwQtyXbR0IjQOWli8GZb66VGcdj+SpYd0Lsh,14.359634817796572,19.754589226393488,16.15341071284183
980700,oJXXVhFJaulRsMKo8iZ7PWewFKPbuwQtyXbR0IjQOWli8GZb66VGcdj+SpYd0Lsh,14.455040729719707,18.1266473197598,16.10130819759123
981000,oJXXVhFJaulRsMKo8iZ7PWewFKPbuwQtyXbR0IjQOWli8GZb66VGcdj+SpYd0Lsh,14.42074005599526,19.33729047255738,16.13306539205847
981300,oJXXVhFJaulRsMKo8iZ7PWewFKPbuwQtyXbR0IjQOWli8GZb66VGcdj+SpYd0Lsh,14.270870491119348,18.084564926314336,15.857545933472332
981600,oJXXVhFJaulRsMKo8iZ7PWewFKPbuwQtyXbR0IjQOWli8GZb66VGcdj+SpYd0Lsh,14.515867736241006,18.45439850407412,16.142506995795948
981900,oJXXVhFJaulRsMKo8iZ7PWewFKPbuwQtyXbR0IjQOWli8GZb66VGcdj+SpYd0Lsh,14.499596914058973,18.204828418816994,15.886366641584432
982200,oJXXVhFJaulRsMKo8iZ7PWewFKPbuwQtyXbR0IjQOWli8GZb66VGcdj+SpYd0Lsh,14.635586736907245,19.91713430499436,16.559311549482157
982500,oJXXVhFJaulRsMKo8iZ7PWewFKPbuwQtyXbR0IjQOWli8GZb66VGcdj+SpYd0Lsh,14.377537004105257,18.22454544574228,15.907512285390276
982800,oJXXVhFJaulRsMKo8iZ7PWewFKPbuwQtyXbR0IjQOWli8GZb66VGcdj+SpYd0Lsh,14.431758764079069,18.149404748599856,16.184195786345175
983100,oJXXVhFJaulRsMKo8iZ7PWewFKPbuwQtyXbR0IjQOWli8GZb66VGcdj+SpYd0Lsh,14.356963488684142,18.17746618437608,15.86787184181537
983400,oJXXVhFJaulRsMKo8iZ7PWewFKPbuwQtyXbR0IjQOWli8GZb66VGcdj+SpYd0Lsh,14.529782880832755,18.123355300863803,16.19174752850227
983700,oJXXVhFJaulRsMKo8iZ7PWewFKPbuwQtyXbR0IjQOWli8GZb66VGcdj+SpYd0Lsh,14.588818484329536,21.097866560274415,17.956211252937333
984000,oJXXVhFJaulRsMKo8iZ7PWewFKPbuwQtyXbR0IjQOWli8GZb66VGcdj+SpYd0Lsh,14.292212752873608,18.16505684027429,16.092744050296336
984300,oJXXVhFJaulRsMKo8iZ7PWewFKPbuwQtyXbR0IjQOWli8GZb66VGcdj+SpYd0Lsh,14.41571775897607,18.02206940214036,15.89134168883282
984600,oJXXVhFJaulRsMKo8iZ7PWewFKPbuwQtyXbR0IjQOWli8GZb66VGcdj+SpYd0Lsh,14.476444140137955,18.09899246637108,16.13058552824507
984900,oJXXVhFJaulRsMKo8iZ7PWewFKPbuwQtyXbR0IjQOWli8GZb66VGcdj+SpYd0Lsh,14.462155480618613,18.069336427854772,16.055400955361577
985200,oJXXVhFJaulRsMKo8iZ7PWewFKPbuwQtyXbR0IjQOWli8GZb66VGcdj+SpYd0Lsh,14.358160564690293,18.255452683285384,16.182834177869356
985500,oJXXVhFJaulRsMKo8iZ7PWewFKPbuwQtyXbR0IjQOWli8GZb66VGcdj+SpYd0Lsh,14.425961543662089,18.25015543324964,15.907808933880323
985800,oJXXVhFJaulRsMKo8iZ7PWewFKPbuwQtyXbR0IjQOWli8GZb66VGcdj+SpYd0Lsh,14.445036231274733,20.524810492071687,16.56724219532221
986100,oJXXVhFJaulRsMKo8iZ7PWewFKPbuwQtyXbR0IjQOWli8GZb66VGcdj+SpYd0Lsh,14.481522211075577,18.487008517276237,15.924521376846652
986400,oJXXVhFJaulRsMKo8iZ7PWewFKPbuwQtyXbR0IjQOWli8GZb66VGcdj+SpYd0Lsh,14.319489278711163,21.016487396746783,16.186041494565465
986700,oJXXVhFJaulRsMKo8iZ7PWewFKPbuwQtyXbR0IjQOWli8GZb66VGcdj+SpYd0Lsh,14.300642924329988,18.214138916395328,15.970183603409357
987000,oJXXVhFJaulRsMKo8iZ7PWewFKPbuwQtyXbR0IjQOWli8GZb66VGcdj+SpYd0Lsh,14.506640220478792,19.81738169868037,16.044075831215814
987300,oJXXVhFJaulRsMKo8iZ7PWewFKPbuwQtyXbR0IjQOWli8GZb66VGcdj+SpYd0Lsh,14.40548725492037,20.253541258227543,16.171877843140464
987600,oJXXVhFJaulRsMKo8iZ7PWewFKPbuwQtyXbR0IjQOWli8GZb66VGcdj+SpYd0Lsh,14.289676264347516,24.4125408436625,17.8565875797019
987900,oJXXVhFJaulRsMKo8iZ7PWewFKPbuwQtyXbR0IjQOWli8GZb66VGcdj+SpYd0Lsh,14.274381719879884,18.122464046639752,15.84903185905148
988200,oJXXVhFJaulRsMKo8iZ7PWewFKPbuwQtyXbR0IjQOWli8GZb66VGcdj+SpYd0Lsh,14.363981350475928,20.905117440263595,16.146790388686938
988500,oJXXVhFJaulRsMKo8iZ7PWewFKPbuwQtyXbR0IjQOWli8GZb66VGcdj+SpYd0Lsh,14.303391640216136,17.76775768492673,15.66597364414303
988800,oJXXVhFJaulRsMKo8iZ7PWewFKPbuwQtyXbR0IjQOWli8GZb66VGcdj+SpYd0Lsh,14.509170412354434,21.11997795634619,16.188829757546422
989100,oJXXVhFJaulRsMKo8iZ7PWewFKPbuwQtyXbR0IjQOWli8GZb66VGcdj+SpYd0Lsh,14.382150930468312,26.58713518520815,16.850102232928258
989400,oJXXVhFJaulRsMKo8iZ7PWewFKPbuwQtyXbR0IjQOWli8GZb66VGcdj+SpYd0Lsh,14.399291474719782,19.18058137120033,16.15638260359391
989700,oJXXVhFJaulRsMKo8iZ7PWewFKPbuwQtyXbR0IjQOWli8GZb66VGcdj+SpYd0Lsh,14.216379696888207,18.173298837858603,15.872334772962038
990000,oJXXVhFJaulRsMKo8iZ7PWewFKPbuwQtyXbR0IjQOWli8GZb66VGcdj+SpYd0Lsh,14.287824055276037,17.770311288030676,16.116401603796156
990300,oJXXVhFJaulRsMKo8iZ7PWewFKPbuwQtyXbR0IjQOWli8GZb66VGcdj+SpYd0Lsh,14.605010325266743,17.598867753686775,15.836198380946492
990600,oJXXVhFJaulRsMKo8iZ7PWewFKPbuwQtyXbR0IjQOWli8GZb66VGcdj+SpYd0Lsh,14.427405826549954,18.1230847899854,16.106620492320253
990900,oJXXVhFJaulRsMKo8iZ7PWewFKPbuwQtyXbR0IjQOWli8GZb66VGcdj+SpYd0Lsh,14.39560900272199,17.780822260496606,15.768626786226786
991200,oJXXVhFJaulRsMKo8iZ7PWewFKPbuwQtyXbR0IjQOWli8GZb66VGcdj+SpYd0Lsh,14.622063929950476,20.5021953914963,17.79929146127397
991500,oJXXVhFJaulRsMKo8iZ7PWewFKPbuwQtyXbR0IjQOWli8GZb66VGcdj+SpYd0Lsh,14.59505548820774,20.054736891596352,16.612842449919004
991800,oJXXVhFJaulRsMKo8iZ7PWewFKPbuwQtyXbR0IjQOWli8GZb66VGcdj+SpYd0Lsh,14.438202044076752,17.865771791726655,16.1002559014451
992100,oJXXVhFJaulRsMKo8iZ7PWewFKPbuwQtyXbR0IjQOWli8GZb66VGcdj+SpYd0Lsh,14.93992870507992,18.618417602098774,16.905843043536542
992400,oJXXVhFJaulRsMKo8iZ7PWewFKPbuwQtyXbR0IjQOWli8GZb66VGcdj+SpYd0Lsh,14.640316649612767,17.907282635027894,16.242297965641818
992700,oJXXVhFJaulRsMKo8iZ7PWewFKPbuwQtyXbR0IjQOWli8GZb66VGcdj+SpYd0Lsh,14.385019960932382,17.766701133717753,15.712353886759573
993000,oJXXVhFJaulRsMKo8iZ7PWewFKPbuwQtyXbR0IjQOWli8GZb66VGcdj+SpYd0Lsh,14.334408508339823,18.213713042298952,16.533359561796498
993300,oJXXVhFJaulRsMKo8iZ7PWewFKPbuwQtyXbR0IjQOWli8GZb66VGcdj+SpYd0Lsh,14.543871325437792,17.92099054254254,15.8708207629239
993600,oJXXVhFJaulRsMKo8iZ7PWewFKPbuwQtyXbR0IjQOWli8GZb66VGcdj+SpYd0Lsh,14.411285928107707,17.729026654049452,16.115194875701963
993900,oJXXVhFJaulRsMKo8iZ7PWewFKPbuwQtyXbR0IjQOWli8GZb66VGcdj+SpYd0Lsh,14.361327619242726,18.10803728892993,15.878712937773669
994200,oJXXVhFJaulRsMKo8iZ7PWewFKPbuwQtyXbR0IjQOWli8GZb66VGcdj+SpYd0Lsh,14.594951956847542,19.674478867308014,16.2133816022906
994500,oJXXVhFJaulRsMKo8iZ7PWewFKPbuwQtyXbR0IjQOWli8GZb66VGcdj+SpYd0Lsh,14.53188426310644,17.74546568945839,15.89359481655295
994800,oJXXVhFJaulRsMKo8iZ7PWewFKPbuwQtyXbR0IjQOWli8GZb66VGcdj+SpYd0Lsh,14.356989213447914,19.348555695887963,16.101201494005412
995100,oJXXVhFJaulRsMKo8iZ7PWewFKPbuwQtyXbR0IjQOWli8GZb66VGcdj+SpYd0Lsh,14.668482952388338,21.850857340016255,18.48727027607031
995400,oJXXVhFJaulRsMKo8iZ7PWewFKPbuwQtyXbR0IjQOWli8GZb66VGcdj+SpYd0Lsh,14.463688214959566,30.18731407159096,18.234556562344483
995700,oJXXVhFJaulRsMKo8iZ7PWewFKPbuwQtyXbR0IjQOWli8GZb66VGcdj+SpYd0Lsh,14.3072294635874,17.782920679861117,15.80676996184779
996000,oJXXVhFJaulRsMKo8iZ7PWewFKPbuwQtyXbR0IjQOWli8GZb66VGcdj+SpYd0Lsh,14.458239163667535,19.425349093802176,16.16872956776429
996300,oJXXVhFJaulRsMKo8iZ7PWewFKPbuwQtyXbR0IjQOWli8GZb66VGcdj+SpYd0Lsh,14.449289268430988,17.708735519177537,15.815062303984943
996600,oJXXVhFJaulRsMKo8iZ7PWewFKPbuwQtyXbR0IjQOWli8GZb66VGcdj+SpYd0Lsh,14.463911766877615,20.57906917953324,16.502786058681618
996900,oJXXVhFJaulRsMKo8iZ7PWewFKPbuwQtyXbR0IjQOWli8GZb66VGcdj+SpYd0Lsh,14.547206511409856,17.92512811993488,15.783345061529634
997200,oJXXVhFJaulRsMKo8iZ7PWewFKPbuwQtyXbR0IjQOWli8GZb66VGcdj+SpYd0Lsh,14.457952651264309,19.210408048158072,16.12682629140611
997500,oJXXVhFJaulRsMKo8iZ7PWewFKPbuwQtyXbR0IjQOWli8GZb66VGcdj+SpYd0Lsh,14.345384093711235,18.232053907664103,15.793536880140651
997800,oJXXVhFJaulRsMKo8iZ7PWewFKPbuwQtyXbR0IjQOWli8GZb66VGcdj+SpYd0Lsh,14.367640312593164,19.26569497731215,16.148041444904933
998100,oJXXVhFJaulRsMKo8iZ7PWewFKPbuwQtyXbR0IjQOWli8GZb66VGcdj+SpYd0Lsh,14.419010928505973,17.969455001128544,15.865581114690206
998400,oJXXVhFJaulRsMKo8iZ7PWewFKPbuwQtyXbR0IjQOWli8GZb66VGcdj+SpYd0Lsh,14.496047755582168,18.006966430484553,16.10695283968896
998700,oJXXVhFJaulRsMKo8iZ7PWewFKPbuwQtyXbR0IjQOWli8GZb66VGcdj+SpYd0Lsh,14.383513984518029,18.294572624367667,15.844008512035442
999000,oJXXVhFJaulRsMKo8iZ7PWewFKPbuwQtyXbR0IjQOWli8GZb66VGcdj+SpYd0Lsh,14.423037774745268,21.02889697884804,18.231798709398497
999300,oJXXVhFJaulRsMKo8iZ7PWewFKPbuwQtyXbR0IjQOWli8GZb66VGcdj+SpYd0Lsh,14.319019008149656,18.24947993821763,15.828647161671295
999600,oJXXVhFJaulRsMKo8iZ7PWewFKPbuwQtyXbR0IjQOWli8GZb66VGcdj+SpYd0Lsh,14.22076832829911,18.17469663429886,16.08874409738103
999900,oJXXVhFJaulRsMKo8iZ7PWewFKPbuwQtyXbR0IjQOWli8GZb66VGcdj+SpYd0Lsh,13.439213395918548,18.621246265646604,15.82909469635202
1000200,oJXXVhFJaulRsMKo8iZ7PWewFKPbuwQtyXbR0IjQOWli8GZb66VGcdj+SpYd0Lsh,12.732799020563595,19.924073473578883,16.29658792609
1000500,oJXXVhFJaulRsMKo8iZ7PWewFKPbuwQtyXbR0IjQOWli8GZb66VGcdj+SpYd0Lsh,12.07732756610968,20.01202531821084,16.48346352585735
1000800,oJXXVhFJaulRsMKo8iZ7PWewFKPbuwQtyXbR0IjQOWli8GZb66VGcdj+SpYd0Lsh,11.29089277505792,20.93827450245682,16.113422414022843
1001100,oJXXVhFJaulRsMKo8iZ7PWewFKPbuwQtyXbR0IjQOWli8GZb66VGcdj+SpYd0Lsh,10.478632384720314,21.480628564250328,15.911705902660112
1001400,oJXXVhFJaulRsMKo8iZ7PWewFKPbuwQtyXbR0IjQOWli8GZb66VGcdj+SpYd0Lsh,9.863374494380084,22.48105458586146,16.1414625306821
1001700,oJXXVhFJaulRsMKo8iZ7PWewFKPbuwQtyXbR0IjQOWli8GZb66VGcdj+SpYd0Lsh,8.962020027370652,22.94365924019209,15.856476748808754
1002000,oJXXVhFJaulRsMKo8iZ7PWewFKPbuwQtyXbR0IjQOWli8GZb66VGcdj+SpYd0Lsh,8.275073772915212,25.742996183525655,16.137326175183354
1002300,oJXXVhFJaulRsMKo8iZ7PWewFKPbuwQtyXbR0IjQOWli8GZb66VGcdj+SpYd0Lsh,7.607339829837847,24.68394578324843,15.874719029042932
1002600,oJXXVhFJaulRsMKo8iZ7PWewFKPbuwQtyXbR0IjQOWli8GZb66VGcdj+SpYd0Lsh,7.332504164197785,29.749895149381864,17.32922411171742
1002900,oJXXVhFJaulRsMKo8iZ7PWewFKPbuwQtyXbR0IjQOWli8GZb66VGcdj+SpYd0Lsh,6.17485595007365,27.366176028947365,16.764443098513453
1003200,oJXXVhFJaulRsMKo8iZ7PWewFKPbuwQtyXbR0IjQOWli8GZb66VGcdj+SpYd0Lsh,5.614694198737138,28.86763761303484,16.122710532546574
1003500,oJXXVhFJaulRsMKo8iZ7PWewFKPbuwQtyXbR0IjQOWli8GZb66VGcdj+SpYd0Lsh,4.855970701198235,27.044881280195654,15.839939796074946
1003800,oJXXVhFJaulRsMKo8iZ7PWewFKPbuwQtyXbR0IjQOWli8GZb66VGcdj+SpYd0Lsh,5.1674701539100765,34.613153665395565,20.832383166479037
1004100,oJXXVhFJaulRsMKo8iZ7PWewFKPbuwQtyXbR0IjQOWli8GZb66VGcdj+SpYd0Lsh,3.8257478809644367,33.32002005915206,20.209901762127135
1004400,oJXXVhFJaulRsMKo8iZ7PWewFKPbuwQtyXbR0IjQOWli8GZb66VGcdj+SpYd0Lsh,2.650566442830309,51.17422340072932,18.410053681317457
1004700,oJXXVhFJaulRsMKo8iZ7PWewFKPbuwQtyXbR0IjQOWli8GZb66VGcdj+SpYd0Lsh,2.761292730050019,64.25804361107743,25.45512387438689
1005000,oJXXVhFJaulRsMKo8iZ7PWewFKPbuwQtyXbR0IjQOWli8GZb66VGcdj+SpYd0Lsh,2.8413907475047004,31.083848042848796,16.191086667326456
1005300,oJXXVhFJaulRsMKo8iZ7PWewFKPbuwQtyXbR0IjQOWli8GZb66VGcdj+SpYd0Lsh,2.698304775335143,29.95892961788156,15.883439043447478
1005600,oJXXVhFJaulRsMKo8iZ7PWewFKPbuwQtyXbR0IjQOWli8GZb66VGcdj+SpYd0Lsh,2.7025671919682086,31.25085575444178,16.130454735251067
1005900,oJXXVhFJaulRsMKo8iZ7PWewFKPbuwQtyXbR0IjQOWli8GZb66VGcdj+SpYd0Lsh,2.829134089832416,29.663425844505145,15.840143642105335
1006200,oJXXVhFJaulRsMKo8iZ7PWewFKPbuwQtyXbR0IjQOWli8GZb66VGcdj+SpYd0Lsh,2.830302565762823,29.52190210768698,16.113335332215456
1006500,oJXXVhFJaulRsMKo8iZ7PWewFKPbuwQtyXbR0IjQOWli8GZb66VGcdj+SpYd0Lsh,3.4811319602262483,32.66570170873298,18.13815869782343
1006800,oJXXVhFJaulRsMKo8iZ7PWewFKPbuwQtyXbR0IjQOWli8GZb66VGcdj+SpYd0Lsh,2.7156732620959865,29.646922368705667,16.125552026509563
1007100,oJXXVhFJaulRsMKo8iZ7PWewFKPbuwQtyXbR0IjQOWli8GZb66VGcdj+SpYd0Lsh,2.680655398052654,29.537967206192267,15.964116972687457
1007400,oJXXVhFJaulRsMKo8iZ7PWewFKPbuwQtyXbR0IjQOWli8GZb66VGcdj+SpYd0Lsh,2.913401412910861,29.59592312433124,16.20445315453155
1007700,oJXXVhFJaulRsMKo8iZ7PWewFKPbuwQtyXbR0IjQOWli8GZb66VGcdj+SpYd0Lsh,2.7450454253090872,33.83230144015838,16.632694052411786
1008000,oJXXVhFJaulRsMKo8iZ7PWewFKPbuwQtyXbR0IjQOWli8GZb66VGcdj+SpYd0Lsh,2.686471477106525,29.7080931678887,16.20780568435603
1008300,oJXXVhFJaulRsMKo8iZ7PWewFKPbuwQtyXbR0IjQOWli8GZb66VGcdj+SpYd0Lsh,2.7018717853741294,29.881450279090807,14.57177276833998
1008600,oJXXVhFJaulRsMKo8iZ7PWewFKPbuwQtyXbR0IjQOWli8GZb66VGcdj+SpYd0Lsh,2.9391416388646623,29.63871820303792,16.30176027046624
1008900,oJXXVhFJaulRsMKo8iZ7PWewFKPbuwQtyXbR0IjQOWli8GZb66VGcdj+SpYd0Lsh,2.6490234328227285,29.82345183744623,16.097648518543025
1009200,oJXXVhFJaulRsMKo8iZ7PWewFKPbuwQtyXbR0IjQOWli8GZb66VGcdj+SpYd0Lsh,2.711066400916857,29.689263222161262,16.121024045978128
1009500,oJXXVhFJaulRsMKo8iZ7PWewFKPbuwQtyXbR0IjQOWli8GZb66VGcdj+SpYd0Lsh,2.802860226448236,29.762048201667117,15.9309043795072
1009800,oJXXVhFJaulRsMKo8iZ7PWewFKPbuwQtyXbR0IjQOWli8GZb66VGcdj+SpYd0Lsh,2.7567738351655007,29.65303575355245,16.064540359387834
1010100,oJXXVhFJaulRsMKo8iZ7PWewFKPbuwQtyXbR0IjQOWli8GZb66VGcdj+SpYd0Lsh,2.7823538548375866,31.1557147385474,16.205992264206728
1010400,oJXXVhFJaulRsMKo8iZ7PWewFKPbuwQtyXbR0IjQOWli8GZb66VGcdj+SpYd0Lsh,2.801513695765927,32.5843823919093,17.934808304380105
1010700,oJXXVhFJaulRsMKo8iZ7PWewFKPbuwQtyXbR0IjQOWli8GZb66VGcdj+SpYd0Lsh,2.7004192089600667,29.93283303668104,15.775390101073238
1011000,oJXXVhFJaulRsMKo8iZ7PWewFKPbuwQtyXbR0IjQOWli8GZb66VGcdj+SpYd0Lsh,2.767536438543224,31.32267060410177,16.183877859393185
1011300,oJXXVhFJaulRsMKo8iZ7PWewFKPbuwQtyXbR0IjQOWli8GZb66VGcdj+SpYd0Lsh,2.676970899310464,29.872746606461256,16.239709002509418
1011600,oJXXVhFJaulRsMKo8iZ7PWewFKPbuwQtyXbR0IjQOWli8GZb66VGcdj+SpYd0Lsh,2.6947358247736544,31.480651092476847,16.108069278993753
1011900,oJXXVhFJaulRsMKo8iZ7PWewFKPbuwQtyXbR0IjQOWli8GZb66VGcdj+SpYd0Lsh,2.6491493740385845,29.440644021547705,15.815869672261476
1012200,oJXXVhFJaulRsMKo8iZ7PWewFKPbuwQtyXbR0IjQOWli8GZb66VGcdj+SpYd0Lsh,2.7364387920866724,31.36578481633968,16.089153382107547
1012500,oJXXVhFJaulRsMKo8iZ7PWewFKPbuwQtyXbR0IjQOWli8GZb66VGcdj+SpYd0Lsh,2.7774857273295464,29.86622031862728,14.431619465062294
1012800,oJXXVhFJaulRsMKo8iZ7PWewFKPbuwQtyXbR0IjQOWli8GZb66VGcdj+SpYd0Lsh,2.601965415460855,31.216489363844648,16.001324419117626
1013100,oJXXVhFJaulRsMKo8iZ7PWewFKPbuwQtyXbR0IjQOWli8GZb66VGcdj+SpYd0Lsh,2.8194281883975263,29.776881663771658,15.833936864813335
1013400,oJXXVhFJaulRsMKo8iZ7PWewFKPbuwQtyXbR0IjQOWli8GZb66VGcdj+SpYd0Lsh,2.640664428958747,31.664082781453477,16.08100574224787
1013700,oJXXVhFJaulRsMKo8iZ7PWewFKPbuwQtyXbR0IjQOWli8GZb66VGcdj+SpYd0Lsh,2.5673161707605106,29.751704923761707,15.796681818394276
1014000,oJXXVhFJaulRsMKo8iZ7PWewFKPbuwQtyXbR0IjQOWli8GZb66VGcdj+SpYd0Lsh,2.72944803033525,34.46505349698583,17.60960351317203
1014300,oJXXVhFJaulRsMKo8iZ7PWewFKPbuwQtyXbR0IjQOWli8GZb66VGcdj+SpYd0Lsh,2.6508266414451698,31.20609666651559,16.35535479288009
1014600,oJXXVhFJaulRsMKo8iZ7PWewFKPbuwQtyXbR0IjQOWli8GZb66VGcdj+SpYd0Lsh,2.6384322350770057,29.366442795249725,15.894325855337891
1014900,oJXXVhFJaulRsMKo8iZ7PWewFKPbuwQtyXbR0IjQOWli8GZb66VGcdj+SpYd0Lsh,2.656743140059983,31.990058267455307,16.442980120175534
1015200,oJXXVhFJaulRsMKo8iZ7PWewFKPbuwQtyXbR0IjQOWli8GZb66VGcdj+SpYd0Lsh,2.794415934922203,29.572759263442716,15.782144781097433
1015500,oJXXVhFJaulRsMKo8iZ7PWewFKPbuwQtyXbR0IjQOWli8GZb66VGcdj+SpYd0Lsh,2.6251624031788845,29.674047624265615,16.109533176693557
1015800,oJXXVhFJaulRsMKo8iZ7PWewFKPbuwQtyXbR0IjQOWli8GZb66VGcdj+SpYd0Lsh,2.7274154280779674,29.721574695229663,15.845045982287573
1016100,oJXXVhFJaulRsMKo8iZ7PWewFKPbuwQtyXbR0IjQOWli8GZb66VGcdj+SpYd0Lsh,2.613887006971848,29.473135486789037,16.139964020910558
1016400,oJXXVhFJaulRsMKo8iZ7PWewFKPbuwQtyXbR0IjQOWli8GZb66VGcdj+SpYd0Lsh,2.7689684706794115,29.45251001694159,15.660765721614792
1016700,oJXXVhFJaulRsMKo8iZ7PWewFKPbuwQtyXbR0IjQOWli8GZb66VGcdj+SpYd0Lsh,2.7907988202611325,29.55862196046157,17.560853020255266
1017000,oJXXVhFJaulRsMKo8iZ7PWewFKPbuwQtyXbR0IjQOWli8GZb66VGcdj+SpYd0Lsh,2.59415800264654,29.59336723139817,15.774645214956374
1017300,oJXXVhFJaulRsMKo8iZ7PWewFKPbuwQtyXbR0IjQOWli8GZb66VGcdj+SpYd0Lsh,2.6088158560275563,29.601944702860944,15.999702305820172
1017600,oJXXVhFJaulRsMKo8iZ7PWewFKPbuwQtyXbR0IjQOWli8GZb66VGcdj+SpYd0Lsh,2.72478829017422,29.64979590421396,15.77936657644162
1017900,oJXXVhFJaulRsMKo8iZ7PWewFKPbuwQtyXbR0IjQOWli8GZb66VGcdj+SpYd0Lsh,5.5277923962862126,32.39080938676101,18.691175527905887
1018200,oJXXVhFJaulRsMKo8iZ7PWewFKPbuwQtyXbR0IjQOWli8GZb66VGcdj+SpYd0Lsh,2.782817829377712,30.852782053877885,16.855409243295387
1018500,oJXXVhFJaulRsMKo8iZ7PWewFKPbuwQtyXbR0IjQOWli8GZb66VGcdj+SpYd0Lsh,2.6700111870675607,32.97967229154034,16.446902935800562
1018800,oJXXVhFJaulRsMKo8iZ7PWewFKPbuwQtyXbR0IjQOWli8GZb66VGcdj+SpYd0Lsh,2.7870053590262027,29.51842304962613,15.727508475192694
1019100,oJXXVhFJaulRsMKo8iZ7PWewFKPbuwQtyXbR0IjQOWli8GZb66VGcdj+SpYd0Lsh,2.6149082630715084,30.94768134490181,16.031558109776903
1019400,oJXXVhFJaulRsMKo8iZ7PWewFKPbuwQtyXbR0IjQOWli8GZb66VGcdj+SpYd0Lsh,2.7238952458775216,29.239220665189528,15.880188309037576
1019700,oJXXVhFJaulRsMKo8iZ7PWewFKPbuwQtyXbR0IjQOWli8GZb66VGcdj+SpYd0Lsh,2.6870403840783763,31.46436368251437,16.05004466949458
1020000,oJXXVhFJaulRsMKo8iZ7PWewFKPbuwQtyXbR0IjQOWli8GZb66VGcdj+SpYd0Lsh,2.930263084524083,29.566130600158285,15.828893455250189
1020300,oJXXVhFJaulRsMKo8iZ7PWewFKPbuwQtyXbR0IjQOWli8GZb66VGcdj+SpYd0Lsh,2.601538176952369,31.243731378265228,16.145992661413885
1020600,oJXXVhFJaulRsMKo8iZ7PWewFKPbuwQtyXbR0IjQOWli8GZb66VGcdj+SpYd0Lsh,2.724099358555585,29.30575867157847,15.871651324968322
1020900,oJXXVhFJaulRsMKo8iZ7PWewFKPbuwQtyXbR0IjQOWli8GZb66VGcdj+SpYd0Lsh,2.6268754250045734,31.436419143882663,17.518742416555366
1021200,oJXXVhFJaulRsMKo8iZ7PWewFKPbuwQtyXbR0IjQOWli8GZb66VGcdj+SpYd0Lsh,2.664573744437445,29.45855285823501,16.016162274400426
1021500,oJXXVhFJaulRsMKo8iZ7PWewFKPbuwQtyXbR0IjQOWli8GZb66VGcdj+SpYd0Lsh,2.660707634001428,34.3772844389524,17.069190980350164
1021800,oJXXVhFJaulRsMKo8iZ7PWewFKPbuwQtyXbR0IjQOWli8GZb66VGcdj+SpYd0Lsh,3.125587749109056,32.71791976830187,18.14009579757998
1022100,oJXXVhFJaulRsMKo8iZ7PWewFKPbuwQtyXbR0IjQOWli8GZb66VGcdj+SpYd0Lsh,2.628993256372877,33.90545185468112,17.448528515491553
1022400,oJXXVhFJaulRsMKo8iZ7PWewFKPbuwQtyXbR0IjQOWli8GZb66VGcdj+SpYd0Lsh,2.824605321118506,29.47801786986761,15.905626801308305
1022700,oJXXVhFJaulRsMKo8iZ7PWewFKPbuwQtyXbR0IjQOWli8GZb66VGcdj+SpYd0Lsh,2.852346178192899,31.005783091696863,16.290993834122755
1023000,oJXXVhFJaulRsMKo8iZ7PWewFKPbuwQtyXbR0IjQOWli8GZb66VGcdj+SpYd0Lsh,2.778866313376212,29.65084077544641,15.835973148782314
1023300,oJXXVhFJaulRsMKo8iZ7PWewFKPbuwQtyXbR0IjQOWli8GZb66VGcdj+SpYd0Lsh,2.6114515087682904,29.463462044474184,16.09581549999653
1023600,oJXXVhFJaulRsMKo8iZ7PWewFKPbuwQtyXbR0IjQOWli8GZb66VGcdj+SpYd0Lsh,2.714506708741299,29.129887363219844,15.808417695877306
1023900,oJXXVhFJaulRsMKo8iZ7PWewFKPbuwQtyXbR0IjQOWli8GZb66VGcdj+SpYd0Lsh,2.879260056659963,29.72007686332253,16.122149672039022
1024200,oJXXVhFJaulRsMKo8iZ7PWewFKPbuwQtyXbR0IjQOWli8GZb66VGcdj+SpYd0Lsh,2.75582419131594,29.54105428009896,15.893793098727487
1024500,oJXXVhFJaulRsMKo8iZ7PWewFKPbuwQtyXbR0IjQOWli8GZb66VGcdj+SpYd0Lsh,2.6999350904504955,29.732709813002558,16.0733233902131
1024800,oJXXVhFJaulRsMKo8iZ7PWewFKPbuwQtyXbR0IjQOWli8GZb66VGcdj+SpYd0Lsh,2.72150499956772,29.619647491617535,15.83945143746409
1025100,oJXXVhFJaulRsMKo8iZ7PWewFKPbuwQtyXbR0IjQOWli8GZb66VGcdj+SpYd0Lsh,2.8618871954024288,29.66675917419857,17.583659359155266
1025400,oJXXVhFJaulRsMKo8iZ7PWewFKPbuwQtyXbR0IjQOWli8GZb66VGcdj+SpYd0Lsh,2.6580963100797588,29.595695655508777,15.879957016660049
1025700,oJXXVhFJaulRsMKo8iZ7PWewFKPbuwQtyXbR0IjQOWli8GZb66VGcdj+SpYd0Lsh,2.9972622040356,32.48836882463203,18.85156673173816
1026000,oJXXVhFJaulRsMKo8iZ7PWewFKPbuwQtyXbR0IjQOWli8GZb66VGcdj+SpYd0Lsh,2.7183041241982724,29.653569497843808,15.770421850715392
1026300,oJXXVhFJaulRsMKo8iZ7PWewFKPbuwQtyXbR0IjQOWli8GZb66VGcdj+SpYd0Lsh,2.8005231356203195,30.57739484008517,16.136930787523813
1026600,oJXXVhFJaulRsMKo8iZ7PWewFKPbuwQtyXbR0IjQOWli8GZb66VGcdj+SpYd0Lsh,2.7224409073530627,29.93750306279835,15.881366280679968
1026900,oJXXVhFJaulRsMKo8iZ7PWewFKPbuwQtyXbR0IjQOWli8GZb66VGcdj+SpYd0Lsh,2.8521939329405184,29.925294345872416,16.12404359781172
1027200,oJXXVhFJaulRsMKo8iZ7PWewFKPbuwQtyXbR0IjQOWli8GZb66VGcdj+SpYd0Lsh,2.7607573889499197,30.214301972295598,15.842814389163395
1027500,oJXXVhFJaulRsMKo8iZ7PWewFKPbuwQtyXbR0IjQOWli8GZb66VGcdj+SpYd0Lsh,2.694936695775807,32.883186531500506,16.162947186770953
1027800,oJXXVhFJaulRsMKo8iZ7PWewFKPbuwQtyXbR0IjQOWli8GZb66VGcdj+SpYd0Lsh,2.6765987393759345,29.67488234938143,15.8078110772586
1028100,oJXXVhFJaulRsMKo8iZ7PWewFKPbuwQtyXbR0IjQOWli8GZb66VGcdj+SpYd0Lsh,2.7341962717516024,32.72072730665677,16.15206514636614
1028400,oJXXVhFJaulRsMKo8iZ7PWewFKPbuwQtyXbR0IjQOWli8GZb66VGcdj+SpYd0Lsh,2.6729777821888505,29.94434330317144,15.825723197573826
1028700,oJXXVhFJaulRsMKo8iZ7PWewFKPbuwQtyXbR0IjQOWli8GZb66VGcdj+SpYd0Lsh,2.7524765357708225,32.79319043207491,14.700299786351328
1029000,oJXXVhFJaulRsMKo8iZ7PWewFKPbuwQtyXbR0IjQOWli8GZb66VGcdj+SpYd0Lsh,2.623976672810058,29.72779188804494,15.84578592839855
1029300,oJXXVhFJaulRsMKo8iZ7PWewFKPbuwQtyXbR0IjQOWli8GZb66VGcdj+SpYd0Lsh,2.6641993591787987,32.79573819131364,16.2233748469796
1029600,oJXXVhFJaulRsMKo8iZ7PWewFKPbuwQtyXbR0IjQOWli8GZb66VGcdj+SpYd0Lsh,3.0762580764940255,32.50831781234262,18.065134891376506
1029900,oJXXVhFJaulRsMKo8iZ7PWewFKPbuwQtyXbR0IjQOWli8GZb66VGcdj+SpYd0Lsh,2.5963004882843386,32.966246188806274,16.203033304344924
1030200,oJXXVhFJaulRsMKo8iZ7PWewFKPbuwQtyXbR0IjQOWli8GZb66VGcdj+SpYd0Lsh,2.7596691732652667,29.600408887523876,15.844090191797788
1030500,oJXXVhFJaulRsMKo8iZ7PWewFKPbuwQtyXbR0IjQOWli8GZb66VGcdj+SpYd0Lsh,2.784930763464142,32.380936052597995,16.123977406026388
1030800,oJXXVhFJaulRsMKo8iZ7PWewFKPbuwQtyXbR0IjQOWli8GZb66VGcdj+SpYd0Lsh,2.853250323591736,29.720812399649144,15.791053165956614
1031100,oJXXVhFJaulRsMKo8iZ7PWewFKPbuwQtyXbR0IjQOWli8GZb66VGcdj+SpYd0Lsh,3.117197052543785,28.64125273165262,16.0524730500683
1031400,oJXXVhFJaulRsMKo8iZ7PWewFKPbuwQtyXbR0IjQOWli8GZb66VGcdj+SpYd0Lsh,4.032592767511819,27.752574832267094,15.724134841963288
1031700,oJXXVhFJaulRsMKo8iZ7PWewFKPbuwQtyXbR0IjQOWli8GZb66VGcdj+SpYd0Lsh,4.52345416293966,27.17690841519975,16.08138814515062
1032000,oJXXVhFJaulRsMKo8iZ7PWewFKPbuwQtyXbR0IjQOWli8GZb66VGcdj+SpYd0Lsh,5.651229767953987,26.869767133563165,15.815554824866895
1032300,oJXXVhFJaulRsMKo8iZ7PWewFKPbuwQtyXbR0IjQOWli8GZb66VGcdj+SpYd0Lsh,6.5337600195208205,25.837270767943536,16.105287718667046
1032600,oJXXVhFJaulRsMKo8iZ7PWewFKPbuwQtyXbR0IjQOWli8GZb66VGcdj+SpYd0Lsh,7.072115779164014,24.825862058428456,15.82398921444528
1032900,oJXXVhFJaulRsMKo8iZ7PWewFKPbuwQtyXbR0IjQOWli8GZb66VGcdj+SpYd0Lsh,7.632259002647943,26.339810972212664,16.523170707238464
1033200,oJXXVhFJaulRsMKo8iZ7PWewFKPbuwQtyXbR0IjQOWli8GZb66VGcdj+SpYd0Lsh,14.26571888454405,47.480978511519616,23.820166085201983
1033500,oJXXVhFJaulRsMKo8iZ7PWewFKPbuwQtyXbR0IjQOWli8GZb66VGcdj+SpYd0Lsh,9.96228687780841,64.07342027375647,27.58685874169668
1033800,oJXXVhFJaulRsMKo8iZ7PWewFKPbuwQtyXbR0IjQOWli8GZb66VGcdj+SpYd0Lsh,10.263648144709974,22.007465891272677,15.988997319829268
1034100,oJXXVhFJaulRsMKo8iZ7PWewFKPbuwQtyXbR0IjQOWli8GZb66VGcdj+SpYd0Lsh,10.812183553451415,21.297178561479747,16.14167524140043
1034400,oJXXVhFJaulRsMKo8iZ7PWewFKPbuwQtyXbR0IjQOWli8GZb66VGcdj+SpYd0Lsh,11.727344082511028,20.431210167465306,15.762336794510732
1034700,oJXXVhFJaulRsMKo8iZ7PWewFKPbuwQtyXbR0IjQOWli8GZb66VGcdj+SpYd0Lsh,12.627958168885726,19.652322120006584,16.041584116928703
1035000,oJXXVhFJaulRsMKo8iZ7PWewFKPbuwQtyXbR0IjQOWli8GZb66VGcdj+SpYd0Lsh,13.220689438241015,18.80028106491779,15.803006683450487
1035300,oJXXVhFJaulRsMKo8iZ7PWewFKPbuwQtyXbR0IjQOWli8GZb66VGcdj+SpYd0Lsh,14.055755043954372,19.709907125793016,16.043965720791924
1035600,oJXXVhFJaulRsMKo8iZ7PWewFKPbuwQtyXbR0IjQOWli8GZb66VGcdj+SpYd0Lsh,14.77815219498963,17.310552206963592,15.777035242695552
1035900,oJXXVhFJaulRsMKo8iZ7PWewFKPbuwQtyXbR0IjQOWli8GZb66VGcdj+SpYd0Lsh,15.132595329793707,17.936170431401656,15.9806666908252
1036200,oJXXVhFJaulRsMKo8iZ7PWewFKPbuwQtyXbR0IjQOWli8GZb66VGcdj+SpYd0Lsh,14.384280279640077,17.80733638098384,15.894146381932527
1036500,oJXXVhFJaulRsMKo8iZ7PWewFKPbuwQtyXbR0IjQOWli8GZb66VGcdj+SpYd0Lsh,14.159177030314927,20.28141391457881,16.725428419257597
1036800,oJXXVhFJaulRsMKo8iZ7PWewFKPbuwQtyXbR0IjQOWli8GZb66VGcdj+SpYd0Lsh,13.90619481157678,17.896968871554492,15.736536154246677
1037100,oJXXVhFJaulRsMKo8iZ7PWewFKPbuwQtyXbR0IjQOWli8GZb66VGcdj+SpYd0Lsh,14.291807178548096,20.178644881278863,17.547209662372765
1037400,oJXXVhFJaulRsMKo8iZ7PWewFKPbuwQtyXbR0IjQOWli8GZb66VGcdj+SpYd0Lsh,14.044336265641856,21.57119348115947,17.57466589284548
1037700,oJXXVhFJaulRsMKo8iZ7PWewFKPbuwQtyXbR0IjQOWli8GZb66VGcdj+SpYd0Lsh,14.051775313377693,17.717197231469044,16.209563426158127
1038000,oJXXVhFJaulRsMKo8iZ7PWewFKPbuwQtyXbR0IjQOWli8GZb66VGcdj+SpYd0Lsh,14.008793350986172,17.97125066443563,15.90314383892162
1038300,oJXXVhFJaulRsMKo8iZ7PWewFKPbuwQtyXbR0IjQOWli8GZb66VGcdj+SpYd0Lsh,14.226744832363112,17.562455379912446,16.228379641224333
1038600,oJXXVhFJaulRsMKo8iZ7PWewFKPbuwQtyXbR0IjQOWli8GZb66VGcdj+SpYd0Lsh,14.217937122749555,36.48284183365864,17.97337768337396
1038900,oJXXVhFJaulRsMKo8iZ7PWewFKPbuwQtyXbR0IjQOWli8GZb66VGcdj+SpYd0Lsh,14.104191341719243,17.60999272624828,16.203155606727922
1039200,oJXXVhFJaulRsMKo8iZ7PWewFKPbuwQtyXbR0IjQOWli8GZb66VGcdj+SpYd0Lsh,13.99467744132974,17.913117392281652,15.8979815169007
1039500,oJXXVhFJaulRsMKo8iZ7PWewFKPbuwQtyXbR0IjQOWli8GZb66VGcdj+SpYd0Lsh,14.077001692139858,19.21377656156364,16.124754605889866
1039800,oJXXVhFJaulRsMKo8iZ7PWewFKPbuwQtyXbR0IjQOWli8GZb66VGcdj+SpYd0Lsh,14.127887000359578,17.950108898555904,15.907259631569792
1040100,oJXXVhFJaulRsMKo8iZ7PWewFKPbuwQtyXbR0IjQOWli8GZb66VGcdj+SpYd0Lsh,14.324357848330228,22.76827937828135,16.566587122482392
1040400,oJXXVhFJaulRsMKo8iZ7PWewFKPbuwQtyXbR0IjQOWli8GZb66VGcdj+SpYd0Lsh,13.912229441494366,17.595921031853916,15.878357806386791
1040700,oJXXVhFJaulRsMKo8iZ7PWewFKPbuwQtyXbR0IjQOWli8GZb66VGcdj+SpYd0Lsh,14.115677139258691,20.113214808817535,16.126069076160817
1041000,oJXXVhFJaulRsMKo8iZ7PWewFKPbuwQtyXbR0IjQOWli8GZb66VGcdj+SpYd0Lsh,14.359746444826923,20.166092780186386,17.551317312144782
1041300,oJXXVhFJaulRsMKo8iZ7PWewFKPbuwQtyXbR0IjQOWli8GZb66VGcdj+SpYd0Lsh,16.419586271186663,23.006989599127028,19.10320358026527
1041600,oJXXVhFJaulRsMKo8iZ7PWewFKPbuwQtyXbR0IjQOWli8GZb66VGcdj+SpYd0Lsh,14.157847066465957,17.462997714901423,15.877402284446374
1041900,oJXXVhFJaulRsMKo8iZ7PWewFKPbuwQtyXbR0IjQOWli8GZb66VGcdj+SpYd0Lsh,14.088954546674382,19.82570321227585,16.164242456258673
1042200,oJXXVhFJaulRsMKo8iZ7PWewFKPbuwQtyXbR0IjQOWli8GZb66VGcdj+SpYd0Lsh,13.978449821433069,17.588202107531526,15.799361903029771
1042500,oJXXVhFJaulRsMKo8iZ7PWewFKPbuwQtyXbR0IjQOWli8GZb66VGcdj+SpYd0Lsh,14.018598150524722,19.54140130752972,16.08069020995072
1042800,oJXXVhFJaulRsMKo8iZ7PWewFKPbuwQtyXbR0IjQOWli8GZb66VGcdj+SpYd0Lsh,14.189185793115112,17.525952546830325,15.876579446095818
1043100,oJXXVhFJaulRsMKo8iZ7PWewFKPbuwQtyXbR0IjQOWli8GZb66VGcdj+SpYd0Lsh,13.882414695761726,19.61121478073709,16.08974801049208
1043400,oJXXVhFJaulRsMKo8iZ7PWewFKPbuwQtyXbR0IjQOWli8GZb66VGcdj+SpYd0Lsh,14.086461486887009,17.67629637441088,15.9597770610673
1043700,oJXXVhFJaulRsMKo8iZ7PWewFKPbuwQtyXbR0IjQOWli8GZb66VGcdj+SpYd0Lsh,14.0667697542566,20.549948155731965,16.578009596773637
1044000,oJXXVhFJaulRsMKo8iZ7PWewFKPbuwQtyXbR0IjQOWli8GZb66VGcdj+SpYd0Lsh,13.96662351928278,17.2355062240906,15.788502057369277
1044300,oJXXVhFJaulRsMKo8iZ7PWewFKPbuwQtyXbR0IjQOWli8GZb66VGcdj+SpYd0Lsh,14.102671132354056,18.22981638557829,16.190125505057402
1044600,oJXXVhFJaulRsMKo8iZ7PWewFKPbuwQtyXbR0IjQOWli8GZb66VGcdj+SpYd0Lsh,14.149028493518005,17.921882265149435,16.201698216753478
1044900,oJXXVhFJaulRsMKo8iZ7PWewFKPbuwQtyXbR0IjQOWli8GZb66VGcdj+SpYd0Lsh,14.090806680151042,17.805495630384414,16.447384263374193
1045200,oJXXVhFJaulRsMKo8iZ7PWewFKPbuwQtyXbR0IjQOWli8GZb66VGcdj+SpYd0Lsh,13.90161282710542,20.378497925869237,17.657003879204286
1045500,oJXXVhFJaulRsMKo8iZ7PWewFKPbuwQtyXbR0IjQOWli8GZb66VGcdj+SpYd0Lsh,14.054050695435537,18.850473799192084,16.338356099945553
1045800,oJXXVhFJaulRsMKo8iZ7PWewFKPbuwQtyXbR0IjQOWli8GZb66VGcdj+SpYd0Lsh,14.130950631270512,17.785804436210146,15.886469700666945
1046100,oJXXVhFJaulRsMKo8iZ7PWewFKPbuwQtyXbR0IjQOWli8GZb66VGcdj+SpYd0Lsh,14.149433135029986,17.59127837747402,16.160034871046264
1046400,oJXXVhFJaulRsMKo8iZ7PWewFKPbuwQtyXbR0IjQOWli8GZb66VGcdj+SpYd0Lsh,14.13278046722623,17.39700187709425,15.90118251993264
1046700,oJXXVhFJaulRsMKo8iZ7PWewFKPbuwQtyXbR0IjQOWli8GZb66VGcdj+SpYd0Lsh,14.185582177392462,17.40373231029286,16.072065259108143
1047000,oJXXVhFJaulRsMKo8iZ7PWewFKPbuwQtyXbR0IjQOWli8GZb66VGcdj+SpYd0Lsh,14.08183275337126,17.861957653399756,15.936930699673873
1047300,oJXXVhFJaulRsMKo8iZ7PWewFKPbuwQtyXbR0IjQOWli8GZb66VGcdj+SpYd0Lsh,14.11052316305731,23.051704978785,17.921786860981296
1047600,oJXXVhFJaulRsMKo8iZ7PWewFKPbuwQtyXbR0IjQOWli8GZb66VGcdj+SpYd0Lsh,14.088654484694542,17.609198623977488,15.869407733678877
1047900,oJXXVhFJaulRsMKo8iZ7PWewFKPbuwQtyXbR0IjQOWli8GZb66VGcdj+SpYd0Lsh,13.986241188571018,20.377178795884248,16.169115352646
1048200,oJXXVhFJaulRsMKo8iZ7PWewFKPbuwQtyXbR0IjQOWli8GZb66VGcdj+SpYd0Lsh,13.935457184231192,17.755253760507472,15.930554942835204
1048500,oJXXVhFJaulRsMKo8iZ7PWewFKPbuwQtyXbR0IjQOWli8GZb66VGcdj+SpYd0Lsh,13.945244102461071,19.95324062655681,16.144691176903937
1048800,oJXXVhFJaulRsMKo8iZ7PWewFKPbuwQtyXbR0IjQOWli8GZb66VGcdj+SpYd0Lsh,15.231057753814516,20.231630503670317,17.755432868661817
1049100,oJXXVhFJaulRsMKo8iZ7PWewFKPbuwQtyXbR0IjQOWli8GZb66VGcdj+SpYd0Lsh,14.251547438919392,20.765765933817928,16.656794782800265
1049400,oJXXVhFJaulRsMKo8iZ7PWewFKPbuwQtyXbR0IjQOWli8GZb66VGcdj+SpYd0Lsh,14.090244664693223,17.605755652781315,15.921321728992112
1049700,oJXXVhFJaulRsMKo8iZ7PWewFKPbuwQtyXbR0IjQOWli8GZb66VGcdj+SpYd0Lsh,13.963696210047456,20.22574573499293,16.153338772424686
1050000,oJXXVhFJaulRsMKo8iZ7PWewFKPbuwQtyXbR0IjQOWli8GZb66VGcdj+SpYd0Lsh,14.058012082854471,18.161085068343137,16.000419356357746
1050300,oJXXVhFJaulRsMKo8iZ7PWewFKPbuwQtyXbR0IjQOWli8GZb66VGcdj+SpYd0Lsh,13.945239623557631,19.938273926219257,16.231976982516183
1050600,oJXXVhFJaulRsMKo8iZ7PWewFKPbuwQtyXbR0IjQOWli8GZb66VGcdj+SpYd0Lsh,14.006916344159723,17.810484931409334,16.13714266073596
1050900,oJXXVhFJaulRsMKo8iZ7PWewFKPbuwQtyXbR0IjQOWli8GZb66VGcdj+SpYd0Lsh,13.993056182573236,23.990398760568585,17.235832443929315
1051200,oJXXVhFJaulRsMKo8iZ7PWewFKPbuwQtyXbR0IjQOWli8GZb66VGcdj+SpYd0Lsh,14.065053544644158,34.88325043913241,19.639767565317893
1051500,oJXXVhFJaulRsMKo8iZ7PWewFKPbuwQtyXbR0IjQOWli8GZb66VGcdj+SpYd0Lsh,14.073081367074222,18.46199353564367,16.173209928385436
1051800,oJXXVhFJaulRsMKo8iZ7PWewFKPbuwQtyXbR0IjQOWli8GZb66VGcdj+SpYd0Lsh,13.981064552171636,18.290836763893783,16.142948415481644
1052100,oJXXVhFJaulRsMKo8iZ7PWewFKPbuwQtyXbR0IjQOWli8GZb66VGcdj+SpYd0Lsh,14.01454257880252,17.80814896658326,16.417673545379664
1052400,oJXXVhFJaulRsMKo8iZ7PWewFKPbuwQtyXbR0IjQOWli8GZb66VGcdj+SpYd0Lsh,14.068040982969071,17.945179139329774,15.92359946623057
1052700,oJXXVhFJaulRsMKo8iZ7PWewFKPbuwQtyXbR0IjQOWli8GZb66VGcdj+SpYd0Lsh,17.258324508263694,20.591106065633255,18.65877054786389
1053000,oJXXVhFJaulRsMKo8iZ7PWewFKPbuwQtyXbR0IjQOWli8GZb66VGcdj+SpYd0Lsh,14.251812288876682,18.05077332167435,16.301996653903647
1053300,oJXXVhFJaulRsMKo8iZ7PWewFKPbuwQtyXbR0IjQOWli8GZb66VGcdj+SpYd0Lsh,14.031911103860928,20.027127275400584,16.504004925827576
1053600,oJXXVhFJaulRsMKo8iZ7PWewFKPbuwQtyXbR0IjQOWli8GZb66VGcdj+SpYd0Lsh,14.002178228247317,29.685903025918183,17.46456043591771
1053900,oJXXVhFJaulRsMKo8iZ7PWewFKPbuwQtyXbR0IjQOWli8GZb66VGcdj+SpYd0Lsh,14.20081446291384,17.665626589679757,16.458603201699376
1054200,oJXXVhFJaulRsMKo8iZ7PWewFKPbuwQtyXbR0IjQOWli8GZb66VGcdj+SpYd0Lsh,13.98484550803553,17.97671384045394,16.036576670861553
1054500,oJXXVhFJaulRsMKo8iZ7PWewFKPbuwQtyXbR0IjQOWli8GZb66VGcdj+SpYd0Lsh,14.15930305983558,20.24741572342895,16.585166903194374
1054800,oJXXVhFJaulRsMKo8iZ7PWewFKPbuwQtyXbR0IjQOWli8GZb66VGcdj+SpYd0Lsh,13.96187064188134,17.780661162686588,15.98161738376574
1055100,oJXXVhFJaulRsMKo8iZ7PWewFKPbuwQtyXbR0IjQOWli8GZb66VGcdj+SpYd0Lsh,13.8301701324918,17.51950608959222,16.126653385861836
1055400,oJXXVhFJaulRsMKo8iZ7PWewFKPbuwQtyXbR0IjQOWli8GZb66VGcdj+SpYd0Lsh,14.212609940477114,17.76502612444104,16.010855419663034
1055700,oJXXVhFJaulRsMKo8iZ7PWewFKPbuwQtyXbR0IjQOWli8GZb66VGcdj+SpYd0Lsh,14.030353291713276,17.224342625124923,16.07792434633155
1056000,oJXXVhFJaulRsMKo8iZ7PWewFKPbuwQtyXbR0IjQOWli8GZb66VGcdj+SpYd0Lsh,13.989070187159433,17.756309604112474,15.883750692427483
1056300,oJXXVhFJaulRsMKo8iZ7PWewFKPbuwQtyXbR0IjQOWli8GZb66VGcdj+SpYd0Lsh,13.933985534119536,20.08345645082032,16.594221780268146
1056600,oJXXVhFJaulRsMKo8iZ7PWewFKPbuwQtyXbR0IjQOWli8GZb66VGcdj+SpYd0Lsh,14.062277310977391,23.248386250816388,17.409539836145466
1056900,oJXXVhFJaulRsMKo8iZ7PWewFKPbuwQtyXbR0IjQOWli8GZb66VGcdj+SpYd0Lsh,14.00229284602101,17.542098016327987,15.917438674619412
1057200,oJXXVhFJaulRsMKo8iZ7PWewFKPbuwQtyXbR0IjQOWli8GZb66VGcdj+SpYd0Lsh,14.190694122338872,20.06980342608232,16.195077454983913
1057500,oJXXVhFJaulRsMKo8iZ7PWewFKPbuwQtyXbR0IjQOWli8GZb66VGcdj+SpYd0Lsh,14.181535531312036,17.28557471280236,15.82429931396912
1057800,oJXXVhFJaulRsMKo8iZ7PWewFKPbuwQtyXbR0IjQOWli8GZb66VGcdj+SpYd0Lsh,14.185739934158772,20.366880987538774,16.239604369903216
1058100,oJXXVhFJaulRsMKo8iZ7PWewFKPbuwQtyXbR0IjQOWli8GZb66VGcdj+SpYd0Lsh,14.006384100976687,17.442546055979843,16.071592979673987
1058400,oJXXVhFJaulRsMKo8iZ7PWewFKPbuwQtyXbR0IjQOWli8GZb66VGcdj+SpYd0Lsh,14.038406945718632,21.448161540188863,16.285454218348885
1058700,oJXXVhFJaulRsMKo8iZ7PWewFKPbuwQtyXbR0IjQOWli8GZb66VGcdj+SpYd0Lsh,13.825651448828426,18.194057378633868,15.966719847198858
1059000,oJXXVhFJaulRsMKo8iZ7PWewFKPbuwQtyXbR0IjQOWli8GZb66VGcdj+SpYd0Lsh,14.067479758223763,20.421943883551897,16.21311698636566
1059300,oJXXVhFJaulRsMKo8iZ7PWewFKPbuwQtyXbR0IjQOWli8GZb66VGcdj+SpYd0Lsh,14.052418525431928,17.439799304534844,15.91439820244494
1059600,oJXXVhFJaulRsMKo8iZ7PWewFKPbuwQtyXbR0IjQOWli8GZb66VGcdj+SpYd0Lsh,13.987180405727052,20.37722057377984,16.133194210600312
1059900,oJXXVhFJaulRsMKo8iZ7PWewFKPbuwQtyXbR0IjQOWli8GZb66VGcdj+SpYd0Lsh,14.226300753261516,17.544010879835763,15.978943632468177
1060200,oJXXVhFJaulRsMKo8iZ7PWewFKPbuwQtyXbR0IjQOWli8GZb66VGcdj+SpYd0Lsh,14.68028587639291,20.79973437096909,17.99447360487516
1060500,oJXXVhFJaulRsMKo8iZ7PWewFKPbuwQtyXbR0IjQOWli8GZb66VGcdj+SpYd0Lsh,14.222481390487506,20.19621613107195,16.198626687396974
1060800,oJXXVhFJaulRsMKo8iZ7PWewFKPbuwQtyXbR0IjQOWli8GZb66VGcdj+SpYd0Lsh,14.299532508957144,17.52233239422792,16.11385478226513
1061100,oJXXVhFJaulRsMKo8iZ7PWewFKPbuwQtyXbR0IjQOWli8GZb66VGcdj+SpYd0Lsh,14.133060247747215,17.46519024713427,15.884637323469793
1061400,oJXXVhFJaulRsMKo8iZ7PWewFKPbuwQtyXbR0IjQOWli8GZb66VGcdj+SpYd0Lsh,14.090438336209328,17.746484760870207,16.2513044825096
1061700,oJXXVhFJaulRsMKo8iZ7PWewFKPbuwQtyXbR0IjQOWli8GZb66VGcdj+SpYd0Lsh,14.062044674456605,17.618351104602134,15.899774181976376
1062000,oJXXVhFJaulRsMKo8iZ7PWewFKPbuwQtyXbR0IjQOWli8GZb66VGcdj+SpYd0Lsh,13.802072689427296,29.737877854950465,17.972161467924458
1062300,oJXXVhFJaulRsMKo8iZ7PWewFKPbuwQtyXbR0IjQOWli8GZb66VGcdj+SpYd0Lsh,15.641642462981077,61.57390556003839,26.365552648709244
1062600,oJXXVhFJaulRsMKo8iZ7PWewFKPbuwQtyXbR0IjQOWli8GZb66VGcdj+SpYd0Lsh,19.299701917359982,23.2333757077779,21.58591898988028
1062900,oJXXVhFJaulRsMKo8iZ7PWewFKPbuwQtyXbR0IjQOWli8GZb66VGcdj+SpYd0Lsh,14.350843522790369,18.256335592353413,16.218935476533737
1063200,oJXXVhFJaulRsMKo8iZ7PWewFKPbuwQtyXbR0IjQOWli8GZb66VGcdj+SpYd0Lsh,14.083739492649912,18.230250631029385,16.321965419061502
1063500,oJXXVhFJaulRsMKo8iZ7PWewFKPbuwQtyXbR0IjQOWli8GZb66VGcdj+SpYd0Lsh,14.230945844772291,18.45343290603516,16.164140051120924
1063800,oJXXVhFJaulRsMKo8iZ7PWewFKPbuwQtyXbR0IjQOWli8GZb66VGcdj+SpYd0Lsh,14.28247112481796,17.622851589356664,16.239353089437124
1064100,oJXXVhFJaulRsMKo8iZ7PWewFKPbuwQtyXbR0IjQOWli8GZb66VGcdj+SpYd0Lsh,14.43892412129974,21.26969250344285,18.56400215220635
1064400,oJXXVhFJaulRsMKo8iZ7PWewFKPbuwQtyXbR0IjQOWli8GZb66VGcdj+SpYd0Lsh,14.265101152312596,17.913141526886886,16.499955132163382
1064700,oJXXVhFJaulRsMKo8iZ7PWewFKPbuwQtyXbR0IjQOWli8GZb66VGcdj+SpYd0Lsh,14.139359976523169,18.078808638458653,16.128287897560856
1065000,oJXXVhFJaulRsMKo8iZ7PWewFKPbuwQtyXbR0IjQOWli8GZb66VGcdj+SpYd0Lsh,14.011747878616251,20.17515554810535,16.329230194564783
1065300,oJXXVhFJaulRsMKo8iZ7PWewFKPbuwQtyXbR0IjQOWli8GZb66VGcdj+SpYd0Lsh,14.15522682960606,18.129797688302205,16.054053049922704
1065600,oJXXVhFJaulRsMKo8iZ7PWewFKPbuwQtyXbR0IjQOWli8GZb66VGcdj+SpYd0Lsh,13.970050263293173,20.000588486851328,16.68422059128276
1065900,oJXXVhFJaulRsMKo8iZ7PWewFKPbuwQtyXbR0IjQOWli8GZb66VGcdj+SpYd0Lsh,13.97093677878306,18.539180201407444,16.08090982213666
1066200,oJXXVhFJaulRsMKo8iZ7PWewFKPbuwQtyXbR0IjQOWli8GZb66VGcdj+SpYd0Lsh,14.2083938525642,18.78151577880961,16.159267700323802
1066500,oJXXVhFJaulRsMKo8iZ7PWewFKPbuwQtyXbR0IjQOWli8GZb66VGcdj+SpYd0Lsh,13.888111299285995,17.558622853125676,16.001807519702925
1066800,oJXXVhFJaulRsMKo8iZ7PWewFKPbuwQtyXbR0IjQOWli8GZb66VGcdj+SpYd0Lsh,13.899989041875044,20.01770553485164,16.1251274811791
1067100,oJXXVhFJaulRsMKo8iZ7PWewFKPbuwQtyXbR0IjQOWli8GZb66VGcdj+SpYd0Lsh,14.045008463475115,17.69660031930438,15.950181463410564
1067400,oJXXVhFJaulRsMKo8iZ7PWewFKPbuwQtyXbR0IjQOWli8GZb66VGcdj+SpYd0Lsh,13.985736909713658,22.0827932241228,16.563613086736037
1067700,oJXXVhFJaulRsMKo8iZ7PWewFKPbuwQtyXbR0IjQOWli8GZb66VGcdj+SpYd0Lsh,13.887122285520594,19.86921611280493,16.436018793747596
1068000,oJXXVhFJaulRsMKo8iZ7PWewFKPbuwQtyXbR0IjQOWli8GZb66VGcdj+SpYd0Lsh,17.208898086604066,23.401346747719515,19.294022579945064
1068300,oJXXVhFJaulRsMKo8iZ7PWewFKPbuwQtyXbR0IjQOWli8GZb66VGcdj+SpYd0Lsh,14.221767474201648,20.451146519957145,17.15930775726234
1068600,oJXXVhFJaulRsMKo8iZ7PWewFKPbuwQtyXbR0IjQOWli8GZb66VGcdj+SpYd0Lsh,14.933537230359464,16.966576551687943,16.172039587195375
1068900,oJXXVhFJaulRsMKo8iZ7PWewFKPbuwQtyXbR0IjQOWli8GZb66VGcdj+SpYd0Lsh,15.777913927920904,16.597343586072256,16.086359106856552
1069200,oJXXVhFJaulRsMKo8iZ7PWewFKPbuwQtyXbR0IjQOWli8GZb66VGcdj+SpYd0Lsh,14.522421532217557,20.634210640436287,16.735649204257815
1069500,oJXXVhFJaulRsMKo8iZ7PWewFKPbuwQtyXbR0IjQOWli8GZb66VGcdj+SpYd0Lsh,13.890368226288953,18.35084932337253,16.1205381575086
1069800,oJXXVhFJaulRsMKo8iZ7PWewFKPbuwQtyXbR0IjQOWli8GZb66VGcdj+SpYd0Lsh,13.175182683182292,22.677689521102547,16.41208235599881
1070100,oJXXVhFJaulRsMKo8iZ7PWewFKPbuwQtyXbR0IjQOWli8GZb66VGcdj+SpYd0Lsh,12.619998245095768,19.867446265231976,16.02953544681752
1070400,oJXXVhFJaulRsMKo8iZ7PWewFKPbuwQtyXbR0IjQOWli8GZb66VGcdj+SpYd0Lsh,11.682276385986544,23.385569314381208,16.258089368222592
1070700,oJXXVhFJaulRsMKo8iZ7PWewFKPbuwQtyXbR0IjQOWli8GZb66VGcdj+SpYd0Lsh,11.052893254539562,21.222683700216216,15.992502718073554
1071000,oJXXVhFJaulRsMKo8iZ7PWewFKPbuwQtyXbR0IjQOWli8GZb66VGcdj+SpYd0Lsh,10.16108513016186,24.289016691547616,16.217496310148956
1071300,oJXXVhFJaulRsMKo8iZ7PWewFKPbuwQtyXbR0IjQOWli8GZb66VGcdj+SpYd0Lsh,9.242049249331648,22.489117744956367,15.95217822476706
1071600,oJXXVhFJaulRsMKo8iZ7PWewFKPbuwQtyXbR0IjQOWli8GZb66VGcdj+SpYd0Lsh,8.751573226730285,26.49952841426662,16.245162679723073
1071900,oJXXVhFJaulRsMKo8iZ7PWewFKPbuwQtyXbR0IjQOWli8GZb66VGcdj+SpYd0Lsh,8.270394687468581,27.483084572236336,17.925690746398114
1072200,oJXXVhFJaulRsMKo8iZ7PWewFKPbuwQtyXbR0IjQOWli8GZb66VGcdj+SpYd0Lsh,7.150213024769952,27.16872129467781,17.150611631934662
1072500,oJXXVhFJaulRsMKo8iZ7PWewFKPbuwQtyXbR0IjQOWli8GZb66VGcdj+SpYd0Lsh,6.686281636838745,25.44843433724823,16.01519275309307
1072800,oJXXVhFJaulRsMKo8iZ7PWewFKPbuwQtyXbR0IjQOWli8GZb66VGcdj+SpYd0Lsh,5.597750705990311,29.073348456518435,16.608246733964453
1073100,oJXXVhFJaulRsMKo8iZ7PWewFKPbuwQtyXbR0IjQOWli8GZb66VGcdj+SpYd0Lsh,5.063756003065374,27.484606365058003,16.15745684977011
1073400,oJXXVhFJaulRsMKo8iZ7PWewFKPbuwQtyXbR0IjQOWli8GZb66VGcdj+SpYd0Lsh,4.478080740952865,28.129542847957413,16.257358347972517
1073700,oJXXVhFJaulRsMKo8iZ7PWewFKPbuwQtyXbR0IjQOWli8GZb66VGcdj+SpYd0Lsh,3.712772256066149,28.79115398568769,15.982158494066653
1074000,oJXXVhFJaulRsMKo8iZ7PWewFKPbuwQtyXbR0IjQOWli8GZb66VGcdj+SpYd0Lsh,3.106064241032114,29.320447003537744,16.228954394818846
1074300,oJXXVhFJaulRsMKo8iZ7PWewFKPbuwQtyXbR0IjQOWli8GZb66VGcdj+SpYd0Lsh,2.837381528283509,29.545201787340837,16.001109304329283
1074600,oJXXVhFJaulRsMKo8iZ7PWewFKPbuwQtyXbR0IjQOWli8GZb66VGcdj+SpYd0Lsh,2.8624354154883784,29.67806684156117,16.229427036389094
1074900,oJXXVhFJaulRsMKo8iZ7PWewFKPbuwQtyXbR0IjQOWli8GZb66VGcdj+SpYd0Lsh,2.925822360752329,29.679667051379425,15.941124787443757
1075200,oJXXVhFJaulRsMKo8iZ7PWewFKPbuwQtyXbR0IjQOWli8GZb66VGcdj+SpYd0Lsh,2.855362779889512,29.717220937589985,16.253073380375078
1075500,oJXXVhFJaulRsMKo8iZ7PWewFKPbuwQtyXbR0IjQOWli8GZb66VGcdj+SpYd0Lsh,2.818918348505137,36.47993206779911,16.73923074172801
1075800,oJXXVhFJaulRsMKo8iZ7PWewFKPbuwQtyXbR0IjQOWli8GZb66VGcdj+SpYd0Lsh,2.76062451287184,32.17574798628134,18.08977253534541
1076100,oJXXVhFJaulRsMKo8iZ7PWewFKPbuwQtyXbR0IjQOWli8GZb66VGcdj+SpYd0Lsh,2.8359046871599247,29.29840327558654,15.806826821249008
1076400,oJXXVhFJaulRsMKo8iZ7PWewFKPbuwQtyXbR0IjQOWli8GZb66VGcdj+SpYd0Lsh,2.829553295756692,31.29499337319897,17.663400655895295
1076700,oJXXVhFJaulRsMKo8iZ7PWewFKPbuwQtyXbR0IjQOWli8GZb66VGcdj+SpYd0Lsh,2.866490003360667,29.41297007619174,15.938508026674416
1077000,oJXXVhFJaulRsMKo8iZ7PWewFKPbuwQtyXbR0IjQOWli8GZb66VGcdj+SpYd0Lsh,2.8518270147140554,30.07190654739344,16.386307926114593
1077300,oJXXVhFJaulRsMKo8iZ7PWewFKPbuwQtyXbR0IjQOWli8GZb66VGcdj+SpYd0Lsh,2.662725458306261,29.931465330309603,15.902291131794286
1077600,oJXXVhFJaulRsMKo8iZ7PWewFKPbuwQtyXbR0IjQOWli8GZb66VGcdj+SpYd0Lsh,2.665867887144329,31.777740972252104,16.197476835281513
1077900,oJXXVhFJaulRsMKo8iZ7PWewFKPbuwQtyXbR0IjQOWli8GZb66VGcdj+SpYd0Lsh,2.8135870183334606,29.552428932434985,15.941229251880204
1078200,oJXXVhFJaulRsMKo8iZ7PWewFKPbuwQtyXbR0IjQOWli8GZb66VGcdj+SpYd0Lsh,2.7102254469439955,31.285084657952595,16.110008442333903
1078500,oJXXVhFJaulRsMKo8iZ7PWewFKPbuwQtyXbR0IjQOWli8GZb66VGcdj+SpYd0Lsh,2.8399300031555583,29.60513256465581,15.949828155450374
1078800,oJXXVhFJaulRsMKo8iZ7PWewFKPbuwQtyXbR0IjQOWli8GZb66VGcdj+SpYd0Lsh,3.7275403582875786,32.42005632851567,17.510879791525284
1079100,oJXXVhFJaulRsMKo8iZ7PWewFKPbuwQtyXbR0IjQOWli8GZb66VGcdj+SpYd0Lsh,2.7233668225207865,29.91862519649213,15.994009114543433
1079400,oJXXVhFJaulRsMKo8iZ7PWewFKPbuwQtyXbR0IjQOWli8GZb66VGcdj+SpYd0Lsh,2.909433930536733,33.24797596377779,17.67602744328278
1079700,oJXXVhFJaulRsMKo8iZ7PWewFKPbuwQtyXbR0IjQOWli8GZb66VGcdj+SpYd0Lsh,3.043795922165629,31.92966515509084,16.69216390511317
1080000,oJXXVhFJaulRsMKo8iZ7PWewFKPbuwQtyXbR0IjQOWli8GZb66VGcdj+SpYd0Lsh,2.677863610266236,33.02824150224293,16.606525806548543
1080300,oJXXVhFJaulRsMKo8iZ7PWewFKPbuwQtyXbR0IjQOWli8GZb66VGcdj+SpYd0Lsh,2.7937201291575384,29.585594550490026,16.085821879366318
1080600,oJXXVhFJaulRsMKo8iZ7PWewFKPbuwQtyXbR0IjQOWli8GZb66VGcdj+SpYd0Lsh,2.98537986420996,31.540106088354467,17.86757188084334
1080900,oJXXVhFJaulRsMKo8iZ7PWewFKPbuwQtyXbR0IjQOWli8GZb66VGcdj+SpYd0Lsh,2.8009476617403215,29.590368032892272,16.00326249280161
1081200,oJXXVhFJaulRsMKo8iZ7PWewFKPbuwQtyXbR0IjQOWli8GZb66VGcdj+SpYd0Lsh,2.746397618481825,31.10894443517745,16.215488529458607
1081500,oJXXVhFJaulRsMKo8iZ7PWewFKPbuwQtyXbR0IjQOWli8GZb66VGcdj+SpYd0Lsh,2.7965329016006706,30.145149483519415,16.04744878671798
1081800,oJXXVhFJaulRsMKo8iZ7PWewFKPbuwQtyXbR0IjQOWli8GZb66VGcdj+SpYd0Lsh,2.892918945210597,42.35448237082476,18.925736537632407
1082100,oJXXVhFJaulRsMKo8iZ7PWewFKPbuwQtyXbR0IjQOWli8GZb66VGcdj+SpYd0Lsh,2.7146942892155845,29.62919978548145,16.036371725641786
1082400,oJXXVhFJaulRsMKo8iZ7PWewFKPbuwQtyXbR0IjQOWli8GZb66VGcdj+SpYd0Lsh,2.8560549723543,29.342376098828097,16.222848695413262
1082700,oJXXVhFJaulRsMKo8iZ7PWewFKPbuwQtyXbR0IjQOWli8GZb66VGcdj+SpYd0Lsh,2.730689523866494,29.997554031670678,15.952870961082734
1083000,oJXXVhFJaulRsMKo8iZ7PWewFKPbuwQtyXbR0IjQOWli8GZb66VGcdj+SpYd0Lsh,2.8209992062082447,29.65877910935177,16.22517597039215
1083300,oJXXVhFJaulRsMKo8iZ7PWewFKPbuwQtyXbR0IjQOWli8GZb66VGcdj+SpYd0Lsh,2.8067641530951715,32.31885338531498,17.91063561777309
1083600,oJXXVhFJaulRsMKo8iZ7PWewFKPbuwQtyXbR0IjQOWli8GZb66VGcdj+SpYd0Lsh,2.9231972949299787,29.443695824463955,16.51851594339181
1083900,oJXXVhFJaulRsMKo8iZ7PWewFKPbuwQtyXbR0IjQOWli8GZb66VGcdj+SpYd0Lsh,2.7061204625427693,29.557460623569277,15.97861137743952
1084200,oJXXVhFJaulRsMKo8iZ7PWewFKPbuwQtyXbR0IjQOWli8GZb66VGcdj+SpYd0Lsh,3.005775765840617,29.741390181295124,14.938574187812554
1084500,oJXXVhFJaulRsMKo8iZ7PWewFKPbuwQtyXbR0IjQOWli8GZb66VGcdj+SpYd0Lsh,2.751481772747739,29.75175315668649,15.944966420936442
1084800,oJXXVhFJaulRsMKo8iZ7PWewFKPbuwQtyXbR0IjQOWli8GZb66VGcdj+SpYd0Lsh,2.8997225207459283,29.692211099141968,16.199338452120205
1085100,oJXXVhFJaulRsMKo8iZ7PWewFKPbuwQtyXbR0IjQOWli8GZb66VGcdj+SpYd0Lsh,2.8236196854761126,29.75996660926548,15.97871014751809
1085400,oJXXVhFJaulRsMKo8iZ7PWewFKPbuwQtyXbR0IjQOWli8GZb66VGcdj+SpYd0Lsh,2.7280131364926663,29.285024301499128,16.211277145784006
1085700,oJXXVhFJaulRsMKo8iZ7PWewFKPbuwQtyXbR0IjQOWli8GZb66VGcdj+SpYd0Lsh,2.7986762546109127,29.4976587937391,15.897115334239524
1086000,oJXXVhFJaulRsMKo8iZ7PWewFKPbuwQtyXbR0IjQOWli8GZb66VGcdj+SpYd0Lsh,2.754382753620052,31.735653182797545,16.252302309964147
1086300,oJXXVhFJaulRsMKo8iZ7PWewFKPbuwQtyXbR0IjQOWli8GZb66VGcdj+SpYd0Lsh,2.8264652992998043,29.70750176671243,15.898041713052953
1086600,oJXXVhFJaulRsMKo8iZ7PWewFKPbuwQtyXbR0IjQOWli8GZb66VGcdj+SpYd0Lsh,2.732036592121452,31.84600792456972,16.25170667156699
1086900,oJXXVhFJaulRsMKo8iZ7PWewFKPbuwQtyXbR0IjQOWli8GZb66VGcdj+SpYd0Lsh,2.8377320607500054,31.40997312865876,16.6708233763365
1087200,oJXXVhFJaulRsMKo8iZ7PWewFKPbuwQtyXbR0IjQOWli8GZb66VGcdj+SpYd0Lsh,2.696457504145832,32.189695274678506,17.77822122528856
1087500,oJXXVhFJaulRsMKo8iZ7PWewFKPbuwQtyXbR0IjQOWli8GZb66VGcdj+SpYd0Lsh,2.7684804758318844,29.782626785262007,16.108318496360297
1087800,oJXXVhFJaulRsMKo8iZ7PWewFKPbuwQtyXbR0IjQOWli8GZb66VGcdj+SpYd0Lsh,2.9652964331458795,31.70220607012724,16.32685753472972
1088100,oJXXVhFJaulRsMKo8iZ7PWewFKPbuwQtyXbR0IjQOWli8GZb66VGcdj+SpYd0Lsh,2.7858252347584407,29.876247810611243,16.02532410688438
1088400,oJXXVhFJaulRsMKo8iZ7PWewFKPbuwQtyXbR0IjQOWli8GZb66VGcdj+SpYd0Lsh,2.7991390688126883,31.449189544008256,14.894078977606862
1088700,oJXXVhFJaulRsMKo8iZ7PWewFKPbuwQtyXbR0IjQOWli8GZb66VGcdj+SpYd0Lsh,2.780243953855683,29.900881217417854,16.072248486859912
1089000,oJXXVhFJaulRsMKo8iZ7PWewFKPbuwQtyXbR0IjQOWli8GZb66VGcdj+SpYd0Lsh,2.7417033009707508,31.31833802363212,16.196250316402523
1089300,oJXXVhFJaulRsMKo8iZ7PWewFKPbuwQtyXbR0IjQOWli8GZb66VGcdj+SpYd0Lsh,2.8015112448463597,29.68449098960838,15.992533062622933
1089600,oJXXVhFJaulRsMKo8iZ7PWewFKPbuwQtyXbR0IjQOWli8GZb66VGcdj+SpYd0Lsh,2.823193505344084,30.20296516118935,16.222822832928358
1089900,oJXXVhFJaulRsMKo8iZ7PWewFKPbuwQtyXbR0IjQOWli8GZb66VGcdj+SpYd0Lsh,2.878916799146256,29.240892354087517,15.959225681287982
1090200,oJXXVhFJaulRsMKo8iZ7PWewFKPbuwQtyXbR0IjQOWli8GZb66VGcdj+SpYd0Lsh,2.798782710455337,29.579541900718542,16.26045902154076
1090500,oJXXVhFJaulRsMKo8iZ7PWewFKPbuwQtyXbR0IjQOWli8GZb66VGcdj+SpYd0Lsh,2.893621874787414,29.99979878131783,15.92598551161076
1090800,oJXXVhFJaulRsMKo8iZ7PWewFKPbuwQtyXbR0IjQOWli8GZb66VGcdj+SpYd0Lsh,2.8903244804055794,53.66420598440056,20.826868202161947
1091100,oJXXVhFJaulRsMKo8iZ7PWewFKPbuwQtyXbR0IjQOWli8GZb66VGcdj+SpYd0Lsh,2.8077458968717264,57.740468887140544,23.40769312790805
1091400,oJXXVhFJaulRsMKo8iZ7PWewFKPbuwQtyXbR0IjQOWli8GZb66VGcdj+SpYd0Lsh,2.8586339710581044,29.732811126579502,16.239632029261326
1091700,oJXXVhFJaulRsMKo8iZ7PWewFKPbuwQtyXbR0IjQOWli8GZb66VGcdj+SpYd0Lsh,8.930043544421574,35.82738122020989,22.10845160296481
1092000,oJXXVhFJaulRsMKo8iZ7PWewFKPbuwQtyXbR0IjQOWli8GZb66VGcdj+SpYd0Lsh,5.997150160181278,35.279481363571605,20.81625551332315
1092300,oJXXVhFJaulRsMKo8iZ7PWewFKPbuwQtyXbR0IjQOWli8GZb66VGcdj+SpYd0Lsh,2.863040354281813,29.68543133210219,16.043573096705696
1092600,oJXXVhFJaulRsMKo8iZ7PWewFKPbuwQtyXbR0IjQOWli8GZb66VGcdj+SpYd0Lsh,2.6756218813119,29.58877162959516,16.179543984460235
1092900,oJXXVhFJaulRsMKo8iZ7PWewFKPbuwQtyXbR0IjQOWli8GZb66VGcdj+SpYd0Lsh,2.799778193015564,29.97193129676457,15.960551090697171
1093200,oJXXVhFJaulRsMKo8iZ7PWewFKPbuwQtyXbR0IjQOWli8GZb66VGcdj+SpYd0Lsh,2.7362535057422197,29.926551091550063,16.19365296334805
1093500,oJXXVhFJaulRsMKo8iZ7PWewFKPbuwQtyXbR0IjQOWli8GZb66VGcdj+SpYd0Lsh,2.7030038347008696,29.6509879523085,15.904123811805112
1093800,oJXXVhFJaulRsMKo8iZ7PWewFKPbuwQtyXbR0IjQOWli8GZb66VGcdj+SpYd0Lsh,2.877408151843198,29.41817184205091,16.285665054752887
1094100,oJXXVhFJaulRsMKo8iZ7PWewFKPbuwQtyXbR0IjQOWli8GZb66VGcdj+SpYd0Lsh,2.977267626018497,29.926781045328145,16.115875864992958
1094400,oJXXVhFJaulRsMKo8iZ7PWewFKPbuwQtyXbR0IjQOWli8GZb66VGcdj+SpYd0Lsh,2.708470654482272,33.277365979923424,16.393400908971454
1094700,oJXXVhFJaulRsMKo8iZ7PWewFKPbuwQtyXbR0IjQOWli8GZb66VGcdj+SpYd0Lsh,2.67511421078254,32.206173922157646,17.98742100286624
1095000,oJXXVhFJaulRsMKo8iZ7PWewFKPbuwQtyXbR0IjQOWli8GZb66VGcdj+SpYd0Lsh,3.2399077198022623,30.964676192786214,16.26151295900996
1095300,oJXXVhFJaulRsMKo8iZ7PWewFKPbuwQtyXbR0IjQOWli8GZb66VGcdj+SpYd0Lsh,3.7982529131043874,29.769961365602946,16.04669959956635
1095600,oJXXVhFJaulRsMKo8iZ7PWewFKPbuwQtyXbR0IjQOWli8GZb66VGcdj+SpYd0Lsh,4.3312354581337305,29.345589754951277,16.10031393534826
1095900,oJXXVhFJaulRsMKo8iZ7PWewFKPbuwQtyXbR0IjQOWli8GZb66VGcdj+SpYd0Lsh,5.219932935898536,27.60538004865372,16.01526580605515
1096200,oJXXVhFJaulRsMKo8iZ7PWewFKPbuwQtyXbR0IjQOWli8GZb66VGcdj+SpYd0Lsh,5.833153569294376,27.87018680777387,17.206178807871588
1096500,oJXXVhFJaulRsMKo8iZ7PWewFKPbuwQtyXbR0IjQOWli8GZb66VGcdj+SpYd0Lsh,6.474776952682453,25.874396669314613,15.762342543525603
1096800,oJXXVhFJaulRsMKo8iZ7PWewFKPbuwQtyXbR0IjQOWli8GZb66VGcdj+SpYd0Lsh,7.199051203502271,26.53504434839327,16.015671729268522
1097100,oJXXVhFJaulRsMKo8iZ7PWewFKPbuwQtyXbR0IjQOWli8GZb66VGcdj+SpYd0Lsh,7.848008002421286,24.30663561459597,15.784872863969976
1097400,oJXXVhFJaulRsMKo8iZ7PWewFKPbuwQtyXbR0IjQOWli8GZb66VGcdj+SpYd0Lsh,8.770939713535629,24.53296443343977,16.12469431652671
1097700,oJXXVhFJaulRsMKo8iZ7PWewFKPbuwQtyXbR0IjQOWli8GZb66VGcdj+SpYd0Lsh,9.69690419602859,22.99503675507285,15.858692437117869
1098000,oJXXVhFJaulRsMKo8iZ7PWewFKPbuwQtyXbR0IjQOWli8GZb66VGcdj+SpYd0Lsh,10.097043042456765,23.0134921394472,16.506066070529176
1098300,oJXXVhFJaulRsMKo8iZ7PWewFKPbuwQtyXbR0IjQOWli8GZb66VGcdj+SpYd0Lsh,11.096949426528232,23.298721964706093,17.220935115202195
1098600,oJXXVhFJaulRsMKo8iZ7PWewFKPbuwQtyXbR0IjQOWli8GZb66VGcdj+SpYd0Lsh,11.707622780864387,22.94176353243729,16.510090056098157
1098900,oJXXVhFJaulRsMKo8iZ7PWewFKPbuwQtyXbR0IjQOWli8GZb66VGcdj+SpYd0Lsh,12.48600952478802,20.150958260872816,16.08702925758917
1099200,oJXXVhFJaulRsMKo8iZ7PWewFKPbuwQtyXbR0IjQOWli8GZb66VGcdj+SpYd0Lsh,12.90406163334268,19.364218656297055,15.735673483864126
1099500,oJXXVhFJaulRsMKo8iZ7PWewFKPbuwQtyXbR0IjQOWli8GZb66VGcdj+SpYd0Lsh,13.810675857620003,18.767537037606104,16.07487658983603
1099800,oJXXVhFJaulRsMKo8iZ7PWewFKPbuwQtyXbR0IjQOWli8GZb66VGcdj+SpYd0Lsh,14.354784056787512,17.96042914255763,15.667441119326112
1100100,oJXXVhFJaulRsMKo8iZ7PWewFKPbuwQtyXbR0IjQOWli8GZb66VGcdj+SpYd0Lsh,14.413360557922111,18.43522609510802,16.17135389892063
1100400,oJXXVhFJaulRsMKo8iZ7PWewFKPbuwQtyXbR0IjQOWli8GZb66VGcdj+SpYd0Lsh,14.562472774802306,18.117386395972627,15.882424426911712
1100700,oJXXVhFJaulRsMKo8iZ7PWewFKPbuwQtyXbR0IjQOWli8GZb66VGcdj+SpYd0Lsh,14.394410191123908,18.445057666114725,16.07848638231107
1101000,oJXXVhFJaulRsMKo8iZ7PWewFKPbuwQtyXbR0IjQOWli8GZb66VGcdj+SpYd0Lsh,14.52588814475684,18.149781489598386,15.88942141127375
1101300,oJXXVhFJaulRsMKo8iZ7PWewFKPbuwQtyXbR0IjQOWli8GZb66VGcdj+SpYd0Lsh,14.394074836368835,18.141901311122336,16.170260457963256
1101600,oJXXVhFJaulRsMKo8iZ7PWewFKPbuwQtyXbR0IjQOWli8GZb66VGcdj+SpYd0Lsh,14.429116380437774,18.11448058072813,16.154637725002658
1101900,oJXXVhFJaulRsMKo8iZ7PWewFKPbuwQtyXbR0IjQOWli8GZb66VGcdj+SpYd0Lsh,14.567432293287904,18.16657862987176,16.18976173062214
1102200,oJXXVhFJaulRsMKo8iZ7PWewFKPbuwQtyXbR0IjQOWli8GZb66VGcdj+SpYd0Lsh,14.826978211161766,20.872794748924047,18.018394186348296
1102500,oJXXVhFJaulRsMKo8iZ7PWewFKPbuwQtyXbR0IjQOWli8GZb66VGcdj+SpYd0Lsh,14.449502374397046,17.968708347306343,16.14624759112802
1102800,oJXXVhFJaulRsMKo8iZ7PWewFKPbuwQtyXbR0IjQOWli8GZb66VGcdj+SpYd0Lsh,14.519118572194564,18.113081469610524,15.838562369670852
1103100,oJXXVhFJaulRsMKo8iZ7PWewFKPbuwQtyXbR0IjQOWli8GZb66VGcdj+SpYd0Lsh,14.580322447874202,18.97834018298717,16.245487920718485
1103400,oJXXVhFJaulRsMKo8iZ7PWewFKPbuwQtyXbR0IjQOWli8GZb66VGcdj+SpYd0Lsh,14.644934889344585,18.273342179098822,15.95918086545004
1103700,oJXXVhFJaulRsMKo8iZ7PWewFKPbuwQtyXbR0IjQOWli8GZb66VGcdj+SpYd0Lsh,14.487131739433789,19.758422976770294,16.10379450209965
1104000,oJXXVhFJaulRsMKo8iZ7PWewFKPbuwQtyXbR0IjQOWli8GZb66VGcdj+SpYd0Lsh,14.571765158959714,18.16777081640991,15.830112697793552
1104300,oJXXVhFJaulRsMKo8iZ7PWewFKPbuwQtyXbR0IjQOWli8GZb66VGcdj+SpYd0Lsh,14.51148961274776,19.30714446568895,16.124380993859646
1104600,oJXXVhFJaulRsMKo8iZ7PWewFKPbuwQtyXbR0IjQOWli8GZb66VGcdj+SpYd0Lsh,14.47393697938584,17.87498645132882,15.914836043497337
1104900,oJXXVhFJaulRsMKo8iZ7PWewFKPbuwQtyXbR0IjQOWli8GZb66VGcdj+SpYd0Lsh,14.601319493912914,19.35625389077924,16.09826710173884
1105200,oJXXVhFJaulRsMKo8iZ7PWewFKPbuwQtyXbR0IjQOWli8GZb66VGcdj+SpYd0Lsh,14.477735553222528,18.01442347879181,15.826175361784992
1105500,oJXXVhFJaulRsMKo8iZ7PWewFKPbuwQtyXbR0IjQOWli8GZb66VGcdj+SpYd0Lsh,14.465106205106112,19.50547796629892,16.11653601997497
1105800,oJXXVhFJaulRsMKo8iZ7PWewFKPbuwQtyXbR0IjQOWli8GZb66VGcdj+SpYd0Lsh,14.500339419416337,20.123226330672807,16.60400827131232
1106100,oJXXVhFJaulRsMKo8iZ7PWewFKPbuwQtyXbR0IjQOWli8GZb66VGcdj+SpYd0Lsh,14.40821845822802,22.26901147839911,17.617320382696494
1106400,oJXXVhFJaulRsMKo8iZ7PWewFKPbuwQtyXbR0IjQOWli8GZb66VGcdj+SpYd0Lsh,14.4939718441602,18.027414609652748,15.91736991477494
1106700,oJXXVhFJaulRsMKo8iZ7PWewFKPbuwQtyXbR0IjQOWli8GZb66VGcdj+SpYd0Lsh,14.506289031693807,19.0245377339873,16.17660497279081
1107000,oJXXVhFJaulRsMKo8iZ7PWewFKPbuwQtyXbR0IjQOWli8GZb66VGcdj+SpYd0Lsh,14.582111791242516,17.430374055889736,15.93449150840832
1107300,oJXXVhFJaulRsMKo8iZ7PWewFKPbuwQtyXbR0IjQOWli8GZb66VGcdj+SpYd0Lsh,14.661541822843706,17.777473577308573,16.200885096597172
1107600,oJXXVhFJaulRsMKo8iZ7PWewFKPbuwQtyXbR0IjQOWli8GZb66VGcdj+SpYd0Lsh,14.50081105251278,18.1022084756654,16.03473060419295
1107900,oJXXVhFJaulRsMKo8iZ7PWewFKPbuwQtyXbR0IjQOWli8GZb66VGcdj+SpYd0Lsh,14.542676977079855,18.08546144763188,16.22454720788885
1108200,oJXXVhFJaulRsMKo8iZ7PWewFKPbuwQtyXbR0IjQOWli8GZb66VGcdj+SpYd0Lsh,14.676394178618624,17.78847676737508,15.914716115020592
1108500,oJXXVhFJaulRsMKo8iZ7PWewFKPbuwQtyXbR0IjQOWli8GZb66VGcdj+SpYd0Lsh,14.803129629497992,18.12778706190355,16.303204146139706
1108800,oJXXVhFJaulRsMKo8iZ7PWewFKPbuwQtyXbR0IjQOWli8GZb66VGcdj+SpYd0Lsh,14.61906207861229,20.293666354730146,16.261277486338404
1109100,oJXXVhFJaulRsMKo8iZ7PWewFKPbuwQtyXbR0IjQOWli8GZb66VGcdj+SpYd0Lsh,14.58537427335246,17.765317345836692,16.199443581726964
1109400,oJXXVhFJaulRsMKo8iZ7PWewFKPbuwQtyXbR0IjQOWli8GZb66VGcdj+SpYd0Lsh,14.5745337544967,17.67858433399707,15.970127199282585
1109700,oJXXVhFJaulRsMKo8iZ7PWewFKPbuwQtyXbR0IjQOWli8GZb66VGcdj+SpYd0Lsh,14.77552372233542,20.314621289441074,18.15119246568782
1110000,oJXXVhFJaulRsMKo8iZ7PWewFKPbuwQtyXbR0IjQOWli8GZb66VGcdj+SpYd0Lsh,14.704903612471464,17.807664296938498,16.206008958507848
1110300,oJXXVhFJaulRsMKo8iZ7PWewFKPbuwQtyXbR0IjQOWli8GZb66VGcdj+SpYd0Lsh,14.673913624346271,18.006300744879834,16.289616017563336
1110600,oJXXVhFJaulRsMKo8iZ7PWewFKPbuwQtyXbR0IjQOWli8GZb66VGcdj+SpYd0Lsh,14.592722424590749,17.663032399050635,15.930704538492153
1110900,oJXXVhFJaulRsMKo8iZ7PWewFKPbuwQtyXbR0IjQOWli8GZb66VGcdj+SpYd0Lsh,14.621546152419048,18.10284508466651,16.107023815997636
1111200,oJXXVhFJaulRsMKo8iZ7PWewFKPbuwQtyXbR0IjQOWli8GZb66VGcdj+SpYd0Lsh,14.606953562683652,17.974931605320396,15.944508333158192
1111500,oJXXVhFJaulRsMKo8iZ7PWewFKPbuwQtyXbR0IjQOWli8GZb66VGcdj+SpYd0Lsh,14.416446936455744,20.042306827053174,16.162720769013834
1111800,oJXXVhFJaulRsMKo8iZ7PWewFKPbuwQtyXbR0IjQOWli8GZb66VGcdj+SpYd0Lsh,14.458052907817224,17.730858614170593,16.07915177315422
1112100,oJXXVhFJaulRsMKo8iZ7PWewFKPbuwQtyXbR0IjQOWli8GZb66VGcdj+SpYd0Lsh,14.543455996830891,20.932146705275805,16.16121632735088
1112400,oJXXVhFJaulRsMKo8iZ7PWewFKPbuwQtyXbR0IjQOWli8GZb66VGcdj+SpYd0Lsh,14.411599747843184,17.849704041800862,16.216892603349052
1112700,oJXXVhFJaulRsMKo8iZ7PWewFKPbuwQtyXbR0IjQOWli8GZb66VGcdj+SpYd0Lsh,14.576548595431396,20.645307510540984,16.12222386210208
1113000,oJXXVhFJaulRsMKo8iZ7PWewFKPbuwQtyXbR0IjQOWli8GZb66VGcdj+SpYd0Lsh,14.484511054051032,18.04605563933097,15.91537094445675
1113300,oJXXVhFJaulRsMKo8iZ7PWewFKPbuwQtyXbR0IjQOWli8GZb66VGcdj+SpYd0Lsh,14.275761026255829,20.749491982500693,16.168312888744214
1113600,oJXXVhFJaulRsMKo8iZ7PWewFKPbuwQtyXbR0IjQOWli8GZb66VGcdj+SpYd0Lsh,14.943465732289535,20.852395112348013,17.96176123743619
1113900,oJXXVhFJaulRsMKo8iZ7PWewFKPbuwQtyXbR0IjQOWli8GZb66VGcdj+SpYd0Lsh,14.568677857092307,20.488908750246267,16.085583140000825
1114200,oJXXVhFJaulRsMKo8iZ7PWewFKPbuwQtyXbR0IjQOWli8GZb66VGcdj+SpYd0Lsh,14.408114385541536,17.64759703648078,15.812856696041276
1114500,oJXXVhFJaulRsMKo8iZ7PWewFKPbuwQtyXbR0IjQOWli8GZb66VGcdj+SpYd0Lsh,14.485285574981797,20.305159932244667,16.13295746735567
1114800,oJXXVhFJaulRsMKo8iZ7PWewFKPbuwQtyXbR0IjQOWli8GZb66VGcdj+SpYd0Lsh,14.402225962170649,17.616944111253837,15.89871740554333
1115100,oJXXVhFJaulRsMKo8iZ7PWewFKPbuwQtyXbR0IjQOWli8GZb66VGcdj+SpYd0Lsh,14.432254597294987,20.472140426962955,16.152092810547487
1115400,oJXXVhFJaulRsMKo8iZ7PWewFKPbuwQtyXbR0IjQOWli8GZb66VGcdj+SpYd0Lsh,14.569805188846138,17.792811725958693,15.908533310771924
1115700,oJXXVhFJaulRsMKo8iZ7PWewFKPbuwQtyXbR0IjQOWli8GZb66VGcdj+SpYd0Lsh,14.49202878707205,17.828645883192902,16.13686661125536
1116000,oJXXVhFJaulRsMKo8iZ7PWewFKPbuwQtyXbR0IjQOWli8GZb66VGcdj+SpYd0Lsh,14.384569649450238,17.626659931134995,16.01168517224224
1116300,oJXXVhFJaulRsMKo8iZ7PWewFKPbuwQtyXbR0IjQOWli8GZb66VGcdj+SpYd0Lsh,14.773346302957718,17.8833133284278,16.269995512455175
1116600,oJXXVhFJaulRsMKo8iZ7PWewFKPbuwQtyXbR0IjQOWli8GZb66VGcdj+SpYd0Lsh,14.649438146606178,17.88056275986905,15.911073027770502
1116900,oJXXVhFJaulRsMKo8iZ7PWewFKPbuwQtyXbR0IjQOWli8GZb66VGcdj+SpYd0Lsh,14.436950553469028,17.913473326694263,16.155997643428112
1117200,oJXXVhFJaulRsMKo8iZ7PWewFKPbuwQtyXbR0IjQOWli8GZb66VGcdj+SpYd0Lsh,14.576277568412833,20.23467411509582,16.988085238207447
1117500,oJXXVhFJaulRsMKo8iZ7PWewFKPbuwQtyXbR0IjQOWli8GZb66VGcdj+SpYd0Lsh,14.565024849090594,19.69845093198173,17.257954423642992
1117800,oJXXVhFJaulRsMKo8iZ7PWewFKPbuwQtyXbR0IjQOWli8GZb66VGcdj+SpYd0Lsh,14.288388244041895,18.047441998349736,15.82302527858124
1118100,oJXXVhFJaulRsMKo8iZ7PWewFKPbuwQtyXbR0IjQOWli8GZb66VGcdj+SpYd0Lsh,14.446299796721595,18.02082407441308,16.190901752504406
1118400,oJXXVhFJaulRsMKo8iZ7PWewFKPbuwQtyXbR0IjQOWli8GZb66VGcdj+SpYd0Lsh,14.63313780824332,17.39321592460424,15.948228981040783
1118700,oJXXVhFJaulRsMKo8iZ7PWewFKPbuwQtyXbR0IjQOWli8GZb66VGcdj+SpYd0Lsh,14.678655090665805,17.846447797208153,16.14169578330094
1119000,oJXXVhFJaulRsMKo8iZ7PWewFKPbuwQtyXbR0IjQOWli8GZb66VGcdj+SpYd0Lsh,14.458497901767675,17.850977855674447,15.922073513440084
1119300,oJXXVhFJaulRsMKo8iZ7PWewFKPbuwQtyXbR0IjQOWli8GZb66VGcdj+SpYd0Lsh,14.464341624865034,17.6289909526671,16.128942470439345
1119600,oJXXVhFJaulRsMKo8iZ7PWewFKPbuwQtyXbR0IjQOWli8GZb66VGcdj+SpYd0Lsh,14.466034135261449,17.98950208617301,16.00233398143416
1119900,oJXXVhFJaulRsMKo8iZ7PWewFKPbuwQtyXbR0IjQOWli8GZb66VGcdj+SpYd0Lsh,14.469509590401234,63.47876554053621,23.59070353906125
1120200,oJXXVhFJaulRsMKo8iZ7PWewFKPbuwQtyXbR0IjQOWli8GZb66VGcdj+SpYd0Lsh,14.541320164646546,17.71136644553591,16.06306226339072
1120500,oJXXVhFJaulRsMKo8iZ7PWewFKPbuwQtyXbR0IjQOWli8GZb66VGcdj+SpYd0Lsh,14.55195550579618,19.639301031210227,16.248106001939576
1120800,oJXXVhFJaulRsMKo8iZ7PWewFKPbuwQtyXbR0IjQOWli8GZb66VGcdj+SpYd0Lsh,14.351668811549034,22.00867413910872,18.72526577635912
1121100,oJXXVhFJaulRsMKo8iZ7PWewFKPbuwQtyXbR0IjQOWli8GZb66VGcdj+SpYd0Lsh,19.86244461115721,27.453936935705062,23.508818943405604
1121400,oJXXVhFJaulRsMKo8iZ7PWewFKPbuwQtyXbR0IjQOWli8GZb66VGcdj+SpYd0Lsh,14.609293162026686,21.117470144760784,18.43726635582553
1121700,oJXXVhFJaulRsMKo8iZ7PWewFKPbuwQtyXbR0IjQOWli8GZb66VGcdj+SpYd0Lsh,14.479410839941885,19.360587144975216,16.118556182342203
1122000,oJXXVhFJaulRsMKo8iZ7PWewFKPbuwQtyXbR0IjQOWli8GZb66VGcdj+SpYd0Lsh,14.624600523431567,17.845531544054555,15.889556153176702
1122300,oJXXVhFJaulRsMKo8iZ7PWewFKPbuwQtyXbR0IjQOWli8GZb66VGcdj+SpYd0Lsh,14.526386863871368,19.631698050717212,16.186642681867223
1122600,oJXXVhFJaulRsMKo8iZ7PWewFKPbuwQtyXbR0IjQOWli8GZb66VGcdj+SpYd0Lsh,14.575990652572289,17.661478731206618,15.96851008132074
1122900,oJXXVhFJaulRsMKo8iZ7PWewFKPbuwQtyXbR0IjQOWli8GZb66VGcdj+SpYd0Lsh,14.771484436847864,19.688839214313077,16.250436420978367
1123200,oJXXVhFJaulRsMKo8iZ7PWewFKPbuwQtyXbR0IjQOWli8GZb66VGcdj+SpYd0Lsh,14.637837645558124,21.91156643506228,16.39396504097093
1123500,oJXXVhFJaulRsMKo8iZ7PWewFKPbuwQtyXbR0IjQOWli8GZb66VGcdj+SpYd0Lsh,14.553162038291733,19.440135079407654,16.31585139381547
1123800,oJXXVhFJaulRsMKo8iZ7PWewFKPbuwQtyXbR0IjQOWli8GZb66VGcdj+SpYd0Lsh,14.624034257215994,18.301598175265127,15.9090775698079
1124100,oJXXVhFJaulRsMKo8iZ7PWewFKPbuwQtyXbR0IjQOWli8GZb66VGcdj+SpYd0Lsh,14.62309785681614,18.04519336241148,16.21224802939501
1124400,oJXXVhFJaulRsMKo8iZ7PWewFKPbuwQtyXbR0IjQOWli8GZb66VGcdj+SpYd0Lsh,14.545489364550754,17.612928675855585,15.945332959611646
1124700,oJXXVhFJaulRsMKo8iZ7PWewFKPbuwQtyXbR0IjQOWli8GZb66VGcdj+SpYd0Lsh,14.687850332071823,17.8103106381368,16.254933928543533
1125000,oJXXVhFJaulRsMKo8iZ7PWewFKPbuwQtyXbR0IjQOWli8GZb66VGcdj+SpYd0Lsh,14.98002836920409,36.49155604512565,19.83528971943502
1125300,oJXXVhFJaulRsMKo8iZ7PWewFKPbuwQtyXbR0IjQOWli8GZb66VGcdj+SpYd0Lsh,14.581146678373672,20.55890688245007,17.182275445775637
1125600,oJXXVhFJaulRsMKo8iZ7PWewFKPbuwQtyXbR0IjQOWli8GZb66VGcdj+SpYd0Lsh,14.661137774835185,17.93045329333597,16.17090375328391
1125900,oJXXVhFJaulRsMKo8iZ7PWewFKPbuwQtyXbR0IjQOWli8GZb66VGcdj+SpYd0Lsh,14.591389133955056,21.063270688095614,17.203168216526745
1126200,oJXXVhFJaulRsMKo8iZ7PWewFKPbuwQtyXbR0IjQOWli8GZb66VGcdj+SpYd0Lsh,14.53926731060666,17.73010722238183,16.06719765167509
1126500,oJXXVhFJaulRsMKo8iZ7PWewFKPbuwQtyXbR0IjQOWli8GZb66VGcdj+SpYd0Lsh,14.67986780638163,17.794816785491513,16.20700014469159
1126800,oJXXVhFJaulRsMKo8iZ7PWewFKPbuwQtyXbR0IjQOWli8GZb66VGcdj+SpYd0Lsh,14.588548774918086,19.48608948677596,16.175937236252125
1127100,oJXXVhFJaulRsMKo8iZ7PWewFKPbuwQtyXbR0IjQOWli8GZb66VGcdj+SpYd0Lsh,14.480396922671552,17.70087146415099,16.31340707347199
1127400,oJXXVhFJaulRsMKo8iZ7PWewFKPbuwQtyXbR0IjQOWli8GZb66VGcdj+SpYd0Lsh,14.443339713751415,17.886227309521317,15.95496314470214
1127700,oJXXVhFJaulRsMKo8iZ7PWewFKPbuwQtyXbR0IjQOWli8GZb66VGcdj+SpYd0Lsh,14.545703401046117,17.715094618365075,16.347910128568646
1128000,oJXXVhFJaulRsMKo8iZ7PWewFKPbuwQtyXbR0IjQOWli8GZb66VGcdj+SpYd0Lsh,14.471354868077157,17.600342976118192,15.862658623294305
1128300,oJXXVhFJaulRsMKo8iZ7PWewFKPbuwQtyXbR0IjQOWli8GZb66VGcdj+SpYd0Lsh,14.547076167272596,19.656440500927477,16.211481549316183
1128600,oJXXVhFJaulRsMKo8iZ7PWewFKPbuwQtyXbR0IjQOWli8GZb66VGcdj+SpYd0Lsh,14.308412125296949,17.641288079149092,15.857427628449768
1128900,oJXXVhFJaulRsMKo8iZ7PWewFKPbuwQtyXbR0IjQOWli8GZb66VGcdj+SpYd0Lsh,14.788265328735948,23.220197829932093,18.09265168003421
1129200,oJXXVhFJaulRsMKo8iZ7PWewFKPbuwQtyXbR0IjQOWli8GZb66VGcdj+SpYd0Lsh,14.455001993448125,17.86126570415189,15.867299147314204
1129500,oJXXVhFJaulRsMKo8iZ7PWewFKPbuwQtyXbR0IjQOWli8GZb66VGcdj+SpYd0Lsh,14.351813612676391,20.18096784241519,16.13588728684024
1129800,oJXXVhFJaulRsMKo8iZ7PWewFKPbuwQtyXbR0IjQOWli8GZb66VGcdj+SpYd0Lsh,14.495117583820296,17.94744137057036,15.990740332136973
1130100,oJXXVhFJaulRsMKo8iZ7PWewFKPbuwQtyXbR0IjQOWli8GZb66VGcdj+SpYd0Lsh,14.697025578469328,19.74987703566373,16.265845368421328
1130400,oJXXVhFJaulRsMKo8iZ7PWewFKPbuwQtyXbR0IjQOWli8GZb66VGcdj+SpYd0Lsh,14.541978311148162,29.68779187658141,17.50544091964001
1130700,oJXXVhFJaulRsMKo8iZ7PWewFKPbuwQtyXbR0IjQOWli8GZb66VGcdj+SpYd0Lsh,14.415034321588132,18.83505474716452,16.37436306352973
1131000,oJXXVhFJaulRsMKo8iZ7PWewFKPbuwQtyXbR0IjQOWli8GZb66VGcdj+SpYd0Lsh,14.63090249102185,17.98424926533561,15.961724204309087
1131300,oJXXVhFJaulRsMKo8iZ7PWewFKPbuwQtyXbR0IjQOWli8GZb66VGcdj+SpYd0Lsh,14.540814778674545,19.566351567254177,16.111737542411156
1131600,oJXXVhFJaulRsMKo8iZ7PWewFKPbuwQtyXbR0IjQOWli8GZb66VGcdj+SpYd0Lsh,14.442005868172304,17.610212516520107,15.806984618634472
1131900,oJXXVhFJaulRsMKo8iZ7PWewFKPbuwQtyXbR0IjQOWli8GZb66VGcdj+SpYd0Lsh,14.502953590912218,19.63132774426013,16.315855719200016
1132200,oJXXVhFJaulRsMKo8iZ7PWewFKPbuwQtyXbR0IjQOWli8GZb66VGcdj+SpYd0Lsh,14.271847279599264,17.487688994395025,15.907120043828808
1132500,oJXXVhFJaulRsMKo8iZ7PWewFKPbuwQtyXbR0IjQOWli8GZb66VGcdj+SpYd0Lsh,14.449101183175877,20.21431571320636,16.608578946656294
1132800,oJXXVhFJaulRsMKo8iZ7PWewFKPbuwQtyXbR0IjQOWli8GZb66VGcdj+SpYd0Lsh,14.637022385867269,20.90818236369726,17.381366382008064
1133100,oJXXVhFJaulRsMKo8iZ7PWewFKPbuwQtyXbR0IjQOWli8GZb66VGcdj+SpYd0Lsh,14.441951066612488,17.732717451163822,16.11431440867779
1133400,oJXXVhFJaulRsMKo8iZ7PWewFKPbuwQtyXbR0IjQOWli8GZb66VGcdj+SpYd0Lsh,14.576446177816992,17.60119744931653,15.947491504239157
1133700,oJXXVhFJaulRsMKo8iZ7PWewFKPbuwQtyXbR0IjQOWli8GZb66VGcdj+SpYd0Lsh,14.521686874751856,17.846735562768494,16.225591836092192
1134000,oJXXVhFJaulRsMKo8iZ7PWewFKPbuwQtyXbR0IjQOWli8GZb66VGcdj+SpYd0Lsh,14.46646503801132,17.677979702586796,15.849746037988442
1134300,oJXXVhFJaulRsMKo8iZ7PWewFKPbuwQtyXbR0IjQOWli8GZb66VGcdj+SpYd0Lsh,13.910844930191477,20.75899498570524,16.54445431046847
1134600,oJXXVhFJaulRsMKo8iZ7PWewFKPbuwQtyXbR0IjQOWli8GZb66VGcdj+SpYd0Lsh,13.356449500982906,18.563070672611637,16.01496913599734
1134900,oJXXVhFJaulRsMKo8iZ7PWewFKPbuwQtyXbR0IjQOWli8GZb66VGcdj+SpYd0Lsh,12.682479260275766,19.51003229350061,16.152647875338552
1135200,oJXXVhFJaulRsMKo8iZ7PWewFKPbuwQtyXbR0IjQOWli8GZb66VGcdj+SpYd0Lsh,12.026646659712329,20.11212698100139,15.817291937809836
1135500,oJXXVhFJaulRsMKo8iZ7PWewFKPbuwQtyXbR0IjQOWli8GZb66VGcdj+SpYd0Lsh,11.18624954582406,20.54899848495588,16.114233008411773
1135800,oJXXVhFJaulRsMKo8iZ7PWewFKPbuwQtyXbR0IjQOWli8GZb66VGcdj+SpYd0Lsh,10.623280407442696,21.22280410277901,15.856039385683388
1136100,oJXXVhFJaulRsMKo8iZ7PWewFKPbuwQtyXbR0IjQOWli8GZb66VGcdj+SpYd0Lsh,9.950293963614376,22.067493206109404,16.79184177101738
1136400,oJXXVhFJaulRsMKo8iZ7PWewFKPbuwQtyXbR0IjQOWli8GZb66VGcdj+SpYd0Lsh,9.363684289317677,25.931885709336417,17.78567982146032
1136700,oJXXVhFJaulRsMKo8iZ7PWewFKPbuwQtyXbR0IjQOWli8GZb66VGcdj+SpYd0Lsh,8.1480042410467,27.339799631049488,16.20496842173453
1137000,oJXXVhFJaulRsMKo8iZ7PWewFKPbuwQtyXbR0IjQOWli8GZb66VGcdj+SpYd0Lsh,7.603303094748181,25.299375295126477,16.077525433865418
1137300,oJXXVhFJaulRsMKo8iZ7PWewFKPbuwQtyXbR0IjQOWli8GZb66VGcdj+SpYd0Lsh,7.202348504242905,29.420866374567694,16.903605071287302
1137600,oJXXVhFJaulRsMKo8iZ7PWewFKPbuwQtyXbR0IjQOWli8GZb66VGcdj+SpYd0Lsh,6.648074997494719,47.5637759682915,19.65030930505849
1137900,oJXXVhFJaulRsMKo8iZ7PWewFKPbuwQtyXbR0IjQOWli8GZb66VGcdj+SpYd0Lsh,6.515929392394693,28.50760645128264,16.492219428260665
1138200,oJXXVhFJaulRsMKo8iZ7PWewFKPbuwQtyXbR0IjQOWli8GZb66VGcdj+SpYd0Lsh,6.572505316165172,26.18108618827114,16.212882506721776
1138500,oJXXVhFJaulRsMKo8iZ7PWewFKPbuwQtyXbR0IjQOWli8GZb66VGcdj+SpYd0Lsh,6.198663409494354,28.216486576485128,16.38165923372463
1138800,oJXXVhFJaulRsMKo8iZ7PWewFKPbuwQtyXbR0IjQOWli8GZb66VGcdj+SpYd0Lsh,6.158505532317171,25.99440032836376,15.79535523779853
1139100,oJXXVhFJaulRsMKo8iZ7PWewFKPbuwQtyXbR0IjQOWli8GZb66VGcdj+SpYd0Lsh,6.05665174395529,28.305354710494232,16.30597744370311
1139400,oJXXVhFJaulRsMKo8iZ7PWewFKPbuwQtyXbR0IjQOWli8GZb66VGcdj+SpYd0Lsh,6.410413863829368,26.158910233025843,15.9883377866217
1139700,oJXXVhFJaulRsMKo8iZ7PWewFKPbuwQtyXbR0IjQOWli8GZb66VGcdj+SpYd0Lsh,6.364649787185684,28.11146935631017,15.517036671633576
1140000,oJXXVhFJaulRsMKo8iZ7PWewFKPbuwQtyXbR0IjQOWli8GZb66VGcdj+SpYd0Lsh,6.495927524417888,26.138672336555526,17.519293133556467
1140300,oJXXVhFJaulRsMKo8iZ7PWewFKPbuwQtyXbR0IjQOWli8GZb66VGcdj+SpYd0Lsh,6.318962924343,28.96678352460641,18.281254642772335
1140600,oJXXVhFJaulRsMKo8iZ7PWewFKPbuwQtyXbR0IjQOWli8GZb66VGcdj+SpYd0Lsh,6.401683843618666,25.88944522172647,16.040247007261456
1140900,oJXXVhFJaulRsMKo8iZ7PWewFKPbuwQtyXbR0IjQOWli8GZb66VGcdj+SpYd0Lsh,6.086246567362648,26.496067663834687,15.985505643504958
1141200,oJXXVhFJaulRsMKo8iZ7PWewFKPbuwQtyXbR0IjQOWli8GZb66VGcdj+SpYd0Lsh,6.050934040233713,26.625559202623734,16.26052711815498
1141500,oJXXVhFJaulRsMKo8iZ7PWewFKPbuwQtyXbR0IjQOWli8GZb66VGcdj+SpYd0Lsh,5.957039291797041,26.207882281352266,16.138940503322765
1141800,oJXXVhFJaulRsMKo8iZ7PWewFKPbuwQtyXbR0IjQOWli8GZb66VGcdj+SpYd0Lsh,5.924143998991949,26.796045049527912,16.21508414748784
1142100,oJXXVhFJaulRsMKo8iZ7PWewFKPbuwQtyXbR0IjQOWli8GZb66VGcdj+SpYd0Lsh,5.843290704919905,26.511607289115755,15.834139019888603
1142400,oJXXVhFJaulRsMKo8iZ7PWewFKPbuwQtyXbR0IjQOWli8GZb66VGcdj+SpYd0Lsh,5.6130062410842205,26.51623158947818,16.189740814204633
1142700,oJXXVhFJaulRsMKo8iZ7PWewFKPbuwQtyXbR0IjQOWli8GZb66VGcdj+SpYd0Lsh,5.8819203295618046,26.420326878802182,15.841672793824564
1143000,oJXXVhFJaulRsMKo8iZ7PWewFKPbuwQtyXbR0IjQOWli8GZb66VGcdj+SpYd0Lsh,5.73678494115169,26.424301258319986,16.06956901064543
1143300,oJXXVhFJaulRsMKo8iZ7PWewFKPbuwQtyXbR0IjQOWli8GZb66VGcdj+SpYd0Lsh,5.628969678512801,26.833785472531243,15.872525094401208
1143600,oJXXVhFJaulRsMKo8iZ7PWewFKPbuwQtyXbR0IjQOWli8GZb66VGcdj+SpYd0Lsh,5.730486020962681,26.86917833130056,16.171744595068766
1143900,oJXXVhFJaulRsMKo8iZ7PWewFKPbuwQtyXbR0IjQOWli8GZb66VGcdj+SpYd0Lsh,5.774710444234037,29.43508694084957,16.36320588348421
1144200,oJXXVhFJaulRsMKo8iZ7PWewFKPbuwQtyXbR0IjQOWli8GZb66VGcdj+SpYd0Lsh,5.40735763653748,27.892728304958545,16.74762630993933
1144500,oJXXVhFJaulRsMKo8iZ7PWewFKPbuwQtyXbR0IjQOWli8GZb66VGcdj+SpYd0Lsh,5.649469738055116,26.601998168174795,15.86286817761598
1144800,oJXXVhFJaulRsMKo8iZ7PWewFKPbuwQtyXbR0IjQOWli8GZb66VGcdj+SpYd0Lsh,5.326189848219597,26.975280742303266,16.17723978295939
1145100,oJXXVhFJaulRsMKo8iZ7PWewFKPbuwQtyXbR0IjQOWli8GZb66VGcdj+SpYd0Lsh,5.361697224744285,28.77410708477458,16.21634724279682
1145400,oJXXVhFJaulRsMKo8iZ7PWewFKPbuwQtyXbR0IjQOWli8GZb66VGcdj+SpYd0Lsh,5.3126049761821275,28.58429137619047,16.276254876033928
1145700,oJXXVhFJaulRsMKo8iZ7PWewFKPbuwQtyXbR0IjQOWli8GZb66VGcdj+SpYd0Lsh,5.146726825888416,27.34657097676793,16.064236119952326
1146000,oJXXVhFJaulRsMKo8iZ7PWewFKPbuwQtyXbR0IjQOWli8GZb66VGcdj+SpYd0Lsh,5.046429566896382,29.35121399433567,16.11571644403592
1146300,oJXXVhFJaulRsMKo8iZ7PWewFKPbuwQtyXbR0IjQOWli8GZb66VGcdj+SpYd0Lsh,5.144324418295501,27.201130950097735,15.898456616545998
1146600,oJXXVhFJaulRsMKo8iZ7PWewFKPbuwQtyXbR0IjQOWli8GZb66VGcdj+SpYd0Lsh,4.995591666618724,28.88065760839537,16.080337800574092
1146900,oJXXVhFJaulRsMKo8iZ7PWewFKPbuwQtyXbR0IjQOWli8GZb66VGcdj+SpYd0Lsh,4.825150218690066,27.06156035631547,15.828204071912433
1147200,oJXXVhFJaulRsMKo8iZ7PWewFKPbuwQtyXbR0IjQOWli8GZb66VGcdj+SpYd0Lsh,4.99292440723826,28.97724282698234,16.15809945407552
1147500,oJXXVhFJaulRsMKo8iZ7PWewFKPbuwQtyXbR0IjQOWli8GZb66VGcdj+SpYd0Lsh,4.760973115154387,27.46185088552588,17.026399071893692
1147800,oJXXVhFJaulRsMKo8iZ7PWewFKPbuwQtyXbR0IjQOWli8GZb66VGcdj+SpYd0Lsh,4.863336916120253,31.345046058327984,18.227820535989707
1148100,oJXXVhFJaulRsMKo8iZ7PWewFKPbuwQtyXbR0IjQOWli8GZb66VGcdj+SpYd0Lsh,4.791440625812959,27.591831780715022,15.86673850326284
1148400,oJXXVhFJaulRsMKo8iZ7PWewFKPbuwQtyXbR0IjQOWli8GZb66VGcdj+SpYd0Lsh,4.623898299072667,45.955766464038525,18.002550469886128
1148700,oJXXVhFJaulRsMKo8iZ7PWewFKPbuwQtyXbR0IjQOWli8GZb66VGcdj+SpYd0Lsh,4.666897308247239,72.5993526937548,23.372814120162214
1149000,oJXXVhFJaulRsMKo8iZ7PWewFKPbuwQtyXbR0IjQOWli8GZb66VGcdj+SpYd0Lsh,4.561387623026277,27.846912823278075,16.104552412452296
1149300,oJXXVhFJaulRsMKo8iZ7PWewFKPbuwQtyXbR0IjQOWli8GZb66VGcdj+SpYd0Lsh,4.443902310717841,27.618166329144437,15.888574032665243
1149600,oJXXVhFJaulRsMKo8iZ7PWewFKPbuwQtyXbR0IjQOWli8GZb66VGcdj+SpYd0Lsh,4.540287893401802,27.76011115435715,16.147192251226194
1149900,oJXXVhFJaulRsMKo8iZ7PWewFKPbuwQtyXbR0IjQOWli8GZb66VGcdj+SpYd0Lsh,4.3969501831720645,27.891404542245816,15.829022816579108
1150200,oJXXVhFJaulRsMKo8iZ7PWewFKPbuwQtyXbR0IjQOWli8GZb66VGcdj+SpYd0Lsh,9.960070120346083,32.26535820758967,21.161691744655705
1150500,oJXXVhFJaulRsMKo8iZ7PWewFKPbuwQtyXbR0IjQOWli8GZb66VGcdj+SpYd0Lsh,4.642320086846977,32.327449738601715,19.406287314642867
1150800,oJXXVhFJaulRsMKo8iZ7PWewFKPbuwQtyXbR0IjQOWli8GZb66VGcdj+SpYd0Lsh,4.47936817841633,28.068638583492604,16.18662321416297
1151100,oJXXVhFJaulRsMKo8iZ7PWewFKPbuwQtyXbR0IjQOWli8GZb66VGcdj+SpYd0Lsh,4.281625627347314,27.951370344693032,15.79000568275796
1151400,oJXXVhFJaulRsMKo8iZ7PWewFKPbuwQtyXbR0IjQOWli8GZb66VGcdj+SpYd0Lsh,4.239021310788766,30.189731101844384,17.133815396810885
1151700,oJXXVhFJaulRsMKo8iZ7PWewFKPbuwQtyXbR0IjQOWli8GZb66VGcdj+SpYd0Lsh,4.138873914654215,30.19792131529683,18.021528729549377
1152000,oJXXVhFJaulRsMKo8iZ7PWewFKPbuwQtyXbR0IjQOWli8GZb66VGcdj+SpYd0Lsh,4.033881342438205,27.429129245031287,16.16636025516513
1152300,oJXXVhFJaulRsMKo8iZ7PWewFKPbuwQtyXbR0IjQOWli8GZb66VGcdj+SpYd0Lsh,4.077635441476449,28.367434085727428,16.300031157884803
1152600,oJXXVhFJaulRsMKo8iZ7PWewFKPbuwQtyXbR0IjQOWli8GZb66VGcdj+SpYd0Lsh,3.8841692529274336,27.732484135336072,16.08540205391439
1152900,oJXXVhFJaulRsMKo8iZ7PWewFKPbuwQtyXbR0IjQOWli8GZb66VGcdj+SpYd0Lsh,3.95607398878113,28.311047200772823,15.804346295427855
1153200,oJXXVhFJaulRsMKo8iZ7PWewFKPbuwQtyXbR0IjQOWli8GZb66VGcdj+SpYd0Lsh,3.809597553649063,27.79951855279492,16.125644707505526
1153500,oJXXVhFJaulRsMKo8iZ7PWewFKPbuwQtyXbR0IjQOWli8GZb66VGcdj+SpYd0Lsh,3.77972767251545,28.575894944469844,15.949207881133471
1153800,oJXXVhFJaulRsMKo8iZ7PWewFKPbuwQtyXbR0IjQOWli8GZb66VGcdj+SpYd0Lsh,3.5467263120075683,29.767949079037248,16.133206375122374
1154100,oJXXVhFJaulRsMKo8iZ7PWewFKPbuwQtyXbR0IjQOWli8GZb66VGcdj+SpYd0Lsh,3.506921604656464,28.587989781540408,15.853548161927742
1154400,oJXXVhFJaulRsMKo8iZ7PWewFKPbuwQtyXbR0IjQOWli8GZb66VGcdj+SpYd0Lsh,3.5262166297874287,31.84563190931474,16.154352413480975
1154700,oJXXVhFJaulRsMKo8iZ7PWewFKPbuwQtyXbR0IjQOWli8GZb66VGcdj+SpYd0Lsh,3.366681796094994,28.67562502570916,15.822840509122903
1155000,oJXXVhFJaulRsMKo8iZ7PWewFKPbuwQtyXbR0IjQOWli8GZb66VGcdj+SpYd0Lsh,3.4271629178092304,31.56049319780771,16.181668417413828
1155300,oJXXVhFJaulRsMKo8iZ7PWewFKPbuwQtyXbR0IjQOWli8GZb66VGcdj+SpYd0Lsh,3.4250104850179635,30.98741287041868,16.346505530520268
1155600,oJXXVhFJaulRsMKo8iZ7PWewFKPbuwQtyXbR0IjQOWli8GZb66VGcdj+SpYd0Lsh,3.0669428491049757,32.0289375046135,16.111252342067974
1155900,oJXXVhFJaulRsMKo8iZ7PWewFKPbuwQtyXbR0IjQOWli8GZb66VGcdj+SpYd0Lsh,3.2542764268914115,29.089418376349197,16.219435602972776
1156200,oJXXVhFJaulRsMKo8iZ7PWewFKPbuwQtyXbR0IjQOWli8GZb66VGcdj+SpYd0Lsh,3.2777585190048537,31.955959286612305,16.21290240309862
1156500,oJXXVhFJaulRsMKo8iZ7PWewFKPbuwQtyXbR0IjQOWli8GZb66VGcdj+SpYd0Lsh,3.1890768664336067,29.11599964769817,15.855354046024386
1156800,oJXXVhFJaulRsMKo8iZ7PWewFKPbuwQtyXbR0IjQOWli8GZb66VGcdj+SpYd0Lsh,2.979707248599869,32.41915839792257,16.184571671061722
1157100,oJXXVhFJaulRsMKo8iZ7PWewFKPbuwQtyXbR0IjQOWli8GZb66VGcdj+SpYd0Lsh,3.039156724995373,29.52606397856809,15.886540495104324
1157400,oJXXVhFJaulRsMKo8iZ7PWewFKPbuwQtyXbR0IjQOWli8GZb66VGcdj+SpYd0Lsh,2.903677752764096,32.07221401800073,16.212137282236046
1157700,oJXXVhFJaulRsMKo8iZ7PWewFKPbuwQtyXbR0IjQOWli8GZb66VGcdj+SpYd0Lsh,2.7599154782422506,29.78687614862433,15.952856758780662
1158000,oJXXVhFJaulRsMKo8iZ7PWewFKPbuwQtyXbR0IjQOWli8GZb66VGcdj+SpYd0Lsh,2.767892430479619,29.417147436865413,16.158070449083542
1158300,oJXXVhFJaulRsMKo8iZ7PWewFKPbuwQtyXbR0IjQOWli8GZb66VGcdj+SpYd0Lsh,2.732691475624329,29.26691954934221,15.78787875894776
1158600,oJXXVhFJaulRsMKo8iZ7PWewFKPbuwQtyXbR0IjQOWli8GZb66VGcdj+SpYd0Lsh,2.927752578214055,29.39604469586198,16.170325497271538
1158900,oJXXVhFJaulRsMKo8iZ7PWewFKPbuwQtyXbR0IjQOWli8GZb66VGcdj+SpYd0Lsh,2.8745317458975768,31.730386062300404,16.19459074576087
1159200,oJXXVhFJaulRsMKo8iZ7PWewFKPbuwQtyXbR0IjQOWli8GZb66VGcdj+SpYd0Lsh,2.7402554647354647,32.63791982127065,17.896081216753885
1159500,oJXXVhFJaulRsMKo8iZ7PWewFKPbuwQtyXbR0IjQOWli8GZb66VGcdj+SpYd0Lsh,2.8659848023978163,31.699467591677237,14.808655313262824
1159800,oJXXVhFJaulRsMKo8iZ7PWewFKPbuwQtyXbR0IjQOWli8GZb66VGcdj+SpYd0Lsh,3.029547716628132,29.74190869534153,16.155211971028727
1160100,oJXXVhFJaulRsMKo8iZ7PWewFKPbuwQtyXbR0IjQOWli8GZb66VGcdj+SpYd0Lsh,2.7512208672925254,29.459275238966384,15.890573703353017
1160400,oJXXVhFJaulRsMKo8iZ7PWewFKPbuwQtyXbR0IjQOWli8GZb66VGcdj+SpYd0Lsh,2.885176146550906,29.245822636332345,16.153334914544164
1160700,oJXXVhFJaulRsMKo8iZ7PWewFKPbuwQtyXbR0IjQOWli8GZb66VGcdj+SpYd0Lsh,2.9487192030683715,29.38601776738351,15.946014275934486
1161000,oJXXVhFJaulRsMKo8iZ7PWewFKPbuwQtyXbR0IjQOWli8GZb66VGcdj+SpYd0Lsh,2.8680282708790585,29.63056371552948,16.101354903171718
1161300,oJXXVhFJaulRsMKo8iZ7PWewFKPbuwQtyXbR0IjQOWli8GZb66VGcdj+SpYd0Lsh,2.908729047747191,29.57945819457612,15.8865568546823
1161600,oJXXVhFJaulRsMKo8iZ7PWewFKPbuwQtyXbR0IjQOWli8GZb66VGcdj+SpYd0Lsh,3.0576643799277456,29.3687122988382,16.190812851163468
1161900,oJXXVhFJaulRsMKo8iZ7PWewFKPbuwQtyXbR0IjQOWli8GZb66VGcdj+SpYd0Lsh,2.789566339958799,31.480499523479324,16.148683124836353
1162200,oJXXVhFJaulRsMKo8iZ7PWewFKPbuwQtyXbR0IjQOWli8GZb66VGcdj+SpYd0Lsh,2.913591926681749,30.4012219089378,16.123527993749455
1162500,oJXXVhFJaulRsMKo8iZ7PWewFKPbuwQtyXbR0IjQOWli8GZb66VGcdj+SpYd0Lsh,2.8900832141695574,29.51969953089083,15.890050325732922
1162800,oJXXVhFJaulRsMKo8iZ7PWewFKPbuwQtyXbR0IjQOWli8GZb66VGcdj+SpYd0Lsh,2.7336355273553847,34.09155780301933,17.69769206676039
1163100,oJXXVhFJaulRsMKo8iZ7PWewFKPbuwQtyXbR0IjQOWli8GZb66VGcdj+SpYd0Lsh,2.821600695803439,29.876344388510123,16.36720889068925
1163400,oJXXVhFJaulRsMKo8iZ7PWewFKPbuwQtyXbR0IjQOWli8GZb66VGcdj+SpYd0Lsh,2.878703359400471,31.199937645753813,16.150938391701455
1163700,oJXXVhFJaulRsMKo8iZ7PWewFKPbuwQtyXbR0IjQOWli8GZb66VGcdj+SpYd0Lsh,2.7036893812650518,28.74801999842689,14.337206069993986
1164000,oJXXVhFJaulRsMKo8iZ7PWewFKPbuwQtyXbR0IjQOWli8GZb66VGcdj+SpYd0Lsh,2.875184593934926,31.18547055545529,16.150453141587594
1164300,oJXXVhFJaulRsMKo8iZ7PWewFKPbuwQtyXbR0IjQOWli8GZb66VGcdj+SpYd0Lsh,2.9173428447514564,29.408069291909264,15.869670120603296
1164600,oJXXVhFJaulRsMKo8iZ7PWewFKPbuwQtyXbR0IjQOWli8GZb66VGcdj+SpYd0Lsh,2.7046811124636143,31.109466531959267,16.142437303903414
1164900,oJXXVhFJaulRsMKo8iZ7PWewFKPbuwQtyXbR0IjQOWli8GZb66VGcdj+SpYd0Lsh,2.850044168877296,29.277593012821374,15.843059111367385
1165200,oJXXVhFJaulRsMKo8iZ7PWewFKPbuwQtyXbR0IjQOWli8GZb66VGcdj+SpYd0Lsh,3.170204235857756,30.710812683758583,16.120422518458795
1165500,oJXXVhFJaulRsMKo8iZ7PWewFKPbuwQtyXbR0IjQOWli8GZb66VGcdj+SpYd0Lsh,4.693905541628332,29.093378076113503,16.98662739015446
1165800,oJXXVhFJaulRsMKo8iZ7PWewFKPbuwQtyXbR0IjQOWli8GZb66VGcdj+SpYd0Lsh,4.591350110347045,27.96758584269363,16.242978517923056
1166100,oJXXVhFJaulRsMKo8iZ7PWewFKPbuwQtyXbR0IjQOWli8GZb66VGcdj+SpYd0Lsh,5.145633326077322,27.13743695472888,15.850117103712684
1166400,oJXXVhFJaulRsMKo8iZ7PWewFKPbuwQtyXbR0IjQOWli8GZb66VGcdj+SpYd0Lsh,6.019199272477064,26.33129742781236,16.0997056060851
1166700,oJXXVhFJaulRsMKo8iZ7PWewFKPbuwQtyXbR0IjQOWli8GZb66VGcdj+SpYd0Lsh,6.917012656700472,28.76735722804541,18.029602351016727
1167000,oJXXVhFJaulRsMKo8iZ7PWewFKPbuwQtyXbR0IjQOWli8GZb66VGcdj+SpYd0Lsh,7.231832280912656,24.87984477681467,16.117883879647874
1167300,oJXXVhFJaulRsMKo8iZ7PWewFKPbuwQtyXbR0IjQOWli8GZb66VGcdj+SpYd0Lsh,8.388684167559928,23.977632227852265,16.671671423166313
1167600,oJXXVhFJaulRsMKo8iZ7PWewFKPbuwQtyXbR0IjQOWli8GZb66VGcdj+SpYd0Lsh,8.768096772449802,23.399154980061525,16.0426491279946
1167900,oJXXVhFJaulRsMKo8iZ7PWewFKPbuwQtyXbR0IjQOWli8GZb66VGcdj+SpYd0Lsh,9.45552101071199,22.855754000783417,15.848278399990477
1168200,oJXXVhFJaulRsMKo8iZ7PWewFKPbuwQtyXbR0IjQOWli8GZb66VGcdj+SpYd0Lsh,10.352152425704174,30.744677181459533,18.29641954914217
1168500,oJXXVhFJaulRsMKo8iZ7PWewFKPbuwQtyXbR0IjQOWli8GZb66VGcdj+SpYd0Lsh,11.180997551561326,21.295655695677205,15.926751763678284
1168800,oJXXVhFJaulRsMKo8iZ7PWewFKPbuwQtyXbR0IjQOWli8GZb66VGcdj+SpYd0Lsh,11.614331818500492,20.23484963730848,16.053323510148772
1169100,oJXXVhFJaulRsMKo8iZ7PWewFKPbuwQtyXbR0IjQOWli8GZb66VGcdj+SpYd0Lsh,12.709385632549507,19.66017552477716,15.881406433947744
1169400,oJXXVhFJaulRsMKo8iZ7PWewFKPbuwQtyXbR0IjQOWli8GZb66VGcdj+SpYd0Lsh,13.243604986124,18.905014773890528,16.11892958133119
1169700,oJXXVhFJaulRsMKo8iZ7PWewFKPbuwQtyXbR0IjQOWli8GZb66VGcdj+SpYd0Lsh,14.004393313814656,18.32470938224327,15.831830306706513
1170000,oJXXVhFJaulRsMKo8iZ7PWewFKPbuwQtyXbR0IjQOWli8GZb66VGcdj+SpYd0Lsh,14.593402206615488,17.97604403810668,16.08351699719419
1170300,oJXXVhFJaulRsMKo8iZ7PWewFKPbuwQtyXbR0IjQOWli8GZb66VGcdj+SpYd0Lsh,15.199488808469148,19.053372023024952,17.03812381677624
1170600,oJXXVhFJaulRsMKo8iZ7PWewFKPbuwQtyXbR0IjQOWli8GZb66VGcdj+SpYd0Lsh,14.955231253620015,19.75694770743201,17.375533482731807
1170900,oJXXVhFJaulRsMKo8iZ7PWewFKPbuwQtyXbR0IjQOWli8GZb66VGcdj+SpYd0Lsh,14.033748254940644,17.30741856680743,15.841220544429204
1171200,oJXXVhFJaulRsMKo8iZ7PWewFKPbuwQtyXbR0IjQOWli8GZb66VGcdj+SpYd0Lsh,14.25323714306908,17.369309519505922,16.11448881876217
1171500,oJXXVhFJaulRsMKo8iZ7PWewFKPbuwQtyXbR0IjQOWli8GZb66VGcdj+SpYd0Lsh,14.013725476440616,17.404743089382524,15.7446800853307
1171800,oJXXVhFJaulRsMKo8iZ7PWewFKPbuwQtyXbR0IjQOWli8GZb66VGcdj+SpYd0Lsh,14.051024088227845,17.517317156370336,16.121489134261616
1172100,oJXXVhFJaulRsMKo8iZ7PWewFKPbuwQtyXbR0IjQOWli8GZb66VGcdj+SpYd0Lsh,13.952356295603662,17.416731625702983,15.846083398885025
1172400,oJXXVhFJaulRsMKo8iZ7PWewFKPbuwQtyXbR0IjQOWli8GZb66VGcdj+SpYd0Lsh,14.170119264703532,17.32093175749156,16.10309839882511
1172700,oJXXVhFJaulRsMKo8iZ7PWewFKPbuwQtyXbR0IjQOWli8GZb66VGcdj+SpYd0Lsh,14.300115556208386,17.592574875122075,15.91144524829402
1173000,oJXXVhFJaulRsMKo8iZ7PWewFKPbuwQtyXbR0IjQOWli8GZb66VGcdj+SpYd0Lsh,14.25453831802832,17.27005747262491,16.08701182108767
1173300,oJXXVhFJaulRsMKo8iZ7PWewFKPbuwQtyXbR0IjQOWli8GZb66VGcdj+SpYd0Lsh,14.06593944287154,17.351660508138888,15.91924551792038
1173600,oJXXVhFJaulRsMKo8iZ7PWewFKPbuwQtyXbR0IjQOWli8GZb66VGcdj+SpYd0Lsh,14.028503500275622,17.306006262595364,16.124070412103688
1173900,oJXXVhFJaulRsMKo8iZ7PWewFKPbuwQtyXbR0IjQOWli8GZb66VGcdj+SpYd0Lsh,14.064073228831344,19.705925613583336,16.391567014412168
1174200,oJXXVhFJaulRsMKo8iZ7PWewFKPbuwQtyXbR0IjQOWli8GZb66VGcdj+SpYd0Lsh,13.877552309179851,20.73074207701569,18.33852212581872
1174500,oJXXVhFJaulRsMKo8iZ7PWewFKPbuwQtyXbR0IjQOWli8GZb66VGcdj+SpYd0Lsh,13.855677643565471,17.507899098432592,15.880011132729026
1174800,oJXXVhFJaulRsMKo8iZ7PWewFKPbuwQtyXbR0IjQOWli8GZb66VGcdj+SpYd0Lsh,14.202380890912996,19.419415424517865,16.08789774294353
1175100,oJXXVhFJaulRsMKo8iZ7PWewFKPbuwQtyXbR0IjQOWli8GZb66VGcdj+SpYd0Lsh,14.272592183567124,17.50768031791003,16.117462776234944
1175400,oJXXVhFJaulRsMKo8iZ7PWewFKPbuwQtyXbR0IjQOWli8GZb66VGcdj+SpYd0Lsh,13.899928504267171,20.2453521594248,16.207035683015064
1175700,oJXXVhFJaulRsMKo8iZ7PWewFKPbuwQtyXbR0IjQOWli8GZb66VGcdj+SpYd0Lsh,13.980049856299546,17.622441238553122,15.895163789096392
1176000,oJXXVhFJaulRsMKo8iZ7PWewFKPbuwQtyXbR0IjQOWli8GZb66VGcdj+SpYd0Lsh,13.917792386110747,20.06073440327719,16.173057754305596
1176300,oJXXVhFJaulRsMKo8iZ7PWewFKPbuwQtyXbR0IjQOWli8GZb66VGcdj+SpYd0Lsh,13.954552794976925,17.702024415158483,15.892620100632138
1176600,oJXXVhFJaulRsMKo8iZ7PWewFKPbuwQtyXbR0IjQOWli8GZb66VGcdj+SpYd0Lsh,14.039316744301027,20.010876641744083,16.164708924915555
1176900,oJXXVhFJaulRsMKo8iZ7PWewFKPbuwQtyXbR0IjQOWli8GZb66VGcdj+SpYd0Lsh,14.155497533882926,17.73589405946291,15.900423884631888
1177200,oJXXVhFJaulRsMKo8iZ7PWewFKPbuwQtyXbR0IjQOWli8GZb66VGcdj+SpYd0Lsh,14.021384773682415,39.79448856621316,18.622916560574147
1177500,oJXXVhFJaulRsMKo8iZ7PWewFKPbuwQtyXbR0IjQOWli8GZb66VGcdj+SpYd0Lsh,14.314205638502022,63.91594872069663,24.03514349310141
1177800,oJXXVhFJaulRsMKo8iZ7PWewFKPbuwQtyXbR0IjQOWli8GZb66VGcdj+SpYd0Lsh,14.020869721076602,20.166641348216423,16.374590581129752
1178100,oJXXVhFJaulRsMKo8iZ7PWewFKPbuwQtyXbR0IjQOWli8GZb66VGcdj+SpYd0Lsh,14.040035469297724,21.00006394612954,18.145921187736512
1178400,oJXXVhFJaulRsMKo8iZ7PWewFKPbuwQtyXbR0IjQOWli8GZb66VGcdj+SpYd0Lsh,14.036503177709308,19.824820317744354,16.114497020719785
1178700,oJXXVhFJaulRsMKo8iZ7PWewFKPbuwQtyXbR0IjQOWli8GZb66VGcdj+SpYd0Lsh,13.96772973005462,17.99101619056895,15.908589588720927
1179000,oJXXVhFJaulRsMKo8iZ7PWewFKPbuwQtyXbR0IjQOWli8GZb66VGcdj+SpYd0Lsh,13.826001469174969,18.017390483600167,16.03037590699187
1179300,oJXXVhFJaulRsMKo8iZ7PWewFKPbuwQtyXbR0IjQOWli8GZb66VGcdj+SpYd0Lsh,14.256069169270292,22.269224193657536,18.314778768653028
1179600,oJXXVhFJaulRsMKo8iZ7PWewFKPbuwQtyXbR0IjQOWli8GZb66VGcdj+SpYd0Lsh,18.98365911449628,23.03022958283492,21.28762271538377
1179900,oJXXVhFJaulRsMKo8iZ7PWewFKPbuwQtyXbR0IjQOWli8GZb66VGcdj+SpYd0Lsh,13.98101118422286,22.3450400218057,17.294212990801295
1180200,oJXXVhFJaulRsMKo8iZ7PWewFKPbuwQtyXbR0IjQOWli8GZb66VGcdj+SpYd0Lsh,14.313223296806187,17.438459904724535,16.209479559804542
1180500,oJXXVhFJaulRsMKo8iZ7PWewFKPbuwQtyXbR0IjQOWli8GZb66VGcdj+SpYd0Lsh,13.945486131339493,17.63466547729521,16.041271798102322
1180800,oJXXVhFJaulRsMKo8iZ7PWewFKPbuwQtyXbR0IjQOWli8GZb66VGcdj+SpYd0Lsh,13.896757677283343,17.49737783865345,16.102941856181033
1181100,oJXXVhFJaulRsMKo8iZ7PWewFKPbuwQtyXbR0IjQOWli8GZb66VGcdj+SpYd0Lsh,14.22516558775082,19.499676503571404,16.383635776197764
1181400,oJXXVhFJaulRsMKo8iZ7PWewFKPbuwQtyXbR0IjQOWli8GZb66VGcdj+SpYd0Lsh,13.949563814730949,17.585568889693757,16.19949424185896
1181700,oJXXVhFJaulRsMKo8iZ7PWewFKPbuwQtyXbR0IjQOWli8GZb66VGcdj+SpYd0Lsh,14.192665651397927,20.04498931457079,17.225828966444716
1182000,oJXXVhFJaulRsMKo8iZ7PWewFKPbuwQtyXbR0IjQOWli8GZb66VGcdj+SpYd0Lsh,14.072359532871529,21.4114326224888,17.254901531337556
1182300,oJXXVhFJaulRsMKo8iZ7PWewFKPbuwQtyXbR0IjQOWli8GZb66VGcdj+SpYd0Lsh,14.369466746986213,17.63998860752972,16.09699063865612
1182600,oJXXVhFJaulRsMKo8iZ7PWewFKPbuwQtyXbR0IjQOWli8GZb66VGcdj+SpYd0Lsh,13.865855260785096,17.757529146790773,16.162510574066335
1182900,oJXXVhFJaulRsMKo8iZ7PWewFKPbuwQtyXbR0IjQOWli8GZb66VGcdj+SpYd0Lsh,14.067328484935238,17.746981542107616,15.94034773633812
1183200,oJXXVhFJaulRsMKo8iZ7PWewFKPbuwQtyXbR0IjQOWli8GZb66VGcdj+SpYd0Lsh,13.938906999169676,17.57546944531963,15.919421905397794
1183500,oJXXVhFJaulRsMKo8iZ7PWewFKPbuwQtyXbR0IjQOWli8GZb66VGcdj+SpYd0Lsh,14.216447656537657,20.010452324465703,16.27711299438652
1183800,oJXXVhFJaulRsMKo8iZ7PWewFKPbuwQtyXbR0IjQOWli8GZb66VGcdj+SpYd0Lsh,13.875775145634996,17.401296567546048,15.895525004651905
1184100,oJXXVhFJaulRsMKo8iZ7PWewFKPbuwQtyXbR0IjQOWli8GZb66VGcdj+SpYd0Lsh,13.935401229801604,20.147225981770728,16.150099231579542
1184400,oJXXVhFJaulRsMKo8iZ7PWewFKPbuwQtyXbR0IjQOWli8GZb66VGcdj+SpYd0Lsh,13.840633977787336,17.575371779741594,15.82715194946818
1184700,oJXXVhFJaulRsMKo8iZ7PWewFKPbuwQtyXbR0IjQOWli8GZb66VGcdj+SpYd0Lsh,14.116788796087857,20.04552273257005,16.213604643777977
1185000,oJXXVhFJaulRsMKo8iZ7PWewFKPbuwQtyXbR0IjQOWli8GZb66VGcdj+SpYd0Lsh,13.894428042139175,17.44225665518921,15.856595321796275
1185300,oJXXVhFJaulRsMKo8iZ7PWewFKPbuwQtyXbR0IjQOWli8GZb66VGcdj+SpYd0Lsh,14.015825460403416,20.752844006221512,16.22344181218501
1185600,oJXXVhFJaulRsMKo8iZ7PWewFKPbuwQtyXbR0IjQOWli8GZb66VGcdj+SpYd0Lsh,14.182764248928668,20.686551507799717,18.0543492434306
1185900,oJXXVhFJaulRsMKo8iZ7PWewFKPbuwQtyXbR0IjQOWli8GZb66VGcdj+SpYd0Lsh,14.072313734563776,20.19999763609222,16.177535131251766
1186200,oJXXVhFJaulRsMKo8iZ7PWewFKPbuwQtyXbR0IjQOWli8GZb66VGcdj+SpYd0Lsh,13.92953219155209,17.672925180929766,15.854738112527036
1186500,oJXXVhFJaulRsMKo8iZ7PWewFKPbuwQtyXbR0IjQOWli8GZb66VGcdj+SpYd0Lsh,13.908506402419333,20.139624968214783,16.155260943665777
1186800,oJXXVhFJaulRsMKo8iZ7PWewFKPbuwQtyXbR0IjQOWli8GZb66VGcdj+SpYd0Lsh,13.951765632885332,17.636245916726587,15.870747205621258
1187100,oJXXVhFJaulRsMKo8iZ7PWewFKPbuwQtyXbR0IjQOWli8GZb66VGcdj+SpYd0Lsh,13.791557064184357,20.053569060022767,16.12701465717058
1187400,oJXXVhFJaulRsMKo8iZ7PWewFKPbuwQtyXbR0IjQOWli8GZb66VGcdj+SpYd0Lsh,14.059119002903696,17.658172871164457,15.92089925898253
1187700,oJXXVhFJaulRsMKo8iZ7PWewFKPbuwQtyXbR0IjQOWli8GZb66VGcdj+SpYd0Lsh,13.877956551109447,18.194823428255752,16.036154741392
1188000,oJXXVhFJaulRsMKo8iZ7PWewFKPbuwQtyXbR0IjQOWli8GZb66VGcdj+SpYd0Lsh,13.809798981173994,17.481074192388174,15.78867014322764
1188300,oJXXVhFJaulRsMKo8iZ7PWewFKPbuwQtyXbR0IjQOWli8GZb66VGcdj+SpYd0Lsh,14.046332029354192,20.04860154760576,16.56172150559741
1188600,oJXXVhFJaulRsMKo8iZ7PWewFKPbuwQtyXbR0IjQOWli8GZb66VGcdj+SpYd0Lsh,13.978564445159629,17.76298080550338,15.9453168342934
1188900,oJXXVhFJaulRsMKo8iZ7PWewFKPbuwQtyXbR0IjQOWli8GZb66VGcdj+SpYd0Lsh,13.873423982369912,17.646720723990075,16.187343436314286
1189200,oJXXVhFJaulRsMKo8iZ7PWewFKPbuwQtyXbR0IjQOWli8GZb66VGcdj+SpYd0Lsh,14.08472287935344,17.61202381511886,16.02278963939342
1189500,oJXXVhFJaulRsMKo8iZ7PWewFKPbuwQtyXbR0IjQOWli8GZb66VGcdj+SpYd0Lsh,14.160783606734087,20.744996928538576,18.28315658558245
1189800,oJXXVhFJaulRsMKo8iZ7PWewFKPbuwQtyXbR0IjQOWli8GZb66VGcdj+SpYd0Lsh,13.819732157588756,17.834167589974303,15.887630579585856
1190100,oJXXVhFJaulRsMKo8iZ7PWewFKPbuwQtyXbR0IjQOWli8GZb66VGcdj+SpYd0Lsh,13.858879621823204,17.595072373657136,16.095013938708703
1190400,oJXXVhFJaulRsMKo8iZ7PWewFKPbuwQtyXbR0IjQOWli8GZb66VGcdj+SpYd0Lsh,13.887015949083754,17.46077681396153,15.864936410160128
1190700,oJXXVhFJaulRsMKo8iZ7PWewFKPbuwQtyXbR0IjQOWli8GZb66VGcdj+SpYd0Lsh,13.928037261553428,17.53417975074929,16.162599821128133
1191000,oJXXVhFJaulRsMKo8iZ7PWewFKPbuwQtyXbR0IjQOWli8GZb66VGcdj+SpYd0Lsh,14.041134923417372,17.628719710004948,15.937922682851
1191300,oJXXVhFJaulRsMKo8iZ7PWewFKPbuwQtyXbR0IjQOWli8GZb66VGcdj+SpYd0Lsh,13.945581876855233,17.876384230020772,16.16620754798578
1191600,oJXXVhFJaulRsMKo8iZ7PWewFKPbuwQtyXbR0IjQOWli8GZb66VGcdj+SpYd0Lsh,13.948141365871582,17.76867014659935,15.862276784213975
1191900,oJXXVhFJaulRsMKo8iZ7PWewFKPbuwQtyXbR0IjQOWli8GZb66VGcdj+SpYd0Lsh,13.959767009125056,19.470618996307916,16.00548049405407
1192200,oJXXVhFJaulRsMKo8iZ7PWewFKPbuwQtyXbR0IjQOWli8GZb66VGcdj+SpYd0Lsh,14.008586745130671,17.736285991655006,15.89222093737198
1192500,oJXXVhFJaulRsMKo8iZ7PWewFKPbuwQtyXbR0IjQOWli8GZb66VGcdj+SpYd0Lsh,14.02425200363955,20.52780142839128,16.17932523428873
1192800,oJXXVhFJaulRsMKo8iZ7PWewFKPbuwQtyXbR0IjQOWli8GZb66VGcdj+SpYd0Lsh,13.864050655955396,17.40257403966072,15.796838683726843
1193100,oJXXVhFJaulRsMKo8iZ7PWewFKPbuwQtyXbR0IjQOWli8GZb66VGcdj+SpYd0Lsh,13.915955171282604,20.26622777534068,17.347450328357873
1193400,oJXXVhFJaulRsMKo8iZ7PWewFKPbuwQtyXbR0IjQOWli8GZb66VGcdj+SpYd0Lsh,14.035586076007698,21.261726642286597,16.947307884222695
1193700,oJXXVhFJaulRsMKo8iZ7PWewFKPbuwQtyXbR0IjQOWli8GZb66VGcdj+SpYd0Lsh,13.829101617904064,20.387136676082086,16.182463065371742
1194000,oJXXVhFJaulRsMKo8iZ7PWewFKPbuwQtyXbR0IjQOWli8GZb66VGcdj+SpYd0Lsh,13.994377489377625,17.58641644918922,15.853013306565696
1194300,oJXXVhFJaulRsMKo8iZ7PWewFKPbuwQtyXbR0IjQOWli8GZb66VGcdj+SpYd0Lsh,14.058475934993709,20.18564772229225,16.153397197937768
1194600,oJXXVhFJaulRsMKo8iZ7PWewFKPbuwQtyXbR0IjQOWli8GZb66VGcdj+SpYd0Lsh,14.212677494080358,17.568533875015603,15.9315048930565
1194900,oJXXVhFJaulRsMKo8iZ7PWewFKPbuwQtyXbR0IjQOWli8GZb66VGcdj+SpYd0Lsh,13.987146036025845,20.149757997331204,16.140125670724913
1195200,oJXXVhFJaulRsMKo8iZ7PWewFKPbuwQtyXbR0IjQOWli8GZb66VGcdj+SpYd0Lsh,13.994950778032749,17.50815089741058,15.880399074501506
1195500,oJXXVhFJaulRsMKo8iZ7PWewFKPbuwQtyXbR0IjQOWli8GZb66VGcdj+SpYd0Lsh,14.19253190068174,19.99277976344373,16.86816517984
1195800,oJXXVhFJaulRsMKo8iZ7PWewFKPbuwQtyXbR0IjQOWli8GZb66VGcdj+SpYd0Lsh,13.982619032307804,17.85469091467016,15.922321121736116
1196100,oJXXVhFJaulRsMKo8iZ7PWewFKPbuwQtyXbR0IjQOWli8GZb66VGcdj+SpYd0Lsh,14.025550223620735,18.37234165610243,16.126200055721696
1196400,oJXXVhFJaulRsMKo8iZ7PWewFKPbuwQtyXbR0IjQOWli8GZb66VGcdj+SpYd0Lsh,14.195217887773946,17.333935018941077,15.867086281998848
1196700,oJXXVhFJaulRsMKo8iZ7PWewFKPbuwQtyXbR0IjQOWli8GZb66VGcdj+SpYd0Lsh,13.971403665741274,17.93132488901935,16.13859179282433
1197000,oJXXVhFJaulRsMKo8iZ7PWewFKPbuwQtyXbR0IjQOWli8GZb66VGcdj+SpYd0Lsh,14.031723026137334,20.418186719808308,18.11316712851056
1197300,oJXXVhFJaulRsMKo8iZ7PWewFKPbuwQtyXbR0IjQOWli8GZb66VGcdj+SpYd0Lsh,14.104241607058366,18.112076120713155,16.128917643340635
1197600,oJXXVhFJaulRsMKo8iZ7PWewFKPbuwQtyXbR0IjQOWli8GZb66VGcdj+SpYd0Lsh,14.218202920661705,17.39281874588104,15.88825232366905
1197900,oJXXVhFJaulRsMKo8iZ7PWewFKPbuwQtyXbR0IjQOWli8GZb66VGcdj+SpYd0Lsh,14.033142999303513,18.191167091995563,16.177115028227128
1198200,oJXXVhFJaulRsMKo8iZ7PWewFKPbuwQtyXbR0IjQOWli8GZb66VGcdj+SpYd0Lsh,14.210073735132797,17.401997171785766,15.88949749416522
1198500,oJXXVhFJaulRsMKo8iZ7PWewFKPbuwQtyXbR0IjQOWli8GZb66VGcdj+SpYd0Lsh,14.04379901417544,18.444084713391188,16.144643564593327
1198800,oJXXVhFJaulRsMKo8iZ7PWewFKPbuwQtyXbR0IjQOWli8GZb66VGcdj+SpYd0Lsh,14.00018822768218,17.389841358234712,15.87751163263626
1199100,oJXXVhFJaulRsMKo8iZ7PWewFKPbuwQtyXbR0IjQOWli8GZb66VGcdj+SpYd0Lsh,14.058730276600391,18.04107449392619,16.24037030693986
1199400,oJXXVhFJaulRsMKo8iZ7PWewFKPbuwQtyXbR0IjQOWli8GZb66VGcdj+SpYd0Lsh,14.193110577470652,19.379671573797648,16.13115343481398
1199700,oJXXVhFJaulRsMKo8iZ7PWewFKPbuwQtyXbR0IjQOWli8GZb66VGcdj+SpYd0Lsh,14.07422566119098,18.054064065950904,16.31262272190701
1200000,oJXXVhFJaulRsMKo8iZ7PWewFKPbuwQtyXbR0IjQOWli8GZb66VGcdj+SpYd0Lsh,14.01009201330032,17.382977357383187,15.8277704885642
1200300,oJXXVhFJaulRsMKo8iZ7PWewFKPbuwQtyXbR0IjQOWli8GZb66VGcdj+SpYd0Lsh,13.861630949299256,20.04817050364579,16.063486509502894
1200600,oJXXVhFJaulRsMKo8iZ7PWewFKPbuwQtyXbR0IjQOWli8GZb66VGcdj+SpYd0Lsh,13.951525701133718,17.314854363677078,15.9681763895956
1200900,oJXXVhFJaulRsMKo8iZ7PWewFKPbuwQtyXbR0IjQOWli8GZb66VGcdj+SpYd0Lsh,14.33267106596942,22.99682203747375,18.18769970893835
1201200,oJXXVhFJaulRsMKo8iZ7PWewFKPbuwQtyXbR0IjQOWli8GZb66VGcdj+SpYd0Lsh,13.862041874488993,17.55159908651925,15.7962807289313
1201500,oJXXVhFJaulRsMKo8iZ7PWewFKPbuwQtyXbR0IjQOWli8GZb66VGcdj+SpYd0Lsh,14.038278576247894,20.065895346059417,16.097025198138407
1201800,oJXXVhFJaulRsMKo8iZ7PWewFKPbuwQtyXbR0IjQOWli8GZb66VGcdj+SpYd0Lsh,14.384653441740376,17.428859064301278,15.882916812040284
1202100,oJXXVhFJaulRsMKo8iZ7PWewFKPbuwQtyXbR0IjQOWli8GZb66VGcdj+SpYd0Lsh,13.98145050093006,19.974231012457487,16.130220966909686
1202400,oJXXVhFJaulRsMKo8iZ7PWewFKPbuwQtyXbR0IjQOWli8GZb66VGcdj+SpYd0Lsh,14.080704028272944,17.432132198332592,15.845275685003298
1202700,oJXXVhFJaulRsMKo8iZ7PWewFKPbuwQtyXbR0IjQOWli8GZb66VGcdj+SpYd0Lsh,14.82490462596826,19.55735668766373,16.21527610775309
1203000,oJXXVhFJaulRsMKo8iZ7PWewFKPbuwQtyXbR0IjQOWli8GZb66VGcdj+SpYd0Lsh,15.55845591617942,19.033065841421045,16.24536071695807
1203300,oJXXVhFJaulRsMKo8iZ7PWewFKPbuwQtyXbR0IjQOWli8GZb66VGcdj+SpYd0Lsh,14.77151854933008,17.519612147747242,16.26812187735027
1203600,oJXXVhFJaulRsMKo8iZ7PWewFKPbuwQtyXbR0IjQOWli8GZb66VGcdj+SpYd0Lsh,13.830121269121172,18.00155561166148,15.842331800684248
1203900,oJXXVhFJaulRsMKo8iZ7PWewFKPbuwQtyXbR0IjQOWli8GZb66VGcdj+SpYd0Lsh,13.231335057522529,20.841600331238176,16.220083543178283
1204200,oJXXVhFJaulRsMKo8iZ7PWewFKPbuwQtyXbR0IjQOWli8GZb66VGcdj+SpYd0Lsh,12.17566317524499,19.546789484697307,15.792558559496502
1204500,oJXXVhFJaulRsMKo8iZ7PWewFKPbuwQtyXbR0IjQOWli8GZb66VGcdj+SpYd0Lsh,11.68013918489714,23.15145527034779,17.423026965534124
1204800,oJXXVhFJaulRsMKo8iZ7PWewFKPbuwQtyXbR0IjQOWli8GZb66VGcdj+SpYd0Lsh,14.067304326477172,23.69555071013969,18.817285028704248
1205100,oJXXVhFJaulRsMKo8iZ7PWewFKPbuwQtyXbR0IjQOWli8GZb66VGcdj+SpYd0Lsh,10.292211343122323,24.062514880182352,16.210678539955676
1205400,oJXXVhFJaulRsMKo8iZ7PWewFKPbuwQtyXbR0IjQOWli8GZb66VGcdj+SpYd0Lsh,9.400136353229422,22.67929826053938,15.895757554097068
1205700,oJXXVhFJaulRsMKo8iZ7PWewFKPbuwQtyXbR0IjQOWli8GZb66VGcdj+SpYd0Lsh,8.707580342270337,25.12939508789927,16.118119026861493
1206000,oJXXVhFJaulRsMKo8iZ7PWewFKPbuwQtyXbR0IjQOWli8GZb66VGcdj+SpYd0Lsh,7.988448096291717,42.31343458412125,17.7110814059158
1206300,oJXXVhFJaulRsMKo8iZ7PWewFKPbuwQtyXbR0IjQOWli8GZb66VGcdj+SpYd0Lsh,7.736606529849968,58.88856943318929,23.690878492178232
1206600,oJXXVhFJaulRsMKo8iZ7PWewFKPbuwQtyXbR0IjQOWli8GZb66VGcdj+SpYd0Lsh,7.5266977919850975,24.82281328750912,16.031171078266887
1206900,oJXXVhFJaulRsMKo8iZ7PWewFKPbuwQtyXbR0IjQOWli8GZb66VGcdj+SpYd0Lsh,7.558172436097953,26.461169282255025,16.363533364661773
1207200,oJXXVhFJaulRsMKo8iZ7PWewFKPbuwQtyXbR0IjQOWli8GZb66VGcdj+SpYd0Lsh,7.45625040574344,25.1905973206736,15.841721242951776
1207500,oJXXVhFJaulRsMKo8iZ7PWewFKPbuwQtyXbR0IjQOWli8GZb66VGcdj+SpYd0Lsh,7.374093930497067,27.156928716091212,17.049925339262355
1207800,oJXXVhFJaulRsMKo8iZ7PWewFKPbuwQtyXbR0IjQOWli8GZb66VGcdj+SpYd0Lsh,7.297589354700163,25.055804225601257,15.88052618420828
1208100,oJXXVhFJaulRsMKo8iZ7PWewFKPbuwQtyXbR0IjQOWli8GZb66VGcdj+SpYd0Lsh,7.345919834185213,26.31436423666761,16.062735342768637
1208400,oJXXVhFJaulRsMKo8iZ7PWewFKPbuwQtyXbR0IjQOWli8GZb66VGcdj+SpYd0Lsh,7.356599194878467,26.43901572326126,16.063640172680422
1208700,oJXXVhFJaulRsMKo8iZ7PWewFKPbuwQtyXbR0IjQOWli8GZb66VGcdj+SpYd0Lsh,11.099276223187411,32.286824876441855,21.973400680573025
1209000,oJXXVhFJaulRsMKo8iZ7PWewFKPbuwQtyXbR0IjQOWli8GZb66VGcdj+SpYd0Lsh,12.430225685990685,29.75247293968603,20.537385005625403
1209300,oJXXVhFJaulRsMKo8iZ7PWewFKPbuwQtyXbR0IjQOWli8GZb66VGcdj+SpYd0Lsh,7.143172817590184,25.376060457962577,16.216990221019625
1209600,oJXXVhFJaulRsMKo8iZ7PWewFKPbuwQtyXbR0IjQOWli8GZb66VGcdj+SpYd0Lsh,7.063799289740658,25.540477058181025,15.908983559259084
1209900,oJXXVhFJaulRsMKo8iZ7PWewFKPbuwQtyXbR0IjQOWli8GZb66VGcdj+SpYd0Lsh,7.07614555966368,25.507975316050143,16.26485517856455
1210200,oJXXVhFJaulRsMKo8iZ7PWewFKPbuwQtyXbR0IjQOWli8GZb66VGcdj+SpYd0Lsh,7.02339586383845,25.42235549976208,15.917154106677708
1210500,oJXXVhFJaulRsMKo8iZ7PWewFKPbuwQtyXbR0IjQOWli8GZb66VGcdj+SpYd0Lsh,6.856999114593873,25.561778143146167,16.132621497888724
1210800,oJXXVhFJaulRsMKo8iZ7PWewFKPbuwQtyXbR0IjQOWli8GZb66VGcdj+SpYd0Lsh,6.855912845173848,25.61480688097579,15.824564849086055
1211100,oJXXVhFJaulRsMKo8iZ7PWewFKPbuwQtyXbR0IjQOWli8GZb66VGcdj+SpYd0Lsh,6.900993985247362,25.742943548389523,15.269959878049542
1211400,oJXXVhFJaulRsMKo8iZ7PWewFKPbuwQtyXbR0IjQOWli8GZb66VGcdj+SpYd0Lsh,6.699447238867395,31.220026699233323,18.199707169032767
1211700,oJXXVhFJaulRsMKo8iZ7PWewFKPbuwQtyXbR0IjQOWli8GZb66VGcdj+SpYd0Lsh,6.713711654468796,25.838415071840195,16.10842302658795
1212000,oJXXVhFJaulRsMKo8iZ7PWewFKPbuwQtyXbR0IjQOWli8GZb66VGcdj+SpYd0Lsh,6.7490157857551845,25.823441584650386,15.887980383236792
1212300,oJXXVhFJaulRsMKo8iZ7PWewFKPbuwQtyXbR0IjQOWli8GZb66VGcdj+SpYd0Lsh,6.621752783616582,28.53951969859863,17.35984089334923
1212600,oJXXVhFJaulRsMKo8iZ7PWewFKPbuwQtyXbR0IjQOWli8GZb66VGcdj+SpYd0Lsh,6.118780926404888,28.039360381632143,16.825029504117378
1212900,oJXXVhFJaulRsMKo8iZ7PWewFKPbuwQtyXbR0IjQOWli8GZb66VGcdj+SpYd0Lsh,6.078808875041894,27.960146353382832,16.165703101187226
1213200,oJXXVhFJaulRsMKo8iZ7PWewFKPbuwQtyXbR0IjQOWli8GZb66VGcdj+SpYd0Lsh,5.783383386363334,26.60175241116237,15.822856903660002
1213500,oJXXVhFJaulRsMKo8iZ7PWewFKPbuwQtyXbR0IjQOWli8GZb66VGcdj+SpYd0Lsh,5.886412263566368,27.83683771960173,16.121412306757744
1213800,oJXXVhFJaulRsMKo8iZ7PWewFKPbuwQtyXbR0IjQOWli8GZb66VGcdj+SpYd0Lsh,5.6862442116772485,26.51645977416548,15.900130132100225
1214100,oJXXVhFJaulRsMKo8iZ7PWewFKPbuwQtyXbR0IjQOWli8GZb66VGcdj+SpYd0Lsh,5.573797144200254,28.491771901304183,16.112269097785443
1214400,oJXXVhFJaulRsMKo8iZ7PWewFKPbuwQtyXbR0IjQOWli8GZb66VGcdj+SpYd0Lsh,5.530186558662203,26.789898371137134,15.850163233822638
1214700,oJXXVhFJaulRsMKo8iZ7PWewFKPbuwQtyXbR0IjQOWli8GZb66VGcdj+SpYd0Lsh,5.474856256420233,28.496223696764805,16.116199538170225
1215000,oJXXVhFJaulRsMKo8iZ7PWewFKPbuwQtyXbR0IjQOWli8GZb66VGcdj+SpYd0Lsh,5.557798113708178,40.49339147674757,17.362432467071024
1215300,oJXXVhFJaulRsMKo8iZ7PWewFKPbuwQtyXbR0IjQOWli8GZb66VGcdj+SpYd0Lsh,5.38893617940158,26.988868694524825,14.706774322104575
1215600,oJXXVhFJaulRsMKo8iZ7PWewFKPbuwQtyXbR0IjQOWli8GZb66VGcdj+SpYd0Lsh,5.318621900941491,26.713982982191403,15.832679433789778
1215900,oJXXVhFJaulRsMKo8iZ7PWewFKPbuwQtyXbR0IjQOWli8GZb66VGcdj+SpYd0Lsh,5.278647407069155,28.6464010450384,16.090314478769717
1216200,oJXXVhFJaulRsMKo8iZ7PWewFKPbuwQtyXbR0IjQOWli8GZb66VGcdj+SpYd0Lsh,5.567433698466568,29.541300300209272,17.908193232958734
1216500,oJXXVhFJaulRsMKo8iZ7PWewFKPbuwQtyXbR0IjQOWli8GZb66VGcdj+SpYd0Lsh,5.143184664857113,28.800340574356493,16.104673647481558
1216800,oJXXVhFJaulRsMKo8iZ7PWewFKPbuwQtyXbR0IjQOWli8GZb66VGcdj+SpYd0Lsh,5.212423596314645,27.067794505830346,15.86303535888265
1217100,oJXXVhFJaulRsMKo8iZ7PWewFKPbuwQtyXbR0IjQOWli8GZb66VGcdj+SpYd0Lsh,4.901956698451558,27.220461308295288,16.142045457423677
1217400,oJXXVhFJaulRsMKo8iZ7PWewFKPbuwQtyXbR0IjQOWli8GZb66VGcdj+SpYd0Lsh,5.13470827958508,30.79833125502212,16.38901187196948
1217700,oJXXVhFJaulRsMKo8iZ7PWewFKPbuwQtyXbR0IjQOWli8GZb66VGcdj+SpYd0Lsh,4.954954353073912,27.612336720995337,16.268009882076992
1218000,oJXXVhFJaulRsMKo8iZ7PWewFKPbuwQtyXbR0IjQOWli8GZb66VGcdj+SpYd0Lsh,4.856699527738626,27.2937543550648,15.813031556629626
1218300,oJXXVhFJaulRsMKo8iZ7PWewFKPbuwQtyXbR0IjQOWli8GZb66VGcdj+SpYd0Lsh,4.956324434573526,27.261940855494476,16.172914974417033
1218600,oJXXVhFJaulRsMKo8iZ7PWewFKPbuwQtyXbR0IjQOWli8GZb66VGcdj+SpYd0Lsh,4.837536641164943,27.267405484853224,15.857413676436533
1218900,oJXXVhFJaulRsMKo8iZ7PWewFKPbuwQtyXbR0IjQOWli8GZb66VGcdj+SpYd0Lsh,4.774669208957855,27.268393940304676,16.074985510616848
1219200,oJXXVhFJaulRsMKo8iZ7PWewFKPbuwQtyXbR0IjQOWli8GZb66VGcdj+SpYd0Lsh,4.898102857244839,27.37451521029604,15.890304630907227
1219500,oJXXVhFJaulRsMKo8iZ7PWewFKPbuwQtyXbR0IjQOWli8GZb66VGcdj+SpYd0Lsh,4.78844303099171,27.617424821576414,14.88367744467984
1219800,oJXXVhFJaulRsMKo8iZ7PWewFKPbuwQtyXbR0IjQOWli8GZb66VGcdj+SpYd0Lsh,4.408858149777808,29.953030020301707,16.478466877516308
1220100,oJXXVhFJaulRsMKo8iZ7PWewFKPbuwQtyXbR0IjQOWli8GZb66VGcdj+SpYd0Lsh,4.4006057668695515,30.70618874809597,17.613109236883943
1220400,oJXXVhFJaulRsMKo8iZ7PWewFKPbuwQtyXbR0IjQOWli8GZb66VGcdj+SpYd0Lsh,4.3806987296534725,27.6505039510868,15.8335494667213
1220700,oJXXVhFJaulRsMKo8iZ7PWewFKPbuwQtyXbR0IjQOWli8GZb66VGcdj+SpYd0Lsh,4.314227991189414,27.666974090157048,16.047919747257026
1221000,oJXXVhFJaulRsMKo8iZ7PWewFKPbuwQtyXbR0IjQOWli8GZb66VGcdj+SpYd0Lsh,4.212259210107974,28.270122448192737,16.344160399192297
1221300,oJXXVhFJaulRsMKo8iZ7PWewFKPbuwQtyXbR0IjQOWli8GZb66VGcdj+SpYd0Lsh,4.05422324882647,30.18909785045417,16.14643808418654
1221600,oJXXVhFJaulRsMKo8iZ7PWewFKPbuwQtyXbR0IjQOWli8GZb66VGcdj+SpYd0Lsh,4.193446702795127,28.176106997901016,15.904068909789569
1221900,oJXXVhFJaulRsMKo8iZ7PWewFKPbuwQtyXbR0IjQOWli8GZb66VGcdj+SpYd0Lsh,4.100277337193552,30.35875937409704,16.079905208103156
1222200,oJXXVhFJaulRsMKo8iZ7PWewFKPbuwQtyXbR0IjQOWli8GZb66VGcdj+SpYd0Lsh,4.116725561255539,28.290385487110175,15.831003548449177
1222500,oJXXVhFJaulRsMKo8iZ7PWewFKPbuwQtyXbR0IjQOWli8GZb66VGcdj+SpYd0Lsh,3.902980894307416,30.05464250456452,16.116501402296308
1222800,oJXXVhFJaulRsMKo8iZ7PWewFKPbuwQtyXbR0IjQOWli8GZb66VGcdj+SpYd0Lsh,3.924870688453956,28.456285607312584,15.938851062404446
1223100,oJXXVhFJaulRsMKo8iZ7PWewFKPbuwQtyXbR0IjQOWli8GZb66VGcdj+SpYd0Lsh,3.764404402132585,31.29025948337112,16.158903969092872
1223400,oJXXVhFJaulRsMKo8iZ7PWewFKPbuwQtyXbR0IjQOWli8GZb66VGcdj+SpYd0Lsh,3.8428953847501774,29.0125672279863,17.574474253381602
1223700,oJXXVhFJaulRsMKo8iZ7PWewFKPbuwQtyXbR0IjQOWli8GZb66VGcdj+SpYd0Lsh,4.283098295074446,35.36265829113549,18.514276161943744
1224000,oJXXVhFJaulRsMKo8iZ7PWewFKPbuwQtyXbR0IjQOWli8GZb66VGcdj+SpYd0Lsh,3.8396453897978047,50.432215363282616,19.871839501616687
1224300,oJXXVhFJaulRsMKo8iZ7PWewFKPbuwQtyXbR0IjQOWli8GZb66VGcdj+SpYd0Lsh,3.745444600519817,29.408659208630983,16.121454059766247
1224600,oJXXVhFJaulRsMKo8iZ7PWewFKPbuwQtyXbR0IjQOWli8GZb66VGcdj+SpYd0Lsh,3.7562865542200377,29.394417389644605,16.548329923305054
1224900,oJXXVhFJaulRsMKo8iZ7PWewFKPbuwQtyXbR0IjQOWli8GZb66VGcdj+SpYd0Lsh,3.619991214530701,30.685014528196064,16.372449021267794
1225200,oJXXVhFJaulRsMKo8iZ7PWewFKPbuwQtyXbR0IjQOWli8GZb66VGcdj+SpYd0Lsh,3.518153015401779,28.71267046722279,15.838912448947127
1225500,oJXXVhFJaulRsMKo8iZ7PWewFKPbuwQtyXbR0IjQOWli8GZb66VGcdj+SpYd0Lsh,3.39992577188653,29.29936783832552,16.18362394355913
1225800,oJXXVhFJaulRsMKo8iZ7PWewFKPbuwQtyXbR0IjQOWli8GZb66VGcdj+SpYd0Lsh,3.377134380174888,28.966098791327735,16.280994837656777
1226100,oJXXVhFJaulRsMKo8iZ7PWewFKPbuwQtyXbR0IjQOWli8GZb66VGcdj+SpYd0Lsh,3.244019770408006,32.90926789355053,16.336518092210095
1226400,oJXXVhFJaulRsMKo8iZ7PWewFKPbuwQtyXbR0IjQOWli8GZb66VGcdj+SpYd0Lsh,3.565746187301563,28.83072069717409,17.709282995802248
1226700,oJXXVhFJaulRsMKo8iZ7PWewFKPbuwQtyXbR0IjQOWli8GZb66VGcdj+SpYd0Lsh,3.1866113742980624,28.945163245082306,16.208221078561927
1227000,oJXXVhFJaulRsMKo8iZ7PWewFKPbuwQtyXbR0IjQOWli8GZb66VGcdj+SpYd0Lsh,3.2773412057342086,29.35261793358459,16.310180987393366
1227300,oJXXVhFJaulRsMKo8iZ7PWewFKPbuwQtyXbR0IjQOWli8GZb66VGcdj+SpYd0Lsh,3.160170098201159,29.39398806430328,16.032049201634212
1227600,oJXXVhFJaulRsMKo8iZ7PWewFKPbuwQtyXbR0IjQOWli8GZb66VGcdj+SpYd0Lsh,3.1071325505098466,31.948331486269385,19.437234205009798
1227900,oJXXVhFJaulRsMKo8iZ7PWewFKPbuwQtyXbR0IjQOWli8GZb66VGcdj+SpYd0Lsh,2.903005304541752,29.300672066223346,15.885662843644976
1228200,oJXXVhFJaulRsMKo8iZ7PWewFKPbuwQtyXbR0IjQOWli8GZb66VGcdj+SpYd0Lsh,2.9573897403549934,29.48057620518815,16.204310061749595
1228500,oJXXVhFJaulRsMKo8iZ7PWewFKPbuwQtyXbR0IjQOWli8GZb66VGcdj+SpYd0Lsh,2.915553051500556,29.491846942559885,15.930333298728256
1228800,oJXXVhFJaulRsMKo8iZ7PWewFKPbuwQtyXbR0IjQOWli8GZb66VGcdj+SpYd0Lsh,2.84000989271496,29.8329261158205,16.192960111223773
1229100,oJXXVhFJaulRsMKo8iZ7PWewFKPbuwQtyXbR0IjQOWli8GZb66VGcdj+SpYd0Lsh,2.8017102062179875,29.66380714651691,15.890727541918087
1229400,oJXXVhFJaulRsMKo8iZ7PWewFKPbuwQtyXbR0IjQOWli8GZb66VGcdj+SpYd0Lsh,2.6595908135166053,29.296811858369637,16.103916166680158
1229700,oJXXVhFJaulRsMKo8iZ7PWewFKPbuwQtyXbR0IjQOWli8GZb66VGcdj+SpYd0Lsh,2.7632394494457504,29.293204452058237,15.850067331345567
1230000,oJXXVhFJaulRsMKo8iZ7PWewFKPbuwQtyXbR0IjQOWli8GZb66VGcdj+SpYd0Lsh,2.703346650739532,29.425715386868035,16.386748947647273
1230300,oJXXVhFJaulRsMKo8iZ7PWewFKPbuwQtyXbR0IjQOWli8GZb66VGcdj+SpYd0Lsh,2.798071309149694,31.86070997092124,16.716674673005414
1230600,oJXXVhFJaulRsMKo8iZ7PWewFKPbuwQtyXbR0IjQOWli8GZb66VGcdj+SpYd0Lsh,3.1228343209075606,31.32210274809087,16.18052940754916
1230900,oJXXVhFJaulRsMKo8iZ7PWewFKPbuwQtyXbR0IjQOWli8GZb66VGcdj+SpYd0Lsh,3.23542099730366,28.616551574334807,15.767659925831024
1231200,oJXXVhFJaulRsMKo8iZ7PWewFKPbuwQtyXbR0IjQOWli8GZb66VGcdj+SpYd0Lsh,3.5051936809823703,30.723849166070675,15.501551949411958
1231500,oJXXVhFJaulRsMKo8iZ7PWewFKPbuwQtyXbR0IjQOWli8GZb66VGcdj+SpYd0Lsh,4.686709777154872,30.948766786844136,17.724956121623002
1231800,oJXXVhFJaulRsMKo8iZ7PWewFKPbuwQtyXbR0IjQOWli8GZb66VGcdj+SpYd0Lsh,4.368038513767953,28.984702992803392,15.946306626817082
1232100,oJXXVhFJaulRsMKo8iZ7PWewFKPbuwQtyXbR0IjQOWli8GZb66VGcdj+SpYd0Lsh,5.796905476393546,26.63045911482263,15.770435039201743
1232400,oJXXVhFJaulRsMKo8iZ7PWewFKPbuwQtyXbR0IjQOWli8GZb66VGcdj+SpYd0Lsh,5.878362763248935,28.379904334993277,16.019457627576976
1232700,oJXXVhFJaulRsMKo8iZ7PWewFKPbuwQtyXbR0IjQOWli8GZb66VGcdj+SpYd0Lsh,6.848960609712756,24.94464224950409,15.771757495157289
1233000,oJXXVhFJaulRsMKo8iZ7PWewFKPbuwQtyXbR0IjQOWli8GZb66VGcdj+SpYd0Lsh,7.705348284677737,26.68002349306512,16.026518959356668
1233300,oJXXVhFJaulRsMKo8iZ7PWewFKPbuwQtyXbR0IjQOWli8GZb66VGcdj+SpYd0Lsh,8.860622055370236,23.164222084184775,15.786622320533272
1233600,oJXXVhFJaulRsMKo8iZ7PWewFKPbuwQtyXbR0IjQOWli8GZb66VGcdj+SpYd0Lsh,9.325225155106716,25.035391799884813,16.163086487831432
1233900,oJXXVhFJaulRsMKo8iZ7PWewFKPbuwQtyXbR0IjQOWli8GZb66VGcdj+SpYd0Lsh,10.184617959205584,21.913646571768528,15.72351559174576
1234200,oJXXVhFJaulRsMKo8iZ7PWewFKPbuwQtyXbR0IjQOWli8GZb66VGcdj+SpYd0Lsh,11.111790713262774,21.133484554650448,16.115832038370144
1234500,oJXXVhFJaulRsMKo8iZ7PWewFKPbuwQtyXbR0IjQOWli8GZb66VGcdj+SpYd0Lsh,11.611094652801423,20.173666047116228,15.79351907541752
1234800,oJXXVhFJaulRsMKo8iZ7PWewFKPbuwQtyXbR0IjQOWli8GZb66VGcdj+SpYd0Lsh,12.301483291850392,37.357138288552314,18.83504722015112
1235100,oJXXVhFJaulRsMKo8iZ7PWewFKPbuwQtyXbR0IjQOWli8GZb66VGcdj+SpYd0Lsh,13.11785484196416,84.1465780807319,24.5515341039294
1235400,oJXXVhFJaulRsMKo8iZ7PWewFKPbuwQtyXbR0IjQOWli8GZb66VGcdj+SpYd0Lsh,14.019050670269053,19.22330947853513,16.60947026106283
1235700,oJXXVhFJaulRsMKo8iZ7PWewFKPbuwQtyXbR0IjQOWli8GZb66VGcdj+SpYd0Lsh,14.513994990515457,17.999501878282942,15.842277635913494
1236000,oJXXVhFJaulRsMKo8iZ7PWewFKPbuwQtyXbR0IjQOWli8GZb66VGcdj+SpYd0Lsh,14.692731350514224,17.91750415931808,16.194411756859363
1236300,oJXXVhFJaulRsMKo8iZ7PWewFKPbuwQtyXbR0IjQOWli8GZb66VGcdj+SpYd0Lsh,14.62617147174231,18.036291042800407,15.879604021317858
1236600,oJXXVhFJaulRsMKo8iZ7PWewFKPbuwQtyXbR0IjQOWli8GZb66VGcdj+SpYd0Lsh,14.34319112882558,17.852904155215857,16.17680709916488
1236900,oJXXVhFJaulRsMKo8iZ7PWewFKPbuwQtyXbR0IjQOWli8GZb66VGcdj+SpYd0Lsh,14.467239982298146,17.61688745170714,15.776184025199052
1237200,oJXXVhFJaulRsMKo8iZ7PWewFKPbuwQtyXbR0IjQOWli8GZb66VGcdj+SpYd0Lsh,14.37108423819131,17.86337976631732,16.149665668755286
1237500,oJXXVhFJaulRsMKo8iZ7PWewFKPbuwQtyXbR0IjQOWli8GZb66VGcdj+SpYd0Lsh,14.442947654459005,17.73237962508694,15.803139593324213
1237800,oJXXVhFJaulRsMKo8iZ7PWewFKPbuwQtyXbR0IjQOWli8GZb66VGcdj+SpYd0Lsh,14.427912763328962,21.906296384733647,17.065339801926505
1238100,oJXXVhFJaulRsMKo8iZ7PWewFKPbuwQtyXbR0IjQOWli8GZb66VGcdj+SpYd0Lsh,19.516423993109743,22.79481855187366,20.97897028370415
1238400,oJXXVhFJaulRsMKo8iZ7PWewFKPbuwQtyXbR0IjQOWli8GZb66VGcdj+SpYd0Lsh,14.545417453555068,23.378937626516727,18.745318083875176
1238700,oJXXVhFJaulRsMKo8iZ7PWewFKPbuwQtyXbR0IjQOWli8GZb66VGcdj+SpYd0Lsh,14.260177041612684,18.017896455532647,16.022045906521456
1239000,oJXXVhFJaulRsMKo8iZ7PWewFKPbuwQtyXbR0IjQOWli8GZb66VGcdj+SpYd0Lsh,14.950467137211255,22.779960860174263,18.53439124221568
1239300,oJXXVhFJaulRsMKo8iZ7PWewFKPbuwQtyXbR0IjQOWli8GZb66VGcdj+SpYd0Lsh,14.48406988754336,18.02387588100509,15.835025041672852
1239600,oJXXVhFJaulRsMKo8iZ7PWewFKPbuwQtyXbR0IjQOWli8GZb66VGcdj+SpYd0Lsh,14.42689487727856,20.784072462464916,16.1325787165249
1239900,oJXXVhFJaulRsMKo8iZ7PWewFKPbuwQtyXbR0IjQOWli8GZb66VGcdj+SpYd0Lsh,14.316384306033104,18.033429460331867,15.903403954024244
1240200,oJXXVhFJaulRsMKo8iZ7PWewFKPbuwQtyXbR0IjQOWli8GZb66VGcdj+SpYd0Lsh,14.424735115085303,20.757288583486343,16.16538771835249
1240500,oJXXVhFJaulRsMKo8iZ7PWewFKPbuwQtyXbR0IjQOWli8GZb66VGcdj+SpYd0Lsh,14.4940884034532,18.211130333953022,15.860301419284133
1240800,oJXXVhFJaulRsMKo8iZ7PWewFKPbuwQtyXbR0IjQOWli8GZb66VGcdj+SpYd0Lsh,14.447653990247858,21.443643928898016,16.16971079900651
1241100,oJXXVhFJaulRsMKo8iZ7PWewFKPbuwQtyXbR0IjQOWli8GZb66VGcdj+SpYd0Lsh,14.404324167948191,17.97920735498828,15.779989692448336
1241400,oJXXVhFJaulRsMKo8iZ7PWewFKPbuwQtyXbR0IjQOWli8GZb66VGcdj+SpYd0Lsh,14.411767362785072,20.59601648618592,16.188294704335316
1241700,oJXXVhFJaulRsMKo8iZ7PWewFKPbuwQtyXbR0IjQOWli8GZb66VGcdj+SpYd0Lsh,14.313348637884143,18.085928201246524,15.800589363728994
1242000,oJXXVhFJaulRsMKo8iZ7PWewFKPbuwQtyXbR0IjQOWli8GZb66VGcdj+SpYd0Lsh,14.40561126509268,20.810939236282785,16.087253992965845
1242300,oJXXVhFJaulRsMKo8iZ7PWewFKPbuwQtyXbR0IjQOWli8GZb66VGcdj+SpYd0Lsh,14.386072329885982,17.972557165215793,15.807247984295522
1242600,oJXXVhFJaulRsMKo8iZ7PWewFKPbuwQtyXbR0IjQOWli8GZb66VGcdj+SpYd0Lsh,14.369754283929684,23.013014781536523,16.935249570369983
1242900,oJXXVhFJaulRsMKo8iZ7PWewFKPbuwQtyXbR0IjQOWli8GZb66VGcdj+SpYd0Lsh,14.32898563564262,21.409112948086054,17.682109800230222
1243200,oJXXVhFJaulRsMKo8iZ7PWewFKPbuwQtyXbR0IjQOWli8GZb66VGcdj+SpYd0Lsh,14.521733685529862,18.0342197373432,16.353252087397507
1243500,oJXXVhFJaulRsMKo8iZ7PWewFKPbuwQtyXbR0IjQOWli8GZb66VGcdj+SpYd0Lsh,14.438368850439296,17.952463973871687,15.826266870004485
1243800,oJXXVhFJaulRsMKo8iZ7PWewFKPbuwQtyXbR0IjQOWli8GZb66VGcdj+SpYd0Lsh,14.473386541824084,17.69389619768521,16.044232914526223
1244100,oJXXVhFJaulRsMKo8iZ7PWewFKPbuwQtyXbR0IjQOWli8GZb66VGcdj+SpYd0Lsh,14.321220313201808,18.056386469972093,15.78920313616966
1244400,oJXXVhFJaulRsMKo8iZ7PWewFKPbuwQtyXbR0IjQOWli8GZb66VGcdj+SpYd0Lsh,14.462604131314205,18.135737865220374,16.144927018735554
1244700,oJXXVhFJaulRsMKo8iZ7PWewFKPbuwQtyXbR0IjQOWli8GZb66VGcdj+SpYd0Lsh,14.360876826052111,18.04408323114364,15.838996890003497
1245000,oJXXVhFJaulRsMKo8iZ7PWewFKPbuwQtyXbR0IjQOWli8GZb66VGcdj+SpYd0Lsh,14.452800481485236,17.93833105737246,16.134316638566016
1245300,oJXXVhFJaulRsMKo8iZ7PWewFKPbuwQtyXbR0IjQOWli8GZb66VGcdj+SpYd0Lsh,14.4597874232795,18.17702963793021,15.862922124827405
1245600,oJXXVhFJaulRsMKo8iZ7PWewFKPbuwQtyXbR0IjQOWli8GZb66VGcdj+SpYd0Lsh,14.388922138506745,17.928156806130872,16.045669012040626
1245900,oJXXVhFJaulRsMKo8iZ7PWewFKPbuwQtyXbR0IjQOWli8GZb66VGcdj+SpYd0Lsh,14.46067038934221,17.944387468568248,15.939662369785273
1246200,oJXXVhFJaulRsMKo8iZ7PWewFKPbuwQtyXbR0IjQOWli8GZb66VGcdj+SpYd0Lsh,14.377916211309286,19.75061619702913,16.45940762481304
1246500,oJXXVhFJaulRsMKo8iZ7PWewFKPbuwQtyXbR0IjQOWli8GZb66VGcdj+SpYd0Lsh,14.404225710505989,20.641795622321737,17.281404972097118
1246800,oJXXVhFJaulRsMKo8iZ7PWewFKPbuwQtyXbR0IjQOWli8GZb66VGcdj+SpYd0Lsh,14.386295042360226,20.70230118970249,16.938063105494095
1247100,oJXXVhFJaulRsMKo8iZ7PWewFKPbuwQtyXbR0IjQOWli8GZb66VGcdj+SpYd0Lsh,14.489582714626168,18.291501388361947,15.934336537607052
1247400,oJXXVhFJaulRsMKo8iZ7PWewFKPbuwQtyXbR0IjQOWli8GZb66VGcdj+SpYd0Lsh,14.50664599637941,19.34980147638478,16.30452379901931
1247700,oJXXVhFJaulRsMKo8iZ7PWewFKPbuwQtyXbR0IjQOWli8GZb66VGcdj+SpYd0Lsh,14.533381215719208,17.79043906351855,15.844911347406402
1248000,oJXXVhFJaulRsMKo8iZ7PWewFKPbuwQtyXbR0IjQOWli8GZb66VGcdj+SpYd0Lsh,14.578510248914816,19.875037834087045,16.15938294064616
1248300,oJXXVhFJaulRsMKo8iZ7PWewFKPbuwQtyXbR0IjQOWli8GZb66VGcdj+SpYd0Lsh,14.60635584154617,22.885966820353275,16.417013643199734
1248600,oJXXVhFJaulRsMKo8iZ7PWewFKPbuwQtyXbR0IjQOWli8GZb66VGcdj+SpYd0Lsh,14.525307123647744,19.84329346198664,16.245303147004
1248900,oJXXVhFJaulRsMKo8iZ7PWewFKPbuwQtyXbR0IjQOWli8GZb66VGcdj+SpYd0Lsh,14.500737963182235,18.19085502899953,16.108512542708173
1249200,oJXXVhFJaulRsMKo8iZ7PWewFKPbuwQtyXbR0IjQOWli8GZb66VGcdj+SpYd0Lsh,14.573936091798757,19.287046977076525,16.11600795123211
1249500,oJXXVhFJaulRsMKo8iZ7PWewFKPbuwQtyXbR0IjQOWli8GZb66VGcdj+SpYd0Lsh,14.63873326223916,17.883637349185445,15.859111590529707
1249800,oJXXVhFJaulRsMKo8iZ7PWewFKPbuwQtyXbR0IjQOWli8GZb66VGcdj+SpYd0Lsh,14.382167755469954,19.329259507975177,16.14748877491853
1250100,oJXXVhFJaulRsMKo8iZ7PWewFKPbuwQtyXbR0IjQOWli8GZb66VGcdj+SpYd0Lsh,14.356701016926475,17.518616107600636,15.813596164757216
1250400,oJXXVhFJaulRsMKo8iZ7PWewFKPbuwQtyXbR0IjQOWli8GZb66VGcdj+SpYd0Lsh,14.90192721288574,22.2211006194784,18.44939040696077
1250700,oJXXVhFJaulRsMKo8iZ7PWewFKPbuwQtyXbR0IjQOWli8GZb66VGcdj+SpYd0Lsh,14.68613428088882,17.89982702640221,15.88211020143607
1251000,oJXXVhFJaulRsMKo8iZ7PWewFKPbuwQtyXbR0IjQOWli8GZb66VGcdj+SpYd0Lsh,14.651443928101958,17.735659688525175,15.962664479383625
1251300,oJXXVhFJaulRsMKo8iZ7PWewFKPbuwQtyXbR0IjQOWli8GZb66VGcdj+SpYd0Lsh,14.731444522936048,17.659190036430743,15.843508617541534
1251600,oJXXVhFJaulRsMKo8iZ7PWewFKPbuwQtyXbR0IjQOWli8GZb66VGcdj+SpYd0Lsh,14.580897882624985,17.728192768100747,16.10634789566934
1251900,oJXXVhFJaulRsMKo8iZ7PWewFKPbuwQtyXbR0IjQOWli8GZb66VGcdj+SpYd0Lsh,14.45609340631494,17.703767045941095,15.791638325566728
1252200,oJXXVhFJaulRsMKo8iZ7PWewFKPbuwQtyXbR0IjQOWli8GZb66VGcdj+SpYd0Lsh,15.044516211103709,19.160009201919216,17.44894939271939
1252500,oJXXVhFJaulRsMKo8iZ7PWewFKPbuwQtyXbR0IjQOWli8GZb66VGcdj+SpYd0Lsh,14.563815457902493,18.069815270025973,15.996417522104275
1252800,oJXXVhFJaulRsMKo8iZ7PWewFKPbuwQtyXbR0IjQOWli8GZb66VGcdj+SpYd0Lsh,14.638038816232063,17.93080138012439,16.114867723101394
1253100,oJXXVhFJaulRsMKo8iZ7PWewFKPbuwQtyXbR0IjQOWli8GZb66VGcdj+SpYd0Lsh,14.52035784066538,17.95884523976498,15.926774699391997
1253400,oJXXVhFJaulRsMKo8iZ7PWewFKPbuwQtyXbR0IjQOWli8GZb66VGcdj+SpYd0Lsh,14.67366798582589,17.833459451249084,16.214125008890385
1253700,oJXXVhFJaulRsMKo8iZ7PWewFKPbuwQtyXbR0IjQOWli8GZb66VGcdj+SpYd0Lsh,14.490772842570603,17.69495014911238,15.834369257214526
1254000,oJXXVhFJaulRsMKo8iZ7PWewFKPbuwQtyXbR0IjQOWli8GZb66VGcdj+SpYd0Lsh,14.541044044310649,20.340217091284607,16.491492716179504
1254300,oJXXVhFJaulRsMKo8iZ7PWewFKPbuwQtyXbR0IjQOWli8GZb66VGcdj+SpYd0Lsh,14.707869297158776,21.70055879205019,17.967264173619867
1254600,oJXXVhFJaulRsMKo8iZ7PWewFKPbuwQtyXbR0IjQOWli8GZb66VGcdj+SpYd0Lsh,14.504540032727096,17.5137402476031,16.132570022556116
1254900,oJXXVhFJaulRsMKo8iZ7PWewFKPbuwQtyXbR0IjQOWli8GZb66VGcdj+SpYd0Lsh,14.56530813761473,17.569955607216485,15.900744588080952
1255200,oJXXVhFJaulRsMKo8iZ7PWewFKPbuwQtyXbR0IjQOWli8GZb66VGcdj+SpYd0Lsh,14.556514759065111,19.757926009313937,15.986746437117356
1255500,oJXXVhFJaulRsMKo8iZ7PWewFKPbuwQtyXbR0IjQOWli8GZb66VGcdj+SpYd0Lsh,14.199354827623276,17.844989654399935,15.869311517354369
1255800,oJXXVhFJaulRsMKo8iZ7PWewFKPbuwQtyXbR0IjQOWli8GZb66VGcdj+SpYd0Lsh,14.368820807983008,19.49889887090988,16.178566599459618
1256100,oJXXVhFJaulRsMKo8iZ7PWewFKPbuwQtyXbR0IjQOWli8GZb66VGcdj+SpYd0Lsh,14.502923368334876,17.59767421330446,15.856995599496944
1256400,oJXXVhFJaulRsMKo8iZ7PWewFKPbuwQtyXbR0IjQOWli8GZb66VGcdj+SpYd0Lsh,14.400279339574627,19.30766138816772,16.080323864139913
1256700,oJXXVhFJaulRsMKo8iZ7PWewFKPbuwQtyXbR0IjQOWli8GZb66VGcdj+SpYd0Lsh,14.520289147729011,17.92360466345092,15.897085032584693
1257000,oJXXVhFJaulRsMKo8iZ7PWewFKPbuwQtyXbR0IjQOWli8GZb66VGcdj+SpYd0Lsh,14.6678311340205,19.62843054044177,16.596300960064813
1257300,oJXXVhFJaulRsMKo8iZ7PWewFKPbuwQtyXbR0IjQOWli8GZb66VGcdj+SpYd0Lsh,14.550971429905678,17.5256044123358,15.82955530695634
1257600,oJXXVhFJaulRsMKo8iZ7PWewFKPbuwQtyXbR0IjQOWli8GZb66VGcdj+SpYd0Lsh,14.415046709860157,19.486858235057124,16.17841120236346
1257900,oJXXVhFJaulRsMKo8iZ7PWewFKPbuwQtyXbR0IjQOWli8GZb66VGcdj+SpYd0Lsh,14.577997944360686,20.077063340103216,17.12392280554375
1258200,oJXXVhFJaulRsMKo8iZ7PWewFKPbuwQtyXbR0IjQOWli8GZb66VGcdj+SpYd0Lsh,14.617046492314104,19.396573344845752,17.170170715933207
1258500,oJXXVhFJaulRsMKo8iZ7PWewFKPbuwQtyXbR0IjQOWli8GZb66VGcdj+SpYd0Lsh,14.546230812425692,17.851235486223697,15.825822411435873
1258800,oJXXVhFJaulRsMKo8iZ7PWewFKPbuwQtyXbR0IjQOWli8GZb66VGcdj+SpYd0Lsh,14.287787362361,19.201088890761188,16.266195642714806
1259100,oJXXVhFJaulRsMKo8iZ7PWewFKPbuwQtyXbR0IjQOWli8GZb66VGcdj+SpYd0Lsh,14.491487275184562,17.64874097277435,15.828196012148194
1259400,oJXXVhFJaulRsMKo8iZ7PWewFKPbuwQtyXbR0IjQOWli8GZb66VGcdj+SpYd0Lsh,14.556857323414889,17.756146267459073,16.169818523402732
1259700,oJXXVhFJaulRsMKo8iZ7PWewFKPbuwQtyXbR0IjQOWli8GZb66VGcdj+SpYd0Lsh,14.445335078899117,17.755339257992603,15.809577005776816
1260000,oJXXVhFJaulRsMKo8iZ7PWewFKPbuwQtyXbR0IjQOWli8GZb66VGcdj+SpYd0Lsh,14.367443702406897,17.72835934579454,16.066978350296726
1260300,oJXXVhFJaulRsMKo8iZ7PWewFKPbuwQtyXbR0IjQOWli8GZb66VGcdj+SpYd0Lsh,14.537762803676053,17.8408227371504,15.91246661937016
1260600,oJXXVhFJaulRsMKo8iZ7PWewFKPbuwQtyXbR0IjQOWli8GZb66VGcdj+SpYd0Lsh,14.705645533720794,17.95685041019039,16.187238364403427
1260900,oJXXVhFJaulRsMKo8iZ7PWewFKPbuwQtyXbR0IjQOWli8GZb66VGcdj+SpYd0Lsh,14.41619854387889,18.21857888267823,15.787872624257712
1261200,oJXXVhFJaulRsMKo8iZ7PWewFKPbuwQtyXbR0IjQOWli8GZb66VGcdj+SpYd0Lsh,14.450451046960316,17.615552721238014,16.133459189425835
1261500,oJXXVhFJaulRsMKo8iZ7PWewFKPbuwQtyXbR0IjQOWli8GZb66VGcdj+SpYd0Lsh,14.644722731610782,17.593170575005992,15.932927368623726
1261800,oJXXVhFJaulRsMKo8iZ7PWewFKPbuwQtyXbR0IjQOWli8GZb66VGcdj+SpYd0Lsh,14.670476582180171,21.036193752833015,18.40854289120257
1262100,oJXXVhFJaulRsMKo8iZ7PWewFKPbuwQtyXbR0IjQOWli8GZb66VGcdj+SpYd0Lsh,14.784265037910014,17.691299291450914,15.993448379937105
1262400,oJXXVhFJaulRsMKo8iZ7PWewFKPbuwQtyXbR0IjQOWli8GZb66VGcdj+SpYd0Lsh,14.519490734602714,18.0542356451058,16.22773960944049
1262700,oJXXVhFJaulRsMKo8iZ7PWewFKPbuwQtyXbR0IjQOWli8GZb66VGcdj+SpYd0Lsh,14.419438241996858,17.737480870615528,15.852952701919609
1263000,oJXXVhFJaulRsMKo8iZ7PWewFKPbuwQtyXbR0IjQOWli8GZb66VGcdj+SpYd0Lsh,14.615148817185862,18.08522053465009,16.457297222284343
1263300,oJXXVhFJaulRsMKo8iZ7PWewFKPbuwQtyXbR0IjQOWli8GZb66VGcdj+SpYd0Lsh,14.487658053537556,17.891166518108673,15.814029145698267
1263600,oJXXVhFJaulRsMKo8iZ7PWewFKPbuwQtyXbR0IjQOWli8GZb66VGcdj+SpYd0Lsh,14.38695620826022,45.44816646335164,18.55729425423517
1263900,oJXXVhFJaulRsMKo8iZ7PWewFKPbuwQtyXbR0IjQOWli8GZb66VGcdj+SpYd0Lsh,14.44907077928038,79.30736728632954,23.429982950227497
1264200,oJXXVhFJaulRsMKo8iZ7PWewFKPbuwQtyXbR0IjQOWli8GZb66VGcdj+SpYd0Lsh,14.659110911108083,21.697518500022188,16.76349748929423
1264500,oJXXVhFJaulRsMKo8iZ7PWewFKPbuwQtyXbR0IjQOWli8GZb66VGcdj+SpYd0Lsh,14.459750074315265,18.06157576927289,15.893753059315824
1264800,oJXXVhFJaulRsMKo8iZ7PWewFKPbuwQtyXbR0IjQOWli8GZb66VGcdj+SpYd0Lsh,14.354522008426734,19.87482171210384,16.158968860401483
1265100,oJXXVhFJaulRsMKo8iZ7PWewFKPbuwQtyXbR0IjQOWli8GZb66VGcdj+SpYd0Lsh,14.570505417714966,17.585874099525483,15.886610527802254
1265400,oJXXVhFJaulRsMKo8iZ7PWewFKPbuwQtyXbR0IjQOWli8GZb66VGcdj+SpYd0Lsh,14.40499353350502,20.791701037024175,16.12545333631847
1265700,oJXXVhFJaulRsMKo8iZ7PWewFKPbuwQtyXbR0IjQOWli8GZb66VGcdj+SpYd0Lsh,14.736616982072285,21.12296658179113,18.1640490282574
1266000,oJXXVhFJaulRsMKo8iZ7PWewFKPbuwQtyXbR0IjQOWli8GZb66VGcdj+SpYd0Lsh,14.581842655140564,19.605695143837675,16.090265244755063
1266300,oJXXVhFJaulRsMKo8iZ7PWewFKPbuwQtyXbR0IjQOWli8GZb66VGcdj+SpYd0Lsh,14.51689295570282,17.909134257993497,15.835932829622188
1266600,oJXXVhFJaulRsMKo8iZ7PWewFKPbuwQtyXbR0IjQOWli8GZb66VGcdj+SpYd0Lsh,14.402729461208514,19.66707736312031,16.053747308875188
1266900,oJXXVhFJaulRsMKo8iZ7PWewFKPbuwQtyXbR0IjQOWli8GZb66VGcdj+SpYd0Lsh,14.524378529003446,17.908633697852437,16.048393605714534
1267200,oJXXVhFJaulRsMKo8iZ7PWewFKPbuwQtyXbR0IjQOWli8GZb66VGcdj+SpYd0Lsh,14.588729509393133,24.665881807112225,18.83499443252541
1267500,oJXXVhFJaulRsMKo8iZ7PWewFKPbuwQtyXbR0IjQOWli8GZb66VGcdj+SpYd0Lsh,19.43420292868892,23.07938800166717,21.1305160716416
1267800,oJXXVhFJaulRsMKo8iZ7PWewFKPbuwQtyXbR0IjQOWli8GZb66VGcdj+SpYd0Lsh,14.390687002894058,20.648029698081825,16.853740199490204
1268100,oJXXVhFJaulRsMKo8iZ7PWewFKPbuwQtyXbR0IjQOWli8GZb66VGcdj+SpYd0Lsh,14.410630041233857,17.983777568302088,16.249961359966502
1268400,oJXXVhFJaulRsMKo8iZ7PWewFKPbuwQtyXbR0IjQOWli8GZb66VGcdj+SpYd0Lsh,14.639137737448356,17.53043515663432,15.890041691904893
1268700,oJXXVhFJaulRsMKo8iZ7PWewFKPbuwQtyXbR0IjQOWli8GZb66VGcdj+SpYd0Lsh,14.623391266791288,18.01986690854236,16.359753964488487
1269000,oJXXVhFJaulRsMKo8iZ7PWewFKPbuwQtyXbR0IjQOWli8GZb66VGcdj+SpYd0Lsh,14.47278197397122,17.651388517252858,15.858067753041516
1269300,oJXXVhFJaulRsMKo8iZ7PWewFKPbuwQtyXbR0IjQOWli8GZb66VGcdj+SpYd0Lsh,14.569580998038914,20.261448936563205,17.242068564176897
1269600,oJXXVhFJaulRsMKo8iZ7PWewFKPbuwQtyXbR0IjQOWli8GZb66VGcdj+SpYd0Lsh,14.616086165131312,20.643440914035263,17.13613660850746
1269900,oJXXVhFJaulRsMKo8iZ7PWewFKPbuwQtyXbR0IjQOWli8GZb66VGcdj+SpYd0Lsh,14.364850383165468,17.91449927334011,16.01906822377959
1270200,oJXXVhFJaulRsMKo8iZ7PWewFKPbuwQtyXbR0IjQOWli8GZb66VGcdj+SpYd0Lsh,14.369454309184828,17.5628874411158,15.944107507342078
1270500,oJXXVhFJaulRsMKo8iZ7PWewFKPbuwQtyXbR0IjQOWli8GZb66VGcdj+SpYd0Lsh,14.292354907226732,17.726114868993193,16.10823702353989
1270800,oJXXVhFJaulRsMKo8iZ7PWewFKPbuwQtyXbR0IjQOWli8GZb66VGcdj+SpYd0Lsh,14.539044548752427,17.606076694048113,15.959624738250003
1271100,oJXXVhFJaulRsMKo8iZ7PWewFKPbuwQtyXbR0IjQOWli8GZb66VGcdj+SpYd0Lsh,14.48705236218994,17.784409140957187,16.123936644796476
1271400,oJXXVhFJaulRsMKo8iZ7PWewFKPbuwQtyXbR0IjQOWli8GZb66VGcdj+SpYd0Lsh,14.383989622907007,18.246455489910105,16.2616941967735
1271700,oJXXVhFJaulRsMKo8iZ7PWewFKPbuwQtyXbR0IjQOWli8GZb66VGcdj+SpYd0Lsh,14.318548752504755,17.980055717710858,16.108247260815517
1272000,oJXXVhFJaulRsMKo8iZ7PWewFKPbuwQtyXbR0IjQOWli8GZb66VGcdj+SpYd0Lsh,14.414566860255132,17.794006762923953,15.85865530153394
1272300,oJXXVhFJaulRsMKo8iZ7PWewFKPbuwQtyXbR0IjQOWli8GZb66VGcdj+SpYd0Lsh,14.47025615512236,19.2673476443199,16.0922490543763
1272600,oJXXVhFJaulRsMKo8iZ7PWewFKPbuwQtyXbR0IjQOWli8GZb66VGcdj+SpYd0Lsh,14.456563435367556,17.53430065125472,15.809176730885293
1272900,oJXXVhFJaulRsMKo8iZ7PWewFKPbuwQtyXbR0IjQOWli8GZb66VGcdj+SpYd0Lsh,14.554129301680002,19.69849835732301,16.123425626520145
1273200,oJXXVhFJaulRsMKo8iZ7PWewFKPbuwQtyXbR0IjQOWli8GZb66VGcdj+SpYd0Lsh,14.582279038002968,20.48405075577595,18.044077176768287
1273500,oJXXVhFJaulRsMKo8iZ7PWewFKPbuwQtyXbR0IjQOWli8GZb66VGcdj+SpYd0Lsh,14.536702169338165,19.454079128861213,16.34255245583543
1273800,oJXXVhFJaulRsMKo8iZ7PWewFKPbuwQtyXbR0IjQOWli8GZb66VGcdj+SpYd0Lsh,14.402335473568469,17.70649976388624,15.906589985684333
1274100,oJXXVhFJaulRsMKo8iZ7PWewFKPbuwQtyXbR0IjQOWli8GZb66VGcdj+SpYd0Lsh,14.552508948920469,19.231752021870044,16.113081754508734
1274400,oJXXVhFJaulRsMKo8iZ7PWewFKPbuwQtyXbR0IjQOWli8GZb66VGcdj+SpYd0Lsh,14.448687596554691,17.81318150256418,15.763231748957672
1274700,oJXXVhFJaulRsMKo8iZ7PWewFKPbuwQtyXbR0IjQOWli8GZb66VGcdj+SpYd0Lsh,14.326468206626616,20.319619178342823,16.137487578473998
1275000,oJXXVhFJaulRsMKo8iZ7PWewFKPbuwQtyXbR0IjQOWli8GZb66VGcdj+SpYd0Lsh,14.628551296163286,20.521132391189774,16.19125322619952
1275300,oJXXVhFJaulRsMKo8iZ7PWewFKPbuwQtyXbR0IjQOWli8GZb66VGcdj+SpYd0Lsh,14.462405006344673,19.370071195729903,16.14291556462667
1275600,oJXXVhFJaulRsMKo8iZ7PWewFKPbuwQtyXbR0IjQOWli8GZb66VGcdj+SpYd0Lsh,14.38914334555295,17.786498454245493,15.831865846286174
1275900,oJXXVhFJaulRsMKo8iZ7PWewFKPbuwQtyXbR0IjQOWli8GZb66VGcdj+SpYd0Lsh,14.559964491658352,17.721163273589234,16.138720336422697
1276200,oJXXVhFJaulRsMKo8iZ7PWewFKPbuwQtyXbR0IjQOWli8GZb66VGcdj+SpYd0Lsh,14.500764618190896,17.585950247769507,15.813163864956772
1276500,oJXXVhFJaulRsMKo8iZ7PWewFKPbuwQtyXbR0IjQOWli8GZb66VGcdj+SpYd0Lsh,14.6022234930398,17.67695291069714,16.120903949740313
1276800,oJXXVhFJaulRsMKo8iZ7PWewFKPbuwQtyXbR0IjQOWli8GZb66VGcdj+SpYd0Lsh,14.474593237066214,17.71824116467189,15.864162893498422
1277100,oJXXVhFJaulRsMKo8iZ7PWewFKPbuwQtyXbR0IjQOWli8GZb66VGcdj+SpYd0Lsh,14.88908840946564,20.836362770194604,18.40313138080636
1277400,oJXXVhFJaulRsMKo8iZ7PWewFKPbuwQtyXbR0IjQOWli8GZb66VGcdj+SpYd0Lsh,14.5713194358236,17.5879604096028,15.943563155507237
1277700,oJXXVhFJaulRsMKo8iZ7PWewFKPbuwQtyXbR0IjQOWli8GZb66VGcdj+SpYd0Lsh,14.608798682150358,18.05289662725253,16.144741774765535
1278000,oJXXVhFJaulRsMKo8iZ7PWewFKPbuwQtyXbR0IjQOWli8GZb66VGcdj+SpYd0Lsh,14.323509940031984,36.867409973847934,18.477329580695688
1278300,oJXXVhFJaulRsMKo8iZ7PWewFKPbuwQtyXbR0IjQOWli8GZb66VGcdj+SpYd0Lsh,14.44905826608776,17.89988988528388,16.130614542343764
1278600,oJXXVhFJaulRsMKo8iZ7PWewFKPbuwQtyXbR0IjQOWli8GZb66VGcdj+SpYd0Lsh,14.585288695397836,19.059977637319307,16.398530267307454
1278900,oJXXVhFJaulRsMKo8iZ7PWewFKPbuwQtyXbR0IjQOWli8GZb66VGcdj+SpYd0Lsh,14.573920380317375,18.017756183923776,16.167586753968724
1279200,oJXXVhFJaulRsMKo8iZ7PWewFKPbuwQtyXbR0IjQOWli8GZb66VGcdj+SpYd0Lsh,14.50327560018972,17.78462772910034,15.820701859042552
1279500,oJXXVhFJaulRsMKo8iZ7PWewFKPbuwQtyXbR0IjQOWli8GZb66VGcdj+SpYd0Lsh,14.656037792335535,18.14478260836861,16.191202283469103
1279800,oJXXVhFJaulRsMKo8iZ7PWewFKPbuwQtyXbR0IjQOWli8GZb66VGcdj+SpYd0Lsh,14.485517016205767,17.852484904424628,15.80788213705746
1280100,oJXXVhFJaulRsMKo8iZ7PWewFKPbuwQtyXbR0IjQOWli8GZb66VGcdj+SpYd0Lsh,14.310405957597167,20.3400194316222,16.069620503839527
1280400,oJXXVhFJaulRsMKo8iZ7PWewFKPbuwQtyXbR0IjQOWli8GZb66VGcdj+SpYd0Lsh,14.502506871300774,17.87130188670912,15.862733265874004
1280700,oJXXVhFJaulRsMKo8iZ7PWewFKPbuwQtyXbR0IjQOWli8GZb66VGcdj+SpYd0Lsh,14.572995677415657,20.552545721498788,17.010705162423005
1281000,oJXXVhFJaulRsMKo8iZ7PWewFKPbuwQtyXbR0IjQOWli8GZb66VGcdj+SpYd0Lsh,14.735074765651603,21.24611220619678,17.304857883866312
1281300,oJXXVhFJaulRsMKo8iZ7PWewFKPbuwQtyXbR0IjQOWli8GZb66VGcdj+SpYd0Lsh,14.14045454603398,20.963308680729604,16.125951549722274
1281600,oJXXVhFJaulRsMKo8iZ7PWewFKPbuwQtyXbR0IjQOWli8GZb66VGcdj+SpYd0Lsh,14.387617836669508,18.109763919576785,15.773108890438657
1281900,oJXXVhFJaulRsMKo8iZ7PWewFKPbuwQtyXbR0IjQOWli8GZb66VGcdj+SpYd0Lsh,14.417813206525851,20.49480362107797,16.171952778991393
1282200,oJXXVhFJaulRsMKo8iZ7PWewFKPbuwQtyXbR0IjQOWli8GZb66VGcdj+SpYd0Lsh,14.59689933757958,18.3422466422363,16.24393893330804
1282500,oJXXVhFJaulRsMKo8iZ7PWewFKPbuwQtyXbR0IjQOWli8GZb66VGcdj+SpYd0Lsh,14.285279453146067,20.806004734908356,16.050404970680873
1282800,oJXXVhFJaulRsMKo8iZ7PWewFKPbuwQtyXbR0IjQOWli8GZb66VGcdj+SpYd0Lsh,14.5474961508051,17.660333346660824,16.00126039973283
1283100,oJXXVhFJaulRsMKo8iZ7PWewFKPbuwQtyXbR0IjQOWli8GZb66VGcdj+SpYd0Lsh,14.443518489812105,20.33524679103325,16.08837242800323
1283400,oJXXVhFJaulRsMKo8iZ7PWewFKPbuwQtyXbR0IjQOWli8GZb66VGcdj+SpYd0Lsh,14.3629143617311,17.7604982407084,15.76208887559412
1283700,oJXXVhFJaulRsMKo8iZ7PWewFKPbuwQtyXbR0IjQOWli8GZb66VGcdj+SpYd0Lsh,14.57534178051589,18.52170050590233,16.105012355310084
1284000,oJXXVhFJaulRsMKo8iZ7PWewFKPbuwQtyXbR0IjQOWli8GZb66VGcdj+SpYd0Lsh,14.55790176866888,17.696684142954023,15.845116035926983
1284300,oJXXVhFJaulRsMKo8iZ7PWewFKPbuwQtyXbR0IjQOWli8GZb66VGcdj+SpYd0Lsh,14.431292619333552,17.53801344648937,16.027768093998933
1284600,oJXXVhFJaulRsMKo8iZ7PWewFKPbuwQtyXbR0IjQOWli8GZb66VGcdj+SpYd0Lsh,14.432061621555505,19.911135316287144,17.77367715972941
1284900,oJXXVhFJaulRsMKo8iZ7PWewFKPbuwQtyXbR0IjQOWli8GZb66VGcdj+SpYd0Lsh,14.594847135613612,20.59980383185069,18.44625280500521
1285200,oJXXVhFJaulRsMKo8iZ7PWewFKPbuwQtyXbR0IjQOWli8GZb66VGcdj+SpYd0Lsh,14.30244412022399,17.585934203707225,15.801573906733577
1285500,oJXXVhFJaulRsMKo8iZ7PWewFKPbuwQtyXbR0IjQOWli8GZb66VGcdj+SpYd0Lsh,14.605339906025964,17.794483037760482,16.15924315508467
1285800,oJXXVhFJaulRsMKo8iZ7PWewFKPbuwQtyXbR0IjQOWli8GZb66VGcdj+SpYd0Lsh,14.301303374131914,19.81951084806601,16.27956311125662
1286100,oJXXVhFJaulRsMKo8iZ7PWewFKPbuwQtyXbR0IjQOWli8GZb66VGcdj+SpYd0Lsh,14.19448097529452,17.9810127231193,16.04400080115809
1286400,oJXXVhFJaulRsMKo8iZ7PWewFKPbuwQtyXbR0IjQOWli8GZb66VGcdj+SpYd0Lsh,14.400277934642228,17.848034302476243,15.732717549433811
1286700,oJXXVhFJaulRsMKo8iZ7PWewFKPbuwQtyXbR0IjQOWli8GZb66VGcdj+SpYd0Lsh,14.36209105745897,17.889426001378276,16.07349166112834
1287000,oJXXVhFJaulRsMKo8iZ7PWewFKPbuwQtyXbR0IjQOWli8GZb66VGcdj+SpYd0Lsh,14.065824767680878,18.014057482878606,15.794904578671987
1287300,oJXXVhFJaulRsMKo8iZ7PWewFKPbuwQtyXbR0IjQOWli8GZb66VGcdj+SpYd0Lsh,14.049095712364826,18.05602934607446,16.12243757415407
1287600,oJXXVhFJaulRsMKo8iZ7PWewFKPbuwQtyXbR0IjQOWli8GZb66VGcdj+SpYd0Lsh,14.215410702506654,17.96924318059932,15.795373960291512
1287900,oJXXVhFJaulRsMKo8iZ7PWewFKPbuwQtyXbR0IjQOWli8GZb66VGcdj+SpYd0Lsh,14.031849781017405,19.068864309454614,16.03217303334173
1288200,oJXXVhFJaulRsMKo8iZ7PWewFKPbuwQtyXbR0IjQOWli8GZb66VGcdj+SpYd0Lsh,13.884463759799123,18.35658233261,15.890299819045412
1288500,oJXXVhFJaulRsMKo8iZ7PWewFKPbuwQtyXbR0IjQOWli8GZb66VGcdj+SpYd0Lsh,14.084448207545742,20.63710685732456,16.925993298464242
1288800,oJXXVhFJaulRsMKo8iZ7PWewFKPbuwQtyXbR0IjQOWli8GZb66VGcdj+SpYd0Lsh,14.1612888878912,21.657057056268656,17.245373423060997
1289100,oJXXVhFJaulRsMKo8iZ7PWewFKPbuwQtyXbR0IjQOWli8GZb66VGcdj+SpYd0Lsh,13.886954490329272,19.70291323584544,16.207766575596146
1289400,oJXXVhFJaulRsMKo8iZ7PWewFKPbuwQtyXbR0IjQOWli8GZb66VGcdj+SpYd0Lsh,13.94521172774502,20.60363132522624,16.16803049529888
1289700,oJXXVhFJaulRsMKo8iZ7PWewFKPbuwQtyXbR0IjQOWli8GZb66VGcdj+SpYd0Lsh,13.993590398473694,19.904540036054208,16.26060308929347
1290000,oJXXVhFJaulRsMKo8iZ7PWewFKPbuwQtyXbR0IjQOWli8GZb66VGcdj+SpYd0Lsh,13.926097802107549,18.47987241930201,15.868490848393838
1290300,oJXXVhFJaulRsMKo8iZ7PWewFKPbuwQtyXbR0IjQOWli8GZb66VGcdj+SpYd0Lsh,14.077975917273951,20.291771310603117,16.25261132104079
1290600,oJXXVhFJaulRsMKo8iZ7PWewFKPbuwQtyXbR0IjQOWli8GZb66VGcdj+SpYd0Lsh,13.99685136080224,18.05270332520448,15.68470684005874
1290900,oJXXVhFJaulRsMKo8iZ7PWewFKPbuwQtyXbR0IjQOWli8GZb66VGcdj+SpYd0Lsh,14.00882471907012,20.050108279171045,16.23691738526686
1291200,oJXXVhFJaulRsMKo8iZ7PWewFKPbuwQtyXbR0IjQOWli8GZb66VGcdj+SpYd0Lsh,14.160097608528242,51.70389078488794,20.090533520390206
1291500,oJXXVhFJaulRsMKo8iZ7PWewFKPbuwQtyXbR0IjQOWli8GZb66VGcdj+SpYd0Lsh,14.007094283738924,19.595933956972644,16.19331732591985
1291800,oJXXVhFJaulRsMKo8iZ7PWewFKPbuwQtyXbR0IjQOWli8GZb66VGcdj+SpYd0Lsh,13.94720550458247,18.328741002850464,16.07375760076312
1292100,oJXXVhFJaulRsMKo8iZ7PWewFKPbuwQtyXbR0IjQOWli8GZb66VGcdj+SpYd0Lsh,13.94773592221408,18.110182226590872,16.128622629243896
1292400,oJXXVhFJaulRsMKo8iZ7PWewFKPbuwQtyXbR0IjQOWli8GZb66VGcdj+SpYd0Lsh,13.900617870759032,39.60674467396439,19.69693183831535
1292700,oJXXVhFJaulRsMKo8iZ7PWewFKPbuwQtyXbR0IjQOWli8GZb66VGcdj+SpYd0Lsh,14.081527121514672,74.82770297923491,24.31227245995754
1293000,oJXXVhFJaulRsMKo8iZ7PWewFKPbuwQtyXbR0IjQOWli8GZb66VGcdj+SpYd0Lsh,14.233844501788148,18.313945264984127,16.05057107835083
1293300,oJXXVhFJaulRsMKo8iZ7PWewFKPbuwQtyXbR0IjQOWli8GZb66VGcdj+SpYd0Lsh,14.1591485486174,19.693771633755357,16.68343552810115
1293600,oJXXVhFJaulRsMKo8iZ7PWewFKPbuwQtyXbR0IjQOWli8GZb66VGcdj+SpYd0Lsh,13.921913883734073,18.52207762788624,15.824745355744314
1293900,oJXXVhFJaulRsMKo8iZ7PWewFKPbuwQtyXbR0IjQOWli8GZb66VGcdj+SpYd0Lsh,14.017582488330286,18.122792153941887,16.1885292841516
1294200,oJXXVhFJaulRsMKo8iZ7PWewFKPbuwQtyXbR0IjQOWli8GZb66VGcdj+SpYd0Lsh,14.054900628681562,18.02398338725572,15.960780272596264
1294500,oJXXVhFJaulRsMKo8iZ7PWewFKPbuwQtyXbR0IjQOWli8GZb66VGcdj+SpYd0Lsh,14.088730603709736,18.119684306268923,16.152944543778993
1294800,oJXXVhFJaulRsMKo8iZ7PWewFKPbuwQtyXbR0IjQOWli8GZb66VGcdj+SpYd0Lsh,14.200910702273733,18.3245665860572,16.109382320917582
1295100,oJXXVhFJaulRsMKo8iZ7PWewFKPbuwQtyXbR0IjQOWli8GZb66VGcdj+SpYd0Lsh,13.91862747627082,18.204270923094622,16.044859393281456
1295400,oJXXVhFJaulRsMKo8iZ7PWewFKPbuwQtyXbR0IjQOWli8GZb66VGcdj+SpYd0Lsh,13.97677203518016,18.180984695897436,15.872936106720262
1295700,oJXXVhFJaulRsMKo8iZ7PWewFKPbuwQtyXbR0IjQOWli8GZb66VGcdj+SpYd0Lsh,14.183144214333987,18.247699296817743,16.19845416333295
1296000,oJXXVhFJaulRsMKo8iZ7PWewFKPbuwQtyXbR0IjQOWli8GZb66VGcdj+SpYd0Lsh,13.88094066850748,18.234315846413143,15.792613576197551
1296300,oJXXVhFJaulRsMKo8iZ7PWewFKPbuwQtyXbR0IjQOWli8GZb66VGcdj+SpYd0Lsh,14.599982479786492,22.37168288478448,18.556975010436208
1296600,oJXXVhFJaulRsMKo8iZ7PWewFKPbuwQtyXbR0IjQOWli8GZb66VGcdj+SpYd0Lsh,18.08658977235292,23.332314994065083,20.95182830715809
1296900,oJXXVhFJaulRsMKo8iZ7PWewFKPbuwQtyXbR0IjQOWli8GZb66VGcdj+SpYd0Lsh,14.697801677885533,23.52837492497039,20.05973537608717
1297200,oJXXVhFJaulRsMKo8iZ7PWewFKPbuwQtyXbR0IjQOWli8GZb66VGcdj+SpYd0Lsh,13.994996194121216,18.33328849440425,15.955149974088975
1297500,oJXXVhFJaulRsMKo8iZ7PWewFKPbuwQtyXbR0IjQOWli8GZb66VGcdj+SpYd0Lsh,14.36507817192494,20.1580890833333,16.251623699376516
1297800,oJXXVhFJaulRsMKo8iZ7PWewFKPbuwQtyXbR0IjQOWli8GZb66VGcdj+SpYd0Lsh,14.18790581814564,17.993686406614373,15.796801663964713
1298100,oJXXVhFJaulRsMKo8iZ7PWewFKPbuwQtyXbR0IjQOWli8GZb66VGcdj+SpYd0Lsh,14.082327035818356,19.781227818133623,16.075299640368648
1298400,oJXXVhFJaulRsMKo8iZ7PWewFKPbuwQtyXbR0IjQOWli8GZb66VGcdj+SpYd0Lsh,14.470286525550222,17.7119063215183,15.878416587783551
1298700,oJXXVhFJaulRsMKo8iZ7PWewFKPbuwQtyXbR0IjQOWli8GZb66VGcdj+SpYd0Lsh,15.251508913267402,18.07843944592448,15.972272667642605
1299000,oJXXVhFJaulRsMKo8iZ7PWewFKPbuwQtyXbR0IjQOWli8GZb66VGcdj+SpYd0Lsh,14.616611117752452,16.841497828617122,15.84132367073188
1299300,oJXXVhFJaulRsMKo8iZ7PWewFKPbuwQtyXbR0IjQOWli8GZb66VGcdj+SpYd0Lsh,13.7225623730161,41.02841500462085,27.370279850640895
1299600,oJXXVhFJaulRsMKo8iZ7PWewFKPbuwQtyXbR0IjQOWli8GZb66VGcdj+SpYd0Lsh,12.671485910180715,18.590105341010457,15.777184696456349
1299900,oJXXVhFJaulRsMKo8iZ7PWewFKPbuwQtyXbR0IjQOWli8GZb66VGcdj+SpYd0Lsh,11.944522077300835,22.774249857369085,16.80949781104678
1300200,oJXXVhFJaulRsMKo8iZ7PWewFKPbuwQtyXbR0IjQOWli8GZb66VGcdj+SpYd0Lsh,11.112313280711046,23.166074766582494,17.20889988058571
1300500,oJXXVhFJaulRsMKo8iZ7PWewFKPbuwQtyXbR0IjQOWli8GZb66VGcdj+SpYd0Lsh,10.350791043914114,23.854012125540407,16.40175615369236
1300800,oJXXVhFJaulRsMKo8iZ7PWewFKPbuwQtyXbR0IjQOWli8GZb66VGcdj+SpYd0Lsh,9.699576621268712,21.77572116044204,15.91108444843246
1301100,oJXXVhFJaulRsMKo8iZ7PWewFKPbuwQtyXbR0IjQOWli8GZb66VGcdj+SpYd0Lsh,8.987555248696804,25.37467102691903,16.108033315230305
1301400,oJXXVhFJaulRsMKo8iZ7PWewFKPbuwQtyXbR0IjQOWli8GZb66VGcdj+SpYd0Lsh,8.082224636442467,23.368816054405013,15.838110047415917
1301700,oJXXVhFJaulRsMKo8iZ7PWewFKPbuwQtyXbR0IjQOWli8GZb66VGcdj+SpYd0Lsh,7.34392895639738,26.888564169366926,16.042523226870504
1302000,oJXXVhFJaulRsMKo8iZ7PWewFKPbuwQtyXbR0IjQOWli8GZb66VGcdj+SpYd0Lsh,6.942738656845526,24.61592047206073,15.817467907171173
1302300,oJXXVhFJaulRsMKo8iZ7PWewFKPbuwQtyXbR0IjQOWli8GZb66VGcdj+SpYd0Lsh,5.868412856924101,28.6373698317199,16.040217152877414
1302600,oJXXVhFJaulRsMKo8iZ7PWewFKPbuwQtyXbR0IjQOWli8GZb66VGcdj+SpYd0Lsh,5.174680714814105,26.375354715358927,17.020823705342856
1302900,oJXXVhFJaulRsMKo8iZ7PWewFKPbuwQtyXbR0IjQOWli8GZb66VGcdj+SpYd0Lsh,4.206139074702784,30.008323645424664,16.042372586976047
1303200,oJXXVhFJaulRsMKo8iZ7PWewFKPbuwQtyXbR0IjQOWli8GZb66VGcdj+SpYd0Lsh,3.423935726612646,27.742666576675063,15.774866592314496
1303500,oJXXVhFJaulRsMKo8iZ7PWewFKPbuwQtyXbR0IjQOWli8GZb66VGcdj+SpYd0Lsh,2.5342725658074223,31.42026082609292,16.110017443197048
1303800,oJXXVhFJaulRsMKo8iZ7PWewFKPbuwQtyXbR0IjQOWli8GZb66VGcdj+SpYd0Lsh,3.1872247808979632,31.87835775042825,17.94729454195343
1304100,oJXXVhFJaulRsMKo8iZ7PWewFKPbuwQtyXbR0IjQOWli8GZb66VGcdj+SpYd0Lsh,2.757630738336248,31.98562784106608,16.712911132582665
1304400,oJXXVhFJaulRsMKo8iZ7PWewFKPbuwQtyXbR0IjQOWli8GZb66VGcdj+SpYd0Lsh,2.768876039766461,43.01070572271244,17.37078518134965
1304700,oJXXVhFJaulRsMKo8iZ7PWewFKPbuwQtyXbR0IjQOWli8GZb66VGcdj+SpYd0Lsh,2.702649848686615,28.947239275673574,16.076917730436573
1305000,oJXXVhFJaulRsMKo8iZ7PWewFKPbuwQtyXbR0IjQOWli8GZb66VGcdj+SpYd0Lsh,2.6106162522238567,28.84962244281892,15.877374310392176
1305300,oJXXVhFJaulRsMKo8iZ7PWewFKPbuwQtyXbR0IjQOWli8GZb66VGcdj+SpYd0Lsh,2.7339877203865948,28.60609676002044,16.08287181495588
1305600,oJXXVhFJaulRsMKo8iZ7PWewFKPbuwQtyXbR0IjQOWli8GZb66VGcdj+SpYd0Lsh,2.824495593990324,28.82508718338285,15.900484170148523
1305900,oJXXVhFJaulRsMKo8iZ7PWewFKPbuwQtyXbR0IjQOWli8GZb66VGcdj+SpYd0Lsh,2.6241262984363294,28.746393816946984,16.083710378674144
1306200,oJXXVhFJaulRsMKo8iZ7PWewFKPbuwQtyXbR0IjQOWli8GZb66VGcdj+SpYd0Lsh,2.81420057633508,29.1879989006548,16.003160918365115
1306500,oJXXVhFJaulRsMKo8iZ7PWewFKPbuwQtyXbR0IjQOWli8GZb66VGcdj+SpYd0Lsh,2.690876339288179,29.13203720302029,16.204834375903125
1306800,oJXXVhFJaulRsMKo8iZ7PWewFKPbuwQtyXbR0IjQOWli8GZb66VGcdj+SpYd0Lsh,2.733923643029486,28.92953564825516,17.293687338592864
1307100,oJXXVhFJaulRsMKo8iZ7PWewFKPbuwQtyXbR0IjQOWli8GZb66VGcdj+SpYd0Lsh,2.6610789081747885,28.70187653699079,16.080743643176515
1307400,oJXXVhFJaulRsMKo8iZ7PWewFKPbuwQtyXbR0IjQOWli8GZb66VGcdj+SpYd0Lsh,2.8017191944942,28.89816779083441,15.886086314578687
1307700,oJXXVhFJaulRsMKo8iZ7PWewFKPbuwQtyXbR0IjQOWli8GZb66VGcdj+SpYd0Lsh,2.7494396266813204,32.15659390137294,18.6647925082404
1308000,oJXXVhFJaulRsMKo8iZ7PWewFKPbuwQtyXbR0IjQOWli8GZb66VGcdj+SpYd0Lsh,2.569450188743766,28.99801816431794,15.925878436890708
1308300,oJXXVhFJaulRsMKo8iZ7PWewFKPbuwQtyXbR0IjQOWli8GZb66VGcdj+SpYd0Lsh,2.617228054300256,28.835807906367133,16.16030173923315
1308600,oJXXVhFJaulRsMKo8iZ7PWewFKPbuwQtyXbR0IjQOWli8GZb66VGcdj+SpYd0Lsh,2.661807469401908,29.00830490759713,15.848863261056373
1308900,oJXXVhFJaulRsMKo8iZ7PWewFKPbuwQtyXbR0IjQOWli8GZb66VGcdj+SpYd0Lsh,2.7096995985171275,28.845676365392418,15.951877441791751
1309200,oJXXVhFJaulRsMKo8iZ7PWewFKPbuwQtyXbR0IjQOWli8GZb66VGcdj+SpYd0Lsh,2.6391440830261135,30.09644857081054,16.06817225661855
1309500,oJXXVhFJaulRsMKo8iZ7PWewFKPbuwQtyXbR0IjQOWli8GZb66VGcdj+SpYd0Lsh,2.627686109826936,28.695055943338016,15.859436930117008
1309800,oJXXVhFJaulRsMKo8iZ7PWewFKPbuwQtyXbR0IjQOWli8GZb66VGcdj+SpYd0Lsh,2.795759355454541,31.766268072869963,16.40920859706214
1310100,oJXXVhFJaulRsMKo8iZ7PWewFKPbuwQtyXbR0IjQOWli8GZb66VGcdj+SpYd0Lsh,3.0199869705381244,29.24877759927193,16.56702353023241
1310400,oJXXVhFJaulRsMKo8iZ7PWewFKPbuwQtyXbR0IjQOWli8GZb66VGcdj+SpYd0Lsh,2.6948784439324016,33.21271055584303,19.91199325554764
1310700,oJXXVhFJaulRsMKo8iZ7PWewFKPbuwQtyXbR0IjQOWli8GZb66VGcdj+SpYd0Lsh,2.664198318740206,28.898499979813337,15.911574106832806
1311000,oJXXVhFJaulRsMKo8iZ7PWewFKPbuwQtyXbR0IjQOWli8GZb66VGcdj+SpYd0Lsh,3.073983127948497,30.93349198758446,17.688509961452517
1311300,oJXXVhFJaulRsMKo8iZ7PWewFKPbuwQtyXbR0IjQOWli8GZb66VGcdj+SpYd0Lsh,2.756620155191968,31.684372760779222,17.46010920865287
1311600,oJXXVhFJaulRsMKo8iZ7PWewFKPbuwQtyXbR0IjQOWli8GZb66VGcdj+SpYd0Lsh,2.613131088769352,33.913799046365874,17.662179109898062
1311900,oJXXVhFJaulRsMKo8iZ7PWewFKPbuwQtyXbR0IjQOWli8GZb66VGcdj+SpYd0Lsh,3.095789278373573,29.423923453059203,16.192973107991655
1312200,oJXXVhFJaulRsMKo8iZ7PWewFKPbuwQtyXbR0IjQOWli8GZb66VGcdj+SpYd0Lsh,2.6488359027590804,31.889210229502176,16.17220472220227
1312500,oJXXVhFJaulRsMKo8iZ7PWewFKPbuwQtyXbR0IjQOWli8GZb66VGcdj+SpYd0Lsh,2.516013116485971,30.29424499221324,16.218712336632787
1312800,oJXXVhFJaulRsMKo8iZ7PWewFKPbuwQtyXbR0IjQOWli8GZb66VGcdj+SpYd0Lsh,2.8342558504617026,40.73554381003658,17.675641738255592
1313100,oJXXVhFJaulRsMKo8iZ7PWewFKPbuwQtyXbR0IjQOWli8GZb66VGcdj+SpYd0Lsh,2.761743171760141,31.161152702805676,16.106439361947377
1313400,oJXXVhFJaulRsMKo8iZ7PWewFKPbuwQtyXbR0IjQOWli8GZb66VGcdj+SpYd0Lsh,2.9203479840603817,28.70443609812756,16.20863179555432
1313700,oJXXVhFJaulRsMKo8iZ7PWewFKPbuwQtyXbR0IjQOWli8GZb66VGcdj+SpYd0Lsh,2.6565244780351573,28.697238136424197,15.89295269202892
1314000,oJXXVhFJaulRsMKo8iZ7PWewFKPbuwQtyXbR0IjQOWli8GZb66VGcdj+SpYd0Lsh,2.684611254097087,28.75908763632244,16.132751875198682
1314300,oJXXVhFJaulRsMKo8iZ7PWewFKPbuwQtyXbR0IjQOWli8GZb66VGcdj+SpYd0Lsh,2.7401483301245064,28.575267845988854,15.79680408086813
1314600,oJXXVhFJaulRsMKo8iZ7PWewFKPbuwQtyXbR0IjQOWli8GZb66VGcdj+SpYd0Lsh,2.774803789855273,28.53272343992052,16.126121958692774
1314900,oJXXVhFJaulRsMKo8iZ7PWewFKPbuwQtyXbR0IjQOWli8GZb66VGcdj+SpYd0Lsh,2.614893558804052,32.17746358583674,14.869182687051875
1315200,oJXXVhFJaulRsMKo8iZ7PWewFKPbuwQtyXbR0IjQOWli8GZb66VGcdj+SpYd0Lsh,4.36484099795624,31.372932598710307,17.881022945640733
1315500,oJXXVhFJaulRsMKo8iZ7PWewFKPbuwQtyXbR0IjQOWli8GZb66VGcdj+SpYd0Lsh,2.9180831755430967,31.773705981220928,16.306883370867336
1315800,oJXXVhFJaulRsMKo8iZ7PWewFKPbuwQtyXbR0IjQOWli8GZb66VGcdj+SpYd0Lsh,2.5873534049685314,28.87287942140004,16.088945515219045
1316100,oJXXVhFJaulRsMKo8iZ7PWewFKPbuwQtyXbR0IjQOWli8GZb66VGcdj+SpYd0Lsh,2.6127851033192573,28.68510470241707,15.84711373407049
1316400,oJXXVhFJaulRsMKo8iZ7PWewFKPbuwQtyXbR0IjQOWli8GZb66VGcdj+SpYd0Lsh,2.8720858817645585,28.65950979075935,16.153813162923765
1316700,oJXXVhFJaulRsMKo8iZ7PWewFKPbuwQtyXbR0IjQOWli8GZb66VGcdj+SpYd0Lsh,2.7160131539832744,28.73290404642024,15.815228657980969
1317000,oJXXVhFJaulRsMKo8iZ7PWewFKPbuwQtyXbR0IjQOWli8GZb66VGcdj+SpYd0Lsh,2.7810267496670407,28.799390901924653,16.18131563743321
1317300,oJXXVhFJaulRsMKo8iZ7PWewFKPbuwQtyXbR0IjQOWli8GZb66VGcdj+SpYd0Lsh,2.8078633280592595,28.887872676591,15.8560696711063
1317600,oJXXVhFJaulRsMKo8iZ7PWewFKPbuwQtyXbR0IjQOWli8GZb66VGcdj+SpYd0Lsh,2.7336364184393767,30.723563582387808,16.076130129598205
1317900,oJXXVhFJaulRsMKo8iZ7PWewFKPbuwQtyXbR0IjQOWli8GZb66VGcdj+SpYd0Lsh,2.5893050526500567,28.81249530983597,15.919788735002836
1318200,oJXXVhFJaulRsMKo8iZ7PWewFKPbuwQtyXbR0IjQOWli8GZb66VGcdj+SpYd0Lsh,2.6468509212580806,30.3190784685538,16.123072456187277
1318500,oJXXVhFJaulRsMKo8iZ7PWewFKPbuwQtyXbR0IjQOWli8GZb66VGcdj+SpYd0Lsh,2.675844902041973,28.66204949864261,15.819992798484936
1318800,oJXXVhFJaulRsMKo8iZ7PWewFKPbuwQtyXbR0IjQOWli8GZb66VGcdj+SpYd0Lsh,2.702958887172456,31.32489736101564,16.117283394204854
1319100,oJXXVhFJaulRsMKo8iZ7PWewFKPbuwQtyXbR0IjQOWli8GZb66VGcdj+SpYd0Lsh,3.4630988658732336,31.382293562459555,17.003848992490305
1319400,oJXXVhFJaulRsMKo8iZ7PWewFKPbuwQtyXbR0IjQOWli8GZb66VGcdj+SpYd0Lsh,2.6072409154711647,31.64960846180639,16.121848021425635
1319700,oJXXVhFJaulRsMKo8iZ7PWewFKPbuwQtyXbR0IjQOWli8GZb66VGcdj+SpYd0Lsh,2.6867504259298625,28.71599854315977,15.85372199204172
1320000,oJXXVhFJaulRsMKo8iZ7PWewFKPbuwQtyXbR0IjQOWli8GZb66VGcdj+SpYd0Lsh,2.515288353715232,31.562416453998207,16.185881059903586
1320300,oJXXVhFJaulRsMKo8iZ7PWewFKPbuwQtyXbR0IjQOWli8GZb66VGcdj+SpYd0Lsh,2.5146712848999755,28.784970614920823,15.75813912646673
1320600,oJXXVhFJaulRsMKo8iZ7PWewFKPbuwQtyXbR0IjQOWli8GZb66VGcdj+SpYd0Lsh,2.8269413258956995,30.891021989810568,16.16554663103312
1320900,oJXXVhFJaulRsMKo8iZ7PWewFKPbuwQtyXbR0IjQOWli8GZb66VGcdj+SpYd0Lsh,2.742402213683247,28.80206086639114,15.842103860411385
1321200,oJXXVhFJaulRsMKo8iZ7PWewFKPbuwQtyXbR0IjQOWli8GZb66VGcdj+SpYd0Lsh,2.5909935782440803,42.83708554794631,20.79221181928462
1321500,oJXXVhFJaulRsMKo8iZ7PWewFKPbuwQtyXbR0IjQOWli8GZb66VGcdj+SpYd0Lsh,2.611336414722291,83.4931732002498,23.23260716698929
1321800,oJXXVhFJaulRsMKo8iZ7PWewFKPbuwQtyXbR0IjQOWli8GZb66VGcdj+SpYd0Lsh,2.742731433170248,28.8636317826467,16.047267664775013
1322100,oJXXVhFJaulRsMKo8iZ7PWewFKPbuwQtyXbR0IjQOWli8GZb66VGcdj+SpYd0Lsh,2.8310301858989044,29.68548711929785,15.960738770146618
1322400,oJXXVhFJaulRsMKo8iZ7PWewFKPbuwQtyXbR0IjQOWli8GZb66VGcdj+SpYd0Lsh,2.733125293031492,28.810704122036544,16.151560824098507
1322700,oJXXVhFJaulRsMKo8iZ7PWewFKPbuwQtyXbR0IjQOWli8GZb66VGcdj+SpYd0Lsh,2.7456895833605977,31.00984051319633,18.12735096251956
1323000,oJXXVhFJaulRsMKo8iZ7PWewFKPbuwQtyXbR0IjQOWli8GZb66VGcdj+SpYd0Lsh,2.732809898000835,31.572137230274254,18.19688449063718
1323300,oJXXVhFJaulRsMKo8iZ7PWewFKPbuwQtyXbR0IjQOWli8GZb66VGcdj+SpYd0Lsh,2.6934755122726344,29.428935917517038,15.978467146017836
1323600,oJXXVhFJaulRsMKo8iZ7PWewFKPbuwQtyXbR0IjQOWli8GZb66VGcdj+SpYd0Lsh,2.7778750906931027,28.951379718988296,16.135256049384253
1323900,oJXXVhFJaulRsMKo8iZ7PWewFKPbuwQtyXbR0IjQOWli8GZb66VGcdj+SpYd0Lsh,2.568412700916677,28.439553189217097,15.699337777498986
1324200,oJXXVhFJaulRsMKo8iZ7PWewFKPbuwQtyXbR0IjQOWli8GZb66VGcdj+SpYd0Lsh,2.875981973475899,28.81031249216693,16.193303984165613
1324500,oJXXVhFJaulRsMKo8iZ7PWewFKPbuwQtyXbR0IjQOWli8GZb66VGcdj+SpYd0Lsh,2.665281979476715,28.687900147374204,15.871780267080238
1324800,oJXXVhFJaulRsMKo8iZ7PWewFKPbuwQtyXbR0IjQOWli8GZb66VGcdj+SpYd0Lsh,2.6534504115704327,28.964650039450884,16.182753325747413
1325100,oJXXVhFJaulRsMKo8iZ7PWewFKPbuwQtyXbR0IjQOWli8GZb66VGcdj+SpYd0Lsh,2.6401597773036354,28.73216371477693,15.943180408896932
1325400,oJXXVhFJaulRsMKo8iZ7PWewFKPbuwQtyXbR0IjQOWli8GZb66VGcdj+SpYd0Lsh,2.7846951372954254,29.3534310367808,15.977348584365911
1325700,oJXXVhFJaulRsMKo8iZ7PWewFKPbuwQtyXbR0IjQOWli8GZb66VGcdj+SpYd0Lsh,2.733144879361955,32.65461662628783,17.883417968928903
1326000,oJXXVhFJaulRsMKo8iZ7PWewFKPbuwQtyXbR0IjQOWli8GZb66VGcdj+SpYd0Lsh,8.40656998419086,35.69051637711919,21.47539582507125
1326300,oJXXVhFJaulRsMKo8iZ7PWewFKPbuwQtyXbR0IjQOWli8GZb66VGcdj+SpYd0Lsh,3.378792502724176,34.886676784846344,17.822045981135687
1326600,oJXXVhFJaulRsMKo8iZ7PWewFKPbuwQtyXbR0IjQOWli8GZb66VGcdj+SpYd0Lsh,3.7903248128848896,29.692531514847317,17.252172591174915
1326900,oJXXVhFJaulRsMKo8iZ7PWewFKPbuwQtyXbR0IjQOWli8GZb66VGcdj+SpYd0Lsh,4.421627127452479,30.3019154723716,17.921969913524983
1327200,oJXXVhFJaulRsMKo8iZ7PWewFKPbuwQtyXbR0IjQOWli8GZb66VGcdj+SpYd0Lsh,4.531278383474201,29.8972790574314,16.12552518581177
1327500,oJXXVhFJaulRsMKo8iZ7PWewFKPbuwQtyXbR0IjQOWli8GZb66VGcdj+SpYd0Lsh,5.622799861387152,25.777685917612896,15.77496952229726
1327800,oJXXVhFJaulRsMKo8iZ7PWewFKPbuwQtyXbR0IjQOWli8GZb66VGcdj+SpYd0Lsh,6.211931767442296,28.344110549943284,16.108405335580606
1328100,oJXXVhFJaulRsMKo8iZ7PWewFKPbuwQtyXbR0IjQOWli8GZb66VGcdj+SpYd0Lsh,7.059400780658568,24.415501028567917,15.859010637235864
1328400,oJXXVhFJaulRsMKo8iZ7PWewFKPbuwQtyXbR0IjQOWli8GZb66VGcdj+SpYd0Lsh,7.422624951901888,27.15525378106204,16.284232810094505
1328700,oJXXVhFJaulRsMKo8iZ7PWewFKPbuwQtyXbR0IjQOWli8GZb66VGcdj+SpYd0Lsh,8.477539450324905,23.10229336221697,15.838419337137443
1329000,oJXXVhFJaulRsMKo8iZ7PWewFKPbuwQtyXbR0IjQOWli8GZb66VGcdj+SpYd0Lsh,9.006591431983768,25.33397224906964,16.17120550162905
1329300,oJXXVhFJaulRsMKo8iZ7PWewFKPbuwQtyXbR0IjQOWli8GZb66VGcdj+SpYd0Lsh,9.865921451045006,22.4459199295454,16.16079861917794
1329600,oJXXVhFJaulRsMKo8iZ7PWewFKPbuwQtyXbR0IjQOWli8GZb66VGcdj+SpYd0Lsh,10.565149561064285,21.423263725653765,16.156144474238097
1329900,oJXXVhFJaulRsMKo8iZ7PWewFKPbuwQtyXbR0IjQOWli8GZb66VGcdj+SpYd0Lsh,11.174041111458616,20.0444547965879,15.8677953130903
1330200,oJXXVhFJaulRsMKo8iZ7PWewFKPbuwQtyXbR0IjQOWli8GZb66VGcdj+SpYd0Lsh,11.806456256440873,19.355099748987605,16.05931934096784
1330500,oJXXVhFJaulRsMKo8iZ7PWewFKPbuwQtyXbR0IjQOWli8GZb66VGcdj+SpYd0Lsh,12.85864724656422,21.62209176570137,17.985374836795863
1330800,oJXXVhFJaulRsMKo8iZ7PWewFKPbuwQtyXbR0IjQOWli8GZb66VGcdj+SpYd0Lsh,13.227631825505425,18.82956981007163,16.19049473835946
1331100,oJXXVhFJaulRsMKo8iZ7PWewFKPbuwQtyXbR0IjQOWli8GZb66VGcdj+SpYd0Lsh,13.977501435115228,17.567448338187347,15.755813030101445
1331400,oJXXVhFJaulRsMKo8iZ7PWewFKPbuwQtyXbR0IjQOWli8GZb66VGcdj+SpYd0Lsh,14.190083376097212,17.3894704481912,16.130030880346208
1331700,oJXXVhFJaulRsMKo8iZ7PWewFKPbuwQtyXbR0IjQOWli8GZb66VGcdj+SpYd0Lsh,14.075080046919606,17.495645378188613,15.82410734210844
1332000,oJXXVhFJaulRsMKo8iZ7PWewFKPbuwQtyXbR0IjQOWli8GZb66VGcdj+SpYd0Lsh,13.622050942108292,17.351539340204283,15.999237548475971
1332300,oJXXVhFJaulRsMKo8iZ7PWewFKPbuwQtyXbR0IjQOWli8GZb66VGcdj+SpYd0Lsh,14.000744596320652,17.38096171052772,15.85979208928528
1332600,oJXXVhFJaulRsMKo8iZ7PWewFKPbuwQtyXbR0IjQOWli8GZb66VGcdj+SpYd0Lsh,14.161673596667775,17.629635467055913,16.140565834299945
1332900,oJXXVhFJaulRsMKo8iZ7PWewFKPbuwQtyXbR0IjQOWli8GZb66VGcdj+SpYd0Lsh,13.846624754323358,21.15838383221593,16.17645167630717
1333200,oJXXVhFJaulRsMKo8iZ7PWewFKPbuwQtyXbR0IjQOWli8GZb66VGcdj+SpYd0Lsh,14.060896428424993,17.626372503387515,16.07901012619935
1333500,oJXXVhFJaulRsMKo8iZ7PWewFKPbuwQtyXbR0IjQOWli8GZb66VGcdj+SpYd0Lsh,13.919822857269455,17.775637059787428,15.873129769119652
1333800,oJXXVhFJaulRsMKo8iZ7PWewFKPbuwQtyXbR0IjQOWli8GZb66VGcdj+SpYd0Lsh,13.999826869528334,19.74607928945601,16.063106423552973
1334100,oJXXVhFJaulRsMKo8iZ7PWewFKPbuwQtyXbR0IjQOWli8GZb66VGcdj+SpYd0Lsh,13.905136264270944,17.561383460267255,15.791060926044269
1334400,oJXXVhFJaulRsMKo8iZ7PWewFKPbuwQtyXbR0IjQOWli8GZb66VGcdj+SpYd0Lsh,14.294192620082177,24.239166957741688,18.63201456478243
1334700,oJXXVhFJaulRsMKo8iZ7PWewFKPbuwQtyXbR0IjQOWli8GZb66VGcdj+SpYd0Lsh,13.66641393421029,21.574267905191903,17.208005626927
1335000,oJXXVhFJaulRsMKo8iZ7PWewFKPbuwQtyXbR0IjQOWli8GZb66VGcdj+SpYd0Lsh,14.236987310680272,20.334570284559327,16.22991660689287
1335300,oJXXVhFJaulRsMKo8iZ7PWewFKPbuwQtyXbR0IjQOWli8GZb66VGcdj+SpYd0Lsh,13.83578364047883,17.476625722138202,15.866644801849665
1335600,oJXXVhFJaulRsMKo8iZ7PWewFKPbuwQtyXbR0IjQOWli8GZb66VGcdj+SpYd0Lsh,13.775890979014296,20.822987745975794,16.12732593056676
1335900,oJXXVhFJaulRsMKo8iZ7PWewFKPbuwQtyXbR0IjQOWli8GZb66VGcdj+SpYd0Lsh,13.844755534868549,17.739351456114704,15.897548543684286
1336200,oJXXVhFJaulRsMKo8iZ7PWewFKPbuwQtyXbR0IjQOWli8GZb66VGcdj+SpYd0Lsh,14.018766808976237,20.36102799897695,16.104541898577185
1336500,oJXXVhFJaulRsMKo8iZ7PWewFKPbuwQtyXbR0IjQOWli8GZb66VGcdj+SpYd0Lsh,13.86242176499136,17.892395245701344,16.165941846501017
1336800,oJXXVhFJaulRsMKo8iZ7PWewFKPbuwQtyXbR0IjQOWli8GZb66VGcdj+SpYd0Lsh,13.749750794805308,20.57422173071257,16.133321891289548
1337100,oJXXVhFJaulRsMKo8iZ7PWewFKPbuwQtyXbR0IjQOWli8GZb66VGcdj+SpYd0Lsh,13.936038835008192,17.716267872411052,15.895102177136092
1337400,oJXXVhFJaulRsMKo8iZ7PWewFKPbuwQtyXbR0IjQOWli8GZb66VGcdj+SpYd0Lsh,14.137155875176614,19.849635499498735,16.056554954826545
1337700,oJXXVhFJaulRsMKo8iZ7PWewFKPbuwQtyXbR0IjQOWli8GZb66VGcdj+SpYd0Lsh,13.900084860711717,17.771556518955265,15.873847122342616
1338000,oJXXVhFJaulRsMKo8iZ7PWewFKPbuwQtyXbR0IjQOWli8GZb66VGcdj+SpYd0Lsh,14.067305820722984,20.636881352951487,17.171122314861382
1338300,oJXXVhFJaulRsMKo8iZ7PWewFKPbuwQtyXbR0IjQOWli8GZb66VGcdj+SpYd0Lsh,13.83800105889014,20.41235617954649,17.13130907154377
1338600,oJXXVhFJaulRsMKo8iZ7PWewFKPbuwQtyXbR0IjQOWli8GZb66VGcdj+SpYd0Lsh,14.456731392145326,17.51066347347349,16.468295246875005
1338900,oJXXVhFJaulRsMKo8iZ7PWewFKPbuwQtyXbR0IjQOWli8GZb66VGcdj+SpYd0Lsh,14.901807476142524,19.81106345360894,16.83463887034175
1339200,oJXXVhFJaulRsMKo8iZ7PWewFKPbuwQtyXbR0IjQOWli8GZb66VGcdj+SpYd0Lsh,13.95223098685172,17.61847116163136,16.108902858489653
1339500,oJXXVhFJaulRsMKo8iZ7PWewFKPbuwQtyXbR0IjQOWli8GZb66VGcdj+SpYd0Lsh,14.028575360917214,17.55526990897161,15.8809426987523
1339800,oJXXVhFJaulRsMKo8iZ7PWewFKPbuwQtyXbR0IjQOWli8GZb66VGcdj+SpYd0Lsh,14.084954787047144,17.808024543569893,16.240483455604114
1340100,oJXXVhFJaulRsMKo8iZ7PWewFKPbuwQtyXbR0IjQOWli8GZb66VGcdj+SpYd0Lsh,13.836625108573392,17.935638249970335,16.180807869222427
1340400,oJXXVhFJaulRsMKo8iZ7PWewFKPbuwQtyXbR0IjQOWli8GZb66VGcdj+SpYd0Lsh,13.881026157903062,17.69037947401611,16.10595231888248
1340700,oJXXVhFJaulRsMKo8iZ7PWewFKPbuwQtyXbR0IjQOWli8GZb66VGcdj+SpYd0Lsh,14.19313514254994,17.57953994216529,15.933233752666512
1341000,oJXXVhFJaulRsMKo8iZ7PWewFKPbuwQtyXbR0IjQOWli8GZb66VGcdj+SpYd0Lsh,13.983406693972167,17.70526855667928,16.135306971807054
1341300,oJXXVhFJaulRsMKo8iZ7PWewFKPbuwQtyXbR0IjQOWli8GZb66VGcdj+SpYd0Lsh,14.057750042325544,17.656520280795117,15.837876762825612
1341600,oJXXVhFJaulRsMKo8iZ7PWewFKPbuwQtyXbR0IjQOWli8GZb66VGcdj+SpYd0Lsh,14.290928961153284,17.504440421040343,16.119838756540553
1341900,oJXXVhFJaulRsMKo8iZ7PWewFKPbuwQtyXbR0IjQOWli8GZb66VGcdj+SpYd0Lsh,14.118371319314,20.447599819304383,17.760851889067116
1342200,oJXXVhFJaulRsMKo8iZ7PWewFKPbuwQtyXbR0IjQOWli8GZb66VGcdj+SpYd0Lsh,14.301963954516664,21.10226946689376,16.617899680724467
1342500,oJXXVhFJaulRsMKo8iZ7PWewFKPbuwQtyXbR0IjQOWli8GZb66VGcdj+SpYd0Lsh,14.076903644959216,17.327437949020556,15.882984778268083
1342800,oJXXVhFJaulRsMKo8iZ7PWewFKPbuwQtyXbR0IjQOWli8GZb66VGcdj+SpYd0Lsh,13.961877201619014,20.053349070374363,16.027641877925948
1343100,oJXXVhFJaulRsMKo8iZ7PWewFKPbuwQtyXbR0IjQOWli8GZb66VGcdj+SpYd0Lsh,14.192916228242964,17.40818689217849,15.83567052916713
1343400,oJXXVhFJaulRsMKo8iZ7PWewFKPbuwQtyXbR0IjQOWli8GZb66VGcdj+SpYd0Lsh,14.109182678638383,19.57196563433404,16.1117404432555
1343700,oJXXVhFJaulRsMKo8iZ7PWewFKPbuwQtyXbR0IjQOWli8GZb66VGcdj+SpYd0Lsh,13.83046739530684,20.708656877704225,16.115255649275586
1344000,oJXXVhFJaulRsMKo8iZ7PWewFKPbuwQtyXbR0IjQOWli8GZb66VGcdj+SpYd0Lsh,13.99852113809722,19.713080347553124,16.074530560202884
1344300,oJXXVhFJaulRsMKo8iZ7PWewFKPbuwQtyXbR0IjQOWli8GZb66VGcdj+SpYd0Lsh,14.037980419355764,17.419444955940033,15.89416635620162
1344600,oJXXVhFJaulRsMKo8iZ7PWewFKPbuwQtyXbR0IjQOWli8GZb66VGcdj+SpYd0Lsh,14.033711299289925,19.97121240950772,16.154530869201125
1344900,oJXXVhFJaulRsMKo8iZ7PWewFKPbuwQtyXbR0IjQOWli8GZb66VGcdj+SpYd0Lsh,13.805423936994206,17.436159957032313,15.776601443458835
1345200,oJXXVhFJaulRsMKo8iZ7PWewFKPbuwQtyXbR0IjQOWli8GZb66VGcdj+SpYd0Lsh,13.939799752118146,20.093159690432586,16.15949623154766
1345500,oJXXVhFJaulRsMKo8iZ7PWewFKPbuwQtyXbR0IjQOWli8GZb66VGcdj+SpYd0Lsh,13.886279702801057,17.788821210194477,15.820452977337052
1345800,oJXXVhFJaulRsMKo8iZ7PWewFKPbuwQtyXbR0IjQOWli8GZb66VGcdj+SpYd0Lsh,14.55775114710598,20.902034637536488,18.49469605954575
1346100,oJXXVhFJaulRsMKo8iZ7PWewFKPbuwQtyXbR0IjQOWli8GZb66VGcdj+SpYd0Lsh,14.034063670613143,17.648259618996946,15.867904391287734
1346400,oJXXVhFJaulRsMKo8iZ7PWewFKPbuwQtyXbR0IjQOWli8GZb66VGcdj+SpYd0Lsh,13.961781321355824,17.52984387554845,16.064073182434544
1346700,oJXXVhFJaulRsMKo8iZ7PWewFKPbuwQtyXbR0IjQOWli8GZb66VGcdj+SpYd0Lsh,13.84730017150532,17.52141543426994,15.885419296923802
1347000,oJXXVhFJaulRsMKo8iZ7PWewFKPbuwQtyXbR0IjQOWli8GZb66VGcdj+SpYd0Lsh,13.85128403693406,17.559494563529185,16.083636526628904
1347300,oJXXVhFJaulRsMKo8iZ7PWewFKPbuwQtyXbR0IjQOWli8GZb66VGcdj+SpYd0Lsh,13.93497546459072,17.488955665324934,15.750593923545436
1347600,oJXXVhFJaulRsMKo8iZ7PWewFKPbuwQtyXbR0IjQOWli8GZb66VGcdj+SpYd0Lsh,13.999748003297393,17.939129236514894,16.039318322603272
1347900,oJXXVhFJaulRsMKo8iZ7PWewFKPbuwQtyXbR0IjQOWli8GZb66VGcdj+SpYd0Lsh,14.098143122332432,17.57413180821406,15.90255860134263
1348200,oJXXVhFJaulRsMKo8iZ7PWewFKPbuwQtyXbR0IjQOWli8GZb66VGcdj+SpYd0Lsh,13.828008778925303,17.28777551790843,16.094371603149394
1348500,oJXXVhFJaulRsMKo8iZ7PWewFKPbuwQtyXbR0IjQOWli8GZb66VGcdj+SpYd0Lsh,14.005417955944482,17.290499151738768,15.944566717540182
1348800,oJXXVhFJaulRsMKo8iZ7PWewFKPbuwQtyXbR0IjQOWli8GZb66VGcdj+SpYd0Lsh,14.053925579525687,17.604365855012972,16.186946786052264
1349100,oJXXVhFJaulRsMKo8iZ7PWewFKPbuwQtyXbR0IjQOWli8GZb66VGcdj+SpYd0Lsh,13.715894021633364,17.55842321568168,15.837321803950353
1349400,oJXXVhFJaulRsMKo8iZ7PWewFKPbuwQtyXbR0IjQOWli8GZb66VGcdj+SpYd0Lsh,13.930093349387692,20.59485096910793,16.726281273939904
1349700,oJXXVhFJaulRsMKo8iZ7PWewFKPbuwQtyXbR0IjQOWli8GZb66VGcdj+SpYd0Lsh,14.185332430978134,20.708106583758045,17.66884303799028
1350000,oJXXVhFJaulRsMKo8iZ7PWewFKPbuwQtyXbR0IjQOWli8GZb66VGcdj+SpYd0Lsh,13.698086225746906,41.854316784884155,18.55277435988565
1350300,oJXXVhFJaulRsMKo8iZ7PWewFKPbuwQtyXbR0IjQOWli8GZb66VGcdj+SpYd0Lsh,13.887994857848897,75.6019076493486,24.370188893446368
1350600,oJXXVhFJaulRsMKo8iZ7PWewFKPbuwQtyXbR0IjQOWli8GZb66VGcdj+SpYd0Lsh,13.991090779786896,17.612796650434902,15.831300686103871
1350900,oJXXVhFJaulRsMKo8iZ7PWewFKPbuwQtyXbR0IjQOWli8GZb66VGcdj+SpYd0Lsh,13.970474360178583,20.45575131155708,16.26486679470928
1351200,oJXXVhFJaulRsMKo8iZ7PWewFKPbuwQtyXbR0IjQOWli8GZb66VGcdj+SpYd0Lsh,14.025865259095436,18.194243035168515,15.83406226611263
1351500,oJXXVhFJaulRsMKo8iZ7PWewFKPbuwQtyXbR0IjQOWli8GZb66VGcdj+SpYd0Lsh,14.057777076474972,20.228410355354065,16.163415083409586
1351800,oJXXVhFJaulRsMKo8iZ7PWewFKPbuwQtyXbR0IjQOWli8GZb66VGcdj+SpYd0Lsh,13.87558162427364,17.878331946681243,15.936480711612171
1352100,oJXXVhFJaulRsMKo8iZ7PWewFKPbuwQtyXbR0IjQOWli8GZb66VGcdj+SpYd0Lsh,13.933747461341476,20.31839063647759,16.081388546782676
1352400,oJXXVhFJaulRsMKo8iZ7PWewFKPbuwQtyXbR0IjQOWli8GZb66VGcdj+SpYd0Lsh,13.936777218891876,17.50126481243511,15.83941757902898
1352700,oJXXVhFJaulRsMKo8iZ7PWewFKPbuwQtyXbR0IjQOWli8GZb66VGcdj+SpYd0Lsh,13.788035795033656,20.27851349338441,16.111159977948333
1353000,oJXXVhFJaulRsMKo8iZ7PWewFKPbuwQtyXbR0IjQOWli8GZb66VGcdj+SpYd0Lsh,14.184997432815605,17.718819994726875,15.969177392689817
1353300,oJXXVhFJaulRsMKo8iZ7PWewFKPbuwQtyXbR0IjQOWli8GZb66VGcdj+SpYd0Lsh,14.921933464458666,20.679653788121275,17.79893709749877
1353600,oJXXVhFJaulRsMKo8iZ7PWewFKPbuwQtyXbR0IjQOWli8GZb66VGcdj+SpYd0Lsh,13.845909969971151,21.02996653991886,16.843582199212616
1353900,oJXXVhFJaulRsMKo8iZ7PWewFKPbuwQtyXbR0IjQOWli8GZb66VGcdj+SpYd0Lsh,13.854194586365267,20.242370129123415,16.18722382631689
1354200,oJXXVhFJaulRsMKo8iZ7PWewFKPbuwQtyXbR0IjQOWli8GZb66VGcdj+SpYd0Lsh,14.271487756934832,17.21786134086125,15.906018316391028
1354500,oJXXVhFJaulRsMKo8iZ7PWewFKPbuwQtyXbR0IjQOWli8GZb66VGcdj+SpYd0Lsh,14.15788472626186,20.339919282369955,16.728519288440385
1354800,oJXXVhFJaulRsMKo8iZ7PWewFKPbuwQtyXbR0IjQOWli8GZb66VGcdj+SpYd0Lsh,14.068014456896869,17.707561282478522,15.894918348472295
1355100,oJXXVhFJaulRsMKo8iZ7PWewFKPbuwQtyXbR0IjQOWli8GZb66VGcdj+SpYd0Lsh,16.8956138563111,22.77847147017116,19.84677760063221
1355400,oJXXVhFJaulRsMKo8iZ7PWewFKPbuwQtyXbR0IjQOWli8GZb66VGcdj+SpYd0Lsh,16.354081500075154,24.926835989168566,20.92290684086577
1355700,oJXXVhFJaulRsMKo8iZ7PWewFKPbuwQtyXbR0IjQOWli8GZb66VGcdj+SpYd0Lsh,14.203143337593934,17.794043670850638,16.21905423696121
1356000,oJXXVhFJaulRsMKo8iZ7PWewFKPbuwQtyXbR0IjQOWli8GZb66VGcdj+SpYd0Lsh,14.06338808622568,17.682656455902123,15.943511656454994
1356300,oJXXVhFJaulRsMKo8iZ7PWewFKPbuwQtyXbR0IjQOWli8GZb66VGcdj+SpYd0Lsh,14.096539053538493,17.473067333010935,16.06174274793581
1356600,oJXXVhFJaulRsMKo8iZ7PWewFKPbuwQtyXbR0IjQOWli8GZb66VGcdj+SpYd0Lsh,14.118513102903808,17.692667890584506,15.959970977663009
1356900,oJXXVhFJaulRsMKo8iZ7PWewFKPbuwQtyXbR0IjQOWli8GZb66VGcdj+SpYd0Lsh,14.08595269949455,17.53944345581658,16.151120209903446
1357200,oJXXVhFJaulRsMKo8iZ7PWewFKPbuwQtyXbR0IjQOWli8GZb66VGcdj+SpYd0Lsh,14.21754200029716,20.849701795207068,18.28573719922785
1357500,oJXXVhFJaulRsMKo8iZ7PWewFKPbuwQtyXbR0IjQOWli8GZb66VGcdj+SpYd0Lsh,13.9433209361125,17.437423733997885,16.08356643340363
1357800,oJXXVhFJaulRsMKo8iZ7PWewFKPbuwQtyXbR0IjQOWli8GZb66VGcdj+SpYd0Lsh,14.08638991184658,17.54711875320488,15.913261956127382
1358100,oJXXVhFJaulRsMKo8iZ7PWewFKPbuwQtyXbR0IjQOWli8GZb66VGcdj+SpYd0Lsh,13.961252634872489,17.633302852891344,16.6050751865795
1358400,oJXXVhFJaulRsMKo8iZ7PWewFKPbuwQtyXbR0IjQOWli8GZb66VGcdj+SpYd0Lsh,14.069256975154657,18.18236060707489,15.948498533879093
1358700,oJXXVhFJaulRsMKo8iZ7PWewFKPbuwQtyXbR0IjQOWli8GZb66VGcdj+SpYd0Lsh,14.127736696628451,17.538203217133645,16.161162080050463
1359000,oJXXVhFJaulRsMKo8iZ7PWewFKPbuwQtyXbR0IjQOWli8GZb66VGcdj+SpYd0Lsh,14.124023949879222,17.732938067287815,15.89070965124955
1359300,oJXXVhFJaulRsMKo8iZ7PWewFKPbuwQtyXbR0IjQOWli8GZb66VGcdj+SpYd0Lsh,13.811588346750373,20.43439232696515,16.14679554943821
1359600,oJXXVhFJaulRsMKo8iZ7PWewFKPbuwQtyXbR0IjQOWli8GZb66VGcdj+SpYd0Lsh,14.10521096572047,17.36733280032366,15.827887654347736
1359900,oJXXVhFJaulRsMKo8iZ7PWewFKPbuwQtyXbR0IjQOWli8GZb66VGcdj+SpYd0Lsh,14.024967571638806,20.08483218588276,16.055877593536913
1360200,oJXXVhFJaulRsMKo8iZ7PWewFKPbuwQtyXbR0IjQOWli8GZb66VGcdj+SpYd0Lsh,14.208108821988205,17.482637024843495,15.862005557585787
1360500,oJXXVhFJaulRsMKo8iZ7PWewFKPbuwQtyXbR0IjQOWli8GZb66VGcdj+SpYd0Lsh,13.821249339050722,19.921846526416516,16.128441173432105
1360800,oJXXVhFJaulRsMKo8iZ7PWewFKPbuwQtyXbR0IjQOWli8GZb66VGcdj+SpYd0Lsh,13.958731435082765,17.530077003633927,15.87326903537152
1361100,oJXXVhFJaulRsMKo8iZ7PWewFKPbuwQtyXbR0IjQOWli8GZb66VGcdj+SpYd0Lsh,14.405653208030104,23.21063750371615,18.55259982727391
1361400,oJXXVhFJaulRsMKo8iZ7PWewFKPbuwQtyXbR0IjQOWli8GZb66VGcdj+SpYd0Lsh,13.881522253541236,17.59212961813026,15.825197013775206
1361700,oJXXVhFJaulRsMKo8iZ7PWewFKPbuwQtyXbR0IjQOWli8GZb66VGcdj+SpYd0Lsh,13.904492106946575,19.649953894742364,16.093350165270415
1362000,oJXXVhFJaulRsMKo8iZ7PWewFKPbuwQtyXbR0IjQOWli8GZb66VGcdj+SpYd0Lsh,13.847900845298028,21.52833865412239,16.247578038835552
1362300,oJXXVhFJaulRsMKo8iZ7PWewFKPbuwQtyXbR0IjQOWli8GZb66VGcdj+SpYd0Lsh,14.124742960512672,19.890293989593257,16.36663121533035
1362600,oJXXVhFJaulRsMKo8iZ7PWewFKPbuwQtyXbR0IjQOWli8GZb66VGcdj+SpYd0Lsh,13.909327158086258,17.5977604200434,15.818648207252906
1362900,oJXXVhFJaulRsMKo8iZ7PWewFKPbuwQtyXbR0IjQOWli8GZb66VGcdj+SpYd0Lsh,13.746588923632366,19.57025528684547,16.00610483749241
1363200,oJXXVhFJaulRsMKo8iZ7PWewFKPbuwQtyXbR0IjQOWli8GZb66VGcdj+SpYd0Lsh,14.113762405480571,17.632535349861072,15.837036349226276
1363500,oJXXVhFJaulRsMKo8iZ7PWewFKPbuwQtyXbR0IjQOWli8GZb66VGcdj+SpYd0Lsh,13.784655908915118,17.969739678176396,15.995592393337905
1363800,oJXXVhFJaulRsMKo8iZ7PWewFKPbuwQtyXbR0IjQOWli8GZb66VGcdj+SpYd0Lsh,14.261634686761386,17.748928358087515,15.891056872607624
1364100,oJXXVhFJaulRsMKo8iZ7PWewFKPbuwQtyXbR0IjQOWli8GZb66VGcdj+SpYd0Lsh,14.054857663646748,18.057070638257542,16.09124045610454
1364400,oJXXVhFJaulRsMKo8iZ7PWewFKPbuwQtyXbR0IjQOWli8GZb66VGcdj+SpYd0Lsh,14.0654621527082,17.68940704648698,15.994899989103896
1364700,oJXXVhFJaulRsMKo8iZ7PWewFKPbuwQtyXbR0IjQOWli8GZb66VGcdj+SpYd0Lsh,13.855289602933404,36.73618026758445,19.048281317890183
1365000,oJXXVhFJaulRsMKo8iZ7PWewFKPbuwQtyXbR0IjQOWli8GZb66VGcdj+SpYd0Lsh,16.67885113000713,20.6605693567962,18.90101677477376
1365300,oJXXVhFJaulRsMKo8iZ7PWewFKPbuwQtyXbR0IjQOWli8GZb66VGcdj+SpYd0Lsh,13.71113980287133,21.01974872244395,16.523036294670288
1365600,oJXXVhFJaulRsMKo8iZ7PWewFKPbuwQtyXbR0IjQOWli8GZb66VGcdj+SpYd0Lsh,12.86125945271566,19.59920290835125,16.151298668343536
1365900,oJXXVhFJaulRsMKo8iZ7PWewFKPbuwQtyXbR0IjQOWli8GZb66VGcdj+SpYd0Lsh,12.216264548039907,19.243489804437967,16.09081241471121
1366200,oJXXVhFJaulRsMKo8iZ7PWewFKPbuwQtyXbR0IjQOWli8GZb66VGcdj+SpYd0Lsh,11.402010939600553,19.939014440354164,15.77570450446167
1366500,oJXXVhFJaulRsMKo8iZ7PWewFKPbuwQtyXbR0IjQOWli8GZb66VGcdj+SpYd0Lsh,10.702624883846834,20.581174550782865,16.63890245868044
1366800,oJXXVhFJaulRsMKo8iZ7PWewFKPbuwQtyXbR0IjQOWli8GZb66VGcdj+SpYd0Lsh,9.944705065146058,21.305948225675085,15.731477578352504
1367100,oJXXVhFJaulRsMKo8iZ7PWewFKPbuwQtyXbR0IjQOWli8GZb66VGcdj+SpYd0Lsh,9.15840577572136,24.572652993556375,16.00490468385108
1367400,oJXXVhFJaulRsMKo8iZ7PWewFKPbuwQtyXbR0IjQOWli8GZb66VGcdj+SpYd0Lsh,8.449672636179676,22.78855770160184,15.827531498466662
1367700,oJXXVhFJaulRsMKo8iZ7PWewFKPbuwQtyXbR0IjQOWli8GZb66VGcdj+SpYd0Lsh,7.72186224621094,26.13313439501916,16.077698403357758
1368000,oJXXVhFJaulRsMKo8iZ7PWewFKPbuwQtyXbR0IjQOWli8GZb66VGcdj+SpYd0Lsh,6.940249946498839,24.17274220086725,15.751350980935348
1368300,oJXXVhFJaulRsMKo8iZ7PWewFKPbuwQtyXbR0IjQOWli8GZb66VGcdj+SpYd0Lsh,6.246556901703519,27.569788089002415,16.10708173184194
1368600,oJXXVhFJaulRsMKo8iZ7PWewFKPbuwQtyXbR0IjQOWli8GZb66VGcdj+SpYd0Lsh,5.519949770711669,26.107757519323453,15.900512933416232
1368900,oJXXVhFJaulRsMKo8iZ7PWewFKPbuwQtyXbR0IjQOWli8GZb66VGcdj+SpYd0Lsh,4.90220166185831,31.61683928170979,18.312272495225567
1369200,oJXXVhFJaulRsMKo8iZ7PWewFKPbuwQtyXbR0IjQOWli8GZb66VGcdj+SpYd0Lsh,3.920048261279895,27.53274629133823,16.183499702380335
1369500,oJXXVhFJaulRsMKo8iZ7PWewFKPbuwQtyXbR0IjQOWli8GZb66VGcdj+SpYd0Lsh,3.660078129022299,30.27593550928748,16.1054671580506
1369800,oJXXVhFJaulRsMKo8iZ7PWewFKPbuwQtyXbR0IjQOWli8GZb66VGcdj+SpYd0Lsh,2.693158002583524,28.738298259751502,15.782597539164016
1370100,oJXXVhFJaulRsMKo8iZ7PWewFKPbuwQtyXbR0IjQOWli8GZb66VGcdj+SpYd0Lsh,2.6012793878174283,31.392902610403457,14.68615306793822
1370400,oJXXVhFJaulRsMKo8iZ7PWewFKPbuwQtyXbR0IjQOWli8GZb66VGcdj+SpYd0Lsh,2.2952020148274963,29.326285308667977,15.866310027266184
1370700,oJXXVhFJaulRsMKo8iZ7PWewFKPbuwQtyXbR0IjQOWli8GZb66VGcdj+SpYd0Lsh,2.3800180626475727,31.48402655385245,16.11395106188666
1371000,oJXXVhFJaulRsMKo8iZ7PWewFKPbuwQtyXbR0IjQOWli8GZb66VGcdj+SpYd0Lsh,2.712008030997448,29.217552224784814,15.928662412220476
1371300,oJXXVhFJaulRsMKo8iZ7PWewFKPbuwQtyXbR0IjQOWli8GZb66VGcdj+SpYd0Lsh,2.6015661425423486,29.125579169098145,16.144535235390162
1371600,oJXXVhFJaulRsMKo8iZ7PWewFKPbuwQtyXbR0IjQOWli8GZb66VGcdj+SpYd0Lsh,2.2970831578582507,29.107523208570345,15.803433013354704
1371900,oJXXVhFJaulRsMKo8iZ7PWewFKPbuwQtyXbR0IjQOWli8GZb66VGcdj+SpYd0Lsh,2.343688442570148,29.09158365474943,16.090371721850516
1372200,oJXXVhFJaulRsMKo8iZ7PWewFKPbuwQtyXbR0IjQOWli8GZb66VGcdj+SpYd0Lsh,2.32944691570711,28.919980689446767,15.86144648800644
1372500,oJXXVhFJaulRsMKo8iZ7PWewFKPbuwQtyXbR0IjQOWli8GZb66VGcdj+SpYd0Lsh,2.7373568805649287,31.574187901428857,16.83707711936893
1372800,oJXXVhFJaulRsMKo8iZ7PWewFKPbuwQtyXbR0IjQOWli8GZb66VGcdj+SpYd0Lsh,2.118284770063044,32.323434487054605,17.33517181242627
1373100,oJXXVhFJaulRsMKo8iZ7PWewFKPbuwQtyXbR0IjQOWli8GZb66VGcdj+SpYd0Lsh,2.602796375447069,29.38695030502653,16.19394927716113
1373400,oJXXVhFJaulRsMKo8iZ7PWewFKPbuwQtyXbR0IjQOWli8GZb66VGcdj+SpYd0Lsh,2.4183528173237767,29.30561673737881,15.877385560983184
1373700,oJXXVhFJaulRsMKo8iZ7PWewFKPbuwQtyXbR0IjQOWli8GZb66VGcdj+SpYd0Lsh,2.397368839538338,29.436570698379334,16.12714524952474
1374000,oJXXVhFJaulRsMKo8iZ7PWewFKPbuwQtyXbR0IjQOWli8GZb66VGcdj+SpYd0Lsh,2.192881612261272,29.444635723703865,15.842782931261494
1374300,oJXXVhFJaulRsMKo8iZ7PWewFKPbuwQtyXbR0IjQOWli8GZb66VGcdj+SpYd0Lsh,2.436022157555737,29.43239996509076,14.956495693865095
1374600,oJXXVhFJaulRsMKo8iZ7PWewFKPbuwQtyXbR0IjQOWli8GZb66VGcdj+SpYd0Lsh,2.6740792544635408,29.48769316822624,15.890504317651086
1374900,oJXXVhFJaulRsMKo8iZ7PWewFKPbuwQtyXbR0IjQOWli8GZb66VGcdj+SpYd0Lsh,2.428310989967203,29.643820375682456,16.16584194134652
1375200,oJXXVhFJaulRsMKo8iZ7PWewFKPbuwQtyXbR0IjQOWli8GZb66VGcdj+SpYd0Lsh,2.2235180192378445,29.4356577945525,15.86819137988779
1375500,oJXXVhFJaulRsMKo8iZ7PWewFKPbuwQtyXbR0IjQOWli8GZb66VGcdj+SpYd0Lsh,2.529758916912983,31.164572019432303,16.161421684355723
1375800,oJXXVhFJaulRsMKo8iZ7PWewFKPbuwQtyXbR0IjQOWli8GZb66VGcdj+SpYd0Lsh,2.352826974173016,29.6024550382791,15.937701382364247
1376100,oJXXVhFJaulRsMKo8iZ7PWewFKPbuwQtyXbR0IjQOWli8GZb66VGcdj+SpYd0Lsh,2.1172909680468006,31.636427993473863,16.04885247090058
1376400,oJXXVhFJaulRsMKo8iZ7PWewFKPbuwQtyXbR0IjQOWli8GZb66VGcdj+SpYd0Lsh,2.745550525041904,32.76650511033243,18.039641741087337
1376700,oJXXVhFJaulRsMKo8iZ7PWewFKPbuwQtyXbR0IjQOWli8GZb66VGcdj+SpYd0Lsh,2.207338835082587,32.792740723100934,16.512996284328217
1377000,oJXXVhFJaulRsMKo8iZ7PWewFKPbuwQtyXbR0IjQOWli8GZb66VGcdj+SpYd0Lsh,2.201652836980478,29.433868796244493,15.919426010562734
1377300,oJXXVhFJaulRsMKo8iZ7PWewFKPbuwQtyXbR0IjQOWli8GZb66VGcdj+SpYd0Lsh,2.6005882789456414,31.93701335361988,16.239805727546575
1377600,oJXXVhFJaulRsMKo8iZ7PWewFKPbuwQtyXbR0IjQOWli8GZb66VGcdj+SpYd0Lsh,2.403024965403504,29.613674802717743,15.955429502958314
1377900,oJXXVhFJaulRsMKo8iZ7PWewFKPbuwQtyXbR0IjQOWli8GZb66VGcdj+SpYd0Lsh,2.47514012251137,31.79183677798833,17.699621662526983
1378200,oJXXVhFJaulRsMKo8iZ7PWewFKPbuwQtyXbR0IjQOWli8GZb66VGcdj+SpYd0Lsh,2.5853349657193183,29.522936966229725,15.961484378920693
1378500,oJXXVhFJaulRsMKo8iZ7PWewFKPbuwQtyXbR0IjQOWli8GZb66VGcdj+SpYd0Lsh,2.1588964454061808,31.64045503871928,16.10902876687555
1378800,oJXXVhFJaulRsMKo8iZ7PWewFKPbuwQtyXbR0IjQOWli8GZb66VGcdj+SpYd0Lsh,2.252739977382701,33.054806766437906,18.93758438335687
1379100,oJXXVhFJaulRsMKo8iZ7PWewFKPbuwQtyXbR0IjQOWli8GZb66VGcdj+SpYd0Lsh,2.4098282202198105,84.58139271319955,22.80573160952572
1379400,oJXXVhFJaulRsMKo8iZ7PWewFKPbuwQtyXbR0IjQOWli8GZb66VGcdj+SpYd0Lsh,2.3753889350938526,29.663069917987904,16.09734498372467
1379700,oJXXVhFJaulRsMKo8iZ7PWewFKPbuwQtyXbR0IjQOWli8GZb66VGcdj+SpYd0Lsh,2.1377656722745213,29.389695696658197,16.20496716804506
1380000,oJXXVhFJaulRsMKo8iZ7PWewFKPbuwQtyXbR0IjQOWli8GZb66VGcdj+SpYd0Lsh,2.4896065383675454,32.08954393948815,16.39656458955226
1380300,oJXXVhFJaulRsMKo8iZ7PWewFKPbuwQtyXbR0IjQOWli8GZb66VGcdj+SpYd0Lsh,2.8419124808538,31.85677255262249,18.62514305451645
1380600,oJXXVhFJaulRsMKo8iZ7PWewFKPbuwQtyXbR0IjQOWli8GZb66VGcdj+SpYd0Lsh,2.1263722138137187,28.996845255542308,15.788827323472486
1380900,oJXXVhFJaulRsMKo8iZ7PWewFKPbuwQtyXbR0IjQOWli8GZb66VGcdj+SpYd0Lsh,2.18584689597844,29.07025758897784,16.07428140372408
1381200,oJXXVhFJaulRsMKo8iZ7PWewFKPbuwQtyXbR0IjQOWli8GZb66VGcdj+SpYd0Lsh,2.4407966916408443,29.38891000193036,15.87515061184196
1381500,oJXXVhFJaulRsMKo8iZ7PWewFKPbuwQtyXbR0IjQOWli8GZb66VGcdj+SpYd0Lsh,2.1338557906738504,29.047151141637407,16.078074555869026
1381800,oJXXVhFJaulRsMKo8iZ7PWewFKPbuwQtyXbR0IjQOWli8GZb66VGcdj+SpYd0Lsh,2.5288416572120167,28.95056486525417,15.896272113159178
1382100,oJXXVhFJaulRsMKo8iZ7PWewFKPbuwQtyXbR0IjQOWli8GZb66VGcdj+SpYd0Lsh,2.301329591272701,29.05367415687819,17.334001495889662
1382400,oJXXVhFJaulRsMKo8iZ7PWewFKPbuwQtyXbR0IjQOWli8GZb66VGcdj+SpYd0Lsh,2.4978567155958284,29.23594118590987,15.833292780391448
1382700,oJXXVhFJaulRsMKo8iZ7PWewFKPbuwQtyXbR0IjQOWli8GZb66VGcdj+SpYd0Lsh,2.464402836223453,29.507620751210688,16.2838481813946
1383000,oJXXVhFJaulRsMKo8iZ7PWewFKPbuwQtyXbR0IjQOWli8GZb66VGcdj+SpYd0Lsh,2.2175307818971346,29.06338821629928,15.891475035874024
1383300,oJXXVhFJaulRsMKo8iZ7PWewFKPbuwQtyXbR0IjQOWli8GZb66VGcdj+SpYd0Lsh,2.222823485688154,29.063862909560868,16.057250643912397
1383600,oJXXVhFJaulRsMKo8iZ7PWewFKPbuwQtyXbR0IjQOWli8GZb66VGcdj+SpYd0Lsh,2.337066774341348,29.167971536008952,16.249793904742724
1383900,oJXXVhFJaulRsMKo8iZ7PWewFKPbuwQtyXbR0IjQOWli8GZb66VGcdj+SpYd0Lsh,2.2871314238468607,33.7206698466782,16.88014950545233
1384200,oJXXVhFJaulRsMKo8iZ7PWewFKPbuwQtyXbR0IjQOWli8GZb66VGcdj+SpYd0Lsh,2.3855644779661325,32.07882879403944,18.115404561129104
1384500,oJXXVhFJaulRsMKo8iZ7PWewFKPbuwQtyXbR0IjQOWli8GZb66VGcdj+SpYd0Lsh,8.020367156451638,36.116025206285066,21.24961222485492
1384800,oJXXVhFJaulRsMKo8iZ7PWewFKPbuwQtyXbR0IjQOWli8GZb66VGcdj+SpYd0Lsh,2.593030347326084,35.86430418054161,18.74495834284499
1385100,oJXXVhFJaulRsMKo8iZ7PWewFKPbuwQtyXbR0IjQOWli8GZb66VGcdj+SpYd0Lsh,2.1349335280399773,30.504976716554175,15.974279903611444
1385400,oJXXVhFJaulRsMKo8iZ7PWewFKPbuwQtyXbR0IjQOWli8GZb66VGcdj+SpYd0Lsh,2.4547518409631373,29.038267350621823,15.91818328640217
1385700,oJXXVhFJaulRsMKo8iZ7PWewFKPbuwQtyXbR0IjQOWli8GZb66VGcdj+SpYd0Lsh,2.2233005079762984,28.870304103280063,14.32481047406656
1386000,oJXXVhFJaulRsMKo8iZ7PWewFKPbuwQtyXbR0IjQOWli8GZb66VGcdj+SpYd0Lsh,2.244177066612693,29.115785525175507,15.898426920934774
1386300,oJXXVhFJaulRsMKo8iZ7PWewFKPbuwQtyXbR0IjQOWli8GZb66VGcdj+SpYd0Lsh,2.2941660754352418,31.45049520016433,16.067766822349153
1386600,oJXXVhFJaulRsMKo8iZ7PWewFKPbuwQtyXbR0IjQOWli8GZb66VGcdj+SpYd0Lsh,2.2862596634237904,29.11998101021279,15.855659234819283
1386900,oJXXVhFJaulRsMKo8iZ7PWewFKPbuwQtyXbR0IjQOWli8GZb66VGcdj+SpYd0Lsh,2.276385731634353,31.661852655702567,16.067088759018677
1387200,oJXXVhFJaulRsMKo8iZ7PWewFKPbuwQtyXbR0IjQOWli8GZb66VGcdj+SpYd0Lsh,2.561579861685843,32.33014394892719,16.264146122072788
1387500,oJXXVhFJaulRsMKo8iZ7PWewFKPbuwQtyXbR0IjQOWli8GZb66VGcdj+SpYd0Lsh,2.169875461510651,31.442887918858755,16.100541219126644
1387800,oJXXVhFJaulRsMKo8iZ7PWewFKPbuwQtyXbR0IjQOWli8GZb66VGcdj+SpYd0Lsh,2.701506756021648,31.789871018179632,17.404604480925208
1388100,oJXXVhFJaulRsMKo8iZ7PWewFKPbuwQtyXbR0IjQOWli8GZb66VGcdj+SpYd0Lsh,5.711572752099988,31.89776411788193,18.957051139893736
1388400,oJXXVhFJaulRsMKo8iZ7PWewFKPbuwQtyXbR0IjQOWli8GZb66VGcdj+SpYd0Lsh,2.2718354855471055,29.23969878251191,15.925830501540704
1388700,oJXXVhFJaulRsMKo8iZ7PWewFKPbuwQtyXbR0IjQOWli8GZb66VGcdj+SpYd0Lsh,2.0603099312140825,29.07198135908544,16.07758835170175
1389000,oJXXVhFJaulRsMKo8iZ7PWewFKPbuwQtyXbR0IjQOWli8GZb66VGcdj+SpYd0Lsh,2.6763251701108435,28.950918278242145,15.894211138255251
1389300,oJXXVhFJaulRsMKo8iZ7PWewFKPbuwQtyXbR0IjQOWli8GZb66VGcdj+SpYd0Lsh,2.0902343912877615,29.175496028819676,16.102027444469194
1389600,oJXXVhFJaulRsMKo8iZ7PWewFKPbuwQtyXbR0IjQOWli8GZb66VGcdj+SpYd0Lsh,2.171489212754428,29.48254377486926,15.815884763754584
1389900,oJXXVhFJaulRsMKo8iZ7PWewFKPbuwQtyXbR0IjQOWli8GZb66VGcdj+SpYd0Lsh,2.3241007118032995,29.348386291963887,14.777470239969556
1390200,oJXXVhFJaulRsMKo8iZ7PWewFKPbuwQtyXbR0IjQOWli8GZb66VGcdj+SpYd0Lsh,2.512881676281328,29.374318969521934,15.956309283814086
1390500,oJXXVhFJaulRsMKo8iZ7PWewFKPbuwQtyXbR0IjQOWli8GZb66VGcdj+SpYd0Lsh,2.2404889995048456,29.17561147266048,16.084958090939725
1390800,oJXXVhFJaulRsMKo8iZ7PWewFKPbuwQtyXbR0IjQOWli8GZb66VGcdj+SpYd0Lsh,2.585794840458558,31.421509279100164,16.256220912998188
1391100,oJXXVhFJaulRsMKo8iZ7PWewFKPbuwQtyXbR0IjQOWli8GZb66VGcdj+SpYd0Lsh,2.2462135812754944,29.588219974007515,16.21510906759474
1391400,oJXXVhFJaulRsMKo8iZ7PWewFKPbuwQtyXbR0IjQOWli8GZb66VGcdj+SpYd0Lsh,2.2602182973034632,29.318567130496312,15.832547523450357
1391700,oJXXVhFJaulRsMKo8iZ7PWewFKPbuwQtyXbR0IjQOWli8GZb66VGcdj+SpYd0Lsh,2.3788313710011204,29.34229881341112,16.350468274308835
1392000,oJXXVhFJaulRsMKo8iZ7PWewFKPbuwQtyXbR0IjQOWli8GZb66VGcdj+SpYd0Lsh,2.480661504361366,31.93936509807557,17.867498376346028
1392300,oJXXVhFJaulRsMKo8iZ7PWewFKPbuwQtyXbR0IjQOWli8GZb66VGcdj+SpYd0Lsh,2.261772201354311,29.233760367478084,15.903030782288996
1392600,oJXXVhFJaulRsMKo8iZ7PWewFKPbuwQtyXbR0IjQOWli8GZb66VGcdj+SpYd0Lsh,2.557147847411536,41.4607104274869,17.330927517847474
1392900,oJXXVhFJaulRsMKo8iZ7PWewFKPbuwQtyXbR0IjQOWli8GZb66VGcdj+SpYd0Lsh,2.1150615334827227,29.612575294233284,15.858649319435028
1393200,oJXXVhFJaulRsMKo8iZ7PWewFKPbuwQtyXbR0IjQOWli8GZb66VGcdj+SpYd0Lsh,2.1605032563155326,31.997588682520025,16.101073052447372
1393500,oJXXVhFJaulRsMKo8iZ7PWewFKPbuwQtyXbR0IjQOWli8GZb66VGcdj+SpYd0Lsh,2.241347962803483,29.290799753377392,15.805217653295344
1393800,oJXXVhFJaulRsMKo8iZ7PWewFKPbuwQtyXbR0IjQOWli8GZb66VGcdj+SpYd0Lsh,2.402885257116566,31.91131337632181,16.119398444464373
1394100,oJXXVhFJaulRsMKo8iZ7PWewFKPbuwQtyXbR0IjQOWli8GZb66VGcdj+SpYd0Lsh,2.218520516844273,29.59517382964443,17.356547542598804
1394400,oJXXVhFJaulRsMKo8iZ7PWewFKPbuwQtyXbR0IjQOWli8GZb66VGcdj+SpYd0Lsh,2.546921541814842,32.14673286537334,16.535662930358896
1394700,oJXXVhFJaulRsMKo8iZ7PWewFKPbuwQtyXbR0IjQOWli8GZb66VGcdj+SpYd0Lsh,2.283232436616848,29.393028856831176,15.845200673652412
1395000,oJXXVhFJaulRsMKo8iZ7PWewFKPbuwQtyXbR0IjQOWli8GZb66VGcdj+SpYd0Lsh,2.3304912423333684,32.102078849837234,16.136229790830757
1395300,oJXXVhFJaulRsMKo8iZ7PWewFKPbuwQtyXbR0IjQOWli8GZb66VGcdj+SpYd0Lsh,2.276437732297015,29.19789269717751,15.868818987639632
1395600,oJXXVhFJaulRsMKo8iZ7PWewFKPbuwQtyXbR0IjQOWli8GZb66VGcdj+SpYd0Lsh,2.392543902168946,31.799443017856326,17.487539323770555
1395900,oJXXVhFJaulRsMKo8iZ7PWewFKPbuwQtyXbR0IjQOWli8GZb66VGcdj+SpYd0Lsh,2.444613632650241,31.79368716160404,16.553294441195703
1396200,oJXXVhFJaulRsMKo8iZ7PWewFKPbuwQtyXbR0IjQOWli8GZb66VGcdj+SpYd0Lsh,2.4988487752717186,31.01687302136089,16.399019975772944
1396500,oJXXVhFJaulRsMKo8iZ7PWewFKPbuwQtyXbR0IjQOWli8GZb66VGcdj+SpYd0Lsh,2.554695895787692,29.125127529987445,16.527548275935178
1396800,oJXXVhFJaulRsMKo8iZ7PWewFKPbuwQtyXbR0IjQOWli8GZb66VGcdj+SpYd0Lsh,2.472070058293442,40.05938412128002,19.7864977657286
1397100,oJXXVhFJaulRsMKo8iZ7PWewFKPbuwQtyXbR0IjQOWli8GZb66VGcdj+SpYd0Lsh,2.940589479166165,28.850643897255775,15.930380240037136
1397400,oJXXVhFJaulRsMKo8iZ7PWewFKPbuwQtyXbR0IjQOWli8GZb66VGcdj+SpYd0Lsh,4.075911768079846,28.114279422719523,16.277963805016356
1397700,oJXXVhFJaulRsMKo8iZ7PWewFKPbuwQtyXbR0IjQOWli8GZb66VGcdj+SpYd0Lsh,4.109412430970242,27.922273554086978,16.097870502901117
1398000,oJXXVhFJaulRsMKo8iZ7PWewFKPbuwQtyXbR0IjQOWli8GZb66VGcdj+SpYd0Lsh,5.339465208034963,28.7173339043996,16.59366677479685
1398300,oJXXVhFJaulRsMKo8iZ7PWewFKPbuwQtyXbR0IjQOWli8GZb66VGcdj+SpYd0Lsh,6.466979792613571,26.03323701100255,17.224984043767062
1398600,oJXXVhFJaulRsMKo8iZ7PWewFKPbuwQtyXbR0IjQOWli8GZb66VGcdj+SpYd0Lsh,6.979729716398294,25.747193152010656,16.33721989142072
1398900,oJXXVhFJaulRsMKo8iZ7PWewFKPbuwQtyXbR0IjQOWli8GZb66VGcdj+SpYd0Lsh,6.929725302574057,26.94772220908408,16.286774738462505
1399200,oJXXVhFJaulRsMKo8iZ7PWewFKPbuwQtyXbR0IjQOWli8GZb66VGcdj+SpYd0Lsh,8.21251924892945,35.84254881463558,17.76308351834301
1399500,oJXXVhFJaulRsMKo8iZ7PWewFKPbuwQtyXbR0IjQOWli8GZb66VGcdj+SpYd0Lsh,8.739534018505065,26.036077794884065,18.189582066769788
1399800,oJXXVhFJaulRsMKo8iZ7PWewFKPbuwQtyXbR0IjQOWli8GZb66VGcdj+SpYd0Lsh,9.565041392317081,22.90189601148262,16.278683425333433
1400100,oJXXVhFJaulRsMKo8iZ7PWewFKPbuwQtyXbR0IjQOWli8GZb66VGcdj+SpYd0Lsh,9.378346698408162,21.89734865664879,15.95738839494694
1400400,oJXXVhFJaulRsMKo8iZ7PWewFKPbuwQtyXbR0IjQOWli8GZb66VGcdj+SpYd0Lsh,10.553976663942274,21.50235743393759,16.09919822402964
1400700,oJXXVhFJaulRsMKo8iZ7PWewFKPbuwQtyXbR0IjQOWli8GZb66VGcdj+SpYd0Lsh,10.953074352765547,20.71351871841887,15.870703885254295
1401000,oJXXVhFJaulRsMKo8iZ7PWewFKPbuwQtyXbR0IjQOWli8GZb66VGcdj+SpYd0Lsh,12.161188548008017,21.81801082567383,16.18957176001146
1401300,oJXXVhFJaulRsMKo8iZ7PWewFKPbuwQtyXbR0IjQOWli8GZb66VGcdj+SpYd0Lsh,12.57221714158606,18.838765877306404,15.827321070449624
1401600,oJXXVhFJaulRsMKo8iZ7PWewFKPbuwQtyXbR0IjQOWli8GZb66VGcdj+SpYd0Lsh,13.291786351360544,20.578571954996665,16.54874472015894
1401900,oJXXVhFJaulRsMKo8iZ7PWewFKPbuwQtyXbR0IjQOWli8GZb66VGcdj+SpYd0Lsh,14.18877175344462,17.152051814981675,15.852144069748622
1402200,oJXXVhFJaulRsMKo8iZ7PWewFKPbuwQtyXbR0IjQOWli8GZb66VGcdj+SpYd0Lsh,14.93703634395368,19.074971930615284,16.087217946441147
1402500,oJXXVhFJaulRsMKo8iZ7PWewFKPbuwQtyXbR0IjQOWli8GZb66VGcdj+SpYd0Lsh,15.005885779914133,17.003712666138664,15.840495362208276
1402800,oJXXVhFJaulRsMKo8iZ7PWewFKPbuwQtyXbR0IjQOWli8GZb66VGcdj+SpYd0Lsh,14.625763384067351,17.743464885991298,16.116135481542347
1403100,oJXXVhFJaulRsMKo8iZ7PWewFKPbuwQtyXbR0IjQOWli8GZb66VGcdj+SpYd0Lsh,14.38630211026578,20.078947037780008,16.473390738319956
1403400,oJXXVhFJaulRsMKo8iZ7PWewFKPbuwQtyXbR0IjQOWli8GZb66VGcdj+SpYd0Lsh,14.678535766540945,21.626982152622396,17.80583573230379
1403700,oJXXVhFJaulRsMKo8iZ7PWewFKPbuwQtyXbR0IjQOWli8GZb66VGcdj+SpYd0Lsh,14.667761173604118,17.78478647860244,15.886969934253656
1404000,oJXXVhFJaulRsMKo8iZ7PWewFKPbuwQtyXbR0IjQOWli8GZb66VGcdj+SpYd0Lsh,14.417787608334857,17.984839664031426,16.141649427971455
1404300,oJXXVhFJaulRsMKo8iZ7PWewFKPbuwQtyXbR0IjQOWli8GZb66VGcdj+SpYd0Lsh,14.360189371886715,17.914086081667698,15.979153630749506
1404600,oJXXVhFJaulRsMKo8iZ7PWewFKPbuwQtyXbR0IjQOWli8GZb66VGcdj+SpYd0Lsh,14.486477544929857,18.110480088949004,16.028351552178915
1404900,oJXXVhFJaulRsMKo8iZ7PWewFKPbuwQtyXbR0IjQOWli8GZb66VGcdj+SpYd0Lsh,14.316188873305975,17.832443543931536,15.765266936349285
1405200,oJXXVhFJaulRsMKo8iZ7PWewFKPbuwQtyXbR0IjQOWli8GZb66VGcdj+SpYd0Lsh,14.321623555183733,20.48030853096636,16.194028327875337
1405500,oJXXVhFJaulRsMKo8iZ7PWewFKPbuwQtyXbR0IjQOWli8GZb66VGcdj+SpYd0Lsh,14.723594315982632,17.73537196538276,15.924698299651482
1405800,oJXXVhFJaulRsMKo8iZ7PWewFKPbuwQtyXbR0IjQOWli8GZb66VGcdj+SpYd0Lsh,14.381927614578135,20.59878225665784,16.126220187543765
1406100,oJXXVhFJaulRsMKo8iZ7PWewFKPbuwQtyXbR0IjQOWli8GZb66VGcdj+SpYd0Lsh,14.330179749418456,17.978412090564298,15.862676775202688
1406400,oJXXVhFJaulRsMKo8iZ7PWewFKPbuwQtyXbR0IjQOWli8GZb66VGcdj+SpYd0Lsh,14.452207945412498,20.60622712821136,16.3549136108921
1406700,oJXXVhFJaulRsMKo8iZ7PWewFKPbuwQtyXbR0IjQOWli8GZb66VGcdj+SpYd0Lsh,14.43823987859058,17.746920686980612,15.81006501457157
1407000,oJXXVhFJaulRsMKo8iZ7PWewFKPbuwQtyXbR0IjQOWli8GZb66VGcdj+SpYd0Lsh,14.694396367265828,20.64274000988873,17.993337474224468
1407300,oJXXVhFJaulRsMKo8iZ7PWewFKPbuwQtyXbR0IjQOWli8GZb66VGcdj+SpYd0Lsh,14.594296154159768,18.423354824614293,16.28171419424252
1407600,oJXXVhFJaulRsMKo8iZ7PWewFKPbuwQtyXbR0IjQOWli8GZb66VGcdj+SpYd0Lsh,14.433185424147029,33.53749039900141,17.78763344744875
1407900,oJXXVhFJaulRsMKo8iZ7PWewFKPbuwQtyXbR0IjQOWli8GZb66VGcdj+SpYd0Lsh,14.762261808985835,66.17165313992022,26.03486343387949
1408200,oJXXVhFJaulRsMKo8iZ7PWewFKPbuwQtyXbR0IjQOWli8GZb66VGcdj+SpYd0Lsh,14.376251073388982,20.775315512371968,16.162568185157394
1408500,oJXXVhFJaulRsMKo8iZ7PWewFKPbuwQtyXbR0IjQOWli8GZb66VGcdj+SpYd0Lsh,14.272936335141686,17.954098421430047,15.836799147193732
1408800,oJXXVhFJaulRsMKo8iZ7PWewFKPbuwQtyXbR0IjQOWli8GZb66VGcdj+SpYd0Lsh,14.411560136948076,21.53484742724912,16.5912582819496
1409100,oJXXVhFJaulRsMKo8iZ7PWewFKPbuwQtyXbR0IjQOWli8GZb66VGcdj+SpYd0Lsh,14.478707222740848,17.767158435698903,15.78779343902614
1409400,oJXXVhFJaulRsMKo8iZ7PWewFKPbuwQtyXbR0IjQOWli8GZb66VGcdj+SpYd0Lsh,14.338325220891594,17.698423724727267,16.075374085618424
1409700,oJXXVhFJaulRsMKo8iZ7PWewFKPbuwQtyXbR0IjQOWli8GZb66VGcdj+SpYd0Lsh,14.528442070423583,18.05506335029344,15.952711280516432
1410000,oJXXVhFJaulRsMKo8iZ7PWewFKPbuwQtyXbR0IjQOWli8GZb66VGcdj+SpYd0Lsh,14.403166922828904,17.730890871841293,16.10780566406891
1410300,oJXXVhFJaulRsMKo8iZ7PWewFKPbuwQtyXbR0IjQOWli8GZb66VGcdj+SpYd0Lsh,14.53366602527079,17.698738791554405,15.84283247974121
1410600,oJXXVhFJaulRsMKo8iZ7PWewFKPbuwQtyXbR0IjQOWli8GZb66VGcdj+SpYd0Lsh,14.594512734760093,17.58973373855477,16.38571560993237
1410900,oJXXVhFJaulRsMKo8iZ7PWewFKPbuwQtyXbR0IjQOWli8GZb66VGcdj+SpYd0Lsh,14.765829353562893,20.558910349692475,18.117767173644427
1411200,oJXXVhFJaulRsMKo8iZ7PWewFKPbuwQtyXbR0IjQOWli8GZb66VGcdj+SpYd0Lsh,14.412480267216043,17.805577641124174,16.117337593591014
1411500,oJXXVhFJaulRsMKo8iZ7PWewFKPbuwQtyXbR0IjQOWli8GZb66VGcdj+SpYd0Lsh,14.235280405199354,18.19199220374559,15.928162352053784
1411800,oJXXVhFJaulRsMKo8iZ7PWewFKPbuwQtyXbR0IjQOWli8GZb66VGcdj+SpYd0Lsh,14.371358888417156,18.80531837173892,16.133259811602997
1412100,oJXXVhFJaulRsMKo8iZ7PWewFKPbuwQtyXbR0IjQOWli8GZb66VGcdj+SpYd0Lsh,14.329902110768638,17.59034575577577,15.839292104330534
1412400,oJXXVhFJaulRsMKo8iZ7PWewFKPbuwQtyXbR0IjQOWli8GZb66VGcdj+SpYd0Lsh,14.432711372944128,18.765529833120446,16.463592137610036
1412700,oJXXVhFJaulRsMKo8iZ7PWewFKPbuwQtyXbR0IjQOWli8GZb66VGcdj+SpYd0Lsh,14.42476557648202,17.650659986182397,15.871241185827383
1413000,oJXXVhFJaulRsMKo8iZ7PWewFKPbuwQtyXbR0IjQOWli8GZb66VGcdj+SpYd0Lsh,14.430514444410235,17.778850938565085,16.06186438009553
1413300,oJXXVhFJaulRsMKo8iZ7PWewFKPbuwQtyXbR0IjQOWli8GZb66VGcdj+SpYd0Lsh,14.413618345749624,17.826697695968438,15.823010908108673
1413600,oJXXVhFJaulRsMKo8iZ7PWewFKPbuwQtyXbR0IjQOWli8GZb66VGcdj+SpYd0Lsh,14.401483079201036,26.06514908893389,18.887269581176547
1413900,oJXXVhFJaulRsMKo8iZ7PWewFKPbuwQtyXbR0IjQOWli8GZb66VGcdj+SpYd0Lsh,19.424667591838524,23.13436100791355,20.975940893727696
1414200,oJXXVhFJaulRsMKo8iZ7PWewFKPbuwQtyXbR0IjQOWli8GZb66VGcdj+SpYd0Lsh,14.427728234692282,22.62006808942515,17.064146255630384
1414500,oJXXVhFJaulRsMKo8iZ7PWewFKPbuwQtyXbR0IjQOWli8GZb66VGcdj+SpYd0Lsh,14.55026057018123,20.13483832781705,16.830095662875934
1414800,oJXXVhFJaulRsMKo8iZ7PWewFKPbuwQtyXbR0IjQOWli8GZb66VGcdj+SpYd0Lsh,14.317937396238396,21.12290498239579,17.413938032452656
1415100,oJXXVhFJaulRsMKo8iZ7PWewFKPbuwQtyXbR0IjQOWli8GZb66VGcdj+SpYd0Lsh,14.493546738398704,17.865413948680622,15.945314616401845
1415400,oJXXVhFJaulRsMKo8iZ7PWewFKPbuwQtyXbR0IjQOWli8GZb66VGcdj+SpYd0Lsh,14.32424048355576,19.396500741253284,16.170107049797164
1415700,oJXXVhFJaulRsMKo8iZ7PWewFKPbuwQtyXbR0IjQOWli8GZb66VGcdj+SpYd0Lsh,14.49413528509822,17.620620818625888,15.799100344694349
1416000,oJXXVhFJaulRsMKo8iZ7PWewFKPbuwQtyXbR0IjQOWli8GZb66VGcdj+SpYd0Lsh,14.510282594344163,19.261364084081144,16.46363681340148
1416300,oJXXVhFJaulRsMKo8iZ7PWewFKPbuwQtyXbR0IjQOWli8GZb66VGcdj+SpYd0Lsh,14.394310600523523,17.74270445944499,15.890989008092362
1416600,oJXXVhFJaulRsMKo8iZ7PWewFKPbuwQtyXbR0IjQOWli8GZb66VGcdj+SpYd0Lsh,14.272375284557448,19.3493156122516,16.039689324744923
1416900,oJXXVhFJaulRsMKo8iZ7PWewFKPbuwQtyXbR0IjQOWli8GZb66VGcdj+SpYd0Lsh,14.457961728534311,17.90020153944949,15.865856754300252
1417200,oJXXVhFJaulRsMKo8iZ7PWewFKPbuwQtyXbR0IjQOWli8GZb66VGcdj+SpYd0Lsh,14.473439350471113,19.3069471542041,16.124351121498577
1417500,oJXXVhFJaulRsMKo8iZ7PWewFKPbuwQtyXbR0IjQOWli8GZb66VGcdj+SpYd0Lsh,14.339674866605934,17.697976476701403,15.802116132427257
1417800,oJXXVhFJaulRsMKo8iZ7PWewFKPbuwQtyXbR0IjQOWli8GZb66VGcdj+SpYd0Lsh,14.396685525032966,17.62102528518977,16.167245796457745
1418100,oJXXVhFJaulRsMKo8iZ7PWewFKPbuwQtyXbR0IjQOWli8GZb66VGcdj+SpYd0Lsh,14.45034015134525,17.74981370255737,15.808283018294231
1418400,oJXXVhFJaulRsMKo8iZ7PWewFKPbuwQtyXbR0IjQOWli8GZb66VGcdj+SpYd0Lsh,14.406392801730066,20.42819524395222,18.2290932790485
1418700,oJXXVhFJaulRsMKo8iZ7PWewFKPbuwQtyXbR0IjQOWli8GZb66VGcdj+SpYd0Lsh,14.658332725972167,17.805215617069138,16.20998475637568
1419000,oJXXVhFJaulRsMKo8iZ7PWewFKPbuwQtyXbR0IjQOWli8GZb66VGcdj+SpYd0Lsh,14.592617911190134,17.865967896781747,16.217079110386333
1419300,oJXXVhFJaulRsMKo8iZ7PWewFKPbuwQtyXbR0IjQOWli8GZb66VGcdj+SpYd0Lsh,14.31939470347649,17.761908670287138,15.839292252764649
1419600,oJXXVhFJaulRsMKo8iZ7PWewFKPbuwQtyXbR0IjQOWli8GZb66VGcdj+SpYd0Lsh,14.49444852137816,20.45648993075328,16.45770428105692
1419900,oJXXVhFJaulRsMKo8iZ7PWewFKPbuwQtyXbR0IjQOWli8GZb66VGcdj+SpYd0Lsh,14.630334125192256,17.76646624071765,15.928419912112982
1420200,oJXXVhFJaulRsMKo8iZ7PWewFKPbuwQtyXbR0IjQOWli8GZb66VGcdj+SpYd0Lsh,14.442314284016174,17.821179681709516,16.099962464116878
1420500,oJXXVhFJaulRsMKo8iZ7PWewFKPbuwQtyXbR0IjQOWli8GZb66VGcdj+SpYd0Lsh,14.288334996565077,17.905643938246115,15.816332918721598
1420800,oJXXVhFJaulRsMKo8iZ7PWewFKPbuwQtyXbR0IjQOWli8GZb66VGcdj+SpYd0Lsh,14.646476404993312,17.87872650762382,16.186313656832578
1421100,oJXXVhFJaulRsMKo8iZ7PWewFKPbuwQtyXbR0IjQOWli8GZb66VGcdj+SpYd0Lsh,14.432372266277856,21.389826011486203,16.303467676461207
1421400,oJXXVhFJaulRsMKo8iZ7PWewFKPbuwQtyXbR0IjQOWli8GZb66VGcdj+SpYd0Lsh,14.682307581827995,17.820154489370964,16.226618263900573
1421700,oJXXVhFJaulRsMKo8iZ7PWewFKPbuwQtyXbR0IjQOWli8GZb66VGcdj+SpYd0Lsh,14.52540804831774,18.916623431136504,16.35845497228887
1422000,oJXXVhFJaulRsMKo8iZ7PWewFKPbuwQtyXbR0IjQOWli8GZb66VGcdj+SpYd0Lsh,14.214610931404795,19.559337598744865,16.249291293567772
1422300,oJXXVhFJaulRsMKo8iZ7PWewFKPbuwQtyXbR0IjQOWli8GZb66VGcdj+SpYd0Lsh,17.400244089359973,20.73755464873383,18.845408076056287
1422600,oJXXVhFJaulRsMKo8iZ7PWewFKPbuwQtyXbR0IjQOWli8GZb66VGcdj+SpYd0Lsh,14.506433216161168,20.69089847541445,17.858459522985182
1422900,oJXXVhFJaulRsMKo8iZ7PWewFKPbuwQtyXbR0IjQOWli8GZb66VGcdj+SpYd0Lsh,14.218416590099675,17.745098329161365,15.78701470760382
1423200,oJXXVhFJaulRsMKo8iZ7PWewFKPbuwQtyXbR0IjQOWli8GZb66VGcdj+SpYd0Lsh,14.321135186163763,19.851770917886878,16.27399915013346
1423500,oJXXVhFJaulRsMKo8iZ7PWewFKPbuwQtyXbR0IjQOWli8GZb66VGcdj+SpYd0Lsh,14.329457202641532,17.60509833729815,16.079721550617393
1423800,oJXXVhFJaulRsMKo8iZ7PWewFKPbuwQtyXbR0IjQOWli8GZb66VGcdj+SpYd0Lsh,14.349642128400886,19.57534013234634,16.059939764156976
1424100,oJXXVhFJaulRsMKo8iZ7PWewFKPbuwQtyXbR0IjQOWli8GZb66VGcdj+SpYd0Lsh,14.305845074285102,17.683480798551813,15.874441966710911
1424400,oJXXVhFJaulRsMKo8iZ7PWewFKPbuwQtyXbR0IjQOWli8GZb66VGcdj+SpYd0Lsh,14.445149684437242,19.761158980411444,16.15890617438653
1424700,oJXXVhFJaulRsMKo8iZ7PWewFKPbuwQtyXbR0IjQOWli8GZb66VGcdj+SpYd0Lsh,14.450575802843684,17.69110583042295,15.75206122741575
1425000,oJXXVhFJaulRsMKo8iZ7PWewFKPbuwQtyXbR0IjQOWli8GZb66VGcdj+SpYd0Lsh,14.350128543136853,19.297070189738733,16.155574832402802
1425300,oJXXVhFJaulRsMKo8iZ7PWewFKPbuwQtyXbR0IjQOWli8GZb66VGcdj+SpYd0Lsh,14.363500553178255,20.95945749950415,16.131001970734495
1425600,oJXXVhFJaulRsMKo8iZ7PWewFKPbuwQtyXbR0IjQOWli8GZb66VGcdj+SpYd0Lsh,14.94114467444416,20.109946901401944,16.95672182923992
1425900,oJXXVhFJaulRsMKo8iZ7PWewFKPbuwQtyXbR0IjQOWli8GZb66VGcdj+SpYd0Lsh,14.500673619947252,17.683976196079136,15.918831035493907
1426200,oJXXVhFJaulRsMKo8iZ7PWewFKPbuwQtyXbR0IjQOWli8GZb66VGcdj+SpYd0Lsh,14.716557183972988,20.598385144629678,17.992448802093907
1426500,oJXXVhFJaulRsMKo8iZ7PWewFKPbuwQtyXbR0IjQOWli8GZb66VGcdj+SpYd0Lsh,14.274225073306926,20.36577275052985,16.551307450188435
1426800,oJXXVhFJaulRsMKo8iZ7PWewFKPbuwQtyXbR0IjQOWli8GZb66VGcdj+SpYd0Lsh,14.483615628601113,17.810767745614598,16.103799971576507
1427100,oJXXVhFJaulRsMKo8iZ7PWewFKPbuwQtyXbR0IjQOWli8GZb66VGcdj+SpYd0Lsh,14.652490140174072,18.480170480384057,16.299519071917576
1427400,oJXXVhFJaulRsMKo8iZ7PWewFKPbuwQtyXbR0IjQOWli8GZb66VGcdj+SpYd0Lsh,14.462809271008602,17.76381928381146,16.094165669708843
1427700,oJXXVhFJaulRsMKo8iZ7PWewFKPbuwQtyXbR0IjQOWli8GZb66VGcdj+SpYd0Lsh,14.374235904927591,17.819083539397244,15.827451636665035
1428000,oJXXVhFJaulRsMKo8iZ7PWewFKPbuwQtyXbR0IjQOWli8GZb66VGcdj+SpYd0Lsh,14.516859011063731,17.684843343415746,16.143708996332258
1428300,oJXXVhFJaulRsMKo8iZ7PWewFKPbuwQtyXbR0IjQOWli8GZb66VGcdj+SpYd0Lsh,14.439958899263912,17.951086673660303,15.826124828043197
1428600,oJXXVhFJaulRsMKo8iZ7PWewFKPbuwQtyXbR0IjQOWli8GZb66VGcdj+SpYd0Lsh,14.376295798603062,17.88893144297686,16.186840479584188
1428900,oJXXVhFJaulRsMKo8iZ7PWewFKPbuwQtyXbR0IjQOWli8GZb66VGcdj+SpYd0Lsh,14.41450071012548,17.867455849454014,15.838345403927338
1429200,oJXXVhFJaulRsMKo8iZ7PWewFKPbuwQtyXbR0IjQOWli8GZb66VGcdj+SpYd0Lsh,14.40450424980946,17.885299001949697,16.060674500077518
1429500,oJXXVhFJaulRsMKo8iZ7PWewFKPbuwQtyXbR0IjQOWli8GZb66VGcdj+SpYd0Lsh,14.354752537964206,17.669119934887547,15.843525743018464
1429800,oJXXVhFJaulRsMKo8iZ7PWewFKPbuwQtyXbR0IjQOWli8GZb66VGcdj+SpYd0Lsh,14.350129031956447,18.06319144083736,16.119840197641278
1430100,oJXXVhFJaulRsMKo8iZ7PWewFKPbuwQtyXbR0IjQOWli8GZb66VGcdj+SpYd0Lsh,14.691509170303586,20.70108334301316,17.86257031845549
1430400,oJXXVhFJaulRsMKo8iZ7PWewFKPbuwQtyXbR0IjQOWli8GZb66VGcdj+SpYd0Lsh,14.523587779114113,19.54954102873811,16.29910442569475
1430700,oJXXVhFJaulRsMKo8iZ7PWewFKPbuwQtyXbR0IjQOWli8GZb66VGcdj+SpYd0Lsh,14.526898155447892,20.370628132263224,16.262203161791813
1431000,oJXXVhFJaulRsMKo8iZ7PWewFKPbuwQtyXbR0IjQOWli8GZb66VGcdj+SpYd0Lsh,14.23765111822645,20.240614844292413,16.077510760261415
1431300,oJXXVhFJaulRsMKo8iZ7PWewFKPbuwQtyXbR0IjQOWli8GZb66VGcdj+SpYd0Lsh,14.420163697611615,17.847925999040264,15.839522934047675
1431600,oJXXVhFJaulRsMKo8iZ7PWewFKPbuwQtyXbR0IjQOWli8GZb66VGcdj+SpYd0Lsh,14.440732976507382,20.773004795229287,16.229541972523208
1431900,oJXXVhFJaulRsMKo8iZ7PWewFKPbuwQtyXbR0IjQOWli8GZb66VGcdj+SpYd0Lsh,14.282751568977408,18.00353429531381,15.792375246724932
1432200,oJXXVhFJaulRsMKo8iZ7PWewFKPbuwQtyXbR0IjQOWli8GZb66VGcdj+SpYd0Lsh,14.494106064690072,19.80583882961776,16.27772751279771
1432500,oJXXVhFJaulRsMKo8iZ7PWewFKPbuwQtyXbR0IjQOWli8GZb66VGcdj+SpYd0Lsh,14.48638766713938,17.966435164506265,15.853728815662327
1432800,oJXXVhFJaulRsMKo8iZ7PWewFKPbuwQtyXbR0IjQOWli8GZb66VGcdj+SpYd0Lsh,14.451976499817524,19.871637269636704,16.063173067038587
1433100,oJXXVhFJaulRsMKo8iZ7PWewFKPbuwQtyXbR0IjQOWli8GZb66VGcdj+SpYd0Lsh,14.335860221778916,17.7516032638027,15.883953011824383
1433400,oJXXVhFJaulRsMKo8iZ7PWewFKPbuwQtyXbR0IjQOWli8GZb66VGcdj+SpYd0Lsh,14.519316167215504,19.98234618893429,16.19141892586745
1433700,oJXXVhFJaulRsMKo8iZ7PWewFKPbuwQtyXbR0IjQOWli8GZb66VGcdj+SpYd0Lsh,14.437839045852458,19.920131223022825,16.58115400641806
1434000,oJXXVhFJaulRsMKo8iZ7PWewFKPbuwQtyXbR0IjQOWli8GZb66VGcdj+SpYd0Lsh,14.421933245185157,19.87485778989483,17.012745921544592
1434300,oJXXVhFJaulRsMKo8iZ7PWewFKPbuwQtyXbR0IjQOWli8GZb66VGcdj+SpYd0Lsh,14.561136018609252,18.45140227391083,16.290823158010305
1434600,oJXXVhFJaulRsMKo8iZ7PWewFKPbuwQtyXbR0IjQOWli8GZb66VGcdj+SpYd0Lsh,14.453175102634306,19.10270884124912,16.0281802971997
1434900,oJXXVhFJaulRsMKo8iZ7PWewFKPbuwQtyXbR0IjQOWli8GZb66VGcdj+SpYd0Lsh,14.320288641246824,17.8958492707196,16.06829939442911
1435200,oJXXVhFJaulRsMKo8iZ7PWewFKPbuwQtyXbR0IjQOWli8GZb66VGcdj+SpYd0Lsh,14.49887545460748,17.765204134184472,15.860560814658845
1435500,oJXXVhFJaulRsMKo8iZ7PWewFKPbuwQtyXbR0IjQOWli8GZb66VGcdj+SpYd0Lsh,14.389982266313728,18.215417426348388,16.15492400017257
1435800,oJXXVhFJaulRsMKo8iZ7PWewFKPbuwQtyXbR0IjQOWli8GZb66VGcdj+SpYd0Lsh,14.423845030519926,17.88627312146963,15.90958143250334
1436100,oJXXVhFJaulRsMKo8iZ7PWewFKPbuwQtyXbR0IjQOWli8GZb66VGcdj+SpYd0Lsh,14.750216987798758,17.99116562926471,16.06789047491858
1436400,oJXXVhFJaulRsMKo8iZ7PWewFKPbuwQtyXbR0IjQOWli8GZb66VGcdj+SpYd0Lsh,14.986186583246605,45.86666019270738,18.73858348529919
1436700,oJXXVhFJaulRsMKo8iZ7PWewFKPbuwQtyXbR0IjQOWli8GZb66VGcdj+SpYd0Lsh,13.52882799834561,83.65943694847654,23.279923904893195
1437000,oJXXVhFJaulRsMKo8iZ7PWewFKPbuwQtyXbR0IjQOWli8GZb66VGcdj+SpYd0Lsh,12.686686492991306,18.745150382865155,15.836468258514172
1437300,oJXXVhFJaulRsMKo8iZ7PWewFKPbuwQtyXbR0IjQOWli8GZb66VGcdj+SpYd0Lsh,11.864897102774917,21.97164377413992,16.04054837363278
1437600,oJXXVhFJaulRsMKo8iZ7PWewFKPbuwQtyXbR0IjQOWli8GZb66VGcdj+SpYd0Lsh,11.481639634764292,23.78643151927665,17.785976788382563
1437900,oJXXVhFJaulRsMKo8iZ7PWewFKPbuwQtyXbR0IjQOWli8GZb66VGcdj+SpYd0Lsh,10.395087966597822,26.0358337113661,16.83508207175908
1438200,oJXXVhFJaulRsMKo8iZ7PWewFKPbuwQtyXbR0IjQOWli8GZb66VGcdj+SpYd0Lsh,9.466075783410126,21.876605450663263,16.31608118061233
1438500,oJXXVhFJaulRsMKo8iZ7PWewFKPbuwQtyXbR0IjQOWli8GZb66VGcdj+SpYd0Lsh,8.752279209603854,25.27038272698877,16.065695485720962
1438800,oJXXVhFJaulRsMKo8iZ7PWewFKPbuwQtyXbR0IjQOWli8GZb66VGcdj+SpYd0Lsh,8.0547918014997,25.45349788472352,16.005287378764265
1439100,oJXXVhFJaulRsMKo8iZ7PWewFKPbuwQtyXbR0IjQOWli8GZb66VGcdj+SpYd0Lsh,7.064147868248336,26.147783164200742,16.978758212413105
1439400,oJXXVhFJaulRsMKo8iZ7PWewFKPbuwQtyXbR0IjQOWli8GZb66VGcdj+SpYd0Lsh,6.646376505876342,25.157866927831545,15.89622262071115
1439700,oJXXVhFJaulRsMKo8iZ7PWewFKPbuwQtyXbR0IjQOWli8GZb66VGcdj+SpYd0Lsh,5.983801628765179,25.74832681434405,16.2917403741573
1440000,oJXXVhFJaulRsMKo8iZ7PWewFKPbuwQtyXbR0IjQOWli8GZb66VGcdj+SpYd0Lsh,4.7088411191639485,26.539749496968405,15.846773555500588
1440300,oJXXVhFJaulRsMKo8iZ7PWewFKPbuwQtyXbR0IjQOWli8GZb66VGcdj+SpYd0Lsh,4.077032559178193,27.612498171373463,16.2259371339891
1440600,oJXXVhFJaulRsMKo8iZ7PWewFKPbuwQtyXbR0IjQOWli8GZb66VGcdj+SpYd0Lsh,3.540313223617229,28.053287178472,15.941306211953384
1440900,oJXXVhFJaulRsMKo8iZ7PWewFKPbuwQtyXbR0IjQOWli8GZb66VGcdj+SpYd0Lsh,2.6196415176403107,29.06667428464601,16.097237846325008
1441200,oJXXVhFJaulRsMKo8iZ7PWewFKPbuwQtyXbR0IjQOWli8GZb66VGcdj+SpYd0Lsh,2.084819911943005,30.63699045522908,16.003687094566295
1441500,oJXXVhFJaulRsMKo8iZ7PWewFKPbuwQtyXbR0IjQOWli8GZb66VGcdj+SpYd0Lsh,6.113859903905689,32.26896174624987,19.70257986143867
1441800,oJXXVhFJaulRsMKo8iZ7PWewFKPbuwQtyXbR0IjQOWli8GZb66VGcdj+SpYd0Lsh,2.544388890502807,32.33050596932313,16.02072708674506
1442100,oJXXVhFJaulRsMKo8iZ7PWewFKPbuwQtyXbR0IjQOWli8GZb66VGcdj+SpYd0Lsh,2.3612273539217394,29.21464634386419,16.14197026666043
1442400,oJXXVhFJaulRsMKo8iZ7PWewFKPbuwQtyXbR0IjQOWli8GZb66VGcdj+SpYd0Lsh,2.415634733583756,29.321910843428107,16.024171791094883
1442700,oJXXVhFJaulRsMKo8iZ7PWewFKPbuwQtyXbR0IjQOWli8GZb66VGcdj+SpYd0Lsh,2.3192468898632157,29.022051318234148,16.067144298127943
1443000,oJXXVhFJaulRsMKo8iZ7PWewFKPbuwQtyXbR0IjQOWli8GZb66VGcdj+SpYd0Lsh,8.708892346342253,33.474532147465425,20.8446028802109
1443300,oJXXVhFJaulRsMKo8iZ7PWewFKPbuwQtyXbR0IjQOWli8GZb66VGcdj+SpYd0Lsh,2.73512829133594,35.72052313637916,19.884906188794687
1443600,oJXXVhFJaulRsMKo8iZ7PWewFKPbuwQtyXbR0IjQOWli8GZb66VGcdj+SpYd0Lsh,2.3234678295968263,28.995881041292076,15.892483486667402
1443900,oJXXVhFJaulRsMKo8iZ7PWewFKPbuwQtyXbR0IjQOWli8GZb66VGcdj+SpYd0Lsh,2.466350725564036,32.15714338815494,16.1654847474503
1444200,oJXXVhFJaulRsMKo8iZ7PWewFKPbuwQtyXbR0IjQOWli8GZb66VGcdj+SpYd0Lsh,2.4185713730566407,29.20064519958368,15.891917154564007
1444500,oJXXVhFJaulRsMKo8iZ7PWewFKPbuwQtyXbR0IjQOWli8GZb66VGcdj+SpYd0Lsh,2.15084106429405,31.566798896843395,16.084443754099553
1444800,oJXXVhFJaulRsMKo8iZ7PWewFKPbuwQtyXbR0IjQOWli8GZb66VGcdj+SpYd0Lsh,2.1983265338572027,29.006845283410787,15.810707992691064
1445100,oJXXVhFJaulRsMKo8iZ7PWewFKPbuwQtyXbR0IjQOWli8GZb66VGcdj+SpYd0Lsh,2.4655876353205954,31.72047951824543,16.483407165071903
1445400,oJXXVhFJaulRsMKo8iZ7PWewFKPbuwQtyXbR0IjQOWli8GZb66VGcdj+SpYd0Lsh,2.7783775399931883,31.642068734510225,17.421662968029782
1445700,oJXXVhFJaulRsMKo8iZ7PWewFKPbuwQtyXbR0IjQOWli8GZb66VGcdj+SpYd0Lsh,2.183563510946439,32.0483599746496,16.648798632348004
1446000,oJXXVhFJaulRsMKo8iZ7PWewFKPbuwQtyXbR0IjQOWli8GZb66VGcdj+SpYd0Lsh,2.436556995695584,29.17013497465225,14.418524009617384
1446300,oJXXVhFJaulRsMKo8iZ7PWewFKPbuwQtyXbR0IjQOWli8GZb66VGcdj+SpYd0Lsh,2.3536580724048,31.843337830553608,16.063707915909216
1446600,oJXXVhFJaulRsMKo8iZ7PWewFKPbuwQtyXbR0IjQOWli8GZb66VGcdj+SpYd0Lsh,2.5456562411565327,29.099764513519148,15.887809675882108
1446900,oJXXVhFJaulRsMKo8iZ7PWewFKPbuwQtyXbR0IjQOWli8GZb66VGcdj+SpYd0Lsh,2.318422074809494,31.56411321615597,16.169098311265657
1447200,oJXXVhFJaulRsMKo8iZ7PWewFKPbuwQtyXbR0IjQOWli8GZb66VGcdj+SpYd0Lsh,2.223551151379072,29.283712973795296,15.825762853773098
1447500,oJXXVhFJaulRsMKo8iZ7PWewFKPbuwQtyXbR0IjQOWli8GZb66VGcdj+SpYd0Lsh,2.1801340414316632,29.907032144462327,16.217179761085422
1447800,oJXXVhFJaulRsMKo8iZ7PWewFKPbuwQtyXbR0IjQOWli8GZb66VGcdj+SpYd0Lsh,2.226659862415384,29.435216859879223,15.88116962135885
1448100,oJXXVhFJaulRsMKo8iZ7PWewFKPbuwQtyXbR0IjQOWli8GZb66VGcdj+SpYd0Lsh,2.22764173714746,29.0979090540063,16.10434696112953
1448400,oJXXVhFJaulRsMKo8iZ7PWewFKPbuwQtyXbR0IjQOWli8GZb66VGcdj+SpYd0Lsh,2.238673230664401,29.397250978767765,15.843478038145388
1448700,oJXXVhFJaulRsMKo8iZ7PWewFKPbuwQtyXbR0IjQOWli8GZb66VGcdj+SpYd0Lsh,2.1832642349163844,32.71466669672089,16.631144867884128
1449000,oJXXVhFJaulRsMKo8iZ7PWewFKPbuwQtyXbR0IjQOWli8GZb66VGcdj+SpYd0Lsh,2.1068228480524125,29.251133960243347,15.791649321224488
1449300,oJXXVhFJaulRsMKo8iZ7PWewFKPbuwQtyXbR0IjQOWli8GZb66VGcdj+SpYd0Lsh,2.879857969613552,32.339233167149665,18.06779605850832
1449600,oJXXVhFJaulRsMKo8iZ7PWewFKPbuwQtyXbR0IjQOWli8GZb66VGcdj+SpYd0Lsh,2.2915111002853354,29.16810460671192,17.33294147661562
1449900,oJXXVhFJaulRsMKo8iZ7PWewFKPbuwQtyXbR0IjQOWli8GZb66VGcdj+SpYd0Lsh,2.1634994020768734,29.30285672654144,16.033658142244104
1450200,oJXXVhFJaulRsMKo8iZ7PWewFKPbuwQtyXbR0IjQOWli8GZb66VGcdj+SpYd0Lsh,2.495930089253121,29.3725474171176,15.894826825884646
1450500,oJXXVhFJaulRsMKo8iZ7PWewFKPbuwQtyXbR0IjQOWli8GZb66VGcdj+SpYd0Lsh,2.220149680320947,29.217999234543,16.116300780095287
1450800,oJXXVhFJaulRsMKo8iZ7PWewFKPbuwQtyXbR0IjQOWli8GZb66VGcdj+SpYd0Lsh,2.213589819109234,29.189105990510487,15.786816102524664
1451100,oJXXVhFJaulRsMKo8iZ7PWewFKPbuwQtyXbR0IjQOWli8GZb66VGcdj+SpYd0Lsh,2.2844042169694587,35.80670003644342,18.16522630442661
1451400,oJXXVhFJaulRsMKo8iZ7PWewFKPbuwQtyXbR0IjQOWli8GZb66VGcdj+SpYd0Lsh,2.235399828827935,29.04394418513941,15.849675078951195
1451700,oJXXVhFJaulRsMKo8iZ7PWewFKPbuwQtyXbR0IjQOWli8GZb66VGcdj+SpYd0Lsh,2.2091877595094704,31.326431898638155,16.034719397935525
1452000,oJXXVhFJaulRsMKo8iZ7PWewFKPbuwQtyXbR0IjQOWli8GZb66VGcdj+SpYd0Lsh,2.241825627207172,29.78646495915709,15.888904369011629
1452300,oJXXVhFJaulRsMKo8iZ7PWewFKPbuwQtyXbR0IjQOWli8GZb66VGcdj+SpYd0Lsh,2.321642943326039,31.648368640515752,16.488201029371158
1452600,oJXXVhFJaulRsMKo8iZ7PWewFKPbuwQtyXbR0IjQOWli8GZb66VGcdj+SpYd0Lsh,2.214207437666655,29.130213196749757,15.854119884065094
1452900,oJXXVhFJaulRsMKo8iZ7PWewFKPbuwQtyXbR0IjQOWli8GZb66VGcdj+SpYd0Lsh,2.29759214828538,31.7476125730434,17.16769114147872
1453200,oJXXVhFJaulRsMKo8iZ7PWewFKPbuwQtyXbR0IjQOWli8GZb66VGcdj+SpYd0Lsh,2.369299734938388,31.617199451227695,16.785199963166676
1453500,oJXXVhFJaulRsMKo8iZ7PWewFKPbuwQtyXbR0IjQOWli8GZb66VGcdj+SpYd0Lsh,2.2096880001729904,31.5943278821288,16.065446137417254
1453800,oJXXVhFJaulRsMKo8iZ7PWewFKPbuwQtyXbR0IjQOWli8GZb66VGcdj+SpYd0Lsh,2.4699523366089227,29.06856829012719,17.39201106949099
1454100,oJXXVhFJaulRsMKo8iZ7PWewFKPbuwQtyXbR0IjQOWli8GZb66VGcdj+SpYd0Lsh,2.164270223415479,31.428626456293284,16.14743352927882
1454400,oJXXVhFJaulRsMKo8iZ7PWewFKPbuwQtyXbR0IjQOWli8GZb66VGcdj+SpYd0Lsh,2.1715437142056855,29.06366495630333,15.779339201979514
1454700,oJXXVhFJaulRsMKo8iZ7PWewFKPbuwQtyXbR0IjQOWli8GZb66VGcdj+SpYd0Lsh,2.187416100206669,31.793982015949727,16.227803370422908
1455000,oJXXVhFJaulRsMKo8iZ7PWewFKPbuwQtyXbR0IjQOWli8GZb66VGcdj+SpYd0Lsh,2.39931698856956,29.15082378316681,15.878606849154645
1455300,oJXXVhFJaulRsMKo8iZ7PWewFKPbuwQtyXbR0IjQOWli8GZb66VGcdj+SpYd0Lsh,2.24920703711672,31.470766013988168,16.12629156133337
1455600,oJXXVhFJaulRsMKo8iZ7PWewFKPbuwQtyXbR0IjQOWli8GZb66VGcdj+SpYd0Lsh,2.1706028790079355,29.26428478992337,15.856775568563528
1455900,oJXXVhFJaulRsMKo8iZ7PWewFKPbuwQtyXbR0IjQOWli8GZb66VGcdj+SpYd0Lsh,2.3964388744854586,30.818810483695195,16.587235445363543
1456200,oJXXVhFJaulRsMKo8iZ7PWewFKPbuwQtyXbR0IjQOWli8GZb66VGcdj+SpYd0Lsh,2.234313977484889,29.28014291239091,15.889744365605925
1456500,oJXXVhFJaulRsMKo8iZ7PWewFKPbuwQtyXbR0IjQOWli8GZb66VGcdj+SpYd0Lsh,2.1366094069593844,29.502954028926748,16.254256661802295
1456800,oJXXVhFJaulRsMKo8iZ7PWewFKPbuwQtyXbR0IjQOWli8GZb66VGcdj+SpYd0Lsh,2.408700170861601,31.890640171673777,17.86641590241602
1457100,oJXXVhFJaulRsMKo8iZ7PWewFKPbuwQtyXbR0IjQOWli8GZb66VGcdj+SpYd0Lsh,2.4580773099304034,29.0923259468744,16.068854196117638
1457400,oJXXVhFJaulRsMKo8iZ7PWewFKPbuwQtyXbR0IjQOWli8GZb66VGcdj+SpYd0Lsh,2.485772712232865,29.420639337653288,15.917436149002482
1457700,oJXXVhFJaulRsMKo8iZ7PWewFKPbuwQtyXbR0IjQOWli8GZb66VGcdj+SpYd0Lsh,2.0617582569046213,29.340564011804524,16.17348880846571
1458000,oJXXVhFJaulRsMKo8iZ7PWewFKPbuwQtyXbR0IjQOWli8GZb66VGcdj+SpYd0Lsh,2.118305950317712,29.124961534812343,14.422955265549504
1458300,oJXXVhFJaulRsMKo8iZ7PWewFKPbuwQtyXbR0IjQOWli8GZb66VGcdj+SpYd0Lsh,2.386333557024909,29.35554922241891,16.13052280119127
1458600,oJXXVhFJaulRsMKo8iZ7PWewFKPbuwQtyXbR0IjQOWli8GZb66VGcdj+SpYd0Lsh,2.4933696924985287,29.10766327105048,15.919555680512604
1458900,oJXXVhFJaulRsMKo8iZ7PWewFKPbuwQtyXbR0IjQOWli8GZb66VGcdj+SpYd0Lsh,2.104183297111503,29.427466606338918,16.039387996691715
1459200,oJXXVhFJaulRsMKo8iZ7PWewFKPbuwQtyXbR0IjQOWli8GZb66VGcdj+SpYd0Lsh,2.121137254450707,29.466763265513546,15.855618610991632
1459500,oJXXVhFJaulRsMKo8iZ7PWewFKPbuwQtyXbR0IjQOWli8GZb66VGcdj+SpYd0Lsh,2.249324503224427,32.60645870543948,16.4950770641604
1459800,oJXXVhFJaulRsMKo8iZ7PWewFKPbuwQtyXbR0IjQOWli8GZb66VGcdj+SpYd0Lsh,2.3030248367753887,29.23912500838741,15.86342503311312
1460100,oJXXVhFJaulRsMKo8iZ7PWewFKPbuwQtyXbR0IjQOWli8GZb66VGcdj+SpYd0Lsh,2.227505462797215,30.97483300446605,16.14491302793545
1460400,oJXXVhFJaulRsMKo8iZ7PWewFKPbuwQtyXbR0IjQOWli8GZb66VGcdj+SpYd0Lsh,2.9460249947445654,31.169635961044552,16.57015363985919
1460700,oJXXVhFJaulRsMKo8iZ7PWewFKPbuwQtyXbR0IjQOWli8GZb66VGcdj+SpYd0Lsh,3.1846301033032938,31.02108075530396,17.41330084816418
1461000,oJXXVhFJaulRsMKo8iZ7PWewFKPbuwQtyXbR0IjQOWli8GZb66VGcdj+SpYd0Lsh,3.987094802779023,27.94419890154199,15.940083292953917
1461300,oJXXVhFJaulRsMKo8iZ7PWewFKPbuwQtyXbR0IjQOWli8GZb66VGcdj+SpYd0Lsh,4.322552939397672,29.067002188096644,16.144911098426693
1461600,oJXXVhFJaulRsMKo8iZ7PWewFKPbuwQtyXbR0IjQOWli8GZb66VGcdj+SpYd0Lsh,5.399108955001193,26.323295834527055,15.888473605743584
1461900,oJXXVhFJaulRsMKo8iZ7PWewFKPbuwQtyXbR0IjQOWli8GZb66VGcdj+SpYd0Lsh,6.267776648603232,27.99727121074859,16.237585438146333
1462200,oJXXVhFJaulRsMKo8iZ7PWewFKPbuwQtyXbR0IjQOWli8GZb66VGcdj+SpYd0Lsh,7.538497378409756,24.113725034538763,15.10223544244351
1462500,oJXXVhFJaulRsMKo8iZ7PWewFKPbuwQtyXbR0IjQOWli8GZb66VGcdj+SpYd0Lsh,7.922917002829271,26.322071960176046,16.028310375582716
1462800,oJXXVhFJaulRsMKo8iZ7PWewFKPbuwQtyXbR0IjQOWli8GZb66VGcdj+SpYd0Lsh,8.81858910863031,22.759804690326312,15.842527440364544
1463100,oJXXVhFJaulRsMKo8iZ7PWewFKPbuwQtyXbR0IjQOWli8GZb66VGcdj+SpYd0Lsh,9.426694387290311,24.92793367355388,16.23671492415479
1463400,oJXXVhFJaulRsMKo8iZ7PWewFKPbuwQtyXbR0IjQOWli8GZb66VGcdj+SpYd0Lsh,10.12818690564605,21.476931483507528,16.05787204144043
1463700,oJXXVhFJaulRsMKo8iZ7PWewFKPbuwQtyXbR0IjQOWli8GZb66VGcdj+SpYd0Lsh,10.705231635842134,24.266760672636668,16.29706940069136
1464000,oJXXVhFJaulRsMKo8iZ7PWewFKPbuwQtyXbR0IjQOWli8GZb66VGcdj+SpYd0Lsh,11.707323480659104,22.43342152217394,16.291415067609446
1464300,oJXXVhFJaulRsMKo8iZ7PWewFKPbuwQtyXbR0IjQOWli8GZb66VGcdj+SpYd0Lsh,12.339189580558925,22.16132301343796,18.20664658482664
1464600,oJXXVhFJaulRsMKo8iZ7PWewFKPbuwQtyXbR0IjQOWli8GZb66VGcdj+SpYd0Lsh,13.053069803985323,18.9545352998116,16.031223120295305
1464900,oJXXVhFJaulRsMKo8iZ7PWewFKPbuwQtyXbR0IjQOWli8GZb66VGcdj+SpYd0Lsh,13.63592897202778,17.695557610060302,16.19572300143745
1465200,oJXXVhFJaulRsMKo8iZ7PWewFKPbuwQtyXbR0IjQOWli8GZb66VGcdj+SpYd0Lsh,13.99463767474499,33.74886269980957,17.774193060411886
1465500,oJXXVhFJaulRsMKo8iZ7PWewFKPbuwQtyXbR0IjQOWli8GZb66VGcdj+SpYd0Lsh,13.991154040601108,70.41569621491055,23.915881286310345
1465800,oJXXVhFJaulRsMKo8iZ7PWewFKPbuwQtyXbR0IjQOWli8GZb66VGcdj+SpYd0Lsh,14.151956245776288,17.797362037816598,16.12127460696433
1466100,oJXXVhFJaulRsMKo8iZ7PWewFKPbuwQtyXbR0IjQOWli8GZb66VGcdj+SpYd0Lsh,13.982745586536868,17.40373624836467,16.12933345669766
1466400,oJXXVhFJaulRsMKo8iZ7PWewFKPbuwQtyXbR0IjQOWli8GZb66VGcdj+SpYd0Lsh,14.037973086978376,17.672604217829967,15.808357710415526
1466700,oJXXVhFJaulRsMKo8iZ7PWewFKPbuwQtyXbR0IjQOWli8GZb66VGcdj+SpYd0Lsh,13.92378384164585,21.83361701096745,16.64283332639359
1467000,oJXXVhFJaulRsMKo8iZ7PWewFKPbuwQtyXbR0IjQOWli8GZb66VGcdj+SpYd0Lsh,13.835369674237675,17.521113252816736,15.804371027574271
1467300,oJXXVhFJaulRsMKo8iZ7PWewFKPbuwQtyXbR0IjQOWli8GZb66VGcdj+SpYd0Lsh,13.974140343841627,17.28897027769892,16.08206580386447
1467600,oJXXVhFJaulRsMKo8iZ7PWewFKPbuwQtyXbR0IjQOWli8GZb66VGcdj+SpYd0Lsh,14.201952244059733,17.70836811695596,15.902725006987971
1467900,oJXXVhFJaulRsMKo8iZ7PWewFKPbuwQtyXbR0IjQOWli8GZb66VGcdj+SpYd0Lsh,13.953236253690028,17.386423546205656,16.187680415237033
1468200,oJXXVhFJaulRsMKo8iZ7PWewFKPbuwQtyXbR0IjQOWli8GZb66VGcdj+SpYd0Lsh,14.39473959487992,21.080242688574696,17.971913070752727
1468500,oJXXVhFJaulRsMKo8iZ7PWewFKPbuwQtyXbR0IjQOWli8GZb66VGcdj+SpYd0Lsh,14.040292461711088,19.969881299038537,16.14658282425833
1468800,oJXXVhFJaulRsMKo8iZ7PWewFKPbuwQtyXbR0IjQOWli8GZb66VGcdj+SpYd0Lsh,14.1391737363068,17.592516599386563,15.812130453959574
1469100,oJXXVhFJaulRsMKo8iZ7PWewFKPbuwQtyXbR0IjQOWli8GZb66VGcdj+SpYd0Lsh,14.203938010362403,19.905161509389,16.31942387730448
1469400,oJXXVhFJaulRsMKo8iZ7PWewFKPbuwQtyXbR0IjQOWli8GZb66VGcdj+SpYd0Lsh,14.147158743783836,17.31921642105387,15.87486982822522
1469700,oJXXVhFJaulRsMKo8iZ7PWewFKPbuwQtyXbR0IjQOWli8GZb66VGcdj+SpYd0Lsh,13.89979156718024,20.17831823850741,16.115610042623043
1470000,oJXXVhFJaulRsMKo8iZ7PWewFKPbuwQtyXbR0IjQOWli8GZb66VGcdj+SpYd0Lsh,14.12884761792516,17.865122935869554,16.06704063882831
1470300,oJXXVhFJaulRsMKo8iZ7PWewFKPbuwQtyXbR0IjQOWli8GZb66VGcdj+SpYd0Lsh,14.017921578501891,21.361438870929213,16.577529184015905
1470600,oJXXVhFJaulRsMKo8iZ7PWewFKPbuwQtyXbR0IjQOWli8GZb66VGcdj+SpYd0Lsh,14.10211585988016,17.325799215509665,15.838811094789612
1470900,oJXXVhFJaulRsMKo8iZ7PWewFKPbuwQtyXbR0IjQOWli8GZb66VGcdj+SpYd0Lsh,14.005650939986673,19.974714641848188,16.078061699152556
1471200,oJXXVhFJaulRsMKo8iZ7PWewFKPbuwQtyXbR0IjQOWli8GZb66VGcdj+SpYd0Lsh,14.026158561300756,17.348654326330745,15.88162169276768
1471500,oJXXVhFJaulRsMKo8iZ7PWewFKPbuwQtyXbR0IjQOWli8GZb66VGcdj+SpYd0Lsh,14.081027967760203,19.669952074333647,16.037255950049286
1471800,oJXXVhFJaulRsMKo8iZ7PWewFKPbuwQtyXbR0IjQOWli8GZb66VGcdj+SpYd0Lsh,14.398162157581272,20.372388246994415,17.24584817760726
1472100,oJXXVhFJaulRsMKo8iZ7PWewFKPbuwQtyXbR0IjQOWli8GZb66VGcdj+SpYd0Lsh,14.388205109217358,24.83308314600625,18.52197042186182
1472400,oJXXVhFJaulRsMKo8iZ7PWewFKPbuwQtyXbR0IjQOWli8GZb66VGcdj+SpYd0Lsh,19.329417605556888,22.626466254481855,21.080276594857565
1472700,oJXXVhFJaulRsMKo8iZ7PWewFKPbuwQtyXbR0IjQOWli8GZb66VGcdj+SpYd0Lsh,14.209764476240512,24.020358767372603,17.789863160223884
1473000,oJXXVhFJaulRsMKo8iZ7PWewFKPbuwQtyXbR0IjQOWli8GZb66VGcdj+SpYd0Lsh,14.21520098615066,17.412626182461462,15.921818516706772
1473300,oJXXVhFJaulRsMKo8iZ7PWewFKPbuwQtyXbR0IjQOWli8GZb66VGcdj+SpYd0Lsh,13.810410109321143,17.97570284390023,16.06566437791998
1473600,oJXXVhFJaulRsMKo8iZ7PWewFKPbuwQtyXbR0IjQOWli8GZb66VGcdj+SpYd0Lsh,14.115710368883736,17.464577367297714,15.85525038992191
1473900,oJXXVhFJaulRsMKo8iZ7PWewFKPbuwQtyXbR0IjQOWli8GZb66VGcdj+SpYd0Lsh,14.021407141708703,21.097024496895248,16.43876866976486
1474200,oJXXVhFJaulRsMKo8iZ7PWewFKPbuwQtyXbR0IjQOWli8GZb66VGcdj+SpYd0Lsh,14.0675129207691,17.82754665808111,15.994317020374275
1474500,oJXXVhFJaulRsMKo8iZ7PWewFKPbuwQtyXbR0IjQOWli8GZb66VGcdj+SpYd0Lsh,13.784096870802454,17.761292041166364,16.12301711264458
1474800,oJXXVhFJaulRsMKo8iZ7PWewFKPbuwQtyXbR0IjQOWli8GZb66VGcdj+SpYd0Lsh,14.203161509947732,17.415487504576795,15.907741097985484
1475100,oJXXVhFJaulRsMKo8iZ7PWewFKPbuwQtyXbR0IjQOWli8GZb66VGcdj+SpYd0Lsh,13.987464585054736,17.18156201120909,16.01030990539888
1475400,oJXXVhFJaulRsMKo8iZ7PWewFKPbuwQtyXbR0IjQOWli8GZb66VGcdj+SpYd0Lsh,14.24659693271066,17.899117598572442,15.90675319615312
1475700,oJXXVhFJaulRsMKo8iZ7PWewFKPbuwQtyXbR0IjQOWli8GZb66VGcdj+SpYd0Lsh,13.87360951718684,20.787692221828117,18.122240457011408
1476000,oJXXVhFJaulRsMKo8iZ7PWewFKPbuwQtyXbR0IjQOWli8GZb66VGcdj+SpYd0Lsh,13.792810710456424,17.625392357117637,15.86490724443482
1476300,oJXXVhFJaulRsMKo8iZ7PWewFKPbuwQtyXbR0IjQOWli8GZb66VGcdj+SpYd0Lsh,13.923043883553524,27.800920852200264,17.57912773431364
1476600,oJXXVhFJaulRsMKo8iZ7PWewFKPbuwQtyXbR0IjQOWli8GZb66VGcdj+SpYd0Lsh,14.211204137973398,17.727858168985907,16.015488163831716
1476900,oJXXVhFJaulRsMKo8iZ7PWewFKPbuwQtyXbR0IjQOWli8GZb66VGcdj+SpYd0Lsh,13.89305382386788,17.808740007045067,15.87635192919371
1477200,oJXXVhFJaulRsMKo8iZ7PWewFKPbuwQtyXbR0IjQOWli8GZb66VGcdj+SpYd0Lsh,13.857462019580792,20.705353794572208,16.213000866651285
1477500,oJXXVhFJaulRsMKo8iZ7PWewFKPbuwQtyXbR0IjQOWli8GZb66VGcdj+SpYd0Lsh,13.998451432038184,18.63144524496748,16.255457164857596
1477800,oJXXVhFJaulRsMKo8iZ7PWewFKPbuwQtyXbR0IjQOWli8GZb66VGcdj+SpYd0Lsh,13.800146493692004,20.610777128419567,16.04443992643999
1478100,oJXXVhFJaulRsMKo8iZ7PWewFKPbuwQtyXbR0IjQOWli8GZb66VGcdj+SpYd0Lsh,13.94232850982048,17.50020710409514,15.781530109343958
1478400,oJXXVhFJaulRsMKo8iZ7PWewFKPbuwQtyXbR0IjQOWli8GZb66VGcdj+SpYd0Lsh,14.073532576945915,20.107432733211827,16.207396271359702
1478700,oJXXVhFJaulRsMKo8iZ7PWewFKPbuwQtyXbR0IjQOWli8GZb66VGcdj+SpYd0Lsh,13.852885795112376,17.78639484040677,15.826274269318787
1479000,oJXXVhFJaulRsMKo8iZ7PWewFKPbuwQtyXbR0IjQOWli8GZb66VGcdj+SpYd0Lsh,14.193433477679063,20.3017074358461,16.177826390979007
1479300,oJXXVhFJaulRsMKo8iZ7PWewFKPbuwQtyXbR0IjQOWli8GZb66VGcdj+SpYd0Lsh,13.977290755349705,20.578601300724408,16.531769928168814
1479600,oJXXVhFJaulRsMKo8iZ7PWewFKPbuwQtyXbR0IjQOWli8GZb66VGcdj+SpYd0Lsh,13.94738452238374,23.306647063166103,17.451950819164622
1479900,oJXXVhFJaulRsMKo8iZ7PWewFKPbuwQtyXbR0IjQOWli8GZb66VGcdj+SpYd0Lsh,13.95232858036024,17.448109113743875,15.775340809743874
1480200,oJXXVhFJaulRsMKo8iZ7PWewFKPbuwQtyXbR0IjQOWli8GZb66VGcdj+SpYd0Lsh,14.091814751011436,20.19509413435828,16.184818836061083
1480500,oJXXVhFJaulRsMKo8iZ7PWewFKPbuwQtyXbR0IjQOWli8GZb66VGcdj+SpYd0Lsh,13.935231701923705,17.66942653283852,15.847804621653731
1480800,oJXXVhFJaulRsMKo8iZ7PWewFKPbuwQtyXbR0IjQOWli8GZb66VGcdj+SpYd0Lsh,14.002735427216365,19.809957884616967,16.19160869479184
1481100,oJXXVhFJaulRsMKo8iZ7PWewFKPbuwQtyXbR0IjQOWli8GZb66VGcdj+SpYd0Lsh,14.05803949544496,17.397231689360545,16.147361739352554
1481400,oJXXVhFJaulRsMKo8iZ7PWewFKPbuwQtyXbR0IjQOWli8GZb66VGcdj+SpYd0Lsh,14.070302584212666,18.211708488536846,16.25048438864722
1481700,oJXXVhFJaulRsMKo8iZ7PWewFKPbuwQtyXbR0IjQOWli8GZb66VGcdj+SpYd0Lsh,13.949741576357766,17.62670313532475,15.8515862195466
1482000,oJXXVhFJaulRsMKo8iZ7PWewFKPbuwQtyXbR0IjQOWli8GZb66VGcdj+SpYd0Lsh,14.180800543066145,17.60571556424432,16.122171387861982
1482300,oJXXVhFJaulRsMKo8iZ7PWewFKPbuwQtyXbR0IjQOWli8GZb66VGcdj+SpYd0Lsh,13.983332517993162,17.45331763685938,15.94975147098
1482600,oJXXVhFJaulRsMKo8iZ7PWewFKPbuwQtyXbR0IjQOWli8GZb66VGcdj+SpYd0Lsh,14.369905317118947,17.660111522209558,16.393598985434853
1482900,oJXXVhFJaulRsMKo8iZ7PWewFKPbuwQtyXbR0IjQOWli8GZb66VGcdj+SpYd0Lsh,14.217253870958606,19.11178422148101,16.55128030972236
1483200,oJXXVhFJaulRsMKo8iZ7PWewFKPbuwQtyXbR0IjQOWli8GZb66VGcdj+SpYd0Lsh,16.272982833374375,41.5447030022103,21.703688341418967
1483500,oJXXVhFJaulRsMKo8iZ7PWewFKPbuwQtyXbR0IjQOWli8GZb66VGcdj+SpYd0Lsh,13.87478427234157,18.899548548770703,16.112085152014593
1483800,oJXXVhFJaulRsMKo8iZ7PWewFKPbuwQtyXbR0IjQOWli8GZb66VGcdj+SpYd0Lsh,14.142433776183717,18.289914656430923,16.274639491034367
1484100,oJXXVhFJaulRsMKo8iZ7PWewFKPbuwQtyXbR0IjQOWli8GZb66VGcdj+SpYd0Lsh,14.107008323009262,18.007543979854738,16.027129441204426
1484400,oJXXVhFJaulRsMKo8iZ7PWewFKPbuwQtyXbR0IjQOWli8GZb66VGcdj+SpYd0Lsh,14.162101225574196,19.134481689600555,16.355012846391475
1484700,oJXXVhFJaulRsMKo8iZ7PWewFKPbuwQtyXbR0IjQOWli8GZb66VGcdj+SpYd0Lsh,14.306125281830582,17.704710161841238,16.264268218560677
1485000,oJXXVhFJaulRsMKo8iZ7PWewFKPbuwQtyXbR0IjQOWli8GZb66VGcdj+SpYd0Lsh,13.873470360462338,21.518824936546626,16.756262192751578
1485300,oJXXVhFJaulRsMKo8iZ7PWewFKPbuwQtyXbR0IjQOWli8GZb66VGcdj+SpYd0Lsh,13.883439315094076,19.348796496470023,16.11706421678504
1485600,oJXXVhFJaulRsMKo8iZ7PWewFKPbuwQtyXbR0IjQOWli8GZb66VGcdj+SpYd0Lsh,14.132121669555705,29.428046223393657,18.043062027142525
1485900,oJXXVhFJaulRsMKo8iZ7PWewFKPbuwQtyXbR0IjQOWli8GZb66VGcdj+SpYd0Lsh,13.842498693304227,18.032500637868644,16.13570394858486
1486200,oJXXVhFJaulRsMKo8iZ7PWewFKPbuwQtyXbR0IjQOWli8GZb66VGcdj+SpYd0Lsh,14.2713236389231,20.14089507470573,16.294737836363836
1486500,oJXXVhFJaulRsMKo8iZ7PWewFKPbuwQtyXbR0IjQOWli8GZb66VGcdj+SpYd0Lsh,14.185922465695128,17.540198430646146,15.921279928819663
1486800,oJXXVhFJaulRsMKo8iZ7PWewFKPbuwQtyXbR0IjQOWli8GZb66VGcdj+SpYd0Lsh,14.002485609319608,19.98408523164029,16.144216298948596
1487100,oJXXVhFJaulRsMKo8iZ7PWewFKPbuwQtyXbR0IjQOWli8GZb66VGcdj+SpYd0Lsh,14.382103257137624,20.890079531180863,17.931144866819032
1487400,oJXXVhFJaulRsMKo8iZ7PWewFKPbuwQtyXbR0IjQOWli8GZb66VGcdj+SpYd0Lsh,14.048694214185934,19.87850525323564,16.099928652396084
1487700,oJXXVhFJaulRsMKo8iZ7PWewFKPbuwQtyXbR0IjQOWli8GZb66VGcdj+SpYd0Lsh,13.926675877993372,17.513791800694555,15.84053843964961
1488000,oJXXVhFJaulRsMKo8iZ7PWewFKPbuwQtyXbR0IjQOWli8GZb66VGcdj+SpYd0Lsh,13.91055086551088,20.212082513901827,16.161824382369772
1488300,oJXXVhFJaulRsMKo8iZ7PWewFKPbuwQtyXbR0IjQOWli8GZb66VGcdj+SpYd0Lsh,14.202671898956895,17.31881844802557,15.828883677100931
1488600,oJXXVhFJaulRsMKo8iZ7PWewFKPbuwQtyXbR0IjQOWli8GZb66VGcdj+SpYd0Lsh,14.0296757585276,20.188183258237288,16.502406336962938
1488900,oJXXVhFJaulRsMKo8iZ7PWewFKPbuwQtyXbR0IjQOWli8GZb66VGcdj+SpYd0Lsh,13.95049738624361,17.45931000320067,15.874800792738403
1489200,oJXXVhFJaulRsMKo8iZ7PWewFKPbuwQtyXbR0IjQOWli8GZb66VGcdj+SpYd0Lsh,14.183117235484277,20.04605764570845,16.20495485479829
1489500,oJXXVhFJaulRsMKo8iZ7PWewFKPbuwQtyXbR0IjQOWli8GZb66VGcdj+SpYd0Lsh,13.871267315181244,17.670021922080068,15.853013247055133
1489800,oJXXVhFJaulRsMKo8iZ7PWewFKPbuwQtyXbR0IjQOWli8GZb66VGcdj+SpYd0Lsh,14.403756575174354,18.35639552261978,16.41956663209367
1490100,oJXXVhFJaulRsMKo8iZ7PWewFKPbuwQtyXbR0IjQOWli8GZb66VGcdj+SpYd0Lsh,14.11888689256078,17.366878803425262,15.859311935997969
1490400,oJXXVhFJaulRsMKo8iZ7PWewFKPbuwQtyXbR0IjQOWli8GZb66VGcdj+SpYd0Lsh,13.922900130542317,18.13211324362012,16.08662399672901
1490700,oJXXVhFJaulRsMKo8iZ7PWewFKPbuwQtyXbR0IjQOWli8GZb66VGcdj+SpYd0Lsh,13.92772181527228,20.108826103923903,17.13569980762239
1491000,oJXXVhFJaulRsMKo8iZ7PWewFKPbuwQtyXbR0IjQOWli8GZb66VGcdj+SpYd0Lsh,13.852143905771978,20.878451776065244,16.98831387717128
1491300,oJXXVhFJaulRsMKo8iZ7PWewFKPbuwQtyXbR0IjQOWli8GZb66VGcdj+SpYd0Lsh,13.8918773989392,17.63215186384012,15.86448804004556
1491600,oJXXVhFJaulRsMKo8iZ7PWewFKPbuwQtyXbR0IjQOWli8GZb66VGcdj+SpYd0Lsh,13.949983614444175,18.19637524184218,16.16933173586298
1491900,oJXXVhFJaulRsMKo8iZ7PWewFKPbuwQtyXbR0IjQOWli8GZb66VGcdj+SpYd0Lsh,14.04944338495586,17.757113030401822,15.914183202513287
1492200,oJXXVhFJaulRsMKo8iZ7PWewFKPbuwQtyXbR0IjQOWli8GZb66VGcdj+SpYd0Lsh,13.94488743749434,18.23857126210854,16.47386279905978
1492500,oJXXVhFJaulRsMKo8iZ7PWewFKPbuwQtyXbR0IjQOWli8GZb66VGcdj+SpYd0Lsh,13.99424225447437,17.419637134192943,15.823620503249073
1492800,oJXXVhFJaulRsMKo8iZ7PWewFKPbuwQtyXbR0IjQOWli8GZb66VGcdj+SpYd0Lsh,14.129471828865388,17.99993557878815,16.266502486816293
1493100,oJXXVhFJaulRsMKo8iZ7PWewFKPbuwQtyXbR0IjQOWli8GZb66VGcdj+SpYd0Lsh,13.711508309161085,17.57563676558442,15.852532797813453
1493400,oJXXVhFJaulRsMKo8iZ7PWewFKPbuwQtyXbR0IjQOWli8GZb66VGcdj+SpYd0Lsh,14.018876189363684,18.07072330945092,16.19287609620285
1493700,oJXXVhFJaulRsMKo8iZ7PWewFKPbuwQtyXbR0IjQOWli8GZb66VGcdj+SpYd0Lsh,14.045312568623933,17.7147820784903,15.869267412033318
1494000,oJXXVhFJaulRsMKo8iZ7PWewFKPbuwQtyXbR0IjQOWli8GZb66VGcdj+SpYd0Lsh,14.048906075543732,19.96294176295503,16.32804142756837
1494300,oJXXVhFJaulRsMKo8iZ7PWewFKPbuwQtyXbR0IjQOWli8GZb66VGcdj+SpYd0Lsh,13.960172599658264,81.65351110373236,24.93484413392513
1494600,oJXXVhFJaulRsMKo8iZ7PWewFKPbuwQtyXbR0IjQOWli8GZb66VGcdj+SpYd0Lsh,14.296039781215946,23.632612785797807,18.672593883465016
1494900,oJXXVhFJaulRsMKo8iZ7PWewFKPbuwQtyXbR0IjQOWli8GZb66VGcdj+SpYd0Lsh,13.904184518433192,17.648546663228636,15.908736861106544
1495200,oJXXVhFJaulRsMKo8iZ7PWewFKPbuwQtyXbR0IjQOWli8GZb66VGcdj+SpYd0Lsh,14.083443209889603,19.901433084924022,16.187960422989722
1495500,oJXXVhFJaulRsMKo8iZ7PWewFKPbuwQtyXbR0IjQOWli8GZb66VGcdj+SpYd0Lsh,14.098812319861317,17.8283263040491,15.870918960810164
1495800,oJXXVhFJaulRsMKo8iZ7PWewFKPbuwQtyXbR0IjQOWli8GZb66VGcdj+SpYd0Lsh,13.997243142044445,24.861581010702388,16.908420155539115
1496100,oJXXVhFJaulRsMKo8iZ7PWewFKPbuwQtyXbR0IjQOWli8GZb66VGcdj+SpYd0Lsh,13.743964284562542,17.53247999709652,15.812976351353049
1496400,oJXXVhFJaulRsMKo8iZ7PWewFKPbuwQtyXbR0IjQOWli8GZb66VGcdj+SpYd0Lsh,14.023724445650236,20.371763051039128,16.139077644783505
1496700,oJXXVhFJaulRsMKo8iZ7PWewFKPbuwQtyXbR0IjQOWli8GZb66VGcdj+SpYd0Lsh,13.834352574959423,17.520485546274475,15.826664050564286
1497000,oJXXVhFJaulRsMKo8iZ7PWewFKPbuwQtyXbR0IjQOWli8GZb66VGcdj+SpYd0Lsh,14.109000134582203,19.96633730701569,16.246680236332136
1497300,oJXXVhFJaulRsMKo8iZ7PWewFKPbuwQtyXbR0IjQOWli8GZb66VGcdj+SpYd0Lsh,13.959830411265768,17.41499138050854,15.881779744470403
1497600,oJXXVhFJaulRsMKo8iZ7PWewFKPbuwQtyXbR0IjQOWli8GZb66VGcdj+SpYd0Lsh,13.860380394121467,19.83562798316107,16.096098744548556
1497900,oJXXVhFJaulRsMKo8iZ7PWewFKPbuwQtyXbR0IjQOWli8GZb66VGcdj+SpYd0Lsh,13.768468621842116,17.371816155727373,15.888589378245396
1498200,oJXXVhFJaulRsMKo8iZ7PWewFKPbuwQtyXbR0IjQOWli8GZb66VGcdj+SpYd0Lsh,14.00535264152824,19.108183696969917,16.522479888493308
1498500,oJXXVhFJaulRsMKo8iZ7PWewFKPbuwQtyXbR0IjQOWli8GZb66VGcdj+SpYd0Lsh,13.840511088908318,21.377552118371828,17.5686051210054
1498800,oJXXVhFJaulRsMKo8iZ7PWewFKPbuwQtyXbR0IjQOWli8GZb66VGcdj+SpYd0Lsh,13.899216635521746,17.713049746425114,16.18937192272589
1499100,oJXXVhFJaulRsMKo8iZ7PWewFKPbuwQtyXbR0IjQOWli8GZb66VGcdj+SpYd0Lsh,14.23650120784924,17.445749587261325,15.972204747214189
1499400,oJXXVhFJaulRsMKo8iZ7PWewFKPbuwQtyXbR0IjQOWli8GZb66VGcdj+SpYd0Lsh,13.906005112121925,19.0155142730189,16.494876972112994
1499700,oJXXVhFJaulRsMKo8iZ7PWewFKPbuwQtyXbR0IjQOWli8GZb66VGcdj+SpYd0Lsh,13.784425900281828,17.43855707486179,15.796650231564476
1500000,oJXXVhFJaulRsMKo8iZ7PWewFKPbuwQtyXbR0IjQOWli8GZb66VGcdj+SpYd0Lsh,14.013866826032285,17.562300164272504,16.16126901717241
1500300,oJXXVhFJaulRsMKo8iZ7PWewFKPbuwQtyXbR0IjQOWli8GZb66VGcdj+SpYd0Lsh,13.981307714942476,17.33443049159625,15.802729660650094
1500600,oJXXVhFJaulRsMKo8iZ7PWewFKPbuwQtyXbR0IjQOWli8GZb66VGcdj+SpYd0Lsh,13.900347903887177,17.35047829776912,16.156600312581997
1500900,oJXXVhFJaulRsMKo8iZ7PWewFKPbuwQtyXbR0IjQOWli8GZb66VGcdj+SpYd0Lsh,13.829468610879704,17.45909990416013,15.83042818884016
1501200,oJXXVhFJaulRsMKo8iZ7PWewFKPbuwQtyXbR0IjQOWli8GZb66VGcdj+SpYd0Lsh,13.871264139002864,17.643147102567685,16.121251802503618
1501500,oJXXVhFJaulRsMKo8iZ7PWewFKPbuwQtyXbR0IjQOWli8GZb66VGcdj+SpYd0Lsh,14.254842609300692,22.505487475882063,19.87565879518618
1501800,oJXXVhFJaulRsMKo8iZ7PWewFKPbuwQtyXbR0IjQOWli8GZb66VGcdj+SpYd0Lsh,14.830098130177866,28.389000917126957,21.401284632635
1502100,oJXXVhFJaulRsMKo8iZ7PWewFKPbuwQtyXbR0IjQOWli8GZb66VGcdj+SpYd0Lsh,14.436868739865696,20.573836109653232,17.564605904203226
1502400,oJXXVhFJaulRsMKo8iZ7PWewFKPbuwQtyXbR0IjQOWli8GZb66VGcdj+SpYd0Lsh,13.909602358180615,20.86518187001412,16.678443769692592
1502700,oJXXVhFJaulRsMKo8iZ7PWewFKPbuwQtyXbR0IjQOWli8GZb66VGcdj+SpYd0Lsh,13.91776748538198,17.670578869314504,15.97577288848334
1503000,oJXXVhFJaulRsMKo8iZ7PWewFKPbuwQtyXbR0IjQOWli8GZb66VGcdj+SpYd0Lsh,13.808046829258677,20.17976489982038,16.672453339927763
1503300,oJXXVhFJaulRsMKo8iZ7PWewFKPbuwQtyXbR0IjQOWli8GZb66VGcdj+SpYd0Lsh,13.84591487390913,17.619820168693945,15.862037348876626
1503600,oJXXVhFJaulRsMKo8iZ7PWewFKPbuwQtyXbR0IjQOWli8GZb66VGcdj+SpYd0Lsh,14.04581615366084,20.165200726460288,16.166205378732055
1503900,oJXXVhFJaulRsMKo8iZ7PWewFKPbuwQtyXbR0IjQOWli8GZb66VGcdj+SpYd0Lsh,13.742888919187765,17.78501311596126,15.856745895405608
1504200,oJXXVhFJaulRsMKo8iZ7PWewFKPbuwQtyXbR0IjQOWli8GZb66VGcdj+SpYd0Lsh,13.865862589619368,20.68122557630265,16.266111450609937
1504500,oJXXVhFJaulRsMKo8iZ7PWewFKPbuwQtyXbR0IjQOWli8GZb66VGcdj+SpYd0Lsh,13.921710702224106,17.769870131299726,15.95088322585246
1504800,oJXXVhFJaulRsMKo8iZ7PWewFKPbuwQtyXbR0IjQOWli8GZb66VGcdj+SpYd0Lsh,14.03704638917357,20.082379535943687,16.1811233387644
1505100,oJXXVhFJaulRsMKo8iZ7PWewFKPbuwQtyXbR0IjQOWli8GZb66VGcdj+SpYd0Lsh,13.838364794451213,17.65403934581762,15.991519674308895
1505400,oJXXVhFJaulRsMKo8iZ7PWewFKPbuwQtyXbR0IjQOWli8GZb66VGcdj+SpYd0Lsh,13.903650174496406,20.20456445851548,16.19219920829735
1505700,oJXXVhFJaulRsMKo8iZ7PWewFKPbuwQtyXbR0IjQOWli8GZb66VGcdj+SpYd0Lsh,14.01388433948124,18.98315586682401,16.295504743946513
1506000,oJXXVhFJaulRsMKo8iZ7PWewFKPbuwQtyXbR0IjQOWli8GZb66VGcdj+SpYd0Lsh,14.310108424971771,21.481981556225307,18.27478873625701
1506300,oJXXVhFJaulRsMKo8iZ7PWewFKPbuwQtyXbR0IjQOWli8GZb66VGcdj+SpYd0Lsh,13.9070742844801,18.351276261197736,15.974330781919964
1506600,oJXXVhFJaulRsMKo8iZ7PWewFKPbuwQtyXbR0IjQOWli8GZb66VGcdj+SpYd0Lsh,13.879215442648825,20.470770328970183,16.51002386044172
1506900,oJXXVhFJaulRsMKo8iZ7PWewFKPbuwQtyXbR0IjQOWli8GZb66VGcdj+SpYd0Lsh,13.858028709306172,17.89097187075854,15.958071958637968
1507200,oJXXVhFJaulRsMKo8iZ7PWewFKPbuwQtyXbR0IjQOWli8GZb66VGcdj+SpYd0Lsh,13.823756358901518,17.90180237213961,16.156919306186307
1507500,oJXXVhFJaulRsMKo8iZ7PWewFKPbuwQtyXbR0IjQOWli8GZb66VGcdj+SpYd0Lsh,13.33092754249482,18.115895986485167,16.211591543082776
1507800,oJXXVhFJaulRsMKo8iZ7PWewFKPbuwQtyXbR0IjQOWli8GZb66VGcdj+SpYd0Lsh,12.623986465691791,19.24732049204369,16.232081753496914
1508100,oJXXVhFJaulRsMKo8iZ7PWewFKPbuwQtyXbR0IjQOWli8GZb66VGcdj+SpYd0Lsh,12.011131041149731,19.495279302723105,15.844979692174691
1508400,oJXXVhFJaulRsMKo8iZ7PWewFKPbuwQtyXbR0IjQOWli8GZb66VGcdj+SpYd0Lsh,11.366372178005353,19.861615029261568,16.03980469249229
1508700,oJXXVhFJaulRsMKo8iZ7PWewFKPbuwQtyXbR0IjQOWli8GZb66VGcdj+SpYd0Lsh,10.63218542234232,20.596644453044444,15.768425522936203
1509000,oJXXVhFJaulRsMKo8iZ7PWewFKPbuwQtyXbR0IjQOWli8GZb66VGcdj+SpYd0Lsh,10.218542611863374,21.540678580919792,16.11809232058676
1509300,oJXXVhFJaulRsMKo8iZ7PWewFKPbuwQtyXbR0IjQOWli8GZb66VGcdj+SpYd0Lsh,9.693951862061375,22.562383460961104,15.91721808676002
1509600,oJXXVhFJaulRsMKo8iZ7PWewFKPbuwQtyXbR0IjQOWli8GZb66VGcdj+SpYd0Lsh,9.10770028341252,24.57490883176323,16.932974082523526
1509900,oJXXVhFJaulRsMKo8iZ7PWewFKPbuwQtyXbR0IjQOWli8GZb66VGcdj+SpYd0Lsh,8.268268039441736,26.226411281978805,17.864236882843734
1510200,oJXXVhFJaulRsMKo8iZ7PWewFKPbuwQtyXbR0IjQOWli8GZb66VGcdj+SpYd0Lsh,7.787845229271658,26.79501525392029,16.59272446888939
1510500,oJXXVhFJaulRsMKo8iZ7PWewFKPbuwQtyXbR0IjQOWli8GZb66VGcdj+SpYd0Lsh,7.17763695257888,24.34824946758372,15.849235900251289
1510800,oJXXVhFJaulRsMKo8iZ7PWewFKPbuwQtyXbR0IjQOWli8GZb66VGcdj+SpYd0Lsh,6.715417098934196,27.41438692269952,16.12992401293278
1511100,oJXXVhFJaulRsMKo8iZ7PWewFKPbuwQtyXbR0IjQOWli8GZb66VGcdj+SpYd0Lsh,6.227281266693253,25.47764498091528,15.842815404922035
1511400,oJXXVhFJaulRsMKo8iZ7PWewFKPbuwQtyXbR0IjQOWli8GZb66VGcdj+SpYd0Lsh,5.70934158110499,28.543718491399424,16.1211071404636
1511700,oJXXVhFJaulRsMKo8iZ7PWewFKPbuwQtyXbR0IjQOWli8GZb66VGcdj+SpYd0Lsh,5.085936992769057,26.64846039325729,15.871636433830378
1512000,oJXXVhFJaulRsMKo8iZ7PWewFKPbuwQtyXbR0IjQOWli8GZb66VGcdj+SpYd0Lsh,4.30253235227246,35.239294192993434,16.778633612343153
1512300,oJXXVhFJaulRsMKo8iZ7PWewFKPbuwQtyXbR0IjQOWli8GZb66VGcdj+SpYd0Lsh,3.944641692967872,28.60669131885304,16.713395547757717
1512600,oJXXVhFJaulRsMKo8iZ7PWewFKPbuwQtyXbR0IjQOWli8GZb66VGcdj+SpYd0Lsh,3.284878007896833,31.176850270201623,16.0847478082552
1512900,oJXXVhFJaulRsMKo8iZ7PWewFKPbuwQtyXbR0IjQOWli8GZb66VGcdj+SpYd0Lsh,2.6353513735112206,28.65974662978267,15.8064517487101
1513200,oJXXVhFJaulRsMKo8iZ7PWewFKPbuwQtyXbR0IjQOWli8GZb66VGcdj+SpYd0Lsh,2.124182518994863,31.71257359723828,16.06388328976
1513500,oJXXVhFJaulRsMKo8iZ7PWewFKPbuwQtyXbR0IjQOWli8GZb66VGcdj+SpYd0Lsh,2.76941163340317,32.64715498062228,16.70800959852172
1513800,oJXXVhFJaulRsMKo8iZ7PWewFKPbuwQtyXbR0IjQOWli8GZb66VGcdj+SpYd0Lsh,2.4245971499656616,31.755142012793243,16.639104566908678
1514100,oJXXVhFJaulRsMKo8iZ7PWewFKPbuwQtyXbR0IjQOWli8GZb66VGcdj+SpYd0Lsh,2.3757771982929894,29.283252502996987,15.897353030201922
1514400,oJXXVhFJaulRsMKo8iZ7PWewFKPbuwQtyXbR0IjQOWli8GZb66VGcdj+SpYd0Lsh,2.360857972946417,29.243343870624333,16.22006042049802
1514700,oJXXVhFJaulRsMKo8iZ7PWewFKPbuwQtyXbR0IjQOWli8GZb66VGcdj+SpYd0Lsh,2.244256380407482,29.22868559419112,15.910032688295416
1515000,oJXXVhFJaulRsMKo8iZ7PWewFKPbuwQtyXbR0IjQOWli8GZb66VGcdj+SpYd0Lsh,2.410249512724569,29.638903710980475,16.27552590288373
1515300,oJXXVhFJaulRsMKo8iZ7PWewFKPbuwQtyXbR0IjQOWli8GZb66VGcdj+SpYd0Lsh,2.354431532765879,29.32145470551764,15.94511668158458
1515600,oJXXVhFJaulRsMKo8iZ7PWewFKPbuwQtyXbR0IjQOWli8GZb66VGcdj+SpYd0Lsh,2.205868715506208,29.07543726195228,16.13973417804636
1515900,oJXXVhFJaulRsMKo8iZ7PWewFKPbuwQtyXbR0IjQOWli8GZb66VGcdj+SpYd0Lsh,2.383887846844855,29.27246854815169,15.901343237691336
1516200,oJXXVhFJaulRsMKo8iZ7PWewFKPbuwQtyXbR0IjQOWli8GZb66VGcdj+SpYd0Lsh,2.422778598999996,29.25878482276789,16.208140247084184
1516500,oJXXVhFJaulRsMKo8iZ7PWewFKPbuwQtyXbR0IjQOWli8GZb66VGcdj+SpYd0Lsh,2.301943781628309,29.12846017924516,15.86757609981006
1516800,oJXXVhFJaulRsMKo8iZ7PWewFKPbuwQtyXbR0IjQOWli8GZb66VGcdj+SpYd0Lsh,2.2236503442234308,29.250881822272092,16.152258416404425
1517100,oJXXVhFJaulRsMKo8iZ7PWewFKPbuwQtyXbR0IjQOWli8GZb66VGcdj+SpYd0Lsh,2.3319695472096207,29.349707711777192,15.911280640262204
1517400,oJXXVhFJaulRsMKo8iZ7PWewFKPbuwQtyXbR0IjQOWli8GZb66VGcdj+SpYd0Lsh,2.8567850720306955,34.89551320884628,18.92500824614447
1517700,oJXXVhFJaulRsMKo8iZ7PWewFKPbuwQtyXbR0IjQOWli8GZb66VGcdj+SpYd0Lsh,2.160593236368016,29.250269001599637,14.427504004644918
1518000,oJXXVhFJaulRsMKo8iZ7PWewFKPbuwQtyXbR0IjQOWli8GZb66VGcdj+SpYd0Lsh,2.3198864203204383,29.1993008062086,16.042200062788798
1518300,oJXXVhFJaulRsMKo8iZ7PWewFKPbuwQtyXbR0IjQOWli8GZb66VGcdj+SpYd0Lsh,2.329295864609386,30.573437056118635,15.984590432622246
1518600,oJXXVhFJaulRsMKo8iZ7PWewFKPbuwQtyXbR0IjQOWli8GZb66VGcdj+SpYd0Lsh,2.220087563773258,29.415590261986395,15.909362372883834
1518900,oJXXVhFJaulRsMKo8iZ7PWewFKPbuwQtyXbR0IjQOWli8GZb66VGcdj+SpYd0Lsh,2.2575740639685127,32.191825939086634,16.216532701825134
1519200,oJXXVhFJaulRsMKo8iZ7PWewFKPbuwQtyXbR0IjQOWli8GZb66VGcdj+SpYd0Lsh,2.222025168870347,29.39876307409255,15.81869254306058
1519500,oJXXVhFJaulRsMKo8iZ7PWewFKPbuwQtyXbR0IjQOWli8GZb66VGcdj+SpYd0Lsh,2.2555785996666526,32.017996710879764,16.260782905911945
1519800,oJXXVhFJaulRsMKo8iZ7PWewFKPbuwQtyXbR0IjQOWli8GZb66VGcdj+SpYd0Lsh,2.4811624445887044,29.608056104749583,15.976335775236423
1520100,oJXXVhFJaulRsMKo8iZ7PWewFKPbuwQtyXbR0IjQOWli8GZb66VGcdj+SpYd0Lsh,2.1829020445359317,31.524192304277875,16.104014937449627
1520400,oJXXVhFJaulRsMKo8iZ7PWewFKPbuwQtyXbR0IjQOWli8GZb66VGcdj+SpYd0Lsh,2.3011911723996348,29.704489376671926,15.929395896038878
1520700,oJXXVhFJaulRsMKo8iZ7PWewFKPbuwQtyXbR0IjQOWli8GZb66VGcdj+SpYd0Lsh,2.322331980556549,31.93531334032725,16.215319399298405
1521000,oJXXVhFJaulRsMKo8iZ7PWewFKPbuwQtyXbR0IjQOWli8GZb66VGcdj+SpYd0Lsh,2.1817179536123863,31.4618084163739,17.20160926737629
1521300,oJXXVhFJaulRsMKo8iZ7PWewFKPbuwQtyXbR0IjQOWli8GZb66VGcdj+SpYd0Lsh,2.1726101753841336,34.46896958830409,17.354376643214223
1521600,oJXXVhFJaulRsMKo8iZ7PWewFKPbuwQtyXbR0IjQOWli8GZb66VGcdj+SpYd0Lsh,2.413103941798949,29.68413346314765,16.01870530285522
1521900,oJXXVhFJaulRsMKo8iZ7PWewFKPbuwQtyXbR0IjQOWli8GZb66VGcdj+SpYd0Lsh,2.263481625303648,31.696690714461784,14.594740720446692
1522200,oJXXVhFJaulRsMKo8iZ7PWewFKPbuwQtyXbR0IjQOWli8GZb66VGcdj+SpYd0Lsh,2.101510647766711,29.78562255820969,15.998672133897571
1522500,oJXXVhFJaulRsMKo8iZ7PWewFKPbuwQtyXbR0IjQOWli8GZb66VGcdj+SpYd0Lsh,2.307837444454348,29.897268261710128,16.301663518019758
1522800,oJXXVhFJaulRsMKo8iZ7PWewFKPbuwQtyXbR0IjQOWli8GZb66VGcdj+SpYd0Lsh,2.2736422372776777,41.187771197860414,19.857523763505267
1523100,oJXXVhFJaulRsMKo8iZ7PWewFKPbuwQtyXbR0IjQOWli8GZb66VGcdj+SpYd0Lsh,2.356973139365512,85.87318648151332,22.153217371250463
1523400,oJXXVhFJaulRsMKo8iZ7PWewFKPbuwQtyXbR0IjQOWli8GZb66VGcdj+SpYd0Lsh,2.2888110519886133,29.75878233065813,15.956730723238127
1523700,oJXXVhFJaulRsMKo8iZ7PWewFKPbuwQtyXbR0IjQOWli8GZb66VGcdj+SpYd0Lsh,2.2504707686776437,29.334315297994447,16.135967613694522
1524000,oJXXVhFJaulRsMKo8iZ7PWewFKPbuwQtyXbR0IjQOWli8GZb66VGcdj+SpYd0Lsh,2.257323942781956,29.82127416949741,15.90333578575832
1524300,oJXXVhFJaulRsMKo8iZ7PWewFKPbuwQtyXbR0IjQOWli8GZb66VGcdj+SpYd0Lsh,2.384641414129302,29.238800291295632,16.123162789903724
1524600,oJXXVhFJaulRsMKo8iZ7PWewFKPbuwQtyXbR0IjQOWli8GZb66VGcdj+SpYd0Lsh,2.3050808052451077,29.1431910065455,16.51293212085752
1524900,oJXXVhFJaulRsMKo8iZ7PWewFKPbuwQtyXbR0IjQOWli8GZb66VGcdj+SpYd0Lsh,5.371923549581152,32.170521762973,18.31309376426961
1525200,oJXXVhFJaulRsMKo8iZ7PWewFKPbuwQtyXbR0IjQOWli8GZb66VGcdj+SpYd0Lsh,2.661257136777783,32.49839533992292,17.9787792985758
1525500,oJXXVhFJaulRsMKo8iZ7PWewFKPbuwQtyXbR0IjQOWli8GZb66VGcdj+SpYd0Lsh,2.246752954349236,29.3592741919233,17.46530196617766
1525800,oJXXVhFJaulRsMKo8iZ7PWewFKPbuwQtyXbR0IjQOWli8GZb66VGcdj+SpYd0Lsh,2.2883835361451665,29.383569549732364,15.977499538625768
1526100,oJXXVhFJaulRsMKo8iZ7PWewFKPbuwQtyXbR0IjQOWli8GZb66VGcdj+SpYd0Lsh,2.4092629909804253,29.070483093187164,16.34920831040968
1526400,oJXXVhFJaulRsMKo8iZ7PWewFKPbuwQtyXbR0IjQOWli8GZb66VGcdj+SpYd0Lsh,2.2892164055003104,29.08674249585896,15.838461155347268
1526700,oJXXVhFJaulRsMKo8iZ7PWewFKPbuwQtyXbR0IjQOWli8GZb66VGcdj+SpYd0Lsh,2.232020636688377,31.37882055411051,16.217368639229434
1527000,oJXXVhFJaulRsMKo8iZ7PWewFKPbuwQtyXbR0IjQOWli8GZb66VGcdj+SpYd0Lsh,2.306939758264803,29.277111556314296,15.89830703328521
1527300,oJXXVhFJaulRsMKo8iZ7PWewFKPbuwQtyXbR0IjQOWli8GZb66VGcdj+SpYd0Lsh,2.307727033254457,31.65171960065688,16.132763328590276
1527600,oJXXVhFJaulRsMKo8iZ7PWewFKPbuwQtyXbR0IjQOWli8GZb66VGcdj+SpYd0Lsh,2.247051458775813,31.274368649838888,16.24722449483842
1527900,oJXXVhFJaulRsMKo8iZ7PWewFKPbuwQtyXbR0IjQOWli8GZb66VGcdj+SpYd0Lsh,2.2380124955505294,31.72743818022508,16.275794430446403
1528200,oJXXVhFJaulRsMKo8iZ7PWewFKPbuwQtyXbR0IjQOWli8GZb66VGcdj+SpYd0Lsh,2.530798756689153,31.480651261016902,16.316932480531644
1528500,oJXXVhFJaulRsMKo8iZ7PWewFKPbuwQtyXbR0IjQOWli8GZb66VGcdj+SpYd0Lsh,2.35184160114929,31.80168273236012,16.17941234498933
1528800,oJXXVhFJaulRsMKo8iZ7PWewFKPbuwQtyXbR0IjQOWli8GZb66VGcdj+SpYd0Lsh,2.3679493959545783,31.91875424096648,16.972922268193766
1529100,oJXXVhFJaulRsMKo8iZ7PWewFKPbuwQtyXbR0IjQOWli8GZb66VGcdj+SpYd0Lsh,2.1935652707216016,34.92615782795944,17.100581098927176
1529400,oJXXVhFJaulRsMKo8iZ7PWewFKPbuwQtyXbR0IjQOWli8GZb66VGcdj+SpYd0Lsh,2.4191583564171375,29.3449203297005,15.944430745912468
1529700,oJXXVhFJaulRsMKo8iZ7PWewFKPbuwQtyXbR0IjQOWli8GZb66VGcdj+SpYd0Lsh,2.319614325958229,31.458209082609475,17.44143553185873
1530000,oJXXVhFJaulRsMKo8iZ7PWewFKPbuwQtyXbR0IjQOWli8GZb66VGcdj+SpYd0Lsh,2.1724841385611247,29.23328683018694,15.841318400057148
1530300,oJXXVhFJaulRsMKo8iZ7PWewFKPbuwQtyXbR0IjQOWli8GZb66VGcdj+SpYd0Lsh,2.3367965780601083,31.619789807822613,16.15336468302811
1530600,oJXXVhFJaulRsMKo8iZ7PWewFKPbuwQtyXbR0IjQOWli8GZb66VGcdj+SpYd0Lsh,2.3454044664422677,29.99000528218204,16.689148521593133
1530900,oJXXVhFJaulRsMKo8iZ7PWewFKPbuwQtyXbR0IjQOWli8GZb66VGcdj+SpYd0Lsh,8.004024168784477,33.76233522565585,21.27984748934132
1531200,oJXXVhFJaulRsMKo8iZ7PWewFKPbuwQtyXbR0IjQOWli8GZb66VGcdj+SpYd0Lsh,2.4441702842410318,35.37412473779144,18.649019237956164
1531500,oJXXVhFJaulRsMKo8iZ7PWewFKPbuwQtyXbR0IjQOWli8GZb66VGcdj+SpYd0Lsh,2.582063170286145,28.54367884194165,16.21931133808574
1531800,oJXXVhFJaulRsMKo8iZ7PWewFKPbuwQtyXbR0IjQOWli8GZb66VGcdj+SpYd0Lsh,3.6366517265949,31.216179036496623,16.376237992856232
1532100,oJXXVhFJaulRsMKo8iZ7PWewFKPbuwQtyXbR0IjQOWli8GZb66VGcdj+SpYd0Lsh,3.98736696145484,26.969887289153103,16.07944669044923
1532400,oJXXVhFJaulRsMKo8iZ7PWewFKPbuwQtyXbR0IjQOWli8GZb66VGcdj+SpYd0Lsh,5.164858317801479,26.276529844258647,15.845940866107387
1532700,oJXXVhFJaulRsMKo8iZ7PWewFKPbuwQtyXbR0IjQOWli8GZb66VGcdj+SpYd0Lsh,5.702368378790705,28.28479633810705,18.193963616305176
1533000,oJXXVhFJaulRsMKo8iZ7PWewFKPbuwQtyXbR0IjQOWli8GZb66VGcdj+SpYd0Lsh,6.735897613193293,24.842806069979968,15.91183721689958
1533300,oJXXVhFJaulRsMKo8iZ7PWewFKPbuwQtyXbR0IjQOWli8GZb66VGcdj+SpYd0Lsh,7.113137018507901,24.10294756503149,15.199172555143264
1533600,oJXXVhFJaulRsMKo8iZ7PWewFKPbuwQtyXbR0IjQOWli8GZb66VGcdj+SpYd0Lsh,8.11354140436992,23.42909934533084,15.804475590563769
1533900,oJXXVhFJaulRsMKo8iZ7PWewFKPbuwQtyXbR0IjQOWli8GZb66VGcdj+SpYd0Lsh,8.871811893027594,23.20100965327923,16.210776136855447
1534200,oJXXVhFJaulRsMKo8iZ7PWewFKPbuwQtyXbR0IjQOWli8GZb66VGcdj+SpYd0Lsh,9.420213252682094,21.98901872998032,15.884918447433776
1534500,oJXXVhFJaulRsMKo8iZ7PWewFKPbuwQtyXbR0IjQOWli8GZb66VGcdj+SpYd0Lsh,10.119531641400764,23.225574141825117,16.08556080673373
1534800,oJXXVhFJaulRsMKo8iZ7PWewFKPbuwQtyXbR0IjQOWli8GZb66VGcdj+SpYd0Lsh,11.258380309170986,20.614311336113488,15.882138749453336
1535100,oJXXVhFJaulRsMKo8iZ7PWewFKPbuwQtyXbR0IjQOWli8GZb66VGcdj+SpYd0Lsh,11.553082337188188,22.996165352829163,16.19450205493359
1535400,oJXXVhFJaulRsMKo8iZ7PWewFKPbuwQtyXbR0IjQOWli8GZb66VGcdj+SpYd0Lsh,12.536668907495748,19.424524978550583,16.171705328917824
1535700,oJXXVhFJaulRsMKo8iZ7PWewFKPbuwQtyXbR0IjQOWli8GZb66VGcdj+SpYd0Lsh,13.301162198414666,21.24145669132176,16.11932481164272
1536000,oJXXVhFJaulRsMKo8iZ7PWewFKPbuwQtyXbR0IjQOWli8GZb66VGcdj+SpYd0Lsh,14.13124886438552,17.7207754806629,15.901716267652114
1536300,oJXXVhFJaulRsMKo8iZ7PWewFKPbuwQtyXbR0IjQOWli8GZb66VGcdj+SpYd0Lsh,14.577290597853086,19.280666712011477,16.504059534460705
1536600,oJXXVhFJaulRsMKo8iZ7PWewFKPbuwQtyXbR0IjQOWli8GZb66VGcdj+SpYd0Lsh,15.362055965558646,20.32089012594161,17.665199038898315
1536900,oJXXVhFJaulRsMKo8iZ7PWewFKPbuwQtyXbR0IjQOWli8GZb66VGcdj+SpYd0Lsh,14.69717366075392,18.4579287243198,16.182687293632625
1537200,oJXXVhFJaulRsMKo8iZ7PWewFKPbuwQtyXbR0IjQOWli8GZb66VGcdj+SpYd0Lsh,14.433932381211935,17.911590992779068,15.816314922610816
1537500,oJXXVhFJaulRsMKo8iZ7PWewFKPbuwQtyXbR0IjQOWli8GZb66VGcdj+SpYd0Lsh,14.946178135536016,34.88428541029395,18.449180554711877
1537800,oJXXVhFJaulRsMKo8iZ7PWewFKPbuwQtyXbR0IjQOWli8GZb66VGcdj+SpYd0Lsh,14.566573876964512,17.702806683631785,15.888638977969638
1538100,oJXXVhFJaulRsMKo8iZ7PWewFKPbuwQtyXbR0IjQOWli8GZb66VGcdj+SpYd0Lsh,14.436191217400156,17.95968314065823,16.130830188383776
1538400,oJXXVhFJaulRsMKo8iZ7PWewFKPbuwQtyXbR0IjQOWli8GZb66VGcdj+SpYd0Lsh,14.379468730440893,17.990773207631563,15.846128160474905
1538700,oJXXVhFJaulRsMKo8iZ7PWewFKPbuwQtyXbR0IjQOWli8GZb66VGcdj+SpYd0Lsh,14.457480709763114,18.586445449050988,16.15042345282399
1539000,oJXXVhFJaulRsMKo8iZ7PWewFKPbuwQtyXbR0IjQOWli8GZb66VGcdj+SpYd0Lsh,14.522464636974986,20.60240713940677,16.193600729232887
1539300,oJXXVhFJaulRsMKo8iZ7PWewFKPbuwQtyXbR0IjQOWli8GZb66VGcdj+SpYd0Lsh,14.671928426908874,19.745467233234848,16.40093986747435
1539600,oJXXVhFJaulRsMKo8iZ7PWewFKPbuwQtyXbR0IjQOWli8GZb66VGcdj+SpYd0Lsh,14.48640505354436,17.877285539644433,15.888481787544118
1539900,oJXXVhFJaulRsMKo8iZ7PWewFKPbuwQtyXbR0IjQOWli8GZb66VGcdj+SpYd0Lsh,14.377174744963275,19.77777205619681,16.11662574849067
1540200,oJXXVhFJaulRsMKo8iZ7PWewFKPbuwQtyXbR0IjQOWli8GZb66VGcdj+SpYd0Lsh,14.588936197264568,20.647564828298485,17.562321279545188
1540500,oJXXVhFJaulRsMKo8iZ7PWewFKPbuwQtyXbR0IjQOWli8GZb66VGcdj+SpYd0Lsh,14.377222720152924,20.14225025502092,16.487886827186564
1540800,oJXXVhFJaulRsMKo8iZ7PWewFKPbuwQtyXbR0IjQOWli8GZb66VGcdj+SpYd0Lsh,14.240594199726567,17.788485553621417,15.84814675045476
1541100,oJXXVhFJaulRsMKo8iZ7PWewFKPbuwQtyXbR0IjQOWli8GZb66VGcdj+SpYd0Lsh,14.239172974982276,17.818122491815043,15.847488239359263
1541400,oJXXVhFJaulRsMKo8iZ7PWewFKPbuwQtyXbR0IjQOWli8GZb66VGcdj+SpYd0Lsh,14.457365184209102,17.753563632789543,15.889868025914796
1541700,oJXXVhFJaulRsMKo8iZ7PWewFKPbuwQtyXbR0IjQOWli8GZb66VGcdj+SpYd0Lsh,14.429492553331963,19.699281750983676,16.134442860638963
1542000,oJXXVhFJaulRsMKo8iZ7PWewFKPbuwQtyXbR0IjQOWli8GZb66VGcdj+SpYd0Lsh,14.480180705007015,18.099971399644804,15.985041423818885
1542300,oJXXVhFJaulRsMKo8iZ7PWewFKPbuwQtyXbR0IjQOWli8GZb66VGcdj+SpYd0Lsh,14.507041996667162,20.021668058768487,16.151231466960656
1542600,oJXXVhFJaulRsMKo8iZ7PWewFKPbuwQtyXbR0IjQOWli8GZb66VGcdj+SpYd0Lsh,14.396583287701326,17.848555383996302,15.862143806375329
1542900,oJXXVhFJaulRsMKo8iZ7PWewFKPbuwQtyXbR0IjQOWli8GZb66VGcdj+SpYd0Lsh,14.356053614843864,18.04962212280262,16.438618626488804
1543200,oJXXVhFJaulRsMKo8iZ7PWewFKPbuwQtyXbR0IjQOWli8GZb66VGcdj+SpYd0Lsh,14.608923165481048,17.807477103914316,16.20097662034573
1543500,oJXXVhFJaulRsMKo8iZ7PWewFKPbuwQtyXbR0IjQOWli8GZb66VGcdj+SpYd0Lsh,14.371954848375312,20.351012081530623,17.168829348959694
1543800,oJXXVhFJaulRsMKo8iZ7PWewFKPbuwQtyXbR0IjQOWli8GZb66VGcdj+SpYd0Lsh,14.493671559096116,17.737157406094468,16.022290815802638
1544100,oJXXVhFJaulRsMKo8iZ7PWewFKPbuwQtyXbR0IjQOWli8GZb66VGcdj+SpYd0Lsh,14.825995810914764,20.901215208947704,18.24694246521845
1544400,oJXXVhFJaulRsMKo8iZ7PWewFKPbuwQtyXbR0IjQOWli8GZb66VGcdj+SpYd0Lsh,14.57861343831568,17.809519447212118,15.871934966950429
1544700,oJXXVhFJaulRsMKo8iZ7PWewFKPbuwQtyXbR0IjQOWli8GZb66VGcdj+SpYd0Lsh,14.340738207179674,17.83854303601827,16.177739428031437
1545000,oJXXVhFJaulRsMKo8iZ7PWewFKPbuwQtyXbR0IjQOWli8GZb66VGcdj+SpYd0Lsh,14.607704211977778,17.871540657946028,15.969051399974386
1545300,oJXXVhFJaulRsMKo8iZ7PWewFKPbuwQtyXbR0IjQOWli8GZb66VGcdj+SpYd0Lsh,14.417985778303091,17.684133729187128,16.030686486829413
1545600,oJXXVhFJaulRsMKo8iZ7PWewFKPbuwQtyXbR0IjQOWli8GZb66VGcdj+SpYd0Lsh,14.397212148765972,17.875439809890977,15.895604804483131
1545900,oJXXVhFJaulRsMKo8iZ7PWewFKPbuwQtyXbR0IjQOWli8GZb66VGcdj+SpYd0Lsh,14.296811028151645,18.066393306143983,16.17393866890795
1546200,oJXXVhFJaulRsMKo8iZ7PWewFKPbuwQtyXbR0IjQOWli8GZb66VGcdj+SpYd0Lsh,14.477604082412686,17.76272608711225,15.909161042417203
1546500,oJXXVhFJaulRsMKo8iZ7PWewFKPbuwQtyXbR0IjQOWli8GZb66VGcdj+SpYd0Lsh,14.481595989555013,20.60700941213366,16.639032201221056
1546800,oJXXVhFJaulRsMKo8iZ7PWewFKPbuwQtyXbR0IjQOWli8GZb66VGcdj+SpYd0Lsh,14.643532975035178,18.224543403247328,15.955125711271457
1547100,oJXXVhFJaulRsMKo8iZ7PWewFKPbuwQtyXbR0IjQOWli8GZb66VGcdj+SpYd0Lsh,14.279976098968117,19.3836786634052,16.07545870835882
1547400,oJXXVhFJaulRsMKo8iZ7PWewFKPbuwQtyXbR0IjQOWli8GZb66VGcdj+SpYd0Lsh,14.527230534271002,17.661079686578656,15.953945334650813
1547700,oJXXVhFJaulRsMKo8iZ7PWewFKPbuwQtyXbR0IjQOWli8GZb66VGcdj+SpYd0Lsh,14.457851773577882,22.537430029955797,17.21909387843586
1548000,oJXXVhFJaulRsMKo8iZ7PWewFKPbuwQtyXbR0IjQOWli8GZb66VGcdj+SpYd0Lsh,14.56525699014127,20.566718445529723,16.951485146430493
1548300,oJXXVhFJaulRsMKo8iZ7PWewFKPbuwQtyXbR0IjQOWli8GZb66VGcdj+SpYd0Lsh,14.66026055603086,19.831142423221795,16.35381824112573
1548600,oJXXVhFJaulRsMKo8iZ7PWewFKPbuwQtyXbR0IjQOWli8GZb66VGcdj+SpYd0Lsh,14.428921795802475,17.80987608565027,15.916688448530849
1548900,oJXXVhFJaulRsMKo8iZ7PWewFKPbuwQtyXbR0IjQOWli8GZb66VGcdj+SpYd0Lsh,14.471159454327152,19.24988213949596,16.100835445533082
1549200,oJXXVhFJaulRsMKo8iZ7PWewFKPbuwQtyXbR0IjQOWli8GZb66VGcdj+SpYd0Lsh,14.421143286019948,17.870251055286126,15.908653844980815
1549500,oJXXVhFJaulRsMKo8iZ7PWewFKPbuwQtyXbR0IjQOWli8GZb66VGcdj+SpYd0Lsh,14.505501852757597,19.95661900963509,16.479466534172012
1549800,oJXXVhFJaulRsMKo8iZ7PWewFKPbuwQtyXbR0IjQOWli8GZb66VGcdj+SpYd0Lsh,14.50434600974928,17.849174455199012,15.82906432437932
1550100,oJXXVhFJaulRsMKo8iZ7PWewFKPbuwQtyXbR0IjQOWli8GZb66VGcdj+SpYd0Lsh,14.561144865813873,19.30635669823335,16.54907081716409
1550400,oJXXVhFJaulRsMKo8iZ7PWewFKPbuwQtyXbR0IjQOWli8GZb66VGcdj+SpYd0Lsh,14.428525249955644,17.748398143847812,15.89877273723774
1550700,oJXXVhFJaulRsMKo8iZ7PWewFKPbuwQtyXbR0IjQOWli8GZb66VGcdj+SpYd0Lsh,14.387125521372974,18.72716582257583,16.16977793485959
1551000,oJXXVhFJaulRsMKo8iZ7PWewFKPbuwQtyXbR0IjQOWli8GZb66VGcdj+SpYd0Lsh,14.619288226810395,17.72895799549002,15.994329646322363
1551300,oJXXVhFJaulRsMKo8iZ7PWewFKPbuwQtyXbR0IjQOWli8GZb66VGcdj+SpYd0Lsh,14.391047912795717,17.835239332233996,16.138860122036945
1551600,oJXXVhFJaulRsMKo8iZ7PWewFKPbuwQtyXbR0IjQOWli8GZb66VGcdj+SpYd0Lsh,14.850652695353771,36.77557199228214,19.919207045944805
1551900,oJXXVhFJaulRsMKo8iZ7PWewFKPbuwQtyXbR0IjQOWli8GZb66VGcdj+SpYd0Lsh,14.669251446061011,69.90108559926753,24.23321056502272
1552200,oJXXVhFJaulRsMKo8iZ7PWewFKPbuwQtyXbR0IjQOWli8GZb66VGcdj+SpYd0Lsh,14.551669082802016,17.822606058705627,15.998438139417116
1552500,oJXXVhFJaulRsMKo8iZ7PWewFKPbuwQtyXbR0IjQOWli8GZb66VGcdj+SpYd0Lsh,14.47534238061894,18.119201540427696,16.186807839921478
1552800,oJXXVhFJaulRsMKo8iZ7PWewFKPbuwQtyXbR0IjQOWli8GZb66VGcdj+SpYd0Lsh,14.7581674184057,17.95315124451339,15.914558880274647
1553100,oJXXVhFJaulRsMKo8iZ7PWewFKPbuwQtyXbR0IjQOWli8GZb66VGcdj+SpYd0Lsh,14.691748556811412,18.061844909416894,16.434204879498534
1553400,oJXXVhFJaulRsMKo8iZ7PWewFKPbuwQtyXbR0IjQOWli8GZb66VGcdj+SpYd0Lsh,14.5039895738485,17.788619724298176,15.89776363411704
1553700,oJXXVhFJaulRsMKo8iZ7PWewFKPbuwQtyXbR0IjQOWli8GZb66VGcdj+SpYd0Lsh,14.551181279200044,17.794638951461835,16.26411831882339
1554000,oJXXVhFJaulRsMKo8iZ7PWewFKPbuwQtyXbR0IjQOWli8GZb66VGcdj+SpYd0Lsh,14.51815162522135,17.943637185204327,15.947946504384584
1554300,oJXXVhFJaulRsMKo8iZ7PWewFKPbuwQtyXbR0IjQOWli8GZb66VGcdj+SpYd0Lsh,14.582751038414472,17.74135073680657,16.097920767836808
1554600,oJXXVhFJaulRsMKo8iZ7PWewFKPbuwQtyXbR0IjQOWli8GZb66VGcdj+SpYd0Lsh,14.51709012300071,17.82326944522706,15.953291239765797
1554900,oJXXVhFJaulRsMKo8iZ7PWewFKPbuwQtyXbR0IjQOWli8GZb66VGcdj+SpYd0Lsh,14.362364356297093,17.928838417534386,16.161914093456403
1555200,oJXXVhFJaulRsMKo8iZ7PWewFKPbuwQtyXbR0IjQOWli8GZb66VGcdj+SpYd0Lsh,14.606861698370087,20.127295153607182,16.246179113151296
1555500,oJXXVhFJaulRsMKo8iZ7PWewFKPbuwQtyXbR0IjQOWli8GZb66VGcdj+SpYd0Lsh,14.492805797547954,21.5684366097603,18.25052519043703
1555800,oJXXVhFJaulRsMKo8iZ7PWewFKPbuwQtyXbR0IjQOWli8GZb66VGcdj+SpYd0Lsh,14.55288169674186,17.945044518251102,15.907230115734258
1556100,oJXXVhFJaulRsMKo8iZ7PWewFKPbuwQtyXbR0IjQOWli8GZb66VGcdj+SpYd0Lsh,14.409761286384564,19.60907996489593,16.144370202688847
1556400,oJXXVhFJaulRsMKo8iZ7PWewFKPbuwQtyXbR0IjQOWli8GZb66VGcdj+SpYd0Lsh,14.413535460500468,17.851146872258745,15.951520773248932
1556700,oJXXVhFJaulRsMKo8iZ7PWewFKPbuwQtyXbR0IjQOWli8GZb66VGcdj+SpYd0Lsh,14.468304713351609,19.8897662640632,16.29831603935333
1557000,oJXXVhFJaulRsMKo8iZ7PWewFKPbuwQtyXbR0IjQOWli8GZb66VGcdj+SpYd0Lsh,14.350597711123896,18.15481778786289,15.896860716051425
1557300,oJXXVhFJaulRsMKo8iZ7PWewFKPbuwQtyXbR0IjQOWli8GZb66VGcdj+SpYd0Lsh,14.487586302717167,19.580147245199335,16.313888555872907
1557600,oJXXVhFJaulRsMKo8iZ7PWewFKPbuwQtyXbR0IjQOWli8GZb66VGcdj+SpYd0Lsh,14.418682973004085,17.83254559276126,15.927447314181414
1557900,oJXXVhFJaulRsMKo8iZ7PWewFKPbuwQtyXbR0IjQOWli8GZb66VGcdj+SpYd0Lsh,14.421845678521224,19.907009920096815,16.12792878745631
1558200,oJXXVhFJaulRsMKo8iZ7PWewFKPbuwQtyXbR0IjQOWli8GZb66VGcdj+SpYd0Lsh,14.588738913849502,17.772644508234233,15.884072480735789
1558500,oJXXVhFJaulRsMKo8iZ7PWewFKPbuwQtyXbR0IjQOWli8GZb66VGcdj+SpYd0Lsh,14.503972127751792,19.45493849088962,16.151469338912708
1558800,oJXXVhFJaulRsMKo8iZ7PWewFKPbuwQtyXbR0IjQOWli8GZb66VGcdj+SpYd0Lsh,14.484340537557015,18.076150600653847,15.916971629683006
1559100,oJXXVhFJaulRsMKo8iZ7PWewFKPbuwQtyXbR0IjQOWli8GZb66VGcdj+SpYd0Lsh,14.499232563528253,21.08211602330348,17.389295336552365
1559400,oJXXVhFJaulRsMKo8iZ7PWewFKPbuwQtyXbR0IjQOWli8GZb66VGcdj+SpYd0Lsh,14.429032433948448,20.48471185517873,17.304839034549776
1559700,oJXXVhFJaulRsMKo8iZ7PWewFKPbuwQtyXbR0IjQOWli8GZb66VGcdj+SpYd0Lsh,14.40831900240674,17.76431041326363,15.806162238360002
1560000,oJXXVhFJaulRsMKo8iZ7PWewFKPbuwQtyXbR0IjQOWli8GZb66VGcdj+SpYd0Lsh,14.909856098817544,22.268256270271245,19.11789256016408
1560300,oJXXVhFJaulRsMKo8iZ7PWewFKPbuwQtyXbR0IjQOWli8GZb66VGcdj+SpYd0Lsh,19.69014555647654,22.884649852648028,21.141301935173654
1560600,oJXXVhFJaulRsMKo8iZ7PWewFKPbuwQtyXbR0IjQOWli8GZb66VGcdj+SpYd0Lsh,14.364442321210872,23.605647401393192,16.770971989886487
1560900,oJXXVhFJaulRsMKo8iZ7PWewFKPbuwQtyXbR0IjQOWli8GZb66VGcdj+SpYd0Lsh,14.4951339096385,17.83499718935719,15.865152140352128
1561200,oJXXVhFJaulRsMKo8iZ7PWewFKPbuwQtyXbR0IjQOWli8GZb66VGcdj+SpYd0Lsh,14.690533551598667,17.88037389433841,16.165279556686365
1561500,oJXXVhFJaulRsMKo8iZ7PWewFKPbuwQtyXbR0IjQOWli8GZb66VGcdj+SpYd0Lsh,14.564972587054829,31.58219531104835,17.583341975766416
1561800,oJXXVhFJaulRsMKo8iZ7PWewFKPbuwQtyXbR0IjQOWli8GZb66VGcdj+SpYd0Lsh,14.636599767708113,18.05707691810532,16.211084849689257
1562100,oJXXVhFJaulRsMKo8iZ7PWewFKPbuwQtyXbR0IjQOWli8GZb66VGcdj+SpYd0Lsh,14.693387807269763,17.733938878355154,15.947310499447749
1562400,oJXXVhFJaulRsMKo8iZ7PWewFKPbuwQtyXbR0IjQOWli8GZb66VGcdj+SpYd0Lsh,14.71478490784624,17.93994099148982,16.2023422267879
1562700,oJXXVhFJaulRsMKo8iZ7PWewFKPbuwQtyXbR0IjQOWli8GZb66VGcdj+SpYd0Lsh,14.438244218721612,17.871415206415858,15.99593868680163
1563000,oJXXVhFJaulRsMKo8iZ7PWewFKPbuwQtyXbR0IjQOWli8GZb66VGcdj+SpYd0Lsh,14.533446616110274,20.971561572637388,18.459862488446586
1563300,oJXXVhFJaulRsMKo8iZ7PWewFKPbuwQtyXbR0IjQOWli8GZb66VGcdj+SpYd0Lsh,14.637734664561608,17.8719395256901,15.962617597642788
1563600,oJXXVhFJaulRsMKo8iZ7PWewFKPbuwQtyXbR0IjQOWli8GZb66VGcdj+SpYd0Lsh,14.49313666047438,19.163312304902643,16.160061304484923
1563900,oJXXVhFJaulRsMKo8iZ7PWewFKPbuwQtyXbR0IjQOWli8GZb66VGcdj+SpYd0Lsh,14.65261971313257,17.97091312411656,16.073849075685924
1564200,oJXXVhFJaulRsMKo8iZ7PWewFKPbuwQtyXbR0IjQOWli8GZb66VGcdj+SpYd0Lsh,14.317574525487814,19.714410141992733,16.220724764754035
1564500,oJXXVhFJaulRsMKo8iZ7PWewFKPbuwQtyXbR0IjQOWli8GZb66VGcdj+SpYd0Lsh,14.471672210281634,17.75893189582803,15.97288928896497
1564800,oJXXVhFJaulRsMKo8iZ7PWewFKPbuwQtyXbR0IjQOWli8GZb66VGcdj+SpYd0Lsh,14.735605184118723,19.21242729870201,16.309386140764655
1565100,oJXXVhFJaulRsMKo8iZ7PWewFKPbuwQtyXbR0IjQOWli8GZb66VGcdj+SpYd0Lsh,14.723128466396044,18.460493467427387,16.078864483072127
1565400,oJXXVhFJaulRsMKo8iZ7PWewFKPbuwQtyXbR0IjQOWli8GZb66VGcdj+SpYd0Lsh,14.797376088882288,19.79996561275115,16.409200511538888
1565700,oJXXVhFJaulRsMKo8iZ7PWewFKPbuwQtyXbR0IjQOWli8GZb66VGcdj+SpYd0Lsh,14.681625184397832,17.788322289963013,15.981531252579192
1566000,oJXXVhFJaulRsMKo8iZ7PWewFKPbuwQtyXbR0IjQOWli8GZb66VGcdj+SpYd0Lsh,14.5715748216298,19.518782221560535,16.199483099175925
1566300,oJXXVhFJaulRsMKo8iZ7PWewFKPbuwQtyXbR0IjQOWli8GZb66VGcdj+SpYd0Lsh,14.52367498602425,18.05906965172653,15.927392022063232
1566600,oJXXVhFJaulRsMKo8iZ7PWewFKPbuwQtyXbR0IjQOWli8GZb66VGcdj+SpYd0Lsh,14.641305901636157,19.724023895992975,16.368656310192144
1566900,oJXXVhFJaulRsMKo8iZ7PWewFKPbuwQtyXbR0IjQOWli8GZb66VGcdj+SpYd0Lsh,14.673307377829143,20.91221937377497,17.883021885512385
1567200,oJXXVhFJaulRsMKo8iZ7PWewFKPbuwQtyXbR0IjQOWli8GZb66VGcdj+SpYd0Lsh,14.695852497648524,19.517245864747448,16.199621284274638
1567500,oJXXVhFJaulRsMKo8iZ7PWewFKPbuwQtyXbR0IjQOWli8GZb66VGcdj+SpYd0Lsh,14.50675101756632,18.014894284170364,15.93040600534637
1567800,oJXXVhFJaulRsMKo8iZ7PWewFKPbuwQtyXbR0IjQOWli8GZb66VGcdj+SpYd0Lsh,14.502002440261656,17.887865854010688,16.172532384813213
1568100,oJXXVhFJaulRsMKo8iZ7PWewFKPbuwQtyXbR0IjQOWli8GZb66VGcdj+SpYd0Lsh,14.784814254550453,20.41477695321488,16.496169823635086
1568400,oJXXVhFJaulRsMKo8iZ7PWewFKPbuwQtyXbR0IjQOWli8GZb66VGcdj+SpYd0Lsh,14.689438045644538,18.120344135950027,16.294321061230356
1568700,oJXXVhFJaulRsMKo8iZ7PWewFKPbuwQtyXbR0IjQOWli8GZb66VGcdj+SpYd0Lsh,14.52365649938122,17.87546745997974,15.958316637213125
1569000,oJXXVhFJaulRsMKo8iZ7PWewFKPbuwQtyXbR0IjQOWli8GZb66VGcdj+SpYd0Lsh,15.234868597213808,18.30947363708416,16.3879895114052
1569300,oJXXVhFJaulRsMKo8iZ7PWewFKPbuwQtyXbR0IjQOWli8GZb66VGcdj+SpYd0Lsh,15.404484388690532,20.325639883469083,16.593204022950793
1569600,oJXXVhFJaulRsMKo8iZ7PWewFKPbuwQtyXbR0IjQOWli8GZb66VGcdj+SpYd0Lsh,14.269156885113782,39.69989136262182,19.83838722308446
1569900,oJXXVhFJaulRsMKo8iZ7PWewFKPbuwQtyXbR0IjQOWli8GZb66VGcdj+SpYd0Lsh,13.537808301829829,18.37482827569339,15.923067337686454
1570200,oJXXVhFJaulRsMKo8iZ7PWewFKPbuwQtyXbR0IjQOWli8GZb66VGcdj+SpYd0Lsh,12.844152976275764,19.883694013934782,16.237681122934667
1570500,oJXXVhFJaulRsMKo8iZ7PWewFKPbuwQtyXbR0IjQOWli8GZb66VGcdj+SpYd0Lsh,12.322994281279115,23.5320143977816,17.255987133713496
1570800,oJXXVhFJaulRsMKo8iZ7PWewFKPbuwQtyXbR0IjQOWli8GZb66VGcdj+SpYd0Lsh,11.170140075087604,26.212939724028168,17.221748705822694
1571100,oJXXVhFJaulRsMKo8iZ7PWewFKPbuwQtyXbR0IjQOWli8GZb66VGcdj+SpYd0Lsh,10.797922025384798,21.695622304740805,16.148663300996184
1571400,oJXXVhFJaulRsMKo8iZ7PWewFKPbuwQtyXbR0IjQOWli8GZb66VGcdj+SpYd0Lsh,9.54194064721371,24.02920793849067,16.216577992108103
1571700,oJXXVhFJaulRsMKo8iZ7PWewFKPbuwQtyXbR0IjQOWli8GZb66VGcdj+SpYd0Lsh,8.78607547998047,23.161898958158368,16.629527768288533
1572000,oJXXVhFJaulRsMKo8iZ7PWewFKPbuwQtyXbR0IjQOWli8GZb66VGcdj+SpYd0Lsh,8.28291754591301,35.5792701742197,17.72700830997974
1572300,oJXXVhFJaulRsMKo8iZ7PWewFKPbuwQtyXbR0IjQOWli8GZb66VGcdj+SpYd0Lsh,7.49094891684673,24.731876146326805,16.168264246339877
1572600,oJXXVhFJaulRsMKo8iZ7PWewFKPbuwQtyXbR0IjQOWli8GZb66VGcdj+SpYd0Lsh,6.812656865573518,24.99182381967374,16.234796761836723
1572900,oJXXVhFJaulRsMKo8iZ7PWewFKPbuwQtyXbR0IjQOWli8GZb66VGcdj+SpYd0Lsh,5.89727317054129,25.307885930676136,14.708729047514984
1573200,oJXXVhFJaulRsMKo8iZ7PWewFKPbuwQtyXbR0IjQOWli8GZb66VGcdj+SpYd0Lsh,5.125761328390304,26.832055382995645,16.12076806326999
1573500,oJXXVhFJaulRsMKo8iZ7PWewFKPbuwQtyXbR0IjQOWli8GZb66VGcdj+SpYd0Lsh,4.3280600536635845,27.43278656676516,15.861963980089554
1573800,oJXXVhFJaulRsMKo8iZ7PWewFKPbuwQtyXbR0IjQOWli8GZb66VGcdj+SpYd0Lsh,3.4443376357638598,28.28759199630184,16.165272653546005
1574100,oJXXVhFJaulRsMKo8iZ7PWewFKPbuwQtyXbR0IjQOWli8GZb66VGcdj+SpYd0Lsh,2.630583543632508,29.027502074848,15.77098958219686
1574400,oJXXVhFJaulRsMKo8iZ7PWewFKPbuwQtyXbR0IjQOWli8GZb66VGcdj+SpYd0Lsh,2.556909453259621,32.377820321883256,18.404345353486733
1574700,oJXXVhFJaulRsMKo8iZ7PWewFKPbuwQtyXbR0IjQOWli8GZb66VGcdj+SpYd0Lsh,2.222555271418156,29.670115819230688,15.93975711010696
1575000,oJXXVhFJaulRsMKo8iZ7PWewFKPbuwQtyXbR0IjQOWli8GZb66VGcdj+SpYd0Lsh,2.1562010698607827,29.464336015120775,16.171920532640637
1575300,oJXXVhFJaulRsMKo8iZ7PWewFKPbuwQtyXbR0IjQOWli8GZb66VGcdj+SpYd0Lsh,2.318429472086127,30.077202582768457,16.438028966058198
1575600,oJXXVhFJaulRsMKo8iZ7PWewFKPbuwQtyXbR0IjQOWli8GZb66VGcdj+SpYd0Lsh,2.156601726719301,32.27130836955559,16.280556468346486
1575900,oJXXVhFJaulRsMKo8iZ7PWewFKPbuwQtyXbR0IjQOWli8GZb66VGcdj+SpYd0Lsh,2.165522110228286,29.701643835374306,15.932355759420227
1576200,oJXXVhFJaulRsMKo8iZ7PWewFKPbuwQtyXbR0IjQOWli8GZb66VGcdj+SpYd0Lsh,2.2699964788856004,32.07744757470207,16.29633920128181
1576500,oJXXVhFJaulRsMKo8iZ7PWewFKPbuwQtyXbR0IjQOWli8GZb66VGcdj+SpYd0Lsh,2.3846817157052205,29.596429112671995,15.95047671095648
1576800,oJXXVhFJaulRsMKo8iZ7PWewFKPbuwQtyXbR0IjQOWli8GZb66VGcdj+SpYd0Lsh,2.196569797092731,31.69746321856732,16.199255108960966
1577100,oJXXVhFJaulRsMKo8iZ7PWewFKPbuwQtyXbR0IjQOWli8GZb66VGcdj+SpYd0Lsh,2.2045644634541155,29.62995555361188,14.594399265383265
1577400,oJXXVhFJaulRsMKo8iZ7PWewFKPbuwQtyXbR0IjQOWli8GZb66VGcdj+SpYd0Lsh,2.3043743151169145,30.58039784460888,16.08582940634041
1577700,oJXXVhFJaulRsMKo8iZ7PWewFKPbuwQtyXbR0IjQOWli8GZb66VGcdj+SpYd0Lsh,2.278820041415768,29.49060188911793,15.854474414827054
1578000,oJXXVhFJaulRsMKo8iZ7PWewFKPbuwQtyXbR0IjQOWli8GZb66VGcdj+SpYd0Lsh,2.2397745317109483,32.15975897652278,16.768527158091697
1578300,oJXXVhFJaulRsMKo8iZ7PWewFKPbuwQtyXbR0IjQOWli8GZb66VGcdj+SpYd0Lsh,2.448858929110296,31.761907881786826,17.74240481806859
1578600,oJXXVhFJaulRsMKo8iZ7PWewFKPbuwQtyXbR0IjQOWli8GZb66VGcdj+SpYd0Lsh,2.1727880088135336,31.702402637660104,16.129851090803893
1578900,oJXXVhFJaulRsMKo8iZ7PWewFKPbuwQtyXbR0IjQOWli8GZb66VGcdj+SpYd0Lsh,2.2394582051660175,29.337104920285658,15.900195656476669
1579200,oJXXVhFJaulRsMKo8iZ7PWewFKPbuwQtyXbR0IjQOWli8GZb66VGcdj+SpYd0Lsh,2.1194554039289395,31.9581965687217,16.231803880014983
1579500,oJXXVhFJaulRsMKo8iZ7PWewFKPbuwQtyXbR0IjQOWli8GZb66VGcdj+SpYd0Lsh,2.073496191857944,29.48777417454319,15.890679729873156
1579800,oJXXVhFJaulRsMKo8iZ7PWewFKPbuwQtyXbR0IjQOWli8GZb66VGcdj+SpYd0Lsh,2.190782757175921,29.53722568744592,16.235066922598453
1580100,oJXXVhFJaulRsMKo8iZ7PWewFKPbuwQtyXbR0IjQOWli8GZb66VGcdj+SpYd0Lsh,2.324795808102516,29.294184379484467,15.925485248171762
1580400,oJXXVhFJaulRsMKo8iZ7PWewFKPbuwQtyXbR0IjQOWli8GZb66VGcdj+SpYd0Lsh,2.272164515058777,31.8119002287598,19.070045132651654
1580700,oJXXVhFJaulRsMKo8iZ7PWewFKPbuwQtyXbR0IjQOWli8GZb66VGcdj+SpYd0Lsh,2.547759977422905,80.79288625092225,26.711407750687005
1581000,oJXXVhFJaulRsMKo8iZ7PWewFKPbuwQtyXbR0IjQOWli8GZb66VGcdj+SpYd0Lsh,2.2966740206322425,29.33371981627884,16.31434911484368
1581300,oJXXVhFJaulRsMKo8iZ7PWewFKPbuwQtyXbR0IjQOWli8GZb66VGcdj+SpYd0Lsh,2.219873274622199,29.381644502301643,15.99162427378134
1581600,oJXXVhFJaulRsMKo8iZ7PWewFKPbuwQtyXbR0IjQOWli8GZb66VGcdj+SpYd0Lsh,2.317001809611692,29.354131086872457,16.23779248697708
1581900,oJXXVhFJaulRsMKo8iZ7PWewFKPbuwQtyXbR0IjQOWli8GZb66VGcdj+SpYd0Lsh,2.757227965338666,31.936454998199316,17.555261352070602
1582200,oJXXVhFJaulRsMKo8iZ7PWewFKPbuwQtyXbR0IjQOWli8GZb66VGcdj+SpYd0Lsh,2.491015265377992,32.30433055231878,18.097723395408615
1582500,oJXXVhFJaulRsMKo8iZ7PWewFKPbuwQtyXbR0IjQOWli8GZb66VGcdj+SpYd0Lsh,2.270420888124058,29.522244906346803,15.947164044953224
1582800,oJXXVhFJaulRsMKo8iZ7PWewFKPbuwQtyXbR0IjQOWli8GZb66VGcdj+SpYd0Lsh,2.3822377847486806,29.68086619666722,16.251736483707454
1583100,oJXXVhFJaulRsMKo8iZ7PWewFKPbuwQtyXbR0IjQOWli8GZb66VGcdj+SpYd0Lsh,2.148488916315499,29.13012654165913,15.84280345608877
1583400,oJXXVhFJaulRsMKo8iZ7PWewFKPbuwQtyXbR0IjQOWli8GZb66VGcdj+SpYd0Lsh,2.321871706670831,29.543089690701112,16.251206231297235
1583700,oJXXVhFJaulRsMKo8iZ7PWewFKPbuwQtyXbR0IjQOWli8GZb66VGcdj+SpYd0Lsh,2.438315893366282,29.37609214983929,15.97335942122236
1584000,oJXXVhFJaulRsMKo8iZ7PWewFKPbuwQtyXbR0IjQOWli8GZb66VGcdj+SpYd0Lsh,2.129498701228903,31.69999060809166,16.189173542055656
1584300,oJXXVhFJaulRsMKo8iZ7PWewFKPbuwQtyXbR0IjQOWli8GZb66VGcdj+SpYd0Lsh,2.2291845968369293,29.89087250232105,16.048238823576316
1584600,oJXXVhFJaulRsMKo8iZ7PWewFKPbuwQtyXbR0IjQOWli8GZb66VGcdj+SpYd0Lsh,2.362450472217786,32.139714283964764,16.214696878646507
1584900,oJXXVhFJaulRsMKo8iZ7PWewFKPbuwQtyXbR0IjQOWli8GZb66VGcdj+SpYd0Lsh,2.1559107530179804,29.391984146396464,17.385254156443484
1585200,oJXXVhFJaulRsMKo8iZ7PWewFKPbuwQtyXbR0IjQOWli8GZb66VGcdj+SpYd0Lsh,2.214782634663188,32.412622337052746,16.22123577397239
1585500,oJXXVhFJaulRsMKo8iZ7PWewFKPbuwQtyXbR0IjQOWli8GZb66VGcdj+SpYd0Lsh,2.456628237875532,29.484750205254215,16.02854588902012
1585800,oJXXVhFJaulRsMKo8iZ7PWewFKPbuwQtyXbR0IjQOWli8GZb66VGcdj+SpYd0Lsh,2.788538193436247,34.68290002219838,17.53631514831401
1586100,oJXXVhFJaulRsMKo8iZ7PWewFKPbuwQtyXbR0IjQOWli8GZb66VGcdj+SpYd0Lsh,2.3617051177698243,32.55234239982443,16.92509773663042
1586400,oJXXVhFJaulRsMKo8iZ7PWewFKPbuwQtyXbR0IjQOWli8GZb66VGcdj+SpYd0Lsh,2.532685048739042,31.66838523579669,16.20004444383736
1586700,oJXXVhFJaulRsMKo8iZ7PWewFKPbuwQtyXbR0IjQOWli8GZb66VGcdj+SpYd0Lsh,2.2438757628199864,29.193889816503784,15.878390602425576
1587000,oJXXVhFJaulRsMKo8iZ7PWewFKPbuwQtyXbR0IjQOWli8GZb66VGcdj+SpYd0Lsh,2.3902937951725667,31.54406769729969,16.239907716743947
1587300,oJXXVhFJaulRsMKo8iZ7PWewFKPbuwQtyXbR0IjQOWli8GZb66VGcdj+SpYd0Lsh,2.2359184753419195,29.271597730279453,15.913770361994112
1587600,oJXXVhFJaulRsMKo8iZ7PWewFKPbuwQtyXbR0IjQOWli8GZb66VGcdj+SpYd0Lsh,2.1844699033107404,29.69971999854177,16.118960884458225
1587900,oJXXVhFJaulRsMKo8iZ7PWewFKPbuwQtyXbR0IjQOWli8GZb66VGcdj+SpYd0Lsh,2.2647418250958347,29.3779198505522,15.878112123910736
1588200,UB7m2LiuAwPW+9VBUgKarkZY2iU238Mct+KP+hxaPlXh7O5vIkd80sPnOuCMZJfH,0.683404792223902,8.163070880383861,1.830021782877704
1588500,UB7m2LiuAwPW+9VBUgKarkZY2iU238Mct+KP+hxaPlXh7O5vIkd80sPnOuCMZJfH,0.6394480073537071,4.48306377911468,1.1589604193970682
1588800,UB7m2LiuAwPW+9VBUgKarkZY2iU238Mct+KP+hxaPlXh7O5vIkd80sPnOuCMZJfH,0.7258736130916986,1.8855489156945668,0.9662493585738884
1589100,UB7m2LiuAwPW+9VBUgKarkZY2iU238Mct+KP+hxaPlXh7O5vIkd80sPnOuCMZJfH,0.6706627078714443,2.035960559587551,0.933683956392218
1589400,UB7m2LiuAwPW+9VBUgKarkZY2iU238Mct+KP+hxaPlXh7O5vIkd80sPnOuCMZJfH,0.6682982732798523,1.5126585086071944,0.9078032366078372
1589700,UB7m2LiuAwPW+9VBUgKarkZY2iU238Mct+KP+hxaPlXh7O5vIkd80sPnOuCMZJfH,0.6134622793468566,1.641530104387786,0.899461824137021
1590000,UB7m2LiuAwPW+9VBUgKarkZY2iU238Mct+KP+hxaPlXh7O5vIkd80sPnOuCMZJfH,0.7140407971370196,1.7975940549221874,1.0088875900500602
1590300,UB7m2LiuAwPW+9VBUgKarkZY2iU238Mct+KP+hxaPlXh7O5vIkd80sPnOuCMZJfH,0.5656420873980228,1.595244261974725,0.8551813300586155
1590600,UB7m2LiuAwPW+9VBUgKarkZY2iU238Mct+KP+hxaPlXh7O5vIkd80sPnOuCMZJfH,0.5796825692622624,1.49591840645283,0.8490250918445256
1590900,UB7m2LiuAwPW+9VBUgKarkZY2iU238Mct+KP+hxaPlXh7O5vIkd80sPnOuCMZJfH,0.6667493425976949,1.8218807770311032,0.899974470235547
1591200,UB7m2LiuAwPW+9VBUgKarkZY2iU238Mct+KP+hxaPlXh7O5vIkd80sPnOuCMZJfH,0.673815702149415,1.5499469236647274,0.900660169879735
1591500,UB7m2LiuAwPW+9VBUgKarkZY2iU238Mct+KP+hxaPlXh7O5vIkd80sPnOuCMZJfH,0.588291759572856,1.9894955408753945,0.938863287982907
1591800,UB7m2LiuAwPW+9VBUgKarkZY2iU238Mct+KP+hxaPlXh7O5vIkd80sPnOuCMZJfH,0.6462226969193284,1.4276191114506644,0.8961068116978456
1592100,UB7m2LiuAwPW+9VBUgKarkZY2iU238Mct+KP+hxaPlXh7O5vIkd80sPnOuCMZJfH,0.6193838177781004,4.111135432652668,1.2883852017559314
1592400,UB7m2LiuAwPW+9VBUgKarkZY2iU238Mct+KP+hxaPlXh7O5vIkd80sPnOuCMZJfH,0.6192681404158356,1.7170377890664326,0.8834561314091719
1592700,UB7m2LiuAwPW+9VBUgKarkZY2iU238Mct+KP+hxaPlXh7O5vIkd80sPnOuCMZJfH,0.733666068414196,1.0130935242254082,0.8856802449140176
1593000,UB7m2LiuAwPW+9VBUgKarkZY2iU238Mct+KP+hxaPlXh7O5vIkd80sPnOuCMZJfH,0.6429067095717143,1.7960634315379125,0.8921740821918049
1593300,UB7m2LiuAwPW+9VBUgKarkZY2iU238Mct+KP+hxaPlXh7O5vIkd80sPnOuCMZJfH,0.6632160724211018,1.0125924711604744,0.8403355335367382
1593600,UB7m2LiuAwPW+9VBUgKarkZY2iU238Mct+KP+hxaPlXh7O5vIkd80sPnOuCMZJfH,0.7421567207918593,1.6567478809544618,0.9700336027457144
1593900,UB7m2LiuAwPW+9VBUgKarkZY2iU238Mct+KP+hxaPlXh7O5vIkd80sPnOuCMZJfH,0.5824079930164651,1.9366771991128904,0.8332927484679153
1594200,UB7m2LiuAwPW+9VBUgKarkZY2iU238Mct+KP+hxaPlXh7O5vIkd80sPnOuCMZJfH,0.5850141033368336,1.7268322849233166,0.850897470599089
1594500,UB7m2LiuAwPW+9VBUgKarkZY2iU238Mct+KP+hxaPlXh7O5vIkd80sPnOuCMZJfH,0.6335714038930442,1.6402148722277132,0.8874595239795042
1594800,UB7m2LiuAwPW+9VBUgKarkZY2iU238Mct+KP+hxaPlXh7O5vIkd80sPnOuCMZJfH,0.6203774991070607,1.4749356855037867,0.8271580689397947
1595100,UB7m2LiuAwPW+9VBUgKarkZY2iU238Mct+KP+hxaPlXh7O5vIkd80sPnOuCMZJfH,0.5556063627831577,1.7069760863925345,0.8854185850583388
1595400,UB7m2LiuAwPW+9VBUgKarkZY2iU238Mct+KP+hxaPlXh7O5vIkd80sPnOuCMZJfH,0.6512777415418052,1.7430360893215429,0.92475235203471
1595700,UB7m2LiuAwPW+9VBUgKarkZY2iU238Mct+KP+hxaPlXh7O5vIkd80sPnOuCMZJfH,0.6335375448437288,4.279607355631131,1.44682931406232
1596000,UB7m2LiuAwPW+9VBUgKarkZY2iU238Mct+KP+hxaPlXh7O5vIkd80sPnOuCMZJfH,0.657290802677607,1.6507248818785685,0.8822139332288701
1596300,UB7m2LiuAwPW+9VBUgKarkZY2iU238Mct+KP+hxaPlXh7O5vIkd80sPnOuCMZJfH,0.6754780934160955,1.10731501928829,0.837777450506936
1596600,UB7m2LiuAwPW+9VBUgKarkZY2iU238Mct+KP+hxaPlXh7O5vIkd80sPnOuCMZJfH,0.6584095342877607,1.7033934035859004,0.8744673202637148
1596900,UB7m2LiuAwPW+9VBUgKarkZY2iU238Mct+KP+hxaPlXh7O5vIkd80sPnOuCMZJfH,0.7251838899491798,1.0250902429834965,0.8639965782340532
1597200,UB7m2LiuAwPW+9VBUgKarkZY2iU238Mct+KP+hxaPlXh7O5vIkd80sPnOuCMZJfH,0.6791707565396139,1.6436191153693032,0.9911075725835828
1597500,UB7m2LiuAwPW+9VBUgKarkZY2iU238Mct+KP+hxaPlXh7O5vIkd80sPnOuCMZJfH,0.5999702091685751,1.5859367404557032,0.8115331531848039
1597800,UB7m2LiuAwPW+9VBUgKarkZY2iU238Mct+KP+hxaPlXh7O5vIkd80sPnOuCMZJfH,0.5881110991556916,1.4774440816882364,0.8908482669459358
1598100,UB7m2LiuAwPW+9VBUgKarkZY2iU238Mct+KP+hxaPlXh7O5vIkd80sPnOuCMZJfH,0.6686422827305004,1.6196877063944932,0.8867762212275305
1598400,UB7m2LiuAwPW+9VBUgKarkZY2iU238Mct+KP+hxaPlXh7O5vIkd80sPnOuCMZJfH,0.5939095273566678,1.458810409388308,0.8466953584046712
1598700,UB7m2LiuAwPW+9VBUgKarkZY2iU238Mct+KP+hxaPlXh7O5vIkd80sPnOuCMZJfH,0.5921957969904313,1.8521855624172572,0.9172458428264094
1599000,UB7m2LiuAwPW+9VBUgKarkZY2iU238Mct+KP+hxaPlXh7O5vIkd80sPnOuCMZJfH,0.6387765200129926,1.740930367285792,0.922465955909374
1599300,UB7m2LiuAwPW+9VBUgKarkZY2iU238Mct+KP+hxaPlXh7O5vIkd80sPnOuCMZJfH,0.618300475481513,4.962138953494667,1.2883830931909364
1599600,UB7m2LiuAwPW+9VBUgKarkZY2iU238Mct+KP+hxaPlXh7O5vIkd80sPnOuCMZJfH,0.6281335222878534,1.398518781519024,0.8414166244682871
1599900,UB7m2LiuAwPW+9VBUgKarkZY2iU238Mct+KP+hxaPlXh7O5vIkd80sPnOuCMZJfH,0.5914465361558476,0.8842310152631889,0.761800646867159
1600200,UB7m2LiuAwPW+9VBUgKarkZY2iU238Mct+KP+hxaPlXh7O5vIkd80sPnOuCMZJfH,0.5528483962310273,4.3670773350007766,1.1199010291907554
1600500,UB7m2LiuAwPW+9VBUgKarkZY2iU238Mct+KP+hxaPlXh7O5vIkd80sPnOuCMZJfH,0.5961936772139057,1.4033747923268345,0.7825866136614988
1600800,UB7m2LiuAwPW+9VBUgKarkZY2iU238Mct+KP+hxaPlXh7O5vIkd80sPnOuCMZJfH,0.583147944568037,1.4149298375428574,0.8679162029448942
1601100,UB7m2LiuAwPW+9VBUgKarkZY2iU238Mct+KP+hxaPlXh7O5vIkd80sPnOuCMZJfH,0.5858643004325461,1.4993891337721197,0.7841458543578518
1601400,UB7m2LiuAwPW+9VBUgKarkZY2iU238Mct+KP+hxaPlXh7O5vIkd80sPnOuCMZJfH,0.6178859317074777,1.620603740075708,0.8407342069367761
1601700,UB7m2LiuAwPW+9VBUgKarkZY2iU238Mct+KP+hxaPlXh7O5vIkd80sPnOuCMZJfH,0.5774515386865748,1.5948615570241793,0.8391320145130049
1602000,UB7m2LiuAwPW+9VBUgKarkZY2iU238Mct+KP+hxaPlXh7O5vIkd80sPnOuCMZJfH,0.616767784384806,1.2318842026569503,0.7836794815615022
1602300,UB7m2LiuAwPW+9VBUgKarkZY2iU238Mct+KP+hxaPlXh7O5vIkd80sPnOuCMZJfH,0.540699979124123,2.013003081878906,0.8732628068146991
1602600,UB7m2LiuAwPW+9VBUgKarkZY2iU238Mct+KP+hxaPlXh7O5vIkd80sPnOuCMZJfH,0.6090702013040681,1.3463252430869834,0.8778786355876494
1602900,UB7m2LiuAwPW+9VBUgKarkZY2iU238Mct+KP+hxaPlXh7O5vIkd80sPnOuCMZJfH,0.5995523758973655,7.983284284681178,2.071351853948564
1603200,UB7m2LiuAwPW+9VBUgKarkZY2iU238Mct+KP+hxaPlXh7O5vIkd80sPnOuCMZJfH,0.6299078842054584,1.597485498871389,0.9570036380227056
1603500,UB7m2LiuAwPW+9VBUgKarkZY2iU238Mct+KP+hxaPlXh7O5vIkd80sPnOuCMZJfH,0.6451647303851025,0.9628320390235764,0.7904583686472095
1603800,UB7m2LiuAwPW+9VBUgKarkZY2iU238Mct+KP+hxaPlXh7O5vIkd80sPnOuCMZJfH,0.5709977113386212,1.743128594094674,0.8715029996271723
1604100,UB7m2LiuAwPW+9VBUgKarkZY2iU238Mct+KP+hxaPlXh7O5vIkd80sPnOuCMZJfH,0.6315722720382537,0.9791671452893902,0.7565475699803478
1604400,UB7m2LiuAwPW+9VBUgKarkZY2iU238Mct+KP+hxaPlXh7O5vIkd80sPnOuCMZJfH,0.6120142951292425,1.7542486127064796,0.885669506064846
1604700,UB7m2LiuAwPW+9VBUgKarkZY2iU238Mct+KP+hxaPlXh7O5vIkd80sPnOuCMZJfH,0.5812577903715963,0.9245808957311012,0.7386622385099357
1605000,UB7m2LiuAwPW+9VBUgKarkZY2iU238Mct+KP+hxaPlXh7O5vIkd80sPnOuCMZJfH,0.6099910456589048,1.5078146799865078,0.8275832128268604
1605300,UB7m2LiuAwPW+9VBUgKarkZY2iU238Mct+KP+hxaPlXh7O5vIkd80sPnOuCMZJfH,0.6540959146962223,0.9607723395464874,0.809148556746425
1605600,UB7m2LiuAwPW+9VBUgKarkZY2iU238Mct+KP+hxaPlXh7O5vIkd80sPnOuCMZJfH,0.6032232250536766,1.463357855250053,0.838687006676468
1605900,UB7m2LiuAwPW+9VBUgKarkZY2iU238Mct+KP+hxaPlXh7O5vIkd80sPnOuCMZJfH,0.587246933063205,1.6663447352347829,0.8656221608859078
1606200,UB7m2LiuAwPW+9VBUgKarkZY2iU238Mct+KP+hxaPlXh7O5vIkd80sPnOuCMZJfH,0.60242285144623,1.5614346103685983,0.9260630030842032
1606500,UB7m2LiuAwPW+9VBUgKarkZY2iU238Mct+KP+hxaPlXh7O5vIkd80sPnOuCMZJfH,0.5963263719791768,9.147683394311834,2.1244134453120966
1606800,UB7m2LiuAwPW+9VBUgKarkZY2iU238Mct+KP+hxaPlXh7O5vIkd80sPnOuCMZJfH,0.6175435188407926,1.6659567037731653,0.9384561643769936
1607100,UB7m2LiuAwPW+9VBUgKarkZY2iU238Mct+KP+hxaPlXh7O5vIkd80sPnOuCMZJfH,0.6459364406626575,0.941438411669098,0.8051002546092466
1607400,UB7m2LiuAwPW+9VBUgKarkZY2iU238Mct+KP+hxaPlXh7O5vIkd80sPnOuCMZJfH,0.6329596335142441,1.4798768981098218,0.897814805338114
1607700,UB7m2LiuAwPW+9VBUgKarkZY2iU238Mct+KP+hxaPlXh7O5vIkd80sPnOuCMZJfH,0.6437761137448131,1.4562944099186983,0.8253022895245176
1608000,UB7m2LiuAwPW+9VBUgKarkZY2iU238Mct+KP+hxaPlXh7O5vIkd80sPnOuCMZJfH,0.6241704827149167,1.3776845134996896,0.8523613763655685
1608300,UB7m2LiuAwPW+9VBUgKarkZY2iU238Mct+KP+hxaPlXh7O5vIkd80sPnOuCMZJfH,0.6020311207910598,1.5720444723908649,0.8529178105613081
1608600,UB7m2LiuAwPW+9VBUgKarkZY2iU238Mct+KP+hxaPlXh7O5vIkd80sPnOuCMZJfH,0.5821315855842438,1.6427967416428495,0.8726466097270563
1608900,UB7m2LiuAwPW+9VBUgKarkZY2iU238Mct+KP+hxaPlXh7O5vIkd80sPnOuCMZJfH,0.6525638064199499,0.8841407384414107,0.7870732926043966
1609200,UB7m2LiuAwPW+9VBUgKarkZY2iU238Mct+KP+hxaPlXh7O5vIkd80sPnOuCMZJfH,0.6217155533990641,1.7295079815307115,0.9081465209091238
1609500,UB7m2LiuAwPW+9VBUgKarkZY2iU238Mct+KP+hxaPlXh7O5vIkd80sPnOuCMZJfH,0.5904097392443596,1.7891140355644324,0.8532808259192638
1609800,UB7m2LiuAwPW+9VBUgKarkZY2iU238Mct+KP+hxaPlXh7O5vIkd80sPnOuCMZJfH,0.6876550913884568,12.590097249738331,1.917449514187357
1610100,UB7m2LiuAwPW+9VBUgKarkZY2iU238Mct+KP+hxaPlXh7O5vIkd80sPnOuCMZJfH,0.692873761741783,7.559811256153146,2.0603921358055923
1610400,UB7m2LiuAwPW+9VBUgKarkZY2iU238Mct+KP+hxaPlXh7O5vIkd80sPnOuCMZJfH,0.6313864561055929,1.7138426722710631,0.88279517963819
1610700,UB7m2LiuAwPW+9VBUgKarkZY2iU238Mct+KP+hxaPlXh7O5vIkd80sPnOuCMZJfH,0.6955802837420495,1.575748734541834,0.8679683515799363
1611000,UB7m2LiuAwPW+9VBUgKarkZY2iU238Mct+KP+hxaPlXh7O5vIkd80sPnOuCMZJfH,0.6682958884011723,8.90213737288386,1.5706056534635722
1611300,UB7m2LiuAwPW+9VBUgKarkZY2iU238Mct+KP+hxaPlXh7O5vIkd80sPnOuCMZJfH,0.6673720759651883,6.808811903996511,1.7050093545982006
1611600,UB7m2LiuAwPW+9VBUgKarkZY2iU238Mct+KP+hxaPlXh7O5vIkd80sPnOuCMZJfH,0.6450970825416475,1.6528528657615182,0.8748636529465126
1611900,UB7m2LiuAwPW+9VBUgKarkZY2iU238Mct+KP+hxaPlXh7O5vIkd80sPnOuCMZJfH,0.64005410690113,0.9197211701462478,0.7735402921814171
1612200,UB7m2LiuAwPW+9VBUgKarkZY2iU238Mct+KP+hxaPlXh7O5vIkd80sPnOuCMZJfH,0.6267581502041466,1.4482106296332693,0.8136198554581185
1612500,UB7m2LiuAwPW+9VBUgKarkZY2iU238Mct+KP+hxaPlXh7O5vIkd80sPnOuCMZJfH,0.5980666604170659,1.6521878067629998,0.8729042470571104
1612800,UB7m2LiuAwPW+9VBUgKarkZY2iU238Mct+KP+hxaPlXh7O5vIkd80sPnOuCMZJfH,0.5874712554367879,1.5317799066704587,0.8289966538873776
1613100,UB7m2LiuAwPW+9VBUgKarkZY2iU238Mct+KP+hxaPlXh7O5vIkd80sPnOuCMZJfH,0.5935953024048475,1.710053980289195,0.8612961825227374
1613400,UB7m2LiuAwPW+9VBUgKarkZY2iU238Mct+KP+hxaPlXh7O5vIkd80sPnOuCMZJfH,0.698681274190979,1.5333069461603075,0.8612421810122823
1613700,UB7m2LiuAwPW+9VBUgKarkZY2iU238Mct+KP+hxaPlXh7O5vIkd80sPnOuCMZJfH,0.6235358114603797,6.142105683333245,1.229514855054388
1614000,UB7m2LiuAwPW+9VBUgKarkZY2iU238Mct+KP+hxaPlXh7O5vIkd80sPnOuCMZJfH,0.6137168903463429,9.115083960209379,1.8490741030104625
1614300,UB7m2LiuAwPW+9VBUgKarkZY2iU238Mct+KP+hxaPlXh7O5vIkd80sPnOuCMZJfH,0.6734524659440503,1.677709770712998,0.850339885207202
1614600,UB7m2LiuAwPW+9VBUgKarkZY2iU238Mct+KP+hxaPlXh7O5vIkd80sPnOuCMZJfH,0.5984847670017432,1.472587324741978,0.8000724002948785
1614900,UB7m2LiuAwPW+9VBUgKarkZY2iU238Mct+KP+hxaPlXh7O5vIkd80sPnOuCMZJfH,0.6209376824664322,1.5101025200730482,0.8464420049698815
1615200,UB7m2LiuAwPW+9VBUgKarkZY2iU238Mct+KP+hxaPlXh7O5vIkd80sPnOuCMZJfH,0.70705137435918,1.8189699149140235,0.9899755632527896
1615500,UB7m2LiuAwPW+9VBUgKarkZY2iU238Mct+KP+hxaPlXh7O5vIkd80sPnOuCMZJfH,0.7120370813192538,13.027095350743911,2.003181323684127
1615800,UB7m2LiuAwPW+9VBUgKarkZY2iU238Mct+KP+hxaPlXh7O5vIkd80sPnOuCMZJfH,0.5843539962533683,1.4082428571099572,0.8555260651287183
1616100,UB7m2LiuAwPW+9VBUgKarkZY2iU238Mct+KP+hxaPlXh7O5vIkd80sPnOuCMZJfH,0.7836221004787453,18.603266374615156,3.934226132512016
1616400,UB7m2LiuAwPW+9VBUgKarkZY2iU238Mct+KP+hxaPlXh7O5vIkd80sPnOuCMZJfH,0.6297830571998311,1.2891206828561408,0.8573046696403748
1616700,UB7m2LiuAwPW+9VBUgKarkZY2iU238Mct+KP+hxaPlXh7O5vIkd80sPnOuCMZJfH,0.6515432052990549,1.923214639135193,0.9796002673572152
1617000,UB7m2LiuAwPW+9VBUgKarkZY2iU238Mct+KP+hxaPlXh7O5vIkd80sPnOuCMZJfH,0.649374553543953,1.5548304338234196,0.9525287743386496
1617300,UB7m2LiuAwPW+9VBUgKarkZY2iU238Mct+KP+hxaPlXh7O5vIkd80sPnOuCMZJfH,0.5745922773007257,0.997260829458092,0.7845123440745854
1617600,UB7m2LiuAwPW+9VBUgKarkZY2iU238Mct+KP+hxaPlXh7O5vIkd80sPnOuCMZJfH,0.6677526463854871,8.01696968067918,1.8817141281857936
1617900,UB7m2LiuAwPW+9VBUgKarkZY2iU238Mct+KP+hxaPlXh7O5vIkd80sPnOuCMZJfH,0.7389813521596813,1.451067429497312,0.9074792978915956
1618200,UB7m2LiuAwPW+9VBUgKarkZY2iU238Mct+KP+hxaPlXh7O5vIkd80sPnOuCMZJfH,0.6332251744036158,1.4826639366968768,0.9496742089589164
1618500,UB7m2LiuAwPW+9VBUgKarkZY2iU238Mct+KP+hxaPlXh7O5vIkd80sPnOuCMZJfH,0.6137184239469728,1.403421438350599,0.8706762025514048
1618800,UB7m2LiuAwPW+9VBUgKarkZY2iU238Mct+KP+hxaPlXh7O5vIkd80sPnOuCMZJfH,0.691893280409582,1.4833937808443625,0.9296701107857852
1619100,UB7m2LiuAwPW+9VBUgKarkZY2iU238Mct+KP+hxaPlXh7O5vIkd80sPnOuCMZJfH,0.5624198488556801,1.458070930697157,0.8240820919627092
1619400,UB7m2LiuAwPW+9VBUgKarkZY2iU238Mct+KP+hxaPlXh7O5vIkd80sPnOuCMZJfH,0.5995386063951974,1.4968836075420286,0.7972986201782086
1619700,UB7m2LiuAwPW+9VBUgKarkZY2iU238Mct+KP+hxaPlXh7O5vIkd80sPnOuCMZJfH,0.666083722995411,1.6063934518671783,0.9508256602065188
1620000,UB7m2LiuAwPW+9VBUgKarkZY2iU238Mct+KP+hxaPlXh7O5vIkd80sPnOuCMZJfH,0.6084482848227563,0.9560009469055488,0.7954440842325738
1620300,UB7m2LiuAwPW+9VBUgKarkZY2iU238Mct+KP+hxaPlXh7O5vIkd80sPnOuCMZJfH,0.6628621647057154,2.718475690206179,1.0896891080990514
1620600,UB7m2LiuAwPW+9VBUgKarkZY2iU238Mct+KP+hxaPlXh7O5vIkd80sPnOuCMZJfH,0.7026928721251571,0.9737189332525829,0.8127179758057089
1620900,UB7m2LiuAwPW+9VBUgKarkZY2iU238Mct+KP+hxaPlXh7O5vIkd80sPnOuCMZJfH,0.6425142383866058,1.5130691729687489,0.8995324428844057
1621200,UB7m2LiuAwPW+9VBUgKarkZY2iU238Mct+KP+hxaPlXh7O5vIkd80sPnOuCMZJfH,0.6845509193948491,6.880194362997084,2.1741455050660607
1621500,UB7m2LiuAwPW+9VBUgKarkZY2iU238Mct+KP+hxaPlXh7O5vIkd80sPnOuCMZJfH,0.6651083421403066,1.5874884046121085,0.9188452103449776
1621800,UB7m2LiuAwPW+9VBUgKarkZY2iU238Mct+KP+hxaPlXh7O5vIkd80sPnOuCMZJfH,0.6274645033609463,0.9857597144937564,0.8321313920946655
1622100,UB7m2LiuAwPW+9VBUgKarkZY2iU238Mct+KP+hxaPlXh7O5vIkd80sPnOuCMZJfH,0.6362032193895037,1.3850957847670164,0.881199840286805
1622400,UB7m2LiuAwPW+9VBUgKarkZY2iU238Mct+KP+hxaPlXh7O5vIkd80sPnOuCMZJfH,0.7389566758243646,1.0731953264329883,0.8447360422513586
1622700,UB7m2LiuAwPW+9VBUgKarkZY2iU238Mct+KP+hxaPlXh7O5vIkd80sPnOuCMZJfH,0.5792916476064077,1.4041324210030093,0.8513811702223583
1623000,UB7m2LiuAwPW+9VBUgKarkZY2iU238Mct+KP+hxaPlXh7O5vIkd80sPnOuCMZJfH,0.6480179179731855,0.9714929774253592,0.8064714991144852
1623300,UB7m2LiuAwPW+9VBUgKarkZY2iU238Mct+KP+hxaPlXh7O5vIkd80sPnOuCMZJfH,0.6872616072645674,1.5020396896054562,0.930109713910744
1623600,UB7m2LiuAwPW+9VBUgKarkZY2iU238Mct+KP+hxaPlXh7O5vIkd80sPnOuCMZJfH,0.6752818515517798,1.0196904210208204,0.8357758590520117
1623900,UB7m2LiuAwPW+9VBUgKarkZY2iU238Mct+KP+hxaPlXh7O5vIkd80sPnOuCMZJfH,0.7154088030399451,2.5292922898817407,0.9682184118021911
1624200,UB7m2LiuAwPW+9VBUgKarkZY2iU238Mct+KP+hxaPlXh7O5vIkd80sPnOuCMZJfH,0.6963948995169514,0.9943630610584788,0.8275566415114126
1624500,UB7m2LiuAwPW+9VBUgKarkZY2iU238Mct+KP+hxaPlXh7O5vIkd80sPnOuCMZJfH,0.6087164577135528,1.5290770601327663,0.9162514509421406
1624800,UB7m2LiuAwPW+9VBUgKarkZY2iU238Mct+KP+hxaPlXh7O5vIkd80sPnOuCMZJfH,0.6673814798900665,5.164904364985073,1.478682260516392
1625100,UB7m2LiuAwPW+9VBUgKarkZY2iU238Mct+KP+hxaPlXh7O5vIkd80sPnOuCMZJfH,0.7359711389137675,1.546958906733569,0.9583858707515844
1625400,UB7m2LiuAwPW+9VBUgKarkZY2iU238Mct+KP+hxaPlXh7O5vIkd80sPnOuCMZJfH,0.7442209660333704,0.9785489272447244,0.8462153247808972
1625700,UB7m2LiuAwPW+9VBUgKarkZY2iU238Mct+KP+hxaPlXh7O5vIkd80sPnOuCMZJfH,0.6608834790090106,1.2814516944775425,0.84705000271835
1626000,UB7m2LiuAwPW+9VBUgKarkZY2iU238Mct+KP+hxaPlXh7O5vIkd80sPnOuCMZJfH,0.6507648271800395,0.9873460229261368,0.8131990858368725
1626300,UB7m2LiuAwPW+9VBUgKarkZY2iU238Mct+KP+hxaPlXh7O5vIkd80sPnOuCMZJfH,0.6652461659645968,1.6499824943116388,0.8904072776814385
1626600,UB7m2LiuAwPW+9VBUgKarkZY2iU238Mct+KP+hxaPlXh7O5vIkd80sPnOuCMZJfH,0.6238393922684129,0.9822316305446082,0.811522830276553
1626900,UB7m2LiuAwPW+9VBUgKarkZY2iU238Mct+KP+hxaPlXh7O5vIkd80sPnOuCMZJfH,0.665752182563578,1.6255333496448612,0.9503233055748744
1627200,UB7m2LiuAwPW+9VBUgKarkZY2iU238Mct+KP+hxaPlXh7O5vIkd80sPnOuCMZJfH,0.5994065639913785,1.0660042547708803,0.8222997183639584
1627500,UB7m2LiuAwPW+9VBUgKarkZY2iU238Mct+KP+hxaPlXh7O5vIkd80sPnOuCMZJfH,0.6970449125438051,1.7559911674386757,1.047619313734628
1627800,UB7m2LiuAwPW+9VBUgKarkZY2iU238Mct+KP+hxaPlXh7O5vIkd80sPnOuCMZJfH,0.6004290243307981,1.57010895625222,0.912263735766525
1628100,UB7m2LiuAwPW+9VBUgKarkZY2iU238Mct+KP+hxaPlXh7O5vIkd80sPnOuCMZJfH,0.6781408789789443,1.3592093717887146,0.877345840719884
1628400,UB7m2LiuAwPW+9VBUgKarkZY2iU238Mct+KP+hxaPlXh7O5vIkd80sPnOuCMZJfH,0.6435371916654106,8.01975839149673,2.022992199795896
1628700,UB7m2LiuAwPW+9VBUgKarkZY2iU238Mct+KP+hxaPlXh7O5vIkd80sPnOuCMZJfH,0.7393701190341974,1.664456690580906,0.9661187994880528
1629000,UB7m2LiuAwPW+9VBUgKarkZY2iU238Mct+KP+hxaPlXh7O5vIkd80sPnOuCMZJfH,0.6661537334593742,1.517482575525224,0.9129734336949376
1629300,UB7m2LiuAwPW+9VBUgKarkZY2iU238Mct+KP+hxaPlXh7O5vIkd80sPnOuCMZJfH,0.680622791103843,1.591326476550921,0.95921338013791
1629600,UB7m2LiuAwPW+9VBUgKarkZY2iU238Mct+KP+hxaPlXh7O5vIkd80sPnOuCMZJfH,0.7221168983372525,1.0346739289007767,0.8634661269978356
1629900,UB7m2LiuAwPW+9VBUgKarkZY2iU238Mct+KP+hxaPlXh7O5vIkd80sPnOuCMZJfH,0.6593377160349055,1.5219005810448032,0.8795337935524274
1630200,UB7m2LiuAwPW+9VBUgKarkZY2iU238Mct+KP+hxaPlXh7O5vIkd80sPnOuCMZJfH,0.6604228117207431,0.9776884358646362,0.792926502917123
1630500,UB7m2LiuAwPW+9VBUgKarkZY2iU238Mct+KP+hxaPlXh7O5vIkd80sPnOuCMZJfH,0.6348574007858727,1.5261130714825688,0.9202505812913472
1630800,UB7m2LiuAwPW+9VBUgKarkZY2iU238Mct+KP+hxaPlXh7O5vIkd80sPnOuCMZJfH,0.6973771091002738,1.0365296023288977,0.842859406544965
1631100,UB7m2LiuAwPW+9VBUgKarkZY2iU238Mct+KP+hxaPlXh7O5vIkd80sPnOuCMZJfH,0.6848473583530537,1.8964188673885056,0.9759503468195088
1631400,UB7m2LiuAwPW+9VBUgKarkZY2iU238Mct+KP+hxaPlXh7O5vIkd80sPnOuCMZJfH,0.6382892913050151,1.0063691525885394,0.8148069567552301
1631700,UB7m2LiuAwPW+9VBUgKarkZY2iU238Mct+KP+hxaPlXh7O5vIkd80sPnOuCMZJfH,0.6585710839755705,1.303129373081974,0.8662644563680569
1632000,UB7m2LiuAwPW+9VBUgKarkZY2iU238Mct+KP+hxaPlXh7O5vIkd80sPnOuCMZJfH,0.6945873614598285,6.010965151547378,1.9039057561617525
1632300,UB7m2LiuAwPW+9VBUgKarkZY2iU238Mct+KP+hxaPlXh7O5vIkd80sPnOuCMZJfH,0.6991691866665378,1.7843947612322262,0.9532415022343752
1632600,UB7m2LiuAwPW+9VBUgKarkZY2iU238Mct+KP+hxaPlXh7O5vIkd80sPnOuCMZJfH,0.731305722894975,0.9905039207133676,0.8375607513966457
1632900,UB7m2LiuAwPW+9VBUgKarkZY2iU238Mct+KP+hxaPlXh7O5vIkd80sPnOuCMZJfH,0.5641102550856735,1.6119085240559594,0.9524980479165636
1633200,UB7m2LiuAwPW+9VBUgKarkZY2iU238Mct+KP+hxaPlXh7O5vIkd80sPnOuCMZJfH,0.651443835695332,1.1132003499926002,0.809196385896723
1633500,UB7m2LiuAwPW+9VBUgKarkZY2iU238Mct+KP+hxaPlXh7O5vIkd80sPnOuCMZJfH,0.7084107559204905,1.7773421828066025,0.957270526717082
1633800,UB7m2LiuAwPW+9VBUgKarkZY2iU238Mct+KP+hxaPlXh7O5vIkd80sPnOuCMZJfH,0.6043862666779964,0.9796889507880686,0.8026066820586599
1634100,UB7m2LiuAwPW+9VBUgKarkZY2iU238Mct+KP+hxaPlXh7O5vIkd80sPnOuCMZJfH,0.6465944825791285,1.483625266037409,0.9138198182123972
1634400,UB7m2LiuAwPW+9VBUgKarkZY2iU238Mct+KP+hxaPlXh7O5vIkd80sPnOuCMZJfH,0.6984459014048175,1.1053070306603563,0.858813602757082
1634700,UB7m2LiuAwPW+9VBUgKarkZY2iU238Mct+KP+hxaPlXh7O5vIkd80sPnOuCMZJfH,0.7070965373225575,1.991926901443816,1.034579535535556
1635000,UB7m2LiuAwPW+9VBUgKarkZY2iU238Mct+KP+hxaPlXh7O5vIkd80sPnOuCMZJfH,0.709013632259548,0.9558690394221268,0.86070231188686
1635300,UB7m2LiuAwPW+9VBUgKarkZY2iU238Mct+KP+hxaPlXh7O5vIkd80sPnOuCMZJfH,0.7104152929012864,1.6126208368600206,0.9415301439483552
1635600,UB7m2LiuAwPW+9VBUgKarkZY2iU238Mct+KP+hxaPlXh7O5vIkd80sPnOuCMZJfH,0.686712384737121,2.0443318055987287,0.8802674397247316
1635900,UB7m2LiuAwPW+9VBUgKarkZY2iU238Mct+KP+hxaPlXh7O5vIkd80sPnOuCMZJfH,0.7748477576312611,8.39155784933901,2.3005388190889007
1636200,UB7m2LiuAwPW+9VBUgKarkZY2iU238Mct+KP+hxaPlXh7O5vIkd80sPnOuCMZJfH,0.6954648431047981,1.1298129103412633,0.8623052866368832
1636500,UB7m2LiuAwPW+9VBUgKarkZY2iU238Mct+KP+hxaPlXh7O5vIkd80sPnOuCMZJfH,0.688831596170181,1.801544557210746,0.890191705784415
1636800,UB7m2LiuAwPW+9VBUgKarkZY2iU238Mct+KP+hxaPlXh7O5vIkd80sPnOuCMZJfH,0.7273834779530481,1.1126656717084773,0.901095231889138
1637100,UB7m2LiuAwPW+9VBUgKarkZY2iU238Mct+KP+hxaPlXh7O5vIkd80sPnOuCMZJfH,0.747079537491468,1.7708113083367527,0.9589196906412436
1637400,UB7m2LiuAwPW+9VBUgKarkZY2iU238Mct+KP+hxaPlXh7O5vIkd80sPnOuCMZJfH,0.7697119232199247,8.284429009385246,2.3336396761448928
1637700,UB7m2LiuAwPW+9VBUgKarkZY2iU238Mct+KP+hxaPlXh7O5vIkd80sPnOuCMZJfH,0.986769675226817,55.65513536643528,18.015422624504016
1638000,UB7m2LiuAwPW+9VBUgKarkZY2iU238Mct+KP+hxaPlXh7O5vIkd80sPnOuCMZJfH,2.5838131136020106,55.47144508361039,15.536975006794528
1638300,UB7m2LiuAwPW+9VBUgKarkZY2iU238Mct+KP+hxaPlXh7O5vIkd80sPnOuCMZJfH,0.8129451941779126,21.50879673169966,6.936586665429099
1638600,UB7m2LiuAwPW+9VBUgKarkZY2iU238Mct+KP+hxaPlXh7O5vIkd80sPnOuCMZJfH,0.7076078069300012,12.26498815694295,1.948245592175482
1638900,UB7m2LiuAwPW+9VBUgKarkZY2iU238Mct+KP+hxaPlXh7O5vIkd80sPnOuCMZJfH,0.7591235290816063,1.6115096593399758,0.9549775276291989
1639200,UB7m2LiuAwPW+9VBUgKarkZY2iU238Mct+KP+hxaPlXh7O5vIkd80sPnOuCMZJfH,0.7252705235366238,1.8413447120575104,0.9460715219904032
1639500,UB7m2LiuAwPW+9VBUgKarkZY2iU238Mct+KP+hxaPlXh7O5vIkd80sPnOuCMZJfH,0.6780280964005673,5.149197068550933,1.5358301192308723
1639800,UB7m2LiuAwPW+9VBUgKarkZY2iU238Mct+KP+hxaPlXh7O5vIkd80sPnOuCMZJfH,0.7203760322976348,1.090185238524004,0.8644333197561167
1640100,UB7m2LiuAwPW+9VBUgKarkZY2iU238Mct+KP+hxaPlXh7O5vIkd80sPnOuCMZJfH,0.7229363231592125,7.87737052061966,2.8157850190747835
1640400,UB7m2LiuAwPW+9VBUgKarkZY2iU238Mct+KP+hxaPlXh7O5vIkd80sPnOuCMZJfH,0.647352748558017,1.0560136377577205,0.8347880117470684
1640700,UB7m2LiuAwPW+9VBUgKarkZY2iU238Mct+KP+hxaPlXh7O5vIkd80sPnOuCMZJfH,0.6734795037920569,1.3627655347077827,0.931834695736078
1641000,UB7m2LiuAwPW+9VBUgKarkZY2iU238Mct+KP+hxaPlXh7O5vIkd80sPnOuCMZJfH,0.6222604387394008,1.0887482731930502,0.8260781912133488
1641300,UB7m2LiuAwPW+9VBUgKarkZY2iU238Mct+KP+hxaPlXh7O5vIkd80sPnOuCMZJfH,0.6805277706770448,1.4247005559811277,0.8929145471598183
1641600,UB7m2LiuAwPW+9VBUgKarkZY2iU238Mct+KP+hxaPlXh7O5vIkd80sPnOuCMZJfH,0.6742586668697441,1.0470728609050206,0.8176474889972954
1641900,UB7m2LiuAwPW+9VBUgKarkZY2iU238Mct+KP+hxaPlXh7O5vIkd80sPnOuCMZJfH,0.7317857821438578,1.6566364162748275,1.0065790492148667
1642200,UB7m2LiuAwPW+9VBUgKarkZY2iU238Mct+KP+hxaPlXh7O5vIkd80sPnOuCMZJfH,0.7233292675197187,1.048666173927956,0.9064685151311082
1642500,UB7m2LiuAwPW+9VBUgKarkZY2iU238Mct+KP+hxaPlXh7O5vIkd80sPnOuCMZJfH,0.7237970926290282,1.4305352348183995,0.9157932831915232
1642800,UB7m2LiuAwPW+9VBUgKarkZY2iU238Mct+KP+hxaPlXh7O5vIkd80sPnOuCMZJfH,0.6828664281689927,1.7616699421803732,0.9404074697263612
1643100,UB7m2LiuAwPW+9VBUgKarkZY2iU238Mct+KP+hxaPlXh7O5vIkd80sPnOuCMZJfH,0.6874568812372821,4.727865061585033,1.4446396335145226
1643400,UB7m2LiuAwPW+9VBUgKarkZY2iU238Mct+KP+hxaPlXh7O5vIkd80sPnOuCMZJfH,0.6853573603522853,1.0404906381068508,0.8354269311447095
1643700,UB7m2LiuAwPW+9VBUgKarkZY2iU238Mct+KP+hxaPlXh7O5vIkd80sPnOuCMZJfH,0.6935254185276565,1.9698511949008903,1.0118692487465248
1644000,UB7m2LiuAwPW+9VBUgKarkZY2iU238Mct+KP+hxaPlXh7O5vIkd80sPnOuCMZJfH,0.7463967713441122,1.0900051508345088,0.8771767300444409
1644300,UB7m2LiuAwPW+9VBUgKarkZY2iU238Mct+KP+hxaPlXh7O5vIkd80sPnOuCMZJfH,0.7014570363214897,1.6746663734816172,0.9306697704289
1644600,UB7m2LiuAwPW+9VBUgKarkZY2iU238Mct+KP+hxaPlXh7O5vIkd80sPnOuCMZJfH,0.5830400170162843,0.9596053359007368,0.8021026692292633
1644900,UB7m2LiuAwPW+9VBUgKarkZY2iU238Mct+KP+hxaPlXh7O5vIkd80sPnOuCMZJfH,0.6683230423530353,39.04200874680942,13.405623015263012
1645200,UB7m2LiuAwPW+9VBUgKarkZY2iU238Mct+KP+hxaPlXh7O5vIkd80sPnOuCMZJfH,0.6628202310484691,1.0288722733839384,0.839437289489311
1645500,UB7m2LiuAwPW+9VBUgKarkZY2iU238Mct+KP+hxaPlXh7O5vIkd80sPnOuCMZJfH,0.7773534910640106,1.8147890176835415,1.0152164957177874
1645800,UB7m2LiuAwPW+9VBUgKarkZY2iU238Mct+KP+hxaPlXh7O5vIkd80sPnOuCMZJfH,0.7607458827191144,1.139637582352089,0.8754671049228612
1646100,UB7m2LiuAwPW+9VBUgKarkZY2iU238Mct+KP+hxaPlXh7O5vIkd80sPnOuCMZJfH,0.6408557259497327,1.626786110917302,0.8694268371785556
1646400,UB7m2LiuAwPW+9VBUgKarkZY2iU238Mct+KP+hxaPlXh7O5vIkd80sPnOuCMZJfH,0.6532246455250857,1.9142453693739816,0.89739470961384
1646700,UB7m2LiuAwPW+9VBUgKarkZY2iU238Mct+KP+hxaPlXh7O5vIkd80sPnOuCMZJfH,0.6444891012686667,3.63233849202206,1.419498554876634
1647000,UB7m2LiuAwPW+9VBUgKarkZY2iU238Mct+KP+hxaPlXh7O5vIkd80sPnOuCMZJfH,0.6561483180731446,7.963112107420383,1.3626066252102838
1647300,UB7m2LiuAwPW+9VBUgKarkZY2iU238Mct+KP+hxaPlXh7O5vIkd80sPnOuCMZJfH,0.6919273864897773,1.6889971000933393,0.8989503789985653
1647600,UB7m2LiuAwPW+9VBUgKarkZY2iU238Mct+KP+hxaPlXh7O5vIkd80sPnOuCMZJfH,0.7520624527625625,1.093315332791281,0.8731292851488943
1647900,UB7m2LiuAwPW+9VBUgKarkZY2iU238Mct+KP+hxaPlXh7O5vIkd80sPnOuCMZJfH,0.6942023104466623,1.6728913776324978,0.9086002887031857
1648200,UB7m2LiuAwPW+9VBUgKarkZY2iU238Mct+KP+hxaPlXh7O5vIkd80sPnOuCMZJfH,0.6638562065074851,2.8633398179321663,1.1250773376466476
1648500,UB7m2LiuAwPW+9VBUgKarkZY2iU238Mct+KP+hxaPlXh7O5vIkd80sPnOuCMZJfH,0.7366114335370922,1.8961456531680283,1.0035020609755547
1648800,UB7m2LiuAwPW+9VBUgKarkZY2iU238Mct+KP+hxaPlXh7O5vIkd80sPnOuCMZJfH,0.674456644859314,1.0261306075942478,0.8397646460928062
1649100,UB7m2LiuAwPW+9VBUgKarkZY2iU238Mct+KP+hxaPlXh7O5vIkd80sPnOuCMZJfH,0.6171398957257049,1.8132308014094576,0.9507090274301152
1649400,UB7m2LiuAwPW+9VBUgKarkZY2iU238Mct+KP+hxaPlXh7O5vIkd80sPnOuCMZJfH,0.7272283787639816,1.0597740425070663,0.8665603637422179
1649700,UB7m2LiuAwPW+9VBUgKarkZY2iU238Mct+KP+hxaPlXh7O5vIkd80sPnOuCMZJfH,0.7028959022411265,1.62786858658295,0.9287285978001196
1650000,UB7m2LiuAwPW+9VBUgKarkZY2iU238Mct+KP+hxaPlXh7O5vIkd80sPnOuCMZJfH,0.6324544286327002,1.7812249511100604,0.8939542638679702
1650300,UB7m2LiuAwPW+9VBUgKarkZY2iU238Mct+KP+hxaPlXh7O5vIkd80sPnOuCMZJfH,0.723452977724844,4.3079754353463695,1.5321892806051676
1650600,UB7m2LiuAwPW+9VBUgKarkZY2iU238Mct+KP+hxaPlXh7O5vIkd80sPnOuCMZJfH,0.7001671518275646,1.3438591123045776,0.8785551010903052
1650900,UB7m2LiuAwPW+9VBUgKarkZY2iU238Mct+KP+hxaPlXh7O5vIkd80sPnOuCMZJfH,0.6055062268543778,1.4522911759501504,0.8487769637164972
1651200,UB7m2LiuAwPW+9VBUgKarkZY2iU238Mct+KP+hxaPlXh7O5vIkd80sPnOuCMZJfH,0.727744484129254,1.0390522362856776,0.8782381586488279
1651500,UB7m2LiuAwPW+9VBUgKarkZY2iU238Mct+KP+hxaPlXh7O5vIkd80sPnOuCMZJfH,0.7058500727084567,1.5127225832223907,0.8837739028267555
1651800,UB7m2LiuAwPW+9VBUgKarkZY2iU238Mct+KP+hxaPlXh7O5vIkd80sPnOuCMZJfH,0.6976285752436148,0.9682423973656826,0.8256223623859975
1652100,UB7m2LiuAwPW+9VBUgKarkZY2iU238Mct+KP+hxaPlXh7O5vIkd80sPnOuCMZJfH,0.6332122936179625,1.491745922785202,0.9347547435941675
1652400,UB7m2LiuAwPW+9VBUgKarkZY2iU238Mct+KP+hxaPlXh7O5vIkd80sPnOuCMZJfH,0.6802339360542236,0.9694576379505764,0.836542484168071
1652700,UB7m2LiuAwPW+9VBUgKarkZY2iU238Mct+KP+hxaPlXh7O5vIkd80sPnOuCMZJfH,0.6464305558372607,1.789957375364032,1.00250097843323
1653000,UB7m2LiuAwPW+9VBUgKarkZY2iU238Mct+KP+hxaPlXh7O5vIkd80sPnOuCMZJfH,0.6596529538117104,1.1468513566329137,0.8663737239676153
1653300,UB7m2LiuAwPW+9VBUgKarkZY2iU238Mct+KP+hxaPlXh7O5vIkd80sPnOuCMZJfH,0.6908597338580702,1.6968557263497406,0.9301583837434116
1653600,UB7m2LiuAwPW+9VBUgKarkZY2iU238Mct+KP+hxaPlXh7O5vIkd80sPnOuCMZJfH,0.6503741316730676,1.7981294685418086,0.9057341849647824
1653900,UB7m2LiuAwPW+9VBUgKarkZY2iU238Mct+KP+hxaPlXh7O5vIkd80sPnOuCMZJfH,0.7275359677198421,4.199274595713865,1.4635569915743083
1654200,UB7m2LiuAwPW+9VBUgKarkZY2iU238Mct+KP+hxaPlXh7O5vIkd80sPnOuCMZJfH,0.6713245802640969,1.0572577499046707,0.8355198858692751
1654500,UB7m2LiuAwPW+9VBUgKarkZY2iU238Mct+KP+hxaPlXh7O5vIkd80sPnOuCMZJfH,0.6615533735991107,1.6708823027773518,0.9241510744431308
1654800,UB7m2LiuAwPW+9VBUgKarkZY2iU238Mct+KP+hxaPlXh7O5vIkd80sPnOuCMZJfH,0.705600098378693,1.0630852102840342,0.8245493956745907
1655100,UB7m2LiuAwPW+9VBUgKarkZY2iU238Mct+KP+hxaPlXh7O5vIkd80sPnOuCMZJfH,0.7044471087514721,1.4765782107967595,0.8879799452400126
1655400,UB7m2LiuAwPW+9VBUgKarkZY2iU238Mct+KP+hxaPlXh7O5vIkd80sPnOuCMZJfH,0.7007715792210216,0.9728853211423536,0.8086691921089975
1655700,UB7m2LiuAwPW+9VBUgKarkZY2iU238Mct+KP+hxaPlXh7O5vIkd80sPnOuCMZJfH,0.7391974298745677,1.594987712168754,0.9143699902529157
1656000,UB7m2LiuAwPW+9VBUgKarkZY2iU238Mct+KP+hxaPlXh7O5vIkd80sPnOuCMZJfH,0.7235486509084145,1.0737102856841076,0.837525110111628
1656300,UB7m2LiuAwPW+9VBUgKarkZY2iU238Mct+KP+hxaPlXh7O5vIkd80sPnOuCMZJfH,0.6739059066107383,1.8046196388827207,0.9823179336207178
1656600,UB7m2LiuAwPW+9VBUgKarkZY2iU238Mct+KP+hxaPlXh7O5vIkd80sPnOuCMZJfH,0.7210556637289566,1.6859362065009476,0.9312627095449934
1656900,UB7m2LiuAwPW+9VBUgKarkZY2iU238Mct+KP+hxaPlXh7O5vIkd80sPnOuCMZJfH,0.6640575405472565,1.553618817859871,0.9052594030851276
1657200,UB7m2LiuAwPW+9VBUgKarkZY2iU238Mct+KP+hxaPlXh7O5vIkd80sPnOuCMZJfH,0.5845851045669442,1.6974167510798024,0.8601491734004681
1657500,UB7m2LiuAwPW+9VBUgKarkZY2iU238Mct+KP+hxaPlXh7O5vIkd80sPnOuCMZJfH,0.61727832713322,1.6382353583331513,0.965714666582165
1657800,UB7m2LiuAwPW+9VBUgKarkZY2iU238Mct+KP+hxaPlXh7O5vIkd80sPnOuCMZJfH,0.5998404667659268,3.832433552588283,1.1973608671398537
1658100,UB7m2LiuAwPW+9VBUgKarkZY2iU238Mct+KP+hxaPlXh7O5vIkd80sPnOuCMZJfH,0.6140656757443986,1.6443612064436213,0.9505240663147692
1658400,UB7m2LiuAwPW+9VBUgKarkZY2iU238Mct+KP+hxaPlXh7O5vIkd80sPnOuCMZJfH,0.6283834113571136,0.894402761300123,0.7718071935972062
1658700,UB7m2LiuAwPW+9VBUgKarkZY2iU238Mct+KP+hxaPlXh7O5vIkd80sPnOuCMZJfH,0.5817579902320464,6.837268604025606,1.7611373539511224
1659000,UB7m2LiuAwPW+9VBUgKarkZY2iU238Mct+KP+hxaPlXh7O5vIkd80sPnOuCMZJfH,0.595517223764919,0.9754897715937696,0.7244100897443048
1659300,UB7m2LiuAwPW+9VBUgKarkZY2iU238Mct+KP+hxaPlXh7O5vIkd80sPnOuCMZJfH,0.6402589712933552,1.4083541014731515,0.832951829887963
1659600,UB7m2LiuAwPW+9VBUgKarkZY2iU238Mct+KP+hxaPlXh7O5vIkd80sPnOuCMZJfH,0.6308241093428456,0.8911256227208243,0.7178529511031854
1659900,UB7m2LiuAwPW+9VBUgKarkZY2iU238Mct+KP+hxaPlXh7O5vIkd80sPnOuCMZJfH,0.6385384267201363,1.6683313138260345,0.8598918654578199
1660200,UB7m2LiuAwPW+9VBUgKarkZY2iU238Mct+KP+hxaPlXh7O5vIkd80sPnOuCMZJfH,0.604876582635158,0.979761996425578,0.7726110155260395
1660500,UB7m2LiuAwPW+9VBUgKarkZY2iU238Mct+KP+hxaPlXh7O5vIkd80sPnOuCMZJfH,0.5746421469002455,2.307040120468406,0.8583826622286623
1660800,UB7m2LiuAwPW+9VBUgKarkZY2iU238Mct+KP+hxaPlXh7O5vIkd80sPnOuCMZJfH,0.6200928796922267,1.5671438978501329,0.802390501791448
1661100,UB7m2LiuAwPW+9VBUgKarkZY2iU238Mct+KP+hxaPlXh7O5vIkd80sPnOuCMZJfH,0.6072653846568179,2.1883367423548026,0.8864736802259806
1661400,UB7m2LiuAwPW+9VBUgKarkZY2iU238Mct+KP+hxaPlXh7O5vIkd80sPnOuCMZJfH,0.5982737640294695,4.641181640249444,1.274951273263594
1661700,UB7m2LiuAwPW+9VBUgKarkZY2iU238Mct+KP+hxaPlXh7O5vIkd80sPnOuCMZJfH,0.5449435149620716,2.4012350672994893,0.8361395884668241
1662000,UB7m2LiuAwPW+9VBUgKarkZY2iU238Mct+KP+hxaPlXh7O5vIkd80sPnOuCMZJfH,0.638085189965011,0.9118098759949168,0.763525419361658
1662300,UB7m2LiuAwPW+9VBUgKarkZY2iU238Mct+KP+hxaPlXh7O5vIkd80sPnOuCMZJfH,0.5725446964458327,2.3510927163356428,0.8477268185305162
1662600,UB7m2LiuAwPW+9VBUgKarkZY2iU238Mct+KP+hxaPlXh7O5vIkd80sPnOuCMZJfH,0.6029101765766874,0.9219062957255636,0.718574898409194
1662900,UB7m2LiuAwPW+9VBUgKarkZY2iU238Mct+KP+hxaPlXh7O5vIkd80sPnOuCMZJfH,0.6490448650451277,2.4616820412744533,0.8769090426886009
1663200,UB7m2LiuAwPW+9VBUgKarkZY2iU238Mct+KP+hxaPlXh7O5vIkd80sPnOuCMZJfH,0.5783315380041653,0.8424084188397167,0.7257256738685341
1663500,UB7m2LiuAwPW+9VBUgKarkZY2iU238Mct+KP+hxaPlXh7O5vIkd80sPnOuCMZJfH,0.5826621584537451,1.6356896323779668,0.8832278898605597
1663800,UB7m2LiuAwPW+9VBUgKarkZY2iU238Mct+KP+hxaPlXh7O5vIkd80sPnOuCMZJfH,0.57045547688529,0.9720008068795312,0.7658959162309055
1664100,UB7m2LiuAwPW+9VBUgKarkZY2iU238Mct+KP+hxaPlXh7O5vIkd80sPnOuCMZJfH,0.616413402153417,1.3803767466193342,0.7885008141342189
1664400,UB7m2LiuAwPW+9VBUgKarkZY2iU238Mct+KP+hxaPlXh7O5vIkd80sPnOuCMZJfH,0.6158038942706454,1.7354457590094352,0.9620935248874452
1664700,UB7m2LiuAwPW+9VBUgKarkZY2iU238Mct+KP+hxaPlXh7O5vIkd80sPnOuCMZJfH,0.7457597627062118,2.261796971606561,1.0649835673803874
1665000,UB7m2LiuAwPW+9VBUgKarkZY2iU238Mct+KP+hxaPlXh7O5vIkd80sPnOuCMZJfH,0.7238746717547193,7.106590959672526,2.0274766645562154
1665300,UB7m2LiuAwPW+9VBUgKarkZY2iU238Mct+KP+hxaPlXh7O5vIkd80sPnOuCMZJfH,0.7126253409110455,2.054858347094513,0.9669318173708672
1665600,UB7m2LiuAwPW+9VBUgKarkZY2iU238Mct+KP+hxaPlXh7O5vIkd80sPnOuCMZJfH,0.6382088940864227,1.0887801219646993,0.8617196923596435
1665900,UB7m2LiuAwPW+9VBUgKarkZY2iU238Mct+KP+hxaPlXh7O5vIkd80sPnOuCMZJfH,0.6631985981454122,1.4883127585832687,0.889455147803416
1666200,UB7m2LiuAwPW+9VBUgKarkZY2iU238Mct+KP+hxaPlXh7O5vIkd80sPnOuCMZJfH,0.6629710472407859,1.0948064221757403,0.8218581100427003
1666500,UB7m2LiuAwPW+9VBUgKarkZY2iU238Mct+KP+hxaPlXh7O5vIkd80sPnOuCMZJfH,0.71340049471907,1.5409962896555358,0.9001301755865792
1666800,UB7m2LiuAwPW+9VBUgKarkZY2iU238Mct+KP+hxaPlXh7O5vIkd80sPnOuCMZJfH,0.682913068226935,1.0732565686770037,0.823373841049627
1667100,UB7m2LiuAwPW+9VBUgKarkZY2iU238Mct+KP+hxaPlXh7O5vIkd80sPnOuCMZJfH,0.6372260849310557,1.8410362023076912,0.921866613144148
1667400,UB7m2LiuAwPW+9VBUgKarkZY2iU238Mct+KP+hxaPlXh7O5vIkd80sPnOuCMZJfH,0.6551467937133485,15.11308984148348,2.1015319965168344
1667700,UB7m2LiuAwPW+9VBUgKarkZY2iU238Mct+KP+hxaPlXh7O5vIkd80sPnOuCMZJfH,0.7367078553491355,1.6825609268846058,0.9388407707744224
1668000,UB7m2LiuAwPW+9VBUgKarkZY2iU238Mct+KP+hxaPlXh7O5vIkd80sPnOuCMZJfH,0.717796912811344,1.4512201757658394,0.901225347667086
1668300,UB7m2LiuAwPW+9VBUgKarkZY2iU238Mct+KP+hxaPlXh7O5vIkd80sPnOuCMZJfH,0.7052419850981543,1.555842988651048,0.9141831897896145
1668600,UB7m2LiuAwPW+9VBUgKarkZY2iU238Mct+KP+hxaPlXh7O5vIkd80sPnOuCMZJfH,0.7213596740100762,4.238209971894892,1.3801023676374415
1668900,UB7m2LiuAwPW+9VBUgKarkZY2iU238Mct+KP+hxaPlXh7O5vIkd80sPnOuCMZJfH,0.6890906309865547,6.554048961669784,2.1342878256351443
1669200,UB7m2LiuAwPW+9VBUgKarkZY2iU238Mct+KP+hxaPlXh7O5vIkd80sPnOuCMZJfH,0.7236341034098159,1.0784527814104696,0.8654489793484647
1669500,UB7m2LiuAwPW+9VBUgKarkZY2iU238Mct+KP+hxaPlXh7O5vIkd80sPnOuCMZJfH,0.6944166702646001,1.5588260474075304,0.8903174651711742
1669800,UB7m2LiuAwPW+9VBUgKarkZY2iU238Mct+KP+hxaPlXh7O5vIkd80sPnOuCMZJfH,0.666645357361465,0.8970509333440018,0.7963420209555927
1670100,UB7m2LiuAwPW+9VBUgKarkZY2iU238Mct+KP+hxaPlXh7O5vIkd80sPnOuCMZJfH,0.7194942326364685,1.5018140126403936,0.8712930279809481
1670400,UB7m2LiuAwPW+9VBUgKarkZY2iU238Mct+KP+hxaPlXh7O5vIkd80sPnOuCMZJfH,0.7168928451536893,1.0809178835347868,0.8317753776251697
1670700,UB7m2LiuAwPW+9VBUgKarkZY2iU238Mct+KP+hxaPlXh7O5vIkd80sPnOuCMZJfH,0.6475177327470382,1.9867477704105985,0.9166933750182492
1671000,UB7m2LiuAwPW+9VBUgKarkZY2iU238Mct+KP+hxaPlXh7O5vIkd80sPnOuCMZJfH,0.6687904028515024,1.0311776116312297,0.868174687118902
1671300,UB7m2LiuAwPW+9VBUgKarkZY2iU238Mct+KP+hxaPlXh7O5vIkd80sPnOuCMZJfH,0.6148031804047823,1.7612107178777812,0.8800704608079413
1671600,UB7m2LiuAwPW+9VBUgKarkZY2iU238Mct+KP+hxaPlXh7O5vIkd80sPnOuCMZJfH,0.7297298262191022,1.6876791575370442,0.9026823820797248
1671900,UB7m2LiuAwPW+9VBUgKarkZY2iU238Mct+KP+hxaPlXh7O5vIkd80sPnOuCMZJfH,0.702382265988197,1.6998575588880522,0.9147283294490816
1672200,UB7m2LiuAwPW+9VBUgKarkZY2iU238Mct+KP+hxaPlXh7O5vIkd80sPnOuCMZJfH,0.6762489341791083,4.578701133909548,1.4152120697668138
1672500,UB7m2LiuAwPW+9VBUgKarkZY2iU238Mct+KP+hxaPlXh7O5vIkd80sPnOuCMZJfH,0.6584989225832395,1.368105417706974,0.8714615002507373
1672800,UB7m2LiuAwPW+9VBUgKarkZY2iU238Mct+KP+hxaPlXh7O5vIkd80sPnOuCMZJfH,0.6706467566246814,0.9592200183472908,0.803902528434752
1673100,UB7m2LiuAwPW+9VBUgKarkZY2iU238Mct+KP+hxaPlXh7O5vIkd80sPnOuCMZJfH,0.7008194030474402,1.664645808284682,0.8938131463845079
1673400,UB7m2LiuAwPW+9VBUgKarkZY2iU238Mct+KP+hxaPlXh7O5vIkd80sPnOuCMZJfH,0.6448231410083107,0.8880829380664226,0.7835100511413134
1673700,UB7m2LiuAwPW+9VBUgKarkZY2iU238Mct+KP+hxaPlXh7O5vIkd80sPnOuCMZJfH,0.6272558383860088,23.153110738242628,3.3087709922660467
1674000,UB7m2LiuAwPW+9VBUgKarkZY2iU238Mct+KP+hxaPlXh7O5vIkd80sPnOuCMZJfH,0.6220472129106179,0.9853355892893402,0.8308491774470121
1674300,UB7m2LiuAwPW+9VBUgKarkZY2iU238Mct+KP+hxaPlXh7O5vIkd80sPnOuCMZJfH,0.5787740441629095,1.8247576570138273,0.930774386024742
1674600,UB7m2LiuAwPW+9VBUgKarkZY2iU238Mct+KP+hxaPlXh7O5vIkd80sPnOuCMZJfH,0.6852358827674991,1.1224107779781287,0.8603368136314338
1674900,UB7m2LiuAwPW+9VBUgKarkZY2iU238Mct+KP+hxaPlXh7O5vIkd80sPnOuCMZJfH,0.629624870741713,1.3612079397292007,0.893913987733676
1675200,UB7m2LiuAwPW+9VBUgKarkZY2iU238Mct+KP+hxaPlXh7O5vIkd80sPnOuCMZJfH,0.678406257458813,1.855822353661976,0.918999228719326
1675500,UB7m2LiuAwPW+9VBUgKarkZY2iU238Mct+KP+hxaPlXh7O5vIkd80sPnOuCMZJfH,0.6602619045465858,1.6467104185620405,0.9017061286622337
1675800,UB7m2LiuAwPW+9VBUgKarkZY2iU238Mct+KP+hxaPlXh7O5vIkd80sPnOuCMZJfH,0.7364699111168781,4.965885424504997,1.3145369450320452
1676100,UB7m2LiuAwPW+9VBUgKarkZY2iU238Mct+KP+hxaPlXh7O5vIkd80sPnOuCMZJfH,0.6728960204243734,2.1433521988316957,1.02459485193068
1676400,UB7m2LiuAwPW+9VBUgKarkZY2iU238Mct+KP+hxaPlXh7O5vIkd80sPnOuCMZJfH,0.6968773811754442,1.2314542672229196,0.9018941006231204
1676700,UB7m2LiuAwPW+9VBUgKarkZY2iU238Mct+KP+hxaPlXh7O5vIkd80sPnOuCMZJfH,0.6301597578193846,1.6125681124485716,0.9006949710827945
1677000,UB7m2LiuAwPW+9VBUgKarkZY2iU238Mct+KP+hxaPlXh7O5vIkd80sPnOuCMZJfH,0.6863017223690535,1.0337008804907877,0.8448934259223384
1677300,UB7m2LiuAwPW+9VBUgKarkZY2iU238Mct+KP+hxaPlXh7O5vIkd80sPnOuCMZJfH,0.709326697805874,1.4055202958776465,0.9015882460449663
1677600,UB7m2LiuAwPW+9VBUgKarkZY2iU238Mct+KP+hxaPlXh7O5vIkd80sPnOuCMZJfH,0.6658026164307692,0.9145135138471152,0.823871457066122
1677900,UB7m2LiuAwPW+9VBUgKarkZY2iU238Mct+KP+hxaPlXh7O5vIkd80sPnOuCMZJfH,0.6681339275011167,1.6491673304181569,0.961849878996722
1678200,UB7m2LiuAwPW+9VBUgKarkZY2iU238Mct+KP+hxaPlXh7O5vIkd80sPnOuCMZJfH,0.554578202820224,1.1947527593799336,0.8508275819632628
1678500,UB7m2LiuAwPW+9VBUgKarkZY2iU238Mct+KP+hxaPlXh7O5vIkd80sPnOuCMZJfH,0.6437546309140116,1.56660516885609,0.905626575630738
1678800,UB7m2LiuAwPW+9VBUgKarkZY2iU238Mct+KP+hxaPlXh7O5vIkd80sPnOuCMZJfH,0.5961667971000443,1.5818132137058292,0.916191093410254
1679100,UB7m2LiuAwPW+9VBUgKarkZY2iU238Mct+KP+hxaPlXh7O5vIkd80sPnOuCMZJfH,0.689347321476652,1.577247652880576,0.9263665077245846
1679400,UB7m2LiuAwPW+9VBUgKarkZY2iU238Mct+KP+hxaPlXh7O5vIkd80sPnOuCMZJfH,0.6018992004095381,0.9915049174277226,0.788739090054739
1679700,UB7m2LiuAwPW+9VBUgKarkZY2iU238Mct+KP+hxaPlXh7O5vIkd80sPnOuCMZJfH,0.6577464244853704,3.514436362492457,1.3822763574318828
1680000,UB7m2LiuAwPW+9VBUgKarkZY2iU238Mct+KP+hxaPlXh7O5vIkd80sPnOuCMZJfH,0.6942976274268898,1.1181070645480833,0.899035696963876
1680300,UB7m2LiuAwPW+9VBUgKarkZY2iU238Mct+KP+hxaPlXh7O5vIkd80sPnOuCMZJfH,0.6545740443218953,1.5978325070799908,0.9721389519700232
1680600,UB7m2LiuAwPW+9VBUgKarkZY2iU238Mct+KP+hxaPlXh7O5vIkd80sPnOuCMZJfH,0.6871691523275952,1.0303516484310529,0.8741109838847975
1680900,UB7m2LiuAwPW+9VBUgKarkZY2iU238Mct+KP+hxaPlXh7O5vIkd80sPnOuCMZJfH,0.7509090896058545,1.939447874188564,0.9517124948481928
1681200,UB7m2LiuAwPW+9VBUgKarkZY2iU238Mct+KP+hxaPlXh7O5vIkd80sPnOuCMZJfH,0.7479284763342039,0.9497694787541222,0.8346143652204348
1681500,UB7m2LiuAwPW+9VBUgKarkZY2iU238Mct+KP+hxaPlXh7O5vIkd80sPnOuCMZJfH,0.6935535454349429,1.605340178074795,0.9672186926457844
1681800,UB7m2LiuAwPW+9VBUgKarkZY2iU238Mct+KP+hxaPlXh7O5vIkd80sPnOuCMZJfH,0.7641290845143102,1.339416937767531,0.8990202259219938
1682100,UB7m2LiuAwPW+9VBUgKarkZY2iU238Mct+KP+hxaPlXh7O5vIkd80sPnOuCMZJfH,0.6536850698040183,1.516093698705722,0.885596066869024
1682400,UB7m2LiuAwPW+9VBUgKarkZY2iU238Mct+KP+hxaPlXh7O5vIkd80sPnOuCMZJfH,0.722383147051951,1.677171432934309,0.9049982103368552
1682700,UB7m2LiuAwPW+9VBUgKarkZY2iU238Mct+KP+hxaPlXh7O5vIkd80sPnOuCMZJfH,0.7009361382811732,1.4569306867856684,0.9267137764434862
1683000,UB7m2LiuAwPW+9VBUgKarkZY2iU238Mct+KP+hxaPlXh7O5vIkd80sPnOuCMZJfH,0.7017827419027977,0.9707812303025316,0.8315544163139021
1683300,UB7m2LiuAwPW+9VBUgKarkZY2iU238Mct+KP+hxaPlXh7O5vIkd80sPnOuCMZJfH,0.6193700207530763,4.59653647092092,1.4511157676097453
1683600,UB7m2LiuAwPW+9VBUgKarkZY2iU238Mct+KP+hxaPlXh7O5vIkd80sPnOuCMZJfH,0.62411809388907,0.9979268239771888,0.8355996241731944
1683900,UB7m2LiuAwPW+9VBUgKarkZY2iU238Mct+KP+hxaPlXh7O5vIkd80sPnOuCMZJfH,0.6144922381703904,1.4202833990132728,0.8598286121480951
1684200,UB7m2LiuAwPW+9VBUgKarkZY2iU238Mct+KP+hxaPlXh7O5vIkd80sPnOuCMZJfH,0.6421846116922658,0.8792449102592506,0.7482812229785581
1684500,UB7m2LiuAwPW+9VBUgKarkZY2iU238Mct+KP+hxaPlXh7O5vIkd80sPnOuCMZJfH,0.6923171799013684,1.3383128284598993,0.89965267617214
1684800,UB7m2LiuAwPW+9VBUgKarkZY2iU238Mct+KP+hxaPlXh7O5vIkd80sPnOuCMZJfH,0.573686204867314,1.045483571328222,0.733779760283095
1685100,UB7m2LiuAwPW+9VBUgKarkZY2iU238Mct+KP+hxaPlXh7O5vIkd80sPnOuCMZJfH,0.62028066095798,1.5878965934394846,0.8715748453439744
1685400,UB7m2LiuAwPW+9VBUgKarkZY2iU238Mct+KP+hxaPlXh7O5vIkd80sPnOuCMZJfH,0.6197588331033334,1.0226651581878887,0.7820486891776138
1685700,UB7m2LiuAwPW+9VBUgKarkZY2iU238Mct+KP+hxaPlXh7O5vIkd80sPnOuCMZJfH,0.5535795820612307,1.305212769622751,0.7721647599305738
1686000,UB7m2LiuAwPW+9VBUgKarkZY2iU238Mct+KP+hxaPlXh7O5vIkd80sPnOuCMZJfH,0.6725543109577523,1.3356905833493973,0.8219978041991907
1686300,UB7m2LiuAwPW+9VBUgKarkZY2iU238Mct+KP+hxaPlXh7O5vIkd80sPnOuCMZJfH,0.6727009662165233,1.6109647731115493,0.8601727064373573
1686600,UB7m2LiuAwPW+9VBUgKarkZY2iU238Mct+KP+hxaPlXh7O5vIkd80sPnOuCMZJfH,0.5730365539588567,1.2857359316343264,0.7865924849127283
1686900,UB7m2LiuAwPW+9VBUgKarkZY2iU238Mct+KP+hxaPlXh7O5vIkd80sPnOuCMZJfH,0.5752486310449815,3.844624698466201,1.32038671952674
1687200,UB7m2LiuAwPW+9VBUgKarkZY2iU238Mct+KP+hxaPlXh7O5vIkd80sPnOuCMZJfH,0.5887154201589522,6.243028935403622,1.385401196056432
1687500,UB7m2LiuAwPW+9VBUgKarkZY2iU238Mct+KP+hxaPlXh7O5vIkd80sPnOuCMZJfH,0.6283036222105162,1.62987753359418,0.9010086469062776
1687800,UB7m2LiuAwPW+9VBUgKarkZY2iU238Mct+KP+hxaPlXh7O5vIkd80sPnOuCMZJfH,0.5801967762079434,1.4421254875971852,0.7885856055329566
1688100,UB7m2LiuAwPW+9VBUgKarkZY2iU238Mct+KP+hxaPlXh7O5vIkd80sPnOuCMZJfH,0.5741039971746354,1.9370375040579737,0.899587393466299
1688400,UB7m2LiuAwPW+9VBUgKarkZY2iU238Mct+KP+hxaPlXh7O5vIkd80sPnOuCMZJfH,0.606543641067015,0.8315478793284524,0.72778425913515
1688700,UB7m2LiuAwPW+9VBUgKarkZY2iU238Mct+KP+hxaPlXh7O5vIkd80sPnOuCMZJfH,0.581829922082217,2.0439735577640032,0.8555029881350388
1689000,UB7m2LiuAwPW+9VBUgKarkZY2iU238Mct+KP+hxaPlXh7O5vIkd80sPnOuCMZJfH,0.5844918586427221,0.96247110296198,0.7618109240380028
1689300,UB7m2LiuAwPW+9VBUgKarkZY2iU238Mct+KP+hxaPlXh7O5vIkd80sPnOuCMZJfH,0.6074971411452079,1.2752401064067067,0.7793033217772367
1689600,UB7m2LiuAwPW+9VBUgKarkZY2iU238Mct+KP+hxaPlXh7O5vIkd80sPnOuCMZJfH,0.5881538386282401,1.727322719154015,0.790797816795972
1689900,UB7m2LiuAwPW+9VBUgKarkZY2iU238Mct+KP+hxaPlXh7O5vIkd80sPnOuCMZJfH,0.6575477730113662,1.2842903198447897,0.814708651582184
1690200,UB7m2LiuAwPW+9VBUgKarkZY2iU238Mct+KP+hxaPlXh7O5vIkd80sPnOuCMZJfH,0.6051234916122427,1.006577936116427,0.7813250255842256
1690500,UB7m2LiuAwPW+9VBUgKarkZY2iU238Mct+KP+hxaPlXh7O5vIkd80sPnOuCMZJfH,0.6229347455338705,4.500278401804296,1.2485770511127234
1690800,UB7m2LiuAwPW+9VBUgKarkZY2iU238Mct+KP+hxaPlXh7O5vIkd80sPnOuCMZJfH,0.6203861368087363,0.9461799156573596,0.7667448566128827
1691100,UB7m2LiuAwPW+9VBUgKarkZY2iU238Mct+KP+hxaPlXh7O5vIkd80sPnOuCMZJfH,0.6201373881010118,1.320856521483463,0.7959826797527741
1691400,UB7m2LiuAwPW+9VBUgKarkZY2iU238Mct+KP+hxaPlXh7O5vIkd80sPnOuCMZJfH,0.5936750281393016,0.9052945269071608,0.7239780309928505
1691700,UB7m2LiuAwPW+9VBUgKarkZY2iU238Mct+KP+hxaPlXh7O5vIkd80sPnOuCMZJfH,0.5576150975169306,1.4542789300275398,0.803265306281627
1692000,UB7m2LiuAwPW+9VBUgKarkZY2iU238Mct+KP+hxaPlXh7O5vIkd80sPnOuCMZJfH,0.6068334315993523,0.8947481942598167,0.730679471719928
1692300,UB7m2LiuAwPW+9VBUgKarkZY2iU238Mct+KP+hxaPlXh7O5vIkd80sPnOuCMZJfH,0.6173575603428627,1.7460287094799145,0.8662407950191607
1692600,UB7m2LiuAwPW+9VBUgKarkZY2iU238Mct+KP+hxaPlXh7O5vIkd80sPnOuCMZJfH,0.6052715104689614,0.9108296661094955,0.7623677258962667
1692900,UB7m2LiuAwPW+9VBUgKarkZY2iU238Mct+KP+hxaPlXh7O5vIkd80sPnOuCMZJfH,0.588199986415563,1.34111108412502,0.772084386929798
1693200,UB7m2LiuAwPW+9VBUgKarkZY2iU238Mct+KP+hxaPlXh7O5vIkd80sPnOuCMZJfH,0.578402900329644,1.6339464836648705,0.8027360327599466
1693500,UB7m2LiuAwPW+9VBUgKarkZY2iU238Mct+KP+hxaPlXh7O5vIkd80sPnOuCMZJfH,0.6213230752403692,1.4697072893597412,0.8084768123712079
1693800,UB7m2LiuAwPW+9VBUgKarkZY2iU238Mct+KP+hxaPlXh7O5vIkd80sPnOuCMZJfH,0.5868054962575155,0.9321181853706658,0.7368079290601516
1694100,UB7m2LiuAwPW+9VBUgKarkZY2iU238Mct+KP+hxaPlXh7O5vIkd80sPnOuCMZJfH,0.6030866389343867,4.7273677590034335,1.3436533266601447
1694400,UB7m2LiuAwPW+9VBUgKarkZY2iU238Mct+KP+hxaPlXh7O5vIkd80sPnOuCMZJfH,0.6317374251486422,0.8880969179688185,0.7559699227540448
1694700,UB7m2LiuAwPW+9VBUgKarkZY2iU238Mct+KP+hxaPlXh7O5vIkd80sPnOuCMZJfH,0.5982742961577348,1.615629806741899,0.7860071697373295
1695000,UB7m2LiuAwPW+9VBUgKarkZY2iU238Mct+KP+hxaPlXh7O5vIkd80sPnOuCMZJfH,0.602863373694463,0.9914004895127458,0.7360494484795385
1695300,UB7m2LiuAwPW+9VBUgKarkZY2iU238Mct+KP+hxaPlXh7O5vIkd80sPnOuCMZJfH,0.5849922180471094,1.4456022162221691,0.8285451687481962
1695600,UB7m2LiuAwPW+9VBUgKarkZY2iU238Mct+KP+hxaPlXh7O5vIkd80sPnOuCMZJfH,0.6008540502215598,0.91969808808051,0.7270706804010564
1695900,UB7m2LiuAwPW+9VBUgKarkZY2iU238Mct+KP+hxaPlXh7O5vIkd80sPnOuCMZJfH,0.5864950481994496,1.7733172190160729,0.8700440548381408
1696200,UB7m2LiuAwPW+9VBUgKarkZY2iU238Mct+KP+hxaPlXh7O5vIkd80sPnOuCMZJfH,0.5916837164653201,12.711684631707096,1.8529627031370004
1696500,UB7m2LiuAwPW+9VBUgKarkZY2iU238Mct+KP+hxaPlXh7O5vIkd80sPnOuCMZJfH,0.5713976633391042,1.4543750924295469,0.8068207912933452
1696800,UB7m2LiuAwPW+9VBUgKarkZY2iU238Mct+KP+hxaPlXh7O5vIkd80sPnOuCMZJfH,0.5834675947000015,1.798352373172717,0.8119064304601536
1697100,UB7m2LiuAwPW+9VBUgKarkZY2iU238Mct+KP+hxaPlXh7O5vIkd80sPnOuCMZJfH,0.6400791644701824,1.6096030481944568,0.8272686420038639
1697400,UB7m2LiuAwPW+9VBUgKarkZY2iU238Mct+KP+hxaPlXh7O5vIkd80sPnOuCMZJfH,0.6117718454269586,1.5100478077090176,0.8020071811710682
1697700,UB7m2LiuAwPW+9VBUgKarkZY2iU238Mct+KP+hxaPlXh7O5vIkd80sPnOuCMZJfH,0.5956092746329488,7.644813420113544,2.5006452883095625
1698000,UB7m2LiuAwPW+9VBUgKarkZY2iU238Mct+KP+hxaPlXh7O5vIkd80sPnOuCMZJfH,0.6438676893950511,1.0195779249840493,0.790046795873718
1698300,UB7m2LiuAwPW+9VBUgKarkZY2iU238Mct+KP+hxaPlXh7O5vIkd80sPnOuCMZJfH,0.6045433854471569,1.2881901952688226,0.7684351789983388
1698600,UB7m2LiuAwPW+9VBUgKarkZY2iU238Mct+KP+hxaPlXh7O5vIkd80sPnOuCMZJfH,0.556927988951302,0.9887409095031868,0.7406443325025058
1698900,UB7m2LiuAwPW+9VBUgKarkZY2iU238Mct+KP+hxaPlXh7O5vIkd80sPnOuCMZJfH,0.5762338012959592,1.4429489761925582,0.7869009527909292
1699200,UB7m2LiuAwPW+9VBUgKarkZY2iU238Mct+KP+hxaPlXh7O5vIkd80sPnOuCMZJfH,0.633639987714198,0.89472247904328,0.7421507110142009
1699500,UB7m2LiuAwPW+9VBUgKarkZY2iU238Mct+KP+hxaPlXh7O5vIkd80sPnOuCMZJfH,0.5512362298236863,1.923971637263722,0.8087455727778811
1699800,UB7m2LiuAwPW+9VBUgKarkZY2iU238Mct+KP+hxaPlXh7O5vIkd80sPnOuCMZJfH,0.664099765552255,1.2495645475211534,0.8293823102561743
1700100,UB7m2LiuAwPW+9VBUgKarkZY2iU238Mct+KP+hxaPlXh7O5vIkd80sPnOuCMZJfH,0.5188156352628533,0.9155880561550492,0.7214364326800702
1700400,UB7m2LiuAwPW+9VBUgKarkZY2iU238Mct+KP+hxaPlXh7O5vIkd80sPnOuCMZJfH,0.5938810619215118,1.5094153403833457,0.8683011065331318
1700700,UB7m2LiuAwPW+9VBUgKarkZY2iU238Mct+KP+hxaPlXh7O5vIkd80sPnOuCMZJfH,0.6205670029416592,0.9365922817068112,0.7612779109508441
1701000,UB7m2LiuAwPW+9VBUgKarkZY2iU238Mct+KP+hxaPlXh7O5vIkd80sPnOuCMZJfH,0.6207058431234262,1.4256466013992015,0.7973945196626819
1701300,UB7m2LiuAwPW+9VBUgKarkZY2iU238Mct+KP+hxaPlXh7O5vIkd80sPnOuCMZJfH,0.5622851440198248,4.4264257825004485,1.070038069592155
1701600,UB7m2LiuAwPW+9VBUgKarkZY2iU238Mct+KP+hxaPlXh7O5vIkd80sPnOuCMZJfH,0.6121884565491506,2.9994408153491112,0.9936398101980792
1701900,UB7m2LiuAwPW+9VBUgKarkZY2iU238Mct+KP+hxaPlXh7O5vIkd80sPnOuCMZJfH,0.5898972269739886,11.539268587034972,1.4401204717532956
1702200,UB7m2LiuAwPW+9VBUgKarkZY2iU238Mct+KP+hxaPlXh7O5vIkd80sPnOuCMZJfH,0.5210252658762033,1.4500275900457538,0.7770644802190181
1702500,UB7m2LiuAwPW+9VBUgKarkZY2iU238Mct+KP+hxaPlXh7O5vIkd80sPnOuCMZJfH,0.6024920702921103,19.019018267308084,3.6725711556103433
1702800,UB7m2LiuAwPW+9VBUgKarkZY2iU238Mct+KP+hxaPlXh7O5vIkd80sPnOuCMZJfH,0.6042626576961146,1.405681823848538,0.8006822474047179
1703100,UB7m2LiuAwPW+9VBUgKarkZY2iU238Mct+KP+hxaPlXh7O5vIkd80sPnOuCMZJfH,0.6326079723401855,1.7124538949254096,0.8366307907159238
1703400,UB7m2LiuAwPW+9VBUgKarkZY2iU238Mct+KP+hxaPlXh7O5vIkd80sPnOuCMZJfH,0.66380285004704,1.3597254673962136,0.8386366656363367
1703700,UB7m2LiuAwPW+9VBUgKarkZY2iU238Mct+KP+hxaPlXh7O5vIkd80sPnOuCMZJfH,0.5696943796345106,0.8878804583973773,0.7208302351278657
1704000,UB7m2LiuAwPW+9VBUgKarkZY2iU238Mct+KP+hxaPlXh7O5vIkd80sPnOuCMZJfH,0.6356659888260588,1.812392059905831,0.8782926100042576
1704300,UB7m2LiuAwPW+9VBUgKarkZY2iU238Mct+KP+hxaPlXh7O5vIkd80sPnOuCMZJfH,0.6232568548112765,0.990877789719197,0.7630190456878593
1704600,UB7m2LiuAwPW+9VBUgKarkZY2iU238Mct+KP+hxaPlXh7O5vIkd80sPnOuCMZJfH,0.64165429701046,1.0668225495353896,0.7694761915652681
1704900,UB7m2LiuAwPW+9VBUgKarkZY2iU238Mct+KP+hxaPlXh7O5vIkd80sPnOuCMZJfH,0.569990875122316,0.9413341535461918,0.7461470144431341
1705200,UB7m2LiuAwPW+9VBUgKarkZY2iU238Mct+KP+hxaPlXh7O5vIkd80sPnOuCMZJfH,0.5683342894249976,6.046013154058641,1.396991560269696
1705500,UB7m2LiuAwPW+9VBUgKarkZY2iU238Mct+KP+hxaPlXh7O5vIkd80sPnOuCMZJfH,0.630139968207986,0.9082366273157326,0.721171705647637
1705800,UB7m2LiuAwPW+9VBUgKarkZY2iU238Mct+KP+hxaPlXh7O5vIkd80sPnOuCMZJfH,0.6071068892822254,1.3151495215532107,0.7820162230700475
1706100,UB7m2LiuAwPW+9VBUgKarkZY2iU238Mct+KP+hxaPlXh7O5vIkd80sPnOuCMZJfH,0.5828862980622872,0.9048389319841,0.7523940133705305
1706400,UB7m2LiuAwPW+9VBUgKarkZY2iU238Mct+KP+hxaPlXh7O5vIkd80sPnOuCMZJfH,0.6065954365686401,1.2611842445925712,0.78012569884358
1706700,UB7m2LiuAwPW+9VBUgKarkZY2iU238Mct+KP+hxaPlXh7O5vIkd80sPnOuCMZJfH,0.6023385260523156,1.7548323480300043,0.800778652016229
1707000,UB7m2LiuAwPW+9VBUgKarkZY2iU238Mct+KP+hxaPlXh7O5vIkd80sPnOuCMZJfH,0.5908793633485934,1.285398258284565,0.8158504850259629
1707300,UB7m2LiuAwPW+9VBUgKarkZY2iU238Mct+KP+hxaPlXh7O5vIkd80sPnOuCMZJfH,0.6203806363112887,0.8753855841184506,0.7161432789967493
1707600,UB7m2LiuAwPW+9VBUgKarkZY2iU238Mct+KP+hxaPlXh7O5vIkd80sPnOuCMZJfH,0.5816851028759363,1.4878346307583283,0.8507162124049895
1707900,UB7m2LiuAwPW+9VBUgKarkZY2iU238Mct+KP+hxaPlXh7O5vIkd80sPnOuCMZJfH,0.6206080922932152,1.3090088783535765,0.7815859025571121
1708200,UB7m2LiuAwPW+9VBUgKarkZY2iU238Mct+KP+hxaPlXh7O5vIkd80sPnOuCMZJfH,0.6394662345871357,1.380562180870282,0.8101918571450724
1708500,UB7m2LiuAwPW+9VBUgKarkZY2iU238Mct+KP+hxaPlXh7O5vIkd80sPnOuCMZJfH,0.6171633357306243,0.973098766456296,0.7309408692909652
1708800,UB7m2LiuAwPW+9VBUgKarkZY2iU238Mct+KP+hxaPlXh7O5vIkd80sPnOuCMZJfH,0.6459063692178906,5.23538311470441,1.3069180642842355
1709100,UB7m2LiuAwPW+9VBUgKarkZY2iU238Mct+KP+hxaPlXh7O5vIkd80sPnOuCMZJfH,0.5883683210890317,0.9077700705627464,0.7380269026872246
1709400,UB7m2LiuAwPW+9VBUgKarkZY2iU238Mct+KP+hxaPlXh7O5vIkd80sPnOuCMZJfH,0.6352574868218489,1.463987060857108,0.8123787676784721
1709700,UB7m2LiuAwPW+9VBUgKarkZY2iU238Mct+KP+hxaPlXh7O5vIkd80sPnOuCMZJfH,0.6381831222825427,0.9420638860458797,0.7733877252876364
1710000,UB7m2LiuAwPW+9VBUgKarkZY2iU238Mct+KP+hxaPlXh7O5vIkd80sPnOuCMZJfH,0.59297806915013,1.4414772991894609,0.7902123929645503
1710300,UB7m2LiuAwPW+9VBUgKarkZY2iU238Mct+KP+hxaPlXh7O5vIkd80sPnOuCMZJfH,0.5686340041355357,1.651488598815497,0.8132252263347953
1710600,UB7m2LiuAwPW+9VBUgKarkZY2iU238Mct+KP+hxaPlXh7O5vIkd80sPnOuCMZJfH,0.6303874071799686,1.5810266959140755,0.8158573596033045
1710900,UB7m2LiuAwPW+9VBUgKarkZY2iU238Mct+KP+hxaPlXh7O5vIkd80sPnOuCMZJfH,0.5494602765085627,0.8692063476740858,0.7227439966635051
1711200,UB7m2LiuAwPW+9VBUgKarkZY2iU238Mct+KP+hxaPlXh7O5vIkd80sPnOuCMZJfH,0.6356394444110388,1.6030850670770638,0.8896147563495502
1711500,UB7m2LiuAwPW+9VBUgKarkZY2iU238Mct+KP+hxaPlXh7O5vIkd80sPnOuCMZJfH,0.6131485436557886,0.9234713897021556,0.7637343310325817
1711800,UB7m2LiuAwPW+9VBUgKarkZY2iU238Mct+KP+hxaPlXh7O5vIkd80sPnOuCMZJfH,0.645863685495768,1.47741168443999,0.8346474965287166
1712100,UB7m2LiuAwPW+9VBUgKarkZY2iU238Mct+KP+hxaPlXh7O5vIkd80sPnOuCMZJfH,0.5882117744536987,0.9170676433250096,0.722948793501392
1712400,UB7m2LiuAwPW+9VBUgKarkZY2iU238Mct+KP+hxaPlXh7O5vIkd80sPnOuCMZJfH,0.6141404475470329,4.580572862601224,1.4938633909209869
1712700,UB7m2LiuAwPW+9VBUgKarkZY2iU238Mct+KP+hxaPlXh7O5vIkd80sPnOuCMZJfH,0.5849318795199365,1.3870023288193016,0.7740536739929911
1713000,UB7m2LiuAwPW+9VBUgKarkZY2iU238Mct+KP+hxaPlXh7O5vIkd80sPnOuCMZJfH,0.6440233211642016,1.4412303010274676,0.7980776193302019
1713300,UB7m2LiuAwPW+9VBUgKarkZY2iU238Mct+KP+hxaPlXh7O5vIkd80sPnOuCMZJfH,0.6093140135486191,1.5824535645401137,0.8071119813698657
1713600,UB7m2LiuAwPW+9VBUgKarkZY2iU238Mct+KP+hxaPlXh7O5vIkd80sPnOuCMZJfH,0.5910431344196115,1.9952591309822827,0.8449059875868747
1713900,UB7m2LiuAwPW+9VBUgKarkZY2iU238Mct+KP+hxaPlXh7O5vIkd80sPnOuCMZJfH,0.5594207212503066,1.9594204525676544,0.8060167877785928
1714200,UB7m2LiuAwPW+9VBUgKarkZY2iU238Mct+KP+hxaPlXh7O5vIkd80sPnOuCMZJfH,0.633416800483752,1.43511798898656,0.8219780682925736
1714500,UB7m2LiuAwPW+9VBUgKarkZY2iU238Mct+KP+hxaPlXh7O5vIkd80sPnOuCMZJfH,0.5180709386967723,0.9483383251473344,0.7165799867345296
1714800,UB7m2LiuAwPW+9VBUgKarkZY2iU238Mct+KP+hxaPlXh7O5vIkd80sPnOuCMZJfH,0.5662135157097927,1.2941476651824089,0.833625370833249
1715100,UB7m2LiuAwPW+9VBUgKarkZY2iU238Mct+KP+hxaPlXh7O5vIkd80sPnOuCMZJfH,0.6215193006331393,0.9805189250775308,0.723446723411214
1715400,UB7m2LiuAwPW+9VBUgKarkZY2iU238Mct+KP+hxaPlXh7O5vIkd80sPnOuCMZJfH,0.5991525732991174,1.851276752628114,0.8704666475110314
1715700,UB7m2LiuAwPW+9VBUgKarkZY2iU238Mct+KP+hxaPlXh7O5vIkd80sPnOuCMZJfH,0.6169758972310841,0.9031568428438804,0.7374519298924299
1716000,UB7m2LiuAwPW+9VBUgKarkZY2iU238Mct+KP+hxaPlXh7O5vIkd80sPnOuCMZJfH,0.655834270162785,5.738325127331252,1.7874445118989637
1716300,UB7m2LiuAwPW+9VBUgKarkZY2iU238Mct+KP+hxaPlXh7O5vIkd80sPnOuCMZJfH,0.5875399159922511,0.9819208114523518,0.7364505465969131
1716600,UB7m2LiuAwPW+9VBUgKarkZY2iU238Mct+KP+hxaPlXh7O5vIkd80sPnOuCMZJfH,0.6015644310896979,1.4413815365379656,0.7814384217774094
1716900,UB7m2LiuAwPW+9VBUgKarkZY2iU238Mct+KP+hxaPlXh7O5vIkd80sPnOuCMZJfH,0.5398537983568128,0.9132742836531808,0.7498149060080406
1717200,UB7m2LiuAwPW+9VBUgKarkZY2iU238Mct+KP+hxaPlXh7O5vIkd80sPnOuCMZJfH,0.575747112395995,1.4602618832845693,0.7577496539324897
1717500,UB7m2LiuAwPW+9VBUgKarkZY2iU238Mct+KP+hxaPlXh7O5vIkd80sPnOuCMZJfH,0.5686353609969059,1.704518852774437,0.7767044353450961
1717800,UB7m2LiuAwPW+9VBUgKarkZY2iU238Mct+KP+hxaPlXh7O5vIkd80sPnOuCMZJfH,0.5704396431013651,1.696851730464357,0.8751487603686815
1718100,UB7m2LiuAwPW+9VBUgKarkZY2iU238Mct+KP+hxaPlXh7O5vIkd80sPnOuCMZJfH,0.567405851530198,1.5100614127584138,0.7547274620756429
1718400,UB7m2LiuAwPW+9VBUgKarkZY2iU238Mct+KP+hxaPlXh7O5vIkd80sPnOuCMZJfH,0.6115155309589732,2.4123016753096547,0.9013777417579328
1718700,UB7m2LiuAwPW+9VBUgKarkZY2iU238Mct+KP+hxaPlXh7O5vIkd80sPnOuCMZJfH,0.634604265469851,0.9874269566979336,0.7453278480018036
1719000,UB7m2LiuAwPW+9VBUgKarkZY2iU238Mct+KP+hxaPlXh7O5vIkd80sPnOuCMZJfH,0.5750671631970301,1.3017034649709658,0.7602869074927253
1719300,UB7m2LiuAwPW+9VBUgKarkZY2iU238Mct+KP+hxaPlXh7O5vIkd80sPnOuCMZJfH,0.5535604568792325,0.8467502517045444,0.6943918093873634
1719600,UB7m2LiuAwPW+9VBUgKarkZY2iU238Mct+KP+hxaPlXh7O5vIkd80sPnOuCMZJfH,0.5880102647150331,4.609457484107243,1.336740017240492
1719900,UB7m2LiuAwPW+9VBUgKarkZY2iU238Mct+KP+hxaPlXh7O5vIkd80sPnOuCMZJfH,0.587165223756704,0.9188248727578736,0.7019289877540991
