timestamp,vm_id,min cpu,max cpu,avg cpu
0,02ypkzq0vyvYVCqSQYjqIEkZgYZjddVdaZ2usBoKsK98k3KCHKPfRfYYuLYQj+I2,52.49706474936511,57.49930578267978,55.47512215366636
300,02ypkzq0vyvYVCqSQYjqIEkZgYZjddVdaZ2usBoKsK98k3KCHKPfRfYYuLYQj+I2,51.23708034390608,56.46348559148736,54.12337122443068
600,02ypkzq0vyvYVCqSQYjqIEkZgYZjddVdaZ2usBoKsK98k3KCHKPfRfYYuLYQj+I2,50.10564242402227,55.82187923073144,53.62160701505909
900,02ypkzq0vyvYVCqSQYjqIEkZgYZjddVdaZ2usBoKsK98k3KCHKPfRfYYuLYQj+I2,51.64394752476529,58.52381467987264,54.98367383092493
1200,02ypkzq0vyvYVCqSQYjqIEkZgYZjddVdaZ2usBoKsK98k3KCHKPfRfYYuLYQj+I2,51.20814355005992,56.34721974450172,54.00353304514845
1500,02ypkzq0vyvYVCqSQYjqIEkZgYZjddVdaZ2usBoKsK98k3KCHKPfRfYYuLYQj+I2,46.58224357571369,51.60543572800529,49.27407881773199
1800,02ypkzq0vyvYVCqSQYjqIEkZgYZjddVdaZ2usBoKsK98k3KCHKPfRfYYuLYQj+I2,47.965871581532795,53.949275606403646,50.554700565245525
2100,02ypkzq0vyvYVCqSQYjqIEkZgYZjddVdaZ2usBoKsK98k3KCHKPfRfYYuLYQj+I2,49.24285952973285,55.939255691579525,52.04540622707847
2400,02ypkzq0vyvYVCqSQYjqIEkZgYZjddVdaZ2usBoKsK98k3KCHKPfRfYYuLYQj+I2,50.33521110500926,59.48658984799612,55.962984551568
2700,02ypkzq0vyvYVCqSQYjqIEkZgYZjddVdaZ2usBoKsK98k3KCHKPfRfYYuLYQj+I2,53.12793982741627,57.78593760093302,55.32449715908377
3000,02ypkzq0vyvYVCqSQYjqIEkZgYZjddVdaZ2usBoKsK98k3KCHKPfRfYYuLYQj+I2,52.15163617087487,55.6053137489516,54.40193539986924
3300,02ypkzq0vyvYVCqSQYjqIEkZgYZjddVdaZ2usBoKsK98k3KCHKPfRfYYuLYQj+I2,52.581796777663605,57.69316510731869,55.02507223027083
3600,02ypkzq0vyvYVCqSQYjqIEkZgYZjddVdaZ2usBoKsK98k3KCHKPfRfYYuLYQj+I2,54.89682190790565,59.86230896587243,56.93175258098246
3900,02ypkzq0vyvYVCqSQYjqIEkZgYZjddVdaZ2usBoKsK98k3KCHKPfRfYYuLYQj+I2,53.02509195189028,62.090586883445845,56.24837804306296
4200,02ypkzq0vyvYVCqSQYjqIEkZgYZjddVdaZ2usBoKsK98k3KCHKPfRfYYuLYQj+I2,54.45021693989071,60.126328334025736,57.904467748562766
4500,02ypkzq0vyvYVCqSQYjqIEkZgYZjddVdaZ2usBoKsK98k3KCHKPfRfYYuLYQj+I2,53.945385115230366,56.757708517415786,55.39702648331285
4800,02ypkzq0vyvYVCqSQYjqIEkZgYZjddVdaZ2usBoKsK98k3KCHKPfRfYYuLYQj+I2,55.591613425903645,60.35971410986114,58.09377587059474
5100,02ypkzq0vyvYVCqSQYjqIEkZgYZjddVdaZ2usBoKsK98k3KCHKPfRfYYuLYQj+I2,55.2209959928923,62.41765612363467,59.01073439279976
5400,02ypkzq0vyvYVCqSQYjqIEkZgYZjddVdaZ2usBoKsK98k3KCHKPfRfYYuLYQj+I2,58.12821996412288,62.71923208103177,59.45935348831697
5700,02ypkzq0vyvYVCqSQYjqIEkZgYZjddVdaZ2usBoKsK98k3KCHKPfRfYYuLYQj+I2,56.78181676258272,60.71392460814678,58.69005028378411
6000,02ypkzq0vyvYVCqSQYjqIEkZgYZjddVdaZ2usBoKsK98k3KCHKPfRfYYuLYQj+I2,55.17864615542207,61.4759895949144,57.474773065557855
6300,02ypkzq0vyvYVCqSQYjqIEkZgYZjddVdaZ2usBoKsK98k3KCHKPfRfYYuLYQj+I2,54.735423842430464,61.69634561091965,58.43432298284552
6600,02ypkzq0vyvYVCqSQYjqIEkZgYZjddVdaZ2usBoKsK98k3KCHKPfRfYYuLYQj+I2,57.60555969686835,61.65523306897515,59.17048938302959
6900,02ypkzq0vyvYVCqSQYjqIEkZgYZjddVdaZ2usBoKsK98k3KCHKPfRfYYuLYQj+I2,56.63891053208592,61.252291537798484,59.59742031883104
7200,02ypkzq0vyvYVCqSQYjqIEkZgYZjddVdaZ2usBoKsK98k3KCHKPfRfYYuLYQj+I2,54.2790914126251,57.776284153005456,55.96837272020048
7500,02ypkzq0vyvYVCqSQYjqIEkZgYZjddVdaZ2usBoKsK98k3KCHKPfRfYYuLYQj+I2,55.45220491729018,61.34145588149267,57.415996900720415
7800,02ypkzq0vyvYVCqSQYjqIEkZgYZjddVdaZ2usBoKsK98k3KCHKPfRfYYuLYQj+I2,53.167104343217176,61.638437550678205,57.45796153029932
8100,02ypkzq0vyvYVCqSQYjqIEkZgYZjddVdaZ2usBoKsK98k3KCHKPfRfYYuLYQj+I2,55.47243801633262,58.8774761020868,57.21791948656306
8400,02ypkzq0vyvYVCqSQYjqIEkZgYZjddVdaZ2usBoKsK98k3KCHKPfRfYYuLYQj+I2,54.51731597094564,57.76125005699577,56.1180179111163
8700,02ypkzq0vyvYVCqSQYjqIEkZgYZjddVdaZ2usBoKsK98k3KCHKPfRfYYuLYQj+I2,52.17404152586187,58.26708152214264,55.9644217883337
9000,02ypkzq0vyvYVCqSQYjqIEkZgYZjddVdaZ2usBoKsK98k3KCHKPfRfYYuLYQj+I2,58.740052379281245,61.80930107255773,60.49777962197725
9300,02ypkzq0vyvYVCqSQYjqIEkZgYZjddVdaZ2usBoKsK98k3KCHKPfRfYYuLYQj+I2,55.21786471322745,62.89214218198849,58.33564051652437
9600,02ypkzq0vyvYVCqSQYjqIEkZgYZjddVdaZ2usBoKsK98k3KCHKPfRfYYuLYQj+I2,52.915665029726256,59.469259989792576,56.87196689808036
9900,02ypkzq0vyvYVCqSQYjqIEkZgYZjddVdaZ2usBoKsK98k3KCHKPfRfYYuLYQj+I2,55.22026996215305,63.71736169094801,60.63696929365511
10200,02ypkzq0vyvYVCqSQYjqIEkZgYZjddVdaZ2usBoKsK98k3KCHKPfRfYYuLYQj+I2,58.42727254027168,62.18057311263373,59.987917849411176
10500,02ypkzq0vyvYVCqSQYjqIEkZgYZjddVdaZ2usBoKsK98k3KCHKPfRfYYuLYQj+I2,53.7026869915699,62.0758023715669,58.16340515149036
10800,02ypkzq0vyvYVCqSQYjqIEkZgYZjddVdaZ2usBoKsK98k3KCHKPfRfYYuLYQj+I2,50.474414268754884,57.93245922484388,55.2361400802593
11100,02ypkzq0vyvYVCqSQYjqIEkZgYZjddVdaZ2usBoKsK98k3KCHKPfRfYYuLYQj+I2,52.499549612595416,60.53214745205591,56.25598036736946
11400,02ypkzq0vyvYVCqSQYjqIEkZgYZjddVdaZ2usBoKsK98k3KCHKPfRfYYuLYQj+I2,54.37785291339832,61.30106155134592,57.03076503001549
11700,02ypkzq0vyvYVCqSQYjqIEkZgYZjddVdaZ2usBoKsK98k3KCHKPfRfYYuLYQj+I2,52.98570170092052,59.04145547518529,57.18475906158243
12000,02ypkzq0vyvYVCqSQYjqIEkZgYZjddVdaZ2usBoKsK98k3KCHKPfRfYYuLYQj+I2,55.07975875613076,60.66162341504787,57.60763019082249
12300,02ypkzq0vyvYVCqSQYjqIEkZgYZjddVdaZ2usBoKsK98k3KCHKPfRfYYuLYQj+I2,53.86489774253116,61.55760841693287,57.65180936148592
12600,02ypkzq0vyvYVCqSQYjqIEkZgYZjddVdaZ2usBoKsK98k3KCHKPfRfYYuLYQj+I2,52.00575477190032,59.25544818456287,56.21125236609621
12900,02ypkzq0vyvYVCqSQYjqIEkZgYZjddVdaZ2usBoKsK98k3KCHKPfRfYYuLYQj+I2,49.84895606304912,58.67011312534342,52.36631910253863
13200,02ypkzq0vyvYVCqSQYjqIEkZgYZjddVdaZ2usBoKsK98k3KCHKPfRfYYuLYQj+I2,50.90506082713723,57.59184000536392,53.80405344774336
13500,02ypkzq0vyvYVCqSQYjqIEkZgYZjddVdaZ2usBoKsK98k3KCHKPfRfYYuLYQj+I2,56.3511145808193,61.84812358694222,58.58095063067338
13800,02ypkzq0vyvYVCqSQYjqIEkZgYZjddVdaZ2usBoKsK98k3KCHKPfRfYYuLYQj+I2,51.45513470727283,55.28160522864527,53.3563842378208
14100,02ypkzq0vyvYVCqSQYjqIEkZgYZjddVdaZ2usBoKsK98k3KCHKPfRfYYuLYQj+I2,51.218227166090955,58.28210669361989,55.5502222304857
14400,02ypkzq0vyvYVCqSQYjqIEkZgYZjddVdaZ2usBoKsK98k3KCHKPfRfYYuLYQj+I2,55.3556648514306,61.01105631775983,58.61281616566065
14700,02ypkzq0vyvYVCqSQYjqIEkZgYZjddVdaZ2usBoKsK98k3KCHKPfRfYYuLYQj+I2,54.14284437988895,63.749828617223535,59.66487918257566
15000,02ypkzq0vyvYVCqSQYjqIEkZgYZjddVdaZ2usBoKsK98k3KCHKPfRfYYuLYQj+I2,60.05097633773882,65.70092488320266,62.67979912590933
15300,02ypkzq0vyvYVCqSQYjqIEkZgYZjddVdaZ2usBoKsK98k3KCHKPfRfYYuLYQj+I2,56.76285077332504,64.21002978486638,60.140021266086194
15600,02ypkzq0vyvYVCqSQYjqIEkZgYZjddVdaZ2usBoKsK98k3KCHKPfRfYYuLYQj+I2,53.25697068074878,61.973825823840805,57.8632544527018
15900,02ypkzq0vyvYVCqSQYjqIEkZgYZjddVdaZ2usBoKsK98k3KCHKPfRfYYuLYQj+I2,56.089527979849976,64.27392451102988,61.29265482587777
16200,02ypkzq0vyvYVCqSQYjqIEkZgYZjddVdaZ2usBoKsK98k3KCHKPfRfYYuLYQj+I2,63.94150032392172,70.21750914189401,66.55924679588279
16500,02ypkzq0vyvYVCqSQYjqIEkZgYZjddVdaZ2usBoKsK98k3KCHKPfRfYYuLYQj+I2,59.34290871859879,70.20580489954538,65.143009283489
16800,02ypkzq0vyvYVCqSQYjqIEkZgYZjddVdaZ2usBoKsK98k3KCHKPfRfYYuLYQj+I2,59.31343032098345,64.51428096622857,61.411548066832594
17100,02ypkzq0vyvYVCqSQYjqIEkZgYZjddVdaZ2usBoKsK98k3KCHKPfRfYYuLYQj+I2,58.035580950142,63.294244599102335,60.14123589603348
17400,02ypkzq0vyvYVCqSQYjqIEkZgYZjddVdaZ2usBoKsK98k3KCHKPfRfYYuLYQj+I2,52.73763340132768,63.051830472603854,58.6105876638691
17700,02ypkzq0vyvYVCqSQYjqIEkZgYZjddVdaZ2usBoKsK98k3KCHKPfRfYYuLYQj+I2,59.92118360000513,62.964860416254815,62.05143251382233
18000,02ypkzq0vyvYVCqSQYjqIEkZgYZjddVdaZ2usBoKsK98k3KCHKPfRfYYuLYQj+I2,56.79283966574208,65.86921962711875,59.89058942491582
18300,02ypkzq0vyvYVCqSQYjqIEkZgYZjddVdaZ2usBoKsK98k3KCHKPfRfYYuLYQj+I2,57.796595803374565,62.955313948972034,60.61405485126013
18600,02ypkzq0vyvYVCqSQYjqIEkZgYZjddVdaZ2usBoKsK98k3KCHKPfRfYYuLYQj+I2,56.86894180597639,62.47537172307627,59.620525494945085
18900,02ypkzq0vyvYVCqSQYjqIEkZgYZjddVdaZ2usBoKsK98k3KCHKPfRfYYuLYQj+I2,56.8916190567856,63.96289574831826,59.961706062569206
19200,02ypkzq0vyvYVCqSQYjqIEkZgYZjddVdaZ2usBoKsK98k3KCHKPfRfYYuLYQj+I2,52.31792329664524,60.91289345432401,55.153669079180325
19500,02ypkzq0vyvYVCqSQYjqIEkZgYZjddVdaZ2usBoKsK98k3KCHKPfRfYYuLYQj+I2,56.444817203578395,58.88144447082255,57.65452726504254
19800,02ypkzq0vyvYVCqSQYjqIEkZgYZjddVdaZ2usBoKsK98k3KCHKPfRfYYuLYQj+I2,53.94724315564298,58.181716337050624,56.26694855765064
20100,02ypkzq0vyvYVCqSQYjqIEkZgYZjddVdaZ2usBoKsK98k3KCHKPfRfYYuLYQj+I2,50.172265003017394,57.88898011556524,54.182049786863615
20400,02ypkzq0vyvYVCqSQYjqIEkZgYZjddVdaZ2usBoKsK98k3KCHKPfRfYYuLYQj+I2,51.69848445082149,60.24285040178804,54.72054581997985
20700,02ypkzq0vyvYVCqSQYjqIEkZgYZjddVdaZ2usBoKsK98k3KCHKPfRfYYuLYQj+I2,47.46913897842803,55.05790925838964,52.0974811768153
21000,02ypkzq0vyvYVCqSQYjqIEkZgYZjddVdaZ2usBoKsK98k3KCHKPfRfYYuLYQj+I2,47.10162119683412,57.66037892643968,53.01207781159308
21300,02ypkzq0vyvYVCqSQYjqIEkZgYZjddVdaZ2usBoKsK98k3KCHKPfRfYYuLYQj+I2,49.99658402160743,55.99651417213526,53.158596339143976
21600,02ypkzq0vyvYVCqSQYjqIEkZgYZjddVdaZ2usBoKsK98k3KCHKPfRfYYuLYQj+I2,50.27769073506622,56.297718514582925,53.41414936288243
21900,02ypkzq0vyvYVCqSQYjqIEkZgYZjddVdaZ2usBoKsK98k3KCHKPfRfYYuLYQj+I2,49.718138135579,56.49255180422004,52.05695542655504
22200,02ypkzq0vyvYVCqSQYjqIEkZgYZjddVdaZ2usBoKsK98k3KCHKPfRfYYuLYQj+I2,48.74197510758708,55.171216703245285,51.24377232789536
22500,02ypkzq0vyvYVCqSQYjqIEkZgYZjddVdaZ2usBoKsK98k3KCHKPfRfYYuLYQj+I2,45.51422720614784,48.444741608165856,46.83714897584562
22800,02ypkzq0vyvYVCqSQYjqIEkZgYZjddVdaZ2usBoKsK98k3KCHKPfRfYYuLYQj+I2,41.88021776720033,45.43358811454678,42.96347910580038
23100,02ypkzq0vyvYVCqSQYjqIEkZgYZjddVdaZ2usBoKsK98k3KCHKPfRfYYuLYQj+I2,39.402333002880255,43.57657264454424,41.423644355016286
23400,02ypkzq0vyvYVCqSQYjqIEkZgYZjddVdaZ2usBoKsK98k3KCHKPfRfYYuLYQj+I2,28.367329377937505,41.53695269057639,37.410672593791936
23700,02ypkzq0vyvYVCqSQYjqIEkZgYZjddVdaZ2usBoKsK98k3KCHKPfRfYYuLYQj+I2,25.914128035454265,28.691672968588687,26.970080539937666
24000,02ypkzq0vyvYVCqSQYjqIEkZgYZjddVdaZ2usBoKsK98k3KCHKPfRfYYuLYQj+I2,25.27238209168265,27.165603170383665,26.192005521070573
24300,02ypkzq0vyvYVCqSQYjqIEkZgYZjddVdaZ2usBoKsK98k3KCHKPfRfYYuLYQj+I2,24.98384499226124,26.61255395598656,25.65284743425367
24600,02ypkzq0vyvYVCqSQYjqIEkZgYZjddVdaZ2usBoKsK98k3KCHKPfRfYYuLYQj+I2,23.181948868284767,27.417892944729505,24.391493493157643
24900,02ypkzq0vyvYVCqSQYjqIEkZgYZjddVdaZ2usBoKsK98k3KCHKPfRfYYuLYQj+I2,22.96848701234637,24.187512169362684,23.46905179979427
25200,02ypkzq0vyvYVCqSQYjqIEkZgYZjddVdaZ2usBoKsK98k3KCHKPfRfYYuLYQj+I2,22.885837333397408,24.359269491415677,23.533548112925256
25500,02ypkzq0vyvYVCqSQYjqIEkZgYZjddVdaZ2usBoKsK98k3KCHKPfRfYYuLYQj+I2,23.163313164068693,26.011212176351183,23.80014245073761
25800,02ypkzq0vyvYVCqSQYjqIEkZgYZjddVdaZ2usBoKsK98k3KCHKPfRfYYuLYQj+I2,21.289775913657085,22.65573744918181,21.867752224812
26100,02ypkzq0vyvYVCqSQYjqIEkZgYZjddVdaZ2usBoKsK98k3KCHKPfRfYYuLYQj+I2,21.50107001059397,22.650950570895727,21.89414788763308
26400,02ypkzq0vyvYVCqSQYjqIEkZgYZjddVdaZ2usBoKsK98k3KCHKPfRfYYuLYQj+I2,21.194279777784544,25.48278946067648,23.218060359289577
26700,up4yOvhjz+QMiX+vACyYmZgzRhIASBYvc8WcmNGHoLMszWnc1PH0qy4mzFe2wez4,0.059295663738394,0.1884313763275721,0.1078254190912185
27000,up4yOvhjz+QMiX+vACyYmZgzRhIASBYvc8WcmNGHoLMszWnc1PH0qy4mzFe2wez4,0.0586256886564227,1.6653699048455195,0.1779218018530134
27300,up4yOvhjz+QMiX+vACyYmZgzRhIASBYvc8WcmNGHoLMszWnc1PH0qy4mzFe2wez4,0.0602165299709846,0.1862534445133206,0.0985776505890736
27600,up4yOvhjz+QMiX+vACyYmZgzRhIASBYvc8WcmNGHoLMszWnc1PH0qy4mzFe2wez4,0.0601442659757685,1.2067223386603971,0.2626551085820397
27900,up4yOvhjz+QMiX+vACyYmZgzRhIASBYvc8WcmNGHoLMszWnc1PH0qy4mzFe2wez4,0.0646079760437151,3.6498916520969953,0.3952900107116526
28200,up4yOvhjz+QMiX+vACyYmZgzRhIASBYvc8WcmNGHoLMszWnc1PH0qy4mzFe2wez4,0.0603030731158037,1.6462636734480691,0.1770187362900121
28500,up4yOvhjz+QMiX+vACyYmZgzRhIASBYvc8WcmNGHoLMszWnc1PH0qy4mzFe2wez4,0.0699494632102932,0.3124226716571379,0.1185282783703952
28800,up4yOvhjz+QMiX+vACyYmZgzRhIASBYvc8WcmNGHoLMszWnc1PH0qy4mzFe2wez4,0.05576608941163,1.4126402240430675,0.1733038718299121
29100,up4yOvhjz+QMiX+vACyYmZgzRhIASBYvc8WcmNGHoLMszWnc1PH0qy4mzFe2wez4,0.0618061583825007,0.1712151448539225,0.1004235659056376
29400,up4yOvhjz+QMiX+vACyYmZgzRhIASBYvc8WcmNGHoLMszWnc1PH0qy4mzFe2wez4,0.0632624269298201,1.703781105916385,0.1862111741508129
29700,up4yOvhjz+QMiX+vACyYmZgzRhIASBYvc8WcmNGHoLMszWnc1PH0qy4mzFe2wez4,0.0655826776346099,0.1785368506887136,0.0965912240659713
30000,up4yOvhjz+QMiX+vACyYmZgzRhIASBYvc8WcmNGHoLMszWnc1PH0qy4mzFe2wez4,0.0618284968986155,1.4814294162528563,0.1814919223918946
30300,up4yOvhjz+QMiX+vACyYmZgzRhIASBYvc8WcmNGHoLMszWnc1PH0qy4mzFe2wez4,0.070261505827409,0.2473704341384585,0.1117897704983783
30600,up4yOvhjz+QMiX+vACyYmZgzRhIASBYvc8WcmNGHoLMszWnc1PH0qy4mzFe2wez4,0.0594913541546096,1.6648496035013536,0.1771036598733511
30900,up4yOvhjz+QMiX+vACyYmZgzRhIASBYvc8WcmNGHoLMszWnc1PH0qy4mzFe2wez4,0.0642168375793472,0.2168522800504302,0.0996688840317509
31200,up4yOvhjz+QMiX+vACyYmZgzRhIASBYvc8WcmNGHoLMszWnc1PH0qy4mzFe2wez4,0.0652536041664142,1.3881124934411675,0.1867570220134483
31500,up4yOvhjz+QMiX+vACyYmZgzRhIASBYvc8WcmNGHoLMszWnc1PH0qy4mzFe2wez4,0.067223302163465,2.7439364512498963,0.4040053849921114
31800,up4yOvhjz+QMiX+vACyYmZgzRhIASBYvc8WcmNGHoLMszWnc1PH0qy4mzFe2wez4,0.0637573624263757,1.429729920633246,0.1827043064877572
32100,up4yOvhjz+QMiX+vACyYmZgzRhIASBYvc8WcmNGHoLMszWnc1PH0qy4mzFe2wez4,0.0628970809533737,0.2172475099005246,0.1044820070615982
32400,up4yOvhjz+QMiX+vACyYmZgzRhIASBYvc8WcmNGHoLMszWnc1PH0qy4mzFe2wez4,0.0635039684473423,1.2443203769785949,0.169275851667137
32700,up4yOvhjz+QMiX+vACyYmZgzRhIASBYvc8WcmNGHoLMszWnc1PH0qy4mzFe2wez4,0.0596721289617194,0.1911348614984115,0.0985841793506515
33000,up4yOvhjz+QMiX+vACyYmZgzRhIASBYvc8WcmNGHoLMszWnc1PH0qy4mzFe2wez4,0.0626954829571568,1.6945511668123912,0.1872371064827477
33300,up4yOvhjz+QMiX+vACyYmZgzRhIASBYvc8WcmNGHoLMszWnc1PH0qy4mzFe2wez4,0.0597331436034391,0.1800976977190395,0.0977282975549678
33600,up4yOvhjz+QMiX+vACyYmZgzRhIASBYvc8WcmNGHoLMszWnc1PH0qy4mzFe2wez4,0.0592244751777058,1.5302204171425955,0.186846053633814
33900,up4yOvhjz+QMiX+vACyYmZgzRhIASBYvc8WcmNGHoLMszWnc1PH0qy4mzFe2wez4,0.0638285181987441,0.1895167946095371,0.1086725520069386
34200,up4yOvhjz+QMiX+vACyYmZgzRhIASBYvc8WcmNGHoLMszWnc1PH0qy4mzFe2wez4,0.0569349702361716,1.7899516508341724,0.1883050265202956
34500,up4yOvhjz+QMiX+vACyYmZgzRhIASBYvc8WcmNGHoLMszWnc1PH0qy4mzFe2wez4,0.0624112120613928,0.1638015403197011,0.1007827877365273
34800,up4yOvhjz+QMiX+vACyYmZgzRhIASBYvc8WcmNGHoLMszWnc1PH0qy4mzFe2wez4,0.0622034730347997,1.456283378781845,0.3021176235272868
35100,up4yOvhjz+QMiX+vACyYmZgzRhIASBYvc8WcmNGHoLMszWnc1PH0qy4mzFe2wez4,0.0543299109376055,1.895072205066548,0.3055215256115784
35400,up4yOvhjz+QMiX+vACyYmZgzRhIASBYvc8WcmNGHoLMszWnc1PH0qy4mzFe2wez4,0.0590089562354329,2.5948853691642144,0.274058810779153
35700,up4yOvhjz+QMiX+vACyYmZgzRhIASBYvc8WcmNGHoLMszWnc1PH0qy4mzFe2wez4,0.0553014676810258,0.2373834053059325,0.1027909892211291
36000,up4yOvhjz+QMiX+vACyYmZgzRhIASBYvc8WcmNGHoLMszWnc1PH0qy4mzFe2wez4,0.0511939289132168,1.4612679412935692,0.1770100692159714
36300,up4yOvhjz+QMiX+vACyYmZgzRhIASBYvc8WcmNGHoLMszWnc1PH0qy4mzFe2wez4,0.0610470511519213,0.2342439827716679,0.1072621822199255
36600,up4yOvhjz+QMiX+vACyYmZgzRhIASBYvc8WcmNGHoLMszWnc1PH0qy4mzFe2wez4,0.0711962875574708,1.3155717374381226,0.1873099953759324
36900,up4yOvhjz+QMiX+vACyYmZgzRhIASBYvc8WcmNGHoLMszWnc1PH0qy4mzFe2wez4,0.0512218978481656,0.1681235590604508,0.0940829393512217
37200,up4yOvhjz+QMiX+vACyYmZgzRhIASBYvc8WcmNGHoLMszWnc1PH0qy4mzFe2wez4,0.0564367965713575,1.503363816674255,0.1716152328432909
37500,up4yOvhjz+QMiX+vACyYmZgzRhIASBYvc8WcmNGHoLMszWnc1PH0qy4mzFe2wez4,0.0619488065906059,0.202393338225739,0.1064722820934675
37800,up4yOvhjz+QMiX+vACyYmZgzRhIASBYvc8WcmNGHoLMszWnc1PH0qy4mzFe2wez4,0.0578101979049164,1.2960488590147616,0.1797121621405609
38100,up4yOvhjz+QMiX+vACyYmZgzRhIASBYvc8WcmNGHoLMszWnc1PH0qy4mzFe2wez4,0.0531575447245127,0.1559098866075552,0.0949446772611302
38400,up4yOvhjz+QMiX+vACyYmZgzRhIASBYvc8WcmNGHoLMszWnc1PH0qy4mzFe2wez4,0.0644251271029465,1.4922632579063426,0.1827295847951017
38700,up4yOvhjz+QMiX+vACyYmZgzRhIASBYvc8WcmNGHoLMszWnc1PH0qy4mzFe2wez4,0.0656110729004173,1.810945138111812,0.253766840275325
39000,up4yOvhjz+QMiX+vACyYmZgzRhIASBYvc8WcmNGHoLMszWnc1PH0qy4mzFe2wez4,0.0554378150340642,3.687972726714654,0.3285465284726218
39300,up4yOvhjz+QMiX+vACyYmZgzRhIASBYvc8WcmNGHoLMszWnc1PH0qy4mzFe2wez4,0.0670830542678275,0.1927675189587283,0.1046175045493366
39600,up4yOvhjz+QMiX+vACyYmZgzRhIASBYvc8WcmNGHoLMszWnc1PH0qy4mzFe2wez4,0.0630782798553083,1.4481222508445404,0.1753643151238314
39900,up4yOvhjz+QMiX+vACyYmZgzRhIASBYvc8WcmNGHoLMszWnc1PH0qy4mzFe2wez4,0.061457982854043,0.159914873130174,0.0993645176585541
40200,up4yOvhjz+QMiX+vACyYmZgzRhIASBYvc8WcmNGHoLMszWnc1PH0qy4mzFe2wez4,0.0654279169060755,1.5988165750279593,0.1862343365986435
40500,up4yOvhjz+QMiX+vACyYmZgzRhIASBYvc8WcmNGHoLMszWnc1PH0qy4mzFe2wez4,0.0631251181748084,0.4262757796238912,0.1134510910440302
40800,up4yOvhjz+QMiX+vACyYmZgzRhIASBYvc8WcmNGHoLMszWnc1PH0qy4mzFe2wez4,0.0661676604082269,1.5919381105216452,0.1781995949393141
41100,up4yOvhjz+QMiX+vACyYmZgzRhIASBYvc8WcmNGHoLMszWnc1PH0qy4mzFe2wez4,0.0614698320878096,0.2246145549747606,0.1062402907058387
41400,up4yOvhjz+QMiX+vACyYmZgzRhIASBYvc8WcmNGHoLMszWnc1PH0qy4mzFe2wez4,0.0631785934185429,1.742634963790191,0.1729944125393879
41700,up4yOvhjz+QMiX+vACyYmZgzRhIASBYvc8WcmNGHoLMszWnc1PH0qy4mzFe2wez4,0.0618581755949855,0.2069999061600425,0.099836802208781
42000,up4yOvhjz+QMiX+vACyYmZgzRhIASBYvc8WcmNGHoLMszWnc1PH0qy4mzFe2wez4,0.0623650582231934,1.4850822557338368,0.2056311106428445
42300,up4yOvhjz+QMiX+vACyYmZgzRhIASBYvc8WcmNGHoLMszWnc1PH0qy4mzFe2wez4,0.0495190022604993,1.4804592106743564,0.2482828387594393
42600,up4yOvhjz+QMiX+vACyYmZgzRhIASBYvc8WcmNGHoLMszWnc1PH0qy4mzFe2wez4,0.0656215933166464,3.620606485345811,0.3334655949741886
42900,up4yOvhjz+QMiX+vACyYmZgzRhIASBYvc8WcmNGHoLMszWnc1PH0qy4mzFe2wez4,0.0708662297136404,0.1950216296716544,0.1042593303993742
43200,up4yOvhjz+QMiX+vACyYmZgzRhIASBYvc8WcmNGHoLMszWnc1PH0qy4mzFe2wez4,0.0597672336162347,1.4532210236373262,0.1733608589565972
43500,up4yOvhjz+QMiX+vACyYmZgzRhIASBYvc8WcmNGHoLMszWnc1PH0qy4mzFe2wez4,0.0589810514287557,0.1744674712786784,0.0968419602627898
43800,up4yOvhjz+QMiX+vACyYmZgzRhIASBYvc8WcmNGHoLMszWnc1PH0qy4mzFe2wez4,0.0581418132232234,1.5485452790376948,0.1878595791787764
44100,up4yOvhjz+QMiX+vACyYmZgzRhIASBYvc8WcmNGHoLMszWnc1PH0qy4mzFe2wez4,0.0538641196807373,0.1451937343593121,0.0985503938276393
44400,up4yOvhjz+QMiX+vACyYmZgzRhIASBYvc8WcmNGHoLMszWnc1PH0qy4mzFe2wez4,0.0555460528116625,1.5584180950504558,0.1789001667912318
44700,up4yOvhjz+QMiX+vACyYmZgzRhIASBYvc8WcmNGHoLMszWnc1PH0qy4mzFe2wez4,0.0585443182499288,0.2088667698458318,0.1052152180044461
45000,up4yOvhjz+QMiX+vACyYmZgzRhIASBYvc8WcmNGHoLMszWnc1PH0qy4mzFe2wez4,0.0570972404533733,1.5363394391574874,0.1709851163429715
45300,up4yOvhjz+QMiX+vACyYmZgzRhIASBYvc8WcmNGHoLMszWnc1PH0qy4mzFe2wez4,0.0620617489923051,0.180889572532675,0.0980917223453673
45600,up4yOvhjz+QMiX+vACyYmZgzRhIASBYvc8WcmNGHoLMszWnc1PH0qy4mzFe2wez4,0.0617604464952377,0.2368211933439449,0.1118176403581413
45900,up4yOvhjz+QMiX+vACyYmZgzRhIASBYvc8WcmNGHoLMszWnc1PH0qy4mzFe2wez4,0.0609047455300068,1.8667661181278263,0.249732791365101
46200,up4yOvhjz+QMiX+vACyYmZgzRhIASBYvc8WcmNGHoLMszWnc1PH0qy4mzFe2wez4,0.0669823366824501,2.7719510506082274,0.3291219952635212
46500,up4yOvhjz+QMiX+vACyYmZgzRhIASBYvc8WcmNGHoLMszWnc1PH0qy4mzFe2wez4,0.0536458741414064,0.20579286308775,0.1059287492851235
46800,up4yOvhjz+QMiX+vACyYmZgzRhIASBYvc8WcmNGHoLMszWnc1PH0qy4mzFe2wez4,0.0623799793167437,1.4952910583105123,0.177612920286812
47100,up4yOvhjz+QMiX+vACyYmZgzRhIASBYvc8WcmNGHoLMszWnc1PH0qy4mzFe2wez4,0.0445011047459919,0.1940133150405718,0.0974633101017896
47400,up4yOvhjz+QMiX+vACyYmZgzRhIASBYvc8WcmNGHoLMszWnc1PH0qy4mzFe2wez4,0.0589227420930381,1.6363554298966645,0.1837058384198566
47700,up4yOvhjz+QMiX+vACyYmZgzRhIASBYvc8WcmNGHoLMszWnc1PH0qy4mzFe2wez4,0.0585427418864873,0.1867776440399261,0.0960571474133911
48000,up4yOvhjz+QMiX+vACyYmZgzRhIASBYvc8WcmNGHoLMszWnc1PH0qy4mzFe2wez4,0.0611192005369069,1.6288032727036452,0.1763644775506068
48300,up4yOvhjz+QMiX+vACyYmZgzRhIASBYvc8WcmNGHoLMszWnc1PH0qy4mzFe2wez4,0.0623452300305792,0.1995195073788271,0.1122573614831197
48600,up4yOvhjz+QMiX+vACyYmZgzRhIASBYvc8WcmNGHoLMszWnc1PH0qy4mzFe2wez4,0.0615026172812687,1.3194619522288156,0.172777783985976
48900,up4yOvhjz+QMiX+vACyYmZgzRhIASBYvc8WcmNGHoLMszWnc1PH0qy4mzFe2wez4,0.0591920745820139,0.1529014409313581,0.0965214127089181
49200,up4yOvhjz+QMiX+vACyYmZgzRhIASBYvc8WcmNGHoLMszWnc1PH0qy4mzFe2wez4,0.0708902290130955,1.4994442052254693,0.2888725401769722
49500,up4yOvhjz+QMiX+vACyYmZgzRhIASBYvc8WcmNGHoLMszWnc1PH0qy4mzFe2wez4,0.0580305173179422,1.802255134787351,0.2504514590110768
49800,up4yOvhjz+QMiX+vACyYmZgzRhIASBYvc8WcmNGHoLMszWnc1PH0qy4mzFe2wez4,0.0679296096371957,2.298094416719652,0.2658002546313948
50100,up4yOvhjz+QMiX+vACyYmZgzRhIASBYvc8WcmNGHoLMszWnc1PH0qy4mzFe2wez4,0.0576761274137135,0.1705306933282265,0.1028284675010644
50400,up4yOvhjz+QMiX+vACyYmZgzRhIASBYvc8WcmNGHoLMszWnc1PH0qy4mzFe2wez4,0.0601938459109968,1.4515617688948377,0.1754052289159565
50700,up4yOvhjz+QMiX+vACyYmZgzRhIASBYvc8WcmNGHoLMszWnc1PH0qy4mzFe2wez4,0.0530628514615136,0.1680724077475842,0.0957695064684186
51000,up4yOvhjz+QMiX+vACyYmZgzRhIASBYvc8WcmNGHoLMszWnc1PH0qy4mzFe2wez4,0.0656888833757859,1.3876291946768329,0.1813692896826404
51300,up4yOvhjz+QMiX+vACyYmZgzRhIASBYvc8WcmNGHoLMszWnc1PH0qy4mzFe2wez4,0.0622042681376797,0.1822907506340175,0.0974853067474366
51600,up4yOvhjz+QMiX+vACyYmZgzRhIASBYvc8WcmNGHoLMszWnc1PH0qy4mzFe2wez4,0.0626154082885378,1.5171594250378098,0.1732127124661543
51900,up4yOvhjz+QMiX+vACyYmZgzRhIASBYvc8WcmNGHoLMszWnc1PH0qy4mzFe2wez4,0.0671190147342005,0.1853470405904412,0.1047358619868843
52200,up4yOvhjz+QMiX+vACyYmZgzRhIASBYvc8WcmNGHoLMszWnc1PH0qy4mzFe2wez4,0.0514080273601223,1.3972731780479275,0.1908204806948695
52500,up4yOvhjz+QMiX+vACyYmZgzRhIASBYvc8WcmNGHoLMszWnc1PH0qy4mzFe2wez4,0.0544519932697789,0.1579494600060212,0.0992298477784054
52800,up4yOvhjz+QMiX+vACyYmZgzRhIASBYvc8WcmNGHoLMszWnc1PH0qy4mzFe2wez4,0.0580332981473642,1.3808894004389245,0.1843191082403733
53100,up4yOvhjz+QMiX+vACyYmZgzRhIASBYvc8WcmNGHoLMszWnc1PH0qy4mzFe2wez4,0.0602924386773959,2.2151313638904204,0.2489939912969763
53400,up4yOvhjz+QMiX+vACyYmZgzRhIASBYvc8WcmNGHoLMszWnc1PH0qy4mzFe2wez4,0.0587562376437718,2.210353778277093,0.3568052657082183
53700,up4yOvhjz+QMiX+vACyYmZgzRhIASBYvc8WcmNGHoLMszWnc1PH0qy4mzFe2wez4,0.0703959751938817,0.1877747674458958,0.1030415896449344
54000,up4yOvhjz+QMiX+vACyYmZgzRhIASBYvc8WcmNGHoLMszWnc1PH0qy4mzFe2wez4,0.0554117615543587,1.3598370458804012,0.1750891370230736
54300,up4yOvhjz+QMiX+vACyYmZgzRhIASBYvc8WcmNGHoLMszWnc1PH0qy4mzFe2wez4,0.0528309763720363,0.1682541964958123,0.0974785826656635
54600,up4yOvhjz+QMiX+vACyYmZgzRhIASBYvc8WcmNGHoLMszWnc1PH0qy4mzFe2wez4,0.0715705430057494,1.5594546315621765,0.1838503040645184
54900,up4yOvhjz+QMiX+vACyYmZgzRhIASBYvc8WcmNGHoLMszWnc1PH0qy4mzFe2wez4,0.0654409495792036,0.1845042067215141,0.1071199420382922
55200,up4yOvhjz+QMiX+vACyYmZgzRhIASBYvc8WcmNGHoLMszWnc1PH0qy4mzFe2wez4,0.0586691390561763,1.5542860428816463,0.1789033068560121
55500,up4yOvhjz+QMiX+vACyYmZgzRhIASBYvc8WcmNGHoLMszWnc1PH0qy4mzFe2wez4,0.0673223342210435,0.1961685214726547,0.1064785125588635
55800,up4yOvhjz+QMiX+vACyYmZgzRhIASBYvc8WcmNGHoLMszWnc1PH0qy4mzFe2wez4,0.0521360163255494,1.7962277965010411,0.1790508001634393
56100,up4yOvhjz+QMiX+vACyYmZgzRhIASBYvc8WcmNGHoLMszWnc1PH0qy4mzFe2wez4,0.0536316728218222,0.1758503784682638,0.0963036427356769
56400,up4yOvhjz+QMiX+vACyYmZgzRhIASBYvc8WcmNGHoLMszWnc1PH0qy4mzFe2wez4,0.0638919245773166,1.936983160467599,0.3004924157974698
56700,up4yOvhjz+QMiX+vACyYmZgzRhIASBYvc8WcmNGHoLMszWnc1PH0qy4mzFe2wez4,0.0548140028394676,1.7685462018269744,0.2543468361643027
57000,up4yOvhjz+QMiX+vACyYmZgzRhIASBYvc8WcmNGHoLMszWnc1PH0qy4mzFe2wez4,0.0638101136991844,2.9087678511479163,0.3313667431498169
57300,up4yOvhjz+QMiX+vACyYmZgzRhIASBYvc8WcmNGHoLMszWnc1PH0qy4mzFe2wez4,0.065166419048474,0.1983080274961531,0.1057940193069107
57600,up4yOvhjz+QMiX+vACyYmZgzRhIASBYvc8WcmNGHoLMszWnc1PH0qy4mzFe2wez4,0.0534727000181529,1.3393703255343874,0.177450141517407
57900,up4yOvhjz+QMiX+vACyYmZgzRhIASBYvc8WcmNGHoLMszWnc1PH0qy4mzFe2wez4,0.0645901742244963,0.3344963455293207,0.1126359854000119
58200,up4yOvhjz+QMiX+vACyYmZgzRhIASBYvc8WcmNGHoLMszWnc1PH0qy4mzFe2wez4,0.0571858147672078,1.2349074989670097,0.1812380348927063
58500,up4yOvhjz+QMiX+vACyYmZgzRhIASBYvc8WcmNGHoLMszWnc1PH0qy4mzFe2wez4,0.0481829892138383,0.1837449390456525,0.0985158647023139
58800,up4yOvhjz+QMiX+vACyYmZgzRhIASBYvc8WcmNGHoLMszWnc1PH0qy4mzFe2wez4,0.0640520974259359,1.5545764549275451,0.1794591108827724
59100,up4yOvhjz+QMiX+vACyYmZgzRhIASBYvc8WcmNGHoLMszWnc1PH0qy4mzFe2wez4,0.0568198960397037,0.1796763973537681,0.1025266094526322
59400,up4yOvhjz+QMiX+vACyYmZgzRhIASBYvc8WcmNGHoLMszWnc1PH0qy4mzFe2wez4,0.0577382282758716,1.1907652725809248,0.1659478197294797
59700,up4yOvhjz+QMiX+vACyYmZgzRhIASBYvc8WcmNGHoLMszWnc1PH0qy4mzFe2wez4,0.059139764426605,0.1528029725591018,0.0957504001247254
60000,up4yOvhjz+QMiX+vACyYmZgzRhIASBYvc8WcmNGHoLMszWnc1PH0qy4mzFe2wez4,0.0615206856079884,1.6224223901846515,0.1885392739456018
60300,up4yOvhjz+QMiX+vACyYmZgzRhIASBYvc8WcmNGHoLMszWnc1PH0qy4mzFe2wez4,0.0614424822761506,1.9910438491150129,0.2469220791359131
60600,up4yOvhjz+QMiX+vACyYmZgzRhIASBYvc8WcmNGHoLMszWnc1PH0qy4mzFe2wez4,0.0592918891525046,2.856335527705452,0.3216165617520928
60900,up4yOvhjz+QMiX+vACyYmZgzRhIASBYvc8WcmNGHoLMszWnc1PH0qy4mzFe2wez4,0.0597654851723065,0.2099628842443401,0.1067698291166211
61200,up4yOvhjz+QMiX+vACyYmZgzRhIASBYvc8WcmNGHoLMszWnc1PH0qy4mzFe2wez4,0.064329758423473,1.2143455751446743,0.1805304093276503
61500,up4yOvhjz+QMiX+vACyYmZgzRhIASBYvc8WcmNGHoLMszWnc1PH0qy4mzFe2wez4,0.0568262642421287,0.1848063909394707,0.1029190222283372
61800,up4yOvhjz+QMiX+vACyYmZgzRhIASBYvc8WcmNGHoLMszWnc1PH0qy4mzFe2wez4,0.0571662516371754,1.5191834418332542,0.1871070591602835
62100,up4yOvhjz+QMiX+vACyYmZgzRhIASBYvc8WcmNGHoLMszWnc1PH0qy4mzFe2wez4,0.0547531485833923,0.1827745274465572,0.0971701289617322
62400,up4yOvhjz+QMiX+vACyYmZgzRhIASBYvc8WcmNGHoLMszWnc1PH0qy4mzFe2wez4,0.0608210601805348,1.2408187739211554,0.1780424702851364
62700,up4yOvhjz+QMiX+vACyYmZgzRhIASBYvc8WcmNGHoLMszWnc1PH0qy4mzFe2wez4,0.0631129187947111,0.1765026359032914,0.1046172465217093
63000,up4yOvhjz+QMiX+vACyYmZgzRhIASBYvc8WcmNGHoLMszWnc1PH0qy4mzFe2wez4,0.0680883908602132,1.4622339391373964,0.1761619078481894
63300,up4yOvhjz+QMiX+vACyYmZgzRhIASBYvc8WcmNGHoLMszWnc1PH0qy4mzFe2wez4,0.0608114102743146,25.96058998671832,2.306942187288512
63600,up4yOvhjz+QMiX+vACyYmZgzRhIASBYvc8WcmNGHoLMszWnc1PH0qy4mzFe2wez4,0.4248276309381375,47.15086295508106,17.333032224931014
63900,up4yOvhjz+QMiX+vACyYmZgzRhIASBYvc8WcmNGHoLMszWnc1PH0qy4mzFe2wez4,0.1198774409715336,58.33394495743112,8.158414519767458
64200,up4yOvhjz+QMiX+vACyYmZgzRhIASBYvc8WcmNGHoLMszWnc1PH0qy4mzFe2wez4,0.0676284970694967,4.7295356391901775,0.9422687488883636
64500,up4yOvhjz+QMiX+vACyYmZgzRhIASBYvc8WcmNGHoLMszWnc1PH0qy4mzFe2wez4,0.102381102107848,39.01858043020768,3.587344621150747
64800,up4yOvhjz+QMiX+vACyYmZgzRhIASBYvc8WcmNGHoLMszWnc1PH0qy4mzFe2wez4,0.0749377146364774,3.2984981349810214,0.3797122973740629
65100,up4yOvhjz+QMiX+vACyYmZgzRhIASBYvc8WcmNGHoLMszWnc1PH0qy4mzFe2wez4,0.0592932091207362,0.2186937340514325,0.1331104380429038
65400,up4yOvhjz+QMiX+vACyYmZgzRhIASBYvc8WcmNGHoLMszWnc1PH0qy4mzFe2wez4,0.0576723002930058,1.4481124045574665,0.1969238931551611
65700,up4yOvhjz+QMiX+vACyYmZgzRhIASBYvc8WcmNGHoLMszWnc1PH0qy4mzFe2wez4,0.0563143407442433,0.191014360671583,0.1023217882509428
66000,up4yOvhjz+QMiX+vACyYmZgzRhIASBYvc8WcmNGHoLMszWnc1PH0qy4mzFe2wez4,0.0599829241320869,1.647526164243341,0.1927557379559178
66300,up4yOvhjz+QMiX+vACyYmZgzRhIASBYvc8WcmNGHoLMszWnc1PH0qy4mzFe2wez4,0.0619056387520665,0.1875225950439588,0.1113561828173254
66600,up4yOvhjz+QMiX+vACyYmZgzRhIASBYvc8WcmNGHoLMszWnc1PH0qy4mzFe2wez4,0.057971565007362,1.4299699311237135,0.1739684141431338
66900,up4yOvhjz+QMiX+vACyYmZgzRhIASBYvc8WcmNGHoLMszWnc1PH0qy4mzFe2wez4,0.0529597815272756,0.1770414839561286,0.106130760897749
67200,up4yOvhjz+QMiX+vACyYmZgzRhIASBYvc8WcmNGHoLMszWnc1PH0qy4mzFe2wez4,0.0647035690700033,1.834779965430559,0.223014856693792
67500,up4yOvhjz+QMiX+vACyYmZgzRhIASBYvc8WcmNGHoLMszWnc1PH0qy4mzFe2wez4,0.0682341294173988,0.2136073515881646,0.1131220341740054
67800,up4yOvhjz+QMiX+vACyYmZgzRhIASBYvc8WcmNGHoLMszWnc1PH0qy4mzFe2wez4,0.0641271604934693,1.9917317115037907,0.3434753137742073
68100,up4yOvhjz+QMiX+vACyYmZgzRhIASBYvc8WcmNGHoLMszWnc1PH0qy4mzFe2wez4,0.0699427584106242,3.370251762020005,0.261621293524744
68400,up4yOvhjz+QMiX+vACyYmZgzRhIASBYvc8WcmNGHoLMszWnc1PH0qy4mzFe2wez4,0.0642168442814954,1.6234485567683905,0.1832451617081757
68700,up4yOvhjz+QMiX+vACyYmZgzRhIASBYvc8WcmNGHoLMszWnc1PH0qy4mzFe2wez4,0.0626839252322903,0.1758551600752906,0.1068367330877409
69000,up4yOvhjz+QMiX+vACyYmZgzRhIASBYvc8WcmNGHoLMszWnc1PH0qy4mzFe2wez4,0.0560862923531546,1.307492138289612,0.179272914259134
69300,up4yOvhjz+QMiX+vACyYmZgzRhIASBYvc8WcmNGHoLMszWnc1PH0qy4mzFe2wez4,0.0530698393489012,0.1468095337317903,0.1021101523623161
69600,up4yOvhjz+QMiX+vACyYmZgzRhIASBYvc8WcmNGHoLMszWnc1PH0qy4mzFe2wez4,0.0518201552069137,1.3420026722264986,0.1778968037574004
69900,up4yOvhjz+QMiX+vACyYmZgzRhIASBYvc8WcmNGHoLMszWnc1PH0qy4mzFe2wez4,0.0587465517908021,0.1951671658637849,0.1084654966036435
70200,up4yOvhjz+QMiX+vACyYmZgzRhIASBYvc8WcmNGHoLMszWnc1PH0qy4mzFe2wez4,0.060371956530378,1.4550906483372776,0.1969821943475811
70500,up4yOvhjz+QMiX+vACyYmZgzRhIASBYvc8WcmNGHoLMszWnc1PH0qy4mzFe2wez4,0.0558609226741911,0.206565069093442,0.111767602876824
70800,up4yOvhjz+QMiX+vACyYmZgzRhIASBYvc8WcmNGHoLMszWnc1PH0qy4mzFe2wez4,0.0623633352225253,1.675777309316093,0.2536266607209624
71100,up4yOvhjz+QMiX+vACyYmZgzRhIASBYvc8WcmNGHoLMszWnc1PH0qy4mzFe2wez4,0.06565178368749,0.2032897477104082,0.1017248909615869
71400,up4yOvhjz+QMiX+vACyYmZgzRhIASBYvc8WcmNGHoLMszWnc1PH0qy4mzFe2wez4,0.0613205286288974,1.890986491375101,0.3387878439366905
71700,up4yOvhjz+QMiX+vACyYmZgzRhIASBYvc8WcmNGHoLMszWnc1PH0qy4mzFe2wez4,0.0572482719301218,2.4000783897931126,0.2478004580271425
72000,up4yOvhjz+QMiX+vACyYmZgzRhIASBYvc8WcmNGHoLMszWnc1PH0qy4mzFe2wez4,0.0591191837531908,1.3283378967963804,0.1719130885663511
72300,up4yOvhjz+QMiX+vACyYmZgzRhIASBYvc8WcmNGHoLMszWnc1PH0qy4mzFe2wez4,0.0535846607417416,0.1861232572152954,0.0927747340544359
72600,up4yOvhjz+QMiX+vACyYmZgzRhIASBYvc8WcmNGHoLMszWnc1PH0qy4mzFe2wez4,0.0651466560256561,1.3412829047586083,0.1725333046244366
72900,up4yOvhjz+QMiX+vACyYmZgzRhIASBYvc8WcmNGHoLMszWnc1PH0qy4mzFe2wez4,0.0560939633178054,0.188533045634214,0.0952430193395748
73200,up4yOvhjz+QMiX+vACyYmZgzRhIASBYvc8WcmNGHoLMszWnc1PH0qy4mzFe2wez4,0.0508338547312042,1.248854810035218,0.1595127062982491
73500,up4yOvhjz+QMiX+vACyYmZgzRhIASBYvc8WcmNGHoLMszWnc1PH0qy4mzFe2wez4,0.0535256873846039,0.3427054056734145,0.1186848760358882
73800,up4yOvhjz+QMiX+vACyYmZgzRhIASBYvc8WcmNGHoLMszWnc1PH0qy4mzFe2wez4,0.0516213581099851,1.3764813126405349,0.1668921656511578
74100,up4yOvhjz+QMiX+vACyYmZgzRhIASBYvc8WcmNGHoLMszWnc1PH0qy4mzFe2wez4,0.0503644110007613,3.354291003723488,0.8012442753697839
74400,up4yOvhjz+QMiX+vACyYmZgzRhIASBYvc8WcmNGHoLMszWnc1PH0qy4mzFe2wez4,0.0893181407791662,4.3197267448463,0.8178516612677204
74700,up4yOvhjz+QMiX+vACyYmZgzRhIASBYvc8WcmNGHoLMszWnc1PH0qy4mzFe2wez4,0.0664364825729014,2.7366789005083287,0.6934006947982188
75000,up4yOvhjz+QMiX+vACyYmZgzRhIASBYvc8WcmNGHoLMszWnc1PH0qy4mzFe2wez4,0.0705121563998781,4.398501343821168,0.9279268041320132
75300,up4yOvhjz+QMiX+vACyYmZgzRhIASBYvc8WcmNGHoLMszWnc1PH0qy4mzFe2wez4,0.0749572541352447,4.122725695570935,0.8585049984180163
75600,up4yOvhjz+QMiX+vACyYmZgzRhIASBYvc8WcmNGHoLMszWnc1PH0qy4mzFe2wez4,0.0759948355671603,3.227426200328829,0.8038915374821844
75900,up4yOvhjz+QMiX+vACyYmZgzRhIASBYvc8WcmNGHoLMszWnc1PH0qy4mzFe2wez4,0.0842995975250941,3.862266905117567,0.722729488315013
76200,up4yOvhjz+QMiX+vACyYmZgzRhIASBYvc8WcmNGHoLMszWnc1PH0qy4mzFe2wez4,0.0882532539514788,3.350813061460725,0.7855957487878042
76500,up4yOvhjz+QMiX+vACyYmZgzRhIASBYvc8WcmNGHoLMszWnc1PH0qy4mzFe2wez4,0.0689779470879812,3.1427346399476987,0.7243209044984673
76800,up4yOvhjz+QMiX+vACyYmZgzRhIASBYvc8WcmNGHoLMszWnc1PH0qy4mzFe2wez4,0.079112067284373,3.1705274250111133,0.8105425659838652
77100,up4yOvhjz+QMiX+vACyYmZgzRhIASBYvc8WcmNGHoLMszWnc1PH0qy4mzFe2wez4,0.0829963526345929,2.976388678411791,0.7278528032585356
77400,up4yOvhjz+QMiX+vACyYmZgzRhIASBYvc8WcmNGHoLMszWnc1PH0qy4mzFe2wez4,0.0746565941996117,3.9252053160081752,0.7969214565160261
77700,up4yOvhjz+QMiX+vACyYmZgzRhIASBYvc8WcmNGHoLMszWnc1PH0qy4mzFe2wez4,0.0652279141165797,2.713463630587388,0.726064638832576
78000,up4yOvhjz+QMiX+vACyYmZgzRhIASBYvc8WcmNGHoLMszWnc1PH0qy4mzFe2wez4,0.0732471896908686,4.191343911621384,0.9418670085117082
78300,up4yOvhjz+QMiX+vACyYmZgzRhIASBYvc8WcmNGHoLMszWnc1PH0qy4mzFe2wez4,0.0902019253557168,3.4808020680660343,0.8021309429766572
78600,up4yOvhjz+QMiX+vACyYmZgzRhIASBYvc8WcmNGHoLMszWnc1PH0qy4mzFe2wez4,0.0714570824566368,4.240170618133381,0.9499248378794548
78900,up4yOvhjz+QMiX+vACyYmZgzRhIASBYvc8WcmNGHoLMszWnc1PH0qy4mzFe2wez4,0.0785318407241407,3.584836928055457,0.8367287960097884
79200,up4yOvhjz+QMiX+vACyYmZgzRhIASBYvc8WcmNGHoLMszWnc1PH0qy4mzFe2wez4,0.1436654067997044,2.5759412775805317,0.7160827653541033
79500,up4yOvhjz+QMiX+vACyYmZgzRhIASBYvc8WcmNGHoLMszWnc1PH0qy4mzFe2wez4,0.0761495917001364,2.9046193418831603,0.7025831989606146
79800,up4yOvhjz+QMiX+vACyYmZgzRhIASBYvc8WcmNGHoLMszWnc1PH0qy4mzFe2wez4,0.0767234827280546,3.7126706741414366,0.8061972671775246
80100,up4yOvhjz+QMiX+vACyYmZgzRhIASBYvc8WcmNGHoLMszWnc1PH0qy4mzFe2wez4,0.0819791026319559,29.061279626534876,4.769499221762293
80400,up4yOvhjz+QMiX+vACyYmZgzRhIASBYvc8WcmNGHoLMszWnc1PH0qy4mzFe2wez4,9.650871118202595,53.02065122871479,23.436989130359084
80700,up4yOvhjz+QMiX+vACyYmZgzRhIASBYvc8WcmNGHoLMszWnc1PH0qy4mzFe2wez4,1.0662301698830277,46.06002557259743,21.970838988503218
81000,up4yOvhjz+QMiX+vACyYmZgzRhIASBYvc8WcmNGHoLMszWnc1PH0qy4mzFe2wez4,0.0913634547387765,22.04970409583434,4.388633229666993
160500,ZpMwnb9dWc2wJ8U8sM/xDN9n60fgii57F35vNtiUDPISjbJWDQ6wACH4th6A6GMu,1.8603390433018825,4.69417825336239,2.4926091086501585
160800,ZpMwnb9dWc2wJ8U8sM/xDN9n60fgii57F35vNtiUDPISjbJWDQ6wACH4th6A6GMu,1.807239461370424,2.9787331457212662,2.229808950410752
161100,ZpMwnb9dWc2wJ8U8sM/xDN9n60fgii57F35vNtiUDPISjbJWDQ6wACH4th6A6GMu,1.8010515162078446,4.422422916491742,2.4413538006358424
161400,ZpMwnb9dWc2wJ8U8sM/xDN9n60fgii57F35vNtiUDPISjbJWDQ6wACH4th6A6GMu,1.713563506351924,2.9529705611661154,2.2031456052070624
161700,ZpMwnb9dWc2wJ8U8sM/xDN9n60fgii57F35vNtiUDPISjbJWDQ6wACH4th6A6GMu,1.7256036327812518,3.9573496418331087,2.606077430754722
162000,ZpMwnb9dWc2wJ8U8sM/xDN9n60fgii57F35vNtiUDPISjbJWDQ6wACH4th6A6GMu,1.8087501031045423,6.334666610989057,4.030319232351617
162300,ZpMwnb9dWc2wJ8U8sM/xDN9n60fgii57F35vNtiUDPISjbJWDQ6wACH4th6A6GMu,1.8342331412464217,4.900116233390796,2.54516734325108
162600,ZpMwnb9dWc2wJ8U8sM/xDN9n60fgii57F35vNtiUDPISjbJWDQ6wACH4th6A6GMu,1.6637324131795774,2.9532376108343774,2.2683963455025378
162900,ZpMwnb9dWc2wJ8U8sM/xDN9n60fgii57F35vNtiUDPISjbJWDQ6wACH4th6A6GMu,1.5937570515478172,5.831000437683321,2.8855220026764643
163200,ZpMwnb9dWc2wJ8U8sM/xDN9n60fgii57F35vNtiUDPISjbJWDQ6wACH4th6A6GMu,1.6517690173926685,2.7979739588567405,2.15441463814972
163500,ZpMwnb9dWc2wJ8U8sM/xDN9n60fgii57F35vNtiUDPISjbJWDQ6wACH4th6A6GMu,1.7243757560310748,4.896233505474481,2.492551013696
163800,ZpMwnb9dWc2wJ8U8sM/xDN9n60fgii57F35vNtiUDPISjbJWDQ6wACH4th6A6GMu,1.7442665526015075,3.5671376583665424,2.430033116833954
164100,ZpMwnb9dWc2wJ8U8sM/xDN9n60fgii57F35vNtiUDPISjbJWDQ6wACH4th6A6GMu,1.6210023207411923,4.865381273471023,2.474906315399503
164400,ZpMwnb9dWc2wJ8U8sM/xDN9n60fgii57F35vNtiUDPISjbJWDQ6wACH4th6A6GMu,1.7738025674484943,12.925612499029016,3.82182537086652
164700,ZpMwnb9dWc2wJ8U8sM/xDN9n60fgii57F35vNtiUDPISjbJWDQ6wACH4th6A6GMu,1.6719521426665758,4.840968949396761,2.43144356090701
165000,ZpMwnb9dWc2wJ8U8sM/xDN9n60fgii57F35vNtiUDPISjbJWDQ6wACH4th6A6GMu,1.6769838059723725,3.02982943282268,2.246782992508368
165300,ZpMwnb9dWc2wJ8U8sM/xDN9n60fgii57F35vNtiUDPISjbJWDQ6wACH4th6A6GMu,1.8345567843649973,5.322381318681151,2.5598152238536542
165600,ZpMwnb9dWc2wJ8U8sM/xDN9n60fgii57F35vNtiUDPISjbJWDQ6wACH4th6A6GMu,2.1168032669466488,5.775718505563741,3.0704356190595217
165900,ZpMwnb9dWc2wJ8U8sM/xDN9n60fgii57F35vNtiUDPISjbJWDQ6wACH4th6A6GMu,2.06210025412218,5.7778697586461645,3.4724362164382345
166200,ZpMwnb9dWc2wJ8U8sM/xDN9n60fgii57F35vNtiUDPISjbJWDQ6wACH4th6A6GMu,1.707851174496705,2.7642290480503195,2.242371001547443
166500,ZpMwnb9dWc2wJ8U8sM/xDN9n60fgii57F35vNtiUDPISjbJWDQ6wACH4th6A6GMu,1.8330617606284647,5.802215121522638,2.9155859400863524
166800,ZpMwnb9dWc2wJ8U8sM/xDN9n60fgii57F35vNtiUDPISjbJWDQ6wACH4th6A6GMu,1.909182659072217,2.6632880831261936,2.25742812155512
167100,ZpMwnb9dWc2wJ8U8sM/xDN9n60fgii57F35vNtiUDPISjbJWDQ6wACH4th6A6GMu,1.6724197107813286,4.790318128958756,2.526221144153456
167400,ZpMwnb9dWc2wJ8U8sM/xDN9n60fgii57F35vNtiUDPISjbJWDQ6wACH4th6A6GMu,1.6945365578297538,2.765773666655091,2.198899376586464
167700,ZpMwnb9dWc2wJ8U8sM/xDN9n60fgii57F35vNtiUDPISjbJWDQ6wACH4th6A6GMu,1.6282671286750785,4.936867177949512,2.381645241198823
168000,ZpMwnb9dWc2wJ8U8sM/xDN9n60fgii57F35vNtiUDPISjbJWDQ6wACH4th6A6GMu,1.8156557238711493,2.7362626311679143,2.2069063004853
168300,ZpMwnb9dWc2wJ8U8sM/xDN9n60fgii57F35vNtiUDPISjbJWDQ6wACH4th6A6GMu,1.6805259081937485,4.631999638096934,2.4529672309568635
168600,ZpMwnb9dWc2wJ8U8sM/xDN9n60fgii57F35vNtiUDPISjbJWDQ6wACH4th6A6GMu,1.963507808860899,3.8148446145860992,2.433394732910816
168900,ZpMwnb9dWc2wJ8U8sM/xDN9n60fgii57F35vNtiUDPISjbJWDQ6wACH4th6A6GMu,1.9053089911165075,11.803399942994792,3.879305648627799
169200,ZpMwnb9dWc2wJ8U8sM/xDN9n60fgii57F35vNtiUDPISjbJWDQ6wACH4th6A6GMu,1.9115084007762195,24.731580287700112,5.815247976232137
169500,ZpMwnb9dWc2wJ8U8sM/xDN9n60fgii57F35vNtiUDPISjbJWDQ6wACH4th6A6GMu,2.007842098621377,7.129483007306904,4.543347874821664
169800,ZpMwnb9dWc2wJ8U8sM/xDN9n60fgii57F35vNtiUDPISjbJWDQ6wACH4th6A6GMu,2.0840548513137,39.701106369745,10.95612568781009
170100,ZpMwnb9dWc2wJ8U8sM/xDN9n60fgii57F35vNtiUDPISjbJWDQ6wACH4th6A6GMu,2.031619266312015,6.237771347820347,3.2400528339299206
170400,ZpMwnb9dWc2wJ8U8sM/xDN9n60fgii57F35vNtiUDPISjbJWDQ6wACH4th6A6GMu,2.2529554305864363,8.01378294354846,4.883399599850887
170700,ZpMwnb9dWc2wJ8U8sM/xDN9n60fgii57F35vNtiUDPISjbJWDQ6wACH4th6A6GMu,7.8604979208485455,10.187808124526702,8.618024301465805
171000,ZpMwnb9dWc2wJ8U8sM/xDN9n60fgii57F35vNtiUDPISjbJWDQ6wACH4th6A6GMu,1.9042092466884208,3.070367380782999,2.4710819094590266
171300,ZpMwnb9dWc2wJ8U8sM/xDN9n60fgii57F35vNtiUDPISjbJWDQ6wACH4th6A6GMu,1.6762802017238856,5.388817277276611,2.785926592384641
171600,ZpMwnb9dWc2wJ8U8sM/xDN9n60fgii57F35vNtiUDPISjbJWDQ6wACH4th6A6GMu,2.0070324395558714,14.829455784606672,3.703696167849452
171900,ZpMwnb9dWc2wJ8U8sM/xDN9n60fgii57F35vNtiUDPISjbJWDQ6wACH4th6A6GMu,1.7742590732383374,4.288914005040144,2.541391716674793
172200,ZpMwnb9dWc2wJ8U8sM/xDN9n60fgii57F35vNtiUDPISjbJWDQ6wACH4th6A6GMu,1.7652297400524566,2.8287702134645745,2.214628060615964
172500,ZpMwnb9dWc2wJ8U8sM/xDN9n60fgii57F35vNtiUDPISjbJWDQ6wACH4th6A6GMu,1.8735610776497027,5.208466189203168,2.529090044028243
172800,ZpMwnb9dWc2wJ8U8sM/xDN9n60fgii57F35vNtiUDPISjbJWDQ6wACH4th6A6GMu,1.6656017293530492,2.703083674467457,2.185681304306625
173100,ZpMwnb9dWc2wJ8U8sM/xDN9n60fgii57F35vNtiUDPISjbJWDQ6wACH4th6A6GMu,1.7560983016854956,8.379435963098182,3.250430850886202
173400,ZpMwnb9dWc2wJ8U8sM/xDN9n60fgii57F35vNtiUDPISjbJWDQ6wACH4th6A6GMu,1.6850416147350566,5.889331906137839,3.3812716692102898
173700,ZpMwnb9dWc2wJ8U8sM/xDN9n60fgii57F35vNtiUDPISjbJWDQ6wACH4th6A6GMu,1.5781884535622923,5.431193817229809,2.8369854028479846
174000,ZpMwnb9dWc2wJ8U8sM/xDN9n60fgii57F35vNtiUDPISjbJWDQ6wACH4th6A6GMu,1.808789646566068,3.16686208598881,2.3515543881222136
174300,ZpMwnb9dWc2wJ8U8sM/xDN9n60fgii57F35vNtiUDPISjbJWDQ6wACH4th6A6GMu,1.9407567408260236,4.842819281893491,2.5311575632628665
174600,ZpMwnb9dWc2wJ8U8sM/xDN9n60fgii57F35vNtiUDPISjbJWDQ6wACH4th6A6GMu,1.6408379593222788,2.703648890822775,2.2518694425910915
174900,ZpMwnb9dWc2wJ8U8sM/xDN9n60fgii57F35vNtiUDPISjbJWDQ6wACH4th6A6GMu,1.811754572246756,4.691871850187767,2.5482211259385728
175200,ZpMwnb9dWc2wJ8U8sM/xDN9n60fgii57F35vNtiUDPISjbJWDQ6wACH4th6A6GMu,1.707753534735902,2.8201895506506456,2.225524129429329
175500,ZpMwnb9dWc2wJ8U8sM/xDN9n60fgii57F35vNtiUDPISjbJWDQ6wACH4th6A6GMu,1.816502191828147,4.684749185451263,2.449159602173104
175800,ZpMwnb9dWc2wJ8U8sM/xDN9n60fgii57F35vNtiUDPISjbJWDQ6wACH4th6A6GMu,1.781018598946131,3.047781982479108,2.266330462856657
176100,ZpMwnb9dWc2wJ8U8sM/xDN9n60fgii57F35vNtiUDPISjbJWDQ6wACH4th6A6GMu,1.657370205154989,4.939953013634738,2.574226534034883
176400,ZpMwnb9dWc2wJ8U8sM/xDN9n60fgii57F35vNtiUDPISjbJWDQ6wACH4th6A6GMu,1.6828118582545777,2.6781442926197334,2.1834385751094376
176700,ZpMwnb9dWc2wJ8U8sM/xDN9n60fgii57F35vNtiUDPISjbJWDQ6wACH4th6A6GMu,1.6660665459073476,4.94801819409665,2.593044007807764
177000,ZpMwnb9dWc2wJ8U8sM/xDN9n60fgii57F35vNtiUDPISjbJWDQ6wACH4th6A6GMu,1.8146908665179633,6.84210362197978,4.195793719947918
177300,ZpMwnb9dWc2wJ8U8sM/xDN9n60fgii57F35vNtiUDPISjbJWDQ6wACH4th6A6GMu,1.754142447199028,4.627477431107334,2.3946463753882448
177600,ZpMwnb9dWc2wJ8U8sM/xDN9n60fgii57F35vNtiUDPISjbJWDQ6wACH4th6A6GMu,1.799748668703823,6.563088053808923,2.6264571665202334
177900,ZpMwnb9dWc2wJ8U8sM/xDN9n60fgii57F35vNtiUDPISjbJWDQ6wACH4th6A6GMu,1.908989098063916,4.872887807601125,2.533762226226118
178200,ZpMwnb9dWc2wJ8U8sM/xDN9n60fgii57F35vNtiUDPISjbJWDQ6wACH4th6A6GMu,1.7784611941509458,2.8811279920919186,2.280589271977095
178500,ZpMwnb9dWc2wJ8U8sM/xDN9n60fgii57F35vNtiUDPISjbJWDQ6wACH4th6A6GMu,1.695432526256572,4.688288092971731,2.4778876225261994
178800,ZpMwnb9dWc2wJ8U8sM/xDN9n60fgii57F35vNtiUDPISjbJWDQ6wACH4th6A6GMu,1.6482765638917027,2.752859617544983,2.2372984519820904
179100,ZpMwnb9dWc2wJ8U8sM/xDN9n60fgii57F35vNtiUDPISjbJWDQ6wACH4th6A6GMu,1.809243100640909,4.391768777267553,2.443899014425321
179400,ZpMwnb9dWc2wJ8U8sM/xDN9n60fgii57F35vNtiUDPISjbJWDQ6wACH4th6A6GMu,1.823780575678849,2.903158059288532,2.2669431655109884
179700,ZpMwnb9dWc2wJ8U8sM/xDN9n60fgii57F35vNtiUDPISjbJWDQ6wACH4th6A6GMu,1.7170031286567795,4.224720692437959,2.5036820600682206
180000,ZpMwnb9dWc2wJ8U8sM/xDN9n60fgii57F35vNtiUDPISjbJWDQ6wACH4th6A6GMu,1.6576867099626855,2.8047485853347625,2.255558568574675
180300,ZpMwnb9dWc2wJ8U8sM/xDN9n60fgii57F35vNtiUDPISjbJWDQ6wACH4th6A6GMu,1.811041226833252,2.5944053091851624,2.2766493465901814
180600,ZpMwnb9dWc2wJ8U8sM/xDN9n60fgii57F35vNtiUDPISjbJWDQ6wACH4th6A6GMu,2.0223955881282247,6.056801479315535,3.297666101973542
180900,ZpMwnb9dWc2wJ8U8sM/xDN9n60fgii57F35vNtiUDPISjbJWDQ6wACH4th6A6GMu,1.6675661300549676,5.740988636910592,3.2112063802608386
181200,ZpMwnb9dWc2wJ8U8sM/xDN9n60fgii57F35vNtiUDPISjbJWDQ6wACH4th6A6GMu,1.7391396269277366,6.428025604320859,3.0048232662494025
181500,ZpMwnb9dWc2wJ8U8sM/xDN9n60fgii57F35vNtiUDPISjbJWDQ6wACH4th6A6GMu,1.6262611120331727,2.709123464824529,2.195976306907135
181800,ZpMwnb9dWc2wJ8U8sM/xDN9n60fgii57F35vNtiUDPISjbJWDQ6wACH4th6A6GMu,1.5672784483052105,5.0179179472621245,2.5465088982726893
182100,ZpMwnb9dWc2wJ8U8sM/xDN9n60fgii57F35vNtiUDPISjbJWDQ6wACH4th6A6GMu,1.7064467305100786,2.7151979927553054,2.217683124797688
182400,ZpMwnb9dWc2wJ8U8sM/xDN9n60fgii57F35vNtiUDPISjbJWDQ6wACH4th6A6GMu,1.851910103390519,4.873786977332044,2.5393618009347816
182700,ZpMwnb9dWc2wJ8U8sM/xDN9n60fgii57F35vNtiUDPISjbJWDQ6wACH4th6A6GMu,1.5816995996537573,2.522014595437211,2.1261862252384964
183000,ZpMwnb9dWc2wJ8U8sM/xDN9n60fgii57F35vNtiUDPISjbJWDQ6wACH4th6A6GMu,1.779582310358356,4.78819803476965,2.507423617594799
183300,ZpMwnb9dWc2wJ8U8sM/xDN9n60fgii57F35vNtiUDPISjbJWDQ6wACH4th6A6GMu,1.84314846814512,10.753281372155824,3.38831455070328
183600,ZpMwnb9dWc2wJ8U8sM/xDN9n60fgii57F35vNtiUDPISjbJWDQ6wACH4th6A6GMu,1.641255011536128,11.436735071391784,3.1942866642007055
183900,ZpMwnb9dWc2wJ8U8sM/xDN9n60fgii57F35vNtiUDPISjbJWDQ6wACH4th6A6GMu,1.7618923817858192,3.449383046652404,2.2967708700120326
184200,ZpMwnb9dWc2wJ8U8sM/xDN9n60fgii57F35vNtiUDPISjbJWDQ6wACH4th6A6GMu,1.8066227781456985,5.229250383079359,2.5914758616066624
184500,ZpMwnb9dWc2wJ8U8sM/xDN9n60fgii57F35vNtiUDPISjbJWDQ6wACH4th6A6GMu,1.592501433124765,6.396226164311081,4.127546483526042
184800,ZpMwnb9dWc2wJ8U8sM/xDN9n60fgii57F35vNtiUDPISjbJWDQ6wACH4th6A6GMu,1.636682468288268,5.608963126082806,3.002661852096047
185100,ZpMwnb9dWc2wJ8U8sM/xDN9n60fgii57F35vNtiUDPISjbJWDQ6wACH4th6A6GMu,1.6148820656874263,3.0785791580099198,2.2904723796963413
185400,ZpMwnb9dWc2wJ8U8sM/xDN9n60fgii57F35vNtiUDPISjbJWDQ6wACH4th6A6GMu,1.6866360068179975,4.6994359485544885,2.5529975617937684
185700,ZpMwnb9dWc2wJ8U8sM/xDN9n60fgii57F35vNtiUDPISjbJWDQ6wACH4th6A6GMu,1.6483179699849693,2.7690865020306896,2.214034696397309
186000,ZpMwnb9dWc2wJ8U8sM/xDN9n60fgii57F35vNtiUDPISjbJWDQ6wACH4th6A6GMu,1.895173865426604,4.451564382903231,2.4937243155415265
186300,ZpMwnb9dWc2wJ8U8sM/xDN9n60fgii57F35vNtiUDPISjbJWDQ6wACH4th6A6GMu,1.5648118234986572,2.5608572969618337,2.1159595632882806
186600,ZpMwnb9dWc2wJ8U8sM/xDN9n60fgii57F35vNtiUDPISjbJWDQ6wACH4th6A6GMu,1.783881152574055,4.361284165790076,2.6077635619533357
186900,ZpMwnb9dWc2wJ8U8sM/xDN9n60fgii57F35vNtiUDPISjbJWDQ6wACH4th6A6GMu,1.6123417592325306,2.594538794692828,2.267060755315571
187200,ZpMwnb9dWc2wJ8U8sM/xDN9n60fgii57F35vNtiUDPISjbJWDQ6wACH4th6A6GMu,1.7057095946308247,4.908888229738993,2.503556806025704
187500,ZpMwnb9dWc2wJ8U8sM/xDN9n60fgii57F35vNtiUDPISjbJWDQ6wACH4th6A6GMu,1.8669891366644,2.691734215232316,2.201445973537996
187800,ZpMwnb9dWc2wJ8U8sM/xDN9n60fgii57F35vNtiUDPISjbJWDQ6wACH4th6A6GMu,1.8205531063675795,4.632245535766273,2.529077685907639
188100,ZpMwnb9dWc2wJ8U8sM/xDN9n60fgii57F35vNtiUDPISjbJWDQ6wACH4th6A6GMu,1.7191099365038087,5.721197475963488,2.9655820572192253
188400,ZpMwnb9dWc2wJ8U8sM/xDN9n60fgii57F35vNtiUDPISjbJWDQ6wACH4th6A6GMu,1.9293222936610304,9.455843429290189,4.488892359314479
188700,ZpMwnb9dWc2wJ8U8sM/xDN9n60fgii57F35vNtiUDPISjbJWDQ6wACH4th6A6GMu,2.001298488162168,2.755241584455607,2.3276653025007064
189000,ZpMwnb9dWc2wJ8U8sM/xDN9n60fgii57F35vNtiUDPISjbJWDQ6wACH4th6A6GMu,1.7550209248196662,4.561592818151502,2.4782387890977464
189300,ZpMwnb9dWc2wJ8U8sM/xDN9n60fgii57F35vNtiUDPISjbJWDQ6wACH4th6A6GMu,1.9493909576122104,2.9201748178125397,2.20537446227701
189600,ZpMwnb9dWc2wJ8U8sM/xDN9n60fgii57F35vNtiUDPISjbJWDQ6wACH4th6A6GMu,1.9546308317281995,4.498585749829537,2.527077812852734
189900,ZpMwnb9dWc2wJ8U8sM/xDN9n60fgii57F35vNtiUDPISjbJWDQ6wACH4th6A6GMu,1.9693906396839105,2.6773843996076705,2.2010047959493333
190200,ZpMwnb9dWc2wJ8U8sM/xDN9n60fgii57F35vNtiUDPISjbJWDQ6wACH4th6A6GMu,1.9533438799476104,4.973189246521835,2.599187900505013
190500,ZpMwnb9dWc2wJ8U8sM/xDN9n60fgii57F35vNtiUDPISjbJWDQ6wACH4th6A6GMu,1.7314223577754952,2.793957318784299,2.3076437157740206
190800,ZpMwnb9dWc2wJ8U8sM/xDN9n60fgii57F35vNtiUDPISjbJWDQ6wACH4th6A6GMu,1.9677027861270553,5.218506692561152,2.5427921574826167
191100,ZpMwnb9dWc2wJ8U8sM/xDN9n60fgii57F35vNtiUDPISjbJWDQ6wACH4th6A6GMu,1.7811042906806889,3.626682638317563,2.2666438916404084
191400,ZpMwnb9dWc2wJ8U8sM/xDN9n60fgii57F35vNtiUDPISjbJWDQ6wACH4th6A6GMu,1.7774529384275106,5.3613268327946795,2.616542426563313
191700,ZpMwnb9dWc2wJ8U8sM/xDN9n60fgii57F35vNtiUDPISjbJWDQ6wACH4th6A6GMu,1.776497138173311,2.7527289242637054,2.241455663304739
192000,ZpMwnb9dWc2wJ8U8sM/xDN9n60fgii57F35vNtiUDPISjbJWDQ6wACH4th6A6GMu,1.9162801435872363,7.75174074906892,5.052779206319643
192300,ZpMwnb9dWc2wJ8U8sM/xDN9n60fgii57F35vNtiUDPISjbJWDQ6wACH4th6A6GMu,1.9240283651496903,2.7161218770007647,2.253322225481376
192600,ZpMwnb9dWc2wJ8U8sM/xDN9n60fgii57F35vNtiUDPISjbJWDQ6wACH4th6A6GMu,1.7871852257040757,5.056681607948206,2.5975768265242047
192900,ZpMwnb9dWc2wJ8U8sM/xDN9n60fgii57F35vNtiUDPISjbJWDQ6wACH4th6A6GMu,1.9316779691871944,2.9774180354513127,2.1864999461637984
193200,ZpMwnb9dWc2wJ8U8sM/xDN9n60fgii57F35vNtiUDPISjbJWDQ6wACH4th6A6GMu,1.9276669689983328,4.894256651138046,2.5654481575875296
193500,ZpMwnb9dWc2wJ8U8sM/xDN9n60fgii57F35vNtiUDPISjbJWDQ6wACH4th6A6GMu,1.777404095504194,2.8013927070928704,2.167866754466456
193800,ZpMwnb9dWc2wJ8U8sM/xDN9n60fgii57F35vNtiUDPISjbJWDQ6wACH4th6A6GMu,1.92751593986605,4.789352360109213,2.5252625716510604
194100,ZpMwnb9dWc2wJ8U8sM/xDN9n60fgii57F35vNtiUDPISjbJWDQ6wACH4th6A6GMu,1.8796639092008116,2.7522974777505302,2.3033550802487848
194400,ZpMwnb9dWc2wJ8U8sM/xDN9n60fgii57F35vNtiUDPISjbJWDQ6wACH4th6A6GMu,1.77154942799251,4.579936369869119,2.5142760820034726
194700,ZpMwnb9dWc2wJ8U8sM/xDN9n60fgii57F35vNtiUDPISjbJWDQ6wACH4th6A6GMu,1.8288827758454185,5.743323406122399,2.568387477380241
195000,ZpMwnb9dWc2wJ8U8sM/xDN9n60fgii57F35vNtiUDPISjbJWDQ6wACH4th6A6GMu,1.9812258993056329,6.825788385342632,3.3821367235616915
195300,ZpMwnb9dWc2wJ8U8sM/xDN9n60fgii57F35vNtiUDPISjbJWDQ6wACH4th6A6GMu,1.8103450414558735,2.8015440052873237,2.162013365773327
195600,ZpMwnb9dWc2wJ8U8sM/xDN9n60fgii57F35vNtiUDPISjbJWDQ6wACH4th6A6GMu,1.93484439728896,6.483858316904353,3.141656217404551
195900,ZpMwnb9dWc2wJ8U8sM/xDN9n60fgii57F35vNtiUDPISjbJWDQ6wACH4th6A6GMu,5.217403443906654,6.86866777835764,5.658087077034524
196200,ZpMwnb9dWc2wJ8U8sM/xDN9n60fgii57F35vNtiUDPISjbJWDQ6wACH4th6A6GMu,1.9119151212762,5.770041591521689,2.7642000016653383
196500,ZpMwnb9dWc2wJ8U8sM/xDN9n60fgii57F35vNtiUDPISjbJWDQ6wACH4th6A6GMu,1.7614420622202691,2.800317025031948,2.1754035230122346
196800,ZpMwnb9dWc2wJ8U8sM/xDN9n60fgii57F35vNtiUDPISjbJWDQ6wACH4th6A6GMu,1.8547648666889265,5.652193749750528,2.4884206851239528
197100,ZpMwnb9dWc2wJ8U8sM/xDN9n60fgii57F35vNtiUDPISjbJWDQ6wACH4th6A6GMu,1.7469105615482183,2.632990798616793,2.1499337483538112
197400,ZpMwnb9dWc2wJ8U8sM/xDN9n60fgii57F35vNtiUDPISjbJWDQ6wACH4th6A6GMu,1.9478039584897224,5.807926630614402,2.5220402981944847
197700,ZpMwnb9dWc2wJ8U8sM/xDN9n60fgii57F35vNtiUDPISjbJWDQ6wACH4th6A6GMu,1.9043159942930736,2.9401708227951646,2.334622534682629
198000,ZpMwnb9dWc2wJ8U8sM/xDN9n60fgii57F35vNtiUDPISjbJWDQ6wACH4th6A6GMu,1.786768167572636,5.560825296836812,2.504122140324444
198300,ZpMwnb9dWc2wJ8U8sM/xDN9n60fgii57F35vNtiUDPISjbJWDQ6wACH4th6A6GMu,1.7657404139923665,3.662715036385945,2.2931733661793454
198600,ZpMwnb9dWc2wJ8U8sM/xDN9n60fgii57F35vNtiUDPISjbJWDQ6wACH4th6A6GMu,1.7570482687686853,39.12874567139568,10.681196268580502
198900,ZpMwnb9dWc2wJ8U8sM/xDN9n60fgii57F35vNtiUDPISjbJWDQ6wACH4th6A6GMu,1.825706125174508,2.77491661203829,2.2336005085921853
199200,ZpMwnb9dWc2wJ8U8sM/xDN9n60fgii57F35vNtiUDPISjbJWDQ6wACH4th6A6GMu,1.9244887291170747,8.412683119762054,3.160316179428111
199500,ZpMwnb9dWc2wJ8U8sM/xDN9n60fgii57F35vNtiUDPISjbJWDQ6wACH4th6A6GMu,1.976941963833366,4.611569323527989,2.595198542848612
199800,ZpMwnb9dWc2wJ8U8sM/xDN9n60fgii57F35vNtiUDPISjbJWDQ6wACH4th6A6GMu,7.603990916047949,14.292708286317556,10.197123842535722
200100,ZpMwnb9dWc2wJ8U8sM/xDN9n60fgii57F35vNtiUDPISjbJWDQ6wACH4th6A6GMu,1.9717415588578708,9.794072598238547,4.590857468672235
200400,ZpMwnb9dWc2wJ8U8sM/xDN9n60fgii57F35vNtiUDPISjbJWDQ6wACH4th6A6GMu,1.7032595845074945,3.961188496452485,2.4897335704834167
200700,ZpMwnb9dWc2wJ8U8sM/xDN9n60fgii57F35vNtiUDPISjbJWDQ6wACH4th6A6GMu,1.771861743471973,2.88636549431418,2.2119633352685946
201000,ZpMwnb9dWc2wJ8U8sM/xDN9n60fgii57F35vNtiUDPISjbJWDQ6wACH4th6A6GMu,1.760832077337107,4.858094558535353,2.515260876302544
201300,ZpMwnb9dWc2wJ8U8sM/xDN9n60fgii57F35vNtiUDPISjbJWDQ6wACH4th6A6GMu,1.705445146176106,3.10054454666285,2.264825614325504
201600,ZpMwnb9dWc2wJ8U8sM/xDN9n60fgii57F35vNtiUDPISjbJWDQ6wACH4th6A6GMu,1.7648553502988409,5.146072618097588,2.508922305058765
201900,ZpMwnb9dWc2wJ8U8sM/xDN9n60fgii57F35vNtiUDPISjbJWDQ6wACH4th6A6GMu,1.699573113819394,3.171512101242952,2.2350851198847543
202200,ZpMwnb9dWc2wJ8U8sM/xDN9n60fgii57F35vNtiUDPISjbJWDQ6wACH4th6A6GMu,1.6926209183808507,5.15092529468354,2.5826709238137253
202500,ZpMwnb9dWc2wJ8U8sM/xDN9n60fgii57F35vNtiUDPISjbJWDQ6wACH4th6A6GMu,1.7658807060264068,2.952535007264851,2.2117356629799683
202800,ZpMwnb9dWc2wJ8U8sM/xDN9n60fgii57F35vNtiUDPISjbJWDQ6wACH4th6A6GMu,1.717925162645723,6.07221940221533,2.993482892759065
203100,ZpMwnb9dWc2wJ8U8sM/xDN9n60fgii57F35vNtiUDPISjbJWDQ6wACH4th6A6GMu,1.7530441076417214,2.680002630185367,2.130174127430157
203400,ZpMwnb9dWc2wJ8U8sM/xDN9n60fgii57F35vNtiUDPISjbJWDQ6wACH4th6A6GMu,1.763983760673375,6.338492888724054,3.9565727961556214
203700,ZpMwnb9dWc2wJ8U8sM/xDN9n60fgii57F35vNtiUDPISjbJWDQ6wACH4th6A6GMu,1.8329083761199232,5.4994567380429595,2.5752009803649365
204000,ZpMwnb9dWc2wJ8U8sM/xDN9n60fgii57F35vNtiUDPISjbJWDQ6wACH4th6A6GMu,1.8209955195372185,5.341736259874136,2.548517169957587
204300,ZpMwnb9dWc2wJ8U8sM/xDN9n60fgii57F35vNtiUDPISjbJWDQ6wACH4th6A6GMu,1.7648954054904349,3.2062916408635345,2.2042883553957684
204600,ZpMwnb9dWc2wJ8U8sM/xDN9n60fgii57F35vNtiUDPISjbJWDQ6wACH4th6A6GMu,1.7032272912345636,5.08321990474395,2.534916427093892
204900,ZpMwnb9dWc2wJ8U8sM/xDN9n60fgii57F35vNtiUDPISjbJWDQ6wACH4th6A6GMu,1.7116786411207665,3.0497570313770708,2.2944166887297794
205200,ZpMwnb9dWc2wJ8U8sM/xDN9n60fgii57F35vNtiUDPISjbJWDQ6wACH4th6A6GMu,1.7875426889035362,5.140377296265287,2.490004246373491
205500,ZpMwnb9dWc2wJ8U8sM/xDN9n60fgii57F35vNtiUDPISjbJWDQ6wACH4th6A6GMu,1.732042416880357,4.2379993797645925,2.3031110561315087
205800,ZpMwnb9dWc2wJ8U8sM/xDN9n60fgii57F35vNtiUDPISjbJWDQ6wACH4th6A6GMu,1.7673563108833223,4.4512821032339644,2.4477361764128998
206100,ZpMwnb9dWc2wJ8U8sM/xDN9n60fgii57F35vNtiUDPISjbJWDQ6wACH4th6A6GMu,1.7757645117870702,2.9910545093902603,2.1686379205421247
206400,ZpMwnb9dWc2wJ8U8sM/xDN9n60fgii57F35vNtiUDPISjbJWDQ6wACH4th6A6GMu,1.891825408144284,5.145563132575932,2.9266520222279597
206700,ZpMwnb9dWc2wJ8U8sM/xDN9n60fgii57F35vNtiUDPISjbJWDQ6wACH4th6A6GMu,1.7026061611947687,3.086653482320791,2.2298340570007635
207000,ZpMwnb9dWc2wJ8U8sM/xDN9n60fgii57F35vNtiUDPISjbJWDQ6wACH4th6A6GMu,1.827690265388899,4.961333181768319,2.534374281861034
207300,ZpMwnb9dWc2wJ8U8sM/xDN9n60fgii57F35vNtiUDPISjbJWDQ6wACH4th6A6GMu,1.7632035733574214,6.129904670175312,3.6961888865424664
207600,ZpMwnb9dWc2wJ8U8sM/xDN9n60fgii57F35vNtiUDPISjbJWDQ6wACH4th6A6GMu,1.7882467848470736,15.23916243844117,4.079249935683007
207900,ZpMwnb9dWc2wJ8U8sM/xDN9n60fgii57F35vNtiUDPISjbJWDQ6wACH4th6A6GMu,1.875560425773409,3.0151165318134567,2.3103480144308044
208200,ZpMwnb9dWc2wJ8U8sM/xDN9n60fgii57F35vNtiUDPISjbJWDQ6wACH4th6A6GMu,1.7270431846101113,4.8264039024350005,2.51612729946489
208500,ZpMwnb9dWc2wJ8U8sM/xDN9n60fgii57F35vNtiUDPISjbJWDQ6wACH4th6A6GMu,1.857348113948158,2.9437425043394128,2.3243137098015687
208800,ZpMwnb9dWc2wJ8U8sM/xDN9n60fgii57F35vNtiUDPISjbJWDQ6wACH4th6A6GMu,1.8167438266318987,4.5604079863048845,2.512232008734716
209100,ZpMwnb9dWc2wJ8U8sM/xDN9n60fgii57F35vNtiUDPISjbJWDQ6wACH4th6A6GMu,1.869018238090812,2.9380733249381064,2.2132145325406145
209400,ZpMwnb9dWc2wJ8U8sM/xDN9n60fgii57F35vNtiUDPISjbJWDQ6wACH4th6A6GMu,1.8210720226454256,4.632034219604337,2.567266613580584
209700,ZpMwnb9dWc2wJ8U8sM/xDN9n60fgii57F35vNtiUDPISjbJWDQ6wACH4th6A6GMu,1.804212999708148,3.1353563826667035,2.1997868556058866
210000,ZpMwnb9dWc2wJ8U8sM/xDN9n60fgii57F35vNtiUDPISjbJWDQ6wACH4th6A6GMu,1.947070843941652,4.940456667963331,2.940727022542938
210300,ZpMwnb9dWc2wJ8U8sM/xDN9n60fgii57F35vNtiUDPISjbJWDQ6wACH4th6A6GMu,1.9053503370463751,3.1183641006620366,2.2730797858662344
210600,ZpMwnb9dWc2wJ8U8sM/xDN9n60fgii57F35vNtiUDPISjbJWDQ6wACH4th6A6GMu,1.8117598042314087,4.565921565110063,2.4639402294269006
210900,ZpMwnb9dWc2wJ8U8sM/xDN9n60fgii57F35vNtiUDPISjbJWDQ6wACH4th6A6GMu,2.047423532392048,6.196014074294462,4.018536017315636
211200,ZpMwnb9dWc2wJ8U8sM/xDN9n60fgii57F35vNtiUDPISjbJWDQ6wACH4th6A6GMu,1.9100099474388976,4.529057213998707,2.721804612948525
211500,ZpMwnb9dWc2wJ8U8sM/xDN9n60fgii57F35vNtiUDPISjbJWDQ6wACH4th6A6GMu,1.7750033152789102,3.0684437670002382,2.165198205484811
211800,ZpMwnb9dWc2wJ8U8sM/xDN9n60fgii57F35vNtiUDPISjbJWDQ6wACH4th6A6GMu,1.9010856446734832,12.709728932337,3.3543881731576155
212100,ZpMwnb9dWc2wJ8U8sM/xDN9n60fgii57F35vNtiUDPISjbJWDQ6wACH4th6A6GMu,1.865117272134153,3.3235619614332,2.4199060466410107
212400,ZpMwnb9dWc2wJ8U8sM/xDN9n60fgii57F35vNtiUDPISjbJWDQ6wACH4th6A6GMu,1.888342687485387,4.330042823825196,2.546342109536227
212700,ZpMwnb9dWc2wJ8U8sM/xDN9n60fgii57F35vNtiUDPISjbJWDQ6wACH4th6A6GMu,1.819674317474672,3.8781067917352416,2.3235965146803883
213000,ZpMwnb9dWc2wJ8U8sM/xDN9n60fgii57F35vNtiUDPISjbJWDQ6wACH4th6A6GMu,1.989679941999386,3.4025691869847243,2.4603588548345736
213300,ZpMwnb9dWc2wJ8U8sM/xDN9n60fgii57F35vNtiUDPISjbJWDQ6wACH4th6A6GMu,1.7523514158618674,3.0377472849763705,2.2071897838801124
213600,ZpMwnb9dWc2wJ8U8sM/xDN9n60fgii57F35vNtiUDPISjbJWDQ6wACH4th6A6GMu,1.978017096473472,5.850625369435671,2.975332360403135
213900,ZpMwnb9dWc2wJ8U8sM/xDN9n60fgii57F35vNtiUDPISjbJWDQ6wACH4th6A6GMu,1.7570730730280004,3.2076838108160284,2.3094111974778575
214200,ZpMwnb9dWc2wJ8U8sM/xDN9n60fgii57F35vNtiUDPISjbJWDQ6wACH4th6A6GMu,1.9063415853833727,5.026672618699632,2.529619554275883
214500,ZpMwnb9dWc2wJ8U8sM/xDN9n60fgii57F35vNtiUDPISjbJWDQ6wACH4th6A6GMu,1.8465977976213548,3.1705081163642865,2.254807945431438
214800,ZpMwnb9dWc2wJ8U8sM/xDN9n60fgii57F35vNtiUDPISjbJWDQ6wACH4th6A6GMu,1.8251371820852345,6.473204854398148,4.43512964140476
215100,ZpMwnb9dWc2wJ8U8sM/xDN9n60fgii57F35vNtiUDPISjbJWDQ6wACH4th6A6GMu,1.7224583900525867,3.0215234619047964,2.2001685619421454
215400,ZpMwnb9dWc2wJ8U8sM/xDN9n60fgii57F35vNtiUDPISjbJWDQ6wACH4th6A6GMu,1.8144506173885853,4.894533148844873,2.4767168369555312
215700,ZpMwnb9dWc2wJ8U8sM/xDN9n60fgii57F35vNtiUDPISjbJWDQ6wACH4th6A6GMu,2.0371589193408086,3.0736530207261543,2.309083074056816
216000,ZpMwnb9dWc2wJ8U8sM/xDN9n60fgii57F35vNtiUDPISjbJWDQ6wACH4th6A6GMu,1.7262025527834586,5.051789996790892,2.458028829140877
216300,ZpMwnb9dWc2wJ8U8sM/xDN9n60fgii57F35vNtiUDPISjbJWDQ6wACH4th6A6GMu,1.7932917822621437,3.022970206726546,2.2177825000538034
216600,ZpMwnb9dWc2wJ8U8sM/xDN9n60fgii57F35vNtiUDPISjbJWDQ6wACH4th6A6GMu,1.722790051400487,5.503803781000952,2.560770555242816
216900,ZpMwnb9dWc2wJ8U8sM/xDN9n60fgii57F35vNtiUDPISjbJWDQ6wACH4th6A6GMu,1.7532580193662932,2.9067320817303544,2.181860447053612
217200,ZpMwnb9dWc2wJ8U8sM/xDN9n60fgii57F35vNtiUDPISjbJWDQ6wACH4th6A6GMu,1.80167718755155,6.661732441426831,2.9576076963825915
217500,ZpMwnb9dWc2wJ8U8sM/xDN9n60fgii57F35vNtiUDPISjbJWDQ6wACH4th6A6GMu,1.7472885991498692,3.031492968628086,2.3027747011459647
217800,ZpMwnb9dWc2wJ8U8sM/xDN9n60fgii57F35vNtiUDPISjbJWDQ6wACH4th6A6GMu,1.8567468099166848,4.006472994571307,2.5126258398569767
218100,ZpMwnb9dWc2wJ8U8sM/xDN9n60fgii57F35vNtiUDPISjbJWDQ6wACH4th6A6GMu,1.7434407625591115,3.057796209327827,2.2176125097047987
218400,ZpMwnb9dWc2wJ8U8sM/xDN9n60fgii57F35vNtiUDPISjbJWDQ6wACH4th6A6GMu,1.949542793086398,8.037132522827033,4.1586579480983055
218700,ZpMwnb9dWc2wJ8U8sM/xDN9n60fgii57F35vNtiUDPISjbJWDQ6wACH4th6A6GMu,1.7896325153424104,4.155041762737314,2.412786038626884
219000,ZpMwnb9dWc2wJ8U8sM/xDN9n60fgii57F35vNtiUDPISjbJWDQ6wACH4th6A6GMu,1.7832256404634104,4.546673116163984,2.5367967906272098
219300,ZpMwnb9dWc2wJ8U8sM/xDN9n60fgii57F35vNtiUDPISjbJWDQ6wACH4th6A6GMu,1.8518441736440865,3.24091805630988,2.315956393337679
219600,ZpMwnb9dWc2wJ8U8sM/xDN9n60fgii57F35vNtiUDPISjbJWDQ6wACH4th6A6GMu,1.7757907876137176,4.50999789596463,2.5229107181262886
219900,ZpMwnb9dWc2wJ8U8sM/xDN9n60fgii57F35vNtiUDPISjbJWDQ6wACH4th6A6GMu,1.8237394909269724,3.945666551032916,2.2946761466351666
220200,ZpMwnb9dWc2wJ8U8sM/xDN9n60fgii57F35vNtiUDPISjbJWDQ6wACH4th6A6GMu,1.7127421206091775,4.73644104606111,2.5259714202640398
220500,ZpMwnb9dWc2wJ8U8sM/xDN9n60fgii57F35vNtiUDPISjbJWDQ6wACH4th6A6GMu,1.7142132260899672,3.0033775814300423,2.1937667713963207
220800,ZpMwnb9dWc2wJ8U8sM/xDN9n60fgii57F35vNtiUDPISjbJWDQ6wACH4th6A6GMu,1.665043903104006,4.418234818496304,2.6531571837713748
221100,ZpMwnb9dWc2wJ8U8sM/xDN9n60fgii57F35vNtiUDPISjbJWDQ6wACH4th6A6GMu,1.7452815541073443,6.012782268213646,2.6641458834720506
221400,ZpMwnb9dWc2wJ8U8sM/xDN9n60fgii57F35vNtiUDPISjbJWDQ6wACH4th6A6GMu,1.8682178985477669,4.405587560362497,2.541597415573445
221700,ZpMwnb9dWc2wJ8U8sM/xDN9n60fgii57F35vNtiUDPISjbJWDQ6wACH4th6A6GMu,1.7456728297662751,3.080577776844721,2.251629641020503
222000,ZpMwnb9dWc2wJ8U8sM/xDN9n60fgii57F35vNtiUDPISjbJWDQ6wACH4th6A6GMu,1.7653532535889451,4.493806884342437,2.56227402273911
222300,ZpMwnb9dWc2wJ8U8sM/xDN9n60fgii57F35vNtiUDPISjbJWDQ6wACH4th6A6GMu,1.7136872760428763,6.307103399474611,4.081110539378416
222600,ZpMwnb9dWc2wJ8U8sM/xDN9n60fgii57F35vNtiUDPISjbJWDQ6wACH4th6A6GMu,1.7211867991595833,5.081256913109006,2.4921816373952765
222900,ZpMwnb9dWc2wJ8U8sM/xDN9n60fgii57F35vNtiUDPISjbJWDQ6wACH4th6A6GMu,1.7070229544330282,3.108732399433007,2.2791353290019547
223200,ZpMwnb9dWc2wJ8U8sM/xDN9n60fgii57F35vNtiUDPISjbJWDQ6wACH4th6A6GMu,1.6874830635521023,4.992119672941853,2.432063575864331
223500,ZpMwnb9dWc2wJ8U8sM/xDN9n60fgii57F35vNtiUDPISjbJWDQ6wACH4th6A6GMu,1.6815960054327292,3.055990512476221,2.212455609617321
223800,ZpMwnb9dWc2wJ8U8sM/xDN9n60fgii57F35vNtiUDPISjbJWDQ6wACH4th6A6GMu,1.6599827858301623,4.946142554314058,2.5700145642743046
224100,ZpMwnb9dWc2wJ8U8sM/xDN9n60fgii57F35vNtiUDPISjbJWDQ6wACH4th6A6GMu,1.7307094775837863,3.262177044689928,2.2044237539031712
224400,ZpMwnb9dWc2wJ8U8sM/xDN9n60fgii57F35vNtiUDPISjbJWDQ6wACH4th6A6GMu,1.6726373281291331,5.012862594505221,2.480136815720157
224700,ZpMwnb9dWc2wJ8U8sM/xDN9n60fgii57F35vNtiUDPISjbJWDQ6wACH4th6A6GMu,1.784667920346013,5.796327874716967,2.6931034439998887
225000,ZpMwnb9dWc2wJ8U8sM/xDN9n60fgii57F35vNtiUDPISjbJWDQ6wACH4th6A6GMu,1.7045339529250076,4.928205290325606,2.4712309359518487
225300,ZpMwnb9dWc2wJ8U8sM/xDN9n60fgii57F35vNtiUDPISjbJWDQ6wACH4th6A6GMu,1.6742906042247905,3.20161178738457,2.199509870432755
225600,ZpMwnb9dWc2wJ8U8sM/xDN9n60fgii57F35vNtiUDPISjbJWDQ6wACH4th6A6GMu,1.7522452052497748,5.0556228322858106,2.540627770699792
225900,ZpMwnb9dWc2wJ8U8sM/xDN9n60fgii57F35vNtiUDPISjbJWDQ6wACH4th6A6GMu,1.755062919514469,6.068136536781777,3.881509080079717
226200,ZpMwnb9dWc2wJ8U8sM/xDN9n60fgii57F35vNtiUDPISjbJWDQ6wACH4th6A6GMu,1.7224776589466957,4.912850801412526,2.8024983159222767
226500,ZpMwnb9dWc2wJ8U8sM/xDN9n60fgii57F35vNtiUDPISjbJWDQ6wACH4th6A6GMu,1.695913319967848,3.212598793018784,2.323400728074144
226800,ZpMwnb9dWc2wJ8U8sM/xDN9n60fgii57F35vNtiUDPISjbJWDQ6wACH4th6A6GMu,1.703457865061858,4.939300696127317,2.4672036575681258
227100,ZpMwnb9dWc2wJ8U8sM/xDN9n60fgii57F35vNtiUDPISjbJWDQ6wACH4th6A6GMu,1.8338463208474425,3.9510225717484,2.3315122758848896
227400,ZpMwnb9dWc2wJ8U8sM/xDN9n60fgii57F35vNtiUDPISjbJWDQ6wACH4th6A6GMu,2.107065663479174,35.493595925754285,10.956331345465133
227700,ZpMwnb9dWc2wJ8U8sM/xDN9n60fgii57F35vNtiUDPISjbJWDQ6wACH4th6A6GMu,1.7882355099236793,4.797374858040093,2.53126979303879
228000,ZpMwnb9dWc2wJ8U8sM/xDN9n60fgii57F35vNtiUDPISjbJWDQ6wACH4th6A6GMu,1.7355679725993671,3.4098391327005064,2.283166876258844
228300,ZpMwnb9dWc2wJ8U8sM/xDN9n60fgii57F35vNtiUDPISjbJWDQ6wACH4th6A6GMu,1.758462675004042,6.031684758283492,3.1250451117184537
228600,ZpMwnb9dWc2wJ8U8sM/xDN9n60fgii57F35vNtiUDPISjbJWDQ6wACH4th6A6GMu,1.7698609668468963,3.81682698138567,2.48866587260952
228900,ZpMwnb9dWc2wJ8U8sM/xDN9n60fgii57F35vNtiUDPISjbJWDQ6wACH4th6A6GMu,2.284785763981976,8.198651077820061,6.21746988106281
229200,ZpMwnb9dWc2wJ8U8sM/xDN9n60fgii57F35vNtiUDPISjbJWDQ6wACH4th6A6GMu,1.7642355183293592,10.028279489636024,6.7026734261164025
229500,ZpMwnb9dWc2wJ8U8sM/xDN9n60fgii57F35vNtiUDPISjbJWDQ6wACH4th6A6GMu,1.792319199468512,4.622432034947223,2.535068522908532
229800,ZpMwnb9dWc2wJ8U8sM/xDN9n60fgii57F35vNtiUDPISjbJWDQ6wACH4th6A6GMu,1.7247178238084488,6.858125111623664,4.412775507796135
230100,ZpMwnb9dWc2wJ8U8sM/xDN9n60fgii57F35vNtiUDPISjbJWDQ6wACH4th6A6GMu,1.7448845931193748,4.547297320666105,2.512556529590193
230400,ZpMwnb9dWc2wJ8U8sM/xDN9n60fgii57F35vNtiUDPISjbJWDQ6wACH4th6A6GMu,1.6922356119949404,3.091388519857828,2.183952488208039
230700,ZpMwnb9dWc2wJ8U8sM/xDN9n60fgii57F35vNtiUDPISjbJWDQ6wACH4th6A6GMu,1.851459793471659,4.502310112826853,2.4601846605467226
231000,ZpMwnb9dWc2wJ8U8sM/xDN9n60fgii57F35vNtiUDPISjbJWDQ6wACH4th6A6GMu,1.7474949343350854,3.0465507146024136,2.223935011981262
231300,ZpMwnb9dWc2wJ8U8sM/xDN9n60fgii57F35vNtiUDPISjbJWDQ6wACH4th6A6GMu,1.6980595501908964,4.415718340020801,2.5186631465439566
231600,ZpMwnb9dWc2wJ8U8sM/xDN9n60fgii57F35vNtiUDPISjbJWDQ6wACH4th6A6GMu,1.670150185140684,3.128787949761072,2.1804310558989455
231900,ZpMwnb9dWc2wJ8U8sM/xDN9n60fgii57F35vNtiUDPISjbJWDQ6wACH4th6A6GMu,1.765080217090996,6.054233660735994,2.9892130096821456
232200,ZpMwnb9dWc2wJ8U8sM/xDN9n60fgii57F35vNtiUDPISjbJWDQ6wACH4th6A6GMu,1.7552290738081604,3.1440173284267723,2.220746497853704
232500,ZpMwnb9dWc2wJ8U8sM/xDN9n60fgii57F35vNtiUDPISjbJWDQ6wACH4th6A6GMu,1.7113236350031926,4.920720915487376,2.457973696728406
232800,ZpMwnb9dWc2wJ8U8sM/xDN9n60fgii57F35vNtiUDPISjbJWDQ6wACH4th6A6GMu,1.7063401540864291,2.998650642921899,2.1706901628622424
233100,ZpMwnb9dWc2wJ8U8sM/xDN9n60fgii57F35vNtiUDPISjbJWDQ6wACH4th6A6GMu,1.7592839747455709,4.907799440047685,2.4284194620694524
233400,ZpMwnb9dWc2wJ8U8sM/xDN9n60fgii57F35vNtiUDPISjbJWDQ6wACH4th6A6GMu,1.864932993225723,5.918004071048593,3.4802348437317394
233700,ZpMwnb9dWc2wJ8U8sM/xDN9n60fgii57F35vNtiUDPISjbJWDQ6wACH4th6A6GMu,1.934160253411196,8.952139993616079,3.3493962151205428
234000,ZpMwnb9dWc2wJ8U8sM/xDN9n60fgii57F35vNtiUDPISjbJWDQ6wACH4th6A6GMu,1.811291107356836,3.0166672737741087,2.1776852517680125
234300,ZpMwnb9dWc2wJ8U8sM/xDN9n60fgii57F35vNtiUDPISjbJWDQ6wACH4th6A6GMu,1.6904932647641615,5.003142212236894,2.526044561725296
234600,ZpMwnb9dWc2wJ8U8sM/xDN9n60fgii57F35vNtiUDPISjbJWDQ6wACH4th6A6GMu,1.756167699243874,3.175846304243545,2.2617992754855885
234900,ZpMwnb9dWc2wJ8U8sM/xDN9n60fgii57F35vNtiUDPISjbJWDQ6wACH4th6A6GMu,1.7045252638965884,4.829324323205369,2.395226675022312
235200,ZpMwnb9dWc2wJ8U8sM/xDN9n60fgii57F35vNtiUDPISjbJWDQ6wACH4th6A6GMu,1.7513744049935618,3.5869499729791428,2.18000144132737
235500,ZpMwnb9dWc2wJ8U8sM/xDN9n60fgii57F35vNtiUDPISjbJWDQ6wACH4th6A6GMu,1.91473256785297,7.88391490043849,3.1194000434060647
235800,ZpMwnb9dWc2wJ8U8sM/xDN9n60fgii57F35vNtiUDPISjbJWDQ6wACH4th6A6GMu,1.7650845869623928,3.4710438326279767,2.2185689995967413
236100,ZpMwnb9dWc2wJ8U8sM/xDN9n60fgii57F35vNtiUDPISjbJWDQ6wACH4th6A6GMu,1.733715838390267,4.811981789929932,2.464387950153789
236400,ZpMwnb9dWc2wJ8U8sM/xDN9n60fgii57F35vNtiUDPISjbJWDQ6wACH4th6A6GMu,1.8339952235209296,3.5387012936455773,2.3337474832937115
236700,ZpMwnb9dWc2wJ8U8sM/xDN9n60fgii57F35vNtiUDPISjbJWDQ6wACH4th6A6GMu,1.7140489871592792,4.750653075582616,2.433638685635116
237000,ZpMwnb9dWc2wJ8U8sM/xDN9n60fgii57F35vNtiUDPISjbJWDQ6wACH4th6A6GMu,1.726656705121165,3.5194951802594496,2.19150078029109
237300,ZpMwnb9dWc2wJ8U8sM/xDN9n60fgii57F35vNtiUDPISjbJWDQ6wACH4th6A6GMu,1.8942105876112163,8.37589680827244,4.533409328371607
237600,ZpMwnb9dWc2wJ8U8sM/xDN9n60fgii57F35vNtiUDPISjbJWDQ6wACH4th6A6GMu,1.7591826254961769,3.3185304886319584,2.188345028883824
237900,ZpMwnb9dWc2wJ8U8sM/xDN9n60fgii57F35vNtiUDPISjbJWDQ6wACH4th6A6GMu,1.7735740722750055,5.068202894350657,2.4613154382240343
238200,ZpMwnb9dWc2wJ8U8sM/xDN9n60fgii57F35vNtiUDPISjbJWDQ6wACH4th6A6GMu,1.8273247503433556,3.7672718980489934,2.2514671269588424
238500,ZpMwnb9dWc2wJ8U8sM/xDN9n60fgii57F35vNtiUDPISjbJWDQ6wACH4th6A6GMu,1.723452047118358,4.925834925837611,2.441601459651086
238800,ZpMwnb9dWc2wJ8U8sM/xDN9n60fgii57F35vNtiUDPISjbJWDQ6wACH4th6A6GMu,1.6986957404208536,3.271393339036847,2.200804860238964
239100,ZpMwnb9dWc2wJ8U8sM/xDN9n60fgii57F35vNtiUDPISjbJWDQ6wACH4th6A6GMu,1.8496454351124576,6.796023112826063,3.081734085014984
239400,ZpMwnb9dWc2wJ8U8sM/xDN9n60fgii57F35vNtiUDPISjbJWDQ6wACH4th6A6GMu,1.78441707535734,3.4603975049060627,2.221185846483385
239700,ZpMwnb9dWc2wJ8U8sM/xDN9n60fgii57F35vNtiUDPISjbJWDQ6wACH4th6A6GMu,1.7876448533048743,4.801342455884001,2.4548949468647177
240000,ZpMwnb9dWc2wJ8U8sM/xDN9n60fgii57F35vNtiUDPISjbJWDQ6wACH4th6A6GMu,1.6952086634926715,3.1575038075267305,2.155555005455733
240300,ZpMwnb9dWc2wJ8U8sM/xDN9n60fgii57F35vNtiUDPISjbJWDQ6wACH4th6A6GMu,1.8405386382674935,4.774529830758655,2.457279236942672
240600,ZpMwnb9dWc2wJ8U8sM/xDN9n60fgii57F35vNtiUDPISjbJWDQ6wACH4th6A6GMu,1.7452626752077451,3.4261707710041764,2.2028611881183093
240900,ZpMwnb9dWc2wJ8U8sM/xDN9n60fgii57F35vNtiUDPISjbJWDQ6wACH4th6A6GMu,1.895858657844645,5.682525962662545,3.642976446385922
241200,ZpMwnb9dWc2wJ8U8sM/xDN9n60fgii57F35vNtiUDPISjbJWDQ6wACH4th6A6GMu,1.7798098031432092,6.246843916585894,3.029513851565204
241500,ZpMwnb9dWc2wJ8U8sM/xDN9n60fgii57F35vNtiUDPISjbJWDQ6wACH4th6A6GMu,1.8068629114825083,6.688753366629991,2.566209514222721
241800,ZpMwnb9dWc2wJ8U8sM/xDN9n60fgii57F35vNtiUDPISjbJWDQ6wACH4th6A6GMu,1.8270325736986224,3.365385419923128,2.225717614202383
242100,ZpMwnb9dWc2wJ8U8sM/xDN9n60fgii57F35vNtiUDPISjbJWDQ6wACH4th6A6GMu,1.748437506067832,5.894705151383085,2.489801556461936
242400,ZpMwnb9dWc2wJ8U8sM/xDN9n60fgii57F35vNtiUDPISjbJWDQ6wACH4th6A6GMu,1.755810279134156,3.4477089909445917,2.155243617823279
242700,ZpMwnb9dWc2wJ8U8sM/xDN9n60fgii57F35vNtiUDPISjbJWDQ6wACH4th6A6GMu,1.810149193936728,5.8719145295649815,2.9434232020919007
243000,ZpMwnb9dWc2wJ8U8sM/xDN9n60fgii57F35vNtiUDPISjbJWDQ6wACH4th6A6GMu,1.814531875690722,3.2844288415455303,2.235023470714676
243300,ZpMwnb9dWc2wJ8U8sM/xDN9n60fgii57F35vNtiUDPISjbJWDQ6wACH4th6A6GMu,1.7865902781969885,5.587889287891227,2.5095674286035448
243600,ZpMwnb9dWc2wJ8U8sM/xDN9n60fgii57F35vNtiUDPISjbJWDQ6wACH4th6A6GMu,1.8079592931942408,3.0329716525969515,2.2825964299468606
243900,ZpMwnb9dWc2wJ8U8sM/xDN9n60fgii57F35vNtiUDPISjbJWDQ6wACH4th6A6GMu,1.8004277767712031,5.633481525382984,2.4746105332236987
244200,ZpMwnb9dWc2wJ8U8sM/xDN9n60fgii57F35vNtiUDPISjbJWDQ6wACH4th6A6GMu,1.7852305076453576,3.256122368049335,2.2038216584618717
244500,ZpMwnb9dWc2wJ8U8sM/xDN9n60fgii57F35vNtiUDPISjbJWDQ6wACH4th6A6GMu,1.7517557814269145,5.721027461086118,2.5510272711287225
244800,ZpMwnb9dWc2wJ8U8sM/xDN9n60fgii57F35vNtiUDPISjbJWDQ6wACH4th6A6GMu,1.7950116420129332,6.560940609041769,4.135325262270449
245100,ZpMwnb9dWc2wJ8U8sM/xDN9n60fgii57F35vNtiUDPISjbJWDQ6wACH4th6A6GMu,1.753540398037404,5.675234852925314,2.4658373575719947
245400,ZpMwnb9dWc2wJ8U8sM/xDN9n60fgii57F35vNtiUDPISjbJWDQ6wACH4th6A6GMu,1.7337504934658037,3.110742781604429,2.226371019098264
245700,ZpMwnb9dWc2wJ8U8sM/xDN9n60fgii57F35vNtiUDPISjbJWDQ6wACH4th6A6GMu,1.8025127085759785,4.741836417773057,2.426737251488852
246000,ZpMwnb9dWc2wJ8U8sM/xDN9n60fgii57F35vNtiUDPISjbJWDQ6wACH4th6A6GMu,1.8379932727017272,3.036761771854375,2.217907797460628
246300,ZpMwnb9dWc2wJ8U8sM/xDN9n60fgii57F35vNtiUDPISjbJWDQ6wACH4th6A6GMu,2.0284403005087777,5.53128714260449,3.0316336633246146
246600,ZpMwnb9dWc2wJ8U8sM/xDN9n60fgii57F35vNtiUDPISjbJWDQ6wACH4th6A6GMu,1.8289644259131137,3.0695817884440935,2.2187884856550077
246900,ZpMwnb9dWc2wJ8U8sM/xDN9n60fgii57F35vNtiUDPISjbJWDQ6wACH4th6A6GMu,1.8955885247402169,5.42417149574699,2.5456400057151582
247200,ZpMwnb9dWc2wJ8U8sM/xDN9n60fgii57F35vNtiUDPISjbJWDQ6wACH4th6A6GMu,1.8057489796501336,3.0423586037331245,2.245262590035364
247500,ZpMwnb9dWc2wJ8U8sM/xDN9n60fgii57F35vNtiUDPISjbJWDQ6wACH4th6A6GMu,1.8909873361529663,5.294117071248744,2.4420503794943675
247800,ZpMwnb9dWc2wJ8U8sM/xDN9n60fgii57F35vNtiUDPISjbJWDQ6wACH4th6A6GMu,1.8451877281428155,3.0229341703597257,2.2081394083491728
248100,ZpMwnb9dWc2wJ8U8sM/xDN9n60fgii57F35vNtiUDPISjbJWDQ6wACH4th6A6GMu,1.9718879860879464,5.352209186870348,2.5672278787773672
248400,ZpMwnb9dWc2wJ8U8sM/xDN9n60fgii57F35vNtiUDPISjbJWDQ6wACH4th6A6GMu,1.828915183071704,5.53081772740835,3.191274973249975
248700,ZpMwnb9dWc2wJ8U8sM/xDN9n60fgii57F35vNtiUDPISjbJWDQ6wACH4th6A6GMu,1.905278421583432,5.806363284871034,3.5688534302266954
249000,ZpMwnb9dWc2wJ8U8sM/xDN9n60fgii57F35vNtiUDPISjbJWDQ6wACH4th6A6GMu,1.7605833492406462,3.0542144109412064,2.247581506744503
249300,ZpMwnb9dWc2wJ8U8sM/xDN9n60fgii57F35vNtiUDPISjbJWDQ6wACH4th6A6GMu,1.8917114384215683,5.054055702001752,2.483815229594683
249600,ZpMwnb9dWc2wJ8U8sM/xDN9n60fgii57F35vNtiUDPISjbJWDQ6wACH4th6A6GMu,1.7153124336084438,2.9332015872089423,2.1457018963421386
249900,ZpMwnb9dWc2wJ8U8sM/xDN9n60fgii57F35vNtiUDPISjbJWDQ6wACH4th6A6GMu,1.75272455796689,5.039764974580524,2.93825895089107
250200,ZpMwnb9dWc2wJ8U8sM/xDN9n60fgii57F35vNtiUDPISjbJWDQ6wACH4th6A6GMu,1.8613564798003923,3.2646228213334334,2.1992603567818567
250500,ZpMwnb9dWc2wJ8U8sM/xDN9n60fgii57F35vNtiUDPISjbJWDQ6wACH4th6A6GMu,1.9373190683001464,5.321775191190383,2.5109235617506283
250800,ZpMwnb9dWc2wJ8U8sM/xDN9n60fgii57F35vNtiUDPISjbJWDQ6wACH4th6A6GMu,1.8599636287665775,14.501565831779276,3.5942750428240062
251100,ZpMwnb9dWc2wJ8U8sM/xDN9n60fgii57F35vNtiUDPISjbJWDQ6wACH4th6A6GMu,1.9016254677955529,5.327882116515641,2.802975130012341
251400,ZpMwnb9dWc2wJ8U8sM/xDN9n60fgii57F35vNtiUDPISjbJWDQ6wACH4th6A6GMu,1.8171381715398045,3.020785390343345,2.202109445671143
251700,ZpMwnb9dWc2wJ8U8sM/xDN9n60fgii57F35vNtiUDPISjbJWDQ6wACH4th6A6GMu,1.9352036373764905,5.424676610041642,2.5832251808725406
252000,ZpMwnb9dWc2wJ8U8sM/xDN9n60fgii57F35vNtiUDPISjbJWDQ6wACH4th6A6GMu,1.8170316395955808,2.849742956452637,2.1808633778182247
252300,ZpMwnb9dWc2wJ8U8sM/xDN9n60fgii57F35vNtiUDPISjbJWDQ6wACH4th6A6GMu,1.8067142260492792,8.517063200348574,4.434055102501599
252600,ZpMwnb9dWc2wJ8U8sM/xDN9n60fgii57F35vNtiUDPISjbJWDQ6wACH4th6A6GMu,1.8843839835949905,3.2255839445823327,2.2708441946747007
252900,ZpMwnb9dWc2wJ8U8sM/xDN9n60fgii57F35vNtiUDPISjbJWDQ6wACH4th6A6GMu,1.779649956879218,5.176433120116065,2.4813753006849426
253200,ZpMwnb9dWc2wJ8U8sM/xDN9n60fgii57F35vNtiUDPISjbJWDQ6wACH4th6A6GMu,1.807422465646688,2.885589159135438,2.1789621275803706
253500,ZpMwnb9dWc2wJ8U8sM/xDN9n60fgii57F35vNtiUDPISjbJWDQ6wACH4th6A6GMu,1.9862099454726985,6.696964176342197,3.0094252283174217
253800,ZpMwnb9dWc2wJ8U8sM/xDN9n60fgii57F35vNtiUDPISjbJWDQ6wACH4th6A6GMu,1.8215955045610488,2.879659529390186,2.173212746875015
254100,ZpMwnb9dWc2wJ8U8sM/xDN9n60fgii57F35vNtiUDPISjbJWDQ6wACH4th6A6GMu,1.7473284813125547,5.000499990107261,2.43258107774032
254400,ZpMwnb9dWc2wJ8U8sM/xDN9n60fgii57F35vNtiUDPISjbJWDQ6wACH4th6A6GMu,1.7697516622417797,3.1789027132786405,2.2346318645845167
254700,ZpMwnb9dWc2wJ8U8sM/xDN9n60fgii57F35vNtiUDPISjbJWDQ6wACH4th6A6GMu,1.8483461658269256,3.6741188753671774,2.4887620747515564
255000,ZpMwnb9dWc2wJ8U8sM/xDN9n60fgii57F35vNtiUDPISjbJWDQ6wACH4th6A6GMu,1.8625212892226384,3.8631902796029616,2.3663532033079666
255300,ZpMwnb9dWc2wJ8U8sM/xDN9n60fgii57F35vNtiUDPISjbJWDQ6wACH4th6A6GMu,2.096843675133039,4.290144071317088,2.83401430384077
255600,ZpMwnb9dWc2wJ8U8sM/xDN9n60fgii57F35vNtiUDPISjbJWDQ6wACH4th6A6GMu,1.8548825905970732,25.026793721528,5.810681416441802
255900,ZpMwnb9dWc2wJ8U8sM/xDN9n60fgii57F35vNtiUDPISjbJWDQ6wACH4th6A6GMu,1.895726592493788,5.848240581052116,3.2817439652166462
256200,ZpMwnb9dWc2wJ8U8sM/xDN9n60fgii57F35vNtiUDPISjbJWDQ6wACH4th6A6GMu,2.177379442985396,41.71684465730173,12.427880256532337
256500,ZpMwnb9dWc2wJ8U8sM/xDN9n60fgii57F35vNtiUDPISjbJWDQ6wACH4th6A6GMu,1.9274015056926928,3.5407149380759546,2.5255239039269224
256800,ZpMwnb9dWc2wJ8U8sM/xDN9n60fgii57F35vNtiUDPISjbJWDQ6wACH4th6A6GMu,1.8564684215905232,3.5785656398925534,2.4305086980101085
257100,ZpMwnb9dWc2wJ8U8sM/xDN9n60fgii57F35vNtiUDPISjbJWDQ6wACH4th6A6GMu,1.896450244724316,7.802429820448013,3.3491669015899177
257400,ZpMwnb9dWc2wJ8U8sM/xDN9n60fgii57F35vNtiUDPISjbJWDQ6wACH4th6A6GMu,2.0825349095337446,3.1782129342566434,2.4069534515108897
257700,ZpMwnb9dWc2wJ8U8sM/xDN9n60fgii57F35vNtiUDPISjbJWDQ6wACH4th6A6GMu,1.8321574867003927,5.543706779969111,2.9487486183667526
258000,ZpMwnb9dWc2wJ8U8sM/xDN9n60fgii57F35vNtiUDPISjbJWDQ6wACH4th6A6GMu,1.961129637343746,14.849614193254606,5.365712305812051
258300,ZpMwnb9dWc2wJ8U8sM/xDN9n60fgii57F35vNtiUDPISjbJWDQ6wACH4th6A6GMu,7.637976346867078,9.296276957126084,8.2419831886634
258600,ZpMwnb9dWc2wJ8U8sM/xDN9n60fgii57F35vNtiUDPISjbJWDQ6wACH4th6A6GMu,1.892655973441867,10.209259579275107,3.2896590836687447
258900,ZpMwnb9dWc2wJ8U8sM/xDN9n60fgii57F35vNtiUDPISjbJWDQ6wACH4th6A6GMu,1.9773689520923716,5.394849092519577,2.607099720166503
259200,ZpMwnb9dWc2wJ8U8sM/xDN9n60fgii57F35vNtiUDPISjbJWDQ6wACH4th6A6GMu,1.946398895988015,3.06150279545866,2.2009414615040277
259500,ZpMwnb9dWc2wJ8U8sM/xDN9n60fgii57F35vNtiUDPISjbJWDQ6wACH4th6A6GMu,1.8602557617025832,4.750515763415344,2.503339882202602
259800,ZpMwnb9dWc2wJ8U8sM/xDN9n60fgii57F35vNtiUDPISjbJWDQ6wACH4th6A6GMu,1.939492485222996,5.8658382735332975,4.335828207695541
260100,ZpMwnb9dWc2wJ8U8sM/xDN9n60fgii57F35vNtiUDPISjbJWDQ6wACH4th6A6GMu,1.9251843073350812,4.939391006438587,2.4811311925256647
260400,ZpMwnb9dWc2wJ8U8sM/xDN9n60fgii57F35vNtiUDPISjbJWDQ6wACH4th6A6GMu,1.914907838510962,3.252550456778732,2.2680225000259697
260700,ZpMwnb9dWc2wJ8U8sM/xDN9n60fgii57F35vNtiUDPISjbJWDQ6wACH4th6A6GMu,1.9385322953228292,5.700095658765613,3.005508723943027
261000,ZpMwnb9dWc2wJ8U8sM/xDN9n60fgii57F35vNtiUDPISjbJWDQ6wACH4th6A6GMu,1.9133448927486807,3.0832448813608586,2.2700170640264674
261300,ZpMwnb9dWc2wJ8U8sM/xDN9n60fgii57F35vNtiUDPISjbJWDQ6wACH4th6A6GMu,1.893548386958404,4.866693579580161,2.4931289721992647
261600,ZpMwnb9dWc2wJ8U8sM/xDN9n60fgii57F35vNtiUDPISjbJWDQ6wACH4th6A6GMu,1.8548549305296669,3.1813229259849742,2.3135838660307098
261900,ZpMwnb9dWc2wJ8U8sM/xDN9n60fgii57F35vNtiUDPISjbJWDQ6wACH4th6A6GMu,1.9344846490374887,4.754146888317486,2.4632272637190646
262200,ZpMwnb9dWc2wJ8U8sM/xDN9n60fgii57F35vNtiUDPISjbJWDQ6wACH4th6A6GMu,1.8167708078818583,3.43874360471188,2.270539869658515
262500,ZpMwnb9dWc2wJ8U8sM/xDN9n60fgii57F35vNtiUDPISjbJWDQ6wACH4th6A6GMu,2.0012342950574302,5.024399102306518,2.5883088483542847
262800,ZpMwnb9dWc2wJ8U8sM/xDN9n60fgii57F35vNtiUDPISjbJWDQ6wACH4th6A6GMu,1.9176955733984085,3.2027978305077838,2.1794794149680854
263100,ZpMwnb9dWc2wJ8U8sM/xDN9n60fgii57F35vNtiUDPISjbJWDQ6wACH4th6A6GMu,1.804720869374936,4.992008207742904,2.570424304453136
263400,ZpMwnb9dWc2wJ8U8sM/xDN9n60fgii57F35vNtiUDPISjbJWDQ6wACH4th6A6GMu,1.858568125965796,5.172090144820908,2.5941754768529366
263700,ZpMwnb9dWc2wJ8U8sM/xDN9n60fgii57F35vNtiUDPISjbJWDQ6wACH4th6A6GMu,2.207408319742952,6.633853949878128,4.8736547056158335
264000,ZpMwnb9dWc2wJ8U8sM/xDN9n60fgii57F35vNtiUDPISjbJWDQ6wACH4th6A6GMu,1.800052454175327,3.238781722702268,2.1822901767456586
264300,ZpMwnb9dWc2wJ8U8sM/xDN9n60fgii57F35vNtiUDPISjbJWDQ6wACH4th6A6GMu,1.844560329263284,4.434157790628355,2.6842082486913843
264600,ZpMwnb9dWc2wJ8U8sM/xDN9n60fgii57F35vNtiUDPISjbJWDQ6wACH4th6A6GMu,1.9977095675274616,4.704924664510702,2.544350311740474
264900,ZpMwnb9dWc2wJ8U8sM/xDN9n60fgii57F35vNtiUDPISjbJWDQ6wACH4th6A6GMu,1.7632114928728333,4.580155530102476,2.470341041343643
265200,ZpMwnb9dWc2wJ8U8sM/xDN9n60fgii57F35vNtiUDPISjbJWDQ6wACH4th6A6GMu,1.7934782366493458,3.1151308717630286,2.232003124745958
265500,ZpMwnb9dWc2wJ8U8sM/xDN9n60fgii57F35vNtiUDPISjbJWDQ6wACH4th6A6GMu,1.8740998194931344,4.583749023586792,2.447151200078053
265800,ZpMwnb9dWc2wJ8U8sM/xDN9n60fgii57F35vNtiUDPISjbJWDQ6wACH4th6A6GMu,1.7612690282513983,3.2079833842388457,2.1974313414665168
266100,ZpMwnb9dWc2wJ8U8sM/xDN9n60fgii57F35vNtiUDPISjbJWDQ6wACH4th6A6GMu,2.035104599536711,4.850486340469902,2.5870738804510567
266400,ZpMwnb9dWc2wJ8U8sM/xDN9n60fgii57F35vNtiUDPISjbJWDQ6wACH4th6A6GMu,1.7994531677878558,2.674179196342765,2.201082172285619
266700,ZpMwnb9dWc2wJ8U8sM/xDN9n60fgii57F35vNtiUDPISjbJWDQ6wACH4th6A6GMu,1.7885992923392495,4.825208691652634,2.464564595951328
267000,ZpMwnb9dWc2wJ8U8sM/xDN9n60fgii57F35vNtiUDPISjbJWDQ6wACH4th6A6GMu,1.8547268607268543,2.9130497646115927,2.262135725052236
267300,ZpMwnb9dWc2wJ8U8sM/xDN9n60fgii57F35vNtiUDPISjbJWDQ6wACH4th6A6GMu,1.853330136447126,8.244601306746445,4.027302353055344
267600,ZpMwnb9dWc2wJ8U8sM/xDN9n60fgii57F35vNtiUDPISjbJWDQ6wACH4th6A6GMu,1.8381432777969136,4.183746128071485,2.4582166099438667
267900,ZpMwnb9dWc2wJ8U8sM/xDN9n60fgii57F35vNtiUDPISjbJWDQ6wACH4th6A6GMu,1.977703359820968,4.830029362274659,2.4931375682882586
268200,ZpMwnb9dWc2wJ8U8sM/xDN9n60fgii57F35vNtiUDPISjbJWDQ6wACH4th6A6GMu,1.790443928403412,4.815112149947128,2.646785360560397
268500,ZpMwnb9dWc2wJ8U8sM/xDN9n60fgii57F35vNtiUDPISjbJWDQ6wACH4th6A6GMu,1.7615217328850896,4.598919774703343,2.454456460410501
268800,ZpMwnb9dWc2wJ8U8sM/xDN9n60fgii57F35vNtiUDPISjbJWDQ6wACH4th6A6GMu,1.7580204945236126,2.783711476639672,2.218172638968982
269100,ZpMwnb9dWc2wJ8U8sM/xDN9n60fgii57F35vNtiUDPISjbJWDQ6wACH4th6A6GMu,1.9717228526909627,16.136951524749588,3.9532153079751207
269400,ZpMwnb9dWc2wJ8U8sM/xDN9n60fgii57F35vNtiUDPISjbJWDQ6wACH4th6A6GMu,1.8542739314059968,3.126425966466208,2.232151512570081
269700,ZpMwnb9dWc2wJ8U8sM/xDN9n60fgii57F35vNtiUDPISjbJWDQ6wACH4th6A6GMu,1.7314207712756031,4.715755256595819,2.570890504475684
270000,ZpMwnb9dWc2wJ8U8sM/xDN9n60fgii57F35vNtiUDPISjbJWDQ6wACH4th6A6GMu,1.7078608063464522,2.622671283483084,2.1919735335742585
270300,ZpMwnb9dWc2wJ8U8sM/xDN9n60fgii57F35vNtiUDPISjbJWDQ6wACH4th6A6GMu,1.9871334597024504,4.691434461394697,2.5531367840972545
270600,ZpMwnb9dWc2wJ8U8sM/xDN9n60fgii57F35vNtiUDPISjbJWDQ6wACH4th6A6GMu,1.7466036388322237,3.134978054594329,2.243219518255179
270900,ZpMwnb9dWc2wJ8U8sM/xDN9n60fgii57F35vNtiUDPISjbJWDQ6wACH4th6A6GMu,1.9398599794593867,4.575928382176222,2.455151415544768
271200,ZpMwnb9dWc2wJ8U8sM/xDN9n60fgii57F35vNtiUDPISjbJWDQ6wACH4th6A6GMu,1.7708805706612722,6.270722729845272,4.251787811222845
271500,ZpMwnb9dWc2wJ8U8sM/xDN9n60fgii57F35vNtiUDPISjbJWDQ6wACH4th6A6GMu,1.9164170498582715,4.548393558532918,2.491680593704168
271800,ZpMwnb9dWc2wJ8U8sM/xDN9n60fgii57F35vNtiUDPISjbJWDQ6wACH4th6A6GMu,1.722204137429029,5.519789840656792,2.745508602841896
272100,ZpMwnb9dWc2wJ8U8sM/xDN9n60fgii57F35vNtiUDPISjbJWDQ6wACH4th6A6GMu,1.8858628514771236,4.660406151593545,2.4402502229331238
272400,ZpMwnb9dWc2wJ8U8sM/xDN9n60fgii57F35vNtiUDPISjbJWDQ6wACH4th6A6GMu,1.7565875455740656,2.958490257875672,2.2511476316574304
272700,ZpMwnb9dWc2wJ8U8sM/xDN9n60fgii57F35vNtiUDPISjbJWDQ6wACH4th6A6GMu,1.879063346084188,4.230878861811096,2.369955684209415
273000,ZpMwnb9dWc2wJ8U8sM/xDN9n60fgii57F35vNtiUDPISjbJWDQ6wACH4th6A6GMu,2.011506442893228,3.8221591248055455,2.4699159088544973
273300,ZpMwnb9dWc2wJ8U8sM/xDN9n60fgii57F35vNtiUDPISjbJWDQ6wACH4th6A6GMu,1.7857110174293571,2.6677540072264447,2.3269752847965672
273600,ZpMwnb9dWc2wJ8U8sM/xDN9n60fgii57F35vNtiUDPISjbJWDQ6wACH4th6A6GMu,1.7259253291976613,4.3833572635061335,2.4051152731115364
273900,ZpMwnb9dWc2wJ8U8sM/xDN9n60fgii57F35vNtiUDPISjbJWDQ6wACH4th6A6GMu,1.7133641554721428,2.678005036569865,2.150057090393961
274200,ZpMwnb9dWc2wJ8U8sM/xDN9n60fgii57F35vNtiUDPISjbJWDQ6wACH4th6A6GMu,1.7880997463415276,5.0020937918814665,2.555402192843202
274500,ZpMwnb9dWc2wJ8U8sM/xDN9n60fgii57F35vNtiUDPISjbJWDQ6wACH4th6A6GMu,1.714612326220037,2.8245863674650904,2.194900107104066
274800,ZpMwnb9dWc2wJ8U8sM/xDN9n60fgii57F35vNtiUDPISjbJWDQ6wACH4th6A6GMu,1.883403250074088,5.551776317034542,3.616413726225988
275100,ZpMwnb9dWc2wJ8U8sM/xDN9n60fgii57F35vNtiUDPISjbJWDQ6wACH4th6A6GMu,1.846095428297868,6.142417287920907,5.059354613677233
275400,ZpMwnb9dWc2wJ8U8sM/xDN9n60fgii57F35vNtiUDPISjbJWDQ6wACH4th6A6GMu,1.8531443533721763,6.7865025244809365,3.102664981791091
275700,ZpMwnb9dWc2wJ8U8sM/xDN9n60fgii57F35vNtiUDPISjbJWDQ6wACH4th6A6GMu,1.7208906144895948,2.809264089052157,2.1576841400479445
276000,ZpMwnb9dWc2wJ8U8sM/xDN9n60fgii57F35vNtiUDPISjbJWDQ6wACH4th6A6GMu,1.8066019773884647,4.918764250620475,2.544093161852352
276300,ZpMwnb9dWc2wJ8U8sM/xDN9n60fgii57F35vNtiUDPISjbJWDQ6wACH4th6A6GMu,1.6744541095236831,2.689129281118636,2.154560038964445
276600,ZpMwnb9dWc2wJ8U8sM/xDN9n60fgii57F35vNtiUDPISjbJWDQ6wACH4th6A6GMu,1.7501985359182153,4.721844960401363,2.5450926279764454
276900,ZpMwnb9dWc2wJ8U8sM/xDN9n60fgii57F35vNtiUDPISjbJWDQ6wACH4th6A6GMu,1.8211793226234816,2.8404722202792474,2.2926653441953904
277200,ZpMwnb9dWc2wJ8U8sM/xDN9n60fgii57F35vNtiUDPISjbJWDQ6wACH4th6A6GMu,1.8201048468434624,4.772530854958329,2.5063366335296164
277500,ZpMwnb9dWc2wJ8U8sM/xDN9n60fgii57F35vNtiUDPISjbJWDQ6wACH4th6A6GMu,1.6808757677025283,3.589682322149214,2.260344730063305
277800,ZpMwnb9dWc2wJ8U8sM/xDN9n60fgii57F35vNtiUDPISjbJWDQ6wACH4th6A6GMu,1.7118093457551824,5.048498272811574,2.5792259217775904
278100,ZpMwnb9dWc2wJ8U8sM/xDN9n60fgii57F35vNtiUDPISjbJWDQ6wACH4th6A6GMu,1.791890221311198,2.508514815267695,2.1550249620503603
278400,ZpMwnb9dWc2wJ8U8sM/xDN9n60fgii57F35vNtiUDPISjbJWDQ6wACH4th6A6GMu,1.8596858297847547,3.5628055848620024,2.479477481357629
278700,ZpMwnb9dWc2wJ8U8sM/xDN9n60fgii57F35vNtiUDPISjbJWDQ6wACH4th6A6GMu,1.9518082635866043,6.104322770538103,2.9693721315195805
279000,ZpMwnb9dWc2wJ8U8sM/xDN9n60fgii57F35vNtiUDPISjbJWDQ6wACH4th6A6GMu,1.7701293744847348,9.793910250879664,4.287645237414432
279300,ZpMwnb9dWc2wJ8U8sM/xDN9n60fgii57F35vNtiUDPISjbJWDQ6wACH4th6A6GMu,1.744108152364111,2.7658533488984403,2.208465621856202
279600,ZpMwnb9dWc2wJ8U8sM/xDN9n60fgii57F35vNtiUDPISjbJWDQ6wACH4th6A6GMu,1.8294886265517156,2.919820446676948,2.338126275331756
279900,ZpMwnb9dWc2wJ8U8sM/xDN9n60fgii57F35vNtiUDPISjbJWDQ6wACH4th6A6GMu,1.614073972166706,2.7771755893761734,2.159303267959357
280200,ZpMwnb9dWc2wJ8U8sM/xDN9n60fgii57F35vNtiUDPISjbJWDQ6wACH4th6A6GMu,1.7735580901193173,4.412549730428282,2.4825358041701198
280500,ZpMwnb9dWc2wJ8U8sM/xDN9n60fgii57F35vNtiUDPISjbJWDQ6wACH4th6A6GMu,1.7614971773809296,3.030093025773952,2.328581304976012
280800,ZpMwnb9dWc2wJ8U8sM/xDN9n60fgii57F35vNtiUDPISjbJWDQ6wACH4th6A6GMu,1.7662665374757869,4.585496743523633,2.517802684426224
281100,ZpMwnb9dWc2wJ8U8sM/xDN9n60fgii57F35vNtiUDPISjbJWDQ6wACH4th6A6GMu,1.6607803571636175,2.8411255747913544,2.2458867399506475
281400,ZpMwnb9dWc2wJ8U8sM/xDN9n60fgii57F35vNtiUDPISjbJWDQ6wACH4th6A6GMu,1.826532063745452,5.106577795980057,3.132848227856848
281700,ZpMwnb9dWc2wJ8U8sM/xDN9n60fgii57F35vNtiUDPISjbJWDQ6wACH4th6A6GMu,1.5634538344788258,3.943708303189077,2.8584972989508435
282000,ZpMwnb9dWc2wJ8U8sM/xDN9n60fgii57F35vNtiUDPISjbJWDQ6wACH4th6A6GMu,1.8141097521217175,4.310662949878445,2.5339816084188542
282300,ZpMwnb9dWc2wJ8U8sM/xDN9n60fgii57F35vNtiUDPISjbJWDQ6wACH4th6A6GMu,1.7255929651431368,2.8379208434246657,2.190908805200513
282600,ZpMwnb9dWc2wJ8U8sM/xDN9n60fgii57F35vNtiUDPISjbJWDQ6wACH4th6A6GMu,1.9793495776294765,10.033806160976232,4.841210784195033
282900,ZpMwnb9dWc2wJ8U8sM/xDN9n60fgii57F35vNtiUDPISjbJWDQ6wACH4th6A6GMu,1.6861924766242389,2.768536281264183,2.140927864319163
283200,ZpMwnb9dWc2wJ8U8sM/xDN9n60fgii57F35vNtiUDPISjbJWDQ6wACH4th6A6GMu,1.5758935718666298,2.915424397501376,2.208652418181921
283500,ZpMwnb9dWc2wJ8U8sM/xDN9n60fgii57F35vNtiUDPISjbJWDQ6wACH4th6A6GMu,1.5709453621283005,2.9078337603876765,2.1778589054420627
283800,ZpMwnb9dWc2wJ8U8sM/xDN9n60fgii57F35vNtiUDPISjbJWDQ6wACH4th6A6GMu,1.7382953386739683,5.3507624445339115,2.5431724814657968
284100,ZpMwnb9dWc2wJ8U8sM/xDN9n60fgii57F35vNtiUDPISjbJWDQ6wACH4th6A6GMu,1.7242788900409167,3.099289231006329,2.3119800162995
284400,ZpMwnb9dWc2wJ8U8sM/xDN9n60fgii57F35vNtiUDPISjbJWDQ6wACH4th6A6GMu,1.5623073991934449,5.129978547978144,2.479181973159687
284700,ZpMwnb9dWc2wJ8U8sM/xDN9n60fgii57F35vNtiUDPISjbJWDQ6wACH4th6A6GMu,1.59357650616712,3.3566103177716395,2.2492794460019847
285000,ZpMwnb9dWc2wJ8U8sM/xDN9n60fgii57F35vNtiUDPISjbJWDQ6wACH4th6A6GMu,1.547067769375262,39.05207665304973,10.868170901722763
285300,ZpMwnb9dWc2wJ8U8sM/xDN9n60fgii57F35vNtiUDPISjbJWDQ6wACH4th6A6GMu,1.6747764520707875,2.986449834739855,2.240775001556748
285600,ZpMwnb9dWc2wJ8U8sM/xDN9n60fgii57F35vNtiUDPISjbJWDQ6wACH4th6A6GMu,1.7149249865111735,5.31755224973665,2.540245321693365
285900,ZpMwnb9dWc2wJ8U8sM/xDN9n60fgii57F35vNtiUDPISjbJWDQ6wACH4th6A6GMu,1.751246967814304,3.092324280379553,2.301132330705406
286200,ZpMwnb9dWc2wJ8U8sM/xDN9n60fgii57F35vNtiUDPISjbJWDQ6wACH4th6A6GMu,1.6820621783102263,5.752106250132581,3.711335182755772
286500,ZpMwnb9dWc2wJ8U8sM/xDN9n60fgii57F35vNtiUDPISjbJWDQ6wACH4th6A6GMu,1.73574250603893,6.2123911275166055,3.5666746175371467
286800,ZpMwnb9dWc2wJ8U8sM/xDN9n60fgii57F35vNtiUDPISjbJWDQ6wACH4th6A6GMu,1.7058696524439942,5.132449570049813,2.5537747768061525
287100,ZpMwnb9dWc2wJ8U8sM/xDN9n60fgii57F35vNtiUDPISjbJWDQ6wACH4th6A6GMu,1.7279276737145124,3.0208117092029654,2.1860090262543865
287400,ZpMwnb9dWc2wJ8U8sM/xDN9n60fgii57F35vNtiUDPISjbJWDQ6wACH4th6A6GMu,2.2099216722557014,9.081558991299312,7.4140628414386756
287700,ZpMwnb9dWc2wJ8U8sM/xDN9n60fgii57F35vNtiUDPISjbJWDQ6wACH4th6A6GMu,1.7277082404032225,11.025253285981092,5.4598606686871
288000,ZpMwnb9dWc2wJ8U8sM/xDN9n60fgii57F35vNtiUDPISjbJWDQ6wACH4th6A6GMu,1.7273703691717908,5.258218298039613,2.614455087814378
288300,ZpMwnb9dWc2wJ8U8sM/xDN9n60fgii57F35vNtiUDPISjbJWDQ6wACH4th6A6GMu,1.567508952549958,3.0054496593675504,2.191402377252114
288600,ZpMwnb9dWc2wJ8U8sM/xDN9n60fgii57F35vNtiUDPISjbJWDQ6wACH4th6A6GMu,1.7131629787293934,5.3245164116747,2.5643367997858144
288900,ZpMwnb9dWc2wJ8U8sM/xDN9n60fgii57F35vNtiUDPISjbJWDQ6wACH4th6A6GMu,1.6474916911353166,2.991360471664819,2.2549217714366927
289200,ZpMwnb9dWc2wJ8U8sM/xDN9n60fgii57F35vNtiUDPISjbJWDQ6wACH4th6A6GMu,1.6484742110168906,5.400846212705398,2.5134223537216385
289500,ZpMwnb9dWc2wJ8U8sM/xDN9n60fgii57F35vNtiUDPISjbJWDQ6wACH4th6A6GMu,1.808510764242356,3.19885060961583,2.2797924331408823
289800,ZpMwnb9dWc2wJ8U8sM/xDN9n60fgii57F35vNtiUDPISjbJWDQ6wACH4th6A6GMu,1.634862814090014,5.126130448622733,2.9442595283987854
290100,ZpMwnb9dWc2wJ8U8sM/xDN9n60fgii57F35vNtiUDPISjbJWDQ6wACH4th6A6GMu,1.6212705440685455,6.6222321219919404,4.135820830694817
290400,ZpMwnb9dWc2wJ8U8sM/xDN9n60fgii57F35vNtiUDPISjbJWDQ6wACH4th6A6GMu,1.8636533765976937,5.224998692997676,2.5946285398921605
290700,ZpMwnb9dWc2wJ8U8sM/xDN9n60fgii57F35vNtiUDPISjbJWDQ6wACH4th6A6GMu,1.5415686194182705,2.9654707820014687,2.1462099206656515
291000,ZpMwnb9dWc2wJ8U8sM/xDN9n60fgii57F35vNtiUDPISjbJWDQ6wACH4th6A6GMu,1.708447159855673,5.338195240634554,2.5787045086811404
291300,ZpMwnb9dWc2wJ8U8sM/xDN9n60fgii57F35vNtiUDPISjbJWDQ6wACH4th6A6GMu,1.5501704538337304,3.129763460415291,2.26667809796403
291600,ZpMwnb9dWc2wJ8U8sM/xDN9n60fgii57F35vNtiUDPISjbJWDQ6wACH4th6A6GMu,1.645199987174785,3.3283429353228065,2.1960073830147815
291900,ZpMwnb9dWc2wJ8U8sM/xDN9n60fgii57F35vNtiUDPISjbJWDQ6wACH4th6A6GMu,1.7947564987366609,3.244169274254377,2.292379339198843
292200,ZpMwnb9dWc2wJ8U8sM/xDN9n60fgii57F35vNtiUDPISjbJWDQ6wACH4th6A6GMu,1.5515703140368502,4.192726127637096,2.4624431129462394
292500,ZpMwnb9dWc2wJ8U8sM/xDN9n60fgii57F35vNtiUDPISjbJWDQ6wACH4th6A6GMu,1.5300472284115183,3.263020310029751,2.233296540112656
292800,ZpMwnb9dWc2wJ8U8sM/xDN9n60fgii57F35vNtiUDPISjbJWDQ6wACH4th6A6GMu,1.642660991824805,5.858909679473884,2.509477054202354
293100,ZpMwnb9dWc2wJ8U8sM/xDN9n60fgii57F35vNtiUDPISjbJWDQ6wACH4th6A6GMu,1.7434213689058549,3.2817192486166253,2.26117436050246
293400,ZpMwnb9dWc2wJ8U8sM/xDN9n60fgii57F35vNtiUDPISjbJWDQ6wACH4th6A6GMu,1.8385974084245365,6.318600182351856,3.0064190142178373
293700,ZpMwnb9dWc2wJ8U8sM/xDN9n60fgii57F35vNtiUDPISjbJWDQ6wACH4th6A6GMu,1.5718013932179935,5.351070905997816,2.7138565664929915
294000,ZpMwnb9dWc2wJ8U8sM/xDN9n60fgii57F35vNtiUDPISjbJWDQ6wACH4th6A6GMu,1.7098177226975253,6.56261501200365,3.9771576815867937
294300,ZpMwnb9dWc2wJ8U8sM/xDN9n60fgii57F35vNtiUDPISjbJWDQ6wACH4th6A6GMu,1.6337550728808248,14.922994229902969,3.725332816295413
294600,ZpMwnb9dWc2wJ8U8sM/xDN9n60fgii57F35vNtiUDPISjbJWDQ6wACH4th6A6GMu,1.6201141488570268,5.9545055543044665,2.519406799119265
294900,ZpMwnb9dWc2wJ8U8sM/xDN9n60fgii57F35vNtiUDPISjbJWDQ6wACH4th6A6GMu,1.5872225498763055,3.153594010252752,2.308493980993608
295200,ZpMwnb9dWc2wJ8U8sM/xDN9n60fgii57F35vNtiUDPISjbJWDQ6wACH4th6A6GMu,1.6102204877619717,5.601595804193762,2.4712383705990204
295500,ZpMwnb9dWc2wJ8U8sM/xDN9n60fgii57F35vNtiUDPISjbJWDQ6wACH4th6A6GMu,1.5040052442724583,3.0108815147598715,2.1498513175455862
295800,ZpMwnb9dWc2wJ8U8sM/xDN9n60fgii57F35vNtiUDPISjbJWDQ6wACH4th6A6GMu,1.641234440751674,6.076757534778082,2.567431449386259
296100,ZpMwnb9dWc2wJ8U8sM/xDN9n60fgii57F35vNtiUDPISjbJWDQ6wACH4th6A6GMu,1.5141141643313778,2.94895446818947,2.1714058984233207
296400,ZpMwnb9dWc2wJ8U8sM/xDN9n60fgii57F35vNtiUDPISjbJWDQ6wACH4th6A6GMu,1.5343227664721242,5.600123633391038,2.50419537665416
296700,ZpMwnb9dWc2wJ8U8sM/xDN9n60fgii57F35vNtiUDPISjbJWDQ6wACH4th6A6GMu,1.7692400351393278,3.2598223887216786,2.267145427909877
297000,ZpMwnb9dWc2wJ8U8sM/xDN9n60fgii57F35vNtiUDPISjbJWDQ6wACH4th6A6GMu,1.542432825195173,6.348187679296479,2.944661296523169
297300,ZpMwnb9dWc2wJ8U8sM/xDN9n60fgii57F35vNtiUDPISjbJWDQ6wACH4th6A6GMu,1.5901930546809655,3.065360530709359,2.1750908546965446
297600,ZpMwnb9dWc2wJ8U8sM/xDN9n60fgii57F35vNtiUDPISjbJWDQ6wACH4th6A6GMu,1.744329888477537,8.023584478393058,4.4459736562645675
297900,ZpMwnb9dWc2wJ8U8sM/xDN9n60fgii57F35vNtiUDPISjbJWDQ6wACH4th6A6GMu,1.775541116914288,3.1706625056121576,2.2160190507233475
298200,ZpMwnb9dWc2wJ8U8sM/xDN9n60fgii57F35vNtiUDPISjbJWDQ6wACH4th6A6GMu,1.913519189146522,6.872038221679356,3.141466762442933
298500,ZpMwnb9dWc2wJ8U8sM/xDN9n60fgii57F35vNtiUDPISjbJWDQ6wACH4th6A6GMu,1.6598503477908273,3.428145474816879,2.4576213744468967
298800,ZpMwnb9dWc2wJ8U8sM/xDN9n60fgii57F35vNtiUDPISjbJWDQ6wACH4th6A6GMu,1.738963347866418,4.799283149393037,2.499136418567786
299100,ZpMwnb9dWc2wJ8U8sM/xDN9n60fgii57F35vNtiUDPISjbJWDQ6wACH4th6A6GMu,1.8112820427278715,3.2404203460320167,2.295997819049484
299400,ZpMwnb9dWc2wJ8U8sM/xDN9n60fgii57F35vNtiUDPISjbJWDQ6wACH4th6A6GMu,1.7223923049632992,3.516030432680488,2.467229804116024
299700,ZpMwnb9dWc2wJ8U8sM/xDN9n60fgii57F35vNtiUDPISjbJWDQ6wACH4th6A6GMu,1.6955681236749487,2.969302365103391,2.1672916752058486
300000,ZpMwnb9dWc2wJ8U8sM/xDN9n60fgii57F35vNtiUDPISjbJWDQ6wACH4th6A6GMu,1.703029608424514,4.555817792060364,2.493709740998151
300300,ZpMwnb9dWc2wJ8U8sM/xDN9n60fgii57F35vNtiUDPISjbJWDQ6wACH4th6A6GMu,1.673261256455271,3.0971606204687263,2.228517989434209
300600,ZpMwnb9dWc2wJ8U8sM/xDN9n60fgii57F35vNtiUDPISjbJWDQ6wACH4th6A6GMu,1.6847710211109863,6.258050578291948,3.0017637375769706
300900,ZpMwnb9dWc2wJ8U8sM/xDN9n60fgii57F35vNtiUDPISjbJWDQ6wACH4th6A6GMu,1.6143153360895397,3.081270012178863,2.161292655984947
301200,ZpMwnb9dWc2wJ8U8sM/xDN9n60fgii57F35vNtiUDPISjbJWDQ6wACH4th6A6GMu,1.654990215090715,5.23257268254613,3.0496436613156126
301500,ZpMwnb9dWc2wJ8U8sM/xDN9n60fgii57F35vNtiUDPISjbJWDQ6wACH4th6A6GMu,1.619350642638164,6.401937642392743,3.9115539402282895
301800,ZpMwnb9dWc2wJ8U8sM/xDN9n60fgii57F35vNtiUDPISjbJWDQ6wACH4th6A6GMu,1.6845891927713936,5.173604894360368,2.499282408975367
302100,ZpMwnb9dWc2wJ8U8sM/xDN9n60fgii57F35vNtiUDPISjbJWDQ6wACH4th6A6GMu,1.7887707098546015,3.0737279190141,2.3093260995134632
302400,ZpMwnb9dWc2wJ8U8sM/xDN9n60fgii57F35vNtiUDPISjbJWDQ6wACH4th6A6GMu,1.7340642494042682,5.147034920055256,2.4842499183793443
302700,ZpMwnb9dWc2wJ8U8sM/xDN9n60fgii57F35vNtiUDPISjbJWDQ6wACH4th6A6GMu,1.5643080013337445,3.0137636971003063,2.286873637261972
303000,ZpMwnb9dWc2wJ8U8sM/xDN9n60fgii57F35vNtiUDPISjbJWDQ6wACH4th6A6GMu,1.6962685944530462,5.038552266303466,2.5325921991777225
303300,ZpMwnb9dWc2wJ8U8sM/xDN9n60fgii57F35vNtiUDPISjbJWDQ6wACH4th6A6GMu,1.6365413141719782,2.9501005629064005,2.19262156293458
303600,ZpMwnb9dWc2wJ8U8sM/xDN9n60fgii57F35vNtiUDPISjbJWDQ6wACH4th6A6GMu,1.7281618408025112,4.926757496511619,2.428671829505426
303900,ZpMwnb9dWc2wJ8U8sM/xDN9n60fgii57F35vNtiUDPISjbJWDQ6wACH4th6A6GMu,1.6321319168106136,3.2402096963150275,2.244774003176224
304200,ZpMwnb9dWc2wJ8U8sM/xDN9n60fgii57F35vNtiUDPISjbJWDQ6wACH4th6A6GMu,1.7912032271921503,5.044693372669266,2.97205332620072
304500,ZpMwnb9dWc2wJ8U8sM/xDN9n60fgii57F35vNtiUDPISjbJWDQ6wACH4th6A6GMu,1.493083505332966,2.861993117105225,2.1656356646390567
304800,ZpMwnb9dWc2wJ8U8sM/xDN9n60fgii57F35vNtiUDPISjbJWDQ6wACH4th6A6GMu,1.8734811303424712,4.834666533916446,2.501574822608944
305100,ZpMwnb9dWc2wJ8U8sM/xDN9n60fgii57F35vNtiUDPISjbJWDQ6wACH4th6A6GMu,1.91164050830896,6.180967085794121,4.107932836370285
305400,ZpMwnb9dWc2wJ8U8sM/xDN9n60fgii57F35vNtiUDPISjbJWDQ6wACH4th6A6GMu,1.6991886741959197,6.323042732705215,2.911575593575844
305700,ZpMwnb9dWc2wJ8U8sM/xDN9n60fgii57F35vNtiUDPISjbJWDQ6wACH4th6A6GMu,1.649481987712737,3.0366895894802384,2.2686653092730404
306000,ZpMwnb9dWc2wJ8U8sM/xDN9n60fgii57F35vNtiUDPISjbJWDQ6wACH4th6A6GMu,1.704115795644065,4.705088027671806,2.449064243660266
306300,ZpMwnb9dWc2wJ8U8sM/xDN9n60fgii57F35vNtiUDPISjbJWDQ6wACH4th6A6GMu,1.5514926547429813,3.1394374708819326,2.248916185032312
306600,ZpMwnb9dWc2wJ8U8sM/xDN9n60fgii57F35vNtiUDPISjbJWDQ6wACH4th6A6GMu,1.6495511291361424,3.271119907139816,2.478920375798735
306900,ZpMwnb9dWc2wJ8U8sM/xDN9n60fgii57F35vNtiUDPISjbJWDQ6wACH4th6A6GMu,1.5505375639948853,3.0607796797059144,2.157872132072965
307200,ZpMwnb9dWc2wJ8U8sM/xDN9n60fgii57F35vNtiUDPISjbJWDQ6wACH4th6A6GMu,1.686374316707017,4.4551431535164285,2.499777327311652
307500,ZpMwnb9dWc2wJ8U8sM/xDN9n60fgii57F35vNtiUDPISjbJWDQ6wACH4th6A6GMu,1.6758711697443067,3.2939696011923614,2.2332273112283065
307800,ZpMwnb9dWc2wJ8U8sM/xDN9n60fgii57F35vNtiUDPISjbJWDQ6wACH4th6A6GMu,1.736041274609207,4.802755962981508,2.8087422232583403
308100,ZpMwnb9dWc2wJ8U8sM/xDN9n60fgii57F35vNtiUDPISjbJWDQ6wACH4th6A6GMu,1.6017594677879965,3.7809919438517743,2.3363196012882264
308400,ZpMwnb9dWc2wJ8U8sM/xDN9n60fgii57F35vNtiUDPISjbJWDQ6wACH4th6A6GMu,1.606075714599712,4.394747241519526,2.5242865237155887
308700,ZpMwnb9dWc2wJ8U8sM/xDN9n60fgii57F35vNtiUDPISjbJWDQ6wACH4th6A6GMu,1.5394058110362798,2.9675345699589477,2.18214438615571
309000,ZpMwnb9dWc2wJ8U8sM/xDN9n60fgii57F35vNtiUDPISjbJWDQ6wACH4th6A6GMu,1.56960073741715,6.8935159856654415,4.556415596680476
309300,ZpMwnb9dWc2wJ8U8sM/xDN9n60fgii57F35vNtiUDPISjbJWDQ6wACH4th6A6GMu,1.6098211051259577,3.2708424341377715,2.2665610150152875
309600,ZpMwnb9dWc2wJ8U8sM/xDN9n60fgii57F35vNtiUDPISjbJWDQ6wACH4th6A6GMu,1.5146544015634855,4.484154646510099,2.448127219694856
309900,ZpMwnb9dWc2wJ8U8sM/xDN9n60fgii57F35vNtiUDPISjbJWDQ6wACH4th6A6GMu,1.6405404254240916,2.896466217190913,2.175245851326173
310200,ZpMwnb9dWc2wJ8U8sM/xDN9n60fgii57F35vNtiUDPISjbJWDQ6wACH4th6A6GMu,1.5116210374811885,4.3753256407490975,2.49740914274862
310500,ZpMwnb9dWc2wJ8U8sM/xDN9n60fgii57F35vNtiUDPISjbJWDQ6wACH4th6A6GMu,1.6011062507806686,2.8735259150991865,2.1639175945559184
310800,ZpMwnb9dWc2wJ8U8sM/xDN9n60fgii57F35vNtiUDPISjbJWDQ6wACH4th6A6GMu,1.7913909269742283,4.417591672505139,2.458398041827261
311100,ZpMwnb9dWc2wJ8U8sM/xDN9n60fgii57F35vNtiUDPISjbJWDQ6wACH4th6A6GMu,1.6150836980330416,3.2927860093842973,2.250948289652458
311400,ZpMwnb9dWc2wJ8U8sM/xDN9n60fgii57F35vNtiUDPISjbJWDQ6wACH4th6A6GMu,1.6788783792812043,5.02312775082912,2.566503797848453
311700,ZpMwnb9dWc2wJ8U8sM/xDN9n60fgii57F35vNtiUDPISjbJWDQ6wACH4th6A6GMu,1.6758472393922557,6.434885672961519,2.621704379883258
312000,ZpMwnb9dWc2wJ8U8sM/xDN9n60fgii57F35vNtiUDPISjbJWDQ6wACH4th6A6GMu,1.649954164011779,4.988283272813897,2.503308206250224
312300,ZpMwnb9dWc2wJ8U8sM/xDN9n60fgii57F35vNtiUDPISjbJWDQ6wACH4th6A6GMu,1.515438796256224,3.1222555901066475,2.248185497660935
312600,ZpMwnb9dWc2wJ8U8sM/xDN9n60fgii57F35vNtiUDPISjbJWDQ6wACH4th6A6GMu,1.9320067706148316,8.580522941774769,3.794822895531417
312900,ZpMwnb9dWc2wJ8U8sM/xDN9n60fgii57F35vNtiUDPISjbJWDQ6wACH4th6A6GMu,1.6108405978420244,6.262501495844711,3.0038608368117736
313200,ZpMwnb9dWc2wJ8U8sM/xDN9n60fgii57F35vNtiUDPISjbJWDQ6wACH4th6A6GMu,1.5152420997639058,5.117076097690644,2.488413380278192
313500,ZpMwnb9dWc2wJ8U8sM/xDN9n60fgii57F35vNtiUDPISjbJWDQ6wACH4th6A6GMu,1.68157739606066,3.659059681116444,2.3053683387294055
313800,ZpMwnb9dWc2wJ8U8sM/xDN9n60fgii57F35vNtiUDPISjbJWDQ6wACH4th6A6GMu,1.5021522747386205,37.2864244636125,11.647159205159912
314100,ZpMwnb9dWc2wJ8U8sM/xDN9n60fgii57F35vNtiUDPISjbJWDQ6wACH4th6A6GMu,1.4657358458012708,2.9167471675583423,2.245948180262495
314400,ZpMwnb9dWc2wJ8U8sM/xDN9n60fgii57F35vNtiUDPISjbJWDQ6wACH4th6A6GMu,1.581301911251187,4.961633925533563,2.5233260743391224
314700,ZpMwnb9dWc2wJ8U8sM/xDN9n60fgii57F35vNtiUDPISjbJWDQ6wACH4th6A6GMu,1.5477139836684666,3.104398793202777,2.3048139743504
315000,ZpMwnb9dWc2wJ8U8sM/xDN9n60fgii57F35vNtiUDPISjbJWDQ6wACH4th6A6GMu,1.7073984640665925,5.0684106633478105,2.550692244919852
315300,ZpMwnb9dWc2wJ8U8sM/xDN9n60fgii57F35vNtiUDPISjbJWDQ6wACH4th6A6GMu,1.6549682125936105,7.382907290877027,2.78159818894456
315600,ZpMwnb9dWc2wJ8U8sM/xDN9n60fgii57F35vNtiUDPISjbJWDQ6wACH4th6A6GMu,1.509409342190794,3.954529964102096,2.567101927834465
315900,ZpMwnb9dWc2wJ8U8sM/xDN9n60fgii57F35vNtiUDPISjbJWDQ6wACH4th6A6GMu,1.5638426402678829,2.933882765153897,2.22141565956509
316200,ZpMwnb9dWc2wJ8U8sM/xDN9n60fgii57F35vNtiUDPISjbJWDQ6wACH4th6A6GMu,1.6242558885606666,4.377351810667645,2.491491396683848
316500,ZpMwnb9dWc2wJ8U8sM/xDN9n60fgii57F35vNtiUDPISjbJWDQ6wACH4th6A6GMu,2.6303129734740347,11.550593244710726,7.449861974392912
316800,ZpMwnb9dWc2wJ8U8sM/xDN9n60fgii57F35vNtiUDPISjbJWDQ6wACH4th6A6GMu,4.400361968545304,8.521213763997523,7.719272287246435
317100,ZpMwnb9dWc2wJ8U8sM/xDN9n60fgii57F35vNtiUDPISjbJWDQ6wACH4th6A6GMu,1.5806722623286529,2.913101613271168,2.2775646926927244
317400,ZpMwnb9dWc2wJ8U8sM/xDN9n60fgii57F35vNtiUDPISjbJWDQ6wACH4th6A6GMu,1.702285359877446,4.597800468810886,2.557463354575724
317700,ZpMwnb9dWc2wJ8U8sM/xDN9n60fgii57F35vNtiUDPISjbJWDQ6wACH4th6A6GMu,1.5907715835169465,2.7816814509789616,2.2148735754093423
318000,ZpMwnb9dWc2wJ8U8sM/xDN9n60fgii57F35vNtiUDPISjbJWDQ6wACH4th6A6GMu,1.811736687917454,4.281701182651106,2.506902984618231
318300,ZpMwnb9dWc2wJ8U8sM/xDN9n60fgii57F35vNtiUDPISjbJWDQ6wACH4th6A6GMu,1.645837727311965,2.922408704196189,2.2521120939457324
318600,ZpMwnb9dWc2wJ8U8sM/xDN9n60fgii57F35vNtiUDPISjbJWDQ6wACH4th6A6GMu,1.5432646263886178,4.373316359237965,2.46885358098812
318900,ZpMwnb9dWc2wJ8U8sM/xDN9n60fgii57F35vNtiUDPISjbJWDQ6wACH4th6A6GMu,1.7278275231405724,6.386674518069199,2.678046144658395
319200,ZpMwnb9dWc2wJ8U8sM/xDN9n60fgii57F35vNtiUDPISjbJWDQ6wACH4th6A6GMu,1.5968854454843149,4.412479964204591,2.496081547181723
319500,ZpMwnb9dWc2wJ8U8sM/xDN9n60fgii57F35vNtiUDPISjbJWDQ6wACH4th6A6GMu,1.506986835763655,4.407753789250979,2.419838552528593
319800,ZpMwnb9dWc2wJ8U8sM/xDN9n60fgii57F35vNtiUDPISjbJWDQ6wACH4th6A6GMu,1.713167049210809,4.335883036324073,2.501381192908496
320100,ZpMwnb9dWc2wJ8U8sM/xDN9n60fgii57F35vNtiUDPISjbJWDQ6wACH4th6A6GMu,1.49864352188209,5.959456787699588,3.22193460902836
320400,ZpMwnb9dWc2wJ8U8sM/xDN9n60fgii57F35vNtiUDPISjbJWDQ6wACH4th6A6GMu,1.6209262412648444,6.446675310086963,3.3191720077871225
320700,ZpMwnb9dWc2wJ8U8sM/xDN9n60fgii57F35vNtiUDPISjbJWDQ6wACH4th6A6GMu,1.5571179456490485,5.196542492797043,2.600274091682155
321000,ZpMwnb9dWc2wJ8U8sM/xDN9n60fgii57F35vNtiUDPISjbJWDQ6wACH4th6A6GMu,1.620418343598486,3.3990653182529447,2.293357155330466
321300,ZpMwnb9dWc2wJ8U8sM/xDN9n60fgii57F35vNtiUDPISjbJWDQ6wACH4th6A6GMu,1.6966969320800551,5.06574301304344,2.503238859407658
321600,ZpMwnb9dWc2wJ8U8sM/xDN9n60fgii57F35vNtiUDPISjbJWDQ6wACH4th6A6GMu,1.5626164995874492,3.2676411149332925,2.2246891432325704
321900,ZpMwnb9dWc2wJ8U8sM/xDN9n60fgii57F35vNtiUDPISjbJWDQ6wACH4th6A6GMu,1.653874618786558,5.168138323362717,2.554631374597524
322200,ZpMwnb9dWc2wJ8U8sM/xDN9n60fgii57F35vNtiUDPISjbJWDQ6wACH4th6A6GMu,1.5857500364382926,3.288983611614184,2.2817693004052093
322500,ZpMwnb9dWc2wJ8U8sM/xDN9n60fgii57F35vNtiUDPISjbJWDQ6wACH4th6A6GMu,1.6738856052844615,5.338525303082621,2.9477301609562088
322800,ZpMwnb9dWc2wJ8U8sM/xDN9n60fgii57F35vNtiUDPISjbJWDQ6wACH4th6A6GMu,1.5104336202711282,3.462441618583851,2.2765944259927005
323100,ZpMwnb9dWc2wJ8U8sM/xDN9n60fgii57F35vNtiUDPISjbJWDQ6wACH4th6A6GMu,1.5095320330724746,4.965197955094365,2.471633637865637
323400,ZpMwnb9dWc2wJ8U8sM/xDN9n60fgii57F35vNtiUDPISjbJWDQ6wACH4th6A6GMu,1.5033186770999722,3.1908811606802097,2.2035851987690727
323700,ZpMwnb9dWc2wJ8U8sM/xDN9n60fgii57F35vNtiUDPISjbJWDQ6wACH4th6A6GMu,1.596972780797598,4.915737401342469,2.540413722726453
324000,ZpMwnb9dWc2wJ8U8sM/xDN9n60fgii57F35vNtiUDPISjbJWDQ6wACH4th6A6GMu,1.4894980753305715,6.514297469218667,4.257822104164086
324300,ZpMwnb9dWc2wJ8U8sM/xDN9n60fgii57F35vNtiUDPISjbJWDQ6wACH4th6A6GMu,1.4876898316836973,4.7624014738443785,2.474373852021696
324600,ZpMwnb9dWc2wJ8U8sM/xDN9n60fgii57F35vNtiUDPISjbJWDQ6wACH4th6A6GMu,1.6403256195857032,3.5411928106910517,2.278145990687116
324900,ZpMwnb9dWc2wJ8U8sM/xDN9n60fgii57F35vNtiUDPISjbJWDQ6wACH4th6A6GMu,1.5335844612115062,3.557231042968985,2.426918936510321
325200,ZpMwnb9dWc2wJ8U8sM/xDN9n60fgii57F35vNtiUDPISjbJWDQ6wACH4th6A6GMu,1.5421514646391603,3.230565720305003,2.2294454192133912
325500,ZpMwnb9dWc2wJ8U8sM/xDN9n60fgii57F35vNtiUDPISjbJWDQ6wACH4th6A6GMu,1.657705861897662,4.3628051480152665,2.517552677149121
325800,ZpMwnb9dWc2wJ8U8sM/xDN9n60fgii57F35vNtiUDPISjbJWDQ6wACH4th6A6GMu,1.5069605007847564,3.171706885991707,2.2187330806204364
326100,ZpMwnb9dWc2wJ8U8sM/xDN9n60fgii57F35vNtiUDPISjbJWDQ6wACH4th6A6GMu,1.5228979861842833,5.070544913878453,2.9168613876551106
326400,ZpMwnb9dWc2wJ8U8sM/xDN9n60fgii57F35vNtiUDPISjbJWDQ6wACH4th6A6GMu,1.5647596187031596,3.3168394835037014,2.3026539008426115
326700,ZpMwnb9dWc2wJ8U8sM/xDN9n60fgii57F35vNtiUDPISjbJWDQ6wACH4th6A6GMu,1.5351071473031792,4.340505611447518,2.4684392250916964
327000,ZpMwnb9dWc2wJ8U8sM/xDN9n60fgii57F35vNtiUDPISjbJWDQ6wACH4th6A6GMu,1.6728260397248222,3.157985038843772,2.214427661826788
327300,ZpMwnb9dWc2wJ8U8sM/xDN9n60fgii57F35vNtiUDPISjbJWDQ6wACH4th6A6GMu,1.7110857851985066,4.26606020211848,2.606062329682756
327600,ZpMwnb9dWc2wJ8U8sM/xDN9n60fgii57F35vNtiUDPISjbJWDQ6wACH4th6A6GMu,1.62927417856922,5.304978670383563,2.9069587432744872
327900,ZpMwnb9dWc2wJ8U8sM/xDN9n60fgii57F35vNtiUDPISjbJWDQ6wACH4th6A6GMu,1.5462844231017725,8.02951310843963,4.34964168293441
328200,ZpMwnb9dWc2wJ8U8sM/xDN9n60fgii57F35vNtiUDPISjbJWDQ6wACH4th6A6GMu,1.6688571284191915,3.1114425988264984,2.240968154079674
328500,ZpMwnb9dWc2wJ8U8sM/xDN9n60fgii57F35vNtiUDPISjbJWDQ6wACH4th6A6GMu,1.5613329951183612,4.543361694065523,2.4620516262688144
328800,ZpMwnb9dWc2wJ8U8sM/xDN9n60fgii57F35vNtiUDPISjbJWDQ6wACH4th6A6GMu,1.6674477448996314,2.8192328984030643,2.207840422976501
329100,ZpMwnb9dWc2wJ8U8sM/xDN9n60fgii57F35vNtiUDPISjbJWDQ6wACH4th6A6GMu,1.7461732541719643,4.373323521485731,2.505555326723178
329400,ZpMwnb9dWc2wJ8U8sM/xDN9n60fgii57F35vNtiUDPISjbJWDQ6wACH4th6A6GMu,1.4790065684684304,2.7964974633580826,2.2186625186119904
329700,ZpMwnb9dWc2wJ8U8sM/xDN9n60fgii57F35vNtiUDPISjbJWDQ6wACH4th6A6GMu,1.6572369298295455,6.910782247718028,2.8991020845049915
330000,ZpMwnb9dWc2wJ8U8sM/xDN9n60fgii57F35vNtiUDPISjbJWDQ6wACH4th6A6GMu,1.6476799981805317,3.25337867250333,2.244413058636032
330300,ZpMwnb9dWc2wJ8U8sM/xDN9n60fgii57F35vNtiUDPISjbJWDQ6wACH4th6A6GMu,1.593025777278024,5.295151569893113,2.4692196059046783
330600,ZpMwnb9dWc2wJ8U8sM/xDN9n60fgii57F35vNtiUDPISjbJWDQ6wACH4th6A6GMu,1.5809239950084637,2.8067512776572685,2.1926414275928345
330900,ZpMwnb9dWc2wJ8U8sM/xDN9n60fgii57F35vNtiUDPISjbJWDQ6wACH4th6A6GMu,1.477620508130324,5.44923620780852,2.5765828562675614
331200,ZpMwnb9dWc2wJ8U8sM/xDN9n60fgii57F35vNtiUDPISjbJWDQ6wACH4th6A6GMu,1.5599698064885668,2.88631773055208,2.201657262575013
331500,ZpMwnb9dWc2wJ8U8sM/xDN9n60fgii57F35vNtiUDPISjbJWDQ6wACH4th6A6GMu,1.5774453551912568,6.361140633653425,4.267810123431294
331800,ZpMwnb9dWc2wJ8U8sM/xDN9n60fgii57F35vNtiUDPISjbJWDQ6wACH4th6A6GMu,1.4948468008296596,5.070964330885691,2.6456163795911887
332100,ZpMwnb9dWc2wJ8U8sM/xDN9n60fgii57F35vNtiUDPISjbJWDQ6wACH4th6A6GMu,1.5539816867869627,5.327091375426492,2.4765961457691787
332400,ZpMwnb9dWc2wJ8U8sM/xDN9n60fgii57F35vNtiUDPISjbJWDQ6wACH4th6A6GMu,1.5748988493295222,2.912104771858468,2.2123276255610533
332700,ZpMwnb9dWc2wJ8U8sM/xDN9n60fgii57F35vNtiUDPISjbJWDQ6wACH4th6A6GMu,1.4832779296857863,4.906411431079071,2.4760746330110197
333000,ZpMwnb9dWc2wJ8U8sM/xDN9n60fgii57F35vNtiUDPISjbJWDQ6wACH4th6A6GMu,1.5175346940974486,2.7942041741566888,2.142359696821337
333300,ZpMwnb9dWc2wJ8U8sM/xDN9n60fgii57F35vNtiUDPISjbJWDQ6wACH4th6A6GMu,1.5063292397001875,6.843745751558896,2.918757490559869
333600,ZpMwnb9dWc2wJ8U8sM/xDN9n60fgii57F35vNtiUDPISjbJWDQ6wACH4th6A6GMu,1.6918127654533246,3.0779411401821006,2.2437527291962884
333900,ZpMwnb9dWc2wJ8U8sM/xDN9n60fgii57F35vNtiUDPISjbJWDQ6wACH4th6A6GMu,1.5165755658215756,4.838686780441232,2.433562602206601
334200,ZpMwnb9dWc2wJ8U8sM/xDN9n60fgii57F35vNtiUDPISjbJWDQ6wACH4th6A6GMu,1.5209532957844136,2.8986134718343224,2.211071534856691
334500,ZpMwnb9dWc2wJ8U8sM/xDN9n60fgii57F35vNtiUDPISjbJWDQ6wACH4th6A6GMu,1.4565330047596723,5.242129885820275,2.5263269945915976
334800,ZpMwnb9dWc2wJ8U8sM/xDN9n60fgii57F35vNtiUDPISjbJWDQ6wACH4th6A6GMu,1.5936977488578146,2.9618909221794563,2.2238946225771374
335100,ZpMwnb9dWc2wJ8U8sM/xDN9n60fgii57F35vNtiUDPISjbJWDQ6wACH4th6A6GMu,1.5158795465146553,5.823589010002782,2.510818880883275
335400,ZpMwnb9dWc2wJ8U8sM/xDN9n60fgii57F35vNtiUDPISjbJWDQ6wACH4th6A6GMu,1.7329933579261252,6.719417396838307,4.312713138091535
335700,ZpMwnb9dWc2wJ8U8sM/xDN9n60fgii57F35vNtiUDPISjbJWDQ6wACH4th6A6GMu,1.4984359333766673,5.248638973912529,2.478303191205776
336000,ZpMwnb9dWc2wJ8U8sM/xDN9n60fgii57F35vNtiUDPISjbJWDQ6wACH4th6A6GMu,1.6536950227476952,3.247902996164677,2.3037299296865665
336300,ZpMwnb9dWc2wJ8U8sM/xDN9n60fgii57F35vNtiUDPISjbJWDQ6wACH4th6A6GMu,1.625943484640489,4.964911485478584,2.5195409690818287
336600,ZpMwnb9dWc2wJ8U8sM/xDN9n60fgii57F35vNtiUDPISjbJWDQ6wACH4th6A6GMu,1.6450443029635586,2.823379005467392,2.2592565233089634
336900,ZpMwnb9dWc2wJ8U8sM/xDN9n60fgii57F35vNtiUDPISjbJWDQ6wACH4th6A6GMu,1.5191911228637864,6.324202476488183,2.930638478740135
337200,ZpMwnb9dWc2wJ8U8sM/xDN9n60fgii57F35vNtiUDPISjbJWDQ6wACH4th6A6GMu,1.6492630825781247,3.329471851242628,2.2866715034845084
337500,ZpMwnb9dWc2wJ8U8sM/xDN9n60fgii57F35vNtiUDPISjbJWDQ6wACH4th6A6GMu,1.6685317801886874,16.760046973877376,4.020199806474611
337800,ZpMwnb9dWc2wJ8U8sM/xDN9n60fgii57F35vNtiUDPISjbJWDQ6wACH4th6A6GMu,1.4926730144407103,2.824760027371062,2.177027008331798
338100,ZpMwnb9dWc2wJ8U8sM/xDN9n60fgii57F35vNtiUDPISjbJWDQ6wACH4th6A6GMu,1.548920620461398,4.820071855237701,2.562881803785976
338400,ZpMwnb9dWc2wJ8U8sM/xDN9n60fgii57F35vNtiUDPISjbJWDQ6wACH4th6A6GMu,1.4549513227436996,2.907834229001815,2.1563933985626007
338700,ZpMwnb9dWc2wJ8U8sM/xDN9n60fgii57F35vNtiUDPISjbJWDQ6wACH4th6A6GMu,1.7419694265503658,5.171985248034111,2.4802820108078047
339000,ZpMwnb9dWc2wJ8U8sM/xDN9n60fgii57F35vNtiUDPISjbJWDQ6wACH4th6A6GMu,1.497930800316733,5.8806067142366185,3.749624603746706
339300,ZpMwnb9dWc2wJ8U8sM/xDN9n60fgii57F35vNtiUDPISjbJWDQ6wACH4th6A6GMu,1.5471592981068771,5.752375187515637,3.0509051279946964
339600,ZpMwnb9dWc2wJ8U8sM/xDN9n60fgii57F35vNtiUDPISjbJWDQ6wACH4th6A6GMu,1.784431224379329,2.8567413384647207,2.2588638873570464
339900,ZpMwnb9dWc2wJ8U8sM/xDN9n60fgii57F35vNtiUDPISjbJWDQ6wACH4th6A6GMu,1.7410630679455554,5.6262827445907355,2.646288445202293
340200,ZpMwnb9dWc2wJ8U8sM/xDN9n60fgii57F35vNtiUDPISjbJWDQ6wACH4th6A6GMu,1.804000815627833,2.6699671670586125,2.23366113746438
340500,ZpMwnb9dWc2wJ8U8sM/xDN9n60fgii57F35vNtiUDPISjbJWDQ6wACH4th6A6GMu,1.699344745038084,5.350486026402756,2.902746444916115
340800,ZpMwnb9dWc2wJ8U8sM/xDN9n60fgii57F35vNtiUDPISjbJWDQ6wACH4th6A6GMu,1.7023874050791663,3.1256421792338327,2.308503315643435
341100,ZpMwnb9dWc2wJ8U8sM/xDN9n60fgii57F35vNtiUDPISjbJWDQ6wACH4th6A6GMu,1.687879204627721,5.607546948657901,2.525839474351024
341400,ZpMwnb9dWc2wJ8U8sM/xDN9n60fgii57F35vNtiUDPISjbJWDQ6wACH4th6A6GMu,1.893965264556768,3.627141634626021,2.4235245873991254
341700,ZpMwnb9dWc2wJ8U8sM/xDN9n60fgii57F35vNtiUDPISjbJWDQ6wACH4th6A6GMu,2.0740849656477813,6.978443173361161,3.2521156216472584
342000,ZpMwnb9dWc2wJ8U8sM/xDN9n60fgii57F35vNtiUDPISjbJWDQ6wACH4th6A6GMu,1.8066276654089288,19.348602276880307,5.84815454986223
342300,ZpMwnb9dWc2wJ8U8sM/xDN9n60fgii57F35vNtiUDPISjbJWDQ6wACH4th6A6GMu,1.789626306610633,3.835906240391441,2.422251417584661
342600,ZpMwnb9dWc2wJ8U8sM/xDN9n60fgii57F35vNtiUDPISjbJWDQ6wACH4th6A6GMu,1.8553126571783252,38.56416280492963,11.07023075585282
342900,ZpMwnb9dWc2wJ8U8sM/xDN9n60fgii57F35vNtiUDPISjbJWDQ6wACH4th6A6GMu,1.71428021717619,7.6011910290166815,5.157493613099747
343200,ZpMwnb9dWc2wJ8U8sM/xDN9n60fgii57F35vNtiUDPISjbJWDQ6wACH4th6A6GMu,1.926055228795709,2.9179121282160274,2.4887814227052574
343500,ZpMwnb9dWc2wJ8U8sM/xDN9n60fgii57F35vNtiUDPISjbJWDQ6wACH4th6A6GMu,1.685181587488104,4.56663112051078,2.829215093085984
343800,ZpMwnb9dWc2wJ8U8sM/xDN9n60fgii57F35vNtiUDPISjbJWDQ6wACH4th6A6GMu,1.8965401632335817,2.799519302533939,2.3673631058669025
344100,ZpMwnb9dWc2wJ8U8sM/xDN9n60fgii57F35vNtiUDPISjbJWDQ6wACH4th6A6GMu,1.678805137890591,7.259060306772161,3.509505617371436
344400,ZpMwnb9dWc2wJ8U8sM/xDN9n60fgii57F35vNtiUDPISjbJWDQ6wACH4th6A6GMu,2.0370270986397587,14.497718116033246,3.739925529190741
344700,ZpMwnb9dWc2wJ8U8sM/xDN9n60fgii57F35vNtiUDPISjbJWDQ6wACH4th6A6GMu,2.0027062375793174,5.248327085174533,2.881687649204369
345000,ZpMwnb9dWc2wJ8U8sM/xDN9n60fgii57F35vNtiUDPISjbJWDQ6wACH4th6A6GMu,1.7318665027902578,2.777805560480657,2.273197805590053
345300,ZpMwnb9dWc2wJ8U8sM/xDN9n60fgii57F35vNtiUDPISjbJWDQ6wACH4th6A6GMu,1.8218719419218152,4.960454854524921,2.634976455580977
345600,ZpMwnb9dWc2wJ8U8sM/xDN9n60fgii57F35vNtiUDPISjbJWDQ6wACH4th6A6GMu,1.8056881291061937,7.70674784259495,3.1673201367199963
345900,ZpMwnb9dWc2wJ8U8sM/xDN9n60fgii57F35vNtiUDPISjbJWDQ6wACH4th6A6GMu,7.442308739525058,11.103529722881778,8.397357174472383
346200,ZpMwnb9dWc2wJ8U8sM/xDN9n60fgii57F35vNtiUDPISjbJWDQ6wACH4th6A6GMu,2.1095751297658007,9.925224135961992,3.7639969022476585
346500,ZpMwnb9dWc2wJ8U8sM/xDN9n60fgii57F35vNtiUDPISjbJWDQ6wACH4th6A6GMu,1.7214986987147007,5.532298674622541,3.0128492614973608
346800,ZpMwnb9dWc2wJ8U8sM/xDN9n60fgii57F35vNtiUDPISjbJWDQ6wACH4th6A6GMu,1.879263253971636,6.748222384975684,4.074417921623452
347100,ZpMwnb9dWc2wJ8U8sM/xDN9n60fgii57F35vNtiUDPISjbJWDQ6wACH4th6A6GMu,1.8550087946231864,4.858836756309062,2.516396874951998
347400,ZpMwnb9dWc2wJ8U8sM/xDN9n60fgii57F35vNtiUDPISjbJWDQ6wACH4th6A6GMu,1.6634252621745953,2.7001021696246816,2.168929782707369
347700,ZpMwnb9dWc2wJ8U8sM/xDN9n60fgii57F35vNtiUDPISjbJWDQ6wACH4th6A6GMu,1.6870314746079034,6.484830641277612,2.8963612066706927
348000,ZpMwnb9dWc2wJ8U8sM/xDN9n60fgii57F35vNtiUDPISjbJWDQ6wACH4th6A6GMu,1.765858018800096,2.858738268418445,2.26914461201459
348300,ZpMwnb9dWc2wJ8U8sM/xDN9n60fgii57F35vNtiUDPISjbJWDQ6wACH4th6A6GMu,1.9622489693669851,4.947949138985485,2.4813947386284587
348600,ZpMwnb9dWc2wJ8U8sM/xDN9n60fgii57F35vNtiUDPISjbJWDQ6wACH4th6A6GMu,1.747267991343626,2.8008778732020536,2.2234513905573854
348900,ZpMwnb9dWc2wJ8U8sM/xDN9n60fgii57F35vNtiUDPISjbJWDQ6wACH4th6A6GMu,1.7877678588098695,5.544129953379128,2.590604500867405
349200,ZpMwnb9dWc2wJ8U8sM/xDN9n60fgii57F35vNtiUDPISjbJWDQ6wACH4th6A6GMu,1.8482140020932736,2.6156973659717435,2.202085813385529
349500,ZpMwnb9dWc2wJ8U8sM/xDN9n60fgii57F35vNtiUDPISjbJWDQ6wACH4th6A6GMu,1.9060726635895804,5.066393327406936,2.574556973666467
349800,ZpMwnb9dWc2wJ8U8sM/xDN9n60fgii57F35vNtiUDPISjbJWDQ6wACH4th6A6GMu,1.9241972307146709,2.749567006103288,2.2605010637111764
350100,ZpMwnb9dWc2wJ8U8sM/xDN9n60fgii57F35vNtiUDPISjbJWDQ6wACH4th6A6GMu,1.6893517687154591,5.064084460272086,2.6247758061869333
350400,ZpMwnb9dWc2wJ8U8sM/xDN9n60fgii57F35vNtiUDPISjbJWDQ6wACH4th6A6GMu,1.9598533341088755,6.060187161377541,4.112204107509681
350700,ZpMwnb9dWc2wJ8U8sM/xDN9n60fgii57F35vNtiUDPISjbJWDQ6wACH4th6A6GMu,1.7693978348266215,6.141525437619009,2.8897540330083302
351000,ZpMwnb9dWc2wJ8U8sM/xDN9n60fgii57F35vNtiUDPISjbJWDQ6wACH4th6A6GMu,1.823464903721302,2.901668035384934,2.220665557440478
351300,ZpMwnb9dWc2wJ8U8sM/xDN9n60fgii57F35vNtiUDPISjbJWDQ6wACH4th6A6GMu,1.8459303582548223,6.185237090531338,2.8918737349939607
351600,ZpMwnb9dWc2wJ8U8sM/xDN9n60fgii57F35vNtiUDPISjbJWDQ6wACH4th6A6GMu,1.8980775266733128,2.903883577518541,2.3423150151921446
351900,ZpMwnb9dWc2wJ8U8sM/xDN9n60fgii57F35vNtiUDPISjbJWDQ6wACH4th6A6GMu,1.6641599079419347,5.032640149994941,2.4697710128721906
352200,ZpMwnb9dWc2wJ8U8sM/xDN9n60fgii57F35vNtiUDPISjbJWDQ6wACH4th6A6GMu,1.8340883654253732,2.7966409717976557,2.378329803571382
352500,ZpMwnb9dWc2wJ8U8sM/xDN9n60fgii57F35vNtiUDPISjbJWDQ6wACH4th6A6GMu,1.720120322058248,5.251419094983635,2.5433167789448907
352800,ZpMwnb9dWc2wJ8U8sM/xDN9n60fgii57F35vNtiUDPISjbJWDQ6wACH4th6A6GMu,1.802311772689427,2.7052534905016654,2.2139430543686176
353100,ZpMwnb9dWc2wJ8U8sM/xDN9n60fgii57F35vNtiUDPISjbJWDQ6wACH4th6A6GMu,1.77015720327964,4.668832221205474,2.481609718179764
353400,ZpMwnb9dWc2wJ8U8sM/xDN9n60fgii57F35vNtiUDPISjbJWDQ6wACH4th6A6GMu,1.796646486761106,2.782406686636091,2.282157923579522
353700,ZpMwnb9dWc2wJ8U8sM/xDN9n60fgii57F35vNtiUDPISjbJWDQ6wACH4th6A6GMu,1.660427237962235,4.716110987099056,2.442697428945973
354000,ZpMwnb9dWc2wJ8U8sM/xDN9n60fgii57F35vNtiUDPISjbJWDQ6wACH4th6A6GMu,1.8610800988797145,2.81634587187643,2.21518321479482
354300,ZpMwnb9dWc2wJ8U8sM/xDN9n60fgii57F35vNtiUDPISjbJWDQ6wACH4th6A6GMu,1.86951933870822,6.877513786317758,4.641597303387862
354600,ZpMwnb9dWc2wJ8U8sM/xDN9n60fgii57F35vNtiUDPISjbJWDQ6wACH4th6A6GMu,1.9034435365286992,2.7108798762350523,2.220301649678904
354900,ZpMwnb9dWc2wJ8U8sM/xDN9n60fgii57F35vNtiUDPISjbJWDQ6wACH4th6A6GMu,1.7768991852892797,4.4533174514156135,2.5973731725358182
355200,ZpMwnb9dWc2wJ8U8sM/xDN9n60fgii57F35vNtiUDPISjbJWDQ6wACH4th6A6GMu,1.7858574526152018,5.145177200608924,2.551278274811525
355500,ZpMwnb9dWc2wJ8U8sM/xDN9n60fgii57F35vNtiUDPISjbJWDQ6wACH4th6A6GMu,1.908103618831423,4.851816571312441,2.564402553465397
355800,ZpMwnb9dWc2wJ8U8sM/xDN9n60fgii57F35vNtiUDPISjbJWDQ6wACH4th6A6GMu,1.9087006965037248,2.7432744458730287,2.2219981569660154
356100,ZpMwnb9dWc2wJ8U8sM/xDN9n60fgii57F35vNtiUDPISjbJWDQ6wACH4th6A6GMu,1.9887807402756483,4.718758448445233,2.590726580377096
356400,ZpMwnb9dWc2wJ8U8sM/xDN9n60fgii57F35vNtiUDPISjbJWDQ6wACH4th6A6GMu,1.7784161895153785,2.6113654372311106,2.1834311836764244
356700,ZpMwnb9dWc2wJ8U8sM/xDN9n60fgii57F35vNtiUDPISjbJWDQ6wACH4th6A6GMu,1.7228513829563374,14.253087284559587,3.793143362433814
357000,ZpMwnb9dWc2wJ8U8sM/xDN9n60fgii57F35vNtiUDPISjbJWDQ6wACH4th6A6GMu,1.763145779266335,2.8186925262890914,2.249718615176902
357300,ZpMwnb9dWc2wJ8U8sM/xDN9n60fgii57F35vNtiUDPISjbJWDQ6wACH4th6A6GMu,1.8548636943197117,4.338174743809932,2.421691096511282
357600,ZpMwnb9dWc2wJ8U8sM/xDN9n60fgii57F35vNtiUDPISjbJWDQ6wACH4th6A6GMu,1.7547148774293866,2.8361160282298368,2.1921866381507487
357900,ZpMwnb9dWc2wJ8U8sM/xDN9n60fgii57F35vNtiUDPISjbJWDQ6wACH4th6A6GMu,1.6534065031519107,8.452879763001242,3.778323875798916
358200,ZpMwnb9dWc2wJ8U8sM/xDN9n60fgii57F35vNtiUDPISjbJWDQ6wACH4th6A6GMu,1.9863345745332164,6.071903015178497,5.040890639768314
358500,ZpMwnb9dWc2wJ8U8sM/xDN9n60fgii57F35vNtiUDPISjbJWDQ6wACH4th6A6GMu,1.8346528064371612,5.2400751443404125,2.468504207098287
358800,ZpMwnb9dWc2wJ8U8sM/xDN9n60fgii57F35vNtiUDPISjbJWDQ6wACH4th6A6GMu,1.9631563273303752,4.619528292050532,2.690906905466224
359100,ZpMwnb9dWc2wJ8U8sM/xDN9n60fgii57F35vNtiUDPISjbJWDQ6wACH4th6A6GMu,1.775325909098696,4.7200602805702925,2.417545144096194
359400,ZpMwnb9dWc2wJ8U8sM/xDN9n60fgii57F35vNtiUDPISjbJWDQ6wACH4th6A6GMu,1.7596123348824677,2.9719136685942487,2.2230574913810415
359700,ZpMwnb9dWc2wJ8U8sM/xDN9n60fgii57F35vNtiUDPISjbJWDQ6wACH4th6A6GMu,1.683279449508896,4.893293146242312,2.585722968171308
360000,ZpMwnb9dWc2wJ8U8sM/xDN9n60fgii57F35vNtiUDPISjbJWDQ6wACH4th6A6GMu,1.8022805000559825,2.839570730465511,2.230674463616775
360300,ZpMwnb9dWc2wJ8U8sM/xDN9n60fgii57F35vNtiUDPISjbJWDQ6wACH4th6A6GMu,1.8585650740432584,4.861565176713653,2.4408918790938934
360600,ZpMwnb9dWc2wJ8U8sM/xDN9n60fgii57F35vNtiUDPISjbJWDQ6wACH4th6A6GMu,1.7153862354443925,2.8271316339725585,2.231047577363703
360900,ZpMwnb9dWc2wJ8U8sM/xDN9n60fgii57F35vNtiUDPISjbJWDQ6wACH4th6A6GMu,1.7580819338522495,4.86815799418616,2.4649364927391804
361200,ZpMwnb9dWc2wJ8U8sM/xDN9n60fgii57F35vNtiUDPISjbJWDQ6wACH4th6A6GMu,1.7466654048572063,2.6615834122758795,2.250344320155935
361500,ZpMwnb9dWc2wJ8U8sM/xDN9n60fgii57F35vNtiUDPISjbJWDQ6wACH4th6A6GMu,1.766718801388308,4.797383629147777,2.4707846170031
361800,ZpMwnb9dWc2wJ8U8sM/xDN9n60fgii57F35vNtiUDPISjbJWDQ6wACH4th6A6GMu,1.8962805687762403,5.812151236457826,2.97971777930911
362100,ZpMwnb9dWc2wJ8U8sM/xDN9n60fgii57F35vNtiUDPISjbJWDQ6wACH4th6A6GMu,1.9374541858555376,5.850593756587332,3.733067499144656
362400,ZpMwnb9dWc2wJ8U8sM/xDN9n60fgii57F35vNtiUDPISjbJWDQ6wACH4th6A6GMu,1.8643867882321108,5.483015746958401,2.697831658112159
362700,ZpMwnb9dWc2wJ8U8sM/xDN9n60fgii57F35vNtiUDPISjbJWDQ6wACH4th6A6GMu,1.9022088041225007,4.919467743119486,2.44559429832962
363000,ZpMwnb9dWc2wJ8U8sM/xDN9n60fgii57F35vNtiUDPISjbJWDQ6wACH4th6A6GMu,1.8310686664712077,2.8547981216056604,2.28002023850916
363300,ZpMwnb9dWc2wJ8U8sM/xDN9n60fgii57F35vNtiUDPISjbJWDQ6wACH4th6A6GMu,2.0236035992501904,4.936295550405851,2.631746187209651
363600,ZpMwnb9dWc2wJ8U8sM/xDN9n60fgii57F35vNtiUDPISjbJWDQ6wACH4th6A6GMu,1.7839431617940398,2.792243239509261,2.192243629653602
363900,ZpMwnb9dWc2wJ8U8sM/xDN9n60fgii57F35vNtiUDPISjbJWDQ6wACH4th6A6GMu,1.928113244066879,5.092708962804148,2.598095342885097
364200,ZpMwnb9dWc2wJ8U8sM/xDN9n60fgii57F35vNtiUDPISjbJWDQ6wACH4th6A6GMu,1.8515620648349695,2.8093266752291126,2.3188569859131767
364500,ZpMwnb9dWc2wJ8U8sM/xDN9n60fgii57F35vNtiUDPISjbJWDQ6wACH4th6A6GMu,1.7386150701020042,5.138495511574722,2.489415599234198
364800,ZpMwnb9dWc2wJ8U8sM/xDN9n60fgii57F35vNtiUDPISjbJWDQ6wACH4th6A6GMu,1.9037562791694485,2.85091888036092,2.2396059248151654
365100,ZpMwnb9dWc2wJ8U8sM/xDN9n60fgii57F35vNtiUDPISjbJWDQ6wACH4th6A6GMu,1.82259282426043,5.258470848356876,2.5336110206828835
365400,ZpMwnb9dWc2wJ8U8sM/xDN9n60fgii57F35vNtiUDPISjbJWDQ6wACH4th6A6GMu,1.8018237797637364,3.0182421910801853,2.214259935539257
365700,ZpMwnb9dWc2wJ8U8sM/xDN9n60fgii57F35vNtiUDPISjbJWDQ6wACH4th6A6GMu,1.8579001663841177,6.3448963524083,4.585970916907868
366000,ZpMwnb9dWc2wJ8U8sM/xDN9n60fgii57F35vNtiUDPISjbJWDQ6wACH4th6A6GMu,1.6965809482138208,6.808451729988097,2.7437204214316715
366300,ZpMwnb9dWc2wJ8U8sM/xDN9n60fgii57F35vNtiUDPISjbJWDQ6wACH4th6A6GMu,1.7289712173016731,4.576365791725551,2.4175829801098243
366600,ZpMwnb9dWc2wJ8U8sM/xDN9n60fgii57F35vNtiUDPISjbJWDQ6wACH4th6A6GMu,1.8914428151974771,2.771051672103765,2.2507199685222883
366900,ZpMwnb9dWc2wJ8U8sM/xDN9n60fgii57F35vNtiUDPISjbJWDQ6wACH4th6A6GMu,1.7458681404577971,3.010118124460514,2.348580847754708
367200,ZpMwnb9dWc2wJ8U8sM/xDN9n60fgii57F35vNtiUDPISjbJWDQ6wACH4th6A6GMu,1.88403556042416,4.74046633537012,2.430701381762495
367500,ZpMwnb9dWc2wJ8U8sM/xDN9n60fgii57F35vNtiUDPISjbJWDQ6wACH4th6A6GMu,1.7990090474817264,2.6551013589914527,2.224424193487688
367800,ZpMwnb9dWc2wJ8U8sM/xDN9n60fgii57F35vNtiUDPISjbJWDQ6wACH4th6A6GMu,1.9230839513730855,84.7514926061487,13.297642468587808
368100,ZpMwnb9dWc2wJ8U8sM/xDN9n60fgii57F35vNtiUDPISjbJWDQ6wACH4th6A6GMu,1.955961546602996,36.98844106987646,12.086873452893956
368400,ZpMwnb9dWc2wJ8U8sM/xDN9n60fgii57F35vNtiUDPISjbJWDQ6wACH4th6A6GMu,2.135266392890274,16.008026443900192,4.28510467448259
368700,ZpMwnb9dWc2wJ8U8sM/xDN9n60fgii57F35vNtiUDPISjbJWDQ6wACH4th6A6GMu,7.185046115339338,28.52907009508383,9.969975449232873
369000,ZpMwnb9dWc2wJ8U8sM/xDN9n60fgii57F35vNtiUDPISjbJWDQ6wACH4th6A6GMu,1.8358157453082025,8.407035308885346,3.9857018987852233
369300,ZpMwnb9dWc2wJ8U8sM/xDN9n60fgii57F35vNtiUDPISjbJWDQ6wACH4th6A6GMu,1.6202223104965858,6.332268782090708,2.519219497434233
369600,ZpMwnb9dWc2wJ8U8sM/xDN9n60fgii57F35vNtiUDPISjbJWDQ6wACH4th6A6GMu,5.301452846269619,8.525102639547326,6.062680575954625
369900,ZpMwnb9dWc2wJ8U8sM/xDN9n60fgii57F35vNtiUDPISjbJWDQ6wACH4th6A6GMu,1.7797779409043035,6.407883655239796,3.664996582339216
370200,ZpMwnb9dWc2wJ8U8sM/xDN9n60fgii57F35vNtiUDPISjbJWDQ6wACH4th6A6GMu,1.876560068557375,5.069314797462993,2.519946395008379
370500,ZpMwnb9dWc2wJ8U8sM/xDN9n60fgii57F35vNtiUDPISjbJWDQ6wACH4th6A6GMu,2.1127693826115688,4.725382222872472,2.5749306759897808
370800,ZpMwnb9dWc2wJ8U8sM/xDN9n60fgii57F35vNtiUDPISjbJWDQ6wACH4th6A6GMu,1.9184664050078055,5.005420109239898,2.486577136045383
371100,ZpMwnb9dWc2wJ8U8sM/xDN9n60fgii57F35vNtiUDPISjbJWDQ6wACH4th6A6GMu,1.974018527854019,13.944207870064105,3.832210438536447
371400,ZpMwnb9dWc2wJ8U8sM/xDN9n60fgii57F35vNtiUDPISjbJWDQ6wACH4th6A6GMu,1.9024501422106272,51.32143808853228,9.82153948201642
371700,ZpMwnb9dWc2wJ8U8sM/xDN9n60fgii57F35vNtiUDPISjbJWDQ6wACH4th6A6GMu,1.794149962053205,2.968488490074676,2.2408108487968654
372000,ZpMwnb9dWc2wJ8U8sM/xDN9n60fgii57F35vNtiUDPISjbJWDQ6wACH4th6A6GMu,1.963121075916796,5.040919183138765,2.477070014309535
372300,ZpMwnb9dWc2wJ8U8sM/xDN9n60fgii57F35vNtiUDPISjbJWDQ6wACH4th6A6GMu,1.6890617136323027,2.6300755894847905,2.232156724616026
372600,ZpMwnb9dWc2wJ8U8sM/xDN9n60fgii57F35vNtiUDPISjbJWDQ6wACH4th6A6GMu,1.7775063443914505,9.60473486463917,2.851808659549653
372900,ZpMwnb9dWc2wJ8U8sM/xDN9n60fgii57F35vNtiUDPISjbJWDQ6wACH4th6A6GMu,1.6617759286186704,2.6639779059186326,2.156482587652096
373200,ZpMwnb9dWc2wJ8U8sM/xDN9n60fgii57F35vNtiUDPISjbJWDQ6wACH4th6A6GMu,1.6360193627059831,5.1529849886556125,2.441122257536023
373500,ZpMwnb9dWc2wJ8U8sM/xDN9n60fgii57F35vNtiUDPISjbJWDQ6wACH4th6A6GMu,1.8476202151890504,6.516567831032127,4.237358902370446
373800,ZpMwnb9dWc2wJ8U8sM/xDN9n60fgii57F35vNtiUDPISjbJWDQ6wACH4th6A6GMu,1.5697301740818528,4.982163142585726,2.400544716820072
374100,ZpMwnb9dWc2wJ8U8sM/xDN9n60fgii57F35vNtiUDPISjbJWDQ6wACH4th6A6GMu,1.6683999498082285,2.556714546520075,2.236018905745293
374400,ZpMwnb9dWc2wJ8U8sM/xDN9n60fgii57F35vNtiUDPISjbJWDQ6wACH4th6A6GMu,1.6054912542915627,4.768912749382364,2.3889751137538813
374700,ZpMwnb9dWc2wJ8U8sM/xDN9n60fgii57F35vNtiUDPISjbJWDQ6wACH4th6A6GMu,1.7615808992218678,2.475544805976044,2.140655135363281
375000,ZpMwnb9dWc2wJ8U8sM/xDN9n60fgii57F35vNtiUDPISjbJWDQ6wACH4th6A6GMu,1.8128142691095248,4.979841697125459,2.49823835258397
375300,ZpMwnb9dWc2wJ8U8sM/xDN9n60fgii57F35vNtiUDPISjbJWDQ6wACH4th6A6GMu,1.65044692611265,2.5629963998069334,2.1747361633747837
375600,ZpMwnb9dWc2wJ8U8sM/xDN9n60fgii57F35vNtiUDPISjbJWDQ6wACH4th6A6GMu,1.7746501037169256,4.752929823917821,2.412444299419786
375900,ZpMwnb9dWc2wJ8U8sM/xDN9n60fgii57F35vNtiUDPISjbJWDQ6wACH4th6A6GMu,1.84403726320852,3.2801878455188795,2.3522374183978134
376200,ZpMwnb9dWc2wJ8U8sM/xDN9n60fgii57F35vNtiUDPISjbJWDQ6wACH4th6A6GMu,1.789244442189589,7.59083864461301,2.7424822204962584
376500,ZpMwnb9dWc2wJ8U8sM/xDN9n60fgii57F35vNtiUDPISjbJWDQ6wACH4th6A6GMu,1.8437125523244793,2.4937752108799525,2.16084043686471
376800,ZpMwnb9dWc2wJ8U8sM/xDN9n60fgii57F35vNtiUDPISjbJWDQ6wACH4th6A6GMu,1.7956844965907777,4.6185443695662975,2.5184576252152877
377100,ZpMwnb9dWc2wJ8U8sM/xDN9n60fgii57F35vNtiUDPISjbJWDQ6wACH4th6A6GMu,1.740723692226164,5.69210504558228,2.64791637070412
377400,ZpMwnb9dWc2wJ8U8sM/xDN9n60fgii57F35vNtiUDPISjbJWDQ6wACH4th6A6GMu,1.6026862422251755,6.139979991598668,3.964525114659224
377700,ZpMwnb9dWc2wJ8U8sM/xDN9n60fgii57F35vNtiUDPISjbJWDQ6wACH4th6A6GMu,1.6543656449736934,2.45070814207791,2.2466763339133644
378000,ZpMwnb9dWc2wJ8U8sM/xDN9n60fgii57F35vNtiUDPISjbJWDQ6wACH4th6A6GMu,1.726721663373212,4.2902355608080445,2.4226941058494207
378300,ZpMwnb9dWc2wJ8U8sM/xDN9n60fgii57F35vNtiUDPISjbJWDQ6wACH4th6A6GMu,1.6094640116835892,2.5554946315875986,2.147833184932428
378600,ZpMwnb9dWc2wJ8U8sM/xDN9n60fgii57F35vNtiUDPISjbJWDQ6wACH4th6A6GMu,1.7449088482979074,4.442189105016122,2.492654214668712
378900,ZpMwnb9dWc2wJ8U8sM/xDN9n60fgii57F35vNtiUDPISjbJWDQ6wACH4th6A6GMu,1.6475405190657764,2.4808212265490246,2.1255730443731844
379200,ZpMwnb9dWc2wJ8U8sM/xDN9n60fgii57F35vNtiUDPISjbJWDQ6wACH4th6A6GMu,1.747476182348498,4.924496638348085,2.41321103000112
379500,ZpMwnb9dWc2wJ8U8sM/xDN9n60fgii57F35vNtiUDPISjbJWDQ6wACH4th6A6GMu,1.9028179557195024,2.5198802810298013,2.2384046129757644
379800,ZpMwnb9dWc2wJ8U8sM/xDN9n60fgii57F35vNtiUDPISjbJWDQ6wACH4th6A6GMu,1.7552770020914157,5.3536281840058,2.7891418278760365
380100,ZpMwnb9dWc2wJ8U8sM/xDN9n60fgii57F35vNtiUDPISjbJWDQ6wACH4th6A6GMu,1.7642625202286426,2.657696385506081,2.2167401208692654
380400,ZpMwnb9dWc2wJ8U8sM/xDN9n60fgii57F35vNtiUDPISjbJWDQ6wACH4th6A6GMu,1.6789182399170162,4.932479405235656,2.5010244553756578
380700,ZpMwnb9dWc2wJ8U8sM/xDN9n60fgii57F35vNtiUDPISjbJWDQ6wACH4th6A6GMu,1.8011491156099573,2.6324603386164616,2.1767201140045978
381000,ZpMwnb9dWc2wJ8U8sM/xDN9n60fgii57F35vNtiUDPISjbJWDQ6wACH4th6A6GMu,2.213869793607604,8.535336163801666,4.366851941867805
381300,ZpMwnb9dWc2wJ8U8sM/xDN9n60fgii57F35vNtiUDPISjbJWDQ6wACH4th6A6GMu,1.6452639460886918,2.628205537812463,2.3017703700411385
381600,ZpMwnb9dWc2wJ8U8sM/xDN9n60fgii57F35vNtiUDPISjbJWDQ6wACH4th6A6GMu,1.8835009339580844,5.014023419784151,2.4278613547215877
381900,ZpMwnb9dWc2wJ8U8sM/xDN9n60fgii57F35vNtiUDPISjbJWDQ6wACH4th6A6GMu,1.7421855525611916,2.641930642528985,2.2000380558444586
382200,ZpMwnb9dWc2wJ8U8sM/xDN9n60fgii57F35vNtiUDPISjbJWDQ6wACH4th6A6GMu,1.853166633852586,4.90408959196392,2.5285994774215266
382500,ZpMwnb9dWc2wJ8U8sM/xDN9n60fgii57F35vNtiUDPISjbJWDQ6wACH4th6A6GMu,1.768402953629855,2.6934527232871948,2.1915682586355527
382800,ZpMwnb9dWc2wJ8U8sM/xDN9n60fgii57F35vNtiUDPISjbJWDQ6wACH4th6A6GMu,1.7162372260398633,5.051348258233336,2.441060072002275
383100,ZpMwnb9dWc2wJ8U8sM/xDN9n60fgii57F35vNtiUDPISjbJWDQ6wACH4th6A6GMu,1.8926335773813767,3.2250613590255175,2.4289503714106853
383400,ZpMwnb9dWc2wJ8U8sM/xDN9n60fgii57F35vNtiUDPISjbJWDQ6wACH4th6A6GMu,1.7760967852648186,6.014065090885467,2.7733716916329394
383700,ZpMwnb9dWc2wJ8U8sM/xDN9n60fgii57F35vNtiUDPISjbJWDQ6wACH4th6A6GMu,1.8167874660957375,2.625318568665369,2.179173375172979
384000,ZpMwnb9dWc2wJ8U8sM/xDN9n60fgii57F35vNtiUDPISjbJWDQ6wACH4th6A6GMu,1.7877021747052848,5.223514317869785,2.499505512234
384300,ZpMwnb9dWc2wJ8U8sM/xDN9n60fgii57F35vNtiUDPISjbJWDQ6wACH4th6A6GMu,1.7863327375524036,2.663466679061319,2.165268082690293
384600,ZpMwnb9dWc2wJ8U8sM/xDN9n60fgii57F35vNtiUDPISjbJWDQ6wACH4th6A6GMu,1.8680667665236217,8.94713330036394,3.257837370526845
384900,ZpMwnb9dWc2wJ8U8sM/xDN9n60fgii57F35vNtiUDPISjbJWDQ6wACH4th6A6GMu,1.855363172839484,6.315630682442288,3.961766912527632
385200,ZpMwnb9dWc2wJ8U8sM/xDN9n60fgii57F35vNtiUDPISjbJWDQ6wACH4th6A6GMu,1.7299548991431213,4.795732503902725,2.4107650958300124
385500,ZpMwnb9dWc2wJ8U8sM/xDN9n60fgii57F35vNtiUDPISjbJWDQ6wACH4th6A6GMu,1.9619554508218988,2.459241365861345,2.1881405132231775
385800,ZpMwnb9dWc2wJ8U8sM/xDN9n60fgii57F35vNtiUDPISjbJWDQ6wACH4th6A6GMu,1.7618004686215414,5.418767901376979,2.513417920291587
386100,ZpMwnb9dWc2wJ8U8sM/xDN9n60fgii57F35vNtiUDPISjbJWDQ6wACH4th6A6GMu,1.820501011360028,2.742697889996136,2.1934274589786567
386400,ZpMwnb9dWc2wJ8U8sM/xDN9n60fgii57F35vNtiUDPISjbJWDQ6wACH4th6A6GMu,1.7932205450299277,4.689945280523482,2.41721866606562
386700,ZpMwnb9dWc2wJ8U8sM/xDN9n60fgii57F35vNtiUDPISjbJWDQ6wACH4th6A6GMu,1.672646456220276,2.747786052333104,2.293318853981604
387000,ZpMwnb9dWc2wJ8U8sM/xDN9n60fgii57F35vNtiUDPISjbJWDQ6wACH4th6A6GMu,1.6343170670555296,5.683603542160582,2.7473908261361397
387300,ZpMwnb9dWc2wJ8U8sM/xDN9n60fgii57F35vNtiUDPISjbJWDQ6wACH4th6A6GMu,1.6303511522053515,2.6436057163627105,2.2334335357315798
387600,ZpMwnb9dWc2wJ8U8sM/xDN9n60fgii57F35vNtiUDPISjbJWDQ6wACH4th6A6GMu,1.7794229182087942,4.835977814204722,2.4819638131853927
387900,ZpMwnb9dWc2wJ8U8sM/xDN9n60fgii57F35vNtiUDPISjbJWDQ6wACH4th6A6GMu,1.6397643004894749,3.026290310065058,2.2351496985585184
388200,ZpMwnb9dWc2wJ8U8sM/xDN9n60fgii57F35vNtiUDPISjbJWDQ6wACH4th6A6GMu,1.9157191692437263,2.685084431045514,2.2268029433388152
388500,ZpMwnb9dWc2wJ8U8sM/xDN9n60fgii57F35vNtiUDPISjbJWDQ6wACH4th6A6GMu,1.9879801438047595,6.462719576329293,4.621110850732201
388800,ZpMwnb9dWc2wJ8U8sM/xDN9n60fgii57F35vNtiUDPISjbJWDQ6wACH4th6A6GMu,1.605168351410308,3.348733455573572,2.203930059150316
389100,ZpMwnb9dWc2wJ8U8sM/xDN9n60fgii57F35vNtiUDPISjbJWDQ6wACH4th6A6GMu,1.622740200161001,5.115181967007419,2.4487751094790053
389400,ZpMwnb9dWc2wJ8U8sM/xDN9n60fgii57F35vNtiUDPISjbJWDQ6wACH4th6A6GMu,1.60673448031747,2.611883849335336,2.205740179796112
389700,ZpMwnb9dWc2wJ8U8sM/xDN9n60fgii57F35vNtiUDPISjbJWDQ6wACH4th6A6GMu,1.6473631314018264,5.333909063752208,2.5098432681025824
390000,ZpMwnb9dWc2wJ8U8sM/xDN9n60fgii57F35vNtiUDPISjbJWDQ6wACH4th6A6GMu,1.744548463056802,2.45989578288452,2.129166431499388
390300,ZpMwnb9dWc2wJ8U8sM/xDN9n60fgii57F35vNtiUDPISjbJWDQ6wACH4th6A6GMu,1.7573861746225523,5.317450611232673,2.598192915668208
390600,ZpMwnb9dWc2wJ8U8sM/xDN9n60fgii57F35vNtiUDPISjbJWDQ6wACH4th6A6GMu,1.765647080350496,5.614521692473655,2.53296016325072
390900,ZpMwnb9dWc2wJ8U8sM/xDN9n60fgii57F35vNtiUDPISjbJWDQ6wACH4th6A6GMu,1.608942270753791,4.009612729202193,2.2945280731945643
391200,ZpMwnb9dWc2wJ8U8sM/xDN9n60fgii57F35vNtiUDPISjbJWDQ6wACH4th6A6GMu,1.9328012338569496,2.5795943925419933,2.2835634514523417
391500,ZpMwnb9dWc2wJ8U8sM/xDN9n60fgii57F35vNtiUDPISjbJWDQ6wACH4th6A6GMu,1.8803126671021135,5.337000322484891,2.482145564880865
391800,ZpMwnb9dWc2wJ8U8sM/xDN9n60fgii57F35vNtiUDPISjbJWDQ6wACH4th6A6GMu,1.863033128149908,2.4086264968672597,2.2083781896812646
392100,ZpMwnb9dWc2wJ8U8sM/xDN9n60fgii57F35vNtiUDPISjbJWDQ6wACH4th6A6GMu,1.6862958775752497,5.25562390814174,2.5781524319390985
392400,ZpMwnb9dWc2wJ8U8sM/xDN9n60fgii57F35vNtiUDPISjbJWDQ6wACH4th6A6GMu,2.0263412875577504,6.0740293980877285,4.100649534752884
392700,ZpMwnb9dWc2wJ8U8sM/xDN9n60fgii57F35vNtiUDPISjbJWDQ6wACH4th6A6GMu,1.965121243865564,4.968655542888902,2.4579419306391603
393000,ZpMwnb9dWc2wJ8U8sM/xDN9n60fgii57F35vNtiUDPISjbJWDQ6wACH4th6A6GMu,1.8081572939712187,2.74497905600027,2.257333731234327
393300,ZpMwnb9dWc2wJ8U8sM/xDN9n60fgii57F35vNtiUDPISjbJWDQ6wACH4th6A6GMu,1.7352214839539368,4.487635281382527,2.4490462558442343
393600,ZpMwnb9dWc2wJ8U8sM/xDN9n60fgii57F35vNtiUDPISjbJWDQ6wACH4th6A6GMu,1.7250759529491704,2.419115321017744,2.168644140628885
393900,ZpMwnb9dWc2wJ8U8sM/xDN9n60fgii57F35vNtiUDPISjbJWDQ6wACH4th6A6GMu,2.1056109579511606,4.945291578738795,3.316324568919665
394200,ZpMwnb9dWc2wJ8U8sM/xDN9n60fgii57F35vNtiUDPISjbJWDQ6wACH4th6A6GMu,1.835831846715553,3.707459790733035,2.627083394244438
394500,ZpMwnb9dWc2wJ8U8sM/xDN9n60fgii57F35vNtiUDPISjbJWDQ6wACH4th6A6GMu,1.6842982749025868,4.881639178274802,2.6742187741845607
394800,ZpMwnb9dWc2wJ8U8sM/xDN9n60fgii57F35vNtiUDPISjbJWDQ6wACH4th6A6GMu,1.7302178685092482,2.633404636720696,2.269565998025357
395100,ZpMwnb9dWc2wJ8U8sM/xDN9n60fgii57F35vNtiUDPISjbJWDQ6wACH4th6A6GMu,1.8414028854445037,4.650952680053203,2.4518413763630025
395400,ZpMwnb9dWc2wJ8U8sM/xDN9n60fgii57F35vNtiUDPISjbJWDQ6wACH4th6A6GMu,1.68373813802434,2.550698002385225,2.2334991320911475
395700,ZpMwnb9dWc2wJ8U8sM/xDN9n60fgii57F35vNtiUDPISjbJWDQ6wACH4th6A6GMu,1.993101588104621,4.733779766815789,2.55978456142041
396000,ZpMwnb9dWc2wJ8U8sM/xDN9n60fgii57F35vNtiUDPISjbJWDQ6wACH4th6A6GMu,1.9778589956418569,6.438745658354208,3.9653776315369695
396300,ZpMwnb9dWc2wJ8U8sM/xDN9n60fgii57F35vNtiUDPISjbJWDQ6wACH4th6A6GMu,1.706450001271166,4.436312614549389,2.6147319611418487
396600,ZpMwnb9dWc2wJ8U8sM/xDN9n60fgii57F35vNtiUDPISjbJWDQ6wACH4th6A6GMu,1.8407560803711007,2.641405502281641,2.2781286351768792
396900,ZpMwnb9dWc2wJ8U8sM/xDN9n60fgii57F35vNtiUDPISjbJWDQ6wACH4th6A6GMu,1.753161017913093,4.666093063695145,2.489565343222719
397200,ZpMwnb9dWc2wJ8U8sM/xDN9n60fgii57F35vNtiUDPISjbJWDQ6wACH4th6A6GMu,1.7178735307963822,2.6871098235158617,2.206079745300018
397500,ZpMwnb9dWc2wJ8U8sM/xDN9n60fgii57F35vNtiUDPISjbJWDQ6wACH4th6A6GMu,1.7078208349939894,4.403771887938124,2.7620473093379783
397800,ZpMwnb9dWc2wJ8U8sM/xDN9n60fgii57F35vNtiUDPISjbJWDQ6wACH4th6A6GMu,2.7645990689622253,8.503794465137997,7.249069265253754
398100,ZpMwnb9dWc2wJ8U8sM/xDN9n60fgii57F35vNtiUDPISjbJWDQ6wACH4th6A6GMu,1.7810189962928251,9.789230841708434,5.894586601982391
398400,ZpMwnb9dWc2wJ8U8sM/xDN9n60fgii57F35vNtiUDPISjbJWDQ6wACH4th6A6GMu,1.8071989739228385,2.66850274070756,2.309544866642281
398700,ZpMwnb9dWc2wJ8U8sM/xDN9n60fgii57F35vNtiUDPISjbJWDQ6wACH4th6A6GMu,1.8118607163452247,5.0010194221073405,2.4485212842795607
399000,ZpMwnb9dWc2wJ8U8sM/xDN9n60fgii57F35vNtiUDPISjbJWDQ6wACH4th6A6GMu,1.6140898747034187,2.5275355971782107,2.2520337609733767
399300,ZpMwnb9dWc2wJ8U8sM/xDN9n60fgii57F35vNtiUDPISjbJWDQ6wACH4th6A6GMu,1.8674129667684607,5.079242563459156,2.6374314001970145
399600,ZpMwnb9dWc2wJ8U8sM/xDN9n60fgii57F35vNtiUDPISjbJWDQ6wACH4th6A6GMu,1.5803470779166249,2.640664292104255,2.16008826873926
399900,ZpMwnb9dWc2wJ8U8sM/xDN9n60fgii57F35vNtiUDPISjbJWDQ6wACH4th6A6GMu,1.7802729689095371,8.367382742922345,4.389596632991967
400200,ZpMwnb9dWc2wJ8U8sM/xDN9n60fgii57F35vNtiUDPISjbJWDQ6wACH4th6A6GMu,1.7596750280563735,39.667860963396656,10.91929933695185
400500,ZpMwnb9dWc2wJ8U8sM/xDN9n60fgii57F35vNtiUDPISjbJWDQ6wACH4th6A6GMu,1.8437213513915436,5.230766491559532,2.5200906030485006
400800,ZpMwnb9dWc2wJ8U8sM/xDN9n60fgii57F35vNtiUDPISjbJWDQ6wACH4th6A6GMu,1.819107900852266,2.87679797015776,2.243261846876857
401100,ZpMwnb9dWc2wJ8U8sM/xDN9n60fgii57F35vNtiUDPISjbJWDQ6wACH4th6A6GMu,1.736252416376293,5.151956451936102,2.5615090832209284
401400,ZpMwnb9dWc2wJ8U8sM/xDN9n60fgii57F35vNtiUDPISjbJWDQ6wACH4th6A6GMu,1.7325173141773096,2.648526628777629,2.1782890277041216
401700,ZpMwnb9dWc2wJ8U8sM/xDN9n60fgii57F35vNtiUDPISjbJWDQ6wACH4th6A6GMu,1.702669881306298,6.811890433162828,2.8983362516884985
402000,ZpMwnb9dWc2wJ8U8sM/xDN9n60fgii57F35vNtiUDPISjbJWDQ6wACH4th6A6GMu,1.725808077126164,2.8481074948103013,2.3278299007010776
402300,ZpMwnb9dWc2wJ8U8sM/xDN9n60fgii57F35vNtiUDPISjbJWDQ6wACH4th6A6GMu,1.6823760792059197,4.664590228542159,2.431234149460938
402600,ZpMwnb9dWc2wJ8U8sM/xDN9n60fgii57F35vNtiUDPISjbJWDQ6wACH4th6A6GMu,1.696968955910515,2.561292637974681,2.2138127093635944
402900,ZpMwnb9dWc2wJ8U8sM/xDN9n60fgii57F35vNtiUDPISjbJWDQ6wACH4th6A6GMu,1.8431101507999503,4.933974448218105,2.5824120443329805
403200,ZpMwnb9dWc2wJ8U8sM/xDN9n60fgii57F35vNtiUDPISjbJWDQ6wACH4th6A6GMu,1.6772945923588047,2.681227889294911,2.18256784957119
403500,ZpMwnb9dWc2wJ8U8sM/xDN9n60fgii57F35vNtiUDPISjbJWDQ6wACH4th6A6GMu,1.856512923056404,5.9674938853560215,4.084209182426251
403800,ZpMwnb9dWc2wJ8U8sM/xDN9n60fgii57F35vNtiUDPISjbJWDQ6wACH4th6A6GMu,1.6226706854250317,6.14063416349581,3.151287172948671
404100,ZpMwnb9dWc2wJ8U8sM/xDN9n60fgii57F35vNtiUDPISjbJWDQ6wACH4th6A6GMu,1.6468437561574552,4.807194996491574,2.4301871000038697
404400,ZpMwnb9dWc2wJ8U8sM/xDN9n60fgii57F35vNtiUDPISjbJWDQ6wACH4th6A6GMu,1.7014388215338063,14.945272561738216,3.733665523548916
404700,ZpMwnb9dWc2wJ8U8sM/xDN9n60fgii57F35vNtiUDPISjbJWDQ6wACH4th6A6GMu,1.8395686660061357,4.8555359128417885,2.628296877531559
405000,ZpMwnb9dWc2wJ8U8sM/xDN9n60fgii57F35vNtiUDPISjbJWDQ6wACH4th6A6GMu,1.797635459996326,2.465481312454894,2.1753371456198907
405300,ZpMwnb9dWc2wJ8U8sM/xDN9n60fgii57F35vNtiUDPISjbJWDQ6wACH4th6A6GMu,1.7506569196524653,3.797904105110157,2.635559984193482
405600,ZpMwnb9dWc2wJ8U8sM/xDN9n60fgii57F35vNtiUDPISjbJWDQ6wACH4th6A6GMu,1.7827082591705925,2.814346443589151,2.3049344158350205
405900,ZpMwnb9dWc2wJ8U8sM/xDN9n60fgii57F35vNtiUDPISjbJWDQ6wACH4th6A6GMu,1.71357487048491,6.114367210958113,2.608395056701465
406200,ZpMwnb9dWc2wJ8U8sM/xDN9n60fgii57F35vNtiUDPISjbJWDQ6wACH4th6A6GMu,1.8158401413026264,3.039980344393515,2.2953866125557894
406500,ZpMwnb9dWc2wJ8U8sM/xDN9n60fgii57F35vNtiUDPISjbJWDQ6wACH4th6A6GMu,1.8667761576410649,4.461331607222936,2.5496824030773046
406800,ZpMwnb9dWc2wJ8U8sM/xDN9n60fgii57F35vNtiUDPISjbJWDQ6wACH4th6A6GMu,1.807788930428855,2.55257438370978,2.165787631753703
407100,ZpMwnb9dWc2wJ8U8sM/xDN9n60fgii57F35vNtiUDPISjbJWDQ6wACH4th6A6GMu,1.90265992582332,4.432295723412231,2.4432757511770844
407400,ZpMwnb9dWc2wJ8U8sM/xDN9n60fgii57F35vNtiUDPISjbJWDQ6wACH4th6A6GMu,1.8262443532436712,6.386674534621164,4.451055206895733
407700,ZpMwnb9dWc2wJ8U8sM/xDN9n60fgii57F35vNtiUDPISjbJWDQ6wACH4th6A6GMu,1.7200979463848909,4.920096825692071,2.476728082093298
408000,ZpMwnb9dWc2wJ8U8sM/xDN9n60fgii57F35vNtiUDPISjbJWDQ6wACH4th6A6GMu,1.6925310403967335,2.5818226855399016,2.2008033612315376
408300,ZpMwnb9dWc2wJ8U8sM/xDN9n60fgii57F35vNtiUDPISjbJWDQ6wACH4th6A6GMu,1.6981376249139664,4.940830373450492,2.5735796451748727
408600,ZpMwnb9dWc2wJ8U8sM/xDN9n60fgii57F35vNtiUDPISjbJWDQ6wACH4th6A6GMu,1.664016477784628,2.5427579819237653,2.1504693989986032
408900,ZpMwnb9dWc2wJ8U8sM/xDN9n60fgii57F35vNtiUDPISjbJWDQ6wACH4th6A6GMu,1.81875071366596,5.594559711926797,2.7591299636871818
409200,ZpMwnb9dWc2wJ8U8sM/xDN9n60fgii57F35vNtiUDPISjbJWDQ6wACH4th6A6GMu,1.9404478730841093,2.550131062097197,2.2581733281184326
409500,ZpMwnb9dWc2wJ8U8sM/xDN9n60fgii57F35vNtiUDPISjbJWDQ6wACH4th6A6GMu,1.8981665596409425,4.72092190107465,2.441901817809049
409800,ZpMwnb9dWc2wJ8U8sM/xDN9n60fgii57F35vNtiUDPISjbJWDQ6wACH4th6A6GMu,1.8402607884917423,2.518997592453281,2.197578180138476
410100,ZpMwnb9dWc2wJ8U8sM/xDN9n60fgii57F35vNtiUDPISjbJWDQ6wACH4th6A6GMu,1.9974401063474372,4.747531604357635,2.501469997042727
410400,ZpMwnb9dWc2wJ8U8sM/xDN9n60fgii57F35vNtiUDPISjbJWDQ6wACH4th6A6GMu,1.898964037797081,2.6713300713016603,2.2241753360289978
410700,ZpMwnb9dWc2wJ8U8sM/xDN9n60fgii57F35vNtiUDPISjbJWDQ6wACH4th6A6GMu,1.7077208570565054,4.725251460033921,2.414569081233053
411000,ZpMwnb9dWc2wJ8U8sM/xDN9n60fgii57F35vNtiUDPISjbJWDQ6wACH4th6A6GMu,1.710820119851667,6.59164434836114,2.94389553767638
411300,ZpMwnb9dWc2wJ8U8sM/xDN9n60fgii57F35vNtiUDPISjbJWDQ6wACH4th6A6GMu,2.002994163981392,5.868515862234895,3.995151146111693
411600,ZpMwnb9dWc2wJ8U8sM/xDN9n60fgii57F35vNtiUDPISjbJWDQ6wACH4th6A6GMu,1.7502132368705725,2.8065520850891104,2.3338261823557294
411900,ZpMwnb9dWc2wJ8U8sM/xDN9n60fgii57F35vNtiUDPISjbJWDQ6wACH4th6A6GMu,1.8361625391447112,4.648695409614152,2.6118518212093598
412200,ZpMwnb9dWc2wJ8U8sM/xDN9n60fgii57F35vNtiUDPISjbJWDQ6wACH4th6A6GMu,1.6725220350533976,3.468446392971845,2.404031472494506
412500,ZpMwnb9dWc2wJ8U8sM/xDN9n60fgii57F35vNtiUDPISjbJWDQ6wACH4th6A6GMu,1.791553870223811,5.00203741391719,2.7986739914164227
412800,ZpMwnb9dWc2wJ8U8sM/xDN9n60fgii57F35vNtiUDPISjbJWDQ6wACH4th6A6GMu,1.845318142120176,3.2124962765794804,2.3238832360488644
413100,ZpMwnb9dWc2wJ8U8sM/xDN9n60fgii57F35vNtiUDPISjbJWDQ6wACH4th6A6GMu,1.6869744345292927,4.6521924309721765,2.445287481528544
413400,ZpMwnb9dWc2wJ8U8sM/xDN9n60fgii57F35vNtiUDPISjbJWDQ6wACH4th6A6GMu,1.841975324083859,2.8620980516469205,2.2601720156500407
413700,ZpMwnb9dWc2wJ8U8sM/xDN9n60fgii57F35vNtiUDPISjbJWDQ6wACH4th6A6GMu,1.8502474124659407,4.80213736712872,2.5644783661439208
414000,ZpMwnb9dWc2wJ8U8sM/xDN9n60fgii57F35vNtiUDPISjbJWDQ6wACH4th6A6GMu,1.7305361258602745,2.6156402812891706,2.193973376003866
414300,ZpMwnb9dWc2wJ8U8sM/xDN9n60fgii57F35vNtiUDPISjbJWDQ6wACH4th6A6GMu,1.8068566881673216,4.337230596386515,2.4085077057127955
414600,ZpMwnb9dWc2wJ8U8sM/xDN9n60fgii57F35vNtiUDPISjbJWDQ6wACH4th6A6GMu,1.7288238057923466,3.1180742910672965,2.3004832425814743
414900,ZpMwnb9dWc2wJ8U8sM/xDN9n60fgii57F35vNtiUDPISjbJWDQ6wACH4th6A6GMu,1.877380683464713,7.87099338704522,4.406878766049763
415200,ZpMwnb9dWc2wJ8U8sM/xDN9n60fgii57F35vNtiUDPISjbJWDQ6wACH4th6A6GMu,1.662631141479981,2.8424115622424924,2.196194146390932
415500,ZpMwnb9dWc2wJ8U8sM/xDN9n60fgii57F35vNtiUDPISjbJWDQ6wACH4th6A6GMu,1.8527036404140995,4.622157602736452,2.475687227369028
415800,ZpMwnb9dWc2wJ8U8sM/xDN9n60fgii57F35vNtiUDPISjbJWDQ6wACH4th6A6GMu,1.7150664098387474,2.67971497369756,2.1919580278076576
416100,ZpMwnb9dWc2wJ8U8sM/xDN9n60fgii57F35vNtiUDPISjbJWDQ6wACH4th6A6GMu,1.6627002309741634,4.874724422748481,2.760375586209506
416400,ZpMwnb9dWc2wJ8U8sM/xDN9n60fgii57F35vNtiUDPISjbJWDQ6wACH4th6A6GMu,1.711281292537642,3.043789046010992,2.276343513640092
416700,ZpMwnb9dWc2wJ8U8sM/xDN9n60fgii57F35vNtiUDPISjbJWDQ6wACH4th6A6GMu,1.6654558603528546,3.70998254609517,2.4675713488996287
417000,ZpMwnb9dWc2wJ8U8sM/xDN9n60fgii57F35vNtiUDPISjbJWDQ6wACH4th6A6GMu,1.6496407096957637,2.787602844826572,2.2116137936961
417300,ZpMwnb9dWc2wJ8U8sM/xDN9n60fgii57F35vNtiUDPISjbJWDQ6wACH4th6A6GMu,1.7559185810370497,5.378716615425124,2.511496747188999
417600,ZpMwnb9dWc2wJ8U8sM/xDN9n60fgii57F35vNtiUDPISjbJWDQ6wACH4th6A6GMu,1.6620166258756026,2.736615952006892,2.2101848995827136
417900,ZpMwnb9dWc2wJ8U8sM/xDN9n60fgii57F35vNtiUDPISjbJWDQ6wACH4th6A6GMu,1.6510064723017153,5.314323367314594,2.427395808799313
418200,ZpMwnb9dWc2wJ8U8sM/xDN9n60fgii57F35vNtiUDPISjbJWDQ6wACH4th6A6GMu,1.860770731854948,2.956645760828228,2.2501865770712133
418500,ZpMwnb9dWc2wJ8U8sM/xDN9n60fgii57F35vNtiUDPISjbJWDQ6wACH4th6A6GMu,1.7893826770979426,6.0388330886489126,2.9050121322675206
418800,ZpMwnb9dWc2wJ8U8sM/xDN9n60fgii57F35vNtiUDPISjbJWDQ6wACH4th6A6GMu,1.6288109808241522,6.096062517587552,3.735977501651421
419100,ZpMwnb9dWc2wJ8U8sM/xDN9n60fgii57F35vNtiUDPISjbJWDQ6wACH4th6A6GMu,1.7227565566221976,5.605358832504288,2.698921578650104
419400,ZpMwnb9dWc2wJ8U8sM/xDN9n60fgii57F35vNtiUDPISjbJWDQ6wACH4th6A6GMu,1.6686269231500008,2.99116154353106,2.226029558734118
419700,ZpMwnb9dWc2wJ8U8sM/xDN9n60fgii57F35vNtiUDPISjbJWDQ6wACH4th6A6GMu,1.668296718306396,5.614097627421783,2.791901837785977
420000,ZpMwnb9dWc2wJ8U8sM/xDN9n60fgii57F35vNtiUDPISjbJWDQ6wACH4th6A6GMu,1.847268947239423,3.2599355747891825,2.2878786142032284
420300,ZpMwnb9dWc2wJ8U8sM/xDN9n60fgii57F35vNtiUDPISjbJWDQ6wACH4th6A6GMu,1.7466788907948485,5.309006571589239,2.473106863085345
420600,ZpMwnb9dWc2wJ8U8sM/xDN9n60fgii57F35vNtiUDPISjbJWDQ6wACH4th6A6GMu,1.736768689148001,2.8340851417370385,2.2010308722229643
420900,ZpMwnb9dWc2wJ8U8sM/xDN9n60fgii57F35vNtiUDPISjbJWDQ6wACH4th6A6GMu,1.7656579044741454,5.084539804071094,2.6932745842158474
421200,ZpMwnb9dWc2wJ8U8sM/xDN9n60fgii57F35vNtiUDPISjbJWDQ6wACH4th6A6GMu,1.8481488073463093,2.62171398045771,2.227871070547494
421500,ZpMwnb9dWc2wJ8U8sM/xDN9n60fgii57F35vNtiUDPISjbJWDQ6wACH4th6A6GMu,1.7409807272876163,4.265473840726232,2.4134585054481064
421800,ZpMwnb9dWc2wJ8U8sM/xDN9n60fgii57F35vNtiUDPISjbJWDQ6wACH4th6A6GMu,1.9249706250974703,3.293038398171213,2.3113250519292934
422100,ZpMwnb9dWc2wJ8U8sM/xDN9n60fgii57F35vNtiUDPISjbJWDQ6wACH4th6A6GMu,1.644792209236957,4.8920083917490125,2.436351150853685
422400,ZpMwnb9dWc2wJ8U8sM/xDN9n60fgii57F35vNtiUDPISjbJWDQ6wACH4th6A6GMu,2.0590079486652666,5.861254467953025,4.185504242851333
422700,ZpMwnb9dWc2wJ8U8sM/xDN9n60fgii57F35vNtiUDPISjbJWDQ6wACH4th6A6GMu,1.9118665872065743,4.621259787689288,2.499590756039169
423000,ZpMwnb9dWc2wJ8U8sM/xDN9n60fgii57F35vNtiUDPISjbJWDQ6wACH4th6A6GMu,1.860423324905208,2.8671555909700883,2.226360736375137
423300,ZpMwnb9dWc2wJ8U8sM/xDN9n60fgii57F35vNtiUDPISjbJWDQ6wACH4th6A6GMu,1.7448666591999715,3.8807520771929074,2.518084537599444
423600,ZpMwnb9dWc2wJ8U8sM/xDN9n60fgii57F35vNtiUDPISjbJWDQ6wACH4th6A6GMu,1.8680226417470127,2.9394679500238614,2.233565754519952
423900,ZpMwnb9dWc2wJ8U8sM/xDN9n60fgii57F35vNtiUDPISjbJWDQ6wACH4th6A6GMu,1.8166256779637184,4.6393147225658415,2.4173050853625946
424200,ZpMwnb9dWc2wJ8U8sM/xDN9n60fgii57F35vNtiUDPISjbJWDQ6wACH4th6A6GMu,1.6686562832141774,2.640299248779664,2.1750781909350154
424500,ZpMwnb9dWc2wJ8U8sM/xDN9n60fgii57F35vNtiUDPISjbJWDQ6wACH4th6A6GMu,1.8041968009264373,4.999672406891785,2.5562863393503257
424800,ZpMwnb9dWc2wJ8U8sM/xDN9n60fgii57F35vNtiUDPISjbJWDQ6wACH4th6A6GMu,1.7937769518272155,2.711346707172668,2.1977789609905907
425100,ZpMwnb9dWc2wJ8U8sM/xDN9n60fgii57F35vNtiUDPISjbJWDQ6wACH4th6A6GMu,1.8346416482700565,4.6285318306173115,2.4287641349929365
425400,ZpMwnb9dWc2wJ8U8sM/xDN9n60fgii57F35vNtiUDPISjbJWDQ6wACH4th6A6GMu,1.7816035485293675,3.220128508602114,2.306603823921913
425700,ZpMwnb9dWc2wJ8U8sM/xDN9n60fgii57F35vNtiUDPISjbJWDQ6wACH4th6A6GMu,1.839722247677542,4.798867353652117,2.472647348846116
426000,ZpMwnb9dWc2wJ8U8sM/xDN9n60fgii57F35vNtiUDPISjbJWDQ6wACH4th6A6GMu,1.6415865823693607,4.95979728864882,2.3965597439975643
426300,ZpMwnb9dWc2wJ8U8sM/xDN9n60fgii57F35vNtiUDPISjbJWDQ6wACH4th6A6GMu,1.9589154544567071,6.128829375954199,4.424912424668752
426600,ZpMwnb9dWc2wJ8U8sM/xDN9n60fgii57F35vNtiUDPISjbJWDQ6wACH4th6A6GMu,1.7405305076479198,2.7578240046021625,2.265505295575789
426900,ZpMwnb9dWc2wJ8U8sM/xDN9n60fgii57F35vNtiUDPISjbJWDQ6wACH4th6A6GMu,1.78819160822993,8.632454317918777,4.583369564351172
427200,ZpMwnb9dWc2wJ8U8sM/xDN9n60fgii57F35vNtiUDPISjbJWDQ6wACH4th6A6GMu,3.176770703777043,7.953486162212527,7.203148365546988
427500,ZpMwnb9dWc2wJ8U8sM/xDN9n60fgii57F35vNtiUDPISjbJWDQ6wACH4th6A6GMu,1.847271341426395,3.688264879761536,2.4660832138318307
427800,ZpMwnb9dWc2wJ8U8sM/xDN9n60fgii57F35vNtiUDPISjbJWDQ6wACH4th6A6GMu,1.9445540118448312,2.95922346840588,2.318955763860963
428100,ZpMwnb9dWc2wJ8U8sM/xDN9n60fgii57F35vNtiUDPISjbJWDQ6wACH4th6A6GMu,1.919102023006213,4.935430426816369,2.5938241344848034
428400,ZpMwnb9dWc2wJ8U8sM/xDN9n60fgii57F35vNtiUDPISjbJWDQ6wACH4th6A6GMu,1.734879823886999,2.569504006745253,2.1826732971121103
428700,ZpMwnb9dWc2wJ8U8sM/xDN9n60fgii57F35vNtiUDPISjbJWDQ6wACH4th6A6GMu,1.5849420079604375,5.097369513596348,2.493477034104661
429000,ZpMwnb9dWc2wJ8U8sM/xDN9n60fgii57F35vNtiUDPISjbJWDQ6wACH4th6A6GMu,1.8214002499611612,18.240525704543224,3.9481811039551302
429300,ZpMwnb9dWc2wJ8U8sM/xDN9n60fgii57F35vNtiUDPISjbJWDQ6wACH4th6A6GMu,1.7972954682969495,5.147644279893485,2.4514741202059445
429600,ZpMwnb9dWc2wJ8U8sM/xDN9n60fgii57F35vNtiUDPISjbJWDQ6wACH4th6A6GMu,1.615537160168612,2.863845567565479,2.3900873551160977
429900,ZpMwnb9dWc2wJ8U8sM/xDN9n60fgii57F35vNtiUDPISjbJWDQ6wACH4th6A6GMu,1.9846426663097536,9.026676767288034,4.39534517034682
430200,ZpMwnb9dWc2wJ8U8sM/xDN9n60fgii57F35vNtiUDPISjbJWDQ6wACH4th6A6GMu,1.5713626893886052,6.903930995014788,2.720320552614348
430500,ZpMwnb9dWc2wJ8U8sM/xDN9n60fgii57F35vNtiUDPISjbJWDQ6wACH4th6A6GMu,1.7885214396657594,5.465980685968356,2.759595854642815
430800,ZpMwnb9dWc2wJ8U8sM/xDN9n60fgii57F35vNtiUDPISjbJWDQ6wACH4th6A6GMu,1.7931998525756832,2.9941475566558915,2.286649427138241
431100,ZpMwnb9dWc2wJ8U8sM/xDN9n60fgii57F35vNtiUDPISjbJWDQ6wACH4th6A6GMu,1.592201909752192,5.227999518403256,2.4384064447770646
431400,ZpMwnb9dWc2wJ8U8sM/xDN9n60fgii57F35vNtiUDPISjbJWDQ6wACH4th6A6GMu,1.7007955283919407,2.9416267052711293,2.2146977522812694
431700,ZpMwnb9dWc2wJ8U8sM/xDN9n60fgii57F35vNtiUDPISjbJWDQ6wACH4th6A6GMu,1.7552468017507206,5.784388000555178,2.5357798950653345
432000,ZpMwnb9dWc2wJ8U8sM/xDN9n60fgii57F35vNtiUDPISjbJWDQ6wACH4th6A6GMu,1.7209466541873106,2.6077351578479617,2.200839641542295
432300,ZpMwnb9dWc2wJ8U8sM/xDN9n60fgii57F35vNtiUDPISjbJWDQ6wACH4th6A6GMu,1.716444080403994,5.36939854599327,2.41503118387154
432600,ZpMwnb9dWc2wJ8U8sM/xDN9n60fgii57F35vNtiUDPISjbJWDQ6wACH4th6A6GMu,1.7767758567302023,3.2331582471521254,2.2597174363230645
432900,ZpMwnb9dWc2wJ8U8sM/xDN9n60fgii57F35vNtiUDPISjbJWDQ6wACH4th6A6GMu,1.572669455097448,5.5731303473002285,2.4396678101764664
433200,ZpMwnb9dWc2wJ8U8sM/xDN9n60fgii57F35vNtiUDPISjbJWDQ6wACH4th6A6GMu,1.631595766230722,2.813354505228342,2.200804281386153
433500,ZpMwnb9dWc2wJ8U8sM/xDN9n60fgii57F35vNtiUDPISjbJWDQ6wACH4th6A6GMu,1.756386914571627,6.358080213439257,2.608906679681455
433800,ZpMwnb9dWc2wJ8U8sM/xDN9n60fgii57F35vNtiUDPISjbJWDQ6wACH4th6A6GMu,1.8225903321761647,5.987339369071096,4.278134479910891
434100,ZpMwnb9dWc2wJ8U8sM/xDN9n60fgii57F35vNtiUDPISjbJWDQ6wACH4th6A6GMu,1.742895677349018,5.2504213060244815,2.8064946790312364
434400,ZpMwnb9dWc2wJ8U8sM/xDN9n60fgii57F35vNtiUDPISjbJWDQ6wACH4th6A6GMu,1.8891045968211857,3.2041388419254866,2.2614185728263827
434700,ZpMwnb9dWc2wJ8U8sM/xDN9n60fgii57F35vNtiUDPISjbJWDQ6wACH4th6A6GMu,1.7832419742139995,5.408636202608006,2.439554545018745
435000,ZpMwnb9dWc2wJ8U8sM/xDN9n60fgii57F35vNtiUDPISjbJWDQ6wACH4th6A6GMu,1.790612538536038,3.34077307258055,2.2504530757534025
435300,ZpMwnb9dWc2wJ8U8sM/xDN9n60fgii57F35vNtiUDPISjbJWDQ6wACH4th6A6GMu,1.9377592682953284,2.4637405325187305,2.1698648568449888
435600,ZpMwnb9dWc2wJ8U8sM/xDN9n60fgii57F35vNtiUDPISjbJWDQ6wACH4th6A6GMu,1.7869879072416075,2.7734494290926763,2.194598053101907
435900,ZpMwnb9dWc2wJ8U8sM/xDN9n60fgii57F35vNtiUDPISjbJWDQ6wACH4th6A6GMu,1.81481751903735,2.640488226777112,2.134231677109975
436200,ZpMwnb9dWc2wJ8U8sM/xDN9n60fgii57F35vNtiUDPISjbJWDQ6wACH4th6A6GMu,1.8933621754739092,4.623909609734707,2.5513577479213123
436500,ZpMwnb9dWc2wJ8U8sM/xDN9n60fgii57F35vNtiUDPISjbJWDQ6wACH4th6A6GMu,1.8115724769781505,3.0296073491678426,2.158216500904312
436800,ZpMwnb9dWc2wJ8U8sM/xDN9n60fgii57F35vNtiUDPISjbJWDQ6wACH4th6A6GMu,1.7608296814041178,4.65230945514853,2.428788834860516
437100,ZpMwnb9dWc2wJ8U8sM/xDN9n60fgii57F35vNtiUDPISjbJWDQ6wACH4th6A6GMu,1.8390585407737243,3.235226848664844,2.188442083981415
437400,ZpMwnb9dWc2wJ8U8sM/xDN9n60fgii57F35vNtiUDPISjbJWDQ6wACH4th6A6GMu,1.8751240038956216,6.386632215777039,3.733022072965349
437700,ZpMwnb9dWc2wJ8U8sM/xDN9n60fgii57F35vNtiUDPISjbJWDQ6wACH4th6A6GMu,2.177281241116683,8.657607999621586,5.23899910656526
438000,ZpMwnb9dWc2wJ8U8sM/xDN9n60fgii57F35vNtiUDPISjbJWDQ6wACH4th6A6GMu,1.8447744311927432,4.753176424016153,2.522290445999394
438300,ZpMwnb9dWc2wJ8U8sM/xDN9n60fgii57F35vNtiUDPISjbJWDQ6wACH4th6A6GMu,1.9175352862707788,3.1152833024739026,2.221703667719164
438600,ZpMwnb9dWc2wJ8U8sM/xDN9n60fgii57F35vNtiUDPISjbJWDQ6wACH4th6A6GMu,1.7576654838960657,4.699478479486788,2.465421324387248
438900,ZpMwnb9dWc2wJ8U8sM/xDN9n60fgii57F35vNtiUDPISjbJWDQ6wACH4th6A6GMu,1.9475775296437656,3.5925937266368995,2.2811128453537437
439200,ZpMwnb9dWc2wJ8U8sM/xDN9n60fgii57F35vNtiUDPISjbJWDQ6wACH4th6A6GMu,1.9114452251421044,4.589427688402984,2.407558769783513
439500,ZpMwnb9dWc2wJ8U8sM/xDN9n60fgii57F35vNtiUDPISjbJWDQ6wACH4th6A6GMu,1.7861464240264595,2.4538514624097285,2.0813908584145544
439800,ZpMwnb9dWc2wJ8U8sM/xDN9n60fgii57F35vNtiUDPISjbJWDQ6wACH4th6A6GMu,1.838213186172236,4.406231803455985,2.4844720803888447
440100,ZpMwnb9dWc2wJ8U8sM/xDN9n60fgii57F35vNtiUDPISjbJWDQ6wACH4th6A6GMu,1.8115695038672053,3.0488902125017336,2.1690760484133342
440400,ZpMwnb9dWc2wJ8U8sM/xDN9n60fgii57F35vNtiUDPISjbJWDQ6wACH4th6A6GMu,1.839557944893237,4.35699204874912,2.4497510459310696
440700,ZpMwnb9dWc2wJ8U8sM/xDN9n60fgii57F35vNtiUDPISjbJWDQ6wACH4th6A6GMu,1.8680319243276329,4.36838520638271,2.3416692962014736
441000,ZpMwnb9dWc2wJ8U8sM/xDN9n60fgii57F35vNtiUDPISjbJWDQ6wACH4th6A6GMu,1.7603256218316308,4.666934087040145,2.45258972470562
441300,ZpMwnb9dWc2wJ8U8sM/xDN9n60fgii57F35vNtiUDPISjbJWDQ6wACH4th6A6GMu,1.7686599570331225,7.692875335944818,3.2577562529883775
441600,ZpMwnb9dWc2wJ8U8sM/xDN9n60fgii57F35vNtiUDPISjbJWDQ6wACH4th6A6GMu,1.8165174935794448,8.523234488591465,3.714639437433192
441900,ZpMwnb9dWc2wJ8U8sM/xDN9n60fgii57F35vNtiUDPISjbJWDQ6wACH4th6A6GMu,1.7519111691305953,3.038627364177953,2.1573507446086078
442200,ZpMwnb9dWc2wJ8U8sM/xDN9n60fgii57F35vNtiUDPISjbJWDQ6wACH4th6A6GMu,1.8390677113906295,4.768118061081431,2.4651220248694963
442500,ZpMwnb9dWc2wJ8U8sM/xDN9n60fgii57F35vNtiUDPISjbJWDQ6wACH4th6A6GMu,1.9652994015126777,11.761051647756778,3.2785261625512687
442800,ZpMwnb9dWc2wJ8U8sM/xDN9n60fgii57F35vNtiUDPISjbJWDQ6wACH4th6A6GMu,1.785315326461807,4.805812846527989,2.463766068899993
443100,ZpMwnb9dWc2wJ8U8sM/xDN9n60fgii57F35vNtiUDPISjbJWDQ6wACH4th6A6GMu,1.7987016328957646,2.6048110837704965,2.1002149001356174
443400,ZpMwnb9dWc2wJ8U8sM/xDN9n60fgii57F35vNtiUDPISjbJWDQ6wACH4th6A6GMu,1.9396657000319113,4.731472575384188,2.548986040119489
443700,ZpMwnb9dWc2wJ8U8sM/xDN9n60fgii57F35vNtiUDPISjbJWDQ6wACH4th6A6GMu,1.8233858061844144,2.456900502377052,2.12375144325692
444000,ZpMwnb9dWc2wJ8U8sM/xDN9n60fgii57F35vNtiUDPISjbJWDQ6wACH4th6A6GMu,1.862634315827836,4.800273955443183,2.452153896588747
444300,ZpMwnb9dWc2wJ8U8sM/xDN9n60fgii57F35vNtiUDPISjbJWDQ6wACH4th6A6GMu,1.8287269908662125,2.978421280227528,2.214542904856231
444600,ZpMwnb9dWc2wJ8U8sM/xDN9n60fgii57F35vNtiUDPISjbJWDQ6wACH4th6A6GMu,1.7521881985909364,4.559632576836774,2.486395274297734
444900,ZpMwnb9dWc2wJ8U8sM/xDN9n60fgii57F35vNtiUDPISjbJWDQ6wACH4th6A6GMu,1.8997194890543103,5.659307435876254,2.48733225493689
445200,ZpMwnb9dWc2wJ8U8sM/xDN9n60fgii57F35vNtiUDPISjbJWDQ6wACH4th6A6GMu,2.5478940798583367,6.767742677899185,5.063402007385056
445500,ZpMwnb9dWc2wJ8U8sM/xDN9n60fgii57F35vNtiUDPISjbJWDQ6wACH4th6A6GMu,1.6938030968760218,2.967041919613003,2.161287005915721
445800,ZpMwnb9dWc2wJ8U8sM/xDN9n60fgii57F35vNtiUDPISjbJWDQ6wACH4th6A6GMu,1.7596560659868394,4.645117523871422,2.418139573661934
446100,ZpMwnb9dWc2wJ8U8sM/xDN9n60fgii57F35vNtiUDPISjbJWDQ6wACH4th6A6GMu,1.8540397772697557,2.818864724149462,2.279215642646342
446400,ZpMwnb9dWc2wJ8U8sM/xDN9n60fgii57F35vNtiUDPISjbJWDQ6wACH4th6A6GMu,1.7099696928373922,4.82587374529021,2.4156597243179667
446700,ZpMwnb9dWc2wJ8U8sM/xDN9n60fgii57F35vNtiUDPISjbJWDQ6wACH4th6A6GMu,1.784583159691428,2.9096689071596087,2.173649174776413
447000,ZpMwnb9dWc2wJ8U8sM/xDN9n60fgii57F35vNtiUDPISjbJWDQ6wACH4th6A6GMu,1.7473182351676912,4.879926524967456,2.5436943660078315
447300,ZpMwnb9dWc2wJ8U8sM/xDN9n60fgii57F35vNtiUDPISjbJWDQ6wACH4th6A6GMu,1.7060202604727908,2.681405507501108,2.1567182431847995
447600,ZpMwnb9dWc2wJ8U8sM/xDN9n60fgii57F35vNtiUDPISjbJWDQ6wACH4th6A6GMu,1.8892162151979104,4.6934444027691935,2.827931871052374
447900,ZpMwnb9dWc2wJ8U8sM/xDN9n60fgii57F35vNtiUDPISjbJWDQ6wACH4th6A6GMu,1.852144593433236,3.662488368103309,2.3565064422216406
448200,ZpMwnb9dWc2wJ8U8sM/xDN9n60fgii57F35vNtiUDPISjbJWDQ6wACH4th6A6GMu,1.746639578848791,4.772444172064346,2.423401622283732
448500,ZpMwnb9dWc2wJ8U8sM/xDN9n60fgii57F35vNtiUDPISjbJWDQ6wACH4th6A6GMu,1.7871137409754654,5.833277311013089,2.5567210409279855
448800,ZpMwnb9dWc2wJ8U8sM/xDN9n60fgii57F35vNtiUDPISjbJWDQ6wACH4th6A6GMu,1.9331096312456797,4.709912786342044,2.547173530000157
449100,ZpMwnb9dWc2wJ8U8sM/xDN9n60fgii57F35vNtiUDPISjbJWDQ6wACH4th6A6GMu,1.9465548840462088,6.356295137144779,4.279113616606931
449400,ZpMwnb9dWc2wJ8U8sM/xDN9n60fgii57F35vNtiUDPISjbJWDQ6wACH4th6A6GMu,1.9088272330057172,4.5030098941256735,2.518897971369527
449700,ZpMwnb9dWc2wJ8U8sM/xDN9n60fgii57F35vNtiUDPISjbJWDQ6wACH4th6A6GMu,1.9208999355183485,2.998357778386985,2.316625723842588
450000,ZpMwnb9dWc2wJ8U8sM/xDN9n60fgii57F35vNtiUDPISjbJWDQ6wACH4th6A6GMu,1.907320774625621,3.4858879660054867,2.4641453446729646
450300,ZpMwnb9dWc2wJ8U8sM/xDN9n60fgii57F35vNtiUDPISjbJWDQ6wACH4th6A6GMu,1.7340464227471282,2.8050856514384166,2.190101049553223
450600,ZpMwnb9dWc2wJ8U8sM/xDN9n60fgii57F35vNtiUDPISjbJWDQ6wACH4th6A6GMu,2.0508514370039728,4.841197594550996,2.542886539289532
450900,ZpMwnb9dWc2wJ8U8sM/xDN9n60fgii57F35vNtiUDPISjbJWDQ6wACH4th6A6GMu,1.8060059503188337,2.85074854093379,2.175910488038818
451200,ZpMwnb9dWc2wJ8U8sM/xDN9n60fgii57F35vNtiUDPISjbJWDQ6wACH4th6A6GMu,1.8979138379732092,4.786805670734587,2.461382849114923
451500,ZpMwnb9dWc2wJ8U8sM/xDN9n60fgii57F35vNtiUDPISjbJWDQ6wACH4th6A6GMu,1.8546092018309823,2.809475484503083,2.2211355382388733
451800,ZpMwnb9dWc2wJ8U8sM/xDN9n60fgii57F35vNtiUDPISjbJWDQ6wACH4th6A6GMu,1.7651612815670883,4.771858583696603,2.4102392264676182
452100,ZpMwnb9dWc2wJ8U8sM/xDN9n60fgii57F35vNtiUDPISjbJWDQ6wACH4th6A6GMu,1.799959090676254,4.6513859736655565,2.3796882959388888
452400,ZpMwnb9dWc2wJ8U8sM/xDN9n60fgii57F35vNtiUDPISjbJWDQ6wACH4th6A6GMu,1.822506127873108,5.019207049803406,2.6160494579078444
452700,ZpMwnb9dWc2wJ8U8sM/xDN9n60fgii57F35vNtiUDPISjbJWDQ6wACH4th6A6GMu,1.9927769992037871,6.2062455191357335,3.765466049427793
453000,ZpMwnb9dWc2wJ8U8sM/xDN9n60fgii57F35vNtiUDPISjbJWDQ6wACH4th6A6GMu,1.8362527566027784,5.840626527919694,2.981120991073178
453300,ZpMwnb9dWc2wJ8U8sM/xDN9n60fgii57F35vNtiUDPISjbJWDQ6wACH4th6A6GMu,2.0777432108888525,2.686394887805585,2.2964298550828133
453600,ZpMwnb9dWc2wJ8U8sM/xDN9n60fgii57F35vNtiUDPISjbJWDQ6wACH4th6A6GMu,1.726954008884836,4.640576141739145,2.4253636607233067
453900,ZpMwnb9dWc2wJ8U8sM/xDN9n60fgii57F35vNtiUDPISjbJWDQ6wACH4th6A6GMu,1.740308788293218,2.4027364456896545,2.1605274485693617
454200,ZpMwnb9dWc2wJ8U8sM/xDN9n60fgii57F35vNtiUDPISjbJWDQ6wACH4th6A6GMu,1.8512786555963767,4.650356118763878,2.537357118634316
454500,ZpMwnb9dWc2wJ8U8sM/xDN9n60fgii57F35vNtiUDPISjbJWDQ6wACH4th6A6GMu,1.8242156108671976,3.533798627606372,2.458542984922817
454800,ZpMwnb9dWc2wJ8U8sM/xDN9n60fgii57F35vNtiUDPISjbJWDQ6wACH4th6A6GMu,1.9438232525005057,14.878114357285224,4.191977943837103
455100,ZpMwnb9dWc2wJ8U8sM/xDN9n60fgii57F35vNtiUDPISjbJWDQ6wACH4th6A6GMu,2.0079481672974264,22.993884449879967,4.700169899398785
455400,ZpMwnb9dWc2wJ8U8sM/xDN9n60fgii57F35vNtiUDPISjbJWDQ6wACH4th6A6GMu,1.7970673435035425,3.9655445302000416,2.692165388628411
455700,ZpMwnb9dWc2wJ8U8sM/xDN9n60fgii57F35vNtiUDPISjbJWDQ6wACH4th6A6GMu,1.7071909155167702,2.903259186011788,2.2788359821025765
456000,ZpMwnb9dWc2wJ8U8sM/xDN9n60fgii57F35vNtiUDPISjbJWDQ6wACH4th6A6GMu,2.0502344971438093,8.544986261479451,3.87090694980837
456300,ZpMwnb9dWc2wJ8U8sM/xDN9n60fgii57F35vNtiUDPISjbJWDQ6wACH4th6A6GMu,7.077921089410568,10.124259119867984,7.954159906492765
456600,ZpMwnb9dWc2wJ8U8sM/xDN9n60fgii57F35vNtiUDPISjbJWDQ6wACH4th6A6GMu,2.199902628019496,8.541272370321948,4.608080261186195
456900,ZpMwnb9dWc2wJ8U8sM/xDN9n60fgii57F35vNtiUDPISjbJWDQ6wACH4th6A6GMu,2.0786180303146136,3.068357833842348,2.42624483723529
457200,ZpMwnb9dWc2wJ8U8sM/xDN9n60fgii57F35vNtiUDPISjbJWDQ6wACH4th6A6GMu,1.8482059481144475,5.712574551945537,2.853396769836144
457500,ZpMwnb9dWc2wJ8U8sM/xDN9n60fgii57F35vNtiUDPISjbJWDQ6wACH4th6A6GMu,2.0070733599577717,13.918252580004078,3.6489545209495327
457800,ZpMwnb9dWc2wJ8U8sM/xDN9n60fgii57F35vNtiUDPISjbJWDQ6wACH4th6A6GMu,1.936381072274038,6.290393493197928,3.1665148433898023
458100,ZpMwnb9dWc2wJ8U8sM/xDN9n60fgii57F35vNtiUDPISjbJWDQ6wACH4th6A6GMu,1.7673432647298477,2.449172042684865,2.209538790038774
458400,ZpMwnb9dWc2wJ8U8sM/xDN9n60fgii57F35vNtiUDPISjbJWDQ6wACH4th6A6GMu,1.9269511178766612,4.696204328449071,2.4904004523186045
458700,ZpMwnb9dWc2wJ8U8sM/xDN9n60fgii57F35vNtiUDPISjbJWDQ6wACH4th6A6GMu,1.9789824180975448,2.9303380980017533,2.311878981006394
459000,ZpMwnb9dWc2wJ8U8sM/xDN9n60fgii57F35vNtiUDPISjbJWDQ6wACH4th6A6GMu,1.9791258240271388,4.601005620739157,2.4361005974558343
459300,ZpMwnb9dWc2wJ8U8sM/xDN9n60fgii57F35vNtiUDPISjbJWDQ6wACH4th6A6GMu,1.83048593719172,2.4793504896513205,2.182876203525688
459600,ZpMwnb9dWc2wJ8U8sM/xDN9n60fgii57F35vNtiUDPISjbJWDQ6wACH4th6A6GMu,1.8246793188823325,3.8657412872392016,2.717845197900585
459900,ZpMwnb9dWc2wJ8U8sM/xDN9n60fgii57F35vNtiUDPISjbJWDQ6wACH4th6A6GMu,1.779455860515177,2.735738082466272,2.2294016732322928
460200,ZpMwnb9dWc2wJ8U8sM/xDN9n60fgii57F35vNtiUDPISjbJWDQ6wACH4th6A6GMu,2.0010429219646158,6.351159767955613,3.838785466640567
460500,ZpMwnb9dWc2wJ8U8sM/xDN9n60fgii57F35vNtiUDPISjbJWDQ6wACH4th6A6GMu,2.021030069276053,5.908048552632656,2.8268694411959507
460800,ZpMwnb9dWc2wJ8U8sM/xDN9n60fgii57F35vNtiUDPISjbJWDQ6wACH4th6A6GMu,1.7681328782590056,4.35937956417694,2.4244684059494928
461100,ZpMwnb9dWc2wJ8U8sM/xDN9n60fgii57F35vNtiUDPISjbJWDQ6wACH4th6A6GMu,1.8725214477712453,2.6791551789641948,2.171977897643285
461400,ZpMwnb9dWc2wJ8U8sM/xDN9n60fgii57F35vNtiUDPISjbJWDQ6wACH4th6A6GMu,1.9327753751645524,4.7162458927193915,2.4957786228909664
461700,ZpMwnb9dWc2wJ8U8sM/xDN9n60fgii57F35vNtiUDPISjbJWDQ6wACH4th6A6GMu,1.7785687841703686,2.451477607199364,2.1723116806267218
462000,ZpMwnb9dWc2wJ8U8sM/xDN9n60fgii57F35vNtiUDPISjbJWDQ6wACH4th6A6GMu,1.9217689083524565,4.409650043089393,2.431918738026256
462300,ZpMwnb9dWc2wJ8U8sM/xDN9n60fgii57F35vNtiUDPISjbJWDQ6wACH4th6A6GMu,1.9339046921534409,2.9743179060314735,2.282540437903907
462600,ZpMwnb9dWc2wJ8U8sM/xDN9n60fgii57F35vNtiUDPISjbJWDQ6wACH4th6A6GMu,1.7840235647730165,4.661192017107218,2.535452028716004
462900,ZpMwnb9dWc2wJ8U8sM/xDN9n60fgii57F35vNtiUDPISjbJWDQ6wACH4th6A6GMu,1.7232152016551816,2.41777380686686,2.1444587559110624
463200,ZpMwnb9dWc2wJ8U8sM/xDN9n60fgii57F35vNtiUDPISjbJWDQ6wACH4th6A6GMu,2.0487795373841373,5.785953878084046,2.926000319107908
463500,ZpMwnb9dWc2wJ8U8sM/xDN9n60fgii57F35vNtiUDPISjbJWDQ6wACH4th6A6GMu,1.7409105375858929,2.473749660162482,2.183835583853257
463800,ZpMwnb9dWc2wJ8U8sM/xDN9n60fgii57F35vNtiUDPISjbJWDQ6wACH4th6A6GMu,2.007937813412045,4.785555907204319,2.8135964145226207
464100,ZpMwnb9dWc2wJ8U8sM/xDN9n60fgii57F35vNtiUDPISjbJWDQ6wACH4th6A6GMu,2.3069432588475407,5.864083980625251,4.229601830309359
464400,ZpMwnb9dWc2wJ8U8sM/xDN9n60fgii57F35vNtiUDPISjbJWDQ6wACH4th6A6GMu,1.769198084471026,4.69249394968653,2.463150147726593
464700,ZpMwnb9dWc2wJ8U8sM/xDN9n60fgii57F35vNtiUDPISjbJWDQ6wACH4th6A6GMu,1.716088766264268,2.335448611228609,2.164756541644204
465000,ZpMwnb9dWc2wJ8U8sM/xDN9n60fgii57F35vNtiUDPISjbJWDQ6wACH4th6A6GMu,1.8160824991211024,5.054523653826895,2.527800928642067
465300,ZpMwnb9dWc2wJ8U8sM/xDN9n60fgii57F35vNtiUDPISjbJWDQ6wACH4th6A6GMu,1.7889096904171102,2.440589960796185,2.1726821120636752
465600,ZpMwnb9dWc2wJ8U8sM/xDN9n60fgii57F35vNtiUDPISjbJWDQ6wACH4th6A6GMu,1.70088413164409,5.2033425309554655,2.3974623557064905
465900,ZpMwnb9dWc2wJ8U8sM/xDN9n60fgii57F35vNtiUDPISjbJWDQ6wACH4th6A6GMu,1.7961681043026,2.9637198183790923,2.24915492799557
466200,ZpMwnb9dWc2wJ8U8sM/xDN9n60fgii57F35vNtiUDPISjbJWDQ6wACH4th6A6GMu,1.6531423879852756,5.081392495967651,2.427023310152101
466500,ZpMwnb9dWc2wJ8U8sM/xDN9n60fgii57F35vNtiUDPISjbJWDQ6wACH4th6A6GMu,1.890952509207424,2.362334718643026,2.159624023238549
466800,ZpMwnb9dWc2wJ8U8sM/xDN9n60fgii57F35vNtiUDPISjbJWDQ6wACH4th6A6GMu,1.9255001734195976,5.859934511797651,2.8562974149722757
467100,ZpMwnb9dWc2wJ8U8sM/xDN9n60fgii57F35vNtiUDPISjbJWDQ6wACH4th6A6GMu,1.8124401881343284,2.3773386146414004,2.173016499547267
467400,ZpMwnb9dWc2wJ8U8sM/xDN9n60fgii57F35vNtiUDPISjbJWDQ6wACH4th6A6GMu,1.8222654529268147,4.972689425176609,2.4582491908689175
467700,ZpMwnb9dWc2wJ8U8sM/xDN9n60fgii57F35vNtiUDPISjbJWDQ6wACH4th6A6GMu,2.0856897537881958,6.335968210854723,3.5421813837914757
468000,ZpMwnb9dWc2wJ8U8sM/xDN9n60fgii57F35vNtiUDPISjbJWDQ6wACH4th6A6GMu,1.8580788323889308,6.118941777474985,3.148259104162755
468300,ZpMwnb9dWc2wJ8U8sM/xDN9n60fgii57F35vNtiUDPISjbJWDQ6wACH4th6A6GMu,1.9269765286016665,2.380873549289024,2.1970756310147608
468600,ZpMwnb9dWc2wJ8U8sM/xDN9n60fgii57F35vNtiUDPISjbJWDQ6wACH4th6A6GMu,1.9185135749285969,4.751970185118473,2.529010187719287
468900,ZpMwnb9dWc2wJ8U8sM/xDN9n60fgii57F35vNtiUDPISjbJWDQ6wACH4th6A6GMu,1.729159715608434,2.43582570641151,2.1889644552843897
469200,ZpMwnb9dWc2wJ8U8sM/xDN9n60fgii57F35vNtiUDPISjbJWDQ6wACH4th6A6GMu,1.7330495240539872,4.855274471927502,2.455335228126573
469500,ZpMwnb9dWc2wJ8U8sM/xDN9n60fgii57F35vNtiUDPISjbJWDQ6wACH4th6A6GMu,1.826226716937954,2.6834741854572592,2.2527329595885117
469800,ZpMwnb9dWc2wJ8U8sM/xDN9n60fgii57F35vNtiUDPISjbJWDQ6wACH4th6A6GMu,1.719139641509904,4.865162812532788,2.5662048040085774
470100,ZpMwnb9dWc2wJ8U8sM/xDN9n60fgii57F35vNtiUDPISjbJWDQ6wACH4th6A6GMu,1.6886331749626289,2.674206053828161,2.181464573882401
470400,ZpMwnb9dWc2wJ8U8sM/xDN9n60fgii57F35vNtiUDPISjbJWDQ6wACH4th6A6GMu,1.957077667776884,4.649845748983289,2.8409543776968373
470700,ZpMwnb9dWc2wJ8U8sM/xDN9n60fgii57F35vNtiUDPISjbJWDQ6wACH4th6A6GMu,1.669597414039443,2.5817825181102343,2.1583553974008605
471000,ZpMwnb9dWc2wJ8U8sM/xDN9n60fgii57F35vNtiUDPISjbJWDQ6wACH4th6A6GMu,2.0426750631725135,6.241551914593257,2.979919951456574
471300,ZpMwnb9dWc2wJ8U8sM/xDN9n60fgii57F35vNtiUDPISjbJWDQ6wACH4th6A6GMu,1.948318276693748,3.0172719159570383,2.355788761461993
471600,ZpMwnb9dWc2wJ8U8sM/xDN9n60fgii57F35vNtiUDPISjbJWDQ6wACH4th6A6GMu,2.119143095605199,6.6166497351974805,4.302283430457148
471900,ZpMwnb9dWc2wJ8U8sM/xDN9n60fgii57F35vNtiUDPISjbJWDQ6wACH4th6A6GMu,1.709214946307302,2.5409472320364825,2.174928537887172
472200,ZpMwnb9dWc2wJ8U8sM/xDN9n60fgii57F35vNtiUDPISjbJWDQ6wACH4th6A6GMu,1.8702174435525103,4.6075564906855275,2.535814658008475
472500,ZpMwnb9dWc2wJ8U8sM/xDN9n60fgii57F35vNtiUDPISjbJWDQ6wACH4th6A6GMu,1.7473900701601155,2.559365953998816,2.189266966379341
472800,ZpMwnb9dWc2wJ8U8sM/xDN9n60fgii57F35vNtiUDPISjbJWDQ6wACH4th6A6GMu,1.6705287759684109,4.633384868586023,2.4382833459612927
473100,ZpMwnb9dWc2wJ8U8sM/xDN9n60fgii57F35vNtiUDPISjbJWDQ6wACH4th6A6GMu,1.8609451698957664,2.70576750486985,2.2663999114933064
473400,ZpMwnb9dWc2wJ8U8sM/xDN9n60fgii57F35vNtiUDPISjbJWDQ6wACH4th6A6GMu,1.8759954579029008,4.269465003613794,2.451726140736803
473700,ZpMwnb9dWc2wJ8U8sM/xDN9n60fgii57F35vNtiUDPISjbJWDQ6wACH4th6A6GMu,1.7205531285086135,2.536437820228058,2.2014097631281206
474000,ZpMwnb9dWc2wJ8U8sM/xDN9n60fgii57F35vNtiUDPISjbJWDQ6wACH4th6A6GMu,1.93275103622,5.982183186041081,2.859154405991001
474300,ZpMwnb9dWc2wJ8U8sM/xDN9n60fgii57F35vNtiUDPISjbJWDQ6wACH4th6A6GMu,1.7428267306021388,2.5388807914172498,2.180484743646135
474600,ZpMwnb9dWc2wJ8U8sM/xDN9n60fgii57F35vNtiUDPISjbJWDQ6wACH4th6A6GMu,1.8515088651858531,4.795798512134431,2.4859672670771578
474900,ZpMwnb9dWc2wJ8U8sM/xDN9n60fgii57F35vNtiUDPISjbJWDQ6wACH4th6A6GMu,1.8820533666132344,2.685196534052114,2.248128519626128
475200,ZpMwnb9dWc2wJ8U8sM/xDN9n60fgii57F35vNtiUDPISjbJWDQ6wACH4th6A6GMu,1.7000413073678016,8.383673945267507,3.517366754841793
475500,ZpMwnb9dWc2wJ8U8sM/xDN9n60fgii57F35vNtiUDPISjbJWDQ6wACH4th6A6GMu,1.7252863320801193,6.305883725440305,3.2927021880529272
475800,ZpMwnb9dWc2wJ8U8sM/xDN9n60fgii57F35vNtiUDPISjbJWDQ6wACH4th6A6GMu,1.7836898272552102,4.769388601870944,2.510640021889292
476100,ZpMwnb9dWc2wJ8U8sM/xDN9n60fgii57F35vNtiUDPISjbJWDQ6wACH4th6A6GMu,1.7966068738631142,2.452725414799789,2.187125521720838
476400,ZpMwnb9dWc2wJ8U8sM/xDN9n60fgii57F35vNtiUDPISjbJWDQ6wACH4th6A6GMu,1.837419633680109,4.987358857298873,2.4340672634955984
476700,ZpMwnb9dWc2wJ8U8sM/xDN9n60fgii57F35vNtiUDPISjbJWDQ6wACH4th6A6GMu,1.8374344645750005,3.116045616890177,2.269555635662212
477000,ZpMwnb9dWc2wJ8U8sM/xDN9n60fgii57F35vNtiUDPISjbJWDQ6wACH4th6A6GMu,1.768731297174572,4.981208898687046,2.5069079769651514
477300,ZpMwnb9dWc2wJ8U8sM/xDN9n60fgii57F35vNtiUDPISjbJWDQ6wACH4th6A6GMu,1.903446406836345,2.551669379383856,2.2668277403655948
477600,ZpMwnb9dWc2wJ8U8sM/xDN9n60fgii57F35vNtiUDPISjbJWDQ6wACH4th6A6GMu,1.8777390705019827,4.703673634836923,2.872499275010661
477900,ZpMwnb9dWc2wJ8U8sM/xDN9n60fgii57F35vNtiUDPISjbJWDQ6wACH4th6A6GMu,1.9283967736176229,2.650359105213266,2.2535276160580286
478200,ZpMwnb9dWc2wJ8U8sM/xDN9n60fgii57F35vNtiUDPISjbJWDQ6wACH4th6A6GMu,1.780636396555762,4.077101098140488,2.5062958642498243
478500,ZpMwnb9dWc2wJ8U8sM/xDN9n60fgii57F35vNtiUDPISjbJWDQ6wACH4th6A6GMu,2.015191617406988,2.7947402700320976,2.352739069474174
478800,ZpMwnb9dWc2wJ8U8sM/xDN9n60fgii57F35vNtiUDPISjbJWDQ6wACH4th6A6GMu,1.7420711289027928,5.018046659205195,2.459187956439012
479100,ZpMwnb9dWc2wJ8U8sM/xDN9n60fgii57F35vNtiUDPISjbJWDQ6wACH4th6A6GMu,2.2170203637642047,6.115956250972928,4.678008206695344
479400,ZpMwnb9dWc2wJ8U8sM/xDN9n60fgii57F35vNtiUDPISjbJWDQ6wACH4th6A6GMu,1.9630538728347164,5.697108047618026,2.729834509518612
479700,ZpMwnb9dWc2wJ8U8sM/xDN9n60fgii57F35vNtiUDPISjbJWDQ6wACH4th6A6GMu,1.7832369716275231,2.364024396429775,2.203355021370692
480000,ZpMwnb9dWc2wJ8U8sM/xDN9n60fgii57F35vNtiUDPISjbJWDQ6wACH4th6A6GMu,1.805267680334904,5.155625758531225,2.457772701437328
480300,ZpMwnb9dWc2wJ8U8sM/xDN9n60fgii57F35vNtiUDPISjbJWDQ6wACH4th6A6GMu,1.8606107931858784,2.75925021627518,2.2359597038548324
480600,ZpMwnb9dWc2wJ8U8sM/xDN9n60fgii57F35vNtiUDPISjbJWDQ6wACH4th6A6GMu,2.0322114563244065,6.16359381981266,3.265131534647346
480900,ZpMwnb9dWc2wJ8U8sM/xDN9n60fgii57F35vNtiUDPISjbJWDQ6wACH4th6A6GMu,1.8881079045347984,3.4660346715997066,2.5074349938023643
481200,ZpMwnb9dWc2wJ8U8sM/xDN9n60fgii57F35vNtiUDPISjbJWDQ6wACH4th6A6GMu,1.9633373373851768,5.812039168650471,2.8555325995954735
481500,ZpMwnb9dWc2wJ8U8sM/xDN9n60fgii57F35vNtiUDPISjbJWDQ6wACH4th6A6GMu,1.8068636523136623,2.42715520503249,2.2051935091825228
481800,ZpMwnb9dWc2wJ8U8sM/xDN9n60fgii57F35vNtiUDPISjbJWDQ6wACH4th6A6GMu,1.8336767616376104,5.191670568238488,2.454267891499435
482100,ZpMwnb9dWc2wJ8U8sM/xDN9n60fgii57F35vNtiUDPISjbJWDQ6wACH4th6A6GMu,2.04917687846434,2.9132517389975345,2.368418335567427
482400,ZpMwnb9dWc2wJ8U8sM/xDN9n60fgii57F35vNtiUDPISjbJWDQ6wACH4th6A6GMu,1.8487680234165424,4.786140417071654,2.444721433916622
482700,ZpMwnb9dWc2wJ8U8sM/xDN9n60fgii57F35vNtiUDPISjbJWDQ6wACH4th6A6GMu,1.792088031131239,2.536743489112669,2.2248318340475635
483000,ZpMwnb9dWc2wJ8U8sM/xDN9n60fgii57F35vNtiUDPISjbJWDQ6wACH4th6A6GMu,1.868984297056581,6.2575384610720475,4.446674583179084
483300,ZpMwnb9dWc2wJ8U8sM/xDN9n60fgii57F35vNtiUDPISjbJWDQ6wACH4th6A6GMu,1.839319371919076,4.900026104336278,2.4410554611167345
483600,ZpMwnb9dWc2wJ8U8sM/xDN9n60fgii57F35vNtiUDPISjbJWDQ6wACH4th6A6GMu,1.8115898559641503,2.4323062595198905,2.154268363542747
483900,ZpMwnb9dWc2wJ8U8sM/xDN9n60fgii57F35vNtiUDPISjbJWDQ6wACH4th6A6GMu,1.8375228560986496,5.03528073665571,2.5347687905817957
484200,ZpMwnb9dWc2wJ8U8sM/xDN9n60fgii57F35vNtiUDPISjbJWDQ6wACH4th6A6GMu,1.809979843916308,3.12143756282801,2.2617357312734963
484500,ZpMwnb9dWc2wJ8U8sM/xDN9n60fgii57F35vNtiUDPISjbJWDQ6wACH4th6A6GMu,2.05867649896501,3.5877018422868527,2.3589153895825627
484800,ZpMwnb9dWc2wJ8U8sM/xDN9n60fgii57F35vNtiUDPISjbJWDQ6wACH4th6A6GMu,1.848116279426789,5.543243101290172,2.5717052385568024
485100,ZpMwnb9dWc2wJ8U8sM/xDN9n60fgii57F35vNtiUDPISjbJWDQ6wACH4th6A6GMu,1.8008913313148869,4.817354446692751,2.4768862889333927
485400,ZpMwnb9dWc2wJ8U8sM/xDN9n60fgii57F35vNtiUDPISjbJWDQ6wACH4th6A6GMu,7.558699612836304,8.538126349770062,7.968516949822992
485700,ZpMwnb9dWc2wJ8U8sM/xDN9n60fgii57F35vNtiUDPISjbJWDQ6wACH4th6A6GMu,2.095131564550277,10.546401560734294,3.641567808035248
486000,ZpMwnb9dWc2wJ8U8sM/xDN9n60fgii57F35vNtiUDPISjbJWDQ6wACH4th6A6GMu,1.937431332245474,2.620700202214876,2.2382056050778965
486300,ZpMwnb9dWc2wJ8U8sM/xDN9n60fgii57F35vNtiUDPISjbJWDQ6wACH4th6A6GMu,1.7810036540075782,4.775046813522509,2.4399289207941735
486600,ZpMwnb9dWc2wJ8U8sM/xDN9n60fgii57F35vNtiUDPISjbJWDQ6wACH4th6A6GMu,2.1182647612566017,43.387969329864376,11.69762836350414
486900,ZpMwnb9dWc2wJ8U8sM/xDN9n60fgii57F35vNtiUDPISjbJWDQ6wACH4th6A6GMu,1.8231396067704209,8.434878008774243,3.1224792780155344
487200,ZpMwnb9dWc2wJ8U8sM/xDN9n60fgii57F35vNtiUDPISjbJWDQ6wACH4th6A6GMu,2.0464984251863187,2.5161844952308177,2.265792472729183
487500,ZpMwnb9dWc2wJ8U8sM/xDN9n60fgii57F35vNtiUDPISjbJWDQ6wACH4th6A6GMu,1.8396437185435524,5.08327157242046,2.5490537072392083
487800,ZpMwnb9dWc2wJ8U8sM/xDN9n60fgii57F35vNtiUDPISjbJWDQ6wACH4th6A6GMu,2.020047593807404,2.6450486767920918,2.22490265953834
488100,ZpMwnb9dWc2wJ8U8sM/xDN9n60fgii57F35vNtiUDPISjbJWDQ6wACH4th6A6GMu,1.9617732858668544,5.009987221547766,2.470774080313844
488400,ZpMwnb9dWc2wJ8U8sM/xDN9n60fgii57F35vNtiUDPISjbJWDQ6wACH4th6A6GMu,2.0372150261421957,6.611108697149644,2.7659365020501165
488700,ZpMwnb9dWc2wJ8U8sM/xDN9n60fgii57F35vNtiUDPISjbJWDQ6wACH4th6A6GMu,2.0071897841115174,4.77952899691658,2.4715543640706703
489000,ZpMwnb9dWc2wJ8U8sM/xDN9n60fgii57F35vNtiUDPISjbJWDQ6wACH4th6A6GMu,1.8234999511275616,2.5560119641527335,2.2289538837096425
489300,ZpMwnb9dWc2wJ8U8sM/xDN9n60fgii57F35vNtiUDPISjbJWDQ6wACH4th6A6GMu,2.049854044775828,4.7789536898429565,2.5731484329116534
489600,ZpMwnb9dWc2wJ8U8sM/xDN9n60fgii57F35vNtiUDPISjbJWDQ6wACH4th6A6GMu,1.8312904591982253,2.5204400113119627,2.2095387873026016
489900,ZpMwnb9dWc2wJ8U8sM/xDN9n60fgii57F35vNtiUDPISjbJWDQ6wACH4th6A6GMu,1.9572733118029544,4.835321133882292,2.434539179195375
490200,ZpMwnb9dWc2wJ8U8sM/xDN9n60fgii57F35vNtiUDPISjbJWDQ6wACH4th6A6GMu,1.9900523524086775,2.9247305488502704,2.2751306756626946
490500,ZpMwnb9dWc2wJ8U8sM/xDN9n60fgii57F35vNtiUDPISjbJWDQ6wACH4th6A6GMu,2.0563663242399,6.624052423406876,4.551630056675489
490800,ZpMwnb9dWc2wJ8U8sM/xDN9n60fgii57F35vNtiUDPISjbJWDQ6wACH4th6A6GMu,1.9914759248815637,11.379276825848043,3.734815727015389
491100,ZpMwnb9dWc2wJ8U8sM/xDN9n60fgii57F35vNtiUDPISjbJWDQ6wACH4th6A6GMu,2.0201780153659787,4.649189174068083,2.5293362102417274
491400,ZpMwnb9dWc2wJ8U8sM/xDN9n60fgii57F35vNtiUDPISjbJWDQ6wACH4th6A6GMu,1.8712774470685192,3.1629953965665334,2.346532870698808
491700,ZpMwnb9dWc2wJ8U8sM/xDN9n60fgii57F35vNtiUDPISjbJWDQ6wACH4th6A6GMu,1.9862854823453424,3.5270366225058707,2.3558037294616097
492000,ZpMwnb9dWc2wJ8U8sM/xDN9n60fgii57F35vNtiUDPISjbJWDQ6wACH4th6A6GMu,1.8576598338718788,6.314734526957908,2.7903933587017407
492300,ZpMwnb9dWc2wJ8U8sM/xDN9n60fgii57F35vNtiUDPISjbJWDQ6wACH4th6A6GMu,1.9008756635138333,3.98782260411822,2.468786402852519
492600,ZpMwnb9dWc2wJ8U8sM/xDN9n60fgii57F35vNtiUDPISjbJWDQ6wACH4th6A6GMu,1.9081497921531088,3.015777837183365,2.2668127344314093
492900,ZpMwnb9dWc2wJ8U8sM/xDN9n60fgii57F35vNtiUDPISjbJWDQ6wACH4th6A6GMu,2.0769456443193888,5.023988941112948,2.604145664083638
493200,ZpMwnb9dWc2wJ8U8sM/xDN9n60fgii57F35vNtiUDPISjbJWDQ6wACH4th6A6GMu,1.7517338200907884,2.717985144801808,2.2225002780049525
493500,ZpMwnb9dWc2wJ8U8sM/xDN9n60fgii57F35vNtiUDPISjbJWDQ6wACH4th6A6GMu,1.8179107541350357,4.8704398441401615,2.431318432741204
493800,ZpMwnb9dWc2wJ8U8sM/xDN9n60fgii57F35vNtiUDPISjbJWDQ6wACH4th6A6GMu,1.9609110183504264,2.972237153532995,2.31275645590036
494100,ZpMwnb9dWc2wJ8U8sM/xDN9n60fgii57F35vNtiUDPISjbJWDQ6wACH4th6A6GMu,2.0427686394538016,5.958536764894026,3.4885834794773976
494400,ZpMwnb9dWc2wJ8U8sM/xDN9n60fgii57F35vNtiUDPISjbJWDQ6wACH4th6A6GMu,2.1515485018467886,6.11357045020745,3.620898256214671
494700,ZpMwnb9dWc2wJ8U8sM/xDN9n60fgii57F35vNtiUDPISjbJWDQ6wACH4th6A6GMu,1.9172844644414624,5.238530681119296,2.5651696737958893
495000,ZpMwnb9dWc2wJ8U8sM/xDN9n60fgii57F35vNtiUDPISjbJWDQ6wACH4th6A6GMu,1.8956156097108496,2.5040638095411087,2.1585333374060967
495300,ZpMwnb9dWc2wJ8U8sM/xDN9n60fgii57F35vNtiUDPISjbJWDQ6wACH4th6A6GMu,1.791639442641231,4.98513543347482,2.4325699953915967
495600,ZpMwnb9dWc2wJ8U8sM/xDN9n60fgii57F35vNtiUDPISjbJWDQ6wACH4th6A6GMu,1.9564907062052452,4.44873808040209,2.6756145122998367
495900,ZpMwnb9dWc2wJ8U8sM/xDN9n60fgii57F35vNtiUDPISjbJWDQ6wACH4th6A6GMu,1.8335779642028212,4.805607916074171,2.4538844273561344
496200,ZpMwnb9dWc2wJ8U8sM/xDN9n60fgii57F35vNtiUDPISjbJWDQ6wACH4th6A6GMu,1.7852201253876108,2.8391776982617047,2.2324350649786187
496500,ZpMwnb9dWc2wJ8U8sM/xDN9n60fgii57F35vNtiUDPISjbJWDQ6wACH4th6A6GMu,2.099694397043119,4.830422469871992,2.5742058872754776
496800,ZpMwnb9dWc2wJ8U8sM/xDN9n60fgii57F35vNtiUDPISjbJWDQ6wACH4th6A6GMu,1.889535392757677,2.6770511907893293,2.2252875821003704
497100,ZpMwnb9dWc2wJ8U8sM/xDN9n60fgii57F35vNtiUDPISjbJWDQ6wACH4th6A6GMu,1.8005717967621668,4.709413492790483,2.448902294109962
497400,ZpMwnb9dWc2wJ8U8sM/xDN9n60fgii57F35vNtiUDPISjbJWDQ6wACH4th6A6GMu,1.8764142258908785,2.9846517149585416,2.3465703368843047
497700,ZpMwnb9dWc2wJ8U8sM/xDN9n60fgii57F35vNtiUDPISjbJWDQ6wACH4th6A6GMu,1.8688559115925745,4.852630285003398,2.480873108819791
498000,ZpMwnb9dWc2wJ8U8sM/xDN9n60fgii57F35vNtiUDPISjbJWDQ6wACH4th6A6GMu,2.1665910009960907,6.6430382032309785,4.716869870620845
498300,ZpMwnb9dWc2wJ8U8sM/xDN9n60fgii57F35vNtiUDPISjbJWDQ6wACH4th6A6GMu,2.0293935520739534,5.296786074918504,2.8491287551597764
498600,ZpMwnb9dWc2wJ8U8sM/xDN9n60fgii57F35vNtiUDPISjbJWDQ6wACH4th6A6GMu,1.8369457311593853,3.049539620821115,2.3552196511524124
498900,ZpMwnb9dWc2wJ8U8sM/xDN9n60fgii57F35vNtiUDPISjbJWDQ6wACH4th6A6GMu,1.9197098033296809,3.742250854640441,2.4535751282849643
499200,ZpMwnb9dWc2wJ8U8sM/xDN9n60fgii57F35vNtiUDPISjbJWDQ6wACH4th6A6GMu,2.0499527765035364,5.604283155602433,2.6722635657492275
499500,ZpMwnb9dWc2wJ8U8sM/xDN9n60fgii57F35vNtiUDPISjbJWDQ6wACH4th6A6GMu,1.787483685237787,4.7720275983996885,2.469724859872376
499800,ZpMwnb9dWc2wJ8U8sM/xDN9n60fgii57F35vNtiUDPISjbJWDQ6wACH4th6A6GMu,1.8839391680935336,3.000102633672212,2.311552681917851
500100,ZpMwnb9dWc2wJ8U8sM/xDN9n60fgii57F35vNtiUDPISjbJWDQ6wACH4th6A6GMu,1.9892319875216269,4.842499385184758,2.568228186341469
500400,ZpMwnb9dWc2wJ8U8sM/xDN9n60fgii57F35vNtiUDPISjbJWDQ6wACH4th6A6GMu,1.827690459881452,2.365149401568691,2.1882193626369517
500700,ZpMwnb9dWc2wJ8U8sM/xDN9n60fgii57F35vNtiUDPISjbJWDQ6wACH4th6A6GMu,1.7375843425601234,4.503128825716384,2.4366604460383448
501000,ZpMwnb9dWc2wJ8U8sM/xDN9n60fgii57F35vNtiUDPISjbJWDQ6wACH4th6A6GMu,1.9364174757336967,3.0854844927912497,2.2788064721942027
501300,ZpMwnb9dWc2wJ8U8sM/xDN9n60fgii57F35vNtiUDPISjbJWDQ6wACH4th6A6GMu,1.8266068292682405,4.697804195746714,2.407335605583627
501600,ZpMwnb9dWc2wJ8U8sM/xDN9n60fgii57F35vNtiUDPISjbJWDQ6wACH4th6A6GMu,1.975182387317304,2.4081020832513014,2.174093100446947
501900,ZpMwnb9dWc2wJ8U8sM/xDN9n60fgii57F35vNtiUDPISjbJWDQ6wACH4th6A6GMu,2.095065048581949,8.106385321564058,4.647544397360392
502200,ZpMwnb9dWc2wJ8U8sM/xDN9n60fgii57F35vNtiUDPISjbJWDQ6wACH4th6A6GMu,2.06450027429985,2.819269354324484,2.251117346790004
502500,ZpMwnb9dWc2wJ8U8sM/xDN9n60fgii57F35vNtiUDPISjbJWDQ6wACH4th6A6GMu,1.9671615306478625,5.068361650136623,2.4677945545097466
502800,ZpMwnb9dWc2wJ8U8sM/xDN9n60fgii57F35vNtiUDPISjbJWDQ6wACH4th6A6GMu,1.972662617345352,4.993754974128064,2.6253515825564366
503100,ZpMwnb9dWc2wJ8U8sM/xDN9n60fgii57F35vNtiUDPISjbJWDQ6wACH4th6A6GMu,1.8778076009275748,4.684940875234078,2.4574334375769595
503400,ZpMwnb9dWc2wJ8U8sM/xDN9n60fgii57F35vNtiUDPISjbJWDQ6wACH4th6A6GMu,1.7704186619215383,2.5523410859918143,2.2053963318121754
503700,ZpMwnb9dWc2wJ8U8sM/xDN9n60fgii57F35vNtiUDPISjbJWDQ6wACH4th6A6GMu,1.9797485106086696,4.724384862414072,2.5889506029927354
504000,ZpMwnb9dWc2wJ8U8sM/xDN9n60fgii57F35vNtiUDPISjbJWDQ6wACH4th6A6GMu,1.8166023281857575,2.540797912483172,2.203577688007666
504300,ZpMwnb9dWc2wJ8U8sM/xDN9n60fgii57F35vNtiUDPISjbJWDQ6wACH4th6A6GMu,1.8118624965989656,4.716463475838535,2.460592582948728
504600,ZpMwnb9dWc2wJ8U8sM/xDN9n60fgii57F35vNtiUDPISjbJWDQ6wACH4th6A6GMu,2.05091584525252,2.9077018141853066,2.236401600090396
504900,ZpMwnb9dWc2wJ8U8sM/xDN9n60fgii57F35vNtiUDPISjbJWDQ6wACH4th6A6GMu,2.0558043258475096,4.654404709275436,2.435127238345711
505200,ZpMwnb9dWc2wJ8U8sM/xDN9n60fgii57F35vNtiUDPISjbJWDQ6wACH4th6A6GMu,1.8063673757652257,2.6926856442139693,2.1991540725911727
505500,ZpMwnb9dWc2wJ8U8sM/xDN9n60fgii57F35vNtiUDPISjbJWDQ6wACH4th6A6GMu,1.9867226071854251,6.887233478401889,3.93289595167099
505800,ZpMwnb9dWc2wJ8U8sM/xDN9n60fgii57F35vNtiUDPISjbJWDQ6wACH4th6A6GMu,1.9327720421063488,6.258461601339362,2.972435585994889
506100,ZpMwnb9dWc2wJ8U8sM/xDN9n60fgii57F35vNtiUDPISjbJWDQ6wACH4th6A6GMu,1.92985678752326,4.8900780134667015,2.436263639803557
506400,ZpMwnb9dWc2wJ8U8sM/xDN9n60fgii57F35vNtiUDPISjbJWDQ6wACH4th6A6GMu,1.9278767793664275,5.590398917566664,2.6302859045347886
506700,ZpMwnb9dWc2wJ8U8sM/xDN9n60fgii57F35vNtiUDPISjbJWDQ6wACH4th6A6GMu,1.9890454295273856,4.5201042321223435,2.459818191645379
507000,ZpMwnb9dWc2wJ8U8sM/xDN9n60fgii57F35vNtiUDPISjbJWDQ6wACH4th6A6GMu,1.847245465810111,2.538284887405841,2.2206216773320584
507300,ZpMwnb9dWc2wJ8U8sM/xDN9n60fgii57F35vNtiUDPISjbJWDQ6wACH4th6A6GMu,1.9757149919197643,4.785252602113972,2.5928376024164126
507600,ZpMwnb9dWc2wJ8U8sM/xDN9n60fgii57F35vNtiUDPISjbJWDQ6wACH4th6A6GMu,1.79272610394242,2.568693075692913,2.21371069758543
507900,ZpMwnb9dWc2wJ8U8sM/xDN9n60fgii57F35vNtiUDPISjbJWDQ6wACH4th6A6GMu,2.00826164086002,4.444031489956652,2.42359781884991
508200,ZpMwnb9dWc2wJ8U8sM/xDN9n60fgii57F35vNtiUDPISjbJWDQ6wACH4th6A6GMu,2.0065362710896077,2.8191777577438097,2.2865076746991697
508500,ZpMwnb9dWc2wJ8U8sM/xDN9n60fgii57F35vNtiUDPISjbJWDQ6wACH4th6A6GMu,2.0187330415250258,4.616583593606561,2.4523600883876755
508800,ZpMwnb9dWc2wJ8U8sM/xDN9n60fgii57F35vNtiUDPISjbJWDQ6wACH4th6A6GMu,1.8406290382356385,2.628336254316212,2.233695722720188
509100,ZpMwnb9dWc2wJ8U8sM/xDN9n60fgii57F35vNtiUDPISjbJWDQ6wACH4th6A6GMu,2.0161957924347407,4.6655965952489815,2.502182068107744
509400,ZpMwnb9dWc2wJ8U8sM/xDN9n60fgii57F35vNtiUDPISjbJWDQ6wACH4th6A6GMu,2.335722197310967,5.99861129164,4.279082055096088
509700,ZpMwnb9dWc2wJ8U8sM/xDN9n60fgii57F35vNtiUDPISjbJWDQ6wACH4th6A6GMu,1.8002060113849725,4.654446002888841,2.530027852258853
510000,ZpMwnb9dWc2wJ8U8sM/xDN9n60fgii57F35vNtiUDPISjbJWDQ6wACH4th6A6GMu,1.81784034482102,6.211879106991392,2.6128936225836368
510300,ZpMwnb9dWc2wJ8U8sM/xDN9n60fgii57F35vNtiUDPISjbJWDQ6wACH4th6A6GMu,1.9268397405267723,4.280235466387734,2.439770190470281
510600,ZpMwnb9dWc2wJ8U8sM/xDN9n60fgii57F35vNtiUDPISjbJWDQ6wACH4th6A6GMu,1.8157672229766513,2.625295360245888,2.172713562701433
510900,ZpMwnb9dWc2wJ8U8sM/xDN9n60fgii57F35vNtiUDPISjbJWDQ6wACH4th6A6GMu,2.006623941658306,4.423435216697852,2.5555668462990684
511200,ZpMwnb9dWc2wJ8U8sM/xDN9n60fgii57F35vNtiUDPISjbJWDQ6wACH4th6A6GMu,1.8120031194118675,2.5933899542565078,2.1967863062538817
511500,ZpMwnb9dWc2wJ8U8sM/xDN9n60fgii57F35vNtiUDPISjbJWDQ6wACH4th6A6GMu,1.8274716180508608,4.1223347115162055,2.4195524899282272
511800,ZpMwnb9dWc2wJ8U8sM/xDN9n60fgii57F35vNtiUDPISjbJWDQ6wACH4th6A6GMu,1.9319822959325212,2.8086107989126896,2.295734246280026
512100,ZpMwnb9dWc2wJ8U8sM/xDN9n60fgii57F35vNtiUDPISjbJWDQ6wACH4th6A6GMu,1.9384332346951587,4.985386230769069,2.4956757829112144
512400,ZpMwnb9dWc2wJ8U8sM/xDN9n60fgii57F35vNtiUDPISjbJWDQ6wACH4th6A6GMu,1.7942297611504945,2.608555919860597,2.176879449817005
512700,ZpMwnb9dWc2wJ8U8sM/xDN9n60fgii57F35vNtiUDPISjbJWDQ6wACH4th6A6GMu,1.9949122241949293,5.075871112498185,2.5531842674179237
513000,ZpMwnb9dWc2wJ8U8sM/xDN9n60fgii57F35vNtiUDPISjbJWDQ6wACH4th6A6GMu,1.933121774975032,6.024047962954606,3.272740890390276
513300,ZpMwnb9dWc2wJ8U8sM/xDN9n60fgii57F35vNtiUDPISjbJWDQ6wACH4th6A6GMu,1.8336124020172293,5.987555246038952,3.7162163193284177
513600,ZpMwnb9dWc2wJ8U8sM/xDN9n60fgii57F35vNtiUDPISjbJWDQ6wACH4th6A6GMu,1.8851621552782984,5.1940801697324295,2.553577696449443
513900,ZpMwnb9dWc2wJ8U8sM/xDN9n60fgii57F35vNtiUDPISjbJWDQ6wACH4th6A6GMu,1.8998359728573144,5.051292251693074,2.5983881186274997
514200,ZpMwnb9dWc2wJ8U8sM/xDN9n60fgii57F35vNtiUDPISjbJWDQ6wACH4th6A6GMu,1.9434772894229069,2.858310720387523,2.2963935586716517
514500,ZpMwnb9dWc2wJ8U8sM/xDN9n60fgii57F35vNtiUDPISjbJWDQ6wACH4th6A6GMu,2.290206760489484,10.597855665945088,7.546347992857981
514800,ZpMwnb9dWc2wJ8U8sM/xDN9n60fgii57F35vNtiUDPISjbJWDQ6wACH4th6A6GMu,1.7673434559261842,9.262243586120361,4.361021611888308
515100,ZpMwnb9dWc2wJ8U8sM/xDN9n60fgii57F35vNtiUDPISjbJWDQ6wACH4th6A6GMu,1.855031243847739,3.8851300874700025,2.398714517848334
515400,ZpMwnb9dWc2wJ8U8sM/xDN9n60fgii57F35vNtiUDPISjbJWDQ6wACH4th6A6GMu,1.8842249155180764,41.893076912473056,10.807277750143667
515700,ZpMwnb9dWc2wJ8U8sM/xDN9n60fgii57F35vNtiUDPISjbJWDQ6wACH4th6A6GMu,1.9643015932776853,3.8104103305590953,2.4024274163157275
516000,ZpMwnb9dWc2wJ8U8sM/xDN9n60fgii57F35vNtiUDPISjbJWDQ6wACH4th6A6GMu,1.9293090930862873,2.985213540253549,2.3570369007721967
516300,ZpMwnb9dWc2wJ8U8sM/xDN9n60fgii57F35vNtiUDPISjbJWDQ6wACH4th6A6GMu,1.9409964853765167,5.161748153444652,2.6053310357177137
516600,ZpMwnb9dWc2wJ8U8sM/xDN9n60fgii57F35vNtiUDPISjbJWDQ6wACH4th6A6GMu,1.826720898562884,2.788070853978845,2.248141919286786
516900,ZpMwnb9dWc2wJ8U8sM/xDN9n60fgii57F35vNtiUDPISjbJWDQ6wACH4th6A6GMu,2.034702170659388,7.940921939621413,4.91275314232992
517200,ZpMwnb9dWc2wJ8U8sM/xDN9n60fgii57F35vNtiUDPISjbJWDQ6wACH4th6A6GMu,1.8282184698078747,6.688861151090296,4.702020441911024
517500,ZpMwnb9dWc2wJ8U8sM/xDN9n60fgii57F35vNtiUDPISjbJWDQ6wACH4th6A6GMu,2.034299106071918,7.011145290314044,2.9584119025652664
517800,ZpMwnb9dWc2wJ8U8sM/xDN9n60fgii57F35vNtiUDPISjbJWDQ6wACH4th6A6GMu,1.80169059802308,2.7693289934183447,2.2025605668753494
518100,ZpMwnb9dWc2wJ8U8sM/xDN9n60fgii57F35vNtiUDPISjbJWDQ6wACH4th6A6GMu,1.985171831640648,5.034251981864081,2.5920722000390697
518400,ZpMwnb9dWc2wJ8U8sM/xDN9n60fgii57F35vNtiUDPISjbJWDQ6wACH4th6A6GMu,1.951124734290529,2.725061791662434,2.239741230964808
518700,ZpMwnb9dWc2wJ8U8sM/xDN9n60fgii57F35vNtiUDPISjbJWDQ6wACH4th6A6GMu,1.7377047546431286,4.634859213805163,2.442707946056256
519000,ZpMwnb9dWc2wJ8U8sM/xDN9n60fgii57F35vNtiUDPISjbJWDQ6wACH4th6A6GMu,1.9799717087719315,3.077527841761782,2.323521597692819
519300,ZpMwnb9dWc2wJ8U8sM/xDN9n60fgii57F35vNtiUDPISjbJWDQ6wACH4th6A6GMu,1.8213420866447092,4.689598151702796,2.46652069778851
519600,ZpMwnb9dWc2wJ8U8sM/xDN9n60fgii57F35vNtiUDPISjbJWDQ6wACH4th6A6GMu,1.7802503950377055,2.9161755634059174,2.210112654933232
519900,ZpMwnb9dWc2wJ8U8sM/xDN9n60fgii57F35vNtiUDPISjbJWDQ6wACH4th6A6GMu,1.7699744592190665,4.632013789690824,2.5303778787938453
520200,ZpMwnb9dWc2wJ8U8sM/xDN9n60fgii57F35vNtiUDPISjbJWDQ6wACH4th6A6GMu,1.7110339271465929,3.4681510873711647,2.4771231631815223
520500,ZpMwnb9dWc2wJ8U8sM/xDN9n60fgii57F35vNtiUDPISjbJWDQ6wACH4th6A6GMu,1.693056110767692,4.397550026457568,2.487273339313846
520800,ZpMwnb9dWc2wJ8U8sM/xDN9n60fgii57F35vNtiUDPISjbJWDQ6wACH4th6A6GMu,2.0723691455433046,6.40839486821207,3.376885458850694
521100,ZpMwnb9dWc2wJ8U8sM/xDN9n60fgii57F35vNtiUDPISjbJWDQ6wACH4th6A6GMu,1.94380661105736,7.492701206822329,4.003881140392553
521400,ZpMwnb9dWc2wJ8U8sM/xDN9n60fgii57F35vNtiUDPISjbJWDQ6wACH4th6A6GMu,1.8885685073590577,3.002228732290439,2.280102037434248
521700,ZpMwnb9dWc2wJ8U8sM/xDN9n60fgii57F35vNtiUDPISjbJWDQ6wACH4th6A6GMu,1.876482655735686,4.934693284474374,2.601644883017624
522000,ZpMwnb9dWc2wJ8U8sM/xDN9n60fgii57F35vNtiUDPISjbJWDQ6wACH4th6A6GMu,1.7673764881435128,2.5632427613848523,2.231608481720655
522300,ZpMwnb9dWc2wJ8U8sM/xDN9n60fgii57F35vNtiUDPISjbJWDQ6wACH4th6A6GMu,1.8849859825332853,4.945430813365364,2.485459226679992
522600,ZpMwnb9dWc2wJ8U8sM/xDN9n60fgii57F35vNtiUDPISjbJWDQ6wACH4th6A6GMu,1.9106252322102109,2.9876461738115294,2.3014656978139887
522900,ZpMwnb9dWc2wJ8U8sM/xDN9n60fgii57F35vNtiUDPISjbJWDQ6wACH4th6A6GMu,1.7714358352538766,4.915033786979096,2.501141417427142
523200,ZpMwnb9dWc2wJ8U8sM/xDN9n60fgii57F35vNtiUDPISjbJWDQ6wACH4th6A6GMu,1.7441851138252344,2.6059108781755165,2.194837495472906
523500,ZpMwnb9dWc2wJ8U8sM/xDN9n60fgii57F35vNtiUDPISjbJWDQ6wACH4th6A6GMu,1.7917363686004506,4.926300525741997,2.516920506035254
523800,ZpMwnb9dWc2wJ8U8sM/xDN9n60fgii57F35vNtiUDPISjbJWDQ6wACH4th6A6GMu,1.7696332593444413,2.526299811652071,2.166418926197037
524100,ZpMwnb9dWc2wJ8U8sM/xDN9n60fgii57F35vNtiUDPISjbJWDQ6wACH4th6A6GMu,1.7529110634364815,5.016101228916496,2.448029560515427
524400,ZpMwnb9dWc2wJ8U8sM/xDN9n60fgii57F35vNtiUDPISjbJWDQ6wACH4th6A6GMu,1.9364809568852144,2.8132917419228187,2.277409263426751
524700,ZpMwnb9dWc2wJ8U8sM/xDN9n60fgii57F35vNtiUDPISjbJWDQ6wACH4th6A6GMu,2.263387736702714,6.7444335765304455,4.849156409498095
525000,ZpMwnb9dWc2wJ8U8sM/xDN9n60fgii57F35vNtiUDPISjbJWDQ6wACH4th6A6GMu,1.7736009357177378,2.50510214825825,2.1852034770931974
525300,ZpMwnb9dWc2wJ8U8sM/xDN9n60fgii57F35vNtiUDPISjbJWDQ6wACH4th6A6GMu,1.872428291033096,4.7277388364615724,2.586880721315693
525600,ZpMwnb9dWc2wJ8U8sM/xDN9n60fgii57F35vNtiUDPISjbJWDQ6wACH4th6A6GMu,1.8102892267290367,2.6815808934545933,2.2061570392385383
525900,ZpMwnb9dWc2wJ8U8sM/xDN9n60fgii57F35vNtiUDPISjbJWDQ6wACH4th6A6GMu,1.809352968377664,4.933170927777088,2.462617566335593
526200,ZpMwnb9dWc2wJ8U8sM/xDN9n60fgii57F35vNtiUDPISjbJWDQ6wACH4th6A6GMu,1.8184091165391527,2.8895009481428917,2.273710996966928
526500,ZpMwnb9dWc2wJ8U8sM/xDN9n60fgii57F35vNtiUDPISjbJWDQ6wACH4th6A6GMu,1.8528047791126496,13.570438739308482,3.6549870641531226
526800,ZpMwnb9dWc2wJ8U8sM/xDN9n60fgii57F35vNtiUDPISjbJWDQ6wACH4th6A6GMu,1.827416613493316,2.6595855938483286,2.242306802553009
527100,ZpMwnb9dWc2wJ8U8sM/xDN9n60fgii57F35vNtiUDPISjbJWDQ6wACH4th6A6GMu,1.7937857066711096,5.525149312727633,2.532419627821355
527400,ZpMwnb9dWc2wJ8U8sM/xDN9n60fgii57F35vNtiUDPISjbJWDQ6wACH4th6A6GMu,1.9313148390699917,3.314696750174678,2.265878997720022
527700,ZpMwnb9dWc2wJ8U8sM/xDN9n60fgii57F35vNtiUDPISjbJWDQ6wACH4th6A6GMu,1.7749061906846415,5.016262508601145,2.4852714775862577
528000,ZpMwnb9dWc2wJ8U8sM/xDN9n60fgii57F35vNtiUDPISjbJWDQ6wACH4th6A6GMu,1.7576570316606055,3.075870971041975,2.2951825637865166
528300,ZpMwnb9dWc2wJ8U8sM/xDN9n60fgii57F35vNtiUDPISjbJWDQ6wACH4th6A6GMu,1.7706435760689578,8.537270048676525,3.3533046879722894
528600,ZpMwnb9dWc2wJ8U8sM/xDN9n60fgii57F35vNtiUDPISjbJWDQ6wACH4th6A6GMu,1.969587735960754,6.201893676962864,3.728413337393687
528900,ZpMwnb9dWc2wJ8U8sM/xDN9n60fgii57F35vNtiUDPISjbJWDQ6wACH4th6A6GMu,1.8370286988808944,5.360784179585178,2.546000060540065
529200,ZpMwnb9dWc2wJ8U8sM/xDN9n60fgii57F35vNtiUDPISjbJWDQ6wACH4th6A6GMu,1.919627301666388,2.6734700019010327,2.231940248919722
529500,ZpMwnb9dWc2wJ8U8sM/xDN9n60fgii57F35vNtiUDPISjbJWDQ6wACH4th6A6GMu,1.930811399940462,4.902690282478733,2.392536892923548
529800,ZpMwnb9dWc2wJ8U8sM/xDN9n60fgii57F35vNtiUDPISjbJWDQ6wACH4th6A6GMu,1.8012163815838105,2.8521363394723247,2.321331361682821
530100,ZpMwnb9dWc2wJ8U8sM/xDN9n60fgii57F35vNtiUDPISjbJWDQ6wACH4th6A6GMu,1.7776366370910903,4.9685220023338506,2.5052484237640638
530400,ZpMwnb9dWc2wJ8U8sM/xDN9n60fgii57F35vNtiUDPISjbJWDQ6wACH4th6A6GMu,1.7825919733920883,2.6199662436990363,2.2085190578839184
530700,ZpMwnb9dWc2wJ8U8sM/xDN9n60fgii57F35vNtiUDPISjbJWDQ6wACH4th6A6GMu,1.9405395416911364,2.8782008738530056,2.2752074097817245
531000,ZpMwnb9dWc2wJ8U8sM/xDN9n60fgii57F35vNtiUDPISjbJWDQ6wACH4th6A6GMu,1.7953781316136266,5.236528431968446,2.469057138986339
531300,ZpMwnb9dWc2wJ8U8sM/xDN9n60fgii57F35vNtiUDPISjbJWDQ6wACH4th6A6GMu,1.8089717022701384,2.708115014672899,2.219261394153372
531600,ZpMwnb9dWc2wJ8U8sM/xDN9n60fgii57F35vNtiUDPISjbJWDQ6wACH4th6A6GMu,1.959756826671344,5.019321734063701,2.5024391012232274
531900,ZpMwnb9dWc2wJ8U8sM/xDN9n60fgii57F35vNtiUDPISjbJWDQ6wACH4th6A6GMu,1.86829294511284,4.49196174413779,2.488854142859525
532200,ZpMwnb9dWc2wJ8U8sM/xDN9n60fgii57F35vNtiUDPISjbJWDQ6wACH4th6A6GMu,2.089016877020639,6.539693013819033,4.524200929165924
532500,ZpMwnb9dWc2wJ8U8sM/xDN9n60fgii57F35vNtiUDPISjbJWDQ6wACH4th6A6GMu,2.105018622908504,2.6297631672449477,2.329960700033608
532800,ZpMwnb9dWc2wJ8U8sM/xDN9n60fgii57F35vNtiUDPISjbJWDQ6wACH4th6A6GMu,1.7890425847873903,5.1546356145004015,2.455718205931212
533100,ZpMwnb9dWc2wJ8U8sM/xDN9n60fgii57F35vNtiUDPISjbJWDQ6wACH4th6A6GMu,1.7770343476134924,2.4290275844929345,2.133093394623132
533400,ZpMwnb9dWc2wJ8U8sM/xDN9n60fgii57F35vNtiUDPISjbJWDQ6wACH4th6A6GMu,1.74416445722136,4.746320366021561,2.51294928903334
533700,ZpMwnb9dWc2wJ8U8sM/xDN9n60fgii57F35vNtiUDPISjbJWDQ6wACH4th6A6GMu,1.8998543031685544,2.636951001415559,2.2210459001004987
534000,ZpMwnb9dWc2wJ8U8sM/xDN9n60fgii57F35vNtiUDPISjbJWDQ6wACH4th6A6GMu,1.9429037647218383,15.277855125685672,3.930331916093955
534300,ZpMwnb9dWc2wJ8U8sM/xDN9n60fgii57F35vNtiUDPISjbJWDQ6wACH4th6A6GMu,1.7680303719508468,2.8267413700383663,2.2788695309806144
534600,ZpMwnb9dWc2wJ8U8sM/xDN9n60fgii57F35vNtiUDPISjbJWDQ6wACH4th6A6GMu,1.8801690974863168,5.4530401489973706,2.5221726201154127
534900,ZpMwnb9dWc2wJ8U8sM/xDN9n60fgii57F35vNtiUDPISjbJWDQ6wACH4th6A6GMu,1.7649335584380723,2.5408643286304478,2.1962405259083737
535200,ZpMwnb9dWc2wJ8U8sM/xDN9n60fgii57F35vNtiUDPISjbJWDQ6wACH4th6A6GMu,1.993120675171432,4.517239901665887,2.608664927749211
535500,ZpMwnb9dWc2wJ8U8sM/xDN9n60fgii57F35vNtiUDPISjbJWDQ6wACH4th6A6GMu,1.8459129767523907,5.706203595643629,2.611134377742244
535800,ZpMwnb9dWc2wJ8U8sM/xDN9n60fgii57F35vNtiUDPISjbJWDQ6wACH4th6A6GMu,2.027469269598331,6.579335133811419,2.88275035006194
536100,ZpMwnb9dWc2wJ8U8sM/xDN9n60fgii57F35vNtiUDPISjbJWDQ6wACH4th6A6GMu,2.2775012872351894,6.116439277911991,4.2131403234834455
536400,ZpMwnb9dWc2wJ8U8sM/xDN9n60fgii57F35vNtiUDPISjbJWDQ6wACH4th6A6GMu,1.8611627128318715,5.308449036512227,2.5425079145409977
536700,ZpMwnb9dWc2wJ8U8sM/xDN9n60fgii57F35vNtiUDPISjbJWDQ6wACH4th6A6GMu,1.80361048462288,2.7685523260814016,2.260641307952364
537000,ZpMwnb9dWc2wJ8U8sM/xDN9n60fgii57F35vNtiUDPISjbJWDQ6wACH4th6A6GMu,1.9913569249749905,5.326024488561749,2.5745977823642563
537300,ZpMwnb9dWc2wJ8U8sM/xDN9n60fgii57F35vNtiUDPISjbJWDQ6wACH4th6A6GMu,1.8641086211098965,2.526073468324462,2.237683313700203
537600,ZpMwnb9dWc2wJ8U8sM/xDN9n60fgii57F35vNtiUDPISjbJWDQ6wACH4th6A6GMu,1.7758289535011869,5.180752049559279,2.478973407163204
537900,ZpMwnb9dWc2wJ8U8sM/xDN9n60fgii57F35vNtiUDPISjbJWDQ6wACH4th6A6GMu,1.834815238722268,2.780613437874605,2.2925956134526007
538200,ZpMwnb9dWc2wJ8U8sM/xDN9n60fgii57F35vNtiUDPISjbJWDQ6wACH4th6A6GMu,1.9168428156964887,5.040023243980787,2.4778737785344136
538500,ZpMwnb9dWc2wJ8U8sM/xDN9n60fgii57F35vNtiUDPISjbJWDQ6wACH4th6A6GMu,2.0178345502553308,2.393565857637613,2.233646873434444
538800,ZpMwnb9dWc2wJ8U8sM/xDN9n60fgii57F35vNtiUDPISjbJWDQ6wACH4th6A6GMu,1.9102916140082928,4.906974096114129,2.5084534981151294
539100,ZpMwnb9dWc2wJ8U8sM/xDN9n60fgii57F35vNtiUDPISjbJWDQ6wACH4th6A6GMu,1.9946285294268504,4.613698830368016,2.525882094942868
539400,ZpMwnb9dWc2wJ8U8sM/xDN9n60fgii57F35vNtiUDPISjbJWDQ6wACH4th6A6GMu,1.854861531940236,4.764325931306424,2.436405108343625
539700,ZpMwnb9dWc2wJ8U8sM/xDN9n60fgii57F35vNtiUDPISjbJWDQ6wACH4th6A6GMu,2.0615139636724757,6.227918222191041,4.3080009161998944
540000,ZpMwnb9dWc2wJ8U8sM/xDN9n60fgii57F35vNtiUDPISjbJWDQ6wACH4th6A6GMu,1.9173297338686737,4.34933098359172,2.595630675922664
540300,ZpMwnb9dWc2wJ8U8sM/xDN9n60fgii57F35vNtiUDPISjbJWDQ6wACH4th6A6GMu,1.8377337322584173,2.503893399934596,2.189633624091986
540600,ZpMwnb9dWc2wJ8U8sM/xDN9n60fgii57F35vNtiUDPISjbJWDQ6wACH4th6A6GMu,1.765282285607811,5.112618426101395,2.518533379911412
540900,ZpMwnb9dWc2wJ8U8sM/xDN9n60fgii57F35vNtiUDPISjbJWDQ6wACH4th6A6GMu,1.803589152445942,3.773937921199856,2.4727365746237053
541200,ZpMwnb9dWc2wJ8U8sM/xDN9n60fgii57F35vNtiUDPISjbJWDQ6wACH4th6A6GMu,1.8427267973431576,7.31924155167333,3.412109229960413
541500,ZpMwnb9dWc2wJ8U8sM/xDN9n60fgii57F35vNtiUDPISjbJWDQ6wACH4th6A6GMu,2.0471022481192462,25.229497618792745,5.454326769829457
541800,ZpMwnb9dWc2wJ8U8sM/xDN9n60fgii57F35vNtiUDPISjbJWDQ6wACH4th6A6GMu,1.9289354935669256,4.049136341908911,2.432343476463637
542100,ZpMwnb9dWc2wJ8U8sM/xDN9n60fgii57F35vNtiUDPISjbJWDQ6wACH4th6A6GMu,1.856815888634028,3.194469797442215,2.4485857041038335
542400,ZpMwnb9dWc2wJ8U8sM/xDN9n60fgii57F35vNtiUDPISjbJWDQ6wACH4th6A6GMu,1.8116459859702836,5.0047775598688,2.6140316841110134
542700,ZpMwnb9dWc2wJ8U8sM/xDN9n60fgii57F35vNtiUDPISjbJWDQ6wACH4th6A6GMu,1.9484288857111485,5.468075018907503,2.544276407249852
543000,ZpMwnb9dWc2wJ8U8sM/xDN9n60fgii57F35vNtiUDPISjbJWDQ6wACH4th6A6GMu,1.9923593314311947,5.175270643514065,2.676199006600564
543300,ZpMwnb9dWc2wJ8U8sM/xDN9n60fgii57F35vNtiUDPISjbJWDQ6wACH4th6A6GMu,2.0507574955748806,3.071261689107869,2.472498670522856
543600,ZpMwnb9dWc2wJ8U8sM/xDN9n60fgii57F35vNtiUDPISjbJWDQ6wACH4th6A6GMu,6.8007517501878825,11.34387501007332,8.694319848271665
543900,ZpMwnb9dWc2wJ8U8sM/xDN9n60fgii57F35vNtiUDPISjbJWDQ6wACH4th6A6GMu,2.260142103794448,14.014010295924852,7.141319465079126
544200,ZpMwnb9dWc2wJ8U8sM/xDN9n60fgii57F35vNtiUDPISjbJWDQ6wACH4th6A6GMu,2.1836740261544723,38.40857130444274,11.189741880799833
544500,ZpMwnb9dWc2wJ8U8sM/xDN9n60fgii57F35vNtiUDPISjbJWDQ6wACH4th6A6GMu,1.855353975718545,2.635394457232688,2.2747149515495377
544800,ZpMwnb9dWc2wJ8U8sM/xDN9n60fgii57F35vNtiUDPISjbJWDQ6wACH4th6A6GMu,2.0277877439699536,4.3920274369153125,2.5681014857276647
545100,ZpMwnb9dWc2wJ8U8sM/xDN9n60fgii57F35vNtiUDPISjbJWDQ6wACH4th6A6GMu,1.9100621952826475,2.965193104103531,2.28356246840057
545400,ZpMwnb9dWc2wJ8U8sM/xDN9n60fgii57F35vNtiUDPISjbJWDQ6wACH4th6A6GMu,2.0163931249108504,5.103706327079047,2.4759687971609265
545700,ZpMwnb9dWc2wJ8U8sM/xDN9n60fgii57F35vNtiUDPISjbJWDQ6wACH4th6A6GMu,1.8254133588693395,2.763757820921515,2.2415123136783697
546000,ZpMwnb9dWc2wJ8U8sM/xDN9n60fgii57F35vNtiUDPISjbJWDQ6wACH4th6A6GMu,1.881251946533368,4.886644434109934,2.554521655857109
546300,ZpMwnb9dWc2wJ8U8sM/xDN9n60fgii57F35vNtiUDPISjbJWDQ6wACH4th6A6GMu,1.867799519419481,6.68041426478595,2.629217998427927
546600,ZpMwnb9dWc2wJ8U8sM/xDN9n60fgii57F35vNtiUDPISjbJWDQ6wACH4th6A6GMu,1.7829146630708987,4.790773311023399,2.415002256251042
546900,ZpMwnb9dWc2wJ8U8sM/xDN9n60fgii57F35vNtiUDPISjbJWDQ6wACH4th6A6GMu,1.871520727652388,2.7735692398244844,2.3370368269133186
547200,ZpMwnb9dWc2wJ8U8sM/xDN9n60fgii57F35vNtiUDPISjbJWDQ6wACH4th6A6GMu,2.1173649780519304,6.376370918802462,3.9868610373589584
547500,ZpMwnb9dWc2wJ8U8sM/xDN9n60fgii57F35vNtiUDPISjbJWDQ6wACH4th6A6GMu,1.819960827255651,5.620973525755984,2.549391334372915
547800,ZpMwnb9dWc2wJ8U8sM/xDN9n60fgii57F35vNtiUDPISjbJWDQ6wACH4th6A6GMu,1.9003863107509744,5.084220121907172,2.514228319844888
548100,ZpMwnb9dWc2wJ8U8sM/xDN9n60fgii57F35vNtiUDPISjbJWDQ6wACH4th6A6GMu,1.874741252429674,2.5625552365927087,2.179932392974134
548400,ZpMwnb9dWc2wJ8U8sM/xDN9n60fgii57F35vNtiUDPISjbJWDQ6wACH4th6A6GMu,1.9419021039395497,4.936061344219575,2.4496163602393395
548700,ZpMwnb9dWc2wJ8U8sM/xDN9n60fgii57F35vNtiUDPISjbJWDQ6wACH4th6A6GMu,1.85200481957979,3.02791752928571,2.2725815482971945
549000,ZpMwnb9dWc2wJ8U8sM/xDN9n60fgii57F35vNtiUDPISjbJWDQ6wACH4th6A6GMu,1.9727583291861093,4.784834643028788,2.5546725757450384
549300,ZpMwnb9dWc2wJ8U8sM/xDN9n60fgii57F35vNtiUDPISjbJWDQ6wACH4th6A6GMu,1.8094253580847115,2.7622578177970287,2.207020869294676
549600,ZpMwnb9dWc2wJ8U8sM/xDN9n60fgii57F35vNtiUDPISjbJWDQ6wACH4th6A6GMu,1.8351621016168675,4.379733522269932,2.5277101824181902
549900,ZpMwnb9dWc2wJ8U8sM/xDN9n60fgii57F35vNtiUDPISjbJWDQ6wACH4th6A6GMu,1.854079683112698,4.343190730544385,2.5068926519016967
550200,ZpMwnb9dWc2wJ8U8sM/xDN9n60fgii57F35vNtiUDPISjbJWDQ6wACH4th6A6GMu,1.7987204256788765,4.911373143822149,2.51380393717822
550500,ZpMwnb9dWc2wJ8U8sM/xDN9n60fgii57F35vNtiUDPISjbJWDQ6wACH4th6A6GMu,2.00491268474224,2.839727734541024,2.3072931870678555
550800,ZpMwnb9dWc2wJ8U8sM/xDN9n60fgii57F35vNtiUDPISjbJWDQ6wACH4th6A6GMu,1.8311711926331449,4.910058606490477,2.4424733902394724
551100,ZpMwnb9dWc2wJ8U8sM/xDN9n60fgii57F35vNtiUDPISjbJWDQ6wACH4th6A6GMu,2.0802086520364726,5.800176406388653,5.1022710358550025
551400,ZpMwnb9dWc2wJ8U8sM/xDN9n60fgii57F35vNtiUDPISjbJWDQ6wACH4th6A6GMu,1.8401056853765003,4.88520973115535,2.5146889326288338
551700,ZpMwnb9dWc2wJ8U8sM/xDN9n60fgii57F35vNtiUDPISjbJWDQ6wACH4th6A6GMu,1.8089190574921887,2.502533015585521,2.1995577539731808
552000,ZpMwnb9dWc2wJ8U8sM/xDN9n60fgii57F35vNtiUDPISjbJWDQ6wACH4th6A6GMu,1.9386099299077009,4.98300766314806,2.417997558219617
552300,ZpMwnb9dWc2wJ8U8sM/xDN9n60fgii57F35vNtiUDPISjbJWDQ6wACH4th6A6GMu,1.9725962046055483,3.0318205311469284,2.232778466699435
552600,ZpMwnb9dWc2wJ8U8sM/xDN9n60fgii57F35vNtiUDPISjbJWDQ6wACH4th6A6GMu,1.8641780553135197,5.084761001215069,2.445159803084322
552900,ZpMwnb9dWc2wJ8U8sM/xDN9n60fgii57F35vNtiUDPISjbJWDQ6wACH4th6A6GMu,1.960926824054861,2.551918623007847,2.2141881576438345
553200,ZpMwnb9dWc2wJ8U8sM/xDN9n60fgii57F35vNtiUDPISjbJWDQ6wACH4th6A6GMu,1.9977229022930008,4.5418777191877115,2.5351807341600674
553500,ZpMwnb9dWc2wJ8U8sM/xDN9n60fgii57F35vNtiUDPISjbJWDQ6wACH4th6A6GMu,1.851538837112559,5.8893570266176765,2.5117446957471667
553800,ZpMwnb9dWc2wJ8U8sM/xDN9n60fgii57F35vNtiUDPISjbJWDQ6wACH4th6A6GMu,1.9427432373829037,4.376984878346417,2.419853429989814
554100,ZpMwnb9dWc2wJ8U8sM/xDN9n60fgii57F35vNtiUDPISjbJWDQ6wACH4th6A6GMu,2.0248100727937097,2.785220969191496,2.3613485122795725
554400,ZpMwnb9dWc2wJ8U8sM/xDN9n60fgii57F35vNtiUDPISjbJWDQ6wACH4th6A6GMu,1.8644360821464785,4.336085551751883,2.427222739071598
554700,ZpMwnb9dWc2wJ8U8sM/xDN9n60fgii57F35vNtiUDPISjbJWDQ6wACH4th6A6GMu,1.9434883870499773,4.618623444803059,2.41020099738744
555000,ZpMwnb9dWc2wJ8U8sM/xDN9n60fgii57F35vNtiUDPISjbJWDQ6wACH4th6A6GMu,2.0215620241565704,7.820306695572871,4.614326398016412
555300,ZpMwnb9dWc2wJ8U8sM/xDN9n60fgii57F35vNtiUDPISjbJWDQ6wACH4th6A6GMu,1.977967452800696,2.395426168114741,2.160775148762057
555600,ZpMwnb9dWc2wJ8U8sM/xDN9n60fgii57F35vNtiUDPISjbJWDQ6wACH4th6A6GMu,1.9012949158279224,4.731566722447684,2.3913210911799863
555900,ZpMwnb9dWc2wJ8U8sM/xDN9n60fgii57F35vNtiUDPISjbJWDQ6wACH4th6A6GMu,1.975449597174228,2.6611006018890606,2.234853214764824
556200,ZpMwnb9dWc2wJ8U8sM/xDN9n60fgii57F35vNtiUDPISjbJWDQ6wACH4th6A6GMu,1.78510565131651,4.8546129463682135,2.533261664937804
556500,ZpMwnb9dWc2wJ8U8sM/xDN9n60fgii57F35vNtiUDPISjbJWDQ6wACH4th6A6GMu,1.8840122258627368,2.5073780736254307,2.184393335484623
556800,ZpMwnb9dWc2wJ8U8sM/xDN9n60fgii57F35vNtiUDPISjbJWDQ6wACH4th6A6GMu,2.0126357258268857,4.71823822394818,2.5005430200820795
557100,ZpMwnb9dWc2wJ8U8sM/xDN9n60fgii57F35vNtiUDPISjbJWDQ6wACH4th6A6GMu,2.0108415541300038,4.328428859959986,2.57292786652635
557400,ZpMwnb9dWc2wJ8U8sM/xDN9n60fgii57F35vNtiUDPISjbJWDQ6wACH4th6A6GMu,1.9663909759024687,9.405496976252536,3.2643007969026923
557700,ZpMwnb9dWc2wJ8U8sM/xDN9n60fgii57F35vNtiUDPISjbJWDQ6wACH4th6A6GMu,2.0155201044210065,2.753844713378648,2.340543632549032
558000,ZpMwnb9dWc2wJ8U8sM/xDN9n60fgii57F35vNtiUDPISjbJWDQ6wACH4th6A6GMu,1.9370986707280395,4.672242000643988,2.454606663744894
558300,ZpMwnb9dWc2wJ8U8sM/xDN9n60fgii57F35vNtiUDPISjbJWDQ6wACH4th6A6GMu,1.9838217032126293,2.49897247231209,2.1805280472320465
558600,ZpMwnb9dWc2wJ8U8sM/xDN9n60fgii57F35vNtiUDPISjbJWDQ6wACH4th6A6GMu,1.979839929325826,6.550706442686496,4.126287363134497
558900,ZpMwnb9dWc2wJ8U8sM/xDN9n60fgii57F35vNtiUDPISjbJWDQ6wACH4th6A6GMu,1.871375281630809,6.295651080774865,2.9821251823761696
559200,ZpMwnb9dWc2wJ8U8sM/xDN9n60fgii57F35vNtiUDPISjbJWDQ6wACH4th6A6GMu,1.8284846605786196,5.049085191074884,2.413928794663495
559500,ZpMwnb9dWc2wJ8U8sM/xDN9n60fgii57F35vNtiUDPISjbJWDQ6wACH4th6A6GMu,1.9854924039003372,2.645001202299786,2.2553650622451737
559800,ZpMwnb9dWc2wJ8U8sM/xDN9n60fgii57F35vNtiUDPISjbJWDQ6wACH4th6A6GMu,1.9093793136487984,5.068335143370639,2.445927634114853
560100,ZpMwnb9dWc2wJ8U8sM/xDN9n60fgii57F35vNtiUDPISjbJWDQ6wACH4th6A6GMu,1.935432552945052,2.3914441809080964,2.155642895348459
560400,ZpMwnb9dWc2wJ8U8sM/xDN9n60fgii57F35vNtiUDPISjbJWDQ6wACH4th6A6GMu,2.066636253556029,5.095536087155859,2.505849162428255
560700,ZpMwnb9dWc2wJ8U8sM/xDN9n60fgii57F35vNtiUDPISjbJWDQ6wACH4th6A6GMu,1.935650307825729,5.235001365164044,2.534992499022912
561000,ZpMwnb9dWc2wJ8U8sM/xDN9n60fgii57F35vNtiUDPISjbJWDQ6wACH4th6A6GMu,1.9190040455348325,4.914754821738455,2.4016892477822878
561300,ZpMwnb9dWc2wJ8U8sM/xDN9n60fgii57F35vNtiUDPISjbJWDQ6wACH4th6A6GMu,1.9854581646245908,2.9799385760310537,2.425217381097063
561600,ZpMwnb9dWc2wJ8U8sM/xDN9n60fgii57F35vNtiUDPISjbJWDQ6wACH4th6A6GMu,1.9161546942180805,5.104118151989004,2.472784109409107
561900,ZpMwnb9dWc2wJ8U8sM/xDN9n60fgii57F35vNtiUDPISjbJWDQ6wACH4th6A6GMu,1.7966646387567424,2.5744643053977807,2.185825955530877
562200,ZpMwnb9dWc2wJ8U8sM/xDN9n60fgii57F35vNtiUDPISjbJWDQ6wACH4th6A6GMu,2.031623538827359,5.088788962404513,2.525795060738443
562500,ZpMwnb9dWc2wJ8U8sM/xDN9n60fgii57F35vNtiUDPISjbJWDQ6wACH4th6A6GMu,2.5045301845886243,6.000977497319387,4.628022289427689
562800,ZpMwnb9dWc2wJ8U8sM/xDN9n60fgii57F35vNtiUDPISjbJWDQ6wACH4th6A6GMu,1.9365566367851144,4.941319911650793,2.4160633466935626
563100,ZpMwnb9dWc2wJ8U8sM/xDN9n60fgii57F35vNtiUDPISjbJWDQ6wACH4th6A6GMu,1.9828836985792773,2.70509855978134,2.2793678014509924
563400,ZpMwnb9dWc2wJ8U8sM/xDN9n60fgii57F35vNtiUDPISjbJWDQ6wACH4th6A6GMu,1.985812378303767,4.87407203152563,2.532843608547876
563700,ZpMwnb9dWc2wJ8U8sM/xDN9n60fgii57F35vNtiUDPISjbJWDQ6wACH4th6A6GMu,1.9517292245419733,2.4652628960582894,2.2012673306694674
564000,ZpMwnb9dWc2wJ8U8sM/xDN9n60fgii57F35vNtiUDPISjbJWDQ6wACH4th6A6GMu,2.0293730774427496,4.790296493509751,2.5597431941537496
564300,ZpMwnb9dWc2wJ8U8sM/xDN9n60fgii57F35vNtiUDPISjbJWDQ6wACH4th6A6GMu,1.9758591944658088,5.719534256840955,2.5511088625845666
564600,ZpMwnb9dWc2wJ8U8sM/xDN9n60fgii57F35vNtiUDPISjbJWDQ6wACH4th6A6GMu,1.9654835858243291,4.635694506574492,2.4292211702349693
564900,ZpMwnb9dWc2wJ8U8sM/xDN9n60fgii57F35vNtiUDPISjbJWDQ6wACH4th6A6GMu,1.966639651716922,2.7813423762833374,2.385696235944736
565200,ZpMwnb9dWc2wJ8U8sM/xDN9n60fgii57F35vNtiUDPISjbJWDQ6wACH4th6A6GMu,1.9646491188249664,4.5182939795316495,2.480461595507516
565500,ZpMwnb9dWc2wJ8U8sM/xDN9n60fgii57F35vNtiUDPISjbJWDQ6wACH4th6A6GMu,1.8348496151270524,2.5024190927358063,2.1989593471718143
565800,ZpMwnb9dWc2wJ8U8sM/xDN9n60fgii57F35vNtiUDPISjbJWDQ6wACH4th6A6GMu,1.9364380281811877,4.958685589369894,2.5077683909086943
566100,ZpMwnb9dWc2wJ8U8sM/xDN9n60fgii57F35vNtiUDPISjbJWDQ6wACH4th6A6GMu,2.0003105053865564,5.745689437100792,2.864414699069292
566400,ZpMwnb9dWc2wJ8U8sM/xDN9n60fgii57F35vNtiUDPISjbJWDQ6wACH4th6A6GMu,2.2307268443179,5.970052838222728,4.016498827197811
566700,ZpMwnb9dWc2wJ8U8sM/xDN9n60fgii57F35vNtiUDPISjbJWDQ6wACH4th6A6GMu,1.9764733968413608,2.80148224889511,2.243421900774517
567000,ZpMwnb9dWc2wJ8U8sM/xDN9n60fgii57F35vNtiUDPISjbJWDQ6wACH4th6A6GMu,1.7333415709583722,4.7907664994590045,2.484479239273262
567300,ZpMwnb9dWc2wJ8U8sM/xDN9n60fgii57F35vNtiUDPISjbJWDQ6wACH4th6A6GMu,2.107783062621845,4.019000722361848,2.8605162755825497
567600,ZpMwnb9dWc2wJ8U8sM/xDN9n60fgii57F35vNtiUDPISjbJWDQ6wACH4th6A6GMu,1.8624493854228896,4.882511880261163,2.874956183236041
567900,ZpMwnb9dWc2wJ8U8sM/xDN9n60fgii57F35vNtiUDPISjbJWDQ6wACH4th6A6GMu,1.7831543137990808,4.409838014670608,2.562869020411215
568200,ZpMwnb9dWc2wJ8U8sM/xDN9n60fgii57F35vNtiUDPISjbJWDQ6wACH4th6A6GMu,1.736927246722919,4.082610080988656,2.4276896327976654
568500,ZpMwnb9dWc2wJ8U8sM/xDN9n60fgii57F35vNtiUDPISjbJWDQ6wACH4th6A6GMu,1.8654842736538848,3.008889548317601,2.350215950992512
568800,ZpMwnb9dWc2wJ8U8sM/xDN9n60fgii57F35vNtiUDPISjbJWDQ6wACH4th6A6GMu,1.7098117117961409,4.552123104840587,2.42581453865326
569100,ZpMwnb9dWc2wJ8U8sM/xDN9n60fgii57F35vNtiUDPISjbJWDQ6wACH4th6A6GMu,1.7338322580381067,2.7711366717947454,2.169152673639432
569400,ZpMwnb9dWc2wJ8U8sM/xDN9n60fgii57F35vNtiUDPISjbJWDQ6wACH4th6A6GMu,1.7385150439036576,4.556028588902242,2.50914335781833
569700,ZpMwnb9dWc2wJ8U8sM/xDN9n60fgii57F35vNtiUDPISjbJWDQ6wACH4th6A6GMu,1.7412275749382515,2.7940975738879787,2.21861639178302
570000,ZpMwnb9dWc2wJ8U8sM/xDN9n60fgii57F35vNtiUDPISjbJWDQ6wACH4th6A6GMu,1.6574645092020153,7.875144223298294,4.4815127761115
570300,ZpMwnb9dWc2wJ8U8sM/xDN9n60fgii57F35vNtiUDPISjbJWDQ6wACH4th6A6GMu,1.8155239655639015,5.84063073413664,2.714981282924809
570600,ZpMwnb9dWc2wJ8U8sM/xDN9n60fgii57F35vNtiUDPISjbJWDQ6wACH4th6A6GMu,1.831866922116152,5.0660986978874725,2.55871536284527
570900,ZpMwnb9dWc2wJ8U8sM/xDN9n60fgii57F35vNtiUDPISjbJWDQ6wACH4th6A6GMu,2.0140392741979114,2.614236830960087,2.2587527830621834
571200,ZpMwnb9dWc2wJ8U8sM/xDN9n60fgii57F35vNtiUDPISjbJWDQ6wACH4th6A6GMu,1.7945711006695533,4.6390031363662905,2.5879599047183444
571500,ZpMwnb9dWc2wJ8U8sM/xDN9n60fgii57F35vNtiUDPISjbJWDQ6wACH4th6A6GMu,1.873247300096264,6.087358601941435,2.5878323149065574
571800,ZpMwnb9dWc2wJ8U8sM/xDN9n60fgii57F35vNtiUDPISjbJWDQ6wACH4th6A6GMu,1.8181944661722729,4.6692004019880695,2.483425320637286
572100,ZpMwnb9dWc2wJ8U8sM/xDN9n60fgii57F35vNtiUDPISjbJWDQ6wACH4th6A6GMu,1.8990370275185935,2.8853180773857625,2.347631618474922
572400,ZpMwnb9dWc2wJ8U8sM/xDN9n60fgii57F35vNtiUDPISjbJWDQ6wACH4th6A6GMu,1.8071914521062435,4.461429728359351,2.461950637877176
572700,ZpMwnb9dWc2wJ8U8sM/xDN9n60fgii57F35vNtiUDPISjbJWDQ6wACH4th6A6GMu,1.8651913842329564,9.156113286291223,4.518479172675163
573000,ZpMwnb9dWc2wJ8U8sM/xDN9n60fgii57F35vNtiUDPISjbJWDQ6wACH4th6A6GMu,5.272755498528339,47.23193125624461,16.437101976884467
573300,ZpMwnb9dWc2wJ8U8sM/xDN9n60fgii57F35vNtiUDPISjbJWDQ6wACH4th6A6GMu,2.0404206693287037,2.6992980240040736,2.3471499823206465
573600,ZpMwnb9dWc2wJ8U8sM/xDN9n60fgii57F35vNtiUDPISjbJWDQ6wACH4th6A6GMu,1.7956959033052535,5.817647981795836,2.496432427810134
573900,ZpMwnb9dWc2wJ8U8sM/xDN9n60fgii57F35vNtiUDPISjbJWDQ6wACH4th6A6GMu,1.9480880814049992,5.942671274260649,4.521644460021182
574200,ZpMwnb9dWc2wJ8U8sM/xDN9n60fgii57F35vNtiUDPISjbJWDQ6wACH4th6A6GMu,1.8223319756002267,5.491758884351012,2.4665350421841303
574500,ZpMwnb9dWc2wJ8U8sM/xDN9n60fgii57F35vNtiUDPISjbJWDQ6wACH4th6A6GMu,1.8148783757493825,3.0221253531328283,2.200432463474491
574800,ZpMwnb9dWc2wJ8U8sM/xDN9n60fgii57F35vNtiUDPISjbJWDQ6wACH4th6A6GMu,1.8119407954400095,5.5104072089688,2.5199214726281856
575100,ZpMwnb9dWc2wJ8U8sM/xDN9n60fgii57F35vNtiUDPISjbJWDQ6wACH4th6A6GMu,1.8350812554498583,5.028405665608168,2.5208029772882687
575400,ZpMwnb9dWc2wJ8U8sM/xDN9n60fgii57F35vNtiUDPISjbJWDQ6wACH4th6A6GMu,1.8335447869865595,5.368660941791816,2.6650264036497218
575700,ZpMwnb9dWc2wJ8U8sM/xDN9n60fgii57F35vNtiUDPISjbJWDQ6wACH4th6A6GMu,1.9642004054478492,2.946094255440152,2.437438739974832
576000,ZpMwnb9dWc2wJ8U8sM/xDN9n60fgii57F35vNtiUDPISjbJWDQ6wACH4th6A6GMu,1.8636468613803228,5.487367302282234,2.491621332882219
576300,ZpMwnb9dWc2wJ8U8sM/xDN9n60fgii57F35vNtiUDPISjbJWDQ6wACH4th6A6GMu,1.8662606917224591,2.5769240424922644,2.214584500764058
576600,ZpMwnb9dWc2wJ8U8sM/xDN9n60fgii57F35vNtiUDPISjbJWDQ6wACH4th6A6GMu,1.8712485120165765,5.552296592201065,2.52695941436195
576900,ZpMwnb9dWc2wJ8U8sM/xDN9n60fgii57F35vNtiUDPISjbJWDQ6wACH4th6A6GMu,1.9028634598080412,2.7375943883814093,2.32808822152266
577200,ZpMwnb9dWc2wJ8U8sM/xDN9n60fgii57F35vNtiUDPISjbJWDQ6wACH4th6A6GMu,1.8944795917410284,19.44922521175304,4.014034144067554
577500,ZpMwnb9dWc2wJ8U8sM/xDN9n60fgii57F35vNtiUDPISjbJWDQ6wACH4th6A6GMu,1.9835770490376163,6.336512008885077,3.4422166681250568
577800,ZpMwnb9dWc2wJ8U8sM/xDN9n60fgii57F35vNtiUDPISjbJWDQ6wACH4th6A6GMu,2.030806901752015,7.0897909294188075,3.760337958435757
578100,ZpMwnb9dWc2wJ8U8sM/xDN9n60fgii57F35vNtiUDPISjbJWDQ6wACH4th6A6GMu,1.9345390882726328,5.242093971559179,2.534382732255513
578400,ZpMwnb9dWc2wJ8U8sM/xDN9n60fgii57F35vNtiUDPISjbJWDQ6wACH4th6A6GMu,2.0297697652878965,3.037929154783228,2.3060540546336408
578700,ZpMwnb9dWc2wJ8U8sM/xDN9n60fgii57F35vNtiUDPISjbJWDQ6wACH4th6A6GMu,1.8750410737637595,5.182931501760988,2.497221564769756
579000,ZpMwnb9dWc2wJ8U8sM/xDN9n60fgii57F35vNtiUDPISjbJWDQ6wACH4th6A6GMu,1.7769883434272196,5.536871536661505,2.5609811672021405
579300,ZpMwnb9dWc2wJ8U8sM/xDN9n60fgii57F35vNtiUDPISjbJWDQ6wACH4th6A6GMu,2.106682989855557,5.177941170430426,2.752066898883285
579600,ZpMwnb9dWc2wJ8U8sM/xDN9n60fgii57F35vNtiUDPISjbJWDQ6wACH4th6A6GMu,1.9369712535401435,2.699112956347458,2.2438041499364925
579900,ZpMwnb9dWc2wJ8U8sM/xDN9n60fgii57F35vNtiUDPISjbJWDQ6wACH4th6A6GMu,1.836034324205881,4.803448766727643,2.4594451104955803
580200,ZpMwnb9dWc2wJ8U8sM/xDN9n60fgii57F35vNtiUDPISjbJWDQ6wACH4th6A6GMu,1.890918694333788,2.908672076768726,2.2694581505229574
580500,ZpMwnb9dWc2wJ8U8sM/xDN9n60fgii57F35vNtiUDPISjbJWDQ6wACH4th6A6GMu,1.8650877849308596,5.0450812704103845,2.4621707055009066
580800,ZpMwnb9dWc2wJ8U8sM/xDN9n60fgii57F35vNtiUDPISjbJWDQ6wACH4th6A6GMu,1.888984215971605,2.6531448763820658,2.191021646409293
581100,ZpMwnb9dWc2wJ8U8sM/xDN9n60fgii57F35vNtiUDPISjbJWDQ6wACH4th6A6GMu,1.8889839242571644,4.783863420017488,2.525229387147572
581400,ZpMwnb9dWc2wJ8U8sM/xDN9n60fgii57F35vNtiUDPISjbJWDQ6wACH4th6A6GMu,1.845870018783632,6.399210734293649,4.46378769441374
581700,ZpMwnb9dWc2wJ8U8sM/xDN9n60fgii57F35vNtiUDPISjbJWDQ6wACH4th6A6GMu,1.9892728656688985,4.821021941937035,2.465268941453752
582000,ZpMwnb9dWc2wJ8U8sM/xDN9n60fgii57F35vNtiUDPISjbJWDQ6wACH4th6A6GMu,1.8921836067300608,2.8428396625371177,2.276237100124271
582300,ZpMwnb9dWc2wJ8U8sM/xDN9n60fgii57F35vNtiUDPISjbJWDQ6wACH4th6A6GMu,1.923895977253948,4.420416792569625,2.477545430811163
582600,ZpMwnb9dWc2wJ8U8sM/xDN9n60fgii57F35vNtiUDPISjbJWDQ6wACH4th6A6GMu,1.8546793479087456,5.449932405887727,2.526114456624448
582900,ZpMwnb9dWc2wJ8U8sM/xDN9n60fgii57F35vNtiUDPISjbJWDQ6wACH4th6A6GMu,1.8998028664093272,4.917358803889464,2.625065547601686
583200,ZpMwnb9dWc2wJ8U8sM/xDN9n60fgii57F35vNtiUDPISjbJWDQ6wACH4th6A6GMu,1.8781945062289875,2.6111866420749568,2.196573801241681
583500,ZpMwnb9dWc2wJ8U8sM/xDN9n60fgii57F35vNtiUDPISjbJWDQ6wACH4th6A6GMu,1.9501616471925836,4.920222333649368,2.443615833623975
583800,ZpMwnb9dWc2wJ8U8sM/xDN9n60fgii57F35vNtiUDPISjbJWDQ6wACH4th6A6GMu,1.8657128570704689,2.843729147888759,2.2211006983783284
584100,ZpMwnb9dWc2wJ8U8sM/xDN9n60fgii57F35vNtiUDPISjbJWDQ6wACH4th6A6GMu,1.8909805540505669,4.8325840050983055,2.496955035895519
584400,ZpMwnb9dWc2wJ8U8sM/xDN9n60fgii57F35vNtiUDPISjbJWDQ6wACH4th6A6GMu,1.8751622309289049,3.250841332517384,2.252182409169038
584700,ZpMwnb9dWc2wJ8U8sM/xDN9n60fgii57F35vNtiUDPISjbJWDQ6wACH4th6A6GMu,1.9274112480681176,5.174657318887066,2.5383094275105367
585000,ZpMwnb9dWc2wJ8U8sM/xDN9n60fgii57F35vNtiUDPISjbJWDQ6wACH4th6A6GMu,1.8852996656877576,5.855830394826131,2.631171257542937
585300,ZpMwnb9dWc2wJ8U8sM/xDN9n60fgii57F35vNtiUDPISjbJWDQ6wACH4th6A6GMu,2.322800768726984,7.257050871862627,4.468556662604726
585600,ZpMwnb9dWc2wJ8U8sM/xDN9n60fgii57F35vNtiUDPISjbJWDQ6wACH4th6A6GMu,1.9226363438807836,3.021399386835984,2.3123013597933526
585900,ZpMwnb9dWc2wJ8U8sM/xDN9n60fgii57F35vNtiUDPISjbJWDQ6wACH4th6A6GMu,1.9994734426420304,4.845057156621406,2.4854625522873577
586200,ZpMwnb9dWc2wJ8U8sM/xDN9n60fgii57F35vNtiUDPISjbJWDQ6wACH4th6A6GMu,2.02437785773784,4.800351150393243,2.6792554044136745
586500,ZpMwnb9dWc2wJ8U8sM/xDN9n60fgii57F35vNtiUDPISjbJWDQ6wACH4th6A6GMu,2.0574873212350084,4.846018548271896,2.6434761777254523
586800,ZpMwnb9dWc2wJ8U8sM/xDN9n60fgii57F35vNtiUDPISjbJWDQ6wACH4th6A6GMu,1.903034652610332,2.7928152168895584,2.2817511530098216
587100,ZpMwnb9dWc2wJ8U8sM/xDN9n60fgii57F35vNtiUDPISjbJWDQ6wACH4th6A6GMu,1.9089663705043585,4.651497231336975,2.5288929298324065
587400,ZpMwnb9dWc2wJ8U8sM/xDN9n60fgii57F35vNtiUDPISjbJWDQ6wACH4th6A6GMu,1.959984720765836,2.8137187481331334,2.2661998668061414
587700,ZpMwnb9dWc2wJ8U8sM/xDN9n60fgii57F35vNtiUDPISjbJWDQ6wACH4th6A6GMu,1.9565433445865168,4.47257876607946,2.687626401634169
588000,ZpMwnb9dWc2wJ8U8sM/xDN9n60fgii57F35vNtiUDPISjbJWDQ6wACH4th6A6GMu,1.848479305049748,2.6744186671127044,2.242085610680705
588300,ZpMwnb9dWc2wJ8U8sM/xDN9n60fgii57F35vNtiUDPISjbJWDQ6wACH4th6A6GMu,1.9562679840202688,4.782520182345294,2.551587806998359
588600,ZpMwnb9dWc2wJ8U8sM/xDN9n60fgii57F35vNtiUDPISjbJWDQ6wACH4th6A6GMu,1.882633666962896,2.6751719493642527,2.219610624894388
588900,ZpMwnb9dWc2wJ8U8sM/xDN9n60fgii57F35vNtiUDPISjbJWDQ6wACH4th6A6GMu,1.965000732952126,6.1163278256499325,4.269409506776663
589200,ZpMwnb9dWc2wJ8U8sM/xDN9n60fgii57F35vNtiUDPISjbJWDQ6wACH4th6A6GMu,1.9326957491415253,5.8560075331905885,3.5660734861641243
589500,ZpMwnb9dWc2wJ8U8sM/xDN9n60fgii57F35vNtiUDPISjbJWDQ6wACH4th6A6GMu,1.951170413632256,4.597255103217452,2.5232119954630208
589800,ZpMwnb9dWc2wJ8U8sM/xDN9n60fgii57F35vNtiUDPISjbJWDQ6wACH4th6A6GMu,1.9200697603885233,5.32361624312651,2.54077454890438
590100,ZpMwnb9dWc2wJ8U8sM/xDN9n60fgii57F35vNtiUDPISjbJWDQ6wACH4th6A6GMu,2.004676153440184,4.986500328041222,2.6461870545687303
590400,ZpMwnb9dWc2wJ8U8sM/xDN9n60fgii57F35vNtiUDPISjbJWDQ6wACH4th6A6GMu,1.9001618467567551,2.7472917818680247,2.289775660240831
590700,ZpMwnb9dWc2wJ8U8sM/xDN9n60fgii57F35vNtiUDPISjbJWDQ6wACH4th6A6GMu,1.9058501407214377,4.54697966081806,2.503437109955938
591000,ZpMwnb9dWc2wJ8U8sM/xDN9n60fgii57F35vNtiUDPISjbJWDQ6wACH4th6A6GMu,1.87048533804767,3.087779786377279,2.340851029164449
591300,ZpMwnb9dWc2wJ8U8sM/xDN9n60fgii57F35vNtiUDPISjbJWDQ6wACH4th6A6GMu,1.9678038037264205,4.400781523095628,2.5015016853923626
591600,ZpMwnb9dWc2wJ8U8sM/xDN9n60fgii57F35vNtiUDPISjbJWDQ6wACH4th6A6GMu,1.815726832125613,2.59438555231836,2.2220484394258535
591900,ZpMwnb9dWc2wJ8U8sM/xDN9n60fgii57F35vNtiUDPISjbJWDQ6wACH4th6A6GMu,1.856805309992493,5.147128067682417,2.5770064006495508
592200,ZpMwnb9dWc2wJ8U8sM/xDN9n60fgii57F35vNtiUDPISjbJWDQ6wACH4th6A6GMu,1.8884049659131212,2.6996485400844152,2.315380761672784
592500,ZpMwnb9dWc2wJ8U8sM/xDN9n60fgii57F35vNtiUDPISjbJWDQ6wACH4th6A6GMu,1.7845938594260573,4.059926809768646,2.37890788621081
592800,ZpMwnb9dWc2wJ8U8sM/xDN9n60fgii57F35vNtiUDPISjbJWDQ6wACH4th6A6GMu,1.9440444211330807,6.403658533879573,4.58684776853084
593100,ZpMwnb9dWc2wJ8U8sM/xDN9n60fgii57F35vNtiUDPISjbJWDQ6wACH4th6A6GMu,2.0591252172515384,4.928935943448169,2.722955550818312
593400,ZpMwnb9dWc2wJ8U8sM/xDN9n60fgii57F35vNtiUDPISjbJWDQ6wACH4th6A6GMu,1.881783657586464,4.1647308104344045,2.56263655009732
593700,ZpMwnb9dWc2wJ8U8sM/xDN9n60fgii57F35vNtiUDPISjbJWDQ6wACH4th6A6GMu,1.9100559768232688,5.000298521418944,2.618825909539203
594000,ZpMwnb9dWc2wJ8U8sM/xDN9n60fgii57F35vNtiUDPISjbJWDQ6wACH4th6A6GMu,1.8720770355798888,2.71224950957061,2.233659572918252
594300,ZpMwnb9dWc2wJ8U8sM/xDN9n60fgii57F35vNtiUDPISjbJWDQ6wACH4th6A6GMu,1.9084980733674497,4.853830054540489,2.4779029171907228
594600,ZpMwnb9dWc2wJ8U8sM/xDN9n60fgii57F35vNtiUDPISjbJWDQ6wACH4th6A6GMu,1.9405411631656169,2.9766085484954075,2.302827285796423
594900,ZpMwnb9dWc2wJ8U8sM/xDN9n60fgii57F35vNtiUDPISjbJWDQ6wACH4th6A6GMu,1.8574775637414835,5.063904089198624,2.501760606133832
595200,ZpMwnb9dWc2wJ8U8sM/xDN9n60fgii57F35vNtiUDPISjbJWDQ6wACH4th6A6GMu,1.8216259699569128,2.7952970238870343,2.1727734453734686
595500,ZpMwnb9dWc2wJ8U8sM/xDN9n60fgii57F35vNtiUDPISjbJWDQ6wACH4th6A6GMu,1.890129545707362,4.682123829005679,2.56135769484015
595800,ZpMwnb9dWc2wJ8U8sM/xDN9n60fgii57F35vNtiUDPISjbJWDQ6wACH4th6A6GMu,1.9871981798682448,2.902694177077194,2.2366148908450234
596100,ZpMwnb9dWc2wJ8U8sM/xDN9n60fgii57F35vNtiUDPISjbJWDQ6wACH4th6A6GMu,1.8683557287192725,4.795960367947952,2.4921267940977603
596400,ZpMwnb9dWc2wJ8U8sM/xDN9n60fgii57F35vNtiUDPISjbJWDQ6wACH4th6A6GMu,2.0432440265727814,3.2081109834979844,2.3628174760915575
596700,ZpMwnb9dWc2wJ8U8sM/xDN9n60fgii57F35vNtiUDPISjbJWDQ6wACH4th6A6GMu,5.070551845409272,8.8926859235481,6.037628316896252
597000,ZpMwnb9dWc2wJ8U8sM/xDN9n60fgii57F35vNtiUDPISjbJWDQ6wACH4th6A6GMu,2.0244246137854214,5.929506543832644,3.5089252084139777
597300,ZpMwnb9dWc2wJ8U8sM/xDN9n60fgii57F35vNtiUDPISjbJWDQ6wACH4th6A6GMu,1.9330406756084364,4.805474889939536,2.654263575283564
597600,ZpMwnb9dWc2wJ8U8sM/xDN9n60fgii57F35vNtiUDPISjbJWDQ6wACH4th6A6GMu,1.85600542766122,2.936689199414265,2.2455522280927163
597900,ZpMwnb9dWc2wJ8U8sM/xDN9n60fgii57F35vNtiUDPISjbJWDQ6wACH4th6A6GMu,1.9070728888504904,4.764964361341944,2.50178597388155
598200,ZpMwnb9dWc2wJ8U8sM/xDN9n60fgii57F35vNtiUDPISjbJWDQ6wACH4th6A6GMu,1.9552220881843296,3.154574791089208,2.3112156279925995
598500,ZpMwnb9dWc2wJ8U8sM/xDN9n60fgii57F35vNtiUDPISjbJWDQ6wACH4th6A6GMu,1.9798751105135852,4.865000947884922,2.5972267046330906
598800,ZpMwnb9dWc2wJ8U8sM/xDN9n60fgii57F35vNtiUDPISjbJWDQ6wACH4th6A6GMu,1.8892997358347907,3.154977443914841,2.4008232521270525
599100,ZpMwnb9dWc2wJ8U8sM/xDN9n60fgii57F35vNtiUDPISjbJWDQ6wACH4th6A6GMu,1.980017306413648,4.823824659876828,2.6233278609348143
599400,ZpMwnb9dWc2wJ8U8sM/xDN9n60fgii57F35vNtiUDPISjbJWDQ6wACH4th6A6GMu,1.8799443906990296,3.134378634017733,2.3663371449647927
599700,ZpMwnb9dWc2wJ8U8sM/xDN9n60fgii57F35vNtiUDPISjbJWDQ6wACH4th6A6GMu,1.9271342880924889,4.832772478304502,2.5149984216570047
600000,ZpMwnb9dWc2wJ8U8sM/xDN9n60fgii57F35vNtiUDPISjbJWDQ6wACH4th6A6GMu,2.026586168629843,3.538162259487781,2.364145383659208
600300,ZpMwnb9dWc2wJ8U8sM/xDN9n60fgii57F35vNtiUDPISjbJWDQ6wACH4th6A6GMu,1.9786858089513264,4.891056632186811,2.6436414694067407
600600,ZpMwnb9dWc2wJ8U8sM/xDN9n60fgii57F35vNtiUDPISjbJWDQ6wACH4th6A6GMu,2.15882844837867,8.561162460420547,4.795984124354467
600900,ZpMwnb9dWc2wJ8U8sM/xDN9n60fgii57F35vNtiUDPISjbJWDQ6wACH4th6A6GMu,2.1117989197666693,4.725258231493059,2.7043606934929496
601200,ZpMwnb9dWc2wJ8U8sM/xDN9n60fgii57F35vNtiUDPISjbJWDQ6wACH4th6A6GMu,2.035942149358182,3.0175219306697767,2.2875094552500674
601500,ZpMwnb9dWc2wJ8U8sM/xDN9n60fgii57F35vNtiUDPISjbJWDQ6wACH4th6A6GMu,2.0682987831963016,4.525217418749514,2.5767235739903374
601800,ZpMwnb9dWc2wJ8U8sM/xDN9n60fgii57F35vNtiUDPISjbJWDQ6wACH4th6A6GMu,2.1148528401091067,51.82894235864075,11.937646138240302
602100,ZpMwnb9dWc2wJ8U8sM/xDN9n60fgii57F35vNtiUDPISjbJWDQ6wACH4th6A6GMu,7.49214124109722,9.97237710147476,8.41863971099812
602400,ZpMwnb9dWc2wJ8U8sM/xDN9n60fgii57F35vNtiUDPISjbJWDQ6wACH4th6A6GMu,2.019765479921028,11.829471440518288,3.9061088003071154
602700,ZpMwnb9dWc2wJ8U8sM/xDN9n60fgii57F35vNtiUDPISjbJWDQ6wACH4th6A6GMu,2.2446185381815607,3.5324369761805747,2.565178844571816
603000,ZpMwnb9dWc2wJ8U8sM/xDN9n60fgii57F35vNtiUDPISjbJWDQ6wACH4th6A6GMu,2.0505608988597945,2.752355517822718,2.2788247169579563
603300,ZpMwnb9dWc2wJ8U8sM/xDN9n60fgii57F35vNtiUDPISjbJWDQ6wACH4th6A6GMu,2.0814518206727866,4.775878361736446,2.584532159003336
603600,ZpMwnb9dWc2wJ8U8sM/xDN9n60fgii57F35vNtiUDPISjbJWDQ6wACH4th6A6GMu,2.0129198278342053,3.3513746578942234,2.4371839547952088
603900,ZpMwnb9dWc2wJ8U8sM/xDN9n60fgii57F35vNtiUDPISjbJWDQ6wACH4th6A6GMu,2.0052392838605253,4.673156198832372,2.5579580219168627
604200,ZpMwnb9dWc2wJ8U8sM/xDN9n60fgii57F35vNtiUDPISjbJWDQ6wACH4th6A6GMu,2.106229454382403,6.132253439544142,3.4713505097614346
604500,ZpMwnb9dWc2wJ8U8sM/xDN9n60fgii57F35vNtiUDPISjbJWDQ6wACH4th6A6GMu,2.3217252558574337,6.364264749315962,4.346006588856975
604800,ZpMwnb9dWc2wJ8U8sM/xDN9n60fgii57F35vNtiUDPISjbJWDQ6wACH4th6A6GMu,2.005967169016423,2.6033301024200486,2.2826153049287163
605100,ZpMwnb9dWc2wJ8U8sM/xDN9n60fgii57F35vNtiUDPISjbJWDQ6wACH4th6A6GMu,2.0426413908056413,4.49206658231847,2.513571058651394
605400,ZpMwnb9dWc2wJ8U8sM/xDN9n60fgii57F35vNtiUDPISjbJWDQ6wACH4th6A6GMu,1.9655368755801768,3.0581204714551653,2.30307158532039
605700,ZpMwnb9dWc2wJ8U8sM/xDN9n60fgii57F35vNtiUDPISjbJWDQ6wACH4th6A6GMu,1.971126091122388,3.42252020139511,2.5202396962893228
606000,ZpMwnb9dWc2wJ8U8sM/xDN9n60fgii57F35vNtiUDPISjbJWDQ6wACH4th6A6GMu,1.9784135380645207,2.711309912016156,2.249614423569633
606300,ZpMwnb9dWc2wJ8U8sM/xDN9n60fgii57F35vNtiUDPISjbJWDQ6wACH4th6A6GMu,1.9565097303821573,5.1487517170387225,2.548585153266175
606600,ZpMwnb9dWc2wJ8U8sM/xDN9n60fgii57F35vNtiUDPISjbJWDQ6wACH4th6A6GMu,1.956788532536436,3.557385879170897,2.352151648094384
606900,ZpMwnb9dWc2wJ8U8sM/xDN9n60fgii57F35vNtiUDPISjbJWDQ6wACH4th6A6GMu,1.9480504461677164,4.960541951883084,2.5313023178630703
607200,ZpMwnb9dWc2wJ8U8sM/xDN9n60fgii57F35vNtiUDPISjbJWDQ6wACH4th6A6GMu,1.9990478618650525,3.021801404507205,2.3124976355270244
607500,ZpMwnb9dWc2wJ8U8sM/xDN9n60fgii57F35vNtiUDPISjbJWDQ6wACH4th6A6GMu,1.90182959580133,5.017859889060691,2.51203244483896
607800,ZpMwnb9dWc2wJ8U8sM/xDN9n60fgii57F35vNtiUDPISjbJWDQ6wACH4th6A6GMu,2.039401041588424,5.425521664409716,2.652365622366309
608100,ZpMwnb9dWc2wJ8U8sM/xDN9n60fgii57F35vNtiUDPISjbJWDQ6wACH4th6A6GMu,1.9665381308787029,8.500772435068948,4.760605407848586
608400,ZpMwnb9dWc2wJ8U8sM/xDN9n60fgii57F35vNtiUDPISjbJWDQ6wACH4th6A6GMu,1.9439151555505996,2.835615191611005,2.3652668433685524
608700,ZpMwnb9dWc2wJ8U8sM/xDN9n60fgii57F35vNtiUDPISjbJWDQ6wACH4th6A6GMu,1.9637583311790625,5.000229043315604,2.532185177822457
609000,ZpMwnb9dWc2wJ8U8sM/xDN9n60fgii57F35vNtiUDPISjbJWDQ6wACH4th6A6GMu,1.9918011758565073,3.012498202497148,2.3813072123346206
609300,ZpMwnb9dWc2wJ8U8sM/xDN9n60fgii57F35vNtiUDPISjbJWDQ6wACH4th6A6GMu,1.8835759415629916,5.045539550131781,2.545422690181016
609600,ZpMwnb9dWc2wJ8U8sM/xDN9n60fgii57F35vNtiUDPISjbJWDQ6wACH4th6A6GMu,2.0570272802361056,2.8343428741917447,2.289359749084684
609900,ZpMwnb9dWc2wJ8U8sM/xDN9n60fgii57F35vNtiUDPISjbJWDQ6wACH4th6A6GMu,2.027857156974963,4.902997447026753,2.6689024065476485
610200,ZpMwnb9dWc2wJ8U8sM/xDN9n60fgii57F35vNtiUDPISjbJWDQ6wACH4th6A6GMu,1.9930888997833869,2.7132908739522774,2.2888948281424497
610500,ZpMwnb9dWc2wJ8U8sM/xDN9n60fgii57F35vNtiUDPISjbJWDQ6wACH4th6A6GMu,1.9414683959307848,4.688312199977997,2.554188133994807
610800,ZpMwnb9dWc2wJ8U8sM/xDN9n60fgii57F35vNtiUDPISjbJWDQ6wACH4th6A6GMu,1.9167890672602064,2.950410403749796,2.323534747629165
611100,ZpMwnb9dWc2wJ8U8sM/xDN9n60fgii57F35vNtiUDPISjbJWDQ6wACH4th6A6GMu,1.9085289978966204,4.85686382773832,2.6082056196151764
611400,ZpMwnb9dWc2wJ8U8sM/xDN9n60fgii57F35vNtiUDPISjbJWDQ6wACH4th6A6GMu,1.9071544396035711,4.269693044915448,2.6025454021591448
611700,ZpMwnb9dWc2wJ8U8sM/xDN9n60fgii57F35vNtiUDPISjbJWDQ6wACH4th6A6GMu,1.9712096215729915,5.5355827025848665,2.675206387976897
612000,ZpMwnb9dWc2wJ8U8sM/xDN9n60fgii57F35vNtiUDPISjbJWDQ6wACH4th6A6GMu,2.5736074240568594,6.273351683928352,5.249770673093562
612300,ZpMwnb9dWc2wJ8U8sM/xDN9n60fgii57F35vNtiUDPISjbJWDQ6wACH4th6A6GMu,1.9916076836300345,5.151241117148741,2.523521041083765
612600,ZpMwnb9dWc2wJ8U8sM/xDN9n60fgii57F35vNtiUDPISjbJWDQ6wACH4th6A6GMu,1.8901020780076747,2.842594410417215,2.282852241586952
612900,ZpMwnb9dWc2wJ8U8sM/xDN9n60fgii57F35vNtiUDPISjbJWDQ6wACH4th6A6GMu,1.9528061635650624,4.839850765063871,2.540340407012545
613200,ZpMwnb9dWc2wJ8U8sM/xDN9n60fgii57F35vNtiUDPISjbJWDQ6wACH4th6A6GMu,2.0058841403709486,10.7720743904255,3.6359152335792975
613500,ZpMwnb9dWc2wJ8U8sM/xDN9n60fgii57F35vNtiUDPISjbJWDQ6wACH4th6A6GMu,2.021014742816305,3.6531390326560422,2.507186845895836
613800,ZpMwnb9dWc2wJ8U8sM/xDN9n60fgii57F35vNtiUDPISjbJWDQ6wACH4th6A6GMu,1.9474178046183628,3.007826746255404,2.3880173332812022
614100,ZpMwnb9dWc2wJ8U8sM/xDN9n60fgii57F35vNtiUDPISjbJWDQ6wACH4th6A6GMu,1.9330934568650904,4.74700895775344,2.550587284922236
614400,ZpMwnb9dWc2wJ8U8sM/xDN9n60fgii57F35vNtiUDPISjbJWDQ6wACH4th6A6GMu,1.9826689917200673,3.0178537155553333,2.364818749589915
614700,ZpMwnb9dWc2wJ8U8sM/xDN9n60fgii57F35vNtiUDPISjbJWDQ6wACH4th6A6GMu,2.0379272553319043,4.624090022656199,2.5882406939497327
615000,ZpMwnb9dWc2wJ8U8sM/xDN9n60fgii57F35vNtiUDPISjbJWDQ6wACH4th6A6GMu,1.9314623301227252,5.597828116452975,2.617873807541096
615300,ZpMwnb9dWc2wJ8U8sM/xDN9n60fgii57F35vNtiUDPISjbJWDQ6wACH4th6A6GMu,1.9435927800822137,3.0085538807177152,2.3952002138957607
615600,ZpMwnb9dWc2wJ8U8sM/xDN9n60fgii57F35vNtiUDPISjbJWDQ6wACH4th6A6GMu,2.042707873771751,6.421347874857574,3.0488533990805062
615900,ZpMwnb9dWc2wJ8U8sM/xDN9n60fgii57F35vNtiUDPISjbJWDQ6wACH4th6A6GMu,2.2249113694636327,6.39325484669138,4.1992917174406985
616200,ZpMwnb9dWc2wJ8U8sM/xDN9n60fgii57F35vNtiUDPISjbJWDQ6wACH4th6A6GMu,2.0178941834876376,2.859680982450153,2.3724249618197257
616500,ZpMwnb9dWc2wJ8U8sM/xDN9n60fgii57F35vNtiUDPISjbJWDQ6wACH4th6A6GMu,1.94050918606441,5.022941395053558,2.5609419811815344
616800,ZpMwnb9dWc2wJ8U8sM/xDN9n60fgii57F35vNtiUDPISjbJWDQ6wACH4th6A6GMu,1.9928010138919436,2.7765937557649814,2.2659393048917087
617100,ZpMwnb9dWc2wJ8U8sM/xDN9n60fgii57F35vNtiUDPISjbJWDQ6wACH4th6A6GMu,1.9624198684512209,4.7586072299431565,2.5809131958713074
617400,ZpMwnb9dWc2wJ8U8sM/xDN9n60fgii57F35vNtiUDPISjbJWDQ6wACH4th6A6GMu,1.8855539206817504,2.869726803014709,2.243911593415838
617700,ZpMwnb9dWc2wJ8U8sM/xDN9n60fgii57F35vNtiUDPISjbJWDQ6wACH4th6A6GMu,1.9177316909118745,4.743990472203697,2.5684748258202013
618000,ZpMwnb9dWc2wJ8U8sM/xDN9n60fgii57F35vNtiUDPISjbJWDQ6wACH4th6A6GMu,1.9578967008673327,2.749908263373965,2.269059126555096
618300,ZpMwnb9dWc2wJ8U8sM/xDN9n60fgii57F35vNtiUDPISjbJWDQ6wACH4th6A6GMu,1.911021763595441,4.659005604132664,2.5189279938959483
618600,ZpMwnb9dWc2wJ8U8sM/xDN9n60fgii57F35vNtiUDPISjbJWDQ6wACH4th6A6GMu,1.887717834378531,5.522021367037712,2.5393482359731654
618900,ZpMwnb9dWc2wJ8U8sM/xDN9n60fgii57F35vNtiUDPISjbJWDQ6wACH4th6A6GMu,1.9203310645306249,4.748570249177824,2.6023062067762046
619200,ZpMwnb9dWc2wJ8U8sM/xDN9n60fgii57F35vNtiUDPISjbJWDQ6wACH4th6A6GMu,1.9920631865236191,2.566388072050243,2.279894121012594
619500,ZpMwnb9dWc2wJ8U8sM/xDN9n60fgii57F35vNtiUDPISjbJWDQ6wACH4th6A6GMu,2.101579692781187,8.36423907607806,4.447493863259034
619800,ZpMwnb9dWc2wJ8U8sM/xDN9n60fgii57F35vNtiUDPISjbJWDQ6wACH4th6A6GMu,2.341337715900947,5.949937029884192,4.770033535592742
620100,ZpMwnb9dWc2wJ8U8sM/xDN9n60fgii57F35vNtiUDPISjbJWDQ6wACH4th6A6GMu,1.965183710981772,5.2250284366984046,2.5462446997561394
620400,ZpMwnb9dWc2wJ8U8sM/xDN9n60fgii57F35vNtiUDPISjbJWDQ6wACH4th6A6GMu,1.8692501803255928,2.566190540103741,2.20094599275752
620700,ZpMwnb9dWc2wJ8U8sM/xDN9n60fgii57F35vNtiUDPISjbJWDQ6wACH4th6A6GMu,2.0082766090179183,15.83051249659304,4.1436911795178135
621000,ZpMwnb9dWc2wJ8U8sM/xDN9n60fgii57F35vNtiUDPISjbJWDQ6wACH4th6A6GMu,1.9243598286906465,2.704615777233796,2.294633517784787
621300,ZpMwnb9dWc2wJ8U8sM/xDN9n60fgii57F35vNtiUDPISjbJWDQ6wACH4th6A6GMu,1.892563675754397,5.227464381088524,2.4454490784144216
621600,ZpMwnb9dWc2wJ8U8sM/xDN9n60fgii57F35vNtiUDPISjbJWDQ6wACH4th6A6GMu,1.8202677843675208,2.8601449387238813,2.32044581886704
621900,ZpMwnb9dWc2wJ8U8sM/xDN9n60fgii57F35vNtiUDPISjbJWDQ6wACH4th6A6GMu,1.999240123748349,5.261948988320254,2.651320736206612
622200,ZpMwnb9dWc2wJ8U8sM/xDN9n60fgii57F35vNtiUDPISjbJWDQ6wACH4th6A6GMu,1.9192498646803553,4.808051618121248,2.637189991364999
622500,ZpMwnb9dWc2wJ8U8sM/xDN9n60fgii57F35vNtiUDPISjbJWDQ6wACH4th6A6GMu,2.015375607510161,5.421382460319704,2.6333210739792503
622800,ZpMwnb9dWc2wJ8U8sM/xDN9n60fgii57F35vNtiUDPISjbJWDQ6wACH4th6A6GMu,1.8465714362612613,2.5396235154280675,2.2669010642210767
623100,ZpMwnb9dWc2wJ8U8sM/xDN9n60fgii57F35vNtiUDPISjbJWDQ6wACH4th6A6GMu,1.9563463882868737,2.533588232290571,2.1683662730874587
623400,ZpMwnb9dWc2wJ8U8sM/xDN9n60fgii57F35vNtiUDPISjbJWDQ6wACH4th6A6GMu,1.9729330158815568,6.383405596156073,3.3480190101776603
623700,ZpMwnb9dWc2wJ8U8sM/xDN9n60fgii57F35vNtiUDPISjbJWDQ6wACH4th6A6GMu,1.8631483767106831,6.402675152081591,3.710424897289968
624000,ZpMwnb9dWc2wJ8U8sM/xDN9n60fgii57F35vNtiUDPISjbJWDQ6wACH4th6A6GMu,1.9689469716384431,2.602902250538005,2.2856992705520325
624300,ZpMwnb9dWc2wJ8U8sM/xDN9n60fgii57F35vNtiUDPISjbJWDQ6wACH4th6A6GMu,1.9707260545801752,3.307466054871099,2.351335821028952
624600,ZpMwnb9dWc2wJ8U8sM/xDN9n60fgii57F35vNtiUDPISjbJWDQ6wACH4th6A6GMu,1.9641076471543604,4.311742537695499,2.472958987014953
624900,ZpMwnb9dWc2wJ8U8sM/xDN9n60fgii57F35vNtiUDPISjbJWDQ6wACH4th6A6GMu,1.890499185839636,2.6210585696164,2.191810725603916
625200,ZpMwnb9dWc2wJ8U8sM/xDN9n60fgii57F35vNtiUDPISjbJWDQ6wACH4th6A6GMu,1.9956351884687569,4.915664615298516,2.6222399284265383
625500,ZpMwnb9dWc2wJ8U8sM/xDN9n60fgii57F35vNtiUDPISjbJWDQ6wACH4th6A6GMu,1.8414733387176945,2.5534933272470144,2.2051853939357944
625800,ZpMwnb9dWc2wJ8U8sM/xDN9n60fgii57F35vNtiUDPISjbJWDQ6wACH4th6A6GMu,1.934246078346886,5.805001831989606,2.8408395604415486
626100,ZpMwnb9dWc2wJ8U8sM/xDN9n60fgii57F35vNtiUDPISjbJWDQ6wACH4th6A6GMu,2.0103367462873014,2.904903809177811,2.3250730484421864
626400,ZpMwnb9dWc2wJ8U8sM/xDN9n60fgii57F35vNtiUDPISjbJWDQ6wACH4th6A6GMu,1.9043217126376617,4.769768292062182,2.4822410917208297
626700,ZpMwnb9dWc2wJ8U8sM/xDN9n60fgii57F35vNtiUDPISjbJWDQ6wACH4th6A6GMu,1.888612329804004,2.5957372754346366,2.2076780685291144
627000,ZpMwnb9dWc2wJ8U8sM/xDN9n60fgii57F35vNtiUDPISjbJWDQ6wACH4th6A6GMu,2.0682587739129885,2.732015932636888,2.316484879233376
627300,ZpMwnb9dWc2wJ8U8sM/xDN9n60fgii57F35vNtiUDPISjbJWDQ6wACH4th6A6GMu,2.169819224700066,6.291965503915619,4.4855849873386555
627600,ZpMwnb9dWc2wJ8U8sM/xDN9n60fgii57F35vNtiUDPISjbJWDQ6wACH4th6A6GMu,2.055096747959506,6.844853081712198,2.9823918361757737
627900,ZpMwnb9dWc2wJ8U8sM/xDN9n60fgii57F35vNtiUDPISjbJWDQ6wACH4th6A6GMu,2.089082272111239,25.11453788038861,6.0986307108794335
628200,ZpMwnb9dWc2wJ8U8sM/xDN9n60fgii57F35vNtiUDPISjbJWDQ6wACH4th6A6GMu,2.0115438940320645,4.227707600241402,2.5013657392385578
628500,ZpMwnb9dWc2wJ8U8sM/xDN9n60fgii57F35vNtiUDPISjbJWDQ6wACH4th6A6GMu,1.9105527120628885,3.5943242931461374,2.529217027632477
628800,ZpMwnb9dWc2wJ8U8sM/xDN9n60fgii57F35vNtiUDPISjbJWDQ6wACH4th6A6GMu,2.0448695363246268,4.531031334842774,2.679222195271323
629100,ZpMwnb9dWc2wJ8U8sM/xDN9n60fgii57F35vNtiUDPISjbJWDQ6wACH4th6A6GMu,1.9648636177554253,2.889065590686136,2.328863732535485
629400,ZpMwnb9dWc2wJ8U8sM/xDN9n60fgii57F35vNtiUDPISjbJWDQ6wACH4th6A6GMu,2.055943075585995,4.9707585951448126,3.0475943017277767
629700,ZpMwnb9dWc2wJ8U8sM/xDN9n60fgii57F35vNtiUDPISjbJWDQ6wACH4th6A6GMu,2.0314449298596657,3.1842249993922485,2.5082905842971734
630000,ZpMwnb9dWc2wJ8U8sM/xDN9n60fgii57F35vNtiUDPISjbJWDQ6wACH4th6A6GMu,2.0128594569880014,8.996273278617585,2.9993487708676168
630300,ZpMwnb9dWc2wJ8U8sM/xDN9n60fgii57F35vNtiUDPISjbJWDQ6wACH4th6A6GMu,2.12568124458133,14.261574018876392,3.794615203830233
630600,ZpMwnb9dWc2wJ8U8sM/xDN9n60fgii57F35vNtiUDPISjbJWDQ6wACH4th6A6GMu,2.1878487398495903,37.074854232952084,10.975697830920115
630900,ZpMwnb9dWc2wJ8U8sM/xDN9n60fgii57F35vNtiUDPISjbJWDQ6wACH4th6A6GMu,2.053025595525946,6.570262974580684,3.0689254219341864
631200,ZpMwnb9dWc2wJ8U8sM/xDN9n60fgii57F35vNtiUDPISjbJWDQ6wACH4th6A6GMu,8.36319135061189,11.450405885263748,10.039554228571363
631500,ZpMwnb9dWc2wJ8U8sM/xDN9n60fgii57F35vNtiUDPISjbJWDQ6wACH4th6A6GMu,2.1688122414728044,10.264449100020336,6.077547217418099
631800,ZpMwnb9dWc2wJ8U8sM/xDN9n60fgii57F35vNtiUDPISjbJWDQ6wACH4th6A6GMu,2.1556589001525945,5.63931517452276,2.640527393342607
632100,ZpMwnb9dWc2wJ8U8sM/xDN9n60fgii57F35vNtiUDPISjbJWDQ6wACH4th6A6GMu,2.0685394809402005,2.678417231757765,2.3034015819995277
632400,ZpMwnb9dWc2wJ8U8sM/xDN9n60fgii57F35vNtiUDPISjbJWDQ6wACH4th6A6GMu,2.0947460269575,5.1278071583263936,2.5720853593464055
632700,ZpMwnb9dWc2wJ8U8sM/xDN9n60fgii57F35vNtiUDPISjbJWDQ6wACH4th6A6GMu,1.971458299596877,2.7115760057108726,2.2582697687668363
633000,ZpMwnb9dWc2wJ8U8sM/xDN9n60fgii57F35vNtiUDPISjbJWDQ6wACH4th6A6GMu,2.011000572616631,6.97162651815831,3.06606463422321
633300,ZpMwnb9dWc2wJ8U8sM/xDN9n60fgii57F35vNtiUDPISjbJWDQ6wACH4th6A6GMu,2.039289560458565,3.067156188944974,2.4253488649668298
633600,ZpMwnb9dWc2wJ8U8sM/xDN9n60fgii57F35vNtiUDPISjbJWDQ6wACH4th6A6GMu,1.9193297549895272,4.913693370727571,2.515985391719945
633900,ZpMwnb9dWc2wJ8U8sM/xDN9n60fgii57F35vNtiUDPISjbJWDQ6wACH4th6A6GMu,1.917006358437475,2.553658407906451,2.2521237733110424
634200,ZpMwnb9dWc2wJ8U8sM/xDN9n60fgii57F35vNtiUDPISjbJWDQ6wACH4th6A6GMu,2.0147064140785824,4.62242384545884,2.530442159620248
634500,ZpMwnb9dWc2wJ8U8sM/xDN9n60fgii57F35vNtiUDPISjbJWDQ6wACH4th6A6GMu,1.8706544726472645,2.6936610912507013,2.266737678134683
634800,ZpMwnb9dWc2wJ8U8sM/xDN9n60fgii57F35vNtiUDPISjbJWDQ6wACH4th6A6GMu,2.0497296586567177,6.107730940398553,3.5838897073115215
635100,ZpMwnb9dWc2wJ8U8sM/xDN9n60fgii57F35vNtiUDPISjbJWDQ6wACH4th6A6GMu,2.034797609273978,6.306019121153546,3.615623986301405
635400,ZpMwnb9dWc2wJ8U8sM/xDN9n60fgii57F35vNtiUDPISjbJWDQ6wACH4th6A6GMu,2.0198685743271616,4.611742777101576,2.5794631525664578
635700,ZpMwnb9dWc2wJ8U8sM/xDN9n60fgii57F35vNtiUDPISjbJWDQ6wACH4th6A6GMu,1.9827610451356985,2.6261107034473015,2.2275922514655955
636000,ZpMwnb9dWc2wJ8U8sM/xDN9n60fgii57F35vNtiUDPISjbJWDQ6wACH4th6A6GMu,2.039896644039616,4.761738970829866,2.614123936061095
636300,ZpMwnb9dWc2wJ8U8sM/xDN9n60fgii57F35vNtiUDPISjbJWDQ6wACH4th6A6GMu,2.0018464133463336,2.5538000769396474,2.283937116414105
636600,ZpMwnb9dWc2wJ8U8sM/xDN9n60fgii57F35vNtiUDPISjbJWDQ6wACH4th6A6GMu,1.90275963939708,4.576147466463644,2.5508619033793414
636900,ZpMwnb9dWc2wJ8U8sM/xDN9n60fgii57F35vNtiUDPISjbJWDQ6wACH4th6A6GMu,2.026509142086799,5.562058549923231,2.71462682493451
637200,ZpMwnb9dWc2wJ8U8sM/xDN9n60fgii57F35vNtiUDPISjbJWDQ6wACH4th6A6GMu,1.9392405226868192,4.72856910570361,2.5286836763067053
637500,ZpMwnb9dWc2wJ8U8sM/xDN9n60fgii57F35vNtiUDPISjbJWDQ6wACH4th6A6GMu,1.8686082549381853,2.5121632473587314,2.220814155506115
637800,ZpMwnb9dWc2wJ8U8sM/xDN9n60fgii57F35vNtiUDPISjbJWDQ6wACH4th6A6GMu,2.04063786957284,4.613783042059606,2.5740163220259067
638100,ZpMwnb9dWc2wJ8U8sM/xDN9n60fgii57F35vNtiUDPISjbJWDQ6wACH4th6A6GMu,1.9636158836066449,2.581414180390152,2.3125828682467766
638400,ZpMwnb9dWc2wJ8U8sM/xDN9n60fgii57F35vNtiUDPISjbJWDQ6wACH4th6A6GMu,1.9563273025510124,4.385591636648289,2.4812090178504134
638700,ZpMwnb9dWc2wJ8U8sM/xDN9n60fgii57F35vNtiUDPISjbJWDQ6wACH4th6A6GMu,2.00277784500469,6.14676343696701,4.333356383949416
639000,ZpMwnb9dWc2wJ8U8sM/xDN9n60fgii57F35vNtiUDPISjbJWDQ6wACH4th6A6GMu,1.8661611734511008,5.018660694035952,2.4993695223204053
639300,ZpMwnb9dWc2wJ8U8sM/xDN9n60fgii57F35vNtiUDPISjbJWDQ6wACH4th6A6GMu,1.940101387103476,2.483821177155261,2.187822554524374
639600,ZpMwnb9dWc2wJ8U8sM/xDN9n60fgii57F35vNtiUDPISjbJWDQ6wACH4th6A6GMu,1.9318944238922704,5.2339957791617975,2.560018855068496
639900,ZpMwnb9dWc2wJ8U8sM/xDN9n60fgii57F35vNtiUDPISjbJWDQ6wACH4th6A6GMu,1.875410567532838,2.5790314116040265,2.2007888752387506
640200,ZpMwnb9dWc2wJ8U8sM/xDN9n60fgii57F35vNtiUDPISjbJWDQ6wACH4th6A6GMu,1.921937223159064,4.81913516817766,2.4629876695272066
640500,ZpMwnb9dWc2wJ8U8sM/xDN9n60fgii57F35vNtiUDPISjbJWDQ6wACH4th6A6GMu,2.0747125899099803,4.664772994099208,2.677297367158184
640800,ZpMwnb9dWc2wJ8U8sM/xDN9n60fgii57F35vNtiUDPISjbJWDQ6wACH4th6A6GMu,1.9339982045293296,4.96336541626748,2.5108411473064485
641100,ZpMwnb9dWc2wJ8U8sM/xDN9n60fgii57F35vNtiUDPISjbJWDQ6wACH4th6A6GMu,1.985831688747124,2.7166439884797766,2.2390957414160253
641400,ZpMwnb9dWc2wJ8U8sM/xDN9n60fgii57F35vNtiUDPISjbJWDQ6wACH4th6A6GMu,2.0298772532981166,4.837501325199565,2.575200596594779
641700,ZpMwnb9dWc2wJ8U8sM/xDN9n60fgii57F35vNtiUDPISjbJWDQ6wACH4th6A6GMu,1.9223263184686572,2.702825002209917,2.2510569688476907
642000,ZpMwnb9dWc2wJ8U8sM/xDN9n60fgii57F35vNtiUDPISjbJWDQ6wACH4th6A6GMu,1.8924886184216323,4.943197893001349,2.4509550699395226
642300,ZpMwnb9dWc2wJ8U8sM/xDN9n60fgii57F35vNtiUDPISjbJWDQ6wACH4th6A6GMu,2.0163796633884274,6.613588532502205,2.829725563105286
642600,ZpMwnb9dWc2wJ8U8sM/xDN9n60fgii57F35vNtiUDPISjbJWDQ6wACH4th6A6GMu,1.9476738093499864,8.660200704375367,3.8641635922658417
642900,ZpMwnb9dWc2wJ8U8sM/xDN9n60fgii57F35vNtiUDPISjbJWDQ6wACH4th6A6GMu,1.9122593458167136,2.701825751558396,2.226226199535741
643200,ZpMwnb9dWc2wJ8U8sM/xDN9n60fgii57F35vNtiUDPISjbJWDQ6wACH4th6A6GMu,1.9883638347183663,4.144973104720242,2.5705136711880328
643500,ZpMwnb9dWc2wJ8U8sM/xDN9n60fgii57F35vNtiUDPISjbJWDQ6wACH4th6A6GMu,2.032196138630451,2.9225703777623213,2.3227756183123565
643800,ZpMwnb9dWc2wJ8U8sM/xDN9n60fgii57F35vNtiUDPISjbJWDQ6wACH4th6A6GMu,1.8083826696175824,5.814088672606709,2.8680502433149377
644100,ZpMwnb9dWc2wJ8U8sM/xDN9n60fgii57F35vNtiUDPISjbJWDQ6wACH4th6A6GMu,1.969696436897607,6.0384314919043485,2.7431257904735844
644400,ZpMwnb9dWc2wJ8U8sM/xDN9n60fgii57F35vNtiUDPISjbJWDQ6wACH4th6A6GMu,1.9680037124685503,4.880362738675338,2.492554679860804
644700,ZpMwnb9dWc2wJ8U8sM/xDN9n60fgii57F35vNtiUDPISjbJWDQ6wACH4th6A6GMu,1.996217750365172,2.6296259181685526,2.178797044643151
645000,ZpMwnb9dWc2wJ8U8sM/xDN9n60fgii57F35vNtiUDPISjbJWDQ6wACH4th6A6GMu,2.013350165268536,4.69341928436599,2.55903024181257
645300,ZpMwnb9dWc2wJ8U8sM/xDN9n60fgii57F35vNtiUDPISjbJWDQ6wACH4th6A6GMu,2.0589291964704186,2.7201282219934706,2.2668897850378635
645600,ZpMwnb9dWc2wJ8U8sM/xDN9n60fgii57F35vNtiUDPISjbJWDQ6wACH4th6A6GMu,2.061027238510829,4.703139998534417,2.4913780609957303
645900,ZpMwnb9dWc2wJ8U8sM/xDN9n60fgii57F35vNtiUDPISjbJWDQ6wACH4th6A6GMu,1.961672356138912,2.982080916729761,2.296102160533465
646200,ZpMwnb9dWc2wJ8U8sM/xDN9n60fgii57F35vNtiUDPISjbJWDQ6wACH4th6A6GMu,2.2402381400209244,8.42800453140993,5.081110751290248
646500,ZpMwnb9dWc2wJ8U8sM/xDN9n60fgii57F35vNtiUDPISjbJWDQ6wACH4th6A6GMu,1.8765937985683965,3.4437111260367854,2.31100172172676
646800,ZpMwnb9dWc2wJ8U8sM/xDN9n60fgii57F35vNtiUDPISjbJWDQ6wACH4th6A6GMu,2.074865960589348,4.641572507960021,2.5689819818686352
647100,ZpMwnb9dWc2wJ8U8sM/xDN9n60fgii57F35vNtiUDPISjbJWDQ6wACH4th6A6GMu,2.049876551570428,2.6310537974977057,2.275965474694975
647400,ZpMwnb9dWc2wJ8U8sM/xDN9n60fgii57F35vNtiUDPISjbJWDQ6wACH4th6A6GMu,1.9543200998149817,4.5920538546467755,2.5094118838958783
647700,ZpMwnb9dWc2wJ8U8sM/xDN9n60fgii57F35vNtiUDPISjbJWDQ6wACH4th6A6GMu,2.0537716176004306,4.034298175325828,2.6978966401643647
648000,ZpMwnb9dWc2wJ8U8sM/xDN9n60fgii57F35vNtiUDPISjbJWDQ6wACH4th6A6GMu,1.9062258352893628,4.7324901307288,2.4522479040454046
648300,ZpMwnb9dWc2wJ8U8sM/xDN9n60fgii57F35vNtiUDPISjbJWDQ6wACH4th6A6GMu,1.971240015187404,2.6768539863464373,2.2419774492212783
648600,ZpMwnb9dWc2wJ8U8sM/xDN9n60fgii57F35vNtiUDPISjbJWDQ6wACH4th6A6GMu,1.9200571283232717,4.74809188907448,2.5129601727915496
648900,ZpMwnb9dWc2wJ8U8sM/xDN9n60fgii57F35vNtiUDPISjbJWDQ6wACH4th6A6GMu,1.9259165620766667,2.684711495259932,2.3110658858890822
649200,ZpMwnb9dWc2wJ8U8sM/xDN9n60fgii57F35vNtiUDPISjbJWDQ6wACH4th6A6GMu,1.8843696957866096,4.4956308369040805,2.4603358446304067
649500,ZpMwnb9dWc2wJ8U8sM/xDN9n60fgii57F35vNtiUDPISjbJWDQ6wACH4th6A6GMu,1.992166112721396,3.421692275104083,2.31405196084168
649800,ZpMwnb9dWc2wJ8U8sM/xDN9n60fgii57F35vNtiUDPISjbJWDQ6wACH4th6A6GMu,1.8974706620475104,4.691465909430291,2.597701814374238
650100,ZpMwnb9dWc2wJ8U8sM/xDN9n60fgii57F35vNtiUDPISjbJWDQ6wACH4th6A6GMu,3.0413767520407484,6.211680166724703,5.290949584840658
650400,ZpMwnb9dWc2wJ8U8sM/xDN9n60fgii57F35vNtiUDPISjbJWDQ6wACH4th6A6GMu,1.9028784405450716,4.692639051213757,2.6089127253444406
650700,ZpMwnb9dWc2wJ8U8sM/xDN9n60fgii57F35vNtiUDPISjbJWDQ6wACH4th6A6GMu,1.907342065295356,2.9568227329646173,2.307338964470491
651000,ZpMwnb9dWc2wJ8U8sM/xDN9n60fgii57F35vNtiUDPISjbJWDQ6wACH4th6A6GMu,1.9036279950607784,4.515569922346689,2.456708367442345
651300,ZpMwnb9dWc2wJ8U8sM/xDN9n60fgii57F35vNtiUDPISjbJWDQ6wACH4th6A6GMu,2.0683464425243336,5.397010422983419,2.743639042002041
651600,ZpMwnb9dWc2wJ8U8sM/xDN9n60fgii57F35vNtiUDPISjbJWDQ6wACH4th6A6GMu,1.9733559453142375,4.538013508223504,2.510067924579534
651900,ZpMwnb9dWc2wJ8U8sM/xDN9n60fgii57F35vNtiUDPISjbJWDQ6wACH4th6A6GMu,1.941289132069267,2.671693798290398,2.216229705724604
652200,ZpMwnb9dWc2wJ8U8sM/xDN9n60fgii57F35vNtiUDPISjbJWDQ6wACH4th6A6GMu,1.919695809508957,4.4198806973762235,2.5595224121013187
652500,ZpMwnb9dWc2wJ8U8sM/xDN9n60fgii57F35vNtiUDPISjbJWDQ6wACH4th6A6GMu,1.9076212836670428,2.7911233528639308,2.322044486020741
652800,ZpMwnb9dWc2wJ8U8sM/xDN9n60fgii57F35vNtiUDPISjbJWDQ6wACH4th6A6GMu,1.8494376074236052,5.213874404856452,2.44896369979941
653100,ZpMwnb9dWc2wJ8U8sM/xDN9n60fgii57F35vNtiUDPISjbJWDQ6wACH4th6A6GMu,1.948705750552139,3.150556084118692,2.309017165942572
653400,ZpMwnb9dWc2wJ8U8sM/xDN9n60fgii57F35vNtiUDPISjbJWDQ6wACH4th6A6GMu,1.8705106643084943,5.2672075342736315,2.504838184232051
653700,ZpMwnb9dWc2wJ8U8sM/xDN9n60fgii57F35vNtiUDPISjbJWDQ6wACH4th6A6GMu,1.869566075366598,6.1288621100144525,2.797423486091473
654000,ZpMwnb9dWc2wJ8U8sM/xDN9n60fgii57F35vNtiUDPISjbJWDQ6wACH4th6A6GMu,2.2450249054443927,9.268453149290327,5.024299067739677
654300,ZpMwnb9dWc2wJ8U8sM/xDN9n60fgii57F35vNtiUDPISjbJWDQ6wACH4th6A6GMu,2.070709756384418,3.905135572805248,2.6048800064929822
654600,ZpMwnb9dWc2wJ8U8sM/xDN9n60fgii57F35vNtiUDPISjbJWDQ6wACH4th6A6GMu,1.8339446722221648,5.0805222149664475,2.492122637733308
654900,ZpMwnb9dWc2wJ8U8sM/xDN9n60fgii57F35vNtiUDPISjbJWDQ6wACH4th6A6GMu,2.1134007703490467,5.3574593010961085,2.7937120569655445
655200,ZpMwnb9dWc2wJ8U8sM/xDN9n60fgii57F35vNtiUDPISjbJWDQ6wACH4th6A6GMu,2.0614175704163777,5.076385443909072,2.5368017830700205
655500,ZpMwnb9dWc2wJ8U8sM/xDN9n60fgii57F35vNtiUDPISjbJWDQ6wACH4th6A6GMu,1.979564010799128,2.6037422503200616,2.260072222475117
655800,ZpMwnb9dWc2wJ8U8sM/xDN9n60fgii57F35vNtiUDPISjbJWDQ6wACH4th6A6GMu,1.92834682391966,4.973468088788109,2.6031052905866634
656100,ZpMwnb9dWc2wJ8U8sM/xDN9n60fgii57F35vNtiUDPISjbJWDQ6wACH4th6A6GMu,1.9494950148375776,2.6744913147584493,2.2705672327185518
656400,ZpMwnb9dWc2wJ8U8sM/xDN9n60fgii57F35vNtiUDPISjbJWDQ6wACH4th6A6GMu,1.9070658889387324,4.782927757195063,2.4912449650277835
656700,ZpMwnb9dWc2wJ8U8sM/xDN9n60fgii57F35vNtiUDPISjbJWDQ6wACH4th6A6GMu,1.9398482202307887,3.0451653794702014,2.355712661798009
657000,ZpMwnb9dWc2wJ8U8sM/xDN9n60fgii57F35vNtiUDPISjbJWDQ6wACH4th6A6GMu,1.9491459882266664,4.201646883831876,2.566219426130207
657300,ZpMwnb9dWc2wJ8U8sM/xDN9n60fgii57F35vNtiUDPISjbJWDQ6wACH4th6A6GMu,2.054702658626286,2.691423691075705,2.2505436189447026
657600,ZpMwnb9dWc2wJ8U8sM/xDN9n60fgii57F35vNtiUDPISjbJWDQ6wACH4th6A6GMu,1.9882258393250445,8.610849270903769,4.411073282278848
657900,ZpMwnb9dWc2wJ8U8sM/xDN9n60fgii57F35vNtiUDPISjbJWDQ6wACH4th6A6GMu,1.9613945916727968,5.1163321449969965,2.532283682849491
658200,ZpMwnb9dWc2wJ8U8sM/xDN9n60fgii57F35vNtiUDPISjbJWDQ6wACH4th6A6GMu,1.8593798306189864,5.3416605727107225,2.583840146152765
658500,ZpMwnb9dWc2wJ8U8sM/xDN9n60fgii57F35vNtiUDPISjbJWDQ6wACH4th6A6GMu,2.0260364098389445,5.121735370981618,2.697464148429463
658800,ZpMwnb9dWc2wJ8U8sM/xDN9n60fgii57F35vNtiUDPISjbJWDQ6wACH4th6A6GMu,1.9096382391405256,5.082811421482834,2.4821504312992038
659100,ZpMwnb9dWc2wJ8U8sM/xDN9n60fgii57F35vNtiUDPISjbJWDQ6wACH4th6A6GMu,1.949591099026036,2.6848408349059434,2.266554372482493
659400,ZpMwnb9dWc2wJ8U8sM/xDN9n60fgii57F35vNtiUDPISjbJWDQ6wACH4th6A6GMu,1.9666994207735888,44.35496852717167,11.658873867036688
659700,ZpMwnb9dWc2wJ8U8sM/xDN9n60fgii57F35vNtiUDPISjbJWDQ6wACH4th6A6GMu,2.0632506696444097,2.805501156091087,2.3293132665732315
660000,ZpMwnb9dWc2wJ8U8sM/xDN9n60fgii57F35vNtiUDPISjbJWDQ6wACH4th6A6GMu,1.9875233224132476,4.9226863734097215,2.5407941212095384
660300,ZpMwnb9dWc2wJ8U8sM/xDN9n60fgii57F35vNtiUDPISjbJWDQ6wACH4th6A6GMu,1.9460888578525863,9.026541547567215,4.708638463384596
660600,ZpMwnb9dWc2wJ8U8sM/xDN9n60fgii57F35vNtiUDPISjbJWDQ6wACH4th6A6GMu,7.3998595549329,10.43630071527408,8.437394333429244
660900,ZpMwnb9dWc2wJ8U8sM/xDN9n60fgii57F35vNtiUDPISjbJWDQ6wACH4th6A6GMu,2.071640259529127,2.7365197021523,2.3439591345673865
661200,ZpMwnb9dWc2wJ8U8sM/xDN9n60fgii57F35vNtiUDPISjbJWDQ6wACH4th6A6GMu,1.9233819570639408,4.978785484739374,2.5621592839758174
661500,ZpMwnb9dWc2wJ8U8sM/xDN9n60fgii57F35vNtiUDPISjbJWDQ6wACH4th6A6GMu,2.092866041118711,6.395284628778434,4.417660917112271
661800,ZpMwnb9dWc2wJ8U8sM/xDN9n60fgii57F35vNtiUDPISjbJWDQ6wACH4th6A6GMu,1.968684641212603,4.041922883571656,2.5370329357458687
662100,ZpMwnb9dWc2wJ8U8sM/xDN9n60fgii57F35vNtiUDPISjbJWDQ6wACH4th6A6GMu,2.045663569878742,6.552417946370452,2.7880300942982847
662400,ZpMwnb9dWc2wJ8U8sM/xDN9n60fgii57F35vNtiUDPISjbJWDQ6wACH4th6A6GMu,2.034340871796752,4.923550714504298,2.484862191091052
662700,ZpMwnb9dWc2wJ8U8sM/xDN9n60fgii57F35vNtiUDPISjbJWDQ6wACH4th6A6GMu,1.929464492929876,2.553700574520435,2.1815717572864943
663000,ZpMwnb9dWc2wJ8U8sM/xDN9n60fgii57F35vNtiUDPISjbJWDQ6wACH4th6A6GMu,1.8889870546362209,4.8356390222246874,2.499377107717843
663300,ZpMwnb9dWc2wJ8U8sM/xDN9n60fgii57F35vNtiUDPISjbJWDQ6wACH4th6A6GMu,1.9437760081211708,2.692401274505707,2.31673720795287
663600,ZpMwnb9dWc2wJ8U8sM/xDN9n60fgii57F35vNtiUDPISjbJWDQ6wACH4th6A6GMu,1.9248253170656944,5.05077708595138,2.500838693134988
663900,ZpMwnb9dWc2wJ8U8sM/xDN9n60fgii57F35vNtiUDPISjbJWDQ6wACH4th6A6GMu,1.9018223397184897,16.22013711388105,4.108675097935392
664200,ZpMwnb9dWc2wJ8U8sM/xDN9n60fgii57F35vNtiUDPISjbJWDQ6wACH4th6A6GMu,1.961456991547575,5.227823722064937,2.619911910762016
664500,ZpMwnb9dWc2wJ8U8sM/xDN9n60fgii57F35vNtiUDPISjbJWDQ6wACH4th6A6GMu,1.9383748755960548,2.647632224369499,2.2157999952606318
664800,ZpMwnb9dWc2wJ8U8sM/xDN9n60fgii57F35vNtiUDPISjbJWDQ6wACH4th6A6GMu,1.9887756513419776,5.108425284988464,2.575993373200616
665100,ZpMwnb9dWc2wJ8U8sM/xDN9n60fgii57F35vNtiUDPISjbJWDQ6wACH4th6A6GMu,1.9677902541477972,6.762177228595033,3.748574643498356
665400,ZpMwnb9dWc2wJ8U8sM/xDN9n60fgii57F35vNtiUDPISjbJWDQ6wACH4th6A6GMu,1.886669809477171,5.961066989064186,3.2462255859316484
665700,ZpMwnb9dWc2wJ8U8sM/xDN9n60fgii57F35vNtiUDPISjbJWDQ6wACH4th6A6GMu,2.1340837353387774,3.9030316487370658,2.75344262376411
666000,ZpMwnb9dWc2wJ8U8sM/xDN9n60fgii57F35vNtiUDPISjbJWDQ6wACH4th6A6GMu,1.85891059803248,4.757319636144024,2.4910509366221016
666300,ZpMwnb9dWc2wJ8U8sM/xDN9n60fgii57F35vNtiUDPISjbJWDQ6wACH4th6A6GMu,1.89476003323034,2.6652874494776584,2.205123178747016
666600,ZpMwnb9dWc2wJ8U8sM/xDN9n60fgii57F35vNtiUDPISjbJWDQ6wACH4th6A6GMu,1.947085309280961,5.690386460241821,2.5183553225025266
666900,ZpMwnb9dWc2wJ8U8sM/xDN9n60fgii57F35vNtiUDPISjbJWDQ6wACH4th6A6GMu,1.85416487024894,2.631664900299152,2.2423459333306384
667200,ZpMwnb9dWc2wJ8U8sM/xDN9n60fgii57F35vNtiUDPISjbJWDQ6wACH4th6A6GMu,1.8923814728084676,5.234874135112753,2.4076552195364807
667500,ZpMwnb9dWc2wJ8U8sM/xDN9n60fgii57F35vNtiUDPISjbJWDQ6wACH4th6A6GMu,1.9096210669573075,2.8396361431099466,2.272150864427147
667800,ZpMwnb9dWc2wJ8U8sM/xDN9n60fgii57F35vNtiUDPISjbJWDQ6wACH4th6A6GMu,1.8109401127689468,5.160710676460389,2.440121073379474
668100,ZpMwnb9dWc2wJ8U8sM/xDN9n60fgii57F35vNtiUDPISjbJWDQ6wACH4th6A6GMu,1.7532443000589557,2.5703903303752087,2.18727483617284
668400,ZpMwnb9dWc2wJ8U8sM/xDN9n60fgii57F35vNtiUDPISjbJWDQ6wACH4th6A6GMu,1.81795121738272,6.196966669631561,2.5524429186090902
668700,ZpMwnb9dWc2wJ8U8sM/xDN9n60fgii57F35vNtiUDPISjbJWDQ6wACH4th6A6GMu,1.835985443345554,2.675769692187259,2.3096608417608815
669000,ZpMwnb9dWc2wJ8U8sM/xDN9n60fgii57F35vNtiUDPISjbJWDQ6wACH4th6A6GMu,1.831531920124396,8.663532091463207,5.352955261849436
669300,ZpMwnb9dWc2wJ8U8sM/xDN9n60fgii57F35vNtiUDPISjbJWDQ6wACH4th6A6GMu,1.7825755086185555,5.9251395977918175,3.0930172249938774
669600,ZpMwnb9dWc2wJ8U8sM/xDN9n60fgii57F35vNtiUDPISjbJWDQ6wACH4th6A6GMu,1.803301878257372,5.1854332193523245,2.4634022968929754
669900,ZpMwnb9dWc2wJ8U8sM/xDN9n60fgii57F35vNtiUDPISjbJWDQ6wACH4th6A6GMu,1.831406249305152,2.7828939606273027,2.2288960289857886
670200,ZpMwnb9dWc2wJ8U8sM/xDN9n60fgii57F35vNtiUDPISjbJWDQ6wACH4th6A6GMu,1.933544579202272,5.572295169655478,2.5834860668324224
670500,ZpMwnb9dWc2wJ8U8sM/xDN9n60fgii57F35vNtiUDPISjbJWDQ6wACH4th6A6GMu,1.7994328865867566,2.7622652927416995,2.2871960387475214
670800,ZpMwnb9dWc2wJ8U8sM/xDN9n60fgii57F35vNtiUDPISjbJWDQ6wACH4th6A6GMu,1.7962241027212462,3.301147413808958,2.291855400660851
671100,ZpMwnb9dWc2wJ8U8sM/xDN9n60fgii57F35vNtiUDPISjbJWDQ6wACH4th6A6GMu,1.860772779932393,5.441136594780118,2.745039206904196
671400,ZpMwnb9dWc2wJ8U8sM/xDN9n60fgii57F35vNtiUDPISjbJWDQ6wACH4th6A6GMu,1.8503912315341688,2.8396549071448227,2.2628783815931444
671700,ZpMwnb9dWc2wJ8U8sM/xDN9n60fgii57F35vNtiUDPISjbJWDQ6wACH4th6A6GMu,2.0350164745380552,4.9742022163746125,2.665628673361589
672000,ZpMwnb9dWc2wJ8U8sM/xDN9n60fgii57F35vNtiUDPISjbJWDQ6wACH4th6A6GMu,1.848516856598869,3.234766571256517,2.2504095111095896
672300,ZpMwnb9dWc2wJ8U8sM/xDN9n60fgii57F35vNtiUDPISjbJWDQ6wACH4th6A6GMu,1.99894456793539,4.984185943160932,2.580799752448582
672600,ZpMwnb9dWc2wJ8U8sM/xDN9n60fgii57F35vNtiUDPISjbJWDQ6wACH4th6A6GMu,1.7140295942153525,3.1882523008102086,2.1958822599762646
672900,ZpMwnb9dWc2wJ8U8sM/xDN9n60fgii57F35vNtiUDPISjbJWDQ6wACH4th6A6GMu,1.8621438846742928,8.20158951234509,5.3877753104331
673200,ZpMwnb9dWc2wJ8U8sM/xDN9n60fgii57F35vNtiUDPISjbJWDQ6wACH4th6A6GMu,1.7383839905957617,2.9117804075453866,2.1581810001817847
673500,ZpMwnb9dWc2wJ8U8sM/xDN9n60fgii57F35vNtiUDPISjbJWDQ6wACH4th6A6GMu,1.7168845613917654,4.703098053202985,2.41234082124682
673800,ZpMwnb9dWc2wJ8U8sM/xDN9n60fgii57F35vNtiUDPISjbJWDQ6wACH4th6A6GMu,1.783073157667681,3.427229029938998,2.2749705283212167
674100,ZpMwnb9dWc2wJ8U8sM/xDN9n60fgii57F35vNtiUDPISjbJWDQ6wACH4th6A6GMu,1.7482097663802387,4.8597913024199695,2.499768672035883
674400,ZpMwnb9dWc2wJ8U8sM/xDN9n60fgii57F35vNtiUDPISjbJWDQ6wACH4th6A6GMu,1.7139535375194233,3.090022487898515,2.228707281382651
674700,ZpMwnb9dWc2wJ8U8sM/xDN9n60fgii57F35vNtiUDPISjbJWDQ6wACH4th6A6GMu,1.81980883364112,4.619450329434456,2.5307689077487794
675000,ZpMwnb9dWc2wJ8U8sM/xDN9n60fgii57F35vNtiUDPISjbJWDQ6wACH4th6A6GMu,1.7508917380383389,2.967092993656498,2.2238863755015723
675300,ZpMwnb9dWc2wJ8U8sM/xDN9n60fgii57F35vNtiUDPISjbJWDQ6wACH4th6A6GMu,1.7139663016653983,4.491219971480515,2.4520751170455752
675600,ZpMwnb9dWc2wJ8U8sM/xDN9n60fgii57F35vNtiUDPISjbJWDQ6wACH4th6A6GMu,1.7184492897265915,3.3881072735203746,2.2347121409376447
675900,ZpMwnb9dWc2wJ8U8sM/xDN9n60fgii57F35vNtiUDPISjbJWDQ6wACH4th6A6GMu,1.72830427152535,5.328854058634797,2.4858576448043364
676200,ZpMwnb9dWc2wJ8U8sM/xDN9n60fgii57F35vNtiUDPISjbJWDQ6wACH4th6A6GMu,1.7602628698068117,2.9191654687486888,2.1724668996362166
676500,ZpMwnb9dWc2wJ8U8sM/xDN9n60fgii57F35vNtiUDPISjbJWDQ6wACH4th6A6GMu,1.8205926665193488,6.429632713357422,3.781654210236108
676800,ZpMwnb9dWc2wJ8U8sM/xDN9n60fgii57F35vNtiUDPISjbJWDQ6wACH4th6A6GMu,4.666717934180499,6.467978751210908,5.511485781205372
677100,ZpMwnb9dWc2wJ8U8sM/xDN9n60fgii57F35vNtiUDPISjbJWDQ6wACH4th6A6GMu,1.754302863333428,5.257282160804324,2.440953816408414
677400,ZpMwnb9dWc2wJ8U8sM/xDN9n60fgii57F35vNtiUDPISjbJWDQ6wACH4th6A6GMu,1.775608883697912,3.18284222881194,2.23323381022554
677700,ZpMwnb9dWc2wJ8U8sM/xDN9n60fgii57F35vNtiUDPISjbJWDQ6wACH4th6A6GMu,1.828729615706304,5.337386659098053,2.4836134734172823
678000,ZpMwnb9dWc2wJ8U8sM/xDN9n60fgii57F35vNtiUDPISjbJWDQ6wACH4th6A6GMu,1.874795777084576,3.2391693550386287,2.2381603410120983
678300,ZpMwnb9dWc2wJ8U8sM/xDN9n60fgii57F35vNtiUDPISjbJWDQ6wACH4th6A6GMu,1.7349966146992488,5.538114917248008,2.551018523141929
678600,ZpMwnb9dWc2wJ8U8sM/xDN9n60fgii57F35vNtiUDPISjbJWDQ6wACH4th6A6GMu,1.7765817983908945,3.0710897211713477,2.278589863571439
678900,ZpMwnb9dWc2wJ8U8sM/xDN9n60fgii57F35vNtiUDPISjbJWDQ6wACH4th6A6GMu,1.7225249851552222,4.087048205469607,2.2986760816111182
679200,ZpMwnb9dWc2wJ8U8sM/xDN9n60fgii57F35vNtiUDPISjbJWDQ6wACH4th6A6GMu,1.733823542656891,3.2339918163278627,2.289298324979652
679500,ZpMwnb9dWc2wJ8U8sM/xDN9n60fgii57F35vNtiUDPISjbJWDQ6wACH4th6A6GMu,1.7586966095868375,5.31830615524187,2.5241950390853773
679800,ZpMwnb9dWc2wJ8U8sM/xDN9n60fgii57F35vNtiUDPISjbJWDQ6wACH4th6A6GMu,1.6642521271828496,3.0729235259335788,2.1934252777635534
680100,ZpMwnb9dWc2wJ8U8sM/xDN9n60fgii57F35vNtiUDPISjbJWDQ6wACH4th6A6GMu,1.8153002598532668,5.991531930711279,2.944194784439583
680400,ZpMwnb9dWc2wJ8U8sM/xDN9n60fgii57F35vNtiUDPISjbJWDQ6wACH4th6A6GMu,1.7155844727030327,5.512429906975164,2.509129754824181
680700,ZpMwnb9dWc2wJ8U8sM/xDN9n60fgii57F35vNtiUDPISjbJWDQ6wACH4th6A6GMu,1.8143181274994165,7.768074796398032,4.176608556917465
681000,ZpMwnb9dWc2wJ8U8sM/xDN9n60fgii57F35vNtiUDPISjbJWDQ6wACH4th6A6GMu,1.7121622998464991,3.027750574702889,2.2349921821589787
681300,ZpMwnb9dWc2wJ8U8sM/xDN9n60fgii57F35vNtiUDPISjbJWDQ6wACH4th6A6GMu,1.856787939420898,4.492850172454582,2.474007793994007
681600,ZpMwnb9dWc2wJ8U8sM/xDN9n60fgii57F35vNtiUDPISjbJWDQ6wACH4th6A6GMu,1.670848085686446,2.602537446105485,2.1513081742089573
681900,ZpMwnb9dWc2wJ8U8sM/xDN9n60fgii57F35vNtiUDPISjbJWDQ6wACH4th6A6GMu,1.7655592059606398,4.382113186249453,2.472458601833949
682200,ZpMwnb9dWc2wJ8U8sM/xDN9n60fgii57F35vNtiUDPISjbJWDQ6wACH4th6A6GMu,1.7675134955916008,2.747905993177385,2.1821149059760945
682500,ZpMwnb9dWc2wJ8U8sM/xDN9n60fgii57F35vNtiUDPISjbJWDQ6wACH4th6A6GMu,1.733881684963208,4.349598598466228,2.430362680764412
682800,ZpMwnb9dWc2wJ8U8sM/xDN9n60fgii57F35vNtiUDPISjbJWDQ6wACH4th6A6GMu,1.7482602693946074,3.0925815222816966,2.2339913227401453
683100,ZpMwnb9dWc2wJ8U8sM/xDN9n60fgii57F35vNtiUDPISjbJWDQ6wACH4th6A6GMu,1.7370784617925197,4.396073025613079,2.472852748401079
683400,ZpMwnb9dWc2wJ8U8sM/xDN9n60fgii57F35vNtiUDPISjbJWDQ6wACH4th6A6GMu,1.7037994572338555,2.5948512778962107,2.213963809532087
683700,ZpMwnb9dWc2wJ8U8sM/xDN9n60fgii57F35vNtiUDPISjbJWDQ6wACH4th6A6GMu,1.850721991501681,4.686609632152166,2.98827152995897
684000,ZpMwnb9dWc2wJ8U8sM/xDN9n60fgii57F35vNtiUDPISjbJWDQ6wACH4th6A6GMu,1.7212858788954537,2.5842285417823514,2.203122162130837
684300,ZpMwnb9dWc2wJ8U8sM/xDN9n60fgii57F35vNtiUDPISjbJWDQ6wACH4th6A6GMu,2.27275840698083,6.056909694409516,4.4157916162791535
684600,ZpMwnb9dWc2wJ8U8sM/xDN9n60fgii57F35vNtiUDPISjbJWDQ6wACH4th6A6GMu,1.819250128370536,2.89776077951099,2.2372489577504235
684900,ZpMwnb9dWc2wJ8U8sM/xDN9n60fgii57F35vNtiUDPISjbJWDQ6wACH4th6A6GMu,1.916560480947932,4.665401122103945,2.5304908134108555
685200,ZpMwnb9dWc2wJ8U8sM/xDN9n60fgii57F35vNtiUDPISjbJWDQ6wACH4th6A6GMu,1.7385363257335404,2.6130361455587456,2.1767037283303265
685500,ZpMwnb9dWc2wJ8U8sM/xDN9n60fgii57F35vNtiUDPISjbJWDQ6wACH4th6A6GMu,1.881351745673012,5.047199691227862,2.5292291688463626
685800,ZpMwnb9dWc2wJ8U8sM/xDN9n60fgii57F35vNtiUDPISjbJWDQ6wACH4th6A6GMu,1.818991162795512,3.3017079389716266,2.3207362873184687
686100,ZpMwnb9dWc2wJ8U8sM/xDN9n60fgii57F35vNtiUDPISjbJWDQ6wACH4th6A6GMu,1.6387134797525982,3.9687760729066386,2.299697042169647
686400,ZpMwnb9dWc2wJ8U8sM/xDN9n60fgii57F35vNtiUDPISjbJWDQ6wACH4th6A6GMu,1.7064834636036637,2.8836750516097847,2.236990862834299
686700,ZpMwnb9dWc2wJ8U8sM/xDN9n60fgii57F35vNtiUDPISjbJWDQ6wACH4th6A6GMu,1.735729557107741,21.589357698842612,4.943645275781496
687000,ZpMwnb9dWc2wJ8U8sM/xDN9n60fgii57F35vNtiUDPISjbJWDQ6wACH4th6A6GMu,1.694356370260977,3.07800470527896,2.351797634321004
687300,ZpMwnb9dWc2wJ8U8sM/xDN9n60fgii57F35vNtiUDPISjbJWDQ6wACH4th6A6GMu,1.815494937345884,5.668994424402566,3.1453110180728845
687600,ZpMwnb9dWc2wJ8U8sM/xDN9n60fgii57F35vNtiUDPISjbJWDQ6wACH4th6A6GMu,1.7308746292802706,2.8178400993327872,2.192794849511949
687900,ZpMwnb9dWc2wJ8U8sM/xDN9n60fgii57F35vNtiUDPISjbJWDQ6wACH4th6A6GMu,1.7031945038898124,4.967409483158956,2.599023489385111
688200,ZpMwnb9dWc2wJ8U8sM/xDN9n60fgii57F35vNtiUDPISjbJWDQ6wACH4th6A6GMu,2.2862592948567717,46.73490704133701,13.32408565345488
688500,ZpMwnb9dWc2wJ8U8sM/xDN9n60fgii57F35vNtiUDPISjbJWDQ6wACH4th6A6GMu,1.8394146067638268,5.128831207193208,2.5975066279709584
688800,ZpMwnb9dWc2wJ8U8sM/xDN9n60fgii57F35vNtiUDPISjbJWDQ6wACH4th6A6GMu,1.6941015188574369,4.037427947321924,2.339675473580304
689100,ZpMwnb9dWc2wJ8U8sM/xDN9n60fgii57F35vNtiUDPISjbJWDQ6wACH4th6A6GMu,1.6918606976626065,5.281219187260736,2.586159369637852
689400,ZpMwnb9dWc2wJ8U8sM/xDN9n60fgii57F35vNtiUDPISjbJWDQ6wACH4th6A6GMu,1.7911269494026945,5.368074260281807,2.5085357418737018
689700,ZpMwnb9dWc2wJ8U8sM/xDN9n60fgii57F35vNtiUDPISjbJWDQ6wACH4th6A6GMu,7.247141330866685,10.167054928095595,8.350650700609394
690000,ZpMwnb9dWc2wJ8U8sM/xDN9n60fgii57F35vNtiUDPISjbJWDQ6wACH4th6A6GMu,1.988900931088653,8.872628867337262,4.541528386901219
690300,ZpMwnb9dWc2wJ8U8sM/xDN9n60fgii57F35vNtiUDPISjbJWDQ6wACH4th6A6GMu,1.858210015858986,3.550649902958444,2.4361097421153963
690600,ZpMwnb9dWc2wJ8U8sM/xDN9n60fgii57F35vNtiUDPISjbJWDQ6wACH4th6A6GMu,1.6285309698407393,3.174407513432969,2.236191143323103
690900,ZpMwnb9dWc2wJ8U8sM/xDN9n60fgii57F35vNtiUDPISjbJWDQ6wACH4th6A6GMu,1.7824607801635226,5.37416226222424,3.051691903969464
691200,ZpMwnb9dWc2wJ8U8sM/xDN9n60fgii57F35vNtiUDPISjbJWDQ6wACH4th6A6GMu,1.8285814132918796,2.9641958417595022,2.199816970468794
691500,ZpMwnb9dWc2wJ8U8sM/xDN9n60fgii57F35vNtiUDPISjbJWDQ6wACH4th6A6GMu,1.6767726965688898,4.580436428635432,2.4406171188215757
691800,ZpMwnb9dWc2wJ8U8sM/xDN9n60fgii57F35vNtiUDPISjbJWDQ6wACH4th6A6GMu,1.6582179228636615,7.171451083975939,3.685211802715532
692100,ZpMwnb9dWc2wJ8U8sM/xDN9n60fgii57F35vNtiUDPISjbJWDQ6wACH4th6A6GMu,1.923966990932349,5.981730409667422,3.3693003704651314
692400,ZpMwnb9dWc2wJ8U8sM/xDN9n60fgii57F35vNtiUDPISjbJWDQ6wACH4th6A6GMu,1.7053146084135546,3.014963614824824,2.167467592778907
692700,ZpMwnb9dWc2wJ8U8sM/xDN9n60fgii57F35vNtiUDPISjbJWDQ6wACH4th6A6GMu,1.648706119150246,4.449280196291977,2.503585666203592
693000,ZpMwnb9dWc2wJ8U8sM/xDN9n60fgii57F35vNtiUDPISjbJWDQ6wACH4th6A6GMu,1.7162459628020554,3.0403128234577514,2.3458247375461454
693300,ZpMwnb9dWc2wJ8U8sM/xDN9n60fgii57F35vNtiUDPISjbJWDQ6wACH4th6A6GMu,1.6992524632213095,4.311757066642409,2.456687725773768
693600,ZpMwnb9dWc2wJ8U8sM/xDN9n60fgii57F35vNtiUDPISjbJWDQ6wACH4th6A6GMu,1.6575029481042745,2.969397550530628,2.238868716376336
693900,ZpMwnb9dWc2wJ8U8sM/xDN9n60fgii57F35vNtiUDPISjbJWDQ6wACH4th6A6GMu,1.7619006360149867,4.3964023975773925,2.473312941009628
694200,ZpMwnb9dWc2wJ8U8sM/xDN9n60fgii57F35vNtiUDPISjbJWDQ6wACH4th6A6GMu,1.807689197017204,3.1810170768421138,2.26305953026818
694500,ZpMwnb9dWc2wJ8U8sM/xDN9n60fgii57F35vNtiUDPISjbJWDQ6wACH4th6A6GMu,1.7648852304439042,6.281174159399519,2.942426527013537
694800,ZpMwnb9dWc2wJ8U8sM/xDN9n60fgii57F35vNtiUDPISjbJWDQ6wACH4th6A6GMu,1.8561818933026424,3.109608045455552,2.202978048489145
695100,ZpMwnb9dWc2wJ8U8sM/xDN9n60fgii57F35vNtiUDPISjbJWDQ6wACH4th6A6GMu,1.6787541806815172,4.75804802174742,2.438862057728693
695400,ZpMwnb9dWc2wJ8U8sM/xDN9n60fgii57F35vNtiUDPISjbJWDQ6wACH4th6A6GMu,1.7975561122746593,3.192684586895605,2.336538034239549
695700,ZpMwnb9dWc2wJ8U8sM/xDN9n60fgii57F35vNtiUDPISjbJWDQ6wACH4th6A6GMu,1.7909840729270388,8.78752301064781,4.534945204621052
696000,ZpMwnb9dWc2wJ8U8sM/xDN9n60fgii57F35vNtiUDPISjbJWDQ6wACH4th6A6GMu,1.7884110187484583,2.721388739088374,2.204539637753287
696300,ZpMwnb9dWc2wJ8U8sM/xDN9n60fgii57F35vNtiUDPISjbJWDQ6wACH4th6A6GMu,1.667091980953242,5.027212367881531,2.4962911450232985
696600,ZpMwnb9dWc2wJ8U8sM/xDN9n60fgii57F35vNtiUDPISjbJWDQ6wACH4th6A6GMu,1.7429336982534354,2.8061464848065247,2.246905994902197
696900,ZpMwnb9dWc2wJ8U8sM/xDN9n60fgii57F35vNtiUDPISjbJWDQ6wACH4th6A6GMu,1.788419118316196,4.74257892642231,2.4747840972105415
697200,ZpMwnb9dWc2wJ8U8sM/xDN9n60fgii57F35vNtiUDPISjbJWDQ6wACH4th6A6GMu,1.6658103510044775,2.983433461586022,2.2420168761497674
697500,ZpMwnb9dWc2wJ8U8sM/xDN9n60fgii57F35vNtiUDPISjbJWDQ6wACH4th6A6GMu,1.7263421318771344,5.215843845553019,2.4808658710833926
697800,ZpMwnb9dWc2wJ8U8sM/xDN9n60fgii57F35vNtiUDPISjbJWDQ6wACH4th6A6GMu,1.6875084533675049,16.443731284535637,3.8819575190556534
698100,ZpMwnb9dWc2wJ8U8sM/xDN9n60fgii57F35vNtiUDPISjbJWDQ6wACH4th6A6GMu,1.8501604740561293,3.911078112577521,2.51656534323159
698400,ZpMwnb9dWc2wJ8U8sM/xDN9n60fgii57F35vNtiUDPISjbJWDQ6wACH4th6A6GMu,1.868866534546205,5.130915450292792,2.583965601197652
698700,ZpMwnb9dWc2wJ8U8sM/xDN9n60fgii57F35vNtiUDPISjbJWDQ6wACH4th6A6GMu,1.6570359156107302,4.833012037216609,2.4951974804327786
699000,ZpMwnb9dWc2wJ8U8sM/xDN9n60fgii57F35vNtiUDPISjbJWDQ6wACH4th6A6GMu,1.800226918524747,2.899731374888277,2.261024862424784
699300,ZpMwnb9dWc2wJ8U8sM/xDN9n60fgii57F35vNtiUDPISjbJWDQ6wACH4th6A6GMu,1.880076483012162,6.133002657161936,3.338690861033175
699600,ZpMwnb9dWc2wJ8U8sM/xDN9n60fgii57F35vNtiUDPISjbJWDQ6wACH4th6A6GMu,1.8555131849231896,6.431362357513041,3.3823159993306486
699900,ZpMwnb9dWc2wJ8U8sM/xDN9n60fgii57F35vNtiUDPISjbJWDQ6wACH4th6A6GMu,1.6610987912203647,4.9535784030090735,2.543970135262775
700200,ZpMwnb9dWc2wJ8U8sM/xDN9n60fgii57F35vNtiUDPISjbJWDQ6wACH4th6A6GMu,1.9085953820538224,2.859216756294936,2.311364899430131
700500,ZpMwnb9dWc2wJ8U8sM/xDN9n60fgii57F35vNtiUDPISjbJWDQ6wACH4th6A6GMu,1.7497801027763535,4.633373129602422,2.4478816754663497
700800,ZpMwnb9dWc2wJ8U8sM/xDN9n60fgii57F35vNtiUDPISjbJWDQ6wACH4th6A6GMu,1.7525138161673322,2.928522599711931,2.2797929155276724
701100,ZpMwnb9dWc2wJ8U8sM/xDN9n60fgii57F35vNtiUDPISjbJWDQ6wACH4th6A6GMu,1.7964029486729354,5.15381599509573,2.5575020803329607
701400,ZpMwnb9dWc2wJ8U8sM/xDN9n60fgii57F35vNtiUDPISjbJWDQ6wACH4th6A6GMu,1.8508812718183008,2.727814165964342,2.2873750431486006
701700,ZpMwnb9dWc2wJ8U8sM/xDN9n60fgii57F35vNtiUDPISjbJWDQ6wACH4th6A6GMu,1.7770989443136405,94.70361600760965,26.08028316225912
702000,ZpMwnb9dWc2wJ8U8sM/xDN9n60fgii57F35vNtiUDPISjbJWDQ6wACH4th6A6GMu,21.14940096713061,92.42533550943725,37.93176792053094
702300,ZpMwnb9dWc2wJ8U8sM/xDN9n60fgii57F35vNtiUDPISjbJWDQ6wACH4th6A6GMu,1.7593125522212922,22.918824426940034,5.810405507147776
702600,ZpMwnb9dWc2wJ8U8sM/xDN9n60fgii57F35vNtiUDPISjbJWDQ6wACH4th6A6GMu,1.8255667815713483,2.9447311610424705,2.297056526567697
702900,ZpMwnb9dWc2wJ8U8sM/xDN9n60fgii57F35vNtiUDPISjbJWDQ6wACH4th6A6GMu,1.810749858272712,4.650848424857627,2.5363950773139434
703200,ZpMwnb9dWc2wJ8U8sM/xDN9n60fgii57F35vNtiUDPISjbJWDQ6wACH4th6A6GMu,1.9673644485894373,6.057889027505033,4.3255537064921805
703500,ZpMwnb9dWc2wJ8U8sM/xDN9n60fgii57F35vNtiUDPISjbJWDQ6wACH4th6A6GMu,1.7883668315644967,4.284661382695782,2.534161807327162
703800,ZpMwnb9dWc2wJ8U8sM/xDN9n60fgii57F35vNtiUDPISjbJWDQ6wACH4th6A6GMu,1.902316145914646,2.710124064066288,2.2598878123994655
704100,ZpMwnb9dWc2wJ8U8sM/xDN9n60fgii57F35vNtiUDPISjbJWDQ6wACH4th6A6GMu,1.7840178018044617,4.872248557450685,2.513938293077016
704400,ZpMwnb9dWc2wJ8U8sM/xDN9n60fgii57F35vNtiUDPISjbJWDQ6wACH4th6A6GMu,1.8738677085664983,3.0767501163971747,2.321035568701785
704700,ZpMwnb9dWc2wJ8U8sM/xDN9n60fgii57F35vNtiUDPISjbJWDQ6wACH4th6A6GMu,1.763848148485192,5.050258696373295,2.467793556150085
705000,ZpMwnb9dWc2wJ8U8sM/xDN9n60fgii57F35vNtiUDPISjbJWDQ6wACH4th6A6GMu,1.7281002539462176,3.051121342576264,2.230870107868127
705300,ZpMwnb9dWc2wJ8U8sM/xDN9n60fgii57F35vNtiUDPISjbJWDQ6wACH4th6A6GMu,1.7691917427312884,5.28896667935298,2.56773065762796
705600,ZpMwnb9dWc2wJ8U8sM/xDN9n60fgii57F35vNtiUDPISjbJWDQ6wACH4th6A6GMu,1.7714426108086072,4.4233709643317995,2.639268578588265
705900,ZpMwnb9dWc2wJ8U8sM/xDN9n60fgii57F35vNtiUDPISjbJWDQ6wACH4th6A6GMu,1.688645720553552,4.825533102067296,2.4012399029519287
706200,ZpMwnb9dWc2wJ8U8sM/xDN9n60fgii57F35vNtiUDPISjbJWDQ6wACH4th6A6GMu,1.7589775542396693,3.037654137578528,2.229760357191421
706500,ZpMwnb9dWc2wJ8U8sM/xDN9n60fgii57F35vNtiUDPISjbJWDQ6wACH4th6A6GMu,1.7484924152776693,4.914360536928922,2.5130683245752174
706800,ZpMwnb9dWc2wJ8U8sM/xDN9n60fgii57F35vNtiUDPISjbJWDQ6wACH4th6A6GMu,1.7155927131789923,6.107598307665184,2.6938150512233068
707100,ZpMwnb9dWc2wJ8U8sM/xDN9n60fgii57F35vNtiUDPISjbJWDQ6wACH4th6A6GMu,2.1622974402053536,17.905713455559827,6.283040689360425
707400,ZpMwnb9dWc2wJ8U8sM/xDN9n60fgii57F35vNtiUDPISjbJWDQ6wACH4th6A6GMu,1.7678257365136922,3.012718306636506,2.2660864624491497
707700,ZpMwnb9dWc2wJ8U8sM/xDN9n60fgii57F35vNtiUDPISjbJWDQ6wACH4th6A6GMu,1.7981466844089138,4.8398379163676255,2.471782632636813
708000,ZpMwnb9dWc2wJ8U8sM/xDN9n60fgii57F35vNtiUDPISjbJWDQ6wACH4th6A6GMu,1.7406517206100298,2.9925976499206794,2.272084905832776
708300,ZpMwnb9dWc2wJ8U8sM/xDN9n60fgii57F35vNtiUDPISjbJWDQ6wACH4th6A6GMu,1.8462455766323589,3.9430669450075593,2.5186526658864463
708600,ZpMwnb9dWc2wJ8U8sM/xDN9n60fgii57F35vNtiUDPISjbJWDQ6wACH4th6A6GMu,1.7320388048934128,3.068293895597574,2.329906046161019
708900,ZpMwnb9dWc2wJ8U8sM/xDN9n60fgii57F35vNtiUDPISjbJWDQ6wACH4th6A6GMu,1.8380527375407876,4.930036560005508,2.6235802127431795
709200,ZpMwnb9dWc2wJ8U8sM/xDN9n60fgii57F35vNtiUDPISjbJWDQ6wACH4th6A6GMu,1.9068107592588968,6.221311138874804,2.613436670979445
709500,ZpMwnb9dWc2wJ8U8sM/xDN9n60fgii57F35vNtiUDPISjbJWDQ6wACH4th6A6GMu,1.8915966496173429,4.489790091903039,2.4584119497708725
709800,ZpMwnb9dWc2wJ8U8sM/xDN9n60fgii57F35vNtiUDPISjbJWDQ6wACH4th6A6GMu,1.7108171504621148,3.0697676336796924,2.3063459401842743
710100,ZpMwnb9dWc2wJ8U8sM/xDN9n60fgii57F35vNtiUDPISjbJWDQ6wACH4th6A6GMu,1.7936002657697436,4.6570567127723566,2.5468439011383373
710400,ZpMwnb9dWc2wJ8U8sM/xDN9n60fgii57F35vNtiUDPISjbJWDQ6wACH4th6A6GMu,1.7919159961482858,2.865901208564946,2.222012838086443
710700,ZpMwnb9dWc2wJ8U8sM/xDN9n60fgii57F35vNtiUDPISjbJWDQ6wACH4th6A6GMu,1.7449719632364749,8.23711567472624,3.9577399890628855
711000,ZpMwnb9dWc2wJ8U8sM/xDN9n60fgii57F35vNtiUDPISjbJWDQ6wACH4th6A6GMu,1.8545153457170624,6.141460871191559,3.49078111843597
711300,ZpMwnb9dWc2wJ8U8sM/xDN9n60fgii57F35vNtiUDPISjbJWDQ6wACH4th6A6GMu,1.7055613075372342,4.578140431755798,2.435301793486797
711600,ZpMwnb9dWc2wJ8U8sM/xDN9n60fgii57F35vNtiUDPISjbJWDQ6wACH4th6A6GMu,1.819656917516176,2.9803883403021585,2.3147932544497656
711900,ZpMwnb9dWc2wJ8U8sM/xDN9n60fgii57F35vNtiUDPISjbJWDQ6wACH4th6A6GMu,1.7589022804042902,4.200490283135417,2.509698650935
712200,ZpMwnb9dWc2wJ8U8sM/xDN9n60fgii57F35vNtiUDPISjbJWDQ6wACH4th6A6GMu,1.7381475883441633,2.7535711379230614,2.210694543439648
712500,ZpMwnb9dWc2wJ8U8sM/xDN9n60fgii57F35vNtiUDPISjbJWDQ6wACH4th6A6GMu,1.8208070394655471,4.687728309233702,2.5852767917465584
712800,ZpMwnb9dWc2wJ8U8sM/xDN9n60fgii57F35vNtiUDPISjbJWDQ6wACH4th6A6GMu,1.91297142480351,4.146251479706596,2.5910510048623974
713100,ZpMwnb9dWc2wJ8U8sM/xDN9n60fgii57F35vNtiUDPISjbJWDQ6wACH4th6A6GMu,1.6821110413613949,5.242752359624827,2.452335301817498
713400,ZpMwnb9dWc2wJ8U8sM/xDN9n60fgii57F35vNtiUDPISjbJWDQ6wACH4th6A6GMu,1.7200291851356548,2.6147721892410667,2.2150702767025456
713700,ZpMwnb9dWc2wJ8U8sM/xDN9n60fgii57F35vNtiUDPISjbJWDQ6wACH4th6A6GMu,1.847945014579228,6.778500884265116,2.769919650748435
714000,ZpMwnb9dWc2wJ8U8sM/xDN9n60fgii57F35vNtiUDPISjbJWDQ6wACH4th6A6GMu,1.9205881992092355,7.1173449794406665,2.8490280564690247
714300,ZpMwnb9dWc2wJ8U8sM/xDN9n60fgii57F35vNtiUDPISjbJWDQ6wACH4th6A6GMu,1.9155233831580605,26.39981489287077,7.440792067381739
714600,ZpMwnb9dWc2wJ8U8sM/xDN9n60fgii57F35vNtiUDPISjbJWDQ6wACH4th6A6GMu,1.9469361766860789,5.981725007920941,4.508119493798144
714900,ZpMwnb9dWc2wJ8U8sM/xDN9n60fgii57F35vNtiUDPISjbJWDQ6wACH4th6A6GMu,1.7505754720612912,5.605938280055156,2.713629020837779
715200,ZpMwnb9dWc2wJ8U8sM/xDN9n60fgii57F35vNtiUDPISjbJWDQ6wACH4th6A6GMu,1.7928381258674513,3.4377181217180053,2.392905772812405
715500,ZpMwnb9dWc2wJ8U8sM/xDN9n60fgii57F35vNtiUDPISjbJWDQ6wACH4th6A6GMu,1.771099332290334,5.294761892704544,2.467168824587697
715800,ZpMwnb9dWc2wJ8U8sM/xDN9n60fgii57F35vNtiUDPISjbJWDQ6wACH4th6A6GMu,1.8791630955913436,3.059886104490327,2.4309771074405075
716100,ZpMwnb9dWc2wJ8U8sM/xDN9n60fgii57F35vNtiUDPISjbJWDQ6wACH4th6A6GMu,1.7822454552204965,5.737950328760522,2.6917888948257023
716400,ZpMwnb9dWc2wJ8U8sM/xDN9n60fgii57F35vNtiUDPISjbJWDQ6wACH4th6A6GMu,2.055671278998524,6.940983992783124,3.009461641711028
716700,ZpMwnb9dWc2wJ8U8sM/xDN9n60fgii57F35vNtiUDPISjbJWDQ6wACH4th6A6GMu,1.68470613003086,13.90105152350362,3.963846797796597
717000,ZpMwnb9dWc2wJ8U8sM/xDN9n60fgii57F35vNtiUDPISjbJWDQ6wACH4th6A6GMu,1.84373142583846,48.58192478971972,10.97726661224471
717300,ZpMwnb9dWc2wJ8U8sM/xDN9n60fgii57F35vNtiUDPISjbJWDQ6wACH4th6A6GMu,1.7836610243436026,3.341845732317354,2.4068715698489127
717600,ZpMwnb9dWc2wJ8U8sM/xDN9n60fgii57F35vNtiUDPISjbJWDQ6wACH4th6A6GMu,1.963380457663005,4.0248889761889295,2.4955772112053896
717900,ZpMwnb9dWc2wJ8U8sM/xDN9n60fgii57F35vNtiUDPISjbJWDQ6wACH4th6A6GMu,1.9074616522322396,3.1187856279465387,2.338911546668811
718200,ZpMwnb9dWc2wJ8U8sM/xDN9n60fgii57F35vNtiUDPISjbJWDQ6wACH4th6A6GMu,1.7458745874971593,4.811368340775495,2.7537638774553117
718500,ZpMwnb9dWc2wJ8U8sM/xDN9n60fgii57F35vNtiUDPISjbJWDQ6wACH4th6A6GMu,1.7901811371312244,6.402616274627081,4.144088086188541
718800,ZpMwnb9dWc2wJ8U8sM/xDN9n60fgii57F35vNtiUDPISjbJWDQ6wACH4th6A6GMu,1.9957587085416573,9.28007465870083,6.650639390366008
719100,ZpMwnb9dWc2wJ8U8sM/xDN9n60fgii57F35vNtiUDPISjbJWDQ6wACH4th6A6GMu,2.0331362415063454,10.417452067352116,6.707764945399292
719400,ZpMwnb9dWc2wJ8U8sM/xDN9n60fgii57F35vNtiUDPISjbJWDQ6wACH4th6A6GMu,1.895891592293966,4.554273868897063,2.587203900060653
719700,ZpMwnb9dWc2wJ8U8sM/xDN9n60fgii57F35vNtiUDPISjbJWDQ6wACH4th6A6GMu,2.040126848309228,2.9917384430181775,2.3487838741921494
720000,ZpMwnb9dWc2wJ8U8sM/xDN9n60fgii57F35vNtiUDPISjbJWDQ6wACH4th6A6GMu,1.8005113325760664,7.034053560026189,2.965577761581665
720300,ZpMwnb9dWc2wJ8U8sM/xDN9n60fgii57F35vNtiUDPISjbJWDQ6wACH4th6A6GMu,1.8459928431857444,2.723424698424751,2.2244969573755817
720600,ZpMwnb9dWc2wJ8U8sM/xDN9n60fgii57F35vNtiUDPISjbJWDQ6wACH4th6A6GMu,1.844220432397004,4.309215375027943,2.5399192043566376
720900,ZpMwnb9dWc2wJ8U8sM/xDN9n60fgii57F35vNtiUDPISjbJWDQ6wACH4th6A6GMu,1.727259857702516,2.6378719583947388,2.2324077589517755
721200,ZpMwnb9dWc2wJ8U8sM/xDN9n60fgii57F35vNtiUDPISjbJWDQ6wACH4th6A6GMu,1.7160424474763352,4.2426980794690925,2.444979492942493
721500,ZpMwnb9dWc2wJ8U8sM/xDN9n60fgii57F35vNtiUDPISjbJWDQ6wACH4th6A6GMu,1.9572898366282747,3.112042020758392,2.36959493397474
721800,ZpMwnb9dWc2wJ8U8sM/xDN9n60fgii57F35vNtiUDPISjbJWDQ6wACH4th6A6GMu,1.7434231262556814,9.977758465144078,3.028141595127084
722100,ZpMwnb9dWc2wJ8U8sM/xDN9n60fgii57F35vNtiUDPISjbJWDQ6wACH4th6A6GMu,1.7908971992560423,6.562491985814387,3.9456743897344633
722400,ZpMwnb9dWc2wJ8U8sM/xDN9n60fgii57F35vNtiUDPISjbJWDQ6wACH4th6A6GMu,2.94340981017765,8.715604134592478,5.647258403410067
722700,ZpMwnb9dWc2wJ8U8sM/xDN9n60fgii57F35vNtiUDPISjbJWDQ6wACH4th6A6GMu,1.781709651096405,2.658762608516221,2.2436797536638684
723000,ZpMwnb9dWc2wJ8U8sM/xDN9n60fgii57F35vNtiUDPISjbJWDQ6wACH4th6A6GMu,1.7567693314388604,5.340727262789548,2.543279112183779
723300,ZpMwnb9dWc2wJ8U8sM/xDN9n60fgii57F35vNtiUDPISjbJWDQ6wACH4th6A6GMu,1.8909613618786048,2.8961516229987403,2.3402664785131835
723600,ZpMwnb9dWc2wJ8U8sM/xDN9n60fgii57F35vNtiUDPISjbJWDQ6wACH4th6A6GMu,1.80600343922272,5.234302954511518,2.8493277540071604
723900,ZpMwnb9dWc2wJ8U8sM/xDN9n60fgii57F35vNtiUDPISjbJWDQ6wACH4th6A6GMu,1.8152610541393712,2.82642394496172,2.209645944664123
724200,ZpMwnb9dWc2wJ8U8sM/xDN9n60fgii57F35vNtiUDPISjbJWDQ6wACH4th6A6GMu,1.7983435757107689,5.3303820763980045,2.567008675750309
724500,ZpMwnb9dWc2wJ8U8sM/xDN9n60fgii57F35vNtiUDPISjbJWDQ6wACH4th6A6GMu,1.756363598211948,2.7171202471644995,2.246040221562707
724800,ZpMwnb9dWc2wJ8U8sM/xDN9n60fgii57F35vNtiUDPISjbJWDQ6wACH4th6A6GMu,1.6845093259513,5.33874611691949,2.449500783672502
725100,ZpMwnb9dWc2wJ8U8sM/xDN9n60fgii57F35vNtiUDPISjbJWDQ6wACH4th6A6GMu,1.8111759501415516,2.945326257469567,2.3269426001915465
725400,ZpMwnb9dWc2wJ8U8sM/xDN9n60fgii57F35vNtiUDPISjbJWDQ6wACH4th6A6GMu,1.752588427972687,5.281739733447268,2.4550103724816137
725700,ZpMwnb9dWc2wJ8U8sM/xDN9n60fgii57F35vNtiUDPISjbJWDQ6wACH4th6A6GMu,1.861723673934953,2.597873394616635,2.1796544233854607
726000,ZpMwnb9dWc2wJ8U8sM/xDN9n60fgii57F35vNtiUDPISjbJWDQ6wACH4th6A6GMu,1.6427974247518906,6.447912654498104,2.9211947356504258
726300,ZpMwnb9dWc2wJ8U8sM/xDN9n60fgii57F35vNtiUDPISjbJWDQ6wACH4th6A6GMu,1.9273325194647464,6.476646311304882,3.8130861740925592
726600,ZpMwnb9dWc2wJ8U8sM/xDN9n60fgii57F35vNtiUDPISjbJWDQ6wACH4th6A6GMu,1.7883423415684188,4.904181278256635,2.480683838792364
726900,ZpMwnb9dWc2wJ8U8sM/xDN9n60fgii57F35vNtiUDPISjbJWDQ6wACH4th6A6GMu,2.021253184416864,2.7233493869737955,2.3466511906046668
727200,ZpMwnb9dWc2wJ8U8sM/xDN9n60fgii57F35vNtiUDPISjbJWDQ6wACH4th6A6GMu,2.026860170481524,5.84747451545296,2.902319859088321
727500,ZpMwnb9dWc2wJ8U8sM/xDN9n60fgii57F35vNtiUDPISjbJWDQ6wACH4th6A6GMu,1.8536033322037848,2.601598928417433,2.2015543830887734
727800,ZpMwnb9dWc2wJ8U8sM/xDN9n60fgii57F35vNtiUDPISjbJWDQ6wACH4th6A6GMu,1.9464249194783807,4.8400495722934656,2.524477454753748
728100,ZpMwnb9dWc2wJ8U8sM/xDN9n60fgii57F35vNtiUDPISjbJWDQ6wACH4th6A6GMu,1.9365228377500012,2.703567530222293,2.262399837312696
728400,ZpMwnb9dWc2wJ8U8sM/xDN9n60fgii57F35vNtiUDPISjbJWDQ6wACH4th6A6GMu,1.8936742678317116,4.921091198604248,2.4914867117928043
728700,ZpMwnb9dWc2wJ8U8sM/xDN9n60fgii57F35vNtiUDPISjbJWDQ6wACH4th6A6GMu,1.8715080905078116,2.839238932576769,2.30324570726995
729000,ZpMwnb9dWc2wJ8U8sM/xDN9n60fgii57F35vNtiUDPISjbJWDQ6wACH4th6A6GMu,1.8919064354348003,4.891748402865492,2.5727237551519377
729300,ZpMwnb9dWc2wJ8U8sM/xDN9n60fgii57F35vNtiUDPISjbJWDQ6wACH4th6A6GMu,1.8458464897249645,2.600866019757635,2.1977426181294217
729600,ZpMwnb9dWc2wJ8U8sM/xDN9n60fgii57F35vNtiUDPISjbJWDQ6wACH4th6A6GMu,2.0137142249916478,4.9693287047817565,2.5311613943840143
729900,ZpMwnb9dWc2wJ8U8sM/xDN9n60fgii57F35vNtiUDPISjbJWDQ6wACH4th6A6GMu,2.234547601435525,6.362143748369803,4.388121802739533
730200,ZpMwnb9dWc2wJ8U8sM/xDN9n60fgii57F35vNtiUDPISjbJWDQ6wACH4th6A6GMu,2.0425835709480684,10.134937673500872,3.3301851446276203
730500,ZpMwnb9dWc2wJ8U8sM/xDN9n60fgii57F35vNtiUDPISjbJWDQ6wACH4th6A6GMu,2.071024113934176,2.8032798669023538,2.3719230584898288
730800,ZpMwnb9dWc2wJ8U8sM/xDN9n60fgii57F35vNtiUDPISjbJWDQ6wACH4th6A6GMu,1.9890842275447096,4.726247067573354,2.848467436532988
731100,ZpMwnb9dWc2wJ8U8sM/xDN9n60fgii57F35vNtiUDPISjbJWDQ6wACH4th6A6GMu,1.8670786396086707,2.7698122745997598,2.1685552401515187
731400,ZpMwnb9dWc2wJ8U8sM/xDN9n60fgii57F35vNtiUDPISjbJWDQ6wACH4th6A6GMu,1.8809631432171887,4.608326765250581,2.536056915714443
731700,ZpMwnb9dWc2wJ8U8sM/xDN9n60fgii57F35vNtiUDPISjbJWDQ6wACH4th6A6GMu,1.9330304486768053,2.6632032087000472,2.275293571044114
732000,ZpMwnb9dWc2wJ8U8sM/xDN9n60fgii57F35vNtiUDPISjbJWDQ6wACH4th6A6GMu,1.9183289561737,4.8519502691752905,2.4642259161668054
732300,ZpMwnb9dWc2wJ8U8sM/xDN9n60fgii57F35vNtiUDPISjbJWDQ6wACH4th6A6GMu,1.928930991255545,2.74525652282316,2.311929711852088
732600,ZpMwnb9dWc2wJ8U8sM/xDN9n60fgii57F35vNtiUDPISjbJWDQ6wACH4th6A6GMu,2.0007971184277578,4.810343275494918,2.4904558182872183
732900,ZpMwnb9dWc2wJ8U8sM/xDN9n60fgii57F35vNtiUDPISjbJWDQ6wACH4th6A6GMu,1.924756228424215,2.6592838253852675,2.2209205195715174
733200,ZpMwnb9dWc2wJ8U8sM/xDN9n60fgii57F35vNtiUDPISjbJWDQ6wACH4th6A6GMu,1.917834343068952,5.031214137919314,2.524447602261501
733500,ZpMwnb9dWc2wJ8U8sM/xDN9n60fgii57F35vNtiUDPISjbJWDQ6wACH4th6A6GMu,1.9557811348826837,5.999677531250873,2.5718538424697
733800,ZpMwnb9dWc2wJ8U8sM/xDN9n60fgii57F35vNtiUDPISjbJWDQ6wACH4th6A6GMu,2.037442655584083,8.211433899677495,4.452397001125664
734100,ZpMwnb9dWc2wJ8U8sM/xDN9n60fgii57F35vNtiUDPISjbJWDQ6wACH4th6A6GMu,1.854888185318336,2.8470443354729755,2.394567926597849
734400,ZpMwnb9dWc2wJ8U8sM/xDN9n60fgii57F35vNtiUDPISjbJWDQ6wACH4th6A6GMu,2.0179152556811335,4.956762077350336,2.830200478955629
734700,ZpMwnb9dWc2wJ8U8sM/xDN9n60fgii57F35vNtiUDPISjbJWDQ6wACH4th6A6GMu,1.813591878440287,2.4451257627455294,2.1884841031250817
735000,ZpMwnb9dWc2wJ8U8sM/xDN9n60fgii57F35vNtiUDPISjbJWDQ6wACH4th6A6GMu,1.8938372102159289,4.919721179391079,2.487801918798791
735300,ZpMwnb9dWc2wJ8U8sM/xDN9n60fgii57F35vNtiUDPISjbJWDQ6wACH4th6A6GMu,1.883655294915329,2.4705124912603744,2.2174500857901216
735600,ZpMwnb9dWc2wJ8U8sM/xDN9n60fgii57F35vNtiUDPISjbJWDQ6wACH4th6A6GMu,2.037492632094336,4.769664957645088,2.4444120329602828
735900,ZpMwnb9dWc2wJ8U8sM/xDN9n60fgii57F35vNtiUDPISjbJWDQ6wACH4th6A6GMu,1.8838344522999748,2.930399283073984,2.2624235266085027
736200,ZpMwnb9dWc2wJ8U8sM/xDN9n60fgii57F35vNtiUDPISjbJWDQ6wACH4th6A6GMu,2.14785867453812,4.537215169582674,2.565758433715067
736500,ZpMwnb9dWc2wJ8U8sM/xDN9n60fgii57F35vNtiUDPISjbJWDQ6wACH4th6A6GMu,1.8432610888508023,2.46339586503588,2.2171155979578487
736800,ZpMwnb9dWc2wJ8U8sM/xDN9n60fgii57F35vNtiUDPISjbJWDQ6wACH4th6A6GMu,2.040048700495027,4.910193617748169,2.5824191411666666
737100,ZpMwnb9dWc2wJ8U8sM/xDN9n60fgii57F35vNtiUDPISjbJWDQ6wACH4th6A6GMu,1.8782775737146211,2.619503503500895,2.3023473238174503
737400,ZpMwnb9dWc2wJ8U8sM/xDN9n60fgii57F35vNtiUDPISjbJWDQ6wACH4th6A6GMu,1.9592597944129355,6.814444155641931,4.264786473873263
737700,ZpMwnb9dWc2wJ8U8sM/xDN9n60fgii57F35vNtiUDPISjbJWDQ6wACH4th6A6GMu,1.980680024392754,5.266622499489733,2.7859345062201655
738000,ZpMwnb9dWc2wJ8U8sM/xDN9n60fgii57F35vNtiUDPISjbJWDQ6wACH4th6A6GMu,2.0110746123221044,5.864891793034952,2.880955936397225
738300,ZpMwnb9dWc2wJ8U8sM/xDN9n60fgii57F35vNtiUDPISjbJWDQ6wACH4th6A6GMu,1.9671293431323928,2.658925648058548,2.229310366849567
738600,ZpMwnb9dWc2wJ8U8sM/xDN9n60fgii57F35vNtiUDPISjbJWDQ6wACH4th6A6GMu,1.9012178751969235,4.968807700044799,2.570254788447679
738900,ZpMwnb9dWc2wJ8U8sM/xDN9n60fgii57F35vNtiUDPISjbJWDQ6wACH4th6A6GMu,1.91754519297218,2.4717365292310207,2.224887388196176
739200,ZpMwnb9dWc2wJ8U8sM/xDN9n60fgii57F35vNtiUDPISjbJWDQ6wACH4th6A6GMu,1.9161089732407643,4.792557561598903,2.4336502070273194
739500,ZpMwnb9dWc2wJ8U8sM/xDN9n60fgii57F35vNtiUDPISjbJWDQ6wACH4th6A6GMu,1.8787291235840369,3.422925724541078,2.3840460463887303
739800,ZpMwnb9dWc2wJ8U8sM/xDN9n60fgii57F35vNtiUDPISjbJWDQ6wACH4th6A6GMu,2.026461221593576,4.718870013477382,2.5135931257376107
740100,ZpMwnb9dWc2wJ8U8sM/xDN9n60fgii57F35vNtiUDPISjbJWDQ6wACH4th6A6GMu,1.8447424590147288,2.6568245148817917,2.2290017292496995
740400,ZpMwnb9dWc2wJ8U8sM/xDN9n60fgii57F35vNtiUDPISjbJWDQ6wACH4th6A6GMu,2.087319926293408,4.720448003355928,2.5549183770087303
740700,ZpMwnb9dWc2wJ8U8sM/xDN9n60fgii57F35vNtiUDPISjbJWDQ6wACH4th6A6GMu,2.0433131855999127,5.879164522209014,3.2033528818484887
741000,ZpMwnb9dWc2wJ8U8sM/xDN9n60fgii57F35vNtiUDPISjbJWDQ6wACH4th6A6GMu,2.026604825316779,4.373041229238938,2.756861086419132
741300,ZpMwnb9dWc2wJ8U8sM/xDN9n60fgii57F35vNtiUDPISjbJWDQ6wACH4th6A6GMu,3.5996212585957417,6.27775890696092,5.5094422856177525
741600,ZpMwnb9dWc2wJ8U8sM/xDN9n60fgii57F35vNtiUDPISjbJWDQ6wACH4th6A6GMu,2.0692053679179567,4.697146517334022,2.8308469465656776
741900,ZpMwnb9dWc2wJ8U8sM/xDN9n60fgii57F35vNtiUDPISjbJWDQ6wACH4th6A6GMu,1.93794164786764,2.719884370673701,2.221258271244156
742200,ZpMwnb9dWc2wJ8U8sM/xDN9n60fgii57F35vNtiUDPISjbJWDQ6wACH4th6A6GMu,1.858418260156196,4.697130592247522,2.5425129251534253
742500,ZpMwnb9dWc2wJ8U8sM/xDN9n60fgii57F35vNtiUDPISjbJWDQ6wACH4th6A6GMu,1.942313626019607,3.879483331333596,2.437718475454038
742800,ZpMwnb9dWc2wJ8U8sM/xDN9n60fgii57F35vNtiUDPISjbJWDQ6wACH4th6A6GMu,1.9260322871819344,4.854585728434854,2.516709631773795
743100,ZpMwnb9dWc2wJ8U8sM/xDN9n60fgii57F35vNtiUDPISjbJWDQ6wACH4th6A6GMu,1.8587031067904156,2.890307642963297,2.267382562018939
743400,ZpMwnb9dWc2wJ8U8sM/xDN9n60fgii57F35vNtiUDPISjbJWDQ6wACH4th6A6GMu,2.013676727904595,4.811661203742742,2.5785169838049766
743700,ZpMwnb9dWc2wJ8U8sM/xDN9n60fgii57F35vNtiUDPISjbJWDQ6wACH4th6A6GMu,2.026913130738625,2.450819153073422,2.219427907356209
744000,ZpMwnb9dWc2wJ8U8sM/xDN9n60fgii57F35vNtiUDPISjbJWDQ6wACH4th6A6GMu,1.9633830764211733,4.7159618322937416,2.5202725619035067
744300,ZpMwnb9dWc2wJ8U8sM/xDN9n60fgii57F35vNtiUDPISjbJWDQ6wACH4th6A6GMu,1.983059364216648,2.5352387837354198,2.206048279442752
744600,ZpMwnb9dWc2wJ8U8sM/xDN9n60fgii57F35vNtiUDPISjbJWDQ6wACH4th6A6GMu,1.9113529368180155,4.663417667891547,2.5093686014193963
744900,ZpMwnb9dWc2wJ8U8sM/xDN9n60fgii57F35vNtiUDPISjbJWDQ6wACH4th6A6GMu,2.0296831814004306,5.514779309337417,2.5769173743639984
745200,ZpMwnb9dWc2wJ8U8sM/xDN9n60fgii57F35vNtiUDPISjbJWDQ6wACH4th6A6GMu,2.3406759704368545,8.522734047460537,5.611087427476344
745500,ZpMwnb9dWc2wJ8U8sM/xDN9n60fgii57F35vNtiUDPISjbJWDQ6wACH4th6A6GMu,1.8027262550963747,2.523649108935813,2.226975723523864
745800,ZpMwnb9dWc2wJ8U8sM/xDN9n60fgii57F35vNtiUDPISjbJWDQ6wACH4th6A6GMu,1.868077224424594,46.382944804487515,11.647030148610837
746100,ZpMwnb9dWc2wJ8U8sM/xDN9n60fgii57F35vNtiUDPISjbJWDQ6wACH4th6A6GMu,2.079127973405611,2.6173856734079655,2.3272324326529983
746400,ZpMwnb9dWc2wJ8U8sM/xDN9n60fgii57F35vNtiUDPISjbJWDQ6wACH4th6A6GMu,1.990642178918696,5.168627708413919,2.5172952997735023
746700,ZpMwnb9dWc2wJ8U8sM/xDN9n60fgii57F35vNtiUDPISjbJWDQ6wACH4th6A6GMu,1.913661662241442,2.8433086461191226,2.328531882086219
747000,ZpMwnb9dWc2wJ8U8sM/xDN9n60fgii57F35vNtiUDPISjbJWDQ6wACH4th6A6GMu,1.9082560626161305,4.9385618822437305,2.472493749730023
747300,ZpMwnb9dWc2wJ8U8sM/xDN9n60fgii57F35vNtiUDPISjbJWDQ6wACH4th6A6GMu,2.061562459849794,2.4253064513465925,2.2163187387528565
747600,ZpMwnb9dWc2wJ8U8sM/xDN9n60fgii57F35vNtiUDPISjbJWDQ6wACH4th6A6GMu,2.0343660068996745,4.977325057618472,2.5660372276683283
747900,ZpMwnb9dWc2wJ8U8sM/xDN9n60fgii57F35vNtiUDPISjbJWDQ6wACH4th6A6GMu,1.9869621741498067,8.272201230325175,3.9205371227502255
748200,ZpMwnb9dWc2wJ8U8sM/xDN9n60fgii57F35vNtiUDPISjbJWDQ6wACH4th6A6GMu,7.804585796506963,10.725829383751964,8.377816570350754
748500,ZpMwnb9dWc2wJ8U8sM/xDN9n60fgii57F35vNtiUDPISjbJWDQ6wACH4th6A6GMu,2.1176979310511173,10.355267895610265,3.2276265927813657
748800,ZpMwnb9dWc2wJ8U8sM/xDN9n60fgii57F35vNtiUDPISjbJWDQ6wACH4th6A6GMu,1.9750516522944088,10.005438737436563,3.810945509840435
749100,ZpMwnb9dWc2wJ8U8sM/xDN9n60fgii57F35vNtiUDPISjbJWDQ6wACH4th6A6GMu,1.98339270085799,6.342365016576347,3.779453873202317
749400,ZpMwnb9dWc2wJ8U8sM/xDN9n60fgii57F35vNtiUDPISjbJWDQ6wACH4th6A6GMu,1.959305086578499,4.782350248596148,2.550729787595178
749700,ZpMwnb9dWc2wJ8U8sM/xDN9n60fgii57F35vNtiUDPISjbJWDQ6wACH4th6A6GMu,1.9695493013181384,2.827155508547217,2.263768164871197
750000,ZpMwnb9dWc2wJ8U8sM/xDN9n60fgii57F35vNtiUDPISjbJWDQ6wACH4th6A6GMu,1.869329186816589,3.958103789925776,2.4223306149722563
750300,ZpMwnb9dWc2wJ8U8sM/xDN9n60fgii57F35vNtiUDPISjbJWDQ6wACH4th6A6GMu,2.087274475315179,15.95097407008782,3.849521550788927
750600,ZpMwnb9dWc2wJ8U8sM/xDN9n60fgii57F35vNtiUDPISjbJWDQ6wACH4th6A6GMu,2.049806164124361,5.0115119994095165,2.6124176693811902
750900,ZpMwnb9dWc2wJ8U8sM/xDN9n60fgii57F35vNtiUDPISjbJWDQ6wACH4th6A6GMu,1.9803450665363,2.8649677207160704,2.236497665132492
751200,ZpMwnb9dWc2wJ8U8sM/xDN9n60fgii57F35vNtiUDPISjbJWDQ6wACH4th6A6GMu,1.881892270954441,4.727433816337182,2.54981132411651
751500,ZpMwnb9dWc2wJ8U8sM/xDN9n60fgii57F35vNtiUDPISjbJWDQ6wACH4th6A6GMu,1.9860372826682933,2.9559417284338054,2.249502589402975
751800,ZpMwnb9dWc2wJ8U8sM/xDN9n60fgii57F35vNtiUDPISjbJWDQ6wACH4th6A6GMu,1.9832968362340089,5.270106971444371,2.556551416892328
752100,ZpMwnb9dWc2wJ8U8sM/xDN9n60fgii57F35vNtiUDPISjbJWDQ6wACH4th6A6GMu,2.047421605349113,3.229228204584579,2.3988679419685037
752400,ZpMwnb9dWc2wJ8U8sM/xDN9n60fgii57F35vNtiUDPISjbJWDQ6wACH4th6A6GMu,2.0267631541021336,4.61943894029309,2.8303824542663216
752700,ZpMwnb9dWc2wJ8U8sM/xDN9n60fgii57F35vNtiUDPISjbJWDQ6wACH4th6A6GMu,2.1209182032716027,6.097397374961632,4.369387648049737
753000,ZpMwnb9dWc2wJ8U8sM/xDN9n60fgii57F35vNtiUDPISjbJWDQ6wACH4th6A6GMu,2.0147318321931724,4.988569017096305,2.845611440460168
753300,ZpMwnb9dWc2wJ8U8sM/xDN9n60fgii57F35vNtiUDPISjbJWDQ6wACH4th6A6GMu,2.0896272883373843,3.080861240819349,2.3249975518753474
753600,ZpMwnb9dWc2wJ8U8sM/xDN9n60fgii57F35vNtiUDPISjbJWDQ6wACH4th6A6GMu,1.9828600967586487,4.647637880180258,2.450527018901637
753900,ZpMwnb9dWc2wJ8U8sM/xDN9n60fgii57F35vNtiUDPISjbJWDQ6wACH4th6A6GMu,1.9755369620526515,3.1165832039812003,2.3162453304238837
754200,ZpMwnb9dWc2wJ8U8sM/xDN9n60fgii57F35vNtiUDPISjbJWDQ6wACH4th6A6GMu,2.0839583320721773,4.414416077189704,2.533889577401172
754500,ZpMwnb9dWc2wJ8U8sM/xDN9n60fgii57F35vNtiUDPISjbJWDQ6wACH4th6A6GMu,1.9219831508109757,2.7538344512180157,2.2278398481430206
754800,ZpMwnb9dWc2wJ8U8sM/xDN9n60fgii57F35vNtiUDPISjbJWDQ6wACH4th6A6GMu,2.058095417033849,4.487631152269701,2.5920459449443367
755100,ZpMwnb9dWc2wJ8U8sM/xDN9n60fgii57F35vNtiUDPISjbJWDQ6wACH4th6A6GMu,1.8688850368741383,2.972192391029552,2.259406225876704
755400,ZpMwnb9dWc2wJ8U8sM/xDN9n60fgii57F35vNtiUDPISjbJWDQ6wACH4th6A6GMu,1.9345029977870167,4.718933446832944,2.4548269381712418
755700,ZpMwnb9dWc2wJ8U8sM/xDN9n60fgii57F35vNtiUDPISjbJWDQ6wACH4th6A6GMu,2.059416771829772,3.164604565444099,2.341226714315632
756000,ZpMwnb9dWc2wJ8U8sM/xDN9n60fgii57F35vNtiUDPISjbJWDQ6wACH4th6A6GMu,1.8851581356082696,6.431717354212378,2.8149445277074165
756300,ZpMwnb9dWc2wJ8U8sM/xDN9n60fgii57F35vNtiUDPISjbJWDQ6wACH4th6A6GMu,1.9362297208536567,2.5689691708822675,2.2283678213571307
756600,ZpMwnb9dWc2wJ8U8sM/xDN9n60fgii57F35vNtiUDPISjbJWDQ6wACH4th6A6GMu,3.761274462046708,8.431988730511117,5.842533599268446
756900,ZpMwnb9dWc2wJ8U8sM/xDN9n60fgii57F35vNtiUDPISjbJWDQ6wACH4th6A6GMu,1.865070975374,5.79636628937133,3.1335478398008263
757200,ZpMwnb9dWc2wJ8U8sM/xDN9n60fgii57F35vNtiUDPISjbJWDQ6wACH4th6A6GMu,1.975632104863143,4.7161429315452255,2.5698812144508825
757500,ZpMwnb9dWc2wJ8U8sM/xDN9n60fgii57F35vNtiUDPISjbJWDQ6wACH4th6A6GMu,1.86436275417732,2.8877090483770917,2.2923342586966813
757800,ZpMwnb9dWc2wJ8U8sM/xDN9n60fgii57F35vNtiUDPISjbJWDQ6wACH4th6A6GMu,1.9571721103027728,4.712857891511753,2.5957007240505163
758100,ZpMwnb9dWc2wJ8U8sM/xDN9n60fgii57F35vNtiUDPISjbJWDQ6wACH4th6A6GMu,1.8595892383999568,4.1542951446178265,2.594028584563447
758400,ZpMwnb9dWc2wJ8U8sM/xDN9n60fgii57F35vNtiUDPISjbJWDQ6wACH4th6A6GMu,2.0486699662020253,4.85545434276912,2.604681866236076
758700,ZpMwnb9dWc2wJ8U8sM/xDN9n60fgii57F35vNtiUDPISjbJWDQ6wACH4th6A6GMu,1.9214341411742872,2.673477619927348,2.290072324406351
759000,ZpMwnb9dWc2wJ8U8sM/xDN9n60fgii57F35vNtiUDPISjbJWDQ6wACH4th6A6GMu,1.9432086533105164,4.721226971932863,2.5113010948005834
759300,ZpMwnb9dWc2wJ8U8sM/xDN9n60fgii57F35vNtiUDPISjbJWDQ6wACH4th6A6GMu,2.102610665485082,2.6764046975540947,2.36149460744122
759600,ZpMwnb9dWc2wJ8U8sM/xDN9n60fgii57F35vNtiUDPISjbJWDQ6wACH4th6A6GMu,1.9646761610466856,5.872565891204303,2.5230071359470627
759900,ZpMwnb9dWc2wJ8U8sM/xDN9n60fgii57F35vNtiUDPISjbJWDQ6wACH4th6A6GMu,1.897542105233968,5.641607888298147,2.547056636684656
760200,ZpMwnb9dWc2wJ8U8sM/xDN9n60fgii57F35vNtiUDPISjbJWDQ6wACH4th6A6GMu,1.8950120545349547,5.649736229369164,2.551503098656587
760500,ZpMwnb9dWc2wJ8U8sM/xDN9n60fgii57F35vNtiUDPISjbJWDQ6wACH4th6A6GMu,2.143814818950339,6.384046777447227,4.165443208186935
760800,ZpMwnb9dWc2wJ8U8sM/xDN9n60fgii57F35vNtiUDPISjbJWDQ6wACH4th6A6GMu,2.0210947099391587,5.1061515316873765,2.504310874777575
761100,ZpMwnb9dWc2wJ8U8sM/xDN9n60fgii57F35vNtiUDPISjbJWDQ6wACH4th6A6GMu,1.8892646700995888,2.663643757362072,2.282572426029136
761400,ZpMwnb9dWc2wJ8U8sM/xDN9n60fgii57F35vNtiUDPISjbJWDQ6wACH4th6A6GMu,1.8374014369361864,5.081378522263392,2.4661480652807986
761700,ZpMwnb9dWc2wJ8U8sM/xDN9n60fgii57F35vNtiUDPISjbJWDQ6wACH4th6A6GMu,1.9938792554039413,2.626398077191684,2.2666399909421595
762000,ZpMwnb9dWc2wJ8U8sM/xDN9n60fgii57F35vNtiUDPISjbJWDQ6wACH4th6A6GMu,2.042572397567455,5.473040463924045,2.5911840821393657
762300,ZpMwnb9dWc2wJ8U8sM/xDN9n60fgii57F35vNtiUDPISjbJWDQ6wACH4th6A6GMu,1.9696775931067845,2.5625968613765,2.2402404936910463
762600,ZpMwnb9dWc2wJ8U8sM/xDN9n60fgii57F35vNtiUDPISjbJWDQ6wACH4th6A6GMu,1.9762658396270465,5.267294262030803,2.539002345588512
762900,ZpMwnb9dWc2wJ8U8sM/xDN9n60fgii57F35vNtiUDPISjbJWDQ6wACH4th6A6GMu,2.06430937233198,2.7741536167456986,2.4584278799083985
763200,ZpMwnb9dWc2wJ8U8sM/xDN9n60fgii57F35vNtiUDPISjbJWDQ6wACH4th6A6GMu,1.9278818200744368,5.207092754102989,2.4953020471645897
763500,ZpMwnb9dWc2wJ8U8sM/xDN9n60fgii57F35vNtiUDPISjbJWDQ6wACH4th6A6GMu,1.920893989778504,4.920444314627302,2.599807446929074
763800,ZpMwnb9dWc2wJ8U8sM/xDN9n60fgii57F35vNtiUDPISjbJWDQ6wACH4th6A6GMu,2.0404192706856352,3.4044223223051477,2.3119477805845743
764100,ZpMwnb9dWc2wJ8U8sM/xDN9n60fgii57F35vNtiUDPISjbJWDQ6wACH4th6A6GMu,2.028448551497963,5.865102931918213,3.4337153063270893
764400,ZpMwnb9dWc2wJ8U8sM/xDN9n60fgii57F35vNtiUDPISjbJWDQ6wACH4th6A6GMu,1.9906868896595669,6.527477570448532,3.0871659191131164
764700,ZpMwnb9dWc2wJ8U8sM/xDN9n60fgii57F35vNtiUDPISjbJWDQ6wACH4th6A6GMu,1.8982176298685365,4.8076199100809855,2.6211458366432407
765000,ZpMwnb9dWc2wJ8U8sM/xDN9n60fgii57F35vNtiUDPISjbJWDQ6wACH4th6A6GMu,1.974071531071428,2.9435576709334588,2.29555814134066
765300,ZpMwnb9dWc2wJ8U8sM/xDN9n60fgii57F35vNtiUDPISjbJWDQ6wACH4th6A6GMu,2.0158399130987013,5.18184272013403,2.578100070716772
765600,ZpMwnb9dWc2wJ8U8sM/xDN9n60fgii57F35vNtiUDPISjbJWDQ6wACH4th6A6GMu,1.967742035355719,2.83064350889046,2.320797575484747
765900,ZpMwnb9dWc2wJ8U8sM/xDN9n60fgii57F35vNtiUDPISjbJWDQ6wACH4th6A6GMu,1.9656528244262512,5.0112000982846014,2.6163027667542
766200,ZpMwnb9dWc2wJ8U8sM/xDN9n60fgii57F35vNtiUDPISjbJWDQ6wACH4th6A6GMu,2.018094730441192,2.8995495107225966,2.278381045699109
766500,ZpMwnb9dWc2wJ8U8sM/xDN9n60fgii57F35vNtiUDPISjbJWDQ6wACH4th6A6GMu,2.1497660306654174,4.997182181430782,2.7513788365599567
766800,ZpMwnb9dWc2wJ8U8sM/xDN9n60fgii57F35vNtiUDPISjbJWDQ6wACH4th6A6GMu,1.977222739403903,2.608165797743188,2.327106916151473
767100,ZpMwnb9dWc2wJ8U8sM/xDN9n60fgii57F35vNtiUDPISjbJWDQ6wACH4th6A6GMu,2.026458084921752,6.24546800676254,2.910884462507262
767400,ZpMwnb9dWc2wJ8U8sM/xDN9n60fgii57F35vNtiUDPISjbJWDQ6wACH4th6A6GMu,2.035699294221688,2.819974389029964,2.3159902309873885
767700,ZpMwnb9dWc2wJ8U8sM/xDN9n60fgii57F35vNtiUDPISjbJWDQ6wACH4th6A6GMu,1.9779066786333133,5.105678259838465,2.527514132319928
768000,ZpMwnb9dWc2wJ8U8sM/xDN9n60fgii57F35vNtiUDPISjbJWDQ6wACH4th6A6GMu,2.1906531706667174,6.8144119525147,4.130005330871892
768300,ZpMwnb9dWc2wJ8U8sM/xDN9n60fgii57F35vNtiUDPISjbJWDQ6wACH4th6A6GMu,2.130259356256431,4.659085650343331,2.5496752715592
768600,ZpMwnb9dWc2wJ8U8sM/xDN9n60fgii57F35vNtiUDPISjbJWDQ6wACH4th6A6GMu,1.9204028179026296,3.5847313372797585,2.348976525328339
768900,ZpMwnb9dWc2wJ8U8sM/xDN9n60fgii57F35vNtiUDPISjbJWDQ6wACH4th6A6GMu,1.8148247129088808,5.380100264622484,2.5482311045243664
769200,ZpMwnb9dWc2wJ8U8sM/xDN9n60fgii57F35vNtiUDPISjbJWDQ6wACH4th6A6GMu,1.9351150916503843,2.6067529261686646,2.2648728986889566
769500,ZpMwnb9dWc2wJ8U8sM/xDN9n60fgii57F35vNtiUDPISjbJWDQ6wACH4th6A6GMu,1.827494814947346,5.240439932599868,2.523508500622468
769800,ZpMwnb9dWc2wJ8U8sM/xDN9n60fgii57F35vNtiUDPISjbJWDQ6wACH4th6A6GMu,1.9689536249777768,2.566246421990835,2.232262863767134
770100,ZpMwnb9dWc2wJ8U8sM/xDN9n60fgii57F35vNtiUDPISjbJWDQ6wACH4th6A6GMu,1.842054944859544,5.4324188195190795,2.678992021774511
770400,ZpMwnb9dWc2wJ8U8sM/xDN9n60fgii57F35vNtiUDPISjbJWDQ6wACH4th6A6GMu,1.999415325150506,2.573532793427197,2.233930756265446
770700,ZpMwnb9dWc2wJ8U8sM/xDN9n60fgii57F35vNtiUDPISjbJWDQ6wACH4th6A6GMu,1.9320389080901068,6.595889980997147,2.8293277642148027
771000,ZpMwnb9dWc2wJ8U8sM/xDN9n60fgii57F35vNtiUDPISjbJWDQ6wACH4th6A6GMu,1.964134497996221,2.821353312454833,2.300070730312515
771300,ZpMwnb9dWc2wJ8U8sM/xDN9n60fgii57F35vNtiUDPISjbJWDQ6wACH4th6A6GMu,1.7700535281449217,5.042048317547706,2.526395450305248
771600,ZpMwnb9dWc2wJ8U8sM/xDN9n60fgii57F35vNtiUDPISjbJWDQ6wACH4th6A6GMu,1.89906878156684,6.063924304693347,3.3131306762548296
771900,ZpMwnb9dWc2wJ8U8sM/xDN9n60fgii57F35vNtiUDPISjbJWDQ6wACH4th6A6GMu,1.9424882028584696,8.929591138691809,3.364850879017248
772200,ZpMwnb9dWc2wJ8U8sM/xDN9n60fgii57F35vNtiUDPISjbJWDQ6wACH4th6A6GMu,1.854158724935336,3.1964304414140963,2.3090815960987787
772500,ZpMwnb9dWc2wJ8U8sM/xDN9n60fgii57F35vNtiUDPISjbJWDQ6wACH4th6A6GMu,1.7960441572283723,3.66428281979788,2.320444601555128
772800,ZpMwnb9dWc2wJ8U8sM/xDN9n60fgii57F35vNtiUDPISjbJWDQ6wACH4th6A6GMu,1.979483091696472,2.665155827344804,2.2952887711578374
773100,ZpMwnb9dWc2wJ8U8sM/xDN9n60fgii57F35vNtiUDPISjbJWDQ6wACH4th6A6GMu,1.7966952045931162,4.443616983344936,2.5683712589330527
773400,ZpMwnb9dWc2wJ8U8sM/xDN9n60fgii57F35vNtiUDPISjbJWDQ6wACH4th6A6GMu,1.9533954249659728,2.737553851679287,2.2945360473298697
773700,ZpMwnb9dWc2wJ8U8sM/xDN9n60fgii57F35vNtiUDPISjbJWDQ6wACH4th6A6GMu,1.8492539415956948,5.382663564669586,2.661865489272808
774000,ZpMwnb9dWc2wJ8U8sM/xDN9n60fgii57F35vNtiUDPISjbJWDQ6wACH4th6A6GMu,1.87748477320412,2.6871175097901374,2.196215678782536
774300,ZpMwnb9dWc2wJ8U8sM/xDN9n60fgii57F35vNtiUDPISjbJWDQ6wACH4th6A6GMu,1.7864603195370985,8.390914654642318,2.872957909341715
774600,ZpMwnb9dWc2wJ8U8sM/xDN9n60fgii57F35vNtiUDPISjbJWDQ6wACH4th6A6GMu,1.8861647212458088,46.68036547128014,11.102869223148115
774900,ZpMwnb9dWc2wJ8U8sM/xDN9n60fgii57F35vNtiUDPISjbJWDQ6wACH4th6A6GMu,1.824320820480372,5.5423065029719085,2.599054336026304
775200,ZpMwnb9dWc2wJ8U8sM/xDN9n60fgii57F35vNtiUDPISjbJWDQ6wACH4th6A6GMu,1.983100899982308,3.108647615503746,2.357197265936396
775500,ZpMwnb9dWc2wJ8U8sM/xDN9n60fgii57F35vNtiUDPISjbJWDQ6wACH4th6A6GMu,2.0131359497608377,8.75655431433065,4.686970216353425
775800,ZpMwnb9dWc2wJ8U8sM/xDN9n60fgii57F35vNtiUDPISjbJWDQ6wACH4th6A6GMu,1.8100631899564337,2.5999748337330395,2.206833562171006
776100,ZpMwnb9dWc2wJ8U8sM/xDN9n60fgii57F35vNtiUDPISjbJWDQ6wACH4th6A6GMu,1.8715502038530016,5.406958152910606,2.4873766479519115
776400,ZpMwnb9dWc2wJ8U8sM/xDN9n60fgii57F35vNtiUDPISjbJWDQ6wACH4th6A6GMu,1.8518601976465627,2.7335190097683744,2.27254953111458
776700,ZpMwnb9dWc2wJ8U8sM/xDN9n60fgii57F35vNtiUDPISjbJWDQ6wACH4th6A6GMu,1.801900767141392,5.2658571561716725,2.5792971375118965
777000,ZpMwnb9dWc2wJ8U8sM/xDN9n60fgii57F35vNtiUDPISjbJWDQ6wACH4th6A6GMu,1.7906126657674069,2.744207421621831,2.205703789662061
777300,ZpMwnb9dWc2wJ8U8sM/xDN9n60fgii57F35vNtiUDPISjbJWDQ6wACH4th6A6GMu,2.7876064566950647,10.940130868200868,7.9121603483079666
777600,ZpMwnb9dWc2wJ8U8sM/xDN9n60fgii57F35vNtiUDPISjbJWDQ6wACH4th6A6GMu,1.8967733617348492,8.98391998296624,5.228236631482204
777900,ZpMwnb9dWc2wJ8U8sM/xDN9n60fgii57F35vNtiUDPISjbJWDQ6wACH4th6A6GMu,1.8312683636429563,7.723026955081367,2.9913383933621733
778200,ZpMwnb9dWc2wJ8U8sM/xDN9n60fgii57F35vNtiUDPISjbJWDQ6wACH4th6A6GMu,1.9674243571880623,2.8200763491872047,2.3204035165794497
778500,ZpMwnb9dWc2wJ8U8sM/xDN9n60fgii57F35vNtiUDPISjbJWDQ6wACH4th6A6GMu,1.8789555685268409,4.918348737407281,2.503527813526236
778800,ZpMwnb9dWc2wJ8U8sM/xDN9n60fgii57F35vNtiUDPISjbJWDQ6wACH4th6A6GMu,1.818642260077777,2.6076213707104783,2.1771560988280423
779100,ZpMwnb9dWc2wJ8U8sM/xDN9n60fgii57F35vNtiUDPISjbJWDQ6wACH4th6A6GMu,1.9982985665083015,6.310829092362549,3.6884705092702994
779400,ZpMwnb9dWc2wJ8U8sM/xDN9n60fgii57F35vNtiUDPISjbJWDQ6wACH4th6A6GMu,1.7789795148927967,6.720194933591718,3.642868182420546
779700,ZpMwnb9dWc2wJ8U8sM/xDN9n60fgii57F35vNtiUDPISjbJWDQ6wACH4th6A6GMu,1.8094780599182505,3.7001370364984623,2.3892285246289906
780000,ZpMwnb9dWc2wJ8U8sM/xDN9n60fgii57F35vNtiUDPISjbJWDQ6wACH4th6A6GMu,1.8723830134423047,2.8906424521393514,2.2924744632539493
780300,ZpMwnb9dWc2wJ8U8sM/xDN9n60fgii57F35vNtiUDPISjbJWDQ6wACH4th6A6GMu,1.932186074396899,4.799951495667724,2.466822860021998
780600,ZpMwnb9dWc2wJ8U8sM/xDN9n60fgii57F35vNtiUDPISjbJWDQ6wACH4th6A6GMu,1.7655855289563465,2.6301919366348687,2.2857780413477062
780900,ZpMwnb9dWc2wJ8U8sM/xDN9n60fgii57F35vNtiUDPISjbJWDQ6wACH4th6A6GMu,2.054308720137052,5.109984217289335,2.6907619861869905
781200,ZpMwnb9dWc2wJ8U8sM/xDN9n60fgii57F35vNtiUDPISjbJWDQ6wACH4th6A6GMu,1.9089099455956808,2.560935036536758,2.2521198035552374
781500,ZpMwnb9dWc2wJ8U8sM/xDN9n60fgii57F35vNtiUDPISjbJWDQ6wACH4th6A6GMu,1.93488998041108,6.912590684022325,2.848819035774416
781800,ZpMwnb9dWc2wJ8U8sM/xDN9n60fgii57F35vNtiUDPISjbJWDQ6wACH4th6A6GMu,1.798354763756377,2.6764992550208104,2.258991167599496
782100,ZpMwnb9dWc2wJ8U8sM/xDN9n60fgii57F35vNtiUDPISjbJWDQ6wACH4th6A6GMu,2.0719798717535016,4.774850032480988,2.561132737371692
782400,ZpMwnb9dWc2wJ8U8sM/xDN9n60fgii57F35vNtiUDPISjbJWDQ6wACH4th6A6GMu,1.7847035183407924,2.557199485537747,2.2198572366188487
782700,ZpMwnb9dWc2wJ8U8sM/xDN9n60fgii57F35vNtiUDPISjbJWDQ6wACH4th6A6GMu,1.8057308365267728,3.988830793995042,2.490952851063281
783000,ZpMwnb9dWc2wJ8U8sM/xDN9n60fgii57F35vNtiUDPISjbJWDQ6wACH4th6A6GMu,2.110384242926321,5.944975346017434,4.554949791577788
783300,ZpMwnb9dWc2wJ8U8sM/xDN9n60fgii57F35vNtiUDPISjbJWDQ6wACH4th6A6GMu,1.8071397601749009,5.736784295811983,3.281318554225707
783600,ZpMwnb9dWc2wJ8U8sM/xDN9n60fgii57F35vNtiUDPISjbJWDQ6wACH4th6A6GMu,1.8393675288622435,2.758734747773282,2.312803246283796
783900,ZpMwnb9dWc2wJ8U8sM/xDN9n60fgii57F35vNtiUDPISjbJWDQ6wACH4th6A6GMu,1.8298597969304968,4.872019583412027,2.501570020600079
784200,ZpMwnb9dWc2wJ8U8sM/xDN9n60fgii57F35vNtiUDPISjbJWDQ6wACH4th6A6GMu,1.9546393244239797,2.5191420323167035,2.2788961086280213
784500,ZpMwnb9dWc2wJ8U8sM/xDN9n60fgii57F35vNtiUDPISjbJWDQ6wACH4th6A6GMu,2.0815328698369293,5.036354034203472,2.626545642282996
784800,ZpMwnb9dWc2wJ8U8sM/xDN9n60fgii57F35vNtiUDPISjbJWDQ6wACH4th6A6GMu,1.901299727484531,2.7308583391882646,2.2530789222621608
785100,ZpMwnb9dWc2wJ8U8sM/xDN9n60fgii57F35vNtiUDPISjbJWDQ6wACH4th6A6GMu,1.9820514467917525,8.447781392307759,2.9682983974159103
785400,ZpMwnb9dWc2wJ8U8sM/xDN9n60fgii57F35vNtiUDPISjbJWDQ6wACH4th6A6GMu,1.8605654494763049,2.7014165152140603,2.2675229649672235
785700,ZpMwnb9dWc2wJ8U8sM/xDN9n60fgii57F35vNtiUDPISjbJWDQ6wACH4th6A6GMu,1.8726120191180653,4.789827984277014,2.50625698384766
786000,ZpMwnb9dWc2wJ8U8sM/xDN9n60fgii57F35vNtiUDPISjbJWDQ6wACH4th6A6GMu,1.8777693715728905,2.667464299545967,2.255989403064399
786300,ZpMwnb9dWc2wJ8U8sM/xDN9n60fgii57F35vNtiUDPISjbJWDQ6wACH4th6A6GMu,1.8478484068856789,4.8225553446520975,2.5319456837457786
786600,ZpMwnb9dWc2wJ8U8sM/xDN9n60fgii57F35vNtiUDPISjbJWDQ6wACH4th6A6GMu,1.831289196818175,3.1272211617183414,2.37101884014667
786900,ZpMwnb9dWc2wJ8U8sM/xDN9n60fgii57F35vNtiUDPISjbJWDQ6wACH4th6A6GMu,1.9951616462070512,8.219249163987653,4.828325036699509
787200,ZpMwnb9dWc2wJ8U8sM/xDN9n60fgii57F35vNtiUDPISjbJWDQ6wACH4th6A6GMu,1.8636383246545007,3.0216664301499105,2.306114163780586
787500,ZpMwnb9dWc2wJ8U8sM/xDN9n60fgii57F35vNtiUDPISjbJWDQ6wACH4th6A6GMu,1.8155276597743089,4.518853387946328,2.5019509284463024
787800,ZpMwnb9dWc2wJ8U8sM/xDN9n60fgii57F35vNtiUDPISjbJWDQ6wACH4th6A6GMu,1.709283132472731,16.11900968345926,3.65632328823432
788100,ZpMwnb9dWc2wJ8U8sM/xDN9n60fgii57F35vNtiUDPISjbJWDQ6wACH4th6A6GMu,1.8856150238238445,5.060386535143524,2.647516075588936
788400,ZpMwnb9dWc2wJ8U8sM/xDN9n60fgii57F35vNtiUDPISjbJWDQ6wACH4th6A6GMu,1.7878444434897964,2.760205193005866,2.2125886647449606
788700,ZpMwnb9dWc2wJ8U8sM/xDN9n60fgii57F35vNtiUDPISjbJWDQ6wACH4th6A6GMu,1.811689046123852,7.17600326224363,2.7272262178267934
789000,ZpMwnb9dWc2wJ8U8sM/xDN9n60fgii57F35vNtiUDPISjbJWDQ6wACH4th6A6GMu,1.8012779689383696,2.764661587063322,2.2709170475361677
789300,ZpMwnb9dWc2wJ8U8sM/xDN9n60fgii57F35vNtiUDPISjbJWDQ6wACH4th6A6GMu,1.8126552527149864,4.497148027848762,2.4719773412134325
789600,ZpMwnb9dWc2wJ8U8sM/xDN9n60fgii57F35vNtiUDPISjbJWDQ6wACH4th6A6GMu,1.8099056906278896,2.656798408809503,2.2312822526909004
789900,ZpMwnb9dWc2wJ8U8sM/xDN9n60fgii57F35vNtiUDPISjbJWDQ6wACH4th6A6GMu,2.002398403813957,4.520203643730871,2.520612617010347
790200,ZpMwnb9dWc2wJ8U8sM/xDN9n60fgii57F35vNtiUDPISjbJWDQ6wACH4th6A6GMu,1.7454035327340829,2.692435921521051,2.242773730617945
790500,ZpMwnb9dWc2wJ8U8sM/xDN9n60fgii57F35vNtiUDPISjbJWDQ6wACH4th6A6GMu,1.9806680060650703,5.755153982839,3.038127770846894
790800,ZpMwnb9dWc2wJ8U8sM/xDN9n60fgii57F35vNtiUDPISjbJWDQ6wACH4th6A6GMu,1.814745575129697,6.3108389098889806,3.5754440410661457
791100,ZpMwnb9dWc2wJ8U8sM/xDN9n60fgii57F35vNtiUDPISjbJWDQ6wACH4th6A6GMu,1.819835350157183,4.364860168878556,2.481047287405488
791400,ZpMwnb9dWc2wJ8U8sM/xDN9n60fgii57F35vNtiUDPISjbJWDQ6wACH4th6A6GMu,1.7866857306835522,2.7545164631408965,2.2613547282769613
791700,ZpMwnb9dWc2wJ8U8sM/xDN9n60fgii57F35vNtiUDPISjbJWDQ6wACH4th6A6GMu,1.8358655424771104,4.337401339490329,2.620289191419853
792000,ZpMwnb9dWc2wJ8U8sM/xDN9n60fgii57F35vNtiUDPISjbJWDQ6wACH4th6A6GMu,1.7144253851144606,2.4539773895182853,2.155464977735847
792300,ZpMwnb9dWc2wJ8U8sM/xDN9n60fgii57F35vNtiUDPISjbJWDQ6wACH4th6A6GMu,1.7783553007166593,5.9085715999860975,2.796118901414089
792600,ZpMwnb9dWc2wJ8U8sM/xDN9n60fgii57F35vNtiUDPISjbJWDQ6wACH4th6A6GMu,1.79020889501666,2.730238261923056,2.2241008891304097
792900,ZpMwnb9dWc2wJ8U8sM/xDN9n60fgii57F35vNtiUDPISjbJWDQ6wACH4th6A6GMu,1.7552037583292672,5.190905476494225,2.455149309736786
793200,ZpMwnb9dWc2wJ8U8sM/xDN9n60fgii57F35vNtiUDPISjbJWDQ6wACH4th6A6GMu,1.83214887434703,2.683184596162459,2.2276334858310785
793500,ZpMwnb9dWc2wJ8U8sM/xDN9n60fgii57F35vNtiUDPISjbJWDQ6wACH4th6A6GMu,1.9646727516598288,15.921989195227043,4.625716682771785
793800,ZpMwnb9dWc2wJ8U8sM/xDN9n60fgii57F35vNtiUDPISjbJWDQ6wACH4th6A6GMu,1.7968411110192797,3.0187557782690755,2.2992581515654926
794100,ZpMwnb9dWc2wJ8U8sM/xDN9n60fgii57F35vNtiUDPISjbJWDQ6wACH4th6A6GMu,1.7825668085402393,5.125678916087067,2.4509929990624446
794400,ZpMwnb9dWc2wJ8U8sM/xDN9n60fgii57F35vNtiUDPISjbJWDQ6wACH4th6A6GMu,1.9735001615195809,5.927784162188161,4.257271742428025
794700,ZpMwnb9dWc2wJ8U8sM/xDN9n60fgii57F35vNtiUDPISjbJWDQ6wACH4th6A6GMu,1.831126833058836,5.337948086236728,2.487301005370708
795000,ZpMwnb9dWc2wJ8U8sM/xDN9n60fgii57F35vNtiUDPISjbJWDQ6wACH4th6A6GMu,1.9883235602706228,2.854338174520339,2.276943329770686
795300,ZpMwnb9dWc2wJ8U8sM/xDN9n60fgii57F35vNtiUDPISjbJWDQ6wACH4th6A6GMu,1.901424203060364,5.515870010391591,2.681113362198768
795600,ZpMwnb9dWc2wJ8U8sM/xDN9n60fgii57F35vNtiUDPISjbJWDQ6wACH4th6A6GMu,1.7900733226268597,2.5997334738248608,2.2386566794878244
795900,ZpMwnb9dWc2wJ8U8sM/xDN9n60fgii57F35vNtiUDPISjbJWDQ6wACH4th6A6GMu,1.9272671993005628,8.506767062499343,2.795369458545774
796200,ZpMwnb9dWc2wJ8U8sM/xDN9n60fgii57F35vNtiUDPISjbJWDQ6wACH4th6A6GMu,1.8089114366796657,2.763664522899698,2.302660076740955
796500,ZpMwnb9dWc2wJ8U8sM/xDN9n60fgii57F35vNtiUDPISjbJWDQ6wACH4th6A6GMu,2.033249286041142,4.9720369484310964,2.510699277389304
796800,ZpMwnb9dWc2wJ8U8sM/xDN9n60fgii57F35vNtiUDPISjbJWDQ6wACH4th6A6GMu,1.8354149001261113,2.5466704397760203,2.2187057744879928
797100,ZpMwnb9dWc2wJ8U8sM/xDN9n60fgii57F35vNtiUDPISjbJWDQ6wACH4th6A6GMu,1.971960034208564,4.612567902008326,2.5013950256388755
797400,ZpMwnb9dWc2wJ8U8sM/xDN9n60fgii57F35vNtiUDPISjbJWDQ6wACH4th6A6GMu,1.775438172954414,2.580137817712024,2.2138736839753315
797700,ZpMwnb9dWc2wJ8U8sM/xDN9n60fgii57F35vNtiUDPISjbJWDQ6wACH4th6A6GMu,1.8903202347302388,4.598124149298696,2.459395518805255
798000,ZpMwnb9dWc2wJ8U8sM/xDN9n60fgii57F35vNtiUDPISjbJWDQ6wACH4th6A6GMu,1.8479410087438293,6.523004377442892,2.776036921555681
798300,ZpMwnb9dWc2wJ8U8sM/xDN9n60fgii57F35vNtiUDPISjbJWDQ6wACH4th6A6GMu,2.0570893310639797,6.171395085174662,4.177781933723695
798600,ZpMwnb9dWc2wJ8U8sM/xDN9n60fgii57F35vNtiUDPISjbJWDQ6wACH4th6A6GMu,1.8738016904077075,2.475441511166346,2.184569505864711
798900,ZpMwnb9dWc2wJ8U8sM/xDN9n60fgii57F35vNtiUDPISjbJWDQ6wACH4th6A6GMu,2.100704087184662,4.882239753111158,2.5908045353487457
799200,ZpMwnb9dWc2wJ8U8sM/xDN9n60fgii57F35vNtiUDPISjbJWDQ6wACH4th6A6GMu,1.8342897558077849,2.5892167761562064,2.2375906297693446
799500,ZpMwnb9dWc2wJ8U8sM/xDN9n60fgii57F35vNtiUDPISjbJWDQ6wACH4th6A6GMu,1.9371400384568147,5.8188833007898815,2.78883097571805
799800,ZpMwnb9dWc2wJ8U8sM/xDN9n60fgii57F35vNtiUDPISjbJWDQ6wACH4th6A6GMu,1.9916382179790355,2.829523768184967,2.2485461393915105
800100,ZpMwnb9dWc2wJ8U8sM/xDN9n60fgii57F35vNtiUDPISjbJWDQ6wACH4th6A6GMu,1.9579674177942088,4.58710426770955,2.760140858735215
800400,ZpMwnb9dWc2wJ8U8sM/xDN9n60fgii57F35vNtiUDPISjbJWDQ6wACH4th6A6GMu,2.1337272093519184,6.92638294272408,2.901078605366361
800700,ZpMwnb9dWc2wJ8U8sM/xDN9n60fgii57F35vNtiUDPISjbJWDQ6wACH4th6A6GMu,2.1574393227209727,18.609001306034,6.274548119658961
801000,ZpMwnb9dWc2wJ8U8sM/xDN9n60fgii57F35vNtiUDPISjbJWDQ6wACH4th6A6GMu,1.985349969615824,2.971139377112141,2.3249608304743186
801300,ZpMwnb9dWc2wJ8U8sM/xDN9n60fgii57F35vNtiUDPISjbJWDQ6wACH4th6A6GMu,2.0014693125256424,4.0249482141271296,2.5686401641406267
801600,ZpMwnb9dWc2wJ8U8sM/xDN9n60fgii57F35vNtiUDPISjbJWDQ6wACH4th6A6GMu,2.0182455661465206,3.0889815710517214,2.44164452277582
801900,ZpMwnb9dWc2wJ8U8sM/xDN9n60fgii57F35vNtiUDPISjbJWDQ6wACH4th6A6GMu,1.9410336491000104,9.17244359398384,4.440332966992313
802200,ZpMwnb9dWc2wJ8U8sM/xDN9n60fgii57F35vNtiUDPISjbJWDQ6wACH4th6A6GMu,2.1378844440588534,3.1950934480088824,2.3968508552187227
802500,ZpMwnb9dWc2wJ8U8sM/xDN9n60fgii57F35vNtiUDPISjbJWDQ6wACH4th6A6GMu,2.084334109810803,5.668310732585054,2.775795137576313
802800,ZpMwnb9dWc2wJ8U8sM/xDN9n60fgii57F35vNtiUDPISjbJWDQ6wACH4th6A6GMu,2.067089207018907,4.873604031566867,2.541503257719216
803100,ZpMwnb9dWc2wJ8U8sM/xDN9n60fgii57F35vNtiUDPISjbJWDQ6wACH4th6A6GMu,1.9931651348961608,14.302337420665909,4.378262313537308
803400,ZpMwnb9dWc2wJ8U8sM/xDN9n60fgii57F35vNtiUDPISjbJWDQ6wACH4th6A6GMu,2.1425787380153447,46.70178698832307,11.22680890685472
803700,ZpMwnb9dWc2wJ8U8sM/xDN9n60fgii57F35vNtiUDPISjbJWDQ6wACH4th6A6GMu,2.05233144370835,5.092969715235086,2.5783742549177053
804000,ZpMwnb9dWc2wJ8U8sM/xDN9n60fgii57F35vNtiUDPISjbJWDQ6wACH4th6A6GMu,2.0255735036977414,2.8822178095384485,2.300047886142539
804300,ZpMwnb9dWc2wJ8U8sM/xDN9n60fgii57F35vNtiUDPISjbJWDQ6wACH4th6A6GMu,2.0500872864380346,4.832670620820349,2.570835874398506
804600,ZpMwnb9dWc2wJ8U8sM/xDN9n60fgii57F35vNtiUDPISjbJWDQ6wACH4th6A6GMu,1.9168154529957944,2.6426091883092986,2.2288808940920344
804900,ZpMwnb9dWc2wJ8U8sM/xDN9n60fgii57F35vNtiUDPISjbJWDQ6wACH4th6A6GMu,1.918674911301933,4.661788908557585,2.4671533100110628
805200,ZpMwnb9dWc2wJ8U8sM/xDN9n60fgii57F35vNtiUDPISjbJWDQ6wACH4th6A6GMu,1.8819113150285136,2.8684770543525646,2.299312353586657
805500,ZpMwnb9dWc2wJ8U8sM/xDN9n60fgii57F35vNtiUDPISjbJWDQ6wACH4th6A6GMu,1.9630480551622624,4.686534065117094,2.486648238803261
805800,ZpMwnb9dWc2wJ8U8sM/xDN9n60fgii57F35vNtiUDPISjbJWDQ6wACH4th6A6GMu,1.8138778161808975,6.31094439031034,4.142273999996577
806100,ZpMwnb9dWc2wJ8U8sM/xDN9n60fgii57F35vNtiUDPISjbJWDQ6wACH4th6A6GMu,1.8627834348789003,5.065565723759993,2.617552002453607
806400,ZpMwnb9dWc2wJ8U8sM/xDN9n60fgii57F35vNtiUDPISjbJWDQ6wACH4th6A6GMu,2.110709587624007,8.735870005746552,5.398408794726324
806700,ZpMwnb9dWc2wJ8U8sM/xDN9n60fgii57F35vNtiUDPISjbJWDQ6wACH4th6A6GMu,5.006458526372918,11.499334948765872,7.9715898619704
807000,ZpMwnb9dWc2wJ8U8sM/xDN9n60fgii57F35vNtiUDPISjbJWDQ6wACH4th6A6GMu,1.8905970623876145,2.811634690210332,2.3388829723610143
807300,ZpMwnb9dWc2wJ8U8sM/xDN9n60fgii57F35vNtiUDPISjbJWDQ6wACH4th6A6GMu,1.7619566951885284,4.942022402361979,2.4388544382884776
807600,ZpMwnb9dWc2wJ8U8sM/xDN9n60fgii57F35vNtiUDPISjbJWDQ6wACH4th6A6GMu,2.0435681216680397,2.621952424974555,2.2572025809933973
807900,ZpMwnb9dWc2wJ8U8sM/xDN9n60fgii57F35vNtiUDPISjbJWDQ6wACH4th6A6GMu,1.8176092142619185,5.500970259623279,2.5218455243598683
808200,ZpMwnb9dWc2wJ8U8sM/xDN9n60fgii57F35vNtiUDPISjbJWDQ6wACH4th6A6GMu,1.9144886569906676,2.957412509036248,2.303742926210792
808500,ZpMwnb9dWc2wJ8U8sM/xDN9n60fgii57F35vNtiUDPISjbJWDQ6wACH4th6A6GMu,1.773052546566592,5.053855643991901,2.460344179124843
808800,ZpMwnb9dWc2wJ8U8sM/xDN9n60fgii57F35vNtiUDPISjbJWDQ6wACH4th6A6GMu,1.9796037806250464,2.8175105186555363,2.312459774880523
809100,ZpMwnb9dWc2wJ8U8sM/xDN9n60fgii57F35vNtiUDPISjbJWDQ6wACH4th6A6GMu,1.8473244757470224,5.159527497809734,2.498751150570489
809400,ZpMwnb9dWc2wJ8U8sM/xDN9n60fgii57F35vNtiUDPISjbJWDQ6wACH4th6A6GMu,2.0195238062742606,6.347623860410792,4.3704419419256055
809700,ZpMwnb9dWc2wJ8U8sM/xDN9n60fgii57F35vNtiUDPISjbJWDQ6wACH4th6A6GMu,1.8448741120508836,5.544866044690369,2.7354285785113666
810000,ZpMwnb9dWc2wJ8U8sM/xDN9n60fgii57F35vNtiUDPISjbJWDQ6wACH4th6A6GMu,1.822373304500898,2.5668657730233413,2.210063807332308
810300,ZpMwnb9dWc2wJ8U8sM/xDN9n60fgii57F35vNtiUDPISjbJWDQ6wACH4th6A6GMu,1.7565041092578288,6.9226951891437984,2.753517096365645
810600,ZpMwnb9dWc2wJ8U8sM/xDN9n60fgii57F35vNtiUDPISjbJWDQ6wACH4th6A6GMu,1.8759805629588893,2.8734525203018526,2.2977967473912098
810900,ZpMwnb9dWc2wJ8U8sM/xDN9n60fgii57F35vNtiUDPISjbJWDQ6wACH4th6A6GMu,1.8076658329985853,2.6353700779601104,2.157967981709428
811200,ZpMwnb9dWc2wJ8U8sM/xDN9n60fgii57F35vNtiUDPISjbJWDQ6wACH4th6A6GMu,1.759907545270189,4.708138454696542,2.4982750242591694
811500,ZpMwnb9dWc2wJ8U8sM/xDN9n60fgii57F35vNtiUDPISjbJWDQ6wACH4th6A6GMu,1.855655235913712,2.6507724020593706,2.216556441486603
811800,ZpMwnb9dWc2wJ8U8sM/xDN9n60fgii57F35vNtiUDPISjbJWDQ6wACH4th6A6GMu,1.781352890175731,5.037655532180184,2.5041097459749304
812100,ZpMwnb9dWc2wJ8U8sM/xDN9n60fgii57F35vNtiUDPISjbJWDQ6wACH4th6A6GMu,1.881287698705664,2.3867170484325615,2.1644930254616215
812400,ZpMwnb9dWc2wJ8U8sM/xDN9n60fgii57F35vNtiUDPISjbJWDQ6wACH4th6A6GMu,1.9582759036062456,4.779273968461016,2.542494975774801
812700,ZpMwnb9dWc2wJ8U8sM/xDN9n60fgii57F35vNtiUDPISjbJWDQ6wACH4th6A6GMu,1.8430779273105804,2.591013444617709,2.1797130192574143
813000,ZpMwnb9dWc2wJ8U8sM/xDN9n60fgii57F35vNtiUDPISjbJWDQ6wACH4th6A6GMu,1.7122269128374483,4.7865923220524405,2.5059967784443438
813300,ZpMwnb9dWc2wJ8U8sM/xDN9n60fgii57F35vNtiUDPISjbJWDQ6wACH4th6A6GMu,2.391046209521938,5.924831889711701,4.431796334477595
813600,ZpMwnb9dWc2wJ8U8sM/xDN9n60fgii57F35vNtiUDPISjbJWDQ6wACH4th6A6GMu,1.7795569860787777,2.4876193364807966,2.1842306560401576
813900,ZpMwnb9dWc2wJ8U8sM/xDN9n60fgii57F35vNtiUDPISjbJWDQ6wACH4th6A6GMu,1.7601508487315607,5.856849390867364,2.52746875132462
814200,ZpMwnb9dWc2wJ8U8sM/xDN9n60fgii57F35vNtiUDPISjbJWDQ6wACH4th6A6GMu,1.802446933721791,4.723038416670174,2.544469918652437
814500,ZpMwnb9dWc2wJ8U8sM/xDN9n60fgii57F35vNtiUDPISjbJWDQ6wACH4th6A6GMu,1.8014186112394317,2.6359506458744586,2.2236594820090465
814800,ZpMwnb9dWc2wJ8U8sM/xDN9n60fgii57F35vNtiUDPISjbJWDQ6wACH4th6A6GMu,1.815604830472188,4.433900220774591,2.442042319787047
815100,ZpMwnb9dWc2wJ8U8sM/xDN9n60fgii57F35vNtiUDPISjbJWDQ6wACH4th6A6GMu,1.843407793678451,2.756281851444406,2.2833618253083867
815400,ZpMwnb9dWc2wJ8U8sM/xDN9n60fgii57F35vNtiUDPISjbJWDQ6wACH4th6A6GMu,1.8273392362356136,3.792384725147832,2.535641578631055
815700,ZpMwnb9dWc2wJ8U8sM/xDN9n60fgii57F35vNtiUDPISjbJWDQ6wACH4th6A6GMu,1.8617057524567155,2.3983069954121845,2.1669576575204204
816000,ZpMwnb9dWc2wJ8U8sM/xDN9n60fgii57F35vNtiUDPISjbJWDQ6wACH4th6A6GMu,1.930364918964801,4.903731556039414,2.5067102640103385
816300,ZpMwnb9dWc2wJ8U8sM/xDN9n60fgii57F35vNtiUDPISjbJWDQ6wACH4th6A6GMu,1.8088123085230003,2.514735549855605,2.236157208201935
816600,ZpMwnb9dWc2wJ8U8sM/xDN9n60fgii57F35vNtiUDPISjbJWDQ6wACH4th6A6GMu,1.9624412861031637,4.690533142354268,2.762977990157446
816900,ZpMwnb9dWc2wJ8U8sM/xDN9n60fgii57F35vNtiUDPISjbJWDQ6wACH4th6A6GMu,2.03710780528802,7.331807211873524,4.051885905790674
817200,ZpMwnb9dWc2wJ8U8sM/xDN9n60fgii57F35vNtiUDPISjbJWDQ6wACH4th6A6GMu,2.1309119367261826,6.2744730270228875,4.062584158342268
817500,ZpMwnb9dWc2wJ8U8sM/xDN9n60fgii57F35vNtiUDPISjbJWDQ6wACH4th6A6GMu,1.7914838904992465,2.494583424273428,2.187997312764768
817800,ZpMwnb9dWc2wJ8U8sM/xDN9n60fgii57F35vNtiUDPISjbJWDQ6wACH4th6A6GMu,2.008869670131461,5.441436039314959,2.8977051403860226
818100,ZpMwnb9dWc2wJ8U8sM/xDN9n60fgii57F35vNtiUDPISjbJWDQ6wACH4th6A6GMu,1.9712937304452176,2.421872518267605,2.215348886934549
818400,ZpMwnb9dWc2wJ8U8sM/xDN9n60fgii57F35vNtiUDPISjbJWDQ6wACH4th6A6GMu,1.9947608739974605,4.852356398041631,2.4989138888455464
818700,ZpMwnb9dWc2wJ8U8sM/xDN9n60fgii57F35vNtiUDPISjbJWDQ6wACH4th6A6GMu,2.0235585613483864,2.939215151848235,2.286495357431485
819000,ZpMwnb9dWc2wJ8U8sM/xDN9n60fgii57F35vNtiUDPISjbJWDQ6wACH4th6A6GMu,1.8080506729441563,4.820378700732207,2.450675613255375
819300,ZpMwnb9dWc2wJ8U8sM/xDN9n60fgii57F35vNtiUDPISjbJWDQ6wACH4th6A6GMu,1.8107726027418265,2.6035806667510126,2.197866421022881
819600,ZpMwnb9dWc2wJ8U8sM/xDN9n60fgii57F35vNtiUDPISjbJWDQ6wACH4th6A6GMu,1.9699213312388972,4.446916717756339,2.5104212442615674
819900,ZpMwnb9dWc2wJ8U8sM/xDN9n60fgii57F35vNtiUDPISjbJWDQ6wACH4th6A6GMu,1.786115763907936,2.6595773529445608,2.211456938217532
820200,ZpMwnb9dWc2wJ8U8sM/xDN9n60fgii57F35vNtiUDPISjbJWDQ6wACH4th6A6GMu,1.733432046363898,4.950581927208073,2.4440846117375563
820500,ZpMwnb9dWc2wJ8U8sM/xDN9n60fgii57F35vNtiUDPISjbJWDQ6wACH4th6A6GMu,1.8439379393790605,3.140000058416659,2.3111857999143783
820800,ZpMwnb9dWc2wJ8U8sM/xDN9n60fgii57F35vNtiUDPISjbJWDQ6wACH4th6A6GMu,1.9563487945673863,6.179078018494942,4.097326132814179
821100,ZpMwnb9dWc2wJ8U8sM/xDN9n60fgii57F35vNtiUDPISjbJWDQ6wACH4th6A6GMu,1.7094201064207368,5.4943448134966,3.022182971093788
821400,ZpMwnb9dWc2wJ8U8sM/xDN9n60fgii57F35vNtiUDPISjbJWDQ6wACH4th6A6GMu,1.8118526786452565,4.962526293909392,2.8421316571027253
821700,ZpMwnb9dWc2wJ8U8sM/xDN9n60fgii57F35vNtiUDPISjbJWDQ6wACH4th6A6GMu,1.7913203549312242,2.8392639171665155,2.216257796095472
822000,ZpMwnb9dWc2wJ8U8sM/xDN9n60fgii57F35vNtiUDPISjbJWDQ6wACH4th6A6GMu,1.941046105976509,4.8938853875533335,2.4510289184238454
822300,ZpMwnb9dWc2wJ8U8sM/xDN9n60fgii57F35vNtiUDPISjbJWDQ6wACH4th6A6GMu,1.8093209240485533,2.8899905310596767,2.2851037509502974
822600,ZpMwnb9dWc2wJ8U8sM/xDN9n60fgii57F35vNtiUDPISjbJWDQ6wACH4th6A6GMu,1.813105807487916,5.039170877009856,2.55128148486614
822900,ZpMwnb9dWc2wJ8U8sM/xDN9n60fgii57F35vNtiUDPISjbJWDQ6wACH4th6A6GMu,1.8433156390009713,2.6718561742497147,2.238008701906857
823200,ZpMwnb9dWc2wJ8U8sM/xDN9n60fgii57F35vNtiUDPISjbJWDQ6wACH4th6A6GMu,1.86576519766506,4.802691649898588,2.5233409906590247
823500,ZpMwnb9dWc2wJ8U8sM/xDN9n60fgii57F35vNtiUDPISjbJWDQ6wACH4th6A6GMu,1.8231652799121187,2.964657219341931,2.271456452536009
823800,ZpMwnb9dWc2wJ8U8sM/xDN9n60fgii57F35vNtiUDPISjbJWDQ6wACH4th6A6GMu,1.894753770240944,4.808837313120017,2.4773897448383773
824100,ZpMwnb9dWc2wJ8U8sM/xDN9n60fgii57F35vNtiUDPISjbJWDQ6wACH4th6A6GMu,1.8838277892886044,3.2263541492223125,2.363521899008348
824400,ZpMwnb9dWc2wJ8U8sM/xDN9n60fgii57F35vNtiUDPISjbJWDQ6wACH4th6A6GMu,1.8235546743639488,4.802867671189065,2.518206550069523
824700,ZpMwnb9dWc2wJ8U8sM/xDN9n60fgii57F35vNtiUDPISjbJWDQ6wACH4th6A6GMu,1.9922536591202673,6.2152093636197385,4.331506912300359
825000,ZpMwnb9dWc2wJ8U8sM/xDN9n60fgii57F35vNtiUDPISjbJWDQ6wACH4th6A6GMu,1.8513592921322992,5.531955841234896,2.8639233250950045
825300,ZpMwnb9dWc2wJ8U8sM/xDN9n60fgii57F35vNtiUDPISjbJWDQ6wACH4th6A6GMu,1.7692869096161563,2.6093578795023165,2.187110792780828
825600,ZpMwnb9dWc2wJ8U8sM/xDN9n60fgii57F35vNtiUDPISjbJWDQ6wACH4th6A6GMu,1.9155114815252108,4.74798047681077,2.480809623930352
825900,ZpMwnb9dWc2wJ8U8sM/xDN9n60fgii57F35vNtiUDPISjbJWDQ6wACH4th6A6GMu,1.8949889306405543,2.897533700661046,2.266624625215716
826200,ZpMwnb9dWc2wJ8U8sM/xDN9n60fgii57F35vNtiUDPISjbJWDQ6wACH4th6A6GMu,1.85009678623236,4.804912314220662,2.4477686514363928
826500,ZpMwnb9dWc2wJ8U8sM/xDN9n60fgii57F35vNtiUDPISjbJWDQ6wACH4th6A6GMu,1.8359006969046785,2.57064903100866,2.205870839924508
826800,ZpMwnb9dWc2wJ8U8sM/xDN9n60fgii57F35vNtiUDPISjbJWDQ6wACH4th6A6GMu,1.9074623350504365,4.665859584387403,2.5001689708822807
827100,ZpMwnb9dWc2wJ8U8sM/xDN9n60fgii57F35vNtiUDPISjbJWDQ6wACH4th6A6GMu,1.8305550164732964,2.890841727735925,2.233818084216744
827400,ZpMwnb9dWc2wJ8U8sM/xDN9n60fgii57F35vNtiUDPISjbJWDQ6wACH4th6A6GMu,1.9900072426157471,5.468287808731691,3.5119787090912884
827700,ZpMwnb9dWc2wJ8U8sM/xDN9n60fgii57F35vNtiUDPISjbJWDQ6wACH4th6A6GMu,1.9124627189291965,3.8240602351611264,2.561902789940603
828000,ZpMwnb9dWc2wJ8U8sM/xDN9n60fgii57F35vNtiUDPISjbJWDQ6wACH4th6A6GMu,1.7804357537105653,4.896296284532518,2.4831448543234904
828300,ZpMwnb9dWc2wJ8U8sM/xDN9n60fgii57F35vNtiUDPISjbJWDQ6wACH4th6A6GMu,1.7769511380161147,6.170445128618766,2.938088408793217
828600,ZpMwnb9dWc2wJ8U8sM/xDN9n60fgii57F35vNtiUDPISjbJWDQ6wACH4th6A6GMu,1.8552729566689343,7.98816937102929,4.316931994037953
828900,ZpMwnb9dWc2wJ8U8sM/xDN9n60fgii57F35vNtiUDPISjbJWDQ6wACH4th6A6GMu,1.93203156710868,2.7680902329329133,2.240634754174906
829200,ZpMwnb9dWc2wJ8U8sM/xDN9n60fgii57F35vNtiUDPISjbJWDQ6wACH4th6A6GMu,1.8210932289608868,4.823873732438048,2.8396957204159907
829500,ZpMwnb9dWc2wJ8U8sM/xDN9n60fgii57F35vNtiUDPISjbJWDQ6wACH4th6A6GMu,1.9219453337507688,3.3186810814365013,2.2871041194408614
829800,ZpMwnb9dWc2wJ8U8sM/xDN9n60fgii57F35vNtiUDPISjbJWDQ6wACH4th6A6GMu,1.7094156740655662,4.769362881315739,2.4848759451241893
830100,ZpMwnb9dWc2wJ8U8sM/xDN9n60fgii57F35vNtiUDPISjbJWDQ6wACH4th6A6GMu,1.813234314424984,2.5833578353796467,2.2159319489884086
830400,ZpMwnb9dWc2wJ8U8sM/xDN9n60fgii57F35vNtiUDPISjbJWDQ6wACH4th6A6GMu,1.8103379847923933,4.793264807325104,2.5241867056482663
830700,ZpMwnb9dWc2wJ8U8sM/xDN9n60fgii57F35vNtiUDPISjbJWDQ6wACH4th6A6GMu,1.9798154079133168,2.6055935779885777,2.222681345373892
831000,ZpMwnb9dWc2wJ8U8sM/xDN9n60fgii57F35vNtiUDPISjbJWDQ6wACH4th6A6GMu,1.8852576235939351,4.88509409045213,2.550939682063895
831300,ZpMwnb9dWc2wJ8U8sM/xDN9n60fgii57F35vNtiUDPISjbJWDQ6wACH4th6A6GMu,1.8391120955351852,3.2635723821456226,2.3030441032371254
831600,ZpMwnb9dWc2wJ8U8sM/xDN9n60fgii57F35vNtiUDPISjbJWDQ6wACH4th6A6GMu,1.8314928178647765,4.784052606837942,2.4911602775856165
831900,ZpMwnb9dWc2wJ8U8sM/xDN9n60fgii57F35vNtiUDPISjbJWDQ6wACH4th6A6GMu,1.88257469193572,2.6534940861055563,2.1974707345642
832200,ZpMwnb9dWc2wJ8U8sM/xDN9n60fgii57F35vNtiUDPISjbJWDQ6wACH4th6A6GMu,2.0244728653153614,45.767604966800405,14.319562262217437
832500,ZpMwnb9dWc2wJ8U8sM/xDN9n60fgii57F35vNtiUDPISjbJWDQ6wACH4th6A6GMu,1.998353482163064,3.1003897181874107,2.3750804572036883
832800,ZpMwnb9dWc2wJ8U8sM/xDN9n60fgii57F35vNtiUDPISjbJWDQ6wACH4th6A6GMu,1.903857120617324,4.796076751675946,2.503485219288737
833100,ZpMwnb9dWc2wJ8U8sM/xDN9n60fgii57F35vNtiUDPISjbJWDQ6wACH4th6A6GMu,1.9851150483746252,3.499022267652269,2.3004776707654657
833400,ZpMwnb9dWc2wJ8U8sM/xDN9n60fgii57F35vNtiUDPISjbJWDQ6wACH4th6A6GMu,1.956890483899936,3.923382305470793,2.477888547961843
833700,ZpMwnb9dWc2wJ8U8sM/xDN9n60fgii57F35vNtiUDPISjbJWDQ6wACH4th6A6GMu,1.7980508911426127,3.053095119964561,2.230369091877052
834000,ZpMwnb9dWc2wJ8U8sM/xDN9n60fgii57F35vNtiUDPISjbJWDQ6wACH4th6A6GMu,1.828398120056936,4.655522206936861,2.5234641036480783
834300,ZpMwnb9dWc2wJ8U8sM/xDN9n60fgii57F35vNtiUDPISjbJWDQ6wACH4th6A6GMu,1.737127380551096,2.990678390375592,2.1857619244648707
834600,ZpMwnb9dWc2wJ8U8sM/xDN9n60fgii57F35vNtiUDPISjbJWDQ6wACH4th6A6GMu,1.8309174830182464,4.610877974454859,2.455848734702159
834900,ZpMwnb9dWc2wJ8U8sM/xDN9n60fgii57F35vNtiUDPISjbJWDQ6wACH4th6A6GMu,1.8561027765473832,3.3810430637757007,2.346410313872421
835200,ZpMwnb9dWc2wJ8U8sM/xDN9n60fgii57F35vNtiUDPISjbJWDQ6wACH4th6A6GMu,1.9973460989288785,4.54342098195616,2.489232315708682
835500,ZpMwnb9dWc2wJ8U8sM/xDN9n60fgii57F35vNtiUDPISjbJWDQ6wACH4th6A6GMu,1.799679385492973,8.187514929141544,3.0021027495868364
835800,ZpMwnb9dWc2wJ8U8sM/xDN9n60fgii57F35vNtiUDPISjbJWDQ6wACH4th6A6GMu,7.648624459535432,10.625093790322696,8.511122241492055
836100,ZpMwnb9dWc2wJ8U8sM/xDN9n60fgii57F35vNtiUDPISjbJWDQ6wACH4th6A6GMu,5.24063924062114,13.340835203180797,7.62417923260277
836400,ZpMwnb9dWc2wJ8U8sM/xDN9n60fgii57F35vNtiUDPISjbJWDQ6wACH4th6A6GMu,1.9890378584667752,6.032685644363385,3.4314871225011307
836700,ZpMwnb9dWc2wJ8U8sM/xDN9n60fgii57F35vNtiUDPISjbJWDQ6wACH4th6A6GMu,1.877354276411034,3.164799325423831,2.305099588763619
837000,ZpMwnb9dWc2wJ8U8sM/xDN9n60fgii57F35vNtiUDPISjbJWDQ6wACH4th6A6GMu,1.976813282315884,4.739233259344865,2.6588260141741253
837300,ZpMwnb9dWc2wJ8U8sM/xDN9n60fgii57F35vNtiUDPISjbJWDQ6wACH4th6A6GMu,1.7841344643823158,2.5965073335529927,2.208230201299764
837600,ZpMwnb9dWc2wJ8U8sM/xDN9n60fgii57F35vNtiUDPISjbJWDQ6wACH4th6A6GMu,1.9171234923453155,4.319143278739637,2.5194765468029705
837900,ZpMwnb9dWc2wJ8U8sM/xDN9n60fgii57F35vNtiUDPISjbJWDQ6wACH4th6A6GMu,1.7613552922984663,2.785359608558974,2.284778232813627
838200,ZpMwnb9dWc2wJ8U8sM/xDN9n60fgii57F35vNtiUDPISjbJWDQ6wACH4th6A6GMu,1.8634292355924855,4.982137669059608,2.5053891279624456
838500,ZpMwnb9dWc2wJ8U8sM/xDN9n60fgii57F35vNtiUDPISjbJWDQ6wACH4th6A6GMu,1.7853978280734195,3.0207544852967256,2.4042463440894
838800,ZpMwnb9dWc2wJ8U8sM/xDN9n60fgii57F35vNtiUDPISjbJWDQ6wACH4th6A6GMu,1.5386731364860693,5.715823364774778,2.504743922877279
839100,ZpMwnb9dWc2wJ8U8sM/xDN9n60fgii57F35vNtiUDPISjbJWDQ6wACH4th6A6GMu,1.519262284921941,2.659631524137028,2.202298291650602
839400,ZpMwnb9dWc2wJ8U8sM/xDN9n60fgii57F35vNtiUDPISjbJWDQ6wACH4th6A6GMu,1.622866864146715,5.232615837274385,3.0087370973266148
839700,ZpMwnb9dWc2wJ8U8sM/xDN9n60fgii57F35vNtiUDPISjbJWDQ6wACH4th6A6GMu,1.575928133654833,3.180043527408787,2.267622067671468
840000,ZpMwnb9dWc2wJ8U8sM/xDN9n60fgii57F35vNtiUDPISjbJWDQ6wACH4th6A6GMu,2.094499906175922,9.432615387160837,4.812589216942574
840300,ZpMwnb9dWc2wJ8U8sM/xDN9n60fgii57F35vNtiUDPISjbJWDQ6wACH4th6A6GMu,1.5428691621733313,2.8048284615805854,2.2546243597048847
840600,ZpMwnb9dWc2wJ8U8sM/xDN9n60fgii57F35vNtiUDPISjbJWDQ6wACH4th6A6GMu,1.6330996026124298,5.217965510118688,2.465355539353692
840900,ZpMwnb9dWc2wJ8U8sM/xDN9n60fgii57F35vNtiUDPISjbJWDQ6wACH4th6A6GMu,1.534773347548303,2.7481485799770025,2.20099423257447
841200,ZpMwnb9dWc2wJ8U8sM/xDN9n60fgii57F35vNtiUDPISjbJWDQ6wACH4th6A6GMu,1.6066652491631932,5.217182041671279,2.6101941810464906
841500,ZpMwnb9dWc2wJ8U8sM/xDN9n60fgii57F35vNtiUDPISjbJWDQ6wACH4th6A6GMu,1.5260956500506844,2.850766445864708,2.208540368749497
841800,ZpMwnb9dWc2wJ8U8sM/xDN9n60fgii57F35vNtiUDPISjbJWDQ6wACH4th6A6GMu,1.5429070491275427,5.32404485116008,2.4598769698245424
842100,ZpMwnb9dWc2wJ8U8sM/xDN9n60fgii57F35vNtiUDPISjbJWDQ6wACH4th6A6GMu,1.600233696372117,2.957444422041336,2.334226705167581
842400,ZpMwnb9dWc2wJ8U8sM/xDN9n60fgii57F35vNtiUDPISjbJWDQ6wACH4th6A6GMu,1.5692843758862574,5.275305947060909,2.511699244645872
842700,ZpMwnb9dWc2wJ8U8sM/xDN9n60fgii57F35vNtiUDPISjbJWDQ6wACH4th6A6GMu,1.6025563647534826,2.725549475067724,2.1877642633773786
843000,ZpMwnb9dWc2wJ8U8sM/xDN9n60fgii57F35vNtiUDPISjbJWDQ6wACH4th6A6GMu,1.76211538676849,5.82030381501055,2.895224013226814
843300,ZpMwnb9dWc2wJ8U8sM/xDN9n60fgii57F35vNtiUDPISjbJWDQ6wACH4th6A6GMu,1.5942023467822852,2.9752073381588406,2.289143755200988
843600,ZpMwnb9dWc2wJ8U8sM/xDN9n60fgii57F35vNtiUDPISjbJWDQ6wACH4th6A6GMu,1.7841591099570768,6.089952928334305,3.0269814820405294
843900,ZpMwnb9dWc2wJ8U8sM/xDN9n60fgii57F35vNtiUDPISjbJWDQ6wACH4th6A6GMu,1.6252724343930631,6.789392261161336,3.794658610709094
844200,ZpMwnb9dWc2wJ8U8sM/xDN9n60fgii57F35vNtiUDPISjbJWDQ6wACH4th6A6GMu,1.6451201202068704,4.547778057367375,2.585206664053154
844500,ZpMwnb9dWc2wJ8U8sM/xDN9n60fgii57F35vNtiUDPISjbJWDQ6wACH4th6A6GMu,1.5748739619120633,2.754195717054835,2.2044930620932672
844800,ZpMwnb9dWc2wJ8U8sM/xDN9n60fgii57F35vNtiUDPISjbJWDQ6wACH4th6A6GMu,1.7295521772527598,4.3115175905146845,2.7473636243227157
845100,ZpMwnb9dWc2wJ8U8sM/xDN9n60fgii57F35vNtiUDPISjbJWDQ6wACH4th6A6GMu,1.5368332754045362,2.685842075538662,2.22070569377419
845400,ZpMwnb9dWc2wJ8U8sM/xDN9n60fgii57F35vNtiUDPISjbJWDQ6wACH4th6A6GMu,1.692971693166978,4.578105473214819,2.475559897246385
845700,ZpMwnb9dWc2wJ8U8sM/xDN9n60fgii57F35vNtiUDPISjbJWDQ6wACH4th6A6GMu,1.685049253817791,2.9509578616608745,2.424110315000689
846000,ZpMwnb9dWc2wJ8U8sM/xDN9n60fgii57F35vNtiUDPISjbJWDQ6wACH4th6A6GMu,1.7321810762516756,4.485984827820845,2.5203377122667368
846300,ZpMwnb9dWc2wJ8U8sM/xDN9n60fgii57F35vNtiUDPISjbJWDQ6wACH4th6A6GMu,1.505944026881508,2.849996773182952,2.2691688852612177
846600,ZpMwnb9dWc2wJ8U8sM/xDN9n60fgii57F35vNtiUDPISjbJWDQ6wACH4th6A6GMu,1.891782496582794,4.510947056233187,2.9292855277798013
846900,ZpMwnb9dWc2wJ8U8sM/xDN9n60fgii57F35vNtiUDPISjbJWDQ6wACH4th6A6GMu,1.633526612880382,2.8560226559097006,2.2581751223540296
847200,ZpMwnb9dWc2wJ8U8sM/xDN9n60fgii57F35vNtiUDPISjbJWDQ6wACH4th6A6GMu,1.684386451877672,4.201761145743027,2.4746456822815603
847500,ZpMwnb9dWc2wJ8U8sM/xDN9n60fgii57F35vNtiUDPISjbJWDQ6wACH4th6A6GMu,1.689768216876628,6.5020484266891625,4.180190029240046
847800,ZpMwnb9dWc2wJ8U8sM/xDN9n60fgii57F35vNtiUDPISjbJWDQ6wACH4th6A6GMu,1.5346896648793418,5.016644404486289,2.4567170274055656
848100,ZpMwnb9dWc2wJ8U8sM/xDN9n60fgii57F35vNtiUDPISjbJWDQ6wACH4th6A6GMu,1.5262619153803474,2.8127243096330448,2.23274206034486
848400,ZpMwnb9dWc2wJ8U8sM/xDN9n60fgii57F35vNtiUDPISjbJWDQ6wACH4th6A6GMu,1.554639304105418,5.063080404594872,2.524468540282109
848700,ZpMwnb9dWc2wJ8U8sM/xDN9n60fgii57F35vNtiUDPISjbJWDQ6wACH4th6A6GMu,1.5608488791753528,2.664719766731944,2.228646306558081
849000,ZpMwnb9dWc2wJ8U8sM/xDN9n60fgii57F35vNtiUDPISjbJWDQ6wACH4th6A6GMu,1.6423254336049995,5.375271822950841,2.4735538291351897
849300,ZpMwnb9dWc2wJ8U8sM/xDN9n60fgii57F35vNtiUDPISjbJWDQ6wACH4th6A6GMu,1.6072334567464586,2.909073167040663,2.3536024019822177
849600,ZpMwnb9dWc2wJ8U8sM/xDN9n60fgii57F35vNtiUDPISjbJWDQ6wACH4th6A6GMu,1.5808763279125388,5.307473333129039,2.5607930715642397
849900,ZpMwnb9dWc2wJ8U8sM/xDN9n60fgii57F35vNtiUDPISjbJWDQ6wACH4th6A6GMu,1.5424954302528555,2.798053413460792,2.2261677430260174
850200,ZpMwnb9dWc2wJ8U8sM/xDN9n60fgii57F35vNtiUDPISjbJWDQ6wACH4th6A6GMu,1.5838745998401966,5.1313424182022205,2.8498932947674898
850500,ZpMwnb9dWc2wJ8U8sM/xDN9n60fgii57F35vNtiUDPISjbJWDQ6wACH4th6A6GMu,1.6024775176021289,3.0245001775280467,2.2735677511606225
850800,ZpMwnb9dWc2wJ8U8sM/xDN9n60fgii57F35vNtiUDPISjbJWDQ6wACH4th6A6GMu,1.5784034863113945,5.162692719793768,2.696737572924195
851100,ZpMwnb9dWc2wJ8U8sM/xDN9n60fgii57F35vNtiUDPISjbJWDQ6wACH4th6A6GMu,1.6353812882963756,6.6044307069350925,2.711939983031931
851400,ZpMwnb9dWc2wJ8U8sM/xDN9n60fgii57F35vNtiUDPISjbJWDQ6wACH4th6A6GMu,1.559262237499562,7.037475127686986,4.1899470735303845
851700,ZpMwnb9dWc2wJ8U8sM/xDN9n60fgii57F35vNtiUDPISjbJWDQ6wACH4th6A6GMu,1.5448947155298065,3.1071352804895493,2.188766080480607
852000,ZpMwnb9dWc2wJ8U8sM/xDN9n60fgii57F35vNtiUDPISjbJWDQ6wACH4th6A6GMu,1.6233305791537844,4.923782418286727,2.531579351791738
852300,ZpMwnb9dWc2wJ8U8sM/xDN9n60fgii57F35vNtiUDPISjbJWDQ6wACH4th6A6GMu,1.5159243400505356,3.234984243128809,2.27086491548678
852600,ZpMwnb9dWc2wJ8U8sM/xDN9n60fgii57F35vNtiUDPISjbJWDQ6wACH4th6A6GMu,1.661159950181546,5.1005940925407645,2.4820275419120894
852900,ZpMwnb9dWc2wJ8U8sM/xDN9n60fgii57F35vNtiUDPISjbJWDQ6wACH4th6A6GMu,1.6584560267502768,3.3659595869071737,2.405667376472957
853200,ZpMwnb9dWc2wJ8U8sM/xDN9n60fgii57F35vNtiUDPISjbJWDQ6wACH4th6A6GMu,1.67391889434783,5.05619287115417,2.5083773088706702
853500,ZpMwnb9dWc2wJ8U8sM/xDN9n60fgii57F35vNtiUDPISjbJWDQ6wACH4th6A6GMu,1.5996795852179917,3.003470820522121,2.3331079257387533
853800,ZpMwnb9dWc2wJ8U8sM/xDN9n60fgii57F35vNtiUDPISjbJWDQ6wACH4th6A6GMu,1.5972347247698633,5.425616638042749,2.795480059188676
854100,ZpMwnb9dWc2wJ8U8sM/xDN9n60fgii57F35vNtiUDPISjbJWDQ6wACH4th6A6GMu,1.5311637007552643,3.1068073984409152,2.233632452488041
854400,ZpMwnb9dWc2wJ8U8sM/xDN9n60fgii57F35vNtiUDPISjbJWDQ6wACH4th6A6GMu,1.6474354975376433,4.945407817366162,2.449528105734496
854700,ZpMwnb9dWc2wJ8U8sM/xDN9n60fgii57F35vNtiUDPISjbJWDQ6wACH4th6A6GMu,1.5964633037065623,3.143377564680517,2.2560194393569715
855000,ZpMwnb9dWc2wJ8U8sM/xDN9n60fgii57F35vNtiUDPISjbJWDQ6wACH4th6A6GMu,1.6214672373865808,8.506966886361875,4.599115447858488
855300,ZpMwnb9dWc2wJ8U8sM/xDN9n60fgii57F35vNtiUDPISjbJWDQ6wACH4th6A6GMu,1.4949396323281468,6.347099784638331,3.351858934761039
855600,ZpMwnb9dWc2wJ8U8sM/xDN9n60fgii57F35vNtiUDPISjbJWDQ6wACH4th6A6GMu,1.547991357932931,5.2855033454515175,2.4852324576751528
855900,ZpMwnb9dWc2wJ8U8sM/xDN9n60fgii57F35vNtiUDPISjbJWDQ6wACH4th6A6GMu,1.5831950588916088,3.1023637625066702,2.253584645948574
856200,ZpMwnb9dWc2wJ8U8sM/xDN9n60fgii57F35vNtiUDPISjbJWDQ6wACH4th6A6GMu,1.5391045672669172,4.423925558826888,2.4322692115807127
856500,ZpMwnb9dWc2wJ8U8sM/xDN9n60fgii57F35vNtiUDPISjbJWDQ6wACH4th6A6GMu,1.7279852183793951,3.304176653844528,2.4265010615066944
856800,ZpMwnb9dWc2wJ8U8sM/xDN9n60fgii57F35vNtiUDPISjbJWDQ6wACH4th6A6GMu,1.6021875925958708,2.99834521597627,2.272369216186996
857100,ZpMwnb9dWc2wJ8U8sM/xDN9n60fgii57F35vNtiUDPISjbJWDQ6wACH4th6A6GMu,1.6355065586562838,5.11778147002966,2.486577635460438
857400,ZpMwnb9dWc2wJ8U8sM/xDN9n60fgii57F35vNtiUDPISjbJWDQ6wACH4th6A6GMu,1.5755871888206696,5.525669473684672,2.6053161070078747
857700,ZpMwnb9dWc2wJ8U8sM/xDN9n60fgii57F35vNtiUDPISjbJWDQ6wACH4th6A6GMu,1.6115282315223267,5.285250955525621,2.513542489073976
858000,ZpMwnb9dWc2wJ8U8sM/xDN9n60fgii57F35vNtiUDPISjbJWDQ6wACH4th6A6GMu,1.5235373900657534,2.6246668972623928,2.211703204483091
858300,ZpMwnb9dWc2wJ8U8sM/xDN9n60fgii57F35vNtiUDPISjbJWDQ6wACH4th6A6GMu,1.5706706008478213,5.133369208433884,2.5656008079192536
858600,ZpMwnb9dWc2wJ8U8sM/xDN9n60fgii57F35vNtiUDPISjbJWDQ6wACH4th6A6GMu,1.5283683106780952,3.2296148995785567,2.2743305126700792
858900,ZpMwnb9dWc2wJ8U8sM/xDN9n60fgii57F35vNtiUDPISjbJWDQ6wACH4th6A6GMu,1.9542100763540824,6.319691341750724,4.807786543087689
859200,ZpMwnb9dWc2wJ8U8sM/xDN9n60fgii57F35vNtiUDPISjbJWDQ6wACH4th6A6GMu,1.5686341757150706,2.9276501052538526,2.282665208290302
859500,ZpMwnb9dWc2wJ8U8sM/xDN9n60fgii57F35vNtiUDPISjbJWDQ6wACH4th6A6GMu,1.5076114345259064,5.126262325062996,2.552277275021454
859800,ZpMwnb9dWc2wJ8U8sM/xDN9n60fgii57F35vNtiUDPISjbJWDQ6wACH4th6A6GMu,1.7427648457606773,2.6351998704339423,2.2482382354913883
860100,ZpMwnb9dWc2wJ8U8sM/xDN9n60fgii57F35vNtiUDPISjbJWDQ6wACH4th6A6GMu,1.5784365059105672,5.209638987053536,2.6591272346355
860400,ZpMwnb9dWc2wJ8U8sM/xDN9n60fgii57F35vNtiUDPISjbJWDQ6wACH4th6A6GMu,1.4950130592690247,2.6713165229202414,2.214011830632599
860700,ZpMwnb9dWc2wJ8U8sM/xDN9n60fgii57F35vNtiUDPISjbJWDQ6wACH4th6A6GMu,1.606843695998412,5.070669645485876,2.473518786893841
861000,ZpMwnb9dWc2wJ8U8sM/xDN9n60fgii57F35vNtiUDPISjbJWDQ6wACH4th6A6GMu,1.7521183586546356,47.36598983907093,9.958305722813185
861300,ZpMwnb9dWc2wJ8U8sM/xDN9n60fgii57F35vNtiUDPISjbJWDQ6wACH4th6A6GMu,1.6597224998136306,4.890233806659955,2.5935769690161017
861600,ZpMwnb9dWc2wJ8U8sM/xDN9n60fgii57F35vNtiUDPISjbJWDQ6wACH4th6A6GMu,1.6584949009076522,2.7903150471497846,2.3474772291581165
861900,ZpMwnb9dWc2wJ8U8sM/xDN9n60fgii57F35vNtiUDPISjbJWDQ6wACH4th6A6GMu,1.6703793295313485,4.583886134146212,2.609252641656683
862200,ZpMwnb9dWc2wJ8U8sM/xDN9n60fgii57F35vNtiUDPISjbJWDQ6wACH4th6A6GMu,1.5475740781064875,2.870070763725355,2.25309978880341
862500,ZpMwnb9dWc2wJ8U8sM/xDN9n60fgii57F35vNtiUDPISjbJWDQ6wACH4th6A6GMu,1.6024622076691672,4.603879922145415,2.708792511997112
862800,ZpMwnb9dWc2wJ8U8sM/xDN9n60fgii57F35vNtiUDPISjbJWDQ6wACH4th6A6GMu,1.6318043653596337,6.227388627180349,4.455635665910244
863100,ZpMwnb9dWc2wJ8U8sM/xDN9n60fgii57F35vNtiUDPISjbJWDQ6wACH4th6A6GMu,1.5486443035181752,4.487354980171684,2.4522285732253217
863400,ZpMwnb9dWc2wJ8U8sM/xDN9n60fgii57F35vNtiUDPISjbJWDQ6wACH4th6A6GMu,1.5524434110120369,2.842143842003735,2.1987264570711043
863700,ZpMwnb9dWc2wJ8U8sM/xDN9n60fgii57F35vNtiUDPISjbJWDQ6wACH4th6A6GMu,1.5294148050936174,4.568074354070316,2.5924253626053524
864000,ZpMwnb9dWc2wJ8U8sM/xDN9n60fgii57F35vNtiUDPISjbJWDQ6wACH4th6A6GMu,1.7420014653621327,2.6194334309068315,2.2363840818604683
864300,ZpMwnb9dWc2wJ8U8sM/xDN9n60fgii57F35vNtiUDPISjbJWDQ6wACH4th6A6GMu,1.5605142937141647,4.8492779756287945,2.479402846087733
864600,ZpMwnb9dWc2wJ8U8sM/xDN9n60fgii57F35vNtiUDPISjbJWDQ6wACH4th6A6GMu,1.7330766801102644,4.214071635335477,2.6396539286413403
864900,ZpMwnb9dWc2wJ8U8sM/xDN9n60fgii57F35vNtiUDPISjbJWDQ6wACH4th6A6GMu,2.6111706167971414,8.548141200172765,6.734846344480768
865200,ZpMwnb9dWc2wJ8U8sM/xDN9n60fgii57F35vNtiUDPISjbJWDQ6wACH4th6A6GMu,1.8233009749423064,8.824717437992264,6.291441291661619
865500,ZpMwnb9dWc2wJ8U8sM/xDN9n60fgii57F35vNtiUDPISjbJWDQ6wACH4th6A6GMu,1.6454870161926356,4.330881025745256,2.650008428775911
865800,ZpMwnb9dWc2wJ8U8sM/xDN9n60fgii57F35vNtiUDPISjbJWDQ6wACH4th6A6GMu,1.6036304937189845,3.775323632253924,2.3371413457668497
866100,ZpMwnb9dWc2wJ8U8sM/xDN9n60fgii57F35vNtiUDPISjbJWDQ6wACH4th6A6GMu,1.6012466748099037,4.155575657760088,2.3807986860242405
866400,ZpMwnb9dWc2wJ8U8sM/xDN9n60fgii57F35vNtiUDPISjbJWDQ6wACH4th6A6GMu,1.7341242963688002,6.657118873945755,3.774064714145628
866700,ZpMwnb9dWc2wJ8U8sM/xDN9n60fgii57F35vNtiUDPISjbJWDQ6wACH4th6A6GMu,1.5745819807637322,6.274854107272898,3.052659065820694
867000,ZpMwnb9dWc2wJ8U8sM/xDN9n60fgii57F35vNtiUDPISjbJWDQ6wACH4th6A6GMu,1.5427003070007048,2.6039358698826907,2.2314852935239218
867300,ZpMwnb9dWc2wJ8U8sM/xDN9n60fgii57F35vNtiUDPISjbJWDQ6wACH4th6A6GMu,1.6253174979914782,5.328852250900854,2.6243526971334545
867600,ZpMwnb9dWc2wJ8U8sM/xDN9n60fgii57F35vNtiUDPISjbJWDQ6wACH4th6A6GMu,1.5613952752236984,2.810944432830608,2.2562205814096687
867900,ZpMwnb9dWc2wJ8U8sM/xDN9n60fgii57F35vNtiUDPISjbJWDQ6wACH4th6A6GMu,1.600002947641623,5.219187572067147,2.4725729203674565
868200,ZpMwnb9dWc2wJ8U8sM/xDN9n60fgii57F35vNtiUDPISjbJWDQ6wACH4th6A6GMu,1.6027759758328348,5.875506964667177,2.6232660122961726
868500,ZpMwnb9dWc2wJ8U8sM/xDN9n60fgii57F35vNtiUDPISjbJWDQ6wACH4th6A6GMu,1.5546945200195463,5.115756226336461,2.4851177843272843
868800,ZpMwnb9dWc2wJ8U8sM/xDN9n60fgii57F35vNtiUDPISjbJWDQ6wACH4th6A6GMu,1.5575079027094056,2.699938852301392,2.1712787413201213
869100,ZpMwnb9dWc2wJ8U8sM/xDN9n60fgii57F35vNtiUDPISjbJWDQ6wACH4th6A6GMu,1.5910010427243522,5.257458681954913,2.514175456138096
869400,ZpMwnb9dWc2wJ8U8sM/xDN9n60fgii57F35vNtiUDPISjbJWDQ6wACH4th6A6GMu,1.55987356772033,2.810174363017291,2.2393734940457573
869700,ZpMwnb9dWc2wJ8U8sM/xDN9n60fgii57F35vNtiUDPISjbJWDQ6wACH4th6A6GMu,1.7516141709983233,4.826133639900625,2.4646228577444087
870000,ZpMwnb9dWc2wJ8U8sM/xDN9n60fgii57F35vNtiUDPISjbJWDQ6wACH4th6A6GMu,1.5532098845695532,2.725130349661905,2.244346038440161
870300,ZpMwnb9dWc2wJ8U8sM/xDN9n60fgii57F35vNtiUDPISjbJWDQ6wACH4th6A6GMu,1.8049558814720683,8.154693284756675,4.533374964364809
870600,ZpMwnb9dWc2wJ8U8sM/xDN9n60fgii57F35vNtiUDPISjbJWDQ6wACH4th6A6GMu,1.6448562966108733,15.7708803596364,3.642077132055876
870900,ZpMwnb9dWc2wJ8U8sM/xDN9n60fgii57F35vNtiUDPISjbJWDQ6wACH4th6A6GMu,1.8489606373156011,3.5009412036719287,2.526331551531648
871200,ZpMwnb9dWc2wJ8U8sM/xDN9n60fgii57F35vNtiUDPISjbJWDQ6wACH4th6A6GMu,1.6151189372953167,2.9125376765102646,2.279519122348997
871500,ZpMwnb9dWc2wJ8U8sM/xDN9n60fgii57F35vNtiUDPISjbJWDQ6wACH4th6A6GMu,1.8434925440794443,4.84325360460586,2.5009726942039645
871800,ZpMwnb9dWc2wJ8U8sM/xDN9n60fgii57F35vNtiUDPISjbJWDQ6wACH4th6A6GMu,1.7978410151909738,5.408369918711736,2.5978723810645863
872100,ZpMwnb9dWc2wJ8U8sM/xDN9n60fgii57F35vNtiUDPISjbJWDQ6wACH4th6A6GMu,1.8104385755552657,4.9021601042738645,2.517758807036577
872400,ZpMwnb9dWc2wJ8U8sM/xDN9n60fgii57F35vNtiUDPISjbJWDQ6wACH4th6A6GMu,1.8013369326929465,16.32761455147556,4.2565242463749815
872700,ZpMwnb9dWc2wJ8U8sM/xDN9n60fgii57F35vNtiUDPISjbJWDQ6wACH4th6A6GMu,1.7209263303591615,4.61028877432036,2.568297757973133
873000,ZpMwnb9dWc2wJ8U8sM/xDN9n60fgii57F35vNtiUDPISjbJWDQ6wACH4th6A6GMu,1.7623722900990797,3.527457036677173,2.2984763321407558
873300,ZpMwnb9dWc2wJ8U8sM/xDN9n60fgii57F35vNtiUDPISjbJWDQ6wACH4th6A6GMu,1.8173290285731627,3.3686460257275974,2.3578705893234484
873600,ZpMwnb9dWc2wJ8U8sM/xDN9n60fgii57F35vNtiUDPISjbJWDQ6wACH4th6A6GMu,1.6428857134751602,2.670161031655196,2.2356074828586934
873900,ZpMwnb9dWc2wJ8U8sM/xDN9n60fgii57F35vNtiUDPISjbJWDQ6wACH4th6A6GMu,1.8187346197128784,5.889159403958582,3.612958312344935
874200,ZpMwnb9dWc2wJ8U8sM/xDN9n60fgii57F35vNtiUDPISjbJWDQ6wACH4th6A6GMu,1.7840655143023516,6.337860113905953,3.1792227678578144
874500,ZpMwnb9dWc2wJ8U8sM/xDN9n60fgii57F35vNtiUDPISjbJWDQ6wACH4th6A6GMu,1.813518543129612,4.66549093533983,2.6399576350854184
874800,ZpMwnb9dWc2wJ8U8sM/xDN9n60fgii57F35vNtiUDPISjbJWDQ6wACH4th6A6GMu,1.7140640194329049,2.6168092217615535,2.2702920768874133
875100,ZpMwnb9dWc2wJ8U8sM/xDN9n60fgii57F35vNtiUDPISjbJWDQ6wACH4th6A6GMu,1.6456480200804278,4.711803150518282,2.4570034712982096
875400,ZpMwnb9dWc2wJ8U8sM/xDN9n60fgii57F35vNtiUDPISjbJWDQ6wACH4th6A6GMu,1.775838059622343,5.376575918604938,2.52215702314698
875700,ZpMwnb9dWc2wJ8U8sM/xDN9n60fgii57F35vNtiUDPISjbJWDQ6wACH4th6A6GMu,1.7660496097450935,5.15658884757131,2.617453530084734
876000,ZpMwnb9dWc2wJ8U8sM/xDN9n60fgii57F35vNtiUDPISjbJWDQ6wACH4th6A6GMu,1.802526389488596,2.6429173575927014,2.2169827612932917
876300,ZpMwnb9dWc2wJ8U8sM/xDN9n60fgii57F35vNtiUDPISjbJWDQ6wACH4th6A6GMu,1.6767663039237763,4.976519304049719,2.566375841106018
876600,ZpMwnb9dWc2wJ8U8sM/xDN9n60fgii57F35vNtiUDPISjbJWDQ6wACH4th6A6GMu,1.82505093473264,2.711928070254876,2.298169605589476
876900,ZpMwnb9dWc2wJ8U8sM/xDN9n60fgii57F35vNtiUDPISjbJWDQ6wACH4th6A6GMu,1.6511466549078455,4.944749374464659,2.486498016360181
877200,ZpMwnb9dWc2wJ8U8sM/xDN9n60fgii57F35vNtiUDPISjbJWDQ6wACH4th6A6GMu,1.7639011689348063,2.582567775607409,2.236315909783467
877500,ZpMwnb9dWc2wJ8U8sM/xDN9n60fgii57F35vNtiUDPISjbJWDQ6wACH4th6A6GMu,1.78817818929191,4.903165180675755,2.4467299915501592
877800,ZpMwnb9dWc2wJ8U8sM/xDN9n60fgii57F35vNtiUDPISjbJWDQ6wACH4th6A6GMu,1.8295377676974147,6.517692719106464,4.283537288944082
878100,ZpMwnb9dWc2wJ8U8sM/xDN9n60fgii57F35vNtiUDPISjbJWDQ6wACH4th6A6GMu,1.8090553267864768,4.945659105208883,2.5737288665097053
878400,ZpMwnb9dWc2wJ8U8sM/xDN9n60fgii57F35vNtiUDPISjbJWDQ6wACH4th6A6GMu,1.564582244427717,2.506855265857544,2.159598369372058
878700,ZpMwnb9dWc2wJ8U8sM/xDN9n60fgii57F35vNtiUDPISjbJWDQ6wACH4th6A6GMu,1.6298433346750432,4.66502942144558,2.447738590006765
879000,ZpMwnb9dWc2wJ8U8sM/xDN9n60fgii57F35vNtiUDPISjbJWDQ6wACH4th6A6GMu,1.6291205889772375,2.7080326691369248,2.2502079566120847
879300,ZpMwnb9dWc2wJ8U8sM/xDN9n60fgii57F35vNtiUDPISjbJWDQ6wACH4th6A6GMu,1.6424353414899675,6.29124518034054,2.8199691508577613
879600,ZpMwnb9dWc2wJ8U8sM/xDN9n60fgii57F35vNtiUDPISjbJWDQ6wACH4th6A6GMu,1.6241651379780615,2.9670101579185744,2.2023324985253354
879900,ZpMwnb9dWc2wJ8U8sM/xDN9n60fgii57F35vNtiUDPISjbJWDQ6wACH4th6A6GMu,1.7562586078135205,4.055116235309918,2.5380044288039803
880200,ZpMwnb9dWc2wJ8U8sM/xDN9n60fgii57F35vNtiUDPISjbJWDQ6wACH4th6A6GMu,1.644256272669952,3.709305594133239,2.3234859061238806
880500,ZpMwnb9dWc2wJ8U8sM/xDN9n60fgii57F35vNtiUDPISjbJWDQ6wACH4th6A6GMu,1.669162035525549,4.578330745183881,2.5008785453906883
880800,ZpMwnb9dWc2wJ8U8sM/xDN9n60fgii57F35vNtiUDPISjbJWDQ6wACH4th6A6GMu,1.7189513027149714,2.9922036937634227,2.2523363248409125
881100,ZpMwnb9dWc2wJ8U8sM/xDN9n60fgii57F35vNtiUDPISjbJWDQ6wACH4th6A6GMu,1.6257259084333016,4.262790674475806,2.5013077445524856
881400,ZpMwnb9dWc2wJ8U8sM/xDN9n60fgii57F35vNtiUDPISjbJWDQ6wACH4th6A6GMu,1.7729353904663971,6.244441929601456,2.9562338823923917
881700,ZpMwnb9dWc2wJ8U8sM/xDN9n60fgii57F35vNtiUDPISjbJWDQ6wACH4th6A6GMu,1.8780432626263253,6.389161552490813,3.996305941019576
882000,ZpMwnb9dWc2wJ8U8sM/xDN9n60fgii57F35vNtiUDPISjbJWDQ6wACH4th6A6GMu,1.7726468387701004,2.8731619223928324,2.243075216932191
882300,ZpMwnb9dWc2wJ8U8sM/xDN9n60fgii57F35vNtiUDPISjbJWDQ6wACH4th6A6GMu,1.6304482801972435,4.288735247693928,2.4666131574124006
882600,ZpMwnb9dWc2wJ8U8sM/xDN9n60fgii57F35vNtiUDPISjbJWDQ6wACH4th6A6GMu,1.781029585906032,2.9430848227256634,2.2488716442375565
882900,ZpMwnb9dWc2wJ8U8sM/xDN9n60fgii57F35vNtiUDPISjbJWDQ6wACH4th6A6GMu,1.7798367584628283,4.872050798940733,2.83940999326283
883200,ZpMwnb9dWc2wJ8U8sM/xDN9n60fgii57F35vNtiUDPISjbJWDQ6wACH4th6A6GMu,1.6329829764692698,2.8879331163442417,2.1879069468714576
883500,ZpMwnb9dWc2wJ8U8sM/xDN9n60fgii57F35vNtiUDPISjbJWDQ6wACH4th6A6GMu,1.6975764898205632,4.508396824106168,2.559712093374868
883800,ZpMwnb9dWc2wJ8U8sM/xDN9n60fgii57F35vNtiUDPISjbJWDQ6wACH4th6A6GMu,1.628379354278118,3.0286047556116937,2.2223898343629656
884100,ZpMwnb9dWc2wJ8U8sM/xDN9n60fgii57F35vNtiUDPISjbJWDQ6wACH4th6A6GMu,1.6494502222511096,4.335875742936044,2.468199154808912
884400,ZpMwnb9dWc2wJ8U8sM/xDN9n60fgii57F35vNtiUDPISjbJWDQ6wACH4th6A6GMu,1.7680082686571603,2.9135269183881403,2.2732582252488176
884700,ZpMwnb9dWc2wJ8U8sM/xDN9n60fgii57F35vNtiUDPISjbJWDQ6wACH4th6A6GMu,1.6196731586440185,5.693916322979848,2.496397409221807
885000,ZpMwnb9dWc2wJ8U8sM/xDN9n60fgii57F35vNtiUDPISjbJWDQ6wACH4th6A6GMu,1.816517931994,2.9038021196584,2.211261600252167
885300,ZpMwnb9dWc2wJ8U8sM/xDN9n60fgii57F35vNtiUDPISjbJWDQ6wACH4th6A6GMu,1.925827761404634,8.473507948836366,4.6814792396192
885600,ZpMwnb9dWc2wJ8U8sM/xDN9n60fgii57F35vNtiUDPISjbJWDQ6wACH4th6A6GMu,1.6069621251262236,2.882719126222369,2.22337144701836
885900,ZpMwnb9dWc2wJ8U8sM/xDN9n60fgii57F35vNtiUDPISjbJWDQ6wACH4th6A6GMu,1.5983952973151292,5.71572960542739,2.495047685137725
886200,ZpMwnb9dWc2wJ8U8sM/xDN9n60fgii57F35vNtiUDPISjbJWDQ6wACH4th6A6GMu,1.7139686593046477,2.7897356734050467,2.2491843675752663
886500,ZpMwnb9dWc2wJ8U8sM/xDN9n60fgii57F35vNtiUDPISjbJWDQ6wACH4th6A6GMu,1.6352751748420034,6.080746755159775,3.1416508725369807
886800,ZpMwnb9dWc2wJ8U8sM/xDN9n60fgii57F35vNtiUDPISjbJWDQ6wACH4th6A6GMu,2.000313415949437,6.3130771529466925,2.862638909849791
887100,ZpMwnb9dWc2wJ8U8sM/xDN9n60fgii57F35vNtiUDPISjbJWDQ6wACH4th6A6GMu,1.9202138751100375,24.276375456304983,6.2537177518636735
887400,ZpMwnb9dWc2wJ8U8sM/xDN9n60fgii57F35vNtiUDPISjbJWDQ6wACH4th6A6GMu,1.588313245028664,3.332518689697889,2.2955313874467143
887700,ZpMwnb9dWc2wJ8U8sM/xDN9n60fgii57F35vNtiUDPISjbJWDQ6wACH4th6A6GMu,1.6472023650810952,4.889232592360983,2.623680315526737
888000,ZpMwnb9dWc2wJ8U8sM/xDN9n60fgii57F35vNtiUDPISjbJWDQ6wACH4th6A6GMu,1.6471765668848974,3.3609381957821887,2.462801716032799
888300,ZpMwnb9dWc2wJ8U8sM/xDN9n60fgii57F35vNtiUDPISjbJWDQ6wACH4th6A6GMu,1.6068700402555771,5.109689861379402,2.5082888114411324
888600,ZpMwnb9dWc2wJ8U8sM/xDN9n60fgii57F35vNtiUDPISjbJWDQ6wACH4th6A6GMu,1.953399153540332,3.117955588350089,2.3652084802527726
888900,ZpMwnb9dWc2wJ8U8sM/xDN9n60fgii57F35vNtiUDPISjbJWDQ6wACH4th6A6GMu,1.900204141636744,6.718123507882586,3.1770970495820703
889200,ZpMwnb9dWc2wJ8U8sM/xDN9n60fgii57F35vNtiUDPISjbJWDQ6wACH4th6A6GMu,1.9397088328444632,8.549881641072284,4.5091560052802455
889500,ZpMwnb9dWc2wJ8U8sM/xDN9n60fgii57F35vNtiUDPISjbJWDQ6wACH4th6A6GMu,1.937640047416475,14.41257959609606,4.05818171342742
889800,ZpMwnb9dWc2wJ8U8sM/xDN9n60fgii57F35vNtiUDPISjbJWDQ6wACH4th6A6GMu,2.124690067419568,49.450167683153154,11.292874740563706
890100,ZpMwnb9dWc2wJ8U8sM/xDN9n60fgii57F35vNtiUDPISjbJWDQ6wACH4th6A6GMu,1.780594234225752,4.812402569373212,2.917866498800614
890400,ZpMwnb9dWc2wJ8U8sM/xDN9n60fgii57F35vNtiUDPISjbJWDQ6wACH4th6A6GMu,1.8361739193961537,2.625424451884109,2.284621593393862
890700,ZpMwnb9dWc2wJ8U8sM/xDN9n60fgii57F35vNtiUDPISjbJWDQ6wACH4th6A6GMu,1.8679322813282309,5.098535525312147,2.643145911223925
891000,ZpMwnb9dWc2wJ8U8sM/xDN9n60fgii57F35vNtiUDPISjbJWDQ6wACH4th6A6GMu,1.9363252279070429,2.4675365589954605,2.2401798982830328
891300,ZpMwnb9dWc2wJ8U8sM/xDN9n60fgii57F35vNtiUDPISjbJWDQ6wACH4th6A6GMu,1.7716488346168562,4.787029869861189,2.479655697502379
891600,ZpMwnb9dWc2wJ8U8sM/xDN9n60fgii57F35vNtiUDPISjbJWDQ6wACH4th6A6GMu,1.850459846702165,2.6112406544041757,2.238251314973992
891900,ZpMwnb9dWc2wJ8U8sM/xDN9n60fgii57F35vNtiUDPISjbJWDQ6wACH4th6A6GMu,1.7642985482709772,4.979373609807149,2.447209485504308
892200,ZpMwnb9dWc2wJ8U8sM/xDN9n60fgii57F35vNtiUDPISjbJWDQ6wACH4th6A6GMu,1.7794630171619454,2.466478522502316,2.163980409218972
892500,ZpMwnb9dWc2wJ8U8sM/xDN9n60fgii57F35vNtiUDPISjbJWDQ6wACH4th6A6GMu,1.8493499925125465,4.972063697042746,2.660189126244956
892800,ZpMwnb9dWc2wJ8U8sM/xDN9n60fgii57F35vNtiUDPISjbJWDQ6wACH4th6A6GMu,2.1929552060235262,6.137099606300264,3.9718703574466887
893100,ZpMwnb9dWc2wJ8U8sM/xDN9n60fgii57F35vNtiUDPISjbJWDQ6wACH4th6A6GMu,1.909351769701584,5.746052307853598,4.064481351831499
893400,ZpMwnb9dWc2wJ8U8sM/xDN9n60fgii57F35vNtiUDPISjbJWDQ6wACH4th6A6GMu,1.8747351417621847,2.7600218202018763,2.272819594175504
893700,ZpMwnb9dWc2wJ8U8sM/xDN9n60fgii57F35vNtiUDPISjbJWDQ6wACH4th6A6GMu,1.890698009543576,5.4451019210988845,2.870045649201201
894000,ZpMwnb9dWc2wJ8U8sM/xDN9n60fgii57F35vNtiUDPISjbJWDQ6wACH4th6A6GMu,1.817783462735906,8.208182317106056,4.201078089176881
894300,ZpMwnb9dWc2wJ8U8sM/xDN9n60fgii57F35vNtiUDPISjbJWDQ6wACH4th6A6GMu,7.680173918558937,10.937045133072656,8.698316923774302
894600,ZpMwnb9dWc2wJ8U8sM/xDN9n60fgii57F35vNtiUDPISjbJWDQ6wACH4th6A6GMu,1.9671520188202496,4.522894769174818,2.4864572724970406
894900,ZpMwnb9dWc2wJ8U8sM/xDN9n60fgii57F35vNtiUDPISjbJWDQ6wACH4th6A6GMu,1.835873317354082,4.883091368817282,2.522978451872997
895200,ZpMwnb9dWc2wJ8U8sM/xDN9n60fgii57F35vNtiUDPISjbJWDQ6wACH4th6A6GMu,1.8893350733804055,2.91051732902715,2.2765673792002454
895500,ZpMwnb9dWc2wJ8U8sM/xDN9n60fgii57F35vNtiUDPISjbJWDQ6wACH4th6A6GMu,1.8288592990927544,5.203402003504372,2.4877544218571335
895800,ZpMwnb9dWc2wJ8U8sM/xDN9n60fgii57F35vNtiUDPISjbJWDQ6wACH4th6A6GMu,1.9510629800262893,2.7820874534916253,2.2376632458512207
896100,ZpMwnb9dWc2wJ8U8sM/xDN9n60fgii57F35vNtiUDPISjbJWDQ6wACH4th6A6GMu,1.9249055176091567,5.765994292265956,2.624515180907526
896400,ZpMwnb9dWc2wJ8U8sM/xDN9n60fgii57F35vNtiUDPISjbJWDQ6wACH4th6A6GMu,1.9317551508566504,2.507891641407179,2.2059234426357124
896700,ZpMwnb9dWc2wJ8U8sM/xDN9n60fgii57F35vNtiUDPISjbJWDQ6wACH4th6A6GMu,2.091321796826768,8.508417333009447,4.574008298595056
897000,ZpMwnb9dWc2wJ8U8sM/xDN9n60fgii57F35vNtiUDPISjbJWDQ6wACH4th6A6GMu,1.927234550767704,6.298345828311386,2.7782941837054365
897300,ZpMwnb9dWc2wJ8U8sM/xDN9n60fgii57F35vNtiUDPISjbJWDQ6wACH4th6A6GMu,1.809919807765024,5.578369311815373,2.871603015639143
897600,ZpMwnb9dWc2wJ8U8sM/xDN9n60fgii57F35vNtiUDPISjbJWDQ6wACH4th6A6GMu,1.7965017948955868,2.419782813507336,2.177181324390101
897900,ZpMwnb9dWc2wJ8U8sM/xDN9n60fgii57F35vNtiUDPISjbJWDQ6wACH4th6A6GMu,1.892886829274664,4.951754126290956,2.60407795372992
898200,ZpMwnb9dWc2wJ8U8sM/xDN9n60fgii57F35vNtiUDPISjbJWDQ6wACH4th6A6GMu,1.98307999071544,2.629822362521125,2.2507969326193544
898500,ZpMwnb9dWc2wJ8U8sM/xDN9n60fgii57F35vNtiUDPISjbJWDQ6wACH4th6A6GMu,1.8256187377723336,5.002176053891097,2.46171541883747
898800,ZpMwnb9dWc2wJ8U8sM/xDN9n60fgii57F35vNtiUDPISjbJWDQ6wACH4th6A6GMu,1.8875168606792931,2.763463223029032,2.273841915291957
899100,ZpMwnb9dWc2wJ8U8sM/xDN9n60fgii57F35vNtiUDPISjbJWDQ6wACH4th6A6GMu,1.7998358192718196,5.1475077158681435,2.476560157057357
899400,ZpMwnb9dWc2wJ8U8sM/xDN9n60fgii57F35vNtiUDPISjbJWDQ6wACH4th6A6GMu,1.867646574217933,2.497612337519264,2.2233388634584346
899700,ZpMwnb9dWc2wJ8U8sM/xDN9n60fgii57F35vNtiUDPISjbJWDQ6wACH4th6A6GMu,1.9006226827550687,5.788133164561246,2.6293086982539133
900000,ZpMwnb9dWc2wJ8U8sM/xDN9n60fgii57F35vNtiUDPISjbJWDQ6wACH4th6A6GMu,1.8811870981249177,2.5004915291837047,2.22734879702903
900300,ZpMwnb9dWc2wJ8U8sM/xDN9n60fgii57F35vNtiUDPISjbJWDQ6wACH4th6A6GMu,1.954216209475812,4.997840901773592,2.5138078660525784
900600,ZpMwnb9dWc2wJ8U8sM/xDN9n60fgii57F35vNtiUDPISjbJWDQ6wACH4th6A6GMu,1.941049244908674,6.194016332963411,4.416786397001424
900900,ZpMwnb9dWc2wJ8U8sM/xDN9n60fgii57F35vNtiUDPISjbJWDQ6wACH4th6A6GMu,1.7986547218627051,5.024919817445525,2.8635953393327256
901200,ZpMwnb9dWc2wJ8U8sM/xDN9n60fgii57F35vNtiUDPISjbJWDQ6wACH4th6A6GMu,1.8178168935350292,2.5968572873046374,2.18359381403049
901500,ZpMwnb9dWc2wJ8U8sM/xDN9n60fgii57F35vNtiUDPISjbJWDQ6wACH4th6A6GMu,1.8852189299017976,5.745734107692,2.5522473613780923
901800,ZpMwnb9dWc2wJ8U8sM/xDN9n60fgii57F35vNtiUDPISjbJWDQ6wACH4th6A6GMu,1.8182998191064657,2.9039217166043763,2.2949624747431274
902100,ZpMwnb9dWc2wJ8U8sM/xDN9n60fgii57F35vNtiUDPISjbJWDQ6wACH4th6A6GMu,1.8721363470881915,4.8033857292971485,2.421476476305892
902400,ZpMwnb9dWc2wJ8U8sM/xDN9n60fgii57F35vNtiUDPISjbJWDQ6wACH4th6A6GMu,1.893836160637135,2.81734848352636,2.337731438938888
902700,ZpMwnb9dWc2wJ8U8sM/xDN9n60fgii57F35vNtiUDPISjbJWDQ6wACH4th6A6GMu,1.8588029029264952,2.8104070345150323,2.2652946714998468
903000,ZpMwnb9dWc2wJ8U8sM/xDN9n60fgii57F35vNtiUDPISjbJWDQ6wACH4th6A6GMu,2.1424226786716005,9.154715696399446,3.248668984251363
903300,ZpMwnb9dWc2wJ8U8sM/xDN9n60fgii57F35vNtiUDPISjbJWDQ6wACH4th6A6GMu,1.8918365751324648,3.2649486322485046,2.394608719672401
903600,ZpMwnb9dWc2wJ8U8sM/xDN9n60fgii57F35vNtiUDPISjbJWDQ6wACH4th6A6GMu,1.9928413902112925,4.899587461874876,2.4869305852475474
903900,ZpMwnb9dWc2wJ8U8sM/xDN9n60fgii57F35vNtiUDPISjbJWDQ6wACH4th6A6GMu,1.832905300373374,2.7266888551178026,2.197698042027915
904200,ZpMwnb9dWc2wJ8U8sM/xDN9n60fgii57F35vNtiUDPISjbJWDQ6wACH4th6A6GMu,2.059414966366739,6.098503794180549,3.730209354906457
904500,ZpMwnb9dWc2wJ8U8sM/xDN9n60fgii57F35vNtiUDPISjbJWDQ6wACH4th6A6GMu,1.7971675077572853,6.3661892005260405,3.9475571538805
904800,ZpMwnb9dWc2wJ8U8sM/xDN9n60fgii57F35vNtiUDPISjbJWDQ6wACH4th6A6GMu,1.8243997687368043,4.85279667622427,2.453477008950398
905100,ZpMwnb9dWc2wJ8U8sM/xDN9n60fgii57F35vNtiUDPISjbJWDQ6wACH4th6A6GMu,1.8420491202769624,3.1669618378100615,2.319540638479283
905400,ZpMwnb9dWc2wJ8U8sM/xDN9n60fgii57F35vNtiUDPISjbJWDQ6wACH4th6A6GMu,1.8292031451998705,5.125806608711935,2.493843353416835
905700,ZpMwnb9dWc2wJ8U8sM/xDN9n60fgii57F35vNtiUDPISjbJWDQ6wACH4th6A6GMu,1.782184678097772,2.60307607219004,2.2220136063911107
906000,ZpMwnb9dWc2wJ8U8sM/xDN9n60fgii57F35vNtiUDPISjbJWDQ6wACH4th6A6GMu,1.7734595119193426,4.813365849644696,2.4954228319541216
906300,ZpMwnb9dWc2wJ8U8sM/xDN9n60fgii57F35vNtiUDPISjbJWDQ6wACH4th6A6GMu,1.7636883655357487,2.766780727682426,2.2027038609534286
906600,ZpMwnb9dWc2wJ8U8sM/xDN9n60fgii57F35vNtiUDPISjbJWDQ6wACH4th6A6GMu,1.8792849598875807,4.636341398504221,2.446502749873879
906900,ZpMwnb9dWc2wJ8U8sM/xDN9n60fgii57F35vNtiUDPISjbJWDQ6wACH4th6A6GMu,1.8307769526929996,3.3578891167874008,2.356775429793045
907200,ZpMwnb9dWc2wJ8U8sM/xDN9n60fgii57F35vNtiUDPISjbJWDQ6wACH4th6A6GMu,1.7927825508306376,4.952751802714204,2.4929309243183293
907500,ZpMwnb9dWc2wJ8U8sM/xDN9n60fgii57F35vNtiUDPISjbJWDQ6wACH4th6A6GMu,1.8148843139154225,2.7455108122714464,2.261396716747575
907800,ZpMwnb9dWc2wJ8U8sM/xDN9n60fgii57F35vNtiUDPISjbJWDQ6wACH4th6A6GMu,1.7818559274628083,5.088830922612062,2.5407617050377973
908100,ZpMwnb9dWc2wJ8U8sM/xDN9n60fgii57F35vNtiUDPISjbJWDQ6wACH4th6A6GMu,2.2381285160645055,7.67958596469615,4.852015931995267
908400,ZpMwnb9dWc2wJ8U8sM/xDN9n60fgii57F35vNtiUDPISjbJWDQ6wACH4th6A6GMu,1.88461934670452,8.48636534488725,3.82381054418366
908700,ZpMwnb9dWc2wJ8U8sM/xDN9n60fgii57F35vNtiUDPISjbJWDQ6wACH4th6A6GMu,1.8403025319850868,3.2246487460981963,2.326191550437595
909000,ZpMwnb9dWc2wJ8U8sM/xDN9n60fgii57F35vNtiUDPISjbJWDQ6wACH4th6A6GMu,1.7769729676033474,4.980882915544563,2.520382718970624
909300,ZpMwnb9dWc2wJ8U8sM/xDN9n60fgii57F35vNtiUDPISjbJWDQ6wACH4th6A6GMu,1.858465170634007,2.581957280656068,2.2139090228902125
909600,ZpMwnb9dWc2wJ8U8sM/xDN9n60fgii57F35vNtiUDPISjbJWDQ6wACH4th6A6GMu,1.811821475085452,4.965587854320856,2.563611350318925
909900,ZpMwnb9dWc2wJ8U8sM/xDN9n60fgii57F35vNtiUDPISjbJWDQ6wACH4th6A6GMu,1.8340984621404492,2.584900296574392,2.2391313824370243
910200,ZpMwnb9dWc2wJ8U8sM/xDN9n60fgii57F35vNtiUDPISjbJWDQ6wACH4th6A6GMu,2.0078162471435537,5.203182727643942,2.5132257478883195
910500,ZpMwnb9dWc2wJ8U8sM/xDN9n60fgii57F35vNtiUDPISjbJWDQ6wACH4th6A6GMu,1.9073444318516,2.8883096273591957,2.3994885733778126
910800,ZpMwnb9dWc2wJ8U8sM/xDN9n60fgii57F35vNtiUDPISjbJWDQ6wACH4th6A6GMu,1.7634564605443923,4.874748824803136,2.500686979247043
911100,ZpMwnb9dWc2wJ8U8sM/xDN9n60fgii57F35vNtiUDPISjbJWDQ6wACH4th6A6GMu,1.7782918504961636,2.4326518745687986,2.195053435390942
911400,ZpMwnb9dWc2wJ8U8sM/xDN9n60fgii57F35vNtiUDPISjbJWDQ6wACH4th6A6GMu,1.795021969482795,4.7973546143900805,2.505699103085327
911700,ZpMwnb9dWc2wJ8U8sM/xDN9n60fgii57F35vNtiUDPISjbJWDQ6wACH4th6A6GMu,1.7848908032718414,5.200414989967028,2.55467713165438
912000,ZpMwnb9dWc2wJ8U8sM/xDN9n60fgii57F35vNtiUDPISjbJWDQ6wACH4th6A6GMu,2.477009245855382,6.092789123980276,4.7533275761473535
912300,ZpMwnb9dWc2wJ8U8sM/xDN9n60fgii57F35vNtiUDPISjbJWDQ6wACH4th6A6GMu,1.939630294060216,5.990070062893912,3.094492102221268
912600,ZpMwnb9dWc2wJ8U8sM/xDN9n60fgii57F35vNtiUDPISjbJWDQ6wACH4th6A6GMu,1.8205160398973317,5.3026935326039535,2.4808548640938213
912900,ZpMwnb9dWc2wJ8U8sM/xDN9n60fgii57F35vNtiUDPISjbJWDQ6wACH4th6A6GMu,1.7990810140608822,2.676169272921491,2.258267986252149
913200,ZpMwnb9dWc2wJ8U8sM/xDN9n60fgii57F35vNtiUDPISjbJWDQ6wACH4th6A6GMu,1.8137334941344547,5.299293481408964,2.4967963331580587
913500,ZpMwnb9dWc2wJ8U8sM/xDN9n60fgii57F35vNtiUDPISjbJWDQ6wACH4th6A6GMu,1.799030006219158,2.702265684238412,2.266932712219947
913800,ZpMwnb9dWc2wJ8U8sM/xDN9n60fgii57F35vNtiUDPISjbJWDQ6wACH4th6A6GMu,1.7860462529786547,5.12230240022918,2.459182279313612
914100,ZpMwnb9dWc2wJ8U8sM/xDN9n60fgii57F35vNtiUDPISjbJWDQ6wACH4th6A6GMu,2.4244120161084384,6.402435648734657,3.4549368039612407
914400,ZpMwnb9dWc2wJ8U8sM/xDN9n60fgii57F35vNtiUDPISjbJWDQ6wACH4th6A6GMu,1.81832799274872,5.118767113221472,2.616046567518624
914700,ZpMwnb9dWc2wJ8U8sM/xDN9n60fgii57F35vNtiUDPISjbJWDQ6wACH4th6A6GMu,1.817251050687108,2.578438520883126,2.2390653939338048
915000,ZpMwnb9dWc2wJ8U8sM/xDN9n60fgii57F35vNtiUDPISjbJWDQ6wACH4th6A6GMu,1.8121496023313,5.660002287436777,2.581067184541854
915300,ZpMwnb9dWc2wJ8U8sM/xDN9n60fgii57F35vNtiUDPISjbJWDQ6wACH4th6A6GMu,1.7560873447932757,6.127240921041294,2.613407809497089
915600,ZpMwnb9dWc2wJ8U8sM/xDN9n60fgii57F35vNtiUDPISjbJWDQ6wACH4th6A6GMu,1.9877940360626365,12.832611158058818,3.974000886703229
915900,ZpMwnb9dWc2wJ8U8sM/xDN9n60fgii57F35vNtiUDPISjbJWDQ6wACH4th6A6GMu,2.0720463630930963,6.073162714972497,5.093332594489356
916200,ZpMwnb9dWc2wJ8U8sM/xDN9n60fgii57F35vNtiUDPISjbJWDQ6wACH4th6A6GMu,1.8425416879031935,8.292570903553075,4.188584393400837
916500,ZpMwnb9dWc2wJ8U8sM/xDN9n60fgii57F35vNtiUDPISjbJWDQ6wACH4th6A6GMu,1.8080737512763163,2.6165886910126854,2.2300961765957377
916800,ZpMwnb9dWc2wJ8U8sM/xDN9n60fgii57F35vNtiUDPISjbJWDQ6wACH4th6A6GMu,2.064993779256667,4.284452161139277,2.702347900669664
917100,ZpMwnb9dWc2wJ8U8sM/xDN9n60fgii57F35vNtiUDPISjbJWDQ6wACH4th6A6GMu,1.8183144883211113,2.899229240504568,2.264600214214368
917400,ZpMwnb9dWc2wJ8U8sM/xDN9n60fgii57F35vNtiUDPISjbJWDQ6wACH4th6A6GMu,1.8170442552197053,4.72590424462144,2.5730268863519656
917700,ZpMwnb9dWc2wJ8U8sM/xDN9n60fgii57F35vNtiUDPISjbJWDQ6wACH4th6A6GMu,1.9142802793802796,2.755752747134323,2.3904593944108097
918000,ZpMwnb9dWc2wJ8U8sM/xDN9n60fgii57F35vNtiUDPISjbJWDQ6wACH4th6A6GMu,1.8930318389700111,4.732749516904384,2.5089697698765985
918300,ZpMwnb9dWc2wJ8U8sM/xDN9n60fgii57F35vNtiUDPISjbJWDQ6wACH4th6A6GMu,1.9787235637437937,2.586615143541504,2.2366664106915226
918600,ZpMwnb9dWc2wJ8U8sM/xDN9n60fgii57F35vNtiUDPISjbJWDQ6wACH4th6A6GMu,2.0587426238652764,50.86913134640771,11.795879807514408
918900,ZpMwnb9dWc2wJ8U8sM/xDN9n60fgii57F35vNtiUDPISjbJWDQ6wACH4th6A6GMu,2.0742551733527685,6.0756661838444685,2.8519790398574
919200,ZpMwnb9dWc2wJ8U8sM/xDN9n60fgii57F35vNtiUDPISjbJWDQ6wACH4th6A6GMu,1.8373499444038703,4.805696718925424,2.5376087600702815
919500,ZpMwnb9dWc2wJ8U8sM/xDN9n60fgii57F35vNtiUDPISjbJWDQ6wACH4th6A6GMu,1.982520999334648,2.7721766300379693,2.317480818995669
919800,ZpMwnb9dWc2wJ8U8sM/xDN9n60fgii57F35vNtiUDPISjbJWDQ6wACH4th6A6GMu,2.2415469463359843,6.31737650507813,4.522144024093089
920100,ZpMwnb9dWc2wJ8U8sM/xDN9n60fgii57F35vNtiUDPISjbJWDQ6wACH4th6A6GMu,1.9446802681148627,3.560382607093006,2.4282800010999734
920400,Vk6Ir3hBspHY/ypz/UGauDFZ2jdm88wT5e8AkhsWFpxNFkV/FORfW7XC+sp8hhHd,1.3505666422920608,2.8344400929829345,1.6683454779967086
920700,Vk6Ir3hBspHY/ypz/UGauDFZ2jdm88wT5e8AkhsWFpxNFkV/FORfW7XC+sp8hhHd,1.317706030816436,1.816460595097352,1.525114808353316
921000,Vk6Ir3hBspHY/ypz/UGauDFZ2jdm88wT5e8AkhsWFpxNFkV/FORfW7XC+sp8hhHd,1.346531625722847,6.962584218780307,3.3168775463518023
921300,Vk6Ir3hBspHY/ypz/UGauDFZ2jdm88wT5e8AkhsWFpxNFkV/FORfW7XC+sp8hhHd,1.3527401261540848,5.176038424664272,1.969089153374897
921600,Vk6Ir3hBspHY/ypz/UGauDFZ2jdm88wT5e8AkhsWFpxNFkV/FORfW7XC+sp8hhHd,1.3608606817200024,3.412449951870644,1.7009758011190237
921900,Vk6Ir3hBspHY/ypz/UGauDFZ2jdm88wT5e8AkhsWFpxNFkV/FORfW7XC+sp8hhHd,1.3453624746378847,1.6444454080314612,1.5049506690848444
922200,Vk6Ir3hBspHY/ypz/UGauDFZ2jdm88wT5e8AkhsWFpxNFkV/FORfW7XC+sp8hhHd,1.352630164052888,4.275685603923889,1.7953777810757747
922500,Vk6Ir3hBspHY/ypz/UGauDFZ2jdm88wT5e8AkhsWFpxNFkV/FORfW7XC+sp8hhHd,1.2859918015264935,1.6588146151789822,1.5217128441933052
922800,Vk6Ir3hBspHY/ypz/UGauDFZ2jdm88wT5e8AkhsWFpxNFkV/FORfW7XC+sp8hhHd,1.324707782271688,18.995625624554343,3.2839519874150795
923100,Vk6Ir3hBspHY/ypz/UGauDFZ2jdm88wT5e8AkhsWFpxNFkV/FORfW7XC+sp8hhHd,1.3121922126797767,1.7770246585857223,1.5095940640473988
923400,Vk6Ir3hBspHY/ypz/UGauDFZ2jdm88wT5e8AkhsWFpxNFkV/FORfW7XC+sp8hhHd,1.3144013309127534,3.1552499919454764,1.7035042384051604
923700,Vk6Ir3hBspHY/ypz/UGauDFZ2jdm88wT5e8AkhsWFpxNFkV/FORfW7XC+sp8hhHd,1.2676396261352214,1.9088561624458067,1.5590596057375097
924000,Vk6Ir3hBspHY/ypz/UGauDFZ2jdm88wT5e8AkhsWFpxNFkV/FORfW7XC+sp8hhHd,1.3231067025378318,3.0513121448416083,1.7616462520409348
924300,Vk6Ir3hBspHY/ypz/UGauDFZ2jdm88wT5e8AkhsWFpxNFkV/FORfW7XC+sp8hhHd,1.2695565603622463,2.255658535797844,1.7029756343514355
924600,Vk6Ir3hBspHY/ypz/UGauDFZ2jdm88wT5e8AkhsWFpxNFkV/FORfW7XC+sp8hhHd,1.3931554674147657,11.379136392261868,2.756892100141516
924900,Vk6Ir3hBspHY/ypz/UGauDFZ2jdm88wT5e8AkhsWFpxNFkV/FORfW7XC+sp8hhHd,1.9331393367637373,80.45404156696306,49.76874799206495
925200,Vk6Ir3hBspHY/ypz/UGauDFZ2jdm88wT5e8AkhsWFpxNFkV/FORfW7XC+sp8hhHd,54.79192424775378,93.80506115179753,74.65608975624694
925500,Vk6Ir3hBspHY/ypz/UGauDFZ2jdm88wT5e8AkhsWFpxNFkV/FORfW7XC+sp8hhHd,35.044886255950374,98.49415521256785,78.2130022930435
925800,Vk6Ir3hBspHY/ypz/UGauDFZ2jdm88wT5e8AkhsWFpxNFkV/FORfW7XC+sp8hhHd,29.845491508280375,75.04652527876404,51.967257192824086
926100,Vk6Ir3hBspHY/ypz/UGauDFZ2jdm88wT5e8AkhsWFpxNFkV/FORfW7XC+sp8hhHd,1.4920694053607195,68.17739728950797,10.206232881991474
926400,Vk6Ir3hBspHY/ypz/UGauDFZ2jdm88wT5e8AkhsWFpxNFkV/FORfW7XC+sp8hhHd,1.4295349903384833,3.448917588887343,1.8743162370027615
926700,Vk6Ir3hBspHY/ypz/UGauDFZ2jdm88wT5e8AkhsWFpxNFkV/FORfW7XC+sp8hhHd,1.2690025163488905,2.3265817079767768,1.7667437513343671
927000,Vk6Ir3hBspHY/ypz/UGauDFZ2jdm88wT5e8AkhsWFpxNFkV/FORfW7XC+sp8hhHd,1.4028877616680853,1.84021504529431,1.605969124113508
927300,Vk6Ir3hBspHY/ypz/UGauDFZ2jdm88wT5e8AkhsWFpxNFkV/FORfW7XC+sp8hhHd,1.472337578987011,10.606187383119414,2.211496973063797
927600,Vk6Ir3hBspHY/ypz/UGauDFZ2jdm88wT5e8AkhsWFpxNFkV/FORfW7XC+sp8hhHd,1.3541921067336522,2.815594217310873,1.6833144444416417
927900,Vk6Ir3hBspHY/ypz/UGauDFZ2jdm88wT5e8AkhsWFpxNFkV/FORfW7XC+sp8hhHd,1.3281138260159755,2.1740256190487446,1.6073860869480352
928200,Vk6Ir3hBspHY/ypz/UGauDFZ2jdm88wT5e8AkhsWFpxNFkV/FORfW7XC+sp8hhHd,1.2522578371953623,2.958143257069876,1.6474324364073154
928500,Vk6Ir3hBspHY/ypz/UGauDFZ2jdm88wT5e8AkhsWFpxNFkV/FORfW7XC+sp8hhHd,1.313328954525684,6.62103907993015,2.647537504852517
928800,Vk6Ir3hBspHY/ypz/UGauDFZ2jdm88wT5e8AkhsWFpxNFkV/FORfW7XC+sp8hhHd,1.3308191338990325,6.739712891345709,2.6702411372437918
929100,Vk6Ir3hBspHY/ypz/UGauDFZ2jdm88wT5e8AkhsWFpxNFkV/FORfW7XC+sp8hhHd,1.3084972029324846,1.8804769344379784,1.5217923590933489
929400,Vk6Ir3hBspHY/ypz/UGauDFZ2jdm88wT5e8AkhsWFpxNFkV/FORfW7XC+sp8hhHd,1.3500007877879,3.217218047109862,1.7025633387367596
929700,Vk6Ir3hBspHY/ypz/UGauDFZ2jdm88wT5e8AkhsWFpxNFkV/FORfW7XC+sp8hhHd,1.340203110098544,1.8285719941355851,1.523820136743372
930000,Vk6Ir3hBspHY/ypz/UGauDFZ2jdm88wT5e8AkhsWFpxNFkV/FORfW7XC+sp8hhHd,1.3007334821733814,7.881421102688627,3.4298046408739444
930300,Vk6Ir3hBspHY/ypz/UGauDFZ2jdm88wT5e8AkhsWFpxNFkV/FORfW7XC+sp8hhHd,1.449532943430113,8.988552119219479,2.937883691599115
930600,Vk6Ir3hBspHY/ypz/UGauDFZ2jdm88wT5e8AkhsWFpxNFkV/FORfW7XC+sp8hhHd,1.2968712603443429,78.93084514621232,21.464421571382413
930900,Vk6Ir3hBspHY/ypz/UGauDFZ2jdm88wT5e8AkhsWFpxNFkV/FORfW7XC+sp8hhHd,68.46970456229602,96.2846915971966,79.18734638314662
931200,Vk6Ir3hBspHY/ypz/UGauDFZ2jdm88wT5e8AkhsWFpxNFkV/FORfW7XC+sp8hhHd,1.5979933354062663,98.64570720029893,37.77296573215797
931500,Vk6Ir3hBspHY/ypz/UGauDFZ2jdm88wT5e8AkhsWFpxNFkV/FORfW7XC+sp8hhHd,1.4266772689857272,6.666317462151604,2.132597617137804
931800,Vk6Ir3hBspHY/ypz/UGauDFZ2jdm88wT5e8AkhsWFpxNFkV/FORfW7XC+sp8hhHd,1.2395635813351304,2.8216878244136567,1.6940916316111685
932100,Vk6Ir3hBspHY/ypz/UGauDFZ2jdm88wT5e8AkhsWFpxNFkV/FORfW7XC+sp8hhHd,1.4837383401835027,98.77792181052924,51.806995226448805
932400,Vk6Ir3hBspHY/ypz/UGauDFZ2jdm88wT5e8AkhsWFpxNFkV/FORfW7XC+sp8hhHd,1.639267593600366,48.358543531491954,10.980187109089195
932700,Vk6Ir3hBspHY/ypz/UGauDFZ2jdm88wT5e8AkhsWFpxNFkV/FORfW7XC+sp8hhHd,1.3385400854279592,3.2392218597749927,1.7278802535492337
933000,Vk6Ir3hBspHY/ypz/UGauDFZ2jdm88wT5e8AkhsWFpxNFkV/FORfW7XC+sp8hhHd,1.39754400935123,3.050853848723026,1.7088956917017408
933300,Vk6Ir3hBspHY/ypz/UGauDFZ2jdm88wT5e8AkhsWFpxNFkV/FORfW7XC+sp8hhHd,1.3399839401799316,2.1697384799739408,1.5821209782356846
933600,Vk6Ir3hBspHY/ypz/UGauDFZ2jdm88wT5e8AkhsWFpxNFkV/FORfW7XC+sp8hhHd,1.2780502257028312,2.9531926496337446,1.809011282487444
933900,Vk6Ir3hBspHY/ypz/UGauDFZ2jdm88wT5e8AkhsWFpxNFkV/FORfW7XC+sp8hhHd,1.3448314851649004,1.759652834848082,1.5758421971712686
934200,Vk6Ir3hBspHY/ypz/UGauDFZ2jdm88wT5e8AkhsWFpxNFkV/FORfW7XC+sp8hhHd,1.3225103306113346,2.903936256015983,1.6317910044379191
934500,Vk6Ir3hBspHY/ypz/UGauDFZ2jdm88wT5e8AkhsWFpxNFkV/FORfW7XC+sp8hhHd,1.3438154642118358,1.832478941096268,1.5318362986254688
934800,Vk6Ir3hBspHY/ypz/UGauDFZ2jdm88wT5e8AkhsWFpxNFkV/FORfW7XC+sp8hhHd,1.3262349397015394,2.1807003054667637,1.6059443345247857
935100,Vk6Ir3hBspHY/ypz/UGauDFZ2jdm88wT5e8AkhsWFpxNFkV/FORfW7XC+sp8hhHd,1.3528210740570226,1.730131460481708,1.521135044369467
935400,Vk6Ir3hBspHY/ypz/UGauDFZ2jdm88wT5e8AkhsWFpxNFkV/FORfW7XC+sp8hhHd,1.3065510787618193,2.6889905053315863,1.6390583631753597
935700,Vk6Ir3hBspHY/ypz/UGauDFZ2jdm88wT5e8AkhsWFpxNFkV/FORfW7XC+sp8hhHd,1.2791684318868013,1.817109154519788,1.57731936108399
936000,Vk6Ir3hBspHY/ypz/UGauDFZ2jdm88wT5e8AkhsWFpxNFkV/FORfW7XC+sp8hhHd,1.2860527605937553,2.7503037435070614,1.755169206628732
936300,Vk6Ir3hBspHY/ypz/UGauDFZ2jdm88wT5e8AkhsWFpxNFkV/FORfW7XC+sp8hhHd,1.3577220748336412,6.143475625236745,2.9801254468274645
936600,Vk6Ir3hBspHY/ypz/UGauDFZ2jdm88wT5e8AkhsWFpxNFkV/FORfW7XC+sp8hhHd,1.2018568730079775,2.7145771619033687,1.6320037831747598
936900,Vk6Ir3hBspHY/ypz/UGauDFZ2jdm88wT5e8AkhsWFpxNFkV/FORfW7XC+sp8hhHd,1.2250023955352782,1.9628260252564071,1.5186936784983365
937200,Vk6Ir3hBspHY/ypz/UGauDFZ2jdm88wT5e8AkhsWFpxNFkV/FORfW7XC+sp8hhHd,1.2531815958352568,2.9013610053454846,1.7783242063708913
937500,Vk6Ir3hBspHY/ypz/UGauDFZ2jdm88wT5e8AkhsWFpxNFkV/FORfW7XC+sp8hhHd,1.223204108778273,1.7151419917913964,1.5184604382098943
937800,Vk6Ir3hBspHY/ypz/UGauDFZ2jdm88wT5e8AkhsWFpxNFkV/FORfW7XC+sp8hhHd,1.2780869691449244,2.816926946671695,1.5939096550486385
938100,Vk6Ir3hBspHY/ypz/UGauDFZ2jdm88wT5e8AkhsWFpxNFkV/FORfW7XC+sp8hhHd,1.2857000948691333,1.6921159638365908,1.4657543140171347
938400,Vk6Ir3hBspHY/ypz/UGauDFZ2jdm88wT5e8AkhsWFpxNFkV/FORfW7XC+sp8hhHd,1.324458834862028,2.8128007181498376,1.6067360469215768
938700,Vk6Ir3hBspHY/ypz/UGauDFZ2jdm88wT5e8AkhsWFpxNFkV/FORfW7XC+sp8hhHd,1.2999658630125628,1.885514391769451,1.490111297184463
939000,Vk6Ir3hBspHY/ypz/UGauDFZ2jdm88wT5e8AkhsWFpxNFkV/FORfW7XC+sp8hhHd,1.273456500722423,2.613600015696433,1.6133281797301864
939300,Vk6Ir3hBspHY/ypz/UGauDFZ2jdm88wT5e8AkhsWFpxNFkV/FORfW7XC+sp8hhHd,1.3384553456340231,2.1878951236054016,1.5893234900075313
939600,Vk6Ir3hBspHY/ypz/UGauDFZ2jdm88wT5e8AkhsWFpxNFkV/FORfW7XC+sp8hhHd,1.3676661417320577,3.218728806075013,1.6483095803118768
939900,Vk6Ir3hBspHY/ypz/UGauDFZ2jdm88wT5e8AkhsWFpxNFkV/FORfW7XC+sp8hhHd,1.3993235285305734,6.114596945180644,2.852399686591544
940200,Vk6Ir3hBspHY/ypz/UGauDFZ2jdm88wT5e8AkhsWFpxNFkV/FORfW7XC+sp8hhHd,1.4296536381489222,2.8509826978867303,1.6673749551870587
940500,Vk6Ir3hBspHY/ypz/UGauDFZ2jdm88wT5e8AkhsWFpxNFkV/FORfW7XC+sp8hhHd,1.4022741847416942,1.7659033355458893,1.549576750791518
940800,Vk6Ir3hBspHY/ypz/UGauDFZ2jdm88wT5e8AkhsWFpxNFkV/FORfW7XC+sp8hhHd,1.380116949674189,3.421915708981026,1.7622577918543505
941100,Vk6Ir3hBspHY/ypz/UGauDFZ2jdm88wT5e8AkhsWFpxNFkV/FORfW7XC+sp8hhHd,1.377863746838069,1.8568459021583272,1.5567174175698422
941400,Vk6Ir3hBspHY/ypz/UGauDFZ2jdm88wT5e8AkhsWFpxNFkV/FORfW7XC+sp8hhHd,1.2616260452438328,2.938878477073412,1.594673900574734
941700,Vk6Ir3hBspHY/ypz/UGauDFZ2jdm88wT5e8AkhsWFpxNFkV/FORfW7XC+sp8hhHd,1.3031190891408273,1.7800111894159134,1.5275718882792542
942000,Vk6Ir3hBspHY/ypz/UGauDFZ2jdm88wT5e8AkhsWFpxNFkV/FORfW7XC+sp8hhHd,1.3424517662951565,46.19798144324332,7.194300580695762
942300,Vk6Ir3hBspHY/ypz/UGauDFZ2jdm88wT5e8AkhsWFpxNFkV/FORfW7XC+sp8hhHd,36.06860695900552,86.13800706881791,66.1536082390138
942600,Vk6Ir3hBspHY/ypz/UGauDFZ2jdm88wT5e8AkhsWFpxNFkV/FORfW7XC+sp8hhHd,44.43086662314014,89.54581402286915,77.3095269721218
942900,Vk6Ir3hBspHY/ypz/UGauDFZ2jdm88wT5e8AkhsWFpxNFkV/FORfW7XC+sp8hhHd,48.262887058043034,90.0593305674427,79.16764935666909
943200,Vk6Ir3hBspHY/ypz/UGauDFZ2jdm88wT5e8AkhsWFpxNFkV/FORfW7XC+sp8hhHd,1.4073437703750244,95.8407857315392,22.911805762292754
943500,Vk6Ir3hBspHY/ypz/UGauDFZ2jdm88wT5e8AkhsWFpxNFkV/FORfW7XC+sp8hhHd,1.2716392678478343,6.4504807125659935,2.8901715187704773
943800,Vk6Ir3hBspHY/ypz/UGauDFZ2jdm88wT5e8AkhsWFpxNFkV/FORfW7XC+sp8hhHd,1.199237568398141,72.8570561280676,30.322509077995868
944100,Vk6Ir3hBspHY/ypz/UGauDFZ2jdm88wT5e8AkhsWFpxNFkV/FORfW7XC+sp8hhHd,22.641850625131077,68.42948150791742,58.01331818285438
944400,Vk6Ir3hBspHY/ypz/UGauDFZ2jdm88wT5e8AkhsWFpxNFkV/FORfW7XC+sp8hhHd,1.7689680959416254,78.86991213348358,35.23712994539876
944700,Vk6Ir3hBspHY/ypz/UGauDFZ2jdm88wT5e8AkhsWFpxNFkV/FORfW7XC+sp8hhHd,1.431264271893365,5.712131745840472,1.9927055873387376
945000,Vk6Ir3hBspHY/ypz/UGauDFZ2jdm88wT5e8AkhsWFpxNFkV/FORfW7XC+sp8hhHd,1.2816564351328894,3.261012891982024,1.6809685164622747
945300,Vk6Ir3hBspHY/ypz/UGauDFZ2jdm88wT5e8AkhsWFpxNFkV/FORfW7XC+sp8hhHd,1.2739897860839842,1.913156001643176,1.52916301284345
945600,Vk6Ir3hBspHY/ypz/UGauDFZ2jdm88wT5e8AkhsWFpxNFkV/FORfW7XC+sp8hhHd,1.4048388582082527,78.9208794827671,20.73005962285
945900,Vk6Ir3hBspHY/ypz/UGauDFZ2jdm88wT5e8AkhsWFpxNFkV/FORfW7XC+sp8hhHd,1.3876846961904818,7.431816454434362,2.215706253746474
946200,Vk6Ir3hBspHY/ypz/UGauDFZ2jdm88wT5e8AkhsWFpxNFkV/FORfW7XC+sp8hhHd,1.2457274457325933,3.161398765376942,1.5817809871321908
946500,Vk6Ir3hBspHY/ypz/UGauDFZ2jdm88wT5e8AkhsWFpxNFkV/FORfW7XC+sp8hhHd,1.3303807140518993,65.42955775748166,14.911083015606843
946800,Vk6Ir3hBspHY/ypz/UGauDFZ2jdm88wT5e8AkhsWFpxNFkV/FORfW7XC+sp8hhHd,1.3796949416195547,3.517252267276617,1.9222488357322216
947100,Vk6Ir3hBspHY/ypz/UGauDFZ2jdm88wT5e8AkhsWFpxNFkV/FORfW7XC+sp8hhHd,1.3153300574214983,1.7405675729702024,1.509798794024523
947400,Vk6Ir3hBspHY/ypz/UGauDFZ2jdm88wT5e8AkhsWFpxNFkV/FORfW7XC+sp8hhHd,1.3919071062717236,6.498802651479585,3.2462046051114206
947700,Vk6Ir3hBspHY/ypz/UGauDFZ2jdm88wT5e8AkhsWFpxNFkV/FORfW7XC+sp8hhHd,1.4075158087439377,5.592686292592041,2.2839366973248008
948000,Vk6Ir3hBspHY/ypz/UGauDFZ2jdm88wT5e8AkhsWFpxNFkV/FORfW7XC+sp8hhHd,1.4360942477482732,3.558493429192343,1.9219306314850888
948300,Vk6Ir3hBspHY/ypz/UGauDFZ2jdm88wT5e8AkhsWFpxNFkV/FORfW7XC+sp8hhHd,1.3161309347179997,1.8079472871661393,1.546993564660003
948600,Vk6Ir3hBspHY/ypz/UGauDFZ2jdm88wT5e8AkhsWFpxNFkV/FORfW7XC+sp8hhHd,1.2681514868309451,15.098214712178612,3.025954379705524
948900,Vk6Ir3hBspHY/ypz/UGauDFZ2jdm88wT5e8AkhsWFpxNFkV/FORfW7XC+sp8hhHd,30.85639706447852,97.52232880737635,74.9255471788687
949200,Vk6Ir3hBspHY/ypz/UGauDFZ2jdm88wT5e8AkhsWFpxNFkV/FORfW7XC+sp8hhHd,30.498079102008084,66.8481396122222,48.695095127002816
949500,Vk6Ir3hBspHY/ypz/UGauDFZ2jdm88wT5e8AkhsWFpxNFkV/FORfW7XC+sp8hhHd,32.874435572334505,61.53785595543888,46.80006593067669
949800,Vk6Ir3hBspHY/ypz/UGauDFZ2jdm88wT5e8AkhsWFpxNFkV/FORfW7XC+sp8hhHd,38.43673464121943,57.71063315017624,47.07361053606838
950100,Vk6Ir3hBspHY/ypz/UGauDFZ2jdm88wT5e8AkhsWFpxNFkV/FORfW7XC+sp8hhHd,33.69386214651831,62.29247138820568,47.14259291000946
950400,Vk6Ir3hBspHY/ypz/UGauDFZ2jdm88wT5e8AkhsWFpxNFkV/FORfW7XC+sp8hhHd,34.31669252675171,56.7345918669128,47.1704976461995
950700,Vk6Ir3hBspHY/ypz/UGauDFZ2jdm88wT5e8AkhsWFpxNFkV/FORfW7XC+sp8hhHd,38.60115649821464,56.78343026295899,47.56718594958514
951000,Vk6Ir3hBspHY/ypz/UGauDFZ2jdm88wT5e8AkhsWFpxNFkV/FORfW7XC+sp8hhHd,36.4784060608909,62.415347990711176,48.784002482185855
951300,Vk6Ir3hBspHY/ypz/UGauDFZ2jdm88wT5e8AkhsWFpxNFkV/FORfW7XC+sp8hhHd,36.651016464443686,61.33898591304046,48.77602214345943
951600,Vk6Ir3hBspHY/ypz/UGauDFZ2jdm88wT5e8AkhsWFpxNFkV/FORfW7XC+sp8hhHd,38.48427626866721,65.15222125976204,51.908139147818446
951900,Vk6Ir3hBspHY/ypz/UGauDFZ2jdm88wT5e8AkhsWFpxNFkV/FORfW7XC+sp8hhHd,40.60991927715262,62.58604267559084,51.201658334342795
952200,Vk6Ir3hBspHY/ypz/UGauDFZ2jdm88wT5e8AkhsWFpxNFkV/FORfW7XC+sp8hhHd,42.40222630961371,59.34926062854908,51.4093670597959
952500,Vk6Ir3hBspHY/ypz/UGauDFZ2jdm88wT5e8AkhsWFpxNFkV/FORfW7XC+sp8hhHd,1.7738615913796902,98.66247850591164,56.81956533989323
952800,Vk6Ir3hBspHY/ypz/UGauDFZ2jdm88wT5e8AkhsWFpxNFkV/FORfW7XC+sp8hhHd,1.3104695656973004,1.9648587561801187,1.6563313068714909
953100,Vk6Ir3hBspHY/ypz/UGauDFZ2jdm88wT5e8AkhsWFpxNFkV/FORfW7XC+sp8hhHd,1.484158276758972,37.2817024878751,10.352415720369372
953400,Vk6Ir3hBspHY/ypz/UGauDFZ2jdm88wT5e8AkhsWFpxNFkV/FORfW7XC+sp8hhHd,1.3337892758592027,7.647103800171751,2.07090716838698
953700,Vk6Ir3hBspHY/ypz/UGauDFZ2jdm88wT5e8AkhsWFpxNFkV/FORfW7XC+sp8hhHd,1.4002261414955472,42.28712789590753,16.679685489251693
954000,Vk6Ir3hBspHY/ypz/UGauDFZ2jdm88wT5e8AkhsWFpxNFkV/FORfW7XC+sp8hhHd,7.361970189268962,85.3915553253482,42.19348648383804
954300,Vk6Ir3hBspHY/ypz/UGauDFZ2jdm88wT5e8AkhsWFpxNFkV/FORfW7XC+sp8hhHd,1.4781586778617746,45.30750640372584,6.228692081112574
954600,Vk6Ir3hBspHY/ypz/UGauDFZ2jdm88wT5e8AkhsWFpxNFkV/FORfW7XC+sp8hhHd,1.3483072046610551,14.954557867082562,3.331961973102332
954900,Vk6Ir3hBspHY/ypz/UGauDFZ2jdm88wT5e8AkhsWFpxNFkV/FORfW7XC+sp8hhHd,33.88032105885193,48.24880905231578,41.65686752749552
955200,Vk6Ir3hBspHY/ypz/UGauDFZ2jdm88wT5e8AkhsWFpxNFkV/FORfW7XC+sp8hhHd,35.42673760958818,91.4230681805916,53.604848138884634
955500,Vk6Ir3hBspHY/ypz/UGauDFZ2jdm88wT5e8AkhsWFpxNFkV/FORfW7XC+sp8hhHd,1.487356849162207,32.76514270959149,5.3838952860011595
955800,Vk6Ir3hBspHY/ypz/UGauDFZ2jdm88wT5e8AkhsWFpxNFkV/FORfW7XC+sp8hhHd,1.3736945489831134,1.885969586832392,1.5779945907013275
956100,Vk6Ir3hBspHY/ypz/UGauDFZ2jdm88wT5e8AkhsWFpxNFkV/FORfW7XC+sp8hhHd,2.6131957161287658,43.27926882852381,29.24167031967716
956400,Vk6Ir3hBspHY/ypz/UGauDFZ2jdm88wT5e8AkhsWFpxNFkV/FORfW7XC+sp8hhHd,31.891557246490294,39.82759324975713,36.1463690620676
956700,Vk6Ir3hBspHY/ypz/UGauDFZ2jdm88wT5e8AkhsWFpxNFkV/FORfW7XC+sp8hhHd,30.924958270968222,40.72605554615401,35.90973180430392
957000,Vk6Ir3hBspHY/ypz/UGauDFZ2jdm88wT5e8AkhsWFpxNFkV/FORfW7XC+sp8hhHd,31.524611995117944,43.369497832600416,37.45323209991576
957300,Vk6Ir3hBspHY/ypz/UGauDFZ2jdm88wT5e8AkhsWFpxNFkV/FORfW7XC+sp8hhHd,2.622434242453871,98.6937470393124,45.160369528874114
957600,Vk6Ir3hBspHY/ypz/UGauDFZ2jdm88wT5e8AkhsWFpxNFkV/FORfW7XC+sp8hhHd,1.4643506923038774,6.053034396442559,2.063598758312319
957900,Vk6Ir3hBspHY/ypz/UGauDFZ2jdm88wT5e8AkhsWFpxNFkV/FORfW7XC+sp8hhHd,1.4323091833541528,91.85797548867997,38.20432704081744
958200,Vk6Ir3hBspHY/ypz/UGauDFZ2jdm88wT5e8AkhsWFpxNFkV/FORfW7XC+sp8hhHd,1.4702539371225578,60.977675160438864,17.579065856575433
958500,Vk6Ir3hBspHY/ypz/UGauDFZ2jdm88wT5e8AkhsWFpxNFkV/FORfW7XC+sp8hhHd,1.279538027651653,37.67206715289362,10.377920979997253
958800,Vk6Ir3hBspHY/ypz/UGauDFZ2jdm88wT5e8AkhsWFpxNFkV/FORfW7XC+sp8hhHd,45.82179970034992,70.74690063550325,60.201879791267686
959100,Vk6Ir3hBspHY/ypz/UGauDFZ2jdm88wT5e8AkhsWFpxNFkV/FORfW7XC+sp8hhHd,46.18449449898377,84.85045442554512,64.52709965003417
959400,Vk6Ir3hBspHY/ypz/UGauDFZ2jdm88wT5e8AkhsWFpxNFkV/FORfW7XC+sp8hhHd,52.608936011784046,66.31314086406753,58.59320776044209
959700,Vk6Ir3hBspHY/ypz/UGauDFZ2jdm88wT5e8AkhsWFpxNFkV/FORfW7XC+sp8hhHd,51.41478418619968,67.59791733083414,58.99125756365432
960000,Vk6Ir3hBspHY/ypz/UGauDFZ2jdm88wT5e8AkhsWFpxNFkV/FORfW7XC+sp8hhHd,50.414763974673015,61.004238835386765,55.523101481858745
960300,Vk6Ir3hBspHY/ypz/UGauDFZ2jdm88wT5e8AkhsWFpxNFkV/FORfW7XC+sp8hhHd,50.39924863122286,69.95611612534577,58.616164742675245
960600,Vk6Ir3hBspHY/ypz/UGauDFZ2jdm88wT5e8AkhsWFpxNFkV/FORfW7XC+sp8hhHd,43.44720129888479,98.27637916146355,64.05898010353087
960900,Vk6Ir3hBspHY/ypz/UGauDFZ2jdm88wT5e8AkhsWFpxNFkV/FORfW7XC+sp8hhHd,2.520157668549022,62.414657508570514,41.244006907213226
961200,Vk6Ir3hBspHY/ypz/UGauDFZ2jdm88wT5e8AkhsWFpxNFkV/FORfW7XC+sp8hhHd,1.5211747194937753,16.499253409824885,3.755819213969025
961500,Vk6Ir3hBspHY/ypz/UGauDFZ2jdm88wT5e8AkhsWFpxNFkV/FORfW7XC+sp8hhHd,1.2704131751804286,8.49112528790733,2.246671140200207
961800,Vk6Ir3hBspHY/ypz/UGauDFZ2jdm88wT5e8AkhsWFpxNFkV/FORfW7XC+sp8hhHd,1.2938497888503808,24.051188298213003,5.842903406470548
962100,Vk6Ir3hBspHY/ypz/UGauDFZ2jdm88wT5e8AkhsWFpxNFkV/FORfW7XC+sp8hhHd,1.4466663156830313,8.92754316508827,3.6644543191169814
962400,Vk6Ir3hBspHY/ypz/UGauDFZ2jdm88wT5e8AkhsWFpxNFkV/FORfW7XC+sp8hhHd,1.3717100972887402,44.26166174795159,20.882260670381736
962700,Vk6Ir3hBspHY/ypz/UGauDFZ2jdm88wT5e8AkhsWFpxNFkV/FORfW7XC+sp8hhHd,32.97530471324387,39.231246584449295,36.14913198201423
963000,Vk6Ir3hBspHY/ypz/UGauDFZ2jdm88wT5e8AkhsWFpxNFkV/FORfW7XC+sp8hhHd,33.4352615970622,39.45863015664458,36.13614245988176
963300,Vk6Ir3hBspHY/ypz/UGauDFZ2jdm88wT5e8AkhsWFpxNFkV/FORfW7XC+sp8hhHd,34.269915637915545,42.10141959588197,38.60131389005926
963600,Vk6Ir3hBspHY/ypz/UGauDFZ2jdm88wT5e8AkhsWFpxNFkV/FORfW7XC+sp8hhHd,1.4705900481104128,43.6037470550303,8.158019074918537
963900,Vk6Ir3hBspHY/ypz/UGauDFZ2jdm88wT5e8AkhsWFpxNFkV/FORfW7XC+sp8hhHd,1.292079214927846,52.21916631559609,11.18606913538148
964200,Vk6Ir3hBspHY/ypz/UGauDFZ2jdm88wT5e8AkhsWFpxNFkV/FORfW7XC+sp8hhHd,16.308608171265345,70.87636919260915,55.92143919311756
964500,Vk6Ir3hBspHY/ypz/UGauDFZ2jdm88wT5e8AkhsWFpxNFkV/FORfW7XC+sp8hhHd,44.32441481005664,58.565385650041726,51.7420794030539
964800,Vk6Ir3hBspHY/ypz/UGauDFZ2jdm88wT5e8AkhsWFpxNFkV/FORfW7XC+sp8hhHd,1.5342359117228572,65.04646586302829,21.425310129016164
965100,Vk6Ir3hBspHY/ypz/UGauDFZ2jdm88wT5e8AkhsWFpxNFkV/FORfW7XC+sp8hhHd,1.3443420615361543,2.9952976018318327,1.66966411836902
965400,Vk6Ir3hBspHY/ypz/UGauDFZ2jdm88wT5e8AkhsWFpxNFkV/FORfW7XC+sp8hhHd,1.4462192200035235,98.46833757508409,46.26645762947276
965700,Vk6Ir3hBspHY/ypz/UGauDFZ2jdm88wT5e8AkhsWFpxNFkV/FORfW7XC+sp8hhHd,1.3603369814588562,6.704122371242077,3.0643947735448127
966000,Vk6Ir3hBspHY/ypz/UGauDFZ2jdm88wT5e8AkhsWFpxNFkV/FORfW7XC+sp8hhHd,1.6347165617928392,72.82395606100087,34.73502177740173
966300,Vk6Ir3hBspHY/ypz/UGauDFZ2jdm88wT5e8AkhsWFpxNFkV/FORfW7XC+sp8hhHd,1.4007453408322983,4.232675921646195,2.038029952784908
966600,Vk6Ir3hBspHY/ypz/UGauDFZ2jdm88wT5e8AkhsWFpxNFkV/FORfW7XC+sp8hhHd,1.2906624386124774,67.57515206128635,9.957872323531255
966900,Vk6Ir3hBspHY/ypz/UGauDFZ2jdm88wT5e8AkhsWFpxNFkV/FORfW7XC+sp8hhHd,1.5899231351707477,67.01096540573106,8.70130321404087
967200,Vk6Ir3hBspHY/ypz/UGauDFZ2jdm88wT5e8AkhsWFpxNFkV/FORfW7XC+sp8hhHd,1.3641682640043098,3.264137465231364,1.702190963967961
967500,Vk6Ir3hBspHY/ypz/UGauDFZ2jdm88wT5e8AkhsWFpxNFkV/FORfW7XC+sp8hhHd,1.5453282822110177,20.655636674306667,6.201994526071433
967800,Vk6Ir3hBspHY/ypz/UGauDFZ2jdm88wT5e8AkhsWFpxNFkV/FORfW7XC+sp8hhHd,1.398119762762451,5.783121316320484,1.8817841171982452
968100,Vk6Ir3hBspHY/ypz/UGauDFZ2jdm88wT5e8AkhsWFpxNFkV/FORfW7XC+sp8hhHd,1.3876631317319603,40.90113334338957,8.08833044645042
968400,Vk6Ir3hBspHY/ypz/UGauDFZ2jdm88wT5e8AkhsWFpxNFkV/FORfW7XC+sp8hhHd,1.4225775647766483,3.090712143615752,1.7682409935130374
968700,Vk6Ir3hBspHY/ypz/UGauDFZ2jdm88wT5e8AkhsWFpxNFkV/FORfW7XC+sp8hhHd,1.3639385579491323,71.2478498769034,15.440378788042937
969000,Vk6Ir3hBspHY/ypz/UGauDFZ2jdm88wT5e8AkhsWFpxNFkV/FORfW7XC+sp8hhHd,1.32587595596815,4.2143320711997845,1.8342365362518327
969300,Vk6Ir3hBspHY/ypz/UGauDFZ2jdm88wT5e8AkhsWFpxNFkV/FORfW7XC+sp8hhHd,1.2812812977354175,16.0251585306341,3.0685942210847927
969600,Vk6Ir3hBspHY/ypz/UGauDFZ2jdm88wT5e8AkhsWFpxNFkV/FORfW7XC+sp8hhHd,54.494511610134,98.3391367478556,74.23259798749221
969900,Vk6Ir3hBspHY/ypz/UGauDFZ2jdm88wT5e8AkhsWFpxNFkV/FORfW7XC+sp8hhHd,1.5137001047541063,71.17310482112714,10.434893634478495
970200,Vk6Ir3hBspHY/ypz/UGauDFZ2jdm88wT5e8AkhsWFpxNFkV/FORfW7XC+sp8hhHd,1.323177088203511,1.7641901271125309,1.5700953788836938
970500,Vk6Ir3hBspHY/ypz/UGauDFZ2jdm88wT5e8AkhsWFpxNFkV/FORfW7XC+sp8hhHd,1.3541442416611176,87.07249781488694,31.54925454250036
970800,Vk6Ir3hBspHY/ypz/UGauDFZ2jdm88wT5e8AkhsWFpxNFkV/FORfW7XC+sp8hhHd,1.3516403015902798,5.133755521790319,1.9394935772318949
971100,Vk6Ir3hBspHY/ypz/UGauDFZ2jdm88wT5e8AkhsWFpxNFkV/FORfW7XC+sp8hhHd,1.1604052875771065,58.16213400021673,17.329678316578725
971400,Vk6Ir3hBspHY/ypz/UGauDFZ2jdm88wT5e8AkhsWFpxNFkV/FORfW7XC+sp8hhHd,1.5195930500745607,61.51096835972242,27.878784555636145
971700,Vk6Ir3hBspHY/ypz/UGauDFZ2jdm88wT5e8AkhsWFpxNFkV/FORfW7XC+sp8hhHd,1.3072153923226428,48.33274688575937,6.507339997062921
972000,Vk6Ir3hBspHY/ypz/UGauDFZ2jdm88wT5e8AkhsWFpxNFkV/FORfW7XC+sp8hhHd,30.57616830172806,80.33400848704044,60.420760608083725
972300,Vk6Ir3hBspHY/ypz/UGauDFZ2jdm88wT5e8AkhsWFpxNFkV/FORfW7XC+sp8hhHd,48.22068643002966,65.37303105423763,56.21522249574485
972600,Vk6Ir3hBspHY/ypz/UGauDFZ2jdm88wT5e8AkhsWFpxNFkV/FORfW7XC+sp8hhHd,37.786045690253005,98.62500143021235,69.6781750895302
972900,Vk6Ir3hBspHY/ypz/UGauDFZ2jdm88wT5e8AkhsWFpxNFkV/FORfW7XC+sp8hhHd,38.629383932707086,64.745582884438,51.78562362103484
973200,Vk6Ir3hBspHY/ypz/UGauDFZ2jdm88wT5e8AkhsWFpxNFkV/FORfW7XC+sp8hhHd,2.049414219909272,61.61899899275363,14.72860018575178
973500,Vk6Ir3hBspHY/ypz/UGauDFZ2jdm88wT5e8AkhsWFpxNFkV/FORfW7XC+sp8hhHd,1.3786088487645995,2.82539213033416,1.7598232962544562
973800,Vk6Ir3hBspHY/ypz/UGauDFZ2jdm88wT5e8AkhsWFpxNFkV/FORfW7XC+sp8hhHd,1.3573058526235315,40.72844023692913,10.280430175892334
974100,Vk6Ir3hBspHY/ypz/UGauDFZ2jdm88wT5e8AkhsWFpxNFkV/FORfW7XC+sp8hhHd,1.4256312005849905,9.675726762944564,2.3238001448132315
974400,Vk6Ir3hBspHY/ypz/UGauDFZ2jdm88wT5e8AkhsWFpxNFkV/FORfW7XC+sp8hhHd,1.3575271208770727,9.049525212970654,2.6909943384517456
974700,Vk6Ir3hBspHY/ypz/UGauDFZ2jdm88wT5e8AkhsWFpxNFkV/FORfW7XC+sp8hhHd,1.4183312541705773,3.0132416876288395,1.9389811366472265
975000,Vk6Ir3hBspHY/ypz/UGauDFZ2jdm88wT5e8AkhsWFpxNFkV/FORfW7XC+sp8hhHd,1.3762750343388783,53.699075165267296,7.947087269659874
975300,Vk6Ir3hBspHY/ypz/UGauDFZ2jdm88wT5e8AkhsWFpxNFkV/FORfW7XC+sp8hhHd,36.61457941783173,67.57835609136066,51.78228173802111
975600,Vk6Ir3hBspHY/ypz/UGauDFZ2jdm88wT5e8AkhsWFpxNFkV/FORfW7XC+sp8hhHd,37.66272723085816,71.51486499954974,48.62115817427685
975900,Vk6Ir3hBspHY/ypz/UGauDFZ2jdm88wT5e8AkhsWFpxNFkV/FORfW7XC+sp8hhHd,41.02031480058073,69.87497054579083,51.12792495844011
976200,Vk6Ir3hBspHY/ypz/UGauDFZ2jdm88wT5e8AkhsWFpxNFkV/FORfW7XC+sp8hhHd,1.379647762842817,32.29324416680441,6.280381262984744
976500,Vk6Ir3hBspHY/ypz/UGauDFZ2jdm88wT5e8AkhsWFpxNFkV/FORfW7XC+sp8hhHd,1.3080376879521596,2.7596898027837007,1.7099856962383737
976800,Vk6Ir3hBspHY/ypz/UGauDFZ2jdm88wT5e8AkhsWFpxNFkV/FORfW7XC+sp8hhHd,1.4941981715042418,45.47133605823612,31.37507503008199
977100,Vk6Ir3hBspHY/ypz/UGauDFZ2jdm88wT5e8AkhsWFpxNFkV/FORfW7XC+sp8hhHd,1.5378426169528887,47.8950326424384,12.326933578892673
977400,Vk6Ir3hBspHY/ypz/UGauDFZ2jdm88wT5e8AkhsWFpxNFkV/FORfW7XC+sp8hhHd,1.3020983264149952,2.858197596090112,1.746075886427649
977700,Vk6Ir3hBspHY/ypz/UGauDFZ2jdm88wT5e8AkhsWFpxNFkV/FORfW7XC+sp8hhHd,1.2794484895378826,47.87706411176031,19.921379046053072
978000,Vk6Ir3hBspHY/ypz/UGauDFZ2jdm88wT5e8AkhsWFpxNFkV/FORfW7XC+sp8hhHd,32.966795514188846,50.51798095993287,39.484761337897616
978300,Vk6Ir3hBspHY/ypz/UGauDFZ2jdm88wT5e8AkhsWFpxNFkV/FORfW7XC+sp8hhHd,30.18015302783605,48.18628473799484,38.8521299530999
978600,Vk6Ir3hBspHY/ypz/UGauDFZ2jdm88wT5e8AkhsWFpxNFkV/FORfW7XC+sp8hhHd,32.46708658265785,43.431936084020535,38.313620297094346
978900,Vk6Ir3hBspHY/ypz/UGauDFZ2jdm88wT5e8AkhsWFpxNFkV/FORfW7XC+sp8hhHd,1.5215164629725877,46.621272742958155,11.04743693145207
979200,Vk6Ir3hBspHY/ypz/UGauDFZ2jdm88wT5e8AkhsWFpxNFkV/FORfW7XC+sp8hhHd,1.2098765143275845,51.244969594915126,9.941827243965749
979500,Vk6Ir3hBspHY/ypz/UGauDFZ2jdm88wT5e8AkhsWFpxNFkV/FORfW7XC+sp8hhHd,22.68994060187633,74.7166612088761,64.27490725088785
979800,Vk6Ir3hBspHY/ypz/UGauDFZ2jdm88wT5e8AkhsWFpxNFkV/FORfW7XC+sp8hhHd,64.05992697414692,76.12409734825974,69.20370909404906
980100,Vk6Ir3hBspHY/ypz/UGauDFZ2jdm88wT5e8AkhsWFpxNFkV/FORfW7XC+sp8hhHd,42.332238606131966,81.5175054578911,69.37571359918162
980400,Vk6Ir3hBspHY/ypz/UGauDFZ2jdm88wT5e8AkhsWFpxNFkV/FORfW7XC+sp8hhHd,27.26891561205304,76.0794087293208,56.631187102106615
980700,Vk6Ir3hBspHY/ypz/UGauDFZ2jdm88wT5e8AkhsWFpxNFkV/FORfW7XC+sp8hhHd,1.6063083088637642,70.83030879952653,27.946936177878065
981000,Vk6Ir3hBspHY/ypz/UGauDFZ2jdm88wT5e8AkhsWFpxNFkV/FORfW7XC+sp8hhHd,1.511380832823197,13.987820192665286,6.8525317773036605
981300,Vk6Ir3hBspHY/ypz/UGauDFZ2jdm88wT5e8AkhsWFpxNFkV/FORfW7XC+sp8hhHd,1.323355192624862,67.28595425509377,48.49579498241284
981600,Vk6Ir3hBspHY/ypz/UGauDFZ2jdm88wT5e8AkhsWFpxNFkV/FORfW7XC+sp8hhHd,15.35646127134596,98.37259545737075,71.05102061898401
981900,Vk6Ir3hBspHY/ypz/UGauDFZ2jdm88wT5e8AkhsWFpxNFkV/FORfW7XC+sp8hhHd,1.366305891511471,8.670384542758741,2.918024920506781
982200,Vk6Ir3hBspHY/ypz/UGauDFZ2jdm88wT5e8AkhsWFpxNFkV/FORfW7XC+sp8hhHd,1.3151797217583443,82.23326468769774,40.63117660467923
982500,Vk6Ir3hBspHY/ypz/UGauDFZ2jdm88wT5e8AkhsWFpxNFkV/FORfW7XC+sp8hhHd,69.67234708483034,87.44746608669473,78.70975396095923
982800,Vk6Ir3hBspHY/ypz/UGauDFZ2jdm88wT5e8AkhsWFpxNFkV/FORfW7XC+sp8hhHd,76.03644849646291,86.11770853346925,80.4856436075199
983100,Vk6Ir3hBspHY/ypz/UGauDFZ2jdm88wT5e8AkhsWFpxNFkV/FORfW7XC+sp8hhHd,78.74310456239853,94.29047359855272,84.79083788695038
983400,Vk6Ir3hBspHY/ypz/UGauDFZ2jdm88wT5e8AkhsWFpxNFkV/FORfW7XC+sp8hhHd,76.41667107502974,91.85930119615873,83.84233386982801
983700,Vk6Ir3hBspHY/ypz/UGauDFZ2jdm88wT5e8AkhsWFpxNFkV/FORfW7XC+sp8hhHd,74.23368800452711,83.49045380197816,79.16438535191747
984000,Vk6Ir3hBspHY/ypz/UGauDFZ2jdm88wT5e8AkhsWFpxNFkV/FORfW7XC+sp8hhHd,50.568959817811454,83.8597371782406,74.497323232948
984300,Vk6Ir3hBspHY/ypz/UGauDFZ2jdm88wT5e8AkhsWFpxNFkV/FORfW7XC+sp8hhHd,75.6061056310063,86.15869400585882,80.36314093495916
984600,Vk6Ir3hBspHY/ypz/UGauDFZ2jdm88wT5e8AkhsWFpxNFkV/FORfW7XC+sp8hhHd,70.21609385685746,82.75602741730764,78.0022128968053
984900,Vk6Ir3hBspHY/ypz/UGauDFZ2jdm88wT5e8AkhsWFpxNFkV/FORfW7XC+sp8hhHd,1.3801390455880174,81.49564612872794,46.12388289494525
985200,Vk6Ir3hBspHY/ypz/UGauDFZ2jdm88wT5e8AkhsWFpxNFkV/FORfW7XC+sp8hhHd,1.3490833791106207,11.190019871306111,5.096076630984351
985500,Vk6Ir3hBspHY/ypz/UGauDFZ2jdm88wT5e8AkhsWFpxNFkV/FORfW7XC+sp8hhHd,1.243921095740228,7.262093994451078,2.581301403901416
985800,Vk6Ir3hBspHY/ypz/UGauDFZ2jdm88wT5e8AkhsWFpxNFkV/FORfW7XC+sp8hhHd,1.4321611228702813,56.71833830246796,21.112481690521488
986100,Vk6Ir3hBspHY/ypz/UGauDFZ2jdm88wT5e8AkhsWFpxNFkV/FORfW7XC+sp8hhHd,1.2643533860441498,3.2735059001206293,1.7464832957964789
986400,Vk6Ir3hBspHY/ypz/UGauDFZ2jdm88wT5e8AkhsWFpxNFkV/FORfW7XC+sp8hhHd,2.069761459229344,64.98247603939761,44.47854999212349
986700,Vk6Ir3hBspHY/ypz/UGauDFZ2jdm88wT5e8AkhsWFpxNFkV/FORfW7XC+sp8hhHd,1.5404839910456158,69.71279155393471,44.42891436449137
987000,Vk6Ir3hBspHY/ypz/UGauDFZ2jdm88wT5e8AkhsWFpxNFkV/FORfW7XC+sp8hhHd,1.3278869525061705,2.1670157789909634,1.6487777484511617
987300,Vk6Ir3hBspHY/ypz/UGauDFZ2jdm88wT5e8AkhsWFpxNFkV/FORfW7XC+sp8hhHd,1.2150198673786845,36.06319602683976,8.79877858561135
987600,Vk6Ir3hBspHY/ypz/UGauDFZ2jdm88wT5e8AkhsWFpxNFkV/FORfW7XC+sp8hhHd,1.3498815596932503,13.89133743598525,3.318015058844701
987900,Vk6Ir3hBspHY/ypz/UGauDFZ2jdm88wT5e8AkhsWFpxNFkV/FORfW7XC+sp8hhHd,1.3453495626248613,76.1161002648152,12.96306440176294
988200,Vk6Ir3hBspHY/ypz/UGauDFZ2jdm88wT5e8AkhsWFpxNFkV/FORfW7XC+sp8hhHd,50.18806805273892,82.9678506946994,73.26317841666854
988500,Vk6Ir3hBspHY/ypz/UGauDFZ2jdm88wT5e8AkhsWFpxNFkV/FORfW7XC+sp8hhHd,1.554759604667895,72.56488362748885,22.59610544288569
988800,Vk6Ir3hBspHY/ypz/UGauDFZ2jdm88wT5e8AkhsWFpxNFkV/FORfW7XC+sp8hhHd,1.3218328860475768,3.5936550756527263,1.7438942919998706
989100,Vk6Ir3hBspHY/ypz/UGauDFZ2jdm88wT5e8AkhsWFpxNFkV/FORfW7XC+sp8hhHd,1.2721274757907233,3.06006225204136,1.672481204246169
989400,Vk6Ir3hBspHY/ypz/UGauDFZ2jdm88wT5e8AkhsWFpxNFkV/FORfW7XC+sp8hhHd,1.2927951215248816,1.6584844529530167,1.4762213236965636
989700,Vk6Ir3hBspHY/ypz/UGauDFZ2jdm88wT5e8AkhsWFpxNFkV/FORfW7XC+sp8hhHd,1.2748370268458036,3.454507075539483,1.6958338715380286
990000,Vk6Ir3hBspHY/ypz/UGauDFZ2jdm88wT5e8AkhsWFpxNFkV/FORfW7XC+sp8hhHd,1.2134135125630552,2.1923959812424227,1.5582453532172589
990300,Vk6Ir3hBspHY/ypz/UGauDFZ2jdm88wT5e8AkhsWFpxNFkV/FORfW7XC+sp8hhHd,1.2801266439798062,2.80818439296118,1.605970936243344
990600,Vk6Ir3hBspHY/ypz/UGauDFZ2jdm88wT5e8AkhsWFpxNFkV/FORfW7XC+sp8hhHd,1.2550607365337825,1.9807152094925644,1.5078847002314748
990900,Vk6Ir3hBspHY/ypz/UGauDFZ2jdm88wT5e8AkhsWFpxNFkV/FORfW7XC+sp8hhHd,1.250986761260741,3.0000252560138043,1.5832401167001846
991200,Vk6Ir3hBspHY/ypz/UGauDFZ2jdm88wT5e8AkhsWFpxNFkV/FORfW7XC+sp8hhHd,1.3043696889827563,3.131105961874482,1.6529308561789997
991500,Vk6Ir3hBspHY/ypz/UGauDFZ2jdm88wT5e8AkhsWFpxNFkV/FORfW7XC+sp8hhHd,1.2561160942816982,3.4208319480899534,1.6618110085728726
991800,Vk6Ir3hBspHY/ypz/UGauDFZ2jdm88wT5e8AkhsWFpxNFkV/FORfW7XC+sp8hhHd,1.2508357932819263,6.595342774772106,2.8391144514088644
992100,Vk6Ir3hBspHY/ypz/UGauDFZ2jdm88wT5e8AkhsWFpxNFkV/FORfW7XC+sp8hhHd,1.269932219758702,3.181774986760358,1.5979888572536929
992400,Vk6Ir3hBspHY/ypz/UGauDFZ2jdm88wT5e8AkhsWFpxNFkV/FORfW7XC+sp8hhHd,1.2036304119521135,2.233210972081193,1.556816374267751
992700,Vk6Ir3hBspHY/ypz/UGauDFZ2jdm88wT5e8AkhsWFpxNFkV/FORfW7XC+sp8hhHd,1.3021979528268404,2.81494091867477,1.6094608354318416
993000,Vk6Ir3hBspHY/ypz/UGauDFZ2jdm88wT5e8AkhsWFpxNFkV/FORfW7XC+sp8hhHd,1.2329595169821617,1.7758311823194182,1.456822473282618
993300,Vk6Ir3hBspHY/ypz/UGauDFZ2jdm88wT5e8AkhsWFpxNFkV/FORfW7XC+sp8hhHd,1.2906014342805423,3.0605289945784087,1.651887690135322
993600,Vk6Ir3hBspHY/ypz/UGauDFZ2jdm88wT5e8AkhsWFpxNFkV/FORfW7XC+sp8hhHd,1.2628319289985537,2.2455251858516783,1.545253423355356
993900,Vk6Ir3hBspHY/ypz/UGauDFZ2jdm88wT5e8AkhsWFpxNFkV/FORfW7XC+sp8hhHd,1.3915582419141064,2.809385367458131,1.616072905857982
994200,Vk6Ir3hBspHY/ypz/UGauDFZ2jdm88wT5e8AkhsWFpxNFkV/FORfW7XC+sp8hhHd,1.2059992570296547,1.87942920672026,1.4997898078738083
994500,Vk6Ir3hBspHY/ypz/UGauDFZ2jdm88wT5e8AkhsWFpxNFkV/FORfW7XC+sp8hhHd,1.3425678045633422,3.2100993455024964,1.6340336472359145
994800,Vk6Ir3hBspHY/ypz/UGauDFZ2jdm88wT5e8AkhsWFpxNFkV/FORfW7XC+sp8hhHd,1.2686375678744504,3.4731426374278365,1.652472336297136
995100,Vk6Ir3hBspHY/ypz/UGauDFZ2jdm88wT5e8AkhsWFpxNFkV/FORfW7XC+sp8hhHd,1.296139371689768,2.907781234170858,1.6446613348250367
995400,Vk6Ir3hBspHY/ypz/UGauDFZ2jdm88wT5e8AkhsWFpxNFkV/FORfW7XC+sp8hhHd,1.27337193009899,6.934500084435856,2.187955746263147
995700,Vk6Ir3hBspHY/ypz/UGauDFZ2jdm88wT5e8AkhsWFpxNFkV/FORfW7XC+sp8hhHd,1.2944024108300556,4.993697802683023,2.3654870344099974
996000,Vk6Ir3hBspHY/ypz/UGauDFZ2jdm88wT5e8AkhsWFpxNFkV/FORfW7XC+sp8hhHd,1.2738987544471736,2.178620149937017,1.5706873952639986
996300,Vk6Ir3hBspHY/ypz/UGauDFZ2jdm88wT5e8AkhsWFpxNFkV/FORfW7XC+sp8hhHd,1.2420025331253657,2.766973043487012,1.606681620691516
996600,Vk6Ir3hBspHY/ypz/UGauDFZ2jdm88wT5e8AkhsWFpxNFkV/FORfW7XC+sp8hhHd,1.324425083378127,1.8075939520168027,1.4602632623678045
996900,Vk6Ir3hBspHY/ypz/UGauDFZ2jdm88wT5e8AkhsWFpxNFkV/FORfW7XC+sp8hhHd,1.3249238135889791,2.6494681529651816,1.6593223643089074
997200,Vk6Ir3hBspHY/ypz/UGauDFZ2jdm88wT5e8AkhsWFpxNFkV/FORfW7XC+sp8hhHd,1.66981974585257,64.96870451131416,21.44869480183853
997500,Vk6Ir3hBspHY/ypz/UGauDFZ2jdm88wT5e8AkhsWFpxNFkV/FORfW7XC+sp8hhHd,1.3840124966852845,3.9663172479031337,1.8477024773327655
997800,Vk6Ir3hBspHY/ypz/UGauDFZ2jdm88wT5e8AkhsWFpxNFkV/FORfW7XC+sp8hhHd,1.278109030838452,1.7730231719197531,1.514387906035002
998100,Vk6Ir3hBspHY/ypz/UGauDFZ2jdm88wT5e8AkhsWFpxNFkV/FORfW7XC+sp8hhHd,1.2672684435668184,2.635885717061476,1.6263306520307528
998400,Vk6Ir3hBspHY/ypz/UGauDFZ2jdm88wT5e8AkhsWFpxNFkV/FORfW7XC+sp8hhHd,1.3217717728239569,3.194112817791498,1.6585028797531858
998700,Vk6Ir3hBspHY/ypz/UGauDFZ2jdm88wT5e8AkhsWFpxNFkV/FORfW7XC+sp8hhHd,1.3213328084601534,2.820560420543912,1.663127730982018
999000,Vk6Ir3hBspHY/ypz/UGauDFZ2jdm88wT5e8AkhsWFpxNFkV/FORfW7XC+sp8hhHd,1.248506888954361,1.810798065864958,1.4749331103165453
999300,Vk6Ir3hBspHY/ypz/UGauDFZ2jdm88wT5e8AkhsWFpxNFkV/FORfW7XC+sp8hhHd,1.3388062430394407,6.2829019636194685,3.1790639669766247
999600,Vk6Ir3hBspHY/ypz/UGauDFZ2jdm88wT5e8AkhsWFpxNFkV/FORfW7XC+sp8hhHd,1.271904592317483,1.99346724087782,1.5269362321158582
999900,Vk6Ir3hBspHY/ypz/UGauDFZ2jdm88wT5e8AkhsWFpxNFkV/FORfW7XC+sp8hhHd,1.241514559206939,2.837326363240979,1.6048981491128738
1000200,Vk6Ir3hBspHY/ypz/UGauDFZ2jdm88wT5e8AkhsWFpxNFkV/FORfW7XC+sp8hhHd,1.341538033403069,1.6071216422997043,1.4403942840165826
1000500,Vk6Ir3hBspHY/ypz/UGauDFZ2jdm88wT5e8AkhsWFpxNFkV/FORfW7XC+sp8hhHd,1.368079901577674,3.61376995741806,1.6693201415074916
1000800,Vk6Ir3hBspHY/ypz/UGauDFZ2jdm88wT5e8AkhsWFpxNFkV/FORfW7XC+sp8hhHd,1.1809535803265074,75.70921540750483,30.389009243123805
1001100,Vk6Ir3hBspHY/ypz/UGauDFZ2jdm88wT5e8AkhsWFpxNFkV/FORfW7XC+sp8hhHd,48.63741378625606,83.44447527386365,69.05669601996783
1001400,Vk6Ir3hBspHY/ypz/UGauDFZ2jdm88wT5e8AkhsWFpxNFkV/FORfW7XC+sp8hhHd,42.950363752084975,60.40476135491504,51.770960134418
1001700,Vk6Ir3hBspHY/ypz/UGauDFZ2jdm88wT5e8AkhsWFpxNFkV/FORfW7XC+sp8hhHd,42.37649895899718,60.530166444228655,52.15106404902282
1002000,Vk6Ir3hBspHY/ypz/UGauDFZ2jdm88wT5e8AkhsWFpxNFkV/FORfW7XC+sp8hhHd,2.7640737828426847,87.6499951474603,45.041809109631195
1002300,Vk6Ir3hBspHY/ypz/UGauDFZ2jdm88wT5e8AkhsWFpxNFkV/FORfW7XC+sp8hhHd,1.327116829236871,3.287952948381423,1.814078190085096
1002600,Vk6Ir3hBspHY/ypz/UGauDFZ2jdm88wT5e8AkhsWFpxNFkV/FORfW7XC+sp8hhHd,1.2292062148074152,1.8192403639608268,1.4945754471493915
1002900,Vk6Ir3hBspHY/ypz/UGauDFZ2jdm88wT5e8AkhsWFpxNFkV/FORfW7XC+sp8hhHd,1.2883408321823768,8.053448339732066,3.2318562772528785
1003200,Vk6Ir3hBspHY/ypz/UGauDFZ2jdm88wT5e8AkhsWFpxNFkV/FORfW7XC+sp8hhHd,1.3046824551574792,1.7332165768584094,1.5283909549315338
1003500,Vk6Ir3hBspHY/ypz/UGauDFZ2jdm88wT5e8AkhsWFpxNFkV/FORfW7XC+sp8hhHd,1.2389716348191435,3.1064952838994606,1.6118542179508035
1003800,Vk6Ir3hBspHY/ypz/UGauDFZ2jdm88wT5e8AkhsWFpxNFkV/FORfW7XC+sp8hhHd,1.3003024248880253,1.5833880142215826,1.462161067500254
1004100,Vk6Ir3hBspHY/ypz/UGauDFZ2jdm88wT5e8AkhsWFpxNFkV/FORfW7XC+sp8hhHd,1.3015048631241586,2.7670280830724843,1.7175069829697935
1004400,Vk6Ir3hBspHY/ypz/UGauDFZ2jdm88wT5e8AkhsWFpxNFkV/FORfW7XC+sp8hhHd,1.333752745457213,1.6670743436446815,1.491637623088647
1004700,Vk6Ir3hBspHY/ypz/UGauDFZ2jdm88wT5e8AkhsWFpxNFkV/FORfW7XC+sp8hhHd,1.3074493406962124,3.1728681668939136,1.5828199057276149
1005000,Vk6Ir3hBspHY/ypz/UGauDFZ2jdm88wT5e8AkhsWFpxNFkV/FORfW7XC+sp8hhHd,1.2305719791807734,1.8586705847380756,1.5165984479858987
1005300,Vk6Ir3hBspHY/ypz/UGauDFZ2jdm88wT5e8AkhsWFpxNFkV/FORfW7XC+sp8hhHd,1.2889622834448975,3.0388907066038646,1.5724047652505244
1005600,Vk6Ir3hBspHY/ypz/UGauDFZ2jdm88wT5e8AkhsWFpxNFkV/FORfW7XC+sp8hhHd,1.309390024849439,2.219225348755313,1.5883124621799574
1005900,Vk6Ir3hBspHY/ypz/UGauDFZ2jdm88wT5e8AkhsWFpxNFkV/FORfW7XC+sp8hhHd,1.2207006570293224,2.851472168484767,1.7410927587553768
1006200,Vk6Ir3hBspHY/ypz/UGauDFZ2jdm88wT5e8AkhsWFpxNFkV/FORfW7XC+sp8hhHd,1.2300764884517297,1.6507033258340382,1.461805657777817
1006500,Vk6Ir3hBspHY/ypz/UGauDFZ2jdm88wT5e8AkhsWFpxNFkV/FORfW7XC+sp8hhHd,1.224963977688026,5.578257707175138,1.9778802605804295
1006800,Vk6Ir3hBspHY/ypz/UGauDFZ2jdm88wT5e8AkhsWFpxNFkV/FORfW7XC+sp8hhHd,1.2548870946615185,6.597572576884402,3.530034184621686
1007100,Vk6Ir3hBspHY/ypz/UGauDFZ2jdm88wT5e8AkhsWFpxNFkV/FORfW7XC+sp8hhHd,1.2528164274183364,3.0537294932871615,1.6064006598623943
1007400,Vk6Ir3hBspHY/ypz/UGauDFZ2jdm88wT5e8AkhsWFpxNFkV/FORfW7XC+sp8hhHd,1.2588245050604383,2.115679402079896,1.51211758956868
1007700,Vk6Ir3hBspHY/ypz/UGauDFZ2jdm88wT5e8AkhsWFpxNFkV/FORfW7XC+sp8hhHd,1.2545231842479632,2.8292874065922207,1.6166723867380046
1008000,Vk6Ir3hBspHY/ypz/UGauDFZ2jdm88wT5e8AkhsWFpxNFkV/FORfW7XC+sp8hhHd,1.2565600019735848,1.914075943027764,1.521621996273993
1008300,Vk6Ir3hBspHY/ypz/UGauDFZ2jdm88wT5e8AkhsWFpxNFkV/FORfW7XC+sp8hhHd,1.2676112944459776,2.757362463105669,1.5832402941024326
1008600,Vk6Ir3hBspHY/ypz/UGauDFZ2jdm88wT5e8AkhsWFpxNFkV/FORfW7XC+sp8hhHd,1.2726695262980885,2.0584204556643124,1.5925643307599373
1008900,Vk6Ir3hBspHY/ypz/UGauDFZ2jdm88wT5e8AkhsWFpxNFkV/FORfW7XC+sp8hhHd,1.3226941362271536,2.68431292158668,1.619201161637586
1009200,Vk6Ir3hBspHY/ypz/UGauDFZ2jdm88wT5e8AkhsWFpxNFkV/FORfW7XC+sp8hhHd,1.310994203419654,19.083284035403935,2.9457820246424773
1009500,Vk6Ir3hBspHY/ypz/UGauDFZ2jdm88wT5e8AkhsWFpxNFkV/FORfW7XC+sp8hhHd,1.349796744466018,2.7319390683346287,1.793213521118579
1009800,Vk6Ir3hBspHY/ypz/UGauDFZ2jdm88wT5e8AkhsWFpxNFkV/FORfW7XC+sp8hhHd,1.198708378267394,2.2599303211308515,1.5627270450145163
1010100,Vk6Ir3hBspHY/ypz/UGauDFZ2jdm88wT5e8AkhsWFpxNFkV/FORfW7XC+sp8hhHd,1.3502888978214913,2.8998420785936947,1.6319383220177917
1010400,Vk6Ir3hBspHY/ypz/UGauDFZ2jdm88wT5e8AkhsWFpxNFkV/FORfW7XC+sp8hhHd,1.2602804218441517,6.413723641840655,2.937778148169675
1010700,Vk6Ir3hBspHY/ypz/UGauDFZ2jdm88wT5e8AkhsWFpxNFkV/FORfW7XC+sp8hhHd,1.2597844315755289,2.6248443420417056,1.73174941823161
1011000,Vk6Ir3hBspHY/ypz/UGauDFZ2jdm88wT5e8AkhsWFpxNFkV/FORfW7XC+sp8hhHd,1.3537210286963586,11.594082166635832,2.3324602150292684
1011300,Vk6Ir3hBspHY/ypz/UGauDFZ2jdm88wT5e8AkhsWFpxNFkV/FORfW7XC+sp8hhHd,1.5091934743158757,17.780632089991723,3.5126172117081413
1011600,Vk6Ir3hBspHY/ypz/UGauDFZ2jdm88wT5e8AkhsWFpxNFkV/FORfW7XC+sp8hhHd,1.2582092723217364,1.9049509111939875,1.5502425032386289
1011900,Vk6Ir3hBspHY/ypz/UGauDFZ2jdm88wT5e8AkhsWFpxNFkV/FORfW7XC+sp8hhHd,1.4008506549590474,37.64887310740383,5.983655649046985
1012200,Vk6Ir3hBspHY/ypz/UGauDFZ2jdm88wT5e8AkhsWFpxNFkV/FORfW7XC+sp8hhHd,1.413726069951358,3.411985884788392,1.846813603750157
1012500,Vk6Ir3hBspHY/ypz/UGauDFZ2jdm88wT5e8AkhsWFpxNFkV/FORfW7XC+sp8hhHd,1.2764583173626278,3.7195482385094176,1.7482475828272352
1012800,Vk6Ir3hBspHY/ypz/UGauDFZ2jdm88wT5e8AkhsWFpxNFkV/FORfW7XC+sp8hhHd,1.3465383683379923,1.872205802134367,1.5703623878842436
1013100,Vk6Ir3hBspHY/ypz/UGauDFZ2jdm88wT5e8AkhsWFpxNFkV/FORfW7XC+sp8hhHd,1.3606421986855537,3.343614699317625,2.0636882264980594
1013400,Vk6Ir3hBspHY/ypz/UGauDFZ2jdm88wT5e8AkhsWFpxNFkV/FORfW7XC+sp8hhHd,1.5624994614310677,69.53097932350437,21.38627480310425
1013700,Vk6Ir3hBspHY/ypz/UGauDFZ2jdm88wT5e8AkhsWFpxNFkV/FORfW7XC+sp8hhHd,1.4231459443818375,8.40859401492169,2.560040555782307
1014000,Vk6Ir3hBspHY/ypz/UGauDFZ2jdm88wT5e8AkhsWFpxNFkV/FORfW7XC+sp8hhHd,1.336461249232633,5.684400989811217,1.9955946435462364
1014300,Vk6Ir3hBspHY/ypz/UGauDFZ2jdm88wT5e8AkhsWFpxNFkV/FORfW7XC+sp8hhHd,1.3029388736309306,6.891372011109644,2.85759593746089
1014600,Vk6Ir3hBspHY/ypz/UGauDFZ2jdm88wT5e8AkhsWFpxNFkV/FORfW7XC+sp8hhHd,1.309681087200068,2.303330434554861,1.5705696829082905
1014900,Vk6Ir3hBspHY/ypz/UGauDFZ2jdm88wT5e8AkhsWFpxNFkV/FORfW7XC+sp8hhHd,1.283099147716818,3.0788184630139415,1.6835059756909074
1015200,Vk6Ir3hBspHY/ypz/UGauDFZ2jdm88wT5e8AkhsWFpxNFkV/FORfW7XC+sp8hhHd,1.270173141975141,1.7644933104018858,1.5570857509074807
1015500,Vk6Ir3hBspHY/ypz/UGauDFZ2jdm88wT5e8AkhsWFpxNFkV/FORfW7XC+sp8hhHd,1.3748015314591735,22.1299011917835,3.76758213019904
1015800,Vk6Ir3hBspHY/ypz/UGauDFZ2jdm88wT5e8AkhsWFpxNFkV/FORfW7XC+sp8hhHd,1.4776684586886408,14.9825132568426,3.2598035402927
1016100,Vk6Ir3hBspHY/ypz/UGauDFZ2jdm88wT5e8AkhsWFpxNFkV/FORfW7XC+sp8hhHd,1.3496910873851644,2.8057515076189925,1.7284639312351706
1016400,Vk6Ir3hBspHY/ypz/UGauDFZ2jdm88wT5e8AkhsWFpxNFkV/FORfW7XC+sp8hhHd,1.4132021154993557,1.7450776278757354,1.5477363292200546
1016700,Vk6Ir3hBspHY/ypz/UGauDFZ2jdm88wT5e8AkhsWFpxNFkV/FORfW7XC+sp8hhHd,1.2703130689452096,2.970381201577124,1.7838443914523356
1017000,Vk6Ir3hBspHY/ypz/UGauDFZ2jdm88wT5e8AkhsWFpxNFkV/FORfW7XC+sp8hhHd,1.372947752376667,8.712759720418841,4.598975320178646
1017300,Vk6Ir3hBspHY/ypz/UGauDFZ2jdm88wT5e8AkhsWFpxNFkV/FORfW7XC+sp8hhHd,1.4495073565509526,62.62826532934479,13.254685281932169
1017600,Vk6Ir3hBspHY/ypz/UGauDFZ2jdm88wT5e8AkhsWFpxNFkV/FORfW7XC+sp8hhHd,1.4420988373312968,2.3660984958181155,1.7649868087788474
1017900,Vk6Ir3hBspHY/ypz/UGauDFZ2jdm88wT5e8AkhsWFpxNFkV/FORfW7XC+sp8hhHd,1.3950235980424877,7.124568001614322,3.2818771763438415
1018200,Vk6Ir3hBspHY/ypz/UGauDFZ2jdm88wT5e8AkhsWFpxNFkV/FORfW7XC+sp8hhHd,1.3078942911576688,1.9993285707591453,1.5846705422997964
1018500,Vk6Ir3hBspHY/ypz/UGauDFZ2jdm88wT5e8AkhsWFpxNFkV/FORfW7XC+sp8hhHd,1.2834110765223603,2.112580351197946,1.5931232827726756
1018800,Vk6Ir3hBspHY/ypz/UGauDFZ2jdm88wT5e8AkhsWFpxNFkV/FORfW7XC+sp8hhHd,1.374361548626276,2.8653182249479987,1.6582052867434784
1019100,Vk6Ir3hBspHY/ypz/UGauDFZ2jdm88wT5e8AkhsWFpxNFkV/FORfW7XC+sp8hhHd,1.2990889351617552,1.6862623597415478,1.4774092870823974
1019400,Vk6Ir3hBspHY/ypz/UGauDFZ2jdm88wT5e8AkhsWFpxNFkV/FORfW7XC+sp8hhHd,1.4379404464674854,2.9568672022233256,1.7444560503683637
1019700,Vk6Ir3hBspHY/ypz/UGauDFZ2jdm88wT5e8AkhsWFpxNFkV/FORfW7XC+sp8hhHd,1.2965522929268427,1.7328544088298068,1.5103705236068214
1020000,Vk6Ir3hBspHY/ypz/UGauDFZ2jdm88wT5e8AkhsWFpxNFkV/FORfW7XC+sp8hhHd,1.3211690174778088,2.7047822074058523,1.6655845799462827
1020300,Vk6Ir3hBspHY/ypz/UGauDFZ2jdm88wT5e8AkhsWFpxNFkV/FORfW7XC+sp8hhHd,1.3099727412478468,63.44110980855245,8.40887167515694
1020600,Vk6Ir3hBspHY/ypz/UGauDFZ2jdm88wT5e8AkhsWFpxNFkV/FORfW7XC+sp8hhHd,57.248363622398806,96.97461798675178,85.7863794550074
1020900,Vk6Ir3hBspHY/ypz/UGauDFZ2jdm88wT5e8AkhsWFpxNFkV/FORfW7XC+sp8hhHd,1.3809278318998666,51.66326704646558,12.249401758214653
1021200,Vk6Ir3hBspHY/ypz/UGauDFZ2jdm88wT5e8AkhsWFpxNFkV/FORfW7XC+sp8hhHd,1.4614924282281765,3.068435371645287,1.7594498585341416
1021500,Vk6Ir3hBspHY/ypz/UGauDFZ2jdm88wT5e8AkhsWFpxNFkV/FORfW7XC+sp8hhHd,1.3397910010982708,6.7775831640193545,2.9354691766100283
1021800,Vk6Ir3hBspHY/ypz/UGauDFZ2jdm88wT5e8AkhsWFpxNFkV/FORfW7XC+sp8hhHd,1.280975816878963,2.824312612230243,1.701908356426993
1022100,Vk6Ir3hBspHY/ypz/UGauDFZ2jdm88wT5e8AkhsWFpxNFkV/FORfW7XC+sp8hhHd,1.349891656271198,1.7593017004041147,1.5700122892166206
1022400,Vk6Ir3hBspHY/ypz/UGauDFZ2jdm88wT5e8AkhsWFpxNFkV/FORfW7XC+sp8hhHd,1.6754462413785067,7.86337609452719,3.6786994131747655
1022700,Vk6Ir3hBspHY/ypz/UGauDFZ2jdm88wT5e8AkhsWFpxNFkV/FORfW7XC+sp8hhHd,2.4645471534480055,54.42844404329824,25.018460540131723
1023000,Vk6Ir3hBspHY/ypz/UGauDFZ2jdm88wT5e8AkhsWFpxNFkV/FORfW7XC+sp8hhHd,39.01032802616158,59.12585885500607,48.55603885696453
1023300,Vk6Ir3hBspHY/ypz/UGauDFZ2jdm88wT5e8AkhsWFpxNFkV/FORfW7XC+sp8hhHd,2.449201536175828,8.544811194064446,4.7411847704044074
1023600,Vk6Ir3hBspHY/ypz/UGauDFZ2jdm88wT5e8AkhsWFpxNFkV/FORfW7XC+sp8hhHd,1.521870510376221,7.505609089410691,2.4692281424671325
1023900,Vk6Ir3hBspHY/ypz/UGauDFZ2jdm88wT5e8AkhsWFpxNFkV/FORfW7XC+sp8hhHd,1.350412031737546,2.589333767769894,1.6707187971459423
1024200,Vk6Ir3hBspHY/ypz/UGauDFZ2jdm88wT5e8AkhsWFpxNFkV/FORfW7XC+sp8hhHd,1.380864145152816,2.8044330754566564,1.7523106187378177
1024500,Vk6Ir3hBspHY/ypz/UGauDFZ2jdm88wT5e8AkhsWFpxNFkV/FORfW7XC+sp8hhHd,1.3762305128705032,1.7495516372864488,1.5510748397159912
1024800,Vk6Ir3hBspHY/ypz/UGauDFZ2jdm88wT5e8AkhsWFpxNFkV/FORfW7XC+sp8hhHd,1.3355583080252007,2.8490677517003697,1.715771825735541
1025100,Vk6Ir3hBspHY/ypz/UGauDFZ2jdm88wT5e8AkhsWFpxNFkV/FORfW7XC+sp8hhHd,1.3102545487056745,6.334288075753314,2.067166045390872
1025400,Vk6Ir3hBspHY/ypz/UGauDFZ2jdm88wT5e8AkhsWFpxNFkV/FORfW7XC+sp8hhHd,1.3158694454860358,8.01604392262896,2.4632094022446447
1025700,Vk6Ir3hBspHY/ypz/UGauDFZ2jdm88wT5e8AkhsWFpxNFkV/FORfW7XC+sp8hhHd,1.4087630644054907,1.9435769379705816,1.59504544802224
1026000,Vk6Ir3hBspHY/ypz/UGauDFZ2jdm88wT5e8AkhsWFpxNFkV/FORfW7XC+sp8hhHd,1.3693243574936511,3.012221418716563,1.6812333254629277
1026300,Vk6Ir3hBspHY/ypz/UGauDFZ2jdm88wT5e8AkhsWFpxNFkV/FORfW7XC+sp8hhHd,1.3282564201996867,1.6305670850986849,1.4913792778353598
1026600,Vk6Ir3hBspHY/ypz/UGauDFZ2jdm88wT5e8AkhsWFpxNFkV/FORfW7XC+sp8hhHd,1.3716185479912224,2.849128139894487,1.6882751988981053
1026900,Vk6Ir3hBspHY/ypz/UGauDFZ2jdm88wT5e8AkhsWFpxNFkV/FORfW7XC+sp8hhHd,1.3584020957951777,1.663240617468406,1.5201570404339628
1027200,Vk6Ir3hBspHY/ypz/UGauDFZ2jdm88wT5e8AkhsWFpxNFkV/FORfW7XC+sp8hhHd,1.3870838199736408,2.827210403729238,1.6817354753950926
1027500,Vk6Ir3hBspHY/ypz/UGauDFZ2jdm88wT5e8AkhsWFpxNFkV/FORfW7XC+sp8hhHd,1.3867266379946137,3.1828659021070007,1.6543379655685628
1027800,Vk6Ir3hBspHY/ypz/UGauDFZ2jdm88wT5e8AkhsWFpxNFkV/FORfW7XC+sp8hhHd,1.262540800878425,3.0668739422305578,1.6684110707681958
1028100,Vk6Ir3hBspHY/ypz/UGauDFZ2jdm88wT5e8AkhsWFpxNFkV/FORfW7XC+sp8hhHd,1.3817317791249089,1.7997388872280429,1.515143696154538
1028400,Vk6Ir3hBspHY/ypz/UGauDFZ2jdm88wT5e8AkhsWFpxNFkV/FORfW7XC+sp8hhHd,1.396953930488778,2.898333925436397,1.7270550016995234
1028700,Vk6Ir3hBspHY/ypz/UGauDFZ2jdm88wT5e8AkhsWFpxNFkV/FORfW7XC+sp8hhHd,1.309073800844313,1.8321887406749,1.5574882922609088
1029000,Vk6Ir3hBspHY/ypz/UGauDFZ2jdm88wT5e8AkhsWFpxNFkV/FORfW7XC+sp8hhHd,1.3660581234923077,7.199152764843909,3.1315854212594507
1029300,Vk6Ir3hBspHY/ypz/UGauDFZ2jdm88wT5e8AkhsWFpxNFkV/FORfW7XC+sp8hhHd,1.3472533687226889,58.88451039472709,8.443726533330977
1029600,Vk6Ir3hBspHY/ypz/UGauDFZ2jdm88wT5e8AkhsWFpxNFkV/FORfW7XC+sp8hhHd,1.5312489260974105,18.04141161055776,3.737276114500835
1029900,Vk6Ir3hBspHY/ypz/UGauDFZ2jdm88wT5e8AkhsWFpxNFkV/FORfW7XC+sp8hhHd,1.4040162615611558,1.7958602891084996,1.6128976303303095
1030200,Vk6Ir3hBspHY/ypz/UGauDFZ2jdm88wT5e8AkhsWFpxNFkV/FORfW7XC+sp8hhHd,1.388345020350536,2.913059494678929,1.6982902551292065
1030500,Vk6Ir3hBspHY/ypz/UGauDFZ2jdm88wT5e8AkhsWFpxNFkV/FORfW7XC+sp8hhHd,1.3502919685262722,1.771079173179498,1.4960970829541207
1030800,Vk6Ir3hBspHY/ypz/UGauDFZ2jdm88wT5e8AkhsWFpxNFkV/FORfW7XC+sp8hhHd,1.3455286470936951,2.898301733731482,1.6308058017669778
1031100,Vk6Ir3hBspHY/ypz/UGauDFZ2jdm88wT5e8AkhsWFpxNFkV/FORfW7XC+sp8hhHd,1.3464049034564067,3.007500377627823,1.6356510945632623
1031400,Vk6Ir3hBspHY/ypz/UGauDFZ2jdm88wT5e8AkhsWFpxNFkV/FORfW7XC+sp8hhHd,1.4119422503530832,2.751458529794613,1.6715405814836075
1031700,Vk6Ir3hBspHY/ypz/UGauDFZ2jdm88wT5e8AkhsWFpxNFkV/FORfW7XC+sp8hhHd,1.3561722276729542,1.7509758534533113,1.5519450111262236
1032000,Vk6Ir3hBspHY/ypz/UGauDFZ2jdm88wT5e8AkhsWFpxNFkV/FORfW7XC+sp8hhHd,1.4834995526354906,2.6780230925030444,1.717195309055195
1032300,Vk6Ir3hBspHY/ypz/UGauDFZ2jdm88wT5e8AkhsWFpxNFkV/FORfW7XC+sp8hhHd,1.2930945233602331,1.8757825148869949,1.565136300237452
1032600,Vk6Ir3hBspHY/ypz/UGauDFZ2jdm88wT5e8AkhsWFpxNFkV/FORfW7XC+sp8hhHd,1.4239786545692072,5.832300670152128,2.952348347442408
1032900,Vk6Ir3hBspHY/ypz/UGauDFZ2jdm88wT5e8AkhsWFpxNFkV/FORfW7XC+sp8hhHd,1.3122500130062094,1.9955984567371932,1.5993789552879305
1033200,Vk6Ir3hBspHY/ypz/UGauDFZ2jdm88wT5e8AkhsWFpxNFkV/FORfW7XC+sp8hhHd,1.3410545536735865,98.4972905521465,47.4464944550101
1033500,Vk6Ir3hBspHY/ypz/UGauDFZ2jdm88wT5e8AkhsWFpxNFkV/FORfW7XC+sp8hhHd,90.20984087523075,98.18825511907802,96.97896868035792
1033800,Vk6Ir3hBspHY/ypz/UGauDFZ2jdm88wT5e8AkhsWFpxNFkV/FORfW7XC+sp8hhHd,41.67746427350443,98.4183864206625,62.62512379873891
1034100,Vk6Ir3hBspHY/ypz/UGauDFZ2jdm88wT5e8AkhsWFpxNFkV/FORfW7XC+sp8hhHd,31.98238755321924,63.83607538276941,48.63094736748748
1034400,Vk6Ir3hBspHY/ypz/UGauDFZ2jdm88wT5e8AkhsWFpxNFkV/FORfW7XC+sp8hhHd,39.68347900702248,72.71382455996589,51.833638524518015
1034700,Vk6Ir3hBspHY/ypz/UGauDFZ2jdm88wT5e8AkhsWFpxNFkV/FORfW7XC+sp8hhHd,1.4804861334808472,39.76131777691756,10.119418979729218
1035000,Vk6Ir3hBspHY/ypz/UGauDFZ2jdm88wT5e8AkhsWFpxNFkV/FORfW7XC+sp8hhHd,1.432208507533106,3.1014384214070896,1.724092435495579
1035300,Vk6Ir3hBspHY/ypz/UGauDFZ2jdm88wT5e8AkhsWFpxNFkV/FORfW7XC+sp8hhHd,1.2647100826332338,80.59052154326223,15.199823579852064
1035600,Vk6Ir3hBspHY/ypz/UGauDFZ2jdm88wT5e8AkhsWFpxNFkV/FORfW7XC+sp8hhHd,1.4591933536884472,35.11099291731069,5.920630442169833
1035900,Vk6Ir3hBspHY/ypz/UGauDFZ2jdm88wT5e8AkhsWFpxNFkV/FORfW7XC+sp8hhHd,1.4074770354407953,1.9755684244664304,1.6005839256477816
1036200,Vk6Ir3hBspHY/ypz/UGauDFZ2jdm88wT5e8AkhsWFpxNFkV/FORfW7XC+sp8hhHd,1.2962912896685217,13.551029104289071,7.9230985653582575
1036500,Vk6Ir3hBspHY/ypz/UGauDFZ2jdm88wT5e8AkhsWFpxNFkV/FORfW7XC+sp8hhHd,7.248474350169434,12.403258010630816,9.04000883603323
1036800,Vk6Ir3hBspHY/ypz/UGauDFZ2jdm88wT5e8AkhsWFpxNFkV/FORfW7XC+sp8hhHd,1.90542963950254,11.108403824565231,7.9073850245277
1037100,Vk6Ir3hBspHY/ypz/UGauDFZ2jdm88wT5e8AkhsWFpxNFkV/FORfW7XC+sp8hhHd,1.3266822607774522,2.2389345246956727,1.6680130927359276
1037400,Vk6Ir3hBspHY/ypz/UGauDFZ2jdm88wT5e8AkhsWFpxNFkV/FORfW7XC+sp8hhHd,1.1892451968982385,53.90700253006443,11.041858745568955
1037700,Vk6Ir3hBspHY/ypz/UGauDFZ2jdm88wT5e8AkhsWFpxNFkV/FORfW7XC+sp8hhHd,1.296030671766658,3.17958020072676,1.7505637473449018
1038000,Vk6Ir3hBspHY/ypz/UGauDFZ2jdm88wT5e8AkhsWFpxNFkV/FORfW7XC+sp8hhHd,1.3197342160560164,3.120692256392364,1.6602075669652323
1038300,Vk6Ir3hBspHY/ypz/UGauDFZ2jdm88wT5e8AkhsWFpxNFkV/FORfW7XC+sp8hhHd,1.3133244093500178,62.67591737710942,13.682476315890773
1038600,Vk6Ir3hBspHY/ypz/UGauDFZ2jdm88wT5e8AkhsWFpxNFkV/FORfW7XC+sp8hhHd,34.35221109858986,67.36434706903877,51.31773174175491
1038900,Vk6Ir3hBspHY/ypz/UGauDFZ2jdm88wT5e8AkhsWFpxNFkV/FORfW7XC+sp8hhHd,32.441124677774255,66.32393837691878,50.192335740956565
1039200,Vk6Ir3hBspHY/ypz/UGauDFZ2jdm88wT5e8AkhsWFpxNFkV/FORfW7XC+sp8hhHd,30.867168996186905,79.26890194526865,52.59165117025811
1039500,Vk6Ir3hBspHY/ypz/UGauDFZ2jdm88wT5e8AkhsWFpxNFkV/FORfW7XC+sp8hhHd,1.2978771283904325,61.042034315434094,10.582702028517623
1039800,Vk6Ir3hBspHY/ypz/UGauDFZ2jdm88wT5e8AkhsWFpxNFkV/FORfW7XC+sp8hhHd,1.3177703189229777,2.8090880666361424,1.6662265623595514
1040100,Vk6Ir3hBspHY/ypz/UGauDFZ2jdm88wT5e8AkhsWFpxNFkV/FORfW7XC+sp8hhHd,40.463714530503246,98.2633150306848,87.22659784715881
1040400,Vk6Ir3hBspHY/ypz/UGauDFZ2jdm88wT5e8AkhsWFpxNFkV/FORfW7XC+sp8hhHd,1.5568694169532826,97.85772898431793,55.82238982375304
1040700,Vk6Ir3hBspHY/ypz/UGauDFZ2jdm88wT5e8AkhsWFpxNFkV/FORfW7XC+sp8hhHd,1.4019905340021452,49.93983238016397,6.325214528963052
1041000,Vk6Ir3hBspHY/ypz/UGauDFZ2jdm88wT5e8AkhsWFpxNFkV/FORfW7XC+sp8hhHd,1.2957946329329113,81.47860871452944,42.51100228979461
1041300,Vk6Ir3hBspHY/ypz/UGauDFZ2jdm88wT5e8AkhsWFpxNFkV/FORfW7XC+sp8hhHd,40.40724784551854,80.05927702390386,59.36164011363222
1041600,Vk6Ir3hBspHY/ypz/UGauDFZ2jdm88wT5e8AkhsWFpxNFkV/FORfW7XC+sp8hhHd,33.53516711551832,65.8009859785229,51.35723621884468
1041900,Vk6Ir3hBspHY/ypz/UGauDFZ2jdm88wT5e8AkhsWFpxNFkV/FORfW7XC+sp8hhHd,38.34855195935897,63.22089829058335,51.52726433524976
1042200,Vk6Ir3hBspHY/ypz/UGauDFZ2jdm88wT5e8AkhsWFpxNFkV/FORfW7XC+sp8hhHd,1.5916449924679898,73.41180951865134,21.099366873081813
1042500,Vk6Ir3hBspHY/ypz/UGauDFZ2jdm88wT5e8AkhsWFpxNFkV/FORfW7XC+sp8hhHd,1.4080528608024068,2.217850386773885,1.6542202384914428
1042800,Vk6Ir3hBspHY/ypz/UGauDFZ2jdm88wT5e8AkhsWFpxNFkV/FORfW7XC+sp8hhHd,1.223784331906582,79.57338510104577,23.311676986064533
1043100,Vk6Ir3hBspHY/ypz/UGauDFZ2jdm88wT5e8AkhsWFpxNFkV/FORfW7XC+sp8hhHd,1.402852751137565,25.06118385265268,5.5433286282972745
1043400,Vk6Ir3hBspHY/ypz/UGauDFZ2jdm88wT5e8AkhsWFpxNFkV/FORfW7XC+sp8hhHd,1.2475745097745217,8.703582297608657,2.368747926769621
1043700,Vk6Ir3hBspHY/ypz/UGauDFZ2jdm88wT5e8AkhsWFpxNFkV/FORfW7XC+sp8hhHd,1.4453923122783126,24.702993770189817,8.032868461808963
1044000,Vk6Ir3hBspHY/ypz/UGauDFZ2jdm88wT5e8AkhsWFpxNFkV/FORfW7XC+sp8hhHd,1.4379428762822188,5.828693869976961,2.218353038686265
1044300,Vk6Ir3hBspHY/ypz/UGauDFZ2jdm88wT5e8AkhsWFpxNFkV/FORfW7XC+sp8hhHd,1.3609402149818697,80.88502470809821,39.978064139015856
1044600,Vk6Ir3hBspHY/ypz/UGauDFZ2jdm88wT5e8AkhsWFpxNFkV/FORfW7XC+sp8hhHd,1.4877537721983911,73.52435235156646,18.45216602792645
1044900,Vk6Ir3hBspHY/ypz/UGauDFZ2jdm88wT5e8AkhsWFpxNFkV/FORfW7XC+sp8hhHd,1.322563770536544,61.24425933045883,22.982249562847294
1045200,Vk6Ir3hBspHY/ypz/UGauDFZ2jdm88wT5e8AkhsWFpxNFkV/FORfW7XC+sp8hhHd,42.62777403779084,71.38611109306036,54.656063026732106
1045500,Vk6Ir3hBspHY/ypz/UGauDFZ2jdm88wT5e8AkhsWFpxNFkV/FORfW7XC+sp8hhHd,33.45927753787688,55.01658528194979,46.17184456216658
1045800,Vk6Ir3hBspHY/ypz/UGauDFZ2jdm88wT5e8AkhsWFpxNFkV/FORfW7XC+sp8hhHd,1.695985816866744,57.104962606571085,17.349418316922474
1046100,Vk6Ir3hBspHY/ypz/UGauDFZ2jdm88wT5e8AkhsWFpxNFkV/FORfW7XC+sp8hhHd,1.4080405164919831,8.585703969202493,4.504976476882651
1046400,Vk6Ir3hBspHY/ypz/UGauDFZ2jdm88wT5e8AkhsWFpxNFkV/FORfW7XC+sp8hhHd,1.3034044180051578,11.744577532799136,2.761650709826029
1046700,Vk6Ir3hBspHY/ypz/UGauDFZ2jdm88wT5e8AkhsWFpxNFkV/FORfW7XC+sp8hhHd,1.4105041271779046,8.834797345283226,3.007931221151713
1047000,Vk6Ir3hBspHY/ypz/UGauDFZ2jdm88wT5e8AkhsWFpxNFkV/FORfW7XC+sp8hhHd,1.3619566886477026,3.241780359186368,1.6759964726429155
1047300,Vk6Ir3hBspHY/ypz/UGauDFZ2jdm88wT5e8AkhsWFpxNFkV/FORfW7XC+sp8hhHd,1.178023431630132,66.30772232376339,19.039248416778424
1047600,Vk6Ir3hBspHY/ypz/UGauDFZ2jdm88wT5e8AkhsWFpxNFkV/FORfW7XC+sp8hhHd,1.266330845997248,7.022365301658384,3.366149833633959
1047900,Vk6Ir3hBspHY/ypz/UGauDFZ2jdm88wT5e8AkhsWFpxNFkV/FORfW7XC+sp8hhHd,1.2901902600745858,44.64475722161386,11.836809616796458
1048200,Vk6Ir3hBspHY/ypz/UGauDFZ2jdm88wT5e8AkhsWFpxNFkV/FORfW7XC+sp8hhHd,1.6976867232775148,3.9255523454418584,2.706909496234454
1048500,Vk6Ir3hBspHY/ypz/UGauDFZ2jdm88wT5e8AkhsWFpxNFkV/FORfW7XC+sp8hhHd,1.9065499541236084,2.7136376587863515,2.235155388955539
1048800,Vk6Ir3hBspHY/ypz/UGauDFZ2jdm88wT5e8AkhsWFpxNFkV/FORfW7XC+sp8hhHd,1.568397910816386,3.2464096959555606,2.3436193928267515
1049100,Vk6Ir3hBspHY/ypz/UGauDFZ2jdm88wT5e8AkhsWFpxNFkV/FORfW7XC+sp8hhHd,1.6848167049578004,14.177466393441462,4.764015947167723
1049400,Vk6Ir3hBspHY/ypz/UGauDFZ2jdm88wT5e8AkhsWFpxNFkV/FORfW7XC+sp8hhHd,1.4640686138779229,6.803775216744188,2.641817951224386
1049700,Vk6Ir3hBspHY/ypz/UGauDFZ2jdm88wT5e8AkhsWFpxNFkV/FORfW7XC+sp8hhHd,1.3365850264074155,3.6729358691423126,1.7013479917531722
1050000,Vk6Ir3hBspHY/ypz/UGauDFZ2jdm88wT5e8AkhsWFpxNFkV/FORfW7XC+sp8hhHd,1.4367497178091622,19.033444969043504,5.185557047415756
1050300,Vk6Ir3hBspHY/ypz/UGauDFZ2jdm88wT5e8AkhsWFpxNFkV/FORfW7XC+sp8hhHd,1.298992812774212,1.8725963396265348,1.5854479708644449
1050600,Vk6Ir3hBspHY/ypz/UGauDFZ2jdm88wT5e8AkhsWFpxNFkV/FORfW7XC+sp8hhHd,1.364859185122833,6.02132760924334,2.469905909375416
1050900,Vk6Ir3hBspHY/ypz/UGauDFZ2jdm88wT5e8AkhsWFpxNFkV/FORfW7XC+sp8hhHd,1.3297837098922043,2.8904228622074424,1.7589702276667385
1051200,Vk6Ir3hBspHY/ypz/UGauDFZ2jdm88wT5e8AkhsWFpxNFkV/FORfW7XC+sp8hhHd,1.1780984858004877,97.44737595394233,31.242887013288005
1051500,Vk6Ir3hBspHY/ypz/UGauDFZ2jdm88wT5e8AkhsWFpxNFkV/FORfW7XC+sp8hhHd,39.39808741592046,75.64238623617796,50.696319574727674
1051800,Vk6Ir3hBspHY/ypz/UGauDFZ2jdm88wT5e8AkhsWFpxNFkV/FORfW7XC+sp8hhHd,37.54569670612484,56.26599818912942,46.73139503924484
1052100,Vk6Ir3hBspHY/ypz/UGauDFZ2jdm88wT5e8AkhsWFpxNFkV/FORfW7XC+sp8hhHd,40.77698784421517,52.38607863838448,46.3919679530516
1052400,Vk6Ir3hBspHY/ypz/UGauDFZ2jdm88wT5e8AkhsWFpxNFkV/FORfW7XC+sp8hhHd,38.8274289087444,61.50201625269237,48.13603222842664
1052700,Vk6Ir3hBspHY/ypz/UGauDFZ2jdm88wT5e8AkhsWFpxNFkV/FORfW7XC+sp8hhHd,34.36377878339915,56.407057982747126,45.93113496988566
1053000,Vk6Ir3hBspHY/ypz/UGauDFZ2jdm88wT5e8AkhsWFpxNFkV/FORfW7XC+sp8hhHd,36.78764660941805,80.22806345912615,49.3402779485801
1053300,Vk6Ir3hBspHY/ypz/UGauDFZ2jdm88wT5e8AkhsWFpxNFkV/FORfW7XC+sp8hhHd,1.400395647444196,97.601923702715,21.630663472925157
1053600,Vk6Ir3hBspHY/ypz/UGauDFZ2jdm88wT5e8AkhsWFpxNFkV/FORfW7XC+sp8hhHd,1.3923767960758473,13.09663908267486,2.977495428612574
1053900,Vk6Ir3hBspHY/ypz/UGauDFZ2jdm88wT5e8AkhsWFpxNFkV/FORfW7XC+sp8hhHd,1.36590394916242,6.660326234116714,2.3495688612790446
1054200,Vk6Ir3hBspHY/ypz/UGauDFZ2jdm88wT5e8AkhsWFpxNFkV/FORfW7XC+sp8hhHd,1.3555592602032238,3.007797737799273,1.6806167885628849
1054500,Vk6Ir3hBspHY/ypz/UGauDFZ2jdm88wT5e8AkhsWFpxNFkV/FORfW7XC+sp8hhHd,1.2719867754747898,54.15962522690368,11.131083367484727
1054800,Vk6Ir3hBspHY/ypz/UGauDFZ2jdm88wT5e8AkhsWFpxNFkV/FORfW7XC+sp8hhHd,1.3119861335436396,8.88363134638502,2.9524955815135634
1055100,Vk6Ir3hBspHY/ypz/UGauDFZ2jdm88wT5e8AkhsWFpxNFkV/FORfW7XC+sp8hhHd,1.275380138932201,75.6211835776064,30.35096337189485
1055400,Vk6Ir3hBspHY/ypz/UGauDFZ2jdm88wT5e8AkhsWFpxNFkV/FORfW7XC+sp8hhHd,3.1227912092254684,93.09154668676015,62.678438880066444
1055700,Vk6Ir3hBspHY/ypz/UGauDFZ2jdm88wT5e8AkhsWFpxNFkV/FORfW7XC+sp8hhHd,1.2663638670609658,7.1125084310081,2.0070465393670047
1056000,Vk6Ir3hBspHY/ypz/UGauDFZ2jdm88wT5e8AkhsWFpxNFkV/FORfW7XC+sp8hhHd,1.3246129393496706,55.55334924598236,7.331656336909535
1056300,Vk6Ir3hBspHY/ypz/UGauDFZ2jdm88wT5e8AkhsWFpxNFkV/FORfW7XC+sp8hhHd,72.57548252520398,86.20642981215161,78.63590396914753
1056600,Vk6Ir3hBspHY/ypz/UGauDFZ2jdm88wT5e8AkhsWFpxNFkV/FORfW7XC+sp8hhHd,2.142526981764651,92.23303528492464,51.86780410182836
1056900,Vk6Ir3hBspHY/ypz/UGauDFZ2jdm88wT5e8AkhsWFpxNFkV/FORfW7XC+sp8hhHd,1.2966742193699765,6.147963118423691,2.0695478619509315
1057200,Vk6Ir3hBspHY/ypz/UGauDFZ2jdm88wT5e8AkhsWFpxNFkV/FORfW7XC+sp8hhHd,1.2040727443916934,89.25678231111398,58.997674979894974
1057500,Vk6Ir3hBspHY/ypz/UGauDFZ2jdm88wT5e8AkhsWFpxNFkV/FORfW7XC+sp8hhHd,1.477233669630228,69.78618038974317,24.48210224339724
1057800,Vk6Ir3hBspHY/ypz/UGauDFZ2jdm88wT5e8AkhsWFpxNFkV/FORfW7XC+sp8hhHd,1.3827893465334955,3.14560936453572,1.7852886959657583
1058100,Vk6Ir3hBspHY/ypz/UGauDFZ2jdm88wT5e8AkhsWFpxNFkV/FORfW7XC+sp8hhHd,1.2721195515301966,8.110945992810473,2.630651738941383
1058400,Vk6Ir3hBspHY/ypz/UGauDFZ2jdm88wT5e8AkhsWFpxNFkV/FORfW7XC+sp8hhHd,1.4035115330936947,3.639787073656133,1.838821343112364
1058700,Vk6Ir3hBspHY/ypz/UGauDFZ2jdm88wT5e8AkhsWFpxNFkV/FORfW7XC+sp8hhHd,1.5084820757078563,64.59855134946449,12.164572826514116
1059000,Vk6Ir3hBspHY/ypz/UGauDFZ2jdm88wT5e8AkhsWFpxNFkV/FORfW7XC+sp8hhHd,62.723294959543765,74.94419074497357,70.67171097359757
1059300,Vk6Ir3hBspHY/ypz/UGauDFZ2jdm88wT5e8AkhsWFpxNFkV/FORfW7XC+sp8hhHd,1.863180484342588,79.93792229136668,50.99584139037662
1059600,Vk6Ir3hBspHY/ypz/UGauDFZ2jdm88wT5e8AkhsWFpxNFkV/FORfW7XC+sp8hhHd,1.273393464853923,6.958451638543249,2.0089878502936758
1059900,Vk6Ir3hBspHY/ypz/UGauDFZ2jdm88wT5e8AkhsWFpxNFkV/FORfW7XC+sp8hhHd,1.4290845947169306,79.1813157360931,59.16721415977323
1060200,Vk6Ir3hBspHY/ypz/UGauDFZ2jdm88wT5e8AkhsWFpxNFkV/FORfW7XC+sp8hhHd,1.5128031620426845,79.30002522512132,24.57924099693277
1060500,Vk6Ir3hBspHY/ypz/UGauDFZ2jdm88wT5e8AkhsWFpxNFkV/FORfW7XC+sp8hhHd,1.3748020336352915,3.1408897478912814,1.724789591091454
1060800,Vk6Ir3hBspHY/ypz/UGauDFZ2jdm88wT5e8AkhsWFpxNFkV/FORfW7XC+sp8hhHd,1.1925841737802052,66.48516956247147,14.14975895093302
1061100,Vk6Ir3hBspHY/ypz/UGauDFZ2jdm88wT5e8AkhsWFpxNFkV/FORfW7XC+sp8hhHd,1.4536181211665824,3.3869810523298955,1.7990554218273234
1061400,Vk6Ir3hBspHY/ypz/UGauDFZ2jdm88wT5e8AkhsWFpxNFkV/FORfW7XC+sp8hhHd,1.2775344335118404,16.376748568493163,4.136081921727827
1061700,Vk6Ir3hBspHY/ypz/UGauDFZ2jdm88wT5e8AkhsWFpxNFkV/FORfW7XC+sp8hhHd,1.3392844127050767,61.74668777521183,16.43012869325405
1062000,Vk6Ir3hBspHY/ypz/UGauDFZ2jdm88wT5e8AkhsWFpxNFkV/FORfW7XC+sp8hhHd,1.4197344321651213,2.876991108849245,1.7473061971650037
1062300,Vk6Ir3hBspHY/ypz/UGauDFZ2jdm88wT5e8AkhsWFpxNFkV/FORfW7XC+sp8hhHd,2.1786073787953675,57.26368636992249,38.89483344460923
1062600,Vk6Ir3hBspHY/ypz/UGauDFZ2jdm88wT5e8AkhsWFpxNFkV/FORfW7XC+sp8hhHd,4.495983298492127,54.73369199498484,37.77765178484757
1062900,Vk6Ir3hBspHY/ypz/UGauDFZ2jdm88wT5e8AkhsWFpxNFkV/FORfW7XC+sp8hhHd,1.4214602268624188,5.356046312761432,2.1059440307255426
1063200,Vk6Ir3hBspHY/ypz/UGauDFZ2jdm88wT5e8AkhsWFpxNFkV/FORfW7XC+sp8hhHd,1.2678975575188494,60.287074586677896,25.77655849875581
1063500,Vk6Ir3hBspHY/ypz/UGauDFZ2jdm88wT5e8AkhsWFpxNFkV/FORfW7XC+sp8hhHd,1.4163881505123324,57.86886156537945,29.675970455735182
1063800,Vk6Ir3hBspHY/ypz/UGauDFZ2jdm88wT5e8AkhsWFpxNFkV/FORfW7XC+sp8hhHd,1.3666338196473145,3.606564514431141,1.8482276340475048
1064100,Vk6Ir3hBspHY/ypz/UGauDFZ2jdm88wT5e8AkhsWFpxNFkV/FORfW7XC+sp8hhHd,1.1926868276942844,79.4327876185887,19.66325932389885
1064400,Vk6Ir3hBspHY/ypz/UGauDFZ2jdm88wT5e8AkhsWFpxNFkV/FORfW7XC+sp8hhHd,31.393042650203377,88.10288394783818,76.50257576273553
1064700,Vk6Ir3hBspHY/ypz/UGauDFZ2jdm88wT5e8AkhsWFpxNFkV/FORfW7XC+sp8hhHd,1.4560374647392025,87.99435110019496,14.38566426227354
1065000,Vk6Ir3hBspHY/ypz/UGauDFZ2jdm88wT5e8AkhsWFpxNFkV/FORfW7XC+sp8hhHd,1.2776941884730313,7.737655368303922,2.2924809779170587
1065300,Vk6Ir3hBspHY/ypz/UGauDFZ2jdm88wT5e8AkhsWFpxNFkV/FORfW7XC+sp8hhHd,13.250621476021664,75.57233526235719,41.72079555341256
1065600,Vk6Ir3hBspHY/ypz/UGauDFZ2jdm88wT5e8AkhsWFpxNFkV/FORfW7XC+sp8hhHd,1.5014176876170666,73.04857146889017,32.97751955268162
1065900,Vk6Ir3hBspHY/ypz/UGauDFZ2jdm88wT5e8AkhsWFpxNFkV/FORfW7XC+sp8hhHd,1.331054327824666,2.1245704867976403,1.6606472501833716
1066200,Vk6Ir3hBspHY/ypz/UGauDFZ2jdm88wT5e8AkhsWFpxNFkV/FORfW7XC+sp8hhHd,1.53075316466231,79.41705085587411,23.42617971677039
1066500,Vk6Ir3hBspHY/ypz/UGauDFZ2jdm88wT5e8AkhsWFpxNFkV/FORfW7XC+sp8hhHd,1.3706798557749489,2.516901256362976,1.7028567481470946
1066800,Vk6Ir3hBspHY/ypz/UGauDFZ2jdm88wT5e8AkhsWFpxNFkV/FORfW7XC+sp8hhHd,1.283515347096002,39.46224664800978,8.181152293267822
1067100,Vk6Ir3hBspHY/ypz/UGauDFZ2jdm88wT5e8AkhsWFpxNFkV/FORfW7XC+sp8hhHd,1.4130711265848277,17.191309861799517,4.705545710825396
1067400,Vk6Ir3hBspHY/ypz/UGauDFZ2jdm88wT5e8AkhsWFpxNFkV/FORfW7XC+sp8hhHd,1.2843375159925103,22.68401571908984,3.9452104862688047
1067700,Vk6Ir3hBspHY/ypz/UGauDFZ2jdm88wT5e8AkhsWFpxNFkV/FORfW7XC+sp8hhHd,49.152853756346175,85.24480489209283,76.1139103535657
1068000,Vk6Ir3hBspHY/ypz/UGauDFZ2jdm88wT5e8AkhsWFpxNFkV/FORfW7XC+sp8hhHd,1.5131078540178342,87.56057385486261,47.80622475562946
1068300,Vk6Ir3hBspHY/ypz/UGauDFZ2jdm88wT5e8AkhsWFpxNFkV/FORfW7XC+sp8hhHd,1.4943079847589336,13.354650087249253,5.052346437415579
1068600,Vk6Ir3hBspHY/ypz/UGauDFZ2jdm88wT5e8AkhsWFpxNFkV/FORfW7XC+sp8hhHd,2.1440322860308205,82.37256248706096,45.43254938434959
1068900,Vk6Ir3hBspHY/ypz/UGauDFZ2jdm88wT5e8AkhsWFpxNFkV/FORfW7XC+sp8hhHd,74.29300134835681,94.72005632582515,82.54427978980434
1069200,Vk6Ir3hBspHY/ypz/UGauDFZ2jdm88wT5e8AkhsWFpxNFkV/FORfW7XC+sp8hhHd,1.5484049469167065,83.11822741885713,22.000958804517616
1069500,Vk6Ir3hBspHY/ypz/UGauDFZ2jdm88wT5e8AkhsWFpxNFkV/FORfW7XC+sp8hhHd,1.463309484221497,48.61114455628269,7.330642799877975
1069800,Vk6Ir3hBspHY/ypz/UGauDFZ2jdm88wT5e8AkhsWFpxNFkV/FORfW7XC+sp8hhHd,1.4609216199189716,10.503666989528726,4.444074779574466
1070100,Vk6Ir3hBspHY/ypz/UGauDFZ2jdm88wT5e8AkhsWFpxNFkV/FORfW7XC+sp8hhHd,1.3425583973152593,13.94009357110399,2.730527713128577
1070400,Vk6Ir3hBspHY/ypz/UGauDFZ2jdm88wT5e8AkhsWFpxNFkV/FORfW7XC+sp8hhHd,34.13448710237136,46.31434770502808,40.5301892671467
1070700,Vk6Ir3hBspHY/ypz/UGauDFZ2jdm88wT5e8AkhsWFpxNFkV/FORfW7XC+sp8hhHd,1.4188565380339038,78.29071782164321,36.239476957214045
1071000,Vk6Ir3hBspHY/ypz/UGauDFZ2jdm88wT5e8AkhsWFpxNFkV/FORfW7XC+sp8hhHd,1.3485736867709803,5.303000250729694,2.2519639370836164
1071300,Vk6Ir3hBspHY/ypz/UGauDFZ2jdm88wT5e8AkhsWFpxNFkV/FORfW7XC+sp8hhHd,1.4231014825954766,85.26993112152432,15.508591344803794
1071600,Vk6Ir3hBspHY/ypz/UGauDFZ2jdm88wT5e8AkhsWFpxNFkV/FORfW7XC+sp8hhHd,1.3593336982350228,12.999598069992237,3.9293682336518048
1071900,Vk6Ir3hBspHY/ypz/UGauDFZ2jdm88wT5e8AkhsWFpxNFkV/FORfW7XC+sp8hhHd,1.3429652633684324,94.37992556552156,28.522264006585072
1072200,Vk6Ir3hBspHY/ypz/UGauDFZ2jdm88wT5e8AkhsWFpxNFkV/FORfW7XC+sp8hhHd,45.33179645747906,94.51895915458182,67.97734107166963
1072500,Vk6Ir3hBspHY/ypz/UGauDFZ2jdm88wT5e8AkhsWFpxNFkV/FORfW7XC+sp8hhHd,26.336548556322477,86.5680865376457,62.078780878296506
1072800,Vk6Ir3hBspHY/ypz/UGauDFZ2jdm88wT5e8AkhsWFpxNFkV/FORfW7XC+sp8hhHd,32.199674271613034,90.3805912314499,54.58159679949112
1073100,Vk6Ir3hBspHY/ypz/UGauDFZ2jdm88wT5e8AkhsWFpxNFkV/FORfW7XC+sp8hhHd,32.64454003567549,94.37436552628878,53.0304738758105
1073400,Vk6Ir3hBspHY/ypz/UGauDFZ2jdm88wT5e8AkhsWFpxNFkV/FORfW7XC+sp8hhHd,37.237149733364525,69.24756148453245,47.15716559649216
1073700,Vk6Ir3hBspHY/ypz/UGauDFZ2jdm88wT5e8AkhsWFpxNFkV/FORfW7XC+sp8hhHd,40.49192928593634,56.44542725937252,48.20169484243648
1074000,Vk6Ir3hBspHY/ypz/UGauDFZ2jdm88wT5e8AkhsWFpxNFkV/FORfW7XC+sp8hhHd,36.1946320920567,51.440075327636606,45.57037354952912
1074300,Vk6Ir3hBspHY/ypz/UGauDFZ2jdm88wT5e8AkhsWFpxNFkV/FORfW7XC+sp8hhHd,34.061880030487124,50.6705099581481,41.79262707155984
1074600,Vk6Ir3hBspHY/ypz/UGauDFZ2jdm88wT5e8AkhsWFpxNFkV/FORfW7XC+sp8hhHd,37.18262190296522,55.94459600463322,46.81433283705765
1074900,Vk6Ir3hBspHY/ypz/UGauDFZ2jdm88wT5e8AkhsWFpxNFkV/FORfW7XC+sp8hhHd,36.41743549941623,53.33958728472752,47.0451187271681
1075200,Vk6Ir3hBspHY/ypz/UGauDFZ2jdm88wT5e8AkhsWFpxNFkV/FORfW7XC+sp8hhHd,35.5717816671577,46.149077247288766,41.507514181114175
1075500,Vk6Ir3hBspHY/ypz/UGauDFZ2jdm88wT5e8AkhsWFpxNFkV/FORfW7XC+sp8hhHd,34.091910763241515,54.39892736960852,44.1452816893012
1075800,Vk6Ir3hBspHY/ypz/UGauDFZ2jdm88wT5e8AkhsWFpxNFkV/FORfW7XC+sp8hhHd,41.07325984938971,50.34226105367185,47.222795949067496
1076100,Vk6Ir3hBspHY/ypz/UGauDFZ2jdm88wT5e8AkhsWFpxNFkV/FORfW7XC+sp8hhHd,30.161301054406213,49.55352868943905,42.1354644915732
1076400,Vk6Ir3hBspHY/ypz/UGauDFZ2jdm88wT5e8AkhsWFpxNFkV/FORfW7XC+sp8hhHd,37.31435141498936,49.391830390229565,41.69723089512782
1076700,Vk6Ir3hBspHY/ypz/UGauDFZ2jdm88wT5e8AkhsWFpxNFkV/FORfW7XC+sp8hhHd,36.04415222097471,52.36764059079575,42.56610863163661
1077000,Vk6Ir3hBspHY/ypz/UGauDFZ2jdm88wT5e8AkhsWFpxNFkV/FORfW7XC+sp8hhHd,33.20633445340116,50.53101633245912,42.93682997712516
1077300,Vk6Ir3hBspHY/ypz/UGauDFZ2jdm88wT5e8AkhsWFpxNFkV/FORfW7XC+sp8hhHd,36.922027556514045,53.43618931053797,46.03968253995796
1077600,Vk6Ir3hBspHY/ypz/UGauDFZ2jdm88wT5e8AkhsWFpxNFkV/FORfW7XC+sp8hhHd,36.63430536379282,55.16695971022818,44.97504265114518
1077900,Vk6Ir3hBspHY/ypz/UGauDFZ2jdm88wT5e8AkhsWFpxNFkV/FORfW7XC+sp8hhHd,43.49969183428407,56.04055475315298,49.59065279864623
1078200,Vk6Ir3hBspHY/ypz/UGauDFZ2jdm88wT5e8AkhsWFpxNFkV/FORfW7XC+sp8hhHd,39.29272898280898,52.07174983160168,46.05007049277977
1078500,Vk6Ir3hBspHY/ypz/UGauDFZ2jdm88wT5e8AkhsWFpxNFkV/FORfW7XC+sp8hhHd,39.35802574877028,53.31893746922261,45.77545051405101
1078800,Vk6Ir3hBspHY/ypz/UGauDFZ2jdm88wT5e8AkhsWFpxNFkV/FORfW7XC+sp8hhHd,41.39733752668143,55.427715406292336,49.02687984357253
1079100,Vk6Ir3hBspHY/ypz/UGauDFZ2jdm88wT5e8AkhsWFpxNFkV/FORfW7XC+sp8hhHd,39.840517466245515,52.59427802417287,45.4727090898579
1079400,Vk6Ir3hBspHY/ypz/UGauDFZ2jdm88wT5e8AkhsWFpxNFkV/FORfW7XC+sp8hhHd,37.43929415054933,51.86008596528319,45.2708400462525
1079700,Vk6Ir3hBspHY/ypz/UGauDFZ2jdm88wT5e8AkhsWFpxNFkV/FORfW7XC+sp8hhHd,43.45221931457306,51.1630743229721,47.402044585696856
1080000,Vk6Ir3hBspHY/ypz/UGauDFZ2jdm88wT5e8AkhsWFpxNFkV/FORfW7XC+sp8hhHd,39.75195816632476,52.0095910806475,44.93483355339065
1080300,Vk6Ir3hBspHY/ypz/UGauDFZ2jdm88wT5e8AkhsWFpxNFkV/FORfW7XC+sp8hhHd,39.710906346646205,52.061188070375245,46.80931775471593
1080600,Vk6Ir3hBspHY/ypz/UGauDFZ2jdm88wT5e8AkhsWFpxNFkV/FORfW7XC+sp8hhHd,37.68821710129512,47.237902698172014,44.54090041567809
1080900,Vk6Ir3hBspHY/ypz/UGauDFZ2jdm88wT5e8AkhsWFpxNFkV/FORfW7XC+sp8hhHd,33.14449877637507,56.20620556840756,44.09481432124383
1081200,Vk6Ir3hBspHY/ypz/UGauDFZ2jdm88wT5e8AkhsWFpxNFkV/FORfW7XC+sp8hhHd,44.2754286833416,55.34103704433433,48.280180599126304
1081500,Vk6Ir3hBspHY/ypz/UGauDFZ2jdm88wT5e8AkhsWFpxNFkV/FORfW7XC+sp8hhHd,41.732776930159936,49.567286648822474,45.25521450091806
1081800,Vk6Ir3hBspHY/ypz/UGauDFZ2jdm88wT5e8AkhsWFpxNFkV/FORfW7XC+sp8hhHd,35.441249584900824,52.761506945635226,45.04103891728931
1082100,Vk6Ir3hBspHY/ypz/UGauDFZ2jdm88wT5e8AkhsWFpxNFkV/FORfW7XC+sp8hhHd,38.62506086256366,54.19787356865602,47.24152548003585
1082400,Vk6Ir3hBspHY/ypz/UGauDFZ2jdm88wT5e8AkhsWFpxNFkV/FORfW7XC+sp8hhHd,39.19978083661382,53.19998866308158,47.11990180828586
1082700,Vk6Ir3hBspHY/ypz/UGauDFZ2jdm88wT5e8AkhsWFpxNFkV/FORfW7XC+sp8hhHd,36.3403337010257,51.54236612359539,43.45961667827438
1083000,Vk6Ir3hBspHY/ypz/UGauDFZ2jdm88wT5e8AkhsWFpxNFkV/FORfW7XC+sp8hhHd,39.5454962925037,52.87722017245299,46.554079257901165
1083300,Vk6Ir3hBspHY/ypz/UGauDFZ2jdm88wT5e8AkhsWFpxNFkV/FORfW7XC+sp8hhHd,42.700564123361595,57.09015393113065,48.95699640019118
1083600,Vk6Ir3hBspHY/ypz/UGauDFZ2jdm88wT5e8AkhsWFpxNFkV/FORfW7XC+sp8hhHd,35.13504457349719,54.77423261113396,46.57430443913309
1083900,Vk6Ir3hBspHY/ypz/UGauDFZ2jdm88wT5e8AkhsWFpxNFkV/FORfW7XC+sp8hhHd,32.334161470461275,47.95457242955378,42.190829018160805
1084200,Vk6Ir3hBspHY/ypz/UGauDFZ2jdm88wT5e8AkhsWFpxNFkV/FORfW7XC+sp8hhHd,38.067333893535206,51.644326390398334,45.09690887506658
1084500,Vk6Ir3hBspHY/ypz/UGauDFZ2jdm88wT5e8AkhsWFpxNFkV/FORfW7XC+sp8hhHd,40.89777748082104,54.966212081985816,49.056803178097766
1084800,Vk6Ir3hBspHY/ypz/UGauDFZ2jdm88wT5e8AkhsWFpxNFkV/FORfW7XC+sp8hhHd,43.24886621902876,54.05704309640266,48.885832248691216
1085100,Vk6Ir3hBspHY/ypz/UGauDFZ2jdm88wT5e8AkhsWFpxNFkV/FORfW7XC+sp8hhHd,43.59867026609173,54.15752346189626,48.49305826005722
1085400,Vk6Ir3hBspHY/ypz/UGauDFZ2jdm88wT5e8AkhsWFpxNFkV/FORfW7XC+sp8hhHd,35.553375011707594,50.50355254544502,42.91394072892032
1085700,Vk6Ir3hBspHY/ypz/UGauDFZ2jdm88wT5e8AkhsWFpxNFkV/FORfW7XC+sp8hhHd,43.06604962681512,55.23213174327417,47.470946269990215
1086000,Vk6Ir3hBspHY/ypz/UGauDFZ2jdm88wT5e8AkhsWFpxNFkV/FORfW7XC+sp8hhHd,39.49183029154501,50.52742781100602,44.78251295559377
1086300,Vk6Ir3hBspHY/ypz/UGauDFZ2jdm88wT5e8AkhsWFpxNFkV/FORfW7XC+sp8hhHd,41.220830818469736,54.07327017532709,45.5869375856426
1086600,Vk6Ir3hBspHY/ypz/UGauDFZ2jdm88wT5e8AkhsWFpxNFkV/FORfW7XC+sp8hhHd,38.86337303605413,47.14148387610516,42.72749366924142
1086900,Vk6Ir3hBspHY/ypz/UGauDFZ2jdm88wT5e8AkhsWFpxNFkV/FORfW7XC+sp8hhHd,34.80676420617016,53.0735178903369,44.23309383840599
1087200,Vk6Ir3hBspHY/ypz/UGauDFZ2jdm88wT5e8AkhsWFpxNFkV/FORfW7XC+sp8hhHd,37.13101641440888,51.319956480425176,44.24528725448014
1087500,Vk6Ir3hBspHY/ypz/UGauDFZ2jdm88wT5e8AkhsWFpxNFkV/FORfW7XC+sp8hhHd,34.969151563846545,51.621245907152954,44.43718480366196
1087800,Vk6Ir3hBspHY/ypz/UGauDFZ2jdm88wT5e8AkhsWFpxNFkV/FORfW7XC+sp8hhHd,38.424533066981255,49.09154559380008,44.68705375181328
1088100,Vk6Ir3hBspHY/ypz/UGauDFZ2jdm88wT5e8AkhsWFpxNFkV/FORfW7XC+sp8hhHd,35.69164523761279,48.05045122259538,42.65284466038949
1088400,Vk6Ir3hBspHY/ypz/UGauDFZ2jdm88wT5e8AkhsWFpxNFkV/FORfW7XC+sp8hhHd,42.81546626849165,56.03857002168112,50.075317434105166
1088700,Vk6Ir3hBspHY/ypz/UGauDFZ2jdm88wT5e8AkhsWFpxNFkV/FORfW7XC+sp8hhHd,33.906804345346494,52.85474382769066,45.90572227468223
1089000,Vk6Ir3hBspHY/ypz/UGauDFZ2jdm88wT5e8AkhsWFpxNFkV/FORfW7XC+sp8hhHd,39.406033609828256,50.89241881755749,44.209801279084395
1089300,Vk6Ir3hBspHY/ypz/UGauDFZ2jdm88wT5e8AkhsWFpxNFkV/FORfW7XC+sp8hhHd,41.63537615631944,56.44402947845159,48.23429359186883
1089600,Vk6Ir3hBspHY/ypz/UGauDFZ2jdm88wT5e8AkhsWFpxNFkV/FORfW7XC+sp8hhHd,36.240506791237614,50.08310912921375,44.67252403381483
1089900,Vk6Ir3hBspHY/ypz/UGauDFZ2jdm88wT5e8AkhsWFpxNFkV/FORfW7XC+sp8hhHd,39.37848584540678,54.757818590769766,47.97454884326631
1090200,Vk6Ir3hBspHY/ypz/UGauDFZ2jdm88wT5e8AkhsWFpxNFkV/FORfW7XC+sp8hhHd,31.55815047861069,49.17817910179664,40.79802328050442
1090500,Vk6Ir3hBspHY/ypz/UGauDFZ2jdm88wT5e8AkhsWFpxNFkV/FORfW7XC+sp8hhHd,34.189887869923,48.90597094358032,42.59731357469328
1090800,Vk6Ir3hBspHY/ypz/UGauDFZ2jdm88wT5e8AkhsWFpxNFkV/FORfW7XC+sp8hhHd,35.40354385401427,49.09015107961538,43.21265263887776
1091100,Vk6Ir3hBspHY/ypz/UGauDFZ2jdm88wT5e8AkhsWFpxNFkV/FORfW7XC+sp8hhHd,38.297434496821694,50.91062368229388,44.942462875954085
1091400,Vk6Ir3hBspHY/ypz/UGauDFZ2jdm88wT5e8AkhsWFpxNFkV/FORfW7XC+sp8hhHd,34.912434827422594,48.12343712253927,42.28300208092013
1091700,Vk6Ir3hBspHY/ypz/UGauDFZ2jdm88wT5e8AkhsWFpxNFkV/FORfW7XC+sp8hhHd,30.89713596769867,50.45774668778548,40.898427562726255
1092000,Vk6Ir3hBspHY/ypz/UGauDFZ2jdm88wT5e8AkhsWFpxNFkV/FORfW7XC+sp8hhHd,42.337928380035095,54.493054272001686,47.155118622662
1092300,Vk6Ir3hBspHY/ypz/UGauDFZ2jdm88wT5e8AkhsWFpxNFkV/FORfW7XC+sp8hhHd,36.955386831020256,54.47529267962658,47.2829603361303
1092600,Vk6Ir3hBspHY/ypz/UGauDFZ2jdm88wT5e8AkhsWFpxNFkV/FORfW7XC+sp8hhHd,36.41790354440705,51.145947141755045,44.61613269499853
1092900,Vk6Ir3hBspHY/ypz/UGauDFZ2jdm88wT5e8AkhsWFpxNFkV/FORfW7XC+sp8hhHd,34.69732600461316,51.72496427606444,43.15044002762346
1093200,Vk6Ir3hBspHY/ypz/UGauDFZ2jdm88wT5e8AkhsWFpxNFkV/FORfW7XC+sp8hhHd,32.120776734027544,46.395868281661336,40.90064161430577
1093500,Vk6Ir3hBspHY/ypz/UGauDFZ2jdm88wT5e8AkhsWFpxNFkV/FORfW7XC+sp8hhHd,33.30106535427437,51.06152545917515,42.68613477719106
1093800,Vk6Ir3hBspHY/ypz/UGauDFZ2jdm88wT5e8AkhsWFpxNFkV/FORfW7XC+sp8hhHd,36.24787471668712,49.59702276835351,42.98869024639389
1094100,Vk6Ir3hBspHY/ypz/UGauDFZ2jdm88wT5e8AkhsWFpxNFkV/FORfW7XC+sp8hhHd,33.75295292486532,46.6467206086589,42.03901383304478
1094400,Vk6Ir3hBspHY/ypz/UGauDFZ2jdm88wT5e8AkhsWFpxNFkV/FORfW7XC+sp8hhHd,36.69606293932784,52.22581090756461,45.73136460109311
1094700,Vk6Ir3hBspHY/ypz/UGauDFZ2jdm88wT5e8AkhsWFpxNFkV/FORfW7XC+sp8hhHd,33.509941229521004,49.99394484541565,42.54213675131213
1095000,Vk6Ir3hBspHY/ypz/UGauDFZ2jdm88wT5e8AkhsWFpxNFkV/FORfW7XC+sp8hhHd,37.78325366285118,48.50568778392973,43.37747943081379
1095300,Vk6Ir3hBspHY/ypz/UGauDFZ2jdm88wT5e8AkhsWFpxNFkV/FORfW7XC+sp8hhHd,35.22106854347193,53.33386440181644,47.10506535997871
1095600,Vk6Ir3hBspHY/ypz/UGauDFZ2jdm88wT5e8AkhsWFpxNFkV/FORfW7XC+sp8hhHd,36.398796384179136,54.49281056115378,46.62935303868836
1095900,Vk6Ir3hBspHY/ypz/UGauDFZ2jdm88wT5e8AkhsWFpxNFkV/FORfW7XC+sp8hhHd,37.558729829162,54.37253120355041,47.98861520100737
1096200,Vk6Ir3hBspHY/ypz/UGauDFZ2jdm88wT5e8AkhsWFpxNFkV/FORfW7XC+sp8hhHd,38.41013626884521,52.88139986888369,44.98905952849607
1096500,Vk6Ir3hBspHY/ypz/UGauDFZ2jdm88wT5e8AkhsWFpxNFkV/FORfW7XC+sp8hhHd,37.58615976922994,56.05628874744808,48.43280469366045
1096800,Vk6Ir3hBspHY/ypz/UGauDFZ2jdm88wT5e8AkhsWFpxNFkV/FORfW7XC+sp8hhHd,33.848593248889486,48.95074302801866,42.89976547984537
1097100,Vk6Ir3hBspHY/ypz/UGauDFZ2jdm88wT5e8AkhsWFpxNFkV/FORfW7XC+sp8hhHd,42.016925964591934,54.8581109462015,48.82944396137586
1097400,Vk6Ir3hBspHY/ypz/UGauDFZ2jdm88wT5e8AkhsWFpxNFkV/FORfW7XC+sp8hhHd,40.86129833669092,53.98064686226698,46.87343068849026
1097700,Vk6Ir3hBspHY/ypz/UGauDFZ2jdm88wT5e8AkhsWFpxNFkV/FORfW7XC+sp8hhHd,41.25457172650622,56.10140110864533,48.55802021945839
1098000,Vk6Ir3hBspHY/ypz/UGauDFZ2jdm88wT5e8AkhsWFpxNFkV/FORfW7XC+sp8hhHd,35.57782131265211,48.03935208623656,42.33790148696454
1098300,Vk6Ir3hBspHY/ypz/UGauDFZ2jdm88wT5e8AkhsWFpxNFkV/FORfW7XC+sp8hhHd,46.01813782283935,77.84611169396413,51.05955516381926
1098600,Vk6Ir3hBspHY/ypz/UGauDFZ2jdm88wT5e8AkhsWFpxNFkV/FORfW7XC+sp8hhHd,32.34661146025324,44.536156476627866,40.67543514402516
1098900,Vk6Ir3hBspHY/ypz/UGauDFZ2jdm88wT5e8AkhsWFpxNFkV/FORfW7XC+sp8hhHd,34.93479929043277,46.86215755498673,40.06213048535636
1099200,Vk6Ir3hBspHY/ypz/UGauDFZ2jdm88wT5e8AkhsWFpxNFkV/FORfW7XC+sp8hhHd,38.15593042905538,47.89204478213667,43.878445412312665
1099500,Vk6Ir3hBspHY/ypz/UGauDFZ2jdm88wT5e8AkhsWFpxNFkV/FORfW7XC+sp8hhHd,33.81023050467267,52.42090926131368,40.601430918160176
1099800,Vk6Ir3hBspHY/ypz/UGauDFZ2jdm88wT5e8AkhsWFpxNFkV/FORfW7XC+sp8hhHd,31.643237671748828,48.7850324518785,40.52045880582931
1100100,Vk6Ir3hBspHY/ypz/UGauDFZ2jdm88wT5e8AkhsWFpxNFkV/FORfW7XC+sp8hhHd,34.748950664265365,46.020486619705856,40.16247349269778
1100400,Vk6Ir3hBspHY/ypz/UGauDFZ2jdm88wT5e8AkhsWFpxNFkV/FORfW7XC+sp8hhHd,39.79502512206512,52.27632167471023,44.9308191604617
1100700,Vk6Ir3hBspHY/ypz/UGauDFZ2jdm88wT5e8AkhsWFpxNFkV/FORfW7XC+sp8hhHd,36.19154904644101,52.90528037730924,45.73856048294414
1101000,Vk6Ir3hBspHY/ypz/UGauDFZ2jdm88wT5e8AkhsWFpxNFkV/FORfW7XC+sp8hhHd,32.66044068893534,50.10571986473662,43.85117194120267
1101300,Vk6Ir3hBspHY/ypz/UGauDFZ2jdm88wT5e8AkhsWFpxNFkV/FORfW7XC+sp8hhHd,40.4266159012191,52.83491641728816,44.9859812128923
1101600,Vk6Ir3hBspHY/ypz/UGauDFZ2jdm88wT5e8AkhsWFpxNFkV/FORfW7XC+sp8hhHd,34.14318691451613,48.039502987609175,41.68005683892053
1101900,Vk6Ir3hBspHY/ypz/UGauDFZ2jdm88wT5e8AkhsWFpxNFkV/FORfW7XC+sp8hhHd,40.323380160498814,52.23603585644004,47.86604493764212
1102200,Vk6Ir3hBspHY/ypz/UGauDFZ2jdm88wT5e8AkhsWFpxNFkV/FORfW7XC+sp8hhHd,42.547417607955126,50.50427983871276,47.72205489993608
1102500,Vk6Ir3hBspHY/ypz/UGauDFZ2jdm88wT5e8AkhsWFpxNFkV/FORfW7XC+sp8hhHd,41.5695366831994,56.88214840156882,48.841148165210576
1102800,Vk6Ir3hBspHY/ypz/UGauDFZ2jdm88wT5e8AkhsWFpxNFkV/FORfW7XC+sp8hhHd,35.83726028628737,53.46245671268497,44.517177153576
1103100,Vk6Ir3hBspHY/ypz/UGauDFZ2jdm88wT5e8AkhsWFpxNFkV/FORfW7XC+sp8hhHd,35.12360586672463,52.06312684664055,43.814868033512425
1103400,Vk6Ir3hBspHY/ypz/UGauDFZ2jdm88wT5e8AkhsWFpxNFkV/FORfW7XC+sp8hhHd,35.78876563980716,52.80270730395104,48.023576364552646
1103700,Vk6Ir3hBspHY/ypz/UGauDFZ2jdm88wT5e8AkhsWFpxNFkV/FORfW7XC+sp8hhHd,39.158796617967525,55.49705593802064,48.599851359287165
1104000,Vk6Ir3hBspHY/ypz/UGauDFZ2jdm88wT5e8AkhsWFpxNFkV/FORfW7XC+sp8hhHd,38.01431327452311,57.03801559633968,46.9000682554071
1104300,Vk6Ir3hBspHY/ypz/UGauDFZ2jdm88wT5e8AkhsWFpxNFkV/FORfW7XC+sp8hhHd,36.56974838454168,49.8325747510125,44.243826733649634
1104600,Vk6Ir3hBspHY/ypz/UGauDFZ2jdm88wT5e8AkhsWFpxNFkV/FORfW7XC+sp8hhHd,34.30867725322236,52.495089485819065,43.110779523819325
1104900,Vk6Ir3hBspHY/ypz/UGauDFZ2jdm88wT5e8AkhsWFpxNFkV/FORfW7XC+sp8hhHd,39.132446009778285,52.113316425118455,44.6518729649956
1105200,Vk6Ir3hBspHY/ypz/UGauDFZ2jdm88wT5e8AkhsWFpxNFkV/FORfW7XC+sp8hhHd,34.02784203202881,51.13100878762876,43.71724410674647
1105500,Vk6Ir3hBspHY/ypz/UGauDFZ2jdm88wT5e8AkhsWFpxNFkV/FORfW7XC+sp8hhHd,37.994936201019776,51.79740277480598,45.58570936856096
1105800,Vk6Ir3hBspHY/ypz/UGauDFZ2jdm88wT5e8AkhsWFpxNFkV/FORfW7XC+sp8hhHd,43.964121212480464,71.93551264526292,53.59383643074474
1106100,Vk6Ir3hBspHY/ypz/UGauDFZ2jdm88wT5e8AkhsWFpxNFkV/FORfW7XC+sp8hhHd,43.77298613334221,59.15330703268939,52.08476381494887
1106400,Vk6Ir3hBspHY/ypz/UGauDFZ2jdm88wT5e8AkhsWFpxNFkV/FORfW7XC+sp8hhHd,41.15179724767473,51.3756188328951,46.16029331038195
1106700,Vk6Ir3hBspHY/ypz/UGauDFZ2jdm88wT5e8AkhsWFpxNFkV/FORfW7XC+sp8hhHd,35.12216252129976,49.951837967394844,44.440111797423775
1107000,Vk6Ir3hBspHY/ypz/UGauDFZ2jdm88wT5e8AkhsWFpxNFkV/FORfW7XC+sp8hhHd,38.78036084958208,50.07661222653616,45.567043960955424
1107300,Vk6Ir3hBspHY/ypz/UGauDFZ2jdm88wT5e8AkhsWFpxNFkV/FORfW7XC+sp8hhHd,38.052219457056914,53.76469159118594,46.39929700824738
1107600,Vk6Ir3hBspHY/ypz/UGauDFZ2jdm88wT5e8AkhsWFpxNFkV/FORfW7XC+sp8hhHd,35.86203205196808,48.597276207135984,43.71513659448518
1107900,Vk6Ir3hBspHY/ypz/UGauDFZ2jdm88wT5e8AkhsWFpxNFkV/FORfW7XC+sp8hhHd,35.00042231774131,55.22740283687688,44.65722710208486
1108200,Vk6Ir3hBspHY/ypz/UGauDFZ2jdm88wT5e8AkhsWFpxNFkV/FORfW7XC+sp8hhHd,40.619299263933726,58.318591566739045,47.70061013241288
1108500,Vk6Ir3hBspHY/ypz/UGauDFZ2jdm88wT5e8AkhsWFpxNFkV/FORfW7XC+sp8hhHd,35.20657451441284,51.40434818683273,43.81561219512122
1108800,Vk6Ir3hBspHY/ypz/UGauDFZ2jdm88wT5e8AkhsWFpxNFkV/FORfW7XC+sp8hhHd,34.998245035198806,50.62042424356136,42.66858411465856
1109100,Vk6Ir3hBspHY/ypz/UGauDFZ2jdm88wT5e8AkhsWFpxNFkV/FORfW7XC+sp8hhHd,37.01926556045,54.09258319501295,45.51013495530505
1109400,Vk6Ir3hBspHY/ypz/UGauDFZ2jdm88wT5e8AkhsWFpxNFkV/FORfW7XC+sp8hhHd,40.2598917731098,53.035665429491125,49.180896788241526
1109700,Vk6Ir3hBspHY/ypz/UGauDFZ2jdm88wT5e8AkhsWFpxNFkV/FORfW7XC+sp8hhHd,37.57364862004875,52.76019470447106,47.14314569626814
1110000,Vk6Ir3hBspHY/ypz/UGauDFZ2jdm88wT5e8AkhsWFpxNFkV/FORfW7XC+sp8hhHd,38.04954446539613,53.168064169477326,46.16448347350338
1110300,Vk6Ir3hBspHY/ypz/UGauDFZ2jdm88wT5e8AkhsWFpxNFkV/FORfW7XC+sp8hhHd,41.9646517468768,54.54351616727687,49.17997039725272
1110600,Vk6Ir3hBspHY/ypz/UGauDFZ2jdm88wT5e8AkhsWFpxNFkV/FORfW7XC+sp8hhHd,46.72175164101191,57.19943690745352,52.50612689448222
1110900,Vk6Ir3hBspHY/ypz/UGauDFZ2jdm88wT5e8AkhsWFpxNFkV/FORfW7XC+sp8hhHd,51.127557706028405,60.654241927436246,53.48719678392248
1111200,Vk6Ir3hBspHY/ypz/UGauDFZ2jdm88wT5e8AkhsWFpxNFkV/FORfW7XC+sp8hhHd,39.76357939510128,54.34907262673448,45.29659229192521
1111500,Vk6Ir3hBspHY/ypz/UGauDFZ2jdm88wT5e8AkhsWFpxNFkV/FORfW7XC+sp8hhHd,34.61647268420738,57.5190515190692,48.47835165645488
1111800,Vk6Ir3hBspHY/ypz/UGauDFZ2jdm88wT5e8AkhsWFpxNFkV/FORfW7XC+sp8hhHd,47.916569077628594,59.15798235514992,53.5696559136811
1112100,Vk6Ir3hBspHY/ypz/UGauDFZ2jdm88wT5e8AkhsWFpxNFkV/FORfW7XC+sp8hhHd,30.915594909415805,50.96763983257839,43.58756007722933
1112400,Vk6Ir3hBspHY/ypz/UGauDFZ2jdm88wT5e8AkhsWFpxNFkV/FORfW7XC+sp8hhHd,35.695093066273124,48.605678795172565,42.39221383312164
1112700,Vk6Ir3hBspHY/ypz/UGauDFZ2jdm88wT5e8AkhsWFpxNFkV/FORfW7XC+sp8hhHd,35.736333894560474,48.35574183156691,42.959819524042544
1113000,Vk6Ir3hBspHY/ypz/UGauDFZ2jdm88wT5e8AkhsWFpxNFkV/FORfW7XC+sp8hhHd,33.459529320715326,51.689616689270494,43.25756624408613
1113300,Vk6Ir3hBspHY/ypz/UGauDFZ2jdm88wT5e8AkhsWFpxNFkV/FORfW7XC+sp8hhHd,36.26602483702545,49.8223026796374,40.63543618535629
1113600,Vk6Ir3hBspHY/ypz/UGauDFZ2jdm88wT5e8AkhsWFpxNFkV/FORfW7XC+sp8hhHd,33.81343228549663,53.223438742235366,42.4452011465054
1113900,Vk6Ir3hBspHY/ypz/UGauDFZ2jdm88wT5e8AkhsWFpxNFkV/FORfW7XC+sp8hhHd,31.57139084977964,56.27853483532569,43.042383601183246
1114200,Vk6Ir3hBspHY/ypz/UGauDFZ2jdm88wT5e8AkhsWFpxNFkV/FORfW7XC+sp8hhHd,39.726149545256185,53.2311189897292,45.283965758923486
1114500,Vk6Ir3hBspHY/ypz/UGauDFZ2jdm88wT5e8AkhsWFpxNFkV/FORfW7XC+sp8hhHd,40.24112056742499,54.41137421851863,47.08833868702842
1114800,Vk6Ir3hBspHY/ypz/UGauDFZ2jdm88wT5e8AkhsWFpxNFkV/FORfW7XC+sp8hhHd,39.92969649399224,51.675542129827456,47.39130574883893
1115100,Vk6Ir3hBspHY/ypz/UGauDFZ2jdm88wT5e8AkhsWFpxNFkV/FORfW7XC+sp8hhHd,41.804577951631806,54.68427020889593,48.222626279427125
1115400,Vk6Ir3hBspHY/ypz/UGauDFZ2jdm88wT5e8AkhsWFpxNFkV/FORfW7XC+sp8hhHd,38.1253383189344,50.83005176142648,45.92528535510754
1115700,Vk6Ir3hBspHY/ypz/UGauDFZ2jdm88wT5e8AkhsWFpxNFkV/FORfW7XC+sp8hhHd,41.41886803430272,53.51683568145389,46.64015676692006
1116000,Vk6Ir3hBspHY/ypz/UGauDFZ2jdm88wT5e8AkhsWFpxNFkV/FORfW7XC+sp8hhHd,42.79497135446951,50.863142359376056,47.09847193899256
1116300,Vk6Ir3hBspHY/ypz/UGauDFZ2jdm88wT5e8AkhsWFpxNFkV/FORfW7XC+sp8hhHd,38.28836876819218,55.86120825502998,49.49871385762365
1116600,Vk6Ir3hBspHY/ypz/UGauDFZ2jdm88wT5e8AkhsWFpxNFkV/FORfW7XC+sp8hhHd,44.30428000968928,58.34924023157449,50.85364905177367
1116900,Vk6Ir3hBspHY/ypz/UGauDFZ2jdm88wT5e8AkhsWFpxNFkV/FORfW7XC+sp8hhHd,39.71140768634988,66.1068100346455,53.782085916165634
1117200,Vk6Ir3hBspHY/ypz/UGauDFZ2jdm88wT5e8AkhsWFpxNFkV/FORfW7XC+sp8hhHd,39.44669829664301,50.02508781463688,45.37539758161969
1117500,Vk6Ir3hBspHY/ypz/UGauDFZ2jdm88wT5e8AkhsWFpxNFkV/FORfW7XC+sp8hhHd,33.75399524336527,95.75877071735167,67.3306287899439
1117800,Vk6Ir3hBspHY/ypz/UGauDFZ2jdm88wT5e8AkhsWFpxNFkV/FORfW7XC+sp8hhHd,17.275222133622876,50.30426922460893,40.53207537559912
1118100,Vk6Ir3hBspHY/ypz/UGauDFZ2jdm88wT5e8AkhsWFpxNFkV/FORfW7XC+sp8hhHd,36.97477863678392,51.50665888425507,45.3226902172566
1118400,Vk6Ir3hBspHY/ypz/UGauDFZ2jdm88wT5e8AkhsWFpxNFkV/FORfW7XC+sp8hhHd,33.037155456232,57.07866669352895,47.42364615656838
1118700,Vk6Ir3hBspHY/ypz/UGauDFZ2jdm88wT5e8AkhsWFpxNFkV/FORfW7XC+sp8hhHd,35.521725875744835,51.83374549825809,44.52295834128538
1119000,Vk6Ir3hBspHY/ypz/UGauDFZ2jdm88wT5e8AkhsWFpxNFkV/FORfW7XC+sp8hhHd,42.36383256640072,53.55846831459438,47.137389935050415
1119300,Vk6Ir3hBspHY/ypz/UGauDFZ2jdm88wT5e8AkhsWFpxNFkV/FORfW7XC+sp8hhHd,31.652299715452013,51.011539859356304,40.77804333584945
1119600,Vk6Ir3hBspHY/ypz/UGauDFZ2jdm88wT5e8AkhsWFpxNFkV/FORfW7XC+sp8hhHd,32.448493250477725,43.01698893516719,37.86984722093204
1119900,Vk6Ir3hBspHY/ypz/UGauDFZ2jdm88wT5e8AkhsWFpxNFkV/FORfW7XC+sp8hhHd,31.155238205851397,45.70072819524229,38.90722482241317
1120200,Vk6Ir3hBspHY/ypz/UGauDFZ2jdm88wT5e8AkhsWFpxNFkV/FORfW7XC+sp8hhHd,16.548064113832677,93.7164364774535,46.51792589878486
1120500,Vk6Ir3hBspHY/ypz/UGauDFZ2jdm88wT5e8AkhsWFpxNFkV/FORfW7XC+sp8hhHd,24.60046576965727,94.79797034480065,61.98103956591015
1120800,Vk6Ir3hBspHY/ypz/UGauDFZ2jdm88wT5e8AkhsWFpxNFkV/FORfW7XC+sp8hhHd,30.843410741298754,96.5626955399133,50.90086806527631
1121100,Vk6Ir3hBspHY/ypz/UGauDFZ2jdm88wT5e8AkhsWFpxNFkV/FORfW7XC+sp8hhHd,69.91241451139751,96.74383495779081,89.4318148622657
1121400,Vk6Ir3hBspHY/ypz/UGauDFZ2jdm88wT5e8AkhsWFpxNFkV/FORfW7XC+sp8hhHd,90.05308169588658,96.31285657708291,93.60364329343865
1121700,Vk6Ir3hBspHY/ypz/UGauDFZ2jdm88wT5e8AkhsWFpxNFkV/FORfW7XC+sp8hhHd,87.15746500111108,96.78549566002893,93.36314072663784
1122000,Vk6Ir3hBspHY/ypz/UGauDFZ2jdm88wT5e8AkhsWFpxNFkV/FORfW7XC+sp8hhHd,90.86198327751539,97.25225471889608,94.0371900018773
1122300,Vk6Ir3hBspHY/ypz/UGauDFZ2jdm88wT5e8AkhsWFpxNFkV/FORfW7XC+sp8hhHd,91.23337067517066,96.44136255194378,94.3525003506749
1122600,Vk6Ir3hBspHY/ypz/UGauDFZ2jdm88wT5e8AkhsWFpxNFkV/FORfW7XC+sp8hhHd,86.13025997332853,95.48560639107757,92.47312864683
1122900,Vk6Ir3hBspHY/ypz/UGauDFZ2jdm88wT5e8AkhsWFpxNFkV/FORfW7XC+sp8hhHd,91.32484961041179,95.2448522666384,93.3723263101741
1123200,Vk6Ir3hBspHY/ypz/UGauDFZ2jdm88wT5e8AkhsWFpxNFkV/FORfW7XC+sp8hhHd,89.06703785203395,95.52404517689085,93.6025758507385
1123500,Vk6Ir3hBspHY/ypz/UGauDFZ2jdm88wT5e8AkhsWFpxNFkV/FORfW7XC+sp8hhHd,91.15843332413436,95.64495197790697,93.57340988826343
1123800,Vk6Ir3hBspHY/ypz/UGauDFZ2jdm88wT5e8AkhsWFpxNFkV/FORfW7XC+sp8hhHd,1.8436085009549383,95.66608478193665,67.14328712573415
1124100,Vk6Ir3hBspHY/ypz/UGauDFZ2jdm88wT5e8AkhsWFpxNFkV/FORfW7XC+sp8hhHd,1.3834508632692737,3.523460304903565,1.9183818023014565
1124400,Vk6Ir3hBspHY/ypz/UGauDFZ2jdm88wT5e8AkhsWFpxNFkV/FORfW7XC+sp8hhHd,1.333575191783984,8.839388371160938,2.8465839892367004
1124700,Vk6Ir3hBspHY/ypz/UGauDFZ2jdm88wT5e8AkhsWFpxNFkV/FORfW7XC+sp8hhHd,1.2356094895382892,83.88244288441041,38.927534078460766
1125000,Vk6Ir3hBspHY/ypz/UGauDFZ2jdm88wT5e8AkhsWFpxNFkV/FORfW7XC+sp8hhHd,5.271090009306313,81.3362544079806,56.40622292890988
1125300,Vk6Ir3hBspHY/ypz/UGauDFZ2jdm88wT5e8AkhsWFpxNFkV/FORfW7XC+sp8hhHd,1.2201964723512788,4.986646099241494,2.1169041401416093
1125600,Vk6Ir3hBspHY/ypz/UGauDFZ2jdm88wT5e8AkhsWFpxNFkV/FORfW7XC+sp8hhHd,1.1656839159804553,59.29493776581983,11.19338051140404
1125900,Vk6Ir3hBspHY/ypz/UGauDFZ2jdm88wT5e8AkhsWFpxNFkV/FORfW7XC+sp8hhHd,59.71449446357985,73.54727356153043,65.72558170305075
1126200,Vk6Ir3hBspHY/ypz/UGauDFZ2jdm88wT5e8AkhsWFpxNFkV/FORfW7XC+sp8hhHd,27.146116982890952,72.1165946411134,59.71222434735521
1126500,Vk6Ir3hBspHY/ypz/UGauDFZ2jdm88wT5e8AkhsWFpxNFkV/FORfW7XC+sp8hhHd,43.7205829803186,70.60222738108779,58.411262337119645
1126800,Vk6Ir3hBspHY/ypz/UGauDFZ2jdm88wT5e8AkhsWFpxNFkV/FORfW7XC+sp8hhHd,29.77771077995327,74.7026460754333,62.261381942394486
1127100,Vk6Ir3hBspHY/ypz/UGauDFZ2jdm88wT5e8AkhsWFpxNFkV/FORfW7XC+sp8hhHd,18.529660001996422,73.19313583785384,53.154805496384
1127400,Vk6Ir3hBspHY/ypz/UGauDFZ2jdm88wT5e8AkhsWFpxNFkV/FORfW7XC+sp8hhHd,28.294689583595176,62.69169572205118,51.12582511318932
1127700,Vk6Ir3hBspHY/ypz/UGauDFZ2jdm88wT5e8AkhsWFpxNFkV/FORfW7XC+sp8hhHd,49.539336053294186,58.26965822489756,54.63292374060384
1128000,Vk6Ir3hBspHY/ypz/UGauDFZ2jdm88wT5e8AkhsWFpxNFkV/FORfW7XC+sp8hhHd,15.093911172789714,61.26787681297725,48.312795182313394
1128300,Vk6Ir3hBspHY/ypz/UGauDFZ2jdm88wT5e8AkhsWFpxNFkV/FORfW7XC+sp8hhHd,41.58665347406001,69.87343803517749,55.29774050731811
1128600,Vk6Ir3hBspHY/ypz/UGauDFZ2jdm88wT5e8AkhsWFpxNFkV/FORfW7XC+sp8hhHd,43.2041867551015,64.49094708174928,53.08347110682577
1128900,Vk6Ir3hBspHY/ypz/UGauDFZ2jdm88wT5e8AkhsWFpxNFkV/FORfW7XC+sp8hhHd,32.01696800991557,62.0607231264442,47.34929046795154
1129200,Vk6Ir3hBspHY/ypz/UGauDFZ2jdm88wT5e8AkhsWFpxNFkV/FORfW7XC+sp8hhHd,23.13043599186063,76.65014718837811,47.76718241494397
1129500,Vk6Ir3hBspHY/ypz/UGauDFZ2jdm88wT5e8AkhsWFpxNFkV/FORfW7XC+sp8hhHd,7.475507158116457,79.7437597315549,66.35755731457301
1129800,Vk6Ir3hBspHY/ypz/UGauDFZ2jdm88wT5e8AkhsWFpxNFkV/FORfW7XC+sp8hhHd,1.3864445145747704,3.7153561907521127,1.906753085205972
1130100,Vk6Ir3hBspHY/ypz/UGauDFZ2jdm88wT5e8AkhsWFpxNFkV/FORfW7XC+sp8hhHd,1.1910571592146837,3.031118861662216,1.7648676805748766
1130400,Vk6Ir3hBspHY/ypz/UGauDFZ2jdm88wT5e8AkhsWFpxNFkV/FORfW7XC+sp8hhHd,1.3837861929453066,37.06419182294937,10.300501758527972
1130700,Vk6Ir3hBspHY/ypz/UGauDFZ2jdm88wT5e8AkhsWFpxNFkV/FORfW7XC+sp8hhHd,1.230673139373048,7.873323156591213,2.242939022015943
1131000,Vk6Ir3hBspHY/ypz/UGauDFZ2jdm88wT5e8AkhsWFpxNFkV/FORfW7XC+sp8hhHd,1.1781152883534016,64.82076217625001,21.584721061669452
1131300,Vk6Ir3hBspHY/ypz/UGauDFZ2jdm88wT5e8AkhsWFpxNFkV/FORfW7XC+sp8hhHd,1.6602592385939414,63.71278698660403,23.84261983325457
1131600,Vk6Ir3hBspHY/ypz/UGauDFZ2jdm88wT5e8AkhsWFpxNFkV/FORfW7XC+sp8hhHd,1.2191913290903729,2.353908271003815,1.6749697816770532
1131900,Vk6Ir3hBspHY/ypz/UGauDFZ2jdm88wT5e8AkhsWFpxNFkV/FORfW7XC+sp8hhHd,1.1485851194503145,69.95610787680873,13.86628250358772
1132200,Vk6Ir3hBspHY/ypz/UGauDFZ2jdm88wT5e8AkhsWFpxNFkV/FORfW7XC+sp8hhHd,1.241045055434581,49.2987852034958,6.300562509684964
1132500,Vk6Ir3hBspHY/ypz/UGauDFZ2jdm88wT5e8AkhsWFpxNFkV/FORfW7XC+sp8hhHd,1.218866850194861,2.9873968074858595,1.6910483846874718
1132800,Vk6Ir3hBspHY/ypz/UGauDFZ2jdm88wT5e8AkhsWFpxNFkV/FORfW7XC+sp8hhHd,5.575586000884465,87.2034633376055,70.86042362295318
1133100,Vk6Ir3hBspHY/ypz/UGauDFZ2jdm88wT5e8AkhsWFpxNFkV/FORfW7XC+sp8hhHd,72.79512908039483,83.37940361701165,78.84733193940359
1133400,Vk6Ir3hBspHY/ypz/UGauDFZ2jdm88wT5e8AkhsWFpxNFkV/FORfW7XC+sp8hhHd,72.5536163623823,82.24996009109745,78.85016148780025
1133700,Vk6Ir3hBspHY/ypz/UGauDFZ2jdm88wT5e8AkhsWFpxNFkV/FORfW7XC+sp8hhHd,75.23954861098214,80.12313332895246,78.01112484278349
1134000,Vk6Ir3hBspHY/ypz/UGauDFZ2jdm88wT5e8AkhsWFpxNFkV/FORfW7XC+sp8hhHd,74.63373758881785,80.3402611542495,77.71228505347047
1134300,Vk6Ir3hBspHY/ypz/UGauDFZ2jdm88wT5e8AkhsWFpxNFkV/FORfW7XC+sp8hhHd,74.44780473891795,80.86769146783698,77.9312120473769
1134600,Vk6Ir3hBspHY/ypz/UGauDFZ2jdm88wT5e8AkhsWFpxNFkV/FORfW7XC+sp8hhHd,73.25729737286812,81.14381681991419,77.28094714892518
1134900,Vk6Ir3hBspHY/ypz/UGauDFZ2jdm88wT5e8AkhsWFpxNFkV/FORfW7XC+sp8hhHd,74.38515798533446,84.42310399639481,79.1133859721931
1135200,Vk6Ir3hBspHY/ypz/UGauDFZ2jdm88wT5e8AkhsWFpxNFkV/FORfW7XC+sp8hhHd,74.99289595563185,80.07160293393484,77.86380032833027
1135500,Vk6Ir3hBspHY/ypz/UGauDFZ2jdm88wT5e8AkhsWFpxNFkV/FORfW7XC+sp8hhHd,75.30379268813684,81.2333258677385,78.05488095430816
1135800,Vk6Ir3hBspHY/ypz/UGauDFZ2jdm88wT5e8AkhsWFpxNFkV/FORfW7XC+sp8hhHd,70.63341669035752,80.50802162339131,77.34932005710449
1136100,Vk6Ir3hBspHY/ypz/UGauDFZ2jdm88wT5e8AkhsWFpxNFkV/FORfW7XC+sp8hhHd,74.68686836864785,80.2644659843489,77.87139695818925
1136400,Vk6Ir3hBspHY/ypz/UGauDFZ2jdm88wT5e8AkhsWFpxNFkV/FORfW7XC+sp8hhHd,75.10646819219005,79.88593740133993,77.40091857304162
1136700,Vk6Ir3hBspHY/ypz/UGauDFZ2jdm88wT5e8AkhsWFpxNFkV/FORfW7XC+sp8hhHd,75.91744328251373,80.17900221305023,77.87114941631657
1137000,Vk6Ir3hBspHY/ypz/UGauDFZ2jdm88wT5e8AkhsWFpxNFkV/FORfW7XC+sp8hhHd,75.25120681857479,81.55834858839606,78.92895514025653
1137300,Vk6Ir3hBspHY/ypz/UGauDFZ2jdm88wT5e8AkhsWFpxNFkV/FORfW7XC+sp8hhHd,1.305621523033092,58.78652081184258,8.2012229471905
1137600,Vk6Ir3hBspHY/ypz/UGauDFZ2jdm88wT5e8AkhsWFpxNFkV/FORfW7XC+sp8hhHd,1.316137555799498,2.0786255550890567,1.6854899937338783
1137900,Vk6Ir3hBspHY/ypz/UGauDFZ2jdm88wT5e8AkhsWFpxNFkV/FORfW7XC+sp8hhHd,1.1645756182205096,52.54112157412535,26.08591181397949
1138200,Vk6Ir3hBspHY/ypz/UGauDFZ2jdm88wT5e8AkhsWFpxNFkV/FORfW7XC+sp8hhHd,36.64549772877086,45.96386330633219,41.25055171344023
1138500,Vk6Ir3hBspHY/ypz/UGauDFZ2jdm88wT5e8AkhsWFpxNFkV/FORfW7XC+sp8hhHd,39.4515182157816,48.84102569355754,43.181183940827474
1138800,Vk6Ir3hBspHY/ypz/UGauDFZ2jdm88wT5e8AkhsWFpxNFkV/FORfW7XC+sp8hhHd,43.426380272432176,69.83442332459106,52.1391653176074
1139100,Vk6Ir3hBspHY/ypz/UGauDFZ2jdm88wT5e8AkhsWFpxNFkV/FORfW7XC+sp8hhHd,36.76581765426304,98.71260687671061,84.18060272331964
1139400,Vk6Ir3hBspHY/ypz/UGauDFZ2jdm88wT5e8AkhsWFpxNFkV/FORfW7XC+sp8hhHd,1.342605013368847,11.873643454233411,2.917826875555327
1139700,Vk6Ir3hBspHY/ypz/UGauDFZ2jdm88wT5e8AkhsWFpxNFkV/FORfW7XC+sp8hhHd,1.3481225117558455,20.266751972519188,4.64836249007776
1140000,Vk6Ir3hBspHY/ypz/UGauDFZ2jdm88wT5e8AkhsWFpxNFkV/FORfW7XC+sp8hhHd,1.2980815957088911,3.2973416751302564,1.996258821171621
1140300,Vk6Ir3hBspHY/ypz/UGauDFZ2jdm88wT5e8AkhsWFpxNFkV/FORfW7XC+sp8hhHd,1.3590243473309065,3.684848913194247,1.9259920668084116
1140600,Vk6Ir3hBspHY/ypz/UGauDFZ2jdm88wT5e8AkhsWFpxNFkV/FORfW7XC+sp8hhHd,5.48519771625505,78.74611067849771,46.55447563355875
1140900,Vk6Ir3hBspHY/ypz/UGauDFZ2jdm88wT5e8AkhsWFpxNFkV/FORfW7XC+sp8hhHd,1.255521709101126,5.8144210314457325,2.5316657263948468
1141200,Vk6Ir3hBspHY/ypz/UGauDFZ2jdm88wT5e8AkhsWFpxNFkV/FORfW7XC+sp8hhHd,1.144378489816792,94.30754117350413,53.757704284745245
1141500,Vk6Ir3hBspHY/ypz/UGauDFZ2jdm88wT5e8AkhsWFpxNFkV/FORfW7XC+sp8hhHd,74.04558567171064,94.50430609173924,89.088411164393
1141800,Vk6Ir3hBspHY/ypz/UGauDFZ2jdm88wT5e8AkhsWFpxNFkV/FORfW7XC+sp8hhHd,1.6350920433837512,95.69628493289517,30.676761377004656
1142100,Vk6Ir3hBspHY/ypz/UGauDFZ2jdm88wT5e8AkhsWFpxNFkV/FORfW7XC+sp8hhHd,1.1949880993685764,8.730687938038958,2.0739159501789746
1142400,Vk6Ir3hBspHY/ypz/UGauDFZ2jdm88wT5e8AkhsWFpxNFkV/FORfW7XC+sp8hhHd,1.1862521271823794,61.77928480891661,11.180238695146354
1142700,Vk6Ir3hBspHY/ypz/UGauDFZ2jdm88wT5e8AkhsWFpxNFkV/FORfW7XC+sp8hhHd,1.5265026276736835,57.545941642007406,13.15785377159327
1143000,Vk6Ir3hBspHY/ypz/UGauDFZ2jdm88wT5e8AkhsWFpxNFkV/FORfW7XC+sp8hhHd,1.3857840233267946,7.595925927461107,2.1171173260129548
1143300,Vk6Ir3hBspHY/ypz/UGauDFZ2jdm88wT5e8AkhsWFpxNFkV/FORfW7XC+sp8hhHd,17.205093195851074,79.78389807021422,53.51181986799284
1143600,Vk6Ir3hBspHY/ypz/UGauDFZ2jdm88wT5e8AkhsWFpxNFkV/FORfW7XC+sp8hhHd,1.445935106277987,91.51274322174521,18.380155497242853
1143900,Vk6Ir3hBspHY/ypz/UGauDFZ2jdm88wT5e8AkhsWFpxNFkV/FORfW7XC+sp8hhHd,1.3561818313544174,24.84480505251124,3.8337112594552862
1144200,Vk6Ir3hBspHY/ypz/UGauDFZ2jdm88wT5e8AkhsWFpxNFkV/FORfW7XC+sp8hhHd,1.4335903172237343,56.836556126651125,28.710567080705797
1144500,Vk6Ir3hBspHY/ypz/UGauDFZ2jdm88wT5e8AkhsWFpxNFkV/FORfW7XC+sp8hhHd,1.5772675008672876,8.640249861527822,3.6217231700392527
1144800,Vk6Ir3hBspHY/ypz/UGauDFZ2jdm88wT5e8AkhsWFpxNFkV/FORfW7XC+sp8hhHd,1.3214537432988458,43.72898640921876,13.297125138465788
1145100,Vk6Ir3hBspHY/ypz/UGauDFZ2jdm88wT5e8AkhsWFpxNFkV/FORfW7XC+sp8hhHd,1.7497908108332694,63.3081336820794,40.0416627044216
1145400,Vk6Ir3hBspHY/ypz/UGauDFZ2jdm88wT5e8AkhsWFpxNFkV/FORfW7XC+sp8hhHd,1.4409505458446457,5.137042093945234,2.130829758272204
1145700,Vk6Ir3hBspHY/ypz/UGauDFZ2jdm88wT5e8AkhsWFpxNFkV/FORfW7XC+sp8hhHd,1.338125421715899,13.02276316860148,2.715212476645984
1146000,Vk6Ir3hBspHY/ypz/UGauDFZ2jdm88wT5e8AkhsWFpxNFkV/FORfW7XC+sp8hhHd,1.60118970040489,78.86209124787244,44.95910249857778
1146300,Vk6Ir3hBspHY/ypz/UGauDFZ2jdm88wT5e8AkhsWFpxNFkV/FORfW7XC+sp8hhHd,1.5001571385148416,4.368238371018296,1.9813984825501287
1146600,Vk6Ir3hBspHY/ypz/UGauDFZ2jdm88wT5e8AkhsWFpxNFkV/FORfW7XC+sp8hhHd,1.3958377222230556,94.1917546283075,27.630100972620568
1146900,Vk6Ir3hBspHY/ypz/UGauDFZ2jdm88wT5e8AkhsWFpxNFkV/FORfW7XC+sp8hhHd,1.4358517009308829,41.206951507597005,6.657642350765495
1147200,Vk6Ir3hBspHY/ypz/UGauDFZ2jdm88wT5e8AkhsWFpxNFkV/FORfW7XC+sp8hhHd,1.4686111471810273,15.799257106010062,3.994808980932661
1147500,Vk6Ir3hBspHY/ypz/UGauDFZ2jdm88wT5e8AkhsWFpxNFkV/FORfW7XC+sp8hhHd,1.5426922836901096,68.70164191736694,21.32473736885524
1147800,Vk6Ir3hBspHY/ypz/UGauDFZ2jdm88wT5e8AkhsWFpxNFkV/FORfW7XC+sp8hhHd,1.3548339839681178,3.7749037715169966,2.0113290624326168
1148100,Vk6Ir3hBspHY/ypz/UGauDFZ2jdm88wT5e8AkhsWFpxNFkV/FORfW7XC+sp8hhHd,1.449309929244173,41.40094294935091,24.76646289532272
1148400,Vk6Ir3hBspHY/ypz/UGauDFZ2jdm88wT5e8AkhsWFpxNFkV/FORfW7XC+sp8hhHd,30.663353435654034,38.59186543280617,33.18632932929037
1148700,Vk6Ir3hBspHY/ypz/UGauDFZ2jdm88wT5e8AkhsWFpxNFkV/FORfW7XC+sp8hhHd,31.06255928562047,79.1454515308841,44.86966908901528
1149000,Vk6Ir3hBspHY/ypz/UGauDFZ2jdm88wT5e8AkhsWFpxNFkV/FORfW7XC+sp8hhHd,31.70688277953926,59.83013007341397,40.688292502649766
1149300,Vk6Ir3hBspHY/ypz/UGauDFZ2jdm88wT5e8AkhsWFpxNFkV/FORfW7XC+sp8hhHd,1.7452105623628302,72.11458222136686,33.41022178091679
1149600,Vk6Ir3hBspHY/ypz/UGauDFZ2jdm88wT5e8AkhsWFpxNFkV/FORfW7XC+sp8hhHd,1.4548150419333947,7.398329777221399,2.6591977955149315
1149900,Vk6Ir3hBspHY/ypz/UGauDFZ2jdm88wT5e8AkhsWFpxNFkV/FORfW7XC+sp8hhHd,1.358633061411221,91.5989417800702,31.795284272514127
1150200,Vk6Ir3hBspHY/ypz/UGauDFZ2jdm88wT5e8AkhsWFpxNFkV/FORfW7XC+sp8hhHd,62.92593800230357,92.44232336154356,83.48668827598625
1150500,Vk6Ir3hBspHY/ypz/UGauDFZ2jdm88wT5e8AkhsWFpxNFkV/FORfW7XC+sp8hhHd,31.35309061215683,91.5267890901195,75.80719194002344
1150800,Vk6Ir3hBspHY/ypz/UGauDFZ2jdm88wT5e8AkhsWFpxNFkV/FORfW7XC+sp8hhHd,1.620706426753727,81.87788439678981,31.970736758967902
1151100,Vk6Ir3hBspHY/ypz/UGauDFZ2jdm88wT5e8AkhsWFpxNFkV/FORfW7XC+sp8hhHd,1.3765492025865929,37.829107949418,8.141303987635787
1151400,Vk6Ir3hBspHY/ypz/UGauDFZ2jdm88wT5e8AkhsWFpxNFkV/FORfW7XC+sp8hhHd,1.418397216477951,84.0278857331108,31.01591507059639
1151700,Vk6Ir3hBspHY/ypz/UGauDFZ2jdm88wT5e8AkhsWFpxNFkV/FORfW7XC+sp8hhHd,1.2933212732885249,6.90591734378397,2.46304190073947
1152000,Vk6Ir3hBspHY/ypz/UGauDFZ2jdm88wT5e8AkhsWFpxNFkV/FORfW7XC+sp8hhHd,1.5788902473673283,77.19243041088033,19.24909994980656
1152300,Vk6Ir3hBspHY/ypz/UGauDFZ2jdm88wT5e8AkhsWFpxNFkV/FORfW7XC+sp8hhHd,1.43732496767157,3.9810326774812097,1.7744855451703951
1152600,Vk6Ir3hBspHY/ypz/UGauDFZ2jdm88wT5e8AkhsWFpxNFkV/FORfW7XC+sp8hhHd,1.2322337897123925,41.49288806911562,12.438852978601934
1152900,Vk6Ir3hBspHY/ypz/UGauDFZ2jdm88wT5e8AkhsWFpxNFkV/FORfW7XC+sp8hhHd,1.4157123257875552,3.1302231102941014,1.8465961422463637
1153200,Vk6Ir3hBspHY/ypz/UGauDFZ2jdm88wT5e8AkhsWFpxNFkV/FORfW7XC+sp8hhHd,1.3453972150842577,29.49923014057224,4.763443424792024
1153500,Vk6Ir3hBspHY/ypz/UGauDFZ2jdm88wT5e8AkhsWFpxNFkV/FORfW7XC+sp8hhHd,27.072659267897148,76.48934453225218,65.25943775456959
1153800,Vk6Ir3hBspHY/ypz/UGauDFZ2jdm88wT5e8AkhsWFpxNFkV/FORfW7XC+sp8hhHd,36.89341884488872,81.9669852105518,69.79678965180635
1154100,Vk6Ir3hBspHY/ypz/UGauDFZ2jdm88wT5e8AkhsWFpxNFkV/FORfW7XC+sp8hhHd,1.5923000800017355,92.41421681887195,40.78567519178235
1154400,Vk6Ir3hBspHY/ypz/UGauDFZ2jdm88wT5e8AkhsWFpxNFkV/FORfW7XC+sp8hhHd,1.4763043608738815,13.125263912141856,5.358128101816921
1154700,Vk6Ir3hBspHY/ypz/UGauDFZ2jdm88wT5e8AkhsWFpxNFkV/FORfW7XC+sp8hhHd,1.5109066551535226,33.67891335372008,8.992100144984281
1155000,Vk6Ir3hBspHY/ypz/UGauDFZ2jdm88wT5e8AkhsWFpxNFkV/FORfW7XC+sp8hhHd,1.4694176656150912,3.391373120404748,1.8464622115561664
1155300,Vk6Ir3hBspHY/ypz/UGauDFZ2jdm88wT5e8AkhsWFpxNFkV/FORfW7XC+sp8hhHd,1.2232772203315048,69.01380302900215,17.448986905312697
1155600,Vk6Ir3hBspHY/ypz/UGauDFZ2jdm88wT5e8AkhsWFpxNFkV/FORfW7XC+sp8hhHd,1.4775146887188062,9.230206504921265,3.691269338832999
1155900,Vk6Ir3hBspHY/ypz/UGauDFZ2jdm88wT5e8AkhsWFpxNFkV/FORfW7XC+sp8hhHd,1.301831587479582,64.64204651353695,16.658115406442647
1156200,Vk6Ir3hBspHY/ypz/UGauDFZ2jdm88wT5e8AkhsWFpxNFkV/FORfW7XC+sp8hhHd,1.6660968289192264,51.840780599593685,26.50748074382934
1156500,Vk6Ir3hBspHY/ypz/UGauDFZ2jdm88wT5e8AkhsWFpxNFkV/FORfW7XC+sp8hhHd,1.273872586637972,11.474692172792537,3.9905965116089543
1156800,Vk6Ir3hBspHY/ypz/UGauDFZ2jdm88wT5e8AkhsWFpxNFkV/FORfW7XC+sp8hhHd,1.3209207515971186,66.20098078292573,34.40827145419863
1157100,Vk6Ir3hBspHY/ypz/UGauDFZ2jdm88wT5e8AkhsWFpxNFkV/FORfW7XC+sp8hhHd,29.13466143619564,39.3647946683898,35.76076784130889
1157400,Vk6Ir3hBspHY/ypz/UGauDFZ2jdm88wT5e8AkhsWFpxNFkV/FORfW7XC+sp8hhHd,6.906361212547036,74.13080480368656,44.2748583733913
1157700,Vk6Ir3hBspHY/ypz/UGauDFZ2jdm88wT5e8AkhsWFpxNFkV/FORfW7XC+sp8hhHd,1.3867816049872683,12.231272092626616,5.374266902130113
1158000,Vk6Ir3hBspHY/ypz/UGauDFZ2jdm88wT5e8AkhsWFpxNFkV/FORfW7XC+sp8hhHd,1.280099897792582,93.8563746442657,47.83399682444895
1158300,Vk6Ir3hBspHY/ypz/UGauDFZ2jdm88wT5e8AkhsWFpxNFkV/FORfW7XC+sp8hhHd,1.6763831207753717,98.4032857516776,63.340812091651074
1158600,Vk6Ir3hBspHY/ypz/UGauDFZ2jdm88wT5e8AkhsWFpxNFkV/FORfW7XC+sp8hhHd,1.469688539300226,7.277979305589091,2.8942116774640767
1158900,Vk6Ir3hBspHY/ypz/UGauDFZ2jdm88wT5e8AkhsWFpxNFkV/FORfW7XC+sp8hhHd,1.200387009318591,85.34197206468477,17.224643902859896
1159200,Vk6Ir3hBspHY/ypz/UGauDFZ2jdm88wT5e8AkhsWFpxNFkV/FORfW7XC+sp8hhHd,69.76710882283298,98.39477027049848,94.55524422670065
1159500,Vk6Ir3hBspHY/ypz/UGauDFZ2jdm88wT5e8AkhsWFpxNFkV/FORfW7XC+sp8hhHd,41.41238063858358,98.33441022451328,64.04533023608802
1159800,Vk6Ir3hBspHY/ypz/UGauDFZ2jdm88wT5e8AkhsWFpxNFkV/FORfW7XC+sp8hhHd,1.61297275033837,38.8057660952805,7.757981799483329
1160100,Vk6Ir3hBspHY/ypz/UGauDFZ2jdm88wT5e8AkhsWFpxNFkV/FORfW7XC+sp8hhHd,1.2761899970286312,18.1561088138416,4.805225639306552
1160400,Vk6Ir3hBspHY/ypz/UGauDFZ2jdm88wT5e8AkhsWFpxNFkV/FORfW7XC+sp8hhHd,1.4617126208654956,70.05164282975593,19.061680700853813
1160700,Vk6Ir3hBspHY/ypz/UGauDFZ2jdm88wT5e8AkhsWFpxNFkV/FORfW7XC+sp8hhHd,1.3187285924544292,3.806790980510408,1.872585044913664
1161000,Vk6Ir3hBspHY/ypz/UGauDFZ2jdm88wT5e8AkhsWFpxNFkV/FORfW7XC+sp8hhHd,1.176111343251379,3.1111908306146887,1.702568017463749
1161300,Vk6Ir3hBspHY/ypz/UGauDFZ2jdm88wT5e8AkhsWFpxNFkV/FORfW7XC+sp8hhHd,1.3496680078076584,31.95952954178521,6.852934144785859
1161600,Vk6Ir3hBspHY/ypz/UGauDFZ2jdm88wT5e8AkhsWFpxNFkV/FORfW7XC+sp8hhHd,1.29516115797235,3.1423024641126767,1.8374905607384888
1161900,Vk6Ir3hBspHY/ypz/UGauDFZ2jdm88wT5e8AkhsWFpxNFkV/FORfW7XC+sp8hhHd,1.3381311791494874,16.087556444023424,5.965534808783142
1162200,Vk6Ir3hBspHY/ypz/UGauDFZ2jdm88wT5e8AkhsWFpxNFkV/FORfW7XC+sp8hhHd,1.246355602172465,3.388448912763373,1.669210931107333
1162500,Vk6Ir3hBspHY/ypz/UGauDFZ2jdm88wT5e8AkhsWFpxNFkV/FORfW7XC+sp8hhHd,1.3270253127545495,2.278913455186552,1.6496629631568829
1162800,Vk6Ir3hBspHY/ypz/UGauDFZ2jdm88wT5e8AkhsWFpxNFkV/FORfW7XC+sp8hhHd,1.218704857908515,3.194219515180664,1.6943385001255302
1163100,Vk6Ir3hBspHY/ypz/UGauDFZ2jdm88wT5e8AkhsWFpxNFkV/FORfW7XC+sp8hhHd,1.3235299146838333,7.493290037243086,4.0488458640754175
1163400,Vk6Ir3hBspHY/ypz/UGauDFZ2jdm88wT5e8AkhsWFpxNFkV/FORfW7XC+sp8hhHd,1.2699007001540068,3.541241107363677,1.748248515419276
1163700,Vk6Ir3hBspHY/ypz/UGauDFZ2jdm88wT5e8AkhsWFpxNFkV/FORfW7XC+sp8hhHd,1.2778162093022682,1.9658170049599528,1.5157217260065956
1164000,Vk6Ir3hBspHY/ypz/UGauDFZ2jdm88wT5e8AkhsWFpxNFkV/FORfW7XC+sp8hhHd,1.1540991390241446,2.978166560762568,1.622828794552152
1164300,Vk6Ir3hBspHY/ypz/UGauDFZ2jdm88wT5e8AkhsWFpxNFkV/FORfW7XC+sp8hhHd,1.209112079303408,3.501769994819633,1.6320748404868275
1164600,Vk6Ir3hBspHY/ypz/UGauDFZ2jdm88wT5e8AkhsWFpxNFkV/FORfW7XC+sp8hhHd,1.1771815523661462,3.1121694275506075,1.702619058516194
1164900,Vk6Ir3hBspHY/ypz/UGauDFZ2jdm88wT5e8AkhsWFpxNFkV/FORfW7XC+sp8hhHd,1.2377288007072589,1.8277440641442957,1.4780755144858466
1165200,Vk6Ir3hBspHY/ypz/UGauDFZ2jdm88wT5e8AkhsWFpxNFkV/FORfW7XC+sp8hhHd,1.14224683188636,2.885221868562649,1.6732124593586957
1165500,Vk6Ir3hBspHY/ypz/UGauDFZ2jdm88wT5e8AkhsWFpxNFkV/FORfW7XC+sp8hhHd,1.297415861043843,2.144278052370631,1.5144923312186378
1165800,Vk6Ir3hBspHY/ypz/UGauDFZ2jdm88wT5e8AkhsWFpxNFkV/FORfW7XC+sp8hhHd,1.2710372638115948,2.9025774102364066,1.6628425058262697
1166100,Vk6Ir3hBspHY/ypz/UGauDFZ2jdm88wT5e8AkhsWFpxNFkV/FORfW7XC+sp8hhHd,1.2536562039555637,1.914734523217302,1.5048524051004653
1166400,Vk6Ir3hBspHY/ypz/UGauDFZ2jdm88wT5e8AkhsWFpxNFkV/FORfW7XC+sp8hhHd,1.2046256999572482,2.835600442589511,1.604861190561202
1166700,Vk6Ir3hBspHY/ypz/UGauDFZ2jdm88wT5e8AkhsWFpxNFkV/FORfW7XC+sp8hhHd,1.233361664086402,3.326668437729833,1.6658599526777793
1167000,Vk6Ir3hBspHY/ypz/UGauDFZ2jdm88wT5e8AkhsWFpxNFkV/FORfW7XC+sp8hhHd,1.3281816257481325,6.942218289220131,3.025861674124676
1167300,Vk6Ir3hBspHY/ypz/UGauDFZ2jdm88wT5e8AkhsWFpxNFkV/FORfW7XC+sp8hhHd,1.2233233616701409,2.0322789778764894,1.4768993275926516
1167600,Vk6Ir3hBspHY/ypz/UGauDFZ2jdm88wT5e8AkhsWFpxNFkV/FORfW7XC+sp8hhHd,1.2885163589284094,2.9500187011995056,1.600833764985129
1167900,Vk6Ir3hBspHY/ypz/UGauDFZ2jdm88wT5e8AkhsWFpxNFkV/FORfW7XC+sp8hhHd,1.2253897614307767,3.107750473237902,1.6962878582792211
1168200,Vk6Ir3hBspHY/ypz/UGauDFZ2jdm88wT5e8AkhsWFpxNFkV/FORfW7XC+sp8hhHd,1.2563857357567858,2.789586574549291,1.6478738492313827
1168500,Vk6Ir3hBspHY/ypz/UGauDFZ2jdm88wT5e8AkhsWFpxNFkV/FORfW7XC+sp8hhHd,1.2743869536690593,2.0472510108198856,1.5356945456419349
1168800,Vk6Ir3hBspHY/ypz/UGauDFZ2jdm88wT5e8AkhsWFpxNFkV/FORfW7XC+sp8hhHd,1.2573636956038945,2.942748869200785,1.6781362599729452
1169100,Vk6Ir3hBspHY/ypz/UGauDFZ2jdm88wT5e8AkhsWFpxNFkV/FORfW7XC+sp8hhHd,1.2149612969273178,2.08766068658619,1.5783236321004086
1169400,Vk6Ir3hBspHY/ypz/UGauDFZ2jdm88wT5e8AkhsWFpxNFkV/FORfW7XC+sp8hhHd,1.1869211778227524,2.8898231259561595,1.6050396342966913
1169700,Vk6Ir3hBspHY/ypz/UGauDFZ2jdm88wT5e8AkhsWFpxNFkV/FORfW7XC+sp8hhHd,1.3020319142902828,2.230256392611284,1.5988924085708625
1170000,Vk6Ir3hBspHY/ypz/UGauDFZ2jdm88wT5e8AkhsWFpxNFkV/FORfW7XC+sp8hhHd,1.2398645185351047,2.7940692696175424,1.6511459319334891
1170300,Vk6Ir3hBspHY/ypz/UGauDFZ2jdm88wT5e8AkhsWFpxNFkV/FORfW7XC+sp8hhHd,1.2220236283708492,87.79175288225036,30.36186850464192
1170600,Vk6Ir3hBspHY/ypz/UGauDFZ2jdm88wT5e8AkhsWFpxNFkV/FORfW7XC+sp8hhHd,82.88805972572261,93.32767399596884,88.91854124098644
1170900,Vk6Ir3hBspHY/ypz/UGauDFZ2jdm88wT5e8AkhsWFpxNFkV/FORfW7XC+sp8hhHd,1.3373829480168045,8.163257879456557,2.663524505902372
1171200,Vk6Ir3hBspHY/ypz/UGauDFZ2jdm88wT5e8AkhsWFpxNFkV/FORfW7XC+sp8hhHd,1.291609877039099,2.8530945312794223,1.7076998497048863
1171500,Vk6Ir3hBspHY/ypz/UGauDFZ2jdm88wT5e8AkhsWFpxNFkV/FORfW7XC+sp8hhHd,1.3002392196049275,2.83675720664108,1.7424799530206176
1171800,Vk6Ir3hBspHY/ypz/UGauDFZ2jdm88wT5e8AkhsWFpxNFkV/FORfW7XC+sp8hhHd,1.2674665984854816,3.0232941230643653,1.679168821390928
1172100,Vk6Ir3hBspHY/ypz/UGauDFZ2jdm88wT5e8AkhsWFpxNFkV/FORfW7XC+sp8hhHd,1.1994807193919046,1.8545951480583596,1.4839300788149783
1172400,Vk6Ir3hBspHY/ypz/UGauDFZ2jdm88wT5e8AkhsWFpxNFkV/FORfW7XC+sp8hhHd,1.283798106653905,2.7589561870608565,1.6825035405672286
1172700,Vk6Ir3hBspHY/ypz/UGauDFZ2jdm88wT5e8AkhsWFpxNFkV/FORfW7XC+sp8hhHd,1.341225718135333,2.224952119219684,1.6043647384564743
1173000,Vk6Ir3hBspHY/ypz/UGauDFZ2jdm88wT5e8AkhsWFpxNFkV/FORfW7XC+sp8hhHd,1.256409576136048,2.903399957083991,1.6318935301490942
1173300,Vk6Ir3hBspHY/ypz/UGauDFZ2jdm88wT5e8AkhsWFpxNFkV/FORfW7XC+sp8hhHd,1.257040422691913,1.9686623196089208,1.5135328231987897
1173600,Vk6Ir3hBspHY/ypz/UGauDFZ2jdm88wT5e8AkhsWFpxNFkV/FORfW7XC+sp8hhHd,1.1818255860819753,2.924133807972646,1.6316853978637174
1173900,Vk6Ir3hBspHY/ypz/UGauDFZ2jdm88wT5e8AkhsWFpxNFkV/FORfW7XC+sp8hhHd,1.3256569005863226,2.175981490133511,1.5655868888552704
1174200,Vk6Ir3hBspHY/ypz/UGauDFZ2jdm88wT5e8AkhsWFpxNFkV/FORfW7XC+sp8hhHd,1.334456106177375,6.287004383178672,2.5115120569694613
1174500,Vk6Ir3hBspHY/ypz/UGauDFZ2jdm88wT5e8AkhsWFpxNFkV/FORfW7XC+sp8hhHd,1.3148417053447727,5.642381320427698,2.060604260213787
1174800,Vk6Ir3hBspHY/ypz/UGauDFZ2jdm88wT5e8AkhsWFpxNFkV/FORfW7XC+sp8hhHd,1.3211980913717143,3.393761066218094,1.6606059300310807
1175100,Vk6Ir3hBspHY/ypz/UGauDFZ2jdm88wT5e8AkhsWFpxNFkV/FORfW7XC+sp8hhHd,1.3243932520498238,2.8848652941592112,1.7114734426367952
1175400,Vk6Ir3hBspHY/ypz/UGauDFZ2jdm88wT5e8AkhsWFpxNFkV/FORfW7XC+sp8hhHd,1.2703849938871103,3.116120449094463,1.6398840337470495
1175700,Vk6Ir3hBspHY/ypz/UGauDFZ2jdm88wT5e8AkhsWFpxNFkV/FORfW7XC+sp8hhHd,1.2750489691774336,1.7663036143709645,1.484771622576066
1176000,Vk6Ir3hBspHY/ypz/UGauDFZ2jdm88wT5e8AkhsWFpxNFkV/FORfW7XC+sp8hhHd,1.3114986986027088,3.3310051542696497,1.71204623040025
1176300,Vk6Ir3hBspHY/ypz/UGauDFZ2jdm88wT5e8AkhsWFpxNFkV/FORfW7XC+sp8hhHd,1.295234014296324,2.5276204655419106,1.5726644731621018
1176600,Vk6Ir3hBspHY/ypz/UGauDFZ2jdm88wT5e8AkhsWFpxNFkV/FORfW7XC+sp8hhHd,1.3806344790003997,3.265098578872852,1.6857235871610694
1176900,Vk6Ir3hBspHY/ypz/UGauDFZ2jdm88wT5e8AkhsWFpxNFkV/FORfW7XC+sp8hhHd,1.2600568102398386,2.0275323695584824,1.5868474455070771
1177200,Vk6Ir3hBspHY/ypz/UGauDFZ2jdm88wT5e8AkhsWFpxNFkV/FORfW7XC+sp8hhHd,1.301482973025896,63.953715970834025,16.018172959667236
1177500,Vk6Ir3hBspHY/ypz/UGauDFZ2jdm88wT5e8AkhsWFpxNFkV/FORfW7XC+sp8hhHd,21.754722083874128,67.34852335770823,49.13476835910309
1177800,Vk6Ir3hBspHY/ypz/UGauDFZ2jdm88wT5e8AkhsWFpxNFkV/FORfW7XC+sp8hhHd,1.41862955274292,3.7059609016025914,2.049549028809887
1178100,Vk6Ir3hBspHY/ypz/UGauDFZ2jdm88wT5e8AkhsWFpxNFkV/FORfW7XC+sp8hhHd,1.621326140848704,6.801142138867915,4.0808663114261465
1178400,Vk6Ir3hBspHY/ypz/UGauDFZ2jdm88wT5e8AkhsWFpxNFkV/FORfW7XC+sp8hhHd,1.3404441762568085,3.7241401751157177,1.759758746170174
1178700,Vk6Ir3hBspHY/ypz/UGauDFZ2jdm88wT5e8AkhsWFpxNFkV/FORfW7XC+sp8hhHd,1.3179706666865043,3.1904220701867505,1.6821431613869606
1179000,Vk6Ir3hBspHY/ypz/UGauDFZ2jdm88wT5e8AkhsWFpxNFkV/FORfW7XC+sp8hhHd,1.260828032746596,80.14305972153805,36.86642449740278
1179300,Vk6Ir3hBspHY/ypz/UGauDFZ2jdm88wT5e8AkhsWFpxNFkV/FORfW7XC+sp8hhHd,69.53706054757673,93.14768119538704,82.04675616329027
1179600,Vk6Ir3hBspHY/ypz/UGauDFZ2jdm88wT5e8AkhsWFpxNFkV/FORfW7XC+sp8hhHd,1.4838621405436667,98.55169756732397,42.63188074111413
1179900,Vk6Ir3hBspHY/ypz/UGauDFZ2jdm88wT5e8AkhsWFpxNFkV/FORfW7XC+sp8hhHd,1.447907918814263,8.607013647242965,2.2905950134779496
1180200,Vk6Ir3hBspHY/ypz/UGauDFZ2jdm88wT5e8AkhsWFpxNFkV/FORfW7XC+sp8hhHd,1.394018770757981,2.695863398347625,1.6499499034132792
1180500,Vk6Ir3hBspHY/ypz/UGauDFZ2jdm88wT5e8AkhsWFpxNFkV/FORfW7XC+sp8hhHd,1.2602996646382747,1.8548520661980872,1.543146594316266
1180800,Vk6Ir3hBspHY/ypz/UGauDFZ2jdm88wT5e8AkhsWFpxNFkV/FORfW7XC+sp8hhHd,1.3159425155394753,2.5694884459898337,1.673144800867462
1181100,Vk6Ir3hBspHY/ypz/UGauDFZ2jdm88wT5e8AkhsWFpxNFkV/FORfW7XC+sp8hhHd,1.305568176084943,1.7531069674012991,1.5184125824275578
1181400,Vk6Ir3hBspHY/ypz/UGauDFZ2jdm88wT5e8AkhsWFpxNFkV/FORfW7XC+sp8hhHd,1.3397401723323368,2.7902667205162666,1.6833279184120822
1181700,Vk6Ir3hBspHY/ypz/UGauDFZ2jdm88wT5e8AkhsWFpxNFkV/FORfW7XC+sp8hhHd,1.2412526451030736,6.139404880259583,2.340930955363578
1182000,Vk6Ir3hBspHY/ypz/UGauDFZ2jdm88wT5e8AkhsWFpxNFkV/FORfW7XC+sp8hhHd,1.30115966831622,5.55141057703964,2.374438644413327
1182300,Vk6Ir3hBspHY/ypz/UGauDFZ2jdm88wT5e8AkhsWFpxNFkV/FORfW7XC+sp8hhHd,1.2714204074256288,16.533323592555753,3.134528837840556
1182600,Vk6Ir3hBspHY/ypz/UGauDFZ2jdm88wT5e8AkhsWFpxNFkV/FORfW7XC+sp8hhHd,1.272912355731488,2.8786824482340605,1.6649022867097083
1182900,Vk6Ir3hBspHY/ypz/UGauDFZ2jdm88wT5e8AkhsWFpxNFkV/FORfW7XC+sp8hhHd,1.3093796338308634,2.0948414105380158,1.576042885029591
1183200,Vk6Ir3hBspHY/ypz/UGauDFZ2jdm88wT5e8AkhsWFpxNFkV/FORfW7XC+sp8hhHd,1.2888753135877766,2.901514464324075,1.8180813409149816
1183500,Vk6Ir3hBspHY/ypz/UGauDFZ2jdm88wT5e8AkhsWFpxNFkV/FORfW7XC+sp8hhHd,1.3352103886396465,2.5003844668251327,1.7064601961296286
1183800,Vk6Ir3hBspHY/ypz/UGauDFZ2jdm88wT5e8AkhsWFpxNFkV/FORfW7XC+sp8hhHd,1.2775572848843146,10.640872172211523,2.310734782265233
1184100,Vk6Ir3hBspHY/ypz/UGauDFZ2jdm88wT5e8AkhsWFpxNFkV/FORfW7XC+sp8hhHd,1.3134633719372193,21.299468771497725,3.526422757135226
1184400,Vk6Ir3hBspHY/ypz/UGauDFZ2jdm88wT5e8AkhsWFpxNFkV/FORfW7XC+sp8hhHd,1.279425084222953,2.4027891981126843,1.6547758187262955
1184700,Vk6Ir3hBspHY/ypz/UGauDFZ2jdm88wT5e8AkhsWFpxNFkV/FORfW7XC+sp8hhHd,17.532637146535208,69.97094910699172,37.42025536220565
1185000,Vk6Ir3hBspHY/ypz/UGauDFZ2jdm88wT5e8AkhsWFpxNFkV/FORfW7XC+sp8hhHd,30.552752597967203,42.443503267002605,37.57603935942922
1185300,Vk6Ir3hBspHY/ypz/UGauDFZ2jdm88wT5e8AkhsWFpxNFkV/FORfW7XC+sp8hhHd,1.7041339242117035,85.568224248649,30.12079730937701
1185600,Vk6Ir3hBspHY/ypz/UGauDFZ2jdm88wT5e8AkhsWFpxNFkV/FORfW7XC+sp8hhHd,1.631283966037516,7.155071381941194,3.558690308708416
1185900,Vk6Ir3hBspHY/ypz/UGauDFZ2jdm88wT5e8AkhsWFpxNFkV/FORfW7XC+sp8hhHd,1.3319426659403235,78.19037273894267,38.3587698993893
1186200,Vk6Ir3hBspHY/ypz/UGauDFZ2jdm88wT5e8AkhsWFpxNFkV/FORfW7XC+sp8hhHd,56.073439169585285,97.08213265732137,71.26957541267882
1186500,Vk6Ir3hBspHY/ypz/UGauDFZ2jdm88wT5e8AkhsWFpxNFkV/FORfW7XC+sp8hhHd,43.42083604731038,70.41535093263163,59.220493942279056
1186800,Vk6Ir3hBspHY/ypz/UGauDFZ2jdm88wT5e8AkhsWFpxNFkV/FORfW7XC+sp8hhHd,39.313844311549225,97.73559025357896,72.66515919472377
1187100,Vk6Ir3hBspHY/ypz/UGauDFZ2jdm88wT5e8AkhsWFpxNFkV/FORfW7XC+sp8hhHd,33.58097254428459,68.6947674969447,48.29332471671563
1187400,Vk6Ir3hBspHY/ypz/UGauDFZ2jdm88wT5e8AkhsWFpxNFkV/FORfW7XC+sp8hhHd,1.4016982761258046,71.9923072255587,16.21013047572912
1187700,Vk6Ir3hBspHY/ypz/UGauDFZ2jdm88wT5e8AkhsWFpxNFkV/FORfW7XC+sp8hhHd,1.2144331700647673,2.3042054246844583,1.7042252627403447
1188000,Vk6Ir3hBspHY/ypz/UGauDFZ2jdm88wT5e8AkhsWFpxNFkV/FORfW7XC+sp8hhHd,1.169665756250624,3.0341923853941575,1.7573724612669874
1188300,Vk6Ir3hBspHY/ypz/UGauDFZ2jdm88wT5e8AkhsWFpxNFkV/FORfW7XC+sp8hhHd,1.2371068263001903,1.9739940190759195,1.55895999483504
1188600,Vk6Ir3hBspHY/ypz/UGauDFZ2jdm88wT5e8AkhsWFpxNFkV/FORfW7XC+sp8hhHd,1.257131084726902,3.2449774325905643,1.7176603268068673
1188900,Vk6Ir3hBspHY/ypz/UGauDFZ2jdm88wT5e8AkhsWFpxNFkV/FORfW7XC+sp8hhHd,1.2085434195229785,2.3464880956907432,1.6623952486580378
1189200,Vk6Ir3hBspHY/ypz/UGauDFZ2jdm88wT5e8AkhsWFpxNFkV/FORfW7XC+sp8hhHd,1.1637495406227585,7.24998582582216,2.909678647213451
1189500,Vk6Ir3hBspHY/ypz/UGauDFZ2jdm88wT5e8AkhsWFpxNFkV/FORfW7XC+sp8hhHd,1.2441525997198906,2.9574930065463216,1.6804190898315576
1189800,Vk6Ir3hBspHY/ypz/UGauDFZ2jdm88wT5e8AkhsWFpxNFkV/FORfW7XC+sp8hhHd,1.2419534650166957,3.043245465805056,1.680864232683918
1190100,Vk6Ir3hBspHY/ypz/UGauDFZ2jdm88wT5e8AkhsWFpxNFkV/FORfW7XC+sp8hhHd,1.230699815883258,2.2087414198864583,1.557093672981572
1190400,Vk6Ir3hBspHY/ypz/UGauDFZ2jdm88wT5e8AkhsWFpxNFkV/FORfW7XC+sp8hhHd,1.2459242414736948,3.274030074091861,1.7307075734909905
1190700,Vk6Ir3hBspHY/ypz/UGauDFZ2jdm88wT5e8AkhsWFpxNFkV/FORfW7XC+sp8hhHd,1.3582866475243414,7.332636247083389,2.20613477293364
1191000,Vk6Ir3hBspHY/ypz/UGauDFZ2jdm88wT5e8AkhsWFpxNFkV/FORfW7XC+sp8hhHd,1.4046769907605572,11.54411810941768,4.272044117684298
1191300,Vk6Ir3hBspHY/ypz/UGauDFZ2jdm88wT5e8AkhsWFpxNFkV/FORfW7XC+sp8hhHd,1.2044542696914329,2.65446716355118,1.6883029332103427
1191600,Vk6Ir3hBspHY/ypz/UGauDFZ2jdm88wT5e8AkhsWFpxNFkV/FORfW7XC+sp8hhHd,1.256680014844336,3.1575461789553496,1.6545015707304014
1191900,Vk6Ir3hBspHY/ypz/UGauDFZ2jdm88wT5e8AkhsWFpxNFkV/FORfW7XC+sp8hhHd,1.4554543367253945,39.36339127993828,22.556092078594084
1192200,Vk6Ir3hBspHY/ypz/UGauDFZ2jdm88wT5e8AkhsWFpxNFkV/FORfW7XC+sp8hhHd,21.8905554156088,40.54735839466456,32.923261863371245
1192500,Vk6Ir3hBspHY/ypz/UGauDFZ2jdm88wT5e8AkhsWFpxNFkV/FORfW7XC+sp8hhHd,32.653144739826175,68.26949472474804,55.18327640245205
1192800,Vk6Ir3hBspHY/ypz/UGauDFZ2jdm88wT5e8AkhsWFpxNFkV/FORfW7XC+sp8hhHd,50.54518382515308,69.01638835467885,60.6600756806625
1193100,Vk6Ir3hBspHY/ypz/UGauDFZ2jdm88wT5e8AkhsWFpxNFkV/FORfW7XC+sp8hhHd,56.931845580911855,72.78181723687524,63.666969084805366
1193400,Vk6Ir3hBspHY/ypz/UGauDFZ2jdm88wT5e8AkhsWFpxNFkV/FORfW7XC+sp8hhHd,54.89137332948893,65.61387763056074,61.02454470362835
1193700,Vk6Ir3hBspHY/ypz/UGauDFZ2jdm88wT5e8AkhsWFpxNFkV/FORfW7XC+sp8hhHd,18.018143622351257,67.8034568451235,51.8951585580634
1194000,Vk6Ir3hBspHY/ypz/UGauDFZ2jdm88wT5e8AkhsWFpxNFkV/FORfW7XC+sp8hhHd,10.661921893669255,70.6440546721385,39.910355808571374
1194300,Vk6Ir3hBspHY/ypz/UGauDFZ2jdm88wT5e8AkhsWFpxNFkV/FORfW7XC+sp8hhHd,1.5155564527034049,6.5647631128435044,2.6460462884107048
1194600,Vk6Ir3hBspHY/ypz/UGauDFZ2jdm88wT5e8AkhsWFpxNFkV/FORfW7XC+sp8hhHd,1.2920855619645466,2.894749796945827,1.6623209354140709
1194900,Vk6Ir3hBspHY/ypz/UGauDFZ2jdm88wT5e8AkhsWFpxNFkV/FORfW7XC+sp8hhHd,1.2604673225602896,2.176481487128676,1.639040408690038
1195200,Vk6Ir3hBspHY/ypz/UGauDFZ2jdm88wT5e8AkhsWFpxNFkV/FORfW7XC+sp8hhHd,1.336335669654485,2.817249318416583,1.687247283506042
1195500,Vk6Ir3hBspHY/ypz/UGauDFZ2jdm88wT5e8AkhsWFpxNFkV/FORfW7XC+sp8hhHd,1.3214111514146558,1.731544769750626,1.5568995529028051
1195800,Vk6Ir3hBspHY/ypz/UGauDFZ2jdm88wT5e8AkhsWFpxNFkV/FORfW7XC+sp8hhHd,1.301296680664358,3.147827611823623,1.7037557061089454
1196100,Vk6Ir3hBspHY/ypz/UGauDFZ2jdm88wT5e8AkhsWFpxNFkV/FORfW7XC+sp8hhHd,1.1847048799372768,2.139144806838272,1.6026305875507068
1196400,Vk6Ir3hBspHY/ypz/UGauDFZ2jdm88wT5e8AkhsWFpxNFkV/FORfW7XC+sp8hhHd,1.2255926407754298,4.426047945343247,1.8455580661527464
1196700,Vk6Ir3hBspHY/ypz/UGauDFZ2jdm88wT5e8AkhsWFpxNFkV/FORfW7XC+sp8hhHd,15.88190289327809,64.81339439414973,41.052727456025295
1197000,Vk6Ir3hBspHY/ypz/UGauDFZ2jdm88wT5e8AkhsWFpxNFkV/FORfW7XC+sp8hhHd,1.4815476824006606,8.549995296962146,2.6292699380809417
1197300,Vk6Ir3hBspHY/ypz/UGauDFZ2jdm88wT5e8AkhsWFpxNFkV/FORfW7XC+sp8hhHd,1.420920868876216,1.9421299561929224,1.6738715105567037
1197600,Vk6Ir3hBspHY/ypz/UGauDFZ2jdm88wT5e8AkhsWFpxNFkV/FORfW7XC+sp8hhHd,1.3779859511610697,2.8800714517992354,1.7214015544800083
1197900,Vk6Ir3hBspHY/ypz/UGauDFZ2jdm88wT5e8AkhsWFpxNFkV/FORfW7XC+sp8hhHd,1.397496319376042,1.8505642156717688,1.578093808151012
1198200,Vk6Ir3hBspHY/ypz/UGauDFZ2jdm88wT5e8AkhsWFpxNFkV/FORfW7XC+sp8hhHd,1.2149231890391436,2.908928389921277,1.6611504553435985
1198500,Vk6Ir3hBspHY/ypz/UGauDFZ2jdm88wT5e8AkhsWFpxNFkV/FORfW7XC+sp8hhHd,1.3979907911491098,2.1046501877983537,1.659647749438904
1198800,Vk6Ir3hBspHY/ypz/UGauDFZ2jdm88wT5e8AkhsWFpxNFkV/FORfW7XC+sp8hhHd,1.1721257324451508,3.239616307307184,1.677494514554288
1199100,Vk6Ir3hBspHY/ypz/UGauDFZ2jdm88wT5e8AkhsWFpxNFkV/FORfW7XC+sp8hhHd,1.2634993420340384,1.8523459612364528,1.537982246998021
1199400,Vk6Ir3hBspHY/ypz/UGauDFZ2jdm88wT5e8AkhsWFpxNFkV/FORfW7XC+sp8hhHd,1.2944415862883878,2.8263285998504437,1.7232902128027845
1199700,Vk6Ir3hBspHY/ypz/UGauDFZ2jdm88wT5e8AkhsWFpxNFkV/FORfW7XC+sp8hhHd,1.361948227370766,2.001045314912488,1.569305614625309
1200000,Vk6Ir3hBspHY/ypz/UGauDFZ2jdm88wT5e8AkhsWFpxNFkV/FORfW7XC+sp8hhHd,1.283780596775122,3.2082227680155126,1.697066588142922
1200300,Vk6Ir3hBspHY/ypz/UGauDFZ2jdm88wT5e8AkhsWFpxNFkV/FORfW7XC+sp8hhHd,1.3646338106749278,6.681164307184012,2.942664974357754
1200600,Vk6Ir3hBspHY/ypz/UGauDFZ2jdm88wT5e8AkhsWFpxNFkV/FORfW7XC+sp8hhHd,1.3560675390961976,84.40745102345603,38.590538484924735
1200900,Vk6Ir3hBspHY/ypz/UGauDFZ2jdm88wT5e8AkhsWFpxNFkV/FORfW7XC+sp8hhHd,75.48232015565861,93.80772693048078,81.07745896260857
1201200,Vk6Ir3hBspHY/ypz/UGauDFZ2jdm88wT5e8AkhsWFpxNFkV/FORfW7XC+sp8hhHd,1.6478189656867477,84.97971186295892,35.508153679902435
1201500,Vk6Ir3hBspHY/ypz/UGauDFZ2jdm88wT5e8AkhsWFpxNFkV/FORfW7XC+sp8hhHd,1.3736760334512386,4.4501515751944245,1.8855530595698715
1201800,Vk6Ir3hBspHY/ypz/UGauDFZ2jdm88wT5e8AkhsWFpxNFkV/FORfW7XC+sp8hhHd,1.2716576607670218,3.365024173464721,1.6652986032439874
1202100,Vk6Ir3hBspHY/ypz/UGauDFZ2jdm88wT5e8AkhsWFpxNFkV/FORfW7XC+sp8hhHd,1.2648700807082909,1.8447601650957903,1.589440033204352
1202400,Vk6Ir3hBspHY/ypz/UGauDFZ2jdm88wT5e8AkhsWFpxNFkV/FORfW7XC+sp8hhHd,1.1731889433795046,3.421478265854156,1.6343752870242916
1202700,Vk6Ir3hBspHY/ypz/UGauDFZ2jdm88wT5e8AkhsWFpxNFkV/FORfW7XC+sp8hhHd,1.125465769750612,1.8127910766998092,1.486162773388929
1203000,Vk6Ir3hBspHY/ypz/UGauDFZ2jdm88wT5e8AkhsWFpxNFkV/FORfW7XC+sp8hhHd,1.244894857464794,3.2936950390062534,1.6736199394348954
1203300,Vk6Ir3hBspHY/ypz/UGauDFZ2jdm88wT5e8AkhsWFpxNFkV/FORfW7XC+sp8hhHd,1.24105730455127,1.7747262741981704,1.5412423050892543
1203600,Vk6Ir3hBspHY/ypz/UGauDFZ2jdm88wT5e8AkhsWFpxNFkV/FORfW7XC+sp8hhHd,1.2589515422176394,2.887872674421077,1.6401084549874074
1203900,Vk6Ir3hBspHY/ypz/UGauDFZ2jdm88wT5e8AkhsWFpxNFkV/FORfW7XC+sp8hhHd,1.3555753783209517,6.026855051107459,2.432382115654703
1204200,Vk6Ir3hBspHY/ypz/UGauDFZ2jdm88wT5e8AkhsWFpxNFkV/FORfW7XC+sp8hhHd,1.281236961236947,6.874231271223679,2.194063435687552
1204500,Vk6Ir3hBspHY/ypz/UGauDFZ2jdm88wT5e8AkhsWFpxNFkV/FORfW7XC+sp8hhHd,1.248527564317389,1.9739722989932835,1.5663670808350187
1204800,Vk6Ir3hBspHY/ypz/UGauDFZ2jdm88wT5e8AkhsWFpxNFkV/FORfW7XC+sp8hhHd,1.1125527120846106,46.74836806628726,7.167216723252452
1205100,Vk6Ir3hBspHY/ypz/UGauDFZ2jdm88wT5e8AkhsWFpxNFkV/FORfW7XC+sp8hhHd,1.78591114777642,76.11089986921782,31.866054214190875
1205400,Vk6Ir3hBspHY/ypz/UGauDFZ2jdm88wT5e8AkhsWFpxNFkV/FORfW7XC+sp8hhHd,1.1876744053817343,21.35437322701339,2.956555288431482
1205700,Vk6Ir3hBspHY/ypz/UGauDFZ2jdm88wT5e8AkhsWFpxNFkV/FORfW7XC+sp8hhHd,1.3240555931218494,2.2141477191188828,1.6639714475039218
1206000,Vk6Ir3hBspHY/ypz/UGauDFZ2jdm88wT5e8AkhsWFpxNFkV/FORfW7XC+sp8hhHd,2.951662300908967,82.72855305654775,41.39133196719956
1206300,Vk6Ir3hBspHY/ypz/UGauDFZ2jdm88wT5e8AkhsWFpxNFkV/FORfW7XC+sp8hhHd,15.536223757719002,68.26840959748385,48.12720391087083
1206600,Vk6Ir3hBspHY/ypz/UGauDFZ2jdm88wT5e8AkhsWFpxNFkV/FORfW7XC+sp8hhHd,1.3291308188900166,2.047245274900728,1.7035952498402689
1206900,Vk6Ir3hBspHY/ypz/UGauDFZ2jdm88wT5e8AkhsWFpxNFkV/FORfW7XC+sp8hhHd,1.2983317331925344,2.9982346621183646,1.802874794676949
1207200,Vk6Ir3hBspHY/ypz/UGauDFZ2jdm88wT5e8AkhsWFpxNFkV/FORfW7XC+sp8hhHd,1.272959211075926,1.8173021659523103,1.5425789454203478
1207500,Vk6Ir3hBspHY/ypz/UGauDFZ2jdm88wT5e8AkhsWFpxNFkV/FORfW7XC+sp8hhHd,1.2922154806438368,3.0243523616312435,1.7433838522254337
1207800,Vk6Ir3hBspHY/ypz/UGauDFZ2jdm88wT5e8AkhsWFpxNFkV/FORfW7XC+sp8hhHd,2.5723781629926195,95.53377872793843,60.75365124654121
1208100,Vk6Ir3hBspHY/ypz/UGauDFZ2jdm88wT5e8AkhsWFpxNFkV/FORfW7XC+sp8hhHd,74.17582740355395,93.42624267744189,87.08056895149076
1208400,Vk6Ir3hBspHY/ypz/UGauDFZ2jdm88wT5e8AkhsWFpxNFkV/FORfW7XC+sp8hhHd,65.84930522335262,96.7199475998202,85.33326707291474
1208700,Vk6Ir3hBspHY/ypz/UGauDFZ2jdm88wT5e8AkhsWFpxNFkV/FORfW7XC+sp8hhHd,92.5236685581449,98.40697525585816,97.48583140210546
1209000,Vk6Ir3hBspHY/ypz/UGauDFZ2jdm88wT5e8AkhsWFpxNFkV/FORfW7XC+sp8hhHd,38.85273192532932,98.15431608979536,61.0876019254624
1209300,Vk6Ir3hBspHY/ypz/UGauDFZ2jdm88wT5e8AkhsWFpxNFkV/FORfW7XC+sp8hhHd,39.9227982972274,64.0980123003631,50.85660566777548
1209600,Vk6Ir3hBspHY/ypz/UGauDFZ2jdm88wT5e8AkhsWFpxNFkV/FORfW7XC+sp8hhHd,15.999790134555216,69.10937759941544,45.731412070881674
1209900,Vk6Ir3hBspHY/ypz/UGauDFZ2jdm88wT5e8AkhsWFpxNFkV/FORfW7XC+sp8hhHd,1.2655783522793205,2.984017855389426,1.7783968711670124
1210200,Vk6Ir3hBspHY/ypz/UGauDFZ2jdm88wT5e8AkhsWFpxNFkV/FORfW7XC+sp8hhHd,1.1771390547571532,49.820048899461135,16.611409226877917
1210500,Vk6Ir3hBspHY/ypz/UGauDFZ2jdm88wT5e8AkhsWFpxNFkV/FORfW7XC+sp8hhHd,1.4968061146355616,17.849044163918396,3.6478335438235376
1210800,Vk6Ir3hBspHY/ypz/UGauDFZ2jdm88wT5e8AkhsWFpxNFkV/FORfW7XC+sp8hhHd,1.3470648382176234,1.907889402010531,1.6494834373775542
1211100,Vk6Ir3hBspHY/ypz/UGauDFZ2jdm88wT5e8AkhsWFpxNFkV/FORfW7XC+sp8hhHd,1.3675504718875398,2.6733741862247085,1.7310970796169765
1211400,Vk6Ir3hBspHY/ypz/UGauDFZ2jdm88wT5e8AkhsWFpxNFkV/FORfW7XC+sp8hhHd,1.2639728318252128,6.459506203082979,2.913629391089013
1211700,Vk6Ir3hBspHY/ypz/UGauDFZ2jdm88wT5e8AkhsWFpxNFkV/FORfW7XC+sp8hhHd,1.1799365389555247,9.241126268849635,2.5212124834052
1212000,Vk6Ir3hBspHY/ypz/UGauDFZ2jdm88wT5e8AkhsWFpxNFkV/FORfW7XC+sp8hhHd,1.3436160131005106,6.470885147659248,2.277365662455035
1212300,Vk6Ir3hBspHY/ypz/UGauDFZ2jdm88wT5e8AkhsWFpxNFkV/FORfW7XC+sp8hhHd,1.2422829198379963,3.2336397582268974,2.0276394016627672
1212600,Vk6Ir3hBspHY/ypz/UGauDFZ2jdm88wT5e8AkhsWFpxNFkV/FORfW7XC+sp8hhHd,1.4038679386525446,52.85433319473447,35.734860241299124
1212900,Vk6Ir3hBspHY/ypz/UGauDFZ2jdm88wT5e8AkhsWFpxNFkV/FORfW7XC+sp8hhHd,1.3729563994758054,4.988991272922952,2.472970272316493
1213200,Vk6Ir3hBspHY/ypz/UGauDFZ2jdm88wT5e8AkhsWFpxNFkV/FORfW7XC+sp8hhHd,1.275877725509886,61.41868797641072,12.259885664990232
1213500,Vk6Ir3hBspHY/ypz/UGauDFZ2jdm88wT5e8AkhsWFpxNFkV/FORfW7XC+sp8hhHd,1.4996289031421428,46.22951122065898,6.953032314664084
1213800,Vk6Ir3hBspHY/ypz/UGauDFZ2jdm88wT5e8AkhsWFpxNFkV/FORfW7XC+sp8hhHd,1.1522564284063057,44.23826159292023,8.624929434518622
1214100,Vk6Ir3hBspHY/ypz/UGauDFZ2jdm88wT5e8AkhsWFpxNFkV/FORfW7XC+sp8hhHd,37.895350451163296,52.30798972372321,44.4872047467433
1214400,Vk6Ir3hBspHY/ypz/UGauDFZ2jdm88wT5e8AkhsWFpxNFkV/FORfW7XC+sp8hhHd,38.69882770936712,54.533428387662624,46.19003194679013
1214700,Vk6Ir3hBspHY/ypz/UGauDFZ2jdm88wT5e8AkhsWFpxNFkV/FORfW7XC+sp8hhHd,1.594511036654098,60.06752485604758,27.60414737481759
1215000,Vk6Ir3hBspHY/ypz/UGauDFZ2jdm88wT5e8AkhsWFpxNFkV/FORfW7XC+sp8hhHd,1.2432630637939557,8.358227338541415,3.3910358320348686
1215300,Vk6Ir3hBspHY/ypz/UGauDFZ2jdm88wT5e8AkhsWFpxNFkV/FORfW7XC+sp8hhHd,4.642216180571971,45.39219658026334,32.589735686003166
1215600,Vk6Ir3hBspHY/ypz/UGauDFZ2jdm88wT5e8AkhsWFpxNFkV/FORfW7XC+sp8hhHd,32.88733502754953,46.11450243063441,37.91674856834093
1215900,Vk6Ir3hBspHY/ypz/UGauDFZ2jdm88wT5e8AkhsWFpxNFkV/FORfW7XC+sp8hhHd,32.36228723726764,76.80255130459173,45.32195400879166
1216200,Vk6Ir3hBspHY/ypz/UGauDFZ2jdm88wT5e8AkhsWFpxNFkV/FORfW7XC+sp8hhHd,1.3434087431973496,38.26883288626992,5.594849959129659
1216500,Vk6Ir3hBspHY/ypz/UGauDFZ2jdm88wT5e8AkhsWFpxNFkV/FORfW7XC+sp8hhHd,1.3090090176906397,3.733624529490757,1.8545278558535976
1216800,Vk6Ir3hBspHY/ypz/UGauDFZ2jdm88wT5e8AkhsWFpxNFkV/FORfW7XC+sp8hhHd,1.1498988895338729,92.6043358181357,48.71857062851898
1217100,Vk6Ir3hBspHY/ypz/UGauDFZ2jdm88wT5e8AkhsWFpxNFkV/FORfW7XC+sp8hhHd,89.43455657285078,93.3829534509546,91.17420919498952
1217400,Vk6Ir3hBspHY/ypz/UGauDFZ2jdm88wT5e8AkhsWFpxNFkV/FORfW7XC+sp8hhHd,90.04422844980658,93.7454979328496,91.5319441668638
1217700,Vk6Ir3hBspHY/ypz/UGauDFZ2jdm88wT5e8AkhsWFpxNFkV/FORfW7XC+sp8hhHd,88.97659712333083,92.54457220874848,90.54984572331924
1218000,Vk6Ir3hBspHY/ypz/UGauDFZ2jdm88wT5e8AkhsWFpxNFkV/FORfW7XC+sp8hhHd,87.65973817086336,92.92521035020167,90.0922847679493
1218300,Vk6Ir3hBspHY/ypz/UGauDFZ2jdm88wT5e8AkhsWFpxNFkV/FORfW7XC+sp8hhHd,86.19221455498841,92.99636823454956,89.73856581126105
1218600,Vk6Ir3hBspHY/ypz/UGauDFZ2jdm88wT5e8AkhsWFpxNFkV/FORfW7XC+sp8hhHd,87.40642806458561,94.78241047847533,91.52433995479092
1218900,Vk6Ir3hBspHY/ypz/UGauDFZ2jdm88wT5e8AkhsWFpxNFkV/FORfW7XC+sp8hhHd,92.91877951668688,95.962670371111,94.60994056348234
1219200,Vk6Ir3hBspHY/ypz/UGauDFZ2jdm88wT5e8AkhsWFpxNFkV/FORfW7XC+sp8hhHd,89.44190248775683,94.48693289721497,92.50027394891144
1219500,Vk6Ir3hBspHY/ypz/UGauDFZ2jdm88wT5e8AkhsWFpxNFkV/FORfW7XC+sp8hhHd,56.281032350503374,95.42078635873632,86.94795281350062
1219800,Vk6Ir3hBspHY/ypz/UGauDFZ2jdm88wT5e8AkhsWFpxNFkV/FORfW7XC+sp8hhHd,75.23808722532888,97.28795089225476,93.01153211848762
1220100,Vk6Ir3hBspHY/ypz/UGauDFZ2jdm88wT5e8AkhsWFpxNFkV/FORfW7XC+sp8hhHd,93.04634547675047,96.78378916353584,94.96639920591373
1220400,Vk6Ir3hBspHY/ypz/UGauDFZ2jdm88wT5e8AkhsWFpxNFkV/FORfW7XC+sp8hhHd,1.6989476026493646,95.52712223450986,63.31084822742681
1220700,Vk6Ir3hBspHY/ypz/UGauDFZ2jdm88wT5e8AkhsWFpxNFkV/FORfW7XC+sp8hhHd,1.395358521055147,5.763722679758333,2.08775279794637
1221000,Vk6Ir3hBspHY/ypz/UGauDFZ2jdm88wT5e8AkhsWFpxNFkV/FORfW7XC+sp8hhHd,1.2835824643963938,76.11364308960326,15.391553581998954
1221300,Vk6Ir3hBspHY/ypz/UGauDFZ2jdm88wT5e8AkhsWFpxNFkV/FORfW7XC+sp8hhHd,42.91735271708673,80.8607625106067,63.8335574542804
1221600,Vk6Ir3hBspHY/ypz/UGauDFZ2jdm88wT5e8AkhsWFpxNFkV/FORfW7XC+sp8hhHd,24.746979268735128,67.80987102218572,53.56625802343982
1221900,Vk6Ir3hBspHY/ypz/UGauDFZ2jdm88wT5e8AkhsWFpxNFkV/FORfW7XC+sp8hhHd,44.1326088818201,84.17344061272986,64.16999238628705
1222200,Vk6Ir3hBspHY/ypz/UGauDFZ2jdm88wT5e8AkhsWFpxNFkV/FORfW7XC+sp8hhHd,54.32693874317738,80.00069818873149,65.1779665023282
1222500,Vk6Ir3hBspHY/ypz/UGauDFZ2jdm88wT5e8AkhsWFpxNFkV/FORfW7XC+sp8hhHd,1.583351856540594,62.66778386379158,24.317150760420084
1222800,Vk6Ir3hBspHY/ypz/UGauDFZ2jdm88wT5e8AkhsWFpxNFkV/FORfW7XC+sp8hhHd,1.3166113351584507,3.600090963141944,1.7806277604456966
1223100,Vk6Ir3hBspHY/ypz/UGauDFZ2jdm88wT5e8AkhsWFpxNFkV/FORfW7XC+sp8hhHd,2.806856071199677,93.2729090678952,74.70310019968562
1223400,Vk6Ir3hBspHY/ypz/UGauDFZ2jdm88wT5e8AkhsWFpxNFkV/FORfW7XC+sp8hhHd,1.2800625919565751,92.70755994551926,43.41144903974512
1223700,Vk6Ir3hBspHY/ypz/UGauDFZ2jdm88wT5e8AkhsWFpxNFkV/FORfW7XC+sp8hhHd,1.2814187636019914,6.08384359560989,2.257774770644911
1224000,Vk6Ir3hBspHY/ypz/UGauDFZ2jdm88wT5e8AkhsWFpxNFkV/FORfW7XC+sp8hhHd,1.2539248330661934,68.26098692391236,29.99265317608148
1224300,Vk6Ir3hBspHY/ypz/UGauDFZ2jdm88wT5e8AkhsWFpxNFkV/FORfW7XC+sp8hhHd,33.61061529710172,66.24989195132214,50.520596641068394
1224600,Vk6Ir3hBspHY/ypz/UGauDFZ2jdm88wT5e8AkhsWFpxNFkV/FORfW7XC+sp8hhHd,1.2269991939965568,61.68383224774541,9.462186217936782
1224900,Vk6Ir3hBspHY/ypz/UGauDFZ2jdm88wT5e8AkhsWFpxNFkV/FORfW7XC+sp8hhHd,1.3517731784901956,76.97911667491755,19.02738994677713
1225200,Vk6Ir3hBspHY/ypz/UGauDFZ2jdm88wT5e8AkhsWFpxNFkV/FORfW7XC+sp8hhHd,29.162650295331847,97.56571264806425,81.66301707465523
1225500,Vk6Ir3hBspHY/ypz/UGauDFZ2jdm88wT5e8AkhsWFpxNFkV/FORfW7XC+sp8hhHd,1.434738116274694,21.1881963743998,4.435456848856825
1225800,Vk6Ir3hBspHY/ypz/UGauDFZ2jdm88wT5e8AkhsWFpxNFkV/FORfW7XC+sp8hhHd,1.3541436989927538,2.679323340793116,1.7586109671522128
1226100,Vk6Ir3hBspHY/ypz/UGauDFZ2jdm88wT5e8AkhsWFpxNFkV/FORfW7XC+sp8hhHd,6.164468899655889,44.29325269456862,34.08125521816688
1226400,Vk6Ir3hBspHY/ypz/UGauDFZ2jdm88wT5e8AkhsWFpxNFkV/FORfW7XC+sp8hhHd,31.35227859327612,43.183173693005095,38.16499738606172
1226700,Vk6Ir3hBspHY/ypz/UGauDFZ2jdm88wT5e8AkhsWFpxNFkV/FORfW7XC+sp8hhHd,2.130302916111501,85.18607014448249,41.37404480710726
1227000,Vk6Ir3hBspHY/ypz/UGauDFZ2jdm88wT5e8AkhsWFpxNFkV/FORfW7XC+sp8hhHd,1.4329234437177487,3.32516731062277,1.7800417656822336
1227300,Vk6Ir3hBspHY/ypz/UGauDFZ2jdm88wT5e8AkhsWFpxNFkV/FORfW7XC+sp8hhHd,1.1837697448492552,73.90454468376534,23.124404403406533
1227600,Vk6Ir3hBspHY/ypz/UGauDFZ2jdm88wT5e8AkhsWFpxNFkV/FORfW7XC+sp8hhHd,1.317970837989643,3.3940640354374643,1.9383435893606225
1227900,Vk6Ir3hBspHY/ypz/UGauDFZ2jdm88wT5e8AkhsWFpxNFkV/FORfW7XC+sp8hhHd,1.3496082598195458,90.95755079373123,25.82005377442192
1228200,Vk6Ir3hBspHY/ypz/UGauDFZ2jdm88wT5e8AkhsWFpxNFkV/FORfW7XC+sp8hhHd,74.05978920848102,91.61389545846984,88.76896730986273
1228500,Vk6Ir3hBspHY/ypz/UGauDFZ2jdm88wT5e8AkhsWFpxNFkV/FORfW7XC+sp8hhHd,1.5512449334470266,95.1830304878324,50.773713164457135
1228800,Vk6Ir3hBspHY/ypz/UGauDFZ2jdm88wT5e8AkhsWFpxNFkV/FORfW7XC+sp8hhHd,1.3449073583532247,9.342746347276947,2.327578034907999
1229100,Vk6Ir3hBspHY/ypz/UGauDFZ2jdm88wT5e8AkhsWFpxNFkV/FORfW7XC+sp8hhHd,31.09730195103395,80.76509316209412,48.86575156266566
1229400,Vk6Ir3hBspHY/ypz/UGauDFZ2jdm88wT5e8AkhsWFpxNFkV/FORfW7XC+sp8hhHd,32.731855522279155,60.991657926459965,47.66167597481918
1229700,Vk6Ir3hBspHY/ypz/UGauDFZ2jdm88wT5e8AkhsWFpxNFkV/FORfW7XC+sp8hhHd,26.574305725070264,60.388600183041405,43.46525918703552
1230000,Vk6Ir3hBspHY/ypz/UGauDFZ2jdm88wT5e8AkhsWFpxNFkV/FORfW7XC+sp8hhHd,1.6902998087390515,76.75648674482618,42.92595255288674
1230300,Vk6Ir3hBspHY/ypz/UGauDFZ2jdm88wT5e8AkhsWFpxNFkV/FORfW7XC+sp8hhHd,1.2268865596156435,3.188636227247788,1.8177081569817224
1230600,Vk6Ir3hBspHY/ypz/UGauDFZ2jdm88wT5e8AkhsWFpxNFkV/FORfW7XC+sp8hhHd,1.2246582802351311,87.13785417851683,45.83653098313714
1230900,Vk6Ir3hBspHY/ypz/UGauDFZ2jdm88wT5e8AkhsWFpxNFkV/FORfW7XC+sp8hhHd,1.3799343477023192,21.055892870184227,4.693308012093208
1231200,Vk6Ir3hBspHY/ypz/UGauDFZ2jdm88wT5e8AkhsWFpxNFkV/FORfW7XC+sp8hhHd,1.2956364065010864,71.88336103235956,22.729654051847177
1231500,Vk6Ir3hBspHY/ypz/UGauDFZ2jdm88wT5e8AkhsWFpxNFkV/FORfW7XC+sp8hhHd,60.48746700768747,78.59460157650605,69.87706019745802
1231800,Vk6Ir3hBspHY/ypz/UGauDFZ2jdm88wT5e8AkhsWFpxNFkV/FORfW7XC+sp8hhHd,46.57147072049016,98.57861509087938,78.5098310889257
1232100,Vk6Ir3hBspHY/ypz/UGauDFZ2jdm88wT5e8AkhsWFpxNFkV/FORfW7XC+sp8hhHd,1.4526912085559232,67.0048166294375,19.831697959093248
1232400,Vk6Ir3hBspHY/ypz/UGauDFZ2jdm88wT5e8AkhsWFpxNFkV/FORfW7XC+sp8hhHd,1.2681885870966718,6.400195817743365,1.9619556791298929
1232700,Vk6Ir3hBspHY/ypz/UGauDFZ2jdm88wT5e8AkhsWFpxNFkV/FORfW7XC+sp8hhHd,1.6857790158727106,79.34193777924985,38.06174908470355
1233000,Vk6Ir3hBspHY/ypz/UGauDFZ2jdm88wT5e8AkhsWFpxNFkV/FORfW7XC+sp8hhHd,1.304476451155146,5.535041650160107,2.3089175361056498
1233300,Vk6Ir3hBspHY/ypz/UGauDFZ2jdm88wT5e8AkhsWFpxNFkV/FORfW7XC+sp8hhHd,1.365082662780265,38.655345560556256,13.00268132179502
1233600,Vk6Ir3hBspHY/ypz/UGauDFZ2jdm88wT5e8AkhsWFpxNFkV/FORfW7XC+sp8hhHd,1.2356956107696797,11.61932504172204,3.696179078300824
1233900,Vk6Ir3hBspHY/ypz/UGauDFZ2jdm88wT5e8AkhsWFpxNFkV/FORfW7XC+sp8hhHd,1.3243583688525138,8.810622571822064,4.4670946805666505
1234200,Vk6Ir3hBspHY/ypz/UGauDFZ2jdm88wT5e8AkhsWFpxNFkV/FORfW7XC+sp8hhHd,6.985501280481191,9.57304729436918,8.042719531147123
1234500,Vk6Ir3hBspHY/ypz/UGauDFZ2jdm88wT5e8AkhsWFpxNFkV/FORfW7XC+sp8hhHd,6.680513812699091,8.750859998396393,7.607029479172748
1234800,Vk6Ir3hBspHY/ypz/UGauDFZ2jdm88wT5e8AkhsWFpxNFkV/FORfW7XC+sp8hhHd,6.5487532373651245,10.289441434052945,8.20517634596944
1235100,Vk6Ir3hBspHY/ypz/UGauDFZ2jdm88wT5e8AkhsWFpxNFkV/FORfW7XC+sp8hhHd,6.633745683002316,8.826892542590898,7.656029746972655
1235400,Vk6Ir3hBspHY/ypz/UGauDFZ2jdm88wT5e8AkhsWFpxNFkV/FORfW7XC+sp8hhHd,6.586254279341961,11.69954506280035,8.429910244284681
1235700,Vk6Ir3hBspHY/ypz/UGauDFZ2jdm88wT5e8AkhsWFpxNFkV/FORfW7XC+sp8hhHd,6.805187301918319,11.62325558426131,8.83086236169073
1236000,Vk6Ir3hBspHY/ypz/UGauDFZ2jdm88wT5e8AkhsWFpxNFkV/FORfW7XC+sp8hhHd,8.531911027090988,11.818935292775516,9.756516463437377
1236300,Vk6Ir3hBspHY/ypz/UGauDFZ2jdm88wT5e8AkhsWFpxNFkV/FORfW7XC+sp8hhHd,3.1236996032073097,88.95801287053689,19.17001162242267
1236600,Vk6Ir3hBspHY/ypz/UGauDFZ2jdm88wT5e8AkhsWFpxNFkV/FORfW7XC+sp8hhHd,1.4142692905640013,9.402445218622685,2.697233368923417
1236900,Vk6Ir3hBspHY/ypz/UGauDFZ2jdm88wT5e8AkhsWFpxNFkV/FORfW7XC+sp8hhHd,1.3335458374807327,64.46700671780961,7.938045316892314
1237200,Vk6Ir3hBspHY/ypz/UGauDFZ2jdm88wT5e8AkhsWFpxNFkV/FORfW7XC+sp8hhHd,66.75408464382168,85.8048531829628,75.08942387205813
1237500,Vk6Ir3hBspHY/ypz/UGauDFZ2jdm88wT5e8AkhsWFpxNFkV/FORfW7XC+sp8hhHd,68.33023368175948,92.1146289606226,83.25901350608245
1237800,Vk6Ir3hBspHY/ypz/UGauDFZ2jdm88wT5e8AkhsWFpxNFkV/FORfW7XC+sp8hhHd,79.08555335318938,89.92259367469244,85.92833452806573
1238100,Vk6Ir3hBspHY/ypz/UGauDFZ2jdm88wT5e8AkhsWFpxNFkV/FORfW7XC+sp8hhHd,74.31781526260309,95.42953978183485,85.16221528207154
1238400,Vk6Ir3hBspHY/ypz/UGauDFZ2jdm88wT5e8AkhsWFpxNFkV/FORfW7XC+sp8hhHd,1.4576510709713923,76.22146377942688,19.73537497132437
1238700,Vk6Ir3hBspHY/ypz/UGauDFZ2jdm88wT5e8AkhsWFpxNFkV/FORfW7XC+sp8hhHd,1.3835241421873885,13.006112548896605,3.248412222473009
1239000,Vk6Ir3hBspHY/ypz/UGauDFZ2jdm88wT5e8AkhsWFpxNFkV/FORfW7XC+sp8hhHd,1.3123781350017028,38.8103925867742,25.204498459979
1239300,Vk6Ir3hBspHY/ypz/UGauDFZ2jdm88wT5e8AkhsWFpxNFkV/FORfW7XC+sp8hhHd,31.176952045134904,41.46698478526015,36.68617614432947
1239600,Vk6Ir3hBspHY/ypz/UGauDFZ2jdm88wT5e8AkhsWFpxNFkV/FORfW7XC+sp8hhHd,32.824380065424954,43.19664813547582,38.02464913528578
1239900,Vk6Ir3hBspHY/ypz/UGauDFZ2jdm88wT5e8AkhsWFpxNFkV/FORfW7XC+sp8hhHd,38.24806336107299,49.15880249409992,43.777002038650224
1240200,Vk6Ir3hBspHY/ypz/UGauDFZ2jdm88wT5e8AkhsWFpxNFkV/FORfW7XC+sp8hhHd,38.43164055714052,51.28758351651376,42.811261093005136
1240500,Vk6Ir3hBspHY/ypz/UGauDFZ2jdm88wT5e8AkhsWFpxNFkV/FORfW7XC+sp8hhHd,33.07248808611308,49.96743765956798,40.49915570299294
1240800,Vk6Ir3hBspHY/ypz/UGauDFZ2jdm88wT5e8AkhsWFpxNFkV/FORfW7XC+sp8hhHd,32.465987302351905,46.872072112785446,38.14691679648799
1241100,Vk6Ir3hBspHY/ypz/UGauDFZ2jdm88wT5e8AkhsWFpxNFkV/FORfW7XC+sp8hhHd,34.39145068368548,44.22436538283869,38.481150449722335
1241400,Vk6Ir3hBspHY/ypz/UGauDFZ2jdm88wT5e8AkhsWFpxNFkV/FORfW7XC+sp8hhHd,31.70445388803221,46.61547469094658,36.43494529467548
1241700,Vk6Ir3hBspHY/ypz/UGauDFZ2jdm88wT5e8AkhsWFpxNFkV/FORfW7XC+sp8hhHd,29.68147497627904,41.5504695031149,35.294283347300656
1242000,Vk6Ir3hBspHY/ypz/UGauDFZ2jdm88wT5e8AkhsWFpxNFkV/FORfW7XC+sp8hhHd,32.66582392338127,41.81896316179182,35.90971284401794
1242300,Vk6Ir3hBspHY/ypz/UGauDFZ2jdm88wT5e8AkhsWFpxNFkV/FORfW7XC+sp8hhHd,31.03788024619692,63.76575596247383,39.42092273477041
1242600,Vk6Ir3hBspHY/ypz/UGauDFZ2jdm88wT5e8AkhsWFpxNFkV/FORfW7XC+sp8hhHd,31.00570675009373,45.65073625072544,35.36072140071127
1242900,Vk6Ir3hBspHY/ypz/UGauDFZ2jdm88wT5e8AkhsWFpxNFkV/FORfW7XC+sp8hhHd,30.662713187331963,41.18414320849746,35.89462207512269
1243200,Vk6Ir3hBspHY/ypz/UGauDFZ2jdm88wT5e8AkhsWFpxNFkV/FORfW7XC+sp8hhHd,33.06553121678073,39.47477886091831,36.638128054319246
1243500,Vk6Ir3hBspHY/ypz/UGauDFZ2jdm88wT5e8AkhsWFpxNFkV/FORfW7XC+sp8hhHd,33.087750935213826,72.47167797377811,39.7222203220884
1243800,Vk6Ir3hBspHY/ypz/UGauDFZ2jdm88wT5e8AkhsWFpxNFkV/FORfW7XC+sp8hhHd,3.6526273793748407,98.18682444174088,68.36156098550398
1244100,Vk6Ir3hBspHY/ypz/UGauDFZ2jdm88wT5e8AkhsWFpxNFkV/FORfW7XC+sp8hhHd,1.321847540354056,27.791835711691185,10.652871930753946
1244400,Vk6Ir3hBspHY/ypz/UGauDFZ2jdm88wT5e8AkhsWFpxNFkV/FORfW7XC+sp8hhHd,1.334814456728966,2.097926678893466,1.744315846791061
1244700,Vk6Ir3hBspHY/ypz/UGauDFZ2jdm88wT5e8AkhsWFpxNFkV/FORfW7XC+sp8hhHd,1.3093720514253344,7.673120235268867,2.936709535709078
1245000,Vk6Ir3hBspHY/ypz/UGauDFZ2jdm88wT5e8AkhsWFpxNFkV/FORfW7XC+sp8hhHd,1.4615724765044154,6.961987822748684,3.098479897262472
1245300,Vk6Ir3hBspHY/ypz/UGauDFZ2jdm88wT5e8AkhsWFpxNFkV/FORfW7XC+sp8hhHd,1.242154480817797,47.490941584928606,6.596282668780188
1245600,Vk6Ir3hBspHY/ypz/UGauDFZ2jdm88wT5e8AkhsWFpxNFkV/FORfW7XC+sp8hhHd,65.04496026943481,78.88755465773815,72.17406902747123
1245900,Vk6Ir3hBspHY/ypz/UGauDFZ2jdm88wT5e8AkhsWFpxNFkV/FORfW7XC+sp8hhHd,40.033341742227655,98.08967490539972,70.56296474825119
1246200,Vk6Ir3hBspHY/ypz/UGauDFZ2jdm88wT5e8AkhsWFpxNFkV/FORfW7XC+sp8hhHd,1.7108766468725014,21.33151915156885,7.784597810448659
1246500,Vk6Ir3hBspHY/ypz/UGauDFZ2jdm88wT5e8AkhsWFpxNFkV/FORfW7XC+sp8hhHd,1.347798991687044,15.540543389239366,3.109262538704474
1246800,Vk6Ir3hBspHY/ypz/UGauDFZ2jdm88wT5e8AkhsWFpxNFkV/FORfW7XC+sp8hhHd,1.6955723915779537,44.762315109079,28.418163541364272
1247100,Vk6Ir3hBspHY/ypz/UGauDFZ2jdm88wT5e8AkhsWFpxNFkV/FORfW7XC+sp8hhHd,30.74226242913193,40.16264067369895,35.767427107422094
1247400,Vk6Ir3hBspHY/ypz/UGauDFZ2jdm88wT5e8AkhsWFpxNFkV/FORfW7XC+sp8hhHd,31.54270623423339,40.46219823331927,35.65201061955474
1247700,Vk6Ir3hBspHY/ypz/UGauDFZ2jdm88wT5e8AkhsWFpxNFkV/FORfW7XC+sp8hhHd,1.4913924566026786,46.00129933033381,9.451038240990918
1248000,Vk6Ir3hBspHY/ypz/UGauDFZ2jdm88wT5e8AkhsWFpxNFkV/FORfW7XC+sp8hhHd,1.3429361582520338,34.02603757805572,4.771522210667338
1248300,Vk6Ir3hBspHY/ypz/UGauDFZ2jdm88wT5e8AkhsWFpxNFkV/FORfW7XC+sp8hhHd,1.3890630130664143,8.775445138718803,2.8797170018244067
1248600,Vk6Ir3hBspHY/ypz/UGauDFZ2jdm88wT5e8AkhsWFpxNFkV/FORfW7XC+sp8hhHd,1.320098886786648,6.711389282515218,2.904251685306319
1248900,Vk6Ir3hBspHY/ypz/UGauDFZ2jdm88wT5e8AkhsWFpxNFkV/FORfW7XC+sp8hhHd,1.360084795122953,14.421118408327576,5.69889988740952
1249200,Vk6Ir3hBspHY/ypz/UGauDFZ2jdm88wT5e8AkhsWFpxNFkV/FORfW7XC+sp8hhHd,1.4842085746761655,41.667238475037415,19.45102703911357
1249500,Vk6Ir3hBspHY/ypz/UGauDFZ2jdm88wT5e8AkhsWFpxNFkV/FORfW7XC+sp8hhHd,32.32370915164273,42.47969448505143,36.967716291023685
1249800,Vk6Ir3hBspHY/ypz/UGauDFZ2jdm88wT5e8AkhsWFpxNFkV/FORfW7XC+sp8hhHd,50.840012494576015,55.85263785154947,53.31762544986233
1250100,Vk6Ir3hBspHY/ypz/UGauDFZ2jdm88wT5e8AkhsWFpxNFkV/FORfW7XC+sp8hhHd,35.268011553123905,53.71539750618084,41.27563425482289
1250400,Vk6Ir3hBspHY/ypz/UGauDFZ2jdm88wT5e8AkhsWFpxNFkV/FORfW7XC+sp8hhHd,35.086628532634215,98.52918232148352,72.79745735085838
1250700,Vk6Ir3hBspHY/ypz/UGauDFZ2jdm88wT5e8AkhsWFpxNFkV/FORfW7XC+sp8hhHd,1.3534322130533971,26.85445064521307,7.151518809801292
1251000,Vk6Ir3hBspHY/ypz/UGauDFZ2jdm88wT5e8AkhsWFpxNFkV/FORfW7XC+sp8hhHd,1.3087707672085218,3.09611816120976,1.6706323717929137
1251300,Vk6Ir3hBspHY/ypz/UGauDFZ2jdm88wT5e8AkhsWFpxNFkV/FORfW7XC+sp8hhHd,1.325434302815779,2.961388468449364,1.7106198440166804
1251600,Vk6Ir3hBspHY/ypz/UGauDFZ2jdm88wT5e8AkhsWFpxNFkV/FORfW7XC+sp8hhHd,1.3112106278507047,2.3180377319146785,1.6835920935439168
1251900,Vk6Ir3hBspHY/ypz/UGauDFZ2jdm88wT5e8AkhsWFpxNFkV/FORfW7XC+sp8hhHd,1.4100615487401773,2.794506158915833,1.7220238454546135
1252200,Vk6Ir3hBspHY/ypz/UGauDFZ2jdm88wT5e8AkhsWFpxNFkV/FORfW7XC+sp8hhHd,1.2968118351899254,6.183827662797741,2.3243634637450628
1252500,Vk6Ir3hBspHY/ypz/UGauDFZ2jdm88wT5e8AkhsWFpxNFkV/FORfW7XC+sp8hhHd,1.3108566552169243,6.070703676874518,2.222777192446145
1252800,Vk6Ir3hBspHY/ypz/UGauDFZ2jdm88wT5e8AkhsWFpxNFkV/FORfW7XC+sp8hhHd,1.3746457510343426,1.9484913922997336,1.532213888342882
1253100,Vk6Ir3hBspHY/ypz/UGauDFZ2jdm88wT5e8AkhsWFpxNFkV/FORfW7XC+sp8hhHd,1.2927874072859709,2.799222501039832,1.6232582461113514
1253400,Vk6Ir3hBspHY/ypz/UGauDFZ2jdm88wT5e8AkhsWFpxNFkV/FORfW7XC+sp8hhHd,1.2556817585393834,2.009648944131608,1.5443380351341731
1253700,Vk6Ir3hBspHY/ypz/UGauDFZ2jdm88wT5e8AkhsWFpxNFkV/FORfW7XC+sp8hhHd,1.22263094243512,2.7695795074630505,1.6736641326898392
1254000,Vk6Ir3hBspHY/ypz/UGauDFZ2jdm88wT5e8AkhsWFpxNFkV/FORfW7XC+sp8hhHd,1.3108968095448053,1.9144572771595043,1.4968948633836856
1254300,Vk6Ir3hBspHY/ypz/UGauDFZ2jdm88wT5e8AkhsWFpxNFkV/FORfW7XC+sp8hhHd,1.2809979956829682,3.042308264291627,1.6832839829290012
1254600,Vk6Ir3hBspHY/ypz/UGauDFZ2jdm88wT5e8AkhsWFpxNFkV/FORfW7XC+sp8hhHd,1.3025539068022407,22.13539335696368,3.875857445430064
1254900,Vk6Ir3hBspHY/ypz/UGauDFZ2jdm88wT5e8AkhsWFpxNFkV/FORfW7XC+sp8hhHd,2.25078722227627,60.98123008266615,25.45617608035722
1255200,Vk6Ir3hBspHY/ypz/UGauDFZ2jdm88wT5e8AkhsWFpxNFkV/FORfW7XC+sp8hhHd,1.4363293384735607,2.979360411300493,1.80440436387827
1255500,Vk6Ir3hBspHY/ypz/UGauDFZ2jdm88wT5e8AkhsWFpxNFkV/FORfW7XC+sp8hhHd,1.3243878960518445,2.956211040146342,1.6952645476099586
1255800,Vk6Ir3hBspHY/ypz/UGauDFZ2jdm88wT5e8AkhsWFpxNFkV/FORfW7XC+sp8hhHd,1.3500733579874733,1.8768927245315432,1.527906353253068
1256100,Vk6Ir3hBspHY/ypz/UGauDFZ2jdm88wT5e8AkhsWFpxNFkV/FORfW7XC+sp8hhHd,1.427156402748475,5.9598874523562175,3.159943166906253
1256400,Vk6Ir3hBspHY/ypz/UGauDFZ2jdm88wT5e8AkhsWFpxNFkV/FORfW7XC+sp8hhHd,1.273976561179504,2.0785903424951777,1.6167487442032478
1256700,Vk6Ir3hBspHY/ypz/UGauDFZ2jdm88wT5e8AkhsWFpxNFkV/FORfW7XC+sp8hhHd,1.2373904766006274,3.208677461171639,1.6024752805427056
1257000,Vk6Ir3hBspHY/ypz/UGauDFZ2jdm88wT5e8AkhsWFpxNFkV/FORfW7XC+sp8hhHd,1.2053054172322732,2.029014548094972,1.5456501578763135
1257300,Vk6Ir3hBspHY/ypz/UGauDFZ2jdm88wT5e8AkhsWFpxNFkV/FORfW7XC+sp8hhHd,1.3006759795066802,3.2821202562371234,1.662936324532144
1257600,Vk6Ir3hBspHY/ypz/UGauDFZ2jdm88wT5e8AkhsWFpxNFkV/FORfW7XC+sp8hhHd,1.3607530610569534,1.788220098188524,1.5512489258979572
1257900,Vk6Ir3hBspHY/ypz/UGauDFZ2jdm88wT5e8AkhsWFpxNFkV/FORfW7XC+sp8hhHd,1.3623856217056054,3.251726635369216,1.7395677022098444
1258200,Vk6Ir3hBspHY/ypz/UGauDFZ2jdm88wT5e8AkhsWFpxNFkV/FORfW7XC+sp8hhHd,1.2891260259329114,3.032026312751993,1.692237961898262
1258500,Vk6Ir3hBspHY/ypz/UGauDFZ2jdm88wT5e8AkhsWFpxNFkV/FORfW7XC+sp8hhHd,1.267935534699832,3.2991390827385167,1.7097901273818592
1258800,Vk6Ir3hBspHY/ypz/UGauDFZ2jdm88wT5e8AkhsWFpxNFkV/FORfW7XC+sp8hhHd,1.5116857645806363,39.671488670203495,10.121771587077914
1259100,Vk6Ir3hBspHY/ypz/UGauDFZ2jdm88wT5e8AkhsWFpxNFkV/FORfW7XC+sp8hhHd,1.3940851642327667,6.778695704367013,2.2804495411692844
1259400,Vk6Ir3hBspHY/ypz/UGauDFZ2jdm88wT5e8AkhsWFpxNFkV/FORfW7XC+sp8hhHd,1.3902360224468726,1.757372172525648,1.5513208060229449
1259700,Vk6Ir3hBspHY/ypz/UGauDFZ2jdm88wT5e8AkhsWFpxNFkV/FORfW7XC+sp8hhHd,1.279911849849473,7.8502898698741825,3.276186927597825
1260000,Vk6Ir3hBspHY/ypz/UGauDFZ2jdm88wT5e8AkhsWFpxNFkV/FORfW7XC+sp8hhHd,1.318885522305224,1.7853247102492695,1.5292894542297155
1260300,Vk6Ir3hBspHY/ypz/UGauDFZ2jdm88wT5e8AkhsWFpxNFkV/FORfW7XC+sp8hhHd,1.305062274095815,2.853797265272571,1.635552393140738
1260600,Vk6Ir3hBspHY/ypz/UGauDFZ2jdm88wT5e8AkhsWFpxNFkV/FORfW7XC+sp8hhHd,1.3488031028332716,2.063187383028525,1.5901689203247655
1260900,Vk6Ir3hBspHY/ypz/UGauDFZ2jdm88wT5e8AkhsWFpxNFkV/FORfW7XC+sp8hhHd,1.3172329749556415,3.09837183775684,1.7210520525101007
1261200,Vk6Ir3hBspHY/ypz/UGauDFZ2jdm88wT5e8AkhsWFpxNFkV/FORfW7XC+sp8hhHd,1.3353294433418494,1.959396980196912,1.5627679344048897
1261500,Vk6Ir3hBspHY/ypz/UGauDFZ2jdm88wT5e8AkhsWFpxNFkV/FORfW7XC+sp8hhHd,1.2837419345947068,3.092791488544677,1.7041609193941507
1261800,Vk6Ir3hBspHY/ypz/UGauDFZ2jdm88wT5e8AkhsWFpxNFkV/FORfW7XC+sp8hhHd,1.2625331744277208,2.6889124851566373,1.7088586509116754
1262100,Vk6Ir3hBspHY/ypz/UGauDFZ2jdm88wT5e8AkhsWFpxNFkV/FORfW7XC+sp8hhHd,1.2016724189435668,2.795282793679758,1.693894999529902
1262400,Vk6Ir3hBspHY/ypz/UGauDFZ2jdm88wT5e8AkhsWFpxNFkV/FORfW7XC+sp8hhHd,1.4015465249442565,2.0375527905650137,1.6062596037638013
1262700,Vk6Ir3hBspHY/ypz/UGauDFZ2jdm88wT5e8AkhsWFpxNFkV/FORfW7XC+sp8hhHd,1.2513069065026312,3.036366594285666,1.680454890521958
1263000,Vk6Ir3hBspHY/ypz/UGauDFZ2jdm88wT5e8AkhsWFpxNFkV/FORfW7XC+sp8hhHd,1.336434679168014,1.7790147062331836,1.5350390373551872
1263300,Vk6Ir3hBspHY/ypz/UGauDFZ2jdm88wT5e8AkhsWFpxNFkV/FORfW7XC+sp8hhHd,1.2868572532823532,7.646250416473189,2.5593636259009465
1263600,Vk6Ir3hBspHY/ypz/UGauDFZ2jdm88wT5e8AkhsWFpxNFkV/FORfW7XC+sp8hhHd,1.3505988663689985,5.637366913486908,2.074135692667319
1263900,Vk6Ir3hBspHY/ypz/UGauDFZ2jdm88wT5e8AkhsWFpxNFkV/FORfW7XC+sp8hhHd,1.3379208896724069,2.9797615501451467,1.6503240244518649
1264200,Vk6Ir3hBspHY/ypz/UGauDFZ2jdm88wT5e8AkhsWFpxNFkV/FORfW7XC+sp8hhHd,1.4414910565818515,1.9807669602196476,1.6577166438986906
1264500,Vk6Ir3hBspHY/ypz/UGauDFZ2jdm88wT5e8AkhsWFpxNFkV/FORfW7XC+sp8hhHd,1.3042895837881003,2.9884780172630365,1.6703509623171104
1264800,Vk6Ir3hBspHY/ypz/UGauDFZ2jdm88wT5e8AkhsWFpxNFkV/FORfW7XC+sp8hhHd,1.4058924014569787,2.398586764310891,1.6340694469526464
1265100,Vk6Ir3hBspHY/ypz/UGauDFZ2jdm88wT5e8AkhsWFpxNFkV/FORfW7XC+sp8hhHd,1.3582339791534483,3.230798143332565,1.7535379375223328
1265400,Vk6Ir3hBspHY/ypz/UGauDFZ2jdm88wT5e8AkhsWFpxNFkV/FORfW7XC+sp8hhHd,1.327476657362183,60.89472395089184,10.388128230734091
1265700,Vk6Ir3hBspHY/ypz/UGauDFZ2jdm88wT5e8AkhsWFpxNFkV/FORfW7XC+sp8hhHd,1.3228750806891123,3.3362050572245017,1.9255622347474328
1266000,Vk6Ir3hBspHY/ypz/UGauDFZ2jdm88wT5e8AkhsWFpxNFkV/FORfW7XC+sp8hhHd,1.3870504765382468,1.9376885184554784,1.6519956638190307
1266300,Vk6Ir3hBspHY/ypz/UGauDFZ2jdm88wT5e8AkhsWFpxNFkV/FORfW7XC+sp8hhHd,1.353955770495796,3.3423556069254174,1.6949231039138586
1266600,Vk6Ir3hBspHY/ypz/UGauDFZ2jdm88wT5e8AkhsWFpxNFkV/FORfW7XC+sp8hhHd,1.3277058482248831,1.8969556836673904,1.5500900035035377
1266900,Vk6Ir3hBspHY/ypz/UGauDFZ2jdm88wT5e8AkhsWFpxNFkV/FORfW7XC+sp8hhHd,1.269439385332448,3.1613054487591445,1.720355780712132
1267200,Vk6Ir3hBspHY/ypz/UGauDFZ2jdm88wT5e8AkhsWFpxNFkV/FORfW7XC+sp8hhHd,1.4245945233705204,5.981734673910983,2.9330293840359656
1267500,Vk6Ir3hBspHY/ypz/UGauDFZ2jdm88wT5e8AkhsWFpxNFkV/FORfW7XC+sp8hhHd,1.3229035026216538,2.734613355141136,1.6534952684877304
1267800,Vk6Ir3hBspHY/ypz/UGauDFZ2jdm88wT5e8AkhsWFpxNFkV/FORfW7XC+sp8hhHd,1.414604106565888,21.90494066034487,5.379994169195553
1268100,Vk6Ir3hBspHY/ypz/UGauDFZ2jdm88wT5e8AkhsWFpxNFkV/FORfW7XC+sp8hhHd,1.4653983159087174,3.6807844414133455,1.9457337056756348
1268400,Vk6Ir3hBspHY/ypz/UGauDFZ2jdm88wT5e8AkhsWFpxNFkV/FORfW7XC+sp8hhHd,1.4293177082130877,1.8662366941691813,1.6070831026659922
1268700,Vk6Ir3hBspHY/ypz/UGauDFZ2jdm88wT5e8AkhsWFpxNFkV/FORfW7XC+sp8hhHd,1.3262580227631455,17.46012455113155,3.0275839424731585
1269000,Vk6Ir3hBspHY/ypz/UGauDFZ2jdm88wT5e8AkhsWFpxNFkV/FORfW7XC+sp8hhHd,1.340247235540327,3.1942075775873144,1.8307014939968824
1269300,Vk6Ir3hBspHY/ypz/UGauDFZ2jdm88wT5e8AkhsWFpxNFkV/FORfW7XC+sp8hhHd,1.38231489932401,11.731623150114329,2.7618695650264264
1269600,Vk6Ir3hBspHY/ypz/UGauDFZ2jdm88wT5e8AkhsWFpxNFkV/FORfW7XC+sp8hhHd,1.3689213474262067,3.068771251258356,1.8215022933042144
1269900,Vk6Ir3hBspHY/ypz/UGauDFZ2jdm88wT5e8AkhsWFpxNFkV/FORfW7XC+sp8hhHd,1.3883520337490918,2.5993445683348795,1.7441809367059309
1270200,Vk6Ir3hBspHY/ypz/UGauDFZ2jdm88wT5e8AkhsWFpxNFkV/FORfW7XC+sp8hhHd,1.3726426540632712,11.224091444867836,2.3836684968210573
1270500,Vk6Ir3hBspHY/ypz/UGauDFZ2jdm88wT5e8AkhsWFpxNFkV/FORfW7XC+sp8hhHd,1.4123650824692642,18.591215080537324,3.615140112287808
1270800,Vk6Ir3hBspHY/ypz/UGauDFZ2jdm88wT5e8AkhsWFpxNFkV/FORfW7XC+sp8hhHd,1.3950945656802338,6.992797087765049,3.0700932881620275
1271100,Vk6Ir3hBspHY/ypz/UGauDFZ2jdm88wT5e8AkhsWFpxNFkV/FORfW7XC+sp8hhHd,1.5295355393783183,73.6279377439915,18.627652778668157
1271400,Vk6Ir3hBspHY/ypz/UGauDFZ2jdm88wT5e8AkhsWFpxNFkV/FORfW7XC+sp8hhHd,1.437453626795397,3.4289701091327336,2.0577095730401957
1271700,Vk6Ir3hBspHY/ypz/UGauDFZ2jdm88wT5e8AkhsWFpxNFkV/FORfW7XC+sp8hhHd,1.2849874955352762,2.5494038911356736,1.7657501939281035
1272000,Vk6Ir3hBspHY/ypz/UGauDFZ2jdm88wT5e8AkhsWFpxNFkV/FORfW7XC+sp8hhHd,1.2930351553452235,3.2326990734157244,1.795893112106332
1272300,Vk6Ir3hBspHY/ypz/UGauDFZ2jdm88wT5e8AkhsWFpxNFkV/FORfW7XC+sp8hhHd,1.311543095453406,2.413049884264857,1.7119158802219565
1272600,Vk6Ir3hBspHY/ypz/UGauDFZ2jdm88wT5e8AkhsWFpxNFkV/FORfW7XC+sp8hhHd,1.199127202196721,4.095085844325104,1.8819666398050825
1272900,Vk6Ir3hBspHY/ypz/UGauDFZ2jdm88wT5e8AkhsWFpxNFkV/FORfW7XC+sp8hhHd,1.1695831015779616,10.520334197741365,2.232646005538908
1273200,Vk6Ir3hBspHY/ypz/UGauDFZ2jdm88wT5e8AkhsWFpxNFkV/FORfW7XC+sp8hhHd,1.3258237259575991,2.834129514247816,1.728099600272056
1273500,Vk6Ir3hBspHY/ypz/UGauDFZ2jdm88wT5e8AkhsWFpxNFkV/FORfW7XC+sp8hhHd,1.2360304108042786,1.991561539852536,1.548768584863702
1273800,Vk6Ir3hBspHY/ypz/UGauDFZ2jdm88wT5e8AkhsWFpxNFkV/FORfW7XC+sp8hhHd,1.1795099803950992,3.164589328552221,1.6248739948297408
1274100,Vk6Ir3hBspHY/ypz/UGauDFZ2jdm88wT5e8AkhsWFpxNFkV/FORfW7XC+sp8hhHd,1.2372444585955973,1.873558790256301,1.5380796651867583
1274400,Vk6Ir3hBspHY/ypz/UGauDFZ2jdm88wT5e8AkhsWFpxNFkV/FORfW7XC+sp8hhHd,1.2521738807126437,6.372601139145143,2.806482698537915
1274700,Vk6Ir3hBspHY/ypz/UGauDFZ2jdm88wT5e8AkhsWFpxNFkV/FORfW7XC+sp8hhHd,1.2761871037292034,4.613913624345709,1.9461925169085652
1275000,Vk6Ir3hBspHY/ypz/UGauDFZ2jdm88wT5e8AkhsWFpxNFkV/FORfW7XC+sp8hhHd,1.2082672853384917,2.8980139526592854,1.701644920670777
1275300,Vk6Ir3hBspHY/ypz/UGauDFZ2jdm88wT5e8AkhsWFpxNFkV/FORfW7XC+sp8hhHd,1.1976393168565007,2.3801770390449923,1.5851732789114608
1275600,Vk6Ir3hBspHY/ypz/UGauDFZ2jdm88wT5e8AkhsWFpxNFkV/FORfW7XC+sp8hhHd,1.3415372369566565,2.6905743466777388,1.6673735616934573
1275900,Vk6Ir3hBspHY/ypz/UGauDFZ2jdm88wT5e8AkhsWFpxNFkV/FORfW7XC+sp8hhHd,1.2110353433053067,1.994046980218641,1.5852896117059654
1276200,Vk6Ir3hBspHY/ypz/UGauDFZ2jdm88wT5e8AkhsWFpxNFkV/FORfW7XC+sp8hhHd,1.2323558664223944,3.539216173480519,1.805182298127498
1276500,Vk6Ir3hBspHY/ypz/UGauDFZ2jdm88wT5e8AkhsWFpxNFkV/FORfW7XC+sp8hhHd,1.2117855232022827,2.316582070989277,1.566031986844216
1276800,Vk6Ir3hBspHY/ypz/UGauDFZ2jdm88wT5e8AkhsWFpxNFkV/FORfW7XC+sp8hhHd,1.2160636133266227,3.129317435380395,1.7181775853496504
1277100,Vk6Ir3hBspHY/ypz/UGauDFZ2jdm88wT5e8AkhsWFpxNFkV/FORfW7XC+sp8hhHd,1.2589966618397812,1.9663353132753825,1.5687441611095216
1277400,Vk6Ir3hBspHY/ypz/UGauDFZ2jdm88wT5e8AkhsWFpxNFkV/FORfW7XC+sp8hhHd,1.2553193167751986,3.5626802838859186,1.6453409779799428
1277700,Vk6Ir3hBspHY/ypz/UGauDFZ2jdm88wT5e8AkhsWFpxNFkV/FORfW7XC+sp8hhHd,1.1768826227922895,8.248402948381187,3.1272787799617223
1278000,Vk6Ir3hBspHY/ypz/UGauDFZ2jdm88wT5e8AkhsWFpxNFkV/FORfW7XC+sp8hhHd,1.171998954667821,9.26655367031632,3.265585865947527
1278300,Vk6Ir3hBspHY/ypz/UGauDFZ2jdm88wT5e8AkhsWFpxNFkV/FORfW7XC+sp8hhHd,1.2429025650516052,93.87960742010276,57.33488618572458
1278600,Vk6Ir3hBspHY/ypz/UGauDFZ2jdm88wT5e8AkhsWFpxNFkV/FORfW7XC+sp8hhHd,79.04661005002365,95.05376701610493,88.7643971543431
1278900,Vk6Ir3hBspHY/ypz/UGauDFZ2jdm88wT5e8AkhsWFpxNFkV/FORfW7XC+sp8hhHd,2.5211047840758125,98.43677761402476,65.81828176370502
1279200,Vk6Ir3hBspHY/ypz/UGauDFZ2jdm88wT5e8AkhsWFpxNFkV/FORfW7XC+sp8hhHd,1.3229846087157895,9.763611684183225,2.652179836781791
1279500,Vk6Ir3hBspHY/ypz/UGauDFZ2jdm88wT5e8AkhsWFpxNFkV/FORfW7XC+sp8hhHd,1.3782099183230894,1.9881025537232455,1.5767746792441415
1279800,Vk6Ir3hBspHY/ypz/UGauDFZ2jdm88wT5e8AkhsWFpxNFkV/FORfW7XC+sp8hhHd,1.205678508697392,3.262829881780557,1.7706857279478123
1280100,Vk6Ir3hBspHY/ypz/UGauDFZ2jdm88wT5e8AkhsWFpxNFkV/FORfW7XC+sp8hhHd,1.3034554180296876,2.333555800197641,1.585907142589564
1280400,Vk6Ir3hBspHY/ypz/UGauDFZ2jdm88wT5e8AkhsWFpxNFkV/FORfW7XC+sp8hhHd,1.255257579337653,3.0997335860198025,1.7282699298675273
1280700,Vk6Ir3hBspHY/ypz/UGauDFZ2jdm88wT5e8AkhsWFpxNFkV/FORfW7XC+sp8hhHd,1.2591025366929425,1.9259966525677903,1.5605121303989211
1281000,Vk6Ir3hBspHY/ypz/UGauDFZ2jdm88wT5e8AkhsWFpxNFkV/FORfW7XC+sp8hhHd,1.1825216829251712,3.3163096517690653,1.6348188266389103
1281300,Vk6Ir3hBspHY/ypz/UGauDFZ2jdm88wT5e8AkhsWFpxNFkV/FORfW7XC+sp8hhHd,1.313770814469313,2.448140691605316,1.5919577289553282
1281600,Vk6Ir3hBspHY/ypz/UGauDFZ2jdm88wT5e8AkhsWFpxNFkV/FORfW7XC+sp8hhHd,1.234337043374398,2.8735342528900465,1.6841432250319024
1281900,Vk6Ir3hBspHY/ypz/UGauDFZ2jdm88wT5e8AkhsWFpxNFkV/FORfW7XC+sp8hhHd,1.3130049776866133,7.281921550723341,2.905133028662184
1282200,Vk6Ir3hBspHY/ypz/UGauDFZ2jdm88wT5e8AkhsWFpxNFkV/FORfW7XC+sp8hhHd,1.3882467935222604,2.935019002943334,1.7161283476261724
1282500,Vk6Ir3hBspHY/ypz/UGauDFZ2jdm88wT5e8AkhsWFpxNFkV/FORfW7XC+sp8hhHd,1.1809439126312635,7.1348152046051165,2.8524892611047217
1282800,Vk6Ir3hBspHY/ypz/UGauDFZ2jdm88wT5e8AkhsWFpxNFkV/FORfW7XC+sp8hhHd,1.3610596156929735,3.0603602149608498,1.842454707274924
1283100,Vk6Ir3hBspHY/ypz/UGauDFZ2jdm88wT5e8AkhsWFpxNFkV/FORfW7XC+sp8hhHd,1.1658666314043846,1.8828395393081665,1.604707151973328
1283400,Vk6Ir3hBspHY/ypz/UGauDFZ2jdm88wT5e8AkhsWFpxNFkV/FORfW7XC+sp8hhHd,1.25526145553477,3.071728843615472,1.8547391651234555
1283700,Vk6Ir3hBspHY/ypz/UGauDFZ2jdm88wT5e8AkhsWFpxNFkV/FORfW7XC+sp8hhHd,1.2826191221155545,1.8593303310063332,1.5103652918504775
1284000,Vk6Ir3hBspHY/ypz/UGauDFZ2jdm88wT5e8AkhsWFpxNFkV/FORfW7XC+sp8hhHd,1.1381254813725232,3.1239318607400604,1.6772500468343374
1284300,Vk6Ir3hBspHY/ypz/UGauDFZ2jdm88wT5e8AkhsWFpxNFkV/FORfW7XC+sp8hhHd,1.1828869184607638,1.9711627602504975,1.5427853776434586
1284600,Vk6Ir3hBspHY/ypz/UGauDFZ2jdm88wT5e8AkhsWFpxNFkV/FORfW7XC+sp8hhHd,1.269742320876598,2.843809378334111,1.7038639720430389
1284900,Vk6Ir3hBspHY/ypz/UGauDFZ2jdm88wT5e8AkhsWFpxNFkV/FORfW7XC+sp8hhHd,1.2762194932953217,2.1545695375452505,1.5946427463309096
1285200,Vk6Ir3hBspHY/ypz/UGauDFZ2jdm88wT5e8AkhsWFpxNFkV/FORfW7XC+sp8hhHd,1.289320320952854,2.899244381831936,1.690244849788609
1285500,Vk6Ir3hBspHY/ypz/UGauDFZ2jdm88wT5e8AkhsWFpxNFkV/FORfW7XC+sp8hhHd,1.5314704361522429,72.37894878287403,47.17969095554246
1285800,Vk6Ir3hBspHY/ypz/UGauDFZ2jdm88wT5e8AkhsWFpxNFkV/FORfW7XC+sp8hhHd,54.04912609453488,75.23324451387552,66.10944820563617
1286100,Vk6Ir3hBspHY/ypz/UGauDFZ2jdm88wT5e8AkhsWFpxNFkV/FORfW7XC+sp8hhHd,54.59899153952121,75.2954687094299,67.45861730610771
1286400,Vk6Ir3hBspHY/ypz/UGauDFZ2jdm88wT5e8AkhsWFpxNFkV/FORfW7XC+sp8hhHd,30.3493611541402,71.24471715695,51.883139905297824
1286700,Vk6Ir3hBspHY/ypz/UGauDFZ2jdm88wT5e8AkhsWFpxNFkV/FORfW7XC+sp8hhHd,32.79030894178116,71.47833204943889,50.47310424033123
1287000,Vk6Ir3hBspHY/ypz/UGauDFZ2jdm88wT5e8AkhsWFpxNFkV/FORfW7XC+sp8hhHd,9.26612691457628,72.52897219810467,45.43941662969299
1287300,Vk6Ir3hBspHY/ypz/UGauDFZ2jdm88wT5e8AkhsWFpxNFkV/FORfW7XC+sp8hhHd,1.306748582454679,23.551467954175568,5.0387290119041195
1287600,Vk6Ir3hBspHY/ypz/UGauDFZ2jdm88wT5e8AkhsWFpxNFkV/FORfW7XC+sp8hhHd,1.4329967816810143,8.495822400627105,4.164826630913652
1287900,Vk6Ir3hBspHY/ypz/UGauDFZ2jdm88wT5e8AkhsWFpxNFkV/FORfW7XC+sp8hhHd,6.779444058237735,10.741101601410232,8.016487488289043
1288200,Vk6Ir3hBspHY/ypz/UGauDFZ2jdm88wT5e8AkhsWFpxNFkV/FORfW7XC+sp8hhHd,7.881350546121981,10.340786609593769,9.353895711333594
1288500,Vk6Ir3hBspHY/ypz/UGauDFZ2jdm88wT5e8AkhsWFpxNFkV/FORfW7XC+sp8hhHd,8.314888716968307,10.304984507900055,9.342274075856542
1288800,Vk6Ir3hBspHY/ypz/UGauDFZ2jdm88wT5e8AkhsWFpxNFkV/FORfW7XC+sp8hhHd,6.915620244284615,9.717337630382977,8.057613571132734
1289100,Vk6Ir3hBspHY/ypz/UGauDFZ2jdm88wT5e8AkhsWFpxNFkV/FORfW7XC+sp8hhHd,1.6432047400540173,8.687236560028758,5.516622619900163
1289400,Vk6Ir3hBspHY/ypz/UGauDFZ2jdm88wT5e8AkhsWFpxNFkV/FORfW7XC+sp8hhHd,1.447123238071128,7.716981900946327,3.3466540952631783
1289700,Vk6Ir3hBspHY/ypz/UGauDFZ2jdm88wT5e8AkhsWFpxNFkV/FORfW7XC+sp8hhHd,1.3257706545957793,1.7672235814699369,1.573399741166924
1290000,Vk6Ir3hBspHY/ypz/UGauDFZ2jdm88wT5e8AkhsWFpxNFkV/FORfW7XC+sp8hhHd,1.3763884191255162,3.2442928026251328,1.7055207921213935
1290300,Vk6Ir3hBspHY/ypz/UGauDFZ2jdm88wT5e8AkhsWFpxNFkV/FORfW7XC+sp8hhHd,1.3024140155096704,1.9852431785457136,1.609256477142052
1290600,Vk6Ir3hBspHY/ypz/UGauDFZ2jdm88wT5e8AkhsWFpxNFkV/FORfW7XC+sp8hhHd,1.301852600533725,3.0282036865656488,1.8000794607923416
1290900,Vk6Ir3hBspHY/ypz/UGauDFZ2jdm88wT5e8AkhsWFpxNFkV/FORfW7XC+sp8hhHd,1.323103514056576,39.63970888781949,28.073479922193584
1291200,Vk6Ir3hBspHY/ypz/UGauDFZ2jdm88wT5e8AkhsWFpxNFkV/FORfW7XC+sp8hhHd,34.87499794910041,46.284603575920926,39.06511277668564
1291500,Vk6Ir3hBspHY/ypz/UGauDFZ2jdm88wT5e8AkhsWFpxNFkV/FORfW7XC+sp8hhHd,31.92219977592327,42.20855430494446,36.377443583469486
1291800,Vk6Ir3hBspHY/ypz/UGauDFZ2jdm88wT5e8AkhsWFpxNFkV/FORfW7XC+sp8hhHd,33.105799520614106,62.46000810382888,38.59762803067012
1292100,Vk6Ir3hBspHY/ypz/UGauDFZ2jdm88wT5e8AkhsWFpxNFkV/FORfW7XC+sp8hhHd,1.6074621385423655,98.19211881917006,30.465896760507007
1292400,Vk6Ir3hBspHY/ypz/UGauDFZ2jdm88wT5e8AkhsWFpxNFkV/FORfW7XC+sp8hhHd,1.4465829077604428,3.5102262816036864,1.9371469755777853
1292700,Vk6Ir3hBspHY/ypz/UGauDFZ2jdm88wT5e8AkhsWFpxNFkV/FORfW7XC+sp8hhHd,1.362117790176257,6.160561491972464,2.7808166893698414
1293000,Vk6Ir3hBspHY/ypz/UGauDFZ2jdm88wT5e8AkhsWFpxNFkV/FORfW7XC+sp8hhHd,1.4966029184985492,7.231887429898566,3.5505384862733327
1293300,Vk6Ir3hBspHY/ypz/UGauDFZ2jdm88wT5e8AkhsWFpxNFkV/FORfW7XC+sp8hhHd,1.3512058775692644,1.9644424656381092,1.5954421195331594
1293600,Vk6Ir3hBspHY/ypz/UGauDFZ2jdm88wT5e8AkhsWFpxNFkV/FORfW7XC+sp8hhHd,1.2622432727232833,2.8999001581585646,1.6985109749545106
1293900,Vk6Ir3hBspHY/ypz/UGauDFZ2jdm88wT5e8AkhsWFpxNFkV/FORfW7XC+sp8hhHd,1.2795993711558993,19.647616752655885,3.3150660358573405
1294200,Vk6Ir3hBspHY/ypz/UGauDFZ2jdm88wT5e8AkhsWFpxNFkV/FORfW7XC+sp8hhHd,32.14548494971466,46.516251343694805,36.89194589544532
1294500,Vk6Ir3hBspHY/ypz/UGauDFZ2jdm88wT5e8AkhsWFpxNFkV/FORfW7XC+sp8hhHd,33.84292809572125,39.85592145548263,36.91528910458086
1294800,Vk6Ir3hBspHY/ypz/UGauDFZ2jdm88wT5e8AkhsWFpxNFkV/FORfW7XC+sp8hhHd,34.40194269259139,41.393421434702475,37.507892001813104
1295100,Vk6Ir3hBspHY/ypz/UGauDFZ2jdm88wT5e8AkhsWFpxNFkV/FORfW7XC+sp8hhHd,32.317657225943805,42.59903866409462,38.747516669453454
1295400,Vk6Ir3hBspHY/ypz/UGauDFZ2jdm88wT5e8AkhsWFpxNFkV/FORfW7XC+sp8hhHd,37.76487902027788,94.22600505379503,46.6377523586419
1295700,Vk6Ir3hBspHY/ypz/UGauDFZ2jdm88wT5e8AkhsWFpxNFkV/FORfW7XC+sp8hhHd,1.586211605016673,98.48023496974386,33.06152330558619
1296000,Vk6Ir3hBspHY/ypz/UGauDFZ2jdm88wT5e8AkhsWFpxNFkV/FORfW7XC+sp8hhHd,1.4665190446228504,7.11830604461134,2.1678941659181215
1296300,Vk6Ir3hBspHY/ypz/UGauDFZ2jdm88wT5e8AkhsWFpxNFkV/FORfW7XC+sp8hhHd,1.3579854229433457,96.64104576260877,52.68655583323801
1296600,Vk6Ir3hBspHY/ypz/UGauDFZ2jdm88wT5e8AkhsWFpxNFkV/FORfW7XC+sp8hhHd,67.51714360306137,97.05753768476791,84.45637539611657
1296900,Vk6Ir3hBspHY/ypz/UGauDFZ2jdm88wT5e8AkhsWFpxNFkV/FORfW7XC+sp8hhHd,74.021451999655,95.56290085447226,88.70058439708144
1297200,Vk6Ir3hBspHY/ypz/UGauDFZ2jdm88wT5e8AkhsWFpxNFkV/FORfW7XC+sp8hhHd,65.9252465438549,90.02181188058604,83.61131831166809
1297500,Vk6Ir3hBspHY/ypz/UGauDFZ2jdm88wT5e8AkhsWFpxNFkV/FORfW7XC+sp8hhHd,79.72192326372966,88.30341636542717,85.38283479568045
1297800,Vk6Ir3hBspHY/ypz/UGauDFZ2jdm88wT5e8AkhsWFpxNFkV/FORfW7XC+sp8hhHd,77.76752305367606,88.84404015942039,84.56256542477597
1298100,Vk6Ir3hBspHY/ypz/UGauDFZ2jdm88wT5e8AkhsWFpxNFkV/FORfW7XC+sp8hhHd,76.53885094768515,90.20639607009744,85.0577566947242
1298400,Vk6Ir3hBspHY/ypz/UGauDFZ2jdm88wT5e8AkhsWFpxNFkV/FORfW7XC+sp8hhHd,65.19901018089715,91.4264586785894,81.99546875741834
1298700,Vk6Ir3hBspHY/ypz/UGauDFZ2jdm88wT5e8AkhsWFpxNFkV/FORfW7XC+sp8hhHd,77.73356395311856,86.29257557539002,83.09433810084472
1299000,Vk6Ir3hBspHY/ypz/UGauDFZ2jdm88wT5e8AkhsWFpxNFkV/FORfW7XC+sp8hhHd,70.8484140692564,89.13848931810185,80.37508667486334
1299300,Vk6Ir3hBspHY/ypz/UGauDFZ2jdm88wT5e8AkhsWFpxNFkV/FORfW7XC+sp8hhHd,76.60840181576776,93.7907889509785,86.13830859258603
1299600,Vk6Ir3hBspHY/ypz/UGauDFZ2jdm88wT5e8AkhsWFpxNFkV/FORfW7XC+sp8hhHd,67.0367024507195,89.19089377017694,82.539405885794
1299900,Vk6Ir3hBspHY/ypz/UGauDFZ2jdm88wT5e8AkhsWFpxNFkV/FORfW7XC+sp8hhHd,79.81197064595331,95.85122738618469,86.6013539590894
1300200,Vk6Ir3hBspHY/ypz/UGauDFZ2jdm88wT5e8AkhsWFpxNFkV/FORfW7XC+sp8hhHd,80.53438876098751,88.0370080098708,84.30029860886941
1300500,Vk6Ir3hBspHY/ypz/UGauDFZ2jdm88wT5e8AkhsWFpxNFkV/FORfW7XC+sp8hhHd,74.60783572058202,84.88985381266177,81.11351366066721
1300800,Vk6Ir3hBspHY/ypz/UGauDFZ2jdm88wT5e8AkhsWFpxNFkV/FORfW7XC+sp8hhHd,75.12270864940852,87.83566615688444,81.9160012278646
1301100,Vk6Ir3hBspHY/ypz/UGauDFZ2jdm88wT5e8AkhsWFpxNFkV/FORfW7XC+sp8hhHd,80.75869853273352,89.96526493884974,85.37550878396152
1301400,Vk6Ir3hBspHY/ypz/UGauDFZ2jdm88wT5e8AkhsWFpxNFkV/FORfW7XC+sp8hhHd,81.23304630333072,93.68073243281508,88.83930714736155
1301700,Vk6Ir3hBspHY/ypz/UGauDFZ2jdm88wT5e8AkhsWFpxNFkV/FORfW7XC+sp8hhHd,84.22412658093083,93.42371255705469,89.99314008266114
1302000,Vk6Ir3hBspHY/ypz/UGauDFZ2jdm88wT5e8AkhsWFpxNFkV/FORfW7XC+sp8hhHd,72.61988359264953,90.4821046609036,85.11819023041006
1302300,Vk6Ir3hBspHY/ypz/UGauDFZ2jdm88wT5e8AkhsWFpxNFkV/FORfW7XC+sp8hhHd,82.60344445835224,90.47652224103827,86.22665866529958
1302600,Vk6Ir3hBspHY/ypz/UGauDFZ2jdm88wT5e8AkhsWFpxNFkV/FORfW7XC+sp8hhHd,80.73200263902896,88.96630117371011,85.97073126238969
1302900,Vk6Ir3hBspHY/ypz/UGauDFZ2jdm88wT5e8AkhsWFpxNFkV/FORfW7XC+sp8hhHd,76.91906924510657,92.94661872346008,86.87583414812394
1303200,Vk6Ir3hBspHY/ypz/UGauDFZ2jdm88wT5e8AkhsWFpxNFkV/FORfW7XC+sp8hhHd,82.42025601391613,92.69850508256995,88.67391013697161
1303500,Vk6Ir3hBspHY/ypz/UGauDFZ2jdm88wT5e8AkhsWFpxNFkV/FORfW7XC+sp8hhHd,81.8280642424667,91.52680278438989,86.5160803173271
1303800,Vk6Ir3hBspHY/ypz/UGauDFZ2jdm88wT5e8AkhsWFpxNFkV/FORfW7XC+sp8hhHd,81.55409293651753,91.2545917124067,87.30748317373745
1304100,Vk6Ir3hBspHY/ypz/UGauDFZ2jdm88wT5e8AkhsWFpxNFkV/FORfW7XC+sp8hhHd,78.78695147107949,93.34331175547774,86.92846251164704
1304400,Vk6Ir3hBspHY/ypz/UGauDFZ2jdm88wT5e8AkhsWFpxNFkV/FORfW7XC+sp8hhHd,84.36580116720799,91.56389616694256,88.931455719167
1304700,Vk6Ir3hBspHY/ypz/UGauDFZ2jdm88wT5e8AkhsWFpxNFkV/FORfW7XC+sp8hhHd,85.86027431517775,92.92045227980553,89.19209612409342
1305000,Vk6Ir3hBspHY/ypz/UGauDFZ2jdm88wT5e8AkhsWFpxNFkV/FORfW7XC+sp8hhHd,82.0969573133016,92.36887693800406,88.54674196583609
1305300,Vk6Ir3hBspHY/ypz/UGauDFZ2jdm88wT5e8AkhsWFpxNFkV/FORfW7XC+sp8hhHd,70.27412033179728,91.9671860003054,86.29789315060371
1305600,Vk6Ir3hBspHY/ypz/UGauDFZ2jdm88wT5e8AkhsWFpxNFkV/FORfW7XC+sp8hhHd,82.90365487315138,90.13965190933338,87.3148596895904
1305900,Vk6Ir3hBspHY/ypz/UGauDFZ2jdm88wT5e8AkhsWFpxNFkV/FORfW7XC+sp8hhHd,79.50591839606902,90.8282349900264,85.8409555850913
1306200,Vk6Ir3hBspHY/ypz/UGauDFZ2jdm88wT5e8AkhsWFpxNFkV/FORfW7XC+sp8hhHd,82.55475134076289,90.87680901757523,87.10924152680839
1306500,Vk6Ir3hBspHY/ypz/UGauDFZ2jdm88wT5e8AkhsWFpxNFkV/FORfW7XC+sp8hhHd,68.11046493519473,91.13388853758994,85.7531646161216
1306800,Vk6Ir3hBspHY/ypz/UGauDFZ2jdm88wT5e8AkhsWFpxNFkV/FORfW7XC+sp8hhHd,83.83557231210814,93.85238000629312,88.0943585376867
1307100,Vk6Ir3hBspHY/ypz/UGauDFZ2jdm88wT5e8AkhsWFpxNFkV/FORfW7XC+sp8hhHd,81.22554266016222,91.13366250334141,85.49054867684306
1307400,Vk6Ir3hBspHY/ypz/UGauDFZ2jdm88wT5e8AkhsWFpxNFkV/FORfW7XC+sp8hhHd,78.50209044863712,89.7532344528356,84.8429676872878
1307700,Vk6Ir3hBspHY/ypz/UGauDFZ2jdm88wT5e8AkhsWFpxNFkV/FORfW7XC+sp8hhHd,68.77435020276367,92.17216585420223,86.15437364130531
1308000,Vk6Ir3hBspHY/ypz/UGauDFZ2jdm88wT5e8AkhsWFpxNFkV/FORfW7XC+sp8hhHd,81.0155927830486,92.72161356176234,88.67713426460021
1308300,Vk6Ir3hBspHY/ypz/UGauDFZ2jdm88wT5e8AkhsWFpxNFkV/FORfW7XC+sp8hhHd,77.20790709517811,92.04981530311498,88.10537981987443
1308600,Vk6Ir3hBspHY/ypz/UGauDFZ2jdm88wT5e8AkhsWFpxNFkV/FORfW7XC+sp8hhHd,83.38367694058476,92.29834267420148,89.24015222729574
1308900,Vk6Ir3hBspHY/ypz/UGauDFZ2jdm88wT5e8AkhsWFpxNFkV/FORfW7XC+sp8hhHd,67.26256657006175,94.19700912417473,85.26618754541407
1309200,Vk6Ir3hBspHY/ypz/UGauDFZ2jdm88wT5e8AkhsWFpxNFkV/FORfW7XC+sp8hhHd,81.14398381567942,90.72278358273527,85.86196136150531
1309500,Vk6Ir3hBspHY/ypz/UGauDFZ2jdm88wT5e8AkhsWFpxNFkV/FORfW7XC+sp8hhHd,88.353124268157,93.43988451750168,91.37548688795052
1309800,Vk6Ir3hBspHY/ypz/UGauDFZ2jdm88wT5e8AkhsWFpxNFkV/FORfW7XC+sp8hhHd,87.99047792667913,94.29761271297885,91.52382537769235
1310100,Vk6Ir3hBspHY/ypz/UGauDFZ2jdm88wT5e8AkhsWFpxNFkV/FORfW7XC+sp8hhHd,67.16563524636065,94.79867933619389,86.06969608459423
1310400,Vk6Ir3hBspHY/ypz/UGauDFZ2jdm88wT5e8AkhsWFpxNFkV/FORfW7XC+sp8hhHd,76.9530008429469,86.96632051061074,81.8199455970024
1310700,Vk6Ir3hBspHY/ypz/UGauDFZ2jdm88wT5e8AkhsWFpxNFkV/FORfW7XC+sp8hhHd,84.83641957031737,94.20708753781852,89.63678999888364
1311000,Vk6Ir3hBspHY/ypz/UGauDFZ2jdm88wT5e8AkhsWFpxNFkV/FORfW7XC+sp8hhHd,68.23677739195243,93.9585105011556,88.71754397956022
1311300,Vk6Ir3hBspHY/ypz/UGauDFZ2jdm88wT5e8AkhsWFpxNFkV/FORfW7XC+sp8hhHd,86.72471640584945,90.97846418375795,89.1753488846964
1311600,Vk6Ir3hBspHY/ypz/UGauDFZ2jdm88wT5e8AkhsWFpxNFkV/FORfW7XC+sp8hhHd,85.07013785360665,91.96610850458244,88.10679974511947
1311900,Vk6Ir3hBspHY/ypz/UGauDFZ2jdm88wT5e8AkhsWFpxNFkV/FORfW7XC+sp8hhHd,75.39932265575915,92.21447512782407,87.4289609448754
1312200,Vk6Ir3hBspHY/ypz/UGauDFZ2jdm88wT5e8AkhsWFpxNFkV/FORfW7XC+sp8hhHd,62.48933185489862,91.9367732484104,84.08625245879684
1312500,Vk6Ir3hBspHY/ypz/UGauDFZ2jdm88wT5e8AkhsWFpxNFkV/FORfW7XC+sp8hhHd,76.72138704437901,87.64387856816549,81.93414420071585
1312800,Vk6Ir3hBspHY/ypz/UGauDFZ2jdm88wT5e8AkhsWFpxNFkV/FORfW7XC+sp8hhHd,67.02695557177029,84.09393133788478,76.39383027613697
1313100,Vk6Ir3hBspHY/ypz/UGauDFZ2jdm88wT5e8AkhsWFpxNFkV/FORfW7XC+sp8hhHd,70.78268615691788,80.65549117954825,75.46338466466393
1313400,Vk6Ir3hBspHY/ypz/UGauDFZ2jdm88wT5e8AkhsWFpxNFkV/FORfW7XC+sp8hhHd,65.31733722083787,85.0642449369009,75.38628076867238
1313700,Vk6Ir3hBspHY/ypz/UGauDFZ2jdm88wT5e8AkhsWFpxNFkV/FORfW7XC+sp8hhHd,65.55704856862206,81.04610168682875,73.37891057815166
1314000,Vk6Ir3hBspHY/ypz/UGauDFZ2jdm88wT5e8AkhsWFpxNFkV/FORfW7XC+sp8hhHd,70.6045904613645,86.12069630908705,75.35504429837361
1314300,Vk6Ir3hBspHY/ypz/UGauDFZ2jdm88wT5e8AkhsWFpxNFkV/FORfW7XC+sp8hhHd,80.53749044537096,92.7802729492477,87.51873907562998
1314600,Vk6Ir3hBspHY/ypz/UGauDFZ2jdm88wT5e8AkhsWFpxNFkV/FORfW7XC+sp8hhHd,85.53336636042283,91.70992443326104,88.57911244016347
1314900,Vk6Ir3hBspHY/ypz/UGauDFZ2jdm88wT5e8AkhsWFpxNFkV/FORfW7XC+sp8hhHd,71.41157834725541,92.11371876218102,86.99381024291247
1315200,Vk6Ir3hBspHY/ypz/UGauDFZ2jdm88wT5e8AkhsWFpxNFkV/FORfW7XC+sp8hhHd,84.23262728662466,91.78735798410057,88.60639188631502
1315500,Vk6Ir3hBspHY/ypz/UGauDFZ2jdm88wT5e8AkhsWFpxNFkV/FORfW7XC+sp8hhHd,79.53327362766224,92.88106050798032,86.92041126203692
1315800,Vk6Ir3hBspHY/ypz/UGauDFZ2jdm88wT5e8AkhsWFpxNFkV/FORfW7XC+sp8hhHd,83.51723506861447,89.2305434620634,86.47592321114617
1316100,Vk6Ir3hBspHY/ypz/UGauDFZ2jdm88wT5e8AkhsWFpxNFkV/FORfW7XC+sp8hhHd,74.87071281046317,91.5028677392668,85.67364574472832
1316400,Vk6Ir3hBspHY/ypz/UGauDFZ2jdm88wT5e8AkhsWFpxNFkV/FORfW7XC+sp8hhHd,78.16834650282995,93.83511132525511,89.5541897306459
1316700,Vk6Ir3hBspHY/ypz/UGauDFZ2jdm88wT5e8AkhsWFpxNFkV/FORfW7XC+sp8hhHd,78.81136715581621,93.72436558161573,88.5683209361951
1317000,Vk6Ir3hBspHY/ypz/UGauDFZ2jdm88wT5e8AkhsWFpxNFkV/FORfW7XC+sp8hhHd,84.23021219621533,91.9458556920241,89.14375213859236
1317300,Vk6Ir3hBspHY/ypz/UGauDFZ2jdm88wT5e8AkhsWFpxNFkV/FORfW7XC+sp8hhHd,71.9607376978757,96.15332130972912,88.89714735314926
1317600,Vk6Ir3hBspHY/ypz/UGauDFZ2jdm88wT5e8AkhsWFpxNFkV/FORfW7XC+sp8hhHd,88.49102502321803,94.34416430245578,91.42763792724426
1317900,Vk6Ir3hBspHY/ypz/UGauDFZ2jdm88wT5e8AkhsWFpxNFkV/FORfW7XC+sp8hhHd,86.49553162505532,96.24100060490275,91.59800116684934
1318200,Vk6Ir3hBspHY/ypz/UGauDFZ2jdm88wT5e8AkhsWFpxNFkV/FORfW7XC+sp8hhHd,57.42316155834393,95.2691135787815,88.17749961349651
1318500,Vk6Ir3hBspHY/ypz/UGauDFZ2jdm88wT5e8AkhsWFpxNFkV/FORfW7XC+sp8hhHd,89.39179304510651,96.6804677425312,92.77752865870929
1318800,Vk6Ir3hBspHY/ypz/UGauDFZ2jdm88wT5e8AkhsWFpxNFkV/FORfW7XC+sp8hhHd,85.97259435530806,96.63546551591635,92.5443639375597
1319100,Vk6Ir3hBspHY/ypz/UGauDFZ2jdm88wT5e8AkhsWFpxNFkV/FORfW7XC+sp8hhHd,83.64627040422776,94.04767184944296,89.73027266453731
1319400,Vk6Ir3hBspHY/ypz/UGauDFZ2jdm88wT5e8AkhsWFpxNFkV/FORfW7XC+sp8hhHd,81.12438218576976,95.03638703547443,89.86672360381827
1319700,Vk6Ir3hBspHY/ypz/UGauDFZ2jdm88wT5e8AkhsWFpxNFkV/FORfW7XC+sp8hhHd,83.44346231747518,94.6788066747689,88.94517690535022
1320000,Vk6Ir3hBspHY/ypz/UGauDFZ2jdm88wT5e8AkhsWFpxNFkV/FORfW7XC+sp8hhHd,84.11556279902334,92.46159582786505,88.3531270687034
1320300,Vk6Ir3hBspHY/ypz/UGauDFZ2jdm88wT5e8AkhsWFpxNFkV/FORfW7XC+sp8hhHd,84.02458553528592,94.57106915761457,89.43169960257514
1320600,Vk6Ir3hBspHY/ypz/UGauDFZ2jdm88wT5e8AkhsWFpxNFkV/FORfW7XC+sp8hhHd,77.88810121293756,97.10783542312515,93.70713913490248
1320900,Vk6Ir3hBspHY/ypz/UGauDFZ2jdm88wT5e8AkhsWFpxNFkV/FORfW7XC+sp8hhHd,93.3072587114462,97.826608611631,95.09556269874372
1321200,Vk6Ir3hBspHY/ypz/UGauDFZ2jdm88wT5e8AkhsWFpxNFkV/FORfW7XC+sp8hhHd,92.2190630983763,97.74937584246902,95.58435889676637
1321500,Vk6Ir3hBspHY/ypz/UGauDFZ2jdm88wT5e8AkhsWFpxNFkV/FORfW7XC+sp8hhHd,75.66892257188243,98.30891406323614,95.23876733734002
1321800,Vk6Ir3hBspHY/ypz/UGauDFZ2jdm88wT5e8AkhsWFpxNFkV/FORfW7XC+sp8hhHd,93.45790819243538,97.23507331133769,95.36726736146272
1322100,Vk6Ir3hBspHY/ypz/UGauDFZ2jdm88wT5e8AkhsWFpxNFkV/FORfW7XC+sp8hhHd,90.2616157033139,97.24596263381969,94.4568507898053
1322400,Vk6Ir3hBspHY/ypz/UGauDFZ2jdm88wT5e8AkhsWFpxNFkV/FORfW7XC+sp8hhHd,84.9365335330763,98.12938135059149,94.7557566281083
1322700,Vk6Ir3hBspHY/ypz/UGauDFZ2jdm88wT5e8AkhsWFpxNFkV/FORfW7XC+sp8hhHd,92.20866477988112,97.48110476873585,94.80433551845849
1323000,Vk6Ir3hBspHY/ypz/UGauDFZ2jdm88wT5e8AkhsWFpxNFkV/FORfW7XC+sp8hhHd,85.01315805884083,95.24303615165049,90.55831168793625
1323300,Vk6Ir3hBspHY/ypz/UGauDFZ2jdm88wT5e8AkhsWFpxNFkV/FORfW7XC+sp8hhHd,91.14823117868656,95.8465014963664,94.08549509312621
1323600,Vk6Ir3hBspHY/ypz/UGauDFZ2jdm88wT5e8AkhsWFpxNFkV/FORfW7XC+sp8hhHd,80.74182925142163,98.41451405216537,93.70863452607048
1323900,Vk6Ir3hBspHY/ypz/UGauDFZ2jdm88wT5e8AkhsWFpxNFkV/FORfW7XC+sp8hhHd,89.86261188284428,96.1652755954057,93.56887281904518
1324200,Vk6Ir3hBspHY/ypz/UGauDFZ2jdm88wT5e8AkhsWFpxNFkV/FORfW7XC+sp8hhHd,90.71608352885217,96.84195705152558,94.67457075328659
1324500,Vk6Ir3hBspHY/ypz/UGauDFZ2jdm88wT5e8AkhsWFpxNFkV/FORfW7XC+sp8hhHd,63.13352247480312,96.59886951677792,87.65912130648434
1324800,Vk6Ir3hBspHY/ypz/UGauDFZ2jdm88wT5e8AkhsWFpxNFkV/FORfW7XC+sp8hhHd,80.4419033088381,97.22652173123822,91.42054476495453
1325100,Vk6Ir3hBspHY/ypz/UGauDFZ2jdm88wT5e8AkhsWFpxNFkV/FORfW7XC+sp8hhHd,93.7277180695799,97.76031586751549,96.12895745870728
1325400,Vk6Ir3hBspHY/ypz/UGauDFZ2jdm88wT5e8AkhsWFpxNFkV/FORfW7XC+sp8hhHd,71.33871596020246,98.46274930542025,95.1049550646486
1325700,Vk6Ir3hBspHY/ypz/UGauDFZ2jdm88wT5e8AkhsWFpxNFkV/FORfW7XC+sp8hhHd,97.77750082819388,98.727396654722,98.27770748104682
1326000,Vk6Ir3hBspHY/ypz/UGauDFZ2jdm88wT5e8AkhsWFpxNFkV/FORfW7XC+sp8hhHd,96.45679432343316,98.9099411710501,98.12912654279955
1326300,Vk6Ir3hBspHY/ypz/UGauDFZ2jdm88wT5e8AkhsWFpxNFkV/FORfW7XC+sp8hhHd,91.52540991875966,98.8759831366726,96.57164660734584
1326600,Vk6Ir3hBspHY/ypz/UGauDFZ2jdm88wT5e8AkhsWFpxNFkV/FORfW7XC+sp8hhHd,97.07216763598416,98.98737692216734,97.81454571865578
1326900,Vk6Ir3hBspHY/ypz/UGauDFZ2jdm88wT5e8AkhsWFpxNFkV/FORfW7XC+sp8hhHd,95.85851308293513,98.98294827667053,98.10479976839262
1327200,Vk6Ir3hBspHY/ypz/UGauDFZ2jdm88wT5e8AkhsWFpxNFkV/FORfW7XC+sp8hhHd,85.77801346176102,98.73666835262276,95.78655645217971
1327500,Vk6Ir3hBspHY/ypz/UGauDFZ2jdm88wT5e8AkhsWFpxNFkV/FORfW7XC+sp8hhHd,40.75333288210266,98.32311838934281,72.68672444144173
1327800,Vk6Ir3hBspHY/ypz/UGauDFZ2jdm88wT5e8AkhsWFpxNFkV/FORfW7XC+sp8hhHd,56.64392080589704,93.58015185246848,79.68978377404316
1328100,Vk6Ir3hBspHY/ypz/UGauDFZ2jdm88wT5e8AkhsWFpxNFkV/FORfW7XC+sp8hhHd,54.07486141667275,93.40633632175272,69.77976640340042
1328400,Vk6Ir3hBspHY/ypz/UGauDFZ2jdm88wT5e8AkhsWFpxNFkV/FORfW7XC+sp8hhHd,1.3869745455880005,93.27815165392563,37.19624035895846
1328700,Vk6Ir3hBspHY/ypz/UGauDFZ2jdm88wT5e8AkhsWFpxNFkV/FORfW7XC+sp8hhHd,1.5297869617733066,40.92965276317572,14.950343757509977
1329000,Vk6Ir3hBspHY/ypz/UGauDFZ2jdm88wT5e8AkhsWFpxNFkV/FORfW7XC+sp8hhHd,32.43353391087779,43.864071781741515,37.63537987357604
1329300,Vk6Ir3hBspHY/ypz/UGauDFZ2jdm88wT5e8AkhsWFpxNFkV/FORfW7XC+sp8hhHd,33.13304381252673,44.23777967507653,36.86369184955809
1329600,Vk6Ir3hBspHY/ypz/UGauDFZ2jdm88wT5e8AkhsWFpxNFkV/FORfW7XC+sp8hhHd,31.764924613772195,40.125417191989314,35.82430565815633
1329900,Vk6Ir3hBspHY/ypz/UGauDFZ2jdm88wT5e8AkhsWFpxNFkV/FORfW7XC+sp8hhHd,31.713359424313133,42.301080475549135,39.09502573220428
1330200,Vk6Ir3hBspHY/ypz/UGauDFZ2jdm88wT5e8AkhsWFpxNFkV/FORfW7XC+sp8hhHd,2.989767303406013,42.29516146266788,32.66747050628052
1330500,Vk6Ir3hBspHY/ypz/UGauDFZ2jdm88wT5e8AkhsWFpxNFkV/FORfW7XC+sp8hhHd,1.294326835850182,5.244718696676014,2.186805996105799
1330800,Vk6Ir3hBspHY/ypz/UGauDFZ2jdm88wT5e8AkhsWFpxNFkV/FORfW7XC+sp8hhHd,1.3046611868363518,7.350524152852057,3.201235175735019
1331100,Vk6Ir3hBspHY/ypz/UGauDFZ2jdm88wT5e8AkhsWFpxNFkV/FORfW7XC+sp8hhHd,1.52574076236286,23.83687392649945,5.633748162794761
1331400,Vk6Ir3hBspHY/ypz/UGauDFZ2jdm88wT5e8AkhsWFpxNFkV/FORfW7XC+sp8hhHd,1.2545179190972984,2.1060162116207186,1.6383335703947863
1331700,Vk6Ir3hBspHY/ypz/UGauDFZ2jdm88wT5e8AkhsWFpxNFkV/FORfW7XC+sp8hhHd,1.1486835948190592,72.73912090170737,11.596237614217882
1332000,Vk6Ir3hBspHY/ypz/UGauDFZ2jdm88wT5e8AkhsWFpxNFkV/FORfW7XC+sp8hhHd,1.338009179241603,7.442727323315865,2.38424715443452
1332300,Vk6Ir3hBspHY/ypz/UGauDFZ2jdm88wT5e8AkhsWFpxNFkV/FORfW7XC+sp8hhHd,1.3036708813588154,28.524759817500268,6.936056789121213
1332600,Vk6Ir3hBspHY/ypz/UGauDFZ2jdm88wT5e8AkhsWFpxNFkV/FORfW7XC+sp8hhHd,1.5759995502018955,68.75135126528637,30.01242195179115
1332900,Vk6Ir3hBspHY/ypz/UGauDFZ2jdm88wT5e8AkhsWFpxNFkV/FORfW7XC+sp8hhHd,1.2171578453457272,21.10704606055815,4.966666658143355
1333200,Vk6Ir3hBspHY/ypz/UGauDFZ2jdm88wT5e8AkhsWFpxNFkV/FORfW7XC+sp8hhHd,2.7923654041606647,89.60831669854318,48.61964617993001
1333500,Vk6Ir3hBspHY/ypz/UGauDFZ2jdm88wT5e8AkhsWFpxNFkV/FORfW7XC+sp8hhHd,35.90477840044354,71.69461014848955,50.80686206053844
1333800,Vk6Ir3hBspHY/ypz/UGauDFZ2jdm88wT5e8AkhsWFpxNFkV/FORfW7XC+sp8hhHd,29.76921417289056,73.60969720108315,48.286922051325774
1334100,Vk6Ir3hBspHY/ypz/UGauDFZ2jdm88wT5e8AkhsWFpxNFkV/FORfW7XC+sp8hhHd,29.320916371878063,67.96032711785172,49.190648418864725
1334400,Vk6Ir3hBspHY/ypz/UGauDFZ2jdm88wT5e8AkhsWFpxNFkV/FORfW7XC+sp8hhHd,28.749631739611807,73.06183750354982,53.55637046349259
1334700,Vk6Ir3hBspHY/ypz/UGauDFZ2jdm88wT5e8AkhsWFpxNFkV/FORfW7XC+sp8hhHd,29.07121364038027,70.33242389165204,49.809274485855546
1335000,Vk6Ir3hBspHY/ypz/UGauDFZ2jdm88wT5e8AkhsWFpxNFkV/FORfW7XC+sp8hhHd,12.322015017869752,97.49700686994646,57.43280994912599
1335300,Vk6Ir3hBspHY/ypz/UGauDFZ2jdm88wT5e8AkhsWFpxNFkV/FORfW7XC+sp8hhHd,1.2773511394901316,3.8208104879280738,1.9524221015465375
1335600,Vk6Ir3hBspHY/ypz/UGauDFZ2jdm88wT5e8AkhsWFpxNFkV/FORfW7XC+sp8hhHd,1.3948971607152123,1.9697590479690803,1.5350237964752549
1335900,Vk6Ir3hBspHY/ypz/UGauDFZ2jdm88wT5e8AkhsWFpxNFkV/FORfW7XC+sp8hhHd,1.4144547437438295,14.73707879131133,5.49722396457145
1336200,Vk6Ir3hBspHY/ypz/UGauDFZ2jdm88wT5e8AkhsWFpxNFkV/FORfW7XC+sp8hhHd,1.1997345670808277,2.0321097149129543,1.5543309622159196
1336500,Vk6Ir3hBspHY/ypz/UGauDFZ2jdm88wT5e8AkhsWFpxNFkV/FORfW7XC+sp8hhHd,1.3182769559890668,2.776485840096216,1.7326603466610788
1336800,Vk6Ir3hBspHY/ypz/UGauDFZ2jdm88wT5e8AkhsWFpxNFkV/FORfW7XC+sp8hhHd,1.2276159943220637,1.8746529643840952,1.5426962248308935
1337100,Vk6Ir3hBspHY/ypz/UGauDFZ2jdm88wT5e8AkhsWFpxNFkV/FORfW7XC+sp8hhHd,1.243401955263125,2.70458490295867,1.7355048875313115
1337400,Vk6Ir3hBspHY/ypz/UGauDFZ2jdm88wT5e8AkhsWFpxNFkV/FORfW7XC+sp8hhHd,1.2784079917053242,2.919279314637208,1.662357791876468
1337700,Vk6Ir3hBspHY/ypz/UGauDFZ2jdm88wT5e8AkhsWFpxNFkV/FORfW7XC+sp8hhHd,1.3236959559687933,2.891425057375044,1.7141049916813167
1338000,Vk6Ir3hBspHY/ypz/UGauDFZ2jdm88wT5e8AkhsWFpxNFkV/FORfW7XC+sp8hhHd,1.299554673422898,5.362800382761427,1.888887589263469
1338300,Vk6Ir3hBspHY/ypz/UGauDFZ2jdm88wT5e8AkhsWFpxNFkV/FORfW7XC+sp8hhHd,1.3909308578180235,6.29272670893151,2.8224789335197857
1338600,Vk6Ir3hBspHY/ypz/UGauDFZ2jdm88wT5e8AkhsWFpxNFkV/FORfW7XC+sp8hhHd,1.1369224505502995,1.9651290775792516,1.490152364691144
1338900,Vk6Ir3hBspHY/ypz/UGauDFZ2jdm88wT5e8AkhsWFpxNFkV/FORfW7XC+sp8hhHd,1.299411662528292,2.86158861974272,1.8163715199102417
1339200,Vk6Ir3hBspHY/ypz/UGauDFZ2jdm88wT5e8AkhsWFpxNFkV/FORfW7XC+sp8hhHd,1.248276699003562,2.0684111660787887,1.5398314623393334
1339500,Vk6Ir3hBspHY/ypz/UGauDFZ2jdm88wT5e8AkhsWFpxNFkV/FORfW7XC+sp8hhHd,1.2741347927114948,3.084401538348898,1.6460984543671655
1339800,Vk6Ir3hBspHY/ypz/UGauDFZ2jdm88wT5e8AkhsWFpxNFkV/FORfW7XC+sp8hhHd,1.2195817165512344,1.9522206711073016,1.497859661269085
1340100,Vk6Ir3hBspHY/ypz/UGauDFZ2jdm88wT5e8AkhsWFpxNFkV/FORfW7XC+sp8hhHd,1.1918533127572504,2.5738691032627514,1.6850153771842007
1340400,Vk6Ir3hBspHY/ypz/UGauDFZ2jdm88wT5e8AkhsWFpxNFkV/FORfW7XC+sp8hhHd,1.2001748996938908,1.9314164192953027,1.4862275686471615
1340700,Vk6Ir3hBspHY/ypz/UGauDFZ2jdm88wT5e8AkhsWFpxNFkV/FORfW7XC+sp8hhHd,1.250015289005546,2.524240478683448,1.684915165131996
1341000,Vk6Ir3hBspHY/ypz/UGauDFZ2jdm88wT5e8AkhsWFpxNFkV/FORfW7XC+sp8hhHd,1.1665957235422082,2.7873394920591594,1.6696975369958655
1341300,Vk6Ir3hBspHY/ypz/UGauDFZ2jdm88wT5e8AkhsWFpxNFkV/FORfW7XC+sp8hhHd,1.3072470352428471,2.8893611819614344,1.6197371351795844
1341600,Vk6Ir3hBspHY/ypz/UGauDFZ2jdm88wT5e8AkhsWFpxNFkV/FORfW7XC+sp8hhHd,1.2102932522543692,2.0530988987660845,1.5152733265691432
1341900,Vk6Ir3hBspHY/ypz/UGauDFZ2jdm88wT5e8AkhsWFpxNFkV/FORfW7XC+sp8hhHd,1.347235303338214,7.533281163479598,3.291410765871775
1342200,Vk6Ir3hBspHY/ypz/UGauDFZ2jdm88wT5e8AkhsWFpxNFkV/FORfW7XC+sp8hhHd,1.2394904302514267,1.9851505329751225,1.5198256742352
1342500,Vk6Ir3hBspHY/ypz/UGauDFZ2jdm88wT5e8AkhsWFpxNFkV/FORfW7XC+sp8hhHd,1.1800526049134552,3.0800847219749765,1.6911159466703756
1342800,Vk6Ir3hBspHY/ypz/UGauDFZ2jdm88wT5e8AkhsWFpxNFkV/FORfW7XC+sp8hhHd,1.209592696911344,2.0572912527503684,1.4950649745370737
1343100,Vk6Ir3hBspHY/ypz/UGauDFZ2jdm88wT5e8AkhsWFpxNFkV/FORfW7XC+sp8hhHd,1.1737421089487554,2.445915812714792,1.5830885175659195
1343400,Vk6Ir3hBspHY/ypz/UGauDFZ2jdm88wT5e8AkhsWFpxNFkV/FORfW7XC+sp8hhHd,1.1979497456031385,2.1028613773097207,1.5869258129226482
1343700,Vk6Ir3hBspHY/ypz/UGauDFZ2jdm88wT5e8AkhsWFpxNFkV/FORfW7XC+sp8hhHd,1.2528578670335708,2.865129829205474,1.6172682065428363
1344000,Vk6Ir3hBspHY/ypz/UGauDFZ2jdm88wT5e8AkhsWFpxNFkV/FORfW7XC+sp8hhHd,1.1644059934210884,1.7864629197988853,1.482939809267113
1344300,Vk6Ir3hBspHY/ypz/UGauDFZ2jdm88wT5e8AkhsWFpxNFkV/FORfW7XC+sp8hhHd,1.1838931166921705,2.842591775644133,1.6988435448250037
1344600,Vk6Ir3hBspHY/ypz/UGauDFZ2jdm88wT5e8AkhsWFpxNFkV/FORfW7XC+sp8hhHd,1.2820009896882594,3.1885521040792173,1.6789760369089377
1344900,Vk6Ir3hBspHY/ypz/UGauDFZ2jdm88wT5e8AkhsWFpxNFkV/FORfW7XC+sp8hhHd,1.2047559071573442,3.2708275779787175,1.6277455518984845
1345200,Vk6Ir3hBspHY/ypz/UGauDFZ2jdm88wT5e8AkhsWFpxNFkV/FORfW7XC+sp8hhHd,1.2608221508434785,1.9726466114583403,1.5143134187466945
1345500,Vk6Ir3hBspHY/ypz/UGauDFZ2jdm88wT5e8AkhsWFpxNFkV/FORfW7XC+sp8hhHd,1.1866572889816582,6.83482165290492,3.012116542990844
1345800,Vk6Ir3hBspHY/ypz/UGauDFZ2jdm88wT5e8AkhsWFpxNFkV/FORfW7XC+sp8hhHd,1.1882048893412882,2.6676202786380334,1.6316012220397536
1346100,Vk6Ir3hBspHY/ypz/UGauDFZ2jdm88wT5e8AkhsWFpxNFkV/FORfW7XC+sp8hhHd,1.2436859631617978,3.25397261692046,1.704471776490342
1346400,Vk6Ir3hBspHY/ypz/UGauDFZ2jdm88wT5e8AkhsWFpxNFkV/FORfW7XC+sp8hhHd,1.3002372274011067,1.7894282112919884,1.5369344015115434
1346700,Vk6Ir3hBspHY/ypz/UGauDFZ2jdm88wT5e8AkhsWFpxNFkV/FORfW7XC+sp8hhHd,1.2226707209095011,2.8128460561821536,1.6745088804384154
1347000,Vk6Ir3hBspHY/ypz/UGauDFZ2jdm88wT5e8AkhsWFpxNFkV/FORfW7XC+sp8hhHd,1.2704747222178827,2.423674293848518,1.6189780416234745
1347300,Vk6Ir3hBspHY/ypz/UGauDFZ2jdm88wT5e8AkhsWFpxNFkV/FORfW7XC+sp8hhHd,1.264266066451928,3.0244134858912464,1.6725767952069162
1347600,Vk6Ir3hBspHY/ypz/UGauDFZ2jdm88wT5e8AkhsWFpxNFkV/FORfW7XC+sp8hhHd,1.2247253972377012,1.7738226009025138,1.5266543877244578
1347900,Vk6Ir3hBspHY/ypz/UGauDFZ2jdm88wT5e8AkhsWFpxNFkV/FORfW7XC+sp8hhHd,1.3108989657598866,2.712783325090739,1.701919533514538
1348200,Vk6Ir3hBspHY/ypz/UGauDFZ2jdm88wT5e8AkhsWFpxNFkV/FORfW7XC+sp8hhHd,1.1902484913650997,2.9659775010784557,1.691186313351204
1348500,Vk6Ir3hBspHY/ypz/UGauDFZ2jdm88wT5e8AkhsWFpxNFkV/FORfW7XC+sp8hhHd,1.1794503558550409,2.8639361010518023,1.6811181454909847
1348800,Vk6Ir3hBspHY/ypz/UGauDFZ2jdm88wT5e8AkhsWFpxNFkV/FORfW7XC+sp8hhHd,1.3308685623749417,2.0123792776143015,1.5985496809283124
1349100,Vk6Ir3hBspHY/ypz/UGauDFZ2jdm88wT5e8AkhsWFpxNFkV/FORfW7XC+sp8hhHd,1.271320048430722,3.052983672706832,1.6941756418389309
1349400,Vk6Ir3hBspHY/ypz/UGauDFZ2jdm88wT5e8AkhsWFpxNFkV/FORfW7XC+sp8hhHd,1.3541920513403765,5.715570966645715,2.8984137228580917
1349700,Vk6Ir3hBspHY/ypz/UGauDFZ2jdm88wT5e8AkhsWFpxNFkV/FORfW7XC+sp8hhHd,1.2044549923030008,2.8895818139308616,1.7575169220159452
1350000,Vk6Ir3hBspHY/ypz/UGauDFZ2jdm88wT5e8AkhsWFpxNFkV/FORfW7XC+sp8hhHd,1.2289136370167395,1.8072992682250144,1.539919006505847
1350300,Vk6Ir3hBspHY/ypz/UGauDFZ2jdm88wT5e8AkhsWFpxNFkV/FORfW7XC+sp8hhHd,1.2719707885623253,2.6042564065365874,1.6569560713898202
1350600,Vk6Ir3hBspHY/ypz/UGauDFZ2jdm88wT5e8AkhsWFpxNFkV/FORfW7XC+sp8hhHd,1.2808692083344777,2.581383916390406,1.62764242589113
1350900,Vk6Ir3hBspHY/ypz/UGauDFZ2jdm88wT5e8AkhsWFpxNFkV/FORfW7XC+sp8hhHd,1.3342094429602345,2.671796266662376,1.6779160240279989
1351200,Vk6Ir3hBspHY/ypz/UGauDFZ2jdm88wT5e8AkhsWFpxNFkV/FORfW7XC+sp8hhHd,1.309699632996029,1.7456499393725182,1.5428339695742668
1351500,Vk6Ir3hBspHY/ypz/UGauDFZ2jdm88wT5e8AkhsWFpxNFkV/FORfW7XC+sp8hhHd,1.3119401621885298,2.951755205240961,1.7737490994699825
1351800,Vk6Ir3hBspHY/ypz/UGauDFZ2jdm88wT5e8AkhsWFpxNFkV/FORfW7XC+sp8hhHd,1.2634957746101534,3.186689673195133,1.7131367338802188
1352100,Vk6Ir3hBspHY/ypz/UGauDFZ2jdm88wT5e8AkhsWFpxNFkV/FORfW7XC+sp8hhHd,1.3410376471744114,2.7383050161069127,1.6668260922917206
1352400,Vk6Ir3hBspHY/ypz/UGauDFZ2jdm88wT5e8AkhsWFpxNFkV/FORfW7XC+sp8hhHd,1.3141917578334,1.824923905913704,1.5575603692347788
1352700,Vk6Ir3hBspHY/ypz/UGauDFZ2jdm88wT5e8AkhsWFpxNFkV/FORfW7XC+sp8hhHd,1.408472760987718,2.941650470690413,1.698395211793991
1353000,Vk6Ir3hBspHY/ypz/UGauDFZ2jdm88wT5e8AkhsWFpxNFkV/FORfW7XC+sp8hhHd,1.281167648405675,7.786737525904835,3.1293383493859217
1353300,Vk6Ir3hBspHY/ypz/UGauDFZ2jdm88wT5e8AkhsWFpxNFkV/FORfW7XC+sp8hhHd,1.2458425242577191,44.45271883401148,15.245742802621526
1353600,Vk6Ir3hBspHY/ypz/UGauDFZ2jdm88wT5e8AkhsWFpxNFkV/FORfW7XC+sp8hhHd,31.743016278569257,45.014573316787455,36.933643877829546
1353900,Vk6Ir3hBspHY/ypz/UGauDFZ2jdm88wT5e8AkhsWFpxNFkV/FORfW7XC+sp8hhHd,33.047751184116,42.708225726895726,37.22434092862937
1354200,Vk6Ir3hBspHY/ypz/UGauDFZ2jdm88wT5e8AkhsWFpxNFkV/FORfW7XC+sp8hhHd,32.40325762629544,45.957567996453534,39.74325280076689
1354500,Vk6Ir3hBspHY/ypz/UGauDFZ2jdm88wT5e8AkhsWFpxNFkV/FORfW7XC+sp8hhHd,19.16667252745625,98.71483517092511,57.02737046926845
1354800,Vk6Ir3hBspHY/ypz/UGauDFZ2jdm88wT5e8AkhsWFpxNFkV/FORfW7XC+sp8hhHd,1.3130611904277347,13.151586874029425,2.647164070357676
1355100,Vk6Ir3hBspHY/ypz/UGauDFZ2jdm88wT5e8AkhsWFpxNFkV/FORfW7XC+sp8hhHd,1.2691285933615173,2.6020832623737866,1.7359628706912893
1355400,Vk6Ir3hBspHY/ypz/UGauDFZ2jdm88wT5e8AkhsWFpxNFkV/FORfW7XC+sp8hhHd,1.2936187120678106,2.7773584012589545,1.7181174443850709
1355700,Vk6Ir3hBspHY/ypz/UGauDFZ2jdm88wT5e8AkhsWFpxNFkV/FORfW7XC+sp8hhHd,1.3828270613764426,2.6490927736251297,1.7321313359327113
1356000,Vk6Ir3hBspHY/ypz/UGauDFZ2jdm88wT5e8AkhsWFpxNFkV/FORfW7XC+sp8hhHd,1.325117267290285,2.1554518832105662,1.6746340329813405
1356300,Vk6Ir3hBspHY/ypz/UGauDFZ2jdm88wT5e8AkhsWFpxNFkV/FORfW7XC+sp8hhHd,1.2913336001974989,21.20744718621425,3.3194965655693074
1356600,Vk6Ir3hBspHY/ypz/UGauDFZ2jdm88wT5e8AkhsWFpxNFkV/FORfW7XC+sp8hhHd,1.2701872139907795,12.623602326706228,3.305230851104011
1356900,Vk6Ir3hBspHY/ypz/UGauDFZ2jdm88wT5e8AkhsWFpxNFkV/FORfW7XC+sp8hhHd,1.4503817359351103,20.82344409822332,3.9992491354785047
1357200,Vk6Ir3hBspHY/ypz/UGauDFZ2jdm88wT5e8AkhsWFpxNFkV/FORfW7XC+sp8hhHd,1.2830027765115204,1.8307419529674245,1.5511050650365703
1357500,Vk6Ir3hBspHY/ypz/UGauDFZ2jdm88wT5e8AkhsWFpxNFkV/FORfW7XC+sp8hhHd,1.39839461865764,44.45519322806091,6.458650382059678
1357800,Vk6Ir3hBspHY/ypz/UGauDFZ2jdm88wT5e8AkhsWFpxNFkV/FORfW7XC+sp8hhHd,1.2481223512611206,2.6300945452174207,1.6882000865209523
1358100,Vk6Ir3hBspHY/ypz/UGauDFZ2jdm88wT5e8AkhsWFpxNFkV/FORfW7XC+sp8hhHd,1.3287944142427013,2.938504922711397,1.8006639343478184
1358400,Vk6Ir3hBspHY/ypz/UGauDFZ2jdm88wT5e8AkhsWFpxNFkV/FORfW7XC+sp8hhHd,1.3631654476646724,2.1053007654060214,1.641950762060576
1358700,Vk6Ir3hBspHY/ypz/UGauDFZ2jdm88wT5e8AkhsWFpxNFkV/FORfW7XC+sp8hhHd,1.3147975210706435,3.696162840242336,1.995072618947917
1359000,Vk6Ir3hBspHY/ypz/UGauDFZ2jdm88wT5e8AkhsWFpxNFkV/FORfW7XC+sp8hhHd,1.2026901907352612,3.4573422031483694,1.7461921584976268
1359300,Vk6Ir3hBspHY/ypz/UGauDFZ2jdm88wT5e8AkhsWFpxNFkV/FORfW7XC+sp8hhHd,1.3516017906972777,8.888751902598061,2.3429747384217245
1359600,Vk6Ir3hBspHY/ypz/UGauDFZ2jdm88wT5e8AkhsWFpxNFkV/FORfW7XC+sp8hhHd,1.289591375294224,1.765467003626238,1.5294088662210534
1359900,Vk6Ir3hBspHY/ypz/UGauDFZ2jdm88wT5e8AkhsWFpxNFkV/FORfW7XC+sp8hhHd,1.199201730430132,4.051033044153368,1.7456938763670935
1360200,Vk6Ir3hBspHY/ypz/UGauDFZ2jdm88wT5e8AkhsWFpxNFkV/FORfW7XC+sp8hhHd,1.1848601625882331,1.8252960304648227,1.478987112177824
1360500,Vk6Ir3hBspHY/ypz/UGauDFZ2jdm88wT5e8AkhsWFpxNFkV/FORfW7XC+sp8hhHd,1.4774942505782724,7.186613622484852,3.901510950337829
1360800,Vk6Ir3hBspHY/ypz/UGauDFZ2jdm88wT5e8AkhsWFpxNFkV/FORfW7XC+sp8hhHd,1.363085602205437,66.4704826310352,8.57095998182785
1361100,Vk6Ir3hBspHY/ypz/UGauDFZ2jdm88wT5e8AkhsWFpxNFkV/FORfW7XC+sp8hhHd,1.3281139478228134,3.8044233485663543,1.7786527796882434
1361400,Vk6Ir3hBspHY/ypz/UGauDFZ2jdm88wT5e8AkhsWFpxNFkV/FORfW7XC+sp8hhHd,1.3977645770102949,4.511061948724929,1.953912958455983
1361700,Vk6Ir3hBspHY/ypz/UGauDFZ2jdm88wT5e8AkhsWFpxNFkV/FORfW7XC+sp8hhHd,1.3530990930180553,3.1830809855638456,1.7959338389140462
1362000,Vk6Ir3hBspHY/ypz/UGauDFZ2jdm88wT5e8AkhsWFpxNFkV/FORfW7XC+sp8hhHd,1.3952380380475564,1.7739074236101422,1.5323225345463096
1362300,Vk6Ir3hBspHY/ypz/UGauDFZ2jdm88wT5e8AkhsWFpxNFkV/FORfW7XC+sp8hhHd,1.3415415850078534,3.964562909045698,1.7577558491665617
1362600,Vk6Ir3hBspHY/ypz/UGauDFZ2jdm88wT5e8AkhsWFpxNFkV/FORfW7XC+sp8hhHd,1.303958502501771,93.6807375291112,57.732752138538885
1362900,Vk6Ir3hBspHY/ypz/UGauDFZ2jdm88wT5e8AkhsWFpxNFkV/FORfW7XC+sp8hhHd,1.3693494108359252,49.4816191704624,8.392404988670938
1363200,Vk6Ir3hBspHY/ypz/UGauDFZ2jdm88wT5e8AkhsWFpxNFkV/FORfW7XC+sp8hhHd,1.2763732718359757,1.8324819336625795,1.5612783381262043
1363500,Vk6Ir3hBspHY/ypz/UGauDFZ2jdm88wT5e8AkhsWFpxNFkV/FORfW7XC+sp8hhHd,1.3971678594936447,3.202639479923871,1.76313061366515
1363800,Vk6Ir3hBspHY/ypz/UGauDFZ2jdm88wT5e8AkhsWFpxNFkV/FORfW7XC+sp8hhHd,1.294967322371937,1.6443647625349724,1.5122828100722163
1364100,Vk6Ir3hBspHY/ypz/UGauDFZ2jdm88wT5e8AkhsWFpxNFkV/FORfW7XC+sp8hhHd,1.2843044557752026,18.92133312889211,5.701649790730185
1364400,Vk6Ir3hBspHY/ypz/UGauDFZ2jdm88wT5e8AkhsWFpxNFkV/FORfW7XC+sp8hhHd,15.693754818375092,23.2169248169421,18.430367675013343
1364700,Vk6Ir3hBspHY/ypz/UGauDFZ2jdm88wT5e8AkhsWFpxNFkV/FORfW7XC+sp8hhHd,15.183716966757252,27.71541167521952,21.08718543216261
1365000,Vk6Ir3hBspHY/ypz/UGauDFZ2jdm88wT5e8AkhsWFpxNFkV/FORfW7XC+sp8hhHd,16.020557734354437,26.190453249998782,19.68538327460396
1365300,Vk6Ir3hBspHY/ypz/UGauDFZ2jdm88wT5e8AkhsWFpxNFkV/FORfW7XC+sp8hhHd,15.131870568373708,23.843974380080983,19.45741610211068
1365600,Vk6Ir3hBspHY/ypz/UGauDFZ2jdm88wT5e8AkhsWFpxNFkV/FORfW7XC+sp8hhHd,14.702390565857508,20.46214929899434,18.021041419054345
1365900,Vk6Ir3hBspHY/ypz/UGauDFZ2jdm88wT5e8AkhsWFpxNFkV/FORfW7XC+sp8hhHd,15.030886939309282,53.942620181209115,21.28012137374864
1366200,Vk6Ir3hBspHY/ypz/UGauDFZ2jdm88wT5e8AkhsWFpxNFkV/FORfW7XC+sp8hhHd,1.6344215515294358,69.0179121551543,13.706711022885973
1366500,Vk6Ir3hBspHY/ypz/UGauDFZ2jdm88wT5e8AkhsWFpxNFkV/FORfW7XC+sp8hhHd,1.3740711699917658,4.153774474808154,1.8267609490081052
1366800,Vk6Ir3hBspHY/ypz/UGauDFZ2jdm88wT5e8AkhsWFpxNFkV/FORfW7XC+sp8hhHd,1.3971652465286168,1.9636671003037964,1.566599965648819
1367100,Vk6Ir3hBspHY/ypz/UGauDFZ2jdm88wT5e8AkhsWFpxNFkV/FORfW7XC+sp8hhHd,1.3720673879714584,2.82557086561781,1.7512975428544044
1367400,Vk6Ir3hBspHY/ypz/UGauDFZ2jdm88wT5e8AkhsWFpxNFkV/FORfW7XC+sp8hhHd,1.3596386018635218,1.7311069500551233,1.5260988892661536
1367700,Vk6Ir3hBspHY/ypz/UGauDFZ2jdm88wT5e8AkhsWFpxNFkV/FORfW7XC+sp8hhHd,1.3583913694240377,6.025096238980261,2.4454632866006727
1368000,Vk6Ir3hBspHY/ypz/UGauDFZ2jdm88wT5e8AkhsWFpxNFkV/FORfW7XC+sp8hhHd,1.406974365278759,5.172415883651151,2.2242265575728686
1368300,Vk6Ir3hBspHY/ypz/UGauDFZ2jdm88wT5e8AkhsWFpxNFkV/FORfW7XC+sp8hhHd,1.3677958144610558,2.635390138920651,1.64224889484047
1368600,Vk6Ir3hBspHY/ypz/UGauDFZ2jdm88wT5e8AkhsWFpxNFkV/FORfW7XC+sp8hhHd,1.1965033138383734,2.135767504890267,1.5799454483015776
1368900,Vk6Ir3hBspHY/ypz/UGauDFZ2jdm88wT5e8AkhsWFpxNFkV/FORfW7XC+sp8hhHd,1.3240558468478418,3.092557331034594,1.641392434638116
1369200,Vk6Ir3hBspHY/ypz/UGauDFZ2jdm88wT5e8AkhsWFpxNFkV/FORfW7XC+sp8hhHd,1.2936524575516022,1.8126637401476784,1.5400566424891156
1369500,Vk6Ir3hBspHY/ypz/UGauDFZ2jdm88wT5e8AkhsWFpxNFkV/FORfW7XC+sp8hhHd,1.3732105936475023,2.799814372477799,1.7195661224144552
1369800,Vk6Ir3hBspHY/ypz/UGauDFZ2jdm88wT5e8AkhsWFpxNFkV/FORfW7XC+sp8hhHd,1.4105051887915028,2.9300934465803303,1.669007670205516
1370100,Vk6Ir3hBspHY/ypz/UGauDFZ2jdm88wT5e8AkhsWFpxNFkV/FORfW7XC+sp8hhHd,1.342686144104164,2.75169195286532,1.66633225435012
1370400,Vk6Ir3hBspHY/ypz/UGauDFZ2jdm88wT5e8AkhsWFpxNFkV/FORfW7XC+sp8hhHd,1.3318309856987736,1.7619319148137005,1.558621716392392
1370700,Vk6Ir3hBspHY/ypz/UGauDFZ2jdm88wT5e8AkhsWFpxNFkV/FORfW7XC+sp8hhHd,1.2960177959605064,3.1060004038147246,1.7876371344611086
1371000,Vk6Ir3hBspHY/ypz/UGauDFZ2jdm88wT5e8AkhsWFpxNFkV/FORfW7XC+sp8hhHd,1.4018872312783135,1.7151882577308275,1.529125646072656
1371300,Vk6Ir3hBspHY/ypz/UGauDFZ2jdm88wT5e8AkhsWFpxNFkV/FORfW7XC+sp8hhHd,1.3106697211127911,3.0785811863813786,1.6969084549592657
1371600,Vk6Ir3hBspHY/ypz/UGauDFZ2jdm88wT5e8AkhsWFpxNFkV/FORfW7XC+sp8hhHd,1.45252506902448,60.06686383961042,9.259048052754855
1371900,Vk6Ir3hBspHY/ypz/UGauDFZ2jdm88wT5e8AkhsWFpxNFkV/FORfW7XC+sp8hhHd,28.294588875199935,90.95859735781151,55.44347575626709
1372200,Vk6Ir3hBspHY/ypz/UGauDFZ2jdm88wT5e8AkhsWFpxNFkV/FORfW7XC+sp8hhHd,1.6808845347612422,70.41022745152083,37.8300085698946
1372500,Vk6Ir3hBspHY/ypz/UGauDFZ2jdm88wT5e8AkhsWFpxNFkV/FORfW7XC+sp8hhHd,1.3915662939445097,2.8896229009358527,1.7257297645479386
1372800,Vk6Ir3hBspHY/ypz/UGauDFZ2jdm88wT5e8AkhsWFpxNFkV/FORfW7XC+sp8hhHd,1.3307174988503196,1.6671744698314837,1.5317006412392544
1373100,Vk6Ir3hBspHY/ypz/UGauDFZ2jdm88wT5e8AkhsWFpxNFkV/FORfW7XC+sp8hhHd,1.2169163169394095,3.273752712872527,1.895889456652997
1373400,Vk6Ir3hBspHY/ypz/UGauDFZ2jdm88wT5e8AkhsWFpxNFkV/FORfW7XC+sp8hhHd,1.3217745771139613,2.872999489896435,1.6982604792220872
1373700,Vk6Ir3hBspHY/ypz/UGauDFZ2jdm88wT5e8AkhsWFpxNFkV/FORfW7XC+sp8hhHd,1.3147461311335678,3.135143845852817,1.7185748631590338
1374000,Vk6Ir3hBspHY/ypz/UGauDFZ2jdm88wT5e8AkhsWFpxNFkV/FORfW7XC+sp8hhHd,1.3169178053399226,1.847577143329782,1.5693316400991926
1374300,Vk6Ir3hBspHY/ypz/UGauDFZ2jdm88wT5e8AkhsWFpxNFkV/FORfW7XC+sp8hhHd,1.3355496675848608,2.9556947318072377,1.790469011348785
1374600,Vk6Ir3hBspHY/ypz/UGauDFZ2jdm88wT5e8AkhsWFpxNFkV/FORfW7XC+sp8hhHd,1.3813475226923864,1.7719485561360646,1.5278001844503963
1374900,Vk6Ir3hBspHY/ypz/UGauDFZ2jdm88wT5e8AkhsWFpxNFkV/FORfW7XC+sp8hhHd,1.330684882661492,2.8226824725767523,1.662114044808622
1375200,Vk6Ir3hBspHY/ypz/UGauDFZ2jdm88wT5e8AkhsWFpxNFkV/FORfW7XC+sp8hhHd,1.3163332121427396,6.824178026919668,3.0635603465360384
1375500,Vk6Ir3hBspHY/ypz/UGauDFZ2jdm88wT5e8AkhsWFpxNFkV/FORfW7XC+sp8hhHd,1.2363481079353067,3.0714811089157545,1.718896844165306
1375800,Vk6Ir3hBspHY/ypz/UGauDFZ2jdm88wT5e8AkhsWFpxNFkV/FORfW7XC+sp8hhHd,1.3380287642760025,1.9062651456544948,1.5517970819014206
1376100,Vk6Ir3hBspHY/ypz/UGauDFZ2jdm88wT5e8AkhsWFpxNFkV/FORfW7XC+sp8hhHd,1.27747497416382,2.664394572360179,1.6255385346312925
1376400,Vk6Ir3hBspHY/ypz/UGauDFZ2jdm88wT5e8AkhsWFpxNFkV/FORfW7XC+sp8hhHd,1.3322149877798688,1.854624486138342,1.545025999104797
1376700,Vk6Ir3hBspHY/ypz/UGauDFZ2jdm88wT5e8AkhsWFpxNFkV/FORfW7XC+sp8hhHd,1.323328726807888,3.0874271503361217,1.7788381547504972
1377000,Vk6Ir3hBspHY/ypz/UGauDFZ2jdm88wT5e8AkhsWFpxNFkV/FORfW7XC+sp8hhHd,1.3402193946516614,13.685016197675656,2.8255474928389783
1377300,Vk6Ir3hBspHY/ypz/UGauDFZ2jdm88wT5e8AkhsWFpxNFkV/FORfW7XC+sp8hhHd,1.4521646488040467,3.681797947776852,1.909561860793722
1377600,Vk6Ir3hBspHY/ypz/UGauDFZ2jdm88wT5e8AkhsWFpxNFkV/FORfW7XC+sp8hhHd,1.3264039032838275,1.8311218355014447,1.6110829539357368
1377900,Vk6Ir3hBspHY/ypz/UGauDFZ2jdm88wT5e8AkhsWFpxNFkV/FORfW7XC+sp8hhHd,1.3078912364091206,3.2303481479399254,1.7586369863380926
1378200,Vk6Ir3hBspHY/ypz/UGauDFZ2jdm88wT5e8AkhsWFpxNFkV/FORfW7XC+sp8hhHd,1.2698787154355655,1.8192796175854,1.5290699503846377
1378500,Vk6Ir3hBspHY/ypz/UGauDFZ2jdm88wT5e8AkhsWFpxNFkV/FORfW7XC+sp8hhHd,1.328314890298436,3.2774461994693214,1.7331386606215688
1378800,Vk6Ir3hBspHY/ypz/UGauDFZ2jdm88wT5e8AkhsWFpxNFkV/FORfW7XC+sp8hhHd,1.327724108488075,3.4339040035321946,1.7005312949103233
1379100,Vk6Ir3hBspHY/ypz/UGauDFZ2jdm88wT5e8AkhsWFpxNFkV/FORfW7XC+sp8hhHd,9.107074500823687,41.75653630224593,32.99787494580573
1379400,Vk6Ir3hBspHY/ypz/UGauDFZ2jdm88wT5e8AkhsWFpxNFkV/FORfW7XC+sp8hhHd,28.530590318570333,39.932096090283615,33.856043605606445
1379700,Vk6Ir3hBspHY/ypz/UGauDFZ2jdm88wT5e8AkhsWFpxNFkV/FORfW7XC+sp8hhHd,30.060736934459776,38.6317537596531,34.35598632458442
1380000,Vk6Ir3hBspHY/ypz/UGauDFZ2jdm88wT5e8AkhsWFpxNFkV/FORfW7XC+sp8hhHd,1.6817866916218662,67.18229553309244,27.02546791802501
1380300,Vk6Ir3hBspHY/ypz/UGauDFZ2jdm88wT5e8AkhsWFpxNFkV/FORfW7XC+sp8hhHd,1.461717024754963,3.3044199318849725,1.904721853192796
1380600,Vk6Ir3hBspHY/ypz/UGauDFZ2jdm88wT5e8AkhsWFpxNFkV/FORfW7XC+sp8hhHd,1.382299489254314,1.973159509412844,1.5804410440736123
1380900,Vk6Ir3hBspHY/ypz/UGauDFZ2jdm88wT5e8AkhsWFpxNFkV/FORfW7XC+sp8hhHd,1.3036693926006904,2.9578531530076977,1.78780851022759
1381200,Vk6Ir3hBspHY/ypz/UGauDFZ2jdm88wT5e8AkhsWFpxNFkV/FORfW7XC+sp8hhHd,1.3868065874024116,8.480449455724449,2.9683180044807083
1381500,Vk6Ir3hBspHY/ypz/UGauDFZ2jdm88wT5e8AkhsWFpxNFkV/FORfW7XC+sp8hhHd,1.4315620618408804,2.800696157876994,1.8814972841119575
1381800,Vk6Ir3hBspHY/ypz/UGauDFZ2jdm88wT5e8AkhsWFpxNFkV/FORfW7XC+sp8hhHd,1.313570100877558,36.491490426453815,10.225204714783231
1382100,Vk6Ir3hBspHY/ypz/UGauDFZ2jdm88wT5e8AkhsWFpxNFkV/FORfW7XC+sp8hhHd,1.3570425171478095,9.813343642870064,2.338429409021571
1382400,Vk6Ir3hBspHY/ypz/UGauDFZ2jdm88wT5e8AkhsWFpxNFkV/FORfW7XC+sp8hhHd,1.4001696485078348,1.8249206320687816,1.559048572111848
1382700,Vk6Ir3hBspHY/ypz/UGauDFZ2jdm88wT5e8AkhsWFpxNFkV/FORfW7XC+sp8hhHd,1.25471300654926,5.975980519262722,3.31386074340025
1383000,Vk6Ir3hBspHY/ypz/UGauDFZ2jdm88wT5e8AkhsWFpxNFkV/FORfW7XC+sp8hhHd,1.5136003884122151,2.1082449724153127,1.7188221600708702
1383300,Vk6Ir3hBspHY/ypz/UGauDFZ2jdm88wT5e8AkhsWFpxNFkV/FORfW7XC+sp8hhHd,1.2356154788096816,97.29754528085107,35.66775647388086
1383600,Vk6Ir3hBspHY/ypz/UGauDFZ2jdm88wT5e8AkhsWFpxNFkV/FORfW7XC+sp8hhHd,90.11636904841056,95.05786289138504,93.28525328684275
1383900,Vk6Ir3hBspHY/ypz/UGauDFZ2jdm88wT5e8AkhsWFpxNFkV/FORfW7XC+sp8hhHd,4.832338370551229,95.12370507166185,76.91544312581586
1384200,Vk6Ir3hBspHY/ypz/UGauDFZ2jdm88wT5e8AkhsWFpxNFkV/FORfW7XC+sp8hhHd,90.71244434486422,95.5440401507002,93.5615031681216
1384500,Vk6Ir3hBspHY/ypz/UGauDFZ2jdm88wT5e8AkhsWFpxNFkV/FORfW7XC+sp8hhHd,2.487033036252603,94.36351505866652,32.8148279436709
1384800,Vk6Ir3hBspHY/ypz/UGauDFZ2jdm88wT5e8AkhsWFpxNFkV/FORfW7XC+sp8hhHd,1.8724701391440413,5.584889404041456,3.9906120398534335
1385100,Vk6Ir3hBspHY/ypz/UGauDFZ2jdm88wT5e8AkhsWFpxNFkV/FORfW7XC+sp8hhHd,1.3149671819505837,3.485590927025258,1.9463872382734084
1385400,Vk6Ir3hBspHY/ypz/UGauDFZ2jdm88wT5e8AkhsWFpxNFkV/FORfW7XC+sp8hhHd,1.3018844865703798,20.26039604645431,3.5181619154799484
1385700,Vk6Ir3hBspHY/ypz/UGauDFZ2jdm88wT5e8AkhsWFpxNFkV/FORfW7XC+sp8hhHd,1.647670109332665,30.1063716642891,9.640729386118709
1386000,Vk6Ir3hBspHY/ypz/UGauDFZ2jdm88wT5e8AkhsWFpxNFkV/FORfW7XC+sp8hhHd,1.406623478285099,6.522854608305802,2.1787730440712663
1386300,Vk6Ir3hBspHY/ypz/UGauDFZ2jdm88wT5e8AkhsWFpxNFkV/FORfW7XC+sp8hhHd,6.772222960747311,64.10548768409689,27.72203026485772
1386600,Vk6Ir3hBspHY/ypz/UGauDFZ2jdm88wT5e8AkhsWFpxNFkV/FORfW7XC+sp8hhHd,1.5155557088325429,6.662551090305561,2.4647424184664306
1386900,Vk6Ir3hBspHY/ypz/UGauDFZ2jdm88wT5e8AkhsWFpxNFkV/FORfW7XC+sp8hhHd,1.3651381037402952,78.21324511684102,32.123805951258
1387200,Vk6Ir3hBspHY/ypz/UGauDFZ2jdm88wT5e8AkhsWFpxNFkV/FORfW7XC+sp8hhHd,61.08222435977225,79.31439878453676,71.48986675230569
1387500,Vk6Ir3hBspHY/ypz/UGauDFZ2jdm88wT5e8AkhsWFpxNFkV/FORfW7XC+sp8hhHd,67.26007979096173,80.02733118559063,73.68597010432475
1387800,Vk6Ir3hBspHY/ypz/UGauDFZ2jdm88wT5e8AkhsWFpxNFkV/FORfW7XC+sp8hhHd,67.83122728391221,79.27712083766005,74.41339598199185
1388100,Vk6Ir3hBspHY/ypz/UGauDFZ2jdm88wT5e8AkhsWFpxNFkV/FORfW7XC+sp8hhHd,1.591919364584685,80.45978060753232,32.42332614764457
1388400,Vk6Ir3hBspHY/ypz/UGauDFZ2jdm88wT5e8AkhsWFpxNFkV/FORfW7XC+sp8hhHd,1.3592558789225135,22.32760779357098,4.640253982986283
1388700,Vk6Ir3hBspHY/ypz/UGauDFZ2jdm88wT5e8AkhsWFpxNFkV/FORfW7XC+sp8hhHd,1.441951125899576,19.859163695030023,3.784208529250555
1389000,Vk6Ir3hBspHY/ypz/UGauDFZ2jdm88wT5e8AkhsWFpxNFkV/FORfW7XC+sp8hhHd,1.4201200288861664,2.798766994126649,1.69098030540103
1389300,Vk6Ir3hBspHY/ypz/UGauDFZ2jdm88wT5e8AkhsWFpxNFkV/FORfW7XC+sp8hhHd,1.4488364173602624,48.87988090067055,35.12602776650123
1389600,Vk6Ir3hBspHY/ypz/UGauDFZ2jdm88wT5e8AkhsWFpxNFkV/FORfW7XC+sp8hhHd,40.14772594703859,51.52794690025341,45.83037116320338
1389900,Vk6Ir3hBspHY/ypz/UGauDFZ2jdm88wT5e8AkhsWFpxNFkV/FORfW7XC+sp8hhHd,36.05969070706534,54.010155216062074,45.011075467658806
1390200,Vk6Ir3hBspHY/ypz/UGauDFZ2jdm88wT5e8AkhsWFpxNFkV/FORfW7XC+sp8hhHd,35.80932618544443,43.97490588257229,40.393390932549686
1390500,Vk6Ir3hBspHY/ypz/UGauDFZ2jdm88wT5e8AkhsWFpxNFkV/FORfW7XC+sp8hhHd,35.012520227378324,42.646583010365376,39.196065399706015
1390800,Vk6Ir3hBspHY/ypz/UGauDFZ2jdm88wT5e8AkhsWFpxNFkV/FORfW7XC+sp8hhHd,36.11385672090615,44.65501493577968,39.73268268760192
1391100,Vk6Ir3hBspHY/ypz/UGauDFZ2jdm88wT5e8AkhsWFpxNFkV/FORfW7XC+sp8hhHd,36.55007593431143,46.267568595253344,41.346544860349695
1391400,Vk6Ir3hBspHY/ypz/UGauDFZ2jdm88wT5e8AkhsWFpxNFkV/FORfW7XC+sp8hhHd,1.5024925409677,46.31344889611586,10.683623118805984
1391700,Vk6Ir3hBspHY/ypz/UGauDFZ2jdm88wT5e8AkhsWFpxNFkV/FORfW7XC+sp8hhHd,1.439662592005621,3.16127279655541,1.8628929203024012
1392000,Vk6Ir3hBspHY/ypz/UGauDFZ2jdm88wT5e8AkhsWFpxNFkV/FORfW7XC+sp8hhHd,1.2614248322553874,87.21195738350035,14.968908278366536
1392300,Vk6Ir3hBspHY/ypz/UGauDFZ2jdm88wT5e8AkhsWFpxNFkV/FORfW7XC+sp8hhHd,1.3435128765695523,4.605835895287716,1.90932857973629
1392600,Vk6Ir3hBspHY/ypz/UGauDFZ2jdm88wT5e8AkhsWFpxNFkV/FORfW7XC+sp8hhHd,1.3436388765587874,46.174204929548885,7.602409289786527
1392900,Vk6Ir3hBspHY/ypz/UGauDFZ2jdm88wT5e8AkhsWFpxNFkV/FORfW7XC+sp8hhHd,1.3387469285860536,29.069920780185416,4.954324992632905
1393200,Vk6Ir3hBspHY/ypz/UGauDFZ2jdm88wT5e8AkhsWFpxNFkV/FORfW7XC+sp8hhHd,1.4219338197557232,2.7991223402711936,1.7166225549486858
1393500,Vk6Ir3hBspHY/ypz/UGauDFZ2jdm88wT5e8AkhsWFpxNFkV/FORfW7XC+sp8hhHd,5.864385453278269,98.06060551644185,63.008105472675005
1393800,Vk6Ir3hBspHY/ypz/UGauDFZ2jdm88wT5e8AkhsWFpxNFkV/FORfW7XC+sp8hhHd,4.568390322565635,39.42564818025037,12.282739296125628
1394100,Vk6Ir3hBspHY/ypz/UGauDFZ2jdm88wT5e8AkhsWFpxNFkV/FORfW7XC+sp8hhHd,1.459750397439209,2.043696759416606,1.700337749348804
1394400,Vk6Ir3hBspHY/ypz/UGauDFZ2jdm88wT5e8AkhsWFpxNFkV/FORfW7XC+sp8hhHd,1.2502187558491962,9.131528816704842,5.6209349499490004
1394700,Vk6Ir3hBspHY/ypz/UGauDFZ2jdm88wT5e8AkhsWFpxNFkV/FORfW7XC+sp8hhHd,6.464084449392011,9.092405718111443,7.678695338517757
1395000,Vk6Ir3hBspHY/ypz/UGauDFZ2jdm88wT5e8AkhsWFpxNFkV/FORfW7XC+sp8hhHd,6.752883865800005,9.813305543268903,8.09950671138091
1395300,Vk6Ir3hBspHY/ypz/UGauDFZ2jdm88wT5e8AkhsWFpxNFkV/FORfW7XC+sp8hhHd,6.562792788565007,9.577115790605315,8.098112797889057
1395600,Vk6Ir3hBspHY/ypz/UGauDFZ2jdm88wT5e8AkhsWFpxNFkV/FORfW7XC+sp8hhHd,1.5515434529508791,10.964549779604445,4.319684228172123
1395900,Vk6Ir3hBspHY/ypz/UGauDFZ2jdm88wT5e8AkhsWFpxNFkV/FORfW7XC+sp8hhHd,1.3124761233028963,41.851265048370514,11.900551375911718
1396200,Vk6Ir3hBspHY/ypz/UGauDFZ2jdm88wT5e8AkhsWFpxNFkV/FORfW7XC+sp8hhHd,32.918069188521834,47.447965555421774,39.439595178881525
1396500,Vk6Ir3hBspHY/ypz/UGauDFZ2jdm88wT5e8AkhsWFpxNFkV/FORfW7XC+sp8hhHd,34.934502602806845,42.36569658349698,39.061477722678525
1396800,Vk6Ir3hBspHY/ypz/UGauDFZ2jdm88wT5e8AkhsWFpxNFkV/FORfW7XC+sp8hhHd,1.6286548489026544,93.2467774778632,35.07759984602089
1397100,Vk6Ir3hBspHY/ypz/UGauDFZ2jdm88wT5e8AkhsWFpxNFkV/FORfW7XC+sp8hhHd,1.272999615330362,6.332445270417655,2.05349490792198
1397400,Vk6Ir3hBspHY/ypz/UGauDFZ2jdm88wT5e8AkhsWFpxNFkV/FORfW7XC+sp8hhHd,1.4132591977215958,64.85478234839367,18.217803105035536
1397700,Vk6Ir3hBspHY/ypz/UGauDFZ2jdm88wT5e8AkhsWFpxNFkV/FORfW7XC+sp8hhHd,1.5372968031571934,6.7802420685287,4.2188638641741845
1398000,Vk6Ir3hBspHY/ypz/UGauDFZ2jdm88wT5e8AkhsWFpxNFkV/FORfW7XC+sp8hhHd,1.187822166877034,58.27672943428973,19.995569511043023
1398300,Vk6Ir3hBspHY/ypz/UGauDFZ2jdm88wT5e8AkhsWFpxNFkV/FORfW7XC+sp8hhHd,1.3113584618839471,2.1545543834312246,1.7397335600890025
1398600,Vk6Ir3hBspHY/ypz/UGauDFZ2jdm88wT5e8AkhsWFpxNFkV/FORfW7XC+sp8hhHd,1.377315491427996,66.14963151504897,16.99762415199799
1398900,Vk6Ir3hBspHY/ypz/UGauDFZ2jdm88wT5e8AkhsWFpxNFkV/FORfW7XC+sp8hhHd,1.3647814122514834,65.700979748277,16.191747000215205
1399200,Vk6Ir3hBspHY/ypz/UGauDFZ2jdm88wT5e8AkhsWFpxNFkV/FORfW7XC+sp8hhHd,1.427328889023412,9.513532822494067,2.502393529752004
1399500,Vk6Ir3hBspHY/ypz/UGauDFZ2jdm88wT5e8AkhsWFpxNFkV/FORfW7XC+sp8hhHd,31.54448698124037,49.149026727337805,36.5331736911243
1399800,Vk6Ir3hBspHY/ypz/UGauDFZ2jdm88wT5e8AkhsWFpxNFkV/FORfW7XC+sp8hhHd,31.854506932658005,40.982057392523615,35.83546883185198
1400100,Vk6Ir3hBspHY/ypz/UGauDFZ2jdm88wT5e8AkhsWFpxNFkV/FORfW7XC+sp8hhHd,32.14850301356689,40.285654055508076,36.28507135619056
1400400,Vk6Ir3hBspHY/ypz/UGauDFZ2jdm88wT5e8AkhsWFpxNFkV/FORfW7XC+sp8hhHd,32.28707181495833,42.02921175131731,37.69277615570207
1400700,Vk6Ir3hBspHY/ypz/UGauDFZ2jdm88wT5e8AkhsWFpxNFkV/FORfW7XC+sp8hhHd,33.64474053622449,48.68953283601751,41.797301464619274
1401000,Vk6Ir3hBspHY/ypz/UGauDFZ2jdm88wT5e8AkhsWFpxNFkV/FORfW7XC+sp8hhHd,40.91620997883293,52.95973537199984,48.05110306504067
1401300,Vk6Ir3hBspHY/ypz/UGauDFZ2jdm88wT5e8AkhsWFpxNFkV/FORfW7XC+sp8hhHd,4.997596438593454,98.78443154750323,57.3866462885531
1401600,Vk6Ir3hBspHY/ypz/UGauDFZ2jdm88wT5e8AkhsWFpxNFkV/FORfW7XC+sp8hhHd,1.4217100548850603,10.361955443883552,3.080106104233452
1401900,Vk6Ir3hBspHY/ypz/UGauDFZ2jdm88wT5e8AkhsWFpxNFkV/FORfW7XC+sp8hhHd,1.4727630216976288,96.26917547679538,60.400923236167294
1402200,Vk6Ir3hBspHY/ypz/UGauDFZ2jdm88wT5e8AkhsWFpxNFkV/FORfW7XC+sp8hhHd,72.36760729143475,90.87771294515025,85.83838849096325
1402500,Vk6Ir3hBspHY/ypz/UGauDFZ2jdm88wT5e8AkhsWFpxNFkV/FORfW7XC+sp8hhHd,82.75719478685576,97.72065275413107,90.55431248127373
1402800,Vk6Ir3hBspHY/ypz/UGauDFZ2jdm88wT5e8AkhsWFpxNFkV/FORfW7XC+sp8hhHd,1.6069137892171932,93.41478658805373,14.6746602080332
1403100,Vk6Ir3hBspHY/ypz/UGauDFZ2jdm88wT5e8AkhsWFpxNFkV/FORfW7XC+sp8hhHd,1.3409835635575813,41.2705025487072,6.963637778819291
1403400,Vk6Ir3hBspHY/ypz/UGauDFZ2jdm88wT5e8AkhsWFpxNFkV/FORfW7XC+sp8hhHd,1.420348403979231,3.139096535483332,1.8514700806944564
1403700,Vk6Ir3hBspHY/ypz/UGauDFZ2jdm88wT5e8AkhsWFpxNFkV/FORfW7XC+sp8hhHd,1.3070409551718976,20.46564154663732,3.3937174592193045
1404000,Vk6Ir3hBspHY/ypz/UGauDFZ2jdm88wT5e8AkhsWFpxNFkV/FORfW7XC+sp8hhHd,6.012145798796575,66.3915962226874,47.32713363457168
1404300,Vk6Ir3hBspHY/ypz/UGauDFZ2jdm88wT5e8AkhsWFpxNFkV/FORfW7XC+sp8hhHd,1.4684519084757142,7.326846041740726,2.065897978389324
1404600,Vk6Ir3hBspHY/ypz/UGauDFZ2jdm88wT5e8AkhsWFpxNFkV/FORfW7XC+sp8hhHd,1.4823663218866978,3.0279896814735134,1.734993487899845
1404900,Vk6Ir3hBspHY/ypz/UGauDFZ2jdm88wT5e8AkhsWFpxNFkV/FORfW7XC+sp8hhHd,1.3730753008039411,77.69298655125715,36.84455732573241
1405200,Vk6Ir3hBspHY/ypz/UGauDFZ2jdm88wT5e8AkhsWFpxNFkV/FORfW7XC+sp8hhHd,1.5132919799997993,6.814740840201187,3.5124761434419467
1405500,Vk6Ir3hBspHY/ypz/UGauDFZ2jdm88wT5e8AkhsWFpxNFkV/FORfW7XC+sp8hhHd,1.2919754018562422,8.058420472811225,2.856204369296486
1405800,Vk6Ir3hBspHY/ypz/UGauDFZ2jdm88wT5e8AkhsWFpxNFkV/FORfW7XC+sp8hhHd,1.4698111459261811,3.031441370372024,1.8795299939872303
1406100,Vk6Ir3hBspHY/ypz/UGauDFZ2jdm88wT5e8AkhsWFpxNFkV/FORfW7XC+sp8hhHd,1.30179670244228,69.56581750282797,9.421367456221697
1406400,Vk6Ir3hBspHY/ypz/UGauDFZ2jdm88wT5e8AkhsWFpxNFkV/FORfW7XC+sp8hhHd,64.67477119095254,88.927465777392,74.7497792970775
1406700,Vk6Ir3hBspHY/ypz/UGauDFZ2jdm88wT5e8AkhsWFpxNFkV/FORfW7XC+sp8hhHd,1.4081713511118066,88.02996766104766,13.28980080335621
1407000,Vk6Ir3hBspHY/ypz/UGauDFZ2jdm88wT5e8AkhsWFpxNFkV/FORfW7XC+sp8hhHd,1.3680949673237226,9.306963934540407,3.184075140450467
1407300,Vk6Ir3hBspHY/ypz/UGauDFZ2jdm88wT5e8AkhsWFpxNFkV/FORfW7XC+sp8hhHd,1.3385344889366084,7.864409884505859,2.9890284330901102
1407600,Vk6Ir3hBspHY/ypz/UGauDFZ2jdm88wT5e8AkhsWFpxNFkV/FORfW7XC+sp8hhHd,1.5116023850793383,2.8595608839544457,1.822755025759189
1407900,Vk6Ir3hBspHY/ypz/UGauDFZ2jdm88wT5e8AkhsWFpxNFkV/FORfW7XC+sp8hhHd,1.2914870291652705,70.8385539949144,22.607478852684107
1408200,Vk6Ir3hBspHY/ypz/UGauDFZ2jdm88wT5e8AkhsWFpxNFkV/FORfW7XC+sp8hhHd,1.4137820113923432,3.644356498096103,2.048748188801929
1408500,Vk6Ir3hBspHY/ypz/UGauDFZ2jdm88wT5e8AkhsWFpxNFkV/FORfW7XC+sp8hhHd,1.3130647575514334,77.04687762728318,13.292869611704567
1408800,Vk6Ir3hBspHY/ypz/UGauDFZ2jdm88wT5e8AkhsWFpxNFkV/FORfW7XC+sp8hhHd,3.7620262778958,81.93120956973854,23.948339460331184
1409100,Vk6Ir3hBspHY/ypz/UGauDFZ2jdm88wT5e8AkhsWFpxNFkV/FORfW7XC+sp8hhHd,1.3113613330416325,7.512290688774355,2.2458509899642234
1409400,Vk6Ir3hBspHY/ypz/UGauDFZ2jdm88wT5e8AkhsWFpxNFkV/FORfW7XC+sp8hhHd,1.34382596584076,24.49426807444493,6.87983500972313
1409700,Vk6Ir3hBspHY/ypz/UGauDFZ2jdm88wT5e8AkhsWFpxNFkV/FORfW7XC+sp8hhHd,1.30764115289257,3.362208443355406,1.7562423982453264
1410000,Vk6Ir3hBspHY/ypz/UGauDFZ2jdm88wT5e8AkhsWFpxNFkV/FORfW7XC+sp8hhHd,1.358484427697999,64.11927048781702,33.4482834116499
1410300,Vk6Ir3hBspHY/ypz/UGauDFZ2jdm88wT5e8AkhsWFpxNFkV/FORfW7XC+sp8hhHd,1.6408853087022024,66.58469155970117,25.67947522217884
1410600,Vk6Ir3hBspHY/ypz/UGauDFZ2jdm88wT5e8AkhsWFpxNFkV/FORfW7XC+sp8hhHd,1.3582538830005084,8.990100023690175,3.2666480823485595
1410900,Vk6Ir3hBspHY/ypz/UGauDFZ2jdm88wT5e8AkhsWFpxNFkV/FORfW7XC+sp8hhHd,1.6800535396216572,22.711861142729784,10.24991821204068
1411200,Vk6Ir3hBspHY/ypz/UGauDFZ2jdm88wT5e8AkhsWFpxNFkV/FORfW7XC+sp8hhHd,1.3191313688300492,16.490628141489243,3.529777369098856
1411500,Vk6Ir3hBspHY/ypz/UGauDFZ2jdm88wT5e8AkhsWFpxNFkV/FORfW7XC+sp8hhHd,1.4186480502156156,32.837255879542184,6.906106159727129
1411800,Vk6Ir3hBspHY/ypz/UGauDFZ2jdm88wT5e8AkhsWFpxNFkV/FORfW7XC+sp8hhHd,1.4110795862310548,3.013707473824049,1.8526849380455528
1412100,Vk6Ir3hBspHY/ypz/UGauDFZ2jdm88wT5e8AkhsWFpxNFkV/FORfW7XC+sp8hhHd,1.2601383854698531,67.14234239314564,32.01703607380925
1412400,Vk6Ir3hBspHY/ypz/UGauDFZ2jdm88wT5e8AkhsWFpxNFkV/FORfW7XC+sp8hhHd,38.890832611172,61.88691879302141,50.820000875413456
1412700,Vk6Ir3hBspHY/ypz/UGauDFZ2jdm88wT5e8AkhsWFpxNFkV/FORfW7XC+sp8hhHd,36.94210716613871,66.16987962624766,50.1549864277346
1413000,Vk6Ir3hBspHY/ypz/UGauDFZ2jdm88wT5e8AkhsWFpxNFkV/FORfW7XC+sp8hhHd,1.614300977926145,81.76726726877595,39.199048400280695
1413300,Vk6Ir3hBspHY/ypz/UGauDFZ2jdm88wT5e8AkhsWFpxNFkV/FORfW7XC+sp8hhHd,1.2494512810722065,2.5759981696170597,1.7750964171603258
1413600,Vk6Ir3hBspHY/ypz/UGauDFZ2jdm88wT5e8AkhsWFpxNFkV/FORfW7XC+sp8hhHd,1.2228203449110768,19.948285545877816,5.7235876933122505
1413900,Vk6Ir3hBspHY/ypz/UGauDFZ2jdm88wT5e8AkhsWFpxNFkV/FORfW7XC+sp8hhHd,32.35253472329615,57.18538186869081,49.50956579499938
1414200,Vk6Ir3hBspHY/ypz/UGauDFZ2jdm88wT5e8AkhsWFpxNFkV/FORfW7XC+sp8hhHd,1.6543310684335542,56.22554030893741,34.05867987461885
1414500,Vk6Ir3hBspHY/ypz/UGauDFZ2jdm88wT5e8AkhsWFpxNFkV/FORfW7XC+sp8hhHd,1.2474427501396297,2.527276444953064,1.7363824387956304
1414800,Vk6Ir3hBspHY/ypz/UGauDFZ2jdm88wT5e8AkhsWFpxNFkV/FORfW7XC+sp8hhHd,1.260232037166113,2.927493149768877,1.78147228182932
1415100,Vk6Ir3hBspHY/ypz/UGauDFZ2jdm88wT5e8AkhsWFpxNFkV/FORfW7XC+sp8hhHd,1.3918612862540989,33.5559832271944,7.619991373933359
1415400,Vk6Ir3hBspHY/ypz/UGauDFZ2jdm88wT5e8AkhsWFpxNFkV/FORfW7XC+sp8hhHd,1.4357412698117191,3.1560375203431104,1.918153249253752
1415700,Vk6Ir3hBspHY/ypz/UGauDFZ2jdm88wT5e8AkhsWFpxNFkV/FORfW7XC+sp8hhHd,1.3596670124314396,47.08347785524615,28.4885535681863
1416000,Vk6Ir3hBspHY/ypz/UGauDFZ2jdm88wT5e8AkhsWFpxNFkV/FORfW7XC+sp8hhHd,43.58212179236948,53.286619259008745,46.901841338704806
1416300,Vk6Ir3hBspHY/ypz/UGauDFZ2jdm88wT5e8AkhsWFpxNFkV/FORfW7XC+sp8hhHd,47.31228698492282,56.34269300893624,52.01776665681143
1416600,Vk6Ir3hBspHY/ypz/UGauDFZ2jdm88wT5e8AkhsWFpxNFkV/FORfW7XC+sp8hhHd,1.55174741595086,55.93110533335124,14.474102627403589
1416900,Vk6Ir3hBspHY/ypz/UGauDFZ2jdm88wT5e8AkhsWFpxNFkV/FORfW7XC+sp8hhHd,1.2609565837970844,77.99773971372122,23.937732348817512
1417200,Vk6Ir3hBspHY/ypz/UGauDFZ2jdm88wT5e8AkhsWFpxNFkV/FORfW7XC+sp8hhHd,30.981121380670714,93.37367746243139,72.56612283236174
1417500,Vk6Ir3hBspHY/ypz/UGauDFZ2jdm88wT5e8AkhsWFpxNFkV/FORfW7XC+sp8hhHd,1.4369535573673995,7.649793450071766,3.1661420749171194
1417800,Vk6Ir3hBspHY/ypz/UGauDFZ2jdm88wT5e8AkhsWFpxNFkV/FORfW7XC+sp8hhHd,1.2582112222043451,4.753863767914159,2.017303343751049
1418100,Vk6Ir3hBspHY/ypz/UGauDFZ2jdm88wT5e8AkhsWFpxNFkV/FORfW7XC+sp8hhHd,30.901050581353,42.06138978481232,35.031489376836
1418400,Vk6Ir3hBspHY/ypz/UGauDFZ2jdm88wT5e8AkhsWFpxNFkV/FORfW7XC+sp8hhHd,30.31299844704135,40.8514714451862,35.762660316853534
1418700,Vk6Ir3hBspHY/ypz/UGauDFZ2jdm88wT5e8AkhsWFpxNFkV/FORfW7XC+sp8hhHd,2.8959098890449466,91.920612808512,39.49255924904608
1419000,Vk6Ir3hBspHY/ypz/UGauDFZ2jdm88wT5e8AkhsWFpxNFkV/FORfW7XC+sp8hhHd,1.4269298888311066,7.353111974100024,4.082792498963856
1419300,Vk6Ir3hBspHY/ypz/UGauDFZ2jdm88wT5e8AkhsWFpxNFkV/FORfW7XC+sp8hhHd,1.368263051463377,18.318605555086336,6.564080424275946
1419600,Vk6Ir3hBspHY/ypz/UGauDFZ2jdm88wT5e8AkhsWFpxNFkV/FORfW7XC+sp8hhHd,6.192949440701822,20.939356814825206,9.150443595452163
1419900,Vk6Ir3hBspHY/ypz/UGauDFZ2jdm88wT5e8AkhsWFpxNFkV/FORfW7XC+sp8hhHd,6.004682512959976,12.803172151744512,8.861236118432217
1420200,Vk6Ir3hBspHY/ypz/UGauDFZ2jdm88wT5e8AkhsWFpxNFkV/FORfW7XC+sp8hhHd,6.136057297043692,10.600348539009364,8.283525905375948
1420500,Vk6Ir3hBspHY/ypz/UGauDFZ2jdm88wT5e8AkhsWFpxNFkV/FORfW7XC+sp8hhHd,6.41039887642569,10.752971804295036,7.759015601817628
1420800,Vk6Ir3hBspHY/ypz/UGauDFZ2jdm88wT5e8AkhsWFpxNFkV/FORfW7XC+sp8hhHd,6.056614338640007,11.89957560811458,8.78324339281369
1421100,Vk6Ir3hBspHY/ypz/UGauDFZ2jdm88wT5e8AkhsWFpxNFkV/FORfW7XC+sp8hhHd,7.4300113263865954,82.20526554046276,19.213474930925837
1421400,Vk6Ir3hBspHY/ypz/UGauDFZ2jdm88wT5e8AkhsWFpxNFkV/FORfW7XC+sp8hhHd,1.454538973602851,3.166931553122869,1.981870222604984
1421700,Vk6Ir3hBspHY/ypz/UGauDFZ2jdm88wT5e8AkhsWFpxNFkV/FORfW7XC+sp8hhHd,1.2789620191624826,1.8412451652281636,1.5715891468961083
1422000,Vk6Ir3hBspHY/ypz/UGauDFZ2jdm88wT5e8AkhsWFpxNFkV/FORfW7XC+sp8hhHd,1.1933624108394918,3.1585755859207234,1.7120742939592173
1422300,Vk6Ir3hBspHY/ypz/UGauDFZ2jdm88wT5e8AkhsWFpxNFkV/FORfW7XC+sp8hhHd,1.2763168096241215,1.758316030943524,1.5416713314243984
1422600,Vk6Ir3hBspHY/ypz/UGauDFZ2jdm88wT5e8AkhsWFpxNFkV/FORfW7XC+sp8hhHd,1.287400111218408,8.178295185753868,3.6687003663668274
1422900,Vk6Ir3hBspHY/ypz/UGauDFZ2jdm88wT5e8AkhsWFpxNFkV/FORfW7XC+sp8hhHd,1.2860410612664412,7.055266252736371,2.6391028127821268
1423200,Vk6Ir3hBspHY/ypz/UGauDFZ2jdm88wT5e8AkhsWFpxNFkV/FORfW7XC+sp8hhHd,1.3297560663101191,2.5309897437983104,1.6817071369845789
1423500,Vk6Ir3hBspHY/ypz/UGauDFZ2jdm88wT5e8AkhsWFpxNFkV/FORfW7XC+sp8hhHd,1.3402891805776016,1.939219680328528,1.562124183534359
1423800,Vk6Ir3hBspHY/ypz/UGauDFZ2jdm88wT5e8AkhsWFpxNFkV/FORfW7XC+sp8hhHd,1.3204628392094275,5.698955380319477,3.147763564762033
1424100,Vk6Ir3hBspHY/ypz/UGauDFZ2jdm88wT5e8AkhsWFpxNFkV/FORfW7XC+sp8hhHd,1.2736729784789154,2.948495029632292,1.648236735650088
1424400,Vk6Ir3hBspHY/ypz/UGauDFZ2jdm88wT5e8AkhsWFpxNFkV/FORfW7XC+sp8hhHd,1.2464670987085202,3.2750298954854418,1.7287762913752287
1424700,Vk6Ir3hBspHY/ypz/UGauDFZ2jdm88wT5e8AkhsWFpxNFkV/FORfW7XC+sp8hhHd,1.2504233397548792,2.004757943042577,1.5996354297847508
1425000,Vk6Ir3hBspHY/ypz/UGauDFZ2jdm88wT5e8AkhsWFpxNFkV/FORfW7XC+sp8hhHd,1.2749509615811363,3.0920179404493866,1.6564147259228164
1425300,Vk6Ir3hBspHY/ypz/UGauDFZ2jdm88wT5e8AkhsWFpxNFkV/FORfW7XC+sp8hhHd,1.2284656068119644,1.949296855253443,1.522574057645888
1425600,Vk6Ir3hBspHY/ypz/UGauDFZ2jdm88wT5e8AkhsWFpxNFkV/FORfW7XC+sp8hhHd,1.2391642535019245,3.23955682458512,1.6471513276220031
1425900,Vk6Ir3hBspHY/ypz/UGauDFZ2jdm88wT5e8AkhsWFpxNFkV/FORfW7XC+sp8hhHd,1.231609243691821,2.38328121019699,1.5529940552766748
1426200,Vk6Ir3hBspHY/ypz/UGauDFZ2jdm88wT5e8AkhsWFpxNFkV/FORfW7XC+sp8hhHd,1.3006825889559128,3.2478502293341784,1.6792021963248658
1426500,Vk6Ir3hBspHY/ypz/UGauDFZ2jdm88wT5e8AkhsWFpxNFkV/FORfW7XC+sp8hhHd,1.3048218071757585,1.9911380339146376,1.5072046639820331
1426800,Vk6Ir3hBspHY/ypz/UGauDFZ2jdm88wT5e8AkhsWFpxNFkV/FORfW7XC+sp8hhHd,1.238340457227617,3.0425011868799565,1.659227194853901
1427100,Vk6Ir3hBspHY/ypz/UGauDFZ2jdm88wT5e8AkhsWFpxNFkV/FORfW7XC+sp8hhHd,1.2478676647127858,2.280735702336892,1.603086188778364
1427400,Vk6Ir3hBspHY/ypz/UGauDFZ2jdm88wT5e8AkhsWFpxNFkV/FORfW7XC+sp8hhHd,1.3739709865783998,7.071378965262312,3.281572601675921
1427700,Vk6Ir3hBspHY/ypz/UGauDFZ2jdm88wT5e8AkhsWFpxNFkV/FORfW7XC+sp8hhHd,1.2752777623690348,3.208200099918977,1.6221250475046582
1428000,Vk6Ir3hBspHY/ypz/UGauDFZ2jdm88wT5e8AkhsWFpxNFkV/FORfW7XC+sp8hhHd,1.2840349798633006,3.305060371239302,1.7035239922535723
1428300,Vk6Ir3hBspHY/ypz/UGauDFZ2jdm88wT5e8AkhsWFpxNFkV/FORfW7XC+sp8hhHd,1.2285407602986678,2.0051884398798934,1.6325245194985418
1428600,Vk6Ir3hBspHY/ypz/UGauDFZ2jdm88wT5e8AkhsWFpxNFkV/FORfW7XC+sp8hhHd,1.393238031970752,2.648398648027925,1.6937274626981362
1428900,Vk6Ir3hBspHY/ypz/UGauDFZ2jdm88wT5e8AkhsWFpxNFkV/FORfW7XC+sp8hhHd,1.3151471340395198,2.28406443476431,1.5897170000381229
1429200,Vk6Ir3hBspHY/ypz/UGauDFZ2jdm88wT5e8AkhsWFpxNFkV/FORfW7XC+sp8hhHd,1.3670983020759049,2.658483468969812,1.6840210871187604
1429500,Vk6Ir3hBspHY/ypz/UGauDFZ2jdm88wT5e8AkhsWFpxNFkV/FORfW7XC+sp8hhHd,1.2569909272802493,1.9924083145277245,1.5754291775207363
1429800,Vk6Ir3hBspHY/ypz/UGauDFZ2jdm88wT5e8AkhsWFpxNFkV/FORfW7XC+sp8hhHd,1.308185863092144,2.6790205974911467,1.675972657422605
1430100,Vk6Ir3hBspHY/ypz/UGauDFZ2jdm88wT5e8AkhsWFpxNFkV/FORfW7XC+sp8hhHd,1.1563573605329822,1.701515703894865,1.476854955035514
1430400,Vk6Ir3hBspHY/ypz/UGauDFZ2jdm88wT5e8AkhsWFpxNFkV/FORfW7XC+sp8hhHd,1.2800347274173745,2.7610777088143466,1.6917570096307124
1430700,Vk6Ir3hBspHY/ypz/UGauDFZ2jdm88wT5e8AkhsWFpxNFkV/FORfW7XC+sp8hhHd,1.1661045487469697,2.367541551088634,1.6522846138118954
1431000,Vk6Ir3hBspHY/ypz/UGauDFZ2jdm88wT5e8AkhsWFpxNFkV/FORfW7XC+sp8hhHd,1.331475496059438,6.647813329558767,2.6833016562512277
1431300,Vk6Ir3hBspHY/ypz/UGauDFZ2jdm88wT5e8AkhsWFpxNFkV/FORfW7XC+sp8hhHd,1.2587510209853436,5.203577998415246,2.154889546441641
1431600,Vk6Ir3hBspHY/ypz/UGauDFZ2jdm88wT5e8AkhsWFpxNFkV/FORfW7XC+sp8hhHd,1.3544461116117694,3.1411885498913934,1.7321403209251796
1431900,Vk6Ir3hBspHY/ypz/UGauDFZ2jdm88wT5e8AkhsWFpxNFkV/FORfW7XC+sp8hhHd,1.324391966345804,2.5695750766565606,1.6278005926781514
1432200,Vk6Ir3hBspHY/ypz/UGauDFZ2jdm88wT5e8AkhsWFpxNFkV/FORfW7XC+sp8hhHd,1.4171620767433342,2.5144632026217715,1.6710404298568275
1432500,Vk6Ir3hBspHY/ypz/UGauDFZ2jdm88wT5e8AkhsWFpxNFkV/FORfW7XC+sp8hhHd,1.155682663201452,1.952193118640646,1.5816999704077217
1432800,Vk6Ir3hBspHY/ypz/UGauDFZ2jdm88wT5e8AkhsWFpxNFkV/FORfW7XC+sp8hhHd,1.3393224168066895,3.00434918203788,1.670227098412091
1433100,Vk6Ir3hBspHY/ypz/UGauDFZ2jdm88wT5e8AkhsWFpxNFkV/FORfW7XC+sp8hhHd,1.28436999167899,2.1548146701515627,1.6013543469576803
1433400,Vk6Ir3hBspHY/ypz/UGauDFZ2jdm88wT5e8AkhsWFpxNFkV/FORfW7XC+sp8hhHd,1.3451316219206044,16.85726813987377,3.1623585237629044
1433700,Vk6Ir3hBspHY/ypz/UGauDFZ2jdm88wT5e8AkhsWFpxNFkV/FORfW7XC+sp8hhHd,1.4550804062993377,41.6874535464983,9.167517878999197
1434000,Vk6Ir3hBspHY/ypz/UGauDFZ2jdm88wT5e8AkhsWFpxNFkV/FORfW7XC+sp8hhHd,1.4203388135023896,8.12494917161653,2.115361436925996
1434300,Vk6Ir3hBspHY/ypz/UGauDFZ2jdm88wT5e8AkhsWFpxNFkV/FORfW7XC+sp8hhHd,1.3466890267498233,1.951202315750452,1.62962971749493
1434600,Vk6Ir3hBspHY/ypz/UGauDFZ2jdm88wT5e8AkhsWFpxNFkV/FORfW7XC+sp8hhHd,1.195634016289706,2.5884928997508405,1.6395357246333573
1434900,Vk6Ir3hBspHY/ypz/UGauDFZ2jdm88wT5e8AkhsWFpxNFkV/FORfW7XC+sp8hhHd,1.3440329506426796,6.267522985291403,3.179222591572152
1435200,Vk6Ir3hBspHY/ypz/UGauDFZ2jdm88wT5e8AkhsWFpxNFkV/FORfW7XC+sp8hhHd,1.3689764033426202,2.6742428172992185,1.7174870560741329
1435500,Vk6Ir3hBspHY/ypz/UGauDFZ2jdm88wT5e8AkhsWFpxNFkV/FORfW7XC+sp8hhHd,1.270755983502348,1.9084035112491635,1.6153877951970936
1435800,Vk6Ir3hBspHY/ypz/UGauDFZ2jdm88wT5e8AkhsWFpxNFkV/FORfW7XC+sp8hhHd,1.1882869505878415,3.083411632131994,1.6380574838974455
1436100,Vk6Ir3hBspHY/ypz/UGauDFZ2jdm88wT5e8AkhsWFpxNFkV/FORfW7XC+sp8hhHd,1.297475026403346,80.0945803649631,25.42756137722218
1436400,Vk6Ir3hBspHY/ypz/UGauDFZ2jdm88wT5e8AkhsWFpxNFkV/FORfW7XC+sp8hhHd,70.19930982920619,94.98474207457112,83.73188624555732
1436700,Vk6Ir3hBspHY/ypz/UGauDFZ2jdm88wT5e8AkhsWFpxNFkV/FORfW7XC+sp8hhHd,1.5320899942758823,96.4455644662289,29.621269911068776
1437000,Vk6Ir3hBspHY/ypz/UGauDFZ2jdm88wT5e8AkhsWFpxNFkV/FORfW7XC+sp8hhHd,1.3823294283260712,3.9393473479988335,2.006793840295583
1437300,Vk6Ir3hBspHY/ypz/UGauDFZ2jdm88wT5e8AkhsWFpxNFkV/FORfW7XC+sp8hhHd,1.2937290422897112,1.8442552625526845,1.5350035635254888
1437600,Vk6Ir3hBspHY/ypz/UGauDFZ2jdm88wT5e8AkhsWFpxNFkV/FORfW7XC+sp8hhHd,1.2945291584830316,3.0308032364156534,1.6582477834707912
1437900,Vk6Ir3hBspHY/ypz/UGauDFZ2jdm88wT5e8AkhsWFpxNFkV/FORfW7XC+sp8hhHd,1.1487459683138852,43.447025803225834,5.669635771434462
1438200,Vk6Ir3hBspHY/ypz/UGauDFZ2jdm88wT5e8AkhsWFpxNFkV/FORfW7XC+sp8hhHd,65.62531549082203,89.56713822132835,79.31487297937947
1438500,Vk6Ir3hBspHY/ypz/UGauDFZ2jdm88wT5e8AkhsWFpxNFkV/FORfW7XC+sp8hhHd,2.198612471240222,88.699066498464,29.6708530544292
1438800,Vk6Ir3hBspHY/ypz/UGauDFZ2jdm88wT5e8AkhsWFpxNFkV/FORfW7XC+sp8hhHd,1.4492645170691931,3.263899572171823,2.0122207340581184
1439100,Vk6Ir3hBspHY/ypz/UGauDFZ2jdm88wT5e8AkhsWFpxNFkV/FORfW7XC+sp8hhHd,1.2665216405206206,2.0911108093311634,1.6204973495067894
1439400,Vk6Ir3hBspHY/ypz/UGauDFZ2jdm88wT5e8AkhsWFpxNFkV/FORfW7XC+sp8hhHd,1.3539276968901013,3.089433752553017,1.6994632318433849
1439700,Vk6Ir3hBspHY/ypz/UGauDFZ2jdm88wT5e8AkhsWFpxNFkV/FORfW7XC+sp8hhHd,1.2406981752718456,1.8186503741661852,1.5864464247194805
1440000,Vk6Ir3hBspHY/ypz/UGauDFZ2jdm88wT5e8AkhsWFpxNFkV/FORfW7XC+sp8hhHd,1.2359765665104174,3.1252671624348136,1.6327508692519364
1440300,Vk6Ir3hBspHY/ypz/UGauDFZ2jdm88wT5e8AkhsWFpxNFkV/FORfW7XC+sp8hhHd,1.3398004483242207,2.0509169435979224,1.6105792728515147
1440600,Vk6Ir3hBspHY/ypz/UGauDFZ2jdm88wT5e8AkhsWFpxNFkV/FORfW7XC+sp8hhHd,1.3650582181234605,3.2133749117642143,1.6785497309894917
1440900,Vk6Ir3hBspHY/ypz/UGauDFZ2jdm88wT5e8AkhsWFpxNFkV/FORfW7XC+sp8hhHd,1.2699731587159924,1.8412385713807025,1.5449963474468902
1441200,Vk6Ir3hBspHY/ypz/UGauDFZ2jdm88wT5e8AkhsWFpxNFkV/FORfW7XC+sp8hhHd,1.2142347184519584,2.7560784177197277,1.710681448670455
1441500,Vk6Ir3hBspHY/ypz/UGauDFZ2jdm88wT5e8AkhsWFpxNFkV/FORfW7XC+sp8hhHd,1.3154401609305284,1.9130414747797548,1.5937461676460212
1441800,Vk6Ir3hBspHY/ypz/UGauDFZ2jdm88wT5e8AkhsWFpxNFkV/FORfW7XC+sp8hhHd,1.298605294459422,2.791510408188019,1.673323426161877
1442100,Vk6Ir3hBspHY/ypz/UGauDFZ2jdm88wT5e8AkhsWFpxNFkV/FORfW7XC+sp8hhHd,1.2742781473733582,6.3254635844772205,2.146577513689024
1442400,Vk6Ir3hBspHY/ypz/UGauDFZ2jdm88wT5e8AkhsWFpxNFkV/FORfW7XC+sp8hhHd,1.1667837455738477,6.4645528531277785,2.9586590229752816
1442700,Vk6Ir3hBspHY/ypz/UGauDFZ2jdm88wT5e8AkhsWFpxNFkV/FORfW7XC+sp8hhHd,1.358396882525619,12.918186494524443,3.095169507464073
1443000,Vk6Ir3hBspHY/ypz/UGauDFZ2jdm88wT5e8AkhsWFpxNFkV/FORfW7XC+sp8hhHd,1.32129221061429,8.7533301289034,2.3743554833698086
1443300,Vk6Ir3hBspHY/ypz/UGauDFZ2jdm88wT5e8AkhsWFpxNFkV/FORfW7XC+sp8hhHd,1.3549428515824522,20.50659908010588,3.5602305343799774
1443600,Vk6Ir3hBspHY/ypz/UGauDFZ2jdm88wT5e8AkhsWFpxNFkV/FORfW7XC+sp8hhHd,1.2437171457530856,2.5393176970195137,1.6306366984091174
1443900,Vk6Ir3hBspHY/ypz/UGauDFZ2jdm88wT5e8AkhsWFpxNFkV/FORfW7XC+sp8hhHd,1.3431087515510107,38.50339209641703,5.974508169536535
1444200,Vk6Ir3hBspHY/ypz/UGauDFZ2jdm88wT5e8AkhsWFpxNFkV/FORfW7XC+sp8hhHd,1.3483719661427298,2.976555837978611,1.836860055074875
1444500,Vk6Ir3hBspHY/ypz/UGauDFZ2jdm88wT5e8AkhsWFpxNFkV/FORfW7XC+sp8hhHd,1.3961456161966932,2.390019620649606,1.732864779466286
1444800,Vk6Ir3hBspHY/ypz/UGauDFZ2jdm88wT5e8AkhsWFpxNFkV/FORfW7XC+sp8hhHd,1.3300061067273492,3.2835579661040035,1.7630818248343665
1445100,Vk6Ir3hBspHY/ypz/UGauDFZ2jdm88wT5e8AkhsWFpxNFkV/FORfW7XC+sp8hhHd,1.3813482581426018,2.30592145263759,1.7221188308525106
1445400,Vk6Ir3hBspHY/ypz/UGauDFZ2jdm88wT5e8AkhsWFpxNFkV/FORfW7XC+sp8hhHd,1.219543746603514,3.1306474536219207,1.6864594699400377
1445700,Vk6Ir3hBspHY/ypz/UGauDFZ2jdm88wT5e8AkhsWFpxNFkV/FORfW7XC+sp8hhHd,1.147312583163107,9.635225484206952,2.806349842825477
1446000,Vk6Ir3hBspHY/ypz/UGauDFZ2jdm88wT5e8AkhsWFpxNFkV/FORfW7XC+sp8hhHd,1.4249321954085454,7.793935942718433,3.7291946418672017
1446300,Vk6Ir3hBspHY/ypz/UGauDFZ2jdm88wT5e8AkhsWFpxNFkV/FORfW7XC+sp8hhHd,1.3964545523874694,2.067950522449956,1.670600542625715
1446600,Vk6Ir3hBspHY/ypz/UGauDFZ2jdm88wT5e8AkhsWFpxNFkV/FORfW7XC+sp8hhHd,1.2062936862441442,2.848351957374043,1.6817416866050787
1446900,Vk6Ir3hBspHY/ypz/UGauDFZ2jdm88wT5e8AkhsWFpxNFkV/FORfW7XC+sp8hhHd,1.3016408095153813,2.3647101588503583,1.6164597565115175
1447200,Vk6Ir3hBspHY/ypz/UGauDFZ2jdm88wT5e8AkhsWFpxNFkV/FORfW7XC+sp8hhHd,1.231289255754768,3.170216575950358,1.6278571130600776
1447500,Vk6Ir3hBspHY/ypz/UGauDFZ2jdm88wT5e8AkhsWFpxNFkV/FORfW7XC+sp8hhHd,1.2660875445612194,1.9211555184252451,1.538986000327486
1447800,Vk6Ir3hBspHY/ypz/UGauDFZ2jdm88wT5e8AkhsWFpxNFkV/FORfW7XC+sp8hhHd,1.2553106715699207,3.1583712069236185,1.6608823440858984
1448100,Vk6Ir3hBspHY/ypz/UGauDFZ2jdm88wT5e8AkhsWFpxNFkV/FORfW7XC+sp8hhHd,1.2920982272293544,2.167155136843137,1.5958755713341288
1448400,Vk6Ir3hBspHY/ypz/UGauDFZ2jdm88wT5e8AkhsWFpxNFkV/FORfW7XC+sp8hhHd,1.222096107084356,2.914293087697943,1.643131390888958
1448700,Vk6Ir3hBspHY/ypz/UGauDFZ2jdm88wT5e8AkhsWFpxNFkV/FORfW7XC+sp8hhHd,1.3558151102955287,1.9146413558715047,1.5785095910179965
1449000,Vk6Ir3hBspHY/ypz/UGauDFZ2jdm88wT5e8AkhsWFpxNFkV/FORfW7XC+sp8hhHd,1.117479053032954,3.078057234624648,1.5942626797165007
1449300,Vk6Ir3hBspHY/ypz/UGauDFZ2jdm88wT5e8AkhsWFpxNFkV/FORfW7XC+sp8hhHd,1.3537660264928757,2.6087501489114366,1.7106245729986345
1449600,Vk6Ir3hBspHY/ypz/UGauDFZ2jdm88wT5e8AkhsWFpxNFkV/FORfW7XC+sp8hhHd,1.314446189019782,7.51300184374625,3.033449434436367
1449900,Vk6Ir3hBspHY/ypz/UGauDFZ2jdm88wT5e8AkhsWFpxNFkV/FORfW7XC+sp8hhHd,1.344518504601692,4.33785491237537,1.8662209893507336
1450200,Vk6Ir3hBspHY/ypz/UGauDFZ2jdm88wT5e8AkhsWFpxNFkV/FORfW7XC+sp8hhHd,1.2700770294242263,3.089689855780082,1.6666592953147816
1450500,Vk6Ir3hBspHY/ypz/UGauDFZ2jdm88wT5e8AkhsWFpxNFkV/FORfW7XC+sp8hhHd,1.2434371703411913,8.359520367345443,2.187477188131388
1450800,Vk6Ir3hBspHY/ypz/UGauDFZ2jdm88wT5e8AkhsWFpxNFkV/FORfW7XC+sp8hhHd,31.26550701937845,42.83783362718564,35.47943124653324
1451100,Vk6Ir3hBspHY/ypz/UGauDFZ2jdm88wT5e8AkhsWFpxNFkV/FORfW7XC+sp8hhHd,31.228830484705348,41.73610878786623,35.67628133756534
1451400,Vk6Ir3hBspHY/ypz/UGauDFZ2jdm88wT5e8AkhsWFpxNFkV/FORfW7XC+sp8hhHd,32.56047982982426,43.58030346198488,37.105809269269706
1451700,Vk6Ir3hBspHY/ypz/UGauDFZ2jdm88wT5e8AkhsWFpxNFkV/FORfW7XC+sp8hhHd,2.136667127720944,98.63508019598935,39.98256502324906
1452000,Vk6Ir3hBspHY/ypz/UGauDFZ2jdm88wT5e8AkhsWFpxNFkV/FORfW7XC+sp8hhHd,1.5742611716682855,4.545210273951628,2.099435148270818
1452300,Vk6Ir3hBspHY/ypz/UGauDFZ2jdm88wT5e8AkhsWFpxNFkV/FORfW7XC+sp8hhHd,1.330815397679972,1.937741619467572,1.6836484250755963
1452600,Vk6Ir3hBspHY/ypz/UGauDFZ2jdm88wT5e8AkhsWFpxNFkV/FORfW7XC+sp8hhHd,1.3104498052000446,3.130698545327811,1.6842924098930856
1452900,Vk6Ir3hBspHY/ypz/UGauDFZ2jdm88wT5e8AkhsWFpxNFkV/FORfW7XC+sp8hhHd,1.5061755179911889,90.98280847735714,47.211340736525614
1453200,Vk6Ir3hBspHY/ypz/UGauDFZ2jdm88wT5e8AkhsWFpxNFkV/FORfW7XC+sp8hhHd,60.78239019748404,93.44261802961076,83.60860351844474
1453500,Vk6Ir3hBspHY/ypz/UGauDFZ2jdm88wT5e8AkhsWFpxNFkV/FORfW7XC+sp8hhHd,91.27457648074169,95.41158200499011,93.45071009458788
1453800,Vk6Ir3hBspHY/ypz/UGauDFZ2jdm88wT5e8AkhsWFpxNFkV/FORfW7XC+sp8hhHd,90.7551175485636,96.47139355932275,94.23229557871272
1454100,Vk6Ir3hBspHY/ypz/UGauDFZ2jdm88wT5e8AkhsWFpxNFkV/FORfW7XC+sp8hhHd,93.2648435633124,98.0649830826684,96.28064058023875
1454400,Vk6Ir3hBspHY/ypz/UGauDFZ2jdm88wT5e8AkhsWFpxNFkV/FORfW7XC+sp8hhHd,94.7846664876595,97.93865227506679,96.89708655971094
1454700,Vk6Ir3hBspHY/ypz/UGauDFZ2jdm88wT5e8AkhsWFpxNFkV/FORfW7XC+sp8hhHd,90.4932817128575,98.36854529884691,96.84166141892872
1455000,Vk6Ir3hBspHY/ypz/UGauDFZ2jdm88wT5e8AkhsWFpxNFkV/FORfW7XC+sp8hhHd,96.08460678488144,98.26782462745136,97.57947428547384
1455300,Vk6Ir3hBspHY/ypz/UGauDFZ2jdm88wT5e8AkhsWFpxNFkV/FORfW7XC+sp8hhHd,92.36216952819679,98.53861141270345,96.2114597293229
1455600,Vk6Ir3hBspHY/ypz/UGauDFZ2jdm88wT5e8AkhsWFpxNFkV/FORfW7XC+sp8hhHd,93.51796596452792,98.43819060425724,97.14649652960333
1455900,Vk6Ir3hBspHY/ypz/UGauDFZ2jdm88wT5e8AkhsWFpxNFkV/FORfW7XC+sp8hhHd,94.92966637736829,97.99602087203789,96.80907749656545
1456200,Vk6Ir3hBspHY/ypz/UGauDFZ2jdm88wT5e8AkhsWFpxNFkV/FORfW7XC+sp8hhHd,1.5480314506964652,96.48921745990312,19.644894903717535
1456500,Vk6Ir3hBspHY/ypz/UGauDFZ2jdm88wT5e8AkhsWFpxNFkV/FORfW7XC+sp8hhHd,1.2706681157957629,69.32716492910829,14.798391042501304
1456800,Vk6Ir3hBspHY/ypz/UGauDFZ2jdm88wT5e8AkhsWFpxNFkV/FORfW7XC+sp8hhHd,1.514058000757044,9.095898062051466,2.6659027170387084
1457100,Vk6Ir3hBspHY/ypz/UGauDFZ2jdm88wT5e8AkhsWFpxNFkV/FORfW7XC+sp8hhHd,1.5883720577285434,6.956763175071252,3.0320902702291104
1457400,Vk6Ir3hBspHY/ypz/UGauDFZ2jdm88wT5e8AkhsWFpxNFkV/FORfW7XC+sp8hhHd,1.2610174686578215,4.635431564944176,1.8006834064789987
1457700,Vk6Ir3hBspHY/ypz/UGauDFZ2jdm88wT5e8AkhsWFpxNFkV/FORfW7XC+sp8hhHd,1.3182029929218202,2.941802984537802,1.8330075419303848
1458000,Vk6Ir3hBspHY/ypz/UGauDFZ2jdm88wT5e8AkhsWFpxNFkV/FORfW7XC+sp8hhHd,1.4160183009500895,41.63864982364596,22.10479889897399
1458300,Vk6Ir3hBspHY/ypz/UGauDFZ2jdm88wT5e8AkhsWFpxNFkV/FORfW7XC+sp8hhHd,33.981942848039644,40.09058206168732,36.73018666504424
1458600,Vk6Ir3hBspHY/ypz/UGauDFZ2jdm88wT5e8AkhsWFpxNFkV/FORfW7XC+sp8hhHd,34.331939462628625,46.71752388647952,38.839839365357015
1458900,Vk6Ir3hBspHY/ypz/UGauDFZ2jdm88wT5e8AkhsWFpxNFkV/FORfW7XC+sp8hhHd,1.480399949226776,98.61838016671395,34.302652611614185
1459200,Vk6Ir3hBspHY/ypz/UGauDFZ2jdm88wT5e8AkhsWFpxNFkV/FORfW7XC+sp8hhHd,1.5219755420950956,5.955598134152475,2.074115145745174
1459500,Vk6Ir3hBspHY/ypz/UGauDFZ2jdm88wT5e8AkhsWFpxNFkV/FORfW7XC+sp8hhHd,1.393003197054527,3.14186308768443,1.796527992116464
1459800,Vk6Ir3hBspHY/ypz/UGauDFZ2jdm88wT5e8AkhsWFpxNFkV/FORfW7XC+sp8hhHd,1.311974524110333,2.025150778243596,1.5801512928254755
1460100,Vk6Ir3hBspHY/ypz/UGauDFZ2jdm88wT5e8AkhsWFpxNFkV/FORfW7XC+sp8hhHd,1.3813190144824703,3.1636809576568887,1.9173742753416048
1460400,Vk6Ir3hBspHY/ypz/UGauDFZ2jdm88wT5e8AkhsWFpxNFkV/FORfW7XC+sp8hhHd,1.406747634632976,2.019308338132619,1.6403516692879567
1460700,Vk6Ir3hBspHY/ypz/UGauDFZ2jdm88wT5e8AkhsWFpxNFkV/FORfW7XC+sp8hhHd,1.3691786663254124,2.928524712685745,1.7339788178747084
1461000,Vk6Ir3hBspHY/ypz/UGauDFZ2jdm88wT5e8AkhsWFpxNFkV/FORfW7XC+sp8hhHd,1.2958374215119133,6.784617436019113,3.071913368781019
1461300,Vk6Ir3hBspHY/ypz/UGauDFZ2jdm88wT5e8AkhsWFpxNFkV/FORfW7XC+sp8hhHd,1.3915884888158685,3.0131700572896407,1.814667793567992
1461600,Vk6Ir3hBspHY/ypz/UGauDFZ2jdm88wT5e8AkhsWFpxNFkV/FORfW7XC+sp8hhHd,1.309585522122365,1.8896288960550036,1.5577485648836429
1461900,Vk6Ir3hBspHY/ypz/UGauDFZ2jdm88wT5e8AkhsWFpxNFkV/FORfW7XC+sp8hhHd,1.379432385081944,3.3160074224177976,1.7127894364276284
1462200,Vk6Ir3hBspHY/ypz/UGauDFZ2jdm88wT5e8AkhsWFpxNFkV/FORfW7XC+sp8hhHd,1.3321456326744867,4.300571516033301,1.7202647763175034
1462500,Vk6Ir3hBspHY/ypz/UGauDFZ2jdm88wT5e8AkhsWFpxNFkV/FORfW7XC+sp8hhHd,1.3411459187326549,2.8789733536520004,1.758625454642156
1462800,Vk6Ir3hBspHY/ypz/UGauDFZ2jdm88wT5e8AkhsWFpxNFkV/FORfW7XC+sp8hhHd,1.296513224622713,1.8082853722298808,1.567019695930723
1463100,Vk6Ir3hBspHY/ypz/UGauDFZ2jdm88wT5e8AkhsWFpxNFkV/FORfW7XC+sp8hhHd,1.3701376964869485,3.184963752808784,1.7914200172804973
1463400,Vk6Ir3hBspHY/ypz/UGauDFZ2jdm88wT5e8AkhsWFpxNFkV/FORfW7XC+sp8hhHd,1.291581042239653,1.8726213356720225,1.5678974347204475
1463700,Vk6Ir3hBspHY/ypz/UGauDFZ2jdm88wT5e8AkhsWFpxNFkV/FORfW7XC+sp8hhHd,1.325397498861807,3.0148559525911938,1.890243387048132
1464000,Vk6Ir3hBspHY/ypz/UGauDFZ2jdm88wT5e8AkhsWFpxNFkV/FORfW7XC+sp8hhHd,1.399243803964498,2.0092823763990286,1.61989679541039
1464300,Vk6Ir3hBspHY/ypz/UGauDFZ2jdm88wT5e8AkhsWFpxNFkV/FORfW7XC+sp8hhHd,1.3178225341932246,2.905580999183264,1.7318501093649068
1464600,Vk6Ir3hBspHY/ypz/UGauDFZ2jdm88wT5e8AkhsWFpxNFkV/FORfW7XC+sp8hhHd,1.385371847985515,6.650696857472783,3.5946297511154635
1464900,Vk6Ir3hBspHY/ypz/UGauDFZ2jdm88wT5e8AkhsWFpxNFkV/FORfW7XC+sp8hhHd,1.492147416423808,6.63374616294013,2.605588256541464
1465200,Vk6Ir3hBspHY/ypz/UGauDFZ2jdm88wT5e8AkhsWFpxNFkV/FORfW7XC+sp8hhHd,3.1364103523271742,81.33527929665075,50.741018907744326
1465500,Vk6Ir3hBspHY/ypz/UGauDFZ2jdm88wT5e8AkhsWFpxNFkV/FORfW7XC+sp8hhHd,1.4950850291349032,54.14369016662499,9.570051907034106
1465800,Vk6Ir3hBspHY/ypz/UGauDFZ2jdm88wT5e8AkhsWFpxNFkV/FORfW7XC+sp8hhHd,1.4516398980763483,2.3332025995,1.790720778997038
1466100,Vk6Ir3hBspHY/ypz/UGauDFZ2jdm88wT5e8AkhsWFpxNFkV/FORfW7XC+sp8hhHd,1.3189911661158678,2.748355379623588,1.7502270995308962
1466400,Vk6Ir3hBspHY/ypz/UGauDFZ2jdm88wT5e8AkhsWFpxNFkV/FORfW7XC+sp8hhHd,1.4055461846472586,1.7506897468653415,1.5671651059420066
1466700,Vk6Ir3hBspHY/ypz/UGauDFZ2jdm88wT5e8AkhsWFpxNFkV/FORfW7XC+sp8hhHd,1.400384781784786,3.1644926998341782,1.7656151438373593
1467000,Vk6Ir3hBspHY/ypz/UGauDFZ2jdm88wT5e8AkhsWFpxNFkV/FORfW7XC+sp8hhHd,1.2624793346057943,1.8090565975599369,1.5420675022163028
1467300,Vk6Ir3hBspHY/ypz/UGauDFZ2jdm88wT5e8AkhsWFpxNFkV/FORfW7XC+sp8hhHd,1.3390238494177569,14.206854652564264,3.100813556548479
1467600,Vk6Ir3hBspHY/ypz/UGauDFZ2jdm88wT5e8AkhsWFpxNFkV/FORfW7XC+sp8hhHd,1.4725598160680478,15.482377784972218,4.986175325459973
1467900,Vk6Ir3hBspHY/ypz/UGauDFZ2jdm88wT5e8AkhsWFpxNFkV/FORfW7XC+sp8hhHd,1.5103586510998923,3.2946832299813527,1.901286616389405
1468200,Vk6Ir3hBspHY/ypz/UGauDFZ2jdm88wT5e8AkhsWFpxNFkV/FORfW7XC+sp8hhHd,1.3712680773880952,1.7769485453341087,1.5302575942179806
1468500,Vk6Ir3hBspHY/ypz/UGauDFZ2jdm88wT5e8AkhsWFpxNFkV/FORfW7XC+sp8hhHd,1.3907819919352484,91.71983101962935,23.25866492310713
1468800,Vk6Ir3hBspHY/ypz/UGauDFZ2jdm88wT5e8AkhsWFpxNFkV/FORfW7XC+sp8hhHd,1.6541855889871624,93.27648576607292,42.11681713264758
1469100,Vk6Ir3hBspHY/ypz/UGauDFZ2jdm88wT5e8AkhsWFpxNFkV/FORfW7XC+sp8hhHd,1.3372042474076071,3.0100371992950805,1.9730920245401953
1469400,Vk6Ir3hBspHY/ypz/UGauDFZ2jdm88wT5e8AkhsWFpxNFkV/FORfW7XC+sp8hhHd,1.4641501617729693,43.84562251725228,11.062676443405053
1469700,Vk6Ir3hBspHY/ypz/UGauDFZ2jdm88wT5e8AkhsWFpxNFkV/FORfW7XC+sp8hhHd,1.4132555718758972,8.173260161325533,2.330756062627923
1470000,Vk6Ir3hBspHY/ypz/UGauDFZ2jdm88wT5e8AkhsWFpxNFkV/FORfW7XC+sp8hhHd,1.3783666937663366,1.7977828823659423,1.5388970400274036
1470300,Vk6Ir3hBspHY/ypz/UGauDFZ2jdm88wT5e8AkhsWFpxNFkV/FORfW7XC+sp8hhHd,1.2826689713217223,3.2561815037334907,1.7476706864141611
1470600,Vk6Ir3hBspHY/ypz/UGauDFZ2jdm88wT5e8AkhsWFpxNFkV/FORfW7XC+sp8hhHd,1.3530117789351634,1.7496012248677142,1.5540667249175717
1470900,Vk6Ir3hBspHY/ypz/UGauDFZ2jdm88wT5e8AkhsWFpxNFkV/FORfW7XC+sp8hhHd,1.325016788700383,3.0188916561936727,1.8144519187133143
1471200,Vk6Ir3hBspHY/ypz/UGauDFZ2jdm88wT5e8AkhsWFpxNFkV/FORfW7XC+sp8hhHd,1.4276018944858315,12.453873898143042,3.9817593132387055
1471500,Vk6Ir3hBspHY/ypz/UGauDFZ2jdm88wT5e8AkhsWFpxNFkV/FORfW7XC+sp8hhHd,1.329171766050462,3.3277011262302456,1.9605231858406136
1471800,Vk6Ir3hBspHY/ypz/UGauDFZ2jdm88wT5e8AkhsWFpxNFkV/FORfW7XC+sp8hhHd,1.3070332524687267,59.897059312396415,28.946765216245534
1472100,Vk6Ir3hBspHY/ypz/UGauDFZ2jdm88wT5e8AkhsWFpxNFkV/FORfW7XC+sp8hhHd,43.98426396483311,56.633418883526346,50.80514243735246
1472400,Vk6Ir3hBspHY/ypz/UGauDFZ2jdm88wT5e8AkhsWFpxNFkV/FORfW7XC+sp8hhHd,44.41195183594457,54.12377533979661,49.8897632233174
1472700,Vk6Ir3hBspHY/ypz/UGauDFZ2jdm88wT5e8AkhsWFpxNFkV/FORfW7XC+sp8hhHd,44.97387819752578,63.4437036003449,52.7766050971474
1473000,Vk6Ir3hBspHY/ypz/UGauDFZ2jdm88wT5e8AkhsWFpxNFkV/FORfW7XC+sp8hhHd,44.35063503972528,54.48845221530328,49.53513173967595
1473300,Vk6Ir3hBspHY/ypz/UGauDFZ2jdm88wT5e8AkhsWFpxNFkV/FORfW7XC+sp8hhHd,43.613758206257934,53.61775651561862,48.98071061410201
1473600,Vk6Ir3hBspHY/ypz/UGauDFZ2jdm88wT5e8AkhsWFpxNFkV/FORfW7XC+sp8hhHd,44.63580599490268,54.74746922779544,49.758099482082336
1473900,Vk6Ir3hBspHY/ypz/UGauDFZ2jdm88wT5e8AkhsWFpxNFkV/FORfW7XC+sp8hhHd,11.910112977032428,57.560269103528576,46.68410142306387
1474200,Vk6Ir3hBspHY/ypz/UGauDFZ2jdm88wT5e8AkhsWFpxNFkV/FORfW7XC+sp8hhHd,1.4694806263504527,57.158879076113735,9.31110917202498
1474500,Vk6Ir3hBspHY/ypz/UGauDFZ2jdm88wT5e8AkhsWFpxNFkV/FORfW7XC+sp8hhHd,1.2334512764533052,71.21494182911371,15.485421942286072
1474800,Vk6Ir3hBspHY/ypz/UGauDFZ2jdm88wT5e8AkhsWFpxNFkV/FORfW7XC+sp8hhHd,52.70792222897049,97.11377734963021,77.68003639110691
1475100,Vk6Ir3hBspHY/ypz/UGauDFZ2jdm88wT5e8AkhsWFpxNFkV/FORfW7XC+sp8hhHd,1.657824659494838,97.22716467652616,42.61689987370591
1475400,Vk6Ir3hBspHY/ypz/UGauDFZ2jdm88wT5e8AkhsWFpxNFkV/FORfW7XC+sp8hhHd,1.3153025041716309,3.3660413921758865,1.6425753183280731
1475700,Vk6Ir3hBspHY/ypz/UGauDFZ2jdm88wT5e8AkhsWFpxNFkV/FORfW7XC+sp8hhHd,1.4530151413723194,60.315589809366365,11.507263066134916
1476000,Vk6Ir3hBspHY/ypz/UGauDFZ2jdm88wT5e8AkhsWFpxNFkV/FORfW7XC+sp8hhHd,1.4689422738190276,7.38531961958162,4.306070189393596
1476300,Vk6Ir3hBspHY/ypz/UGauDFZ2jdm88wT5e8AkhsWFpxNFkV/FORfW7XC+sp8hhHd,1.4322935064806668,75.83370603100614,37.89877147446303
1476600,Vk6Ir3hBspHY/ypz/UGauDFZ2jdm88wT5e8AkhsWFpxNFkV/FORfW7XC+sp8hhHd,1.4575364571854532,62.36176501075828,11.088341667064974
1476900,Vk6Ir3hBspHY/ypz/UGauDFZ2jdm88wT5e8AkhsWFpxNFkV/FORfW7XC+sp8hhHd,1.307563524664363,93.42412943363014,26.31729302390125
1477200,Vk6Ir3hBspHY/ypz/UGauDFZ2jdm88wT5e8AkhsWFpxNFkV/FORfW7XC+sp8hhHd,88.95637557594884,95.13719917268264,92.27382855010184
1477500,Vk6Ir3hBspHY/ypz/UGauDFZ2jdm88wT5e8AkhsWFpxNFkV/FORfW7XC+sp8hhHd,86.92796768414443,95.10810045681596,92.15845338350032
1477800,Vk6Ir3hBspHY/ypz/UGauDFZ2jdm88wT5e8AkhsWFpxNFkV/FORfW7XC+sp8hhHd,91.23722504869929,94.78703404277088,92.69074442689693
1478100,Vk6Ir3hBspHY/ypz/UGauDFZ2jdm88wT5e8AkhsWFpxNFkV/FORfW7XC+sp8hhHd,88.4896185775619,94.08978856139176,91.9736400652022
1478400,Vk6Ir3hBspHY/ypz/UGauDFZ2jdm88wT5e8AkhsWFpxNFkV/FORfW7XC+sp8hhHd,89.5143437164282,94.4476355416208,92.20919123527575
1478700,Vk6Ir3hBspHY/ypz/UGauDFZ2jdm88wT5e8AkhsWFpxNFkV/FORfW7XC+sp8hhHd,89.63446706508088,94.47474091724797,92.20753368043576
1479000,Vk6Ir3hBspHY/ypz/UGauDFZ2jdm88wT5e8AkhsWFpxNFkV/FORfW7XC+sp8hhHd,90.50845856068928,93.83073539524295,92.28787487136354
1479300,Vk6Ir3hBspHY/ypz/UGauDFZ2jdm88wT5e8AkhsWFpxNFkV/FORfW7XC+sp8hhHd,89.89317666808397,94.28637036209146,92.10299880796616
1479600,Vk6Ir3hBspHY/ypz/UGauDFZ2jdm88wT5e8AkhsWFpxNFkV/FORfW7XC+sp8hhHd,75.53705867757334,96.71111936447215,90.94421772733372
1479900,Vk6Ir3hBspHY/ypz/UGauDFZ2jdm88wT5e8AkhsWFpxNFkV/FORfW7XC+sp8hhHd,89.20665041354147,94.50554232669649,92.37018627935801
1480200,Vk6Ir3hBspHY/ypz/UGauDFZ2jdm88wT5e8AkhsWFpxNFkV/FORfW7XC+sp8hhHd,89.71581626965965,95.01666970277155,92.37178515081433
1480500,Vk6Ir3hBspHY/ypz/UGauDFZ2jdm88wT5e8AkhsWFpxNFkV/FORfW7XC+sp8hhHd,88.67760746448079,94.1751933131905,91.89180236962001
1480800,Vk6Ir3hBspHY/ypz/UGauDFZ2jdm88wT5e8AkhsWFpxNFkV/FORfW7XC+sp8hhHd,84.56922693950328,93.49528149435449,90.64553049760919
1481100,Vk6Ir3hBspHY/ypz/UGauDFZ2jdm88wT5e8AkhsWFpxNFkV/FORfW7XC+sp8hhHd,90.67106594633722,94.0123938763567,92.29540858619335
1481400,Vk6Ir3hBspHY/ypz/UGauDFZ2jdm88wT5e8AkhsWFpxNFkV/FORfW7XC+sp8hhHd,89.16142239732427,94.49615288346328,92.03782104095836
1481700,Vk6Ir3hBspHY/ypz/UGauDFZ2jdm88wT5e8AkhsWFpxNFkV/FORfW7XC+sp8hhHd,88.90580215103381,94.26817084077744,91.88988636210705
1482000,Vk6Ir3hBspHY/ypz/UGauDFZ2jdm88wT5e8AkhsWFpxNFkV/FORfW7XC+sp8hhHd,89.14698155297971,98.6896978802204,95.22963374112274
1482300,Vk6Ir3hBspHY/ypz/UGauDFZ2jdm88wT5e8AkhsWFpxNFkV/FORfW7XC+sp8hhHd,93.91483105532848,98.61074212937783,97.09383991150574
1482600,Vk6Ir3hBspHY/ypz/UGauDFZ2jdm88wT5e8AkhsWFpxNFkV/FORfW7XC+sp8hhHd,48.32218911056208,98.80578527349584,81.21382575352324
1482900,Vk6Ir3hBspHY/ypz/UGauDFZ2jdm88wT5e8AkhsWFpxNFkV/FORfW7XC+sp8hhHd,42.70027280040482,64.27703608448634,52.398763514173964
1483200,Vk6Ir3hBspHY/ypz/UGauDFZ2jdm88wT5e8AkhsWFpxNFkV/FORfW7XC+sp8hhHd,42.196616503202655,69.06780542161076,52.83915413994578
1483500,Vk6Ir3hBspHY/ypz/UGauDFZ2jdm88wT5e8AkhsWFpxNFkV/FORfW7XC+sp8hhHd,1.5325137186231228,64.58755927293204,17.88035851050562
1483800,Vk6Ir3hBspHY/ypz/UGauDFZ2jdm88wT5e8AkhsWFpxNFkV/FORfW7XC+sp8hhHd,1.383574499303989,16.023032213115425,3.665383739694504
1484100,Vk6Ir3hBspHY/ypz/UGauDFZ2jdm88wT5e8AkhsWFpxNFkV/FORfW7XC+sp8hhHd,6.395886942169525,13.589276255126796,8.662485071108105
1484400,Vk6Ir3hBspHY/ypz/UGauDFZ2jdm88wT5e8AkhsWFpxNFkV/FORfW7XC+sp8hhHd,6.980446393651984,11.608699789920191,9.444148891382746
1484700,Vk6Ir3hBspHY/ypz/UGauDFZ2jdm88wT5e8AkhsWFpxNFkV/FORfW7XC+sp8hhHd,6.721999490626105,11.496220785680263,8.962320648438762
1485000,Vk6Ir3hBspHY/ypz/UGauDFZ2jdm88wT5e8AkhsWFpxNFkV/FORfW7XC+sp8hhHd,6.553389975375736,67.14814188478205,15.549611855633982
1485300,Vk6Ir3hBspHY/ypz/UGauDFZ2jdm88wT5e8AkhsWFpxNFkV/FORfW7XC+sp8hhHd,1.2308507795401418,6.484338188844297,2.037298984934263
1485600,Vk6Ir3hBspHY/ypz/UGauDFZ2jdm88wT5e8AkhsWFpxNFkV/FORfW7XC+sp8hhHd,1.292921923193041,84.57019999236387,25.254900969305968
1485900,Vk6Ir3hBspHY/ypz/UGauDFZ2jdm88wT5e8AkhsWFpxNFkV/FORfW7XC+sp8hhHd,1.3472503208664717,22.83302638032623,3.650914152529263
1486200,Vk6Ir3hBspHY/ypz/UGauDFZ2jdm88wT5e8AkhsWFpxNFkV/FORfW7XC+sp8hhHd,1.1615017481435383,94.40722848504451,29.40146516727784
1486500,Vk6Ir3hBspHY/ypz/UGauDFZ2jdm88wT5e8AkhsWFpxNFkV/FORfW7XC+sp8hhHd,53.02594697366457,95.79612233644745,90.18862454097193
1486800,Vk6Ir3hBspHY/ypz/UGauDFZ2jdm88wT5e8AkhsWFpxNFkV/FORfW7XC+sp8hhHd,1.504940346131779,18.28511232760647,4.963056846109402
1487100,Vk6Ir3hBspHY/ypz/UGauDFZ2jdm88wT5e8AkhsWFpxNFkV/FORfW7XC+sp8hhHd,1.4049211659380458,7.164061053058403,3.5577930849165065
1487400,Vk6Ir3hBspHY/ypz/UGauDFZ2jdm88wT5e8AkhsWFpxNFkV/FORfW7XC+sp8hhHd,1.408948624439925,65.23059959484759,13.42457798792016
1487700,Vk6Ir3hBspHY/ypz/UGauDFZ2jdm88wT5e8AkhsWFpxNFkV/FORfW7XC+sp8hhHd,1.373519328303747,3.948725908435208,1.8520507754501132
1488000,Vk6Ir3hBspHY/ypz/UGauDFZ2jdm88wT5e8AkhsWFpxNFkV/FORfW7XC+sp8hhHd,1.4164675203970034,97.69311343109732,44.63617720467549
1488300,Vk6Ir3hBspHY/ypz/UGauDFZ2jdm88wT5e8AkhsWFpxNFkV/FORfW7XC+sp8hhHd,40.552737872591806,63.61182496001596,50.51653637254195
1488600,Vk6Ir3hBspHY/ypz/UGauDFZ2jdm88wT5e8AkhsWFpxNFkV/FORfW7XC+sp8hhHd,40.72352906020123,55.41633064284406,47.08794941838488
1488900,Vk6Ir3hBspHY/ypz/UGauDFZ2jdm88wT5e8AkhsWFpxNFkV/FORfW7XC+sp8hhHd,41.40623257105651,54.21308180408101,47.47797249225892
1489200,Vk6Ir3hBspHY/ypz/UGauDFZ2jdm88wT5e8AkhsWFpxNFkV/FORfW7XC+sp8hhHd,41.830751811252334,62.391644200620085,50.09895067767626
1489500,Vk6Ir3hBspHY/ypz/UGauDFZ2jdm88wT5e8AkhsWFpxNFkV/FORfW7XC+sp8hhHd,41.651334379584696,57.16509266108394,48.68782409849095
1489800,Vk6Ir3hBspHY/ypz/UGauDFZ2jdm88wT5e8AkhsWFpxNFkV/FORfW7XC+sp8hhHd,45.12306695416371,56.99684185162554,51.428561634572326
1490100,Vk6Ir3hBspHY/ypz/UGauDFZ2jdm88wT5e8AkhsWFpxNFkV/FORfW7XC+sp8hhHd,41.236264564350286,62.67639621066856,51.949410012228114
1490400,Vk6Ir3hBspHY/ypz/UGauDFZ2jdm88wT5e8AkhsWFpxNFkV/FORfW7XC+sp8hhHd,42.03850275599624,60.84566145817528,51.06884975318065
1490700,Vk6Ir3hBspHY/ypz/UGauDFZ2jdm88wT5e8AkhsWFpxNFkV/FORfW7XC+sp8hhHd,39.57603584845425,96.69272408726766,62.156397893995035
1491000,Vk6Ir3hBspHY/ypz/UGauDFZ2jdm88wT5e8AkhsWFpxNFkV/FORfW7XC+sp8hhHd,1.5235342681028012,56.02273594365133,19.6040811639018
1491300,Vk6Ir3hBspHY/ypz/UGauDFZ2jdm88wT5e8AkhsWFpxNFkV/FORfW7XC+sp8hhHd,1.3444939557675952,6.202487927817205,2.490185115835194
1491600,Vk6Ir3hBspHY/ypz/UGauDFZ2jdm88wT5e8AkhsWFpxNFkV/FORfW7XC+sp8hhHd,1.362046750457937,6.440832751457192,2.181284324315977
1491900,Vk6Ir3hBspHY/ypz/UGauDFZ2jdm88wT5e8AkhsWFpxNFkV/FORfW7XC+sp8hhHd,1.2662784192760212,2.9037018978031397,1.771964035554506
1492200,Vk6Ir3hBspHY/ypz/UGauDFZ2jdm88wT5e8AkhsWFpxNFkV/FORfW7XC+sp8hhHd,1.303921016589085,46.9978137467938,33.29828268427693
1492500,Vk6Ir3hBspHY/ypz/UGauDFZ2jdm88wT5e8AkhsWFpxNFkV/FORfW7XC+sp8hhHd,1.3756890448785744,39.157958912425066,5.98988585862992
1492800,Vk6Ir3hBspHY/ypz/UGauDFZ2jdm88wT5e8AkhsWFpxNFkV/FORfW7XC+sp8hhHd,1.3517702335513695,2.6973631934188647,1.7617338893908052
1493100,Vk6Ir3hBspHY/ypz/UGauDFZ2jdm88wT5e8AkhsWFpxNFkV/FORfW7XC+sp8hhHd,1.2593729702825616,72.48420111870594,36.2582557981851
1493400,Vk6Ir3hBspHY/ypz/UGauDFZ2jdm88wT5e8AkhsWFpxNFkV/FORfW7XC+sp8hhHd,60.141595491601045,70.92058860343981,65.7207222089124
1493700,Vk6Ir3hBspHY/ypz/UGauDFZ2jdm88wT5e8AkhsWFpxNFkV/FORfW7XC+sp8hhHd,58.83087655326854,73.79542398895153,65.590361798919
1494000,Vk6Ir3hBspHY/ypz/UGauDFZ2jdm88wT5e8AkhsWFpxNFkV/FORfW7XC+sp8hhHd,48.279910652283895,76.5609264204435,65.02490437618118
1494300,Vk6Ir3hBspHY/ypz/UGauDFZ2jdm88wT5e8AkhsWFpxNFkV/FORfW7XC+sp8hhHd,61.20655172610652,93.95268011277203,72.6089092398239
1494600,Vk6Ir3hBspHY/ypz/UGauDFZ2jdm88wT5e8AkhsWFpxNFkV/FORfW7XC+sp8hhHd,37.33616218384408,64.36600071064551,47.93228455394079
1494900,Vk6Ir3hBspHY/ypz/UGauDFZ2jdm88wT5e8AkhsWFpxNFkV/FORfW7XC+sp8hhHd,33.5222091544063,58.70197084810099,46.569206156369326
1495200,Vk6Ir3hBspHY/ypz/UGauDFZ2jdm88wT5e8AkhsWFpxNFkV/FORfW7XC+sp8hhHd,6.160734205414569,51.255957057254406,34.42088957772904
1495500,Vk6Ir3hBspHY/ypz/UGauDFZ2jdm88wT5e8AkhsWFpxNFkV/FORfW7XC+sp8hhHd,1.5261679258248075,19.10849145510436,4.443085136163452
1495800,Vk6Ir3hBspHY/ypz/UGauDFZ2jdm88wT5e8AkhsWFpxNFkV/FORfW7XC+sp8hhHd,1.24246749284475,38.44792028413493,9.336327675769613
1496100,Vk6Ir3hBspHY/ypz/UGauDFZ2jdm88wT5e8AkhsWFpxNFkV/FORfW7XC+sp8hhHd,33.08310733486386,44.22320006020231,37.48584413753876
1496400,Vk6Ir3hBspHY/ypz/UGauDFZ2jdm88wT5e8AkhsWFpxNFkV/FORfW7XC+sp8hhHd,34.57281026367399,48.043400425990455,38.664012155035046
1496700,Vk6Ir3hBspHY/ypz/UGauDFZ2jdm88wT5e8AkhsWFpxNFkV/FORfW7XC+sp8hhHd,32.405983044104445,42.7795190038892,36.85074933566951
1497000,Vk6Ir3hBspHY/ypz/UGauDFZ2jdm88wT5e8AkhsWFpxNFkV/FORfW7XC+sp8hhHd,1.3446141397891804,41.636300770723885,14.523436584188955
1497300,Vk6Ir3hBspHY/ypz/UGauDFZ2jdm88wT5e8AkhsWFpxNFkV/FORfW7XC+sp8hhHd,1.179390744963552,3.630079391862559,1.8655217896389769
1497600,Vk6Ir3hBspHY/ypz/UGauDFZ2jdm88wT5e8AkhsWFpxNFkV/FORfW7XC+sp8hhHd,3.1396646376570025,94.30307837232364,70.14057888684131
1497900,Vk6Ir3hBspHY/ypz/UGauDFZ2jdm88wT5e8AkhsWFpxNFkV/FORfW7XC+sp8hhHd,74.39542986532707,90.5339095629676,81.12315922024646
1498200,Vk6Ir3hBspHY/ypz/UGauDFZ2jdm88wT5e8AkhsWFpxNFkV/FORfW7XC+sp8hhHd,76.83286469116057,86.19330831629993,81.97925312379871
1498500,Vk6Ir3hBspHY/ypz/UGauDFZ2jdm88wT5e8AkhsWFpxNFkV/FORfW7XC+sp8hhHd,65.78156322472258,98.36438167680564,88.75860790813756
1498800,Vk6Ir3hBspHY/ypz/UGauDFZ2jdm88wT5e8AkhsWFpxNFkV/FORfW7XC+sp8hhHd,1.4186222812163645,90.98693590172024,24.949176942017534
1499100,Vk6Ir3hBspHY/ypz/UGauDFZ2jdm88wT5e8AkhsWFpxNFkV/FORfW7XC+sp8hhHd,1.576931666849826,47.39343627834678,10.31497244994548
1499400,Vk6Ir3hBspHY/ypz/UGauDFZ2jdm88wT5e8AkhsWFpxNFkV/FORfW7XC+sp8hhHd,1.5051396447297236,88.20087340404578,52.65567866788616
1499700,Vk6Ir3hBspHY/ypz/UGauDFZ2jdm88wT5e8AkhsWFpxNFkV/FORfW7XC+sp8hhHd,2.5627657898713654,90.28357731471824,49.60802180419879
1500000,Vk6Ir3hBspHY/ypz/UGauDFZ2jdm88wT5e8AkhsWFpxNFkV/FORfW7XC+sp8hhHd,1.2911279133283649,8.17083513427323,2.909171899786557
1500300,Vk6Ir3hBspHY/ypz/UGauDFZ2jdm88wT5e8AkhsWFpxNFkV/FORfW7XC+sp8hhHd,1.250444453344029,24.235477269988262,6.305336866811294
1500600,Vk6Ir3hBspHY/ypz/UGauDFZ2jdm88wT5e8AkhsWFpxNFkV/FORfW7XC+sp8hhHd,1.2592228746007093,4.6263136452765785,2.0234808170277256
1500900,Vk6Ir3hBspHY/ypz/UGauDFZ2jdm88wT5e8AkhsWFpxNFkV/FORfW7XC+sp8hhHd,1.2931685748620816,3.200443472877871,1.7974566641866054
1501200,Vk6Ir3hBspHY/ypz/UGauDFZ2jdm88wT5e8AkhsWFpxNFkV/FORfW7XC+sp8hhHd,1.1909278046062637,64.84273079227448,15.152145807872405
1501500,Vk6Ir3hBspHY/ypz/UGauDFZ2jdm88wT5e8AkhsWFpxNFkV/FORfW7XC+sp8hhHd,1.4322463571084587,47.978136591928575,6.494985304440757
1501800,Vk6Ir3hBspHY/ypz/UGauDFZ2jdm88wT5e8AkhsWFpxNFkV/FORfW7XC+sp8hhHd,1.2183552315266284,9.18956520107481,5.354035368734114
1502100,Vk6Ir3hBspHY/ypz/UGauDFZ2jdm88wT5e8AkhsWFpxNFkV/FORfW7XC+sp8hhHd,6.125054498143945,34.98141458967201,13.3880593321788
1502400,Vk6Ir3hBspHY/ypz/UGauDFZ2jdm88wT5e8AkhsWFpxNFkV/FORfW7XC+sp8hhHd,1.5673910403506073,10.99290328770648,3.4602338671582524
1502700,Vk6Ir3hBspHY/ypz/UGauDFZ2jdm88wT5e8AkhsWFpxNFkV/FORfW7XC+sp8hhHd,1.3656941436890218,28.77092788523613,7.071639630462861
1503000,Vk6Ir3hBspHY/ypz/UGauDFZ2jdm88wT5e8AkhsWFpxNFkV/FORfW7XC+sp8hhHd,1.3727837868186985,2.6798925043527277,1.8042924850427555
1503300,Vk6Ir3hBspHY/ypz/UGauDFZ2jdm88wT5e8AkhsWFpxNFkV/FORfW7XC+sp8hhHd,1.3743862738326054,4.845492734547685,2.0319992650788183
1503600,Vk6Ir3hBspHY/ypz/UGauDFZ2jdm88wT5e8AkhsWFpxNFkV/FORfW7XC+sp8hhHd,12.878783104708244,88.15030032833931,59.33708271796517
1503900,Vk6Ir3hBspHY/ypz/UGauDFZ2jdm88wT5e8AkhsWFpxNFkV/FORfW7XC+sp8hhHd,50.806624683117846,88.04388450006465,71.78983232574039
1504200,Vk6Ir3hBspHY/ypz/UGauDFZ2jdm88wT5e8AkhsWFpxNFkV/FORfW7XC+sp8hhHd,1.6438217502704655,87.2185133994423,43.127950630716015
1504500,Vk6Ir3hBspHY/ypz/UGauDFZ2jdm88wT5e8AkhsWFpxNFkV/FORfW7XC+sp8hhHd,1.3886172177531193,5.437510466441193,2.266304334177724
1504800,Vk6Ir3hBspHY/ypz/UGauDFZ2jdm88wT5e8AkhsWFpxNFkV/FORfW7XC+sp8hhHd,1.3934977427248945,9.888004930809704,6.184398339880242
1505100,Vk6Ir3hBspHY/ypz/UGauDFZ2jdm88wT5e8AkhsWFpxNFkV/FORfW7XC+sp8hhHd,6.90886602086796,10.36973468531544,8.170841371668711
1505400,Vk6Ir3hBspHY/ypz/UGauDFZ2jdm88wT5e8AkhsWFpxNFkV/FORfW7XC+sp8hhHd,6.2101132469169755,56.87956169901268,14.741942004048802
1505700,Vk6Ir3hBspHY/ypz/UGauDFZ2jdm88wT5e8AkhsWFpxNFkV/FORfW7XC+sp8hhHd,1.4116712324246887,7.73903424638508,3.5004502908794346
1506000,Vk6Ir3hBspHY/ypz/UGauDFZ2jdm88wT5e8AkhsWFpxNFkV/FORfW7XC+sp8hhHd,1.255780016457174,1.949066996488492,1.5586419415678996
1506300,Vk6Ir3hBspHY/ypz/UGauDFZ2jdm88wT5e8AkhsWFpxNFkV/FORfW7XC+sp8hhHd,1.1776176906492053,2.906828753593819,1.6919118705731726
1506600,Vk6Ir3hBspHY/ypz/UGauDFZ2jdm88wT5e8AkhsWFpxNFkV/FORfW7XC+sp8hhHd,1.080776485022777,30.245504663051637,4.429098808403716
1506900,Vk6Ir3hBspHY/ypz/UGauDFZ2jdm88wT5e8AkhsWFpxNFkV/FORfW7XC+sp8hhHd,32.13344380330799,46.58627130657349,37.84328968465853
1507200,Vk6Ir3hBspHY/ypz/UGauDFZ2jdm88wT5e8AkhsWFpxNFkV/FORfW7XC+sp8hhHd,30.63398913853726,39.01689586887522,34.332951191898424
1507500,Vk6Ir3hBspHY/ypz/UGauDFZ2jdm88wT5e8AkhsWFpxNFkV/FORfW7XC+sp8hhHd,32.72557479683211,53.35877417945228,45.27555161896363
1507800,Vk6Ir3hBspHY/ypz/UGauDFZ2jdm88wT5e8AkhsWFpxNFkV/FORfW7XC+sp8hhHd,1.312385467518256,53.10530854892816,8.521985255677455
1508100,Vk6Ir3hBspHY/ypz/UGauDFZ2jdm88wT5e8AkhsWFpxNFkV/FORfW7XC+sp8hhHd,1.3610719379432137,2.8567023966061638,1.8237977586125185
1508400,Vk6Ir3hBspHY/ypz/UGauDFZ2jdm88wT5e8AkhsWFpxNFkV/FORfW7XC+sp8hhHd,1.2405818017965418,1.8045343359566512,1.521468565874003
1508700,Vk6Ir3hBspHY/ypz/UGauDFZ2jdm88wT5e8AkhsWFpxNFkV/FORfW7XC+sp8hhHd,1.1981412407684116,2.926828342811272,1.669248442219733
1509000,Vk6Ir3hBspHY/ypz/UGauDFZ2jdm88wT5e8AkhsWFpxNFkV/FORfW7XC+sp8hhHd,1.29542125364079,2.005231326735488,1.6748550719543895
1509300,Vk6Ir3hBspHY/ypz/UGauDFZ2jdm88wT5e8AkhsWFpxNFkV/FORfW7XC+sp8hhHd,1.2043966988395314,8.39235312100188,2.204608539004126
1509600,Vk6Ir3hBspHY/ypz/UGauDFZ2jdm88wT5e8AkhsWFpxNFkV/FORfW7XC+sp8hhHd,1.2790151478027338,5.654950356673077,2.427141096189023
1509900,Vk6Ir3hBspHY/ypz/UGauDFZ2jdm88wT5e8AkhsWFpxNFkV/FORfW7XC+sp8hhHd,1.243944373460888,3.292152828503956,1.7040154389912157
1510200,Vk6Ir3hBspHY/ypz/UGauDFZ2jdm88wT5e8AkhsWFpxNFkV/FORfW7XC+sp8hhHd,1.2248015748345529,2.3021748614501463,1.622853474451185
1510500,Vk6Ir3hBspHY/ypz/UGauDFZ2jdm88wT5e8AkhsWFpxNFkV/FORfW7XC+sp8hhHd,1.2639854472768304,3.773159414692135,1.841511442949043
1510800,Vk6Ir3hBspHY/ypz/UGauDFZ2jdm88wT5e8AkhsWFpxNFkV/FORfW7XC+sp8hhHd,1.2612922832247098,2.1889138987347727,1.5878710211484706
1511100,Vk6Ir3hBspHY/ypz/UGauDFZ2jdm88wT5e8AkhsWFpxNFkV/FORfW7XC+sp8hhHd,1.287784627189291,3.3309162502407648,1.6790542908556123
1511400,Vk6Ir3hBspHY/ypz/UGauDFZ2jdm88wT5e8AkhsWFpxNFkV/FORfW7XC+sp8hhHd,1.274798426958478,2.159590664339503,1.6105589232523343
1511700,Vk6Ir3hBspHY/ypz/UGauDFZ2jdm88wT5e8AkhsWFpxNFkV/FORfW7XC+sp8hhHd,1.2859075528970076,3.349160472433,1.6928619889922576
1512000,Vk6Ir3hBspHY/ypz/UGauDFZ2jdm88wT5e8AkhsWFpxNFkV/FORfW7XC+sp8hhHd,1.2053827447555618,1.9166763702340457,1.5374012588592272
1512300,Vk6Ir3hBspHY/ypz/UGauDFZ2jdm88wT5e8AkhsWFpxNFkV/FORfW7XC+sp8hhHd,1.1512574243609308,3.52705367116523,1.6282857278077816
1512600,Vk6Ir3hBspHY/ypz/UGauDFZ2jdm88wT5e8AkhsWFpxNFkV/FORfW7XC+sp8hhHd,1.147470961430607,2.1205606718914285,1.6144986537866453
1512900,Vk6Ir3hBspHY/ypz/UGauDFZ2jdm88wT5e8AkhsWFpxNFkV/FORfW7XC+sp8hhHd,1.1745859032315027,3.404149257959596,1.6477438085596356
1513200,Vk6Ir3hBspHY/ypz/UGauDFZ2jdm88wT5e8AkhsWFpxNFkV/FORfW7XC+sp8hhHd,1.3490045126230297,6.163941858704977,2.9711454376787287
1513500,Vk6Ir3hBspHY/ypz/UGauDFZ2jdm88wT5e8AkhsWFpxNFkV/FORfW7XC+sp8hhHd,1.2445294209963764,3.2026376537934427,1.6837666917620848
1513800,Vk6Ir3hBspHY/ypz/UGauDFZ2jdm88wT5e8AkhsWFpxNFkV/FORfW7XC+sp8hhHd,1.2395165852694583,2.05857204155127,1.5748039893528791
1514100,Vk6Ir3hBspHY/ypz/UGauDFZ2jdm88wT5e8AkhsWFpxNFkV/FORfW7XC+sp8hhHd,1.2393245602478524,3.210695905200688,1.7584929109389424
1514400,Vk6Ir3hBspHY/ypz/UGauDFZ2jdm88wT5e8AkhsWFpxNFkV/FORfW7XC+sp8hhHd,1.2748226607955833,2.055492401499776,1.596081802316033
1514700,Vk6Ir3hBspHY/ypz/UGauDFZ2jdm88wT5e8AkhsWFpxNFkV/FORfW7XC+sp8hhHd,1.2583649080184167,3.1658745102429746,1.678243000797374
1515000,Vk6Ir3hBspHY/ypz/UGauDFZ2jdm88wT5e8AkhsWFpxNFkV/FORfW7XC+sp8hhHd,1.288489670278406,2.3124135336600995,1.6133429140604407
1515300,Vk6Ir3hBspHY/ypz/UGauDFZ2jdm88wT5e8AkhsWFpxNFkV/FORfW7XC+sp8hhHd,1.3413116055337293,3.616735083594992,1.723867502683712
1515600,Vk6Ir3hBspHY/ypz/UGauDFZ2jdm88wT5e8AkhsWFpxNFkV/FORfW7XC+sp8hhHd,1.2355313955299447,2.0983779375310623,1.5731627161107014
1515900,Vk6Ir3hBspHY/ypz/UGauDFZ2jdm88wT5e8AkhsWFpxNFkV/FORfW7XC+sp8hhHd,1.2776013431790207,2.859331614342751,1.6114770306013206
1516200,Vk6Ir3hBspHY/ypz/UGauDFZ2jdm88wT5e8AkhsWFpxNFkV/FORfW7XC+sp8hhHd,1.3621507388083631,2.212556569176556,1.70382194288331
1516500,Vk6Ir3hBspHY/ypz/UGauDFZ2jdm88wT5e8AkhsWFpxNFkV/FORfW7XC+sp8hhHd,1.2135606315929568,1.942774008695436,1.5190190264893229
1516800,Vk6Ir3hBspHY/ypz/UGauDFZ2jdm88wT5e8AkhsWFpxNFkV/FORfW7XC+sp8hhHd,1.2789960885180247,7.476497315260453,3.1526021269454625
1517100,Vk6Ir3hBspHY/ypz/UGauDFZ2jdm88wT5e8AkhsWFpxNFkV/FORfW7XC+sp8hhHd,1.2657596637310509,2.0491616863222046,1.6066075020250987
1517400,Vk6Ir3hBspHY/ypz/UGauDFZ2jdm88wT5e8AkhsWFpxNFkV/FORfW7XC+sp8hhHd,1.1876691944381297,2.8518191278929375,1.7107817614376497
1517700,Vk6Ir3hBspHY/ypz/UGauDFZ2jdm88wT5e8AkhsWFpxNFkV/FORfW7XC+sp8hhHd,1.3269014413765243,3.8375949144607486,1.7210967832827309
1518000,Vk6Ir3hBspHY/ypz/UGauDFZ2jdm88wT5e8AkhsWFpxNFkV/FORfW7XC+sp8hhHd,1.370140932305926,2.6613679270047426,1.7014733701628393
1518300,Vk6Ir3hBspHY/ypz/UGauDFZ2jdm88wT5e8AkhsWFpxNFkV/FORfW7XC+sp8hhHd,1.2914595297387867,1.9667657773977616,1.5800318936024762
1518600,Vk6Ir3hBspHY/ypz/UGauDFZ2jdm88wT5e8AkhsWFpxNFkV/FORfW7XC+sp8hhHd,1.230749198099793,3.2153041206201207,1.7188093703756149
1518900,Vk6Ir3hBspHY/ypz/UGauDFZ2jdm88wT5e8AkhsWFpxNFkV/FORfW7XC+sp8hhHd,1.125797009204808,1.9675189767487808,1.553911916991672
1519200,Vk6Ir3hBspHY/ypz/UGauDFZ2jdm88wT5e8AkhsWFpxNFkV/FORfW7XC+sp8hhHd,1.3516231824024572,3.09837619811453,1.6628608624483452
1519500,Vk6Ir3hBspHY/ypz/UGauDFZ2jdm88wT5e8AkhsWFpxNFkV/FORfW7XC+sp8hhHd,1.25931564568118,1.8529799103272977,1.5353262615172427
1519800,Vk6Ir3hBspHY/ypz/UGauDFZ2jdm88wT5e8AkhsWFpxNFkV/FORfW7XC+sp8hhHd,1.2582765030102805,3.1451197882220265,1.7660735509592562
1520100,Vk6Ir3hBspHY/ypz/UGauDFZ2jdm88wT5e8AkhsWFpxNFkV/FORfW7XC+sp8hhHd,1.2056432563526085,1.794774216817023,1.5202078444635243
1520400,Vk6Ir3hBspHY/ypz/UGauDFZ2jdm88wT5e8AkhsWFpxNFkV/FORfW7XC+sp8hhHd,1.2900731754936223,6.556397831731656,2.0885859266677214
1520700,Vk6Ir3hBspHY/ypz/UGauDFZ2jdm88wT5e8AkhsWFpxNFkV/FORfW7XC+sp8hhHd,1.3247042659053545,6.438248574599279,2.5691331761848377
1521000,Vk6Ir3hBspHY/ypz/UGauDFZ2jdm88wT5e8AkhsWFpxNFkV/FORfW7XC+sp8hhHd,1.3270501417211027,3.489752783881739,1.6759513149548924
1521300,Vk6Ir3hBspHY/ypz/UGauDFZ2jdm88wT5e8AkhsWFpxNFkV/FORfW7XC+sp8hhHd,1.258557808187703,3.1383343500502754,1.722263539046472
1521600,Vk6Ir3hBspHY/ypz/UGauDFZ2jdm88wT5e8AkhsWFpxNFkV/FORfW7XC+sp8hhHd,1.3806727540172723,3.3926675021631167,1.7177444052738944
1521900,Vk6Ir3hBspHY/ypz/UGauDFZ2jdm88wT5e8AkhsWFpxNFkV/FORfW7XC+sp8hhHd,1.401535607229507,1.7601914943544694,1.5851189510827752
1522200,Vk6Ir3hBspHY/ypz/UGauDFZ2jdm88wT5e8AkhsWFpxNFkV/FORfW7XC+sp8hhHd,1.3370347797095308,3.4908224888705535,1.7518254842308203
1522500,Vk6Ir3hBspHY/ypz/UGauDFZ2jdm88wT5e8AkhsWFpxNFkV/FORfW7XC+sp8hhHd,1.3507899798831915,2.042442071405057,1.6063149812431723
1522800,Vk6Ir3hBspHY/ypz/UGauDFZ2jdm88wT5e8AkhsWFpxNFkV/FORfW7XC+sp8hhHd,1.333149541961349,87.21212183919113,26.16110229628564
1523100,Vk6Ir3hBspHY/ypz/UGauDFZ2jdm88wT5e8AkhsWFpxNFkV/FORfW7XC+sp8hhHd,40.19175167550676,65.59559733182655,51.25454862733135
1523400,Vk6Ir3hBspHY/ypz/UGauDFZ2jdm88wT5e8AkhsWFpxNFkV/FORfW7XC+sp8hhHd,40.85588955109904,64.87057824107735,52.3940161893417
1523700,Vk6Ir3hBspHY/ypz/UGauDFZ2jdm88wT5e8AkhsWFpxNFkV/FORfW7XC+sp8hhHd,1.389154828376444,71.55710083618712,37.00537227783121
1524000,Vk6Ir3hBspHY/ypz/UGauDFZ2jdm88wT5e8AkhsWFpxNFkV/FORfW7XC+sp8hhHd,1.427880852117773,2.983230363300152,1.8363723142163049
1524300,Vk6Ir3hBspHY/ypz/UGauDFZ2jdm88wT5e8AkhsWFpxNFkV/FORfW7XC+sp8hhHd,1.3170716524736097,7.690351595911171,3.153662849236919
1524600,Vk6Ir3hBspHY/ypz/UGauDFZ2jdm88wT5e8AkhsWFpxNFkV/FORfW7XC+sp8hhHd,1.2896002136422884,3.2088672892158576,1.7459937233293157
1524900,Vk6Ir3hBspHY/ypz/UGauDFZ2jdm88wT5e8AkhsWFpxNFkV/FORfW7XC+sp8hhHd,1.2319370746947702,3.07488236137068,1.711757346129657
1525200,Vk6Ir3hBspHY/ypz/UGauDFZ2jdm88wT5e8AkhsWFpxNFkV/FORfW7XC+sp8hhHd,1.2762197113064393,2.9932084162574415,1.7226385773280393
1525500,Vk6Ir3hBspHY/ypz/UGauDFZ2jdm88wT5e8AkhsWFpxNFkV/FORfW7XC+sp8hhHd,1.1852354774512113,1.8619015222987163,1.5254406850719686
1525800,Vk6Ir3hBspHY/ypz/UGauDFZ2jdm88wT5e8AkhsWFpxNFkV/FORfW7XC+sp8hhHd,1.251530756292014,3.2429532640866974,1.6950996937954852
1526100,Vk6Ir3hBspHY/ypz/UGauDFZ2jdm88wT5e8AkhsWFpxNFkV/FORfW7XC+sp8hhHd,1.2755017913347626,1.9608854828158016,1.5640039979373686
1526400,Vk6Ir3hBspHY/ypz/UGauDFZ2jdm88wT5e8AkhsWFpxNFkV/FORfW7XC+sp8hhHd,1.3253609479951587,3.080148027056535,1.6817732770653735
1526700,Vk6Ir3hBspHY/ypz/UGauDFZ2jdm88wT5e8AkhsWFpxNFkV/FORfW7XC+sp8hhHd,1.3238710992545335,2.030206717006217,1.5678477899097358
1527000,Vk6Ir3hBspHY/ypz/UGauDFZ2jdm88wT5e8AkhsWFpxNFkV/FORfW7XC+sp8hhHd,1.378509838759194,3.1408427970944928,1.7972294050243125
1527300,Vk6Ir3hBspHY/ypz/UGauDFZ2jdm88wT5e8AkhsWFpxNFkV/FORfW7XC+sp8hhHd,1.318849905557999,1.7951748115521116,1.5419395691153102
1527600,Vk6Ir3hBspHY/ypz/UGauDFZ2jdm88wT5e8AkhsWFpxNFkV/FORfW7XC+sp8hhHd,1.2832944598573712,2.798131656147989,1.6575200412444342
1527900,Vk6Ir3hBspHY/ypz/UGauDFZ2jdm88wT5e8AkhsWFpxNFkV/FORfW7XC+sp8hhHd,1.472806759987186,6.581267334045552,3.098139153121587
1528200,Vk6Ir3hBspHY/ypz/UGauDFZ2jdm88wT5e8AkhsWFpxNFkV/FORfW7XC+sp8hhHd,1.3051050091399732,3.195193410356288,1.7317749576261587
1528500,Vk6Ir3hBspHY/ypz/UGauDFZ2jdm88wT5e8AkhsWFpxNFkV/FORfW7XC+sp8hhHd,1.358071517512092,2.77856847948065,1.7556778970204985
1528800,Vk6Ir3hBspHY/ypz/UGauDFZ2jdm88wT5e8AkhsWFpxNFkV/FORfW7XC+sp8hhHd,1.3177835151519066,3.118321972123189,1.827103206572866
1529100,Vk6Ir3hBspHY/ypz/UGauDFZ2jdm88wT5e8AkhsWFpxNFkV/FORfW7XC+sp8hhHd,1.2902836581705568,17.854933362852446,3.112236661963076
1529400,Vk6Ir3hBspHY/ypz/UGauDFZ2jdm88wT5e8AkhsWFpxNFkV/FORfW7XC+sp8hhHd,1.3197998287913744,8.171570696287981,2.37286677897843
1529700,Vk6Ir3hBspHY/ypz/UGauDFZ2jdm88wT5e8AkhsWFpxNFkV/FORfW7XC+sp8hhHd,1.37129899608336,11.449097383982066,3.571349257979
1530000,Vk6Ir3hBspHY/ypz/UGauDFZ2jdm88wT5e8AkhsWFpxNFkV/FORfW7XC+sp8hhHd,1.29253272818305,2.248134447470931,1.6344849299975783
1530300,Vk6Ir3hBspHY/ypz/UGauDFZ2jdm88wT5e8AkhsWFpxNFkV/FORfW7XC+sp8hhHd,1.3101458185958914,44.1533159651238,5.389426696813506
1530600,Vk6Ir3hBspHY/ypz/UGauDFZ2jdm88wT5e8AkhsWFpxNFkV/FORfW7XC+sp8hhHd,1.345168096734526,3.0721272664732258,1.9010427679334947
1530900,Vk6Ir3hBspHY/ypz/UGauDFZ2jdm88wT5e8AkhsWFpxNFkV/FORfW7XC+sp8hhHd,1.2518846626049365,2.6667767445757358,1.731624314002689
1531200,Vk6Ir3hBspHY/ypz/UGauDFZ2jdm88wT5e8AkhsWFpxNFkV/FORfW7XC+sp8hhHd,1.422633453598164,10.174227041429065,4.896987403525912
1531500,Vk6Ir3hBspHY/ypz/UGauDFZ2jdm88wT5e8AkhsWFpxNFkV/FORfW7XC+sp8hhHd,1.4426498741712577,4.677031496226114,2.007096685740993
1531800,Vk6Ir3hBspHY/ypz/UGauDFZ2jdm88wT5e8AkhsWFpxNFkV/FORfW7XC+sp8hhHd,1.2868929336882546,7.128097552999451,3.002411985373904
1532100,Vk6Ir3hBspHY/ypz/UGauDFZ2jdm88wT5e8AkhsWFpxNFkV/FORfW7XC+sp8hhHd,1.4243967952766736,9.472578630896225,2.446132516080345
1532400,Vk6Ir3hBspHY/ypz/UGauDFZ2jdm88wT5e8AkhsWFpxNFkV/FORfW7XC+sp8hhHd,1.3617945414685833,2.353994486120484,1.6968380637216576
1532700,Vk6Ir3hBspHY/ypz/UGauDFZ2jdm88wT5e8AkhsWFpxNFkV/FORfW7XC+sp8hhHd,1.3293719398735289,1.916241198100737,1.5652506465814393
1533000,Vk6Ir3hBspHY/ypz/UGauDFZ2jdm88wT5e8AkhsWFpxNFkV/FORfW7XC+sp8hhHd,1.328938070812568,2.6907444231557607,1.7422108682465631
1533300,Vk6Ir3hBspHY/ypz/UGauDFZ2jdm88wT5e8AkhsWFpxNFkV/FORfW7XC+sp8hhHd,1.2477279834190689,1.9426811345125097,1.5630522463703227
1533600,Vk6Ir3hBspHY/ypz/UGauDFZ2jdm88wT5e8AkhsWFpxNFkV/FORfW7XC+sp8hhHd,1.3156092983439451,2.916081112215129,1.6635927684974092
1533900,Vk6Ir3hBspHY/ypz/UGauDFZ2jdm88wT5e8AkhsWFpxNFkV/FORfW7XC+sp8hhHd,1.2288296174746431,1.8076787143905144,1.5215813858010496
1534200,Vk6Ir3hBspHY/ypz/UGauDFZ2jdm88wT5e8AkhsWFpxNFkV/FORfW7XC+sp8hhHd,1.3166500153711864,2.809489583696467,1.7533211593606677
1534500,Vk6Ir3hBspHY/ypz/UGauDFZ2jdm88wT5e8AkhsWFpxNFkV/FORfW7XC+sp8hhHd,1.1795912128176913,1.7768703730385125,1.4699078204395004
1534800,Vk6Ir3hBspHY/ypz/UGauDFZ2jdm88wT5e8AkhsWFpxNFkV/FORfW7XC+sp8hhHd,1.2513013579270456,38.10942529697767,5.238789456313451
1535100,Vk6Ir3hBspHY/ypz/UGauDFZ2jdm88wT5e8AkhsWFpxNFkV/FORfW7XC+sp8hhHd,1.351210062635106,57.578640258869406,9.75145684514723
1535400,Vk6Ir3hBspHY/ypz/UGauDFZ2jdm88wT5e8AkhsWFpxNFkV/FORfW7XC+sp8hhHd,1.3879376608080003,6.953694690470539,3.358876202639568
1535700,Vk6Ir3hBspHY/ypz/UGauDFZ2jdm88wT5e8AkhsWFpxNFkV/FORfW7XC+sp8hhHd,1.4233250615800592,13.951614437273337,3.875392665289691
1536000,Vk6Ir3hBspHY/ypz/UGauDFZ2jdm88wT5e8AkhsWFpxNFkV/FORfW7XC+sp8hhHd,1.4363303341282343,4.1257013701017895,2.021080023303303
1536300,Vk6Ir3hBspHY/ypz/UGauDFZ2jdm88wT5e8AkhsWFpxNFkV/FORfW7XC+sp8hhHd,1.3056215915407985,1.8848585746606228,1.637480796935051
1536600,Vk6Ir3hBspHY/ypz/UGauDFZ2jdm88wT5e8AkhsWFpxNFkV/FORfW7XC+sp8hhHd,1.3303639790642552,2.763618200727937,1.748805212182278
1536900,Vk6Ir3hBspHY/ypz/UGauDFZ2jdm88wT5e8AkhsWFpxNFkV/FORfW7XC+sp8hhHd,1.377865184262287,65.37263851513596,15.320373030159802
1537200,Vk6Ir3hBspHY/ypz/UGauDFZ2jdm88wT5e8AkhsWFpxNFkV/FORfW7XC+sp8hhHd,1.4094926144333453,3.4509606801358,1.9336318365361715
1537500,Vk6Ir3hBspHY/ypz/UGauDFZ2jdm88wT5e8AkhsWFpxNFkV/FORfW7XC+sp8hhHd,1.2926678137035987,1.9637869101069745,1.5599436753841156
1537800,Vk6Ir3hBspHY/ypz/UGauDFZ2jdm88wT5e8AkhsWFpxNFkV/FORfW7XC+sp8hhHd,1.3871728791939155,3.109824688161287,1.8240067354672984
1538100,Vk6Ir3hBspHY/ypz/UGauDFZ2jdm88wT5e8AkhsWFpxNFkV/FORfW7XC+sp8hhHd,1.3012420297991003,1.882799452089028,1.529447108888898
1538400,Vk6Ir3hBspHY/ypz/UGauDFZ2jdm88wT5e8AkhsWFpxNFkV/FORfW7XC+sp8hhHd,1.3513122481297224,3.138927254460308,1.6942420952776032
1538700,Vk6Ir3hBspHY/ypz/UGauDFZ2jdm88wT5e8AkhsWFpxNFkV/FORfW7XC+sp8hhHd,1.277598720042304,1.94741606720937,1.5731559421415888
1539000,Vk6Ir3hBspHY/ypz/UGauDFZ2jdm88wT5e8AkhsWFpxNFkV/FORfW7XC+sp8hhHd,1.3681453244914312,7.170941698651207,3.0482854396391814
1539300,Vk6Ir3hBspHY/ypz/UGauDFZ2jdm88wT5e8AkhsWFpxNFkV/FORfW7XC+sp8hhHd,1.3707063055733677,3.604485627243773,1.892375816550893
1539600,Vk6Ir3hBspHY/ypz/UGauDFZ2jdm88wT5e8AkhsWFpxNFkV/FORfW7XC+sp8hhHd,1.2928762383789705,3.256333981562572,1.7167591388001695
1539900,Vk6Ir3hBspHY/ypz/UGauDFZ2jdm88wT5e8AkhsWFpxNFkV/FORfW7XC+sp8hhHd,1.3078848810633494,2.035266315215761,1.5706856339033206
1540200,Vk6Ir3hBspHY/ypz/UGauDFZ2jdm88wT5e8AkhsWFpxNFkV/FORfW7XC+sp8hhHd,1.3973013576200852,2.8218752877240134,1.754377423526839
1540500,Vk6Ir3hBspHY/ypz/UGauDFZ2jdm88wT5e8AkhsWFpxNFkV/FORfW7XC+sp8hhHd,1.3060641506413877,1.8613381387010344,1.5736759099799411
1540800,Vk6Ir3hBspHY/ypz/UGauDFZ2jdm88wT5e8AkhsWFpxNFkV/FORfW7XC+sp8hhHd,1.3591107633076729,2.9238785536827168,1.8124764572367276
1541100,Vk6Ir3hBspHY/ypz/UGauDFZ2jdm88wT5e8AkhsWFpxNFkV/FORfW7XC+sp8hhHd,1.2732300694015344,1.7810986946819518,1.532053230076378
1541400,Vk6Ir3hBspHY/ypz/UGauDFZ2jdm88wT5e8AkhsWFpxNFkV/FORfW7XC+sp8hhHd,1.3592509916579358,13.744584215959176,2.949332067816814
1541700,Vk6Ir3hBspHY/ypz/UGauDFZ2jdm88wT5e8AkhsWFpxNFkV/FORfW7XC+sp8hhHd,1.4191624983518345,82.05536195703381,15.964518244572051
1542000,Vk6Ir3hBspHY/ypz/UGauDFZ2jdm88wT5e8AkhsWFpxNFkV/FORfW7XC+sp8hhHd,1.2007152929559672,3.1470688297725475,1.826962217558876
1542300,Vk6Ir3hBspHY/ypz/UGauDFZ2jdm88wT5e8AkhsWFpxNFkV/FORfW7XC+sp8hhHd,1.3079749999270198,2.003795876877711,1.5875915438092016
1542600,Vk6Ir3hBspHY/ypz/UGauDFZ2jdm88wT5e8AkhsWFpxNFkV/FORfW7XC+sp8hhHd,1.3154904163074057,3.088683067203687,1.7546321448749602
1542900,Vk6Ir3hBspHY/ypz/UGauDFZ2jdm88wT5e8AkhsWFpxNFkV/FORfW7XC+sp8hhHd,1.2564360792492475,6.242629095516747,3.089589315197712
1543200,Vk6Ir3hBspHY/ypz/UGauDFZ2jdm88wT5e8AkhsWFpxNFkV/FORfW7XC+sp8hhHd,1.3823681073259262,3.042516515671681,1.7102500054079963
1543500,Vk6Ir3hBspHY/ypz/UGauDFZ2jdm88wT5e8AkhsWFpxNFkV/FORfW7XC+sp8hhHd,1.2831322317203673,1.797362109001902,1.5754299680551545
1543800,Vk6Ir3hBspHY/ypz/UGauDFZ2jdm88wT5e8AkhsWFpxNFkV/FORfW7XC+sp8hhHd,1.278200161344362,2.701619658950991,1.6626136955042772
1544100,Vk6Ir3hBspHY/ypz/UGauDFZ2jdm88wT5e8AkhsWFpxNFkV/FORfW7XC+sp8hhHd,1.3060203173801657,2.172973811981617,1.626206017452667
1544400,Vk6Ir3hBspHY/ypz/UGauDFZ2jdm88wT5e8AkhsWFpxNFkV/FORfW7XC+sp8hhHd,1.3620881146043065,2.997253681775508,1.7057419716975533
1544700,Vk6Ir3hBspHY/ypz/UGauDFZ2jdm88wT5e8AkhsWFpxNFkV/FORfW7XC+sp8hhHd,1.3365819295145007,1.7436102335213834,1.5429756886270949
1545000,Vk6Ir3hBspHY/ypz/UGauDFZ2jdm88wT5e8AkhsWFpxNFkV/FORfW7XC+sp8hhHd,1.3069824067935731,3.042647158670062,1.7505903486790697
1545300,Vk6Ir3hBspHY/ypz/UGauDFZ2jdm88wT5e8AkhsWFpxNFkV/FORfW7XC+sp8hhHd,1.3659163720496543,1.833910202353783,1.5567728408905266
1545600,Vk6Ir3hBspHY/ypz/UGauDFZ2jdm88wT5e8AkhsWFpxNFkV/FORfW7XC+sp8hhHd,1.4077394965577406,2.764183975374251,1.7073384236433395
1545900,Vk6Ir3hBspHY/ypz/UGauDFZ2jdm88wT5e8AkhsWFpxNFkV/FORfW7XC+sp8hhHd,1.2265516081660994,1.8578365764328455,1.5580434478681209
1546200,Vk6Ir3hBspHY/ypz/UGauDFZ2jdm88wT5e8AkhsWFpxNFkV/FORfW7XC+sp8hhHd,1.2729552191250004,3.101758093722488,1.6396724338735211
1546500,Vk6Ir3hBspHY/ypz/UGauDFZ2jdm88wT5e8AkhsWFpxNFkV/FORfW7XC+sp8hhHd,1.3639330034162107,6.5164728551965805,3.171966028571493
1546800,Vk6Ir3hBspHY/ypz/UGauDFZ2jdm88wT5e8AkhsWFpxNFkV/FORfW7XC+sp8hhHd,1.3143921284085267,3.100965879803177,1.6924605579764564
1547100,Vk6Ir3hBspHY/ypz/UGauDFZ2jdm88wT5e8AkhsWFpxNFkV/FORfW7XC+sp8hhHd,1.2826180510245284,1.7442347529049218,1.5493866061534145
1547400,Vk6Ir3hBspHY/ypz/UGauDFZ2jdm88wT5e8AkhsWFpxNFkV/FORfW7XC+sp8hhHd,1.3367697769856168,2.9414367017762224,1.6825244406531237
1547700,Vk6Ir3hBspHY/ypz/UGauDFZ2jdm88wT5e8AkhsWFpxNFkV/FORfW7XC+sp8hhHd,1.2661333560865962,1.7947409926179614,1.5561977508715317
1548000,Vk6Ir3hBspHY/ypz/UGauDFZ2jdm88wT5e8AkhsWFpxNFkV/FORfW7XC+sp8hhHd,1.2949608087091256,3.053785134258756,1.640501695091014
1548300,Vk6Ir3hBspHY/ypz/UGauDFZ2jdm88wT5e8AkhsWFpxNFkV/FORfW7XC+sp8hhHd,1.2508654800225008,1.7743039294560907,1.539384139803067
1548600,Vk6Ir3hBspHY/ypz/UGauDFZ2jdm88wT5e8AkhsWFpxNFkV/FORfW7XC+sp8hhHd,1.3899005432339808,32.75404158136001,7.96308206572255
1548900,Vk6Ir3hBspHY/ypz/UGauDFZ2jdm88wT5e8AkhsWFpxNFkV/FORfW7XC+sp8hhHd,1.3584572677218556,2.7483143721943923,1.7844047205404687
1549200,Vk6Ir3hBspHY/ypz/UGauDFZ2jdm88wT5e8AkhsWFpxNFkV/FORfW7XC+sp8hhHd,1.333128688800573,3.1316428940779275,1.7052181740821557
1549500,Vk6Ir3hBspHY/ypz/UGauDFZ2jdm88wT5e8AkhsWFpxNFkV/FORfW7XC+sp8hhHd,1.2595128518445209,1.843133365782215,1.6011153612931486
1549800,Vk6Ir3hBspHY/ypz/UGauDFZ2jdm88wT5e8AkhsWFpxNFkV/FORfW7XC+sp8hhHd,1.4111079318042432,61.42218035478238,16.215780697788354
1550100,Vk6Ir3hBspHY/ypz/UGauDFZ2jdm88wT5e8AkhsWFpxNFkV/FORfW7XC+sp8hhHd,1.385765598916795,6.9293045899313865,2.9510757776283407
1550400,Vk6Ir3hBspHY/ypz/UGauDFZ2jdm88wT5e8AkhsWFpxNFkV/FORfW7XC+sp8hhHd,2.446221001021404,42.1618607648103,14.710818523320464
1550700,Vk6Ir3hBspHY/ypz/UGauDFZ2jdm88wT5e8AkhsWFpxNFkV/FORfW7XC+sp8hhHd,31.76219985205294,39.85620654458044,35.399993279788546
1551000,Vk6Ir3hBspHY/ypz/UGauDFZ2jdm88wT5e8AkhsWFpxNFkV/FORfW7XC+sp8hhHd,1.3357149266816823,27.09609395703854,4.8316930382381145
1551300,Vk6Ir3hBspHY/ypz/UGauDFZ2jdm88wT5e8AkhsWFpxNFkV/FORfW7XC+sp8hhHd,1.2932611497470765,6.472569962259516,2.0004317805182987
1551600,Vk6Ir3hBspHY/ypz/UGauDFZ2jdm88wT5e8AkhsWFpxNFkV/FORfW7XC+sp8hhHd,6.83052423426102,11.925847786721462,8.444266819601634
1551900,Vk6Ir3hBspHY/ypz/UGauDFZ2jdm88wT5e8AkhsWFpxNFkV/FORfW7XC+sp8hhHd,6.817490083576755,9.989767836285091,8.56058675770143
1552200,Vk6Ir3hBspHY/ypz/UGauDFZ2jdm88wT5e8AkhsWFpxNFkV/FORfW7XC+sp8hhHd,6.577624987535567,10.95045911052184,8.598734785095449
1552500,Vk6Ir3hBspHY/ypz/UGauDFZ2jdm88wT5e8AkhsWFpxNFkV/FORfW7XC+sp8hhHd,1.334449053606743,50.747951307098816,12.198209170825432
1552800,Vk6Ir3hBspHY/ypz/UGauDFZ2jdm88wT5e8AkhsWFpxNFkV/FORfW7XC+sp8hhHd,1.4281752285307845,4.782088910470965,1.884516428206668
1553100,Vk6Ir3hBspHY/ypz/UGauDFZ2jdm88wT5e8AkhsWFpxNFkV/FORfW7XC+sp8hhHd,1.385786997792675,1.912326730698905,1.6134398951182851
1553400,Vk6Ir3hBspHY/ypz/UGauDFZ2jdm88wT5e8AkhsWFpxNFkV/FORfW7XC+sp8hhHd,1.3167393188983374,2.7739186432374177,1.6771714601950705
1553700,Vk6Ir3hBspHY/ypz/UGauDFZ2jdm88wT5e8AkhsWFpxNFkV/FORfW7XC+sp8hhHd,1.4204076116543545,84.10316172318227,27.96621595339566
1554000,Vk6Ir3hBspHY/ypz/UGauDFZ2jdm88wT5e8AkhsWFpxNFkV/FORfW7XC+sp8hhHd,1.3996129575468648,11.170542498533749,3.871826707698246
1554300,Vk6Ir3hBspHY/ypz/UGauDFZ2jdm88wT5e8AkhsWFpxNFkV/FORfW7XC+sp8hhHd,1.2969308935080366,85.05675651331802,43.79618994199906
1554600,Vk6Ir3hBspHY/ypz/UGauDFZ2jdm88wT5e8AkhsWFpxNFkV/FORfW7XC+sp8hhHd,1.432453002731704,92.24614277572736,42.212093000323385
1554900,Vk6Ir3hBspHY/ypz/UGauDFZ2jdm88wT5e8AkhsWFpxNFkV/FORfW7XC+sp8hhHd,1.3021584743388204,4.489470462582865,1.947395878820396
1555200,Vk6Ir3hBspHY/ypz/UGauDFZ2jdm88wT5e8AkhsWFpxNFkV/FORfW7XC+sp8hhHd,1.3483928080401313,89.97150618608,26.1553168281142
1555500,Vk6Ir3hBspHY/ypz/UGauDFZ2jdm88wT5e8AkhsWFpxNFkV/FORfW7XC+sp8hhHd,71.88522466187129,86.42822929010646,80.8378823389739
1555800,Vk6Ir3hBspHY/ypz/UGauDFZ2jdm88wT5e8AkhsWFpxNFkV/FORfW7XC+sp8hhHd,76.84486319854605,85.90289803364965,79.81844754781174
1556100,Vk6Ir3hBspHY/ypz/UGauDFZ2jdm88wT5e8AkhsWFpxNFkV/FORfW7XC+sp8hhHd,76.68268021650027,82.6982315784797,80.13379126494345
1556400,Vk6Ir3hBspHY/ypz/UGauDFZ2jdm88wT5e8AkhsWFpxNFkV/FORfW7XC+sp8hhHd,74.03039903460014,85.76396752812866,81.03601127197464
1556700,Vk6Ir3hBspHY/ypz/UGauDFZ2jdm88wT5e8AkhsWFpxNFkV/FORfW7XC+sp8hhHd,72.94056321469229,83.99171959400717,80.17770732827645
1557000,Vk6Ir3hBspHY/ypz/UGauDFZ2jdm88wT5e8AkhsWFpxNFkV/FORfW7XC+sp8hhHd,73.63026723822483,83.21639115954281,79.88031731292617
1557300,Vk6Ir3hBspHY/ypz/UGauDFZ2jdm88wT5e8AkhsWFpxNFkV/FORfW7XC+sp8hhHd,75.9081751342399,84.2942124865189,79.98026802096078
1557600,Vk6Ir3hBspHY/ypz/UGauDFZ2jdm88wT5e8AkhsWFpxNFkV/FORfW7XC+sp8hhHd,70.72981045099475,84.84744140467998,81.43310155595725
1557900,Vk6Ir3hBspHY/ypz/UGauDFZ2jdm88wT5e8AkhsWFpxNFkV/FORfW7XC+sp8hhHd,81.28507867777155,93.41693571589823,88.32839336448738
1558200,Vk6Ir3hBspHY/ypz/UGauDFZ2jdm88wT5e8AkhsWFpxNFkV/FORfW7XC+sp8hhHd,68.64504520661254,91.89990065914938,82.77850710436483
1558500,Vk6Ir3hBspHY/ypz/UGauDFZ2jdm88wT5e8AkhsWFpxNFkV/FORfW7XC+sp8hhHd,74.4176221716015,92.76251641655904,84.74471620928071
1558800,Vk6Ir3hBspHY/ypz/UGauDFZ2jdm88wT5e8AkhsWFpxNFkV/FORfW7XC+sp8hhHd,83.63861354617022,91.64720332307688,87.45224970886977
1559100,Vk6Ir3hBspHY/ypz/UGauDFZ2jdm88wT5e8AkhsWFpxNFkV/FORfW7XC+sp8hhHd,84.5460712867977,97.42428383869279,91.14592634143052
1559400,Vk6Ir3hBspHY/ypz/UGauDFZ2jdm88wT5e8AkhsWFpxNFkV/FORfW7XC+sp8hhHd,52.109591562872026,96.60098872347181,87.66453917778003
1559700,Vk6Ir3hBspHY/ypz/UGauDFZ2jdm88wT5e8AkhsWFpxNFkV/FORfW7XC+sp8hhHd,92.56549480795054,96.1690552254837,94.13167139966653
1560000,Vk6Ir3hBspHY/ypz/UGauDFZ2jdm88wT5e8AkhsWFpxNFkV/FORfW7XC+sp8hhHd,86.08207667340997,95.9565766022474,93.53492588566098
1560300,Vk6Ir3hBspHY/ypz/UGauDFZ2jdm88wT5e8AkhsWFpxNFkV/FORfW7XC+sp8hhHd,92.59447415768196,96.25943571157084,94.76416535356894
1560600,Vk6Ir3hBspHY/ypz/UGauDFZ2jdm88wT5e8AkhsWFpxNFkV/FORfW7XC+sp8hhHd,91.66148744655011,95.29335228617795,94.1207344768919
1560900,Vk6Ir3hBspHY/ypz/UGauDFZ2jdm88wT5e8AkhsWFpxNFkV/FORfW7XC+sp8hhHd,92.31868580204417,95.69610942258994,94.23994674927393
1561200,Vk6Ir3hBspHY/ypz/UGauDFZ2jdm88wT5e8AkhsWFpxNFkV/FORfW7XC+sp8hhHd,93.00462816569063,96.45598769077824,94.49341215539476
1561500,Vk6Ir3hBspHY/ypz/UGauDFZ2jdm88wT5e8AkhsWFpxNFkV/FORfW7XC+sp8hhHd,86.89621283704638,95.82713019289133,93.36667601300776
1561800,Vk6Ir3hBspHY/ypz/UGauDFZ2jdm88wT5e8AkhsWFpxNFkV/FORfW7XC+sp8hhHd,90.72203834790172,95.9328645124175,93.8828004828216
1562100,Vk6Ir3hBspHY/ypz/UGauDFZ2jdm88wT5e8AkhsWFpxNFkV/FORfW7XC+sp8hhHd,92.40909722968672,95.7096302944765,94.14210473530316
1562400,Vk6Ir3hBspHY/ypz/UGauDFZ2jdm88wT5e8AkhsWFpxNFkV/FORfW7XC+sp8hhHd,90.71730599863203,95.49029537612803,93.946942427961
1562700,Vk6Ir3hBspHY/ypz/UGauDFZ2jdm88wT5e8AkhsWFpxNFkV/FORfW7XC+sp8hhHd,91.71242958949213,95.75669831671289,93.75973223266142
1563000,Vk6Ir3hBspHY/ypz/UGauDFZ2jdm88wT5e8AkhsWFpxNFkV/FORfW7XC+sp8hhHd,84.60010800778922,95.73732872395072,93.00003301386457
1563300,Vk6Ir3hBspHY/ypz/UGauDFZ2jdm88wT5e8AkhsWFpxNFkV/FORfW7XC+sp8hhHd,92.40470437569506,95.78689186714962,94.2616563462635
1563600,Vk6Ir3hBspHY/ypz/UGauDFZ2jdm88wT5e8AkhsWFpxNFkV/FORfW7XC+sp8hhHd,91.99928209694887,95.8615800857496,93.92439144353578
1563900,Vk6Ir3hBspHY/ypz/UGauDFZ2jdm88wT5e8AkhsWFpxNFkV/FORfW7XC+sp8hhHd,79.72165922567233,95.4780265895983,88.18040041499135
1564200,Vk6Ir3hBspHY/ypz/UGauDFZ2jdm88wT5e8AkhsWFpxNFkV/FORfW7XC+sp8hhHd,79.0683024580698,94.96197996544947,89.42013798763392
1564500,Vk6Ir3hBspHY/ypz/UGauDFZ2jdm88wT5e8AkhsWFpxNFkV/FORfW7XC+sp8hhHd,79.21254840120494,94.72071246749437,89.71748397608206
1564800,Vk6Ir3hBspHY/ypz/UGauDFZ2jdm88wT5e8AkhsWFpxNFkV/FORfW7XC+sp8hhHd,59.057237972110464,98.14165921982708,90.19560991386186
1565100,Vk6Ir3hBspHY/ypz/UGauDFZ2jdm88wT5e8AkhsWFpxNFkV/FORfW7XC+sp8hhHd,97.03878094127388,98.3406154712524,97.85691432424895
1565400,Vk6Ir3hBspHY/ypz/UGauDFZ2jdm88wT5e8AkhsWFpxNFkV/FORfW7XC+sp8hhHd,97.26806963872512,98.44834071135841,97.95666789508749
1565700,Vk6Ir3hBspHY/ypz/UGauDFZ2jdm88wT5e8AkhsWFpxNFkV/FORfW7XC+sp8hhHd,97.62200037990269,98.6083456679886,98.10592567591257
1566000,Vk6Ir3hBspHY/ypz/UGauDFZ2jdm88wT5e8AkhsWFpxNFkV/FORfW7XC+sp8hhHd,86.79604652590427,98.5312652465138,96.6615666755502
1566300,Vk6Ir3hBspHY/ypz/UGauDFZ2jdm88wT5e8AkhsWFpxNFkV/FORfW7XC+sp8hhHd,96.8557052644146,98.5011110558784,97.83223146015351
1566600,Vk6Ir3hBspHY/ypz/UGauDFZ2jdm88wT5e8AkhsWFpxNFkV/FORfW7XC+sp8hhHd,92.64372888802077,98.18416567196644,96.1879029972281
1566900,Vk6Ir3hBspHY/ypz/UGauDFZ2jdm88wT5e8AkhsWFpxNFkV/FORfW7XC+sp8hhHd,90.15846079243374,98.3953771747032,95.91102378054306
1567200,Vk6Ir3hBspHY/ypz/UGauDFZ2jdm88wT5e8AkhsWFpxNFkV/FORfW7XC+sp8hhHd,90.35862410898216,98.4921565174251,96.93250573997199
1567500,Vk6Ir3hBspHY/ypz/UGauDFZ2jdm88wT5e8AkhsWFpxNFkV/FORfW7XC+sp8hhHd,93.89108990285987,98.27005094787512,97.09107483313198
1567800,Vk6Ir3hBspHY/ypz/UGauDFZ2jdm88wT5e8AkhsWFpxNFkV/FORfW7XC+sp8hhHd,93.48128683796617,98.16572700554605,96.62281363931126
1568100,Vk6Ir3hBspHY/ypz/UGauDFZ2jdm88wT5e8AkhsWFpxNFkV/FORfW7XC+sp8hhHd,91.01556047703848,98.11489146409639,95.25125756060655
1568400,Vk6Ir3hBspHY/ypz/UGauDFZ2jdm88wT5e8AkhsWFpxNFkV/FORfW7XC+sp8hhHd,92.43750915859935,98.2924203654268,96.74857270342572
1568700,Vk6Ir3hBspHY/ypz/UGauDFZ2jdm88wT5e8AkhsWFpxNFkV/FORfW7XC+sp8hhHd,93.52480879324237,98.212360401936,96.4018791880697
1569000,Vk6Ir3hBspHY/ypz/UGauDFZ2jdm88wT5e8AkhsWFpxNFkV/FORfW7XC+sp8hhHd,1.7370956720404518,98.02490793709424,67.75609361882853
1569300,Vk6Ir3hBspHY/ypz/UGauDFZ2jdm88wT5e8AkhsWFpxNFkV/FORfW7XC+sp8hhHd,1.308701617013868,5.954046405091724,2.3459705550014704
1569600,Vk6Ir3hBspHY/ypz/UGauDFZ2jdm88wT5e8AkhsWFpxNFkV/FORfW7XC+sp8hhHd,1.4834347474883112,40.777671057549526,11.613549888427286
1569900,Vk6Ir3hBspHY/ypz/UGauDFZ2jdm88wT5e8AkhsWFpxNFkV/FORfW7XC+sp8hhHd,1.2607073177497414,8.049589338337725,2.796512966714184
1570200,Vk6Ir3hBspHY/ypz/UGauDFZ2jdm88wT5e8AkhsWFpxNFkV/FORfW7XC+sp8hhHd,1.3878528540856778,59.2075722620484,31.20234600692185
1570500,Vk6Ir3hBspHY/ypz/UGauDFZ2jdm88wT5e8AkhsWFpxNFkV/FORfW7XC+sp8hhHd,5.746092881744587,96.61414855931528,50.88833704223037
1570800,Vk6Ir3hBspHY/ypz/UGauDFZ2jdm88wT5e8AkhsWFpxNFkV/FORfW7XC+sp8hhHd,1.2229197192500747,3.378275215868229,1.8726134227417812
1571100,Vk6Ir3hBspHY/ypz/UGauDFZ2jdm88wT5e8AkhsWFpxNFkV/FORfW7XC+sp8hhHd,1.2309448223247064,61.300315714112415,14.139113149692358
1571400,Vk6Ir3hBspHY/ypz/UGauDFZ2jdm88wT5e8AkhsWFpxNFkV/FORfW7XC+sp8hhHd,42.35485417014869,65.05097195619358,51.35952143803142
1571700,Vk6Ir3hBspHY/ypz/UGauDFZ2jdm88wT5e8AkhsWFpxNFkV/FORfW7XC+sp8hhHd,1.2015500721550427,59.71604687698184,29.29861410203535
1572000,Vk6Ir3hBspHY/ypz/UGauDFZ2jdm88wT5e8AkhsWFpxNFkV/FORfW7XC+sp8hhHd,1.28940867230877,4.9714080851112765,2.0019632950894155
1572300,Vk6Ir3hBspHY/ypz/UGauDFZ2jdm88wT5e8AkhsWFpxNFkV/FORfW7XC+sp8hhHd,3.2576466306651084,49.26107564332928,25.466116854524856
1572600,Vk6Ir3hBspHY/ypz/UGauDFZ2jdm88wT5e8AkhsWFpxNFkV/FORfW7XC+sp8hhHd,1.276594166721528,7.615629470475049,2.792113166541657
1572900,Vk6Ir3hBspHY/ypz/UGauDFZ2jdm88wT5e8AkhsWFpxNFkV/FORfW7XC+sp8hhHd,3.666134514110176,11.545553938763874,7.59928058168245
1573200,Vk6Ir3hBspHY/ypz/UGauDFZ2jdm88wT5e8AkhsWFpxNFkV/FORfW7XC+sp8hhHd,6.6840964022887,11.242876976838645,8.120186635842536
1573500,Vk6Ir3hBspHY/ypz/UGauDFZ2jdm88wT5e8AkhsWFpxNFkV/FORfW7XC+sp8hhHd,1.4154143182063872,8.392380367541582,4.771036945889077
1573800,Vk6Ir3hBspHY/ypz/UGauDFZ2jdm88wT5e8AkhsWFpxNFkV/FORfW7XC+sp8hhHd,1.3005160450797293,3.152491270407741,1.8936975706750747
1574100,Vk6Ir3hBspHY/ypz/UGauDFZ2jdm88wT5e8AkhsWFpxNFkV/FORfW7XC+sp8hhHd,1.3295297732219429,36.78486524104014,7.3432321573780355
1574400,Vk6Ir3hBspHY/ypz/UGauDFZ2jdm88wT5e8AkhsWFpxNFkV/FORfW7XC+sp8hhHd,1.3678514921260223,33.50483178271323,5.499778055309784
1574700,Vk6Ir3hBspHY/ypz/UGauDFZ2jdm88wT5e8AkhsWFpxNFkV/FORfW7XC+sp8hhHd,1.19605022783748,4.037313133294161,1.8530525047134652
1575000,Vk6Ir3hBspHY/ypz/UGauDFZ2jdm88wT5e8AkhsWFpxNFkV/FORfW7XC+sp8hhHd,1.2898982640857144,39.365342622549534,7.100608377831486
1575300,Vk6Ir3hBspHY/ypz/UGauDFZ2jdm88wT5e8AkhsWFpxNFkV/FORfW7XC+sp8hhHd,1.1358744269482184,2.400303954796711,1.685075125452941
1575600,Vk6Ir3hBspHY/ypz/UGauDFZ2jdm88wT5e8AkhsWFpxNFkV/FORfW7XC+sp8hhHd,1.6811716423224692,42.20634988184628,24.538684636095883
1575900,Vk6Ir3hBspHY/ypz/UGauDFZ2jdm88wT5e8AkhsWFpxNFkV/FORfW7XC+sp8hhHd,3.661446111888228,76.6270919234924,42.09935332167185
1576200,Vk6Ir3hBspHY/ypz/UGauDFZ2jdm88wT5e8AkhsWFpxNFkV/FORfW7XC+sp8hhHd,1.3394527332729755,6.512154761791544,2.3928423944915567
1576500,Vk6Ir3hBspHY/ypz/UGauDFZ2jdm88wT5e8AkhsWFpxNFkV/FORfW7XC+sp8hhHd,1.3435330234285117,53.54495562467804,19.716456323045463
1576800,Vk6Ir3hBspHY/ypz/UGauDFZ2jdm88wT5e8AkhsWFpxNFkV/FORfW7XC+sp8hhHd,38.52048584490413,57.10976253231979,50.602286795565774
1577100,Vk6Ir3hBspHY/ypz/UGauDFZ2jdm88wT5e8AkhsWFpxNFkV/FORfW7XC+sp8hhHd,42.09967353907149,57.55202722016569,52.24450422955416
1577400,Vk6Ir3hBspHY/ypz/UGauDFZ2jdm88wT5e8AkhsWFpxNFkV/FORfW7XC+sp8hhHd,48.18067748935912,98.63397555833711,78.22194627754702
1577700,Vk6Ir3hBspHY/ypz/UGauDFZ2jdm88wT5e8AkhsWFpxNFkV/FORfW7XC+sp8hhHd,1.312424709327332,98.19323379341164,27.04015705523525
1578000,Vk6Ir3hBspHY/ypz/UGauDFZ2jdm88wT5e8AkhsWFpxNFkV/FORfW7XC+sp8hhHd,1.2118139634320717,17.043834094515216,3.1607573938052203
1578300,Vk6Ir3hBspHY/ypz/UGauDFZ2jdm88wT5e8AkhsWFpxNFkV/FORfW7XC+sp8hhHd,32.4570370441592,44.517577865193246,37.96161708162288
1578600,Vk6Ir3hBspHY/ypz/UGauDFZ2jdm88wT5e8AkhsWFpxNFkV/FORfW7XC+sp8hhHd,31.630121091448423,39.760632827008216,36.10285883320588
1578900,Vk6Ir3hBspHY/ypz/UGauDFZ2jdm88wT5e8AkhsWFpxNFkV/FORfW7XC+sp8hhHd,31.90602841303583,41.14208400198845,35.936398546859365
1579200,Vk6Ir3hBspHY/ypz/UGauDFZ2jdm88wT5e8AkhsWFpxNFkV/FORfW7XC+sp8hhHd,1.286311351950874,44.188363881856944,29.5695457219304
1579500,Vk6Ir3hBspHY/ypz/UGauDFZ2jdm88wT5e8AkhsWFpxNFkV/FORfW7XC+sp8hhHd,1.0988331164145797,3.760299552772103,1.903948939164904
1579800,Vk6Ir3hBspHY/ypz/UGauDFZ2jdm88wT5e8AkhsWFpxNFkV/FORfW7XC+sp8hhHd,1.5378071983515054,85.84373348902886,57.4752850675975
1580100,Vk6Ir3hBspHY/ypz/UGauDFZ2jdm88wT5e8AkhsWFpxNFkV/FORfW7XC+sp8hhHd,50.333692411341325,97.76055499367656,85.53777691131555
1580400,Vk6Ir3hBspHY/ypz/UGauDFZ2jdm88wT5e8AkhsWFpxNFkV/FORfW7XC+sp8hhHd,1.7935737810674073,67.91629061102245,20.136458635454197
1580700,Vk6Ir3hBspHY/ypz/UGauDFZ2jdm88wT5e8AkhsWFpxNFkV/FORfW7XC+sp8hhHd,1.2752935587061127,2.8107889872244995,1.8100114524793949
1581000,Vk6Ir3hBspHY/ypz/UGauDFZ2jdm88wT5e8AkhsWFpxNFkV/FORfW7XC+sp8hhHd,1.3178782878334137,59.80274730974692,21.97542728396861
1581300,Vk6Ir3hBspHY/ypz/UGauDFZ2jdm88wT5e8AkhsWFpxNFkV/FORfW7XC+sp8hhHd,1.1960067864937836,63.09358058380127,38.486258335125086
1581600,Vk6Ir3hBspHY/ypz/UGauDFZ2jdm88wT5e8AkhsWFpxNFkV/FORfW7XC+sp8hhHd,1.3661708747998011,4.654191164324651,1.98596727907703
1581900,Vk6Ir3hBspHY/ypz/UGauDFZ2jdm88wT5e8AkhsWFpxNFkV/FORfW7XC+sp8hhHd,1.1668968701246272,45.40436440374117,6.2374220353954914
1582200,Vk6Ir3hBspHY/ypz/UGauDFZ2jdm88wT5e8AkhsWFpxNFkV/FORfW7XC+sp8hhHd,1.2944534348304768,80.28116959466581,35.598292948761824
1582500,Vk6Ir3hBspHY/ypz/UGauDFZ2jdm88wT5e8AkhsWFpxNFkV/FORfW7XC+sp8hhHd,1.0868926892295052,9.646443174301364,2.724064575070853
1582800,Vk6Ir3hBspHY/ypz/UGauDFZ2jdm88wT5e8AkhsWFpxNFkV/FORfW7XC+sp8hhHd,1.4424559955087586,82.90852735585699,53.90461827878288
1583100,Vk6Ir3hBspHY/ypz/UGauDFZ2jdm88wT5e8AkhsWFpxNFkV/FORfW7XC+sp8hhHd,1.7449171153073535,93.11844389869268,47.998400265609526
1583400,Vk6Ir3hBspHY/ypz/UGauDFZ2jdm88wT5e8AkhsWFpxNFkV/FORfW7XC+sp8hhHd,1.349279252437963,13.593429180638,3.089573503144409
1583700,Vk6Ir3hBspHY/ypz/UGauDFZ2jdm88wT5e8AkhsWFpxNFkV/FORfW7XC+sp8hhHd,1.2450622472178097,87.36926397276737,35.539714610689146
1584000,Vk6Ir3hBspHY/ypz/UGauDFZ2jdm88wT5e8AkhsWFpxNFkV/FORfW7XC+sp8hhHd,2.4229098022887023,95.48906077960108,62.198301728154846
1584300,Vk6Ir3hBspHY/ypz/UGauDFZ2jdm88wT5e8AkhsWFpxNFkV/FORfW7XC+sp8hhHd,1.40817903523168,21.658982778354623,6.5484617108757766
1584600,Vk6Ir3hBspHY/ypz/UGauDFZ2jdm88wT5e8AkhsWFpxNFkV/FORfW7XC+sp8hhHd,1.269018548702897,78.2050094461427,10.330248388994557
1584900,Vk6Ir3hBspHY/ypz/UGauDFZ2jdm88wT5e8AkhsWFpxNFkV/FORfW7XC+sp8hhHd,6.48443258377843,87.10874714174805,70.48744536756979
1585200,Vk6Ir3hBspHY/ypz/UGauDFZ2jdm88wT5e8AkhsWFpxNFkV/FORfW7XC+sp8hhHd,1.326215230786346,7.73906370913608,2.3262252101769647
1585500,Vk6Ir3hBspHY/ypz/UGauDFZ2jdm88wT5e8AkhsWFpxNFkV/FORfW7XC+sp8hhHd,1.4169629851081036,3.555044770723649,1.8249562793171088
1585800,Vk6Ir3hBspHY/ypz/UGauDFZ2jdm88wT5e8AkhsWFpxNFkV/FORfW7XC+sp8hhHd,1.4990285139397268,73.81110012661377,49.762912384835296
1586100,Vk6Ir3hBspHY/ypz/UGauDFZ2jdm88wT5e8AkhsWFpxNFkV/FORfW7XC+sp8hhHd,1.4188348380791798,57.36792616686013,37.66123306263169
1586400,Vk6Ir3hBspHY/ypz/UGauDFZ2jdm88wT5e8AkhsWFpxNFkV/FORfW7XC+sp8hhHd,1.4307596222805266,34.78078422220764,7.777157177334127
1586700,Vk6Ir3hBspHY/ypz/UGauDFZ2jdm88wT5e8AkhsWFpxNFkV/FORfW7XC+sp8hhHd,1.4545885087186814,12.842028624887488,5.88737905009897
1587000,Vk6Ir3hBspHY/ypz/UGauDFZ2jdm88wT5e8AkhsWFpxNFkV/FORfW7XC+sp8hhHd,1.6285276297347249,57.385538983952834,11.523516022903394
1587300,Vk6Ir3hBspHY/ypz/UGauDFZ2jdm88wT5e8AkhsWFpxNFkV/FORfW7XC+sp8hhHd,1.3346244212826672,3.2504328532008486,1.976767828220639
1587600,Vk6Ir3hBspHY/ypz/UGauDFZ2jdm88wT5e8AkhsWFpxNFkV/FORfW7XC+sp8hhHd,1.2653906304517917,74.83104865137933,12.116134143602974
1587900,Vk6Ir3hBspHY/ypz/UGauDFZ2jdm88wT5e8AkhsWFpxNFkV/FORfW7XC+sp8hhHd,42.59519532961362,76.68742919432955,59.16520393162603
1720200,bA2tJJsSFg7ZCsjBt1GRLiDzdqrM8po/vCebEme4QPhRKxb69KMCVL1Lljpu/3+9,4.676229264938593,6.808040781317708,5.77994717611272
1720500,bA2tJJsSFg7ZCsjBt1GRLiDzdqrM8po/vCebEme4QPhRKxb69KMCVL1Lljpu/3+9,5.044969113139595,28.92357097587461,11.431454935932154
1720800,bA2tJJsSFg7ZCsjBt1GRLiDzdqrM8po/vCebEme4QPhRKxb69KMCVL1Lljpu/3+9,4.802916790607337,44.390381787631526,11.63738596784845
1721100,bA2tJJsSFg7ZCsjBt1GRLiDzdqrM8po/vCebEme4QPhRKxb69KMCVL1Lljpu/3+9,4.906618957200747,22.491574767183824,7.820347920765645
1721400,bA2tJJsSFg7ZCsjBt1GRLiDzdqrM8po/vCebEme4QPhRKxb69KMCVL1Lljpu/3+9,5.155118592517443,6.927845285421226,5.918085824055464
1721700,bA2tJJsSFg7ZCsjBt1GRLiDzdqrM8po/vCebEme4QPhRKxb69KMCVL1Lljpu/3+9,5.048479395506644,34.460394925736686,10.625954301782556
1722000,bA2tJJsSFg7ZCsjBt1GRLiDzdqrM8po/vCebEme4QPhRKxb69KMCVL1Lljpu/3+9,4.702308113581008,45.34353643839512,11.736485853669038
1722300,bA2tJJsSFg7ZCsjBt1GRLiDzdqrM8po/vCebEme4QPhRKxb69KMCVL1Lljpu/3+9,5.177087075095994,22.561126859957483,7.976799711231429
1722600,bA2tJJsSFg7ZCsjBt1GRLiDzdqrM8po/vCebEme4QPhRKxb69KMCVL1Lljpu/3+9,4.775052289332216,7.121969568796845,5.754939497394768
1722900,bA2tJJsSFg7ZCsjBt1GRLiDzdqrM8po/vCebEme4QPhRKxb69KMCVL1Lljpu/3+9,5.0545480135495495,34.39524210760166,10.58173333143278
1723200,bA2tJJsSFg7ZCsjBt1GRLiDzdqrM8po/vCebEme4QPhRKxb69KMCVL1Lljpu/3+9,5.13856486847448,44.965315531123935,11.521521081732809
1723500,bA2tJJsSFg7ZCsjBt1GRLiDzdqrM8po/vCebEme4QPhRKxb69KMCVL1Lljpu/3+9,4.969948141669452,22.192184855189137,7.672206480871962
1723800,bA2tJJsSFg7ZCsjBt1GRLiDzdqrM8po/vCebEme4QPhRKxb69KMCVL1Lljpu/3+9,4.837749337137787,6.923471546436272,5.7971850346031895
1724100,bA2tJJsSFg7ZCsjBt1GRLiDzdqrM8po/vCebEme4QPhRKxb69KMCVL1Lljpu/3+9,5.3437571820759135,27.923788227186616,11.186681275773584
1724400,bA2tJJsSFg7ZCsjBt1GRLiDzdqrM8po/vCebEme4QPhRKxb69KMCVL1Lljpu/3+9,4.807210908468366,47.50203733702617,12.120180905974978
1724700,bA2tJJsSFg7ZCsjBt1GRLiDzdqrM8po/vCebEme4QPhRKxb69KMCVL1Lljpu/3+9,5.400609369854614,22.367771961682674,7.95729900858283
1725000,bA2tJJsSFg7ZCsjBt1GRLiDzdqrM8po/vCebEme4QPhRKxb69KMCVL1Lljpu/3+9,5.176532668953344,6.71411919433876,5.909287731406652
1725300,bA2tJJsSFg7ZCsjBt1GRLiDzdqrM8po/vCebEme4QPhRKxb69KMCVL1Lljpu/3+9,5.114178268939918,34.14627788424321,8.873366031145983
1725600,bA2tJJsSFg7ZCsjBt1GRLiDzdqrM8po/vCebEme4QPhRKxb69KMCVL1Lljpu/3+9,4.748615552212399,55.49198971201599,13.534137085566291
1725900,bA2tJJsSFg7ZCsjBt1GRLiDzdqrM8po/vCebEme4QPhRKxb69KMCVL1Lljpu/3+9,5.125103159926577,7.38100701710627,6.391073185850512
1726200,bA2tJJsSFg7ZCsjBt1GRLiDzdqrM8po/vCebEme4QPhRKxb69KMCVL1Lljpu/3+9,4.933843007325788,29.323010449635863,11.48026078049548
1726500,bA2tJJsSFg7ZCsjBt1GRLiDzdqrM8po/vCebEme4QPhRKxb69KMCVL1Lljpu/3+9,5.164737761081918,27.884119341918023,9.005582222732924
1726800,bA2tJJsSFg7ZCsjBt1GRLiDzdqrM8po/vCebEme4QPhRKxb69KMCVL1Lljpu/3+9,5.266301738716339,57.10582550505548,13.95445062995733
1727100,bA2tJJsSFg7ZCsjBt1GRLiDzdqrM8po/vCebEme4QPhRKxb69KMCVL1Lljpu/3+9,4.995785167692053,7.108306731674039,5.997904201259974
1727400,bA2tJJsSFg7ZCsjBt1GRLiDzdqrM8po/vCebEme4QPhRKxb69KMCVL1Lljpu/3+9,4.728554815715616,23.954760499576828,7.698990210403697
1727700,bA2tJJsSFg7ZCsjBt1GRLiDzdqrM8po/vCebEme4QPhRKxb69KMCVL1Lljpu/3+9,5.487522248368733,35.67233849456318,9.35082683171352
1728000,bA2tJJsSFg7ZCsjBt1GRLiDzdqrM8po/vCebEme4QPhRKxb69KMCVL1Lljpu/3+9,5.012818750123075,63.2729105984233,13.495169733473052
1728300,bA2tJJsSFg7ZCsjBt1GRLiDzdqrM8po/vCebEme4QPhRKxb69KMCVL1Lljpu/3+9,5.012253056744273,9.16010537007227,6.304016467737172
1728600,bA2tJJsSFg7ZCsjBt1GRLiDzdqrM8po/vCebEme4QPhRKxb69KMCVL1Lljpu/3+9,5.13283646381768,19.44041376169104,10.243022970967273
1728900,bA2tJJsSFg7ZCsjBt1GRLiDzdqrM8po/vCebEme4QPhRKxb69KMCVL1Lljpu/3+9,10.483936885907047,40.063064706841175,14.82276423477507
1729200,bA2tJJsSFg7ZCsjBt1GRLiDzdqrM8po/vCebEme4QPhRKxb69KMCVL1Lljpu/3+9,5.37604128379749,72.63374265728613,19.24366311602307
1729500,bA2tJJsSFg7ZCsjBt1GRLiDzdqrM8po/vCebEme4QPhRKxb69KMCVL1Lljpu/3+9,5.296569953595283,8.631365285435646,6.534357132046082
1729800,bA2tJJsSFg7ZCsjBt1GRLiDzdqrM8po/vCebEme4QPhRKxb69KMCVL1Lljpu/3+9,5.100843748987686,23.89232756156569,7.649690287203309
1730100,bA2tJJsSFg7ZCsjBt1GRLiDzdqrM8po/vCebEme4QPhRKxb69KMCVL1Lljpu/3+9,4.966776839006479,34.04585839004452,8.76605662650571
1730400,bA2tJJsSFg7ZCsjBt1GRLiDzdqrM8po/vCebEme4QPhRKxb69KMCVL1Lljpu/3+9,5.243798943988582,63.612154940178726,13.398066025544413
1730700,bA2tJJsSFg7ZCsjBt1GRLiDzdqrM8po/vCebEme4QPhRKxb69KMCVL1Lljpu/3+9,5.046499751376424,7.801543092501733,6.005081356753704
1731000,bA2tJJsSFg7ZCsjBt1GRLiDzdqrM8po/vCebEme4QPhRKxb69KMCVL1Lljpu/3+9,4.905595301234829,23.19086094599029,7.530594722263503
1731300,bA2tJJsSFg7ZCsjBt1GRLiDzdqrM8po/vCebEme4QPhRKxb69KMCVL1Lljpu/3+9,4.984728390731526,21.043143934485126,8.84389292348083
1731600,bA2tJJsSFg7ZCsjBt1GRLiDzdqrM8po/vCebEme4QPhRKxb69KMCVL1Lljpu/3+9,4.842887245885445,63.88510042500893,14.181583435693687
1731900,bA2tJJsSFg7ZCsjBt1GRLiDzdqrM8po/vCebEme4QPhRKxb69KMCVL1Lljpu/3+9,5.214949383592647,8.046215341653946,6.067743719788574
1732200,bA2tJJsSFg7ZCsjBt1GRLiDzdqrM8po/vCebEme4QPhRKxb69KMCVL1Lljpu/3+9,5.163402188193683,24.243356269683545,7.63377464538028
1732500,bA2tJJsSFg7ZCsjBt1GRLiDzdqrM8po/vCebEme4QPhRKxb69KMCVL1Lljpu/3+9,5.113157180880132,27.23171116917648,8.8350991938099
1732800,bA2tJJsSFg7ZCsjBt1GRLiDzdqrM8po/vCebEme4QPhRKxb69KMCVL1Lljpu/3+9,4.8212405496132575,63.16998312151678,13.553909831083551
1733100,bA2tJJsSFg7ZCsjBt1GRLiDzdqrM8po/vCebEme4QPhRKxb69KMCVL1Lljpu/3+9,5.364110108328574,8.25303518619155,6.258835118940475
1733400,bA2tJJsSFg7ZCsjBt1GRLiDzdqrM8po/vCebEme4QPhRKxb69KMCVL1Lljpu/3+9,5.01596923312375,23.987344404526247,7.554845044309354
1733700,bA2tJJsSFg7ZCsjBt1GRLiDzdqrM8po/vCebEme4QPhRKxb69KMCVL1Lljpu/3+9,4.980720110432231,33.87626485448121,8.819951749488396
1734000,bA2tJJsSFg7ZCsjBt1GRLiDzdqrM8po/vCebEme4QPhRKxb69KMCVL1Lljpu/3+9,5.2104068781756405,54.72504291525343,13.410879830034776
1734300,bA2tJJsSFg7ZCsjBt1GRLiDzdqrM8po/vCebEme4QPhRKxb69KMCVL1Lljpu/3+9,5.180651049840493,7.8841605822994945,6.099792180229787
1734600,bA2tJJsSFg7ZCsjBt1GRLiDzdqrM8po/vCebEme4QPhRKxb69KMCVL1Lljpu/3+9,4.908944172854289,19.726923052442142,7.539559530331162
1734900,bA2tJJsSFg7ZCsjBt1GRLiDzdqrM8po/vCebEme4QPhRKxb69KMCVL1Lljpu/3+9,5.120489184211672,35.18611024489211,8.924250280291377
1735200,bA2tJJsSFg7ZCsjBt1GRLiDzdqrM8po/vCebEme4QPhRKxb69KMCVL1Lljpu/3+9,4.855861524443483,52.6933381326806,14.160118116823284
1735500,bA2tJJsSFg7ZCsjBt1GRLiDzdqrM8po/vCebEme4QPhRKxb69KMCVL1Lljpu/3+9,4.897863059538004,7.009107173541977,6.012891575165728
1735800,bA2tJJsSFg7ZCsjBt1GRLiDzdqrM8po/vCebEme4QPhRKxb69KMCVL1Lljpu/3+9,5.264785060608655,22.33547937683033,7.521939990251495
1736100,bA2tJJsSFg7ZCsjBt1GRLiDzdqrM8po/vCebEme4QPhRKxb69KMCVL1Lljpu/3+9,4.831526219850462,33.75482279562608,8.659226244496494
1736400,bA2tJJsSFg7ZCsjBt1GRLiDzdqrM8po/vCebEme4QPhRKxb69KMCVL1Lljpu/3+9,5.113628516148297,51.071734941938814,15.199392714361698
1736700,bA2tJJsSFg7ZCsjBt1GRLiDzdqrM8po/vCebEme4QPhRKxb69KMCVL1Lljpu/3+9,5.084290531753477,7.701033268506723,6.1695548857128575
1737000,bA2tJJsSFg7ZCsjBt1GRLiDzdqrM8po/vCebEme4QPhRKxb69KMCVL1Lljpu/3+9,4.935356869144395,23.07416104663767,7.721837586671654
1737300,bA2tJJsSFg7ZCsjBt1GRLiDzdqrM8po/vCebEme4QPhRKxb69KMCVL1Lljpu/3+9,5.187987924717878,28.424620599337747,9.269695405491092
1737600,bA2tJJsSFg7ZCsjBt1GRLiDzdqrM8po/vCebEme4QPhRKxb69KMCVL1Lljpu/3+9,5.227874491728206,50.0826751007369,13.61196818938198
1737900,bA2tJJsSFg7ZCsjBt1GRLiDzdqrM8po/vCebEme4QPhRKxb69KMCVL1Lljpu/3+9,5.0335714277380665,7.6690412744576415,6.018809204722326
1738200,bA2tJJsSFg7ZCsjBt1GRLiDzdqrM8po/vCebEme4QPhRKxb69KMCVL1Lljpu/3+9,4.860902007191064,21.628529529502345,7.517592830487373
1738500,bA2tJJsSFg7ZCsjBt1GRLiDzdqrM8po/vCebEme4QPhRKxb69KMCVL1Lljpu/3+9,5.074641183336512,30.028259727647438,8.958793021875518
1738800,bA2tJJsSFg7ZCsjBt1GRLiDzdqrM8po/vCebEme4QPhRKxb69KMCVL1Lljpu/3+9,5.226800412244153,45.886436493010535,14.583682543220586
1739100,bA2tJJsSFg7ZCsjBt1GRLiDzdqrM8po/vCebEme4QPhRKxb69KMCVL1Lljpu/3+9,5.024372596672387,7.567979439251232,6.106012675843943
1739400,bA2tJJsSFg7ZCsjBt1GRLiDzdqrM8po/vCebEme4QPhRKxb69KMCVL1Lljpu/3+9,5.340059564417918,23.39477428562421,7.67247960447266
1739700,bA2tJJsSFg7ZCsjBt1GRLiDzdqrM8po/vCebEme4QPhRKxb69KMCVL1Lljpu/3+9,5.107315035513332,28.99082293526108,8.907026463029753
1740000,bA2tJJsSFg7ZCsjBt1GRLiDzdqrM8po/vCebEme4QPhRKxb69KMCVL1Lljpu/3+9,5.041814679225632,40.214165615582175,13.600310785426304
1740300,bA2tJJsSFg7ZCsjBt1GRLiDzdqrM8po/vCebEme4QPhRKxb69KMCVL1Lljpu/3+9,5.241407811570068,7.697239996299053,6.2324894587656585
1740600,bA2tJJsSFg7ZCsjBt1GRLiDzdqrM8po/vCebEme4QPhRKxb69KMCVL1Lljpu/3+9,4.986419313561395,23.41823850169706,7.61800968268219
1740900,bA2tJJsSFg7ZCsjBt1GRLiDzdqrM8po/vCebEme4QPhRKxb69KMCVL1Lljpu/3+9,5.141573760340616,26.25576071270468,9.325408135071038
1741200,bA2tJJsSFg7ZCsjBt1GRLiDzdqrM8po/vCebEme4QPhRKxb69KMCVL1Lljpu/3+9,5.384573322519571,38.68659874905945,13.581590620218233
1741500,bA2tJJsSFg7ZCsjBt1GRLiDzdqrM8po/vCebEme4QPhRKxb69KMCVL1Lljpu/3+9,5.1932185626413325,8.54536979415479,6.334540866532773
1741800,bA2tJJsSFg7ZCsjBt1GRLiDzdqrM8po/vCebEme4QPhRKxb69KMCVL1Lljpu/3+9,4.955308002375721,22.62623015419028,7.607359473487816
1742100,bA2tJJsSFg7ZCsjBt1GRLiDzdqrM8po/vCebEme4QPhRKxb69KMCVL1Lljpu/3+9,5.126086059868267,34.75489218766697,8.997850402792624
1742400,bA2tJJsSFg7ZCsjBt1GRLiDzdqrM8po/vCebEme4QPhRKxb69KMCVL1Lljpu/3+9,4.996269190963178,40.79787749705262,14.40156778558284
1742700,bA2tJJsSFg7ZCsjBt1GRLiDzdqrM8po/vCebEme4QPhRKxb69KMCVL1Lljpu/3+9,5.1683738707060165,8.707846596576688,6.131678480402249
1743000,bA2tJJsSFg7ZCsjBt1GRLiDzdqrM8po/vCebEme4QPhRKxb69KMCVL1Lljpu/3+9,5.178735925394784,22.673873664546843,7.741258456937903
1743300,bA2tJJsSFg7ZCsjBt1GRLiDzdqrM8po/vCebEme4QPhRKxb69KMCVL1Lljpu/3+9,5.179012241334537,34.355820496367826,8.869995690116848
1743600,bA2tJJsSFg7ZCsjBt1GRLiDzdqrM8po/vCebEme4QPhRKxb69KMCVL1Lljpu/3+9,4.9605264030546925,35.51645958746103,13.594511597636378
1743900,bA2tJJsSFg7ZCsjBt1GRLiDzdqrM8po/vCebEme4QPhRKxb69KMCVL1Lljpu/3+9,5.207840739486134,9.256205686735225,6.160520043076714
1744200,bA2tJJsSFg7ZCsjBt1GRLiDzdqrM8po/vCebEme4QPhRKxb69KMCVL1Lljpu/3+9,4.906997571179264,97.6099416553397,36.666588273079405
1744500,bA2tJJsSFg7ZCsjBt1GRLiDzdqrM8po/vCebEme4QPhRKxb69KMCVL1Lljpu/3+9,5.023283885486443,31.13913173598396,9.140970080856036
1744800,bA2tJJsSFg7ZCsjBt1GRLiDzdqrM8po/vCebEme4QPhRKxb69KMCVL1Lljpu/3+9,5.024266247716128,97.3654762412425,39.512012439002234
1745100,bA2tJJsSFg7ZCsjBt1GRLiDzdqrM8po/vCebEme4QPhRKxb69KMCVL1Lljpu/3+9,5.2109610724637685,97.83736209834257,35.06329240495869
1745400,bA2tJJsSFg7ZCsjBt1GRLiDzdqrM8po/vCebEme4QPhRKxb69KMCVL1Lljpu/3+9,4.884129717588793,22.683007986529734,7.711418019321961
1745700,bA2tJJsSFg7ZCsjBt1GRLiDzdqrM8po/vCebEme4QPhRKxb69KMCVL1Lljpu/3+9,5.376379675979908,97.56708895467082,34.11428113274627
1746000,bA2tJJsSFg7ZCsjBt1GRLiDzdqrM8po/vCebEme4QPhRKxb69KMCVL1Lljpu/3+9,5.231232264984578,54.58158531701524,14.523281974362831
1746300,bA2tJJsSFg7ZCsjBt1GRLiDzdqrM8po/vCebEme4QPhRKxb69KMCVL1Lljpu/3+9,5.052131547595986,10.449055292764358,6.268162354745497
1746600,bA2tJJsSFg7ZCsjBt1GRLiDzdqrM8po/vCebEme4QPhRKxb69KMCVL1Lljpu/3+9,4.85646192590892,97.89544153541264,32.999211783766235
1746900,bA2tJJsSFg7ZCsjBt1GRLiDzdqrM8po/vCebEme4QPhRKxb69KMCVL1Lljpu/3+9,5.3253822801799195,97.71085797633692,34.32047321393622
1747200,bA2tJJsSFg7ZCsjBt1GRLiDzdqrM8po/vCebEme4QPhRKxb69KMCVL1Lljpu/3+9,5.104319988788434,97.40793759963348,40.241370630671874
1747500,bA2tJJsSFg7ZCsjBt1GRLiDzdqrM8po/vCebEme4QPhRKxb69KMCVL1Lljpu/3+9,5.140255972978556,11.21956867945702,6.852605712369175
1747800,bA2tJJsSFg7ZCsjBt1GRLiDzdqrM8po/vCebEme4QPhRKxb69KMCVL1Lljpu/3+9,5.064318279125748,23.79071898955684,7.916373292909226
1748100,bA2tJJsSFg7ZCsjBt1GRLiDzdqrM8po/vCebEme4QPhRKxb69KMCVL1Lljpu/3+9,5.053078263699449,31.5534726550682,9.13668069883966
1748400,bA2tJJsSFg7ZCsjBt1GRLiDzdqrM8po/vCebEme4QPhRKxb69KMCVL1Lljpu/3+9,5.009624540923701,39.71702982509292,13.454447784615711
1748700,bA2tJJsSFg7ZCsjBt1GRLiDzdqrM8po/vCebEme4QPhRKxb69KMCVL1Lljpu/3+9,5.1002202835062285,10.349282991156326,6.34244472347355
1749000,bA2tJJsSFg7ZCsjBt1GRLiDzdqrM8po/vCebEme4QPhRKxb69KMCVL1Lljpu/3+9,5.023785101320511,24.052010365143243,7.709824847988151
1749300,bA2tJJsSFg7ZCsjBt1GRLiDzdqrM8po/vCebEme4QPhRKxb69KMCVL1Lljpu/3+9,5.07029019453052,34.833667571854264,9.34651092319687
1749600,bA2tJJsSFg7ZCsjBt1GRLiDzdqrM8po/vCebEme4QPhRKxb69KMCVL1Lljpu/3+9,5.107560597380335,41.370259120627914,13.702059347487774
1749900,bA2tJJsSFg7ZCsjBt1GRLiDzdqrM8po/vCebEme4QPhRKxb69KMCVL1Lljpu/3+9,4.936283505856225,11.45833196718548,7.250581325696486
1750200,bA2tJJsSFg7ZCsjBt1GRLiDzdqrM8po/vCebEme4QPhRKxb69KMCVL1Lljpu/3+9,5.205820985549273,18.496349193367383,7.19936909955171
1750500,bA2tJJsSFg7ZCsjBt1GRLiDzdqrM8po/vCebEme4QPhRKxb69KMCVL1Lljpu/3+9,5.222162476642886,25.270156935486145,9.64314769276329
1750800,bA2tJJsSFg7ZCsjBt1GRLiDzdqrM8po/vCebEme4QPhRKxb69KMCVL1Lljpu/3+9,5.164511145585008,40.15382986230434,11.931109223110845
1751100,bA2tJJsSFg7ZCsjBt1GRLiDzdqrM8po/vCebEme4QPhRKxb69KMCVL1Lljpu/3+9,5.122879966398798,21.790758871497445,8.026145060155603
1751400,bA2tJJsSFg7ZCsjBt1GRLiDzdqrM8po/vCebEme4QPhRKxb69KMCVL1Lljpu/3+9,5.138410988066309,7.366782159325098,5.928871695402536
1751700,bA2tJJsSFg7ZCsjBt1GRLiDzdqrM8po/vCebEme4QPhRKxb69KMCVL1Lljpu/3+9,4.893347367358109,34.59761623757377,10.638663351206263
1752000,bA2tJJsSFg7ZCsjBt1GRLiDzdqrM8po/vCebEme4QPhRKxb69KMCVL1Lljpu/3+9,5.037582644287523,44.39023481412705,12.027355062292816
1752300,bA2tJJsSFg7ZCsjBt1GRLiDzdqrM8po/vCebEme4QPhRKxb69KMCVL1Lljpu/3+9,5.201604285496342,22.12563990815116,8.238064318649917
1752600,bA2tJJsSFg7ZCsjBt1GRLiDzdqrM8po/vCebEme4QPhRKxb69KMCVL1Lljpu/3+9,5.009619513427404,8.610315396792961,6.061622232086067
1752900,bA2tJJsSFg7ZCsjBt1GRLiDzdqrM8po/vCebEme4QPhRKxb69KMCVL1Lljpu/3+9,5.150185165025809,24.73251789238701,10.726858009694372
1753200,bA2tJJsSFg7ZCsjBt1GRLiDzdqrM8po/vCebEme4QPhRKxb69KMCVL1Lljpu/3+9,4.922238794708605,43.26483379953739,11.598793922570229
1753500,bA2tJJsSFg7ZCsjBt1GRLiDzdqrM8po/vCebEme4QPhRKxb69KMCVL1Lljpu/3+9,5.082503502176852,21.451169281806774,8.309314679680973
1753800,bA2tJJsSFg7ZCsjBt1GRLiDzdqrM8po/vCebEme4QPhRKxb69KMCVL1Lljpu/3+9,5.341812336445414,7.045112565697115,6.044859354041401
1754100,bA2tJJsSFg7ZCsjBt1GRLiDzdqrM8po/vCebEme4QPhRKxb69KMCVL1Lljpu/3+9,5.004149681181248,34.139663280304724,10.831891297752671
1754400,bA2tJJsSFg7ZCsjBt1GRLiDzdqrM8po/vCebEme4QPhRKxb69KMCVL1Lljpu/3+9,5.155639572446582,47.17142329951278,11.99801625606442
1754700,bA2tJJsSFg7ZCsjBt1GRLiDzdqrM8po/vCebEme4QPhRKxb69KMCVL1Lljpu/3+9,5.05034639159947,22.41626618776383,8.102854292734019
1755000,bA2tJJsSFg7ZCsjBt1GRLiDzdqrM8po/vCebEme4QPhRKxb69KMCVL1Lljpu/3+9,5.254643388628301,7.530363942687117,6.332658698976218
1755300,bA2tJJsSFg7ZCsjBt1GRLiDzdqrM8po/vCebEme4QPhRKxb69KMCVL1Lljpu/3+9,5.199647244463711,38.12801897667292,10.85749023228652
1755600,bA2tJJsSFg7ZCsjBt1GRLiDzdqrM8po/vCebEme4QPhRKxb69KMCVL1Lljpu/3+9,5.089987232169996,47.86134918207112,11.814007380125528
1755900,bA2tJJsSFg7ZCsjBt1GRLiDzdqrM8po/vCebEme4QPhRKxb69KMCVL1Lljpu/3+9,5.265876019602807,22.013432289687923,8.051801819855635
1756200,bA2tJJsSFg7ZCsjBt1GRLiDzdqrM8po/vCebEme4QPhRKxb69KMCVL1Lljpu/3+9,5.087452316589056,8.047467384929742,6.072212457432405
1756500,bA2tJJsSFg7ZCsjBt1GRLiDzdqrM8po/vCebEme4QPhRKxb69KMCVL1Lljpu/3+9,5.091291325487653,33.2275670309408,10.905753478806336
1756800,bA2tJJsSFg7ZCsjBt1GRLiDzdqrM8po/vCebEme4QPhRKxb69KMCVL1Lljpu/3+9,4.992185325402001,49.153638153119225,11.873211605407128
1757100,bA2tJJsSFg7ZCsjBt1GRLiDzdqrM8po/vCebEme4QPhRKxb69KMCVL1Lljpu/3+9,4.869972657768107,22.50653839361039,8.815866085791756
1757400,bA2tJJsSFg7ZCsjBt1GRLiDzdqrM8po/vCebEme4QPhRKxb69KMCVL1Lljpu/3+9,5.055017150653387,6.888720690176437,5.924256071410053
1757700,bA2tJJsSFg7ZCsjBt1GRLiDzdqrM8po/vCebEme4QPhRKxb69KMCVL1Lljpu/3+9,5.0882717927864105,37.81059750972747,10.99746468048555
1758000,bA2tJJsSFg7ZCsjBt1GRLiDzdqrM8po/vCebEme4QPhRKxb69KMCVL1Lljpu/3+9,5.069177974654155,54.61642441917908,12.813196241605844
1758300,bA2tJJsSFg7ZCsjBt1GRLiDzdqrM8po/vCebEme4QPhRKxb69KMCVL1Lljpu/3+9,10.789412091119026,27.902643880200827,14.222040504862276
1758600,bA2tJJsSFg7ZCsjBt1GRLiDzdqrM8po/vCebEme4QPhRKxb69KMCVL1Lljpu/3+9,5.53845750743448,14.379188697926455,10.639062956539927
1758900,bA2tJJsSFg7ZCsjBt1GRLiDzdqrM8po/vCebEme4QPhRKxb69KMCVL1Lljpu/3+9,4.9961189958501295,33.86542709058958,10.123134970053547
1759200,bA2tJJsSFg7ZCsjBt1GRLiDzdqrM8po/vCebEme4QPhRKxb69KMCVL1Lljpu/3+9,5.2637931136830245,51.69574579076808,11.884706730452573
1759500,bA2tJJsSFg7ZCsjBt1GRLiDzdqrM8po/vCebEme4QPhRKxb69KMCVL1Lljpu/3+9,5.080108799426075,22.1967477919349,7.473464299741365
1759800,bA2tJJsSFg7ZCsjBt1GRLiDzdqrM8po/vCebEme4QPhRKxb69KMCVL1Lljpu/3+9,5.11847424474509,8.8736935258731,6.288669783300069
1760100,bA2tJJsSFg7ZCsjBt1GRLiDzdqrM8po/vCebEme4QPhRKxb69KMCVL1Lljpu/3+9,4.8454950507249706,27.876082735094062,9.603645795592755
1760400,bA2tJJsSFg7ZCsjBt1GRLiDzdqrM8po/vCebEme4QPhRKxb69KMCVL1Lljpu/3+9,5.209064311297728,56.46194222644637,12.786450299232706
1760700,bA2tJJsSFg7ZCsjBt1GRLiDzdqrM8po/vCebEme4QPhRKxb69KMCVL1Lljpu/3+9,5.003495304557846,16.316976149826864,8.355475668211886
1761000,bA2tJJsSFg7ZCsjBt1GRLiDzdqrM8po/vCebEme4QPhRKxb69KMCVL1Lljpu/3+9,5.097528414282324,8.838661761174462,6.27597966509689
1761300,bA2tJJsSFg7ZCsjBt1GRLiDzdqrM8po/vCebEme4QPhRKxb69KMCVL1Lljpu/3+9,5.070829450886296,33.94374027818961,10.64300510662062
1761600,bA2tJJsSFg7ZCsjBt1GRLiDzdqrM8po/vCebEme4QPhRKxb69KMCVL1Lljpu/3+9,5.037255589687348,57.84082931556958,12.171423888434026
1761900,bA2tJJsSFg7ZCsjBt1GRLiDzdqrM8po/vCebEme4QPhRKxb69KMCVL1Lljpu/3+9,4.944905717431356,22.060200334326577,7.505093990509037
1762200,bA2tJJsSFg7ZCsjBt1GRLiDzdqrM8po/vCebEme4QPhRKxb69KMCVL1Lljpu/3+9,5.018161222121782,9.619192534319348,6.438513200761685
1762500,bA2tJJsSFg7ZCsjBt1GRLiDzdqrM8po/vCebEme4QPhRKxb69KMCVL1Lljpu/3+9,5.0059431164804415,23.65585664970719,9.369675395996765
1762800,bA2tJJsSFg7ZCsjBt1GRLiDzdqrM8po/vCebEme4QPhRKxb69KMCVL1Lljpu/3+9,5.470755729702694,59.55164035659837,13.39413025814106
1763100,bA2tJJsSFg7ZCsjBt1GRLiDzdqrM8po/vCebEme4QPhRKxb69KMCVL1Lljpu/3+9,4.98676653968032,22.358304271256728,7.464510029916358
1763400,bA2tJJsSFg7ZCsjBt1GRLiDzdqrM8po/vCebEme4QPhRKxb69KMCVL1Lljpu/3+9,5.112685629504486,8.809126470188575,6.304870062247577
1763700,bA2tJJsSFg7ZCsjBt1GRLiDzdqrM8po/vCebEme4QPhRKxb69KMCVL1Lljpu/3+9,4.971800408533811,22.043101097514736,8.98002705950869
1764000,bA2tJJsSFg7ZCsjBt1GRLiDzdqrM8po/vCebEme4QPhRKxb69KMCVL1Lljpu/3+9,5.3237697382248514,61.73229819883446,13.551980832746189
1764300,bA2tJJsSFg7ZCsjBt1GRLiDzdqrM8po/vCebEme4QPhRKxb69KMCVL1Lljpu/3+9,5.110903857844507,17.193591879274308,8.523650620435703
1764600,bA2tJJsSFg7ZCsjBt1GRLiDzdqrM8po/vCebEme4QPhRKxb69KMCVL1Lljpu/3+9,5.515036575989601,8.398247499065416,6.557181177216725
1764900,bA2tJJsSFg7ZCsjBt1GRLiDzdqrM8po/vCebEme4QPhRKxb69KMCVL1Lljpu/3+9,5.325344988331382,35.14724337086541,10.521978012088908
1765200,bA2tJJsSFg7ZCsjBt1GRLiDzdqrM8po/vCebEme4QPhRKxb69KMCVL1Lljpu/3+9,5.148079861998899,63.804689995193804,12.434165949350817
1765500,bA2tJJsSFg7ZCsjBt1GRLiDzdqrM8po/vCebEme4QPhRKxb69KMCVL1Lljpu/3+9,5.258142218136708,7.1889964338888,5.963511438056393
1765800,bA2tJJsSFg7ZCsjBt1GRLiDzdqrM8po/vCebEme4QPhRKxb69KMCVL1Lljpu/3+9,5.391437784768449,9.397457232078892,6.530882098803887
1766100,bA2tJJsSFg7ZCsjBt1GRLiDzdqrM8po/vCebEme4QPhRKxb69KMCVL1Lljpu/3+9,5.255377567491411,34.70557951799926,10.54061461194506
1766400,bA2tJJsSFg7ZCsjBt1GRLiDzdqrM8po/vCebEme4QPhRKxb69KMCVL1Lljpu/3+9,5.360890390564848,66.54597054418345,12.689231562350445
1766700,bA2tJJsSFg7ZCsjBt1GRLiDzdqrM8po/vCebEme4QPhRKxb69KMCVL1Lljpu/3+9,5.378700135243308,24.10455818706184,8.05088372965963
1767000,bA2tJJsSFg7ZCsjBt1GRLiDzdqrM8po/vCebEme4QPhRKxb69KMCVL1Lljpu/3+9,5.678435504246548,9.846530781320226,6.851842008813948
1767300,bA2tJJsSFg7ZCsjBt1GRLiDzdqrM8po/vCebEme4QPhRKxb69KMCVL1Lljpu/3+9,5.4764817685733655,36.07145797461335,11.105655616116486
1767600,bA2tJJsSFg7ZCsjBt1GRLiDzdqrM8po/vCebEme4QPhRKxb69KMCVL1Lljpu/3+9,5.849824390980845,65.65486270395314,12.831128279066224
1767900,bA2tJJsSFg7ZCsjBt1GRLiDzdqrM8po/vCebEme4QPhRKxb69KMCVL1Lljpu/3+9,5.593401759393062,23.7993823771479,8.184408083742545
1768200,bA2tJJsSFg7ZCsjBt1GRLiDzdqrM8po/vCebEme4QPhRKxb69KMCVL1Lljpu/3+9,5.931584341014972,11.805939816378777,7.621943715051974
1768500,bA2tJJsSFg7ZCsjBt1GRLiDzdqrM8po/vCebEme4QPhRKxb69KMCVL1Lljpu/3+9,5.520988705884511,35.50063601835142,10.971724305134217
1768800,bA2tJJsSFg7ZCsjBt1GRLiDzdqrM8po/vCebEme4QPhRKxb69KMCVL1Lljpu/3+9,5.529967186419899,64.68221105140147,13.247171723721369
1769100,bA2tJJsSFg7ZCsjBt1GRLiDzdqrM8po/vCebEme4QPhRKxb69KMCVL1Lljpu/3+9,5.547123956015045,7.857945492663877,6.395684795343908
1769400,bA2tJJsSFg7ZCsjBt1GRLiDzdqrM8po/vCebEme4QPhRKxb69KMCVL1Lljpu/3+9,5.700076134425162,8.241673560157938,6.690126957721814
1769700,bA2tJJsSFg7ZCsjBt1GRLiDzdqrM8po/vCebEme4QPhRKxb69KMCVL1Lljpu/3+9,5.5394316819695995,23.271281138217184,8.17219483116477
1770000,bA2tJJsSFg7ZCsjBt1GRLiDzdqrM8po/vCebEme4QPhRKxb69KMCVL1Lljpu/3+9,6.683470589902654,67.14770533436447,16.076852436020292
1770300,bA2tJJsSFg7ZCsjBt1GRLiDzdqrM8po/vCebEme4QPhRKxb69KMCVL1Lljpu/3+9,5.455086576119234,23.98131516572307,8.156539871178365
1770600,bA2tJJsSFg7ZCsjBt1GRLiDzdqrM8po/vCebEme4QPhRKxb69KMCVL1Lljpu/3+9,5.482718879355478,9.6396872784097,6.7434609160427375
1770900,bA2tJJsSFg7ZCsjBt1GRLiDzdqrM8po/vCebEme4QPhRKxb69KMCVL1Lljpu/3+9,5.48521865482494,27.78615492770844,10.254104025818494
1771200,bA2tJJsSFg7ZCsjBt1GRLiDzdqrM8po/vCebEme4QPhRKxb69KMCVL1Lljpu/3+9,5.487795207855898,64.80552076006708,13.241801609966556
1771500,bA2tJJsSFg7ZCsjBt1GRLiDzdqrM8po/vCebEme4QPhRKxb69KMCVL1Lljpu/3+9,5.323519130006852,21.68951189207588,7.573624887922259
1771800,bA2tJJsSFg7ZCsjBt1GRLiDzdqrM8po/vCebEme4QPhRKxb69KMCVL1Lljpu/3+9,5.132143113716981,14.457129980933116,7.14158001157662
1772100,bA2tJJsSFg7ZCsjBt1GRLiDzdqrM8po/vCebEme4QPhRKxb69KMCVL1Lljpu/3+9,5.222150568473888,21.491356051865523,8.673295251453357
1772400,bA2tJJsSFg7ZCsjBt1GRLiDzdqrM8po/vCebEme4QPhRKxb69KMCVL1Lljpu/3+9,5.637427751111916,58.11006337888652,13.964253885710884
1772700,bA2tJJsSFg7ZCsjBt1GRLiDzdqrM8po/vCebEme4QPhRKxb69KMCVL1Lljpu/3+9,4.845459006119556,21.80456134472564,7.523418994454371
1773000,bA2tJJsSFg7ZCsjBt1GRLiDzdqrM8po/vCebEme4QPhRKxb69KMCVL1Lljpu/3+9,5.3040563221923405,9.11051121341978,6.270308412251927
1773300,bA2tJJsSFg7ZCsjBt1GRLiDzdqrM8po/vCebEme4QPhRKxb69KMCVL1Lljpu/3+9,5.00043344632047,33.99905386593142,10.712738201953844
1773600,bA2tJJsSFg7ZCsjBt1GRLiDzdqrM8po/vCebEme4QPhRKxb69KMCVL1Lljpu/3+9,5.088164136389876,57.13459102145979,12.10227830007708
1773900,bA2tJJsSFg7ZCsjBt1GRLiDzdqrM8po/vCebEme4QPhRKxb69KMCVL1Lljpu/3+9,5.312249110893996,19.198777243065216,7.635353273730275
1774200,bA2tJJsSFg7ZCsjBt1GRLiDzdqrM8po/vCebEme4QPhRKxb69KMCVL1Lljpu/3+9,5.202419666706456,9.196749801772564,6.3713784772115245
1774500,bA2tJJsSFg7ZCsjBt1GRLiDzdqrM8po/vCebEme4QPhRKxb69KMCVL1Lljpu/3+9,5.255747470184588,22.988768429429605,8.513967402269541
1774800,bA2tJJsSFg7ZCsjBt1GRLiDzdqrM8po/vCebEme4QPhRKxb69KMCVL1Lljpu/3+9,5.181477044631207,54.87591600262038,14.044107437207783
1775100,bA2tJJsSFg7ZCsjBt1GRLiDzdqrM8po/vCebEme4QPhRKxb69KMCVL1Lljpu/3+9,5.081975890297245,22.72203032664497,7.483314146275387
1775400,bA2tJJsSFg7ZCsjBt1GRLiDzdqrM8po/vCebEme4QPhRKxb69KMCVL1Lljpu/3+9,5.31474572841092,12.012082937561098,7.291513402996514
1775700,bA2tJJsSFg7ZCsjBt1GRLiDzdqrM8po/vCebEme4QPhRKxb69KMCVL1Lljpu/3+9,5.152329702737051,33.00974851850055,10.27689407773608
1776000,bA2tJJsSFg7ZCsjBt1GRLiDzdqrM8po/vCebEme4QPhRKxb69KMCVL1Lljpu/3+9,5.320785363817223,54.579306293584224,12.28889144756379
1776300,bA2tJJsSFg7ZCsjBt1GRLiDzdqrM8po/vCebEme4QPhRKxb69KMCVL1Lljpu/3+9,5.08021352758515,23.879140976002297,7.632113736466704
1776600,bA2tJJsSFg7ZCsjBt1GRLiDzdqrM8po/vCebEme4QPhRKxb69KMCVL1Lljpu/3+9,5.430190136623729,8.492434157918945,6.4940702748184025
1776900,bA2tJJsSFg7ZCsjBt1GRLiDzdqrM8po/vCebEme4QPhRKxb69KMCVL1Lljpu/3+9,5.383192051742007,24.39937298654959,10.147771946046992
1777200,bA2tJJsSFg7ZCsjBt1GRLiDzdqrM8po/vCebEme4QPhRKxb69KMCVL1Lljpu/3+9,5.429732372204912,54.243508594959415,13.448842166340516
1777500,bA2tJJsSFg7ZCsjBt1GRLiDzdqrM8po/vCebEme4QPhRKxb69KMCVL1Lljpu/3+9,5.13050785044909,16.40416624998285,7.642434524359229
1777800,bA2tJJsSFg7ZCsjBt1GRLiDzdqrM8po/vCebEme4QPhRKxb69KMCVL1Lljpu/3+9,5.4088676103744815,10.161251686813385,6.525873810725887
1778100,bA2tJJsSFg7ZCsjBt1GRLiDzdqrM8po/vCebEme4QPhRKxb69KMCVL1Lljpu/3+9,5.294870363211748,34.57759646385317,10.557611517904942
1778400,bA2tJJsSFg7ZCsjBt1GRLiDzdqrM8po/vCebEme4QPhRKxb69KMCVL1Lljpu/3+9,5.3676482749242185,53.758658544667526,12.342720688695533
1778700,bA2tJJsSFg7ZCsjBt1GRLiDzdqrM8po/vCebEme4QPhRKxb69KMCVL1Lljpu/3+9,5.069454285721294,22.75166100348049,7.54213022180904
1779000,bA2tJJsSFg7ZCsjBt1GRLiDzdqrM8po/vCebEme4QPhRKxb69KMCVL1Lljpu/3+9,4.989491647679409,10.843331978242924,7.199837940716505
1779300,bA2tJJsSFg7ZCsjBt1GRLiDzdqrM8po/vCebEme4QPhRKxb69KMCVL1Lljpu/3+9,5.108784553864604,34.48797147557954,10.387794807636643
1779600,bA2tJJsSFg7ZCsjBt1GRLiDzdqrM8po/vCebEme4QPhRKxb69KMCVL1Lljpu/3+9,5.076937485938154,53.178437092024005,12.289238672530972
1779900,bA2tJJsSFg7ZCsjBt1GRLiDzdqrM8po/vCebEme4QPhRKxb69KMCVL1Lljpu/3+9,5.14881125382042,23.956299909994897,7.612177459909804
1780200,bA2tJJsSFg7ZCsjBt1GRLiDzdqrM8po/vCebEme4QPhRKxb69KMCVL1Lljpu/3+9,5.129999664829297,10.171870183089512,6.452593166551112
1780500,bA2tJJsSFg7ZCsjBt1GRLiDzdqrM8po/vCebEme4QPhRKxb69KMCVL1Lljpu/3+9,5.222352907658072,34.459454006163945,10.247266327527765
1780800,bA2tJJsSFg7ZCsjBt1GRLiDzdqrM8po/vCebEme4QPhRKxb69KMCVL1Lljpu/3+9,5.071324421572715,48.097440752112206,12.237157552448975
1781100,bA2tJJsSFg7ZCsjBt1GRLiDzdqrM8po/vCebEme4QPhRKxb69KMCVL1Lljpu/3+9,5.025621532814462,21.79173142256333,7.730611939807423
1781400,bA2tJJsSFg7ZCsjBt1GRLiDzdqrM8po/vCebEme4QPhRKxb69KMCVL1Lljpu/3+9,5.062936930930966,10.287781033112529,6.312479093697758
1781700,bA2tJJsSFg7ZCsjBt1GRLiDzdqrM8po/vCebEme4QPhRKxb69KMCVL1Lljpu/3+9,5.043457024651328,51.181410998269655,10.336664424506196
1782000,bA2tJJsSFg7ZCsjBt1GRLiDzdqrM8po/vCebEme4QPhRKxb69KMCVL1Lljpu/3+9,5.297981647222124,46.32622327871027,12.268991923641703
1782300,bA2tJJsSFg7ZCsjBt1GRLiDzdqrM8po/vCebEme4QPhRKxb69KMCVL1Lljpu/3+9,4.9911455688963065,22.031717130045596,7.5150352195929235
1782600,bA2tJJsSFg7ZCsjBt1GRLiDzdqrM8po/vCebEme4QPhRKxb69KMCVL1Lljpu/3+9,5.2355971827540495,11.705071546592947,7.265153742725203
1782900,bA2tJJsSFg7ZCsjBt1GRLiDzdqrM8po/vCebEme4QPhRKxb69KMCVL1Lljpu/3+9,5.08997437777537,21.93185796434005,7.474245491378356
1783200,bA2tJJsSFg7ZCsjBt1GRLiDzdqrM8po/vCebEme4QPhRKxb69KMCVL1Lljpu/3+9,5.269760338152529,44.363978210739575,15.245489491977995
1783500,bA2tJJsSFg7ZCsjBt1GRLiDzdqrM8po/vCebEme4QPhRKxb69KMCVL1Lljpu/3+9,5.190715308957862,13.432046101892375,6.796488811011803
1783800,bA2tJJsSFg7ZCsjBt1GRLiDzdqrM8po/vCebEme4QPhRKxb69KMCVL1Lljpu/3+9,5.483049569520907,14.66723365334814,7.438747859808541
1784100,bA2tJJsSFg7ZCsjBt1GRLiDzdqrM8po/vCebEme4QPhRKxb69KMCVL1Lljpu/3+9,5.233684493764578,18.392799857687017,7.196468859757531
1784400,bA2tJJsSFg7ZCsjBt1GRLiDzdqrM8po/vCebEme4QPhRKxb69KMCVL1Lljpu/3+9,5.247487452489391,38.338615462652086,15.735321361881788
1784700,bA2tJJsSFg7ZCsjBt1GRLiDzdqrM8po/vCebEme4QPhRKxb69KMCVL1Lljpu/3+9,5.050309022489879,7.420492364984638,6.0710579524507855
1785000,bA2tJJsSFg7ZCsjBt1GRLiDzdqrM8po/vCebEme4QPhRKxb69KMCVL1Lljpu/3+9,5.084746163715251,21.847969587765657,8.163370225503598
1785300,bA2tJJsSFg7ZCsjBt1GRLiDzdqrM8po/vCebEme4QPhRKxb69KMCVL1Lljpu/3+9,5.266881483271469,7.292045045585048,5.860932643048029
1785600,bA2tJJsSFg7ZCsjBt1GRLiDzdqrM8po/vCebEme4QPhRKxb69KMCVL1Lljpu/3+9,5.085113219239757,52.05629479576446,17.30216179511071
1785900,bA2tJJsSFg7ZCsjBt1GRLiDzdqrM8po/vCebEme4QPhRKxb69KMCVL1Lljpu/3+9,5.109155551081055,7.131636764284882,6.027196635378865
1786200,bA2tJJsSFg7ZCsjBt1GRLiDzdqrM8po/vCebEme4QPhRKxb69KMCVL1Lljpu/3+9,5.232632514376679,18.67032500916491,8.775994017319357
1786500,bA2tJJsSFg7ZCsjBt1GRLiDzdqrM8po/vCebEme4QPhRKxb69KMCVL1Lljpu/3+9,5.021259611905308,8.160249742473187,6.228550153722986
1786800,bA2tJJsSFg7ZCsjBt1GRLiDzdqrM8po/vCebEme4QPhRKxb69KMCVL1Lljpu/3+9,4.958541005553465,38.66928491690405,16.816116170240484
1787100,bA2tJJsSFg7ZCsjBt1GRLiDzdqrM8po/vCebEme4QPhRKxb69KMCVL1Lljpu/3+9,5.015055975225722,7.315364567671705,6.0243356696132295
1787400,bA2tJJsSFg7ZCsjBt1GRLiDzdqrM8po/vCebEme4QPhRKxb69KMCVL1Lljpu/3+9,5.223704672264694,22.2370572478468,9.424148936118483
1787700,bA2tJJsSFg7ZCsjBt1GRLiDzdqrM8po/vCebEme4QPhRKxb69KMCVL1Lljpu/3+9,10.646302864252505,13.842922790863126,11.718650029466463
1788000,bA2tJJsSFg7ZCsjBt1GRLiDzdqrM8po/vCebEme4QPhRKxb69KMCVL1Lljpu/3+9,7.092534465839958,40.965675090481966,20.47652845695095
1788300,bA2tJJsSFg7ZCsjBt1GRLiDzdqrM8po/vCebEme4QPhRKxb69KMCVL1Lljpu/3+9,4.965807647482199,7.324764947390815,5.992103928707742
1788600,bA2tJJsSFg7ZCsjBt1GRLiDzdqrM8po/vCebEme4QPhRKxb69KMCVL1Lljpu/3+9,5.170934071110297,22.22704781961872,7.992349430449563
1788900,bA2tJJsSFg7ZCsjBt1GRLiDzdqrM8po/vCebEme4QPhRKxb69KMCVL1Lljpu/3+9,5.212594473529828,8.905538528968137,6.263660303419321
1789200,bA2tJJsSFg7ZCsjBt1GRLiDzdqrM8po/vCebEme4QPhRKxb69KMCVL1Lljpu/3+9,5.300630553727202,42.52099777919214,16.289522930349595
1789500,bA2tJJsSFg7ZCsjBt1GRLiDzdqrM8po/vCebEme4QPhRKxb69KMCVL1Lljpu/3+9,5.247561191736376,7.566558550980022,6.092842606238268
1789800,bA2tJJsSFg7ZCsjBt1GRLiDzdqrM8po/vCebEme4QPhRKxb69KMCVL1Lljpu/3+9,5.051772480286759,22.28669922737304,8.059413524857796
1790100,bA2tJJsSFg7ZCsjBt1GRLiDzdqrM8po/vCebEme4QPhRKxb69KMCVL1Lljpu/3+9,4.97817721774302,10.79820122035654,6.727220919426956
1790400,bA2tJJsSFg7ZCsjBt1GRLiDzdqrM8po/vCebEme4QPhRKxb69KMCVL1Lljpu/3+9,5.29180987082917,54.18871720171329,16.70341825576376
1790700,bA2tJJsSFg7ZCsjBt1GRLiDzdqrM8po/vCebEme4QPhRKxb69KMCVL1Lljpu/3+9,5.078675380982289,7.56569728173169,6.02839220352558
1791000,bA2tJJsSFg7ZCsjBt1GRLiDzdqrM8po/vCebEme4QPhRKxb69KMCVL1Lljpu/3+9,5.03343732537226,22.09786507518195,7.863597143707071
1791300,bA2tJJsSFg7ZCsjBt1GRLiDzdqrM8po/vCebEme4QPhRKxb69KMCVL1Lljpu/3+9,4.970051451787704,14.587972310137076,6.831131217578912
1791600,bA2tJJsSFg7ZCsjBt1GRLiDzdqrM8po/vCebEme4QPhRKxb69KMCVL1Lljpu/3+9,5.113751367467592,54.290728399135126,15.330289037600204
1791900,bA2tJJsSFg7ZCsjBt1GRLiDzdqrM8po/vCebEme4QPhRKxb69KMCVL1Lljpu/3+9,4.9049884178536844,7.41795127143857,5.9146070886736375
1792200,bA2tJJsSFg7ZCsjBt1GRLiDzdqrM8po/vCebEme4QPhRKxb69KMCVL1Lljpu/3+9,5.095161443569565,21.238453951626795,7.814803708203201
1792500,bA2tJJsSFg7ZCsjBt1GRLiDzdqrM8po/vCebEme4QPhRKxb69KMCVL1Lljpu/3+9,5.00543781636905,6.94934757382188,5.807225626238912
1792800,bA2tJJsSFg7ZCsjBt1GRLiDzdqrM8po/vCebEme4QPhRKxb69KMCVL1Lljpu/3+9,5.241475204103091,57.02555907421524,16.51300279716807
1793100,bA2tJJsSFg7ZCsjBt1GRLiDzdqrM8po/vCebEme4QPhRKxb69KMCVL1Lljpu/3+9,5.1279103367261065,7.133289013616644,5.975090530390027
1793400,bA2tJJsSFg7ZCsjBt1GRLiDzdqrM8po/vCebEme4QPhRKxb69KMCVL1Lljpu/3+9,5.0936768516677535,22.267892701700013,7.8964433093652096
1793700,bA2tJJsSFg7ZCsjBt1GRLiDzdqrM8po/vCebEme4QPhRKxb69KMCVL1Lljpu/3+9,5.248645463315972,11.856144371647224,6.71986243626416
1794000,bA2tJJsSFg7ZCsjBt1GRLiDzdqrM8po/vCebEme4QPhRKxb69KMCVL1Lljpu/3+9,5.067131932025269,61.40376067821564,16.506134108810226
1794300,bA2tJJsSFg7ZCsjBt1GRLiDzdqrM8po/vCebEme4QPhRKxb69KMCVL1Lljpu/3+9,5.158297312961901,7.013470314636107,5.939555031334304
1794600,bA2tJJsSFg7ZCsjBt1GRLiDzdqrM8po/vCebEme4QPhRKxb69KMCVL1Lljpu/3+9,5.084199641988901,21.624497042213967,7.796341058444659
1794900,bA2tJJsSFg7ZCsjBt1GRLiDzdqrM8po/vCebEme4QPhRKxb69KMCVL1Lljpu/3+9,5.108483055439828,7.131828363059395,5.801282634394747
1795200,bA2tJJsSFg7ZCsjBt1GRLiDzdqrM8po/vCebEme4QPhRKxb69KMCVL1Lljpu/3+9,5.290929449322545,64.12614810468621,16.646943744924254
1795500,bA2tJJsSFg7ZCsjBt1GRLiDzdqrM8po/vCebEme4QPhRKxb69KMCVL1Lljpu/3+9,5.22342872031725,7.23868165148536,6.060743958759136
1795800,bA2tJJsSFg7ZCsjBt1GRLiDzdqrM8po/vCebEme4QPhRKxb69KMCVL1Lljpu/3+9,5.158964465449557,23.1921825172998,7.973319760619818
1796100,bA2tJJsSFg7ZCsjBt1GRLiDzdqrM8po/vCebEme4QPhRKxb69KMCVL1Lljpu/3+9,5.156651270049816,7.26552005584063,6.02943133362364
1796400,bA2tJJsSFg7ZCsjBt1GRLiDzdqrM8po/vCebEme4QPhRKxb69KMCVL1Lljpu/3+9,5.42588454995068,64.67889182273231,16.698036352401424
1796700,bA2tJJsSFg7ZCsjBt1GRLiDzdqrM8po/vCebEme4QPhRKxb69KMCVL1Lljpu/3+9,5.18824420193345,7.023446726041633,5.972068374114317
1797000,bA2tJJsSFg7ZCsjBt1GRLiDzdqrM8po/vCebEme4QPhRKxb69KMCVL1Lljpu/3+9,4.970004326732528,21.221012335788583,7.7992663936022115
1797300,bA2tJJsSFg7ZCsjBt1GRLiDzdqrM8po/vCebEme4QPhRKxb69KMCVL1Lljpu/3+9,5.1463954433110395,10.38132955582631,6.736573101651744
1797600,bA2tJJsSFg7ZCsjBt1GRLiDzdqrM8po/vCebEme4QPhRKxb69KMCVL1Lljpu/3+9,5.3996242842502085,61.379846715687954,16.46072917059396
1797900,bA2tJJsSFg7ZCsjBt1GRLiDzdqrM8po/vCebEme4QPhRKxb69KMCVL1Lljpu/3+9,5.104384823294285,8.177549920649932,6.165834947231728
1798200,bA2tJJsSFg7ZCsjBt1GRLiDzdqrM8po/vCebEme4QPhRKxb69KMCVL1Lljpu/3+9,5.496991857334482,21.824180857639,8.021911585471694
1798500,bA2tJJsSFg7ZCsjBt1GRLiDzdqrM8po/vCebEme4QPhRKxb69KMCVL1Lljpu/3+9,5.176308248972102,6.869196011202457,5.9885202470861705
1798800,bA2tJJsSFg7ZCsjBt1GRLiDzdqrM8po/vCebEme4QPhRKxb69KMCVL1Lljpu/3+9,5.153198772884329,58.92934435248608,16.07489499262748
1799100,bA2tJJsSFg7ZCsjBt1GRLiDzdqrM8po/vCebEme4QPhRKxb69KMCVL1Lljpu/3+9,5.3228780078919335,11.2903206297476,6.56871093407839
1799400,bA2tJJsSFg7ZCsjBt1GRLiDzdqrM8po/vCebEme4QPhRKxb69KMCVL1Lljpu/3+9,5.009307566525676,21.684373276224335,7.869631864086013
1799700,bA2tJJsSFg7ZCsjBt1GRLiDzdqrM8po/vCebEme4QPhRKxb69KMCVL1Lljpu/3+9,5.210400826870621,6.704093497536819,5.82852703787747
1800000,bA2tJJsSFg7ZCsjBt1GRLiDzdqrM8po/vCebEme4QPhRKxb69KMCVL1Lljpu/3+9,5.411238628515925,58.887816799193835,16.253216241325642
1800300,bA2tJJsSFg7ZCsjBt1GRLiDzdqrM8po/vCebEme4QPhRKxb69KMCVL1Lljpu/3+9,5.207803125522585,10.584187554342757,6.385430376354452
1800600,bA2tJJsSFg7ZCsjBt1GRLiDzdqrM8po/vCebEme4QPhRKxb69KMCVL1Lljpu/3+9,5.087924628408266,22.351449819700935,7.862209073301661
1800900,bA2tJJsSFg7ZCsjBt1GRLiDzdqrM8po/vCebEme4QPhRKxb69KMCVL1Lljpu/3+9,5.1604517421396086,11.364291903768668,6.6715979226927375
1801200,bA2tJJsSFg7ZCsjBt1GRLiDzdqrM8po/vCebEme4QPhRKxb69KMCVL1Lljpu/3+9,5.138489386891539,58.8882386122913,16.146982566855563
1801500,bA2tJJsSFg7ZCsjBt1GRLiDzdqrM8po/vCebEme4QPhRKxb69KMCVL1Lljpu/3+9,5.122087416830675,10.044837823137485,6.334711208900478
1801800,bA2tJJsSFg7ZCsjBt1GRLiDzdqrM8po/vCebEme4QPhRKxb69KMCVL1Lljpu/3+9,5.128650180673789,22.20191678700124,7.859569433941601
1802100,bA2tJJsSFg7ZCsjBt1GRLiDzdqrM8po/vCebEme4QPhRKxb69KMCVL1Lljpu/3+9,5.18356167534443,6.567354346362587,5.794350830188771
1802400,bA2tJJsSFg7ZCsjBt1GRLiDzdqrM8po/vCebEme4QPhRKxb69KMCVL1Lljpu/3+9,5.158489573633094,56.026768909170926,15.734643938815443
1802700,bA2tJJsSFg7ZCsjBt1GRLiDzdqrM8po/vCebEme4QPhRKxb69KMCVL1Lljpu/3+9,5.19505686242309,13.220032686968022,6.64692982075167
1803000,bA2tJJsSFg7ZCsjBt1GRLiDzdqrM8po/vCebEme4QPhRKxb69KMCVL1Lljpu/3+9,4.916453692492567,17.82805589287418,7.745635212007371
1803300,bA2tJJsSFg7ZCsjBt1GRLiDzdqrM8po/vCebEme4QPhRKxb69KMCVL1Lljpu/3+9,5.169700404134668,6.697232878613244,5.801047345030994
1803600,bA2tJJsSFg7ZCsjBt1GRLiDzdqrM8po/vCebEme4QPhRKxb69KMCVL1Lljpu/3+9,5.338656109594533,53.94296651819448,15.464610076853138
1803900,bA2tJJsSFg7ZCsjBt1GRLiDzdqrM8po/vCebEme4QPhRKxb69KMCVL1Lljpu/3+9,5.155747271004186,14.98183389108031,6.769943223264501
1804200,bA2tJJsSFg7ZCsjBt1GRLiDzdqrM8po/vCebEme4QPhRKxb69KMCVL1Lljpu/3+9,5.195165911202154,23.08831943733457,7.778303576073488
1804500,bA2tJJsSFg7ZCsjBt1GRLiDzdqrM8po/vCebEme4QPhRKxb69KMCVL1Lljpu/3+9,5.245758878454044,10.723068025819275,6.987991777701495
1804800,bA2tJJsSFg7ZCsjBt1GRLiDzdqrM8po/vCebEme4QPhRKxb69KMCVL1Lljpu/3+9,5.006440966175438,53.55225202443288,15.563105584920642
1805100,bA2tJJsSFg7ZCsjBt1GRLiDzdqrM8po/vCebEme4QPhRKxb69KMCVL1Lljpu/3+9,5.08333936647602,15.209802689070369,7.0648409865605
1805400,bA2tJJsSFg7ZCsjBt1GRLiDzdqrM8po/vCebEme4QPhRKxb69KMCVL1Lljpu/3+9,5.228460060151558,23.213194344873244,7.810530317153956
1805700,bA2tJJsSFg7ZCsjBt1GRLiDzdqrM8po/vCebEme4QPhRKxb69KMCVL1Lljpu/3+9,5.126683027686307,6.9873424010345015,5.979374281207381
1806000,bA2tJJsSFg7ZCsjBt1GRLiDzdqrM8po/vCebEme4QPhRKxb69KMCVL1Lljpu/3+9,5.348664187479195,53.60281192418694,15.444634054828729
1806300,bA2tJJsSFg7ZCsjBt1GRLiDzdqrM8po/vCebEme4QPhRKxb69KMCVL1Lljpu/3+9,5.191777659971996,16.912815984334035,6.977513091558025
1806600,bA2tJJsSFg7ZCsjBt1GRLiDzdqrM8po/vCebEme4QPhRKxb69KMCVL1Lljpu/3+9,5.021099451440285,15.894099836290312,7.68300742570803
1806900,bA2tJJsSFg7ZCsjBt1GRLiDzdqrM8po/vCebEme4QPhRKxb69KMCVL1Lljpu/3+9,4.957921995579503,6.921394904454886,5.925495645926676
1807200,bA2tJJsSFg7ZCsjBt1GRLiDzdqrM8po/vCebEme4QPhRKxb69KMCVL1Lljpu/3+9,5.361132220959078,51.88579014249739,15.278407884294804
1807500,bA2tJJsSFg7ZCsjBt1GRLiDzdqrM8po/vCebEme4QPhRKxb69KMCVL1Lljpu/3+9,5.174603501730644,17.398481021546484,7.265132983630957
1807800,bA2tJJsSFg7ZCsjBt1GRLiDzdqrM8po/vCebEme4QPhRKxb69KMCVL1Lljpu/3+9,5.190769026519273,23.121905504182344,7.791533738042008
1808100,bA2tJJsSFg7ZCsjBt1GRLiDzdqrM8po/vCebEme4QPhRKxb69KMCVL1Lljpu/3+9,5.273099005155172,7.247768477338066,6.100140584379744
1808400,bA2tJJsSFg7ZCsjBt1GRLiDzdqrM8po/vCebEme4QPhRKxb69KMCVL1Lljpu/3+9,5.184106375860932,50.15316213311008,15.681842049104814
1808700,bA2tJJsSFg7ZCsjBt1GRLiDzdqrM8po/vCebEme4QPhRKxb69KMCVL1Lljpu/3+9,5.20577314831653,18.71398806374852,7.34312481632865
1809000,bA2tJJsSFg7ZCsjBt1GRLiDzdqrM8po/vCebEme4QPhRKxb69KMCVL1Lljpu/3+9,5.037799498550355,22.523684639740043,7.694729280377101
1809300,bA2tJJsSFg7ZCsjBt1GRLiDzdqrM8po/vCebEme4QPhRKxb69KMCVL1Lljpu/3+9,5.061994592525595,6.6392903697957415,5.882749988403698
1809600,bA2tJJsSFg7ZCsjBt1GRLiDzdqrM8po/vCebEme4QPhRKxb69KMCVL1Lljpu/3+9,5.183869909930288,44.99424698548806,14.625609779604074
1809900,bA2tJJsSFg7ZCsjBt1GRLiDzdqrM8po/vCebEme4QPhRKxb69KMCVL1Lljpu/3+9,5.116667985773814,24.877805814706537,7.787027824673066
1810200,bA2tJJsSFg7ZCsjBt1GRLiDzdqrM8po/vCebEme4QPhRKxb69KMCVL1Lljpu/3+9,5.1914297827229605,23.687528240402628,7.74467705258576
1810800,bA2tJJsSFg7ZCsjBt1GRLiDzdqrM8po/vCebEme4QPhRKxb69KMCVL1Lljpu/3+9,5.378439651816503,34.812657144090544,12.564526195623888
1811100,bA2tJJsSFg7ZCsjBt1GRLiDzdqrM8po/vCebEme4QPhRKxb69KMCVL1Lljpu/3+9,4.9558304526134345,7.339527747830339,6.101032344488706
1811400,bA2tJJsSFg7ZCsjBt1GRLiDzdqrM8po/vCebEme4QPhRKxb69KMCVL1Lljpu/3+9,5.25177659943923,21.7975952036826,7.9257645057305295
1811700,bA2tJJsSFg7ZCsjBt1GRLiDzdqrM8po/vCebEme4QPhRKxb69KMCVL1Lljpu/3+9,5.129676317905018,7.243957866540137,6.023010435140844
1812000,bA2tJJsSFg7ZCsjBt1GRLiDzdqrM8po/vCebEme4QPhRKxb69KMCVL1Lljpu/3+9,6.026610031179386,63.94703599332708,19.16178193634561
1812300,bA2tJJsSFg7ZCsjBt1GRLiDzdqrM8po/vCebEme4QPhRKxb69KMCVL1Lljpu/3+9,5.390579135842497,7.344386776371221,6.463512682763029
1812600,bA2tJJsSFg7ZCsjBt1GRLiDzdqrM8po/vCebEme4QPhRKxb69KMCVL1Lljpu/3+9,5.388631102712871,39.29937487630893,11.681531111040083
1812900,bA2tJJsSFg7ZCsjBt1GRLiDzdqrM8po/vCebEme4QPhRKxb69KMCVL1Lljpu/3+9,5.057522862138818,6.813906294703856,6.175277236366585
1813200,bA2tJJsSFg7ZCsjBt1GRLiDzdqrM8po/vCebEme4QPhRKxb69KMCVL1Lljpu/3+9,5.410427176099372,60.630231468519234,17.7921534250288
1813500,bA2tJJsSFg7ZCsjBt1GRLiDzdqrM8po/vCebEme4QPhRKxb69KMCVL1Lljpu/3+9,5.222457407987073,9.378774336552295,6.513776499445816
1813800,bA2tJJsSFg7ZCsjBt1GRLiDzdqrM8po/vCebEme4QPhRKxb69KMCVL1Lljpu/3+9,5.334961224818902,26.617796492205745,8.097389860015497
1814100,bA2tJJsSFg7ZCsjBt1GRLiDzdqrM8po/vCebEme4QPhRKxb69KMCVL1Lljpu/3+9,5.648209405032282,8.299522302883574,6.608755802236737
1814400,bA2tJJsSFg7ZCsjBt1GRLiDzdqrM8po/vCebEme4QPhRKxb69KMCVL1Lljpu/3+9,5.57814656883752,64.66515033098655,17.281311548415186
1814700,bA2tJJsSFg7ZCsjBt1GRLiDzdqrM8po/vCebEme4QPhRKxb69KMCVL1Lljpu/3+9,5.351406579795558,11.757105079364386,6.997770629165148
1815000,bA2tJJsSFg7ZCsjBt1GRLiDzdqrM8po/vCebEme4QPhRKxb69KMCVL1Lljpu/3+9,5.028424594228985,28.45539608376788,9.747114445026275
1815300,bA2tJJsSFg7ZCsjBt1GRLiDzdqrM8po/vCebEme4QPhRKxb69KMCVL1Lljpu/3+9,5.3347713176297535,7.77309855113355,6.293236434803661
1815600,bA2tJJsSFg7ZCsjBt1GRLiDzdqrM8po/vCebEme4QPhRKxb69KMCVL1Lljpu/3+9,5.724350451489736,74.33041889685572,16.707102576700677
1815900,bA2tJJsSFg7ZCsjBt1GRLiDzdqrM8po/vCebEme4QPhRKxb69KMCVL1Lljpu/3+9,5.38038582651353,19.67751283689729,7.66809241441138
1816200,bA2tJJsSFg7ZCsjBt1GRLiDzdqrM8po/vCebEme4QPhRKxb69KMCVL1Lljpu/3+9,5.575625366629321,9.62715085115872,6.352726729881998
1816500,bA2tJJsSFg7ZCsjBt1GRLiDzdqrM8po/vCebEme4QPhRKxb69KMCVL1Lljpu/3+9,5.390675257067475,23.405323234546863,7.685270080126795
1816800,bA2tJJsSFg7ZCsjBt1GRLiDzdqrM8po/vCebEme4QPhRKxb69KMCVL1Lljpu/3+9,5.505910985068254,64.45933981583367,16.57269315801235
1817100,bA2tJJsSFg7ZCsjBt1GRLiDzdqrM8po/vCebEme4QPhRKxb69KMCVL1Lljpu/3+9,11.541842896609158,34.818247609865665,14.797671256088998
1817400,bA2tJJsSFg7ZCsjBt1GRLiDzdqrM8po/vCebEme4QPhRKxb69KMCVL1Lljpu/3+9,5.895189285083573,13.00119198440753,10.8988315181527
1817700,bA2tJJsSFg7ZCsjBt1GRLiDzdqrM8po/vCebEme4QPhRKxb69KMCVL1Lljpu/3+9,5.460729750898651,23.12881581379116,7.733719415788308
1818000,bA2tJJsSFg7ZCsjBt1GRLiDzdqrM8po/vCebEme4QPhRKxb69KMCVL1Lljpu/3+9,5.3612077877331705,56.100143926591,14.496839972880194
1818300,bA2tJJsSFg7ZCsjBt1GRLiDzdqrM8po/vCebEme4QPhRKxb69KMCVL1Lljpu/3+9,5.304300682217352,34.78979892428384,8.959130211795284
1818600,bA2tJJsSFg7ZCsjBt1GRLiDzdqrM8po/vCebEme4QPhRKxb69KMCVL1Lljpu/3+9,5.103893886664928,7.474467327619679,5.985025252178657
1818900,bA2tJJsSFg7ZCsjBt1GRLiDzdqrM8po/vCebEme4QPhRKxb69KMCVL1Lljpu/3+9,5.386796085745472,25.090657621821386,7.961728812397977
1819200,bA2tJJsSFg7ZCsjBt1GRLiDzdqrM8po/vCebEme4QPhRKxb69KMCVL1Lljpu/3+9,5.171917271182088,51.377168404622736,14.305300145512254
1819500,bA2tJJsSFg7ZCsjBt1GRLiDzdqrM8po/vCebEme4QPhRKxb69KMCVL1Lljpu/3+9,5.559114730387182,22.398591235833376,9.490403341127827
1819800,bA2tJJsSFg7ZCsjBt1GRLiDzdqrM8po/vCebEme4QPhRKxb69KMCVL1Lljpu/3+9,5.290318969977223,7.099323448300765,5.969415686579479
1820100,bA2tJJsSFg7ZCsjBt1GRLiDzdqrM8po/vCebEme4QPhRKxb69KMCVL1Lljpu/3+9,5.433314828992876,22.1588640143688,8.260740845947607
1820400,bA2tJJsSFg7ZCsjBt1GRLiDzdqrM8po/vCebEme4QPhRKxb69KMCVL1Lljpu/3+9,5.3814798262448,51.31808662612833,13.426596107287732
1820700,bA2tJJsSFg7ZCsjBt1GRLiDzdqrM8po/vCebEme4QPhRKxb69KMCVL1Lljpu/3+9,5.648848841265242,22.041040699554053,9.389547335825169
1821000,bA2tJJsSFg7ZCsjBt1GRLiDzdqrM8po/vCebEme4QPhRKxb69KMCVL1Lljpu/3+9,5.257454050048504,6.677364385503777,5.868198263670949
1821300,bA2tJJsSFg7ZCsjBt1GRLiDzdqrM8po/vCebEme4QPhRKxb69KMCVL1Lljpu/3+9,5.410958191110683,21.78183039491932,8.128584068425235
1821600,bA2tJJsSFg7ZCsjBt1GRLiDzdqrM8po/vCebEme4QPhRKxb69KMCVL1Lljpu/3+9,5.303242262148025,49.72549958901782,14.021500738079986
1821900,bA2tJJsSFg7ZCsjBt1GRLiDzdqrM8po/vCebEme4QPhRKxb69KMCVL1Lljpu/3+9,5.706534519271352,24.149566124988105,9.783296590245977
1822200,bA2tJJsSFg7ZCsjBt1GRLiDzdqrM8po/vCebEme4QPhRKxb69KMCVL1Lljpu/3+9,5.404877752454346,7.329277485531493,6.000143522784126
1822500,bA2tJJsSFg7ZCsjBt1GRLiDzdqrM8po/vCebEme4QPhRKxb69KMCVL1Lljpu/3+9,5.519797585085602,14.310745532353968,8.020259924017314
1822800,bA2tJJsSFg7ZCsjBt1GRLiDzdqrM8po/vCebEme4QPhRKxb69KMCVL1Lljpu/3+9,5.275795375922724,41.42610703983711,13.355924468007544
1823100,bA2tJJsSFg7ZCsjBt1GRLiDzdqrM8po/vCebEme4QPhRKxb69KMCVL1Lljpu/3+9,5.3462254711112,31.0685776155078,10.442570520961358
1823400,bA2tJJsSFg7ZCsjBt1GRLiDzdqrM8po/vCebEme4QPhRKxb69KMCVL1Lljpu/3+9,5.44383593591596,7.066958062006272,5.962481008371382
1823700,bA2tJJsSFg7ZCsjBt1GRLiDzdqrM8po/vCebEme4QPhRKxb69KMCVL1Lljpu/3+9,5.611552220567141,22.734833604154453,8.310032199390236
1824000,bA2tJJsSFg7ZCsjBt1GRLiDzdqrM8po/vCebEme4QPhRKxb69KMCVL1Lljpu/3+9,5.627254024054016,40.708528710682366,12.509798624170736
1824300,bA2tJJsSFg7ZCsjBt1GRLiDzdqrM8po/vCebEme4QPhRKxb69KMCVL1Lljpu/3+9,5.3676767610111344,32.11503039956717,10.48804247992794
1824600,bA2tJJsSFg7ZCsjBt1GRLiDzdqrM8po/vCebEme4QPhRKxb69KMCVL1Lljpu/3+9,5.260788302323641,8.046871212264515,5.83091031228259
1824900,bA2tJJsSFg7ZCsjBt1GRLiDzdqrM8po/vCebEme4QPhRKxb69KMCVL1Lljpu/3+9,5.430984211825092,22.0122521140022,8.267878953482484
1825200,bA2tJJsSFg7ZCsjBt1GRLiDzdqrM8po/vCebEme4QPhRKxb69KMCVL1Lljpu/3+9,6.013343160678352,38.101992090112326,13.839313529468043
1825500,bA2tJJsSFg7ZCsjBt1GRLiDzdqrM8po/vCebEme4QPhRKxb69KMCVL1Lljpu/3+9,5.861129942235578,33.096458584633645,11.334431522242966
1825800,bA2tJJsSFg7ZCsjBt1GRLiDzdqrM8po/vCebEme4QPhRKxb69KMCVL1Lljpu/3+9,5.872397740568597,9.053060145868239,6.454602978353345
1826100,bA2tJJsSFg7ZCsjBt1GRLiDzdqrM8po/vCebEme4QPhRKxb69KMCVL1Lljpu/3+9,5.980778358652798,23.71190533766849,8.611322491690128
1826400,bA2tJJsSFg7ZCsjBt1GRLiDzdqrM8po/vCebEme4QPhRKxb69KMCVL1Lljpu/3+9,5.85703743722348,42.48527445302321,13.51721483516062
1826700,bA2tJJsSFg7ZCsjBt1GRLiDzdqrM8po/vCebEme4QPhRKxb69KMCVL1Lljpu/3+9,5.682002862070336,34.52491056526614,11.409720651594212
1827000,bA2tJJsSFg7ZCsjBt1GRLiDzdqrM8po/vCebEme4QPhRKxb69KMCVL1Lljpu/3+9,5.599771222077464,8.240113065605577,6.060480663879897
1827300,bA2tJJsSFg7ZCsjBt1GRLiDzdqrM8po/vCebEme4QPhRKxb69KMCVL1Lljpu/3+9,5.594922863180368,23.734385220187495,8.310962893324753
1827600,bA2tJJsSFg7ZCsjBt1GRLiDzdqrM8po/vCebEme4QPhRKxb69KMCVL1Lljpu/3+9,5.560508936992918,37.31019442795474,12.234420089055988
1827900,bA2tJJsSFg7ZCsjBt1GRLiDzdqrM8po/vCebEme4QPhRKxb69KMCVL1Lljpu/3+9,5.754520308052961,33.5233998963981,11.195535516682352
1828200,bA2tJJsSFg7ZCsjBt1GRLiDzdqrM8po/vCebEme4QPhRKxb69KMCVL1Lljpu/3+9,5.418419997745423,8.244098406223555,6.061150085287083
1828500,bA2tJJsSFg7ZCsjBt1GRLiDzdqrM8po/vCebEme4QPhRKxb69KMCVL1Lljpu/3+9,5.50191607329361,22.34274595566208,8.095936625357773
1828800,bA2tJJsSFg7ZCsjBt1GRLiDzdqrM8po/vCebEme4QPhRKxb69KMCVL1Lljpu/3+9,5.432062706562067,35.00900672831096,11.773041737224569
1829100,bA2tJJsSFg7ZCsjBt1GRLiDzdqrM8po/vCebEme4QPhRKxb69KMCVL1Lljpu/3+9,5.458847669108064,33.96324562363751,10.962398815555217
1829400,bA2tJJsSFg7ZCsjBt1GRLiDzdqrM8po/vCebEme4QPhRKxb69KMCVL1Lljpu/3+9,5.3110444665632235,8.601074374300001,6.10646423784926
1829700,bA2tJJsSFg7ZCsjBt1GRLiDzdqrM8po/vCebEme4QPhRKxb69KMCVL1Lljpu/3+9,5.005004453125702,23.082360663452107,8.048581689897002
1830000,bA2tJJsSFg7ZCsjBt1GRLiDzdqrM8po/vCebEme4QPhRKxb69KMCVL1Lljpu/3+9,5.293657790810715,35.55034188927024,12.52625130200007
1830300,bA2tJJsSFg7ZCsjBt1GRLiDzdqrM8po/vCebEme4QPhRKxb69KMCVL1Lljpu/3+9,5.528859833357172,40.88189118575798,12.155898019450255
1830600,bA2tJJsSFg7ZCsjBt1GRLiDzdqrM8po/vCebEme4QPhRKxb69KMCVL1Lljpu/3+9,5.349846086803112,7.769972115778818,5.961772805331849
1830900,bA2tJJsSFg7ZCsjBt1GRLiDzdqrM8po/vCebEme4QPhRKxb69KMCVL1Lljpu/3+9,5.220611174176253,22.14408776660283,7.914644097045205
1831200,bA2tJJsSFg7ZCsjBt1GRLiDzdqrM8po/vCebEme4QPhRKxb69KMCVL1Lljpu/3+9,5.4143962790804805,34.42361302992899,11.07610729289221
1831500,bA2tJJsSFg7ZCsjBt1GRLiDzdqrM8po/vCebEme4QPhRKxb69KMCVL1Lljpu/3+9,5.2315054623630175,41.48783706196542,11.683905856884888
1831800,bA2tJJsSFg7ZCsjBt1GRLiDzdqrM8po/vCebEme4QPhRKxb69KMCVL1Lljpu/3+9,5.177048485270958,7.99459994986891,5.941521490226071
1832100,bA2tJJsSFg7ZCsjBt1GRLiDzdqrM8po/vCebEme4QPhRKxb69KMCVL1Lljpu/3+9,5.441370250702788,18.2870043925222,8.10447212325932
1832400,bA2tJJsSFg7ZCsjBt1GRLiDzdqrM8po/vCebEme4QPhRKxb69KMCVL1Lljpu/3+9,5.494390467416979,34.48757872008013,10.193880122468313
1832700,bA2tJJsSFg7ZCsjBt1GRLiDzdqrM8po/vCebEme4QPhRKxb69KMCVL1Lljpu/3+9,5.193520478630895,97.53003202306856,39.10383501428141
1833000,bA2tJJsSFg7ZCsjBt1GRLiDzdqrM8po/vCebEme4QPhRKxb69KMCVL1Lljpu/3+9,5.343907148813839,97.18422014081024,33.43838625270043
1833300,bA2tJJsSFg7ZCsjBt1GRLiDzdqrM8po/vCebEme4QPhRKxb69KMCVL1Lljpu/3+9,5.486484085020053,22.802805195801103,8.129356444460473
1833600,bA2tJJsSFg7ZCsjBt1GRLiDzdqrM8po/vCebEme4QPhRKxb69KMCVL1Lljpu/3+9,5.300019422914241,34.58285749959916,9.168137436982605
1833900,bA2tJJsSFg7ZCsjBt1GRLiDzdqrM8po/vCebEme4QPhRKxb69KMCVL1Lljpu/3+9,6.073223212988749,97.5117758599596,40.21471815354803
1834200,bA2tJJsSFg7ZCsjBt1GRLiDzdqrM8po/vCebEme4QPhRKxb69KMCVL1Lljpu/3+9,5.525538045822414,8.373359364798649,6.1257458826943445
1834500,bA2tJJsSFg7ZCsjBt1GRLiDzdqrM8po/vCebEme4QPhRKxb69KMCVL1Lljpu/3+9,5.425930895839963,22.280415214725597,8.20728457509726
1834800,bA2tJJsSFg7ZCsjBt1GRLiDzdqrM8po/vCebEme4QPhRKxb69KMCVL1Lljpu/3+9,5.690589511843864,34.69398037179926,10.091861786381646
1835100,bA2tJJsSFg7ZCsjBt1GRLiDzdqrM8po/vCebEme4QPhRKxb69KMCVL1Lljpu/3+9,5.305752352494092,56.82740644334026,13.366344807831148
1835400,bA2tJJsSFg7ZCsjBt1GRLiDzdqrM8po/vCebEme4QPhRKxb69KMCVL1Lljpu/3+9,5.639232604632482,97.7657281788969,33.003811742679595
1835700,bA2tJJsSFg7ZCsjBt1GRLiDzdqrM8po/vCebEme4QPhRKxb69KMCVL1Lljpu/3+9,5.364385808917943,22.94714202090164,8.615768400672737
1836000,bA2tJJsSFg7ZCsjBt1GRLiDzdqrM8po/vCebEme4QPhRKxb69KMCVL1Lljpu/3+9,5.438121851900194,35.73106074323607,9.714704846049608
1836300,bA2tJJsSFg7ZCsjBt1GRLiDzdqrM8po/vCebEme4QPhRKxb69KMCVL1Lljpu/3+9,5.361988527419324,58.782981715409456,13.490306553563451
1836600,bA2tJJsSFg7ZCsjBt1GRLiDzdqrM8po/vCebEme4QPhRKxb69KMCVL1Lljpu/3+9,5.505337871948406,8.779464971025227,6.175238278704366
1836900,bA2tJJsSFg7ZCsjBt1GRLiDzdqrM8po/vCebEme4QPhRKxb69KMCVL1Lljpu/3+9,5.22019997070236,25.57615237448724,8.124158177196136
1837200,bA2tJJsSFg7ZCsjBt1GRLiDzdqrM8po/vCebEme4QPhRKxb69KMCVL1Lljpu/3+9,5.410754007396966,35.64618796224754,9.447321589620335
1837500,bA2tJJsSFg7ZCsjBt1GRLiDzdqrM8po/vCebEme4QPhRKxb69KMCVL1Lljpu/3+9,5.377989377083057,60.30715416057868,14.440710106689094
1837800,bA2tJJsSFg7ZCsjBt1GRLiDzdqrM8po/vCebEme4QPhRKxb69KMCVL1Lljpu/3+9,5.582193552469635,10.47610436201642,6.753835212905736
1838100,bA2tJJsSFg7ZCsjBt1GRLiDzdqrM8po/vCebEme4QPhRKxb69KMCVL1Lljpu/3+9,5.26735153551995,24.96423174211169,8.551503225378406
1838400,bA2tJJsSFg7ZCsjBt1GRLiDzdqrM8po/vCebEme4QPhRKxb69KMCVL1Lljpu/3+9,5.246826691169776,34.44024019818567,8.943593697559244
1838700,bA2tJJsSFg7ZCsjBt1GRLiDzdqrM8po/vCebEme4QPhRKxb69KMCVL1Lljpu/3+9,4.977299768764345,62.19360417755847,13.645821530496852
1839000,bA2tJJsSFg7ZCsjBt1GRLiDzdqrM8po/vCebEme4QPhRKxb69KMCVL1Lljpu/3+9,5.061937026409157,8.818926501229607,5.972556837994712
1839300,bA2tJJsSFg7ZCsjBt1GRLiDzdqrM8po/vCebEme4QPhRKxb69KMCVL1Lljpu/3+9,5.3192607682454245,25.26079701035639,8.831734594136202
1839600,bA2tJJsSFg7ZCsjBt1GRLiDzdqrM8po/vCebEme4QPhRKxb69KMCVL1Lljpu/3+9,5.609666065716576,35.063759437237465,9.260986244118765
1839900,bA2tJJsSFg7ZCsjBt1GRLiDzdqrM8po/vCebEme4QPhRKxb69KMCVL1Lljpu/3+9,5.355876870499387,35.033703014598416,14.332264163979968
1840200,bA2tJJsSFg7ZCsjBt1GRLiDzdqrM8po/vCebEme4QPhRKxb69KMCVL1Lljpu/3+9,5.427332127965379,9.635145637338749,6.379612711632448
1840500,bA2tJJsSFg7ZCsjBt1GRLiDzdqrM8po/vCebEme4QPhRKxb69KMCVL1Lljpu/3+9,5.3788613798210605,22.4404282094028,8.158400753607733
1840800,bA2tJJsSFg7ZCsjBt1GRLiDzdqrM8po/vCebEme4QPhRKxb69KMCVL1Lljpu/3+9,5.658936873101885,27.02010696358172,9.085258123523817
1841100,bA2tJJsSFg7ZCsjBt1GRLiDzdqrM8po/vCebEme4QPhRKxb69KMCVL1Lljpu/3+9,5.537082785274995,63.906055386387926,15.231676058459303
1841400,bA2tJJsSFg7ZCsjBt1GRLiDzdqrM8po/vCebEme4QPhRKxb69KMCVL1Lljpu/3+9,5.588876331914478,41.17350808716243,14.124795729540889
1841700,bA2tJJsSFg7ZCsjBt1GRLiDzdqrM8po/vCebEme4QPhRKxb69KMCVL1Lljpu/3+9,5.37630773550263,24.97311814481793,8.72436695196974
1842000,bA2tJJsSFg7ZCsjBt1GRLiDzdqrM8po/vCebEme4QPhRKxb69KMCVL1Lljpu/3+9,5.20051834561928,32.89123258633149,9.011946105263924
1842300,bA2tJJsSFg7ZCsjBt1GRLiDzdqrM8po/vCebEme4QPhRKxb69KMCVL1Lljpu/3+9,5.14781111567987,63.5611373705819,13.863291729205509
1842600,bA2tJJsSFg7ZCsjBt1GRLiDzdqrM8po/vCebEme4QPhRKxb69KMCVL1Lljpu/3+9,5.311338480238843,7.596566037629845,5.999574545330929
1842900,bA2tJJsSFg7ZCsjBt1GRLiDzdqrM8po/vCebEme4QPhRKxb69KMCVL1Lljpu/3+9,5.116508660461636,15.51312991701704,7.998800986709311
1843200,bA2tJJsSFg7ZCsjBt1GRLiDzdqrM8po/vCebEme4QPhRKxb69KMCVL1Lljpu/3+9,5.338435080247608,34.74438886115786,8.899589850926251
1843500,bA2tJJsSFg7ZCsjBt1GRLiDzdqrM8po/vCebEme4QPhRKxb69KMCVL1Lljpu/3+9,5.02908903453295,63.9471354197962,13.834015705419358
1843800,bA2tJJsSFg7ZCsjBt1GRLiDzdqrM8po/vCebEme4QPhRKxb69KMCVL1Lljpu/3+9,5.21725944448721,8.015732596006908,6.019133163514779
1844100,bA2tJJsSFg7ZCsjBt1GRLiDzdqrM8po/vCebEme4QPhRKxb69KMCVL1Lljpu/3+9,5.431472120863135,21.952701797626847,8.03924416406596
1844400,bA2tJJsSFg7ZCsjBt1GRLiDzdqrM8po/vCebEme4QPhRKxb69KMCVL1Lljpu/3+9,5.293791716983983,26.41423253252433,8.78952404427604
1844700,bA2tJJsSFg7ZCsjBt1GRLiDzdqrM8po/vCebEme4QPhRKxb69KMCVL1Lljpu/3+9,5.274735378021656,63.23389546495054,14.842206571752676
1845000,bA2tJJsSFg7ZCsjBt1GRLiDzdqrM8po/vCebEme4QPhRKxb69KMCVL1Lljpu/3+9,5.401346594701055,7.5687432707700975,5.945036336387837
1845300,bA2tJJsSFg7ZCsjBt1GRLiDzdqrM8po/vCebEme4QPhRKxb69KMCVL1Lljpu/3+9,5.017083094969937,21.430533215451035,7.921857332978543
1845600,bA2tJJsSFg7ZCsjBt1GRLiDzdqrM8po/vCebEme4QPhRKxb69KMCVL1Lljpu/3+9,5.121207301732648,29.132841113127384,8.929493734025908
1845900,bA2tJJsSFg7ZCsjBt1GRLiDzdqrM8po/vCebEme4QPhRKxb69KMCVL1Lljpu/3+9,5.353325769683679,21.76579509618044,8.388375856297241
1846200,bA2tJJsSFg7ZCsjBt1GRLiDzdqrM8po/vCebEme4QPhRKxb69KMCVL1Lljpu/3+9,5.082454886422822,13.678290796858812,7.610372595643112
1846500,bA2tJJsSFg7ZCsjBt1GRLiDzdqrM8po/vCebEme4QPhRKxb69KMCVL1Lljpu/3+9,11.281620236859384,17.05831203162162,13.532378487868224
1846800,bA2tJJsSFg7ZCsjBt1GRLiDzdqrM8po/vCebEme4QPhRKxb69KMCVL1Lljpu/3+9,5.429672285928308,39.9223372664317,14.82008162192216
1847100,bA2tJJsSFg7ZCsjBt1GRLiDzdqrM8po/vCebEme4QPhRKxb69KMCVL1Lljpu/3+9,5.11186893218177,58.51398233620359,12.051876529106869
1847400,bA2tJJsSFg7ZCsjBt1GRLiDzdqrM8po/vCebEme4QPhRKxb69KMCVL1Lljpu/3+9,5.078627315553886,21.132937343736085,7.416246052406261
1847700,bA2tJJsSFg7ZCsjBt1GRLiDzdqrM8po/vCebEme4QPhRKxb69KMCVL1Lljpu/3+9,5.227385844048455,8.080946396265166,6.20717083834613
1848000,bA2tJJsSFg7ZCsjBt1GRLiDzdqrM8po/vCebEme4QPhRKxb69KMCVL1Lljpu/3+9,5.37012691268525,21.8046857747245,10.350019308478302
1848300,bA2tJJsSFg7ZCsjBt1GRLiDzdqrM8po/vCebEme4QPhRKxb69KMCVL1Lljpu/3+9,5.3045460948384875,57.97054509232916,12.79971758755592
1848600,bA2tJJsSFg7ZCsjBt1GRLiDzdqrM8po/vCebEme4QPhRKxb69KMCVL1Lljpu/3+9,5.222420900293742,24.537206269455965,7.937509242423767
1848900,bA2tJJsSFg7ZCsjBt1GRLiDzdqrM8po/vCebEme4QPhRKxb69KMCVL1Lljpu/3+9,5.050231925912184,10.147530400780688,6.367668219568294
1849200,bA2tJJsSFg7ZCsjBt1GRLiDzdqrM8po/vCebEme4QPhRKxb69KMCVL1Lljpu/3+9,5.156494053947863,25.41044242439657,10.44191395887337
1849500,bA2tJJsSFg7ZCsjBt1GRLiDzdqrM8po/vCebEme4QPhRKxb69KMCVL1Lljpu/3+9,5.2677192621782,57.37113020785823,12.164118512906724
1849800,bA2tJJsSFg7ZCsjBt1GRLiDzdqrM8po/vCebEme4QPhRKxb69KMCVL1Lljpu/3+9,4.97166054045919,21.23155929300949,7.420786810380202
1850100,bA2tJJsSFg7ZCsjBt1GRLiDzdqrM8po/vCebEme4QPhRKxb69KMCVL1Lljpu/3+9,5.21226920312212,10.261190520725732,6.428675800458552
1850400,bA2tJJsSFg7ZCsjBt1GRLiDzdqrM8po/vCebEme4QPhRKxb69KMCVL1Lljpu/3+9,5.084131205883521,32.204463170000054,10.25186590971259
1850700,bA2tJJsSFg7ZCsjBt1GRLiDzdqrM8po/vCebEme4QPhRKxb69KMCVL1Lljpu/3+9,5.183138293406064,56.637229780896575,12.113360924901642
1851000,bA2tJJsSFg7ZCsjBt1GRLiDzdqrM8po/vCebEme4QPhRKxb69KMCVL1Lljpu/3+9,5.245763587182092,22.361229853818127,7.766635361397584
1851300,bA2tJJsSFg7ZCsjBt1GRLiDzdqrM8po/vCebEme4QPhRKxb69KMCVL1Lljpu/3+9,5.395223529507347,10.28384350553984,6.527228567747297
1851600,bA2tJJsSFg7ZCsjBt1GRLiDzdqrM8po/vCebEme4QPhRKxb69KMCVL1Lljpu/3+9,5.16272933412131,34.50969666057481,10.61023054402234
1851900,bA2tJJsSFg7ZCsjBt1GRLiDzdqrM8po/vCebEme4QPhRKxb69KMCVL1Lljpu/3+9,5.303967072821505,54.554834892886966,12.507805508013766
1852200,bA2tJJsSFg7ZCsjBt1GRLiDzdqrM8po/vCebEme4QPhRKxb69KMCVL1Lljpu/3+9,5.222384754656357,27.50411277348179,8.497824696521471
1852500,bA2tJJsSFg7ZCsjBt1GRLiDzdqrM8po/vCebEme4QPhRKxb69KMCVL1Lljpu/3+9,5.363035367552293,10.78523796161813,6.551904517893152
1852800,bA2tJJsSFg7ZCsjBt1GRLiDzdqrM8po/vCebEme4QPhRKxb69KMCVL1Lljpu/3+9,5.376875788011542,51.86492436087028,10.977714293339494
1853100,bA2tJJsSFg7ZCsjBt1GRLiDzdqrM8po/vCebEme4QPhRKxb69KMCVL1Lljpu/3+9,5.899637397114972,35.580560103594955,12.765004991536404
1853400,bA2tJJsSFg7ZCsjBt1GRLiDzdqrM8po/vCebEme4QPhRKxb69KMCVL1Lljpu/3+9,5.869539497453116,17.772966999102376,8.433626731371698
1853700,bA2tJJsSFg7ZCsjBt1GRLiDzdqrM8po/vCebEme4QPhRKxb69KMCVL1Lljpu/3+9,6.0406713294995455,9.54882096551324,7.2684471109849955
1854000,bA2tJJsSFg7ZCsjBt1GRLiDzdqrM8po/vCebEme4QPhRKxb69KMCVL1Lljpu/3+9,6.0799686860996704,54.71704838461102,11.47585060540126
1854300,bA2tJJsSFg7ZCsjBt1GRLiDzdqrM8po/vCebEme4QPhRKxb69KMCVL1Lljpu/3+9,6.0760745534396285,56.09894078803396,13.099510356829736
1854600,bA2tJJsSFg7ZCsjBt1GRLiDzdqrM8po/vCebEme4QPhRKxb69KMCVL1Lljpu/3+9,6.121634759548161,23.664782309312105,8.466845981595275
1854900,bA2tJJsSFg7ZCsjBt1GRLiDzdqrM8po/vCebEme4QPhRKxb69KMCVL1Lljpu/3+9,5.963101597066942,9.209156475958554,6.864241313119103
1855200,bA2tJJsSFg7ZCsjBt1GRLiDzdqrM8po/vCebEme4QPhRKxb69KMCVL1Lljpu/3+9,5.87061086200851,35.40876325026634,11.977879733516636
1855500,bA2tJJsSFg7ZCsjBt1GRLiDzdqrM8po/vCebEme4QPhRKxb69KMCVL1Lljpu/3+9,5.849580062304572,59.8204534543065,13.14779801510395
1855800,bA2tJJsSFg7ZCsjBt1GRLiDzdqrM8po/vCebEme4QPhRKxb69KMCVL1Lljpu/3+9,5.848658068622096,28.711813435711765,9.057205138798004
1856100,bA2tJJsSFg7ZCsjBt1GRLiDzdqrM8po/vCebEme4QPhRKxb69KMCVL1Lljpu/3+9,5.58816819285115,9.455034721378324,6.833418569830813
1856400,bA2tJJsSFg7ZCsjBt1GRLiDzdqrM8po/vCebEme4QPhRKxb69KMCVL1Lljpu/3+9,5.663380606598632,23.124437315371985,11.123037913427314
1856700,bA2tJJsSFg7ZCsjBt1GRLiDzdqrM8po/vCebEme4QPhRKxb69KMCVL1Lljpu/3+9,5.5182928134794285,63.99743168463104,12.276975479251584
1857000,bA2tJJsSFg7ZCsjBt1GRLiDzdqrM8po/vCebEme4QPhRKxb69KMCVL1Lljpu/3+9,5.246355496508468,22.785909256222556,7.731535184655281
1857300,bA2tJJsSFg7ZCsjBt1GRLiDzdqrM8po/vCebEme4QPhRKxb69KMCVL1Lljpu/3+9,5.6315665072097,8.984800006430989,6.7473436878936575
1857600,bA2tJJsSFg7ZCsjBt1GRLiDzdqrM8po/vCebEme4QPhRKxb69KMCVL1Lljpu/3+9,5.24782035855124,38.290662384686314,10.595639974064722
1857900,bA2tJJsSFg7ZCsjBt1GRLiDzdqrM8po/vCebEme4QPhRKxb69KMCVL1Lljpu/3+9,5.412714349408635,9.745055243074349,6.7707794501438485
1858200,bA2tJJsSFg7ZCsjBt1GRLiDzdqrM8po/vCebEme4QPhRKxb69KMCVL1Lljpu/3+9,5.3328938758945945,15.593472902665594,7.656560059213507
1858500,bA2tJJsSFg7ZCsjBt1GRLiDzdqrM8po/vCebEme4QPhRKxb69KMCVL1Lljpu/3+9,5.07031535989897,8.09438407421647,6.153136755102614
1858800,bA2tJJsSFg7ZCsjBt1GRLiDzdqrM8po/vCebEme4QPhRKxb69KMCVL1Lljpu/3+9,5.4163735783494715,34.034341678157325,10.366576188585856
1859100,bA2tJJsSFg7ZCsjBt1GRLiDzdqrM8po/vCebEme4QPhRKxb69KMCVL1Lljpu/3+9,5.676884139407136,59.549836125950605,12.065938978420212
1859400,bA2tJJsSFg7ZCsjBt1GRLiDzdqrM8po/vCebEme4QPhRKxb69KMCVL1Lljpu/3+9,5.318048906111865,22.09006474694428,7.606568648279007
1859700,bA2tJJsSFg7ZCsjBt1GRLiDzdqrM8po/vCebEme4QPhRKxb69KMCVL1Lljpu/3+9,5.244631801224448,8.122480103166925,6.201341999140589
1860000,bA2tJJsSFg7ZCsjBt1GRLiDzdqrM8po/vCebEme4QPhRKxb69KMCVL1Lljpu/3+9,5.311328069806844,32.531074153007935,10.47906551250076
1860300,bA2tJJsSFg7ZCsjBt1GRLiDzdqrM8po/vCebEme4QPhRKxb69KMCVL1Lljpu/3+9,5.084205512251981,57.043619367074406,12.103926091590475
1860600,bA2tJJsSFg7ZCsjBt1GRLiDzdqrM8po/vCebEme4QPhRKxb69KMCVL1Lljpu/3+9,5.150273008804999,21.974073020462345,7.57886914281809
1860900,bA2tJJsSFg7ZCsjBt1GRLiDzdqrM8po/vCebEme4QPhRKxb69KMCVL1Lljpu/3+9,5.422835096711986,8.405284194680437,6.253521883061617
1861200,bA2tJJsSFg7ZCsjBt1GRLiDzdqrM8po/vCebEme4QPhRKxb69KMCVL1Lljpu/3+9,5.130395258460251,34.937103274401366,10.381299754135354
1861500,bA2tJJsSFg7ZCsjBt1GRLiDzdqrM8po/vCebEme4QPhRKxb69KMCVL1Lljpu/3+9,5.587249822150134,57.078221421309934,12.11202769868639
1861800,bA2tJJsSFg7ZCsjBt1GRLiDzdqrM8po/vCebEme4QPhRKxb69KMCVL1Lljpu/3+9,5.239973716859734,21.205116228553223,7.740279386189949
1862100,bA2tJJsSFg7ZCsjBt1GRLiDzdqrM8po/vCebEme4QPhRKxb69KMCVL1Lljpu/3+9,5.230247810905646,9.625407948137388,6.156352934184163
1862400,bA2tJJsSFg7ZCsjBt1GRLiDzdqrM8po/vCebEme4QPhRKxb69KMCVL1Lljpu/3+9,5.358883787378595,34.2812325938384,10.441962117653704
1862700,bA2tJJsSFg7ZCsjBt1GRLiDzdqrM8po/vCebEme4QPhRKxb69KMCVL1Lljpu/3+9,5.7487367903151725,54.9160668172671,12.174421958638243
1863000,bA2tJJsSFg7ZCsjBt1GRLiDzdqrM8po/vCebEme4QPhRKxb69KMCVL1Lljpu/3+9,5.397270203025939,28.286233369004304,8.71762645623179
1863300,bA2tJJsSFg7ZCsjBt1GRLiDzdqrM8po/vCebEme4QPhRKxb69KMCVL1Lljpu/3+9,5.452287811302013,9.823865652661606,6.530456136340184
1863600,bA2tJJsSFg7ZCsjBt1GRLiDzdqrM8po/vCebEme4QPhRKxb69KMCVL1Lljpu/3+9,5.4528222414446255,34.60161962808205,10.763926660107774
1863900,bA2tJJsSFg7ZCsjBt1GRLiDzdqrM8po/vCebEme4QPhRKxb69KMCVL1Lljpu/3+9,5.808412544104511,52.73363858265736,12.345176873338785
1864200,bA2tJJsSFg7ZCsjBt1GRLiDzdqrM8po/vCebEme4QPhRKxb69KMCVL1Lljpu/3+9,5.2726677254201215,22.480387063606887,7.809677233333093
1864500,bA2tJJsSFg7ZCsjBt1GRLiDzdqrM8po/vCebEme4QPhRKxb69KMCVL1Lljpu/3+9,5.291621121376353,10.35590854055562,6.370487766099439
1864800,bA2tJJsSFg7ZCsjBt1GRLiDzdqrM8po/vCebEme4QPhRKxb69KMCVL1Lljpu/3+9,5.38029897331513,29.258544090797663,10.403966169296575
1865100,bA2tJJsSFg7ZCsjBt1GRLiDzdqrM8po/vCebEme4QPhRKxb69KMCVL1Lljpu/3+9,5.380223793047012,50.5188511825677,11.95946088988682
1865400,bA2tJJsSFg7ZCsjBt1GRLiDzdqrM8po/vCebEme4QPhRKxb69KMCVL1Lljpu/3+9,5.324141128046092,21.64784786667169,7.6057601996862845
1865700,bA2tJJsSFg7ZCsjBt1GRLiDzdqrM8po/vCebEme4QPhRKxb69KMCVL1Lljpu/3+9,5.452075172241015,9.82190215328218,6.279607223587976
1866000,bA2tJJsSFg7ZCsjBt1GRLiDzdqrM8po/vCebEme4QPhRKxb69KMCVL1Lljpu/3+9,5.14442961816817,35.0588718366207,10.45094789879124
1866300,bA2tJJsSFg7ZCsjBt1GRLiDzdqrM8po/vCebEme4QPhRKxb69KMCVL1Lljpu/3+9,5.379140980135142,47.53582639034985,12.071325550605094
1866600,bA2tJJsSFg7ZCsjBt1GRLiDzdqrM8po/vCebEme4QPhRKxb69KMCVL1Lljpu/3+9,5.3131303051817484,26.02350857488277,8.577219607261526
1866900,bA2tJJsSFg7ZCsjBt1GRLiDzdqrM8po/vCebEme4QPhRKxb69KMCVL1Lljpu/3+9,5.441329178307918,9.713468626843262,6.299658538153432
1867200,bA2tJJsSFg7ZCsjBt1GRLiDzdqrM8po/vCebEme4QPhRKxb69KMCVL1Lljpu/3+9,5.168024511624933,23.659997707298118,10.560433063838204
1867500,bA2tJJsSFg7ZCsjBt1GRLiDzdqrM8po/vCebEme4QPhRKxb69KMCVL1Lljpu/3+9,5.581141846929383,47.03018158182973,12.044674811124606
1867800,bA2tJJsSFg7ZCsjBt1GRLiDzdqrM8po/vCebEme4QPhRKxb69KMCVL1Lljpu/3+9,5.30357163598225,21.815556967292327,7.787664648608371
1868100,bA2tJJsSFg7ZCsjBt1GRLiDzdqrM8po/vCebEme4QPhRKxb69KMCVL1Lljpu/3+9,5.0049935050739816,9.34646740709624,6.377131143847718
1868400,bA2tJJsSFg7ZCsjBt1GRLiDzdqrM8po/vCebEme4QPhRKxb69KMCVL1Lljpu/3+9,5.143135379839449,35.505539590430104,10.622553533783414
1868700,bA2tJJsSFg7ZCsjBt1GRLiDzdqrM8po/vCebEme4QPhRKxb69KMCVL1Lljpu/3+9,5.667843797276593,46.065131418180485,12.394491772743198
1869000,bA2tJJsSFg7ZCsjBt1GRLiDzdqrM8po/vCebEme4QPhRKxb69KMCVL1Lljpu/3+9,5.12504921450746,25.209424854140455,7.83540001342384
1869300,bA2tJJsSFg7ZCsjBt1GRLiDzdqrM8po/vCebEme4QPhRKxb69KMCVL1Lljpu/3+9,5.580236048895702,7.992443568346308,6.42160510387286
1869600,bA2tJJsSFg7ZCsjBt1GRLiDzdqrM8po/vCebEme4QPhRKxb69KMCVL1Lljpu/3+9,5.652654813991768,34.18708104977513,10.64319900780335
1869900,bA2tJJsSFg7ZCsjBt1GRLiDzdqrM8po/vCebEme4QPhRKxb69KMCVL1Lljpu/3+9,5.339394273075449,46.600360646633206,12.336536177321664
1870200,bA2tJJsSFg7ZCsjBt1GRLiDzdqrM8po/vCebEme4QPhRKxb69KMCVL1Lljpu/3+9,5.261393492830508,24.67558642281983,8.704781749045775
1870500,bA2tJJsSFg7ZCsjBt1GRLiDzdqrM8po/vCebEme4QPhRKxb69KMCVL1Lljpu/3+9,5.22804463430413,9.12640361686635,6.504035846734793
1870800,bA2tJJsSFg7ZCsjBt1GRLiDzdqrM8po/vCebEme4QPhRKxb69KMCVL1Lljpu/3+9,5.382762753227242,35.628760408157504,10.866633546032247
1871100,bA2tJJsSFg7ZCsjBt1GRLiDzdqrM8po/vCebEme4QPhRKxb69KMCVL1Lljpu/3+9,5.3170732330087125,45.09733307047404,12.490252431126486
1871400,bA2tJJsSFg7ZCsjBt1GRLiDzdqrM8po/vCebEme4QPhRKxb69KMCVL1Lljpu/3+9,5.33519155932761,21.163033922809014,7.907772910808432
1871700,bA2tJJsSFg7ZCsjBt1GRLiDzdqrM8po/vCebEme4QPhRKxb69KMCVL1Lljpu/3+9,5.296596126728085,8.943271959157027,6.5138266411587695
1872000,bA2tJJsSFg7ZCsjBt1GRLiDzdqrM8po/vCebEme4QPhRKxb69KMCVL1Lljpu/3+9,5.232899712099368,35.0615690086627,10.678643268364764
1872300,bA2tJJsSFg7ZCsjBt1GRLiDzdqrM8po/vCebEme4QPhRKxb69KMCVL1Lljpu/3+9,5.28749665147723,43.22329853858365,12.22745395680282
1872600,bA2tJJsSFg7ZCsjBt1GRLiDzdqrM8po/vCebEme4QPhRKxb69KMCVL1Lljpu/3+9,5.396125307524168,22.423216862715385,7.934454249134
1872900,bA2tJJsSFg7ZCsjBt1GRLiDzdqrM8po/vCebEme4QPhRKxb69KMCVL1Lljpu/3+9,5.099395039433647,8.659823501537247,6.403917920126375
1873200,bA2tJJsSFg7ZCsjBt1GRLiDzdqrM8po/vCebEme4QPhRKxb69KMCVL1Lljpu/3+9,5.082216496046422,25.263438072216005,10.591493042888162
1873500,bA2tJJsSFg7ZCsjBt1GRLiDzdqrM8po/vCebEme4QPhRKxb69KMCVL1Lljpu/3+9,5.217943038134492,41.57280814831608,13.1967170599863
1873800,bA2tJJsSFg7ZCsjBt1GRLiDzdqrM8po/vCebEme4QPhRKxb69KMCVL1Lljpu/3+9,5.210897209093191,22.700270053424727,7.989255335719502
1874100,bA2tJJsSFg7ZCsjBt1GRLiDzdqrM8po/vCebEme4QPhRKxb69KMCVL1Lljpu/3+9,5.449176783690785,10.708626091848304,7.094273960216928
1874400,bA2tJJsSFg7ZCsjBt1GRLiDzdqrM8po/vCebEme4QPhRKxb69KMCVL1Lljpu/3+9,5.270619060255345,30.00166602639003,10.587307149349265
1874700,bA2tJJsSFg7ZCsjBt1GRLiDzdqrM8po/vCebEme4QPhRKxb69KMCVL1Lljpu/3+9,4.91193539816984,40.10743793342,12.382256925355623
1875000,bA2tJJsSFg7ZCsjBt1GRLiDzdqrM8po/vCebEme4QPhRKxb69KMCVL1Lljpu/3+9,5.229070155870766,19.006891628916318,7.74970323464968
1875300,bA2tJJsSFg7ZCsjBt1GRLiDzdqrM8po/vCebEme4QPhRKxb69KMCVL1Lljpu/3+9,4.992362648900545,11.967958445757708,6.6789941408229465
1875600,bA2tJJsSFg7ZCsjBt1GRLiDzdqrM8po/vCebEme4QPhRKxb69KMCVL1Lljpu/3+9,5.224674806506783,35.32097018130893,11.882749634333283
1875900,bA2tJJsSFg7ZCsjBt1GRLiDzdqrM8po/vCebEme4QPhRKxb69KMCVL1Lljpu/3+9,11.00805766759508,43.48510259944974,18.373736847232145
1876200,bA2tJJsSFg7ZCsjBt1GRLiDzdqrM8po/vCebEme4QPhRKxb69KMCVL1Lljpu/3+9,5.45960003249614,24.7495368531353,11.462044403703256
1876500,bA2tJJsSFg7ZCsjBt1GRLiDzdqrM8po/vCebEme4QPhRKxb69KMCVL1Lljpu/3+9,5.11307238593053,9.10396354204269,6.229241092655361
1876800,bA2tJJsSFg7ZCsjBt1GRLiDzdqrM8po/vCebEme4QPhRKxb69KMCVL1Lljpu/3+9,5.280992031255608,34.92477851100904,10.566184741548163
1877100,bA2tJJsSFg7ZCsjBt1GRLiDzdqrM8po/vCebEme4QPhRKxb69KMCVL1Lljpu/3+9,5.024187412782224,35.019751156204926,13.047669475276866
1877400,bA2tJJsSFg7ZCsjBt1GRLiDzdqrM8po/vCebEme4QPhRKxb69KMCVL1Lljpu/3+9,5.229069407752894,24.0294207457906,7.701542084632986
1877700,bA2tJJsSFg7ZCsjBt1GRLiDzdqrM8po/vCebEme4QPhRKxb69KMCVL1Lljpu/3+9,5.2409391018975136,11.230923992125772,7.433703034156266
1878000,bA2tJJsSFg7ZCsjBt1GRLiDzdqrM8po/vCebEme4QPhRKxb69KMCVL1Lljpu/3+9,5.075371958794428,35.17300650643909,10.184994872305808
1878300,bA2tJJsSFg7ZCsjBt1GRLiDzdqrM8po/vCebEme4QPhRKxb69KMCVL1Lljpu/3+9,5.700789844059236,48.32408230997321,12.570943260759693
1878600,bA2tJJsSFg7ZCsjBt1GRLiDzdqrM8po/vCebEme4QPhRKxb69KMCVL1Lljpu/3+9,5.334671922436168,8.015435703873171,6.024385915527925
1878900,bA2tJJsSFg7ZCsjBt1GRLiDzdqrM8po/vCebEme4QPhRKxb69KMCVL1Lljpu/3+9,5.372250062871435,21.691020473329385,8.255790887989821
1879200,bA2tJJsSFg7ZCsjBt1GRLiDzdqrM8po/vCebEme4QPhRKxb69KMCVL1Lljpu/3+9,5.4210017203125,26.961126112109383,8.946073185732743
1879500,bA2tJJsSFg7ZCsjBt1GRLiDzdqrM8po/vCebEme4QPhRKxb69KMCVL1Lljpu/3+9,5.7680526674752395,51.75757638598,13.773867496940968
1879800,bA2tJJsSFg7ZCsjBt1GRLiDzdqrM8po/vCebEme4QPhRKxb69KMCVL1Lljpu/3+9,5.362611535210344,8.483445946000083,6.1485463222292775
1880100,bA2tJJsSFg7ZCsjBt1GRLiDzdqrM8po/vCebEme4QPhRKxb69KMCVL1Lljpu/3+9,5.397265077805605,23.083029203912943,7.91386617658685
1880400,bA2tJJsSFg7ZCsjBt1GRLiDzdqrM8po/vCebEme4QPhRKxb69KMCVL1Lljpu/3+9,5.193174480957433,34.88483276950697,8.918720544290112
1880700,bA2tJJsSFg7ZCsjBt1GRLiDzdqrM8po/vCebEme4QPhRKxb69KMCVL1Lljpu/3+9,5.398052544624512,53.46204422063126,13.670402089348116
1881000,bA2tJJsSFg7ZCsjBt1GRLiDzdqrM8po/vCebEme4QPhRKxb69KMCVL1Lljpu/3+9,5.089107248119297,7.843521493549517,5.978747950165396
1881300,bA2tJJsSFg7ZCsjBt1GRLiDzdqrM8po/vCebEme4QPhRKxb69KMCVL1Lljpu/3+9,5.241630088726152,28.48372570264183,8.793653734906924
1881600,bA2tJJsSFg7ZCsjBt1GRLiDzdqrM8po/vCebEme4QPhRKxb69KMCVL1Lljpu/3+9,5.17532037108181,30.996424652877497,9.315030151594112
1881900,bA2tJJsSFg7ZCsjBt1GRLiDzdqrM8po/vCebEme4QPhRKxb69KMCVL1Lljpu/3+9,5.597862586400498,55.16079295141415,13.858662435064726
1882200,bA2tJJsSFg7ZCsjBt1GRLiDzdqrM8po/vCebEme4QPhRKxb69KMCVL1Lljpu/3+9,5.169188068741977,10.13722293616593,6.378264902574347
1882500,bA2tJJsSFg7ZCsjBt1GRLiDzdqrM8po/vCebEme4QPhRKxb69KMCVL1Lljpu/3+9,5.07379365200922,22.38010616611487,7.6626897282867645
1882800,bA2tJJsSFg7ZCsjBt1GRLiDzdqrM8po/vCebEme4QPhRKxb69KMCVL1Lljpu/3+9,5.359828882880032,21.367838158114928,9.341067141330672
1883100,bA2tJJsSFg7ZCsjBt1GRLiDzdqrM8po/vCebEme4QPhRKxb69KMCVL1Lljpu/3+9,5.185654951636753,56.438660978375935,13.620456055206697
1883400,bA2tJJsSFg7ZCsjBt1GRLiDzdqrM8po/vCebEme4QPhRKxb69KMCVL1Lljpu/3+9,5.480683067852131,10.185575600254747,6.480277449440544
1883700,bA2tJJsSFg7ZCsjBt1GRLiDzdqrM8po/vCebEme4QPhRKxb69KMCVL1Lljpu/3+9,4.981604271921292,22.773099860881526,7.708870829294237
1884000,bA2tJJsSFg7ZCsjBt1GRLiDzdqrM8po/vCebEme4QPhRKxb69KMCVL1Lljpu/3+9,5.536963953601377,36.5589072752862,9.643050151578974
1884300,bA2tJJsSFg7ZCsjBt1GRLiDzdqrM8po/vCebEme4QPhRKxb69KMCVL1Lljpu/3+9,5.426539915342244,59.91262725071632,14.026316162690945
1884600,bA2tJJsSFg7ZCsjBt1GRLiDzdqrM8po/vCebEme4QPhRKxb69KMCVL1Lljpu/3+9,5.399920809795262,10.90405755419286,6.60857345217882
1884900,bA2tJJsSFg7ZCsjBt1GRLiDzdqrM8po/vCebEme4QPhRKxb69KMCVL1Lljpu/3+9,5.4904487717706365,23.418585239378444,8.924899007927417
1885200,bA2tJJsSFg7ZCsjBt1GRLiDzdqrM8po/vCebEme4QPhRKxb69KMCVL1Lljpu/3+9,5.612370536257114,29.0359404017088,9.557684306307983
1885500,bA2tJJsSFg7ZCsjBt1GRLiDzdqrM8po/vCebEme4QPhRKxb69KMCVL1Lljpu/3+9,5.356509588363936,80.72668256008923,15.054248596372632
1885800,bA2tJJsSFg7ZCsjBt1GRLiDzdqrM8po/vCebEme4QPhRKxb69KMCVL1Lljpu/3+9,5.610754192441894,10.966359436186806,6.725712556276253
1886100,bA2tJJsSFg7ZCsjBt1GRLiDzdqrM8po/vCebEme4QPhRKxb69KMCVL1Lljpu/3+9,5.425962528445206,22.876688854224017,8.18991821524447
1886400,bA2tJJsSFg7ZCsjBt1GRLiDzdqrM8po/vCebEme4QPhRKxb69KMCVL1Lljpu/3+9,5.640011726315128,30.91343970433412,9.6650775684244
1886700,bA2tJJsSFg7ZCsjBt1GRLiDzdqrM8po/vCebEme4QPhRKxb69KMCVL1Lljpu/3+9,5.427720241252348,72.73455777209912,13.80816380324038
1887000,bA2tJJsSFg7ZCsjBt1GRLiDzdqrM8po/vCebEme4QPhRKxb69KMCVL1Lljpu/3+9,5.47851601095678,8.781995839586342,6.657457864919024
1887300,bA2tJJsSFg7ZCsjBt1GRLiDzdqrM8po/vCebEme4QPhRKxb69KMCVL1Lljpu/3+9,5.308875190063628,22.32537260318736,7.7977679220573295
1887600,bA2tJJsSFg7ZCsjBt1GRLiDzdqrM8po/vCebEme4QPhRKxb69KMCVL1Lljpu/3+9,5.408958880394128,34.95206150305749,9.38199226405752
1887900,bA2tJJsSFg7ZCsjBt1GRLiDzdqrM8po/vCebEme4QPhRKxb69KMCVL1Lljpu/3+9,5.443683280767496,63.221428664227936,13.790990161097133
1888200,bA2tJJsSFg7ZCsjBt1GRLiDzdqrM8po/vCebEme4QPhRKxb69KMCVL1Lljpu/3+9,5.328506745023541,9.537477178592876,6.436775088204017
1888500,bA2tJJsSFg7ZCsjBt1GRLiDzdqrM8po/vCebEme4QPhRKxb69KMCVL1Lljpu/3+9,5.329428104124986,22.579280857519855,8.572802139266642
1888800,bA2tJJsSFg7ZCsjBt1GRLiDzdqrM8po/vCebEme4QPhRKxb69KMCVL1Lljpu/3+9,5.246486246120773,34.95836546077198,9.318824357279867
1889100,bA2tJJsSFg7ZCsjBt1GRLiDzdqrM8po/vCebEme4QPhRKxb69KMCVL1Lljpu/3+9,5.202874492166179,63.71958469805429,14.393678527243456
1889400,bA2tJJsSFg7ZCsjBt1GRLiDzdqrM8po/vCebEme4QPhRKxb69KMCVL1Lljpu/3+9,5.350694236374579,9.23708538417491,6.439106957745947
1889700,bA2tJJsSFg7ZCsjBt1GRLiDzdqrM8po/vCebEme4QPhRKxb69KMCVL1Lljpu/3+9,5.363402937202727,22.692552427311004,7.8584970816128035
1890000,bA2tJJsSFg7ZCsjBt1GRLiDzdqrM8po/vCebEme4QPhRKxb69KMCVL1Lljpu/3+9,5.257474278674222,30.530800418178025,9.302397165365283
1890300,bA2tJJsSFg7ZCsjBt1GRLiDzdqrM8po/vCebEme4QPhRKxb69KMCVL1Lljpu/3+9,5.270830207858487,63.2302325857324,13.478647391050536
1890600,bA2tJJsSFg7ZCsjBt1GRLiDzdqrM8po/vCebEme4QPhRKxb69KMCVL1Lljpu/3+9,5.5006895888082745,9.398723278635687,6.626206942164694
1890900,bA2tJJsSFg7ZCsjBt1GRLiDzdqrM8po/vCebEme4QPhRKxb69KMCVL1Lljpu/3+9,5.185779989144296,22.059751903578974,7.737435826195331
1891200,bA2tJJsSFg7ZCsjBt1GRLiDzdqrM8po/vCebEme4QPhRKxb69KMCVL1Lljpu/3+9,5.44822666836168,28.41309914645628,9.356186468470845
1891500,bA2tJJsSFg7ZCsjBt1GRLiDzdqrM8po/vCebEme4QPhRKxb69KMCVL1Lljpu/3+9,5.476571850567373,62.587444958852075,13.46183868392692
1891800,bA2tJJsSFg7ZCsjBt1GRLiDzdqrM8po/vCebEme4QPhRKxb69KMCVL1Lljpu/3+9,5.312825301572527,8.957574064741358,6.301951319318984
1892100,bA2tJJsSFg7ZCsjBt1GRLiDzdqrM8po/vCebEme4QPhRKxb69KMCVL1Lljpu/3+9,5.435179632859509,22.0154653090761,8.33463121333618
1892400,bA2tJJsSFg7ZCsjBt1GRLiDzdqrM8po/vCebEme4QPhRKxb69KMCVL1Lljpu/3+9,5.154583502306132,30.592192566971672,9.44555089767288
1892700,bA2tJJsSFg7ZCsjBt1GRLiDzdqrM8po/vCebEme4QPhRKxb69KMCVL1Lljpu/3+9,5.017348239547792,64.58795328108124,13.559731494877576
1893000,bA2tJJsSFg7ZCsjBt1GRLiDzdqrM8po/vCebEme4QPhRKxb69KMCVL1Lljpu/3+9,5.123210763145945,9.454962890492281,6.273716630019294
1893300,bA2tJJsSFg7ZCsjBt1GRLiDzdqrM8po/vCebEme4QPhRKxb69KMCVL1Lljpu/3+9,5.203127499458153,18.558687760799835,7.440269556407322
1893600,bA2tJJsSFg7ZCsjBt1GRLiDzdqrM8po/vCebEme4QPhRKxb69KMCVL1Lljpu/3+9,5.326336920533096,34.67136989890435,9.10823714818823
1893900,bA2tJJsSFg7ZCsjBt1GRLiDzdqrM8po/vCebEme4QPhRKxb69KMCVL1Lljpu/3+9,5.1874438570894075,64.026002526819,13.573729860142311
1894200,bA2tJJsSFg7ZCsjBt1GRLiDzdqrM8po/vCebEme4QPhRKxb69KMCVL1Lljpu/3+9,5.423963251334064,9.560966989614041,6.535377793446049
1894500,bA2tJJsSFg7ZCsjBt1GRLiDzdqrM8po/vCebEme4QPhRKxb69KMCVL1Lljpu/3+9,5.326566100674101,22.51317283562212,7.756296695764415
1894800,bA2tJJsSFg7ZCsjBt1GRLiDzdqrM8po/vCebEme4QPhRKxb69KMCVL1Lljpu/3+9,5.576161981585528,36.10685810174083,9.390225042759479
1895100,bA2tJJsSFg7ZCsjBt1GRLiDzdqrM8po/vCebEme4QPhRKxb69KMCVL1Lljpu/3+9,5.194904855300387,61.053819892529376,13.880081383203336
1895400,bA2tJJsSFg7ZCsjBt1GRLiDzdqrM8po/vCebEme4QPhRKxb69KMCVL1Lljpu/3+9,5.39449084300459,9.908928894981523,6.383745679295785
1895700,bA2tJJsSFg7ZCsjBt1GRLiDzdqrM8po/vCebEme4QPhRKxb69KMCVL1Lljpu/3+9,5.321229609824416,22.28516640234741,7.705379361866656
1896000,bA2tJJsSFg7ZCsjBt1GRLiDzdqrM8po/vCebEme4QPhRKxb69KMCVL1Lljpu/3+9,5.560673457464233,35.268492850583755,10.358334394779162
1896300,bA2tJJsSFg7ZCsjBt1GRLiDzdqrM8po/vCebEme4QPhRKxb69KMCVL1Lljpu/3+9,5.216948348176156,57.81041400617568,13.70593100024805
1896600,bA2tJJsSFg7ZCsjBt1GRLiDzdqrM8po/vCebEme4QPhRKxb69KMCVL1Lljpu/3+9,5.380783333769894,9.533246944181796,6.558585344717208
1896900,bA2tJJsSFg7ZCsjBt1GRLiDzdqrM8po/vCebEme4QPhRKxb69KMCVL1Lljpu/3+9,5.648328600054168,12.004646837931915,7.085135055040606
1897200,bA2tJJsSFg7ZCsjBt1GRLiDzdqrM8po/vCebEme4QPhRKxb69KMCVL1Lljpu/3+9,5.532135300664007,35.7293486414602,9.518130553367548
1897500,bA2tJJsSFg7ZCsjBt1GRLiDzdqrM8po/vCebEme4QPhRKxb69KMCVL1Lljpu/3+9,5.539552243192262,51.942632242035934,13.860802584476
1897800,bA2tJJsSFg7ZCsjBt1GRLiDzdqrM8po/vCebEme4QPhRKxb69KMCVL1Lljpu/3+9,5.53135710266514,9.19693223263808,6.635151597095771
1898100,bA2tJJsSFg7ZCsjBt1GRLiDzdqrM8po/vCebEme4QPhRKxb69KMCVL1Lljpu/3+9,5.180843471399051,21.39730797983728,7.7714683031420195
1898400,bA2tJJsSFg7ZCsjBt1GRLiDzdqrM8po/vCebEme4QPhRKxb69KMCVL1Lljpu/3+9,5.687618426419569,36.47614085859521,9.618666672049464
1898700,bA2tJJsSFg7ZCsjBt1GRLiDzdqrM8po/vCebEme4QPhRKxb69KMCVL1Lljpu/3+9,5.567938313905216,45.14731097644538,14.300696304517194
1899000,bA2tJJsSFg7ZCsjBt1GRLiDzdqrM8po/vCebEme4QPhRKxb69KMCVL1Lljpu/3+9,5.528417563152286,29.18762819792983,10.83626723775084
1899300,bA2tJJsSFg7ZCsjBt1GRLiDzdqrM8po/vCebEme4QPhRKxb69KMCVL1Lljpu/3+9,5.434547838038004,22.841697086500815,8.14905889622354
1899600,bA2tJJsSFg7ZCsjBt1GRLiDzdqrM8po/vCebEme4QPhRKxb69KMCVL1Lljpu/3+9,5.774048590103521,29.260346736104935,10.630060411775387
1899900,bA2tJJsSFg7ZCsjBt1GRLiDzdqrM8po/vCebEme4QPhRKxb69KMCVL1Lljpu/3+9,5.43607427896734,44.211198698616776,13.690616089520448
1900200,bA2tJJsSFg7ZCsjBt1GRLiDzdqrM8po/vCebEme4QPhRKxb69KMCVL1Lljpu/3+9,5.342738707649948,10.61450076063506,6.737917070415494
1900500,bA2tJJsSFg7ZCsjBt1GRLiDzdqrM8po/vCebEme4QPhRKxb69KMCVL1Lljpu/3+9,5.4751996953385484,25.93816043343847,8.344879445261135
1900800,bA2tJJsSFg7ZCsjBt1GRLiDzdqrM8po/vCebEme4QPhRKxb69KMCVL1Lljpu/3+9,5.255412049877958,24.33651018346625,9.581212352994045
1901100,bA2tJJsSFg7ZCsjBt1GRLiDzdqrM8po/vCebEme4QPhRKxb69KMCVL1Lljpu/3+9,5.265890267268699,36.0591076422441,15.089483412020652
1901400,bA2tJJsSFg7ZCsjBt1GRLiDzdqrM8po/vCebEme4QPhRKxb69KMCVL1Lljpu/3+9,5.337435940567989,19.03646319465724,7.959289904655433
1901700,bA2tJJsSFg7ZCsjBt1GRLiDzdqrM8po/vCebEme4QPhRKxb69KMCVL1Lljpu/3+9,5.115244944822882,24.217594336227137,7.957575737513438
1902000,bA2tJJsSFg7ZCsjBt1GRLiDzdqrM8po/vCebEme4QPhRKxb69KMCVL1Lljpu/3+9,5.364999930287888,24.220194495284268,9.229763445120309
1902300,bA2tJJsSFg7ZCsjBt1GRLiDzdqrM8po/vCebEme4QPhRKxb69KMCVL1Lljpu/3+9,5.30787192169574,38.575500365815984,13.808629645901714
1902600,bA2tJJsSFg7ZCsjBt1GRLiDzdqrM8po/vCebEme4QPhRKxb69KMCVL1Lljpu/3+9,5.261823720952291,10.077993130626425,6.45345382792391
1902900,bA2tJJsSFg7ZCsjBt1GRLiDzdqrM8po/vCebEme4QPhRKxb69KMCVL1Lljpu/3+9,5.253978487058019,23.557101249436894,7.585086837159245
1903200,bA2tJJsSFg7ZCsjBt1GRLiDzdqrM8po/vCebEme4QPhRKxb69KMCVL1Lljpu/3+9,5.080165076142937,28.965464032987533,10.166996272313208
1903500,bA2tJJsSFg7ZCsjBt1GRLiDzdqrM8po/vCebEme4QPhRKxb69KMCVL1Lljpu/3+9,5.099240014219498,48.42808026469272,13.466358716828829
1903800,bA2tJJsSFg7ZCsjBt1GRLiDzdqrM8po/vCebEme4QPhRKxb69KMCVL1Lljpu/3+9,5.267232655361872,9.75096464617233,6.429764491475916
1904100,bA2tJJsSFg7ZCsjBt1GRLiDzdqrM8po/vCebEme4QPhRKxb69KMCVL1Lljpu/3+9,5.191039005968824,22.195513357247638,7.82396837449627
1904400,bA2tJJsSFg7ZCsjBt1GRLiDzdqrM8po/vCebEme4QPhRKxb69KMCVL1Lljpu/3+9,4.991051406991898,36.20480456786077,9.20215719785238
1904700,bA2tJJsSFg7ZCsjBt1GRLiDzdqrM8po/vCebEme4QPhRKxb69KMCVL1Lljpu/3+9,5.182245593146964,53.65726794470326,14.078261987603884
1905000,bA2tJJsSFg7ZCsjBt1GRLiDzdqrM8po/vCebEme4QPhRKxb69KMCVL1Lljpu/3+9,5.147791084604764,15.371925781106642,8.999852940835455
1905300,bA2tJJsSFg7ZCsjBt1GRLiDzdqrM8po/vCebEme4QPhRKxb69KMCVL1Lljpu/3+9,10.506643159996568,26.5688061163624,13.409766423336007
1905600,bA2tJJsSFg7ZCsjBt1GRLiDzdqrM8po/vCebEme4QPhRKxb69KMCVL1Lljpu/3+9,5.257949729071183,30.57080929974358,11.885203056324077
1905900,bA2tJJsSFg7ZCsjBt1GRLiDzdqrM8po/vCebEme4QPhRKxb69KMCVL1Lljpu/3+9,5.310706390986033,54.600487802461835,13.583963822119571
1906200,bA2tJJsSFg7ZCsjBt1GRLiDzdqrM8po/vCebEme4QPhRKxb69KMCVL1Lljpu/3+9,5.106660452909141,9.529281896716162,6.415856047069156
1906500,bA2tJJsSFg7ZCsjBt1GRLiDzdqrM8po/vCebEme4QPhRKxb69KMCVL1Lljpu/3+9,5.219305686028221,21.8239337042778,7.619073940235995
1906800,bA2tJJsSFg7ZCsjBt1GRLiDzdqrM8po/vCebEme4QPhRKxb69KMCVL1Lljpu/3+9,5.057584482016945,36.38282299794945,9.82336525241712
1907100,bA2tJJsSFg7ZCsjBt1GRLiDzdqrM8po/vCebEme4QPhRKxb69KMCVL1Lljpu/3+9,5.04238008967069,62.92055751795523,13.206298023341764
1907400,bA2tJJsSFg7ZCsjBt1GRLiDzdqrM8po/vCebEme4QPhRKxb69KMCVL1Lljpu/3+9,5.052679953909406,9.404708378695947,6.282302594274258
1907700,bA2tJJsSFg7ZCsjBt1GRLiDzdqrM8po/vCebEme4QPhRKxb69KMCVL1Lljpu/3+9,4.9593650653049135,21.44791727763548,7.52445459341971
1908000,bA2tJJsSFg7ZCsjBt1GRLiDzdqrM8po/vCebEme4QPhRKxb69KMCVL1Lljpu/3+9,4.922386545913598,37.917027481641725,8.973090768920253
1908300,bA2tJJsSFg7ZCsjBt1GRLiDzdqrM8po/vCebEme4QPhRKxb69KMCVL1Lljpu/3+9,5.072841946861602,62.809808085542656,13.222879565969372
1908600,bA2tJJsSFg7ZCsjBt1GRLiDzdqrM8po/vCebEme4QPhRKxb69KMCVL1Lljpu/3+9,5.024484388339912,9.151229193113089,6.415863562142028
1908900,bA2tJJsSFg7ZCsjBt1GRLiDzdqrM8po/vCebEme4QPhRKxb69KMCVL1Lljpu/3+9,5.103544511403521,21.357772746536288,7.641206462800193
1909200,bA2tJJsSFg7ZCsjBt1GRLiDzdqrM8po/vCebEme4QPhRKxb69KMCVL1Lljpu/3+9,5.200761475009505,38.37522255929037,9.253297624746317
1909500,bA2tJJsSFg7ZCsjBt1GRLiDzdqrM8po/vCebEme4QPhRKxb69KMCVL1Lljpu/3+9,5.167286444183389,64.47616891730658,13.651029484515226
1909800,bA2tJJsSFg7ZCsjBt1GRLiDzdqrM8po/vCebEme4QPhRKxb69KMCVL1Lljpu/3+9,5.138967404073391,8.677656089010823,6.361686273213801
1910100,bA2tJJsSFg7ZCsjBt1GRLiDzdqrM8po/vCebEme4QPhRKxb69KMCVL1Lljpu/3+9,5.178617913479008,19.574662371298253,7.414936212120029
1910400,bA2tJJsSFg7ZCsjBt1GRLiDzdqrM8po/vCebEme4QPhRKxb69KMCVL1Lljpu/3+9,5.286659356919,26.403054919560542,10.312613158605238
1910700,bA2tJJsSFg7ZCsjBt1GRLiDzdqrM8po/vCebEme4QPhRKxb69KMCVL1Lljpu/3+9,5.237334978907968,63.11561014606288,11.897787301204206
1911000,bA2tJJsSFg7ZCsjBt1GRLiDzdqrM8po/vCebEme4QPhRKxb69KMCVL1Lljpu/3+9,5.125019163916472,21.484330348835027,8.073075839387638
1911300,bA2tJJsSFg7ZCsjBt1GRLiDzdqrM8po/vCebEme4QPhRKxb69KMCVL1Lljpu/3+9,5.157136453665755,7.16484468403312,5.993501441637242
1911600,bA2tJJsSFg7ZCsjBt1GRLiDzdqrM8po/vCebEme4QPhRKxb69KMCVL1Lljpu/3+9,5.1699644261193765,39.86666448846041,10.943974049926425
1911900,bA2tJJsSFg7ZCsjBt1GRLiDzdqrM8po/vCebEme4QPhRKxb69KMCVL1Lljpu/3+9,5.438235291033566,61.3362482964117,11.891327454958711
1912200,bA2tJJsSFg7ZCsjBt1GRLiDzdqrM8po/vCebEme4QPhRKxb69KMCVL1Lljpu/3+9,5.476998294119212,21.383574503635625,8.22282373762718
1912500,bA2tJJsSFg7ZCsjBt1GRLiDzdqrM8po/vCebEme4QPhRKxb69KMCVL1Lljpu/3+9,5.196557206542179,7.332651972645299,6.111473864660033
1912800,bA2tJJsSFg7ZCsjBt1GRLiDzdqrM8po/vCebEme4QPhRKxb69KMCVL1Lljpu/3+9,5.505150657389583,34.00871413478685,12.730891740245308
1913100,bA2tJJsSFg7ZCsjBt1GRLiDzdqrM8po/vCebEme4QPhRKxb69KMCVL1Lljpu/3+9,5.518495945538996,59.94458413415329,12.789794805897213
1913400,bA2tJJsSFg7ZCsjBt1GRLiDzdqrM8po/vCebEme4QPhRKxb69KMCVL1Lljpu/3+9,5.310971544959288,22.072200096781412,8.331024757199645
1913700,bA2tJJsSFg7ZCsjBt1GRLiDzdqrM8po/vCebEme4QPhRKxb69KMCVL1Lljpu/3+9,5.366153688419895,7.311719168633561,6.24611926266211
1914000,bA2tJJsSFg7ZCsjBt1GRLiDzdqrM8po/vCebEme4QPhRKxb69KMCVL1Lljpu/3+9,5.343267589373981,37.95500756736449,11.129886237450968
1914300,bA2tJJsSFg7ZCsjBt1GRLiDzdqrM8po/vCebEme4QPhRKxb69KMCVL1Lljpu/3+9,5.178662629629549,58.58072045869802,12.574778561781796
1914600,bA2tJJsSFg7ZCsjBt1GRLiDzdqrM8po/vCebEme4QPhRKxb69KMCVL1Lljpu/3+9,5.1153385103814095,23.311066167410647,8.157322017706738
1914900,bA2tJJsSFg7ZCsjBt1GRLiDzdqrM8po/vCebEme4QPhRKxb69KMCVL1Lljpu/3+9,5.465481499741928,7.495616277697617,6.173874762059392
1915200,bA2tJJsSFg7ZCsjBt1GRLiDzdqrM8po/vCebEme4QPhRKxb69KMCVL1Lljpu/3+9,5.483741510609347,37.62586977386454,10.824333331390676
1915500,bA2tJJsSFg7ZCsjBt1GRLiDzdqrM8po/vCebEme4QPhRKxb69KMCVL1Lljpu/3+9,5.3237146779291535,57.95499722193512,11.875067157367315
1915800,bA2tJJsSFg7ZCsjBt1GRLiDzdqrM8po/vCebEme4QPhRKxb69KMCVL1Lljpu/3+9,5.164399053988263,21.889708617714888,8.181085676008157
1916100,bA2tJJsSFg7ZCsjBt1GRLiDzdqrM8po/vCebEme4QPhRKxb69KMCVL1Lljpu/3+9,5.193112423245209,7.274355295982135,6.041295580172437
1916400,bA2tJJsSFg7ZCsjBt1GRLiDzdqrM8po/vCebEme4QPhRKxb69KMCVL1Lljpu/3+9,5.225355027121143,28.70437189141951,10.83778941972413
1916700,bA2tJJsSFg7ZCsjBt1GRLiDzdqrM8po/vCebEme4QPhRKxb69KMCVL1Lljpu/3+9,5.252832914961545,55.38222575515341,12.55285074118068
1917000,bA2tJJsSFg7ZCsjBt1GRLiDzdqrM8po/vCebEme4QPhRKxb69KMCVL1Lljpu/3+9,5.179219639316239,22.083745274770116,7.884891028554547
1917300,bA2tJJsSFg7ZCsjBt1GRLiDzdqrM8po/vCebEme4QPhRKxb69KMCVL1Lljpu/3+9,5.286964442245612,98.01352315816943,32.32743962591403
1917600,bA2tJJsSFg7ZCsjBt1GRLiDzdqrM8po/vCebEme4QPhRKxb69KMCVL1Lljpu/3+9,5.153176628134477,25.563284880978447,11.017909503550928
1917900,bA2tJJsSFg7ZCsjBt1GRLiDzdqrM8po/vCebEme4QPhRKxb69KMCVL1Lljpu/3+9,5.191456904800898,98.02922884098065,37.557227008335566
1918200,bA2tJJsSFg7ZCsjBt1GRLiDzdqrM8po/vCebEme4QPhRKxb69KMCVL1Lljpu/3+9,5.089176393011149,23.1466825429064,8.051228281644342
1918500,bA2tJJsSFg7ZCsjBt1GRLiDzdqrM8po/vCebEme4QPhRKxb69KMCVL1Lljpu/3+9,4.987182930245719,97.57548767701755,31.503933117835427
1918800,bA2tJJsSFg7ZCsjBt1GRLiDzdqrM8po/vCebEme4QPhRKxb69KMCVL1Lljpu/3+9,5.031842473415151,34.56928614418427,10.588437200346116
1919100,bA2tJJsSFg7ZCsjBt1GRLiDzdqrM8po/vCebEme4QPhRKxb69KMCVL1Lljpu/3+9,5.104704124705824,49.15353914438224,11.588115012825703
1919400,bA2tJJsSFg7ZCsjBt1GRLiDzdqrM8po/vCebEme4QPhRKxb69KMCVL1Lljpu/3+9,4.935932721495304,22.732651722580872,8.03675486305619
1919700,bA2tJJsSFg7ZCsjBt1GRLiDzdqrM8po/vCebEme4QPhRKxb69KMCVL1Lljpu/3+9,4.994349915204757,6.95875675896815,5.85591834717616
1920000,bA2tJJsSFg7ZCsjBt1GRLiDzdqrM8po/vCebEme4QPhRKxb69KMCVL1Lljpu/3+9,5.239922629081788,35.2178828791472,10.80030057804565
1920300,bA2tJJsSFg7ZCsjBt1GRLiDzdqrM8po/vCebEme4QPhRKxb69KMCVL1Lljpu/3+9,5.043224954708717,48.52137106671233,11.866954061860577
1920600,bA2tJJsSFg7ZCsjBt1GRLiDzdqrM8po/vCebEme4QPhRKxb69KMCVL1Lljpu/3+9,5.10872177936596,23.297744876516287,7.855980970607563
1920900,bA2tJJsSFg7ZCsjBt1GRLiDzdqrM8po/vCebEme4QPhRKxb69KMCVL1Lljpu/3+9,5.260800536730288,7.54501545484193,6.009898882314901
1921200,bA2tJJsSFg7ZCsjBt1GRLiDzdqrM8po/vCebEme4QPhRKxb69KMCVL1Lljpu/3+9,5.239487483840515,96.75487526055164,37.529163681351896
1921500,bA2tJJsSFg7ZCsjBt1GRLiDzdqrM8po/vCebEme4QPhRKxb69KMCVL1Lljpu/3+9,5.290564382631603,51.364338625347045,12.86586753789441
1921800,bA2tJJsSFg7ZCsjBt1GRLiDzdqrM8po/vCebEme4QPhRKxb69KMCVL1Lljpu/3+9,5.2235869983381935,22.166856248759345,8.015694122780353
1922100,bA2tJJsSFg7ZCsjBt1GRLiDzdqrM8po/vCebEme4QPhRKxb69KMCVL1Lljpu/3+9,5.1787231493755135,7.573822791646973,6.287920828764104
1922400,bA2tJJsSFg7ZCsjBt1GRLiDzdqrM8po/vCebEme4QPhRKxb69KMCVL1Lljpu/3+9,5.237510237441987,35.88830826494392,10.930363758940404
1922700,bA2tJJsSFg7ZCsjBt1GRLiDzdqrM8po/vCebEme4QPhRKxb69KMCVL1Lljpu/3+9,5.154082954997877,44.75000999183875,11.965396172823905
1923000,bA2tJJsSFg7ZCsjBt1GRLiDzdqrM8po/vCebEme4QPhRKxb69KMCVL1Lljpu/3+9,5.182814305386837,21.70946254833936,8.068568471887785
1923300,bA2tJJsSFg7ZCsjBt1GRLiDzdqrM8po/vCebEme4QPhRKxb69KMCVL1Lljpu/3+9,5.230826929207712,6.951355477080301,6.0524512210633805
1923600,bA2tJJsSFg7ZCsjBt1GRLiDzdqrM8po/vCebEme4QPhRKxb69KMCVL1Lljpu/3+9,5.313815412184661,23.881338915984774,11.002783773886112
1923900,bA2tJJsSFg7ZCsjBt1GRLiDzdqrM8po/vCebEme4QPhRKxb69KMCVL1Lljpu/3+9,5.29145443128263,42.94342487954087,11.99878497463259
1924200,bA2tJJsSFg7ZCsjBt1GRLiDzdqrM8po/vCebEme4QPhRKxb69KMCVL1Lljpu/3+9,5.410733838475148,17.317609061972696,8.150451565483051
1924500,bA2tJJsSFg7ZCsjBt1GRLiDzdqrM8po/vCebEme4QPhRKxb69KMCVL1Lljpu/3+9,5.570826880580734,7.558505568746653,6.294987925418587
1924800,bA2tJJsSFg7ZCsjBt1GRLiDzdqrM8po/vCebEme4QPhRKxb69KMCVL1Lljpu/3+9,5.241072687416692,51.5377775715883,11.014023572488544
1925100,bA2tJJsSFg7ZCsjBt1GRLiDzdqrM8po/vCebEme4QPhRKxb69KMCVL1Lljpu/3+9,5.29433209834623,41.755558925974185,12.753782432274797
1925400,bA2tJJsSFg7ZCsjBt1GRLiDzdqrM8po/vCebEme4QPhRKxb69KMCVL1Lljpu/3+9,5.297699439733211,22.7159570302111,8.14430955287979
1925700,bA2tJJsSFg7ZCsjBt1GRLiDzdqrM8po/vCebEme4QPhRKxb69KMCVL1Lljpu/3+9,5.143121483862857,7.26154554868423,6.146568014366284
1926000,bA2tJJsSFg7ZCsjBt1GRLiDzdqrM8po/vCebEme4QPhRKxb69KMCVL1Lljpu/3+9,5.230349309194624,51.45818892867492,11.03076390013171
1926300,bA2tJJsSFg7ZCsjBt1GRLiDzdqrM8po/vCebEme4QPhRKxb69KMCVL1Lljpu/3+9,5.684267828994888,40.34191471085073,12.534598717448636
1926600,bA2tJJsSFg7ZCsjBt1GRLiDzdqrM8po/vCebEme4QPhRKxb69KMCVL1Lljpu/3+9,5.567658876358684,24.557726559360407,8.976925863296374
1926900,bA2tJJsSFg7ZCsjBt1GRLiDzdqrM8po/vCebEme4QPhRKxb69KMCVL1Lljpu/3+9,5.913145696045014,8.11203196547747,6.746251980188772
1927200,bA2tJJsSFg7ZCsjBt1GRLiDzdqrM8po/vCebEme4QPhRKxb69KMCVL1Lljpu/3+9,5.481535524519456,36.29384756787818,11.216790096575595
1927500,bA2tJJsSFg7ZCsjBt1GRLiDzdqrM8po/vCebEme4QPhRKxb69KMCVL1Lljpu/3+9,5.407318790899537,39.51672354420442,12.339374353886967
1927800,bA2tJJsSFg7ZCsjBt1GRLiDzdqrM8po/vCebEme4QPhRKxb69KMCVL1Lljpu/3+9,5.39954246746256,23.995519613072908,8.443067119243562
1928100,bA2tJJsSFg7ZCsjBt1GRLiDzdqrM8po/vCebEme4QPhRKxb69KMCVL1Lljpu/3+9,5.279641782899446,7.345730920394766,6.222412335104251
1928400,bA2tJJsSFg7ZCsjBt1GRLiDzdqrM8po/vCebEme4QPhRKxb69KMCVL1Lljpu/3+9,5.11488110051731,52.40701406449415,10.950050865050558
1928700,bA2tJJsSFg7ZCsjBt1GRLiDzdqrM8po/vCebEme4QPhRKxb69KMCVL1Lljpu/3+9,5.0389843104949765,36.65649668854668,13.533757190213136
1929000,bA2tJJsSFg7ZCsjBt1GRLiDzdqrM8po/vCebEme4QPhRKxb69KMCVL1Lljpu/3+9,5.425924115908451,22.72134942022982,8.100298143927551
1929300,bA2tJJsSFg7ZCsjBt1GRLiDzdqrM8po/vCebEme4QPhRKxb69KMCVL1Lljpu/3+9,5.376611896946883,7.418212817441709,6.238635243281633
1929600,bA2tJJsSFg7ZCsjBt1GRLiDzdqrM8po/vCebEme4QPhRKxb69KMCVL1Lljpu/3+9,5.028046261211039,34.24483891817219,10.993534568282003
1929900,bA2tJJsSFg7ZCsjBt1GRLiDzdqrM8po/vCebEme4QPhRKxb69KMCVL1Lljpu/3+9,5.336643607142166,40.280362804143664,11.748927227595948
1930200,bA2tJJsSFg7ZCsjBt1GRLiDzdqrM8po/vCebEme4QPhRKxb69KMCVL1Lljpu/3+9,4.955081620702566,21.239512709015678,7.975663630288522
1930500,bA2tJJsSFg7ZCsjBt1GRLiDzdqrM8po/vCebEme4QPhRKxb69KMCVL1Lljpu/3+9,5.198850193525784,7.65606638043182,5.986292177234495
1930800,bA2tJJsSFg7ZCsjBt1GRLiDzdqrM8po/vCebEme4QPhRKxb69KMCVL1Lljpu/3+9,5.045318281711444,34.875810054777844,10.825926468406657
1931100,bA2tJJsSFg7ZCsjBt1GRLiDzdqrM8po/vCebEme4QPhRKxb69KMCVL1Lljpu/3+9,5.107461892021868,48.9570218059893,11.841713210764537
1931400,bA2tJJsSFg7ZCsjBt1GRLiDzdqrM8po/vCebEme4QPhRKxb69KMCVL1Lljpu/3+9,4.921249598627077,21.469334665051377,7.90329177468276
1931700,bA2tJJsSFg7ZCsjBt1GRLiDzdqrM8po/vCebEme4QPhRKxb69KMCVL1Lljpu/3+9,5.370492358719497,6.9353601726539615,5.96708822856375
1932000,bA2tJJsSFg7ZCsjBt1GRLiDzdqrM8po/vCebEme4QPhRKxb69KMCVL1Lljpu/3+9,5.026319807863596,21.514140290572424,10.833798293489496
1932300,bA2tJJsSFg7ZCsjBt1GRLiDzdqrM8po/vCebEme4QPhRKxb69KMCVL1Lljpu/3+9,5.241789957648948,51.0921460432976,12.482596342526312
1932600,bA2tJJsSFg7ZCsjBt1GRLiDzdqrM8po/vCebEme4QPhRKxb69KMCVL1Lljpu/3+9,5.3207571559653,21.31503040092784,7.910655300835778
1932900,bA2tJJsSFg7ZCsjBt1GRLiDzdqrM8po/vCebEme4QPhRKxb69KMCVL1Lljpu/3+9,5.182408835997348,7.191928220324121,6.004260983729367
1933200,bA2tJJsSFg7ZCsjBt1GRLiDzdqrM8po/vCebEme4QPhRKxb69KMCVL1Lljpu/3+9,5.274133173727265,26.1169502047804,11.15701013955508
1933500,bA2tJJsSFg7ZCsjBt1GRLiDzdqrM8po/vCebEme4QPhRKxb69KMCVL1Lljpu/3+9,5.215926871098816,53.417304541674746,11.616580398437009
1933800,bA2tJJsSFg7ZCsjBt1GRLiDzdqrM8po/vCebEme4QPhRKxb69KMCVL1Lljpu/3+9,4.950447688493011,24.45076378416197,7.829375850399345
1934100,bA2tJJsSFg7ZCsjBt1GRLiDzdqrM8po/vCebEme4QPhRKxb69KMCVL1Lljpu/3+9,5.085078345479637,6.9312740990818416,5.9101018360672875
1934400,bA2tJJsSFg7ZCsjBt1GRLiDzdqrM8po/vCebEme4QPhRKxb69KMCVL1Lljpu/3+9,4.9997000435374455,32.69113493303486,14.234792351816816
1934700,bA2tJJsSFg7ZCsjBt1GRLiDzdqrM8po/vCebEme4QPhRKxb69KMCVL1Lljpu/3+9,11.764520796177258,71.24411574738619,18.547868206554384
1935000,bA2tJJsSFg7ZCsjBt1GRLiDzdqrM8po/vCebEme4QPhRKxb69KMCVL1Lljpu/3+9,4.937437318309101,23.86313393069288,11.2637633474773
1935300,bA2tJJsSFg7ZCsjBt1GRLiDzdqrM8po/vCebEme4QPhRKxb69KMCVL1Lljpu/3+9,5.082967967262522,8.572931225834095,6.08502933623922
1935600,bA2tJJsSFg7ZCsjBt1GRLiDzdqrM8po/vCebEme4QPhRKxb69KMCVL1Lljpu/3+9,5.109393654537734,24.579524863964497,10.839234038728312
1935900,bA2tJJsSFg7ZCsjBt1GRLiDzdqrM8po/vCebEme4QPhRKxb69KMCVL1Lljpu/3+9,4.977111781579947,62.39610518109734,11.600255679465944
1936200,bA2tJJsSFg7ZCsjBt1GRLiDzdqrM8po/vCebEme4QPhRKxb69KMCVL1Lljpu/3+9,4.92503489494763,23.87360515748651,8.703710014908207
1936500,bA2tJJsSFg7ZCsjBt1GRLiDzdqrM8po/vCebEme4QPhRKxb69KMCVL1Lljpu/3+9,5.0520033440289485,7.288260412427416,6.016514304327236
1936800,bA2tJJsSFg7ZCsjBt1GRLiDzdqrM8po/vCebEme4QPhRKxb69KMCVL1Lljpu/3+9,4.901458774320508,30.13558432610899,10.617216960128102
1937100,bA2tJJsSFg7ZCsjBt1GRLiDzdqrM8po/vCebEme4QPhRKxb69KMCVL1Lljpu/3+9,4.99362587821379,64.2294456834627,11.945496182346927
1937400,bA2tJJsSFg7ZCsjBt1GRLiDzdqrM8po/vCebEme4QPhRKxb69KMCVL1Lljpu/3+9,5.001994568452986,22.5373087849957,8.43580803194253
1937700,bA2tJJsSFg7ZCsjBt1GRLiDzdqrM8po/vCebEme4QPhRKxb69KMCVL1Lljpu/3+9,5.221675172294475,8.52303538940461,6.115565915375328
1938000,bA2tJJsSFg7ZCsjBt1GRLiDzdqrM8po/vCebEme4QPhRKxb69KMCVL1Lljpu/3+9,5.208130854043576,30.938275116472653,10.81286353514426
1938300,bA2tJJsSFg7ZCsjBt1GRLiDzdqrM8po/vCebEme4QPhRKxb69KMCVL1Lljpu/3+9,5.199043456546592,62.8293150679581,11.823448167396329
1938600,bA2tJJsSFg7ZCsjBt1GRLiDzdqrM8po/vCebEme4QPhRKxb69KMCVL1Lljpu/3+9,4.889358280497717,22.45485079895677,7.577178718659062
1938900,bA2tJJsSFg7ZCsjBt1GRLiDzdqrM8po/vCebEme4QPhRKxb69KMCVL1Lljpu/3+9,5.504200938902981,9.314431953075136,6.51011214525646
1939200,bA2tJJsSFg7ZCsjBt1GRLiDzdqrM8po/vCebEme4QPhRKxb69KMCVL1Lljpu/3+9,5.7650045016372,27.01245963942716,11.152828779207356
1939500,bA2tJJsSFg7ZCsjBt1GRLiDzdqrM8po/vCebEme4QPhRKxb69KMCVL1Lljpu/3+9,5.7993134572246685,65.86893744273851,13.000290616707398
1939800,bA2tJJsSFg7ZCsjBt1GRLiDzdqrM8po/vCebEme4QPhRKxb69KMCVL1Lljpu/3+9,5.76759984805257,19.895862307806723,9.305921869977098
1940100,bA2tJJsSFg7ZCsjBt1GRLiDzdqrM8po/vCebEme4QPhRKxb69KMCVL1Lljpu/3+9,6.063706816109851,9.720048403770996,7.2326082708968435
1940400,bA2tJJsSFg7ZCsjBt1GRLiDzdqrM8po/vCebEme4QPhRKxb69KMCVL1Lljpu/3+9,6.013224111364732,23.184857049238285,11.338859392373108
1940700,bA2tJJsSFg7ZCsjBt1GRLiDzdqrM8po/vCebEme4QPhRKxb69KMCVL1Lljpu/3+9,5.830801654222952,66.54257730776992,13.170876245920237
1941000,bA2tJJsSFg7ZCsjBt1GRLiDzdqrM8po/vCebEme4QPhRKxb69KMCVL1Lljpu/3+9,5.383023484735867,23.925259867739264,8.493266932835784
1941300,bA2tJJsSFg7ZCsjBt1GRLiDzdqrM8po/vCebEme4QPhRKxb69KMCVL1Lljpu/3+9,5.702437442557173,9.980914255483565,6.966265069546231
1941600,bA2tJJsSFg7ZCsjBt1GRLiDzdqrM8po/vCebEme4QPhRKxb69KMCVL1Lljpu/3+9,5.866254764316105,41.17422198756347,12.42914468809104
1941900,bA2tJJsSFg7ZCsjBt1GRLiDzdqrM8po/vCebEme4QPhRKxb69KMCVL1Lljpu/3+9,5.509372194414088,62.3368953403613,12.822141550203357
1942200,bA2tJJsSFg7ZCsjBt1GRLiDzdqrM8po/vCebEme4QPhRKxb69KMCVL1Lljpu/3+9,5.534104349880968,22.531181271510835,8.045394993406338
1942500,bA2tJJsSFg7ZCsjBt1GRLiDzdqrM8po/vCebEme4QPhRKxb69KMCVL1Lljpu/3+9,5.47913891432384,9.535863385073373,6.707923242459436
1942800,bA2tJJsSFg7ZCsjBt1GRLiDzdqrM8po/vCebEme4QPhRKxb69KMCVL1Lljpu/3+9,5.555650180634264,35.915175274076674,11.077074627024972
1943100,bA2tJJsSFg7ZCsjBt1GRLiDzdqrM8po/vCebEme4QPhRKxb69KMCVL1Lljpu/3+9,5.3327836970953015,61.89593041589465,12.154976537200074
1943400,bA2tJJsSFg7ZCsjBt1GRLiDzdqrM8po/vCebEme4QPhRKxb69KMCVL1Lljpu/3+9,5.304569374689037,11.01197920120028,7.073822024530972
1943700,bA2tJJsSFg7ZCsjBt1GRLiDzdqrM8po/vCebEme4QPhRKxb69KMCVL1Lljpu/3+9,5.497885896463004,23.501490349437237,8.137390683075907
1944000,bA2tJJsSFg7ZCsjBt1GRLiDzdqrM8po/vCebEme4QPhRKxb69KMCVL1Lljpu/3+9,4.971278951811578,28.0145254083522,8.799899828250156
1944300,bA2tJJsSFg7ZCsjBt1GRLiDzdqrM8po/vCebEme4QPhRKxb69KMCVL1Lljpu/3+9,4.971591622291571,58.98240812562027,13.481433322867856
1944600,bA2tJJsSFg7ZCsjBt1GRLiDzdqrM8po/vCebEme4QPhRKxb69KMCVL1Lljpu/3+9,5.071124816672588,8.115747615471097,5.9837991272920075
1944900,bA2tJJsSFg7ZCsjBt1GRLiDzdqrM8po/vCebEme4QPhRKxb69KMCVL1Lljpu/3+9,5.0405271975641135,21.232856574748684,7.820937572591085
1945200,bA2tJJsSFg7ZCsjBt1GRLiDzdqrM8po/vCebEme4QPhRKxb69KMCVL1Lljpu/3+9,5.2056003848229935,35.22114542161741,9.1981102123269
1945500,bA2tJJsSFg7ZCsjBt1GRLiDzdqrM8po/vCebEme4QPhRKxb69KMCVL1Lljpu/3+9,5.096028039886153,49.43790870797892,13.675102355328992
1945800,bA2tJJsSFg7ZCsjBt1GRLiDzdqrM8po/vCebEme4QPhRKxb69KMCVL1Lljpu/3+9,5.183150558401871,7.888119244995347,6.0691747686780895
1946100,bA2tJJsSFg7ZCsjBt1GRLiDzdqrM8po/vCebEme4QPhRKxb69KMCVL1Lljpu/3+9,5.173595736027231,22.1687724765891,8.064377016445203
1946400,bA2tJJsSFg7ZCsjBt1GRLiDzdqrM8po/vCebEme4QPhRKxb69KMCVL1Lljpu/3+9,5.482961689207327,34.030722136311866,8.923521495846481
1946700,bA2tJJsSFg7ZCsjBt1GRLiDzdqrM8po/vCebEme4QPhRKxb69KMCVL1Lljpu/3+9,4.85940633394543,48.00846653368648,13.819128869121489
1947000,bA2tJJsSFg7ZCsjBt1GRLiDzdqrM8po/vCebEme4QPhRKxb69KMCVL1Lljpu/3+9,5.309302500013088,10.454283945256408,6.953464950137442
1947300,bA2tJJsSFg7ZCsjBt1GRLiDzdqrM8po/vCebEme4QPhRKxb69KMCVL1Lljpu/3+9,4.992048039242151,25.69799117881968,8.0228906274481
1947600,bA2tJJsSFg7ZCsjBt1GRLiDzdqrM8po/vCebEme4QPhRKxb69KMCVL1Lljpu/3+9,5.037460995807135,34.965966741369655,8.718045708449399
1947900,bA2tJJsSFg7ZCsjBt1GRLiDzdqrM8po/vCebEme4QPhRKxb69KMCVL1Lljpu/3+9,4.939032870807445,47.83045350698496,13.774129213193774
1948200,bA2tJJsSFg7ZCsjBt1GRLiDzdqrM8po/vCebEme4QPhRKxb69KMCVL1Lljpu/3+9,5.147713168834475,8.027877185279767,5.975375564189338
1948500,bA2tJJsSFg7ZCsjBt1GRLiDzdqrM8po/vCebEme4QPhRKxb69KMCVL1Lljpu/3+9,4.850369241159733,25.92071301703273,7.987164190699259
1948800,bA2tJJsSFg7ZCsjBt1GRLiDzdqrM8po/vCebEme4QPhRKxb69KMCVL1Lljpu/3+9,4.966437941722036,24.542577447988453,8.860039549156221
1949100,bA2tJJsSFg7ZCsjBt1GRLiDzdqrM8po/vCebEme4QPhRKxb69KMCVL1Lljpu/3+9,5.07773882945307,46.71803467651686,13.942033679652754
1949400,bA2tJJsSFg7ZCsjBt1GRLiDzdqrM8po/vCebEme4QPhRKxb69KMCVL1Lljpu/3+9,5.183406887944992,7.9136346203501375,6.15240015341338
1949700,bA2tJJsSFg7ZCsjBt1GRLiDzdqrM8po/vCebEme4QPhRKxb69KMCVL1Lljpu/3+9,5.320149526901055,26.44989001034052,8.302845612222812
1950000,bA2tJJsSFg7ZCsjBt1GRLiDzdqrM8po/vCebEme4QPhRKxb69KMCVL1Lljpu/3+9,5.180732392881212,32.10164331415739,9.181162528522137
1950300,bA2tJJsSFg7ZCsjBt1GRLiDzdqrM8po/vCebEme4QPhRKxb69KMCVL1Lljpu/3+9,5.328226640916151,46.26882882239336,14.104518739653168
1950600,bA2tJJsSFg7ZCsjBt1GRLiDzdqrM8po/vCebEme4QPhRKxb69KMCVL1Lljpu/3+9,5.568670380141759,11.191687649427433,7.227513837452034
1950900,bA2tJJsSFg7ZCsjBt1GRLiDzdqrM8po/vCebEme4QPhRKxb69KMCVL1Lljpu/3+9,5.108390542669372,27.236014902284914,8.26476547667169
1951200,bA2tJJsSFg7ZCsjBt1GRLiDzdqrM8po/vCebEme4QPhRKxb69KMCVL1Lljpu/3+9,5.157661369426866,35.25516922830257,8.89130908498968
1951500,bA2tJJsSFg7ZCsjBt1GRLiDzdqrM8po/vCebEme4QPhRKxb69KMCVL1Lljpu/3+9,5.298867864700561,42.74317448552141,13.89764351535998
1951800,bA2tJJsSFg7ZCsjBt1GRLiDzdqrM8po/vCebEme4QPhRKxb69KMCVL1Lljpu/3+9,4.879039032226574,8.399424331867898,6.111177713331904
1952100,bA2tJJsSFg7ZCsjBt1GRLiDzdqrM8po/vCebEme4QPhRKxb69KMCVL1Lljpu/3+9,5.222359715413424,26.912650615471662,8.039451291579702
1952400,bA2tJJsSFg7ZCsjBt1GRLiDzdqrM8po/vCebEme4QPhRKxb69KMCVL1Lljpu/3+9,5.271563445091887,35.34407902553199,8.994552162345887
1952700,bA2tJJsSFg7ZCsjBt1GRLiDzdqrM8po/vCebEme4QPhRKxb69KMCVL1Lljpu/3+9,4.997026372235833,39.59685013429655,13.871141862507166
1953000,bA2tJJsSFg7ZCsjBt1GRLiDzdqrM8po/vCebEme4QPhRKxb69KMCVL1Lljpu/3+9,5.152849795134214,7.961681531924953,6.197759635255624
1953300,bA2tJJsSFg7ZCsjBt1GRLiDzdqrM8po/vCebEme4QPhRKxb69KMCVL1Lljpu/3+9,5.293230361166024,18.16886363260538,8.07656178035589
1953600,bA2tJJsSFg7ZCsjBt1GRLiDzdqrM8po/vCebEme4QPhRKxb69KMCVL1Lljpu/3+9,5.151590640751148,34.99113664155098,9.049467697175215
1953900,bA2tJJsSFg7ZCsjBt1GRLiDzdqrM8po/vCebEme4QPhRKxb69KMCVL1Lljpu/3+9,5.081277113484154,37.41635337365927,13.856654961133284
1954200,bA2tJJsSFg7ZCsjBt1GRLiDzdqrM8po/vCebEme4QPhRKxb69KMCVL1Lljpu/3+9,4.93726393523426,8.708564037049907,6.381396971677993
1954500,bA2tJJsSFg7ZCsjBt1GRLiDzdqrM8po/vCebEme4QPhRKxb69KMCVL1Lljpu/3+9,5.4624711059369275,22.34725041452537,8.599078524997017
1954800,bA2tJJsSFg7ZCsjBt1GRLiDzdqrM8po/vCebEme4QPhRKxb69KMCVL1Lljpu/3+9,5.092169798842642,27.124305413585216,8.899289628191076
1955100,bA2tJJsSFg7ZCsjBt1GRLiDzdqrM8po/vCebEme4QPhRKxb69KMCVL1Lljpu/3+9,5.202105655367493,36.232514572035456,13.897339042227244
1955400,bA2tJJsSFg7ZCsjBt1GRLiDzdqrM8po/vCebEme4QPhRKxb69KMCVL1Lljpu/3+9,5.234075395579028,8.597526317836365,6.241811527806568
1955700,bA2tJJsSFg7ZCsjBt1GRLiDzdqrM8po/vCebEme4QPhRKxb69KMCVL1Lljpu/3+9,4.869254908506042,23.37832639531853,8.021444196259447
1956000,bA2tJJsSFg7ZCsjBt1GRLiDzdqrM8po/vCebEme4QPhRKxb69KMCVL1Lljpu/3+9,5.347547549761972,32.65479712945803,9.174013450935233
1956300,bA2tJJsSFg7ZCsjBt1GRLiDzdqrM8po/vCebEme4QPhRKxb69KMCVL1Lljpu/3+9,4.975504278853236,35.52893722622802,13.993646396979369
1956600,bA2tJJsSFg7ZCsjBt1GRLiDzdqrM8po/vCebEme4QPhRKxb69KMCVL1Lljpu/3+9,5.130065365127586,7.969361298825072,6.3235356474152
1956900,bA2tJJsSFg7ZCsjBt1GRLiDzdqrM8po/vCebEme4QPhRKxb69KMCVL1Lljpu/3+9,5.390167347104404,23.307587416634444,8.355880462364793
1957200,bA2tJJsSFg7ZCsjBt1GRLiDzdqrM8po/vCebEme4QPhRKxb69KMCVL1Lljpu/3+9,5.1975678143579644,28.58917088864405,9.604820028936906
1957500,bA2tJJsSFg7ZCsjBt1GRLiDzdqrM8po/vCebEme4QPhRKxb69KMCVL1Lljpu/3+9,5.420464941836316,52.50526999670088,14.111924562617109
1957800,bA2tJJsSFg7ZCsjBt1GRLiDzdqrM8po/vCebEme4QPhRKxb69KMCVL1Lljpu/3+9,5.287481478289547,8.120536879493358,6.3270790715137135
1958100,bA2tJJsSFg7ZCsjBt1GRLiDzdqrM8po/vCebEme4QPhRKxb69KMCVL1Lljpu/3+9,5.084511601071603,23.67293156693753,9.151367869750754
1958400,bA2tJJsSFg7ZCsjBt1GRLiDzdqrM8po/vCebEme4QPhRKxb69KMCVL1Lljpu/3+9,5.083850407519257,34.296943559857645,9.024542541777151
1958700,bA2tJJsSFg7ZCsjBt1GRLiDzdqrM8po/vCebEme4QPhRKxb69KMCVL1Lljpu/3+9,5.2272150250044955,48.04794453254253,13.91918680046926
1959000,bA2tJJsSFg7ZCsjBt1GRLiDzdqrM8po/vCebEme4QPhRKxb69KMCVL1Lljpu/3+9,5.0025465340624775,8.324957722211716,6.113814754586612
1959300,bA2tJJsSFg7ZCsjBt1GRLiDzdqrM8po/vCebEme4QPhRKxb69KMCVL1Lljpu/3+9,4.993977625903161,22.923378641943447,7.984503179954678
1959600,bA2tJJsSFg7ZCsjBt1GRLiDzdqrM8po/vCebEme4QPhRKxb69KMCVL1Lljpu/3+9,4.902253289198385,36.28472797601984,8.99443761142147
1959900,bA2tJJsSFg7ZCsjBt1GRLiDzdqrM8po/vCebEme4QPhRKxb69KMCVL1Lljpu/3+9,5.284240596051524,55.3676724923313,13.924130608440002
1960200,bA2tJJsSFg7ZCsjBt1GRLiDzdqrM8po/vCebEme4QPhRKxb69KMCVL1Lljpu/3+9,4.822834373400308,7.89372071301621,5.983682146721028
1960500,bA2tJJsSFg7ZCsjBt1GRLiDzdqrM8po/vCebEme4QPhRKxb69KMCVL1Lljpu/3+9,5.220220122732041,22.484405746473414,7.897139640245538
1960800,bA2tJJsSFg7ZCsjBt1GRLiDzdqrM8po/vCebEme4QPhRKxb69KMCVL1Lljpu/3+9,4.9953736094064425,34.53455205352954,9.26830355812024
1961100,bA2tJJsSFg7ZCsjBt1GRLiDzdqrM8po/vCebEme4QPhRKxb69KMCVL1Lljpu/3+9,4.935190438985183,60.54518907302188,13.726542154011026
1961400,bA2tJJsSFg7ZCsjBt1GRLiDzdqrM8po/vCebEme4QPhRKxb69KMCVL1Lljpu/3+9,5.38823265028848,7.889746913451207,6.096906382122029
1961700,bA2tJJsSFg7ZCsjBt1GRLiDzdqrM8po/vCebEme4QPhRKxb69KMCVL1Lljpu/3+9,4.819992102483208,18.529512928763992,8.694496217196257
1962000,bA2tJJsSFg7ZCsjBt1GRLiDzdqrM8po/vCebEme4QPhRKxb69KMCVL1Lljpu/3+9,5.27508167609146,27.12187434456669,8.775308096321382
1962300,bA2tJJsSFg7ZCsjBt1GRLiDzdqrM8po/vCebEme4QPhRKxb69KMCVL1Lljpu/3+9,5.059935909041864,44.91770884498052,13.57508150823734
1962600,bA2tJJsSFg7ZCsjBt1GRLiDzdqrM8po/vCebEme4QPhRKxb69KMCVL1Lljpu/3+9,5.414731220297835,8.22182926165485,6.08062908651526
1962900,bA2tJJsSFg7ZCsjBt1GRLiDzdqrM8po/vCebEme4QPhRKxb69KMCVL1Lljpu/3+9,4.9534823602948,23.446804196575023,7.885302931449593
1963200,bA2tJJsSFg7ZCsjBt1GRLiDzdqrM8po/vCebEme4QPhRKxb69KMCVL1Lljpu/3+9,5.473972888851876,35.303319980014024,8.987079200182697
1963500,bA2tJJsSFg7ZCsjBt1GRLiDzdqrM8po/vCebEme4QPhRKxb69KMCVL1Lljpu/3+9,4.736864619668904,47.55352566720852,13.641364417639291
1963800,bA2tJJsSFg7ZCsjBt1GRLiDzdqrM8po/vCebEme4QPhRKxb69KMCVL1Lljpu/3+9,5.338211207922068,13.929290869479154,9.190840104897754
1964100,bA2tJJsSFg7ZCsjBt1GRLiDzdqrM8po/vCebEme4QPhRKxb69KMCVL1Lljpu/3+9,10.712978939774974,28.48224611993787,14.549816479757046
1964400,bA2tJJsSFg7ZCsjBt1GRLiDzdqrM8po/vCebEme4QPhRKxb69KMCVL1Lljpu/3+9,5.811637781739765,35.15753479365518,12.745491636483766
1964700,bA2tJJsSFg7ZCsjBt1GRLiDzdqrM8po/vCebEme4QPhRKxb69KMCVL1Lljpu/3+9,5.013597845084722,50.28102751786983,13.61932416658833
1965000,bA2tJJsSFg7ZCsjBt1GRLiDzdqrM8po/vCebEme4QPhRKxb69KMCVL1Lljpu/3+9,5.592689785681968,8.257939456011071,6.288525158430268
1965300,bA2tJJsSFg7ZCsjBt1GRLiDzdqrM8po/vCebEme4QPhRKxb69KMCVL1Lljpu/3+9,4.9543937750910665,24.62403770693633,9.069029017545255
1965600,bA2tJJsSFg7ZCsjBt1GRLiDzdqrM8po/vCebEme4QPhRKxb69KMCVL1Lljpu/3+9,5.455315181504382,22.981702584050815,9.078521801243244
1965900,bA2tJJsSFg7ZCsjBt1GRLiDzdqrM8po/vCebEme4QPhRKxb69KMCVL1Lljpu/3+9,5.342812456274768,52.3354889153878,13.755276635557845
1966200,bA2tJJsSFg7ZCsjBt1GRLiDzdqrM8po/vCebEme4QPhRKxb69KMCVL1Lljpu/3+9,5.49132060389903,8.713352819609478,6.144615900378802
1966500,bA2tJJsSFg7ZCsjBt1GRLiDzdqrM8po/vCebEme4QPhRKxb69KMCVL1Lljpu/3+9,4.826770252208124,22.86330509644429,7.763799325493655
1966800,bA2tJJsSFg7ZCsjBt1GRLiDzdqrM8po/vCebEme4QPhRKxb69KMCVL1Lljpu/3+9,5.724702523455416,35.00139247465452,9.028585703186486
1967100,bA2tJJsSFg7ZCsjBt1GRLiDzdqrM8po/vCebEme4QPhRKxb69KMCVL1Lljpu/3+9,4.9417600083783695,53.80472931601755,13.718676361836216
1967400,bA2tJJsSFg7ZCsjBt1GRLiDzdqrM8po/vCebEme4QPhRKxb69KMCVL1Lljpu/3+9,5.343090081304457,7.940310590964301,6.047974335236183
1967700,bA2tJJsSFg7ZCsjBt1GRLiDzdqrM8po/vCebEme4QPhRKxb69KMCVL1Lljpu/3+9,5.330167913865245,23.565327988142972,7.875717378694363
1968000,bA2tJJsSFg7ZCsjBt1GRLiDzdqrM8po/vCebEme4QPhRKxb69KMCVL1Lljpu/3+9,5.647488079320638,34.479242370843124,8.964372360134888
1968300,bA2tJJsSFg7ZCsjBt1GRLiDzdqrM8po/vCebEme4QPhRKxb69KMCVL1Lljpu/3+9,5.082366400499261,60.64594826436269,13.704731199904966
1968600,bA2tJJsSFg7ZCsjBt1GRLiDzdqrM8po/vCebEme4QPhRKxb69KMCVL1Lljpu/3+9,5.559291966691718,8.244786674875785,6.391106936212264
1968900,bA2tJJsSFg7ZCsjBt1GRLiDzdqrM8po/vCebEme4QPhRKxb69KMCVL1Lljpu/3+9,5.1943005449356905,23.461438422575675,8.973735947073726
1969200,bA2tJJsSFg7ZCsjBt1GRLiDzdqrM8po/vCebEme4QPhRKxb69KMCVL1Lljpu/3+9,5.5019209225110135,23.24007112859972,9.487598215981453
1969500,bA2tJJsSFg7ZCsjBt1GRLiDzdqrM8po/vCebEme4QPhRKxb69KMCVL1Lljpu/3+9,5.470236764595771,63.61144774871679,14.08607088765841
1969800,bA2tJJsSFg7ZCsjBt1GRLiDzdqrM8po/vCebEme4QPhRKxb69KMCVL1Lljpu/3+9,5.439389690496725,8.794667673292127,6.462579707527727
1970100,bA2tJJsSFg7ZCsjBt1GRLiDzdqrM8po/vCebEme4QPhRKxb69KMCVL1Lljpu/3+9,5.17275113844773,22.91735726717468,8.191637252914607
1970400,bA2tJJsSFg7ZCsjBt1GRLiDzdqrM8po/vCebEme4QPhRKxb69KMCVL1Lljpu/3+9,5.998966995893063,35.3239708809571,9.422492784246009
1970700,bA2tJJsSFg7ZCsjBt1GRLiDzdqrM8po/vCebEme4QPhRKxb69KMCVL1Lljpu/3+9,5.389747862747556,67.77032588025338,14.349772305273625
1971000,bA2tJJsSFg7ZCsjBt1GRLiDzdqrM8po/vCebEme4QPhRKxb69KMCVL1Lljpu/3+9,5.428885206746477,8.028651074577454,6.393844483512125
1971300,bA2tJJsSFg7ZCsjBt1GRLiDzdqrM8po/vCebEme4QPhRKxb69KMCVL1Lljpu/3+9,5.30494261910221,21.479661014090365,8.269847163592006
1971600,bA2tJJsSFg7ZCsjBt1GRLiDzdqrM8po/vCebEme4QPhRKxb69KMCVL1Lljpu/3+9,5.548129279354902,32.362631993059814,9.114866208827433
1971900,bA2tJJsSFg7ZCsjBt1GRLiDzdqrM8po/vCebEme4QPhRKxb69KMCVL1Lljpu/3+9,5.160565560535964,67.47259772948601,13.976331205533986
1972200,bA2tJJsSFg7ZCsjBt1GRLiDzdqrM8po/vCebEme4QPhRKxb69KMCVL1Lljpu/3+9,5.486012434430076,8.15198268381988,6.341015990525917
1972500,bA2tJJsSFg7ZCsjBt1GRLiDzdqrM8po/vCebEme4QPhRKxb69KMCVL1Lljpu/3+9,5.039833648728143,28.300704638520084,9.05016663719759
1972800,bA2tJJsSFg7ZCsjBt1GRLiDzdqrM8po/vCebEme4QPhRKxb69KMCVL1Lljpu/3+9,5.612428607053328,34.82410094016756,9.565150289621911
1973100,bA2tJJsSFg7ZCsjBt1GRLiDzdqrM8po/vCebEme4QPhRKxb69KMCVL1Lljpu/3+9,5.258838164398219,64.72333874687303,13.960140477489464
1973400,bA2tJJsSFg7ZCsjBt1GRLiDzdqrM8po/vCebEme4QPhRKxb69KMCVL1Lljpu/3+9,5.379581809945725,8.994359506236012,6.40135254837889
1973700,bA2tJJsSFg7ZCsjBt1GRLiDzdqrM8po/vCebEme4QPhRKxb69KMCVL1Lljpu/3+9,5.152710386254505,22.688434237266826,8.041160393784166
1974000,bA2tJJsSFg7ZCsjBt1GRLiDzdqrM8po/vCebEme4QPhRKxb69KMCVL1Lljpu/3+9,5.459833770736229,25.1891940368262,9.161459383062862
1974300,bA2tJJsSFg7ZCsjBt1GRLiDzdqrM8po/vCebEme4QPhRKxb69KMCVL1Lljpu/3+9,5.325376294294469,65.44879813187684,13.984731756016547
1974600,bA2tJJsSFg7ZCsjBt1GRLiDzdqrM8po/vCebEme4QPhRKxb69KMCVL1Lljpu/3+9,5.317414621796884,7.798784139283305,6.220252047002016
1974900,bA2tJJsSFg7ZCsjBt1GRLiDzdqrM8po/vCebEme4QPhRKxb69KMCVL1Lljpu/3+9,5.372993568918616,10.598752819627158,6.849589182766112
1975200,bA2tJJsSFg7ZCsjBt1GRLiDzdqrM8po/vCebEme4QPhRKxb69KMCVL1Lljpu/3+9,5.559648635048331,34.61597690900196,10.185744391536096
1975500,bA2tJJsSFg7ZCsjBt1GRLiDzdqrM8po/vCebEme4QPhRKxb69KMCVL1Lljpu/3+9,4.977137964113279,65.99272222323563,12.184624903849638
1975800,bA2tJJsSFg7ZCsjBt1GRLiDzdqrM8po/vCebEme4QPhRKxb69KMCVL1Lljpu/3+9,5.345508033480564,22.67181382226612,7.845732310115538
1976100,bA2tJJsSFg7ZCsjBt1GRLiDzdqrM8po/vCebEme4QPhRKxb69KMCVL1Lljpu/3+9,5.341839273961726,9.29114517753779,6.427181039939555
1976400,bA2tJJsSFg7ZCsjBt1GRLiDzdqrM8po/vCebEme4QPhRKxb69KMCVL1Lljpu/3+9,5.14702195852044,34.618419432524085,11.442189680061798
1976700,bA2tJJsSFg7ZCsjBt1GRLiDzdqrM8po/vCebEme4QPhRKxb69KMCVL1Lljpu/3+9,5.3536371540514684,64.50119276068483,11.998349149519814
1977000,bA2tJJsSFg7ZCsjBt1GRLiDzdqrM8po/vCebEme4QPhRKxb69KMCVL1Lljpu/3+9,5.515995661312895,22.472064161693044,8.056293516708578
1977300,bA2tJJsSFg7ZCsjBt1GRLiDzdqrM8po/vCebEme4QPhRKxb69KMCVL1Lljpu/3+9,5.141095121448836,8.815943095221366,6.182870067658572
1977600,bA2tJJsSFg7ZCsjBt1GRLiDzdqrM8po/vCebEme4QPhRKxb69KMCVL1Lljpu/3+9,5.403505097258045,31.725452382597364,10.623890221316568
1977900,bA2tJJsSFg7ZCsjBt1GRLiDzdqrM8po/vCebEme4QPhRKxb69KMCVL1Lljpu/3+9,5.207704664637412,64.74106111131026,12.067873556430046
1978200,bA2tJJsSFg7ZCsjBt1GRLiDzdqrM8po/vCebEme4QPhRKxb69KMCVL1Lljpu/3+9,5.2859329926762015,20.343872374170243,7.737562338464795
1978500,bA2tJJsSFg7ZCsjBt1GRLiDzdqrM8po/vCebEme4QPhRKxb69KMCVL1Lljpu/3+9,5.154227963266093,8.37247281165906,6.284106560444271
1978800,bA2tJJsSFg7ZCsjBt1GRLiDzdqrM8po/vCebEme4QPhRKxb69KMCVL1Lljpu/3+9,5.3856879140858,28.88314446666916,10.58363036529246
1979100,bA2tJJsSFg7ZCsjBt1GRLiDzdqrM8po/vCebEme4QPhRKxb69KMCVL1Lljpu/3+9,4.940685858688189,65.18340232775776,11.93218115624339
1979400,bA2tJJsSFg7ZCsjBt1GRLiDzdqrM8po/vCebEme4QPhRKxb69KMCVL1Lljpu/3+9,5.164137182040604,21.76872195781192,7.630290725793558
1979700,bA2tJJsSFg7ZCsjBt1GRLiDzdqrM8po/vCebEme4QPhRKxb69KMCVL1Lljpu/3+9,4.955892791961186,11.044668555255567,6.283294760084791
1980000,bA2tJJsSFg7ZCsjBt1GRLiDzdqrM8po/vCebEme4QPhRKxb69KMCVL1Lljpu/3+9,5.146308175858008,34.432829124486794,11.309172235152586
1980300,bA2tJJsSFg7ZCsjBt1GRLiDzdqrM8po/vCebEme4QPhRKxb69KMCVL1Lljpu/3+9,5.1256370973924,62.642770180929965,11.96136953794034
1980600,bA2tJJsSFg7ZCsjBt1GRLiDzdqrM8po/vCebEme4QPhRKxb69KMCVL1Lljpu/3+9,5.106718856326832,21.9538388272412,7.671251608003888
1980900,bA2tJJsSFg7ZCsjBt1GRLiDzdqrM8po/vCebEme4QPhRKxb69KMCVL1Lljpu/3+9,4.7889729424800205,8.694230460015007,5.904038162750752
1981200,bA2tJJsSFg7ZCsjBt1GRLiDzdqrM8po/vCebEme4QPhRKxb69KMCVL1Lljpu/3+9,5.431730162458148,30.18570267560553,10.52675536081626
1981500,bA2tJJsSFg7ZCsjBt1GRLiDzdqrM8po/vCebEme4QPhRKxb69KMCVL1Lljpu/3+9,5.180035765909593,60.413444928174734,12.145949518263247
1981800,bA2tJJsSFg7ZCsjBt1GRLiDzdqrM8po/vCebEme4QPhRKxb69KMCVL1Lljpu/3+9,5.019527663521441,14.90957730873306,7.5743419366588
1982100,bA2tJJsSFg7ZCsjBt1GRLiDzdqrM8po/vCebEme4QPhRKxb69KMCVL1Lljpu/3+9,4.939928532466138,10.160405301123824,6.029076416883162
1982400,bA2tJJsSFg7ZCsjBt1GRLiDzdqrM8po/vCebEme4QPhRKxb69KMCVL1Lljpu/3+9,5.4365844019365195,34.66804238402167,10.636125882822046
1982700,bA2tJJsSFg7ZCsjBt1GRLiDzdqrM8po/vCebEme4QPhRKxb69KMCVL1Lljpu/3+9,4.688382719554033,60.576180786922265,11.971592230639576
1983000,bA2tJJsSFg7ZCsjBt1GRLiDzdqrM8po/vCebEme4QPhRKxb69KMCVL1Lljpu/3+9,5.159659701170677,21.53469198728387,7.762610961571568
1983300,bA2tJJsSFg7ZCsjBt1GRLiDzdqrM8po/vCebEme4QPhRKxb69KMCVL1Lljpu/3+9,5.0909852965349565,11.087184054337412,6.432351768585691
1983600,bA2tJJsSFg7ZCsjBt1GRLiDzdqrM8po/vCebEme4QPhRKxb69KMCVL1Lljpu/3+9,5.48971568832018,31.780499480922263,11.682978721887142
1983900,bA2tJJsSFg7ZCsjBt1GRLiDzdqrM8po/vCebEme4QPhRKxb69KMCVL1Lljpu/3+9,5.344805346774946,57.02868499575884,12.331355827270114
1984200,bA2tJJsSFg7ZCsjBt1GRLiDzdqrM8po/vCebEme4QPhRKxb69KMCVL1Lljpu/3+9,5.370375830684711,22.269403573964592,8.000307121648312
1984500,bA2tJJsSFg7ZCsjBt1GRLiDzdqrM8po/vCebEme4QPhRKxb69KMCVL1Lljpu/3+9,4.948138947815678,9.63114483486404,6.190248605886258
1984800,bA2tJJsSFg7ZCsjBt1GRLiDzdqrM8po/vCebEme4QPhRKxb69KMCVL1Lljpu/3+9,5.6620488643003934,29.71441606550784,11.271412700594489
1985100,bA2tJJsSFg7ZCsjBt1GRLiDzdqrM8po/vCebEme4QPhRKxb69KMCVL1Lljpu/3+9,5.3779024157897775,55.57355396253528,12.394163338704276
1985400,bA2tJJsSFg7ZCsjBt1GRLiDzdqrM8po/vCebEme4QPhRKxb69KMCVL1Lljpu/3+9,5.423198591780992,29.777289818365865,12.164083301606592
1985700,bA2tJJsSFg7ZCsjBt1GRLiDzdqrM8po/vCebEme4QPhRKxb69KMCVL1Lljpu/3+9,5.211442759081913,8.092068117029168,6.205345538483454
1986000,bA2tJJsSFg7ZCsjBt1GRLiDzdqrM8po/vCebEme4QPhRKxb69KMCVL1Lljpu/3+9,5.36718878657901,34.999508025871805,10.942536138519449
1986300,bA2tJJsSFg7ZCsjBt1GRLiDzdqrM8po/vCebEme4QPhRKxb69KMCVL1Lljpu/3+9,5.206319486167331,52.52576259142752,11.9155425351507
1986600,bA2tJJsSFg7ZCsjBt1GRLiDzdqrM8po/vCebEme4QPhRKxb69KMCVL1Lljpu/3+9,5.411608806604655,21.881116731516503,7.762687189144642
1986900,bA2tJJsSFg7ZCsjBt1GRLiDzdqrM8po/vCebEme4QPhRKxb69KMCVL1Lljpu/3+9,4.701385095710194,9.45336941270073,6.599514762448107
1987200,bA2tJJsSFg7ZCsjBt1GRLiDzdqrM8po/vCebEme4QPhRKxb69KMCVL1Lljpu/3+9,5.22022642534973,39.39622189014284,11.466880406927851
1987500,bA2tJJsSFg7ZCsjBt1GRLiDzdqrM8po/vCebEme4QPhRKxb69KMCVL1Lljpu/3+9,5.097266782413742,52.652951831837214,12.509199825637728
1987800,bA2tJJsSFg7ZCsjBt1GRLiDzdqrM8po/vCebEme4QPhRKxb69KMCVL1Lljpu/3+9,4.853823570213201,22.24987263704845,9.208046206727792
1988100,bA2tJJsSFg7ZCsjBt1GRLiDzdqrM8po/vCebEme4QPhRKxb69KMCVL1Lljpu/3+9,5.05156545434676,7.9379432109604275,6.233488151760179
1988400,bA2tJJsSFg7ZCsjBt1GRLiDzdqrM8po/vCebEme4QPhRKxb69KMCVL1Lljpu/3+9,5.1125666280729165,21.72177399649103,7.683830286319637
1988700,bA2tJJsSFg7ZCsjBt1GRLiDzdqrM8po/vCebEme4QPhRKxb69KMCVL1Lljpu/3+9,5.068452482091283,46.829732723915335,12.363600071234451
1989000,bA2tJJsSFg7ZCsjBt1GRLiDzdqrM8po/vCebEme4QPhRKxb69KMCVL1Lljpu/3+9,4.792386904025912,21.020972630146368,7.621604276633113
1989300,bA2tJJsSFg7ZCsjBt1GRLiDzdqrM8po/vCebEme4QPhRKxb69KMCVL1Lljpu/3+9,4.96818375805281,7.672698132317989,5.881864137730178
1989600,bA2tJJsSFg7ZCsjBt1GRLiDzdqrM8po/vCebEme4QPhRKxb69KMCVL1Lljpu/3+9,4.9354962532766775,36.141991393616266,10.488762329338837
1989900,bA2tJJsSFg7ZCsjBt1GRLiDzdqrM8po/vCebEme4QPhRKxb69KMCVL1Lljpu/3+9,4.709087336005736,39.980149622709,11.87266509706479
1990200,bA2tJJsSFg7ZCsjBt1GRLiDzdqrM8po/vCebEme4QPhRKxb69KMCVL1Lljpu/3+9,4.800968094097856,22.01246174373301,7.557138819096577
1990500,bA2tJJsSFg7ZCsjBt1GRLiDzdqrM8po/vCebEme4QPhRKxb69KMCVL1Lljpu/3+9,4.728341997471945,9.09818657656568,6.174393956485709
1990800,bA2tJJsSFg7ZCsjBt1GRLiDzdqrM8po/vCebEme4QPhRKxb69KMCVL1Lljpu/3+9,4.901299691665902,38.95013784705528,11.272701749666757
1991100,bA2tJJsSFg7ZCsjBt1GRLiDzdqrM8po/vCebEme4QPhRKxb69KMCVL1Lljpu/3+9,5.031594241588613,38.49059387548673,12.155381577140894
1991400,bA2tJJsSFg7ZCsjBt1GRLiDzdqrM8po/vCebEme4QPhRKxb69KMCVL1Lljpu/3+9,5.249864401008962,22.493398173120248,7.816675217902775
1991700,bA2tJJsSFg7ZCsjBt1GRLiDzdqrM8po/vCebEme4QPhRKxb69KMCVL1Lljpu/3+9,4.907185208364696,7.5652996342591345,6.1078271831382365
1992000,bA2tJJsSFg7ZCsjBt1GRLiDzdqrM8po/vCebEme4QPhRKxb69KMCVL1Lljpu/3+9,5.1522093439354,31.967469771030608,10.593222685092718
1992300,bA2tJJsSFg7ZCsjBt1GRLiDzdqrM8po/vCebEme4QPhRKxb69KMCVL1Lljpu/3+9,5.248541396392149,37.4486264407502,12.119807407118474
1992600,bA2tJJsSFg7ZCsjBt1GRLiDzdqrM8po/vCebEme4QPhRKxb69KMCVL1Lljpu/3+9,4.979396504186315,22.598751981997893,7.845070587045691
1992900,bA2tJJsSFg7ZCsjBt1GRLiDzdqrM8po/vCebEme4QPhRKxb69KMCVL1Lljpu/3+9,5.16790966714016,7.602830472928952,6.129915760523825
1993200,bA2tJJsSFg7ZCsjBt1GRLiDzdqrM8po/vCebEme4QPhRKxb69KMCVL1Lljpu/3+9,5.0610522823089035,40.915129543634855,13.504582598147897
1993500,bA2tJJsSFg7ZCsjBt1GRLiDzdqrM8po/vCebEme4QPhRKxb69KMCVL1Lljpu/3+9,11.559533317060376,47.20796221361173,18.60793172125575
1993800,bA2tJJsSFg7ZCsjBt1GRLiDzdqrM8po/vCebEme4QPhRKxb69KMCVL1Lljpu/3+9,5.710044499726758,24.21194268879331,11.152364968242248
1994100,bA2tJJsSFg7ZCsjBt1GRLiDzdqrM8po/vCebEme4QPhRKxb69KMCVL1Lljpu/3+9,5.051029971087746,7.960390625605689,6.108565679019626
1994400,bA2tJJsSFg7ZCsjBt1GRLiDzdqrM8po/vCebEme4QPhRKxb69KMCVL1Lljpu/3+9,5.02999017709189,35.76979423419365,10.919241123265596
1994700,bA2tJJsSFg7ZCsjBt1GRLiDzdqrM8po/vCebEme4QPhRKxb69KMCVL1Lljpu/3+9,5.475630621039893,47.405808018065855,13.771430079931086
1995000,bA2tJJsSFg7ZCsjBt1GRLiDzdqrM8po/vCebEme4QPhRKxb69KMCVL1Lljpu/3+9,5.146827505881743,22.80836597998093,7.884631624947872
1995300,bA2tJJsSFg7ZCsjBt1GRLiDzdqrM8po/vCebEme4QPhRKxb69KMCVL1Lljpu/3+9,4.936735296395391,8.909005559627413,6.2240471571513485
1995600,bA2tJJsSFg7ZCsjBt1GRLiDzdqrM8po/vCebEme4QPhRKxb69KMCVL1Lljpu/3+9,5.047718702342824,36.525869590209275,10.832515182842137
1995900,bA2tJJsSFg7ZCsjBt1GRLiDzdqrM8po/vCebEme4QPhRKxb69KMCVL1Lljpu/3+9,5.110755879400552,48.87435350032989,12.036546993327049
1996200,bA2tJJsSFg7ZCsjBt1GRLiDzdqrM8po/vCebEme4QPhRKxb69KMCVL1Lljpu/3+9,4.849281742937458,23.462469562204745,7.8792809116242655
1996500,bA2tJJsSFg7ZCsjBt1GRLiDzdqrM8po/vCebEme4QPhRKxb69KMCVL1Lljpu/3+9,5.203886426409532,8.108139492038749,6.308180267886236
1996800,bA2tJJsSFg7ZCsjBt1GRLiDzdqrM8po/vCebEme4QPhRKxb69KMCVL1Lljpu/3+9,4.997632715107084,37.46732159073394,9.57651117806958
1997100,bA2tJJsSFg7ZCsjBt1GRLiDzdqrM8po/vCebEme4QPhRKxb69KMCVL1Lljpu/3+9,5.594313910731625,53.69907083068668,12.569224149524722
1997400,bA2tJJsSFg7ZCsjBt1GRLiDzdqrM8po/vCebEme4QPhRKxb69KMCVL1Lljpu/3+9,5.6879904821740395,24.64626520925829,8.285983919840536
1997700,bA2tJJsSFg7ZCsjBt1GRLiDzdqrM8po/vCebEme4QPhRKxb69KMCVL1Lljpu/3+9,5.413119416803832,7.520112634038535,6.364458937866635
1998000,bA2tJJsSFg7ZCsjBt1GRLiDzdqrM8po/vCebEme4QPhRKxb69KMCVL1Lljpu/3+9,5.616566353141518,37.24157291284376,11.114248614765728
1998300,bA2tJJsSFg7ZCsjBt1GRLiDzdqrM8po/vCebEme4QPhRKxb69KMCVL1Lljpu/3+9,5.593246188947804,53.946554380277085,12.90124709131432
1998600,bA2tJJsSFg7ZCsjBt1GRLiDzdqrM8po/vCebEme4QPhRKxb69KMCVL1Lljpu/3+9,5.705854385250913,23.103038524472243,8.488381797947099
1998900,bA2tJJsSFg7ZCsjBt1GRLiDzdqrM8po/vCebEme4QPhRKxb69KMCVL1Lljpu/3+9,5.320385074105894,7.139034956289459,6.112671997128344
1999200,bA2tJJsSFg7ZCsjBt1GRLiDzdqrM8po/vCebEme4QPhRKxb69KMCVL1Lljpu/3+9,5.644090119678024,55.3095807282597,11.475759324326496
1999500,bA2tJJsSFg7ZCsjBt1GRLiDzdqrM8po/vCebEme4QPhRKxb69KMCVL1Lljpu/3+9,5.3316193227914095,55.11883289783008,12.272302191416838
1999800,bA2tJJsSFg7ZCsjBt1GRLiDzdqrM8po/vCebEme4QPhRKxb69KMCVL1Lljpu/3+9,5.324118184122444,24.913934503543167,8.376738225012733
2000100,bA2tJJsSFg7ZCsjBt1GRLiDzdqrM8po/vCebEme4QPhRKxb69KMCVL1Lljpu/3+9,5.460922893272005,7.854092306425321,6.335180872414778
2000400,bA2tJJsSFg7ZCsjBt1GRLiDzdqrM8po/vCebEme4QPhRKxb69KMCVL1Lljpu/3+9,5.773455427857996,7.960654002300735,6.500411392954101
2000700,bA2tJJsSFg7ZCsjBt1GRLiDzdqrM8po/vCebEme4QPhRKxb69KMCVL1Lljpu/3+9,5.428291405199256,57.15695095984263,12.211521770180736
2001000,bA2tJJsSFg7ZCsjBt1GRLiDzdqrM8po/vCebEme4QPhRKxb69KMCVL1Lljpu/3+9,5.950752495042428,20.32422735711545,8.604312665243395
2001300,bA2tJJsSFg7ZCsjBt1GRLiDzdqrM8po/vCebEme4QPhRKxb69KMCVL1Lljpu/3+9,5.48703625658388,7.301238169552293,6.305111886307167
2001600,bA2tJJsSFg7ZCsjBt1GRLiDzdqrM8po/vCebEme4QPhRKxb69KMCVL1Lljpu/3+9,5.493406608189516,36.869937318525984,11.326543235754023
2001900,bA2tJJsSFg7ZCsjBt1GRLiDzdqrM8po/vCebEme4QPhRKxb69KMCVL1Lljpu/3+9,5.451785722597688,64.35434502934268,13.149588728095663
2002200,bA2tJJsSFg7ZCsjBt1GRLiDzdqrM8po/vCebEme4QPhRKxb69KMCVL1Lljpu/3+9,5.818173239954807,23.644778665321507,8.414232204124017
2002500,bA2tJJsSFg7ZCsjBt1GRLiDzdqrM8po/vCebEme4QPhRKxb69KMCVL1Lljpu/3+9,4.961979726138104,6.890007945502526,6.049592975473932
2002800,bA2tJJsSFg7ZCsjBt1GRLiDzdqrM8po/vCebEme4QPhRKxb69KMCVL1Lljpu/3+9,5.489241669680014,42.36601280362984,11.055845568838455
2003100,bA2tJJsSFg7ZCsjBt1GRLiDzdqrM8po/vCebEme4QPhRKxb69KMCVL1Lljpu/3+9,5.210305628822632,64.32723601928038,11.873262446650402
2003400,bA2tJJsSFg7ZCsjBt1GRLiDzdqrM8po/vCebEme4QPhRKxb69KMCVL1Lljpu/3+9,4.95347340513988,22.427716817345857,7.882755735435851
2003700,bA2tJJsSFg7ZCsjBt1GRLiDzdqrM8po/vCebEme4QPhRKxb69KMCVL1Lljpu/3+9,5.1428179804942795,98.03411726997993,31.255588894301184
2004000,bA2tJJsSFg7ZCsjBt1GRLiDzdqrM8po/vCebEme4QPhRKxb69KMCVL1Lljpu/3+9,5.556394116916201,34.91531866624756,11.098726920650764
2004300,bA2tJJsSFg7ZCsjBt1GRLiDzdqrM8po/vCebEme4QPhRKxb69KMCVL1Lljpu/3+9,5.20082114915789,64.0442414673569,11.637124303234817
2004600,bA2tJJsSFg7ZCsjBt1GRLiDzdqrM8po/vCebEme4QPhRKxb69KMCVL1Lljpu/3+9,5.4117123499816655,20.889276361561524,7.850986971718914
2004900,bA2tJJsSFg7ZCsjBt1GRLiDzdqrM8po/vCebEme4QPhRKxb69KMCVL1Lljpu/3+9,5.016921471377724,8.179034214933461,5.9343976922527935
2005200,bA2tJJsSFg7ZCsjBt1GRLiDzdqrM8po/vCebEme4QPhRKxb69KMCVL1Lljpu/3+9,5.147983319559981,36.22183653596343,10.723627328268195
2005500,bA2tJJsSFg7ZCsjBt1GRLiDzdqrM8po/vCebEme4QPhRKxb69KMCVL1Lljpu/3+9,5.287358394023005,64.71175876485127,12.582278752922448
2005800,bA2tJJsSFg7ZCsjBt1GRLiDzdqrM8po/vCebEme4QPhRKxb69KMCVL1Lljpu/3+9,5.11758026345425,22.067365607565584,8.073965075371204
2006100,bA2tJJsSFg7ZCsjBt1GRLiDzdqrM8po/vCebEme4QPhRKxb69KMCVL1Lljpu/3+9,5.169663976524371,7.798204664176329,5.862771307149714
2006400,bA2tJJsSFg7ZCsjBt1GRLiDzdqrM8po/vCebEme4QPhRKxb69KMCVL1Lljpu/3+9,5.236387121061696,37.05264283106728,10.953584670173806
2006700,bA2tJJsSFg7ZCsjBt1GRLiDzdqrM8po/vCebEme4QPhRKxb69KMCVL1Lljpu/3+9,5.267726195172007,64.14825687811773,12.013813883108968
2007000,bA2tJJsSFg7ZCsjBt1GRLiDzdqrM8po/vCebEme4QPhRKxb69KMCVL1Lljpu/3+9,5.422327332530854,22.799375829502576,8.170035218290538
2007300,bA2tJJsSFg7ZCsjBt1GRLiDzdqrM8po/vCebEme4QPhRKxb69KMCVL1Lljpu/3+9,5.30181234839549,96.8597906817166,31.925008014969432
2007600,bA2tJJsSFg7ZCsjBt1GRLiDzdqrM8po/vCebEme4QPhRKxb69KMCVL1Lljpu/3+9,5.388827707109738,39.12009774473989,10.994131664820117
2007900,bA2tJJsSFg7ZCsjBt1GRLiDzdqrM8po/vCebEme4QPhRKxb69KMCVL1Lljpu/3+9,5.6285904126853,97.50553103270957,39.322346698469
2008200,bA2tJJsSFg7ZCsjBt1GRLiDzdqrM8po/vCebEme4QPhRKxb69KMCVL1Lljpu/3+9,5.841493058859223,9.035224790031442,6.91464438924188
2008500,bA2tJJsSFg7ZCsjBt1GRLiDzdqrM8po/vCebEme4QPhRKxb69KMCVL1Lljpu/3+9,5.419593681896372,97.04869081949211,35.1691307487347
2008800,bA2tJJsSFg7ZCsjBt1GRLiDzdqrM8po/vCebEme4QPhRKxb69KMCVL1Lljpu/3+9,5.664256110300712,36.93711703521456,9.609630600983168
2009100,bA2tJJsSFg7ZCsjBt1GRLiDzdqrM8po/vCebEme4QPhRKxb69KMCVL1Lljpu/3+9,5.310444446792952,64.09107895360418,14.348650662562669
2009400,bA2tJJsSFg7ZCsjBt1GRLiDzdqrM8po/vCebEme4QPhRKxb69KMCVL1Lljpu/3+9,5.697724764959931,9.256109422379092,6.746593130222336
2009700,bA2tJJsSFg7ZCsjBt1GRLiDzdqrM8po/vCebEme4QPhRKxb69KMCVL1Lljpu/3+9,5.4398653612402645,21.679224948294504,7.70983666139445
2010000,bA2tJJsSFg7ZCsjBt1GRLiDzdqrM8po/vCebEme4QPhRKxb69KMCVL1Lljpu/3+9,5.640728896839027,24.01603409755132,9.571307895359904
2010300,bA2tJJsSFg7ZCsjBt1GRLiDzdqrM8po/vCebEme4QPhRKxb69KMCVL1Lljpu/3+9,5.3812399253224426,61.64341539535569,13.795986529350351
2010600,bA2tJJsSFg7ZCsjBt1GRLiDzdqrM8po/vCebEme4QPhRKxb69KMCVL1Lljpu/3+9,5.24947632955707,8.540380413767986,6.368891008941865
2010900,bA2tJJsSFg7ZCsjBt1GRLiDzdqrM8po/vCebEme4QPhRKxb69KMCVL1Lljpu/3+9,5.204040920510344,22.002070343893664,7.686763260637875
2011200,bA2tJJsSFg7ZCsjBt1GRLiDzdqrM8po/vCebEme4QPhRKxb69KMCVL1Lljpu/3+9,5.317532512407318,31.25896292601028,9.29184324973418
2011500,bA2tJJsSFg7ZCsjBt1GRLiDzdqrM8po/vCebEme4QPhRKxb69KMCVL1Lljpu/3+9,5.233014447123048,59.86360234601183,13.355322187771469
2011800,bA2tJJsSFg7ZCsjBt1GRLiDzdqrM8po/vCebEme4QPhRKxb69KMCVL1Lljpu/3+9,5.169862350810987,8.701073152911114,6.4729925988761625
2012100,bA2tJJsSFg7ZCsjBt1GRLiDzdqrM8po/vCebEme4QPhRKxb69KMCVL1Lljpu/3+9,5.242487183018194,21.723076932085576,7.775937310762745
2012400,bA2tJJsSFg7ZCsjBt1GRLiDzdqrM8po/vCebEme4QPhRKxb69KMCVL1Lljpu/3+9,5.109445676148462,36.45420752699334,9.471510843723097
2012700,bA2tJJsSFg7ZCsjBt1GRLiDzdqrM8po/vCebEme4QPhRKxb69KMCVL1Lljpu/3+9,5.48900046149299,52.646430271006174,14.461811839007796
2013000,bA2tJJsSFg7ZCsjBt1GRLiDzdqrM8po/vCebEme4QPhRKxb69KMCVL1Lljpu/3+9,5.305268203079021,9.403982100059649,6.538062713429592
2013300,bA2tJJsSFg7ZCsjBt1GRLiDzdqrM8po/vCebEme4QPhRKxb69KMCVL1Lljpu/3+9,4.982282198485376,22.12942838801198,7.888854858243217
2013600,bA2tJJsSFg7ZCsjBt1GRLiDzdqrM8po/vCebEme4QPhRKxb69KMCVL1Lljpu/3+9,5.65329896382421,27.430125764665355,9.881789669727523
2013900,bA2tJJsSFg7ZCsjBt1GRLiDzdqrM8po/vCebEme4QPhRKxb69KMCVL1Lljpu/3+9,5.146606919670993,52.20622910109542,13.733998530311622
2014200,bA2tJJsSFg7ZCsjBt1GRLiDzdqrM8po/vCebEme4QPhRKxb69KMCVL1Lljpu/3+9,5.504253571567969,46.28616368535937,14.711776094463945
2014500,bA2tJJsSFg7ZCsjBt1GRLiDzdqrM8po/vCebEme4QPhRKxb69KMCVL1Lljpu/3+9,5.458763938428085,20.936250503837005,8.161802573163044
2014800,bA2tJJsSFg7ZCsjBt1GRLiDzdqrM8po/vCebEme4QPhRKxb69KMCVL1Lljpu/3+9,5.3503246461917255,23.103112887500643,9.678346664990398
2015100,bA2tJJsSFg7ZCsjBt1GRLiDzdqrM8po/vCebEme4QPhRKxb69KMCVL1Lljpu/3+9,5.224213323449091,50.72199406792106,13.509510714776894
2015400,bA2tJJsSFg7ZCsjBt1GRLiDzdqrM8po/vCebEme4QPhRKxb69KMCVL1Lljpu/3+9,5.196731361912672,8.6867196289498,6.3707984797203006
2015700,bA2tJJsSFg7ZCsjBt1GRLiDzdqrM8po/vCebEme4QPhRKxb69KMCVL1Lljpu/3+9,5.061404400552606,21.96339512660399,7.5398446547901266
2016000,bA2tJJsSFg7ZCsjBt1GRLiDzdqrM8po/vCebEme4QPhRKxb69KMCVL1Lljpu/3+9,5.092757456358143,30.79745449135909,9.098960392527063
2016300,bA2tJJsSFg7ZCsjBt1GRLiDzdqrM8po/vCebEme4QPhRKxb69KMCVL1Lljpu/3+9,5.139607995441309,48.00412262245282,13.212043571526664
2016600,bA2tJJsSFg7ZCsjBt1GRLiDzdqrM8po/vCebEme4QPhRKxb69KMCVL1Lljpu/3+9,5.594294514525975,10.481632131992887,7.49791132721647
2016900,bA2tJJsSFg7ZCsjBt1GRLiDzdqrM8po/vCebEme4QPhRKxb69KMCVL1Lljpu/3+9,5.004765115767945,22.3240961101699,7.434027019642919
2017200,bA2tJJsSFg7ZCsjBt1GRLiDzdqrM8po/vCebEme4QPhRKxb69KMCVL1Lljpu/3+9,5.122285877295595,36.463494668679445,9.31210939194865
2017500,bA2tJJsSFg7ZCsjBt1GRLiDzdqrM8po/vCebEme4QPhRKxb69KMCVL1Lljpu/3+9,5.267863718989515,39.12624978369946,13.450054931759958
2017800,bA2tJJsSFg7ZCsjBt1GRLiDzdqrM8po/vCebEme4QPhRKxb69KMCVL1Lljpu/3+9,5.091991227870816,10.508937033294446,6.4697816278143785
2018100,bA2tJJsSFg7ZCsjBt1GRLiDzdqrM8po/vCebEme4QPhRKxb69KMCVL1Lljpu/3+9,4.989801160315384,14.526693419546078,7.40953679538577
2018400,bA2tJJsSFg7ZCsjBt1GRLiDzdqrM8po/vCebEme4QPhRKxb69KMCVL1Lljpu/3+9,5.104462887573256,34.775003401256114,9.14807122205891
2018700,bA2tJJsSFg7ZCsjBt1GRLiDzdqrM8po/vCebEme4QPhRKxb69KMCVL1Lljpu/3+9,5.008187274609473,39.24031504828579,13.153218902794144
2019000,bA2tJJsSFg7ZCsjBt1GRLiDzdqrM8po/vCebEme4QPhRKxb69KMCVL1Lljpu/3+9,5.117041558495365,10.223405578328547,6.40877373935813
2019300,bA2tJJsSFg7ZCsjBt1GRLiDzdqrM8po/vCebEme4QPhRKxb69KMCVL1Lljpu/3+9,5.164971614552593,22.560643023634704,7.512967695459715
2019600,bA2tJJsSFg7ZCsjBt1GRLiDzdqrM8po/vCebEme4QPhRKxb69KMCVL1Lljpu/3+9,5.266863499628409,35.1181916223767,9.240946983310563
2019900,bA2tJJsSFg7ZCsjBt1GRLiDzdqrM8po/vCebEme4QPhRKxb69KMCVL1Lljpu/3+9,5.131971486431966,41.322301901463845,13.337841857937518
2020200,bA2tJJsSFg7ZCsjBt1GRLiDzdqrM8po/vCebEme4QPhRKxb69KMCVL1Lljpu/3+9,5.265712799265954,12.376068091690769,7.47166311631727
2020500,bA2tJJsSFg7ZCsjBt1GRLiDzdqrM8po/vCebEme4QPhRKxb69KMCVL1Lljpu/3+9,5.041479694169202,22.91373159970979,7.564685647927168
2020800,bA2tJJsSFg7ZCsjBt1GRLiDzdqrM8po/vCebEme4QPhRKxb69KMCVL1Lljpu/3+9,5.2931936396039125,35.142780583270415,9.761826412974875
2021100,bA2tJJsSFg7ZCsjBt1GRLiDzdqrM8po/vCebEme4QPhRKxb69KMCVL1Lljpu/3+9,5.12512569880562,45.99656855835144,13.511255523458528
2021400,bA2tJJsSFg7ZCsjBt1GRLiDzdqrM8po/vCebEme4QPhRKxb69KMCVL1Lljpu/3+9,5.00546009078598,9.966447754689016,6.509988761278503
2021700,bA2tJJsSFg7ZCsjBt1GRLiDzdqrM8po/vCebEme4QPhRKxb69KMCVL1Lljpu/3+9,5.170464632568524,18.34888373402976,7.65384596588363
2022000,bA2tJJsSFg7ZCsjBt1GRLiDzdqrM8po/vCebEme4QPhRKxb69KMCVL1Lljpu/3+9,5.189250861695252,35.320636973351405,9.222212384876752
2022300,bA2tJJsSFg7ZCsjBt1GRLiDzdqrM8po/vCebEme4QPhRKxb69KMCVL1Lljpu/3+9,4.914468033421608,52.132453799664844,13.11107603935401
2022600,bA2tJJsSFg7ZCsjBt1GRLiDzdqrM8po/vCebEme4QPhRKxb69KMCVL1Lljpu/3+9,4.941052543130271,15.878039747786811,9.343921848298365
2022900,bA2tJJsSFg7ZCsjBt1GRLiDzdqrM8po/vCebEme4QPhRKxb69KMCVL1Lljpu/3+9,11.127197361223963,28.257438126730328,14.07425327037047
2023200,bA2tJJsSFg7ZCsjBt1GRLiDzdqrM8po/vCebEme4QPhRKxb69KMCVL1Lljpu/3+9,5.588096091196709,34.095219111418125,13.0792600951644
2023500,bA2tJJsSFg7ZCsjBt1GRLiDzdqrM8po/vCebEme4QPhRKxb69KMCVL1Lljpu/3+9,5.104703641235096,55.176374361676245,13.409649791727295
2023800,bA2tJJsSFg7ZCsjBt1GRLiDzdqrM8po/vCebEme4QPhRKxb69KMCVL1Lljpu/3+9,5.198226272208772,11.184031051404684,7.273496968361926
2024100,bA2tJJsSFg7ZCsjBt1GRLiDzdqrM8po/vCebEme4QPhRKxb69KMCVL1Lljpu/3+9,4.937878042794368,21.526320248965387,7.407784765538811
2024400,bA2tJJsSFg7ZCsjBt1GRLiDzdqrM8po/vCebEme4QPhRKxb69KMCVL1Lljpu/3+9,5.074949971186085,36.112129058507904,9.27624796308731
2024700,bA2tJJsSFg7ZCsjBt1GRLiDzdqrM8po/vCebEme4QPhRKxb69KMCVL1Lljpu/3+9,5.063133060789965,57.83653212436637,13.434600433452074
2025000,bA2tJJsSFg7ZCsjBt1GRLiDzdqrM8po/vCebEme4QPhRKxb69KMCVL1Lljpu/3+9,5.05757925775116,9.523550851827517,6.648827723164038
2025300,bA2tJJsSFg7ZCsjBt1GRLiDzdqrM8po/vCebEme4QPhRKxb69KMCVL1Lljpu/3+9,5.216894135235184,22.263166766907812,7.694355080271213
2025600,bA2tJJsSFg7ZCsjBt1GRLiDzdqrM8po/vCebEme4QPhRKxb69KMCVL1Lljpu/3+9,5.610941082795474,38.5151846232541,9.953485769989964
2025900,bA2tJJsSFg7ZCsjBt1GRLiDzdqrM8po/vCebEme4QPhRKxb69KMCVL1Lljpu/3+9,5.484017237153068,61.44377921278923,14.235128903566672
2026200,bA2tJJsSFg7ZCsjBt1GRLiDzdqrM8po/vCebEme4QPhRKxb69KMCVL1Lljpu/3+9,5.794109151583257,10.581362786857134,7.31178158318911
2026500,bA2tJJsSFg7ZCsjBt1GRLiDzdqrM8po/vCebEme4QPhRKxb69KMCVL1Lljpu/3+9,5.87592282447251,23.736570634441374,8.365396747785406
2026800,bA2tJJsSFg7ZCsjBt1GRLiDzdqrM8po/vCebEme4QPhRKxb69KMCVL1Lljpu/3+9,5.797118272276257,38.063599602755446,10.041326918385112
2027100,bA2tJJsSFg7ZCsjBt1GRLiDzdqrM8po/vCebEme4QPhRKxb69KMCVL1Lljpu/3+9,5.649968621020058,65.1187322898512,14.414134885006009
2027400,bA2tJJsSFg7ZCsjBt1GRLiDzdqrM8po/vCebEme4QPhRKxb69KMCVL1Lljpu/3+9,5.749143169502744,11.448270134368752,8.004440885602007
2027700,bA2tJJsSFg7ZCsjBt1GRLiDzdqrM8po/vCebEme4QPhRKxb69KMCVL1Lljpu/3+9,5.671815298325637,23.40621644645148,8.035307879588288
2028000,bA2tJJsSFg7ZCsjBt1GRLiDzdqrM8po/vCebEme4QPhRKxb69KMCVL1Lljpu/3+9,5.451643559422083,32.268077570105234,10.230948026382332
2028300,bA2tJJsSFg7ZCsjBt1GRLiDzdqrM8po/vCebEme4QPhRKxb69KMCVL1Lljpu/3+9,5.272923665465003,64.28998432449019,13.834242472335434
2028600,bA2tJJsSFg7ZCsjBt1GRLiDzdqrM8po/vCebEme4QPhRKxb69KMCVL1Lljpu/3+9,5.144001501356471,8.068867732465074,6.400330379167008
2028900,bA2tJJsSFg7ZCsjBt1GRLiDzdqrM8po/vCebEme4QPhRKxb69KMCVL1Lljpu/3+9,5.265734695794771,22.804804783629827,8.23664326667092
2029200,bA2tJJsSFg7ZCsjBt1GRLiDzdqrM8po/vCebEme4QPhRKxb69KMCVL1Lljpu/3+9,5.453071430920534,35.9799250141016,9.435447538340048
2029500,bA2tJJsSFg7ZCsjBt1GRLiDzdqrM8po/vCebEme4QPhRKxb69KMCVL1Lljpu/3+9,5.296182792778652,66.53248919225716,14.040647898529285
2029800,bA2tJJsSFg7ZCsjBt1GRLiDzdqrM8po/vCebEme4QPhRKxb69KMCVL1Lljpu/3+9,5.348182233247841,9.419592753681783,6.676080450578547
2030100,bA2tJJsSFg7ZCsjBt1GRLiDzdqrM8po/vCebEme4QPhRKxb69KMCVL1Lljpu/3+9,5.024044037643216,22.31632333185854,8.059649415268808
2030400,bA2tJJsSFg7ZCsjBt1GRLiDzdqrM8po/vCebEme4QPhRKxb69KMCVL1Lljpu/3+9,5.01029434240745,36.199212434018726,9.370601870432695
2030700,bA2tJJsSFg7ZCsjBt1GRLiDzdqrM8po/vCebEme4QPhRKxb69KMCVL1Lljpu/3+9,5.079300424551446,65.4683705520825,13.421680928046834
2031000,bA2tJJsSFg7ZCsjBt1GRLiDzdqrM8po/vCebEme4QPhRKxb69KMCVL1Lljpu/3+9,5.265687482103925,12.59349160509683,7.4704098929406335
2031300,bA2tJJsSFg7ZCsjBt1GRLiDzdqrM8po/vCebEme4QPhRKxb69KMCVL1Lljpu/3+9,5.348749933167471,21.145560575764065,7.513491061736275
2031600,bA2tJJsSFg7ZCsjBt1GRLiDzdqrM8po/vCebEme4QPhRKxb69KMCVL1Lljpu/3+9,5.120076782432996,36.903538871615766,9.289199530430228
2031900,bA2tJJsSFg7ZCsjBt1GRLiDzdqrM8po/vCebEme4QPhRKxb69KMCVL1Lljpu/3+9,5.155116244613303,80.20366239220358,13.53888994218387
2032200,bA2tJJsSFg7ZCsjBt1GRLiDzdqrM8po/vCebEme4QPhRKxb69KMCVL1Lljpu/3+9,5.338743079059492,9.7914355740788,6.42218528910256
2032500,bA2tJJsSFg7ZCsjBt1GRLiDzdqrM8po/vCebEme4QPhRKxb69KMCVL1Lljpu/3+9,5.070259282215719,23.17363935600198,7.598331103018131
2032800,bA2tJJsSFg7ZCsjBt1GRLiDzdqrM8po/vCebEme4QPhRKxb69KMCVL1Lljpu/3+9,5.399543890315515,29.1844693987275,9.334003910640112
2033100,bA2tJJsSFg7ZCsjBt1GRLiDzdqrM8po/vCebEme4QPhRKxb69KMCVL1Lljpu/3+9,5.245805135744805,76.86030497058323,14.34663084410858
2033400,bA2tJJsSFg7ZCsjBt1GRLiDzdqrM8po/vCebEme4QPhRKxb69KMCVL1Lljpu/3+9,5.131909813984676,9.945332434151055,6.496156813177405
2033700,bA2tJJsSFg7ZCsjBt1GRLiDzdqrM8po/vCebEme4QPhRKxb69KMCVL1Lljpu/3+9,5.050059557795699,23.594148430031677,7.6299738511187165
2034000,bA2tJJsSFg7ZCsjBt1GRLiDzdqrM8po/vCebEme4QPhRKxb69KMCVL1Lljpu/3+9,5.28540369431268,35.34851526349194,9.148680026233633
2034300,bA2tJJsSFg7ZCsjBt1GRLiDzdqrM8po/vCebEme4QPhRKxb69KMCVL1Lljpu/3+9,5.044441151639564,65.32276937229477,13.33274330445013
2034600,bA2tJJsSFg7ZCsjBt1GRLiDzdqrM8po/vCebEme4QPhRKxb69KMCVL1Lljpu/3+9,4.934237127347355,10.913354745012006,6.972645222572036
2034900,bA2tJJsSFg7ZCsjBt1GRLiDzdqrM8po/vCebEme4QPhRKxb69KMCVL1Lljpu/3+9,5.089878549850743,23.49467650112112,7.822873135297255
2035200,bA2tJJsSFg7ZCsjBt1GRLiDzdqrM8po/vCebEme4QPhRKxb69KMCVL1Lljpu/3+9,5.109820669206604,36.58966158070671,9.27357138811745
2035500,bA2tJJsSFg7ZCsjBt1GRLiDzdqrM8po/vCebEme4QPhRKxb69KMCVL1Lljpu/3+9,5.235939082064226,65.3955003816462,13.56113763675696
2035800,bA2tJJsSFg7ZCsjBt1GRLiDzdqrM8po/vCebEme4QPhRKxb69KMCVL1Lljpu/3+9,5.421476891553123,10.027180765215478,6.605053421483303
2036100,bA2tJJsSFg7ZCsjBt1GRLiDzdqrM8po/vCebEme4QPhRKxb69KMCVL1Lljpu/3+9,5.410717855974086,23.350275661376813,7.7158561329065884
2036400,bA2tJJsSFg7ZCsjBt1GRLiDzdqrM8po/vCebEme4QPhRKxb69KMCVL1Lljpu/3+9,5.280812427078561,37.243819241560686,9.32349119256243
2036700,bA2tJJsSFg7ZCsjBt1GRLiDzdqrM8po/vCebEme4QPhRKxb69KMCVL1Lljpu/3+9,5.661966047792243,64.29349281967478,14.769813359980692
2037000,bA2tJJsSFg7ZCsjBt1GRLiDzdqrM8po/vCebEme4QPhRKxb69KMCVL1Lljpu/3+9,5.485980044428738,10.030420321186355,6.702146018870158
2037300,bA2tJJsSFg7ZCsjBt1GRLiDzdqrM8po/vCebEme4QPhRKxb69KMCVL1Lljpu/3+9,5.572166095648912,22.80161907941411,7.910545966397265
2037600,bA2tJJsSFg7ZCsjBt1GRLiDzdqrM8po/vCebEme4QPhRKxb69KMCVL1Lljpu/3+9,5.0469961489124,36.67250231315917,9.28928975739252
2037900,bA2tJJsSFg7ZCsjBt1GRLiDzdqrM8po/vCebEme4QPhRKxb69KMCVL1Lljpu/3+9,5.053595907912416,62.633524413242846,13.519062182934828
2038200,bA2tJJsSFg7ZCsjBt1GRLiDzdqrM8po/vCebEme4QPhRKxb69KMCVL1Lljpu/3+9,5.141680095494386,9.46091917385904,6.4395283655745725
2038500,bA2tJJsSFg7ZCsjBt1GRLiDzdqrM8po/vCebEme4QPhRKxb69KMCVL1Lljpu/3+9,5.491444015857865,22.17081879748404,8.395205925435095
2038800,bA2tJJsSFg7ZCsjBt1GRLiDzdqrM8po/vCebEme4QPhRKxb69KMCVL1Lljpu/3+9,5.212973812944252,31.492997509453197,9.463874859836091
2039100,bA2tJJsSFg7ZCsjBt1GRLiDzdqrM8po/vCebEme4QPhRKxb69KMCVL1Lljpu/3+9,5.234399508405085,61.6826098733751,13.733818961552196
2039400,bA2tJJsSFg7ZCsjBt1GRLiDzdqrM8po/vCebEme4QPhRKxb69KMCVL1Lljpu/3+9,5.291291506927661,9.537685839575936,6.475260409057752
2039700,bA2tJJsSFg7ZCsjBt1GRLiDzdqrM8po/vCebEme4QPhRKxb69KMCVL1Lljpu/3+9,5.190097450168096,19.269033270170997,7.443980291269006
2040000,bA2tJJsSFg7ZCsjBt1GRLiDzdqrM8po/vCebEme4QPhRKxb69KMCVL1Lljpu/3+9,5.297778485111225,36.8599778255229,9.725402513117187
2040300,bA2tJJsSFg7ZCsjBt1GRLiDzdqrM8po/vCebEme4QPhRKxb69KMCVL1Lljpu/3+9,5.189479942441384,59.398356843390445,11.822469030213204
2040600,bA2tJJsSFg7ZCsjBt1GRLiDzdqrM8po/vCebEme4QPhRKxb69KMCVL1Lljpu/3+9,5.383239093223397,22.078476104750504,8.341252354226377
2040900,bA2tJJsSFg7ZCsjBt1GRLiDzdqrM8po/vCebEme4QPhRKxb69KMCVL1Lljpu/3+9,5.28051452913566,7.962251761759264,6.335433039005332
2041200,bA2tJJsSFg7ZCsjBt1GRLiDzdqrM8po/vCebEme4QPhRKxb69KMCVL1Lljpu/3+9,5.571682668901867,36.10161838197699,11.007076968274433
2041500,bA2tJJsSFg7ZCsjBt1GRLiDzdqrM8po/vCebEme4QPhRKxb69KMCVL1Lljpu/3+9,5.082641875459152,57.93823973471735,12.004355801304952
2041800,bA2tJJsSFg7ZCsjBt1GRLiDzdqrM8po/vCebEme4QPhRKxb69KMCVL1Lljpu/3+9,5.627777477488679,21.995382126714237,8.490216715274487
2042100,bA2tJJsSFg7ZCsjBt1GRLiDzdqrM8po/vCebEme4QPhRKxb69KMCVL1Lljpu/3+9,5.30608890313265,11.898355508913058,7.040888109989225
2042400,bA2tJJsSFg7ZCsjBt1GRLiDzdqrM8po/vCebEme4QPhRKxb69KMCVL1Lljpu/3+9,5.507181026232815,35.845112071170384,11.25576943464612
2042700,bA2tJJsSFg7ZCsjBt1GRLiDzdqrM8po/vCebEme4QPhRKxb69KMCVL1Lljpu/3+9,5.16165641455808,56.78530495185026,12.080425008056784
2043000,bA2tJJsSFg7ZCsjBt1GRLiDzdqrM8po/vCebEme4QPhRKxb69KMCVL1Lljpu/3+9,5.719662993136554,21.9141598772845,8.35565790393644
2043300,bA2tJJsSFg7ZCsjBt1GRLiDzdqrM8po/vCebEme4QPhRKxb69KMCVL1Lljpu/3+9,5.387463182874913,7.951393366948594,6.196446202866484
2043600,bA2tJJsSFg7ZCsjBt1GRLiDzdqrM8po/vCebEme4QPhRKxb69KMCVL1Lljpu/3+9,5.4840470660393095,35.34803293596327,10.917798063166082
2043900,bA2tJJsSFg7ZCsjBt1GRLiDzdqrM8po/vCebEme4QPhRKxb69KMCVL1Lljpu/3+9,5.501513674628492,55.67661018314018,11.955226388565205
2044200,bA2tJJsSFg7ZCsjBt1GRLiDzdqrM8po/vCebEme4QPhRKxb69KMCVL1Lljpu/3+9,5.6386886466074895,21.94386608401497,8.34665217278803
2044500,bA2tJJsSFg7ZCsjBt1GRLiDzdqrM8po/vCebEme4QPhRKxb69KMCVL1Lljpu/3+9,5.341608772242231,7.065088283889602,6.11112487382121
2044800,bA2tJJsSFg7ZCsjBt1GRLiDzdqrM8po/vCebEme4QPhRKxb69KMCVL1Lljpu/3+9,5.728197754664574,35.74618742654349,11.04443615939641
2045100,bA2tJJsSFg7ZCsjBt1GRLiDzdqrM8po/vCebEme4QPhRKxb69KMCVL1Lljpu/3+9,5.2267082633405355,56.402170611890334,11.919986979602756
2045400,bA2tJJsSFg7ZCsjBt1GRLiDzdqrM8po/vCebEme4QPhRKxb69KMCVL1Lljpu/3+9,5.7131168030726505,22.207809428577136,8.404828847758782
2045700,bA2tJJsSFg7ZCsjBt1GRLiDzdqrM8po/vCebEme4QPhRKxb69KMCVL1Lljpu/3+9,5.4013500019915375,11.348841305148378,6.848974991177748
2046000,bA2tJJsSFg7ZCsjBt1GRLiDzdqrM8po/vCebEme4QPhRKxb69KMCVL1Lljpu/3+9,5.461351918995914,35.956698863192564,11.136389811027993
2046300,bA2tJJsSFg7ZCsjBt1GRLiDzdqrM8po/vCebEme4QPhRKxb69KMCVL1Lljpu/3+9,5.3209370366866375,51.63623083090102,11.908672668701117
2046600,bA2tJJsSFg7ZCsjBt1GRLiDzdqrM8po/vCebEme4QPhRKxb69KMCVL1Lljpu/3+9,5.394989204432112,21.877538119731128,8.228182495935222
2046900,bA2tJJsSFg7ZCsjBt1GRLiDzdqrM8po/vCebEme4QPhRKxb69KMCVL1Lljpu/3+9,5.188792999032248,6.901913771904288,5.928518467520513
2047200,bA2tJJsSFg7ZCsjBt1GRLiDzdqrM8po/vCebEme4QPhRKxb69KMCVL1Lljpu/3+9,5.711866749276829,22.51472615731372,11.064749650487636
2047500,bA2tJJsSFg7ZCsjBt1GRLiDzdqrM8po/vCebEme4QPhRKxb69KMCVL1Lljpu/3+9,5.0982277701203484,50.92506668195442,11.721719853922746
2047800,bA2tJJsSFg7ZCsjBt1GRLiDzdqrM8po/vCebEme4QPhRKxb69KMCVL1Lljpu/3+9,5.117138643362022,21.311963331370503,8.144322260682014
2048100,bA2tJJsSFg7ZCsjBt1GRLiDzdqrM8po/vCebEme4QPhRKxb69KMCVL1Lljpu/3+9,5.149591874700659,7.223799119795043,5.977520622030448
2048400,bA2tJJsSFg7ZCsjBt1GRLiDzdqrM8po/vCebEme4QPhRKxb69KMCVL1Lljpu/3+9,5.149683771574923,35.421893207237986,10.806339839355568
2048700,bA2tJJsSFg7ZCsjBt1GRLiDzdqrM8po/vCebEme4QPhRKxb69KMCVL1Lljpu/3+9,5.228630649637728,42.48714875346019,12.258024914212909
2049000,bA2tJJsSFg7ZCsjBt1GRLiDzdqrM8po/vCebEme4QPhRKxb69KMCVL1Lljpu/3+9,5.1670983415677485,21.43869519732251,8.098534010354614
2049300,bA2tJJsSFg7ZCsjBt1GRLiDzdqrM8po/vCebEme4QPhRKxb69KMCVL1Lljpu/3+9,5.257205289028779,10.45413603056198,6.691767785354793
2049600,bA2tJJsSFg7ZCsjBt1GRLiDzdqrM8po/vCebEme4QPhRKxb69KMCVL1Lljpu/3+9,5.1212759822479015,39.69222958943478,11.236366841571767
2049900,bA2tJJsSFg7ZCsjBt1GRLiDzdqrM8po/vCebEme4QPhRKxb69KMCVL1Lljpu/3+9,5.094741964426475,40.3486022996266,11.705512485301472
2050200,bA2tJJsSFg7ZCsjBt1GRLiDzdqrM8po/vCebEme4QPhRKxb69KMCVL1Lljpu/3+9,5.173219696098701,20.883485243476017,8.047681503683211
2050500,bA2tJJsSFg7ZCsjBt1GRLiDzdqrM8po/vCebEme4QPhRKxb69KMCVL1Lljpu/3+9,5.15678562038642,6.840432564460729,5.9371460729967245
2050800,bA2tJJsSFg7ZCsjBt1GRLiDzdqrM8po/vCebEme4QPhRKxb69KMCVL1Lljpu/3+9,5.351954310550375,38.17328426182656,10.879296988316549
2051100,bA2tJJsSFg7ZCsjBt1GRLiDzdqrM8po/vCebEme4QPhRKxb69KMCVL1Lljpu/3+9,4.936410075248743,35.86846966648003,11.728334024606772
2051400,bA2tJJsSFg7ZCsjBt1GRLiDzdqrM8po/vCebEme4QPhRKxb69KMCVL1Lljpu/3+9,5.22102062321884,23.078428572328175,8.183993305527494
2051700,bA2tJJsSFg7ZCsjBt1GRLiDzdqrM8po/vCebEme4QPhRKxb69KMCVL1Lljpu/3+9,5.173623421315598,7.1987090422171605,5.963664234735176
2052000,bA2tJJsSFg7ZCsjBt1GRLiDzdqrM8po/vCebEme4QPhRKxb69KMCVL1Lljpu/3+9,5.582426481157977,40.43205116673822,13.490729135917968
2052300,bA2tJJsSFg7ZCsjBt1GRLiDzdqrM8po/vCebEme4QPhRKxb69KMCVL1Lljpu/3+9,10.673631709476528,42.53083150662916,17.44806830335529
2052600,bA2tJJsSFg7ZCsjBt1GRLiDzdqrM8po/vCebEme4QPhRKxb69KMCVL1Lljpu/3+9,5.661816598786945,30.506554928702304,10.78949202741578
2052900,bA2tJJsSFg7ZCsjBt1GRLiDzdqrM8po/vCebEme4QPhRKxb69KMCVL1Lljpu/3+9,5.15492264530799,11.481937868888323,6.839668958018128
2053200,bA2tJJsSFg7ZCsjBt1GRLiDzdqrM8po/vCebEme4QPhRKxb69KMCVL1Lljpu/3+9,5.181244206333432,37.0041880683997,11.01475176675362
2053500,bA2tJJsSFg7ZCsjBt1GRLiDzdqrM8po/vCebEme4QPhRKxb69KMCVL1Lljpu/3+9,5.111766609859401,37.95284724540098,11.819285193602868
2053800,bA2tJJsSFg7ZCsjBt1GRLiDzdqrM8po/vCebEme4QPhRKxb69KMCVL1Lljpu/3+9,5.120602424077912,15.807307683088045,8.11265294535292
2054100,bA2tJJsSFg7ZCsjBt1GRLiDzdqrM8po/vCebEme4QPhRKxb69KMCVL1Lljpu/3+9,5.344745151808417,6.863746045495028,5.977362334940575
2054400,bA2tJJsSFg7ZCsjBt1GRLiDzdqrM8po/vCebEme4QPhRKxb69KMCVL1Lljpu/3+9,5.435617604809733,35.37941309843642,11.097612706926846
2054700,bA2tJJsSFg7ZCsjBt1GRLiDzdqrM8po/vCebEme4QPhRKxb69KMCVL1Lljpu/3+9,5.113318450394125,47.84401732535974,12.047515966763156
2055000,bA2tJJsSFg7ZCsjBt1GRLiDzdqrM8po/vCebEme4QPhRKxb69KMCVL1Lljpu/3+9,5.231990900392297,22.01032779009744,8.41834150199246
2055300,bA2tJJsSFg7ZCsjBt1GRLiDzdqrM8po/vCebEme4QPhRKxb69KMCVL1Lljpu/3+9,5.173822583764031,7.2657503016653076,6.202487565529997
2055600,bA2tJJsSFg7ZCsjBt1GRLiDzdqrM8po/vCebEme4QPhRKxb69KMCVL1Lljpu/3+9,5.1653608079271764,24.408801146156552,11.165752298792285
2055900,bA2tJJsSFg7ZCsjBt1GRLiDzdqrM8po/vCebEme4QPhRKxb69KMCVL1Lljpu/3+9,5.509327436937987,46.82786999165523,11.993009771936675
2056200,bA2tJJsSFg7ZCsjBt1GRLiDzdqrM8po/vCebEme4QPhRKxb69KMCVL1Lljpu/3+9,5.088762936499358,22.370818176672017,8.500766834919222
2056500,bA2tJJsSFg7ZCsjBt1GRLiDzdqrM8po/vCebEme4QPhRKxb69KMCVL1Lljpu/3+9,5.263189053888971,7.536408185829504,6.144781623594045
2056800,bA2tJJsSFg7ZCsjBt1GRLiDzdqrM8po/vCebEme4QPhRKxb69KMCVL1Lljpu/3+9,5.891692324476252,40.48488932767364,12.119294445795338
2057100,bA2tJJsSFg7ZCsjBt1GRLiDzdqrM8po/vCebEme4QPhRKxb69KMCVL1Lljpu/3+9,5.2960737803704365,48.779889623758734,12.081822777266703
2057400,bA2tJJsSFg7ZCsjBt1GRLiDzdqrM8po/vCebEme4QPhRKxb69KMCVL1Lljpu/3+9,5.091735727097932,19.65590664229639,8.31729768270558
2057700,bA2tJJsSFg7ZCsjBt1GRLiDzdqrM8po/vCebEme4QPhRKxb69KMCVL1Lljpu/3+9,5.258780866932164,7.421057406743632,6.180618736790493
2058000,bA2tJJsSFg7ZCsjBt1GRLiDzdqrM8po/vCebEme4QPhRKxb69KMCVL1Lljpu/3+9,5.154171341828194,40.8487924998242,11.196886664886694
2058300,bA2tJJsSFg7ZCsjBt1GRLiDzdqrM8po/vCebEme4QPhRKxb69KMCVL1Lljpu/3+9,5.425150542332808,54.51871424826492,12.08044346734732
2058600,bA2tJJsSFg7ZCsjBt1GRLiDzdqrM8po/vCebEme4QPhRKxb69KMCVL1Lljpu/3+9,5.324759261502986,22.29747776527396,8.23950528936871
2058900,bA2tJJsSFg7ZCsjBt1GRLiDzdqrM8po/vCebEme4QPhRKxb69KMCVL1Lljpu/3+9,5.247690675745279,7.2106784643868576,6.060229214283607
2059200,bA2tJJsSFg7ZCsjBt1GRLiDzdqrM8po/vCebEme4QPhRKxb69KMCVL1Lljpu/3+9,5.470881687280307,25.361527861127524,10.533334325744171
2059500,bA2tJJsSFg7ZCsjBt1GRLiDzdqrM8po/vCebEme4QPhRKxb69KMCVL1Lljpu/3+9,5.0363655515643355,54.84629761514692,12.240208541282032
2059800,bA2tJJsSFg7ZCsjBt1GRLiDzdqrM8po/vCebEme4QPhRKxb69KMCVL1Lljpu/3+9,5.346480249724231,22.498626367297387,7.919390088922706
2060100,bA2tJJsSFg7ZCsjBt1GRLiDzdqrM8po/vCebEme4QPhRKxb69KMCVL1Lljpu/3+9,5.345823592318503,10.322937199090797,6.343487694925959
2060400,bA2tJJsSFg7ZCsjBt1GRLiDzdqrM8po/vCebEme4QPhRKxb69KMCVL1Lljpu/3+9,5.568918824422866,35.08410581301259,11.581559151679777
2060700,bA2tJJsSFg7ZCsjBt1GRLiDzdqrM8po/vCebEme4QPhRKxb69KMCVL1Lljpu/3+9,5.378476239079758,57.621207884263015,13.25944548972972
2061000,bA2tJJsSFg7ZCsjBt1GRLiDzdqrM8po/vCebEme4QPhRKxb69KMCVL1Lljpu/3+9,5.47837879650841,22.887675266722407,7.99371982363462
2061300,bA2tJJsSFg7ZCsjBt1GRLiDzdqrM8po/vCebEme4QPhRKxb69KMCVL1Lljpu/3+9,5.260241511160014,10.555911402006172,6.411200091635108
2061600,bA2tJJsSFg7ZCsjBt1GRLiDzdqrM8po/vCebEme4QPhRKxb69KMCVL1Lljpu/3+9,5.773597381487272,31.073944689961102,10.449672573589842
2061900,bA2tJJsSFg7ZCsjBt1GRLiDzdqrM8po/vCebEme4QPhRKxb69KMCVL1Lljpu/3+9,5.208081424655614,57.36037924144431,12.434130981126888
2062200,bA2tJJsSFg7ZCsjBt1GRLiDzdqrM8po/vCebEme4QPhRKxb69KMCVL1Lljpu/3+9,5.449390265488397,22.187490230460288,7.849967936260331
2062500,bA2tJJsSFg7ZCsjBt1GRLiDzdqrM8po/vCebEme4QPhRKxb69KMCVL1Lljpu/3+9,5.211781717610884,10.345680626948504,6.435198820457007
2062800,bA2tJJsSFg7ZCsjBt1GRLiDzdqrM8po/vCebEme4QPhRKxb69KMCVL1Lljpu/3+9,6.27165618095402,29.628111090229076,10.66480403914321
2063100,bA2tJJsSFg7ZCsjBt1GRLiDzdqrM8po/vCebEme4QPhRKxb69KMCVL1Lljpu/3+9,5.665182341703414,64.60729762725528,13.384768952466963
2063400,bA2tJJsSFg7ZCsjBt1GRLiDzdqrM8po/vCebEme4QPhRKxb69KMCVL1Lljpu/3+9,5.927621882533036,23.322159354595435,8.463690528106673
2063700,bA2tJJsSFg7ZCsjBt1GRLiDzdqrM8po/vCebEme4QPhRKxb69KMCVL1Lljpu/3+9,5.733890169897741,10.703852267450298,6.841757554801477
2064000,bA2tJJsSFg7ZCsjBt1GRLiDzdqrM8po/vCebEme4QPhRKxb69KMCVL1Lljpu/3+9,6.101843190019687,34.48183730893962,11.759288421465824
2064300,bA2tJJsSFg7ZCsjBt1GRLiDzdqrM8po/vCebEme4QPhRKxb69KMCVL1Lljpu/3+9,5.066313215290944,63.61152046919972,12.887286705155043
2064600,bA2tJJsSFg7ZCsjBt1GRLiDzdqrM8po/vCebEme4QPhRKxb69KMCVL1Lljpu/3+9,5.455427215809207,23.677593558953024,7.811046772563482
2064900,bA2tJJsSFg7ZCsjBt1GRLiDzdqrM8po/vCebEme4QPhRKxb69KMCVL1Lljpu/3+9,5.0143463793047,9.632606655274673,6.365404990395844
2065200,bA2tJJsSFg7ZCsjBt1GRLiDzdqrM8po/vCebEme4QPhRKxb69KMCVL1Lljpu/3+9,5.399247434278285,29.731139078983546,10.150096078435215
2065500,bA2tJJsSFg7ZCsjBt1GRLiDzdqrM8po/vCebEme4QPhRKxb69KMCVL1Lljpu/3+9,5.331467783412572,64.72985720760823,12.747111306135336
2065800,bA2tJJsSFg7ZCsjBt1GRLiDzdqrM8po/vCebEme4QPhRKxb69KMCVL1Lljpu/3+9,5.3819702730017625,23.78758108920129,7.765863025182929
2066100,bA2tJJsSFg7ZCsjBt1GRLiDzdqrM8po/vCebEme4QPhRKxb69KMCVL1Lljpu/3+9,5.172170325598005,9.464154674234074,6.359206620276422
2066400,bA2tJJsSFg7ZCsjBt1GRLiDzdqrM8po/vCebEme4QPhRKxb69KMCVL1Lljpu/3+9,5.740657287558001,21.73576245880991,8.775640872641793
2066700,bA2tJJsSFg7ZCsjBt1GRLiDzdqrM8po/vCebEme4QPhRKxb69KMCVL1Lljpu/3+9,5.004480945668872,64.56212009142322,13.813790299738798
2067000,bA2tJJsSFg7ZCsjBt1GRLiDzdqrM8po/vCebEme4QPhRKxb69KMCVL1Lljpu/3+9,5.495378384622787,23.819209462651724,7.77661998883179
2067300,bA2tJJsSFg7ZCsjBt1GRLiDzdqrM8po/vCebEme4QPhRKxb69KMCVL1Lljpu/3+9,5.13083432982344,9.24613161781849,6.155219728773057
2067600,bA2tJJsSFg7ZCsjBt1GRLiDzdqrM8po/vCebEme4QPhRKxb69KMCVL1Lljpu/3+9,5.230897537851452,35.2670044466722,11.497289654163705
2067900,bA2tJJsSFg7ZCsjBt1GRLiDzdqrM8po/vCebEme4QPhRKxb69KMCVL1Lljpu/3+9,5.0233194688318505,64.36289348243355,12.208198094974254
2068200,bA2tJJsSFg7ZCsjBt1GRLiDzdqrM8po/vCebEme4QPhRKxb69KMCVL1Lljpu/3+9,5.384550232732663,22.44274675749989,7.667846091246721
2068500,bA2tJJsSFg7ZCsjBt1GRLiDzdqrM8po/vCebEme4QPhRKxb69KMCVL1Lljpu/3+9,5.045682157976791,9.443605598258769,6.2951039556548185
2068800,bA2tJJsSFg7ZCsjBt1GRLiDzdqrM8po/vCebEme4QPhRKxb69KMCVL1Lljpu/3+9,5.307746935734202,29.444864283419008,10.530842882948544
2069100,bA2tJJsSFg7ZCsjBt1GRLiDzdqrM8po/vCebEme4QPhRKxb69KMCVL1Lljpu/3+9,5.3460774206458845,64.03963248026507,12.209550732098114
2069400,bA2tJJsSFg7ZCsjBt1GRLiDzdqrM8po/vCebEme4QPhRKxb69KMCVL1Lljpu/3+9,5.420918153101299,22.767656784627825,7.840255404483789
2069700,bA2tJJsSFg7ZCsjBt1GRLiDzdqrM8po/vCebEme4QPhRKxb69KMCVL1Lljpu/3+9,5.360460473559586,9.743613683256497,6.605890281588626
2070000,bA2tJJsSFg7ZCsjBt1GRLiDzdqrM8po/vCebEme4QPhRKxb69KMCVL1Lljpu/3+9,5.541938343957521,22.70822906028267,7.966703201299083
2070300,bA2tJJsSFg7ZCsjBt1GRLiDzdqrM8po/vCebEme4QPhRKxb69KMCVL1Lljpu/3+9,5.207498710078764,62.90672023357469,15.032761261828426
2070600,bA2tJJsSFg7ZCsjBt1GRLiDzdqrM8po/vCebEme4QPhRKxb69KMCVL1Lljpu/3+9,5.549894929844382,18.418384659718782,7.823482824836104
2070900,bA2tJJsSFg7ZCsjBt1GRLiDzdqrM8po/vCebEme4QPhRKxb69KMCVL1Lljpu/3+9,5.304132710644094,9.109260425121896,6.414511777917655
2071200,bA2tJJsSFg7ZCsjBt1GRLiDzdqrM8po/vCebEme4QPhRKxb69KMCVL1Lljpu/3+9,5.37810811134328,52.36562050363428,11.878735129622816
2071500,bA2tJJsSFg7ZCsjBt1GRLiDzdqrM8po/vCebEme4QPhRKxb69KMCVL1Lljpu/3+9,5.608554862241612,61.07735289198837,12.82065643596806
2071800,bA2tJJsSFg7ZCsjBt1GRLiDzdqrM8po/vCebEme4QPhRKxb69KMCVL1Lljpu/3+9,5.586069806445902,30.698193354715777,12.259272304717442
2072100,bA2tJJsSFg7ZCsjBt1GRLiDzdqrM8po/vCebEme4QPhRKxb69KMCVL1Lljpu/3+9,5.711512216677876,9.950122782240054,6.689364835896111
2072400,bA2tJJsSFg7ZCsjBt1GRLiDzdqrM8po/vCebEme4QPhRKxb69KMCVL1Lljpu/3+9,5.610231356954789,21.71896475795168,7.846838714840886
2072700,bA2tJJsSFg7ZCsjBt1GRLiDzdqrM8po/vCebEme4QPhRKxb69KMCVL1Lljpu/3+9,5.389621955347743,61.135633817600144,15.648899340514133
2073000,bA2tJJsSFg7ZCsjBt1GRLiDzdqrM8po/vCebEme4QPhRKxb69KMCVL1Lljpu/3+9,5.721042411484374,22.42610393379688,7.900230298959685
2073300,bA2tJJsSFg7ZCsjBt1GRLiDzdqrM8po/vCebEme4QPhRKxb69KMCVL1Lljpu/3+9,5.774503892724109,9.464825960513451,6.9218561265709
2073600,bA2tJJsSFg7ZCsjBt1GRLiDzdqrM8po/vCebEme4QPhRKxb69KMCVL1Lljpu/3+9,5.566654565311333,30.5288940444882,8.677281589698444
2073900,bA2tJJsSFg7ZCsjBt1GRLiDzdqrM8po/vCebEme4QPhRKxb69KMCVL1Lljpu/3+9,5.5036730022951,61.35073739814622,14.689853754116468
2074200,bA2tJJsSFg7ZCsjBt1GRLiDzdqrM8po/vCebEme4QPhRKxb69KMCVL1Lljpu/3+9,5.268130198609988,19.55475927193884,7.760606299940154
2074500,bA2tJJsSFg7ZCsjBt1GRLiDzdqrM8po/vCebEme4QPhRKxb69KMCVL1Lljpu/3+9,5.515789022509153,23.03398702488241,8.258802366783737
2074800,bA2tJJsSFg7ZCsjBt1GRLiDzdqrM8po/vCebEme4QPhRKxb69KMCVL1Lljpu/3+9,5.469937823082493,11.133196326066754,6.744425021253014
2075100,bA2tJJsSFg7ZCsjBt1GRLiDzdqrM8po/vCebEme4QPhRKxb69KMCVL1Lljpu/3+9,5.460700065060548,60.28550315909905,17.063834757957924
2075400,bA2tJJsSFg7ZCsjBt1GRLiDzdqrM8po/vCebEme4QPhRKxb69KMCVL1Lljpu/3+9,5.203403070535288,7.53578029681953,6.015222315541692
2075700,bA2tJJsSFg7ZCsjBt1GRLiDzdqrM8po/vCebEme4QPhRKxb69KMCVL1Lljpu/3+9,5.209608864291318,23.77881919507583,7.993716397470745
2076000,bA2tJJsSFg7ZCsjBt1GRLiDzdqrM8po/vCebEme4QPhRKxb69KMCVL1Lljpu/3+9,5.287348474069859,34.16192702844836,8.869950924630615
2076300,bA2tJJsSFg7ZCsjBt1GRLiDzdqrM8po/vCebEme4QPhRKxb69KMCVL1Lljpu/3+9,5.234059544814201,54.97355187555558,14.45901149725216
2076600,bA2tJJsSFg7ZCsjBt1GRLiDzdqrM8po/vCebEme4QPhRKxb69KMCVL1Lljpu/3+9,5.161687466207455,7.209753685666624,6.16307454546432
2076900,bA2tJJsSFg7ZCsjBt1GRLiDzdqrM8po/vCebEme4QPhRKxb69KMCVL1Lljpu/3+9,5.293361540136373,17.730937358776426,8.125475238072386
2077200,bA2tJJsSFg7ZCsjBt1GRLiDzdqrM8po/vCebEme4QPhRKxb69KMCVL1Lljpu/3+9,5.238614588201921,28.485398214414094,8.230884552212549
2077500,bA2tJJsSFg7ZCsjBt1GRLiDzdqrM8po/vCebEme4QPhRKxb69KMCVL1Lljpu/3+9,4.947302265138829,55.161433461550416,14.268768606437773
2077800,bA2tJJsSFg7ZCsjBt1GRLiDzdqrM8po/vCebEme4QPhRKxb69KMCVL1Lljpu/3+9,5.190431164773276,7.870916505495896,6.044449664389395
2078100,bA2tJJsSFg7ZCsjBt1GRLiDzdqrM8po/vCebEme4QPhRKxb69KMCVL1Lljpu/3+9,5.281585094216894,22.68471400883632,7.8667432661293475
2078400,bA2tJJsSFg7ZCsjBt1GRLiDzdqrM8po/vCebEme4QPhRKxb69KMCVL1Lljpu/3+9,5.31926700970438,34.57635404216686,9.1222973380425
2078700,bA2tJJsSFg7ZCsjBt1GRLiDzdqrM8po/vCebEme4QPhRKxb69KMCVL1Lljpu/3+9,5.195298135012156,53.569759174009526,14.571619817461126
2079000,bA2tJJsSFg7ZCsjBt1GRLiDzdqrM8po/vCebEme4QPhRKxb69KMCVL1Lljpu/3+9,5.244399164757418,7.352757934583974,6.034400837913984
2079300,bA2tJJsSFg7ZCsjBt1GRLiDzdqrM8po/vCebEme4QPhRKxb69KMCVL1Lljpu/3+9,5.119160069608574,22.71806643866433,7.897839596977315
2079600,bA2tJJsSFg7ZCsjBt1GRLiDzdqrM8po/vCebEme4QPhRKxb69KMCVL1Lljpu/3+9,5.270190294975572,34.277439902733406,8.929779554084073
2079900,bA2tJJsSFg7ZCsjBt1GRLiDzdqrM8po/vCebEme4QPhRKxb69KMCVL1Lljpu/3+9,4.925029518572404,51.42870775694717,13.593327017487168
2080200,bA2tJJsSFg7ZCsjBt1GRLiDzdqrM8po/vCebEme4QPhRKxb69KMCVL1Lljpu/3+9,5.233931690767235,7.344561485310265,6.156151474758258
2080500,bA2tJJsSFg7ZCsjBt1GRLiDzdqrM8po/vCebEme4QPhRKxb69KMCVL1Lljpu/3+9,5.349547025233105,21.25949861559905,8.18653340118418
2080800,bA2tJJsSFg7ZCsjBt1GRLiDzdqrM8po/vCebEme4QPhRKxb69KMCVL1Lljpu/3+9,5.395324035118936,6.686628865615061,6.040084688988612
2081100,bA2tJJsSFg7ZCsjBt1GRLiDzdqrM8po/vCebEme4QPhRKxb69KMCVL1Lljpu/3+9,5.343011693365262,46.077351908823765,18.02595067353289
2081400,bA2tJJsSFg7ZCsjBt1GRLiDzdqrM8po/vCebEme4QPhRKxb69KMCVL1Lljpu/3+9,5.5849364684999445,13.693896450928635,9.93567546853816
2081700,bA2tJJsSFg7ZCsjBt1GRLiDzdqrM8po/vCebEme4QPhRKxb69KMCVL1Lljpu/3+9,10.58033616688746,27.6870477904647,14.238472432813026
2082000,bA2tJJsSFg7ZCsjBt1GRLiDzdqrM8po/vCebEme4QPhRKxb69KMCVL1Lljpu/3+9,5.671321976372707,24.145935056599015,10.18396020912021
2082300,bA2tJJsSFg7ZCsjBt1GRLiDzdqrM8po/vCebEme4QPhRKxb69KMCVL1Lljpu/3+9,5.622777546323143,40.787773874978924,15.6959961177551
2082600,bA2tJJsSFg7ZCsjBt1GRLiDzdqrM8po/vCebEme4QPhRKxb69KMCVL1Lljpu/3+9,5.491443845119218,7.5126002749975616,6.271635928363863
2082900,bA2tJJsSFg7ZCsjBt1GRLiDzdqrM8po/vCebEme4QPhRKxb69KMCVL1Lljpu/3+9,5.384440392770363,22.25331302165439,8.16198477781906
2083200,bA2tJJsSFg7ZCsjBt1GRLiDzdqrM8po/vCebEme4QPhRKxb69KMCVL1Lljpu/3+9,5.715717747000998,34.742625723967194,9.171946105146532
2083500,bA2tJJsSFg7ZCsjBt1GRLiDzdqrM8po/vCebEme4QPhRKxb69KMCVL1Lljpu/3+9,5.429323276374191,37.8207791705538,13.821140955127923
2083800,bA2tJJsSFg7ZCsjBt1GRLiDzdqrM8po/vCebEme4QPhRKxb69KMCVL1Lljpu/3+9,5.335099622645285,7.3084306934131,6.213446289280713
2084100,bA2tJJsSFg7ZCsjBt1GRLiDzdqrM8po/vCebEme4QPhRKxb69KMCVL1Lljpu/3+9,5.335038810316306,22.845281939897088,8.489570696368967
2084400,bA2tJJsSFg7ZCsjBt1GRLiDzdqrM8po/vCebEme4QPhRKxb69KMCVL1Lljpu/3+9,5.188335003355342,6.764163186793858,6.054540043561
2084700,bA2tJJsSFg7ZCsjBt1GRLiDzdqrM8po/vCebEme4QPhRKxb69KMCVL1Lljpu/3+9,5.275625177733622,35.89396183178683,16.771179309998764
2085000,bA2tJJsSFg7ZCsjBt1GRLiDzdqrM8po/vCebEme4QPhRKxb69KMCVL1Lljpu/3+9,5.455880236562731,8.45035119309522,6.3282351302981805
2085300,bA2tJJsSFg7ZCsjBt1GRLiDzdqrM8po/vCebEme4QPhRKxb69KMCVL1Lljpu/3+9,5.343023564862114,22.099530664863945,8.066429090823151
2085600,bA2tJJsSFg7ZCsjBt1GRLiDzdqrM8po/vCebEme4QPhRKxb69KMCVL1Lljpu/3+9,5.74933404947226,35.23090669965449,9.184886757704056
2085900,bA2tJJsSFg7ZCsjBt1GRLiDzdqrM8po/vCebEme4QPhRKxb69KMCVL1Lljpu/3+9,5.401006997448,35.80941680788899,14.906575586309652
2086200,bA2tJJsSFg7ZCsjBt1GRLiDzdqrM8po/vCebEme4QPhRKxb69KMCVL1Lljpu/3+9,5.427496694432663,7.217485006905082,6.219328576300606
2086500,bA2tJJsSFg7ZCsjBt1GRLiDzdqrM8po/vCebEme4QPhRKxb69KMCVL1Lljpu/3+9,5.397780126698217,21.82395354641855,8.03514253905881
2086800,bA2tJJsSFg7ZCsjBt1GRLiDzdqrM8po/vCebEme4QPhRKxb69KMCVL1Lljpu/3+9,5.303592474369378,35.58237808092995,9.213680921792209
2087100,bA2tJJsSFg7ZCsjBt1GRLiDzdqrM8po/vCebEme4QPhRKxb69KMCVL1Lljpu/3+9,5.510894828440857,36.04852339339393,13.902566400374951
2087400,bA2tJJsSFg7ZCsjBt1GRLiDzdqrM8po/vCebEme4QPhRKxb69KMCVL1Lljpu/3+9,5.4300229711073165,7.668670650129357,6.412337497015347
2087700,bA2tJJsSFg7ZCsjBt1GRLiDzdqrM8po/vCebEme4QPhRKxb69KMCVL1Lljpu/3+9,5.357945830962608,26.477112750803037,8.033220081961263
2088000,bA2tJJsSFg7ZCsjBt1GRLiDzdqrM8po/vCebEme4QPhRKxb69KMCVL1Lljpu/3+9,5.503447009241338,27.19777288737612,8.248468255227293
2088300,bA2tJJsSFg7ZCsjBt1GRLiDzdqrM8po/vCebEme4QPhRKxb69KMCVL1Lljpu/3+9,5.227472795654753,35.61000975355044,15.441423426306269
2088600,bA2tJJsSFg7ZCsjBt1GRLiDzdqrM8po/vCebEme4QPhRKxb69KMCVL1Lljpu/3+9,5.252755590245834,8.213721544761809,6.239456911759076
2088900,bA2tJJsSFg7ZCsjBt1GRLiDzdqrM8po/vCebEme4QPhRKxb69KMCVL1Lljpu/3+9,5.327274555565588,22.97841660783173,7.935463451981381
2089200,bA2tJJsSFg7ZCsjBt1GRLiDzdqrM8po/vCebEme4QPhRKxb69KMCVL1Lljpu/3+9,5.618883234644404,6.69941964186583,6.09661949806515
2089500,bA2tJJsSFg7ZCsjBt1GRLiDzdqrM8po/vCebEme4QPhRKxb69KMCVL1Lljpu/3+9,5.448035646202207,40.97191536866711,17.43586655641113
2089800,bA2tJJsSFg7ZCsjBt1GRLiDzdqrM8po/vCebEme4QPhRKxb69KMCVL1Lljpu/3+9,5.3596141804825335,7.749792164029572,6.06334579918428
2090100,bA2tJJsSFg7ZCsjBt1GRLiDzdqrM8po/vCebEme4QPhRKxb69KMCVL1Lljpu/3+9,5.298777273461441,19.459517427411644,7.748411441231389
2090400,bA2tJJsSFg7ZCsjBt1GRLiDzdqrM8po/vCebEme4QPhRKxb69KMCVL1Lljpu/3+9,5.068665323506359,6.79985798321658,5.988009256671946
2090700,bA2tJJsSFg7ZCsjBt1GRLiDzdqrM8po/vCebEme4QPhRKxb69KMCVL1Lljpu/3+9,5.347324426144907,42.87456101427433,16.238602158156926
2091000,bA2tJJsSFg7ZCsjBt1GRLiDzdqrM8po/vCebEme4QPhRKxb69KMCVL1Lljpu/3+9,5.102873840862861,7.583437240727142,6.110973581551193
2091300,bA2tJJsSFg7ZCsjBt1GRLiDzdqrM8po/vCebEme4QPhRKxb69KMCVL1Lljpu/3+9,5.127896887389492,26.20701163814481,7.94888239091223
2091600,bA2tJJsSFg7ZCsjBt1GRLiDzdqrM8po/vCebEme4QPhRKxb69KMCVL1Lljpu/3+9,5.0790124080906685,6.745166473271982,6.003334633663472
2091900,bA2tJJsSFg7ZCsjBt1GRLiDzdqrM8po/vCebEme4QPhRKxb69KMCVL1Lljpu/3+9,4.848935988797152,45.30414760056793,17.806774605159
2092200,bA2tJJsSFg7ZCsjBt1GRLiDzdqrM8po/vCebEme4QPhRKxb69KMCVL1Lljpu/3+9,5.160859962759762,8.197654317629441,6.2579235356888265
2092500,bA2tJJsSFg7ZCsjBt1GRLiDzdqrM8po/vCebEme4QPhRKxb69KMCVL1Lljpu/3+9,5.209338112669952,24.52114081984605,7.804305281433018
2092800,bA2tJJsSFg7ZCsjBt1GRLiDzdqrM8po/vCebEme4QPhRKxb69KMCVL1Lljpu/3+9,5.503180810003808,6.986684420056383,6.167413368522283
2093100,bA2tJJsSFg7ZCsjBt1GRLiDzdqrM8po/vCebEme4QPhRKxb69KMCVL1Lljpu/3+9,5.2008971583074,50.682515584399844,17.680324324553265
2093400,bA2tJJsSFg7ZCsjBt1GRLiDzdqrM8po/vCebEme4QPhRKxb69KMCVL1Lljpu/3+9,4.9964168844276555,7.828300306621262,6.098954775179868
2093700,bA2tJJsSFg7ZCsjBt1GRLiDzdqrM8po/vCebEme4QPhRKxb69KMCVL1Lljpu/3+9,5.046585088824617,19.783433558344967,7.975105981938736
2094000,bA2tJJsSFg7ZCsjBt1GRLiDzdqrM8po/vCebEme4QPhRKxb69KMCVL1Lljpu/3+9,5.384922286407345,11.868512460762846,6.818881108614933
2094300,bA2tJJsSFg7ZCsjBt1GRLiDzdqrM8po/vCebEme4QPhRKxb69KMCVL1Lljpu/3+9,5.5755533666964965,53.43282288016738,16.457665225489748
2094600,bA2tJJsSFg7ZCsjBt1GRLiDzdqrM8po/vCebEme4QPhRKxb69KMCVL1Lljpu/3+9,5.325265010252108,7.85002940097189,6.377747204167524
2094900,bA2tJJsSFg7ZCsjBt1GRLiDzdqrM8po/vCebEme4QPhRKxb69KMCVL1Lljpu/3+9,5.313527744830922,26.41546985390295,8.378628965625138
2095200,bA2tJJsSFg7ZCsjBt1GRLiDzdqrM8po/vCebEme4QPhRKxb69KMCVL1Lljpu/3+9,5.588745254237113,7.10915939888778,6.23224282735555
2095500,bA2tJJsSFg7ZCsjBt1GRLiDzdqrM8po/vCebEme4QPhRKxb69KMCVL1Lljpu/3+9,5.545696029586379,54.33516081637895,17.03340573678389
2095800,bA2tJJsSFg7ZCsjBt1GRLiDzdqrM8po/vCebEme4QPhRKxb69KMCVL1Lljpu/3+9,5.508630899564207,8.225147017398136,6.42821159625858
2096100,bA2tJJsSFg7ZCsjBt1GRLiDzdqrM8po/vCebEme4QPhRKxb69KMCVL1Lljpu/3+9,5.69484643752223,25.6249537884899,8.299569708580261
2096400,bA2tJJsSFg7ZCsjBt1GRLiDzdqrM8po/vCebEme4QPhRKxb69KMCVL1Lljpu/3+9,5.602466550059165,13.543447632634946,7.016184875872669
2096700,bA2tJJsSFg7ZCsjBt1GRLiDzdqrM8po/vCebEme4QPhRKxb69KMCVL1Lljpu/3+9,5.591713452154518,62.70583265559085,16.612133504024044
2097000,bA2tJJsSFg7ZCsjBt1GRLiDzdqrM8po/vCebEme4QPhRKxb69KMCVL1Lljpu/3+9,5.592112001411793,10.607782163232114,6.931097245124773
2097300,bA2tJJsSFg7ZCsjBt1GRLiDzdqrM8po/vCebEme4QPhRKxb69KMCVL1Lljpu/3+9,5.660952376058766,23.505265905262448,8.131866328831595
2097600,bA2tJJsSFg7ZCsjBt1GRLiDzdqrM8po/vCebEme4QPhRKxb69KMCVL1Lljpu/3+9,5.547290716266927,7.041156102132328,6.294196879258772
2097900,bA2tJJsSFg7ZCsjBt1GRLiDzdqrM8po/vCebEme4QPhRKxb69KMCVL1Lljpu/3+9,5.669823371573106,63.38719216463178,16.74600692209009
2098200,bA2tJJsSFg7ZCsjBt1GRLiDzdqrM8po/vCebEme4QPhRKxb69KMCVL1Lljpu/3+9,5.522883942417253,7.950409121903833,6.243304670679933
2098500,bA2tJJsSFg7ZCsjBt1GRLiDzdqrM8po/vCebEme4QPhRKxb69KMCVL1Lljpu/3+9,5.545536583246328,24.31776025125794,8.255823869416371
2098800,bA2tJJsSFg7ZCsjBt1GRLiDzdqrM8po/vCebEme4QPhRKxb69KMCVL1Lljpu/3+9,5.55707950847589,7.289077079342988,6.280245116605733
2099100,bA2tJJsSFg7ZCsjBt1GRLiDzdqrM8po/vCebEme4QPhRKxb69KMCVL1Lljpu/3+9,5.931726741273921,65.43481554797573,17.228404581939355
2099400,bA2tJJsSFg7ZCsjBt1GRLiDzdqrM8po/vCebEme4QPhRKxb69KMCVL1Lljpu/3+9,5.755721413575265,8.635025820271771,6.616343235822111
2099700,bA2tJJsSFg7ZCsjBt1GRLiDzdqrM8po/vCebEme4QPhRKxb69KMCVL1Lljpu/3+9,5.766185364931678,24.77591510419524,8.683857500392383
2100000,bA2tJJsSFg7ZCsjBt1GRLiDzdqrM8po/vCebEme4QPhRKxb69KMCVL1Lljpu/3+9,5.507749072580203,7.6683524565139,6.508040244745278
2100300,bA2tJJsSFg7ZCsjBt1GRLiDzdqrM8po/vCebEme4QPhRKxb69KMCVL1Lljpu/3+9,5.706929406041327,64.43107773980968,17.12367545416152
2100600,bA2tJJsSFg7ZCsjBt1GRLiDzdqrM8po/vCebEme4QPhRKxb69KMCVL1Lljpu/3+9,5.809488673337482,12.591493443380418,7.8501755413296355
2100900,bA2tJJsSFg7ZCsjBt1GRLiDzdqrM8po/vCebEme4QPhRKxb69KMCVL1Lljpu/3+9,5.977972865379642,24.815127878901304,9.19430979446214
2101200,bA2tJJsSFg7ZCsjBt1GRLiDzdqrM8po/vCebEme4QPhRKxb69KMCVL1Lljpu/3+9,5.9095582581077055,8.69404489750478,6.74172601559769
2101500,bA2tJJsSFg7ZCsjBt1GRLiDzdqrM8po/vCebEme4QPhRKxb69KMCVL1Lljpu/3+9,5.573860791411394,63.69002573066008,16.85821862224946
2101800,bA2tJJsSFg7ZCsjBt1GRLiDzdqrM8po/vCebEme4QPhRKxb69KMCVL1Lljpu/3+9,5.476574863864267,7.9726571665767265,6.396757543759248
2102100,bA2tJJsSFg7ZCsjBt1GRLiDzdqrM8po/vCebEme4QPhRKxb69KMCVL1Lljpu/3+9,5.257010866720746,22.427640812155065,8.05172597647149
2102400,bA2tJJsSFg7ZCsjBt1GRLiDzdqrM8po/vCebEme4QPhRKxb69KMCVL1Lljpu/3+9,5.1484879383463324,7.073210988317942,6.0010048269951195
2102700,bA2tJJsSFg7ZCsjBt1GRLiDzdqrM8po/vCebEme4QPhRKxb69KMCVL1Lljpu/3+9,5.02334084837264,63.06366229994574,16.42427030362436
2103000,bA2tJJsSFg7ZCsjBt1GRLiDzdqrM8po/vCebEme4QPhRKxb69KMCVL1Lljpu/3+9,5.356627804725472,8.167865713318088,6.198140725525455
2103300,bA2tJJsSFg7ZCsjBt1GRLiDzdqrM8po/vCebEme4QPhRKxb69KMCVL1Lljpu/3+9,5.165441038170648,15.234835966515949,7.841729626809648
2103600,bA2tJJsSFg7ZCsjBt1GRLiDzdqrM8po/vCebEme4QPhRKxb69KMCVL1Lljpu/3+9,5.387606949819999,7.506072106981754,6.146488397110565
2103900,bA2tJJsSFg7ZCsjBt1GRLiDzdqrM8po/vCebEme4QPhRKxb69KMCVL1Lljpu/3+9,5.267578440376688,81.26957274866547,17.937783493220742
2104200,bA2tJJsSFg7ZCsjBt1GRLiDzdqrM8po/vCebEme4QPhRKxb69KMCVL1Lljpu/3+9,5.34542473459878,10.599278000913012,7.039820495955909
2104500,bA2tJJsSFg7ZCsjBt1GRLiDzdqrM8po/vCebEme4QPhRKxb69KMCVL1Lljpu/3+9,5.360915150705238,22.077822512881568,7.8819261121208575
2104800,bA2tJJsSFg7ZCsjBt1GRLiDzdqrM8po/vCebEme4QPhRKxb69KMCVL1Lljpu/3+9,5.161098905970846,7.233283759022487,6.2168066313431245
2105100,bA2tJJsSFg7ZCsjBt1GRLiDzdqrM8po/vCebEme4QPhRKxb69KMCVL1Lljpu/3+9,5.315013660906462,69.31598286301659,15.411758455652503
2105400,bA2tJJsSFg7ZCsjBt1GRLiDzdqrM8po/vCebEme4QPhRKxb69KMCVL1Lljpu/3+9,5.542127439774289,16.308250567795444,7.281073791869305
2105700,bA2tJJsSFg7ZCsjBt1GRLiDzdqrM8po/vCebEme4QPhRKxb69KMCVL1Lljpu/3+9,5.342945033371287,10.441117588741868,6.4611409473194845
2106000,bA2tJJsSFg7ZCsjBt1GRLiDzdqrM8po/vCebEme4QPhRKxb69KMCVL1Lljpu/3+9,5.438094784150777,21.503215896971067,7.72060390034336
2106300,bA2tJJsSFg7ZCsjBt1GRLiDzdqrM8po/vCebEme4QPhRKxb69KMCVL1Lljpu/3+9,5.545683418114697,63.39707959099348,15.00871129565437
2106600,bA2tJJsSFg7ZCsjBt1GRLiDzdqrM8po/vCebEme4QPhRKxb69KMCVL1Lljpu/3+9,5.706274280868491,21.943375763953053,8.072780782376634
2106900,bA2tJJsSFg7ZCsjBt1GRLiDzdqrM8po/vCebEme4QPhRKxb69KMCVL1Lljpu/3+9,5.171190835994756,9.993745316165171,6.351516986670986
2107200,bA2tJJsSFg7ZCsjBt1GRLiDzdqrM8po/vCebEme4QPhRKxb69KMCVL1Lljpu/3+9,5.667130371379062,21.57491520332652,7.947483042542793
2107500,bA2tJJsSFg7ZCsjBt1GRLiDzdqrM8po/vCebEme4QPhRKxb69KMCVL1Lljpu/3+9,5.542473974103432,63.46136705013746,15.125191280995251
2107800,bA2tJJsSFg7ZCsjBt1GRLiDzdqrM8po/vCebEme4QPhRKxb69KMCVL1Lljpu/3+9,5.574444438153785,21.47023286303165,8.677650232194486
2108100,bA2tJJsSFg7ZCsjBt1GRLiDzdqrM8po/vCebEme4QPhRKxb69KMCVL1Lljpu/3+9,4.981437173590872,7.097502904767434,5.955700737899152
2108400,bA2tJJsSFg7ZCsjBt1GRLiDzdqrM8po/vCebEme4QPhRKxb69KMCVL1Lljpu/3+9,5.6149008888567336,21.629075293252736,7.803881848491896
2108700,bA2tJJsSFg7ZCsjBt1GRLiDzdqrM8po/vCebEme4QPhRKxb69KMCVL1Lljpu/3+9,5.483176384804398,61.76744726921607,14.735081809695224
2109000,bA2tJJsSFg7ZCsjBt1GRLiDzdqrM8po/vCebEme4QPhRKxb69KMCVL1Lljpu/3+9,5.521440747742165,21.879861401690423,8.091561562531497
2109300,bA2tJJsSFg7ZCsjBt1GRLiDzdqrM8po/vCebEme4QPhRKxb69KMCVL1Lljpu/3+9,4.977923425278,9.936162079946286,6.285494883874519
2109600,bA2tJJsSFg7ZCsjBt1GRLiDzdqrM8po/vCebEme4QPhRKxb69KMCVL1Lljpu/3+9,4.931961300014956,22.072300924995933,7.592395388058175
2109900,bA2tJJsSFg7ZCsjBt1GRLiDzdqrM8po/vCebEme4QPhRKxb69KMCVL1Lljpu/3+9,5.521283507939228,59.72928865685756,14.561558293002513
2110200,bA2tJJsSFg7ZCsjBt1GRLiDzdqrM8po/vCebEme4QPhRKxb69KMCVL1Lljpu/3+9,5.54652312842553,21.69950923747055,8.094420879621008
2110500,bA2tJJsSFg7ZCsjBt1GRLiDzdqrM8po/vCebEme4QPhRKxb69KMCVL1Lljpu/3+9,4.907480005383942,9.89387500576418,6.229661288438974
2110800,bA2tJJsSFg7ZCsjBt1GRLiDzdqrM8po/vCebEme4QPhRKxb69KMCVL1Lljpu/3+9,4.9048901018632804,22.007114012430424,12.121793766283934
2111100,bA2tJJsSFg7ZCsjBt1GRLiDzdqrM8po/vCebEme4QPhRKxb69KMCVL1Lljpu/3+9,10.981740290339168,64.3031872387194,20.1414685023715
2111400,bA2tJJsSFg7ZCsjBt1GRLiDzdqrM8po/vCebEme4QPhRKxb69KMCVL1Lljpu/3+9,5.644199224923244,28.429600812255423,10.281384746977
2111700,bA2tJJsSFg7ZCsjBt1GRLiDzdqrM8po/vCebEme4QPhRKxb69KMCVL1Lljpu/3+9,5.2164270383705125,9.304271513148596,6.4555158776974135
2112000,bA2tJJsSFg7ZCsjBt1GRLiDzdqrM8po/vCebEme4QPhRKxb69KMCVL1Lljpu/3+9,5.189322041783678,17.352435688189217,8.237794225355433
2112300,bA2tJJsSFg7ZCsjBt1GRLiDzdqrM8po/vCebEme4QPhRKxb69KMCVL1Lljpu/3+9,6.10659913156802,54.57430669483516,14.176715914177812
2112600,bA2tJJsSFg7ZCsjBt1GRLiDzdqrM8po/vCebEme4QPhRKxb69KMCVL1Lljpu/3+9,6.205139603205376,25.33984809590692,10.281647263655715
2112900,bA2tJJsSFg7ZCsjBt1GRLiDzdqrM8po/vCebEme4QPhRKxb69KMCVL1Lljpu/3+9,5.806709657007935,11.201810630984,7.272428137919856
2113200,bA2tJJsSFg7ZCsjBt1GRLiDzdqrM8po/vCebEme4QPhRKxb69KMCVL1Lljpu/3+9,5.911970041932391,25.821852094420255,8.62088692366237
2113500,bA2tJJsSFg7ZCsjBt1GRLiDzdqrM8po/vCebEme4QPhRKxb69KMCVL1Lljpu/3+9,6.160601175313841,52.16107763411544,14.222557405461783
2113800,bA2tJJsSFg7ZCsjBt1GRLiDzdqrM8po/vCebEme4QPhRKxb69KMCVL1Lljpu/3+9,6.086909758286938,25.553499419281035,10.513107127292544
2114100,bA2tJJsSFg7ZCsjBt1GRLiDzdqrM8po/vCebEme4QPhRKxb69KMCVL1Lljpu/3+9,5.634421145212556,10.197001742363838,6.89453209078462
2114400,bA2tJJsSFg7ZCsjBt1GRLiDzdqrM8po/vCebEme4QPhRKxb69KMCVL1Lljpu/3+9,5.55008926010459,24.600927182696733,8.678916033903874
2114700,bA2tJJsSFg7ZCsjBt1GRLiDzdqrM8po/vCebEme4QPhRKxb69KMCVL1Lljpu/3+9,5.6031313545796735,44.17980978069637,13.33169633011246
2115000,bA2tJJsSFg7ZCsjBt1GRLiDzdqrM8po/vCebEme4QPhRKxb69KMCVL1Lljpu/3+9,6.220102279246185,31.212493092964348,11.805299525945117
2115300,bA2tJJsSFg7ZCsjBt1GRLiDzdqrM8po/vCebEme4QPhRKxb69KMCVL1Lljpu/3+9,5.814678247581122,10.009617862692158,6.700660991807806
2115600,bA2tJJsSFg7ZCsjBt1GRLiDzdqrM8po/vCebEme4QPhRKxb69KMCVL1Lljpu/3+9,5.172476280053319,24.098954144003372,8.086647836812059
2115900,bA2tJJsSFg7ZCsjBt1GRLiDzdqrM8po/vCebEme4QPhRKxb69KMCVL1Lljpu/3+9,5.1000496819464125,37.96466894923106,9.624023536601879
2116200,bA2tJJsSFg7ZCsjBt1GRLiDzdqrM8po/vCebEme4QPhRKxb69KMCVL1Lljpu/3+9,5.837537398215232,30.085691936012427,10.713278557678402
2116500,bA2tJJsSFg7ZCsjBt1GRLiDzdqrM8po/vCebEme4QPhRKxb69KMCVL1Lljpu/3+9,5.134529344260849,10.303471530771024,6.675297795288639
2116800,bA2tJJsSFg7ZCsjBt1GRLiDzdqrM8po/vCebEme4QPhRKxb69KMCVL1Lljpu/3+9,5.260255722796054,23.439316543503622,7.795329232013362
2117100,bA2tJJsSFg7ZCsjBt1GRLiDzdqrM8po/vCebEme4QPhRKxb69KMCVL1Lljpu/3+9,5.125003103818805,41.32084051662434,12.234166842827332
2117400,bA2tJJsSFg7ZCsjBt1GRLiDzdqrM8po/vCebEme4QPhRKxb69KMCVL1Lljpu/3+9,5.4993903122610766,30.13404916344181,10.338101644426343
2117700,bA2tJJsSFg7ZCsjBt1GRLiDzdqrM8po/vCebEme4QPhRKxb69KMCVL1Lljpu/3+9,4.992761579669649,6.724046616529629,5.809026791470206
2118000,bA2tJJsSFg7ZCsjBt1GRLiDzdqrM8po/vCebEme4QPhRKxb69KMCVL1Lljpu/3+9,5.3425452084924085,23.420300661937407,8.09092390759332
2118300,bA2tJJsSFg7ZCsjBt1GRLiDzdqrM8po/vCebEme4QPhRKxb69KMCVL1Lljpu/3+9,5.53970519447213,39.436896166642015,12.183050026471918
2118600,bA2tJJsSFg7ZCsjBt1GRLiDzdqrM8po/vCebEme4QPhRKxb69KMCVL1Lljpu/3+9,5.674891280532038,33.368966204358195,10.709038744026351
2118900,bA2tJJsSFg7ZCsjBt1GRLiDzdqrM8po/vCebEme4QPhRKxb69KMCVL1Lljpu/3+9,5.447461216490762,9.766907585658464,6.783828660147871
2119200,bA2tJJsSFg7ZCsjBt1GRLiDzdqrM8po/vCebEme4QPhRKxb69KMCVL1Lljpu/3+9,5.638546476344358,22.82711347680013,8.212499466327854
2119500,bA2tJJsSFg7ZCsjBt1GRLiDzdqrM8po/vCebEme4QPhRKxb69KMCVL1Lljpu/3+9,4.949236549855251,34.37637146554149,11.624770356658791
2119800,bA2tJJsSFg7ZCsjBt1GRLiDzdqrM8po/vCebEme4QPhRKxb69KMCVL1Lljpu/3+9,5.528845869056322,22.761894318752496,8.200728437620585
2120100,bA2tJJsSFg7ZCsjBt1GRLiDzdqrM8po/vCebEme4QPhRKxb69KMCVL1Lljpu/3+9,4.890396209748319,6.992898581644461,5.993543922093793
2120400,bA2tJJsSFg7ZCsjBt1GRLiDzdqrM8po/vCebEme4QPhRKxb69KMCVL1Lljpu/3+9,5.4804546615089365,22.002770425188263,7.944938067659994
2120700,bA2tJJsSFg7ZCsjBt1GRLiDzdqrM8po/vCebEme4QPhRKxb69KMCVL1Lljpu/3+9,5.278025782597708,30.994657491413903,11.348070537470065
2121000,bA2tJJsSFg7ZCsjBt1GRLiDzdqrM8po/vCebEme4QPhRKxb69KMCVL1Lljpu/3+9,5.523866087678191,41.903140676438525,11.569453002017584
2121300,bA2tJJsSFg7ZCsjBt1GRLiDzdqrM8po/vCebEme4QPhRKxb69KMCVL1Lljpu/3+9,5.149892920008869,6.665779084255089,5.882178544904926
2121600,bA2tJJsSFg7ZCsjBt1GRLiDzdqrM8po/vCebEme4QPhRKxb69KMCVL1Lljpu/3+9,5.302445595765491,18.721436332153136,7.988818814837661
2121900,bA2tJJsSFg7ZCsjBt1GRLiDzdqrM8po/vCebEme4QPhRKxb69KMCVL1Lljpu/3+9,4.959378473374458,34.482068197305104,11.06119108089108
2122200,bA2tJJsSFg7ZCsjBt1GRLiDzdqrM8po/vCebEme4QPhRKxb69KMCVL1Lljpu/3+9,5.693828444769153,43.99034150976759,11.77410657872497
2122500,bA2tJJsSFg7ZCsjBt1GRLiDzdqrM8po/vCebEme4QPhRKxb69KMCVL1Lljpu/3+9,5.1661347303165455,10.772084830432476,6.965690494323816
2122800,bA2tJJsSFg7ZCsjBt1GRLiDzdqrM8po/vCebEme4QPhRKxb69KMCVL1Lljpu/3+9,5.645143961208444,22.371494994511018,8.134232997315861
2123100,bA2tJJsSFg7ZCsjBt1GRLiDzdqrM8po/vCebEme4QPhRKxb69KMCVL1Lljpu/3+9,5.463856176688369,35.12024132918299,10.469497074023062
2123400,bA2tJJsSFg7ZCsjBt1GRLiDzdqrM8po/vCebEme4QPhRKxb69KMCVL1Lljpu/3+9,5.956378741362236,49.89440892195696,12.910635126418596
2123700,bA2tJJsSFg7ZCsjBt1GRLiDzdqrM8po/vCebEme4QPhRKxb69KMCVL1Lljpu/3+9,5.337144540306566,7.114080525051234,6.36963282461365
2124000,bA2tJJsSFg7ZCsjBt1GRLiDzdqrM8po/vCebEme4QPhRKxb69KMCVL1Lljpu/3+9,5.52045790143425,22.39849847655367,8.579098462736857
2124300,bA2tJJsSFg7ZCsjBt1GRLiDzdqrM8po/vCebEme4QPhRKxb69KMCVL1Lljpu/3+9,5.376515612631332,23.906547974095336,10.262744949741364
2124600,bA2tJJsSFg7ZCsjBt1GRLiDzdqrM8po/vCebEme4QPhRKxb69KMCVL1Lljpu/3+9,5.87718052633744,50.20998002039333,12.98784877593524
2124900,bA2tJJsSFg7ZCsjBt1GRLiDzdqrM8po/vCebEme4QPhRKxb69KMCVL1Lljpu/3+9,5.232083871448074,6.740224054563352,6.1164083926930655
2125200,bA2tJJsSFg7ZCsjBt1GRLiDzdqrM8po/vCebEme4QPhRKxb69KMCVL1Lljpu/3+9,5.213267735614757,18.708542126924065,8.392533121853585
2125500,bA2tJJsSFg7ZCsjBt1GRLiDzdqrM8po/vCebEme4QPhRKxb69KMCVL1Lljpu/3+9,5.623214255776638,20.96754774956957,10.281012424215756
2125800,bA2tJJsSFg7ZCsjBt1GRLiDzdqrM8po/vCebEme4QPhRKxb69KMCVL1Lljpu/3+9,6.0752186898343306,51.831333423742805,13.106507942685436
2126100,bA2tJJsSFg7ZCsjBt1GRLiDzdqrM8po/vCebEme4QPhRKxb69KMCVL1Lljpu/3+9,5.249897925866088,11.078618683563912,6.962481661791792
2126400,bA2tJJsSFg7ZCsjBt1GRLiDzdqrM8po/vCebEme4QPhRKxb69KMCVL1Lljpu/3+9,5.0329194774345,23.885072714984123,8.225914830217482
2126700,bA2tJJsSFg7ZCsjBt1GRLiDzdqrM8po/vCebEme4QPhRKxb69KMCVL1Lljpu/3+9,5.2919579318146415,34.72434425189254,9.912908341116664
2127000,bA2tJJsSFg7ZCsjBt1GRLiDzdqrM8po/vCebEme4QPhRKxb69KMCVL1Lljpu/3+9,5.601881677294039,53.23240049950868,13.11208241894336
2127300,bA2tJJsSFg7ZCsjBt1GRLiDzdqrM8po/vCebEme4QPhRKxb69KMCVL1Lljpu/3+9,5.58738313695334,7.036562396792616,6.277675207406545
2127600,bA2tJJsSFg7ZCsjBt1GRLiDzdqrM8po/vCebEme4QPhRKxb69KMCVL1Lljpu/3+9,5.342370285752829,24.564309898194608,8.540113763223319
2127900,bA2tJJsSFg7ZCsjBt1GRLiDzdqrM8po/vCebEme4QPhRKxb69KMCVL1Lljpu/3+9,5.4479325201528415,35.70546839399754,10.152108241804836
2128200,bA2tJJsSFg7ZCsjBt1GRLiDzdqrM8po/vCebEme4QPhRKxb69KMCVL1Lljpu/3+9,5.9762331989690045,52.95132439258871,13.73506908175976
2128500,bA2tJJsSFg7ZCsjBt1GRLiDzdqrM8po/vCebEme4QPhRKxb69KMCVL1Lljpu/3+9,5.540024497858772,7.156689120010635,6.227176946197155
2128800,bA2tJJsSFg7ZCsjBt1GRLiDzdqrM8po/vCebEme4QPhRKxb69KMCVL1Lljpu/3+9,5.385980404909523,22.333659891646896,8.350408659428776
2129100,bA2tJJsSFg7ZCsjBt1GRLiDzdqrM8po/vCebEme4QPhRKxb69KMCVL1Lljpu/3+9,5.519602030489157,25.186895677685605,10.088142709478074
2129400,bA2tJJsSFg7ZCsjBt1GRLiDzdqrM8po/vCebEme4QPhRKxb69KMCVL1Lljpu/3+9,6.084366496566723,55.508269160808894,13.5103971956514
2129700,bA2tJJsSFg7ZCsjBt1GRLiDzdqrM8po/vCebEme4QPhRKxb69KMCVL1Lljpu/3+9,5.336313809191396,11.486766005610477,7.174199416420585
2130000,bA2tJJsSFg7ZCsjBt1GRLiDzdqrM8po/vCebEme4QPhRKxb69KMCVL1Lljpu/3+9,5.407939853593289,23.342240886626467,8.21481409656569
2130300,bA2tJJsSFg7ZCsjBt1GRLiDzdqrM8po/vCebEme4QPhRKxb69KMCVL1Lljpu/3+9,5.355194107736193,35.23431507829916,9.716134690924985
2130600,bA2tJJsSFg7ZCsjBt1GRLiDzdqrM8po/vCebEme4QPhRKxb69KMCVL1Lljpu/3+9,5.43572419767359,56.36643282296856,13.421503550855098
2130900,bA2tJJsSFg7ZCsjBt1GRLiDzdqrM8po/vCebEme4QPhRKxb69KMCVL1Lljpu/3+9,5.334883443742978,6.992607487398358,6.224934034947225
2131200,bA2tJJsSFg7ZCsjBt1GRLiDzdqrM8po/vCebEme4QPhRKxb69KMCVL1Lljpu/3+9,5.350192056218337,22.884836317979616,8.292435423381049
2131500,bA2tJJsSFg7ZCsjBt1GRLiDzdqrM8po/vCebEme4QPhRKxb69KMCVL1Lljpu/3+9,5.272140640591865,35.10658101116289,9.701872794727455
2131800,bA2tJJsSFg7ZCsjBt1GRLiDzdqrM8po/vCebEme4QPhRKxb69KMCVL1Lljpu/3+9,5.4481184162748475,56.378279199813896,13.547629868449492
2132100,bA2tJJsSFg7ZCsjBt1GRLiDzdqrM8po/vCebEme4QPhRKxb69KMCVL1Lljpu/3+9,5.594092638051816,6.938812192952502,6.269073038550542
2132400,bA2tJJsSFg7ZCsjBt1GRLiDzdqrM8po/vCebEme4QPhRKxb69KMCVL1Lljpu/3+9,5.290825370610378,23.336513921123338,8.472552571520115
2132700,bA2tJJsSFg7ZCsjBt1GRLiDzdqrM8po/vCebEme4QPhRKxb69KMCVL1Lljpu/3+9,5.5131277904793965,34.990103332834565,9.935640190696772
2133000,bA2tJJsSFg7ZCsjBt1GRLiDzdqrM8po/vCebEme4QPhRKxb69KMCVL1Lljpu/3+9,5.34783715852632,56.68852254416015,13.414990352423084
2133300,bA2tJJsSFg7ZCsjBt1GRLiDzdqrM8po/vCebEme4QPhRKxb69KMCVL1Lljpu/3+9,5.251120809782956,12.61283769696226,6.981795505153843
2133600,bA2tJJsSFg7ZCsjBt1GRLiDzdqrM8po/vCebEme4QPhRKxb69KMCVL1Lljpu/3+9,4.968704403221252,22.40921699779851,8.06137367196504
2133900,bA2tJJsSFg7ZCsjBt1GRLiDzdqrM8po/vCebEme4QPhRKxb69KMCVL1Lljpu/3+9,5.2961493511953135,29.13122183492568,9.325677184920051
2134200,bA2tJJsSFg7ZCsjBt1GRLiDzdqrM8po/vCebEme4QPhRKxb69KMCVL1Lljpu/3+9,5.110378820248833,57.578944282225656,13.331841019284305
2134500,bA2tJJsSFg7ZCsjBt1GRLiDzdqrM8po/vCebEme4QPhRKxb69KMCVL1Lljpu/3+9,4.98350368714979,6.728766643622006,6.114662593856858
2134800,bA2tJJsSFg7ZCsjBt1GRLiDzdqrM8po/vCebEme4QPhRKxb69KMCVL1Lljpu/3+9,5.069270966607264,19.08729414689451,7.8824509261178095
2135100,bA2tJJsSFg7ZCsjBt1GRLiDzdqrM8po/vCebEme4QPhRKxb69KMCVL1Lljpu/3+9,5.173675398433489,31.05377777423187,9.341617095695272
2135400,bA2tJJsSFg7ZCsjBt1GRLiDzdqrM8po/vCebEme4QPhRKxb69KMCVL1Lljpu/3+9,5.207283688291845,58.38578417323249,13.169251234604568
2135700,bA2tJJsSFg7ZCsjBt1GRLiDzdqrM8po/vCebEme4QPhRKxb69KMCVL1Lljpu/3+9,5.111818343845249,6.615095303847033,5.9084291448289
2136000,bA2tJJsSFg7ZCsjBt1GRLiDzdqrM8po/vCebEme4QPhRKxb69KMCVL1Lljpu/3+9,5.215350860044531,22.689910168883536,7.908817168325256
2136300,bA2tJJsSFg7ZCsjBt1GRLiDzdqrM8po/vCebEme4QPhRKxb69KMCVL1Lljpu/3+9,5.213386635781107,34.444475669169,9.095094945786729
2136600,bA2tJJsSFg7ZCsjBt1GRLiDzdqrM8po/vCebEme4QPhRKxb69KMCVL1Lljpu/3+9,5.553214165627214,59.60583508404382,14.079812688936345
2136900,bA2tJJsSFg7ZCsjBt1GRLiDzdqrM8po/vCebEme4QPhRKxb69KMCVL1Lljpu/3+9,5.153940260053579,10.418466058877078,6.404269239688183
2137200,bA2tJJsSFg7ZCsjBt1GRLiDzdqrM8po/vCebEme4QPhRKxb69KMCVL1Lljpu/3+9,5.247024843536134,22.022611992597398,8.244222509249237
2137500,bA2tJJsSFg7ZCsjBt1GRLiDzdqrM8po/vCebEme4QPhRKxb69KMCVL1Lljpu/3+9,5.023606604211992,33.926059581126786,8.70314806565889
2137800,bA2tJJsSFg7ZCsjBt1GRLiDzdqrM8po/vCebEme4QPhRKxb69KMCVL1Lljpu/3+9,5.102920422613181,62.81911408451291,13.583207392775977
2138100,bA2tJJsSFg7ZCsjBt1GRLiDzdqrM8po/vCebEme4QPhRKxb69KMCVL1Lljpu/3+9,5.263067051309535,7.077702357350581,6.128734479459524
2138400,bA2tJJsSFg7ZCsjBt1GRLiDzdqrM8po/vCebEme4QPhRKxb69KMCVL1Lljpu/3+9,5.172269985362004,14.75980386352258,7.064666109419813
2138700,bA2tJJsSFg7ZCsjBt1GRLiDzdqrM8po/vCebEme4QPhRKxb69KMCVL1Lljpu/3+9,5.116244389885932,34.007467125177875,9.46731946987921
2139000,bA2tJJsSFg7ZCsjBt1GRLiDzdqrM8po/vCebEme4QPhRKxb69KMCVL1Lljpu/3+9,5.392268312502612,62.30017524561616,11.95307535188635
2139300,bA2tJJsSFg7ZCsjBt1GRLiDzdqrM8po/vCebEme4QPhRKxb69KMCVL1Lljpu/3+9,5.053242775316096,21.13072525130931,7.55646759909604
2139600,bA2tJJsSFg7ZCsjBt1GRLiDzdqrM8po/vCebEme4QPhRKxb69KMCVL1Lljpu/3+9,5.058460688324727,7.720299753954043,6.230704050764054
2139900,bA2tJJsSFg7ZCsjBt1GRLiDzdqrM8po/vCebEme4QPhRKxb69KMCVL1Lljpu/3+9,5.591844700018825,33.98433212637524,10.552689736543227
2140200,bA2tJJsSFg7ZCsjBt1GRLiDzdqrM8po/vCebEme4QPhRKxb69KMCVL1Lljpu/3+9,11.091040200733577,40.20460382978461,17.72610572575857
2140500,bA2tJJsSFg7ZCsjBt1GRLiDzdqrM8po/vCebEme4QPhRKxb69KMCVL1Lljpu/3+9,10.664513550852297,26.30778282063983,13.241078242743471
2140800,bA2tJJsSFg7ZCsjBt1GRLiDzdqrM8po/vCebEme4QPhRKxb69KMCVL1Lljpu/3+9,5.287629593279379,10.783647387663652,7.166691804337784
2141100,bA2tJJsSFg7ZCsjBt1GRLiDzdqrM8po/vCebEme4QPhRKxb69KMCVL1Lljpu/3+9,5.254059078689062,24.335912546779287,10.558202162942637
2141400,bA2tJJsSFg7ZCsjBt1GRLiDzdqrM8po/vCebEme4QPhRKxb69KMCVL1Lljpu/3+9,5.730532744562721,35.10906088343247,12.058592320443491
2141700,bA2tJJsSFg7ZCsjBt1GRLiDzdqrM8po/vCebEme4QPhRKxb69KMCVL1Lljpu/3+9,5.616053927037999,21.982312271237536,7.932754881597875
2142000,bA2tJJsSFg7ZCsjBt1GRLiDzdqrM8po/vCebEme4QPhRKxb69KMCVL1Lljpu/3+9,5.224659180001905,7.992197971544495,6.330559207818661
2142300,bA2tJJsSFg7ZCsjBt1GRLiDzdqrM8po/vCebEme4QPhRKxb69KMCVL1Lljpu/3+9,5.28304061430284,45.644648247073626,10.6720531225564
2142600,bA2tJJsSFg7ZCsjBt1GRLiDzdqrM8po/vCebEme4QPhRKxb69KMCVL1Lljpu/3+9,5.925161607199297,35.39811296506357,12.280267994311195
2142900,bA2tJJsSFg7ZCsjBt1GRLiDzdqrM8po/vCebEme4QPhRKxb69KMCVL1Lljpu/3+9,5.538199641689484,22.14809478999322,7.866285521115754
2143200,bA2tJJsSFg7ZCsjBt1GRLiDzdqrM8po/vCebEme4QPhRKxb69KMCVL1Lljpu/3+9,5.244447110659968,10.196402534630462,6.508551375456542
2143500,bA2tJJsSFg7ZCsjBt1GRLiDzdqrM8po/vCebEme4QPhRKxb69KMCVL1Lljpu/3+9,5.59799585329846,34.32919714685498,10.657246396922154
2143800,bA2tJJsSFg7ZCsjBt1GRLiDzdqrM8po/vCebEme4QPhRKxb69KMCVL1Lljpu/3+9,5.475912941397635,47.88430127247171,12.08685995210704
2144100,bA2tJJsSFg7ZCsjBt1GRLiDzdqrM8po/vCebEme4QPhRKxb69KMCVL1Lljpu/3+9,5.290132866374244,21.78135223820344,7.7740385526160924
2144400,bA2tJJsSFg7ZCsjBt1GRLiDzdqrM8po/vCebEme4QPhRKxb69KMCVL1Lljpu/3+9,5.350837559190739,12.055355309111214,7.171846303265442
2144700,bA2tJJsSFg7ZCsjBt1GRLiDzdqrM8po/vCebEme4QPhRKxb69KMCVL1Lljpu/3+9,5.2016128441098335,35.09731402422953,10.520323247632469
2145000,bA2tJJsSFg7ZCsjBt1GRLiDzdqrM8po/vCebEme4QPhRKxb69KMCVL1Lljpu/3+9,5.620445110456782,51.30179863580753,12.186718492685452
2145300,bA2tJJsSFg7ZCsjBt1GRLiDzdqrM8po/vCebEme4QPhRKxb69KMCVL1Lljpu/3+9,5.474100863847492,21.274408513495874,7.872797851783573
2145600,bA2tJJsSFg7ZCsjBt1GRLiDzdqrM8po/vCebEme4QPhRKxb69KMCVL1Lljpu/3+9,5.347757482154521,9.575211841421062,6.3360512300952045
2145900,bA2tJJsSFg7ZCsjBt1GRLiDzdqrM8po/vCebEme4QPhRKxb69KMCVL1Lljpu/3+9,5.126177636587479,28.29501804206856,10.4574717054628
2146200,bA2tJJsSFg7ZCsjBt1GRLiDzdqrM8po/vCebEme4QPhRKxb69KMCVL1Lljpu/3+9,5.404244054690196,52.4628635993842,12.119960785112555
2146500,bA2tJJsSFg7ZCsjBt1GRLiDzdqrM8po/vCebEme4QPhRKxb69KMCVL1Lljpu/3+9,5.282067647414241,22.260716155521635,7.618802625774945
2146800,bA2tJJsSFg7ZCsjBt1GRLiDzdqrM8po/vCebEme4QPhRKxb69KMCVL1Lljpu/3+9,5.234271150919425,9.430732693492969,6.306730223468696
2147100,bA2tJJsSFg7ZCsjBt1GRLiDzdqrM8po/vCebEme4QPhRKxb69KMCVL1Lljpu/3+9,5.097771398343431,51.19664277602117,10.537130693144794
2147400,bA2tJJsSFg7ZCsjBt1GRLiDzdqrM8po/vCebEme4QPhRKxb69KMCVL1Lljpu/3+9,5.456928027211822,55.94241401391931,12.144830657572962
2147700,bA2tJJsSFg7ZCsjBt1GRLiDzdqrM8po/vCebEme4QPhRKxb69KMCVL1Lljpu/3+9,5.275891575929344,21.59199197067873,7.5931010111351664
2148000,bA2tJJsSFg7ZCsjBt1GRLiDzdqrM8po/vCebEme4QPhRKxb69KMCVL1Lljpu/3+9,5.2516478663557,11.318839852293376,7.425467422927502
2148300,bA2tJJsSFg7ZCsjBt1GRLiDzdqrM8po/vCebEme4QPhRKxb69KMCVL1Lljpu/3+9,5.19554755468761,29.37828067031379,10.386097544496277
2148600,bA2tJJsSFg7ZCsjBt1GRLiDzdqrM8po/vCebEme4QPhRKxb69KMCVL1Lljpu/3+9,5.715455589758002,62.61823093515915,12.214697768117064
2148900,bA2tJJsSFg7ZCsjBt1GRLiDzdqrM8po/vCebEme4QPhRKxb69KMCVL1Lljpu/3+9,5.230840354918108,22.307283112855647,7.703154547038013
2149200,bA2tJJsSFg7ZCsjBt1GRLiDzdqrM8po/vCebEme4QPhRKxb69KMCVL1Lljpu/3+9,5.452908005374304,8.709853880128433,6.358584440443856
2149500,bA2tJJsSFg7ZCsjBt1GRLiDzdqrM8po/vCebEme4QPhRKxb69KMCVL1Lljpu/3+9,5.332735988935068,34.68774844400527,10.567563834792972
2149800,bA2tJJsSFg7ZCsjBt1GRLiDzdqrM8po/vCebEme4QPhRKxb69KMCVL1Lljpu/3+9,5.538173072712019,64.17993546643646,12.380630968582407
2150100,bA2tJJsSFg7ZCsjBt1GRLiDzdqrM8po/vCebEme4QPhRKxb69KMCVL1Lljpu/3+9,5.283634579579849,21.6299061392569,7.599755021758155
2150400,bA2tJJsSFg7ZCsjBt1GRLiDzdqrM8po/vCebEme4QPhRKxb69KMCVL1Lljpu/3+9,5.274679080650161,8.505214182161266,6.4711346139185535
2150700,bA2tJJsSFg7ZCsjBt1GRLiDzdqrM8po/vCebEme4QPhRKxb69KMCVL1Lljpu/3+9,5.159007727109744,34.249610060593625,10.552006189128042
2151000,bA2tJJsSFg7ZCsjBt1GRLiDzdqrM8po/vCebEme4QPhRKxb69KMCVL1Lljpu/3+9,5.672465600218008,62.76646951559582,12.081466517500438
2151300,bA2tJJsSFg7ZCsjBt1GRLiDzdqrM8po/vCebEme4QPhRKxb69KMCVL1Lljpu/3+9,5.308727629396226,20.94006385287463,7.740277300220032
2151600,bA2tJJsSFg7ZCsjBt1GRLiDzdqrM8po/vCebEme4QPhRKxb69KMCVL1Lljpu/3+9,5.434225200231792,11.673728989683132,7.177744386405046
2151900,bA2tJJsSFg7ZCsjBt1GRLiDzdqrM8po/vCebEme4QPhRKxb69KMCVL1Lljpu/3+9,5.086262613836079,23.52706896342167,10.348265795652065
2152200,bA2tJJsSFg7ZCsjBt1GRLiDzdqrM8po/vCebEme4QPhRKxb69KMCVL1Lljpu/3+9,5.576121807570808,63.26564128133353,12.857165087871856
2152500,bA2tJJsSFg7ZCsjBt1GRLiDzdqrM8po/vCebEme4QPhRKxb69KMCVL1Lljpu/3+9,5.2206869752199205,22.35982794401096,7.71840139924354
2152800,bA2tJJsSFg7ZCsjBt1GRLiDzdqrM8po/vCebEme4QPhRKxb69KMCVL1Lljpu/3+9,5.526142586968293,9.493780018951492,6.361881327935255
2153100,bA2tJJsSFg7ZCsjBt1GRLiDzdqrM8po/vCebEme4QPhRKxb69KMCVL1Lljpu/3+9,5.217374500047807,34.27139821027494,10.419419350966267
2153400,bA2tJJsSFg7ZCsjBt1GRLiDzdqrM8po/vCebEme4QPhRKxb69KMCVL1Lljpu/3+9,5.471422837445524,62.18160209697282,12.014633215065762
2153700,bA2tJJsSFg7ZCsjBt1GRLiDzdqrM8po/vCebEme4QPhRKxb69KMCVL1Lljpu/3+9,5.079259367873238,22.212348989055364,7.621695664001325
2154000,bA2tJJsSFg7ZCsjBt1GRLiDzdqrM8po/vCebEme4QPhRKxb69KMCVL1Lljpu/3+9,5.245748458957675,9.099620349914682,6.238593418595485
2154300,bA2tJJsSFg7ZCsjBt1GRLiDzdqrM8po/vCebEme4QPhRKxb69KMCVL1Lljpu/3+9,5.165494817155945,34.04632615316928,10.352056074588564
2154600,bA2tJJsSFg7ZCsjBt1GRLiDzdqrM8po/vCebEme4QPhRKxb69KMCVL1Lljpu/3+9,5.323316047275066,63.1938078489314,12.02684365986385
2154900,bA2tJJsSFg7ZCsjBt1GRLiDzdqrM8po/vCebEme4QPhRKxb69KMCVL1Lljpu/3+9,5.118936033578997,23.58416929688432,7.511307985222326
2155200,bA2tJJsSFg7ZCsjBt1GRLiDzdqrM8po/vCebEme4QPhRKxb69KMCVL1Lljpu/3+9,5.32703547055835,10.837353112508485,7.054766844779572
2155500,bA2tJJsSFg7ZCsjBt1GRLiDzdqrM8po/vCebEme4QPhRKxb69KMCVL1Lljpu/3+9,5.24341680968711,28.478482539803387,10.310690143273264
2155800,bA2tJJsSFg7ZCsjBt1GRLiDzdqrM8po/vCebEme4QPhRKxb69KMCVL1Lljpu/3+9,5.395568439787393,62.27500707031109,12.598067822853832
2156100,bA2tJJsSFg7ZCsjBt1GRLiDzdqrM8po/vCebEme4QPhRKxb69KMCVL1Lljpu/3+9,5.159692154604381,24.25083546565552,7.671033303880038
2156400,bA2tJJsSFg7ZCsjBt1GRLiDzdqrM8po/vCebEme4QPhRKxb69KMCVL1Lljpu/3+9,5.537182077165324,8.164684999679734,6.21682544213294
2156700,bA2tJJsSFg7ZCsjBt1GRLiDzdqrM8po/vCebEme4QPhRKxb69KMCVL1Lljpu/3+9,5.135963298211043,34.330811555635634,10.406398266011958
2157000,bA2tJJsSFg7ZCsjBt1GRLiDzdqrM8po/vCebEme4QPhRKxb69KMCVL1Lljpu/3+9,5.28177564004222,62.36506474929185,12.004862607909493
2157300,bA2tJJsSFg7ZCsjBt1GRLiDzdqrM8po/vCebEme4QPhRKxb69KMCVL1Lljpu/3+9,5.303229075409809,23.170027331048185,7.419190715766766
2157600,bA2tJJsSFg7ZCsjBt1GRLiDzdqrM8po/vCebEme4QPhRKxb69KMCVL1Lljpu/3+9,5.004072099148793,8.333255052213765,6.287652165077513
2157900,bA2tJJsSFg7ZCsjBt1GRLiDzdqrM8po/vCebEme4QPhRKxb69KMCVL1Lljpu/3+9,5.401957169227358,34.415620484727086,10.663836760718452
2158200,bA2tJJsSFg7ZCsjBt1GRLiDzdqrM8po/vCebEme4QPhRKxb69KMCVL1Lljpu/3+9,5.155731403019784,66.11709817385605,16.251629828867255
2158500,bA2tJJsSFg7ZCsjBt1GRLiDzdqrM8po/vCebEme4QPhRKxb69KMCVL1Lljpu/3+9,5.141477301007548,22.02425653018639,7.66708496677529
2158800,bA2tJJsSFg7ZCsjBt1GRLiDzdqrM8po/vCebEme4QPhRKxb69KMCVL1Lljpu/3+9,5.152403506761328,9.393211850333524,6.426846542145347
2159100,bA2tJJsSFg7ZCsjBt1GRLiDzdqrM8po/vCebEme4QPhRKxb69KMCVL1Lljpu/3+9,5.256882934871067,35.32368717704876,11.567152184933455
2159400,bA2tJJsSFg7ZCsjBt1GRLiDzdqrM8po/vCebEme4QPhRKxb69KMCVL1Lljpu/3+9,5.06895107411396,56.605211302353034,12.328916277588986
2159700,bA2tJJsSFg7ZCsjBt1GRLiDzdqrM8po/vCebEme4QPhRKxb69KMCVL1Lljpu/3+9,5.2395820876382135,23.61522744071581,8.111307790568624
2160000,bA2tJJsSFg7ZCsjBt1GRLiDzdqrM8po/vCebEme4QPhRKxb69KMCVL1Lljpu/3+9,5.265116019390125,10.481753007014053,6.4954584515416585
2160300,bA2tJJsSFg7ZCsjBt1GRLiDzdqrM8po/vCebEme4QPhRKxb69KMCVL1Lljpu/3+9,5.224664888728608,34.755227495440494,10.702392570995746
2160600,bA2tJJsSFg7ZCsjBt1GRLiDzdqrM8po/vCebEme4QPhRKxb69KMCVL1Lljpu/3+9,5.217920671559313,53.3642940632601,13.76005805209632
2160900,bA2tJJsSFg7ZCsjBt1GRLiDzdqrM8po/vCebEme4QPhRKxb69KMCVL1Lljpu/3+9,5.375175443423957,23.090652284841607,7.847917656121551
2161200,bA2tJJsSFg7ZCsjBt1GRLiDzdqrM8po/vCebEme4QPhRKxb69KMCVL1Lljpu/3+9,5.4004796789582405,10.035317297264172,6.500327236563015
2161500,bA2tJJsSFg7ZCsjBt1GRLiDzdqrM8po/vCebEme4QPhRKxb69KMCVL1Lljpu/3+9,5.428546188305682,34.10638105490715,10.698015804064644
2161800,bA2tJJsSFg7ZCsjBt1GRLiDzdqrM8po/vCebEme4QPhRKxb69KMCVL1Lljpu/3+9,5.160373605228688,51.65930325554055,12.140667248763952
2162100,bA2tJJsSFg7ZCsjBt1GRLiDzdqrM8po/vCebEme4QPhRKxb69KMCVL1Lljpu/3+9,5.224500487913715,22.15416087834824,7.572060986342483
2162400,bA2tJJsSFg7ZCsjBt1GRLiDzdqrM8po/vCebEme4QPhRKxb69KMCVL1Lljpu/3+9,5.238948307089986,9.588919039386536,6.333914079141011
2162700,bA2tJJsSFg7ZCsjBt1GRLiDzdqrM8po/vCebEme4QPhRKxb69KMCVL1Lljpu/3+9,5.16066135332839,26.825146894370512,11.101495178225187
2163000,bA2tJJsSFg7ZCsjBt1GRLiDzdqrM8po/vCebEme4QPhRKxb69KMCVL1Lljpu/3+9,5.012674200545702,50.677293682755405,12.14489949031254
2163300,bA2tJJsSFg7ZCsjBt1GRLiDzdqrM8po/vCebEme4QPhRKxb69KMCVL1Lljpu/3+9,5.09245520104798,22.8332818032996,7.6215021209079
2163600,bA2tJJsSFg7ZCsjBt1GRLiDzdqrM8po/vCebEme4QPhRKxb69KMCVL1Lljpu/3+9,5.246064278521509,9.889962909425293,6.3545335665988265
2163900,bA2tJJsSFg7ZCsjBt1GRLiDzdqrM8po/vCebEme4QPhRKxb69KMCVL1Lljpu/3+9,5.397176120579544,34.31462368970254,10.351273144429708
2164200,bA2tJJsSFg7ZCsjBt1GRLiDzdqrM8po/vCebEme4QPhRKxb69KMCVL1Lljpu/3+9,5.21475134968547,51.70212342238889,13.012348583899184
2164500,bA2tJJsSFg7ZCsjBt1GRLiDzdqrM8po/vCebEme4QPhRKxb69KMCVL1Lljpu/3+9,5.228931296526822,22.458252748722813,7.550597468800823
2164800,bA2tJJsSFg7ZCsjBt1GRLiDzdqrM8po/vCebEme4QPhRKxb69KMCVL1Lljpu/3+9,5.172704965796768,9.16405414253616,6.4490050667290015
2165100,bA2tJJsSFg7ZCsjBt1GRLiDzdqrM8po/vCebEme4QPhRKxb69KMCVL1Lljpu/3+9,5.258972406648691,33.743840964409934,10.392024472330595
2165400,bA2tJJsSFg7ZCsjBt1GRLiDzdqrM8po/vCebEme4QPhRKxb69KMCVL1Lljpu/3+9,5.107656518134949,49.3048028304518,12.222129223388016
2165700,bA2tJJsSFg7ZCsjBt1GRLiDzdqrM8po/vCebEme4QPhRKxb69KMCVL1Lljpu/3+9,5.3413113334168,21.74121860991934,8.73858172791661
2166000,bA2tJJsSFg7ZCsjBt1GRLiDzdqrM8po/vCebEme4QPhRKxb69KMCVL1Lljpu/3+9,5.03410162880893,7.89886588081669,6.222995227409268
2166300,bA2tJJsSFg7ZCsjBt1GRLiDzdqrM8po/vCebEme4QPhRKxb69KMCVL1Lljpu/3+9,5.131090122346296,35.590394578600765,11.139753213804864
2166600,bA2tJJsSFg7ZCsjBt1GRLiDzdqrM8po/vCebEme4QPhRKxb69KMCVL1Lljpu/3+9,5.170305080898354,46.151705127112365,12.089980993784074
2166900,bA2tJJsSFg7ZCsjBt1GRLiDzdqrM8po/vCebEme4QPhRKxb69KMCVL1Lljpu/3+9,5.220070883043219,21.90665870976472,7.594283649484026
2167200,bA2tJJsSFg7ZCsjBt1GRLiDzdqrM8po/vCebEme4QPhRKxb69KMCVL1Lljpu/3+9,5.11087994190563,9.127735703892768,6.336747260448091
2167500,bA2tJJsSFg7ZCsjBt1GRLiDzdqrM8po/vCebEme4QPhRKxb69KMCVL1Lljpu/3+9,5.06406465160095,34.211804001353336,10.321851033239346
2167800,bA2tJJsSFg7ZCsjBt1GRLiDzdqrM8po/vCebEme4QPhRKxb69KMCVL1Lljpu/3+9,5.156171272194761,45.69346909116532,12.847072299156968
2168100,bA2tJJsSFg7ZCsjBt1GRLiDzdqrM8po/vCebEme4QPhRKxb69KMCVL1Lljpu/3+9,5.378444458783847,22.511394284463123,7.586866066065895
2168400,bA2tJJsSFg7ZCsjBt1GRLiDzdqrM8po/vCebEme4QPhRKxb69KMCVL1Lljpu/3+9,5.172118292058359,8.944302052724826,6.417234583796222
2168700,bA2tJJsSFg7ZCsjBt1GRLiDzdqrM8po/vCebEme4QPhRKxb69KMCVL1Lljpu/3+9,5.290007301847398,34.81758532164676,10.530565462717668
2169000,bA2tJJsSFg7ZCsjBt1GRLiDzdqrM8po/vCebEme4QPhRKxb69KMCVL1Lljpu/3+9,5.3762489697507405,43.898840199072005,12.232371483703492
2169300,bA2tJJsSFg7ZCsjBt1GRLiDzdqrM8po/vCebEme4QPhRKxb69KMCVL1Lljpu/3+9,5.302361932569712,21.77878457259757,7.601426939146323
2169600,bA2tJJsSFg7ZCsjBt1GRLiDzdqrM8po/vCebEme4QPhRKxb69KMCVL1Lljpu/3+9,11.173955835019688,16.7660362256747,12.782755447449814
2169900,bA2tJJsSFg7ZCsjBt1GRLiDzdqrM8po/vCebEme4QPhRKxb69KMCVL1Lljpu/3+9,10.82086036541548,39.54274261198607,15.928373188316254
2170200,bA2tJJsSFg7ZCsjBt1GRLiDzdqrM8po/vCebEme4QPhRKxb69KMCVL1Lljpu/3+9,5.400856025597817,42.83889625705058,12.19869763874208
2170500,bA2tJJsSFg7ZCsjBt1GRLiDzdqrM8po/vCebEme4QPhRKxb69KMCVL1Lljpu/3+9,5.169993114941554,22.1073593019155,7.670536031797007
2170800,bA2tJJsSFg7ZCsjBt1GRLiDzdqrM8po/vCebEme4QPhRKxb69KMCVL1Lljpu/3+9,5.204191576360663,10.511835985518523,6.320355890496101
2171100,bA2tJJsSFg7ZCsjBt1GRLiDzdqrM8po/vCebEme4QPhRKxb69KMCVL1Lljpu/3+9,5.247644055622359,23.32639305529217,10.332315373807056
2171400,bA2tJJsSFg7ZCsjBt1GRLiDzdqrM8po/vCebEme4QPhRKxb69KMCVL1Lljpu/3+9,5.253346544851669,40.84443861454936,12.172436253128373
2171700,bA2tJJsSFg7ZCsjBt1GRLiDzdqrM8po/vCebEme4QPhRKxb69KMCVL1Lljpu/3+9,5.325407384437791,17.297335908552718,7.094970152962088
2172000,bA2tJJsSFg7ZCsjBt1GRLiDzdqrM8po/vCebEme4QPhRKxb69KMCVL1Lljpu/3+9,5.3110170357887965,10.824098211521886,7.120545454973502
2172300,bA2tJJsSFg7ZCsjBt1GRLiDzdqrM8po/vCebEme4QPhRKxb69KMCVL1Lljpu/3+9,5.449225715058301,28.874006945218067,8.95986358357099
2172600,bA2tJJsSFg7ZCsjBt1GRLiDzdqrM8po/vCebEme4QPhRKxb69KMCVL1Lljpu/3+9,5.694316064086555,38.54256151245978,13.852452198486706
2172900,bA2tJJsSFg7ZCsjBt1GRLiDzdqrM8po/vCebEme4QPhRKxb69KMCVL1Lljpu/3+9,5.205475889906179,7.941538411802112,6.015144762475565
2173200,bA2tJJsSFg7ZCsjBt1GRLiDzdqrM8po/vCebEme4QPhRKxb69KMCVL1Lljpu/3+9,5.380281453145212,21.389501180370697,7.862903601040823
2173500,bA2tJJsSFg7ZCsjBt1GRLiDzdqrM8po/vCebEme4QPhRKxb69KMCVL1Lljpu/3+9,5.285084589097028,27.51783197846493,9.58487932023506
2173800,bA2tJJsSFg7ZCsjBt1GRLiDzdqrM8po/vCebEme4QPhRKxb69KMCVL1Lljpu/3+9,5.6587748439530365,36.63627500116929,13.761429501347276
2174100,bA2tJJsSFg7ZCsjBt1GRLiDzdqrM8po/vCebEme4QPhRKxb69KMCVL1Lljpu/3+9,5.273331042209054,8.088054913118485,6.032442423766179
2174400,bA2tJJsSFg7ZCsjBt1GRLiDzdqrM8po/vCebEme4QPhRKxb69KMCVL1Lljpu/3+9,5.300163646255377,21.003578347227275,8.002157411298116
2174700,bA2tJJsSFg7ZCsjBt1GRLiDzdqrM8po/vCebEme4QPhRKxb69KMCVL1Lljpu/3+9,5.179278934784344,34.469088593552165,8.72404912559054
2175000,bA2tJJsSFg7ZCsjBt1GRLiDzdqrM8po/vCebEme4QPhRKxb69KMCVL1Lljpu/3+9,5.493669830166322,34.93988187578986,13.769444559683953
2175300,bA2tJJsSFg7ZCsjBt1GRLiDzdqrM8po/vCebEme4QPhRKxb69KMCVL1Lljpu/3+9,5.2478738509692215,7.840829342041789,5.823604547848048
2175600,bA2tJJsSFg7ZCsjBt1GRLiDzdqrM8po/vCebEme4QPhRKxb69KMCVL1Lljpu/3+9,5.619807649400862,13.536528142691386,8.053436564010445
2175900,bA2tJJsSFg7ZCsjBt1GRLiDzdqrM8po/vCebEme4QPhRKxb69KMCVL1Lljpu/3+9,5.259602150099398,34.75915257488023,8.853820779381728
2176200,bA2tJJsSFg7ZCsjBt1GRLiDzdqrM8po/vCebEme4QPhRKxb69KMCVL1Lljpu/3+9,5.58399241293898,97.92747712534361,40.6842285105165
2176500,bA2tJJsSFg7ZCsjBt1GRLiDzdqrM8po/vCebEme4QPhRKxb69KMCVL1Lljpu/3+9,5.187244869102016,8.15407493970069,6.085246315693467
2176800,bA2tJJsSFg7ZCsjBt1GRLiDzdqrM8po/vCebEme4QPhRKxb69KMCVL1Lljpu/3+9,4.9399225472414585,21.275319392275787,8.121788101874472
2177100,bA2tJJsSFg7ZCsjBt1GRLiDzdqrM8po/vCebEme4QPhRKxb69KMCVL1Lljpu/3+9,5.294860007547508,34.38077388836012,9.07298798351454
2177400,bA2tJJsSFg7ZCsjBt1GRLiDzdqrM8po/vCebEme4QPhRKxb69KMCVL1Lljpu/3+9,5.540771195698692,48.12632046520228,14.122078002193968
2177700,bA2tJJsSFg7ZCsjBt1GRLiDzdqrM8po/vCebEme4QPhRKxb69KMCVL1Lljpu/3+9,5.135292219388895,8.11617081048385,6.06977550610232
2178000,bA2tJJsSFg7ZCsjBt1GRLiDzdqrM8po/vCebEme4QPhRKxb69KMCVL1Lljpu/3+9,5.0471929502288555,21.620934091577027,7.973425168535616
2178300,bA2tJJsSFg7ZCsjBt1GRLiDzdqrM8po/vCebEme4QPhRKxb69KMCVL1Lljpu/3+9,5.260308599026121,34.54547876679722,8.841863066841972
2178600,bA2tJJsSFg7ZCsjBt1GRLiDzdqrM8po/vCebEme4QPhRKxb69KMCVL1Lljpu/3+9,5.396150421662653,49.85277732113119,14.029785040388091
2178900,bA2tJJsSFg7ZCsjBt1GRLiDzdqrM8po/vCebEme4QPhRKxb69KMCVL1Lljpu/3+9,5.362327143808876,97.85238894038557,25.04487880628597
2179200,bA2tJJsSFg7ZCsjBt1GRLiDzdqrM8po/vCebEme4QPhRKxb69KMCVL1Lljpu/3+9,5.344148211184198,71.95576034914215,16.343825673718737
2179500,bA2tJJsSFg7ZCsjBt1GRLiDzdqrM8po/vCebEme4QPhRKxb69KMCVL1Lljpu/3+9,5.7250895959518715,97.564463143498,33.761210925699245
2179800,bA2tJJsSFg7ZCsjBt1GRLiDzdqrM8po/vCebEme4QPhRKxb69KMCVL1Lljpu/3+9,6.119934868842863,97.82090152018036,42.91540690420906
2180100,bA2tJJsSFg7ZCsjBt1GRLiDzdqrM8po/vCebEme4QPhRKxb69KMCVL1Lljpu/3+9,5.5746709005526505,9.371303245564464,6.813077084841924
2180400,bA2tJJsSFg7ZCsjBt1GRLiDzdqrM8po/vCebEme4QPhRKxb69KMCVL1Lljpu/3+9,5.371560927287655,22.58753438022432,8.140361513332312
2180700,bA2tJJsSFg7ZCsjBt1GRLiDzdqrM8po/vCebEme4QPhRKxb69KMCVL1Lljpu/3+9,5.702118273353044,35.03876388963589,9.343718840133326
2181000,bA2tJJsSFg7ZCsjBt1GRLiDzdqrM8po/vCebEme4QPhRKxb69KMCVL1Lljpu/3+9,5.652525726780897,44.58569988547048,14.649180753259696
2181300,bA2tJJsSFg7ZCsjBt1GRLiDzdqrM8po/vCebEme4QPhRKxb69KMCVL1Lljpu/3+9,5.439310241517226,97.7665645965157,24.64865331390449
2181600,bA2tJJsSFg7ZCsjBt1GRLiDzdqrM8po/vCebEme4QPhRKxb69KMCVL1Lljpu/3+9,5.263875678804522,78.90035027282242,15.048560980162929
2181900,bA2tJJsSFg7ZCsjBt1GRLiDzdqrM8po/vCebEme4QPhRKxb69KMCVL1Lljpu/3+9,5.422475000351908,20.28872245233657,9.315700631895297
2182200,bA2tJJsSFg7ZCsjBt1GRLiDzdqrM8po/vCebEme4QPhRKxb69KMCVL1Lljpu/3+9,5.78099021350888,40.909726269736105,13.634488801550336
2182500,bA2tJJsSFg7ZCsjBt1GRLiDzdqrM8po/vCebEme4QPhRKxb69KMCVL1Lljpu/3+9,5.257081606089304,9.195510214907099,6.335697446899861
2182800,bA2tJJsSFg7ZCsjBt1GRLiDzdqrM8po/vCebEme4QPhRKxb69KMCVL1Lljpu/3+9,5.175114287746787,22.99634321164928,7.763577907441699
2183100,bA2tJJsSFg7ZCsjBt1GRLiDzdqrM8po/vCebEme4QPhRKxb69KMCVL1Lljpu/3+9,5.330514023060376,24.273732223090416,9.314347907947225
2183400,bA2tJJsSFg7ZCsjBt1GRLiDzdqrM8po/vCebEme4QPhRKxb69KMCVL1Lljpu/3+9,5.293138261347445,44.09603562803549,14.279326143241189
2183700,bA2tJJsSFg7ZCsjBt1GRLiDzdqrM8po/vCebEme4QPhRKxb69KMCVL1Lljpu/3+9,5.453375854098665,9.455806455240221,6.364638869846121
2184000,bA2tJJsSFg7ZCsjBt1GRLiDzdqrM8po/vCebEme4QPhRKxb69KMCVL1Lljpu/3+9,5.1082245451156165,21.96537289902088,7.575213807841221
2184300,bA2tJJsSFg7ZCsjBt1GRLiDzdqrM8po/vCebEme4QPhRKxb69KMCVL1Lljpu/3+9,5.289660381130083,34.04166807752823,9.103156879144183
2184600,bA2tJJsSFg7ZCsjBt1GRLiDzdqrM8po/vCebEme4QPhRKxb69KMCVL1Lljpu/3+9,5.678379847417961,46.48267036175319,14.401529983396507
2184900,bA2tJJsSFg7ZCsjBt1GRLiDzdqrM8po/vCebEme4QPhRKxb69KMCVL1Lljpu/3+9,5.298836756497184,9.005208938762307,6.465019867363622
2185200,bA2tJJsSFg7ZCsjBt1GRLiDzdqrM8po/vCebEme4QPhRKxb69KMCVL1Lljpu/3+9,5.127203034411116,22.332283371123815,7.623095898399336
2185500,bA2tJJsSFg7ZCsjBt1GRLiDzdqrM8po/vCebEme4QPhRKxb69KMCVL1Lljpu/3+9,5.18045393711845,34.343400806161966,9.129900917723635
2185800,bA2tJJsSFg7ZCsjBt1GRLiDzdqrM8po/vCebEme4QPhRKxb69KMCVL1Lljpu/3+9,5.209606350413153,47.2577359677499,13.487148475874712
2186100,bA2tJJsSFg7ZCsjBt1GRLiDzdqrM8po/vCebEme4QPhRKxb69KMCVL1Lljpu/3+9,5.305409447819925,9.480401139401833,6.399319387450812
2186400,bA2tJJsSFg7ZCsjBt1GRLiDzdqrM8po/vCebEme4QPhRKxb69KMCVL1Lljpu/3+9,5.4193965015533525,22.40494390447247,7.70286965223216
2186700,bA2tJJsSFg7ZCsjBt1GRLiDzdqrM8po/vCebEme4QPhRKxb69KMCVL1Lljpu/3+9,5.529380314130608,30.393182037064257,9.38535154186102
2187000,bA2tJJsSFg7ZCsjBt1GRLiDzdqrM8po/vCebEme4QPhRKxb69KMCVL1Lljpu/3+9,5.889213162706193,79.6898459069981,22.993871106884743
2187300,bA2tJJsSFg7ZCsjBt1GRLiDzdqrM8po/vCebEme4QPhRKxb69KMCVL1Lljpu/3+9,5.229916480491696,9.562939900075207,6.5564461298591965
2187600,bA2tJJsSFg7ZCsjBt1GRLiDzdqrM8po/vCebEme4QPhRKxb69KMCVL1Lljpu/3+9,5.26044280499938,23.00618961619393,8.253847028054377
2187900,bA2tJJsSFg7ZCsjBt1GRLiDzdqrM8po/vCebEme4QPhRKxb69KMCVL1Lljpu/3+9,5.450705519060183,34.75650789612838,9.702345632349049
2188200,bA2tJJsSFg7ZCsjBt1GRLiDzdqrM8po/vCebEme4QPhRKxb69KMCVL1Lljpu/3+9,5.272834621363041,50.995386040587725,14.743292886515125
2188500,bA2tJJsSFg7ZCsjBt1GRLiDzdqrM8po/vCebEme4QPhRKxb69KMCVL1Lljpu/3+9,5.303013238631595,9.545922158872663,6.533306309791464
2188800,bA2tJJsSFg7ZCsjBt1GRLiDzdqrM8po/vCebEme4QPhRKxb69KMCVL1Lljpu/3+9,5.135955566028205,19.962825674537434,7.787569174197544
2189100,bA2tJJsSFg7ZCsjBt1GRLiDzdqrM8po/vCebEme4QPhRKxb69KMCVL1Lljpu/3+9,5.351647288497756,34.26897949848006,9.141926919325455
2189400,bA2tJJsSFg7ZCsjBt1GRLiDzdqrM8po/vCebEme4QPhRKxb69KMCVL1Lljpu/3+9,5.356820481456768,50.995375959906255,13.732164324090125
2189700,bA2tJJsSFg7ZCsjBt1GRLiDzdqrM8po/vCebEme4QPhRKxb69KMCVL1Lljpu/3+9,5.3008713844422,12.589685159592364,7.63294681745092
2190000,bA2tJJsSFg7ZCsjBt1GRLiDzdqrM8po/vCebEme4QPhRKxb69KMCVL1Lljpu/3+9,5.122882941712083,22.67188695018809,9.29313041388781
2190300,bA2tJJsSFg7ZCsjBt1GRLiDzdqrM8po/vCebEme4QPhRKxb69KMCVL1Lljpu/3+9,5.193835838456407,31.427091193649023,9.210495190917324
2190600,bA2tJJsSFg7ZCsjBt1GRLiDzdqrM8po/vCebEme4QPhRKxb69KMCVL1Lljpu/3+9,5.279425375564217,52.199139511912975,13.433012883319051
2190900,bA2tJJsSFg7ZCsjBt1GRLiDzdqrM8po/vCebEme4QPhRKxb69KMCVL1Lljpu/3+9,5.219431793717608,8.934226058802484,6.337482532154461
2191200,bA2tJJsSFg7ZCsjBt1GRLiDzdqrM8po/vCebEme4QPhRKxb69KMCVL1Lljpu/3+9,5.147616768531478,22.911891934069413,7.64209498795344
2191500,bA2tJJsSFg7ZCsjBt1GRLiDzdqrM8po/vCebEme4QPhRKxb69KMCVL1Lljpu/3+9,5.270270981522508,22.00438070261515,9.128666251613296
2191800,bA2tJJsSFg7ZCsjBt1GRLiDzdqrM8po/vCebEme4QPhRKxb69KMCVL1Lljpu/3+9,5.224532652604817,53.98502869104227,14.236847570318185
2192100,bA2tJJsSFg7ZCsjBt1GRLiDzdqrM8po/vCebEme4QPhRKxb69KMCVL1Lljpu/3+9,5.305835503028647,9.319107883564051,6.38772195435525
2192400,bA2tJJsSFg7ZCsjBt1GRLiDzdqrM8po/vCebEme4QPhRKxb69KMCVL1Lljpu/3+9,5.2013442026824,15.174752300654124,7.559777311536218
2192700,bA2tJJsSFg7ZCsjBt1GRLiDzdqrM8po/vCebEme4QPhRKxb69KMCVL1Lljpu/3+9,5.229752406655301,34.412612864434024,9.09590196034359
2193000,bA2tJJsSFg7ZCsjBt1GRLiDzdqrM8po/vCebEme4QPhRKxb69KMCVL1Lljpu/3+9,5.136208802866118,57.03920098495852,13.326969967568006
2193300,bA2tJJsSFg7ZCsjBt1GRLiDzdqrM8po/vCebEme4QPhRKxb69KMCVL1Lljpu/3+9,5.126341329249338,9.652498880798563,6.2495962547288855
2193600,bA2tJJsSFg7ZCsjBt1GRLiDzdqrM8po/vCebEme4QPhRKxb69KMCVL1Lljpu/3+9,5.000207751126764,23.294272139111467,7.6370249406813615
2193900,bA2tJJsSFg7ZCsjBt1GRLiDzdqrM8po/vCebEme4QPhRKxb69KMCVL1Lljpu/3+9,5.301987198007796,34.01293931061057,9.161834288727809
2194200,bA2tJJsSFg7ZCsjBt1GRLiDzdqrM8po/vCebEme4QPhRKxb69KMCVL1Lljpu/3+9,5.085859677913708,63.4534805693891,13.352140362527086
2194500,bA2tJJsSFg7ZCsjBt1GRLiDzdqrM8po/vCebEme4QPhRKxb69KMCVL1Lljpu/3+9,5.221762440049807,9.113407614636278,6.3130335814593606
2194800,bA2tJJsSFg7ZCsjBt1GRLiDzdqrM8po/vCebEme4QPhRKxb69KMCVL1Lljpu/3+9,5.172672737182264,22.75350980818062,7.484596519259537
2195100,bA2tJJsSFg7ZCsjBt1GRLiDzdqrM8po/vCebEme4QPhRKxb69KMCVL1Lljpu/3+9,5.220960260612068,34.15228206960856,9.051632365619191
2195400,bA2tJJsSFg7ZCsjBt1GRLiDzdqrM8po/vCebEme4QPhRKxb69KMCVL1Lljpu/3+9,5.029906851739652,61.87792025348462,14.597888235902436
2195700,bA2tJJsSFg7ZCsjBt1GRLiDzdqrM8po/vCebEme4QPhRKxb69KMCVL1Lljpu/3+9,5.233358797644216,8.839440418558834,6.415371211869445
2196000,bA2tJJsSFg7ZCsjBt1GRLiDzdqrM8po/vCebEme4QPhRKxb69KMCVL1Lljpu/3+9,5.231563437687728,18.92420465446055,7.510199835600032
2196300,bA2tJJsSFg7ZCsjBt1GRLiDzdqrM8po/vCebEme4QPhRKxb69KMCVL1Lljpu/3+9,5.230310568042411,32.05127149359366,9.08394684549867
2196600,bA2tJJsSFg7ZCsjBt1GRLiDzdqrM8po/vCebEme4QPhRKxb69KMCVL1Lljpu/3+9,5.141535465800455,62.978854656569354,13.372130966487392
2196900,bA2tJJsSFg7ZCsjBt1GRLiDzdqrM8po/vCebEme4QPhRKxb69KMCVL1Lljpu/3+9,5.310225317612575,9.436869247181784,6.414685944770457
2197200,bA2tJJsSFg7ZCsjBt1GRLiDzdqrM8po/vCebEme4QPhRKxb69KMCVL1Lljpu/3+9,5.158285148319185,21.873722261183573,7.604688164426855
2197500,bA2tJJsSFg7ZCsjBt1GRLiDzdqrM8po/vCebEme4QPhRKxb69KMCVL1Lljpu/3+9,5.486606276856556,30.42997811512792,9.280136039780878
2197800,bA2tJJsSFg7ZCsjBt1GRLiDzdqrM8po/vCebEme4QPhRKxb69KMCVL1Lljpu/3+9,5.065366420973232,60.36349019435063,13.212642039026557
2198100,bA2tJJsSFg7ZCsjBt1GRLiDzdqrM8po/vCebEme4QPhRKxb69KMCVL1Lljpu/3+9,5.371230709633752,9.32020140093075,6.422106958743839
2198400,bA2tJJsSFg7ZCsjBt1GRLiDzdqrM8po/vCebEme4QPhRKxb69KMCVL1Lljpu/3+9,5.186256855516351,21.870518202468247,7.566085041467603
2198700,bA2tJJsSFg7ZCsjBt1GRLiDzdqrM8po/vCebEme4QPhRKxb69KMCVL1Lljpu/3+9,5.4999015563556215,37.736227350962935,9.551074692324867
2199000,bA2tJJsSFg7ZCsjBt1GRLiDzdqrM8po/vCebEme4QPhRKxb69KMCVL1Lljpu/3+9,11.726974953380532,60.533647497849294,19.691227548736983
2199300,bA2tJJsSFg7ZCsjBt1GRLiDzdqrM8po/vCebEme4QPhRKxb69KMCVL1Lljpu/3+9,11.047099579100196,16.035729016316026,12.766809114850767
2199600,bA2tJJsSFg7ZCsjBt1GRLiDzdqrM8po/vCebEme4QPhRKxb69KMCVL1Lljpu/3+9,5.187673285189678,22.61600405647128,9.033569551143753
2199900,bA2tJJsSFg7ZCsjBt1GRLiDzdqrM8po/vCebEme4QPhRKxb69KMCVL1Lljpu/3+9,5.30658567579904,35.53851956603906,9.159553245356909
2200200,bA2tJJsSFg7ZCsjBt1GRLiDzdqrM8po/vCebEme4QPhRKxb69KMCVL1Lljpu/3+9,5.282209302379972,50.90213200075031,13.483828251006583
2200500,bA2tJJsSFg7ZCsjBt1GRLiDzdqrM8po/vCebEme4QPhRKxb69KMCVL1Lljpu/3+9,5.297824921029473,9.140402226557102,6.455218517919433
2200800,bA2tJJsSFg7ZCsjBt1GRLiDzdqrM8po/vCebEme4QPhRKxb69KMCVL1Lljpu/3+9,4.9841479916316445,22.8502962498967,8.488973062253963
2201100,bA2tJJsSFg7ZCsjBt1GRLiDzdqrM8po/vCebEme4QPhRKxb69KMCVL1Lljpu/3+9,5.305182716770512,34.366592328176296,9.559477300643794
2201400,bA2tJJsSFg7ZCsjBt1GRLiDzdqrM8po/vCebEme4QPhRKxb69KMCVL1Lljpu/3+9,5.212663092048499,46.76422987999136,13.240767093750646
2201700,bA2tJJsSFg7ZCsjBt1GRLiDzdqrM8po/vCebEme4QPhRKxb69KMCVL1Lljpu/3+9,5.49923057087645,13.179810478412886,8.387514644253791
2202000,bA2tJJsSFg7ZCsjBt1GRLiDzdqrM8po/vCebEme4QPhRKxb69KMCVL1Lljpu/3+9,5.066682315610428,22.715086122646344,8.493299501717592
2202300,bA2tJJsSFg7ZCsjBt1GRLiDzdqrM8po/vCebEme4QPhRKxb69KMCVL1Lljpu/3+9,5.51792979587233,37.98115265519739,9.54018551483469
2202600,bA2tJJsSFg7ZCsjBt1GRLiDzdqrM8po/vCebEme4QPhRKxb69KMCVL1Lljpu/3+9,5.3058249454513,44.0559882916476,12.961503871210557
2202900,bA2tJJsSFg7ZCsjBt1GRLiDzdqrM8po/vCebEme4QPhRKxb69KMCVL1Lljpu/3+9,7.576669911702012,14.585435120119714,11.055960884735804
2203200,bA2tJJsSFg7ZCsjBt1GRLiDzdqrM8po/vCebEme4QPhRKxb69KMCVL1Lljpu/3+9,5.326590331596389,7.179628790380433,6.047205610466777
2203500,bA2tJJsSFg7ZCsjBt1GRLiDzdqrM8po/vCebEme4QPhRKxb69KMCVL1Lljpu/3+9,5.291877422257184,29.98799508687896,10.932654035350884
2203800,bA2tJJsSFg7ZCsjBt1GRLiDzdqrM8po/vCebEme4QPhRKxb69KMCVL1Lljpu/3+9,5.269526146515836,41.625021974710414,11.919443675489845
2204100,bA2tJJsSFg7ZCsjBt1GRLiDzdqrM8po/vCebEme4QPhRKxb69KMCVL1Lljpu/3+9,5.197338442345483,21.202351583487808,7.98719088879204
2204400,bA2tJJsSFg7ZCsjBt1GRLiDzdqrM8po/vCebEme4QPhRKxb69KMCVL1Lljpu/3+9,5.119158614097604,11.117934445345448,6.875334001290926
2204700,bA2tJJsSFg7ZCsjBt1GRLiDzdqrM8po/vCebEme4QPhRKxb69KMCVL1Lljpu/3+9,5.660712565257779,29.24389270219292,12.663646233944984
2205000,bA2tJJsSFg7ZCsjBt1GRLiDzdqrM8po/vCebEme4QPhRKxb69KMCVL1Lljpu/3+9,5.283868001228011,35.39686468781434,11.660259710126187
2205300,bA2tJJsSFg7ZCsjBt1GRLiDzdqrM8po/vCebEme4QPhRKxb69KMCVL1Lljpu/3+9,5.21522802506677,21.59013825793072,8.033917223111553
2205600,bA2tJJsSFg7ZCsjBt1GRLiDzdqrM8po/vCebEme4QPhRKxb69KMCVL1Lljpu/3+9,5.281474090374102,13.561155780323702,8.684082410099862
2205900,bA2tJJsSFg7ZCsjBt1GRLiDzdqrM8po/vCebEme4QPhRKxb69KMCVL1Lljpu/3+9,5.230602134671324,38.559881905601785,10.785581001694922
2206200,bA2tJJsSFg7ZCsjBt1GRLiDzdqrM8po/vCebEme4QPhRKxb69KMCVL1Lljpu/3+9,5.264139189519941,42.00401072378456,11.88267095803582
2206500,bA2tJJsSFg7ZCsjBt1GRLiDzdqrM8po/vCebEme4QPhRKxb69KMCVL1Lljpu/3+9,5.751527870126796,14.746677543252884,9.071574857371564
2206800,bA2tJJsSFg7ZCsjBt1GRLiDzdqrM8po/vCebEme4QPhRKxb69KMCVL1Lljpu/3+9,5.063183679270349,12.793382915697151,7.798279763681955
2207100,bA2tJJsSFg7ZCsjBt1GRLiDzdqrM8po/vCebEme4QPhRKxb69KMCVL1Lljpu/3+9,5.188154464540044,39.06618679689133,11.633598147572426
2207400,bA2tJJsSFg7ZCsjBt1GRLiDzdqrM8po/vCebEme4QPhRKxb69KMCVL1Lljpu/3+9,5.578747030602143,43.29157723940894,12.599729884584212
2207700,bA2tJJsSFg7ZCsjBt1GRLiDzdqrM8po/vCebEme4QPhRKxb69KMCVL1Lljpu/3+9,6.33740241259012,73.5084444347403,22.327649431794583
2208000,bA2tJJsSFg7ZCsjBt1GRLiDzdqrM8po/vCebEme4QPhRKxb69KMCVL1Lljpu/3+9,6.012033106422867,8.508756508605497,6.850510323880107
2208300,bA2tJJsSFg7ZCsjBt1GRLiDzdqrM8po/vCebEme4QPhRKxb69KMCVL1Lljpu/3+9,5.900111565821176,86.19320346162883,26.492470674190454
2208600,bA2tJJsSFg7ZCsjBt1GRLiDzdqrM8po/vCebEme4QPhRKxb69KMCVL1Lljpu/3+9,5.895744703375954,85.913994541239,24.77597234127147
2208900,bA2tJJsSFg7ZCsjBt1GRLiDzdqrM8po/vCebEme4QPhRKxb69KMCVL1Lljpu/3+9,6.03124980762598,17.361334291689133,8.97792363341182
2209200,bA2tJJsSFg7ZCsjBt1GRLiDzdqrM8po/vCebEme4QPhRKxb69KMCVL1Lljpu/3+9,5.952109898578179,7.962078403808331,6.81113921499836
2209500,bA2tJJsSFg7ZCsjBt1GRLiDzdqrM8po/vCebEme4QPhRKxb69KMCVL1Lljpu/3+9,6.012069917671251,22.45022212956904,11.528703709287322
2209800,bA2tJJsSFg7ZCsjBt1GRLiDzdqrM8po/vCebEme4QPhRKxb69KMCVL1Lljpu/3+9,5.771026709824169,50.290012245879055,12.562180082645424
2210100,bA2tJJsSFg7ZCsjBt1GRLiDzdqrM8po/vCebEme4QPhRKxb69KMCVL1Lljpu/3+9,5.708193923167074,22.263067613688865,9.49699147596903
2210400,bA2tJJsSFg7ZCsjBt1GRLiDzdqrM8po/vCebEme4QPhRKxb69KMCVL1Lljpu/3+9,5.695791653279616,7.98663886166161,6.544030252820289
2210700,bA2tJJsSFg7ZCsjBt1GRLiDzdqrM8po/vCebEme4QPhRKxb69KMCVL1Lljpu/3+9,5.665318637272117,34.99045782497615,11.197897855570922
2211000,bA2tJJsSFg7ZCsjBt1GRLiDzdqrM8po/vCebEme4QPhRKxb69KMCVL1Lljpu/3+9,5.574174833418876,52.0477986892991,12.243574635704768
2211300,bA2tJJsSFg7ZCsjBt1GRLiDzdqrM8po/vCebEme4QPhRKxb69KMCVL1Lljpu/3+9,5.6825287384114045,22.13713869567068,8.372528004755614
2211600,bA2tJJsSFg7ZCsjBt1GRLiDzdqrM8po/vCebEme4QPhRKxb69KMCVL1Lljpu/3+9,5.549039912612328,7.787108658010192,6.613736378257832
2211900,bA2tJJsSFg7ZCsjBt1GRLiDzdqrM8po/vCebEme4QPhRKxb69KMCVL1Lljpu/3+9,5.65508809133798,35.25552772315537,11.921100812273492
2212200,bA2tJJsSFg7ZCsjBt1GRLiDzdqrM8po/vCebEme4QPhRKxb69KMCVL1Lljpu/3+9,5.638571339222081,59.33479156260504,12.337891645484564
2212500,bA2tJJsSFg7ZCsjBt1GRLiDzdqrM8po/vCebEme4QPhRKxb69KMCVL1Lljpu/3+9,5.654185939935779,22.1820941489926,8.47599603618051
2212800,bA2tJJsSFg7ZCsjBt1GRLiDzdqrM8po/vCebEme4QPhRKxb69KMCVL1Lljpu/3+9,5.643649869262145,7.724982221838765,6.551692191897704
2213100,bA2tJJsSFg7ZCsjBt1GRLiDzdqrM8po/vCebEme4QPhRKxb69KMCVL1Lljpu/3+9,5.745834911275412,35.118906251369665,11.237205158364148
2213400,bA2tJJsSFg7ZCsjBt1GRLiDzdqrM8po/vCebEme4QPhRKxb69KMCVL1Lljpu/3+9,5.640411791859493,61.26275055686732,12.39718089125355
2213700,bA2tJJsSFg7ZCsjBt1GRLiDzdqrM8po/vCebEme4QPhRKxb69KMCVL1Lljpu/3+9,5.891025234345246,22.38125652515223,9.588060689361104
2214000,bA2tJJsSFg7ZCsjBt1GRLiDzdqrM8po/vCebEme4QPhRKxb69KMCVL1Lljpu/3+9,5.718711352245993,8.2633310284818,6.609632382126708
2214300,bA2tJJsSFg7ZCsjBt1GRLiDzdqrM8po/vCebEme4QPhRKxb69KMCVL1Lljpu/3+9,5.60653595835317,27.615085324145195,11.41131612271336
2214600,bA2tJJsSFg7ZCsjBt1GRLiDzdqrM8po/vCebEme4QPhRKxb69KMCVL1Lljpu/3+9,5.766363229381141,63.241659935763984,12.423292353592933
2214900,bA2tJJsSFg7ZCsjBt1GRLiDzdqrM8po/vCebEme4QPhRKxb69KMCVL1Lljpu/3+9,5.884473861386592,22.42471786882597,8.600805243684471
2215200,bA2tJJsSFg7ZCsjBt1GRLiDzdqrM8po/vCebEme4QPhRKxb69KMCVL1Lljpu/3+9,5.5546365478297925,8.66747214044059,6.589645599393272
2215500,bA2tJJsSFg7ZCsjBt1GRLiDzdqrM8po/vCebEme4QPhRKxb69KMCVL1Lljpu/3+9,5.904179310321012,41.220039507564216,11.422789586403765
2215800,bA2tJJsSFg7ZCsjBt1GRLiDzdqrM8po/vCebEme4QPhRKxb69KMCVL1Lljpu/3+9,5.866650931608012,63.06401297053351,12.30038819173436
2216100,bA2tJJsSFg7ZCsjBt1GRLiDzdqrM8po/vCebEme4QPhRKxb69KMCVL1Lljpu/3+9,5.675022989588859,24.52929547238113,9.119060251014751
2216400,bA2tJJsSFg7ZCsjBt1GRLiDzdqrM8po/vCebEme4QPhRKxb69KMCVL1Lljpu/3+9,5.69318464890561,8.60036551129264,6.606473012065544
2216700,bA2tJJsSFg7ZCsjBt1GRLiDzdqrM8po/vCebEme4QPhRKxb69KMCVL1Lljpu/3+9,5.732823594529677,52.46843646996453,11.529697633248947
2217000,bA2tJJsSFg7ZCsjBt1GRLiDzdqrM8po/vCebEme4QPhRKxb69KMCVL1Lljpu/3+9,5.728100199347938,62.850793570148525,12.355792520560671
2217300,bA2tJJsSFg7ZCsjBt1GRLiDzdqrM8po/vCebEme4QPhRKxb69KMCVL1Lljpu/3+9,5.604050660025052,22.292997212303614,8.89415781635453
2217600,bA2tJJsSFg7ZCsjBt1GRLiDzdqrM8po/vCebEme4QPhRKxb69KMCVL1Lljpu/3+9,5.448267911976563,10.146261213840056,6.776301965099818
2217900,bA2tJJsSFg7ZCsjBt1GRLiDzdqrM8po/vCebEme4QPhRKxb69KMCVL1Lljpu/3+9,5.4735014273844,41.48646775476048,11.228641697510938
2218200,bA2tJJsSFg7ZCsjBt1GRLiDzdqrM8po/vCebEme4QPhRKxb69KMCVL1Lljpu/3+9,5.526289097372771,63.59480325775427,12.244599937019508
2218500,bA2tJJsSFg7ZCsjBt1GRLiDzdqrM8po/vCebEme4QPhRKxb69KMCVL1Lljpu/3+9,5.408469568119234,22.279749941465223,8.192918849943796
2218800,bA2tJJsSFg7ZCsjBt1GRLiDzdqrM8po/vCebEme4QPhRKxb69KMCVL1Lljpu/3+9,5.446099054378204,8.92717221799538,6.37628987307818
2219100,bA2tJJsSFg7ZCsjBt1GRLiDzdqrM8po/vCebEme4QPhRKxb69KMCVL1Lljpu/3+9,5.299767992738781,35.12686380972478,11.242852031388567
2219400,bA2tJJsSFg7ZCsjBt1GRLiDzdqrM8po/vCebEme4QPhRKxb69KMCVL1Lljpu/3+9,5.383686738262671,63.036946246053645,12.102244040982834
2219700,bA2tJJsSFg7ZCsjBt1GRLiDzdqrM8po/vCebEme4QPhRKxb69KMCVL1Lljpu/3+9,5.274296292402242,22.17529137627259,8.44012355448671
2220000,bA2tJJsSFg7ZCsjBt1GRLiDzdqrM8po/vCebEme4QPhRKxb69KMCVL1Lljpu/3+9,5.454378029869312,8.39192730936777,6.378364635172141
2220300,bA2tJJsSFg7ZCsjBt1GRLiDzdqrM8po/vCebEme4QPhRKxb69KMCVL1Lljpu/3+9,5.436314184244838,34.61830039156502,11.62184807777868
2220600,bA2tJJsSFg7ZCsjBt1GRLiDzdqrM8po/vCebEme4QPhRKxb69KMCVL1Lljpu/3+9,5.344411965430676,61.860601071676165,12.0427094702124
2220900,bA2tJJsSFg7ZCsjBt1GRLiDzdqrM8po/vCebEme4QPhRKxb69KMCVL1Lljpu/3+9,5.468860645097145,22.52940418188009,8.393367107807634
2221200,bA2tJJsSFg7ZCsjBt1GRLiDzdqrM8po/vCebEme4QPhRKxb69KMCVL1Lljpu/3+9,5.29430941583662,10.836341435611716,7.04620979220534
2221500,bA2tJJsSFg7ZCsjBt1GRLiDzdqrM8po/vCebEme4QPhRKxb69KMCVL1Lljpu/3+9,5.512531432077015,35.26802890210924,11.09869321920666
2221800,bA2tJJsSFg7ZCsjBt1GRLiDzdqrM8po/vCebEme4QPhRKxb69KMCVL1Lljpu/3+9,5.587273656575694,59.25945743781518,12.369079178902512
2222100,bA2tJJsSFg7ZCsjBt1GRLiDzdqrM8po/vCebEme4QPhRKxb69KMCVL1Lljpu/3+9,5.380502769516707,23.20730241621176,8.34943688147816
2222400,bA2tJJsSFg7ZCsjBt1GRLiDzdqrM8po/vCebEme4QPhRKxb69KMCVL1Lljpu/3+9,5.507883671009383,8.497463307668262,6.348790289237964
2222700,bA2tJJsSFg7ZCsjBt1GRLiDzdqrM8po/vCebEme4QPhRKxb69KMCVL1Lljpu/3+9,5.57034855600136,34.601412266023445,11.259491241815205
2223000,bA2tJJsSFg7ZCsjBt1GRLiDzdqrM8po/vCebEme4QPhRKxb69KMCVL1Lljpu/3+9,5.537940850504144,56.836633981412845,12.101459646611913
2223300,bA2tJJsSFg7ZCsjBt1GRLiDzdqrM8po/vCebEme4QPhRKxb69KMCVL1Lljpu/3+9,5.457686158190273,23.254521709996936,8.460917482753517
2223600,bA2tJJsSFg7ZCsjBt1GRLiDzdqrM8po/vCebEme4QPhRKxb69KMCVL1Lljpu/3+9,5.562979423316508,7.410870479875755,6.410586339173147
2223900,bA2tJJsSFg7ZCsjBt1GRLiDzdqrM8po/vCebEme4QPhRKxb69KMCVL1Lljpu/3+9,5.543285819873485,34.941540268102,11.710754450149013
2224200,bA2tJJsSFg7ZCsjBt1GRLiDzdqrM8po/vCebEme4QPhRKxb69KMCVL1Lljpu/3+9,5.413955334025601,49.96283583813008,12.034805199731576
2224500,bA2tJJsSFg7ZCsjBt1GRLiDzdqrM8po/vCebEme4QPhRKxb69KMCVL1Lljpu/3+9,5.467073188778601,19.544582972817683,8.511724085556214
2224800,bA2tJJsSFg7ZCsjBt1GRLiDzdqrM8po/vCebEme4QPhRKxb69KMCVL1Lljpu/3+9,5.687401472162775,10.775242158418614,7.152988766215984
2225100,bA2tJJsSFg7ZCsjBt1GRLiDzdqrM8po/vCebEme4QPhRKxb69KMCVL1Lljpu/3+9,5.440018956508901,35.15908652677167,11.091937693671216
2225400,bA2tJJsSFg7ZCsjBt1GRLiDzdqrM8po/vCebEme4QPhRKxb69KMCVL1Lljpu/3+9,5.799889964872575,41.71821262464613,12.127134244429168
2225700,bA2tJJsSFg7ZCsjBt1GRLiDzdqrM8po/vCebEme4QPhRKxb69KMCVL1Lljpu/3+9,5.224596387420763,23.46534737555432,8.178290479542834
2226000,bA2tJJsSFg7ZCsjBt1GRLiDzdqrM8po/vCebEme4QPhRKxb69KMCVL1Lljpu/3+9,5.517284684602262,7.911592475066225,6.400397114807816
2226300,bA2tJJsSFg7ZCsjBt1GRLiDzdqrM8po/vCebEme4QPhRKxb69KMCVL1Lljpu/3+9,5.383508568493334,35.00869146475186,11.034450093697693
2226600,bA2tJJsSFg7ZCsjBt1GRLiDzdqrM8po/vCebEme4QPhRKxb69KMCVL1Lljpu/3+9,5.463361810712378,42.239307889673256,12.12594599464824
2226900,bA2tJJsSFg7ZCsjBt1GRLiDzdqrM8po/vCebEme4QPhRKxb69KMCVL1Lljpu/3+9,5.416428528943809,23.43849109663185,8.28645511807632
2227200,bA2tJJsSFg7ZCsjBt1GRLiDzdqrM8po/vCebEme4QPhRKxb69KMCVL1Lljpu/3+9,5.419221823851819,7.676158280853385,6.4248613743512015
2227500,bA2tJJsSFg7ZCsjBt1GRLiDzdqrM8po/vCebEme4QPhRKxb69KMCVL1Lljpu/3+9,5.662076098666248,36.688870931817135,11.442399663145531
2227800,bA2tJJsSFg7ZCsjBt1GRLiDzdqrM8po/vCebEme4QPhRKxb69KMCVL1Lljpu/3+9,5.369407511777273,39.575013626994256,12.142603579805025
2228100,bA2tJJsSFg7ZCsjBt1GRLiDzdqrM8po/vCebEme4QPhRKxb69KMCVL1Lljpu/3+9,5.457891682179558,18.27480770656522,8.752729915150413
2228400,bA2tJJsSFg7ZCsjBt1GRLiDzdqrM8po/vCebEme4QPhRKxb69KMCVL1Lljpu/3+9,6.257511733142357,15.073272099760434,11.888115522229327
2228700,bA2tJJsSFg7ZCsjBt1GRLiDzdqrM8po/vCebEme4QPhRKxb69KMCVL1Lljpu/3+9,11.852361711468212,41.41490510858319,17.967195967752716
2229000,bA2tJJsSFg7ZCsjBt1GRLiDzdqrM8po/vCebEme4QPhRKxb69KMCVL1Lljpu/3+9,6.482564813030073,38.35383364441217,14.499648648697349
2229300,bA2tJJsSFg7ZCsjBt1GRLiDzdqrM8po/vCebEme4QPhRKxb69KMCVL1Lljpu/3+9,5.509639177322573,26.273082953043858,8.465813259885417
2229600,bA2tJJsSFg7ZCsjBt1GRLiDzdqrM8po/vCebEme4QPhRKxb69KMCVL1Lljpu/3+9,5.383898609634211,8.290548087630834,6.445791784636373
2229900,bA2tJJsSFg7ZCsjBt1GRLiDzdqrM8po/vCebEme4QPhRKxb69KMCVL1Lljpu/3+9,5.4002469582210715,35.192743792571314,11.25925694720716
2230200,bA2tJJsSFg7ZCsjBt1GRLiDzdqrM8po/vCebEme4QPhRKxb69KMCVL1Lljpu/3+9,5.46097393948298,35.348026973785004,12.13779040667792
2230500,bA2tJJsSFg7ZCsjBt1GRLiDzdqrM8po/vCebEme4QPhRKxb69KMCVL1Lljpu/3+9,5.427066002877339,27.02164826857208,8.590473271156421
2230800,bA2tJJsSFg7ZCsjBt1GRLiDzdqrM8po/vCebEme4QPhRKxb69KMCVL1Lljpu/3+9,5.525330692000163,8.472754253826285,6.528195325451542
2231100,bA2tJJsSFg7ZCsjBt1GRLiDzdqrM8po/vCebEme4QPhRKxb69KMCVL1Lljpu/3+9,5.310642646543696,35.796414853825645,11.361607942457224
2231400,bA2tJJsSFg7ZCsjBt1GRLiDzdqrM8po/vCebEme4QPhRKxb69KMCVL1Lljpu/3+9,5.6599755011623065,34.65262737356828,12.202366750735804
2231700,bA2tJJsSFg7ZCsjBt1GRLiDzdqrM8po/vCebEme4QPhRKxb69KMCVL1Lljpu/3+9,5.397615467706672,27.790331100518152,8.790603391249622
2232000,bA2tJJsSFg7ZCsjBt1GRLiDzdqrM8po/vCebEme4QPhRKxb69KMCVL1Lljpu/3+9,5.6574577087455005,10.770513095096788,7.2275664688002434
2232300,bA2tJJsSFg7ZCsjBt1GRLiDzdqrM8po/vCebEme4QPhRKxb69KMCVL1Lljpu/3+9,5.211401238941544,35.13401706348428,11.208080601889325
2232600,bA2tJJsSFg7ZCsjBt1GRLiDzdqrM8po/vCebEme4QPhRKxb69KMCVL1Lljpu/3+9,5.913807703246343,36.171018521707694,12.275199167566829
2232900,bA2tJJsSFg7ZCsjBt1GRLiDzdqrM8po/vCebEme4QPhRKxb69KMCVL1Lljpu/3+9,5.45490538105947,27.114430212336725,8.407189192210403
2233200,bA2tJJsSFg7ZCsjBt1GRLiDzdqrM8po/vCebEme4QPhRKxb69KMCVL1Lljpu/3+9,5.317815023577558,8.479280586736323,6.53147558905635
2233500,bA2tJJsSFg7ZCsjBt1GRLiDzdqrM8po/vCebEme4QPhRKxb69KMCVL1Lljpu/3+9,5.4801089072254205,34.09512316212171,11.48333710194651
2233800,bA2tJJsSFg7ZCsjBt1GRLiDzdqrM8po/vCebEme4QPhRKxb69KMCVL1Lljpu/3+9,5.728427049714547,42.505834451576234,12.314192707391014
2234100,bA2tJJsSFg7ZCsjBt1GRLiDzdqrM8po/vCebEme4QPhRKxb69KMCVL1Lljpu/3+9,5.467791155574842,27.426284595598734,8.491413171275996
2234400,bA2tJJsSFg7ZCsjBt1GRLiDzdqrM8po/vCebEme4QPhRKxb69KMCVL1Lljpu/3+9,5.501264402815664,8.133135251471236,6.432452339479894
2234700,bA2tJJsSFg7ZCsjBt1GRLiDzdqrM8po/vCebEme4QPhRKxb69KMCVL1Lljpu/3+9,5.290597831633972,23.782304678566906,9.6323961033197
2235000,bA2tJJsSFg7ZCsjBt1GRLiDzdqrM8po/vCebEme4QPhRKxb69KMCVL1Lljpu/3+9,5.373151413713227,43.34206605188563,13.931224511953673
2235300,bA2tJJsSFg7ZCsjBt1GRLiDzdqrM8po/vCebEme4QPhRKxb69KMCVL1Lljpu/3+9,5.471507866762951,11.3611474032739,7.135070065886181
2235600,bA2tJJsSFg7ZCsjBt1GRLiDzdqrM8po/vCebEme4QPhRKxb69KMCVL1Lljpu/3+9,5.512119463610374,23.18822592547937,8.997953500456008
2235900,bA2tJJsSFg7ZCsjBt1GRLiDzdqrM8po/vCebEme4QPhRKxb69KMCVL1Lljpu/3+9,5.516405796371782,32.04941903987104,10.233867957091194
2236200,bA2tJJsSFg7ZCsjBt1GRLiDzdqrM8po/vCebEme4QPhRKxb69KMCVL1Lljpu/3+9,5.888899892326898,47.863001820648776,14.098288206352814
2236500,bA2tJJsSFg7ZCsjBt1GRLiDzdqrM8po/vCebEme4QPhRKxb69KMCVL1Lljpu/3+9,5.727970537299539,10.477300989251273,7.0017328468255435
2236800,bA2tJJsSFg7ZCsjBt1GRLiDzdqrM8po/vCebEme4QPhRKxb69KMCVL1Lljpu/3+9,5.401531349953611,23.153221814102825,8.230522632291724
2237100,bA2tJJsSFg7ZCsjBt1GRLiDzdqrM8po/vCebEme4QPhRKxb69KMCVL1Lljpu/3+9,5.609301741117705,23.890204208477098,9.564015852009767
2237400,bA2tJJsSFg7ZCsjBt1GRLiDzdqrM8po/vCebEme4QPhRKxb69KMCVL1Lljpu/3+9,5.524346518645474,51.0348629073412,14.411776929572705
2237700,bA2tJJsSFg7ZCsjBt1GRLiDzdqrM8po/vCebEme4QPhRKxb69KMCVL1Lljpu/3+9,5.504094267665236,7.844696232726987,6.664474569851553
2238000,bA2tJJsSFg7ZCsjBt1GRLiDzdqrM8po/vCebEme4QPhRKxb69KMCVL1Lljpu/3+9,5.735131291672901,17.88717106532098,8.401929634529687
2238300,bA2tJJsSFg7ZCsjBt1GRLiDzdqrM8po/vCebEme4QPhRKxb69KMCVL1Lljpu/3+9,5.23338792306157,25.28227124431096,9.082302452751748
2238600,bA2tJJsSFg7ZCsjBt1GRLiDzdqrM8po/vCebEme4QPhRKxb69KMCVL1Lljpu/3+9,5.967611930406324,51.643668387017165,13.990909601529763
2238900,bA2tJJsSFg7ZCsjBt1GRLiDzdqrM8po/vCebEme4QPhRKxb69KMCVL1Lljpu/3+9,5.293041095913406,7.625846869613672,6.413961977522432
2239200,bA2tJJsSFg7ZCsjBt1GRLiDzdqrM8po/vCebEme4QPhRKxb69KMCVL1Lljpu/3+9,5.6697432508801215,21.69058627611212,8.204075287261677
2239500,bA2tJJsSFg7ZCsjBt1GRLiDzdqrM8po/vCebEme4QPhRKxb69KMCVL1Lljpu/3+9,5.5257860413980575,34.75894742972486,10.399522435675443
2239800,bA2tJJsSFg7ZCsjBt1GRLiDzdqrM8po/vCebEme4QPhRKxb69KMCVL1Lljpu/3+9,5.966801962636832,55.80365975003573,14.116292279546563
2240100,bA2tJJsSFg7ZCsjBt1GRLiDzdqrM8po/vCebEme4QPhRKxb69KMCVL1Lljpu/3+9,5.303338989530617,7.62539511439229,6.468571165260353
2240400,bA2tJJsSFg7ZCsjBt1GRLiDzdqrM8po/vCebEme4QPhRKxb69KMCVL1Lljpu/3+9,5.840025531360305,21.688891058932523,8.258440683144853
2240700,bA2tJJsSFg7ZCsjBt1GRLiDzdqrM8po/vCebEme4QPhRKxb69KMCVL1Lljpu/3+9,5.402205839684396,34.90101950861668,9.287838303255128
2241000,bA2tJJsSFg7ZCsjBt1GRLiDzdqrM8po/vCebEme4QPhRKxb69KMCVL1Lljpu/3+9,5.551952051125595,60.85587714749531,13.98213532609354
2241300,bA2tJJsSFg7ZCsjBt1GRLiDzdqrM8po/vCebEme4QPhRKxb69KMCVL1Lljpu/3+9,5.39208967854783,8.156144215851123,6.397516842043704
2241600,bA2tJJsSFg7ZCsjBt1GRLiDzdqrM8po/vCebEme4QPhRKxb69KMCVL1Lljpu/3+9,5.8743340444873935,19.33293112601759,8.300233706121231
2241900,bA2tJJsSFg7ZCsjBt1GRLiDzdqrM8po/vCebEme4QPhRKxb69KMCVL1Lljpu/3+9,5.3126499123784665,34.907300500166215,9.176041666331116
2242200,bA2tJJsSFg7ZCsjBt1GRLiDzdqrM8po/vCebEme4QPhRKxb69KMCVL1Lljpu/3+9,5.612686463070472,63.020230844732886,13.915642369695572
2242500,bA2tJJsSFg7ZCsjBt1GRLiDzdqrM8po/vCebEme4QPhRKxb69KMCVL1Lljpu/3+9,5.376915044556868,7.965814335374137,6.499189400572741
2242800,bA2tJJsSFg7ZCsjBt1GRLiDzdqrM8po/vCebEme4QPhRKxb69KMCVL1Lljpu/3+9,5.666456062588276,22.787909699516494,8.290967112336972
2243100,bA2tJJsSFg7ZCsjBt1GRLiDzdqrM8po/vCebEme4QPhRKxb69KMCVL1Lljpu/3+9,6.251579285393982,30.0861056190046,14.878354124613733
2243400,bA2tJJsSFg7ZCsjBt1GRLiDzdqrM8po/vCebEme4QPhRKxb69KMCVL1Lljpu/3+9,5.829533105020793,63.43757580774348,14.218983318360984
2243700,bA2tJJsSFg7ZCsjBt1GRLiDzdqrM8po/vCebEme4QPhRKxb69KMCVL1Lljpu/3+9,5.337951750063814,7.902677720887542,6.504422044247256
2244000,bA2tJJsSFg7ZCsjBt1GRLiDzdqrM8po/vCebEme4QPhRKxb69KMCVL1Lljpu/3+9,5.726177901571801,23.7892728377701,8.517516320813483
2244300,bA2tJJsSFg7ZCsjBt1GRLiDzdqrM8po/vCebEme4QPhRKxb69KMCVL1Lljpu/3+9,5.559751320841667,36.4255696919631,9.629685797917784
2244600,bA2tJJsSFg7ZCsjBt1GRLiDzdqrM8po/vCebEme4QPhRKxb69KMCVL1Lljpu/3+9,6.502379698586608,81.73650791929587,19.55480273135952
2244900,bA2tJJsSFg7ZCsjBt1GRLiDzdqrM8po/vCebEme4QPhRKxb69KMCVL1Lljpu/3+9,5.509249549354144,8.34354022632415,6.689911683359846
2245200,bA2tJJsSFg7ZCsjBt1GRLiDzdqrM8po/vCebEme4QPhRKxb69KMCVL1Lljpu/3+9,5.613612532163551,22.517840654441127,8.26212847174455
2245500,bA2tJJsSFg7ZCsjBt1GRLiDzdqrM8po/vCebEme4QPhRKxb69KMCVL1Lljpu/3+9,5.287875912447208,34.895134557361544,9.4865909789348
2245800,bA2tJJsSFg7ZCsjBt1GRLiDzdqrM8po/vCebEme4QPhRKxb69KMCVL1Lljpu/3+9,5.8696904072642,59.4497017204253,14.072882398681347
2246100,bA2tJJsSFg7ZCsjBt1GRLiDzdqrM8po/vCebEme4QPhRKxb69KMCVL1Lljpu/3+9,6.111875529633359,8.955098486975766,7.06433487558469
2246400,bA2tJJsSFg7ZCsjBt1GRLiDzdqrM8po/vCebEme4QPhRKxb69KMCVL1Lljpu/3+9,5.787704005144359,22.45834492871805,8.451304179738038
2246700,bA2tJJsSFg7ZCsjBt1GRLiDzdqrM8po/vCebEme4QPhRKxb69KMCVL1Lljpu/3+9,5.724402663087845,36.85777823055922,10.582408190039631
2247000,bA2tJJsSFg7ZCsjBt1GRLiDzdqrM8po/vCebEme4QPhRKxb69KMCVL1Lljpu/3+9,6.148970332835034,59.36184022238085,15.749919868273404
2247300,bA2tJJsSFg7ZCsjBt1GRLiDzdqrM8po/vCebEme4QPhRKxb69KMCVL1Lljpu/3+9,5.562392026024764,7.868101799953655,6.769917780326916
2247600,bA2tJJsSFg7ZCsjBt1GRLiDzdqrM8po/vCebEme4QPhRKxb69KMCVL1Lljpu/3+9,6.066207990814702,21.983918027213665,8.29752609452021
2247900,bA2tJJsSFg7ZCsjBt1GRLiDzdqrM8po/vCebEme4QPhRKxb69KMCVL1Lljpu/3+9,5.644255184866378,35.55237783519659,10.018415693946531
2248200,bA2tJJsSFg7ZCsjBt1GRLiDzdqrM8po/vCebEme4QPhRKxb69KMCVL1Lljpu/3+9,5.88468229362007,65.43454601762147,13.945090403068065
2248500,bA2tJJsSFg7ZCsjBt1GRLiDzdqrM8po/vCebEme4QPhRKxb69KMCVL1Lljpu/3+9,5.588647906797374,7.35270048158289,6.507974170605579
2248800,bA2tJJsSFg7ZCsjBt1GRLiDzdqrM8po/vCebEme4QPhRKxb69KMCVL1Lljpu/3+9,5.768071219097613,22.44687590870629,8.348445428580883
2249100,bA2tJJsSFg7ZCsjBt1GRLiDzdqrM8po/vCebEme4QPhRKxb69KMCVL1Lljpu/3+9,5.6096285515449065,35.89929054529194,9.327268127528445
2249400,bA2tJJsSFg7ZCsjBt1GRLiDzdqrM8po/vCebEme4QPhRKxb69KMCVL1Lljpu/3+9,5.268520439038258,70.14621130868044,13.951046635981372
2249700,bA2tJJsSFg7ZCsjBt1GRLiDzdqrM8po/vCebEme4QPhRKxb69KMCVL1Lljpu/3+9,5.538341603227971,7.673164232825032,6.566393613075724
2250000,bA2tJJsSFg7ZCsjBt1GRLiDzdqrM8po/vCebEme4QPhRKxb69KMCVL1Lljpu/3+9,5.513558177650543,22.26863693880283,8.202947310441493
2250300,bA2tJJsSFg7ZCsjBt1GRLiDzdqrM8po/vCebEme4QPhRKxb69KMCVL1Lljpu/3+9,5.709146850836309,38.162995745695454,10.070371119409996
2250600,bA2tJJsSFg7ZCsjBt1GRLiDzdqrM8po/vCebEme4QPhRKxb69KMCVL1Lljpu/3+9,5.625302172931368,54.178174395524955,14.092688518185058
2250900,bA2tJJsSFg7ZCsjBt1GRLiDzdqrM8po/vCebEme4QPhRKxb69KMCVL1Lljpu/3+9,5.383450345362672,7.214704103025935,6.367073172464118
2251200,bA2tJJsSFg7ZCsjBt1GRLiDzdqrM8po/vCebEme4QPhRKxb69KMCVL1Lljpu/3+9,5.179550682150646,23.066968609177568,8.26770888861913
2251500,bA2tJJsSFg7ZCsjBt1GRLiDzdqrM8po/vCebEme4QPhRKxb69KMCVL1Lljpu/3+9,5.40996390162818,23.14170980915233,9.695788842004493
2251800,bA2tJJsSFg7ZCsjBt1GRLiDzdqrM8po/vCebEme4QPhRKxb69KMCVL1Lljpu/3+9,5.498317734722758,46.603472758443125,13.947201032874943
2252100,bA2tJJsSFg7ZCsjBt1GRLiDzdqrM8po/vCebEme4QPhRKxb69KMCVL1Lljpu/3+9,5.752920606455628,7.337305316831249,6.635690853737679
2252400,bA2tJJsSFg7ZCsjBt1GRLiDzdqrM8po/vCebEme4QPhRKxb69KMCVL1Lljpu/3+9,5.563184090499887,23.561584858950276,8.248989792916506
2252700,bA2tJJsSFg7ZCsjBt1GRLiDzdqrM8po/vCebEme4QPhRKxb69KMCVL1Lljpu/3+9,5.563088234852804,35.21045085448502,9.154109737674254
2253000,bA2tJJsSFg7ZCsjBt1GRLiDzdqrM8po/vCebEme4QPhRKxb69KMCVL1Lljpu/3+9,5.427193613526704,45.11726541235795,13.911238045925936
2253300,bA2tJJsSFg7ZCsjBt1GRLiDzdqrM8po/vCebEme4QPhRKxb69KMCVL1Lljpu/3+9,5.596718491727432,7.850939331995271,6.462623238523636
2253600,bA2tJJsSFg7ZCsjBt1GRLiDzdqrM8po/vCebEme4QPhRKxb69KMCVL1Lljpu/3+9,5.573313765591224,21.61860580460607,8.224932546599604
2253900,bA2tJJsSFg7ZCsjBt1GRLiDzdqrM8po/vCebEme4QPhRKxb69KMCVL1Lljpu/3+9,5.665985351041117,23.314534048795775,9.99624692068286
2254200,bA2tJJsSFg7ZCsjBt1GRLiDzdqrM8po/vCebEme4QPhRKxb69KMCVL1Lljpu/3+9,5.83344759909797,55.0816014076395,15.84287434153756
2254500,bA2tJJsSFg7ZCsjBt1GRLiDzdqrM8po/vCebEme4QPhRKxb69KMCVL1Lljpu/3+9,5.52591560674524,7.378266157683133,6.411606371696652
2254800,bA2tJJsSFg7ZCsjBt1GRLiDzdqrM8po/vCebEme4QPhRKxb69KMCVL1Lljpu/3+9,5.360838547799335,23.31049698317477,8.350692935748064
2255100,bA2tJJsSFg7ZCsjBt1GRLiDzdqrM8po/vCebEme4QPhRKxb69KMCVL1Lljpu/3+9,5.537412311359312,35.97996396871756,9.322623122460968
2255400,bA2tJJsSFg7ZCsjBt1GRLiDzdqrM8po/vCebEme4QPhRKxb69KMCVL1Lljpu/3+9,5.477146402060089,41.93289320004524,14.136847013653057
2255700,bA2tJJsSFg7ZCsjBt1GRLiDzdqrM8po/vCebEme4QPhRKxb69KMCVL1Lljpu/3+9,5.713636624217908,7.352040428246032,6.527908174583801
2256000,bA2tJJsSFg7ZCsjBt1GRLiDzdqrM8po/vCebEme4QPhRKxb69KMCVL1Lljpu/3+9,5.743820900273787,23.785638085640944,8.56873421972119
2256300,bA2tJJsSFg7ZCsjBt1GRLiDzdqrM8po/vCebEme4QPhRKxb69KMCVL1Lljpu/3+9,5.595149046039829,35.72306874848553,9.335332948984114
2256600,bA2tJJsSFg7ZCsjBt1GRLiDzdqrM8po/vCebEme4QPhRKxb69KMCVL1Lljpu/3+9,5.684501205556008,39.66324957991577,14.262036161464414
2256900,bA2tJJsSFg7ZCsjBt1GRLiDzdqrM8po/vCebEme4QPhRKxb69KMCVL1Lljpu/3+9,5.794717070670071,7.931936635847985,6.657346488641208
2257200,bA2tJJsSFg7ZCsjBt1GRLiDzdqrM8po/vCebEme4QPhRKxb69KMCVL1Lljpu/3+9,5.673115350452355,22.947575549244338,8.425884508855262
2257800,bA2tJJsSFg7ZCsjBt1GRLiDzdqrM8po/vCebEme4QPhRKxb69KMCVL1Lljpu/3+9,5.804921541841107,46.277795275147966,19.092439750314316
2258100,bA2tJJsSFg7ZCsjBt1GRLiDzdqrM8po/vCebEme4QPhRKxb69KMCVL1Lljpu/3+9,12.159576079953617,14.166543411429416,13.42087190340902
2258400,bA2tJJsSFg7ZCsjBt1GRLiDzdqrM8po/vCebEme4QPhRKxb69KMCVL1Lljpu/3+9,6.227797241697116,23.807111073335328,11.04689041801664
2258700,bA2tJJsSFg7ZCsjBt1GRLiDzdqrM8po/vCebEme4QPhRKxb69KMCVL1Lljpu/3+9,5.911951901018307,33.64542308713439,9.532665666403927
2259000,bA2tJJsSFg7ZCsjBt1GRLiDzdqrM8po/vCebEme4QPhRKxb69KMCVL1Lljpu/3+9,5.809332955647772,37.914280670932655,14.534127339897172
2259300,bA2tJJsSFg7ZCsjBt1GRLiDzdqrM8po/vCebEme4QPhRKxb69KMCVL1Lljpu/3+9,5.5618566400695535,7.850980039700826,6.715644643809275
2259600,bA2tJJsSFg7ZCsjBt1GRLiDzdqrM8po/vCebEme4QPhRKxb69KMCVL1Lljpu/3+9,5.934046957710408,22.27104254963297,8.391993883318621
2259900,bA2tJJsSFg7ZCsjBt1GRLiDzdqrM8po/vCebEme4QPhRKxb69KMCVL1Lljpu/3+9,5.762242487217464,35.48952168308034,9.324955962915194
2260200,bA2tJJsSFg7ZCsjBt1GRLiDzdqrM8po/vCebEme4QPhRKxb69KMCVL1Lljpu/3+9,5.786648561099267,42.34793247820535,14.398930613101347
2260500,bA2tJJsSFg7ZCsjBt1GRLiDzdqrM8po/vCebEme4QPhRKxb69KMCVL1Lljpu/3+9,5.613599957898142,8.221197156310913,6.68152791599745
2260800,bA2tJJsSFg7ZCsjBt1GRLiDzdqrM8po/vCebEme4QPhRKxb69KMCVL1Lljpu/3+9,6.056508127520269,23.620097109066545,8.662664084610293
2261100,bA2tJJsSFg7ZCsjBt1GRLiDzdqrM8po/vCebEme4QPhRKxb69KMCVL1Lljpu/3+9,5.48761303961942,35.940285775860616,9.344459499524115
2261400,bA2tJJsSFg7ZCsjBt1GRLiDzdqrM8po/vCebEme4QPhRKxb69KMCVL1Lljpu/3+9,6.38578139362088,43.44001496529945,15.245850147000384
2261700,bA2tJJsSFg7ZCsjBt1GRLiDzdqrM8po/vCebEme4QPhRKxb69KMCVL1Lljpu/3+9,5.7266961341346585,7.870583663912525,6.60086091637067
2262000,bA2tJJsSFg7ZCsjBt1GRLiDzdqrM8po/vCebEme4QPhRKxb69KMCVL1Lljpu/3+9,5.894141653257757,22.18175637093341,8.390904803818566
2262300,bA2tJJsSFg7ZCsjBt1GRLiDzdqrM8po/vCebEme4QPhRKxb69KMCVL1Lljpu/3+9,5.7016077675702315,24.58664387254909,9.402103241865555
2262600,bA2tJJsSFg7ZCsjBt1GRLiDzdqrM8po/vCebEme4QPhRKxb69KMCVL1Lljpu/3+9,5.8476955810461,47.879393821893466,14.119054473590452
2262900,bA2tJJsSFg7ZCsjBt1GRLiDzdqrM8po/vCebEme4QPhRKxb69KMCVL1Lljpu/3+9,5.549486259298545,8.214471071965528,6.494762066625901
2263200,bA2tJJsSFg7ZCsjBt1GRLiDzdqrM8po/vCebEme4QPhRKxb69KMCVL1Lljpu/3+9,5.808795548752152,15.264408295944069,8.386462745222383
2263500,bA2tJJsSFg7ZCsjBt1GRLiDzdqrM8po/vCebEme4QPhRKxb69KMCVL1Lljpu/3+9,5.560096630211121,21.21588250674274,7.895385049779261
2263800,bA2tJJsSFg7ZCsjBt1GRLiDzdqrM8po/vCebEme4QPhRKxb69KMCVL1Lljpu/3+9,5.621502880864872,48.734330718997896,13.997409072149935
2264100,bA2tJJsSFg7ZCsjBt1GRLiDzdqrM8po/vCebEme4QPhRKxb69KMCVL1Lljpu/3+9,5.518272256818588,7.856274425306254,6.483779594423547
2264400,bA2tJJsSFg7ZCsjBt1GRLiDzdqrM8po/vCebEme4QPhRKxb69KMCVL1Lljpu/3+9,5.567470359559594,22.094863761050643,8.065444353833726
2264700,bA2tJJsSFg7ZCsjBt1GRLiDzdqrM8po/vCebEme4QPhRKxb69KMCVL1Lljpu/3+9,5.449904379408322,30.90073408216677,9.08930285540417
2265000,bA2tJJsSFg7ZCsjBt1GRLiDzdqrM8po/vCebEme4QPhRKxb69KMCVL1Lljpu/3+9,5.604833122495321,49.870520494188014,14.928310440544584
2265300,bA2tJJsSFg7ZCsjBt1GRLiDzdqrM8po/vCebEme4QPhRKxb69KMCVL1Lljpu/3+9,5.6569518109569135,7.654313362946779,6.424447279844465
2265600,bA2tJJsSFg7ZCsjBt1GRLiDzdqrM8po/vCebEme4QPhRKxb69KMCVL1Lljpu/3+9,5.49544230251271,22.54675623492248,8.243247500516405
2265900,bA2tJJsSFg7ZCsjBt1GRLiDzdqrM8po/vCebEme4QPhRKxb69KMCVL1Lljpu/3+9,5.514732337762369,32.26134568433838,9.287976722334578
2266200,bA2tJJsSFg7ZCsjBt1GRLiDzdqrM8po/vCebEme4QPhRKxb69KMCVL1Lljpu/3+9,5.537540449059072,98.09196082108691,39.31099514433503
2266500,bA2tJJsSFg7ZCsjBt1GRLiDzdqrM8po/vCebEme4QPhRKxb69KMCVL1Lljpu/3+9,5.675741884735564,8.223874930621363,6.845461159176639
2266800,bA2tJJsSFg7ZCsjBt1GRLiDzdqrM8po/vCebEme4QPhRKxb69KMCVL1Lljpu/3+9,5.917104099715709,11.577231680143042,7.5105054738893084
2267100,bA2tJJsSFg7ZCsjBt1GRLiDzdqrM8po/vCebEme4QPhRKxb69KMCVL1Lljpu/3+9,5.959810618117045,36.42545983516991,10.845093247991803
2267400,bA2tJJsSFg7ZCsjBt1GRLiDzdqrM8po/vCebEme4QPhRKxb69KMCVL1Lljpu/3+9,6.093365926651812,58.56954460385329,13.13189173926572
2267700,bA2tJJsSFg7ZCsjBt1GRLiDzdqrM8po/vCebEme4QPhRKxb69KMCVL1Lljpu/3+9,6.006203959432884,98.0112964905654,30.12302060484444
2268000,bA2tJJsSFg7ZCsjBt1GRLiDzdqrM8po/vCebEme4QPhRKxb69KMCVL1Lljpu/3+9,6.0695522782784845,10.620878353694192,7.004065820612552
2268300,bA2tJJsSFg7ZCsjBt1GRLiDzdqrM8po/vCebEme4QPhRKxb69KMCVL1Lljpu/3+9,5.51704460308803,22.15506760242443,10.905491068663872
2268600,bA2tJJsSFg7ZCsjBt1GRLiDzdqrM8po/vCebEme4QPhRKxb69KMCVL1Lljpu/3+9,5.658113582083171,64.09839507923172,13.637631123817483
2268900,bA2tJJsSFg7ZCsjBt1GRLiDzdqrM8po/vCebEme4QPhRKxb69KMCVL1Lljpu/3+9,5.785112025698986,22.248345496260384,8.207996367117126
2269200,bA2tJJsSFg7ZCsjBt1GRLiDzdqrM8po/vCebEme4QPhRKxb69KMCVL1Lljpu/3+9,5.553687190756292,10.30867295515242,6.71445606964156
2269500,bA2tJJsSFg7ZCsjBt1GRLiDzdqrM8po/vCebEme4QPhRKxb69KMCVL1Lljpu/3+9,5.574858243618632,35.81352138737463,10.987709373927068
2269800,bA2tJJsSFg7ZCsjBt1GRLiDzdqrM8po/vCebEme4QPhRKxb69KMCVL1Lljpu/3+9,5.567580294884797,60.228936516013526,12.387677948311724
2270100,bA2tJJsSFg7ZCsjBt1GRLiDzdqrM8po/vCebEme4QPhRKxb69KMCVL1Lljpu/3+9,5.599316375474167,21.027399392409887,8.106001216366423
2270400,bA2tJJsSFg7ZCsjBt1GRLiDzdqrM8po/vCebEme4QPhRKxb69KMCVL1Lljpu/3+9,5.573742231893349,10.451617115472796,6.783966136411567
2270700,bA2tJJsSFg7ZCsjBt1GRLiDzdqrM8po/vCebEme4QPhRKxb69KMCVL1Lljpu/3+9,5.68658590199624,35.42540639106626,11.016988125154676
2271000,bA2tJJsSFg7ZCsjBt1GRLiDzdqrM8po/vCebEme4QPhRKxb69KMCVL1Lljpu/3+9,5.6545131009503145,63.5564196656648,12.678291307335746
2271300,bA2tJJsSFg7ZCsjBt1GRLiDzdqrM8po/vCebEme4QPhRKxb69KMCVL1Lljpu/3+9,5.7130947322905925,24.6528600296107,8.359809495708857
2271600,bA2tJJsSFg7ZCsjBt1GRLiDzdqrM8po/vCebEme4QPhRKxb69KMCVL1Lljpu/3+9,5.779002208976297,34.68333191781832,10.529155999249362
2271900,bA2tJJsSFg7ZCsjBt1GRLiDzdqrM8po/vCebEme4QPhRKxb69KMCVL1Lljpu/3+9,6.551176078541645,79.51876087750186,20.610341992392595
2272200,bA2tJJsSFg7ZCsjBt1GRLiDzdqrM8po/vCebEme4QPhRKxb69KMCVL1Lljpu/3+9,6.201463909380078,69.51351689501864,14.34720750749808
2272500,bA2tJJsSFg7ZCsjBt1GRLiDzdqrM8po/vCebEme4QPhRKxb69KMCVL1Lljpu/3+9,6.283696378548366,25.402902043642555,8.730855224052373
2272800,bA2tJJsSFg7ZCsjBt1GRLiDzdqrM8po/vCebEme4QPhRKxb69KMCVL1Lljpu/3+9,6.297512983075593,78.62933321959187,19.63933483254577
2273100,bA2tJJsSFg7ZCsjBt1GRLiDzdqrM8po/vCebEme4QPhRKxb69KMCVL1Lljpu/3+9,6.03007323169151,36.155148201434635,11.554379260032825
2273400,bA2tJJsSFg7ZCsjBt1GRLiDzdqrM8po/vCebEme4QPhRKxb69KMCVL1Lljpu/3+9,6.427551212319584,64.1231220487464,13.03577952018583
2273700,bA2tJJsSFg7ZCsjBt1GRLiDzdqrM8po/vCebEme4QPhRKxb69KMCVL1Lljpu/3+9,6.7245679517973596,19.250945160468568,8.829943248984753
2274000,bA2tJJsSFg7ZCsjBt1GRLiDzdqrM8po/vCebEme4QPhRKxb69KMCVL1Lljpu/3+9,6.28920235932604,10.128869890290488,7.232365440843098
2274300,bA2tJJsSFg7ZCsjBt1GRLiDzdqrM8po/vCebEme4QPhRKxb69KMCVL1Lljpu/3+9,5.931345664214667,23.17951994801686,11.085548311883713
2274600,bA2tJJsSFg7ZCsjBt1GRLiDzdqrM8po/vCebEme4QPhRKxb69KMCVL1Lljpu/3+9,6.054099339384437,63.6483341212274,12.629494021244204
2274900,bA2tJJsSFg7ZCsjBt1GRLiDzdqrM8po/vCebEme4QPhRKxb69KMCVL1Lljpu/3+9,6.452859932187798,26.846600659143828,12.013696215145767
2275200,bA2tJJsSFg7ZCsjBt1GRLiDzdqrM8po/vCebEme4QPhRKxb69KMCVL1Lljpu/3+9,5.710595645311592,10.325776901055862,6.832861252497733
2275500,bA2tJJsSFg7ZCsjBt1GRLiDzdqrM8po/vCebEme4QPhRKxb69KMCVL1Lljpu/3+9,5.581435238407817,35.20737467673959,10.917490908236836
2275800,bA2tJJsSFg7ZCsjBt1GRLiDzdqrM8po/vCebEme4QPhRKxb69KMCVL1Lljpu/3+9,5.615401330025509,63.30393242148122,13.204509029584232
2276100,bA2tJJsSFg7ZCsjBt1GRLiDzdqrM8po/vCebEme4QPhRKxb69KMCVL1Lljpu/3+9,5.530090193882392,22.745094464355564,8.153845588222403
2276400,bA2tJJsSFg7ZCsjBt1GRLiDzdqrM8po/vCebEme4QPhRKxb69KMCVL1Lljpu/3+9,5.729692493393992,8.87808222151485,6.453812775305809
2276700,bA2tJJsSFg7ZCsjBt1GRLiDzdqrM8po/vCebEme4QPhRKxb69KMCVL1Lljpu/3+9,5.715904219160587,36.35397473136796,10.83959181521026
2277000,bA2tJJsSFg7ZCsjBt1GRLiDzdqrM8po/vCebEme4QPhRKxb69KMCVL1Lljpu/3+9,5.677309243093688,79.31083264841548,25.90474564368871
2277300,bA2tJJsSFg7ZCsjBt1GRLiDzdqrM8po/vCebEme4QPhRKxb69KMCVL1Lljpu/3+9,6.152927798544827,22.90534096602916,8.513957201679025
2277600,bA2tJJsSFg7ZCsjBt1GRLiDzdqrM8po/vCebEme4QPhRKxb69KMCVL1Lljpu/3+9,6.108633597591741,9.987742070031773,6.985901974649632
2277900,bA2tJJsSFg7ZCsjBt1GRLiDzdqrM8po/vCebEme4QPhRKxb69KMCVL1Lljpu/3+9,6.255109219644589,36.51256782388145,13.493163777261772
2278200,bA2tJJsSFg7ZCsjBt1GRLiDzdqrM8po/vCebEme4QPhRKxb69KMCVL1Lljpu/3+9,6.3571342281033605,64.50778971335785,22.0838345393121
2278500,bA2tJJsSFg7ZCsjBt1GRLiDzdqrM8po/vCebEme4QPhRKxb69KMCVL1Lljpu/3+9,6.152185879204072,22.11008187567288,8.452728886805076
2278800,bA2tJJsSFg7ZCsjBt1GRLiDzdqrM8po/vCebEme4QPhRKxb69KMCVL1Lljpu/3+9,5.95778712126859,60.058103885627375,19.44009356069796
2279100,bA2tJJsSFg7ZCsjBt1GRLiDzdqrM8po/vCebEme4QPhRKxb69KMCVL1Lljpu/3+9,5.9970560296524695,33.455285435170474,11.18500628489484
2279400,bA2tJJsSFg7ZCsjBt1GRLiDzdqrM8po/vCebEme4QPhRKxb69KMCVL1Lljpu/3+9,5.763395217112656,61.31433966648096,12.812429706188013
2279700,bA2tJJsSFg7ZCsjBt1GRLiDzdqrM8po/vCebEme4QPhRKxb69KMCVL1Lljpu/3+9,6.112826906700064,22.25548716519458,9.415744779052057
2280000,bA2tJJsSFg7ZCsjBt1GRLiDzdqrM8po/vCebEme4QPhRKxb69KMCVL1Lljpu/3+9,5.79397577244934,83.18880491350572,19.07028420194185
2280300,bA2tJJsSFg7ZCsjBt1GRLiDzdqrM8po/vCebEme4QPhRKxb69KMCVL1Lljpu/3+9,6.937750447458087,31.21637663980914,12.489081514349776
2280600,bA2tJJsSFg7ZCsjBt1GRLiDzdqrM8po/vCebEme4QPhRKxb69KMCVL1Lljpu/3+9,5.734942281838828,61.1561646045832,12.634703184610728
2280900,bA2tJJsSFg7ZCsjBt1GRLiDzdqrM8po/vCebEme4QPhRKxb69KMCVL1Lljpu/3+9,5.863953062695774,23.53711151398085,8.534085110336513
2281200,bA2tJJsSFg7ZCsjBt1GRLiDzdqrM8po/vCebEme4QPhRKxb69KMCVL1Lljpu/3+9,5.856498798749955,8.823538598194606,6.929846128504273
2281500,bA2tJJsSFg7ZCsjBt1GRLiDzdqrM8po/vCebEme4QPhRKxb69KMCVL1Lljpu/3+9,5.571082077987241,32.14466042889943,10.97880507238467
2281800,bA2tJJsSFg7ZCsjBt1GRLiDzdqrM8po/vCebEme4QPhRKxb69KMCVL1Lljpu/3+9,5.519243223779215,60.596850775355485,12.38901979739081
2282100,bA2tJJsSFg7ZCsjBt1GRLiDzdqrM8po/vCebEme4QPhRKxb69KMCVL1Lljpu/3+9,5.696296840810439,22.752410333927216,8.291077581309398
2282400,bA2tJJsSFg7ZCsjBt1GRLiDzdqrM8po/vCebEme4QPhRKxb69KMCVL1Lljpu/3+9,5.739380763946787,8.22241005878182,6.69159304058294
2282700,bA2tJJsSFg7ZCsjBt1GRLiDzdqrM8po/vCebEme4QPhRKxb69KMCVL1Lljpu/3+9,5.757002860100833,30.603695876095085,10.973320427671856
2283000,bA2tJJsSFg7ZCsjBt1GRLiDzdqrM8po/vCebEme4QPhRKxb69KMCVL1Lljpu/3+9,5.686316118276795,53.40026716447499,12.612324067434969
2283300,bA2tJJsSFg7ZCsjBt1GRLiDzdqrM8po/vCebEme4QPhRKxb69KMCVL1Lljpu/3+9,6.109004765258086,22.630579967068527,8.988832352055459
2283600,bA2tJJsSFg7ZCsjBt1GRLiDzdqrM8po/vCebEme4QPhRKxb69KMCVL1Lljpu/3+9,5.464368323899094,8.53783851767386,6.688817042074684
2283900,bA2tJJsSFg7ZCsjBt1GRLiDzdqrM8po/vCebEme4QPhRKxb69KMCVL1Lljpu/3+9,5.72477183534455,35.84994705806104,11.713326098786904
2284200,bA2tJJsSFg7ZCsjBt1GRLiDzdqrM8po/vCebEme4QPhRKxb69KMCVL1Lljpu/3+9,5.637571836437225,52.042443592434736,12.443844112017423
2284500,bA2tJJsSFg7ZCsjBt1GRLiDzdqrM8po/vCebEme4QPhRKxb69KMCVL1Lljpu/3+9,5.9443215631073,23.426287920618588,8.593883330468058
2284800,bA2tJJsSFg7ZCsjBt1GRLiDzdqrM8po/vCebEme4QPhRKxb69KMCVL1Lljpu/3+9,6.023016906265183,9.410957953879198,7.190045907155279
2285100,bA2tJJsSFg7ZCsjBt1GRLiDzdqrM8po/vCebEme4QPhRKxb69KMCVL1Lljpu/3+9,6.303247609483396,25.11407020053614,11.960266831755488
2285400,bA2tJJsSFg7ZCsjBt1GRLiDzdqrM8po/vCebEme4QPhRKxb69KMCVL1Lljpu/3+9,6.442234810479854,51.86070436814866,13.451595586620828
2285700,bA2tJJsSFg7ZCsjBt1GRLiDzdqrM8po/vCebEme4QPhRKxb69KMCVL1Lljpu/3+9,6.5356055752598285,25.01557133717412,9.376379793470106
2286000,bA2tJJsSFg7ZCsjBt1GRLiDzdqrM8po/vCebEme4QPhRKxb69KMCVL1Lljpu/3+9,6.272586074802368,9.490362892265807,7.378821818425585
2286300,bA2tJJsSFg7ZCsjBt1GRLiDzdqrM8po/vCebEme4QPhRKxb69KMCVL1Lljpu/3+9,6.686242049172728,28.136381214246292,12.392025385817172
2286600,bA2tJJsSFg7ZCsjBt1GRLiDzdqrM8po/vCebEme4QPhRKxb69KMCVL1Lljpu/3+9,6.469632239041127,57.685037219059886,14.791042554301708
2286900,bA2tJJsSFg7ZCsjBt1GRLiDzdqrM8po/vCebEme4QPhRKxb69KMCVL1Lljpu/3+9,6.832322804622327,19.067974744990494,9.953297501803453
2287200,bA2tJJsSFg7ZCsjBt1GRLiDzdqrM8po/vCebEme4QPhRKxb69KMCVL1Lljpu/3+9,6.2745345317154415,17.51376567347845,11.885446889312682
2287500,bA2tJJsSFg7ZCsjBt1GRLiDzdqrM8po/vCebEme4QPhRKxb69KMCVL1Lljpu/3+9,12.903656495258202,60.750456059993965,18.986053627109516
2287800,bA2tJJsSFg7ZCsjBt1GRLiDzdqrM8po/vCebEme4QPhRKxb69KMCVL1Lljpu/3+9,7.061159977704608,88.23981133534097,29.768084983795298
2288100,bA2tJJsSFg7ZCsjBt1GRLiDzdqrM8po/vCebEme4QPhRKxb69KMCVL1Lljpu/3+9,6.756485221704188,24.78979773633045,9.148508928583912
2288400,bA2tJJsSFg7ZCsjBt1GRLiDzdqrM8po/vCebEme4QPhRKxb69KMCVL1Lljpu/3+9,6.404397424760802,9.521638691781773,7.416275140069952
2288700,bA2tJJsSFg7ZCsjBt1GRLiDzdqrM8po/vCebEme4QPhRKxb69KMCVL1Lljpu/3+9,6.349027063460739,33.00067666968074,11.924197231141822
2289000,bA2tJJsSFg7ZCsjBt1GRLiDzdqrM8po/vCebEme4QPhRKxb69KMCVL1Lljpu/3+9,6.354345490331204,47.396477242857,13.18563568478327
2289300,bA2tJJsSFg7ZCsjBt1GRLiDzdqrM8po/vCebEme4QPhRKxb69KMCVL1Lljpu/3+9,6.382877283152857,30.56429337533552,12.51836522810817
2289600,bA2tJJsSFg7ZCsjBt1GRLiDzdqrM8po/vCebEme4QPhRKxb69KMCVL1Lljpu/3+9,6.720422507978662,65.87775364309222,17.12417011699334
2289900,bA2tJJsSFg7ZCsjBt1GRLiDzdqrM8po/vCebEme4QPhRKxb69KMCVL1Lljpu/3+9,6.361629610963585,38.40173001508172,11.6014288794616
2290200,bA2tJJsSFg7ZCsjBt1GRLiDzdqrM8po/vCebEme4QPhRKxb69KMCVL1Lljpu/3+9,6.101548170973412,45.50222944712178,13.053130615430613
2290500,bA2tJJsSFg7ZCsjBt1GRLiDzdqrM8po/vCebEme4QPhRKxb69KMCVL1Lljpu/3+9,6.094511309324934,23.61899693999968,9.531329842618685
2290800,bA2tJJsSFg7ZCsjBt1GRLiDzdqrM8po/vCebEme4QPhRKxb69KMCVL1Lljpu/3+9,5.55448660843371,8.974904362491975,7.085032094858044
2291100,bA2tJJsSFg7ZCsjBt1GRLiDzdqrM8po/vCebEme4QPhRKxb69KMCVL1Lljpu/3+9,6.037653234873813,52.36288080304245,11.429572057970484
2291400,bA2tJJsSFg7ZCsjBt1GRLiDzdqrM8po/vCebEme4QPhRKxb69KMCVL1Lljpu/3+9,5.826086395174876,43.18889177602297,13.44893332478053
2291700,bA2tJJsSFg7ZCsjBt1GRLiDzdqrM8po/vCebEme4QPhRKxb69KMCVL1Lljpu/3+9,6.444548621774757,24.686746203775797,10.016465335593702
2292000,bA2tJJsSFg7ZCsjBt1GRLiDzdqrM8po/vCebEme4QPhRKxb69KMCVL1Lljpu/3+9,6.563181830155333,8.620108971923186,7.426712110963982
2292300,bA2tJJsSFg7ZCsjBt1GRLiDzdqrM8po/vCebEme4QPhRKxb69KMCVL1Lljpu/3+9,6.099946896385507,43.93888833427796,11.492888874864692
2292600,bA2tJJsSFg7ZCsjBt1GRLiDzdqrM8po/vCebEme4QPhRKxb69KMCVL1Lljpu/3+9,6.140667240570219,40.96605132314218,13.93921328979579
2292900,bA2tJJsSFg7ZCsjBt1GRLiDzdqrM8po/vCebEme4QPhRKxb69KMCVL1Lljpu/3+9,6.032177486633334,23.84624452938227,8.771683770932233
2293200,bA2tJJsSFg7ZCsjBt1GRLiDzdqrM8po/vCebEme4QPhRKxb69KMCVL1Lljpu/3+9,6.0268923227649855,25.411412673322037,8.562322513706384
2293500,bA2tJJsSFg7ZCsjBt1GRLiDzdqrM8po/vCebEme4QPhRKxb69KMCVL1Lljpu/3+9,6.506143341591574,69.7163336185269,23.63662356407701
2293800,bA2tJJsSFg7ZCsjBt1GRLiDzdqrM8po/vCebEme4QPhRKxb69KMCVL1Lljpu/3+9,6.325724359520849,40.587397767562976,13.19078799054367
2294100,bA2tJJsSFg7ZCsjBt1GRLiDzdqrM8po/vCebEme4QPhRKxb69KMCVL1Lljpu/3+9,6.291728169431137,26.31989633747633,9.506887928404316
2294400,bA2tJJsSFg7ZCsjBt1GRLiDzdqrM8po/vCebEme4QPhRKxb69KMCVL1Lljpu/3+9,6.169892102864744,8.989992839386687,7.1633601425188855
2294700,bA2tJJsSFg7ZCsjBt1GRLiDzdqrM8po/vCebEme4QPhRKxb69KMCVL1Lljpu/3+9,6.012900778074956,40.38518817452264,12.688369414115078
2295000,bA2tJJsSFg7ZCsjBt1GRLiDzdqrM8po/vCebEme4QPhRKxb69KMCVL1Lljpu/3+9,6.036039103363051,39.023557384592216,13.043807801392427
2295300,bA2tJJsSFg7ZCsjBt1GRLiDzdqrM8po/vCebEme4QPhRKxb69KMCVL1Lljpu/3+9,6.319789600725073,52.35492218050684,12.106320293889809
2295600,bA2tJJsSFg7ZCsjBt1GRLiDzdqrM8po/vCebEme4QPhRKxb69KMCVL1Lljpu/3+9,6.900171466622949,39.97313870101837,11.292671708347076
2295900,bA2tJJsSFg7ZCsjBt1GRLiDzdqrM8po/vCebEme4QPhRKxb69KMCVL1Lljpu/3+9,6.248018600958201,34.15394361229265,11.727869904036067
2296200,bA2tJJsSFg7ZCsjBt1GRLiDzdqrM8po/vCebEme4QPhRKxb69KMCVL1Lljpu/3+9,6.200817585190137,38.07322551342693,13.168516246907227
2296500,bA2tJJsSFg7ZCsjBt1GRLiDzdqrM8po/vCebEme4QPhRKxb69KMCVL1Lljpu/3+9,6.051874333996364,23.45287522382185,8.87022468857007
2296800,bA2tJJsSFg7ZCsjBt1GRLiDzdqrM8po/vCebEme4QPhRKxb69KMCVL1Lljpu/3+9,5.720098584816769,8.618269080975587,7.021717009695419
2297100,bA2tJJsSFg7ZCsjBt1GRLiDzdqrM8po/vCebEme4QPhRKxb69KMCVL1Lljpu/3+9,6.004348331515185,24.560281149706885,11.281947435006906
2297400,bA2tJJsSFg7ZCsjBt1GRLiDzdqrM8po/vCebEme4QPhRKxb69KMCVL1Lljpu/3+9,5.718955855787939,38.41099574744761,12.947607707360312
2297700,bA2tJJsSFg7ZCsjBt1GRLiDzdqrM8po/vCebEme4QPhRKxb69KMCVL1Lljpu/3+9,6.047542965094928,28.03242319677075,9.084740831453301
2298000,bA2tJJsSFg7ZCsjBt1GRLiDzdqrM8po/vCebEme4QPhRKxb69KMCVL1Lljpu/3+9,5.814628533833252,9.164947383292873,7.109770499635008
2298300,bA2tJJsSFg7ZCsjBt1GRLiDzdqrM8po/vCebEme4QPhRKxb69KMCVL1Lljpu/3+9,5.8148219662105065,24.70864612423611,10.817103358164433
2298600,bA2tJJsSFg7ZCsjBt1GRLiDzdqrM8po/vCebEme4QPhRKxb69KMCVL1Lljpu/3+9,5.596829130463105,37.1871090724874,13.19246577577582
2298900,bA2tJJsSFg7ZCsjBt1GRLiDzdqrM8po/vCebEme4QPhRKxb69KMCVL1Lljpu/3+9,5.684472377050692,7.892090988794414,6.704471880754924
2299200,bA2tJJsSFg7ZCsjBt1GRLiDzdqrM8po/vCebEme4QPhRKxb69KMCVL1Lljpu/3+9,5.750356614654008,23.999813341910382,8.387796916758425
2299500,bA2tJJsSFg7ZCsjBt1GRLiDzdqrM8po/vCebEme4QPhRKxb69KMCVL1Lljpu/3+9,5.817251657926304,36.014430825798,10.279019054283603
2299800,bA2tJJsSFg7ZCsjBt1GRLiDzdqrM8po/vCebEme4QPhRKxb69KMCVL1Lljpu/3+9,5.60164570171506,39.1076471683696,14.039085772110608
2300100,bA2tJJsSFg7ZCsjBt1GRLiDzdqrM8po/vCebEme4QPhRKxb69KMCVL1Lljpu/3+9,5.882923706151836,10.698540457468397,7.313760837499424
2300400,bA2tJJsSFg7ZCsjBt1GRLiDzdqrM8po/vCebEme4QPhRKxb69KMCVL1Lljpu/3+9,5.605331066472062,24.02005228832589,8.330053647257401
2300700,bA2tJJsSFg7ZCsjBt1GRLiDzdqrM8po/vCebEme4QPhRKxb69KMCVL1Lljpu/3+9,5.725760708841255,34.07849989706455,9.901014515611926
2301000,bA2tJJsSFg7ZCsjBt1GRLiDzdqrM8po/vCebEme4QPhRKxb69KMCVL1Lljpu/3+9,5.762961883171613,42.76132384129412,14.248085029524727
2301300,bA2tJJsSFg7ZCsjBt1GRLiDzdqrM8po/vCebEme4QPhRKxb69KMCVL1Lljpu/3+9,5.7154321009434605,10.913527039782691,7.243044328244743
2301600,bA2tJJsSFg7ZCsjBt1GRLiDzdqrM8po/vCebEme4QPhRKxb69KMCVL1Lljpu/3+9,6.750539067086915,26.274038889372992,9.42442850806379
2301900,bA2tJJsSFg7ZCsjBt1GRLiDzdqrM8po/vCebEme4QPhRKxb69KMCVL1Lljpu/3+9,6.226202305153668,37.098678269148,10.468563065740367
2302200,bA2tJJsSFg7ZCsjBt1GRLiDzdqrM8po/vCebEme4QPhRKxb69KMCVL1Lljpu/3+9,6.4693827280069565,44.068338666566426,14.629031647315635
2302500,bA2tJJsSFg7ZCsjBt1GRLiDzdqrM8po/vCebEme4QPhRKxb69KMCVL1Lljpu/3+9,6.349453266829819,10.475453057589348,7.6405650443633455
2302800,bA2tJJsSFg7ZCsjBt1GRLiDzdqrM8po/vCebEme4QPhRKxb69KMCVL1Lljpu/3+9,6.733998228058743,23.143872823213197,8.784842094083638
2303100,bA2tJJsSFg7ZCsjBt1GRLiDzdqrM8po/vCebEme4QPhRKxb69KMCVL1Lljpu/3+9,6.252644714309608,35.07158001937615,10.043975181016885
2303400,bA2tJJsSFg7ZCsjBt1GRLiDzdqrM8po/vCebEme4QPhRKxb69KMCVL1Lljpu/3+9,6.312254796679516,46.45128595504684,14.519215024604444
2303700,bA2tJJsSFg7ZCsjBt1GRLiDzdqrM8po/vCebEme4QPhRKxb69KMCVL1Lljpu/3+9,6.293052512767273,10.662292203928082,7.473238097156513
2304000,bA2tJJsSFg7ZCsjBt1GRLiDzdqrM8po/vCebEme4QPhRKxb69KMCVL1Lljpu/3+9,5.815033735012145,22.58025937899927,8.399178666409414
2304300,bA2tJJsSFg7ZCsjBt1GRLiDzdqrM8po/vCebEme4QPhRKxb69KMCVL1Lljpu/3+9,5.862351639157703,34.705072420274554,9.84519577181316
2304600,bA2tJJsSFg7ZCsjBt1GRLiDzdqrM8po/vCebEme4QPhRKxb69KMCVL1Lljpu/3+9,6.145096464268494,46.49067122736969,14.02752738567742
2304900,bA2tJJsSFg7ZCsjBt1GRLiDzdqrM8po/vCebEme4QPhRKxb69KMCVL1Lljpu/3+9,6.169844126005097,9.926292174546436,7.084039875450637
2305200,bA2tJJsSFg7ZCsjBt1GRLiDzdqrM8po/vCebEme4QPhRKxb69KMCVL1Lljpu/3+9,6.157421016278076,17.14645764888955,9.08325874319802
2305500,bA2tJJsSFg7ZCsjBt1GRLiDzdqrM8po/vCebEme4QPhRKxb69KMCVL1Lljpu/3+9,6.2131616257064906,35.57823906776528,10.006831920174427
2305800,bA2tJJsSFg7ZCsjBt1GRLiDzdqrM8po/vCebEme4QPhRKxb69KMCVL1Lljpu/3+9,5.8263601598288925,49.59252522168385,14.027742728066032
2306100,bA2tJJsSFg7ZCsjBt1GRLiDzdqrM8po/vCebEme4QPhRKxb69KMCVL1Lljpu/3+9,5.93533739248717,10.003383803044247,7.101537179122883
2306400,bA2tJJsSFg7ZCsjBt1GRLiDzdqrM8po/vCebEme4QPhRKxb69KMCVL1Lljpu/3+9,5.951512212637166,22.805468663443943,8.229591617184797
2306700,bA2tJJsSFg7ZCsjBt1GRLiDzdqrM8po/vCebEme4QPhRKxb69KMCVL1Lljpu/3+9,5.815279687296351,35.02270673896148,9.884216849822078
2307000,bA2tJJsSFg7ZCsjBt1GRLiDzdqrM8po/vCebEme4QPhRKxb69KMCVL1Lljpu/3+9,5.978676237050442,50.61130056620263,14.25040677623192
2307300,bA2tJJsSFg7ZCsjBt1GRLiDzdqrM8po/vCebEme4QPhRKxb69KMCVL1Lljpu/3+9,6.240006703706052,10.166528706713606,7.307009953646627
2307600,bA2tJJsSFg7ZCsjBt1GRLiDzdqrM8po/vCebEme4QPhRKxb69KMCVL1Lljpu/3+9,5.932472099025927,22.949898094665663,8.406100339715108
2307900,bA2tJJsSFg7ZCsjBt1GRLiDzdqrM8po/vCebEme4QPhRKxb69KMCVL1Lljpu/3+9,6.006116081836241,31.547126069239383,9.85083665176513
2308200,bA2tJJsSFg7ZCsjBt1GRLiDzdqrM8po/vCebEme4QPhRKxb69KMCVL1Lljpu/3+9,6.320441384074776,59.75807492313169,14.157630686024056
2308500,bA2tJJsSFg7ZCsjBt1GRLiDzdqrM8po/vCebEme4QPhRKxb69KMCVL1Lljpu/3+9,6.02837112049306,10.061018843321774,7.0819990309721135
2308800,bA2tJJsSFg7ZCsjBt1GRLiDzdqrM8po/vCebEme4QPhRKxb69KMCVL1Lljpu/3+9,6.203585665024648,20.719270002072644,9.236050457531649
2309100,bA2tJJsSFg7ZCsjBt1GRLiDzdqrM8po/vCebEme4QPhRKxb69KMCVL1Lljpu/3+9,6.0869853303177965,35.2416107896878,10.052072156961112
2309400,bA2tJJsSFg7ZCsjBt1GRLiDzdqrM8po/vCebEme4QPhRKxb69KMCVL1Lljpu/3+9,6.151620415299353,63.92968814355928,14.101099815329638
2309700,bA2tJJsSFg7ZCsjBt1GRLiDzdqrM8po/vCebEme4QPhRKxb69KMCVL1Lljpu/3+9,5.996905793099536,9.86449934120972,7.101805727663131
2310000,bA2tJJsSFg7ZCsjBt1GRLiDzdqrM8po/vCebEme4QPhRKxb69KMCVL1Lljpu/3+9,6.167305671561229,23.89416904282736,8.360134877110847
2310300,bA2tJJsSFg7ZCsjBt1GRLiDzdqrM8po/vCebEme4QPhRKxb69KMCVL1Lljpu/3+9,6.239670342023253,35.15135186187214,9.819339739072255
2310600,bA2tJJsSFg7ZCsjBt1GRLiDzdqrM8po/vCebEme4QPhRKxb69KMCVL1Lljpu/3+9,6.0867247070384956,65.321121730261,14.146082491349985
2310900,bA2tJJsSFg7ZCsjBt1GRLiDzdqrM8po/vCebEme4QPhRKxb69KMCVL1Lljpu/3+9,6.069884399928371,9.434083583191454,7.089708659279972
2311200,bA2tJJsSFg7ZCsjBt1GRLiDzdqrM8po/vCebEme4QPhRKxb69KMCVL1Lljpu/3+9,5.9451612198654,23.78988544266764,8.270003608038726
2311500,bA2tJJsSFg7ZCsjBt1GRLiDzdqrM8po/vCebEme4QPhRKxb69KMCVL1Lljpu/3+9,5.943056465641809,34.776012972253724,9.835426378329712
2311800,bA2tJJsSFg7ZCsjBt1GRLiDzdqrM8po/vCebEme4QPhRKxb69KMCVL1Lljpu/3+9,6.544013000176851,66.83143711754104,15.387330740623472
2312100,bA2tJJsSFg7ZCsjBt1GRLiDzdqrM8po/vCebEme4QPhRKxb69KMCVL1Lljpu/3+9,5.888198670983789,10.521039207564908,7.051124509699815
2312400,bA2tJJsSFg7ZCsjBt1GRLiDzdqrM8po/vCebEme4QPhRKxb69KMCVL1Lljpu/3+9,6.292339933256081,22.8722483204805,9.110913911151663
2312700,bA2tJJsSFg7ZCsjBt1GRLiDzdqrM8po/vCebEme4QPhRKxb69KMCVL1Lljpu/3+9,5.872858469563849,28.08276691809278,9.89109717327786
2313000,bA2tJJsSFg7ZCsjBt1GRLiDzdqrM8po/vCebEme4QPhRKxb69KMCVL1Lljpu/3+9,6.009020662035763,66.54024958943528,14.22077068197662
2313300,bA2tJJsSFg7ZCsjBt1GRLiDzdqrM8po/vCebEme4QPhRKxb69KMCVL1Lljpu/3+9,5.821362534609583,10.135796631313983,7.105431517211704
2313600,bA2tJJsSFg7ZCsjBt1GRLiDzdqrM8po/vCebEme4QPhRKxb69KMCVL1Lljpu/3+9,6.255728486706368,22.98555560724072,8.309570579454096
2313900,bA2tJJsSFg7ZCsjBt1GRLiDzdqrM8po/vCebEme4QPhRKxb69KMCVL1Lljpu/3+9,5.650320449100044,34.99666963542493,9.810306442071074
2314200,bA2tJJsSFg7ZCsjBt1GRLiDzdqrM8po/vCebEme4QPhRKxb69KMCVL1Lljpu/3+9,5.9350424952778,63.69996825948842,13.888835007396027
2314500,bA2tJJsSFg7ZCsjBt1GRLiDzdqrM8po/vCebEme4QPhRKxb69KMCVL1Lljpu/3+9,5.826385126380085,9.858669018649705,7.125730658736661
2314800,bA2tJJsSFg7ZCsjBt1GRLiDzdqrM8po/vCebEme4QPhRKxb69KMCVL1Lljpu/3+9,5.883889278774501,21.71122920972368,8.149180198975909
2315100,bA2tJJsSFg7ZCsjBt1GRLiDzdqrM8po/vCebEme4QPhRKxb69KMCVL1Lljpu/3+9,5.905480281394673,34.9355565396396,9.985653630265395
2315400,bA2tJJsSFg7ZCsjBt1GRLiDzdqrM8po/vCebEme4QPhRKxb69KMCVL1Lljpu/3+9,6.132408561159924,62.885645229611626,15.159333518498173
2315700,bA2tJJsSFg7ZCsjBt1GRLiDzdqrM8po/vCebEme4QPhRKxb69KMCVL1Lljpu/3+9,5.820145321938083,10.588879914904492,7.068550406795903
2316000,bA2tJJsSFg7ZCsjBt1GRLiDzdqrM8po/vCebEme4QPhRKxb69KMCVL1Lljpu/3+9,6.400851575543405,23.25767351325911,9.19931507920822
2316300,bA2tJJsSFg7ZCsjBt1GRLiDzdqrM8po/vCebEme4QPhRKxb69KMCVL1Lljpu/3+9,5.978269518326584,23.57485242297473,10.02840817808254
2316600,bA2tJJsSFg7ZCsjBt1GRLiDzdqrM8po/vCebEme4QPhRKxb69KMCVL1Lljpu/3+9,5.867633194625741,66.0525819895788,16.886431156484807
2316900,bA2tJJsSFg7ZCsjBt1GRLiDzdqrM8po/vCebEme4QPhRKxb69KMCVL1Lljpu/3+9,12.078028635616468,15.63961702952961,14.021419201253934
2317200,bA2tJJsSFg7ZCsjBt1GRLiDzdqrM8po/vCebEme4QPhRKxb69KMCVL1Lljpu/3+9,6.622515552119142,31.44314250535206,12.520344555682524
2317500,bA2tJJsSFg7ZCsjBt1GRLiDzdqrM8po/vCebEme4QPhRKxb69KMCVL1Lljpu/3+9,5.978527030690054,36.4087844502148,9.912100456297955
2317800,bA2tJJsSFg7ZCsjBt1GRLiDzdqrM8po/vCebEme4QPhRKxb69KMCVL1Lljpu/3+9,5.67437097860995,58.174828159016606,14.47595125757041
2318100,bA2tJJsSFg7ZCsjBt1GRLiDzdqrM8po/vCebEme4QPhRKxb69KMCVL1Lljpu/3+9,6.289938362585056,10.811053013018633,7.39865888053829
2318400,bA2tJJsSFg7ZCsjBt1GRLiDzdqrM8po/vCebEme4QPhRKxb69KMCVL1Lljpu/3+9,5.915012570744008,19.363283617550245,8.510252699681411
2318700,bA2tJJsSFg7ZCsjBt1GRLiDzdqrM8po/vCebEme4QPhRKxb69KMCVL1Lljpu/3+9,5.8669645452345165,34.77492116251656,10.534890938542771
2319000,bA2tJJsSFg7ZCsjBt1GRLiDzdqrM8po/vCebEme4QPhRKxb69KMCVL1Lljpu/3+9,6.006290273109316,73.54054459674765,14.450761280596794
2319300,bA2tJJsSFg7ZCsjBt1GRLiDzdqrM8po/vCebEme4QPhRKxb69KMCVL1Lljpu/3+9,6.2169394704775085,10.671436445133793,7.273866766379494
2319600,bA2tJJsSFg7ZCsjBt1GRLiDzdqrM8po/vCebEme4QPhRKxb69KMCVL1Lljpu/3+9,6.1121198090273525,24.27315689643937,8.876678684343894
2319900,bA2tJJsSFg7ZCsjBt1GRLiDzdqrM8po/vCebEme4QPhRKxb69KMCVL1Lljpu/3+9,6.1033612470904135,35.62981489768484,10.79621146454262
2320200,bA2tJJsSFg7ZCsjBt1GRLiDzdqrM8po/vCebEme4QPhRKxb69KMCVL1Lljpu/3+9,5.589582221266659,62.68769703629278,14.02981523999946
2320500,bA2tJJsSFg7ZCsjBt1GRLiDzdqrM8po/vCebEme4QPhRKxb69KMCVL1Lljpu/3+9,5.94945148756853,10.589977004444776,7.193999116676725
2320800,bA2tJJsSFg7ZCsjBt1GRLiDzdqrM8po/vCebEme4QPhRKxb69KMCVL1Lljpu/3+9,5.832495531932163,23.333334125120672,8.272201682928806
2321100,bA2tJJsSFg7ZCsjBt1GRLiDzdqrM8po/vCebEme4QPhRKxb69KMCVL1Lljpu/3+9,6.180976004913741,33.49064700142378,9.936208645296096
2321400,bA2tJJsSFg7ZCsjBt1GRLiDzdqrM8po/vCebEme4QPhRKxb69KMCVL1Lljpu/3+9,5.5958888716477935,52.134063052173865,13.94526145254916
2321700,bA2tJJsSFg7ZCsjBt1GRLiDzdqrM8po/vCebEme4QPhRKxb69KMCVL1Lljpu/3+9,5.882642631414524,9.94637936419619,7.24981721120535
2322000,bA2tJJsSFg7ZCsjBt1GRLiDzdqrM8po/vCebEme4QPhRKxb69KMCVL1Lljpu/3+9,5.780205084587404,22.167513116114748,8.01740409264339
2322300,bA2tJJsSFg7ZCsjBt1GRLiDzdqrM8po/vCebEme4QPhRKxb69KMCVL1Lljpu/3+9,5.917468640446576,34.32934521015154,9.860914840501396
2322600,bA2tJJsSFg7ZCsjBt1GRLiDzdqrM8po/vCebEme4QPhRKxb69KMCVL1Lljpu/3+9,5.714599749452073,51.2472419728981,13.900879740002596
2322900,bA2tJJsSFg7ZCsjBt1GRLiDzdqrM8po/vCebEme4QPhRKxb69KMCVL1Lljpu/3+9,6.054862429383816,10.310806376158432,7.102608020633276
2323200,bA2tJJsSFg7ZCsjBt1GRLiDzdqrM8po/vCebEme4QPhRKxb69KMCVL1Lljpu/3+9,5.543302470193735,16.57607805974069,8.395697557404304
2323500,bA2tJJsSFg7ZCsjBt1GRLiDzdqrM8po/vCebEme4QPhRKxb69KMCVL1Lljpu/3+9,6.254412418147025,35.46403459651183,10.482608978260563
2323800,bA2tJJsSFg7ZCsjBt1GRLiDzdqrM8po/vCebEme4QPhRKxb69KMCVL1Lljpu/3+9,5.6216634268877375,46.844202724498665,14.801179185097006
2324100,bA2tJJsSFg7ZCsjBt1GRLiDzdqrM8po/vCebEme4QPhRKxb69KMCVL1Lljpu/3+9,5.577623937235483,12.803392683409902,7.047141234421062
2324400,bA2tJJsSFg7ZCsjBt1GRLiDzdqrM8po/vCebEme4QPhRKxb69KMCVL1Lljpu/3+9,5.511333360948033,22.55673106814028,8.039471582437814
2324700,bA2tJJsSFg7ZCsjBt1GRLiDzdqrM8po/vCebEme4QPhRKxb69KMCVL1Lljpu/3+9,5.381181991747145,36.139433502382246,9.70873552979841
2325000,bA2tJJsSFg7ZCsjBt1GRLiDzdqrM8po/vCebEme4QPhRKxb69KMCVL1Lljpu/3+9,5.490252292533512,46.974120073101744,13.760944039253554
2325300,bA2tJJsSFg7ZCsjBt1GRLiDzdqrM8po/vCebEme4QPhRKxb69KMCVL1Lljpu/3+9,5.774542350815676,11.797708636667748,7.067196682817704
2325600,bA2tJJsSFg7ZCsjBt1GRLiDzdqrM8po/vCebEme4QPhRKxb69KMCVL1Lljpu/3+9,5.512512680842883,22.60118900949993,8.02272908966257
2325900,bA2tJJsSFg7ZCsjBt1GRLiDzdqrM8po/vCebEme4QPhRKxb69KMCVL1Lljpu/3+9,5.462269119166043,29.425097076243617,9.619114492390267
2326200,bA2tJJsSFg7ZCsjBt1GRLiDzdqrM8po/vCebEme4QPhRKxb69KMCVL1Lljpu/3+9,5.529274701734352,40.48973285268233,13.90219579530374
2326500,bA2tJJsSFg7ZCsjBt1GRLiDzdqrM8po/vCebEme4QPhRKxb69KMCVL1Lljpu/3+9,5.252471078096556,12.031301694524636,6.79707738246552
2326800,bA2tJJsSFg7ZCsjBt1GRLiDzdqrM8po/vCebEme4QPhRKxb69KMCVL1Lljpu/3+9,5.429340603653189,7.837173028201297,6.557313344369171
2327100,bA2tJJsSFg7ZCsjBt1GRLiDzdqrM8po/vCebEme4QPhRKxb69KMCVL1Lljpu/3+9,5.868898424954763,32.934332113057735,12.096219587222835
2327400,bA2tJJsSFg7ZCsjBt1GRLiDzdqrM8po/vCebEme4QPhRKxb69KMCVL1Lljpu/3+9,5.390360082355468,37.99000863732738,12.989572618065338
2327700,bA2tJJsSFg7ZCsjBt1GRLiDzdqrM8po/vCebEme4QPhRKxb69KMCVL1Lljpu/3+9,5.594081805266017,22.490862995923948,8.414871382130844
2328000,bA2tJJsSFg7ZCsjBt1GRLiDzdqrM8po/vCebEme4QPhRKxb69KMCVL1Lljpu/3+9,5.370167687908652,7.680758147693336,6.439257641809155
2328300,bA2tJJsSFg7ZCsjBt1GRLiDzdqrM8po/vCebEme4QPhRKxb69KMCVL1Lljpu/3+9,5.424433336377249,35.65873422918169,11.31552155553844
2328600,bA2tJJsSFg7ZCsjBt1GRLiDzdqrM8po/vCebEme4QPhRKxb69KMCVL1Lljpu/3+9,5.452398848096363,36.066157809515865,12.20398231875028
2328900,bA2tJJsSFg7ZCsjBt1GRLiDzdqrM8po/vCebEme4QPhRKxb69KMCVL1Lljpu/3+9,5.8100255258427085,23.35937517576982,8.78920686706386
2329200,bA2tJJsSFg7ZCsjBt1GRLiDzdqrM8po/vCebEme4QPhRKxb69KMCVL1Lljpu/3+9,5.537496993325531,8.462518467834412,6.580073159086773
2329500,bA2tJJsSFg7ZCsjBt1GRLiDzdqrM8po/vCebEme4QPhRKxb69KMCVL1Lljpu/3+9,6.024320631866201,31.0087343235271,11.605029695432494
2329800,bA2tJJsSFg7ZCsjBt1GRLiDzdqrM8po/vCebEme4QPhRKxb69KMCVL1Lljpu/3+9,5.9450558651854015,39.282032336382,12.571648812252564
2330100,bA2tJJsSFg7ZCsjBt1GRLiDzdqrM8po/vCebEme4QPhRKxb69KMCVL1Lljpu/3+9,5.798026582729888,18.598156580031795,8.76311305735075
2330400,bA2tJJsSFg7ZCsjBt1GRLiDzdqrM8po/vCebEme4QPhRKxb69KMCVL1Lljpu/3+9,5.912623964974973,8.821963179672807,6.986842990214653
2330700,bA2tJJsSFg7ZCsjBt1GRLiDzdqrM8po/vCebEme4QPhRKxb69KMCVL1Lljpu/3+9,5.831791648796742,36.39500613804418,12.797767727935998
2331000,bA2tJJsSFg7ZCsjBt1GRLiDzdqrM8po/vCebEme4QPhRKxb69KMCVL1Lljpu/3+9,5.764367616815759,43.088890142666926,15.260862197673807
2331300,bA2tJJsSFg7ZCsjBt1GRLiDzdqrM8po/vCebEme4QPhRKxb69KMCVL1Lljpu/3+9,5.9413219958745564,25.962204244866317,10.708213914713024
2331600,bA2tJJsSFg7ZCsjBt1GRLiDzdqrM8po/vCebEme4QPhRKxb69KMCVL1Lljpu/3+9,5.582154595651361,8.24308104980613,6.75637673525442
2331900,bA2tJJsSFg7ZCsjBt1GRLiDzdqrM8po/vCebEme4QPhRKxb69KMCVL1Lljpu/3+9,5.420389528104235,34.95080959687332,11.67475010821536
2332200,bA2tJJsSFg7ZCsjBt1GRLiDzdqrM8po/vCebEme4QPhRKxb69KMCVL1Lljpu/3+9,5.839920219034748,42.45071635297144,12.406012481718564
2332500,bA2tJJsSFg7ZCsjBt1GRLiDzdqrM8po/vCebEme4QPhRKxb69KMCVL1Lljpu/3+9,6.1574619479924895,22.742226657986,9.130412408777776
2332800,bA2tJJsSFg7ZCsjBt1GRLiDzdqrM8po/vCebEme4QPhRKxb69KMCVL1Lljpu/3+9,5.82018405762936,9.13220231465815,6.8262284932178
2333100,bA2tJJsSFg7ZCsjBt1GRLiDzdqrM8po/vCebEme4QPhRKxb69KMCVL1Lljpu/3+9,6.0337154218467415,26.109724025857982,11.869524716811124
2333400,bA2tJJsSFg7ZCsjBt1GRLiDzdqrM8po/vCebEme4QPhRKxb69KMCVL1Lljpu/3+9,6.251259598652113,46.459470776066794,14.23786843391544
2333700,bA2tJJsSFg7ZCsjBt1GRLiDzdqrM8po/vCebEme4QPhRKxb69KMCVL1Lljpu/3+9,5.727763145670258,18.31776943255658,9.10371349506782
2334000,bA2tJJsSFg7ZCsjBt1GRLiDzdqrM8po/vCebEme4QPhRKxb69KMCVL1Lljpu/3+9,5.646715355268387,7.913946201411803,6.615692582465536
2334300,bA2tJJsSFg7ZCsjBt1GRLiDzdqrM8po/vCebEme4QPhRKxb69KMCVL1Lljpu/3+9,5.88319208617612,36.87386389750221,12.694412594235772
2334600,bA2tJJsSFg7ZCsjBt1GRLiDzdqrM8po/vCebEme4QPhRKxb69KMCVL1Lljpu/3+9,5.603438675094552,48.28175944506002,12.473929079146512
2334900,bA2tJJsSFg7ZCsjBt1GRLiDzdqrM8po/vCebEme4QPhRKxb69KMCVL1Lljpu/3+9,5.73761514814549,22.597980901403982,8.6698880172625
2335200,bA2tJJsSFg7ZCsjBt1GRLiDzdqrM8po/vCebEme4QPhRKxb69KMCVL1Lljpu/3+9,6.013326683789985,7.610987371910122,6.778143943511751
2335500,bA2tJJsSFg7ZCsjBt1GRLiDzdqrM8po/vCebEme4QPhRKxb69KMCVL1Lljpu/3+9,5.513652232665485,35.3702223897918,11.414438007848329
2335800,bA2tJJsSFg7ZCsjBt1GRLiDzdqrM8po/vCebEme4QPhRKxb69KMCVL1Lljpu/3+9,5.533592789852761,49.13133659732448,12.377796383164156
2336100,bA2tJJsSFg7ZCsjBt1GRLiDzdqrM8po/vCebEme4QPhRKxb69KMCVL1Lljpu/3+9,5.455434612877236,23.244637693731026,8.72155182626243
2336400,bA2tJJsSFg7ZCsjBt1GRLiDzdqrM8po/vCebEme4QPhRKxb69KMCVL1Lljpu/3+9,5.515871149450349,7.530243043056453,6.548404260778928
2336700,bA2tJJsSFg7ZCsjBt1GRLiDzdqrM8po/vCebEme4QPhRKxb69KMCVL1Lljpu/3+9,5.670570155394247,35.70147922118237,11.452048693286256
2337000,bA2tJJsSFg7ZCsjBt1GRLiDzdqrM8po/vCebEme4QPhRKxb69KMCVL1Lljpu/3+9,5.810369484935909,51.36843714998764,12.364013334567616
2337300,bA2tJJsSFg7ZCsjBt1GRLiDzdqrM8po/vCebEme4QPhRKxb69KMCVL1Lljpu/3+9,5.582088007829616,21.96251796751204,8.489826032921615
2337600,bA2tJJsSFg7ZCsjBt1GRLiDzdqrM8po/vCebEme4QPhRKxb69KMCVL1Lljpu/3+9,5.658238429096598,7.634510863325644,6.565501327036073
2337900,bA2tJJsSFg7ZCsjBt1GRLiDzdqrM8po/vCebEme4QPhRKxb69KMCVL1Lljpu/3+9,5.5901150427552215,38.95253755304299,11.90916215461638
2338200,bA2tJJsSFg7ZCsjBt1GRLiDzdqrM8po/vCebEme4QPhRKxb69KMCVL1Lljpu/3+9,5.626555570271264,58.48710911106737,12.947832528997427
2338500,bA2tJJsSFg7ZCsjBt1GRLiDzdqrM8po/vCebEme4QPhRKxb69KMCVL1Lljpu/3+9,5.6975545385970285,22.011330112989707,8.540416795874433
2338800,bA2tJJsSFg7ZCsjBt1GRLiDzdqrM8po/vCebEme4QPhRKxb69KMCVL1Lljpu/3+9,5.78428826956444,7.991612503836808,6.7239649943112045
2339100,bA2tJJsSFg7ZCsjBt1GRLiDzdqrM8po/vCebEme4QPhRKxb69KMCVL1Lljpu/3+9,5.773729858083715,35.29677917624024,11.62902935392311
2339400,bA2tJJsSFg7ZCsjBt1GRLiDzdqrM8po/vCebEme4QPhRKxb69KMCVL1Lljpu/3+9,5.891293628036679,58.56413881470641,13.220229291057311
2339700,bA2tJJsSFg7ZCsjBt1GRLiDzdqrM8po/vCebEme4QPhRKxb69KMCVL1Lljpu/3+9,5.57387057217484,22.229570425264757,8.645352841333969
2340000,bA2tJJsSFg7ZCsjBt1GRLiDzdqrM8po/vCebEme4QPhRKxb69KMCVL1Lljpu/3+9,5.5524185278067915,7.914435744512652,6.653571075828655
2340300,bA2tJJsSFg7ZCsjBt1GRLiDzdqrM8po/vCebEme4QPhRKxb69KMCVL1Lljpu/3+9,5.967510258017884,22.6684814006666,11.283973752604831
2340600,bA2tJJsSFg7ZCsjBt1GRLiDzdqrM8po/vCebEme4QPhRKxb69KMCVL1Lljpu/3+9,5.612751838605441,60.28869952211897,12.260649212095704
2340900,bA2tJJsSFg7ZCsjBt1GRLiDzdqrM8po/vCebEme4QPhRKxb69KMCVL1Lljpu/3+9,5.910828952405564,21.456345601518827,8.40261103088249
2341200,bA2tJJsSFg7ZCsjBt1GRLiDzdqrM8po/vCebEme4QPhRKxb69KMCVL1Lljpu/3+9,5.557292895201653,7.902618287843181,6.523832710166912
2341500,bA2tJJsSFg7ZCsjBt1GRLiDzdqrM8po/vCebEme4QPhRKxb69KMCVL1Lljpu/3+9,5.920414516701226,31.847020645989968,11.428319475128474
2341800,bA2tJJsSFg7ZCsjBt1GRLiDzdqrM8po/vCebEme4QPhRKxb69KMCVL1Lljpu/3+9,5.370963702138987,61.265485814310566,13.230407889516789
2342100,bA2tJJsSFg7ZCsjBt1GRLiDzdqrM8po/vCebEme4QPhRKxb69KMCVL1Lljpu/3+9,6.286573205805112,22.373225938798665,8.837580035800702
2342400,bA2tJJsSFg7ZCsjBt1GRLiDzdqrM8po/vCebEme4QPhRKxb69KMCVL1Lljpu/3+9,5.756522141157012,7.926733931111187,6.73525189397428
2342700,bA2tJJsSFg7ZCsjBt1GRLiDzdqrM8po/vCebEme4QPhRKxb69KMCVL1Lljpu/3+9,6.252273657761581,31.629184755460308,11.087887976126064
2343000,bA2tJJsSFg7ZCsjBt1GRLiDzdqrM8po/vCebEme4QPhRKxb69KMCVL1Lljpu/3+9,5.570546580795384,61.9826190724642,13.278605697982794
2343300,bA2tJJsSFg7ZCsjBt1GRLiDzdqrM8po/vCebEme4QPhRKxb69KMCVL1Lljpu/3+9,6.101530379063255,21.66463999010425,8.734140409868674
2343600,bA2tJJsSFg7ZCsjBt1GRLiDzdqrM8po/vCebEme4QPhRKxb69KMCVL1Lljpu/3+9,5.551653166539369,7.743914648999213,6.608365765616577
2343900,bA2tJJsSFg7ZCsjBt1GRLiDzdqrM8po/vCebEme4QPhRKxb69KMCVL1Lljpu/3+9,6.142346101851392,21.54550879226478,9.896905412593656
2344200,bA2tJJsSFg7ZCsjBt1GRLiDzdqrM8po/vCebEme4QPhRKxb69KMCVL1Lljpu/3+9,6.078061156266148,63.61706940036414,15.513829780247908
2344500,bA2tJJsSFg7ZCsjBt1GRLiDzdqrM8po/vCebEme4QPhRKxb69KMCVL1Lljpu/3+9,5.557460110212359,24.288632538629145,8.85347206646957
2344800,bA2tJJsSFg7ZCsjBt1GRLiDzdqrM8po/vCebEme4QPhRKxb69KMCVL1Lljpu/3+9,5.8192264523242025,7.748970220758976,6.766330101347732
2345100,bA2tJJsSFg7ZCsjBt1GRLiDzdqrM8po/vCebEme4QPhRKxb69KMCVL1Lljpu/3+9,5.761416865124869,23.69862287409585,10.282373413345358
2345400,bA2tJJsSFg7ZCsjBt1GRLiDzdqrM8po/vCebEme4QPhRKxb69KMCVL1Lljpu/3+9,6.2970291879140845,64.978785093504,15.401435240130064
2345700,bA2tJJsSFg7ZCsjBt1GRLiDzdqrM8po/vCebEme4QPhRKxb69KMCVL1Lljpu/3+9,5.7348639471748,24.177577789279432,8.817876773928853
2346000,bA2tJJsSFg7ZCsjBt1GRLiDzdqrM8po/vCebEme4QPhRKxb69KMCVL1Lljpu/3+9,5.570063172794081,13.893887552703674,8.65968346312192
2346300,bA2tJJsSFg7ZCsjBt1GRLiDzdqrM8po/vCebEme4QPhRKxb69KMCVL1Lljpu/3+9,12.104139128661844,44.37832801983546,18.198025785932877
2346600,bA2tJJsSFg7ZCsjBt1GRLiDzdqrM8po/vCebEme4QPhRKxb69KMCVL1Lljpu/3+9,7.229621548102307,67.74250358001511,18.204997578257963
2346900,bA2tJJsSFg7ZCsjBt1GRLiDzdqrM8po/vCebEme4QPhRKxb69KMCVL1Lljpu/3+9,5.833409394913573,15.949011115854166,8.874488579271889
2347200,bA2tJJsSFg7ZCsjBt1GRLiDzdqrM8po/vCebEme4QPhRKxb69KMCVL1Lljpu/3+9,5.768350662744257,8.049697468185022,6.92530507938147
2347500,bA2tJJsSFg7ZCsjBt1GRLiDzdqrM8po/vCebEme4QPhRKxb69KMCVL1Lljpu/3+9,5.358084464233532,40.26930352005246,11.516242088627502
2347800,bA2tJJsSFg7ZCsjBt1GRLiDzdqrM8po/vCebEme4QPhRKxb69KMCVL1Lljpu/3+9,5.7665677374493445,64.8615045964536,12.728777144691062
2348100,bA2tJJsSFg7ZCsjBt1GRLiDzdqrM8po/vCebEme4QPhRKxb69KMCVL1Lljpu/3+9,5.689115890498504,23.91892933963001,8.950489491984257
2348400,bA2tJJsSFg7ZCsjBt1GRLiDzdqrM8po/vCebEme4QPhRKxb69KMCVL1Lljpu/3+9,5.73246531491183,7.863057396852858,6.786231703839533
2348700,bA2tJJsSFg7ZCsjBt1GRLiDzdqrM8po/vCebEme4QPhRKxb69KMCVL1Lljpu/3+9,5.5441486044991874,23.73018100859905,9.189732239282089
2349000,bA2tJJsSFg7ZCsjBt1GRLiDzdqrM8po/vCebEme4QPhRKxb69KMCVL1Lljpu/3+9,5.812186456717548,66.03916224615044,15.99495081574372
2349300,bA2tJJsSFg7ZCsjBt1GRLiDzdqrM8po/vCebEme4QPhRKxb69KMCVL1Lljpu/3+9,5.690757994637843,24.60989598811853,8.73918810042448
2349600,bA2tJJsSFg7ZCsjBt1GRLiDzdqrM8po/vCebEme4QPhRKxb69KMCVL1Lljpu/3+9,5.576960723943416,8.418412664599636,6.923037040042758
2349900,bA2tJJsSFg7ZCsjBt1GRLiDzdqrM8po/vCebEme4QPhRKxb69KMCVL1Lljpu/3+9,5.380517465489797,24.99806755861176,9.86772493024637
2350200,bA2tJJsSFg7ZCsjBt1GRLiDzdqrM8po/vCebEme4QPhRKxb69KMCVL1Lljpu/3+9,5.3946738005295165,63.5414587392287,13.635161288554952
2350500,bA2tJJsSFg7ZCsjBt1GRLiDzdqrM8po/vCebEme4QPhRKxb69KMCVL1Lljpu/3+9,5.341694859526593,23.626225137645918,8.620422321694049
2350800,bA2tJJsSFg7ZCsjBt1GRLiDzdqrM8po/vCebEme4QPhRKxb69KMCVL1Lljpu/3+9,5.367713272451573,7.72100333349391,6.469886950576141
2351100,bA2tJJsSFg7ZCsjBt1GRLiDzdqrM8po/vCebEme4QPhRKxb69KMCVL1Lljpu/3+9,5.292434576871682,33.37004653229566,10.678751796197227
2351400,bA2tJJsSFg7ZCsjBt1GRLiDzdqrM8po/vCebEme4QPhRKxb69KMCVL1Lljpu/3+9,5.496856580836801,62.5636538793969,13.300202106536478
2351700,bA2tJJsSFg7ZCsjBt1GRLiDzdqrM8po/vCebEme4QPhRKxb69KMCVL1Lljpu/3+9,5.642938580075912,23.99431221658587,8.393648988634602
2352000,bA2tJJsSFg7ZCsjBt1GRLiDzdqrM8po/vCebEme4QPhRKxb69KMCVL1Lljpu/3+9,5.4018223086024255,12.018796545039374,7.161410910110501
2352300,bA2tJJsSFg7ZCsjBt1GRLiDzdqrM8po/vCebEme4QPhRKxb69KMCVL1Lljpu/3+9,5.442629163751633,35.22418798244211,11.15009521149456
2352600,bA2tJJsSFg7ZCsjBt1GRLiDzdqrM8po/vCebEme4QPhRKxb69KMCVL1Lljpu/3+9,5.53379806197921,62.63915688580524,13.741561945659038
2352900,bA2tJJsSFg7ZCsjBt1GRLiDzdqrM8po/vCebEme4QPhRKxb69KMCVL1Lljpu/3+9,5.89314974589153,24.44037018202812,8.565177273613006
2353200,bA2tJJsSFg7ZCsjBt1GRLiDzdqrM8po/vCebEme4QPhRKxb69KMCVL1Lljpu/3+9,5.680117732437504,11.620375378966804,7.268866468543206
2353500,bA2tJJsSFg7ZCsjBt1GRLiDzdqrM8po/vCebEme4QPhRKxb69KMCVL1Lljpu/3+9,6.093141744731804,97.17773503349945,20.65295413713229
2353800,bA2tJJsSFg7ZCsjBt1GRLiDzdqrM8po/vCebEme4QPhRKxb69KMCVL1Lljpu/3+9,6.00006318499632,97.87322928030001,31.32140262779134
2354100,bA2tJJsSFg7ZCsjBt1GRLiDzdqrM8po/vCebEme4QPhRKxb69KMCVL1Lljpu/3+9,6.200576673425292,25.47562188367,9.201908654322079
2354400,bA2tJJsSFg7ZCsjBt1GRLiDzdqrM8po/vCebEme4QPhRKxb69KMCVL1Lljpu/3+9,5.90271194493014,12.163884033000574,7.499410129257415
2354700,bA2tJJsSFg7ZCsjBt1GRLiDzdqrM8po/vCebEme4QPhRKxb69KMCVL1Lljpu/3+9,6.087918997659816,30.207027342116472,10.777247445464392
2355000,bA2tJJsSFg7ZCsjBt1GRLiDzdqrM8po/vCebEme4QPhRKxb69KMCVL1Lljpu/3+9,6.046714193724502,57.73028632081458,14.56980244156776
2355300,bA2tJJsSFg7ZCsjBt1GRLiDzdqrM8po/vCebEme4QPhRKxb69KMCVL1Lljpu/3+9,5.839273118064872,23.408963478329508,8.438487789507567
2355600,bA2tJJsSFg7ZCsjBt1GRLiDzdqrM8po/vCebEme4QPhRKxb69KMCVL1Lljpu/3+9,5.768162701728893,11.620843433179514,7.3536310190278975
2355900,bA2tJJsSFg7ZCsjBt1GRLiDzdqrM8po/vCebEme4QPhRKxb69KMCVL1Lljpu/3+9,5.74246342486334,36.61511692497924,11.433230465598164
2356200,bA2tJJsSFg7ZCsjBt1GRLiDzdqrM8po/vCebEme4QPhRKxb69KMCVL1Lljpu/3+9,5.809167098072601,58.92488127781262,13.880781284738662
2356500,bA2tJJsSFg7ZCsjBt1GRLiDzdqrM8po/vCebEme4QPhRKxb69KMCVL1Lljpu/3+9,5.909516233644897,21.347441808487105,8.560679165594097
2356800,bA2tJJsSFg7ZCsjBt1GRLiDzdqrM8po/vCebEme4QPhRKxb69KMCVL1Lljpu/3+9,5.757318914581367,11.45561438953114,7.301032315588939
2357100,bA2tJJsSFg7ZCsjBt1GRLiDzdqrM8po/vCebEme4QPhRKxb69KMCVL1Lljpu/3+9,5.676212975091802,38.70261691116688,9.98796748077844
2357400,bA2tJJsSFg7ZCsjBt1GRLiDzdqrM8po/vCebEme4QPhRKxb69KMCVL1Lljpu/3+9,5.762834688126293,46.74113692830455,14.60363425603444
2357700,bA2tJJsSFg7ZCsjBt1GRLiDzdqrM8po/vCebEme4QPhRKxb69KMCVL1Lljpu/3+9,5.876903176782515,24.29191678294276,8.729465400717144
2358000,bA2tJJsSFg7ZCsjBt1GRLiDzdqrM8po/vCebEme4QPhRKxb69KMCVL1Lljpu/3+9,6.352503131245182,10.750484871352649,7.543645655358405
2358300,bA2tJJsSFg7ZCsjBt1GRLiDzdqrM8po/vCebEme4QPhRKxb69KMCVL1Lljpu/3+9,5.854223693270566,49.07090326615209,11.181186917350397
2358600,bA2tJJsSFg7ZCsjBt1GRLiDzdqrM8po/vCebEme4QPhRKxb69KMCVL1Lljpu/3+9,6.169542750487676,46.99960895354372,14.038829394197933
2358900,bA2tJJsSFg7ZCsjBt1GRLiDzdqrM8po/vCebEme4QPhRKxb69KMCVL1Lljpu/3+9,6.050596722863052,23.67774021699545,8.693864010713225
2359200,bA2tJJsSFg7ZCsjBt1GRLiDzdqrM8po/vCebEme4QPhRKxb69KMCVL1Lljpu/3+9,5.874116136345186,11.180942546942129,7.478184127073233
2359500,bA2tJJsSFg7ZCsjBt1GRLiDzdqrM8po/vCebEme4QPhRKxb69KMCVL1Lljpu/3+9,6.014473094580417,24.00493344325748,8.71429860465243
2359800,bA2tJJsSFg7ZCsjBt1GRLiDzdqrM8po/vCebEme4QPhRKxb69KMCVL1Lljpu/3+9,6.4677988550100585,51.37791396874812,24.88983120772713
2360100,bA2tJJsSFg7ZCsjBt1GRLiDzdqrM8po/vCebEme4QPhRKxb69KMCVL1Lljpu/3+9,6.297821106006515,11.767008393502184,8.511897635383235
2360400,bA2tJJsSFg7ZCsjBt1GRLiDzdqrM8po/vCebEme4QPhRKxb69KMCVL1Lljpu/3+9,6.096872326678233,24.58266253518445,9.287507060671143
2360700,bA2tJJsSFg7ZCsjBt1GRLiDzdqrM8po/vCebEme4QPhRKxb69KMCVL1Lljpu/3+9,6.0696383409725065,8.564086805306044,7.067075107275719
2361000,bA2tJJsSFg7ZCsjBt1GRLiDzdqrM8po/vCebEme4QPhRKxb69KMCVL1Lljpu/3+9,6.171348183721446,54.73818035556857,18.12940922546668
2361300,bA2tJJsSFg7ZCsjBt1GRLiDzdqrM8po/vCebEme4QPhRKxb69KMCVL1Lljpu/3+9,6.151367695247344,8.94019968373406,7.269237479641078
2361600,bA2tJJsSFg7ZCsjBt1GRLiDzdqrM8po/vCebEme4QPhRKxb69KMCVL1Lljpu/3+9,6.489512487578719,26.152681690805363,9.39438098228788
2361900,bA2tJJsSFg7ZCsjBt1GRLiDzdqrM8po/vCebEme4QPhRKxb69KMCVL1Lljpu/3+9,6.302114161746378,29.583929475160517,9.696678894926045
2362200,bA2tJJsSFg7ZCsjBt1GRLiDzdqrM8po/vCebEme4QPhRKxb69KMCVL1Lljpu/3+9,6.675005642981619,44.9928335517286,16.269339924352707
2362500,bA2tJJsSFg7ZCsjBt1GRLiDzdqrM8po/vCebEme4QPhRKxb69KMCVL1Lljpu/3+9,6.323012693219919,10.303212015736191,7.493848827094423
2362800,bA2tJJsSFg7ZCsjBt1GRLiDzdqrM8po/vCebEme4QPhRKxb69KMCVL1Lljpu/3+9,6.559849546565559,25.71409775155979,9.28286585843182
2363100,bA2tJJsSFg7ZCsjBt1GRLiDzdqrM8po/vCebEme4QPhRKxb69KMCVL1Lljpu/3+9,6.073767608673897,36.145677949040326,9.939376723131936
2363400,bA2tJJsSFg7ZCsjBt1GRLiDzdqrM8po/vCebEme4QPhRKxb69KMCVL1Lljpu/3+9,6.418579784299146,36.744276804807214,15.143637806181069
2363700,bA2tJJsSFg7ZCsjBt1GRLiDzdqrM8po/vCebEme4QPhRKxb69KMCVL1Lljpu/3+9,5.715880425717272,10.704458989958004,7.484355306908933
2364000,bA2tJJsSFg7ZCsjBt1GRLiDzdqrM8po/vCebEme4QPhRKxb69KMCVL1Lljpu/3+9,6.149310682107083,22.96744111458965,8.875094446512056
2364300,bA2tJJsSFg7ZCsjBt1GRLiDzdqrM8po/vCebEme4QPhRKxb69KMCVL1Lljpu/3+9,5.621961888604993,35.315578173689694,9.47045807714561
2364600,bA2tJJsSFg7ZCsjBt1GRLiDzdqrM8po/vCebEme4QPhRKxb69KMCVL1Lljpu/3+9,6.383097260106493,35.77185290493407,14.569501431121887
2364900,bA2tJJsSFg7ZCsjBt1GRLiDzdqrM8po/vCebEme4QPhRKxb69KMCVL1Lljpu/3+9,5.770030039390285,8.443003082194286,6.894031625404743
2365200,bA2tJJsSFg7ZCsjBt1GRLiDzdqrM8po/vCebEme4QPhRKxb69KMCVL1Lljpu/3+9,6.334665998403248,22.87516070682207,8.853428111411214
2365500,bA2tJJsSFg7ZCsjBt1GRLiDzdqrM8po/vCebEme4QPhRKxb69KMCVL1Lljpu/3+9,5.778212041913174,35.23514878499338,9.49311044173388
2365800,bA2tJJsSFg7ZCsjBt1GRLiDzdqrM8po/vCebEme4QPhRKxb69KMCVL1Lljpu/3+9,6.455339917032821,42.13992888482056,14.768597820083404
2366100,bA2tJJsSFg7ZCsjBt1GRLiDzdqrM8po/vCebEme4QPhRKxb69KMCVL1Lljpu/3+9,5.789684256127526,8.29554288978132,6.745162220771412
2366400,bA2tJJsSFg7ZCsjBt1GRLiDzdqrM8po/vCebEme4QPhRKxb69KMCVL1Lljpu/3+9,6.463630443900465,26.225032920564267,8.933769947978737
2366700,bA2tJJsSFg7ZCsjBt1GRLiDzdqrM8po/vCebEme4QPhRKxb69KMCVL1Lljpu/3+9,5.779897825011605,31.47622153673532,9.29592926315922
2367000,bA2tJJsSFg7ZCsjBt1GRLiDzdqrM8po/vCebEme4QPhRKxb69KMCVL1Lljpu/3+9,6.389616694605267,47.10798867029615,15.994174232205648
2367300,bA2tJJsSFg7ZCsjBt1GRLiDzdqrM8po/vCebEme4QPhRKxb69KMCVL1Lljpu/3+9,6.197983573509237,11.19405757821112,7.8748249176530685
2367600,bA2tJJsSFg7ZCsjBt1GRLiDzdqrM8po/vCebEme4QPhRKxb69KMCVL1Lljpu/3+9,6.567239515143373,26.564778086282686,9.02063267799684
2367900,bA2tJJsSFg7ZCsjBt1GRLiDzdqrM8po/vCebEme4QPhRKxb69KMCVL1Lljpu/3+9,5.6547980242708205,8.650940724018302,6.769235949480644
2368200,bA2tJJsSFg7ZCsjBt1GRLiDzdqrM8po/vCebEme4QPhRKxb69KMCVL1Lljpu/3+9,6.44869230740155,55.98838044970207,17.68012885669488
2368500,bA2tJJsSFg7ZCsjBt1GRLiDzdqrM8po/vCebEme4QPhRKxb69KMCVL1Lljpu/3+9,5.937581256502994,8.646082673966713,6.99735366118882
2368800,bA2tJJsSFg7ZCsjBt1GRLiDzdqrM8po/vCebEme4QPhRKxb69KMCVL1Lljpu/3+9,5.851340908110175,18.552214014905733,8.870010965021825
2369100,bA2tJJsSFg7ZCsjBt1GRLiDzdqrM8po/vCebEme4QPhRKxb69KMCVL1Lljpu/3+9,5.990348956162541,13.574477065575858,7.437312705433632
2369400,bA2tJJsSFg7ZCsjBt1GRLiDzdqrM8po/vCebEme4QPhRKxb69KMCVL1Lljpu/3+9,6.030080357443417,59.178214964753344,17.42468610809629
2369700,bA2tJJsSFg7ZCsjBt1GRLiDzdqrM8po/vCebEme4QPhRKxb69KMCVL1Lljpu/3+9,6.088592205566848,8.474568149059566,7.073334587566212
2370000,bA2tJJsSFg7ZCsjBt1GRLiDzdqrM8po/vCebEme4QPhRKxb69KMCVL1Lljpu/3+9,5.9073438455090415,29.351527592863757,9.0632783175367
2370300,bA2tJJsSFg7ZCsjBt1GRLiDzdqrM8po/vCebEme4QPhRKxb69KMCVL1Lljpu/3+9,5.762076970490263,8.444040537401934,6.77728037563516
2370600,bA2tJJsSFg7ZCsjBt1GRLiDzdqrM8po/vCebEme4QPhRKxb69KMCVL1Lljpu/3+9,5.650217523676839,62.843117385261394,18.67500770290456
2370900,bA2tJJsSFg7ZCsjBt1GRLiDzdqrM8po/vCebEme4QPhRKxb69KMCVL1Lljpu/3+9,6.108573843036945,12.871256760741684,7.90116304331721
2371200,bA2tJJsSFg7ZCsjBt1GRLiDzdqrM8po/vCebEme4QPhRKxb69KMCVL1Lljpu/3+9,6.14779658447443,28.68677671577077,9.265991552403385
2371500,bA2tJJsSFg7ZCsjBt1GRLiDzdqrM8po/vCebEme4QPhRKxb69KMCVL1Lljpu/3+9,6.0416370128823145,8.077857024817733,7.1464241049796415
2371800,bA2tJJsSFg7ZCsjBt1GRLiDzdqrM8po/vCebEme4QPhRKxb69KMCVL1Lljpu/3+9,6.388173918705628,66.32702055640871,18.74556871405129
2372100,bA2tJJsSFg7ZCsjBt1GRLiDzdqrM8po/vCebEme4QPhRKxb69KMCVL1Lljpu/3+9,6.273967461050718,9.692432068492248,7.48107794449951
2372400,bA2tJJsSFg7ZCsjBt1GRLiDzdqrM8po/vCebEme4QPhRKxb69KMCVL1Lljpu/3+9,6.77864562686692,24.590279923606065,9.663633452955949
2372700,bA2tJJsSFg7ZCsjBt1GRLiDzdqrM8po/vCebEme4QPhRKxb69KMCVL1Lljpu/3+9,6.488135227229227,8.86097634502017,7.374959617410253
2373000,bA2tJJsSFg7ZCsjBt1GRLiDzdqrM8po/vCebEme4QPhRKxb69KMCVL1Lljpu/3+9,6.5413294924426255,67.1407766016255,19.794294537413315
2373300,bA2tJJsSFg7ZCsjBt1GRLiDzdqrM8po/vCebEme4QPhRKxb69KMCVL1Lljpu/3+9,6.490819980088037,9.069126291282272,7.358913208675334
2373600,bA2tJJsSFg7ZCsjBt1GRLiDzdqrM8po/vCebEme4QPhRKxb69KMCVL1Lljpu/3+9,6.041723078219012,26.420408553847174,10.017308045392928
2373900,bA2tJJsSFg7ZCsjBt1GRLiDzdqrM8po/vCebEme4QPhRKxb69KMCVL1Lljpu/3+9,6.450323442525622,8.18516456709566,7.18000989829602
2374200,bA2tJJsSFg7ZCsjBt1GRLiDzdqrM8po/vCebEme4QPhRKxb69KMCVL1Lljpu/3+9,6.380406185539023,66.05243102352523,18.131535844739293
2374500,bA2tJJsSFg7ZCsjBt1GRLiDzdqrM8po/vCebEme4QPhRKxb69KMCVL1Lljpu/3+9,6.559344615012931,14.269897877660709,8.10952958892507
2374800,bA2tJJsSFg7ZCsjBt1GRLiDzdqrM8po/vCebEme4QPhRKxb69KMCVL1Lljpu/3+9,6.3516955284761405,19.723466782115,9.502078611047027
2375100,bA2tJJsSFg7ZCsjBt1GRLiDzdqrM8po/vCebEme4QPhRKxb69KMCVL1Lljpu/3+9,6.3064880731535125,7.8561937810558575,7.07926153451175
2375400,bA2tJJsSFg7ZCsjBt1GRLiDzdqrM8po/vCebEme4QPhRKxb69KMCVL1Lljpu/3+9,5.89092066268325,71.22585554067376,19.2309915346498
2375700,bA2tJJsSFg7ZCsjBt1GRLiDzdqrM8po/vCebEme4QPhRKxb69KMCVL1Lljpu/3+9,12.1621495651327,18.39298782402473,14.02290016199304
2376000,bA2tJJsSFg7ZCsjBt1GRLiDzdqrM8po/vCebEme4QPhRKxb69KMCVL1Lljpu/3+9,7.998831338606416,35.50405750028318,16.048154073419543
2376300,bA2tJJsSFg7ZCsjBt1GRLiDzdqrM8po/vCebEme4QPhRKxb69KMCVL1Lljpu/3+9,6.00680932475918,7.616068453282646,6.751975126278955
2376600,bA2tJJsSFg7ZCsjBt1GRLiDzdqrM8po/vCebEme4QPhRKxb69KMCVL1Lljpu/3+9,6.157928786665032,61.99770649019081,18.81183967824108
2376900,bA2tJJsSFg7ZCsjBt1GRLiDzdqrM8po/vCebEme4QPhRKxb69KMCVL1Lljpu/3+9,5.827892097492643,17.28990153019825,7.918946657217248
2377200,bA2tJJsSFg7ZCsjBt1GRLiDzdqrM8po/vCebEme4QPhRKxb69KMCVL1Lljpu/3+9,5.736219679346896,23.580122176319097,8.834949210853614
2377500,bA2tJJsSFg7ZCsjBt1GRLiDzdqrM8po/vCebEme4QPhRKxb69KMCVL1Lljpu/3+9,5.7029772675887935,8.469416531135227,6.864951776537891
2377800,bA2tJJsSFg7ZCsjBt1GRLiDzdqrM8po/vCebEme4QPhRKxb69KMCVL1Lljpu/3+9,6.05927841561248,62.10295617925162,17.253727078432608
2378100,bA2tJJsSFg7ZCsjBt1GRLiDzdqrM8po/vCebEme4QPhRKxb69KMCVL1Lljpu/3+9,5.794376189307886,11.03807103177098,7.508562964812786
2378400,bA2tJJsSFg7ZCsjBt1GRLiDzdqrM8po/vCebEme4QPhRKxb69KMCVL1Lljpu/3+9,5.987841408136041,23.089381698740837,10.297756966058092
2378700,bA2tJJsSFg7ZCsjBt1GRLiDzdqrM8po/vCebEme4QPhRKxb69KMCVL1Lljpu/3+9,5.593435235362368,7.667270713540602,6.594644359637248
2379000,bA2tJJsSFg7ZCsjBt1GRLiDzdqrM8po/vCebEme4QPhRKxb69KMCVL1Lljpu/3+9,5.6353413103152405,37.166880705351915,12.367011378274391
2379300,bA2tJJsSFg7ZCsjBt1GRLiDzdqrM8po/vCebEme4QPhRKxb69KMCVL1Lljpu/3+9,5.8360365863179355,11.843914613792249,7.42218548746833
2379600,bA2tJJsSFg7ZCsjBt1GRLiDzdqrM8po/vCebEme4QPhRKxb69KMCVL1Lljpu/3+9,6.291734196721484,23.484569422379508,9.033697549144376
2379900,bA2tJJsSFg7ZCsjBt1GRLiDzdqrM8po/vCebEme4QPhRKxb69KMCVL1Lljpu/3+9,6.0446041917108975,8.140598146036393,6.746299105645223
2380200,bA2tJJsSFg7ZCsjBt1GRLiDzdqrM8po/vCebEme4QPhRKxb69KMCVL1Lljpu/3+9,5.759811176394992,59.95141247631835,17.307191491305662
2380500,bA2tJJsSFg7ZCsjBt1GRLiDzdqrM8po/vCebEme4QPhRKxb69KMCVL1Lljpu/3+9,5.524677614442592,12.659401303839864,7.329338151412311
2380800,bA2tJJsSFg7ZCsjBt1GRLiDzdqrM8po/vCebEme4QPhRKxb69KMCVL1Lljpu/3+9,5.620442453364496,18.016061437623335,8.904243131604865
2381100,bA2tJJsSFg7ZCsjBt1GRLiDzdqrM8po/vCebEme4QPhRKxb69KMCVL1Lljpu/3+9,5.759392705617786,7.982032437900272,6.822109376624609
2381400,bA2tJJsSFg7ZCsjBt1GRLiDzdqrM8po/vCebEme4QPhRKxb69KMCVL1Lljpu/3+9,6.0416149675488295,57.358394721840455,17.19962324800218
2381700,bA2tJJsSFg7ZCsjBt1GRLiDzdqrM8po/vCebEme4QPhRKxb69KMCVL1Lljpu/3+9,5.976026755029208,16.562903329934784,7.923008056319418
2382000,bA2tJJsSFg7ZCsjBt1GRLiDzdqrM8po/vCebEme4QPhRKxb69KMCVL1Lljpu/3+9,6.215673865654104,24.80265658538593,9.692903051398597
2382300,bA2tJJsSFg7ZCsjBt1GRLiDzdqrM8po/vCebEme4QPhRKxb69KMCVL1Lljpu/3+9,5.750109123062732,8.156279190721557,6.784901651525259
2382600,bA2tJJsSFg7ZCsjBt1GRLiDzdqrM8po/vCebEme4QPhRKxb69KMCVL1Lljpu/3+9,5.572247632008045,50.03038770939915,16.181153864821248
2382900,bA2tJJsSFg7ZCsjBt1GRLiDzdqrM8po/vCebEme4QPhRKxb69KMCVL1Lljpu/3+9,5.980373649990628,21.461086057660175,8.364683557675788
2383200,bA2tJJsSFg7ZCsjBt1GRLiDzdqrM8po/vCebEme4QPhRKxb69KMCVL1Lljpu/3+9,5.997556473609784,23.853247399019,9.643491601150073
2383500,bA2tJJsSFg7ZCsjBt1GRLiDzdqrM8po/vCebEme4QPhRKxb69KMCVL1Lljpu/3+9,5.7015073253376976,7.745356470177386,6.5112021597524254
2383800,bA2tJJsSFg7ZCsjBt1GRLiDzdqrM8po/vCebEme4QPhRKxb69KMCVL1Lljpu/3+9,5.735648602269191,81.91038390417792,24.36298792006033
2384100,bA2tJJsSFg7ZCsjBt1GRLiDzdqrM8po/vCebEme4QPhRKxb69KMCVL1Lljpu/3+9,6.251025105185574,70.49423376069312,13.704691974457404
2384400,bA2tJJsSFg7ZCsjBt1GRLiDzdqrM8po/vCebEme4QPhRKxb69KMCVL1Lljpu/3+9,5.952987896095029,24.17661198912193,8.924104821014703
2384700,bA2tJJsSFg7ZCsjBt1GRLiDzdqrM8po/vCebEme4QPhRKxb69KMCVL1Lljpu/3+9,5.924195134732373,8.203650736569365,6.818187848094338
2385000,bA2tJJsSFg7ZCsjBt1GRLiDzdqrM8po/vCebEme4QPhRKxb69KMCVL1Lljpu/3+9,6.010772746644323,46.75297057367146,15.815308926625653
2385300,bA2tJJsSFg7ZCsjBt1GRLiDzdqrM8po/vCebEme4QPhRKxb69KMCVL1Lljpu/3+9,5.87659368034416,25.051048097012632,8.650928068199491
2385600,bA2tJJsSFg7ZCsjBt1GRLiDzdqrM8po/vCebEme4QPhRKxb69KMCVL1Lljpu/3+9,5.733764126670378,24.2439017921486,9.512021862574024
2385900,bA2tJJsSFg7ZCsjBt1GRLiDzdqrM8po/vCebEme4QPhRKxb69KMCVL1Lljpu/3+9,5.760936904383506,7.831943932545549,6.689777252595909
2386200,bA2tJJsSFg7ZCsjBt1GRLiDzdqrM8po/vCebEme4QPhRKxb69KMCVL1Lljpu/3+9,5.722295923828658,45.69536401301508,15.394555185418255
2386500,bA2tJJsSFg7ZCsjBt1GRLiDzdqrM8po/vCebEme4QPhRKxb69KMCVL1Lljpu/3+9,5.824038306133116,26.02285112155972,8.77447255375753
2386800,bA2tJJsSFg7ZCsjBt1GRLiDzdqrM8po/vCebEme4QPhRKxb69KMCVL1Lljpu/3+9,5.846452820721006,23.971852820478446,8.593590797884266
2387100,bA2tJJsSFg7ZCsjBt1GRLiDzdqrM8po/vCebEme4QPhRKxb69KMCVL1Lljpu/3+9,5.737567067565426,7.613013464672627,6.554877181054041
2387400,bA2tJJsSFg7ZCsjBt1GRLiDzdqrM8po/vCebEme4QPhRKxb69KMCVL1Lljpu/3+9,5.84549083361066,27.753346663461254,11.197140205412444
