timestamp,vm_id,min cpu,max cpu,avg cpu
0,Fs0RWRI+BTU8D0PDSTtkY/dKembMUBrUthPE/p8dkRXb+Eff7o88UGzmZ+v98Nx+,2.6570754307059263,6.028369272309777,3.233888283578267
300,Fs0RWRI+BTU8D0PDSTtkY/dKembMUBrUthPE/p8dkRXb+Eff7o88UGzmZ+v98Nx+,2.4417679027714567,3.322171793650055,2.9450781086980387
600,Fs0RWRI+BTU8D0PDSTtkY/dKembMUBrUthPE/p8dkRXb+Eff7o88UGzmZ+v98Nx+,2.7015940041120814,9.727079910267012,5.328302151489782
900,Fs0RWRI+BTU8D0PDSTtkY/dKembMUBrUthPE/p8dkRXb+Eff7o88UGzmZ+v98Nx+,2.5225793503768994,3.4858520372758774,2.995947434199135
1200,Fs0RWRI+BTU8D0PDSTtkY/dKembMUBrUthPE/p8dkRXb+Eff7o88UGzmZ+v98Nx+,2.4611611883576328,5.722888592913734,3.1532672867995
1500,Fs0RWRI+BTU8D0PDSTtkY/dKembMUBrUthPE/p8dkRXb+Eff7o88UGzmZ+v98Nx+,2.661686495196834,3.438889045499849,2.992444444879324
1800,Fs0RWRI+BTU8D0PDSTtkY/dKembMUBrUthPE/p8dkRXb+Eff7o88UGzmZ+v98Nx+,2.53640992832877,6.140611133221997,3.237246071830052
2100,Fs0RWRI+BTU8D0PDSTtkY/dKembMUBrUthPE/p8dkRXb+Eff7o88UGzmZ+v98Nx+,2.6593775765952783,3.4111130821001128,3.1034031510656663
2400,Fs0RWRI+BTU8D0PDSTtkY/dKembMUBrUthPE/p8dkRXb+Eff7o88UGzmZ+v98Nx+,2.524049352032003,5.6914563494560175,3.362212383292797
2700,Fs0RWRI+BTU8D0PDSTtkY/dKembMUBrUthPE/p8dkRXb+Eff7o88UGzmZ+v98Nx+,2.4744366579318533,3.6455053820631207,3.0479563761096187
3000,Fs0RWRI+BTU8D0PDSTtkY/dKembMUBrUthPE/p8dkRXb+Eff7o88UGzmZ+v98Nx+,2.691362790945779,6.287806110383736,3.425796813550712
3300,Fs0RWRI+BTU8D0PDSTtkY/dKembMUBrUthPE/p8dkRXb+Eff7o88UGzmZ+v98Nx+,2.9548497496608146,46.21722714387549,11.100725307671404
3600,Fs0RWRI+BTU8D0PDSTtkY/dKembMUBrUthPE/p8dkRXb+Eff7o88UGzmZ+v98Nx+,2.5992621890181486,6.715903871079287,3.4646764420055893
3900,Fs0RWRI+BTU8D0PDSTtkY/dKembMUBrUthPE/p8dkRXb+Eff7o88UGzmZ+v98Nx+,2.795869070985824,3.665751958363401,3.24229375245518
4200,Fs0RWRI+BTU8D0PDSTtkY/dKembMUBrUthPE/p8dkRXb+Eff7o88UGzmZ+v98Nx+,2.859118919311113,6.0326097450504985,3.3620052989677127
4500,Fs0RWRI+BTU8D0PDSTtkY/dKembMUBrUthPE/p8dkRXb+Eff7o88UGzmZ+v98Nx+,2.6918386114988406,9.543697841966354,5.19252504959921
4800,Fs0RWRI+BTU8D0PDSTtkY/dKembMUBrUthPE/p8dkRXb+Eff7o88UGzmZ+v98Nx+,2.6057046181016976,5.918909917409508,3.2812374752628592
5100,Fs0RWRI+BTU8D0PDSTtkY/dKembMUBrUthPE/p8dkRXb+Eff7o88UGzmZ+v98Nx+,2.5849246324521937,3.313792155656357,3.01237301882764
5400,Fs0RWRI+BTU8D0PDSTtkY/dKembMUBrUthPE/p8dkRXb+Eff7o88UGzmZ+v98Nx+,2.5055745486610563,5.840136136912403,3.248420209895849
5700,Fs0RWRI+BTU8D0PDSTtkY/dKembMUBrUthPE/p8dkRXb+Eff7o88UGzmZ+v98Nx+,2.519713681334064,3.5329063291099305,3.085730865246876
6000,Fs0RWRI+BTU8D0PDSTtkY/dKembMUBrUthPE/p8dkRXb+Eff7o88UGzmZ+v98Nx+,2.7344056251018074,5.880430231590208,3.299488424822907
6300,Fs0RWRI+BTU8D0PDSTtkY/dKembMUBrUthPE/p8dkRXb+Eff7o88UGzmZ+v98Nx+,2.68933457160247,3.5999297587890258,3.130581272486528
6600,Fs0RWRI+BTU8D0PDSTtkY/dKembMUBrUthPE/p8dkRXb+Eff7o88UGzmZ+v98Nx+,2.6738602248033576,7.2020643042209995,3.672132403961185
6900,Fs0RWRI+BTU8D0PDSTtkY/dKembMUBrUthPE/p8dkRXb+Eff7o88UGzmZ+v98Nx+,2.7661842452116057,3.42936675183268,3.1853735879767364
7200,Fs0RWRI+BTU8D0PDSTtkY/dKembMUBrUthPE/p8dkRXb+Eff7o88UGzmZ+v98Nx+,2.796743840413562,5.862598395075789,3.2729797955619486
7500,Fs0RWRI+BTU8D0PDSTtkY/dKembMUBrUthPE/p8dkRXb+Eff7o88UGzmZ+v98Nx+,2.62807385737106,16.63533720715177,4.478184913439363
7800,Fs0RWRI+BTU8D0PDSTtkY/dKembMUBrUthPE/p8dkRXb+Eff7o88UGzmZ+v98Nx+,2.709499805663869,5.653823497620496,3.328269958277688
8100,Fs0RWRI+BTU8D0PDSTtkY/dKembMUBrUthPE/p8dkRXb+Eff7o88UGzmZ+v98Nx+,2.623871449133407,9.612147669588785,5.349045715216755
8400,Fs0RWRI+BTU8D0PDSTtkY/dKembMUBrUthPE/p8dkRXb+Eff7o88UGzmZ+v98Nx+,2.6221411121675966,5.432578550701751,3.321030135798815
8700,Fs0RWRI+BTU8D0PDSTtkY/dKembMUBrUthPE/p8dkRXb+Eff7o88UGzmZ+v98Nx+,2.843736270922153,22.706181469661328,5.267227330948393
9000,Fs0RWRI+BTU8D0PDSTtkY/dKembMUBrUthPE/p8dkRXb+Eff7o88UGzmZ+v98Nx+,2.6574991557043126,5.444641941597991,3.2662261294719404
9300,Fs0RWRI+BTU8D0PDSTtkY/dKembMUBrUthPE/p8dkRXb+Eff7o88UGzmZ+v98Nx+,2.597744564456298,3.948787159286256,3.283200905722339
9600,Fs0RWRI+BTU8D0PDSTtkY/dKembMUBrUthPE/p8dkRXb+Eff7o88UGzmZ+v98Nx+,2.852668999323897,5.832037041620144,3.4918480287412383
9900,Fs0RWRI+BTU8D0PDSTtkY/dKembMUBrUthPE/p8dkRXb+Eff7o88UGzmZ+v98Nx+,2.6389713291038923,4.381866480686395,3.3510160848056354
10200,Fs0RWRI+BTU8D0PDSTtkY/dKembMUBrUthPE/p8dkRXb+Eff7o88UGzmZ+v98Nx+,2.59596418634395,4.942293432914552,3.4249260842998006
10500,Fs0RWRI+BTU8D0PDSTtkY/dKembMUBrUthPE/p8dkRXb+Eff7o88UGzmZ+v98Nx+,2.6686782984424693,3.5651290109082363,3.14925430308009
10800,Fs0RWRI+BTU8D0PDSTtkY/dKembMUBrUthPE/p8dkRXb+Eff7o88UGzmZ+v98Nx+,2.6515103226170447,5.518531059203936,3.3931070459320063
11100,Fs0RWRI+BTU8D0PDSTtkY/dKembMUBrUthPE/p8dkRXb+Eff7o88UGzmZ+v98Nx+,2.6110543680868443,3.371515267942919,3.054638023125018
11400,Fs0RWRI+BTU8D0PDSTtkY/dKembMUBrUthPE/p8dkRXb+Eff7o88UGzmZ+v98Nx+,2.6862693601355527,5.6193025139256365,3.451087084916084
11700,Fs0RWRI+BTU8D0PDSTtkY/dKembMUBrUthPE/p8dkRXb+Eff7o88UGzmZ+v98Nx+,2.7182012980846566,8.775189440466454,4.869896405131695
12000,Fs0RWRI+BTU8D0PDSTtkY/dKembMUBrUthPE/p8dkRXb+Eff7o88UGzmZ+v98Nx+,2.732553838168697,5.881801250350426,3.536834991593776
12300,Fs0RWRI+BTU8D0PDSTtkY/dKembMUBrUthPE/p8dkRXb+Eff7o88UGzmZ+v98Nx+,2.694078665144619,3.383022048396332,3.0813988711949727
12600,Fs0RWRI+BTU8D0PDSTtkY/dKembMUBrUthPE/p8dkRXb+Eff7o88UGzmZ+v98Nx+,2.619044292624456,5.7405851858464825,3.297904924032008
12900,Fs0RWRI+BTU8D0PDSTtkY/dKembMUBrUthPE/p8dkRXb+Eff7o88UGzmZ+v98Nx+,2.6101000532001915,3.613575477496753,3.0665784885211
13200,Fs0RWRI+BTU8D0PDSTtkY/dKembMUBrUthPE/p8dkRXb+Eff7o88UGzmZ+v98Nx+,2.691012365575131,5.695231768181793,3.324424160663704
13500,Fs0RWRI+BTU8D0PDSTtkY/dKembMUBrUthPE/p8dkRXb+Eff7o88UGzmZ+v98Nx+,2.5325113622410664,3.674137476164121,3.041037647153046
13800,Fs0RWRI+BTU8D0PDSTtkY/dKembMUBrUthPE/p8dkRXb+Eff7o88UGzmZ+v98Nx+,2.69423273771772,6.347447102386477,3.5632644429972897
14100,Fs0RWRI+BTU8D0PDSTtkY/dKembMUBrUthPE/p8dkRXb+Eff7o88UGzmZ+v98Nx+,2.732037193352455,3.513290471480257,3.092087166349438
14400,Fs0RWRI+BTU8D0PDSTtkY/dKembMUBrUthPE/p8dkRXb+Eff7o88UGzmZ+v98Nx+,2.6664651326676325,5.4051851672305125,3.281193351346546
14700,Fs0RWRI+BTU8D0PDSTtkY/dKembMUBrUthPE/p8dkRXb+Eff7o88UGzmZ+v98Nx+,2.574437593972237,3.2718042143109627,3.0412404303028637
15000,Fs0RWRI+BTU8D0PDSTtkY/dKembMUBrUthPE/p8dkRXb+Eff7o88UGzmZ+v98Nx+,2.6790319163485057,5.518740881979753,3.3198629661544823
15300,Fs0RWRI+BTU8D0PDSTtkY/dKembMUBrUthPE/p8dkRXb+Eff7o88UGzmZ+v98Nx+,2.6487688470718065,3.787530941130089,3.0335118486376214
15600,Fs0RWRI+BTU8D0PDSTtkY/dKembMUBrUthPE/p8dkRXb+Eff7o88UGzmZ+v98Nx+,2.5701561433742315,9.37809646868681,5.40532017544397
15900,Fs0RWRI+BTU8D0PDSTtkY/dKembMUBrUthPE/p8dkRXb+Eff7o88UGzmZ+v98Nx+,2.672321903365896,3.69599244264076,3.0924445508652068
16200,Fs0RWRI+BTU8D0PDSTtkY/dKembMUBrUthPE/p8dkRXb+Eff7o88UGzmZ+v98Nx+,2.629372643631016,5.658824166037641,3.2401585677486096
16500,Fs0RWRI+BTU8D0PDSTtkY/dKembMUBrUthPE/p8dkRXb+Eff7o88UGzmZ+v98Nx+,2.751773164257961,5.7915469163700655,3.352844524873969
16800,Fs0RWRI+BTU8D0PDSTtkY/dKembMUBrUthPE/p8dkRXb+Eff7o88UGzmZ+v98Nx+,2.7184494419754635,6.217398575868591,3.391823307070103
17100,Fs0RWRI+BTU8D0PDSTtkY/dKembMUBrUthPE/p8dkRXb+Eff7o88UGzmZ+v98Nx+,2.5974632794656296,3.8265182213333833,3.091180556366597
17400,Fs0RWRI+BTU8D0PDSTtkY/dKembMUBrUthPE/p8dkRXb+Eff7o88UGzmZ+v98Nx+,2.745208046640033,5.978905336375868,3.5591373578290413
17700,Fs0RWRI+BTU8D0PDSTtkY/dKembMUBrUthPE/p8dkRXb+Eff7o88UGzmZ+v98Nx+,2.63699054751074,3.502702319215104,3.058751358703218
18000,Fs0RWRI+BTU8D0PDSTtkY/dKembMUBrUthPE/p8dkRXb+Eff7o88UGzmZ+v98Nx+,2.6176861828565947,5.847627674677504,3.253432837889399
18300,Fs0RWRI+BTU8D0PDSTtkY/dKembMUBrUthPE/p8dkRXb+Eff7o88UGzmZ+v98Nx+,2.5863058268790864,3.60177565235415,3.09311415036567
18600,Fs0RWRI+BTU8D0PDSTtkY/dKembMUBrUthPE/p8dkRXb+Eff7o88UGzmZ+v98Nx+,2.7356736911776767,6.240557129205492,3.34547977550726
18900,Fs0RWRI+BTU8D0PDSTtkY/dKembMUBrUthPE/p8dkRXb+Eff7o88UGzmZ+v98Nx+,2.60829007167972,3.541789637663739,3.020739615197336
19200,Fs0RWRI+BTU8D0PDSTtkY/dKembMUBrUthPE/p8dkRXb+Eff7o88UGzmZ+v98Nx+,2.87991253378808,11.341170584113646,5.426886693752177
19500,Fs0RWRI+BTU8D0PDSTtkY/dKembMUBrUthPE/p8dkRXb+Eff7o88UGzmZ+v98Nx+,2.6986999446590585,3.403381241256379,3.0647037195630573
19800,Fs0RWRI+BTU8D0PDSTtkY/dKembMUBrUthPE/p8dkRXb+Eff7o88UGzmZ+v98Nx+,2.74474236427464,5.891774899076354,3.2850611599080697
20100,Fs0RWRI+BTU8D0PDSTtkY/dKembMUBrUthPE/p8dkRXb+Eff7o88UGzmZ+v98Nx+,2.5330161103513573,3.474120644368948,3.039778361053115
20400,Fs0RWRI+BTU8D0PDSTtkY/dKembMUBrUthPE/p8dkRXb+Eff7o88UGzmZ+v98Nx+,2.7658110655504227,5.722376238415319,3.3141652333097613
20700,Fs0RWRI+BTU8D0PDSTtkY/dKembMUBrUthPE/p8dkRXb+Eff7o88UGzmZ+v98Nx+,2.6209739712639344,3.5565199759843837,3.067357469668912
21000,Fs0RWRI+BTU8D0PDSTtkY/dKembMUBrUthPE/p8dkRXb+Eff7o88UGzmZ+v98Nx+,2.6733930263219063,5.593853388699893,3.4811689128789127
21300,Fs0RWRI+BTU8D0PDSTtkY/dKembMUBrUthPE/p8dkRXb+Eff7o88UGzmZ+v98Nx+,2.6684009679098346,3.5716321426382533,3.07632014756853
21600,Fs0RWRI+BTU8D0PDSTtkY/dKembMUBrUthPE/p8dkRXb+Eff7o88UGzmZ+v98Nx+,2.5636893495743407,5.153912039966685,3.2869258879367758
21900,Fs0RWRI+BTU8D0PDSTtkY/dKembMUBrUthPE/p8dkRXb+Eff7o88UGzmZ+v98Nx+,2.613969542381162,3.5568629298357144,3.0657297983610814
22200,Fs0RWRI+BTU8D0PDSTtkY/dKembMUBrUthPE/p8dkRXb+Eff7o88UGzmZ+v98Nx+,2.65186336193261,5.328423790332769,3.3419949603068795
22500,Fs0RWRI+BTU8D0PDSTtkY/dKembMUBrUthPE/p8dkRXb+Eff7o88UGzmZ+v98Nx+,2.583635591357654,3.776230239035132,3.06597419910065
22800,Fs0RWRI+BTU8D0PDSTtkY/dKembMUBrUthPE/p8dkRXb+Eff7o88UGzmZ+v98Nx+,2.6478138395992428,8.951894260842558,4.829747686366743
23100,Fs0RWRI+BTU8D0PDSTtkY/dKembMUBrUthPE/p8dkRXb+Eff7o88UGzmZ+v98Nx+,2.64001115304973,9.53441769997926,3.7303231484571726
23400,Fs0RWRI+BTU8D0PDSTtkY/dKembMUBrUthPE/p8dkRXb+Eff7o88UGzmZ+v98Nx+,2.4832053568866748,5.325999115704917,3.224040046139555
23700,Fs0RWRI+BTU8D0PDSTtkY/dKembMUBrUthPE/p8dkRXb+Eff7o88UGzmZ+v98Nx+,2.5151115905647528,3.3707567050791742,3.008852701894371
24000,Fs0RWRI+BTU8D0PDSTtkY/dKembMUBrUthPE/p8dkRXb+Eff7o88UGzmZ+v98Nx+,2.5858585767799327,5.574222605438638,3.35791334665332
24300,Fs0RWRI+BTU8D0PDSTtkY/dKembMUBrUthPE/p8dkRXb+Eff7o88UGzmZ+v98Nx+,2.553513793647401,3.557152017419668,3.012826516607627
24600,Fs0RWRI+BTU8D0PDSTtkY/dKembMUBrUthPE/p8dkRXb+Eff7o88UGzmZ+v98Nx+,2.7746109796058795,11.568968247093002,6.675875113796073
24900,Fs0RWRI+BTU8D0PDSTtkY/dKembMUBrUthPE/p8dkRXb+Eff7o88UGzmZ+v98Nx+,3.330059431346467,11.68425590877944,8.458296637029619
25200,Fs0RWRI+BTU8D0PDSTtkY/dKembMUBrUthPE/p8dkRXb+Eff7o88UGzmZ+v98Nx+,2.5698236618915624,5.894663092664133,3.3832680822600003
25500,Fs0RWRI+BTU8D0PDSTtkY/dKembMUBrUthPE/p8dkRXb+Eff7o88UGzmZ+v98Nx+,2.7451802487345964,3.2581563890624574,3.0362592444303296
25800,Fs0RWRI+BTU8D0PDSTtkY/dKembMUBrUthPE/p8dkRXb+Eff7o88UGzmZ+v98Nx+,2.71528067298088,5.487352872691286,3.36562929495378
26100,Fs0RWRI+BTU8D0PDSTtkY/dKembMUBrUthPE/p8dkRXb+Eff7o88UGzmZ+v98Nx+,2.5370619058792583,3.5680110279944293,2.972293989451255
26400,Fs0RWRI+BTU8D0PDSTtkY/dKembMUBrUthPE/p8dkRXb+Eff7o88UGzmZ+v98Nx+,2.529870880803994,5.385110687568656,3.240837921336716
26700,A5MKq7BYw+qB83tDZ0h3IGwyVU5AWgi1ZHH6viwK4ONCAMSsiKrmT+VdUnyVRdQi,1.9418779927809124,5.589971415730741,2.492950512875077
27000,A5MKq7BYw+qB83tDZ0h3IGwyVU5AWgi1ZHH6viwK4ONCAMSsiKrmT+VdUnyVRdQi,2.05146465140614,4.608099805810017,2.4789787062997006
27300,A5MKq7BYw+qB83tDZ0h3IGwyVU5AWgi1ZHH6viwK4ONCAMSsiKrmT+VdUnyVRdQi,1.883095152528268,4.429018961381699,2.6122009627525142
27600,A5MKq7BYw+qB83tDZ0h3IGwyVU5AWgi1ZHH6viwK4ONCAMSsiKrmT+VdUnyVRdQi,1.9459971379059695,5.214331822345651,2.5164873528356884
27900,A5MKq7BYw+qB83tDZ0h3IGwyVU5AWgi1ZHH6viwK4ONCAMSsiKrmT+VdUnyVRdQi,1.8479261085421004,5.449262069186393,2.63627381213822
28200,A5MKq7BYw+qB83tDZ0h3IGwyVU5AWgi1ZHH6viwK4ONCAMSsiKrmT+VdUnyVRdQi,1.885574816699083,8.873587860594954,2.6074483330131124
28500,A5MKq7BYw+qB83tDZ0h3IGwyVU5AWgi1ZHH6viwK4ONCAMSsiKrmT+VdUnyVRdQi,1.729595553975781,3.433621549947917,2.241754403859292
28800,A5MKq7BYw+qB83tDZ0h3IGwyVU5AWgi1ZHH6viwK4ONCAMSsiKrmT+VdUnyVRdQi,1.6862259411226443,4.020453578621163,2.272567087850095
29100,A5MKq7BYw+qB83tDZ0h3IGwyVU5AWgi1ZHH6viwK4ONCAMSsiKrmT+VdUnyVRdQi,1.9430084731402464,4.791656138495753,2.5434529565751998
29400,A5MKq7BYw+qB83tDZ0h3IGwyVU5AWgi1ZHH6viwK4ONCAMSsiKrmT+VdUnyVRdQi,1.9860167766746744,4.841780547007256,2.4732630270845943
29700,A5MKq7BYw+qB83tDZ0h3IGwyVU5AWgi1ZHH6viwK4ONCAMSsiKrmT+VdUnyVRdQi,1.7921164994527947,4.390469701240785,2.3848522665303835
30000,A5MKq7BYw+qB83tDZ0h3IGwyVU5AWgi1ZHH6viwK4ONCAMSsiKrmT+VdUnyVRdQi,1.7572318422089628,3.416050234921701,2.2659078068477787
30300,A5MKq7BYw+qB83tDZ0h3IGwyVU5AWgi1ZHH6viwK4ONCAMSsiKrmT+VdUnyVRdQi,1.6196005203321029,3.3896931658744784,2.273980407028541
30600,A5MKq7BYw+qB83tDZ0h3IGwyVU5AWgi1ZHH6viwK4ONCAMSsiKrmT+VdUnyVRdQi,1.7843494954431178,4.203706395359249,2.2614871903373883
30900,A5MKq7BYw+qB83tDZ0h3IGwyVU5AWgi1ZHH6viwK4ONCAMSsiKrmT+VdUnyVRdQi,1.69980785696414,4.595209696109528,2.2552707325648265
31200,A5MKq7BYw+qB83tDZ0h3IGwyVU5AWgi1ZHH6viwK4ONCAMSsiKrmT+VdUnyVRdQi,1.8375918731774628,3.976904797844712,2.2518033034872817
31500,A5MKq7BYw+qB83tDZ0h3IGwyVU5AWgi1ZHH6viwK4ONCAMSsiKrmT+VdUnyVRdQi,1.746709796154723,4.226621548596353,2.526012783330738
31800,A5MKq7BYw+qB83tDZ0h3IGwyVU5AWgi1ZHH6viwK4ONCAMSsiKrmT+VdUnyVRdQi,1.6901452273466628,4.374436826223964,2.273292273582838
32100,A5MKq7BYw+qB83tDZ0h3IGwyVU5AWgi1ZHH6viwK4ONCAMSsiKrmT+VdUnyVRdQi,1.6711573351086448,8.324299758977984,2.7056241873968183
32400,A5MKq7BYw+qB83tDZ0h3IGwyVU5AWgi1ZHH6viwK4ONCAMSsiKrmT+VdUnyVRdQi,2.2094882048188405,5.560311551516337,2.7251341122108848
32700,A5MKq7BYw+qB83tDZ0h3IGwyVU5AWgi1ZHH6viwK4ONCAMSsiKrmT+VdUnyVRdQi,2.1006367673498,4.343769010900224,2.801346242828133
33000,A5MKq7BYw+qB83tDZ0h3IGwyVU5AWgi1ZHH6viwK4ONCAMSsiKrmT+VdUnyVRdQi,2.2045389172037804,5.148349850330742,2.7832231452978844
33300,A5MKq7BYw+qB83tDZ0h3IGwyVU5AWgi1ZHH6viwK4ONCAMSsiKrmT+VdUnyVRdQi,2.1277111368630077,4.7680538408300475,2.769043564195536
33600,A5MKq7BYw+qB83tDZ0h3IGwyVU5AWgi1ZHH6viwK4ONCAMSsiKrmT+VdUnyVRdQi,1.8617574558061776,6.72892667161516,2.7286276162259133
33900,A5MKq7BYw+qB83tDZ0h3IGwyVU5AWgi1ZHH6viwK4ONCAMSsiKrmT+VdUnyVRdQi,1.782128164824632,4.324125409626605,2.475581075764595
34200,A5MKq7BYw+qB83tDZ0h3IGwyVU5AWgi1ZHH6viwK4ONCAMSsiKrmT+VdUnyVRdQi,1.765580141741825,3.648626539791896,2.3474755453919576
34500,A5MKq7BYw+qB83tDZ0h3IGwyVU5AWgi1ZHH6viwK4ONCAMSsiKrmT+VdUnyVRdQi,1.8054889204795013,4.821539390104436,2.348988331674641
34800,A5MKq7BYw+qB83tDZ0h3IGwyVU5AWgi1ZHH6viwK4ONCAMSsiKrmT+VdUnyVRdQi,1.866765520122116,5.192592546048667,2.5650896002413326
35100,A5MKq7BYw+qB83tDZ0h3IGwyVU5AWgi1ZHH6viwK4ONCAMSsiKrmT+VdUnyVRdQi,2.1059689688369114,6.065421901747064,3.1744187164767173
35400,A5MKq7BYw+qB83tDZ0h3IGwyVU5AWgi1ZHH6viwK4ONCAMSsiKrmT+VdUnyVRdQi,2.1381304656991897,6.515563372485173,2.8347112316190737
35700,A5MKq7BYw+qB83tDZ0h3IGwyVU5AWgi1ZHH6viwK4ONCAMSsiKrmT+VdUnyVRdQi,2.350062604434123,9.874804059872703,3.3548941780186308
36000,A5MKq7BYw+qB83tDZ0h3IGwyVU5AWgi1ZHH6viwK4ONCAMSsiKrmT+VdUnyVRdQi,2.1745672674234267,7.6360080772298815,2.8022293705741763
36300,A5MKq7BYw+qB83tDZ0h3IGwyVU5AWgi1ZHH6viwK4ONCAMSsiKrmT+VdUnyVRdQi,2.0607378983745264,4.424194808190736,2.796766559332644
36600,A5MKq7BYw+qB83tDZ0h3IGwyVU5AWgi1ZHH6viwK4ONCAMSsiKrmT+VdUnyVRdQi,2.1057803689327343,6.333377890175049,2.8693877539071884
36900,A5MKq7BYw+qB83tDZ0h3IGwyVU5AWgi1ZHH6viwK4ONCAMSsiKrmT+VdUnyVRdQi,2.100028452510584,11.205485955283116,3.668538143952583
37200,A5MKq7BYw+qB83tDZ0h3IGwyVU5AWgi1ZHH6viwK4ONCAMSsiKrmT+VdUnyVRdQi,2.110885505789111,9.626157342669698,3.3464899563146475
37500,A5MKq7BYw+qB83tDZ0h3IGwyVU5AWgi1ZHH6viwK4ONCAMSsiKrmT+VdUnyVRdQi,2.1272779266990764,6.006755650757854,2.9060976102587404
37800,A5MKq7BYw+qB83tDZ0h3IGwyVU5AWgi1ZHH6viwK4ONCAMSsiKrmT+VdUnyVRdQi,2.2430891222408085,4.709036792005902,2.8207758646064183
38100,A5MKq7BYw+qB83tDZ0h3IGwyVU5AWgi1ZHH6viwK4ONCAMSsiKrmT+VdUnyVRdQi,2.2605373143036807,4.727522746199698,2.803390726046098
38400,A5MKq7BYw+qB83tDZ0h3IGwyVU5AWgi1ZHH6viwK4ONCAMSsiKrmT+VdUnyVRdQi,1.9877348909568309,4.578248022820993,2.630947552156529
38700,A5MKq7BYw+qB83tDZ0h3IGwyVU5AWgi1ZHH6viwK4ONCAMSsiKrmT+VdUnyVRdQi,1.909756267273099,5.315086776462,2.8120976292132265
39000,A5MKq7BYw+qB83tDZ0h3IGwyVU5AWgi1ZHH6viwK4ONCAMSsiKrmT+VdUnyVRdQi,2.0700231236020654,4.984677981311569,2.618867119390216
39300,A5MKq7BYw+qB83tDZ0h3IGwyVU5AWgi1ZHH6viwK4ONCAMSsiKrmT+VdUnyVRdQi,2.2259862853064045,11.695723824888072,3.312338414702987
39600,A5MKq7BYw+qB83tDZ0h3IGwyVU5AWgi1ZHH6viwK4ONCAMSsiKrmT+VdUnyVRdQi,2.198633546915807,6.159161626283621,2.830243604694095
39900,A5MKq7BYw+qB83tDZ0h3IGwyVU5AWgi1ZHH6viwK4ONCAMSsiKrmT+VdUnyVRdQi,1.9687748863239736,5.9640127613425,2.7442061867997376
40200,A5MKq7BYw+qB83tDZ0h3IGwyVU5AWgi1ZHH6viwK4ONCAMSsiKrmT+VdUnyVRdQi,2.0401435628889586,4.228957863164673,2.640972317637058
40500,A5MKq7BYw+qB83tDZ0h3IGwyVU5AWgi1ZHH6viwK4ONCAMSsiKrmT+VdUnyVRdQi,2.0951242798785885,3.5851676128240104,2.681932245595515
40800,A5MKq7BYw+qB83tDZ0h3IGwyVU5AWgi1ZHH6viwK4ONCAMSsiKrmT+VdUnyVRdQi,1.758276817151908,5.378545026313336,2.73582166705006
41100,A5MKq7BYw+qB83tDZ0h3IGwyVU5AWgi1ZHH6viwK4ONCAMSsiKrmT+VdUnyVRdQi,1.8041057889234924,4.8762617131180965,2.7067089683132215
41400,A5MKq7BYw+qB83tDZ0h3IGwyVU5AWgi1ZHH6viwK4ONCAMSsiKrmT+VdUnyVRdQi,2.119030773631656,4.644942970652971,2.668315935307936
41700,A5MKq7BYw+qB83tDZ0h3IGwyVU5AWgi1ZHH6viwK4ONCAMSsiKrmT+VdUnyVRdQi,2.0317566538802923,3.852723628327452,2.7236471992855598
42000,A5MKq7BYw+qB83tDZ0h3IGwyVU5AWgi1ZHH6viwK4ONCAMSsiKrmT+VdUnyVRdQi,2.0243508959943264,4.208152579821749,2.6328171241681253
42300,A5MKq7BYw+qB83tDZ0h3IGwyVU5AWgi1ZHH6viwK4ONCAMSsiKrmT+VdUnyVRdQi,1.917603438729049,4.622559609050233,2.722004571641278
42600,A5MKq7BYw+qB83tDZ0h3IGwyVU5AWgi1ZHH6viwK4ONCAMSsiKrmT+VdUnyVRdQi,2.032643549138209,6.136345481642201,2.8612690417727347
42900,A5MKq7BYw+qB83tDZ0h3IGwyVU5AWgi1ZHH6viwK4ONCAMSsiKrmT+VdUnyVRdQi,2.063886762834916,10.454946834730327,3.085388861124085
43200,A5MKq7BYw+qB83tDZ0h3IGwyVU5AWgi1ZHH6viwK4ONCAMSsiKrmT+VdUnyVRdQi,1.835026955881769,4.777304678079552,2.690840511658015
43500,A5MKq7BYw+qB83tDZ0h3IGwyVU5AWgi1ZHH6viwK4ONCAMSsiKrmT+VdUnyVRdQi,1.862160245441433,3.5879260953460874,2.5863014731704634
43800,A5MKq7BYw+qB83tDZ0h3IGwyVU5AWgi1ZHH6viwK4ONCAMSsiKrmT+VdUnyVRdQi,2.1387993925583575,3.4231182846263954,2.6091360179295267
44100,A5MKq7BYw+qB83tDZ0h3IGwyVU5AWgi1ZHH6viwK4ONCAMSsiKrmT+VdUnyVRdQi,2.1600249047137825,3.55596140892934,2.7286656794784947
44400,A5MKq7BYw+qB83tDZ0h3IGwyVU5AWgi1ZHH6viwK4ONCAMSsiKrmT+VdUnyVRdQi,2.1474356332984454,3.993098857771436,2.8590868541817565
44700,A5MKq7BYw+qB83tDZ0h3IGwyVU5AWgi1ZHH6viwK4ONCAMSsiKrmT+VdUnyVRdQi,2.2127343716967696,5.064940456500374,2.9527317454687325
45000,A5MKq7BYw+qB83tDZ0h3IGwyVU5AWgi1ZHH6viwK4ONCAMSsiKrmT+VdUnyVRdQi,2.290493804846621,4.654801754746448,2.763223239346804
45300,A5MKq7BYw+qB83tDZ0h3IGwyVU5AWgi1ZHH6viwK4ONCAMSsiKrmT+VdUnyVRdQi,2.3931629047758007,4.357447474142709,2.9536630775123784
45600,A5MKq7BYw+qB83tDZ0h3IGwyVU5AWgi1ZHH6viwK4ONCAMSsiKrmT+VdUnyVRdQi,2.0298790298296865,4.214131371736742,2.923988462019703
45900,A5MKq7BYw+qB83tDZ0h3IGwyVU5AWgi1ZHH6viwK4ONCAMSsiKrmT+VdUnyVRdQi,2.380273818443825,5.271156416570848,2.9747482928343287
46200,A5MKq7BYw+qB83tDZ0h3IGwyVU5AWgi1ZHH6viwK4ONCAMSsiKrmT+VdUnyVRdQi,2.1594581135036024,7.3318433420321,2.9710758327649502
46500,A5MKq7BYw+qB83tDZ0h3IGwyVU5AWgi1ZHH6viwK4ONCAMSsiKrmT+VdUnyVRdQi,2.3237196661329707,11.363756191768532,3.4917912937468536
46800,A5MKq7BYw+qB83tDZ0h3IGwyVU5AWgi1ZHH6viwK4ONCAMSsiKrmT+VdUnyVRdQi,2.117873370345267,3.7689844789788265,2.681080233419305
47100,A5MKq7BYw+qB83tDZ0h3IGwyVU5AWgi1ZHH6viwK4ONCAMSsiKrmT+VdUnyVRdQi,2.0595848210830425,3.629468312751561,2.7094982401259413
47400,A5MKq7BYw+qB83tDZ0h3IGwyVU5AWgi1ZHH6viwK4ONCAMSsiKrmT+VdUnyVRdQi,2.139181843357979,3.9306114601086186,2.6868503433662005
47700,A5MKq7BYw+qB83tDZ0h3IGwyVU5AWgi1ZHH6viwK4ONCAMSsiKrmT+VdUnyVRdQi,2.2512989883416568,3.6224886479409304,2.7814767943814167
48000,A5MKq7BYw+qB83tDZ0h3IGwyVU5AWgi1ZHH6viwK4ONCAMSsiKrmT+VdUnyVRdQi,2.5525400589434293,4.097973958858719,3.100056029987843
48300,A5MKq7BYw+qB83tDZ0h3IGwyVU5AWgi1ZHH6viwK4ONCAMSsiKrmT+VdUnyVRdQi,2.5158789845100946,5.949138309702048,3.2346760528144274
48600,A5MKq7BYw+qB83tDZ0h3IGwyVU5AWgi1ZHH6viwK4ONCAMSsiKrmT+VdUnyVRdQi,2.510755970416235,6.355905529282937,3.2092791380953907
48900,A5MKq7BYw+qB83tDZ0h3IGwyVU5AWgi1ZHH6viwK4ONCAMSsiKrmT+VdUnyVRdQi,2.496520350581044,6.226540356641925,3.2505536893965568
49200,A5MKq7BYw+qB83tDZ0h3IGwyVU5AWgi1ZHH6viwK4ONCAMSsiKrmT+VdUnyVRdQi,2.6318235533335983,4.642247434734351,3.271187488854673
49500,A5MKq7BYw+qB83tDZ0h3IGwyVU5AWgi1ZHH6viwK4ONCAMSsiKrmT+VdUnyVRdQi,2.7420725432711657,6.6132400059935925,3.3009246344762935
49800,A5MKq7BYw+qB83tDZ0h3IGwyVU5AWgi1ZHH6viwK4ONCAMSsiKrmT+VdUnyVRdQi,2.617827952971599,6.38424081624308,3.308411005429745
50100,A5MKq7BYw+qB83tDZ0h3IGwyVU5AWgi1ZHH6viwK4ONCAMSsiKrmT+VdUnyVRdQi,2.4097272726851515,10.354280247092644,3.297039934955959
50400,A5MKq7BYw+qB83tDZ0h3IGwyVU5AWgi1ZHH6viwK4ONCAMSsiKrmT+VdUnyVRdQi,2.198180007327267,4.066046114365899,2.8405818010935464
50700,A5MKq7BYw+qB83tDZ0h3IGwyVU5AWgi1ZHH6viwK4ONCAMSsiKrmT+VdUnyVRdQi,2.6012102471711342,4.053218339344852,3.0480208103136177
51000,A5MKq7BYw+qB83tDZ0h3IGwyVU5AWgi1ZHH6viwK4ONCAMSsiKrmT+VdUnyVRdQi,2.409289547151176,4.938964172994245,3.0614879280680585
51300,A5MKq7BYw+qB83tDZ0h3IGwyVU5AWgi1ZHH6viwK4ONCAMSsiKrmT+VdUnyVRdQi,2.0844857777134265,5.2976281951240525,3.003852557375481
51600,A5MKq7BYw+qB83tDZ0h3IGwyVU5AWgi1ZHH6viwK4ONCAMSsiKrmT+VdUnyVRdQi,2.226415308651103,4.791837772516518,2.7608784481575066
51900,A5MKq7BYw+qB83tDZ0h3IGwyVU5AWgi1ZHH6viwK4ONCAMSsiKrmT+VdUnyVRdQi,2.279429635427775,3.666987289804676,2.8367374252951203
52200,A5MKq7BYw+qB83tDZ0h3IGwyVU5AWgi1ZHH6viwK4ONCAMSsiKrmT+VdUnyVRdQi,2.15893679235007,4.502994428957289,2.9891232122187
52500,A5MKq7BYw+qB83tDZ0h3IGwyVU5AWgi1ZHH6viwK4ONCAMSsiKrmT+VdUnyVRdQi,2.5634107735198706,4.927578174487658,3.164332293739092
52800,A5MKq7BYw+qB83tDZ0h3IGwyVU5AWgi1ZHH6viwK4ONCAMSsiKrmT+VdUnyVRdQi,2.6487514745920486,5.475440439011395,3.159173190309254
53100,A5MKq7BYw+qB83tDZ0h3IGwyVU5AWgi1ZHH6viwK4ONCAMSsiKrmT+VdUnyVRdQi,2.273795593565425,6.542429967873983,2.97870073584957
53400,A5MKq7BYw+qB83tDZ0h3IGwyVU5AWgi1ZHH6viwK4ONCAMSsiKrmT+VdUnyVRdQi,2.1635806273403078,5.558091188616742,2.8879160200470606
53700,A5MKq7BYw+qB83tDZ0h3IGwyVU5AWgi1ZHH6viwK4ONCAMSsiKrmT+VdUnyVRdQi,2.203616147201693,9.793601511870053,3.121501949049359
54000,A5MKq7BYw+qB83tDZ0h3IGwyVU5AWgi1ZHH6viwK4ONCAMSsiKrmT+VdUnyVRdQi,2.1339629613069357,3.930912278140005,2.7396794314063326
54300,A5MKq7BYw+qB83tDZ0h3IGwyVU5AWgi1ZHH6viwK4ONCAMSsiKrmT+VdUnyVRdQi,1.908104171838032,4.014793239640508,2.746886234727215
54600,A5MKq7BYw+qB83tDZ0h3IGwyVU5AWgi1ZHH6viwK4ONCAMSsiKrmT+VdUnyVRdQi,1.9695402396666493,15.847687102904516,3.3255534149822346
54900,A5MKq7BYw+qB83tDZ0h3IGwyVU5AWgi1ZHH6viwK4ONCAMSsiKrmT+VdUnyVRdQi,2.3496395262012446,4.281998481955142,2.995477690847673
55200,A5MKq7BYw+qB83tDZ0h3IGwyVU5AWgi1ZHH6viwK4ONCAMSsiKrmT+VdUnyVRdQi,2.1704661774554577,4.51062235680064,2.9638627286605135
55500,A5MKq7BYw+qB83tDZ0h3IGwyVU5AWgi1ZHH6viwK4ONCAMSsiKrmT+VdUnyVRdQi,2.308098224897371,4.946553361566308,2.950182265037239
55800,A5MKq7BYw+qB83tDZ0h3IGwyVU5AWgi1ZHH6viwK4ONCAMSsiKrmT+VdUnyVRdQi,2.318500672075273,5.089416681334976,3.1063885402892093
56100,A5MKq7BYw+qB83tDZ0h3IGwyVU5AWgi1ZHH6viwK4ONCAMSsiKrmT+VdUnyVRdQi,2.669347218232374,4.573836392304331,3.2871151293953305
56400,A5MKq7BYw+qB83tDZ0h3IGwyVU5AWgi1ZHH6viwK4ONCAMSsiKrmT+VdUnyVRdQi,2.5226551594500206,6.091474703131893,3.134981445017754
56700,A5MKq7BYw+qB83tDZ0h3IGwyVU5AWgi1ZHH6viwK4ONCAMSsiKrmT+VdUnyVRdQi,2.212913719175216,4.85591774301261,3.005830690783427
57000,A5MKq7BYw+qB83tDZ0h3IGwyVU5AWgi1ZHH6viwK4ONCAMSsiKrmT+VdUnyVRdQi,2.0881492441743617,7.821858229929381,3.1778001536588967
57300,A5MKq7BYw+qB83tDZ0h3IGwyVU5AWgi1ZHH6viwK4ONCAMSsiKrmT+VdUnyVRdQi,2.2810372606644846,9.968600831147533,3.4928276495450215
57600,A5MKq7BYw+qB83tDZ0h3IGwyVU5AWgi1ZHH6viwK4ONCAMSsiKrmT+VdUnyVRdQi,2.305231378464672,5.0730943764657175,2.9914237497215583
57900,A5MKq7BYw+qB83tDZ0h3IGwyVU5AWgi1ZHH6viwK4ONCAMSsiKrmT+VdUnyVRdQi,2.2192668931094515,4.561699464132177,2.9987927593051698
58200,A5MKq7BYw+qB83tDZ0h3IGwyVU5AWgi1ZHH6viwK4ONCAMSsiKrmT+VdUnyVRdQi,1.9373481740321323,4.875879937359536,3.106132006173669
58500,A5MKq7BYw+qB83tDZ0h3IGwyVU5AWgi1ZHH6viwK4ONCAMSsiKrmT+VdUnyVRdQi,2.3464784440610726,5.633288571035459,3.2076573644160637
58800,A5MKq7BYw+qB83tDZ0h3IGwyVU5AWgi1ZHH6viwK4ONCAMSsiKrmT+VdUnyVRdQi,2.490135922168032,5.637978027695824,3.151228242816708
59100,A5MKq7BYw+qB83tDZ0h3IGwyVU5AWgi1ZHH6viwK4ONCAMSsiKrmT+VdUnyVRdQi,2.2651989274370234,6.0652809642740815,3.2008968757404994
59400,A5MKq7BYw+qB83tDZ0h3IGwyVU5AWgi1ZHH6viwK4ONCAMSsiKrmT+VdUnyVRdQi,2.4343764403368024,6.118118916303351,3.188345430096552
59700,A5MKq7BYw+qB83tDZ0h3IGwyVU5AWgi1ZHH6viwK4ONCAMSsiKrmT+VdUnyVRdQi,2.5051585521902844,5.627738158233959,3.216469209504984
60000,A5MKq7BYw+qB83tDZ0h3IGwyVU5AWgi1ZHH6viwK4ONCAMSsiKrmT+VdUnyVRdQi,2.4251335455152097,5.469616112356758,3.0190871021388803
60300,A5MKq7BYw+qB83tDZ0h3IGwyVU5AWgi1ZHH6viwK4ONCAMSsiKrmT+VdUnyVRdQi,2.4158994217580347,7.089362113220993,3.233809244537873
60600,A5MKq7BYw+qB83tDZ0h3IGwyVU5AWgi1ZHH6viwK4ONCAMSsiKrmT+VdUnyVRdQi,2.4129396199389945,5.598860872457232,3.402040723747676
60900,A5MKq7BYw+qB83tDZ0h3IGwyVU5AWgi1ZHH6viwK4ONCAMSsiKrmT+VdUnyVRdQi,2.412278796918552,10.346790803496347,3.652502302253291
61200,A5MKq7BYw+qB83tDZ0h3IGwyVU5AWgi1ZHH6viwK4ONCAMSsiKrmT+VdUnyVRdQi,2.544357595932265,6.752026559967917,3.4115503485859118
61500,A5MKq7BYw+qB83tDZ0h3IGwyVU5AWgi1ZHH6viwK4ONCAMSsiKrmT+VdUnyVRdQi,2.230244967415194,6.172740154889988,2.9798516073887718
61800,A5MKq7BYw+qB83tDZ0h3IGwyVU5AWgi1ZHH6viwK4ONCAMSsiKrmT+VdUnyVRdQi,2.463046156860086,5.098005148261266,3.124089704479887
62100,A5MKq7BYw+qB83tDZ0h3IGwyVU5AWgi1ZHH6viwK4ONCAMSsiKrmT+VdUnyVRdQi,2.418658574911402,6.758415029503601,3.3927204383358407
62400,A5MKq7BYw+qB83tDZ0h3IGwyVU5AWgi1ZHH6viwK4ONCAMSsiKrmT+VdUnyVRdQi,2.233338055397556,6.143533196738464,3.2411048394119164
62700,A5MKq7BYw+qB83tDZ0h3IGwyVU5AWgi1ZHH6viwK4ONCAMSsiKrmT+VdUnyVRdQi,2.240922851329242,7.263190333311923,3.211125807078857
63000,A5MKq7BYw+qB83tDZ0h3IGwyVU5AWgi1ZHH6viwK4ONCAMSsiKrmT+VdUnyVRdQi,2.6569865550351013,5.327500997803143,3.18483855438558
63300,A5MKq7BYw+qB83tDZ0h3IGwyVU5AWgi1ZHH6viwK4ONCAMSsiKrmT+VdUnyVRdQi,2.3779685669344817,6.93951927457218,3.356666473908253
63600,A5MKq7BYw+qB83tDZ0h3IGwyVU5AWgi1ZHH6viwK4ONCAMSsiKrmT+VdUnyVRdQi,2.4097745824433003,5.6041564746524015,3.2595236456646823
63900,A5MKq7BYw+qB83tDZ0h3IGwyVU5AWgi1ZHH6viwK4ONCAMSsiKrmT+VdUnyVRdQi,2.309443212662949,5.493565609997699,3.1680775793086706
64200,A5MKq7BYw+qB83tDZ0h3IGwyVU5AWgi1ZHH6viwK4ONCAMSsiKrmT+VdUnyVRdQi,2.327382243607917,4.921225529230408,3.1643336776452484
64500,A5MKq7BYw+qB83tDZ0h3IGwyVU5AWgi1ZHH6viwK4ONCAMSsiKrmT+VdUnyVRdQi,2.613474168917604,5.8202112543356215,3.4370274075522618
64800,A5MKq7BYw+qB83tDZ0h3IGwyVU5AWgi1ZHH6viwK4ONCAMSsiKrmT+VdUnyVRdQi,2.6114114064704794,12.358208212503682,3.802194123253823
65100,A5MKq7BYw+qB83tDZ0h3IGwyVU5AWgi1ZHH6viwK4ONCAMSsiKrmT+VdUnyVRdQi,2.26208541012712,6.751846839159,3.1077695454656578
65400,A5MKq7BYw+qB83tDZ0h3IGwyVU5AWgi1ZHH6viwK4ONCAMSsiKrmT+VdUnyVRdQi,2.392833008398049,3.937998641257229,2.938926569659867
65700,A5MKq7BYw+qB83tDZ0h3IGwyVU5AWgi1ZHH6viwK4ONCAMSsiKrmT+VdUnyVRdQi,2.2706081687963278,5.137308024534265,3.091821781550834
66000,A5MKq7BYw+qB83tDZ0h3IGwyVU5AWgi1ZHH6viwK4ONCAMSsiKrmT+VdUnyVRdQi,2.218919688360484,4.501221256878698,3.1096852953250584
66300,A5MKq7BYw+qB83tDZ0h3IGwyVU5AWgi1ZHH6viwK4ONCAMSsiKrmT+VdUnyVRdQi,2.1847117083924155,6.662269499585545,2.979617130234341
66600,A5MKq7BYw+qB83tDZ0h3IGwyVU5AWgi1ZHH6viwK4ONCAMSsiKrmT+VdUnyVRdQi,2.2280906012531747,5.322864765571162,2.8557033202612008
66900,A5MKq7BYw+qB83tDZ0h3IGwyVU5AWgi1ZHH6viwK4ONCAMSsiKrmT+VdUnyVRdQi,2.395128896031423,4.419619201220454,2.9788584335784094
67200,A5MKq7BYw+qB83tDZ0h3IGwyVU5AWgi1ZHH6viwK4ONCAMSsiKrmT+VdUnyVRdQi,2.3108354262689628,4.947175782961264,3.089482245703315
67500,A5MKq7BYw+qB83tDZ0h3IGwyVU5AWgi1ZHH6viwK4ONCAMSsiKrmT+VdUnyVRdQi,2.439652728074568,5.595731262912766,3.2076116901817935
67800,A5MKq7BYw+qB83tDZ0h3IGwyVU5AWgi1ZHH6viwK4ONCAMSsiKrmT+VdUnyVRdQi,2.488575415972301,6.091035809830463,3.3410386699967543
68100,A5MKq7BYw+qB83tDZ0h3IGwyVU5AWgi1ZHH6viwK4ONCAMSsiKrmT+VdUnyVRdQi,2.5504685908081126,6.27913868568146,3.389725557232037
68400,A5MKq7BYw+qB83tDZ0h3IGwyVU5AWgi1ZHH6viwK4ONCAMSsiKrmT+VdUnyVRdQi,2.3599460018480167,12.32753621481204,3.5321869951633484
68700,A5MKq7BYw+qB83tDZ0h3IGwyVU5AWgi1ZHH6viwK4ONCAMSsiKrmT+VdUnyVRdQi,1.963590002191527,5.35858919089824,2.9921266766480725
69000,A5MKq7BYw+qB83tDZ0h3IGwyVU5AWgi1ZHH6viwK4ONCAMSsiKrmT+VdUnyVRdQi,2.2665816221046327,4.234095549460322,2.990843830523115
69300,A5MKq7BYw+qB83tDZ0h3IGwyVU5AWgi1ZHH6viwK4ONCAMSsiKrmT+VdUnyVRdQi,2.141719951087913,5.523981911794917,3.1222267433297013
69600,A5MKq7BYw+qB83tDZ0h3IGwyVU5AWgi1ZHH6viwK4ONCAMSsiKrmT+VdUnyVRdQi,2.0142775566914115,5.5253025504032784,3.030514495233388
69900,A5MKq7BYw+qB83tDZ0h3IGwyVU5AWgi1ZHH6viwK4ONCAMSsiKrmT+VdUnyVRdQi,2.197805556792691,4.0113862127296285,2.8001367711883445
70200,A5MKq7BYw+qB83tDZ0h3IGwyVU5AWgi1ZHH6viwK4ONCAMSsiKrmT+VdUnyVRdQi,2.091865726051424,4.138512741830413,3.0338039880656007
70500,A5MKq7BYw+qB83tDZ0h3IGwyVU5AWgi1ZHH6viwK4ONCAMSsiKrmT+VdUnyVRdQi,2.258017885094372,4.365603276709922,3.0638961361174326
70800,A5MKq7BYw+qB83tDZ0h3IGwyVU5AWgi1ZHH6viwK4ONCAMSsiKrmT+VdUnyVRdQi,2.111365651088524,4.7017508430644135,2.9522518570063623
71100,A5MKq7BYw+qB83tDZ0h3IGwyVU5AWgi1ZHH6viwK4ONCAMSsiKrmT+VdUnyVRdQi,2.4498737803083404,4.613786942274,3.2017785939112584
71400,A5MKq7BYw+qB83tDZ0h3IGwyVU5AWgi1ZHH6viwK4ONCAMSsiKrmT+VdUnyVRdQi,2.23500638224301,5.369527767541396,3.318647410297841
71700,A5MKq7BYw+qB83tDZ0h3IGwyVU5AWgi1ZHH6viwK4ONCAMSsiKrmT+VdUnyVRdQi,2.251603617838269,4.246439088747017,2.9725186002272
72000,A5MKq7BYw+qB83tDZ0h3IGwyVU5AWgi1ZHH6viwK4ONCAMSsiKrmT+VdUnyVRdQi,2.446716814729866,11.06632807264881,3.3635071216463026
72300,A5MKq7BYw+qB83tDZ0h3IGwyVU5AWgi1ZHH6viwK4ONCAMSsiKrmT+VdUnyVRdQi,2.084698512663393,4.168956898155908,2.841480295272254
72600,A5MKq7BYw+qB83tDZ0h3IGwyVU5AWgi1ZHH6viwK4ONCAMSsiKrmT+VdUnyVRdQi,2.0940514475213754,3.72951576514622,2.711381392756574
72900,A5MKq7BYw+qB83tDZ0h3IGwyVU5AWgi1ZHH6viwK4ONCAMSsiKrmT+VdUnyVRdQi,2.066029159209513,4.2781825449783355,2.79663180421866
73200,A5MKq7BYw+qB83tDZ0h3IGwyVU5AWgi1ZHH6viwK4ONCAMSsiKrmT+VdUnyVRdQi,2.379704160648574,5.03952719119096,3.1787988917053407
73500,A5MKq7BYw+qB83tDZ0h3IGwyVU5AWgi1ZHH6viwK4ONCAMSsiKrmT+VdUnyVRdQi,2.5216104289283248,5.455160556464207,3.2534680435632573
73800,A5MKq7BYw+qB83tDZ0h3IGwyVU5AWgi1ZHH6viwK4ONCAMSsiKrmT+VdUnyVRdQi,2.1278516580272484,6.21677881080181,3.001631914245144
74100,A5MKq7BYw+qB83tDZ0h3IGwyVU5AWgi1ZHH6viwK4ONCAMSsiKrmT+VdUnyVRdQi,2.166956789661351,4.52220216240373,2.975758510227698
74400,A5MKq7BYw+qB83tDZ0h3IGwyVU5AWgi1ZHH6viwK4ONCAMSsiKrmT+VdUnyVRdQi,2.185166008417796,5.174709009261679,2.885598315644552
74700,A5MKq7BYw+qB83tDZ0h3IGwyVU5AWgi1ZHH6viwK4ONCAMSsiKrmT+VdUnyVRdQi,2.184737893106872,4.0602898371436345,2.901977870502043
75000,A5MKq7BYw+qB83tDZ0h3IGwyVU5AWgi1ZHH6viwK4ONCAMSsiKrmT+VdUnyVRdQi,2.2175043838968462,6.7212758773818235,3.357852551376547
75300,A5MKq7BYw+qB83tDZ0h3IGwyVU5AWgi1ZHH6viwK4ONCAMSsiKrmT+VdUnyVRdQi,2.2563791706163605,4.693821875119621,3.116334772786081
75600,A5MKq7BYw+qB83tDZ0h3IGwyVU5AWgi1ZHH6viwK4ONCAMSsiKrmT+VdUnyVRdQi,2.313958254275922,10.913621489367785,3.510630482258681
75900,A5MKq7BYw+qB83tDZ0h3IGwyVU5AWgi1ZHH6viwK4ONCAMSsiKrmT+VdUnyVRdQi,2.3773279801670952,6.167417656470144,3.312025689900014
76200,A5MKq7BYw+qB83tDZ0h3IGwyVU5AWgi1ZHH6viwK4ONCAMSsiKrmT+VdUnyVRdQi,2.002588389845503,6.095082423512097,3.175604528732342
76500,A5MKq7BYw+qB83tDZ0h3IGwyVU5AWgi1ZHH6viwK4ONCAMSsiKrmT+VdUnyVRdQi,2.0914829479375627,7.480133028428683,3.2706696999542144
76800,A5MKq7BYw+qB83tDZ0h3IGwyVU5AWgi1ZHH6viwK4ONCAMSsiKrmT+VdUnyVRdQi,2.1383011357795136,4.227946370265972,2.900477214099048
77100,A5MKq7BYw+qB83tDZ0h3IGwyVU5AWgi1ZHH6viwK4ONCAMSsiKrmT+VdUnyVRdQi,2.15285168704218,6.136741450337936,2.9832805769600426
77400,A5MKq7BYw+qB83tDZ0h3IGwyVU5AWgi1ZHH6viwK4ONCAMSsiKrmT+VdUnyVRdQi,2.0213297349166037,4.5305983734927375,2.61204305468376
77700,A5MKq7BYw+qB83tDZ0h3IGwyVU5AWgi1ZHH6viwK4ONCAMSsiKrmT+VdUnyVRdQi,2.1895146093296045,4.451234715274395,2.845710616926437
78000,A5MKq7BYw+qB83tDZ0h3IGwyVU5AWgi1ZHH6viwK4ONCAMSsiKrmT+VdUnyVRdQi,1.94692879343976,4.782048414873744,2.769945016377507
78300,A5MKq7BYw+qB83tDZ0h3IGwyVU5AWgi1ZHH6viwK4ONCAMSsiKrmT+VdUnyVRdQi,2.0929427857302816,4.575110240647665,2.8842584056104044
78600,A5MKq7BYw+qB83tDZ0h3IGwyVU5AWgi1ZHH6viwK4ONCAMSsiKrmT+VdUnyVRdQi,2.136089055762304,5.843322921455493,2.9797074630644858
78900,A5MKq7BYw+qB83tDZ0h3IGwyVU5AWgi1ZHH6viwK4ONCAMSsiKrmT+VdUnyVRdQi,2.2029107780974453,6.132175127212848,2.8116046427458143
79200,A5MKq7BYw+qB83tDZ0h3IGwyVU5AWgi1ZHH6viwK4ONCAMSsiKrmT+VdUnyVRdQi,2.428842036331832,10.913612334652132,3.3978406888597035
79500,A5MKq7BYw+qB83tDZ0h3IGwyVU5AWgi1ZHH6viwK4ONCAMSsiKrmT+VdUnyVRdQi,2.3110112970822554,7.042633658043425,3.21602892161942
79800,A5MKq7BYw+qB83tDZ0h3IGwyVU5AWgi1ZHH6viwK4ONCAMSsiKrmT+VdUnyVRdQi,2.383018278441811,6.829365958267879,3.2043394804831618
80100,A5MKq7BYw+qB83tDZ0h3IGwyVU5AWgi1ZHH6viwK4ONCAMSsiKrmT+VdUnyVRdQi,2.0902338192373238,5.945986269362996,2.7965111032661474
80400,A5MKq7BYw+qB83tDZ0h3IGwyVU5AWgi1ZHH6viwK4ONCAMSsiKrmT+VdUnyVRdQi,1.820201288557432,4.080241708052281,2.5873924745975847
80700,A5MKq7BYw+qB83tDZ0h3IGwyVU5AWgi1ZHH6viwK4ONCAMSsiKrmT+VdUnyVRdQi,2.1945119792173178,4.210024452510207,2.996748329039404
81000,A5MKq7BYw+qB83tDZ0h3IGwyVU5AWgi1ZHH6viwK4ONCAMSsiKrmT+VdUnyVRdQi,2.1295461964971096,5.630509965044745,3.0388623454874786
81300,A5MKq7BYw+qB83tDZ0h3IGwyVU5AWgi1ZHH6viwK4ONCAMSsiKrmT+VdUnyVRdQi,2.157461212359377,6.766419056707513,3.02658949492372
81600,A5MKq7BYw+qB83tDZ0h3IGwyVU5AWgi1ZHH6viwK4ONCAMSsiKrmT+VdUnyVRdQi,1.9587185712568689,6.41944272885384,2.871148356302544
81900,A5MKq7BYw+qB83tDZ0h3IGwyVU5AWgi1ZHH6viwK4ONCAMSsiKrmT+VdUnyVRdQi,2.042342463351952,6.504765197764716,2.8735542908357927
82200,A5MKq7BYw+qB83tDZ0h3IGwyVU5AWgi1ZHH6viwK4ONCAMSsiKrmT+VdUnyVRdQi,2.1186970571809094,6.00430365825218,3.177114708750429
82500,A5MKq7BYw+qB83tDZ0h3IGwyVU5AWgi1ZHH6viwK4ONCAMSsiKrmT+VdUnyVRdQi,2.0147743375733733,5.661365988001379,2.913221777990554
82800,A5MKq7BYw+qB83tDZ0h3IGwyVU5AWgi1ZHH6viwK4ONCAMSsiKrmT+VdUnyVRdQi,2.0048811198443985,12.083998770306142,3.1857543593987647
83100,A5MKq7BYw+qB83tDZ0h3IGwyVU5AWgi1ZHH6viwK4ONCAMSsiKrmT+VdUnyVRdQi,2.1026816049932324,7.334222559502034,3.2066330133777954
83400,A5MKq7BYw+qB83tDZ0h3IGwyVU5AWgi1ZHH6viwK4ONCAMSsiKrmT+VdUnyVRdQi,2.1437430272067086,6.955687248390825,3.081888308297229
83700,A5MKq7BYw+qB83tDZ0h3IGwyVU5AWgi1ZHH6viwK4ONCAMSsiKrmT+VdUnyVRdQi,2.4638813222050846,5.314402188232725,3.1362562235514155
84000,A5MKq7BYw+qB83tDZ0h3IGwyVU5AWgi1ZHH6viwK4ONCAMSsiKrmT+VdUnyVRdQi,2.058310665236746,6.44363005104896,2.959139921152504
84300,A5MKq7BYw+qB83tDZ0h3IGwyVU5AWgi1ZHH6viwK4ONCAMSsiKrmT+VdUnyVRdQi,1.9247356228905232,6.114437739293581,2.9082793555245536
84600,A5MKq7BYw+qB83tDZ0h3IGwyVU5AWgi1ZHH6viwK4ONCAMSsiKrmT+VdUnyVRdQi,2.149949127305942,5.260652776232864,2.896037472177273
84900,A5MKq7BYw+qB83tDZ0h3IGwyVU5AWgi1ZHH6viwK4ONCAMSsiKrmT+VdUnyVRdQi,2.106046812689203,5.979473067807801,2.893553350646587
85200,A5MKq7BYw+qB83tDZ0h3IGwyVU5AWgi1ZHH6viwK4ONCAMSsiKrmT+VdUnyVRdQi,2.0571407133159267,5.042546066828157,2.884651682834542
85500,A5MKq7BYw+qB83tDZ0h3IGwyVU5AWgi1ZHH6viwK4ONCAMSsiKrmT+VdUnyVRdQi,2.170951017198071,6.117535369391254,2.848260416225961
85800,A5MKq7BYw+qB83tDZ0h3IGwyVU5AWgi1ZHH6viwK4ONCAMSsiKrmT+VdUnyVRdQi,2.0046815868222434,4.415161792098324,2.6432669257532977
86100,A5MKq7BYw+qB83tDZ0h3IGwyVU5AWgi1ZHH6viwK4ONCAMSsiKrmT+VdUnyVRdQi,2.0978866160959013,5.139922073656364,3.038861705830519
86400,A5MKq7BYw+qB83tDZ0h3IGwyVU5AWgi1ZHH6viwK4ONCAMSsiKrmT+VdUnyVRdQi,2.222992382034246,10.632880218914146,3.060646754465996
86700,A5MKq7BYw+qB83tDZ0h3IGwyVU5AWgi1ZHH6viwK4ONCAMSsiKrmT+VdUnyVRdQi,2.113191731282849,4.868515080529648,2.6741996159574226
87000,A5MKq7BYw+qB83tDZ0h3IGwyVU5AWgi1ZHH6viwK4ONCAMSsiKrmT+VdUnyVRdQi,2.0290802178940734,4.482395315523648,2.6160089734273053
87300,A5MKq7BYw+qB83tDZ0h3IGwyVU5AWgi1ZHH6viwK4ONCAMSsiKrmT+VdUnyVRdQi,2.2469271191321387,5.621727701874389,2.7575896940259046
87600,A5MKq7BYw+qB83tDZ0h3IGwyVU5AWgi1ZHH6viwK4ONCAMSsiKrmT+VdUnyVRdQi,2.127427625437072,5.0051195450819215,2.90946250946984
87900,A5MKq7BYw+qB83tDZ0h3IGwyVU5AWgi1ZHH6viwK4ONCAMSsiKrmT+VdUnyVRdQi,2.0006657724699832,5.4239534211132,2.675174282247328
88200,A5MKq7BYw+qB83tDZ0h3IGwyVU5AWgi1ZHH6viwK4ONCAMSsiKrmT+VdUnyVRdQi,2.0405361359270957,4.982553243765366,2.640825352932589
88500,A5MKq7BYw+qB83tDZ0h3IGwyVU5AWgi1ZHH6viwK4ONCAMSsiKrmT+VdUnyVRdQi,2.1261242023127016,5.259245647089632,2.671061675075062
88800,A5MKq7BYw+qB83tDZ0h3IGwyVU5AWgi1ZHH6viwK4ONCAMSsiKrmT+VdUnyVRdQi,1.877999404154388,3.686742823604492,2.4003890637926384
89100,A5MKq7BYw+qB83tDZ0h3IGwyVU5AWgi1ZHH6viwK4ONCAMSsiKrmT+VdUnyVRdQi,1.8577706141500512,3.7501020281849686,2.4653998841970135
89400,A5MKq7BYw+qB83tDZ0h3IGwyVU5AWgi1ZHH6viwK4ONCAMSsiKrmT+VdUnyVRdQi,1.9475107720853244,3.426411389106261,2.484983562157659
89700,A5MKq7BYw+qB83tDZ0h3IGwyVU5AWgi1ZHH6viwK4ONCAMSsiKrmT+VdUnyVRdQi,2.149166693625838,5.209309826561304,3.0584491349241163
90000,A5MKq7BYw+qB83tDZ0h3IGwyVU5AWgi1ZHH6viwK4ONCAMSsiKrmT+VdUnyVRdQi,2.2630611831126624,9.075416169848223,3.133016535502818
90300,A5MKq7BYw+qB83tDZ0h3IGwyVU5AWgi1ZHH6viwK4ONCAMSsiKrmT+VdUnyVRdQi,2.01185577065735,5.059019123409472,2.7574071309714334
90600,A5MKq7BYw+qB83tDZ0h3IGwyVU5AWgi1ZHH6viwK4ONCAMSsiKrmT+VdUnyVRdQi,2.1266570239356963,4.787210626387675,2.8042999543151934
90900,A5MKq7BYw+qB83tDZ0h3IGwyVU5AWgi1ZHH6viwK4ONCAMSsiKrmT+VdUnyVRdQi,2.1277746103044786,4.984707810218439,2.7921422481200056
91200,A5MKq7BYw+qB83tDZ0h3IGwyVU5AWgi1ZHH6viwK4ONCAMSsiKrmT+VdUnyVRdQi,2.1614891430370826,4.11320348162483,2.8572365753689657
91500,A5MKq7BYw+qB83tDZ0h3IGwyVU5AWgi1ZHH6viwK4ONCAMSsiKrmT+VdUnyVRdQi,2.2456276297565725,6.016848234190409,2.9276388656727734
91800,A5MKq7BYw+qB83tDZ0h3IGwyVU5AWgi1ZHH6viwK4ONCAMSsiKrmT+VdUnyVRdQi,2.328849075939774,5.575813068877345,3.1067439532048198
92100,A5MKq7BYw+qB83tDZ0h3IGwyVU5AWgi1ZHH6viwK4ONCAMSsiKrmT+VdUnyVRdQi,2.073057087544254,6.550170613227651,2.8504688594014578
92400,A5MKq7BYw+qB83tDZ0h3IGwyVU5AWgi1ZHH6viwK4ONCAMSsiKrmT+VdUnyVRdQi,2.097275338251024,4.890662954179809,2.7579688838256096
92700,A5MKq7BYw+qB83tDZ0h3IGwyVU5AWgi1ZHH6viwK4ONCAMSsiKrmT+VdUnyVRdQi,2.122898641844504,4.764314559795897,2.7449687594106367
93000,A5MKq7BYw+qB83tDZ0h3IGwyVU5AWgi1ZHH6viwK4ONCAMSsiKrmT+VdUnyVRdQi,2.1661608960923626,4.120152329784247,2.743823622378536
93300,A5MKq7BYw+qB83tDZ0h3IGwyVU5AWgi1ZHH6viwK4ONCAMSsiKrmT+VdUnyVRdQi,2.0692403077732098,5.401755155299693,2.976762084962601
93600,A5MKq7BYw+qB83tDZ0h3IGwyVU5AWgi1ZHH6viwK4ONCAMSsiKrmT+VdUnyVRdQi,1.9827007857365695,10.400876517487315,3.0588203141750507
93900,A5MKq7BYw+qB83tDZ0h3IGwyVU5AWgi1ZHH6viwK4ONCAMSsiKrmT+VdUnyVRdQi,2.1495701339064883,4.702245485463771,2.74548007860445
94200,A5MKq7BYw+qB83tDZ0h3IGwyVU5AWgi1ZHH6viwK4ONCAMSsiKrmT+VdUnyVRdQi,2.050415701678053,4.81374854429518,2.603807698021434
94500,A5MKq7BYw+qB83tDZ0h3IGwyVU5AWgi1ZHH6viwK4ONCAMSsiKrmT+VdUnyVRdQi,1.9067862865909615,3.4570323481080663,2.6494917485036287
94800,A5MKq7BYw+qB83tDZ0h3IGwyVU5AWgi1ZHH6viwK4ONCAMSsiKrmT+VdUnyVRdQi,2.0857336237532893,3.9828168561347335,2.774687344486417
95100,A5MKq7BYw+qB83tDZ0h3IGwyVU5AWgi1ZHH6viwK4ONCAMSsiKrmT+VdUnyVRdQi,2.222625627542615,4.284257395148143,2.7202175721141613
95400,A5MKq7BYw+qB83tDZ0h3IGwyVU5AWgi1ZHH6viwK4ONCAMSsiKrmT+VdUnyVRdQi,1.9366837878244507,4.378326388290944,2.7099872143388795
95700,A5MKq7BYw+qB83tDZ0h3IGwyVU5AWgi1ZHH6viwK4ONCAMSsiKrmT+VdUnyVRdQi,1.879465426808988,3.848831764499355,2.6703952705758383
96000,A5MKq7BYw+qB83tDZ0h3IGwyVU5AWgi1ZHH6viwK4ONCAMSsiKrmT+VdUnyVRdQi,2.057636685471517,4.4989829458579065,2.972441467657403
96300,A5MKq7BYw+qB83tDZ0h3IGwyVU5AWgi1ZHH6viwK4ONCAMSsiKrmT+VdUnyVRdQi,2.1375430771427126,6.429688307245734,2.9427746043078167
96600,A5MKq7BYw+qB83tDZ0h3IGwyVU5AWgi1ZHH6viwK4ONCAMSsiKrmT+VdUnyVRdQi,2.071434922925726,4.951602143085212,2.808683177955463
96900,A5MKq7BYw+qB83tDZ0h3IGwyVU5AWgi1ZHH6viwK4ONCAMSsiKrmT+VdUnyVRdQi,2.133166283998837,5.825034225628417,3.002786939961979
97200,A5MKq7BYw+qB83tDZ0h3IGwyVU5AWgi1ZHH6viwK4ONCAMSsiKrmT+VdUnyVRdQi,2.3305764532090567,10.405582490451216,3.1643025601331454
97500,A5MKq7BYw+qB83tDZ0h3IGwyVU5AWgi1ZHH6viwK4ONCAMSsiKrmT+VdUnyVRdQi,2.3366337447159715,5.95354145857199,3.0959074740230927
97800,A5MKq7BYw+qB83tDZ0h3IGwyVU5AWgi1ZHH6viwK4ONCAMSsiKrmT+VdUnyVRdQi,2.53466092424305,6.708907185331769,3.4323962221407243
98100,A5MKq7BYw+qB83tDZ0h3IGwyVU5AWgi1ZHH6viwK4ONCAMSsiKrmT+VdUnyVRdQi,2.5882609366070017,5.527003346061826,3.210607315134594
98400,A5MKq7BYw+qB83tDZ0h3IGwyVU5AWgi1ZHH6viwK4ONCAMSsiKrmT+VdUnyVRdQi,2.5214177415176167,6.248866095370797,3.1148600201427312
98700,A5MKq7BYw+qB83tDZ0h3IGwyVU5AWgi1ZHH6viwK4ONCAMSsiKrmT+VdUnyVRdQi,2.521737672758244,32.4285903704598,6.936512812587472
99000,A5MKq7BYw+qB83tDZ0h3IGwyVU5AWgi1ZHH6viwK4ONCAMSsiKrmT+VdUnyVRdQi,2.4907897672090007,4.695796368580878,3.211052826781507
99300,A5MKq7BYw+qB83tDZ0h3IGwyVU5AWgi1ZHH6viwK4ONCAMSsiKrmT+VdUnyVRdQi,2.4358581415540503,4.869770814754276,3.1703873291207283
99600,A5MKq7BYw+qB83tDZ0h3IGwyVU5AWgi1ZHH6viwK4ONCAMSsiKrmT+VdUnyVRdQi,2.5622655324767334,6.451434265901825,3.171027600248259
99900,A5MKq7BYw+qB83tDZ0h3IGwyVU5AWgi1ZHH6viwK4ONCAMSsiKrmT+VdUnyVRdQi,2.367535751344183,6.689639596486309,3.096146895797071
100200,A5MKq7BYw+qB83tDZ0h3IGwyVU5AWgi1ZHH6viwK4ONCAMSsiKrmT+VdUnyVRdQi,2.2199601041602333,6.785724729422651,2.9823423866322134
100500,A5MKq7BYw+qB83tDZ0h3IGwyVU5AWgi1ZHH6viwK4ONCAMSsiKrmT+VdUnyVRdQi,2.3142053571203065,6.282773063743422,3.2285120725068195
100800,A5MKq7BYw+qB83tDZ0h3IGwyVU5AWgi1ZHH6viwK4ONCAMSsiKrmT+VdUnyVRdQi,2.3150703796711927,4.816147376498519,3.008206297371824
101100,A5MKq7BYw+qB83tDZ0h3IGwyVU5AWgi1ZHH6viwK4ONCAMSsiKrmT+VdUnyVRdQi,1.9902317212995544,10.232096746400414,2.9665087290020407
101400,A5MKq7BYw+qB83tDZ0h3IGwyVU5AWgi1ZHH6viwK4ONCAMSsiKrmT+VdUnyVRdQi,1.9779096412634096,4.419846584046738,2.64488188058741
101700,A5MKq7BYw+qB83tDZ0h3IGwyVU5AWgi1ZHH6viwK4ONCAMSsiKrmT+VdUnyVRdQi,1.81579689499965,9.890443364709453,3.214925445195844
102000,A5MKq7BYw+qB83tDZ0h3IGwyVU5AWgi1ZHH6viwK4ONCAMSsiKrmT+VdUnyVRdQi,1.6451918697679344,3.8582955028668375,2.597154986171487
102300,A5MKq7BYw+qB83tDZ0h3IGwyVU5AWgi1ZHH6viwK4ONCAMSsiKrmT+VdUnyVRdQi,2.1932767717835024,4.689109363322222,2.8966890197802018
102600,A5MKq7BYw+qB83tDZ0h3IGwyVU5AWgi1ZHH6viwK4ONCAMSsiKrmT+VdUnyVRdQi,2.164772742960506,4.308614759162314,3.0480523771490686
102900,A5MKq7BYw+qB83tDZ0h3IGwyVU5AWgi1ZHH6viwK4ONCAMSsiKrmT+VdUnyVRdQi,2.1390614813236715,7.729519918771526,2.94621717750142
103200,A5MKq7BYw+qB83tDZ0h3IGwyVU5AWgi1ZHH6viwK4ONCAMSsiKrmT+VdUnyVRdQi,2.2417412299414856,6.3633277346544,2.913531886838125
103500,A5MKq7BYw+qB83tDZ0h3IGwyVU5AWgi1ZHH6viwK4ONCAMSsiKrmT+VdUnyVRdQi,2.2451861172141414,5.806531493566569,2.8491882270033773
103800,A5MKq7BYw+qB83tDZ0h3IGwyVU5AWgi1ZHH6viwK4ONCAMSsiKrmT+VdUnyVRdQi,2.381217273506827,5.6819284324659245,2.874968346810171
104100,A5MKq7BYw+qB83tDZ0h3IGwyVU5AWgi1ZHH6viwK4ONCAMSsiKrmT+VdUnyVRdQi,2.264325790766693,6.327270598385025,2.984076358333588
104400,A5MKq7BYw+qB83tDZ0h3IGwyVU5AWgi1ZHH6viwK4ONCAMSsiKrmT+VdUnyVRdQi,2.204928546510869,5.435204433991904,2.852059799021288
104700,A5MKq7BYw+qB83tDZ0h3IGwyVU5AWgi1ZHH6viwK4ONCAMSsiKrmT+VdUnyVRdQi,2.127634445568888,10.1585726518004,3.1760001527937134
105000,A5MKq7BYw+qB83tDZ0h3IGwyVU5AWgi1ZHH6viwK4ONCAMSsiKrmT+VdUnyVRdQi,2.2564938997801045,4.642411098095243,2.897787490439171
105300,A5MKq7BYw+qB83tDZ0h3IGwyVU5AWgi1ZHH6viwK4ONCAMSsiKrmT+VdUnyVRdQi,2.1091248117802746,6.094218399345206,2.8072988313416074
105600,A5MKq7BYw+qB83tDZ0h3IGwyVU5AWgi1ZHH6viwK4ONCAMSsiKrmT+VdUnyVRdQi,2.18153315246158,4.482699861990176,2.9326871298527863
105900,A5MKq7BYw+qB83tDZ0h3IGwyVU5AWgi1ZHH6viwK4ONCAMSsiKrmT+VdUnyVRdQi,2.141948158499536,5.209332509840188,2.8596992253273457
106200,A5MKq7BYw+qB83tDZ0h3IGwyVU5AWgi1ZHH6viwK4ONCAMSsiKrmT+VdUnyVRdQi,2.131127733703848,5.769276751067146,2.8518760767618003
106500,A5MKq7BYw+qB83tDZ0h3IGwyVU5AWgi1ZHH6viwK4ONCAMSsiKrmT+VdUnyVRdQi,2.0941868417059024,5.064855459188596,2.864348579095356
106800,A5MKq7BYw+qB83tDZ0h3IGwyVU5AWgi1ZHH6viwK4ONCAMSsiKrmT+VdUnyVRdQi,2.1991879511330765,3.836240050616192,2.730815216322719
107100,A5MKq7BYw+qB83tDZ0h3IGwyVU5AWgi1ZHH6viwK4ONCAMSsiKrmT+VdUnyVRdQi,2.2769075535650503,5.585238423855828,2.830522376962234
107400,A5MKq7BYw+qB83tDZ0h3IGwyVU5AWgi1ZHH6viwK4ONCAMSsiKrmT+VdUnyVRdQi,2.3927644727790205,5.890502638504073,2.9685025333995605
107700,A5MKq7BYw+qB83tDZ0h3IGwyVU5AWgi1ZHH6viwK4ONCAMSsiKrmT+VdUnyVRdQi,2.3073656097199478,6.861280915752587,3.2086094968018712
108000,A5MKq7BYw+qB83tDZ0h3IGwyVU5AWgi1ZHH6viwK4ONCAMSsiKrmT+VdUnyVRdQi,2.214947949143745,6.674750715281337,3.021916628597168
108300,A5MKq7BYw+qB83tDZ0h3IGwyVU5AWgi1ZHH6viwK4ONCAMSsiKrmT+VdUnyVRdQi,2.2514302228221874,8.32463684359519,3.4072526050050853
108600,A5MKq7BYw+qB83tDZ0h3IGwyVU5AWgi1ZHH6viwK4ONCAMSsiKrmT+VdUnyVRdQi,2.1179535755376437,4.732947861138392,2.8233689599618854
108900,A5MKq7BYw+qB83tDZ0h3IGwyVU5AWgi1ZHH6viwK4ONCAMSsiKrmT+VdUnyVRdQi,2.331286806112015,5.6651856261325,3.0941868943444986
109200,A5MKq7BYw+qB83tDZ0h3IGwyVU5AWgi1ZHH6viwK4ONCAMSsiKrmT+VdUnyVRdQi,2.1927979238372144,4.621115486040099,2.9057118142739244
109500,A5MKq7BYw+qB83tDZ0h3IGwyVU5AWgi1ZHH6viwK4ONCAMSsiKrmT+VdUnyVRdQi,2.062098689233291,5.089149102773746,2.6909104511948465
109800,A5MKq7BYw+qB83tDZ0h3IGwyVU5AWgi1ZHH6viwK4ONCAMSsiKrmT+VdUnyVRdQi,2.1741279186882188,4.117419119196261,2.67719276314022
110100,A5MKq7BYw+qB83tDZ0h3IGwyVU5AWgi1ZHH6viwK4ONCAMSsiKrmT+VdUnyVRdQi,2.1656709832070344,3.7886926779196513,2.726078971585717
110400,A5MKq7BYw+qB83tDZ0h3IGwyVU5AWgi1ZHH6viwK4ONCAMSsiKrmT+VdUnyVRdQi,2.169092603130096,3.293950841981748,2.685693115154011
110700,A5MKq7BYw+qB83tDZ0h3IGwyVU5AWgi1ZHH6viwK4ONCAMSsiKrmT+VdUnyVRdQi,2.3179152205320497,5.820812882845496,2.9222506810517874
111000,A5MKq7BYw+qB83tDZ0h3IGwyVU5AWgi1ZHH6viwK4ONCAMSsiKrmT+VdUnyVRdQi,2.3000789147591165,6.566476464800804,2.986453228085352
111300,A5MKq7BYw+qB83tDZ0h3IGwyVU5AWgi1ZHH6viwK4ONCAMSsiKrmT+VdUnyVRdQi,2.0252646724446794,5.49154042889763,2.9827673611411383
111600,A5MKq7BYw+qB83tDZ0h3IGwyVU5AWgi1ZHH6viwK4ONCAMSsiKrmT+VdUnyVRdQi,1.92245731017016,5.003885649468962,2.6103970538323207
111900,A5MKq7BYw+qB83tDZ0h3IGwyVU5AWgi1ZHH6viwK4ONCAMSsiKrmT+VdUnyVRdQi,2.1567310785560583,7.655668595830883,3.271318494201064
112200,A5MKq7BYw+qB83tDZ0h3IGwyVU5AWgi1ZHH6viwK4ONCAMSsiKrmT+VdUnyVRdQi,2.430197240946072,8.261140703600478,3.1802265461454384
112500,A5MKq7BYw+qB83tDZ0h3IGwyVU5AWgi1ZHH6viwK4ONCAMSsiKrmT+VdUnyVRdQi,2.2503895727073573,6.914703722765227,3.1384323101532687
112800,A5MKq7BYw+qB83tDZ0h3IGwyVU5AWgi1ZHH6viwK4ONCAMSsiKrmT+VdUnyVRdQi,2.2136021941910813,6.334887764365071,3.01755192963548
113100,A5MKq7BYw+qB83tDZ0h3IGwyVU5AWgi1ZHH6viwK4ONCAMSsiKrmT+VdUnyVRdQi,2.217673817008861,6.755933259334541,2.849815335666681
113400,A5MKq7BYw+qB83tDZ0h3IGwyVU5AWgi1ZHH6viwK4ONCAMSsiKrmT+VdUnyVRdQi,2.2264285415831697,6.608123621578834,2.9295762206187272
113700,A5MKq7BYw+qB83tDZ0h3IGwyVU5AWgi1ZHH6viwK4ONCAMSsiKrmT+VdUnyVRdQi,2.344781636699325,6.291484916240119,2.9083341664865485
114000,A5MKq7BYw+qB83tDZ0h3IGwyVU5AWgi1ZHH6viwK4ONCAMSsiKrmT+VdUnyVRdQi,2.02559082643919,5.859814914956885,2.979347261371801
114300,A5MKq7BYw+qB83tDZ0h3IGwyVU5AWgi1ZHH6viwK4ONCAMSsiKrmT+VdUnyVRdQi,2.04563784710534,4.716197519980521,2.794809997299402
114600,A5MKq7BYw+qB83tDZ0h3IGwyVU5AWgi1ZHH6viwK4ONCAMSsiKrmT+VdUnyVRdQi,1.8837752789638609,3.7742142927196314,2.6856932958225403
114900,A5MKq7BYw+qB83tDZ0h3IGwyVU5AWgi1ZHH6viwK4ONCAMSsiKrmT+VdUnyVRdQi,1.9201336969537048,5.815624059443312,2.8229111140460104
115200,A5MKq7BYw+qB83tDZ0h3IGwyVU5AWgi1ZHH6viwK4ONCAMSsiKrmT+VdUnyVRdQi,1.724411886998906,4.977016745024358,2.650240091339736
115500,A5MKq7BYw+qB83tDZ0h3IGwyVU5AWgi1ZHH6viwK4ONCAMSsiKrmT+VdUnyVRdQi,2.084063731759581,8.552073655995649,3.2347611663903253
115800,A5MKq7BYw+qB83tDZ0h3IGwyVU5AWgi1ZHH6viwK4ONCAMSsiKrmT+VdUnyVRdQi,2.159405070025643,6.6105859686940125,2.9180639394540786
116100,A5MKq7BYw+qB83tDZ0h3IGwyVU5AWgi1ZHH6viwK4ONCAMSsiKrmT+VdUnyVRdQi,2.258393837167286,5.5012502044407565,2.8550099575753176
116400,A5MKq7BYw+qB83tDZ0h3IGwyVU5AWgi1ZHH6viwK4ONCAMSsiKrmT+VdUnyVRdQi,2.053561546070684,6.487093135123147,2.73450595500156
116700,A5MKq7BYw+qB83tDZ0h3IGwyVU5AWgi1ZHH6viwK4ONCAMSsiKrmT+VdUnyVRdQi,1.7978193748912912,4.897604874198076,2.568903982728893
117000,A5MKq7BYw+qB83tDZ0h3IGwyVU5AWgi1ZHH6viwK4ONCAMSsiKrmT+VdUnyVRdQi,2.1113278646791307,4.877532051916669,2.669364217960761
117300,A5MKq7BYw+qB83tDZ0h3IGwyVU5AWgi1ZHH6viwK4ONCAMSsiKrmT+VdUnyVRdQi,2.031477960711496,5.448060998045957,2.6160927909426506
117600,A5MKq7BYw+qB83tDZ0h3IGwyVU5AWgi1ZHH6viwK4ONCAMSsiKrmT+VdUnyVRdQi,2.118644946280392,5.656698384975116,2.6003668328766256
117900,A5MKq7BYw+qB83tDZ0h3IGwyVU5AWgi1ZHH6viwK4ONCAMSsiKrmT+VdUnyVRdQi,2.142876669030056,5.25096759629707,2.688856934801501
118200,A5MKq7BYw+qB83tDZ0h3IGwyVU5AWgi1ZHH6viwK4ONCAMSsiKrmT+VdUnyVRdQi,2.250474324880537,4.988035436532125,2.8993224080489184
118500,A5MKq7BYw+qB83tDZ0h3IGwyVU5AWgi1ZHH6viwK4ONCAMSsiKrmT+VdUnyVRdQi,2.3609200840693525,6.939115956802402,3.2080468796365125
118800,A5MKq7BYw+qB83tDZ0h3IGwyVU5AWgi1ZHH6viwK4ONCAMSsiKrmT+VdUnyVRdQi,2.3592553338737687,6.599205509320301,3.0224254765874337
119100,A5MKq7BYw+qB83tDZ0h3IGwyVU5AWgi1ZHH6viwK4ONCAMSsiKrmT+VdUnyVRdQi,2.349185039005135,10.844646201876277,3.627878019755772
119400,A5MKq7BYw+qB83tDZ0h3IGwyVU5AWgi1ZHH6viwK4ONCAMSsiKrmT+VdUnyVRdQi,2.3768976802631654,8.480686972388742,3.031600956746627
119700,A5MKq7BYw+qB83tDZ0h3IGwyVU5AWgi1ZHH6viwK4ONCAMSsiKrmT+VdUnyVRdQi,2.3168815522016497,7.397161200144648,2.9392848710412176
120000,A5MKq7BYw+qB83tDZ0h3IGwyVU5AWgi1ZHH6viwK4ONCAMSsiKrmT+VdUnyVRdQi,2.1065978741084024,5.075480670899212,2.7185162023918394
120300,A5MKq7BYw+qB83tDZ0h3IGwyVU5AWgi1ZHH6viwK4ONCAMSsiKrmT+VdUnyVRdQi,1.9889050974170797,5.018314329373771,2.5672100512203357
120600,A5MKq7BYw+qB83tDZ0h3IGwyVU5AWgi1ZHH6viwK4ONCAMSsiKrmT+VdUnyVRdQi,1.992742409525157,4.312069459538858,2.795291473154333
120900,A5MKq7BYw+qB83tDZ0h3IGwyVU5AWgi1ZHH6viwK4ONCAMSsiKrmT+VdUnyVRdQi,2.290448930219924,6.038867738448578,2.8401830925804523
121200,A5MKq7BYw+qB83tDZ0h3IGwyVU5AWgi1ZHH6viwK4ONCAMSsiKrmT+VdUnyVRdQi,2.1741737939963,5.562589454622029,2.912745645587111
121500,A5MKq7BYw+qB83tDZ0h3IGwyVU5AWgi1ZHH6viwK4ONCAMSsiKrmT+VdUnyVRdQi,1.9346370601568623,4.728981675809788,2.779864453484207
121800,A5MKq7BYw+qB83tDZ0h3IGwyVU5AWgi1ZHH6viwK4ONCAMSsiKrmT+VdUnyVRdQi,2.2060737048423484,5.400966085617685,2.853752481480539
122100,A5MKq7BYw+qB83tDZ0h3IGwyVU5AWgi1ZHH6viwK4ONCAMSsiKrmT+VdUnyVRdQi,2.14509513048272,6.6340438689947625,3.1162830205364376
122400,A5MKq7BYw+qB83tDZ0h3IGwyVU5AWgi1ZHH6viwK4ONCAMSsiKrmT+VdUnyVRdQi,1.9642402116990905,5.884929526328391,2.8800828847370226
122700,A5MKq7BYw+qB83tDZ0h3IGwyVU5AWgi1ZHH6viwK4ONCAMSsiKrmT+VdUnyVRdQi,2.22938456369884,7.767234262154625,3.2417504565147146
123000,A5MKq7BYw+qB83tDZ0h3IGwyVU5AWgi1ZHH6viwK4ONCAMSsiKrmT+VdUnyVRdQi,2.5449085967548064,6.706542767116733,3.1403275274482687
123300,A5MKq7BYw+qB83tDZ0h3IGwyVU5AWgi1ZHH6viwK4ONCAMSsiKrmT+VdUnyVRdQi,2.2073715669446266,11.159927570290323,3.6560286776592106
123600,A5MKq7BYw+qB83tDZ0h3IGwyVU5AWgi1ZHH6viwK4ONCAMSsiKrmT+VdUnyVRdQi,2.1383716376855126,8.093599622160719,3.1498514105214253
123900,A5MKq7BYw+qB83tDZ0h3IGwyVU5AWgi1ZHH6viwK4ONCAMSsiKrmT+VdUnyVRdQi,1.9127827846655685,4.009279268921566,2.449825260789604
124200,A5MKq7BYw+qB83tDZ0h3IGwyVU5AWgi1ZHH6viwK4ONCAMSsiKrmT+VdUnyVRdQi,1.905288588058714,3.697034746051584,2.429704698714227
124500,A5MKq7BYw+qB83tDZ0h3IGwyVU5AWgi1ZHH6viwK4ONCAMSsiKrmT+VdUnyVRdQi,1.8159382316641397,4.172624001382329,2.544038122261667
124800,A5MKq7BYw+qB83tDZ0h3IGwyVU5AWgi1ZHH6viwK4ONCAMSsiKrmT+VdUnyVRdQi,1.8829971558360847,4.52688540811834,2.593877849757812
125100,A5MKq7BYw+qB83tDZ0h3IGwyVU5AWgi1ZHH6viwK4ONCAMSsiKrmT+VdUnyVRdQi,1.9062454430349147,3.619686080933412,2.433445538458043
125400,A5MKq7BYw+qB83tDZ0h3IGwyVU5AWgi1ZHH6viwK4ONCAMSsiKrmT+VdUnyVRdQi,1.806521596430244,4.4148861731122375,2.4905955675791107
125700,A5MKq7BYw+qB83tDZ0h3IGwyVU5AWgi1ZHH6viwK4ONCAMSsiKrmT+VdUnyVRdQi,1.919342610349985,5.0771736142089114,2.528708143086752
126000,A5MKq7BYw+qB83tDZ0h3IGwyVU5AWgi1ZHH6viwK4ONCAMSsiKrmT+VdUnyVRdQi,2.120787922237776,4.914125869777126,2.8664731049634167
126300,A5MKq7BYw+qB83tDZ0h3IGwyVU5AWgi1ZHH6viwK4ONCAMSsiKrmT+VdUnyVRdQi,1.9110008625862804,7.797923782247766,2.957004682128921
126600,A5MKq7BYw+qB83tDZ0h3IGwyVU5AWgi1ZHH6viwK4ONCAMSsiKrmT+VdUnyVRdQi,1.96208586331778,4.846145025987784,2.7608552310680765
126900,A5MKq7BYw+qB83tDZ0h3IGwyVU5AWgi1ZHH6viwK4ONCAMSsiKrmT+VdUnyVRdQi,2.1321613949092577,4.599293234327175,2.7239730515859746
127200,A5MKq7BYw+qB83tDZ0h3IGwyVU5AWgi1ZHH6viwK4ONCAMSsiKrmT+VdUnyVRdQi,2.0942817851862148,5.737148979276324,2.787859717794868
127500,A5MKq7BYw+qB83tDZ0h3IGwyVU5AWgi1ZHH6viwK4ONCAMSsiKrmT+VdUnyVRdQi,2.0626183897864054,5.47381505336648,2.6980284854611862
127800,A5MKq7BYw+qB83tDZ0h3IGwyVU5AWgi1ZHH6viwK4ONCAMSsiKrmT+VdUnyVRdQi,1.993465901507647,4.854858066456759,2.577461251472568
128100,A5MKq7BYw+qB83tDZ0h3IGwyVU5AWgi1ZHH6viwK4ONCAMSsiKrmT+VdUnyVRdQi,1.7803335110064316,4.999362420524022,2.556021621168226
128400,A5MKq7BYw+qB83tDZ0h3IGwyVU5AWgi1ZHH6viwK4ONCAMSsiKrmT+VdUnyVRdQi,1.9621048148801288,4.410244921122634,2.650177365239629
128700,A5MKq7BYw+qB83tDZ0h3IGwyVU5AWgi1ZHH6viwK4ONCAMSsiKrmT+VdUnyVRdQi,1.9189270101702476,4.756635388217812,2.604038367568241
129000,A5MKq7BYw+qB83tDZ0h3IGwyVU5AWgi1ZHH6viwK4ONCAMSsiKrmT+VdUnyVRdQi,2.0210233756905702,4.585451524664329,2.807601034685882
129300,A5MKq7BYw+qB83tDZ0h3IGwyVU5AWgi1ZHH6viwK4ONCAMSsiKrmT+VdUnyVRdQi,2.3448513864642058,5.299247029170036,2.812813306073882
129600,A5MKq7BYw+qB83tDZ0h3IGwyVU5AWgi1ZHH6viwK4ONCAMSsiKrmT+VdUnyVRdQi,2.0297277737757247,5.786012062529547,3.0140722897010463
129900,A5MKq7BYw+qB83tDZ0h3IGwyVU5AWgi1ZHH6viwK4ONCAMSsiKrmT+VdUnyVRdQi,2.164065530828698,7.73207159565464,3.1940761744511503
130200,A5MKq7BYw+qB83tDZ0h3IGwyVU5AWgi1ZHH6viwK4ONCAMSsiKrmT+VdUnyVRdQi,2.3989516915630986,6.427251188404907,2.9692990320684607
130500,A5MKq7BYw+qB83tDZ0h3IGwyVU5AWgi1ZHH6viwK4ONCAMSsiKrmT+VdUnyVRdQi,2.214408809782303,6.482614405716225,3.044803262312539
130800,A5MKq7BYw+qB83tDZ0h3IGwyVU5AWgi1ZHH6viwK4ONCAMSsiKrmT+VdUnyVRdQi,2.2922925787449007,7.42249832631506,3.104196265424404
131100,A5MKq7BYw+qB83tDZ0h3IGwyVU5AWgi1ZHH6viwK4ONCAMSsiKrmT+VdUnyVRdQi,2.158803131737247,4.545698287840602,2.992512813252318
131400,A5MKq7BYw+qB83tDZ0h3IGwyVU5AWgi1ZHH6viwK4ONCAMSsiKrmT+VdUnyVRdQi,2.34870230869015,6.467216471513517,3.12905897957519
131700,A5MKq7BYw+qB83tDZ0h3IGwyVU5AWgi1ZHH6viwK4ONCAMSsiKrmT+VdUnyVRdQi,2.1419096078667055,7.006223699173352,3.0845135855422963
132000,A5MKq7BYw+qB83tDZ0h3IGwyVU5AWgi1ZHH6viwK4ONCAMSsiKrmT+VdUnyVRdQi,2.508312313408636,5.5949823439284,3.3301160769166307
132300,A5MKq7BYw+qB83tDZ0h3IGwyVU5AWgi1ZHH6viwK4ONCAMSsiKrmT+VdUnyVRdQi,2.0194817491904566,7.7273949541276,3.0462867318040865
132600,A5MKq7BYw+qB83tDZ0h3IGwyVU5AWgi1ZHH6viwK4ONCAMSsiKrmT+VdUnyVRdQi,2.264973735574647,6.276038472134013,3.101865037309401
132900,A5MKq7BYw+qB83tDZ0h3IGwyVU5AWgi1ZHH6viwK4ONCAMSsiKrmT+VdUnyVRdQi,2.3933297593925973,6.186092504463573,3.214045724564053
133200,A5MKq7BYw+qB83tDZ0h3IGwyVU5AWgi1ZHH6viwK4ONCAMSsiKrmT+VdUnyVRdQi,2.282946201177624,7.182195631955351,3.499031882880319
133500,A5MKq7BYw+qB83tDZ0h3IGwyVU5AWgi1ZHH6viwK4ONCAMSsiKrmT+VdUnyVRdQi,2.467339265620833,6.34852678055891,3.4583197243741868
133800,A5MKq7BYw+qB83tDZ0h3IGwyVU5AWgi1ZHH6viwK4ONCAMSsiKrmT+VdUnyVRdQi,2.0517803706905133,8.332719469903866,3.128888227198564
134100,A5MKq7BYw+qB83tDZ0h3IGwyVU5AWgi1ZHH6viwK4ONCAMSsiKrmT+VdUnyVRdQi,1.8236122622747868,5.074581370653843,2.696161175267729
134400,A5MKq7BYw+qB83tDZ0h3IGwyVU5AWgi1ZHH6viwK4ONCAMSsiKrmT+VdUnyVRdQi,1.9379528485185176,5.660290325757682,2.8107099839321124
134700,A5MKq7BYw+qB83tDZ0h3IGwyVU5AWgi1ZHH6viwK4ONCAMSsiKrmT+VdUnyVRdQi,2.0819951610813585,3.923232316996744,2.913585383805981
135000,A5MKq7BYw+qB83tDZ0h3IGwyVU5AWgi1ZHH6viwK4ONCAMSsiKrmT+VdUnyVRdQi,2.0716782520390584,4.71902254331771,2.775079521289927
135300,A5MKq7BYw+qB83tDZ0h3IGwyVU5AWgi1ZHH6viwK4ONCAMSsiKrmT+VdUnyVRdQi,1.893129162998572,4.664404045795895,2.7245550761855744
135600,A5MKq7BYw+qB83tDZ0h3IGwyVU5AWgi1ZHH6viwK4ONCAMSsiKrmT+VdUnyVRdQi,1.9818579389461783,5.289478224294488,2.7897099686449605
135900,A5MKq7BYw+qB83tDZ0h3IGwyVU5AWgi1ZHH6viwK4ONCAMSsiKrmT+VdUnyVRdQi,2.1708689012006928,6.331691163070921,2.981638541282249
136200,A5MKq7BYw+qB83tDZ0h3IGwyVU5AWgi1ZHH6viwK4ONCAMSsiKrmT+VdUnyVRdQi,2.168140504365564,4.876532630898262,2.8900668444518542
136500,A5MKq7BYw+qB83tDZ0h3IGwyVU5AWgi1ZHH6viwK4ONCAMSsiKrmT+VdUnyVRdQi,1.7450561231426398,4.870562776523191,2.679088112954093
136800,A5MKq7BYw+qB83tDZ0h3IGwyVU5AWgi1ZHH6viwK4ONCAMSsiKrmT+VdUnyVRdQi,1.8554353374372008,4.75392813043745,2.8135228538857664
137100,A5MKq7BYw+qB83tDZ0h3IGwyVU5AWgi1ZHH6viwK4ONCAMSsiKrmT+VdUnyVRdQi,1.926885258142248,4.75662324675664,2.6701358750551742
137400,A5MKq7BYw+qB83tDZ0h3IGwyVU5AWgi1ZHH6viwK4ONCAMSsiKrmT+VdUnyVRdQi,1.9849112533224864,7.305211764034667,3.1567444693813176
137700,A5MKq7BYw+qB83tDZ0h3IGwyVU5AWgi1ZHH6viwK4ONCAMSsiKrmT+VdUnyVRdQi,2.297223719615725,5.954537218483916,2.8931052429859165
138000,A5MKq7BYw+qB83tDZ0h3IGwyVU5AWgi1ZHH6viwK4ONCAMSsiKrmT+VdUnyVRdQi,2.154477030564569,5.046858099021006,2.9302029947745214
138300,A5MKq7BYw+qB83tDZ0h3IGwyVU5AWgi1ZHH6viwK4ONCAMSsiKrmT+VdUnyVRdQi,2.3128381627053525,6.648422501872088,3.048996967250156
138600,A5MKq7BYw+qB83tDZ0h3IGwyVU5AWgi1ZHH6viwK4ONCAMSsiKrmT+VdUnyVRdQi,2.5222874171912664,6.220722940002745,3.0898261559396003
138900,A5MKq7BYw+qB83tDZ0h3IGwyVU5AWgi1ZHH6viwK4ONCAMSsiKrmT+VdUnyVRdQi,2.2908853674384604,6.762905049769193,3.085470500222653
139200,A5MKq7BYw+qB83tDZ0h3IGwyVU5AWgi1ZHH6viwK4ONCAMSsiKrmT+VdUnyVRdQi,2.390727246826995,6.493043353069661,3.152755925235156
139500,A5MKq7BYw+qB83tDZ0h3IGwyVU5AWgi1ZHH6viwK4ONCAMSsiKrmT+VdUnyVRdQi,2.340950101847902,11.591357618212593,3.494160805911549
139800,A5MKq7BYw+qB83tDZ0h3IGwyVU5AWgi1ZHH6viwK4ONCAMSsiKrmT+VdUnyVRdQi,2.3553794566331527,5.125078114965829,2.955598446682428
140100,A5MKq7BYw+qB83tDZ0h3IGwyVU5AWgi1ZHH6viwK4ONCAMSsiKrmT+VdUnyVRdQi,2.3672362874409134,3.904111889959348,2.9011212681122287
140400,A5MKq7BYw+qB83tDZ0h3IGwyVU5AWgi1ZHH6viwK4ONCAMSsiKrmT+VdUnyVRdQi,2.354003472664251,5.592863829713504,3.2941152686779107
140700,A5MKq7BYw+qB83tDZ0h3IGwyVU5AWgi1ZHH6viwK4ONCAMSsiKrmT+VdUnyVRdQi,2.319768462959732,6.462940435207669,3.143478973171029
141000,A5MKq7BYw+qB83tDZ0h3IGwyVU5AWgi1ZHH6viwK4ONCAMSsiKrmT+VdUnyVRdQi,2.480754797831385,7.595514473369722,3.578117609180584
141300,A5MKq7BYw+qB83tDZ0h3IGwyVU5AWgi1ZHH6viwK4ONCAMSsiKrmT+VdUnyVRdQi,2.5369494421493783,6.577548278495492,3.208267459724558
141600,A5MKq7BYw+qB83tDZ0h3IGwyVU5AWgi1ZHH6viwK4ONCAMSsiKrmT+VdUnyVRdQi,2.524050352670589,6.98834467886546,3.251492414205316
141900,A5MKq7BYw+qB83tDZ0h3IGwyVU5AWgi1ZHH6viwK4ONCAMSsiKrmT+VdUnyVRdQi,2.147706067880657,4.912448791047749,3.19092094848695
142200,A5MKq7BYw+qB83tDZ0h3IGwyVU5AWgi1ZHH6viwK4ONCAMSsiKrmT+VdUnyVRdQi,2.3986744428596807,6.791525229474427,3.222782980070288
142500,A5MKq7BYw+qB83tDZ0h3IGwyVU5AWgi1ZHH6viwK4ONCAMSsiKrmT+VdUnyVRdQi,2.4521271546114347,5.020724309938525,3.1281616078804704
142800,A5MKq7BYw+qB83tDZ0h3IGwyVU5AWgi1ZHH6viwK4ONCAMSsiKrmT+VdUnyVRdQi,2.569809102125587,6.171068838505544,3.404169692138479
143100,A5MKq7BYw+qB83tDZ0h3IGwyVU5AWgi1ZHH6viwK4ONCAMSsiKrmT+VdUnyVRdQi,2.519425643136059,6.799984180298626,3.1965161925672976
143400,A5MKq7BYw+qB83tDZ0h3IGwyVU5AWgi1ZHH6viwK4ONCAMSsiKrmT+VdUnyVRdQi,2.4396264461951955,5.495788887628549,3.2156011171774015
143700,A5MKq7BYw+qB83tDZ0h3IGwyVU5AWgi1ZHH6viwK4ONCAMSsiKrmT+VdUnyVRdQi,2.473106627150808,5.62883538750651,3.4122104656831764
144000,A5MKq7BYw+qB83tDZ0h3IGwyVU5AWgi1ZHH6viwK4ONCAMSsiKrmT+VdUnyVRdQi,2.5491557547388592,6.372331392631406,3.574514818466858
144300,A5MKq7BYw+qB83tDZ0h3IGwyVU5AWgi1ZHH6viwK4ONCAMSsiKrmT+VdUnyVRdQi,2.378348556314187,6.924223713371124,3.341129786154366
144600,A5MKq7BYw+qB83tDZ0h3IGwyVU5AWgi1ZHH6viwK4ONCAMSsiKrmT+VdUnyVRdQi,2.7542469966040364,10.417081742235087,3.816301525976618
144900,A5MKq7BYw+qB83tDZ0h3IGwyVU5AWgi1ZHH6viwK4ONCAMSsiKrmT+VdUnyVRdQi,2.4594496652570887,5.067238985702809,3.348772775262653
145200,A5MKq7BYw+qB83tDZ0h3IGwyVU5AWgi1ZHH6viwK4ONCAMSsiKrmT+VdUnyVRdQi,2.4327831967366804,7.444626095901478,3.3235339282501317
145500,A5MKq7BYw+qB83tDZ0h3IGwyVU5AWgi1ZHH6viwK4ONCAMSsiKrmT+VdUnyVRdQi,2.3559732268242395,6.091107067241431,3.0653563037197515
145800,A5MKq7BYw+qB83tDZ0h3IGwyVU5AWgi1ZHH6viwK4ONCAMSsiKrmT+VdUnyVRdQi,2.467578636525228,4.844527814683931,3.0851020488960654
146100,A5MKq7BYw+qB83tDZ0h3IGwyVU5AWgi1ZHH6viwK4ONCAMSsiKrmT+VdUnyVRdQi,2.2311581973031647,4.901674713621705,2.8013400667912585
146400,A5MKq7BYw+qB83tDZ0h3IGwyVU5AWgi1ZHH6viwK4ONCAMSsiKrmT+VdUnyVRdQi,2.261940478091233,4.938613561279117,3.0540801489049247
146700,A5MKq7BYw+qB83tDZ0h3IGwyVU5AWgi1ZHH6viwK4ONCAMSsiKrmT+VdUnyVRdQi,2.179363619092644,5.151864268230691,2.880374016296868
147000,A5MKq7BYw+qB83tDZ0h3IGwyVU5AWgi1ZHH6viwK4ONCAMSsiKrmT+VdUnyVRdQi,2.085356163319233,4.549316367962796,2.8207321866783106
147300,A5MKq7BYw+qB83tDZ0h3IGwyVU5AWgi1ZHH6viwK4ONCAMSsiKrmT+VdUnyVRdQi,2.0387532238131305,4.271463754625264,2.591202791608384
147600,A5MKq7BYw+qB83tDZ0h3IGwyVU5AWgi1ZHH6viwK4ONCAMSsiKrmT+VdUnyVRdQi,1.97268852558056,5.0427704207137465,2.8313163421698797
147900,A5MKq7BYw+qB83tDZ0h3IGwyVU5AWgi1ZHH6viwK4ONCAMSsiKrmT+VdUnyVRdQi,1.909871963079582,3.464668279830691,2.5170352856493627
148200,A5MKq7BYw+qB83tDZ0h3IGwyVU5AWgi1ZHH6viwK4ONCAMSsiKrmT+VdUnyVRdQi,2.0318604010027124,8.991550570387258,3.240166179507144
148500,A5MKq7BYw+qB83tDZ0h3IGwyVU5AWgi1ZHH6viwK4ONCAMSsiKrmT+VdUnyVRdQi,2.099958098697953,4.831954544400559,2.7448217320945374
148800,A5MKq7BYw+qB83tDZ0h3IGwyVU5AWgi1ZHH6viwK4ONCAMSsiKrmT+VdUnyVRdQi,1.8690795198858488,4.387677874573692,2.809290630367978
149100,A5MKq7BYw+qB83tDZ0h3IGwyVU5AWgi1ZHH6viwK4ONCAMSsiKrmT+VdUnyVRdQi,2.118453864646728,4.320452552456837,2.8147613727006835
149400,A5MKq7BYw+qB83tDZ0h3IGwyVU5AWgi1ZHH6viwK4ONCAMSsiKrmT+VdUnyVRdQi,2.1314560310235864,5.156654183289257,2.8618141177557774
149700,A5MKq7BYw+qB83tDZ0h3IGwyVU5AWgi1ZHH6viwK4ONCAMSsiKrmT+VdUnyVRdQi,2.1743072417784357,3.954027804864592,2.79223621009215
150000,A5MKq7BYw+qB83tDZ0h3IGwyVU5AWgi1ZHH6viwK4ONCAMSsiKrmT+VdUnyVRdQi,2.227592413358464,4.37508480033326,2.777620894339392
150300,A5MKq7BYw+qB83tDZ0h3IGwyVU5AWgi1ZHH6viwK4ONCAMSsiKrmT+VdUnyVRdQi,2.2799677845706205,3.7592720946857208,2.8359150232741746
150600,A5MKq7BYw+qB83tDZ0h3IGwyVU5AWgi1ZHH6viwK4ONCAMSsiKrmT+VdUnyVRdQi,2.275466679130928,4.928003240110112,2.8308946633958807
150900,A5MKq7BYw+qB83tDZ0h3IGwyVU5AWgi1ZHH6viwK4ONCAMSsiKrmT+VdUnyVRdQi,2.096836306044524,5.21507713142802,2.6657649380672237
151200,A5MKq7BYw+qB83tDZ0h3IGwyVU5AWgi1ZHH6viwK4ONCAMSsiKrmT+VdUnyVRdQi,1.9854775909775908,5.17196930621101,2.7749466813638515
151500,A5MKq7BYw+qB83tDZ0h3IGwyVU5AWgi1ZHH6viwK4ONCAMSsiKrmT+VdUnyVRdQi,1.927917501239954,3.50771843550996,2.6091959398957614
151800,A5MKq7BYw+qB83tDZ0h3IGwyVU5AWgi1ZHH6viwK4ONCAMSsiKrmT+VdUnyVRdQi,2.3982395935478946,11.593913294760515,3.524257907195124
152100,A5MKq7BYw+qB83tDZ0h3IGwyVU5AWgi1ZHH6viwK4ONCAMSsiKrmT+VdUnyVRdQi,2.3268374267077534,7.77277528848869,3.045401132240687
152400,A5MKq7BYw+qB83tDZ0h3IGwyVU5AWgi1ZHH6viwK4ONCAMSsiKrmT+VdUnyVRdQi,2.3283349532674498,4.207176946614489,3.051734020390286
152700,A5MKq7BYw+qB83tDZ0h3IGwyVU5AWgi1ZHH6viwK4ONCAMSsiKrmT+VdUnyVRdQi,2.4228309098070846,6.303632410083628,3.0252021078588487
153000,A5MKq7BYw+qB83tDZ0h3IGwyVU5AWgi1ZHH6viwK4ONCAMSsiKrmT+VdUnyVRdQi,2.360225867513128,5.207572766905198,2.988534880570219
153300,A5MKq7BYw+qB83tDZ0h3IGwyVU5AWgi1ZHH6viwK4ONCAMSsiKrmT+VdUnyVRdQi,2.09684379132454,6.007541897491688,2.944880177943913
153600,A5MKq7BYw+qB83tDZ0h3IGwyVU5AWgi1ZHH6viwK4ONCAMSsiKrmT+VdUnyVRdQi,2.115044816696116,3.743515667346776,2.845007612808274
153900,A5MKq7BYw+qB83tDZ0h3IGwyVU5AWgi1ZHH6viwK4ONCAMSsiKrmT+VdUnyVRdQi,2.3647789645467787,4.563430614965373,2.8863400568168056
154200,A5MKq7BYw+qB83tDZ0h3IGwyVU5AWgi1ZHH6viwK4ONCAMSsiKrmT+VdUnyVRdQi,2.324823206199179,4.553118905078275,2.9725984971675445
154500,A5MKq7BYw+qB83tDZ0h3IGwyVU5AWgi1ZHH6viwK4ONCAMSsiKrmT+VdUnyVRdQi,2.2866144641338524,5.264307340480832,3.042475551015676
154800,A5MKq7BYw+qB83tDZ0h3IGwyVU5AWgi1ZHH6viwK4ONCAMSsiKrmT+VdUnyVRdQi,2.3993421418518763,5.765669241320281,3.2621097732468405
155100,A5MKq7BYw+qB83tDZ0h3IGwyVU5AWgi1ZHH6viwK4ONCAMSsiKrmT+VdUnyVRdQi,2.2717481043991232,5.41168481629282,2.9676296035052214
155400,A5MKq7BYw+qB83tDZ0h3IGwyVU5AWgi1ZHH6viwK4ONCAMSsiKrmT+VdUnyVRdQi,2.58569474664843,12.00510944995482,3.5627634176825738
155700,A5MKq7BYw+qB83tDZ0h3IGwyVU5AWgi1ZHH6viwK4ONCAMSsiKrmT+VdUnyVRdQi,2.333791059322187,5.600599774413757,3.180788666733402
156000,A5MKq7BYw+qB83tDZ0h3IGwyVU5AWgi1ZHH6viwK4ONCAMSsiKrmT+VdUnyVRdQi,2.353863195038536,6.3948149821223375,3.089248366120476
156300,A5MKq7BYw+qB83tDZ0h3IGwyVU5AWgi1ZHH6viwK4ONCAMSsiKrmT+VdUnyVRdQi,1.9562368898540288,4.373570623380039,2.7136045389619334
156600,A5MKq7BYw+qB83tDZ0h3IGwyVU5AWgi1ZHH6viwK4ONCAMSsiKrmT+VdUnyVRdQi,2.2596358450665783,3.8615896954933873,2.9503754721105686
156900,A5MKq7BYw+qB83tDZ0h3IGwyVU5AWgi1ZHH6viwK4ONCAMSsiKrmT+VdUnyVRdQi,2.3148553795428213,5.898044044852411,3.055732154766483
157200,A5MKq7BYw+qB83tDZ0h3IGwyVU5AWgi1ZHH6viwK4ONCAMSsiKrmT+VdUnyVRdQi,2.2491724690256043,5.676100855973945,3.2515604536858533
157500,A5MKq7BYw+qB83tDZ0h3IGwyVU5AWgi1ZHH6viwK4ONCAMSsiKrmT+VdUnyVRdQi,2.22261565990712,6.634626956041413,3.239985349854845
157800,A5MKq7BYw+qB83tDZ0h3IGwyVU5AWgi1ZHH6viwK4ONCAMSsiKrmT+VdUnyVRdQi,2.474924227543926,6.186086300639912,3.370336518878819
158100,A5MKq7BYw+qB83tDZ0h3IGwyVU5AWgi1ZHH6viwK4ONCAMSsiKrmT+VdUnyVRdQi,2.600727654943176,7.244086190032138,3.397827039314669
158400,A5MKq7BYw+qB83tDZ0h3IGwyVU5AWgi1ZHH6viwK4ONCAMSsiKrmT+VdUnyVRdQi,2.5254104853792305,7.223940969038537,3.591861936562991
158700,A5MKq7BYw+qB83tDZ0h3IGwyVU5AWgi1ZHH6viwK4ONCAMSsiKrmT+VdUnyVRdQi,2.6107638694618065,7.970577837568833,3.235906906297495
159000,A5MKq7BYw+qB83tDZ0h3IGwyVU5AWgi1ZHH6viwK4ONCAMSsiKrmT+VdUnyVRdQi,2.248140437396816,12.235242353690492,3.3219130363960643
159300,A5MKq7BYw+qB83tDZ0h3IGwyVU5AWgi1ZHH6viwK4ONCAMSsiKrmT+VdUnyVRdQi,2.063488317952856,4.3782789782481855,2.8784181368780777
159600,A5MKq7BYw+qB83tDZ0h3IGwyVU5AWgi1ZHH6viwK4ONCAMSsiKrmT+VdUnyVRdQi,2.147935267434097,4.2095934504637675,2.8283588529879524
159900,A5MKq7BYw+qB83tDZ0h3IGwyVU5AWgi1ZHH6viwK4ONCAMSsiKrmT+VdUnyVRdQi,2.133574006257443,5.277170855817074,2.925350385173576
160200,A5MKq7BYw+qB83tDZ0h3IGwyVU5AWgi1ZHH6viwK4ONCAMSsiKrmT+VdUnyVRdQi,2.164254656109416,5.6561833510857085,3.0155969422220714
920400,bA2tJJsSFg7ZCsjBt1GRLiDzdqrM8po/vCebEme4QPhRKxb69KMCVL1Lljpu/3+9,6.607789411203921,24.250074938342088,11.10165997000972
920700,bA2tJJsSFg7ZCsjBt1GRLiDzdqrM8po/vCebEme4QPhRKxb69KMCVL1Lljpu/3+9,6.596074481409752,12.785679437759525,7.962690396963253
921000,bA2tJJsSFg7ZCsjBt1GRLiDzdqrM8po/vCebEme4QPhRKxb69KMCVL1Lljpu/3+9,6.76245106616168,42.08044809560421,11.06415929767958
921300,bA2tJJsSFg7ZCsjBt1GRLiDzdqrM8po/vCebEme4QPhRKxb69KMCVL1Lljpu/3+9,6.492358399983812,49.079625931276254,19.137310548720407
921600,bA2tJJsSFg7ZCsjBt1GRLiDzdqrM8po/vCebEme4QPhRKxb69KMCVL1Lljpu/3+9,6.9841690913321175,13.603192877902444,8.316018551148755
921900,bA2tJJsSFg7ZCsjBt1GRLiDzdqrM8po/vCebEme4QPhRKxb69KMCVL1Lljpu/3+9,6.5265275928120765,12.36444775960061,7.71885170801446
922200,bA2tJJsSFg7ZCsjBt1GRLiDzdqrM8po/vCebEme4QPhRKxb69KMCVL1Lljpu/3+9,6.988219166968798,35.75354862827596,13.89879740659487
922500,bA2tJJsSFg7ZCsjBt1GRLiDzdqrM8po/vCebEme4QPhRKxb69KMCVL1Lljpu/3+9,6.48912075934724,50.35713254675135,13.619875477649382
922800,bA2tJJsSFg7ZCsjBt1GRLiDzdqrM8po/vCebEme4QPhRKxb69KMCVL1Lljpu/3+9,6.645693146947879,13.681993976711349,8.13529314453362
923100,bA2tJJsSFg7ZCsjBt1GRLiDzdqrM8po/vCebEme4QPhRKxb69KMCVL1Lljpu/3+9,6.73065585799934,46.03893085098337,13.61501201522767
923400,bA2tJJsSFg7ZCsjBt1GRLiDzdqrM8po/vCebEme4QPhRKxb69KMCVL1Lljpu/3+9,6.558302881641327,40.951229502241766,11.262559273030448
923700,bA2tJJsSFg7ZCsjBt1GRLiDzdqrM8po/vCebEme4QPhRKxb69KMCVL1Lljpu/3+9,6.455631539196469,47.75555301556058,13.594113321820531
924000,bA2tJJsSFg7ZCsjBt1GRLiDzdqrM8po/vCebEme4QPhRKxb69KMCVL1Lljpu/3+9,6.689840960120201,20.855908511907987,11.136123935109058
924300,bA2tJJsSFg7ZCsjBt1GRLiDzdqrM8po/vCebEme4QPhRKxb69KMCVL1Lljpu/3+9,6.540601336385993,12.680774632753057,7.927073542142515
924600,bA2tJJsSFg7ZCsjBt1GRLiDzdqrM8po/vCebEme4QPhRKxb69KMCVL1Lljpu/3+9,6.687222493045112,41.857973669661504,10.984511855489034
924900,bA2tJJsSFg7ZCsjBt1GRLiDzdqrM8po/vCebEme4QPhRKxb69KMCVL1Lljpu/3+9,6.555159785856266,47.943681147572704,19.243587860227013
925200,bA2tJJsSFg7ZCsjBt1GRLiDzdqrM8po/vCebEme4QPhRKxb69KMCVL1Lljpu/3+9,6.698757382440508,13.678755488936464,8.52731473679433
925500,bA2tJJsSFg7ZCsjBt1GRLiDzdqrM8po/vCebEme4QPhRKxb69KMCVL1Lljpu/3+9,6.384540037646246,12.325920684843904,7.692285424772936
925800,bA2tJJsSFg7ZCsjBt1GRLiDzdqrM8po/vCebEme4QPhRKxb69KMCVL1Lljpu/3+9,6.8937556745866635,41.95892120106166,13.79633783050192
926100,bA2tJJsSFg7ZCsjBt1GRLiDzdqrM8po/vCebEme4QPhRKxb69KMCVL1Lljpu/3+9,6.552322037936422,48.00519320645585,13.523893852773652
926400,bA2tJJsSFg7ZCsjBt1GRLiDzdqrM8po/vCebEme4QPhRKxb69KMCVL1Lljpu/3+9,6.954507418008619,12.964383138919697,8.258888935118478
926700,bA2tJJsSFg7ZCsjBt1GRLiDzdqrM8po/vCebEme4QPhRKxb69KMCVL1Lljpu/3+9,6.790277679979443,49.97375325727259,13.289892086184707
927000,bA2tJJsSFg7ZCsjBt1GRLiDzdqrM8po/vCebEme4QPhRKxb69KMCVL1Lljpu/3+9,6.9155678775582645,35.33914691874546,11.480978688568122
927300,bA2tJJsSFg7ZCsjBt1GRLiDzdqrM8po/vCebEme4QPhRKxb69KMCVL1Lljpu/3+9,6.298287616467159,35.73763861113934,13.269492356142443
927600,bA2tJJsSFg7ZCsjBt1GRLiDzdqrM8po/vCebEme4QPhRKxb69KMCVL1Lljpu/3+9,7.252711532582855,24.875897562124077,11.50866387908402
927900,bA2tJJsSFg7ZCsjBt1GRLiDzdqrM8po/vCebEme4QPhRKxb69KMCVL1Lljpu/3+9,6.608377581991284,9.669504657503357,7.575142507534306
928200,bA2tJJsSFg7ZCsjBt1GRLiDzdqrM8po/vCebEme4QPhRKxb69KMCVL1Lljpu/3+9,6.784292409617464,35.56083487859908,11.238642219784584
928500,bA2tJJsSFg7ZCsjBt1GRLiDzdqrM8po/vCebEme4QPhRKxb69KMCVL1Lljpu/3+9,6.807146567382328,53.10449917643383,18.884307543882883
928800,bA2tJJsSFg7ZCsjBt1GRLiDzdqrM8po/vCebEme4QPhRKxb69KMCVL1Lljpu/3+9,6.81245379740427,13.465196818135182,8.836659393449278
929100,bA2tJJsSFg7ZCsjBt1GRLiDzdqrM8po/vCebEme4QPhRKxb69KMCVL1Lljpu/3+9,6.420881093546174,9.794611798756105,7.429514711390147
929400,bA2tJJsSFg7ZCsjBt1GRLiDzdqrM8po/vCebEme4QPhRKxb69KMCVL1Lljpu/3+9,7.542478284948474,42.01577802884374,15.323628053884072
929700,bA2tJJsSFg7ZCsjBt1GRLiDzdqrM8po/vCebEme4QPhRKxb69KMCVL1Lljpu/3+9,6.394610361207849,36.81386237624853,13.331467775212216
930000,bA2tJJsSFg7ZCsjBt1GRLiDzdqrM8po/vCebEme4QPhRKxb69KMCVL1Lljpu/3+9,6.94388832016412,13.69312127476454,8.652177714438466
930300,bA2tJJsSFg7ZCsjBt1GRLiDzdqrM8po/vCebEme4QPhRKxb69KMCVL1Lljpu/3+9,6.763100442121516,54.10617296367524,13.244124560669944
930600,bA2tJJsSFg7ZCsjBt1GRLiDzdqrM8po/vCebEme4QPhRKxb69KMCVL1Lljpu/3+9,7.146906275187918,37.350298059736105,11.54225241342561
930900,bA2tJJsSFg7ZCsjBt1GRLiDzdqrM8po/vCebEme4QPhRKxb69KMCVL1Lljpu/3+9,6.52867123434438,38.1656288703347,13.23399661892131
931200,bA2tJJsSFg7ZCsjBt1GRLiDzdqrM8po/vCebEme4QPhRKxb69KMCVL1Lljpu/3+9,6.554998707715465,28.007133463166507,11.358974786852958
931500,bA2tJJsSFg7ZCsjBt1GRLiDzdqrM8po/vCebEme4QPhRKxb69KMCVL1Lljpu/3+9,6.074664776191684,9.516065712505233,7.448642759232041
931800,bA2tJJsSFg7ZCsjBt1GRLiDzdqrM8po/vCebEme4QPhRKxb69KMCVL1Lljpu/3+9,6.7926532269528845,24.03474276992902,11.259408903157455
932100,bA2tJJsSFg7ZCsjBt1GRLiDzdqrM8po/vCebEme4QPhRKxb69KMCVL1Lljpu/3+9,6.4905608923052815,55.21633589283631,18.948041850104534
932400,bA2tJJsSFg7ZCsjBt1GRLiDzdqrM8po/vCebEme4QPhRKxb69KMCVL1Lljpu/3+9,6.371965088749338,13.642062076464256,8.67604002862436
932700,bA2tJJsSFg7ZCsjBt1GRLiDzdqrM8po/vCebEme4QPhRKxb69KMCVL1Lljpu/3+9,6.055895336069469,9.86301074940992,7.355920641518377
933000,bA2tJJsSFg7ZCsjBt1GRLiDzdqrM8po/vCebEme4QPhRKxb69KMCVL1Lljpu/3+9,7.074760624278048,29.289856421372175,14.070030549759355
933300,bA2tJJsSFg7ZCsjBt1GRLiDzdqrM8po/vCebEme4QPhRKxb69KMCVL1Lljpu/3+9,6.312033750787353,40.266616074512335,13.29487432880138
933600,bA2tJJsSFg7ZCsjBt1GRLiDzdqrM8po/vCebEme4QPhRKxb69KMCVL1Lljpu/3+9,6.275083716177662,13.788915545838645,8.871323512544755
933900,bA2tJJsSFg7ZCsjBt1GRLiDzdqrM8po/vCebEme4QPhRKxb69KMCVL1Lljpu/3+9,6.745060663553035,57.19578908874961,13.381415298028676
934200,bA2tJJsSFg7ZCsjBt1GRLiDzdqrM8po/vCebEme4QPhRKxb69KMCVL1Lljpu/3+9,6.58384912722793,35.125700429356975,11.479629755713644
934500,bA2tJJsSFg7ZCsjBt1GRLiDzdqrM8po/vCebEme4QPhRKxb69KMCVL1Lljpu/3+9,6.443866115753577,42.48701860957664,13.006856462180544
934800,bA2tJJsSFg7ZCsjBt1GRLiDzdqrM8po/vCebEme4QPhRKxb69KMCVL1Lljpu/3+9,6.802697522926096,31.841500795263748,11.454510635873175
935100,bA2tJJsSFg7ZCsjBt1GRLiDzdqrM8po/vCebEme4QPhRKxb69KMCVL1Lljpu/3+9,6.39972065490328,9.5709927940735,7.550685957148306
935400,bA2tJJsSFg7ZCsjBt1GRLiDzdqrM8po/vCebEme4QPhRKxb69KMCVL1Lljpu/3+9,6.442112990588558,35.18206968268409,11.193191409351504
935700,bA2tJJsSFg7ZCsjBt1GRLiDzdqrM8po/vCebEme4QPhRKxb69KMCVL1Lljpu/3+9,6.785352748681752,58.2212001695069,18.86635638372913
936000,bA2tJJsSFg7ZCsjBt1GRLiDzdqrM8po/vCebEme4QPhRKxb69KMCVL1Lljpu/3+9,6.874674279641192,13.06059230657138,8.821690060474921
936300,bA2tJJsSFg7ZCsjBt1GRLiDzdqrM8po/vCebEme4QPhRKxb69KMCVL1Lljpu/3+9,6.4612857459600415,8.92628979579092,7.393147508853819
936600,bA2tJJsSFg7ZCsjBt1GRLiDzdqrM8po/vCebEme4QPhRKxb69KMCVL1Lljpu/3+9,7.240078156883434,35.544794633684674,14.137011957451977
936900,bA2tJJsSFg7ZCsjBt1GRLiDzdqrM8po/vCebEme4QPhRKxb69KMCVL1Lljpu/3+9,6.2945814750828095,47.08079735806865,13.279087587843373
937200,bA2tJJsSFg7ZCsjBt1GRLiDzdqrM8po/vCebEme4QPhRKxb69KMCVL1Lljpu/3+9,6.720193405301138,13.231984228409436,8.550884689627603
937500,bA2tJJsSFg7ZCsjBt1GRLiDzdqrM8po/vCebEme4QPhRKxb69KMCVL1Lljpu/3+9,6.817512027804731,59.32336988796746,13.200586120806546
937800,bA2tJJsSFg7ZCsjBt1GRLiDzdqrM8po/vCebEme4QPhRKxb69KMCVL1Lljpu/3+9,7.249126593695506,34.910698277074324,11.868927956729417
938100,bA2tJJsSFg7ZCsjBt1GRLiDzdqrM8po/vCebEme4QPhRKxb69KMCVL1Lljpu/3+9,6.545809521567088,48.0701931218628,13.037323107784008
938400,bA2tJJsSFg7ZCsjBt1GRLiDzdqrM8po/vCebEme4QPhRKxb69KMCVL1Lljpu/3+9,6.656091235339783,33.41159730281384,11.554142098865835
938700,bA2tJJsSFg7ZCsjBt1GRLiDzdqrM8po/vCebEme4QPhRKxb69KMCVL1Lljpu/3+9,6.361976994769448,9.75250536695582,7.58286282476359
939000,bA2tJJsSFg7ZCsjBt1GRLiDzdqrM8po/vCebEme4QPhRKxb69KMCVL1Lljpu/3+9,6.611023272698104,29.11653534113482,11.340367607992698
939300,bA2tJJsSFg7ZCsjBt1GRLiDzdqrM8po/vCebEme4QPhRKxb69KMCVL1Lljpu/3+9,6.696700521526728,59.70162499235596,18.946257692646267
939600,bA2tJJsSFg7ZCsjBt1GRLiDzdqrM8po/vCebEme4QPhRKxb69KMCVL1Lljpu/3+9,6.6770104773346395,13.82051732516735,8.750938593553853
939900,bA2tJJsSFg7ZCsjBt1GRLiDzdqrM8po/vCebEme4QPhRKxb69KMCVL1Lljpu/3+9,6.5777718299573085,9.291344404746354,7.390872625652246
940200,bA2tJJsSFg7ZCsjBt1GRLiDzdqrM8po/vCebEme4QPhRKxb69KMCVL1Lljpu/3+9,6.713481308395413,33.03177682617328,14.04618766967308
940500,bA2tJJsSFg7ZCsjBt1GRLiDzdqrM8po/vCebEme4QPhRKxb69KMCVL1Lljpu/3+9,6.468130330724893,51.27951903766398,13.256507369892471
940800,bA2tJJsSFg7ZCsjBt1GRLiDzdqrM8po/vCebEme4QPhRKxb69KMCVL1Lljpu/3+9,6.331738055266981,14.597362405669744,8.44452107134877
941100,bA2tJJsSFg7ZCsjBt1GRLiDzdqrM8po/vCebEme4QPhRKxb69KMCVL1Lljpu/3+9,6.776886716514339,60.070924009220974,13.311058316289513
941400,bA2tJJsSFg7ZCsjBt1GRLiDzdqrM8po/vCebEme4QPhRKxb69KMCVL1Lljpu/3+9,6.998109175464354,25.70851125716127,14.188844348088764
941700,bA2tJJsSFg7ZCsjBt1GRLiDzdqrM8po/vCebEme4QPhRKxb69KMCVL1Lljpu/3+9,12.689102943725484,58.64428755271456,19.29878966016636
942000,bA2tJJsSFg7ZCsjBt1GRLiDzdqrM8po/vCebEme4QPhRKxb69KMCVL1Lljpu/3+9,7.968949992303322,41.24798706186193,16.402109605869256
942300,bA2tJJsSFg7ZCsjBt1GRLiDzdqrM8po/vCebEme4QPhRKxb69KMCVL1Lljpu/3+9,6.739232847921965,10.202067675262342,7.589719800652476
942600,bA2tJJsSFg7ZCsjBt1GRLiDzdqrM8po/vCebEme4QPhRKxb69KMCVL1Lljpu/3+9,6.343592366878825,26.875865735083437,11.401723366577194
942900,bA2tJJsSFg7ZCsjBt1GRLiDzdqrM8po/vCebEme4QPhRKxb69KMCVL1Lljpu/3+9,6.770486727674313,62.23309372362047,19.337419921382427
943200,bA2tJJsSFg7ZCsjBt1GRLiDzdqrM8po/vCebEme4QPhRKxb69KMCVL1Lljpu/3+9,6.507984812267653,13.622516570464056,8.751702910177839
943500,bA2tJJsSFg7ZCsjBt1GRLiDzdqrM8po/vCebEme4QPhRKxb69KMCVL1Lljpu/3+9,6.515698236250926,9.579262717150591,7.508410244302971
943800,bA2tJJsSFg7ZCsjBt1GRLiDzdqrM8po/vCebEme4QPhRKxb69KMCVL1Lljpu/3+9,6.584599107765388,33.16962881304208,14.134303444521906
944100,bA2tJJsSFg7ZCsjBt1GRLiDzdqrM8po/vCebEme4QPhRKxb69KMCVL1Lljpu/3+9,6.489645695712441,55.73913541710783,13.354013574492855
944400,bA2tJJsSFg7ZCsjBt1GRLiDzdqrM8po/vCebEme4QPhRKxb69KMCVL1Lljpu/3+9,6.496561438104521,14.703222834971896,8.683544175132486
944700,bA2tJJsSFg7ZCsjBt1GRLiDzdqrM8po/vCebEme4QPhRKxb69KMCVL1Lljpu/3+9,6.535034631598055,60.536096281532885,13.391492076748357
945000,bA2tJJsSFg7ZCsjBt1GRLiDzdqrM8po/vCebEme4QPhRKxb69KMCVL1Lljpu/3+9,6.758650515611534,38.87748954459323,11.46275660766406
945300,bA2tJJsSFg7ZCsjBt1GRLiDzdqrM8po/vCebEme4QPhRKxb69KMCVL1Lljpu/3+9,6.3994310155140814,57.40139626377579,13.167154190083462
945600,bA2tJJsSFg7ZCsjBt1GRLiDzdqrM8po/vCebEme4QPhRKxb69KMCVL1Lljpu/3+9,6.86692189238448,32.86156298199397,11.49978838070248
945900,bA2tJJsSFg7ZCsjBt1GRLiDzdqrM8po/vCebEme4QPhRKxb69KMCVL1Lljpu/3+9,6.430696852320975,11.225194631882076,7.743087119936531
946200,bA2tJJsSFg7ZCsjBt1GRLiDzdqrM8po/vCebEme4QPhRKxb69KMCVL1Lljpu/3+9,6.542913471707876,38.79491604961982,11.181981702982036
946500,bA2tJJsSFg7ZCsjBt1GRLiDzdqrM8po/vCebEme4QPhRKxb69KMCVL1Lljpu/3+9,6.41800610434687,61.08970581587492,19.13284928014993
946800,bA2tJJsSFg7ZCsjBt1GRLiDzdqrM8po/vCebEme4QPhRKxb69KMCVL1Lljpu/3+9,6.657116906652462,13.987968457750677,8.71891972877457
947100,bA2tJJsSFg7ZCsjBt1GRLiDzdqrM8po/vCebEme4QPhRKxb69KMCVL1Lljpu/3+9,6.493736556577786,10.11168354149928,7.496822790749789
947400,bA2tJJsSFg7ZCsjBt1GRLiDzdqrM8po/vCebEme4QPhRKxb69KMCVL1Lljpu/3+9,6.949512602424722,38.427396244649216,14.222984469581778
947700,bA2tJJsSFg7ZCsjBt1GRLiDzdqrM8po/vCebEme4QPhRKxb69KMCVL1Lljpu/3+9,6.707142138591227,64.19000571856479,13.39546675407896
948000,bA2tJJsSFg7ZCsjBt1GRLiDzdqrM8po/vCebEme4QPhRKxb69KMCVL1Lljpu/3+9,6.169327792437703,13.210390040302848,8.490899250780206
948300,bA2tJJsSFg7ZCsjBt1GRLiDzdqrM8po/vCebEme4QPhRKxb69KMCVL1Lljpu/3+9,6.629950400289034,59.66578912790299,13.262294672357331
948600,bA2tJJsSFg7ZCsjBt1GRLiDzdqrM8po/vCebEme4QPhRKxb69KMCVL1Lljpu/3+9,7.131703520499224,39.36141676700476,11.657976736683922
948900,bA2tJJsSFg7ZCsjBt1GRLiDzdqrM8po/vCebEme4QPhRKxb69KMCVL1Lljpu/3+9,6.47540659036138,63.76076649616629,13.074782101337613
949200,bA2tJJsSFg7ZCsjBt1GRLiDzdqrM8po/vCebEme4QPhRKxb69KMCVL1Lljpu/3+9,6.637847185885105,39.230164217894405,11.447850422035325
949500,bA2tJJsSFg7ZCsjBt1GRLiDzdqrM8po/vCebEme4QPhRKxb69KMCVL1Lljpu/3+9,6.659124875477911,10.308432434147647,7.5810787188796445
949800,bA2tJJsSFg7ZCsjBt1GRLiDzdqrM8po/vCebEme4QPhRKxb69KMCVL1Lljpu/3+9,7.21560814698988,13.353794686869888,8.548648050803665
950100,bA2tJJsSFg7ZCsjBt1GRLiDzdqrM8po/vCebEme4QPhRKxb69KMCVL1Lljpu/3+9,6.3002490805241615,63.81139820410938,18.851704831051677
950400,bA2tJJsSFg7ZCsjBt1GRLiDzdqrM8po/vCebEme4QPhRKxb69KMCVL1Lljpu/3+9,7.086634939062708,13.46423336794362,8.737925950460816
950700,bA2tJJsSFg7ZCsjBt1GRLiDzdqrM8po/vCebEme4QPhRKxb69KMCVL1Lljpu/3+9,6.759867179572553,13.834378236440337,8.637582503443616
951000,bA2tJJsSFg7ZCsjBt1GRLiDzdqrM8po/vCebEme4QPhRKxb69KMCVL1Lljpu/3+9,7.397089517602336,39.505446516212366,14.708597975691392
951300,bA2tJJsSFg7ZCsjBt1GRLiDzdqrM8po/vCebEme4QPhRKxb69KMCVL1Lljpu/3+9,6.5396234150316666,63.816280566312734,13.827042543469744
951600,bA2tJJsSFg7ZCsjBt1GRLiDzdqrM8po/vCebEme4QPhRKxb69KMCVL1Lljpu/3+9,6.684174337759595,13.758964490805353,8.604522649316733
951900,bA2tJJsSFg7ZCsjBt1GRLiDzdqrM8po/vCebEme4QPhRKxb69KMCVL1Lljpu/3+9,6.640015289207503,60.623525652311535,13.506664011490756
952200,bA2tJJsSFg7ZCsjBt1GRLiDzdqrM8po/vCebEme4QPhRKxb69KMCVL1Lljpu/3+9,7.323492484815205,35.63195423109201,11.464178528939948
952500,bA2tJJsSFg7ZCsjBt1GRLiDzdqrM8po/vCebEme4QPhRKxb69KMCVL1Lljpu/3+9,6.644578155855922,63.527374131773264,13.140695916953105
952800,bA2tJJsSFg7ZCsjBt1GRLiDzdqrM8po/vCebEme4QPhRKxb69KMCVL1Lljpu/3+9,7.4330339127348335,39.47109784468886,11.497736539827187
953100,bA2tJJsSFg7ZCsjBt1GRLiDzdqrM8po/vCebEme4QPhRKxb69KMCVL1Lljpu/3+9,6.615559837999347,10.157782192390156,7.559076057817334
953400,bA2tJJsSFg7ZCsjBt1GRLiDzdqrM8po/vCebEme4QPhRKxb69KMCVL1Lljpu/3+9,7.34425387196869,26.557468073262577,11.419037883739584
953700,bA2tJJsSFg7ZCsjBt1GRLiDzdqrM8po/vCebEme4QPhRKxb69KMCVL1Lljpu/3+9,6.32112030398324,64.70673575630137,19.21059728775812
954000,bA2tJJsSFg7ZCsjBt1GRLiDzdqrM8po/vCebEme4QPhRKxb69KMCVL1Lljpu/3+9,7.1022128650117455,13.281840036745042,8.966092484364944
954300,bA2tJJsSFg7ZCsjBt1GRLiDzdqrM8po/vCebEme4QPhRKxb69KMCVL1Lljpu/3+9,6.429585997782927,10.277661289668272,7.453994744624784
954600,bA2tJJsSFg7ZCsjBt1GRLiDzdqrM8po/vCebEme4QPhRKxb69KMCVL1Lljpu/3+9,6.79523481438745,39.34537820963046,14.265853342676255
954900,bA2tJJsSFg7ZCsjBt1GRLiDzdqrM8po/vCebEme4QPhRKxb69KMCVL1Lljpu/3+9,6.367580011439438,63.95014877381844,13.28881149983284
955200,bA2tJJsSFg7ZCsjBt1GRLiDzdqrM8po/vCebEme4QPhRKxb69KMCVL1Lljpu/3+9,6.89350229566884,13.145641730486956,8.54927928448869
955500,bA2tJJsSFg7ZCsjBt1GRLiDzdqrM8po/vCebEme4QPhRKxb69KMCVL1Lljpu/3+9,6.446684320395456,60.38291752208861,13.26307966786249
955800,bA2tJJsSFg7ZCsjBt1GRLiDzdqrM8po/vCebEme4QPhRKxb69KMCVL1Lljpu/3+9,6.5659279511176285,36.307822546912256,11.652891713954348
956100,bA2tJJsSFg7ZCsjBt1GRLiDzdqrM8po/vCebEme4QPhRKxb69KMCVL1Lljpu/3+9,6.5472032808161735,62.48449885482401,13.10193144138273
956400,bA2tJJsSFg7ZCsjBt1GRLiDzdqrM8po/vCebEme4QPhRKxb69KMCVL1Lljpu/3+9,6.741153370922216,32.39642239457421,11.520306030014494
956700,bA2tJJsSFg7ZCsjBt1GRLiDzdqrM8po/vCebEme4QPhRKxb69KMCVL1Lljpu/3+9,6.539931091374215,9.651754563131783,7.504651734952867
957000,bA2tJJsSFg7ZCsjBt1GRLiDzdqrM8po/vCebEme4QPhRKxb69KMCVL1Lljpu/3+9,6.48427416558879,47.43651444809464,12.475458007679846
957300,bA2tJJsSFg7ZCsjBt1GRLiDzdqrM8po/vCebEme4QPhRKxb69KMCVL1Lljpu/3+9,6.648235841032453,63.69383193733065,18.945008267748868
957600,bA2tJJsSFg7ZCsjBt1GRLiDzdqrM8po/vCebEme4QPhRKxb69KMCVL1Lljpu/3+9,6.976561184521096,15.443328680941375,9.031292922356522
957900,bA2tJJsSFg7ZCsjBt1GRLiDzdqrM8po/vCebEme4QPhRKxb69KMCVL1Lljpu/3+9,6.485315551228659,9.987492444987215,7.524426011352539
958200,bA2tJJsSFg7ZCsjBt1GRLiDzdqrM8po/vCebEme4QPhRKxb69KMCVL1Lljpu/3+9,6.974973318646895,35.96532125827509,14.293231274157268
958500,bA2tJJsSFg7ZCsjBt1GRLiDzdqrM8po/vCebEme4QPhRKxb69KMCVL1Lljpu/3+9,6.344557580060965,64.22824823592293,13.233565247391509
958800,bA2tJJsSFg7ZCsjBt1GRLiDzdqrM8po/vCebEme4QPhRKxb69KMCVL1Lljpu/3+9,6.4641812407288395,15.992454970542944,8.60254216165803
959100,bA2tJJsSFg7ZCsjBt1GRLiDzdqrM8po/vCebEme4QPhRKxb69KMCVL1Lljpu/3+9,6.257797830408283,59.71004112879108,13.25350395208627
959400,bA2tJJsSFg7ZCsjBt1GRLiDzdqrM8po/vCebEme4QPhRKxb69KMCVL1Lljpu/3+9,6.912288407567905,35.363194407051694,11.5448473173886
959700,bA2tJJsSFg7ZCsjBt1GRLiDzdqrM8po/vCebEme4QPhRKxb69KMCVL1Lljpu/3+9,6.512033204749148,57.8561285743088,13.122103627288578
960000,bA2tJJsSFg7ZCsjBt1GRLiDzdqrM8po/vCebEme4QPhRKxb69KMCVL1Lljpu/3+9,7.3078491523391635,32.951203172785696,11.94976008811865
960300,bA2tJJsSFg7ZCsjBt1GRLiDzdqrM8po/vCebEme4QPhRKxb69KMCVL1Lljpu/3+9,6.513056070242886,10.085154471088284,7.664129858689537
960600,bA2tJJsSFg7ZCsjBt1GRLiDzdqrM8po/vCebEme4QPhRKxb69KMCVL1Lljpu/3+9,7.113890578538045,31.36912316478883,11.394772072149005
960900,bA2tJJsSFg7ZCsjBt1GRLiDzdqrM8po/vCebEme4QPhRKxb69KMCVL1Lljpu/3+9,6.841138289300027,59.644726951550965,18.99917983359291
961200,bA2tJJsSFg7ZCsjBt1GRLiDzdqrM8po/vCebEme4QPhRKxb69KMCVL1Lljpu/3+9,6.73845228804915,15.227984843993484,8.85478167238817
961500,bA2tJJsSFg7ZCsjBt1GRLiDzdqrM8po/vCebEme4QPhRKxb69KMCVL1Lljpu/3+9,6.434188316544881,9.786901570460488,7.431394318590643
961800,bA2tJJsSFg7ZCsjBt1GRLiDzdqrM8po/vCebEme4QPhRKxb69KMCVL1Lljpu/3+9,6.6832073314142475,36.43387580004116,14.344173364535182
962100,bA2tJJsSFg7ZCsjBt1GRLiDzdqrM8po/vCebEme4QPhRKxb69KMCVL1Lljpu/3+9,6.099073048441768,56.515288931994455,13.148071501256116
962400,bA2tJJsSFg7ZCsjBt1GRLiDzdqrM8po/vCebEme4QPhRKxb69KMCVL1Lljpu/3+9,6.7366380808506925,15.522760156493389,8.547089620577891
962700,bA2tJJsSFg7ZCsjBt1GRLiDzdqrM8po/vCebEme4QPhRKxb69KMCVL1Lljpu/3+9,7.175755123630204,59.6161166349774,13.66481371101624
963000,bA2tJJsSFg7ZCsjBt1GRLiDzdqrM8po/vCebEme4QPhRKxb69KMCVL1Lljpu/3+9,6.742853474610578,35.29082167853654,11.624045812265036
963300,bA2tJJsSFg7ZCsjBt1GRLiDzdqrM8po/vCebEme4QPhRKxb69KMCVL1Lljpu/3+9,6.316322058858251,48.72756898111396,13.186957738440276
963600,bA2tJJsSFg7ZCsjBt1GRLiDzdqrM8po/vCebEme4QPhRKxb69KMCVL1Lljpu/3+9,6.5856350128494245,36.55266710849633,11.490531106046136
963900,bA2tJJsSFg7ZCsjBt1GRLiDzdqrM8po/vCebEme4QPhRKxb69KMCVL1Lljpu/3+9,6.446842334071612,9.82536798985472,7.502230384643816
964200,bA2tJJsSFg7ZCsjBt1GRLiDzdqrM8po/vCebEme4QPhRKxb69KMCVL1Lljpu/3+9,6.643968330057636,34.707117426758735,11.151541640637372
964500,bA2tJJsSFg7ZCsjBt1GRLiDzdqrM8po/vCebEme4QPhRKxb69KMCVL1Lljpu/3+9,6.680046327545778,59.48207790942763,18.738255129390208
964800,bA2tJJsSFg7ZCsjBt1GRLiDzdqrM8po/vCebEme4QPhRKxb69KMCVL1Lljpu/3+9,6.165543659585194,14.574663440331369,8.752707097834538
965100,bA2tJJsSFg7ZCsjBt1GRLiDzdqrM8po/vCebEme4QPhRKxb69KMCVL1Lljpu/3+9,6.371172632895274,9.74789459494301,7.44182212604552
965400,bA2tJJsSFg7ZCsjBt1GRLiDzdqrM8po/vCebEme4QPhRKxb69KMCVL1Lljpu/3+9,7.064961854985409,37.03254895664401,14.997527613118285
965700,bA2tJJsSFg7ZCsjBt1GRLiDzdqrM8po/vCebEme4QPhRKxb69KMCVL1Lljpu/3+9,6.751597638260666,40.709518699288765,13.205918118633711
966000,bA2tJJsSFg7ZCsjBt1GRLiDzdqrM8po/vCebEme4QPhRKxb69KMCVL1Lljpu/3+9,6.59135605160383,14.742202050560415,8.6121866680093
966300,bA2tJJsSFg7ZCsjBt1GRLiDzdqrM8po/vCebEme4QPhRKxb69KMCVL1Lljpu/3+9,6.349797984171654,59.44852253358452,13.174762744734636
966600,bA2tJJsSFg7ZCsjBt1GRLiDzdqrM8po/vCebEme4QPhRKxb69KMCVL1Lljpu/3+9,6.45593371898169,28.101426646371337,11.516517603957572
966900,bA2tJJsSFg7ZCsjBt1GRLiDzdqrM8po/vCebEme4QPhRKxb69KMCVL1Lljpu/3+9,6.616887518263558,38.46387978609859,13.154838017470864
967200,bA2tJJsSFg7ZCsjBt1GRLiDzdqrM8po/vCebEme4QPhRKxb69KMCVL1Lljpu/3+9,6.449190653326757,35.207123288781425,11.658076619652562
967500,bA2tJJsSFg7ZCsjBt1GRLiDzdqrM8po/vCebEme4QPhRKxb69KMCVL1Lljpu/3+9,6.5021034691249255,9.84333213027868,7.521385307521713
967800,bA2tJJsSFg7ZCsjBt1GRLiDzdqrM8po/vCebEme4QPhRKxb69KMCVL1Lljpu/3+9,6.884757060938826,35.373097773403764,11.406475864506772
968100,bA2tJJsSFg7ZCsjBt1GRLiDzdqrM8po/vCebEme4QPhRKxb69KMCVL1Lljpu/3+9,6.6329168951256925,60.448509040865616,19.18746884173672
968400,bA2tJJsSFg7ZCsjBt1GRLiDzdqrM8po/vCebEme4QPhRKxb69KMCVL1Lljpu/3+9,6.560106363985197,15.080663081962054,8.70900041750936
968700,bA2tJJsSFg7ZCsjBt1GRLiDzdqrM8po/vCebEme4QPhRKxb69KMCVL1Lljpu/3+9,6.497002633984291,9.799186794589552,7.46467608538342
969000,bA2tJJsSFg7ZCsjBt1GRLiDzdqrM8po/vCebEme4QPhRKxb69KMCVL1Lljpu/3+9,6.641299940202312,35.06394889506697,14.087124997801308
969300,bA2tJJsSFg7ZCsjBt1GRLiDzdqrM8po/vCebEme4QPhRKxb69KMCVL1Lljpu/3+9,6.450365987171294,38.88388142075016,13.288802909489108
969600,bA2tJJsSFg7ZCsjBt1GRLiDzdqrM8po/vCebEme4QPhRKxb69KMCVL1Lljpu/3+9,6.28671667861212,14.95523369788263,8.65076337245022
969900,bA2tJJsSFg7ZCsjBt1GRLiDzdqrM8po/vCebEme4QPhRKxb69KMCVL1Lljpu/3+9,6.6214883681479115,59.20718160415529,13.234246059460464
970200,bA2tJJsSFg7ZCsjBt1GRLiDzdqrM8po/vCebEme4QPhRKxb69KMCVL1Lljpu/3+9,6.493439558824722,35.07163865698236,11.341955692286804
970500,bA2tJJsSFg7ZCsjBt1GRLiDzdqrM8po/vCebEme4QPhRKxb69KMCVL1Lljpu/3+9,6.1789052747656745,42.63827379078,12.973352498528472
970800,bA2tJJsSFg7ZCsjBt1GRLiDzdqrM8po/vCebEme4QPhRKxb69KMCVL1Lljpu/3+9,6.681417367017491,33.53988487193594,13.009938870274144
971100,bA2tJJsSFg7ZCsjBt1GRLiDzdqrM8po/vCebEme4QPhRKxb69KMCVL1Lljpu/3+9,12.732514347237847,16.10824662923195,13.714055129351918
971400,bA2tJJsSFg7ZCsjBt1GRLiDzdqrM8po/vCebEme4QPhRKxb69KMCVL1Lljpu/3+9,10.628308733970076,37.97790023012787,17.033254709572002
971700,bA2tJJsSFg7ZCsjBt1GRLiDzdqrM8po/vCebEme4QPhRKxb69KMCVL1Lljpu/3+9,6.792169786317391,57.848126488313525,19.205688277320256
972000,bA2tJJsSFg7ZCsjBt1GRLiDzdqrM8po/vCebEme4QPhRKxb69KMCVL1Lljpu/3+9,6.747819990789369,98.12558370418446,32.47224218954597
972300,bA2tJJsSFg7ZCsjBt1GRLiDzdqrM8po/vCebEme4QPhRKxb69KMCVL1Lljpu/3+9,6.489404857116638,9.864640742993652,7.637251052702761
972600,bA2tJJsSFg7ZCsjBt1GRLiDzdqrM8po/vCebEme4QPhRKxb69KMCVL1Lljpu/3+9,7.033317847884708,36.89088851588374,14.845346391764584
972900,bA2tJJsSFg7ZCsjBt1GRLiDzdqrM8po/vCebEme4QPhRKxb69KMCVL1Lljpu/3+9,6.613998934837995,50.50632997666802,13.377050529683066
973200,bA2tJJsSFg7ZCsjBt1GRLiDzdqrM8po/vCebEme4QPhRKxb69KMCVL1Lljpu/3+9,6.661235062033543,14.258837600007046,8.693806643478894
973500,bA2tJJsSFg7ZCsjBt1GRLiDzdqrM8po/vCebEme4QPhRKxb69KMCVL1Lljpu/3+9,6.688730643314963,57.903896279439614,13.386483096536676
973800,bA2tJJsSFg7ZCsjBt1GRLiDzdqrM8po/vCebEme4QPhRKxb69KMCVL1Lljpu/3+9,6.5704144249751195,35.31957574370923,11.519115582655054
974100,bA2tJJsSFg7ZCsjBt1GRLiDzdqrM8po/vCebEme4QPhRKxb69KMCVL1Lljpu/3+9,6.62772778125018,49.966373767223935,13.137019421747365
974400,bA2tJJsSFg7ZCsjBt1GRLiDzdqrM8po/vCebEme4QPhRKxb69KMCVL1Lljpu/3+9,6.458223747328424,33.10064226578805,11.502443970602434
974700,bA2tJJsSFg7ZCsjBt1GRLiDzdqrM8po/vCebEme4QPhRKxb69KMCVL1Lljpu/3+9,6.546269279620493,10.784221963057938,7.626439928564889
975000,bA2tJJsSFg7ZCsjBt1GRLiDzdqrM8po/vCebEme4QPhRKxb69KMCVL1Lljpu/3+9,6.339407028325665,32.91667500073227,11.289965825592834
975300,bA2tJJsSFg7ZCsjBt1GRLiDzdqrM8po/vCebEme4QPhRKxb69KMCVL1Lljpu/3+9,6.54801073770902,53.12891407428867,19.054506486308675
975600,bA2tJJsSFg7ZCsjBt1GRLiDzdqrM8po/vCebEme4QPhRKxb69KMCVL1Lljpu/3+9,6.547101616801904,14.40804750590756,8.83265667495464
975900,bA2tJJsSFg7ZCsjBt1GRLiDzdqrM8po/vCebEme4QPhRKxb69KMCVL1Lljpu/3+9,6.502977974418282,9.749823936366077,7.47777783092025
976200,bA2tJJsSFg7ZCsjBt1GRLiDzdqrM8po/vCebEme4QPhRKxb69KMCVL1Lljpu/3+9,6.630894945987075,33.101401295190364,14.144945324595817
976500,bA2tJJsSFg7ZCsjBt1GRLiDzdqrM8po/vCebEme4QPhRKxb69KMCVL1Lljpu/3+9,6.52181622700962,55.18131413470599,13.296033559569402
976800,bA2tJJsSFg7ZCsjBt1GRLiDzdqrM8po/vCebEme4QPhRKxb69KMCVL1Lljpu/3+9,6.646657377552994,14.017779277323964,8.455413494386871
977100,bA2tJJsSFg7ZCsjBt1GRLiDzdqrM8po/vCebEme4QPhRKxb69KMCVL1Lljpu/3+9,6.657185209226446,53.879116485949744,13.362449753848606
977400,bA2tJJsSFg7ZCsjBt1GRLiDzdqrM8po/vCebEme4QPhRKxb69KMCVL1Lljpu/3+9,6.749526947709057,29.13791668765417,11.907252545513552
977700,bA2tJJsSFg7ZCsjBt1GRLiDzdqrM8po/vCebEme4QPhRKxb69KMCVL1Lljpu/3+9,6.601710707672944,57.47818011655894,13.233451285256
978000,bA2tJJsSFg7ZCsjBt1GRLiDzdqrM8po/vCebEme4QPhRKxb69KMCVL1Lljpu/3+9,6.666395378983868,33.401560369724955,11.62928702210349
978300,bA2tJJsSFg7ZCsjBt1GRLiDzdqrM8po/vCebEme4QPhRKxb69KMCVL1Lljpu/3+9,6.379086497615681,9.621153835609956,7.37164102407187
978600,bA2tJJsSFg7ZCsjBt1GRLiDzdqrM8po/vCebEme4QPhRKxb69KMCVL1Lljpu/3+9,6.502256351789206,35.432768989679005,11.300168731923645
978900,bA2tJJsSFg7ZCsjBt1GRLiDzdqrM8po/vCebEme4QPhRKxb69KMCVL1Lljpu/3+9,6.9305457019706855,57.78240394899015,18.961719911361307
979200,bA2tJJsSFg7ZCsjBt1GRLiDzdqrM8po/vCebEme4QPhRKxb69KMCVL1Lljpu/3+9,6.36002054484659,15.967836580968491,8.595562276647934
979500,bA2tJJsSFg7ZCsjBt1GRLiDzdqrM8po/vCebEme4QPhRKxb69KMCVL1Lljpu/3+9,6.681767166469272,9.781180122076783,7.59704968678068
979800,bA2tJJsSFg7ZCsjBt1GRLiDzdqrM8po/vCebEme4QPhRKxb69KMCVL1Lljpu/3+9,6.730720207319704,33.58384993134868,13.463856195730678
980100,bA2tJJsSFg7ZCsjBt1GRLiDzdqrM8po/vCebEme4QPhRKxb69KMCVL1Lljpu/3+9,6.4704991222629165,60.028711025978794,13.91414894934943
980400,bA2tJJsSFg7ZCsjBt1GRLiDzdqrM8po/vCebEme4QPhRKxb69KMCVL1Lljpu/3+9,6.464356426989457,11.274644856568656,7.837077447954854
980700,bA2tJJsSFg7ZCsjBt1GRLiDzdqrM8po/vCebEme4QPhRKxb69KMCVL1Lljpu/3+9,6.700209110902515,49.38780513513756,13.833695114851013
981000,bA2tJJsSFg7ZCsjBt1GRLiDzdqrM8po/vCebEme4QPhRKxb69KMCVL1Lljpu/3+9,6.578669082127509,26.9076185508894,11.228629930057076
981300,bA2tJJsSFg7ZCsjBt1GRLiDzdqrM8po/vCebEme4QPhRKxb69KMCVL1Lljpu/3+9,6.781764632247699,62.09030837233872,13.7640999496081
981600,bA2tJJsSFg7ZCsjBt1GRLiDzdqrM8po/vCebEme4QPhRKxb69KMCVL1Lljpu/3+9,6.520754434710975,32.9223162222872,10.888921560397549
981900,bA2tJJsSFg7ZCsjBt1GRLiDzdqrM8po/vCebEme4QPhRKxb69KMCVL1Lljpu/3+9,6.299560022408097,14.307532412707252,8.159619217436285
982200,bA2tJJsSFg7ZCsjBt1GRLiDzdqrM8po/vCebEme4QPhRKxb69KMCVL1Lljpu/3+9,6.8283132133165765,35.46988918042775,10.656659705358567
982500,bA2tJJsSFg7ZCsjBt1GRLiDzdqrM8po/vCebEme4QPhRKxb69KMCVL1Lljpu/3+9,6.612583869778617,63.9562842749715,19.614291794431697
982800,bA2tJJsSFg7ZCsjBt1GRLiDzdqrM8po/vCebEme4QPhRKxb69KMCVL1Lljpu/3+9,6.658325355554954,11.844837215557856,8.127236873684168
983100,bA2tJJsSFg7ZCsjBt1GRLiDzdqrM8po/vCebEme4QPhRKxb69KMCVL1Lljpu/3+9,6.4482107143275575,13.68884878596789,7.951389892761328
983400,bA2tJJsSFg7ZCsjBt1GRLiDzdqrM8po/vCebEme4QPhRKxb69KMCVL1Lljpu/3+9,6.956841859124192,34.68830146532272,13.453822632264066
983700,bA2tJJsSFg7ZCsjBt1GRLiDzdqrM8po/vCebEme4QPhRKxb69KMCVL1Lljpu/3+9,6.583529837681651,63.67435490244242,13.9118942255804
984000,bA2tJJsSFg7ZCsjBt1GRLiDzdqrM8po/vCebEme4QPhRKxb69KMCVL1Lljpu/3+9,6.1701042357524605,11.52509802808238,7.931592108331855
984300,bA2tJJsSFg7ZCsjBt1GRLiDzdqrM8po/vCebEme4QPhRKxb69KMCVL1Lljpu/3+9,6.789183423556553,44.29348844277778,13.799457002381097
984600,bA2tJJsSFg7ZCsjBt1GRLiDzdqrM8po/vCebEme4QPhRKxb69KMCVL1Lljpu/3+9,6.946358995822588,34.82855358373009,10.613617367882938
984900,bA2tJJsSFg7ZCsjBt1GRLiDzdqrM8po/vCebEme4QPhRKxb69KMCVL1Lljpu/3+9,6.371729803169486,64.19944391771877,14.118001479094572
985200,bA2tJJsSFg7ZCsjBt1GRLiDzdqrM8po/vCebEme4QPhRKxb69KMCVL1Lljpu/3+9,6.206747672216414,33.029590167696135,10.589111095430264
985500,bA2tJJsSFg7ZCsjBt1GRLiDzdqrM8po/vCebEme4QPhRKxb69KMCVL1Lljpu/3+9,6.460995459544559,17.81176424777626,8.466710575788802
985800,bA2tJJsSFg7ZCsjBt1GRLiDzdqrM8po/vCebEme4QPhRKxb69KMCVL1Lljpu/3+9,6.408716355863383,25.596569424099226,10.094683320465492
986100,bA2tJJsSFg7ZCsjBt1GRLiDzdqrM8po/vCebEme4QPhRKxb69KMCVL1Lljpu/3+9,6.619122939762285,63.801658700311016,19.900962596527783
986400,bA2tJJsSFg7ZCsjBt1GRLiDzdqrM8po/vCebEme4QPhRKxb69KMCVL1Lljpu/3+9,6.495850193748344,8.885662811596502,7.77782064654099
986700,bA2tJJsSFg7ZCsjBt1GRLiDzdqrM8po/vCebEme4QPhRKxb69KMCVL1Lljpu/3+9,6.264698439306344,17.491660358285642,8.405236497862012
987000,bA2tJJsSFg7ZCsjBt1GRLiDzdqrM8po/vCebEme4QPhRKxb69KMCVL1Lljpu/3+9,6.864389874157789,36.48854980127971,13.315539758175587
987300,bA2tJJsSFg7ZCsjBt1GRLiDzdqrM8po/vCebEme4QPhRKxb69KMCVL1Lljpu/3+9,6.519394690894545,64.16659834982305,14.316154527954325
987600,bA2tJJsSFg7ZCsjBt1GRLiDzdqrM8po/vCebEme4QPhRKxb69KMCVL1Lljpu/3+9,6.158870666217568,8.559996397243529,7.552626906077434
987900,bA2tJJsSFg7ZCsjBt1GRLiDzdqrM8po/vCebEme4QPhRKxb69KMCVL1Lljpu/3+9,6.896121579238208,43.26244631632832,14.266770925808594
988200,bA2tJJsSFg7ZCsjBt1GRLiDzdqrM8po/vCebEme4QPhRKxb69KMCVL1Lljpu/3+9,6.820474053842887,34.95505036717707,10.539650935230572
988500,bA2tJJsSFg7ZCsjBt1GRLiDzdqrM8po/vCebEme4QPhRKxb69KMCVL1Lljpu/3+9,6.348534711165548,60.716219850687736,14.380373499620186
988800,bA2tJJsSFg7ZCsjBt1GRLiDzdqrM8po/vCebEme4QPhRKxb69KMCVL1Lljpu/3+9,6.338002779339844,33.95814915450078,10.666036774756346
989100,bA2tJJsSFg7ZCsjBt1GRLiDzdqrM8po/vCebEme4QPhRKxb69KMCVL1Lljpu/3+9,6.466270847482763,14.142829735744511,8.43685504736989
989400,bA2tJJsSFg7ZCsjBt1GRLiDzdqrM8po/vCebEme4QPhRKxb69KMCVL1Lljpu/3+9,6.8176044620346286,35.556931857405566,10.276948136497357
989700,bA2tJJsSFg7ZCsjBt1GRLiDzdqrM8po/vCebEme4QPhRKxb69KMCVL1Lljpu/3+9,6.9345849747867465,57.195261368241816,19.886575161105178
990000,bA2tJJsSFg7ZCsjBt1GRLiDzdqrM8po/vCebEme4QPhRKxb69KMCVL1Lljpu/3+9,6.537446309295956,8.549902233366387,7.739553582413616
990300,bA2tJJsSFg7ZCsjBt1GRLiDzdqrM8po/vCebEme4QPhRKxb69KMCVL1Lljpu/3+9,6.483861462658877,14.34579054263034,8.430862296590915
990600,bA2tJJsSFg7ZCsjBt1GRLiDzdqrM8po/vCebEme4QPhRKxb69KMCVL1Lljpu/3+9,7.265844496038734,34.17225502361014,13.159986393781988
990900,bA2tJJsSFg7ZCsjBt1GRLiDzdqrM8po/vCebEme4QPhRKxb69KMCVL1Lljpu/3+9,6.6744460821660745,54.1036185720256,14.385356250928217
991200,bA2tJJsSFg7ZCsjBt1GRLiDzdqrM8po/vCebEme4QPhRKxb69KMCVL1Lljpu/3+9,6.459027766372428,8.510438116208043,7.5736610063468675
991500,bA2tJJsSFg7ZCsjBt1GRLiDzdqrM8po/vCebEme4QPhRKxb69KMCVL1Lljpu/3+9,7.30294853762503,38.964171142377054,14.540851638207554
991800,bA2tJJsSFg7ZCsjBt1GRLiDzdqrM8po/vCebEme4QPhRKxb69KMCVL1Lljpu/3+9,6.9005655520635525,21.82743269589916,10.599438192807964
992100,bA2tJJsSFg7ZCsjBt1GRLiDzdqrM8po/vCebEme4QPhRKxb69KMCVL1Lljpu/3+9,6.716583495352223,53.37700863765823,14.302110650196424
992400,bA2tJJsSFg7ZCsjBt1GRLiDzdqrM8po/vCebEme4QPhRKxb69KMCVL1Lljpu/3+9,6.9725693439037375,34.53682631555927,10.671634326032562
992700,bA2tJJsSFg7ZCsjBt1GRLiDzdqrM8po/vCebEme4QPhRKxb69KMCVL1Lljpu/3+9,6.818718733085941,18.08925837981932,8.766587288730742
993000,bA2tJJsSFg7ZCsjBt1GRLiDzdqrM8po/vCebEme4QPhRKxb69KMCVL1Lljpu/3+9,6.959693179411404,33.65775103436798,10.699156034188238
993300,bA2tJJsSFg7ZCsjBt1GRLiDzdqrM8po/vCebEme4QPhRKxb69KMCVL1Lljpu/3+9,6.8339454171877785,51.92929788763343,20.115483204946887
993600,bA2tJJsSFg7ZCsjBt1GRLiDzdqrM8po/vCebEme4QPhRKxb69KMCVL1Lljpu/3+9,6.784935399430496,8.73474549773851,7.922937088945773
993900,bA2tJJsSFg7ZCsjBt1GRLiDzdqrM8po/vCebEme4QPhRKxb69KMCVL1Lljpu/3+9,6.4981116659685485,17.829088154317148,8.458957907745189
994200,bA2tJJsSFg7ZCsjBt1GRLiDzdqrM8po/vCebEme4QPhRKxb69KMCVL1Lljpu/3+9,7.159879898137905,35.12755390324652,13.367896160166689
994500,bA2tJJsSFg7ZCsjBt1GRLiDzdqrM8po/vCebEme4QPhRKxb69KMCVL1Lljpu/3+9,6.684788754361096,43.037728497218886,14.421453394441802
994800,bA2tJJsSFg7ZCsjBt1GRLiDzdqrM8po/vCebEme4QPhRKxb69KMCVL1Lljpu/3+9,6.7587609757607074,8.220034055833098,7.572426460374701
995100,bA2tJJsSFg7ZCsjBt1GRLiDzdqrM8po/vCebEme4QPhRKxb69KMCVL1Lljpu/3+9,6.863105430129217,35.80994286223756,14.25897741772416
995400,bA2tJJsSFg7ZCsjBt1GRLiDzdqrM8po/vCebEme4QPhRKxb69KMCVL1Lljpu/3+9,7.114330022383976,33.621337302229826,10.722888802208898
995700,bA2tJJsSFg7ZCsjBt1GRLiDzdqrM8po/vCebEme4QPhRKxb69KMCVL1Lljpu/3+9,6.563716845804298,40.17894180803554,14.128259588224932
996000,bA2tJJsSFg7ZCsjBt1GRLiDzdqrM8po/vCebEme4QPhRKxb69KMCVL1Lljpu/3+9,6.733327349456407,34.30623458658957,10.586658945203125
996300,bA2tJJsSFg7ZCsjBt1GRLiDzdqrM8po/vCebEme4QPhRKxb69KMCVL1Lljpu/3+9,6.246434477877533,15.7657662956253,8.467460544647126
996600,bA2tJJsSFg7ZCsjBt1GRLiDzdqrM8po/vCebEme4QPhRKxb69KMCVL1Lljpu/3+9,6.992477878468876,34.931248264842615,10.3331043379094
996900,bA2tJJsSFg7ZCsjBt1GRLiDzdqrM8po/vCebEme4QPhRKxb69KMCVL1Lljpu/3+9,6.874575346424727,40.22521816324458,19.962984849973097
997200,bA2tJJsSFg7ZCsjBt1GRLiDzdqrM8po/vCebEme4QPhRKxb69KMCVL1Lljpu/3+9,6.212748595354225,8.372234232713556,7.697754369734387
997500,bA2tJJsSFg7ZCsjBt1GRLiDzdqrM8po/vCebEme4QPhRKxb69KMCVL1Lljpu/3+9,6.551318137458501,17.506370747896018,8.53713374179211
997800,bA2tJJsSFg7ZCsjBt1GRLiDzdqrM8po/vCebEme4QPhRKxb69KMCVL1Lljpu/3+9,6.866268228280919,33.94602099631808,13.259239319804244
998100,bA2tJJsSFg7ZCsjBt1GRLiDzdqrM8po/vCebEme4QPhRKxb69KMCVL1Lljpu/3+9,7.024987172328881,38.14913615054638,14.405284383698612
998400,bA2tJJsSFg7ZCsjBt1GRLiDzdqrM8po/vCebEme4QPhRKxb69KMCVL1Lljpu/3+9,6.738506755938657,8.67585381851423,7.6381638896025885
998700,bA2tJJsSFg7ZCsjBt1GRLiDzdqrM8po/vCebEme4QPhRKxb69KMCVL1Lljpu/3+9,7.394426089509632,34.89770421793386,14.513903818970984
999000,bA2tJJsSFg7ZCsjBt1GRLiDzdqrM8po/vCebEme4QPhRKxb69KMCVL1Lljpu/3+9,6.451778340757215,35.78714332907365,10.540551556970518
999300,bA2tJJsSFg7ZCsjBt1GRLiDzdqrM8po/vCebEme4QPhRKxb69KMCVL1Lljpu/3+9,6.5809177752605965,39.71544270161547,14.215828212752855
999600,bA2tJJsSFg7ZCsjBt1GRLiDzdqrM8po/vCebEme4QPhRKxb69KMCVL1Lljpu/3+9,6.554851275661684,32.87599353752375,10.454202890488624
999900,bA2tJJsSFg7ZCsjBt1GRLiDzdqrM8po/vCebEme4QPhRKxb69KMCVL1Lljpu/3+9,6.462982187512428,17.253076505752183,8.522711256326925
1000200,bA2tJJsSFg7ZCsjBt1GRLiDzdqrM8po/vCebEme4QPhRKxb69KMCVL1Lljpu/3+9,6.143554975936559,36.290333506475285,10.671117251287995
1000500,bA2tJJsSFg7ZCsjBt1GRLiDzdqrM8po/vCebEme4QPhRKxb69KMCVL1Lljpu/3+9,13.760801639959851,46.73294575938337,26.48173834250331
1000800,bA2tJJsSFg7ZCsjBt1GRLiDzdqrM8po/vCebEme4QPhRKxb69KMCVL1Lljpu/3+9,11.740938764242536,17.07366133185123,14.037819947640038
1001100,bA2tJJsSFg7ZCsjBt1GRLiDzdqrM8po/vCebEme4QPhRKxb69KMCVL1Lljpu/3+9,6.270603721742563,16.284924960991408,8.85427536680126
1001400,bA2tJJsSFg7ZCsjBt1GRLiDzdqrM8po/vCebEme4QPhRKxb69KMCVL1Lljpu/3+9,7.150233065053204,32.34446097642704,13.707430670337178
1001700,bA2tJJsSFg7ZCsjBt1GRLiDzdqrM8po/vCebEme4QPhRKxb69KMCVL1Lljpu/3+9,7.089836171869823,43.745463396667326,14.370593664743904
1002000,bA2tJJsSFg7ZCsjBt1GRLiDzdqrM8po/vCebEme4QPhRKxb69KMCVL1Lljpu/3+9,6.378270993061763,8.81689073383155,7.568553051465625
1002300,bA2tJJsSFg7ZCsjBt1GRLiDzdqrM8po/vCebEme4QPhRKxb69KMCVL1Lljpu/3+9,7.073472265639631,42.496212150001845,14.737630722904132
1002600,bA2tJJsSFg7ZCsjBt1GRLiDzdqrM8po/vCebEme4QPhRKxb69KMCVL1Lljpu/3+9,6.752907150831535,35.760469800247336,10.51744209869735
1002900,bA2tJJsSFg7ZCsjBt1GRLiDzdqrM8po/vCebEme4QPhRKxb69KMCVL1Lljpu/3+9,6.72552390634686,44.53589401105836,14.305199363907027
1003200,bA2tJJsSFg7ZCsjBt1GRLiDzdqrM8po/vCebEme4QPhRKxb69KMCVL1Lljpu/3+9,6.956545887709256,30.43702796570048,10.881992369942264
1003500,bA2tJJsSFg7ZCsjBt1GRLiDzdqrM8po/vCebEme4QPhRKxb69KMCVL1Lljpu/3+9,6.758819698393556,14.920033881904365,9.417254408965725
1003800,bA2tJJsSFg7ZCsjBt1GRLiDzdqrM8po/vCebEme4QPhRKxb69KMCVL1Lljpu/3+9,7.213193099454118,22.844035474754733,14.10867109649026
1004100,bA2tJJsSFg7ZCsjBt1GRLiDzdqrM8po/vCebEme4QPhRKxb69KMCVL1Lljpu/3+9,6.894272325654812,48.134031125724256,20.237345467414187
1004400,bA2tJJsSFg7ZCsjBt1GRLiDzdqrM8po/vCebEme4QPhRKxb69KMCVL1Lljpu/3+9,6.555154452378945,8.633968645426373,7.755200861377153
1004700,bA2tJJsSFg7ZCsjBt1GRLiDzdqrM8po/vCebEme4QPhRKxb69KMCVL1Lljpu/3+9,6.59990268982078,18.385160936867848,8.757761697326522
1005000,bA2tJJsSFg7ZCsjBt1GRLiDzdqrM8po/vCebEme4QPhRKxb69KMCVL1Lljpu/3+9,6.999050996927914,29.07597952114172,13.190912139646413
1005300,bA2tJJsSFg7ZCsjBt1GRLiDzdqrM8po/vCebEme4QPhRKxb69KMCVL1Lljpu/3+9,6.451429496093163,55.13222533880042,14.806992890057952
1005600,bA2tJJsSFg7ZCsjBt1GRLiDzdqrM8po/vCebEme4QPhRKxb69KMCVL1Lljpu/3+9,6.72246588595226,8.379136938744804,7.446210944064274
1005900,bA2tJJsSFg7ZCsjBt1GRLiDzdqrM8po/vCebEme4QPhRKxb69KMCVL1Lljpu/3+9,7.735873938302048,44.73770497142068,15.276567013989004
1006200,bA2tJJsSFg7ZCsjBt1GRLiDzdqrM8po/vCebEme4QPhRKxb69KMCVL1Lljpu/3+9,6.891032265686752,34.621090952491144,11.913807472343768
1006500,bA2tJJsSFg7ZCsjBt1GRLiDzdqrM8po/vCebEme4QPhRKxb69KMCVL1Lljpu/3+9,6.956166943303325,56.45802866529094,14.565732731798947
1006800,bA2tJJsSFg7ZCsjBt1GRLiDzdqrM8po/vCebEme4QPhRKxb69KMCVL1Lljpu/3+9,7.107642135410023,27.540978780152894,10.546006480719493
1007100,bA2tJJsSFg7ZCsjBt1GRLiDzdqrM8po/vCebEme4QPhRKxb69KMCVL1Lljpu/3+9,6.6103724151474985,17.944195316432868,8.718803084572574
1007400,bA2tJJsSFg7ZCsjBt1GRLiDzdqrM8po/vCebEme4QPhRKxb69KMCVL1Lljpu/3+9,6.697366682290483,24.826151984711014,10.415856836392615
1007700,bA2tJJsSFg7ZCsjBt1GRLiDzdqrM8po/vCebEme4QPhRKxb69KMCVL1Lljpu/3+9,6.639713182727476,61.420247789402666,20.20103227264
1008000,bA2tJJsSFg7ZCsjBt1GRLiDzdqrM8po/vCebEme4QPhRKxb69KMCVL1Lljpu/3+9,6.931889197446874,8.97169470661131,7.838757448152354
1008300,bA2tJJsSFg7ZCsjBt1GRLiDzdqrM8po/vCebEme4QPhRKxb69KMCVL1Lljpu/3+9,6.701244744283926,12.550204438451535,8.58700365105793
1008600,bA2tJJsSFg7ZCsjBt1GRLiDzdqrM8po/vCebEme4QPhRKxb69KMCVL1Lljpu/3+9,6.828301528970657,25.10597919296709,12.985468708036716
1008900,bA2tJJsSFg7ZCsjBt1GRLiDzdqrM8po/vCebEme4QPhRKxb69KMCVL1Lljpu/3+9,6.427453206637961,65.98250348710292,14.334268963497449
1009200,bA2tJJsSFg7ZCsjBt1GRLiDzdqrM8po/vCebEme4QPhRKxb69KMCVL1Lljpu/3+9,6.360059052671865,8.381283576904307,7.5245668661927505
1009500,bA2tJJsSFg7ZCsjBt1GRLiDzdqrM8po/vCebEme4QPhRKxb69KMCVL1Lljpu/3+9,6.818346090046873,45.68222344639924,14.936611355013168
1009800,bA2tJJsSFg7ZCsjBt1GRLiDzdqrM8po/vCebEme4QPhRKxb69KMCVL1Lljpu/3+9,6.9926914332185275,28.43515133260924,10.41494935734102
1010100,bA2tJJsSFg7ZCsjBt1GRLiDzdqrM8po/vCebEme4QPhRKxb69KMCVL1Lljpu/3+9,6.531213819492689,66.58389544922817,14.133869483499664
1010400,bA2tJJsSFg7ZCsjBt1GRLiDzdqrM8po/vCebEme4QPhRKxb69KMCVL1Lljpu/3+9,7.223170324355388,22.91966728781159,10.500736404058886
1010700,bA2tJJsSFg7ZCsjBt1GRLiDzdqrM8po/vCebEme4QPhRKxb69KMCVL1Lljpu/3+9,6.486326763724264,12.962516409861728,8.49739553324047
1011000,bA2tJJsSFg7ZCsjBt1GRLiDzdqrM8po/vCebEme4QPhRKxb69KMCVL1Lljpu/3+9,6.581300247545282,35.177666697506,10.240976355690597
1011300,bA2tJJsSFg7ZCsjBt1GRLiDzdqrM8po/vCebEme4QPhRKxb69KMCVL1Lljpu/3+9,6.901492636714417,67.94926271840576,20.1449299968907
1011600,bA2tJJsSFg7ZCsjBt1GRLiDzdqrM8po/vCebEme4QPhRKxb69KMCVL1Lljpu/3+9,6.430163570799148,8.800058277730297,7.651049682940106
1011900,bA2tJJsSFg7ZCsjBt1GRLiDzdqrM8po/vCebEme4QPhRKxb69KMCVL1Lljpu/3+9,6.783306202075069,12.881624911682968,8.569277705462929
1012200,bA2tJJsSFg7ZCsjBt1GRLiDzdqrM8po/vCebEme4QPhRKxb69KMCVL1Lljpu/3+9,6.944832799297039,30.049866536375056,13.303430854787376
1012500,bA2tJJsSFg7ZCsjBt1GRLiDzdqrM8po/vCebEme4QPhRKxb69KMCVL1Lljpu/3+9,7.13612930182442,67.9213763131407,14.393611358588654
1012800,bA2tJJsSFg7ZCsjBt1GRLiDzdqrM8po/vCebEme4QPhRKxb69KMCVL1Lljpu/3+9,6.432300084815309,8.210651272743663,7.558534692348733
1013100,bA2tJJsSFg7ZCsjBt1GRLiDzdqrM8po/vCebEme4QPhRKxb69KMCVL1Lljpu/3+9,7.138768600780472,49.89227512238317,14.430297894937608
1013400,bA2tJJsSFg7ZCsjBt1GRLiDzdqrM8po/vCebEme4QPhRKxb69KMCVL1Lljpu/3+9,7.192788830108201,22.372509589722725,10.54501793370036
1013700,bA2tJJsSFg7ZCsjBt1GRLiDzdqrM8po/vCebEme4QPhRKxb69KMCVL1Lljpu/3+9,6.578250736711081,71.22970320187986,15.017022503045464
1014000,bA2tJJsSFg7ZCsjBt1GRLiDzdqrM8po/vCebEme4QPhRKxb69KMCVL1Lljpu/3+9,6.793463695480895,24.53415909643564,10.475122744406445
1014300,bA2tJJsSFg7ZCsjBt1GRLiDzdqrM8po/vCebEme4QPhRKxb69KMCVL1Lljpu/3+9,6.411806983120732,14.640069203258042,8.631413344600022
1014600,bA2tJJsSFg7ZCsjBt1GRLiDzdqrM8po/vCebEme4QPhRKxb69KMCVL1Lljpu/3+9,6.640406453929803,32.56613347647513,10.226897721888683
1014900,bA2tJJsSFg7ZCsjBt1GRLiDzdqrM8po/vCebEme4QPhRKxb69KMCVL1Lljpu/3+9,6.8459209411519675,70.56759110452117,20.13923326135071
1015200,bA2tJJsSFg7ZCsjBt1GRLiDzdqrM8po/vCebEme4QPhRKxb69KMCVL1Lljpu/3+9,6.702857786434394,8.524214192715297,7.595251648137278
1015500,bA2tJJsSFg7ZCsjBt1GRLiDzdqrM8po/vCebEme4QPhRKxb69KMCVL1Lljpu/3+9,6.52930474837903,14.49533076319744,8.496346531323331
1015800,bA2tJJsSFg7ZCsjBt1GRLiDzdqrM8po/vCebEme4QPhRKxb69KMCVL1Lljpu/3+9,6.57987477666752,27.43970686519117,13.083246722307186
1016100,bA2tJJsSFg7ZCsjBt1GRLiDzdqrM8po/vCebEme4QPhRKxb69KMCVL1Lljpu/3+9,6.571093163706387,63.99110967689074,14.417469260841465
1016400,bA2tJJsSFg7ZCsjBt1GRLiDzdqrM8po/vCebEme4QPhRKxb69KMCVL1Lljpu/3+9,6.512050770664711,8.181949969951326,7.4694869636524865
1016700,bA2tJJsSFg7ZCsjBt1GRLiDzdqrM8po/vCebEme4QPhRKxb69KMCVL1Lljpu/3+9,7.120735273377052,52.753882190377546,14.27967659372928
1017000,bA2tJJsSFg7ZCsjBt1GRLiDzdqrM8po/vCebEme4QPhRKxb69KMCVL1Lljpu/3+9,6.4663200672215355,35.7433179832314,10.287067910585266
1017300,bA2tJJsSFg7ZCsjBt1GRLiDzdqrM8po/vCebEme4QPhRKxb69KMCVL1Lljpu/3+9,6.711237679646942,58.574218059919744,15.077287631999758
1017600,bA2tJJsSFg7ZCsjBt1GRLiDzdqrM8po/vCebEme4QPhRKxb69KMCVL1Lljpu/3+9,6.826805791787642,28.74884883553548,10.447706926622736
1017900,bA2tJJsSFg7ZCsjBt1GRLiDzdqrM8po/vCebEme4QPhRKxb69KMCVL1Lljpu/3+9,6.592235950317277,17.260246053183355,8.524655948464513
1018200,bA2tJJsSFg7ZCsjBt1GRLiDzdqrM8po/vCebEme4QPhRKxb69KMCVL1Lljpu/3+9,6.685656647317881,28.238060761784585,10.424223943328098
1018500,bA2tJJsSFg7ZCsjBt1GRLiDzdqrM8po/vCebEme4QPhRKxb69KMCVL1Lljpu/3+9,7.033897523839582,55.903234711024815,19.866364146859965
1018800,bA2tJJsSFg7ZCsjBt1GRLiDzdqrM8po/vCebEme4QPhRKxb69KMCVL1Lljpu/3+9,6.769340004445163,8.416656302148517,7.53868678143663
1019100,bA2tJJsSFg7ZCsjBt1GRLiDzdqrM8po/vCebEme4QPhRKxb69KMCVL1Lljpu/3+9,6.5242004286764335,13.56923732303474,8.46111144822336
1019400,bA2tJJsSFg7ZCsjBt1GRLiDzdqrM8po/vCebEme4QPhRKxb69KMCVL1Lljpu/3+9,7.395947510860234,33.310447606520896,13.904303785285808
1019700,bA2tJJsSFg7ZCsjBt1GRLiDzdqrM8po/vCebEme4QPhRKxb69KMCVL1Lljpu/3+9,7.415289435377862,54.688695152879205,15.148095608579473
1020000,bA2tJJsSFg7ZCsjBt1GRLiDzdqrM8po/vCebEme4QPhRKxb69KMCVL1Lljpu/3+9,7.601765358170213,8.952185715924385,8.374704838754537
1020300,bA2tJJsSFg7ZCsjBt1GRLiDzdqrM8po/vCebEme4QPhRKxb69KMCVL1Lljpu/3+9,6.983890721555984,62.7214631359526,15.28862163792092
1020600,bA2tJJsSFg7ZCsjBt1GRLiDzdqrM8po/vCebEme4QPhRKxb69KMCVL1Lljpu/3+9,6.92908744218817,36.301789116541656,10.532894656055166
1020900,bA2tJJsSFg7ZCsjBt1GRLiDzdqrM8po/vCebEme4QPhRKxb69KMCVL1Lljpu/3+9,6.660077116237257,51.05808646277725,14.286041062588774
1021200,bA2tJJsSFg7ZCsjBt1GRLiDzdqrM8po/vCebEme4QPhRKxb69KMCVL1Lljpu/3+9,6.646378423184828,31.534536201942487,10.423603780274773
1021500,bA2tJJsSFg7ZCsjBt1GRLiDzdqrM8po/vCebEme4QPhRKxb69KMCVL1Lljpu/3+9,6.6234197406586475,13.25631246492798,8.673174097937403
1021800,bA2tJJsSFg7ZCsjBt1GRLiDzdqrM8po/vCebEme4QPhRKxb69KMCVL1Lljpu/3+9,6.7108946809454935,25.981406123094004,10.145346109148887
1022100,bA2tJJsSFg7ZCsjBt1GRLiDzdqrM8po/vCebEme4QPhRKxb69KMCVL1Lljpu/3+9,6.472585693954198,57.66296421457788,19.91753322365291
1022400,bA2tJJsSFg7ZCsjBt1GRLiDzdqrM8po/vCebEme4QPhRKxb69KMCVL1Lljpu/3+9,6.411083241116833,8.728745112572382,7.587880223709495
1022700,bA2tJJsSFg7ZCsjBt1GRLiDzdqrM8po/vCebEme4QPhRKxb69KMCVL1Lljpu/3+9,6.54942424713952,13.72263720903873,8.575741001156846
1023000,bA2tJJsSFg7ZCsjBt1GRLiDzdqrM8po/vCebEme4QPhRKxb69KMCVL1Lljpu/3+9,6.703894716819296,32.07654128807503,13.051998027274918
1023300,bA2tJJsSFg7ZCsjBt1GRLiDzdqrM8po/vCebEme4QPhRKxb69KMCVL1Lljpu/3+9,6.570583236935568,47.42515798587982,14.487362257760926
1023600,bA2tJJsSFg7ZCsjBt1GRLiDzdqrM8po/vCebEme4QPhRKxb69KMCVL1Lljpu/3+9,6.541576290777693,8.570045940291907,7.474188449668187
1023900,bA2tJJsSFg7ZCsjBt1GRLiDzdqrM8po/vCebEme4QPhRKxb69KMCVL1Lljpu/3+9,6.936358388082212,59.270166270502365,14.913473314767293
1024200,bA2tJJsSFg7ZCsjBt1GRLiDzdqrM8po/vCebEme4QPhRKxb69KMCVL1Lljpu/3+9,6.840392716792314,31.769842163467043,10.612150315947442
1024500,bA2tJJsSFg7ZCsjBt1GRLiDzdqrM8po/vCebEme4QPhRKxb69KMCVL1Lljpu/3+9,6.43571092234695,44.275824170235296,14.260552680656296
1024800,bA2tJJsSFg7ZCsjBt1GRLiDzdqrM8po/vCebEme4QPhRKxb69KMCVL1Lljpu/3+9,6.3734412171058015,35.276848712429974,10.488917239365186
1025100,bA2tJJsSFg7ZCsjBt1GRLiDzdqrM8po/vCebEme4QPhRKxb69KMCVL1Lljpu/3+9,6.666394151480072,13.652940419403098,8.927037457145472
1025400,bA2tJJsSFg7ZCsjBt1GRLiDzdqrM8po/vCebEme4QPhRKxb69KMCVL1Lljpu/3+9,6.712873220567517,35.8627550249142,10.086758427172777
1025700,bA2tJJsSFg7ZCsjBt1GRLiDzdqrM8po/vCebEme4QPhRKxb69KMCVL1Lljpu/3+9,7.1058819275064575,64.3432819926954,20.26806871923718
1026000,bA2tJJsSFg7ZCsjBt1GRLiDzdqrM8po/vCebEme4QPhRKxb69KMCVL1Lljpu/3+9,6.623016046180962,8.779389840034794,7.60179815922288
1026300,bA2tJJsSFg7ZCsjBt1GRLiDzdqrM8po/vCebEme4QPhRKxb69KMCVL1Lljpu/3+9,6.243505959947255,14.14301425183556,8.564723904400283
1026600,bA2tJJsSFg7ZCsjBt1GRLiDzdqrM8po/vCebEme4QPhRKxb69KMCVL1Lljpu/3+9,6.875435963615517,35.929833466804325,13.151966884057773
1026900,bA2tJJsSFg7ZCsjBt1GRLiDzdqrM8po/vCebEme4QPhRKxb69KMCVL1Lljpu/3+9,6.951985189430909,41.74960352580679,14.446371332129354
1027200,bA2tJJsSFg7ZCsjBt1GRLiDzdqrM8po/vCebEme4QPhRKxb69KMCVL1Lljpu/3+9,6.704013288933106,8.595860525118677,7.54844201691499
1027500,bA2tJJsSFg7ZCsjBt1GRLiDzdqrM8po/vCebEme4QPhRKxb69KMCVL1Lljpu/3+9,6.6757724408698325,63.78324462120101,14.343563820168328
1027800,bA2tJJsSFg7ZCsjBt1GRLiDzdqrM8po/vCebEme4QPhRKxb69KMCVL1Lljpu/3+9,6.593648377037455,36.78778908062646,11.310103574444792
1028100,bA2tJJsSFg7ZCsjBt1GRLiDzdqrM8po/vCebEme4QPhRKxb69KMCVL1Lljpu/3+9,6.817349689998342,36.53069459849021,14.40399366281114
1028400,bA2tJJsSFg7ZCsjBt1GRLiDzdqrM8po/vCebEme4QPhRKxb69KMCVL1Lljpu/3+9,6.747723882016162,35.21004356846619,10.348774214060931
1028700,bA2tJJsSFg7ZCsjBt1GRLiDzdqrM8po/vCebEme4QPhRKxb69KMCVL1Lljpu/3+9,6.788768258274316,13.553043400935152,8.593618810081418
1029000,bA2tJJsSFg7ZCsjBt1GRLiDzdqrM8po/vCebEme4QPhRKxb69KMCVL1Lljpu/3+9,6.662972044447065,35.63465412867044,10.188348080645245
1029300,bA2tJJsSFg7ZCsjBt1GRLiDzdqrM8po/vCebEme4QPhRKxb69KMCVL1Lljpu/3+9,7.02881844869243,64.18542871030674,21.4713515710628
1029600,bA2tJJsSFg7ZCsjBt1GRLiDzdqrM8po/vCebEme4QPhRKxb69KMCVL1Lljpu/3+9,6.4248957199279735,8.862423552634873,7.634055663906007
1029900,bA2tJJsSFg7ZCsjBt1GRLiDzdqrM8po/vCebEme4QPhRKxb69KMCVL1Lljpu/3+9,12.126631980815182,20.0860485441,14.5974494111537
1030200,bA2tJJsSFg7ZCsjBt1GRLiDzdqrM8po/vCebEme4QPhRKxb69KMCVL1Lljpu/3+9,12.836314555499724,40.85095898956448,19.006616646250706
1030500,bA2tJJsSFg7ZCsjBt1GRLiDzdqrM8po/vCebEme4QPhRKxb69KMCVL1Lljpu/3+9,6.637638413476779,44.91454901130939,15.877067498239724
1030800,bA2tJJsSFg7ZCsjBt1GRLiDzdqrM8po/vCebEme4QPhRKxb69KMCVL1Lljpu/3+9,6.7031687971658656,8.950389903603178,7.414432491799733
1031100,bA2tJJsSFg7ZCsjBt1GRLiDzdqrM8po/vCebEme4QPhRKxb69KMCVL1Lljpu/3+9,6.7263602219764485,61.657013204727775,14.48654296077182
1031400,bA2tJJsSFg7ZCsjBt1GRLiDzdqrM8po/vCebEme4QPhRKxb69KMCVL1Lljpu/3+9,6.9143537880167045,34.86322225378956,11.300930056654368
1031700,bA2tJJsSFg7ZCsjBt1GRLiDzdqrM8po/vCebEme4QPhRKxb69KMCVL1Lljpu/3+9,6.475163046935322,44.777450986820234,14.348915105355394
1032000,bA2tJJsSFg7ZCsjBt1GRLiDzdqrM8po/vCebEme4QPhRKxb69KMCVL1Lljpu/3+9,6.832362722245816,35.905313224165724,10.5277470800801
1032300,bA2tJJsSFg7ZCsjBt1GRLiDzdqrM8po/vCebEme4QPhRKxb69KMCVL1Lljpu/3+9,6.826115374519278,57.99954186474554,13.75721947888868
1032600,bA2tJJsSFg7ZCsjBt1GRLiDzdqrM8po/vCebEme4QPhRKxb69KMCVL1Lljpu/3+9,6.522562270855555,36.063160822502056,12.379769115129232
1032900,bA2tJJsSFg7ZCsjBt1GRLiDzdqrM8po/vCebEme4QPhRKxb69KMCVL1Lljpu/3+9,7.377661193609982,67.009945355494,20.81729432126104
1033200,bA2tJJsSFg7ZCsjBt1GRLiDzdqrM8po/vCebEme4QPhRKxb69KMCVL1Lljpu/3+9,6.444453993563801,8.8858980707375,7.561804487326352
1033500,bA2tJJsSFg7ZCsjBt1GRLiDzdqrM8po/vCebEme4QPhRKxb69KMCVL1Lljpu/3+9,6.874204584886928,13.403496896325326,8.888035135540697
1033800,bA2tJJsSFg7ZCsjBt1GRLiDzdqrM8po/vCebEme4QPhRKxb69KMCVL1Lljpu/3+9,6.725033017056999,37.312155664846365,13.264420378519986
1034100,bA2tJJsSFg7ZCsjBt1GRLiDzdqrM8po/vCebEme4QPhRKxb69KMCVL1Lljpu/3+9,6.601477407291135,46.980699634829456,14.416294790623894
1034400,bA2tJJsSFg7ZCsjBt1GRLiDzdqrM8po/vCebEme4QPhRKxb69KMCVL1Lljpu/3+9,6.500110099462457,8.661516405674679,7.425248575349442
1034700,bA2tJJsSFg7ZCsjBt1GRLiDzdqrM8po/vCebEme4QPhRKxb69KMCVL1Lljpu/3+9,6.74646805802607,67.16262855669302,14.491465465907435
1035000,bA2tJJsSFg7ZCsjBt1GRLiDzdqrM8po/vCebEme4QPhRKxb69KMCVL1Lljpu/3+9,6.753733219495296,24.62504702964848,11.368417211515515
1035300,bA2tJJsSFg7ZCsjBt1GRLiDzdqrM8po/vCebEme4QPhRKxb69KMCVL1Lljpu/3+9,6.687629725161606,48.43189666770338,14.424009422925002
1035600,bA2tJJsSFg7ZCsjBt1GRLiDzdqrM8po/vCebEme4QPhRKxb69KMCVL1Lljpu/3+9,6.56917080154602,77.01060425174947,21.27754996694027
1035900,bA2tJJsSFg7ZCsjBt1GRLiDzdqrM8po/vCebEme4QPhRKxb69KMCVL1Lljpu/3+9,6.528872645499104,14.26005508497599,8.810807394745323
1036200,bA2tJJsSFg7ZCsjBt1GRLiDzdqrM8po/vCebEme4QPhRKxb69KMCVL1Lljpu/3+9,6.383417939663864,35.48230592895167,10.225736843790823
1036500,bA2tJJsSFg7ZCsjBt1GRLiDzdqrM8po/vCebEme4QPhRKxb69KMCVL1Lljpu/3+9,6.450504444605494,71.81251127213586,20.628281169268327
1036800,bA2tJJsSFg7ZCsjBt1GRLiDzdqrM8po/vCebEme4QPhRKxb69KMCVL1Lljpu/3+9,6.7251109734189845,9.139214658505274,7.70343499414448
1037100,bA2tJJsSFg7ZCsjBt1GRLiDzdqrM8po/vCebEme4QPhRKxb69KMCVL1Lljpu/3+9,6.531711694253094,14.576325851315303,8.58716348452894
1037400,bA2tJJsSFg7ZCsjBt1GRLiDzdqrM8po/vCebEme4QPhRKxb69KMCVL1Lljpu/3+9,6.6899699055709965,35.83376695715029,13.147953168120566
1037700,bA2tJJsSFg7ZCsjBt1GRLiDzdqrM8po/vCebEme4QPhRKxb69KMCVL1Lljpu/3+9,7.6027660056074655,55.56718792007158,16.600075670537176
1038000,bA2tJJsSFg7ZCsjBt1GRLiDzdqrM8po/vCebEme4QPhRKxb69KMCVL1Lljpu/3+9,6.541411428839962,9.694932972231465,7.869595685487998
1038300,bA2tJJsSFg7ZCsjBt1GRLiDzdqrM8po/vCebEme4QPhRKxb69KMCVL1Lljpu/3+9,6.677748498501953,68.69531618548838,14.887813010046356
1038600,bA2tJJsSFg7ZCsjBt1GRLiDzdqrM8po/vCebEme4QPhRKxb69KMCVL1Lljpu/3+9,6.783634401675483,34.65045070348613,11.791006506528475
1038900,bA2tJJsSFg7ZCsjBt1GRLiDzdqrM8po/vCebEme4QPhRKxb69KMCVL1Lljpu/3+9,6.846405540142578,56.57538304963568,14.24368207716286
1039200,bA2tJJsSFg7ZCsjBt1GRLiDzdqrM8po/vCebEme4QPhRKxb69KMCVL1Lljpu/3+9,6.372140944093624,35.1598547474477,10.41168721622002
1039500,bA2tJJsSFg7ZCsjBt1GRLiDzdqrM8po/vCebEme4QPhRKxb69KMCVL1Lljpu/3+9,6.5367997879324085,14.144824262158052,8.602680040309385
1039800,bA2tJJsSFg7ZCsjBt1GRLiDzdqrM8po/vCebEme4QPhRKxb69KMCVL1Lljpu/3+9,6.496807734990103,35.74384397237464,10.14021176510693
1040100,bA2tJJsSFg7ZCsjBt1GRLiDzdqrM8po/vCebEme4QPhRKxb69KMCVL1Lljpu/3+9,6.872652600522394,68.19360125878501,20.109970484530272
1040400,bA2tJJsSFg7ZCsjBt1GRLiDzdqrM8po/vCebEme4QPhRKxb69KMCVL1Lljpu/3+9,6.3994205650368,8.768823599120326,7.705661187945501
1040700,bA2tJJsSFg7ZCsjBt1GRLiDzdqrM8po/vCebEme4QPhRKxb69KMCVL1Lljpu/3+9,6.7504375194048025,14.0811392014504,8.632090634237034
1041000,bA2tJJsSFg7ZCsjBt1GRLiDzdqrM8po/vCebEme4QPhRKxb69KMCVL1Lljpu/3+9,6.579768414606795,35.50296638723141,12.927600006158777
1041300,bA2tJJsSFg7ZCsjBt1GRLiDzdqrM8po/vCebEme4QPhRKxb69KMCVL1Lljpu/3+9,6.628456683451804,64.28617184523961,14.377250887103246
1041600,bA2tJJsSFg7ZCsjBt1GRLiDzdqrM8po/vCebEme4QPhRKxb69KMCVL1Lljpu/3+9,6.618288258866666,8.781274566094611,7.487763807454085
1041900,bA2tJJsSFg7ZCsjBt1GRLiDzdqrM8po/vCebEme4QPhRKxb69KMCVL1Lljpu/3+9,6.651690947373682,60.97876577503589,15.204968789962374
1042200,bA2tJJsSFg7ZCsjBt1GRLiDzdqrM8po/vCebEme4QPhRKxb69KMCVL1Lljpu/3+9,6.683620841961036,35.29415993219241,11.413059959121163
1042500,bA2tJJsSFg7ZCsjBt1GRLiDzdqrM8po/vCebEme4QPhRKxb69KMCVL1Lljpu/3+9,6.468971478441878,64.95262074358807,13.891114917179651
1042800,bA2tJJsSFg7ZCsjBt1GRLiDzdqrM8po/vCebEme4QPhRKxb69KMCVL1Lljpu/3+9,6.507871425332877,34.89247221231049,10.69300811151058
1043100,bA2tJJsSFg7ZCsjBt1GRLiDzdqrM8po/vCebEme4QPhRKxb69KMCVL1Lljpu/3+9,6.498176309494959,13.21554729200813,8.274159885656902
1043400,bA2tJJsSFg7ZCsjBt1GRLiDzdqrM8po/vCebEme4QPhRKxb69KMCVL1Lljpu/3+9,6.511960470311696,36.79624584378577,10.406921039848728
1043700,bA2tJJsSFg7ZCsjBt1GRLiDzdqrM8po/vCebEme4QPhRKxb69KMCVL1Lljpu/3+9,6.45179283678583,63.9112744155889,19.60712531482021
1044000,bA2tJJsSFg7ZCsjBt1GRLiDzdqrM8po/vCebEme4QPhRKxb69KMCVL1Lljpu/3+9,6.303104154921286,11.118783462204364,7.920742212170682
1044300,bA2tJJsSFg7ZCsjBt1GRLiDzdqrM8po/vCebEme4QPhRKxb69KMCVL1Lljpu/3+9,6.64298835303651,13.19159660853138,8.221261047053865
1044600,bA2tJJsSFg7ZCsjBt1GRLiDzdqrM8po/vCebEme4QPhRKxb69KMCVL1Lljpu/3+9,6.796163810628545,37.12945480459948,15.028891789809338
1044900,bA2tJJsSFg7ZCsjBt1GRLiDzdqrM8po/vCebEme4QPhRKxb69KMCVL1Lljpu/3+9,6.150961780311564,64.22094700007368,14.02829761804066
1045200,bA2tJJsSFg7ZCsjBt1GRLiDzdqrM8po/vCebEme4QPhRKxb69KMCVL1Lljpu/3+9,6.406701124127801,10.789808080266155,7.709726111113862
1045500,bA2tJJsSFg7ZCsjBt1GRLiDzdqrM8po/vCebEme4QPhRKxb69KMCVL1Lljpu/3+9,6.770499941954485,63.038263370889744,14.96968254950389
1045800,bA2tJJsSFg7ZCsjBt1GRLiDzdqrM8po/vCebEme4QPhRKxb69KMCVL1Lljpu/3+9,6.512986748021112,36.69611970926725,10.937616820762257
1046100,bA2tJJsSFg7ZCsjBt1GRLiDzdqrM8po/vCebEme4QPhRKxb69KMCVL1Lljpu/3+9,6.606503603504153,63.633443567084505,14.597474134138816
1046400,bA2tJJsSFg7ZCsjBt1GRLiDzdqrM8po/vCebEme4QPhRKxb69KMCVL1Lljpu/3+9,6.678465043770909,35.49698110779261,11.238173726927434
1046700,bA2tJJsSFg7ZCsjBt1GRLiDzdqrM8po/vCebEme4QPhRKxb69KMCVL1Lljpu/3+9,6.600492139116697,13.013097550221676,8.369636826458454
1047000,bA2tJJsSFg7ZCsjBt1GRLiDzdqrM8po/vCebEme4QPhRKxb69KMCVL1Lljpu/3+9,6.449275539759294,30.487836393031344,10.560465918088642
1047300,bA2tJJsSFg7ZCsjBt1GRLiDzdqrM8po/vCebEme4QPhRKxb69KMCVL1Lljpu/3+9,6.430085907340919,61.98509076529128,19.819925474201487
1047600,bA2tJJsSFg7ZCsjBt1GRLiDzdqrM8po/vCebEme4QPhRKxb69KMCVL1Lljpu/3+9,6.622688509100128,11.11823495253516,8.106819431564295
1047900,bA2tJJsSFg7ZCsjBt1GRLiDzdqrM8po/vCebEme4QPhRKxb69KMCVL1Lljpu/3+9,6.335215366821995,12.816281913060052,8.193425750371503
1048200,bA2tJJsSFg7ZCsjBt1GRLiDzdqrM8po/vCebEme4QPhRKxb69KMCVL1Lljpu/3+9,6.41781425076814,37.00075177895524,13.444151382910228
1048500,bA2tJJsSFg7ZCsjBt1GRLiDzdqrM8po/vCebEme4QPhRKxb69KMCVL1Lljpu/3+9,6.555000253234272,51.30181417337885,14.397295473105268
1048800,bA2tJJsSFg7ZCsjBt1GRLiDzdqrM8po/vCebEme4QPhRKxb69KMCVL1Lljpu/3+9,6.210774359920348,11.85693584192724,7.898069841497323
1049100,bA2tJJsSFg7ZCsjBt1GRLiDzdqrM8po/vCebEme4QPhRKxb69KMCVL1Lljpu/3+9,6.710572131026092,62.167485076992776,14.457220829268785
1049400,bA2tJJsSFg7ZCsjBt1GRLiDzdqrM8po/vCebEme4QPhRKxb69KMCVL1Lljpu/3+9,6.716872459807369,36.66034760100097,11.085201167867822
1049700,bA2tJJsSFg7ZCsjBt1GRLiDzdqrM8po/vCebEme4QPhRKxb69KMCVL1Lljpu/3+9,7.0989200710506415,50.40987114429442,15.80914153336551
1050000,bA2tJJsSFg7ZCsjBt1GRLiDzdqrM8po/vCebEme4QPhRKxb69KMCVL1Lljpu/3+9,6.76271091920004,35.4233790102182,11.024251977858892
1050300,bA2tJJsSFg7ZCsjBt1GRLiDzdqrM8po/vCebEme4QPhRKxb69KMCVL1Lljpu/3+9,6.639350334906428,17.02431687974212,8.33556224603536
1050600,bA2tJJsSFg7ZCsjBt1GRLiDzdqrM8po/vCebEme4QPhRKxb69KMCVL1Lljpu/3+9,6.656473788440021,36.369570583120655,10.695950987449413
1050900,bA2tJJsSFg7ZCsjBt1GRLiDzdqrM8po/vCebEme4QPhRKxb69KMCVL1Lljpu/3+9,6.88287419947362,60.52938063731804,19.741180817421903
1051200,bA2tJJsSFg7ZCsjBt1GRLiDzdqrM8po/vCebEme4QPhRKxb69KMCVL1Lljpu/3+9,6.4668455718731,12.333273863080846,8.031478632597482
1051500,bA2tJJsSFg7ZCsjBt1GRLiDzdqrM8po/vCebEme4QPhRKxb69KMCVL1Lljpu/3+9,6.639356156200789,16.783311061560845,8.246796066663926
1051800,bA2tJJsSFg7ZCsjBt1GRLiDzdqrM8po/vCebEme4QPhRKxb69KMCVL1Lljpu/3+9,6.642782376687346,45.027680820424784,13.430342109721774
1052100,bA2tJJsSFg7ZCsjBt1GRLiDzdqrM8po/vCebEme4QPhRKxb69KMCVL1Lljpu/3+9,6.5001890315018285,45.61274948163968,13.909980004797212
1052400,bA2tJJsSFg7ZCsjBt1GRLiDzdqrM8po/vCebEme4QPhRKxb69KMCVL1Lljpu/3+9,6.274988170470396,11.314699115536463,7.834757605256335
1052700,bA2tJJsSFg7ZCsjBt1GRLiDzdqrM8po/vCebEme4QPhRKxb69KMCVL1Lljpu/3+9,6.481172315925595,59.855406497731465,14.037373703684466
1053000,bA2tJJsSFg7ZCsjBt1GRLiDzdqrM8po/vCebEme4QPhRKxb69KMCVL1Lljpu/3+9,6.673122100039747,35.97023404090874,10.718815888626043
1053300,bA2tJJsSFg7ZCsjBt1GRLiDzdqrM8po/vCebEme4QPhRKxb69KMCVL1Lljpu/3+9,6.667101936641192,30.41730098855028,11.814838938619868
1053600,bA2tJJsSFg7ZCsjBt1GRLiDzdqrM8po/vCebEme4QPhRKxb69KMCVL1Lljpu/3+9,6.7689921840744764,34.962288045033866,10.806866112727292
1053900,bA2tJJsSFg7ZCsjBt1GRLiDzdqrM8po/vCebEme4QPhRKxb69KMCVL1Lljpu/3+9,6.640442708123051,17.082054849592403,8.337893382057363
1054200,bA2tJJsSFg7ZCsjBt1GRLiDzdqrM8po/vCebEme4QPhRKxb69KMCVL1Lljpu/3+9,6.8660991237896685,32.08005353095484,10.597632136504476
1054500,bA2tJJsSFg7ZCsjBt1GRLiDzdqrM8po/vCebEme4QPhRKxb69KMCVL1Lljpu/3+9,6.957951634117402,61.84650525779364,19.87023254605124
1054800,bA2tJJsSFg7ZCsjBt1GRLiDzdqrM8po/vCebEme4QPhRKxb69KMCVL1Lljpu/3+9,6.34446288770961,11.220890898931277,7.980904739392131
1055100,bA2tJJsSFg7ZCsjBt1GRLiDzdqrM8po/vCebEme4QPhRKxb69KMCVL1Lljpu/3+9,6.64701277281901,16.78239370958994,8.250010439078972
1055400,bA2tJJsSFg7ZCsjBt1GRLiDzdqrM8po/vCebEme4QPhRKxb69KMCVL1Lljpu/3+9,6.463757984782999,57.01906047554056,13.432353513111982
1055700,bA2tJJsSFg7ZCsjBt1GRLiDzdqrM8po/vCebEme4QPhRKxb69KMCVL1Lljpu/3+9,6.4372972216129964,35.72622609445659,13.911690308288508
1056000,bA2tJJsSFg7ZCsjBt1GRLiDzdqrM8po/vCebEme4QPhRKxb69KMCVL1Lljpu/3+9,6.149867911532041,10.672797271631538,7.785519503854657
1056300,bA2tJJsSFg7ZCsjBt1GRLiDzdqrM8po/vCebEme4QPhRKxb69KMCVL1Lljpu/3+9,6.295185008899695,59.459791053771205,13.835597559149972
1056600,bA2tJJsSFg7ZCsjBt1GRLiDzdqrM8po/vCebEme4QPhRKxb69KMCVL1Lljpu/3+9,6.752175650163303,35.53469594025339,10.840482691048422
1056900,bA2tJJsSFg7ZCsjBt1GRLiDzdqrM8po/vCebEme4QPhRKxb69KMCVL1Lljpu/3+9,6.903170601935795,40.15624996163148,14.712770238827028
1057200,bA2tJJsSFg7ZCsjBt1GRLiDzdqrM8po/vCebEme4QPhRKxb69KMCVL1Lljpu/3+9,6.318691283092432,34.676391445664024,10.779318549327026
1057500,bA2tJJsSFg7ZCsjBt1GRLiDzdqrM8po/vCebEme4QPhRKxb69KMCVL1Lljpu/3+9,6.3925706685818495,17.061557736766343,8.457726946097726
1057800,bA2tJJsSFg7ZCsjBt1GRLiDzdqrM8po/vCebEme4QPhRKxb69KMCVL1Lljpu/3+9,6.732905106049554,31.949729749254512,10.765904489318851
1058100,bA2tJJsSFg7ZCsjBt1GRLiDzdqrM8po/vCebEme4QPhRKxb69KMCVL1Lljpu/3+9,7.249099243661423,57.86687283554068,19.803130640116617
1058400,bA2tJJsSFg7ZCsjBt1GRLiDzdqrM8po/vCebEme4QPhRKxb69KMCVL1Lljpu/3+9,6.611449009896136,98.16911726591889,32.10285923454256
1058700,bA2tJJsSFg7ZCsjBt1GRLiDzdqrM8po/vCebEme4QPhRKxb69KMCVL1Lljpu/3+9,6.472713425707941,10.637139939228875,7.752268775622936
1059000,bA2tJJsSFg7ZCsjBt1GRLiDzdqrM8po/vCebEme4QPhRKxb69KMCVL1Lljpu/3+9,6.533393931701539,61.00999139044471,14.396427644498273
1059300,bA2tJJsSFg7ZCsjBt1GRLiDzdqrM8po/vCebEme4QPhRKxb69KMCVL1Lljpu/3+9,7.0521369996344765,45.68859687711839,18.19749035228931
1059600,bA2tJJsSFg7ZCsjBt1GRLiDzdqrM8po/vCebEme4QPhRKxb69KMCVL1Lljpu/3+9,12.184883503003302,19.808794841673055,14.604413656686388
1059900,bA2tJJsSFg7ZCsjBt1GRLiDzdqrM8po/vCebEme4QPhRKxb69KMCVL1Lljpu/3+9,6.574955317628646,54.32017993162463,16.0247587563262
1060200,bA2tJJsSFg7ZCsjBt1GRLiDzdqrM8po/vCebEme4QPhRKxb69KMCVL1Lljpu/3+9,6.645514605654249,36.48749651411241,11.650072513041282
1060500,bA2tJJsSFg7ZCsjBt1GRLiDzdqrM8po/vCebEme4QPhRKxb69KMCVL1Lljpu/3+9,6.441121007284221,42.06623417952781,14.154918278866166
1060800,bA2tJJsSFg7ZCsjBt1GRLiDzdqrM8po/vCebEme4QPhRKxb69KMCVL1Lljpu/3+9,6.5111530152557044,39.36338059709398,12.112584553774438
1061100,bA2tJJsSFg7ZCsjBt1GRLiDzdqrM8po/vCebEme4QPhRKxb69KMCVL1Lljpu/3+9,6.415695698588727,10.641085127767576,7.650281875144071
1061400,bA2tJJsSFg7ZCsjBt1GRLiDzdqrM8po/vCebEme4QPhRKxb69KMCVL1Lljpu/3+9,6.46157920567747,36.823353127963216,11.270723117998084
1061700,bA2tJJsSFg7ZCsjBt1GRLiDzdqrM8po/vCebEme4QPhRKxb69KMCVL1Lljpu/3+9,6.714652579286815,53.30050608155431,19.130946315595004
1062000,bA2tJJsSFg7ZCsjBt1GRLiDzdqrM8po/vCebEme4QPhRKxb69KMCVL1Lljpu/3+9,6.488494799463808,14.255388793308828,8.860707113124862
1062300,bA2tJJsSFg7ZCsjBt1GRLiDzdqrM8po/vCebEme4QPhRKxb69KMCVL1Lljpu/3+9,6.328485305619232,10.590068812199366,7.4326039037376015
1062600,bA2tJJsSFg7ZCsjBt1GRLiDzdqrM8po/vCebEme4QPhRKxb69KMCVL1Lljpu/3+9,6.434497095091651,64.22314385460984,14.050500300593423
1062900,bA2tJJsSFg7ZCsjBt1GRLiDzdqrM8po/vCebEme4QPhRKxb69KMCVL1Lljpu/3+9,6.2717701550425735,49.643321839665376,13.270921431950578
1063200,bA2tJJsSFg7ZCsjBt1GRLiDzdqrM8po/vCebEme4QPhRKxb69KMCVL1Lljpu/3+9,6.407792315078561,13.351819900739194,8.598294984804188
1063500,bA2tJJsSFg7ZCsjBt1GRLiDzdqrM8po/vCebEme4QPhRKxb69KMCVL1Lljpu/3+9,6.6659525443054735,54.702897279704025,13.282844387548003
1063800,bA2tJJsSFg7ZCsjBt1GRLiDzdqrM8po/vCebEme4QPhRKxb69KMCVL1Lljpu/3+9,6.392058208036062,34.043834843878805,11.521995829398415
1064100,bA2tJJsSFg7ZCsjBt1GRLiDzdqrM8po/vCebEme4QPhRKxb69KMCVL1Lljpu/3+9,6.674855806147874,49.58174483222735,13.98775461076604
1064400,bA2tJJsSFg7ZCsjBt1GRLiDzdqrM8po/vCebEme4QPhRKxb69KMCVL1Lljpu/3+9,6.08445063535559,37.00158320793876,11.671859033561311
1064700,bA2tJJsSFg7ZCsjBt1GRLiDzdqrM8po/vCebEme4QPhRKxb69KMCVL1Lljpu/3+9,6.489587246532581,10.633160602410802,7.593292607915891
1065000,bA2tJJsSFg7ZCsjBt1GRLiDzdqrM8po/vCebEme4QPhRKxb69KMCVL1Lljpu/3+9,6.547253918705652,30.19635199311788,11.319201750850787
1065300,bA2tJJsSFg7ZCsjBt1GRLiDzdqrM8po/vCebEme4QPhRKxb69KMCVL1Lljpu/3+9,6.250852358477928,50.53924334893927,15.42288758588104
1065600,bA2tJJsSFg7ZCsjBt1GRLiDzdqrM8po/vCebEme4QPhRKxb69KMCVL1Lljpu/3+9,6.411944373254968,14.194124923118244,8.741525212930542
1065900,bA2tJJsSFg7ZCsjBt1GRLiDzdqrM8po/vCebEme4QPhRKxb69KMCVL1Lljpu/3+9,6.78714358985334,10.98596393576918,7.743161478482023
1066200,bA2tJJsSFg7ZCsjBt1GRLiDzdqrM8po/vCebEme4QPhRKxb69KMCVL1Lljpu/3+9,6.52013823845123,59.790142958244765,14.073413744318874
1066500,bA2tJJsSFg7ZCsjBt1GRLiDzdqrM8po/vCebEme4QPhRKxb69KMCVL1Lljpu/3+9,6.347837651640416,57.3365881975857,13.428249684399995
1066800,bA2tJJsSFg7ZCsjBt1GRLiDzdqrM8po/vCebEme4QPhRKxb69KMCVL1Lljpu/3+9,6.389454229591278,13.204585319186894,8.494903801956742
1067100,bA2tJJsSFg7ZCsjBt1GRLiDzdqrM8po/vCebEme4QPhRKxb69KMCVL1Lljpu/3+9,6.560269804092326,48.74001524363954,13.222372870562443
1067400,bA2tJJsSFg7ZCsjBt1GRLiDzdqrM8po/vCebEme4QPhRKxb69KMCVL1Lljpu/3+9,6.755839701490562,37.5029829632554,11.359024052459088
1067700,bA2tJJsSFg7ZCsjBt1GRLiDzdqrM8po/vCebEme4QPhRKxb69KMCVL1Lljpu/3+9,6.276755683699502,59.62623726082403,13.279958060594293
1068000,bA2tJJsSFg7ZCsjBt1GRLiDzdqrM8po/vCebEme4QPhRKxb69KMCVL1Lljpu/3+9,6.676387702066989,36.51154144145813,12.399460746125628
1068300,bA2tJJsSFg7ZCsjBt1GRLiDzdqrM8po/vCebEme4QPhRKxb69KMCVL1Lljpu/3+9,6.788028284868446,10.56115006850698,7.737432577424066
1068600,bA2tJJsSFg7ZCsjBt1GRLiDzdqrM8po/vCebEme4QPhRKxb69KMCVL1Lljpu/3+9,6.798886145120264,37.96647715609911,11.466427636651234
1068900,bA2tJJsSFg7ZCsjBt1GRLiDzdqrM8po/vCebEme4QPhRKxb69KMCVL1Lljpu/3+9,6.976263844407217,60.92886338326328,19.153091625121768
1069200,bA2tJJsSFg7ZCsjBt1GRLiDzdqrM8po/vCebEme4QPhRKxb69KMCVL1Lljpu/3+9,6.411329096428486,15.396141054833413,8.817849566514846
1069500,bA2tJJsSFg7ZCsjBt1GRLiDzdqrM8po/vCebEme4QPhRKxb69KMCVL1Lljpu/3+9,6.577773808732708,10.295778022184944,7.533293609564952
1069800,bA2tJJsSFg7ZCsjBt1GRLiDzdqrM8po/vCebEme4QPhRKxb69KMCVL1Lljpu/3+9,6.641673749782528,63.66758958957206,14.123403713466873
1070100,bA2tJJsSFg7ZCsjBt1GRLiDzdqrM8po/vCebEme4QPhRKxb69KMCVL1Lljpu/3+9,6.693450482827702,63.61592339034884,13.324203043487884
1070400,bA2tJJsSFg7ZCsjBt1GRLiDzdqrM8po/vCebEme4QPhRKxb69KMCVL1Lljpu/3+9,6.638103796736664,14.498247959796496,8.63224552672595
1070700,bA2tJJsSFg7ZCsjBt1GRLiDzdqrM8po/vCebEme4QPhRKxb69KMCVL1Lljpu/3+9,6.520650274508072,45.003112639740365,13.522926860710044
1071000,bA2tJJsSFg7ZCsjBt1GRLiDzdqrM8po/vCebEme4QPhRKxb69KMCVL1Lljpu/3+9,6.341438095622657,37.49541017358798,11.378014424642137
1071300,bA2tJJsSFg7ZCsjBt1GRLiDzdqrM8po/vCebEme4QPhRKxb69KMCVL1Lljpu/3+9,6.495718583685367,64.04853669475246,13.349935253494452
1071600,bA2tJJsSFg7ZCsjBt1GRLiDzdqrM8po/vCebEme4QPhRKxb69KMCVL1Lljpu/3+9,6.980594429500382,36.06936371798183,12.353636871420653
1071900,bA2tJJsSFg7ZCsjBt1GRLiDzdqrM8po/vCebEme4QPhRKxb69KMCVL1Lljpu/3+9,6.5752252655621275,10.503960959430042,7.6245658663605775
1072200,bA2tJJsSFg7ZCsjBt1GRLiDzdqrM8po/vCebEme4QPhRKxb69KMCVL1Lljpu/3+9,6.508895689448328,27.72877877033661,11.206916260908654
1072500,bA2tJJsSFg7ZCsjBt1GRLiDzdqrM8po/vCebEme4QPhRKxb69KMCVL1Lljpu/3+9,6.720273202965828,63.39827737695413,18.92971587687313
1072800,bA2tJJsSFg7ZCsjBt1GRLiDzdqrM8po/vCebEme4QPhRKxb69KMCVL1Lljpu/3+9,6.3101884532259005,15.240737847832325,8.74850446083043
1073100,bA2tJJsSFg7ZCsjBt1GRLiDzdqrM8po/vCebEme4QPhRKxb69KMCVL1Lljpu/3+9,6.205941701464614,10.807130080733232,7.68193287690309
1073400,bA2tJJsSFg7ZCsjBt1GRLiDzdqrM8po/vCebEme4QPhRKxb69KMCVL1Lljpu/3+9,6.579318511748543,63.131129508681674,14.115141774048295
1073700,bA2tJJsSFg7ZCsjBt1GRLiDzdqrM8po/vCebEme4QPhRKxb69KMCVL1Lljpu/3+9,6.567914999399839,64.28466027775397,13.898217335636476
1074000,bA2tJJsSFg7ZCsjBt1GRLiDzdqrM8po/vCebEme4QPhRKxb69KMCVL1Lljpu/3+9,6.569308551131425,13.72574437584829,8.511060099318227
1074300,bA2tJJsSFg7ZCsjBt1GRLiDzdqrM8po/vCebEme4QPhRKxb69KMCVL1Lljpu/3+9,6.39168529493957,42.03487389032496,13.315933035085136
1074600,bA2tJJsSFg7ZCsjBt1GRLiDzdqrM8po/vCebEme4QPhRKxb69KMCVL1Lljpu/3+9,6.34938597463792,37.481884569026654,11.381673433087148
1074900,bA2tJJsSFg7ZCsjBt1GRLiDzdqrM8po/vCebEme4QPhRKxb69KMCVL1Lljpu/3+9,6.404148818408062,64.14626192702701,13.30622673715013
1075200,bA2tJJsSFg7ZCsjBt1GRLiDzdqrM8po/vCebEme4QPhRKxb69KMCVL1Lljpu/3+9,6.317716104301251,36.330228374313386,12.236477684113108
1075500,bA2tJJsSFg7ZCsjBt1GRLiDzdqrM8po/vCebEme4QPhRKxb69KMCVL1Lljpu/3+9,6.523691106114573,11.168859550055505,7.624832972146317
1075800,bA2tJJsSFg7ZCsjBt1GRLiDzdqrM8po/vCebEme4QPhRKxb69KMCVL1Lljpu/3+9,6.8069646113762,31.73107602773029,11.220556361804256
1076100,bA2tJJsSFg7ZCsjBt1GRLiDzdqrM8po/vCebEme4QPhRKxb69KMCVL1Lljpu/3+9,6.611638765269606,63.728014411515275,19.199171758032
1076400,bA2tJJsSFg7ZCsjBt1GRLiDzdqrM8po/vCebEme4QPhRKxb69KMCVL1Lljpu/3+9,6.703151793521048,13.329733308064773,8.47963363411117
1076700,bA2tJJsSFg7ZCsjBt1GRLiDzdqrM8po/vCebEme4QPhRKxb69KMCVL1Lljpu/3+9,6.34967437710664,11.298212886910465,7.518167535602298
1077000,bA2tJJsSFg7ZCsjBt1GRLiDzdqrM8po/vCebEme4QPhRKxb69KMCVL1Lljpu/3+9,6.224078987874323,52.25486413963482,14.140759772188298
1077300,bA2tJJsSFg7ZCsjBt1GRLiDzdqrM8po/vCebEme4QPhRKxb69KMCVL1Lljpu/3+9,6.556423786359486,58.0048226259004,13.442583831365807
1077600,bA2tJJsSFg7ZCsjBt1GRLiDzdqrM8po/vCebEme4QPhRKxb69KMCVL1Lljpu/3+9,6.482783747145244,13.353043312659665,8.478606614323473
1077900,bA2tJJsSFg7ZCsjBt1GRLiDzdqrM8po/vCebEme4QPhRKxb69KMCVL1Lljpu/3+9,6.554442062072379,32.90163220595387,10.621473013707078
1078200,bA2tJJsSFg7ZCsjBt1GRLiDzdqrM8po/vCebEme4QPhRKxb69KMCVL1Lljpu/3+9,6.7750679209711615,30.750608112041004,11.607269445586391
1078500,bA2tJJsSFg7ZCsjBt1GRLiDzdqrM8po/vCebEme4QPhRKxb69KMCVL1Lljpu/3+9,6.4881870072675545,56.50523972584025,13.420340286567551
1078800,bA2tJJsSFg7ZCsjBt1GRLiDzdqrM8po/vCebEme4QPhRKxb69KMCVL1Lljpu/3+9,6.485062702150247,38.234129506680745,12.239692624382096
1079100,bA2tJJsSFg7ZCsjBt1GRLiDzdqrM8po/vCebEme4QPhRKxb69KMCVL1Lljpu/3+9,6.513465955554564,11.669927731101929,7.6797318515284365
1079400,bA2tJJsSFg7ZCsjBt1GRLiDzdqrM8po/vCebEme4QPhRKxb69KMCVL1Lljpu/3+9,6.543045721536937,36.1632609131073,11.242405243829646
1079700,bA2tJJsSFg7ZCsjBt1GRLiDzdqrM8po/vCebEme4QPhRKxb69KMCVL1Lljpu/3+9,6.10578599720955,54.470133563831794,19.06093759707471
1080000,bA2tJJsSFg7ZCsjBt1GRLiDzdqrM8po/vCebEme4QPhRKxb69KMCVL1Lljpu/3+9,6.651097285400889,13.832712469900354,8.737750903202924
1080300,bA2tJJsSFg7ZCsjBt1GRLiDzdqrM8po/vCebEme4QPhRKxb69KMCVL1Lljpu/3+9,6.5166879931034,10.723866577412284,7.556930288300185
1080600,bA2tJJsSFg7ZCsjBt1GRLiDzdqrM8po/vCebEme4QPhRKxb69KMCVL1Lljpu/3+9,6.465574821939761,37.47930750006735,14.138516051121307
1080900,bA2tJJsSFg7ZCsjBt1GRLiDzdqrM8po/vCebEme4QPhRKxb69KMCVL1Lljpu/3+9,6.431781444228612,51.5310421867659,13.16392415898788
1081200,bA2tJJsSFg7ZCsjBt1GRLiDzdqrM8po/vCebEme4QPhRKxb69KMCVL1Lljpu/3+9,6.924304746210203,13.425282915682091,8.525849653546908
1081500,bA2tJJsSFg7ZCsjBt1GRLiDzdqrM8po/vCebEme4QPhRKxb69KMCVL1Lljpu/3+9,6.425624607975425,34.2138148166278,10.600236270655628
1081800,bA2tJJsSFg7ZCsjBt1GRLiDzdqrM8po/vCebEme4QPhRKxb69KMCVL1Lljpu/3+9,6.463483201376708,36.62289955903494,11.452329178381389
1082100,bA2tJJsSFg7ZCsjBt1GRLiDzdqrM8po/vCebEme4QPhRKxb69KMCVL1Lljpu/3+9,6.570848463273064,49.605061217501365,13.268421574560138
1082400,bA2tJJsSFg7ZCsjBt1GRLiDzdqrM8po/vCebEme4QPhRKxb69KMCVL1Lljpu/3+9,6.721267616330985,35.54627086980184,11.430291053354804
1082700,bA2tJJsSFg7ZCsjBt1GRLiDzdqrM8po/vCebEme4QPhRKxb69KMCVL1Lljpu/3+9,6.298475990151637,10.636929743298856,7.499371183752048
1083000,bA2tJJsSFg7ZCsjBt1GRLiDzdqrM8po/vCebEme4QPhRKxb69KMCVL1Lljpu/3+9,6.691912392876455,23.203148788451795,11.406458043724816
1083300,bA2tJJsSFg7ZCsjBt1GRLiDzdqrM8po/vCebEme4QPhRKxb69KMCVL1Lljpu/3+9,6.68254115820685,55.21154970694868,19.052774724498143
1083600,bA2tJJsSFg7ZCsjBt1GRLiDzdqrM8po/vCebEme4QPhRKxb69KMCVL1Lljpu/3+9,6.433117903197098,14.129042056433732,8.71575653884513
1083900,bA2tJJsSFg7ZCsjBt1GRLiDzdqrM8po/vCebEme4QPhRKxb69KMCVL1Lljpu/3+9,6.361009101434104,10.742031922540145,7.495590318337506
1084200,bA2tJJsSFg7ZCsjBt1GRLiDzdqrM8po/vCebEme4QPhRKxb69KMCVL1Lljpu/3+9,6.678384805225412,39.46267709899283,14.15195232526499
1084500,bA2tJJsSFg7ZCsjBt1GRLiDzdqrM8po/vCebEme4QPhRKxb69KMCVL1Lljpu/3+9,6.281015765281375,42.97705139081698,13.385536961365496
1084800,bA2tJJsSFg7ZCsjBt1GRLiDzdqrM8po/vCebEme4QPhRKxb69KMCVL1Lljpu/3+9,6.654319369135629,13.052251943692534,8.538938247983783
1085100,bA2tJJsSFg7ZCsjBt1GRLiDzdqrM8po/vCebEme4QPhRKxb69KMCVL1Lljpu/3+9,6.596165677671412,37.86332120635724,13.245204218423368
1085400,bA2tJJsSFg7ZCsjBt1GRLiDzdqrM8po/vCebEme4QPhRKxb69KMCVL1Lljpu/3+9,6.722761228602336,32.346928927160874,11.52611230675852
1085700,bA2tJJsSFg7ZCsjBt1GRLiDzdqrM8po/vCebEme4QPhRKxb69KMCVL1Lljpu/3+9,6.499788955766904,41.68841646930065,13.795926070486372
1086000,bA2tJJsSFg7ZCsjBt1GRLiDzdqrM8po/vCebEme4QPhRKxb69KMCVL1Lljpu/3+9,6.534472894955825,35.51064315869453,11.466106705642888
1086300,bA2tJJsSFg7ZCsjBt1GRLiDzdqrM8po/vCebEme4QPhRKxb69KMCVL1Lljpu/3+9,6.374634611760468,10.623368836104977,7.545176061566469
1086600,bA2tJJsSFg7ZCsjBt1GRLiDzdqrM8po/vCebEme4QPhRKxb69KMCVL1Lljpu/3+9,6.536317906704673,35.08658661562863,11.304685130162964
1086900,bA2tJJsSFg7ZCsjBt1GRLiDzdqrM8po/vCebEme4QPhRKxb69KMCVL1Lljpu/3+9,6.685142428223473,60.15904986308367,18.942443234245232
1087200,bA2tJJsSFg7ZCsjBt1GRLiDzdqrM8po/vCebEme4QPhRKxb69KMCVL1Lljpu/3+9,6.838845628002648,12.84436011545206,8.804943632040873
1087500,bA2tJJsSFg7ZCsjBt1GRLiDzdqrM8po/vCebEme4QPhRKxb69KMCVL1Lljpu/3+9,6.470602315329407,10.684841349962204,7.6550951002912
1087800,bA2tJJsSFg7ZCsjBt1GRLiDzdqrM8po/vCebEme4QPhRKxb69KMCVL1Lljpu/3+9,6.615816239786959,42.94355618362727,14.118829051998604
1088100,bA2tJJsSFg7ZCsjBt1GRLiDzdqrM8po/vCebEme4QPhRKxb69KMCVL1Lljpu/3+9,6.6279388037998155,39.676249339982654,13.469562784288518
1088400,bA2tJJsSFg7ZCsjBt1GRLiDzdqrM8po/vCebEme4QPhRKxb69KMCVL1Lljpu/3+9,6.862772144337907,13.120060343679482,8.481908637775328
1088700,bA2tJJsSFg7ZCsjBt1GRLiDzdqrM8po/vCebEme4QPhRKxb69KMCVL1Lljpu/3+9,6.894075388740483,48.97585724867117,17.09848839965408
1089000,bA2tJJsSFg7ZCsjBt1GRLiDzdqrM8po/vCebEme4QPhRKxb69KMCVL1Lljpu/3+9,12.706442623364811,32.774202866316536,17.602602718668837
1089300,bA2tJJsSFg7ZCsjBt1GRLiDzdqrM8po/vCebEme4QPhRKxb69KMCVL1Lljpu/3+9,8.052569298916286,43.38574097867479,17.480595034708557
1089600,bA2tJJsSFg7ZCsjBt1GRLiDzdqrM8po/vCebEme4QPhRKxb69KMCVL1Lljpu/3+9,6.571152110440129,27.9055768252433,11.64180513952748
1089900,bA2tJJsSFg7ZCsjBt1GRLiDzdqrM8po/vCebEme4QPhRKxb69KMCVL1Lljpu/3+9,6.396369038827551,12.647389962418629,8.277287973809221
1090200,bA2tJJsSFg7ZCsjBt1GRLiDzdqrM8po/vCebEme4QPhRKxb69KMCVL1Lljpu/3+9,6.655003749726103,41.206267391471805,15.080273161418273
1090500,bA2tJJsSFg7ZCsjBt1GRLiDzdqrM8po/vCebEme4QPhRKxb69KMCVL1Lljpu/3+9,6.841266036537332,63.74559410091389,19.74380643885647
1090800,bA2tJJsSFg7ZCsjBt1GRLiDzdqrM8po/vCebEme4QPhRKxb69KMCVL1Lljpu/3+9,6.605000141228631,13.121088846408268,8.895492114442973
1091100,bA2tJJsSFg7ZCsjBt1GRLiDzdqrM8po/vCebEme4QPhRKxb69KMCVL1Lljpu/3+9,6.347190169378044,11.163173911226115,7.672236383343795
1091400,bA2tJJsSFg7ZCsjBt1GRLiDzdqrM8po/vCebEme4QPhRKxb69KMCVL1Lljpu/3+9,6.257322076049793,52.341818075504925,14.387586659151976
1091700,bA2tJJsSFg7ZCsjBt1GRLiDzdqrM8po/vCebEme4QPhRKxb69KMCVL1Lljpu/3+9,6.604170979392148,45.6176082470692,13.810576996779607
1092000,bA2tJJsSFg7ZCsjBt1GRLiDzdqrM8po/vCebEme4QPhRKxb69KMCVL1Lljpu/3+9,6.375828887635699,13.07739764496886,8.580639626448884
1092300,bA2tJJsSFg7ZCsjBt1GRLiDzdqrM8po/vCebEme4QPhRKxb69KMCVL1Lljpu/3+9,6.850134729515389,49.135753096214856,14.604791545108652
1092600,bA2tJJsSFg7ZCsjBt1GRLiDzdqrM8po/vCebEme4QPhRKxb69KMCVL1Lljpu/3+9,6.739291946064073,29.087801890167142,13.10638867773959
1092900,bA2tJJsSFg7ZCsjBt1GRLiDzdqrM8po/vCebEme4QPhRKxb69KMCVL1Lljpu/3+9,6.819187713159398,52.06397074160606,13.853037532457536
1093200,bA2tJJsSFg7ZCsjBt1GRLiDzdqrM8po/vCebEme4QPhRKxb69KMCVL1Lljpu/3+9,6.735212161239184,26.05093542446331,11.646364020288196
1093500,bA2tJJsSFg7ZCsjBt1GRLiDzdqrM8po/vCebEme4QPhRKxb69KMCVL1Lljpu/3+9,6.340830344063804,8.305222349948204,7.394524565867437
1093800,bA2tJJsSFg7ZCsjBt1GRLiDzdqrM8po/vCebEme4QPhRKxb69KMCVL1Lljpu/3+9,6.776403302694448,26.884848053545237,11.242851042540211
1094100,bA2tJJsSFg7ZCsjBt1GRLiDzdqrM8po/vCebEme4QPhRKxb69KMCVL1Lljpu/3+9,6.160764558225018,70.11911371603587,19.1196861479058
1094400,bA2tJJsSFg7ZCsjBt1GRLiDzdqrM8po/vCebEme4QPhRKxb69KMCVL1Lljpu/3+9,6.009736835228625,13.015553902823983,8.626692953894974
1094700,bA2tJJsSFg7ZCsjBt1GRLiDzdqrM8po/vCebEme4QPhRKxb69KMCVL1Lljpu/3+9,6.686674916355376,10.506709269126048,7.606527989416087
1095000,bA2tJJsSFg7ZCsjBt1GRLiDzdqrM8po/vCebEme4QPhRKxb69KMCVL1Lljpu/3+9,6.292803543548995,43.89473756695704,14.016449552696528
1095300,bA2tJJsSFg7ZCsjBt1GRLiDzdqrM8po/vCebEme4QPhRKxb69KMCVL1Lljpu/3+9,6.4600461060094965,54.21079697664482,13.277309597221064
1095600,bA2tJJsSFg7ZCsjBt1GRLiDzdqrM8po/vCebEme4QPhRKxb69KMCVL1Lljpu/3+9,6.27147824783972,12.794614504970427,8.421877059189734
1095900,bA2tJJsSFg7ZCsjBt1GRLiDzdqrM8po/vCebEme4QPhRKxb69KMCVL1Lljpu/3+9,6.554735420605874,47.951990949981045,13.267905292398
1096200,bA2tJJsSFg7ZCsjBt1GRLiDzdqrM8po/vCebEme4QPhRKxb69KMCVL1Lljpu/3+9,6.238738556372873,35.90170874426619,11.382186627771691
1096500,bA2tJJsSFg7ZCsjBt1GRLiDzdqrM8po/vCebEme4QPhRKxb69KMCVL1Lljpu/3+9,6.834327664520985,54.85232359051125,13.394542276844232
1096800,bA2tJJsSFg7ZCsjBt1GRLiDzdqrM8po/vCebEme4QPhRKxb69KMCVL1Lljpu/3+9,6.8554693018552415,21.8596300162864,11.503032421705976
1097100,bA2tJJsSFg7ZCsjBt1GRLiDzdqrM8po/vCebEme4QPhRKxb69KMCVL1Lljpu/3+9,6.27157752846568,11.953661195120665,7.689910032480189
1097400,bA2tJJsSFg7ZCsjBt1GRLiDzdqrM8po/vCebEme4QPhRKxb69KMCVL1Lljpu/3+9,6.661958587366354,35.53224834141775,11.57661752297777
1097700,bA2tJJsSFg7ZCsjBt1GRLiDzdqrM8po/vCebEme4QPhRKxb69KMCVL1Lljpu/3+9,6.674245689212289,72.64829784090125,19.223699384346983
1098000,bA2tJJsSFg7ZCsjBt1GRLiDzdqrM8po/vCebEme4QPhRKxb69KMCVL1Lljpu/3+9,6.69261609734294,13.355457447967185,8.798270709947925
1098300,bA2tJJsSFg7ZCsjBt1GRLiDzdqrM8po/vCebEme4QPhRKxb69KMCVL1Lljpu/3+9,6.315180558673246,12.078381558911362,7.579832470101168
1098600,bA2tJJsSFg7ZCsjBt1GRLiDzdqrM8po/vCebEme4QPhRKxb69KMCVL1Lljpu/3+9,6.620768388016425,52.573210238586455,14.043966076052172
1098900,bA2tJJsSFg7ZCsjBt1GRLiDzdqrM8po/vCebEme4QPhRKxb69KMCVL1Lljpu/3+9,6.607008346938232,63.19112439607333,13.46210187928761
1099200,bA2tJJsSFg7ZCsjBt1GRLiDzdqrM8po/vCebEme4QPhRKxb69KMCVL1Lljpu/3+9,6.617061117172068,13.296125171331344,8.485404137769123
1099500,bA2tJJsSFg7ZCsjBt1GRLiDzdqrM8po/vCebEme4QPhRKxb69KMCVL1Lljpu/3+9,6.304084399212213,51.495829486364045,13.353401929190753
1099800,bA2tJJsSFg7ZCsjBt1GRLiDzdqrM8po/vCebEme4QPhRKxb69KMCVL1Lljpu/3+9,6.67008241707856,25.305450023185248,11.4488644187971
1100100,bA2tJJsSFg7ZCsjBt1GRLiDzdqrM8po/vCebEme4QPhRKxb69KMCVL1Lljpu/3+9,6.273269572913867,65.77840918126438,13.615545470021788
1100400,bA2tJJsSFg7ZCsjBt1GRLiDzdqrM8po/vCebEme4QPhRKxb69KMCVL1Lljpu/3+9,6.725640492430078,26.26471387406556,11.57098122310865
1100700,bA2tJJsSFg7ZCsjBt1GRLiDzdqrM8po/vCebEme4QPhRKxb69KMCVL1Lljpu/3+9,6.546393538041151,11.910117512265922,7.84795058869417
1101000,bA2tJJsSFg7ZCsjBt1GRLiDzdqrM8po/vCebEme4QPhRKxb69KMCVL1Lljpu/3+9,6.609951673138244,36.19025965158936,11.29402978011744
1101300,bA2tJJsSFg7ZCsjBt1GRLiDzdqrM8po/vCebEme4QPhRKxb69KMCVL1Lljpu/3+9,6.846823282006604,72.93661019502275,19.108405744192485
1101600,bA2tJJsSFg7ZCsjBt1GRLiDzdqrM8po/vCebEme4QPhRKxb69KMCVL1Lljpu/3+9,6.5930374475565126,13.009997114714336,8.611504993608065
1101900,bA2tJJsSFg7ZCsjBt1GRLiDzdqrM8po/vCebEme4QPhRKxb69KMCVL1Lljpu/3+9,6.87479794737127,11.728878595004748,8.082157246133598
1102200,bA2tJJsSFg7ZCsjBt1GRLiDzdqrM8po/vCebEme4QPhRKxb69KMCVL1Lljpu/3+9,6.314888659407832,34.357187021931296,13.69188571800365
1102500,bA2tJJsSFg7ZCsjBt1GRLiDzdqrM8po/vCebEme4QPhRKxb69KMCVL1Lljpu/3+9,6.56950197944772,64.65856259332621,13.812276063167037
1102800,bA2tJJsSFg7ZCsjBt1GRLiDzdqrM8po/vCebEme4QPhRKxb69KMCVL1Lljpu/3+9,6.8186239527575205,13.008613577627465,8.140120589943661
1103100,bA2tJJsSFg7ZCsjBt1GRLiDzdqrM8po/vCebEme4QPhRKxb69KMCVL1Lljpu/3+9,6.286250115137876,53.855433561321874,13.644224498566007
1103400,bA2tJJsSFg7ZCsjBt1GRLiDzdqrM8po/vCebEme4QPhRKxb69KMCVL1Lljpu/3+9,6.649285617192373,35.953292669090544,11.16526965212712
1103700,bA2tJJsSFg7ZCsjBt1GRLiDzdqrM8po/vCebEme4QPhRKxb69KMCVL1Lljpu/3+9,6.681361859275192,64.44868890283067,13.801768126982052
1104000,bA2tJJsSFg7ZCsjBt1GRLiDzdqrM8po/vCebEme4QPhRKxb69KMCVL1Lljpu/3+9,6.9300662298659965,28.37021934270172,11.161039594872184
1104300,bA2tJJsSFg7ZCsjBt1GRLiDzdqrM8po/vCebEme4QPhRKxb69KMCVL1Lljpu/3+9,6.533770540975398,11.49001357468997,8.011173401475116
1104600,bA2tJJsSFg7ZCsjBt1GRLiDzdqrM8po/vCebEme4QPhRKxb69KMCVL1Lljpu/3+9,6.6088841989178935,27.367874674540417,11.115792598180787
1104900,bA2tJJsSFg7ZCsjBt1GRLiDzdqrM8po/vCebEme4QPhRKxb69KMCVL1Lljpu/3+9,6.366674113286441,64.61472204957762,19.586597417797044
1105200,bA2tJJsSFg7ZCsjBt1GRLiDzdqrM8po/vCebEme4QPhRKxb69KMCVL1Lljpu/3+9,6.655878770650074,13.091210666409616,8.446959295686002
1105500,bA2tJJsSFg7ZCsjBt1GRLiDzdqrM8po/vCebEme4QPhRKxb69KMCVL1Lljpu/3+9,6.528468410127839,11.221937870599657,7.98105444555949
1105800,bA2tJJsSFg7ZCsjBt1GRLiDzdqrM8po/vCebEme4QPhRKxb69KMCVL1Lljpu/3+9,6.511197936815802,60.2761555598755,14.621531279586003
1106100,bA2tJJsSFg7ZCsjBt1GRLiDzdqrM8po/vCebEme4QPhRKxb69KMCVL1Lljpu/3+9,6.692632919876794,52.81864852955132,13.823511169093315
1106400,bA2tJJsSFg7ZCsjBt1GRLiDzdqrM8po/vCebEme4QPhRKxb69KMCVL1Lljpu/3+9,6.427402830909569,13.18553959564886,8.238301762675986
1106700,bA2tJJsSFg7ZCsjBt1GRLiDzdqrM8po/vCebEme4QPhRKxb69KMCVL1Lljpu/3+9,6.703841001108718,58.92798590334371,13.650532284247715
1107000,bA2tJJsSFg7ZCsjBt1GRLiDzdqrM8po/vCebEme4QPhRKxb69KMCVL1Lljpu/3+9,6.1697695413247855,38.62266075621504,11.414822960758151
1107300,bA2tJJsSFg7ZCsjBt1GRLiDzdqrM8po/vCebEme4QPhRKxb69KMCVL1Lljpu/3+9,6.627954537211672,50.63841017651267,13.57723834997538
1107600,bA2tJJsSFg7ZCsjBt1GRLiDzdqrM8po/vCebEme4QPhRKxb69KMCVL1Lljpu/3+9,6.551904954739678,39.025961448964665,12.0561067435404
1107900,bA2tJJsSFg7ZCsjBt1GRLiDzdqrM8po/vCebEme4QPhRKxb69KMCVL1Lljpu/3+9,6.495088554407061,11.567772241287123,8.047188201963621
1108200,bA2tJJsSFg7ZCsjBt1GRLiDzdqrM8po/vCebEme4QPhRKxb69KMCVL1Lljpu/3+9,6.338520110042431,36.130137510042886,10.910632379939948
1108500,bA2tJJsSFg7ZCsjBt1GRLiDzdqrM8po/vCebEme4QPhRKxb69KMCVL1Lljpu/3+9,6.387510516400006,73.92798136594197,19.094631698076725
1108800,bA2tJJsSFg7ZCsjBt1GRLiDzdqrM8po/vCebEme4QPhRKxb69KMCVL1Lljpu/3+9,6.335463177912525,13.164491058474658,8.392738625808828
1109100,bA2tJJsSFg7ZCsjBt1GRLiDzdqrM8po/vCebEme4QPhRKxb69KMCVL1Lljpu/3+9,6.503384305243763,11.117362162335718,7.736275408021832
1109400,bA2tJJsSFg7ZCsjBt1GRLiDzdqrM8po/vCebEme4QPhRKxb69KMCVL1Lljpu/3+9,6.369942268746726,39.2586265979398,13.866610597854532
1109700,bA2tJJsSFg7ZCsjBt1GRLiDzdqrM8po/vCebEme4QPhRKxb69KMCVL1Lljpu/3+9,6.706600885820366,48.831786951225595,13.603968076005147
1110000,bA2tJJsSFg7ZCsjBt1GRLiDzdqrM8po/vCebEme4QPhRKxb69KMCVL1Lljpu/3+9,6.34903807710625,13.197310659135606,8.416537410046457
1110300,bA2tJJsSFg7ZCsjBt1GRLiDzdqrM8po/vCebEme4QPhRKxb69KMCVL1Lljpu/3+9,6.66246417133357,59.9080278408666,13.46749761917524
1110600,bA2tJJsSFg7ZCsjBt1GRLiDzdqrM8po/vCebEme4QPhRKxb69KMCVL1Lljpu/3+9,6.039369094918154,36.1450031027377,11.187661854345263
1110900,bA2tJJsSFg7ZCsjBt1GRLiDzdqrM8po/vCebEme4QPhRKxb69KMCVL1Lljpu/3+9,6.597387613546306,49.07205799968743,13.366904567163711
1111200,bA2tJJsSFg7ZCsjBt1GRLiDzdqrM8po/vCebEme4QPhRKxb69KMCVL1Lljpu/3+9,6.35316596930052,33.97961653488072,11.25810616494617
1111500,bA2tJJsSFg7ZCsjBt1GRLiDzdqrM8po/vCebEme4QPhRKxb69KMCVL1Lljpu/3+9,6.659707627836601,13.159547799531852,8.57434794330593
1111800,bA2tJJsSFg7ZCsjBt1GRLiDzdqrM8po/vCebEme4QPhRKxb69KMCVL1Lljpu/3+9,6.465492058066617,33.25465059875416,11.118521141035844
1112100,bA2tJJsSFg7ZCsjBt1GRLiDzdqrM8po/vCebEme4QPhRKxb69KMCVL1Lljpu/3+9,6.416943393600345,76.4356643499988,19.17946124318831
1112400,bA2tJJsSFg7ZCsjBt1GRLiDzdqrM8po/vCebEme4QPhRKxb69KMCVL1Lljpu/3+9,6.707639195828372,13.034962908192316,8.747019696102406
1112700,bA2tJJsSFg7ZCsjBt1GRLiDzdqrM8po/vCebEme4QPhRKxb69KMCVL1Lljpu/3+9,6.48837561428198,11.128792528518044,7.7240453134424145
1113000,bA2tJJsSFg7ZCsjBt1GRLiDzdqrM8po/vCebEme4QPhRKxb69KMCVL1Lljpu/3+9,6.721235307330852,39.48485287484928,14.066717807073026
1113300,bA2tJJsSFg7ZCsjBt1GRLiDzdqrM8po/vCebEme4QPhRKxb69KMCVL1Lljpu/3+9,6.617906049594545,46.28117168948989,13.671171218908468
1113600,bA2tJJsSFg7ZCsjBt1GRLiDzdqrM8po/vCebEme4QPhRKxb69KMCVL1Lljpu/3+9,6.647347900938746,12.864955168167269,8.405109947607825
1113900,bA2tJJsSFg7ZCsjBt1GRLiDzdqrM8po/vCebEme4QPhRKxb69KMCVL1Lljpu/3+9,6.796291675213715,60.359737081993785,13.435373949748657
1114200,bA2tJJsSFg7ZCsjBt1GRLiDzdqrM8po/vCebEme4QPhRKxb69KMCVL1Lljpu/3+9,6.807330785600904,37.96470025668948,11.907766367331751
1114500,bA2tJJsSFg7ZCsjBt1GRLiDzdqrM8po/vCebEme4QPhRKxb69KMCVL1Lljpu/3+9,6.627094315406788,43.17443932423684,13.464514940628757
1114800,bA2tJJsSFg7ZCsjBt1GRLiDzdqrM8po/vCebEme4QPhRKxb69KMCVL1Lljpu/3+9,6.559633030810073,34.3483369988301,11.456518140182869
1115100,bA2tJJsSFg7ZCsjBt1GRLiDzdqrM8po/vCebEme4QPhRKxb69KMCVL1Lljpu/3+9,6.680000509153641,16.791328141004822,8.698183563086896
1115400,bA2tJJsSFg7ZCsjBt1GRLiDzdqrM8po/vCebEme4QPhRKxb69KMCVL1Lljpu/3+9,6.630996475324899,37.30755120316638,11.220085673456058
1115700,bA2tJJsSFg7ZCsjBt1GRLiDzdqrM8po/vCebEme4QPhRKxb69KMCVL1Lljpu/3+9,6.736508082265152,82.69768077148099,19.119013840351357
1116000,bA2tJJsSFg7ZCsjBt1GRLiDzdqrM8po/vCebEme4QPhRKxb69KMCVL1Lljpu/3+9,6.829872058045999,13.107426599905857,8.64367082055815
1116300,bA2tJJsSFg7ZCsjBt1GRLiDzdqrM8po/vCebEme4QPhRKxb69KMCVL1Lljpu/3+9,6.853453235055078,11.170850730246878,7.77434510474769
1116600,bA2tJJsSFg7ZCsjBt1GRLiDzdqrM8po/vCebEme4QPhRKxb69KMCVL1Lljpu/3+9,6.812463607553007,63.09742994101832,14.209402507649298
1116900,bA2tJJsSFg7ZCsjBt1GRLiDzdqrM8po/vCebEme4QPhRKxb69KMCVL1Lljpu/3+9,7.037385124120971,40.85189836913816,13.691671391012587
1117200,bA2tJJsSFg7ZCsjBt1GRLiDzdqrM8po/vCebEme4QPhRKxb69KMCVL1Lljpu/3+9,6.300972659815063,13.772315998225256,8.480416029918697
1117500,bA2tJJsSFg7ZCsjBt1GRLiDzdqrM8po/vCebEme4QPhRKxb69KMCVL1Lljpu/3+9,6.963216372224178,60.87386834655385,13.654628223772653
1117800,bA2tJJsSFg7ZCsjBt1GRLiDzdqrM8po/vCebEme4QPhRKxb69KMCVL1Lljpu/3+9,6.537011511324688,31.628048317207405,11.71130470752834
1118100,bA2tJJsSFg7ZCsjBt1GRLiDzdqrM8po/vCebEme4QPhRKxb69KMCVL1Lljpu/3+9,6.93697455274489,46.28665332159208,16.42820294990207
1118400,bA2tJJsSFg7ZCsjBt1GRLiDzdqrM8po/vCebEme4QPhRKxb69KMCVL1Lljpu/3+9,12.990197615436818,41.976656775082056,18.06293738231429
1118700,bA2tJJsSFg7ZCsjBt1GRLiDzdqrM8po/vCebEme4QPhRKxb69KMCVL1Lljpu/3+9,7.344061190548548,17.51079482124022,12.974073853019322
1119000,bA2tJJsSFg7ZCsjBt1GRLiDzdqrM8po/vCebEme4QPhRKxb69KMCVL1Lljpu/3+9,6.562654657174388,36.726888345209886,11.3036233984008
1119300,bA2tJJsSFg7ZCsjBt1GRLiDzdqrM8po/vCebEme4QPhRKxb69KMCVL1Lljpu/3+9,6.826162970606284,90.10625224072145,19.61451574139795
1119600,bA2tJJsSFg7ZCsjBt1GRLiDzdqrM8po/vCebEme4QPhRKxb69KMCVL1Lljpu/3+9,6.694164175472066,13.105206682897272,8.811961274283869
1119900,bA2tJJsSFg7ZCsjBt1GRLiDzdqrM8po/vCebEme4QPhRKxb69KMCVL1Lljpu/3+9,6.661373156446137,10.955611489319065,7.817286389773662
1120200,bA2tJJsSFg7ZCsjBt1GRLiDzdqrM8po/vCebEme4QPhRKxb69KMCVL1Lljpu/3+9,6.717488806127956,47.1201853919252,14.215661047686394
1120500,bA2tJJsSFg7ZCsjBt1GRLiDzdqrM8po/vCebEme4QPhRKxb69KMCVL1Lljpu/3+9,6.685398857363682,37.19645960142661,13.70233038774508
1120800,bA2tJJsSFg7ZCsjBt1GRLiDzdqrM8po/vCebEme4QPhRKxb69KMCVL1Lljpu/3+9,6.241520560422638,14.942882381320494,8.524656806446702
1121100,bA2tJJsSFg7ZCsjBt1GRLiDzdqrM8po/vCebEme4QPhRKxb69KMCVL1Lljpu/3+9,6.637605996379482,63.54440002068164,13.78068487630817
1121400,bA2tJJsSFg7ZCsjBt1GRLiDzdqrM8po/vCebEme4QPhRKxb69KMCVL1Lljpu/3+9,6.35655437338072,25.952374037796044,11.462011391175086
1121700,bA2tJJsSFg7ZCsjBt1GRLiDzdqrM8po/vCebEme4QPhRKxb69KMCVL1Lljpu/3+9,6.6339442567903,37.32603079052754,13.588802272624047
1122000,bA2tJJsSFg7ZCsjBt1GRLiDzdqrM8po/vCebEme4QPhRKxb69KMCVL1Lljpu/3+9,6.455412342858556,35.59991955400788,11.896576062891093
1122300,bA2tJJsSFg7ZCsjBt1GRLiDzdqrM8po/vCebEme4QPhRKxb69KMCVL1Lljpu/3+9,6.735633439360815,11.125378174323986,8.55935517102555
1122600,bA2tJJsSFg7ZCsjBt1GRLiDzdqrM8po/vCebEme4QPhRKxb69KMCVL1Lljpu/3+9,6.586820918339313,36.84666257915874,11.357673535046072
1122900,bA2tJJsSFg7ZCsjBt1GRLiDzdqrM8po/vCebEme4QPhRKxb69KMCVL1Lljpu/3+9,6.768277051051947,87.23174618521804,19.22460836922964
1123200,bA2tJJsSFg7ZCsjBt1GRLiDzdqrM8po/vCebEme4QPhRKxb69KMCVL1Lljpu/3+9,6.561747375045936,14.47424501442778,8.67991532786972
1123500,bA2tJJsSFg7ZCsjBt1GRLiDzdqrM8po/vCebEme4QPhRKxb69KMCVL1Lljpu/3+9,6.77516137422326,10.575912986819716,7.867111191699266
1123800,bA2tJJsSFg7ZCsjBt1GRLiDzdqrM8po/vCebEme4QPhRKxb69KMCVL1Lljpu/3+9,6.47744921529273,38.32232743586895,14.122622695418425
1124100,bA2tJJsSFg7ZCsjBt1GRLiDzdqrM8po/vCebEme4QPhRKxb69KMCVL1Lljpu/3+9,6.753834606040714,38.58066551395737,13.560076790427177
1124400,bA2tJJsSFg7ZCsjBt1GRLiDzdqrM8po/vCebEme4QPhRKxb69KMCVL1Lljpu/3+9,6.588272224398676,15.563404762481886,8.619378947281445
1124700,bA2tJJsSFg7ZCsjBt1GRLiDzdqrM8po/vCebEme4QPhRKxb69KMCVL1Lljpu/3+9,6.410372898647685,60.457991158503525,13.725803248573053
1125000,bA2tJJsSFg7ZCsjBt1GRLiDzdqrM8po/vCebEme4QPhRKxb69KMCVL1Lljpu/3+9,6.645239129794848,36.741180243548406,12.6183277995783
1125300,bA2tJJsSFg7ZCsjBt1GRLiDzdqrM8po/vCebEme4QPhRKxb69KMCVL1Lljpu/3+9,6.699409566559978,40.042010511732165,13.906696156900168
1125600,bA2tJJsSFg7ZCsjBt1GRLiDzdqrM8po/vCebEme4QPhRKxb69KMCVL1Lljpu/3+9,6.735385867655509,35.33771399639729,12.593648978858624
1125900,bA2tJJsSFg7ZCsjBt1GRLiDzdqrM8po/vCebEme4QPhRKxb69KMCVL1Lljpu/3+9,6.78465800634401,12.29881222086972,8.895259541003094
1126200,bA2tJJsSFg7ZCsjBt1GRLiDzdqrM8po/vCebEme4QPhRKxb69KMCVL1Lljpu/3+9,6.636588385855873,37.03383531912363,11.14641936780374
1126500,bA2tJJsSFg7ZCsjBt1GRLiDzdqrM8po/vCebEme4QPhRKxb69KMCVL1Lljpu/3+9,6.764902448941577,88.19137608222145,19.390991692971458
1126800,bA2tJJsSFg7ZCsjBt1GRLiDzdqrM8po/vCebEme4QPhRKxb69KMCVL1Lljpu/3+9,6.437864366000454,14.826290217745408,8.734004653400785
1127100,bA2tJJsSFg7ZCsjBt1GRLiDzdqrM8po/vCebEme4QPhRKxb69KMCVL1Lljpu/3+9,6.208243559564723,10.36798734259326,7.915932076262982
1127400,bA2tJJsSFg7ZCsjBt1GRLiDzdqrM8po/vCebEme4QPhRKxb69KMCVL1Lljpu/3+9,6.0620939555454125,38.9655279064569,14.07807703100956
1127700,bA2tJJsSFg7ZCsjBt1GRLiDzdqrM8po/vCebEme4QPhRKxb69KMCVL1Lljpu/3+9,6.545497912689441,45.3451304941199,13.629571860307802
1128000,bA2tJJsSFg7ZCsjBt1GRLiDzdqrM8po/vCebEme4QPhRKxb69KMCVL1Lljpu/3+9,6.32122692186293,15.1830832005075,8.392812632626086
1128300,bA2tJJsSFg7ZCsjBt1GRLiDzdqrM8po/vCebEme4QPhRKxb69KMCVL1Lljpu/3+9,6.4900986349978735,60.83799603826285,13.575801391187756
1128600,bA2tJJsSFg7ZCsjBt1GRLiDzdqrM8po/vCebEme4QPhRKxb69KMCVL1Lljpu/3+9,6.759791691099092,37.29831322807772,12.481008398529667
1128900,bA2tJJsSFg7ZCsjBt1GRLiDzdqrM8po/vCebEme4QPhRKxb69KMCVL1Lljpu/3+9,6.733565883956544,45.337508999634814,13.59537168361632
1129200,bA2tJJsSFg7ZCsjBt1GRLiDzdqrM8po/vCebEme4QPhRKxb69KMCVL1Lljpu/3+9,6.85853023706156,39.934087993881754,11.529091081123916
1129500,bA2tJJsSFg7ZCsjBt1GRLiDzdqrM8po/vCebEme4QPhRKxb69KMCVL1Lljpu/3+9,6.782048708518676,13.098437163908924,8.584492406251567
1129800,bA2tJJsSFg7ZCsjBt1GRLiDzdqrM8po/vCebEme4QPhRKxb69KMCVL1Lljpu/3+9,6.5621729562539,36.224194898820336,11.848894429608404
1130100,bA2tJJsSFg7ZCsjBt1GRLiDzdqrM8po/vCebEme4QPhRKxb69KMCVL1Lljpu/3+9,6.618519419136972,87.62437523098802,19.06965083532886
1130400,bA2tJJsSFg7ZCsjBt1GRLiDzdqrM8po/vCebEme4QPhRKxb69KMCVL1Lljpu/3+9,6.6051932781723455,13.891271111262473,8.731319346206972
1130700,bA2tJJsSFg7ZCsjBt1GRLiDzdqrM8po/vCebEme4QPhRKxb69KMCVL1Lljpu/3+9,6.329408365597185,10.983544325272485,7.704342389692954
1131000,bA2tJJsSFg7ZCsjBt1GRLiDzdqrM8po/vCebEme4QPhRKxb69KMCVL1Lljpu/3+9,6.577865696344065,40.10809458501112,13.949984944827245
1131300,bA2tJJsSFg7ZCsjBt1GRLiDzdqrM8po/vCebEme4QPhRKxb69KMCVL1Lljpu/3+9,6.610249647220331,55.861048138586014,13.448471731940154
1131600,bA2tJJsSFg7ZCsjBt1GRLiDzdqrM8po/vCebEme4QPhRKxb69KMCVL1Lljpu/3+9,6.341145169966032,14.092140554583889,8.448880262290833
1131900,bA2tJJsSFg7ZCsjBt1GRLiDzdqrM8po/vCebEme4QPhRKxb69KMCVL1Lljpu/3+9,6.807801910305062,59.81487134142274,13.39953950465812
1132200,bA2tJJsSFg7ZCsjBt1GRLiDzdqrM8po/vCebEme4QPhRKxb69KMCVL1Lljpu/3+9,6.462590748981605,27.34363968383476,11.335218383379674
1132500,bA2tJJsSFg7ZCsjBt1GRLiDzdqrM8po/vCebEme4QPhRKxb69KMCVL1Lljpu/3+9,6.915652328283668,55.65464443333181,13.432224066520993
1132800,bA2tJJsSFg7ZCsjBt1GRLiDzdqrM8po/vCebEme4QPhRKxb69KMCVL1Lljpu/3+9,6.614539076909416,39.875110337782,11.736131159234786
1133100,bA2tJJsSFg7ZCsjBt1GRLiDzdqrM8po/vCebEme4QPhRKxb69KMCVL1Lljpu/3+9,6.641861619601281,9.248220708136218,7.752055423121738
1133400,bA2tJJsSFg7ZCsjBt1GRLiDzdqrM8po/vCebEme4QPhRKxb69KMCVL1Lljpu/3+9,6.201786063415516,36.46219410833091,12.543601107456768
1133700,bA2tJJsSFg7ZCsjBt1GRLiDzdqrM8po/vCebEme4QPhRKxb69KMCVL1Lljpu/3+9,7.1866293004551824,97.96992081681043,25.66521199869244
1134000,bA2tJJsSFg7ZCsjBt1GRLiDzdqrM8po/vCebEme4QPhRKxb69KMCVL1Lljpu/3+9,6.5164530719180025,98.10773456727618,26.433280451867976
1134300,bA2tJJsSFg7ZCsjBt1GRLiDzdqrM8po/vCebEme4QPhRKxb69KMCVL1Lljpu/3+9,6.718661713381112,10.449661315372508,7.923635600232309
1134600,bA2tJJsSFg7ZCsjBt1GRLiDzdqrM8po/vCebEme4QPhRKxb69KMCVL1Lljpu/3+9,6.705523470222961,41.3876307539644,12.135796661840304
1134900,bA2tJJsSFg7ZCsjBt1GRLiDzdqrM8po/vCebEme4QPhRKxb69KMCVL1Lljpu/3+9,6.8061773794140485,62.95524533121791,16.026424580996753
1135200,bA2tJJsSFg7ZCsjBt1GRLiDzdqrM8po/vCebEme4QPhRKxb69KMCVL1Lljpu/3+9,6.471256646928334,13.792182003624974,8.42733914206446
1135500,bA2tJJsSFg7ZCsjBt1GRLiDzdqrM8po/vCebEme4QPhRKxb69KMCVL1Lljpu/3+9,6.939142469195412,61.00539118046851,13.79465589709832
1135800,bA2tJJsSFg7ZCsjBt1GRLiDzdqrM8po/vCebEme4QPhRKxb69KMCVL1Lljpu/3+9,6.539491592783578,34.04732898847848,11.446791710034804
1136100,bA2tJJsSFg7ZCsjBt1GRLiDzdqrM8po/vCebEme4QPhRKxb69KMCVL1Lljpu/3+9,6.25735997702881,63.622353933204,13.517606166849824
1136400,bA2tJJsSFg7ZCsjBt1GRLiDzdqrM8po/vCebEme4QPhRKxb69KMCVL1Lljpu/3+9,6.7004456203788685,39.83685738828474,11.347447939700531
1136700,bA2tJJsSFg7ZCsjBt1GRLiDzdqrM8po/vCebEme4QPhRKxb69KMCVL1Lljpu/3+9,6.648542962892854,10.166098937201436,7.753980389142407
1137000,bA2tJJsSFg7ZCsjBt1GRLiDzdqrM8po/vCebEme4QPhRKxb69KMCVL1Lljpu/3+9,6.674134019187845,36.41944678009492,12.062243978061735
1137300,bA2tJJsSFg7ZCsjBt1GRLiDzdqrM8po/vCebEme4QPhRKxb69KMCVL1Lljpu/3+9,6.759177693876566,85.6313224941016,19.135945470473988
1137600,bA2tJJsSFg7ZCsjBt1GRLiDzdqrM8po/vCebEme4QPhRKxb69KMCVL1Lljpu/3+9,6.122920260889025,13.978144955815765,8.687535354645698
1137900,bA2tJJsSFg7ZCsjBt1GRLiDzdqrM8po/vCebEme4QPhRKxb69KMCVL1Lljpu/3+9,6.309521315819159,10.100755347848397,7.505589548753681
1138200,bA2tJJsSFg7ZCsjBt1GRLiDzdqrM8po/vCebEme4QPhRKxb69KMCVL1Lljpu/3+9,6.327793170182152,40.21902772710688,13.485655293486598
1138500,bA2tJJsSFg7ZCsjBt1GRLiDzdqrM8po/vCebEme4QPhRKxb69KMCVL1Lljpu/3+9,6.550003618764703,64.00327300495113,13.861931767826
1138800,bA2tJJsSFg7ZCsjBt1GRLiDzdqrM8po/vCebEme4QPhRKxb69KMCVL1Lljpu/3+9,6.43304290644011,13.76704047768632,8.339626321820054
1139100,bA2tJJsSFg7ZCsjBt1GRLiDzdqrM8po/vCebEme4QPhRKxb69KMCVL1Lljpu/3+9,6.795083197392057,57.805483303551085,13.518879164494724
1139400,bA2tJJsSFg7ZCsjBt1GRLiDzdqrM8po/vCebEme4QPhRKxb69KMCVL1Lljpu/3+9,6.580272137022791,43.97671730716695,11.600017174016148
1139700,bA2tJJsSFg7ZCsjBt1GRLiDzdqrM8po/vCebEme4QPhRKxb69KMCVL1Lljpu/3+9,6.869573553528433,63.862650427091616,13.604756381837063
1140000,bA2tJJsSFg7ZCsjBt1GRLiDzdqrM8po/vCebEme4QPhRKxb69KMCVL1Lljpu/3+9,6.5674818341772525,34.277044174605614,11.39036476257528
1140300,bA2tJJsSFg7ZCsjBt1GRLiDzdqrM8po/vCebEme4QPhRKxb69KMCVL1Lljpu/3+9,6.942950452042632,10.634692542240352,7.975530923003669
1140600,bA2tJJsSFg7ZCsjBt1GRLiDzdqrM8po/vCebEme4QPhRKxb69KMCVL1Lljpu/3+9,6.460555895244502,38.550042581249365,11.993834510494487
1140900,bA2tJJsSFg7ZCsjBt1GRLiDzdqrM8po/vCebEme4QPhRKxb69KMCVL1Lljpu/3+9,6.956204478886284,80.43015329648351,19.272312555936708
1141200,bA2tJJsSFg7ZCsjBt1GRLiDzdqrM8po/vCebEme4QPhRKxb69KMCVL1Lljpu/3+9,6.285749684161445,14.08274669652186,8.727490679499823
1141500,bA2tJJsSFg7ZCsjBt1GRLiDzdqrM8po/vCebEme4QPhRKxb69KMCVL1Lljpu/3+9,6.546609716363967,10.0532876025333,7.823688600965772
1141800,bA2tJJsSFg7ZCsjBt1GRLiDzdqrM8po/vCebEme4QPhRKxb69KMCVL1Lljpu/3+9,6.618800602959438,33.88822890131811,12.634089000737848
1142100,bA2tJJsSFg7ZCsjBt1GRLiDzdqrM8po/vCebEme4QPhRKxb69KMCVL1Lljpu/3+9,6.688902605985277,63.80366501499759,15.669202353003604
1142400,bA2tJJsSFg7ZCsjBt1GRLiDzdqrM8po/vCebEme4QPhRKxb69KMCVL1Lljpu/3+9,6.295630101491232,14.051297353350362,8.34797285527554
1142700,bA2tJJsSFg7ZCsjBt1GRLiDzdqrM8po/vCebEme4QPhRKxb69KMCVL1Lljpu/3+9,7.0135641817171495,52.65161428365448,13.539506453884336
1143000,bA2tJJsSFg7ZCsjBt1GRLiDzdqrM8po/vCebEme4QPhRKxb69KMCVL1Lljpu/3+9,6.241760608727378,22.348561083405688,9.413913403879704
1143300,bA2tJJsSFg7ZCsjBt1GRLiDzdqrM8po/vCebEme4QPhRKxb69KMCVL1Lljpu/3+9,7.032706050450789,63.36719766319054,15.688993660438337
1143600,bA2tJJsSFg7ZCsjBt1GRLiDzdqrM8po/vCebEme4QPhRKxb69KMCVL1Lljpu/3+9,6.661594166766869,33.674744049142305,11.3217686113697
1143900,bA2tJJsSFg7ZCsjBt1GRLiDzdqrM8po/vCebEme4QPhRKxb69KMCVL1Lljpu/3+9,6.683851156341472,11.068685762962778,8.022309942294227
1144200,bA2tJJsSFg7ZCsjBt1GRLiDzdqrM8po/vCebEme4QPhRKxb69KMCVL1Lljpu/3+9,6.6247458211436046,36.79816557563903,11.332334613886838
1144500,bA2tJJsSFg7ZCsjBt1GRLiDzdqrM8po/vCebEme4QPhRKxb69KMCVL1Lljpu/3+9,6.367950888762024,73.81775030000638,19.986404994761727
1144800,bA2tJJsSFg7ZCsjBt1GRLiDzdqrM8po/vCebEme4QPhRKxb69KMCVL1Lljpu/3+9,6.481160578689013,11.154315222647243,8.063263777934639
1145100,bA2tJJsSFg7ZCsjBt1GRLiDzdqrM8po/vCebEme4QPhRKxb69KMCVL1Lljpu/3+9,6.563371226161238,14.252248837588429,8.452645564249487
1145400,bA2tJJsSFg7ZCsjBt1GRLiDzdqrM8po/vCebEme4QPhRKxb69KMCVL1Lljpu/3+9,6.548013750248955,38.926597665601136,14.062034220179369
1145700,bA2tJJsSFg7ZCsjBt1GRLiDzdqrM8po/vCebEme4QPhRKxb69KMCVL1Lljpu/3+9,6.648670137242444,60.21174352126638,14.286341614016544
1146000,bA2tJJsSFg7ZCsjBt1GRLiDzdqrM8po/vCebEme4QPhRKxb69KMCVL1Lljpu/3+9,6.462948117439421,9.99808265937535,7.747316801991356
1146300,bA2tJJsSFg7ZCsjBt1GRLiDzdqrM8po/vCebEme4QPhRKxb69KMCVL1Lljpu/3+9,6.277379959836147,49.04143631577585,14.049694125773042
1146600,bA2tJJsSFg7ZCsjBt1GRLiDzdqrM8po/vCebEme4QPhRKxb69KMCVL1Lljpu/3+9,6.745659983652567,35.84197051933431,10.703216927613576
1146900,bA2tJJsSFg7ZCsjBt1GRLiDzdqrM8po/vCebEme4QPhRKxb69KMCVL1Lljpu/3+9,6.688628760141521,56.017133880219234,14.34237456990965
1147200,bA2tJJsSFg7ZCsjBt1GRLiDzdqrM8po/vCebEme4QPhRKxb69KMCVL1Lljpu/3+9,6.211718076403615,33.51311250768212,10.55906487551746
1147500,bA2tJJsSFg7ZCsjBt1GRLiDzdqrM8po/vCebEme4QPhRKxb69KMCVL1Lljpu/3+9,6.37705534019897,14.891391367532242,9.778115767043747
1147800,bA2tJJsSFg7ZCsjBt1GRLiDzdqrM8po/vCebEme4QPhRKxb69KMCVL1Lljpu/3+9,12.684643095884695,25.48371656780572,15.035559990109943
1148100,bA2tJJsSFg7ZCsjBt1GRLiDzdqrM8po/vCebEme4QPhRKxb69KMCVL1Lljpu/3+9,12.591667084679692,72.03649861084179,27.93520158904541
1148400,bA2tJJsSFg7ZCsjBt1GRLiDzdqrM8po/vCebEme4QPhRKxb69KMCVL1Lljpu/3+9,6.430696537448732,16.67391816734738,8.633185180376577
1148700,bA2tJJsSFg7ZCsjBt1GRLiDzdqrM8po/vCebEme4QPhRKxb69KMCVL1Lljpu/3+9,6.4179804672372365,14.541557918893504,8.451494248433121
1149000,bA2tJJsSFg7ZCsjBt1GRLiDzdqrM8po/vCebEme4QPhRKxb69KMCVL1Lljpu/3+9,6.450510330535062,36.00027939219244,11.180981284004702
1149300,bA2tJJsSFg7ZCsjBt1GRLiDzdqrM8po/vCebEme4QPhRKxb69KMCVL1Lljpu/3+9,6.211746150434648,53.645208296682775,16.83436604819374
1149600,bA2tJJsSFg7ZCsjBt1GRLiDzdqrM8po/vCebEme4QPhRKxb69KMCVL1Lljpu/3+9,6.4517923304987965,10.57390432014185,7.855243277893133
1149900,bA2tJJsSFg7ZCsjBt1GRLiDzdqrM8po/vCebEme4QPhRKxb69KMCVL1Lljpu/3+9,6.393613637233281,50.27844181166733,14.431916134165606
1150200,bA2tJJsSFg7ZCsjBt1GRLiDzdqrM8po/vCebEme4QPhRKxb69KMCVL1Lljpu/3+9,6.307176869331552,36.62836184831731,10.930637587693353
1150500,bA2tJJsSFg7ZCsjBt1GRLiDzdqrM8po/vCebEme4QPhRKxb69KMCVL1Lljpu/3+9,6.242595496970344,52.09853555402015,14.09952194125088
1150800,bA2tJJsSFg7ZCsjBt1GRLiDzdqrM8po/vCebEme4QPhRKxb69KMCVL1Lljpu/3+9,6.408527672119404,33.657559182805365,10.768079370260304
1151100,bA2tJJsSFg7ZCsjBt1GRLiDzdqrM8po/vCebEme4QPhRKxb69KMCVL1Lljpu/3+9,6.085736451025873,14.670514123826829,8.447551590376152
1151400,bA2tJJsSFg7ZCsjBt1GRLiDzdqrM8po/vCebEme4QPhRKxb69KMCVL1Lljpu/3+9,6.282175094629868,37.90703817002932,10.635831593188335
1151700,bA2tJJsSFg7ZCsjBt1GRLiDzdqrM8po/vCebEme4QPhRKxb69KMCVL1Lljpu/3+9,6.439719393924785,69.53054986134022,20.414492989730554
1152000,bA2tJJsSFg7ZCsjBt1GRLiDzdqrM8po/vCebEme4QPhRKxb69KMCVL1Lljpu/3+9,6.527954244829437,11.023025821228922,8.073916131355857
1152300,bA2tJJsSFg7ZCsjBt1GRLiDzdqrM8po/vCebEme4QPhRKxb69KMCVL1Lljpu/3+9,6.553163618226392,14.707189474321895,8.457282459594241
1152600,bA2tJJsSFg7ZCsjBt1GRLiDzdqrM8po/vCebEme4QPhRKxb69KMCVL1Lljpu/3+9,6.58478469699911,33.189257480011605,10.593196003670416
1152900,bA2tJJsSFg7ZCsjBt1GRLiDzdqrM8po/vCebEme4QPhRKxb69KMCVL1Lljpu/3+9,6.416229101942187,52.06451896936368,17.002290112364893
1153200,bA2tJJsSFg7ZCsjBt1GRLiDzdqrM8po/vCebEme4QPhRKxb69KMCVL1Lljpu/3+9,6.416709632227853,9.78773617457444,7.92053523287635
1153500,bA2tJJsSFg7ZCsjBt1GRLiDzdqrM8po/vCebEme4QPhRKxb69KMCVL1Lljpu/3+9,6.490648963811513,44.37752169499142,14.042393355232452
1153800,bA2tJJsSFg7ZCsjBt1GRLiDzdqrM8po/vCebEme4QPhRKxb69KMCVL1Lljpu/3+9,6.625806760702665,14.185430634639385,8.630133568429521
1154100,bA2tJJsSFg7ZCsjBt1GRLiDzdqrM8po/vCebEme4QPhRKxb69KMCVL1Lljpu/3+9,6.387365902651992,47.4079610792008,16.349394022433977
1154400,bA2tJJsSFg7ZCsjBt1GRLiDzdqrM8po/vCebEme4QPhRKxb69KMCVL1Lljpu/3+9,6.612279406504984,32.39801251368175,10.649744434119444
1154700,bA2tJJsSFg7ZCsjBt1GRLiDzdqrM8po/vCebEme4QPhRKxb69KMCVL1Lljpu/3+9,6.707656648996325,15.673534138266112,8.54756877775695
1155000,bA2tJJsSFg7ZCsjBt1GRLiDzdqrM8po/vCebEme4QPhRKxb69KMCVL1Lljpu/3+9,6.496958416191084,9.722693152409448,7.607431742200728
1155300,bA2tJJsSFg7ZCsjBt1GRLiDzdqrM8po/vCebEme4QPhRKxb69KMCVL1Lljpu/3+9,6.636075156004946,82.12310720728179,23.4311333501973
1155600,bA2tJJsSFg7ZCsjBt1GRLiDzdqrM8po/vCebEme4QPhRKxb69KMCVL1Lljpu/3+9,6.410857117783811,10.498533408086828,8.175993567283781
1155900,bA2tJJsSFg7ZCsjBt1GRLiDzdqrM8po/vCebEme4QPhRKxb69KMCVL1Lljpu/3+9,6.540001312667504,14.186263652109552,8.324229566584814
1156200,bA2tJJsSFg7ZCsjBt1GRLiDzdqrM8po/vCebEme4QPhRKxb69KMCVL1Lljpu/3+9,6.711815056213515,35.10361362641468,12.995914862394391
1156500,bA2tJJsSFg7ZCsjBt1GRLiDzdqrM8po/vCebEme4QPhRKxb69KMCVL1Lljpu/3+9,6.425616384628125,39.29884515397211,14.493353301818926
1156800,bA2tJJsSFg7ZCsjBt1GRLiDzdqrM8po/vCebEme4QPhRKxb69KMCVL1Lljpu/3+9,6.434366632742516,9.798790587012167,7.770211144080831
1157100,bA2tJJsSFg7ZCsjBt1GRLiDzdqrM8po/vCebEme4QPhRKxb69KMCVL1Lljpu/3+9,6.6159853553006,39.16378431488582,13.99334764658882
1157400,bA2tJJsSFg7ZCsjBt1GRLiDzdqrM8po/vCebEme4QPhRKxb69KMCVL1Lljpu/3+9,6.7198472107735805,10.75159889648714,8.16650929390306
1157700,bA2tJJsSFg7ZCsjBt1GRLiDzdqrM8po/vCebEme4QPhRKxb69KMCVL1Lljpu/3+9,6.470175060613977,41.70702551596434,17.03025483432658
1158000,bA2tJJsSFg7ZCsjBt1GRLiDzdqrM8po/vCebEme4QPhRKxb69KMCVL1Lljpu/3+9,6.469167057292304,33.50881758945475,10.811702055641073
1158300,bA2tJJsSFg7ZCsjBt1GRLiDzdqrM8po/vCebEme4QPhRKxb69KMCVL1Lljpu/3+9,6.48768730662396,14.242495037078822,8.495800914370305
1158600,bA2tJJsSFg7ZCsjBt1GRLiDzdqrM8po/vCebEme4QPhRKxb69KMCVL1Lljpu/3+9,6.395690981230458,10.497097783422468,7.8851088178180015
1158900,bA2tJJsSFg7ZCsjBt1GRLiDzdqrM8po/vCebEme4QPhRKxb69KMCVL1Lljpu/3+9,7.031294053327584,90.25884723832156,23.202514718026208
1159200,bA2tJJsSFg7ZCsjBt1GRLiDzdqrM8po/vCebEme4QPhRKxb69KMCVL1Lljpu/3+9,6.636486130090969,10.654002685028091,8.12111140515993
1159500,bA2tJJsSFg7ZCsjBt1GRLiDzdqrM8po/vCebEme4QPhRKxb69KMCVL1Lljpu/3+9,6.565725050404849,14.86584738008954,8.42085507586499
1159800,bA2tJJsSFg7ZCsjBt1GRLiDzdqrM8po/vCebEme4QPhRKxb69KMCVL1Lljpu/3+9,6.356007577226573,33.037779192679686,10.614773686522032
1160100,bA2tJJsSFg7ZCsjBt1GRLiDzdqrM8po/vCebEme4QPhRKxb69KMCVL1Lljpu/3+9,6.744628553786692,40.4406354045657,16.744670685852725
1160400,bA2tJJsSFg7ZCsjBt1GRLiDzdqrM8po/vCebEme4QPhRKxb69KMCVL1Lljpu/3+9,6.244043780645868,13.493165031599734,8.072273094319748
1160700,bA2tJJsSFg7ZCsjBt1GRLiDzdqrM8po/vCebEme4QPhRKxb69KMCVL1Lljpu/3+9,6.534971584703454,35.2440573733995,13.693060988073547
1161000,bA2tJJsSFg7ZCsjBt1GRLiDzdqrM8po/vCebEme4QPhRKxb69KMCVL1Lljpu/3+9,6.500298475884679,27.94934254004079,10.638528427194434
1161300,bA2tJJsSFg7ZCsjBt1GRLiDzdqrM8po/vCebEme4QPhRKxb69KMCVL1Lljpu/3+9,6.5089845807385975,42.6862353456912,14.685645956504631
1161600,bA2tJJsSFg7ZCsjBt1GRLiDzdqrM8po/vCebEme4QPhRKxb69KMCVL1Lljpu/3+9,6.096386381127028,33.44820564983924,11.042672109316513
1161900,bA2tJJsSFg7ZCsjBt1GRLiDzdqrM8po/vCebEme4QPhRKxb69KMCVL1Lljpu/3+9,6.408190379587648,14.3964825287622,8.128014303599793
1162200,bA2tJJsSFg7ZCsjBt1GRLiDzdqrM8po/vCebEme4QPhRKxb69KMCVL1Lljpu/3+9,6.249453847742694,17.85623767795551,9.005298720012208
1162500,bA2tJJsSFg7ZCsjBt1GRLiDzdqrM8po/vCebEme4QPhRKxb69KMCVL1Lljpu/3+9,7.329945031633806,92.35834369578119,22.41329776131157
1162800,bA2tJJsSFg7ZCsjBt1GRLiDzdqrM8po/vCebEme4QPhRKxb69KMCVL1Lljpu/3+9,6.42547324836979,14.633976292627564,8.495878172352345
1163100,bA2tJJsSFg7ZCsjBt1GRLiDzdqrM8po/vCebEme4QPhRKxb69KMCVL1Lljpu/3+9,6.327230131360448,15.391645812622624,8.085919509265326
1163400,bA2tJJsSFg7ZCsjBt1GRLiDzdqrM8po/vCebEme4QPhRKxb69KMCVL1Lljpu/3+9,6.379891561110276,31.38967281665632,10.962583284604246
1163700,bA2tJJsSFg7ZCsjBt1GRLiDzdqrM8po/vCebEme4QPhRKxb69KMCVL1Lljpu/3+9,6.637965652875304,45.16358387495398,16.660599036744877
1164000,bA2tJJsSFg7ZCsjBt1GRLiDzdqrM8po/vCebEme4QPhRKxb69KMCVL1Lljpu/3+9,6.32481504683128,13.93781533384155,8.2477797731195
1164300,bA2tJJsSFg7ZCsjBt1GRLiDzdqrM8po/vCebEme4QPhRKxb69KMCVL1Lljpu/3+9,6.6007594335075215,41.78282101188299,13.79482605386811
1164600,bA2tJJsSFg7ZCsjBt1GRLiDzdqrM8po/vCebEme4QPhRKxb69KMCVL1Lljpu/3+9,6.3069457395512405,28.1595365956119,10.52231548278554
1164900,bA2tJJsSFg7ZCsjBt1GRLiDzdqrM8po/vCebEme4QPhRKxb69KMCVL1Lljpu/3+9,6.499662889215994,46.68956809144777,14.505955691772137
1165200,bA2tJJsSFg7ZCsjBt1GRLiDzdqrM8po/vCebEme4QPhRKxb69KMCVL1Lljpu/3+9,6.354329498635003,29.97766198345872,11.3264228549998
1165500,bA2tJJsSFg7ZCsjBt1GRLiDzdqrM8po/vCebEme4QPhRKxb69KMCVL1Lljpu/3+9,6.476225620465334,15.513488383169983,8.026172891441417
1165800,bA2tJJsSFg7ZCsjBt1GRLiDzdqrM8po/vCebEme4QPhRKxb69KMCVL1Lljpu/3+9,6.328737760188808,12.9049969593365,7.88480538626038
1166100,bA2tJJsSFg7ZCsjBt1GRLiDzdqrM8po/vCebEme4QPhRKxb69KMCVL1Lljpu/3+9,6.556826670895407,94.7836036951998,22.72432727475765
1166400,bA2tJJsSFg7ZCsjBt1GRLiDzdqrM8po/vCebEme4QPhRKxb69KMCVL1Lljpu/3+9,6.404134843113356,13.78779056273881,8.858155353005145
1166700,bA2tJJsSFg7ZCsjBt1GRLiDzdqrM8po/vCebEme4QPhRKxb69KMCVL1Lljpu/3+9,6.446326268659825,15.470232216606185,8.021654676115011
1167000,bA2tJJsSFg7ZCsjBt1GRLiDzdqrM8po/vCebEme4QPhRKxb69KMCVL1Lljpu/3+9,6.72200235458848,32.699883160472666,12.346706609973912
1167300,bA2tJJsSFg7ZCsjBt1GRLiDzdqrM8po/vCebEme4QPhRKxb69KMCVL1Lljpu/3+9,6.633182703175336,48.87497563783658,15.215685338408017
1167600,bA2tJJsSFg7ZCsjBt1GRLiDzdqrM8po/vCebEme4QPhRKxb69KMCVL1Lljpu/3+9,6.451030648545565,11.300302865553556,8.116490353713766
1167900,bA2tJJsSFg7ZCsjBt1GRLiDzdqrM8po/vCebEme4QPhRKxb69KMCVL1Lljpu/3+9,6.987198358483532,44.40908383911511,13.657984170944582
1168200,bA2tJJsSFg7ZCsjBt1GRLiDzdqrM8po/vCebEme4QPhRKxb69KMCVL1Lljpu/3+9,6.563196249930358,31.494852934803763,10.650754040834912
1168500,bA2tJJsSFg7ZCsjBt1GRLiDzdqrM8po/vCebEme4QPhRKxb69KMCVL1Lljpu/3+9,6.891655625483067,49.18384807832551,14.404471366926048
1168800,bA2tJJsSFg7ZCsjBt1GRLiDzdqrM8po/vCebEme4QPhRKxb69KMCVL1Lljpu/3+9,6.520153834472872,24.55396085183476,11.017865849955053
1169100,bA2tJJsSFg7ZCsjBt1GRLiDzdqrM8po/vCebEme4QPhRKxb69KMCVL1Lljpu/3+9,6.728032166563061,15.51497150652718,8.115543189287418
1169400,bA2tJJsSFg7ZCsjBt1GRLiDzdqrM8po/vCebEme4QPhRKxb69KMCVL1Lljpu/3+9,6.505880534342129,30.49411021109977,10.556535458181362
1169700,bA2tJJsSFg7ZCsjBt1GRLiDzdqrM8po/vCebEme4QPhRKxb69KMCVL1Lljpu/3+9,6.824645466553098,93.92692601102712,19.27398038826952
1170000,bA2tJJsSFg7ZCsjBt1GRLiDzdqrM8po/vCebEme4QPhRKxb69KMCVL1Lljpu/3+9,6.718725655241006,26.795710942121776,10.312776561405029
1170300,bA2tJJsSFg7ZCsjBt1GRLiDzdqrM8po/vCebEme4QPhRKxb69KMCVL1Lljpu/3+9,6.719633289896233,12.462953192193927,8.234541475144283
1170600,bA2tJJsSFg7ZCsjBt1GRLiDzdqrM8po/vCebEme4QPhRKxb69KMCVL1Lljpu/3+9,6.862265418613024,39.67019275441983,12.914358209393315
1170900,bA2tJJsSFg7ZCsjBt1GRLiDzdqrM8po/vCebEme4QPhRKxb69KMCVL1Lljpu/3+9,6.592674598485585,60.38346367930759,14.837456765894194
1171200,bA2tJJsSFg7ZCsjBt1GRLiDzdqrM8po/vCebEme4QPhRKxb69KMCVL1Lljpu/3+9,6.2175580889146955,11.023018817053597,8.080655757531797
1171500,bA2tJJsSFg7ZCsjBt1GRLiDzdqrM8po/vCebEme4QPhRKxb69KMCVL1Lljpu/3+9,6.733345188865232,47.39256865295895,13.694896316511189
1171800,bA2tJJsSFg7ZCsjBt1GRLiDzdqrM8po/vCebEme4QPhRKxb69KMCVL1Lljpu/3+9,6.189308407213308,12.356468670630177,8.345761676316094
1172100,bA2tJJsSFg7ZCsjBt1GRLiDzdqrM8po/vCebEme4QPhRKxb69KMCVL1Lljpu/3+9,6.575721272360861,61.92635888825608,16.687295631689565
1172400,bA2tJJsSFg7ZCsjBt1GRLiDzdqrM8po/vCebEme4QPhRKxb69KMCVL1Lljpu/3+9,6.661863187303841,21.93441510398437,11.05553786470375
1172700,bA2tJJsSFg7ZCsjBt1GRLiDzdqrM8po/vCebEme4QPhRKxb69KMCVL1Lljpu/3+9,6.565180243184377,13.753399381075536,8.13212010866974
1173000,bA2tJJsSFg7ZCsjBt1GRLiDzdqrM8po/vCebEme4QPhRKxb69KMCVL1Lljpu/3+9,6.472953156143189,12.55405817983273,7.994767843802414
1173300,bA2tJJsSFg7ZCsjBt1GRLiDzdqrM8po/vCebEme4QPhRKxb69KMCVL1Lljpu/3+9,7.013412750510182,98.0511613754561,21.51211576022815
1173600,bA2tJJsSFg7ZCsjBt1GRLiDzdqrM8po/vCebEme4QPhRKxb69KMCVL1Lljpu/3+9,6.734883711349479,21.680285434002215,10.654429341209491
1173900,bA2tJJsSFg7ZCsjBt1GRLiDzdqrM8po/vCebEme4QPhRKxb69KMCVL1Lljpu/3+9,6.718468669602864,13.818634718131207,8.068089267132866
1174200,bA2tJJsSFg7ZCsjBt1GRLiDzdqrM8po/vCebEme4QPhRKxb69KMCVL1Lljpu/3+9,6.5837193562277765,24.254258655595216,10.966861121001092
1174500,bA2tJJsSFg7ZCsjBt1GRLiDzdqrM8po/vCebEme4QPhRKxb69KMCVL1Lljpu/3+9,6.485285867110902,65.07863219175992,16.877490446896438
1174800,bA2tJJsSFg7ZCsjBt1GRLiDzdqrM8po/vCebEme4QPhRKxb69KMCVL1Lljpu/3+9,6.256441390197716,11.73601655009232,8.244836507692686
1175100,bA2tJJsSFg7ZCsjBt1GRLiDzdqrM8po/vCebEme4QPhRKxb69KMCVL1Lljpu/3+9,7.135057886870524,52.8527210787986,17.255591354727038
1175400,bA2tJJsSFg7ZCsjBt1GRLiDzdqrM8po/vCebEme4QPhRKxb69KMCVL1Lljpu/3+9,6.454103029301488,11.3904544501295,8.32269526124487
1175700,bA2tJJsSFg7ZCsjBt1GRLiDzdqrM8po/vCebEme4QPhRKxb69KMCVL1Lljpu/3+9,6.286261923008737,65.11976296648047,16.745836014908626
1176000,bA2tJJsSFg7ZCsjBt1GRLiDzdqrM8po/vCebEme4QPhRKxb69KMCVL1Lljpu/3+9,6.920948146551414,28.003357709607467,11.402674774388451
1176300,bA2tJJsSFg7ZCsjBt1GRLiDzdqrM8po/vCebEme4QPhRKxb69KMCVL1Lljpu/3+9,6.584492103487,14.965236665102095,9.037234115245878
1176600,bA2tJJsSFg7ZCsjBt1GRLiDzdqrM8po/vCebEme4QPhRKxb69KMCVL1Lljpu/3+9,6.770867472778034,30.804294761109787,11.900696900075532
1176900,bA2tJJsSFg7ZCsjBt1GRLiDzdqrM8po/vCebEme4QPhRKxb69KMCVL1Lljpu/3+9,6.863342509422521,97.9683229679718,21.288069258345264
1177200,bA2tJJsSFg7ZCsjBt1GRLiDzdqrM8po/vCebEme4QPhRKxb69KMCVL1Lljpu/3+9,12.597524722242955,28.056097724359493,16.02231007936758
1177500,bA2tJJsSFg7ZCsjBt1GRLiDzdqrM8po/vCebEme4QPhRKxb69KMCVL1Lljpu/3+9,12.614143691412426,21.93497022521382,14.880657557578326
1177800,bA2tJJsSFg7ZCsjBt1GRLiDzdqrM8po/vCebEme4QPhRKxb69KMCVL1Lljpu/3+9,6.732136362955158,28.93638871747968,12.329193851956587
1178100,bA2tJJsSFg7ZCsjBt1GRLiDzdqrM8po/vCebEme4QPhRKxb69KMCVL1Lljpu/3+9,7.0746904047485115,63.78041065610894,17.300121992948277
1178400,bA2tJJsSFg7ZCsjBt1GRLiDzdqrM8po/vCebEme4QPhRKxb69KMCVL1Lljpu/3+9,6.4819769226217,12.209981834921852,8.142667977239471
1178700,bA2tJJsSFg7ZCsjBt1GRLiDzdqrM8po/vCebEme4QPhRKxb69KMCVL1Lljpu/3+9,7.158651161720621,58.99047481483471,14.739578785156342
1179000,bA2tJJsSFg7ZCsjBt1GRLiDzdqrM8po/vCebEme4QPhRKxb69KMCVL1Lljpu/3+9,6.772593460422752,17.89909308506648,10.216852007830356
1179300,bA2tJJsSFg7ZCsjBt1GRLiDzdqrM8po/vCebEme4QPhRKxb69KMCVL1Lljpu/3+9,6.627057986480305,64.37494043429919,16.923909410781814
1179600,bA2tJJsSFg7ZCsjBt1GRLiDzdqrM8po/vCebEme4QPhRKxb69KMCVL1Lljpu/3+9,7.004422967012083,29.72275163799551,11.07976000119927
1179900,bA2tJJsSFg7ZCsjBt1GRLiDzdqrM8po/vCebEme4QPhRKxb69KMCVL1Lljpu/3+9,6.562438662229702,14.013243110858172,8.26749279723491
1180200,bA2tJJsSFg7ZCsjBt1GRLiDzdqrM8po/vCebEme4QPhRKxb69KMCVL1Lljpu/3+9,6.629382933580499,11.992680205988473,8.086500530702633
1180500,bA2tJJsSFg7ZCsjBt1GRLiDzdqrM8po/vCebEme4QPhRKxb69KMCVL1Lljpu/3+9,6.801103960887754,98.1515113500858,20.63249523193828
1180800,bA2tJJsSFg7ZCsjBt1GRLiDzdqrM8po/vCebEme4QPhRKxb69KMCVL1Lljpu/3+9,7.043924472559308,25.569025550495983,10.89600236560527
1181100,bA2tJJsSFg7ZCsjBt1GRLiDzdqrM8po/vCebEme4QPhRKxb69KMCVL1Lljpu/3+9,6.937585804773185,13.427587013792392,8.120160195064855
1181400,bA2tJJsSFg7ZCsjBt1GRLiDzdqrM8po/vCebEme4QPhRKxb69KMCVL1Lljpu/3+9,6.521836137062624,12.738883100860972,8.657856419405112
1181700,bA2tJJsSFg7ZCsjBt1GRLiDzdqrM8po/vCebEme4QPhRKxb69KMCVL1Lljpu/3+9,6.547558365159655,63.676853625532814,16.66983156795133
1182000,bA2tJJsSFg7ZCsjBt1GRLiDzdqrM8po/vCebEme4QPhRKxb69KMCVL1Lljpu/3+9,6.648601707118598,11.940207000146032,8.144080686886742
1182300,bA2tJJsSFg7ZCsjBt1GRLiDzdqrM8po/vCebEme4QPhRKxb69KMCVL1Lljpu/3+9,6.6699465413746815,58.25015141928561,13.657204864713664
1182600,bA2tJJsSFg7ZCsjBt1GRLiDzdqrM8po/vCebEme4QPhRKxb69KMCVL1Lljpu/3+9,6.558256222380193,12.80363041314355,8.310024259912831
1182900,bA2tJJsSFg7ZCsjBt1GRLiDzdqrM8po/vCebEme4QPhRKxb69KMCVL1Lljpu/3+9,6.711285630332279,57.49212775018894,15.924054803316007
1183200,bA2tJJsSFg7ZCsjBt1GRLiDzdqrM8po/vCebEme4QPhRKxb69KMCVL1Lljpu/3+9,6.655194858377627,31.616150438954133,11.76706075467081
1183500,bA2tJJsSFg7ZCsjBt1GRLiDzdqrM8po/vCebEme4QPhRKxb69KMCVL1Lljpu/3+9,6.333138126900508,13.644484268808892,8.15180927416494
1183800,bA2tJJsSFg7ZCsjBt1GRLiDzdqrM8po/vCebEme4QPhRKxb69KMCVL1Lljpu/3+9,6.561769723967862,10.443339557473164,8.063195125375719
1184100,bA2tJJsSFg7ZCsjBt1GRLiDzdqrM8po/vCebEme4QPhRKxb69KMCVL1Lljpu/3+9,6.862645031525553,98.20574681836314,20.498199018316647
1184400,bA2tJJsSFg7ZCsjBt1GRLiDzdqrM8po/vCebEme4QPhRKxb69KMCVL1Lljpu/3+9,6.273483166443309,29.330538323802475,11.184875077489057
1184700,bA2tJJsSFg7ZCsjBt1GRLiDzdqrM8po/vCebEme4QPhRKxb69KMCVL1Lljpu/3+9,6.654960015380528,13.224441152922244,7.9827878191626045
1185000,bA2tJJsSFg7ZCsjBt1GRLiDzdqrM8po/vCebEme4QPhRKxb69KMCVL1Lljpu/3+9,6.573200302793532,33.28228065965799,10.821994125678756
1185300,bA2tJJsSFg7ZCsjBt1GRLiDzdqrM8po/vCebEme4QPhRKxb69KMCVL1Lljpu/3+9,6.7745757123703285,55.847317731930666,16.000786930869534
1185600,bA2tJJsSFg7ZCsjBt1GRLiDzdqrM8po/vCebEme4QPhRKxb69KMCVL1Lljpu/3+9,6.575232457785093,17.749291395701807,9.055387843334962
1185900,bA2tJJsSFg7ZCsjBt1GRLiDzdqrM8po/vCebEme4QPhRKxb69KMCVL1Lljpu/3+9,7.051545897709682,60.903694192024254,13.587009584297473
1186200,bA2tJJsSFg7ZCsjBt1GRLiDzdqrM8po/vCebEme4QPhRKxb69KMCVL1Lljpu/3+9,6.451720932978724,10.57925579388068,8.555488801162255
1186500,bA2tJJsSFg7ZCsjBt1GRLiDzdqrM8po/vCebEme4QPhRKxb69KMCVL1Lljpu/3+9,6.7994359122880486,55.988558310222025,15.82290062067597
1186800,bA2tJJsSFg7ZCsjBt1GRLiDzdqrM8po/vCebEme4QPhRKxb69KMCVL1Lljpu/3+9,6.796454975417611,34.587496718987545,11.96673404517661
1187100,bA2tJJsSFg7ZCsjBt1GRLiDzdqrM8po/vCebEme4QPhRKxb69KMCVL1Lljpu/3+9,6.485254616113486,13.509030644690167,8.25270802956629
1187400,bA2tJJsSFg7ZCsjBt1GRLiDzdqrM8po/vCebEme4QPhRKxb69KMCVL1Lljpu/3+9,6.900664801080032,10.550031941526113,8.125669285858775
1187700,bA2tJJsSFg7ZCsjBt1GRLiDzdqrM8po/vCebEme4QPhRKxb69KMCVL1Lljpu/3+9,6.835184582799728,96.63790090683392,19.80562657520564
1188000,bA2tJJsSFg7ZCsjBt1GRLiDzdqrM8po/vCebEme4QPhRKxb69KMCVL1Lljpu/3+9,6.7631322445981805,32.55085709242625,11.908527821643084
1188300,bA2tJJsSFg7ZCsjBt1GRLiDzdqrM8po/vCebEme4QPhRKxb69KMCVL1Lljpu/3+9,6.646410574693878,13.142517500161798,8.133475194823228
1188600,bA2tJJsSFg7ZCsjBt1GRLiDzdqrM8po/vCebEme4QPhRKxb69KMCVL1Lljpu/3+9,6.43495921203783,35.54141099040743,10.821490694265767
1188900,bA2tJJsSFg7ZCsjBt1GRLiDzdqrM8po/vCebEme4QPhRKxb69KMCVL1Lljpu/3+9,6.57007549117999,54.017649087202415,15.749569398166791
1189200,bA2tJJsSFg7ZCsjBt1GRLiDzdqrM8po/vCebEme4QPhRKxb69KMCVL1Lljpu/3+9,6.625678094655062,18.232600975275112,9.393871072457731
1189500,bA2tJJsSFg7ZCsjBt1GRLiDzdqrM8po/vCebEme4QPhRKxb69KMCVL1Lljpu/3+9,6.7304881816583455,62.783771249581214,14.460865935185948
1189800,bA2tJJsSFg7ZCsjBt1GRLiDzdqrM8po/vCebEme4QPhRKxb69KMCVL1Lljpu/3+9,6.539460738451193,11.7897804027493,8.550248285792305
1190100,bA2tJJsSFg7ZCsjBt1GRLiDzdqrM8po/vCebEme4QPhRKxb69KMCVL1Lljpu/3+9,6.547036993642351,50.46608410590897,15.239849605383853
1190400,bA2tJJsSFg7ZCsjBt1GRLiDzdqrM8po/vCebEme4QPhRKxb69KMCVL1Lljpu/3+9,6.64662002972445,35.87802221033231,12.538267488928025
1190700,bA2tJJsSFg7ZCsjBt1GRLiDzdqrM8po/vCebEme4QPhRKxb69KMCVL1Lljpu/3+9,6.588552950213091,13.551968330452626,8.211222410898083
1191000,bA2tJJsSFg7ZCsjBt1GRLiDzdqrM8po/vCebEme4QPhRKxb69KMCVL1Lljpu/3+9,6.159884769399463,11.504943929919108,8.284270756640266
1191300,bA2tJJsSFg7ZCsjBt1GRLiDzdqrM8po/vCebEme4QPhRKxb69KMCVL1Lljpu/3+9,6.203325315580682,92.5415370228967,19.625538737702215
1191600,bA2tJJsSFg7ZCsjBt1GRLiDzdqrM8po/vCebEme4QPhRKxb69KMCVL1Lljpu/3+9,6.294379881075708,35.068422856529885,11.607344360241944
1191900,bA2tJJsSFg7ZCsjBt1GRLiDzdqrM8po/vCebEme4QPhRKxb69KMCVL1Lljpu/3+9,6.755949898494541,13.111448169997196,8.479700240443249
1192200,bA2tJJsSFg7ZCsjBt1GRLiDzdqrM8po/vCebEme4QPhRKxb69KMCVL1Lljpu/3+9,6.3363949688551,35.20981193597257,10.777712730185312
1192500,bA2tJJsSFg7ZCsjBt1GRLiDzdqrM8po/vCebEme4QPhRKxb69KMCVL1Lljpu/3+9,6.528793061718342,49.53474908594756,15.075673819545996
1192800,bA2tJJsSFg7ZCsjBt1GRLiDzdqrM8po/vCebEme4QPhRKxb69KMCVL1Lljpu/3+9,6.515571707382813,21.54647749691498,9.689333951450307
1193100,bA2tJJsSFg7ZCsjBt1GRLiDzdqrM8po/vCebEme4QPhRKxb69KMCVL1Lljpu/3+9,6.769209916029535,62.03072451246268,13.648455149983722
1193400,bA2tJJsSFg7ZCsjBt1GRLiDzdqrM8po/vCebEme4QPhRKxb69KMCVL1Lljpu/3+9,6.6721966595473,11.39083315614065,8.588273220641247
1193700,bA2tJJsSFg7ZCsjBt1GRLiDzdqrM8po/vCebEme4QPhRKxb69KMCVL1Lljpu/3+9,6.829473193067694,48.324282843514254,12.676045483795775
1194000,bA2tJJsSFg7ZCsjBt1GRLiDzdqrM8po/vCebEme4QPhRKxb69KMCVL1Lljpu/3+9,7.324183201903203,35.597071675516105,12.775097564074152
1194300,bA2tJJsSFg7ZCsjBt1GRLiDzdqrM8po/vCebEme4QPhRKxb69KMCVL1Lljpu/3+9,6.734343680106905,13.194679743983167,8.11306149649775
1194600,bA2tJJsSFg7ZCsjBt1GRLiDzdqrM8po/vCebEme4QPhRKxb69KMCVL1Lljpu/3+9,6.477042089227705,10.615315611571049,8.05015760409993
1194900,bA2tJJsSFg7ZCsjBt1GRLiDzdqrM8po/vCebEme4QPhRKxb69KMCVL1Lljpu/3+9,7.131446806606539,88.95271446898063,19.069644601222063
1195200,bA2tJJsSFg7ZCsjBt1GRLiDzdqrM8po/vCebEme4QPhRKxb69KMCVL1Lljpu/3+9,6.525835986503917,38.889482188313245,11.77611080326461
1195500,bA2tJJsSFg7ZCsjBt1GRLiDzdqrM8po/vCebEme4QPhRKxb69KMCVL1Lljpu/3+9,6.889060719424613,13.641877269886,9.007788535920765
1195800,bA2tJJsSFg7ZCsjBt1GRLiDzdqrM8po/vCebEme4QPhRKxb69KMCVL1Lljpu/3+9,6.778775631855613,35.65447086652542,10.951889666667787
1196100,bA2tJJsSFg7ZCsjBt1GRLiDzdqrM8po/vCebEme4QPhRKxb69KMCVL1Lljpu/3+9,6.495501907631804,45.820603653955885,14.80568113076767
1196400,bA2tJJsSFg7ZCsjBt1GRLiDzdqrM8po/vCebEme4QPhRKxb69KMCVL1Lljpu/3+9,6.937733095025847,25.376163744273075,10.059237929178396
1196700,bA2tJJsSFg7ZCsjBt1GRLiDzdqrM8po/vCebEme4QPhRKxb69KMCVL1Lljpu/3+9,7.097061079255959,61.13103828529152,13.50843232973828
1197000,bA2tJJsSFg7ZCsjBt1GRLiDzdqrM8po/vCebEme4QPhRKxb69KMCVL1Lljpu/3+9,6.764209705201868,11.810371090776236,8.553444527410393
1197300,bA2tJJsSFg7ZCsjBt1GRLiDzdqrM8po/vCebEme4QPhRKxb69KMCVL1Lljpu/3+9,6.6223331774668175,43.982535719511546,15.230926507386924
1197600,bA2tJJsSFg7ZCsjBt1GRLiDzdqrM8po/vCebEme4QPhRKxb69KMCVL1Lljpu/3+9,6.6658526900474175,34.47353653468639,12.99941489100922
1197900,bA2tJJsSFg7ZCsjBt1GRLiDzdqrM8po/vCebEme4QPhRKxb69KMCVL1Lljpu/3+9,6.665960022554398,13.940869550969104,8.186672990942196
1198200,bA2tJJsSFg7ZCsjBt1GRLiDzdqrM8po/vCebEme4QPhRKxb69KMCVL1Lljpu/3+9,6.732168330565049,10.821735921257632,7.9723745124641265
1198500,bA2tJJsSFg7ZCsjBt1GRLiDzdqrM8po/vCebEme4QPhRKxb69KMCVL1Lljpu/3+9,6.729706689635311,85.07305440894478,18.905463124150568
1198800,bA2tJJsSFg7ZCsjBt1GRLiDzdqrM8po/vCebEme4QPhRKxb69KMCVL1Lljpu/3+9,6.549520671833493,42.89800892346228,11.959313992908768
1199100,bA2tJJsSFg7ZCsjBt1GRLiDzdqrM8po/vCebEme4QPhRKxb69KMCVL1Lljpu/3+9,6.786779364896716,13.793107035390658,8.986197539984158
1199400,bA2tJJsSFg7ZCsjBt1GRLiDzdqrM8po/vCebEme4QPhRKxb69KMCVL1Lljpu/3+9,6.876193377394789,35.342819321354234,10.855192650257488
1199700,bA2tJJsSFg7ZCsjBt1GRLiDzdqrM8po/vCebEme4QPhRKxb69KMCVL1Lljpu/3+9,7.038655478100987,41.2533540650679,14.588496374670752
1200000,bA2tJJsSFg7ZCsjBt1GRLiDzdqrM8po/vCebEme4QPhRKxb69KMCVL1Lljpu/3+9,6.756417211232754,29.67059437181633,10.43177700222861
1200300,bA2tJJsSFg7ZCsjBt1GRLiDzdqrM8po/vCebEme4QPhRKxb69KMCVL1Lljpu/3+9,6.630191003021363,63.682811244763776,13.875427113240736
1200600,bA2tJJsSFg7ZCsjBt1GRLiDzdqrM8po/vCebEme4QPhRKxb69KMCVL1Lljpu/3+9,6.545046170795548,11.719693655754508,8.437343422938364
1200900,bA2tJJsSFg7ZCsjBt1GRLiDzdqrM8po/vCebEme4QPhRKxb69KMCVL1Lljpu/3+9,6.4681536239884885,37.80480323586341,13.937000090432482
1201200,bA2tJJsSFg7ZCsjBt1GRLiDzdqrM8po/vCebEme4QPhRKxb69KMCVL1Lljpu/3+9,7.071679552108972,35.895719488571615,13.75586499414022
1201500,bA2tJJsSFg7ZCsjBt1GRLiDzdqrM8po/vCebEme4QPhRKxb69KMCVL1Lljpu/3+9,6.700432808649894,14.331549079848216,8.324059294859122
1201800,bA2tJJsSFg7ZCsjBt1GRLiDzdqrM8po/vCebEme4QPhRKxb69KMCVL1Lljpu/3+9,6.826787019790396,11.28923055137236,8.024227843644734
1202100,bA2tJJsSFg7ZCsjBt1GRLiDzdqrM8po/vCebEme4QPhRKxb69KMCVL1Lljpu/3+9,6.648416055945528,81.97696427490078,18.37871092384849
1202400,bA2tJJsSFg7ZCsjBt1GRLiDzdqrM8po/vCebEme4QPhRKxb69KMCVL1Lljpu/3+9,6.766406864812764,45.38947320808163,12.277121515939095
1202700,bA2tJJsSFg7ZCsjBt1GRLiDzdqrM8po/vCebEme4QPhRKxb69KMCVL1Lljpu/3+9,6.615813239557228,17.35624043615825,8.845912147376508
1203000,bA2tJJsSFg7ZCsjBt1GRLiDzdqrM8po/vCebEme4QPhRKxb69KMCVL1Lljpu/3+9,6.80844215310024,35.80447591800783,10.99534619168762
1203300,bA2tJJsSFg7ZCsjBt1GRLiDzdqrM8po/vCebEme4QPhRKxb69KMCVL1Lljpu/3+9,6.612338211873385,37.215918328461605,13.85279031480172
1203600,bA2tJJsSFg7ZCsjBt1GRLiDzdqrM8po/vCebEme4QPhRKxb69KMCVL1Lljpu/3+9,6.563427330867244,35.56693604887299,11.093985259191449
1203900,bA2tJJsSFg7ZCsjBt1GRLiDzdqrM8po/vCebEme4QPhRKxb69KMCVL1Lljpu/3+9,6.6266688464087995,61.500923031101195,13.497831782194124
1204200,bA2tJJsSFg7ZCsjBt1GRLiDzdqrM8po/vCebEme4QPhRKxb69KMCVL1Lljpu/3+9,6.458718878764258,11.444281735667293,8.380974202228018
1204500,bA2tJJsSFg7ZCsjBt1GRLiDzdqrM8po/vCebEme4QPhRKxb69KMCVL1Lljpu/3+9,6.768401666495252,37.93269957802664,13.613434307252325
1204800,bA2tJJsSFg7ZCsjBt1GRLiDzdqrM8po/vCebEme4QPhRKxb69KMCVL1Lljpu/3+9,6.58510493191098,38.63492101831899,14.359710336030458
1205100,bA2tJJsSFg7ZCsjBt1GRLiDzdqrM8po/vCebEme4QPhRKxb69KMCVL1Lljpu/3+9,7.253649165683715,49.33559386526229,13.475685337819693
1205400,bA2tJJsSFg7ZCsjBt1GRLiDzdqrM8po/vCebEme4QPhRKxb69KMCVL1Lljpu/3+9,6.676714171879816,27.255496391260102,10.305624328376714
1205700,bA2tJJsSFg7ZCsjBt1GRLiDzdqrM8po/vCebEme4QPhRKxb69KMCVL1Lljpu/3+9,6.866784193974596,73.2690833072335,19.118780784648983
1206000,bA2tJJsSFg7ZCsjBt1GRLiDzdqrM8po/vCebEme4QPhRKxb69KMCVL1Lljpu/3+9,6.501235725710096,57.692066461993775,13.446957724434066
1206300,bA2tJJsSFg7ZCsjBt1GRLiDzdqrM8po/vCebEme4QPhRKxb69KMCVL1Lljpu/3+9,6.70213089865939,19.122031299862808,8.913551014285254
1206600,bA2tJJsSFg7ZCsjBt1GRLiDzdqrM8po/vCebEme4QPhRKxb69KMCVL1Lljpu/3+9,7.1238959568504265,43.81642946308568,16.28900741501406
1206900,bA2tJJsSFg7ZCsjBt1GRLiDzdqrM8po/vCebEme4QPhRKxb69KMCVL1Lljpu/3+9,12.595840965577064,43.44642729902192,19.064382038824352
1207200,bA2tJJsSFg7ZCsjBt1GRLiDzdqrM8po/vCebEme4QPhRKxb69KMCVL1Lljpu/3+9,6.4915254583002415,55.20507771986029,14.410112909162525
1207500,bA2tJJsSFg7ZCsjBt1GRLiDzdqrM8po/vCebEme4QPhRKxb69KMCVL1Lljpu/3+9,6.813663246302776,63.25752434200398,13.802167001291938
1207800,bA2tJJsSFg7ZCsjBt1GRLiDzdqrM8po/vCebEme4QPhRKxb69KMCVL1Lljpu/3+9,6.602999500404708,11.917488647442774,8.635704610893086
1208100,bA2tJJsSFg7ZCsjBt1GRLiDzdqrM8po/vCebEme4QPhRKxb69KMCVL1Lljpu/3+9,6.795373777080048,37.49396092119251,11.47154896902412
1208400,bA2tJJsSFg7ZCsjBt1GRLiDzdqrM8po/vCebEme4QPhRKxb69KMCVL1Lljpu/3+9,6.396386552165021,58.87793163097222,16.544986337089647
1208700,bA2tJJsSFg7ZCsjBt1GRLiDzdqrM8po/vCebEme4QPhRKxb69KMCVL1Lljpu/3+9,6.519327901473552,14.47732821472445,8.295020704398848
1209000,bA2tJJsSFg7ZCsjBt1GRLiDzdqrM8po/vCebEme4QPhRKxb69KMCVL1Lljpu/3+9,6.86212075650487,10.89874205951254,8.078785096994658
1209300,bA2tJJsSFg7ZCsjBt1GRLiDzdqrM8po/vCebEme4QPhRKxb69KMCVL1Lljpu/3+9,6.547949858768222,67.59541240250779,17.12796644941053
1209600,bA2tJJsSFg7ZCsjBt1GRLiDzdqrM8po/vCebEme4QPhRKxb69KMCVL1Lljpu/3+9,6.7309139595396426,60.06647017944818,13.755166646035104
1209900,bA2tJJsSFg7ZCsjBt1GRLiDzdqrM8po/vCebEme4QPhRKxb69KMCVL1Lljpu/3+9,6.850393748894932,15.000237162753658,9.14939994776872
1210200,bA2tJJsSFg7ZCsjBt1GRLiDzdqrM8po/vCebEme4QPhRKxb69KMCVL1Lljpu/3+9,6.7534073227223965,34.610499872344015,11.000072270813863
1210500,bA2tJJsSFg7ZCsjBt1GRLiDzdqrM8po/vCebEme4QPhRKxb69KMCVL1Lljpu/3+9,6.468604645683512,28.9211460144072,11.476983217183047
1210800,bA2tJJsSFg7ZCsjBt1GRLiDzdqrM8po/vCebEme4QPhRKxb69KMCVL1Lljpu/3+9,6.549873428827645,61.11894135902921,13.506752373211006
1211100,bA2tJJsSFg7ZCsjBt1GRLiDzdqrM8po/vCebEme4QPhRKxb69KMCVL1Lljpu/3+9,6.538853143490542,61.04151837672073,13.887954116818522
1211400,bA2tJJsSFg7ZCsjBt1GRLiDzdqrM8po/vCebEme4QPhRKxb69KMCVL1Lljpu/3+9,6.844324540170566,11.407443448933522,8.455020610702247
1211700,bA2tJJsSFg7ZCsjBt1GRLiDzdqrM8po/vCebEme4QPhRKxb69KMCVL1Lljpu/3+9,6.382668861829308,24.63739571587504,11.030753476238305
1212000,bA2tJJsSFg7ZCsjBt1GRLiDzdqrM8po/vCebEme4QPhRKxb69KMCVL1Lljpu/3+9,6.725178381854149,64.30781297979321,16.666293926652386
1212300,bA2tJJsSFg7ZCsjBt1GRLiDzdqrM8po/vCebEme4QPhRKxb69KMCVL1Lljpu/3+9,6.770254419391655,17.98629933012221,9.900280344527015
1212600,bA2tJJsSFg7ZCsjBt1GRLiDzdqrM8po/vCebEme4QPhRKxb69KMCVL1Lljpu/3+9,6.590443377965326,11.544837471935654,8.370916849538064
1212900,bA2tJJsSFg7ZCsjBt1GRLiDzdqrM8po/vCebEme4QPhRKxb69KMCVL1Lljpu/3+9,7.489336088760146,62.20554146564884,17.360998112572933
1213200,bA2tJJsSFg7ZCsjBt1GRLiDzdqrM8po/vCebEme4QPhRKxb69KMCVL1Lljpu/3+9,6.571398720446854,66.1598975124773,14.448156213004175
1213500,bA2tJJsSFg7ZCsjBt1GRLiDzdqrM8po/vCebEme4QPhRKxb69KMCVL1Lljpu/3+9,6.943341435335031,15.316144429575775,8.362337647816016
1213800,bA2tJJsSFg7ZCsjBt1GRLiDzdqrM8po/vCebEme4QPhRKxb69KMCVL1Lljpu/3+9,6.642476837128675,37.943027156824606,11.756545584331011
1214100,bA2tJJsSFg7ZCsjBt1GRLiDzdqrM8po/vCebEme4QPhRKxb69KMCVL1Lljpu/3+9,7.020132614177132,17.740989476250697,9.486827403969386
1214400,bA2tJJsSFg7ZCsjBt1GRLiDzdqrM8po/vCebEme4QPhRKxb69KMCVL1Lljpu/3+9,6.693720943733825,64.5095359687338,14.051938023072465
1214700,bA2tJJsSFg7ZCsjBt1GRLiDzdqrM8po/vCebEme4QPhRKxb69KMCVL1Lljpu/3+9,6.974329210381316,61.15000415611604,13.838075068165402
1215000,bA2tJJsSFg7ZCsjBt1GRLiDzdqrM8po/vCebEme4QPhRKxb69KMCVL1Lljpu/3+9,6.931400332953307,11.771381390864097,8.617640430404354
1215300,bA2tJJsSFg7ZCsjBt1GRLiDzdqrM8po/vCebEme4QPhRKxb69KMCVL1Lljpu/3+9,6.840586525617085,37.44484104268152,11.079600785688443
1215600,bA2tJJsSFg7ZCsjBt1GRLiDzdqrM8po/vCebEme4QPhRKxb69KMCVL1Lljpu/3+9,6.717450004267032,63.968905097683226,16.695144552844937
1215900,bA2tJJsSFg7ZCsjBt1GRLiDzdqrM8po/vCebEme4QPhRKxb69KMCVL1Lljpu/3+9,6.814102936140294,13.833700751827983,8.532988685154931
1216200,bA2tJJsSFg7ZCsjBt1GRLiDzdqrM8po/vCebEme4QPhRKxb69KMCVL1Lljpu/3+9,6.52509050913836,11.646160905222736,8.04482326872534
1216500,bA2tJJsSFg7ZCsjBt1GRLiDzdqrM8po/vCebEme4QPhRKxb69KMCVL1Lljpu/3+9,6.34052549995685,61.57282103421919,16.502880761241368
1216800,bA2tJJsSFg7ZCsjBt1GRLiDzdqrM8po/vCebEme4QPhRKxb69KMCVL1Lljpu/3+9,6.656545339094243,62.92520605552504,14.27052117549618
1217100,bA2tJJsSFg7ZCsjBt1GRLiDzdqrM8po/vCebEme4QPhRKxb69KMCVL1Lljpu/3+9,6.544010676980479,13.237057816650486,8.274478930343683
1217400,bA2tJJsSFg7ZCsjBt1GRLiDzdqrM8po/vCebEme4QPhRKxb69KMCVL1Lljpu/3+9,6.65632845696281,38.15768065346148,11.705376051688884
1217700,bA2tJJsSFg7ZCsjBt1GRLiDzdqrM8po/vCebEme4QPhRKxb69KMCVL1Lljpu/3+9,6.84278104084464,37.161989788072894,11.668459481903472
1218000,bA2tJJsSFg7ZCsjBt1GRLiDzdqrM8po/vCebEme4QPhRKxb69KMCVL1Lljpu/3+9,6.4071258702481275,58.31651785696762,13.735718745776474
1218300,bA2tJJsSFg7ZCsjBt1GRLiDzdqrM8po/vCebEme4QPhRKxb69KMCVL1Lljpu/3+9,6.603674530990776,61.40520778946558,13.698746145700913
1218600,bA2tJJsSFg7ZCsjBt1GRLiDzdqrM8po/vCebEme4QPhRKxb69KMCVL1Lljpu/3+9,6.449478396978983,12.045784578459338,8.47686486852974
1218900,bA2tJJsSFg7ZCsjBt1GRLiDzdqrM8po/vCebEme4QPhRKxb69KMCVL1Lljpu/3+9,6.484345502537724,35.54971186111536,10.964170887916104
1219200,bA2tJJsSFg7ZCsjBt1GRLiDzdqrM8po/vCebEme4QPhRKxb69KMCVL1Lljpu/3+9,6.874102529574017,55.706031597165605,17.105617659604803
1219500,bA2tJJsSFg7ZCsjBt1GRLiDzdqrM8po/vCebEme4QPhRKxb69KMCVL1Lljpu/3+9,6.494635270962018,12.896820183872034,8.43223607105072
1219800,bA2tJJsSFg7ZCsjBt1GRLiDzdqrM8po/vCebEme4QPhRKxb69KMCVL1Lljpu/3+9,6.30314834045104,11.297409440580816,7.608094503707827
1220100,bA2tJJsSFg7ZCsjBt1GRLiDzdqrM8po/vCebEme4QPhRKxb69KMCVL1Lljpu/3+9,6.562497694835512,60.36927366862304,16.864607232751165
1220400,bA2tJJsSFg7ZCsjBt1GRLiDzdqrM8po/vCebEme4QPhRKxb69KMCVL1Lljpu/3+9,6.696192600779626,66.33708597841317,15.43889018056796
1220700,bA2tJJsSFg7ZCsjBt1GRLiDzdqrM8po/vCebEme4QPhRKxb69KMCVL1Lljpu/3+9,6.689630546087521,13.356499645505783,8.479742448616745
1221000,bA2tJJsSFg7ZCsjBt1GRLiDzdqrM8po/vCebEme4QPhRKxb69KMCVL1Lljpu/3+9,6.657150989912611,34.599929296208096,11.287247840478583
1221300,bA2tJJsSFg7ZCsjBt1GRLiDzdqrM8po/vCebEme4QPhRKxb69KMCVL1Lljpu/3+9,6.654960755215545,37.553148282770685,11.7798235208891
1221600,bA2tJJsSFg7ZCsjBt1GRLiDzdqrM8po/vCebEme4QPhRKxb69KMCVL1Lljpu/3+9,6.622204479288265,37.87960451964536,13.337573001791808
1221900,bA2tJJsSFg7ZCsjBt1GRLiDzdqrM8po/vCebEme4QPhRKxb69KMCVL1Lljpu/3+9,6.679521188204454,59.560464099114405,14.91526293799592
1222200,bA2tJJsSFg7ZCsjBt1GRLiDzdqrM8po/vCebEme4QPhRKxb69KMCVL1Lljpu/3+9,6.4083428936899125,12.602415201493471,8.512678337471417
1222500,bA2tJJsSFg7ZCsjBt1GRLiDzdqrM8po/vCebEme4QPhRKxb69KMCVL1Lljpu/3+9,6.9192138797849,34.98238665189905,11.37847644846283
1222800,bA2tJJsSFg7ZCsjBt1GRLiDzdqrM8po/vCebEme4QPhRKxb69KMCVL1Lljpu/3+9,6.855830514369408,44.26593346988559,16.158997670829518
1223100,bA2tJJsSFg7ZCsjBt1GRLiDzdqrM8po/vCebEme4QPhRKxb69KMCVL1Lljpu/3+9,6.864094649040479,14.847861342558383,8.976909072696715
1223400,bA2tJJsSFg7ZCsjBt1GRLiDzdqrM8po/vCebEme4QPhRKxb69KMCVL1Lljpu/3+9,6.476105451410646,11.269766081102498,7.69781741790202
1223700,bA2tJJsSFg7ZCsjBt1GRLiDzdqrM8po/vCebEme4QPhRKxb69KMCVL1Lljpu/3+9,6.6707470328803,65.50421081454928,16.551045110808214
1224000,bA2tJJsSFg7ZCsjBt1GRLiDzdqrM8po/vCebEme4QPhRKxb69KMCVL1Lljpu/3+9,6.501972997584704,45.52935009768954,14.041359057127169
1224300,bA2tJJsSFg7ZCsjBt1GRLiDzdqrM8po/vCebEme4QPhRKxb69KMCVL1Lljpu/3+9,6.894420403867473,14.209054780627088,8.691492944957663
1224600,bA2tJJsSFg7ZCsjBt1GRLiDzdqrM8po/vCebEme4QPhRKxb69KMCVL1Lljpu/3+9,6.827458950687087,35.13713846768032,11.47792658857267
1224900,bA2tJJsSFg7ZCsjBt1GRLiDzdqrM8po/vCebEme4QPhRKxb69KMCVL1Lljpu/3+9,6.595126432919717,32.68107490716007,11.507625531186177
1225200,bA2tJJsSFg7ZCsjBt1GRLiDzdqrM8po/vCebEme4QPhRKxb69KMCVL1Lljpu/3+9,6.665888679495945,46.90246377046986,13.402007362905213
1225500,bA2tJJsSFg7ZCsjBt1GRLiDzdqrM8po/vCebEme4QPhRKxb69KMCVL1Lljpu/3+9,6.686997892252044,60.92501842595488,14.152965176371996
1225800,bA2tJJsSFg7ZCsjBt1GRLiDzdqrM8po/vCebEme4QPhRKxb69KMCVL1Lljpu/3+9,6.860768708003414,15.474775169447083,8.930410255341563
1226100,bA2tJJsSFg7ZCsjBt1GRLiDzdqrM8po/vCebEme4QPhRKxb69KMCVL1Lljpu/3+9,6.758641345553677,41.09988614757138,11.374935495551366
1226400,bA2tJJsSFg7ZCsjBt1GRLiDzdqrM8po/vCebEme4QPhRKxb69KMCVL1Lljpu/3+9,6.7508504824013835,46.63184763994816,16.28699167486543
1226700,bA2tJJsSFg7ZCsjBt1GRLiDzdqrM8po/vCebEme4QPhRKxb69KMCVL1Lljpu/3+9,6.6621363740034365,14.399647648081906,8.870339002314623
1227000,bA2tJJsSFg7ZCsjBt1GRLiDzdqrM8po/vCebEme4QPhRKxb69KMCVL1Lljpu/3+9,6.806128660253177,10.79329440818332,7.721376748079964
1227300,bA2tJJsSFg7ZCsjBt1GRLiDzdqrM8po/vCebEme4QPhRKxb69KMCVL1Lljpu/3+9,6.825379825365397,52.24363373956341,15.302945746880962
1227600,bA2tJJsSFg7ZCsjBt1GRLiDzdqrM8po/vCebEme4QPhRKxb69KMCVL1Lljpu/3+9,6.84254279158176,63.19254542435126,15.64691731122836
1227900,bA2tJJsSFg7ZCsjBt1GRLiDzdqrM8po/vCebEme4QPhRKxb69KMCVL1Lljpu/3+9,6.931996405094878,13.57303494727274,8.617552514417023
1228200,bA2tJJsSFg7ZCsjBt1GRLiDzdqrM8po/vCebEme4QPhRKxb69KMCVL1Lljpu/3+9,6.571863144980816,37.4041036125692,11.419855530047911
1228500,bA2tJJsSFg7ZCsjBt1GRLiDzdqrM8po/vCebEme4QPhRKxb69KMCVL1Lljpu/3+9,6.421074607945528,36.17247316238748,11.595441149610688
1228800,bA2tJJsSFg7ZCsjBt1GRLiDzdqrM8po/vCebEme4QPhRKxb69KMCVL1Lljpu/3+9,6.908640952655558,66.35100123980459,13.590558427602645
1229100,bA2tJJsSFg7ZCsjBt1GRLiDzdqrM8po/vCebEme4QPhRKxb69KMCVL1Lljpu/3+9,6.848138663991228,51.648487952109846,12.513959869993451
1229400,bA2tJJsSFg7ZCsjBt1GRLiDzdqrM8po/vCebEme4QPhRKxb69KMCVL1Lljpu/3+9,6.565521827456046,25.272178027432773,9.855836005992238
1229700,bA2tJJsSFg7ZCsjBt1GRLiDzdqrM8po/vCebEme4QPhRKxb69KMCVL1Lljpu/3+9,7.089072150395406,25.21281208192144,11.933456571557231
1230000,bA2tJJsSFg7ZCsjBt1GRLiDzdqrM8po/vCebEme4QPhRKxb69KMCVL1Lljpu/3+9,6.750865959815217,63.597118024521514,16.217435081993592
1230300,bA2tJJsSFg7ZCsjBt1GRLiDzdqrM8po/vCebEme4QPhRKxb69KMCVL1Lljpu/3+9,6.746725453392513,14.001686383564332,8.770983540952725
1230600,bA2tJJsSFg7ZCsjBt1GRLiDzdqrM8po/vCebEme4QPhRKxb69KMCVL1Lljpu/3+9,6.354899698936323,10.897574314222028,7.536770635779289
1230900,bA2tJJsSFg7ZCsjBt1GRLiDzdqrM8po/vCebEme4QPhRKxb69KMCVL1Lljpu/3+9,6.707171375452926,49.068124015904274,14.94954344780722
1231200,bA2tJJsSFg7ZCsjBt1GRLiDzdqrM8po/vCebEme4QPhRKxb69KMCVL1Lljpu/3+9,6.927290600258056,61.69860569258366,15.732043211473597
1231500,bA2tJJsSFg7ZCsjBt1GRLiDzdqrM8po/vCebEme4QPhRKxb69KMCVL1Lljpu/3+9,6.729086058071304,11.62820690985482,8.06651893698482
1231800,bA2tJJsSFg7ZCsjBt1GRLiDzdqrM8po/vCebEme4QPhRKxb69KMCVL1Lljpu/3+9,6.770705753446152,34.7162680616287,11.005613557362532
1232100,bA2tJJsSFg7ZCsjBt1GRLiDzdqrM8po/vCebEme4QPhRKxb69KMCVL1Lljpu/3+9,6.593458818874206,39.402326479732906,10.910749685435938
1232400,bA2tJJsSFg7ZCsjBt1GRLiDzdqrM8po/vCebEme4QPhRKxb69KMCVL1Lljpu/3+9,6.3925325148062475,59.95061975317736,13.887911655051528
1232700,bA2tJJsSFg7ZCsjBt1GRLiDzdqrM8po/vCebEme4QPhRKxb69KMCVL1Lljpu/3+9,6.396936746742017,47.88935989146058,12.054520843618176
1233000,bA2tJJsSFg7ZCsjBt1GRLiDzdqrM8po/vCebEme4QPhRKxb69KMCVL1Lljpu/3+9,6.663548910767879,28.606137370845687,10.005905155123957
1233300,bA2tJJsSFg7ZCsjBt1GRLiDzdqrM8po/vCebEme4QPhRKxb69KMCVL1Lljpu/3+9,6.602602838522499,39.39183572240204,11.212186928604302
1233600,bA2tJJsSFg7ZCsjBt1GRLiDzdqrM8po/vCebEme4QPhRKxb69KMCVL1Lljpu/3+9,6.869681094819893,59.05269729730118,16.931437369061523
1233900,bA2tJJsSFg7ZCsjBt1GRLiDzdqrM8po/vCebEme4QPhRKxb69KMCVL1Lljpu/3+9,6.9072933163416765,10.92843453706913,8.285826527271553
1234200,bA2tJJsSFg7ZCsjBt1GRLiDzdqrM8po/vCebEme4QPhRKxb69KMCVL1Lljpu/3+9,6.246061276537444,13.325117497298434,8.223965622041497
1234500,bA2tJJsSFg7ZCsjBt1GRLiDzdqrM8po/vCebEme4QPhRKxb69KMCVL1Lljpu/3+9,6.782606793391659,46.06147294019296,14.646739830050317
1234800,bA2tJJsSFg7ZCsjBt1GRLiDzdqrM8po/vCebEme4QPhRKxb69KMCVL1Lljpu/3+9,6.649426203864415,57.96045133549556,15.909970783055028
1235100,bA2tJJsSFg7ZCsjBt1GRLiDzdqrM8po/vCebEme4QPhRKxb69KMCVL1Lljpu/3+9,6.471549301661572,10.797185873978895,8.074040254217097
1235400,bA2tJJsSFg7ZCsjBt1GRLiDzdqrM8po/vCebEme4QPhRKxb69KMCVL1Lljpu/3+9,6.6246147906602415,34.75809349048899,10.930958754044305
1235700,bA2tJJsSFg7ZCsjBt1GRLiDzdqrM8po/vCebEme4QPhRKxb69KMCVL1Lljpu/3+9,6.583143922295252,40.08131655368595,10.954963466550662
1236000,bA2tJJsSFg7ZCsjBt1GRLiDzdqrM8po/vCebEme4QPhRKxb69KMCVL1Lljpu/3+9,12.4396117188481,56.32110026755641,18.423108715165423
1236300,bA2tJJsSFg7ZCsjBt1GRLiDzdqrM8po/vCebEme4QPhRKxb69KMCVL1Lljpu/3+9,13.55183346804386,49.9058052540446,18.219402754427197
1236600,bA2tJJsSFg7ZCsjBt1GRLiDzdqrM8po/vCebEme4QPhRKxb69KMCVL1Lljpu/3+9,6.7246481901280974,40.38656150553292,13.404634948791944
1236900,bA2tJJsSFg7ZCsjBt1GRLiDzdqrM8po/vCebEme4QPhRKxb69KMCVL1Lljpu/3+9,6.657531459839304,38.15768153298136,10.950325124950451
1237200,bA2tJJsSFg7ZCsjBt1GRLiDzdqrM8po/vCebEme4QPhRKxb69KMCVL1Lljpu/3+9,6.8221897340194,54.09627416257607,17.06048646649885
1237500,bA2tJJsSFg7ZCsjBt1GRLiDzdqrM8po/vCebEme4QPhRKxb69KMCVL1Lljpu/3+9,6.722369025620042,10.65170527596119,8.432697201825526
1237800,bA2tJJsSFg7ZCsjBt1GRLiDzdqrM8po/vCebEme4QPhRKxb69KMCVL1Lljpu/3+9,6.633508543047723,13.209172301174572,8.165789581528786
1238100,bA2tJJsSFg7ZCsjBt1GRLiDzdqrM8po/vCebEme4QPhRKxb69KMCVL1Lljpu/3+9,6.951315968154093,44.17785798720061,14.641097923428028
1238400,bA2tJJsSFg7ZCsjBt1GRLiDzdqrM8po/vCebEme4QPhRKxb69KMCVL1Lljpu/3+9,6.590852849018296,53.25241103539896,16.26982222231361
1238700,bA2tJJsSFg7ZCsjBt1GRLiDzdqrM8po/vCebEme4QPhRKxb69KMCVL1Lljpu/3+9,6.679866637550486,10.537188879161532,8.138034915529238
1239000,bA2tJJsSFg7ZCsjBt1GRLiDzdqrM8po/vCebEme4QPhRKxb69KMCVL1Lljpu/3+9,6.801965962915344,34.27013345229844,10.901748920198465
1239300,bA2tJJsSFg7ZCsjBt1GRLiDzdqrM8po/vCebEme4QPhRKxb69KMCVL1Lljpu/3+9,6.634810706330772,36.4110437294791,10.961158897442168
1239600,bA2tJJsSFg7ZCsjBt1GRLiDzdqrM8po/vCebEme4QPhRKxb69KMCVL1Lljpu/3+9,6.523112779160287,52.90849398889808,13.884919323286464
1239900,bA2tJJsSFg7ZCsjBt1GRLiDzdqrM8po/vCebEme4QPhRKxb69KMCVL1Lljpu/3+9,6.702685934928845,42.31528787729104,11.668997738560916
1240200,bA2tJJsSFg7ZCsjBt1GRLiDzdqrM8po/vCebEme4QPhRKxb69KMCVL1Lljpu/3+9,6.861722251458766,27.567068091118685,10.543342351413488
1240500,bA2tJJsSFg7ZCsjBt1GRLiDzdqrM8po/vCebEme4QPhRKxb69KMCVL1Lljpu/3+9,6.360295329182297,26.93769472517556,10.740303208746322
1240800,bA2tJJsSFg7ZCsjBt1GRLiDzdqrM8po/vCebEme4QPhRKxb69KMCVL1Lljpu/3+9,6.562085504754544,55.670108809752485,16.578952203503597
1241100,bA2tJJsSFg7ZCsjBt1GRLiDzdqrM8po/vCebEme4QPhRKxb69KMCVL1Lljpu/3+9,6.350335744626068,10.871177557824414,8.227966814845832
1241400,bA2tJJsSFg7ZCsjBt1GRLiDzdqrM8po/vCebEme4QPhRKxb69KMCVL1Lljpu/3+9,6.544650007489579,17.236286484423132,8.143373377228997
1241700,bA2tJJsSFg7ZCsjBt1GRLiDzdqrM8po/vCebEme4QPhRKxb69KMCVL1Lljpu/3+9,7.410966203893444,39.94828205477313,15.105950533460726
1242000,bA2tJJsSFg7ZCsjBt1GRLiDzdqrM8po/vCebEme4QPhRKxb69KMCVL1Lljpu/3+9,6.506924219039036,54.61418236678119,16.531198240766443
1242300,bA2tJJsSFg7ZCsjBt1GRLiDzdqrM8po/vCebEme4QPhRKxb69KMCVL1Lljpu/3+9,6.524636727940542,10.057342099879031,8.165084128899213
1242600,bA2tJJsSFg7ZCsjBt1GRLiDzdqrM8po/vCebEme4QPhRKxb69KMCVL1Lljpu/3+9,6.6612205544604,34.27317720914043,10.95544655119608
1242900,bA2tJJsSFg7ZCsjBt1GRLiDzdqrM8po/vCebEme4QPhRKxb69KMCVL1Lljpu/3+9,6.597860626338483,36.33430112334837,11.068943058390095
1243200,bA2tJJsSFg7ZCsjBt1GRLiDzdqrM8po/vCebEme4QPhRKxb69KMCVL1Lljpu/3+9,6.664721439833605,52.0722875632053,14.04121257175658
1243500,bA2tJJsSFg7ZCsjBt1GRLiDzdqrM8po/vCebEme4QPhRKxb69KMCVL1Lljpu/3+9,6.530612734159945,37.66616646410236,11.34564114450676
1243800,bA2tJJsSFg7ZCsjBt1GRLiDzdqrM8po/vCebEme4QPhRKxb69KMCVL1Lljpu/3+9,6.0867208017058045,32.69155577439159,11.048888437098974
1244100,bA2tJJsSFg7ZCsjBt1GRLiDzdqrM8po/vCebEme4QPhRKxb69KMCVL1Lljpu/3+9,6.259340385408676,35.226252457670235,10.741490645223651
1244400,bA2tJJsSFg7ZCsjBt1GRLiDzdqrM8po/vCebEme4QPhRKxb69KMCVL1Lljpu/3+9,6.531590450984643,49.45938718358988,16.767709873666657
1244700,bA2tJJsSFg7ZCsjBt1GRLiDzdqrM8po/vCebEme4QPhRKxb69KMCVL1Lljpu/3+9,6.47813283838313,10.639348474935712,8.233701458065596
1245000,bA2tJJsSFg7ZCsjBt1GRLiDzdqrM8po/vCebEme4QPhRKxb69KMCVL1Lljpu/3+9,6.635910067693321,17.088341613142422,8.226318990027924
1245300,bA2tJJsSFg7ZCsjBt1GRLiDzdqrM8po/vCebEme4QPhRKxb69KMCVL1Lljpu/3+9,6.43193913281876,37.385673734773846,14.566049255652157
1245600,bA2tJJsSFg7ZCsjBt1GRLiDzdqrM8po/vCebEme4QPhRKxb69KMCVL1Lljpu/3+9,6.44343198958465,44.20459761105049,16.89505663265322
1245900,bA2tJJsSFg7ZCsjBt1GRLiDzdqrM8po/vCebEme4QPhRKxb69KMCVL1Lljpu/3+9,6.512138208757032,10.659561785930974,8.061331576387861
1246200,bA2tJJsSFg7ZCsjBt1GRLiDzdqrM8po/vCebEme4QPhRKxb69KMCVL1Lljpu/3+9,7.0106876405275065,34.50192551174618,11.167641777239584
1246500,bA2tJJsSFg7ZCsjBt1GRLiDzdqrM8po/vCebEme4QPhRKxb69KMCVL1Lljpu/3+9,6.763193702365515,34.68544732576208,10.990146962644925
1246800,bA2tJJsSFg7ZCsjBt1GRLiDzdqrM8po/vCebEme4QPhRKxb69KMCVL1Lljpu/3+9,6.543615831547012,42.564662284596686,13.882815544606826
1247100,bA2tJJsSFg7ZCsjBt1GRLiDzdqrM8po/vCebEme4QPhRKxb69KMCVL1Lljpu/3+9,7.1238191622582265,34.85955962753338,11.01573447147708
1247400,bA2tJJsSFg7ZCsjBt1GRLiDzdqrM8po/vCebEme4QPhRKxb69KMCVL1Lljpu/3+9,6.4262832451538,35.19508183365117,11.379147356374183
1247700,bA2tJJsSFg7ZCsjBt1GRLiDzdqrM8po/vCebEme4QPhRKxb69KMCVL1Lljpu/3+9,6.78325631940587,35.61182461521987,10.834202445878171
1248000,bA2tJJsSFg7ZCsjBt1GRLiDzdqrM8po/vCebEme4QPhRKxb69KMCVL1Lljpu/3+9,6.920247440695987,45.82879796954101,16.954518156550527
1248300,bA2tJJsSFg7ZCsjBt1GRLiDzdqrM8po/vCebEme4QPhRKxb69KMCVL1Lljpu/3+9,6.798479439338861,10.463349008267496,8.302239629062916
1248600,bA2tJJsSFg7ZCsjBt1GRLiDzdqrM8po/vCebEme4QPhRKxb69KMCVL1Lljpu/3+9,6.55601219343356,13.527172545264468,8.158232825529744
1248900,bA2tJJsSFg7ZCsjBt1GRLiDzdqrM8po/vCebEme4QPhRKxb69KMCVL1Lljpu/3+9,7.312196624872832,37.10084243465794,13.682389547982288
1249200,bA2tJJsSFg7ZCsjBt1GRLiDzdqrM8po/vCebEme4QPhRKxb69KMCVL1Lljpu/3+9,6.393350997196411,52.78283945568823,17.078656318959705
1249500,bA2tJJsSFg7ZCsjBt1GRLiDzdqrM8po/vCebEme4QPhRKxb69KMCVL1Lljpu/3+9,6.524888559423486,10.098963278664682,7.991920281230666
1249800,bA2tJJsSFg7ZCsjBt1GRLiDzdqrM8po/vCebEme4QPhRKxb69KMCVL1Lljpu/3+9,6.671060721553323,33.97188426997557,10.986734425573694
1250100,bA2tJJsSFg7ZCsjBt1GRLiDzdqrM8po/vCebEme4QPhRKxb69KMCVL1Lljpu/3+9,7.20876201501695,36.12722878728727,11.145535220679111
1250400,bA2tJJsSFg7ZCsjBt1GRLiDzdqrM8po/vCebEme4QPhRKxb69KMCVL1Lljpu/3+9,6.782755846136339,53.284521926883706,13.954581465093709
1250700,bA2tJJsSFg7ZCsjBt1GRLiDzdqrM8po/vCebEme4QPhRKxb69KMCVL1Lljpu/3+9,6.431614802064248,32.902691969041946,10.603835167782142
1251000,bA2tJJsSFg7ZCsjBt1GRLiDzdqrM8po/vCebEme4QPhRKxb69KMCVL1Lljpu/3+9,6.542657802433832,36.059152215118495,11.640699486322728
1251300,bA2tJJsSFg7ZCsjBt1GRLiDzdqrM8po/vCebEme4QPhRKxb69KMCVL1Lljpu/3+9,6.59311699337787,30.914536305647,10.855758285007385
1251600,bA2tJJsSFg7ZCsjBt1GRLiDzdqrM8po/vCebEme4QPhRKxb69KMCVL1Lljpu/3+9,6.981943922060138,55.120141064228974,16.665821823325153
1251900,bA2tJJsSFg7ZCsjBt1GRLiDzdqrM8po/vCebEme4QPhRKxb69KMCVL1Lljpu/3+9,6.928406089427115,11.408911344333596,8.468176687671253
1252200,bA2tJJsSFg7ZCsjBt1GRLiDzdqrM8po/vCebEme4QPhRKxb69KMCVL1Lljpu/3+9,6.878843572139707,12.135225156874943,8.283022381566498
1252500,bA2tJJsSFg7ZCsjBt1GRLiDzdqrM8po/vCebEme4QPhRKxb69KMCVL1Lljpu/3+9,6.85898400494347,29.701683639078123,13.120320414860895
1252800,bA2tJJsSFg7ZCsjBt1GRLiDzdqrM8po/vCebEme4QPhRKxb69KMCVL1Lljpu/3+9,6.794335624785126,50.517644969807805,17.66691538883227
1253100,bA2tJJsSFg7ZCsjBt1GRLiDzdqrM8po/vCebEme4QPhRKxb69KMCVL1Lljpu/3+9,6.978757164657382,10.235083439860093,8.037508369997173
1253400,bA2tJJsSFg7ZCsjBt1GRLiDzdqrM8po/vCebEme4QPhRKxb69KMCVL1Lljpu/3+9,6.580941249711675,28.442391450701408,10.550677391001257
1253700,bA2tJJsSFg7ZCsjBt1GRLiDzdqrM8po/vCebEme4QPhRKxb69KMCVL1Lljpu/3+9,6.8112354574959175,36.10440324247104,11.627874100649246
1254000,bA2tJJsSFg7ZCsjBt1GRLiDzdqrM8po/vCebEme4QPhRKxb69KMCVL1Lljpu/3+9,6.559969864630736,54.584970725727594,13.960241946957554
1254300,bA2tJJsSFg7ZCsjBt1GRLiDzdqrM8po/vCebEme4QPhRKxb69KMCVL1Lljpu/3+9,6.801943396904897,28.86709749936039,10.486406759790878
1254600,bA2tJJsSFg7ZCsjBt1GRLiDzdqrM8po/vCebEme4QPhRKxb69KMCVL1Lljpu/3+9,6.260045009616427,40.803459210349246,11.942969896463572
1254900,bA2tJJsSFg7ZCsjBt1GRLiDzdqrM8po/vCebEme4QPhRKxb69KMCVL1Lljpu/3+9,7.324233170700624,27.76306215328215,10.806678598316209
1255200,bA2tJJsSFg7ZCsjBt1GRLiDzdqrM8po/vCebEme4QPhRKxb69KMCVL1Lljpu/3+9,6.552883578972152,62.404248983246575,16.24472870768126
1255500,bA2tJJsSFg7ZCsjBt1GRLiDzdqrM8po/vCebEme4QPhRKxb69KMCVL1Lljpu/3+9,6.659324344323082,15.523187182406405,9.014842469030633
1255800,bA2tJJsSFg7ZCsjBt1GRLiDzdqrM8po/vCebEme4QPhRKxb69KMCVL1Lljpu/3+9,6.482314135371841,13.816780459027138,8.187545375604442
1256100,bA2tJJsSFg7ZCsjBt1GRLiDzdqrM8po/vCebEme4QPhRKxb69KMCVL1Lljpu/3+9,6.742983308281174,36.96105181753816,12.936028237166273
1256400,bA2tJJsSFg7ZCsjBt1GRLiDzdqrM8po/vCebEme4QPhRKxb69KMCVL1Lljpu/3+9,6.480295170468451,65.61222812865097,18.11974228022519
1256700,bA2tJJsSFg7ZCsjBt1GRLiDzdqrM8po/vCebEme4QPhRKxb69KMCVL1Lljpu/3+9,6.729351285756781,11.338421258023724,8.194134373068156
1257000,bA2tJJsSFg7ZCsjBt1GRLiDzdqrM8po/vCebEme4QPhRKxb69KMCVL1Lljpu/3+9,6.795139449093799,26.459197504225337,10.344324503107726
1257300,bA2tJJsSFg7ZCsjBt1GRLiDzdqrM8po/vCebEme4QPhRKxb69KMCVL1Lljpu/3+9,6.456248215461468,35.962073068501084,12.122497277471163
1257600,bA2tJJsSFg7ZCsjBt1GRLiDzdqrM8po/vCebEme4QPhRKxb69KMCVL1Lljpu/3+9,6.770565852659272,64.64211195797643,14.07556698947926
1257900,bA2tJJsSFg7ZCsjBt1GRLiDzdqrM8po/vCebEme4QPhRKxb69KMCVL1Lljpu/3+9,6.788783948361536,25.48600202601462,10.122384315376886
1258200,bA2tJJsSFg7ZCsjBt1GRLiDzdqrM8po/vCebEme4QPhRKxb69KMCVL1Lljpu/3+9,6.486416656963439,43.833177373186565,12.24075072840346
1258500,bA2tJJsSFg7ZCsjBt1GRLiDzdqrM8po/vCebEme4QPhRKxb69KMCVL1Lljpu/3+9,6.314163369489393,27.00254779402273,10.820378345605342
1258800,bA2tJJsSFg7ZCsjBt1GRLiDzdqrM8po/vCebEme4QPhRKxb69KMCVL1Lljpu/3+9,6.766328165689584,64.2703721501082,15.727124811221318
1259100,bA2tJJsSFg7ZCsjBt1GRLiDzdqrM8po/vCebEme4QPhRKxb69KMCVL1Lljpu/3+9,6.66908089766717,19.44426820768932,9.32976623597729
1259400,bA2tJJsSFg7ZCsjBt1GRLiDzdqrM8po/vCebEme4QPhRKxb69KMCVL1Lljpu/3+9,6.727015571199127,13.364594463075637,8.261379192280069
1259700,bA2tJJsSFg7ZCsjBt1GRLiDzdqrM8po/vCebEme4QPhRKxb69KMCVL1Lljpu/3+9,7.050366070873472,30.926222486875865,12.469156379661888
1260000,bA2tJJsSFg7ZCsjBt1GRLiDzdqrM8po/vCebEme4QPhRKxb69KMCVL1Lljpu/3+9,6.30261288538114,62.97874593199776,18.36003356401109
1260300,bA2tJJsSFg7ZCsjBt1GRLiDzdqrM8po/vCebEme4QPhRKxb69KMCVL1Lljpu/3+9,6.4737990361427,11.59926997904137,8.072056575624925
1260600,bA2tJJsSFg7ZCsjBt1GRLiDzdqrM8po/vCebEme4QPhRKxb69KMCVL1Lljpu/3+9,6.618281345694074,21.08720004769365,9.83414631777011
1260900,bA2tJJsSFg7ZCsjBt1GRLiDzdqrM8po/vCebEme4QPhRKxb69KMCVL1Lljpu/3+9,6.481969400813324,31.512648949917843,12.963936380863236
1261200,bA2tJJsSFg7ZCsjBt1GRLiDzdqrM8po/vCebEme4QPhRKxb69KMCVL1Lljpu/3+9,6.525378822895092,60.60978473341934,13.9282216529154
1261500,bA2tJJsSFg7ZCsjBt1GRLiDzdqrM8po/vCebEme4QPhRKxb69KMCVL1Lljpu/3+9,6.765616223711363,21.48451554890994,9.622108492377386
1261800,bA2tJJsSFg7ZCsjBt1GRLiDzdqrM8po/vCebEme4QPhRKxb69KMCVL1Lljpu/3+9,6.749659251048969,48.36646104640501,12.701482323868074
1262100,bA2tJJsSFg7ZCsjBt1GRLiDzdqrM8po/vCebEme4QPhRKxb69KMCVL1Lljpu/3+9,6.487394088280508,35.88497567438464,10.837094489351673
1262400,bA2tJJsSFg7ZCsjBt1GRLiDzdqrM8po/vCebEme4QPhRKxb69KMCVL1Lljpu/3+9,7.166588955449585,60.294368693831856,15.720009242928953
1262700,bA2tJJsSFg7ZCsjBt1GRLiDzdqrM8po/vCebEme4QPhRKxb69KMCVL1Lljpu/3+9,6.753127745306163,24.230524411828107,10.400123774072958
1263000,bA2tJJsSFg7ZCsjBt1GRLiDzdqrM8po/vCebEme4QPhRKxb69KMCVL1Lljpu/3+9,6.6311065596982175,30.77301567531129,11.912060972287229
1263300,bA2tJJsSFg7ZCsjBt1GRLiDzdqrM8po/vCebEme4QPhRKxb69KMCVL1Lljpu/3+9,6.898630792263339,35.68826109473708,12.220975683517633
1263600,bA2tJJsSFg7ZCsjBt1GRLiDzdqrM8po/vCebEme4QPhRKxb69KMCVL1Lljpu/3+9,6.566931797498845,55.589272430325515,18.96684566553062
1263900,bA2tJJsSFg7ZCsjBt1GRLiDzdqrM8po/vCebEme4QPhRKxb69KMCVL1Lljpu/3+9,6.6091485161180685,11.9289480519879,8.162635766685405
1264200,bA2tJJsSFg7ZCsjBt1GRLiDzdqrM8po/vCebEme4QPhRKxb69KMCVL1Lljpu/3+9,6.972626716139245,18.13485810786636,9.52195911607648
1264500,bA2tJJsSFg7ZCsjBt1GRLiDzdqrM8po/vCebEme4QPhRKxb69KMCVL1Lljpu/3+9,7.014040310819655,36.54132837135647,13.121278575622942
1264800,bA2tJJsSFg7ZCsjBt1GRLiDzdqrM8po/vCebEme4QPhRKxb69KMCVL1Lljpu/3+9,6.818147609981273,54.51239319410985,14.080007082925754
1265100,bA2tJJsSFg7ZCsjBt1GRLiDzdqrM8po/vCebEme4QPhRKxb69KMCVL1Lljpu/3+9,7.2317767466391025,19.7072061212797,9.855098720354915
1265400,bA2tJJsSFg7ZCsjBt1GRLiDzdqrM8po/vCebEme4QPhRKxb69KMCVL1Lljpu/3+9,7.741150511210475,52.62010976254486,18.466939648460784
1265700,bA2tJJsSFg7ZCsjBt1GRLiDzdqrM8po/vCebEme4QPhRKxb69KMCVL1Lljpu/3+9,12.687271640658278,41.19708660351307,17.133722334852084
1266000,bA2tJJsSFg7ZCsjBt1GRLiDzdqrM8po/vCebEme4QPhRKxb69KMCVL1Lljpu/3+9,7.155170344046738,47.893478229793054,18.839843877646743
1266300,bA2tJJsSFg7ZCsjBt1GRLiDzdqrM8po/vCebEme4QPhRKxb69KMCVL1Lljpu/3+9,7.489616115439088,71.89261992256228,17.652344080712318
1266600,bA2tJJsSFg7ZCsjBt1GRLiDzdqrM8po/vCebEme4QPhRKxb69KMCVL1Lljpu/3+9,6.7067625436865566,14.01153764303349,8.572549067043875
1266900,bA2tJJsSFg7ZCsjBt1GRLiDzdqrM8po/vCebEme4QPhRKxb69KMCVL1Lljpu/3+9,7.294992168090428,37.13343438228207,12.265857925627229
1267200,bA2tJJsSFg7ZCsjBt1GRLiDzdqrM8po/vCebEme4QPhRKxb69KMCVL1Lljpu/3+9,6.8665885126442285,60.12587306426142,20.01373433388875
1267500,bA2tJJsSFg7ZCsjBt1GRLiDzdqrM8po/vCebEme4QPhRKxb69KMCVL1Lljpu/3+9,6.979804792604067,11.747380323025633,8.57679940273871
1267800,bA2tJJsSFg7ZCsjBt1GRLiDzdqrM8po/vCebEme4QPhRKxb69KMCVL1Lljpu/3+9,7.425020234428574,14.543005720969198,9.268678611519134
1268100,bA2tJJsSFg7ZCsjBt1GRLiDzdqrM8po/vCebEme4QPhRKxb69KMCVL1Lljpu/3+9,6.920026661159274,36.82088355253672,13.737618030398584
1268400,bA2tJJsSFg7ZCsjBt1GRLiDzdqrM8po/vCebEme4QPhRKxb69KMCVL1Lljpu/3+9,6.885532859521592,41.07450169872909,14.921496310898506
1268700,bA2tJJsSFg7ZCsjBt1GRLiDzdqrM8po/vCebEme4QPhRKxb69KMCVL1Lljpu/3+9,7.091558725181558,74.03288460198218,15.345895077391308
1269000,bA2tJJsSFg7ZCsjBt1GRLiDzdqrM8po/vCebEme4QPhRKxb69KMCVL1Lljpu/3+9,6.959148955722972,14.088307048280994,8.65654274364966
1269300,bA2tJJsSFg7ZCsjBt1GRLiDzdqrM8po/vCebEme4QPhRKxb69KMCVL1Lljpu/3+9,7.422674783864575,60.24690603675314,17.882187684481742
1269600,bA2tJJsSFg7ZCsjBt1GRLiDzdqrM8po/vCebEme4QPhRKxb69KMCVL1Lljpu/3+9,7.005743233612085,41.23502474781699,14.949234344055132
1269900,bA2tJJsSFg7ZCsjBt1GRLiDzdqrM8po/vCebEme4QPhRKxb69KMCVL1Lljpu/3+9,7.0927064602845205,33.16132629097748,11.175902089116992
1270200,bA2tJJsSFg7ZCsjBt1GRLiDzdqrM8po/vCebEme4QPhRKxb69KMCVL1Lljpu/3+9,6.887554996838957,13.727579220367463,8.857813145115086
1270500,bA2tJJsSFg7ZCsjBt1GRLiDzdqrM8po/vCebEme4QPhRKxb69KMCVL1Lljpu/3+9,7.322261488599048,75.39353628187587,18.439659667752448
1270800,bA2tJJsSFg7ZCsjBt1GRLiDzdqrM8po/vCebEme4QPhRKxb69KMCVL1Lljpu/3+9,7.239262767740467,40.490692350983416,14.358501033407125
1271100,bA2tJJsSFg7ZCsjBt1GRLiDzdqrM8po/vCebEme4QPhRKxb69KMCVL1Lljpu/3+9,7.569537238469427,61.28587980989347,14.608626019049971
1271400,bA2tJJsSFg7ZCsjBt1GRLiDzdqrM8po/vCebEme4QPhRKxb69KMCVL1Lljpu/3+9,7.451309178940192,13.676983888580825,8.895942063832093
1271700,bA2tJJsSFg7ZCsjBt1GRLiDzdqrM8po/vCebEme4QPhRKxb69KMCVL1Lljpu/3+9,7.31488740982419,35.54821119188495,14.22033064783624
1272000,bA2tJJsSFg7ZCsjBt1GRLiDzdqrM8po/vCebEme4QPhRKxb69KMCVL1Lljpu/3+9,7.319319195238592,38.02681710549128,14.405461496941689
1272300,bA2tJJsSFg7ZCsjBt1GRLiDzdqrM8po/vCebEme4QPhRKxb69KMCVL1Lljpu/3+9,7.011395644673029,76.49759830267554,15.75637927943824
1272600,bA2tJJsSFg7ZCsjBt1GRLiDzdqrM8po/vCebEme4QPhRKxb69KMCVL1Lljpu/3+9,6.645883015565338,13.115203932424468,8.287767460867537
1272900,bA2tJJsSFg7ZCsjBt1GRLiDzdqrM8po/vCebEme4QPhRKxb69KMCVL1Lljpu/3+9,7.332247753929,61.79775765913608,17.32631665587792
1273200,bA2tJJsSFg7ZCsjBt1GRLiDzdqrM8po/vCebEme4QPhRKxb69KMCVL1Lljpu/3+9,7.52556097948046,38.0867295765371,14.58921133630122
1273500,bA2tJJsSFg7ZCsjBt1GRLiDzdqrM8po/vCebEme4QPhRKxb69KMCVL1Lljpu/3+9,6.967895235877036,36.39732445590008,11.400373245074515
1273800,bA2tJJsSFg7ZCsjBt1GRLiDzdqrM8po/vCebEme4QPhRKxb69KMCVL1Lljpu/3+9,7.0502019958683055,13.186669185122208,8.65032786652493
1274100,bA2tJJsSFg7ZCsjBt1GRLiDzdqrM8po/vCebEme4QPhRKxb69KMCVL1Lljpu/3+9,7.210110406683334,76.99191498838755,18.47789245345789
1274400,bA2tJJsSFg7ZCsjBt1GRLiDzdqrM8po/vCebEme4QPhRKxb69KMCVL1Lljpu/3+9,7.432202110758825,38.98064687328871,14.134469106372457
1274700,bA2tJJsSFg7ZCsjBt1GRLiDzdqrM8po/vCebEme4QPhRKxb69KMCVL1Lljpu/3+9,7.022072344239424,64.11996349679609,14.72976246842956
1275000,bA2tJJsSFg7ZCsjBt1GRLiDzdqrM8po/vCebEme4QPhRKxb69KMCVL1Lljpu/3+9,7.085775858953354,13.030617703252672,8.64406157848864
1275300,bA2tJJsSFg7ZCsjBt1GRLiDzdqrM8po/vCebEme4QPhRKxb69KMCVL1Lljpu/3+9,6.907189180844528,40.31147997042198,15.030646044561658
1275600,bA2tJJsSFg7ZCsjBt1GRLiDzdqrM8po/vCebEme4QPhRKxb69KMCVL1Lljpu/3+9,7.508830938038515,40.50072821972517,14.400551440730542
1275900,bA2tJJsSFg7ZCsjBt1GRLiDzdqrM8po/vCebEme4QPhRKxb69KMCVL1Lljpu/3+9,7.045147343072469,78.11547180386398,15.88800964354629
1276200,bA2tJJsSFg7ZCsjBt1GRLiDzdqrM8po/vCebEme4QPhRKxb69KMCVL1Lljpu/3+9,7.206431660573603,13.499198695906294,8.37438592382859
1276500,bA2tJJsSFg7ZCsjBt1GRLiDzdqrM8po/vCebEme4QPhRKxb69KMCVL1Lljpu/3+9,7.02557964082448,62.8079386071121,17.34281291761535
1276800,bA2tJJsSFg7ZCsjBt1GRLiDzdqrM8po/vCebEme4QPhRKxb69KMCVL1Lljpu/3+9,7.1794766054139165,43.07702807083827,14.553364723203192
1277100,bA2tJJsSFg7ZCsjBt1GRLiDzdqrM8po/vCebEme4QPhRKxb69KMCVL1Lljpu/3+9,7.208058049705093,35.53584400475515,11.476601223084849
1277400,bA2tJJsSFg7ZCsjBt1GRLiDzdqrM8po/vCebEme4QPhRKxb69KMCVL1Lljpu/3+9,7.079851110559702,13.451237340124775,8.627959632942943
1277700,bA2tJJsSFg7ZCsjBt1GRLiDzdqrM8po/vCebEme4QPhRKxb69KMCVL1Lljpu/3+9,7.3261964357769775,77.40688203022475,19.172814450207447
1278000,bA2tJJsSFg7ZCsjBt1GRLiDzdqrM8po/vCebEme4QPhRKxb69KMCVL1Lljpu/3+9,7.365179657112168,42.79964418115167,14.16073410222766
1278300,bA2tJJsSFg7ZCsjBt1GRLiDzdqrM8po/vCebEme4QPhRKxb69KMCVL1Lljpu/3+9,7.2791322152131,62.87036581388667,14.564729394451833
1278600,bA2tJJsSFg7ZCsjBt1GRLiDzdqrM8po/vCebEme4QPhRKxb69KMCVL1Lljpu/3+9,7.241826176956678,13.725425897624191,8.804148089362926
1278900,bA2tJJsSFg7ZCsjBt1GRLiDzdqrM8po/vCebEme4QPhRKxb69KMCVL1Lljpu/3+9,7.147489838948531,36.01506024150766,14.700366003420406
1279200,bA2tJJsSFg7ZCsjBt1GRLiDzdqrM8po/vCebEme4QPhRKxb69KMCVL1Lljpu/3+9,7.176813194986571,43.13944369505786,14.963711926404228
1279500,bA2tJJsSFg7ZCsjBt1GRLiDzdqrM8po/vCebEme4QPhRKxb69KMCVL1Lljpu/3+9,7.630921814913501,77.24527971031446,15.585003807556609
1279800,bA2tJJsSFg7ZCsjBt1GRLiDzdqrM8po/vCebEme4QPhRKxb69KMCVL1Lljpu/3+9,6.804265010354672,13.687706922345026,8.849031451691161
1280100,bA2tJJsSFg7ZCsjBt1GRLiDzdqrM8po/vCebEme4QPhRKxb69KMCVL1Lljpu/3+9,7.078122239182153,63.556463595615135,17.215490768530188
1280400,bA2tJJsSFg7ZCsjBt1GRLiDzdqrM8po/vCebEme4QPhRKxb69KMCVL1Lljpu/3+9,7.121395692774005,45.06949403740152,14.987155065522522
1280700,bA2tJJsSFg7ZCsjBt1GRLiDzdqrM8po/vCebEme4QPhRKxb69KMCVL1Lljpu/3+9,6.974316269858533,35.143673306655366,10.90783927088072
1281000,bA2tJJsSFg7ZCsjBt1GRLiDzdqrM8po/vCebEme4QPhRKxb69KMCVL1Lljpu/3+9,6.917760585264305,13.85308492941792,9.098664413850177
1281300,bA2tJJsSFg7ZCsjBt1GRLiDzdqrM8po/vCebEme4QPhRKxb69KMCVL1Lljpu/3+9,7.046611529762645,76.6203600679559,17.941155002088298
1281600,bA2tJJsSFg7ZCsjBt1GRLiDzdqrM8po/vCebEme4QPhRKxb69KMCVL1Lljpu/3+9,7.020233078504541,45.632787825065606,14.910831333471558
1281900,bA2tJJsSFg7ZCsjBt1GRLiDzdqrM8po/vCebEme4QPhRKxb69KMCVL1Lljpu/3+9,7.431772564951334,61.96087866036286,14.20445137808128
1282200,bA2tJJsSFg7ZCsjBt1GRLiDzdqrM8po/vCebEme4QPhRKxb69KMCVL1Lljpu/3+9,7.239602973632452,14.17157121747944,9.152518880542866
1282500,bA2tJJsSFg7ZCsjBt1GRLiDzdqrM8po/vCebEme4QPhRKxb69KMCVL1Lljpu/3+9,7.449153701370627,41.70127382882966,14.644193090178298
1282800,bA2tJJsSFg7ZCsjBt1GRLiDzdqrM8po/vCebEme4QPhRKxb69KMCVL1Lljpu/3+9,7.131681283471854,48.112526920128445,14.868140776537984
1283100,bA2tJJsSFg7ZCsjBt1GRLiDzdqrM8po/vCebEme4QPhRKxb69KMCVL1Lljpu/3+9,7.1900822453435085,77.31321775984355,15.328131884887677
1283400,bA2tJJsSFg7ZCsjBt1GRLiDzdqrM8po/vCebEme4QPhRKxb69KMCVL1Lljpu/3+9,6.944713579180869,13.96198905934808,8.801469383677713
1283700,bA2tJJsSFg7ZCsjBt1GRLiDzdqrM8po/vCebEme4QPhRKxb69KMCVL1Lljpu/3+9,6.962385460779328,63.68911020830152,17.061700201982184
1284000,bA2tJJsSFg7ZCsjBt1GRLiDzdqrM8po/vCebEme4QPhRKxb69KMCVL1Lljpu/3+9,7.000679357772996,53.07596042869466,15.266537312337624
1284300,bA2tJJsSFg7ZCsjBt1GRLiDzdqrM8po/vCebEme4QPhRKxb69KMCVL1Lljpu/3+9,7.279116703303323,35.605274226486976,11.0603603021121
1284600,bA2tJJsSFg7ZCsjBt1GRLiDzdqrM8po/vCebEme4QPhRKxb69KMCVL1Lljpu/3+9,6.621015178855847,13.791574935434443,8.946533874093731
1284900,bA2tJJsSFg7ZCsjBt1GRLiDzdqrM8po/vCebEme4QPhRKxb69KMCVL1Lljpu/3+9,7.212985770557536,77.23630774576687,18.122272879378247
1285200,bA2tJJsSFg7ZCsjBt1GRLiDzdqrM8po/vCebEme4QPhRKxb69KMCVL1Lljpu/3+9,7.214005549872272,54.569607847404,14.546961858117836
1285500,bA2tJJsSFg7ZCsjBt1GRLiDzdqrM8po/vCebEme4QPhRKxb69KMCVL1Lljpu/3+9,6.8765455752596845,61.950804078232856,14.104828799315964
1285800,bA2tJJsSFg7ZCsjBt1GRLiDzdqrM8po/vCebEme4QPhRKxb69KMCVL1Lljpu/3+9,7.301306768907434,13.763922143512588,9.412873635927546
1286100,bA2tJJsSFg7ZCsjBt1GRLiDzdqrM8po/vCebEme4QPhRKxb69KMCVL1Lljpu/3+9,8.36537263732075,35.50482335116687,14.635978324140842
1286400,bA2tJJsSFg7ZCsjBt1GRLiDzdqrM8po/vCebEme4QPhRKxb69KMCVL1Lljpu/3+9,7.186872087232222,54.708262606640446,14.873881442843128
1286700,bA2tJJsSFg7ZCsjBt1GRLiDzdqrM8po/vCebEme4QPhRKxb69KMCVL1Lljpu/3+9,7.375212234724742,77.2110880965464,15.60710987013368
1287000,bA2tJJsSFg7ZCsjBt1GRLiDzdqrM8po/vCebEme4QPhRKxb69KMCVL1Lljpu/3+9,6.918091206793014,12.237016447039128,8.884728825252122
1287300,bA2tJJsSFg7ZCsjBt1GRLiDzdqrM8po/vCebEme4QPhRKxb69KMCVL1Lljpu/3+9,7.278351861740166,62.90379674910114,17.107394041959974
1287600,bA2tJJsSFg7ZCsjBt1GRLiDzdqrM8po/vCebEme4QPhRKxb69KMCVL1Lljpu/3+9,6.883964611614702,57.06877236304485,15.049072197077376
1287900,bA2tJJsSFg7ZCsjBt1GRLiDzdqrM8po/vCebEme4QPhRKxb69KMCVL1Lljpu/3+9,6.9682123712325685,35.518023329895634,10.906550165506465
1288200,bA2tJJsSFg7ZCsjBt1GRLiDzdqrM8po/vCebEme4QPhRKxb69KMCVL1Lljpu/3+9,6.912987994694575,14.307532077650457,9.078201489086023
1288500,bA2tJJsSFg7ZCsjBt1GRLiDzdqrM8po/vCebEme4QPhRKxb69KMCVL1Lljpu/3+9,7.393749005515762,75.98166858399885,18.157668075556696
1288800,bA2tJJsSFg7ZCsjBt1GRLiDzdqrM8po/vCebEme4QPhRKxb69KMCVL1Lljpu/3+9,7.154827545169796,63.33043607955044,14.619323425651384
1289100,bA2tJJsSFg7ZCsjBt1GRLiDzdqrM8po/vCebEme4QPhRKxb69KMCVL1Lljpu/3+9,7.157712978689411,62.513859192933495,14.237961951796184
1289400,bA2tJJsSFg7ZCsjBt1GRLiDzdqrM8po/vCebEme4QPhRKxb69KMCVL1Lljpu/3+9,7.095056854733416,14.787436236907777,8.817996907091187
1289700,bA2tJJsSFg7ZCsjBt1GRLiDzdqrM8po/vCebEme4QPhRKxb69KMCVL1Lljpu/3+9,6.942846337974755,36.35240535551456,14.626108213764883
1290000,bA2tJJsSFg7ZCsjBt1GRLiDzdqrM8po/vCebEme4QPhRKxb69KMCVL1Lljpu/3+9,7.36310190467936,63.71188210818176,14.878588526304595
1290300,bA2tJJsSFg7ZCsjBt1GRLiDzdqrM8po/vCebEme4QPhRKxb69KMCVL1Lljpu/3+9,7.218305621364142,74.16102294493857,15.05933433345184
1290600,bA2tJJsSFg7ZCsjBt1GRLiDzdqrM8po/vCebEme4QPhRKxb69KMCVL1Lljpu/3+9,6.714492750819525,13.82092412359893,8.79989849534787
1290900,bA2tJJsSFg7ZCsjBt1GRLiDzdqrM8po/vCebEme4QPhRKxb69KMCVL1Lljpu/3+9,7.48935216995477,63.73148351485931,17.0851134967479
1291200,bA2tJJsSFg7ZCsjBt1GRLiDzdqrM8po/vCebEme4QPhRKxb69KMCVL1Lljpu/3+9,6.7971669253356986,64.01528120999049,14.920529012459088
1291500,bA2tJJsSFg7ZCsjBt1GRLiDzdqrM8po/vCebEme4QPhRKxb69KMCVL1Lljpu/3+9,6.980725034549163,35.64531048210121,11.026364314817885
1291800,bA2tJJsSFg7ZCsjBt1GRLiDzdqrM8po/vCebEme4QPhRKxb69KMCVL1Lljpu/3+9,6.889629642801074,14.81515474862912,9.112359480903338
1292100,bA2tJJsSFg7ZCsjBt1GRLiDzdqrM8po/vCebEme4QPhRKxb69KMCVL1Lljpu/3+9,7.328792777355477,70.68841474078187,18.12967127765176
1292400,bA2tJJsSFg7ZCsjBt1GRLiDzdqrM8po/vCebEme4QPhRKxb69KMCVL1Lljpu/3+9,7.126528763886563,63.52381028919006,14.611307847893016
1292700,bA2tJJsSFg7ZCsjBt1GRLiDzdqrM8po/vCebEme4QPhRKxb69KMCVL1Lljpu/3+9,7.608291277544032,61.98217917089829,14.194775849222884
1293000,bA2tJJsSFg7ZCsjBt1GRLiDzdqrM8po/vCebEme4QPhRKxb69KMCVL1Lljpu/3+9,7.161147972281244,15.074830434335803,9.24314419818715
1293300,bA2tJJsSFg7ZCsjBt1GRLiDzdqrM8po/vCebEme4QPhRKxb69KMCVL1Lljpu/3+9,6.989527294588365,36.09882090718156,14.376756149372754
1293600,bA2tJJsSFg7ZCsjBt1GRLiDzdqrM8po/vCebEme4QPhRKxb69KMCVL1Lljpu/3+9,7.150369839936271,64.05723619757751,16.11156228393815
1293900,bA2tJJsSFg7ZCsjBt1GRLiDzdqrM8po/vCebEme4QPhRKxb69KMCVL1Lljpu/3+9,7.205591945062701,68.83654158177723,15.171485987875847
1294200,bA2tJJsSFg7ZCsjBt1GRLiDzdqrM8po/vCebEme4QPhRKxb69KMCVL1Lljpu/3+9,7.187809095439498,14.318026175293728,8.981771768551704
1294500,bA2tJJsSFg7ZCsjBt1GRLiDzdqrM8po/vCebEme4QPhRKxb69KMCVL1Lljpu/3+9,6.957643922363467,61.47480241907068,16.821408574909764
1294800,bA2tJJsSFg7ZCsjBt1GRLiDzdqrM8po/vCebEme4QPhRKxb69KMCVL1Lljpu/3+9,7.716087501997366,62.45133761263404,17.740742946373935
1295100,bA2tJJsSFg7ZCsjBt1GRLiDzdqrM8po/vCebEme4QPhRKxb69KMCVL1Lljpu/3+9,13.818717170381904,41.35994040154354,17.548723039278087
1295400,bA2tJJsSFg7ZCsjBt1GRLiDzdqrM8po/vCebEme4QPhRKxb69KMCVL1Lljpu/3+9,7.181413793305719,20.73753508202023,13.266970482323291
1295700,bA2tJJsSFg7ZCsjBt1GRLiDzdqrM8po/vCebEme4QPhRKxb69KMCVL1Lljpu/3+9,7.11301292655489,67.4607656669819,17.898599884885876
1296000,bA2tJJsSFg7ZCsjBt1GRLiDzdqrM8po/vCebEme4QPhRKxb69KMCVL1Lljpu/3+9,6.805406611681261,61.75944157763504,14.636475608582408
1296300,bA2tJJsSFg7ZCsjBt1GRLiDzdqrM8po/vCebEme4QPhRKxb69KMCVL1Lljpu/3+9,7.025395807917067,62.47658228059812,14.329364255482734
1296600,bA2tJJsSFg7ZCsjBt1GRLiDzdqrM8po/vCebEme4QPhRKxb69KMCVL1Lljpu/3+9,6.827240000122558,13.970797266821222,9.215551502029426
1296900,bA2tJJsSFg7ZCsjBt1GRLiDzdqrM8po/vCebEme4QPhRKxb69KMCVL1Lljpu/3+9,7.196575806317941,35.788037534097874,13.674950216112974
1297200,bA2tJJsSFg7ZCsjBt1GRLiDzdqrM8po/vCebEme4QPhRKxb69KMCVL1Lljpu/3+9,6.967985879932884,64.26446203173985,16.032778505351203
1297500,bA2tJJsSFg7ZCsjBt1GRLiDzdqrM8po/vCebEme4QPhRKxb69KMCVL1Lljpu/3+9,7.281309943008194,65.07965142771663,15.579311540285454
1297800,bA2tJJsSFg7ZCsjBt1GRLiDzdqrM8po/vCebEme4QPhRKxb69KMCVL1Lljpu/3+9,7.133762704353011,13.05551899830562,8.796746318341391
1298100,bA2tJJsSFg7ZCsjBt1GRLiDzdqrM8po/vCebEme4QPhRKxb69KMCVL1Lljpu/3+9,7.219120362827999,59.35891543532844,17.114245382599247
1298400,bA2tJJsSFg7ZCsjBt1GRLiDzdqrM8po/vCebEme4QPhRKxb69KMCVL1Lljpu/3+9,7.5126219643923795,61.635010680774414,15.142020877131888
1298700,bA2tJJsSFg7ZCsjBt1GRLiDzdqrM8po/vCebEme4QPhRKxb69KMCVL1Lljpu/3+9,7.22486181296022,35.63140550441403,10.968303631000165
1299000,bA2tJJsSFg7ZCsjBt1GRLiDzdqrM8po/vCebEme4QPhRKxb69KMCVL1Lljpu/3+9,7.1215394184642555,13.826899681694622,9.13317443271963
1299300,bA2tJJsSFg7ZCsjBt1GRLiDzdqrM8po/vCebEme4QPhRKxb69KMCVL1Lljpu/3+9,7.776516398353302,62.576043503924005,19.577865036100818
1299600,bA2tJJsSFg7ZCsjBt1GRLiDzdqrM8po/vCebEme4QPhRKxb69KMCVL1Lljpu/3+9,7.805700750695837,58.370566071143735,15.06236260563024
1299900,bA2tJJsSFg7ZCsjBt1GRLiDzdqrM8po/vCebEme4QPhRKxb69KMCVL1Lljpu/3+9,7.55285732379451,56.95671064806068,14.44179197505103
1300200,bA2tJJsSFg7ZCsjBt1GRLiDzdqrM8po/vCebEme4QPhRKxb69KMCVL1Lljpu/3+9,7.117393061180021,15.34097506084343,9.915202494190714
1300500,bA2tJJsSFg7ZCsjBt1GRLiDzdqrM8po/vCebEme4QPhRKxb69KMCVL1Lljpu/3+9,6.761396365155116,35.91770987188173,13.687371858617157
1300800,bA2tJJsSFg7ZCsjBt1GRLiDzdqrM8po/vCebEme4QPhRKxb69KMCVL1Lljpu/3+9,7.246269533901718,61.564035360076154,15.674948648669815
1301100,bA2tJJsSFg7ZCsjBt1GRLiDzdqrM8po/vCebEme4QPhRKxb69KMCVL1Lljpu/3+9,7.25950465021331,58.58213354727835,15.365368471372188
1301400,bA2tJJsSFg7ZCsjBt1GRLiDzdqrM8po/vCebEme4QPhRKxb69KMCVL1Lljpu/3+9,6.998493717613544,14.066490364178671,8.859283632924122
1301700,bA2tJJsSFg7ZCsjBt1GRLiDzdqrM8po/vCebEme4QPhRKxb69KMCVL1Lljpu/3+9,7.054558268385134,54.18712303986848,16.932166385330337
1302000,bA2tJJsSFg7ZCsjBt1GRLiDzdqrM8po/vCebEme4QPhRKxb69KMCVL1Lljpu/3+9,7.137134018874448,54.2309618467359,15.082941548391576
1302300,bA2tJJsSFg7ZCsjBt1GRLiDzdqrM8po/vCebEme4QPhRKxb69KMCVL1Lljpu/3+9,7.2040702748905865,35.82384635325718,11.032319149505268
1302600,bA2tJJsSFg7ZCsjBt1GRLiDzdqrM8po/vCebEme4QPhRKxb69KMCVL1Lljpu/3+9,7.0970478008915965,14.281490317919872,9.168404664280274
1302900,bA2tJJsSFg7ZCsjBt1GRLiDzdqrM8po/vCebEme4QPhRKxb69KMCVL1Lljpu/3+9,7.244267732451569,58.03711593973655,18.047588610858327
1303200,bA2tJJsSFg7ZCsjBt1GRLiDzdqrM8po/vCebEme4QPhRKxb69KMCVL1Lljpu/3+9,6.97182215646655,51.07378307084932,14.54835956747104
1303500,bA2tJJsSFg7ZCsjBt1GRLiDzdqrM8po/vCebEme4QPhRKxb69KMCVL1Lljpu/3+9,7.339562402734241,51.27234400794709,14.192219094465496
1303800,bA2tJJsSFg7ZCsjBt1GRLiDzdqrM8po/vCebEme4QPhRKxb69KMCVL1Lljpu/3+9,7.282413575944307,20.02662988059521,10.512489160858612
1304100,bA2tJJsSFg7ZCsjBt1GRLiDzdqrM8po/vCebEme4QPhRKxb69KMCVL1Lljpu/3+9,7.207538610662656,36.50987266599203,13.7760188547056
1304400,bA2tJJsSFg7ZCsjBt1GRLiDzdqrM8po/vCebEme4QPhRKxb69KMCVL1Lljpu/3+9,7.903191000923343,50.75244721213083,15.841384965553544
1304700,bA2tJJsSFg7ZCsjBt1GRLiDzdqrM8po/vCebEme4QPhRKxb69KMCVL1Lljpu/3+9,7.252033239693915,55.455283857185634,15.327338706411608
1305000,bA2tJJsSFg7ZCsjBt1GRLiDzdqrM8po/vCebEme4QPhRKxb69KMCVL1Lljpu/3+9,6.829691655043272,14.86047373127784,8.91265396492553
1305300,bA2tJJsSFg7ZCsjBt1GRLiDzdqrM8po/vCebEme4QPhRKxb69KMCVL1Lljpu/3+9,6.736649642055993,48.23526293849998,16.73183797390009
1305600,bA2tJJsSFg7ZCsjBt1GRLiDzdqrM8po/vCebEme4QPhRKxb69KMCVL1Lljpu/3+9,7.80520280257447,27.393799187842628,11.625416280525044
1305900,bA2tJJsSFg7ZCsjBt1GRLiDzdqrM8po/vCebEme4QPhRKxb69KMCVL1Lljpu/3+9,7.106492973141548,35.27147619343732,10.97066623542829
1306200,bA2tJJsSFg7ZCsjBt1GRLiDzdqrM8po/vCebEme4QPhRKxb69KMCVL1Lljpu/3+9,7.009710393443813,15.182096756372266,9.07487035684535
1306500,bA2tJJsSFg7ZCsjBt1GRLiDzdqrM8po/vCebEme4QPhRKxb69KMCVL1Lljpu/3+9,7.237275751257773,52.272300742736974,18.060591153707225
1306800,bA2tJJsSFg7ZCsjBt1GRLiDzdqrM8po/vCebEme4QPhRKxb69KMCVL1Lljpu/3+9,7.18980958240465,51.040762591197726,14.67318745165984
1307100,bA2tJJsSFg7ZCsjBt1GRLiDzdqrM8po/vCebEme4QPhRKxb69KMCVL1Lljpu/3+9,7.202617785801314,47.0037605906874,14.266519775218892
1307400,bA2tJJsSFg7ZCsjBt1GRLiDzdqrM8po/vCebEme4QPhRKxb69KMCVL1Lljpu/3+9,7.339129742629763,16.66859018640137,9.257099367100963
1307700,bA2tJJsSFg7ZCsjBt1GRLiDzdqrM8po/vCebEme4QPhRKxb69KMCVL1Lljpu/3+9,6.926167081857953,35.96571539785031,13.857760978458666
1308000,bA2tJJsSFg7ZCsjBt1GRLiDzdqrM8po/vCebEme4QPhRKxb69KMCVL1Lljpu/3+9,7.518242395557202,49.57701605395049,15.72053835874302
1308300,bA2tJJsSFg7ZCsjBt1GRLiDzdqrM8po/vCebEme4QPhRKxb69KMCVL1Lljpu/3+9,7.726994970290325,50.047820996383194,15.658319242804753
1308600,bA2tJJsSFg7ZCsjBt1GRLiDzdqrM8po/vCebEme4QPhRKxb69KMCVL1Lljpu/3+9,7.006740258212985,14.16532013796394,8.844768554706798
1308900,bA2tJJsSFg7ZCsjBt1GRLiDzdqrM8po/vCebEme4QPhRKxb69KMCVL1Lljpu/3+9,6.885974035291234,48.165128102097775,17.186818079201792
1309200,bA2tJJsSFg7ZCsjBt1GRLiDzdqrM8po/vCebEme4QPhRKxb69KMCVL1Lljpu/3+9,7.435899880969955,48.32741267382103,14.259129797156213
1309500,bA2tJJsSFg7ZCsjBt1GRLiDzdqrM8po/vCebEme4QPhRKxb69KMCVL1Lljpu/3+9,7.236834418219734,42.16394004685412,11.465634878126918
1309800,bA2tJJsSFg7ZCsjBt1GRLiDzdqrM8po/vCebEme4QPhRKxb69KMCVL1Lljpu/3+9,7.1283503858966535,11.137104499425623,8.705210507916393
1310100,bA2tJJsSFg7ZCsjBt1GRLiDzdqrM8po/vCebEme4QPhRKxb69KMCVL1Lljpu/3+9,7.29730890696064,56.02163215872319,18.80386472118631
1310400,bA2tJJsSFg7ZCsjBt1GRLiDzdqrM8po/vCebEme4QPhRKxb69KMCVL1Lljpu/3+9,7.093491878529468,45.58718535778243,13.92533353332984
1310700,bA2tJJsSFg7ZCsjBt1GRLiDzdqrM8po/vCebEme4QPhRKxb69KMCVL1Lljpu/3+9,6.647159861730642,52.579160275847045,14.803342011899575
1311000,bA2tJJsSFg7ZCsjBt1GRLiDzdqrM8po/vCebEme4QPhRKxb69KMCVL1Lljpu/3+9,7.218629330429958,11.074471443039274,8.611663662167182
1311300,bA2tJJsSFg7ZCsjBt1GRLiDzdqrM8po/vCebEme4QPhRKxb69KMCVL1Lljpu/3+9,6.895954418099312,42.61123667650703,14.207898001930545
1311600,bA2tJJsSFg7ZCsjBt1GRLiDzdqrM8po/vCebEme4QPhRKxb69KMCVL1Lljpu/3+9,7.868354846182733,37.93967918359394,15.108106480820885
1311900,bA2tJJsSFg7ZCsjBt1GRLiDzdqrM8po/vCebEme4QPhRKxb69KMCVL1Lljpu/3+9,7.474885489025598,53.8977022775443,16.102711400818148
1312200,bA2tJJsSFg7ZCsjBt1GRLiDzdqrM8po/vCebEme4QPhRKxb69KMCVL1Lljpu/3+9,6.909881091627611,11.319147594299208,8.357089317519744
1312500,bA2tJJsSFg7ZCsjBt1GRLiDzdqrM8po/vCebEme4QPhRKxb69KMCVL1Lljpu/3+9,7.050718773978828,51.442257295276974,17.501283784606958
1312800,bA2tJJsSFg7ZCsjBt1GRLiDzdqrM8po/vCebEme4QPhRKxb69KMCVL1Lljpu/3+9,7.369896517074869,36.234632749996734,14.321724695586596
1313100,bA2tJJsSFg7ZCsjBt1GRLiDzdqrM8po/vCebEme4QPhRKxb69KMCVL1Lljpu/3+9,6.983988082279355,41.5705983666468,11.395388134477791
1313400,bA2tJJsSFg7ZCsjBt1GRLiDzdqrM8po/vCebEme4QPhRKxb69KMCVL1Lljpu/3+9,6.90889780929135,10.60359134224064,8.485227285645582
1313700,bA2tJJsSFg7ZCsjBt1GRLiDzdqrM8po/vCebEme4QPhRKxb69KMCVL1Lljpu/3+9,6.959299777613127,51.16184073710957,18.568690842364514
1314000,bA2tJJsSFg7ZCsjBt1GRLiDzdqrM8po/vCebEme4QPhRKxb69KMCVL1Lljpu/3+9,7.0473767960538805,37.34192337238819,11.656004387912022
1314300,bA2tJJsSFg7ZCsjBt1GRLiDzdqrM8po/vCebEme4QPhRKxb69KMCVL1Lljpu/3+9,6.9155534787875,44.774392117205046,14.817898723785056
1314600,bA2tJJsSFg7ZCsjBt1GRLiDzdqrM8po/vCebEme4QPhRKxb69KMCVL1Lljpu/3+9,7.439658891708941,11.638982766664332,8.626618477703785
1314900,bA2tJJsSFg7ZCsjBt1GRLiDzdqrM8po/vCebEme4QPhRKxb69KMCVL1Lljpu/3+9,7.165390676111636,43.10273423062976,14.54969541146564
1315200,bA2tJJsSFg7ZCsjBt1GRLiDzdqrM8po/vCebEme4QPhRKxb69KMCVL1Lljpu/3+9,7.112957554247603,40.0602598385646,14.515835616081237
1315500,bA2tJJsSFg7ZCsjBt1GRLiDzdqrM8po/vCebEme4QPhRKxb69KMCVL1Lljpu/3+9,7.317248559245603,59.051154724265054,16.81881704832336
1315800,bA2tJJsSFg7ZCsjBt1GRLiDzdqrM8po/vCebEme4QPhRKxb69KMCVL1Lljpu/3+9,6.808719136612308,11.931606177734686,8.402262041882633
1316100,bA2tJJsSFg7ZCsjBt1GRLiDzdqrM8po/vCebEme4QPhRKxb69KMCVL1Lljpu/3+9,6.998374870507809,43.004241998422955,17.611941498035335
1316400,bA2tJJsSFg7ZCsjBt1GRLiDzdqrM8po/vCebEme4QPhRKxb69KMCVL1Lljpu/3+9,7.588068705559923,40.416829073989454,14.491194861335352
1316700,bA2tJJsSFg7ZCsjBt1GRLiDzdqrM8po/vCebEme4QPhRKxb69KMCVL1Lljpu/3+9,7.212282559767593,40.45978876982624,11.74008555353952
1317000,bA2tJJsSFg7ZCsjBt1GRLiDzdqrM8po/vCebEme4QPhRKxb69KMCVL1Lljpu/3+9,6.963908528645465,11.129886000311815,8.524833045509949
1317300,bA2tJJsSFg7ZCsjBt1GRLiDzdqrM8po/vCebEme4QPhRKxb69KMCVL1Lljpu/3+9,7.166563155069546,55.48696653173347,18.65980664726837
1317600,bA2tJJsSFg7ZCsjBt1GRLiDzdqrM8po/vCebEme4QPhRKxb69KMCVL1Lljpu/3+9,6.842718865160811,29.990647995927382,10.873166567814588
1317900,bA2tJJsSFg7ZCsjBt1GRLiDzdqrM8po/vCebEme4QPhRKxb69KMCVL1Lljpu/3+9,7.236891937014121,41.431619651027006,14.812464416988629
1318200,bA2tJJsSFg7ZCsjBt1GRLiDzdqrM8po/vCebEme4QPhRKxb69KMCVL1Lljpu/3+9,7.24535283643652,11.966401389017465,8.600187702430718
1318500,bA2tJJsSFg7ZCsjBt1GRLiDzdqrM8po/vCebEme4QPhRKxb69KMCVL1Lljpu/3+9,7.050824304234104,37.22708008322424,14.501238865919785
1318800,bA2tJJsSFg7ZCsjBt1GRLiDzdqrM8po/vCebEme4QPhRKxb69KMCVL1Lljpu/3+9,6.831676775526666,43.98236364488082,14.1534355563123
1319100,bA2tJJsSFg7ZCsjBt1GRLiDzdqrM8po/vCebEme4QPhRKxb69KMCVL1Lljpu/3+9,7.831626585572225,59.26993527336236,17.05796169963683
1319400,bA2tJJsSFg7ZCsjBt1GRLiDzdqrM8po/vCebEme4QPhRKxb69KMCVL1Lljpu/3+9,7.117717353004982,10.588022553870566,8.304137842511075
1319700,bA2tJJsSFg7ZCsjBt1GRLiDzdqrM8po/vCebEme4QPhRKxb69KMCVL1Lljpu/3+9,7.193048442874256,45.06212533208288,17.724950846174092
1320000,bA2tJJsSFg7ZCsjBt1GRLiDzdqrM8po/vCebEme4QPhRKxb69KMCVL1Lljpu/3+9,7.376361579656091,45.7683147239289,14.52015794807848
1320300,bA2tJJsSFg7ZCsjBt1GRLiDzdqrM8po/vCebEme4QPhRKxb69KMCVL1Lljpu/3+9,7.417562464279863,35.73680626869768,11.610907779160984
1320600,bA2tJJsSFg7ZCsjBt1GRLiDzdqrM8po/vCebEme4QPhRKxb69KMCVL1Lljpu/3+9,6.88612441268262,12.220856253879752,8.541888839288374
1320900,bA2tJJsSFg7ZCsjBt1GRLiDzdqrM8po/vCebEme4QPhRKxb69KMCVL1Lljpu/3+9,7.052064347605458,57.82947553803738,18.476640130704933
1321200,bA2tJJsSFg7ZCsjBt1GRLiDzdqrM8po/vCebEme4QPhRKxb69KMCVL1Lljpu/3+9,6.917636206516334,53.37492164240458,13.875372863204149
1321500,bA2tJJsSFg7ZCsjBt1GRLiDzdqrM8po/vCebEme4QPhRKxb69KMCVL1Lljpu/3+9,7.399421676101354,45.569970070307086,14.758504817237084
1321800,bA2tJJsSFg7ZCsjBt1GRLiDzdqrM8po/vCebEme4QPhRKxb69KMCVL1Lljpu/3+9,7.284714658243896,11.951010155001883,8.713067229887017
1322100,bA2tJJsSFg7ZCsjBt1GRLiDzdqrM8po/vCebEme4QPhRKxb69KMCVL1Lljpu/3+9,6.571062302630264,36.32809804034749,14.34012034776031
1322400,bA2tJJsSFg7ZCsjBt1GRLiDzdqrM8po/vCebEme4QPhRKxb69KMCVL1Lljpu/3+9,7.202521315282297,58.694039546041616,14.345362768390755
1322700,bA2tJJsSFg7ZCsjBt1GRLiDzdqrM8po/vCebEme4QPhRKxb69KMCVL1Lljpu/3+9,7.130804906425883,63.15432920857841,16.81995273466752
1323000,bA2tJJsSFg7ZCsjBt1GRLiDzdqrM8po/vCebEme4QPhRKxb69KMCVL1Lljpu/3+9,6.86584343934873,11.87841619212466,8.299902357765891
1323300,bA2tJJsSFg7ZCsjBt1GRLiDzdqrM8po/vCebEme4QPhRKxb69KMCVL1Lljpu/3+9,7.1821612708809495,50.211750177691755,17.707114126758643
1323600,bA2tJJsSFg7ZCsjBt1GRLiDzdqrM8po/vCebEme4QPhRKxb69KMCVL1Lljpu/3+9,7.41502013989725,58.148197625318765,14.575894419864955
1323900,bA2tJJsSFg7ZCsjBt1GRLiDzdqrM8po/vCebEme4QPhRKxb69KMCVL1Lljpu/3+9,7.151417463422425,30.339185105722628,11.653931569123236
1324200,bA2tJJsSFg7ZCsjBt1GRLiDzdqrM8po/vCebEme4QPhRKxb69KMCVL1Lljpu/3+9,7.231759690407224,18.02320847539227,10.63228002837914
1324500,bA2tJJsSFg7ZCsjBt1GRLiDzdqrM8po/vCebEme4QPhRKxb69KMCVL1Lljpu/3+9,13.890673706647013,71.72933792370218,25.231947679385165
1324800,bA2tJJsSFg7ZCsjBt1GRLiDzdqrM8po/vCebEme4QPhRKxb69KMCVL1Lljpu/3+9,7.007401533555837,66.368072736488,18.648768022030517
1325100,bA2tJJsSFg7ZCsjBt1GRLiDzdqrM8po/vCebEme4QPhRKxb69KMCVL1Lljpu/3+9,7.119099875117375,49.26052147716946,15.076862488428892
1325400,bA2tJJsSFg7ZCsjBt1GRLiDzdqrM8po/vCebEme4QPhRKxb69KMCVL1Lljpu/3+9,6.559423628156673,10.878069486695246,8.64142450479104
1325700,bA2tJJsSFg7ZCsjBt1GRLiDzdqrM8po/vCebEme4QPhRKxb69KMCVL1Lljpu/3+9,7.030333630343589,29.69940313703916,14.500160315471096
1326000,bA2tJJsSFg7ZCsjBt1GRLiDzdqrM8po/vCebEme4QPhRKxb69KMCVL1Lljpu/3+9,7.454907539594873,61.191499491761725,14.232055083082397
1326300,bA2tJJsSFg7ZCsjBt1GRLiDzdqrM8po/vCebEme4QPhRKxb69KMCVL1Lljpu/3+9,7.586820833404398,62.036263110895085,17.02933282747509
1326600,bA2tJJsSFg7ZCsjBt1GRLiDzdqrM8po/vCebEme4QPhRKxb69KMCVL1Lljpu/3+9,6.666375054038848,11.261255633310268,8.307076754329849
1326900,bA2tJJsSFg7ZCsjBt1GRLiDzdqrM8po/vCebEme4QPhRKxb69KMCVL1Lljpu/3+9,7.1001725934385576,46.94729042783729,17.611932629644315
1327200,bA2tJJsSFg7ZCsjBt1GRLiDzdqrM8po/vCebEme4QPhRKxb69KMCVL1Lljpu/3+9,7.645532538406326,63.78574253723214,14.356097187530882
1327500,bA2tJJsSFg7ZCsjBt1GRLiDzdqrM8po/vCebEme4QPhRKxb69KMCVL1Lljpu/3+9,7.00940797938174,25.84373167974161,11.639477516830038
1327800,bA2tJJsSFg7ZCsjBt1GRLiDzdqrM8po/vCebEme4QPhRKxb69KMCVL1Lljpu/3+9,7.032526373092905,10.87876318516564,8.450301536250684
1328100,bA2tJJsSFg7ZCsjBt1GRLiDzdqrM8po/vCebEme4QPhRKxb69KMCVL1Lljpu/3+9,7.483234209126951,63.21123840950169,18.801834376387
1328400,bA2tJJsSFg7ZCsjBt1GRLiDzdqrM8po/vCebEme4QPhRKxb69KMCVL1Lljpu/3+9,7.030782900400159,64.83870442151043,13.875543027655633
1328700,bA2tJJsSFg7ZCsjBt1GRLiDzdqrM8po/vCebEme4QPhRKxb69KMCVL1Lljpu/3+9,7.179293121788877,49.53340783113892,14.898873289228444
1329000,bA2tJJsSFg7ZCsjBt1GRLiDzdqrM8po/vCebEme4QPhRKxb69KMCVL1Lljpu/3+9,6.939763790510233,11.069471391585434,8.458588858898946
1329300,bA2tJJsSFg7ZCsjBt1GRLiDzdqrM8po/vCebEme4QPhRKxb69KMCVL1Lljpu/3+9,6.766345157134322,36.2905524338122,14.451333410797272
1329600,bA2tJJsSFg7ZCsjBt1GRLiDzdqrM8po/vCebEme4QPhRKxb69KMCVL1Lljpu/3+9,7.3385502103773055,65.12704840040786,15.243710363549958
1329900,bA2tJJsSFg7ZCsjBt1GRLiDzdqrM8po/vCebEme4QPhRKxb69KMCVL1Lljpu/3+9,7.337362732929998,64.9217013213994,16.824292355114828
1330200,bA2tJJsSFg7ZCsjBt1GRLiDzdqrM8po/vCebEme4QPhRKxb69KMCVL1Lljpu/3+9,6.788726223124419,10.705019536047674,8.255025587291616
1330500,bA2tJJsSFg7ZCsjBt1GRLiDzdqrM8po/vCebEme4QPhRKxb69KMCVL1Lljpu/3+9,6.990008491049425,52.453581411482126,17.712762224818622
1330800,bA2tJJsSFg7ZCsjBt1GRLiDzdqrM8po/vCebEme4QPhRKxb69KMCVL1Lljpu/3+9,6.878003852417449,64.43573951495361,14.416141076159873
1331100,bA2tJJsSFg7ZCsjBt1GRLiDzdqrM8po/vCebEme4QPhRKxb69KMCVL1Lljpu/3+9,7.0804795926345285,26.086278293436564,11.669175835588804
1331400,bA2tJJsSFg7ZCsjBt1GRLiDzdqrM8po/vCebEme4QPhRKxb69KMCVL1Lljpu/3+9,7.003832171750118,11.312570259392976,8.457367027829605
1331700,bA2tJJsSFg7ZCsjBt1GRLiDzdqrM8po/vCebEme4QPhRKxb69KMCVL1Lljpu/3+9,7.043013466588953,67.710910424573,18.56947842889661
1332000,bA2tJJsSFg7ZCsjBt1GRLiDzdqrM8po/vCebEme4QPhRKxb69KMCVL1Lljpu/3+9,6.872174253450261,64.93045395512456,13.92970180027864
1332300,bA2tJJsSFg7ZCsjBt1GRLiDzdqrM8po/vCebEme4QPhRKxb69KMCVL1Lljpu/3+9,7.23751330280278,52.26285810563978,14.88051210129064
1332600,bA2tJJsSFg7ZCsjBt1GRLiDzdqrM8po/vCebEme4QPhRKxb69KMCVL1Lljpu/3+9,7.159501999221331,12.191159299432044,8.620172541267907
1332900,bA2tJJsSFg7ZCsjBt1GRLiDzdqrM8po/vCebEme4QPhRKxb69KMCVL1Lljpu/3+9,7.005756760712708,35.92888720816037,14.354307226597433
1333200,bA2tJJsSFg7ZCsjBt1GRLiDzdqrM8po/vCebEme4QPhRKxb69KMCVL1Lljpu/3+9,6.788091608412721,64.99609578990075,14.938100540164008
1333500,bA2tJJsSFg7ZCsjBt1GRLiDzdqrM8po/vCebEme4QPhRKxb69KMCVL1Lljpu/3+9,7.228345475292919,70.39538920923479,16.519609847494475
1333800,bA2tJJsSFg7ZCsjBt1GRLiDzdqrM8po/vCebEme4QPhRKxb69KMCVL1Lljpu/3+9,6.929525403240852,11.904913572673603,8.624033857311664
1334100,bA2tJJsSFg7ZCsjBt1GRLiDzdqrM8po/vCebEme4QPhRKxb69KMCVL1Lljpu/3+9,7.178580357562174,55.09040907640147,17.568717360049558
1334400,bA2tJJsSFg7ZCsjBt1GRLiDzdqrM8po/vCebEme4QPhRKxb69KMCVL1Lljpu/3+9,7.149929796822967,63.9985670481124,14.391692593081364
1334700,bA2tJJsSFg7ZCsjBt1GRLiDzdqrM8po/vCebEme4QPhRKxb69KMCVL1Lljpu/3+9,7.277259353818962,29.156907685020983,11.498830472256856
1335000,bA2tJJsSFg7ZCsjBt1GRLiDzdqrM8po/vCebEme4QPhRKxb69KMCVL1Lljpu/3+9,6.891348048750239,11.18219398339216,8.42413724735747
1335300,bA2tJJsSFg7ZCsjBt1GRLiDzdqrM8po/vCebEme4QPhRKxb69KMCVL1Lljpu/3+9,7.218618558142891,71.00671484708732,18.706156588826065
1335600,bA2tJJsSFg7ZCsjBt1GRLiDzdqrM8po/vCebEme4QPhRKxb69KMCVL1Lljpu/3+9,7.0688305722782525,63.745685193241854,13.8148918971868
1335900,bA2tJJsSFg7ZCsjBt1GRLiDzdqrM8po/vCebEme4QPhRKxb69KMCVL1Lljpu/3+9,7.580238165607037,57.89725633097543,14.955230513548477
1336200,bA2tJJsSFg7ZCsjBt1GRLiDzdqrM8po/vCebEme4QPhRKxb69KMCVL1Lljpu/3+9,6.7428909932310575,12.42312094892934,8.61081537713397
1336500,bA2tJJsSFg7ZCsjBt1GRLiDzdqrM8po/vCebEme4QPhRKxb69KMCVL1Lljpu/3+9,6.9991055411449405,35.60805874592309,14.326961281150702
1336800,bA2tJJsSFg7ZCsjBt1GRLiDzdqrM8po/vCebEme4QPhRKxb69KMCVL1Lljpu/3+9,6.870517563384465,64.1543592011915,14.206237691542425
1337100,bA2tJJsSFg7ZCsjBt1GRLiDzdqrM8po/vCebEme4QPhRKxb69KMCVL1Lljpu/3+9,7.458470855203194,73.16003107451976,15.911395467535852
1337400,bA2tJJsSFg7ZCsjBt1GRLiDzdqrM8po/vCebEme4QPhRKxb69KMCVL1Lljpu/3+9,7.047735380434555,15.354915690059666,9.018476843636233
1337700,bA2tJJsSFg7ZCsjBt1GRLiDzdqrM8po/vCebEme4QPhRKxb69KMCVL1Lljpu/3+9,6.968124852978642,60.5529324134045,17.989743931538055
1338000,bA2tJJsSFg7ZCsjBt1GRLiDzdqrM8po/vCebEme4QPhRKxb69KMCVL1Lljpu/3+9,7.151981207531241,60.45805248016652,14.080878463222858
1338300,bA2tJJsSFg7ZCsjBt1GRLiDzdqrM8po/vCebEme4QPhRKxb69KMCVL1Lljpu/3+9,6.97046617137653,33.045465200641566,11.91263224092757
1338600,bA2tJJsSFg7ZCsjBt1GRLiDzdqrM8po/vCebEme4QPhRKxb69KMCVL1Lljpu/3+9,6.8870096782688766,11.916668585206567,8.13156086782422
1338900,bA2tJJsSFg7ZCsjBt1GRLiDzdqrM8po/vCebEme4QPhRKxb69KMCVL1Lljpu/3+9,7.16354400190939,75.22658231947797,19.02103921797465
1339200,bA2tJJsSFg7ZCsjBt1GRLiDzdqrM8po/vCebEme4QPhRKxb69KMCVL1Lljpu/3+9,7.192364679095705,58.22992920143058,13.59239241847352
1339500,bA2tJJsSFg7ZCsjBt1GRLiDzdqrM8po/vCebEme4QPhRKxb69KMCVL1Lljpu/3+9,7.1697002257024,61.48496025657545,15.360096384945772
1339800,bA2tJJsSFg7ZCsjBt1GRLiDzdqrM8po/vCebEme4QPhRKxb69KMCVL1Lljpu/3+9,6.755323642342943,10.248316836663474,8.173959284786916
1340100,bA2tJJsSFg7ZCsjBt1GRLiDzdqrM8po/vCebEme4QPhRKxb69KMCVL1Lljpu/3+9,6.612528898438935,36.00649222784099,14.663346909788556
1340400,bA2tJJsSFg7ZCsjBt1GRLiDzdqrM8po/vCebEme4QPhRKxb69KMCVL1Lljpu/3+9,7.016408268985272,58.45609432872527,13.824861605550671
1340700,bA2tJJsSFg7ZCsjBt1GRLiDzdqrM8po/vCebEme4QPhRKxb69KMCVL1Lljpu/3+9,7.515247158040531,77.98000802321815,16.2562720955281
1341000,bA2tJJsSFg7ZCsjBt1GRLiDzdqrM8po/vCebEme4QPhRKxb69KMCVL1Lljpu/3+9,6.77179573648208,13.036847146315884,8.684243598977458
1341300,bA2tJJsSFg7ZCsjBt1GRLiDzdqrM8po/vCebEme4QPhRKxb69KMCVL1Lljpu/3+9,7.283356981233188,63.79554599490928,17.985969979262393
1341600,bA2tJJsSFg7ZCsjBt1GRLiDzdqrM8po/vCebEme4QPhRKxb69KMCVL1Lljpu/3+9,7.28376347152305,58.11051690525736,14.877487911637433
1341900,bA2tJJsSFg7ZCsjBt1GRLiDzdqrM8po/vCebEme4QPhRKxb69KMCVL1Lljpu/3+9,7.169113129494969,37.83748306193545,11.94165185436913
1342200,bA2tJJsSFg7ZCsjBt1GRLiDzdqrM8po/vCebEme4QPhRKxb69KMCVL1Lljpu/3+9,7.181393024007645,10.702489563802622,8.24128065418681
1342500,bA2tJJsSFg7ZCsjBt1GRLiDzdqrM8po/vCebEme4QPhRKxb69KMCVL1Lljpu/3+9,7.067439505245515,79.52024721110583,19.092208696528537
1342800,bA2tJJsSFg7ZCsjBt1GRLiDzdqrM8po/vCebEme4QPhRKxb69KMCVL1Lljpu/3+9,7.236254028876032,50.962879658390165,13.567001075506106
1343100,bA2tJJsSFg7ZCsjBt1GRLiDzdqrM8po/vCebEme4QPhRKxb69KMCVL1Lljpu/3+9,7.630862536988573,64.84593617646598,15.122780288578175
1343400,bA2tJJsSFg7ZCsjBt1GRLiDzdqrM8po/vCebEme4QPhRKxb69KMCVL1Lljpu/3+9,7.03910808543227,10.110129916869225,8.250881483623257
1343700,bA2tJJsSFg7ZCsjBt1GRLiDzdqrM8po/vCebEme4QPhRKxb69KMCVL1Lljpu/3+9,7.184724741757696,41.81028213280766,14.863042768755005
1344000,bA2tJJsSFg7ZCsjBt1GRLiDzdqrM8po/vCebEme4QPhRKxb69KMCVL1Lljpu/3+9,7.347434520585467,50.0198832053399,13.700908475674078
1344300,bA2tJJsSFg7ZCsjBt1GRLiDzdqrM8po/vCebEme4QPhRKxb69KMCVL1Lljpu/3+9,7.119715361639733,84.22541890294272,16.304263617271488
1344600,bA2tJJsSFg7ZCsjBt1GRLiDzdqrM8po/vCebEme4QPhRKxb69KMCVL1Lljpu/3+9,7.076477027649398,12.614538191520737,8.657329602599404
1344900,bA2tJJsSFg7ZCsjBt1GRLiDzdqrM8po/vCebEme4QPhRKxb69KMCVL1Lljpu/3+9,6.861103190819796,69.2756926216143,17.912460677116623
1345200,bA2tJJsSFg7ZCsjBt1GRLiDzdqrM8po/vCebEme4QPhRKxb69KMCVL1Lljpu/3+9,7.1225356513262446,48.1897470975697,14.649246770330132
1345500,bA2tJJsSFg7ZCsjBt1GRLiDzdqrM8po/vCebEme4QPhRKxb69KMCVL1Lljpu/3+9,7.138499266902375,40.915493855462245,11.939916404927429
1345800,bA2tJJsSFg7ZCsjBt1GRLiDzdqrM8po/vCebEme4QPhRKxb69KMCVL1Lljpu/3+9,6.841734587867114,10.27848299587356,8.011875109462698
1346100,bA2tJJsSFg7ZCsjBt1GRLiDzdqrM8po/vCebEme4QPhRKxb69KMCVL1Lljpu/3+9,7.17852362970751,81.52020830405985,18.94336965096513
1346400,bA2tJJsSFg7ZCsjBt1GRLiDzdqrM8po/vCebEme4QPhRKxb69KMCVL1Lljpu/3+9,7.153928101930697,47.4919835726069,13.491417545205532
1346700,bA2tJJsSFg7ZCsjBt1GRLiDzdqrM8po/vCebEme4QPhRKxb69KMCVL1Lljpu/3+9,7.061796709355297,67.78673629114546,15.197310906685711
1347000,bA2tJJsSFg7ZCsjBt1GRLiDzdqrM8po/vCebEme4QPhRKxb69KMCVL1Lljpu/3+9,7.132885971527501,9.63560538638216,8.155197744223413
1347300,bA2tJJsSFg7ZCsjBt1GRLiDzdqrM8po/vCebEme4QPhRKxb69KMCVL1Lljpu/3+9,7.310638074107678,41.376877072690526,14.812498799848964
1347600,bA2tJJsSFg7ZCsjBt1GRLiDzdqrM8po/vCebEme4QPhRKxb69KMCVL1Lljpu/3+9,7.105054820596116,46.315739687231634,13.917699743494232
1347900,bA2tJJsSFg7ZCsjBt1GRLiDzdqrM8po/vCebEme4QPhRKxb69KMCVL1Lljpu/3+9,7.273342504444397,83.10947531267261,16.380114754840207
1348200,bA2tJJsSFg7ZCsjBt1GRLiDzdqrM8po/vCebEme4QPhRKxb69KMCVL1Lljpu/3+9,7.116515052576346,11.715084731152698,8.632421027870366
1348500,bA2tJJsSFg7ZCsjBt1GRLiDzdqrM8po/vCebEme4QPhRKxb69KMCVL1Lljpu/3+9,7.25364760508841,67.5612295078146,18.02890066338442
1348800,bA2tJJsSFg7ZCsjBt1GRLiDzdqrM8po/vCebEme4QPhRKxb69KMCVL1Lljpu/3+9,7.536861346249383,45.604506016826726,14.036650542108356
1349100,bA2tJJsSFg7ZCsjBt1GRLiDzdqrM8po/vCebEme4QPhRKxb69KMCVL1Lljpu/3+9,7.069058320109175,39.781260786017945,12.675394751402376
1349400,bA2tJJsSFg7ZCsjBt1GRLiDzdqrM8po/vCebEme4QPhRKxb69KMCVL1Lljpu/3+9,7.175470510787387,23.69787912994033,9.909941097596569
1349700,bA2tJJsSFg7ZCsjBt1GRLiDzdqrM8po/vCebEme4QPhRKxb69KMCVL1Lljpu/3+9,6.865663417025512,80.051338812873,19.30753363645314
1350000,bA2tJJsSFg7ZCsjBt1GRLiDzdqrM8po/vCebEme4QPhRKxb69KMCVL1Lljpu/3+9,6.948531609735329,40.71483790978529,13.649011146826023
1350300,bA2tJJsSFg7ZCsjBt1GRLiDzdqrM8po/vCebEme4QPhRKxb69KMCVL1Lljpu/3+9,7.188429354334518,63.87114123883634,15.368690642598484
1350600,bA2tJJsSFg7ZCsjBt1GRLiDzdqrM8po/vCebEme4QPhRKxb69KMCVL1Lljpu/3+9,7.122562835147328,9.818329161074564,8.336964278358357
1350900,bA2tJJsSFg7ZCsjBt1GRLiDzdqrM8po/vCebEme4QPhRKxb69KMCVL1Lljpu/3+9,7.35906495071505,37.11020748957562,15.14766931976714
1351200,bA2tJJsSFg7ZCsjBt1GRLiDzdqrM8po/vCebEme4QPhRKxb69KMCVL1Lljpu/3+9,7.362014424951291,40.09116328096665,13.942080673050253
1351500,bA2tJJsSFg7ZCsjBt1GRLiDzdqrM8po/vCebEme4QPhRKxb69KMCVL1Lljpu/3+9,7.674960114843542,80.00423422233973,17.13334188252585
1351800,bA2tJJsSFg7ZCsjBt1GRLiDzdqrM8po/vCebEme4QPhRKxb69KMCVL1Lljpu/3+9,6.90295496140094,22.117444390921797,10.248862624284508
1352100,bA2tJJsSFg7ZCsjBt1GRLiDzdqrM8po/vCebEme4QPhRKxb69KMCVL1Lljpu/3+9,7.362178040902893,65.98094377692904,18.58294459734193
1352400,bA2tJJsSFg7ZCsjBt1GRLiDzdqrM8po/vCebEme4QPhRKxb69KMCVL1Lljpu/3+9,7.674058581515097,37.64817926656754,13.978650091570335
1352700,bA2tJJsSFg7ZCsjBt1GRLiDzdqrM8po/vCebEme4QPhRKxb69KMCVL1Lljpu/3+9,7.2244542614992575,37.42700757784284,12.1001574440938
1353000,bA2tJJsSFg7ZCsjBt1GRLiDzdqrM8po/vCebEme4QPhRKxb69KMCVL1Lljpu/3+9,6.992166492584755,9.87959058944853,8.13602297426304
1353300,bA2tJJsSFg7ZCsjBt1GRLiDzdqrM8po/vCebEme4QPhRKxb69KMCVL1Lljpu/3+9,7.100837495837651,78.96174757104995,19.05516911737968
1353600,bA2tJJsSFg7ZCsjBt1GRLiDzdqrM8po/vCebEme4QPhRKxb69KMCVL1Lljpu/3+9,7.364190978969746,36.758770648220136,15.165117469363462
1353900,bA2tJJsSFg7ZCsjBt1GRLiDzdqrM8po/vCebEme4QPhRKxb69KMCVL1Lljpu/3+9,12.876956671210626,68.68723122947911,21.634555637397924
1354200,bA2tJJsSFg7ZCsjBt1GRLiDzdqrM8po/vCebEme4QPhRKxb69KMCVL1Lljpu/3+9,8.915058130556721,15.098366085574773,13.455224028618884
1354500,bA2tJJsSFg7ZCsjBt1GRLiDzdqrM8po/vCebEme4QPhRKxb69KMCVL1Lljpu/3+9,7.176510546616347,42.6212684429476,15.029994216282809
1354800,bA2tJJsSFg7ZCsjBt1GRLiDzdqrM8po/vCebEme4QPhRKxb69KMCVL1Lljpu/3+9,6.929320055677254,42.225073103166594,13.935218650815662
1355100,bA2tJJsSFg7ZCsjBt1GRLiDzdqrM8po/vCebEme4QPhRKxb69KMCVL1Lljpu/3+9,7.111819714700957,79.06601939269342,16.44130076131146
1355400,bA2tJJsSFg7ZCsjBt1GRLiDzdqrM8po/vCebEme4QPhRKxb69KMCVL1Lljpu/3+9,6.925527737258971,9.218799432300113,7.7553797534551965
1355700,bA2tJJsSFg7ZCsjBt1GRLiDzdqrM8po/vCebEme4QPhRKxb69KMCVL1Lljpu/3+9,7.203573569011756,68.07680494619039,18.953964194236825
1356000,bA2tJJsSFg7ZCsjBt1GRLiDzdqrM8po/vCebEme4QPhRKxb69KMCVL1Lljpu/3+9,7.788798813994374,43.40587873882548,14.131301691307344
1356300,bA2tJJsSFg7ZCsjBt1GRLiDzdqrM8po/vCebEme4QPhRKxb69KMCVL1Lljpu/3+9,7.097968340718973,37.48849954171597,12.025070671268608
1356600,bA2tJJsSFg7ZCsjBt1GRLiDzdqrM8po/vCebEme4QPhRKxb69KMCVL1Lljpu/3+9,7.128472117827782,10.019939701410731,8.043880156590378
1356900,bA2tJJsSFg7ZCsjBt1GRLiDzdqrM8po/vCebEme4QPhRKxb69KMCVL1Lljpu/3+9,6.757833481160479,78.6868439226131,19.15331220874228
1357200,bA2tJJsSFg7ZCsjBt1GRLiDzdqrM8po/vCebEme4QPhRKxb69KMCVL1Lljpu/3+9,6.880953472339658,45.57119382426798,14.11713906913442
1357500,bA2tJJsSFg7ZCsjBt1GRLiDzdqrM8po/vCebEme4QPhRKxb69KMCVL1Lljpu/3+9,6.538076460192602,63.984255393594395,15.224502234745994
1357800,bA2tJJsSFg7ZCsjBt1GRLiDzdqrM8po/vCebEme4QPhRKxb69KMCVL1Lljpu/3+9,7.098551370806371,9.736418295339913,8.158177630893952
1358100,bA2tJJsSFg7ZCsjBt1GRLiDzdqrM8po/vCebEme4QPhRKxb69KMCVL1Lljpu/3+9,6.938743661483839,42.42159920369048,14.740400913260284
1358400,bA2tJJsSFg7ZCsjBt1GRLiDzdqrM8po/vCebEme4QPhRKxb69KMCVL1Lljpu/3+9,7.226088471133098,50.54225874929072,13.86253501047757
1358700,bA2tJJsSFg7ZCsjBt1GRLiDzdqrM8po/vCebEme4QPhRKxb69KMCVL1Lljpu/3+9,7.4927381800962465,78.6050391155141,16.475169828456263
1359000,bA2tJJsSFg7ZCsjBt1GRLiDzdqrM8po/vCebEme4QPhRKxb69KMCVL1Lljpu/3+9,6.910209295451801,9.23852906579653,7.862529038080205
1359300,bA2tJJsSFg7ZCsjBt1GRLiDzdqrM8po/vCebEme4QPhRKxb69KMCVL1Lljpu/3+9,7.191021137775799,66.55939609292032,19.00160658314075
1359600,bA2tJJsSFg7ZCsjBt1GRLiDzdqrM8po/vCebEme4QPhRKxb69KMCVL1Lljpu/3+9,7.716938975350579,59.28320606696354,14.157764945055852
1359900,bA2tJJsSFg7ZCsjBt1GRLiDzdqrM8po/vCebEme4QPhRKxb69KMCVL1Lljpu/3+9,6.978228789173081,37.42350815635575,12.033406691416806
1360200,bA2tJJsSFg7ZCsjBt1GRLiDzdqrM8po/vCebEme4QPhRKxb69KMCVL1Lljpu/3+9,6.912803735958998,10.518553500688204,8.152689762400897
1360500,bA2tJJsSFg7ZCsjBt1GRLiDzdqrM8po/vCebEme4QPhRKxb69KMCVL1Lljpu/3+9,6.588567675210331,76.17853288038627,19.127430547839488
1360800,bA2tJJsSFg7ZCsjBt1GRLiDzdqrM8po/vCebEme4QPhRKxb69KMCVL1Lljpu/3+9,7.3382947592260654,59.2400210766469,14.528388005474874
1361100,bA2tJJsSFg7ZCsjBt1GRLiDzdqrM8po/vCebEme4QPhRKxb69KMCVL1Lljpu/3+9,6.930325061366909,63.604735596796154,15.156496501707675
1361400,bA2tJJsSFg7ZCsjBt1GRLiDzdqrM8po/vCebEme4QPhRKxb69KMCVL1Lljpu/3+9,6.826984460591336,9.884535391573799,8.385621754449945
1361700,bA2tJJsSFg7ZCsjBt1GRLiDzdqrM8po/vCebEme4QPhRKxb69KMCVL1Lljpu/3+9,7.150612812766924,42.672597816972434,14.85905140744942
1362000,bA2tJJsSFg7ZCsjBt1GRLiDzdqrM8po/vCebEme4QPhRKxb69KMCVL1Lljpu/3+9,7.505786267174675,61.1321401063503,13.949965199264817
1362300,bA2tJJsSFg7ZCsjBt1GRLiDzdqrM8po/vCebEme4QPhRKxb69KMCVL1Lljpu/3+9,7.119817459417994,72.92742670455206,16.59598330031808
1362600,bA2tJJsSFg7ZCsjBt1GRLiDzdqrM8po/vCebEme4QPhRKxb69KMCVL1Lljpu/3+9,6.944632596841372,9.868756820281437,8.0102150368085
1362900,bA2tJJsSFg7ZCsjBt1GRLiDzdqrM8po/vCebEme4QPhRKxb69KMCVL1Lljpu/3+9,7.217288831130281,64.54429097772565,18.882531181292144
1363200,bA2tJJsSFg7ZCsjBt1GRLiDzdqrM8po/vCebEme4QPhRKxb69KMCVL1Lljpu/3+9,7.740465147326109,63.78217469630966,14.1499282566009
1363500,bA2tJJsSFg7ZCsjBt1GRLiDzdqrM8po/vCebEme4QPhRKxb69KMCVL1Lljpu/3+9,6.83494169735842,37.48408103023188,11.864527346052306
1363800,bA2tJJsSFg7ZCsjBt1GRLiDzdqrM8po/vCebEme4QPhRKxb69KMCVL1Lljpu/3+9,7.198082292109024,10.182713702831308,8.217177128525876
1364100,bA2tJJsSFg7ZCsjBt1GRLiDzdqrM8po/vCebEme4QPhRKxb69KMCVL1Lljpu/3+9,7.029767545054027,70.90378814920014,19.051621674242284
1364400,bA2tJJsSFg7ZCsjBt1GRLiDzdqrM8po/vCebEme4QPhRKxb69KMCVL1Lljpu/3+9,7.474474273039386,63.97597884886324,13.647542028997226
1364700,bA2tJJsSFg7ZCsjBt1GRLiDzdqrM8po/vCebEme4QPhRKxb69KMCVL1Lljpu/3+9,7.064901477302274,63.476541119883,15.115802736769789
1365000,bA2tJJsSFg7ZCsjBt1GRLiDzdqrM8po/vCebEme4QPhRKxb69KMCVL1Lljpu/3+9,7.226822743104551,10.334865448769252,8.189688682879298
1365300,bA2tJJsSFg7ZCsjBt1GRLiDzdqrM8po/vCebEme4QPhRKxb69KMCVL1Lljpu/3+9,7.124915975623544,36.94381272341405,14.676652159887778
1365600,bA2tJJsSFg7ZCsjBt1GRLiDzdqrM8po/vCebEme4QPhRKxb69KMCVL1Lljpu/3+9,7.3101507295202035,64.31516450611721,13.892518295756924
1365900,bA2tJJsSFg7ZCsjBt1GRLiDzdqrM8po/vCebEme4QPhRKxb69KMCVL1Lljpu/3+9,7.015663953099736,68.3838756557965,16.254542255480334
1366200,bA2tJJsSFg7ZCsjBt1GRLiDzdqrM8po/vCebEme4QPhRKxb69KMCVL1Lljpu/3+9,6.93554103397773,9.47185474943937,7.945119301734832
1366500,bA2tJJsSFg7ZCsjBt1GRLiDzdqrM8po/vCebEme4QPhRKxb69KMCVL1Lljpu/3+9,7.011711427359836,64.60458095401495,18.96549734919577
1366800,bA2tJJsSFg7ZCsjBt1GRLiDzdqrM8po/vCebEme4QPhRKxb69KMCVL1Lljpu/3+9,7.65843111715701,63.643490572335885,14.074125650216224
1367100,bA2tJJsSFg7ZCsjBt1GRLiDzdqrM8po/vCebEme4QPhRKxb69KMCVL1Lljpu/3+9,7.173990695679548,37.31953148675255,11.91184922888294
1367400,bA2tJJsSFg7ZCsjBt1GRLiDzdqrM8po/vCebEme4QPhRKxb69KMCVL1Lljpu/3+9,6.913415938927161,11.48429976581252,8.097975296411704
1367700,bA2tJJsSFg7ZCsjBt1GRLiDzdqrM8po/vCebEme4QPhRKxb69KMCVL1Lljpu/3+9,6.937037649130884,67.17540330206754,18.8019330638087
1368000,bA2tJJsSFg7ZCsjBt1GRLiDzdqrM8po/vCebEme4QPhRKxb69KMCVL1Lljpu/3+9,7.37799964668593,60.94053135067609,13.838396028186317
1368300,bA2tJJsSFg7ZCsjBt1GRLiDzdqrM8po/vCebEme4QPhRKxb69KMCVL1Lljpu/3+9,7.1063834806312025,61.64151720000672,15.220645693418538
1368600,bA2tJJsSFg7ZCsjBt1GRLiDzdqrM8po/vCebEme4QPhRKxb69KMCVL1Lljpu/3+9,7.127224896437199,10.04162070359302,8.153724621547324
1368900,bA2tJJsSFg7ZCsjBt1GRLiDzdqrM8po/vCebEme4QPhRKxb69KMCVL1Lljpu/3+9,7.082270559661375,37.355981652404,14.668875593827591
1369200,bA2tJJsSFg7ZCsjBt1GRLiDzdqrM8po/vCebEme4QPhRKxb69KMCVL1Lljpu/3+9,7.349341834217855,58.98997016386103,13.835405959291595
1369500,bA2tJJsSFg7ZCsjBt1GRLiDzdqrM8po/vCebEme4QPhRKxb69KMCVL1Lljpu/3+9,7.453031032355614,65.64144964588671,17.36998291846443
1369800,bA2tJJsSFg7ZCsjBt1GRLiDzdqrM8po/vCebEme4QPhRKxb69KMCVL1Lljpu/3+9,6.893714952337764,10.097375037918802,7.829638306254568
1370100,bA2tJJsSFg7ZCsjBt1GRLiDzdqrM8po/vCebEme4QPhRKxb69KMCVL1Lljpu/3+9,6.849942643874992,61.83985628432235,18.8691552601447
1370400,bA2tJJsSFg7ZCsjBt1GRLiDzdqrM8po/vCebEme4QPhRKxb69KMCVL1Lljpu/3+9,7.405619787239978,56.46411239392422,13.952052580967342
1370700,bA2tJJsSFg7ZCsjBt1GRLiDzdqrM8po/vCebEme4QPhRKxb69KMCVL1Lljpu/3+9,6.980110767812765,36.38689398772366,11.958875541999012
1371000,bA2tJJsSFg7ZCsjBt1GRLiDzdqrM8po/vCebEme4QPhRKxb69KMCVL1Lljpu/3+9,7.021402760774248,12.024592756700216,8.03526303400327
1371300,bA2tJJsSFg7ZCsjBt1GRLiDzdqrM8po/vCebEme4QPhRKxb69KMCVL1Lljpu/3+9,6.769944802218481,62.53679147157593,18.98799476065203
1371600,bA2tJJsSFg7ZCsjBt1GRLiDzdqrM8po/vCebEme4QPhRKxb69KMCVL1Lljpu/3+9,6.828217207679496,54.47957874221638,13.541027366321792
1371900,bA2tJJsSFg7ZCsjBt1GRLiDzdqrM8po/vCebEme4QPhRKxb69KMCVL1Lljpu/3+9,6.914857373467358,57.540194032894114,15.103544318276892
1372200,bA2tJJsSFg7ZCsjBt1GRLiDzdqrM8po/vCebEme4QPhRKxb69KMCVL1Lljpu/3+9,7.033168876235204,11.473501704180222,8.295100401396258
1372500,bA2tJJsSFg7ZCsjBt1GRLiDzdqrM8po/vCebEme4QPhRKxb69KMCVL1Lljpu/3+9,6.784706894679269,37.428769281150544,14.71922956990265
1372800,bA2tJJsSFg7ZCsjBt1GRLiDzdqrM8po/vCebEme4QPhRKxb69KMCVL1Lljpu/3+9,7.247302745602491,52.13725057841335,13.83828626744806
1373100,bA2tJJsSFg7ZCsjBt1GRLiDzdqrM8po/vCebEme4QPhRKxb69KMCVL1Lljpu/3+9,6.976703446254281,59.35919154164838,16.279491587852966
1373400,bA2tJJsSFg7ZCsjBt1GRLiDzdqrM8po/vCebEme4QPhRKxb69KMCVL1Lljpu/3+9,6.765805981916704,10.595646623852211,7.781431289829009
1373700,bA2tJJsSFg7ZCsjBt1GRLiDzdqrM8po/vCebEme4QPhRKxb69KMCVL1Lljpu/3+9,7.6347186003626915,53.307272904359735,19.820901415433596
1374000,bA2tJJsSFg7ZCsjBt1GRLiDzdqrM8po/vCebEme4QPhRKxb69KMCVL1Lljpu/3+9,7.737660461287403,44.72176983286586,14.41314133525502
1374300,bA2tJJsSFg7ZCsjBt1GRLiDzdqrM8po/vCebEme4QPhRKxb69KMCVL1Lljpu/3+9,7.167941167364189,37.60666655938252,11.940503815044778
1374600,bA2tJJsSFg7ZCsjBt1GRLiDzdqrM8po/vCebEme4QPhRKxb69KMCVL1Lljpu/3+9,6.812622215725936,12.616067771807668,8.222650118186003
1374900,bA2tJJsSFg7ZCsjBt1GRLiDzdqrM8po/vCebEme4QPhRKxb69KMCVL1Lljpu/3+9,6.916953335542305,58.48739123068729,19.005490231802845
1375200,bA2tJJsSFg7ZCsjBt1GRLiDzdqrM8po/vCebEme4QPhRKxb69KMCVL1Lljpu/3+9,6.851208616787222,36.83354632554829,13.620871228315584
1375500,bA2tJJsSFg7ZCsjBt1GRLiDzdqrM8po/vCebEme4QPhRKxb69KMCVL1Lljpu/3+9,6.3974574684653165,53.09470256965738,15.187413161496751
1375800,bA2tJJsSFg7ZCsjBt1GRLiDzdqrM8po/vCebEme4QPhRKxb69KMCVL1Lljpu/3+9,7.190493645208793,12.543849859544949,8.313047799054333
1376100,bA2tJJsSFg7ZCsjBt1GRLiDzdqrM8po/vCebEme4QPhRKxb69KMCVL1Lljpu/3+9,7.1925701535771935,37.28196601544867,14.677603228077322
1376400,bA2tJJsSFg7ZCsjBt1GRLiDzdqrM8po/vCebEme4QPhRKxb69KMCVL1Lljpu/3+9,7.157783119596251,36.03489939583048,13.89431786995366
1376700,bA2tJJsSFg7ZCsjBt1GRLiDzdqrM8po/vCebEme4QPhRKxb69KMCVL1Lljpu/3+9,6.933296127073531,56.70832478314072,16.189980374910878
1377000,bA2tJJsSFg7ZCsjBt1GRLiDzdqrM8po/vCebEme4QPhRKxb69KMCVL1Lljpu/3+9,7.059126458075294,10.79520236308789,7.778520141541239
1377300,bA2tJJsSFg7ZCsjBt1GRLiDzdqrM8po/vCebEme4QPhRKxb69KMCVL1Lljpu/3+9,6.890448011189616,49.435884075457594,17.891432036934937
1377600,bA2tJJsSFg7ZCsjBt1GRLiDzdqrM8po/vCebEme4QPhRKxb69KMCVL1Lljpu/3+9,7.560855868069495,43.02244897358823,14.998347126943196
1377900,bA2tJJsSFg7ZCsjBt1GRLiDzdqrM8po/vCebEme4QPhRKxb69KMCVL1Lljpu/3+9,7.139881347376642,53.96228759053594,18.92016895819696
1378200,bA2tJJsSFg7ZCsjBt1GRLiDzdqrM8po/vCebEme4QPhRKxb69KMCVL1Lljpu/3+9,7.21823614124966,24.690496406368304,9.978991917687528
1378500,bA2tJJsSFg7ZCsjBt1GRLiDzdqrM8po/vCebEme4QPhRKxb69KMCVL1Lljpu/3+9,7.278584923843475,50.054202420464414,19.571789417138355
1378800,bA2tJJsSFg7ZCsjBt1GRLiDzdqrM8po/vCebEme4QPhRKxb69KMCVL1Lljpu/3+9,7.0526636595004,49.82052711915272,13.598378205226377
1379100,bA2tJJsSFg7ZCsjBt1GRLiDzdqrM8po/vCebEme4QPhRKxb69KMCVL1Lljpu/3+9,7.242781395428762,48.58362113455088,15.150660313197887
1379400,bA2tJJsSFg7ZCsjBt1GRLiDzdqrM8po/vCebEme4QPhRKxb69KMCVL1Lljpu/3+9,7.3039555138004,11.065413022570349,8.25723504305649
1379700,bA2tJJsSFg7ZCsjBt1GRLiDzdqrM8po/vCebEme4QPhRKxb69KMCVL1Lljpu/3+9,6.943654008753401,39.62324213998132,14.801657273610822
1380000,bA2tJJsSFg7ZCsjBt1GRLiDzdqrM8po/vCebEme4QPhRKxb69KMCVL1Lljpu/3+9,7.401258811194186,52.034693070421945,14.035502505195389
1380300,bA2tJJsSFg7ZCsjBt1GRLiDzdqrM8po/vCebEme4QPhRKxb69KMCVL1Lljpu/3+9,7.238534446870426,49.643153548524126,16.44184354942113
1380600,bA2tJJsSFg7ZCsjBt1GRLiDzdqrM8po/vCebEme4QPhRKxb69KMCVL1Lljpu/3+9,7.1675079184165575,11.063830536372436,8.090633449938833
1380900,bA2tJJsSFg7ZCsjBt1GRLiDzdqrM8po/vCebEme4QPhRKxb69KMCVL1Lljpu/3+9,7.123510177102723,47.87366726963407,17.9519980413749
1381200,bA2tJJsSFg7ZCsjBt1GRLiDzdqrM8po/vCebEme4QPhRKxb69KMCVL1Lljpu/3+9,7.492006126378458,57.11053619161494,14.961291922113933
1381500,bA2tJJsSFg7ZCsjBt1GRLiDzdqrM8po/vCebEme4QPhRKxb69KMCVL1Lljpu/3+9,7.1129577526554,14.38892994107268,9.189943597816344
1381800,bA2tJJsSFg7ZCsjBt1GRLiDzdqrM8po/vCebEme4QPhRKxb69KMCVL1Lljpu/3+9,7.0570926198539805,12.570766412052173,8.201239810820496
1382100,bA2tJJsSFg7ZCsjBt1GRLiDzdqrM8po/vCebEme4QPhRKxb69KMCVL1Lljpu/3+9,7.081921357401653,46.881331083342666,18.924507532609383
1382400,bA2tJJsSFg7ZCsjBt1GRLiDzdqrM8po/vCebEme4QPhRKxb69KMCVL1Lljpu/3+9,7.376820594824885,57.750235280021776,13.55530310884722
1382700,bA2tJJsSFg7ZCsjBt1GRLiDzdqrM8po/vCebEme4QPhRKxb69KMCVL1Lljpu/3+9,7.170561250467532,45.52019835784306,15.102845256524844
1383000,bA2tJJsSFg7ZCsjBt1GRLiDzdqrM8po/vCebEme4QPhRKxb69KMCVL1Lljpu/3+9,7.193182444744509,15.454796667356408,9.341808466545864
1383300,bA2tJJsSFg7ZCsjBt1GRLiDzdqrM8po/vCebEme4QPhRKxb69KMCVL1Lljpu/3+9,14.004214743755092,42.18951932534407,21.084129826747432
1383600,bA2tJJsSFg7ZCsjBt1GRLiDzdqrM8po/vCebEme4QPhRKxb69KMCVL1Lljpu/3+9,13.07595347201009,66.513538031415,20.335930463693664
1383900,bA2tJJsSFg7ZCsjBt1GRLiDzdqrM8po/vCebEme4QPhRKxb69KMCVL1Lljpu/3+9,7.603679655656174,44.28606514896455,16.566734103919742
1384200,bA2tJJsSFg7ZCsjBt1GRLiDzdqrM8po/vCebEme4QPhRKxb69KMCVL1Lljpu/3+9,6.768958236242993,9.70675759288324,8.010075601511486
1384500,bA2tJJsSFg7ZCsjBt1GRLiDzdqrM8po/vCebEme4QPhRKxb69KMCVL1Lljpu/3+9,7.189738064429136,39.42952878233759,18.375971092721084
1384800,bA2tJJsSFg7ZCsjBt1GRLiDzdqrM8po/vCebEme4QPhRKxb69KMCVL1Lljpu/3+9,7.50685000382617,60.84747858529271,14.983430864335832
1385100,bA2tJJsSFg7ZCsjBt1GRLiDzdqrM8po/vCebEme4QPhRKxb69KMCVL1Lljpu/3+9,6.820454972047847,37.6048384697721,12.001094707629676
1385400,bA2tJJsSFg7ZCsjBt1GRLiDzdqrM8po/vCebEme4QPhRKxb69KMCVL1Lljpu/3+9,6.810496316915192,11.210351079625726,8.232127847808314
1385700,bA2tJJsSFg7ZCsjBt1GRLiDzdqrM8po/vCebEme4QPhRKxb69KMCVL1Lljpu/3+9,6.714351874447855,45.79663956832008,16.579275460233
1386000,bA2tJJsSFg7ZCsjBt1GRLiDzdqrM8po/vCebEme4QPhRKxb69KMCVL1Lljpu/3+9,7.04897112559036,61.11709795912368,13.673801316715473
1386300,bA2tJJsSFg7ZCsjBt1GRLiDzdqrM8po/vCebEme4QPhRKxb69KMCVL1Lljpu/3+9,6.831747660624768,39.609847501343765,15.049053327162635
1386600,bA2tJJsSFg7ZCsjBt1GRLiDzdqrM8po/vCebEme4QPhRKxb69KMCVL1Lljpu/3+9,7.141167742373559,19.562590575816483,9.869144175023376
1386900,bA2tJJsSFg7ZCsjBt1GRLiDzdqrM8po/vCebEme4QPhRKxb69KMCVL1Lljpu/3+9,7.405009409939373,37.66446164277501,15.252793494728426
1387200,bA2tJJsSFg7ZCsjBt1GRLiDzdqrM8po/vCebEme4QPhRKxb69KMCVL1Lljpu/3+9,7.309220047533441,61.49422625422529,14.318747820230865
1387500,bA2tJJsSFg7ZCsjBt1GRLiDzdqrM8po/vCebEme4QPhRKxb69KMCVL1Lljpu/3+9,7.521503821584266,44.84977658471709,16.452792936544643
1387800,bA2tJJsSFg7ZCsjBt1GRLiDzdqrM8po/vCebEme4QPhRKxb69KMCVL1Lljpu/3+9,6.956810176490771,9.491264019902893,7.771796429041453
1388100,bA2tJJsSFg7ZCsjBt1GRLiDzdqrM8po/vCebEme4QPhRKxb69KMCVL1Lljpu/3+9,7.098727132816878,37.07984541042374,17.20955856547245
1388400,bA2tJJsSFg7ZCsjBt1GRLiDzdqrM8po/vCebEme4QPhRKxb69KMCVL1Lljpu/3+9,7.453810242237347,66.87519229266519,15.490092807212044
1388700,bA2tJJsSFg7ZCsjBt1GRLiDzdqrM8po/vCebEme4QPhRKxb69KMCVL1Lljpu/3+9,6.909409956892258,37.00343597261525,11.429802229726857
1389000,bA2tJJsSFg7ZCsjBt1GRLiDzdqrM8po/vCebEme4QPhRKxb69KMCVL1Lljpu/3+9,6.87330166914881,14.983592589453275,8.948261185846643
1389300,bA2tJJsSFg7ZCsjBt1GRLiDzdqrM8po/vCebEme4QPhRKxb69KMCVL1Lljpu/3+9,6.740533540433121,37.207257746665896,14.826653896062927
1389600,bA2tJJsSFg7ZCsjBt1GRLiDzdqrM8po/vCebEme4QPhRKxb69KMCVL1Lljpu/3+9,7.118124596299982,64.84917838621612,14.397589251833068
1389900,bA2tJJsSFg7ZCsjBt1GRLiDzdqrM8po/vCebEme4QPhRKxb69KMCVL1Lljpu/3+9,7.4536538908368195,36.67343781002742,14.52640243982492
1390200,bA2tJJsSFg7ZCsjBt1GRLiDzdqrM8po/vCebEme4QPhRKxb69KMCVL1Lljpu/3+9,7.347884932711502,13.82106080147731,8.945803067063155
1390500,bA2tJJsSFg7ZCsjBt1GRLiDzdqrM8po/vCebEme4QPhRKxb69KMCVL1Lljpu/3+9,7.367795468173953,36.150402100470416,14.203720860945651
1390800,bA2tJJsSFg7ZCsjBt1GRLiDzdqrM8po/vCebEme4QPhRKxb69KMCVL1Lljpu/3+9,7.378909139859851,63.781101846708296,14.545442535130622
1391100,bA2tJJsSFg7ZCsjBt1GRLiDzdqrM8po/vCebEme4QPhRKxb69KMCVL1Lljpu/3+9,6.904372658555094,50.78217031931885,15.437754664093898
1391400,bA2tJJsSFg7ZCsjBt1GRLiDzdqrM8po/vCebEme4QPhRKxb69KMCVL1Lljpu/3+9,7.152828070560341,14.137864554317265,8.497955896038984
1391700,bA2tJJsSFg7ZCsjBt1GRLiDzdqrM8po/vCebEme4QPhRKxb69KMCVL1Lljpu/3+9,6.8190635647382,37.92072847236625,18.682458895387484
1392000,bA2tJJsSFg7ZCsjBt1GRLiDzdqrM8po/vCebEme4QPhRKxb69KMCVL1Lljpu/3+9,7.856733024479237,65.10877616652056,15.998415293234617
1392300,bA2tJJsSFg7ZCsjBt1GRLiDzdqrM8po/vCebEme4QPhRKxb69KMCVL1Lljpu/3+9,7.155092922003542,33.601471934357775,11.58315914632064
1392600,bA2tJJsSFg7ZCsjBt1GRLiDzdqrM8po/vCebEme4QPhRKxb69KMCVL1Lljpu/3+9,7.268992393561313,14.075789458921726,8.931928413230741
1392900,bA2tJJsSFg7ZCsjBt1GRLiDzdqrM8po/vCebEme4QPhRKxb69KMCVL1Lljpu/3+9,6.772499015983804,54.73710682546514,18.33098413457465
1393200,bA2tJJsSFg7ZCsjBt1GRLiDzdqrM8po/vCebEme4QPhRKxb69KMCVL1Lljpu/3+9,7.44136843656081,64.65549209729797,14.344463556258551
1393500,bA2tJJsSFg7ZCsjBt1GRLiDzdqrM8po/vCebEme4QPhRKxb69KMCVL1Lljpu/3+9,7.210866805633507,31.5158139287208,11.50140184029306
1393800,bA2tJJsSFg7ZCsjBt1GRLiDzdqrM8po/vCebEme4QPhRKxb69KMCVL1Lljpu/3+9,7.190497355620246,13.907040982311347,8.88165222859508
1394100,bA2tJJsSFg7ZCsjBt1GRLiDzdqrM8po/vCebEme4QPhRKxb69KMCVL1Lljpu/3+9,7.3131656148429665,36.355922692775806,14.348637984823403
1394400,bA2tJJsSFg7ZCsjBt1GRLiDzdqrM8po/vCebEme4QPhRKxb69KMCVL1Lljpu/3+9,7.668617861801706,64.95512405395783,14.792425542994188
1394700,bA2tJJsSFg7ZCsjBt1GRLiDzdqrM8po/vCebEme4QPhRKxb69KMCVL1Lljpu/3+9,7.185909617985884,56.9378666728292,15.884862106316964
1395000,bA2tJJsSFg7ZCsjBt1GRLiDzdqrM8po/vCebEme4QPhRKxb69KMCVL1Lljpu/3+9,6.8035581081330605,13.981283506133437,8.5986120811059
1395300,bA2tJJsSFg7ZCsjBt1GRLiDzdqrM8po/vCebEme4QPhRKxb69KMCVL1Lljpu/3+9,7.245535517635591,42.697851834082506,17.304807932641754
1395600,bA2tJJsSFg7ZCsjBt1GRLiDzdqrM8po/vCebEme4QPhRKxb69KMCVL1Lljpu/3+9,7.920328593597959,58.472771426108125,14.974114188750644
1395900,bA2tJJsSFg7ZCsjBt1GRLiDzdqrM8po/vCebEme4QPhRKxb69KMCVL1Lljpu/3+9,6.947072076450036,31.20228290923237,12.024534792948977
1396200,bA2tJJsSFg7ZCsjBt1GRLiDzdqrM8po/vCebEme4QPhRKxb69KMCVL1Lljpu/3+9,7.079345383169481,14.797005930997654,8.827333174916573
1396500,bA2tJJsSFg7ZCsjBt1GRLiDzdqrM8po/vCebEme4QPhRKxb69KMCVL1Lljpu/3+9,6.992071419158818,58.45757895758158,17.979193503966197
1396800,bA2tJJsSFg7ZCsjBt1GRLiDzdqrM8po/vCebEme4QPhRKxb69KMCVL1Lljpu/3+9,7.354068274355549,56.65464593614536,14.573702619651437
1397100,bA2tJJsSFg7ZCsjBt1GRLiDzdqrM8po/vCebEme4QPhRKxb69KMCVL1Lljpu/3+9,7.206454870361727,44.68978884290272,14.363404683336364
1397400,bA2tJJsSFg7ZCsjBt1GRLiDzdqrM8po/vCebEme4QPhRKxb69KMCVL1Lljpu/3+9,7.268288345123763,14.996102677363364,9.276137071624554
1397700,bA2tJJsSFg7ZCsjBt1GRLiDzdqrM8po/vCebEme4QPhRKxb69KMCVL1Lljpu/3+9,7.413474528666088,35.91033166673024,13.735294871218658
1398000,bA2tJJsSFg7ZCsjBt1GRLiDzdqrM8po/vCebEme4QPhRKxb69KMCVL1Lljpu/3+9,7.823923783501725,55.445746138625616,15.088993223012688
1398300,bA2tJJsSFg7ZCsjBt1GRLiDzdqrM8po/vCebEme4QPhRKxb69KMCVL1Lljpu/3+9,7.007774887616935,62.269205176756216,15.23960556402042
1398600,bA2tJJsSFg7ZCsjBt1GRLiDzdqrM8po/vCebEme4QPhRKxb69KMCVL1Lljpu/3+9,6.742608286368768,14.354521842905644,8.877531235741305
1398900,bA2tJJsSFg7ZCsjBt1GRLiDzdqrM8po/vCebEme4QPhRKxb69KMCVL1Lljpu/3+9,7.308675836127339,47.67344124711341,17.013951755664824
1399200,bA2tJJsSFg7ZCsjBt1GRLiDzdqrM8po/vCebEme4QPhRKxb69KMCVL1Lljpu/3+9,7.85514196954551,55.62231394004356,15.042628713474492
1399500,bA2tJJsSFg7ZCsjBt1GRLiDzdqrM8po/vCebEme4QPhRKxb69KMCVL1Lljpu/3+9,6.997433013070465,27.986900768495328,11.765595704456688
1399800,bA2tJJsSFg7ZCsjBt1GRLiDzdqrM8po/vCebEme4QPhRKxb69KMCVL1Lljpu/3+9,6.809807011528131,15.131477840253584,9.259962562717908
1400100,bA2tJJsSFg7ZCsjBt1GRLiDzdqrM8po/vCebEme4QPhRKxb69KMCVL1Lljpu/3+9,7.400481553849055,63.795029692179,18.329972257393216
1400400,bA2tJJsSFg7ZCsjBt1GRLiDzdqrM8po/vCebEme4QPhRKxb69KMCVL1Lljpu/3+9,7.1531007809530855,54.05856916213139,14.610581299588125
1400700,bA2tJJsSFg7ZCsjBt1GRLiDzdqrM8po/vCebEme4QPhRKxb69KMCVL1Lljpu/3+9,6.777258260623968,49.262709375497856,14.034872458109804
1401000,bA2tJJsSFg7ZCsjBt1GRLiDzdqrM8po/vCebEme4QPhRKxb69KMCVL1Lljpu/3+9,7.14562069181846,14.755773878408084,9.29194084654076
1401300,bA2tJJsSFg7ZCsjBt1GRLiDzdqrM8po/vCebEme4QPhRKxb69KMCVL1Lljpu/3+9,7.015262528924051,36.02763715465198,14.300096502695652
1401600,bA2tJJsSFg7ZCsjBt1GRLiDzdqrM8po/vCebEme4QPhRKxb69KMCVL1Lljpu/3+9,7.282900600972481,54.23520349039445,14.880247120439662
1401900,bA2tJJsSFg7ZCsjBt1GRLiDzdqrM8po/vCebEme4QPhRKxb69KMCVL1Lljpu/3+9,6.330131929224139,66.06614806361318,15.400994261072398
1402200,bA2tJJsSFg7ZCsjBt1GRLiDzdqrM8po/vCebEme4QPhRKxb69KMCVL1Lljpu/3+9,6.629459808468084,14.828441946314967,8.740026353030823
1402500,bA2tJJsSFg7ZCsjBt1GRLiDzdqrM8po/vCebEme4QPhRKxb69KMCVL1Lljpu/3+9,6.9905469918393806,52.511303563434936,17.230515535063834
1402800,bA2tJJsSFg7ZCsjBt1GRLiDzdqrM8po/vCebEme4QPhRKxb69KMCVL1Lljpu/3+9,6.809205809900246,53.22675919789169,14.972882934423367
1403100,bA2tJJsSFg7ZCsjBt1GRLiDzdqrM8po/vCebEme4QPhRKxb69KMCVL1Lljpu/3+9,7.16615062126427,25.75183957958851,11.966853642969456
1403400,bA2tJJsSFg7ZCsjBt1GRLiDzdqrM8po/vCebEme4QPhRKxb69KMCVL1Lljpu/3+9,7.098907378814072,18.83677431630919,9.268400179886145
1403700,bA2tJJsSFg7ZCsjBt1GRLiDzdqrM8po/vCebEme4QPhRKxb69KMCVL1Lljpu/3+9,6.695885112461539,66.50494813018761,18.080767988105375
1404000,bA2tJJsSFg7ZCsjBt1GRLiDzdqrM8po/vCebEme4QPhRKxb69KMCVL1Lljpu/3+9,6.909260175197453,52.71189627985921,14.601608618751005
1404300,bA2tJJsSFg7ZCsjBt1GRLiDzdqrM8po/vCebEme4QPhRKxb69KMCVL1Lljpu/3+9,6.863565867393749,53.66789123559619,14.241648771747442
1404600,bA2tJJsSFg7ZCsjBt1GRLiDzdqrM8po/vCebEme4QPhRKxb69KMCVL1Lljpu/3+9,6.963035047767703,18.52100072675331,9.209853497066714
1404900,bA2tJJsSFg7ZCsjBt1GRLiDzdqrM8po/vCebEme4QPhRKxb69KMCVL1Lljpu/3+9,6.557309991735008,27.4128245309004,13.722582706152116
1405200,bA2tJJsSFg7ZCsjBt1GRLiDzdqrM8po/vCebEme4QPhRKxb69KMCVL1Lljpu/3+9,7.256027362815926,52.56058434548595,14.721037776968185
1405500,bA2tJJsSFg7ZCsjBt1GRLiDzdqrM8po/vCebEme4QPhRKxb69KMCVL1Lljpu/3+9,6.797531421620336,68.45975437443987,16.02614804752249
1405800,bA2tJJsSFg7ZCsjBt1GRLiDzdqrM8po/vCebEme4QPhRKxb69KMCVL1Lljpu/3+9,7.034363791000594,13.84535722839156,8.713016184287266
1406100,bA2tJJsSFg7ZCsjBt1GRLiDzdqrM8po/vCebEme4QPhRKxb69KMCVL1Lljpu/3+9,6.687186656125824,54.012308781438186,16.891860068466613
1406400,bA2tJJsSFg7ZCsjBt1GRLiDzdqrM8po/vCebEme4QPhRKxb69KMCVL1Lljpu/3+9,7.151892126327611,51.13372170206743,14.926366688407006
1406700,bA2tJJsSFg7ZCsjBt1GRLiDzdqrM8po/vCebEme4QPhRKxb69KMCVL1Lljpu/3+9,6.7456191004669686,28.937279508139632,11.896297312444805
1407000,bA2tJJsSFg7ZCsjBt1GRLiDzdqrM8po/vCebEme4QPhRKxb69KMCVL1Lljpu/3+9,7.111751388891014,14.36619552047253,9.220043437634704
1407300,bA2tJJsSFg7ZCsjBt1GRLiDzdqrM8po/vCebEme4QPhRKxb69KMCVL1Lljpu/3+9,6.985035219760141,69.8907050510219,18.20135271698903
1407600,bA2tJJsSFg7ZCsjBt1GRLiDzdqrM8po/vCebEme4QPhRKxb69KMCVL1Lljpu/3+9,7.281770877018372,50.26163851101025,14.492799559935706
1407900,bA2tJJsSFg7ZCsjBt1GRLiDzdqrM8po/vCebEme4QPhRKxb69KMCVL1Lljpu/3+9,6.9682690146799455,56.818425145219166,14.055084411758608
1408200,bA2tJJsSFg7ZCsjBt1GRLiDzdqrM8po/vCebEme4QPhRKxb69KMCVL1Lljpu/3+9,7.229003308102749,15.390386357925282,9.16696668078366
1408500,bA2tJJsSFg7ZCsjBt1GRLiDzdqrM8po/vCebEme4QPhRKxb69KMCVL1Lljpu/3+9,6.845702583640197,35.98818663449596,13.735533780351767
1408800,bA2tJJsSFg7ZCsjBt1GRLiDzdqrM8po/vCebEme4QPhRKxb69KMCVL1Lljpu/3+9,6.854730564022479,43.365699134824986,14.876495214857322
1409100,bA2tJJsSFg7ZCsjBt1GRLiDzdqrM8po/vCebEme4QPhRKxb69KMCVL1Lljpu/3+9,7.034010622229737,74.28197067943259,15.341246245067437
1409400,bA2tJJsSFg7ZCsjBt1GRLiDzdqrM8po/vCebEme4QPhRKxb69KMCVL1Lljpu/3+9,7.22960901146851,18.07075488367112,8.955911400128237
1409700,bA2tJJsSFg7ZCsjBt1GRLiDzdqrM8po/vCebEme4QPhRKxb69KMCVL1Lljpu/3+9,7.074251723748614,59.46611359098589,17.89718026960564
1410000,bA2tJJsSFg7ZCsjBt1GRLiDzdqrM8po/vCebEme4QPhRKxb69KMCVL1Lljpu/3+9,7.424069658997701,43.654973094675846,15.362912706756834
1410300,bA2tJJsSFg7ZCsjBt1GRLiDzdqrM8po/vCebEme4QPhRKxb69KMCVL1Lljpu/3+9,7.150121056524219,34.037726059131735,11.90037072709795
1410600,bA2tJJsSFg7ZCsjBt1GRLiDzdqrM8po/vCebEme4QPhRKxb69KMCVL1Lljpu/3+9,7.339750091209173,18.21491092923671,9.143402042307681
1410900,bA2tJJsSFg7ZCsjBt1GRLiDzdqrM8po/vCebEme4QPhRKxb69KMCVL1Lljpu/3+9,7.2184026697231936,75.27068546125108,18.108180731902188
1411200,bA2tJJsSFg7ZCsjBt1GRLiDzdqrM8po/vCebEme4QPhRKxb69KMCVL1Lljpu/3+9,7.0947496275418525,39.383323342585214,14.61224605953544
1411500,bA2tJJsSFg7ZCsjBt1GRLiDzdqrM8po/vCebEme4QPhRKxb69KMCVL1Lljpu/3+9,7.24142301355699,61.33077384134474,14.251171644947137
1411800,bA2tJJsSFg7ZCsjBt1GRLiDzdqrM8po/vCebEme4QPhRKxb69KMCVL1Lljpu/3+9,7.277509661110581,18.43651662855472,9.246554220254048
1412100,bA2tJJsSFg7ZCsjBt1GRLiDzdqrM8po/vCebEme4QPhRKxb69KMCVL1Lljpu/3+9,7.300978410828691,36.25190586631986,13.74702948474105
1412400,bA2tJJsSFg7ZCsjBt1GRLiDzdqrM8po/vCebEme4QPhRKxb69KMCVL1Lljpu/3+9,7.45204985407125,36.46015347277424,15.300600588180014
1412700,bA2tJJsSFg7ZCsjBt1GRLiDzdqrM8po/vCebEme4QPhRKxb69KMCVL1Lljpu/3+9,13.881179678034586,82.78799707401964,21.865221435119835
1413000,bA2tJJsSFg7ZCsjBt1GRLiDzdqrM8po/vCebEme4QPhRKxb69KMCVL1Lljpu/3+9,12.988976044208613,24.261763761532855,15.20914033666932
1413300,bA2tJJsSFg7ZCsjBt1GRLiDzdqrM8po/vCebEme4QPhRKxb69KMCVL1Lljpu/3+9,8.141081026597153,63.22950767028474,17.47100209749896
1413600,bA2tJJsSFg7ZCsjBt1GRLiDzdqrM8po/vCebEme4QPhRKxb69KMCVL1Lljpu/3+9,7.152448608177175,38.316982247240205,15.021942521381447
1413900,bA2tJJsSFg7ZCsjBt1GRLiDzdqrM8po/vCebEme4QPhRKxb69KMCVL1Lljpu/3+9,7.1666622940510685,38.86644194197508,12.331958769239838
1414200,bA2tJJsSFg7ZCsjBt1GRLiDzdqrM8po/vCebEme4QPhRKxb69KMCVL1Lljpu/3+9,7.081994787744664,15.046573881699222,9.413660327519697
1414500,bA2tJJsSFg7ZCsjBt1GRLiDzdqrM8po/vCebEme4QPhRKxb69KMCVL1Lljpu/3+9,7.139988061179183,79.99714138627067,18.30033182638004
1414800,bA2tJJsSFg7ZCsjBt1GRLiDzdqrM8po/vCebEme4QPhRKxb69KMCVL1Lljpu/3+9,7.200631624376952,40.13361171161458,14.510724153239089
1415100,bA2tJJsSFg7ZCsjBt1GRLiDzdqrM8po/vCebEme4QPhRKxb69KMCVL1Lljpu/3+9,7.011504347956177,64.43897467612162,14.2111964333485
1415400,bA2tJJsSFg7ZCsjBt1GRLiDzdqrM8po/vCebEme4QPhRKxb69KMCVL1Lljpu/3+9,7.381807648680145,17.49612439872827,9.268124633794416
1415700,bA2tJJsSFg7ZCsjBt1GRLiDzdqrM8po/vCebEme4QPhRKxb69KMCVL1Lljpu/3+9,6.982335193875732,36.9611004217306,13.678032933531645
1416000,bA2tJJsSFg7ZCsjBt1GRLiDzdqrM8po/vCebEme4QPhRKxb69KMCVL1Lljpu/3+9,6.853923674120984,42.27973802302429,14.998564897358303
1416300,bA2tJJsSFg7ZCsjBt1GRLiDzdqrM8po/vCebEme4QPhRKxb69KMCVL1Lljpu/3+9,7.244929426798786,77.98835934868812,15.370911308235431
1416600,bA2tJJsSFg7ZCsjBt1GRLiDzdqrM8po/vCebEme4QPhRKxb69KMCVL1Lljpu/3+9,6.977920158095027,17.639017991068087,8.944778496772841
1416900,bA2tJJsSFg7ZCsjBt1GRLiDzdqrM8po/vCebEme4QPhRKxb69KMCVL1Lljpu/3+9,6.843509624193454,63.227575243448335,16.93865407228489
1417200,bA2tJJsSFg7ZCsjBt1GRLiDzdqrM8po/vCebEme4QPhRKxb69KMCVL1Lljpu/3+9,7.381264095553617,42.79729816587804,15.173243893304369
1417500,bA2tJJsSFg7ZCsjBt1GRLiDzdqrM8po/vCebEme4QPhRKxb69KMCVL1Lljpu/3+9,6.761132047646702,36.24774001911901,10.992688377138414
1417800,bA2tJJsSFg7ZCsjBt1GRLiDzdqrM8po/vCebEme4QPhRKxb69KMCVL1Lljpu/3+9,6.884233337187854,17.46431109032259,10.00744937871744
1418100,bA2tJJsSFg7ZCsjBt1GRLiDzdqrM8po/vCebEme4QPhRKxb69KMCVL1Lljpu/3+9,7.281994848684445,77.53030504544844,17.985928837822968
1418400,bA2tJJsSFg7ZCsjBt1GRLiDzdqrM8po/vCebEme4QPhRKxb69KMCVL1Lljpu/3+9,7.187751095546904,44.674381864038715,14.666502825391769
1418700,bA2tJJsSFg7ZCsjBt1GRLiDzdqrM8po/vCebEme4QPhRKxb69KMCVL1Lljpu/3+9,6.940722951727987,63.254707905593314,14.293764326387375
1419000,bA2tJJsSFg7ZCsjBt1GRLiDzdqrM8po/vCebEme4QPhRKxb69KMCVL1Lljpu/3+9,7.169402391234358,17.31699483974187,9.272455100936735
1419300,bA2tJJsSFg7ZCsjBt1GRLiDzdqrM8po/vCebEme4QPhRKxb69KMCVL1Lljpu/3+9,6.9803259248458085,36.94524749181658,13.666674458510162
1419600,bA2tJJsSFg7ZCsjBt1GRLiDzdqrM8po/vCebEme4QPhRKxb69KMCVL1Lljpu/3+9,7.382777275708067,44.40419481024038,14.9174247834036
1419900,bA2tJJsSFg7ZCsjBt1GRLiDzdqrM8po/vCebEme4QPhRKxb69KMCVL1Lljpu/3+9,7.298940869367207,78.13068622619063,15.319202241374589
1420200,bA2tJJsSFg7ZCsjBt1GRLiDzdqrM8po/vCebEme4QPhRKxb69KMCVL1Lljpu/3+9,6.958654277560132,13.36638091785642,8.856288117106814
1420500,bA2tJJsSFg7ZCsjBt1GRLiDzdqrM8po/vCebEme4QPhRKxb69KMCVL1Lljpu/3+9,6.867372722706622,62.281727287565,16.76304089486266
1420800,bA2tJJsSFg7ZCsjBt1GRLiDzdqrM8po/vCebEme4QPhRKxb69KMCVL1Lljpu/3+9,7.525426993025075,47.176738139798935,15.145432731904624
1421100,bA2tJJsSFg7ZCsjBt1GRLiDzdqrM8po/vCebEme4QPhRKxb69KMCVL1Lljpu/3+9,6.887728823124174,36.773230381669904,10.90758181505738
1421400,bA2tJJsSFg7ZCsjBt1GRLiDzdqrM8po/vCebEme4QPhRKxb69KMCVL1Lljpu/3+9,7.170330862648052,18.39519392270244,10.051054718467968
1421700,bA2tJJsSFg7ZCsjBt1GRLiDzdqrM8po/vCebEme4QPhRKxb69KMCVL1Lljpu/3+9,7.235352190375641,78.33175713709558,19.449390008272005
1422000,bA2tJJsSFg7ZCsjBt1GRLiDzdqrM8po/vCebEme4QPhRKxb69KMCVL1Lljpu/3+9,6.7053792600319,50.89189040179339,14.54028345371357
1422300,bA2tJJsSFg7ZCsjBt1GRLiDzdqrM8po/vCebEme4QPhRKxb69KMCVL1Lljpu/3+9,6.89245057114227,64.071219198292,14.094551663732272
1422600,bA2tJJsSFg7ZCsjBt1GRLiDzdqrM8po/vCebEme4QPhRKxb69KMCVL1Lljpu/3+9,6.9768996539891415,19.71743637550423,9.245164066578404
1422900,bA2tJJsSFg7ZCsjBt1GRLiDzdqrM8po/vCebEme4QPhRKxb69KMCVL1Lljpu/3+9,7.051289199454755,36.680874074811605,13.72206676356292
1423200,bA2tJJsSFg7ZCsjBt1GRLiDzdqrM8po/vCebEme4QPhRKxb69KMCVL1Lljpu/3+9,7.071745471104624,53.54898485295932,14.97702003941377
1423500,bA2tJJsSFg7ZCsjBt1GRLiDzdqrM8po/vCebEme4QPhRKxb69KMCVL1Lljpu/3+9,7.088181338878889,78.87154876115214,15.286583092265731
1423800,bA2tJJsSFg7ZCsjBt1GRLiDzdqrM8po/vCebEme4QPhRKxb69KMCVL1Lljpu/3+9,7.016208049496778,18.587655647997245,8.910699581779578
1424100,bA2tJJsSFg7ZCsjBt1GRLiDzdqrM8po/vCebEme4QPhRKxb69KMCVL1Lljpu/3+9,7.195282904235507,62.5021630077011,16.711171413491737
1424400,bA2tJJsSFg7ZCsjBt1GRLiDzdqrM8po/vCebEme4QPhRKxb69KMCVL1Lljpu/3+9,7.250017420483824,57.63190298456756,15.027785730603789
1424700,bA2tJJsSFg7ZCsjBt1GRLiDzdqrM8po/vCebEme4QPhRKxb69KMCVL1Lljpu/3+9,7.099490409036905,37.01685386896568,10.855218534665362
1425000,bA2tJJsSFg7ZCsjBt1GRLiDzdqrM8po/vCebEme4QPhRKxb69KMCVL1Lljpu/3+9,6.8636983959295295,24.243398383509767,10.027024102893847
1425300,bA2tJJsSFg7ZCsjBt1GRLiDzdqrM8po/vCebEme4QPhRKxb69KMCVL1Lljpu/3+9,7.33534804221666,77.71749082003765,18.917987593442017
1425600,bA2tJJsSFg7ZCsjBt1GRLiDzdqrM8po/vCebEme4QPhRKxb69KMCVL1Lljpu/3+9,7.073820798733015,58.80578667732356,14.636864298230993
1425900,bA2tJJsSFg7ZCsjBt1GRLiDzdqrM8po/vCebEme4QPhRKxb69KMCVL1Lljpu/3+9,6.898484648413569,63.94546455758968,14.066034637569546
1426200,bA2tJJsSFg7ZCsjBt1GRLiDzdqrM8po/vCebEme4QPhRKxb69KMCVL1Lljpu/3+9,7.065807166398241,15.505647011474435,9.20649220449514
1426500,bA2tJJsSFg7ZCsjBt1GRLiDzdqrM8po/vCebEme4QPhRKxb69KMCVL1Lljpu/3+9,6.97677538105137,36.97608285566916,13.615744207802672
1426800,bA2tJJsSFg7ZCsjBt1GRLiDzdqrM8po/vCebEme4QPhRKxb69KMCVL1Lljpu/3+9,7.095845676094993,64.5692126122533,15.048210044432633
1427100,bA2tJJsSFg7ZCsjBt1GRLiDzdqrM8po/vCebEme4QPhRKxb69KMCVL1Lljpu/3+9,7.068032662325077,78.30764404208486,15.237565020715609
1427400,bA2tJJsSFg7ZCsjBt1GRLiDzdqrM8po/vCebEme4QPhRKxb69KMCVL1Lljpu/3+9,7.171657394860456,14.693903549001368,8.97883175464296
1427700,bA2tJJsSFg7ZCsjBt1GRLiDzdqrM8po/vCebEme4QPhRKxb69KMCVL1Lljpu/3+9,7.258457909678576,63.73285184859322,16.863484238814745
1428000,bA2tJJsSFg7ZCsjBt1GRLiDzdqrM8po/vCebEme4QPhRKxb69KMCVL1Lljpu/3+9,7.026398621941432,64.72884902168629,15.241137250615116
1428300,bA2tJJsSFg7ZCsjBt1GRLiDzdqrM8po/vCebEme4QPhRKxb69KMCVL1Lljpu/3+9,6.976393108493968,36.90949730266309,10.885168484085709
1428600,bA2tJJsSFg7ZCsjBt1GRLiDzdqrM8po/vCebEme4QPhRKxb69KMCVL1Lljpu/3+9,7.003252229085732,16.751651171042482,9.920474604252345
1428900,bA2tJJsSFg7ZCsjBt1GRLiDzdqrM8po/vCebEme4QPhRKxb69KMCVL1Lljpu/3+9,7.172129703085179,78.10407879653462,18.102705556750205
1429200,bA2tJJsSFg7ZCsjBt1GRLiDzdqrM8po/vCebEme4QPhRKxb69KMCVL1Lljpu/3+9,6.868621992956292,64.25024597028172,14.5625875274527
1429500,bA2tJJsSFg7ZCsjBt1GRLiDzdqrM8po/vCebEme4QPhRKxb69KMCVL1Lljpu/3+9,6.867981055446413,62.94744439855192,14.59674625695215
1429800,bA2tJJsSFg7ZCsjBt1GRLiDzdqrM8po/vCebEme4QPhRKxb69KMCVL1Lljpu/3+9,7.351550214815643,14.176896396505366,9.332561684296275
1430100,bA2tJJsSFg7ZCsjBt1GRLiDzdqrM8po/vCebEme4QPhRKxb69KMCVL1Lljpu/3+9,6.761273909139847,37.386155978893434,13.878414846448488
1430400,bA2tJJsSFg7ZCsjBt1GRLiDzdqrM8po/vCebEme4QPhRKxb69KMCVL1Lljpu/3+9,7.0513523172365895,64.38410691891741,14.999269289995064
1430700,bA2tJJsSFg7ZCsjBt1GRLiDzdqrM8po/vCebEme4QPhRKxb69KMCVL1Lljpu/3+9,6.7979078921846074,75.88363222893683,15.26369997299704
1431000,bA2tJJsSFg7ZCsjBt1GRLiDzdqrM8po/vCebEme4QPhRKxb69KMCVL1Lljpu/3+9,6.649172740644974,18.320781222832533,8.91739778422734
1431300,bA2tJJsSFg7ZCsjBt1GRLiDzdqrM8po/vCebEme4QPhRKxb69KMCVL1Lljpu/3+9,7.044254708400041,63.25007788655196,16.938239369058223
1431600,bA2tJJsSFg7ZCsjBt1GRLiDzdqrM8po/vCebEme4QPhRKxb69KMCVL1Lljpu/3+9,6.67653549229876,65.26165889219817,15.106852188583936
1431900,bA2tJJsSFg7ZCsjBt1GRLiDzdqrM8po/vCebEme4QPhRKxb69KMCVL1Lljpu/3+9,7.022788008295241,36.71633364148152,10.91118037173708
1432200,bA2tJJsSFg7ZCsjBt1GRLiDzdqrM8po/vCebEme4QPhRKxb69KMCVL1Lljpu/3+9,7.113404666794273,15.591683667496037,10.035421707245604
1432500,bA2tJJsSFg7ZCsjBt1GRLiDzdqrM8po/vCebEme4QPhRKxb69KMCVL1Lljpu/3+9,7.12342715459771,72.59256678315363,18.170507786308065
1432800,bA2tJJsSFg7ZCsjBt1GRLiDzdqrM8po/vCebEme4QPhRKxb69KMCVL1Lljpu/3+9,7.217188351783688,64.0074384625585,14.783190991692022
1433100,bA2tJJsSFg7ZCsjBt1GRLiDzdqrM8po/vCebEme4QPhRKxb69KMCVL1Lljpu/3+9,6.7438091426869216,62.446630833154735,14.732940978057796
1433400,bA2tJJsSFg7ZCsjBt1GRLiDzdqrM8po/vCebEme4QPhRKxb69KMCVL1Lljpu/3+9,7.055588652698297,15.540274130840343,9.341105180418326
1433700,bA2tJJsSFg7ZCsjBt1GRLiDzdqrM8po/vCebEme4QPhRKxb69KMCVL1Lljpu/3+9,7.1304603352831,37.332742044449034,13.919062490029416
1434000,bA2tJJsSFg7ZCsjBt1GRLiDzdqrM8po/vCebEme4QPhRKxb69KMCVL1Lljpu/3+9,7.263359136382455,64.48036628486156,15.039226965647662
1434300,bA2tJJsSFg7ZCsjBt1GRLiDzdqrM8po/vCebEme4QPhRKxb69KMCVL1Lljpu/3+9,7.1334864008355625,71.23464705009603,15.37118651841207
1434600,bA2tJJsSFg7ZCsjBt1GRLiDzdqrM8po/vCebEme4QPhRKxb69KMCVL1Lljpu/3+9,7.082934669713456,15.61235654585886,8.92387062415473
1434900,bA2tJJsSFg7ZCsjBt1GRLiDzdqrM8po/vCebEme4QPhRKxb69KMCVL1Lljpu/3+9,7.039219796693922,63.88651479041164,16.985368915843328
1435200,bA2tJJsSFg7ZCsjBt1GRLiDzdqrM8po/vCebEme4QPhRKxb69KMCVL1Lljpu/3+9,6.867465690609394,64.41638997311114,15.330720892871048
1435500,bA2tJJsSFg7ZCsjBt1GRLiDzdqrM8po/vCebEme4QPhRKxb69KMCVL1Lljpu/3+9,6.948054437365444,37.34159822443674,11.44882477959426
1435800,bA2tJJsSFg7ZCsjBt1GRLiDzdqrM8po/vCebEme4QPhRKxb69KMCVL1Lljpu/3+9,6.894205223402503,30.421814688577214,13.146556379799597
1436100,bA2tJJsSFg7ZCsjBt1GRLiDzdqrM8po/vCebEme4QPhRKxb69KMCVL1Lljpu/3+9,7.406540910660315,69.57687687348776,18.83405784899433
1436400,bA2tJJsSFg7ZCsjBt1GRLiDzdqrM8po/vCebEme4QPhRKxb69KMCVL1Lljpu/3+9,6.935354940437583,58.84088001971577,14.657635419070298
1436700,bA2tJJsSFg7ZCsjBt1GRLiDzdqrM8po/vCebEme4QPhRKxb69KMCVL1Lljpu/3+9,7.128860970556751,63.728316477354646,14.367288546746895
1437000,bA2tJJsSFg7ZCsjBt1GRLiDzdqrM8po/vCebEme4QPhRKxb69KMCVL1Lljpu/3+9,6.985577753353856,15.353129369044256,9.405229787365748
1437300,bA2tJJsSFg7ZCsjBt1GRLiDzdqrM8po/vCebEme4QPhRKxb69KMCVL1Lljpu/3+9,6.937290246706865,37.18298776446671,14.932902937399266
1437600,bA2tJJsSFg7ZCsjBt1GRLiDzdqrM8po/vCebEme4QPhRKxb69KMCVL1Lljpu/3+9,7.119829557499063,57.17394882071561,15.092195423938035
1437900,bA2tJJsSFg7ZCsjBt1GRLiDzdqrM8po/vCebEme4QPhRKxb69KMCVL1Lljpu/3+9,7.667765407594749,66.56461754350741,15.83984459407392
1438200,bA2tJJsSFg7ZCsjBt1GRLiDzdqrM8po/vCebEme4QPhRKxb69KMCVL1Lljpu/3+9,7.224910903040999,22.46301681252681,10.749936387217245
1438500,bA2tJJsSFg7ZCsjBt1GRLiDzdqrM8po/vCebEme4QPhRKxb69KMCVL1Lljpu/3+9,7.407299251237292,62.83842396094133,17.55356696038265
1438800,bA2tJJsSFg7ZCsjBt1GRLiDzdqrM8po/vCebEme4QPhRKxb69KMCVL1Lljpu/3+9,7.35978971692079,59.688608954641296,15.382427294489272
1439100,bA2tJJsSFg7ZCsjBt1GRLiDzdqrM8po/vCebEme4QPhRKxb69KMCVL1Lljpu/3+9,7.3231141796623325,36.980164185741806,11.030816477387596
1439400,bA2tJJsSFg7ZCsjBt1GRLiDzdqrM8po/vCebEme4QPhRKxb69KMCVL1Lljpu/3+9,7.262419126656774,15.193364562396894,9.203475847200227
1439700,bA2tJJsSFg7ZCsjBt1GRLiDzdqrM8po/vCebEme4QPhRKxb69KMCVL1Lljpu/3+9,7.599611779283688,66.99034697397902,19.036924292062903
1440000,bA2tJJsSFg7ZCsjBt1GRLiDzdqrM8po/vCebEme4QPhRKxb69KMCVL1Lljpu/3+9,7.182121900575826,50.76046408553193,14.822367822846854
1440300,bA2tJJsSFg7ZCsjBt1GRLiDzdqrM8po/vCebEme4QPhRKxb69KMCVL1Lljpu/3+9,7.206690831823471,59.21826030387671,14.186132885595596
1440600,bA2tJJsSFg7ZCsjBt1GRLiDzdqrM8po/vCebEme4QPhRKxb69KMCVL1Lljpu/3+9,7.467049827472187,15.263784250995856,9.348976395066648
1440900,bA2tJJsSFg7ZCsjBt1GRLiDzdqrM8po/vCebEme4QPhRKxb69KMCVL1Lljpu/3+9,6.932573301865345,36.62729630828139,13.713169779373846
1441200,bA2tJJsSFg7ZCsjBt1GRLiDzdqrM8po/vCebEme4QPhRKxb69KMCVL1Lljpu/3+9,7.502706010249176,50.41626931289348,14.911719975698295
1441500,bA2tJJsSFg7ZCsjBt1GRLiDzdqrM8po/vCebEme4QPhRKxb69KMCVL1Lljpu/3+9,7.757001391308026,63.00945002022278,16.36241984780032
1441800,bA2tJJsSFg7ZCsjBt1GRLiDzdqrM8po/vCebEme4QPhRKxb69KMCVL1Lljpu/3+9,7.23033692855537,14.032151949802827,9.025966255954563
1442100,bA2tJJsSFg7ZCsjBt1GRLiDzdqrM8po/vCebEme4QPhRKxb69KMCVL1Lljpu/3+9,11.410335193162188,63.448669542361685,22.920038670422716
1442400,bA2tJJsSFg7ZCsjBt1GRLiDzdqrM8po/vCebEme4QPhRKxb69KMCVL1Lljpu/3+9,13.917620169991547,50.806586582463225,21.17783987917511
1442700,bA2tJJsSFg7ZCsjBt1GRLiDzdqrM8po/vCebEme4QPhRKxb69KMCVL1Lljpu/3+9,7.690038610226288,37.34306358984532,12.31322952616626
1443000,bA2tJJsSFg7ZCsjBt1GRLiDzdqrM8po/vCebEme4QPhRKxb69KMCVL1Lljpu/3+9,7.424670648476882,14.244277310515294,9.367969587436317
1443300,bA2tJJsSFg7ZCsjBt1GRLiDzdqrM8po/vCebEme4QPhRKxb69KMCVL1Lljpu/3+9,7.389613587228803,60.283508922527005,18.998279164939326
1443600,bA2tJJsSFg7ZCsjBt1GRLiDzdqrM8po/vCebEme4QPhRKxb69KMCVL1Lljpu/3+9,6.756171718873871,41.364398492633626,14.76683060775268
1443900,bA2tJJsSFg7ZCsjBt1GRLiDzdqrM8po/vCebEme4QPhRKxb69KMCVL1Lljpu/3+9,7.194015193803024,55.557426176425516,14.599591508283858
1444200,bA2tJJsSFg7ZCsjBt1GRLiDzdqrM8po/vCebEme4QPhRKxb69KMCVL1Lljpu/3+9,6.851524639468556,13.83498217506598,9.293003770991811
1444500,bA2tJJsSFg7ZCsjBt1GRLiDzdqrM8po/vCebEme4QPhRKxb69KMCVL1Lljpu/3+9,7.2544388970854845,36.78270523468112,13.7846300740419
1444800,bA2tJJsSFg7ZCsjBt1GRLiDzdqrM8po/vCebEme4QPhRKxb69KMCVL1Lljpu/3+9,7.038089683177482,40.95390452035212,14.862026754433575
1445100,bA2tJJsSFg7ZCsjBt1GRLiDzdqrM8po/vCebEme4QPhRKxb69KMCVL1Lljpu/3+9,7.552993592827627,57.83838200476976,15.469151880364972
1445400,bA2tJJsSFg7ZCsjBt1GRLiDzdqrM8po/vCebEme4QPhRKxb69KMCVL1Lljpu/3+9,7.002293052123894,13.601237477482195,8.892550581672163
1445700,bA2tJJsSFg7ZCsjBt1GRLiDzdqrM8po/vCebEme4QPhRKxb69KMCVL1Lljpu/3+9,7.2490620847004354,52.64255449894521,17.90664879020048
1446000,bA2tJJsSFg7ZCsjBt1GRLiDzdqrM8po/vCebEme4QPhRKxb69KMCVL1Lljpu/3+9,7.110743314513678,40.87513032227125,15.12305718321788
1446300,bA2tJJsSFg7ZCsjBt1GRLiDzdqrM8po/vCebEme4QPhRKxb69KMCVL1Lljpu/3+9,7.188051791738846,36.35882261217596,10.954716482335634
1446600,bA2tJJsSFg7ZCsjBt1GRLiDzdqrM8po/vCebEme4QPhRKxb69KMCVL1Lljpu/3+9,6.969876457091631,14.064660000919645,9.09136548115395
1446900,bA2tJJsSFg7ZCsjBt1GRLiDzdqrM8po/vCebEme4QPhRKxb69KMCVL1Lljpu/3+9,7.265429472040044,57.460120875239085,18.84359307171848
1447200,bA2tJJsSFg7ZCsjBt1GRLiDzdqrM8po/vCebEme4QPhRKxb69KMCVL1Lljpu/3+9,6.821880589622773,43.61706677691352,14.549047802456515
1447500,bA2tJJsSFg7ZCsjBt1GRLiDzdqrM8po/vCebEme4QPhRKxb69KMCVL1Lljpu/3+9,7.1140349154749085,52.44488010410128,14.384586223438458
1447800,bA2tJJsSFg7ZCsjBt1GRLiDzdqrM8po/vCebEme4QPhRKxb69KMCVL1Lljpu/3+9,6.941018691419624,15.338397206827528,9.158922362381494
1448100,bA2tJJsSFg7ZCsjBt1GRLiDzdqrM8po/vCebEme4QPhRKxb69KMCVL1Lljpu/3+9,7.2678164387341395,36.13760172032393,13.623601588561352
1448400,bA2tJJsSFg7ZCsjBt1GRLiDzdqrM8po/vCebEme4QPhRKxb69KMCVL1Lljpu/3+9,7.112939421608902,45.094915409622175,14.90740919097688
1448700,bA2tJJsSFg7ZCsjBt1GRLiDzdqrM8po/vCebEme4QPhRKxb69KMCVL1Lljpu/3+9,7.176681905913382,54.69945373333575,15.330711171740138
1449000,bA2tJJsSFg7ZCsjBt1GRLiDzdqrM8po/vCebEme4QPhRKxb69KMCVL1Lljpu/3+9,7.129768451435461,15.097527283705809,8.909682134137247
1449300,bA2tJJsSFg7ZCsjBt1GRLiDzdqrM8po/vCebEme4QPhRKxb69KMCVL1Lljpu/3+9,7.178384555123759,47.690641366245934,16.902601615856767
1449600,bA2tJJsSFg7ZCsjBt1GRLiDzdqrM8po/vCebEme4QPhRKxb69KMCVL1Lljpu/3+9,7.064780314128873,44.504583076083904,15.00354034349435
1449900,bA2tJJsSFg7ZCsjBt1GRLiDzdqrM8po/vCebEme4QPhRKxb69KMCVL1Lljpu/3+9,6.7210580269467854,36.51509227701673,11.333371156118712
1450200,bA2tJJsSFg7ZCsjBt1GRLiDzdqrM8po/vCebEme4QPhRKxb69KMCVL1Lljpu/3+9,7.080154257626424,15.052310033081373,9.205850940636081
1450500,bA2tJJsSFg7ZCsjBt1GRLiDzdqrM8po/vCebEme4QPhRKxb69KMCVL1Lljpu/3+9,7.164786245105753,52.90387491339687,18.95039532962379
1450800,bA2tJJsSFg7ZCsjBt1GRLiDzdqrM8po/vCebEme4QPhRKxb69KMCVL1Lljpu/3+9,7.196480045341657,42.53787791317945,14.655628650503235
1451100,bA2tJJsSFg7ZCsjBt1GRLiDzdqrM8po/vCebEme4QPhRKxb69KMCVL1Lljpu/3+9,6.905572099412815,47.31040842167421,14.27981500334573
1451400,bA2tJJsSFg7ZCsjBt1GRLiDzdqrM8po/vCebEme4QPhRKxb69KMCVL1Lljpu/3+9,6.9688399210666,15.429521095415984,9.231199469588658
1451700,bA2tJJsSFg7ZCsjBt1GRLiDzdqrM8po/vCebEme4QPhRKxb69KMCVL1Lljpu/3+9,7.145809814408894,36.640996691565405,13.773909173534305
1452000,bA2tJJsSFg7ZCsjBt1GRLiDzdqrM8po/vCebEme4QPhRKxb69KMCVL1Lljpu/3+9,7.2203098748766035,41.88693190926181,14.902495942157724
1452300,bA2tJJsSFg7ZCsjBt1GRLiDzdqrM8po/vCebEme4QPhRKxb69KMCVL1Lljpu/3+9,7.67956024379789,50.4345638776629,15.565647376116903
1452600,bA2tJJsSFg7ZCsjBt1GRLiDzdqrM8po/vCebEme4QPhRKxb69KMCVL1Lljpu/3+9,6.978318204022721,14.884754079123454,8.88040499996652
1452900,bA2tJJsSFg7ZCsjBt1GRLiDzdqrM8po/vCebEme4QPhRKxb69KMCVL1Lljpu/3+9,7.1746641908313835,45.21747845128515,16.86694459904393
1453200,bA2tJJsSFg7ZCsjBt1GRLiDzdqrM8po/vCebEme4QPhRKxb69KMCVL1Lljpu/3+9,7.486144226137419,40.512345773159055,15.203527018156962
1453500,bA2tJJsSFg7ZCsjBt1GRLiDzdqrM8po/vCebEme4QPhRKxb69KMCVL1Lljpu/3+9,7.2361017728014385,35.84775518760176,11.307990327150824
1453800,bA2tJJsSFg7ZCsjBt1GRLiDzdqrM8po/vCebEme4QPhRKxb69KMCVL1Lljpu/3+9,7.137591074088177,12.40665972280828,9.082571604618511
1454100,bA2tJJsSFg7ZCsjBt1GRLiDzdqrM8po/vCebEme4QPhRKxb69KMCVL1Lljpu/3+9,7.4296074521321,48.320997756475855,18.81285638689531
1454400,bA2tJJsSFg7ZCsjBt1GRLiDzdqrM8po/vCebEme4QPhRKxb69KMCVL1Lljpu/3+9,6.882516262779316,52.28537363810822,14.409727875662844
1454700,bA2tJJsSFg7ZCsjBt1GRLiDzdqrM8po/vCebEme4QPhRKxb69KMCVL1Lljpu/3+9,7.536575067270078,45.48907202502456,14.91506508250288
1455000,bA2tJJsSFg7ZCsjBt1GRLiDzdqrM8po/vCebEme4QPhRKxb69KMCVL1Lljpu/3+9,7.122303264202148,13.751464069360576,8.876139687066598
1455300,bA2tJJsSFg7ZCsjBt1GRLiDzdqrM8po/vCebEme4QPhRKxb69KMCVL1Lljpu/3+9,7.557583433106536,36.74993734345828,14.22039656763202
1455600,bA2tJJsSFg7ZCsjBt1GRLiDzdqrM8po/vCebEme4QPhRKxb69KMCVL1Lljpu/3+9,6.787482841979496,54.91884880741468,14.59135677503475
1455900,bA2tJJsSFg7ZCsjBt1GRLiDzdqrM8po/vCebEme4QPhRKxb69KMCVL1Lljpu/3+9,7.519804545816272,44.60701018216824,15.84667616549376
1456200,bA2tJJsSFg7ZCsjBt1GRLiDzdqrM8po/vCebEme4QPhRKxb69KMCVL1Lljpu/3+9,6.92046471329579,13.784026086624584,8.434837526026435
1456500,bA2tJJsSFg7ZCsjBt1GRLiDzdqrM8po/vCebEme4QPhRKxb69KMCVL1Lljpu/3+9,7.5238153973051185,42.44231138857136,17.517711274798927
1456800,bA2tJJsSFg7ZCsjBt1GRLiDzdqrM8po/vCebEme4QPhRKxb69KMCVL1Lljpu/3+9,7.517093410355802,55.297016408541175,14.650210666855507
1457100,bA2tJJsSFg7ZCsjBt1GRLiDzdqrM8po/vCebEme4QPhRKxb69KMCVL1Lljpu/3+9,7.711214110387786,36.97355703215405,11.809463069406696
1457400,bA2tJJsSFg7ZCsjBt1GRLiDzdqrM8po/vCebEme4QPhRKxb69KMCVL1Lljpu/3+9,6.9760540574281045,14.287090748525468,8.756165341976217
1457700,bA2tJJsSFg7ZCsjBt1GRLiDzdqrM8po/vCebEme4QPhRKxb69KMCVL1Lljpu/3+9,7.801145263080449,43.72516200287493,16.52832748600524
1458000,bA2tJJsSFg7ZCsjBt1GRLiDzdqrM8po/vCebEme4QPhRKxb69KMCVL1Lljpu/3+9,6.941322239280848,57.18798733025888,15.069628794219987
1458300,bA2tJJsSFg7ZCsjBt1GRLiDzdqrM8po/vCebEme4QPhRKxb69KMCVL1Lljpu/3+9,7.573356599783842,39.16993190673354,14.553473813175222
1458600,bA2tJJsSFg7ZCsjBt1GRLiDzdqrM8po/vCebEme4QPhRKxb69KMCVL1Lljpu/3+9,7.221252982016243,14.027999390113257,8.829576043355779
1458900,bA2tJJsSFg7ZCsjBt1GRLiDzdqrM8po/vCebEme4QPhRKxb69KMCVL1Lljpu/3+9,7.207474462380755,36.561566225264365,14.038679983241304
1459200,bA2tJJsSFg7ZCsjBt1GRLiDzdqrM8po/vCebEme4QPhRKxb69KMCVL1Lljpu/3+9,6.987573590334204,57.10299991357503,14.398659659342933
1459500,bA2tJJsSFg7ZCsjBt1GRLiDzdqrM8po/vCebEme4QPhRKxb69KMCVL1Lljpu/3+9,7.609700011507673,46.98277126550764,15.714209010847409
1459800,bA2tJJsSFg7ZCsjBt1GRLiDzdqrM8po/vCebEme4QPhRKxb69KMCVL1Lljpu/3+9,7.043875678580608,14.456048376367733,8.405064563319716
1460100,bA2tJJsSFg7ZCsjBt1GRLiDzdqrM8po/vCebEme4QPhRKxb69KMCVL1Lljpu/3+9,8.047658878454849,37.05833242318701,17.248336154665623
1460400,bA2tJJsSFg7ZCsjBt1GRLiDzdqrM8po/vCebEme4QPhRKxb69KMCVL1Lljpu/3+9,7.133894599401856,53.58322307189397,14.500184624710249
1460700,bA2tJJsSFg7ZCsjBt1GRLiDzdqrM8po/vCebEme4QPhRKxb69KMCVL1Lljpu/3+9,7.681753580766544,31.846425832513727,11.012027682699635
1461000,bA2tJJsSFg7ZCsjBt1GRLiDzdqrM8po/vCebEme4QPhRKxb69KMCVL1Lljpu/3+9,7.443636833395896,15.538122480353566,8.873203411132637
1461300,bA2tJJsSFg7ZCsjBt1GRLiDzdqrM8po/vCebEme4QPhRKxb69KMCVL1Lljpu/3+9,7.572785599759615,50.44424513241926,19.06264067374647
1461600,bA2tJJsSFg7ZCsjBt1GRLiDzdqrM8po/vCebEme4QPhRKxb69KMCVL1Lljpu/3+9,8.296881548532314,56.6925389631443,16.68925806549069
1461900,bA2tJJsSFg7ZCsjBt1GRLiDzdqrM8po/vCebEme4QPhRKxb69KMCVL1Lljpu/3+9,7.481795678851568,35.97273004953424,14.896276206118804
1462200,bA2tJJsSFg7ZCsjBt1GRLiDzdqrM8po/vCebEme4QPhRKxb69KMCVL1Lljpu/3+9,7.195604339498662,16.38401493542422,9.526315052479124
1462500,bA2tJJsSFg7ZCsjBt1GRLiDzdqrM8po/vCebEme4QPhRKxb69KMCVL1Lljpu/3+9,7.021937607252342,36.581450768142126,14.195797210179624
1462800,bA2tJJsSFg7ZCsjBt1GRLiDzdqrM8po/vCebEme4QPhRKxb69KMCVL1Lljpu/3+9,7.06834882749542,56.139049804649794,14.357164344230714
1463100,bA2tJJsSFg7ZCsjBt1GRLiDzdqrM8po/vCebEme4QPhRKxb69KMCVL1Lljpu/3+9,7.371900856622885,51.19919430352198,15.826852524416948
1463400,bA2tJJsSFg7ZCsjBt1GRLiDzdqrM8po/vCebEme4QPhRKxb69KMCVL1Lljpu/3+9,6.963073439191012,14.9120525987954,8.710779207821702
1463700,bA2tJJsSFg7ZCsjBt1GRLiDzdqrM8po/vCebEme4QPhRKxb69KMCVL1Lljpu/3+9,6.964433133080972,36.80347167385574,17.32827593702863
1464000,bA2tJJsSFg7ZCsjBt1GRLiDzdqrM8po/vCebEme4QPhRKxb69KMCVL1Lljpu/3+9,7.085818487472184,57.75955920475536,14.693120727403576
1464300,bA2tJJsSFg7ZCsjBt1GRLiDzdqrM8po/vCebEme4QPhRKxb69KMCVL1Lljpu/3+9,7.052778309577604,34.626779020854954,11.57513835983303
1464600,bA2tJJsSFg7ZCsjBt1GRLiDzdqrM8po/vCebEme4QPhRKxb69KMCVL1Lljpu/3+9,6.667174060693943,14.694981753019295,8.661564185570189
1464900,bA2tJJsSFg7ZCsjBt1GRLiDzdqrM8po/vCebEme4QPhRKxb69KMCVL1Lljpu/3+9,6.8357970452966,52.4927813208099,18.42394534706045
1465200,bA2tJJsSFg7ZCsjBt1GRLiDzdqrM8po/vCebEme4QPhRKxb69KMCVL1Lljpu/3+9,7.159516262641671,57.8521656804825,15.277430450552998
1465500,bA2tJJsSFg7ZCsjBt1GRLiDzdqrM8po/vCebEme4QPhRKxb69KMCVL1Lljpu/3+9,7.1970664750811535,38.51028063393351,14.560996695060844
1465800,bA2tJJsSFg7ZCsjBt1GRLiDzdqrM8po/vCebEme4QPhRKxb69KMCVL1Lljpu/3+9,7.566438724060482,15.638781948782311,8.96335535251572
1466100,bA2tJJsSFg7ZCsjBt1GRLiDzdqrM8po/vCebEme4QPhRKxb69KMCVL1Lljpu/3+9,6.804907649780854,36.70053630033339,14.076500133764206
1466400,bA2tJJsSFg7ZCsjBt1GRLiDzdqrM8po/vCebEme4QPhRKxb69KMCVL1Lljpu/3+9,6.901308100879109,59.31690510304478,14.314409371466688
1466700,bA2tJJsSFg7ZCsjBt1GRLiDzdqrM8po/vCebEme4QPhRKxb69KMCVL1Lljpu/3+9,7.141042160895857,55.41968671314702,15.89070684828239
1467000,bA2tJJsSFg7ZCsjBt1GRLiDzdqrM8po/vCebEme4QPhRKxb69KMCVL1Lljpu/3+9,6.708117486573868,14.769022268023496,8.650284059565303
1467300,bA2tJJsSFg7ZCsjBt1GRLiDzdqrM8po/vCebEme4QPhRKxb69KMCVL1Lljpu/3+9,7.335959904216321,41.260651179165336,17.416549953159375
1467600,bA2tJJsSFg7ZCsjBt1GRLiDzdqrM8po/vCebEme4QPhRKxb69KMCVL1Lljpu/3+9,7.122623869739621,62.19830958424048,14.543686175138635
1467900,bA2tJJsSFg7ZCsjBt1GRLiDzdqrM8po/vCebEme4QPhRKxb69KMCVL1Lljpu/3+9,7.663801157333622,34.04584470472887,11.439856381791683
1468200,bA2tJJsSFg7ZCsjBt1GRLiDzdqrM8po/vCebEme4QPhRKxb69KMCVL1Lljpu/3+9,7.00873059087506,8.717473436573355,7.872610201341072
1468500,bA2tJJsSFg7ZCsjBt1GRLiDzdqrM8po/vCebEme4QPhRKxb69KMCVL1Lljpu/3+9,7.370204404914454,58.608306182583135,19.358623241505487
1468800,bA2tJJsSFg7ZCsjBt1GRLiDzdqrM8po/vCebEme4QPhRKxb69KMCVL1Lljpu/3+9,6.972203273073005,65.29814343633835,14.727677253898143
1469100,bA2tJJsSFg7ZCsjBt1GRLiDzdqrM8po/vCebEme4QPhRKxb69KMCVL1Lljpu/3+9,7.881777720369848,42.43690739242814,15.126731489290474
1469400,bA2tJJsSFg7ZCsjBt1GRLiDzdqrM8po/vCebEme4QPhRKxb69KMCVL1Lljpu/3+9,6.9584100768324495,9.721321633573206,8.27301901674053
1469700,bA2tJJsSFg7ZCsjBt1GRLiDzdqrM8po/vCebEme4QPhRKxb69KMCVL1Lljpu/3+9,7.329102012494831,36.70024586251358,14.667923869409682
1470000,bA2tJJsSFg7ZCsjBt1GRLiDzdqrM8po/vCebEme4QPhRKxb69KMCVL1Lljpu/3+9,7.093665260671236,65.12416006018711,13.692304547961758
1470300,bA2tJJsSFg7ZCsjBt1GRLiDzdqrM8po/vCebEme4QPhRKxb69KMCVL1Lljpu/3+9,7.8868542336447565,61.77332467026266,16.64461441502988
1470600,bA2tJJsSFg7ZCsjBt1GRLiDzdqrM8po/vCebEme4QPhRKxb69KMCVL1Lljpu/3+9,7.091283143096342,10.352383246531566,8.053357923184597
1470900,bA2tJJsSFg7ZCsjBt1GRLiDzdqrM8po/vCebEme4QPhRKxb69KMCVL1Lljpu/3+9,7.539255772348315,46.204872112531504,16.954966846818415
1471200,bA2tJJsSFg7ZCsjBt1GRLiDzdqrM8po/vCebEme4QPhRKxb69KMCVL1Lljpu/3+9,7.73295846366387,65.2462390824896,15.06178855397378
1471500,bA2tJJsSFg7ZCsjBt1GRLiDzdqrM8po/vCebEme4QPhRKxb69KMCVL1Lljpu/3+9,11.29306385543917,31.3554033324954,17.36452796122006
1471800,bA2tJJsSFg7ZCsjBt1GRLiDzdqrM8po/vCebEme4QPhRKxb69KMCVL1Lljpu/3+9,13.28695118797844,15.429976651208982,14.154686220009657
1472100,bA2tJJsSFg7ZCsjBt1GRLiDzdqrM8po/vCebEme4QPhRKxb69KMCVL1Lljpu/3+9,7.444610424220615,67.9579602998882,21.40165506401063
1472400,bA2tJJsSFg7ZCsjBt1GRLiDzdqrM8po/vCebEme4QPhRKxb69KMCVL1Lljpu/3+9,7.395778981578327,70.73669760733874,14.839964917746142
1472700,bA2tJJsSFg7ZCsjBt1GRLiDzdqrM8po/vCebEme4QPhRKxb69KMCVL1Lljpu/3+9,7.845456586403404,56.14254362556491,15.673452977443215
1473000,bA2tJJsSFg7ZCsjBt1GRLiDzdqrM8po/vCebEme4QPhRKxb69KMCVL1Lljpu/3+9,7.268414934354935,9.477882009858009,8.266945245967408
1473300,bA2tJJsSFg7ZCsjBt1GRLiDzdqrM8po/vCebEme4QPhRKxb69KMCVL1Lljpu/3+9,7.3412027122618255,26.67438414072306,12.498083653120304
1473600,bA2tJJsSFg7ZCsjBt1GRLiDzdqrM8po/vCebEme4QPhRKxb69KMCVL1Lljpu/3+9,7.100694687068672,64.6162007858162,17.02823558146532
1473900,bA2tJJsSFg7ZCsjBt1GRLiDzdqrM8po/vCebEme4QPhRKxb69KMCVL1Lljpu/3+9,8.378147332361067,70.21040467125152,18.24298095146814
1474200,bA2tJJsSFg7ZCsjBt1GRLiDzdqrM8po/vCebEme4QPhRKxb69KMCVL1Lljpu/3+9,7.247670721708171,10.481500728140867,8.551699425409499
1474500,bA2tJJsSFg7ZCsjBt1GRLiDzdqrM8po/vCebEme4QPhRKxb69KMCVL1Lljpu/3+9,8.328325740022844,56.612202773296815,17.342955587155686
1474800,bA2tJJsSFg7ZCsjBt1GRLiDzdqrM8po/vCebEme4QPhRKxb69KMCVL1Lljpu/3+9,7.716855782342199,65.15475056550468,15.760876423366264
1475100,bA2tJJsSFg7ZCsjBt1GRLiDzdqrM8po/vCebEme4QPhRKxb69KMCVL1Lljpu/3+9,7.29830626106827,28.7995649348976,12.026587696010802
1475400,bA2tJJsSFg7ZCsjBt1GRLiDzdqrM8po/vCebEme4QPhRKxb69KMCVL1Lljpu/3+9,6.889602048757515,8.913050548851995,8.118814604218606
1475700,bA2tJJsSFg7ZCsjBt1GRLiDzdqrM8po/vCebEme4QPhRKxb69KMCVL1Lljpu/3+9,7.595464247019057,71.18365004889344,19.120253301459048
1476000,bA2tJJsSFg7ZCsjBt1GRLiDzdqrM8po/vCebEme4QPhRKxb69KMCVL1Lljpu/3+9,7.244900029979495,58.70168786355868,13.987456719838734
1476300,bA2tJJsSFg7ZCsjBt1GRLiDzdqrM8po/vCebEme4QPhRKxb69KMCVL1Lljpu/3+9,7.288024838946231,56.45155518574613,15.83276290759902
1476600,bA2tJJsSFg7ZCsjBt1GRLiDzdqrM8po/vCebEme4QPhRKxb69KMCVL1Lljpu/3+9,6.502110988010982,10.99323749648047,8.088171360506788
1476900,bA2tJJsSFg7ZCsjBt1GRLiDzdqrM8po/vCebEme4QPhRKxb69KMCVL1Lljpu/3+9,7.123814245652341,38.0818385400179,14.867713481750846
1477200,bA2tJJsSFg7ZCsjBt1GRLiDzdqrM8po/vCebEme4QPhRKxb69KMCVL1Lljpu/3+9,6.895964726979545,58.52343400510833,13.775865645285398
1477500,bA2tJJsSFg7ZCsjBt1GRLiDzdqrM8po/vCebEme4QPhRKxb69KMCVL1Lljpu/3+9,7.17174822336377,72.36708617827982,16.337249214969823
1477800,bA2tJJsSFg7ZCsjBt1GRLiDzdqrM8po/vCebEme4QPhRKxb69KMCVL1Lljpu/3+9,6.930381940202308,17.234588957685876,9.13074880835613
1478100,bA2tJJsSFg7ZCsjBt1GRLiDzdqrM8po/vCebEme4QPhRKxb69KMCVL1Lljpu/3+9,6.985707156046892,58.51147635358839,17.5192780970936
1478400,bA2tJJsSFg7ZCsjBt1GRLiDzdqrM8po/vCebEme4QPhRKxb69KMCVL1Lljpu/3+9,7.722438597834925,56.88835613863022,14.340662811827256
1478700,bA2tJJsSFg7ZCsjBt1GRLiDzdqrM8po/vCebEme4QPhRKxb69KMCVL1Lljpu/3+9,6.98865781651961,29.21215261434085,11.957103905959118
1479000,bA2tJJsSFg7ZCsjBt1GRLiDzdqrM8po/vCebEme4QPhRKxb69KMCVL1Lljpu/3+9,6.6400692963647785,9.640204771079302,7.833439756882176
1479300,bA2tJJsSFg7ZCsjBt1GRLiDzdqrM8po/vCebEme4QPhRKxb69KMCVL1Lljpu/3+9,6.967242289993653,71.6836246796302,19.034619779882178
1479600,bA2tJJsSFg7ZCsjBt1GRLiDzdqrM8po/vCebEme4QPhRKxb69KMCVL1Lljpu/3+9,6.971486341514217,56.32379114256929,13.637102657496593
1479900,bA2tJJsSFg7ZCsjBt1GRLiDzdqrM8po/vCebEme4QPhRKxb69KMCVL1Lljpu/3+9,7.17360422955502,57.66721007671024,15.97906762553651
1480200,bA2tJJsSFg7ZCsjBt1GRLiDzdqrM8po/vCebEme4QPhRKxb69KMCVL1Lljpu/3+9,7.055886064164909,10.57278354317411,8.083965270086724
1480500,bA2tJJsSFg7ZCsjBt1GRLiDzdqrM8po/vCebEme4QPhRKxb69KMCVL1Lljpu/3+9,6.933382289566544,29.5204865810089,12.066136236564487
1480800,bA2tJJsSFg7ZCsjBt1GRLiDzdqrM8po/vCebEme4QPhRKxb69KMCVL1Lljpu/3+9,7.602502999726416,54.95736545065613,16.638649362136697
1481100,bA2tJJsSFg7ZCsjBt1GRLiDzdqrM8po/vCebEme4QPhRKxb69KMCVL1Lljpu/3+9,7.318218746000283,72.96332271723735,16.71275870880249
1481400,bA2tJJsSFg7ZCsjBt1GRLiDzdqrM8po/vCebEme4QPhRKxb69KMCVL1Lljpu/3+9,7.134025568653276,9.756290670731836,8.269042788285004
1481700,bA2tJJsSFg7ZCsjBt1GRLiDzdqrM8po/vCebEme4QPhRKxb69KMCVL1Lljpu/3+9,7.291113855306896,61.60647332680033,18.173498700721584
1482000,bA2tJJsSFg7ZCsjBt1GRLiDzdqrM8po/vCebEme4QPhRKxb69KMCVL1Lljpu/3+9,7.021052750613412,54.3121628690686,14.257984057823164
1482300,bA2tJJsSFg7ZCsjBt1GRLiDzdqrM8po/vCebEme4QPhRKxb69KMCVL1Lljpu/3+9,7.141616130142608,34.288897079229926,12.028139853847405
1482600,bA2tJJsSFg7ZCsjBt1GRLiDzdqrM8po/vCebEme4QPhRKxb69KMCVL1Lljpu/3+9,6.907276958201142,10.155150296044376,8.094748115986674
1482900,bA2tJJsSFg7ZCsjBt1GRLiDzdqrM8po/vCebEme4QPhRKxb69KMCVL1Lljpu/3+9,7.360450689893176,75.37228978005056,17.313942255982077
1483200,bA2tJJsSFg7ZCsjBt1GRLiDzdqrM8po/vCebEme4QPhRKxb69KMCVL1Lljpu/3+9,6.892213369155385,53.97068728268869,15.50456923110742
1483500,bA2tJJsSFg7ZCsjBt1GRLiDzdqrM8po/vCebEme4QPhRKxb69KMCVL1Lljpu/3+9,7.35524427702016,64.43752115684897,16.08095259015239
1483800,bA2tJJsSFg7ZCsjBt1GRLiDzdqrM8po/vCebEme4QPhRKxb69KMCVL1Lljpu/3+9,7.032956893647693,10.31541026516594,8.03495993804109
1484100,bA2tJJsSFg7ZCsjBt1GRLiDzdqrM8po/vCebEme4QPhRKxb69KMCVL1Lljpu/3+9,7.55309849809383,32.838764968082806,11.838413609007162
1484400,bA2tJJsSFg7ZCsjBt1GRLiDzdqrM8po/vCebEme4QPhRKxb69KMCVL1Lljpu/3+9,7.535601709392679,48.28400403579314,16.61621701131273
1484700,bA2tJJsSFg7ZCsjBt1GRLiDzdqrM8po/vCebEme4QPhRKxb69KMCVL1Lljpu/3+9,7.730041221240848,75.39476212386181,16.346145633019944
1485000,bA2tJJsSFg7ZCsjBt1GRLiDzdqrM8po/vCebEme4QPhRKxb69KMCVL1Lljpu/3+9,6.956426920298542,9.553415898104385,8.134824463260342
1485300,bA2tJJsSFg7ZCsjBt1GRLiDzdqrM8po/vCebEme4QPhRKxb69KMCVL1Lljpu/3+9,7.860011856507922,61.73845472804171,17.991524680232715
1485600,bA2tJJsSFg7ZCsjBt1GRLiDzdqrM8po/vCebEme4QPhRKxb69KMCVL1Lljpu/3+9,7.033175189057255,47.74717688757083,14.684839787506236
1485900,bA2tJJsSFg7ZCsjBt1GRLiDzdqrM8po/vCebEme4QPhRKxb69KMCVL1Lljpu/3+9,7.543533765203113,35.89982835285794,12.088262274799211
1486200,bA2tJJsSFg7ZCsjBt1GRLiDzdqrM8po/vCebEme4QPhRKxb69KMCVL1Lljpu/3+9,6.946253964226932,9.90273960833535,8.184978429806947
1486500,bA2tJJsSFg7ZCsjBt1GRLiDzdqrM8po/vCebEme4QPhRKxb69KMCVL1Lljpu/3+9,7.6331795954141235,76.990115350953,19.146889387868825
1486800,bA2tJJsSFg7ZCsjBt1GRLiDzdqrM8po/vCebEme4QPhRKxb69KMCVL1Lljpu/3+9,6.693847102792889,45.94468435381336,13.857632753668844
1487100,bA2tJJsSFg7ZCsjBt1GRLiDzdqrM8po/vCebEme4QPhRKxb69KMCVL1Lljpu/3+9,7.103496747002748,63.53777393143593,16.115895326539285
1487400,bA2tJJsSFg7ZCsjBt1GRLiDzdqrM8po/vCebEme4QPhRKxb69KMCVL1Lljpu/3+9,6.828770911895669,10.1595104530281,8.081200610535971
1487700,bA2tJJsSFg7ZCsjBt1GRLiDzdqrM8po/vCebEme4QPhRKxb69KMCVL1Lljpu/3+9,7.113109413963059,36.13551831501666,12.037093823165684
1488000,bA2tJJsSFg7ZCsjBt1GRLiDzdqrM8po/vCebEme4QPhRKxb69KMCVL1Lljpu/3+9,7.10550573929344,98.46597119028972,40.36181419377152
1488300,bA2tJJsSFg7ZCsjBt1GRLiDzdqrM8po/vCebEme4QPhRKxb69KMCVL1Lljpu/3+9,8.054105146795763,97.65448588583487,40.893094324587125
1488600,bA2tJJsSFg7ZCsjBt1GRLiDzdqrM8po/vCebEme4QPhRKxb69KMCVL1Lljpu/3+9,6.968771172327973,98.42631855519417,32.99416598177608
1488900,bA2tJJsSFg7ZCsjBt1GRLiDzdqrM8po/vCebEme4QPhRKxb69KMCVL1Lljpu/3+9,7.891708926924387,62.68712101037188,17.04342112173089
1489200,bA2tJJsSFg7ZCsjBt1GRLiDzdqrM8po/vCebEme4QPhRKxb69KMCVL1Lljpu/3+9,7.218993082208013,42.82519144618831,15.912290945086028
1489500,bA2tJJsSFg7ZCsjBt1GRLiDzdqrM8po/vCebEme4QPhRKxb69KMCVL1Lljpu/3+9,7.324789318485687,36.14689224755416,12.087732802842114
1489800,bA2tJJsSFg7ZCsjBt1GRLiDzdqrM8po/vCebEme4QPhRKxb69KMCVL1Lljpu/3+9,7.119862939644114,98.40937077846552,31.913383170075196
1490100,bA2tJJsSFg7ZCsjBt1GRLiDzdqrM8po/vCebEme4QPhRKxb69KMCVL1Lljpu/3+9,7.746841816342681,78.20448762253942,16.61326069627985
1490400,bA2tJJsSFg7ZCsjBt1GRLiDzdqrM8po/vCebEme4QPhRKxb69KMCVL1Lljpu/3+9,7.364908994635633,37.64973612390905,16.604199183261635
1490700,bA2tJJsSFg7ZCsjBt1GRLiDzdqrM8po/vCebEme4QPhRKxb69KMCVL1Lljpu/3+9,7.832122329667294,63.62515171329202,16.279890257222572
1491000,bA2tJJsSFg7ZCsjBt1GRLiDzdqrM8po/vCebEme4QPhRKxb69KMCVL1Lljpu/3+9,7.032083222369945,10.702932108796327,8.166322766189014
1491300,bA2tJJsSFg7ZCsjBt1GRLiDzdqrM8po/vCebEme4QPhRKxb69KMCVL1Lljpu/3+9,7.560406076190317,36.25259807716825,12.04245626314784
1491600,bA2tJJsSFg7ZCsjBt1GRLiDzdqrM8po/vCebEme4QPhRKxb69KMCVL1Lljpu/3+9,6.835559219132633,37.817427817603125,16.382262999990875
1491900,bA2tJJsSFg7ZCsjBt1GRLiDzdqrM8po/vCebEme4QPhRKxb69KMCVL1Lljpu/3+9,7.65470338293226,83.82828727479857,16.618993941203396
1492200,bA2tJJsSFg7ZCsjBt1GRLiDzdqrM8po/vCebEme4QPhRKxb69KMCVL1Lljpu/3+9,6.634878015792113,10.588584395540336,7.991306822686995
1492500,bA2tJJsSFg7ZCsjBt1GRLiDzdqrM8po/vCebEme4QPhRKxb69KMCVL1Lljpu/3+9,7.705269714131469,69.29018444187412,17.69132756339461
1492800,bA2tJJsSFg7ZCsjBt1GRLiDzdqrM8po/vCebEme4QPhRKxb69KMCVL1Lljpu/3+9,7.2693040958159,40.3048821683005,14.272664510210316
1493100,bA2tJJsSFg7ZCsjBt1GRLiDzdqrM8po/vCebEme4QPhRKxb69KMCVL1Lljpu/3+9,7.357869441271083,42.41207411390303,12.13463922611608
1493400,bA2tJJsSFg7ZCsjBt1GRLiDzdqrM8po/vCebEme4QPhRKxb69KMCVL1Lljpu/3+9,6.92969669326991,9.90812777276387,8.108765909649485
1493700,bA2tJJsSFg7ZCsjBt1GRLiDzdqrM8po/vCebEme4QPhRKxb69KMCVL1Lljpu/3+9,8.042044229052852,83.10645392573076,16.248235557148096
1494000,bA2tJJsSFg7ZCsjBt1GRLiDzdqrM8po/vCebEme4QPhRKxb69KMCVL1Lljpu/3+9,6.856137111271911,46.27382195998512,16.670184870856392
1494300,bA2tJJsSFg7ZCsjBt1GRLiDzdqrM8po/vCebEme4QPhRKxb69KMCVL1Lljpu/3+9,7.57840290815645,68.8026133806636,15.897439143808118
1494600,bA2tJJsSFg7ZCsjBt1GRLiDzdqrM8po/vCebEme4QPhRKxb69KMCVL1Lljpu/3+9,7.072916704185664,10.507961872978733,8.242882645737321
1494900,bA2tJJsSFg7ZCsjBt1GRLiDzdqrM8po/vCebEme4QPhRKxb69KMCVL1Lljpu/3+9,7.461930051897927,41.1534166819825,13.967275868992536
1495200,bA2tJJsSFg7ZCsjBt1GRLiDzdqrM8po/vCebEme4QPhRKxb69KMCVL1Lljpu/3+9,6.946878474537283,49.30347717760138,14.499286875239871
1495500,bA2tJJsSFg7ZCsjBt1GRLiDzdqrM8po/vCebEme4QPhRKxb69KMCVL1Lljpu/3+9,7.793674590982901,82.82935332819582,16.443785428692433
1495800,bA2tJJsSFg7ZCsjBt1GRLiDzdqrM8po/vCebEme4QPhRKxb69KMCVL1Lljpu/3+9,6.912201379368854,10.462903949886664,8.103428617607415
1496100,bA2tJJsSFg7ZCsjBt1GRLiDzdqrM8po/vCebEme4QPhRKxb69KMCVL1Lljpu/3+9,7.389176498345709,68.6063362419738,15.090520675402871
1496400,bA2tJJsSFg7ZCsjBt1GRLiDzdqrM8po/vCebEme4QPhRKxb69KMCVL1Lljpu/3+9,7.162432009366415,51.79627035684088,16.739103483191073
1496700,bA2tJJsSFg7ZCsjBt1GRLiDzdqrM8po/vCebEme4QPhRKxb69KMCVL1Lljpu/3+9,7.945650583862575,42.38434796444929,12.151067458994824
1497000,bA2tJJsSFg7ZCsjBt1GRLiDzdqrM8po/vCebEme4QPhRKxb69KMCVL1Lljpu/3+9,7.009913143341231,9.27586784948678,8.090286650840323
1497300,bA2tJJsSFg7ZCsjBt1GRLiDzdqrM8po/vCebEme4QPhRKxb69KMCVL1Lljpu/3+9,7.57772630926115,81.8704421433259,18.104077531414248
1497600,bA2tJJsSFg7ZCsjBt1GRLiDzdqrM8po/vCebEme4QPhRKxb69KMCVL1Lljpu/3+9,6.76191609673122,53.75012575371603,14.896988624579118
1497900,bA2tJJsSFg7ZCsjBt1GRLiDzdqrM8po/vCebEme4QPhRKxb69KMCVL1Lljpu/3+9,7.2136726351138,70.59623932294299,15.37702418387355
1498200,bA2tJJsSFg7ZCsjBt1GRLiDzdqrM8po/vCebEme4QPhRKxb69KMCVL1Lljpu/3+9,6.762234288311872,13.80516899197085,8.942229574612337
1498500,bA2tJJsSFg7ZCsjBt1GRLiDzdqrM8po/vCebEme4QPhRKxb69KMCVL1Lljpu/3+9,7.607675390732837,42.13540764120065,11.942360172226676
1498800,bA2tJJsSFg7ZCsjBt1GRLiDzdqrM8po/vCebEme4QPhRKxb69KMCVL1Lljpu/3+9,7.038682597480905,59.71273358258578,16.563470464499368
1499100,bA2tJJsSFg7ZCsjBt1GRLiDzdqrM8po/vCebEme4QPhRKxb69KMCVL1Lljpu/3+9,7.906662135527679,79.02919341477525,16.58299636219611
1499400,bA2tJJsSFg7ZCsjBt1GRLiDzdqrM8po/vCebEme4QPhRKxb69KMCVL1Lljpu/3+9,6.821107753742094,10.094662033522914,7.920028678493026
1499700,bA2tJJsSFg7ZCsjBt1GRLiDzdqrM8po/vCebEme4QPhRKxb69KMCVL1Lljpu/3+9,7.913702542478958,62.3575663477423,15.24377555407722
1500000,bA2tJJsSFg7ZCsjBt1GRLiDzdqrM8po/vCebEme4QPhRKxb69KMCVL1Lljpu/3+9,6.655958238594105,63.32231901115368,16.797310409414692
1500300,bA2tJJsSFg7ZCsjBt1GRLiDzdqrM8po/vCebEme4QPhRKxb69KMCVL1Lljpu/3+9,7.569515642948201,35.81409734015391,12.109683388589753
1500600,bA2tJJsSFg7ZCsjBt1GRLiDzdqrM8po/vCebEme4QPhRKxb69KMCVL1Lljpu/3+9,6.646994499536168,9.308092069136173,7.890458287053554
1500900,bA2tJJsSFg7ZCsjBt1GRLiDzdqrM8po/vCebEme4QPhRKxb69KMCVL1Lljpu/3+9,8.274372278045522,77.99092536594291,21.722754542165447
1501200,bA2tJJsSFg7ZCsjBt1GRLiDzdqrM8po/vCebEme4QPhRKxb69KMCVL1Lljpu/3+9,12.922036416836564,71.37407346370189,23.01420618329402
1501500,bA2tJJsSFg7ZCsjBt1GRLiDzdqrM8po/vCebEme4QPhRKxb69KMCVL1Lljpu/3+9,8.429651499944464,71.9910448404893,18.454918330888606
1501800,bA2tJJsSFg7ZCsjBt1GRLiDzdqrM8po/vCebEme4QPhRKxb69KMCVL1Lljpu/3+9,7.4857352021417105,13.262500815664378,9.154250607193712
1502100,bA2tJJsSFg7ZCsjBt1GRLiDzdqrM8po/vCebEme4QPhRKxb69KMCVL1Lljpu/3+9,7.751562145954701,36.99579171337017,12.147784498371562
1502400,bA2tJJsSFg7ZCsjBt1GRLiDzdqrM8po/vCebEme4QPhRKxb69KMCVL1Lljpu/3+9,7.024421410777878,65.4333473470232,16.67803927319344
1502700,bA2tJJsSFg7ZCsjBt1GRLiDzdqrM8po/vCebEme4QPhRKxb69KMCVL1Lljpu/3+9,7.538980467875443,74.74923227109566,16.66385657143536
1503000,bA2tJJsSFg7ZCsjBt1GRLiDzdqrM8po/vCebEme4QPhRKxb69KMCVL1Lljpu/3+9,6.9124061334957885,11.98223794855344,8.30331784171776
1503300,bA2tJJsSFg7ZCsjBt1GRLiDzdqrM8po/vCebEme4QPhRKxb69KMCVL1Lljpu/3+9,7.711286180115736,62.72492879485897,15.23351359561062
1503600,bA2tJJsSFg7ZCsjBt1GRLiDzdqrM8po/vCebEme4QPhRKxb69KMCVL1Lljpu/3+9,6.927192549398937,65.81486485220508,16.833072380352213
1503900,bA2tJJsSFg7ZCsjBt1GRLiDzdqrM8po/vCebEme4QPhRKxb69KMCVL1Lljpu/3+9,7.740992668002709,35.71197623645634,12.272532182517075
1504200,bA2tJJsSFg7ZCsjBt1GRLiDzdqrM8po/vCebEme4QPhRKxb69KMCVL1Lljpu/3+9,7.05865464823448,9.561771937818003,7.934581585671475
1504500,bA2tJJsSFg7ZCsjBt1GRLiDzdqrM8po/vCebEme4QPhRKxb69KMCVL1Lljpu/3+9,7.566939627100411,74.26331307915828,16.45730464911231
1504800,bA2tJJsSFg7ZCsjBt1GRLiDzdqrM8po/vCebEme4QPhRKxb69KMCVL1Lljpu/3+9,6.97564460290805,65.42350115813765,16.693040442112398
1505100,bA2tJJsSFg7ZCsjBt1GRLiDzdqrM8po/vCebEme4QPhRKxb69KMCVL1Lljpu/3+9,7.7071293978881235,63.96156612643056,15.46256428544888
1505400,bA2tJJsSFg7ZCsjBt1GRLiDzdqrM8po/vCebEme4QPhRKxb69KMCVL1Lljpu/3+9,7.479657428388486,11.082317348671694,8.372656475990862
1505700,bA2tJJsSFg7ZCsjBt1GRLiDzdqrM8po/vCebEme4QPhRKxb69KMCVL1Lljpu/3+9,7.009406519333205,37.44293529811405,12.027693005378577
1506000,bA2tJJsSFg7ZCsjBt1GRLiDzdqrM8po/vCebEme4QPhRKxb69KMCVL1Lljpu/3+9,7.15737820019538,65.02848784376837,16.61847882676138
1506300,bA2tJJsSFg7ZCsjBt1GRLiDzdqrM8po/vCebEme4QPhRKxb69KMCVL1Lljpu/3+9,7.618578196818778,70.74934635170634,16.544545598423102
1506600,bA2tJJsSFg7ZCsjBt1GRLiDzdqrM8po/vCebEme4QPhRKxb69KMCVL1Lljpu/3+9,6.837001107970461,10.6652571378014,8.04015416604421
1506900,bA2tJJsSFg7ZCsjBt1GRLiDzdqrM8po/vCebEme4QPhRKxb69KMCVL1Lljpu/3+9,7.705480715980911,62.574234792031184,15.296375273221036
1507200,bA2tJJsSFg7ZCsjBt1GRLiDzdqrM8po/vCebEme4QPhRKxb69KMCVL1Lljpu/3+9,6.9205414544636845,66.4373828830267,16.791447506617228
1507500,bA2tJJsSFg7ZCsjBt1GRLiDzdqrM8po/vCebEme4QPhRKxb69KMCVL1Lljpu/3+9,7.344365629121137,36.290836987409165,12.10142285222594
1507800,bA2tJJsSFg7ZCsjBt1GRLiDzdqrM8po/vCebEme4QPhRKxb69KMCVL1Lljpu/3+9,6.820516851959687,9.18882076022713,7.84294535412172
1508100,bA2tJJsSFg7ZCsjBt1GRLiDzdqrM8po/vCebEme4QPhRKxb69KMCVL1Lljpu/3+9,7.4272609386020285,67.72264813194936,16.42997523436218
1508400,bA2tJJsSFg7ZCsjBt1GRLiDzdqrM8po/vCebEme4QPhRKxb69KMCVL1Lljpu/3+9,6.969824363756077,61.87778072506197,16.29018175410525
1508700,bA2tJJsSFg7ZCsjBt1GRLiDzdqrM8po/vCebEme4QPhRKxb69KMCVL1Lljpu/3+9,8.00777442192691,61.92851209914591,15.672101861473832
1509000,bA2tJJsSFg7ZCsjBt1GRLiDzdqrM8po/vCebEme4QPhRKxb69KMCVL1Lljpu/3+9,6.650576243025087,12.973395127658543,8.997571219175505
1509300,bA2tJJsSFg7ZCsjBt1GRLiDzdqrM8po/vCebEme4QPhRKxb69KMCVL1Lljpu/3+9,7.522197609513134,35.09540561199485,12.00049904616948
1509600,bA2tJJsSFg7ZCsjBt1GRLiDzdqrM8po/vCebEme4QPhRKxb69KMCVL1Lljpu/3+9,6.996089317718073,60.411503759768514,16.879526575552394
1509900,bA2tJJsSFg7ZCsjBt1GRLiDzdqrM8po/vCebEme4QPhRKxb69KMCVL1Lljpu/3+9,7.726465367964377,65.83535291238816,16.77917759350434
1510200,bA2tJJsSFg7ZCsjBt1GRLiDzdqrM8po/vCebEme4QPhRKxb69KMCVL1Lljpu/3+9,7.138815727985404,10.208892250377136,8.220918370923842
1510500,bA2tJJsSFg7ZCsjBt1GRLiDzdqrM8po/vCebEme4QPhRKxb69KMCVL1Lljpu/3+9,7.2289599748226,58.53065962923319,14.897796947850813
1510800,bA2tJJsSFg7ZCsjBt1GRLiDzdqrM8po/vCebEme4QPhRKxb69KMCVL1Lljpu/3+9,7.222215667672403,61.14689788776533,16.571154567617345
1511100,bA2tJJsSFg7ZCsjBt1GRLiDzdqrM8po/vCebEme4QPhRKxb69KMCVL1Lljpu/3+9,7.790073988377236,35.798396954098685,12.614695339583069
1511400,bA2tJJsSFg7ZCsjBt1GRLiDzdqrM8po/vCebEme4QPhRKxb69KMCVL1Lljpu/3+9,6.930205252366377,9.625050139353114,7.977199690728686
1511700,bA2tJJsSFg7ZCsjBt1GRLiDzdqrM8po/vCebEme4QPhRKxb69KMCVL1Lljpu/3+9,7.8046475885432445,64.30627189793606,16.177850548954133
1512000,bA2tJJsSFg7ZCsjBt1GRLiDzdqrM8po/vCebEme4QPhRKxb69KMCVL1Lljpu/3+9,7.127135075983958,57.74530418664192,15.859126784809636
1512300,bA2tJJsSFg7ZCsjBt1GRLiDzdqrM8po/vCebEme4QPhRKxb69KMCVL1Lljpu/3+9,7.65432313364432,58.28731682168422,15.825041030386137
1512600,bA2tJJsSFg7ZCsjBt1GRLiDzdqrM8po/vCebEme4QPhRKxb69KMCVL1Lljpu/3+9,6.965238494073883,13.31850313366593,9.06775177656686
1512900,bA2tJJsSFg7ZCsjBt1GRLiDzdqrM8po/vCebEme4QPhRKxb69KMCVL1Lljpu/3+9,7.292284162377498,35.23166508274389,11.781786348589137
1513200,bA2tJJsSFg7ZCsjBt1GRLiDzdqrM8po/vCebEme4QPhRKxb69KMCVL1Lljpu/3+9,6.756566471368898,57.71055743623584,15.824879988426344
1513500,bA2tJJsSFg7ZCsjBt1GRLiDzdqrM8po/vCebEme4QPhRKxb69KMCVL1Lljpu/3+9,7.741121150928856,61.70332105175975,16.862521416288647
1513800,bA2tJJsSFg7ZCsjBt1GRLiDzdqrM8po/vCebEme4QPhRKxb69KMCVL1Lljpu/3+9,6.949349914322601,9.179584704750146,7.819267705067937
1514100,bA2tJJsSFg7ZCsjBt1GRLiDzdqrM8po/vCebEme4QPhRKxb69KMCVL1Lljpu/3+9,7.250102780203248,55.72071779832917,14.68310150061545
1514400,bA2tJJsSFg7ZCsjBt1GRLiDzdqrM8po/vCebEme4QPhRKxb69KMCVL1Lljpu/3+9,7.017308065949639,56.020463874525966,16.211098244668726
1514700,bA2tJJsSFg7ZCsjBt1GRLiDzdqrM8po/vCebEme4QPhRKxb69KMCVL1Lljpu/3+9,7.37148621254299,35.22368875891854,12.50680423349796
1515000,bA2tJJsSFg7ZCsjBt1GRLiDzdqrM8po/vCebEme4QPhRKxb69KMCVL1Lljpu/3+9,7.132249100276348,11.473300348657968,8.529219825144354
1515300,bA2tJJsSFg7ZCsjBt1GRLiDzdqrM8po/vCebEme4QPhRKxb69KMCVL1Lljpu/3+9,7.588033304059197,59.77770478089085,15.813495197662268
1515600,bA2tJJsSFg7ZCsjBt1GRLiDzdqrM8po/vCebEme4QPhRKxb69KMCVL1Lljpu/3+9,7.2714736904719235,55.38064702038832,16.03538143847254
1515900,bA2tJJsSFg7ZCsjBt1GRLiDzdqrM8po/vCebEme4QPhRKxb69KMCVL1Lljpu/3+9,7.896655864323027,52.72621262179732,15.826885735520651
1516200,bA2tJJsSFg7ZCsjBt1GRLiDzdqrM8po/vCebEme4QPhRKxb69KMCVL1Lljpu/3+9,7.236429525950776,10.882219643064133,8.615425283993913
1516500,bA2tJJsSFg7ZCsjBt1GRLiDzdqrM8po/vCebEme4QPhRKxb69KMCVL1Lljpu/3+9,7.509542156320364,35.58395223919983,12.181862428132058
1516800,bA2tJJsSFg7ZCsjBt1GRLiDzdqrM8po/vCebEme4QPhRKxb69KMCVL1Lljpu/3+9,7.517931398836183,53.102132357248,15.905193036613806
1517100,bA2tJJsSFg7ZCsjBt1GRLiDzdqrM8po/vCebEme4QPhRKxb69KMCVL1Lljpu/3+9,7.842504501483235,56.558355214505575,17.071503760946992
1517400,bA2tJJsSFg7ZCsjBt1GRLiDzdqrM8po/vCebEme4QPhRKxb69KMCVL1Lljpu/3+9,7.3480667100955825,10.658829045990608,8.556625604870245
1517700,bA2tJJsSFg7ZCsjBt1GRLiDzdqrM8po/vCebEme4QPhRKxb69KMCVL1Lljpu/3+9,7.844246259962738,52.38884240821818,14.765457867231026
1518000,bA2tJJsSFg7ZCsjBt1GRLiDzdqrM8po/vCebEme4QPhRKxb69KMCVL1Lljpu/3+9,7.398002749904788,47.30056750371814,15.383952500154368
1518300,bA2tJJsSFg7ZCsjBt1GRLiDzdqrM8po/vCebEme4QPhRKxb69KMCVL1Lljpu/3+9,7.456271170815216,33.61640429051805,13.36680005016918
1518600,bA2tJJsSFg7ZCsjBt1GRLiDzdqrM8po/vCebEme4QPhRKxb69KMCVL1Lljpu/3+9,7.281858991357903,11.024497843577654,8.446287365796673
1518900,bA2tJJsSFg7ZCsjBt1GRLiDzdqrM8po/vCebEme4QPhRKxb69KMCVL1Lljpu/3+9,7.730562772864368,55.571078740925685,15.938297017848948
1519200,bA2tJJsSFg7ZCsjBt1GRLiDzdqrM8po/vCebEme4QPhRKxb69KMCVL1Lljpu/3+9,7.4707367982562625,43.87647641323287,15.095105724967787
1519500,bA2tJJsSFg7ZCsjBt1GRLiDzdqrM8po/vCebEme4QPhRKxb69KMCVL1Lljpu/3+9,7.773181984157039,50.62177028959697,16.91836051901784
1519800,bA2tJJsSFg7ZCsjBt1GRLiDzdqrM8po/vCebEme4QPhRKxb69KMCVL1Lljpu/3+9,7.1953321112202095,12.11645742285354,8.470032151818867
1520100,bA2tJJsSFg7ZCsjBt1GRLiDzdqrM8po/vCebEme4QPhRKxb69KMCVL1Lljpu/3+9,7.475359724544779,35.63896027804943,12.393432630442527
1520400,bA2tJJsSFg7ZCsjBt1GRLiDzdqrM8po/vCebEme4QPhRKxb69KMCVL1Lljpu/3+9,6.978583878435582,40.10136360392726,14.426663646903622
1520700,bA2tJJsSFg7ZCsjBt1GRLiDzdqrM8po/vCebEme4QPhRKxb69KMCVL1Lljpu/3+9,7.7846692861873965,52.01464058483538,18.515738495067364
1521000,bA2tJJsSFg7ZCsjBt1GRLiDzdqrM8po/vCebEme4QPhRKxb69KMCVL1Lljpu/3+9,6.729345866576465,12.815451261322414,8.427581821100064
1521300,bA2tJJsSFg7ZCsjBt1GRLiDzdqrM8po/vCebEme4QPhRKxb69KMCVL1Lljpu/3+9,7.488426320104416,45.67705747331552,14.763766729327893
1521600,bA2tJJsSFg7ZCsjBt1GRLiDzdqrM8po/vCebEme4QPhRKxb69KMCVL1Lljpu/3+9,6.665639483663376,38.47559724923034,15.1699680334001
1521900,bA2tJJsSFg7ZCsjBt1GRLiDzdqrM8po/vCebEme4QPhRKxb69KMCVL1Lljpu/3+9,7.643403673651719,35.57844179774146,15.127260223986992
1522200,bA2tJJsSFg7ZCsjBt1GRLiDzdqrM8po/vCebEme4QPhRKxb69KMCVL1Lljpu/3+9,7.174652341277492,21.28769925045051,12.463145587525233
1522500,bA2tJJsSFg7ZCsjBt1GRLiDzdqrM8po/vCebEme4QPhRKxb69KMCVL1Lljpu/3+9,7.710505228731731,49.42887192755056,16.144600556749587
1522800,bA2tJJsSFg7ZCsjBt1GRLiDzdqrM8po/vCebEme4QPhRKxb69KMCVL1Lljpu/3+9,6.9846769970545095,31.222574724699744,13.740528341767677
1523100,bA2tJJsSFg7ZCsjBt1GRLiDzdqrM8po/vCebEme4QPhRKxb69KMCVL1Lljpu/3+9,7.87102313631282,46.49282637664707,18.610420202485404
1523400,bA2tJJsSFg7ZCsjBt1GRLiDzdqrM8po/vCebEme4QPhRKxb69KMCVL1Lljpu/3+9,6.914732320900985,13.635550881736911,8.582004292936766
1523700,bA2tJJsSFg7ZCsjBt1GRLiDzdqrM8po/vCebEme4QPhRKxb69KMCVL1Lljpu/3+9,7.792484776984656,39.53239388209241,12.510850793321996
1524000,bA2tJJsSFg7ZCsjBt1GRLiDzdqrM8po/vCebEme4QPhRKxb69KMCVL1Lljpu/3+9,6.835375833957679,41.86202460378833,12.598333613059951
1524300,bA2tJJsSFg7ZCsjBt1GRLiDzdqrM8po/vCebEme4QPhRKxb69KMCVL1Lljpu/3+9,8.02143182590087,54.95006617523948,21.18871301451629
1524600,bA2tJJsSFg7ZCsjBt1GRLiDzdqrM8po/vCebEme4QPhRKxb69KMCVL1Lljpu/3+9,7.246349445908744,20.702144853829356,10.54282846643309
1524900,bA2tJJsSFg7ZCsjBt1GRLiDzdqrM8po/vCebEme4QPhRKxb69KMCVL1Lljpu/3+9,8.102633809616918,45.58352128018454,15.572916343598155
1525200,bA2tJJsSFg7ZCsjBt1GRLiDzdqrM8po/vCebEme4QPhRKxb69KMCVL1Lljpu/3+9,6.923575266419233,39.049944811139575,12.683147302034556
1525500,bA2tJJsSFg7ZCsjBt1GRLiDzdqrM8po/vCebEme4QPhRKxb69KMCVL1Lljpu/3+9,7.5996911622452386,57.0360355751245,16.58155642981431
1525800,bA2tJJsSFg7ZCsjBt1GRLiDzdqrM8po/vCebEme4QPhRKxb69KMCVL1Lljpu/3+9,6.863464396746772,12.296629335048204,8.547612901632878
1526100,bA2tJJsSFg7ZCsjBt1GRLiDzdqrM8po/vCebEme4QPhRKxb69KMCVL1Lljpu/3+9,7.2231175745556415,45.94471103274961,15.993374008012452
1526400,bA2tJJsSFg7ZCsjBt1GRLiDzdqrM8po/vCebEme4QPhRKxb69KMCVL1Lljpu/3+9,6.764775694616836,37.37858077993232,11.176607946435103
1526700,bA2tJJsSFg7ZCsjBt1GRLiDzdqrM8po/vCebEme4QPhRKxb69KMCVL1Lljpu/3+9,7.211398267129854,64.26591671601204,20.664043085331244
1527000,bA2tJJsSFg7ZCsjBt1GRLiDzdqrM8po/vCebEme4QPhRKxb69KMCVL1Lljpu/3+9,6.796486039937158,12.000243919732773,8.47992278878559
1527300,bA2tJJsSFg7ZCsjBt1GRLiDzdqrM8po/vCebEme4QPhRKxb69KMCVL1Lljpu/3+9,7.356560152990482,36.06475502827019,12.530724484816188
1527600,bA2tJJsSFg7ZCsjBt1GRLiDzdqrM8po/vCebEme4QPhRKxb69KMCVL1Lljpu/3+9,6.688776547173106,37.98219170073044,11.276741180224777
1527900,bA2tJJsSFg7ZCsjBt1GRLiDzdqrM8po/vCebEme4QPhRKxb69KMCVL1Lljpu/3+9,7.762756619579597,61.50644682435428,21.697535232644917
1528200,bA2tJJsSFg7ZCsjBt1GRLiDzdqrM8po/vCebEme4QPhRKxb69KMCVL1Lljpu/3+9,7.007008577632043,11.935424762938917,8.524754347135136
1528500,bA2tJJsSFg7ZCsjBt1GRLiDzdqrM8po/vCebEme4QPhRKxb69KMCVL1Lljpu/3+9,7.727689795450365,42.179638470911854,15.068602037019632
1528800,bA2tJJsSFg7ZCsjBt1GRLiDzdqrM8po/vCebEme4QPhRKxb69KMCVL1Lljpu/3+9,7.1692321356614475,31.631568943631198,11.440377058672109
1529100,bA2tJJsSFg7ZCsjBt1GRLiDzdqrM8po/vCebEme4QPhRKxb69KMCVL1Lljpu/3+9,7.849610405465352,59.64185078500432,17.286461056220702
1529400,bA2tJJsSFg7ZCsjBt1GRLiDzdqrM8po/vCebEme4QPhRKxb69KMCVL1Lljpu/3+9,7.121433525905074,12.352262033339528,8.684401245248724
1529700,bA2tJJsSFg7ZCsjBt1GRLiDzdqrM8po/vCebEme4QPhRKxb69KMCVL1Lljpu/3+9,7.528895367817464,46.6027498465777,15.907143101744207
1530000,bA2tJJsSFg7ZCsjBt1GRLiDzdqrM8po/vCebEme4QPhRKxb69KMCVL1Lljpu/3+9,7.053471575687103,37.16167038853748,11.211313572812337
1530300,bA2tJJsSFg7ZCsjBt1GRLiDzdqrM8po/vCebEme4QPhRKxb69KMCVL1Lljpu/3+9,8.226744267306481,50.767644570238765,24.00876367074983
1530600,bA2tJJsSFg7ZCsjBt1GRLiDzdqrM8po/vCebEme4QPhRKxb69KMCVL1Lljpu/3+9,13.042482232217736,19.94657416647441,15.274663431698013
1530900,bA2tJJsSFg7ZCsjBt1GRLiDzdqrM8po/vCebEme4QPhRKxb69KMCVL1Lljpu/3+9,8.106987378674921,41.62281211757559,15.915045525918282
1531200,bA2tJJsSFg7ZCsjBt1GRLiDzdqrM8po/vCebEme4QPhRKxb69KMCVL1Lljpu/3+9,7.103831030404932,38.49974684139226,11.373630974101737
1531500,bA2tJJsSFg7ZCsjBt1GRLiDzdqrM8po/vCebEme4QPhRKxb69KMCVL1Lljpu/3+9,8.15524421002609,49.36513420297026,21.78496180900644
1531800,bA2tJJsSFg7ZCsjBt1GRLiDzdqrM8po/vCebEme4QPhRKxb69KMCVL1Lljpu/3+9,7.094274313837448,11.24698313877698,8.735325880780657
1532100,bA2tJJsSFg7ZCsjBt1GRLiDzdqrM8po/vCebEme4QPhRKxb69KMCVL1Lljpu/3+9,7.534999215292967,37.69648313714072,15.028610646107884
1532400,bA2tJJsSFg7ZCsjBt1GRLiDzdqrM8po/vCebEme4QPhRKxb69KMCVL1Lljpu/3+9,7.079058277660472,39.006361085240954,11.616433029101104
1532700,bA2tJJsSFg7ZCsjBt1GRLiDzdqrM8po/vCebEme4QPhRKxb69KMCVL1Lljpu/3+9,7.206001477497239,38.86409166172495,17.29255257422966
1533000,bA2tJJsSFg7ZCsjBt1GRLiDzdqrM8po/vCebEme4QPhRKxb69KMCVL1Lljpu/3+9,7.156497963532204,10.721544666250653,8.514931765928656
1533300,bA2tJJsSFg7ZCsjBt1GRLiDzdqrM8po/vCebEme4QPhRKxb69KMCVL1Lljpu/3+9,7.577750629058182,49.1194135611721,15.839931155845262
1533600,bA2tJJsSFg7ZCsjBt1GRLiDzdqrM8po/vCebEme4QPhRKxb69KMCVL1Lljpu/3+9,7.1142882894206965,38.45294496419612,11.409769545106004
1533900,bA2tJJsSFg7ZCsjBt1GRLiDzdqrM8po/vCebEme4QPhRKxb69KMCVL1Lljpu/3+9,7.8789289049953135,36.70910988196586,20.365269865398027
1534200,bA2tJJsSFg7ZCsjBt1GRLiDzdqrM8po/vCebEme4QPhRKxb69KMCVL1Lljpu/3+9,7.448999111036672,10.907114970628871,8.748281662997046
1534500,bA2tJJsSFg7ZCsjBt1GRLiDzdqrM8po/vCebEme4QPhRKxb69KMCVL1Lljpu/3+9,7.259967457940224,35.422022370744564,12.34854596472235
1534800,bA2tJJsSFg7ZCsjBt1GRLiDzdqrM8po/vCebEme4QPhRKxb69KMCVL1Lljpu/3+9,6.988466093495488,25.400958062951883,11.362650528569352
1535100,bA2tJJsSFg7ZCsjBt1GRLiDzdqrM8po/vCebEme4QPhRKxb69KMCVL1Lljpu/3+9,7.44419090024818,50.15946805960073,21.715417198320047
1535400,bA2tJJsSFg7ZCsjBt1GRLiDzdqrM8po/vCebEme4QPhRKxb69KMCVL1Lljpu/3+9,7.009953237762889,10.473902874534543,8.578411590670635
1535700,bA2tJJsSFg7ZCsjBt1GRLiDzdqrM8po/vCebEme4QPhRKxb69KMCVL1Lljpu/3+9,7.558725570690893,37.20654403686177,14.731311798681489
1536000,bA2tJJsSFg7ZCsjBt1GRLiDzdqrM8po/vCebEme4QPhRKxb69KMCVL1Lljpu/3+9,7.280469392507928,38.69168181499223,11.391544810993674
1536300,bA2tJJsSFg7ZCsjBt1GRLiDzdqrM8po/vCebEme4QPhRKxb69KMCVL1Lljpu/3+9,7.115856306281432,56.17623363633727,17.26878765175898
1536600,bA2tJJsSFg7ZCsjBt1GRLiDzdqrM8po/vCebEme4QPhRKxb69KMCVL1Lljpu/3+9,6.945381612342016,10.139311875364806,8.449903643179699
1536900,bA2tJJsSFg7ZCsjBt1GRLiDzdqrM8po/vCebEme4QPhRKxb69KMCVL1Lljpu/3+9,7.820527496496421,50.45634867444521,15.76183973481172
1537200,bA2tJJsSFg7ZCsjBt1GRLiDzdqrM8po/vCebEme4QPhRKxb69KMCVL1Lljpu/3+9,6.825502517836761,38.846181390372635,11.821453658870956
1537500,bA2tJJsSFg7ZCsjBt1GRLiDzdqrM8po/vCebEme4QPhRKxb69KMCVL1Lljpu/3+9,7.710040422669562,57.92584752243234,20.46123959773496
1537800,bA2tJJsSFg7ZCsjBt1GRLiDzdqrM8po/vCebEme4QPhRKxb69KMCVL1Lljpu/3+9,6.99801546215459,11.175080705308297,8.728018403638092
1538100,bA2tJJsSFg7ZCsjBt1GRLiDzdqrM8po/vCebEme4QPhRKxb69KMCVL1Lljpu/3+9,7.60547965301547,31.0480762955506,11.596323426086316
1538400,bA2tJJsSFg7ZCsjBt1GRLiDzdqrM8po/vCebEme4QPhRKxb69KMCVL1Lljpu/3+9,7.133617203220301,39.21611143650576,12.104656874128242
1538700,bA2tJJsSFg7ZCsjBt1GRLiDzdqrM8po/vCebEme4QPhRKxb69KMCVL1Lljpu/3+9,7.790554648678109,60.44127723781024,21.77977138372181
1539000,bA2tJJsSFg7ZCsjBt1GRLiDzdqrM8po/vCebEme4QPhRKxb69KMCVL1Lljpu/3+9,6.840205863606169,11.050185964875237,8.598334079931929
1539300,bA2tJJsSFg7ZCsjBt1GRLiDzdqrM8po/vCebEme4QPhRKxb69KMCVL1Lljpu/3+9,7.5364070998940305,43.3484808810676,14.803225592577425
1539600,bA2tJJsSFg7ZCsjBt1GRLiDzdqrM8po/vCebEme4QPhRKxb69KMCVL1Lljpu/3+9,7.107258307404124,25.13740123724769,11.5067581465064
1539900,bA2tJJsSFg7ZCsjBt1GRLiDzdqrM8po/vCebEme4QPhRKxb69KMCVL1Lljpu/3+9,7.3090539753074895,62.6435777997091,17.277036134812953
1540200,bA2tJJsSFg7ZCsjBt1GRLiDzdqrM8po/vCebEme4QPhRKxb69KMCVL1Lljpu/3+9,7.047236623792433,10.921856069289058,8.582034188835168
1540500,bA2tJJsSFg7ZCsjBt1GRLiDzdqrM8po/vCebEme4QPhRKxb69KMCVL1Lljpu/3+9,7.406739132349384,57.35920743700986,15.875401105064723
1540800,bA2tJJsSFg7ZCsjBt1GRLiDzdqrM8po/vCebEme4QPhRKxb69KMCVL1Lljpu/3+9,7.053519178523893,39.06311227069953,11.426526205996122
1541100,bA2tJJsSFg7ZCsjBt1GRLiDzdqrM8po/vCebEme4QPhRKxb69KMCVL1Lljpu/3+9,7.868975839444959,63.73455957951664,20.65177967587779
1541400,bA2tJJsSFg7ZCsjBt1GRLiDzdqrM8po/vCebEme4QPhRKxb69KMCVL1Lljpu/3+9,7.116177594849632,10.655699647907468,8.480406892227128
1541700,bA2tJJsSFg7ZCsjBt1GRLiDzdqrM8po/vCebEme4QPhRKxb69KMCVL1Lljpu/3+9,7.29679904451435,25.123281300141816,11.524774411170528
1542000,bA2tJJsSFg7ZCsjBt1GRLiDzdqrM8po/vCebEme4QPhRKxb69KMCVL1Lljpu/3+9,6.955218939771006,31.030914647298488,12.2098855470862
1542300,bA2tJJsSFg7ZCsjBt1GRLiDzdqrM8po/vCebEme4QPhRKxb69KMCVL1Lljpu/3+9,7.470551640384218,65.29016108774206,21.60743399556105
1542600,bA2tJJsSFg7ZCsjBt1GRLiDzdqrM8po/vCebEme4QPhRKxb69KMCVL1Lljpu/3+9,7.0491271285079184,10.612640081731524,8.532798522073366
1542900,bA2tJJsSFg7ZCsjBt1GRLiDzdqrM8po/vCebEme4QPhRKxb69KMCVL1Lljpu/3+9,7.534139751797237,46.31169592430217,14.771694437988849
1543200,bA2tJJsSFg7ZCsjBt1GRLiDzdqrM8po/vCebEme4QPhRKxb69KMCVL1Lljpu/3+9,7.484598035945259,27.04071004472688,11.48527672082392
1543500,bA2tJJsSFg7ZCsjBt1GRLiDzdqrM8po/vCebEme4QPhRKxb69KMCVL1Lljpu/3+9,7.01129885443992,64.20587451675928,16.920399514538364
1543800,bA2tJJsSFg7ZCsjBt1GRLiDzdqrM8po/vCebEme4QPhRKxb69KMCVL1Lljpu/3+9,6.8912407889161145,13.053484565496428,8.478572770719449
1544100,bA2tJJsSFg7ZCsjBt1GRLiDzdqrM8po/vCebEme4QPhRKxb69KMCVL1Lljpu/3+9,7.096364793827994,62.895833076340914,15.794972576791048
1544400,bA2tJJsSFg7ZCsjBt1GRLiDzdqrM8po/vCebEme4QPhRKxb69KMCVL1Lljpu/3+9,7.121416279713667,24.235694138580573,11.252351643807373
1544700,bA2tJJsSFg7ZCsjBt1GRLiDzdqrM8po/vCebEme4QPhRKxb69KMCVL1Lljpu/3+9,7.54271154055226,64.67177975339112,20.39689445157678
1545000,bA2tJJsSFg7ZCsjBt1GRLiDzdqrM8po/vCebEme4QPhRKxb69KMCVL1Lljpu/3+9,7.304599154157269,11.932602106704572,8.468492135817844
1545300,bA2tJJsSFg7ZCsjBt1GRLiDzdqrM8po/vCebEme4QPhRKxb69KMCVL1Lljpu/3+9,7.05662240349464,22.53243352607377,11.411724261270669
1545600,bA2tJJsSFg7ZCsjBt1GRLiDzdqrM8po/vCebEme4QPhRKxb69KMCVL1Lljpu/3+9,6.859724301381433,38.34901463007196,12.46216836650038
1545900,bA2tJJsSFg7ZCsjBt1GRLiDzdqrM8po/vCebEme4QPhRKxb69KMCVL1Lljpu/3+9,7.5409943263251185,66.34154896743814,21.85270213287993
1546200,bA2tJJsSFg7ZCsjBt1GRLiDzdqrM8po/vCebEme4QPhRKxb69KMCVL1Lljpu/3+9,7.099378164642055,14.163162429165912,8.689146282161454
1546500,bA2tJJsSFg7ZCsjBt1GRLiDzdqrM8po/vCebEme4QPhRKxb69KMCVL1Lljpu/3+9,7.270214351675065,50.59071224392089,14.7749169139677
1546800,bA2tJJsSFg7ZCsjBt1GRLiDzdqrM8po/vCebEme4QPhRKxb69KMCVL1Lljpu/3+9,7.104650878866018,36.65478574255936,11.500961852934024
1547100,bA2tJJsSFg7ZCsjBt1GRLiDzdqrM8po/vCebEme4QPhRKxb69KMCVL1Lljpu/3+9,7.11663898185826,64.83898024566372,17.323092502779353
1547400,bA2tJJsSFg7ZCsjBt1GRLiDzdqrM8po/vCebEme4QPhRKxb69KMCVL1Lljpu/3+9,6.995926405648588,13.106242970896217,8.430389627333422
1547700,bA2tJJsSFg7ZCsjBt1GRLiDzdqrM8po/vCebEme4QPhRKxb69KMCVL1Lljpu/3+9,7.624355597148657,66.2398717104856,16.028800524610293
1548000,bA2tJJsSFg7ZCsjBt1GRLiDzdqrM8po/vCebEme4QPhRKxb69KMCVL1Lljpu/3+9,7.145425703254024,38.73184736078388,11.328699654676871
1548300,bA2tJJsSFg7ZCsjBt1GRLiDzdqrM8po/vCebEme4QPhRKxb69KMCVL1Lljpu/3+9,7.448464726152979,65.01543854117791,20.440304087954853
1548600,bA2tJJsSFg7ZCsjBt1GRLiDzdqrM8po/vCebEme4QPhRKxb69KMCVL1Lljpu/3+9,7.39122624022077,11.299219777248195,8.769477351221575
1548900,bA2tJJsSFg7ZCsjBt1GRLiDzdqrM8po/vCebEme4QPhRKxb69KMCVL1Lljpu/3+9,7.012901236154841,26.42488908726705,11.49283003719658
1549200,bA2tJJsSFg7ZCsjBt1GRLiDzdqrM8po/vCebEme4QPhRKxb69KMCVL1Lljpu/3+9,7.3313774830716545,38.48284445484831,12.170286918760944
1549500,bA2tJJsSFg7ZCsjBt1GRLiDzdqrM8po/vCebEme4QPhRKxb69KMCVL1Lljpu/3+9,6.933925191855221,69.62363241114112,21.875043793001208
1549800,bA2tJJsSFg7ZCsjBt1GRLiDzdqrM8po/vCebEme4QPhRKxb69KMCVL1Lljpu/3+9,7.277504671620479,12.760285102955464,8.663462376615698
1550100,bA2tJJsSFg7ZCsjBt1GRLiDzdqrM8po/vCebEme4QPhRKxb69KMCVL1Lljpu/3+9,7.433072079943754,56.71181758071722,14.217276873006922
1550400,bA2tJJsSFg7ZCsjBt1GRLiDzdqrM8po/vCebEme4QPhRKxb69KMCVL1Lljpu/3+9,7.426365476530234,31.54438598379488,12.02196732823614
1550700,bA2tJJsSFg7ZCsjBt1GRLiDzdqrM8po/vCebEme4QPhRKxb69KMCVL1Lljpu/3+9,7.404957384216952,64.74852611072197,22.2577696965506
1551000,bA2tJJsSFg7ZCsjBt1GRLiDzdqrM8po/vCebEme4QPhRKxb69KMCVL1Lljpu/3+9,7.227600843168617,35.42177609910199,11.400875952580533
1551300,bA2tJJsSFg7ZCsjBt1GRLiDzdqrM8po/vCebEme4QPhRKxb69KMCVL1Lljpu/3+9,7.783898807797037,74.02682739461204,15.445012967407587
1551600,bA2tJJsSFg7ZCsjBt1GRLiDzdqrM8po/vCebEme4QPhRKxb69KMCVL1Lljpu/3+9,7.354005303916167,35.59826125637303,12.153747443728149
1551900,bA2tJJsSFg7ZCsjBt1GRLiDzdqrM8po/vCebEme4QPhRKxb69KMCVL1Lljpu/3+9,7.414194908670319,65.07016239136921,19.95182470515849
1552200,bA2tJJsSFg7ZCsjBt1GRLiDzdqrM8po/vCebEme4QPhRKxb69KMCVL1Lljpu/3+9,7.454077218827891,13.49766162437724,9.186127356152063
1552500,bA2tJJsSFg7ZCsjBt1GRLiDzdqrM8po/vCebEme4QPhRKxb69KMCVL1Lljpu/3+9,7.068214995288349,31.664985915352624,10.885009056579808
1552800,bA2tJJsSFg7ZCsjBt1GRLiDzdqrM8po/vCebEme4QPhRKxb69KMCVL1Lljpu/3+9,7.737820235772979,27.213554211798105,12.55928817790959
1553100,bA2tJJsSFg7ZCsjBt1GRLiDzdqrM8po/vCebEme4QPhRKxb69KMCVL1Lljpu/3+9,7.600471450079203,73.890290361052,21.16361826851402
1553400,bA2tJJsSFg7ZCsjBt1GRLiDzdqrM8po/vCebEme4QPhRKxb69KMCVL1Lljpu/3+9,6.92910792362525,13.649695380072194,9.125144307882618
1553700,bA2tJJsSFg7ZCsjBt1GRLiDzdqrM8po/vCebEme4QPhRKxb69KMCVL1Lljpu/3+9,7.586524484028083,60.01575867137,14.790427896033613
1554000,bA2tJJsSFg7ZCsjBt1GRLiDzdqrM8po/vCebEme4QPhRKxb69KMCVL1Lljpu/3+9,7.217013794194834,37.00217835565197,12.13578289304664
1554300,bA2tJJsSFg7ZCsjBt1GRLiDzdqrM8po/vCebEme4QPhRKxb69KMCVL1Lljpu/3+9,7.175727080357094,62.581105623704,16.6132157035061
1554600,bA2tJJsSFg7ZCsjBt1GRLiDzdqrM8po/vCebEme4QPhRKxb69KMCVL1Lljpu/3+9,7.387246100361577,13.762664440359258,9.07609645633035
1554900,bA2tJJsSFg7ZCsjBt1GRLiDzdqrM8po/vCebEme4QPhRKxb69KMCVL1Lljpu/3+9,7.542287965970505,74.35173040902265,15.124168154358314
1555200,bA2tJJsSFg7ZCsjBt1GRLiDzdqrM8po/vCebEme4QPhRKxb69KMCVL1Lljpu/3+9,6.840147419454781,31.928058095760647,11.833150605180712
1555500,bA2tJJsSFg7ZCsjBt1GRLiDzdqrM8po/vCebEme4QPhRKxb69KMCVL1Lljpu/3+9,7.67964706535463,62.1153866066931,19.993356535602626
1555800,bA2tJJsSFg7ZCsjBt1GRLiDzdqrM8po/vCebEme4QPhRKxb69KMCVL1Lljpu/3+9,7.514221773782624,13.880727300838805,9.087347460720078
1556100,bA2tJJsSFg7ZCsjBt1GRLiDzdqrM8po/vCebEme4QPhRKxb69KMCVL1Lljpu/3+9,6.874709226101776,34.52118173787413,11.00451893916522
1556400,bA2tJJsSFg7ZCsjBt1GRLiDzdqrM8po/vCebEme4QPhRKxb69KMCVL1Lljpu/3+9,7.049645638719346,36.97553531606487,11.974335658027972
1556700,bA2tJJsSFg7ZCsjBt1GRLiDzdqrM8po/vCebEme4QPhRKxb69KMCVL1Lljpu/3+9,7.304573954243842,76.3720497913967,21.975298746420755
1557000,bA2tJJsSFg7ZCsjBt1GRLiDzdqrM8po/vCebEme4QPhRKxb69KMCVL1Lljpu/3+9,6.819623438326088,13.40581045439286,9.054064019347392
1557300,bA2tJJsSFg7ZCsjBt1GRLiDzdqrM8po/vCebEme4QPhRKxb69KMCVL1Lljpu/3+9,7.8919925946629155,61.754815377593225,14.227349379672608
1557600,bA2tJJsSFg7ZCsjBt1GRLiDzdqrM8po/vCebEme4QPhRKxb69KMCVL1Lljpu/3+9,6.842690446249092,30.318414032676607,11.965448205481696
1557900,bA2tJJsSFg7ZCsjBt1GRLiDzdqrM8po/vCebEme4QPhRKxb69KMCVL1Lljpu/3+9,7.484764964250138,58.35351557437419,17.5240723654124
1558200,bA2tJJsSFg7ZCsjBt1GRLiDzdqrM8po/vCebEme4QPhRKxb69KMCVL1Lljpu/3+9,7.191385513960298,13.547711110847192,9.079595484640745
1558500,bA2tJJsSFg7ZCsjBt1GRLiDzdqrM8po/vCebEme4QPhRKxb69KMCVL1Lljpu/3+9,7.208589802464825,77.77454428543724,15.432018614379553
1558800,bA2tJJsSFg7ZCsjBt1GRLiDzdqrM8po/vCebEme4QPhRKxb69KMCVL1Lljpu/3+9,7.072906295690575,26.37442897819544,11.946401634600145
1559100,bA2tJJsSFg7ZCsjBt1GRLiDzdqrM8po/vCebEme4QPhRKxb69KMCVL1Lljpu/3+9,7.454266485240723,61.72643477632768,19.797907776879683
1559400,bA2tJJsSFg7ZCsjBt1GRLiDzdqrM8po/vCebEme4QPhRKxb69KMCVL1Lljpu/3+9,7.008084098605746,13.828363250751812,9.118345076182198
1559700,bA2tJJsSFg7ZCsjBt1GRLiDzdqrM8po/vCebEme4QPhRKxb69KMCVL1Lljpu/3+9,8.096395631070177,34.974709461480444,13.821342586778153
1560000,bA2tJJsSFg7ZCsjBt1GRLiDzdqrM8po/vCebEme4QPhRKxb69KMCVL1Lljpu/3+9,12.999182160383256,43.67899466973045,18.46292213297256
1560300,bA2tJJsSFg7ZCsjBt1GRLiDzdqrM8po/vCebEme4QPhRKxb69KMCVL1Lljpu/3+9,8.133205806296976,84.8147099364019,26.14947404571545
1560600,bA2tJJsSFg7ZCsjBt1GRLiDzdqrM8po/vCebEme4QPhRKxb69KMCVL1Lljpu/3+9,7.027633952556241,22.254242994322464,10.632916206739395
1560900,bA2tJJsSFg7ZCsjBt1GRLiDzdqrM8po/vCebEme4QPhRKxb69KMCVL1Lljpu/3+9,7.407597784001829,64.85902850983891,14.601321490335392
1561200,bA2tJJsSFg7ZCsjBt1GRLiDzdqrM8po/vCebEme4QPhRKxb69KMCVL1Lljpu/3+9,6.889308113769076,52.383487630249455,14.34792525497778
1561500,bA2tJJsSFg7ZCsjBt1GRLiDzdqrM8po/vCebEme4QPhRKxb69KMCVL1Lljpu/3+9,7.357036131114594,36.22204869990173,13.184177641505334
1561800,bA2tJJsSFg7ZCsjBt1GRLiDzdqrM8po/vCebEme4QPhRKxb69KMCVL1Lljpu/3+9,7.184915748691541,14.871015657447478,9.748747378183266
1562100,bA2tJJsSFg7ZCsjBt1GRLiDzdqrM8po/vCebEme4QPhRKxb69KMCVL1Lljpu/3+9,7.23764107154698,77.46665611974355,15.338528836484231
1562400,bA2tJJsSFg7ZCsjBt1GRLiDzdqrM8po/vCebEme4QPhRKxb69KMCVL1Lljpu/3+9,6.439993039389485,36.6895902338035,11.8218590412181
1562700,bA2tJJsSFg7ZCsjBt1GRLiDzdqrM8po/vCebEme4QPhRKxb69KMCVL1Lljpu/3+9,7.003368816631917,62.85178017212673,19.890821274142628
1563000,bA2tJJsSFg7ZCsjBt1GRLiDzdqrM8po/vCebEme4QPhRKxb69KMCVL1Lljpu/3+9,6.942312910760388,13.935275588668116,9.247205583715337
1563300,bA2tJJsSFg7ZCsjBt1GRLiDzdqrM8po/vCebEme4QPhRKxb69KMCVL1Lljpu/3+9,6.802141935625869,36.18107949822107,10.954898466440545
1563600,bA2tJJsSFg7ZCsjBt1GRLiDzdqrM8po/vCebEme4QPhRKxb69KMCVL1Lljpu/3+9,6.644053026509349,35.52781349194491,11.850113725233536
1563900,bA2tJJsSFg7ZCsjBt1GRLiDzdqrM8po/vCebEme4QPhRKxb69KMCVL1Lljpu/3+9,7.439114630919544,81.36428293729716,21.82417139062418
1564200,bA2tJJsSFg7ZCsjBt1GRLiDzdqrM8po/vCebEme4QPhRKxb69KMCVL1Lljpu/3+9,6.650625432212135,13.408308084778897,8.978895780183585
1564500,bA2tJJsSFg7ZCsjBt1GRLiDzdqrM8po/vCebEme4QPhRKxb69KMCVL1Lljpu/3+9,7.588915243788816,64.97045141737914,14.497082798121534
1564800,bA2tJJsSFg7ZCsjBt1GRLiDzdqrM8po/vCebEme4QPhRKxb69KMCVL1Lljpu/3+9,7.164736030031865,37.97637981005379,12.466276638305182
1565100,bA2tJJsSFg7ZCsjBt1GRLiDzdqrM8po/vCebEme4QPhRKxb69KMCVL1Lljpu/3+9,7.0472691957868445,45.37224684201471,16.854621484976885
1565400,bA2tJJsSFg7ZCsjBt1GRLiDzdqrM8po/vCebEme4QPhRKxb69KMCVL1Lljpu/3+9,6.541651539100829,13.69456715131092,9.042885492887711
1565700,bA2tJJsSFg7ZCsjBt1GRLiDzdqrM8po/vCebEme4QPhRKxb69KMCVL1Lljpu/3+9,7.61824930472399,77.42532438057097,16.1903199490288
1566000,bA2tJJsSFg7ZCsjBt1GRLiDzdqrM8po/vCebEme4QPhRKxb69KMCVL1Lljpu/3+9,6.986192354880868,38.579228520896585,11.861983177749782
1566300,bA2tJJsSFg7ZCsjBt1GRLiDzdqrM8po/vCebEme4QPhRKxb69KMCVL1Lljpu/3+9,8.011038200137516,62.05078159765759,19.88269632656967
1566600,bA2tJJsSFg7ZCsjBt1GRLiDzdqrM8po/vCebEme4QPhRKxb69KMCVL1Lljpu/3+9,7.074280079575524,15.073984373469374,9.13305479639588
1566900,bA2tJJsSFg7ZCsjBt1GRLiDzdqrM8po/vCebEme4QPhRKxb69KMCVL1Lljpu/3+9,7.371120391245568,35.867247343199,11.051779755898464
1567200,bA2tJJsSFg7ZCsjBt1GRLiDzdqrM8po/vCebEme4QPhRKxb69KMCVL1Lljpu/3+9,7.09092809403298,35.699175087364985,12.160365971857916
1567500,bA2tJJsSFg7ZCsjBt1GRLiDzdqrM8po/vCebEme4QPhRKxb69KMCVL1Lljpu/3+9,7.706288088773595,76.655670859413,22.336419930586395
1567800,bA2tJJsSFg7ZCsjBt1GRLiDzdqrM8po/vCebEme4QPhRKxb69KMCVL1Lljpu/3+9,7.146070778086993,14.85523308666169,9.084248077959534
1568100,bA2tJJsSFg7ZCsjBt1GRLiDzdqrM8po/vCebEme4QPhRKxb69KMCVL1Lljpu/3+9,7.66264110121477,62.54703851670372,14.135712858232914
1568400,bA2tJJsSFg7ZCsjBt1GRLiDzdqrM8po/vCebEme4QPhRKxb69KMCVL1Lljpu/3+9,7.0558000119932975,43.92149185758301,12.16913740941947
1568700,bA2tJJsSFg7ZCsjBt1GRLiDzdqrM8po/vCebEme4QPhRKxb69KMCVL1Lljpu/3+9,7.6874275613464285,37.8530679903797,16.777738707424326
1569000,bA2tJJsSFg7ZCsjBt1GRLiDzdqrM8po/vCebEme4QPhRKxb69KMCVL1Lljpu/3+9,7.103547254662546,14.236785744702898,8.983083168414703
1569300,bA2tJJsSFg7ZCsjBt1GRLiDzdqrM8po/vCebEme4QPhRKxb69KMCVL1Lljpu/3+9,7.176417303696699,77.0966522509249,15.959066549312082
1569600,bA2tJJsSFg7ZCsjBt1GRLiDzdqrM8po/vCebEme4QPhRKxb69KMCVL1Lljpu/3+9,7.168058406953518,37.16564393439189,11.806540920816648
1569900,bA2tJJsSFg7ZCsjBt1GRLiDzdqrM8po/vCebEme4QPhRKxb69KMCVL1Lljpu/3+9,7.780641193552611,64.1463877485424,20.067352531113254
1570200,bA2tJJsSFg7ZCsjBt1GRLiDzdqrM8po/vCebEme4QPhRKxb69KMCVL1Lljpu/3+9,7.007398372954016,14.491298010017688,9.110511383429774
1570500,bA2tJJsSFg7ZCsjBt1GRLiDzdqrM8po/vCebEme4QPhRKxb69KMCVL1Lljpu/3+9,7.7388224985384975,37.17696776025718,11.053074045245731
1570800,bA2tJJsSFg7ZCsjBt1GRLiDzdqrM8po/vCebEme4QPhRKxb69KMCVL1Lljpu/3+9,7.302251132791277,36.71289293242896,11.94290013528936
1571100,bA2tJJsSFg7ZCsjBt1GRLiDzdqrM8po/vCebEme4QPhRKxb69KMCVL1Lljpu/3+9,8.04667302760773,76.60296126841595,22.078910420985608
1571400,bA2tJJsSFg7ZCsjBt1GRLiDzdqrM8po/vCebEme4QPhRKxb69KMCVL1Lljpu/3+9,7.094521755864923,14.053913097944209,9.035792074405059
1571700,bA2tJJsSFg7ZCsjBt1GRLiDzdqrM8po/vCebEme4QPhRKxb69KMCVL1Lljpu/3+9,7.818484931644784,63.14692205375485,14.325699939487247
1572000,bA2tJJsSFg7ZCsjBt1GRLiDzdqrM8po/vCebEme4QPhRKxb69KMCVL1Lljpu/3+9,7.21796165887737,34.07717899440268,11.894146115356357
1572300,bA2tJJsSFg7ZCsjBt1GRLiDzdqrM8po/vCebEme4QPhRKxb69KMCVL1Lljpu/3+9,7.584342406974403,48.21149256516696,16.787565759685634
1572600,bA2tJJsSFg7ZCsjBt1GRLiDzdqrM8po/vCebEme4QPhRKxb69KMCVL1Lljpu/3+9,6.846114970651802,14.389252201469402,8.822100252481363
1572900,bA2tJJsSFg7ZCsjBt1GRLiDzdqrM8po/vCebEme4QPhRKxb69KMCVL1Lljpu/3+9,7.3038267004858035,74.72863660529744,15.826783175964088
1573200,bA2tJJsSFg7ZCsjBt1GRLiDzdqrM8po/vCebEme4QPhRKxb69KMCVL1Lljpu/3+9,7.058433065635289,28.37521427060392,11.48988310269182
1573500,bA2tJJsSFg7ZCsjBt1GRLiDzdqrM8po/vCebEme4QPhRKxb69KMCVL1Lljpu/3+9,7.641819690776371,63.62607415087481,17.05387394518886
1573800,bA2tJJsSFg7ZCsjBt1GRLiDzdqrM8po/vCebEme4QPhRKxb69KMCVL1Lljpu/3+9,7.119002631780568,13.7145339488408,8.889632971885817
1574100,bA2tJJsSFg7ZCsjBt1GRLiDzdqrM8po/vCebEme4QPhRKxb69KMCVL1Lljpu/3+9,7.5367623593195345,36.96732037522811,11.367298588243424
1574400,bA2tJJsSFg7ZCsjBt1GRLiDzdqrM8po/vCebEme4QPhRKxb69KMCVL1Lljpu/3+9,6.93727841098746,43.03046347198806,11.374231293093215
1574700,bA2tJJsSFg7ZCsjBt1GRLiDzdqrM8po/vCebEme4QPhRKxb69KMCVL1Lljpu/3+9,7.969121523277183,69.95652219066632,22.35745010685418
1575000,bA2tJJsSFg7ZCsjBt1GRLiDzdqrM8po/vCebEme4QPhRKxb69KMCVL1Lljpu/3+9,6.834103338149606,14.263786398898636,8.956349180360432
1575300,bA2tJJsSFg7ZCsjBt1GRLiDzdqrM8po/vCebEme4QPhRKxb69KMCVL1Lljpu/3+9,7.476875212783565,98.14518484033933,39.4844499269928
1575600,bA2tJJsSFg7ZCsjBt1GRLiDzdqrM8po/vCebEme4QPhRKxb69KMCVL1Lljpu/3+9,7.267856768758935,43.260153140634486,11.859132790006898
1575900,bA2tJJsSFg7ZCsjBt1GRLiDzdqrM8po/vCebEme4QPhRKxb69KMCVL1Lljpu/3+9,7.399230061700269,54.83746985594902,17.138108041174508
1576200,bA2tJJsSFg7ZCsjBt1GRLiDzdqrM8po/vCebEme4QPhRKxb69KMCVL1Lljpu/3+9,6.889523508459058,13.694557090193817,8.57214345703474
1576500,bA2tJJsSFg7ZCsjBt1GRLiDzdqrM8po/vCebEme4QPhRKxb69KMCVL1Lljpu/3+9,7.646240908005263,69.87323998707474,15.772617416793675
1576800,bA2tJJsSFg7ZCsjBt1GRLiDzdqrM8po/vCebEme4QPhRKxb69KMCVL1Lljpu/3+9,6.538424038093174,53.705283538759325,12.624718255620348
1577100,bA2tJJsSFg7ZCsjBt1GRLiDzdqrM8po/vCebEme4QPhRKxb69KMCVL1Lljpu/3+9,7.572983750125264,62.18984384319598,20.64088106536039
1577400,bA2tJJsSFg7ZCsjBt1GRLiDzdqrM8po/vCebEme4QPhRKxb69KMCVL1Lljpu/3+9,6.874701021542313,24.467430019887853,9.786708145487344
1577700,bA2tJJsSFg7ZCsjBt1GRLiDzdqrM8po/vCebEme4QPhRKxb69KMCVL1Lljpu/3+9,7.677640865541044,37.46693566438366,11.94854859986462
1578000,bA2tJJsSFg7ZCsjBt1GRLiDzdqrM8po/vCebEme4QPhRKxb69KMCVL1Lljpu/3+9,7.121558545264277,36.485177811164554,12.428489076106915
1578300,bA2tJJsSFg7ZCsjBt1GRLiDzdqrM8po/vCebEme4QPhRKxb69KMCVL1Lljpu/3+9,7.501247954411944,66.10024654809425,21.545243627847924
1578600,bA2tJJsSFg7ZCsjBt1GRLiDzdqrM8po/vCebEme4QPhRKxb69KMCVL1Lljpu/3+9,6.587499216466336,24.51101255389744,10.500157037455851
1578900,bA2tJJsSFg7ZCsjBt1GRLiDzdqrM8po/vCebEme4QPhRKxb69KMCVL1Lljpu/3+9,7.48375830627287,59.90303239422813,14.743068734919907
1579200,bA2tJJsSFg7ZCsjBt1GRLiDzdqrM8po/vCebEme4QPhRKxb69KMCVL1Lljpu/3+9,6.872916128967213,24.87410035715641,12.62728151095301
1579500,bA2tJJsSFg7ZCsjBt1GRLiDzdqrM8po/vCebEme4QPhRKxb69KMCVL1Lljpu/3+9,6.916230316577827,58.20732080742352,17.009408435574294
1579800,bA2tJJsSFg7ZCsjBt1GRLiDzdqrM8po/vCebEme4QPhRKxb69KMCVL1Lljpu/3+9,6.6675046120310535,24.662220262268285,9.655540664853095
1580100,bA2tJJsSFg7ZCsjBt1GRLiDzdqrM8po/vCebEme4QPhRKxb69KMCVL1Lljpu/3+9,7.091252746689001,62.77188100089467,15.848677841840171
1580400,bA2tJJsSFg7ZCsjBt1GRLiDzdqrM8po/vCebEme4QPhRKxb69KMCVL1Lljpu/3+9,7.221420380362678,34.465629348255725,12.5118801694127
1580700,bA2tJJsSFg7ZCsjBt1GRLiDzdqrM8po/vCebEme4QPhRKxb69KMCVL1Lljpu/3+9,7.397237417014828,59.34657401782054,20.341661654835832
1581000,bA2tJJsSFg7ZCsjBt1GRLiDzdqrM8po/vCebEme4QPhRKxb69KMCVL1Lljpu/3+9,7.231674994949107,23.55634905310142,9.848957514481937
1581300,bA2tJJsSFg7ZCsjBt1GRLiDzdqrM8po/vCebEme4QPhRKxb69KMCVL1Lljpu/3+9,7.4374406064496625,36.87199176693073,11.509662880212987
1581600,bA2tJJsSFg7ZCsjBt1GRLiDzdqrM8po/vCebEme4QPhRKxb69KMCVL1Lljpu/3+9,7.1177675526838105,36.698118947310526,12.505241213104611
1581900,bA2tJJsSFg7ZCsjBt1GRLiDzdqrM8po/vCebEme4QPhRKxb69KMCVL1Lljpu/3+9,7.2052008906831135,61.21691141674604,22.923712175082137
1582200,bA2tJJsSFg7ZCsjBt1GRLiDzdqrM8po/vCebEme4QPhRKxb69KMCVL1Lljpu/3+9,7.30416565047739,22.78870176511648,10.566236708921876
1582500,bA2tJJsSFg7ZCsjBt1GRLiDzdqrM8po/vCebEme4QPhRKxb69KMCVL1Lljpu/3+9,7.375629669576028,56.593012530029085,14.67636936740608
1582800,bA2tJJsSFg7ZCsjBt1GRLiDzdqrM8po/vCebEme4QPhRKxb69KMCVL1Lljpu/3+9,7.2905458221149795,37.44440471290914,12.70474749528991
1583100,bA2tJJsSFg7ZCsjBt1GRLiDzdqrM8po/vCebEme4QPhRKxb69KMCVL1Lljpu/3+9,7.0051823198377035,64.76357452122565,17.06594901696654
1583400,bA2tJJsSFg7ZCsjBt1GRLiDzdqrM8po/vCebEme4QPhRKxb69KMCVL1Lljpu/3+9,7.029723290039257,23.496902243090812,9.698276680569128
1583700,bA2tJJsSFg7ZCsjBt1GRLiDzdqrM8po/vCebEme4QPhRKxb69KMCVL1Lljpu/3+9,6.903692082649437,58.10131342644336,15.644822370497764
1584000,bA2tJJsSFg7ZCsjBt1GRLiDzdqrM8po/vCebEme4QPhRKxb69KMCVL1Lljpu/3+9,7.14768665636446,27.241317385830037,12.446897068907449
1584300,bA2tJJsSFg7ZCsjBt1GRLiDzdqrM8po/vCebEme4QPhRKxb69KMCVL1Lljpu/3+9,7.587556993374699,65.31759602098636,20.383087749027567
1584600,bA2tJJsSFg7ZCsjBt1GRLiDzdqrM8po/vCebEme4QPhRKxb69KMCVL1Lljpu/3+9,7.1954850745299455,26.35246531758859,9.827156356275514
1584900,bA2tJJsSFg7ZCsjBt1GRLiDzdqrM8po/vCebEme4QPhRKxb69KMCVL1Lljpu/3+9,6.958194287062689,36.97158814896134,11.273666398920597
1585200,bA2tJJsSFg7ZCsjBt1GRLiDzdqrM8po/vCebEme4QPhRKxb69KMCVL1Lljpu/3+9,7.100214856513043,35.98949803934572,12.341764197676865
1585500,bA2tJJsSFg7ZCsjBt1GRLiDzdqrM8po/vCebEme4QPhRKxb69KMCVL1Lljpu/3+9,7.230363995647711,67.2687489245105,21.459485727864152
1585800,bA2tJJsSFg7ZCsjBt1GRLiDzdqrM8po/vCebEme4QPhRKxb69KMCVL1Lljpu/3+9,6.797138904034189,26.995264727269724,10.57069779929926
1586100,bA2tJJsSFg7ZCsjBt1GRLiDzdqrM8po/vCebEme4QPhRKxb69KMCVL1Lljpu/3+9,7.550907762926647,51.56801263052672,15.321007681240951
1586400,bA2tJJsSFg7ZCsjBt1GRLiDzdqrM8po/vCebEme4QPhRKxb69KMCVL1Lljpu/3+9,7.2896601350100925,31.550417213415724,12.72874657610669
1586700,bA2tJJsSFg7ZCsjBt1GRLiDzdqrM8po/vCebEme4QPhRKxb69KMCVL1Lljpu/3+9,6.83923457753865,67.37338136084261,17.15958654977799
1587000,bA2tJJsSFg7ZCsjBt1GRLiDzdqrM8po/vCebEme4QPhRKxb69KMCVL1Lljpu/3+9,7.142376797462298,24.854865825412535,9.78913738104822
1587300,bA2tJJsSFg7ZCsjBt1GRLiDzdqrM8po/vCebEme4QPhRKxb69KMCVL1Lljpu/3+9,7.27909729878273,55.10871401070685,15.701941551099328
1587600,bA2tJJsSFg7ZCsjBt1GRLiDzdqrM8po/vCebEme4QPhRKxb69KMCVL1Lljpu/3+9,7.319987984963645,32.96429336141294,12.489691543549656
1587900,bA2tJJsSFg7ZCsjBt1GRLiDzdqrM8po/vCebEme4QPhRKxb69KMCVL1Lljpu/3+9,7.4740606186036675,66.34668514114344,20.413802002773068
1588200,Dg/Eipen+htfY91WaoYpRA20XrBDDeUyUYjCeyJx/1T9Y0ge0MFQGch+aP/WiKIY,1.1367593407008945,1.8411409732243147,1.3824879172203963
1588500,Dg/Eipen+htfY91WaoYpRA20XrBDDeUyUYjCeyJx/1T9Y0ge0MFQGch+aP/WiKIY,1.0642926775855612,2.4375040885744044,1.432961363782166
1588800,Dg/Eipen+htfY91WaoYpRA20XrBDDeUyUYjCeyJx/1T9Y0ge0MFQGch+aP/WiKIY,0.8546766233046501,4.212652404506836,1.475586624825592
1589100,Dg/Eipen+htfY91WaoYpRA20XrBDDeUyUYjCeyJx/1T9Y0ge0MFQGch+aP/WiKIY,1.1324395993370897,2.596591179478886,1.4869089152747292
1589400,Dg/Eipen+htfY91WaoYpRA20XrBDDeUyUYjCeyJx/1T9Y0ge0MFQGch+aP/WiKIY,1.0848184587163974,1.7842129851096804,1.3620482277864494
1589700,Dg/Eipen+htfY91WaoYpRA20XrBDDeUyUYjCeyJx/1T9Y0ge0MFQGch+aP/WiKIY,1.036918868886065,2.9668205517373285,1.5582302466752522
1590000,Dg/Eipen+htfY91WaoYpRA20XrBDDeUyUYjCeyJx/1T9Y0ge0MFQGch+aP/WiKIY,1.1466071977817127,4.652907079036646,1.82690885217826
1590300,Dg/Eipen+htfY91WaoYpRA20XrBDDeUyUYjCeyJx/1T9Y0ge0MFQGch+aP/WiKIY,1.122076191785358,36.87608772049192,8.783839340623123
1590600,Dg/Eipen+htfY91WaoYpRA20XrBDDeUyUYjCeyJx/1T9Y0ge0MFQGch+aP/WiKIY,1.124802494641164,2.607106830469472,1.4922671490793389
1590900,Dg/Eipen+htfY91WaoYpRA20XrBDDeUyUYjCeyJx/1T9Y0ge0MFQGch+aP/WiKIY,1.1483091411414426,2.480622580875453,1.5611907459991292
1591200,Dg/Eipen+htfY91WaoYpRA20XrBDDeUyUYjCeyJx/1T9Y0ge0MFQGch+aP/WiKIY,1.0614747291128148,1.7467192443346742,1.344647976175516
1591500,Dg/Eipen+htfY91WaoYpRA20XrBDDeUyUYjCeyJx/1T9Y0ge0MFQGch+aP/WiKIY,0.9954045488628616,7.737286081949891,2.566475678098
1591800,Dg/Eipen+htfY91WaoYpRA20XrBDDeUyUYjCeyJx/1T9Y0ge0MFQGch+aP/WiKIY,1.0129037240020138,2.9219446416500428,1.5462872179024665
1592100,Dg/Eipen+htfY91WaoYpRA20XrBDDeUyUYjCeyJx/1T9Y0ge0MFQGch+aP/WiKIY,1.0737842379956013,2.565586402614588,1.552122965770715
1592400,Dg/Eipen+htfY91WaoYpRA20XrBDDeUyUYjCeyJx/1T9Y0ge0MFQGch+aP/WiKIY,1.0767184960868668,2.847316151364299,1.5781109629422778
1592700,Dg/Eipen+htfY91WaoYpRA20XrBDDeUyUYjCeyJx/1T9Y0ge0MFQGch+aP/WiKIY,1.104846796709466,7.257821228375231,2.2048819854138104
1593000,Dg/Eipen+htfY91WaoYpRA20XrBDDeUyUYjCeyJx/1T9Y0ge0MFQGch+aP/WiKIY,1.141810196307076,1.696413631344811,1.3110955236254649
1593300,Dg/Eipen+htfY91WaoYpRA20XrBDDeUyUYjCeyJx/1T9Y0ge0MFQGch+aP/WiKIY,1.110765176867954,2.96808235343114,1.447710860370111
1593600,Dg/Eipen+htfY91WaoYpRA20XrBDDeUyUYjCeyJx/1T9Y0ge0MFQGch+aP/WiKIY,0.9584584000909728,1.675375966313719,1.4095907758024753
1593900,Dg/Eipen+htfY91WaoYpRA20XrBDDeUyUYjCeyJx/1T9Y0ge0MFQGch+aP/WiKIY,1.0654426544090403,2.9599847096809424,1.4216305875028792
1594200,Dg/Eipen+htfY91WaoYpRA20XrBDDeUyUYjCeyJx/1T9Y0ge0MFQGch+aP/WiKIY,0.986897680061043,1.6264544030731427,1.3328851953928704
1594500,Dg/Eipen+htfY91WaoYpRA20XrBDDeUyUYjCeyJx/1T9Y0ge0MFQGch+aP/WiKIY,1.1383302916680973,2.5965156258895847,1.5059620090089976
1594800,Dg/Eipen+htfY91WaoYpRA20XrBDDeUyUYjCeyJx/1T9Y0ge0MFQGch+aP/WiKIY,0.9561187886447228,1.5090161241154847,1.3288563665870976
1595100,Dg/Eipen+htfY91WaoYpRA20XrBDDeUyUYjCeyJx/1T9Y0ge0MFQGch+aP/WiKIY,1.0368658438462155,6.07149512323711,2.4550398173246344
1595400,Dg/Eipen+htfY91WaoYpRA20XrBDDeUyUYjCeyJx/1T9Y0ge0MFQGch+aP/WiKIY,1.031934930225055,1.683934614696494,1.3697866330949493
1595700,Dg/Eipen+htfY91WaoYpRA20XrBDDeUyUYjCeyJx/1T9Y0ge0MFQGch+aP/WiKIY,1.043588536410962,2.463973443908544,1.4326711200398945
1596000,Dg/Eipen+htfY91WaoYpRA20XrBDDeUyUYjCeyJx/1T9Y0ge0MFQGch+aP/WiKIY,1.0941780891654216,3.5538637263050505,1.4987868049210495
1596300,Dg/Eipen+htfY91WaoYpRA20XrBDDeUyUYjCeyJx/1T9Y0ge0MFQGch+aP/WiKIY,1.02551744311238,2.7187310493260264,1.5050633373406967
1596600,Dg/Eipen+htfY91WaoYpRA20XrBDDeUyUYjCeyJx/1T9Y0ge0MFQGch+aP/WiKIY,0.9364662083562588,1.5967985526820236,1.330136237224241
1596900,Dg/Eipen+htfY91WaoYpRA20XrBDDeUyUYjCeyJx/1T9Y0ge0MFQGch+aP/WiKIY,1.0477258823841726,2.815371826928136,1.4589789417483443
1597200,Dg/Eipen+htfY91WaoYpRA20XrBDDeUyUYjCeyJx/1T9Y0ge0MFQGch+aP/WiKIY,1.076159781807426,1.724410536368397,1.383207910534448
1597500,Dg/Eipen+htfY91WaoYpRA20XrBDDeUyUYjCeyJx/1T9Y0ge0MFQGch+aP/WiKIY,1.011876495326312,2.9278217886980245,1.4121674868611922
1597800,Dg/Eipen+htfY91WaoYpRA20XrBDDeUyUYjCeyJx/1T9Y0ge0MFQGch+aP/WiKIY,1.03980066316697,1.680535508744481,1.353774432892527
1598100,Dg/Eipen+htfY91WaoYpRA20XrBDDeUyUYjCeyJx/1T9Y0ge0MFQGch+aP/WiKIY,1.1553223111368534,2.2937761349665573,1.5051112838662446
1598400,Dg/Eipen+htfY91WaoYpRA20XrBDDeUyUYjCeyJx/1T9Y0ge0MFQGch+aP/WiKIY,1.091705610038112,7.85492603136287,2.965552245048231
1598700,Dg/Eipen+htfY91WaoYpRA20XrBDDeUyUYjCeyJx/1T9Y0ge0MFQGch+aP/WiKIY,0.9790233271145496,6.6389241604564795,2.690290732812991
1599000,Dg/Eipen+htfY91WaoYpRA20XrBDDeUyUYjCeyJx/1T9Y0ge0MFQGch+aP/WiKIY,1.0806362338900497,5.474984433453994,2.4280426274457847
1599300,Dg/Eipen+htfY91WaoYpRA20XrBDDeUyUYjCeyJx/1T9Y0ge0MFQGch+aP/WiKIY,1.000268263517741,2.7584286453443587,1.4405343515613114
1599600,Dg/Eipen+htfY91WaoYpRA20XrBDDeUyUYjCeyJx/1T9Y0ge0MFQGch+aP/WiKIY,1.038218076278255,3.225303310974259,1.4979335113040593
1599900,Dg/Eipen+htfY91WaoYpRA20XrBDDeUyUYjCeyJx/1T9Y0ge0MFQGch+aP/WiKIY,1.0776602237282478,2.7878562856693248,1.4999854131520751
1600200,Dg/Eipen+htfY91WaoYpRA20XrBDDeUyUYjCeyJx/1T9Y0ge0MFQGch+aP/WiKIY,1.1051675377687975,1.5985354165880876,1.3250867799571522
1600500,Dg/Eipen+htfY91WaoYpRA20XrBDDeUyUYjCeyJx/1T9Y0ge0MFQGch+aP/WiKIY,1.0521330947331469,2.727510482541045,1.4364517264244114
1600800,Dg/Eipen+htfY91WaoYpRA20XrBDDeUyUYjCeyJx/1T9Y0ge0MFQGch+aP/WiKIY,1.1176169257304571,1.6620003398966288,1.3912602333318858
1601100,Dg/Eipen+htfY91WaoYpRA20XrBDDeUyUYjCeyJx/1T9Y0ge0MFQGch+aP/WiKIY,0.9728097627102626,2.6404330727778413,1.402381152119845
1601400,Dg/Eipen+htfY91WaoYpRA20XrBDDeUyUYjCeyJx/1T9Y0ge0MFQGch+aP/WiKIY,1.0020324863281267,6.21814551358229,1.5505118117441723
1601700,Dg/Eipen+htfY91WaoYpRA20XrBDDeUyUYjCeyJx/1T9Y0ge0MFQGch+aP/WiKIY,1.128821443214831,3.137121825161317,1.548348587905974
1602000,Dg/Eipen+htfY91WaoYpRA20XrBDDeUyUYjCeyJx/1T9Y0ge0MFQGch+aP/WiKIY,0.9999233364439744,1.856605106509012,1.3352161352580092
1602300,Dg/Eipen+htfY91WaoYpRA20XrBDDeUyUYjCeyJx/1T9Y0ge0MFQGch+aP/WiKIY,1.0664513862156,2.731567068992035,1.4176791172655727
1602600,Dg/Eipen+htfY91WaoYpRA20XrBDDeUyUYjCeyJx/1T9Y0ge0MFQGch+aP/WiKIY,1.1642844682539977,6.050017031786702,3.5364975106748995
1602900,Dg/Eipen+htfY91WaoYpRA20XrBDDeUyUYjCeyJx/1T9Y0ge0MFQGch+aP/WiKIY,1.0634568628749754,2.846278474630544,1.4491864528730771
1603200,Dg/Eipen+htfY91WaoYpRA20XrBDDeUyUYjCeyJx/1T9Y0ge0MFQGch+aP/WiKIY,1.1133893234141012,3.56069002239366,1.505216324139488
1603500,Dg/Eipen+htfY91WaoYpRA20XrBDDeUyUYjCeyJx/1T9Y0ge0MFQGch+aP/WiKIY,1.0871944410556815,2.3260655215335366,1.5072128330311705
1603800,Dg/Eipen+htfY91WaoYpRA20XrBDDeUyUYjCeyJx/1T9Y0ge0MFQGch+aP/WiKIY,1.059946682705439,1.8277347339208427,1.319998224142234
1604100,Dg/Eipen+htfY91WaoYpRA20XrBDDeUyUYjCeyJx/1T9Y0ge0MFQGch+aP/WiKIY,1.0580866897850962,2.5145933367455964,1.4282655055807447
1604400,Dg/Eipen+htfY91WaoYpRA20XrBDDeUyUYjCeyJx/1T9Y0ge0MFQGch+aP/WiKIY,1.1427155779952978,1.7882192011572835,1.4126243579903397
1604700,Dg/Eipen+htfY91WaoYpRA20XrBDDeUyUYjCeyJx/1T9Y0ge0MFQGch+aP/WiKIY,1.0032058548877285,3.0257858909604054,1.421874929290418
1605000,Dg/Eipen+htfY91WaoYpRA20XrBDDeUyUYjCeyJx/1T9Y0ge0MFQGch+aP/WiKIY,0.9959544141600248,1.8948258834122624,1.354959000257705
1605300,Dg/Eipen+htfY91WaoYpRA20XrBDDeUyUYjCeyJx/1T9Y0ge0MFQGch+aP/WiKIY,1.0047125037329243,3.0912410702085733,1.527519660049406
1605600,Dg/Eipen+htfY91WaoYpRA20XrBDDeUyUYjCeyJx/1T9Y0ge0MFQGch+aP/WiKIY,1.0029714282985955,1.7248485647303275,1.307995663082686
1605900,Dg/Eipen+htfY91WaoYpRA20XrBDDeUyUYjCeyJx/1T9Y0ge0MFQGch+aP/WiKIY,1.1360882970664927,2.56616534616903,1.4397861860924743
1606200,Dg/Eipen+htfY91WaoYpRA20XrBDDeUyUYjCeyJx/1T9Y0ge0MFQGch+aP/WiKIY,1.0596857620828777,4.6285641446431915,1.655189544406671
1606500,Dg/Eipen+htfY91WaoYpRA20XrBDDeUyUYjCeyJx/1T9Y0ge0MFQGch+aP/WiKIY,1.0823301749876373,5.784616686357745,2.1531813004076055
1606800,Dg/Eipen+htfY91WaoYpRA20XrBDDeUyUYjCeyJx/1T9Y0ge0MFQGch+aP/WiKIY,0.9752707834851349,3.131732956673829,1.513013391452588
1607100,Dg/Eipen+htfY91WaoYpRA20XrBDDeUyUYjCeyJx/1T9Y0ge0MFQGch+aP/WiKIY,1.1432018954626029,2.719257722810471,1.5150022234997669
1607400,Dg/Eipen+htfY91WaoYpRA20XrBDDeUyUYjCeyJx/1T9Y0ge0MFQGch+aP/WiKIY,1.040590649543396,1.654093700210522,1.3036794328431855
1607700,Dg/Eipen+htfY91WaoYpRA20XrBDDeUyUYjCeyJx/1T9Y0ge0MFQGch+aP/WiKIY,1.0675338667272236,2.6946489733551577,1.427427931255218
1608000,Dg/Eipen+htfY91WaoYpRA20XrBDDeUyUYjCeyJx/1T9Y0ge0MFQGch+aP/WiKIY,1.116771644133089,1.6840490455867871,1.3855976021591037
1608300,Dg/Eipen+htfY91WaoYpRA20XrBDDeUyUYjCeyJx/1T9Y0ge0MFQGch+aP/WiKIY,1.069264456508526,2.7074432378528748,1.4328114602108566
1608600,Dg/Eipen+htfY91WaoYpRA20XrBDDeUyUYjCeyJx/1T9Y0ge0MFQGch+aP/WiKIY,0.7943303952191125,1.8107486559016053,1.2943405460454387
1608900,Dg/Eipen+htfY91WaoYpRA20XrBDDeUyUYjCeyJx/1T9Y0ge0MFQGch+aP/WiKIY,0.9576844701731428,2.694072158952898,1.474348340635194
1609200,Dg/Eipen+htfY91WaoYpRA20XrBDDeUyUYjCeyJx/1T9Y0ge0MFQGch+aP/WiKIY,1.1707694752674216,1.8123262027347888,1.3252003718310674
1609500,Dg/Eipen+htfY91WaoYpRA20XrBDDeUyUYjCeyJx/1T9Y0ge0MFQGch+aP/WiKIY,1.030386530436028,2.5558301860499264,1.43507676493166
1609800,Dg/Eipen+htfY91WaoYpRA20XrBDDeUyUYjCeyJx/1T9Y0ge0MFQGch+aP/WiKIY,1.0128163837872193,1.8388436638359489,1.367443986025034
1610100,Dg/Eipen+htfY91WaoYpRA20XrBDDeUyUYjCeyJx/1T9Y0ge0MFQGch+aP/WiKIY,0.9215935755596488,6.537541674161719,2.409852498110322
1610400,Dg/Eipen+htfY91WaoYpRA20XrBDDeUyUYjCeyJx/1T9Y0ge0MFQGch+aP/WiKIY,1.0885551143454293,2.864165224704492,1.507495330831696
1610700,Dg/Eipen+htfY91WaoYpRA20XrBDDeUyUYjCeyJx/1T9Y0ge0MFQGch+aP/WiKIY,1.03519571560414,2.776712500093724,1.4958838602101527
1611000,Dg/Eipen+htfY91WaoYpRA20XrBDDeUyUYjCeyJx/1T9Y0ge0MFQGch+aP/WiKIY,0.9879087492067666,1.7441548826925948,1.3068827536008387
1611300,Dg/Eipen+htfY91WaoYpRA20XrBDDeUyUYjCeyJx/1T9Y0ge0MFQGch+aP/WiKIY,0.9937077988757717,2.8120989777630707,1.439131405502478
1611600,Dg/Eipen+htfY91WaoYpRA20XrBDDeUyUYjCeyJx/1T9Y0ge0MFQGch+aP/WiKIY,1.1463448087431694,1.832570512717829,1.401899498425102
1611900,Dg/Eipen+htfY91WaoYpRA20XrBDDeUyUYjCeyJx/1T9Y0ge0MFQGch+aP/WiKIY,1.0650224189853406,3.029186942480578,1.4496976897614882
1612200,Dg/Eipen+htfY91WaoYpRA20XrBDDeUyUYjCeyJx/1T9Y0ge0MFQGch+aP/WiKIY,1.080298413801872,1.8095378637045008,1.3546340302765014
1612500,Dg/Eipen+htfY91WaoYpRA20XrBDDeUyUYjCeyJx/1T9Y0ge0MFQGch+aP/WiKIY,1.0699033631984984,3.035937966601144,1.528761878451552
1612800,Dg/Eipen+htfY91WaoYpRA20XrBDDeUyUYjCeyJx/1T9Y0ge0MFQGch+aP/WiKIY,1.0520951710075108,1.9072172374741216,1.3435956333298165
1613100,Dg/Eipen+htfY91WaoYpRA20XrBDDeUyUYjCeyJx/1T9Y0ge0MFQGch+aP/WiKIY,0.989660086832359,2.6871276435085503,1.3950983875759202
1613400,Dg/Eipen+htfY91WaoYpRA20XrBDDeUyUYjCeyJx/1T9Y0ge0MFQGch+aP/WiKIY,1.073990634963038,1.719125461911894,1.3731111292479237
1613700,Dg/Eipen+htfY91WaoYpRA20XrBDDeUyUYjCeyJx/1T9Y0ge0MFQGch+aP/WiKIY,0.9531159414944604,6.339014159893149,2.5873689212207687
1614000,Dg/Eipen+htfY91WaoYpRA20XrBDDeUyUYjCeyJx/1T9Y0ge0MFQGch+aP/WiKIY,1.0826354950924826,3.9043431616636073,1.5216522825664092
1614300,Dg/Eipen+htfY91WaoYpRA20XrBDDeUyUYjCeyJx/1T9Y0ge0MFQGch+aP/WiKIY,0.9787355781776877,2.796378569351332,1.4996978893683242
1614600,Dg/Eipen+htfY91WaoYpRA20XrBDDeUyUYjCeyJx/1T9Y0ge0MFQGch+aP/WiKIY,1.1367329219529414,1.8070265797190117,1.3111826413001717
1614900,Dg/Eipen+htfY91WaoYpRA20XrBDDeUyUYjCeyJx/1T9Y0ge0MFQGch+aP/WiKIY,1.014798146152428,2.6638309238596376,1.4197846806366383
1615200,Dg/Eipen+htfY91WaoYpRA20XrBDDeUyUYjCeyJx/1T9Y0ge0MFQGch+aP/WiKIY,1.1248666656853068,1.8663589843142097,1.3804476311917089
1615500,Dg/Eipen+htfY91WaoYpRA20XrBDDeUyUYjCeyJx/1T9Y0ge0MFQGch+aP/WiKIY,1.0664649815847906,3.1653050098352917,1.421266838374526
1615800,Dg/Eipen+htfY91WaoYpRA20XrBDDeUyUYjCeyJx/1T9Y0ge0MFQGch+aP/WiKIY,1.0484268504573464,6.736464816782186,1.8266028820224864
1616100,Dg/Eipen+htfY91WaoYpRA20XrBDDeUyUYjCeyJx/1T9Y0ge0MFQGch+aP/WiKIY,1.0580816071179835,3.437860256235195,1.4781882528804895
1616400,Dg/Eipen+htfY91WaoYpRA20XrBDDeUyUYjCeyJx/1T9Y0ge0MFQGch+aP/WiKIY,0.9718332164376716,1.7238773418188775,1.3359582780781645
1616700,Dg/Eipen+htfY91WaoYpRA20XrBDDeUyUYjCeyJx/1T9Y0ge0MFQGch+aP/WiKIY,0.9760995886935652,2.137192389150235,1.3961395310895666
1617000,Dg/Eipen+htfY91WaoYpRA20XrBDDeUyUYjCeyJx/1T9Y0ge0MFQGch+aP/WiKIY,1.1059377613267547,1.8196737696455605,1.373598112781387
1617300,Dg/Eipen+htfY91WaoYpRA20XrBDDeUyUYjCeyJx/1T9Y0ge0MFQGch+aP/WiKIY,1.1469400884650554,15.012501967666529,3.800975913628645
1617600,Dg/Eipen+htfY91WaoYpRA20XrBDDeUyUYjCeyJx/1T9Y0ge0MFQGch+aP/WiKIY,1.0816386267753393,2.3320361785742545,1.5088228515393731
1617900,Dg/Eipen+htfY91WaoYpRA20XrBDDeUyUYjCeyJx/1T9Y0ge0MFQGch+aP/WiKIY,1.070304577973328,2.534899906070786,1.5046640243565088
1618200,Dg/Eipen+htfY91WaoYpRA20XrBDDeUyUYjCeyJx/1T9Y0ge0MFQGch+aP/WiKIY,1.1724092018407684,1.740393996409073,1.3443858849995876
1618500,Dg/Eipen+htfY91WaoYpRA20XrBDDeUyUYjCeyJx/1T9Y0ge0MFQGch+aP/WiKIY,1.030235991437852,2.557936796584273,1.432779779692823
1618800,Dg/Eipen+htfY91WaoYpRA20XrBDDeUyUYjCeyJx/1T9Y0ge0MFQGch+aP/WiKIY,0.9746997561571816,1.8215535441869477,1.3762802606014488
1619100,Dg/Eipen+htfY91WaoYpRA20XrBDDeUyUYjCeyJx/1T9Y0ge0MFQGch+aP/WiKIY,0.9854078223250936,37.141687940906415,6.117910802564176
1619400,Dg/Eipen+htfY91WaoYpRA20XrBDDeUyUYjCeyJx/1T9Y0ge0MFQGch+aP/WiKIY,0.9837635700438818,2.54134494305524,1.449768058968966
1619700,Dg/Eipen+htfY91WaoYpRA20XrBDDeUyUYjCeyJx/1T9Y0ge0MFQGch+aP/WiKIY,1.103278596530635,2.917920325254323,1.5188701677900367
1620000,Dg/Eipen+htfY91WaoYpRA20XrBDDeUyUYjCeyJx/1T9Y0ge0MFQGch+aP/WiKIY,1.0295322134421383,1.7793441359278714,1.3315615158282996
1620300,Dg/Eipen+htfY91WaoYpRA20XrBDDeUyUYjCeyJx/1T9Y0ge0MFQGch+aP/WiKIY,1.077257918801816,2.530616969975737,1.4455247385185914
1620600,Dg/Eipen+htfY91WaoYpRA20XrBDDeUyUYjCeyJx/1T9Y0ge0MFQGch+aP/WiKIY,1.0083640495597628,1.8346672945242049,1.415496477065502
1620900,Dg/Eipen+htfY91WaoYpRA20XrBDDeUyUYjCeyJx/1T9Y0ge0MFQGch+aP/WiKIY,1.0409728625864425,3.0305327569522453,1.5897542853369642
1621200,Dg/Eipen+htfY91WaoYpRA20XrBDDeUyUYjCeyJx/1T9Y0ge0MFQGch+aP/WiKIY,0.9890863511777755,6.416363106451772,2.4419627504034023
1621500,Dg/Eipen+htfY91WaoYpRA20XrBDDeUyUYjCeyJx/1T9Y0ge0MFQGch+aP/WiKIY,0.9817874726758544,3.0684600147078016,1.5722876084439827
1621800,Dg/Eipen+htfY91WaoYpRA20XrBDDeUyUYjCeyJx/1T9Y0ge0MFQGch+aP/WiKIY,1.058135576674747,1.9678737737010772,1.3465517657630883
1622100,Dg/Eipen+htfY91WaoYpRA20XrBDDeUyUYjCeyJx/1T9Y0ge0MFQGch+aP/WiKIY,1.0861055477884447,2.6135277105807515,1.4129818908419045
1622400,Dg/Eipen+htfY91WaoYpRA20XrBDDeUyUYjCeyJx/1T9Y0ge0MFQGch+aP/WiKIY,0.9891720638131802,1.6477941563858545,1.3821415701613748
1622700,Dg/Eipen+htfY91WaoYpRA20XrBDDeUyUYjCeyJx/1T9Y0ge0MFQGch+aP/WiKIY,1.0042254085313056,2.4357908057454587,1.418005748603274
1623000,Dg/Eipen+htfY91WaoYpRA20XrBDDeUyUYjCeyJx/1T9Y0ge0MFQGch+aP/WiKIY,1.0986687181603665,1.862351438298978,1.328228015971842
1623300,Dg/Eipen+htfY91WaoYpRA20XrBDDeUyUYjCeyJx/1T9Y0ge0MFQGch+aP/WiKIY,0.920882290575937,2.809763518297225,1.4572010607152712
1623600,Dg/Eipen+htfY91WaoYpRA20XrBDDeUyUYjCeyJx/1T9Y0ge0MFQGch+aP/WiKIY,1.0428633395998457,1.85835229112101,1.331886149584353
1623900,Dg/Eipen+htfY91WaoYpRA20XrBDDeUyUYjCeyJx/1T9Y0ge0MFQGch+aP/WiKIY,1.0700427595545827,3.0491033527626454,1.4186403204401348
1624200,Dg/Eipen+htfY91WaoYpRA20XrBDDeUyUYjCeyJx/1T9Y0ge0MFQGch+aP/WiKIY,1.074166580190263,1.813564839526196,1.3915495012332142
1624500,Dg/Eipen+htfY91WaoYpRA20XrBDDeUyUYjCeyJx/1T9Y0ge0MFQGch+aP/WiKIY,1.0483230582134233,2.5851577518479285,1.3962412190564502
1624800,Dg/Eipen+htfY91WaoYpRA20XrBDDeUyUYjCeyJx/1T9Y0ge0MFQGch+aP/WiKIY,1.0298964812357967,5.610521485555585,2.5262881471091405
1625100,Dg/Eipen+htfY91WaoYpRA20XrBDDeUyUYjCeyJx/1T9Y0ge0MFQGch+aP/WiKIY,1.0689844285933647,2.92382826371638,1.4932003823316011
1625400,Dg/Eipen+htfY91WaoYpRA20XrBDDeUyUYjCeyJx/1T9Y0ge0MFQGch+aP/WiKIY,1.0977547277705684,1.8085136501554728,1.3349729430604589
1625700,Dg/Eipen+htfY91WaoYpRA20XrBDDeUyUYjCeyJx/1T9Y0ge0MFQGch+aP/WiKIY,1.0425800738668498,2.8821807310968968,1.404129428541624
1626000,Dg/Eipen+htfY91WaoYpRA20XrBDDeUyUYjCeyJx/1T9Y0ge0MFQGch+aP/WiKIY,1.0207429740036134,1.8186516333324283,1.3663513285156206
1626300,Dg/Eipen+htfY91WaoYpRA20XrBDDeUyUYjCeyJx/1T9Y0ge0MFQGch+aP/WiKIY,0.98268406153393,2.944851276615675,1.4183908544767634
1626600,Dg/Eipen+htfY91WaoYpRA20XrBDDeUyUYjCeyJx/1T9Y0ge0MFQGch+aP/WiKIY,1.0569214561182882,1.6977839273561637,1.3418933976476806
1626900,Dg/Eipen+htfY91WaoYpRA20XrBDDeUyUYjCeyJx/1T9Y0ge0MFQGch+aP/WiKIY,1.073717612818656,2.7865217386233554,1.4884575152418813
1627200,Dg/Eipen+htfY91WaoYpRA20XrBDDeUyUYjCeyJx/1T9Y0ge0MFQGch+aP/WiKIY,1.0917870862734362,1.7778695752175175,1.3338950888979673
1627500,Dg/Eipen+htfY91WaoYpRA20XrBDDeUyUYjCeyJx/1T9Y0ge0MFQGch+aP/WiKIY,1.1894673258536197,7.990641774439342,4.04144667050608
1627800,Dg/Eipen+htfY91WaoYpRA20XrBDDeUyUYjCeyJx/1T9Y0ge0MFQGch+aP/WiKIY,1.097038564035144,1.9983898732896253,1.4767404143951224
1628100,Dg/Eipen+htfY91WaoYpRA20XrBDDeUyUYjCeyJx/1T9Y0ge0MFQGch+aP/WiKIY,0.9992508521320708,2.9607457251480143,1.4358203240907454
1628400,Dg/Eipen+htfY91WaoYpRA20XrBDDeUyUYjCeyJx/1T9Y0ge0MFQGch+aP/WiKIY,1.0514750341820605,5.745056643889044,2.5480845458311063
1628700,Dg/Eipen+htfY91WaoYpRA20XrBDDeUyUYjCeyJx/1T9Y0ge0MFQGch+aP/WiKIY,1.0434337742295996,2.9730447533867173,1.507132593437332
1629000,Dg/Eipen+htfY91WaoYpRA20XrBDDeUyUYjCeyJx/1T9Y0ge0MFQGch+aP/WiKIY,1.102890583430376,1.5797226933052853,1.3285135854492824
1629300,Dg/Eipen+htfY91WaoYpRA20XrBDDeUyUYjCeyJx/1T9Y0ge0MFQGch+aP/WiKIY,0.9204179336756706,1.8291553693314155,1.3341720410490128
1629600,Dg/Eipen+htfY91WaoYpRA20XrBDDeUyUYjCeyJx/1T9Y0ge0MFQGch+aP/WiKIY,1.1127925595003858,2.6927789687631822,1.4771975675597042
1629900,Dg/Eipen+htfY91WaoYpRA20XrBDDeUyUYjCeyJx/1T9Y0ge0MFQGch+aP/WiKIY,1.0003767155983272,1.5842927762385215,1.3066144907170565
1630200,Dg/Eipen+htfY91WaoYpRA20XrBDDeUyUYjCeyJx/1T9Y0ge0MFQGch+aP/WiKIY,0.9954438200118912,2.6620460603090983,1.440791731720206
1630500,Dg/Eipen+htfY91WaoYpRA20XrBDDeUyUYjCeyJx/1T9Y0ge0MFQGch+aP/WiKIY,1.0858236933842949,1.872966558598472,1.4002476691049106
1630800,Dg/Eipen+htfY91WaoYpRA20XrBDDeUyUYjCeyJx/1T9Y0ge0MFQGch+aP/WiKIY,0.9221609324045412,2.482310144596148,1.441580158493481
1631100,Dg/Eipen+htfY91WaoYpRA20XrBDDeUyUYjCeyJx/1T9Y0ge0MFQGch+aP/WiKIY,0.935470088299215,1.7696288382333134,1.3050262376511292
1631400,Dg/Eipen+htfY91WaoYpRA20XrBDDeUyUYjCeyJx/1T9Y0ge0MFQGch+aP/WiKIY,1.0663346256884885,2.715759387643593,1.4996326120637355
1631700,Dg/Eipen+htfY91WaoYpRA20XrBDDeUyUYjCeyJx/1T9Y0ge0MFQGch+aP/WiKIY,1.0451844884840646,1.639668467805683,1.256816649367257
1632000,Dg/Eipen+htfY91WaoYpRA20XrBDDeUyUYjCeyJx/1T9Y0ge0MFQGch+aP/WiKIY,1.0323301321488576,5.852024912710335,2.4863389616248472
1632300,Dg/Eipen+htfY91WaoYpRA20XrBDDeUyUYjCeyJx/1T9Y0ge0MFQGch+aP/WiKIY,1.1150264884044223,5.337238705606979,2.6270708692366704
1632600,Dg/Eipen+htfY91WaoYpRA20XrBDDeUyUYjCeyJx/1T9Y0ge0MFQGch+aP/WiKIY,1.020413501817793,2.692974023027928,1.4268760848339657
1632900,Dg/Eipen+htfY91WaoYpRA20XrBDDeUyUYjCeyJx/1T9Y0ge0MFQGch+aP/WiKIY,0.9932114319687668,3.252315724216696,1.5315837685948812
1633200,Dg/Eipen+htfY91WaoYpRA20XrBDDeUyUYjCeyJx/1T9Y0ge0MFQGch+aP/WiKIY,1.0459136922450625,2.82710962077058,1.5742558181251904
1633500,Dg/Eipen+htfY91WaoYpRA20XrBDDeUyUYjCeyJx/1T9Y0ge0MFQGch+aP/WiKIY,0.9488851473354776,1.8999748834250303,1.3180440119604335
1633800,Dg/Eipen+htfY91WaoYpRA20XrBDDeUyUYjCeyJx/1T9Y0ge0MFQGch+aP/WiKIY,1.0499569231576684,2.887099341167665,1.4569121607057405
1634100,Dg/Eipen+htfY91WaoYpRA20XrBDDeUyUYjCeyJx/1T9Y0ge0MFQGch+aP/WiKIY,0.9780578254857892,1.8179518361144504,1.3924859404580452
1634400,Dg/Eipen+htfY91WaoYpRA20XrBDDeUyUYjCeyJx/1T9Y0ge0MFQGch+aP/WiKIY,1.0249450461935783,2.6045236104823775,1.4135152561174926
1634700,Dg/Eipen+htfY91WaoYpRA20XrBDDeUyUYjCeyJx/1T9Y0ge0MFQGch+aP/WiKIY,1.0935677582555536,1.7928802526817638,1.288837725670239
1635000,Dg/Eipen+htfY91WaoYpRA20XrBDDeUyUYjCeyJx/1T9Y0ge0MFQGch+aP/WiKIY,1.0635965783312031,2.982144659216241,1.4910984773817937
1635300,Dg/Eipen+htfY91WaoYpRA20XrBDDeUyUYjCeyJx/1T9Y0ge0MFQGch+aP/WiKIY,0.9919541495965808,1.785639803853647,1.3119356961684316
1635600,Dg/Eipen+htfY91WaoYpRA20XrBDDeUyUYjCeyJx/1T9Y0ge0MFQGch+aP/WiKIY,1.0617441073486056,4.05945041477671,1.6054035888817972
1635900,Dg/Eipen+htfY91WaoYpRA20XrBDDeUyUYjCeyJx/1T9Y0ge0MFQGch+aP/WiKIY,1.0933820311326583,6.03491577854635,2.4175084242841187
1636200,Dg/Eipen+htfY91WaoYpRA20XrBDDeUyUYjCeyJx/1T9Y0ge0MFQGch+aP/WiKIY,1.0610694447743616,2.5391911443043087,1.4499216534547177
1636500,Dg/Eipen+htfY91WaoYpRA20XrBDDeUyUYjCeyJx/1T9Y0ge0MFQGch+aP/WiKIY,1.085334358930814,1.896984164415388,1.34555261086553
1636800,Dg/Eipen+htfY91WaoYpRA20XrBDDeUyUYjCeyJx/1T9Y0ge0MFQGch+aP/WiKIY,1.1011603822938856,2.529345616868636,1.508467118938583
1637100,Dg/Eipen+htfY91WaoYpRA20XrBDDeUyUYjCeyJx/1T9Y0ge0MFQGch+aP/WiKIY,1.0540584662055297,1.737195598984256,1.3065193629394514
1637400,Dg/Eipen+htfY91WaoYpRA20XrBDDeUyUYjCeyJx/1T9Y0ge0MFQGch+aP/WiKIY,1.0898433132913907,2.635003280647804,1.432898800710797
1637700,Dg/Eipen+htfY91WaoYpRA20XrBDDeUyUYjCeyJx/1T9Y0ge0MFQGch+aP/WiKIY,1.1380880160576567,1.6551866399616113,1.33298596986181
1638000,Dg/Eipen+htfY91WaoYpRA20XrBDDeUyUYjCeyJx/1T9Y0ge0MFQGch+aP/WiKIY,1.053675105620415,2.7092009648007247,1.4151391148479813
1638300,Dg/Eipen+htfY91WaoYpRA20XrBDDeUyUYjCeyJx/1T9Y0ge0MFQGch+aP/WiKIY,0.9249385764220328,1.6470717746615318,1.273088297663796
1638600,Dg/Eipen+htfY91WaoYpRA20XrBDDeUyUYjCeyJx/1T9Y0ge0MFQGch+aP/WiKIY,1.1435007634122356,2.6557637975720096,1.4839844493226464
1638900,Dg/Eipen+htfY91WaoYpRA20XrBDDeUyUYjCeyJx/1T9Y0ge0MFQGch+aP/WiKIY,0.983297131986464,2.000298312418873,1.3309774603097473
1639200,Dg/Eipen+htfY91WaoYpRA20XrBDDeUyUYjCeyJx/1T9Y0ge0MFQGch+aP/WiKIY,1.0792888692268197,3.8937241408016767,1.6150510291869182
1639500,Dg/Eipen+htfY91WaoYpRA20XrBDDeUyUYjCeyJx/1T9Y0ge0MFQGch+aP/WiKIY,0.939214033199968,6.239117441633489,2.3573479415819625
1639800,Dg/Eipen+htfY91WaoYpRA20XrBDDeUyUYjCeyJx/1T9Y0ge0MFQGch+aP/WiKIY,1.124984195927114,2.535634385960801,1.4609315317823397
1640100,Dg/Eipen+htfY91WaoYpRA20XrBDDeUyUYjCeyJx/1T9Y0ge0MFQGch+aP/WiKIY,1.2069610563394173,1.97584690294056,1.339660972455913
1640400,Dg/Eipen+htfY91WaoYpRA20XrBDDeUyUYjCeyJx/1T9Y0ge0MFQGch+aP/WiKIY,1.122792753843045,2.891262866576968,1.4923821156161714
1640700,Dg/Eipen+htfY91WaoYpRA20XrBDDeUyUYjCeyJx/1T9Y0ge0MFQGch+aP/WiKIY,1.065047403670223,1.757059594535462,1.294831724825283
1641000,Dg/Eipen+htfY91WaoYpRA20XrBDDeUyUYjCeyJx/1T9Y0ge0MFQGch+aP/WiKIY,1.021177792179939,2.737137634036634,1.465096854952096
1641300,Dg/Eipen+htfY91WaoYpRA20XrBDDeUyUYjCeyJx/1T9Y0ge0MFQGch+aP/WiKIY,1.1215491611746942,1.7942504418382248,1.3695975649872596
1641600,Dg/Eipen+htfY91WaoYpRA20XrBDDeUyUYjCeyJx/1T9Y0ge0MFQGch+aP/WiKIY,1.0876616106282777,2.9068215681060825,1.452048465818648
1641900,Dg/Eipen+htfY91WaoYpRA20XrBDDeUyUYjCeyJx/1T9Y0ge0MFQGch+aP/WiKIY,0.9799355706308744,1.5836026804950365,1.2838344477267003
1642200,Dg/Eipen+htfY91WaoYpRA20XrBDDeUyUYjCeyJx/1T9Y0ge0MFQGch+aP/WiKIY,1.0982312052063048,2.441708107912669,1.4961037514280169
1642500,Dg/Eipen+htfY91WaoYpRA20XrBDDeUyUYjCeyJx/1T9Y0ge0MFQGch+aP/WiKIY,1.0488545501323157,1.7880906840490003,1.3227299110348936
1642800,Dg/Eipen+htfY91WaoYpRA20XrBDDeUyUYjCeyJx/1T9Y0ge0MFQGch+aP/WiKIY,1.1208655309608264,3.01421234656638,1.6387669406674743
1643100,Dg/Eipen+htfY91WaoYpRA20XrBDDeUyUYjCeyJx/1T9Y0ge0MFQGch+aP/WiKIY,1.0263087451835495,6.24681256088016,1.8380820023917972
1643400,Dg/Eipen+htfY91WaoYpRA20XrBDDeUyUYjCeyJx/1T9Y0ge0MFQGch+aP/WiKIY,1.0826130333827324,5.868374414596032,1.9368481226484224
1643700,Dg/Eipen+htfY91WaoYpRA20XrBDDeUyUYjCeyJx/1T9Y0ge0MFQGch+aP/WiKIY,1.112421695763405,2.076335192928848,1.332416577395295
1644000,Dg/Eipen+htfY91WaoYpRA20XrBDDeUyUYjCeyJx/1T9Y0ge0MFQGch+aP/WiKIY,1.0379131618868007,2.8660252193772053,1.5005848622055615
1644300,Dg/Eipen+htfY91WaoYpRA20XrBDDeUyUYjCeyJx/1T9Y0ge0MFQGch+aP/WiKIY,1.150333943834437,1.7718400935569167,1.3103180068880873
1644600,Dg/Eipen+htfY91WaoYpRA20XrBDDeUyUYjCeyJx/1T9Y0ge0MFQGch+aP/WiKIY,0.9817356934917308,2.606544297449533,1.4149233067123363
1644900,Dg/Eipen+htfY91WaoYpRA20XrBDDeUyUYjCeyJx/1T9Y0ge0MFQGch+aP/WiKIY,0.9980943143673516,1.7760893047821749,1.374006420423196
1645200,Dg/Eipen+htfY91WaoYpRA20XrBDDeUyUYjCeyJx/1T9Y0ge0MFQGch+aP/WiKIY,1.0460673158023788,2.7087752877082583,1.4471929849125194
1645500,Dg/Eipen+htfY91WaoYpRA20XrBDDeUyUYjCeyJx/1T9Y0ge0MFQGch+aP/WiKIY,0.9506211253089922,1.8896908377160764,1.321750073027115
1645800,Dg/Eipen+htfY91WaoYpRA20XrBDDeUyUYjCeyJx/1T9Y0ge0MFQGch+aP/WiKIY,1.164473617574567,2.5568641199188806,1.4910215649639378
1646100,Dg/Eipen+htfY91WaoYpRA20XrBDDeUyUYjCeyJx/1T9Y0ge0MFQGch+aP/WiKIY,0.9668407873784348,1.6957810761086587,1.3174688882868923
1646400,Dg/Eipen+htfY91WaoYpRA20XrBDDeUyUYjCeyJx/1T9Y0ge0MFQGch+aP/WiKIY,1.0992762780908372,3.4533778060863214,1.6175220766942813
1646700,Dg/Eipen+htfY91WaoYpRA20XrBDDeUyUYjCeyJx/1T9Y0ge0MFQGch+aP/WiKIY,1.106507845230163,1.9128376493251915,1.4250686461276518
1647000,Dg/Eipen+htfY91WaoYpRA20XrBDDeUyUYjCeyJx/1T9Y0ge0MFQGch+aP/WiKIY,1.092224184245819,7.447013024017114,2.5730585845589715
1647300,Dg/Eipen+htfY91WaoYpRA20XrBDDeUyUYjCeyJx/1T9Y0ge0MFQGch+aP/WiKIY,1.041434575101345,2.0695672654928963,1.3302299470457988
1647600,Dg/Eipen+htfY91WaoYpRA20XrBDDeUyUYjCeyJx/1T9Y0ge0MFQGch+aP/WiKIY,1.0940522962005177,2.5501828164483777,1.5182355169337067
1647900,Dg/Eipen+htfY91WaoYpRA20XrBDDeUyUYjCeyJx/1T9Y0ge0MFQGch+aP/WiKIY,1.010652196885055,40.106963606403696,6.050487956588843
1648200,Dg/Eipen+htfY91WaoYpRA20XrBDDeUyUYjCeyJx/1T9Y0ge0MFQGch+aP/WiKIY,1.1446655186123793,2.955487758403424,1.57643809802251
1648500,Dg/Eipen+htfY91WaoYpRA20XrBDDeUyUYjCeyJx/1T9Y0ge0MFQGch+aP/WiKIY,1.2552198878280132,1.7748529578525376,1.440386453415088
1648800,Dg/Eipen+htfY91WaoYpRA20XrBDDeUyUYjCeyJx/1T9Y0ge0MFQGch+aP/WiKIY,0.982208317789081,2.5321438344570764,1.4283923237098013
1649100,Dg/Eipen+htfY91WaoYpRA20XrBDDeUyUYjCeyJx/1T9Y0ge0MFQGch+aP/WiKIY,1.1482377813363007,16.87891510301878,2.827827296079752
1649400,Dg/Eipen+htfY91WaoYpRA20XrBDDeUyUYjCeyJx/1T9Y0ge0MFQGch+aP/WiKIY,1.108765626160641,2.6884273102466927,1.527446997021178
1649700,Dg/Eipen+htfY91WaoYpRA20XrBDDeUyUYjCeyJx/1T9Y0ge0MFQGch+aP/WiKIY,1.050693500124521,2.142870673415642,1.4280290301780367
1650000,Dg/Eipen+htfY91WaoYpRA20XrBDDeUyUYjCeyJx/1T9Y0ge0MFQGch+aP/WiKIY,0.9388076378241216,3.20167689970642,1.5570220496859415
1650300,Dg/Eipen+htfY91WaoYpRA20XrBDDeUyUYjCeyJx/1T9Y0ge0MFQGch+aP/WiKIY,1.130408222246811,3.456976813964843,1.5315877999483545
1650600,Dg/Eipen+htfY91WaoYpRA20XrBDDeUyUYjCeyJx/1T9Y0ge0MFQGch+aP/WiKIY,1.192370318634706,6.090801047156339,2.426242335056416
1650900,Dg/Eipen+htfY91WaoYpRA20XrBDDeUyUYjCeyJx/1T9Y0ge0MFQGch+aP/WiKIY,1.0036416046183674,2.008580409146328,1.3531051297165264
1651200,Dg/Eipen+htfY91WaoYpRA20XrBDDeUyUYjCeyJx/1T9Y0ge0MFQGch+aP/WiKIY,1.1141587249831644,2.781102441401139,1.522606742270311
1651500,Dg/Eipen+htfY91WaoYpRA20XrBDDeUyUYjCeyJx/1T9Y0ge0MFQGch+aP/WiKIY,0.9466124527714556,1.894346348673591,1.3138166019349535
1651800,Dg/Eipen+htfY91WaoYpRA20XrBDDeUyUYjCeyJx/1T9Y0ge0MFQGch+aP/WiKIY,1.0361539642016782,3.001526097968481,1.4045130902882363
1652100,Dg/Eipen+htfY91WaoYpRA20XrBDDeUyUYjCeyJx/1T9Y0ge0MFQGch+aP/WiKIY,1.0401826439212547,1.7885060678411218,1.3826601803722736
1652400,Dg/Eipen+htfY91WaoYpRA20XrBDDeUyUYjCeyJx/1T9Y0ge0MFQGch+aP/WiKIY,1.0161973534107156,2.9675464912377048,1.4500219406110073
1652700,Dg/Eipen+htfY91WaoYpRA20XrBDDeUyUYjCeyJx/1T9Y0ge0MFQGch+aP/WiKIY,1.1439089114812786,1.719721524053015,1.3289311931817909
1653000,Dg/Eipen+htfY91WaoYpRA20XrBDDeUyUYjCeyJx/1T9Y0ge0MFQGch+aP/WiKIY,1.1376711740400594,2.527382397961872,1.5035804573122566
1653300,Dg/Eipen+htfY91WaoYpRA20XrBDDeUyUYjCeyJx/1T9Y0ge0MFQGch+aP/WiKIY,0.9412077925049068,1.7996726923524695,1.3545059588174226
1653600,Dg/Eipen+htfY91WaoYpRA20XrBDDeUyUYjCeyJx/1T9Y0ge0MFQGch+aP/WiKIY,1.046858490581409,2.523530518559504,1.4414460067126893
1653900,Dg/Eipen+htfY91WaoYpRA20XrBDDeUyUYjCeyJx/1T9Y0ge0MFQGch+aP/WiKIY,1.111922678396583,3.2499011551178474,1.5823450793579958
1654200,Dg/Eipen+htfY91WaoYpRA20XrBDDeUyUYjCeyJx/1T9Y0ge0MFQGch+aP/WiKIY,1.0748348579984477,5.611803764177364,2.441797924344422
1654500,Dg/Eipen+htfY91WaoYpRA20XrBDDeUyUYjCeyJx/1T9Y0ge0MFQGch+aP/WiKIY,1.0101822055113667,2.097937691382024,1.3692152284235235
1654800,Dg/Eipen+htfY91WaoYpRA20XrBDDeUyUYjCeyJx/1T9Y0ge0MFQGch+aP/WiKIY,0.978725418970762,2.7285842064349826,1.5516793216928448
1655100,Dg/Eipen+htfY91WaoYpRA20XrBDDeUyUYjCeyJx/1T9Y0ge0MFQGch+aP/WiKIY,1.0277436048398667,1.8104481458992523,1.3508999762624487
1655400,Dg/Eipen+htfY91WaoYpRA20XrBDDeUyUYjCeyJx/1T9Y0ge0MFQGch+aP/WiKIY,0.9983431046496436,2.633151308179208,1.459252113520226
1655700,Dg/Eipen+htfY91WaoYpRA20XrBDDeUyUYjCeyJx/1T9Y0ge0MFQGch+aP/WiKIY,1.1091228151414525,1.5993095591637017,1.3848667661089262
1656000,Dg/Eipen+htfY91WaoYpRA20XrBDDeUyUYjCeyJx/1T9Y0ge0MFQGch+aP/WiKIY,1.1195110350706723,2.8160781511808994,1.4286283333279923
1656300,Dg/Eipen+htfY91WaoYpRA20XrBDDeUyUYjCeyJx/1T9Y0ge0MFQGch+aP/WiKIY,1.0977063838403478,8.131583056887857,2.73598618800551
1656600,Dg/Eipen+htfY91WaoYpRA20XrBDDeUyUYjCeyJx/1T9Y0ge0MFQGch+aP/WiKIY,1.071372986572212,5.933985101938411,2.654732907409449
1656900,Dg/Eipen+htfY91WaoYpRA20XrBDDeUyUYjCeyJx/1T9Y0ge0MFQGch+aP/WiKIY,0.9905819243108408,1.6223768685333246,1.2625312834085156
1657200,Dg/Eipen+htfY91WaoYpRA20XrBDDeUyUYjCeyJx/1T9Y0ge0MFQGch+aP/WiKIY,1.087717157432084,2.7793059436565515,1.4362508202813775
1657500,Dg/Eipen+htfY91WaoYpRA20XrBDDeUyUYjCeyJx/1T9Y0ge0MFQGch+aP/WiKIY,1.2081851149798202,2.791311989356493,1.5817815921656633
1657800,Dg/Eipen+htfY91WaoYpRA20XrBDDeUyUYjCeyJx/1T9Y0ge0MFQGch+aP/WiKIY,0.9773900039516412,5.841929945771224,1.794139532776032
1658100,Dg/Eipen+htfY91WaoYpRA20XrBDDeUyUYjCeyJx/1T9Y0ge0MFQGch+aP/WiKIY,1.1490007234349426,5.391522840847092,2.0136329407291726
1658400,Dg/Eipen+htfY91WaoYpRA20XrBDDeUyUYjCeyJx/1T9Y0ge0MFQGch+aP/WiKIY,1.1110986103842413,2.6317982185256934,1.5218315743458697
1658700,Dg/Eipen+htfY91WaoYpRA20XrBDDeUyUYjCeyJx/1T9Y0ge0MFQGch+aP/WiKIY,1.0760258917062258,1.711060745722063,1.3330062099770772
1659000,Dg/Eipen+htfY91WaoYpRA20XrBDDeUyUYjCeyJx/1T9Y0ge0MFQGch+aP/WiKIY,1.1648896891853564,2.5403026171930785,1.4208795012381903
1659300,Dg/Eipen+htfY91WaoYpRA20XrBDDeUyUYjCeyJx/1T9Y0ge0MFQGch+aP/WiKIY,1.0896149570491256,1.582549517281773,1.3820261563274256
1659600,Dg/Eipen+htfY91WaoYpRA20XrBDDeUyUYjCeyJx/1T9Y0ge0MFQGch+aP/WiKIY,1.0093044665580793,2.83795533677346,1.4265381279460094
1659900,Dg/Eipen+htfY91WaoYpRA20XrBDDeUyUYjCeyJx/1T9Y0ge0MFQGch+aP/WiKIY,1.0972590341066484,1.534186080080162,1.3058520392795647
1660200,Dg/Eipen+htfY91WaoYpRA20XrBDDeUyUYjCeyJx/1T9Y0ge0MFQGch+aP/WiKIY,1.1402336038828775,2.524859939836785,1.493451775438967
1660500,Dg/Eipen+htfY91WaoYpRA20XrBDDeUyUYjCeyJx/1T9Y0ge0MFQGch+aP/WiKIY,1.1665832718212767,14.388509852363104,2.454739271663549
1660800,Dg/Eipen+htfY91WaoYpRA20XrBDDeUyUYjCeyJx/1T9Y0ge0MFQGch+aP/WiKIY,1.0932327480236463,2.541633070764417,1.4410353439771488
1661100,Dg/Eipen+htfY91WaoYpRA20XrBDDeUyUYjCeyJx/1T9Y0ge0MFQGch+aP/WiKIY,0.996896459560052,3.5427502836549407,1.5735888689627604
1661400,Dg/Eipen+htfY91WaoYpRA20XrBDDeUyUYjCeyJx/1T9Y0ge0MFQGch+aP/WiKIY,1.106304918060655,2.6031587299786207,1.41953748657009
1661700,Dg/Eipen+htfY91WaoYpRA20XrBDDeUyUYjCeyJx/1T9Y0ge0MFQGch+aP/WiKIY,1.0042092212223577,6.294336176492885,2.3156236915406008
1662000,Dg/Eipen+htfY91WaoYpRA20XrBDDeUyUYjCeyJx/1T9Y0ge0MFQGch+aP/WiKIY,1.1088903934829863,2.8444281168289445,1.516272576752371
1662300,Dg/Eipen+htfY91WaoYpRA20XrBDDeUyUYjCeyJx/1T9Y0ge0MFQGch+aP/WiKIY,1.0189875875054306,1.525206418598689,1.307022150840397
1662600,Dg/Eipen+htfY91WaoYpRA20XrBDDeUyUYjCeyJx/1T9Y0ge0MFQGch+aP/WiKIY,1.026549252760894,2.998643485521876,1.4552505027093354
1662900,Dg/Eipen+htfY91WaoYpRA20XrBDDeUyUYjCeyJx/1T9Y0ge0MFQGch+aP/WiKIY,1.1459930999355186,1.7066155894376465,1.3795366361501726
1663200,Dg/Eipen+htfY91WaoYpRA20XrBDDeUyUYjCeyJx/1T9Y0ge0MFQGch+aP/WiKIY,1.1157198915560596,2.775462602838762,1.4370613148169202
1663500,Dg/Eipen+htfY91WaoYpRA20XrBDDeUyUYjCeyJx/1T9Y0ge0MFQGch+aP/WiKIY,1.0017468132183325,1.5670801106119066,1.3249959143107497
1663800,Dg/Eipen+htfY91WaoYpRA20XrBDDeUyUYjCeyJx/1T9Y0ge0MFQGch+aP/WiKIY,1.143653173514242,3.051192873989701,1.5182515054709789
1664100,Dg/Eipen+htfY91WaoYpRA20XrBDDeUyUYjCeyJx/1T9Y0ge0MFQGch+aP/WiKIY,1.0248734473333154,1.6545665806950498,1.334994642453451
1664400,Dg/Eipen+htfY91WaoYpRA20XrBDDeUyUYjCeyJx/1T9Y0ge0MFQGch+aP/WiKIY,1.0769312258344483,2.859944036769711,1.4352342232302002
1664700,Dg/Eipen+htfY91WaoYpRA20XrBDDeUyUYjCeyJx/1T9Y0ge0MFQGch+aP/WiKIY,1.19016251887212,3.682432386532106,1.573395320367908
1665000,Dg/Eipen+htfY91WaoYpRA20XrBDDeUyUYjCeyJx/1T9Y0ge0MFQGch+aP/WiKIY,1.0217872486979762,2.776945341726345,1.4171648389600842
1665300,Dg/Eipen+htfY91WaoYpRA20XrBDDeUyUYjCeyJx/1T9Y0ge0MFQGch+aP/WiKIY,0.9761387492272718,5.78396048705686,2.314228200229985
1665600,Dg/Eipen+htfY91WaoYpRA20XrBDDeUyUYjCeyJx/1T9Y0ge0MFQGch+aP/WiKIY,1.042050326222997,3.278662950921114,1.4930856525791003
1665900,Dg/Eipen+htfY91WaoYpRA20XrBDDeUyUYjCeyJx/1T9Y0ge0MFQGch+aP/WiKIY,0.9942505510280388,1.5874448977013538,1.3272828144438968
1666200,Dg/Eipen+htfY91WaoYpRA20XrBDDeUyUYjCeyJx/1T9Y0ge0MFQGch+aP/WiKIY,1.0959989318307284,2.8791254822644374,1.4407944066830345
1666500,Dg/Eipen+htfY91WaoYpRA20XrBDDeUyUYjCeyJx/1T9Y0ge0MFQGch+aP/WiKIY,1.1066004863491137,1.68991795668396,1.3623015654803088
1666800,Dg/Eipen+htfY91WaoYpRA20XrBDDeUyUYjCeyJx/1T9Y0ge0MFQGch+aP/WiKIY,1.0693425781190873,3.132548684468658,1.3836986476181503
1667100,Dg/Eipen+htfY91WaoYpRA20XrBDDeUyUYjCeyJx/1T9Y0ge0MFQGch+aP/WiKIY,1.0274684934589544,1.7683135817284448,1.296936668721932
1667400,Dg/Eipen+htfY91WaoYpRA20XrBDDeUyUYjCeyJx/1T9Y0ge0MFQGch+aP/WiKIY,1.0848881980876657,2.6332737100997714,1.4982041565521094
1667700,Dg/Eipen+htfY91WaoYpRA20XrBDDeUyUYjCeyJx/1T9Y0ge0MFQGch+aP/WiKIY,1.0150137561308952,1.7533104877331651,1.3354610982178696
1668000,Dg/Eipen+htfY91WaoYpRA20XrBDDeUyUYjCeyJx/1T9Y0ge0MFQGch+aP/WiKIY,1.1308995210738984,2.468535302241035,1.4202850806460865
1668300,Dg/Eipen+htfY91WaoYpRA20XrBDDeUyUYjCeyJx/1T9Y0ge0MFQGch+aP/WiKIY,1.0803349178078432,3.4097575527892943,1.5899373095072038
1668600,Dg/Eipen+htfY91WaoYpRA20XrBDDeUyUYjCeyJx/1T9Y0ge0MFQGch+aP/WiKIY,1.0803962483971967,2.5635545144615097,1.4345716157569897
1668900,Dg/Eipen+htfY91WaoYpRA20XrBDDeUyUYjCeyJx/1T9Y0ge0MFQGch+aP/WiKIY,0.8861318243290166,5.62222617852264,1.9537670160505256
1669200,Dg/Eipen+htfY91WaoYpRA20XrBDDeUyUYjCeyJx/1T9Y0ge0MFQGch+aP/WiKIY,1.1072211623449908,2.531492870319592,1.506119363825037
1669500,Dg/Eipen+htfY91WaoYpRA20XrBDDeUyUYjCeyJx/1T9Y0ge0MFQGch+aP/WiKIY,1.0244896497873577,1.737047965095334,1.348372847797499
1669800,Dg/Eipen+htfY91WaoYpRA20XrBDDeUyUYjCeyJx/1T9Y0ge0MFQGch+aP/WiKIY,1.1505263344055234,2.5977354904937444,1.474203079657002
1670100,Dg/Eipen+htfY91WaoYpRA20XrBDDeUyUYjCeyJx/1T9Y0ge0MFQGch+aP/WiKIY,1.0958518044075936,1.7159034218007134,1.388934636209137
1670400,Dg/Eipen+htfY91WaoYpRA20XrBDDeUyUYjCeyJx/1T9Y0ge0MFQGch+aP/WiKIY,0.929076103229516,3.024862128507799,1.4301003333636688
1670700,Dg/Eipen+htfY91WaoYpRA20XrBDDeUyUYjCeyJx/1T9Y0ge0MFQGch+aP/WiKIY,1.0673911572074264,1.7275120656519782,1.318594022819776
1671000,Dg/Eipen+htfY91WaoYpRA20XrBDDeUyUYjCeyJx/1T9Y0ge0MFQGch+aP/WiKIY,1.0141290242709418,3.0828337220114754,1.5190162020701798
1671300,Dg/Eipen+htfY91WaoYpRA20XrBDDeUyUYjCeyJx/1T9Y0ge0MFQGch+aP/WiKIY,0.9968327502522786,1.6688802192129328,1.320334980863643
1671600,Dg/Eipen+htfY91WaoYpRA20XrBDDeUyUYjCeyJx/1T9Y0ge0MFQGch+aP/WiKIY,1.0216135299799651,2.8498004101029637,1.4110647231697795
1671900,Dg/Eipen+htfY91WaoYpRA20XrBDDeUyUYjCeyJx/1T9Y0ge0MFQGch+aP/WiKIY,1.0615817003498993,3.8800992788933826,1.586369897248518
1672200,Dg/Eipen+htfY91WaoYpRA20XrBDDeUyUYjCeyJx/1T9Y0ge0MFQGch+aP/WiKIY,1.1678871423872432,2.476220061319056,1.4283267874807366
1672500,Dg/Eipen+htfY91WaoYpRA20XrBDDeUyUYjCeyJx/1T9Y0ge0MFQGch+aP/WiKIY,1.0355345860780167,4.104195339819096,1.6190088748106848
1672800,Dg/Eipen+htfY91WaoYpRA20XrBDDeUyUYjCeyJx/1T9Y0ge0MFQGch+aP/WiKIY,1.0453840498670273,5.850224162319018,2.233547366154141
1673100,Dg/Eipen+htfY91WaoYpRA20XrBDDeUyUYjCeyJx/1T9Y0ge0MFQGch+aP/WiKIY,1.0790807732373702,1.820040790773661,1.357378858227119
1673400,Dg/Eipen+htfY91WaoYpRA20XrBDDeUyUYjCeyJx/1T9Y0ge0MFQGch+aP/WiKIY,1.1481977692045529,2.6533644118590733,1.4314469981533564
1673700,Dg/Eipen+htfY91WaoYpRA20XrBDDeUyUYjCeyJx/1T9Y0ge0MFQGch+aP/WiKIY,1.1509309709953572,1.7232123281645662,1.3884915711681944
1674000,Dg/Eipen+htfY91WaoYpRA20XrBDDeUyUYjCeyJx/1T9Y0ge0MFQGch+aP/WiKIY,1.0639369366593885,2.391128269591712,1.4281070764698691
1674300,Dg/Eipen+htfY91WaoYpRA20XrBDDeUyUYjCeyJx/1T9Y0ge0MFQGch+aP/WiKIY,1.114962547778291,1.756038958873536,1.3322410316200437
1674600,Dg/Eipen+htfY91WaoYpRA20XrBDDeUyUYjCeyJx/1T9Y0ge0MFQGch+aP/WiKIY,1.0935549261465922,2.516312388903149,1.4905345194736654
1674900,Dg/Eipen+htfY91WaoYpRA20XrBDDeUyUYjCeyJx/1T9Y0ge0MFQGch+aP/WiKIY,1.1024276534246726,1.6916538524124505,1.3396167610023746
1675200,Dg/Eipen+htfY91WaoYpRA20XrBDDeUyUYjCeyJx/1T9Y0ge0MFQGch+aP/WiKIY,0.9793280639463808,2.5111760752063614,1.4395709032133743
1675500,Dg/Eipen+htfY91WaoYpRA20XrBDDeUyUYjCeyJx/1T9Y0ge0MFQGch+aP/WiKIY,1.1780190146004637,4.35973851515258,1.6026379575257244
1675800,Dg/Eipen+htfY91WaoYpRA20XrBDDeUyUYjCeyJx/1T9Y0ge0MFQGch+aP/WiKIY,1.0065731409790435,2.9928341601533104,1.509873292556705
1676100,Dg/Eipen+htfY91WaoYpRA20XrBDDeUyUYjCeyJx/1T9Y0ge0MFQGch+aP/WiKIY,1.06645983014442,2.178349661519721,1.4475064583728825
1676400,Dg/Eipen+htfY91WaoYpRA20XrBDDeUyUYjCeyJx/1T9Y0ge0MFQGch+aP/WiKIY,1.1902252695730082,5.8984090031588075,2.915688254691217
1676700,Dg/Eipen+htfY91WaoYpRA20XrBDDeUyUYjCeyJx/1T9Y0ge0MFQGch+aP/WiKIY,1.2176991794575198,27.370526052903152,6.95263496465427
1677000,Dg/Eipen+htfY91WaoYpRA20XrBDDeUyUYjCeyJx/1T9Y0ge0MFQGch+aP/WiKIY,1.0218314682377565,2.854475736462807,1.5136734558478
1677300,Dg/Eipen+htfY91WaoYpRA20XrBDDeUyUYjCeyJx/1T9Y0ge0MFQGch+aP/WiKIY,1.1836036603050253,2.1482221309622287,1.5003745550438006
1677600,Dg/Eipen+htfY91WaoYpRA20XrBDDeUyUYjCeyJx/1T9Y0ge0MFQGch+aP/WiKIY,1.159063171512789,2.6112310230265496,1.4447421467103168
1677900,Dg/Eipen+htfY91WaoYpRA20XrBDDeUyUYjCeyJx/1T9Y0ge0MFQGch+aP/WiKIY,0.9637859525487124,1.6683408311796084,1.3358360252450858
1678200,Dg/Eipen+htfY91WaoYpRA20XrBDDeUyUYjCeyJx/1T9Y0ge0MFQGch+aP/WiKIY,1.085480780393898,3.459250150960888,1.676500387752864
1678500,Dg/Eipen+htfY91WaoYpRA20XrBDDeUyUYjCeyJx/1T9Y0ge0MFQGch+aP/WiKIY,1.0312486330274897,2.101059933743573,1.4438011282142853
1678800,Dg/Eipen+htfY91WaoYpRA20XrBDDeUyUYjCeyJx/1T9Y0ge0MFQGch+aP/WiKIY,1.2097462431115282,2.920551368719623,1.5231826693112445
1679100,Dg/Eipen+htfY91WaoYpRA20XrBDDeUyUYjCeyJx/1T9Y0ge0MFQGch+aP/WiKIY,1.2192269196991214,8.15352520452051,2.3079472090983923
1679400,Dg/Eipen+htfY91WaoYpRA20XrBDDeUyUYjCeyJx/1T9Y0ge0MFQGch+aP/WiKIY,0.9766709930543642,2.7030546859112135,1.4692255702853574
1679700,Dg/Eipen+htfY91WaoYpRA20XrBDDeUyUYjCeyJx/1T9Y0ge0MFQGch+aP/WiKIY,1.109161447422754,1.7850759863198382,1.3660420771151125
1680000,Dg/Eipen+htfY91WaoYpRA20XrBDDeUyUYjCeyJx/1T9Y0ge0MFQGch+aP/WiKIY,1.1268073565298036,6.539818854360252,2.6058672846269384
1680300,Dg/Eipen+htfY91WaoYpRA20XrBDDeUyUYjCeyJx/1T9Y0ge0MFQGch+aP/WiKIY,1.0754948196599887,1.6325497466878751,1.332938059685618
1680600,Dg/Eipen+htfY91WaoYpRA20XrBDDeUyUYjCeyJx/1T9Y0ge0MFQGch+aP/WiKIY,1.0159453846864472,2.558201259804985,1.42747988722663
1680900,Dg/Eipen+htfY91WaoYpRA20XrBDDeUyUYjCeyJx/1T9Y0ge0MFQGch+aP/WiKIY,1.0842130406409858,1.6440885748071048,1.3810690089847348
1681200,Dg/Eipen+htfY91WaoYpRA20XrBDDeUyUYjCeyJx/1T9Y0ge0MFQGch+aP/WiKIY,0.9343868578871936,3.182665557504151,1.420965938021396
1681500,Dg/Eipen+htfY91WaoYpRA20XrBDDeUyUYjCeyJx/1T9Y0ge0MFQGch+aP/WiKIY,1.126313815723374,1.5554313154439223,1.3330103957157335
1681800,Dg/Eipen+htfY91WaoYpRA20XrBDDeUyUYjCeyJx/1T9Y0ge0MFQGch+aP/WiKIY,1.1195044441275208,3.0010055649940988,1.5026636265368285
1682100,Dg/Eipen+htfY91WaoYpRA20XrBDDeUyUYjCeyJx/1T9Y0ge0MFQGch+aP/WiKIY,1.0876377824675916,1.5829279605452593,1.341855450116423
1682400,Dg/Eipen+htfY91WaoYpRA20XrBDDeUyUYjCeyJx/1T9Y0ge0MFQGch+aP/WiKIY,1.0570307361931264,2.772563723784089,1.4306885132175156
1682700,Dg/Eipen+htfY91WaoYpRA20XrBDDeUyUYjCeyJx/1T9Y0ge0MFQGch+aP/WiKIY,1.1535171126275912,3.247824221103997,1.551968547678338
1683000,Dg/Eipen+htfY91WaoYpRA20XrBDDeUyUYjCeyJx/1T9Y0ge0MFQGch+aP/WiKIY,0.9168361743991182,2.6579805606527462,1.4483732997597862
1683300,Dg/Eipen+htfY91WaoYpRA20XrBDDeUyUYjCeyJx/1T9Y0ge0MFQGch+aP/WiKIY,1.0846943773481967,1.618628659921887,1.3548513789450565
1683600,Dg/Eipen+htfY91WaoYpRA20XrBDDeUyUYjCeyJx/1T9Y0ge0MFQGch+aP/WiKIY,0.9536420709092434,7.484406652189578,2.476251066396208
1683900,Dg/Eipen+htfY91WaoYpRA20XrBDDeUyUYjCeyJx/1T9Y0ge0MFQGch+aP/WiKIY,1.114110790562996,2.240573558818096,1.4075761623481686
1684200,Dg/Eipen+htfY91WaoYpRA20XrBDDeUyUYjCeyJx/1T9Y0ge0MFQGch+aP/WiKIY,1.1093658724376003,2.7900015304150303,1.474477688569632
1684500,Dg/Eipen+htfY91WaoYpRA20XrBDDeUyUYjCeyJx/1T9Y0ge0MFQGch+aP/WiKIY,1.1436095861894573,1.748367036413444,1.405143866628328
1684800,Dg/Eipen+htfY91WaoYpRA20XrBDDeUyUYjCeyJx/1T9Y0ge0MFQGch+aP/WiKIY,1.1354739504000593,3.0988151406213023,1.4366163357715147
1685100,Dg/Eipen+htfY91WaoYpRA20XrBDDeUyUYjCeyJx/1T9Y0ge0MFQGch+aP/WiKIY,1.0877532895929838,1.4687900655694608,1.3241022663112512
1685400,Dg/Eipen+htfY91WaoYpRA20XrBDDeUyUYjCeyJx/1T9Y0ge0MFQGch+aP/WiKIY,1.2365568522821258,8.620212351279466,4.1108718336007755
1685700,Dg/Eipen+htfY91WaoYpRA20XrBDDeUyUYjCeyJx/1T9Y0ge0MFQGch+aP/WiKIY,1.0748559818081371,1.7412199660845162,1.345868955598612
1686000,Dg/Eipen+htfY91WaoYpRA20XrBDDeUyUYjCeyJx/1T9Y0ge0MFQGch+aP/WiKIY,1.0758726995154086,2.7035992572827943,1.4292663783062691
1686300,Dg/Eipen+htfY91WaoYpRA20XrBDDeUyUYjCeyJx/1T9Y0ge0MFQGch+aP/WiKIY,1.1493851128722452,4.2789095418362,1.5809208578808047
1686600,Dg/Eipen+htfY91WaoYpRA20XrBDDeUyUYjCeyJx/1T9Y0ge0MFQGch+aP/WiKIY,0.9989369258222296,2.491238631634933,1.4183453901269392
1686900,Dg/Eipen+htfY91WaoYpRA20XrBDDeUyUYjCeyJx/1T9Y0ge0MFQGch+aP/WiKIY,1.0749986754350644,1.8311793074592233,1.3570542481113197
1687200,Dg/Eipen+htfY91WaoYpRA20XrBDDeUyUYjCeyJx/1T9Y0ge0MFQGch+aP/WiKIY,1.0409892652171728,2.6647515083167157,1.512699871652725
1687500,Dg/Eipen+htfY91WaoYpRA20XrBDDeUyUYjCeyJx/1T9Y0ge0MFQGch+aP/WiKIY,1.1302213681070072,5.45104256565961,2.383711760692533
1687800,Dg/Eipen+htfY91WaoYpRA20XrBDDeUyUYjCeyJx/1T9Y0ge0MFQGch+aP/WiKIY,1.080240580179684,2.63033754332156,1.420498637142951
1688100,Dg/Eipen+htfY91WaoYpRA20XrBDDeUyUYjCeyJx/1T9Y0ge0MFQGch+aP/WiKIY,1.0618788608092664,1.8001563049496905,1.3969889673321094
1688400,Dg/Eipen+htfY91WaoYpRA20XrBDDeUyUYjCeyJx/1T9Y0ge0MFQGch+aP/WiKIY,1.1257916658575444,2.5169914456108766,1.4354592313460794
1688700,Dg/Eipen+htfY91WaoYpRA20XrBDDeUyUYjCeyJx/1T9Y0ge0MFQGch+aP/WiKIY,1.016496026853226,1.5680106002671146,1.3230511335222093
1689000,Dg/Eipen+htfY91WaoYpRA20XrBDDeUyUYjCeyJx/1T9Y0ge0MFQGch+aP/WiKIY,1.0444983232486007,2.9630120465572003,1.4647745906619631
1689300,Dg/Eipen+htfY91WaoYpRA20XrBDDeUyUYjCeyJx/1T9Y0ge0MFQGch+aP/WiKIY,1.1042434441720494,1.6798352703162736,1.3430159711707568
1689600,Dg/Eipen+htfY91WaoYpRA20XrBDDeUyUYjCeyJx/1T9Y0ge0MFQGch+aP/WiKIY,0.998113162749418,2.708277335185633,1.4201048255664692
1689900,Dg/Eipen+htfY91WaoYpRA20XrBDDeUyUYjCeyJx/1T9Y0ge0MFQGch+aP/WiKIY,1.1651879651813912,2.7522249862951216,1.5698295072412902
1690200,Dg/Eipen+htfY91WaoYpRA20XrBDDeUyUYjCeyJx/1T9Y0ge0MFQGch+aP/WiKIY,1.0214579601740128,2.5551849953959618,1.4336105303779996
1690500,Dg/Eipen+htfY91WaoYpRA20XrBDDeUyUYjCeyJx/1T9Y0ge0MFQGch+aP/WiKIY,0.9776550510107664,1.7066919766338569,1.3573469281871682
1690800,Dg/Eipen+htfY91WaoYpRA20XrBDDeUyUYjCeyJx/1T9Y0ge0MFQGch+aP/WiKIY,1.079630616229535,2.851033062391916,1.5168641064385333
1691100,Dg/Eipen+htfY91WaoYpRA20XrBDDeUyUYjCeyJx/1T9Y0ge0MFQGch+aP/WiKIY,1.0219730745991724,5.998709725886113,2.4065869757202827
1691400,Dg/Eipen+htfY91WaoYpRA20XrBDDeUyUYjCeyJx/1T9Y0ge0MFQGch+aP/WiKIY,1.0895375712327635,2.7852028445158714,1.4651372302171564
1691700,Dg/Eipen+htfY91WaoYpRA20XrBDDeUyUYjCeyJx/1T9Y0ge0MFQGch+aP/WiKIY,1.041745800439301,1.9125253760318572,1.3856253914223868
1692000,Dg/Eipen+htfY91WaoYpRA20XrBDDeUyUYjCeyJx/1T9Y0ge0MFQGch+aP/WiKIY,1.0744986856755383,2.5951334102122314,1.4179964040384951
1692300,Dg/Eipen+htfY91WaoYpRA20XrBDDeUyUYjCeyJx/1T9Y0ge0MFQGch+aP/WiKIY,1.0665200324629789,1.7640449695931304,1.3168941991091123
1692600,Dg/Eipen+htfY91WaoYpRA20XrBDDeUyUYjCeyJx/1T9Y0ge0MFQGch+aP/WiKIY,1.0668804728136614,2.28349648677537,1.4479776600390308
1692900,Dg/Eipen+htfY91WaoYpRA20XrBDDeUyUYjCeyJx/1T9Y0ge0MFQGch+aP/WiKIY,1.0435702493852237,1.987068024172305,1.394756371027698
1693200,Dg/Eipen+htfY91WaoYpRA20XrBDDeUyUYjCeyJx/1T9Y0ge0MFQGch+aP/WiKIY,0.9838173113946012,1.793435984713372,1.32357096018397
1693500,Dg/Eipen+htfY91WaoYpRA20XrBDDeUyUYjCeyJx/1T9Y0ge0MFQGch+aP/WiKIY,1.0594057410817503,3.175242606266746,1.6683410642429917
1693800,Dg/Eipen+htfY91WaoYpRA20XrBDDeUyUYjCeyJx/1T9Y0ge0MFQGch+aP/WiKIY,1.1091026361182086,1.8011810847853509,1.2961248047327003
1694100,Dg/Eipen+htfY91WaoYpRA20XrBDDeUyUYjCeyJx/1T9Y0ge0MFQGch+aP/WiKIY,0.8978261478681822,2.8710296267921334,1.4922782835642483
1694400,Dg/Eipen+htfY91WaoYpRA20XrBDDeUyUYjCeyJx/1T9Y0ge0MFQGch+aP/WiKIY,1.012202318112346,2.03894823074947,1.371505712778831
1694700,Dg/Eipen+htfY91WaoYpRA20XrBDDeUyUYjCeyJx/1T9Y0ge0MFQGch+aP/WiKIY,1.093079362570041,5.952083260220644,2.495117920752886
1695000,Dg/Eipen+htfY91WaoYpRA20XrBDDeUyUYjCeyJx/1T9Y0ge0MFQGch+aP/WiKIY,0.950411447384835,1.785468635566076,1.2868700760641678
1695300,Dg/Eipen+htfY91WaoYpRA20XrBDDeUyUYjCeyJx/1T9Y0ge0MFQGch+aP/WiKIY,1.107962499429542,2.5097410145233217,1.4869290208218862
1695600,Dg/Eipen+htfY91WaoYpRA20XrBDDeUyUYjCeyJx/1T9Y0ge0MFQGch+aP/WiKIY,1.0415852615521712,1.8543321665663488,1.3348055438395552
1695900,Dg/Eipen+htfY91WaoYpRA20XrBDDeUyUYjCeyJx/1T9Y0ge0MFQGch+aP/WiKIY,1.009221021811268,2.6216583332689534,1.4315973199347245
1696200,Dg/Eipen+htfY91WaoYpRA20XrBDDeUyUYjCeyJx/1T9Y0ge0MFQGch+aP/WiKIY,0.9427951162510644,2.11597580505878,1.3829975728534445
1696500,Dg/Eipen+htfY91WaoYpRA20XrBDDeUyUYjCeyJx/1T9Y0ge0MFQGch+aP/WiKIY,0.9598659447877798,2.62435505468734,1.4415490005711855
1696800,Dg/Eipen+htfY91WaoYpRA20XrBDDeUyUYjCeyJx/1T9Y0ge0MFQGch+aP/WiKIY,1.0673566011089948,1.876963096606997,1.3546825414624777
1697100,Dg/Eipen+htfY91WaoYpRA20XrBDDeUyUYjCeyJx/1T9Y0ge0MFQGch+aP/WiKIY,1.1677592362608995,2.9147283519947127,1.6774881752290025
1697400,Dg/Eipen+htfY91WaoYpRA20XrBDDeUyUYjCeyJx/1T9Y0ge0MFQGch+aP/WiKIY,1.0427195395586133,1.8241692273430945,1.3272614539761405
1697700,Dg/Eipen+htfY91WaoYpRA20XrBDDeUyUYjCeyJx/1T9Y0ge0MFQGch+aP/WiKIY,0.9564202009395932,2.7493392675777035,1.4755618271901725
1698000,Dg/Eipen+htfY91WaoYpRA20XrBDDeUyUYjCeyJx/1T9Y0ge0MFQGch+aP/WiKIY,1.0696037266495777,1.990790047793836,1.41630206140918
1698300,Dg/Eipen+htfY91WaoYpRA20XrBDDeUyUYjCeyJx/1T9Y0ge0MFQGch+aP/WiKIY,0.9887067585633852,6.084467706900834,2.2007761915040973
1698600,Dg/Eipen+htfY91WaoYpRA20XrBDDeUyUYjCeyJx/1T9Y0ge0MFQGch+aP/WiKIY,0.9728262378424264,5.847532923844472,2.953840150234928
1698900,Dg/Eipen+htfY91WaoYpRA20XrBDDeUyUYjCeyJx/1T9Y0ge0MFQGch+aP/WiKIY,1.1344437679257484,2.4080084576630667,1.5222669618018323
1699200,Dg/Eipen+htfY91WaoYpRA20XrBDDeUyUYjCeyJx/1T9Y0ge0MFQGch+aP/WiKIY,0.9644530083045176,1.827549726365325,1.3359303129739843
1699500,Dg/Eipen+htfY91WaoYpRA20XrBDDeUyUYjCeyJx/1T9Y0ge0MFQGch+aP/WiKIY,1.0644803703887449,2.7670456830440737,1.4473683260858203
1699800,Dg/Eipen+htfY91WaoYpRA20XrBDDeUyUYjCeyJx/1T9Y0ge0MFQGch+aP/WiKIY,0.9519320664820594,2.1537645453489325,1.400724164536851
1700100,Dg/Eipen+htfY91WaoYpRA20XrBDDeUyUYjCeyJx/1T9Y0ge0MFQGch+aP/WiKIY,1.0902171148198865,2.6757275785556747,1.4364844375009247
1700400,Dg/Eipen+htfY91WaoYpRA20XrBDDeUyUYjCeyJx/1T9Y0ge0MFQGch+aP/WiKIY,0.96190000967957,1.77168442582156,1.3223308031431256
1700700,Dg/Eipen+htfY91WaoYpRA20XrBDDeUyUYjCeyJx/1T9Y0ge0MFQGch+aP/WiKIY,0.9447918620592138,4.087702280240085,1.6855770255509772
1701000,Dg/Eipen+htfY91WaoYpRA20XrBDDeUyUYjCeyJx/1T9Y0ge0MFQGch+aP/WiKIY,1.092375657152494,1.8401853199703084,1.294379240374524
1701300,Dg/Eipen+htfY91WaoYpRA20XrBDDeUyUYjCeyJx/1T9Y0ge0MFQGch+aP/WiKIY,0.980951943197898,2.5901013224786444,1.445482847731829
1701600,Dg/Eipen+htfY91WaoYpRA20XrBDDeUyUYjCeyJx/1T9Y0ge0MFQGch+aP/WiKIY,0.9975701894146256,1.9050392910837803,1.4065424170716123
1701900,Dg/Eipen+htfY91WaoYpRA20XrBDDeUyUYjCeyJx/1T9Y0ge0MFQGch+aP/WiKIY,1.0432919987525198,2.876335693710822,1.44441239785266
1702200,Dg/Eipen+htfY91WaoYpRA20XrBDDeUyUYjCeyJx/1T9Y0ge0MFQGch+aP/WiKIY,1.0973173894745325,5.918937772721275,2.8139941808117173
1702500,Dg/Eipen+htfY91WaoYpRA20XrBDDeUyUYjCeyJx/1T9Y0ge0MFQGch+aP/WiKIY,1.1127764683897738,3.0319738572114128,1.5839058354505704
1702800,Dg/Eipen+htfY91WaoYpRA20XrBDDeUyUYjCeyJx/1T9Y0ge0MFQGch+aP/WiKIY,1.0113110857495449,1.8049386456694905,1.3693165107920853
1703100,Dg/Eipen+htfY91WaoYpRA20XrBDDeUyUYjCeyJx/1T9Y0ge0MFQGch+aP/WiKIY,1.0871601424837978,2.9393308723350784,1.4525957869702435
1703400,Dg/Eipen+htfY91WaoYpRA20XrBDDeUyUYjCeyJx/1T9Y0ge0MFQGch+aP/WiKIY,1.0389816590730976,1.9483055648963288,1.350727784439238
1703700,Dg/Eipen+htfY91WaoYpRA20XrBDDeUyUYjCeyJx/1T9Y0ge0MFQGch+aP/WiKIY,0.932372153019468,12.664585906184795,2.559643404918199
1704000,Dg/Eipen+htfY91WaoYpRA20XrBDDeUyUYjCeyJx/1T9Y0ge0MFQGch+aP/WiKIY,1.0420155312905186,1.767775684114264,1.326451918896428
1704300,Dg/Eipen+htfY91WaoYpRA20XrBDDeUyUYjCeyJx/1T9Y0ge0MFQGch+aP/WiKIY,1.0451255338069838,3.550130012709241,1.6646703283869453
1704600,Dg/Eipen+htfY91WaoYpRA20XrBDDeUyUYjCeyJx/1T9Y0ge0MFQGch+aP/WiKIY,0.9590915803199976,1.8785810048947709,1.3318663559996586
1704900,Dg/Eipen+htfY91WaoYpRA20XrBDDeUyUYjCeyJx/1T9Y0ge0MFQGch+aP/WiKIY,1.0543666787013724,2.6241248477740866,1.4645040778147
1705200,Dg/Eipen+htfY91WaoYpRA20XrBDDeUyUYjCeyJx/1T9Y0ge0MFQGch+aP/WiKIY,1.0499915310659145,1.941212469643824,1.389863796365277
1705500,Dg/Eipen+htfY91WaoYpRA20XrBDDeUyUYjCeyJx/1T9Y0ge0MFQGch+aP/WiKIY,1.1710704151149445,33.0936402805517,6.154541150081849
1705800,Dg/Eipen+htfY91WaoYpRA20XrBDDeUyUYjCeyJx/1T9Y0ge0MFQGch+aP/WiKIY,1.0927647442550157,6.4827352975035355,2.3450999825930694
1706100,Dg/Eipen+htfY91WaoYpRA20XrBDDeUyUYjCeyJx/1T9Y0ge0MFQGch+aP/WiKIY,1.1399225785185196,2.7028788788521085,1.6151847840486653
1706400,Dg/Eipen+htfY91WaoYpRA20XrBDDeUyUYjCeyJx/1T9Y0ge0MFQGch+aP/WiKIY,0.9124115545876316,1.6761982691052444,1.3182663971687354
1706700,Dg/Eipen+htfY91WaoYpRA20XrBDDeUyUYjCeyJx/1T9Y0ge0MFQGch+aP/WiKIY,1.0175359157798989,2.597675186845866,1.4552378606293408
1707000,Dg/Eipen+htfY91WaoYpRA20XrBDDeUyUYjCeyJx/1T9Y0ge0MFQGch+aP/WiKIY,1.0226791230311434,45.77974735240068,10.957846752001132
1707300,Dg/Eipen+htfY91WaoYpRA20XrBDDeUyUYjCeyJx/1T9Y0ge0MFQGch+aP/WiKIY,1.1581028390488086,5.070568821819336,2.2272467904840134
1707600,Dg/Eipen+htfY91WaoYpRA20XrBDDeUyUYjCeyJx/1T9Y0ge0MFQGch+aP/WiKIY,0.9915634479053592,11.340216232729436,3.858435244853748
1707900,Dg/Eipen+htfY91WaoYpRA20XrBDDeUyUYjCeyJx/1T9Y0ge0MFQGch+aP/WiKIY,1.1045125373892963,9.529082387969863,2.788913227638196
1708200,Dg/Eipen+htfY91WaoYpRA20XrBDDeUyUYjCeyJx/1T9Y0ge0MFQGch+aP/WiKIY,1.0631546969407155,4.841981014667205,1.7315517682979182
1708500,Dg/Eipen+htfY91WaoYpRA20XrBDDeUyUYjCeyJx/1T9Y0ge0MFQGch+aP/WiKIY,1.0870712980885644,1.894651930382444,1.348159895314092
1708800,Dg/Eipen+htfY91WaoYpRA20XrBDDeUyUYjCeyJx/1T9Y0ge0MFQGch+aP/WiKIY,1.0846922846452387,2.6163120981176973,1.4250545187995567
1709100,Dg/Eipen+htfY91WaoYpRA20XrBDDeUyUYjCeyJx/1T9Y0ge0MFQGch+aP/WiKIY,0.9959675084153772,3.486711319932232,1.4767133200034337
1709400,Dg/Eipen+htfY91WaoYpRA20XrBDDeUyUYjCeyJx/1T9Y0ge0MFQGch+aP/WiKIY,1.0281875491727397,2.6489862443252417,1.506086531689174
1709700,Dg/Eipen+htfY91WaoYpRA20XrBDDeUyUYjCeyJx/1T9Y0ge0MFQGch+aP/WiKIY,1.1584112374296407,5.601367672168252,3.7053389543894566
1710000,Dg/Eipen+htfY91WaoYpRA20XrBDDeUyUYjCeyJx/1T9Y0ge0MFQGch+aP/WiKIY,1.16821416664966,7.50153016216534,2.061395625810891
1710300,Dg/Eipen+htfY91WaoYpRA20XrBDDeUyUYjCeyJx/1T9Y0ge0MFQGch+aP/WiKIY,1.0052303188019749,2.0570535141212747,1.4250377038910025
1710600,Dg/Eipen+htfY91WaoYpRA20XrBDDeUyUYjCeyJx/1T9Y0ge0MFQGch+aP/WiKIY,1.0568688018172896,2.7588375378061607,1.4869666077686323
1710900,Dg/Eipen+htfY91WaoYpRA20XrBDDeUyUYjCeyJx/1T9Y0ge0MFQGch+aP/WiKIY,0.9869146158506394,1.7446212235552945,1.328419044205186
1711200,Dg/Eipen+htfY91WaoYpRA20XrBDDeUyUYjCeyJx/1T9Y0ge0MFQGch+aP/WiKIY,1.0625021139285398,2.6460406660583726,1.3971836518563536
1711500,Dg/Eipen+htfY91WaoYpRA20XrBDDeUyUYjCeyJx/1T9Y0ge0MFQGch+aP/WiKIY,1.084931162585966,1.942855350391568,1.3353903646169625
1711800,Dg/Eipen+htfY91WaoYpRA20XrBDDeUyUYjCeyJx/1T9Y0ge0MFQGch+aP/WiKIY,1.0869355309887858,4.3646773303703625,1.6340607922766084
1712100,Dg/Eipen+htfY91WaoYpRA20XrBDDeUyUYjCeyJx/1T9Y0ge0MFQGch+aP/WiKIY,1.1967810956674214,1.6120851809166663,1.342303544510388
1712400,Dg/Eipen+htfY91WaoYpRA20XrBDDeUyUYjCeyJx/1T9Y0ge0MFQGch+aP/WiKIY,1.0418016266921435,2.959057748007506,1.483108811868197
1712700,Dg/Eipen+htfY91WaoYpRA20XrBDDeUyUYjCeyJx/1T9Y0ge0MFQGch+aP/WiKIY,1.0690905829433583,1.6644597996804844,1.3337201492968584
1713000,Dg/Eipen+htfY91WaoYpRA20XrBDDeUyUYjCeyJx/1T9Y0ge0MFQGch+aP/WiKIY,1.0570433696300454,2.4536902111811028,1.4514858335340888
1713300,Dg/Eipen+htfY91WaoYpRA20XrBDDeUyUYjCeyJx/1T9Y0ge0MFQGch+aP/WiKIY,1.0450982567704052,6.213966531513245,2.257067378014323
1713600,Dg/Eipen+htfY91WaoYpRA20XrBDDeUyUYjCeyJx/1T9Y0ge0MFQGch+aP/WiKIY,1.0388535617454062,2.816064545103312,1.4540868257987751
1713900,Dg/Eipen+htfY91WaoYpRA20XrBDDeUyUYjCeyJx/1T9Y0ge0MFQGch+aP/WiKIY,0.9485789591412316,1.847286529999374,1.2883305695738294
1714200,Dg/Eipen+htfY91WaoYpRA20XrBDDeUyUYjCeyJx/1T9Y0ge0MFQGch+aP/WiKIY,0.99023245647403,2.697089023965796,1.4785869615850125
1714500,Dg/Eipen+htfY91WaoYpRA20XrBDDeUyUYjCeyJx/1T9Y0ge0MFQGch+aP/WiKIY,1.0221663417808808,1.8270917883482445,1.3410160624086005
1714800,Dg/Eipen+htfY91WaoYpRA20XrBDDeUyUYjCeyJx/1T9Y0ge0MFQGch+aP/WiKIY,0.9884652171965692,2.7062526069287403,1.4099526555900457
1715100,Dg/Eipen+htfY91WaoYpRA20XrBDDeUyUYjCeyJx/1T9Y0ge0MFQGch+aP/WiKIY,0.9826450669998436,2.121415807251651,1.4313702671757194
1715400,Dg/Eipen+htfY91WaoYpRA20XrBDDeUyUYjCeyJx/1T9Y0ge0MFQGch+aP/WiKIY,1.1492843542887952,4.9829104617941375,1.6664421219069567
1715700,Dg/Eipen+htfY91WaoYpRA20XrBDDeUyUYjCeyJx/1T9Y0ge0MFQGch+aP/WiKIY,1.0853269726498955,1.7816957645208853,1.3458626075797877
1716000,Dg/Eipen+htfY91WaoYpRA20XrBDDeUyUYjCeyJx/1T9Y0ge0MFQGch+aP/WiKIY,0.8955571830532286,2.398625241621573,1.4731989024145276
1716300,Dg/Eipen+htfY91WaoYpRA20XrBDDeUyUYjCeyJx/1T9Y0ge0MFQGch+aP/WiKIY,1.1406259899092848,1.6987987226723713,1.3315452196297697
1716600,Dg/Eipen+htfY91WaoYpRA20XrBDDeUyUYjCeyJx/1T9Y0ge0MFQGch+aP/WiKIY,1.0841383651156566,2.844756809610515,1.4487317530455683
1716900,Dg/Eipen+htfY91WaoYpRA20XrBDDeUyUYjCeyJx/1T9Y0ge0MFQGch+aP/WiKIY,1.0394161778235884,4.935170353478357,1.6797925523314008
1717200,Dg/Eipen+htfY91WaoYpRA20XrBDDeUyUYjCeyJx/1T9Y0ge0MFQGch+aP/WiKIY,1.1117438270072149,5.727818542805952,2.2213463482759197
1717500,Dg/Eipen+htfY91WaoYpRA20XrBDDeUyUYjCeyJx/1T9Y0ge0MFQGch+aP/WiKIY,1.0583038146590853,1.6543070241826143,1.2937185319473934
1717800,Dg/Eipen+htfY91WaoYpRA20XrBDDeUyUYjCeyJx/1T9Y0ge0MFQGch+aP/WiKIY,1.0725160783257046,2.5454750730986264,1.491252149826724
1718100,Dg/Eipen+htfY91WaoYpRA20XrBDDeUyUYjCeyJx/1T9Y0ge0MFQGch+aP/WiKIY,0.8529482995464173,50.448081824047215,9.718680085661951
1718400,Dg/Eipen+htfY91WaoYpRA20XrBDDeUyUYjCeyJx/1T9Y0ge0MFQGch+aP/WiKIY,0.91044141381587,7.628455249496057,2.523264383068777
1718700,Dg/Eipen+htfY91WaoYpRA20XrBDDeUyUYjCeyJx/1T9Y0ge0MFQGch+aP/WiKIY,0.946704276839355,9.69894303171591,3.5333573433394374
1719000,Dg/Eipen+htfY91WaoYpRA20XrBDDeUyUYjCeyJx/1T9Y0ge0MFQGch+aP/WiKIY,0.7903534062306464,8.559181437511825,2.9698304912715336
1719300,Dg/Eipen+htfY91WaoYpRA20XrBDDeUyUYjCeyJx/1T9Y0ge0MFQGch+aP/WiKIY,0.8084967097600064,4.802311309595212,1.8452535854654075
1719600,Dg/Eipen+htfY91WaoYpRA20XrBDDeUyUYjCeyJx/1T9Y0ge0MFQGch+aP/WiKIY,0.8854842952802529,2.0478225468463327,1.4244115597783509
1719900,Dg/Eipen+htfY91WaoYpRA20XrBDDeUyUYjCeyJx/1T9Y0ge0MFQGch+aP/WiKIY,0.8370354805047138,2.5138788391771847,1.4835386141336095
