timestamp,vm_id,min cpu,max cpu,avg cpu
0,A5MKq7BYw+qB83tDZ0h3IGwyVU5AWgi1ZHH6viwK4ONCAMSsiKrmT+VdUnyVRdQi,2.1972310851174432,4.8010191596537535,3.0372486679553288
300,A5MKq7BYw+qB83tDZ0h3IGwyVU5AWgi1ZHH6viwK4ONCAMSsiKrmT+VdUnyVRdQi,1.9475781457959256,4.919199723860328,2.930142950177289
600,A5MKq7BYw+qB83tDZ0h3IGwyVU5AWgi1ZHH6viwK4ONCAMSsiKrmT+VdUnyVRdQi,2.336987130026143,6.89304809780363,3.129239532058742
900,A5MKq7BYw+qB83tDZ0h3IGwyVU5AWgi1ZHH6viwK4ONCAMSsiKrmT+VdUnyVRdQi,2.1964511094018464,5.573556797870683,2.905903861850281
1200,A5MKq7BYw+qB83tDZ0h3IGwyVU5AWgi1ZHH6viwK4ONCAMSsiKrmT+VdUnyVRdQi,2.349157081817915,6.299403371422333,3.2060282718639654
1500,A5MKq7BYw+qB83tDZ0h3IGwyVU5AWgi1ZHH6viwK4ONCAMSsiKrmT+VdUnyVRdQi,2.3806935793383364,5.44363562232876,3.4248436934646462
1800,A5MKq7BYw+qB83tDZ0h3IGwyVU5AWgi1ZHH6viwK4ONCAMSsiKrmT+VdUnyVRdQi,2.4680318670604047,6.1305305415643945,3.2743055189446992
2100,A5MKq7BYw+qB83tDZ0h3IGwyVU5AWgi1ZHH6viwK4ONCAMSsiKrmT+VdUnyVRdQi,2.411129865019692,6.574969843207076,3.2671509385998845
2400,A5MKq7BYw+qB83tDZ0h3IGwyVU5AWgi1ZHH6viwK4ONCAMSsiKrmT+VdUnyVRdQi,2.2216050396214406,6.29735646466947,3.108260954220218
2700,A5MKq7BYw+qB83tDZ0h3IGwyVU5AWgi1ZHH6viwK4ONCAMSsiKrmT+VdUnyVRdQi,2.4701757532788684,5.993355357960571,3.3651391272418585
3000,A5MKq7BYw+qB83tDZ0h3IGwyVU5AWgi1ZHH6viwK4ONCAMSsiKrmT+VdUnyVRdQi,1.9068710420966235,7.6327568385474756,3.1244063812456737
3300,A5MKq7BYw+qB83tDZ0h3IGwyVU5AWgi1ZHH6viwK4ONCAMSsiKrmT+VdUnyVRdQi,1.9609279630849012,5.515445585785776,2.953626000267555
3600,A5MKq7BYw+qB83tDZ0h3IGwyVU5AWgi1ZHH6viwK4ONCAMSsiKrmT+VdUnyVRdQi,1.8189028343335107,4.805634890216391,2.649216637184087
3900,A5MKq7BYw+qB83tDZ0h3IGwyVU5AWgi1ZHH6viwK4ONCAMSsiKrmT+VdUnyVRdQi,2.143132068132055,5.088826260108017,2.972057342045292
4200,A5MKq7BYw+qB83tDZ0h3IGwyVU5AWgi1ZHH6viwK4ONCAMSsiKrmT+VdUnyVRdQi,2.4424919353321277,4.720426561204192,3.0498732256905607
4500,A5MKq7BYw+qB83tDZ0h3IGwyVU5AWgi1ZHH6viwK4ONCAMSsiKrmT+VdUnyVRdQi,2.390047226359717,5.313393993514368,3.0391865373449334
4800,A5MKq7BYw+qB83tDZ0h3IGwyVU5AWgi1ZHH6viwK4ONCAMSsiKrmT+VdUnyVRdQi,2.2721261711988467,6.123668916418668,3.276700822059014
5100,A5MKq7BYw+qB83tDZ0h3IGwyVU5AWgi1ZHH6viwK4ONCAMSsiKrmT+VdUnyVRdQi,1.97279442188214,7.534781109744173,3.0179644868447726
5400,A5MKq7BYw+qB83tDZ0h3IGwyVU5AWgi1ZHH6viwK4ONCAMSsiKrmT+VdUnyVRdQi,2.3409063969072927,5.250791447508564,3.094925045397349
5700,A5MKq7BYw+qB83tDZ0h3IGwyVU5AWgi1ZHH6viwK4ONCAMSsiKrmT+VdUnyVRdQi,2.1574360584967933,6.0070396629863225,3.0634134444009624
6000,A5MKq7BYw+qB83tDZ0h3IGwyVU5AWgi1ZHH6viwK4ONCAMSsiKrmT+VdUnyVRdQi,1.9685060750555747,5.049897537260466,2.8983884410623726
6300,A5MKq7BYw+qB83tDZ0h3IGwyVU5AWgi1ZHH6viwK4ONCAMSsiKrmT+VdUnyVRdQi,2.229772889643956,5.1107088191056285,3.277522420493548
6600,A5MKq7BYw+qB83tDZ0h3IGwyVU5AWgi1ZHH6viwK4ONCAMSsiKrmT+VdUnyVRdQi,2.121855141960028,8.53672983463579,3.407017211020444
6900,A5MKq7BYw+qB83tDZ0h3IGwyVU5AWgi1ZHH6viwK4ONCAMSsiKrmT+VdUnyVRdQi,2.51623273430017,6.1953745432746645,3.2525882368881494
7200,A5MKq7BYw+qB83tDZ0h3IGwyVU5AWgi1ZHH6viwK4ONCAMSsiKrmT+VdUnyVRdQi,2.201265221036555,8.018903048485381,3.3893822849088577
7500,A5MKq7BYw+qB83tDZ0h3IGwyVU5AWgi1ZHH6viwK4ONCAMSsiKrmT+VdUnyVRdQi,2.024989929482924,6.911902482798385,2.912415276848479
7800,A5MKq7BYw+qB83tDZ0h3IGwyVU5AWgi1ZHH6viwK4ONCAMSsiKrmT+VdUnyVRdQi,2.0815956202971857,5.363766399643813,2.8802046286372525
8100,A5MKq7BYw+qB83tDZ0h3IGwyVU5AWgi1ZHH6viwK4ONCAMSsiKrmT+VdUnyVRdQi,1.9431381249157655,4.206554672864317,2.8099865710310867
8400,A5MKq7BYw+qB83tDZ0h3IGwyVU5AWgi1ZHH6viwK4ONCAMSsiKrmT+VdUnyVRdQi,2.0074545176363428,4.769173368519753,3.0674648714991335
8700,A5MKq7BYw+qB83tDZ0h3IGwyVU5AWgi1ZHH6viwK4ONCAMSsiKrmT+VdUnyVRdQi,1.8544468833304648,5.581602522429318,2.814958359800028
9000,A5MKq7BYw+qB83tDZ0h3IGwyVU5AWgi1ZHH6viwK4ONCAMSsiKrmT+VdUnyVRdQi,1.9213598308252413,3.7485020298535994,2.557467568530896
9300,A5MKq7BYw+qB83tDZ0h3IGwyVU5AWgi1ZHH6viwK4ONCAMSsiKrmT+VdUnyVRdQi,2.058621690097109,5.062054184407981,3.0462354648952314
9600,A5MKq7BYw+qB83tDZ0h3IGwyVU5AWgi1ZHH6viwK4ONCAMSsiKrmT+VdUnyVRdQi,2.019173550963941,6.46501141985313,3.085468160108599
9900,A5MKq7BYw+qB83tDZ0h3IGwyVU5AWgi1ZHH6viwK4ONCAMSsiKrmT+VdUnyVRdQi,2.1834472086774768,5.261635300493766,3.298988952781579
10200,A5MKq7BYw+qB83tDZ0h3IGwyVU5AWgi1ZHH6viwK4ONCAMSsiKrmT+VdUnyVRdQi,2.166598215812018,9.684278431828515,3.4260040113297854
10500,A5MKq7BYw+qB83tDZ0h3IGwyVU5AWgi1ZHH6viwK4ONCAMSsiKrmT+VdUnyVRdQi,2.078074618729744,4.9172105150690255,2.936151903178273
10800,A5MKq7BYw+qB83tDZ0h3IGwyVU5AWgi1ZHH6viwK4ONCAMSsiKrmT+VdUnyVRdQi,2.1811436252611727,5.112647567376947,3.097566584066013
11100,A5MKq7BYw+qB83tDZ0h3IGwyVU5AWgi1ZHH6viwK4ONCAMSsiKrmT+VdUnyVRdQi,1.9406852356075288,5.020508793382642,2.777872258850973
11400,A5MKq7BYw+qB83tDZ0h3IGwyVU5AWgi1ZHH6viwK4ONCAMSsiKrmT+VdUnyVRdQi,2.032240714251991,5.008011333469948,3.0740418826511573
11700,A5MKq7BYw+qB83tDZ0h3IGwyVU5AWgi1ZHH6viwK4ONCAMSsiKrmT+VdUnyVRdQi,2.103924270312904,7.199816348041527,3.2724034775314936
12000,A5MKq7BYw+qB83tDZ0h3IGwyVU5AWgi1ZHH6viwK4ONCAMSsiKrmT+VdUnyVRdQi,2.2358577811212754,8.212315725654157,3.2668299461203345
12300,A5MKq7BYw+qB83tDZ0h3IGwyVU5AWgi1ZHH6viwK4ONCAMSsiKrmT+VdUnyVRdQi,2.1433770836518606,37.93275026782555,6.416937032758651
12600,A5MKq7BYw+qB83tDZ0h3IGwyVU5AWgi1ZHH6viwK4ONCAMSsiKrmT+VdUnyVRdQi,2.028331468688634,5.268236614497521,2.8905346347971066
12900,A5MKq7BYw+qB83tDZ0h3IGwyVU5AWgi1ZHH6viwK4ONCAMSsiKrmT+VdUnyVRdQi,1.6994621950565618,4.438554697196646,2.700334077558066
13200,A5MKq7BYw+qB83tDZ0h3IGwyVU5AWgi1ZHH6viwK4ONCAMSsiKrmT+VdUnyVRdQi,1.8526934889722015,4.60118043832209,2.818196802007658
13500,A5MKq7BYw+qB83tDZ0h3IGwyVU5AWgi1ZHH6viwK4ONCAMSsiKrmT+VdUnyVRdQi,1.9504049841196256,5.310242744932468,3.163593559424551
13800,A5MKq7BYw+qB83tDZ0h3IGwyVU5AWgi1ZHH6viwK4ONCAMSsiKrmT+VdUnyVRdQi,1.8337235038422577,12.169390427732251,3.19129001508008
14100,A5MKq7BYw+qB83tDZ0h3IGwyVU5AWgi1ZHH6viwK4ONCAMSsiKrmT+VdUnyVRdQi,1.999031463857912,5.5757175131419965,3.045422682604757
14400,A5MKq7BYw+qB83tDZ0h3IGwyVU5AWgi1ZHH6viwK4ONCAMSsiKrmT+VdUnyVRdQi,1.917557943122689,5.13495683011781,2.7274633779921347
14700,A5MKq7BYw+qB83tDZ0h3IGwyVU5AWgi1ZHH6viwK4ONCAMSsiKrmT+VdUnyVRdQi,1.8997316267155289,4.911360100749636,2.8148068518578424
15000,A5MKq7BYw+qB83tDZ0h3IGwyVU5AWgi1ZHH6viwK4ONCAMSsiKrmT+VdUnyVRdQi,2.1953997437172545,4.632010038324179,2.9259618886709804
15300,A5MKq7BYw+qB83tDZ0h3IGwyVU5AWgi1ZHH6viwK4ONCAMSsiKrmT+VdUnyVRdQi,2.267470764988581,6.466988172360505,3.3354109308458533
15600,A5MKq7BYw+qB83tDZ0h3IGwyVU5AWgi1ZHH6viwK4ONCAMSsiKrmT+VdUnyVRdQi,2.311026136166721,4.836146909202525,3.1243682850645937
15900,A5MKq7BYw+qB83tDZ0h3IGwyVU5AWgi1ZHH6viwK4ONCAMSsiKrmT+VdUnyVRdQi,1.7934939380857613,5.364907992245536,2.7035168356037698
16200,A5MKq7BYw+qB83tDZ0h3IGwyVU5AWgi1ZHH6viwK4ONCAMSsiKrmT+VdUnyVRdQi,2.3531345357376763,20.890489979196666,4.924663804099984
16500,A5MKq7BYw+qB83tDZ0h3IGwyVU5AWgi1ZHH6viwK4ONCAMSsiKrmT+VdUnyVRdQi,2.160665779412919,4.3389924711939765,2.813737647365376
16800,A5MKq7BYw+qB83tDZ0h3IGwyVU5AWgi1ZHH6viwK4ONCAMSsiKrmT+VdUnyVRdQi,2.2353010898083605,4.6902456527897325,2.9338253958411893
17100,A5MKq7BYw+qB83tDZ0h3IGwyVU5AWgi1ZHH6viwK4ONCAMSsiKrmT+VdUnyVRdQi,2.0861254060265875,6.1376034613556,2.952989134691863
17400,A5MKq7BYw+qB83tDZ0h3IGwyVU5AWgi1ZHH6viwK4ONCAMSsiKrmT+VdUnyVRdQi,2.0679460634101416,12.704631332538815,3.221650630268712
17700,A5MKq7BYw+qB83tDZ0h3IGwyVU5AWgi1ZHH6viwK4ONCAMSsiKrmT+VdUnyVRdQi,1.9045646976854351,6.441305329097649,3.1492487646203244
18000,A5MKq7BYw+qB83tDZ0h3IGwyVU5AWgi1ZHH6viwK4ONCAMSsiKrmT+VdUnyVRdQi,2.2781968221806315,5.880994344755833,2.9549199440801375
18300,A5MKq7BYw+qB83tDZ0h3IGwyVU5AWgi1ZHH6viwK4ONCAMSsiKrmT+VdUnyVRdQi,2.2276615876446235,5.668996589796894,3.140383804677272
18600,A5MKq7BYw+qB83tDZ0h3IGwyVU5AWgi1ZHH6viwK4ONCAMSsiKrmT+VdUnyVRdQi,2.1395028357357635,5.280295750038244,2.8981950597378887
18900,A5MKq7BYw+qB83tDZ0h3IGwyVU5AWgi1ZHH6viwK4ONCAMSsiKrmT+VdUnyVRdQi,1.9978861457434616,5.956569426563983,2.9011084753922325
19200,A5MKq7BYw+qB83tDZ0h3IGwyVU5AWgi1ZHH6viwK4ONCAMSsiKrmT+VdUnyVRdQi,1.8372614401740528,4.508944789945871,2.5866016696618472
19500,A5MKq7BYw+qB83tDZ0h3IGwyVU5AWgi1ZHH6viwK4ONCAMSsiKrmT+VdUnyVRdQi,1.8665991469955925,3.80727687351952,2.5331903735522383
19800,A5MKq7BYw+qB83tDZ0h3IGwyVU5AWgi1ZHH6viwK4ONCAMSsiKrmT+VdUnyVRdQi,2.04775336617526,4.522580279714568,2.6974773667381733
20100,A5MKq7BYw+qB83tDZ0h3IGwyVU5AWgi1ZHH6viwK4ONCAMSsiKrmT+VdUnyVRdQi,2.259832157443961,6.942473380017819,2.979282896453274
20400,A5MKq7BYw+qB83tDZ0h3IGwyVU5AWgi1ZHH6viwK4ONCAMSsiKrmT+VdUnyVRdQi,2.008735351006912,3.8029520664687615,2.5351926953864146
20700,A5MKq7BYw+qB83tDZ0h3IGwyVU5AWgi1ZHH6viwK4ONCAMSsiKrmT+VdUnyVRdQi,2.161180926956697,5.104128888165016,2.8962511804181887
21000,A5MKq7BYw+qB83tDZ0h3IGwyVU5AWgi1ZHH6viwK4ONCAMSsiKrmT+VdUnyVRdQi,1.819548646941517,10.5026462464247,2.808910506228807
21300,A5MKq7BYw+qB83tDZ0h3IGwyVU5AWgi1ZHH6viwK4ONCAMSsiKrmT+VdUnyVRdQi,1.7755711874330948,3.699033610907773,2.441519451000878
21600,A5MKq7BYw+qB83tDZ0h3IGwyVU5AWgi1ZHH6viwK4ONCAMSsiKrmT+VdUnyVRdQi,1.932614530724052,4.0109221054821615,2.5684670803139733
21900,A5MKq7BYw+qB83tDZ0h3IGwyVU5AWgi1ZHH6viwK4ONCAMSsiKrmT+VdUnyVRdQi,2.024324101152173,5.830969008884401,2.6349954489231338
22200,A5MKq7BYw+qB83tDZ0h3IGwyVU5AWgi1ZHH6viwK4ONCAMSsiKrmT+VdUnyVRdQi,1.965800528074052,5.2199512646410655,2.7372022297939367
22500,A5MKq7BYw+qB83tDZ0h3IGwyVU5AWgi1ZHH6viwK4ONCAMSsiKrmT+VdUnyVRdQi,1.8807404740677796,5.5041558962558685,2.675611384201308
22800,A5MKq7BYw+qB83tDZ0h3IGwyVU5AWgi1ZHH6viwK4ONCAMSsiKrmT+VdUnyVRdQi,1.8150144274156716,4.6806047082405,2.578757535944748
23100,A5MKq7BYw+qB83tDZ0h3IGwyVU5AWgi1ZHH6viwK4ONCAMSsiKrmT+VdUnyVRdQi,1.9343373641489885,4.612161420897581,2.491660741592148
23400,A5MKq7BYw+qB83tDZ0h3IGwyVU5AWgi1ZHH6viwK4ONCAMSsiKrmT+VdUnyVRdQi,1.8330809151034917,4.042400902087108,2.3666057359014685
23700,A5MKq7BYw+qB83tDZ0h3IGwyVU5AWgi1ZHH6viwK4ONCAMSsiKrmT+VdUnyVRdQi,1.7247174712334783,3.4780591344469114,2.262345763004761
24000,A5MKq7BYw+qB83tDZ0h3IGwyVU5AWgi1ZHH6viwK4ONCAMSsiKrmT+VdUnyVRdQi,1.7491080180351566,3.371029887126938,2.1939204102697207
24300,A5MKq7BYw+qB83tDZ0h3IGwyVU5AWgi1ZHH6viwK4ONCAMSsiKrmT+VdUnyVRdQi,1.851366230887492,3.7838126140617017,2.5117967308607767
24600,A5MKq7BYw+qB83tDZ0h3IGwyVU5AWgi1ZHH6viwK4ONCAMSsiKrmT+VdUnyVRdQi,2.0731189180531318,9.88171422432945,2.7712499028556308
24900,A5MKq7BYw+qB83tDZ0h3IGwyVU5AWgi1ZHH6viwK4ONCAMSsiKrmT+VdUnyVRdQi,1.8436375643741365,6.4653852286273725,2.5873069451252504
25200,A5MKq7BYw+qB83tDZ0h3IGwyVU5AWgi1ZHH6viwK4ONCAMSsiKrmT+VdUnyVRdQi,1.9183164036508504,4.812218938457093,2.5267346014057552
25500,A5MKq7BYw+qB83tDZ0h3IGwyVU5AWgi1ZHH6viwK4ONCAMSsiKrmT+VdUnyVRdQi,1.7193287413978848,3.668646229895304,2.249542877755156
25800,A5MKq7BYw+qB83tDZ0h3IGwyVU5AWgi1ZHH6viwK4ONCAMSsiKrmT+VdUnyVRdQi,1.753974349958485,3.314609621812751,2.245105986556036
26100,A5MKq7BYw+qB83tDZ0h3IGwyVU5AWgi1ZHH6viwK4ONCAMSsiKrmT+VdUnyVRdQi,1.6619625351986758,3.662825500586152,2.247283208445074
26400,A5MKq7BYw+qB83tDZ0h3IGwyVU5AWgi1ZHH6viwK4ONCAMSsiKrmT+VdUnyVRdQi,2.0458204334282764,4.456237281647216,2.4711324697631807
26700,rBjH7WrJCeyxNVpZ5J9L6DfUYxWClx1wz6xMDrGoX2Hi1F2yHmjyOaTy0e3CTi8g,8.949584986831058,42.20533990256046,22.94072809989141
27000,rBjH7WrJCeyxNVpZ5J9L6DfUYxWClx1wz6xMDrGoX2Hi1F2yHmjyOaTy0e3CTi8g,6.088691026809942,46.81376515617144,22.26912646017324
27300,rBjH7WrJCeyxNVpZ5J9L6DfUYxWClx1wz6xMDrGoX2Hi1F2yHmjyOaTy0e3CTi8g,9.99603508692068,62.30750411123383,28.845104648198745
27600,rBjH7WrJCeyxNVpZ5J9L6DfUYxWClx1wz6xMDrGoX2Hi1F2yHmjyOaTy0e3CTi8g,12.446696956614682,40.83900597758807,26.349225734447664
27900,rBjH7WrJCeyxNVpZ5J9L6DfUYxWClx1wz6xMDrGoX2Hi1F2yHmjyOaTy0e3CTi8g,11.151141984639368,56.41717288688983,30.29656138020792
28200,rBjH7WrJCeyxNVpZ5J9L6DfUYxWClx1wz6xMDrGoX2Hi1F2yHmjyOaTy0e3CTi8g,2.1334555143634217,56.97510083707334,27.74249588897785
28500,rBjH7WrJCeyxNVpZ5J9L6DfUYxWClx1wz6xMDrGoX2Hi1F2yHmjyOaTy0e3CTi8g,11.399105794247935,57.23446032487968,37.306303193431766
28800,rBjH7WrJCeyxNVpZ5J9L6DfUYxWClx1wz6xMDrGoX2Hi1F2yHmjyOaTy0e3CTi8g,2.745470265279528,55.16293240369929,21.1650238847009
29100,rBjH7WrJCeyxNVpZ5J9L6DfUYxWClx1wz6xMDrGoX2Hi1F2yHmjyOaTy0e3CTi8g,4.266697044465319,42.164195772419774,24.094727874114792
29400,rBjH7WrJCeyxNVpZ5J9L6DfUYxWClx1wz6xMDrGoX2Hi1F2yHmjyOaTy0e3CTi8g,5.929901683858832,50.57940562443204,25.79414665510963
29700,rBjH7WrJCeyxNVpZ5J9L6DfUYxWClx1wz6xMDrGoX2Hi1F2yHmjyOaTy0e3CTi8g,5.630158197190385,30.520852934888424,18.76741681280544
30000,rBjH7WrJCeyxNVpZ5J9L6DfUYxWClx1wz6xMDrGoX2Hi1F2yHmjyOaTy0e3CTi8g,8.714916489844033,57.72572854834706,32.00414246252744
30300,rBjH7WrJCeyxNVpZ5J9L6DfUYxWClx1wz6xMDrGoX2Hi1F2yHmjyOaTy0e3CTi8g,14.867793727848934,52.34110787169096,30.102260800844512
30600,rBjH7WrJCeyxNVpZ5J9L6DfUYxWClx1wz6xMDrGoX2Hi1F2yHmjyOaTy0e3CTi8g,20.545444306405056,52.861921057563606,34.643717697192336
30900,rBjH7WrJCeyxNVpZ5J9L6DfUYxWClx1wz6xMDrGoX2Hi1F2yHmjyOaTy0e3CTi8g,27.51149716907506,68.28824798682354,48.08918422596194
31200,rBjH7WrJCeyxNVpZ5J9L6DfUYxWClx1wz6xMDrGoX2Hi1F2yHmjyOaTy0e3CTi8g,20.64153962159933,79.39344652895997,41.81128558095804
31500,rBjH7WrJCeyxNVpZ5J9L6DfUYxWClx1wz6xMDrGoX2Hi1F2yHmjyOaTy0e3CTi8g,8.118358805491686,48.1120439455858,25.2617661207601
31800,rBjH7WrJCeyxNVpZ5J9L6DfUYxWClx1wz6xMDrGoX2Hi1F2yHmjyOaTy0e3CTi8g,3.250467428833512,69.35733389502445,26.396743626972587
32100,rBjH7WrJCeyxNVpZ5J9L6DfUYxWClx1wz6xMDrGoX2Hi1F2yHmjyOaTy0e3CTi8g,15.87894109279107,34.260035759626014,24.896075524577235
32400,rBjH7WrJCeyxNVpZ5J9L6DfUYxWClx1wz6xMDrGoX2Hi1F2yHmjyOaTy0e3CTi8g,12.949104529777504,48.42380238932334,29.067014345205514
32700,rBjH7WrJCeyxNVpZ5J9L6DfUYxWClx1wz6xMDrGoX2Hi1F2yHmjyOaTy0e3CTi8g,7.992433005309446,51.80799158783897,26.86492766819087
33000,rBjH7WrJCeyxNVpZ5J9L6DfUYxWClx1wz6xMDrGoX2Hi1F2yHmjyOaTy0e3CTi8g,7.899459281800851,47.646447153740816,22.627998377008595
33300,rBjH7WrJCeyxNVpZ5J9L6DfUYxWClx1wz6xMDrGoX2Hi1F2yHmjyOaTy0e3CTi8g,7.983213948720931,37.45077261191513,22.85635761774522
33600,rBjH7WrJCeyxNVpZ5J9L6DfUYxWClx1wz6xMDrGoX2Hi1F2yHmjyOaTy0e3CTi8g,3.484566294568636,56.98044229527287,24.627729154932528
33900,rBjH7WrJCeyxNVpZ5J9L6DfUYxWClx1wz6xMDrGoX2Hi1F2yHmjyOaTy0e3CTi8g,4.2531052892828685,40.27990178161226,17.759527925875865
34200,rBjH7WrJCeyxNVpZ5J9L6DfUYxWClx1wz6xMDrGoX2Hi1F2yHmjyOaTy0e3CTi8g,7.756091682500384,37.662420167376574,20.65882769447428
34500,rBjH7WrJCeyxNVpZ5J9L6DfUYxWClx1wz6xMDrGoX2Hi1F2yHmjyOaTy0e3CTi8g,6.158850795256928,68.74311698827772,31.75180712477581
34800,rBjH7WrJCeyxNVpZ5J9L6DfUYxWClx1wz6xMDrGoX2Hi1F2yHmjyOaTy0e3CTi8g,2.197406120454977,43.80041215601712,24.45117477860877
35100,rBjH7WrJCeyxNVpZ5J9L6DfUYxWClx1wz6xMDrGoX2Hi1F2yHmjyOaTy0e3CTi8g,11.626394038647971,32.88162310684778,20.15478194603508
35400,rBjH7WrJCeyxNVpZ5J9L6DfUYxWClx1wz6xMDrGoX2Hi1F2yHmjyOaTy0e3CTi8g,6.199004143278145,58.973624725512,32.562061250283485
35700,rBjH7WrJCeyxNVpZ5J9L6DfUYxWClx1wz6xMDrGoX2Hi1F2yHmjyOaTy0e3CTi8g,4.349573430509291,51.016644209055364,22.600994715878976
36000,rBjH7WrJCeyxNVpZ5J9L6DfUYxWClx1wz6xMDrGoX2Hi1F2yHmjyOaTy0e3CTi8g,2.6048388796170014,38.52030246267897,16.502564240182217
36300,rBjH7WrJCeyxNVpZ5J9L6DfUYxWClx1wz6xMDrGoX2Hi1F2yHmjyOaTy0e3CTi8g,12.832384469643491,40.10992495132189,23.058735642389784
36600,rBjH7WrJCeyxNVpZ5J9L6DfUYxWClx1wz6xMDrGoX2Hi1F2yHmjyOaTy0e3CTi8g,6.867252122783513,46.582792373750046,28.62308435087554
36900,rBjH7WrJCeyxNVpZ5J9L6DfUYxWClx1wz6xMDrGoX2Hi1F2yHmjyOaTy0e3CTi8g,5.203622518915836,43.15275445900512,23.886712217507515
37200,rBjH7WrJCeyxNVpZ5J9L6DfUYxWClx1wz6xMDrGoX2Hi1F2yHmjyOaTy0e3CTi8g,21.232708546564176,42.8374880750496,32.58761224846575
37500,rBjH7WrJCeyxNVpZ5J9L6DfUYxWClx1wz6xMDrGoX2Hi1F2yHmjyOaTy0e3CTi8g,8.829956143920315,37.90229931681082,17.939013386600685
37800,rBjH7WrJCeyxNVpZ5J9L6DfUYxWClx1wz6xMDrGoX2Hi1F2yHmjyOaTy0e3CTi8g,8.67078207884299,38.591372087837755,22.05456373640621
38100,rBjH7WrJCeyxNVpZ5J9L6DfUYxWClx1wz6xMDrGoX2Hi1F2yHmjyOaTy0e3CTi8g,3.010547787039203,43.173083098005264,18.236825863913563
38400,rBjH7WrJCeyxNVpZ5J9L6DfUYxWClx1wz6xMDrGoX2Hi1F2yHmjyOaTy0e3CTi8g,3.533527475009868,63.46481823956484,22.476011473805624
38700,rBjH7WrJCeyxNVpZ5J9L6DfUYxWClx1wz6xMDrGoX2Hi1F2yHmjyOaTy0e3CTi8g,5.965314707164442,36.635015268242654,18.64554584082448
39000,rBjH7WrJCeyxNVpZ5J9L6DfUYxWClx1wz6xMDrGoX2Hi1F2yHmjyOaTy0e3CTi8g,2.1691449097756386,54.879096655788736,24.25460157137737
39300,rBjH7WrJCeyxNVpZ5J9L6DfUYxWClx1wz6xMDrGoX2Hi1F2yHmjyOaTy0e3CTi8g,16.660959142555654,69.27698218296918,37.158209928015495
39600,rBjH7WrJCeyxNVpZ5J9L6DfUYxWClx1wz6xMDrGoX2Hi1F2yHmjyOaTy0e3CTi8g,4.165216723934276,52.059887679624005,22.240779598748613
39900,rBjH7WrJCeyxNVpZ5J9L6DfUYxWClx1wz6xMDrGoX2Hi1F2yHmjyOaTy0e3CTi8g,2.5177071577578496,36.24846278265056,17.20067143257608
40200,rBjH7WrJCeyxNVpZ5J9L6DfUYxWClx1wz6xMDrGoX2Hi1F2yHmjyOaTy0e3CTi8g,14.463952812981976,46.90766980413128,27.37389698176915
40500,rBjH7WrJCeyxNVpZ5J9L6DfUYxWClx1wz6xMDrGoX2Hi1F2yHmjyOaTy0e3CTi8g,9.525934744772886,51.01570480229683,25.495784261000008
40800,rBjH7WrJCeyxNVpZ5J9L6DfUYxWClx1wz6xMDrGoX2Hi1F2yHmjyOaTy0e3CTi8g,10.109988674010234,44.30390106841969,21.514843981515288
41100,rBjH7WrJCeyxNVpZ5J9L6DfUYxWClx1wz6xMDrGoX2Hi1F2yHmjyOaTy0e3CTi8g,10.731383920938088,57.394508826463685,30.345980599815864
41400,rBjH7WrJCeyxNVpZ5J9L6DfUYxWClx1wz6xMDrGoX2Hi1F2yHmjyOaTy0e3CTi8g,9.79194204229444,52.28827796658249,29.034019732728893
41700,rBjH7WrJCeyxNVpZ5J9L6DfUYxWClx1wz6xMDrGoX2Hi1F2yHmjyOaTy0e3CTi8g,3.969975250629593,46.47368449912043,24.93979640281751
42000,rBjH7WrJCeyxNVpZ5J9L6DfUYxWClx1wz6xMDrGoX2Hi1F2yHmjyOaTy0e3CTi8g,9.183446844239858,54.82398630566723,30.87214548284518
42300,rBjH7WrJCeyxNVpZ5J9L6DfUYxWClx1wz6xMDrGoX2Hi1F2yHmjyOaTy0e3CTi8g,4.31186363929481,77.48287615664286,38.1182506990653
42600,rBjH7WrJCeyxNVpZ5J9L6DfUYxWClx1wz6xMDrGoX2Hi1F2yHmjyOaTy0e3CTi8g,15.94260216937383,57.01032050390011,36.09438573030455
42900,rBjH7WrJCeyxNVpZ5J9L6DfUYxWClx1wz6xMDrGoX2Hi1F2yHmjyOaTy0e3CTi8g,20.625008280835143,67.23412116645204,37.662699581120144
43200,rBjH7WrJCeyxNVpZ5J9L6DfUYxWClx1wz6xMDrGoX2Hi1F2yHmjyOaTy0e3CTi8g,6.800178989184447,39.58658220342028,25.93161265361412
43500,rBjH7WrJCeyxNVpZ5J9L6DfUYxWClx1wz6xMDrGoX2Hi1F2yHmjyOaTy0e3CTi8g,9.191243406179332,46.68730570887736,24.66105408596021
43800,rBjH7WrJCeyxNVpZ5J9L6DfUYxWClx1wz6xMDrGoX2Hi1F2yHmjyOaTy0e3CTi8g,4.61892796526465,56.67616355032754,26.788463497472065
44100,rBjH7WrJCeyxNVpZ5J9L6DfUYxWClx1wz6xMDrGoX2Hi1F2yHmjyOaTy0e3CTi8g,8.557716995535081,70.53587908544658,33.65557285877896
44400,rBjH7WrJCeyxNVpZ5J9L6DfUYxWClx1wz6xMDrGoX2Hi1F2yHmjyOaTy0e3CTi8g,15.313005580973613,42.42506424837571,27.564261554535797
44700,rBjH7WrJCeyxNVpZ5J9L6DfUYxWClx1wz6xMDrGoX2Hi1F2yHmjyOaTy0e3CTi8g,10.60316053301394,45.18117891881189,27.05578706217704
45000,rBjH7WrJCeyxNVpZ5J9L6DfUYxWClx1wz6xMDrGoX2Hi1F2yHmjyOaTy0e3CTi8g,6.8497829883621915,55.53019615089909,24.57653293095369
45300,rBjH7WrJCeyxNVpZ5J9L6DfUYxWClx1wz6xMDrGoX2Hi1F2yHmjyOaTy0e3CTi8g,6.542842366041459,32.463528210959865,16.9384824291934
45600,rBjH7WrJCeyxNVpZ5J9L6DfUYxWClx1wz6xMDrGoX2Hi1F2yHmjyOaTy0e3CTi8g,9.734170344556322,42.72575275958243,27.5642752623106
45900,rBjH7WrJCeyxNVpZ5J9L6DfUYxWClx1wz6xMDrGoX2Hi1F2yHmjyOaTy0e3CTi8g,6.36428492063492,36.66856169030915,21.002717071932505
46200,rBjH7WrJCeyxNVpZ5J9L6DfUYxWClx1wz6xMDrGoX2Hi1F2yHmjyOaTy0e3CTi8g,11.642299547039393,52.2316249135654,30.267140045308366
46500,rBjH7WrJCeyxNVpZ5J9L6DfUYxWClx1wz6xMDrGoX2Hi1F2yHmjyOaTy0e3CTi8g,9.803074034079652,60.80198207526962,28.128577167234333
46800,rBjH7WrJCeyxNVpZ5J9L6DfUYxWClx1wz6xMDrGoX2Hi1F2yHmjyOaTy0e3CTi8g,6.131037636533951,35.77937695146579,17.121671775698427
47100,rBjH7WrJCeyxNVpZ5J9L6DfUYxWClx1wz6xMDrGoX2Hi1F2yHmjyOaTy0e3CTi8g,8.65202556986591,33.699358704231166,17.72943137660306
47400,rBjH7WrJCeyxNVpZ5J9L6DfUYxWClx1wz6xMDrGoX2Hi1F2yHmjyOaTy0e3CTi8g,12.496994976477438,44.23162671469173,25.391270271909796
47700,rBjH7WrJCeyxNVpZ5J9L6DfUYxWClx1wz6xMDrGoX2Hi1F2yHmjyOaTy0e3CTi8g,4.625372464543115,53.91748203572347,21.466827276654648
48000,rBjH7WrJCeyxNVpZ5J9L6DfUYxWClx1wz6xMDrGoX2Hi1F2yHmjyOaTy0e3CTi8g,5.556991486952417,42.5142135117966,19.930191735333143
48300,rBjH7WrJCeyxNVpZ5J9L6DfUYxWClx1wz6xMDrGoX2Hi1F2yHmjyOaTy0e3CTi8g,7.043741738759221,44.76326835407635,19.104327369021725
48600,rBjH7WrJCeyxNVpZ5J9L6DfUYxWClx1wz6xMDrGoX2Hi1F2yHmjyOaTy0e3CTi8g,5.965475169250452,45.62623045602926,24.91903360957809
48900,rBjH7WrJCeyxNVpZ5J9L6DfUYxWClx1wz6xMDrGoX2Hi1F2yHmjyOaTy0e3CTi8g,5.436401591274121,55.921604284986586,21.41880359040347
49200,rBjH7WrJCeyxNVpZ5J9L6DfUYxWClx1wz6xMDrGoX2Hi1F2yHmjyOaTy0e3CTi8g,10.521667966200248,34.1894579889574,21.082361172236944
49500,rBjH7WrJCeyxNVpZ5J9L6DfUYxWClx1wz6xMDrGoX2Hi1F2yHmjyOaTy0e3CTi8g,5.60176467769175,61.81649358965541,26.77805802334312
49800,rBjH7WrJCeyxNVpZ5J9L6DfUYxWClx1wz6xMDrGoX2Hi1F2yHmjyOaTy0e3CTi8g,9.328513299751572,55.233617377938494,23.789727690749796
50100,rBjH7WrJCeyxNVpZ5J9L6DfUYxWClx1wz6xMDrGoX2Hi1F2yHmjyOaTy0e3CTi8g,16.335340309967517,66.43096357218799,34.29773966142646
50400,rBjH7WrJCeyxNVpZ5J9L6DfUYxWClx1wz6xMDrGoX2Hi1F2yHmjyOaTy0e3CTi8g,17.880586035380336,67.35003432775036,42.97343934148769
50700,rBjH7WrJCeyxNVpZ5J9L6DfUYxWClx1wz6xMDrGoX2Hi1F2yHmjyOaTy0e3CTi8g,20.173676356932816,68.0706339776287,45.036291953545074
51000,rBjH7WrJCeyxNVpZ5J9L6DfUYxWClx1wz6xMDrGoX2Hi1F2yHmjyOaTy0e3CTi8g,20.778231981588107,86.12065420521556,55.20369091124599
51300,rBjH7WrJCeyxNVpZ5J9L6DfUYxWClx1wz6xMDrGoX2Hi1F2yHmjyOaTy0e3CTi8g,47.84043602763441,81.10654190040556,67.41216416079642
51600,rBjH7WrJCeyxNVpZ5J9L6DfUYxWClx1wz6xMDrGoX2Hi1F2yHmjyOaTy0e3CTi8g,27.024999654649797,85.95631081336616,61.26291261663913
51900,rBjH7WrJCeyxNVpZ5J9L6DfUYxWClx1wz6xMDrGoX2Hi1F2yHmjyOaTy0e3CTi8g,14.59785047773902,77.70716223439592,44.74584977935605
52200,rBjH7WrJCeyxNVpZ5J9L6DfUYxWClx1wz6xMDrGoX2Hi1F2yHmjyOaTy0e3CTi8g,6.317597129579484,70.41127834735681,31.964983246328387
52500,rBjH7WrJCeyxNVpZ5J9L6DfUYxWClx1wz6xMDrGoX2Hi1F2yHmjyOaTy0e3CTi8g,3.2098854480996293,45.419912468824926,22.321471015485866
52800,rBjH7WrJCeyxNVpZ5J9L6DfUYxWClx1wz6xMDrGoX2Hi1F2yHmjyOaTy0e3CTi8g,5.096168817958153,42.408772753637,18.64708124049384
53100,rBjH7WrJCeyxNVpZ5J9L6DfUYxWClx1wz6xMDrGoX2Hi1F2yHmjyOaTy0e3CTi8g,8.589031081430502,45.65666711514566,20.07706288839094
53400,rBjH7WrJCeyxNVpZ5J9L6DfUYxWClx1wz6xMDrGoX2Hi1F2yHmjyOaTy0e3CTi8g,7.0290696728503645,58.99036860784296,17.61610195446406
53700,rBjH7WrJCeyxNVpZ5J9L6DfUYxWClx1wz6xMDrGoX2Hi1F2yHmjyOaTy0e3CTi8g,5.6337749965420185,52.539132181006565,17.700535312960113
54000,rBjH7WrJCeyxNVpZ5J9L6DfUYxWClx1wz6xMDrGoX2Hi1F2yHmjyOaTy0e3CTi8g,8.915301548033213,43.62814255220887,23.23471043196968
54300,rBjH7WrJCeyxNVpZ5J9L6DfUYxWClx1wz6xMDrGoX2Hi1F2yHmjyOaTy0e3CTi8g,7.334228138342556,64.98677569623945,23.60188656352816
54600,rBjH7WrJCeyxNVpZ5J9L6DfUYxWClx1wz6xMDrGoX2Hi1F2yHmjyOaTy0e3CTi8g,11.28023247386402,56.546667534591606,30.193367892249697
54900,rBjH7WrJCeyxNVpZ5J9L6DfUYxWClx1wz6xMDrGoX2Hi1F2yHmjyOaTy0e3CTi8g,5.209145502733932,51.85332573449124,25.857471278474083
55200,rBjH7WrJCeyxNVpZ5J9L6DfUYxWClx1wz6xMDrGoX2Hi1F2yHmjyOaTy0e3CTi8g,6.350256854915451,43.42539721993388,19.075712410035745
55500,rBjH7WrJCeyxNVpZ5J9L6DfUYxWClx1wz6xMDrGoX2Hi1F2yHmjyOaTy0e3CTi8g,15.833574990672622,56.92518844377248,35.57466131236354
55800,rBjH7WrJCeyxNVpZ5J9L6DfUYxWClx1wz6xMDrGoX2Hi1F2yHmjyOaTy0e3CTi8g,9.581716340785666,51.986153064430006,27.372972318997864
56100,rBjH7WrJCeyxNVpZ5J9L6DfUYxWClx1wz6xMDrGoX2Hi1F2yHmjyOaTy0e3CTi8g,4.132796550760004,43.56446534281404,19.750530315040944
56400,rBjH7WrJCeyxNVpZ5J9L6DfUYxWClx1wz6xMDrGoX2Hi1F2yHmjyOaTy0e3CTi8g,5.815843932694414,33.4153460049795,17.087871478651206
56700,rBjH7WrJCeyxNVpZ5J9L6DfUYxWClx1wz6xMDrGoX2Hi1F2yHmjyOaTy0e3CTi8g,6.144782938980812,43.09240537294668,22.986676959315872
57000,rBjH7WrJCeyxNVpZ5J9L6DfUYxWClx1wz6xMDrGoX2Hi1F2yHmjyOaTy0e3CTi8g,14.252160884884544,57.696815458323165,26.709380508435736
57300,rBjH7WrJCeyxNVpZ5J9L6DfUYxWClx1wz6xMDrGoX2Hi1F2yHmjyOaTy0e3CTi8g,9.06771769636342,49.71242859750634,23.99501604768496
57600,rBjH7WrJCeyxNVpZ5J9L6DfUYxWClx1wz6xMDrGoX2Hi1F2yHmjyOaTy0e3CTi8g,2.462759582264374,54.959835401708006,21.81847141269812
57900,rBjH7WrJCeyxNVpZ5J9L6DfUYxWClx1wz6xMDrGoX2Hi1F2yHmjyOaTy0e3CTi8g,3.69254149373813,51.18822421188838,28.043984957150244
58200,rBjH7WrJCeyxNVpZ5J9L6DfUYxWClx1wz6xMDrGoX2Hi1F2yHmjyOaTy0e3CTi8g,6.571148980806494,42.64599372219862,20.128056850476668
58500,rBjH7WrJCeyxNVpZ5J9L6DfUYxWClx1wz6xMDrGoX2Hi1F2yHmjyOaTy0e3CTi8g,5.175312802824811,43.53666871802576,19.90690892844193
58800,rBjH7WrJCeyxNVpZ5J9L6DfUYxWClx1wz6xMDrGoX2Hi1F2yHmjyOaTy0e3CTi8g,2.818412871750993,46.98953818071772,13.992568117168354
59100,rBjH7WrJCeyxNVpZ5J9L6DfUYxWClx1wz6xMDrGoX2Hi1F2yHmjyOaTy0e3CTi8g,2.8774388180175583,32.99789729758532,13.36387627592061
59400,rBjH7WrJCeyxNVpZ5J9L6DfUYxWClx1wz6xMDrGoX2Hi1F2yHmjyOaTy0e3CTi8g,4.658370924376525,35.77218718119631,17.739107445811904
59700,rBjH7WrJCeyxNVpZ5J9L6DfUYxWClx1wz6xMDrGoX2Hi1F2yHmjyOaTy0e3CTi8g,2.222895378121091,37.11926515304139,10.187497987509577
60000,rBjH7WrJCeyxNVpZ5J9L6DfUYxWClx1wz6xMDrGoX2Hi1F2yHmjyOaTy0e3CTi8g,2.861665337309483,30.80090065629517,12.007238501204633
60300,rBjH7WrJCeyxNVpZ5J9L6DfUYxWClx1wz6xMDrGoX2Hi1F2yHmjyOaTy0e3CTi8g,5.261723761513641,29.74972487569603,12.501525146876292
60600,rBjH7WrJCeyxNVpZ5J9L6DfUYxWClx1wz6xMDrGoX2Hi1F2yHmjyOaTy0e3CTi8g,5.647811574810112,51.04695874039172,16.076738632753422
60900,rBjH7WrJCeyxNVpZ5J9L6DfUYxWClx1wz6xMDrGoX2Hi1F2yHmjyOaTy0e3CTi8g,3.699428528506621,52.31816832814713,22.636000724808145
61200,rBjH7WrJCeyxNVpZ5J9L6DfUYxWClx1wz6xMDrGoX2Hi1F2yHmjyOaTy0e3CTi8g,4.856679540153291,35.22019008939212,17.247815409638733
61500,rBjH7WrJCeyxNVpZ5J9L6DfUYxWClx1wz6xMDrGoX2Hi1F2yHmjyOaTy0e3CTi8g,3.2346828514634467,37.09023727858244,14.724903614723797
61800,rBjH7WrJCeyxNVpZ5J9L6DfUYxWClx1wz6xMDrGoX2Hi1F2yHmjyOaTy0e3CTi8g,2.452555311993482,28.531873698840837,9.37955369818664
62100,rBjH7WrJCeyxNVpZ5J9L6DfUYxWClx1wz6xMDrGoX2Hi1F2yHmjyOaTy0e3CTi8g,3.568059379761364,17.22795276536558,7.585580814108733
62400,rBjH7WrJCeyxNVpZ5J9L6DfUYxWClx1wz6xMDrGoX2Hi1F2yHmjyOaTy0e3CTi8g,2.484975853183838,30.328997573085303,12.8568105422589
62700,rBjH7WrJCeyxNVpZ5J9L6DfUYxWClx1wz6xMDrGoX2Hi1F2yHmjyOaTy0e3CTi8g,3.146368461549476,47.271881425951854,22.418659573180296
63000,rBjH7WrJCeyxNVpZ5J9L6DfUYxWClx1wz6xMDrGoX2Hi1F2yHmjyOaTy0e3CTi8g,7.862582546673923,38.51830568343358,18.81614589188963
63300,rBjH7WrJCeyxNVpZ5J9L6DfUYxWClx1wz6xMDrGoX2Hi1F2yHmjyOaTy0e3CTi8g,3.942769568023608,39.25311274942736,18.004626385639078
63600,rBjH7WrJCeyxNVpZ5J9L6DfUYxWClx1wz6xMDrGoX2Hi1F2yHmjyOaTy0e3CTi8g,10.48480782417698,47.66420308554556,25.5074189438475
63900,rBjH7WrJCeyxNVpZ5J9L6DfUYxWClx1wz6xMDrGoX2Hi1F2yHmjyOaTy0e3CTi8g,3.873028433849696,30.350713544083995,12.66877054011668
64200,rBjH7WrJCeyxNVpZ5J9L6DfUYxWClx1wz6xMDrGoX2Hi1F2yHmjyOaTy0e3CTi8g,3.6108460105762097,48.092431646475575,15.514313852912505
64500,rBjH7WrJCeyxNVpZ5J9L6DfUYxWClx1wz6xMDrGoX2Hi1F2yHmjyOaTy0e3CTi8g,2.105942850415861,35.766784832911775,10.515056273378653
64800,rBjH7WrJCeyxNVpZ5J9L6DfUYxWClx1wz6xMDrGoX2Hi1F2yHmjyOaTy0e3CTi8g,5.900035702143914,29.21637739132593,16.561715784475645
65100,rBjH7WrJCeyxNVpZ5J9L6DfUYxWClx1wz6xMDrGoX2Hi1F2yHmjyOaTy0e3CTi8g,7.412991593583805,33.74399161247137,16.65669563474942
65400,rBjH7WrJCeyxNVpZ5J9L6DfUYxWClx1wz6xMDrGoX2Hi1F2yHmjyOaTy0e3CTi8g,3.3152671207363045,54.35350161342261,22.470968630042087
65700,rBjH7WrJCeyxNVpZ5J9L6DfUYxWClx1wz6xMDrGoX2Hi1F2yHmjyOaTy0e3CTi8g,6.708528018392712,35.35723566520697,15.514200002306213
66000,rBjH7WrJCeyxNVpZ5J9L6DfUYxWClx1wz6xMDrGoX2Hi1F2yHmjyOaTy0e3CTi8g,10.262389658516458,52.226728694931566,31.09794635412121
66300,rBjH7WrJCeyxNVpZ5J9L6DfUYxWClx1wz6xMDrGoX2Hi1F2yHmjyOaTy0e3CTi8g,27.85761563837295,72.87507831681515,50.32205058425589
66600,rBjH7WrJCeyxNVpZ5J9L6DfUYxWClx1wz6xMDrGoX2Hi1F2yHmjyOaTy0e3CTi8g,4.521836752364395,78.30305215419885,41.05624155812083
66900,rBjH7WrJCeyxNVpZ5J9L6DfUYxWClx1wz6xMDrGoX2Hi1F2yHmjyOaTy0e3CTi8g,7.849851596070748,24.38915585235849,15.42566884373798
67200,rBjH7WrJCeyxNVpZ5J9L6DfUYxWClx1wz6xMDrGoX2Hi1F2yHmjyOaTy0e3CTi8g,7.1180094847839595,74.2795765833408,46.12435381126611
67500,rBjH7WrJCeyxNVpZ5J9L6DfUYxWClx1wz6xMDrGoX2Hi1F2yHmjyOaTy0e3CTi8g,4.268190272667503,62.34374823243888,25.107211324535893
67800,rBjH7WrJCeyxNVpZ5J9L6DfUYxWClx1wz6xMDrGoX2Hi1F2yHmjyOaTy0e3CTi8g,7.711589936303626,64.72995410874265,26.16371309594273
68100,rBjH7WrJCeyxNVpZ5J9L6DfUYxWClx1wz6xMDrGoX2Hi1F2yHmjyOaTy0e3CTi8g,9.778057143522057,58.01278016586068,22.921797966913555
68400,rBjH7WrJCeyxNVpZ5J9L6DfUYxWClx1wz6xMDrGoX2Hi1F2yHmjyOaTy0e3CTi8g,6.145264639234709,63.49599242008498,24.78827158648072
68700,rBjH7WrJCeyxNVpZ5J9L6DfUYxWClx1wz6xMDrGoX2Hi1F2yHmjyOaTy0e3CTi8g,7.743118413719189,64.22563911158932,23.98950413694119
69000,rBjH7WrJCeyxNVpZ5J9L6DfUYxWClx1wz6xMDrGoX2Hi1F2yHmjyOaTy0e3CTi8g,9.336937389843536,48.786434688019575,25.59565371797108
69300,rBjH7WrJCeyxNVpZ5J9L6DfUYxWClx1wz6xMDrGoX2Hi1F2yHmjyOaTy0e3CTi8g,3.615316797432164,55.12194226197615,27.540015162403137
69600,rBjH7WrJCeyxNVpZ5J9L6DfUYxWClx1wz6xMDrGoX2Hi1F2yHmjyOaTy0e3CTi8g,11.442110518216683,53.833154503809055,28.14849984478423
69900,rBjH7WrJCeyxNVpZ5J9L6DfUYxWClx1wz6xMDrGoX2Hi1F2yHmjyOaTy0e3CTi8g,4.45430606400759,61.31845023332172,33.3752316397584
70200,rBjH7WrJCeyxNVpZ5J9L6DfUYxWClx1wz6xMDrGoX2Hi1F2yHmjyOaTy0e3CTi8g,23.09865899134288,78.86453937672688,44.091019582317664
70500,rBjH7WrJCeyxNVpZ5J9L6DfUYxWClx1wz6xMDrGoX2Hi1F2yHmjyOaTy0e3CTi8g,22.084696928236497,70.05105012946144,45.76273221352949
70800,rBjH7WrJCeyxNVpZ5J9L6DfUYxWClx1wz6xMDrGoX2Hi1F2yHmjyOaTy0e3CTi8g,3.3472967881385096,59.0990814783877,22.434503867023476
71100,rBjH7WrJCeyxNVpZ5J9L6DfUYxWClx1wz6xMDrGoX2Hi1F2yHmjyOaTy0e3CTi8g,2.880883270082644,64.78848520255417,34.728080779185085
71400,rBjH7WrJCeyxNVpZ5J9L6DfUYxWClx1wz6xMDrGoX2Hi1F2yHmjyOaTy0e3CTi8g,9.634902397295727,55.75617514051394,26.775359056713786
71700,rBjH7WrJCeyxNVpZ5J9L6DfUYxWClx1wz6xMDrGoX2Hi1F2yHmjyOaTy0e3CTi8g,13.876964767988092,56.123616578432944,27.73930832291788
72000,rBjH7WrJCeyxNVpZ5J9L6DfUYxWClx1wz6xMDrGoX2Hi1F2yHmjyOaTy0e3CTi8g,4.627967997338743,45.27079385011364,23.707065368811158
72300,rBjH7WrJCeyxNVpZ5J9L6DfUYxWClx1wz6xMDrGoX2Hi1F2yHmjyOaTy0e3CTi8g,9.219310032902342,48.87611568876409,21.277126326481163
72600,rBjH7WrJCeyxNVpZ5J9L6DfUYxWClx1wz6xMDrGoX2Hi1F2yHmjyOaTy0e3CTi8g,7.5683729676816816,33.015873674053,20.125961281446862
72900,rBjH7WrJCeyxNVpZ5J9L6DfUYxWClx1wz6xMDrGoX2Hi1F2yHmjyOaTy0e3CTi8g,2.270294890036554,28.67568612856024,11.83708044634599
73200,rBjH7WrJCeyxNVpZ5J9L6DfUYxWClx1wz6xMDrGoX2Hi1F2yHmjyOaTy0e3CTi8g,2.2496166877329578,35.09118220300033,13.87091227396788
73500,rBjH7WrJCeyxNVpZ5J9L6DfUYxWClx1wz6xMDrGoX2Hi1F2yHmjyOaTy0e3CTi8g,4.750457951198955,30.90544646728164,17.844128195657444
73800,rBjH7WrJCeyxNVpZ5J9L6DfUYxWClx1wz6xMDrGoX2Hi1F2yHmjyOaTy0e3CTi8g,3.6971997078240815,19.523537424736244,8.84483796933168
74100,rBjH7WrJCeyxNVpZ5J9L6DfUYxWClx1wz6xMDrGoX2Hi1F2yHmjyOaTy0e3CTi8g,2.436909692585373,20.354571029570465,6.404252649571984
74400,rBjH7WrJCeyxNVpZ5J9L6DfUYxWClx1wz6xMDrGoX2Hi1F2yHmjyOaTy0e3CTi8g,2.2334669968202228,25.31134837312716,10.41669651962224
74700,rBjH7WrJCeyxNVpZ5J9L6DfUYxWClx1wz6xMDrGoX2Hi1F2yHmjyOaTy0e3CTi8g,4.271477618723035,24.596075153479948,14.746785184542649
75000,rBjH7WrJCeyxNVpZ5J9L6DfUYxWClx1wz6xMDrGoX2Hi1F2yHmjyOaTy0e3CTi8g,2.4223015921499167,51.90105787595515,14.445565850628473
75300,rBjH7WrJCeyxNVpZ5J9L6DfUYxWClx1wz6xMDrGoX2Hi1F2yHmjyOaTy0e3CTi8g,2.340704310903728,34.432465812374325,10.46222288727544
75600,rBjH7WrJCeyxNVpZ5J9L6DfUYxWClx1wz6xMDrGoX2Hi1F2yHmjyOaTy0e3CTi8g,2.7878167098072333,30.55836099632425,10.116568018449971
75900,rBjH7WrJCeyxNVpZ5J9L6DfUYxWClx1wz6xMDrGoX2Hi1F2yHmjyOaTy0e3CTi8g,2.3944332089410443,26.950314492001915,9.71769917205266
76200,rBjH7WrJCeyxNVpZ5J9L6DfUYxWClx1wz6xMDrGoX2Hi1F2yHmjyOaTy0e3CTi8g,2.1714786035268,21.521345088387047,8.32123701860101
76500,rBjH7WrJCeyxNVpZ5J9L6DfUYxWClx1wz6xMDrGoX2Hi1F2yHmjyOaTy0e3CTi8g,2.2595481821714034,25.297856605189455,12.601818205926774
76800,rBjH7WrJCeyxNVpZ5J9L6DfUYxWClx1wz6xMDrGoX2Hi1F2yHmjyOaTy0e3CTi8g,2.5340511748152434,49.48286334991006,18.22668167032916
77100,rBjH7WrJCeyxNVpZ5J9L6DfUYxWClx1wz6xMDrGoX2Hi1F2yHmjyOaTy0e3CTi8g,2.6560841747477117,24.965047063183544,11.26205469069019
77400,rBjH7WrJCeyxNVpZ5J9L6DfUYxWClx1wz6xMDrGoX2Hi1F2yHmjyOaTy0e3CTi8g,3.5505937512496253,27.799553902986595,14.136092331859077
77700,rBjH7WrJCeyxNVpZ5J9L6DfUYxWClx1wz6xMDrGoX2Hi1F2yHmjyOaTy0e3CTi8g,2.4302771763914026,16.26839336411885,6.406617306846302
78000,rBjH7WrJCeyxNVpZ5J9L6DfUYxWClx1wz6xMDrGoX2Hi1F2yHmjyOaTy0e3CTi8g,2.5922248391085843,25.824699927163973,9.386662554411329
78300,rBjH7WrJCeyxNVpZ5J9L6DfUYxWClx1wz6xMDrGoX2Hi1F2yHmjyOaTy0e3CTi8g,2.4864177655325066,17.356884477571143,6.0258160937460445
78600,rBjH7WrJCeyxNVpZ5J9L6DfUYxWClx1wz6xMDrGoX2Hi1F2yHmjyOaTy0e3CTi8g,2.2698715965757468,59.50559790235392,12.341100273199896
78900,rBjH7WrJCeyxNVpZ5J9L6DfUYxWClx1wz6xMDrGoX2Hi1F2yHmjyOaTy0e3CTi8g,3.7557963509440584,27.066505926943943,9.668299579280797
79200,rBjH7WrJCeyxNVpZ5J9L6DfUYxWClx1wz6xMDrGoX2Hi1F2yHmjyOaTy0e3CTi8g,2.39063760758169,19.232860628927437,9.117930052265027
79500,rBjH7WrJCeyxNVpZ5J9L6DfUYxWClx1wz6xMDrGoX2Hi1F2yHmjyOaTy0e3CTi8g,2.5804585125637045,24.01086035440088,11.7125887822702
79800,rBjH7WrJCeyxNVpZ5J9L6DfUYxWClx1wz6xMDrGoX2Hi1F2yHmjyOaTy0e3CTi8g,3.8794616878448873,21.284856581400124,10.557828200300929
80100,rBjH7WrJCeyxNVpZ5J9L6DfUYxWClx1wz6xMDrGoX2Hi1F2yHmjyOaTy0e3CTi8g,2.5848794549276355,19.76012577194408,10.98528603440682
80400,rBjH7WrJCeyxNVpZ5J9L6DfUYxWClx1wz6xMDrGoX2Hi1F2yHmjyOaTy0e3CTi8g,2.2827464810048483,16.143930108109863,7.5584399033508864
80700,rBjH7WrJCeyxNVpZ5J9L6DfUYxWClx1wz6xMDrGoX2Hi1F2yHmjyOaTy0e3CTi8g,2.63136617046052,48.26872487773559,21.9052054485142
81000,rBjH7WrJCeyxNVpZ5J9L6DfUYxWClx1wz6xMDrGoX2Hi1F2yHmjyOaTy0e3CTi8g,3.024390928841816,18.871461484055615,6.250429618305681
81300,rBjH7WrJCeyxNVpZ5J9L6DfUYxWClx1wz6xMDrGoX2Hi1F2yHmjyOaTy0e3CTi8g,2.4354966517235144,9.351655880056772,4.982638333211834
81600,rBjH7WrJCeyxNVpZ5J9L6DfUYxWClx1wz6xMDrGoX2Hi1F2yHmjyOaTy0e3CTi8g,2.414376096882737,18.64442838101988,6.147945363092513
81900,rBjH7WrJCeyxNVpZ5J9L6DfUYxWClx1wz6xMDrGoX2Hi1F2yHmjyOaTy0e3CTi8g,2.6403260273199387,11.77318959096127,6.265785084161564
82200,rBjH7WrJCeyxNVpZ5J9L6DfUYxWClx1wz6xMDrGoX2Hi1F2yHmjyOaTy0e3CTi8g,2.7673931606164186,28.903001568680185,8.199184983142262
82500,rBjH7WrJCeyxNVpZ5J9L6DfUYxWClx1wz6xMDrGoX2Hi1F2yHmjyOaTy0e3CTi8g,2.1795331537006994,8.800482655193436,4.64154770191111
82800,rBjH7WrJCeyxNVpZ5J9L6DfUYxWClx1wz6xMDrGoX2Hi1F2yHmjyOaTy0e3CTi8g,2.18299861545569,15.188183669164903,4.775991029310653
83100,rBjH7WrJCeyxNVpZ5J9L6DfUYxWClx1wz6xMDrGoX2Hi1F2yHmjyOaTy0e3CTi8g,2.0298359762786227,11.404855288742008,4.407153307844358
83400,rBjH7WrJCeyxNVpZ5J9L6DfUYxWClx1wz6xMDrGoX2Hi1F2yHmjyOaTy0e3CTi8g,2.3310911054754646,15.17181587955251,5.108080100421168
83700,rBjH7WrJCeyxNVpZ5J9L6DfUYxWClx1wz6xMDrGoX2Hi1F2yHmjyOaTy0e3CTi8g,1.95748523770132,15.167653968536746,3.60441136203711
84000,rBjH7WrJCeyxNVpZ5J9L6DfUYxWClx1wz6xMDrGoX2Hi1F2yHmjyOaTy0e3CTi8g,1.961676425657556,12.12942661750072,5.765414333793384
84300,rBjH7WrJCeyxNVpZ5J9L6DfUYxWClx1wz6xMDrGoX2Hi1F2yHmjyOaTy0e3CTi8g,2.5401492380377926,20.397217138732664,7.72431895353002
84600,rBjH7WrJCeyxNVpZ5J9L6DfUYxWClx1wz6xMDrGoX2Hi1F2yHmjyOaTy0e3CTi8g,2.5625070316362843,20.554771124051655,8.499053346751122
84900,rBjH7WrJCeyxNVpZ5J9L6DfUYxWClx1wz6xMDrGoX2Hi1F2yHmjyOaTy0e3CTi8g,2.4624416840020684,19.4650492105952,7.581732992266147
85200,rBjH7WrJCeyxNVpZ5J9L6DfUYxWClx1wz6xMDrGoX2Hi1F2yHmjyOaTy0e3CTi8g,2.1407021123027015,13.0264926954813,5.731557581595579
85500,rBjH7WrJCeyxNVpZ5J9L6DfUYxWClx1wz6xMDrGoX2Hi1F2yHmjyOaTy0e3CTi8g,2.4626726053023367,12.362758024136031,4.48926108275724
85800,rBjH7WrJCeyxNVpZ5J9L6DfUYxWClx1wz6xMDrGoX2Hi1F2yHmjyOaTy0e3CTi8g,2.449479602544661,19.29808461474064,6.807025899593016
86100,rBjH7WrJCeyxNVpZ5J9L6DfUYxWClx1wz6xMDrGoX2Hi1F2yHmjyOaTy0e3CTi8g,2.1671880485981734,25.147894233907596,11.201299385406076
86400,rBjH7WrJCeyxNVpZ5J9L6DfUYxWClx1wz6xMDrGoX2Hi1F2yHmjyOaTy0e3CTi8g,2.3233967206853445,23.539075502369208,11.194832923439668
86700,rBjH7WrJCeyxNVpZ5J9L6DfUYxWClx1wz6xMDrGoX2Hi1F2yHmjyOaTy0e3CTi8g,2.7307675706645487,21.525078935070344,6.85967839831822
87000,rBjH7WrJCeyxNVpZ5J9L6DfUYxWClx1wz6xMDrGoX2Hi1F2yHmjyOaTy0e3CTi8g,2.1887016484278115,23.15727021480528,5.870967593283601
87300,rBjH7WrJCeyxNVpZ5J9L6DfUYxWClx1wz6xMDrGoX2Hi1F2yHmjyOaTy0e3CTi8g,2.4299820968381587,25.00827216581504,12.389854888068808
87600,rBjH7WrJCeyxNVpZ5J9L6DfUYxWClx1wz6xMDrGoX2Hi1F2yHmjyOaTy0e3CTi8g,2.553990973789248,33.717058044323124,12.641979626436235
87900,rBjH7WrJCeyxNVpZ5J9L6DfUYxWClx1wz6xMDrGoX2Hi1F2yHmjyOaTy0e3CTi8g,2.6687467438694985,22.5618863605501,9.987103530441535
88200,rBjH7WrJCeyxNVpZ5J9L6DfUYxWClx1wz6xMDrGoX2Hi1F2yHmjyOaTy0e3CTi8g,2.540903829810941,39.7874972348716,9.989417442897357
88500,rBjH7WrJCeyxNVpZ5J9L6DfUYxWClx1wz6xMDrGoX2Hi1F2yHmjyOaTy0e3CTi8g,2.573386643047677,15.117633856104636,5.867387093994905
88800,rBjH7WrJCeyxNVpZ5J9L6DfUYxWClx1wz6xMDrGoX2Hi1F2yHmjyOaTy0e3CTi8g,2.2696109872396315,12.200439264658026,5.799429643270187
89100,rBjH7WrJCeyxNVpZ5J9L6DfUYxWClx1wz6xMDrGoX2Hi1F2yHmjyOaTy0e3CTi8g,2.3460788438971782,13.770070730928156,4.677496233371916
89400,rBjH7WrJCeyxNVpZ5J9L6DfUYxWClx1wz6xMDrGoX2Hi1F2yHmjyOaTy0e3CTi8g,2.4938564001440726,35.445512983501985,6.797909669514907
89700,rBjH7WrJCeyxNVpZ5J9L6DfUYxWClx1wz6xMDrGoX2Hi1F2yHmjyOaTy0e3CTi8g,2.2782924176884527,19.7017346919496,5.119786447613847
90000,rBjH7WrJCeyxNVpZ5J9L6DfUYxWClx1wz6xMDrGoX2Hi1F2yHmjyOaTy0e3CTi8g,1.9772061894545068,26.98955583491698,8.484245819004
90300,rBjH7WrJCeyxNVpZ5J9L6DfUYxWClx1wz6xMDrGoX2Hi1F2yHmjyOaTy0e3CTi8g,2.4034090425066195,24.92159683117316,7.464436021797345
90600,rBjH7WrJCeyxNVpZ5J9L6DfUYxWClx1wz6xMDrGoX2Hi1F2yHmjyOaTy0e3CTi8g,2.6175760669335206,29.20588730736104,8.649579112304641
90900,rBjH7WrJCeyxNVpZ5J9L6DfUYxWClx1wz6xMDrGoX2Hi1F2yHmjyOaTy0e3CTi8g,2.347968067808881,8.430193837199623,3.977607802086328
91200,rBjH7WrJCeyxNVpZ5J9L6DfUYxWClx1wz6xMDrGoX2Hi1F2yHmjyOaTy0e3CTi8g,2.2097906759100483,9.287019952857642,4.451548054966293
91500,rBjH7WrJCeyxNVpZ5J9L6DfUYxWClx1wz6xMDrGoX2Hi1F2yHmjyOaTy0e3CTi8g,2.479927102969985,35.557359435448426,10.914366054409946
91800,rBjH7WrJCeyxNVpZ5J9L6DfUYxWClx1wz6xMDrGoX2Hi1F2yHmjyOaTy0e3CTi8g,2.7385747556810784,27.19562549367365,8.778423177860915
92100,rBjH7WrJCeyxNVpZ5J9L6DfUYxWClx1wz6xMDrGoX2Hi1F2yHmjyOaTy0e3CTi8g,2.2801942950667557,24.14927958469461,7.129448011907944
92400,rBjH7WrJCeyxNVpZ5J9L6DfUYxWClx1wz6xMDrGoX2Hi1F2yHmjyOaTy0e3CTi8g,2.0477565925196566,9.446870146184816,4.322651533510716
92700,rBjH7WrJCeyxNVpZ5J9L6DfUYxWClx1wz6xMDrGoX2Hi1F2yHmjyOaTy0e3CTi8g,2.437824715300981,11.324269295234355,4.059269667457884
93000,rBjH7WrJCeyxNVpZ5J9L6DfUYxWClx1wz6xMDrGoX2Hi1F2yHmjyOaTy0e3CTi8g,2.403329465653437,25.53038359750256,6.084848258981852
93300,rBjH7WrJCeyxNVpZ5J9L6DfUYxWClx1wz6xMDrGoX2Hi1F2yHmjyOaTy0e3CTi8g,2.2548042321203834,13.814102946463374,4.838312679512676
93600,rBjH7WrJCeyxNVpZ5J9L6DfUYxWClx1wz6xMDrGoX2Hi1F2yHmjyOaTy0e3CTi8g,2.3339608187172294,11.146586150466389,5.323711000989599
93900,rBjH7WrJCeyxNVpZ5J9L6DfUYxWClx1wz6xMDrGoX2Hi1F2yHmjyOaTy0e3CTi8g,2.1395175442772008,18.07425842935333,4.149205722623689
94200,rBjH7WrJCeyxNVpZ5J9L6DfUYxWClx1wz6xMDrGoX2Hi1F2yHmjyOaTy0e3CTi8g,2.2452546340667654,25.326513979762268,4.638056035748129
94500,rBjH7WrJCeyxNVpZ5J9L6DfUYxWClx1wz6xMDrGoX2Hi1F2yHmjyOaTy0e3CTi8g,2.429540144091515,17.729716857342343,5.302131594403854
94800,rBjH7WrJCeyxNVpZ5J9L6DfUYxWClx1wz6xMDrGoX2Hi1F2yHmjyOaTy0e3CTi8g,2.501677471826405,15.372337957564044,5.796489823954896
95100,rBjH7WrJCeyxNVpZ5J9L6DfUYxWClx1wz6xMDrGoX2Hi1F2yHmjyOaTy0e3CTi8g,2.2242615796063525,9.210682611920605,5.330317263839764
95400,rBjH7WrJCeyxNVpZ5J9L6DfUYxWClx1wz6xMDrGoX2Hi1F2yHmjyOaTy0e3CTi8g,2.305723780060679,26.13005185781309,5.905903853490212
95700,rBjH7WrJCeyxNVpZ5J9L6DfUYxWClx1wz6xMDrGoX2Hi1F2yHmjyOaTy0e3CTi8g,2.1019928740476983,9.459638443925924,4.638707282739441
96000,rBjH7WrJCeyxNVpZ5J9L6DfUYxWClx1wz6xMDrGoX2Hi1F2yHmjyOaTy0e3CTi8g,2.3840427648715306,9.987950172649873,4.837896312334779
96300,rBjH7WrJCeyxNVpZ5J9L6DfUYxWClx1wz6xMDrGoX2Hi1F2yHmjyOaTy0e3CTi8g,2.468978064462992,23.81550945645112,8.498112781487352
96600,rBjH7WrJCeyxNVpZ5J9L6DfUYxWClx1wz6xMDrGoX2Hi1F2yHmjyOaTy0e3CTi8g,2.2998512968696465,24.42234233936937,8.479624388816523
96900,rBjH7WrJCeyxNVpZ5J9L6DfUYxWClx1wz6xMDrGoX2Hi1F2yHmjyOaTy0e3CTi8g,2.328509166150349,10.54038664548157,4.549526009549844
97200,rBjH7WrJCeyxNVpZ5J9L6DfUYxWClx1wz6xMDrGoX2Hi1F2yHmjyOaTy0e3CTi8g,2.2200228690054544,11.779256152719675,4.635020388739537
97500,rBjH7WrJCeyxNVpZ5J9L6DfUYxWClx1wz6xMDrGoX2Hi1F2yHmjyOaTy0e3CTi8g,2.368758143762376,12.18232037227672,4.562269250541184
97800,rBjH7WrJCeyxNVpZ5J9L6DfUYxWClx1wz6xMDrGoX2Hi1F2yHmjyOaTy0e3CTi8g,2.101554575993685,18.76796333717436,4.822894188793684
98100,rBjH7WrJCeyxNVpZ5J9L6DfUYxWClx1wz6xMDrGoX2Hi1F2yHmjyOaTy0e3CTi8g,2.285866553947179,5.517213128047398,3.2272180681975
98400,rBjH7WrJCeyxNVpZ5J9L6DfUYxWClx1wz6xMDrGoX2Hi1F2yHmjyOaTy0e3CTi8g,2.2394627423082176,10.05085031538798,3.863082224439178
98700,rBjH7WrJCeyxNVpZ5J9L6DfUYxWClx1wz6xMDrGoX2Hi1F2yHmjyOaTy0e3CTi8g,2.352273283068219,13.803299315806022,3.8934007820304366
99000,rBjH7WrJCeyxNVpZ5J9L6DfUYxWClx1wz6xMDrGoX2Hi1F2yHmjyOaTy0e3CTi8g,2.3462221696382706,23.145114422522575,4.698617980128607
99300,rBjH7WrJCeyxNVpZ5J9L6DfUYxWClx1wz6xMDrGoX2Hi1F2yHmjyOaTy0e3CTi8g,2.1492710278265448,8.895502109119677,3.9580841321883526
99600,rBjH7WrJCeyxNVpZ5J9L6DfUYxWClx1wz6xMDrGoX2Hi1F2yHmjyOaTy0e3CTi8g,2.432853065393053,5.502199919970357,3.460643068895351
99900,rBjH7WrJCeyxNVpZ5J9L6DfUYxWClx1wz6xMDrGoX2Hi1F2yHmjyOaTy0e3CTi8g,3.234702282671348,21.147466798631804,9.238393099443996
100200,rBjH7WrJCeyxNVpZ5J9L6DfUYxWClx1wz6xMDrGoX2Hi1F2yHmjyOaTy0e3CTi8g,3.6371304532383175,35.2768010089313,11.918158404028793
100500,rBjH7WrJCeyxNVpZ5J9L6DfUYxWClx1wz6xMDrGoX2Hi1F2yHmjyOaTy0e3CTi8g,2.5240181443276546,16.556141266283714,7.93803981436033
100800,rBjH7WrJCeyxNVpZ5J9L6DfUYxWClx1wz6xMDrGoX2Hi1F2yHmjyOaTy0e3CTi8g,2.26856646631785,12.812611106576943,3.803859858930508
101100,rBjH7WrJCeyxNVpZ5J9L6DfUYxWClx1wz6xMDrGoX2Hi1F2yHmjyOaTy0e3CTi8g,2.3095350112341646,52.275900758686326,11.274116571859548
101400,rBjH7WrJCeyxNVpZ5J9L6DfUYxWClx1wz6xMDrGoX2Hi1F2yHmjyOaTy0e3CTi8g,2.0839297846009974,30.212610816876744,11.157196929793262
101700,rBjH7WrJCeyxNVpZ5J9L6DfUYxWClx1wz6xMDrGoX2Hi1F2yHmjyOaTy0e3CTi8g,2.2662972058752424,30.82536422754043,6.521906998997821
102000,rBjH7WrJCeyxNVpZ5J9L6DfUYxWClx1wz6xMDrGoX2Hi1F2yHmjyOaTy0e3CTi8g,2.144504083109279,11.039415303684764,4.127511866247177
102300,rBjH7WrJCeyxNVpZ5J9L6DfUYxWClx1wz6xMDrGoX2Hi1F2yHmjyOaTy0e3CTi8g,2.140848840762553,17.697414332054954,5.604671616638592
102600,rBjH7WrJCeyxNVpZ5J9L6DfUYxWClx1wz6xMDrGoX2Hi1F2yHmjyOaTy0e3CTi8g,2.1125816965443898,33.17292567619697,5.00230738378544
102900,rBjH7WrJCeyxNVpZ5J9L6DfUYxWClx1wz6xMDrGoX2Hi1F2yHmjyOaTy0e3CTi8g,2.0724736650322813,6.521170427235303,3.2447127102282485
103200,rBjH7WrJCeyxNVpZ5J9L6DfUYxWClx1wz6xMDrGoX2Hi1F2yHmjyOaTy0e3CTi8g,1.9139738494122576,9.076613999522147,3.633643113480919
103500,rBjH7WrJCeyxNVpZ5J9L6DfUYxWClx1wz6xMDrGoX2Hi1F2yHmjyOaTy0e3CTi8g,2.907890214400851,33.55243649725594,14.82086062394086
103800,rBjH7WrJCeyxNVpZ5J9L6DfUYxWClx1wz6xMDrGoX2Hi1F2yHmjyOaTy0e3CTi8g,2.1118712657382663,27.03029821569209,7.162657114601276
104100,rBjH7WrJCeyxNVpZ5J9L6DfUYxWClx1wz6xMDrGoX2Hi1F2yHmjyOaTy0e3CTi8g,2.2968242244689936,5.427236288139657,3.5007420346829186
104400,rBjH7WrJCeyxNVpZ5J9L6DfUYxWClx1wz6xMDrGoX2Hi1F2yHmjyOaTy0e3CTi8g,2.11572585854158,8.30804456185954,4.143163020350533
104700,rBjH7WrJCeyxNVpZ5J9L6DfUYxWClx1wz6xMDrGoX2Hi1F2yHmjyOaTy0e3CTi8g,2.37351776256594,54.07278387386832,10.516682965292404
105000,rBjH7WrJCeyxNVpZ5J9L6DfUYxWClx1wz6xMDrGoX2Hi1F2yHmjyOaTy0e3CTi8g,2.16246136715579,29.00704002653568,5.486985899320454
105300,rBjH7WrJCeyxNVpZ5J9L6DfUYxWClx1wz6xMDrGoX2Hi1F2yHmjyOaTy0e3CTi8g,2.336623225062074,11.60875816714049,4.210254219693657
105600,rBjH7WrJCeyxNVpZ5J9L6DfUYxWClx1wz6xMDrGoX2Hi1F2yHmjyOaTy0e3CTi8g,2.259506209556001,16.957890319174957,4.2366162898414155
105900,rBjH7WrJCeyxNVpZ5J9L6DfUYxWClx1wz6xMDrGoX2Hi1F2yHmjyOaTy0e3CTi8g,2.1289548666239746,14.648860089716374,3.8959004360678486
106200,rBjH7WrJCeyxNVpZ5J9L6DfUYxWClx1wz6xMDrGoX2Hi1F2yHmjyOaTy0e3CTi8g,2.323646068689284,45.44499137914982,8.418508604350336
106500,rBjH7WrJCeyxNVpZ5J9L6DfUYxWClx1wz6xMDrGoX2Hi1F2yHmjyOaTy0e3CTi8g,2.135514886354017,9.500056015055064,3.786609710552606
106800,rBjH7WrJCeyxNVpZ5J9L6DfUYxWClx1wz6xMDrGoX2Hi1F2yHmjyOaTy0e3CTi8g,2.3340730832573944,5.535963372069736,3.2873298443043426
107100,rBjH7WrJCeyxNVpZ5J9L6DfUYxWClx1wz6xMDrGoX2Hi1F2yHmjyOaTy0e3CTi8g,2.2749555524719978,11.851966215108096,3.9151286400823
107400,rBjH7WrJCeyxNVpZ5J9L6DfUYxWClx1wz6xMDrGoX2Hi1F2yHmjyOaTy0e3CTi8g,1.9891068997102408,29.44555888877613,5.623674614864207
107700,rBjH7WrJCeyxNVpZ5J9L6DfUYxWClx1wz6xMDrGoX2Hi1F2yHmjyOaTy0e3CTi8g,2.3922884944231915,12.857906578656124,4.922237856498965
108000,rBjH7WrJCeyxNVpZ5J9L6DfUYxWClx1wz6xMDrGoX2Hi1F2yHmjyOaTy0e3CTi8g,2.454576976356143,50.88260870953012,12.13273454809378
108300,rBjH7WrJCeyxNVpZ5J9L6DfUYxWClx1wz6xMDrGoX2Hi1F2yHmjyOaTy0e3CTi8g,2.406516641942495,57.36552221069972,9.740198643669281
108600,rBjH7WrJCeyxNVpZ5J9L6DfUYxWClx1wz6xMDrGoX2Hi1F2yHmjyOaTy0e3CTi8g,2.5186760405585806,23.862765174241044,4.921392516250916
108900,rBjH7WrJCeyxNVpZ5J9L6DfUYxWClx1wz6xMDrGoX2Hi1F2yHmjyOaTy0e3CTi8g,2.075926716171919,12.2623133063594,3.8125184946129
109200,rBjH7WrJCeyxNVpZ5J9L6DfUYxWClx1wz6xMDrGoX2Hi1F2yHmjyOaTy0e3CTi8g,2.0108924603674896,18.856990155094078,7.1258772585322605
109500,rBjH7WrJCeyxNVpZ5J9L6DfUYxWClx1wz6xMDrGoX2Hi1F2yHmjyOaTy0e3CTi8g,2.4263640405599154,13.641643108995051,4.7008549788121625
109800,rBjH7WrJCeyxNVpZ5J9L6DfUYxWClx1wz6xMDrGoX2Hi1F2yHmjyOaTy0e3CTi8g,2.435080966523683,24.586634790678836,5.937894301973995
110100,rBjH7WrJCeyxNVpZ5J9L6DfUYxWClx1wz6xMDrGoX2Hi1F2yHmjyOaTy0e3CTi8g,2.1856319169677105,5.683191618780216,3.2759285611571887
110400,rBjH7WrJCeyxNVpZ5J9L6DfUYxWClx1wz6xMDrGoX2Hi1F2yHmjyOaTy0e3CTi8g,2.1658701063875063,5.428653940172869,3.169947464012993
110700,rBjH7WrJCeyxNVpZ5J9L6DfUYxWClx1wz6xMDrGoX2Hi1F2yHmjyOaTy0e3CTi8g,2.15072173459444,12.632723449784349,4.0662038730309416
111000,rBjH7WrJCeyxNVpZ5J9L6DfUYxWClx1wz6xMDrGoX2Hi1F2yHmjyOaTy0e3CTi8g,2.320095949379624,65.79641446141305,15.094539006511866
111300,rBjH7WrJCeyxNVpZ5J9L6DfUYxWClx1wz6xMDrGoX2Hi1F2yHmjyOaTy0e3CTi8g,2.2424887080516114,38.56975036231176,8.660834693281041
111600,rBjH7WrJCeyxNVpZ5J9L6DfUYxWClx1wz6xMDrGoX2Hi1F2yHmjyOaTy0e3CTi8g,3.07075032071633,35.71755487149865,9.122802353422369
111900,rBjH7WrJCeyxNVpZ5J9L6DfUYxWClx1wz6xMDrGoX2Hi1F2yHmjyOaTy0e3CTi8g,2.2219174631726344,42.030711672469714,8.575421653892395
112200,rBjH7WrJCeyxNVpZ5J9L6DfUYxWClx1wz6xMDrGoX2Hi1F2yHmjyOaTy0e3CTi8g,2.537421462298872,25.634668763122693,6.242572031278991
112500,rBjH7WrJCeyxNVpZ5J9L6DfUYxWClx1wz6xMDrGoX2Hi1F2yHmjyOaTy0e3CTi8g,2.9922450634412163,18.895838665922824,9.891096562947602
112800,rBjH7WrJCeyxNVpZ5J9L6DfUYxWClx1wz6xMDrGoX2Hi1F2yHmjyOaTy0e3CTi8g,2.9129944885078096,16.89614348371854,5.245328169434702
113100,rBjH7WrJCeyxNVpZ5J9L6DfUYxWClx1wz6xMDrGoX2Hi1F2yHmjyOaTy0e3CTi8g,2.4543752074060525,13.917198697958671,5.160059454675085
113400,rBjH7WrJCeyxNVpZ5J9L6DfUYxWClx1wz6xMDrGoX2Hi1F2yHmjyOaTy0e3CTi8g,2.1837535172536047,28.95641247907131,5.84702222938186
113700,rBjH7WrJCeyxNVpZ5J9L6DfUYxWClx1wz6xMDrGoX2Hi1F2yHmjyOaTy0e3CTi8g,2.363038775565816,9.435200946258709,4.521715054652954
114000,rBjH7WrJCeyxNVpZ5J9L6DfUYxWClx1wz6xMDrGoX2Hi1F2yHmjyOaTy0e3CTi8g,2.426190216046285,7.53589829935946,4.0559357848507975
114300,rBjH7WrJCeyxNVpZ5J9L6DfUYxWClx1wz6xMDrGoX2Hi1F2yHmjyOaTy0e3CTi8g,2.1210143540025634,13.698080643277766,4.321602400826204
114600,rBjH7WrJCeyxNVpZ5J9L6DfUYxWClx1wz6xMDrGoX2Hi1F2yHmjyOaTy0e3CTi8g,2.497778966964357,32.141709436454384,7.554233613476539
114900,rBjH7WrJCeyxNVpZ5J9L6DfUYxWClx1wz6xMDrGoX2Hi1F2yHmjyOaTy0e3CTi8g,2.2417312618402194,9.44394551329287,4.796722323774544
115200,rBjH7WrJCeyxNVpZ5J9L6DfUYxWClx1wz6xMDrGoX2Hi1F2yHmjyOaTy0e3CTi8g,2.3472666956323445,6.599792056154523,3.63118386167827
115500,rBjH7WrJCeyxNVpZ5J9L6DfUYxWClx1wz6xMDrGoX2Hi1F2yHmjyOaTy0e3CTi8g,2.123952946650269,15.34933957574385,4.700567554104513
115800,rBjH7WrJCeyxNVpZ5J9L6DfUYxWClx1wz6xMDrGoX2Hi1F2yHmjyOaTy0e3CTi8g,2.4794134297074795,18.2542781078835,5.6948765105931995
116100,rBjH7WrJCeyxNVpZ5J9L6DfUYxWClx1wz6xMDrGoX2Hi1F2yHmjyOaTy0e3CTi8g,2.2642699120377614,9.646512167744737,4.110322927523252
116400,rBjH7WrJCeyxNVpZ5J9L6DfUYxWClx1wz6xMDrGoX2Hi1F2yHmjyOaTy0e3CTi8g,2.74596682269218,21.29395587490417,6.407530941857188
116700,rBjH7WrJCeyxNVpZ5J9L6DfUYxWClx1wz6xMDrGoX2Hi1F2yHmjyOaTy0e3CTi8g,2.1668418820640105,27.82100063521139,7.81836998286141
117000,rBjH7WrJCeyxNVpZ5J9L6DfUYxWClx1wz6xMDrGoX2Hi1F2yHmjyOaTy0e3CTi8g,2.47158699949143,27.950157212229247,7.460937378713805
117300,rBjH7WrJCeyxNVpZ5J9L6DfUYxWClx1wz6xMDrGoX2Hi1F2yHmjyOaTy0e3CTi8g,2.31871500782485,11.760275351310904,4.997152211208944
117600,rBjH7WrJCeyxNVpZ5J9L6DfUYxWClx1wz6xMDrGoX2Hi1F2yHmjyOaTy0e3CTi8g,2.239790221769964,14.885482680196631,4.768050817528543
117900,rBjH7WrJCeyxNVpZ5J9L6DfUYxWClx1wz6xMDrGoX2Hi1F2yHmjyOaTy0e3CTi8g,2.0417641747794937,14.459614197431062,3.9328888366059767
118200,rBjH7WrJCeyxNVpZ5J9L6DfUYxWClx1wz6xMDrGoX2Hi1F2yHmjyOaTy0e3CTi8g,2.31768465799482,30.253845363655472,6.117014256684057
118500,rBjH7WrJCeyxNVpZ5J9L6DfUYxWClx1wz6xMDrGoX2Hi1F2yHmjyOaTy0e3CTi8g,2.126720548552301,18.863764065544583,5.6833825348606455
118800,rBjH7WrJCeyxNVpZ5J9L6DfUYxWClx1wz6xMDrGoX2Hi1F2yHmjyOaTy0e3CTi8g,2.649714825488536,29.02360017703728,8.195333044785361
119100,rBjH7WrJCeyxNVpZ5J9L6DfUYxWClx1wz6xMDrGoX2Hi1F2yHmjyOaTy0e3CTi8g,2.4385781135213525,15.029526768999906,4.8233273206714795
119400,rBjH7WrJCeyxNVpZ5J9L6DfUYxWClx1wz6xMDrGoX2Hi1F2yHmjyOaTy0e3CTi8g,2.262707139940429,22.485365778640663,5.003541527490904
119700,rBjH7WrJCeyxNVpZ5J9L6DfUYxWClx1wz6xMDrGoX2Hi1F2yHmjyOaTy0e3CTi8g,2.550239333920329,9.875718625567265,5.065398661397687
120000,rBjH7WrJCeyxNVpZ5J9L6DfUYxWClx1wz6xMDrGoX2Hi1F2yHmjyOaTy0e3CTi8g,2.518472019240628,11.773725037647756,5.95082959765532
120300,rBjH7WrJCeyxNVpZ5J9L6DfUYxWClx1wz6xMDrGoX2Hi1F2yHmjyOaTy0e3CTi8g,2.307120624164464,14.097907096147576,5.1102867174942155
120600,rBjH7WrJCeyxNVpZ5J9L6DfUYxWClx1wz6xMDrGoX2Hi1F2yHmjyOaTy0e3CTi8g,2.578791424305354,33.8162516387864,6.343260678126864
120900,rBjH7WrJCeyxNVpZ5J9L6DfUYxWClx1wz6xMDrGoX2Hi1F2yHmjyOaTy0e3CTi8g,2.330984291783388,6.845202867497129,4.114964796650151
121200,rBjH7WrJCeyxNVpZ5J9L6DfUYxWClx1wz6xMDrGoX2Hi1F2yHmjyOaTy0e3CTi8g,2.329726763929436,8.897986377036936,3.95425917518058
121500,rBjH7WrJCeyxNVpZ5J9L6DfUYxWClx1wz6xMDrGoX2Hi1F2yHmjyOaTy0e3CTi8g,2.2115851596201246,14.060539119946002,3.782947028737128
121800,rBjH7WrJCeyxNVpZ5J9L6DfUYxWClx1wz6xMDrGoX2Hi1F2yHmjyOaTy0e3CTi8g,2.2631810301335227,29.74385437055101,6.165649125732457
122100,rBjH7WrJCeyxNVpZ5J9L6DfUYxWClx1wz6xMDrGoX2Hi1F2yHmjyOaTy0e3CTi8g,2.336362339750527,5.664738230180953,3.30365431277619
122400,rBjH7WrJCeyxNVpZ5J9L6DfUYxWClx1wz6xMDrGoX2Hi1F2yHmjyOaTy0e3CTi8g,2.441362278572087,9.940311101105133,3.773838701530871
122700,rBjH7WrJCeyxNVpZ5J9L6DfUYxWClx1wz6xMDrGoX2Hi1F2yHmjyOaTy0e3CTi8g,2.214654011579978,13.789885531644696,3.885469305593333
123000,rBjH7WrJCeyxNVpZ5J9L6DfUYxWClx1wz6xMDrGoX2Hi1F2yHmjyOaTy0e3CTi8g,2.376479399223265,19.526225243059315,5.158848176258421
123300,rBjH7WrJCeyxNVpZ5J9L6DfUYxWClx1wz6xMDrGoX2Hi1F2yHmjyOaTy0e3CTi8g,2.259251737075497,8.573854825894461,4.013921180922996
123600,rBjH7WrJCeyxNVpZ5J9L6DfUYxWClx1wz6xMDrGoX2Hi1F2yHmjyOaTy0e3CTi8g,2.5109344090765897,5.423854916760187,3.3775537624413667
123900,rBjH7WrJCeyxNVpZ5J9L6DfUYxWClx1wz6xMDrGoX2Hi1F2yHmjyOaTy0e3CTi8g,2.1702894184466106,10.79728458799562,4.608459951380923
124200,rBjH7WrJCeyxNVpZ5J9L6DfUYxWClx1wz6xMDrGoX2Hi1F2yHmjyOaTy0e3CTi8g,2.350864917551017,24.482670970438388,4.592144314028742
124500,rBjH7WrJCeyxNVpZ5J9L6DfUYxWClx1wz6xMDrGoX2Hi1F2yHmjyOaTy0e3CTi8g,2.2115564340642058,6.6304028918483855,3.5529404887584013
124800,rBjH7WrJCeyxNVpZ5J9L6DfUYxWClx1wz6xMDrGoX2Hi1F2yHmjyOaTy0e3CTi8g,2.4169975766666467,44.1405361258194,20.764701595400304
125100,rBjH7WrJCeyxNVpZ5J9L6DfUYxWClx1wz6xMDrGoX2Hi1F2yHmjyOaTy0e3CTi8g,2.330945220484744,11.842484091752398,4.371688276960536
125400,rBjH7WrJCeyxNVpZ5J9L6DfUYxWClx1wz6xMDrGoX2Hi1F2yHmjyOaTy0e3CTi8g,2.230527003367831,19.41495876775686,5.398846959094405
125700,rBjH7WrJCeyxNVpZ5J9L6DfUYxWClx1wz6xMDrGoX2Hi1F2yHmjyOaTy0e3CTi8g,2.534139626830569,11.411351381154564,6.138658577323088
126000,rBjH7WrJCeyxNVpZ5J9L6DfUYxWClx1wz6xMDrGoX2Hi1F2yHmjyOaTy0e3CTi8g,2.5260004923686257,11.841565363409426,4.906235589543915
126300,rBjH7WrJCeyxNVpZ5J9L6DfUYxWClx1wz6xMDrGoX2Hi1F2yHmjyOaTy0e3CTi8g,2.3795790840433533,11.067293024818191,4.104137572473423
126600,rBjH7WrJCeyxNVpZ5J9L6DfUYxWClx1wz6xMDrGoX2Hi1F2yHmjyOaTy0e3CTi8g,2.2766762492528696,28.26921950868296,8.302551539066233
126900,rBjH7WrJCeyxNVpZ5J9L6DfUYxWClx1wz6xMDrGoX2Hi1F2yHmjyOaTy0e3CTi8g,2.4138403786253195,13.637973329668162,5.506125110054824
127200,rBjH7WrJCeyxNVpZ5J9L6DfUYxWClx1wz6xMDrGoX2Hi1F2yHmjyOaTy0e3CTi8g,2.461449657548193,20.83267730402916,6.294229958480616
127500,rBjH7WrJCeyxNVpZ5J9L6DfUYxWClx1wz6xMDrGoX2Hi1F2yHmjyOaTy0e3CTi8g,2.7587839381624457,17.36216535475114,7.379109707123763
127800,rBjH7WrJCeyxNVpZ5J9L6DfUYxWClx1wz6xMDrGoX2Hi1F2yHmjyOaTy0e3CTi8g,2.2029228466617647,15.950807664439528,5.089468669160444
128100,rBjH7WrJCeyxNVpZ5J9L6DfUYxWClx1wz6xMDrGoX2Hi1F2yHmjyOaTy0e3CTi8g,2.3348107992595404,16.625026805200427,5.007989766397558
128400,rBjH7WrJCeyxNVpZ5J9L6DfUYxWClx1wz6xMDrGoX2Hi1F2yHmjyOaTy0e3CTi8g,2.591415304670964,22.444015352685927,6.802737598288308
128700,rBjH7WrJCeyxNVpZ5J9L6DfUYxWClx1wz6xMDrGoX2Hi1F2yHmjyOaTy0e3CTi8g,2.2970810583438968,12.397028949248687,5.919678034097948
129000,rBjH7WrJCeyxNVpZ5J9L6DfUYxWClx1wz6xMDrGoX2Hi1F2yHmjyOaTy0e3CTi8g,2.515591533883048,35.240211459720044,14.768080711320584
129300,rBjH7WrJCeyxNVpZ5J9L6DfUYxWClx1wz6xMDrGoX2Hi1F2yHmjyOaTy0e3CTi8g,2.3613076280183063,17.550552132279407,5.826882348224355
129600,rBjH7WrJCeyxNVpZ5J9L6DfUYxWClx1wz6xMDrGoX2Hi1F2yHmjyOaTy0e3CTi8g,2.335370718196181,21.39895128886352,8.10049231232566
129900,rBjH7WrJCeyxNVpZ5J9L6DfUYxWClx1wz6xMDrGoX2Hi1F2yHmjyOaTy0e3CTi8g,3.288468580961092,18.178989421271403,7.207237050961907
130200,rBjH7WrJCeyxNVpZ5J9L6DfUYxWClx1wz6xMDrGoX2Hi1F2yHmjyOaTy0e3CTi8g,2.226847733336809,23.327472382657685,8.915698579152835
130500,rBjH7WrJCeyxNVpZ5J9L6DfUYxWClx1wz6xMDrGoX2Hi1F2yHmjyOaTy0e3CTi8g,2.397820651286439,9.19567517940892,4.265415438054499
130800,rBjH7WrJCeyxNVpZ5J9L6DfUYxWClx1wz6xMDrGoX2Hi1F2yHmjyOaTy0e3CTi8g,2.4994876173777194,24.362274067531505,5.515847289017691
131100,rBjH7WrJCeyxNVpZ5J9L6DfUYxWClx1wz6xMDrGoX2Hi1F2yHmjyOaTy0e3CTi8g,2.4505508889653917,25.422744670902556,10.55021239868264
131400,rBjH7WrJCeyxNVpZ5J9L6DfUYxWClx1wz6xMDrGoX2Hi1F2yHmjyOaTy0e3CTi8g,2.335307325086696,13.67860168309231,6.247245114127132
131700,rBjH7WrJCeyxNVpZ5J9L6DfUYxWClx1wz6xMDrGoX2Hi1F2yHmjyOaTy0e3CTi8g,2.5386976589089936,6.32150074681396,3.8476706412335706
132000,rBjH7WrJCeyxNVpZ5J9L6DfUYxWClx1wz6xMDrGoX2Hi1F2yHmjyOaTy0e3CTi8g,2.4086785258090915,5.319484797614044,3.3324770033366944
132300,rBjH7WrJCeyxNVpZ5J9L6DfUYxWClx1wz6xMDrGoX2Hi1F2yHmjyOaTy0e3CTi8g,1.978066281043412,12.339618551755004,4.994005709479966
132600,rBjH7WrJCeyxNVpZ5J9L6DfUYxWClx1wz6xMDrGoX2Hi1F2yHmjyOaTy0e3CTi8g,2.316116893630337,44.53702782962363,7.838345508701563
132900,rBjH7WrJCeyxNVpZ5J9L6DfUYxWClx1wz6xMDrGoX2Hi1F2yHmjyOaTy0e3CTi8g,2.3256026269905785,9.641885742569896,3.5533323648181203
133200,rBjH7WrJCeyxNVpZ5J9L6DfUYxWClx1wz6xMDrGoX2Hi1F2yHmjyOaTy0e3CTi8g,2.0037910639691883,9.981891564379584,4.158949991131199
133500,rBjH7WrJCeyxNVpZ5J9L6DfUYxWClx1wz6xMDrGoX2Hi1F2yHmjyOaTy0e3CTi8g,1.983670516043897,13.451064579282733,5.646784014307702
133800,rBjH7WrJCeyxNVpZ5J9L6DfUYxWClx1wz6xMDrGoX2Hi1F2yHmjyOaTy0e3CTi8g,2.1448294885198305,18.208521754672127,5.075821632159947
134100,rBjH7WrJCeyxNVpZ5J9L6DfUYxWClx1wz6xMDrGoX2Hi1F2yHmjyOaTy0e3CTi8g,2.0704418592171487,9.168665251984681,3.839022776274768
134400,rBjH7WrJCeyxNVpZ5J9L6DfUYxWClx1wz6xMDrGoX2Hi1F2yHmjyOaTy0e3CTi8g,2.030258743015647,9.871659371126569,3.535005260934631
134700,rBjH7WrJCeyxNVpZ5J9L6DfUYxWClx1wz6xMDrGoX2Hi1F2yHmjyOaTy0e3CTi8g,2.1061663766569803,10.91668466935503,4.208627112976893
135000,rBjH7WrJCeyxNVpZ5J9L6DfUYxWClx1wz6xMDrGoX2Hi1F2yHmjyOaTy0e3CTi8g,2.023349240099974,19.823828949523545,4.324319646121068
135300,rBjH7WrJCeyxNVpZ5J9L6DfUYxWClx1wz6xMDrGoX2Hi1F2yHmjyOaTy0e3CTi8g,1.9731681224924755,7.494465739532571,3.2726648329001606
135600,rBjH7WrJCeyxNVpZ5J9L6DfUYxWClx1wz6xMDrGoX2Hi1F2yHmjyOaTy0e3CTi8g,2.1813768627768466,18.83202849154647,5.510535844697574
135900,rBjH7WrJCeyxNVpZ5J9L6DfUYxWClx1wz6xMDrGoX2Hi1F2yHmjyOaTy0e3CTi8g,2.0568340669819047,13.502141938587672,4.379026373750234
136200,rBjH7WrJCeyxNVpZ5J9L6DfUYxWClx1wz6xMDrGoX2Hi1F2yHmjyOaTy0e3CTi8g,2.282868333113208,29.86988976526857,6.123934706219114
136500,rBjH7WrJCeyxNVpZ5J9L6DfUYxWClx1wz6xMDrGoX2Hi1F2yHmjyOaTy0e3CTi8g,2.054957522340943,5.530916291563797,3.0393136715504294
136800,rBjH7WrJCeyxNVpZ5J9L6DfUYxWClx1wz6xMDrGoX2Hi1F2yHmjyOaTy0e3CTi8g,2.1846571475480543,9.655806750991198,4.07270795153048
137100,rBjH7WrJCeyxNVpZ5J9L6DfUYxWClx1wz6xMDrGoX2Hi1F2yHmjyOaTy0e3CTi8g,2.1018687004199936,25.895920368682543,6.784565507915128
137400,rBjH7WrJCeyxNVpZ5J9L6DfUYxWClx1wz6xMDrGoX2Hi1F2yHmjyOaTy0e3CTi8g,2.0422581548831857,26.96923757577484,4.39003513651309
137700,rBjH7WrJCeyxNVpZ5J9L6DfUYxWClx1wz6xMDrGoX2Hi1F2yHmjyOaTy0e3CTi8g,2.091015075379449,10.727966770387775,4.645626166303735
138000,rBjH7WrJCeyxNVpZ5J9L6DfUYxWClx1wz6xMDrGoX2Hi1F2yHmjyOaTy0e3CTi8g,2.038924874075392,6.098807102015831,3.2407033121447726
138300,rBjH7WrJCeyxNVpZ5J9L6DfUYxWClx1wz6xMDrGoX2Hi1F2yHmjyOaTy0e3CTi8g,2.1712137965705294,13.409301028564688,4.7049710258391775
138600,rBjH7WrJCeyxNVpZ5J9L6DfUYxWClx1wz6xMDrGoX2Hi1F2yHmjyOaTy0e3CTi8g,2.45262723995362,34.582579675404936,6.768569926966107
138900,rBjH7WrJCeyxNVpZ5J9L6DfUYxWClx1wz6xMDrGoX2Hi1F2yHmjyOaTy0e3CTi8g,2.2935364365486337,7.99408246500639,4.2479272803466985
139200,rBjH7WrJCeyxNVpZ5J9L6DfUYxWClx1wz6xMDrGoX2Hi1F2yHmjyOaTy0e3CTi8g,2.192458712535591,7.883736269183453,4.2931936330419616
139500,rBjH7WrJCeyxNVpZ5J9L6DfUYxWClx1wz6xMDrGoX2Hi1F2yHmjyOaTy0e3CTi8g,2.126068918586065,16.526420909673302,4.9215770458119055
139800,rBjH7WrJCeyxNVpZ5J9L6DfUYxWClx1wz6xMDrGoX2Hi1F2yHmjyOaTy0e3CTi8g,2.4747228535276258,27.68726335536148,6.136100363675067
140100,rBjH7WrJCeyxNVpZ5J9L6DfUYxWClx1wz6xMDrGoX2Hi1F2yHmjyOaTy0e3CTi8g,2.285653138836255,8.05055063053164,3.54346378707021
140400,rBjH7WrJCeyxNVpZ5J9L6DfUYxWClx1wz6xMDrGoX2Hi1F2yHmjyOaTy0e3CTi8g,2.366853707306441,9.977597892469884,4.33420875275771
140700,rBjH7WrJCeyxNVpZ5J9L6DfUYxWClx1wz6xMDrGoX2Hi1F2yHmjyOaTy0e3CTi8g,2.4225764504154568,16.21909118969441,5.560075581221348
141000,rBjH7WrJCeyxNVpZ5J9L6DfUYxWClx1wz6xMDrGoX2Hi1F2yHmjyOaTy0e3CTi8g,2.269788735588638,24.29061670703858,5.124373561615985
141300,rBjH7WrJCeyxNVpZ5J9L6DfUYxWClx1wz6xMDrGoX2Hi1F2yHmjyOaTy0e3CTi8g,2.155923986537729,10.353613014777752,4.8981187217621605
141600,rBjH7WrJCeyxNVpZ5J9L6DfUYxWClx1wz6xMDrGoX2Hi1F2yHmjyOaTy0e3CTi8g,2.3283778188168087,12.125973430912008,5.557900059238371
141900,rBjH7WrJCeyxNVpZ5J9L6DfUYxWClx1wz6xMDrGoX2Hi1F2yHmjyOaTy0e3CTi8g,2.864634364606133,16.20747194608915,6.088477295006781
142200,rBjH7WrJCeyxNVpZ5J9L6DfUYxWClx1wz6xMDrGoX2Hi1F2yHmjyOaTy0e3CTi8g,2.9143470776825087,32.05290511214765,12.916610615284489
142500,rBjH7WrJCeyxNVpZ5J9L6DfUYxWClx1wz6xMDrGoX2Hi1F2yHmjyOaTy0e3CTi8g,2.341866381902358,18.21913715927771,6.60357818611201
142800,rBjH7WrJCeyxNVpZ5J9L6DfUYxWClx1wz6xMDrGoX2Hi1F2yHmjyOaTy0e3CTi8g,2.0829402420109053,11.376068470024212,4.543769851600554
143100,rBjH7WrJCeyxNVpZ5J9L6DfUYxWClx1wz6xMDrGoX2Hi1F2yHmjyOaTy0e3CTi8g,2.313010188631179,13.230633767342129,4.229149121245992
143400,rBjH7WrJCeyxNVpZ5J9L6DfUYxWClx1wz6xMDrGoX2Hi1F2yHmjyOaTy0e3CTi8g,2.4105109929519,31.224608063215083,7.235270863553201
143700,rBjH7WrJCeyxNVpZ5J9L6DfUYxWClx1wz6xMDrGoX2Hi1F2yHmjyOaTy0e3CTi8g,2.1643171031509567,5.156143719093215,3.291408819355335
144000,rBjH7WrJCeyxNVpZ5J9L6DfUYxWClx1wz6xMDrGoX2Hi1F2yHmjyOaTy0e3CTi8g,2.1343346964188106,7.738633355835637,4.174742215501833
144300,rBjH7WrJCeyxNVpZ5J9L6DfUYxWClx1wz6xMDrGoX2Hi1F2yHmjyOaTy0e3CTi8g,2.0616734302484123,18.03108160839216,4.7487289066491805
144600,rBjH7WrJCeyxNVpZ5J9L6DfUYxWClx1wz6xMDrGoX2Hi1F2yHmjyOaTy0e3CTi8g,2.2692084421644183,23.613211577017413,4.806697298095318
144900,rBjH7WrJCeyxNVpZ5J9L6DfUYxWClx1wz6xMDrGoX2Hi1F2yHmjyOaTy0e3CTi8g,2.24536097941306,5.617138524684608,3.1808146300705027
145200,rBjH7WrJCeyxNVpZ5J9L6DfUYxWClx1wz6xMDrGoX2Hi1F2yHmjyOaTy0e3CTi8g,2.238515860670225,20.367043887749112,4.764287812001621
145500,rBjH7WrJCeyxNVpZ5J9L6DfUYxWClx1wz6xMDrGoX2Hi1F2yHmjyOaTy0e3CTi8g,2.2484713280301767,12.607478972149448,4.682120627666293
145800,rBjH7WrJCeyxNVpZ5J9L6DfUYxWClx1wz6xMDrGoX2Hi1F2yHmjyOaTy0e3CTi8g,2.355316809873917,24.401233900035507,7.41848481760617
146100,rBjH7WrJCeyxNVpZ5J9L6DfUYxWClx1wz6xMDrGoX2Hi1F2yHmjyOaTy0e3CTi8g,2.1021578902354734,6.87051748987829,3.6465979226807774
146400,rBjH7WrJCeyxNVpZ5J9L6DfUYxWClx1wz6xMDrGoX2Hi1F2yHmjyOaTy0e3CTi8g,2.218112876595728,6.156355514921712,3.2868370978507264
146700,rBjH7WrJCeyxNVpZ5J9L6DfUYxWClx1wz6xMDrGoX2Hi1F2yHmjyOaTy0e3CTi8g,2.1229651748559237,13.69570341992992,3.733362691487444
147000,rBjH7WrJCeyxNVpZ5J9L6DfUYxWClx1wz6xMDrGoX2Hi1F2yHmjyOaTy0e3CTi8g,2.0309698937504645,30.280239506842875,5.684739102173902
147300,rBjH7WrJCeyxNVpZ5J9L6DfUYxWClx1wz6xMDrGoX2Hi1F2yHmjyOaTy0e3CTi8g,2.299620173645708,11.840887188101762,4.394678602901801
147600,rBjH7WrJCeyxNVpZ5J9L6DfUYxWClx1wz6xMDrGoX2Hi1F2yHmjyOaTy0e3CTi8g,2.07304925966581,19.69757496901072,5.128918782690916
147900,rBjH7WrJCeyxNVpZ5J9L6DfUYxWClx1wz6xMDrGoX2Hi1F2yHmjyOaTy0e3CTi8g,2.8532959167492478,31.946321585287624,8.047646950696876
148200,rBjH7WrJCeyxNVpZ5J9L6DfUYxWClx1wz6xMDrGoX2Hi1F2yHmjyOaTy0e3CTi8g,2.3177826095387934,20.195811096328168,5.231398315867691
148500,rBjH7WrJCeyxNVpZ5J9L6DfUYxWClx1wz6xMDrGoX2Hi1F2yHmjyOaTy0e3CTi8g,2.497859225708978,11.290945053603489,4.780433552229486
148800,rBjH7WrJCeyxNVpZ5J9L6DfUYxWClx1wz6xMDrGoX2Hi1F2yHmjyOaTy0e3CTi8g,2.399840093197657,6.6312321086015915,3.5398259509276606
149100,rBjH7WrJCeyxNVpZ5J9L6DfUYxWClx1wz6xMDrGoX2Hi1F2yHmjyOaTy0e3CTi8g,2.141994686554507,13.76448843514256,4.893915807577633
149400,rBjH7WrJCeyxNVpZ5J9L6DfUYxWClx1wz6xMDrGoX2Hi1F2yHmjyOaTy0e3CTi8g,2.2220023415340933,27.67403337816522,7.392595210456378
149700,rBjH7WrJCeyxNVpZ5J9L6DfUYxWClx1wz6xMDrGoX2Hi1F2yHmjyOaTy0e3CTi8g,2.1865160776361323,20.248928248663532,5.267598113287518
150000,rBjH7WrJCeyxNVpZ5J9L6DfUYxWClx1wz6xMDrGoX2Hi1F2yHmjyOaTy0e3CTi8g,2.235956595574454,7.523236230802125,3.795027419795668
150300,rBjH7WrJCeyxNVpZ5J9L6DfUYxWClx1wz6xMDrGoX2Hi1F2yHmjyOaTy0e3CTi8g,2.4586456268899344,9.721982950680736,4.060663000894733
150600,rBjH7WrJCeyxNVpZ5J9L6DfUYxWClx1wz6xMDrGoX2Hi1F2yHmjyOaTy0e3CTi8g,2.4355616193238725,26.448801719348648,6.232529041575971
150900,rBjH7WrJCeyxNVpZ5J9L6DfUYxWClx1wz6xMDrGoX2Hi1F2yHmjyOaTy0e3CTi8g,2.1528820315122834,4.935033488849083,3.299567862694683
151200,rBjH7WrJCeyxNVpZ5J9L6DfUYxWClx1wz6xMDrGoX2Hi1F2yHmjyOaTy0e3CTi8g,2.1190619961934405,6.362634121553081,3.31689674644526
151500,rBjH7WrJCeyxNVpZ5J9L6DfUYxWClx1wz6xMDrGoX2Hi1F2yHmjyOaTy0e3CTi8g,2.1544556624783806,13.351549062104224,4.703552278062507
151800,rBjH7WrJCeyxNVpZ5J9L6DfUYxWClx1wz6xMDrGoX2Hi1F2yHmjyOaTy0e3CTi8g,2.195404906950281,19.315953471054307,4.552492525843511
152100,rBjH7WrJCeyxNVpZ5J9L6DfUYxWClx1wz6xMDrGoX2Hi1F2yHmjyOaTy0e3CTi8g,2.054454738666462,12.990076571297289,4.181491305244411
152400,rBjH7WrJCeyxNVpZ5J9L6DfUYxWClx1wz6xMDrGoX2Hi1F2yHmjyOaTy0e3CTi8g,2.150676910495039,6.035142939971194,3.4436366235066225
152700,rBjH7WrJCeyxNVpZ5J9L6DfUYxWClx1wz6xMDrGoX2Hi1F2yHmjyOaTy0e3CTi8g,2.341535549119988,18.325556214953505,5.251051023847101
153000,rBjH7WrJCeyxNVpZ5J9L6DfUYxWClx1wz6xMDrGoX2Hi1F2yHmjyOaTy0e3CTi8g,2.212135983435632,23.41838881831348,4.838895464142622
153300,rBjH7WrJCeyxNVpZ5J9L6DfUYxWClx1wz6xMDrGoX2Hi1F2yHmjyOaTy0e3CTi8g,2.16566932876547,4.235976676465258,2.9912027741559983
153600,rBjH7WrJCeyxNVpZ5J9L6DfUYxWClx1wz6xMDrGoX2Hi1F2yHmjyOaTy0e3CTi8g,2.1106753882467952,10.451337209305049,3.9107927517428376
153900,rBjH7WrJCeyxNVpZ5J9L6DfUYxWClx1wz6xMDrGoX2Hi1F2yHmjyOaTy0e3CTi8g,2.102177498995053,19.78827636353511,5.076341973636983
154200,rBjH7WrJCeyxNVpZ5J9L6DfUYxWClx1wz6xMDrGoX2Hi1F2yHmjyOaTy0e3CTi8g,3.2804797365176537,41.33036792319333,15.233203889359215
154500,rBjH7WrJCeyxNVpZ5J9L6DfUYxWClx1wz6xMDrGoX2Hi1F2yHmjyOaTy0e3CTi8g,2.5460855882195426,29.0457454199653,8.909687519805985
154800,rBjH7WrJCeyxNVpZ5J9L6DfUYxWClx1wz6xMDrGoX2Hi1F2yHmjyOaTy0e3CTi8g,2.629815172456664,37.58465327516832,14.212819523863557
155100,rBjH7WrJCeyxNVpZ5J9L6DfUYxWClx1wz6xMDrGoX2Hi1F2yHmjyOaTy0e3CTi8g,2.1773838939486967,16.57561134927421,7.8322390216642175
155400,rBjH7WrJCeyxNVpZ5J9L6DfUYxWClx1wz6xMDrGoX2Hi1F2yHmjyOaTy0e3CTi8g,2.0365915329699846,26.908674287675268,6.761162417522554
155700,rBjH7WrJCeyxNVpZ5J9L6DfUYxWClx1wz6xMDrGoX2Hi1F2yHmjyOaTy0e3CTi8g,2.273989472809604,5.434322558746717,3.5751226984706275
156000,rBjH7WrJCeyxNVpZ5J9L6DfUYxWClx1wz6xMDrGoX2Hi1F2yHmjyOaTy0e3CTi8g,2.42652898402538,8.071844145537042,3.6749788890944854
156300,rBjH7WrJCeyxNVpZ5J9L6DfUYxWClx1wz6xMDrGoX2Hi1F2yHmjyOaTy0e3CTi8g,4.477054595921199,75.95033617049876,32.886030971010776
156600,rBjH7WrJCeyxNVpZ5J9L6DfUYxWClx1wz6xMDrGoX2Hi1F2yHmjyOaTy0e3CTi8g,23.026217281583826,83.94003745382263,45.01535457710485
156900,rBjH7WrJCeyxNVpZ5J9L6DfUYxWClx1wz6xMDrGoX2Hi1F2yHmjyOaTy0e3CTi8g,20.95070315919484,83.60522746319593,47.977358444560565
157200,rBjH7WrJCeyxNVpZ5J9L6DfUYxWClx1wz6xMDrGoX2Hi1F2yHmjyOaTy0e3CTi8g,17.446489371135925,43.91155335238842,30.46725197200838
157500,rBjH7WrJCeyxNVpZ5J9L6DfUYxWClx1wz6xMDrGoX2Hi1F2yHmjyOaTy0e3CTi8g,2.5084279315639955,41.60910042443724,16.274383342343054
157800,rBjH7WrJCeyxNVpZ5J9L6DfUYxWClx1wz6xMDrGoX2Hi1F2yHmjyOaTy0e3CTi8g,2.564114916181864,25.0676640504616,6.968099730640316
158100,rBjH7WrJCeyxNVpZ5J9L6DfUYxWClx1wz6xMDrGoX2Hi1F2yHmjyOaTy0e3CTi8g,2.1729238833889903,8.93129942538663,4.033474757830674
158400,rBjH7WrJCeyxNVpZ5J9L6DfUYxWClx1wz6xMDrGoX2Hi1F2yHmjyOaTy0e3CTi8g,2.2369145433140725,12.58223775015928,6.395097103051311
158700,rBjH7WrJCeyxNVpZ5J9L6DfUYxWClx1wz6xMDrGoX2Hi1F2yHmjyOaTy0e3CTi8g,2.457476213511139,13.441122713036494,6.105858868219031
159000,rBjH7WrJCeyxNVpZ5J9L6DfUYxWClx1wz6xMDrGoX2Hi1F2yHmjyOaTy0e3CTi8g,2.338394289096608,22.125777525143853,5.688246089513608
159300,rBjH7WrJCeyxNVpZ5J9L6DfUYxWClx1wz6xMDrGoX2Hi1F2yHmjyOaTy0e3CTi8g,2.3166059982014566,5.833069547963178,3.6878002992048886
159600,rBjH7WrJCeyxNVpZ5J9L6DfUYxWClx1wz6xMDrGoX2Hi1F2yHmjyOaTy0e3CTi8g,2.205344861182476,7.773023420343523,3.3898758787200185
159900,rBjH7WrJCeyxNVpZ5J9L6DfUYxWClx1wz6xMDrGoX2Hi1F2yHmjyOaTy0e3CTi8g,2.530080226830505,17.132324876726834,7.202055394325252
160200,rBjH7WrJCeyxNVpZ5J9L6DfUYxWClx1wz6xMDrGoX2Hi1F2yHmjyOaTy0e3CTi8g,2.5955739605401265,19.93916620301302,7.685857463829135
160500,C/+Lzeou2LizQySX67M2667gb5DYL8ydseiRleWccoX3IZo1wEXxWMFuLlHF23Qr,4.295141491233476,7.305026350432952,5.11229592832025
160800,C/+Lzeou2LizQySX67M2667gb5DYL8ydseiRleWccoX3IZo1wEXxWMFuLlHF23Qr,4.5488112842267165,6.27446674582502,4.855320147558532
161100,C/+Lzeou2LizQySX67M2667gb5DYL8ydseiRleWccoX3IZo1wEXxWMFuLlHF23Qr,4.217424798754511,7.70827443530714,5.131960967565895
161400,C/+Lzeou2LizQySX67M2667gb5DYL8ydseiRleWccoX3IZo1wEXxWMFuLlHF23Qr,4.121862989358704,6.498195875317657,4.846660222718553
161700,C/+Lzeou2LizQySX67M2667gb5DYL8ydseiRleWccoX3IZo1wEXxWMFuLlHF23Qr,4.422945754687777,6.64711683615162,5.276729917350545
162000,C/+Lzeou2LizQySX67M2667gb5DYL8ydseiRleWccoX3IZo1wEXxWMFuLlHF23Qr,4.05713743014508,6.069623186318311,4.882990070183789
162300,C/+Lzeou2LizQySX67M2667gb5DYL8ydseiRleWccoX3IZo1wEXxWMFuLlHF23Qr,4.464589836660541,7.252818896976982,5.189139046441529
162600,C/+Lzeou2LizQySX67M2667gb5DYL8ydseiRleWccoX3IZo1wEXxWMFuLlHF23Qr,4.347896488847064,4.874563235930595,4.6281629583322985
162900,C/+Lzeou2LizQySX67M2667gb5DYL8ydseiRleWccoX3IZo1wEXxWMFuLlHF23Qr,4.120652970072206,7.290470317718508,5.330838152160196
163200,C/+Lzeou2LizQySX67M2667gb5DYL8ydseiRleWccoX3IZo1wEXxWMFuLlHF23Qr,4.454134284063059,6.189612669783723,4.884897748449736
163500,C/+Lzeou2LizQySX67M2667gb5DYL8ydseiRleWccoX3IZo1wEXxWMFuLlHF23Qr,4.577657498764322,7.5242535811117,5.339914688811327
163800,C/+Lzeou2LizQySX67M2667gb5DYL8ydseiRleWccoX3IZo1wEXxWMFuLlHF23Qr,4.1407673017011115,6.2317075056778295,4.859411937402059
164100,C/+Lzeou2LizQySX67M2667gb5DYL8ydseiRleWccoX3IZo1wEXxWMFuLlHF23Qr,4.357695201843533,7.756046934510111,5.186428003075108
164400,C/+Lzeou2LizQySX67M2667gb5DYL8ydseiRleWccoX3IZo1wEXxWMFuLlHF23Qr,4.294920583077049,6.818301834604846,5.024674286116937
164700,C/+Lzeou2LizQySX67M2667gb5DYL8ydseiRleWccoX3IZo1wEXxWMFuLlHF23Qr,4.445449315034241,7.847646557985515,5.271378704250393
165000,C/+Lzeou2LizQySX67M2667gb5DYL8ydseiRleWccoX3IZo1wEXxWMFuLlHF23Qr,4.366979249323718,6.596172979128973,4.878545003529962
165300,C/+Lzeou2LizQySX67M2667gb5DYL8ydseiRleWccoX3IZo1wEXxWMFuLlHF23Qr,4.365225786860972,7.836837563556755,5.1189323286540045
165600,C/+Lzeou2LizQySX67M2667gb5DYL8ydseiRleWccoX3IZo1wEXxWMFuLlHF23Qr,4.218561545041099,6.668753709848475,4.909704566270705
165900,C/+Lzeou2LizQySX67M2667gb5DYL8ydseiRleWccoX3IZo1wEXxWMFuLlHF23Qr,4.362018043669158,7.660857970852914,5.251224448997227
166200,C/+Lzeou2LizQySX67M2667gb5DYL8ydseiRleWccoX3IZo1wEXxWMFuLlHF23Qr,4.432976600819652,5.20630997275591,4.628272831347401
166500,C/+Lzeou2LizQySX67M2667gb5DYL8ydseiRleWccoX3IZo1wEXxWMFuLlHF23Qr,4.482743116176193,7.6643211694477005,5.300060474047844
166800,C/+Lzeou2LizQySX67M2667gb5DYL8ydseiRleWccoX3IZo1wEXxWMFuLlHF23Qr,4.38666281516601,6.41535493219206,4.876750829038524
167100,C/+Lzeou2LizQySX67M2667gb5DYL8ydseiRleWccoX3IZo1wEXxWMFuLlHF23Qr,4.510187114065756,7.398546518514147,5.218022709372285
167400,C/+Lzeou2LizQySX67M2667gb5DYL8ydseiRleWccoX3IZo1wEXxWMFuLlHF23Qr,3.9845413619415377,6.7000756994393535,4.820330389263259
167700,C/+Lzeou2LizQySX67M2667gb5DYL8ydseiRleWccoX3IZo1wEXxWMFuLlHF23Qr,4.279003614686936,8.038604898721056,5.2020062955151465
168000,C/+Lzeou2LizQySX67M2667gb5DYL8ydseiRleWccoX3IZo1wEXxWMFuLlHF23Qr,4.4594361858800795,6.424009906030034,4.9302295436847485
168300,C/+Lzeou2LizQySX67M2667gb5DYL8ydseiRleWccoX3IZo1wEXxWMFuLlHF23Qr,4.2088329379125735,7.8120844268891325,5.184073388620521
168600,C/+Lzeou2LizQySX67M2667gb5DYL8ydseiRleWccoX3IZo1wEXxWMFuLlHF23Qr,4.454749596565117,6.2992141766787455,4.929050394212619
168900,C/+Lzeou2LizQySX67M2667gb5DYL8ydseiRleWccoX3IZo1wEXxWMFuLlHF23Qr,4.374992830222708,7.55797513641583,5.293049056910271
169200,C/+Lzeou2LizQySX67M2667gb5DYL8ydseiRleWccoX3IZo1wEXxWMFuLlHF23Qr,4.171442174962491,6.268271374610382,4.886470248754538
169500,C/+Lzeou2LizQySX67M2667gb5DYL8ydseiRleWccoX3IZo1wEXxWMFuLlHF23Qr,4.216102124339331,7.811386468504175,5.105541033635377
169800,C/+Lzeou2LizQySX67M2667gb5DYL8ydseiRleWccoX3IZo1wEXxWMFuLlHF23Qr,4.398097766319717,6.740760780061268,4.9554905849717805
170100,C/+Lzeou2LizQySX67M2667gb5DYL8ydseiRleWccoX3IZo1wEXxWMFuLlHF23Qr,4.432031069888348,6.567565214135771,5.199359443531407
170400,C/+Lzeou2LizQySX67M2667gb5DYL8ydseiRleWccoX3IZo1wEXxWMFuLlHF23Qr,4.364214125073173,6.789200848817245,4.851497693973718
170700,C/+Lzeou2LizQySX67M2667gb5DYL8ydseiRleWccoX3IZo1wEXxWMFuLlHF23Qr,4.3820059916897405,6.869717742364453,5.2287805203192415
171000,C/+Lzeou2LizQySX67M2667gb5DYL8ydseiRleWccoX3IZo1wEXxWMFuLlHF23Qr,4.444977387617993,6.598183000662544,4.90021376415832
171300,C/+Lzeou2LizQySX67M2667gb5DYL8ydseiRleWccoX3IZo1wEXxWMFuLlHF23Qr,4.4255862211321855,6.930155408943415,5.263552634949826
171600,C/+Lzeou2LizQySX67M2667gb5DYL8ydseiRleWccoX3IZo1wEXxWMFuLlHF23Qr,4.618849473952678,6.2567326029931705,5.079003635673308
171900,C/+Lzeou2LizQySX67M2667gb5DYL8ydseiRleWccoX3IZo1wEXxWMFuLlHF23Qr,4.253725078668741,7.061864761035673,5.237043885053393
172200,C/+Lzeou2LizQySX67M2667gb5DYL8ydseiRleWccoX3IZo1wEXxWMFuLlHF23Qr,4.30407816720296,6.184526725244159,4.803478906023281
172500,C/+Lzeou2LizQySX67M2667gb5DYL8ydseiRleWccoX3IZo1wEXxWMFuLlHF23Qr,4.233328058181881,6.987244621912916,5.2705436226247615
172800,C/+Lzeou2LizQySX67M2667gb5DYL8ydseiRleWccoX3IZo1wEXxWMFuLlHF23Qr,4.277027674528709,6.176605686257493,4.825806111723992
173100,C/+Lzeou2LizQySX67M2667gb5DYL8ydseiRleWccoX3IZo1wEXxWMFuLlHF23Qr,4.48847245038864,6.289173384865428,5.16430135325143
173400,C/+Lzeou2LizQySX67M2667gb5DYL8ydseiRleWccoX3IZo1wEXxWMFuLlHF23Qr,4.365065224209468,6.544777820786608,4.872988608706269
173700,C/+Lzeou2LizQySX67M2667gb5DYL8ydseiRleWccoX3IZo1wEXxWMFuLlHF23Qr,4.491617126045178,6.949200749212441,5.2381392942297325
174000,C/+Lzeou2LizQySX67M2667gb5DYL8ydseiRleWccoX3IZo1wEXxWMFuLlHF23Qr,4.539094679635868,5.1174918445546655,4.77341292771476
174300,C/+Lzeou2LizQySX67M2667gb5DYL8ydseiRleWccoX3IZo1wEXxWMFuLlHF23Qr,4.42980180652158,6.626939568528203,5.17147856701714
174600,C/+Lzeou2LizQySX67M2667gb5DYL8ydseiRleWccoX3IZo1wEXxWMFuLlHF23Qr,4.160039005719742,6.784910631160546,4.848237729165062
174900,C/+Lzeou2LizQySX67M2667gb5DYL8ydseiRleWccoX3IZo1wEXxWMFuLlHF23Qr,4.442781632901881,6.064073879048252,4.987888953820503
175200,C/+Lzeou2LizQySX67M2667gb5DYL8ydseiRleWccoX3IZo1wEXxWMFuLlHF23Qr,4.56752313555666,6.521266776059113,5.117179066666579
175500,C/+Lzeou2LizQySX67M2667gb5DYL8ydseiRleWccoX3IZo1wEXxWMFuLlHF23Qr,4.0553648863965295,6.5658705886049615,4.949252299794215
175800,C/+Lzeou2LizQySX67M2667gb5DYL8ydseiRleWccoX3IZo1wEXxWMFuLlHF23Qr,4.423606413698624,6.81585473770542,5.086394864455744
176100,C/+Lzeou2LizQySX67M2667gb5DYL8ydseiRleWccoX3IZo1wEXxWMFuLlHF23Qr,4.45581403455428,6.3551242198547255,5.047894252282331
176400,C/+Lzeou2LizQySX67M2667gb5DYL8ydseiRleWccoX3IZo1wEXxWMFuLlHF23Qr,4.554546729583242,8.209050755380282,5.531557473719832
176700,C/+Lzeou2LizQySX67M2667gb5DYL8ydseiRleWccoX3IZo1wEXxWMFuLlHF23Qr,4.070919819257269,6.118718663457688,4.885614300657198
177000,C/+Lzeou2LizQySX67M2667gb5DYL8ydseiRleWccoX3IZo1wEXxWMFuLlHF23Qr,4.196208708533201,6.629120308002607,5.0645750915605054
177300,C/+Lzeou2LizQySX67M2667gb5DYL8ydseiRleWccoX3IZo1wEXxWMFuLlHF23Qr,4.269949843072604,6.48819753930938,4.98018190377281
177600,C/+Lzeou2LizQySX67M2667gb5DYL8ydseiRleWccoX3IZo1wEXxWMFuLlHF23Qr,4.517885250646077,6.446950126633705,5.086330033700297
177900,C/+Lzeou2LizQySX67M2667gb5DYL8ydseiRleWccoX3IZo1wEXxWMFuLlHF23Qr,4.3727791925809045,6.867140376176553,5.1559786744046106
178200,C/+Lzeou2LizQySX67M2667gb5DYL8ydseiRleWccoX3IZo1wEXxWMFuLlHF23Qr,4.3846847263850925,6.650014794925749,5.13528466320619
178500,C/+Lzeou2LizQySX67M2667gb5DYL8ydseiRleWccoX3IZo1wEXxWMFuLlHF23Qr,4.022099576535399,6.9114325024512135,5.020550229425192
178800,C/+Lzeou2LizQySX67M2667gb5DYL8ydseiRleWccoX3IZo1wEXxWMFuLlHF23Qr,4.341124779915679,6.580308212190837,5.091427446929216
179100,C/+Lzeou2LizQySX67M2667gb5DYL8ydseiRleWccoX3IZo1wEXxWMFuLlHF23Qr,4.1976356257208405,6.35196828628502,5.063185729630758
179400,C/+Lzeou2LizQySX67M2667gb5DYL8ydseiRleWccoX3IZo1wEXxWMFuLlHF23Qr,4.4454539769072055,6.4801406349892074,5.127933607522902
179700,C/+Lzeou2LizQySX67M2667gb5DYL8ydseiRleWccoX3IZo1wEXxWMFuLlHF23Qr,4.277123574472474,6.33391550396649,5.051625579112657
180000,C/+Lzeou2LizQySX67M2667gb5DYL8ydseiRleWccoX3IZo1wEXxWMFuLlHF23Qr,4.340112936913332,6.891930156293132,5.179827483459697
180300,C/+Lzeou2LizQySX67M2667gb5DYL8ydseiRleWccoX3IZo1wEXxWMFuLlHF23Qr,4.415436286961255,6.27657295176937,5.05732145882766
180600,C/+Lzeou2LizQySX67M2667gb5DYL8ydseiRleWccoX3IZo1wEXxWMFuLlHF23Qr,4.559842341755814,6.677329367413168,5.209496990518804
180900,C/+Lzeou2LizQySX67M2667gb5DYL8ydseiRleWccoX3IZo1wEXxWMFuLlHF23Qr,4.337908875875283,6.477685666652253,4.964434143232092
181200,C/+Lzeou2LizQySX67M2667gb5DYL8ydseiRleWccoX3IZo1wEXxWMFuLlHF23Qr,4.314321873088,6.441836140829737,5.121301141946316
181500,C/+Lzeou2LizQySX67M2667gb5DYL8ydseiRleWccoX3IZo1wEXxWMFuLlHF23Qr,4.274108161995383,6.467888610421809,5.194376326460258
181800,C/+Lzeou2LizQySX67M2667gb5DYL8ydseiRleWccoX3IZo1wEXxWMFuLlHF23Qr,4.3395715007247215,6.565225840738057,5.064217667674602
182100,C/+Lzeou2LizQySX67M2667gb5DYL8ydseiRleWccoX3IZo1wEXxWMFuLlHF23Qr,4.059001694932263,6.201408870005468,4.8874150525167375
182400,C/+Lzeou2LizQySX67M2667gb5DYL8ydseiRleWccoX3IZo1wEXxWMFuLlHF23Qr,4.249589897037259,6.374915215521513,4.882694272877187
182700,C/+Lzeou2LizQySX67M2667gb5DYL8ydseiRleWccoX3IZo1wEXxWMFuLlHF23Qr,4.112674836341202,5.956796180179095,4.798431668771477
183000,C/+Lzeou2LizQySX67M2667gb5DYL8ydseiRleWccoX3IZo1wEXxWMFuLlHF23Qr,4.102096919827066,7.19966329491602,4.982423447722613
183300,C/+Lzeou2LizQySX67M2667gb5DYL8ydseiRleWccoX3IZo1wEXxWMFuLlHF23Qr,4.396538969945434,6.693096755292612,4.8843759965437
183600,C/+Lzeou2LizQySX67M2667gb5DYL8ydseiRleWccoX3IZo1wEXxWMFuLlHF23Qr,4.297389674481753,7.158361292420348,5.082634879392764
183900,C/+Lzeou2LizQySX67M2667gb5DYL8ydseiRleWccoX3IZo1wEXxWMFuLlHF23Qr,4.081253043082392,6.473283197725224,4.859834582331907
184200,C/+Lzeou2LizQySX67M2667gb5DYL8ydseiRleWccoX3IZo1wEXxWMFuLlHF23Qr,4.135409064290951,6.885125544271907,4.951083934633468
184500,C/+Lzeou2LizQySX67M2667gb5DYL8ydseiRleWccoX3IZo1wEXxWMFuLlHF23Qr,4.17401049087318,6.436537549469117,4.888279317121593
184800,C/+Lzeou2LizQySX67M2667gb5DYL8ydseiRleWccoX3IZo1wEXxWMFuLlHF23Qr,4.375863180248193,6.369225153744867,5.024081857135446
185100,C/+Lzeou2LizQySX67M2667gb5DYL8ydseiRleWccoX3IZo1wEXxWMFuLlHF23Qr,4.285714293208439,7.052875676182905,5.055617944278833
185400,C/+Lzeou2LizQySX67M2667gb5DYL8ydseiRleWccoX3IZo1wEXxWMFuLlHF23Qr,4.32753280985343,7.33697268696703,5.061320258400414
185700,C/+Lzeou2LizQySX67M2667gb5DYL8ydseiRleWccoX3IZo1wEXxWMFuLlHF23Qr,4.217690268651966,6.167337960678314,4.883517305715321
186000,C/+Lzeou2LizQySX67M2667gb5DYL8ydseiRleWccoX3IZo1wEXxWMFuLlHF23Qr,4.298012314486922,7.43938867783271,5.256249563746936
186300,C/+Lzeou2LizQySX67M2667gb5DYL8ydseiRleWccoX3IZo1wEXxWMFuLlHF23Qr,4.283983053112449,6.687319271425907,4.968997363036383
186600,C/+Lzeou2LizQySX67M2667gb5DYL8ydseiRleWccoX3IZo1wEXxWMFuLlHF23Qr,4.161009333062043,6.697943127525969,5.065162623204961
186900,C/+Lzeou2LizQySX67M2667gb5DYL8ydseiRleWccoX3IZo1wEXxWMFuLlHF23Qr,4.1832807414349995,6.796032265034425,4.954768589591008
187200,C/+Lzeou2LizQySX67M2667gb5DYL8ydseiRleWccoX3IZo1wEXxWMFuLlHF23Qr,4.123050486071546,6.8438005831518165,5.0183503924440815
187500,C/+Lzeou2LizQySX67M2667gb5DYL8ydseiRleWccoX3IZo1wEXxWMFuLlHF23Qr,4.306302656324035,6.52128004005783,4.910276047007212
187800,C/+Lzeou2LizQySX67M2667gb5DYL8ydseiRleWccoX3IZo1wEXxWMFuLlHF23Qr,4.233183171109942,7.0304193343262895,5.018704054251353
188100,C/+Lzeou2LizQySX67M2667gb5DYL8ydseiRleWccoX3IZo1wEXxWMFuLlHF23Qr,4.211416018588787,7.022594263781148,4.920773995439901
188400,C/+Lzeou2LizQySX67M2667gb5DYL8ydseiRleWccoX3IZo1wEXxWMFuLlHF23Qr,4.340542864411899,7.34208112540349,5.033236135411092
188700,C/+Lzeou2LizQySX67M2667gb5DYL8ydseiRleWccoX3IZo1wEXxWMFuLlHF23Qr,4.362868960021827,6.597310585278248,5.079085047513944
189000,C/+Lzeou2LizQySX67M2667gb5DYL8ydseiRleWccoX3IZo1wEXxWMFuLlHF23Qr,4.530559848270976,6.675616032960578,5.226296196923944
189300,C/+Lzeou2LizQySX67M2667gb5DYL8ydseiRleWccoX3IZo1wEXxWMFuLlHF23Qr,4.442713149204304,6.392542737430338,4.977146337134137
189600,C/+Lzeou2LizQySX67M2667gb5DYL8ydseiRleWccoX3IZo1wEXxWMFuLlHF23Qr,4.405515155557192,6.681261568924279,5.128490103832715
189900,C/+Lzeou2LizQySX67M2667gb5DYL8ydseiRleWccoX3IZo1wEXxWMFuLlHF23Qr,4.408175743737107,6.258840669124102,5.012983165717708
190200,C/+Lzeou2LizQySX67M2667gb5DYL8ydseiRleWccoX3IZo1wEXxWMFuLlHF23Qr,4.243755549665421,6.845663922793853,5.0869523028240495
190500,C/+Lzeou2LizQySX67M2667gb5DYL8ydseiRleWccoX3IZo1wEXxWMFuLlHF23Qr,4.288855336116602,6.664902774595936,4.95765969882234
190800,C/+Lzeou2LizQySX67M2667gb5DYL8ydseiRleWccoX3IZo1wEXxWMFuLlHF23Qr,4.388708620510204,6.531240574940964,5.245768025563125
191100,C/+Lzeou2LizQySX67M2667gb5DYL8ydseiRleWccoX3IZo1wEXxWMFuLlHF23Qr,4.293028129992348,7.09386365325689,5.020363510184332
191400,C/+Lzeou2LizQySX67M2667gb5DYL8ydseiRleWccoX3IZo1wEXxWMFuLlHF23Qr,4.375773550502057,6.5327928956622205,5.148362367130598
191700,C/+Lzeou2LizQySX67M2667gb5DYL8ydseiRleWccoX3IZo1wEXxWMFuLlHF23Qr,4.463250414014989,6.469974119628083,5.020452095425826
192000,C/+Lzeou2LizQySX67M2667gb5DYL8ydseiRleWccoX3IZo1wEXxWMFuLlHF23Qr,4.318709957976278,6.660409918485256,5.1869607584182935
192300,C/+Lzeou2LizQySX67M2667gb5DYL8ydseiRleWccoX3IZo1wEXxWMFuLlHF23Qr,4.283777854567899,6.808606722840136,4.9503706407004575
192600,C/+Lzeou2LizQySX67M2667gb5DYL8ydseiRleWccoX3IZo1wEXxWMFuLlHF23Qr,4.346763207369854,6.55107442252309,5.055665149576134
192900,C/+Lzeou2LizQySX67M2667gb5DYL8ydseiRleWccoX3IZo1wEXxWMFuLlHF23Qr,4.280824897791879,6.545122019424359,4.993413989885659
193200,C/+Lzeou2LizQySX67M2667gb5DYL8ydseiRleWccoX3IZo1wEXxWMFuLlHF23Qr,4.114677534712067,6.780970241845345,5.056903136981621
193500,C/+Lzeou2LizQySX67M2667gb5DYL8ydseiRleWccoX3IZo1wEXxWMFuLlHF23Qr,4.292801558333144,6.242915192910131,4.873196041373133
193800,C/+Lzeou2LizQySX67M2667gb5DYL8ydseiRleWccoX3IZo1wEXxWMFuLlHF23Qr,4.061663219241972,6.6905942990459115,5.017815005923067
194100,C/+Lzeou2LizQySX67M2667gb5DYL8ydseiRleWccoX3IZo1wEXxWMFuLlHF23Qr,4.319758344093429,6.81259913688818,4.977792809512724
194400,C/+Lzeou2LizQySX67M2667gb5DYL8ydseiRleWccoX3IZo1wEXxWMFuLlHF23Qr,4.193803242451764,7.863891696907999,5.59196108726587
194700,C/+Lzeou2LizQySX67M2667gb5DYL8ydseiRleWccoX3IZo1wEXxWMFuLlHF23Qr,4.292286225982635,6.494696482264267,4.908543850123348
195000,C/+Lzeou2LizQySX67M2667gb5DYL8ydseiRleWccoX3IZo1wEXxWMFuLlHF23Qr,4.205347380806585,6.645419362025814,5.062163024796561
195300,C/+Lzeou2LizQySX67M2667gb5DYL8ydseiRleWccoX3IZo1wEXxWMFuLlHF23Qr,4.357740671582524,6.5977574481941135,4.885754968402177
195600,C/+Lzeou2LizQySX67M2667gb5DYL8ydseiRleWccoX3IZo1wEXxWMFuLlHF23Qr,4.311789599614151,6.694092785295176,5.132990044620859
195900,C/+Lzeou2LizQySX67M2667gb5DYL8ydseiRleWccoX3IZo1wEXxWMFuLlHF23Qr,4.310346805202519,6.433165375310259,4.942010953928071
196200,C/+Lzeou2LizQySX67M2667gb5DYL8ydseiRleWccoX3IZo1wEXxWMFuLlHF23Qr,4.277947792718358,6.7571390957075375,5.112526600822132
196500,C/+Lzeou2LizQySX67M2667gb5DYL8ydseiRleWccoX3IZo1wEXxWMFuLlHF23Qr,4.224930842722816,7.340917303599584,4.976718260772819
196800,C/+Lzeou2LizQySX67M2667gb5DYL8ydseiRleWccoX3IZo1wEXxWMFuLlHF23Qr,4.235800808970394,6.9474878891878085,5.1255591729116645
197100,C/+Lzeou2LizQySX67M2667gb5DYL8ydseiRleWccoX3IZo1wEXxWMFuLlHF23Qr,4.235874543812981,6.898593849902575,4.975552514563089
197400,C/+Lzeou2LizQySX67M2667gb5DYL8ydseiRleWccoX3IZo1wEXxWMFuLlHF23Qr,4.198310761191851,7.161262898975686,5.154832497626384
197700,C/+Lzeou2LizQySX67M2667gb5DYL8ydseiRleWccoX3IZo1wEXxWMFuLlHF23Qr,3.9808692852407193,6.631707369349617,5.025227678989454
198000,C/+Lzeou2LizQySX67M2667gb5DYL8ydseiRleWccoX3IZo1wEXxWMFuLlHF23Qr,4.384513620890959,7.038426652417421,5.137860132346932
198300,C/+Lzeou2LizQySX67M2667gb5DYL8ydseiRleWccoX3IZo1wEXxWMFuLlHF23Qr,4.384997245553723,6.9622545719254685,5.100985386242207
198600,C/+Lzeou2LizQySX67M2667gb5DYL8ydseiRleWccoX3IZo1wEXxWMFuLlHF23Qr,4.397523739128939,7.438811094713394,5.187686209264108
198900,C/+Lzeou2LizQySX67M2667gb5DYL8ydseiRleWccoX3IZo1wEXxWMFuLlHF23Qr,4.169097221707832,7.267965805230803,5.073727753547636
199200,C/+Lzeou2LizQySX67M2667gb5DYL8ydseiRleWccoX3IZo1wEXxWMFuLlHF23Qr,4.408222619609665,6.4456289436153495,5.087638512114944
199500,C/+Lzeou2LizQySX67M2667gb5DYL8ydseiRleWccoX3IZo1wEXxWMFuLlHF23Qr,4.22580242257544,7.126734802669262,5.11931373647995
199800,C/+Lzeou2LizQySX67M2667gb5DYL8ydseiRleWccoX3IZo1wEXxWMFuLlHF23Qr,4.307626604559388,6.9670533140000845,5.107233300691477
200100,C/+Lzeou2LizQySX67M2667gb5DYL8ydseiRleWccoX3IZo1wEXxWMFuLlHF23Qr,4.259620954080111,6.519152529055838,4.919189491733679
200400,C/+Lzeou2LizQySX67M2667gb5DYL8ydseiRleWccoX3IZo1wEXxWMFuLlHF23Qr,4.443728187668011,10.007529432312625,5.478094915461048
200700,C/+Lzeou2LizQySX67M2667gb5DYL8ydseiRleWccoX3IZo1wEXxWMFuLlHF23Qr,4.209242087795735,10.350693575739,5.638783675868254
201000,C/+Lzeou2LizQySX67M2667gb5DYL8ydseiRleWccoX3IZo1wEXxWMFuLlHF23Qr,4.358011110028069,6.994533410206619,4.9810144226375
201300,C/+Lzeou2LizQySX67M2667gb5DYL8ydseiRleWccoX3IZo1wEXxWMFuLlHF23Qr,4.010542314234385,6.869493311498908,4.972344490086545
201600,C/+Lzeou2LizQySX67M2667gb5DYL8ydseiRleWccoX3IZo1wEXxWMFuLlHF23Qr,4.253525747468084,6.546390863339245,5.060937907508074
201900,C/+Lzeou2LizQySX67M2667gb5DYL8ydseiRleWccoX3IZo1wEXxWMFuLlHF23Qr,4.1458805886957775,6.083804708911012,4.955874213921441
202200,C/+Lzeou2LizQySX67M2667gb5DYL8ydseiRleWccoX3IZo1wEXxWMFuLlHF23Qr,4.324362678530926,6.599249864984792,4.983641010445903
202500,C/+Lzeou2LizQySX67M2667gb5DYL8ydseiRleWccoX3IZo1wEXxWMFuLlHF23Qr,4.170192887154075,6.206942292398301,4.94848227671097
202800,C/+Lzeou2LizQySX67M2667gb5DYL8ydseiRleWccoX3IZo1wEXxWMFuLlHF23Qr,4.151036962814871,6.6323058703796,4.9832844757729
203100,C/+Lzeou2LizQySX67M2667gb5DYL8ydseiRleWccoX3IZo1wEXxWMFuLlHF23Qr,4.176898525067739,6.344056450410369,4.9067896266695845
203400,C/+Lzeou2LizQySX67M2667gb5DYL8ydseiRleWccoX3IZo1wEXxWMFuLlHF23Qr,4.307584808809073,6.522841275230328,5.102151252010263
203700,C/+Lzeou2LizQySX67M2667gb5DYL8ydseiRleWccoX3IZo1wEXxWMFuLlHF23Qr,4.188012385501397,6.415037154630921,4.965384518266832
204000,C/+Lzeou2LizQySX67M2667gb5DYL8ydseiRleWccoX3IZo1wEXxWMFuLlHF23Qr,4.332742960109435,6.633673950952185,5.076350323086901
204300,C/+Lzeou2LizQySX67M2667gb5DYL8ydseiRleWccoX3IZo1wEXxWMFuLlHF23Qr,3.9362846350079552,6.619130083671638,4.9306437542073045
204600,C/+Lzeou2LizQySX67M2667gb5DYL8ydseiRleWccoX3IZo1wEXxWMFuLlHF23Qr,4.086298358687304,6.566344758410256,5.05800043421547
204900,C/+Lzeou2LizQySX67M2667gb5DYL8ydseiRleWccoX3IZo1wEXxWMFuLlHF23Qr,4.2942855910559645,6.252416629845476,4.948819274752008
205200,C/+Lzeou2LizQySX67M2667gb5DYL8ydseiRleWccoX3IZo1wEXxWMFuLlHF23Qr,4.270534829554399,6.455046835365635,5.082668860981766
205500,C/+Lzeou2LizQySX67M2667gb5DYL8ydseiRleWccoX3IZo1wEXxWMFuLlHF23Qr,4.366206378443096,6.31432867260829,4.959544985809416
205800,C/+Lzeou2LizQySX67M2667gb5DYL8ydseiRleWccoX3IZo1wEXxWMFuLlHF23Qr,4.185222171671708,6.498607456068145,5.179821861845218
206100,C/+Lzeou2LizQySX67M2667gb5DYL8ydseiRleWccoX3IZo1wEXxWMFuLlHF23Qr,4.281319895829803,6.38740558132878,4.919802610790217
206400,C/+Lzeou2LizQySX67M2667gb5DYL8ydseiRleWccoX3IZo1wEXxWMFuLlHF23Qr,4.253611139749176,6.370499882581436,5.253550724614391
206700,C/+Lzeou2LizQySX67M2667gb5DYL8ydseiRleWccoX3IZo1wEXxWMFuLlHF23Qr,4.2459917481644975,6.38176600953736,5.03393577365818
207000,C/+Lzeou2LizQySX67M2667gb5DYL8ydseiRleWccoX3IZo1wEXxWMFuLlHF23Qr,4.391667817967264,6.682856090421035,5.1439138130652236
207300,C/+Lzeou2LizQySX67M2667gb5DYL8ydseiRleWccoX3IZo1wEXxWMFuLlHF23Qr,4.220138896578037,6.496125359935776,4.913551839948993
207600,C/+Lzeou2LizQySX67M2667gb5DYL8ydseiRleWccoX3IZo1wEXxWMFuLlHF23Qr,4.365766530010999,6.514110797894207,5.058994213831819
207900,C/+Lzeou2LizQySX67M2667gb5DYL8ydseiRleWccoX3IZo1wEXxWMFuLlHF23Qr,4.320622648074903,6.322916808075734,5.013298196111505
208200,C/+Lzeou2LizQySX67M2667gb5DYL8ydseiRleWccoX3IZo1wEXxWMFuLlHF23Qr,4.335082912963943,7.004033421136444,4.975403712649202
208500,C/+Lzeou2LizQySX67M2667gb5DYL8ydseiRleWccoX3IZo1wEXxWMFuLlHF23Qr,4.356908990879757,6.157125591067577,4.949917222295055
208800,C/+Lzeou2LizQySX67M2667gb5DYL8ydseiRleWccoX3IZo1wEXxWMFuLlHF23Qr,4.383136766796606,6.990935304317121,5.040226796135302
209100,C/+Lzeou2LizQySX67M2667gb5DYL8ydseiRleWccoX3IZo1wEXxWMFuLlHF23Qr,4.3039930809273725,6.188990814771957,4.930488618848037
209400,C/+Lzeou2LizQySX67M2667gb5DYL8ydseiRleWccoX3IZo1wEXxWMFuLlHF23Qr,4.245027869961971,7.057063481468041,5.06652826622021
209700,C/+Lzeou2LizQySX67M2667gb5DYL8ydseiRleWccoX3IZo1wEXxWMFuLlHF23Qr,4.109977724971531,6.72253564728255,4.875264319701041
210000,C/+Lzeou2LizQySX67M2667gb5DYL8ydseiRleWccoX3IZo1wEXxWMFuLlHF23Qr,4.0842508891595655,7.1090921317529405,5.0522963991973855
210300,C/+Lzeou2LizQySX67M2667gb5DYL8ydseiRleWccoX3IZo1wEXxWMFuLlHF23Qr,4.484458184021281,6.984088119419456,5.07879444549604
210600,C/+Lzeou2LizQySX67M2667gb5DYL8ydseiRleWccoX3IZo1wEXxWMFuLlHF23Qr,4.282415156987455,7.14862417817157,5.157873343051579
210900,C/+Lzeou2LizQySX67M2667gb5DYL8ydseiRleWccoX3IZo1wEXxWMFuLlHF23Qr,4.243005895093497,6.346116219989449,4.883730839787561
211200,C/+Lzeou2LizQySX67M2667gb5DYL8ydseiRleWccoX3IZo1wEXxWMFuLlHF23Qr,4.381536309993291,6.937432685858693,5.069592659501508
211500,C/+Lzeou2LizQySX67M2667gb5DYL8ydseiRleWccoX3IZo1wEXxWMFuLlHF23Qr,4.41940301110499,7.546766045547715,5.037001210639676
211800,C/+Lzeou2LizQySX67M2667gb5DYL8ydseiRleWccoX3IZo1wEXxWMFuLlHF23Qr,4.234439402168019,6.890763139711935,5.075280323046492
212100,C/+Lzeou2LizQySX67M2667gb5DYL8ydseiRleWccoX3IZo1wEXxWMFuLlHF23Qr,3.9364850092254033,7.0596068878095375,5.018318326161987
212400,C/+Lzeou2LizQySX67M2667gb5DYL8ydseiRleWccoX3IZo1wEXxWMFuLlHF23Qr,4.285637023629447,6.580298278521333,5.0100681410627
212700,C/+Lzeou2LizQySX67M2667gb5DYL8ydseiRleWccoX3IZo1wEXxWMFuLlHF23Qr,4.214990561035374,6.74597271382164,5.091414581404062
213000,C/+Lzeou2LizQySX67M2667gb5DYL8ydseiRleWccoX3IZo1wEXxWMFuLlHF23Qr,4.43921407028157,6.777693010342448,5.222522634337148
213300,C/+Lzeou2LizQySX67M2667gb5DYL8ydseiRleWccoX3IZo1wEXxWMFuLlHF23Qr,4.420181866908516,6.098181508482172,5.03095578543983
213600,C/+Lzeou2LizQySX67M2667gb5DYL8ydseiRleWccoX3IZo1wEXxWMFuLlHF23Qr,4.5684786280158525,7.240859881553477,5.51119843972359
213900,C/+Lzeou2LizQySX67M2667gb5DYL8ydseiRleWccoX3IZo1wEXxWMFuLlHF23Qr,4.8680109189598255,6.880678732893636,5.505669098772447
214200,C/+Lzeou2LizQySX67M2667gb5DYL8ydseiRleWccoX3IZo1wEXxWMFuLlHF23Qr,4.948894527268199,7.022734061839935,5.54660168447674
214500,C/+Lzeou2LizQySX67M2667gb5DYL8ydseiRleWccoX3IZo1wEXxWMFuLlHF23Qr,4.856999310444522,6.736181418357192,5.454480118519675
214800,C/+Lzeou2LizQySX67M2667gb5DYL8ydseiRleWccoX3IZo1wEXxWMFuLlHF23Qr,5.056659735147316,9.433345229630271,6.113415862758963
215100,C/+Lzeou2LizQySX67M2667gb5DYL8ydseiRleWccoX3IZo1wEXxWMFuLlHF23Qr,4.707288249807065,8.741636158515309,5.89742927369668
215400,C/+Lzeou2LizQySX67M2667gb5DYL8ydseiRleWccoX3IZo1wEXxWMFuLlHF23Qr,4.859637294508356,7.474431024077411,5.641955281418404
215700,C/+Lzeou2LizQySX67M2667gb5DYL8ydseiRleWccoX3IZo1wEXxWMFuLlHF23Qr,4.787863828633924,6.860909224480888,5.4636385379341
216000,C/+Lzeou2LizQySX67M2667gb5DYL8ydseiRleWccoX3IZo1wEXxWMFuLlHF23Qr,4.395744336981243,7.013722855013524,5.510698203790688
216300,C/+Lzeou2LizQySX67M2667gb5DYL8ydseiRleWccoX3IZo1wEXxWMFuLlHF23Qr,4.628497087114592,7.056969611200473,5.553455179926561
216600,C/+Lzeou2LizQySX67M2667gb5DYL8ydseiRleWccoX3IZo1wEXxWMFuLlHF23Qr,4.785846868995537,7.5191279696172595,5.653607255578017
216900,C/+Lzeou2LizQySX67M2667gb5DYL8ydseiRleWccoX3IZo1wEXxWMFuLlHF23Qr,4.786201589984269,7.3113020961515875,5.474668032402163
217200,C/+Lzeou2LizQySX67M2667gb5DYL8ydseiRleWccoX3IZo1wEXxWMFuLlHF23Qr,4.885841134400466,7.251602183381506,5.615698833253978
217500,C/+Lzeou2LizQySX67M2667gb5DYL8ydseiRleWccoX3IZo1wEXxWMFuLlHF23Qr,4.487398678019324,7.904886859197086,5.61588647770862
217800,C/+Lzeou2LizQySX67M2667gb5DYL8ydseiRleWccoX3IZo1wEXxWMFuLlHF23Qr,4.833617577332733,7.232556342071181,5.607676487687189
218100,C/+Lzeou2LizQySX67M2667gb5DYL8ydseiRleWccoX3IZo1wEXxWMFuLlHF23Qr,4.775147530919696,7.363581796795962,5.425673084898384
218400,C/+Lzeou2LizQySX67M2667gb5DYL8ydseiRleWccoX3IZo1wEXxWMFuLlHF23Qr,4.73791777020545,7.32761680867424,5.648195693357608
218700,C/+Lzeou2LizQySX67M2667gb5DYL8ydseiRleWccoX3IZo1wEXxWMFuLlHF23Qr,4.808536507414735,7.617920559760447,6.480866118339137
219000,C/+Lzeou2LizQySX67M2667gb5DYL8ydseiRleWccoX3IZo1wEXxWMFuLlHF23Qr,4.849012258034144,7.366481324146154,5.496232882320733
219300,C/+Lzeou2LizQySX67M2667gb5DYL8ydseiRleWccoX3IZo1wEXxWMFuLlHF23Qr,4.627516392469252,7.22069315567886,5.375514873085988
219600,C/+Lzeou2LizQySX67M2667gb5DYL8ydseiRleWccoX3IZo1wEXxWMFuLlHF23Qr,4.734663904123898,7.062377502465111,5.472896488151752
219900,C/+Lzeou2LizQySX67M2667gb5DYL8ydseiRleWccoX3IZo1wEXxWMFuLlHF23Qr,4.324002984812914,6.90547423719676,5.201875757571565
220200,C/+Lzeou2LizQySX67M2667gb5DYL8ydseiRleWccoX3IZo1wEXxWMFuLlHF23Qr,4.416845312378907,6.674344672503064,5.189150914297166
220500,C/+Lzeou2LizQySX67M2667gb5DYL8ydseiRleWccoX3IZo1wEXxWMFuLlHF23Qr,4.13910684007778,6.764211177744264,4.931533157283619
220800,C/+Lzeou2LizQySX67M2667gb5DYL8ydseiRleWccoX3IZo1wEXxWMFuLlHF23Qr,4.516741338613793,6.731713027267767,5.160773062072815
221100,C/+Lzeou2LizQySX67M2667gb5DYL8ydseiRleWccoX3IZo1wEXxWMFuLlHF23Qr,4.376824924740491,6.837736568765473,5.132489600598128
221400,C/+Lzeou2LizQySX67M2667gb5DYL8ydseiRleWccoX3IZo1wEXxWMFuLlHF23Qr,4.326095315279886,6.640876991180819,5.02012389186199
221700,C/+Lzeou2LizQySX67M2667gb5DYL8ydseiRleWccoX3IZo1wEXxWMFuLlHF23Qr,4.451445713192621,6.17886822966075,5.0693247524128
222000,C/+Lzeou2LizQySX67M2667gb5DYL8ydseiRleWccoX3IZo1wEXxWMFuLlHF23Qr,4.044575597182102,7.269045497920518,5.184855679460349
222300,C/+Lzeou2LizQySX67M2667gb5DYL8ydseiRleWccoX3IZo1wEXxWMFuLlHF23Qr,4.238301905595577,6.822718133729138,5.032780076131873
222600,C/+Lzeou2LizQySX67M2667gb5DYL8ydseiRleWccoX3IZo1wEXxWMFuLlHF23Qr,4.434190089789433,6.659529788317774,5.028322865296205
222900,C/+Lzeou2LizQySX67M2667gb5DYL8ydseiRleWccoX3IZo1wEXxWMFuLlHF23Qr,4.258693011135275,6.9021617813662255,5.0067845833624505
223200,C/+Lzeou2LizQySX67M2667gb5DYL8ydseiRleWccoX3IZo1wEXxWMFuLlHF23Qr,4.341838235320399,6.780382926941199,5.121896536131569
223500,C/+Lzeou2LizQySX67M2667gb5DYL8ydseiRleWccoX3IZo1wEXxWMFuLlHF23Qr,4.68167579686923,6.47506692741542,5.166366922436475
223800,C/+Lzeou2LizQySX67M2667gb5DYL8ydseiRleWccoX3IZo1wEXxWMFuLlHF23Qr,4.290144213831522,6.681327453097372,5.118150078964087
224100,C/+Lzeou2LizQySX67M2667gb5DYL8ydseiRleWccoX3IZo1wEXxWMFuLlHF23Qr,4.265168037271259,6.850564297125797,5.092302603225405
224400,C/+Lzeou2LizQySX67M2667gb5DYL8ydseiRleWccoX3IZo1wEXxWMFuLlHF23Qr,4.295098971702377,7.432622144235687,5.197649066667041
224700,C/+Lzeou2LizQySX67M2667gb5DYL8ydseiRleWccoX3IZo1wEXxWMFuLlHF23Qr,4.512383989831238,7.062867996945889,5.129850658354456
225000,C/+Lzeou2LizQySX67M2667gb5DYL8ydseiRleWccoX3IZo1wEXxWMFuLlHF23Qr,4.232312718983161,7.074180099205043,5.1101726911574605
225300,C/+Lzeou2LizQySX67M2667gb5DYL8ydseiRleWccoX3IZo1wEXxWMFuLlHF23Qr,4.471291803443413,6.839969064719792,5.07192465505874
225600,C/+Lzeou2LizQySX67M2667gb5DYL8ydseiRleWccoX3IZo1wEXxWMFuLlHF23Qr,4.454042674988789,6.877963454319964,5.142603676441242
225900,C/+Lzeou2LizQySX67M2667gb5DYL8ydseiRleWccoX3IZo1wEXxWMFuLlHF23Qr,4.519123572986562,7.0182406452204855,5.103690365688115
226200,C/+Lzeou2LizQySX67M2667gb5DYL8ydseiRleWccoX3IZo1wEXxWMFuLlHF23Qr,4.2058592528778975,6.874423469114901,5.063449450359996
226500,C/+Lzeou2LizQySX67M2667gb5DYL8ydseiRleWccoX3IZo1wEXxWMFuLlHF23Qr,4.677731365885163,6.459877313922913,5.2268132171283845
226800,C/+Lzeou2LizQySX67M2667gb5DYL8ydseiRleWccoX3IZo1wEXxWMFuLlHF23Qr,4.350108605919397,6.91493387718417,5.1394914050642715
227100,C/+Lzeou2LizQySX67M2667gb5DYL8ydseiRleWccoX3IZo1wEXxWMFuLlHF23Qr,4.453650781625031,6.096874799558262,5.040404392090172
227400,C/+Lzeou2LizQySX67M2667gb5DYL8ydseiRleWccoX3IZo1wEXxWMFuLlHF23Qr,4.112831630831016,7.2551711058892305,5.078913602182984
227700,C/+Lzeou2LizQySX67M2667gb5DYL8ydseiRleWccoX3IZo1wEXxWMFuLlHF23Qr,4.419247859221301,7.141392832878385,5.07082485673942
228000,C/+Lzeou2LizQySX67M2667gb5DYL8ydseiRleWccoX3IZo1wEXxWMFuLlHF23Qr,4.221014850790022,6.807815702249496,5.049095158703759
228300,C/+Lzeou2LizQySX67M2667gb5DYL8ydseiRleWccoX3IZo1wEXxWMFuLlHF23Qr,4.406367220863576,6.344239634628139,5.096931360620361
228600,C/+Lzeou2LizQySX67M2667gb5DYL8ydseiRleWccoX3IZo1wEXxWMFuLlHF23Qr,4.502480907840291,6.678656075682427,5.197882587668183
228900,C/+Lzeou2LizQySX67M2667gb5DYL8ydseiRleWccoX3IZo1wEXxWMFuLlHF23Qr,4.389832358608135,7.027985718601064,5.0794402179820075
229200,C/+Lzeou2LizQySX67M2667gb5DYL8ydseiRleWccoX3IZo1wEXxWMFuLlHF23Qr,4.465499503485735,6.6137846862888985,5.324412779602037
229500,C/+Lzeou2LizQySX67M2667gb5DYL8ydseiRleWccoX3IZo1wEXxWMFuLlHF23Qr,4.391506417658048,6.285418350185014,5.057291569353667
229800,C/+Lzeou2LizQySX67M2667gb5DYL8ydseiRleWccoX3IZo1wEXxWMFuLlHF23Qr,4.316344096700823,6.332106055287694,5.109871717783721
230100,C/+Lzeou2LizQySX67M2667gb5DYL8ydseiRleWccoX3IZo1wEXxWMFuLlHF23Qr,4.521890151166763,6.595446031137772,5.203283043323498
230400,C/+Lzeou2LizQySX67M2667gb5DYL8ydseiRleWccoX3IZo1wEXxWMFuLlHF23Qr,4.392689539123198,6.588155288383275,5.182279569712635
230700,C/+Lzeou2LizQySX67M2667gb5DYL8ydseiRleWccoX3IZo1wEXxWMFuLlHF23Qr,4.522497974977501,6.613051376729112,5.185559569204432
231000,C/+Lzeou2LizQySX67M2667gb5DYL8ydseiRleWccoX3IZo1wEXxWMFuLlHF23Qr,4.40852916080476,6.662040263279519,5.2016786925915435
231300,C/+Lzeou2LizQySX67M2667gb5DYL8ydseiRleWccoX3IZo1wEXxWMFuLlHF23Qr,4.690553808329674,6.649783530207613,5.31649139354576
231600,C/+Lzeou2LizQySX67M2667gb5DYL8ydseiRleWccoX3IZo1wEXxWMFuLlHF23Qr,4.34821426427677,6.7683709564693535,5.126254431009654
231900,C/+Lzeou2LizQySX67M2667gb5DYL8ydseiRleWccoX3IZo1wEXxWMFuLlHF23Qr,4.556900210708573,6.646317021012202,5.275333622660568
232200,C/+Lzeou2LizQySX67M2667gb5DYL8ydseiRleWccoX3IZo1wEXxWMFuLlHF23Qr,4.399447430322847,6.951668200879782,5.198916145313305
232500,C/+Lzeou2LizQySX67M2667gb5DYL8ydseiRleWccoX3IZo1wEXxWMFuLlHF23Qr,4.298653604528954,6.540074862993856,5.031900908253252
232800,C/+Lzeou2LizQySX67M2667gb5DYL8ydseiRleWccoX3IZo1wEXxWMFuLlHF23Qr,4.343282409463224,6.92963663735799,5.019223912848187
233100,C/+Lzeou2LizQySX67M2667gb5DYL8ydseiRleWccoX3IZo1wEXxWMFuLlHF23Qr,4.314047311171298,6.282199080234779,5.058944300319453
233400,C/+Lzeou2LizQySX67M2667gb5DYL8ydseiRleWccoX3IZo1wEXxWMFuLlHF23Qr,4.323589080612583,6.868247203913936,5.054904725745852
233700,C/+Lzeou2LizQySX67M2667gb5DYL8ydseiRleWccoX3IZo1wEXxWMFuLlHF23Qr,4.35026511036576,6.689302235382614,5.110918972046039
234000,C/+Lzeou2LizQySX67M2667gb5DYL8ydseiRleWccoX3IZo1wEXxWMFuLlHF23Qr,4.343699291066566,6.820218961347942,5.078999933397519
234300,C/+Lzeou2LizQySX67M2667gb5DYL8ydseiRleWccoX3IZo1wEXxWMFuLlHF23Qr,4.253989081735566,6.744033804198364,5.0986743358596485
234600,C/+Lzeou2LizQySX67M2667gb5DYL8ydseiRleWccoX3IZo1wEXxWMFuLlHF23Qr,4.253895331955202,6.727164531013464,5.045524104915509
234900,C/+Lzeou2LizQySX67M2667gb5DYL8ydseiRleWccoX3IZo1wEXxWMFuLlHF23Qr,4.304730054437871,6.300904257782362,5.177842127051774
235200,C/+Lzeou2LizQySX67M2667gb5DYL8ydseiRleWccoX3IZo1wEXxWMFuLlHF23Qr,4.39414837063203,7.063172510241488,5.076880968421343
235500,C/+Lzeou2LizQySX67M2667gb5DYL8ydseiRleWccoX3IZo1wEXxWMFuLlHF23Qr,4.2480684720276365,6.755535396025487,5.136406059817045
235800,C/+Lzeou2LizQySX67M2667gb5DYL8ydseiRleWccoX3IZo1wEXxWMFuLlHF23Qr,4.295373177338833,7.265494303016579,5.059998951937592
236100,C/+Lzeou2LizQySX67M2667gb5DYL8ydseiRleWccoX3IZo1wEXxWMFuLlHF23Qr,4.307216596357771,6.6108100778859935,5.016674223467416
236400,C/+Lzeou2LizQySX67M2667gb5DYL8ydseiRleWccoX3IZo1wEXxWMFuLlHF23Qr,4.500359777298545,6.78405996648837,5.1279509560349945
236700,C/+Lzeou2LizQySX67M2667gb5DYL8ydseiRleWccoX3IZo1wEXxWMFuLlHF23Qr,4.4834457740569835,6.649044725657287,5.173993181336316
237000,C/+Lzeou2LizQySX67M2667gb5DYL8ydseiRleWccoX3IZo1wEXxWMFuLlHF23Qr,4.454828689799596,7.027421207127041,5.0668845948052805
237300,C/+Lzeou2LizQySX67M2667gb5DYL8ydseiRleWccoX3IZo1wEXxWMFuLlHF23Qr,4.401690117663764,6.601872347732804,5.033381032377146
237600,C/+Lzeou2LizQySX67M2667gb5DYL8ydseiRleWccoX3IZo1wEXxWMFuLlHF23Qr,4.4025830468463845,8.955708996280942,5.675669896904984
237900,C/+Lzeou2LizQySX67M2667gb5DYL8ydseiRleWccoX3IZo1wEXxWMFuLlHF23Qr,4.5295412120768415,6.435860323612652,5.120618662471688
238200,C/+Lzeou2LizQySX67M2667gb5DYL8ydseiRleWccoX3IZo1wEXxWMFuLlHF23Qr,4.393321382210272,6.313020210109761,4.865285922698317
238500,C/+Lzeou2LizQySX67M2667gb5DYL8ydseiRleWccoX3IZo1wEXxWMFuLlHF23Qr,4.451412395286483,6.709453295937517,5.280524845057218
238800,C/+Lzeou2LizQySX67M2667gb5DYL8ydseiRleWccoX3IZo1wEXxWMFuLlHF23Qr,4.326642863422928,7.0126886213695405,4.844321141614814
239100,C/+Lzeou2LizQySX67M2667gb5DYL8ydseiRleWccoX3IZo1wEXxWMFuLlHF23Qr,4.485218061775223,6.629681109129755,5.430379223833544
239400,C/+Lzeou2LizQySX67M2667gb5DYL8ydseiRleWccoX3IZo1wEXxWMFuLlHF23Qr,4.445128695102384,6.686212625967455,4.942003581487081
239700,C/+Lzeou2LizQySX67M2667gb5DYL8ydseiRleWccoX3IZo1wEXxWMFuLlHF23Qr,4.443690587701661,6.689995276584257,5.241053965473281
240000,C/+Lzeou2LizQySX67M2667gb5DYL8ydseiRleWccoX3IZo1wEXxWMFuLlHF23Qr,4.349046442286088,6.76174386879568,5.0060593738414765
240300,C/+Lzeou2LizQySX67M2667gb5DYL8ydseiRleWccoX3IZo1wEXxWMFuLlHF23Qr,4.507824061266254,6.777366360204456,5.240929784592398
240600,C/+Lzeou2LizQySX67M2667gb5DYL8ydseiRleWccoX3IZo1wEXxWMFuLlHF23Qr,4.264781906911101,5.936896929351651,4.744483894735383
240900,C/+Lzeou2LizQySX67M2667gb5DYL8ydseiRleWccoX3IZo1wEXxWMFuLlHF23Qr,4.630321125840118,6.530132022257432,5.277178799984736
241200,C/+Lzeou2LizQySX67M2667gb5DYL8ydseiRleWccoX3IZo1wEXxWMFuLlHF23Qr,4.4582726416841885,6.441855454504577,4.959603893275744
241500,C/+Lzeou2LizQySX67M2667gb5DYL8ydseiRleWccoX3IZo1wEXxWMFuLlHF23Qr,4.334285954138894,6.948910342531903,5.365933900997639
241800,C/+Lzeou2LizQySX67M2667gb5DYL8ydseiRleWccoX3IZo1wEXxWMFuLlHF23Qr,4.413646884414771,6.573998395463407,4.909466195883193
242100,C/+Lzeou2LizQySX67M2667gb5DYL8ydseiRleWccoX3IZo1wEXxWMFuLlHF23Qr,4.220803925465349,6.405114158027416,5.24653988977347
242400,C/+Lzeou2LizQySX67M2667gb5DYL8ydseiRleWccoX3IZo1wEXxWMFuLlHF23Qr,4.379889877077937,6.313511804166858,4.906000051360478
242700,C/+Lzeou2LizQySX67M2667gb5DYL8ydseiRleWccoX3IZo1wEXxWMFuLlHF23Qr,4.841688045263409,6.866316171092242,5.674747924177251
243000,C/+Lzeou2LizQySX67M2667gb5DYL8ydseiRleWccoX3IZo1wEXxWMFuLlHF23Qr,4.2824783629018,6.32400205990313,4.951324573447933
243300,C/+Lzeou2LizQySX67M2667gb5DYL8ydseiRleWccoX3IZo1wEXxWMFuLlHF23Qr,4.400426819921615,6.358455285618469,5.226807191593347
243600,C/+Lzeou2LizQySX67M2667gb5DYL8ydseiRleWccoX3IZo1wEXxWMFuLlHF23Qr,4.307200069178432,6.678178338536008,4.959458351562115
243900,C/+Lzeou2LizQySX67M2667gb5DYL8ydseiRleWccoX3IZo1wEXxWMFuLlHF23Qr,4.326660635786353,8.501618337844382,5.442162422280315
244200,C/+Lzeou2LizQySX67M2667gb5DYL8ydseiRleWccoX3IZo1wEXxWMFuLlHF23Qr,4.2256285192226875,6.62462725968324,4.860497482892774
244500,C/+Lzeou2LizQySX67M2667gb5DYL8ydseiRleWccoX3IZo1wEXxWMFuLlHF23Qr,4.336904320188168,6.63624185879716,5.228078024050587
244800,C/+Lzeou2LizQySX67M2667gb5DYL8ydseiRleWccoX3IZo1wEXxWMFuLlHF23Qr,4.337076172972608,6.531855833853697,4.821254713923965
245100,C/+Lzeou2LizQySX67M2667gb5DYL8ydseiRleWccoX3IZo1wEXxWMFuLlHF23Qr,4.173667954706944,7.48189763627662,5.262282103881269
245400,C/+Lzeou2LizQySX67M2667gb5DYL8ydseiRleWccoX3IZo1wEXxWMFuLlHF23Qr,4.3071419786326,6.399887576025576,4.985482919711778
245700,C/+Lzeou2LizQySX67M2667gb5DYL8ydseiRleWccoX3IZo1wEXxWMFuLlHF23Qr,4.222018899395365,6.645650789757608,5.226589827048198
246000,C/+Lzeou2LizQySX67M2667gb5DYL8ydseiRleWccoX3IZo1wEXxWMFuLlHF23Qr,4.15705094206691,6.522977705435656,4.8255944610155375
246300,C/+Lzeou2LizQySX67M2667gb5DYL8ydseiRleWccoX3IZo1wEXxWMFuLlHF23Qr,4.302325150672417,6.7899580947609195,5.384620847519745
246600,C/+Lzeou2LizQySX67M2667gb5DYL8ydseiRleWccoX3IZo1wEXxWMFuLlHF23Qr,4.236729030947633,6.580909990364108,4.810783460382166
246900,C/+Lzeou2LizQySX67M2667gb5DYL8ydseiRleWccoX3IZo1wEXxWMFuLlHF23Qr,4.06380590697488,6.514635418936819,5.139737974780245
247200,C/+Lzeou2LizQySX67M2667gb5DYL8ydseiRleWccoX3IZo1wEXxWMFuLlHF23Qr,4.278140538527572,6.356538153970848,4.831541899876816
247500,C/+Lzeou2LizQySX67M2667gb5DYL8ydseiRleWccoX3IZo1wEXxWMFuLlHF23Qr,4.118900558494703,6.784749522498102,5.110086804746814
247800,C/+Lzeou2LizQySX67M2667gb5DYL8ydseiRleWccoX3IZo1wEXxWMFuLlHF23Qr,4.056843195416921,6.696504460601423,4.938944529859868
248100,C/+Lzeou2LizQySX67M2667gb5DYL8ydseiRleWccoX3IZo1wEXxWMFuLlHF23Qr,4.1242460263579765,7.635185492047264,5.104025859456974
248400,C/+Lzeou2LizQySX67M2667gb5DYL8ydseiRleWccoX3IZo1wEXxWMFuLlHF23Qr,4.075733976465736,6.863210007023568,4.867233121336091
248700,C/+Lzeou2LizQySX67M2667gb5DYL8ydseiRleWccoX3IZo1wEXxWMFuLlHF23Qr,4.355060965330497,8.409772423854482,5.30105419851686
249000,C/+Lzeou2LizQySX67M2667gb5DYL8ydseiRleWccoX3IZo1wEXxWMFuLlHF23Qr,4.246980687204049,7.386673740255808,4.858461713005119
249300,C/+Lzeou2LizQySX67M2667gb5DYL8ydseiRleWccoX3IZo1wEXxWMFuLlHF23Qr,4.479529715877994,7.797638794204178,5.358203457992507
249600,C/+Lzeou2LizQySX67M2667gb5DYL8ydseiRleWccoX3IZo1wEXxWMFuLlHF23Qr,4.409103504645624,7.0901264540193125,4.924119017062816
249900,C/+Lzeou2LizQySX67M2667gb5DYL8ydseiRleWccoX3IZo1wEXxWMFuLlHF23Qr,4.536631456366798,8.032483258851324,5.416321030810804
250200,C/+Lzeou2LizQySX67M2667gb5DYL8ydseiRleWccoX3IZo1wEXxWMFuLlHF23Qr,4.233033331322998,6.848544375280143,4.921702599166921
250500,C/+Lzeou2LizQySX67M2667gb5DYL8ydseiRleWccoX3IZo1wEXxWMFuLlHF23Qr,4.1489414657028085,8.072370508292893,5.255579510953815
250800,C/+Lzeou2LizQySX67M2667gb5DYL8ydseiRleWccoX3IZo1wEXxWMFuLlHF23Qr,4.29732858323444,6.69428894729425,5.014804639538236
251100,C/+Lzeou2LizQySX67M2667gb5DYL8ydseiRleWccoX3IZo1wEXxWMFuLlHF23Qr,4.541424535206253,7.447404878984725,5.47356288368156
251400,C/+Lzeou2LizQySX67M2667gb5DYL8ydseiRleWccoX3IZo1wEXxWMFuLlHF23Qr,4.140485312226772,7.01439627469189,5.016657902915044
251700,C/+Lzeou2LizQySX67M2667gb5DYL8ydseiRleWccoX3IZo1wEXxWMFuLlHF23Qr,4.354197067429614,7.46003008285882,5.282365012655877
252000,C/+Lzeou2LizQySX67M2667gb5DYL8ydseiRleWccoX3IZo1wEXxWMFuLlHF23Qr,4.297480079238104,6.5521927316040784,4.810171331687463
252300,C/+Lzeou2LizQySX67M2667gb5DYL8ydseiRleWccoX3IZo1wEXxWMFuLlHF23Qr,4.413287162901762,6.934497069268332,5.198463729661435
252600,C/+Lzeou2LizQySX67M2667gb5DYL8ydseiRleWccoX3IZo1wEXxWMFuLlHF23Qr,4.043935882090885,6.425293368851048,4.872686397053413
252900,C/+Lzeou2LizQySX67M2667gb5DYL8ydseiRleWccoX3IZo1wEXxWMFuLlHF23Qr,4.365761045678395,7.1923387306604205,5.305612351303824
253200,C/+Lzeou2LizQySX67M2667gb5DYL8ydseiRleWccoX3IZo1wEXxWMFuLlHF23Qr,4.067261302138244,6.621231249729935,4.8350846207183595
253500,C/+Lzeou2LizQySX67M2667gb5DYL8ydseiRleWccoX3IZo1wEXxWMFuLlHF23Qr,4.296950942063948,6.791634401429343,5.327708673125248
253800,C/+Lzeou2LizQySX67M2667gb5DYL8ydseiRleWccoX3IZo1wEXxWMFuLlHF23Qr,4.279716570302671,5.956074201856602,4.874887184974271
254100,C/+Lzeou2LizQySX67M2667gb5DYL8ydseiRleWccoX3IZo1wEXxWMFuLlHF23Qr,4.47859107177548,7.158690268769302,5.279013312603434
254400,C/+Lzeou2LizQySX67M2667gb5DYL8ydseiRleWccoX3IZo1wEXxWMFuLlHF23Qr,4.041561627462619,6.382722421102341,4.865779950173828
254700,C/+Lzeou2LizQySX67M2667gb5DYL8ydseiRleWccoX3IZo1wEXxWMFuLlHF23Qr,4.433433179105057,7.950876962805102,5.327672647101664
255000,C/+Lzeou2LizQySX67M2667gb5DYL8ydseiRleWccoX3IZo1wEXxWMFuLlHF23Qr,4.34631831697783,6.53500417926578,4.953745170869017
255300,C/+Lzeou2LizQySX67M2667gb5DYL8ydseiRleWccoX3IZo1wEXxWMFuLlHF23Qr,4.162437095578367,8.04260452837567,5.215343097494731
255600,C/+Lzeou2LizQySX67M2667gb5DYL8ydseiRleWccoX3IZo1wEXxWMFuLlHF23Qr,4.419857973242017,6.534243958252394,4.93032773139382
255900,C/+Lzeou2LizQySX67M2667gb5DYL8ydseiRleWccoX3IZo1wEXxWMFuLlHF23Qr,4.537503471149504,8.40386581348453,5.76287451974899
256200,C/+Lzeou2LizQySX67M2667gb5DYL8ydseiRleWccoX3IZo1wEXxWMFuLlHF23Qr,5.200438992851256,7.322565931125464,5.624555351258112
256500,C/+Lzeou2LizQySX67M2667gb5DYL8ydseiRleWccoX3IZo1wEXxWMFuLlHF23Qr,4.817784624870644,8.717842146096364,5.8722848439108635
256800,C/+Lzeou2LizQySX67M2667gb5DYL8ydseiRleWccoX3IZo1wEXxWMFuLlHF23Qr,4.947077704855089,7.099523693122388,5.550442481542601
257100,C/+Lzeou2LizQySX67M2667gb5DYL8ydseiRleWccoX3IZo1wEXxWMFuLlHF23Qr,4.857927621077869,8.81486765268376,5.938813245929019
257400,C/+Lzeou2LizQySX67M2667gb5DYL8ydseiRleWccoX3IZo1wEXxWMFuLlHF23Qr,4.98160034075702,7.421194356472785,5.501507199538536
257700,C/+Lzeou2LizQySX67M2667gb5DYL8ydseiRleWccoX3IZo1wEXxWMFuLlHF23Qr,5.037531611972986,8.340723878162887,5.849212741687659
258000,C/+Lzeou2LizQySX67M2667gb5DYL8ydseiRleWccoX3IZo1wEXxWMFuLlHF23Qr,4.842298397494311,7.32314363425362,5.4562292253525175
258300,C/+Lzeou2LizQySX67M2667gb5DYL8ydseiRleWccoX3IZo1wEXxWMFuLlHF23Qr,4.821688421639896,8.453792107996097,6.092668153330412
258600,C/+Lzeou2LizQySX67M2667gb5DYL8ydseiRleWccoX3IZo1wEXxWMFuLlHF23Qr,4.841145149103226,7.293597931639359,5.506268885640122
258900,C/+Lzeou2LizQySX67M2667gb5DYL8ydseiRleWccoX3IZo1wEXxWMFuLlHF23Qr,4.814607727933038,8.33540799658176,5.901302342041451
259200,C/+Lzeou2LizQySX67M2667gb5DYL8ydseiRleWccoX3IZo1wEXxWMFuLlHF23Qr,4.784812905426282,6.903580543205048,5.269739050103307
259500,C/+Lzeou2LizQySX67M2667gb5DYL8ydseiRleWccoX3IZo1wEXxWMFuLlHF23Qr,4.788655590025268,8.433882504862678,5.747968622392801
259800,C/+Lzeou2LizQySX67M2667gb5DYL8ydseiRleWccoX3IZo1wEXxWMFuLlHF23Qr,4.637023333292728,7.750655464152424,5.370723296125131
260100,C/+Lzeou2LizQySX67M2667gb5DYL8ydseiRleWccoX3IZo1wEXxWMFuLlHF23Qr,4.9398856230055,8.468891542704565,5.755482225953393
260400,C/+Lzeou2LizQySX67M2667gb5DYL8ydseiRleWccoX3IZo1wEXxWMFuLlHF23Qr,4.872819805197476,6.664936411072917,5.469350094797039
260700,C/+Lzeou2LizQySX67M2667gb5DYL8ydseiRleWccoX3IZo1wEXxWMFuLlHF23Qr,4.445813217039013,7.380600276449085,5.781185301478979
261000,C/+Lzeou2LizQySX67M2667gb5DYL8ydseiRleWccoX3IZo1wEXxWMFuLlHF23Qr,4.808825056243423,7.791761949046551,5.510485292247366
261300,C/+Lzeou2LizQySX67M2667gb5DYL8ydseiRleWccoX3IZo1wEXxWMFuLlHF23Qr,4.951618957571651,7.39606854420944,5.641866958038836
261600,C/+Lzeou2LizQySX67M2667gb5DYL8ydseiRleWccoX3IZo1wEXxWMFuLlHF23Qr,4.705977440671576,7.757028223816912,5.4644294053400015
261900,C/+Lzeou2LizQySX67M2667gb5DYL8ydseiRleWccoX3IZo1wEXxWMFuLlHF23Qr,4.979082451129425,7.562564581762243,5.8248956851430185
262200,C/+Lzeou2LizQySX67M2667gb5DYL8ydseiRleWccoX3IZo1wEXxWMFuLlHF23Qr,4.380711871082641,6.718393589360651,4.9226842608308194
262500,C/+Lzeou2LizQySX67M2667gb5DYL8ydseiRleWccoX3IZo1wEXxWMFuLlHF23Qr,4.1242608851610605,7.447854249883976,5.345595617255014
262800,C/+Lzeou2LizQySX67M2667gb5DYL8ydseiRleWccoX3IZo1wEXxWMFuLlHF23Qr,4.2658549181129,5.978497071697177,4.769160004662523
263100,C/+Lzeou2LizQySX67M2667gb5DYL8ydseiRleWccoX3IZo1wEXxWMFuLlHF23Qr,4.219321297980418,6.788508369550246,5.154604967554306
263400,C/+Lzeou2LizQySX67M2667gb5DYL8ydseiRleWccoX3IZo1wEXxWMFuLlHF23Qr,4.361882999266619,6.606667121709897,4.877818779550992
263700,C/+Lzeou2LizQySX67M2667gb5DYL8ydseiRleWccoX3IZo1wEXxWMFuLlHF23Qr,3.925790671485723,7.000114907920552,5.117847634072317
264000,C/+Lzeou2LizQySX67M2667gb5DYL8ydseiRleWccoX3IZo1wEXxWMFuLlHF23Qr,4.038688541997315,6.42730690236988,4.822839732563788
264300,C/+Lzeou2LizQySX67M2667gb5DYL8ydseiRleWccoX3IZo1wEXxWMFuLlHF23Qr,4.305852855488129,7.183753866739617,5.3928352292822455
264600,C/+Lzeou2LizQySX67M2667gb5DYL8ydseiRleWccoX3IZo1wEXxWMFuLlHF23Qr,4.358697482645193,6.534577777901252,4.833794307039828
264900,C/+Lzeou2LizQySX67M2667gb5DYL8ydseiRleWccoX3IZo1wEXxWMFuLlHF23Qr,3.903269685591634,7.00400029476205,5.167147811183921
265200,C/+Lzeou2LizQySX67M2667gb5DYL8ydseiRleWccoX3IZo1wEXxWMFuLlHF23Qr,4.323508653165791,6.60646748972671,4.883508494910789
265500,C/+Lzeou2LizQySX67M2667gb5DYL8ydseiRleWccoX3IZo1wEXxWMFuLlHF23Qr,4.353403183452468,7.079123577098048,5.250320079818526
265800,C/+Lzeou2LizQySX67M2667gb5DYL8ydseiRleWccoX3IZo1wEXxWMFuLlHF23Qr,4.399846097144976,6.752028023659276,4.9109813756988725
266100,C/+Lzeou2LizQySX67M2667gb5DYL8ydseiRleWccoX3IZo1wEXxWMFuLlHF23Qr,4.651895508547432,6.951063564078576,5.392717920746987
266400,C/+Lzeou2LizQySX67M2667gb5DYL8ydseiRleWccoX3IZo1wEXxWMFuLlHF23Qr,3.990805610345877,6.413026558510601,4.821216626223524
266700,C/+Lzeou2LizQySX67M2667gb5DYL8ydseiRleWccoX3IZo1wEXxWMFuLlHF23Qr,4.287090441900856,7.135036059501974,5.362473073226616
267000,C/+Lzeou2LizQySX67M2667gb5DYL8ydseiRleWccoX3IZo1wEXxWMFuLlHF23Qr,4.271908481500392,5.528809171100108,4.7692869012191
267300,C/+Lzeou2LizQySX67M2667gb5DYL8ydseiRleWccoX3IZo1wEXxWMFuLlHF23Qr,4.453484603084245,7.044135254807606,5.2319849786620205
267600,C/+Lzeou2LizQySX67M2667gb5DYL8ydseiRleWccoX3IZo1wEXxWMFuLlHF23Qr,3.896015650255275,6.498899229305647,4.816835531166275
267900,C/+Lzeou2LizQySX67M2667gb5DYL8ydseiRleWccoX3IZo1wEXxWMFuLlHF23Qr,4.3316896431357055,7.0700547048459645,5.393236432997392
268200,C/+Lzeou2LizQySX67M2667gb5DYL8ydseiRleWccoX3IZo1wEXxWMFuLlHF23Qr,4.046352699434514,6.437114804850212,4.841791156152995
268500,C/+Lzeou2LizQySX67M2667gb5DYL8ydseiRleWccoX3IZo1wEXxWMFuLlHF23Qr,4.495309853923574,6.694541311056802,5.2697737954287245
268800,C/+Lzeou2LizQySX67M2667gb5DYL8ydseiRleWccoX3IZo1wEXxWMFuLlHF23Qr,4.132229721815282,6.775739401864322,4.890345711895288
269100,C/+Lzeou2LizQySX67M2667gb5DYL8ydseiRleWccoX3IZo1wEXxWMFuLlHF23Qr,4.378482828421865,6.448479628731741,5.2085950294557595
269400,C/+Lzeou2LizQySX67M2667gb5DYL8ydseiRleWccoX3IZo1wEXxWMFuLlHF23Qr,4.384875376609372,6.911302817611485,4.819944456180358
269700,C/+Lzeou2LizQySX67M2667gb5DYL8ydseiRleWccoX3IZo1wEXxWMFuLlHF23Qr,4.596621572910597,6.427474729054137,5.270090408028919
270000,C/+Lzeou2LizQySX67M2667gb5DYL8ydseiRleWccoX3IZo1wEXxWMFuLlHF23Qr,4.331973260733391,6.511133809944128,4.933274909053104
270300,C/+Lzeou2LizQySX67M2667gb5DYL8ydseiRleWccoX3IZo1wEXxWMFuLlHF23Qr,4.177325848484354,6.504221212842363,5.055986509531676
270600,C/+Lzeou2LizQySX67M2667gb5DYL8ydseiRleWccoX3IZo1wEXxWMFuLlHF23Qr,4.441672390617877,6.544357756994879,4.917180838442475
270900,C/+Lzeou2LizQySX67M2667gb5DYL8ydseiRleWccoX3IZo1wEXxWMFuLlHF23Qr,4.253904757291668,6.421151599311451,5.07274087236808
271200,C/+Lzeou2LizQySX67M2667gb5DYL8ydseiRleWccoX3IZo1wEXxWMFuLlHF23Qr,4.287173249903264,6.776632309076977,4.861718567661823
271500,C/+Lzeou2LizQySX67M2667gb5DYL8ydseiRleWccoX3IZo1wEXxWMFuLlHF23Qr,4.420706347281592,6.674302455358485,5.28813829787501
271800,C/+Lzeou2LizQySX67M2667gb5DYL8ydseiRleWccoX3IZo1wEXxWMFuLlHF23Qr,4.200371206266214,6.485825241785739,4.831419427042372
272100,C/+Lzeou2LizQySX67M2667gb5DYL8ydseiRleWccoX3IZo1wEXxWMFuLlHF23Qr,4.523346801765896,6.636575039995888,5.28331115292007
272400,C/+Lzeou2LizQySX67M2667gb5DYL8ydseiRleWccoX3IZo1wEXxWMFuLlHF23Qr,4.3667463570829534,6.537854090878644,5.097504717850808
272700,C/+Lzeou2LizQySX67M2667gb5DYL8ydseiRleWccoX3IZo1wEXxWMFuLlHF23Qr,4.3199713794544605,7.466071981178315,5.474785944250451
273000,C/+Lzeou2LizQySX67M2667gb5DYL8ydseiRleWccoX3IZo1wEXxWMFuLlHF23Qr,4.332544338431584,6.867365167967985,4.9734201052425835
273300,C/+Lzeou2LizQySX67M2667gb5DYL8ydseiRleWccoX3IZo1wEXxWMFuLlHF23Qr,4.543674020834472,6.716185940137337,5.214053925057321
273600,C/+Lzeou2LizQySX67M2667gb5DYL8ydseiRleWccoX3IZo1wEXxWMFuLlHF23Qr,4.3996013780846885,6.873655080592066,4.997308459589624
273900,C/+Lzeou2LizQySX67M2667gb5DYL8ydseiRleWccoX3IZo1wEXxWMFuLlHF23Qr,4.331165001998093,9.757584324393846,5.6906745857862955
274200,C/+Lzeou2LizQySX67M2667gb5DYL8ydseiRleWccoX3IZo1wEXxWMFuLlHF23Qr,4.544559111796184,6.768181785114473,4.9078099027563695
274500,C/+Lzeou2LizQySX67M2667gb5DYL8ydseiRleWccoX3IZo1wEXxWMFuLlHF23Qr,4.233794079288907,6.788730208747183,5.157793189569771
274800,C/+Lzeou2LizQySX67M2667gb5DYL8ydseiRleWccoX3IZo1wEXxWMFuLlHF23Qr,4.465767550968177,6.18420008322294,4.997796340606021
275100,C/+Lzeou2LizQySX67M2667gb5DYL8ydseiRleWccoX3IZo1wEXxWMFuLlHF23Qr,4.167340801499412,7.320564141234862,5.351866337232204
275400,C/+Lzeou2LizQySX67M2667gb5DYL8ydseiRleWccoX3IZo1wEXxWMFuLlHF23Qr,4.448598674196696,6.939745387168135,5.055715523783483
275700,C/+Lzeou2LizQySX67M2667gb5DYL8ydseiRleWccoX3IZo1wEXxWMFuLlHF23Qr,4.351519597403745,7.050626513937597,5.2535419233867975
276000,C/+Lzeou2LizQySX67M2667gb5DYL8ydseiRleWccoX3IZo1wEXxWMFuLlHF23Qr,4.56657720296316,6.691660854158776,5.08095215407308
276300,C/+Lzeou2LizQySX67M2667gb5DYL8ydseiRleWccoX3IZo1wEXxWMFuLlHF23Qr,4.170458781625998,7.1421854448736175,5.236058772665775
276600,C/+Lzeou2LizQySX67M2667gb5DYL8ydseiRleWccoX3IZo1wEXxWMFuLlHF23Qr,4.523741429571188,6.515171538596716,4.968646797917364
276900,C/+Lzeou2LizQySX67M2667gb5DYL8ydseiRleWccoX3IZo1wEXxWMFuLlHF23Qr,4.3310335179631405,7.165043099083939,5.287752047345728
277200,C/+Lzeou2LizQySX67M2667gb5DYL8ydseiRleWccoX3IZo1wEXxWMFuLlHF23Qr,4.45706656629072,6.678093822803884,4.98399560942781
277500,C/+Lzeou2LizQySX67M2667gb5DYL8ydseiRleWccoX3IZo1wEXxWMFuLlHF23Qr,4.364526906030151,6.64226535286371,5.2648876376215
277800,C/+Lzeou2LizQySX67M2667gb5DYL8ydseiRleWccoX3IZo1wEXxWMFuLlHF23Qr,4.223757309375904,6.69282036468105,4.971225999387835
278100,C/+Lzeou2LizQySX67M2667gb5DYL8ydseiRleWccoX3IZo1wEXxWMFuLlHF23Qr,4.5286513620734095,6.86361661340893,5.170929116615372
278400,C/+Lzeou2LizQySX67M2667gb5DYL8ydseiRleWccoX3IZo1wEXxWMFuLlHF23Qr,4.385220535877629,6.434276949463109,5.01323639081116
278700,C/+Lzeou2LizQySX67M2667gb5DYL8ydseiRleWccoX3IZo1wEXxWMFuLlHF23Qr,4.434638820508661,6.963120911385799,5.414889676615829
279000,C/+Lzeou2LizQySX67M2667gb5DYL8ydseiRleWccoX3IZo1wEXxWMFuLlHF23Qr,4.36132561801702,6.631646599104302,4.930305144555384
279300,C/+Lzeou2LizQySX67M2667gb5DYL8ydseiRleWccoX3IZo1wEXxWMFuLlHF23Qr,4.4203333985926525,7.022573751695018,5.291489966580177
279600,C/+Lzeou2LizQySX67M2667gb5DYL8ydseiRleWccoX3IZo1wEXxWMFuLlHF23Qr,4.374125913186087,6.416016152497818,4.981526851637001
279900,C/+Lzeou2LizQySX67M2667gb5DYL8ydseiRleWccoX3IZo1wEXxWMFuLlHF23Qr,4.356961492805635,6.563711557827758,5.299644375428871
280200,C/+Lzeou2LizQySX67M2667gb5DYL8ydseiRleWccoX3IZo1wEXxWMFuLlHF23Qr,4.2877979713234975,6.7611027331555045,4.964694344058823
280500,C/+Lzeou2LizQySX67M2667gb5DYL8ydseiRleWccoX3IZo1wEXxWMFuLlHF23Qr,4.298779409241788,6.84092862662111,5.333156551792184
280800,C/+Lzeou2LizQySX67M2667gb5DYL8ydseiRleWccoX3IZo1wEXxWMFuLlHF23Qr,4.439475728035827,8.247992987497637,5.507249032473135
281100,C/+Lzeou2LizQySX67M2667gb5DYL8ydseiRleWccoX3IZo1wEXxWMFuLlHF23Qr,4.540774756614358,6.3795122535896125,5.324073547419456
281400,C/+Lzeou2LizQySX67M2667gb5DYL8ydseiRleWccoX3IZo1wEXxWMFuLlHF23Qr,4.411113773925868,6.543320657808236,5.086045900362474
281700,C/+Lzeou2LizQySX67M2667gb5DYL8ydseiRleWccoX3IZo1wEXxWMFuLlHF23Qr,4.389329186244559,6.989718260635214,5.321927412171156
282000,C/+Lzeou2LizQySX67M2667gb5DYL8ydseiRleWccoX3IZo1wEXxWMFuLlHF23Qr,4.2309690807912,7.027073924415862,4.872851373080378
282300,C/+Lzeou2LizQySX67M2667gb5DYL8ydseiRleWccoX3IZo1wEXxWMFuLlHF23Qr,4.46872710972071,6.981604242159631,5.3015788802357084
282600,C/+Lzeou2LizQySX67M2667gb5DYL8ydseiRleWccoX3IZo1wEXxWMFuLlHF23Qr,4.44714668002989,6.632602397571877,5.006718760006394
282900,C/+Lzeou2LizQySX67M2667gb5DYL8ydseiRleWccoX3IZo1wEXxWMFuLlHF23Qr,4.058500022703652,6.7798662737821385,5.201207887295426
283200,C/+Lzeou2LizQySX67M2667gb5DYL8ydseiRleWccoX3IZo1wEXxWMFuLlHF23Qr,4.461542727501933,6.561190530503438,5.000492171942615
283500,C/+Lzeou2LizQySX67M2667gb5DYL8ydseiRleWccoX3IZo1wEXxWMFuLlHF23Qr,4.21094843632352,6.998408888406711,5.232568859621932
283800,C/+Lzeou2LizQySX67M2667gb5DYL8ydseiRleWccoX3IZo1wEXxWMFuLlHF23Qr,4.398183765062344,6.418966447819487,4.88383714057383
284100,C/+Lzeou2LizQySX67M2667gb5DYL8ydseiRleWccoX3IZo1wEXxWMFuLlHF23Qr,4.570104205666738,6.792423388509292,5.171197862728177
284400,C/+Lzeou2LizQySX67M2667gb5DYL8ydseiRleWccoX3IZo1wEXxWMFuLlHF23Qr,4.309991394968787,6.446050411442501,4.990115567473294
284700,C/+Lzeou2LizQySX67M2667gb5DYL8ydseiRleWccoX3IZo1wEXxWMFuLlHF23Qr,4.421093053435291,6.741785732878271,5.215923310278586
285000,C/+Lzeou2LizQySX67M2667gb5DYL8ydseiRleWccoX3IZo1wEXxWMFuLlHF23Qr,4.205160193377545,6.640560046970896,4.9019345019121365
285300,C/+Lzeou2LizQySX67M2667gb5DYL8ydseiRleWccoX3IZo1wEXxWMFuLlHF23Qr,4.595326938140545,7.023294420837095,5.283026971028916
285600,C/+Lzeou2LizQySX67M2667gb5DYL8ydseiRleWccoX3IZo1wEXxWMFuLlHF23Qr,4.20507435364844,6.56091378233986,4.95800605270456
285900,C/+Lzeou2LizQySX67M2667gb5DYL8ydseiRleWccoX3IZo1wEXxWMFuLlHF23Qr,4.527265457921179,6.932647159554167,5.329355079317604
286200,C/+Lzeou2LizQySX67M2667gb5DYL8ydseiRleWccoX3IZo1wEXxWMFuLlHF23Qr,4.376523499139041,6.36422042997658,4.9027147442055385
286500,C/+Lzeou2LizQySX67M2667gb5DYL8ydseiRleWccoX3IZo1wEXxWMFuLlHF23Qr,4.589854443643877,6.933183923593823,5.172663094356254
286800,C/+Lzeou2LizQySX67M2667gb5DYL8ydseiRleWccoX3IZo1wEXxWMFuLlHF23Qr,4.539296853440013,7.021326616330679,5.167021127255024
287100,C/+Lzeou2LizQySX67M2667gb5DYL8ydseiRleWccoX3IZo1wEXxWMFuLlHF23Qr,4.615229150216046,12.80095360060056,5.958350136702151
287400,C/+Lzeou2LizQySX67M2667gb5DYL8ydseiRleWccoX3IZo1wEXxWMFuLlHF23Qr,3.8572940787885073,6.5231719538671165,4.810164096397159
287700,C/+Lzeou2LizQySX67M2667gb5DYL8ydseiRleWccoX3IZo1wEXxWMFuLlHF23Qr,4.46073593557716,7.140625700203427,5.30553917276151
288000,C/+Lzeou2LizQySX67M2667gb5DYL8ydseiRleWccoX3IZo1wEXxWMFuLlHF23Qr,4.594459938429936,6.492042596280166,4.994148419054045
288300,C/+Lzeou2LizQySX67M2667gb5DYL8ydseiRleWccoX3IZo1wEXxWMFuLlHF23Qr,4.343574379455335,7.135713384176692,5.329878740135194
288600,C/+Lzeou2LizQySX67M2667gb5DYL8ydseiRleWccoX3IZo1wEXxWMFuLlHF23Qr,4.201616532775501,6.39146339589754,5.0568692936104345
288900,C/+Lzeou2LizQySX67M2667gb5DYL8ydseiRleWccoX3IZo1wEXxWMFuLlHF23Qr,4.587989343842532,7.264612263633947,5.3293904210769965
289200,C/+Lzeou2LizQySX67M2667gb5DYL8ydseiRleWccoX3IZo1wEXxWMFuLlHF23Qr,4.175808921226061,6.5406187780692004,5.022363659332223
289500,C/+Lzeou2LizQySX67M2667gb5DYL8ydseiRleWccoX3IZo1wEXxWMFuLlHF23Qr,4.402764030546273,6.983231976329572,5.234320245599854
289800,C/+Lzeou2LizQySX67M2667gb5DYL8ydseiRleWccoX3IZo1wEXxWMFuLlHF23Qr,4.48594572457391,6.129961398716351,4.824686449284412
290100,C/+Lzeou2LizQySX67M2667gb5DYL8ydseiRleWccoX3IZo1wEXxWMFuLlHF23Qr,4.519245402119156,6.769698543832113,5.169910348983522
290400,C/+Lzeou2LizQySX67M2667gb5DYL8ydseiRleWccoX3IZo1wEXxWMFuLlHF23Qr,4.3955536690155,6.36512473310387,4.843602973012566
290700,C/+Lzeou2LizQySX67M2667gb5DYL8ydseiRleWccoX3IZo1wEXxWMFuLlHF23Qr,4.407691405893752,6.645189712582344,5.30078471934024
291000,C/+Lzeou2LizQySX67M2667gb5DYL8ydseiRleWccoX3IZo1wEXxWMFuLlHF23Qr,4.4851797789379,6.6083598566749115,4.9038023311941785
291300,C/+Lzeou2LizQySX67M2667gb5DYL8ydseiRleWccoX3IZo1wEXxWMFuLlHF23Qr,4.287070130616807,6.847895837319354,5.278696447703488
291600,C/+Lzeou2LizQySX67M2667gb5DYL8ydseiRleWccoX3IZo1wEXxWMFuLlHF23Qr,4.465435099163398,6.853851256889012,4.974999226067789
291900,C/+Lzeou2LizQySX67M2667gb5DYL8ydseiRleWccoX3IZo1wEXxWMFuLlHF23Qr,4.366055612515561,7.10977547258358,5.19800788930649
292200,C/+Lzeou2LizQySX67M2667gb5DYL8ydseiRleWccoX3IZo1wEXxWMFuLlHF23Qr,4.065174554886589,7.11980743135888,4.914209295512649
292500,C/+Lzeou2LizQySX67M2667gb5DYL8ydseiRleWccoX3IZo1wEXxWMFuLlHF23Qr,4.374325397762276,6.681939643370341,5.230536056977642
292800,C/+Lzeou2LizQySX67M2667gb5DYL8ydseiRleWccoX3IZo1wEXxWMFuLlHF23Qr,4.215650352335272,6.531275752161244,4.996343158718656
293100,C/+Lzeou2LizQySX67M2667gb5DYL8ydseiRleWccoX3IZo1wEXxWMFuLlHF23Qr,4.60476234115928,8.127271821819747,5.4718039123309135
293400,C/+Lzeou2LizQySX67M2667gb5DYL8ydseiRleWccoX3IZo1wEXxWMFuLlHF23Qr,4.415973316502784,6.746102949953625,4.974299496747768
293700,C/+Lzeou2LizQySX67M2667gb5DYL8ydseiRleWccoX3IZo1wEXxWMFuLlHF23Qr,4.560703950395705,7.777202096005575,5.361040840841832
294000,C/+Lzeou2LizQySX67M2667gb5DYL8ydseiRleWccoX3IZo1wEXxWMFuLlHF23Qr,4.351920438229244,6.721807478948696,5.054300139471785
294300,C/+Lzeou2LizQySX67M2667gb5DYL8ydseiRleWccoX3IZo1wEXxWMFuLlHF23Qr,4.177198112756532,8.339430266700218,5.3692358191969385
294600,C/+Lzeou2LizQySX67M2667gb5DYL8ydseiRleWccoX3IZo1wEXxWMFuLlHF23Qr,4.195687484967753,6.739893017348946,4.960408670960891
294900,C/+Lzeou2LizQySX67M2667gb5DYL8ydseiRleWccoX3IZo1wEXxWMFuLlHF23Qr,4.4624085240934654,7.977049293063498,5.280782121594605
295200,C/+Lzeou2LizQySX67M2667gb5DYL8ydseiRleWccoX3IZo1wEXxWMFuLlHF23Qr,4.339859964187371,6.623129339497269,5.021583588947599
295500,C/+Lzeou2LizQySX67M2667gb5DYL8ydseiRleWccoX3IZo1wEXxWMFuLlHF23Qr,4.364666469589188,8.218534214062903,5.262214809392645
295800,C/+Lzeou2LizQySX67M2667gb5DYL8ydseiRleWccoX3IZo1wEXxWMFuLlHF23Qr,4.365752124618317,6.538778435980121,5.108660058444362
296100,C/+Lzeou2LizQySX67M2667gb5DYL8ydseiRleWccoX3IZo1wEXxWMFuLlHF23Qr,4.110635905534049,7.622052266438148,5.132687305229832
296400,C/+Lzeou2LizQySX67M2667gb5DYL8ydseiRleWccoX3IZo1wEXxWMFuLlHF23Qr,4.350451178830816,6.530410275754045,4.970850121704182
296700,C/+Lzeou2LizQySX67M2667gb5DYL8ydseiRleWccoX3IZo1wEXxWMFuLlHF23Qr,4.234479525478312,7.157769614334572,5.286133056865725
297000,C/+Lzeou2LizQySX67M2667gb5DYL8ydseiRleWccoX3IZo1wEXxWMFuLlHF23Qr,4.431074537165638,6.619312482499013,4.974398942167601
297300,C/+Lzeou2LizQySX67M2667gb5DYL8ydseiRleWccoX3IZo1wEXxWMFuLlHF23Qr,4.163936040899947,7.304678565938474,5.224391894743989
297600,C/+Lzeou2LizQySX67M2667gb5DYL8ydseiRleWccoX3IZo1wEXxWMFuLlHF23Qr,4.30955020654376,6.570367954178088,5.086235990392712
297900,C/+Lzeou2LizQySX67M2667gb5DYL8ydseiRleWccoX3IZo1wEXxWMFuLlHF23Qr,4.3037413549950045,6.80414858060331,5.064495503687927
298200,C/+Lzeou2LizQySX67M2667gb5DYL8ydseiRleWccoX3IZo1wEXxWMFuLlHF23Qr,4.261208587407248,6.562349063914054,5.080200511432987
298500,C/+Lzeou2LizQySX67M2667gb5DYL8ydseiRleWccoX3IZo1wEXxWMFuLlHF23Qr,4.261829288697659,6.832464596273684,5.08320387825332
298800,C/+Lzeou2LizQySX67M2667gb5DYL8ydseiRleWccoX3IZo1wEXxWMFuLlHF23Qr,4.27540436047319,6.381372212472188,5.05855743982249
299100,C/+Lzeou2LizQySX67M2667gb5DYL8ydseiRleWccoX3IZo1wEXxWMFuLlHF23Qr,4.49103448111062,6.721766220231318,5.047897199208289
299400,C/+Lzeou2LizQySX67M2667gb5DYL8ydseiRleWccoX3IZo1wEXxWMFuLlHF23Qr,4.232407447474859,7.35238991928017,5.264106411286512
299700,C/+Lzeou2LizQySX67M2667gb5DYL8ydseiRleWccoX3IZo1wEXxWMFuLlHF23Qr,4.334398909485466,7.207451480441762,4.932123332457129
300000,C/+Lzeou2LizQySX67M2667gb5DYL8ydseiRleWccoX3IZo1wEXxWMFuLlHF23Qr,4.227285275487582,8.267077073795678,5.291521805257958
300300,C/+Lzeou2LizQySX67M2667gb5DYL8ydseiRleWccoX3IZo1wEXxWMFuLlHF23Qr,4.30236034599736,6.233533365308705,5.150244472202102
300600,C/+Lzeou2LizQySX67M2667gb5DYL8ydseiRleWccoX3IZo1wEXxWMFuLlHF23Qr,4.966093746872345,8.412898711187298,6.026428424861939
300900,C/+Lzeou2LizQySX67M2667gb5DYL8ydseiRleWccoX3IZo1wEXxWMFuLlHF23Qr,4.98216685637212,6.705333623066018,5.64839526069078
301200,C/+Lzeou2LizQySX67M2667gb5DYL8ydseiRleWccoX3IZo1wEXxWMFuLlHF23Qr,4.758907429103097,11.082027521579969,6.811357278186614
301500,C/+Lzeou2LizQySX67M2667gb5DYL8ydseiRleWccoX3IZo1wEXxWMFuLlHF23Qr,4.997912412013994,10.212134679904183,6.5343960497824165
301800,C/+Lzeou2LizQySX67M2667gb5DYL8ydseiRleWccoX3IZo1wEXxWMFuLlHF23Qr,4.787001442891496,8.398414379302222,5.9600740151151355
302100,C/+Lzeou2LizQySX67M2667gb5DYL8ydseiRleWccoX3IZo1wEXxWMFuLlHF23Qr,4.889837627207531,7.39254707750736,5.517692389663337
302400,C/+Lzeou2LizQySX67M2667gb5DYL8ydseiRleWccoX3IZo1wEXxWMFuLlHF23Qr,5.110594880416538,8.110966070472207,5.850969580820037
302700,C/+Lzeou2LizQySX67M2667gb5DYL8ydseiRleWccoX3IZo1wEXxWMFuLlHF23Qr,4.8562448449141495,6.794132105090083,5.455815232310721
303000,C/+Lzeou2LizQySX67M2667gb5DYL8ydseiRleWccoX3IZo1wEXxWMFuLlHF23Qr,4.964176764812575,8.442804622380235,5.844561404626652
303300,C/+Lzeou2LizQySX67M2667gb5DYL8ydseiRleWccoX3IZo1wEXxWMFuLlHF23Qr,4.954212670075625,6.81952849855456,5.414343414513907
303600,C/+Lzeou2LizQySX67M2667gb5DYL8ydseiRleWccoX3IZo1wEXxWMFuLlHF23Qr,4.849870661068497,8.545837213417382,5.751525772464602
303900,C/+Lzeou2LizQySX67M2667gb5DYL8ydseiRleWccoX3IZo1wEXxWMFuLlHF23Qr,4.6952161980787706,7.38855135011555,5.473772848433325
304200,C/+Lzeou2LizQySX67M2667gb5DYL8ydseiRleWccoX3IZo1wEXxWMFuLlHF23Qr,4.841752384106468,8.014664205786334,5.708427704708397
304500,C/+Lzeou2LizQySX67M2667gb5DYL8ydseiRleWccoX3IZo1wEXxWMFuLlHF23Qr,4.922179171795404,7.989139779562963,5.587062929511827
304800,C/+Lzeou2LizQySX67M2667gb5DYL8ydseiRleWccoX3IZo1wEXxWMFuLlHF23Qr,4.78725644299776,8.090438139978685,5.664708192737342
305100,C/+Lzeou2LizQySX67M2667gb5DYL8ydseiRleWccoX3IZo1wEXxWMFuLlHF23Qr,4.9762755131757554,6.962159723355893,5.409680642094805
305400,C/+Lzeou2LizQySX67M2667gb5DYL8ydseiRleWccoX3IZo1wEXxWMFuLlHF23Qr,4.621542226294062,7.644124395931531,5.744389211790903
305700,C/+Lzeou2LizQySX67M2667gb5DYL8ydseiRleWccoX3IZo1wEXxWMFuLlHF23Qr,4.9908067387376525,6.423802397105668,5.489165436689618
306000,C/+Lzeou2LizQySX67M2667gb5DYL8ydseiRleWccoX3IZo1wEXxWMFuLlHF23Qr,4.885424468464893,7.03721045809494,5.779562610685558
306300,C/+Lzeou2LizQySX67M2667gb5DYL8ydseiRleWccoX3IZo1wEXxWMFuLlHF23Qr,4.7941507359134485,6.857264800973788,5.411698956619295
306600,C/+Lzeou2LizQySX67M2667gb5DYL8ydseiRleWccoX3IZo1wEXxWMFuLlHF23Qr,4.942451118766302,7.5703845124579185,5.825664961358375
306900,C/+Lzeou2LizQySX67M2667gb5DYL8ydseiRleWccoX3IZo1wEXxWMFuLlHF23Qr,4.765402115486785,6.88838196446004,5.51334833219573
307200,C/+Lzeou2LizQySX67M2667gb5DYL8ydseiRleWccoX3IZo1wEXxWMFuLlHF23Qr,4.712428742499454,7.6248950169592,5.814178750837836
307500,C/+Lzeou2LizQySX67M2667gb5DYL8ydseiRleWccoX3IZo1wEXxWMFuLlHF23Qr,4.969311879298681,6.979273546173485,5.367072862758148
307800,C/+Lzeou2LizQySX67M2667gb5DYL8ydseiRleWccoX3IZo1wEXxWMFuLlHF23Qr,4.275099205273547,7.0426604865527445,5.310871822826648
308100,C/+Lzeou2LizQySX67M2667gb5DYL8ydseiRleWccoX3IZo1wEXxWMFuLlHF23Qr,4.334980538430576,6.767051029033586,4.884130401279953
308400,C/+Lzeou2LizQySX67M2667gb5DYL8ydseiRleWccoX3IZo1wEXxWMFuLlHF23Qr,4.382526583300257,7.231095070696633,5.282558877135925
308700,C/+Lzeou2LizQySX67M2667gb5DYL8ydseiRleWccoX3IZo1wEXxWMFuLlHF23Qr,4.470141259685788,6.526893548166587,4.931847664125304
309000,C/+Lzeou2LizQySX67M2667gb5DYL8ydseiRleWccoX3IZo1wEXxWMFuLlHF23Qr,4.483792680288049,6.623839621097191,5.317071051770621
309300,C/+Lzeou2LizQySX67M2667gb5DYL8ydseiRleWccoX3IZo1wEXxWMFuLlHF23Qr,4.475395491270576,6.491422705264548,4.886237568173224
309600,C/+Lzeou2LizQySX67M2667gb5DYL8ydseiRleWccoX3IZo1wEXxWMFuLlHF23Qr,4.32095287939775,7.462514629921594,5.219339553934529
309900,C/+Lzeou2LizQySX67M2667gb5DYL8ydseiRleWccoX3IZo1wEXxWMFuLlHF23Qr,4.397851146082239,6.3240741884909335,4.913391852358273
310200,C/+Lzeou2LizQySX67M2667gb5DYL8ydseiRleWccoX3IZo1wEXxWMFuLlHF23Qr,4.561915979637167,6.387288728117897,5.167564508925452
310500,C/+Lzeou2LizQySX67M2667gb5DYL8ydseiRleWccoX3IZo1wEXxWMFuLlHF23Qr,4.422793209787382,6.641074730767657,4.929582707488776
310800,C/+Lzeou2LizQySX67M2667gb5DYL8ydseiRleWccoX3IZo1wEXxWMFuLlHF23Qr,4.078976807374574,6.774826154528824,5.297623494342533
311100,C/+Lzeou2LizQySX67M2667gb5DYL8ydseiRleWccoX3IZo1wEXxWMFuLlHF23Qr,4.542802468428189,6.391585081278217,4.967636190349436
311400,C/+Lzeou2LizQySX67M2667gb5DYL8ydseiRleWccoX3IZo1wEXxWMFuLlHF23Qr,4.6216808814844965,7.321536267236053,5.372738893966732
311700,C/+Lzeou2LizQySX67M2667gb5DYL8ydseiRleWccoX3IZo1wEXxWMFuLlHF23Qr,4.384027778568214,6.208157651946511,4.899687995129488
312000,C/+Lzeou2LizQySX67M2667gb5DYL8ydseiRleWccoX3IZo1wEXxWMFuLlHF23Qr,4.347684345983428,6.70754143255205,5.295803469085662
312300,C/+Lzeou2LizQySX67M2667gb5DYL8ydseiRleWccoX3IZo1wEXxWMFuLlHF23Qr,4.2065316895597205,5.9449918161519895,4.9432569673679305
312600,C/+Lzeou2LizQySX67M2667gb5DYL8ydseiRleWccoX3IZo1wEXxWMFuLlHF23Qr,4.486825945820413,6.719623550729619,5.31601842806626
312900,C/+Lzeou2LizQySX67M2667gb5DYL8ydseiRleWccoX3IZo1wEXxWMFuLlHF23Qr,4.3748073591021726,6.619344535530715,4.819505621864751
313200,C/+Lzeou2LizQySX67M2667gb5DYL8ydseiRleWccoX3IZo1wEXxWMFuLlHF23Qr,4.41576556595827,6.7782452766155465,5.239153865792783
313500,C/+Lzeou2LizQySX67M2667gb5DYL8ydseiRleWccoX3IZo1wEXxWMFuLlHF23Qr,4.232137936317812,6.170544190329993,4.802634207900224
313800,C/+Lzeou2LizQySX67M2667gb5DYL8ydseiRleWccoX3IZo1wEXxWMFuLlHF23Qr,4.480396873045256,6.84173094171882,5.362129111699404
314100,C/+Lzeou2LizQySX67M2667gb5DYL8ydseiRleWccoX3IZo1wEXxWMFuLlHF23Qr,4.546052149769355,6.249112092730341,4.922855691302768
314400,C/+Lzeou2LizQySX67M2667gb5DYL8ydseiRleWccoX3IZo1wEXxWMFuLlHF23Qr,4.328272777431136,6.65363615021129,5.128918306432395
314700,C/+Lzeou2LizQySX67M2667gb5DYL8ydseiRleWccoX3IZo1wEXxWMFuLlHF23Qr,4.46382697674372,7.010225767791725,5.009213956146846
315000,C/+Lzeou2LizQySX67M2667gb5DYL8ydseiRleWccoX3IZo1wEXxWMFuLlHF23Qr,4.529908887456185,6.7267793300006815,5.221344038378132
315300,C/+Lzeou2LizQySX67M2667gb5DYL8ydseiRleWccoX3IZo1wEXxWMFuLlHF23Qr,4.309612338321116,6.85181595080832,4.789783339278122
315600,C/+Lzeou2LizQySX67M2667gb5DYL8ydseiRleWccoX3IZo1wEXxWMFuLlHF23Qr,4.087681425277663,6.950840550727001,5.247229402685297
315900,C/+Lzeou2LizQySX67M2667gb5DYL8ydseiRleWccoX3IZo1wEXxWMFuLlHF23Qr,4.314521099124345,11.400658751219751,5.52692465279355
316200,C/+Lzeou2LizQySX67M2667gb5DYL8ydseiRleWccoX3IZo1wEXxWMFuLlHF23Qr,4.071791639732778,6.4054484437662165,5.081851771037472
316500,C/+Lzeou2LizQySX67M2667gb5DYL8ydseiRleWccoX3IZo1wEXxWMFuLlHF23Qr,4.30124635712237,6.523825533947878,4.945266173448951
316800,C/+Lzeou2LizQySX67M2667gb5DYL8ydseiRleWccoX3IZo1wEXxWMFuLlHF23Qr,4.1943097615811755,6.752897176187557,5.1578388463336236
317100,C/+Lzeou2LizQySX67M2667gb5DYL8ydseiRleWccoX3IZo1wEXxWMFuLlHF23Qr,4.259629547824601,6.714996167597094,4.933390189379671
317400,C/+Lzeou2LizQySX67M2667gb5DYL8ydseiRleWccoX3IZo1wEXxWMFuLlHF23Qr,4.509528657076578,6.589488497486953,5.192709618050873
317700,C/+Lzeou2LizQySX67M2667gb5DYL8ydseiRleWccoX3IZo1wEXxWMFuLlHF23Qr,4.205823212524422,6.454376056787819,5.0237835543705325
318000,C/+Lzeou2LizQySX67M2667gb5DYL8ydseiRleWccoX3IZo1wEXxWMFuLlHF23Qr,4.33020658529627,6.75643207230159,5.329922207975922
318300,C/+Lzeou2LizQySX67M2667gb5DYL8ydseiRleWccoX3IZo1wEXxWMFuLlHF23Qr,4.50134678014059,6.164463933082416,5.01649812264581
318600,C/+Lzeou2LizQySX67M2667gb5DYL8ydseiRleWccoX3IZo1wEXxWMFuLlHF23Qr,4.4064874479804965,7.087160049416347,5.454813196943851
318900,C/+Lzeou2LizQySX67M2667gb5DYL8ydseiRleWccoX3IZo1wEXxWMFuLlHF23Qr,4.156687667604023,6.5726999894496085,4.878890072251632
319200,C/+Lzeou2LizQySX67M2667gb5DYL8ydseiRleWccoX3IZo1wEXxWMFuLlHF23Qr,4.397057375240371,7.196023093193872,5.292563246848904
319500,C/+Lzeou2LizQySX67M2667gb5DYL8ydseiRleWccoX3IZo1wEXxWMFuLlHF23Qr,4.1016863465577496,6.3924260740736125,4.885339642187085
319800,C/+Lzeou2LizQySX67M2667gb5DYL8ydseiRleWccoX3IZo1wEXxWMFuLlHF23Qr,4.360146444047857,6.90108847830796,5.308035741752043
320100,C/+Lzeou2LizQySX67M2667gb5DYL8ydseiRleWccoX3IZo1wEXxWMFuLlHF23Qr,4.218670494176995,7.026560655244515,4.945024829633519
320400,C/+Lzeou2LizQySX67M2667gb5DYL8ydseiRleWccoX3IZo1wEXxWMFuLlHF23Qr,4.3835597414188845,6.613784021857038,5.360275799421088
320700,C/+Lzeou2LizQySX67M2667gb5DYL8ydseiRleWccoX3IZo1wEXxWMFuLlHF23Qr,4.177670100242641,6.454006960475184,4.848950187167609
321000,C/+Lzeou2LizQySX67M2667gb5DYL8ydseiRleWccoX3IZo1wEXxWMFuLlHF23Qr,4.157018107136773,6.654243111289899,5.288924971986022
321300,C/+Lzeou2LizQySX67M2667gb5DYL8ydseiRleWccoX3IZo1wEXxWMFuLlHF23Qr,4.460072506388466,6.955537641709528,5.045514333948368
321600,C/+Lzeou2LizQySX67M2667gb5DYL8ydseiRleWccoX3IZo1wEXxWMFuLlHF23Qr,4.41691062525986,7.385093752587456,5.286913178011368
321900,C/+Lzeou2LizQySX67M2667gb5DYL8ydseiRleWccoX3IZo1wEXxWMFuLlHF23Qr,4.630238001927852,6.296310773081375,5.024629786874948
322200,C/+Lzeou2LizQySX67M2667gb5DYL8ydseiRleWccoX3IZo1wEXxWMFuLlHF23Qr,4.085903006018435,7.117166732767829,5.239009386895239
322500,C/+Lzeou2LizQySX67M2667gb5DYL8ydseiRleWccoX3IZo1wEXxWMFuLlHF23Qr,4.055921075441993,6.5847403237299735,4.96494387890518
322800,C/+Lzeou2LizQySX67M2667gb5DYL8ydseiRleWccoX3IZo1wEXxWMFuLlHF23Qr,4.383420165461816,7.03056349137822,5.25644050591971
323100,C/+Lzeou2LizQySX67M2667gb5DYL8ydseiRleWccoX3IZo1wEXxWMFuLlHF23Qr,4.50719050460407,6.3753500254565205,4.992704329270951
323400,C/+Lzeou2LizQySX67M2667gb5DYL8ydseiRleWccoX3IZo1wEXxWMFuLlHF23Qr,4.246669507897961,7.622547890236476,5.350458659617731
323700,C/+Lzeou2LizQySX67M2667gb5DYL8ydseiRleWccoX3IZo1wEXxWMFuLlHF23Qr,4.099709990526232,6.786318570079155,5.006894745382698
324000,C/+Lzeou2LizQySX67M2667gb5DYL8ydseiRleWccoX3IZo1wEXxWMFuLlHF23Qr,4.380686261099986,6.986818161911408,5.438317153053603
324300,C/+Lzeou2LizQySX67M2667gb5DYL8ydseiRleWccoX3IZo1wEXxWMFuLlHF23Qr,4.360074238920784,7.597441231612955,5.147424918230656
324600,C/+Lzeou2LizQySX67M2667gb5DYL8ydseiRleWccoX3IZo1wEXxWMFuLlHF23Qr,4.476749610007797,7.0293020876222645,5.374543749335765
324900,C/+Lzeou2LizQySX67M2667gb5DYL8ydseiRleWccoX3IZo1wEXxWMFuLlHF23Qr,4.489817984094276,6.326344599850707,4.928658993470566
325200,C/+Lzeou2LizQySX67M2667gb5DYL8ydseiRleWccoX3IZo1wEXxWMFuLlHF23Qr,4.557311429747179,6.335394708100224,5.2307151241778715
325500,C/+Lzeou2LizQySX67M2667gb5DYL8ydseiRleWccoX3IZo1wEXxWMFuLlHF23Qr,4.560212546417762,6.945347395159799,5.162327007013053
325800,C/+Lzeou2LizQySX67M2667gb5DYL8ydseiRleWccoX3IZo1wEXxWMFuLlHF23Qr,4.342406514197099,6.60757705430429,5.176723103665935
326100,C/+Lzeou2LizQySX67M2667gb5DYL8ydseiRleWccoX3IZo1wEXxWMFuLlHF23Qr,4.300047007948107,7.017886127131506,4.855676009075137
326400,C/+Lzeou2LizQySX67M2667gb5DYL8ydseiRleWccoX3IZo1wEXxWMFuLlHF23Qr,4.394600619211829,7.099360062302355,5.277029677222273
326700,C/+Lzeou2LizQySX67M2667gb5DYL8ydseiRleWccoX3IZo1wEXxWMFuLlHF23Qr,4.229739725896904,6.86735452972184,4.91087121265567
327000,C/+Lzeou2LizQySX67M2667gb5DYL8ydseiRleWccoX3IZo1wEXxWMFuLlHF23Qr,4.5126946230456495,6.99943388614843,5.211928424141084
327300,C/+Lzeou2LizQySX67M2667gb5DYL8ydseiRleWccoX3IZo1wEXxWMFuLlHF23Qr,4.308781579002645,6.639866581691281,4.801677522007593
327600,C/+Lzeou2LizQySX67M2667gb5DYL8ydseiRleWccoX3IZo1wEXxWMFuLlHF23Qr,4.515398908497562,7.039117720796692,5.1644580972008125
327900,C/+Lzeou2LizQySX67M2667gb5DYL8ydseiRleWccoX3IZo1wEXxWMFuLlHF23Qr,4.268196660919656,6.634817427674294,4.881928021028628
328200,C/+Lzeou2LizQySX67M2667gb5DYL8ydseiRleWccoX3IZo1wEXxWMFuLlHF23Qr,4.503620086955077,6.89345534226741,5.22159959184421
328500,C/+Lzeou2LizQySX67M2667gb5DYL8ydseiRleWccoX3IZo1wEXxWMFuLlHF23Qr,4.410896228537494,6.7384562283785145,4.866891034292846
328800,C/+Lzeou2LizQySX67M2667gb5DYL8ydseiRleWccoX3IZo1wEXxWMFuLlHF23Qr,4.56460783113357,6.4360032518526245,5.222700565813089
329100,C/+Lzeou2LizQySX67M2667gb5DYL8ydseiRleWccoX3IZo1wEXxWMFuLlHF23Qr,4.703864432648191,7.047638709731475,5.289257813237232
329400,C/+Lzeou2LizQySX67M2667gb5DYL8ydseiRleWccoX3IZo1wEXxWMFuLlHF23Qr,4.479532143890949,7.024188381317045,5.396395187603686
329700,C/+Lzeou2LizQySX67M2667gb5DYL8ydseiRleWccoX3IZo1wEXxWMFuLlHF23Qr,4.46520660371398,6.732450451269011,4.936667343423974
330000,C/+Lzeou2LizQySX67M2667gb5DYL8ydseiRleWccoX3IZo1wEXxWMFuLlHF23Qr,4.402188355558027,6.991265568714471,5.490322830208011
330300,C/+Lzeou2LizQySX67M2667gb5DYL8ydseiRleWccoX3IZo1wEXxWMFuLlHF23Qr,4.359307494699149,6.48160422294395,5.094436657162426
330600,C/+Lzeou2LizQySX67M2667gb5DYL8ydseiRleWccoX3IZo1wEXxWMFuLlHF23Qr,4.410805233995021,6.662708986449808,5.290531605732688
330900,C/+Lzeou2LizQySX67M2667gb5DYL8ydseiRleWccoX3IZo1wEXxWMFuLlHF23Qr,4.518354387041081,6.512207898131031,4.919174426803469
331200,C/+Lzeou2LizQySX67M2667gb5DYL8ydseiRleWccoX3IZo1wEXxWMFuLlHF23Qr,4.364819187431861,6.932077371099619,5.261409224085219
331500,C/+Lzeou2LizQySX67M2667gb5DYL8ydseiRleWccoX3IZo1wEXxWMFuLlHF23Qr,4.590251257780629,6.7371740215207225,4.964100320651657
331800,C/+Lzeou2LizQySX67M2667gb5DYL8ydseiRleWccoX3IZo1wEXxWMFuLlHF23Qr,4.3015101440248,6.857001943559235,5.1130048010103915
332100,C/+Lzeou2LizQySX67M2667gb5DYL8ydseiRleWccoX3IZo1wEXxWMFuLlHF23Qr,4.39075660738204,6.002401716848492,4.849457644767595
332400,C/+Lzeou2LizQySX67M2667gb5DYL8ydseiRleWccoX3IZo1wEXxWMFuLlHF23Qr,4.435553813296127,7.164393111790984,5.288187339789832
332700,C/+Lzeou2LizQySX67M2667gb5DYL8ydseiRleWccoX3IZo1wEXxWMFuLlHF23Qr,4.588761344119363,6.75491035295755,5.188431196776289
333000,C/+Lzeou2LizQySX67M2667gb5DYL8ydseiRleWccoX3IZo1wEXxWMFuLlHF23Qr,4.388922778515128,6.800112393759064,5.3074812118835135
333300,C/+Lzeou2LizQySX67M2667gb5DYL8ydseiRleWccoX3IZo1wEXxWMFuLlHF23Qr,4.346735107286032,6.805184929024889,4.821221170491158
333600,C/+Lzeou2LizQySX67M2667gb5DYL8ydseiRleWccoX3IZo1wEXxWMFuLlHF23Qr,4.285161359516608,6.5914555966120085,5.158822173449948
333900,C/+Lzeou2LizQySX67M2667gb5DYL8ydseiRleWccoX3IZo1wEXxWMFuLlHF23Qr,4.267658178828253,6.7236868209272975,4.788511359594752
334200,C/+Lzeou2LizQySX67M2667gb5DYL8ydseiRleWccoX3IZo1wEXxWMFuLlHF23Qr,4.1694313699333945,7.017714246834379,5.1011318273583175
334500,C/+Lzeou2LizQySX67M2667gb5DYL8ydseiRleWccoX3IZo1wEXxWMFuLlHF23Qr,4.340203663830168,6.898169756353082,4.913259247140904
334800,C/+Lzeou2LizQySX67M2667gb5DYL8ydseiRleWccoX3IZo1wEXxWMFuLlHF23Qr,4.349646009963721,7.136262610798548,5.2472195791287435
335100,C/+Lzeou2LizQySX67M2667gb5DYL8ydseiRleWccoX3IZo1wEXxWMFuLlHF23Qr,4.25104861604329,6.623121565405636,4.802644443354756
335400,C/+Lzeou2LizQySX67M2667gb5DYL8ydseiRleWccoX3IZo1wEXxWMFuLlHF23Qr,4.125574861251173,7.000990856303991,5.163686119785805
335700,C/+Lzeou2LizQySX67M2667gb5DYL8ydseiRleWccoX3IZo1wEXxWMFuLlHF23Qr,4.068158512574847,6.7402579071302045,4.861840270678349
336000,C/+Lzeou2LizQySX67M2667gb5DYL8ydseiRleWccoX3IZo1wEXxWMFuLlHF23Qr,4.447220192233172,6.7504547357859215,5.2947239676392375
336300,C/+Lzeou2LizQySX67M2667gb5DYL8ydseiRleWccoX3IZo1wEXxWMFuLlHF23Qr,4.065211341644496,6.545997861858143,4.918802878165991
336600,C/+Lzeou2LizQySX67M2667gb5DYL8ydseiRleWccoX3IZo1wEXxWMFuLlHF23Qr,4.219530301557912,6.40992965378101,5.159549551517294
336900,C/+Lzeou2LizQySX67M2667gb5DYL8ydseiRleWccoX3IZo1wEXxWMFuLlHF23Qr,4.059941559436253,6.614385568342567,4.908164452640303
337200,C/+Lzeou2LizQySX67M2667gb5DYL8ydseiRleWccoX3IZo1wEXxWMFuLlHF23Qr,4.460041911543491,7.053948049182198,5.254467421974011
337500,C/+Lzeou2LizQySX67M2667gb5DYL8ydseiRleWccoX3IZo1wEXxWMFuLlHF23Qr,4.224972841388557,6.328911830051496,4.871293806126758
337800,C/+Lzeou2LizQySX67M2667gb5DYL8ydseiRleWccoX3IZo1wEXxWMFuLlHF23Qr,4.2875798316015805,6.858694212970379,5.207744342200961
338100,C/+Lzeou2LizQySX67M2667gb5DYL8ydseiRleWccoX3IZo1wEXxWMFuLlHF23Qr,4.237610367456576,6.317559079569032,4.753846613654963
338400,C/+Lzeou2LizQySX67M2667gb5DYL8ydseiRleWccoX3IZo1wEXxWMFuLlHF23Qr,4.359711497828276,7.614091213153776,5.32363539474544
338700,C/+Lzeou2LizQySX67M2667gb5DYL8ydseiRleWccoX3IZo1wEXxWMFuLlHF23Qr,4.407090342920421,5.705118088926935,4.903901707229348
339000,C/+Lzeou2LizQySX67M2667gb5DYL8ydseiRleWccoX3IZo1wEXxWMFuLlHF23Qr,4.209115089487856,7.436119910814904,5.190595883722716
339300,C/+Lzeou2LizQySX67M2667gb5DYL8ydseiRleWccoX3IZo1wEXxWMFuLlHF23Qr,4.17998438228424,6.290653097716338,4.8901807307624825
339600,C/+Lzeou2LizQySX67M2667gb5DYL8ydseiRleWccoX3IZo1wEXxWMFuLlHF23Qr,4.12771229046111,7.40649985152582,5.1659993915022575
339900,C/+Lzeou2LizQySX67M2667gb5DYL8ydseiRleWccoX3IZo1wEXxWMFuLlHF23Qr,4.628995070256268,6.5820482766083135,5.044595706957385
340200,C/+Lzeou2LizQySX67M2667gb5DYL8ydseiRleWccoX3IZo1wEXxWMFuLlHF23Qr,4.434722190870952,8.22607013422363,5.2038040004678825
340500,C/+Lzeou2LizQySX67M2667gb5DYL8ydseiRleWccoX3IZo1wEXxWMFuLlHF23Qr,4.315284475089273,6.420275978010958,4.912616562349994
340800,C/+Lzeou2LizQySX67M2667gb5DYL8ydseiRleWccoX3IZo1wEXxWMFuLlHF23Qr,4.580895353762176,7.741019539800317,5.225082186316137
341100,C/+Lzeou2LizQySX67M2667gb5DYL8ydseiRleWccoX3IZo1wEXxWMFuLlHF23Qr,4.040743818386134,6.447571506530377,4.793019480428233
341400,C/+Lzeou2LizQySX67M2667gb5DYL8ydseiRleWccoX3IZo1wEXxWMFuLlHF23Qr,4.268240825171145,8.198603951552958,5.158539979540853
341700,C/+Lzeou2LizQySX67M2667gb5DYL8ydseiRleWccoX3IZo1wEXxWMFuLlHF23Qr,4.139403538129562,7.002845260866228,4.899560288684774
342000,C/+Lzeou2LizQySX67M2667gb5DYL8ydseiRleWccoX3IZo1wEXxWMFuLlHF23Qr,4.30700614666237,8.223903842010818,5.123898587910921
342300,C/+Lzeou2LizQySX67M2667gb5DYL8ydseiRleWccoX3IZo1wEXxWMFuLlHF23Qr,4.428344990296832,6.371420697536808,4.877996507408145
342600,C/+Lzeou2LizQySX67M2667gb5DYL8ydseiRleWccoX3IZo1wEXxWMFuLlHF23Qr,4.412258736884575,7.423631789860173,5.185062696955759
342900,C/+Lzeou2LizQySX67M2667gb5DYL8ydseiRleWccoX3IZo1wEXxWMFuLlHF23Qr,4.4640746519975245,6.338916801784788,4.881313141751345
343200,C/+Lzeou2LizQySX67M2667gb5DYL8ydseiRleWccoX3IZo1wEXxWMFuLlHF23Qr,4.424863334272043,6.611188474118857,5.160252869287998
343500,C/+Lzeou2LizQySX67M2667gb5DYL8ydseiRleWccoX3IZo1wEXxWMFuLlHF23Qr,4.294526076705861,6.816005906526525,4.902328203292764
343800,C/+Lzeou2LizQySX67M2667gb5DYL8ydseiRleWccoX3IZo1wEXxWMFuLlHF23Qr,4.386258364192071,6.868024721786568,5.205889544747333
344100,C/+Lzeou2LizQySX67M2667gb5DYL8ydseiRleWccoX3IZo1wEXxWMFuLlHF23Qr,4.440833461787446,6.30499555652061,4.851749227482465
344400,C/+Lzeou2LizQySX67M2667gb5DYL8ydseiRleWccoX3IZo1wEXxWMFuLlHF23Qr,4.135807769798393,6.863572016909393,5.130501369410968
344700,C/+Lzeou2LizQySX67M2667gb5DYL8ydseiRleWccoX3IZo1wEXxWMFuLlHF23Qr,4.348241176572879,11.014313145012192,5.554746411915285
345000,C/+Lzeou2LizQySX67M2667gb5DYL8ydseiRleWccoX3IZo1wEXxWMFuLlHF23Qr,4.306996744110402,7.172494596648952,5.081289723347833
345300,C/+Lzeou2LizQySX67M2667gb5DYL8ydseiRleWccoX3IZo1wEXxWMFuLlHF23Qr,4.402421981069345,6.541103272724519,4.944622668334464
345600,C/+Lzeou2LizQySX67M2667gb5DYL8ydseiRleWccoX3IZo1wEXxWMFuLlHF23Qr,4.325629761326719,7.585710313435913,5.153141816590546
345900,C/+Lzeou2LizQySX67M2667gb5DYL8ydseiRleWccoX3IZo1wEXxWMFuLlHF23Qr,4.144522629891814,6.5037904579659385,4.75476015279612
346200,C/+Lzeou2LizQySX67M2667gb5DYL8ydseiRleWccoX3IZo1wEXxWMFuLlHF23Qr,4.434076883873723,8.034143420073313,5.2235723302993495
346500,C/+Lzeou2LizQySX67M2667gb5DYL8ydseiRleWccoX3IZo1wEXxWMFuLlHF23Qr,4.30038106167961,6.931239106771728,4.846439258556743
346800,C/+Lzeou2LizQySX67M2667gb5DYL8ydseiRleWccoX3IZo1wEXxWMFuLlHF23Qr,4.3316512924063595,7.520203283050423,5.242971809937206
347100,C/+Lzeou2LizQySX67M2667gb5DYL8ydseiRleWccoX3IZo1wEXxWMFuLlHF23Qr,4.354229849713611,6.398566202172803,5.033148230092258
347400,C/+Lzeou2LizQySX67M2667gb5DYL8ydseiRleWccoX3IZo1wEXxWMFuLlHF23Qr,4.084520900480055,7.776384945416817,5.1499106666241
347700,C/+Lzeou2LizQySX67M2667gb5DYL8ydseiRleWccoX3IZo1wEXxWMFuLlHF23Qr,4.056301908593465,6.247904212198007,4.82094118963431
348000,C/+Lzeou2LizQySX67M2667gb5DYL8ydseiRleWccoX3IZo1wEXxWMFuLlHF23Qr,4.511213050635754,7.670409921424043,5.2235337783196405
348300,C/+Lzeou2LizQySX67M2667gb5DYL8ydseiRleWccoX3IZo1wEXxWMFuLlHF23Qr,4.12160783238845,6.059358268422341,4.853593196133317
348600,C/+Lzeou2LizQySX67M2667gb5DYL8ydseiRleWccoX3IZo1wEXxWMFuLlHF23Qr,4.177374337626196,7.999784624756115,5.260705657432212
348900,C/+Lzeou2LizQySX67M2667gb5DYL8ydseiRleWccoX3IZo1wEXxWMFuLlHF23Qr,4.069008505723848,6.247068121433975,4.812050703970412
349200,C/+Lzeou2LizQySX67M2667gb5DYL8ydseiRleWccoX3IZo1wEXxWMFuLlHF23Qr,4.321135248041756,7.941636577613376,5.193622994952404
349500,C/+Lzeou2LizQySX67M2667gb5DYL8ydseiRleWccoX3IZo1wEXxWMFuLlHF23Qr,4.277033195454289,6.696052607538316,4.814730280640865
349800,C/+Lzeou2LizQySX67M2667gb5DYL8ydseiRleWccoX3IZo1wEXxWMFuLlHF23Qr,4.168871702573328,7.664576536327087,5.215786181723476
350100,C/+Lzeou2LizQySX67M2667gb5DYL8ydseiRleWccoX3IZo1wEXxWMFuLlHF23Qr,4.405583319795788,6.496231334854824,4.964089716919491
350400,C/+Lzeou2LizQySX67M2667gb5DYL8ydseiRleWccoX3IZo1wEXxWMFuLlHF23Qr,4.09494182515196,7.644873814344215,5.310448452676628
350700,C/+Lzeou2LizQySX67M2667gb5DYL8ydseiRleWccoX3IZo1wEXxWMFuLlHF23Qr,4.583128461179785,6.687125688026304,5.0486108748175065
351000,C/+Lzeou2LizQySX67M2667gb5DYL8ydseiRleWccoX3IZo1wEXxWMFuLlHF23Qr,4.0543777542425525,7.484837807282765,5.131493457764372
351300,C/+Lzeou2LizQySX67M2667gb5DYL8ydseiRleWccoX3IZo1wEXxWMFuLlHF23Qr,4.333580808585372,5.968526364827731,4.90079636755018
351600,C/+Lzeou2LizQySX67M2667gb5DYL8ydseiRleWccoX3IZo1wEXxWMFuLlHF23Qr,4.410518567829599,7.084676542552819,5.256943929424456
351900,C/+Lzeou2LizQySX67M2667gb5DYL8ydseiRleWccoX3IZo1wEXxWMFuLlHF23Qr,4.2124578273618205,6.737764103388621,4.772457449749863
352200,C/+Lzeou2LizQySX67M2667gb5DYL8ydseiRleWccoX3IZo1wEXxWMFuLlHF23Qr,4.387814149620217,6.863788324218867,5.2385118561464505
352500,C/+Lzeou2LizQySX67M2667gb5DYL8ydseiRleWccoX3IZo1wEXxWMFuLlHF23Qr,4.2828591382508,6.387082311069955,4.897305274199918
352800,C/+Lzeou2LizQySX67M2667gb5DYL8ydseiRleWccoX3IZo1wEXxWMFuLlHF23Qr,4.112017650720041,6.946554514585885,5.144757763233376
353100,C/+Lzeou2LizQySX67M2667gb5DYL8ydseiRleWccoX3IZo1wEXxWMFuLlHF23Qr,4.221280860391941,6.558039205431535,4.814910121768742
353400,C/+Lzeou2LizQySX67M2667gb5DYL8ydseiRleWccoX3IZo1wEXxWMFuLlHF23Qr,4.323828114248345,7.040258705474954,5.1194398679589135
353700,C/+Lzeou2LizQySX67M2667gb5DYL8ydseiRleWccoX3IZo1wEXxWMFuLlHF23Qr,4.636239390146458,6.540277162871673,4.952331459424945
354000,C/+Lzeou2LizQySX67M2667gb5DYL8ydseiRleWccoX3IZo1wEXxWMFuLlHF23Qr,4.546525491976134,6.807161683079917,5.252727900809526
354300,C/+Lzeou2LizQySX67M2667gb5DYL8ydseiRleWccoX3IZo1wEXxWMFuLlHF23Qr,4.082295678987154,6.8943231198343895,4.993684993432688
354600,C/+Lzeou2LizQySX67M2667gb5DYL8ydseiRleWccoX3IZo1wEXxWMFuLlHF23Qr,4.515657648770662,6.768799292868585,5.290584621552935
354900,C/+Lzeou2LizQySX67M2667gb5DYL8ydseiRleWccoX3IZo1wEXxWMFuLlHF23Qr,4.005091340416358,6.142363285087634,4.820138153757557
355200,C/+Lzeou2LizQySX67M2667gb5DYL8ydseiRleWccoX3IZo1wEXxWMFuLlHF23Qr,4.372255056459989,6.8909523639230965,5.22020503784328
355500,C/+Lzeou2LizQySX67M2667gb5DYL8ydseiRleWccoX3IZo1wEXxWMFuLlHF23Qr,3.987847792080237,6.807248988392964,4.739301896773097
355800,C/+Lzeou2LizQySX67M2667gb5DYL8ydseiRleWccoX3IZo1wEXxWMFuLlHF23Qr,4.524071081002144,6.7498838185689545,5.227394685237561
356100,C/+Lzeou2LizQySX67M2667gb5DYL8ydseiRleWccoX3IZo1wEXxWMFuLlHF23Qr,4.362234700035068,5.804311765715917,4.871151547635197
356400,C/+Lzeou2LizQySX67M2667gb5DYL8ydseiRleWccoX3IZo1wEXxWMFuLlHF23Qr,4.379717836914802,7.127530909575822,5.196172140809924
356700,C/+Lzeou2LizQySX67M2667gb5DYL8ydseiRleWccoX3IZo1wEXxWMFuLlHF23Qr,4.532848466606391,6.389443991865198,4.894351535450944
357000,C/+Lzeou2LizQySX67M2667gb5DYL8ydseiRleWccoX3IZo1wEXxWMFuLlHF23Qr,4.5108093463602525,6.794956705694893,5.242016704791228
357300,C/+Lzeou2LizQySX67M2667gb5DYL8ydseiRleWccoX3IZo1wEXxWMFuLlHF23Qr,4.465950337452507,6.614499368455364,4.905813224847448
357600,C/+Lzeou2LizQySX67M2667gb5DYL8ydseiRleWccoX3IZo1wEXxWMFuLlHF23Qr,4.4912824033779355,7.055999659962219,5.235958080332548
357900,C/+Lzeou2LizQySX67M2667gb5DYL8ydseiRleWccoX3IZo1wEXxWMFuLlHF23Qr,4.489977882316154,6.072507001707452,5.01465620551723
358200,C/+Lzeou2LizQySX67M2667gb5DYL8ydseiRleWccoX3IZo1wEXxWMFuLlHF23Qr,4.237827117771328,7.195789035890749,5.206869631241828
358500,C/+Lzeou2LizQySX67M2667gb5DYL8ydseiRleWccoX3IZo1wEXxWMFuLlHF23Qr,4.410742511634497,6.245069004528445,4.843585503503886
358800,C/+Lzeou2LizQySX67M2667gb5DYL8ydseiRleWccoX3IZo1wEXxWMFuLlHF23Qr,4.153935292884817,6.682652187970716,5.220606392800986
359100,C/+Lzeou2LizQySX67M2667gb5DYL8ydseiRleWccoX3IZo1wEXxWMFuLlHF23Qr,4.397789976977193,6.711486751358358,5.068982506813148
359400,C/+Lzeou2LizQySX67M2667gb5DYL8ydseiRleWccoX3IZo1wEXxWMFuLlHF23Qr,4.25431811352736,6.52886731946115,5.150854845023406
359700,C/+Lzeou2LizQySX67M2667gb5DYL8ydseiRleWccoX3IZo1wEXxWMFuLlHF23Qr,4.524762497224455,6.755687405246247,4.970420467989641
360000,C/+Lzeou2LizQySX67M2667gb5DYL8ydseiRleWccoX3IZo1wEXxWMFuLlHF23Qr,4.211253622100038,6.65282629893189,5.188082001431443
360300,C/+Lzeou2LizQySX67M2667gb5DYL8ydseiRleWccoX3IZo1wEXxWMFuLlHF23Qr,4.540471145800131,8.108837545926486,5.239607735883504
360600,C/+Lzeou2LizQySX67M2667gb5DYL8ydseiRleWccoX3IZo1wEXxWMFuLlHF23Qr,4.196692855091086,6.718869986655827,5.190462181121952
360900,C/+Lzeou2LizQySX67M2667gb5DYL8ydseiRleWccoX3IZo1wEXxWMFuLlHF23Qr,4.36792199801681,6.45006258272454,4.89379327743914
361200,C/+Lzeou2LizQySX67M2667gb5DYL8ydseiRleWccoX3IZo1wEXxWMFuLlHF23Qr,4.423521787589678,6.764489277634399,5.203095230484171
361500,C/+Lzeou2LizQySX67M2667gb5DYL8ydseiRleWccoX3IZo1wEXxWMFuLlHF23Qr,4.204582326370373,6.830089588493886,4.906638227594867
361800,C/+Lzeou2LizQySX67M2667gb5DYL8ydseiRleWccoX3IZo1wEXxWMFuLlHF23Qr,3.9545212383251567,6.518596077390865,4.899821292088287
362100,C/+Lzeou2LizQySX67M2667gb5DYL8ydseiRleWccoX3IZo1wEXxWMFuLlHF23Qr,4.468628502672584,7.35297608029233,5.206929193189991
362400,C/+Lzeou2LizQySX67M2667gb5DYL8ydseiRleWccoX3IZo1wEXxWMFuLlHF23Qr,4.071341133836705,6.600455005269184,4.877345221851336
362700,C/+Lzeou2LizQySX67M2667gb5DYL8ydseiRleWccoX3IZo1wEXxWMFuLlHF23Qr,4.338110293626161,7.510321344097655,5.080119812268066
363000,C/+Lzeou2LizQySX67M2667gb5DYL8ydseiRleWccoX3IZo1wEXxWMFuLlHF23Qr,4.1266456886577325,6.537518915196021,4.828088960953943
363300,C/+Lzeou2LizQySX67M2667gb5DYL8ydseiRleWccoX3IZo1wEXxWMFuLlHF23Qr,4.228723729322919,7.017032013501436,5.015227667769656
363600,C/+Lzeou2LizQySX67M2667gb5DYL8ydseiRleWccoX3IZo1wEXxWMFuLlHF23Qr,4.106009513098849,6.53870345930795,4.861995019376946
363900,C/+Lzeou2LizQySX67M2667gb5DYL8ydseiRleWccoX3IZo1wEXxWMFuLlHF23Qr,4.089549478315885,7.080989214378118,5.068026868612302
364200,C/+Lzeou2LizQySX67M2667gb5DYL8ydseiRleWccoX3IZo1wEXxWMFuLlHF23Qr,3.8311010889189694,5.895251281139879,4.9213108634160765
364500,C/+Lzeou2LizQySX67M2667gb5DYL8ydseiRleWccoX3IZo1wEXxWMFuLlHF23Qr,3.8887948380227337,6.892440735483289,5.012417943793652
364800,C/+Lzeou2LizQySX67M2667gb5DYL8ydseiRleWccoX3IZo1wEXxWMFuLlHF23Qr,3.873949026393551,7.173298243820503,4.90652170681429
365100,C/+Lzeou2LizQySX67M2667gb5DYL8ydseiRleWccoX3IZo1wEXxWMFuLlHF23Qr,4.011191673021678,6.866700531929112,5.034040059102936
365400,C/+Lzeou2LizQySX67M2667gb5DYL8ydseiRleWccoX3IZo1wEXxWMFuLlHF23Qr,3.985622449485177,5.982737195821756,4.904194131313921
365700,C/+Lzeou2LizQySX67M2667gb5DYL8ydseiRleWccoX3IZo1wEXxWMFuLlHF23Qr,4.04220533651113,7.214607338605392,5.045779732942924
366000,C/+Lzeou2LizQySX67M2667gb5DYL8ydseiRleWccoX3IZo1wEXxWMFuLlHF23Qr,4.476572755118502,6.491410613475621,5.055541996540283
366300,C/+Lzeou2LizQySX67M2667gb5DYL8ydseiRleWccoX3IZo1wEXxWMFuLlHF23Qr,4.566859090926247,7.089106703695248,5.125093729694736
366600,C/+Lzeou2LizQySX67M2667gb5DYL8ydseiRleWccoX3IZo1wEXxWMFuLlHF23Qr,4.157389408807685,6.6160392352453865,4.966268715111897
366900,C/+Lzeou2LizQySX67M2667gb5DYL8ydseiRleWccoX3IZo1wEXxWMFuLlHF23Qr,4.276737950186356,6.803039643263022,5.060410832545134
367200,C/+Lzeou2LizQySX67M2667gb5DYL8ydseiRleWccoX3IZo1wEXxWMFuLlHF23Qr,4.2331910636828,6.969425681671331,5.019664139125294
367500,C/+Lzeou2LizQySX67M2667gb5DYL8ydseiRleWccoX3IZo1wEXxWMFuLlHF23Qr,4.3112249770568205,9.367509725104597,5.7444180847406265
367800,C/+Lzeou2LizQySX67M2667gb5DYL8ydseiRleWccoX3IZo1wEXxWMFuLlHF23Qr,4.2386008729391,6.215699617814097,4.973594372433821
368100,C/+Lzeou2LizQySX67M2667gb5DYL8ydseiRleWccoX3IZo1wEXxWMFuLlHF23Qr,4.333917976761181,6.863281617688731,5.055779613418424
368400,C/+Lzeou2LizQySX67M2667gb5DYL8ydseiRleWccoX3IZo1wEXxWMFuLlHF23Qr,3.846630091964236,6.906561747363613,5.053012936044422
368700,C/+Lzeou2LizQySX67M2667gb5DYL8ydseiRleWccoX3IZo1wEXxWMFuLlHF23Qr,4.32154577597278,7.074082856052668,5.127209756692801
369000,C/+Lzeou2LizQySX67M2667gb5DYL8ydseiRleWccoX3IZo1wEXxWMFuLlHF23Qr,4.223516268288416,6.0804492022945125,4.994242813911176
369300,C/+Lzeou2LizQySX67M2667gb5DYL8ydseiRleWccoX3IZo1wEXxWMFuLlHF23Qr,4.078448936205671,6.828939943357137,5.003241102860454
369600,C/+Lzeou2LizQySX67M2667gb5DYL8ydseiRleWccoX3IZo1wEXxWMFuLlHF23Qr,4.415004512909663,6.453564171193326,4.881601388521943
369900,C/+Lzeou2LizQySX67M2667gb5DYL8ydseiRleWccoX3IZo1wEXxWMFuLlHF23Qr,4.1162943208911535,6.539855708358197,5.088010475446521
370200,C/+Lzeou2LizQySX67M2667gb5DYL8ydseiRleWccoX3IZo1wEXxWMFuLlHF23Qr,4.355435526023069,6.720835021138472,5.0134401955729135
370500,C/+Lzeou2LizQySX67M2667gb5DYL8ydseiRleWccoX3IZo1wEXxWMFuLlHF23Qr,4.322388623412528,6.203917203148606,4.972306334912608
370800,C/+Lzeou2LizQySX67M2667gb5DYL8ydseiRleWccoX3IZo1wEXxWMFuLlHF23Qr,4.324440146576534,6.533935137255288,4.990524988990975
371100,C/+Lzeou2LizQySX67M2667gb5DYL8ydseiRleWccoX3IZo1wEXxWMFuLlHF23Qr,4.289899091151977,7.136444370923782,5.093747906078397
371400,C/+Lzeou2LizQySX67M2667gb5DYL8ydseiRleWccoX3IZo1wEXxWMFuLlHF23Qr,4.23486140400508,6.802622751707176,4.924054110342924
371700,C/+Lzeou2LizQySX67M2667gb5DYL8ydseiRleWccoX3IZo1wEXxWMFuLlHF23Qr,4.6073423726718366,6.317563722601045,5.030307511239443
372000,C/+Lzeou2LizQySX67M2667gb5DYL8ydseiRleWccoX3IZo1wEXxWMFuLlHF23Qr,4.216305037505091,7.02398631694272,4.999886367995991
372300,C/+Lzeou2LizQySX67M2667gb5DYL8ydseiRleWccoX3IZo1wEXxWMFuLlHF23Qr,4.389000257195254,6.932828555491259,5.141599562270665
372600,C/+Lzeou2LizQySX67M2667gb5DYL8ydseiRleWccoX3IZo1wEXxWMFuLlHF23Qr,4.376059381109206,7.057517772270285,4.96995080566327
372900,C/+Lzeou2LizQySX67M2667gb5DYL8ydseiRleWccoX3IZo1wEXxWMFuLlHF23Qr,4.171336918848017,6.918072236609014,5.065986718100062
373200,C/+Lzeou2LizQySX67M2667gb5DYL8ydseiRleWccoX3IZo1wEXxWMFuLlHF23Qr,4.265404278453386,7.036084771034371,4.958765668810224
373500,C/+Lzeou2LizQySX67M2667gb5DYL8ydseiRleWccoX3IZo1wEXxWMFuLlHF23Qr,4.190825714557522,9.236868179573165,5.440428295321944
373800,C/+Lzeou2LizQySX67M2667gb5DYL8ydseiRleWccoX3IZo1wEXxWMFuLlHF23Qr,4.188286152527937,6.585028439223952,4.960348124107042
374100,C/+Lzeou2LizQySX67M2667gb5DYL8ydseiRleWccoX3IZo1wEXxWMFuLlHF23Qr,4.38909201741793,6.631506173673253,5.062759295574516
374400,C/+Lzeou2LizQySX67M2667gb5DYL8ydseiRleWccoX3IZo1wEXxWMFuLlHF23Qr,4.046530607015918,6.810413559212125,5.011345078830935
374700,C/+Lzeou2LizQySX67M2667gb5DYL8ydseiRleWccoX3IZo1wEXxWMFuLlHF23Qr,4.157517801664164,6.984069994615656,5.007802132285296
375000,C/+Lzeou2LizQySX67M2667gb5DYL8ydseiRleWccoX3IZo1wEXxWMFuLlHF23Qr,4.170999295481495,6.584090057222436,5.021216074885458
375300,C/+Lzeou2LizQySX67M2667gb5DYL8ydseiRleWccoX3IZo1wEXxWMFuLlHF23Qr,4.3834035941272464,6.5978083712401805,5.078410294307833
375600,C/+Lzeou2LizQySX67M2667gb5DYL8ydseiRleWccoX3IZo1wEXxWMFuLlHF23Qr,4.4121290943061275,6.5869608525734185,5.010611421046473
375900,C/+Lzeou2LizQySX67M2667gb5DYL8ydseiRleWccoX3IZo1wEXxWMFuLlHF23Qr,3.944921376320088,6.839030289006118,4.92290413804273
376200,C/+Lzeou2LizQySX67M2667gb5DYL8ydseiRleWccoX3IZo1wEXxWMFuLlHF23Qr,4.317098085729691,6.70890474133956,4.913488191500115
376500,C/+Lzeou2LizQySX67M2667gb5DYL8ydseiRleWccoX3IZo1wEXxWMFuLlHF23Qr,4.252282014262982,6.989938280933712,5.11372373033357
376800,C/+Lzeou2LizQySX67M2667gb5DYL8ydseiRleWccoX3IZo1wEXxWMFuLlHF23Qr,4.320482195668371,6.420501244012581,4.99373207443873
377100,C/+Lzeou2LizQySX67M2667gb5DYL8ydseiRleWccoX3IZo1wEXxWMFuLlHF23Qr,4.504351673731168,6.74637127353586,5.131215836211768
377400,C/+Lzeou2LizQySX67M2667gb5DYL8ydseiRleWccoX3IZo1wEXxWMFuLlHF23Qr,4.109748254599532,6.494787202982958,5.030285616378237
377700,C/+Lzeou2LizQySX67M2667gb5DYL8ydseiRleWccoX3IZo1wEXxWMFuLlHF23Qr,4.135498945672391,6.994809580658556,5.18479786932342
378000,C/+Lzeou2LizQySX67M2667gb5DYL8ydseiRleWccoX3IZo1wEXxWMFuLlHF23Qr,4.11388263133038,5.547411226728982,4.838268072614841
378300,C/+Lzeou2LizQySX67M2667gb5DYL8ydseiRleWccoX3IZo1wEXxWMFuLlHF23Qr,4.3151980871992235,7.191823526040439,5.166070219626068
378600,C/+Lzeou2LizQySX67M2667gb5DYL8ydseiRleWccoX3IZo1wEXxWMFuLlHF23Qr,4.414865368611426,6.1064233036068005,5.007379688538498
378900,C/+Lzeou2LizQySX67M2667gb5DYL8ydseiRleWccoX3IZo1wEXxWMFuLlHF23Qr,4.367031382262158,6.736097530034776,5.172520390738192
379200,C/+Lzeou2LizQySX67M2667gb5DYL8ydseiRleWccoX3IZo1wEXxWMFuLlHF23Qr,4.004395911896049,6.244335190011391,5.034300943356751
379500,C/+Lzeou2LizQySX67M2667gb5DYL8ydseiRleWccoX3IZo1wEXxWMFuLlHF23Qr,4.4684714147705655,6.924053221150044,5.254553641335918
379800,C/+Lzeou2LizQySX67M2667gb5DYL8ydseiRleWccoX3IZo1wEXxWMFuLlHF23Qr,4.076154676197839,7.005753451141123,5.060691942883729
380100,C/+Lzeou2LizQySX67M2667gb5DYL8ydseiRleWccoX3IZo1wEXxWMFuLlHF23Qr,4.292860129428028,6.824898838617419,5.149646983199357
380400,C/+Lzeou2LizQySX67M2667gb5DYL8ydseiRleWccoX3IZo1wEXxWMFuLlHF23Qr,4.4676199953413525,6.302005289106302,5.027042513466428
380700,C/+Lzeou2LizQySX67M2667gb5DYL8ydseiRleWccoX3IZo1wEXxWMFuLlHF23Qr,3.8678120734851222,6.142162161944359,4.99423587417889
381000,C/+Lzeou2LizQySX67M2667gb5DYL8ydseiRleWccoX3IZo1wEXxWMFuLlHF23Qr,4.306594752374848,6.276034089912835,4.98344811900771
381300,C/+Lzeou2LizQySX67M2667gb5DYL8ydseiRleWccoX3IZo1wEXxWMFuLlHF23Qr,4.329672724054225,6.813853711220456,5.090178813883276
381600,C/+Lzeou2LizQySX67M2667gb5DYL8ydseiRleWccoX3IZo1wEXxWMFuLlHF23Qr,4.040140064553776,6.646016241143294,4.9948993433812765
381900,C/+Lzeou2LizQySX67M2667gb5DYL8ydseiRleWccoX3IZo1wEXxWMFuLlHF23Qr,4.2952520604884805,6.251735734471132,5.068172024509906
382200,C/+Lzeou2LizQySX67M2667gb5DYL8ydseiRleWccoX3IZo1wEXxWMFuLlHF23Qr,4.395259313161636,5.5806528880140585,4.9127967157866825
382500,C/+Lzeou2LizQySX67M2667gb5DYL8ydseiRleWccoX3IZo1wEXxWMFuLlHF23Qr,4.403024801482373,6.874250201787582,5.046326205713262
382800,C/+Lzeou2LizQySX67M2667gb5DYL8ydseiRleWccoX3IZo1wEXxWMFuLlHF23Qr,4.353800768624513,6.6206154582086025,5.10226797628221
383100,C/+Lzeou2LizQySX67M2667gb5DYL8ydseiRleWccoX3IZo1wEXxWMFuLlHF23Qr,4.2579722519480745,7.568139644757771,5.565625658386269
383400,C/+Lzeou2LizQySX67M2667gb5DYL8ydseiRleWccoX3IZo1wEXxWMFuLlHF23Qr,4.561346847840806,7.30807407133364,5.533783972975753
383700,C/+Lzeou2LizQySX67M2667gb5DYL8ydseiRleWccoX3IZo1wEXxWMFuLlHF23Qr,4.32701350894639,6.736828566395396,5.157082592713559
384000,C/+Lzeou2LizQySX67M2667gb5DYL8ydseiRleWccoX3IZo1wEXxWMFuLlHF23Qr,4.196977859441056,7.2256042615556675,4.975287940345996
384300,C/+Lzeou2LizQySX67M2667gb5DYL8ydseiRleWccoX3IZo1wEXxWMFuLlHF23Qr,4.669022623948696,7.4736816974643325,5.4136396571021255
384600,C/+Lzeou2LizQySX67M2667gb5DYL8ydseiRleWccoX3IZo1wEXxWMFuLlHF23Qr,3.986245766646496,6.618389010443492,5.2103942344323135
384900,C/+Lzeou2LizQySX67M2667gb5DYL8ydseiRleWccoX3IZo1wEXxWMFuLlHF23Qr,4.505519521475663,11.479825627755812,6.578535048053884
385200,C/+Lzeou2LizQySX67M2667gb5DYL8ydseiRleWccoX3IZo1wEXxWMFuLlHF23Qr,4.172403029026156,7.517489774827056,5.17352575773239
385500,C/+Lzeou2LizQySX67M2667gb5DYL8ydseiRleWccoX3IZo1wEXxWMFuLlHF23Qr,4.214253084125291,9.417982236440311,6.399594810178331
385800,C/+Lzeou2LizQySX67M2667gb5DYL8ydseiRleWccoX3IZo1wEXxWMFuLlHF23Qr,4.150284901628297,5.874213296546482,4.987768249346743
386100,C/+Lzeou2LizQySX67M2667gb5DYL8ydseiRleWccoX3IZo1wEXxWMFuLlHF23Qr,4.317908809123766,7.497032098776373,5.200983734515547
386400,C/+Lzeou2LizQySX67M2667gb5DYL8ydseiRleWccoX3IZo1wEXxWMFuLlHF23Qr,4.361130657551779,7.0553578868159095,5.128210445260854
386700,C/+Lzeou2LizQySX67M2667gb5DYL8ydseiRleWccoX3IZo1wEXxWMFuLlHF23Qr,4.588458010363505,7.1799504753917835,5.273653299075718
387000,C/+Lzeou2LizQySX67M2667gb5DYL8ydseiRleWccoX3IZo1wEXxWMFuLlHF23Qr,4.504288807204132,6.7664804559224345,5.0017659984296525
387300,C/+Lzeou2LizQySX67M2667gb5DYL8ydseiRleWccoX3IZo1wEXxWMFuLlHF23Qr,4.245693165052157,6.749859740846045,5.150020242584262
387600,C/+Lzeou2LizQySX67M2667gb5DYL8ydseiRleWccoX3IZo1wEXxWMFuLlHF23Qr,4.008785484812219,6.867783204901459,5.062368755491828
387900,C/+Lzeou2LizQySX67M2667gb5DYL8ydseiRleWccoX3IZo1wEXxWMFuLlHF23Qr,4.412749034858911,6.901938320709784,5.2588322639270775
388200,C/+Lzeou2LizQySX67M2667gb5DYL8ydseiRleWccoX3IZo1wEXxWMFuLlHF23Qr,4.2547843840222885,6.44013349946734,5.002093996204824
388500,C/+Lzeou2LizQySX67M2667gb5DYL8ydseiRleWccoX3IZo1wEXxWMFuLlHF23Qr,4.118622034627886,7.1463949985633,5.117271203963978
388800,C/+Lzeou2LizQySX67M2667gb5DYL8ydseiRleWccoX3IZo1wEXxWMFuLlHF23Qr,4.506493114763292,7.060773181202138,5.061380422004255
389100,C/+Lzeou2LizQySX67M2667gb5DYL8ydseiRleWccoX3IZo1wEXxWMFuLlHF23Qr,4.281750695504272,7.271961663879553,5.09883283214191
389400,C/+Lzeou2LizQySX67M2667gb5DYL8ydseiRleWccoX3IZo1wEXxWMFuLlHF23Qr,4.099296323372684,7.002723649101323,5.085109682007732
389700,C/+Lzeou2LizQySX67M2667gb5DYL8ydseiRleWccoX3IZo1wEXxWMFuLlHF23Qr,4.3396632210570365,6.713299423222167,5.079979847736276
390000,C/+Lzeou2LizQySX67M2667gb5DYL8ydseiRleWccoX3IZo1wEXxWMFuLlHF23Qr,4.472471059315497,6.175141513460582,5.156571798776604
390300,C/+Lzeou2LizQySX67M2667gb5DYL8ydseiRleWccoX3IZo1wEXxWMFuLlHF23Qr,4.427715540132665,7.26600833227482,5.275396658648361
390600,C/+Lzeou2LizQySX67M2667gb5DYL8ydseiRleWccoX3IZo1wEXxWMFuLlHF23Qr,4.364705618243514,6.593357159725787,5.026029317387453
390900,C/+Lzeou2LizQySX67M2667gb5DYL8ydseiRleWccoX3IZo1wEXxWMFuLlHF23Qr,4.135016502937216,7.092011900632061,5.140607077920378
391200,C/+Lzeou2LizQySX67M2667gb5DYL8ydseiRleWccoX3IZo1wEXxWMFuLlHF23Qr,4.258890810289598,6.522515468039416,5.045580640374292
391500,C/+Lzeou2LizQySX67M2667gb5DYL8ydseiRleWccoX3IZo1wEXxWMFuLlHF23Qr,4.220653735279816,7.139098266936311,5.170398969155772
391800,C/+Lzeou2LizQySX67M2667gb5DYL8ydseiRleWccoX3IZo1wEXxWMFuLlHF23Qr,4.09964876874288,6.787126194046156,5.115288306868675
392100,C/+Lzeou2LizQySX67M2667gb5DYL8ydseiRleWccoX3IZo1wEXxWMFuLlHF23Qr,4.316814000387297,6.958823807016254,5.188264970914414
392400,C/+Lzeou2LizQySX67M2667gb5DYL8ydseiRleWccoX3IZo1wEXxWMFuLlHF23Qr,4.1484726193972286,6.326242517203298,5.074132992273149
392700,C/+Lzeou2LizQySX67M2667gb5DYL8ydseiRleWccoX3IZo1wEXxWMFuLlHF23Qr,4.563562974203972,7.015037585252276,5.186107891409903
393000,C/+Lzeou2LizQySX67M2667gb5DYL8ydseiRleWccoX3IZo1wEXxWMFuLlHF23Qr,4.56740172707748,6.292005727707801,5.049918910400694
393300,C/+Lzeou2LizQySX67M2667gb5DYL8ydseiRleWccoX3IZo1wEXxWMFuLlHF23Qr,4.497078067428552,6.829255579706829,5.2144609729630025
393600,C/+Lzeou2LizQySX67M2667gb5DYL8ydseiRleWccoX3IZo1wEXxWMFuLlHF23Qr,4.3390024628831645,6.081584544747656,5.079184634918013
393900,C/+Lzeou2LizQySX67M2667gb5DYL8ydseiRleWccoX3IZo1wEXxWMFuLlHF23Qr,4.586258943678335,6.587983768614703,5.461854909260921
394200,C/+Lzeou2LizQySX67M2667gb5DYL8ydseiRleWccoX3IZo1wEXxWMFuLlHF23Qr,4.457058418602912,7.060091025932001,5.114724226514278
394500,C/+Lzeou2LizQySX67M2667gb5DYL8ydseiRleWccoX3IZo1wEXxWMFuLlHF23Qr,4.259850601526056,7.184155630613666,5.21631996622307
394800,C/+Lzeou2LizQySX67M2667gb5DYL8ydseiRleWccoX3IZo1wEXxWMFuLlHF23Qr,4.4868790122957085,6.42634208976209,5.124077369495283
395100,C/+Lzeou2LizQySX67M2667gb5DYL8ydseiRleWccoX3IZo1wEXxWMFuLlHF23Qr,4.430982588186919,6.593942856505644,5.186926917481553
395400,C/+Lzeou2LizQySX67M2667gb5DYL8ydseiRleWccoX3IZo1wEXxWMFuLlHF23Qr,4.062497233107228,6.575664677705303,4.986593305180237
395700,C/+Lzeou2LizQySX67M2667gb5DYL8ydseiRleWccoX3IZo1wEXxWMFuLlHF23Qr,4.602763601353808,6.892811868727054,5.165228170458949
396000,C/+Lzeou2LizQySX67M2667gb5DYL8ydseiRleWccoX3IZo1wEXxWMFuLlHF23Qr,4.414545008681947,6.547825266802939,5.014132944491986
396300,C/+Lzeou2LizQySX67M2667gb5DYL8ydseiRleWccoX3IZo1wEXxWMFuLlHF23Qr,4.3983609297425215,6.113795078089087,4.998997194518516
396600,C/+Lzeou2LizQySX67M2667gb5DYL8ydseiRleWccoX3IZo1wEXxWMFuLlHF23Qr,4.472889948848267,6.638585551372248,5.005910543798444
396900,C/+Lzeou2LizQySX67M2667gb5DYL8ydseiRleWccoX3IZo1wEXxWMFuLlHF23Qr,4.414496440679014,6.543465688525083,5.144912330871808
397200,C/+Lzeou2LizQySX67M2667gb5DYL8ydseiRleWccoX3IZo1wEXxWMFuLlHF23Qr,4.3338203495101135,6.969398813154814,5.205006361777797
397500,C/+Lzeou2LizQySX67M2667gb5DYL8ydseiRleWccoX3IZo1wEXxWMFuLlHF23Qr,4.166162738501134,6.977895132380224,5.379384339582151
397800,C/+Lzeou2LizQySX67M2667gb5DYL8ydseiRleWccoX3IZo1wEXxWMFuLlHF23Qr,4.1241830238882295,6.734148165288292,4.9594933499690015
398100,C/+Lzeou2LizQySX67M2667gb5DYL8ydseiRleWccoX3IZo1wEXxWMFuLlHF23Qr,4.418551527913753,7.064927375950038,5.095668816354928
398400,C/+Lzeou2LizQySX67M2667gb5DYL8ydseiRleWccoX3IZo1wEXxWMFuLlHF23Qr,4.196902346204343,6.789080329878103,5.11366204244021
398700,C/+Lzeou2LizQySX67M2667gb5DYL8ydseiRleWccoX3IZo1wEXxWMFuLlHF23Qr,4.233070506225085,7.161872448404885,5.103250155573717
399000,C/+Lzeou2LizQySX67M2667gb5DYL8ydseiRleWccoX3IZo1wEXxWMFuLlHF23Qr,4.3086653172382485,6.985901147826893,5.030652047723836
399300,C/+Lzeou2LizQySX67M2667gb5DYL8ydseiRleWccoX3IZo1wEXxWMFuLlHF23Qr,4.043404746350901,6.7156169242322585,5.02399560353467
399600,C/+Lzeou2LizQySX67M2667gb5DYL8ydseiRleWccoX3IZo1wEXxWMFuLlHF23Qr,4.256423077168054,6.9044075732128185,4.928673223575957
399900,C/+Lzeou2LizQySX67M2667gb5DYL8ydseiRleWccoX3IZo1wEXxWMFuLlHF23Qr,4.11166502696218,7.141065192776681,5.091832665402113
400200,C/+Lzeou2LizQySX67M2667gb5DYL8ydseiRleWccoX3IZo1wEXxWMFuLlHF23Qr,4.008824999867489,7.041676731903087,4.912488110716353
400500,C/+Lzeou2LizQySX67M2667gb5DYL8ydseiRleWccoX3IZo1wEXxWMFuLlHF23Qr,4.224825746627728,7.180622098612804,5.006719015914763
400800,C/+Lzeou2LizQySX67M2667gb5DYL8ydseiRleWccoX3IZo1wEXxWMFuLlHF23Qr,3.974988927547421,6.838969501071793,5.01845108477036
401100,C/+Lzeou2LizQySX67M2667gb5DYL8ydseiRleWccoX3IZo1wEXxWMFuLlHF23Qr,4.431369705063424,6.722862112219556,5.2048545015046255
401400,C/+Lzeou2LizQySX67M2667gb5DYL8ydseiRleWccoX3IZo1wEXxWMFuLlHF23Qr,3.7859401217376094,7.00674708946768,4.94355117249881
401700,C/+Lzeou2LizQySX67M2667gb5DYL8ydseiRleWccoX3IZo1wEXxWMFuLlHF23Qr,4.193117804333132,6.7008011656498745,4.904163984807729
402000,C/+Lzeou2LizQySX67M2667gb5DYL8ydseiRleWccoX3IZo1wEXxWMFuLlHF23Qr,3.9715191159915975,6.979462918809504,5.02327945168424
402300,C/+Lzeou2LizQySX67M2667gb5DYL8ydseiRleWccoX3IZo1wEXxWMFuLlHF23Qr,4.1404151716669295,8.77824873783643,5.2961072007182075
402600,C/+Lzeou2LizQySX67M2667gb5DYL8ydseiRleWccoX3IZo1wEXxWMFuLlHF23Qr,3.930357576218886,7.24890078626105,4.9942525067835675
402900,C/+Lzeou2LizQySX67M2667gb5DYL8ydseiRleWccoX3IZo1wEXxWMFuLlHF23Qr,4.557823982410556,6.882837391912042,5.172364266561558
403200,C/+Lzeou2LizQySX67M2667gb5DYL8ydseiRleWccoX3IZo1wEXxWMFuLlHF23Qr,4.278722351727924,6.118636570693104,4.952414120153265
403500,C/+Lzeou2LizQySX67M2667gb5DYL8ydseiRleWccoX3IZo1wEXxWMFuLlHF23Qr,4.377085572087798,6.773296805643208,5.0710322318921275
403800,C/+Lzeou2LizQySX67M2667gb5DYL8ydseiRleWccoX3IZo1wEXxWMFuLlHF23Qr,4.308857664582891,6.652495947231041,4.966444911482531
404100,C/+Lzeou2LizQySX67M2667gb5DYL8ydseiRleWccoX3IZo1wEXxWMFuLlHF23Qr,4.292532697080497,6.814414277070547,5.041520341151129
404400,C/+Lzeou2LizQySX67M2667gb5DYL8ydseiRleWccoX3IZo1wEXxWMFuLlHF23Qr,4.116410014443341,6.314687921226341,5.056606525317454
404700,C/+Lzeou2LizQySX67M2667gb5DYL8ydseiRleWccoX3IZo1wEXxWMFuLlHF23Qr,4.274426172534424,6.3607939540883605,5.073231135878958
405000,C/+Lzeou2LizQySX67M2667gb5DYL8ydseiRleWccoX3IZo1wEXxWMFuLlHF23Qr,4.25326428312551,6.175364507386952,4.814840306093896
405300,C/+Lzeou2LizQySX67M2667gb5DYL8ydseiRleWccoX3IZo1wEXxWMFuLlHF23Qr,3.7534339894507354,6.562843668925175,5.022650651814109
405600,C/+Lzeou2LizQySX67M2667gb5DYL8ydseiRleWccoX3IZo1wEXxWMFuLlHF23Qr,3.8746437315272257,6.735215394648629,4.939538257182604
405900,C/+Lzeou2LizQySX67M2667gb5DYL8ydseiRleWccoX3IZo1wEXxWMFuLlHF23Qr,4.094068426311864,6.587658786710904,4.940202024762912
406200,C/+Lzeou2LizQySX67M2667gb5DYL8ydseiRleWccoX3IZo1wEXxWMFuLlHF23Qr,4.162737863684463,6.494235484131867,5.049488636209021
406500,C/+Lzeou2LizQySX67M2667gb5DYL8ydseiRleWccoX3IZo1wEXxWMFuLlHF23Qr,3.582640376464977,33.81910221988455,9.303049794469704
406800,C/+Lzeou2LizQySX67M2667gb5DYL8ydseiRleWccoX3IZo1wEXxWMFuLlHF23Qr,3.3636776558765957,84.75725459100812,24.670801713767005
407100,C/+Lzeou2LizQySX67M2667gb5DYL8ydseiRleWccoX3IZo1wEXxWMFuLlHF23Qr,4.249610675545872,6.983866243412872,5.009359324705998
407400,C/+Lzeou2LizQySX67M2667gb5DYL8ydseiRleWccoX3IZo1wEXxWMFuLlHF23Qr,3.93158292253588,7.7572197171973265,4.8259625329612845
407700,C/+Lzeou2LizQySX67M2667gb5DYL8ydseiRleWccoX3IZo1wEXxWMFuLlHF23Qr,4.0923043509970825,6.528500525520624,4.639531693706795
408000,C/+Lzeou2LizQySX67M2667gb5DYL8ydseiRleWccoX3IZo1wEXxWMFuLlHF23Qr,4.302650467570208,7.559751257718014,5.03571673989774
408300,C/+Lzeou2LizQySX67M2667gb5DYL8ydseiRleWccoX3IZo1wEXxWMFuLlHF23Qr,4.038541065894432,6.4869837890919975,4.7455793675059645
408600,C/+Lzeou2LizQySX67M2667gb5DYL8ydseiRleWccoX3IZo1wEXxWMFuLlHF23Qr,4.3018794384418815,6.688582721766928,5.0859981195596395
408900,C/+Lzeou2LizQySX67M2667gb5DYL8ydseiRleWccoX3IZo1wEXxWMFuLlHF23Qr,4.139169821589719,6.566147884412583,4.702652632903846
409200,C/+Lzeou2LizQySX67M2667gb5DYL8ydseiRleWccoX3IZo1wEXxWMFuLlHF23Qr,4.068835231473212,6.460226005133865,5.027592528895736
409500,C/+Lzeou2LizQySX67M2667gb5DYL8ydseiRleWccoX3IZo1wEXxWMFuLlHF23Qr,4.287158956454364,6.573319295378856,4.769333126740173
409800,C/+Lzeou2LizQySX67M2667gb5DYL8ydseiRleWccoX3IZo1wEXxWMFuLlHF23Qr,4.349581102528452,6.741719568491389,5.093367330267443
410100,C/+Lzeou2LizQySX67M2667gb5DYL8ydseiRleWccoX3IZo1wEXxWMFuLlHF23Qr,3.982318182825519,7.25266309323698,4.812850835231815
410400,C/+Lzeou2LizQySX67M2667gb5DYL8ydseiRleWccoX3IZo1wEXxWMFuLlHF23Qr,4.127722157696016,6.423869873799572,5.105078841003735
410700,C/+Lzeou2LizQySX67M2667gb5DYL8ydseiRleWccoX3IZo1wEXxWMFuLlHF23Qr,4.146006064969244,6.91192062795795,4.752292212628422
411000,C/+Lzeou2LizQySX67M2667gb5DYL8ydseiRleWccoX3IZo1wEXxWMFuLlHF23Qr,3.891558341896784,6.975790167872562,5.082200635991796
411300,C/+Lzeou2LizQySX67M2667gb5DYL8ydseiRleWccoX3IZo1wEXxWMFuLlHF23Qr,4.10595473090929,6.11989080541397,4.803748523083084
411600,C/+Lzeou2LizQySX67M2667gb5DYL8ydseiRleWccoX3IZo1wEXxWMFuLlHF23Qr,4.213741307776481,6.9130553656017115,5.095350312755885
411900,C/+Lzeou2LizQySX67M2667gb5DYL8ydseiRleWccoX3IZo1wEXxWMFuLlHF23Qr,4.367887705771629,6.384399031142323,4.847837105349368
412200,C/+Lzeou2LizQySX67M2667gb5DYL8ydseiRleWccoX3IZo1wEXxWMFuLlHF23Qr,4.018247894589595,7.8114149175328125,5.106673202447881
412500,C/+Lzeou2LizQySX67M2667gb5DYL8ydseiRleWccoX3IZo1wEXxWMFuLlHF23Qr,4.135712348493136,6.386376804350332,4.7522389423464615
412800,C/+Lzeou2LizQySX67M2667gb5DYL8ydseiRleWccoX3IZo1wEXxWMFuLlHF23Qr,4.3715193965743095,7.729358293767614,5.232776779920526
413100,C/+Lzeou2LizQySX67M2667gb5DYL8ydseiRleWccoX3IZo1wEXxWMFuLlHF23Qr,4.288424098529948,6.785659805883731,4.974371378334982
413400,C/+Lzeou2LizQySX67M2667gb5DYL8ydseiRleWccoX3IZo1wEXxWMFuLlHF23Qr,4.108613021454564,7.65880409597635,5.227495754549067
413700,C/+Lzeou2LizQySX67M2667gb5DYL8ydseiRleWccoX3IZo1wEXxWMFuLlHF23Qr,4.323800198170047,6.99424680077746,5.067117311075164
414000,C/+Lzeou2LizQySX67M2667gb5DYL8ydseiRleWccoX3IZo1wEXxWMFuLlHF23Qr,4.378353999395437,7.861395210846651,5.261418543310983
414300,C/+Lzeou2LizQySX67M2667gb5DYL8ydseiRleWccoX3IZo1wEXxWMFuLlHF23Qr,4.2028537525175205,6.484382439610176,4.865141209437444
414600,C/+Lzeou2LizQySX67M2667gb5DYL8ydseiRleWccoX3IZo1wEXxWMFuLlHF23Qr,4.343760140515702,6.609980005444801,5.115364399310245
414900,C/+Lzeou2LizQySX67M2667gb5DYL8ydseiRleWccoX3IZo1wEXxWMFuLlHF23Qr,4.232602896951433,6.70816019165665,4.7856721006271
415200,C/+Lzeou2LizQySX67M2667gb5DYL8ydseiRleWccoX3IZo1wEXxWMFuLlHF23Qr,4.248623040051772,6.163596438245747,5.10286084092842
415500,C/+Lzeou2LizQySX67M2667gb5DYL8ydseiRleWccoX3IZo1wEXxWMFuLlHF23Qr,4.4495394353891164,6.663782993797896,5.040063858324739
415800,C/+Lzeou2LizQySX67M2667gb5DYL8ydseiRleWccoX3IZo1wEXxWMFuLlHF23Qr,4.471330406717996,6.508548099025568,5.115071323696691
416100,C/+Lzeou2LizQySX67M2667gb5DYL8ydseiRleWccoX3IZo1wEXxWMFuLlHF23Qr,4.243321722864818,6.329230380061674,4.78784926848746
416400,C/+Lzeou2LizQySX67M2667gb5DYL8ydseiRleWccoX3IZo1wEXxWMFuLlHF23Qr,4.181004849643097,6.492984522925716,5.117559237761624
416700,C/+Lzeou2LizQySX67M2667gb5DYL8ydseiRleWccoX3IZo1wEXxWMFuLlHF23Qr,4.089802174701409,6.581098770592,4.788313051793536
417000,C/+Lzeou2LizQySX67M2667gb5DYL8ydseiRleWccoX3IZo1wEXxWMFuLlHF23Qr,4.29577738288102,6.606141621469967,5.069610364273362
417300,C/+Lzeou2LizQySX67M2667gb5DYL8ydseiRleWccoX3IZo1wEXxWMFuLlHF23Qr,4.219687085487551,6.590889526957668,4.663204945896921
417600,C/+Lzeou2LizQySX67M2667gb5DYL8ydseiRleWccoX3IZo1wEXxWMFuLlHF23Qr,4.293984265564681,6.443455555609126,4.979951907371278
417900,C/+Lzeou2LizQySX67M2667gb5DYL8ydseiRleWccoX3IZo1wEXxWMFuLlHF23Qr,4.150327437779904,6.731693243878104,4.699324264692505
418200,C/+Lzeou2LizQySX67M2667gb5DYL8ydseiRleWccoX3IZo1wEXxWMFuLlHF23Qr,4.1402881500434185,6.445740325521745,5.013059358874848
418500,C/+Lzeou2LizQySX67M2667gb5DYL8ydseiRleWccoX3IZo1wEXxWMFuLlHF23Qr,4.167002284282163,6.6572468949256605,4.757469640239036
418800,C/+Lzeou2LizQySX67M2667gb5DYL8ydseiRleWccoX3IZo1wEXxWMFuLlHF23Qr,4.185010978598296,6.77206295057273,5.121728266000015
419100,C/+Lzeou2LizQySX67M2667gb5DYL8ydseiRleWccoX3IZo1wEXxWMFuLlHF23Qr,4.225092313568134,6.559096251859521,4.843362007212408
419400,C/+Lzeou2LizQySX67M2667gb5DYL8ydseiRleWccoX3IZo1wEXxWMFuLlHF23Qr,4.14775209682754,6.479391356517225,5.137959694940053
419700,C/+Lzeou2LizQySX67M2667gb5DYL8ydseiRleWccoX3IZo1wEXxWMFuLlHF23Qr,4.293119265286244,6.486156988747425,4.666704786801383
420000,C/+Lzeou2LizQySX67M2667gb5DYL8ydseiRleWccoX3IZo1wEXxWMFuLlHF23Qr,4.063735378999321,6.504038097932475,5.102286303087474
420300,C/+Lzeou2LizQySX67M2667gb5DYL8ydseiRleWccoX3IZo1wEXxWMFuLlHF23Qr,4.256269245340226,6.004247824841481,4.78770048663766
420600,C/+Lzeou2LizQySX67M2667gb5DYL8ydseiRleWccoX3IZo1wEXxWMFuLlHF23Qr,4.123456842345129,6.901170121861264,5.026709021359482
420900,C/+Lzeou2LizQySX67M2667gb5DYL8ydseiRleWccoX3IZo1wEXxWMFuLlHF23Qr,4.055753094084885,6.374590094206665,4.721014960180696
421200,C/+Lzeou2LizQySX67M2667gb5DYL8ydseiRleWccoX3IZo1wEXxWMFuLlHF23Qr,4.323529136229266,8.799125139317118,5.8120849130148695
421500,C/+Lzeou2LizQySX67M2667gb5DYL8ydseiRleWccoX3IZo1wEXxWMFuLlHF23Qr,3.7934719357581312,6.435382625056088,4.620696082307688
421800,C/+Lzeou2LizQySX67M2667gb5DYL8ydseiRleWccoX3IZo1wEXxWMFuLlHF23Qr,4.406519969655757,6.284192902338504,5.073485821708467
422100,C/+Lzeou2LizQySX67M2667gb5DYL8ydseiRleWccoX3IZo1wEXxWMFuLlHF23Qr,4.071602393157562,6.209388737901787,4.686645753898996
422400,C/+Lzeou2LizQySX67M2667gb5DYL8ydseiRleWccoX3IZo1wEXxWMFuLlHF23Qr,4.149851329919278,6.67058715292778,5.030160816300793
422700,C/+Lzeou2LizQySX67M2667gb5DYL8ydseiRleWccoX3IZo1wEXxWMFuLlHF23Qr,4.075776507023344,6.317467667613918,4.6545465417816425
423000,C/+Lzeou2LizQySX67M2667gb5DYL8ydseiRleWccoX3IZo1wEXxWMFuLlHF23Qr,3.88420738692747,6.66863241633387,5.020821366063583
423300,C/+Lzeou2LizQySX67M2667gb5DYL8ydseiRleWccoX3IZo1wEXxWMFuLlHF23Qr,3.942351955601376,6.326599730385584,4.648162649123762
423600,C/+Lzeou2LizQySX67M2667gb5DYL8ydseiRleWccoX3IZo1wEXxWMFuLlHF23Qr,4.003585842570016,6.553167764437948,5.001812270616032
423900,C/+Lzeou2LizQySX67M2667gb5DYL8ydseiRleWccoX3IZo1wEXxWMFuLlHF23Qr,4.1305475885625205,6.57553268330568,4.711363166335526
424200,C/+Lzeou2LizQySX67M2667gb5DYL8ydseiRleWccoX3IZo1wEXxWMFuLlHF23Qr,4.119825143783623,6.6285439432204365,4.957909418932215
424500,C/+Lzeou2LizQySX67M2667gb5DYL8ydseiRleWccoX3IZo1wEXxWMFuLlHF23Qr,4.073246447707808,6.341104758329545,4.5957254867445725
424800,C/+Lzeou2LizQySX67M2667gb5DYL8ydseiRleWccoX3IZo1wEXxWMFuLlHF23Qr,3.8167061746353728,6.827159642662847,5.146951975175629
425100,C/+Lzeou2LizQySX67M2667gb5DYL8ydseiRleWccoX3IZo1wEXxWMFuLlHF23Qr,3.938428024274859,6.784820821410563,4.631565293928038
425400,C/+Lzeou2LizQySX67M2667gb5DYL8ydseiRleWccoX3IZo1wEXxWMFuLlHF23Qr,4.058469127418278,6.670113492393448,4.9764894161639885
425700,C/+Lzeou2LizQySX67M2667gb5DYL8ydseiRleWccoX3IZo1wEXxWMFuLlHF23Qr,3.7163084709084497,6.8612232929100365,4.684818592938651
426000,C/+Lzeou2LizQySX67M2667gb5DYL8ydseiRleWccoX3IZo1wEXxWMFuLlHF23Qr,3.9579767933767895,6.427540824408523,5.035732661444804
426300,C/+Lzeou2LizQySX67M2667gb5DYL8ydseiRleWccoX3IZo1wEXxWMFuLlHF23Qr,3.6465635553112015,6.446466779648157,4.705470203791416
426600,C/+Lzeou2LizQySX67M2667gb5DYL8ydseiRleWccoX3IZo1wEXxWMFuLlHF23Qr,4.019764742453193,6.571450455499424,5.077930961061181
426900,C/+Lzeou2LizQySX67M2667gb5DYL8ydseiRleWccoX3IZo1wEXxWMFuLlHF23Qr,3.993240382717572,6.485025249909328,4.674346204180406
427200,C/+Lzeou2LizQySX67M2667gb5DYL8ydseiRleWccoX3IZo1wEXxWMFuLlHF23Qr,3.998137881438512,6.66613045876939,5.028707164741292
427500,C/+Lzeou2LizQySX67M2667gb5DYL8ydseiRleWccoX3IZo1wEXxWMFuLlHF23Qr,3.979241374230152,6.502004516573876,4.920631493491949
427800,C/+Lzeou2LizQySX67M2667gb5DYL8ydseiRleWccoX3IZo1wEXxWMFuLlHF23Qr,3.989217268216368,6.631911343841974,4.94101305594579
428100,C/+Lzeou2LizQySX67M2667gb5DYL8ydseiRleWccoX3IZo1wEXxWMFuLlHF23Qr,4.060382108463327,6.107396733312028,4.632830259685025
428400,C/+Lzeou2LizQySX67M2667gb5DYL8ydseiRleWccoX3IZo1wEXxWMFuLlHF23Qr,4.080407334600852,6.782848898353889,5.0264405799253735
428700,C/+Lzeou2LizQySX67M2667gb5DYL8ydseiRleWccoX3IZo1wEXxWMFuLlHF23Qr,3.803464459821636,6.339459617931726,4.687787022453045
429000,C/+Lzeou2LizQySX67M2667gb5DYL8ydseiRleWccoX3IZo1wEXxWMFuLlHF23Qr,3.9966084088528526,6.184366422522614,4.93881987361003
429300,C/+Lzeou2LizQySX67M2667gb5DYL8ydseiRleWccoX3IZo1wEXxWMFuLlHF23Qr,4.022049114135792,6.995554851359977,4.860003313928191
429600,C/+Lzeou2LizQySX67M2667gb5DYL8ydseiRleWccoX3IZo1wEXxWMFuLlHF23Qr,3.9196593922972793,6.826048797823372,5.076958922979857
429900,C/+Lzeou2LizQySX67M2667gb5DYL8ydseiRleWccoX3IZo1wEXxWMFuLlHF23Qr,3.9983212580994536,5.88983805769602,4.72487837016807
430200,C/+Lzeou2LizQySX67M2667gb5DYL8ydseiRleWccoX3IZo1wEXxWMFuLlHF23Qr,3.9317511842548303,7.111598036243472,5.063142520037555
430500,C/+Lzeou2LizQySX67M2667gb5DYL8ydseiRleWccoX3IZo1wEXxWMFuLlHF23Qr,3.962891559691316,6.0037094331391305,4.514847767925028
430800,C/+Lzeou2LizQySX67M2667gb5DYL8ydseiRleWccoX3IZo1wEXxWMFuLlHF23Qr,4.049928666554012,7.218958521296778,4.975939067172412
431100,C/+Lzeou2LizQySX67M2667gb5DYL8ydseiRleWccoX3IZo1wEXxWMFuLlHF23Qr,3.7174947349338465,5.930119614938676,4.62828577837263
431400,C/+Lzeou2LizQySX67M2667gb5DYL8ydseiRleWccoX3IZo1wEXxWMFuLlHF23Qr,3.9944629295420193,7.12864800682503,4.971933449470081
431700,C/+Lzeou2LizQySX67M2667gb5DYL8ydseiRleWccoX3IZo1wEXxWMFuLlHF23Qr,4.044661926891374,6.526317434811881,4.681443095423859
432000,C/+Lzeou2LizQySX67M2667gb5DYL8ydseiRleWccoX3IZo1wEXxWMFuLlHF23Qr,4.1419839311255755,6.830898347065268,4.994718580028977
432300,C/+Lzeou2LizQySX67M2667gb5DYL8ydseiRleWccoX3IZo1wEXxWMFuLlHF23Qr,3.6389135410787534,6.377294984190398,4.661247261388846
432600,C/+Lzeou2LizQySX67M2667gb5DYL8ydseiRleWccoX3IZo1wEXxWMFuLlHF23Qr,3.9509183362390736,6.773008334960597,4.9829079240957
432900,C/+Lzeou2LizQySX67M2667gb5DYL8ydseiRleWccoX3IZo1wEXxWMFuLlHF23Qr,4.23846780894428,6.085947060747745,4.646852619969354
433200,C/+Lzeou2LizQySX67M2667gb5DYL8ydseiRleWccoX3IZo1wEXxWMFuLlHF23Qr,4.186190943941717,6.835491693523156,4.9520245648013645
433500,C/+Lzeou2LizQySX67M2667gb5DYL8ydseiRleWccoX3IZo1wEXxWMFuLlHF23Qr,4.281030516602581,6.031602126808926,4.745504095072325
433800,C/+Lzeou2LizQySX67M2667gb5DYL8ydseiRleWccoX3IZo1wEXxWMFuLlHF23Qr,3.784646776090152,7.045282940398184,5.041383804730697
434100,C/+Lzeou2LizQySX67M2667gb5DYL8ydseiRleWccoX3IZo1wEXxWMFuLlHF23Qr,4.103998692610225,4.958902569139094,4.513301516630316
434400,C/+Lzeou2LizQySX67M2667gb5DYL8ydseiRleWccoX3IZo1wEXxWMFuLlHF23Qr,3.7188015019212184,7.340122502121503,5.043922638302018
434700,C/+Lzeou2LizQySX67M2667gb5DYL8ydseiRleWccoX3IZo1wEXxWMFuLlHF23Qr,4.135407417876552,6.483691505941562,4.701458615152744
435000,C/+Lzeou2LizQySX67M2667gb5DYL8ydseiRleWccoX3IZo1wEXxWMFuLlHF23Qr,4.139209157095597,6.867569384802418,5.034035349553768
435300,C/+Lzeou2LizQySX67M2667gb5DYL8ydseiRleWccoX3IZo1wEXxWMFuLlHF23Qr,3.927737395298695,6.6899388431601166,4.742115142383086
435600,C/+Lzeou2LizQySX67M2667gb5DYL8ydseiRleWccoX3IZo1wEXxWMFuLlHF23Qr,3.803430977817017,9.37565772400181,5.73818699333936
435900,C/+Lzeou2LizQySX67M2667gb5DYL8ydseiRleWccoX3IZo1wEXxWMFuLlHF23Qr,3.8946592217684417,6.373823189862796,4.685111356013318
436200,C/+Lzeou2LizQySX67M2667gb5DYL8ydseiRleWccoX3IZo1wEXxWMFuLlHF23Qr,4.179113772394302,6.941727603109188,5.104288790193396
436500,C/+Lzeou2LizQySX67M2667gb5DYL8ydseiRleWccoX3IZo1wEXxWMFuLlHF23Qr,4.215360755448401,10.516349782795238,5.448509971063198
436800,C/+Lzeou2LizQySX67M2667gb5DYL8ydseiRleWccoX3IZo1wEXxWMFuLlHF23Qr,4.2342565526133225,6.462630591850648,5.081868155952017
437100,C/+Lzeou2LizQySX67M2667gb5DYL8ydseiRleWccoX3IZo1wEXxWMFuLlHF23Qr,4.070428668351233,6.460574717803854,4.774095650265468
437400,C/+Lzeou2LizQySX67M2667gb5DYL8ydseiRleWccoX3IZo1wEXxWMFuLlHF23Qr,3.9681795418864345,6.439910451529158,4.9969055883832
437700,C/+Lzeou2LizQySX67M2667gb5DYL8ydseiRleWccoX3IZo1wEXxWMFuLlHF23Qr,4.213431174208291,6.478312679691468,4.755200871776057
438000,C/+Lzeou2LizQySX67M2667gb5DYL8ydseiRleWccoX3IZo1wEXxWMFuLlHF23Qr,3.72151799449227,6.9882299974864965,5.109835655097962
438300,C/+Lzeou2LizQySX67M2667gb5DYL8ydseiRleWccoX3IZo1wEXxWMFuLlHF23Qr,3.8390518319989746,6.016971738975673,4.720247731535415
438600,C/+Lzeou2LizQySX67M2667gb5DYL8ydseiRleWccoX3IZo1wEXxWMFuLlHF23Qr,3.9509995748752265,6.87284218350444,5.004041211052108
438900,C/+Lzeou2LizQySX67M2667gb5DYL8ydseiRleWccoX3IZo1wEXxWMFuLlHF23Qr,3.8069896267536953,7.04290843586042,4.773056121246096
439200,C/+Lzeou2LizQySX67M2667gb5DYL8ydseiRleWccoX3IZo1wEXxWMFuLlHF23Qr,3.9562919489314057,6.523978705097142,5.057703927681692
439500,C/+Lzeou2LizQySX67M2667gb5DYL8ydseiRleWccoX3IZo1wEXxWMFuLlHF23Qr,3.665005002536599,6.5723755354996936,4.690086532410869
439800,C/+Lzeou2LizQySX67M2667gb5DYL8ydseiRleWccoX3IZo1wEXxWMFuLlHF23Qr,4.315159383344751,6.553817818855896,5.227823477998516
440100,C/+Lzeou2LizQySX67M2667gb5DYL8ydseiRleWccoX3IZo1wEXxWMFuLlHF23Qr,4.1045380056435805,6.625596704461176,4.714725293582713
440400,C/+Lzeou2LizQySX67M2667gb5DYL8ydseiRleWccoX3IZo1wEXxWMFuLlHF23Qr,3.990996767047815,6.3878961888347,5.040798240952904
440700,C/+Lzeou2LizQySX67M2667gb5DYL8ydseiRleWccoX3IZo1wEXxWMFuLlHF23Qr,4.166217493127771,6.968019071789434,5.088051627493591
441000,C/+Lzeou2LizQySX67M2667gb5DYL8ydseiRleWccoX3IZo1wEXxWMFuLlHF23Qr,3.9513358692339726,6.257921512026312,5.025842177481025
441300,C/+Lzeou2LizQySX67M2667gb5DYL8ydseiRleWccoX3IZo1wEXxWMFuLlHF23Qr,4.168536128949723,5.973312950879386,4.642818038235326
441600,C/+Lzeou2LizQySX67M2667gb5DYL8ydseiRleWccoX3IZo1wEXxWMFuLlHF23Qr,4.072506911026396,6.9610687396409165,4.968561135311648
441900,C/+Lzeou2LizQySX67M2667gb5DYL8ydseiRleWccoX3IZo1wEXxWMFuLlHF23Qr,3.6556620325364744,6.151051018572136,4.649631852227081
442200,C/+Lzeou2LizQySX67M2667gb5DYL8ydseiRleWccoX3IZo1wEXxWMFuLlHF23Qr,4.122672537206407,6.637870666396299,4.978263013936828
442500,C/+Lzeou2LizQySX67M2667gb5DYL8ydseiRleWccoX3IZo1wEXxWMFuLlHF23Qr,3.666243371941208,6.666374852037663,4.759716298478622
442800,C/+Lzeou2LizQySX67M2667gb5DYL8ydseiRleWccoX3IZo1wEXxWMFuLlHF23Qr,4.005656544796133,7.113529874935328,5.052934025065772
443100,C/+Lzeou2LizQySX67M2667gb5DYL8ydseiRleWccoX3IZo1wEXxWMFuLlHF23Qr,3.784029322262252,6.447950397254259,4.589066246811641
443400,C/+Lzeou2LizQySX67M2667gb5DYL8ydseiRleWccoX3IZo1wEXxWMFuLlHF23Qr,4.270252682022793,7.948377400548136,5.38384347539607
443700,C/+Lzeou2LizQySX67M2667gb5DYL8ydseiRleWccoX3IZo1wEXxWMFuLlHF23Qr,3.828750654854941,5.982679139230921,4.619172161088544
444000,C/+Lzeou2LizQySX67M2667gb5DYL8ydseiRleWccoX3IZo1wEXxWMFuLlHF23Qr,4.121190019444328,6.798237971709826,5.05593124749811
444300,C/+Lzeou2LizQySX67M2667gb5DYL8ydseiRleWccoX3IZo1wEXxWMFuLlHF23Qr,4.221935677798437,6.524260349946307,4.743946887206973
444600,C/+Lzeou2LizQySX67M2667gb5DYL8ydseiRleWccoX3IZo1wEXxWMFuLlHF23Qr,4.4739701179759015,6.528156410266629,5.064912440671493
444900,C/+Lzeou2LizQySX67M2667gb5DYL8ydseiRleWccoX3IZo1wEXxWMFuLlHF23Qr,3.9322173668584814,5.879889159758112,4.738396869390742
445200,C/+Lzeou2LizQySX67M2667gb5DYL8ydseiRleWccoX3IZo1wEXxWMFuLlHF23Qr,4.054771124664754,6.82313521547484,5.082123111353305
445500,C/+Lzeou2LizQySX67M2667gb5DYL8ydseiRleWccoX3IZo1wEXxWMFuLlHF23Qr,4.002943132804992,6.588922350118133,4.7400309940911205
445800,C/+Lzeou2LizQySX67M2667gb5DYL8ydseiRleWccoX3IZo1wEXxWMFuLlHF23Qr,4.1494958329012555,6.807628143153553,5.040765850347705
446100,C/+Lzeou2LizQySX67M2667gb5DYL8ydseiRleWccoX3IZo1wEXxWMFuLlHF23Qr,4.249856342871484,5.926353102455102,4.685893434707559
446400,C/+Lzeou2LizQySX67M2667gb5DYL8ydseiRleWccoX3IZo1wEXxWMFuLlHF23Qr,4.117196372315035,6.783930419639134,5.076078885324224
446700,C/+Lzeou2LizQySX67M2667gb5DYL8ydseiRleWccoX3IZo1wEXxWMFuLlHF23Qr,4.151124759580334,6.920296086452326,4.695568417064427
447000,C/+Lzeou2LizQySX67M2667gb5DYL8ydseiRleWccoX3IZo1wEXxWMFuLlHF23Qr,4.195077568909688,6.951948052862136,5.030608982434149
447300,C/+Lzeou2LizQySX67M2667gb5DYL8ydseiRleWccoX3IZo1wEXxWMFuLlHF23Qr,3.902648958868829,6.948882163842121,4.75001103879907
447600,C/+Lzeou2LizQySX67M2667gb5DYL8ydseiRleWccoX3IZo1wEXxWMFuLlHF23Qr,3.857645645497215,8.299038720139297,4.998323514326896
447900,C/+Lzeou2LizQySX67M2667gb5DYL8ydseiRleWccoX3IZo1wEXxWMFuLlHF23Qr,3.9874987280370657,6.809907148905272,4.780255553441102
448200,C/+Lzeou2LizQySX67M2667gb5DYL8ydseiRleWccoX3IZo1wEXxWMFuLlHF23Qr,3.9005902469490072,7.6079464278640385,4.989146572577129
448500,C/+Lzeou2LizQySX67M2667gb5DYL8ydseiRleWccoX3IZo1wEXxWMFuLlHF23Qr,3.9424031602298646,6.877780191578321,4.727256852224076
448800,C/+Lzeou2LizQySX67M2667gb5DYL8ydseiRleWccoX3IZo1wEXxWMFuLlHF23Qr,3.982864856663515,7.460534785935201,4.993965699550394
449100,C/+Lzeou2LizQySX67M2667gb5DYL8ydseiRleWccoX3IZo1wEXxWMFuLlHF23Qr,4.064095536246335,6.688389656762453,4.841800780528292
449400,C/+Lzeou2LizQySX67M2667gb5DYL8ydseiRleWccoX3IZo1wEXxWMFuLlHF23Qr,3.969746480298384,8.221338417850102,5.086707514923854
449700,C/+Lzeou2LizQySX67M2667gb5DYL8ydseiRleWccoX3IZo1wEXxWMFuLlHF23Qr,4.4141927236691245,6.52376273286132,4.768311689794444
450000,C/+Lzeou2LizQySX67M2667gb5DYL8ydseiRleWccoX3IZo1wEXxWMFuLlHF23Qr,3.9919048293170825,8.127870621899302,5.789047427815567
450300,C/+Lzeou2LizQySX67M2667gb5DYL8ydseiRleWccoX3IZo1wEXxWMFuLlHF23Qr,3.7561017272180792,6.95071913250661,4.726536663370925
450600,C/+Lzeou2LizQySX67M2667gb5DYL8ydseiRleWccoX3IZo1wEXxWMFuLlHF23Qr,4.2803726927265275,7.828951904069579,5.074714500015042
450900,C/+Lzeou2LizQySX67M2667gb5DYL8ydseiRleWccoX3IZo1wEXxWMFuLlHF23Qr,4.000906110175696,6.901848555929345,4.826033208278776
451200,C/+Lzeou2LizQySX67M2667gb5DYL8ydseiRleWccoX3IZo1wEXxWMFuLlHF23Qr,4.016328072560079,7.697902306492423,5.101571565982455
451500,C/+Lzeou2LizQySX67M2667gb5DYL8ydseiRleWccoX3IZo1wEXxWMFuLlHF23Qr,3.9819527470656135,6.502609438176194,4.817164506633755
451800,C/+Lzeou2LizQySX67M2667gb5DYL8ydseiRleWccoX3IZo1wEXxWMFuLlHF23Qr,4.236650948304179,7.945688661719068,5.187733994995134
452100,C/+Lzeou2LizQySX67M2667gb5DYL8ydseiRleWccoX3IZo1wEXxWMFuLlHF23Qr,4.163568066023555,6.42388883185642,4.849116379067961
452400,C/+Lzeou2LizQySX67M2667gb5DYL8ydseiRleWccoX3IZo1wEXxWMFuLlHF23Qr,3.9781693743081425,7.802667048956704,5.127336240316641
452700,C/+Lzeou2LizQySX67M2667gb5DYL8ydseiRleWccoX3IZo1wEXxWMFuLlHF23Qr,4.122218532378449,6.459384976228151,4.754106388637364
453000,C/+Lzeou2LizQySX67M2667gb5DYL8ydseiRleWccoX3IZo1wEXxWMFuLlHF23Qr,3.9965568363967807,6.982299879804452,5.17110641885071
453300,C/+Lzeou2LizQySX67M2667gb5DYL8ydseiRleWccoX3IZo1wEXxWMFuLlHF23Qr,4.267950238534148,6.950394948824014,4.8149297753364815
453600,C/+Lzeou2LizQySX67M2667gb5DYL8ydseiRleWccoX3IZo1wEXxWMFuLlHF23Qr,4.159175884333592,6.629385354091107,5.1303636977197495
453900,C/+Lzeou2LizQySX67M2667gb5DYL8ydseiRleWccoX3IZo1wEXxWMFuLlHF23Qr,4.3332936764576635,6.473199057246003,4.875675622658002
454200,C/+Lzeou2LizQySX67M2667gb5DYL8ydseiRleWccoX3IZo1wEXxWMFuLlHF23Qr,4.344391908885017,6.787087469702326,5.111868087984794
454500,C/+Lzeou2LizQySX67M2667gb5DYL8ydseiRleWccoX3IZo1wEXxWMFuLlHF23Qr,4.298416840048692,6.465811875024087,4.860523479239495
454800,C/+Lzeou2LizQySX67M2667gb5DYL8ydseiRleWccoX3IZo1wEXxWMFuLlHF23Qr,4.0986197770053385,6.762664755507299,5.085151691790469
455100,C/+Lzeou2LizQySX67M2667gb5DYL8ydseiRleWccoX3IZo1wEXxWMFuLlHF23Qr,4.231085301651909,6.420949662675896,4.8351027047187545
455400,C/+Lzeou2LizQySX67M2667gb5DYL8ydseiRleWccoX3IZo1wEXxWMFuLlHF23Qr,4.41075001748504,6.78909271533607,5.13084926215403
455700,C/+Lzeou2LizQySX67M2667gb5DYL8ydseiRleWccoX3IZo1wEXxWMFuLlHF23Qr,3.9356395757599887,6.942823759424915,4.755137045466037
456000,C/+Lzeou2LizQySX67M2667gb5DYL8ydseiRleWccoX3IZo1wEXxWMFuLlHF23Qr,4.294383263183385,6.855640603996672,5.143622349839049
456300,C/+Lzeou2LizQySX67M2667gb5DYL8ydseiRleWccoX3IZo1wEXxWMFuLlHF23Qr,4.313477050072262,6.035571306762953,4.751233301680771
456600,C/+Lzeou2LizQySX67M2667gb5DYL8ydseiRleWccoX3IZo1wEXxWMFuLlHF23Qr,4.250071209805031,6.657891608057939,5.115733939638877
456900,C/+Lzeou2LizQySX67M2667gb5DYL8ydseiRleWccoX3IZo1wEXxWMFuLlHF23Qr,3.8468195014599784,6.2768394266119625,4.644427447724035
457200,C/+Lzeou2LizQySX67M2667gb5DYL8ydseiRleWccoX3IZo1wEXxWMFuLlHF23Qr,4.215686367471761,6.571992163415716,5.0753236262997685
457500,C/+Lzeou2LizQySX67M2667gb5DYL8ydseiRleWccoX3IZo1wEXxWMFuLlHF23Qr,4.387865465827946,6.6354094436911994,4.774042039394474
457800,C/+Lzeou2LizQySX67M2667gb5DYL8ydseiRleWccoX3IZo1wEXxWMFuLlHF23Qr,4.252688879469597,6.988897909548246,5.153217014647785
458100,C/+Lzeou2LizQySX67M2667gb5DYL8ydseiRleWccoX3IZo1wEXxWMFuLlHF23Qr,4.133126269089083,6.15491676731607,4.872015926889305
458400,C/+Lzeou2LizQySX67M2667gb5DYL8ydseiRleWccoX3IZo1wEXxWMFuLlHF23Qr,3.953037915833708,7.801680680514242,5.200880161317004
458700,C/+Lzeou2LizQySX67M2667gb5DYL8ydseiRleWccoX3IZo1wEXxWMFuLlHF23Qr,4.237803108866419,6.4008728796356245,4.8450391539017055
459000,C/+Lzeou2LizQySX67M2667gb5DYL8ydseiRleWccoX3IZo1wEXxWMFuLlHF23Qr,4.2570338296827295,6.348765181509896,5.119690565721001
459300,C/+Lzeou2LizQySX67M2667gb5DYL8ydseiRleWccoX3IZo1wEXxWMFuLlHF23Qr,4.0800144742947,6.892842351382197,4.844810669637325
459600,C/+Lzeou2LizQySX67M2667gb5DYL8ydseiRleWccoX3IZo1wEXxWMFuLlHF23Qr,4.102415494948024,6.419833982321214,4.948614562657886
459900,C/+Lzeou2LizQySX67M2667gb5DYL8ydseiRleWccoX3IZo1wEXxWMFuLlHF23Qr,4.044431573362746,7.795052315515923,5.089737953590853
460200,C/+Lzeou2LizQySX67M2667gb5DYL8ydseiRleWccoX3IZo1wEXxWMFuLlHF23Qr,4.301277522238447,6.686947177051259,5.109674622874158
460500,C/+Lzeou2LizQySX67M2667gb5DYL8ydseiRleWccoX3IZo1wEXxWMFuLlHF23Qr,3.887682967490461,6.81421347741608,4.830809589339763
460800,C/+Lzeou2LizQySX67M2667gb5DYL8ydseiRleWccoX3IZo1wEXxWMFuLlHF23Qr,4.164855090286043,7.101142224675632,5.138749322564685
461100,C/+Lzeou2LizQySX67M2667gb5DYL8ydseiRleWccoX3IZo1wEXxWMFuLlHF23Qr,4.1813258327001375,6.86421195351966,4.845015959136547
461400,C/+Lzeou2LizQySX67M2667gb5DYL8ydseiRleWccoX3IZo1wEXxWMFuLlHF23Qr,3.93730964484098,6.88782452140074,5.01784961265167
461700,C/+Lzeou2LizQySX67M2667gb5DYL8ydseiRleWccoX3IZo1wEXxWMFuLlHF23Qr,4.039669223661003,6.828383327735176,4.8493359635732185
462000,C/+Lzeou2LizQySX67M2667gb5DYL8ydseiRleWccoX3IZo1wEXxWMFuLlHF23Qr,4.198549153010785,6.651754800711895,5.088325335016049
462300,C/+Lzeou2LizQySX67M2667gb5DYL8ydseiRleWccoX3IZo1wEXxWMFuLlHF23Qr,4.183670266862801,7.201479453759657,4.864361545088036
462600,C/+Lzeou2LizQySX67M2667gb5DYL8ydseiRleWccoX3IZo1wEXxWMFuLlHF23Qr,4.250820605275321,7.27162126751122,5.142178484553406
462900,C/+Lzeou2LizQySX67M2667gb5DYL8ydseiRleWccoX3IZo1wEXxWMFuLlHF23Qr,4.3002651870982,6.771653954610422,4.857407301713359
463200,C/+Lzeou2LizQySX67M2667gb5DYL8ydseiRleWccoX3IZo1wEXxWMFuLlHF23Qr,4.180811049776659,7.0995262680603135,5.119411162734557
463500,C/+Lzeou2LizQySX67M2667gb5DYL8ydseiRleWccoX3IZo1wEXxWMFuLlHF23Qr,3.8370652908058753,6.96349583417974,4.704391530704527
463800,C/+Lzeou2LizQySX67M2667gb5DYL8ydseiRleWccoX3IZo1wEXxWMFuLlHF23Qr,4.257238604982041,6.94247390692858,5.123759467955793
464100,C/+Lzeou2LizQySX67M2667gb5DYL8ydseiRleWccoX3IZo1wEXxWMFuLlHF23Qr,4.149248282634363,6.835683291728744,4.805759018868024
464400,C/+Lzeou2LizQySX67M2667gb5DYL8ydseiRleWccoX3IZo1wEXxWMFuLlHF23Qr,4.210566096976552,7.209162962320622,5.221381601787545
464700,C/+Lzeou2LizQySX67M2667gb5DYL8ydseiRleWccoX3IZo1wEXxWMFuLlHF23Qr,3.860818719659028,6.594493138533497,4.773880317178789
465000,C/+Lzeou2LizQySX67M2667gb5DYL8ydseiRleWccoX3IZo1wEXxWMFuLlHF23Qr,4.195103361804777,6.307202691366323,4.982689911724246
465300,C/+Lzeou2LizQySX67M2667gb5DYL8ydseiRleWccoX3IZo1wEXxWMFuLlHF23Qr,3.9682837969316664,7.19926768717982,4.96834548845788
465600,C/+Lzeou2LizQySX67M2667gb5DYL8ydseiRleWccoX3IZo1wEXxWMFuLlHF23Qr,4.111796634249431,6.902967747030712,4.899558301015988
465900,C/+Lzeou2LizQySX67M2667gb5DYL8ydseiRleWccoX3IZo1wEXxWMFuLlHF23Qr,3.800578616330277,7.116635692028808,5.017571192297127
466200,C/+Lzeou2LizQySX67M2667gb5DYL8ydseiRleWccoX3IZo1wEXxWMFuLlHF23Qr,4.061026482272078,7.49488826231881,4.88005967594528
466500,C/+Lzeou2LizQySX67M2667gb5DYL8ydseiRleWccoX3IZo1wEXxWMFuLlHF23Qr,4.384523594029938,6.730917723406373,5.037594736906722
466800,C/+Lzeou2LizQySX67M2667gb5DYL8ydseiRleWccoX3IZo1wEXxWMFuLlHF23Qr,4.115560385738606,6.6216722496120575,4.9171640466193685
467100,C/+Lzeou2LizQySX67M2667gb5DYL8ydseiRleWccoX3IZo1wEXxWMFuLlHF23Qr,4.280542774866066,6.383566875138583,5.039197255552584
467400,C/+Lzeou2LizQySX67M2667gb5DYL8ydseiRleWccoX3IZo1wEXxWMFuLlHF23Qr,4.427422784639915,6.380819294530967,4.958767446801039
467700,C/+Lzeou2LizQySX67M2667gb5DYL8ydseiRleWccoX3IZo1wEXxWMFuLlHF23Qr,4.234118074552613,6.995068990953604,5.004057335763693
468000,C/+Lzeou2LizQySX67M2667gb5DYL8ydseiRleWccoX3IZo1wEXxWMFuLlHF23Qr,4.301779950502199,6.971109351589866,4.888788273102521
468300,C/+Lzeou2LizQySX67M2667gb5DYL8ydseiRleWccoX3IZo1wEXxWMFuLlHF23Qr,4.334002088459929,6.999907427806488,4.942454305538219
468600,C/+Lzeou2LizQySX67M2667gb5DYL8ydseiRleWccoX3IZo1wEXxWMFuLlHF23Qr,4.217865735950177,6.69532118009527,4.8833938002036685
468900,C/+Lzeou2LizQySX67M2667gb5DYL8ydseiRleWccoX3IZo1wEXxWMFuLlHF23Qr,4.271210841760881,7.023705717484193,5.096281733628575
469200,C/+Lzeou2LizQySX67M2667gb5DYL8ydseiRleWccoX3IZo1wEXxWMFuLlHF23Qr,4.435443141375123,7.213577697256466,5.397013534687718
469500,C/+Lzeou2LizQySX67M2667gb5DYL8ydseiRleWccoX3IZo1wEXxWMFuLlHF23Qr,4.81658923927032,6.989079040411318,5.766395008919992
469800,C/+Lzeou2LizQySX67M2667gb5DYL8ydseiRleWccoX3IZo1wEXxWMFuLlHF23Qr,4.418280451129768,6.90396087497286,5.026958063959704
470100,C/+Lzeou2LizQySX67M2667gb5DYL8ydseiRleWccoX3IZo1wEXxWMFuLlHF23Qr,4.260075168355751,6.817651632952814,5.136029580537407
470400,C/+Lzeou2LizQySX67M2667gb5DYL8ydseiRleWccoX3IZo1wEXxWMFuLlHF23Qr,4.091951800788896,6.30172346880035,5.034656441103246
470700,C/+Lzeou2LizQySX67M2667gb5DYL8ydseiRleWccoX3IZo1wEXxWMFuLlHF23Qr,4.22501459058114,7.343758280266996,5.108355675593304
471000,C/+Lzeou2LizQySX67M2667gb5DYL8ydseiRleWccoX3IZo1wEXxWMFuLlHF23Qr,4.251086362139752,6.62351937176497,5.017297232155372
471300,C/+Lzeou2LizQySX67M2667gb5DYL8ydseiRleWccoX3IZo1wEXxWMFuLlHF23Qr,4.452319115265798,6.472200115871255,5.102329356504774
471600,C/+Lzeou2LizQySX67M2667gb5DYL8ydseiRleWccoX3IZo1wEXxWMFuLlHF23Qr,4.239287839903918,6.736109265505559,5.041173189118999
471900,C/+Lzeou2LizQySX67M2667gb5DYL8ydseiRleWccoX3IZo1wEXxWMFuLlHF23Qr,4.2946313249717205,6.956249130885194,5.114039142243487
472200,C/+Lzeou2LizQySX67M2667gb5DYL8ydseiRleWccoX3IZo1wEXxWMFuLlHF23Qr,4.267053598429551,7.548763069191936,5.067902584167303
472500,C/+Lzeou2LizQySX67M2667gb5DYL8ydseiRleWccoX3IZo1wEXxWMFuLlHF23Qr,4.33675309836708,7.078123056527288,5.1123898527875165
472800,C/+Lzeou2LizQySX67M2667gb5DYL8ydseiRleWccoX3IZo1wEXxWMFuLlHF23Qr,4.427724707681641,6.7657352093918455,4.991703016741308
473100,C/+Lzeou2LizQySX67M2667gb5DYL8ydseiRleWccoX3IZo1wEXxWMFuLlHF23Qr,4.13888167663793,6.979519516815835,5.148976764342446
473400,C/+Lzeou2LizQySX67M2667gb5DYL8ydseiRleWccoX3IZo1wEXxWMFuLlHF23Qr,4.174930770588127,6.592060685564323,4.962588216378273
473700,C/+Lzeou2LizQySX67M2667gb5DYL8ydseiRleWccoX3IZo1wEXxWMFuLlHF23Qr,4.187992994607437,7.068138022453374,4.993119774324507
474000,C/+Lzeou2LizQySX67M2667gb5DYL8ydseiRleWccoX3IZo1wEXxWMFuLlHF23Qr,4.30680594098099,6.628393502673332,4.922632837936137
474300,C/+Lzeou2LizQySX67M2667gb5DYL8ydseiRleWccoX3IZo1wEXxWMFuLlHF23Qr,4.364371949811528,6.361594372232632,5.035333989711185
474600,C/+Lzeou2LizQySX67M2667gb5DYL8ydseiRleWccoX3IZo1wEXxWMFuLlHF23Qr,4.458205916099437,6.6699681301098295,4.961141585368654
474900,C/+Lzeou2LizQySX67M2667gb5DYL8ydseiRleWccoX3IZo1wEXxWMFuLlHF23Qr,4.140307691257728,6.929851099114814,5.007887629058952
475200,C/+Lzeou2LizQySX67M2667gb5DYL8ydseiRleWccoX3IZo1wEXxWMFuLlHF23Qr,4.284548108656299,6.9112643152575775,5.066849105278643
475500,C/+Lzeou2LizQySX67M2667gb5DYL8ydseiRleWccoX3IZo1wEXxWMFuLlHF23Qr,4.306352110124731,6.507312417844328,5.100227044605407
475800,C/+Lzeou2LizQySX67M2667gb5DYL8ydseiRleWccoX3IZo1wEXxWMFuLlHF23Qr,4.286278365227985,7.101695347419288,4.9294189869322045
476100,C/+Lzeou2LizQySX67M2667gb5DYL8ydseiRleWccoX3IZo1wEXxWMFuLlHF23Qr,4.0174560618046975,6.836453261871244,5.066382116579924
476400,C/+Lzeou2LizQySX67M2667gb5DYL8ydseiRleWccoX3IZo1wEXxWMFuLlHF23Qr,4.269642782152251,6.810379008380273,5.061129798774206
476700,C/+Lzeou2LizQySX67M2667gb5DYL8ydseiRleWccoX3IZo1wEXxWMFuLlHF23Qr,4.2292282342697245,7.154232599164072,5.195818418740189
477000,C/+Lzeou2LizQySX67M2667gb5DYL8ydseiRleWccoX3IZo1wEXxWMFuLlHF23Qr,4.240834260560288,6.467931145288065,5.004805919987134
477300,C/+Lzeou2LizQySX67M2667gb5DYL8ydseiRleWccoX3IZo1wEXxWMFuLlHF23Qr,4.425917944995697,6.673031528732631,5.06571589168342
477600,C/+Lzeou2LizQySX67M2667gb5DYL8ydseiRleWccoX3IZo1wEXxWMFuLlHF23Qr,4.282269450999997,6.815969231194512,4.867631369548217
477900,C/+Lzeou2LizQySX67M2667gb5DYL8ydseiRleWccoX3IZo1wEXxWMFuLlHF23Qr,4.233143812215072,6.585508562235573,4.989737318423366
478200,C/+Lzeou2LizQySX67M2667gb5DYL8ydseiRleWccoX3IZo1wEXxWMFuLlHF23Qr,4.308628621991914,6.919479606205432,4.959049176038022
478500,C/+Lzeou2LizQySX67M2667gb5DYL8ydseiRleWccoX3IZo1wEXxWMFuLlHF23Qr,4.355238019887238,6.6850051467836495,5.095259243187838
478800,C/+Lzeou2LizQySX67M2667gb5DYL8ydseiRleWccoX3IZo1wEXxWMFuLlHF23Qr,4.177882029215384,6.841354147720217,5.068059823805628
479100,C/+Lzeou2LizQySX67M2667gb5DYL8ydseiRleWccoX3IZo1wEXxWMFuLlHF23Qr,4.448206000998701,6.732821536183434,5.1089745068268
479400,C/+Lzeou2LizQySX67M2667gb5DYL8ydseiRleWccoX3IZo1wEXxWMFuLlHF23Qr,4.2247218563512,7.175445196434857,5.0453636373122
479700,C/+Lzeou2LizQySX67M2667gb5DYL8ydseiRleWccoX3IZo1wEXxWMFuLlHF23Qr,4.620284175061597,10.971836750820197,5.723549746404308
480000,C/+Lzeou2LizQySX67M2667gb5DYL8ydseiRleWccoX3IZo1wEXxWMFuLlHF23Qr,4.3571620154266375,6.834568625089635,5.062038258523792
480300,C/+Lzeou2LizQySX67M2667gb5DYL8ydseiRleWccoX3IZo1wEXxWMFuLlHF23Qr,4.360449184871597,7.184064878864856,5.2538020323358845
480600,C/+Lzeou2LizQySX67M2667gb5DYL8ydseiRleWccoX3IZo1wEXxWMFuLlHF23Qr,4.351572787239612,6.833553898383332,4.9289843202634085
480900,C/+Lzeou2LizQySX67M2667gb5DYL8ydseiRleWccoX3IZo1wEXxWMFuLlHF23Qr,4.268222366765647,6.903553873365223,5.052983575617342
481200,C/+Lzeou2LizQySX67M2667gb5DYL8ydseiRleWccoX3IZo1wEXxWMFuLlHF23Qr,4.381082793806179,6.962405270041068,4.980272290506719
481500,C/+Lzeou2LizQySX67M2667gb5DYL8ydseiRleWccoX3IZo1wEXxWMFuLlHF23Qr,4.689906299020951,6.894259292117392,5.294830683111798
481800,C/+Lzeou2LizQySX67M2667gb5DYL8ydseiRleWccoX3IZo1wEXxWMFuLlHF23Qr,4.318337757458962,6.723422146952071,5.001087276902836
482100,C/+Lzeou2LizQySX67M2667gb5DYL8ydseiRleWccoX3IZo1wEXxWMFuLlHF23Qr,4.4689534806968805,7.129650145041755,5.162250420317596
482400,C/+Lzeou2LizQySX67M2667gb5DYL8ydseiRleWccoX3IZo1wEXxWMFuLlHF23Qr,4.341726807035534,7.0284563586189135,5.039916716186938
482700,C/+Lzeou2LizQySX67M2667gb5DYL8ydseiRleWccoX3IZo1wEXxWMFuLlHF23Qr,4.264850154783088,6.725787202784604,5.1422491697979
483000,C/+Lzeou2LizQySX67M2667gb5DYL8ydseiRleWccoX3IZo1wEXxWMFuLlHF23Qr,4.316288131879339,6.856101782797351,5.014830021632988
483300,C/+Lzeou2LizQySX67M2667gb5DYL8ydseiRleWccoX3IZo1wEXxWMFuLlHF23Qr,4.286783402125834,7.245398387099549,5.201125004665172
483600,C/+Lzeou2LizQySX67M2667gb5DYL8ydseiRleWccoX3IZo1wEXxWMFuLlHF23Qr,4.178935837207424,6.693076868247237,5.174084357292636
483900,C/+Lzeou2LizQySX67M2667gb5DYL8ydseiRleWccoX3IZo1wEXxWMFuLlHF23Qr,4.49463129281508,6.921757884028935,5.380200892520955
484200,C/+Lzeou2LizQySX67M2667gb5DYL8ydseiRleWccoX3IZo1wEXxWMFuLlHF23Qr,4.268340371999118,6.636537685193232,5.00027166182942
484500,C/+Lzeou2LizQySX67M2667gb5DYL8ydseiRleWccoX3IZo1wEXxWMFuLlHF23Qr,4.414615412267844,6.850073489359505,5.1480892314695135
484800,C/+Lzeou2LizQySX67M2667gb5DYL8ydseiRleWccoX3IZo1wEXxWMFuLlHF23Qr,4.411175816607697,6.319571045100784,4.888714999853994
485100,C/+Lzeou2LizQySX67M2667gb5DYL8ydseiRleWccoX3IZo1wEXxWMFuLlHF23Qr,4.319447858107727,6.543789987535523,4.9929571361594265
485400,C/+Lzeou2LizQySX67M2667gb5DYL8ydseiRleWccoX3IZo1wEXxWMFuLlHF23Qr,4.211496671320129,6.977226582707798,4.878070586309798
485700,C/+Lzeou2LizQySX67M2667gb5DYL8ydseiRleWccoX3IZo1wEXxWMFuLlHF23Qr,4.33010478539445,6.96252037882008,5.003023120104238
486000,C/+Lzeou2LizQySX67M2667gb5DYL8ydseiRleWccoX3IZo1wEXxWMFuLlHF23Qr,4.274656808444984,6.746251382653448,4.89996344911927
486300,C/+Lzeou2LizQySX67M2667gb5DYL8ydseiRleWccoX3IZo1wEXxWMFuLlHF23Qr,4.136293057536162,6.9248317731727935,5.055968617906835
486600,C/+Lzeou2LizQySX67M2667gb5DYL8ydseiRleWccoX3IZo1wEXxWMFuLlHF23Qr,4.22948864428288,6.360154919706855,4.880386290012956
486900,C/+Lzeou2LizQySX67M2667gb5DYL8ydseiRleWccoX3IZo1wEXxWMFuLlHF23Qr,4.08121015558582,7.305944618761717,5.051628628246329
487200,C/+Lzeou2LizQySX67M2667gb5DYL8ydseiRleWccoX3IZo1wEXxWMFuLlHF23Qr,4.15097503792579,6.874930805360638,4.892820857804825
487500,C/+Lzeou2LizQySX67M2667gb5DYL8ydseiRleWccoX3IZo1wEXxWMFuLlHF23Qr,4.1063533841193935,6.945089844005969,5.098398745601977
487800,C/+Lzeou2LizQySX67M2667gb5DYL8ydseiRleWccoX3IZo1wEXxWMFuLlHF23Qr,4.409749976454873,6.1052872474132895,4.942119515769911
488100,C/+Lzeou2LizQySX67M2667gb5DYL8ydseiRleWccoX3IZo1wEXxWMFuLlHF23Qr,4.010407388689942,7.217669632705075,5.045935616943769
488400,C/+Lzeou2LizQySX67M2667gb5DYL8ydseiRleWccoX3IZo1wEXxWMFuLlHF23Qr,4.219527731245508,6.503844586745067,4.9033482760014575
488700,C/+Lzeou2LizQySX67M2667gb5DYL8ydseiRleWccoX3IZo1wEXxWMFuLlHF23Qr,3.956840737124838,6.650621537699854,5.046423479407651
489000,C/+Lzeou2LizQySX67M2667gb5DYL8ydseiRleWccoX3IZo1wEXxWMFuLlHF23Qr,4.1894452968351965,10.733328067270126,6.151509580895707
489300,C/+Lzeou2LizQySX67M2667gb5DYL8ydseiRleWccoX3IZo1wEXxWMFuLlHF23Qr,4.439047455754098,6.45417082170421,5.029580851066632
489600,C/+Lzeou2LizQySX67M2667gb5DYL8ydseiRleWccoX3IZo1wEXxWMFuLlHF23Qr,4.122811621112915,6.820947764029222,4.952758657826803
489900,C/+Lzeou2LizQySX67M2667gb5DYL8ydseiRleWccoX3IZo1wEXxWMFuLlHF23Qr,4.178968903696208,6.8079918763866045,5.029157592105752
490200,C/+Lzeou2LizQySX67M2667gb5DYL8ydseiRleWccoX3IZo1wEXxWMFuLlHF23Qr,4.116006236548522,6.9300153165404845,4.931625522151422
490500,C/+Lzeou2LizQySX67M2667gb5DYL8ydseiRleWccoX3IZo1wEXxWMFuLlHF23Qr,4.296135738051524,8.262021367349881,5.271651957454664
490800,C/+Lzeou2LizQySX67M2667gb5DYL8ydseiRleWccoX3IZo1wEXxWMFuLlHF23Qr,4.14223935020338,7.65799030256929,5.384038056466148
491100,C/+Lzeou2LizQySX67M2667gb5DYL8ydseiRleWccoX3IZo1wEXxWMFuLlHF23Qr,4.311080241942585,6.638932463777277,5.000639953662277
491400,C/+Lzeou2LizQySX67M2667gb5DYL8ydseiRleWccoX3IZo1wEXxWMFuLlHF23Qr,4.134823684707282,6.816253908584928,4.930729251952295
491700,C/+Lzeou2LizQySX67M2667gb5DYL8ydseiRleWccoX3IZo1wEXxWMFuLlHF23Qr,4.179040400676967,6.744582697302867,4.971798610127609
492000,C/+Lzeou2LizQySX67M2667gb5DYL8ydseiRleWccoX3IZo1wEXxWMFuLlHF23Qr,3.851890508568921,6.623245697484845,4.890942817327772
492300,C/+Lzeou2LizQySX67M2667gb5DYL8ydseiRleWccoX3IZo1wEXxWMFuLlHF23Qr,4.245181452011996,6.885570564515437,5.028035024776929
492600,C/+Lzeou2LizQySX67M2667gb5DYL8ydseiRleWccoX3IZo1wEXxWMFuLlHF23Qr,4.042654985090861,7.796761312909719,4.857314952361548
492900,C/+Lzeou2LizQySX67M2667gb5DYL8ydseiRleWccoX3IZo1wEXxWMFuLlHF23Qr,4.065180266175972,6.561853130494985,4.795974568459316
493200,C/+Lzeou2LizQySX67M2667gb5DYL8ydseiRleWccoX3IZo1wEXxWMFuLlHF23Qr,3.8926123547128113,7.6739499119300705,4.948526298481739
493500,C/+Lzeou2LizQySX67M2667gb5DYL8ydseiRleWccoX3IZo1wEXxWMFuLlHF23Qr,4.133807328222462,6.923240349418773,4.951954554007296
493800,C/+Lzeou2LizQySX67M2667gb5DYL8ydseiRleWccoX3IZo1wEXxWMFuLlHF23Qr,4.265066098352992,7.709153628170863,4.924433542000882
494100,C/+Lzeou2LizQySX67M2667gb5DYL8ydseiRleWccoX3IZo1wEXxWMFuLlHF23Qr,4.201000488516321,6.745011837286993,4.955729177416939
494400,C/+Lzeou2LizQySX67M2667gb5DYL8ydseiRleWccoX3IZo1wEXxWMFuLlHF23Qr,4.360498720549884,7.59679930229927,5.032807794154379
494700,C/+Lzeou2LizQySX67M2667gb5DYL8ydseiRleWccoX3IZo1wEXxWMFuLlHF23Qr,4.525435876109857,6.560345017102334,5.141733603100105
495000,C/+Lzeou2LizQySX67M2667gb5DYL8ydseiRleWccoX3IZo1wEXxWMFuLlHF23Qr,4.226723306074667,7.45461640671679,4.909107712006852
495300,C/+Lzeou2LizQySX67M2667gb5DYL8ydseiRleWccoX3IZo1wEXxWMFuLlHF23Qr,4.332761774944888,6.6529648615649375,4.950082882903534
495600,C/+Lzeou2LizQySX67M2667gb5DYL8ydseiRleWccoX3IZo1wEXxWMFuLlHF23Qr,4.202715577738582,7.9700422498359025,5.004331110258192
495900,C/+Lzeou2LizQySX67M2667gb5DYL8ydseiRleWccoX3IZo1wEXxWMFuLlHF23Qr,4.4879688845913055,6.616483070462532,5.035358142229321
496200,C/+Lzeou2LizQySX67M2667gb5DYL8ydseiRleWccoX3IZo1wEXxWMFuLlHF23Qr,4.036406454049045,7.980865331115357,4.923532584736131
496500,C/+Lzeou2LizQySX67M2667gb5DYL8ydseiRleWccoX3IZo1wEXxWMFuLlHF23Qr,4.353723194746884,6.6051597433851175,4.994085670742524
496800,C/+Lzeou2LizQySX67M2667gb5DYL8ydseiRleWccoX3IZo1wEXxWMFuLlHF23Qr,4.33036926332676,7.55870202377219,4.910764206417952
497100,C/+Lzeou2LizQySX67M2667gb5DYL8ydseiRleWccoX3IZo1wEXxWMFuLlHF23Qr,4.021679067220118,6.66553008563403,4.943859026819452
497400,C/+Lzeou2LizQySX67M2667gb5DYL8ydseiRleWccoX3IZo1wEXxWMFuLlHF23Qr,4.136123025563432,7.812581293046007,4.882383450889428
497700,C/+Lzeou2LizQySX67M2667gb5DYL8ydseiRleWccoX3IZo1wEXxWMFuLlHF23Qr,4.29215377100998,7.170920590459456,5.135534946805156
498000,C/+Lzeou2LizQySX67M2667gb5DYL8ydseiRleWccoX3IZo1wEXxWMFuLlHF23Qr,4.1209584549535,7.905567217794977,4.8612160267661615
498300,C/+Lzeou2LizQySX67M2667gb5DYL8ydseiRleWccoX3IZo1wEXxWMFuLlHF23Qr,4.308415383442492,6.635952688410219,5.100091293518836
498600,C/+Lzeou2LizQySX67M2667gb5DYL8ydseiRleWccoX3IZo1wEXxWMFuLlHF23Qr,4.233142911290131,7.61062905172585,4.854750628231894
498900,C/+Lzeou2LizQySX67M2667gb5DYL8ydseiRleWccoX3IZo1wEXxWMFuLlHF23Qr,4.1500401817357995,6.432502222666625,4.8629006750010335
499200,C/+Lzeou2LizQySX67M2667gb5DYL8ydseiRleWccoX3IZo1wEXxWMFuLlHF23Qr,3.945854340493761,6.670707510885195,4.826885950372358
499500,C/+Lzeou2LizQySX67M2667gb5DYL8ydseiRleWccoX3IZo1wEXxWMFuLlHF23Qr,3.9411093418334935,6.6579516992006775,4.984764829433328
499800,C/+Lzeou2LizQySX67M2667gb5DYL8ydseiRleWccoX3IZo1wEXxWMFuLlHF23Qr,3.989605925621332,6.181914992801951,4.815669452377328
500100,C/+Lzeou2LizQySX67M2667gb5DYL8ydseiRleWccoX3IZo1wEXxWMFuLlHF23Qr,4.27466397260737,8.450044110896481,5.261460015292541
500400,C/+Lzeou2LizQySX67M2667gb5DYL8ydseiRleWccoX3IZo1wEXxWMFuLlHF23Qr,4.124226658653638,6.429842221715491,4.930753255039461
500700,C/+Lzeou2LizQySX67M2667gb5DYL8ydseiRleWccoX3IZo1wEXxWMFuLlHF23Qr,4.141547901615501,6.6631812214650505,4.877674741535441
501000,C/+Lzeou2LizQySX67M2667gb5DYL8ydseiRleWccoX3IZo1wEXxWMFuLlHF23Qr,4.0834009008210845,5.800312281677152,4.673496386261904
501300,C/+Lzeou2LizQySX67M2667gb5DYL8ydseiRleWccoX3IZo1wEXxWMFuLlHF23Qr,3.976234011188732,6.758860748967352,5.067618735283686
501600,C/+Lzeou2LizQySX67M2667gb5DYL8ydseiRleWccoX3IZo1wEXxWMFuLlHF23Qr,4.13918366866854,7.026438403965491,5.025231693348453
501900,C/+Lzeou2LizQySX67M2667gb5DYL8ydseiRleWccoX3IZo1wEXxWMFuLlHF23Qr,4.651101223759992,7.36275115529018,5.299606918257541
502200,C/+Lzeou2LizQySX67M2667gb5DYL8ydseiRleWccoX3IZo1wEXxWMFuLlHF23Qr,4.274923309121583,7.009894639572634,5.00477748865105
502500,C/+Lzeou2LizQySX67M2667gb5DYL8ydseiRleWccoX3IZo1wEXxWMFuLlHF23Qr,4.160005459851412,10.52194553726304,6.074887745990425
502800,C/+Lzeou2LizQySX67M2667gb5DYL8ydseiRleWccoX3IZo1wEXxWMFuLlHF23Qr,4.058831840969102,6.336825935199292,4.865584964276152
503100,C/+Lzeou2LizQySX67M2667gb5DYL8ydseiRleWccoX3IZo1wEXxWMFuLlHF23Qr,3.856223901930514,7.077012392366218,5.033104273371518
503400,C/+Lzeou2LizQySX67M2667gb5DYL8ydseiRleWccoX3IZo1wEXxWMFuLlHF23Qr,4.062770735315142,6.463697981741742,4.866318898442273
503700,C/+Lzeou2LizQySX67M2667gb5DYL8ydseiRleWccoX3IZo1wEXxWMFuLlHF23Qr,4.178437430542776,7.057680108395633,5.029061707555488
504000,C/+Lzeou2LizQySX67M2667gb5DYL8ydseiRleWccoX3IZo1wEXxWMFuLlHF23Qr,4.358468350855398,6.800593805142729,5.851340071371638
504300,C/+Lzeou2LizQySX67M2667gb5DYL8ydseiRleWccoX3IZo1wEXxWMFuLlHF23Qr,4.209446808166893,12.628861072055283,6.572488271985061
504600,C/+Lzeou2LizQySX67M2667gb5DYL8ydseiRleWccoX3IZo1wEXxWMFuLlHF23Qr,4.075014956162438,6.991856756081372,5.0077424907291
504900,C/+Lzeou2LizQySX67M2667gb5DYL8ydseiRleWccoX3IZo1wEXxWMFuLlHF23Qr,4.245778303120578,7.430260590655339,5.128659286946941
505200,C/+Lzeou2LizQySX67M2667gb5DYL8ydseiRleWccoX3IZo1wEXxWMFuLlHF23Qr,4.3264059818938,6.999986202718221,4.897779641314644
505500,C/+Lzeou2LizQySX67M2667gb5DYL8ydseiRleWccoX3IZo1wEXxWMFuLlHF23Qr,4.093507920413524,7.630882985701722,5.3788233636392055
505800,C/+Lzeou2LizQySX67M2667gb5DYL8ydseiRleWccoX3IZo1wEXxWMFuLlHF23Qr,4.311725542764344,6.183509858648903,4.897357684256488
506100,C/+Lzeou2LizQySX67M2667gb5DYL8ydseiRleWccoX3IZo1wEXxWMFuLlHF23Qr,4.1941957957319165,6.9228096047417305,5.173960919990313
506400,C/+Lzeou2LizQySX67M2667gb5DYL8ydseiRleWccoX3IZo1wEXxWMFuLlHF23Qr,4.416732490734113,6.562459677638662,4.833738942581671
506700,C/+Lzeou2LizQySX67M2667gb5DYL8ydseiRleWccoX3IZo1wEXxWMFuLlHF23Qr,4.197948804006682,6.490947126890813,5.166800600817561
507000,C/+Lzeou2LizQySX67M2667gb5DYL8ydseiRleWccoX3IZo1wEXxWMFuLlHF23Qr,4.460779802772198,6.75746146350592,4.908559481286149
507300,C/+Lzeou2LizQySX67M2667gb5DYL8ydseiRleWccoX3IZo1wEXxWMFuLlHF23Qr,4.257707048133001,7.024427129979029,5.0967567359928845
507600,C/+Lzeou2LizQySX67M2667gb5DYL8ydseiRleWccoX3IZo1wEXxWMFuLlHF23Qr,4.281825897923383,6.526776691575523,4.994983100943932
507900,C/+Lzeou2LizQySX67M2667gb5DYL8ydseiRleWccoX3IZo1wEXxWMFuLlHF23Qr,4.431681512673769,6.707584201912079,5.160054271449576
508200,C/+Lzeou2LizQySX67M2667gb5DYL8ydseiRleWccoX3IZo1wEXxWMFuLlHF23Qr,4.24613148048708,6.06364705489621,4.684417179538046
508500,C/+Lzeou2LizQySX67M2667gb5DYL8ydseiRleWccoX3IZo1wEXxWMFuLlHF23Qr,4.1566096936137615,6.795151287721674,5.159760953339913
508800,C/+Lzeou2LizQySX67M2667gb5DYL8ydseiRleWccoX3IZo1wEXxWMFuLlHF23Qr,4.335862698942108,5.159470299843808,4.722285434038498
509100,C/+Lzeou2LizQySX67M2667gb5DYL8ydseiRleWccoX3IZo1wEXxWMFuLlHF23Qr,4.440487730993234,7.036123761303242,5.2691462794940405
509400,C/+Lzeou2LizQySX67M2667gb5DYL8ydseiRleWccoX3IZo1wEXxWMFuLlHF23Qr,4.111380366182145,6.565508914285116,4.911037210837121
509700,C/+Lzeou2LizQySX67M2667gb5DYL8ydseiRleWccoX3IZo1wEXxWMFuLlHF23Qr,4.1181586747991,6.879764128048234,5.108511296442905
510000,C/+Lzeou2LizQySX67M2667gb5DYL8ydseiRleWccoX3IZo1wEXxWMFuLlHF23Qr,4.310794815452052,6.658975305085095,4.913754136439164
510300,C/+Lzeou2LizQySX67M2667gb5DYL8ydseiRleWccoX3IZo1wEXxWMFuLlHF23Qr,4.1466720150164464,6.900847027701041,5.16970355059919
510600,C/+Lzeou2LizQySX67M2667gb5DYL8ydseiRleWccoX3IZo1wEXxWMFuLlHF23Qr,4.078170482790704,6.584067854894402,4.801600562385085
510900,C/+Lzeou2LizQySX67M2667gb5DYL8ydseiRleWccoX3IZo1wEXxWMFuLlHF23Qr,4.2597783803706575,6.87805243443738,5.164791223938532
511200,C/+Lzeou2LizQySX67M2667gb5DYL8ydseiRleWccoX3IZo1wEXxWMFuLlHF23Qr,3.894280293850764,6.39839530280048,4.9155446709709
511500,C/+Lzeou2LizQySX67M2667gb5DYL8ydseiRleWccoX3IZo1wEXxWMFuLlHF23Qr,4.316231095647955,7.002957679471987,5.145905577577003
511800,C/+Lzeou2LizQySX67M2667gb5DYL8ydseiRleWccoX3IZo1wEXxWMFuLlHF23Qr,4.228138537586934,6.538098798547653,4.9281306094071
512100,C/+Lzeou2LizQySX67M2667gb5DYL8ydseiRleWccoX3IZo1wEXxWMFuLlHF23Qr,4.129731221212899,6.52555506403716,5.135311182594233
512400,C/+Lzeou2LizQySX67M2667gb5DYL8ydseiRleWccoX3IZo1wEXxWMFuLlHF23Qr,4.015182482093107,5.318709433061831,4.649785436329914
512700,C/+Lzeou2LizQySX67M2667gb5DYL8ydseiRleWccoX3IZo1wEXxWMFuLlHF23Qr,4.131366657385483,6.812330455345217,5.1783997996734685
513000,C/+Lzeou2LizQySX67M2667gb5DYL8ydseiRleWccoX3IZo1wEXxWMFuLlHF23Qr,4.1052665463675195,6.979064549125067,4.9536191734248645
513300,C/+Lzeou2LizQySX67M2667gb5DYL8ydseiRleWccoX3IZo1wEXxWMFuLlHF23Qr,4.506937432565585,6.521434965915345,5.220304741688723
513600,C/+Lzeou2LizQySX67M2667gb5DYL8ydseiRleWccoX3IZo1wEXxWMFuLlHF23Qr,3.8249270415512178,6.932100683558752,4.752875383694467
513900,C/+Lzeou2LizQySX67M2667gb5DYL8ydseiRleWccoX3IZo1wEXxWMFuLlHF23Qr,4.1487586832762124,6.315711596956481,5.121371669021487
514200,C/+Lzeou2LizQySX67M2667gb5DYL8ydseiRleWccoX3IZo1wEXxWMFuLlHF23Qr,4.327879035354088,7.138272818920339,4.852791044449718
514500,C/+Lzeou2LizQySX67M2667gb5DYL8ydseiRleWccoX3IZo1wEXxWMFuLlHF23Qr,3.8467529848741897,6.995463118354339,5.118933134815776
514800,C/+Lzeou2LizQySX67M2667gb5DYL8ydseiRleWccoX3IZo1wEXxWMFuLlHF23Qr,4.068641754613704,6.574639598343194,4.9134807247188
515100,C/+Lzeou2LizQySX67M2667gb5DYL8ydseiRleWccoX3IZo1wEXxWMFuLlHF23Qr,3.9894619416493846,7.329777321045638,5.172069592122249
515400,C/+Lzeou2LizQySX67M2667gb5DYL8ydseiRleWccoX3IZo1wEXxWMFuLlHF23Qr,4.281538559123013,6.511010416903334,4.855830695946497
515700,C/+Lzeou2LizQySX67M2667gb5DYL8ydseiRleWccoX3IZo1wEXxWMFuLlHF23Qr,3.94111608207574,6.5979995031307626,5.134037299319018
516000,C/+Lzeou2LizQySX67M2667gb5DYL8ydseiRleWccoX3IZo1wEXxWMFuLlHF23Qr,4.025865443836465,6.456460460865376,4.767846786871675
516300,C/+Lzeou2LizQySX67M2667gb5DYL8ydseiRleWccoX3IZo1wEXxWMFuLlHF23Qr,3.998051778918492,6.891903997564105,5.249099786772722
516600,C/+Lzeou2LizQySX67M2667gb5DYL8ydseiRleWccoX3IZo1wEXxWMFuLlHF23Qr,4.049837269949224,5.242144462968054,4.595798532235359
516900,C/+Lzeou2LizQySX67M2667gb5DYL8ydseiRleWccoX3IZo1wEXxWMFuLlHF23Qr,4.231482900727484,6.929545406103565,5.158523942526855
517200,C/+Lzeou2LizQySX67M2667gb5DYL8ydseiRleWccoX3IZo1wEXxWMFuLlHF23Qr,4.144182831381886,6.6543751556966715,4.806849503156434
517500,C/+Lzeou2LizQySX67M2667gb5DYL8ydseiRleWccoX3IZo1wEXxWMFuLlHF23Qr,3.9349290714147456,6.728661732730813,5.161038761782619
517800,C/+Lzeou2LizQySX67M2667gb5DYL8ydseiRleWccoX3IZo1wEXxWMFuLlHF23Qr,4.020189115730463,7.1753368888942,4.9002735706494684
518100,C/+Lzeou2LizQySX67M2667gb5DYL8ydseiRleWccoX3IZo1wEXxWMFuLlHF23Qr,4.287425744589766,6.812915423809208,5.177791989980564
518400,C/+Lzeou2LizQySX67M2667gb5DYL8ydseiRleWccoX3IZo1wEXxWMFuLlHF23Qr,4.3062736034372495,6.438415911370926,4.894208534463961
518700,C/+Lzeou2LizQySX67M2667gb5DYL8ydseiRleWccoX3IZo1wEXxWMFuLlHF23Qr,4.199566765994333,7.106037460911592,5.170417745936524
519000,C/+Lzeou2LizQySX67M2667gb5DYL8ydseiRleWccoX3IZo1wEXxWMFuLlHF23Qr,3.884897280571904,6.432764046618008,4.867762443908646
519300,C/+Lzeou2LizQySX67M2667gb5DYL8ydseiRleWccoX3IZo1wEXxWMFuLlHF23Qr,4.297480594465375,6.803203980192104,5.225391272154241
519600,C/+Lzeou2LizQySX67M2667gb5DYL8ydseiRleWccoX3IZo1wEXxWMFuLlHF23Qr,3.994093025325805,6.5197906742424445,4.924042899657086
519900,C/+Lzeou2LizQySX67M2667gb5DYL8ydseiRleWccoX3IZo1wEXxWMFuLlHF23Qr,4.284650606663635,6.703866059615931,5.21987773176338
520200,C/+Lzeou2LizQySX67M2667gb5DYL8ydseiRleWccoX3IZo1wEXxWMFuLlHF23Qr,4.123262094023466,6.3350988297745054,4.864692657931227
520500,C/+Lzeou2LizQySX67M2667gb5DYL8ydseiRleWccoX3IZo1wEXxWMFuLlHF23Qr,3.9567534059338905,6.762132130562384,5.112490262457597
520800,C/+Lzeou2LizQySX67M2667gb5DYL8ydseiRleWccoX3IZo1wEXxWMFuLlHF23Qr,4.179369885615933,7.082903492542691,5.012443516936823
521100,C/+Lzeou2LizQySX67M2667gb5DYL8ydseiRleWccoX3IZo1wEXxWMFuLlHF23Qr,4.244951653249787,6.5455380375822765,5.211412462973628
521400,C/+Lzeou2LizQySX67M2667gb5DYL8ydseiRleWccoX3IZo1wEXxWMFuLlHF23Qr,4.217491812978175,6.202959447439284,4.789355678662062
521700,C/+Lzeou2LizQySX67M2667gb5DYL8ydseiRleWccoX3IZo1wEXxWMFuLlHF23Qr,4.312001033628897,6.372187920460852,5.046145248088116
522000,C/+Lzeou2LizQySX67M2667gb5DYL8ydseiRleWccoX3IZo1wEXxWMFuLlHF23Qr,4.393513511100457,7.804030379295513,5.4341330404789865
522300,C/+Lzeou2LizQySX67M2667gb5DYL8ydseiRleWccoX3IZo1wEXxWMFuLlHF23Qr,4.232180318270161,6.231347116187019,4.98350430818078
522600,C/+Lzeou2LizQySX67M2667gb5DYL8ydseiRleWccoX3IZo1wEXxWMFuLlHF23Qr,4.118747146108902,6.300736645950172,4.820998092908672
522900,C/+Lzeou2LizQySX67M2667gb5DYL8ydseiRleWccoX3IZo1wEXxWMFuLlHF23Qr,4.32636743601791,10.650538362454194,5.7192203235660575
523200,C/+Lzeou2LizQySX67M2667gb5DYL8ydseiRleWccoX3IZo1wEXxWMFuLlHF23Qr,4.255302649184281,6.1713609270947005,4.906636967288179
523500,C/+Lzeou2LizQySX67M2667gb5DYL8ydseiRleWccoX3IZo1wEXxWMFuLlHF23Qr,4.22319149951432,7.2168455581823,5.26045934697485
523800,C/+Lzeou2LizQySX67M2667gb5DYL8ydseiRleWccoX3IZo1wEXxWMFuLlHF23Qr,4.0686529119940875,6.35939147828603,4.813311365595916
524100,C/+Lzeou2LizQySX67M2667gb5DYL8ydseiRleWccoX3IZo1wEXxWMFuLlHF23Qr,4.17207118345834,6.2155180898362365,5.088902550648952
524400,C/+Lzeou2LizQySX67M2667gb5DYL8ydseiRleWccoX3IZo1wEXxWMFuLlHF23Qr,4.126186438600572,5.488583707903651,4.785299591441484
524700,C/+Lzeou2LizQySX67M2667gb5DYL8ydseiRleWccoX3IZo1wEXxWMFuLlHF23Qr,4.353070599764574,6.546363503697325,5.170984130793952
525000,C/+Lzeou2LizQySX67M2667gb5DYL8ydseiRleWccoX3IZo1wEXxWMFuLlHF23Qr,3.91895087957564,5.820763405003157,4.757819482852228
525300,C/+Lzeou2LizQySX67M2667gb5DYL8ydseiRleWccoX3IZo1wEXxWMFuLlHF23Qr,4.122077018922175,6.808958925984676,5.024434550638484
525600,C/+Lzeou2LizQySX67M2667gb5DYL8ydseiRleWccoX3IZo1wEXxWMFuLlHF23Qr,3.8174792277627456,7.3763883241563715,4.752824211864757
525900,C/+Lzeou2LizQySX67M2667gb5DYL8ydseiRleWccoX3IZo1wEXxWMFuLlHF23Qr,3.828791994693413,6.522268500073545,5.084157744287864
526200,C/+Lzeou2LizQySX67M2667gb5DYL8ydseiRleWccoX3IZo1wEXxWMFuLlHF23Qr,4.298167394179729,6.51458298159857,4.84994023161656
526500,C/+Lzeou2LizQySX67M2667gb5DYL8ydseiRleWccoX3IZo1wEXxWMFuLlHF23Qr,3.7458628612096474,7.085709318281956,4.871358060235761
526800,C/+Lzeou2LizQySX67M2667gb5DYL8ydseiRleWccoX3IZo1wEXxWMFuLlHF23Qr,4.265880691687824,6.842060040342367,5.01003976729675
527100,C/+Lzeou2LizQySX67M2667gb5DYL8ydseiRleWccoX3IZo1wEXxWMFuLlHF23Qr,4.085739582048817,7.217558292460077,5.128621098624654
527400,C/+Lzeou2LizQySX67M2667gb5DYL8ydseiRleWccoX3IZo1wEXxWMFuLlHF23Qr,4.074041135538224,7.473748746948829,5.057718621481229
527700,C/+Lzeou2LizQySX67M2667gb5DYL8ydseiRleWccoX3IZo1wEXxWMFuLlHF23Qr,3.900718298946285,6.532280700630497,4.815565873528171
528000,C/+Lzeou2LizQySX67M2667gb5DYL8ydseiRleWccoX3IZo1wEXxWMFuLlHF23Qr,4.004630929157671,6.637503550288063,4.896924883852074
528300,C/+Lzeou2LizQySX67M2667gb5DYL8ydseiRleWccoX3IZo1wEXxWMFuLlHF23Qr,4.237058523876227,7.172032833335508,4.841242089453146
528600,C/+Lzeou2LizQySX67M2667gb5DYL8ydseiRleWccoX3IZo1wEXxWMFuLlHF23Qr,3.997927753219345,6.8031802533209245,4.877142777726348
528900,C/+Lzeou2LizQySX67M2667gb5DYL8ydseiRleWccoX3IZo1wEXxWMFuLlHF23Qr,4.014192886679768,6.750665188542194,4.854544144415032
529200,C/+Lzeou2LizQySX67M2667gb5DYL8ydseiRleWccoX3IZo1wEXxWMFuLlHF23Qr,3.804707462849074,7.120509061917722,4.908446640974699
529500,C/+Lzeou2LizQySX67M2667gb5DYL8ydseiRleWccoX3IZo1wEXxWMFuLlHF23Qr,4.05058852783736,6.607734596924864,5.016968029766812
529800,C/+Lzeou2LizQySX67M2667gb5DYL8ydseiRleWccoX3IZo1wEXxWMFuLlHF23Qr,4.020622310471294,6.847660717390461,4.933263276475584
530100,C/+Lzeou2LizQySX67M2667gb5DYL8ydseiRleWccoX3IZo1wEXxWMFuLlHF23Qr,3.9457035877572073,7.511406150595498,4.858355481701424
530400,C/+Lzeou2LizQySX67M2667gb5DYL8ydseiRleWccoX3IZo1wEXxWMFuLlHF23Qr,3.9897628357018977,10.827171857745991,5.40370372937322
530700,C/+Lzeou2LizQySX67M2667gb5DYL8ydseiRleWccoX3IZo1wEXxWMFuLlHF23Qr,4.0723606907738095,6.444050479139526,4.876028059077014
531000,C/+Lzeou2LizQySX67M2667gb5DYL8ydseiRleWccoX3IZo1wEXxWMFuLlHF23Qr,3.844145355120721,7.196551768919881,4.932066230335663
531300,C/+Lzeou2LizQySX67M2667gb5DYL8ydseiRleWccoX3IZo1wEXxWMFuLlHF23Qr,4.03057824107304,6.470469770166085,4.865245691399733
531600,C/+Lzeou2LizQySX67M2667gb5DYL8ydseiRleWccoX3IZo1wEXxWMFuLlHF23Qr,4.311083755362173,6.813440130577974,5.043392419522196
531900,C/+Lzeou2LizQySX67M2667gb5DYL8ydseiRleWccoX3IZo1wEXxWMFuLlHF23Qr,4.182890550400691,6.684114386906796,4.88723528812378
532200,C/+Lzeou2LizQySX67M2667gb5DYL8ydseiRleWccoX3IZo1wEXxWMFuLlHF23Qr,4.070936941606028,6.7953410085704045,4.96536122744103
532500,C/+Lzeou2LizQySX67M2667gb5DYL8ydseiRleWccoX3IZo1wEXxWMFuLlHF23Qr,4.141186162672662,6.482281290670207,4.868955758283204
532800,C/+Lzeou2LizQySX67M2667gb5DYL8ydseiRleWccoX3IZo1wEXxWMFuLlHF23Qr,4.287485301087799,6.387427095683429,4.96605588770734
533100,C/+Lzeou2LizQySX67M2667gb5DYL8ydseiRleWccoX3IZo1wEXxWMFuLlHF23Qr,4.066566942838123,6.566955003073526,4.949892923120516
533400,C/+Lzeou2LizQySX67M2667gb5DYL8ydseiRleWccoX3IZo1wEXxWMFuLlHF23Qr,3.8720332889650506,6.61614665526425,5.018244331804249
533700,C/+Lzeou2LizQySX67M2667gb5DYL8ydseiRleWccoX3IZo1wEXxWMFuLlHF23Qr,3.906994116418096,6.318070615976078,4.860676031501344
534000,C/+Lzeou2LizQySX67M2667gb5DYL8ydseiRleWccoX3IZo1wEXxWMFuLlHF23Qr,4.4079390946292,7.086588897134891,5.112656023693481
534300,C/+Lzeou2LizQySX67M2667gb5DYL8ydseiRleWccoX3IZo1wEXxWMFuLlHF23Qr,3.7350236117575326,6.221432353769801,4.919025474611392
534600,C/+Lzeou2LizQySX67M2667gb5DYL8ydseiRleWccoX3IZo1wEXxWMFuLlHF23Qr,4.299965886545021,6.679814806451946,4.9628889681491515
534900,C/+Lzeou2LizQySX67M2667gb5DYL8ydseiRleWccoX3IZo1wEXxWMFuLlHF23Qr,3.904545420103168,6.959125599300245,4.9148981462439725
535200,C/+Lzeou2LizQySX67M2667gb5DYL8ydseiRleWccoX3IZo1wEXxWMFuLlHF23Qr,4.109583779098592,6.78519763065757,4.954295171936761
535500,C/+Lzeou2LizQySX67M2667gb5DYL8ydseiRleWccoX3IZo1wEXxWMFuLlHF23Qr,4.325181024844816,6.315605237505157,4.804834310812428
535800,C/+Lzeou2LizQySX67M2667gb5DYL8ydseiRleWccoX3IZo1wEXxWMFuLlHF23Qr,4.170077543947038,6.148434082481417,4.884756873479996
536100,C/+Lzeou2LizQySX67M2667gb5DYL8ydseiRleWccoX3IZo1wEXxWMFuLlHF23Qr,3.815889410272817,6.755996099874468,4.847579220769845
536400,C/+Lzeou2LizQySX67M2667gb5DYL8ydseiRleWccoX3IZo1wEXxWMFuLlHF23Qr,4.176745364019841,9.625255655184503,5.7424990908094165
536700,C/+Lzeou2LizQySX67M2667gb5DYL8ydseiRleWccoX3IZo1wEXxWMFuLlHF23Qr,4.312506715176556,6.091757607162467,4.9225897026964525
537000,C/+Lzeou2LizQySX67M2667gb5DYL8ydseiRleWccoX3IZo1wEXxWMFuLlHF23Qr,4.155445930653223,6.2835405391252825,4.968795946148588
537300,C/+Lzeou2LizQySX67M2667gb5DYL8ydseiRleWccoX3IZo1wEXxWMFuLlHF23Qr,4.184977308970517,6.501101266836328,4.942991040684824
537600,C/+Lzeou2LizQySX67M2667gb5DYL8ydseiRleWccoX3IZo1wEXxWMFuLlHF23Qr,4.4081939916700845,6.875760361475904,5.121590644638457
537900,C/+Lzeou2LizQySX67M2667gb5DYL8ydseiRleWccoX3IZo1wEXxWMFuLlHF23Qr,4.250282996520982,6.767044527518622,5.008647051365592
538200,C/+Lzeou2LizQySX67M2667gb5DYL8ydseiRleWccoX3IZo1wEXxWMFuLlHF23Qr,4.095336670197779,6.773805960384909,4.994593899453227
538500,C/+Lzeou2LizQySX67M2667gb5DYL8ydseiRleWccoX3IZo1wEXxWMFuLlHF23Qr,4.158978931212096,7.2136983687088785,4.9210641707985046
538800,C/+Lzeou2LizQySX67M2667gb5DYL8ydseiRleWccoX3IZo1wEXxWMFuLlHF23Qr,4.153292610642133,7.069910393335822,4.964522362381372
539100,C/+Lzeou2LizQySX67M2667gb5DYL8ydseiRleWccoX3IZo1wEXxWMFuLlHF23Qr,3.850265756515692,6.977037898359924,4.957266874277149
539400,C/+Lzeou2LizQySX67M2667gb5DYL8ydseiRleWccoX3IZo1wEXxWMFuLlHF23Qr,4.2589475251506,6.525018181453327,5.002217794520124
539700,C/+Lzeou2LizQySX67M2667gb5DYL8ydseiRleWccoX3IZo1wEXxWMFuLlHF23Qr,4.298344317477295,6.761538217362937,4.963176810544395
540000,C/+Lzeou2LizQySX67M2667gb5DYL8ydseiRleWccoX3IZo1wEXxWMFuLlHF23Qr,4.04062813115075,7.248636992260493,5.06652644296592
540300,C/+Lzeou2LizQySX67M2667gb5DYL8ydseiRleWccoX3IZo1wEXxWMFuLlHF23Qr,3.93513735864953,6.5592819399188205,4.895890538606849
540600,C/+Lzeou2LizQySX67M2667gb5DYL8ydseiRleWccoX3IZo1wEXxWMFuLlHF23Qr,3.8175137483032513,7.251273691697069,5.093790097263011
540900,C/+Lzeou2LizQySX67M2667gb5DYL8ydseiRleWccoX3IZo1wEXxWMFuLlHF23Qr,4.242680601569096,6.591352963446832,4.788355129210479
541200,C/+Lzeou2LizQySX67M2667gb5DYL8ydseiRleWccoX3IZo1wEXxWMFuLlHF23Qr,3.8139075529874975,7.5964173996546815,5.035648657685429
541500,C/+Lzeou2LizQySX67M2667gb5DYL8ydseiRleWccoX3IZo1wEXxWMFuLlHF23Qr,3.864171351623871,7.037855831560627,4.851809746531592
541800,C/+Lzeou2LizQySX67M2667gb5DYL8ydseiRleWccoX3IZo1wEXxWMFuLlHF23Qr,4.132346740952249,6.921228974074591,5.0710049683127245
542100,C/+Lzeou2LizQySX67M2667gb5DYL8ydseiRleWccoX3IZo1wEXxWMFuLlHF23Qr,4.094707823633606,7.18140389449289,4.940995144534037
542400,C/+Lzeou2LizQySX67M2667gb5DYL8ydseiRleWccoX3IZo1wEXxWMFuLlHF23Qr,4.2961139286717485,6.948127638405476,5.048734438922416
542700,C/+Lzeou2LizQySX67M2667gb5DYL8ydseiRleWccoX3IZo1wEXxWMFuLlHF23Qr,4.004804014032912,7.0217918527063325,5.002021811499745
543000,C/+Lzeou2LizQySX67M2667gb5DYL8ydseiRleWccoX3IZo1wEXxWMFuLlHF23Qr,3.9886680441635898,6.758372214895526,4.945900299126536
543300,C/+Lzeou2LizQySX67M2667gb5DYL8ydseiRleWccoX3IZo1wEXxWMFuLlHF23Qr,4.204105679054352,6.57194002748229,4.820656023334856
543600,C/+Lzeou2LizQySX67M2667gb5DYL8ydseiRleWccoX3IZo1wEXxWMFuLlHF23Qr,3.9855757352872336,7.153707140497903,5.016940255794814
543900,C/+Lzeou2LizQySX67M2667gb5DYL8ydseiRleWccoX3IZo1wEXxWMFuLlHF23Qr,4.303417683426784,6.28310387530272,4.824639130266012
544200,C/+Lzeou2LizQySX67M2667gb5DYL8ydseiRleWccoX3IZo1wEXxWMFuLlHF23Qr,3.890381521153569,6.755671541955225,4.931373528326849
544500,C/+Lzeou2LizQySX67M2667gb5DYL8ydseiRleWccoX3IZo1wEXxWMFuLlHF23Qr,4.045160890765364,5.797623091976613,4.835965773001726
544800,C/+Lzeou2LizQySX67M2667gb5DYL8ydseiRleWccoX3IZo1wEXxWMFuLlHF23Qr,3.758055457856903,6.379239589402272,5.004831626967659
545100,C/+Lzeou2LizQySX67M2667gb5DYL8ydseiRleWccoX3IZo1wEXxWMFuLlHF23Qr,4.114577453708816,6.125559648291494,4.913700057894372
545400,C/+Lzeou2LizQySX67M2667gb5DYL8ydseiRleWccoX3IZo1wEXxWMFuLlHF23Qr,4.050751234469161,6.62723997519927,4.956488626630376
545700,C/+Lzeou2LizQySX67M2667gb5DYL8ydseiRleWccoX3IZo1wEXxWMFuLlHF23Qr,4.224442477976886,6.02100775369138,4.829795177964305
546000,C/+Lzeou2LizQySX67M2667gb5DYL8ydseiRleWccoX3IZo1wEXxWMFuLlHF23Qr,4.305920100748587,7.144516353461116,5.060629109455661
546300,C/+Lzeou2LizQySX67M2667gb5DYL8ydseiRleWccoX3IZo1wEXxWMFuLlHF23Qr,4.023233211872345,7.9217884435054,5.219000463287166
546600,C/+Lzeou2LizQySX67M2667gb5DYL8ydseiRleWccoX3IZo1wEXxWMFuLlHF23Qr,4.03390669463596,6.89220486112932,4.9216908828750965
546900,C/+Lzeou2LizQySX67M2667gb5DYL8ydseiRleWccoX3IZo1wEXxWMFuLlHF23Qr,4.1860937107214085,6.214411829663317,4.851322464712171
547200,C/+Lzeou2LizQySX67M2667gb5DYL8ydseiRleWccoX3IZo1wEXxWMFuLlHF23Qr,4.28106246821021,6.853660641718017,4.959920497867041
547500,C/+Lzeou2LizQySX67M2667gb5DYL8ydseiRleWccoX3IZo1wEXxWMFuLlHF23Qr,4.2946601425765065,5.897820106572016,4.869062786218362
547800,C/+Lzeou2LizQySX67M2667gb5DYL8ydseiRleWccoX3IZo1wEXxWMFuLlHF23Qr,4.130596397902549,7.069510619478061,5.01115824928099
548100,C/+Lzeou2LizQySX67M2667gb5DYL8ydseiRleWccoX3IZo1wEXxWMFuLlHF23Qr,4.154551518270665,6.248812684905982,4.810822581623606
548400,C/+Lzeou2LizQySX67M2667gb5DYL8ydseiRleWccoX3IZo1wEXxWMFuLlHF23Qr,4.298687956151655,6.58966801968044,5.067557693846734
548700,C/+Lzeou2LizQySX67M2667gb5DYL8ydseiRleWccoX3IZo1wEXxWMFuLlHF23Qr,4.0839147299997824,6.700136452904697,4.975252827583393
549000,C/+Lzeou2LizQySX67M2667gb5DYL8ydseiRleWccoX3IZo1wEXxWMFuLlHF23Qr,4.300290908703538,7.697114703743373,5.3964839986499
549300,C/+Lzeou2LizQySX67M2667gb5DYL8ydseiRleWccoX3IZo1wEXxWMFuLlHF23Qr,4.214301035834269,6.537227165788679,4.86691743389516
549600,C/+Lzeou2LizQySX67M2667gb5DYL8ydseiRleWccoX3IZo1wEXxWMFuLlHF23Qr,4.5121458733032505,6.642098090112688,5.107137026001601
549900,C/+Lzeou2LizQySX67M2667gb5DYL8ydseiRleWccoX3IZo1wEXxWMFuLlHF23Qr,4.307555063030837,5.803652415278611,4.962865678216017
550200,C/+Lzeou2LizQySX67M2667gb5DYL8ydseiRleWccoX3IZo1wEXxWMFuLlHF23Qr,4.172195780792709,6.627100484318299,5.043429836866574
550500,C/+Lzeou2LizQySX67M2667gb5DYL8ydseiRleWccoX3IZo1wEXxWMFuLlHF23Qr,4.129076871808451,6.548013887070316,4.910679243995276
550800,C/+Lzeou2LizQySX67M2667gb5DYL8ydseiRleWccoX3IZo1wEXxWMFuLlHF23Qr,4.394836019978562,7.994357046519843,5.760962162022024
551100,C/+Lzeou2LizQySX67M2667gb5DYL8ydseiRleWccoX3IZo1wEXxWMFuLlHF23Qr,4.142998179252454,6.95698421397245,4.975917560541671
551400,C/+Lzeou2LizQySX67M2667gb5DYL8ydseiRleWccoX3IZo1wEXxWMFuLlHF23Qr,4.063121645531079,7.06454052578944,5.1267968938305675
551700,C/+Lzeou2LizQySX67M2667gb5DYL8ydseiRleWccoX3IZo1wEXxWMFuLlHF23Qr,3.8209869876235696,7.066586556851513,4.893601754677676
552000,C/+Lzeou2LizQySX67M2667gb5DYL8ydseiRleWccoX3IZo1wEXxWMFuLlHF23Qr,4.307232350049363,6.572234811934341,5.043250611225587
552300,C/+Lzeou2LizQySX67M2667gb5DYL8ydseiRleWccoX3IZo1wEXxWMFuLlHF23Qr,3.856878223364877,6.93589103550097,5.062568303597426
552600,C/+Lzeou2LizQySX67M2667gb5DYL8ydseiRleWccoX3IZo1wEXxWMFuLlHF23Qr,4.045726911176472,7.58565316989982,5.042722358723652
552900,C/+Lzeou2LizQySX67M2667gb5DYL8ydseiRleWccoX3IZo1wEXxWMFuLlHF23Qr,4.087711412400281,7.04413775326498,4.9536127558878364
553200,C/+Lzeou2LizQySX67M2667gb5DYL8ydseiRleWccoX3IZo1wEXxWMFuLlHF23Qr,4.018636916690417,7.124796583180433,4.944902418524743
553500,C/+Lzeou2LizQySX67M2667gb5DYL8ydseiRleWccoX3IZo1wEXxWMFuLlHF23Qr,4.023450049950976,7.433365171871723,5.064748429138965
553800,C/+Lzeou2LizQySX67M2667gb5DYL8ydseiRleWccoX3IZo1wEXxWMFuLlHF23Qr,4.047828040437787,7.100254948447222,5.121543225961162
554100,C/+Lzeou2LizQySX67M2667gb5DYL8ydseiRleWccoX3IZo1wEXxWMFuLlHF23Qr,3.9077439373051504,7.708680352949673,4.871378813890211
554400,C/+Lzeou2LizQySX67M2667gb5DYL8ydseiRleWccoX3IZo1wEXxWMFuLlHF23Qr,4.01747578244184,7.150449079083103,4.995228106540191
554700,C/+Lzeou2LizQySX67M2667gb5DYL8ydseiRleWccoX3IZo1wEXxWMFuLlHF23Qr,4.108960683439275,6.401979386363518,4.804020650425176
555000,C/+Lzeou2LizQySX67M2667gb5DYL8ydseiRleWccoX3IZo1wEXxWMFuLlHF23Qr,3.984824792019389,6.599793606381366,4.9359786989572045
555300,C/+Lzeou2LizQySX67M2667gb5DYL8ydseiRleWccoX3IZo1wEXxWMFuLlHF23Qr,4.004005190098024,7.232932337387464,4.955529887295376
555600,C/+Lzeou2LizQySX67M2667gb5DYL8ydseiRleWccoX3IZo1wEXxWMFuLlHF23Qr,4.323933453414002,7.428943050928046,5.170030250616844
555900,C/+Lzeou2LizQySX67M2667gb5DYL8ydseiRleWccoX3IZo1wEXxWMFuLlHF23Qr,4.186447462224586,6.6610162328467135,5.065843008379056
556200,C/+Lzeou2LizQySX67M2667gb5DYL8ydseiRleWccoX3IZo1wEXxWMFuLlHF23Qr,4.27807725780329,7.565834433281395,5.128872510639918
556500,C/+Lzeou2LizQySX67M2667gb5DYL8ydseiRleWccoX3IZo1wEXxWMFuLlHF23Qr,4.1979498827384605,6.605840058540676,4.899321549144621
556800,C/+Lzeou2LizQySX67M2667gb5DYL8ydseiRleWccoX3IZo1wEXxWMFuLlHF23Qr,4.185857278522005,6.841253982635294,5.0690468015704
557100,C/+Lzeou2LizQySX67M2667gb5DYL8ydseiRleWccoX3IZo1wEXxWMFuLlHF23Qr,4.086688005788358,6.428186393466785,4.959344673084432
557400,C/+Lzeou2LizQySX67M2667gb5DYL8ydseiRleWccoX3IZo1wEXxWMFuLlHF23Qr,4.184429542692526,6.892907384516921,5.063232689795617
557700,C/+Lzeou2LizQySX67M2667gb5DYL8ydseiRleWccoX3IZo1wEXxWMFuLlHF23Qr,4.094770755833899,6.405148945318686,4.9211549483525765
558000,C/+Lzeou2LizQySX67M2667gb5DYL8ydseiRleWccoX3IZo1wEXxWMFuLlHF23Qr,4.261827321478108,6.957098408050685,5.125409289008816
558300,C/+Lzeou2LizQySX67M2667gb5DYL8ydseiRleWccoX3IZo1wEXxWMFuLlHF23Qr,4.068657513678525,6.750469579077548,4.978121042591594
558600,C/+Lzeou2LizQySX67M2667gb5DYL8ydseiRleWccoX3IZo1wEXxWMFuLlHF23Qr,4.202041447780991,6.917077586720304,5.087177698145049
558900,C/+Lzeou2LizQySX67M2667gb5DYL8ydseiRleWccoX3IZo1wEXxWMFuLlHF23Qr,4.447346936206852,6.535869120784788,5.110305280946372
559200,C/+Lzeou2LizQySX67M2667gb5DYL8ydseiRleWccoX3IZo1wEXxWMFuLlHF23Qr,4.5751345192790085,6.457083236472459,5.206263269995993
559500,C/+Lzeou2LizQySX67M2667gb5DYL8ydseiRleWccoX3IZo1wEXxWMFuLlHF23Qr,4.222077395324253,6.71188674894838,5.197597571671109
559800,C/+Lzeou2LizQySX67M2667gb5DYL8ydseiRleWccoX3IZo1wEXxWMFuLlHF23Qr,4.357024262936886,7.8707570081025375,5.843437839664615
560100,C/+Lzeou2LizQySX67M2667gb5DYL8ydseiRleWccoX3IZo1wEXxWMFuLlHF23Qr,4.266811563755702,20.94785151465161,7.783974426923359
560400,C/+Lzeou2LizQySX67M2667gb5DYL8ydseiRleWccoX3IZo1wEXxWMFuLlHF23Qr,4.329085876786082,6.7922684317305135,5.356904925382338
560700,C/+Lzeou2LizQySX67M2667gb5DYL8ydseiRleWccoX3IZo1wEXxWMFuLlHF23Qr,4.111655403671028,6.602599962622459,5.32409385478757
561000,C/+Lzeou2LizQySX67M2667gb5DYL8ydseiRleWccoX3IZo1wEXxWMFuLlHF23Qr,4.324583070285756,6.509997942202017,5.055071236907788
561300,C/+Lzeou2LizQySX67M2667gb5DYL8ydseiRleWccoX3IZo1wEXxWMFuLlHF23Qr,4.253613649774756,6.499064206362609,4.970764420419489
561600,C/+Lzeou2LizQySX67M2667gb5DYL8ydseiRleWccoX3IZo1wEXxWMFuLlHF23Qr,4.419086400351178,6.51006792112829,5.0759229022224766
561900,C/+Lzeou2LizQySX67M2667gb5DYL8ydseiRleWccoX3IZo1wEXxWMFuLlHF23Qr,4.538949778264644,6.623568101954708,5.097379982695495
562200,C/+Lzeou2LizQySX67M2667gb5DYL8ydseiRleWccoX3IZo1wEXxWMFuLlHF23Qr,4.312811977739472,6.79708460907843,5.131166726905904
562500,C/+Lzeou2LizQySX67M2667gb5DYL8ydseiRleWccoX3IZo1wEXxWMFuLlHF23Qr,4.39835522024231,6.478924648928,5.00682067253555
562800,C/+Lzeou2LizQySX67M2667gb5DYL8ydseiRleWccoX3IZo1wEXxWMFuLlHF23Qr,4.402512242162218,8.00337628062814,5.531893905392968
563100,C/+Lzeou2LizQySX67M2667gb5DYL8ydseiRleWccoX3IZo1wEXxWMFuLlHF23Qr,4.839244201270514,7.80577057011441,5.841984562029982
563400,C/+Lzeou2LizQySX67M2667gb5DYL8ydseiRleWccoX3IZo1wEXxWMFuLlHF23Qr,4.7091605371673655,6.9774560374131855,5.482450728001288
563700,C/+Lzeou2LizQySX67M2667gb5DYL8ydseiRleWccoX3IZo1wEXxWMFuLlHF23Qr,4.490592191190204,6.369393529265993,5.149144304753127
564000,C/+Lzeou2LizQySX67M2667gb5DYL8ydseiRleWccoX3IZo1wEXxWMFuLlHF23Qr,4.473370359385241,7.265573523601287,5.144082411057832
564300,C/+Lzeou2LizQySX67M2667gb5DYL8ydseiRleWccoX3IZo1wEXxWMFuLlHF23Qr,4.304292594214598,6.597866060680952,5.105793439274626
564600,C/+Lzeou2LizQySX67M2667gb5DYL8ydseiRleWccoX3IZo1wEXxWMFuLlHF23Qr,4.3719757905983165,7.0606791778924025,5.115077092710001
564900,C/+Lzeou2LizQySX67M2667gb5DYL8ydseiRleWccoX3IZo1wEXxWMFuLlHF23Qr,4.2118886534446345,6.915910060633785,5.136370991926708
565200,C/+Lzeou2LizQySX67M2667gb5DYL8ydseiRleWccoX3IZo1wEXxWMFuLlHF23Qr,4.116713379750859,8.212871048674922,5.3219834041135
565500,C/+Lzeou2LizQySX67M2667gb5DYL8ydseiRleWccoX3IZo1wEXxWMFuLlHF23Qr,4.449973090188613,6.719383025136748,5.153829589401391
565800,C/+Lzeou2LizQySX67M2667gb5DYL8ydseiRleWccoX3IZo1wEXxWMFuLlHF23Qr,4.047264340168976,7.271975014270295,5.146104290597664
566100,C/+Lzeou2LizQySX67M2667gb5DYL8ydseiRleWccoX3IZo1wEXxWMFuLlHF23Qr,4.270096029501499,7.968729346223892,5.548017607280042
566400,C/+Lzeou2LizQySX67M2667gb5DYL8ydseiRleWccoX3IZo1wEXxWMFuLlHF23Qr,4.0974381180968455,8.193263671969794,5.49316215782998
566700,C/+Lzeou2LizQySX67M2667gb5DYL8ydseiRleWccoX3IZo1wEXxWMFuLlHF23Qr,4.376044437979592,6.8107385027152265,5.155904031405334
567000,C/+Lzeou2LizQySX67M2667gb5DYL8ydseiRleWccoX3IZo1wEXxWMFuLlHF23Qr,4.462046651976138,7.121971949141698,5.398537568049977
567300,C/+Lzeou2LizQySX67M2667gb5DYL8ydseiRleWccoX3IZo1wEXxWMFuLlHF23Qr,4.545501854375467,7.457728352475952,5.831044766480666
567600,C/+Lzeou2LizQySX67M2667gb5DYL8ydseiRleWccoX3IZo1wEXxWMFuLlHF23Qr,4.30386194052014,7.161296587815017,5.192684050720072
567900,C/+Lzeou2LizQySX67M2667gb5DYL8ydseiRleWccoX3IZo1wEXxWMFuLlHF23Qr,4.191641647396252,6.4573410240168,4.9931638328539645
568200,C/+Lzeou2LizQySX67M2667gb5DYL8ydseiRleWccoX3IZo1wEXxWMFuLlHF23Qr,4.256130721930206,7.080971395612743,5.0798509559099845
568500,C/+Lzeou2LizQySX67M2667gb5DYL8ydseiRleWccoX3IZo1wEXxWMFuLlHF23Qr,3.994512515966361,6.345759400713097,4.937514924901048
568800,C/+Lzeou2LizQySX67M2667gb5DYL8ydseiRleWccoX3IZo1wEXxWMFuLlHF23Qr,4.22253306616025,6.989634477888215,5.041830499486613
569100,C/+Lzeou2LizQySX67M2667gb5DYL8ydseiRleWccoX3IZo1wEXxWMFuLlHF23Qr,4.294564326154777,6.9098628056911915,5.166754559739463
569400,C/+Lzeou2LizQySX67M2667gb5DYL8ydseiRleWccoX3IZo1wEXxWMFuLlHF23Qr,4.265514391759568,6.82262811716148,5.252677405833102
569700,C/+Lzeou2LizQySX67M2667gb5DYL8ydseiRleWccoX3IZo1wEXxWMFuLlHF23Qr,4.182263976078177,6.7859541723557,4.984616435606193
570000,C/+Lzeou2LizQySX67M2667gb5DYL8ydseiRleWccoX3IZo1wEXxWMFuLlHF23Qr,4.017348884711872,6.510662843150382,5.020885790270361
570300,C/+Lzeou2LizQySX67M2667gb5DYL8ydseiRleWccoX3IZo1wEXxWMFuLlHF23Qr,4.30855509817777,7.264206832528048,5.209121776309697
570600,C/+Lzeou2LizQySX67M2667gb5DYL8ydseiRleWccoX3IZo1wEXxWMFuLlHF23Qr,4.243062194169531,6.377778273212261,5.101755507601032
570900,C/+Lzeou2LizQySX67M2667gb5DYL8ydseiRleWccoX3IZo1wEXxWMFuLlHF23Qr,4.396121194415887,6.151260570564704,4.925454243414944
571200,C/+Lzeou2LizQySX67M2667gb5DYL8ydseiRleWccoX3IZo1wEXxWMFuLlHF23Qr,4.095093322238686,6.628719788763997,5.029156730824935
571500,C/+Lzeou2LizQySX67M2667gb5DYL8ydseiRleWccoX3IZo1wEXxWMFuLlHF23Qr,4.127605247080844,6.741993795374229,5.189713828128335
571800,C/+Lzeou2LizQySX67M2667gb5DYL8ydseiRleWccoX3IZo1wEXxWMFuLlHF23Qr,4.3554726826074575,7.003606420001228,5.097444500716712
572100,C/+Lzeou2LizQySX67M2667gb5DYL8ydseiRleWccoX3IZo1wEXxWMFuLlHF23Qr,3.8629292064008167,6.352876591542674,4.920998561193386
572400,C/+Lzeou2LizQySX67M2667gb5DYL8ydseiRleWccoX3IZo1wEXxWMFuLlHF23Qr,4.386186940412459,6.415316858374028,5.023260868785401
572700,C/+Lzeou2LizQySX67M2667gb5DYL8ydseiRleWccoX3IZo1wEXxWMFuLlHF23Qr,4.051375571713892,6.4140700497978935,4.85067215963543
573000,C/+Lzeou2LizQySX67M2667gb5DYL8ydseiRleWccoX3IZo1wEXxWMFuLlHF23Qr,4.333967681815918,9.253063813819008,5.364436200317373
573300,C/+Lzeou2LizQySX67M2667gb5DYL8ydseiRleWccoX3IZo1wEXxWMFuLlHF23Qr,4.348260075614596,6.48675437347846,4.9937741620745
573600,C/+Lzeou2LizQySX67M2667gb5DYL8ydseiRleWccoX3IZo1wEXxWMFuLlHF23Qr,4.153991163294903,8.92198867730036,5.3570234195312665
573900,C/+Lzeou2LizQySX67M2667gb5DYL8ydseiRleWccoX3IZo1wEXxWMFuLlHF23Qr,4.434325725142938,7.946776006642521,5.444712762341763
574200,C/+Lzeou2LizQySX67M2667gb5DYL8ydseiRleWccoX3IZo1wEXxWMFuLlHF23Qr,4.24282866053314,6.952027876144476,5.398989565893608
574500,C/+Lzeou2LizQySX67M2667gb5DYL8ydseiRleWccoX3IZo1wEXxWMFuLlHF23Qr,4.350218374873883,6.433333076117117,5.085330651978102
574800,C/+Lzeou2LizQySX67M2667gb5DYL8ydseiRleWccoX3IZo1wEXxWMFuLlHF23Qr,4.412622299077693,7.642211294455161,5.381757898934201
575100,C/+Lzeou2LizQySX67M2667gb5DYL8ydseiRleWccoX3IZo1wEXxWMFuLlHF23Qr,4.339710568385105,6.9601338489702265,5.378992127237163
575400,C/+Lzeou2LizQySX67M2667gb5DYL8ydseiRleWccoX3IZo1wEXxWMFuLlHF23Qr,4.545448082128839,6.969765985728054,5.418218299817688
575700,C/+Lzeou2LizQySX67M2667gb5DYL8ydseiRleWccoX3IZo1wEXxWMFuLlHF23Qr,4.148127373965109,7.112139630305331,5.015518263848003
576000,C/+Lzeou2LizQySX67M2667gb5DYL8ydseiRleWccoX3IZo1wEXxWMFuLlHF23Qr,4.260989982883936,6.4732419425421925,4.93148148236476
576300,C/+Lzeou2LizQySX67M2667gb5DYL8ydseiRleWccoX3IZo1wEXxWMFuLlHF23Qr,4.67707918463108,9.176713567235447,6.1091211516487895
576600,C/+Lzeou2LizQySX67M2667gb5DYL8ydseiRleWccoX3IZo1wEXxWMFuLlHF23Qr,4.531243313288295,8.244967144780883,6.4513692553975615
576900,C/+Lzeou2LizQySX67M2667gb5DYL8ydseiRleWccoX3IZo1wEXxWMFuLlHF23Qr,4.379591757154262,6.429078012359281,5.066798621200873
577200,C/+Lzeou2LizQySX67M2667gb5DYL8ydseiRleWccoX3IZo1wEXxWMFuLlHF23Qr,4.266099567049235,7.297543290925822,5.025506387029775
577500,C/+Lzeou2LizQySX67M2667gb5DYL8ydseiRleWccoX3IZo1wEXxWMFuLlHF23Qr,4.439050713191592,6.878282498155616,5.049384714653541
577800,C/+Lzeou2LizQySX67M2667gb5DYL8ydseiRleWccoX3IZo1wEXxWMFuLlHF23Qr,4.172507960770804,6.78909832507653,5.0214763300494285
578100,C/+Lzeou2LizQySX67M2667gb5DYL8ydseiRleWccoX3IZo1wEXxWMFuLlHF23Qr,4.213990649344377,6.779763152509999,5.0682656317726895
578400,C/+Lzeou2LizQySX67M2667gb5DYL8ydseiRleWccoX3IZo1wEXxWMFuLlHF23Qr,4.280907189093042,7.107637833563791,5.070391106079869
578700,C/+Lzeou2LizQySX67M2667gb5DYL8ydseiRleWccoX3IZo1wEXxWMFuLlHF23Qr,4.260570969630695,6.680611038031897,4.989622808465312
579000,C/+Lzeou2LizQySX67M2667gb5DYL8ydseiRleWccoX3IZo1wEXxWMFuLlHF23Qr,4.073421497352174,7.19257994365736,5.080139427340863
579300,C/+Lzeou2LizQySX67M2667gb5DYL8ydseiRleWccoX3IZo1wEXxWMFuLlHF23Qr,4.287526481171949,6.758132753178014,5.015627896819216
579600,C/+Lzeou2LizQySX67M2667gb5DYL8ydseiRleWccoX3IZo1wEXxWMFuLlHF23Qr,4.126942736002486,6.828259698181672,5.196178740048137
579900,C/+Lzeou2LizQySX67M2667gb5DYL8ydseiRleWccoX3IZo1wEXxWMFuLlHF23Qr,4.168731942247868,7.018033432493676,4.985099726757439
580200,C/+Lzeou2LizQySX67M2667gb5DYL8ydseiRleWccoX3IZo1wEXxWMFuLlHF23Qr,4.253531913727773,7.138779379922965,5.031040208064494
580500,C/+Lzeou2LizQySX67M2667gb5DYL8ydseiRleWccoX3IZo1wEXxWMFuLlHF23Qr,4.373725662058136,6.4207121381429815,5.09965062752312
580800,C/+Lzeou2LizQySX67M2667gb5DYL8ydseiRleWccoX3IZo1wEXxWMFuLlHF23Qr,4.3313032198342905,6.975398070870454,5.150744149958469
581100,C/+Lzeou2LizQySX67M2667gb5DYL8ydseiRleWccoX3IZo1wEXxWMFuLlHF23Qr,4.178748991894928,7.220554024366501,4.999707038474261
581400,C/+Lzeou2LizQySX67M2667gb5DYL8ydseiRleWccoX3IZo1wEXxWMFuLlHF23Qr,4.0450193803769885,6.970141922945427,5.027558905561528
581700,C/+Lzeou2LizQySX67M2667gb5DYL8ydseiRleWccoX3IZo1wEXxWMFuLlHF23Qr,4.223990288437864,6.975133358979494,4.925147833510144
582000,C/+Lzeou2LizQySX67M2667gb5DYL8ydseiRleWccoX3IZo1wEXxWMFuLlHF23Qr,4.139270492429241,6.800968099772868,5.111324368776388
582300,C/+Lzeou2LizQySX67M2667gb5DYL8ydseiRleWccoX3IZo1wEXxWMFuLlHF23Qr,4.09826168056706,6.390777852438681,5.135279618286187
582600,C/+Lzeou2LizQySX67M2667gb5DYL8ydseiRleWccoX3IZo1wEXxWMFuLlHF23Qr,4.3406628155643725,6.873611023103689,5.1552789417533145
582900,C/+Lzeou2LizQySX67M2667gb5DYL8ydseiRleWccoX3IZo1wEXxWMFuLlHF23Qr,4.3219488782151565,6.838179370066207,5.112631190262912
583200,C/+Lzeou2LizQySX67M2667gb5DYL8ydseiRleWccoX3IZo1wEXxWMFuLlHF23Qr,4.345121097345329,6.87650921679019,5.219035245665734
583500,C/+Lzeou2LizQySX67M2667gb5DYL8ydseiRleWccoX3IZo1wEXxWMFuLlHF23Qr,4.307410257888535,7.9327983321702895,5.095678627848901
583800,C/+Lzeou2LizQySX67M2667gb5DYL8ydseiRleWccoX3IZo1wEXxWMFuLlHF23Qr,4.518626100696316,6.444616906460964,4.839802610994786
584100,C/+Lzeou2LizQySX67M2667gb5DYL8ydseiRleWccoX3IZo1wEXxWMFuLlHF23Qr,4.0655991320697344,7.741285343241491,4.973210203746872
584400,C/+Lzeou2LizQySX67M2667gb5DYL8ydseiRleWccoX3IZo1wEXxWMFuLlHF23Qr,4.551921993031994,6.356331495665458,5.119101214085948
584700,C/+Lzeou2LizQySX67M2667gb5DYL8ydseiRleWccoX3IZo1wEXxWMFuLlHF23Qr,4.14519292632977,7.340574009264666,5.116550175938756
585000,C/+Lzeou2LizQySX67M2667gb5DYL8ydseiRleWccoX3IZo1wEXxWMFuLlHF23Qr,4.1131746471583925,6.152450389733897,4.933426889165092
585300,C/+Lzeou2LizQySX67M2667gb5DYL8ydseiRleWccoX3IZo1wEXxWMFuLlHF23Qr,4.02398567340718,7.544149701886826,4.992440865575336
585600,C/+Lzeou2LizQySX67M2667gb5DYL8ydseiRleWccoX3IZo1wEXxWMFuLlHF23Qr,4.374966394867661,6.966386961892045,4.989522724403389
585900,C/+Lzeou2LizQySX67M2667gb5DYL8ydseiRleWccoX3IZo1wEXxWMFuLlHF23Qr,3.639721496352863,7.737238258810688,4.848203474721326
586200,C/+Lzeou2LizQySX67M2667gb5DYL8ydseiRleWccoX3IZo1wEXxWMFuLlHF23Qr,3.9301253126013,6.645899200423604,4.743892225580712
586500,C/+Lzeou2LizQySX67M2667gb5DYL8ydseiRleWccoX3IZo1wEXxWMFuLlHF23Qr,4.152705167287884,6.961174968967774,5.068433531742737
586800,C/+Lzeou2LizQySX67M2667gb5DYL8ydseiRleWccoX3IZo1wEXxWMFuLlHF23Qr,3.8785214368725898,6.500045449404178,4.734104006202199
587100,C/+Lzeou2LizQySX67M2667gb5DYL8ydseiRleWccoX3IZo1wEXxWMFuLlHF23Qr,3.676334044942796,8.04243071641428,5.163444459688602
587400,C/+Lzeou2LizQySX67M2667gb5DYL8ydseiRleWccoX3IZo1wEXxWMFuLlHF23Qr,3.983277558076108,6.491133484042414,4.944920822462344
587700,C/+Lzeou2LizQySX67M2667gb5DYL8ydseiRleWccoX3IZo1wEXxWMFuLlHF23Qr,4.340652654731868,7.636772335773703,5.139703355271704
588000,C/+Lzeou2LizQySX67M2667gb5DYL8ydseiRleWccoX3IZo1wEXxWMFuLlHF23Qr,4.238004530769786,6.5529699269047,4.967404158769253
588300,C/+Lzeou2LizQySX67M2667gb5DYL8ydseiRleWccoX3IZo1wEXxWMFuLlHF23Qr,4.304300331976906,7.9573399766167645,5.3888151363175565
588600,C/+Lzeou2LizQySX67M2667gb5DYL8ydseiRleWccoX3IZo1wEXxWMFuLlHF23Qr,3.96657441170328,6.811473148585803,4.978642428583793
588900,C/+Lzeou2LizQySX67M2667gb5DYL8ydseiRleWccoX3IZo1wEXxWMFuLlHF23Qr,3.94794241390582,7.66125524624093,5.283648916281485
589200,C/+Lzeou2LizQySX67M2667gb5DYL8ydseiRleWccoX3IZo1wEXxWMFuLlHF23Qr,4.548893003654179,5.945237918500962,5.008530190533985
589500,C/+Lzeou2LizQySX67M2667gb5DYL8ydseiRleWccoX3IZo1wEXxWMFuLlHF23Qr,4.365291727965021,8.012510750162924,5.433055554392391
589800,C/+Lzeou2LizQySX67M2667gb5DYL8ydseiRleWccoX3IZo1wEXxWMFuLlHF23Qr,4.345443293420538,6.217438270614252,4.989561033853222
590100,C/+Lzeou2LizQySX67M2667gb5DYL8ydseiRleWccoX3IZo1wEXxWMFuLlHF23Qr,4.130743206998499,7.055156767297647,5.321806871818555
590400,C/+Lzeou2LizQySX67M2667gb5DYL8ydseiRleWccoX3IZo1wEXxWMFuLlHF23Qr,4.239441578073702,7.088355004729272,5.00649773782918
590700,C/+Lzeou2LizQySX67M2667gb5DYL8ydseiRleWccoX3IZo1wEXxWMFuLlHF23Qr,4.088581250850117,7.208981262240517,5.255106313296501
591000,C/+Lzeou2LizQySX67M2667gb5DYL8ydseiRleWccoX3IZo1wEXxWMFuLlHF23Qr,3.9669145691547576,6.8445379320366815,4.841702165217429
591300,C/+Lzeou2LizQySX67M2667gb5DYL8ydseiRleWccoX3IZo1wEXxWMFuLlHF23Qr,4.428854926556711,7.171582508991005,5.307804712660232
591600,C/+Lzeou2LizQySX67M2667gb5DYL8ydseiRleWccoX3IZo1wEXxWMFuLlHF23Qr,4.206677599256645,7.162295227374961,4.916827247783685
591900,C/+Lzeou2LizQySX67M2667gb5DYL8ydseiRleWccoX3IZo1wEXxWMFuLlHF23Qr,4.095103473701972,7.498822351871606,5.255861712212593
592200,C/+Lzeou2LizQySX67M2667gb5DYL8ydseiRleWccoX3IZo1wEXxWMFuLlHF23Qr,4.236456957251968,6.90797075250265,4.956317022056736
592500,C/+Lzeou2LizQySX67M2667gb5DYL8ydseiRleWccoX3IZo1wEXxWMFuLlHF23Qr,4.333766959488544,6.569923470640352,5.295415931303759
592800,C/+Lzeou2LizQySX67M2667gb5DYL8ydseiRleWccoX3IZo1wEXxWMFuLlHF23Qr,4.354617899901878,7.162148260042121,4.9910980500984765
593100,C/+Lzeou2LizQySX67M2667gb5DYL8ydseiRleWccoX3IZo1wEXxWMFuLlHF23Qr,4.3169962341010795,7.0845770485347135,5.306385080557227
593400,C/+Lzeou2LizQySX67M2667gb5DYL8ydseiRleWccoX3IZo1wEXxWMFuLlHF23Qr,4.059602289088276,7.096726362066446,4.919506483686996
593700,C/+Lzeou2LizQySX67M2667gb5DYL8ydseiRleWccoX3IZo1wEXxWMFuLlHF23Qr,4.013783420554033,6.828748382176462,5.267987061724996
594000,C/+Lzeou2LizQySX67M2667gb5DYL8ydseiRleWccoX3IZo1wEXxWMFuLlHF23Qr,4.048774637566134,7.617477671310556,4.990426674359785
594300,C/+Lzeou2LizQySX67M2667gb5DYL8ydseiRleWccoX3IZo1wEXxWMFuLlHF23Qr,4.067482441937947,7.043385448454481,5.308979898969059
594600,C/+Lzeou2LizQySX67M2667gb5DYL8ydseiRleWccoX3IZo1wEXxWMFuLlHF23Qr,4.256184316995367,6.558517238844842,4.892598801063643
594900,C/+Lzeou2LizQySX67M2667gb5DYL8ydseiRleWccoX3IZo1wEXxWMFuLlHF23Qr,4.100630039515584,7.391042214133874,5.402667098926492
595200,C/+Lzeou2LizQySX67M2667gb5DYL8ydseiRleWccoX3IZo1wEXxWMFuLlHF23Qr,4.26540572547954,6.56853528616826,4.938128868503018
595500,C/+Lzeou2LizQySX67M2667gb5DYL8ydseiRleWccoX3IZo1wEXxWMFuLlHF23Qr,4.240217338740958,6.762615083750535,5.3412517180690084
595800,C/+Lzeou2LizQySX67M2667gb5DYL8ydseiRleWccoX3IZo1wEXxWMFuLlHF23Qr,4.242909958362519,7.476163815367134,5.039175681203818
596100,C/+Lzeou2LizQySX67M2667gb5DYL8ydseiRleWccoX3IZo1wEXxWMFuLlHF23Qr,4.072136016876664,6.996466249705995,5.005666126964238
596400,C/+Lzeou2LizQySX67M2667gb5DYL8ydseiRleWccoX3IZo1wEXxWMFuLlHF23Qr,4.335515707131348,6.652359545570487,4.968545230545414
596700,C/+Lzeou2LizQySX67M2667gb5DYL8ydseiRleWccoX3IZo1wEXxWMFuLlHF23Qr,4.1949043043064425,6.722523134544144,5.2972102518421424
597000,C/+Lzeou2LizQySX67M2667gb5DYL8ydseiRleWccoX3IZo1wEXxWMFuLlHF23Qr,4.196089173950869,6.544545980357593,4.885511779353012
597300,C/+Lzeou2LizQySX67M2667gb5DYL8ydseiRleWccoX3IZo1wEXxWMFuLlHF23Qr,4.114833963153034,7.435869848821792,5.360195961656773
597600,C/+Lzeou2LizQySX67M2667gb5DYL8ydseiRleWccoX3IZo1wEXxWMFuLlHF23Qr,4.626925736489738,6.853829123393765,5.343350649261678
597900,C/+Lzeou2LizQySX67M2667gb5DYL8ydseiRleWccoX3IZo1wEXxWMFuLlHF23Qr,4.203646911867181,7.323215222082772,5.596353692860123
598200,C/+Lzeou2LizQySX67M2667gb5DYL8ydseiRleWccoX3IZo1wEXxWMFuLlHF23Qr,4.188718769323585,6.348568798443714,4.813933942334301
598500,C/+Lzeou2LizQySX67M2667gb5DYL8ydseiRleWccoX3IZo1wEXxWMFuLlHF23Qr,4.187375875703316,6.772617947478433,5.185585480051223
598800,C/+Lzeou2LizQySX67M2667gb5DYL8ydseiRleWccoX3IZo1wEXxWMFuLlHF23Qr,4.407837404434062,6.437128584987057,5.023476014794785
599100,C/+Lzeou2LizQySX67M2667gb5DYL8ydseiRleWccoX3IZo1wEXxWMFuLlHF23Qr,4.2601366785018655,6.867309803218697,5.396096100413368
599400,C/+Lzeou2LizQySX67M2667gb5DYL8ydseiRleWccoX3IZo1wEXxWMFuLlHF23Qr,4.212592020607016,6.664042915715728,5.003586251511894
599700,C/+Lzeou2LizQySX67M2667gb5DYL8ydseiRleWccoX3IZo1wEXxWMFuLlHF23Qr,3.914467447973944,7.23119217441318,5.164863015479996
600000,C/+Lzeou2LizQySX67M2667gb5DYL8ydseiRleWccoX3IZo1wEXxWMFuLlHF23Qr,4.238624096202033,6.346569671323778,4.837541035482433
600300,C/+Lzeou2LizQySX67M2667gb5DYL8ydseiRleWccoX3IZo1wEXxWMFuLlHF23Qr,4.2252774259976045,6.92643952516894,5.403407790098753
600600,C/+Lzeou2LizQySX67M2667gb5DYL8ydseiRleWccoX3IZo1wEXxWMFuLlHF23Qr,4.1871221537951575,6.1952550687986045,4.893370275599681
600900,C/+Lzeou2LizQySX67M2667gb5DYL8ydseiRleWccoX3IZo1wEXxWMFuLlHF23Qr,4.2019064569295885,7.024248943018485,5.121405994248828
601200,C/+Lzeou2LizQySX67M2667gb5DYL8ydseiRleWccoX3IZo1wEXxWMFuLlHF23Qr,4.1527224394651245,6.498477903997753,4.918399825330432
601500,C/+Lzeou2LizQySX67M2667gb5DYL8ydseiRleWccoX3IZo1wEXxWMFuLlHF23Qr,3.990346939967348,6.861765195246304,5.136944101794144
601800,C/+Lzeou2LizQySX67M2667gb5DYL8ydseiRleWccoX3IZo1wEXxWMFuLlHF23Qr,4.497557587477676,6.313161233727261,5.102148264954406
602100,C/+Lzeou2LizQySX67M2667gb5DYL8ydseiRleWccoX3IZo1wEXxWMFuLlHF23Qr,4.653789953307739,7.138856800927619,5.600507979026251
602400,C/+Lzeou2LizQySX67M2667gb5DYL8ydseiRleWccoX3IZo1wEXxWMFuLlHF23Qr,4.404790317849794,7.71605317539329,5.159543920074118
602700,C/+Lzeou2LizQySX67M2667gb5DYL8ydseiRleWccoX3IZo1wEXxWMFuLlHF23Qr,4.48158169221364,7.35761005019991,5.481024710830897
603000,C/+Lzeou2LizQySX67M2667gb5DYL8ydseiRleWccoX3IZo1wEXxWMFuLlHF23Qr,4.066938995161231,6.748185216064043,4.909338729623777
603300,C/+Lzeou2LizQySX67M2667gb5DYL8ydseiRleWccoX3IZo1wEXxWMFuLlHF23Qr,4.0533907004467835,7.16958200019186,5.158167850763638
603600,C/+Lzeou2LizQySX67M2667gb5DYL8ydseiRleWccoX3IZo1wEXxWMFuLlHF23Qr,3.980618810194284,7.52122400904773,4.908002115975978
603900,C/+Lzeou2LizQySX67M2667gb5DYL8ydseiRleWccoX3IZo1wEXxWMFuLlHF23Qr,3.98016337436897,7.429380421329386,5.248336811935651
604200,C/+Lzeou2LizQySX67M2667gb5DYL8ydseiRleWccoX3IZo1wEXxWMFuLlHF23Qr,4.050895354389243,7.728602881133005,4.856160700482575
604500,C/+Lzeou2LizQySX67M2667gb5DYL8ydseiRleWccoX3IZo1wEXxWMFuLlHF23Qr,4.128647250115784,7.47017855995517,5.4371335821067595
604800,C/+Lzeou2LizQySX67M2667gb5DYL8ydseiRleWccoX3IZo1wEXxWMFuLlHF23Qr,4.040166464389883,7.175066981344526,4.879212342587241
605100,C/+Lzeou2LizQySX67M2667gb5DYL8ydseiRleWccoX3IZo1wEXxWMFuLlHF23Qr,4.070508607310792,7.5019284985857055,5.206672211700116
605400,C/+Lzeou2LizQySX67M2667gb5DYL8ydseiRleWccoX3IZo1wEXxWMFuLlHF23Qr,4.055180361432422,7.22783827445568,4.846070223787302
605700,C/+Lzeou2LizQySX67M2667gb5DYL8ydseiRleWccoX3IZo1wEXxWMFuLlHF23Qr,4.1732842771783645,7.4190877062440705,5.31507834546462
606000,C/+Lzeou2LizQySX67M2667gb5DYL8ydseiRleWccoX3IZo1wEXxWMFuLlHF23Qr,4.142527590044965,7.358998494721726,4.922458282127905
606300,C/+Lzeou2LizQySX67M2667gb5DYL8ydseiRleWccoX3IZo1wEXxWMFuLlHF23Qr,4.119358669991898,7.747330828497651,5.500767215441128
606600,C/+Lzeou2LizQySX67M2667gb5DYL8ydseiRleWccoX3IZo1wEXxWMFuLlHF23Qr,4.196535700123089,7.4885357757558735,4.97209343029368
606900,C/+Lzeou2LizQySX67M2667gb5DYL8ydseiRleWccoX3IZo1wEXxWMFuLlHF23Qr,4.06901461753972,7.2673880861848845,5.243103187616903
607200,C/+Lzeou2LizQySX67M2667gb5DYL8ydseiRleWccoX3IZo1wEXxWMFuLlHF23Qr,4.12225841219593,7.214244467453435,4.932298639668699
607500,C/+Lzeou2LizQySX67M2667gb5DYL8ydseiRleWccoX3IZo1wEXxWMFuLlHF23Qr,4.16525079312785,7.282724510412546,5.274433698566673
607800,C/+Lzeou2LizQySX67M2667gb5DYL8ydseiRleWccoX3IZo1wEXxWMFuLlHF23Qr,4.174706764925503,7.446542707950166,5.070395739456265
608100,C/+Lzeou2LizQySX67M2667gb5DYL8ydseiRleWccoX3IZo1wEXxWMFuLlHF23Qr,4.286678233574907,7.399409409649357,5.349247608722388
608400,C/+Lzeou2LizQySX67M2667gb5DYL8ydseiRleWccoX3IZo1wEXxWMFuLlHF23Qr,4.162761403236018,8.068385535532073,5.028623786533967
608700,C/+Lzeou2LizQySX67M2667gb5DYL8ydseiRleWccoX3IZo1wEXxWMFuLlHF23Qr,4.1082449538300025,7.458604255067578,5.287775849861284
609000,C/+Lzeou2LizQySX67M2667gb5DYL8ydseiRleWccoX3IZo1wEXxWMFuLlHF23Qr,4.068385836620749,6.2022373159473165,4.858383536341408
609300,C/+Lzeou2LizQySX67M2667gb5DYL8ydseiRleWccoX3IZo1wEXxWMFuLlHF23Qr,4.324775965980027,7.784729508996143,5.722044644641309
609600,C/+Lzeou2LizQySX67M2667gb5DYL8ydseiRleWccoX3IZo1wEXxWMFuLlHF23Qr,4.187616643359389,6.3067623788961615,4.948517606587632
609900,C/+Lzeou2LizQySX67M2667gb5DYL8ydseiRleWccoX3IZo1wEXxWMFuLlHF23Qr,4.402625647865246,6.765550594073124,5.411437972165593
610200,C/+Lzeou2LizQySX67M2667gb5DYL8ydseiRleWccoX3IZo1wEXxWMFuLlHF23Qr,4.193367696238301,6.333458021503634,4.926749804880403
610500,C/+Lzeou2LizQySX67M2667gb5DYL8ydseiRleWccoX3IZo1wEXxWMFuLlHF23Qr,3.782363167011416,8.035120329163467,5.2037877849758525
610800,C/+Lzeou2LizQySX67M2667gb5DYL8ydseiRleWccoX3IZo1wEXxWMFuLlHF23Qr,4.017435686387232,6.761719384448004,4.96055704518917
611100,C/+Lzeou2LizQySX67M2667gb5DYL8ydseiRleWccoX3IZo1wEXxWMFuLlHF23Qr,4.3646055023152766,7.95538855753335,5.262021085134295
611400,C/+Lzeou2LizQySX67M2667gb5DYL8ydseiRleWccoX3IZo1wEXxWMFuLlHF23Qr,4.241669954422632,6.465703482904665,4.940800629998419
611700,C/+Lzeou2LizQySX67M2667gb5DYL8ydseiRleWccoX3IZo1wEXxWMFuLlHF23Qr,4.244282014732528,8.622857774109022,5.300155076263166
612000,C/+Lzeou2LizQySX67M2667gb5DYL8ydseiRleWccoX3IZo1wEXxWMFuLlHF23Qr,4.164062500849094,6.260952074401123,4.899752392059111
612300,C/+Lzeou2LizQySX67M2667gb5DYL8ydseiRleWccoX3IZo1wEXxWMFuLlHF23Qr,4.142397319253657,8.369962569953914,5.158396110687177
612600,C/+Lzeou2LizQySX67M2667gb5DYL8ydseiRleWccoX3IZo1wEXxWMFuLlHF23Qr,3.895983280933872,6.427030534956798,4.888781277723672
612900,C/+Lzeou2LizQySX67M2667gb5DYL8ydseiRleWccoX3IZo1wEXxWMFuLlHF23Qr,4.35335873148437,8.372181613526136,5.336045614446605
613200,C/+Lzeou2LizQySX67M2667gb5DYL8ydseiRleWccoX3IZo1wEXxWMFuLlHF23Qr,4.102311668701125,6.476304196492404,4.947758616730475
613500,C/+Lzeou2LizQySX67M2667gb5DYL8ydseiRleWccoX3IZo1wEXxWMFuLlHF23Qr,4.563803961102496,8.830526021085873,5.661065506308323
613800,C/+Lzeou2LizQySX67M2667gb5DYL8ydseiRleWccoX3IZo1wEXxWMFuLlHF23Qr,4.16199248413945,6.626276218339539,5.139856069906341
614100,C/+Lzeou2LizQySX67M2667gb5DYL8ydseiRleWccoX3IZo1wEXxWMFuLlHF23Qr,4.182534361826993,8.514349426295166,5.337668526367523
614400,C/+Lzeou2LizQySX67M2667gb5DYL8ydseiRleWccoX3IZo1wEXxWMFuLlHF23Qr,4.236775157844972,6.230374967351033,4.9565585779416566
614700,C/+Lzeou2LizQySX67M2667gb5DYL8ydseiRleWccoX3IZo1wEXxWMFuLlHF23Qr,4.445478960396327,8.648103590198915,5.369807608411322
615000,C/+Lzeou2LizQySX67M2667gb5DYL8ydseiRleWccoX3IZo1wEXxWMFuLlHF23Qr,4.30270406286464,6.199791535529156,4.9095022218762026
615300,C/+Lzeou2LizQySX67M2667gb5DYL8ydseiRleWccoX3IZo1wEXxWMFuLlHF23Qr,4.217591221054217,7.88965936717764,5.379652886746378
615600,C/+Lzeou2LizQySX67M2667gb5DYL8ydseiRleWccoX3IZo1wEXxWMFuLlHF23Qr,4.551104725043683,27.91962017636903,7.439808390610698
615900,C/+Lzeou2LizQySX67M2667gb5DYL8ydseiRleWccoX3IZo1wEXxWMFuLlHF23Qr,4.211896286157123,8.14241649905405,5.457655295710844
616200,C/+Lzeou2LizQySX67M2667gb5DYL8ydseiRleWccoX3IZo1wEXxWMFuLlHF23Qr,4.177191653420217,7.102153571677902,4.929342684423501
616500,C/+Lzeou2LizQySX67M2667gb5DYL8ydseiRleWccoX3IZo1wEXxWMFuLlHF23Qr,4.201362747162476,7.72110862806532,5.3811914703041515
616800,C/+Lzeou2LizQySX67M2667gb5DYL8ydseiRleWccoX3IZo1wEXxWMFuLlHF23Qr,4.099488625788476,7.769798233562277,5.344953396349039
617100,C/+Lzeou2LizQySX67M2667gb5DYL8ydseiRleWccoX3IZo1wEXxWMFuLlHF23Qr,4.331886275091806,7.013388931181556,5.582872579872353
617400,C/+Lzeou2LizQySX67M2667gb5DYL8ydseiRleWccoX3IZo1wEXxWMFuLlHF23Qr,4.210034226637748,9.060303175427277,5.772433057973829
617700,C/+Lzeou2LizQySX67M2667gb5DYL8ydseiRleWccoX3IZo1wEXxWMFuLlHF23Qr,4.0935886205980605,7.156670803894108,5.222877909010612
618000,C/+Lzeou2LizQySX67M2667gb5DYL8ydseiRleWccoX3IZo1wEXxWMFuLlHF23Qr,4.097079681757074,7.213778458020865,4.9632713560438955
618300,C/+Lzeou2LizQySX67M2667gb5DYL8ydseiRleWccoX3IZo1wEXxWMFuLlHF23Qr,4.222668279278737,7.158158637210671,5.306143823305548
618600,C/+Lzeou2LizQySX67M2667gb5DYL8ydseiRleWccoX3IZo1wEXxWMFuLlHF23Qr,3.89504773516652,6.872947055439861,4.882199002270736
618900,C/+Lzeou2LizQySX67M2667gb5DYL8ydseiRleWccoX3IZo1wEXxWMFuLlHF23Qr,4.187761797356058,7.8046130057677985,5.2801779574291
619200,C/+Lzeou2LizQySX67M2667gb5DYL8ydseiRleWccoX3IZo1wEXxWMFuLlHF23Qr,3.989356744727032,6.468392312654552,4.91015491055306
619500,C/+Lzeou2LizQySX67M2667gb5DYL8ydseiRleWccoX3IZo1wEXxWMFuLlHF23Qr,4.235843822826416,7.752105548074245,5.339771578597475
619800,C/+Lzeou2LizQySX67M2667gb5DYL8ydseiRleWccoX3IZo1wEXxWMFuLlHF23Qr,4.1565743552199,6.643526365076886,4.98234797060279
620100,C/+Lzeou2LizQySX67M2667gb5DYL8ydseiRleWccoX3IZo1wEXxWMFuLlHF23Qr,4.55346879365603,7.837333540547089,5.431672222446282
620400,C/+Lzeou2LizQySX67M2667gb5DYL8ydseiRleWccoX3IZo1wEXxWMFuLlHF23Qr,4.0480771065722765,7.436248890671685,5.03527436735617
620700,C/+Lzeou2LizQySX67M2667gb5DYL8ydseiRleWccoX3IZo1wEXxWMFuLlHF23Qr,4.208579439089074,7.76752234749671,5.332992234993179
621000,C/+Lzeou2LizQySX67M2667gb5DYL8ydseiRleWccoX3IZo1wEXxWMFuLlHF23Qr,4.003506354497789,7.641693372378672,5.443907635304229
621300,C/+Lzeou2LizQySX67M2667gb5DYL8ydseiRleWccoX3IZo1wEXxWMFuLlHF23Qr,4.132786585536072,7.896598770142413,5.256409409520943
621600,C/+Lzeou2LizQySX67M2667gb5DYL8ydseiRleWccoX3IZo1wEXxWMFuLlHF23Qr,3.7639433008777914,6.797604761648204,4.809458818417366
621900,C/+Lzeou2LizQySX67M2667gb5DYL8ydseiRleWccoX3IZo1wEXxWMFuLlHF23Qr,4.218571317523269,7.853066623084104,5.3870162384658045
622200,C/+Lzeou2LizQySX67M2667gb5DYL8ydseiRleWccoX3IZo1wEXxWMFuLlHF23Qr,4.0899707154696925,6.348699778150824,4.887799853427072
622500,C/+Lzeou2LizQySX67M2667gb5DYL8ydseiRleWccoX3IZo1wEXxWMFuLlHF23Qr,4.218848475023806,7.756122854195123,5.3353058150309325
622800,C/+Lzeou2LizQySX67M2667gb5DYL8ydseiRleWccoX3IZo1wEXxWMFuLlHF23Qr,4.351073084963923,6.91977880885805,5.065159771411407
623100,C/+Lzeou2LizQySX67M2667gb5DYL8ydseiRleWccoX3IZo1wEXxWMFuLlHF23Qr,3.751227756707472,6.9508696631987865,5.078297541562561
623400,C/+Lzeou2LizQySX67M2667gb5DYL8ydseiRleWccoX3IZo1wEXxWMFuLlHF23Qr,4.318623904521215,6.185044838621441,5.22768712756744
623700,C/+Lzeou2LizQySX67M2667gb5DYL8ydseiRleWccoX3IZo1wEXxWMFuLlHF23Qr,4.261667978655149,8.21347453363758,5.468953077864099
624000,C/+Lzeou2LizQySX67M2667gb5DYL8ydseiRleWccoX3IZo1wEXxWMFuLlHF23Qr,4.126667219664686,6.458216867591914,4.815202362957416
624300,C/+Lzeou2LizQySX67M2667gb5DYL8ydseiRleWccoX3IZo1wEXxWMFuLlHF23Qr,4.390387179360486,7.32200262377679,5.248598231415435
624600,C/+Lzeou2LizQySX67M2667gb5DYL8ydseiRleWccoX3IZo1wEXxWMFuLlHF23Qr,4.18323304295799,6.419078411386978,4.982137082702506
624900,C/+Lzeou2LizQySX67M2667gb5DYL8ydseiRleWccoX3IZo1wEXxWMFuLlHF23Qr,4.183624333727147,7.092640889878476,5.2385430262503965
625200,C/+Lzeou2LizQySX67M2667gb5DYL8ydseiRleWccoX3IZo1wEXxWMFuLlHF23Qr,4.2207387869682975,6.57484758590872,4.937971621268682
625500,C/+Lzeou2LizQySX67M2667gb5DYL8ydseiRleWccoX3IZo1wEXxWMFuLlHF23Qr,4.260499321814008,7.55068902644645,5.361766230465999
625800,C/+Lzeou2LizQySX67M2667gb5DYL8ydseiRleWccoX3IZo1wEXxWMFuLlHF23Qr,4.108914879967757,6.454338394409221,5.024851206089593
626100,C/+Lzeou2LizQySX67M2667gb5DYL8ydseiRleWccoX3IZo1wEXxWMFuLlHF23Qr,4.496384753613186,7.851108623749659,5.289504498484948
626400,C/+Lzeou2LizQySX67M2667gb5DYL8ydseiRleWccoX3IZo1wEXxWMFuLlHF23Qr,4.500174475636061,6.5831519497481175,5.307304657027358
626700,C/+Lzeou2LizQySX67M2667gb5DYL8ydseiRleWccoX3IZo1wEXxWMFuLlHF23Qr,4.29947721984556,7.820297506216437,5.348253634277526
627000,C/+Lzeou2LizQySX67M2667gb5DYL8ydseiRleWccoX3IZo1wEXxWMFuLlHF23Qr,4.517037954089483,6.238864644694866,5.083080645755988
627300,C/+Lzeou2LizQySX67M2667gb5DYL8ydseiRleWccoX3IZo1wEXxWMFuLlHF23Qr,4.228654492986425,7.399600758642294,5.342884124412416
627600,C/+Lzeou2LizQySX67M2667gb5DYL8ydseiRleWccoX3IZo1wEXxWMFuLlHF23Qr,4.026806216350728,6.371662134899416,4.919128761797278
627900,C/+Lzeou2LizQySX67M2667gb5DYL8ydseiRleWccoX3IZo1wEXxWMFuLlHF23Qr,4.443660084241189,7.156673287836287,5.412715706103333
628200,C/+Lzeou2LizQySX67M2667gb5DYL8ydseiRleWccoX3IZo1wEXxWMFuLlHF23Qr,4.087618320862945,6.264589478559627,5.062451936128428
628500,C/+Lzeou2LizQySX67M2667gb5DYL8ydseiRleWccoX3IZo1wEXxWMFuLlHF23Qr,4.1712625243493004,6.672055303345439,5.218539528282952
628800,C/+Lzeou2LizQySX67M2667gb5DYL8ydseiRleWccoX3IZo1wEXxWMFuLlHF23Qr,4.042182806418721,6.087421872380985,4.892628158317916
629100,C/+Lzeou2LizQySX67M2667gb5DYL8ydseiRleWccoX3IZo1wEXxWMFuLlHF23Qr,4.36736363384322,6.735711198402232,5.315096707597665
629400,C/+Lzeou2LizQySX67M2667gb5DYL8ydseiRleWccoX3IZo1wEXxWMFuLlHF23Qr,4.1887364149812205,6.82087492266988,4.954820836184463
629700,C/+Lzeou2LizQySX67M2667gb5DYL8ydseiRleWccoX3IZo1wEXxWMFuLlHF23Qr,4.219360614990359,6.964537067261219,5.3118700291110414
630000,C/+Lzeou2LizQySX67M2667gb5DYL8ydseiRleWccoX3IZo1wEXxWMFuLlHF23Qr,4.141409756936193,7.067861166183261,4.93493745584938
630300,C/+Lzeou2LizQySX67M2667gb5DYL8ydseiRleWccoX3IZo1wEXxWMFuLlHF23Qr,4.210476608988572,6.912706062308783,5.289528123491574
630600,C/+Lzeou2LizQySX67M2667gb5DYL8ydseiRleWccoX3IZo1wEXxWMFuLlHF23Qr,4.314028057525464,6.54868170934154,4.918251469953392
630900,C/+Lzeou2LizQySX67M2667gb5DYL8ydseiRleWccoX3IZo1wEXxWMFuLlHF23Qr,3.9573751066755465,7.085645428577937,5.340197381080908
631200,C/+Lzeou2LizQySX67M2667gb5DYL8ydseiRleWccoX3IZo1wEXxWMFuLlHF23Qr,4.160202685074816,6.959532590747389,5.0621557883722
631500,C/+Lzeou2LizQySX67M2667gb5DYL8ydseiRleWccoX3IZo1wEXxWMFuLlHF23Qr,4.083354689615326,7.60711508990766,5.574916030621304
631800,C/+Lzeou2LizQySX67M2667gb5DYL8ydseiRleWccoX3IZo1wEXxWMFuLlHF23Qr,4.248342945379553,6.986404396961518,5.161490976621185
632100,C/+Lzeou2LizQySX67M2667gb5DYL8ydseiRleWccoX3IZo1wEXxWMFuLlHF23Qr,4.168478119861105,7.188220044771676,5.55799848752492
632400,C/+Lzeou2LizQySX67M2667gb5DYL8ydseiRleWccoX3IZo1wEXxWMFuLlHF23Qr,4.042339389250569,6.705602068106694,5.1205390799020725
632700,C/+Lzeou2LizQySX67M2667gb5DYL8ydseiRleWccoX3IZo1wEXxWMFuLlHF23Qr,4.267475580711499,10.29779226463486,5.574940225443178
633000,C/+Lzeou2LizQySX67M2667gb5DYL8ydseiRleWccoX3IZo1wEXxWMFuLlHF23Qr,3.957867325074186,6.8503655975277775,4.957735347706362
633300,C/+Lzeou2LizQySX67M2667gb5DYL8ydseiRleWccoX3IZo1wEXxWMFuLlHF23Qr,3.907086979787792,7.43956531308385,5.38265616961252
633600,C/+Lzeou2LizQySX67M2667gb5DYL8ydseiRleWccoX3IZo1wEXxWMFuLlHF23Qr,3.820855574732434,6.992329045887661,4.9690299747110735
633900,C/+Lzeou2LizQySX67M2667gb5DYL8ydseiRleWccoX3IZo1wEXxWMFuLlHF23Qr,4.307659727496274,6.813657648762352,5.3415044837989045
634200,C/+Lzeou2LizQySX67M2667gb5DYL8ydseiRleWccoX3IZo1wEXxWMFuLlHF23Qr,3.9483221928291146,6.683695645022718,4.909832352706026
634500,C/+Lzeou2LizQySX67M2667gb5DYL8ydseiRleWccoX3IZo1wEXxWMFuLlHF23Qr,4.339044984459898,7.327297728949778,5.407171101317528
634800,C/+Lzeou2LizQySX67M2667gb5DYL8ydseiRleWccoX3IZo1wEXxWMFuLlHF23Qr,4.415676776293782,6.881344920915036,5.00908295112865
635100,C/+Lzeou2LizQySX67M2667gb5DYL8ydseiRleWccoX3IZo1wEXxWMFuLlHF23Qr,4.478732041653152,7.166945373237463,5.269717748410344
635400,C/+Lzeou2LizQySX67M2667gb5DYL8ydseiRleWccoX3IZo1wEXxWMFuLlHF23Qr,4.51336843786046,6.341683232622824,5.043160978351648
635700,C/+Lzeou2LizQySX67M2667gb5DYL8ydseiRleWccoX3IZo1wEXxWMFuLlHF23Qr,4.130838072703775,6.742043829421456,5.187230262320628
636000,C/+Lzeou2LizQySX67M2667gb5DYL8ydseiRleWccoX3IZo1wEXxWMFuLlHF23Qr,4.220029967200705,6.207520214867146,4.8695839802846965
636300,C/+Lzeou2LizQySX67M2667gb5DYL8ydseiRleWccoX3IZo1wEXxWMFuLlHF23Qr,4.323125121287833,6.9906048356141435,5.355598493271944
636600,C/+Lzeou2LizQySX67M2667gb5DYL8ydseiRleWccoX3IZo1wEXxWMFuLlHF23Qr,4.318993737570016,6.0846468693451925,4.927235019526697
636900,C/+Lzeou2LizQySX67M2667gb5DYL8ydseiRleWccoX3IZo1wEXxWMFuLlHF23Qr,4.2803811380626735,6.7786990671235445,5.38567324131066
637200,C/+Lzeou2LizQySX67M2667gb5DYL8ydseiRleWccoX3IZo1wEXxWMFuLlHF23Qr,4.246123987064673,6.83133233721083,5.265637507293742
637500,C/+Lzeou2LizQySX67M2667gb5DYL8ydseiRleWccoX3IZo1wEXxWMFuLlHF23Qr,4.159770303159297,7.283966655241738,5.342775808796596
637800,C/+Lzeou2LizQySX67M2667gb5DYL8ydseiRleWccoX3IZo1wEXxWMFuLlHF23Qr,4.162909787553984,6.5518510098970975,4.9661299776223045
638100,C/+Lzeou2LizQySX67M2667gb5DYL8ydseiRleWccoX3IZo1wEXxWMFuLlHF23Qr,4.178502943909792,7.160673959884464,5.388627238193817
638400,C/+Lzeou2LizQySX67M2667gb5DYL8ydseiRleWccoX3IZo1wEXxWMFuLlHF23Qr,4.1409386023284585,6.792319953417096,4.989672594705092
638700,C/+Lzeou2LizQySX67M2667gb5DYL8ydseiRleWccoX3IZo1wEXxWMFuLlHF23Qr,4.162064313258014,7.429369370603531,5.45901068830312
639000,C/+Lzeou2LizQySX67M2667gb5DYL8ydseiRleWccoX3IZo1wEXxWMFuLlHF23Qr,4.423562981281585,6.133386693258648,5.204040246475131
639300,C/+Lzeou2LizQySX67M2667gb5DYL8ydseiRleWccoX3IZo1wEXxWMFuLlHF23Qr,4.194636294603093,7.342271874029724,5.402555853246029
639600,C/+Lzeou2LizQySX67M2667gb5DYL8ydseiRleWccoX3IZo1wEXxWMFuLlHF23Qr,4.362984175448809,6.4017367053165355,4.992828583898189
639900,C/+Lzeou2LizQySX67M2667gb5DYL8ydseiRleWccoX3IZo1wEXxWMFuLlHF23Qr,4.081332632927519,6.931225082318544,5.347637747487763
640200,C/+Lzeou2LizQySX67M2667gb5DYL8ydseiRleWccoX3IZo1wEXxWMFuLlHF23Qr,4.438023453544371,6.10087449584506,4.937355511689639
640500,C/+Lzeou2LizQySX67M2667gb5DYL8ydseiRleWccoX3IZo1wEXxWMFuLlHF23Qr,4.597805697793559,6.481396790081448,5.396850422960598
640800,C/+Lzeou2LizQySX67M2667gb5DYL8ydseiRleWccoX3IZo1wEXxWMFuLlHF23Qr,4.210644788167856,6.325124896374664,5.0683874218472695
641100,C/+Lzeou2LizQySX67M2667gb5DYL8ydseiRleWccoX3IZo1wEXxWMFuLlHF23Qr,4.594673849453902,6.413875608856617,5.288623536694052
641400,C/+Lzeou2LizQySX67M2667gb5DYL8ydseiRleWccoX3IZo1wEXxWMFuLlHF23Qr,4.268102101322446,6.517884115392143,4.965534875575828
641700,C/+Lzeou2LizQySX67M2667gb5DYL8ydseiRleWccoX3IZo1wEXxWMFuLlHF23Qr,4.278731641615074,6.648483983190566,5.25955398823016
642000,C/+Lzeou2LizQySX67M2667gb5DYL8ydseiRleWccoX3IZo1wEXxWMFuLlHF23Qr,4.202602249442146,6.897275404657157,5.017700833683984
642300,C/+Lzeou2LizQySX67M2667gb5DYL8ydseiRleWccoX3IZo1wEXxWMFuLlHF23Qr,4.422123833098522,7.3641493073396145,5.411477959920092
642600,C/+Lzeou2LizQySX67M2667gb5DYL8ydseiRleWccoX3IZo1wEXxWMFuLlHF23Qr,4.242120985067297,7.469950470120698,5.1510370146260565
642900,C/+Lzeou2LizQySX67M2667gb5DYL8ydseiRleWccoX3IZo1wEXxWMFuLlHF23Qr,4.2355584460995646,6.893519223480004,5.285198729855382
643200,C/+Lzeou2LizQySX67M2667gb5DYL8ydseiRleWccoX3IZo1wEXxWMFuLlHF23Qr,3.8417893199768263,6.823985770606537,4.9628078934054205
643500,C/+Lzeou2LizQySX67M2667gb5DYL8ydseiRleWccoX3IZo1wEXxWMFuLlHF23Qr,4.331973305786015,7.236404707466848,5.134905957874024
643800,C/+Lzeou2LizQySX67M2667gb5DYL8ydseiRleWccoX3IZo1wEXxWMFuLlHF23Qr,4.474114615335943,7.22730643021167,5.1021619224095645
644100,C/+Lzeou2LizQySX67M2667gb5DYL8ydseiRleWccoX3IZo1wEXxWMFuLlHF23Qr,4.197281776756178,6.682983127170155,5.303345748286402
644400,C/+Lzeou2LizQySX67M2667gb5DYL8ydseiRleWccoX3IZo1wEXxWMFuLlHF23Qr,4.24454366231039,6.637542772047799,4.991197700617984
644700,C/+Lzeou2LizQySX67M2667gb5DYL8ydseiRleWccoX3IZo1wEXxWMFuLlHF23Qr,4.18658203956305,6.63339845713077,5.135880827794451
645000,C/+Lzeou2LizQySX67M2667gb5DYL8ydseiRleWccoX3IZo1wEXxWMFuLlHF23Qr,4.135389737797564,6.936258798799033,4.936492502444777
645300,C/+Lzeou2LizQySX67M2667gb5DYL8ydseiRleWccoX3IZo1wEXxWMFuLlHF23Qr,4.198067940980113,6.727579120163576,5.208539784851462
645600,C/+Lzeou2LizQySX67M2667gb5DYL8ydseiRleWccoX3IZo1wEXxWMFuLlHF23Qr,4.115669118677931,6.840825157132081,4.8324236621307035
645900,C/+Lzeou2LizQySX67M2667gb5DYL8ydseiRleWccoX3IZo1wEXxWMFuLlHF23Qr,4.204573924716204,7.099350099572863,5.263364683318198
646200,C/+Lzeou2LizQySX67M2667gb5DYL8ydseiRleWccoX3IZo1wEXxWMFuLlHF23Qr,4.328776239705833,6.889342957651198,4.934779337588847
646500,C/+Lzeou2LizQySX67M2667gb5DYL8ydseiRleWccoX3IZo1wEXxWMFuLlHF23Qr,4.04262098314944,6.799915428938314,5.132125777877156
646800,C/+Lzeou2LizQySX67M2667gb5DYL8ydseiRleWccoX3IZo1wEXxWMFuLlHF23Qr,4.212786926687154,6.297231338097737,4.858124872824814
647100,C/+Lzeou2LizQySX67M2667gb5DYL8ydseiRleWccoX3IZo1wEXxWMFuLlHF23Qr,4.1489574384400845,6.681277799791114,4.931065753103674
647400,C/+Lzeou2LizQySX67M2667gb5DYL8ydseiRleWccoX3IZo1wEXxWMFuLlHF23Qr,4.27140388463203,6.71380902509687,5.072554140575247
647700,C/+Lzeou2LizQySX67M2667gb5DYL8ydseiRleWccoX3IZo1wEXxWMFuLlHF23Qr,4.1486285871275514,6.838824081185653,4.840637964441866
648000,C/+Lzeou2LizQySX67M2667gb5DYL8ydseiRleWccoX3IZo1wEXxWMFuLlHF23Qr,4.249040465250657,7.4842023870301855,5.208106899084026
648300,C/+Lzeou2LizQySX67M2667gb5DYL8ydseiRleWccoX3IZo1wEXxWMFuLlHF23Qr,4.2960699502618365,6.7322610152073725,4.9146369856498495
648600,C/+Lzeou2LizQySX67M2667gb5DYL8ydseiRleWccoX3IZo1wEXxWMFuLlHF23Qr,4.301157524115239,6.964912804308699,5.074677501870429
648900,C/+Lzeou2LizQySX67M2667gb5DYL8ydseiRleWccoX3IZo1wEXxWMFuLlHF23Qr,3.9193811322711647,6.427567342405947,5.01256678079597
649200,C/+Lzeou2LizQySX67M2667gb5DYL8ydseiRleWccoX3IZo1wEXxWMFuLlHF23Qr,4.142485278435275,6.9507783953381015,5.07789325615607
649500,C/+Lzeou2LizQySX67M2667gb5DYL8ydseiRleWccoX3IZo1wEXxWMFuLlHF23Qr,4.3745002715251164,6.958371312758474,5.043956948591049
649800,C/+Lzeou2LizQySX67M2667gb5DYL8ydseiRleWccoX3IZo1wEXxWMFuLlHF23Qr,4.174361699222454,6.860802084777788,5.16030318464494
650100,C/+Lzeou2LizQySX67M2667gb5DYL8ydseiRleWccoX3IZo1wEXxWMFuLlHF23Qr,4.314745499281333,6.812648884993824,4.9407089231878585
650400,C/+Lzeou2LizQySX67M2667gb5DYL8ydseiRleWccoX3IZo1wEXxWMFuLlHF23Qr,4.208747355461272,6.8970641192951785,5.048133915422245
650700,C/+Lzeou2LizQySX67M2667gb5DYL8ydseiRleWccoX3IZo1wEXxWMFuLlHF23Qr,4.385014862640615,6.537679608845797,5.0272844400769054
651000,C/+Lzeou2LizQySX67M2667gb5DYL8ydseiRleWccoX3IZo1wEXxWMFuLlHF23Qr,4.235148489385332,6.657987068046941,5.010932831881185
651300,C/+Lzeou2LizQySX67M2667gb5DYL8ydseiRleWccoX3IZo1wEXxWMFuLlHF23Qr,4.32517772819561,6.635659937031809,5.030994952146048
651600,C/+Lzeou2LizQySX67M2667gb5DYL8ydseiRleWccoX3IZo1wEXxWMFuLlHF23Qr,4.3646388550224735,11.240144322407913,5.782371130420512
651900,C/+Lzeou2LizQySX67M2667gb5DYL8ydseiRleWccoX3IZo1wEXxWMFuLlHF23Qr,4.440092885015795,6.284219590003398,4.9621932718865915
652200,C/+Lzeou2LizQySX67M2667gb5DYL8ydseiRleWccoX3IZo1wEXxWMFuLlHF23Qr,4.460532855111621,6.337434336135769,4.904887444592051
652500,C/+Lzeou2LizQySX67M2667gb5DYL8ydseiRleWccoX3IZo1wEXxWMFuLlHF23Qr,4.336601679177247,9.298969526275684,5.588384792923521
652800,C/+Lzeou2LizQySX67M2667gb5DYL8ydseiRleWccoX3IZo1wEXxWMFuLlHF23Qr,4.6317197729907775,7.268949414650385,5.220014997161117
653100,C/+Lzeou2LizQySX67M2667gb5DYL8ydseiRleWccoX3IZo1wEXxWMFuLlHF23Qr,4.168709696878917,6.125192849060058,5.007478903697168
653400,C/+Lzeou2LizQySX67M2667gb5DYL8ydseiRleWccoX3IZo1wEXxWMFuLlHF23Qr,4.285211198411313,6.6615480094165065,5.0684578254132795
653700,C/+Lzeou2LizQySX67M2667gb5DYL8ydseiRleWccoX3IZo1wEXxWMFuLlHF23Qr,4.124991891142768,6.3756076124809,4.9649441591326084
654000,C/+Lzeou2LizQySX67M2667gb5DYL8ydseiRleWccoX3IZo1wEXxWMFuLlHF23Qr,4.3446587958007035,6.387752519568832,5.03326929471628
654300,C/+Lzeou2LizQySX67M2667gb5DYL8ydseiRleWccoX3IZo1wEXxWMFuLlHF23Qr,4.2812789096682655,6.415387879660704,4.966376887141153
654600,C/+Lzeou2LizQySX67M2667gb5DYL8ydseiRleWccoX3IZo1wEXxWMFuLlHF23Qr,4.286395774531472,6.550224707082716,4.979321415196269
654900,C/+Lzeou2LizQySX67M2667gb5DYL8ydseiRleWccoX3IZo1wEXxWMFuLlHF23Qr,4.159036283234324,6.322496252945955,4.856699926006519
655200,C/+Lzeou2LizQySX67M2667gb5DYL8ydseiRleWccoX3IZo1wEXxWMFuLlHF23Qr,4.3157692090374935,6.773043624486909,5.1726634976592285
655500,C/+Lzeou2LizQySX67M2667gb5DYL8ydseiRleWccoX3IZo1wEXxWMFuLlHF23Qr,4.36028804583294,6.989837144214715,5.170100126551985
655800,C/+Lzeou2LizQySX67M2667gb5DYL8ydseiRleWccoX3IZo1wEXxWMFuLlHF23Qr,4.130232683557811,6.93795624416658,4.973375940331304
656100,C/+Lzeou2LizQySX67M2667gb5DYL8ydseiRleWccoX3IZo1wEXxWMFuLlHF23Qr,4.258827023475436,6.874688030988916,4.956689505414207
656400,C/+Lzeou2LizQySX67M2667gb5DYL8ydseiRleWccoX3IZo1wEXxWMFuLlHF23Qr,4.008509532044136,6.732420059245634,4.959790989639704
656700,C/+Lzeou2LizQySX67M2667gb5DYL8ydseiRleWccoX3IZo1wEXxWMFuLlHF23Qr,4.224394654861136,6.882011177189352,4.964240485728741
657000,C/+Lzeou2LizQySX67M2667gb5DYL8ydseiRleWccoX3IZo1wEXxWMFuLlHF23Qr,4.179381138128136,7.12193315190555,5.0708147472154765
657300,C/+Lzeou2LizQySX67M2667gb5DYL8ydseiRleWccoX3IZo1wEXxWMFuLlHF23Qr,4.3305458229686575,6.849730978408156,5.031101053345074
657600,C/+Lzeou2LizQySX67M2667gb5DYL8ydseiRleWccoX3IZo1wEXxWMFuLlHF23Qr,4.155359561117719,6.7802468550654345,5.072466347823178
657900,C/+Lzeou2LizQySX67M2667gb5DYL8ydseiRleWccoX3IZo1wEXxWMFuLlHF23Qr,4.144657820029494,6.563176003021056,4.824679922683061
658200,C/+Lzeou2LizQySX67M2667gb5DYL8ydseiRleWccoX3IZo1wEXxWMFuLlHF23Qr,4.440434793720189,6.296790300110173,4.983107151034738
658500,C/+Lzeou2LizQySX67M2667gb5DYL8ydseiRleWccoX3IZo1wEXxWMFuLlHF23Qr,4.073677050399805,6.74898923355259,4.84933240904944
658800,C/+Lzeou2LizQySX67M2667gb5DYL8ydseiRleWccoX3IZo1wEXxWMFuLlHF23Qr,4.2382922809289125,6.8483069090099065,5.088844036270565
659100,C/+Lzeou2LizQySX67M2667gb5DYL8ydseiRleWccoX3IZo1wEXxWMFuLlHF23Qr,4.1193919763902205,7.295985907357501,5.107054253266749
659400,C/+Lzeou2LizQySX67M2667gb5DYL8ydseiRleWccoX3IZo1wEXxWMFuLlHF23Qr,4.155551342259777,7.155069128805785,5.054967184118913
659700,C/+Lzeou2LizQySX67M2667gb5DYL8ydseiRleWccoX3IZo1wEXxWMFuLlHF23Qr,4.107952384613749,6.924530481291356,5.1010599610804634
660000,C/+Lzeou2LizQySX67M2667gb5DYL8ydseiRleWccoX3IZo1wEXxWMFuLlHF23Qr,4.1920215885817775,6.961297071663019,4.99215697752949
660300,C/+Lzeou2LizQySX67M2667gb5DYL8ydseiRleWccoX3IZo1wEXxWMFuLlHF23Qr,4.2395701588451535,6.722354775778172,4.955652686571913
660600,C/+Lzeou2LizQySX67M2667gb5DYL8ydseiRleWccoX3IZo1wEXxWMFuLlHF23Qr,4.1926600869004265,6.548673227771412,5.067881698964769
660900,C/+Lzeou2LizQySX67M2667gb5DYL8ydseiRleWccoX3IZo1wEXxWMFuLlHF23Qr,4.2816305374947055,6.704644442379129,4.866579462941033
661200,C/+Lzeou2LizQySX67M2667gb5DYL8ydseiRleWccoX3IZo1wEXxWMFuLlHF23Qr,4.3825503768728655,6.586064365411789,4.908668598948559
661500,C/+Lzeou2LizQySX67M2667gb5DYL8ydseiRleWccoX3IZo1wEXxWMFuLlHF23Qr,4.1763620449083145,5.9408712562692525,4.819493119065102
661800,C/+Lzeou2LizQySX67M2667gb5DYL8ydseiRleWccoX3IZo1wEXxWMFuLlHF23Qr,4.176913658170806,6.929164154437793,5.0024410048266255
662100,C/+Lzeou2LizQySX67M2667gb5DYL8ydseiRleWccoX3IZo1wEXxWMFuLlHF23Qr,4.245346494965641,6.847052444407596,4.953719734130995
662400,C/+Lzeou2LizQySX67M2667gb5DYL8ydseiRleWccoX3IZo1wEXxWMFuLlHF23Qr,4.334937670361198,6.7298829893316565,5.148223486122338
662700,C/+Lzeou2LizQySX67M2667gb5DYL8ydseiRleWccoX3IZo1wEXxWMFuLlHF23Qr,4.176876347667208,6.3705409807117,4.820215900686182
663000,C/+Lzeou2LizQySX67M2667gb5DYL8ydseiRleWccoX3IZo1wEXxWMFuLlHF23Qr,4.259282882607237,6.634593222031855,5.03919991577797
663300,C/+Lzeou2LizQySX67M2667gb5DYL8ydseiRleWccoX3IZo1wEXxWMFuLlHF23Qr,4.119452662506587,6.792060773079567,4.873134857442824
663600,C/+Lzeou2LizQySX67M2667gb5DYL8ydseiRleWccoX3IZo1wEXxWMFuLlHF23Qr,4.181109705975515,6.76415734387099,4.999216330478774
663900,C/+Lzeou2LizQySX67M2667gb5DYL8ydseiRleWccoX3IZo1wEXxWMFuLlHF23Qr,4.26515832716113,6.117506598056766,4.970833192942441
664200,C/+Lzeou2LizQySX67M2667gb5DYL8ydseiRleWccoX3IZo1wEXxWMFuLlHF23Qr,4.258898895119578,6.977250451441011,5.03974164132616
664500,C/+Lzeou2LizQySX67M2667gb5DYL8ydseiRleWccoX3IZo1wEXxWMFuLlHF23Qr,4.041584047670567,6.14419386703139,4.812610027195205
664800,C/+Lzeou2LizQySX67M2667gb5DYL8ydseiRleWccoX3IZo1wEXxWMFuLlHF23Qr,4.373334183092521,6.534808530455148,4.950463485467084
665100,C/+Lzeou2LizQySX67M2667gb5DYL8ydseiRleWccoX3IZo1wEXxWMFuLlHF23Qr,4.219744303199644,6.377611094497202,4.904040752913449
665400,C/+Lzeou2LizQySX67M2667gb5DYL8ydseiRleWccoX3IZo1wEXxWMFuLlHF23Qr,4.209105569956699,6.500824850993465,4.902987916991995
665700,C/+Lzeou2LizQySX67M2667gb5DYL8ydseiRleWccoX3IZo1wEXxWMFuLlHF23Qr,4.2928332132389215,6.370061307225184,4.843253584289565
666000,C/+Lzeou2LizQySX67M2667gb5DYL8ydseiRleWccoX3IZo1wEXxWMFuLlHF23Qr,4.354081870165355,10.980863582823163,5.66471288250145
666300,C/+Lzeou2LizQySX67M2667gb5DYL8ydseiRleWccoX3IZo1wEXxWMFuLlHF23Qr,4.261974721856087,6.231254251910621,4.84530131221055
666600,C/+Lzeou2LizQySX67M2667gb5DYL8ydseiRleWccoX3IZo1wEXxWMFuLlHF23Qr,4.39212601012551,6.634537821038409,5.021023661106055
666900,C/+Lzeou2LizQySX67M2667gb5DYL8ydseiRleWccoX3IZo1wEXxWMFuLlHF23Qr,4.2924026389528285,6.154165332542537,4.967269950199171
667200,C/+Lzeou2LizQySX67M2667gb5DYL8ydseiRleWccoX3IZo1wEXxWMFuLlHF23Qr,4.000672436017903,6.237496870049649,4.87492269210911
667500,C/+Lzeou2LizQySX67M2667gb5DYL8ydseiRleWccoX3IZo1wEXxWMFuLlHF23Qr,4.194298108441439,6.22447015347795,4.9068837245395125
667800,C/+Lzeou2LizQySX67M2667gb5DYL8ydseiRleWccoX3IZo1wEXxWMFuLlHF23Qr,4.127499816225711,6.256094401260086,4.98991119405716
668100,C/+Lzeou2LizQySX67M2667gb5DYL8ydseiRleWccoX3IZo1wEXxWMFuLlHF23Qr,4.206149258095016,6.329846280914808,4.923099544838252
668400,C/+Lzeou2LizQySX67M2667gb5DYL8ydseiRleWccoX3IZo1wEXxWMFuLlHF23Qr,3.944144684993364,6.85016529272633,5.098988248082556
668700,C/+Lzeou2LizQySX67M2667gb5DYL8ydseiRleWccoX3IZo1wEXxWMFuLlHF23Qr,3.9101415112348934,7.017147105704636,4.907641301363883
669000,C/+Lzeou2LizQySX67M2667gb5DYL8ydseiRleWccoX3IZo1wEXxWMFuLlHF23Qr,3.9194868194873975,7.39623951835598,4.942923201781578
669300,C/+Lzeou2LizQySX67M2667gb5DYL8ydseiRleWccoX3IZo1wEXxWMFuLlHF23Qr,4.119081366261622,6.8901305393750025,4.881185712644222
669600,C/+Lzeou2LizQySX67M2667gb5DYL8ydseiRleWccoX3IZo1wEXxWMFuLlHF23Qr,4.185225448254645,6.801915653229704,5.051727834063893
669900,C/+Lzeou2LizQySX67M2667gb5DYL8ydseiRleWccoX3IZo1wEXxWMFuLlHF23Qr,4.141710787495973,6.399554360829317,4.911839055544354
670200,C/+Lzeou2LizQySX67M2667gb5DYL8ydseiRleWccoX3IZo1wEXxWMFuLlHF23Qr,3.9705772078306034,6.567154847308044,4.9745455396831435
670500,C/+Lzeou2LizQySX67M2667gb5DYL8ydseiRleWccoX3IZo1wEXxWMFuLlHF23Qr,4.076326651093584,6.8981747058302805,4.915572693464749
670800,C/+Lzeou2LizQySX67M2667gb5DYL8ydseiRleWccoX3IZo1wEXxWMFuLlHF23Qr,4.302681429566583,6.912813893330365,5.034064853824445
671100,C/+Lzeou2LizQySX67M2667gb5DYL8ydseiRleWccoX3IZo1wEXxWMFuLlHF23Qr,4.134624834359686,6.950905738590879,4.905550324894232
671400,C/+Lzeou2LizQySX67M2667gb5DYL8ydseiRleWccoX3IZo1wEXxWMFuLlHF23Qr,4.097109125285248,6.786538102811896,5.020874609876272
671700,C/+Lzeou2LizQySX67M2667gb5DYL8ydseiRleWccoX3IZo1wEXxWMFuLlHF23Qr,3.922618624102831,6.971263502036309,4.7569287539197935
672000,C/+Lzeou2LizQySX67M2667gb5DYL8ydseiRleWccoX3IZo1wEXxWMFuLlHF23Qr,4.091589603018712,7.063154618309669,4.905804161615484
672300,C/+Lzeou2LizQySX67M2667gb5DYL8ydseiRleWccoX3IZo1wEXxWMFuLlHF23Qr,4.12729284488275,6.712283998928734,4.8950861291036
672600,C/+Lzeou2LizQySX67M2667gb5DYL8ydseiRleWccoX3IZo1wEXxWMFuLlHF23Qr,4.090953850968237,7.258828138532496,4.964231302957408
672900,C/+Lzeou2LizQySX67M2667gb5DYL8ydseiRleWccoX3IZo1wEXxWMFuLlHF23Qr,4.2262996144579565,7.31887463874729,4.868711942060537
673200,C/+Lzeou2LizQySX67M2667gb5DYL8ydseiRleWccoX3IZo1wEXxWMFuLlHF23Qr,4.107850485168703,6.971835424642848,4.9987960354485335
673500,C/+Lzeou2LizQySX67M2667gb5DYL8ydseiRleWccoX3IZo1wEXxWMFuLlHF23Qr,3.9291448291454527,6.811621721918699,4.920747822480457
673800,C/+Lzeou2LizQySX67M2667gb5DYL8ydseiRleWccoX3IZo1wEXxWMFuLlHF23Qr,4.105226746667832,6.705523564596604,4.853920348059433
674100,C/+Lzeou2LizQySX67M2667gb5DYL8ydseiRleWccoX3IZo1wEXxWMFuLlHF23Qr,4.217551430180708,6.433259393293943,4.829344894800396
674400,C/+Lzeou2LizQySX67M2667gb5DYL8ydseiRleWccoX3IZo1wEXxWMFuLlHF23Qr,4.221119525725127,7.155880421268089,4.986799143482257
674700,C/+Lzeou2LizQySX67M2667gb5DYL8ydseiRleWccoX3IZo1wEXxWMFuLlHF23Qr,4.453753799049309,8.207367613157972,5.218574703475339
675000,C/+Lzeou2LizQySX67M2667gb5DYL8ydseiRleWccoX3IZo1wEXxWMFuLlHF23Qr,4.026562077782966,6.9284427897314345,4.944158863779047
675300,C/+Lzeou2LizQySX67M2667gb5DYL8ydseiRleWccoX3IZo1wEXxWMFuLlHF23Qr,4.034478864926825,13.770080180584944,6.187904897655213
675600,C/+Lzeou2LizQySX67M2667gb5DYL8ydseiRleWccoX3IZo1wEXxWMFuLlHF23Qr,4.276322130243808,6.771441616312336,4.961897465282544
675900,C/+Lzeou2LizQySX67M2667gb5DYL8ydseiRleWccoX3IZo1wEXxWMFuLlHF23Qr,4.277081610178996,7.873735852183539,4.873895399004623
676200,C/+Lzeou2LizQySX67M2667gb5DYL8ydseiRleWccoX3IZo1wEXxWMFuLlHF23Qr,4.226722955090306,6.742857620758614,5.018817958330295
676500,C/+Lzeou2LizQySX67M2667gb5DYL8ydseiRleWccoX3IZo1wEXxWMFuLlHF23Qr,4.16777719272472,7.890001784367454,5.002070588734621
676800,C/+Lzeou2LizQySX67M2667gb5DYL8ydseiRleWccoX3IZo1wEXxWMFuLlHF23Qr,4.484799948071196,6.974710846113812,5.1071775210109776
677100,C/+Lzeou2LizQySX67M2667gb5DYL8ydseiRleWccoX3IZo1wEXxWMFuLlHF23Qr,4.307516678056452,8.427568696091559,5.0187904636447085
677400,C/+Lzeou2LizQySX67M2667gb5DYL8ydseiRleWccoX3IZo1wEXxWMFuLlHF23Qr,4.231772025684172,6.891623411351174,5.0313492775740425
677700,C/+Lzeou2LizQySX67M2667gb5DYL8ydseiRleWccoX3IZo1wEXxWMFuLlHF23Qr,4.092008019984771,7.9330174598366785,4.958682458036148
678000,C/+Lzeou2LizQySX67M2667gb5DYL8ydseiRleWccoX3IZo1wEXxWMFuLlHF23Qr,4.267116064042779,7.194140107362406,5.084514326423397
678300,C/+Lzeou2LizQySX67M2667gb5DYL8ydseiRleWccoX3IZo1wEXxWMFuLlHF23Qr,4.490733636630762,7.978629773879754,5.192207293042066
678600,C/+Lzeou2LizQySX67M2667gb5DYL8ydseiRleWccoX3IZo1wEXxWMFuLlHF23Qr,4.31095213245157,6.895329137347858,5.039448372257603
678900,C/+Lzeou2LizQySX67M2667gb5DYL8ydseiRleWccoX3IZo1wEXxWMFuLlHF23Qr,3.8360411050212577,7.749150699456457,4.867466392218983
679200,C/+Lzeou2LizQySX67M2667gb5DYL8ydseiRleWccoX3IZo1wEXxWMFuLlHF23Qr,4.31500898999563,7.128266939664357,5.094968245817719
679500,C/+Lzeou2LizQySX67M2667gb5DYL8ydseiRleWccoX3IZo1wEXxWMFuLlHF23Qr,3.780487658810229,8.131433495568091,4.914015850059139
679800,C/+Lzeou2LizQySX67M2667gb5DYL8ydseiRleWccoX3IZo1wEXxWMFuLlHF23Qr,4.387251505415626,6.628839753914717,5.053880867251944
680100,C/+Lzeou2LizQySX67M2667gb5DYL8ydseiRleWccoX3IZo1wEXxWMFuLlHF23Qr,4.37527300526544,7.990195922098378,4.933554470276519
680400,C/+Lzeou2LizQySX67M2667gb5DYL8ydseiRleWccoX3IZo1wEXxWMFuLlHF23Qr,4.192862322964872,7.417367394071853,5.142992491413996
680700,C/+Lzeou2LizQySX67M2667gb5DYL8ydseiRleWccoX3IZo1wEXxWMFuLlHF23Qr,4.152384366132719,7.78765625058928,4.935849053699292
681000,C/+Lzeou2LizQySX67M2667gb5DYL8ydseiRleWccoX3IZo1wEXxWMFuLlHF23Qr,4.428708042415948,7.103885783447447,5.156948468529872
681300,C/+Lzeou2LizQySX67M2667gb5DYL8ydseiRleWccoX3IZo1wEXxWMFuLlHF23Qr,4.299549762417651,6.654875085866131,4.877290936393766
681600,C/+Lzeou2LizQySX67M2667gb5DYL8ydseiRleWccoX3IZo1wEXxWMFuLlHF23Qr,4.508716765282832,6.654304988498716,5.087973143689019
681900,C/+Lzeou2LizQySX67M2667gb5DYL8ydseiRleWccoX3IZo1wEXxWMFuLlHF23Qr,4.4219140598198265,6.355955402601074,5.012573141840107
682200,C/+Lzeou2LizQySX67M2667gb5DYL8ydseiRleWccoX3IZo1wEXxWMFuLlHF23Qr,4.385883977493408,7.108302805662712,5.116214296740288
682500,C/+Lzeou2LizQySX67M2667gb5DYL8ydseiRleWccoX3IZo1wEXxWMFuLlHF23Qr,4.322560040715414,6.90245864841387,4.938087878772956
682800,C/+Lzeou2LizQySX67M2667gb5DYL8ydseiRleWccoX3IZo1wEXxWMFuLlHF23Qr,4.370764480998365,6.33625104410376,5.031419413325904
683100,C/+Lzeou2LizQySX67M2667gb5DYL8ydseiRleWccoX3IZo1wEXxWMFuLlHF23Qr,4.421611870950359,6.944268127159641,5.000267353879477
683400,C/+Lzeou2LizQySX67M2667gb5DYL8ydseiRleWccoX3IZo1wEXxWMFuLlHF23Qr,4.319879024871439,6.734309988363552,5.0852234219731685
683700,C/+Lzeou2LizQySX67M2667gb5DYL8ydseiRleWccoX3IZo1wEXxWMFuLlHF23Qr,4.39163039437038,6.3147821113082525,4.991998866042329
684000,C/+Lzeou2LizQySX67M2667gb5DYL8ydseiRleWccoX3IZo1wEXxWMFuLlHF23Qr,4.455931680557564,6.949218914968488,5.091275255417731
684300,C/+Lzeou2LizQySX67M2667gb5DYL8ydseiRleWccoX3IZo1wEXxWMFuLlHF23Qr,4.418510884596287,6.82176610603635,4.9888960798348485
684600,C/+Lzeou2LizQySX67M2667gb5DYL8ydseiRleWccoX3IZo1wEXxWMFuLlHF23Qr,4.315729854510248,6.9513766817830795,5.058636291162255
684900,C/+Lzeou2LizQySX67M2667gb5DYL8ydseiRleWccoX3IZo1wEXxWMFuLlHF23Qr,4.452898944533552,6.847655109658035,4.969047383721957
685200,C/+Lzeou2LizQySX67M2667gb5DYL8ydseiRleWccoX3IZo1wEXxWMFuLlHF23Qr,4.221079652269194,6.916430362614478,5.1513600161120685
685500,C/+Lzeou2LizQySX67M2667gb5DYL8ydseiRleWccoX3IZo1wEXxWMFuLlHF23Qr,4.429667065771789,7.231912668274685,5.070046657010365
685800,C/+Lzeou2LizQySX67M2667gb5DYL8ydseiRleWccoX3IZo1wEXxWMFuLlHF23Qr,4.380786471021373,6.949063675462166,5.038851804378088
686100,C/+Lzeou2LizQySX67M2667gb5DYL8ydseiRleWccoX3IZo1wEXxWMFuLlHF23Qr,4.264718152154344,6.226140051797952,4.9782240485758535
686400,C/+Lzeou2LizQySX67M2667gb5DYL8ydseiRleWccoX3IZo1wEXxWMFuLlHF23Qr,4.235830739829495,6.705223423759212,5.1039973467372155
686700,C/+Lzeou2LizQySX67M2667gb5DYL8ydseiRleWccoX3IZo1wEXxWMFuLlHF23Qr,4.375086707064565,6.8427091376941975,5.0511028612765925
687000,C/+Lzeou2LizQySX67M2667gb5DYL8ydseiRleWccoX3IZo1wEXxWMFuLlHF23Qr,4.406067671919968,6.886249476723745,5.0353010416258455
687300,C/+Lzeou2LizQySX67M2667gb5DYL8ydseiRleWccoX3IZo1wEXxWMFuLlHF23Qr,4.394310236085524,6.33019107507425,4.9553057471225275
687600,C/+Lzeou2LizQySX67M2667gb5DYL8ydseiRleWccoX3IZo1wEXxWMFuLlHF23Qr,4.496415668162169,6.701398753384181,5.125191109906822
687900,C/+Lzeou2LizQySX67M2667gb5DYL8ydseiRleWccoX3IZo1wEXxWMFuLlHF23Qr,4.06925098288974,6.910744958413222,5.0097270646618925
688200,C/+Lzeou2LizQySX67M2667gb5DYL8ydseiRleWccoX3IZo1wEXxWMFuLlHF23Qr,4.123355980509257,6.639305517914488,5.001203280325995
688500,C/+Lzeou2LizQySX67M2667gb5DYL8ydseiRleWccoX3IZo1wEXxWMFuLlHF23Qr,3.808908264744241,6.534274536674252,4.84911560545535
688800,C/+Lzeou2LizQySX67M2667gb5DYL8ydseiRleWccoX3IZo1wEXxWMFuLlHF23Qr,3.9417740835817376,6.963476303378661,5.104459355377816
689100,C/+Lzeou2LizQySX67M2667gb5DYL8ydseiRleWccoX3IZo1wEXxWMFuLlHF23Qr,4.328876288712296,6.59618984386122,5.025326989910528
689400,C/+Lzeou2LizQySX67M2667gb5DYL8ydseiRleWccoX3IZo1wEXxWMFuLlHF23Qr,4.121345382300024,6.702936412250062,5.0677091397767455
689700,C/+Lzeou2LizQySX67M2667gb5DYL8ydseiRleWccoX3IZo1wEXxWMFuLlHF23Qr,4.361504366173172,6.614619999839601,4.947530550855118
690000,C/+Lzeou2LizQySX67M2667gb5DYL8ydseiRleWccoX3IZo1wEXxWMFuLlHF23Qr,4.431556458257317,6.846305173368544,5.091558498218071
690300,C/+Lzeou2LizQySX67M2667gb5DYL8ydseiRleWccoX3IZo1wEXxWMFuLlHF23Qr,4.381625177241178,6.865506261653564,5.064113263917843
690600,C/+Lzeou2LizQySX67M2667gb5DYL8ydseiRleWccoX3IZo1wEXxWMFuLlHF23Qr,4.414138025684403,7.197916203101567,5.065513823109545
690900,C/+Lzeou2LizQySX67M2667gb5DYL8ydseiRleWccoX3IZo1wEXxWMFuLlHF23Qr,4.483545012635082,6.545802219215303,4.970113059504631
691200,C/+Lzeou2LizQySX67M2667gb5DYL8ydseiRleWccoX3IZo1wEXxWMFuLlHF23Qr,4.2999296243859915,7.05602682100266,5.1499122938175
691500,C/+Lzeou2LizQySX67M2667gb5DYL8ydseiRleWccoX3IZo1wEXxWMFuLlHF23Qr,4.388265470548832,6.289836689577362,4.925168526333108
691800,C/+Lzeou2LizQySX67M2667gb5DYL8ydseiRleWccoX3IZo1wEXxWMFuLlHF23Qr,4.435727071847958,6.9284124374242335,5.138274332062375
692100,C/+Lzeou2LizQySX67M2667gb5DYL8ydseiRleWccoX3IZo1wEXxWMFuLlHF23Qr,4.256481774165904,6.442276390910948,4.917083023147647
692400,C/+Lzeou2LizQySX67M2667gb5DYL8ydseiRleWccoX3IZo1wEXxWMFuLlHF23Qr,4.090183148435899,6.754881640879477,5.098454965579763
692700,C/+Lzeou2LizQySX67M2667gb5DYL8ydseiRleWccoX3IZo1wEXxWMFuLlHF23Qr,4.254308370460199,6.706878108444433,5.035332245417518
693000,C/+Lzeou2LizQySX67M2667gb5DYL8ydseiRleWccoX3IZo1wEXxWMFuLlHF23Qr,4.294332204991191,7.050912039569355,5.127716415489763
693300,C/+Lzeou2LizQySX67M2667gb5DYL8ydseiRleWccoX3IZo1wEXxWMFuLlHF23Qr,4.187331639650105,6.697345713447317,5.038451698800008
693600,C/+Lzeou2LizQySX67M2667gb5DYL8ydseiRleWccoX3IZo1wEXxWMFuLlHF23Qr,4.031444866277904,6.889208939920041,5.058660349693172
693900,C/+Lzeou2LizQySX67M2667gb5DYL8ydseiRleWccoX3IZo1wEXxWMFuLlHF23Qr,4.340593456532621,8.444808197495776,5.156816929309602
694200,C/+Lzeou2LizQySX67M2667gb5DYL8ydseiRleWccoX3IZo1wEXxWMFuLlHF23Qr,3.8570363512817942,7.107225887219646,5.043667137898441
694500,C/+Lzeou2LizQySX67M2667gb5DYL8ydseiRleWccoX3IZo1wEXxWMFuLlHF23Qr,4.355330485057364,6.421481905505916,4.928276920550024
694800,C/+Lzeou2LizQySX67M2667gb5DYL8ydseiRleWccoX3IZo1wEXxWMFuLlHF23Qr,4.236600894730497,7.142965704836973,5.116718924306596
695100,C/+Lzeou2LizQySX67M2667gb5DYL8ydseiRleWccoX3IZo1wEXxWMFuLlHF23Qr,4.295485609663217,6.481229502483095,4.830735641377095
695400,C/+Lzeou2LizQySX67M2667gb5DYL8ydseiRleWccoX3IZo1wEXxWMFuLlHF23Qr,4.423503539394802,6.6302774276817775,5.123820137866406
695700,C/+Lzeou2LizQySX67M2667gb5DYL8ydseiRleWccoX3IZo1wEXxWMFuLlHF23Qr,4.386961381661984,11.065890616038327,5.5974972797607325
696000,C/+Lzeou2LizQySX67M2667gb5DYL8ydseiRleWccoX3IZo1wEXxWMFuLlHF23Qr,4.347269792955637,6.773761618307305,5.208646335479076
696300,C/+Lzeou2LizQySX67M2667gb5DYL8ydseiRleWccoX3IZo1wEXxWMFuLlHF23Qr,4.399406985862419,6.3112602823401245,5.111704322101679
696600,C/+Lzeou2LizQySX67M2667gb5DYL8ydseiRleWccoX3IZo1wEXxWMFuLlHF23Qr,4.433312842846257,7.040150926826595,5.11410103043891
696900,C/+Lzeou2LizQySX67M2667gb5DYL8ydseiRleWccoX3IZo1wEXxWMFuLlHF23Qr,4.488124558015854,7.5397136123684465,5.089092740085763
697200,C/+Lzeou2LizQySX67M2667gb5DYL8ydseiRleWccoX3IZo1wEXxWMFuLlHF23Qr,4.653538696226057,7.290515615111827,5.2944804627748265
697500,C/+Lzeou2LizQySX67M2667gb5DYL8ydseiRleWccoX3IZo1wEXxWMFuLlHF23Qr,4.435543430807622,6.944052480821128,5.132123066453354
697800,C/+Lzeou2LizQySX67M2667gb5DYL8ydseiRleWccoX3IZo1wEXxWMFuLlHF23Qr,4.617662263810978,6.965160661234525,5.228973028638514
698100,C/+Lzeou2LizQySX67M2667gb5DYL8ydseiRleWccoX3IZo1wEXxWMFuLlHF23Qr,4.385521766401697,7.095875704957902,5.099847163453221
698400,C/+Lzeou2LizQySX67M2667gb5DYL8ydseiRleWccoX3IZo1wEXxWMFuLlHF23Qr,4.617048037165959,6.698461476460092,5.218366804541024
698700,C/+Lzeou2LizQySX67M2667gb5DYL8ydseiRleWccoX3IZo1wEXxWMFuLlHF23Qr,4.518131578996012,7.365475796348246,5.186187137929305
699000,C/+Lzeou2LizQySX67M2667gb5DYL8ydseiRleWccoX3IZo1wEXxWMFuLlHF23Qr,4.562752778293623,7.1220470369836475,5.365511090925535
699300,C/+Lzeou2LizQySX67M2667gb5DYL8ydseiRleWccoX3IZo1wEXxWMFuLlHF23Qr,4.478533989398675,6.691556851221068,5.1465684469909805
699600,C/+Lzeou2LizQySX67M2667gb5DYL8ydseiRleWccoX3IZo1wEXxWMFuLlHF23Qr,4.461302004489936,6.878198361155729,5.157054552959134
699900,C/+Lzeou2LizQySX67M2667gb5DYL8ydseiRleWccoX3IZo1wEXxWMFuLlHF23Qr,4.689127441370753,6.49842266230158,5.269502440091294
700200,C/+Lzeou2LizQySX67M2667gb5DYL8ydseiRleWccoX3IZo1wEXxWMFuLlHF23Qr,4.565879308199804,6.777872727858976,5.13558766558166
700500,C/+Lzeou2LizQySX67M2667gb5DYL8ydseiRleWccoX3IZo1wEXxWMFuLlHF23Qr,4.338914792281822,6.16942692700994,5.0350015277570535
700800,C/+Lzeou2LizQySX67M2667gb5DYL8ydseiRleWccoX3IZo1wEXxWMFuLlHF23Qr,4.44684178414013,6.853606307209337,5.107590292384922
701100,C/+Lzeou2LizQySX67M2667gb5DYL8ydseiRleWccoX3IZo1wEXxWMFuLlHF23Qr,4.113766916159162,6.46769057073535,5.000247056778255
701400,C/+Lzeou2LizQySX67M2667gb5DYL8ydseiRleWccoX3IZo1wEXxWMFuLlHF23Qr,4.232061608970689,6.675087937228888,5.006368212839181
701700,C/+Lzeou2LizQySX67M2667gb5DYL8ydseiRleWccoX3IZo1wEXxWMFuLlHF23Qr,4.45331608223472,6.51094306408064,4.958912117553945
702000,C/+Lzeou2LizQySX67M2667gb5DYL8ydseiRleWccoX3IZo1wEXxWMFuLlHF23Qr,4.30883025130133,6.566566888642648,4.9900907256187885
702300,C/+Lzeou2LizQySX67M2667gb5DYL8ydseiRleWccoX3IZo1wEXxWMFuLlHF23Qr,4.055406215931015,6.480480672686869,4.856815044172588
702600,C/+Lzeou2LizQySX67M2667gb5DYL8ydseiRleWccoX3IZo1wEXxWMFuLlHF23Qr,4.279222626858112,6.8301271513768365,5.080214952720768
702900,C/+Lzeou2LizQySX67M2667gb5DYL8ydseiRleWccoX3IZo1wEXxWMFuLlHF23Qr,4.336231334183849,6.267501496145844,4.955329405979775
703200,C/+Lzeou2LizQySX67M2667gb5DYL8ydseiRleWccoX3IZo1wEXxWMFuLlHF23Qr,4.514875549256735,6.698561182378862,5.12296362871306
703500,C/+Lzeou2LizQySX67M2667gb5DYL8ydseiRleWccoX3IZo1wEXxWMFuLlHF23Qr,4.4765701544737215,7.200472090013816,5.058106577068491
703800,C/+Lzeou2LizQySX67M2667gb5DYL8ydseiRleWccoX3IZo1wEXxWMFuLlHF23Qr,4.153943095710664,6.6341814878386165,5.056795012340457
704100,C/+Lzeou2LizQySX67M2667gb5DYL8ydseiRleWccoX3IZo1wEXxWMFuLlHF23Qr,4.475676864529635,6.380165043064412,5.041765787466978
704400,C/+Lzeou2LizQySX67M2667gb5DYL8ydseiRleWccoX3IZo1wEXxWMFuLlHF23Qr,4.42287075315061,6.659133528642744,5.049190092980716
704700,C/+Lzeou2LizQySX67M2667gb5DYL8ydseiRleWccoX3IZo1wEXxWMFuLlHF23Qr,4.53957615077839,6.496917172543656,5.043505184673031
705000,C/+Lzeou2LizQySX67M2667gb5DYL8ydseiRleWccoX3IZo1wEXxWMFuLlHF23Qr,4.249985201541497,6.574791582412581,5.0306548022436015
705300,C/+Lzeou2LizQySX67M2667gb5DYL8ydseiRleWccoX3IZo1wEXxWMFuLlHF23Qr,4.273091018916464,6.241973394660981,4.838695806438208
705600,C/+Lzeou2LizQySX67M2667gb5DYL8ydseiRleWccoX3IZo1wEXxWMFuLlHF23Qr,4.362290988645076,6.631237822405315,5.026582983310185
705900,C/+Lzeou2LizQySX67M2667gb5DYL8ydseiRleWccoX3IZo1wEXxWMFuLlHF23Qr,4.397403982054353,6.5376185075609365,4.829627652111493
706200,C/+Lzeou2LizQySX67M2667gb5DYL8ydseiRleWccoX3IZo1wEXxWMFuLlHF23Qr,4.299369400561934,6.422717734281328,5.005052266228526
706500,C/+Lzeou2LizQySX67M2667gb5DYL8ydseiRleWccoX3IZo1wEXxWMFuLlHF23Qr,4.337416193711905,6.353112565759146,4.896108225393022
706800,C/+Lzeou2LizQySX67M2667gb5DYL8ydseiRleWccoX3IZo1wEXxWMFuLlHF23Qr,4.433757062367863,6.5449418480662365,5.145580801125006
707100,C/+Lzeou2LizQySX67M2667gb5DYL8ydseiRleWccoX3IZo1wEXxWMFuLlHF23Qr,4.358521582066132,6.602809132977844,4.948398864045973
707400,C/+Lzeou2LizQySX67M2667gb5DYL8ydseiRleWccoX3IZo1wEXxWMFuLlHF23Qr,4.27923868301642,6.907735197816575,4.968331560876752
707700,C/+Lzeou2LizQySX67M2667gb5DYL8ydseiRleWccoX3IZo1wEXxWMFuLlHF23Qr,4.260645494776446,7.0166843753801285,4.9361968972484345
708000,C/+Lzeou2LizQySX67M2667gb5DYL8ydseiRleWccoX3IZo1wEXxWMFuLlHF23Qr,3.9909102694675784,6.814228840834745,4.960955998394539
708300,C/+Lzeou2LizQySX67M2667gb5DYL8ydseiRleWccoX3IZo1wEXxWMFuLlHF23Qr,4.104897354477275,6.509923262325422,4.881489390258974
708600,C/+Lzeou2LizQySX67M2667gb5DYL8ydseiRleWccoX3IZo1wEXxWMFuLlHF23Qr,4.198013936522254,6.7377243551167245,4.746192388490066
708900,C/+Lzeou2LizQySX67M2667gb5DYL8ydseiRleWccoX3IZo1wEXxWMFuLlHF23Qr,4.1311968807173365,6.61679984422695,5.028451706273949
709200,C/+Lzeou2LizQySX67M2667gb5DYL8ydseiRleWccoX3IZo1wEXxWMFuLlHF23Qr,4.2438212084132205,6.569061081969696,4.7653005923564615
709500,C/+Lzeou2LizQySX67M2667gb5DYL8ydseiRleWccoX3IZo1wEXxWMFuLlHF23Qr,4.074671817763115,7.2137359208506755,5.1901775396875465
709800,C/+Lzeou2LizQySX67M2667gb5DYL8ydseiRleWccoX3IZo1wEXxWMFuLlHF23Qr,4.176078251873857,6.908639143928564,4.7585970928291355
710100,C/+Lzeou2LizQySX67M2667gb5DYL8ydseiRleWccoX3IZo1wEXxWMFuLlHF23Qr,4.080349206677283,6.770776620123577,5.057571669678596
710400,C/+Lzeou2LizQySX67M2667gb5DYL8ydseiRleWccoX3IZo1wEXxWMFuLlHF23Qr,4.02331060696306,6.574587472744168,4.841431795024221
710700,C/+Lzeou2LizQySX67M2667gb5DYL8ydseiRleWccoX3IZo1wEXxWMFuLlHF23Qr,4.346044745028153,7.185153918968068,5.151853942994515
711000,C/+Lzeou2LizQySX67M2667gb5DYL8ydseiRleWccoX3IZo1wEXxWMFuLlHF23Qr,4.069628721774508,7.119427086183233,4.851595569555142
711300,C/+Lzeou2LizQySX67M2667gb5DYL8ydseiRleWccoX3IZo1wEXxWMFuLlHF23Qr,4.035797139112884,6.994433010764647,5.173638114390621
711600,C/+Lzeou2LizQySX67M2667gb5DYL8ydseiRleWccoX3IZo1wEXxWMFuLlHF23Qr,4.071231263220969,7.196341665807993,4.779416542218738
711900,C/+Lzeou2LizQySX67M2667gb5DYL8ydseiRleWccoX3IZo1wEXxWMFuLlHF23Qr,4.161631443845577,7.076109389006072,5.2756832881866185
712200,C/+Lzeou2LizQySX67M2667gb5DYL8ydseiRleWccoX3IZo1wEXxWMFuLlHF23Qr,4.270122849373646,6.3045330119213245,4.730156850958115
712500,C/+Lzeou2LizQySX67M2667gb5DYL8ydseiRleWccoX3IZo1wEXxWMFuLlHF23Qr,4.0074873792339964,7.072567049294017,5.097338824119813
712800,C/+Lzeou2LizQySX67M2667gb5DYL8ydseiRleWccoX3IZo1wEXxWMFuLlHF23Qr,4.115981723093556,7.301033343193339,4.810357428870286
713100,C/+Lzeou2LizQySX67M2667gb5DYL8ydseiRleWccoX3IZo1wEXxWMFuLlHF23Qr,4.196309577441787,6.991820593393912,5.024918004696346
713400,C/+Lzeou2LizQySX67M2667gb5DYL8ydseiRleWccoX3IZo1wEXxWMFuLlHF23Qr,4.33818885494735,6.355414424819332,4.844203768077461
713700,C/+Lzeou2LizQySX67M2667gb5DYL8ydseiRleWccoX3IZo1wEXxWMFuLlHF23Qr,4.387449533170352,7.013058599451138,5.194872329923772
714000,C/+Lzeou2LizQySX67M2667gb5DYL8ydseiRleWccoX3IZo1wEXxWMFuLlHF23Qr,4.208604742196892,6.380697235339126,4.711716097958401
714300,C/+Lzeou2LizQySX67M2667gb5DYL8ydseiRleWccoX3IZo1wEXxWMFuLlHF23Qr,4.281100349620807,7.188694185659861,5.141760351600897
714600,C/+Lzeou2LizQySX67M2667gb5DYL8ydseiRleWccoX3IZo1wEXxWMFuLlHF23Qr,4.313346621308724,6.336874134626099,4.84147072882238
714900,C/+Lzeou2LizQySX67M2667gb5DYL8ydseiRleWccoX3IZo1wEXxWMFuLlHF23Qr,4.466512042231704,6.539876689969285,5.241301846616036
715200,C/+Lzeou2LizQySX67M2667gb5DYL8ydseiRleWccoX3IZo1wEXxWMFuLlHF23Qr,4.309986619315909,5.035937074230398,4.615209913204631
715500,C/+Lzeou2LizQySX67M2667gb5DYL8ydseiRleWccoX3IZo1wEXxWMFuLlHF23Qr,4.545096367939332,6.453139966472632,5.16679996094244
715800,C/+Lzeou2LizQySX67M2667gb5DYL8ydseiRleWccoX3IZo1wEXxWMFuLlHF23Qr,4.328421302401469,6.323584082965902,4.835234016881731
716100,C/+Lzeou2LizQySX67M2667gb5DYL8ydseiRleWccoX3IZo1wEXxWMFuLlHF23Qr,4.448044509200673,6.423889702893464,5.1117098889040085
716400,C/+Lzeou2LizQySX67M2667gb5DYL8ydseiRleWccoX3IZo1wEXxWMFuLlHF23Qr,4.132814997484721,6.367370714158788,4.89513283040638
716700,C/+Lzeou2LizQySX67M2667gb5DYL8ydseiRleWccoX3IZo1wEXxWMFuLlHF23Qr,4.5227460769731005,6.447084841590788,5.085330958158189
717000,C/+Lzeou2LizQySX67M2667gb5DYL8ydseiRleWccoX3IZo1wEXxWMFuLlHF23Qr,4.369601119397934,6.323728133147334,4.769933304408629
717300,C/+Lzeou2LizQySX67M2667gb5DYL8ydseiRleWccoX3IZo1wEXxWMFuLlHF23Qr,4.553037930902626,6.577747280433984,5.240339892988443
717600,C/+Lzeou2LizQySX67M2667gb5DYL8ydseiRleWccoX3IZo1wEXxWMFuLlHF23Qr,4.3862846407929394,6.365609087976528,4.894536168377558
717900,C/+Lzeou2LizQySX67M2667gb5DYL8ydseiRleWccoX3IZo1wEXxWMFuLlHF23Qr,4.373828385544516,6.456043505565424,5.137096730975534
718200,C/+Lzeou2LizQySX67M2667gb5DYL8ydseiRleWccoX3IZo1wEXxWMFuLlHF23Qr,4.35686297129056,6.021935709172146,4.863091419582365
718500,C/+Lzeou2LizQySX67M2667gb5DYL8ydseiRleWccoX3IZo1wEXxWMFuLlHF23Qr,4.089900441412897,6.397541229564617,5.1244197981290975
718800,C/+Lzeou2LizQySX67M2667gb5DYL8ydseiRleWccoX3IZo1wEXxWMFuLlHF23Qr,4.1439405981006825,6.522334006517118,4.814882918192775
719100,C/+Lzeou2LizQySX67M2667gb5DYL8ydseiRleWccoX3IZo1wEXxWMFuLlHF23Qr,4.5422717499272105,7.346526473865366,5.370488705257034
719400,C/+Lzeou2LizQySX67M2667gb5DYL8ydseiRleWccoX3IZo1wEXxWMFuLlHF23Qr,4.178335916502651,6.374354537109763,4.8384183005624175
719700,C/+Lzeou2LizQySX67M2667gb5DYL8ydseiRleWccoX3IZo1wEXxWMFuLlHF23Qr,4.456035127567628,6.365530177898839,5.192559735835567
720000,C/+Lzeou2LizQySX67M2667gb5DYL8ydseiRleWccoX3IZo1wEXxWMFuLlHF23Qr,4.209016024415666,6.913434927045104,4.843509970333348
720300,C/+Lzeou2LizQySX67M2667gb5DYL8ydseiRleWccoX3IZo1wEXxWMFuLlHF23Qr,3.9502290341702864,7.371095574339587,5.12882520339983
720600,C/+Lzeou2LizQySX67M2667gb5DYL8ydseiRleWccoX3IZo1wEXxWMFuLlHF23Qr,4.206773285115648,6.854851722232443,4.866977218159536
720900,C/+Lzeou2LizQySX67M2667gb5DYL8ydseiRleWccoX3IZo1wEXxWMFuLlHF23Qr,4.201224473524495,7.046510326749233,5.145766363927945
721200,C/+Lzeou2LizQySX67M2667gb5DYL8ydseiRleWccoX3IZo1wEXxWMFuLlHF23Qr,4.197125633590145,7.253179769727207,4.813516350131785
721500,C/+Lzeou2LizQySX67M2667gb5DYL8ydseiRleWccoX3IZo1wEXxWMFuLlHF23Qr,4.299892720426534,7.275317329938062,5.229901423821989
721800,C/+Lzeou2LizQySX67M2667gb5DYL8ydseiRleWccoX3IZo1wEXxWMFuLlHF23Qr,4.138573918346769,7.096332898064807,4.836739141178268
722100,C/+Lzeou2LizQySX67M2667gb5DYL8ydseiRleWccoX3IZo1wEXxWMFuLlHF23Qr,4.185835125065282,6.985645017074749,5.12005152190748
722400,C/+Lzeou2LizQySX67M2667gb5DYL8ydseiRleWccoX3IZo1wEXxWMFuLlHF23Qr,4.229577733865753,6.22869558141337,4.811119112626384
722700,C/+Lzeou2LizQySX67M2667gb5DYL8ydseiRleWccoX3IZo1wEXxWMFuLlHF23Qr,4.342334760486025,6.890854350612916,5.20705181565828
723000,C/+Lzeou2LizQySX67M2667gb5DYL8ydseiRleWccoX3IZo1wEXxWMFuLlHF23Qr,4.175206662769464,5.1613136399175525,4.547895254398108
723300,C/+Lzeou2LizQySX67M2667gb5DYL8ydseiRleWccoX3IZo1wEXxWMFuLlHF23Qr,4.115527102099256,7.213496151126549,5.167018832784852
723600,C/+Lzeou2LizQySX67M2667gb5DYL8ydseiRleWccoX3IZo1wEXxWMFuLlHF23Qr,4.197097259579372,6.804520769058288,4.950166046720065
723900,C/+Lzeou2LizQySX67M2667gb5DYL8ydseiRleWccoX3IZo1wEXxWMFuLlHF23Qr,4.314111768626614,7.426458901793791,5.22272506289303
724200,C/+Lzeou2LizQySX67M2667gb5DYL8ydseiRleWccoX3IZo1wEXxWMFuLlHF23Qr,4.29469336998156,6.60802154331573,4.813310506601795
724500,C/+Lzeou2LizQySX67M2667gb5DYL8ydseiRleWccoX3IZo1wEXxWMFuLlHF23Qr,4.470832917182515,7.242409493388769,5.236810039856802
724800,C/+Lzeou2LizQySX67M2667gb5DYL8ydseiRleWccoX3IZo1wEXxWMFuLlHF23Qr,4.141112979399387,6.917456380427729,4.889306988545816
725100,C/+Lzeou2LizQySX67M2667gb5DYL8ydseiRleWccoX3IZo1wEXxWMFuLlHF23Qr,4.608494593216276,7.698517701160699,5.362246705473318
725400,C/+Lzeou2LizQySX67M2667gb5DYL8ydseiRleWccoX3IZo1wEXxWMFuLlHF23Qr,4.25826717783593,7.07886012671319,4.851631230029418
725700,C/+Lzeou2LizQySX67M2667gb5DYL8ydseiRleWccoX3IZo1wEXxWMFuLlHF23Qr,4.228859164832101,7.226102948477263,5.180852249937558
726000,C/+Lzeou2LizQySX67M2667gb5DYL8ydseiRleWccoX3IZo1wEXxWMFuLlHF23Qr,4.245700458174841,6.683393920285698,4.784094936305909
726300,C/+Lzeou2LizQySX67M2667gb5DYL8ydseiRleWccoX3IZo1wEXxWMFuLlHF23Qr,4.315202329920842,6.797071541156395,5.186636453595542
726600,C/+Lzeou2LizQySX67M2667gb5DYL8ydseiRleWccoX3IZo1wEXxWMFuLlHF23Qr,4.322777381257776,5.233436108917345,4.733496771353307
726900,C/+Lzeou2LizQySX67M2667gb5DYL8ydseiRleWccoX3IZo1wEXxWMFuLlHF23Qr,4.332506188441617,6.7788615847592375,5.129578262306168
727200,C/+Lzeou2LizQySX67M2667gb5DYL8ydseiRleWccoX3IZo1wEXxWMFuLlHF23Qr,4.296064471956393,6.601591998659307,4.859068593574064
727500,C/+Lzeou2LizQySX67M2667gb5DYL8ydseiRleWccoX3IZo1wEXxWMFuLlHF23Qr,4.528250061905707,6.477838993109908,5.206173508635837
727800,C/+Lzeou2LizQySX67M2667gb5DYL8ydseiRleWccoX3IZo1wEXxWMFuLlHF23Qr,4.313650849221795,6.431114288696075,4.838296472978468
728100,C/+Lzeou2LizQySX67M2667gb5DYL8ydseiRleWccoX3IZo1wEXxWMFuLlHF23Qr,4.323753759768603,6.5427414798396635,5.169422621490217
728400,C/+Lzeou2LizQySX67M2667gb5DYL8ydseiRleWccoX3IZo1wEXxWMFuLlHF23Qr,4.337458180098616,6.621309590702011,4.856013411802959
728700,C/+Lzeou2LizQySX67M2667gb5DYL8ydseiRleWccoX3IZo1wEXxWMFuLlHF23Qr,4.6452640306080095,6.488422338913193,5.291171133501323
729000,C/+Lzeou2LizQySX67M2667gb5DYL8ydseiRleWccoX3IZo1wEXxWMFuLlHF23Qr,4.292683434041763,6.601373743211044,4.880590097119375
729300,C/+Lzeou2LizQySX67M2667gb5DYL8ydseiRleWccoX3IZo1wEXxWMFuLlHF23Qr,4.3853046893414955,6.579104260122361,5.283393831466965
729600,C/+Lzeou2LizQySX67M2667gb5DYL8ydseiRleWccoX3IZo1wEXxWMFuLlHF23Qr,4.439216779905036,6.350417873459133,4.963722948222452
729900,C/+Lzeou2LizQySX67M2667gb5DYL8ydseiRleWccoX3IZo1wEXxWMFuLlHF23Qr,4.64902794815011,6.869496920512703,5.221329268607853
730200,C/+Lzeou2LizQySX67M2667gb5DYL8ydseiRleWccoX3IZo1wEXxWMFuLlHF23Qr,4.2467866044077605,6.430161076383957,4.948160344454487
730500,C/+Lzeou2LizQySX67M2667gb5DYL8ydseiRleWccoX3IZo1wEXxWMFuLlHF23Qr,4.419693126075228,6.712164017406611,5.181206948349477
730800,C/+Lzeou2LizQySX67M2667gb5DYL8ydseiRleWccoX3IZo1wEXxWMFuLlHF23Qr,4.1755313710965964,5.2546522620959,4.746410795529438
731100,C/+Lzeou2LizQySX67M2667gb5DYL8ydseiRleWccoX3IZo1wEXxWMFuLlHF23Qr,4.593904613909998,6.7073891390030695,5.322563396706893
731400,C/+Lzeou2LizQySX67M2667gb5DYL8ydseiRleWccoX3IZo1wEXxWMFuLlHF23Qr,4.3552411047278605,6.2651806300286506,4.896567186143825
731700,C/+Lzeou2LizQySX67M2667gb5DYL8ydseiRleWccoX3IZo1wEXxWMFuLlHF23Qr,4.578259913710588,6.8309439430514205,5.262751125103553
732000,C/+Lzeou2LizQySX67M2667gb5DYL8ydseiRleWccoX3IZo1wEXxWMFuLlHF23Qr,4.372287422601872,6.779399499682709,4.9980645616071255
732300,C/+Lzeou2LizQySX67M2667gb5DYL8ydseiRleWccoX3IZo1wEXxWMFuLlHF23Qr,4.687586609404024,6.320098514099908,5.257986282143816
732600,C/+Lzeou2LizQySX67M2667gb5DYL8ydseiRleWccoX3IZo1wEXxWMFuLlHF23Qr,4.127924825497673,6.5085434874729176,4.851766062994089
732900,C/+Lzeou2LizQySX67M2667gb5DYL8ydseiRleWccoX3IZo1wEXxWMFuLlHF23Qr,4.295583517546495,7.016674851319528,5.142964384335492
733200,C/+Lzeou2LizQySX67M2667gb5DYL8ydseiRleWccoX3IZo1wEXxWMFuLlHF23Qr,4.175575698503118,7.647004952296514,4.924710064533725
733500,C/+Lzeou2LizQySX67M2667gb5DYL8ydseiRleWccoX3IZo1wEXxWMFuLlHF23Qr,4.231444891272063,6.816587393122369,5.124046302024751
733800,C/+Lzeou2LizQySX67M2667gb5DYL8ydseiRleWccoX3IZo1wEXxWMFuLlHF23Qr,4.268671139228295,7.107831799812244,4.915212036440013
734100,C/+Lzeou2LizQySX67M2667gb5DYL8ydseiRleWccoX3IZo1wEXxWMFuLlHF23Qr,4.282918053277588,6.970404813087125,5.21781383022731
734400,C/+Lzeou2LizQySX67M2667gb5DYL8ydseiRleWccoX3IZo1wEXxWMFuLlHF23Qr,4.367561105869733,6.898839465540057,5.058983900681048
734700,C/+Lzeou2LizQySX67M2667gb5DYL8ydseiRleWccoX3IZo1wEXxWMFuLlHF23Qr,4.062335222501099,7.46487121974912,5.012879785046505
735000,C/+Lzeou2LizQySX67M2667gb5DYL8ydseiRleWccoX3IZo1wEXxWMFuLlHF23Qr,4.159509041615087,5.742093083653113,4.774493212424701
735300,C/+Lzeou2LizQySX67M2667gb5DYL8ydseiRleWccoX3IZo1wEXxWMFuLlHF23Qr,4.255133353284956,6.9869532195084885,5.098770373432162
735600,C/+Lzeou2LizQySX67M2667gb5DYL8ydseiRleWccoX3IZo1wEXxWMFuLlHF23Qr,4.258041835014523,7.2999456864252465,5.018408160949353
735900,C/+Lzeou2LizQySX67M2667gb5DYL8ydseiRleWccoX3IZo1wEXxWMFuLlHF23Qr,4.22024654951348,7.139624341820055,5.189776242586149
736200,C/+Lzeou2LizQySX67M2667gb5DYL8ydseiRleWccoX3IZo1wEXxWMFuLlHF23Qr,4.271403559415636,6.610714021065755,4.919480574545403
736500,C/+Lzeou2LizQySX67M2667gb5DYL8ydseiRleWccoX3IZo1wEXxWMFuLlHF23Qr,4.298060149949533,7.48984459939843,5.148110034853668
736800,C/+Lzeou2LizQySX67M2667gb5DYL8ydseiRleWccoX3IZo1wEXxWMFuLlHF23Qr,4.168680374697446,7.054767364725051,5.039152672438796
737100,C/+Lzeou2LizQySX67M2667gb5DYL8ydseiRleWccoX3IZo1wEXxWMFuLlHF23Qr,4.28920987200119,7.3674751778832706,5.054288980753116
737400,C/+Lzeou2LizQySX67M2667gb5DYL8ydseiRleWccoX3IZo1wEXxWMFuLlHF23Qr,4.28962732717944,7.155140903517063,5.024168073490157
737700,C/+Lzeou2LizQySX67M2667gb5DYL8ydseiRleWccoX3IZo1wEXxWMFuLlHF23Qr,4.1627762295042565,7.295541073470948,5.045784857299568
738000,C/+Lzeou2LizQySX67M2667gb5DYL8ydseiRleWccoX3IZo1wEXxWMFuLlHF23Qr,4.29822425505048,13.499047772296349,5.698023366476523
738300,C/+Lzeou2LizQySX67M2667gb5DYL8ydseiRleWccoX3IZo1wEXxWMFuLlHF23Qr,4.2993333174499035,7.022181775801224,5.080446918901589
738600,C/+Lzeou2LizQySX67M2667gb5DYL8ydseiRleWccoX3IZo1wEXxWMFuLlHF23Qr,4.058411133487958,7.15495115422764,4.9013424042102605
738900,C/+Lzeou2LizQySX67M2667gb5DYL8ydseiRleWccoX3IZo1wEXxWMFuLlHF23Qr,4.402014933429362,6.889916218212136,5.101267554244509
739200,C/+Lzeou2LizQySX67M2667gb5DYL8ydseiRleWccoX3IZo1wEXxWMFuLlHF23Qr,4.445031889016305,8.988877830437195,5.587057299129631
739500,C/+Lzeou2LizQySX67M2667gb5DYL8ydseiRleWccoX3IZo1wEXxWMFuLlHF23Qr,4.362237001507729,6.580892199416336,5.190459380622768
739800,C/+Lzeou2LizQySX67M2667gb5DYL8ydseiRleWccoX3IZo1wEXxWMFuLlHF23Qr,4.346229263710384,6.685969896901387,4.984404273800355
740100,C/+Lzeou2LizQySX67M2667gb5DYL8ydseiRleWccoX3IZo1wEXxWMFuLlHF23Qr,4.13732951217658,6.628409833787165,5.0380556622220185
740400,C/+Lzeou2LizQySX67M2667gb5DYL8ydseiRleWccoX3IZo1wEXxWMFuLlHF23Qr,4.331437660328534,6.676627130411508,4.97737365462017
740700,C/+Lzeou2LizQySX67M2667gb5DYL8ydseiRleWccoX3IZo1wEXxWMFuLlHF23Qr,4.10942589164966,6.929707986924145,5.051469776887632
741000,C/+Lzeou2LizQySX67M2667gb5DYL8ydseiRleWccoX3IZo1wEXxWMFuLlHF23Qr,4.328272154782472,6.833952423300703,5.021134112324568
741300,C/+Lzeou2LizQySX67M2667gb5DYL8ydseiRleWccoX3IZo1wEXxWMFuLlHF23Qr,4.319125486909773,6.76159708807872,5.166471446415072
741600,C/+Lzeou2LizQySX67M2667gb5DYL8ydseiRleWccoX3IZo1wEXxWMFuLlHF23Qr,4.494690269323908,6.558175900777158,5.023106848188771
741900,C/+Lzeou2LizQySX67M2667gb5DYL8ydseiRleWccoX3IZo1wEXxWMFuLlHF23Qr,4.226858774878241,6.6821376773733725,5.111776897566377
742200,C/+Lzeou2LizQySX67M2667gb5DYL8ydseiRleWccoX3IZo1wEXxWMFuLlHF23Qr,4.2670466634035575,6.5543916682194014,4.984577921741406
742500,C/+Lzeou2LizQySX67M2667gb5DYL8ydseiRleWccoX3IZo1wEXxWMFuLlHF23Qr,4.327467795177198,6.6357588918438974,5.066113570865492
742800,C/+Lzeou2LizQySX67M2667gb5DYL8ydseiRleWccoX3IZo1wEXxWMFuLlHF23Qr,4.424693278176448,6.658905851129132,5.04485445494316
743100,C/+Lzeou2LizQySX67M2667gb5DYL8ydseiRleWccoX3IZo1wEXxWMFuLlHF23Qr,4.39506933284274,6.554885333537525,5.131473391895185
743400,C/+Lzeou2LizQySX67M2667gb5DYL8ydseiRleWccoX3IZo1wEXxWMFuLlHF23Qr,4.255749050022091,6.702115422482808,4.959687314800613
743700,C/+Lzeou2LizQySX67M2667gb5DYL8ydseiRleWccoX3IZo1wEXxWMFuLlHF23Qr,4.275832597249992,7.054507483295859,5.101948620307347
744000,C/+Lzeou2LizQySX67M2667gb5DYL8ydseiRleWccoX3IZo1wEXxWMFuLlHF23Qr,4.3996576544854245,6.768218321435592,5.010148415975724
744300,C/+Lzeou2LizQySX67M2667gb5DYL8ydseiRleWccoX3IZo1wEXxWMFuLlHF23Qr,4.407425413282521,6.7062952859579,4.961600138239648
744600,C/+Lzeou2LizQySX67M2667gb5DYL8ydseiRleWccoX3IZo1wEXxWMFuLlHF23Qr,4.18822880133034,6.333819074379507,4.8506102627754215
744900,C/+Lzeou2LizQySX67M2667gb5DYL8ydseiRleWccoX3IZo1wEXxWMFuLlHF23Qr,4.224436411375696,7.0122922479922325,5.001659423857531
745200,C/+Lzeou2LizQySX67M2667gb5DYL8ydseiRleWccoX3IZo1wEXxWMFuLlHF23Qr,4.2947907097192815,6.6112829210822985,5.032615326825532
745500,C/+Lzeou2LizQySX67M2667gb5DYL8ydseiRleWccoX3IZo1wEXxWMFuLlHF23Qr,4.175844438083936,7.2401789339954785,5.014403885782392
745800,C/+Lzeou2LizQySX67M2667gb5DYL8ydseiRleWccoX3IZo1wEXxWMFuLlHF23Qr,4.327529812265066,7.15646053388267,5.032432156471651
746100,C/+Lzeou2LizQySX67M2667gb5DYL8ydseiRleWccoX3IZo1wEXxWMFuLlHF23Qr,4.350395990780532,7.074926861463935,5.195494289799277
746400,C/+Lzeou2LizQySX67M2667gb5DYL8ydseiRleWccoX3IZo1wEXxWMFuLlHF23Qr,4.3313898044881824,7.075151798359123,5.08426008446778
746700,C/+Lzeou2LizQySX67M2667gb5DYL8ydseiRleWccoX3IZo1wEXxWMFuLlHF23Qr,4.4060120974120345,8.527138210892627,5.767814250106609
747000,C/+Lzeou2LizQySX67M2667gb5DYL8ydseiRleWccoX3IZo1wEXxWMFuLlHF23Qr,4.088205696802232,7.318693815726196,5.260687430672336
747300,C/+Lzeou2LizQySX67M2667gb5DYL8ydseiRleWccoX3IZo1wEXxWMFuLlHF23Qr,4.126900482953859,7.240134643840696,5.037121559572905
747600,C/+Lzeou2LizQySX67M2667gb5DYL8ydseiRleWccoX3IZo1wEXxWMFuLlHF23Qr,3.994169646045397,7.1090900845548335,4.937972210425603
747900,C/+Lzeou2LizQySX67M2667gb5DYL8ydseiRleWccoX3IZo1wEXxWMFuLlHF23Qr,4.031880180590627,7.498486534794034,5.001406389630235
748200,C/+Lzeou2LizQySX67M2667gb5DYL8ydseiRleWccoX3IZo1wEXxWMFuLlHF23Qr,4.1672697134520575,6.675417919416136,4.903068130676792
748500,C/+Lzeou2LizQySX67M2667gb5DYL8ydseiRleWccoX3IZo1wEXxWMFuLlHF23Qr,4.075901250607217,7.0852577650084045,5.141406354441938
748800,C/+Lzeou2LizQySX67M2667gb5DYL8ydseiRleWccoX3IZo1wEXxWMFuLlHF23Qr,4.16429210542672,6.998903545717303,5.115407906855868
749100,C/+Lzeou2LizQySX67M2667gb5DYL8ydseiRleWccoX3IZo1wEXxWMFuLlHF23Qr,4.239145403471763,7.430498086731728,5.149079502678481
749400,C/+Lzeou2LizQySX67M2667gb5DYL8ydseiRleWccoX3IZo1wEXxWMFuLlHF23Qr,4.16131394189533,6.812974715733668,4.893907121762387
749700,C/+Lzeou2LizQySX67M2667gb5DYL8ydseiRleWccoX3IZo1wEXxWMFuLlHF23Qr,4.208724037610885,7.475339962994086,5.08676087200134
750000,C/+Lzeou2LizQySX67M2667gb5DYL8ydseiRleWccoX3IZo1wEXxWMFuLlHF23Qr,4.308689785816936,7.10753178452085,5.041918006405951
750300,C/+Lzeou2LizQySX67M2667gb5DYL8ydseiRleWccoX3IZo1wEXxWMFuLlHF23Qr,4.113214092631201,7.255403156630509,5.069732888953366
750600,C/+Lzeou2LizQySX67M2667gb5DYL8ydseiRleWccoX3IZo1wEXxWMFuLlHF23Qr,4.278372827340648,7.445696599269746,5.10062745825172
750900,C/+Lzeou2LizQySX67M2667gb5DYL8ydseiRleWccoX3IZo1wEXxWMFuLlHF23Qr,4.296082175429345,7.196522324359552,5.160058512200241
751200,C/+Lzeou2LizQySX67M2667gb5DYL8ydseiRleWccoX3IZo1wEXxWMFuLlHF23Qr,4.256917676048241,7.09604490345461,5.090710417133366
751500,C/+Lzeou2LizQySX67M2667gb5DYL8ydseiRleWccoX3IZo1wEXxWMFuLlHF23Qr,4.216399766973698,6.973909437758676,5.056366203901156
751800,C/+Lzeou2LizQySX67M2667gb5DYL8ydseiRleWccoX3IZo1wEXxWMFuLlHF23Qr,4.404657000037219,6.923098102079352,5.075759750644319
752100,C/+Lzeou2LizQySX67M2667gb5DYL8ydseiRleWccoX3IZo1wEXxWMFuLlHF23Qr,4.415310459708918,6.492339901094911,4.858351596538827
752400,C/+Lzeou2LizQySX67M2667gb5DYL8ydseiRleWccoX3IZo1wEXxWMFuLlHF23Qr,4.504753187528553,6.368069884812552,5.1472524210184405
752700,C/+Lzeou2LizQySX67M2667gb5DYL8ydseiRleWccoX3IZo1wEXxWMFuLlHF23Qr,4.35741942964448,6.502904219202288,5.0666737578046535
753000,C/+Lzeou2LizQySX67M2667gb5DYL8ydseiRleWccoX3IZo1wEXxWMFuLlHF23Qr,4.3830056621423035,6.1784167092429065,4.953388350098246
753300,C/+Lzeou2LizQySX67M2667gb5DYL8ydseiRleWccoX3IZo1wEXxWMFuLlHF23Qr,4.3868317534200125,6.463789058890304,5.110611105124654
753600,C/+Lzeou2LizQySX67M2667gb5DYL8ydseiRleWccoX3IZo1wEXxWMFuLlHF23Qr,4.255567258266526,6.378039398838415,4.983032286780337
753900,C/+Lzeou2LizQySX67M2667gb5DYL8ydseiRleWccoX3IZo1wEXxWMFuLlHF23Qr,4.384102276973678,6.714366167659352,5.098030796076428
754200,C/+Lzeou2LizQySX67M2667gb5DYL8ydseiRleWccoX3IZo1wEXxWMFuLlHF23Qr,4.40708572581217,6.237806568460581,4.9805163949745115
754500,C/+Lzeou2LizQySX67M2667gb5DYL8ydseiRleWccoX3IZo1wEXxWMFuLlHF23Qr,4.323958538251208,6.52462688899215,5.004389830508379
754800,C/+Lzeou2LizQySX67M2667gb5DYL8ydseiRleWccoX3IZo1wEXxWMFuLlHF23Qr,3.9848651238754416,6.713341951616624,5.022809543877022
755100,C/+Lzeou2LizQySX67M2667gb5DYL8ydseiRleWccoX3IZo1wEXxWMFuLlHF23Qr,4.186250439893666,6.426574079697684,5.016534756421974
755400,C/+Lzeou2LizQySX67M2667gb5DYL8ydseiRleWccoX3IZo1wEXxWMFuLlHF23Qr,4.141922735839338,6.260768646130975,5.054099688501324
755700,C/+Lzeou2LizQySX67M2667gb5DYL8ydseiRleWccoX3IZo1wEXxWMFuLlHF23Qr,4.19466011057908,6.5625651923729365,4.991234149914496
756000,C/+Lzeou2LizQySX67M2667gb5DYL8ydseiRleWccoX3IZo1wEXxWMFuLlHF23Qr,4.331173136049664,6.296105270792355,5.031365047005649
756300,C/+Lzeou2LizQySX67M2667gb5DYL8ydseiRleWccoX3IZo1wEXxWMFuLlHF23Qr,4.21274222580305,6.435701961193936,4.956142339398172
756600,C/+Lzeou2LizQySX67M2667gb5DYL8ydseiRleWccoX3IZo1wEXxWMFuLlHF23Qr,4.142804963855647,6.196527796413543,4.878160863314776
756900,C/+Lzeou2LizQySX67M2667gb5DYL8ydseiRleWccoX3IZo1wEXxWMFuLlHF23Qr,4.385274846712099,7.056686405050562,5.0527134068534
757200,C/+Lzeou2LizQySX67M2667gb5DYL8ydseiRleWccoX3IZo1wEXxWMFuLlHF23Qr,4.331630321412249,6.189709580107536,4.991731532891656
757500,C/+Lzeou2LizQySX67M2667gb5DYL8ydseiRleWccoX3IZo1wEXxWMFuLlHF23Qr,4.300502224740578,6.872500036089063,5.064455769578777
757800,C/+Lzeou2LizQySX67M2667gb5DYL8ydseiRleWccoX3IZo1wEXxWMFuLlHF23Qr,4.366536233252798,6.48732532499888,4.9649965312632585
758100,C/+Lzeou2LizQySX67M2667gb5DYL8ydseiRleWccoX3IZo1wEXxWMFuLlHF23Qr,4.271906107090121,6.552820489642977,4.999996621998374
758400,C/+Lzeou2LizQySX67M2667gb5DYL8ydseiRleWccoX3IZo1wEXxWMFuLlHF23Qr,4.317813980404614,6.23414971411616,5.043519997401201
758700,C/+Lzeou2LizQySX67M2667gb5DYL8ydseiRleWccoX3IZo1wEXxWMFuLlHF23Qr,4.0958759403121645,7.434253772957856,5.084845398821921
759000,C/+Lzeou2LizQySX67M2667gb5DYL8ydseiRleWccoX3IZo1wEXxWMFuLlHF23Qr,4.229510750396593,6.291839167784508,4.856843354167865
759300,C/+Lzeou2LizQySX67M2667gb5DYL8ydseiRleWccoX3IZo1wEXxWMFuLlHF23Qr,4.071427308679266,6.753595213409952,4.990133393470616
759600,C/+Lzeou2LizQySX67M2667gb5DYL8ydseiRleWccoX3IZo1wEXxWMFuLlHF23Qr,3.970147423131734,7.089505647270442,5.029950821341672
759900,C/+Lzeou2LizQySX67M2667gb5DYL8ydseiRleWccoX3IZo1wEXxWMFuLlHF23Qr,4.062973083557065,6.999158411929352,5.067699486980458
760200,C/+Lzeou2LizQySX67M2667gb5DYL8ydseiRleWccoX3IZo1wEXxWMFuLlHF23Qr,4.0164552141885,7.286943332036558,4.969413781091789
760500,C/+Lzeou2LizQySX67M2667gb5DYL8ydseiRleWccoX3IZo1wEXxWMFuLlHF23Qr,4.063456136925463,7.389564043718021,5.104468432954947
760800,C/+Lzeou2LizQySX67M2667gb5DYL8ydseiRleWccoX3IZo1wEXxWMFuLlHF23Qr,4.294806844131986,6.4373767783439595,4.991044749497057
761100,C/+Lzeou2LizQySX67M2667gb5DYL8ydseiRleWccoX3IZo1wEXxWMFuLlHF23Qr,4.108263789566773,7.213905502559284,5.382162946541414
761400,C/+Lzeou2LizQySX67M2667gb5DYL8ydseiRleWccoX3IZo1wEXxWMFuLlHF23Qr,3.95988636233973,7.076077397494131,5.030602808731671
761700,C/+Lzeou2LizQySX67M2667gb5DYL8ydseiRleWccoX3IZo1wEXxWMFuLlHF23Qr,4.159654963938692,7.394170253142429,5.137106149113045
762000,C/+Lzeou2LizQySX67M2667gb5DYL8ydseiRleWccoX3IZo1wEXxWMFuLlHF23Qr,4.157817108430634,6.434198798048393,4.987843175663222
762300,C/+Lzeou2LizQySX67M2667gb5DYL8ydseiRleWccoX3IZo1wEXxWMFuLlHF23Qr,4.152005140045972,7.637697915446326,5.1247624659290505
762600,C/+Lzeou2LizQySX67M2667gb5DYL8ydseiRleWccoX3IZo1wEXxWMFuLlHF23Qr,4.124280122020817,6.404393481031305,4.943693640869904
762900,C/+Lzeou2LizQySX67M2667gb5DYL8ydseiRleWccoX3IZo1wEXxWMFuLlHF23Qr,4.182698437090197,7.064802238159367,4.942524835124299
763200,C/+Lzeou2LizQySX67M2667gb5DYL8ydseiRleWccoX3IZo1wEXxWMFuLlHF23Qr,4.1096834056606255,6.6909053427530445,5.278046513940698
763500,C/+Lzeou2LizQySX67M2667gb5DYL8ydseiRleWccoX3IZo1wEXxWMFuLlHF23Qr,4.150934197443993,6.463296604927688,4.818094035076784
763800,C/+Lzeou2LizQySX67M2667gb5DYL8ydseiRleWccoX3IZo1wEXxWMFuLlHF23Qr,4.106768779043849,7.241167729165935,5.159086529887023
764100,C/+Lzeou2LizQySX67M2667gb5DYL8ydseiRleWccoX3IZo1wEXxWMFuLlHF23Qr,4.149791147479934,7.263647459632689,4.906197345865346
764400,C/+Lzeou2LizQySX67M2667gb5DYL8ydseiRleWccoX3IZo1wEXxWMFuLlHF23Qr,4.296558754792015,6.65089214885798,5.229112117352779
764700,C/+Lzeou2LizQySX67M2667gb5DYL8ydseiRleWccoX3IZo1wEXxWMFuLlHF23Qr,4.134707197147019,6.505689953300933,5.065392813527885
765000,C/+Lzeou2LizQySX67M2667gb5DYL8ydseiRleWccoX3IZo1wEXxWMFuLlHF23Qr,4.347802273669511,7.038100869560392,5.232731465954116
765300,C/+Lzeou2LizQySX67M2667gb5DYL8ydseiRleWccoX3IZo1wEXxWMFuLlHF23Qr,4.409492337142206,6.66782535742376,4.912399791123445
765600,C/+Lzeou2LizQySX67M2667gb5DYL8ydseiRleWccoX3IZo1wEXxWMFuLlHF23Qr,4.590805578852849,7.620413249966367,5.303597945306329
765900,C/+Lzeou2LizQySX67M2667gb5DYL8ydseiRleWccoX3IZo1wEXxWMFuLlHF23Qr,4.421859226465097,6.363205882390098,5.02342618944551
766200,C/+Lzeou2LizQySX67M2667gb5DYL8ydseiRleWccoX3IZo1wEXxWMFuLlHF23Qr,4.379640534329579,7.7259379199690095,5.2032791374061445
766500,C/+Lzeou2LizQySX67M2667gb5DYL8ydseiRleWccoX3IZo1wEXxWMFuLlHF23Qr,4.17182149023007,6.481262887280718,4.810092805022925
766800,C/+Lzeou2LizQySX67M2667gb5DYL8ydseiRleWccoX3IZo1wEXxWMFuLlHF23Qr,4.447938647775779,7.415175663522171,5.33291538675307
767100,C/+Lzeou2LizQySX67M2667gb5DYL8ydseiRleWccoX3IZo1wEXxWMFuLlHF23Qr,4.354372068489911,6.937349003716941,5.082300851155777
767400,C/+Lzeou2LizQySX67M2667gb5DYL8ydseiRleWccoX3IZo1wEXxWMFuLlHF23Qr,4.305016544708333,7.468085215330277,5.182877417890117
767700,C/+Lzeou2LizQySX67M2667gb5DYL8ydseiRleWccoX3IZo1wEXxWMFuLlHF23Qr,4.344887648711184,6.29352077025538,4.96896215860063
768000,C/+Lzeou2LizQySX67M2667gb5DYL8ydseiRleWccoX3IZo1wEXxWMFuLlHF23Qr,4.508982986093407,7.559236497982567,5.262307504114058
768300,C/+Lzeou2LizQySX67M2667gb5DYL8ydseiRleWccoX3IZo1wEXxWMFuLlHF23Qr,4.338243069357612,6.80026031201501,4.944976183638719
768600,C/+Lzeou2LizQySX67M2667gb5DYL8ydseiRleWccoX3IZo1wEXxWMFuLlHF23Qr,4.5113168394960965,7.555232416804869,5.275755850361409
768900,C/+Lzeou2LizQySX67M2667gb5DYL8ydseiRleWccoX3IZo1wEXxWMFuLlHF23Qr,4.4234427551604005,6.426323656237832,4.92514039151756
769200,C/+Lzeou2LizQySX67M2667gb5DYL8ydseiRleWccoX3IZo1wEXxWMFuLlHF23Qr,4.584283563881512,7.558475962696271,5.267166841937777
769500,C/+Lzeou2LizQySX67M2667gb5DYL8ydseiRleWccoX3IZo1wEXxWMFuLlHF23Qr,4.347703601512193,6.671392963502733,4.930539344489494
769800,C/+Lzeou2LizQySX67M2667gb5DYL8ydseiRleWccoX3IZo1wEXxWMFuLlHF23Qr,4.321915097314258,7.782115121098803,5.268361372014788
770100,C/+Lzeou2LizQySX67M2667gb5DYL8ydseiRleWccoX3IZo1wEXxWMFuLlHF23Qr,4.4024223333244965,6.494602999979671,4.893457083927289
770400,C/+Lzeou2LizQySX67M2667gb5DYL8ydseiRleWccoX3IZo1wEXxWMFuLlHF23Qr,4.476415964196024,7.62495106096196,5.224479875379289
770700,C/+Lzeou2LizQySX67M2667gb5DYL8ydseiRleWccoX3IZo1wEXxWMFuLlHF23Qr,4.374559490955573,6.407589598904871,4.945819504846304
771000,C/+Lzeou2LizQySX67M2667gb5DYL8ydseiRleWccoX3IZo1wEXxWMFuLlHF23Qr,4.45643952112546,7.485155066165424,5.2015236653496
771300,C/+Lzeou2LizQySX67M2667gb5DYL8ydseiRleWccoX3IZo1wEXxWMFuLlHF23Qr,4.404730313868244,6.517407105693502,4.934267395935714
771600,C/+Lzeou2LizQySX67M2667gb5DYL8ydseiRleWccoX3IZo1wEXxWMFuLlHF23Qr,4.306780591443308,7.727310652981058,5.260683985763066
771900,C/+Lzeou2LizQySX67M2667gb5DYL8ydseiRleWccoX3IZo1wEXxWMFuLlHF23Qr,4.4171193273018,6.888720208769598,4.988415156472254
772200,C/+Lzeou2LizQySX67M2667gb5DYL8ydseiRleWccoX3IZo1wEXxWMFuLlHF23Qr,4.3796052956948754,7.152257552873561,5.243798126449216
772500,C/+Lzeou2LizQySX67M2667gb5DYL8ydseiRleWccoX3IZo1wEXxWMFuLlHF23Qr,4.167117619846358,7.363622589060993,4.9785154054644805
772800,C/+Lzeou2LizQySX67M2667gb5DYL8ydseiRleWccoX3IZo1wEXxWMFuLlHF23Qr,4.460869792392102,7.027065078108207,5.295258811162444
773100,C/+Lzeou2LizQySX67M2667gb5DYL8ydseiRleWccoX3IZo1wEXxWMFuLlHF23Qr,4.311185899413222,7.137703251534528,4.919172355186303
773400,C/+Lzeou2LizQySX67M2667gb5DYL8ydseiRleWccoX3IZo1wEXxWMFuLlHF23Qr,4.371599255300786,6.80741716788131,5.215810468204351
773700,C/+Lzeou2LizQySX67M2667gb5DYL8ydseiRleWccoX3IZo1wEXxWMFuLlHF23Qr,4.242880372805506,6.521711357826336,4.975681748617915
774000,C/+Lzeou2LizQySX67M2667gb5DYL8ydseiRleWccoX3IZo1wEXxWMFuLlHF23Qr,4.621565069874899,6.980027724008359,5.308742019429827
774300,C/+Lzeou2LizQySX67M2667gb5DYL8ydseiRleWccoX3IZo1wEXxWMFuLlHF23Qr,4.298177026033899,6.93048414666294,4.871482060120691
774600,C/+Lzeou2LizQySX67M2667gb5DYL8ydseiRleWccoX3IZo1wEXxWMFuLlHF23Qr,4.331359100665053,7.267407759453554,5.233622766586216
774900,C/+Lzeou2LizQySX67M2667gb5DYL8ydseiRleWccoX3IZo1wEXxWMFuLlHF23Qr,4.4501424667983756,6.715039585760072,4.929797441034334
775200,C/+Lzeou2LizQySX67M2667gb5DYL8ydseiRleWccoX3IZo1wEXxWMFuLlHF23Qr,4.488211508725782,6.69046994799304,5.23566767660619
775500,C/+Lzeou2LizQySX67M2667gb5DYL8ydseiRleWccoX3IZo1wEXxWMFuLlHF23Qr,4.360639855752797,6.860159480888218,4.935352203564081
775800,C/+Lzeou2LizQySX67M2667gb5DYL8ydseiRleWccoX3IZo1wEXxWMFuLlHF23Qr,4.39233179649489,7.772941855953138,5.280074924200721
776100,C/+Lzeou2LizQySX67M2667gb5DYL8ydseiRleWccoX3IZo1wEXxWMFuLlHF23Qr,4.510239599274923,6.943987811798723,4.9500078043205615
776400,C/+Lzeou2LizQySX67M2667gb5DYL8ydseiRleWccoX3IZo1wEXxWMFuLlHF23Qr,4.478730348954721,7.681005578382633,5.292633551588048
776700,C/+Lzeou2LizQySX67M2667gb5DYL8ydseiRleWccoX3IZo1wEXxWMFuLlHF23Qr,4.366348640897376,6.214385462934257,4.910801962657144
777000,C/+Lzeou2LizQySX67M2667gb5DYL8ydseiRleWccoX3IZo1wEXxWMFuLlHF23Qr,4.527601670238761,7.758578826430572,5.246744221178161
777300,C/+Lzeou2LizQySX67M2667gb5DYL8ydseiRleWccoX3IZo1wEXxWMFuLlHF23Qr,4.363148000563299,6.758441497861299,4.8019925523356095
777600,C/+Lzeou2LizQySX67M2667gb5DYL8ydseiRleWccoX3IZo1wEXxWMFuLlHF23Qr,4.150013354402937,7.702706018661423,5.142562569836684
777900,C/+Lzeou2LizQySX67M2667gb5DYL8ydseiRleWccoX3IZo1wEXxWMFuLlHF23Qr,4.332682537079159,6.772767721900752,4.888564211844264
778200,C/+Lzeou2LizQySX67M2667gb5DYL8ydseiRleWccoX3IZo1wEXxWMFuLlHF23Qr,4.075457200055559,7.933758038966173,5.11838922276871
778500,C/+Lzeou2LizQySX67M2667gb5DYL8ydseiRleWccoX3IZo1wEXxWMFuLlHF23Qr,4.441370258898904,6.421024429746216,4.809201347319812
778800,C/+Lzeou2LizQySX67M2667gb5DYL8ydseiRleWccoX3IZo1wEXxWMFuLlHF23Qr,4.176710271892812,7.623961262228397,5.2303746297632685
779100,C/+Lzeou2LizQySX67M2667gb5DYL8ydseiRleWccoX3IZo1wEXxWMFuLlHF23Qr,4.484683360007728,6.2166934241700575,4.863905983848835
779400,C/+Lzeou2LizQySX67M2667gb5DYL8ydseiRleWccoX3IZo1wEXxWMFuLlHF23Qr,4.4557119460421655,7.676192835933047,5.214267614185392
779700,C/+Lzeou2LizQySX67M2667gb5DYL8ydseiRleWccoX3IZo1wEXxWMFuLlHF23Qr,4.31055787369389,6.954827371875983,4.870478464292052
780000,C/+Lzeou2LizQySX67M2667gb5DYL8ydseiRleWccoX3IZo1wEXxWMFuLlHF23Qr,4.321961632214476,7.791607044990194,5.099553158882537
780300,C/+Lzeou2LizQySX67M2667gb5DYL8ydseiRleWccoX3IZo1wEXxWMFuLlHF23Qr,4.253181002880508,7.0744967084490735,4.842263932554856
780600,C/+Lzeou2LizQySX67M2667gb5DYL8ydseiRleWccoX3IZo1wEXxWMFuLlHF23Qr,4.576584044436996,6.596103679087604,5.17509641845823
780900,C/+Lzeou2LizQySX67M2667gb5DYL8ydseiRleWccoX3IZo1wEXxWMFuLlHF23Qr,4.42776052963067,6.59321571974044,4.910553375384168
781200,C/+Lzeou2LizQySX67M2667gb5DYL8ydseiRleWccoX3IZo1wEXxWMFuLlHF23Qr,4.647112422359912,6.594904713209772,5.4621367882996905
781500,C/+Lzeou2LizQySX67M2667gb5DYL8ydseiRleWccoX3IZo1wEXxWMFuLlHF23Qr,4.127014252571322,6.622957486282672,4.799494152765377
781800,C/+Lzeou2LizQySX67M2667gb5DYL8ydseiRleWccoX3IZo1wEXxWMFuLlHF23Qr,4.548614451515008,8.185581977981958,5.202465631438344
782100,C/+Lzeou2LizQySX67M2667gb5DYL8ydseiRleWccoX3IZo1wEXxWMFuLlHF23Qr,4.077313581689796,6.51196174389903,4.824212872369611
782400,C/+Lzeou2LizQySX67M2667gb5DYL8ydseiRleWccoX3IZo1wEXxWMFuLlHF23Qr,4.541237493886008,7.784702514601242,5.700731126802869
782700,C/+Lzeou2LizQySX67M2667gb5DYL8ydseiRleWccoX3IZo1wEXxWMFuLlHF23Qr,4.370937946425701,6.970369625679296,5.071933358685952
783000,C/+Lzeou2LizQySX67M2667gb5DYL8ydseiRleWccoX3IZo1wEXxWMFuLlHF23Qr,4.171139977309976,8.530675311398312,5.27894793059889
783300,C/+Lzeou2LizQySX67M2667gb5DYL8ydseiRleWccoX3IZo1wEXxWMFuLlHF23Qr,4.2422873105311645,6.43347524644697,4.998803522106217
783600,C/+Lzeou2LizQySX67M2667gb5DYL8ydseiRleWccoX3IZo1wEXxWMFuLlHF23Qr,4.652228845241597,7.797160582081384,5.430590971798551
783900,C/+Lzeou2LizQySX67M2667gb5DYL8ydseiRleWccoX3IZo1wEXxWMFuLlHF23Qr,4.374921872945468,6.5003328709547485,5.009978513226705
784200,C/+Lzeou2LizQySX67M2667gb5DYL8ydseiRleWccoX3IZo1wEXxWMFuLlHF23Qr,4.583983555396223,8.274656044728793,5.548801870163068
784500,C/+Lzeou2LizQySX67M2667gb5DYL8ydseiRleWccoX3IZo1wEXxWMFuLlHF23Qr,4.328234893360351,7.294078602937309,4.889984156956324
784800,C/+Lzeou2LizQySX67M2667gb5DYL8ydseiRleWccoX3IZo1wEXxWMFuLlHF23Qr,4.324163353868061,7.320441445888664,5.265683304343113
785100,C/+Lzeou2LizQySX67M2667gb5DYL8ydseiRleWccoX3IZo1wEXxWMFuLlHF23Qr,4.2413813812457,7.157336845637788,4.942213489177915
785400,C/+Lzeou2LizQySX67M2667gb5DYL8ydseiRleWccoX3IZo1wEXxWMFuLlHF23Qr,4.349455910732838,7.855514121915286,5.195105366016838
785700,C/+Lzeou2LizQySX67M2667gb5DYL8ydseiRleWccoX3IZo1wEXxWMFuLlHF23Qr,4.242870889011384,6.815051295439524,4.7974526213861575
786000,C/+Lzeou2LizQySX67M2667gb5DYL8ydseiRleWccoX3IZo1wEXxWMFuLlHF23Qr,4.345824958872756,8.095905693659244,5.326952126469148
786300,C/+Lzeou2LizQySX67M2667gb5DYL8ydseiRleWccoX3IZo1wEXxWMFuLlHF23Qr,4.46390614334458,7.140503275078268,4.964144547911148
786600,C/+Lzeou2LizQySX67M2667gb5DYL8ydseiRleWccoX3IZo1wEXxWMFuLlHF23Qr,4.1988975776443525,7.775453199368639,5.196551134925817
786900,C/+Lzeou2LizQySX67M2667gb5DYL8ydseiRleWccoX3IZo1wEXxWMFuLlHF23Qr,4.471205193740309,6.518928753300757,4.935392755052892
787200,C/+Lzeou2LizQySX67M2667gb5DYL8ydseiRleWccoX3IZo1wEXxWMFuLlHF23Qr,4.484471758671085,7.779205922035885,5.640815979170082
787500,C/+Lzeou2LizQySX67M2667gb5DYL8ydseiRleWccoX3IZo1wEXxWMFuLlHF23Qr,4.35643774321632,6.707217971188086,4.980558434201361
787800,C/+Lzeou2LizQySX67M2667gb5DYL8ydseiRleWccoX3IZo1wEXxWMFuLlHF23Qr,4.385248370760563,7.049279991833595,5.320293816301029
788100,C/+Lzeou2LizQySX67M2667gb5DYL8ydseiRleWccoX3IZo1wEXxWMFuLlHF23Qr,4.308078169993566,6.33021662459217,4.913174196924884
788400,C/+Lzeou2LizQySX67M2667gb5DYL8ydseiRleWccoX3IZo1wEXxWMFuLlHF23Qr,4.471411622024581,6.777607896723088,5.283675091087316
788700,C/+Lzeou2LizQySX67M2667gb5DYL8ydseiRleWccoX3IZo1wEXxWMFuLlHF23Qr,4.301136776569952,7.150912876457394,4.951727243530756
789000,C/+Lzeou2LizQySX67M2667gb5DYL8ydseiRleWccoX3IZo1wEXxWMFuLlHF23Qr,4.45850991365099,6.66249299278864,5.199961938836102
789300,C/+Lzeou2LizQySX67M2667gb5DYL8ydseiRleWccoX3IZo1wEXxWMFuLlHF23Qr,4.289726562845336,6.606690699229068,4.931290233942954
789600,C/+Lzeou2LizQySX67M2667gb5DYL8ydseiRleWccoX3IZo1wEXxWMFuLlHF23Qr,4.115765264167985,6.867372089321903,5.227472037404373
789900,C/+Lzeou2LizQySX67M2667gb5DYL8ydseiRleWccoX3IZo1wEXxWMFuLlHF23Qr,4.335277243432176,6.47738296377551,4.918727453026667
790200,C/+Lzeou2LizQySX67M2667gb5DYL8ydseiRleWccoX3IZo1wEXxWMFuLlHF23Qr,4.29840163074883,6.679278926323418,5.0868804999198
790500,C/+Lzeou2LizQySX67M2667gb5DYL8ydseiRleWccoX3IZo1wEXxWMFuLlHF23Qr,4.046390713120696,7.034771951718107,4.963662714649641
790800,C/+Lzeou2LizQySX67M2667gb5DYL8ydseiRleWccoX3IZo1wEXxWMFuLlHF23Qr,4.261933840745063,6.963515967717947,5.287121629879302
791100,C/+Lzeou2LizQySX67M2667gb5DYL8ydseiRleWccoX3IZo1wEXxWMFuLlHF23Qr,4.214329250805487,6.832775014123709,4.903288028976896
791400,C/+Lzeou2LizQySX67M2667gb5DYL8ydseiRleWccoX3IZo1wEXxWMFuLlHF23Qr,4.498527857321507,6.692843025429925,5.251464746594212
791700,C/+Lzeou2LizQySX67M2667gb5DYL8ydseiRleWccoX3IZo1wEXxWMFuLlHF23Qr,4.337592925116038,6.897667693605205,4.908034672163984
792000,C/+Lzeou2LizQySX67M2667gb5DYL8ydseiRleWccoX3IZo1wEXxWMFuLlHF23Qr,4.2096861552414975,6.927892883764557,5.305490148782111
792300,C/+Lzeou2LizQySX67M2667gb5DYL8ydseiRleWccoX3IZo1wEXxWMFuLlHF23Qr,4.415715444182646,6.574247874984686,4.88657878731834
792600,C/+Lzeou2LizQySX67M2667gb5DYL8ydseiRleWccoX3IZo1wEXxWMFuLlHF23Qr,4.431731622769798,7.047521256685164,5.299384773087033
792900,C/+Lzeou2LizQySX67M2667gb5DYL8ydseiRleWccoX3IZo1wEXxWMFuLlHF23Qr,4.4809377537452875,7.01307102779511,4.899080166370499
793200,C/+Lzeou2LizQySX67M2667gb5DYL8ydseiRleWccoX3IZo1wEXxWMFuLlHF23Qr,4.535860076657741,6.979263217717654,5.249411136970593
793500,C/+Lzeou2LizQySX67M2667gb5DYL8ydseiRleWccoX3IZo1wEXxWMFuLlHF23Qr,4.441080702626828,6.783336678581737,5.005139478802934
793800,C/+Lzeou2LizQySX67M2667gb5DYL8ydseiRleWccoX3IZo1wEXxWMFuLlHF23Qr,4.3832969195401725,6.679797587383201,5.238938970255874
794100,C/+Lzeou2LizQySX67M2667gb5DYL8ydseiRleWccoX3IZo1wEXxWMFuLlHF23Qr,4.475530655754112,7.062043033560236,4.939565765784592
794400,C/+Lzeou2LizQySX67M2667gb5DYL8ydseiRleWccoX3IZo1wEXxWMFuLlHF23Qr,4.349997349376172,7.594886045258078,5.356011792345259
794700,C/+Lzeou2LizQySX67M2667gb5DYL8ydseiRleWccoX3IZo1wEXxWMFuLlHF23Qr,4.22618667656805,6.770620303553187,4.936137803162271
795000,C/+Lzeou2LizQySX67M2667gb5DYL8ydseiRleWccoX3IZo1wEXxWMFuLlHF23Qr,4.491523557181134,6.765685576942703,5.21483346481106
795300,C/+Lzeou2LizQySX67M2667gb5DYL8ydseiRleWccoX3IZo1wEXxWMFuLlHF23Qr,4.229085383984926,7.015921883817105,4.999009941906717
795600,C/+Lzeou2LizQySX67M2667gb5DYL8ydseiRleWccoX3IZo1wEXxWMFuLlHF23Qr,4.346851800527595,7.088116348970366,5.31173214979431
795900,C/+Lzeou2LizQySX67M2667gb5DYL8ydseiRleWccoX3IZo1wEXxWMFuLlHF23Qr,4.375943004706417,6.3330784130281454,4.897631177373446
796200,C/+Lzeou2LizQySX67M2667gb5DYL8ydseiRleWccoX3IZo1wEXxWMFuLlHF23Qr,4.3079948504239365,6.845915186506011,5.185657587642345
796500,C/+Lzeou2LizQySX67M2667gb5DYL8ydseiRleWccoX3IZo1wEXxWMFuLlHF23Qr,4.29527539198116,6.660087675634633,4.8705229345518735
796800,C/+Lzeou2LizQySX67M2667gb5DYL8ydseiRleWccoX3IZo1wEXxWMFuLlHF23Qr,4.202373025049988,7.0626166831849355,5.294198473879213
797100,C/+Lzeou2LizQySX67M2667gb5DYL8ydseiRleWccoX3IZo1wEXxWMFuLlHF23Qr,4.200386630030702,6.578980744560064,4.941268354748172
797400,C/+Lzeou2LizQySX67M2667gb5DYL8ydseiRleWccoX3IZo1wEXxWMFuLlHF23Qr,4.25142647302522,6.851521677378249,5.218255997309825
797700,C/+Lzeou2LizQySX67M2667gb5DYL8ydseiRleWccoX3IZo1wEXxWMFuLlHF23Qr,4.177517571081655,7.164123712465616,4.911329885122544
798000,C/+Lzeou2LizQySX67M2667gb5DYL8ydseiRleWccoX3IZo1wEXxWMFuLlHF23Qr,4.5409241238153415,6.791767499587814,5.268714143415672
798300,C/+Lzeou2LizQySX67M2667gb5DYL8ydseiRleWccoX3IZo1wEXxWMFuLlHF23Qr,4.232775785108636,6.738602933736256,4.904417981777025
798600,C/+Lzeou2LizQySX67M2667gb5DYL8ydseiRleWccoX3IZo1wEXxWMFuLlHF23Qr,4.438879098293185,6.896989705995516,5.254130805976086
798900,C/+Lzeou2LizQySX67M2667gb5DYL8ydseiRleWccoX3IZo1wEXxWMFuLlHF23Qr,4.31524458169309,7.1820007389091725,4.957549808470004
799200,C/+Lzeou2LizQySX67M2667gb5DYL8ydseiRleWccoX3IZo1wEXxWMFuLlHF23Qr,4.2308991539447085,7.41768215125574,5.272465563224368
799500,C/+Lzeou2LizQySX67M2667gb5DYL8ydseiRleWccoX3IZo1wEXxWMFuLlHF23Qr,4.298648582263104,6.857006971674712,4.88760908753058
799800,C/+Lzeou2LizQySX67M2667gb5DYL8ydseiRleWccoX3IZo1wEXxWMFuLlHF23Qr,4.270635774397371,6.825638221130624,5.170473531847086
800100,C/+Lzeou2LizQySX67M2667gb5DYL8ydseiRleWccoX3IZo1wEXxWMFuLlHF23Qr,4.49060086873358,6.3922429110463534,4.925441946713962
800400,C/+Lzeou2LizQySX67M2667gb5DYL8ydseiRleWccoX3IZo1wEXxWMFuLlHF23Qr,4.550041620072471,6.7599144499152874,5.268988197801326
800700,C/+Lzeou2LizQySX67M2667gb5DYL8ydseiRleWccoX3IZo1wEXxWMFuLlHF23Qr,4.324951335419866,7.328728880676907,4.945333505859204
801000,C/+Lzeou2LizQySX67M2667gb5DYL8ydseiRleWccoX3IZo1wEXxWMFuLlHF23Qr,4.4823179052919,7.03477153796835,5.3259806826479945
801300,C/+Lzeou2LizQySX67M2667gb5DYL8ydseiRleWccoX3IZo1wEXxWMFuLlHF23Qr,4.313256654472857,6.7838507453138925,4.879818298685759
801600,C/+Lzeou2LizQySX67M2667gb5DYL8ydseiRleWccoX3IZo1wEXxWMFuLlHF23Qr,4.4728982242613275,7.130699385391658,5.3263032078772765
801900,C/+Lzeou2LizQySX67M2667gb5DYL8ydseiRleWccoX3IZo1wEXxWMFuLlHF23Qr,4.4808587342197095,7.51453350941651,4.9762193363301055
802200,C/+Lzeou2LizQySX67M2667gb5DYL8ydseiRleWccoX3IZo1wEXxWMFuLlHF23Qr,4.231010321747596,7.23364171594542,5.154387989301383
802500,C/+Lzeou2LizQySX67M2667gb5DYL8ydseiRleWccoX3IZo1wEXxWMFuLlHF23Qr,4.4689842687898444,6.815967048042729,4.879615503364272
802800,C/+Lzeou2LizQySX67M2667gb5DYL8ydseiRleWccoX3IZo1wEXxWMFuLlHF23Qr,4.38921279428813,7.157249159105488,5.300124753719337
803100,C/+Lzeou2LizQySX67M2667gb5DYL8ydseiRleWccoX3IZo1wEXxWMFuLlHF23Qr,4.159651245160807,6.881121546236156,4.880217637861374
803400,C/+Lzeou2LizQySX67M2667gb5DYL8ydseiRleWccoX3IZo1wEXxWMFuLlHF23Qr,4.183971996745263,6.8454587693432005,5.170566755508333
803700,C/+Lzeou2LizQySX67M2667gb5DYL8ydseiRleWccoX3IZo1wEXxWMFuLlHF23Qr,4.282556548024588,6.802869341303507,4.938795516955807
804000,C/+Lzeou2LizQySX67M2667gb5DYL8ydseiRleWccoX3IZo1wEXxWMFuLlHF23Qr,4.520763129577599,6.7107123958190185,5.197763294190131
804300,C/+Lzeou2LizQySX67M2667gb5DYL8ydseiRleWccoX3IZo1wEXxWMFuLlHF23Qr,4.272121650624062,7.019645536387362,4.901603885033045
804600,C/+Lzeou2LizQySX67M2667gb5DYL8ydseiRleWccoX3IZo1wEXxWMFuLlHF23Qr,4.417450839062425,6.618764603610275,5.246760189310424
804900,C/+Lzeou2LizQySX67M2667gb5DYL8ydseiRleWccoX3IZo1wEXxWMFuLlHF23Qr,4.33654384787822,6.836278099985341,4.909634189667899
805200,C/+Lzeou2LizQySX67M2667gb5DYL8ydseiRleWccoX3IZo1wEXxWMFuLlHF23Qr,4.343704149667442,6.940569147064593,5.308514837642754
805500,C/+Lzeou2LizQySX67M2667gb5DYL8ydseiRleWccoX3IZo1wEXxWMFuLlHF23Qr,4.557435097013218,7.364964921974946,5.257764618175044
805800,C/+Lzeou2LizQySX67M2667gb5DYL8ydseiRleWccoX3IZo1wEXxWMFuLlHF23Qr,4.197132607667299,6.770806588805061,5.008479545894658
806100,C/+Lzeou2LizQySX67M2667gb5DYL8ydseiRleWccoX3IZo1wEXxWMFuLlHF23Qr,4.378094122146326,6.418662972340693,4.986467969868504
806400,C/+Lzeou2LizQySX67M2667gb5DYL8ydseiRleWccoX3IZo1wEXxWMFuLlHF23Qr,4.465189422055961,6.7126500546094485,5.240750830061979
806700,C/+Lzeou2LizQySX67M2667gb5DYL8ydseiRleWccoX3IZo1wEXxWMFuLlHF23Qr,4.471025385594286,6.6022496716627295,5.059302786460704
807000,C/+Lzeou2LizQySX67M2667gb5DYL8ydseiRleWccoX3IZo1wEXxWMFuLlHF23Qr,4.531446331045542,7.223913689503333,5.3668662821689725
807300,C/+Lzeou2LizQySX67M2667gb5DYL8ydseiRleWccoX3IZo1wEXxWMFuLlHF23Qr,4.531090972590976,6.677470792037636,5.0027261269826875
807600,C/+Lzeou2LizQySX67M2667gb5DYL8ydseiRleWccoX3IZo1wEXxWMFuLlHF23Qr,4.637201515961038,6.883341188298826,5.363768651021304
807900,C/+Lzeou2LizQySX67M2667gb5DYL8ydseiRleWccoX3IZo1wEXxWMFuLlHF23Qr,4.352715769695876,6.595726891659843,4.909276555765849
808200,C/+Lzeou2LizQySX67M2667gb5DYL8ydseiRleWccoX3IZo1wEXxWMFuLlHF23Qr,4.407631505356776,6.939051452791928,5.348358766663607
808500,C/+Lzeou2LizQySX67M2667gb5DYL8ydseiRleWccoX3IZo1wEXxWMFuLlHF23Qr,4.469455072839262,6.673105790354722,4.865673342852461
808800,C/+Lzeou2LizQySX67M2667gb5DYL8ydseiRleWccoX3IZo1wEXxWMFuLlHF23Qr,4.445467796342381,6.698198797221192,5.223334912352624
809100,C/+Lzeou2LizQySX67M2667gb5DYL8ydseiRleWccoX3IZo1wEXxWMFuLlHF23Qr,4.395138634302664,6.562586555784325,4.886621907726568
809400,C/+Lzeou2LizQySX67M2667gb5DYL8ydseiRleWccoX3IZo1wEXxWMFuLlHF23Qr,4.515548360376084,6.838257258329615,5.369349833146605
809700,C/+Lzeou2LizQySX67M2667gb5DYL8ydseiRleWccoX3IZo1wEXxWMFuLlHF23Qr,4.406672053797941,6.583548031878226,4.9070489698426165
810000,C/+Lzeou2LizQySX67M2667gb5DYL8ydseiRleWccoX3IZo1wEXxWMFuLlHF23Qr,4.424460726162386,7.735271169031658,5.352814670780269
810300,C/+Lzeou2LizQySX67M2667gb5DYL8ydseiRleWccoX3IZo1wEXxWMFuLlHF23Qr,4.467677265400433,7.258784477917429,5.00486629950101
810600,C/+Lzeou2LizQySX67M2667gb5DYL8ydseiRleWccoX3IZo1wEXxWMFuLlHF23Qr,4.365843425408612,7.310745522306693,5.259034740631567
810900,C/+Lzeou2LizQySX67M2667gb5DYL8ydseiRleWccoX3IZo1wEXxWMFuLlHF23Qr,4.399690233477159,6.639802577240548,4.9120580425636735
811200,C/+Lzeou2LizQySX67M2667gb5DYL8ydseiRleWccoX3IZo1wEXxWMFuLlHF23Qr,4.512147058944911,7.068193332825879,5.2786139061114765
811500,C/+Lzeou2LizQySX67M2667gb5DYL8ydseiRleWccoX3IZo1wEXxWMFuLlHF23Qr,4.383736643769708,7.44681760440726,5.127334185024752
811800,C/+Lzeou2LizQySX67M2667gb5DYL8ydseiRleWccoX3IZo1wEXxWMFuLlHF23Qr,4.426599178844333,6.655335762771203,5.217015282409752
812100,C/+Lzeou2LizQySX67M2667gb5DYL8ydseiRleWccoX3IZo1wEXxWMFuLlHF23Qr,4.435270266531032,6.679647899118512,4.936279354734497
812400,C/+Lzeou2LizQySX67M2667gb5DYL8ydseiRleWccoX3IZo1wEXxWMFuLlHF23Qr,4.490188845300141,6.6435879848374055,5.316422945759282
812700,C/+Lzeou2LizQySX67M2667gb5DYL8ydseiRleWccoX3IZo1wEXxWMFuLlHF23Qr,4.286668011580433,7.303252633887776,5.028167584048689
813000,C/+Lzeou2LizQySX67M2667gb5DYL8ydseiRleWccoX3IZo1wEXxWMFuLlHF23Qr,4.476097761746027,7.132094516189322,5.263466546658247
813300,C/+Lzeou2LizQySX67M2667gb5DYL8ydseiRleWccoX3IZo1wEXxWMFuLlHF23Qr,4.424543225900352,6.6925458215123355,4.914191659945816
813600,C/+Lzeou2LizQySX67M2667gb5DYL8ydseiRleWccoX3IZo1wEXxWMFuLlHF23Qr,4.695511451147548,6.944372568843905,5.3503641092677405
813900,C/+Lzeou2LizQySX67M2667gb5DYL8ydseiRleWccoX3IZo1wEXxWMFuLlHF23Qr,4.4326413341495545,6.9500475364122165,4.967087069600767
814200,C/+Lzeou2LizQySX67M2667gb5DYL8ydseiRleWccoX3IZo1wEXxWMFuLlHF23Qr,4.11218304595444,7.248689542728216,5.2178254563709565
814500,C/+Lzeou2LizQySX67M2667gb5DYL8ydseiRleWccoX3IZo1wEXxWMFuLlHF23Qr,4.559481723263686,6.302382498382,4.829990435418438
814800,C/+Lzeou2LizQySX67M2667gb5DYL8ydseiRleWccoX3IZo1wEXxWMFuLlHF23Qr,4.5682233666856,6.84234172219331,5.357359762903493
815100,C/+Lzeou2LizQySX67M2667gb5DYL8ydseiRleWccoX3IZo1wEXxWMFuLlHF23Qr,4.5087252545302015,6.386188211291532,4.9713761470430455
815400,C/+Lzeou2LizQySX67M2667gb5DYL8ydseiRleWccoX3IZo1wEXxWMFuLlHF23Qr,4.488663062590188,6.8730218097168185,5.210670274632901
815700,C/+Lzeou2LizQySX67M2667gb5DYL8ydseiRleWccoX3IZo1wEXxWMFuLlHF23Qr,4.314736848829492,7.0686977215824935,4.843908772469718
816000,C/+Lzeou2LizQySX67M2667gb5DYL8ydseiRleWccoX3IZo1wEXxWMFuLlHF23Qr,4.321476027369878,7.346542692449014,5.292118482311472
816300,C/+Lzeou2LizQySX67M2667gb5DYL8ydseiRleWccoX3IZo1wEXxWMFuLlHF23Qr,4.176752775132661,6.536845281472052,4.937855935172889
816600,C/+Lzeou2LizQySX67M2667gb5DYL8ydseiRleWccoX3IZo1wEXxWMFuLlHF23Qr,4.4211460584978655,6.598390136076654,5.059596516402584
816900,C/+Lzeou2LizQySX67M2667gb5DYL8ydseiRleWccoX3IZo1wEXxWMFuLlHF23Qr,4.252585246414388,6.519229662826083,4.932158475204673
817200,C/+Lzeou2LizQySX67M2667gb5DYL8ydseiRleWccoX3IZo1wEXxWMFuLlHF23Qr,4.030591880610031,6.988439399297879,5.239572786874187
817500,C/+Lzeou2LizQySX67M2667gb5DYL8ydseiRleWccoX3IZo1wEXxWMFuLlHF23Qr,4.499354870930287,6.507211582564391,4.959071291547319
817800,C/+Lzeou2LizQySX67M2667gb5DYL8ydseiRleWccoX3IZo1wEXxWMFuLlHF23Qr,4.282063731432581,6.9831768448781455,5.286969596823796
818100,C/+Lzeou2LizQySX67M2667gb5DYL8ydseiRleWccoX3IZo1wEXxWMFuLlHF23Qr,4.567680196744022,6.688303038681104,4.991536037345341
818400,C/+Lzeou2LizQySX67M2667gb5DYL8ydseiRleWccoX3IZo1wEXxWMFuLlHF23Qr,4.213972677682356,7.227922921267859,5.324222982211426
818700,C/+Lzeou2LizQySX67M2667gb5DYL8ydseiRleWccoX3IZo1wEXxWMFuLlHF23Qr,4.139588697614264,6.523694266215741,4.95175397506928
819000,C/+Lzeou2LizQySX67M2667gb5DYL8ydseiRleWccoX3IZo1wEXxWMFuLlHF23Qr,4.40143857965936,6.77059146472243,5.331383011243098
819300,C/+Lzeou2LizQySX67M2667gb5DYL8ydseiRleWccoX3IZo1wEXxWMFuLlHF23Qr,4.252374304522597,6.690741081716523,4.90836848558469
819600,C/+Lzeou2LizQySX67M2667gb5DYL8ydseiRleWccoX3IZo1wEXxWMFuLlHF23Qr,4.669472700109872,6.809699570942676,5.320267821634071
819900,C/+Lzeou2LizQySX67M2667gb5DYL8ydseiRleWccoX3IZo1wEXxWMFuLlHF23Qr,4.593885516190562,7.051220606752352,5.035236867433379
820200,C/+Lzeou2LizQySX67M2667gb5DYL8ydseiRleWccoX3IZo1wEXxWMFuLlHF23Qr,4.483743488530613,6.49763343366172,5.26566310484478
820500,C/+Lzeou2LizQySX67M2667gb5DYL8ydseiRleWccoX3IZo1wEXxWMFuLlHF23Qr,4.274692785036779,6.696638054139625,4.97334503370816
820800,C/+Lzeou2LizQySX67M2667gb5DYL8ydseiRleWccoX3IZo1wEXxWMFuLlHF23Qr,4.37870258964275,7.20267709969927,5.392731214652228
821100,C/+Lzeou2LizQySX67M2667gb5DYL8ydseiRleWccoX3IZo1wEXxWMFuLlHF23Qr,4.4926572819065935,7.092623025448918,5.06376693548838
821400,C/+Lzeou2LizQySX67M2667gb5DYL8ydseiRleWccoX3IZo1wEXxWMFuLlHF23Qr,4.3338941413550485,7.748887757702973,5.373222821219853
821700,C/+Lzeou2LizQySX67M2667gb5DYL8ydseiRleWccoX3IZo1wEXxWMFuLlHF23Qr,4.334550261762318,6.655581807846899,4.986035953926108
822000,C/+Lzeou2LizQySX67M2667gb5DYL8ydseiRleWccoX3IZo1wEXxWMFuLlHF23Qr,4.473391778799838,7.485599436000248,5.396300842304918
822300,C/+Lzeou2LizQySX67M2667gb5DYL8ydseiRleWccoX3IZo1wEXxWMFuLlHF23Qr,4.225708154113104,6.508243731968661,5.0054207786777205
822600,C/+Lzeou2LizQySX67M2667gb5DYL8ydseiRleWccoX3IZo1wEXxWMFuLlHF23Qr,4.575296835381767,6.993197915564785,5.3178887907039725
822900,C/+Lzeou2LizQySX67M2667gb5DYL8ydseiRleWccoX3IZo1wEXxWMFuLlHF23Qr,4.530259139449848,6.218200602982631,4.964398433098436
823200,C/+Lzeou2LizQySX67M2667gb5DYL8ydseiRleWccoX3IZo1wEXxWMFuLlHF23Qr,4.363936653952052,6.707971957112802,5.174610610177239
823500,C/+Lzeou2LizQySX67M2667gb5DYL8ydseiRleWccoX3IZo1wEXxWMFuLlHF23Qr,4.43541204234445,6.875739873124908,4.916850609388457
823800,C/+Lzeou2LizQySX67M2667gb5DYL8ydseiRleWccoX3IZo1wEXxWMFuLlHF23Qr,4.26974909876435,6.7430368013757676,5.118454076035692
824100,C/+Lzeou2LizQySX67M2667gb5DYL8ydseiRleWccoX3IZo1wEXxWMFuLlHF23Qr,4.306595870730009,6.307779544832933,4.810850754111762
824400,C/+Lzeou2LizQySX67M2667gb5DYL8ydseiRleWccoX3IZo1wEXxWMFuLlHF23Qr,4.425895372525416,11.418681009350854,5.7487174963231205
824700,C/+Lzeou2LizQySX67M2667gb5DYL8ydseiRleWccoX3IZo1wEXxWMFuLlHF23Qr,4.54443265165748,6.80736836593494,5.194678030917076
825000,C/+Lzeou2LizQySX67M2667gb5DYL8ydseiRleWccoX3IZo1wEXxWMFuLlHF23Qr,4.321066658767697,6.5657561109425755,5.013017215138671
825300,C/+Lzeou2LizQySX67M2667gb5DYL8ydseiRleWccoX3IZo1wEXxWMFuLlHF23Qr,4.203874156662377,6.817936734501437,5.160196270701299
825600,C/+Lzeou2LizQySX67M2667gb5DYL8ydseiRleWccoX3IZo1wEXxWMFuLlHF23Qr,4.49658505242003,8.346852594325766,5.647416996366284
825900,C/+Lzeou2LizQySX67M2667gb5DYL8ydseiRleWccoX3IZo1wEXxWMFuLlHF23Qr,4.338174453560874,7.118134840992592,5.265779552463737
826200,C/+Lzeou2LizQySX67M2667gb5DYL8ydseiRleWccoX3IZo1wEXxWMFuLlHF23Qr,4.574196206342311,6.767403321050484,5.123475422247172
826500,C/+Lzeou2LizQySX67M2667gb5DYL8ydseiRleWccoX3IZo1wEXxWMFuLlHF23Qr,4.129144460108948,7.24993362712538,5.364444846680368
826800,C/+Lzeou2LizQySX67M2667gb5DYL8ydseiRleWccoX3IZo1wEXxWMFuLlHF23Qr,4.498357159055268,6.905742812531668,5.1666608864515045
827100,C/+Lzeou2LizQySX67M2667gb5DYL8ydseiRleWccoX3IZo1wEXxWMFuLlHF23Qr,4.565530759787989,6.821796616274967,5.259555398335736
827400,C/+Lzeou2LizQySX67M2667gb5DYL8ydseiRleWccoX3IZo1wEXxWMFuLlHF23Qr,4.257955546933185,7.032014692155606,5.0968363053062085
827700,C/+Lzeou2LizQySX67M2667gb5DYL8ydseiRleWccoX3IZo1wEXxWMFuLlHF23Qr,4.350212984231693,6.7807177188998,5.042426381450487
828000,C/+Lzeou2LizQySX67M2667gb5DYL8ydseiRleWccoX3IZo1wEXxWMFuLlHF23Qr,4.230207655418886,6.756781540869288,5.010236176506848
828300,C/+Lzeou2LizQySX67M2667gb5DYL8ydseiRleWccoX3IZo1wEXxWMFuLlHF23Qr,4.123792164147611,6.664637026481391,5.15743337883478
828600,C/+Lzeou2LizQySX67M2667gb5DYL8ydseiRleWccoX3IZo1wEXxWMFuLlHF23Qr,4.343617237383672,6.82371417238924,5.130493969084326
828900,C/+Lzeou2LizQySX67M2667gb5DYL8ydseiRleWccoX3IZo1wEXxWMFuLlHF23Qr,4.318950768229044,6.868375990251573,5.238362648735259
829200,C/+Lzeou2LizQySX67M2667gb5DYL8ydseiRleWccoX3IZo1wEXxWMFuLlHF23Qr,4.648145231402627,6.627662673239369,5.192657669382382
829500,C/+Lzeou2LizQySX67M2667gb5DYL8ydseiRleWccoX3IZo1wEXxWMFuLlHF23Qr,4.513611470321393,7.010830803805679,5.287787657633393
829800,C/+Lzeou2LizQySX67M2667gb5DYL8ydseiRleWccoX3IZo1wEXxWMFuLlHF23Qr,4.393314670307377,6.237295653182358,5.0887108961036125
830100,C/+Lzeou2LizQySX67M2667gb5DYL8ydseiRleWccoX3IZo1wEXxWMFuLlHF23Qr,4.42227716933454,6.041841979384036,5.180825894296963
830400,C/+Lzeou2LizQySX67M2667gb5DYL8ydseiRleWccoX3IZo1wEXxWMFuLlHF23Qr,4.19022888449368,6.514115247401201,5.019517826551727
830700,C/+Lzeou2LizQySX67M2667gb5DYL8ydseiRleWccoX3IZo1wEXxWMFuLlHF23Qr,4.318891439090605,6.710804868817122,5.119997339686966
831000,C/+Lzeou2LizQySX67M2667gb5DYL8ydseiRleWccoX3IZo1wEXxWMFuLlHF23Qr,4.329311118388811,6.639297874605796,5.180410520073709
831300,C/+Lzeou2LizQySX67M2667gb5DYL8ydseiRleWccoX3IZo1wEXxWMFuLlHF23Qr,4.414974779067176,6.895332412570579,5.142481589184117
831600,C/+Lzeou2LizQySX67M2667gb5DYL8ydseiRleWccoX3IZo1wEXxWMFuLlHF23Qr,4.29527164605596,6.691770433453753,5.090220696002153
831900,C/+Lzeou2LizQySX67M2667gb5DYL8ydseiRleWccoX3IZo1wEXxWMFuLlHF23Qr,4.353102551549605,7.244185009320555,5.103009010688198
832200,C/+Lzeou2LizQySX67M2667gb5DYL8ydseiRleWccoX3IZo1wEXxWMFuLlHF23Qr,4.297934063460718,6.62574400380352,5.106809468631329
832500,C/+Lzeou2LizQySX67M2667gb5DYL8ydseiRleWccoX3IZo1wEXxWMFuLlHF23Qr,4.477142175510688,6.4991933135439375,5.113658744501953
832800,C/+Lzeou2LizQySX67M2667gb5DYL8ydseiRleWccoX3IZo1wEXxWMFuLlHF23Qr,4.43904954541084,6.259285507194706,5.035360175107131
833100,C/+Lzeou2LizQySX67M2667gb5DYL8ydseiRleWccoX3IZo1wEXxWMFuLlHF23Qr,4.454469771693857,7.243127200251793,5.243663632110075
833400,C/+Lzeou2LizQySX67M2667gb5DYL8ydseiRleWccoX3IZo1wEXxWMFuLlHF23Qr,4.181601851009038,6.4111113401717725,5.058854253148302
833700,C/+Lzeou2LizQySX67M2667gb5DYL8ydseiRleWccoX3IZo1wEXxWMFuLlHF23Qr,4.253825096110708,6.9735407675454475,5.132412933921193
834000,C/+Lzeou2LizQySX67M2667gb5DYL8ydseiRleWccoX3IZo1wEXxWMFuLlHF23Qr,4.405563679903443,6.432332448415665,5.004326017010487
834300,C/+Lzeou2LizQySX67M2667gb5DYL8ydseiRleWccoX3IZo1wEXxWMFuLlHF23Qr,4.44869818378809,7.035616496510781,5.254936995375771
834600,C/+Lzeou2LizQySX67M2667gb5DYL8ydseiRleWccoX3IZo1wEXxWMFuLlHF23Qr,4.257757483685148,6.251163477325492,5.071216804389429
834900,C/+Lzeou2LizQySX67M2667gb5DYL8ydseiRleWccoX3IZo1wEXxWMFuLlHF23Qr,4.168418534940815,7.028383333081126,5.142037598419778
835200,C/+Lzeou2LizQySX67M2667gb5DYL8ydseiRleWccoX3IZo1wEXxWMFuLlHF23Qr,4.331601316225304,6.346441443568224,5.043969689793107
835500,C/+Lzeou2LizQySX67M2667gb5DYL8ydseiRleWccoX3IZo1wEXxWMFuLlHF23Qr,4.341989733414949,6.720975183313051,5.092019497560261
835800,C/+Lzeou2LizQySX67M2667gb5DYL8ydseiRleWccoX3IZo1wEXxWMFuLlHF23Qr,4.17008633448679,6.565741262118812,4.99072049682972
836100,C/+Lzeou2LizQySX67M2667gb5DYL8ydseiRleWccoX3IZo1wEXxWMFuLlHF23Qr,4.117088864664291,6.990999964471308,5.102072528973348
836400,C/+Lzeou2LizQySX67M2667gb5DYL8ydseiRleWccoX3IZo1wEXxWMFuLlHF23Qr,4.015231868223439,7.3725459387100605,5.008351998480484
836700,C/+Lzeou2LizQySX67M2667gb5DYL8ydseiRleWccoX3IZo1wEXxWMFuLlHF23Qr,4.469611043411368,6.915374850506868,5.2122501860168
837000,C/+Lzeou2LizQySX67M2667gb5DYL8ydseiRleWccoX3IZo1wEXxWMFuLlHF23Qr,4.342908050564856,6.628559615730519,5.053775418060689
837300,C/+Lzeou2LizQySX67M2667gb5DYL8ydseiRleWccoX3IZo1wEXxWMFuLlHF23Qr,4.410921909529395,7.256407811702583,5.124940120445558
837600,C/+Lzeou2LizQySX67M2667gb5DYL8ydseiRleWccoX3IZo1wEXxWMFuLlHF23Qr,4.101781378920776,6.919427934407687,5.126590242739208
837900,C/+Lzeou2LizQySX67M2667gb5DYL8ydseiRleWccoX3IZo1wEXxWMFuLlHF23Qr,4.542262687101678,6.713292174280284,5.244739513832339
838200,C/+Lzeou2LizQySX67M2667gb5DYL8ydseiRleWccoX3IZo1wEXxWMFuLlHF23Qr,4.318618359554833,7.144850978442396,5.159894114452615
838500,C/+Lzeou2LizQySX67M2667gb5DYL8ydseiRleWccoX3IZo1wEXxWMFuLlHF23Qr,3.933973571718443,7.127222107062946,5.151988328552571
838800,C/+Lzeou2LizQySX67M2667gb5DYL8ydseiRleWccoX3IZo1wEXxWMFuLlHF23Qr,4.20506942919908,6.770169484648067,5.130388865679305
839100,C/+Lzeou2LizQySX67M2667gb5DYL8ydseiRleWccoX3IZo1wEXxWMFuLlHF23Qr,4.272819736216909,7.588450740622266,5.209025025797712
839400,C/+Lzeou2LizQySX67M2667gb5DYL8ydseiRleWccoX3IZo1wEXxWMFuLlHF23Qr,4.2125990808052665,6.989942187387345,5.128190075863029
839700,C/+Lzeou2LizQySX67M2667gb5DYL8ydseiRleWccoX3IZo1wEXxWMFuLlHF23Qr,4.38924818144399,6.682762804796758,5.164472342074032
840000,C/+Lzeou2LizQySX67M2667gb5DYL8ydseiRleWccoX3IZo1wEXxWMFuLlHF23Qr,4.220103015761374,7.531675907649864,5.072966602958768
840300,C/+Lzeou2LizQySX67M2667gb5DYL8ydseiRleWccoX3IZo1wEXxWMFuLlHF23Qr,4.432713286407825,7.068900461888461,5.156316209674415
840600,C/+Lzeou2LizQySX67M2667gb5DYL8ydseiRleWccoX3IZo1wEXxWMFuLlHF23Qr,4.146160051708529,7.215060076491715,5.153652364461115
840900,C/+Lzeou2LizQySX67M2667gb5DYL8ydseiRleWccoX3IZo1wEXxWMFuLlHF23Qr,4.440301048157393,6.76737543155886,5.14821546198605
841200,C/+Lzeou2LizQySX67M2667gb5DYL8ydseiRleWccoX3IZo1wEXxWMFuLlHF23Qr,4.237056073897524,6.889073574803038,5.0738411579499285
841500,C/+Lzeou2LizQySX67M2667gb5DYL8ydseiRleWccoX3IZo1wEXxWMFuLlHF23Qr,4.5642920538053495,6.639335857922376,5.214555018675011
841800,C/+Lzeou2LizQySX67M2667gb5DYL8ydseiRleWccoX3IZo1wEXxWMFuLlHF23Qr,4.157819731206546,6.891895189720711,5.154134479890624
842100,C/+Lzeou2LizQySX67M2667gb5DYL8ydseiRleWccoX3IZo1wEXxWMFuLlHF23Qr,4.628136490118845,8.369667179609145,5.358494065241396
842400,C/+Lzeou2LizQySX67M2667gb5DYL8ydseiRleWccoX3IZo1wEXxWMFuLlHF23Qr,4.381785495680622,7.182128739275592,5.106532272052952
842700,C/+Lzeou2LizQySX67M2667gb5DYL8ydseiRleWccoX3IZo1wEXxWMFuLlHF23Qr,4.1945579674145375,7.178882136160387,5.272132999115575
843000,C/+Lzeou2LizQySX67M2667gb5DYL8ydseiRleWccoX3IZo1wEXxWMFuLlHF23Qr,4.559762859609808,6.616913981990868,5.096665979451041
843300,C/+Lzeou2LizQySX67M2667gb5DYL8ydseiRleWccoX3IZo1wEXxWMFuLlHF23Qr,4.576450170863893,6.503963285584283,5.178011967144938
843600,C/+Lzeou2LizQySX67M2667gb5DYL8ydseiRleWccoX3IZo1wEXxWMFuLlHF23Qr,4.445631703362092,6.940039557936811,5.122438318179455
843900,C/+Lzeou2LizQySX67M2667gb5DYL8ydseiRleWccoX3IZo1wEXxWMFuLlHF23Qr,4.5896038319269366,6.800629176227721,5.139653709574409
844200,C/+Lzeou2LizQySX67M2667gb5DYL8ydseiRleWccoX3IZo1wEXxWMFuLlHF23Qr,4.440271633793971,6.760677222039972,5.162128480964705
844500,C/+Lzeou2LizQySX67M2667gb5DYL8ydseiRleWccoX3IZo1wEXxWMFuLlHF23Qr,4.307830577768024,7.043110200924287,5.09052605746464
844800,C/+Lzeou2LizQySX67M2667gb5DYL8ydseiRleWccoX3IZo1wEXxWMFuLlHF23Qr,4.34216085906242,6.601751955127082,5.056133093187126
845100,C/+Lzeou2LizQySX67M2667gb5DYL8ydseiRleWccoX3IZo1wEXxWMFuLlHF23Qr,4.379050649109569,7.115005450226658,5.218664402595971
845400,C/+Lzeou2LizQySX67M2667gb5DYL8ydseiRleWccoX3IZo1wEXxWMFuLlHF23Qr,4.395601483371096,6.444367940519853,5.059781620938144
845700,C/+Lzeou2LizQySX67M2667gb5DYL8ydseiRleWccoX3IZo1wEXxWMFuLlHF23Qr,4.316808660119237,7.141442905893723,5.208323682478159
846000,C/+Lzeou2LizQySX67M2667gb5DYL8ydseiRleWccoX3IZo1wEXxWMFuLlHF23Qr,4.460795163747098,6.370364610828429,5.065774418196728
846300,C/+Lzeou2LizQySX67M2667gb5DYL8ydseiRleWccoX3IZo1wEXxWMFuLlHF23Qr,4.510100769856448,6.978805566687789,5.200516835024072
846600,C/+Lzeou2LizQySX67M2667gb5DYL8ydseiRleWccoX3IZo1wEXxWMFuLlHF23Qr,4.442095070973078,6.269885680136952,5.002532551933073
846900,C/+Lzeou2LizQySX67M2667gb5DYL8ydseiRleWccoX3IZo1wEXxWMFuLlHF23Qr,4.284291117420499,6.523106385897809,5.082664815055504
847200,C/+Lzeou2LizQySX67M2667gb5DYL8ydseiRleWccoX3IZo1wEXxWMFuLlHF23Qr,4.154240229000388,6.526845003292086,4.987058845425773
847500,C/+Lzeou2LizQySX67M2667gb5DYL8ydseiRleWccoX3IZo1wEXxWMFuLlHF23Qr,4.621466399029958,7.6379507985055985,5.473539940221774
847800,C/+Lzeou2LizQySX67M2667gb5DYL8ydseiRleWccoX3IZo1wEXxWMFuLlHF23Qr,4.5292562937867205,6.629291277070553,5.01304734775276
848100,C/+Lzeou2LizQySX67M2667gb5DYL8ydseiRleWccoX3IZo1wEXxWMFuLlHF23Qr,4.185766313399284,8.909073698705742,5.194004979709537
848400,C/+Lzeou2LizQySX67M2667gb5DYL8ydseiRleWccoX3IZo1wEXxWMFuLlHF23Qr,4.563237521142623,6.42838208331709,5.004230941567683
848700,C/+Lzeou2LizQySX67M2667gb5DYL8ydseiRleWccoX3IZo1wEXxWMFuLlHF23Qr,4.427588452312403,8.259054125533078,5.197413726126356
849000,C/+Lzeou2LizQySX67M2667gb5DYL8ydseiRleWccoX3IZo1wEXxWMFuLlHF23Qr,4.382137334498071,6.649846909390073,5.044695010878628
849300,C/+Lzeou2LizQySX67M2667gb5DYL8ydseiRleWccoX3IZo1wEXxWMFuLlHF23Qr,4.305613457124296,6.614941185272545,5.066968923758311
849600,C/+Lzeou2LizQySX67M2667gb5DYL8ydseiRleWccoX3IZo1wEXxWMFuLlHF23Qr,4.294019297697076,7.115839859478018,5.008995600758894
849900,C/+Lzeou2LizQySX67M2667gb5DYL8ydseiRleWccoX3IZo1wEXxWMFuLlHF23Qr,4.137436629977674,6.919553127378551,5.067563417605444
850200,C/+Lzeou2LizQySX67M2667gb5DYL8ydseiRleWccoX3IZo1wEXxWMFuLlHF23Qr,4.364256206889825,7.291238910823961,5.1084231320920255
850500,C/+Lzeou2LizQySX67M2667gb5DYL8ydseiRleWccoX3IZo1wEXxWMFuLlHF23Qr,4.368282981002488,7.097455356105844,5.164235238967132
850800,C/+Lzeou2LizQySX67M2667gb5DYL8ydseiRleWccoX3IZo1wEXxWMFuLlHF23Qr,4.197869473350609,7.224129487604195,5.059347756737509
851100,C/+Lzeou2LizQySX67M2667gb5DYL8ydseiRleWccoX3IZo1wEXxWMFuLlHF23Qr,4.5429579856017055,7.02769630524703,5.239032470930238
851400,C/+Lzeou2LizQySX67M2667gb5DYL8ydseiRleWccoX3IZo1wEXxWMFuLlHF23Qr,4.246346944242967,6.22853315311922,4.996213458213383
851700,C/+Lzeou2LizQySX67M2667gb5DYL8ydseiRleWccoX3IZo1wEXxWMFuLlHF23Qr,4.134253902312869,6.736596331846044,4.9965525828309865
852000,C/+Lzeou2LizQySX67M2667gb5DYL8ydseiRleWccoX3IZo1wEXxWMFuLlHF23Qr,4.196964984337451,6.663478265888002,5.0914171894376095
852300,C/+Lzeou2LizQySX67M2667gb5DYL8ydseiRleWccoX3IZo1wEXxWMFuLlHF23Qr,4.286123658477827,7.504885057111354,5.183325064229485
852600,C/+Lzeou2LizQySX67M2667gb5DYL8ydseiRleWccoX3IZo1wEXxWMFuLlHF23Qr,4.301440499752232,6.978946252409113,4.9094944445531095
852900,C/+Lzeou2LizQySX67M2667gb5DYL8ydseiRleWccoX3IZo1wEXxWMFuLlHF23Qr,4.03678326389949,7.321271135491644,4.946510654443641
853200,C/+Lzeou2LizQySX67M2667gb5DYL8ydseiRleWccoX3IZo1wEXxWMFuLlHF23Qr,4.2746165127868805,11.242397931787115,5.640995940791604
853500,C/+Lzeou2LizQySX67M2667gb5DYL8ydseiRleWccoX3IZo1wEXxWMFuLlHF23Qr,4.353075920196269,6.737262696829709,5.133662924139378
853800,C/+Lzeou2LizQySX67M2667gb5DYL8ydseiRleWccoX3IZo1wEXxWMFuLlHF23Qr,4.289330319851792,6.691732758754669,4.962148567747748
854100,C/+Lzeou2LizQySX67M2667gb5DYL8ydseiRleWccoX3IZo1wEXxWMFuLlHF23Qr,4.353154285828259,8.106136394233909,5.148377403645354
854400,C/+Lzeou2LizQySX67M2667gb5DYL8ydseiRleWccoX3IZo1wEXxWMFuLlHF23Qr,4.50480427542468,7.514241082786427,5.150009752218482
854700,C/+Lzeou2LizQySX67M2667gb5DYL8ydseiRleWccoX3IZo1wEXxWMFuLlHF23Qr,4.5001144926968175,8.557010349090897,5.17604105018708
855000,C/+Lzeou2LizQySX67M2667gb5DYL8ydseiRleWccoX3IZo1wEXxWMFuLlHF23Qr,4.192359239960102,7.517533059575727,5.018178213402875
855300,C/+Lzeou2LizQySX67M2667gb5DYL8ydseiRleWccoX3IZo1wEXxWMFuLlHF23Qr,4.113114968028268,7.87805537488085,5.079366932536738
855600,C/+Lzeou2LizQySX67M2667gb5DYL8ydseiRleWccoX3IZo1wEXxWMFuLlHF23Qr,4.274961055769014,7.652945839792133,4.975039425227268
855900,C/+Lzeou2LizQySX67M2667gb5DYL8ydseiRleWccoX3IZo1wEXxWMFuLlHF23Qr,4.330958750751131,6.872175571354343,5.050960510322173
856200,C/+Lzeou2LizQySX67M2667gb5DYL8ydseiRleWccoX3IZo1wEXxWMFuLlHF23Qr,4.30328439354364,7.93475455099486,4.927085855097766
856500,C/+Lzeou2LizQySX67M2667gb5DYL8ydseiRleWccoX3IZo1wEXxWMFuLlHF23Qr,4.446163324263816,6.588306442111406,5.072992231191972
856800,C/+Lzeou2LizQySX67M2667gb5DYL8ydseiRleWccoX3IZo1wEXxWMFuLlHF23Qr,4.2718267284174605,8.247751966684504,4.944118645305003
857100,C/+Lzeou2LizQySX67M2667gb5DYL8ydseiRleWccoX3IZo1wEXxWMFuLlHF23Qr,4.137995754737785,6.825819502212118,5.108929404800077
857400,C/+Lzeou2LizQySX67M2667gb5DYL8ydseiRleWccoX3IZo1wEXxWMFuLlHF23Qr,4.490847996228411,7.653077545286605,5.039895419171895
857700,C/+Lzeou2LizQySX67M2667gb5DYL8ydseiRleWccoX3IZo1wEXxWMFuLlHF23Qr,4.109109672756427,6.995673626867396,5.048710269077619
858000,C/+Lzeou2LizQySX67M2667gb5DYL8ydseiRleWccoX3IZo1wEXxWMFuLlHF23Qr,4.348404341706648,8.214097678103547,5.108708363007072
858300,C/+Lzeou2LizQySX67M2667gb5DYL8ydseiRleWccoX3IZo1wEXxWMFuLlHF23Qr,4.40798960821578,6.973443839551979,5.103824376510416
858600,C/+Lzeou2LizQySX67M2667gb5DYL8ydseiRleWccoX3IZo1wEXxWMFuLlHF23Qr,4.2869537741268005,8.06543778414107,5.075707135986916
858900,C/+Lzeou2LizQySX67M2667gb5DYL8ydseiRleWccoX3IZo1wEXxWMFuLlHF23Qr,4.389603741544764,7.057714281485,5.079604843769179
859200,C/+Lzeou2LizQySX67M2667gb5DYL8ydseiRleWccoX3IZo1wEXxWMFuLlHF23Qr,4.453828052344736,7.541225041072134,5.062930744347192
859500,C/+Lzeou2LizQySX67M2667gb5DYL8ydseiRleWccoX3IZo1wEXxWMFuLlHF23Qr,4.327778696083707,6.891078323574715,5.130522862095505
859800,C/+Lzeou2LizQySX67M2667gb5DYL8ydseiRleWccoX3IZo1wEXxWMFuLlHF23Qr,4.272054628213366,7.826246798880518,4.972228037793717
860100,C/+Lzeou2LizQySX67M2667gb5DYL8ydseiRleWccoX3IZo1wEXxWMFuLlHF23Qr,4.49724624473129,6.586714221469888,5.068668882184002
860400,C/+Lzeou2LizQySX67M2667gb5DYL8ydseiRleWccoX3IZo1wEXxWMFuLlHF23Qr,4.352914156656577,8.120460983013889,5.077668256157772
860700,C/+Lzeou2LizQySX67M2667gb5DYL8ydseiRleWccoX3IZo1wEXxWMFuLlHF23Qr,4.2335471929333695,8.638867863158993,5.049043344997009
861000,C/+Lzeou2LizQySX67M2667gb5DYL8ydseiRleWccoX3IZo1wEXxWMFuLlHF23Qr,4.202614085533685,7.418919211103056,4.896415736218723
861300,C/+Lzeou2LizQySX67M2667gb5DYL8ydseiRleWccoX3IZo1wEXxWMFuLlHF23Qr,4.275415230286516,8.766742334996632,5.140599649650378
861600,C/+Lzeou2LizQySX67M2667gb5DYL8ydseiRleWccoX3IZo1wEXxWMFuLlHF23Qr,4.14637785493509,7.7601923430736175,4.993451787704204
861900,C/+Lzeou2LizQySX67M2667gb5DYL8ydseiRleWccoX3IZo1wEXxWMFuLlHF23Qr,4.430657081670518,6.786283830451788,5.06557278826301
862200,C/+Lzeou2LizQySX67M2667gb5DYL8ydseiRleWccoX3IZo1wEXxWMFuLlHF23Qr,4.21325432045921,6.72326579684314,5.085608891069539
862500,C/+Lzeou2LizQySX67M2667gb5DYL8ydseiRleWccoX3IZo1wEXxWMFuLlHF23Qr,4.113501064712248,6.442116919092952,4.985345557381599
862800,C/+Lzeou2LizQySX67M2667gb5DYL8ydseiRleWccoX3IZo1wEXxWMFuLlHF23Qr,4.421249951210286,6.858799035018673,5.128712023112041
863100,C/+Lzeou2LizQySX67M2667gb5DYL8ydseiRleWccoX3IZo1wEXxWMFuLlHF23Qr,4.247346259861764,7.22502020484445,5.191102776618705
863400,C/+Lzeou2LizQySX67M2667gb5DYL8ydseiRleWccoX3IZo1wEXxWMFuLlHF23Qr,4.229332137508624,7.0031795705243605,4.905236282508224
863700,C/+Lzeou2LizQySX67M2667gb5DYL8ydseiRleWccoX3IZo1wEXxWMFuLlHF23Qr,4.216189897630684,6.986363780164454,5.05247237077271
864000,C/+Lzeou2LizQySX67M2667gb5DYL8ydseiRleWccoX3IZo1wEXxWMFuLlHF23Qr,4.40994110103771,6.882894783296259,5.00043526784875
864300,C/+Lzeou2LizQySX67M2667gb5DYL8ydseiRleWccoX3IZo1wEXxWMFuLlHF23Qr,4.31126976698073,6.563714725656314,5.041468768781324
864600,C/+Lzeou2LizQySX67M2667gb5DYL8ydseiRleWccoX3IZo1wEXxWMFuLlHF23Qr,4.416123246086517,6.674716647437547,4.993145508525368
864900,C/+Lzeou2LizQySX67M2667gb5DYL8ydseiRleWccoX3IZo1wEXxWMFuLlHF23Qr,4.300442904195922,7.207730602594067,5.101314395450862
865200,C/+Lzeou2LizQySX67M2667gb5DYL8ydseiRleWccoX3IZo1wEXxWMFuLlHF23Qr,4.200895903682451,6.991903621959245,5.044403800531153
865500,C/+Lzeou2LizQySX67M2667gb5DYL8ydseiRleWccoX3IZo1wEXxWMFuLlHF23Qr,4.228898417531484,6.922761271816183,5.17334153080194
865800,C/+Lzeou2LizQySX67M2667gb5DYL8ydseiRleWccoX3IZo1wEXxWMFuLlHF23Qr,4.3589972828552845,6.943667920784447,5.063294110453192
866100,C/+Lzeou2LizQySX67M2667gb5DYL8ydseiRleWccoX3IZo1wEXxWMFuLlHF23Qr,4.099484984399799,8.869722517861545,5.02574840463075
866400,C/+Lzeou2LizQySX67M2667gb5DYL8ydseiRleWccoX3IZo1wEXxWMFuLlHF23Qr,4.355779000870528,7.255241181208952,5.053282152652949
866700,C/+Lzeou2LizQySX67M2667gb5DYL8ydseiRleWccoX3IZo1wEXxWMFuLlHF23Qr,4.217764624464084,9.3286198594713,5.18783767812421
867000,C/+Lzeou2LizQySX67M2667gb5DYL8ydseiRleWccoX3IZo1wEXxWMFuLlHF23Qr,4.364689378290338,8.733745169791597,5.546621269688761
867300,C/+Lzeou2LizQySX67M2667gb5DYL8ydseiRleWccoX3IZo1wEXxWMFuLlHF23Qr,4.3900531903765865,8.878726398624593,5.133444031441613
867600,C/+Lzeou2LizQySX67M2667gb5DYL8ydseiRleWccoX3IZo1wEXxWMFuLlHF23Qr,4.36223578061002,7.1906899428534645,5.112218186963232
867900,C/+Lzeou2LizQySX67M2667gb5DYL8ydseiRleWccoX3IZo1wEXxWMFuLlHF23Qr,4.311605995102161,8.792148066049597,5.163857723794785
868200,C/+Lzeou2LizQySX67M2667gb5DYL8ydseiRleWccoX3IZo1wEXxWMFuLlHF23Qr,4.48506365699074,6.1942546208687865,4.9956755249580205
868500,C/+Lzeou2LizQySX67M2667gb5DYL8ydseiRleWccoX3IZo1wEXxWMFuLlHF23Qr,4.45276733732629,7.016978945530816,5.11211223673982
868800,C/+Lzeou2LizQySX67M2667gb5DYL8ydseiRleWccoX3IZo1wEXxWMFuLlHF23Qr,4.325437152962011,6.308319265495224,4.9744256105224345
869100,C/+Lzeou2LizQySX67M2667gb5DYL8ydseiRleWccoX3IZo1wEXxWMFuLlHF23Qr,4.769656218898736,6.423113605250039,5.203760073228038
869400,C/+Lzeou2LizQySX67M2667gb5DYL8ydseiRleWccoX3IZo1wEXxWMFuLlHF23Qr,4.207559905760585,6.4955483773632725,5.041749845700275
869700,C/+Lzeou2LizQySX67M2667gb5DYL8ydseiRleWccoX3IZo1wEXxWMFuLlHF23Qr,4.241049135926163,6.77953913243307,5.041446748176436
870000,C/+Lzeou2LizQySX67M2667gb5DYL8ydseiRleWccoX3IZo1wEXxWMFuLlHF23Qr,4.261848682877868,6.3708504028387525,4.997200061461684
870300,C/+Lzeou2LizQySX67M2667gb5DYL8ydseiRleWccoX3IZo1wEXxWMFuLlHF23Qr,4.47521470368012,7.107736049249187,5.1140229882036055
870600,C/+Lzeou2LizQySX67M2667gb5DYL8ydseiRleWccoX3IZo1wEXxWMFuLlHF23Qr,4.411054746636313,6.350561374523407,5.017056400615149
870900,C/+Lzeou2LizQySX67M2667gb5DYL8ydseiRleWccoX3IZo1wEXxWMFuLlHF23Qr,4.3952988115660805,6.88423613441613,5.206041229584361
871200,C/+Lzeou2LizQySX67M2667gb5DYL8ydseiRleWccoX3IZo1wEXxWMFuLlHF23Qr,4.429904552322203,6.843536672806786,5.002024632763647
871500,C/+Lzeou2LizQySX67M2667gb5DYL8ydseiRleWccoX3IZo1wEXxWMFuLlHF23Qr,4.317924450422404,7.195924874093072,5.09244307045936
871800,C/+Lzeou2LizQySX67M2667gb5DYL8ydseiRleWccoX3IZo1wEXxWMFuLlHF23Qr,4.22047055563353,6.590715889485618,4.962719450699485
872100,C/+Lzeou2LizQySX67M2667gb5DYL8ydseiRleWccoX3IZo1wEXxWMFuLlHF23Qr,3.9501156163705713,9.219896452308776,5.115799545254401
872400,C/+Lzeou2LizQySX67M2667gb5DYL8ydseiRleWccoX3IZo1wEXxWMFuLlHF23Qr,4.114172855956474,6.855238477165472,5.216182065602234
872700,C/+Lzeou2LizQySX67M2667gb5DYL8ydseiRleWccoX3IZo1wEXxWMFuLlHF23Qr,4.484305017030177,8.452062633817134,5.36891403062237
873000,C/+Lzeou2LizQySX67M2667gb5DYL8ydseiRleWccoX3IZo1wEXxWMFuLlHF23Qr,4.384840890007806,6.4282585819410505,5.029169492441894
873300,C/+Lzeou2LizQySX67M2667gb5DYL8ydseiRleWccoX3IZo1wEXxWMFuLlHF23Qr,4.3775573631369245,12.639060490582605,5.949637984507109
873600,C/+Lzeou2LizQySX67M2667gb5DYL8ydseiRleWccoX3IZo1wEXxWMFuLlHF23Qr,4.0015566667869615,6.858303186554773,5.067238024919966
873900,C/+Lzeou2LizQySX67M2667gb5DYL8ydseiRleWccoX3IZo1wEXxWMFuLlHF23Qr,3.9011795046597615,9.142852575038674,5.209204914045291
874200,C/+Lzeou2LizQySX67M2667gb5DYL8ydseiRleWccoX3IZo1wEXxWMFuLlHF23Qr,4.143866279501665,6.657632857639997,5.076487292640892
874500,C/+Lzeou2LizQySX67M2667gb5DYL8ydseiRleWccoX3IZo1wEXxWMFuLlHF23Qr,4.370875059988651,8.606704294805057,5.1364188856274176
874800,C/+Lzeou2LizQySX67M2667gb5DYL8ydseiRleWccoX3IZo1wEXxWMFuLlHF23Qr,4.385161081065789,6.964906624995728,5.099311143723777
875100,C/+Lzeou2LizQySX67M2667gb5DYL8ydseiRleWccoX3IZo1wEXxWMFuLlHF23Qr,4.529972531237777,6.685897002998416,5.430298033118943
875400,C/+Lzeou2LizQySX67M2667gb5DYL8ydseiRleWccoX3IZo1wEXxWMFuLlHF23Qr,4.3780395971923785,6.450299721379749,5.065747008698041
875700,C/+Lzeou2LizQySX67M2667gb5DYL8ydseiRleWccoX3IZo1wEXxWMFuLlHF23Qr,4.51034320577805,6.527034742639085,5.145411615196432
876000,C/+Lzeou2LizQySX67M2667gb5DYL8ydseiRleWccoX3IZo1wEXxWMFuLlHF23Qr,4.569431472615298,7.430467523611199,5.160825528495588
876300,C/+Lzeou2LizQySX67M2667gb5DYL8ydseiRleWccoX3IZo1wEXxWMFuLlHF23Qr,4.295589785691443,7.076787657809787,5.2460155545241225
876600,C/+Lzeou2LizQySX67M2667gb5DYL8ydseiRleWccoX3IZo1wEXxWMFuLlHF23Qr,4.306742378273546,6.997202025843564,5.150095419573227
876900,C/+Lzeou2LizQySX67M2667gb5DYL8ydseiRleWccoX3IZo1wEXxWMFuLlHF23Qr,4.367416837001277,7.149828502684749,5.227420171299905
877200,C/+Lzeou2LizQySX67M2667gb5DYL8ydseiRleWccoX3IZo1wEXxWMFuLlHF23Qr,4.1658442384135626,6.535976560094457,5.09931994296171
877500,C/+Lzeou2LizQySX67M2667gb5DYL8ydseiRleWccoX3IZo1wEXxWMFuLlHF23Qr,4.411670729195961,6.985846608516473,5.223302982290065
877800,C/+Lzeou2LizQySX67M2667gb5DYL8ydseiRleWccoX3IZo1wEXxWMFuLlHF23Qr,4.434814147644141,6.955867442024596,5.007900895973496
878100,C/+Lzeou2LizQySX67M2667gb5DYL8ydseiRleWccoX3IZo1wEXxWMFuLlHF23Qr,4.513843589344164,7.303320250434336,5.023429755463664
878400,C/+Lzeou2LizQySX67M2667gb5DYL8ydseiRleWccoX3IZo1wEXxWMFuLlHF23Qr,4.2642424979078735,6.766966761900886,5.096184945499788
878700,C/+Lzeou2LizQySX67M2667gb5DYL8ydseiRleWccoX3IZo1wEXxWMFuLlHF23Qr,4.645423025837565,8.632693794110956,5.678279899097034
879000,C/+Lzeou2LizQySX67M2667gb5DYL8ydseiRleWccoX3IZo1wEXxWMFuLlHF23Qr,4.352864187799344,6.809483569936696,5.156861524150712
879300,C/+Lzeou2LizQySX67M2667gb5DYL8ydseiRleWccoX3IZo1wEXxWMFuLlHF23Qr,4.31806004337865,8.446964698759885,4.999353541371347
879600,C/+Lzeou2LizQySX67M2667gb5DYL8ydseiRleWccoX3IZo1wEXxWMFuLlHF23Qr,4.526138702494912,6.996741245668052,5.218385046195041
879900,C/+Lzeou2LizQySX67M2667gb5DYL8ydseiRleWccoX3IZo1wEXxWMFuLlHF23Qr,4.363185220243296,9.658167713417367,5.540031182252267
880200,C/+Lzeou2LizQySX67M2667gb5DYL8ydseiRleWccoX3IZo1wEXxWMFuLlHF23Qr,4.560706231025077,7.681623280572197,5.669731551318778
880500,C/+Lzeou2LizQySX67M2667gb5DYL8ydseiRleWccoX3IZo1wEXxWMFuLlHF23Qr,4.482139310322801,9.343846084384461,5.5712360154868605
880800,C/+Lzeou2LizQySX67M2667gb5DYL8ydseiRleWccoX3IZo1wEXxWMFuLlHF23Qr,4.154235147438175,6.146426130337997,5.017145811255599
881100,C/+Lzeou2LizQySX67M2667gb5DYL8ydseiRleWccoX3IZo1wEXxWMFuLlHF23Qr,4.398054123404612,8.686238561692607,5.471057115857222
881400,C/+Lzeou2LizQySX67M2667gb5DYL8ydseiRleWccoX3IZo1wEXxWMFuLlHF23Qr,4.494473663753044,6.3229694169151935,5.1548936521973125
881700,C/+Lzeou2LizQySX67M2667gb5DYL8ydseiRleWccoX3IZo1wEXxWMFuLlHF23Qr,4.330897458335061,7.20057432935802,5.437762606975296
882000,C/+Lzeou2LizQySX67M2667gb5DYL8ydseiRleWccoX3IZo1wEXxWMFuLlHF23Qr,4.979647157976042,15.167065161359355,9.707990675294242
882300,C/+Lzeou2LizQySX67M2667gb5DYL8ydseiRleWccoX3IZo1wEXxWMFuLlHF23Qr,4.305177516265129,22.591909410281872,7.318603684669146
882600,C/+Lzeou2LizQySX67M2667gb5DYL8ydseiRleWccoX3IZo1wEXxWMFuLlHF23Qr,4.267123795575052,7.140815682948438,5.074579739879916
882900,C/+Lzeou2LizQySX67M2667gb5DYL8ydseiRleWccoX3IZo1wEXxWMFuLlHF23Qr,4.134041890106995,7.287673216438733,5.266047675906324
883200,C/+Lzeou2LizQySX67M2667gb5DYL8ydseiRleWccoX3IZo1wEXxWMFuLlHF23Qr,4.3000612030943195,6.995788225280132,5.057372582521912
883500,C/+Lzeou2LizQySX67M2667gb5DYL8ydseiRleWccoX3IZo1wEXxWMFuLlHF23Qr,4.29918043233624,6.817767746772974,5.191949457049401
883800,C/+Lzeou2LizQySX67M2667gb5DYL8ydseiRleWccoX3IZo1wEXxWMFuLlHF23Qr,4.493177491183363,7.122529251687452,5.104636738484706
884100,C/+Lzeou2LizQySX67M2667gb5DYL8ydseiRleWccoX3IZo1wEXxWMFuLlHF23Qr,4.0264653840142985,6.99848595698828,4.985348799205988
884400,C/+Lzeou2LizQySX67M2667gb5DYL8ydseiRleWccoX3IZo1wEXxWMFuLlHF23Qr,4.444522139981614,8.93520410829464,5.252480716872928
884700,C/+Lzeou2LizQySX67M2667gb5DYL8ydseiRleWccoX3IZo1wEXxWMFuLlHF23Qr,4.263434390677026,7.117533570423639,4.98819375983426
885000,C/+Lzeou2LizQySX67M2667gb5DYL8ydseiRleWccoX3IZo1wEXxWMFuLlHF23Qr,4.649455926335168,9.188310411071694,5.382879776727421
885300,C/+Lzeou2LizQySX67M2667gb5DYL8ydseiRleWccoX3IZo1wEXxWMFuLlHF23Qr,4.2212916000424485,7.071622648673042,4.943232223716253
885600,C/+Lzeou2LizQySX67M2667gb5DYL8ydseiRleWccoX3IZo1wEXxWMFuLlHF23Qr,4.47988355791874,8.901893522204361,5.234244927380962
885900,C/+Lzeou2LizQySX67M2667gb5DYL8ydseiRleWccoX3IZo1wEXxWMFuLlHF23Qr,4.384039178946509,7.118922804316568,5.016526785550589
886200,C/+Lzeou2LizQySX67M2667gb5DYL8ydseiRleWccoX3IZo1wEXxWMFuLlHF23Qr,4.173714879309808,8.827928282481658,5.32242608372322
886500,C/+Lzeou2LizQySX67M2667gb5DYL8ydseiRleWccoX3IZo1wEXxWMFuLlHF23Qr,4.16729719180884,7.239506996051941,4.963495091542682
886800,C/+Lzeou2LizQySX67M2667gb5DYL8ydseiRleWccoX3IZo1wEXxWMFuLlHF23Qr,4.453933535141929,8.94189397923154,5.345576064591229
887100,C/+Lzeou2LizQySX67M2667gb5DYL8ydseiRleWccoX3IZo1wEXxWMFuLlHF23Qr,4.305976683818131,6.980478987108731,5.015892345976612
887400,C/+Lzeou2LizQySX67M2667gb5DYL8ydseiRleWccoX3IZo1wEXxWMFuLlHF23Qr,4.366031341549363,8.92939308235148,5.256014169033121
887700,C/+Lzeou2LizQySX67M2667gb5DYL8ydseiRleWccoX3IZo1wEXxWMFuLlHF23Qr,4.471194152072659,7.199855348336737,5.010922167573192
888000,C/+Lzeou2LizQySX67M2667gb5DYL8ydseiRleWccoX3IZo1wEXxWMFuLlHF23Qr,4.466577515524192,7.448796215004198,5.353013287198109
888300,C/+Lzeou2LizQySX67M2667gb5DYL8ydseiRleWccoX3IZo1wEXxWMFuLlHF23Qr,4.451305909128564,6.6691027962657214,4.9282073364667225
888600,C/+Lzeou2LizQySX67M2667gb5DYL8ydseiRleWccoX3IZo1wEXxWMFuLlHF23Qr,4.376866604411334,7.172138083934844,5.327412809354428
888900,C/+Lzeou2LizQySX67M2667gb5DYL8ydseiRleWccoX3IZo1wEXxWMFuLlHF23Qr,4.565432570877645,7.2032100893382,5.059466778557143
889200,C/+Lzeou2LizQySX67M2667gb5DYL8ydseiRleWccoX3IZo1wEXxWMFuLlHF23Qr,4.447905632996003,7.084014471607627,5.29005111214997
889500,C/+Lzeou2LizQySX67M2667gb5DYL8ydseiRleWccoX3IZo1wEXxWMFuLlHF23Qr,4.492337217698167,6.835498000468466,4.981615838666244
889800,C/+Lzeou2LizQySX67M2667gb5DYL8ydseiRleWccoX3IZo1wEXxWMFuLlHF23Qr,4.250329022505059,10.73803516150825,5.69102254347742
890100,C/+Lzeou2LizQySX67M2667gb5DYL8ydseiRleWccoX3IZo1wEXxWMFuLlHF23Qr,4.9033922470637,12.659846627639464,6.651138589334297
890400,C/+Lzeou2LizQySX67M2667gb5DYL8ydseiRleWccoX3IZo1wEXxWMFuLlHF23Qr,4.656563806874053,7.851957723864638,5.684173547593552
890700,C/+Lzeou2LizQySX67M2667gb5DYL8ydseiRleWccoX3IZo1wEXxWMFuLlHF23Qr,4.434267603101094,7.2407003808817025,5.389646857413162
891000,C/+Lzeou2LizQySX67M2667gb5DYL8ydseiRleWccoX3IZo1wEXxWMFuLlHF23Qr,4.596804083556742,8.187682835994297,5.55875713528751
891300,C/+Lzeou2LizQySX67M2667gb5DYL8ydseiRleWccoX3IZo1wEXxWMFuLlHF23Qr,4.456283772464563,6.161996028385602,5.077996117583936
891600,C/+Lzeou2LizQySX67M2667gb5DYL8ydseiRleWccoX3IZo1wEXxWMFuLlHF23Qr,3.9597432827850287,8.620926485826873,5.064080925056298
891900,C/+Lzeou2LizQySX67M2667gb5DYL8ydseiRleWccoX3IZo1wEXxWMFuLlHF23Qr,4.1808987935568656,9.177330697774439,5.20046412744615
892200,C/+Lzeou2LizQySX67M2667gb5DYL8ydseiRleWccoX3IZo1wEXxWMFuLlHF23Qr,4.111349932343453,8.131939954474706,5.374876683722851
892500,C/+Lzeou2LizQySX67M2667gb5DYL8ydseiRleWccoX3IZo1wEXxWMFuLlHF23Qr,4.476328623802064,7.503009987264088,5.1129675516467685
892800,C/+Lzeou2LizQySX67M2667gb5DYL8ydseiRleWccoX3IZo1wEXxWMFuLlHF23Qr,4.431177952038451,9.389030944916334,5.419256061110456
893100,C/+Lzeou2LizQySX67M2667gb5DYL8ydseiRleWccoX3IZo1wEXxWMFuLlHF23Qr,4.37648859042256,6.3346515082891,5.12878414160207
893400,C/+Lzeou2LizQySX67M2667gb5DYL8ydseiRleWccoX3IZo1wEXxWMFuLlHF23Qr,4.207694909793661,8.511478816903395,5.219157918681783
893700,C/+Lzeou2LizQySX67M2667gb5DYL8ydseiRleWccoX3IZo1wEXxWMFuLlHF23Qr,4.315232684123746,6.776699654796055,4.84042325664544
894000,C/+Lzeou2LizQySX67M2667gb5DYL8ydseiRleWccoX3IZo1wEXxWMFuLlHF23Qr,4.471738794392816,8.577455271783649,5.32715963517904
894300,C/+Lzeou2LizQySX67M2667gb5DYL8ydseiRleWccoX3IZo1wEXxWMFuLlHF23Qr,4.381555882670339,6.815083966930761,4.949269173475219
894600,C/+Lzeou2LizQySX67M2667gb5DYL8ydseiRleWccoX3IZo1wEXxWMFuLlHF23Qr,4.209849272614884,6.892373133526252,5.364304289754707
894900,C/+Lzeou2LizQySX67M2667gb5DYL8ydseiRleWccoX3IZo1wEXxWMFuLlHF23Qr,4.506607065127077,6.835521617731386,5.049562874686464
895200,C/+Lzeou2LizQySX67M2667gb5DYL8ydseiRleWccoX3IZo1wEXxWMFuLlHF23Qr,4.4815753137275065,6.670383867544633,5.2791728525552335
895500,C/+Lzeou2LizQySX67M2667gb5DYL8ydseiRleWccoX3IZo1wEXxWMFuLlHF23Qr,4.237565077549167,6.843807126787531,4.8778270715932965
895800,C/+Lzeou2LizQySX67M2667gb5DYL8ydseiRleWccoX3IZo1wEXxWMFuLlHF23Qr,4.417199945231328,6.88396443861422,5.361841715440933
896100,C/+Lzeou2LizQySX67M2667gb5DYL8ydseiRleWccoX3IZo1wEXxWMFuLlHF23Qr,4.4113743329436605,6.707573646816031,4.892139390115104
896400,C/+Lzeou2LizQySX67M2667gb5DYL8ydseiRleWccoX3IZo1wEXxWMFuLlHF23Qr,4.312432020644587,6.816635898693473,5.3024521880649225
896700,C/+Lzeou2LizQySX67M2667gb5DYL8ydseiRleWccoX3IZo1wEXxWMFuLlHF23Qr,4.410458223404153,7.719351233975208,5.050020531363108
897000,C/+Lzeou2LizQySX67M2667gb5DYL8ydseiRleWccoX3IZo1wEXxWMFuLlHF23Qr,4.447649464119894,8.801150915069844,5.192298259479569
897300,C/+Lzeou2LizQySX67M2667gb5DYL8ydseiRleWccoX3IZo1wEXxWMFuLlHF23Qr,4.487917033270459,6.520816786737812,4.915985953707916
897600,C/+Lzeou2LizQySX67M2667gb5DYL8ydseiRleWccoX3IZo1wEXxWMFuLlHF23Qr,4.499079983473692,8.721682989007265,5.292339144321868
897900,C/+Lzeou2LizQySX67M2667gb5DYL8ydseiRleWccoX3IZo1wEXxWMFuLlHF23Qr,4.0194447590110585,6.742305973656058,4.747846382223629
898200,C/+Lzeou2LizQySX67M2667gb5DYL8ydseiRleWccoX3IZo1wEXxWMFuLlHF23Qr,4.022332129799644,8.682359744084327,5.707948947586598
898500,C/+Lzeou2LizQySX67M2667gb5DYL8ydseiRleWccoX3IZo1wEXxWMFuLlHF23Qr,4.277698117372813,6.513291678826547,4.727350843897586
898800,C/+Lzeou2LizQySX67M2667gb5DYL8ydseiRleWccoX3IZo1wEXxWMFuLlHF23Qr,4.110760512349868,8.78379802608957,5.132306298774007
899100,C/+Lzeou2LizQySX67M2667gb5DYL8ydseiRleWccoX3IZo1wEXxWMFuLlHF23Qr,4.499373928057503,6.355484187889801,4.942544455308515
899400,C/+Lzeou2LizQySX67M2667gb5DYL8ydseiRleWccoX3IZo1wEXxWMFuLlHF23Qr,4.506968953358345,8.859574728664377,5.261547014511938
899700,C/+Lzeou2LizQySX67M2667gb5DYL8ydseiRleWccoX3IZo1wEXxWMFuLlHF23Qr,4.377332623724559,6.335927509590018,4.816886730799796
900000,C/+Lzeou2LizQySX67M2667gb5DYL8ydseiRleWccoX3IZo1wEXxWMFuLlHF23Qr,4.15804827414727,8.261324325610666,5.172622165469416
900300,C/+Lzeou2LizQySX67M2667gb5DYL8ydseiRleWccoX3IZo1wEXxWMFuLlHF23Qr,4.360199703808817,6.61646492206338,4.98126245094545
900600,C/+Lzeou2LizQySX67M2667gb5DYL8ydseiRleWccoX3IZo1wEXxWMFuLlHF23Qr,4.301766455887857,8.3761664908232,5.120349970440189
900900,C/+Lzeou2LizQySX67M2667gb5DYL8ydseiRleWccoX3IZo1wEXxWMFuLlHF23Qr,4.296920468560414,6.486032255038924,4.797578954603629
901200,C/+Lzeou2LizQySX67M2667gb5DYL8ydseiRleWccoX3IZo1wEXxWMFuLlHF23Qr,4.3509691909116,6.751183103474028,5.118484264370193
901500,C/+Lzeou2LizQySX67M2667gb5DYL8ydseiRleWccoX3IZo1wEXxWMFuLlHF23Qr,4.297151801590468,6.691423175100532,4.8564332046771375
901800,C/+Lzeou2LizQySX67M2667gb5DYL8ydseiRleWccoX3IZo1wEXxWMFuLlHF23Qr,4.436639193181453,6.4894299647841125,5.236821879893304
902100,C/+Lzeou2LizQySX67M2667gb5DYL8ydseiRleWccoX3IZo1wEXxWMFuLlHF23Qr,4.289396633723609,6.6829549629006335,4.870845544861849
902400,C/+Lzeou2LizQySX67M2667gb5DYL8ydseiRleWccoX3IZo1wEXxWMFuLlHF23Qr,4.437390758567469,6.803714543156765,5.253066355209577
902700,C/+Lzeou2LizQySX67M2667gb5DYL8ydseiRleWccoX3IZo1wEXxWMFuLlHF23Qr,4.330987007561824,6.9962388963575455,4.850849310454548
903000,C/+Lzeou2LizQySX67M2667gb5DYL8ydseiRleWccoX3IZo1wEXxWMFuLlHF23Qr,4.4320078846379225,8.611369714370657,5.236543555391956
903300,C/+Lzeou2LizQySX67M2667gb5DYL8ydseiRleWccoX3IZo1wEXxWMFuLlHF23Qr,4.310394281814284,6.477189132456507,4.901294643154295
903600,C/+Lzeou2LizQySX67M2667gb5DYL8ydseiRleWccoX3IZo1wEXxWMFuLlHF23Qr,4.254065110452528,9.19112121996495,5.148770442697667
903900,C/+Lzeou2LizQySX67M2667gb5DYL8ydseiRleWccoX3IZo1wEXxWMFuLlHF23Qr,4.301880520715772,7.042510060358985,4.860053638729573
904200,C/+Lzeou2LizQySX67M2667gb5DYL8ydseiRleWccoX3IZo1wEXxWMFuLlHF23Qr,4.337835216259936,8.676670894660017,5.1576347857125056
904500,C/+Lzeou2LizQySX67M2667gb5DYL8ydseiRleWccoX3IZo1wEXxWMFuLlHF23Qr,4.339474616086513,6.240488774347211,4.8596674484160935
904800,C/+Lzeou2LizQySX67M2667gb5DYL8ydseiRleWccoX3IZo1wEXxWMFuLlHF23Qr,4.401089519823341,8.676916616557762,5.219972308431656
905100,C/+Lzeou2LizQySX67M2667gb5DYL8ydseiRleWccoX3IZo1wEXxWMFuLlHF23Qr,4.421986814077368,7.417915179582067,5.016217105026692
905400,C/+Lzeou2LizQySX67M2667gb5DYL8ydseiRleWccoX3IZo1wEXxWMFuLlHF23Qr,4.253411381333698,8.73113679961739,5.187616477131392
905700,C/+Lzeou2LizQySX67M2667gb5DYL8ydseiRleWccoX3IZo1wEXxWMFuLlHF23Qr,4.275907059191549,6.915865306846924,4.7984119930313485
906000,C/+Lzeou2LizQySX67M2667gb5DYL8ydseiRleWccoX3IZo1wEXxWMFuLlHF23Qr,4.311539968023175,8.747561475471374,5.27800614498792
906300,C/+Lzeou2LizQySX67M2667gb5DYL8ydseiRleWccoX3IZo1wEXxWMFuLlHF23Qr,4.217359679668311,6.73780443802199,4.874506264064673
906600,C/+Lzeou2LizQySX67M2667gb5DYL8ydseiRleWccoX3IZo1wEXxWMFuLlHF23Qr,3.9807867864828785,8.049598989501078,5.048142489368668
906900,C/+Lzeou2LizQySX67M2667gb5DYL8ydseiRleWccoX3IZo1wEXxWMFuLlHF23Qr,4.305068968631358,6.236919431874918,4.834753258044991
907200,C/+Lzeou2LizQySX67M2667gb5DYL8ydseiRleWccoX3IZo1wEXxWMFuLlHF23Qr,4.301284764024314,8.736986642396216,5.238827784160377
907500,C/+Lzeou2LizQySX67M2667gb5DYL8ydseiRleWccoX3IZo1wEXxWMFuLlHF23Qr,4.058502768921147,6.2005761566007145,4.808718398681379
907800,C/+Lzeou2LizQySX67M2667gb5DYL8ydseiRleWccoX3IZo1wEXxWMFuLlHF23Qr,4.298200394602239,6.425868965788004,5.068729174232137
908100,C/+Lzeou2LizQySX67M2667gb5DYL8ydseiRleWccoX3IZo1wEXxWMFuLlHF23Qr,4.294380052840141,6.839972388252956,4.820422182351435
908400,C/+Lzeou2LizQySX67M2667gb5DYL8ydseiRleWccoX3IZo1wEXxWMFuLlHF23Qr,4.442485217071321,6.654851198798822,5.234957057295506
908700,C/+Lzeou2LizQySX67M2667gb5DYL8ydseiRleWccoX3IZo1wEXxWMFuLlHF23Qr,4.411342966274028,6.445433664804544,4.90021774658919
909000,C/+Lzeou2LizQySX67M2667gb5DYL8ydseiRleWccoX3IZo1wEXxWMFuLlHF23Qr,4.4356017951898155,8.013715179870271,5.2153994251312765
909300,C/+Lzeou2LizQySX67M2667gb5DYL8ydseiRleWccoX3IZo1wEXxWMFuLlHF23Qr,4.43984397296291,6.533866554192318,4.882356406080417
909600,C/+Lzeou2LizQySX67M2667gb5DYL8ydseiRleWccoX3IZo1wEXxWMFuLlHF23Qr,4.104014407463115,8.653634581078968,5.101447817000337
909900,C/+Lzeou2LizQySX67M2667gb5DYL8ydseiRleWccoX3IZo1wEXxWMFuLlHF23Qr,4.414382209217435,6.584051581697564,4.802276941015677
910200,C/+Lzeou2LizQySX67M2667gb5DYL8ydseiRleWccoX3IZo1wEXxWMFuLlHF23Qr,4.5228789541057175,13.115610462420326,5.7693180037632015
910500,C/+Lzeou2LizQySX67M2667gb5DYL8ydseiRleWccoX3IZo1wEXxWMFuLlHF23Qr,4.3541194098353095,6.474088899443022,4.824649970969211
910800,C/+Lzeou2LizQySX67M2667gb5DYL8ydseiRleWccoX3IZo1wEXxWMFuLlHF23Qr,4.462872958602591,8.577064583330706,5.276636865866973
911100,C/+Lzeou2LizQySX67M2667gb5DYL8ydseiRleWccoX3IZo1wEXxWMFuLlHF23Qr,4.374111955906013,6.577643588150896,4.90202588960998
911400,C/+Lzeou2LizQySX67M2667gb5DYL8ydseiRleWccoX3IZo1wEXxWMFuLlHF23Qr,4.334729771791175,8.753307735331667,5.334395398478953
911700,C/+Lzeou2LizQySX67M2667gb5DYL8ydseiRleWccoX3IZo1wEXxWMFuLlHF23Qr,4.6576596405959005,6.329770968336072,4.968654780893468
912000,C/+Lzeou2LizQySX67M2667gb5DYL8ydseiRleWccoX3IZo1wEXxWMFuLlHF23Qr,4.244382839193512,8.594323724308806,5.268084408293968
912300,C/+Lzeou2LizQySX67M2667gb5DYL8ydseiRleWccoX3IZo1wEXxWMFuLlHF23Qr,4.529790831910301,6.792023956957037,5.003067280792012
912600,C/+Lzeou2LizQySX67M2667gb5DYL8ydseiRleWccoX3IZo1wEXxWMFuLlHF23Qr,4.563883250846995,8.449442623007211,5.342907339692561
912900,C/+Lzeou2LizQySX67M2667gb5DYL8ydseiRleWccoX3IZo1wEXxWMFuLlHF23Qr,3.9800176679322687,6.67049937168428,4.828662380236184
913200,C/+Lzeou2LizQySX67M2667gb5DYL8ydseiRleWccoX3IZo1wEXxWMFuLlHF23Qr,4.128418625300986,8.785016237606392,5.112479984048273
913500,C/+Lzeou2LizQySX67M2667gb5DYL8ydseiRleWccoX3IZo1wEXxWMFuLlHF23Qr,4.064551772742291,6.305694788201524,4.882440963288225
913800,C/+Lzeou2LizQySX67M2667gb5DYL8ydseiRleWccoX3IZo1wEXxWMFuLlHF23Qr,4.384730887502763,7.011450346788467,5.290145921187864
914100,C/+Lzeou2LizQySX67M2667gb5DYL8ydseiRleWccoX3IZo1wEXxWMFuLlHF23Qr,4.423218831381021,6.443126549860433,4.840125873599961
914400,C/+Lzeou2LizQySX67M2667gb5DYL8ydseiRleWccoX3IZo1wEXxWMFuLlHF23Qr,4.29151234647013,7.0716696376558765,5.240899649304944
914700,C/+Lzeou2LizQySX67M2667gb5DYL8ydseiRleWccoX3IZo1wEXxWMFuLlHF23Qr,4.35736332874969,6.9514415170960735,4.857347770406131
915000,C/+Lzeou2LizQySX67M2667gb5DYL8ydseiRleWccoX3IZo1wEXxWMFuLlHF23Qr,4.350578576174784,8.96421866273744,5.231212517592624
915300,C/+Lzeou2LizQySX67M2667gb5DYL8ydseiRleWccoX3IZo1wEXxWMFuLlHF23Qr,4.495788101854439,6.416236063626817,4.939768956717326
915600,C/+Lzeou2LizQySX67M2667gb5DYL8ydseiRleWccoX3IZo1wEXxWMFuLlHF23Qr,4.219955361945738,8.767912454408593,5.13979717445777
915900,C/+Lzeou2LizQySX67M2667gb5DYL8ydseiRleWccoX3IZo1wEXxWMFuLlHF23Qr,4.172508619656799,6.468357887793145,4.9798124645141675
916200,C/+Lzeou2LizQySX67M2667gb5DYL8ydseiRleWccoX3IZo1wEXxWMFuLlHF23Qr,4.343303831574124,8.988272177179464,5.30316822684352
916500,C/+Lzeou2LizQySX67M2667gb5DYL8ydseiRleWccoX3IZo1wEXxWMFuLlHF23Qr,4.356633978542592,6.852229745945233,4.839071715907855
916800,C/+Lzeou2LizQySX67M2667gb5DYL8ydseiRleWccoX3IZo1wEXxWMFuLlHF23Qr,4.487454942651307,8.174699452839818,5.172944408329134
917100,C/+Lzeou2LizQySX67M2667gb5DYL8ydseiRleWccoX3IZo1wEXxWMFuLlHF23Qr,4.329436241508333,6.414824297930299,4.883137790167604
917400,C/+Lzeou2LizQySX67M2667gb5DYL8ydseiRleWccoX3IZo1wEXxWMFuLlHF23Qr,4.286582314661751,9.209057262724713,5.274289028407456
917700,C/+Lzeou2LizQySX67M2667gb5DYL8ydseiRleWccoX3IZo1wEXxWMFuLlHF23Qr,4.211943243058697,6.575236881815001,4.869501704806509
918000,C/+Lzeou2LizQySX67M2667gb5DYL8ydseiRleWccoX3IZo1wEXxWMFuLlHF23Qr,4.500764058787702,8.194669111706794,5.249747505236521
918300,C/+Lzeou2LizQySX67M2667gb5DYL8ydseiRleWccoX3IZo1wEXxWMFuLlHF23Qr,4.344219380122308,6.334664513778825,4.839381200374672
918600,C/+Lzeou2LizQySX67M2667gb5DYL8ydseiRleWccoX3IZo1wEXxWMFuLlHF23Qr,4.435631609638423,8.639298665402611,5.1579605699734685
918900,C/+Lzeou2LizQySX67M2667gb5DYL8ydseiRleWccoX3IZo1wEXxWMFuLlHF23Qr,4.234121088434184,6.562879324637513,4.792550910359201
919200,C/+Lzeou2LizQySX67M2667gb5DYL8ydseiRleWccoX3IZo1wEXxWMFuLlHF23Qr,4.213325357388198,8.689880080744606,5.162552983553627
919500,C/+Lzeou2LizQySX67M2667gb5DYL8ydseiRleWccoX3IZo1wEXxWMFuLlHF23Qr,4.476674507030145,6.069847809824832,4.8812642014897465
919800,C/+Lzeou2LizQySX67M2667gb5DYL8ydseiRleWccoX3IZo1wEXxWMFuLlHF23Qr,4.227663761424533,8.48446503058145,5.077062814176004
920100,C/+Lzeou2LizQySX67M2667gb5DYL8ydseiRleWccoX3IZo1wEXxWMFuLlHF23Qr,4.522716255910738,5.89608484858836,4.838029309924245
920400,FXLAfeY7Xqos8x4+2DlVmcLdXrJZZ62JVDY3Fpkzen2lvJMxOvYtKVZlfVKmGJgR,0.6305032698690674,4.169630397725033,1.3384928304127093
920700,FXLAfeY7Xqos8x4+2DlVmcLdXrJZZ62JVDY3Fpkzen2lvJMxOvYtKVZlfVKmGJgR,0.617287650229636,0.8972054745815841,0.7005499412276742
921000,FXLAfeY7Xqos8x4+2DlVmcLdXrJZZ62JVDY3Fpkzen2lvJMxOvYtKVZlfVKmGJgR,0.5755662268025392,1.254494448634873,0.7465406241956897
921300,FXLAfeY7Xqos8x4+2DlVmcLdXrJZZ62JVDY3Fpkzen2lvJMxOvYtKVZlfVKmGJgR,0.6069698820154326,0.9623141498792356,0.739057545687238
921600,FXLAfeY7Xqos8x4+2DlVmcLdXrJZZ62JVDY3Fpkzen2lvJMxOvYtKVZlfVKmGJgR,0.6218110299747932,1.5568483838627256,0.757102328149173
921900,FXLAfeY7Xqos8x4+2DlVmcLdXrJZZ62JVDY3Fpkzen2lvJMxOvYtKVZlfVKmGJgR,0.5715457883349641,1.669222273275126,0.7718689561551949
922200,FXLAfeY7Xqos8x4+2DlVmcLdXrJZZ62JVDY3Fpkzen2lvJMxOvYtKVZlfVKmGJgR,0.5876992153133455,1.3668421402139446,0.777710482143037
922500,FXLAfeY7Xqos8x4+2DlVmcLdXrJZZ62JVDY3Fpkzen2lvJMxOvYtKVZlfVKmGJgR,0.6012225927173555,0.8090786575254026,0.6995772213387876
922800,FXLAfeY7Xqos8x4+2DlVmcLdXrJZZ62JVDY3Fpkzen2lvJMxOvYtKVZlfVKmGJgR,0.60606767133319,1.3785891771859484,0.7775095006857363
923100,FXLAfeY7Xqos8x4+2DlVmcLdXrJZZ62JVDY3Fpkzen2lvJMxOvYtKVZlfVKmGJgR,0.6387476737588323,0.959095890314256,0.7219631516127581
923400,FXLAfeY7Xqos8x4+2DlVmcLdXrJZZ62JVDY3Fpkzen2lvJMxOvYtKVZlfVKmGJgR,0.6214829498896643,1.3489195703996473,0.7664131671189485
923700,FXLAfeY7Xqos8x4+2DlVmcLdXrJZZ62JVDY3Fpkzen2lvJMxOvYtKVZlfVKmGJgR,0.6107641733431223,0.9428718855462344,0.7157042124497963
924000,FXLAfeY7Xqos8x4+2DlVmcLdXrJZZ62JVDY3Fpkzen2lvJMxOvYtKVZlfVKmGJgR,0.6794560256653726,4.587319975050408,1.3738908985305096
924300,FXLAfeY7Xqos8x4+2DlVmcLdXrJZZ62JVDY3Fpkzen2lvJMxOvYtKVZlfVKmGJgR,0.5821374942745537,0.8840951995089462,0.6987067295204049
924600,FXLAfeY7Xqos8x4+2DlVmcLdXrJZZ62JVDY3Fpkzen2lvJMxOvYtKVZlfVKmGJgR,0.5811904196400024,1.3425546175351188,0.7585555061985387
924900,FXLAfeY7Xqos8x4+2DlVmcLdXrJZZ62JVDY3Fpkzen2lvJMxOvYtKVZlfVKmGJgR,0.60946944497407,0.91487383992079,0.7116580033219952
925200,FXLAfeY7Xqos8x4+2DlVmcLdXrJZZ62JVDY3Fpkzen2lvJMxOvYtKVZlfVKmGJgR,0.619987801908037,1.3444632290264864,0.7700936146822224
925500,FXLAfeY7Xqos8x4+2DlVmcLdXrJZZ62JVDY3Fpkzen2lvJMxOvYtKVZlfVKmGJgR,0.6188737482523715,1.7004964978777082,0.7823581771113522
925800,FXLAfeY7Xqos8x4+2DlVmcLdXrJZZ62JVDY3Fpkzen2lvJMxOvYtKVZlfVKmGJgR,0.6268160200952237,1.2602553655636928,0.7844715905475387
926100,FXLAfeY7Xqos8x4+2DlVmcLdXrJZZ62JVDY3Fpkzen2lvJMxOvYtKVZlfVKmGJgR,0.6012785163838995,0.9247883863935944,0.7123028600001946
926400,FXLAfeY7Xqos8x4+2DlVmcLdXrJZZ62JVDY3Fpkzen2lvJMxOvYtKVZlfVKmGJgR,0.6249627463073446,1.284913089873922,0.769070150283582
926700,FXLAfeY7Xqos8x4+2DlVmcLdXrJZZ62JVDY3Fpkzen2lvJMxOvYtKVZlfVKmGJgR,0.6401025409960563,7.527243625008967,1.2728378535024574
927000,FXLAfeY7Xqos8x4+2DlVmcLdXrJZZ62JVDY3Fpkzen2lvJMxOvYtKVZlfVKmGJgR,0.6378907478243893,1.071508665082913,0.7531851953858534
927300,FXLAfeY7Xqos8x4+2DlVmcLdXrJZZ62JVDY3Fpkzen2lvJMxOvYtKVZlfVKmGJgR,0.597286465342795,0.9726485956245968,0.701523036638956
927600,FXLAfeY7Xqos8x4+2DlVmcLdXrJZZ62JVDY3Fpkzen2lvJMxOvYtKVZlfVKmGJgR,0.6162066579649381,4.661752469547695,1.3010917809194986
927900,FXLAfeY7Xqos8x4+2DlVmcLdXrJZZ62JVDY3Fpkzen2lvJMxOvYtKVZlfVKmGJgR,0.6255632673842345,0.8457918264347577,0.6999947618218513
928200,FXLAfeY7Xqos8x4+2DlVmcLdXrJZZ62JVDY3Fpkzen2lvJMxOvYtKVZlfVKmGJgR,0.598424852683751,1.0825958909427311,0.7321532165509795
928500,FXLAfeY7Xqos8x4+2DlVmcLdXrJZZ62JVDY3Fpkzen2lvJMxOvYtKVZlfVKmGJgR,0.6447636368677802,18.100850620214597,2.314407817274611
928800,FXLAfeY7Xqos8x4+2DlVmcLdXrJZZ62JVDY3Fpkzen2lvJMxOvYtKVZlfVKmGJgR,0.6406358011699291,1.0395816687307295,0.7509373982982268
929100,FXLAfeY7Xqos8x4+2DlVmcLdXrJZZ62JVDY3Fpkzen2lvJMxOvYtKVZlfVKmGJgR,0.603339089334109,7.376639948941258,2.434915623321825
929400,FXLAfeY7Xqos8x4+2DlVmcLdXrJZZ62JVDY3Fpkzen2lvJMxOvYtKVZlfVKmGJgR,0.6809248563236722,1.3861996678997195,0.811538284454312
929700,FXLAfeY7Xqos8x4+2DlVmcLdXrJZZ62JVDY3Fpkzen2lvJMxOvYtKVZlfVKmGJgR,0.6315295409013189,0.996308138318454,0.7584068198735493
930000,FXLAfeY7Xqos8x4+2DlVmcLdXrJZZ62JVDY3Fpkzen2lvJMxOvYtKVZlfVKmGJgR,0.5978664687567468,1.331134656527052,0.7725003722717184
930300,FXLAfeY7Xqos8x4+2DlVmcLdXrJZZ62JVDY3Fpkzen2lvJMxOvYtKVZlfVKmGJgR,0.6398982689556151,0.925159840667007,0.7276709330678442
930600,FXLAfeY7Xqos8x4+2DlVmcLdXrJZZ62JVDY3Fpkzen2lvJMxOvYtKVZlfVKmGJgR,0.5942195407311001,1.2716358359041544,0.7605766983060762
930900,FXLAfeY7Xqos8x4+2DlVmcLdXrJZZ62JVDY3Fpkzen2lvJMxOvYtKVZlfVKmGJgR,0.5909720093035316,0.8688797730880505,0.7090475567464928
931200,FXLAfeY7Xqos8x4+2DlVmcLdXrJZZ62JVDY3Fpkzen2lvJMxOvYtKVZlfVKmGJgR,0.572268352843601,4.925728595534788,1.7033070364743508
931500,FXLAfeY7Xqos8x4+2DlVmcLdXrJZZ62JVDY3Fpkzen2lvJMxOvYtKVZlfVKmGJgR,0.5951453990433286,0.9288264935348935,0.703294190068929
931800,FXLAfeY7Xqos8x4+2DlVmcLdXrJZZ62JVDY3Fpkzen2lvJMxOvYtKVZlfVKmGJgR,0.596271998136094,1.312691806007704,0.7618188129154684
932100,FXLAfeY7Xqos8x4+2DlVmcLdXrJZZ62JVDY3Fpkzen2lvJMxOvYtKVZlfVKmGJgR,0.6124844991552043,0.9110167344030112,0.7129563918453223
932400,FXLAfeY7Xqos8x4+2DlVmcLdXrJZZ62JVDY3Fpkzen2lvJMxOvYtKVZlfVKmGJgR,0.5598765386021441,1.2610317105154745,0.7743609476195095
932700,FXLAfeY7Xqos8x4+2DlVmcLdXrJZZ62JVDY3Fpkzen2lvJMxOvYtKVZlfVKmGJgR,0.608075804558052,1.7070590965248662,0.8176374123359625
933000,FXLAfeY7Xqos8x4+2DlVmcLdXrJZZ62JVDY3Fpkzen2lvJMxOvYtKVZlfVKmGJgR,0.5789369818085348,1.7174874332569905,0.7751474956493086
933300,FXLAfeY7Xqos8x4+2DlVmcLdXrJZZ62JVDY3Fpkzen2lvJMxOvYtKVZlfVKmGJgR,0.5904607752384594,0.8821750769102082,0.7106864001129245
933600,FXLAfeY7Xqos8x4+2DlVmcLdXrJZZ62JVDY3Fpkzen2lvJMxOvYtKVZlfVKmGJgR,0.60578066224197,1.3921558552662532,0.7645951438030903
933900,FXLAfeY7Xqos8x4+2DlVmcLdXrJZZ62JVDY3Fpkzen2lvJMxOvYtKVZlfVKmGJgR,0.6131571102140508,7.409997963012594,1.34026184202183
934200,FXLAfeY7Xqos8x4+2DlVmcLdXrJZZ62JVDY3Fpkzen2lvJMxOvYtKVZlfVKmGJgR,0.5982463195598187,1.438433668190639,0.7538117617763597
934500,FXLAfeY7Xqos8x4+2DlVmcLdXrJZZ62JVDY3Fpkzen2lvJMxOvYtKVZlfVKmGJgR,0.5691171043882784,0.8856031057846997,0.7084911195201244
934800,FXLAfeY7Xqos8x4+2DlVmcLdXrJZZ62JVDY3Fpkzen2lvJMxOvYtKVZlfVKmGJgR,0.607841528849473,2.8372781444376667,1.0203574290809816
935100,FXLAfeY7Xqos8x4+2DlVmcLdXrJZZ62JVDY3Fpkzen2lvJMxOvYtKVZlfVKmGJgR,0.5996423343504018,20.55618139190723,3.4793454807185675
935400,FXLAfeY7Xqos8x4+2DlVmcLdXrJZZ62JVDY3Fpkzen2lvJMxOvYtKVZlfVKmGJgR,0.6619690000283998,10.239954465878926,1.7351164905640732
935700,FXLAfeY7Xqos8x4+2DlVmcLdXrJZZ62JVDY3Fpkzen2lvJMxOvYtKVZlfVKmGJgR,0.597627596802814,0.9943836124451864,0.7810312960522118
936000,FXLAfeY7Xqos8x4+2DlVmcLdXrJZZ62JVDY3Fpkzen2lvJMxOvYtKVZlfVKmGJgR,0.6413088072471098,1.312484980040776,0.8023259987701885
936300,FXLAfeY7Xqos8x4+2DlVmcLdXrJZZ62JVDY3Fpkzen2lvJMxOvYtKVZlfVKmGJgR,0.6407642440157623,2.131927282826646,0.8504281533819447
936600,FXLAfeY7Xqos8x4+2DlVmcLdXrJZZ62JVDY3Fpkzen2lvJMxOvYtKVZlfVKmGJgR,0.6494577579895238,1.508278712101926,0.8228264225927735
936900,FXLAfeY7Xqos8x4+2DlVmcLdXrJZZ62JVDY3Fpkzen2lvJMxOvYtKVZlfVKmGJgR,0.667385912837451,1.076923588713793,0.7553629114659681
937200,FXLAfeY7Xqos8x4+2DlVmcLdXrJZZ62JVDY3Fpkzen2lvJMxOvYtKVZlfVKmGJgR,0.6426473339105185,1.5915877326066104,0.7903268891673073
937500,FXLAfeY7Xqos8x4+2DlVmcLdXrJZZ62JVDY3Fpkzen2lvJMxOvYtKVZlfVKmGJgR,0.6220950701698901,0.9180044917002864,0.755297035657979
937800,FXLAfeY7Xqos8x4+2DlVmcLdXrJZZ62JVDY3Fpkzen2lvJMxOvYtKVZlfVKmGJgR,0.657653762807819,4.497544684109486,1.0798201119202366
938100,FXLAfeY7Xqos8x4+2DlVmcLdXrJZZ62JVDY3Fpkzen2lvJMxOvYtKVZlfVKmGJgR,0.6286605313366948,1.0696242610756386,0.7703336028204916
938400,FXLAfeY7Xqos8x4+2DlVmcLdXrJZZ62JVDY3Fpkzen2lvJMxOvYtKVZlfVKmGJgR,0.6399596438584239,1.5036728834588282,0.8002334605071623
938700,FXLAfeY7Xqos8x4+2DlVmcLdXrJZZ62JVDY3Fpkzen2lvJMxOvYtKVZlfVKmGJgR,0.6500990024132203,4.9967879352836535,1.4770445034524875
939000,FXLAfeY7Xqos8x4+2DlVmcLdXrJZZ62JVDY3Fpkzen2lvJMxOvYtKVZlfVKmGJgR,0.6193968716092747,1.4205516009774848,0.7601413357466708
939300,FXLAfeY7Xqos8x4+2DlVmcLdXrJZZ62JVDY3Fpkzen2lvJMxOvYtKVZlfVKmGJgR,0.6399118299641461,13.952208158391818,1.9550476286610805
939600,FXLAfeY7Xqos8x4+2DlVmcLdXrJZZ62JVDY3Fpkzen2lvJMxOvYtKVZlfVKmGJgR,0.6000975381297515,1.433893360372742,0.7715618088089862
939900,FXLAfeY7Xqos8x4+2DlVmcLdXrJZZ62JVDY3Fpkzen2lvJMxOvYtKVZlfVKmGJgR,0.6371283136094666,1.6237408070169748,0.8029387036818832
940200,FXLAfeY7Xqos8x4+2DlVmcLdXrJZZ62JVDY3Fpkzen2lvJMxOvYtKVZlfVKmGJgR,0.654246715788854,1.461582913036694,0.7943686718609676
940500,FXLAfeY7Xqos8x4+2DlVmcLdXrJZZ62JVDY3Fpkzen2lvJMxOvYtKVZlfVKmGJgR,0.6180041800247125,0.918848307312539,0.7241893813994912
940800,FXLAfeY7Xqos8x4+2DlVmcLdXrJZZ62JVDY3Fpkzen2lvJMxOvYtKVZlfVKmGJgR,0.6465027556966446,1.2930936905383974,0.7770171542779544
941100,FXLAfeY7Xqos8x4+2DlVmcLdXrJZZ62JVDY3Fpkzen2lvJMxOvYtKVZlfVKmGJgR,0.6144041589303171,0.956617114165596,0.7263300808091521
941400,FXLAfeY7Xqos8x4+2DlVmcLdXrJZZ62JVDY3Fpkzen2lvJMxOvYtKVZlfVKmGJgR,0.5811895170024691,1.3914230067949362,0.7667051313982404
941700,FXLAfeY7Xqos8x4+2DlVmcLdXrJZZ62JVDY3Fpkzen2lvJMxOvYtKVZlfVKmGJgR,0.5789260591733733,0.9174172346742157,0.7102628377761593
942000,FXLAfeY7Xqos8x4+2DlVmcLdXrJZZ62JVDY3Fpkzen2lvJMxOvYtKVZlfVKmGJgR,0.6662951938924226,1.36146989180773,0.7937069170887255
942300,FXLAfeY7Xqos8x4+2DlVmcLdXrJZZ62JVDY3Fpkzen2lvJMxOvYtKVZlfVKmGJgR,0.6200202927208907,3.712181231994332,1.197067301590427
942600,FXLAfeY7Xqos8x4+2DlVmcLdXrJZZ62JVDY3Fpkzen2lvJMxOvYtKVZlfVKmGJgR,0.6254859522012374,1.291272581922212,0.7569241765739168
942900,FXLAfeY7Xqos8x4+2DlVmcLdXrJZZ62JVDY3Fpkzen2lvJMxOvYtKVZlfVKmGJgR,0.6591178409023086,0.9181315242005142,0.751775709443843
943200,FXLAfeY7Xqos8x4+2DlVmcLdXrJZZ62JVDY3Fpkzen2lvJMxOvYtKVZlfVKmGJgR,0.5904225938562857,1.059786220198342,0.7392255908863202
943500,FXLAfeY7Xqos8x4+2DlVmcLdXrJZZ62JVDY3Fpkzen2lvJMxOvYtKVZlfVKmGJgR,0.6597696579217615,1.661057199221512,0.8060480204234743
943800,FXLAfeY7Xqos8x4+2DlVmcLdXrJZZ62JVDY3Fpkzen2lvJMxOvYtKVZlfVKmGJgR,0.6787579068512166,1.398555423107794,0.7963380931418023
944100,FXLAfeY7Xqos8x4+2DlVmcLdXrJZZ62JVDY3Fpkzen2lvJMxOvYtKVZlfVKmGJgR,0.5769132473097354,0.9451994318805474,0.7023916579114878
944400,FXLAfeY7Xqos8x4+2DlVmcLdXrJZZ62JVDY3Fpkzen2lvJMxOvYtKVZlfVKmGJgR,0.5771184131961921,1.3111877409509805,0.7717753347134922
944700,FXLAfeY7Xqos8x4+2DlVmcLdXrJZZ62JVDY3Fpkzen2lvJMxOvYtKVZlfVKmGJgR,0.6878272882545715,11.88010844920991,2.0124348204693634
945000,FXLAfeY7Xqos8x4+2DlVmcLdXrJZZ62JVDY3Fpkzen2lvJMxOvYtKVZlfVKmGJgR,0.6407788433031368,1.4817476715040487,0.7865472227229897
945300,FXLAfeY7Xqos8x4+2DlVmcLdXrJZZ62JVDY3Fpkzen2lvJMxOvYtKVZlfVKmGJgR,0.5865190934014636,0.9763058551235811,0.7222318637983125
945600,FXLAfeY7Xqos8x4+2DlVmcLdXrJZZ62JVDY3Fpkzen2lvJMxOvYtKVZlfVKmGJgR,0.65273938796364,1.2183208318114254,0.776122630539996
945900,FXLAfeY7Xqos8x4+2DlVmcLdXrJZZ62JVDY3Fpkzen2lvJMxOvYtKVZlfVKmGJgR,0.6486505437064906,4.331699293067274,1.2439235636534605
946200,FXLAfeY7Xqos8x4+2DlVmcLdXrJZZ62JVDY3Fpkzen2lvJMxOvYtKVZlfVKmGJgR,0.6225967976056832,1.3291726781740936,0.7654426756851013
946500,FXLAfeY7Xqos8x4+2DlVmcLdXrJZZ62JVDY3Fpkzen2lvJMxOvYtKVZlfVKmGJgR,0.613505396425375,0.8962551534111278,0.7364645069973287
946800,FXLAfeY7Xqos8x4+2DlVmcLdXrJZZ62JVDY3Fpkzen2lvJMxOvYtKVZlfVKmGJgR,0.6343115045523878,1.321821160607666,0.7691251334362432
947100,FXLAfeY7Xqos8x4+2DlVmcLdXrJZZ62JVDY3Fpkzen2lvJMxOvYtKVZlfVKmGJgR,0.6276475335079666,1.6760144088991749,0.7828638270740533
947400,FXLAfeY7Xqos8x4+2DlVmcLdXrJZZ62JVDY3Fpkzen2lvJMxOvYtKVZlfVKmGJgR,0.6720995450169438,1.20816690839942,0.7909376335523055
947700,FXLAfeY7Xqos8x4+2DlVmcLdXrJZZ62JVDY3Fpkzen2lvJMxOvYtKVZlfVKmGJgR,0.608240163099141,0.8575469687236686,0.7005212188146746
948000,FXLAfeY7Xqos8x4+2DlVmcLdXrJZZ62JVDY3Fpkzen2lvJMxOvYtKVZlfVKmGJgR,0.62168569335574,1.1715005298503844,0.7840478952005205
948300,FXLAfeY7Xqos8x4+2DlVmcLdXrJZZ62JVDY3Fpkzen2lvJMxOvYtKVZlfVKmGJgR,0.6434983555832045,21.381388660648728,5.231971619031927
948600,FXLAfeY7Xqos8x4+2DlVmcLdXrJZZ62JVDY3Fpkzen2lvJMxOvYtKVZlfVKmGJgR,0.6561801146192123,1.3245228935453477,0.7701098518314705
948900,FXLAfeY7Xqos8x4+2DlVmcLdXrJZZ62JVDY3Fpkzen2lvJMxOvYtKVZlfVKmGJgR,0.6263899143315735,0.8772162424843623,0.7166392455913336
949200,FXLAfeY7Xqos8x4+2DlVmcLdXrJZZ62JVDY3Fpkzen2lvJMxOvYtKVZlfVKmGJgR,0.6416582354827266,1.3342032908700991,0.7843844919100093
949500,FXLAfeY7Xqos8x4+2DlVmcLdXrJZZ62JVDY3Fpkzen2lvJMxOvYtKVZlfVKmGJgR,0.5916478136061236,4.661782881688072,1.140822293724271
949800,FXLAfeY7Xqos8x4+2DlVmcLdXrJZZ62JVDY3Fpkzen2lvJMxOvYtKVZlfVKmGJgR,0.6051382175303744,1.3955259697349114,0.7617849964607925
950100,FXLAfeY7Xqos8x4+2DlVmcLdXrJZZ62JVDY3Fpkzen2lvJMxOvYtKVZlfVKmGJgR,0.6059227557478283,0.943936547418104,0.741123268947694
950400,FXLAfeY7Xqos8x4+2DlVmcLdXrJZZ62JVDY3Fpkzen2lvJMxOvYtKVZlfVKmGJgR,0.6161049572248101,1.0879228918012225,0.7364200005591884
950700,FXLAfeY7Xqos8x4+2DlVmcLdXrJZZ62JVDY3Fpkzen2lvJMxOvYtKVZlfVKmGJgR,0.5954007724918313,1.3557318337782245,0.769586215672043
951000,FXLAfeY7Xqos8x4+2DlVmcLdXrJZZ62JVDY3Fpkzen2lvJMxOvYtKVZlfVKmGJgR,0.6074745829243487,1.37516077095043,0.7908226981085904
951300,FXLAfeY7Xqos8x4+2DlVmcLdXrJZZ62JVDY3Fpkzen2lvJMxOvYtKVZlfVKmGJgR,0.6070749634158285,0.8587595956143487,0.6942580848692493
951600,FXLAfeY7Xqos8x4+2DlVmcLdXrJZZ62JVDY3Fpkzen2lvJMxOvYtKVZlfVKmGJgR,0.6426942272408565,1.3888276393605106,0.780190128151468
951900,FXLAfeY7Xqos8x4+2DlVmcLdXrJZZ62JVDY3Fpkzen2lvJMxOvYtKVZlfVKmGJgR,0.6273592067948702,0.8822625158829182,0.7225801457901311
952200,FXLAfeY7Xqos8x4+2DlVmcLdXrJZZ62JVDY3Fpkzen2lvJMxOvYtKVZlfVKmGJgR,0.6105838564021848,1.215428004980774,0.7573147705281982
952500,FXLAfeY7Xqos8x4+2DlVmcLdXrJZZ62JVDY3Fpkzen2lvJMxOvYtKVZlfVKmGJgR,0.6287341139340754,0.854441886761239,0.7100392414146726
952800,FXLAfeY7Xqos8x4+2DlVmcLdXrJZZ62JVDY3Fpkzen2lvJMxOvYtKVZlfVKmGJgR,0.5994532778545232,1.4320241070480169,0.780171848605812
953100,FXLAfeY7Xqos8x4+2DlVmcLdXrJZZ62JVDY3Fpkzen2lvJMxOvYtKVZlfVKmGJgR,0.6489157177158142,3.9296196462095,1.1663280881858789
953400,FXLAfeY7Xqos8x4+2DlVmcLdXrJZZ62JVDY3Fpkzen2lvJMxOvYtKVZlfVKmGJgR,0.6003858750180107,1.3150653426316097,0.7478902694856318
953700,FXLAfeY7Xqos8x4+2DlVmcLdXrJZZ62JVDY3Fpkzen2lvJMxOvYtKVZlfVKmGJgR,0.681326206845004,6.668158577638312,1.885886245299732
954000,FXLAfeY7Xqos8x4+2DlVmcLdXrJZZ62JVDY3Fpkzen2lvJMxOvYtKVZlfVKmGJgR,0.6236499848307715,8.429138230247602,1.3511834602561643
954300,FXLAfeY7Xqos8x4+2DlVmcLdXrJZZ62JVDY3Fpkzen2lvJMxOvYtKVZlfVKmGJgR,0.6279151127760022,1.6348030889097358,0.7967000997404102
954600,FXLAfeY7Xqos8x4+2DlVmcLdXrJZZ62JVDY3Fpkzen2lvJMxOvYtKVZlfVKmGJgR,0.6467219846464842,1.370629274022841,0.8020385652305346
954900,FXLAfeY7Xqos8x4+2DlVmcLdXrJZZ62JVDY3Fpkzen2lvJMxOvYtKVZlfVKmGJgR,0.6204590893297852,0.9089509401346676,0.7057636380174662
955200,FXLAfeY7Xqos8x4+2DlVmcLdXrJZZ62JVDY3Fpkzen2lvJMxOvYtKVZlfVKmGJgR,0.6012453207979208,1.2227041919947474,0.753207703250736
955500,FXLAfeY7Xqos8x4+2DlVmcLdXrJZZ62JVDY3Fpkzen2lvJMxOvYtKVZlfVKmGJgR,0.653110549614788,11.27944622022292,1.7866798239078314
955800,FXLAfeY7Xqos8x4+2DlVmcLdXrJZZ62JVDY3Fpkzen2lvJMxOvYtKVZlfVKmGJgR,0.6352116019765344,1.452886028095641,0.7742751166731527
956100,FXLAfeY7Xqos8x4+2DlVmcLdXrJZZ62JVDY3Fpkzen2lvJMxOvYtKVZlfVKmGJgR,0.6307113800044889,0.846374463593937,0.7214006268552265
956400,FXLAfeY7Xqos8x4+2DlVmcLdXrJZZ62JVDY3Fpkzen2lvJMxOvYtKVZlfVKmGJgR,0.6234176405049896,1.2930242070747977,0.7896375566331563
956700,FXLAfeY7Xqos8x4+2DlVmcLdXrJZZ62JVDY3Fpkzen2lvJMxOvYtKVZlfVKmGJgR,0.6225802847086056,3.3194899521242123,1.4049819239364745
957000,FXLAfeY7Xqos8x4+2DlVmcLdXrJZZ62JVDY3Fpkzen2lvJMxOvYtKVZlfVKmGJgR,0.62111613352824,1.4343082262464435,0.7504535893966363
957300,FXLAfeY7Xqos8x4+2DlVmcLdXrJZZ62JVDY3Fpkzen2lvJMxOvYtKVZlfVKmGJgR,0.65612758804794,0.8855716731227437,0.7346461207805806
957600,FXLAfeY7Xqos8x4+2DlVmcLdXrJZZ62JVDY3Fpkzen2lvJMxOvYtKVZlfVKmGJgR,0.5807266815802477,1.2527482364702625,0.7526872137253257
957900,FXLAfeY7Xqos8x4+2DlVmcLdXrJZZ62JVDY3Fpkzen2lvJMxOvYtKVZlfVKmGJgR,0.601069323565479,4.284330855819881,1.1168725637213766
958200,FXLAfeY7Xqos8x4+2DlVmcLdXrJZZ62JVDY3Fpkzen2lvJMxOvYtKVZlfVKmGJgR,0.6775556151782482,7.076106181817662,2.14495174216523
958500,FXLAfeY7Xqos8x4+2DlVmcLdXrJZZ62JVDY3Fpkzen2lvJMxOvYtKVZlfVKmGJgR,0.599073133115047,0.8896896017005704,0.7125171150912831
958800,FXLAfeY7Xqos8x4+2DlVmcLdXrJZZ62JVDY3Fpkzen2lvJMxOvYtKVZlfVKmGJgR,0.6247549692681591,1.2902579927016904,0.7746584511442784
959100,FXLAfeY7Xqos8x4+2DlVmcLdXrJZZ62JVDY3Fpkzen2lvJMxOvYtKVZlfVKmGJgR,0.616745221931165,0.9076784092454024,0.7374731390581665
959400,FXLAfeY7Xqos8x4+2DlVmcLdXrJZZ62JVDY3Fpkzen2lvJMxOvYtKVZlfVKmGJgR,0.5813042693898637,1.461730736611191,0.7513295539928821
959700,FXLAfeY7Xqos8x4+2DlVmcLdXrJZZ62JVDY3Fpkzen2lvJMxOvYtKVZlfVKmGJgR,0.6284240986677829,0.9032048205021768,0.7054027664613015
960000,FXLAfeY7Xqos8x4+2DlVmcLdXrJZZ62JVDY3Fpkzen2lvJMxOvYtKVZlfVKmGJgR,0.622207691536975,1.3698936947439213,0.797250645664431
960300,FXLAfeY7Xqos8x4+2DlVmcLdXrJZZ62JVDY3Fpkzen2lvJMxOvYtKVZlfVKmGJgR,0.6027817650735094,2.1483151947494163,0.8531820055616472
960600,FXLAfeY7Xqos8x4+2DlVmcLdXrJZZ62JVDY3Fpkzen2lvJMxOvYtKVZlfVKmGJgR,0.5971653480702102,4.564761987477512,1.1410938914166415
960900,FXLAfeY7Xqos8x4+2DlVmcLdXrJZZ62JVDY3Fpkzen2lvJMxOvYtKVZlfVKmGJgR,0.636652558335115,0.876023503527637,0.723884285060477
961200,FXLAfeY7Xqos8x4+2DlVmcLdXrJZZ62JVDY3Fpkzen2lvJMxOvYtKVZlfVKmGJgR,0.6305143845555073,1.681378920131119,0.9234658396569908
961500,FXLAfeY7Xqos8x4+2DlVmcLdXrJZZ62JVDY3Fpkzen2lvJMxOvYtKVZlfVKmGJgR,0.6393179294888856,1.6159173492350722,0.8611521530649323
961800,FXLAfeY7Xqos8x4+2DlVmcLdXrJZZ62JVDY3Fpkzen2lvJMxOvYtKVZlfVKmGJgR,0.6319280542193701,1.506041764752458,0.7918537887504237
962100,FXLAfeY7Xqos8x4+2DlVmcLdXrJZZ62JVDY3Fpkzen2lvJMxOvYtKVZlfVKmGJgR,0.5831104374933628,0.8693371121639396,0.706840479891982
962400,FXLAfeY7Xqos8x4+2DlVmcLdXrJZZ62JVDY3Fpkzen2lvJMxOvYtKVZlfVKmGJgR,0.6131099650055051,1.38031610660462,0.7458913284912579
962700,FXLAfeY7Xqos8x4+2DlVmcLdXrJZZ62JVDY3Fpkzen2lvJMxOvYtKVZlfVKmGJgR,0.6162493511527495,0.8233239974461998,0.7295191005590566
963000,FXLAfeY7Xqos8x4+2DlVmcLdXrJZZ62JVDY3Fpkzen2lvJMxOvYtKVZlfVKmGJgR,0.5929229642876384,1.4125380849605798,0.7574119409404215
963300,FXLAfeY7Xqos8x4+2DlVmcLdXrJZZ62JVDY3Fpkzen2lvJMxOvYtKVZlfVKmGJgR,0.615897054577004,0.872906614070397,0.7185055069546207
963600,FXLAfeY7Xqos8x4+2DlVmcLdXrJZZ62JVDY3Fpkzen2lvJMxOvYtKVZlfVKmGJgR,0.629874160975889,1.424110016160066,0.7843127739464754
963900,FXLAfeY7Xqos8x4+2DlVmcLdXrJZZ62JVDY3Fpkzen2lvJMxOvYtKVZlfVKmGJgR,0.6185628600086698,22.34822625799609,3.080672554918857
964200,FXLAfeY7Xqos8x4+2DlVmcLdXrJZZ62JVDY3Fpkzen2lvJMxOvYtKVZlfVKmGJgR,0.633385662693878,4.672423913431564,1.214708866832774
964500,FXLAfeY7Xqos8x4+2DlVmcLdXrJZZ62JVDY3Fpkzen2lvJMxOvYtKVZlfVKmGJgR,0.6353334134494453,0.9699092574101316,0.7525661127870477
964800,FXLAfeY7Xqos8x4+2DlVmcLdXrJZZ62JVDY3Fpkzen2lvJMxOvYtKVZlfVKmGJgR,0.5929716911340055,1.371145233710373,0.7668199192211904
965100,FXLAfeY7Xqos8x4+2DlVmcLdXrJZZ62JVDY3Fpkzen2lvJMxOvYtKVZlfVKmGJgR,0.609275470078276,1.8636879933555413,0.8132387138754676
965400,FXLAfeY7Xqos8x4+2DlVmcLdXrJZZ62JVDY3Fpkzen2lvJMxOvYtKVZlfVKmGJgR,0.6351982610910771,1.3669359747521057,0.7969465685648365
965700,FXLAfeY7Xqos8x4+2DlVmcLdXrJZZ62JVDY3Fpkzen2lvJMxOvYtKVZlfVKmGJgR,0.5902103405706394,0.9311427079929157,0.7190492655218808
966000,FXLAfeY7Xqos8x4+2DlVmcLdXrJZZ62JVDY3Fpkzen2lvJMxOvYtKVZlfVKmGJgR,0.6309559809566934,1.2889361873970453,0.7759040052935505
966300,FXLAfeY7Xqos8x4+2DlVmcLdXrJZZ62JVDY3Fpkzen2lvJMxOvYtKVZlfVKmGJgR,0.6326238803624513,0.8767808617001506,0.7345266627742822
966600,FXLAfeY7Xqos8x4+2DlVmcLdXrJZZ62JVDY3Fpkzen2lvJMxOvYtKVZlfVKmGJgR,0.6377452490971921,1.3621451709513963,0.755308177242022
966900,FXLAfeY7Xqos8x4+2DlVmcLdXrJZZ62JVDY3Fpkzen2lvJMxOvYtKVZlfVKmGJgR,0.6277887722239613,0.8484454763650126,0.7267530084925338
967200,FXLAfeY7Xqos8x4+2DlVmcLdXrJZZ62JVDY3Fpkzen2lvJMxOvYtKVZlfVKmGJgR,0.6169338473753714,1.3742459847904755,0.7681179290687603
967500,FXLAfeY7Xqos8x4+2DlVmcLdXrJZZ62JVDY3Fpkzen2lvJMxOvYtKVZlfVKmGJgR,0.6020815640297122,0.8958097306982744,0.7123770113984123
967800,FXLAfeY7Xqos8x4+2DlVmcLdXrJZZ62JVDY3Fpkzen2lvJMxOvYtKVZlfVKmGJgR,0.5774755023544695,4.130274043112916,1.291204053189255
968100,FXLAfeY7Xqos8x4+2DlVmcLdXrJZZ62JVDY3Fpkzen2lvJMxOvYtKVZlfVKmGJgR,0.6299913684349866,0.8313460772278642,0.713081669480298
968400,FXLAfeY7Xqos8x4+2DlVmcLdXrJZZ62JVDY3Fpkzen2lvJMxOvYtKVZlfVKmGJgR,0.609053275658625,1.315010718133118,0.7715411893224917
968700,FXLAfeY7Xqos8x4+2DlVmcLdXrJZZ62JVDY3Fpkzen2lvJMxOvYtKVZlfVKmGJgR,0.6226267898363324,1.73304750726985,0.7877715211270973
969000,FXLAfeY7Xqos8x4+2DlVmcLdXrJZZ62JVDY3Fpkzen2lvJMxOvYtKVZlfVKmGJgR,0.6173686038310561,1.2490261646682628,0.7688642793421085
969300,FXLAfeY7Xqos8x4+2DlVmcLdXrJZZ62JVDY3Fpkzen2lvJMxOvYtKVZlfVKmGJgR,0.6058495888353338,0.8463565553191108,0.7118844821215368
969600,FXLAfeY7Xqos8x4+2DlVmcLdXrJZZ62JVDY3Fpkzen2lvJMxOvYtKVZlfVKmGJgR,0.6002796467377494,1.3025241790647413,0.7451442764837071
969900,FXLAfeY7Xqos8x4+2DlVmcLdXrJZZ62JVDY3Fpkzen2lvJMxOvYtKVZlfVKmGJgR,0.5969502941036504,15.294885167050175,1.9418572549312525
970200,FXLAfeY7Xqos8x4+2DlVmcLdXrJZZ62JVDY3Fpkzen2lvJMxOvYtKVZlfVKmGJgR,0.6009274392925616,1.3977116925423396,0.7651535874031252
970500,FXLAfeY7Xqos8x4+2DlVmcLdXrJZZ62JVDY3Fpkzen2lvJMxOvYtKVZlfVKmGJgR,0.6154918433033107,0.8779525170255098,0.7283074018345288
970800,FXLAfeY7Xqos8x4+2DlVmcLdXrJZZ62JVDY3Fpkzen2lvJMxOvYtKVZlfVKmGJgR,0.5934906993192645,1.2929205068265643,0.7752143280633996
971100,FXLAfeY7Xqos8x4+2DlVmcLdXrJZZ62JVDY3Fpkzen2lvJMxOvYtKVZlfVKmGJgR,0.6205235731044164,0.8538148123239356,0.7246156900727613
971400,FXLAfeY7Xqos8x4+2DlVmcLdXrJZZ62JVDY3Fpkzen2lvJMxOvYtKVZlfVKmGJgR,0.5940977505763347,3.996003963702455,1.2709903849492532
971700,FXLAfeY7Xqos8x4+2DlVmcLdXrJZZ62JVDY3Fpkzen2lvJMxOvYtKVZlfVKmGJgR,0.6802135100759521,1.325932601906453,0.8088861414195133
972000,FXLAfeY7Xqos8x4+2DlVmcLdXrJZZ62JVDY3Fpkzen2lvJMxOvYtKVZlfVKmGJgR,0.5658667092518215,0.9083045259294344,0.702575577111238
972300,FXLAfeY7Xqos8x4+2DlVmcLdXrJZZ62JVDY3Fpkzen2lvJMxOvYtKVZlfVKmGJgR,0.60457961139775,1.6248991089158653,0.8397624010739464
972600,FXLAfeY7Xqos8x4+2DlVmcLdXrJZZ62JVDY3Fpkzen2lvJMxOvYtKVZlfVKmGJgR,0.6268686956316781,0.9302628797197292,0.7326562277295487
972900,FXLAfeY7Xqos8x4+2DlVmcLdXrJZZ62JVDY3Fpkzen2lvJMxOvYtKVZlfVKmGJgR,0.6163134042485817,1.4539212393015744,0.764736539134751
973200,FXLAfeY7Xqos8x4+2DlVmcLdXrJZZ62JVDY3Fpkzen2lvJMxOvYtKVZlfVKmGJgR,0.574404187608552,0.7979884338526759,0.702832790117734
973500,FXLAfeY7Xqos8x4+2DlVmcLdXrJZZ62JVDY3Fpkzen2lvJMxOvYtKVZlfVKmGJgR,0.635329510640866,1.273617275627026,0.7941372118426188
973800,FXLAfeY7Xqos8x4+2DlVmcLdXrJZZ62JVDY3Fpkzen2lvJMxOvYtKVZlfVKmGJgR,0.5824783072246414,0.8970266535758046,0.7034734804074745
974100,FXLAfeY7Xqos8x4+2DlVmcLdXrJZZ62JVDY3Fpkzen2lvJMxOvYtKVZlfVKmGJgR,0.6247756171617374,1.3269534352308952,0.7646985974733673
974400,FXLAfeY7Xqos8x4+2DlVmcLdXrJZZ62JVDY3Fpkzen2lvJMxOvYtKVZlfVKmGJgR,0.6120609732979738,4.799219941942977,1.108413264296232
974700,FXLAfeY7Xqos8x4+2DlVmcLdXrJZZ62JVDY3Fpkzen2lvJMxOvYtKVZlfVKmGJgR,0.5714362112594249,1.290144897658227,0.7519152447896292
975000,FXLAfeY7Xqos8x4+2DlVmcLdXrJZZ62JVDY3Fpkzen2lvJMxOvYtKVZlfVKmGJgR,0.5983988668127161,4.696308254811248,1.150605796595545
975300,FXLAfeY7Xqos8x4+2DlVmcLdXrJZZ62JVDY3Fpkzen2lvJMxOvYtKVZlfVKmGJgR,0.6089521651695688,1.4700784186271325,0.7782348057189271
975600,FXLAfeY7Xqos8x4+2DlVmcLdXrJZZ62JVDY3Fpkzen2lvJMxOvYtKVZlfVKmGJgR,0.6269687098465877,0.8694249820323771,0.7094418758108284
975900,FXLAfeY7Xqos8x4+2DlVmcLdXrJZZ62JVDY3Fpkzen2lvJMxOvYtKVZlfVKmGJgR,0.5903014762575334,1.6440038129367651,0.8481352124743726
976200,FXLAfeY7Xqos8x4+2DlVmcLdXrJZZ62JVDY3Fpkzen2lvJMxOvYtKVZlfVKmGJgR,0.6365189529086956,0.8543060080686046,0.7321482297494086
976500,FXLAfeY7Xqos8x4+2DlVmcLdXrJZZ62JVDY3Fpkzen2lvJMxOvYtKVZlfVKmGJgR,0.5866601898722025,1.3822971595695632,0.757987959739354
976800,FXLAfeY7Xqos8x4+2DlVmcLdXrJZZ62JVDY3Fpkzen2lvJMxOvYtKVZlfVKmGJgR,0.6097732394121772,0.832777774825018,0.7102714335296567
977100,FXLAfeY7Xqos8x4+2DlVmcLdXrJZZ62JVDY3Fpkzen2lvJMxOvYtKVZlfVKmGJgR,0.6660590973274702,93.16680887456909,53.356534965937406
977400,FXLAfeY7Xqos8x4+2DlVmcLdXrJZZ62JVDY3Fpkzen2lvJMxOvYtKVZlfVKmGJgR,0.6272736027799426,0.85893193990211,0.723586618283225
977700,FXLAfeY7Xqos8x4+2DlVmcLdXrJZZ62JVDY3Fpkzen2lvJMxOvYtKVZlfVKmGJgR,0.6408354033893328,1.2334951369496143,0.7730676095520772
978000,FXLAfeY7Xqos8x4+2DlVmcLdXrJZZ62JVDY3Fpkzen2lvJMxOvYtKVZlfVKmGJgR,0.6091072010286736,1.3279116335417191,0.8132335278852174
978300,FXLAfeY7Xqos8x4+2DlVmcLdXrJZZ62JVDY3Fpkzen2lvJMxOvYtKVZlfVKmGJgR,0.5686679551116183,1.3348348392140692,0.7874515340354507
978600,FXLAfeY7Xqos8x4+2DlVmcLdXrJZZ62JVDY3Fpkzen2lvJMxOvYtKVZlfVKmGJgR,0.5933111424022874,3.9358745517925224,1.163588293454623
978900,FXLAfeY7Xqos8x4+2DlVmcLdXrJZZ62JVDY3Fpkzen2lvJMxOvYtKVZlfVKmGJgR,0.6308687496533614,1.0710610606741324,0.7953632509806118
979200,FXLAfeY7Xqos8x4+2DlVmcLdXrJZZ62JVDY3Fpkzen2lvJMxOvYtKVZlfVKmGJgR,0.6351762000952497,0.8398891381614902,0.7258207765940089
979500,FXLAfeY7Xqos8x4+2DlVmcLdXrJZZ62JVDY3Fpkzen2lvJMxOvYtKVZlfVKmGJgR,0.5891512254621418,1.6721248673580953,0.844665341448495
979800,FXLAfeY7Xqos8x4+2DlVmcLdXrJZZ62JVDY3Fpkzen2lvJMxOvYtKVZlfVKmGJgR,0.6385452745175634,0.8866695103993426,0.7307607447139048
980100,FXLAfeY7Xqos8x4+2DlVmcLdXrJZZ62JVDY3Fpkzen2lvJMxOvYtKVZlfVKmGJgR,0.6169295098569973,1.3217204809129854,0.7693748279238399
980400,FXLAfeY7Xqos8x4+2DlVmcLdXrJZZ62JVDY3Fpkzen2lvJMxOvYtKVZlfVKmGJgR,0.5857411125144083,0.8108205451516362,0.7027275081208476
980700,FXLAfeY7Xqos8x4+2DlVmcLdXrJZZ62JVDY3Fpkzen2lvJMxOvYtKVZlfVKmGJgR,0.6410144552540451,14.66983914378908,2.11364255218106
981000,FXLAfeY7Xqos8x4+2DlVmcLdXrJZZ62JVDY3Fpkzen2lvJMxOvYtKVZlfVKmGJgR,0.6252883222678352,0.885114878674674,0.7114036941855544
981300,FXLAfeY7Xqos8x4+2DlVmcLdXrJZZ62JVDY3Fpkzen2lvJMxOvYtKVZlfVKmGJgR,0.6289256141072745,1.2790343013912682,0.7598338765065026
981600,FXLAfeY7Xqos8x4+2DlVmcLdXrJZZ62JVDY3Fpkzen2lvJMxOvYtKVZlfVKmGJgR,0.5877347615814636,0.8359018671104445,0.7302435796725044
981900,FXLAfeY7Xqos8x4+2DlVmcLdXrJZZ62JVDY3Fpkzen2lvJMxOvYtKVZlfVKmGJgR,0.63829670427416,1.4199594136265787,0.7612568522686901
982200,FXLAfeY7Xqos8x4+2DlVmcLdXrJZZ62JVDY3Fpkzen2lvJMxOvYtKVZlfVKmGJgR,0.5947631653490246,4.100357002555658,1.1756593407865448
982500,FXLAfeY7Xqos8x4+2DlVmcLdXrJZZ62JVDY3Fpkzen2lvJMxOvYtKVZlfVKmGJgR,0.632313174569309,7.229427629962234,1.3837497838244317
982800,FXLAfeY7Xqos8x4+2DlVmcLdXrJZZ62JVDY3Fpkzen2lvJMxOvYtKVZlfVKmGJgR,0.6235124294511399,0.8805411922211025,0.7354527198596305
983100,FXLAfeY7Xqos8x4+2DlVmcLdXrJZZ62JVDY3Fpkzen2lvJMxOvYtKVZlfVKmGJgR,0.6505905206136491,1.7835627247322945,0.8322357136118873
983400,FXLAfeY7Xqos8x4+2DlVmcLdXrJZZ62JVDY3Fpkzen2lvJMxOvYtKVZlfVKmGJgR,0.6360576745607576,0.8571630884244417,0.7363386569124721
983700,FXLAfeY7Xqos8x4+2DlVmcLdXrJZZ62JVDY3Fpkzen2lvJMxOvYtKVZlfVKmGJgR,0.6451446537481736,1.2041438465407672,0.7570918857191153
984000,FXLAfeY7Xqos8x4+2DlVmcLdXrJZZ62JVDY3Fpkzen2lvJMxOvYtKVZlfVKmGJgR,0.6124212349652092,0.816128189922878,0.6962327536508472
984300,FXLAfeY7Xqos8x4+2DlVmcLdXrJZZ62JVDY3Fpkzen2lvJMxOvYtKVZlfVKmGJgR,0.6150955324736593,1.2991137765930545,0.7942027311787758
984600,FXLAfeY7Xqos8x4+2DlVmcLdXrJZZ62JVDY3Fpkzen2lvJMxOvYtKVZlfVKmGJgR,0.5872360972419469,0.9330057085182826,0.7004184557546622
984900,FXLAfeY7Xqos8x4+2DlVmcLdXrJZZ62JVDY3Fpkzen2lvJMxOvYtKVZlfVKmGJgR,0.657236383102185,1.4008206229110067,0.7708794701509158
985200,FXLAfeY7Xqos8x4+2DlVmcLdXrJZZ62JVDY3Fpkzen2lvJMxOvYtKVZlfVKmGJgR,0.6537484946984177,0.9021959736778143,0.7300706947871465
985500,FXLAfeY7Xqos8x4+2DlVmcLdXrJZZ62JVDY3Fpkzen2lvJMxOvYtKVZlfVKmGJgR,0.5631478780075551,1.3111784120408607,0.7587311084727608
985800,FXLAfeY7Xqos8x4+2DlVmcLdXrJZZ62JVDY3Fpkzen2lvJMxOvYtKVZlfVKmGJgR,0.581424658611861,4.509443172054719,1.1115719915282771
986100,FXLAfeY7Xqos8x4+2DlVmcLdXrJZZ62JVDY3Fpkzen2lvJMxOvYtKVZlfVKmGJgR,0.649008709437389,1.3385143338168246,0.8361977847900262
986400,FXLAfeY7Xqos8x4+2DlVmcLdXrJZZ62JVDY3Fpkzen2lvJMxOvYtKVZlfVKmGJgR,0.6010139750039772,0.9264326084119374,0.6977633112652682
986700,FXLAfeY7Xqos8x4+2DlVmcLdXrJZZ62JVDY3Fpkzen2lvJMxOvYtKVZlfVKmGJgR,0.5560913897057168,1.6680150815129733,0.8322581237573755
987000,FXLAfeY7Xqos8x4+2DlVmcLdXrJZZ62JVDY3Fpkzen2lvJMxOvYtKVZlfVKmGJgR,0.6187014007242623,7.51571599063506,2.39795342019966
987300,FXLAfeY7Xqos8x4+2DlVmcLdXrJZZ62JVDY3Fpkzen2lvJMxOvYtKVZlfVKmGJgR,0.6149166566573514,1.303192831588796,0.7917385336402185
987600,FXLAfeY7Xqos8x4+2DlVmcLdXrJZZ62JVDY3Fpkzen2lvJMxOvYtKVZlfVKmGJgR,0.6220195497963291,0.92463655552396,0.7246469979592056
987900,FXLAfeY7Xqos8x4+2DlVmcLdXrJZZ62JVDY3Fpkzen2lvJMxOvYtKVZlfVKmGJgR,0.5832342575202695,1.4181981541275206,0.7946342818186543
988200,FXLAfeY7Xqos8x4+2DlVmcLdXrJZZ62JVDY3Fpkzen2lvJMxOvYtKVZlfVKmGJgR,0.6139050991019906,0.9218156393521348,0.7268087351548806
988500,FXLAfeY7Xqos8x4+2DlVmcLdXrJZZ62JVDY3Fpkzen2lvJMxOvYtKVZlfVKmGJgR,0.5999872619095171,1.3703512129947086,0.7637148804625586
988800,FXLAfeY7Xqos8x4+2DlVmcLdXrJZZ62JVDY3Fpkzen2lvJMxOvYtKVZlfVKmGJgR,0.6784728341382283,0.8618985451442238,0.7394450031903304
989100,FXLAfeY7Xqos8x4+2DlVmcLdXrJZZ62JVDY3Fpkzen2lvJMxOvYtKVZlfVKmGJgR,0.6010126480841184,1.2795211244844853,0.7613684224557205
989400,FXLAfeY7Xqos8x4+2DlVmcLdXrJZZ62JVDY3Fpkzen2lvJMxOvYtKVZlfVKmGJgR,0.6247291356385268,0.98295514301619,0.7025870376412907
989700,FXLAfeY7Xqos8x4+2DlVmcLdXrJZZ62JVDY3Fpkzen2lvJMxOvYtKVZlfVKmGJgR,0.6316277873519783,4.388941664192612,1.2825550460963748
990000,FXLAfeY7Xqos8x4+2DlVmcLdXrJZZ62JVDY3Fpkzen2lvJMxOvYtKVZlfVKmGJgR,0.651252457441982,0.8476149691089337,0.7143891695402887
990300,FXLAfeY7Xqos8x4+2DlVmcLdXrJZZ62JVDY3Fpkzen2lvJMxOvYtKVZlfVKmGJgR,0.6014767837453532,1.5450267533801505,0.8461205912443206
990600,FXLAfeY7Xqos8x4+2DlVmcLdXrJZZ62JVDY3Fpkzen2lvJMxOvYtKVZlfVKmGJgR,0.5959056283837618,0.9480203570494826,0.720796217640802
990900,FXLAfeY7Xqos8x4+2DlVmcLdXrJZZ62JVDY3Fpkzen2lvJMxOvYtKVZlfVKmGJgR,0.5936046658962506,1.368148573826681,0.7833008772966191
991200,FXLAfeY7Xqos8x4+2DlVmcLdXrJZZ62JVDY3Fpkzen2lvJMxOvYtKVZlfVKmGJgR,0.6040585164703615,0.8598409838311756,0.6992391778043111
991500,FXLAfeY7Xqos8x4+2DlVmcLdXrJZZ62JVDY3Fpkzen2lvJMxOvYtKVZlfVKmGJgR,0.6298775661774915,7.360607336628495,1.407045851843222
991800,FXLAfeY7Xqos8x4+2DlVmcLdXrJZZ62JVDY3Fpkzen2lvJMxOvYtKVZlfVKmGJgR,0.575143267502827,0.890537988869775,0.7103382371872012
992100,FXLAfeY7Xqos8x4+2DlVmcLdXrJZZ62JVDY3Fpkzen2lvJMxOvYtKVZlfVKmGJgR,0.5881202238159232,1.4295665822757468,0.7678522450292792
992400,FXLAfeY7Xqos8x4+2DlVmcLdXrJZZ62JVDY3Fpkzen2lvJMxOvYtKVZlfVKmGJgR,0.6374244082389752,0.8734296823902367,0.7367189617343605
992700,FXLAfeY7Xqos8x4+2DlVmcLdXrJZZ62JVDY3Fpkzen2lvJMxOvYtKVZlfVKmGJgR,0.599076289758708,22.513068877588648,2.992721205538571
993000,FXLAfeY7Xqos8x4+2DlVmcLdXrJZZ62JVDY3Fpkzen2lvJMxOvYtKVZlfVKmGJgR,0.6284295119197457,0.8632633137589936,0.7229896767371956
993300,FXLAfeY7Xqos8x4+2DlVmcLdXrJZZ62JVDY3Fpkzen2lvJMxOvYtKVZlfVKmGJgR,0.6364092780640641,4.692248486308508,1.3388165311492854
993600,FXLAfeY7Xqos8x4+2DlVmcLdXrJZZ62JVDY3Fpkzen2lvJMxOvYtKVZlfVKmGJgR,0.5999302379951216,0.847248963006026,0.7091509257592644
993900,FXLAfeY7Xqos8x4+2DlVmcLdXrJZZ62JVDY3Fpkzen2lvJMxOvYtKVZlfVKmGJgR,0.6191207524476628,2.0705632912466885,0.8818243327487758
994200,FXLAfeY7Xqos8x4+2DlVmcLdXrJZZ62JVDY3Fpkzen2lvJMxOvYtKVZlfVKmGJgR,0.6431278480950087,0.928671456078999,0.743793225344691
994500,FXLAfeY7Xqos8x4+2DlVmcLdXrJZZ62JVDY3Fpkzen2lvJMxOvYtKVZlfVKmGJgR,0.605953845070919,1.5317786518860266,0.779157338602717
994800,FXLAfeY7Xqos8x4+2DlVmcLdXrJZZ62JVDY3Fpkzen2lvJMxOvYtKVZlfVKmGJgR,0.6349504258650664,0.8646617788284164,0.7236636231087532
995100,FXLAfeY7Xqos8x4+2DlVmcLdXrJZZ62JVDY3Fpkzen2lvJMxOvYtKVZlfVKmGJgR,0.6523955330614793,8.474154590485634,1.538987929664147
995400,FXLAfeY7Xqos8x4+2DlVmcLdXrJZZ62JVDY3Fpkzen2lvJMxOvYtKVZlfVKmGJgR,0.6223197850317586,0.8779539441150342,0.7246543440430044
995700,FXLAfeY7Xqos8x4+2DlVmcLdXrJZZ62JVDY3Fpkzen2lvJMxOvYtKVZlfVKmGJgR,0.5896542489055411,1.2987491877150723,0.7635648805120964
996000,FXLAfeY7Xqos8x4+2DlVmcLdXrJZZ62JVDY3Fpkzen2lvJMxOvYtKVZlfVKmGJgR,0.6431703784310155,0.8343624395056327,0.7369197546478341
996300,FXLAfeY7Xqos8x4+2DlVmcLdXrJZZ62JVDY3Fpkzen2lvJMxOvYtKVZlfVKmGJgR,0.588832247447216,1.3177683271739835,0.7633909303176635
996600,FXLAfeY7Xqos8x4+2DlVmcLdXrJZZ62JVDY3Fpkzen2lvJMxOvYtKVZlfVKmGJgR,0.6044768170031138,0.8485714620692639,0.6922792326742369
996900,FXLAfeY7Xqos8x4+2DlVmcLdXrJZZ62JVDY3Fpkzen2lvJMxOvYtKVZlfVKmGJgR,0.6172330699934436,4.877118172752915,1.279019419897114
997200,FXLAfeY7Xqos8x4+2DlVmcLdXrJZZ62JVDY3Fpkzen2lvJMxOvYtKVZlfVKmGJgR,0.6168880827803459,0.858398996555559,0.7095628001502507
997500,FXLAfeY7Xqos8x4+2DlVmcLdXrJZZ62JVDY3Fpkzen2lvJMxOvYtKVZlfVKmGJgR,0.6105909217824711,1.5483013918889872,0.8474904773429855
997800,FXLAfeY7Xqos8x4+2DlVmcLdXrJZZ62JVDY3Fpkzen2lvJMxOvYtKVZlfVKmGJgR,0.6488648065186406,0.8627686491110175,0.7274320971701427
998100,FXLAfeY7Xqos8x4+2DlVmcLdXrJZZ62JVDY3Fpkzen2lvJMxOvYtKVZlfVKmGJgR,0.6429171580977778,1.3517786861140393,0.7671516650375528
998400,FXLAfeY7Xqos8x4+2DlVmcLdXrJZZ62JVDY3Fpkzen2lvJMxOvYtKVZlfVKmGJgR,0.6059059325407053,0.8062578914128525,0.714278098551618
998700,FXLAfeY7Xqos8x4+2DlVmcLdXrJZZ62JVDY3Fpkzen2lvJMxOvYtKVZlfVKmGJgR,0.6335011026621075,1.311572399487248,0.7876021178725565
999000,FXLAfeY7Xqos8x4+2DlVmcLdXrJZZ62JVDY3Fpkzen2lvJMxOvYtKVZlfVKmGJgR,0.6495756525494161,0.8451729572560212,0.7163204473789587
999300,FXLAfeY7Xqos8x4+2DlVmcLdXrJZZ62JVDY3Fpkzen2lvJMxOvYtKVZlfVKmGJgR,0.6376444320467757,1.4318069016139383,0.7678799193321217
999600,FXLAfeY7Xqos8x4+2DlVmcLdXrJZZ62JVDY3Fpkzen2lvJMxOvYtKVZlfVKmGJgR,0.6300223526512017,0.9979780014806806,0.7591448281306884
999900,FXLAfeY7Xqos8x4+2DlVmcLdXrJZZ62JVDY3Fpkzen2lvJMxOvYtKVZlfVKmGJgR,0.6142506904186441,1.479232011461212,0.7734635983038015
1000200,FXLAfeY7Xqos8x4+2DlVmcLdXrJZZ62JVDY3Fpkzen2lvJMxOvYtKVZlfVKmGJgR,0.618307004887727,0.828051831481491,0.710144289475733
1000500,FXLAfeY7Xqos8x4+2DlVmcLdXrJZZ62JVDY3Fpkzen2lvJMxOvYtKVZlfVKmGJgR,0.6179832708124016,3.688702131786799,1.3504781752859216
1000800,FXLAfeY7Xqos8x4+2DlVmcLdXrJZZ62JVDY3Fpkzen2lvJMxOvYtKVZlfVKmGJgR,0.6081232174554106,0.872158859988802,0.7029639118467802
1001100,FXLAfeY7Xqos8x4+2DlVmcLdXrJZZ62JVDY3Fpkzen2lvJMxOvYtKVZlfVKmGJgR,0.624321014110815,1.5527295298738022,0.8470199587406565
1001400,FXLAfeY7Xqos8x4+2DlVmcLdXrJZZ62JVDY3Fpkzen2lvJMxOvYtKVZlfVKmGJgR,0.6194913948612027,0.8690513731826107,0.7352290019198012
1001700,FXLAfeY7Xqos8x4+2DlVmcLdXrJZZ62JVDY3Fpkzen2lvJMxOvYtKVZlfVKmGJgR,0.6267152783218581,1.2392434006554187,0.7760836810516402
1002000,FXLAfeY7Xqos8x4+2DlVmcLdXrJZZ62JVDY3Fpkzen2lvJMxOvYtKVZlfVKmGJgR,0.5758517637756507,0.8652873359385715,0.710067678299983
1002300,FXLAfeY7Xqos8x4+2DlVmcLdXrJZZ62JVDY3Fpkzen2lvJMxOvYtKVZlfVKmGJgR,0.6098572309844746,1.309891083039343,0.779128192196502
1002600,FXLAfeY7Xqos8x4+2DlVmcLdXrJZZ62JVDY3Fpkzen2lvJMxOvYtKVZlfVKmGJgR,0.6274168408506763,0.8129476677015712,0.7013519283519071
1002900,FXLAfeY7Xqos8x4+2DlVmcLdXrJZZ62JVDY3Fpkzen2lvJMxOvYtKVZlfVKmGJgR,0.6090013295695992,1.3154251865070137,0.7674749714940511
1003200,FXLAfeY7Xqos8x4+2DlVmcLdXrJZZ62JVDY3Fpkzen2lvJMxOvYtKVZlfVKmGJgR,0.6211657350461198,0.8045211861249186,0.7284558210044874
1003500,FXLAfeY7Xqos8x4+2DlVmcLdXrJZZ62JVDY3Fpkzen2lvJMxOvYtKVZlfVKmGJgR,0.61697410645403,1.2092420775932888,0.7658895628555527
1003800,FXLAfeY7Xqos8x4+2DlVmcLdXrJZZ62JVDY3Fpkzen2lvJMxOvYtKVZlfVKmGJgR,0.628462817055528,0.8259026579691173,0.6990986091917659
1004100,FXLAfeY7Xqos8x4+2DlVmcLdXrJZZ62JVDY3Fpkzen2lvJMxOvYtKVZlfVKmGJgR,0.5995971058497533,12.137494196716418,2.2623198555734825
1004400,FXLAfeY7Xqos8x4+2DlVmcLdXrJZZ62JVDY3Fpkzen2lvJMxOvYtKVZlfVKmGJgR,0.638148627138324,0.823794435602528,0.7228761191895593
1004700,FXLAfeY7Xqos8x4+2DlVmcLdXrJZZ62JVDY3Fpkzen2lvJMxOvYtKVZlfVKmGJgR,0.6156948348032627,1.6605616762713655,0.8559051365035006
1005000,FXLAfeY7Xqos8x4+2DlVmcLdXrJZZ62JVDY3Fpkzen2lvJMxOvYtKVZlfVKmGJgR,0.6321042599966851,0.8589868215902787,0.7444828284009442
1005300,FXLAfeY7Xqos8x4+2DlVmcLdXrJZZ62JVDY3Fpkzen2lvJMxOvYtKVZlfVKmGJgR,0.6254515951500218,1.3124000840587573,0.7803229003091146
1005600,FXLAfeY7Xqos8x4+2DlVmcLdXrJZZ62JVDY3Fpkzen2lvJMxOvYtKVZlfVKmGJgR,0.6173564777961165,0.8211080025182624,0.7074676826720782
1005900,FXLAfeY7Xqos8x4+2DlVmcLdXrJZZ62JVDY3Fpkzen2lvJMxOvYtKVZlfVKmGJgR,0.6588423116283628,13.677957106821298,2.6595974800249063
1006200,FXLAfeY7Xqos8x4+2DlVmcLdXrJZZ62JVDY3Fpkzen2lvJMxOvYtKVZlfVKmGJgR,0.6179588466355339,0.8044885871670995,0.7085752941415706
1006500,FXLAfeY7Xqos8x4+2DlVmcLdXrJZZ62JVDY3Fpkzen2lvJMxOvYtKVZlfVKmGJgR,0.6041534221508774,1.2938649546890573,0.7709153306771356
1006800,FXLAfeY7Xqos8x4+2DlVmcLdXrJZZ62JVDY3Fpkzen2lvJMxOvYtKVZlfVKmGJgR,0.6249737481512707,0.9519098158741564,0.7406515288823796
1007100,FXLAfeY7Xqos8x4+2DlVmcLdXrJZZ62JVDY3Fpkzen2lvJMxOvYtKVZlfVKmGJgR,0.619617107441308,1.4691440097609232,0.756642565527677
1007400,FXLAfeY7Xqos8x4+2DlVmcLdXrJZZ62JVDY3Fpkzen2lvJMxOvYtKVZlfVKmGJgR,0.6064061153551169,0.765498673530535,0.6846901881255756
1007700,FXLAfeY7Xqos8x4+2DlVmcLdXrJZZ62JVDY3Fpkzen2lvJMxOvYtKVZlfVKmGJgR,0.6917544041724845,3.759951474011177,1.2943102139215332
1008000,FXLAfeY7Xqos8x4+2DlVmcLdXrJZZ62JVDY3Fpkzen2lvJMxOvYtKVZlfVKmGJgR,0.5759335767359242,0.9891134821366429,0.728516144993738
1008300,FXLAfeY7Xqos8x4+2DlVmcLdXrJZZ62JVDY3Fpkzen2lvJMxOvYtKVZlfVKmGJgR,0.628831023037596,1.610163542897875,0.8440985189507663
1008600,FXLAfeY7Xqos8x4+2DlVmcLdXrJZZ62JVDY3Fpkzen2lvJMxOvYtKVZlfVKmGJgR,0.6345198760028161,0.9086362595054956,0.732449533415254
1008900,FXLAfeY7Xqos8x4+2DlVmcLdXrJZZ62JVDY3Fpkzen2lvJMxOvYtKVZlfVKmGJgR,0.6209142669072328,1.384568077114364,0.7606959458937895
1009200,FXLAfeY7Xqos8x4+2DlVmcLdXrJZZ62JVDY3Fpkzen2lvJMxOvYtKVZlfVKmGJgR,0.6406685048279174,0.840616935246753,0.7169712515251819
1009500,FXLAfeY7Xqos8x4+2DlVmcLdXrJZZ62JVDY3Fpkzen2lvJMxOvYtKVZlfVKmGJgR,0.6009292595364222,1.30061779223462,0.7884209896534712
1009800,FXLAfeY7Xqos8x4+2DlVmcLdXrJZZ62JVDY3Fpkzen2lvJMxOvYtKVZlfVKmGJgR,0.6236572732760483,0.8155736802372924,0.7174761416624978
1010100,FXLAfeY7Xqos8x4+2DlVmcLdXrJZZ62JVDY3Fpkzen2lvJMxOvYtKVZlfVKmGJgR,0.609293218820038,1.2898566175154142,0.7607985451931302
1010400,FXLAfeY7Xqos8x4+2DlVmcLdXrJZZ62JVDY3Fpkzen2lvJMxOvYtKVZlfVKmGJgR,0.6508819692490692,0.8578418265195386,0.739317622853312
1010700,FXLAfeY7Xqos8x4+2DlVmcLdXrJZZ62JVDY3Fpkzen2lvJMxOvYtKVZlfVKmGJgR,0.5996817137991437,1.4743180179248292,0.758841059883717
1011000,FXLAfeY7Xqos8x4+2DlVmcLdXrJZZ62JVDY3Fpkzen2lvJMxOvYtKVZlfVKmGJgR,0.6311861690796967,0.7671091692089514,0.7083434895259093
1011300,FXLAfeY7Xqos8x4+2DlVmcLdXrJZZ62JVDY3Fpkzen2lvJMxOvYtKVZlfVKmGJgR,0.6190373718073781,4.372616713965528,1.2200636369718316
1011600,FXLAfeY7Xqos8x4+2DlVmcLdXrJZZ62JVDY3Fpkzen2lvJMxOvYtKVZlfVKmGJgR,0.6348809485488055,1.2259993027402023,0.7586623262158311
1011900,FXLAfeY7Xqos8x4+2DlVmcLdXrJZZ62JVDY3Fpkzen2lvJMxOvYtKVZlfVKmGJgR,0.591198227990246,1.6136106654647893,0.8511948680117843
1012200,FXLAfeY7Xqos8x4+2DlVmcLdXrJZZ62JVDY3Fpkzen2lvJMxOvYtKVZlfVKmGJgR,0.5981182199586357,8.649649474450433,1.4642632280526888
1012500,FXLAfeY7Xqos8x4+2DlVmcLdXrJZZ62JVDY3Fpkzen2lvJMxOvYtKVZlfVKmGJgR,0.6390044378438756,1.2723729099839884,0.7539642628996173
1012800,FXLAfeY7Xqos8x4+2DlVmcLdXrJZZ62JVDY3Fpkzen2lvJMxOvYtKVZlfVKmGJgR,0.6510741198651718,0.9017740607193754,0.7250691175457472
1013100,FXLAfeY7Xqos8x4+2DlVmcLdXrJZZ62JVDY3Fpkzen2lvJMxOvYtKVZlfVKmGJgR,0.6360826356325483,1.4485995044736768,0.7819430330687624
1013400,FXLAfeY7Xqos8x4+2DlVmcLdXrJZZ62JVDY3Fpkzen2lvJMxOvYtKVZlfVKmGJgR,0.6304273395966268,0.8252938245612527,0.717372597831951
1013700,FXLAfeY7Xqos8x4+2DlVmcLdXrJZZ62JVDY3Fpkzen2lvJMxOvYtKVZlfVKmGJgR,0.6030535577712541,1.3770196271531003,0.7658802704110785
1014000,FXLAfeY7Xqos8x4+2DlVmcLdXrJZZ62JVDY3Fpkzen2lvJMxOvYtKVZlfVKmGJgR,0.5773169512116483,0.8262111982906875,0.7252608149522594
1014300,FXLAfeY7Xqos8x4+2DlVmcLdXrJZZ62JVDY3Fpkzen2lvJMxOvYtKVZlfVKmGJgR,0.6085712827406327,1.4749148950797748,0.7639581105604387
1014600,FXLAfeY7Xqos8x4+2DlVmcLdXrJZZ62JVDY3Fpkzen2lvJMxOvYtKVZlfVKmGJgR,0.6078681439446397,0.7926090516964129,0.6995763794023833
1014900,FXLAfeY7Xqos8x4+2DlVmcLdXrJZZ62JVDY3Fpkzen2lvJMxOvYtKVZlfVKmGJgR,0.5762403828880741,1.3324339129699132,0.7848283441842075
1015200,FXLAfeY7Xqos8x4+2DlVmcLdXrJZZ62JVDY3Fpkzen2lvJMxOvYtKVZlfVKmGJgR,0.6580806721849225,4.370619139227904,1.25282932988946
1015500,FXLAfeY7Xqos8x4+2DlVmcLdXrJZZ62JVDY3Fpkzen2lvJMxOvYtKVZlfVKmGJgR,0.6135375610550308,1.593875468093363,0.851531579201351
1015800,FXLAfeY7Xqos8x4+2DlVmcLdXrJZZ62JVDY3Fpkzen2lvJMxOvYtKVZlfVKmGJgR,0.6290772465210268,8.177245066564728,2.402864056042633
1016100,FXLAfeY7Xqos8x4+2DlVmcLdXrJZZ62JVDY3Fpkzen2lvJMxOvYtKVZlfVKmGJgR,0.6580749909280965,1.3907557920967613,0.7786625805915423
1016400,FXLAfeY7Xqos8x4+2DlVmcLdXrJZZ62JVDY3Fpkzen2lvJMxOvYtKVZlfVKmGJgR,0.5927105119140686,9.123893524131267,1.443450974291129
1016700,FXLAfeY7Xqos8x4+2DlVmcLdXrJZZ62JVDY3Fpkzen2lvJMxOvYtKVZlfVKmGJgR,0.6205912209464726,1.576280007910988,0.8260798174443486
1017000,FXLAfeY7Xqos8x4+2DlVmcLdXrJZZ62JVDY3Fpkzen2lvJMxOvYtKVZlfVKmGJgR,0.6328683823457287,0.8526911768850854,0.7099616088982833
1017300,FXLAfeY7Xqos8x4+2DlVmcLdXrJZZ62JVDY3Fpkzen2lvJMxOvYtKVZlfVKmGJgR,0.5738804165346356,1.322827704902774,0.7587675453003752
1017600,FXLAfeY7Xqos8x4+2DlVmcLdXrJZZ62JVDY3Fpkzen2lvJMxOvYtKVZlfVKmGJgR,0.6125100287276996,5.320245614405278,1.207422533677286
1017900,FXLAfeY7Xqos8x4+2DlVmcLdXrJZZ62JVDY3Fpkzen2lvJMxOvYtKVZlfVKmGJgR,0.6473243272994271,1.2982564951965136,0.7764137138666
1018200,FXLAfeY7Xqos8x4+2DlVmcLdXrJZZ62JVDY3Fpkzen2lvJMxOvYtKVZlfVKmGJgR,0.6427229591734284,0.8134577607836825,0.7131733135187059
1018500,FXLAfeY7Xqos8x4+2DlVmcLdXrJZZ62JVDY3Fpkzen2lvJMxOvYtKVZlfVKmGJgR,0.6206841760668595,1.5212959232556194,0.7770191821560803
1018800,FXLAfeY7Xqos8x4+2DlVmcLdXrJZZ62JVDY3Fpkzen2lvJMxOvYtKVZlfVKmGJgR,0.6499526484307957,4.959830862988081,1.2723342363553205
1019100,FXLAfeY7Xqos8x4+2DlVmcLdXrJZZ62JVDY3Fpkzen2lvJMxOvYtKVZlfVKmGJgR,0.6096322548935481,1.5102487032483811,0.7637015566956395
1019400,FXLAfeY7Xqos8x4+2DlVmcLdXrJZZ62JVDY3Fpkzen2lvJMxOvYtKVZlfVKmGJgR,0.6529589830736832,1.8002513076545985,0.8123397969980074
1019700,FXLAfeY7Xqos8x4+2DlVmcLdXrJZZ62JVDY3Fpkzen2lvJMxOvYtKVZlfVKmGJgR,0.5917145161339161,1.4028812501611003,0.7666234884864116
1020000,FXLAfeY7Xqos8x4+2DlVmcLdXrJZZ62JVDY3Fpkzen2lvJMxOvYtKVZlfVKmGJgR,0.6076893711653321,0.7941478998255019,0.7034423048843517
1020300,FXLAfeY7Xqos8x4+2DlVmcLdXrJZZ62JVDY3Fpkzen2lvJMxOvYtKVZlfVKmGJgR,0.6660445601967107,6.296029013329176,1.8470318972692
1020600,FXLAfeY7Xqos8x4+2DlVmcLdXrJZZ62JVDY3Fpkzen2lvJMxOvYtKVZlfVKmGJgR,0.5987592971724544,0.832071306907504,0.7103045193422503
1020900,FXLAfeY7Xqos8x4+2DlVmcLdXrJZZ62JVDY3Fpkzen2lvJMxOvYtKVZlfVKmGJgR,0.6001199482708792,1.2953309153067347,0.7888754690494408
1021200,FXLAfeY7Xqos8x4+2DlVmcLdXrJZZ62JVDY3Fpkzen2lvJMxOvYtKVZlfVKmGJgR,0.6158988306339563,0.9620034237062378,0.770462816400945
1021500,FXLAfeY7Xqos8x4+2DlVmcLdXrJZZ62JVDY3Fpkzen2lvJMxOvYtKVZlfVKmGJgR,0.5712426376741521,21.40444515699845,3.1497084671193853
1021800,FXLAfeY7Xqos8x4+2DlVmcLdXrJZZ62JVDY3Fpkzen2lvJMxOvYtKVZlfVKmGJgR,0.6641369601992557,8.145646552075295,1.6940776082594613
1022100,FXLAfeY7Xqos8x4+2DlVmcLdXrJZZ62JVDY3Fpkzen2lvJMxOvYtKVZlfVKmGJgR,0.6697824164588811,1.2358035674746983,0.8146659322989287
1022400,FXLAfeY7Xqos8x4+2DlVmcLdXrJZZ62JVDY3Fpkzen2lvJMxOvYtKVZlfVKmGJgR,0.5754245157441454,4.605518078445884,1.3238833755514705
1022700,FXLAfeY7Xqos8x4+2DlVmcLdXrJZZ62JVDY3Fpkzen2lvJMxOvYtKVZlfVKmGJgR,0.6078883836444346,1.433829974770631,0.8248030765975439
1023000,FXLAfeY7Xqos8x4+2DlVmcLdXrJZZ62JVDY3Fpkzen2lvJMxOvYtKVZlfVKmGJgR,0.637617332346071,2.0680145186881047,0.8794717797904866
1023300,FXLAfeY7Xqos8x4+2DlVmcLdXrJZZ62JVDY3Fpkzen2lvJMxOvYtKVZlfVKmGJgR,0.6470499910816839,1.3574104836720793,0.8220627389945004
1023600,FXLAfeY7Xqos8x4+2DlVmcLdXrJZZ62JVDY3Fpkzen2lvJMxOvYtKVZlfVKmGJgR,0.6110067382897896,0.7952574486766919,0.7369001550264244
1023900,FXLAfeY7Xqos8x4+2DlVmcLdXrJZZ62JVDY3Fpkzen2lvJMxOvYtKVZlfVKmGJgR,0.588151619145425,1.4208579932669556,0.8254731952832216
1024200,FXLAfeY7Xqos8x4+2DlVmcLdXrJZZ62JVDY3Fpkzen2lvJMxOvYtKVZlfVKmGJgR,0.6247023350530808,3.920811826178841,1.0882110513337375
1024500,FXLAfeY7Xqos8x4+2DlVmcLdXrJZZ62JVDY3Fpkzen2lvJMxOvYtKVZlfVKmGJgR,0.6335695543192672,1.4327355212883612,0.8830036808069278
1024800,FXLAfeY7Xqos8x4+2DlVmcLdXrJZZ62JVDY3Fpkzen2lvJMxOvYtKVZlfVKmGJgR,0.6109833630222506,0.877601927954301,0.7559520196943063
1025100,FXLAfeY7Xqos8x4+2DlVmcLdXrJZZ62JVDY3Fpkzen2lvJMxOvYtKVZlfVKmGJgR,0.578674713860569,1.4245659869066545,0.759980473383051
1025400,FXLAfeY7Xqos8x4+2DlVmcLdXrJZZ62JVDY3Fpkzen2lvJMxOvYtKVZlfVKmGJgR,0.5915609204897105,0.8078660563030375,0.7087748940539946
1025700,FXLAfeY7Xqos8x4+2DlVmcLdXrJZZ62JVDY3Fpkzen2lvJMxOvYtKVZlfVKmGJgR,0.6021528670342571,1.5546119411662422,0.773433027614484
1026000,FXLAfeY7Xqos8x4+2DlVmcLdXrJZZ62JVDY3Fpkzen2lvJMxOvYtKVZlfVKmGJgR,0.6160800109934258,4.978146424825139,1.224038897940826
1026300,FXLAfeY7Xqos8x4+2DlVmcLdXrJZZ62JVDY3Fpkzen2lvJMxOvYtKVZlfVKmGJgR,0.618687742993424,1.481363349263316,0.7613469404878188
1026600,FXLAfeY7Xqos8x4+2DlVmcLdXrJZZ62JVDY3Fpkzen2lvJMxOvYtKVZlfVKmGJgR,0.618293513303293,1.6056004355670328,0.8104126856842895
1026900,FXLAfeY7Xqos8x4+2DlVmcLdXrJZZ62JVDY3Fpkzen2lvJMxOvYtKVZlfVKmGJgR,0.6330987496220692,1.3376674693919035,0.7737908783151319
1027200,FXLAfeY7Xqos8x4+2DlVmcLdXrJZZ62JVDY3Fpkzen2lvJMxOvYtKVZlfVKmGJgR,0.6380143386190978,0.8721750270716468,0.7165945979269087
1027500,FXLAfeY7Xqos8x4+2DlVmcLdXrJZZ62JVDY3Fpkzen2lvJMxOvYtKVZlfVKmGJgR,0.6185768974454818,12.3457047119058,1.7702197108579756
1027800,FXLAfeY7Xqos8x4+2DlVmcLdXrJZZ62JVDY3Fpkzen2lvJMxOvYtKVZlfVKmGJgR,0.6046461969177764,0.8676502288179704,0.7132008224735897
1028100,FXLAfeY7Xqos8x4+2DlVmcLdXrJZZ62JVDY3Fpkzen2lvJMxOvYtKVZlfVKmGJgR,0.5814820386165828,1.4458827999642263,0.7895051868841336
1028400,FXLAfeY7Xqos8x4+2DlVmcLdXrJZZ62JVDY3Fpkzen2lvJMxOvYtKVZlfVKmGJgR,0.6316049890609233,0.8664025292937929,0.7386016226924561
1028700,FXLAfeY7Xqos8x4+2DlVmcLdXrJZZ62JVDY3Fpkzen2lvJMxOvYtKVZlfVKmGJgR,0.6203992791544886,1.3742959949869633,0.7692018531613191
1029000,FXLAfeY7Xqos8x4+2DlVmcLdXrJZZ62JVDY3Fpkzen2lvJMxOvYtKVZlfVKmGJgR,0.6409723391032002,0.792613948280861,0.7041937593421743
1029300,FXLAfeY7Xqos8x4+2DlVmcLdXrJZZ62JVDY3Fpkzen2lvJMxOvYtKVZlfVKmGJgR,0.6209492496192945,1.4808053986079088,0.8087499064049513
1029600,FXLAfeY7Xqos8x4+2DlVmcLdXrJZZ62JVDY3Fpkzen2lvJMxOvYtKVZlfVKmGJgR,0.6158178320299554,4.464432182942489,1.1999216031116
1029900,FXLAfeY7Xqos8x4+2DlVmcLdXrJZZ62JVDY3Fpkzen2lvJMxOvYtKVZlfVKmGJgR,0.547765436676475,1.4594276878593706,0.7695215420533299
1030200,FXLAfeY7Xqos8x4+2DlVmcLdXrJZZ62JVDY3Fpkzen2lvJMxOvYtKVZlfVKmGJgR,0.6121666377990843,1.6620084981989196,0.8205614473509983
1030500,FXLAfeY7Xqos8x4+2DlVmcLdXrJZZ62JVDY3Fpkzen2lvJMxOvYtKVZlfVKmGJgR,0.6530757505077119,1.3201181054268394,0.785892165264314
1030800,FXLAfeY7Xqos8x4+2DlVmcLdXrJZZ62JVDY3Fpkzen2lvJMxOvYtKVZlfVKmGJgR,0.6376061709558741,0.8232040459855072,0.7220534229401046
1031100,FXLAfeY7Xqos8x4+2DlVmcLdXrJZZ62JVDY3Fpkzen2lvJMxOvYtKVZlfVKmGJgR,0.5920136881241832,7.3796848961948625,1.6774338550740522
1031400,FXLAfeY7Xqos8x4+2DlVmcLdXrJZZ62JVDY3Fpkzen2lvJMxOvYtKVZlfVKmGJgR,0.5928465039065459,0.8266699214734526,0.7269668752335204
1031700,FXLAfeY7Xqos8x4+2DlVmcLdXrJZZ62JVDY3Fpkzen2lvJMxOvYtKVZlfVKmGJgR,0.5645762942220466,1.441942482492235,0.7858527416608097
1032000,FXLAfeY7Xqos8x4+2DlVmcLdXrJZZ62JVDY3Fpkzen2lvJMxOvYtKVZlfVKmGJgR,0.6290668666294434,5.629529226650213,1.1626079246895982
1032300,FXLAfeY7Xqos8x4+2DlVmcLdXrJZZ62JVDY3Fpkzen2lvJMxOvYtKVZlfVKmGJgR,0.6415639897201446,1.3793682815076516,0.7698176551253764
1032600,FXLAfeY7Xqos8x4+2DlVmcLdXrJZZ62JVDY3Fpkzen2lvJMxOvYtKVZlfVKmGJgR,0.6168784788423799,0.804336697209058,0.711408012276216
1032900,FXLAfeY7Xqos8x4+2DlVmcLdXrJZZ62JVDY3Fpkzen2lvJMxOvYtKVZlfVKmGJgR,0.6536443591717415,13.728351873831333,2.0151080402745327
1033200,FXLAfeY7Xqos8x4+2DlVmcLdXrJZZ62JVDY3Fpkzen2lvJMxOvYtKVZlfVKmGJgR,0.6128195696141253,4.641526134458373,1.357411776527873
1033500,FXLAfeY7Xqos8x4+2DlVmcLdXrJZZ62JVDY3Fpkzen2lvJMxOvYtKVZlfVKmGJgR,0.5982057137242665,1.4886478010626834,0.7809964660756215
1033800,FXLAfeY7Xqos8x4+2DlVmcLdXrJZZ62JVDY3Fpkzen2lvJMxOvYtKVZlfVKmGJgR,0.6490421620282638,1.7267864788675449,0.8269873819416282
1034100,FXLAfeY7Xqos8x4+2DlVmcLdXrJZZ62JVDY3Fpkzen2lvJMxOvYtKVZlfVKmGJgR,0.5906705907278558,1.3340632163493793,0.7839984662846218
1034400,FXLAfeY7Xqos8x4+2DlVmcLdXrJZZ62JVDY3Fpkzen2lvJMxOvYtKVZlfVKmGJgR,0.5912660164963419,0.8923592452105885,0.7160219287869847
1034700,FXLAfeY7Xqos8x4+2DlVmcLdXrJZZ62JVDY3Fpkzen2lvJMxOvYtKVZlfVKmGJgR,0.6907662258782749,14.400761039769144,2.5659774617842057
1035000,FXLAfeY7Xqos8x4+2DlVmcLdXrJZZ62JVDY3Fpkzen2lvJMxOvYtKVZlfVKmGJgR,0.6740453298976916,0.8714214862139598,0.7453919978796063
1035300,FXLAfeY7Xqos8x4+2DlVmcLdXrJZZ62JVDY3Fpkzen2lvJMxOvYtKVZlfVKmGJgR,0.5904689591540817,1.4464317128356812,0.7627700257983814
1035600,FXLAfeY7Xqos8x4+2DlVmcLdXrJZZ62JVDY3Fpkzen2lvJMxOvYtKVZlfVKmGJgR,0.6359222747101654,0.865559178860994,0.7373362039796486
1035900,FXLAfeY7Xqos8x4+2DlVmcLdXrJZZ62JVDY3Fpkzen2lvJMxOvYtKVZlfVKmGJgR,0.6534020649154016,1.4095041086361284,0.793879624337614
1036200,FXLAfeY7Xqos8x4+2DlVmcLdXrJZZ62JVDY3Fpkzen2lvJMxOvYtKVZlfVKmGJgR,0.6392531997408584,0.8188602280931057,0.7101484990696498
1036500,FXLAfeY7Xqos8x4+2DlVmcLdXrJZZ62JVDY3Fpkzen2lvJMxOvYtKVZlfVKmGJgR,0.6335649735662396,1.4623177344844611,0.810222972503128
1036800,FXLAfeY7Xqos8x4+2DlVmcLdXrJZZ62JVDY3Fpkzen2lvJMxOvYtKVZlfVKmGJgR,0.5944027924432554,3.7056756173284615,0.9986934949084418
1037100,FXLAfeY7Xqos8x4+2DlVmcLdXrJZZ62JVDY3Fpkzen2lvJMxOvYtKVZlfVKmGJgR,0.6194276143621815,3.1823067095340885,1.011785678937685
1037400,FXLAfeY7Xqos8x4+2DlVmcLdXrJZZ62JVDY3Fpkzen2lvJMxOvYtKVZlfVKmGJgR,0.6528428900232359,1.5332563669605743,0.8328748202597362
1037700,FXLAfeY7Xqos8x4+2DlVmcLdXrJZZ62JVDY3Fpkzen2lvJMxOvYtKVZlfVKmGJgR,0.6442872041544802,1.3208163482409407,0.7887170306107812
1038000,FXLAfeY7Xqos8x4+2DlVmcLdXrJZZ62JVDY3Fpkzen2lvJMxOvYtKVZlfVKmGJgR,0.6439897916148593,0.887190969542869,0.7251441364543812
1038300,FXLAfeY7Xqos8x4+2DlVmcLdXrJZZ62JVDY3Fpkzen2lvJMxOvYtKVZlfVKmGJgR,0.6532365454152981,1.2693925444710406,0.7867844329506332
1038600,FXLAfeY7Xqos8x4+2DlVmcLdXrJZZ62JVDY3Fpkzen2lvJMxOvYtKVZlfVKmGJgR,0.6373532328181077,0.8161433859480746,0.7236338861158934
1038900,FXLAfeY7Xqos8x4+2DlVmcLdXrJZZ62JVDY3Fpkzen2lvJMxOvYtKVZlfVKmGJgR,0.629261960840235,1.4284694244960403,0.7662301790604902
1039200,FXLAfeY7Xqos8x4+2DlVmcLdXrJZZ62JVDY3Fpkzen2lvJMxOvYtKVZlfVKmGJgR,0.6140698308812327,0.8913967523017735,0.7427414885299488
1039500,FXLAfeY7Xqos8x4+2DlVmcLdXrJZZ62JVDY3Fpkzen2lvJMxOvYtKVZlfVKmGJgR,0.6019811445066849,1.4412066364339864,0.7826001581653494
1039800,FXLAfeY7Xqos8x4+2DlVmcLdXrJZZ62JVDY3Fpkzen2lvJMxOvYtKVZlfVKmGJgR,0.6245935731836589,0.8815380375541385,0.721798368518072
1040100,FXLAfeY7Xqos8x4+2DlVmcLdXrJZZ62JVDY3Fpkzen2lvJMxOvYtKVZlfVKmGJgR,0.65041398846465,1.2299133266891709,0.7891955462279624
1040400,FXLAfeY7Xqos8x4+2DlVmcLdXrJZZ62JVDY3Fpkzen2lvJMxOvYtKVZlfVKmGJgR,0.6320372406591457,0.8042692182744591,0.7198252528766824
1040700,FXLAfeY7Xqos8x4+2DlVmcLdXrJZZ62JVDY3Fpkzen2lvJMxOvYtKVZlfVKmGJgR,0.6190132201725715,4.744952594866841,1.2619718130824809
1041000,FXLAfeY7Xqos8x4+2DlVmcLdXrJZZ62JVDY3Fpkzen2lvJMxOvYtKVZlfVKmGJgR,0.6636500444431667,1.6820979011920838,0.8249235459557466
1041300,FXLAfeY7Xqos8x4+2DlVmcLdXrJZZ62JVDY3Fpkzen2lvJMxOvYtKVZlfVKmGJgR,0.6286289818936496,1.311421153381833,0.770830527229641
1041600,FXLAfeY7Xqos8x4+2DlVmcLdXrJZZ62JVDY3Fpkzen2lvJMxOvYtKVZlfVKmGJgR,0.6207271700849306,0.8908332873333703,0.7068458286537687
1041900,FXLAfeY7Xqos8x4+2DlVmcLdXrJZZ62JVDY3Fpkzen2lvJMxOvYtKVZlfVKmGJgR,0.6597526988322611,1.3300695929979194,0.7887070228504451
1042200,FXLAfeY7Xqos8x4+2DlVmcLdXrJZZ62JVDY3Fpkzen2lvJMxOvYtKVZlfVKmGJgR,0.6375453286349969,0.8783499953429011,0.7253052916887827
1042500,FXLAfeY7Xqos8x4+2DlVmcLdXrJZZ62JVDY3Fpkzen2lvJMxOvYtKVZlfVKmGJgR,0.6242219600211549,1.2728036402123442,0.7560183794707701
1042800,FXLAfeY7Xqos8x4+2DlVmcLdXrJZZ62JVDY3Fpkzen2lvJMxOvYtKVZlfVKmGJgR,0.6481631127423849,1.0494814839726316,0.7517771010566722
1043100,FXLAfeY7Xqos8x4+2DlVmcLdXrJZZ62JVDY3Fpkzen2lvJMxOvYtKVZlfVKmGJgR,0.6194950102857343,1.433252311341073,0.7858540317245928
1043400,FXLAfeY7Xqos8x4+2DlVmcLdXrJZZ62JVDY3Fpkzen2lvJMxOvYtKVZlfVKmGJgR,0.6223586283184529,0.8302293786739507,0.7119872239907933
1043700,FXLAfeY7Xqos8x4+2DlVmcLdXrJZZ62JVDY3Fpkzen2lvJMxOvYtKVZlfVKmGJgR,0.6631404775874175,1.520771246215717,0.8139982566769945
1044000,FXLAfeY7Xqos8x4+2DlVmcLdXrJZZ62JVDY3Fpkzen2lvJMxOvYtKVZlfVKmGJgR,0.6259608906212741,0.8390521585729742,0.7148938318128
1044300,FXLAfeY7Xqos8x4+2DlVmcLdXrJZZ62JVDY3Fpkzen2lvJMxOvYtKVZlfVKmGJgR,0.6354166306528096,4.4479251658711805,1.3902195335066585
1044600,FXLAfeY7Xqos8x4+2DlVmcLdXrJZZ62JVDY3Fpkzen2lvJMxOvYtKVZlfVKmGJgR,0.6759393023272691,9.054886595538141,2.019579397380036
1044900,FXLAfeY7Xqos8x4+2DlVmcLdXrJZZ62JVDY3Fpkzen2lvJMxOvYtKVZlfVKmGJgR,0.6167808145399803,5.6378673826557035,1.2542898578266104
1045200,FXLAfeY7Xqos8x4+2DlVmcLdXrJZZ62JVDY3Fpkzen2lvJMxOvYtKVZlfVKmGJgR,0.6288795019089906,0.8898080553094653,0.7371749624996518
1045500,FXLAfeY7Xqos8x4+2DlVmcLdXrJZZ62JVDY3Fpkzen2lvJMxOvYtKVZlfVKmGJgR,0.639107065095798,1.5248397296260068,0.7931076751892203
1045800,FXLAfeY7Xqos8x4+2DlVmcLdXrJZZ62JVDY3Fpkzen2lvJMxOvYtKVZlfVKmGJgR,0.6533101763931976,0.8300453302656138,0.725017894412668
1046100,FXLAfeY7Xqos8x4+2DlVmcLdXrJZZ62JVDY3Fpkzen2lvJMxOvYtKVZlfVKmGJgR,0.6050742224861808,1.2183784655283905,0.7625035724177639
1046400,FXLAfeY7Xqos8x4+2DlVmcLdXrJZZ62JVDY3Fpkzen2lvJMxOvYtKVZlfVKmGJgR,0.6516471950121046,0.8600367143677454,0.7340996837663637
1046700,FXLAfeY7Xqos8x4+2DlVmcLdXrJZZ62JVDY3Fpkzen2lvJMxOvYtKVZlfVKmGJgR,0.636645656190241,1.3939884380055334,0.7743497612377074
1047000,FXLAfeY7Xqos8x4+2DlVmcLdXrJZZ62JVDY3Fpkzen2lvJMxOvYtKVZlfVKmGJgR,0.6254520718914645,0.8215455275402131,0.7010306455042019
1047300,FXLAfeY7Xqos8x4+2DlVmcLdXrJZZ62JVDY3Fpkzen2lvJMxOvYtKVZlfVKmGJgR,0.6225947545958403,1.4342650664523593,0.788178159524358
1047600,FXLAfeY7Xqos8x4+2DlVmcLdXrJZZ62JVDY3Fpkzen2lvJMxOvYtKVZlfVKmGJgR,0.6270827061697404,0.8091307983650056,0.7226602741982844
1047900,FXLAfeY7Xqos8x4+2DlVmcLdXrJZZ62JVDY3Fpkzen2lvJMxOvYtKVZlfVKmGJgR,0.6211831370967855,4.398899652770898,1.4897274571365633
1048200,FXLAfeY7Xqos8x4+2DlVmcLdXrJZZ62JVDY3Fpkzen2lvJMxOvYtKVZlfVKmGJgR,0.650587439650473,1.6808271557136611,0.8494598195889316
1048500,FXLAfeY7Xqos8x4+2DlVmcLdXrJZZ62JVDY3Fpkzen2lvJMxOvYtKVZlfVKmGJgR,0.62474872854594,0.8120577091941092,0.7134944768886682
1048800,FXLAfeY7Xqos8x4+2DlVmcLdXrJZZ62JVDY3Fpkzen2lvJMxOvYtKVZlfVKmGJgR,0.6336644845940123,4.442125668852799,1.0666146849240958
1049100,FXLAfeY7Xqos8x4+2DlVmcLdXrJZZ62JVDY3Fpkzen2lvJMxOvYtKVZlfVKmGJgR,0.690291968299935,94.52034363740509,60.03175034065585
1049400,FXLAfeY7Xqos8x4+2DlVmcLdXrJZZ62JVDY3Fpkzen2lvJMxOvYtKVZlfVKmGJgR,0.6110352600376181,4.932250601490379,1.0654714988984515
1049700,FXLAfeY7Xqos8x4+2DlVmcLdXrJZZ62JVDY3Fpkzen2lvJMxOvYtKVZlfVKmGJgR,0.6229999536785412,0.9132450517661008,0.7365225818036814
1050000,FXLAfeY7Xqos8x4+2DlVmcLdXrJZZ62JVDY3Fpkzen2lvJMxOvYtKVZlfVKmGJgR,0.623746742858892,1.3513311708948337,0.8025366104486606
1050300,FXLAfeY7Xqos8x4+2DlVmcLdXrJZZ62JVDY3Fpkzen2lvJMxOvYtKVZlfVKmGJgR,0.5698543501890944,21.326242582368376,2.594753781262088
1050600,FXLAfeY7Xqos8x4+2DlVmcLdXrJZZ62JVDY3Fpkzen2lvJMxOvYtKVZlfVKmGJgR,0.6335464803351553,1.3358956105245403,0.7854994543969716
1050900,FXLAfeY7Xqos8x4+2DlVmcLdXrJZZ62JVDY3Fpkzen2lvJMxOvYtKVZlfVKmGJgR,0.6343421487208478,1.0080175521054802,0.7598589147150185
1051200,FXLAfeY7Xqos8x4+2DlVmcLdXrJZZ62JVDY3Fpkzen2lvJMxOvYtKVZlfVKmGJgR,0.6332409391338317,1.4740189801472774,0.790823226906402
1051500,FXLAfeY7Xqos8x4+2DlVmcLdXrJZZ62JVDY3Fpkzen2lvJMxOvYtKVZlfVKmGJgR,0.5986008672981544,4.621712525482753,1.2575088279719857
1051800,FXLAfeY7Xqos8x4+2DlVmcLdXrJZZ62JVDY3Fpkzen2lvJMxOvYtKVZlfVKmGJgR,0.6631226857201433,2.048772960687176,0.9172955862441072
1052100,FXLAfeY7Xqos8x4+2DlVmcLdXrJZZ62JVDY3Fpkzen2lvJMxOvYtKVZlfVKmGJgR,0.6238341653880035,0.8407637723152626,0.7219215572022392
1052400,FXLAfeY7Xqos8x4+2DlVmcLdXrJZZ62JVDY3Fpkzen2lvJMxOvYtKVZlfVKmGJgR,0.637147781106788,1.272421110110192,0.7718834777190511
1052700,FXLAfeY7Xqos8x4+2DlVmcLdXrJZZ62JVDY3Fpkzen2lvJMxOvYtKVZlfVKmGJgR,0.6594802749144335,0.8957090333951218,0.743177852594125
1053000,FXLAfeY7Xqos8x4+2DlVmcLdXrJZZ62JVDY3Fpkzen2lvJMxOvYtKVZlfVKmGJgR,0.6241611475617355,1.308954699219796,0.771944394143599
1053300,FXLAfeY7Xqos8x4+2DlVmcLdXrJZZ62JVDY3Fpkzen2lvJMxOvYtKVZlfVKmGJgR,0.6107015714665526,0.8640438301377495,0.72301684022665
1053600,FXLAfeY7Xqos8x4+2DlVmcLdXrJZZ62JVDY3Fpkzen2lvJMxOvYtKVZlfVKmGJgR,0.619290699538738,1.4082067275056231,0.7880114131491605
1053900,FXLAfeY7Xqos8x4+2DlVmcLdXrJZZ62JVDY3Fpkzen2lvJMxOvYtKVZlfVKmGJgR,0.6303542317276857,0.8165827943893267,0.7273450869115137
1054200,FXLAfeY7Xqos8x4+2DlVmcLdXrJZZ62JVDY3Fpkzen2lvJMxOvYtKVZlfVKmGJgR,0.6087953330456508,1.2341025334611258,0.7632227015073108
1054500,FXLAfeY7Xqos8x4+2DlVmcLdXrJZZ62JVDY3Fpkzen2lvJMxOvYtKVZlfVKmGJgR,0.63897699361425,0.837322634110799,0.7293827997997552
1054800,FXLAfeY7Xqos8x4+2DlVmcLdXrJZZ62JVDY3Fpkzen2lvJMxOvYtKVZlfVKmGJgR,0.6373334934056567,1.4229407038390487,0.7728068548530957
1055100,FXLAfeY7Xqos8x4+2DlVmcLdXrJZZ62JVDY3Fpkzen2lvJMxOvYtKVZlfVKmGJgR,0.6027270292297504,3.8238075546044232,1.2647262819032348
1055400,FXLAfeY7Xqos8x4+2DlVmcLdXrJZZ62JVDY3Fpkzen2lvJMxOvYtKVZlfVKmGJgR,0.6498647251635837,1.8284392738126944,0.8780001588346434
1055700,FXLAfeY7Xqos8x4+2DlVmcLdXrJZZ62JVDY3Fpkzen2lvJMxOvYtKVZlfVKmGJgR,0.6411221330893943,0.8638271313797016,0.7273202962908413
1056000,FXLAfeY7Xqos8x4+2DlVmcLdXrJZZ62JVDY3Fpkzen2lvJMxOvYtKVZlfVKmGJgR,0.6133984802758184,1.2641445609266473,0.7556500034872254
1056300,FXLAfeY7Xqos8x4+2DlVmcLdXrJZZ62JVDY3Fpkzen2lvJMxOvYtKVZlfVKmGJgR,0.614485348997692,0.8501592649599401,0.7263641370155266
1056600,FXLAfeY7Xqos8x4+2DlVmcLdXrJZZ62JVDY3Fpkzen2lvJMxOvYtKVZlfVKmGJgR,0.6294747876282764,1.2650678715897203,0.7651456835924885
1056900,FXLAfeY7Xqos8x4+2DlVmcLdXrJZZ62JVDY3Fpkzen2lvJMxOvYtKVZlfVKmGJgR,0.6231177903517376,0.840421784495589,0.7155131238731516
1057200,FXLAfeY7Xqos8x4+2DlVmcLdXrJZZ62JVDY3Fpkzen2lvJMxOvYtKVZlfVKmGJgR,0.6165767320879206,1.2922061882886988,0.7971804509143737
1057500,FXLAfeY7Xqos8x4+2DlVmcLdXrJZZ62JVDY3Fpkzen2lvJMxOvYtKVZlfVKmGJgR,0.6415577590265114,0.8494232151858085,0.7131585097475841
1057800,FXLAfeY7Xqos8x4+2DlVmcLdXrJZZ62JVDY3Fpkzen2lvJMxOvYtKVZlfVKmGJgR,0.632282446183069,1.4285041861605512,0.763285380523531
1058100,FXLAfeY7Xqos8x4+2DlVmcLdXrJZZ62JVDY3Fpkzen2lvJMxOvYtKVZlfVKmGJgR,0.621864836386977,0.947100984047434,0.7300138446675756
1058400,FXLAfeY7Xqos8x4+2DlVmcLdXrJZZ62JVDY3Fpkzen2lvJMxOvYtKVZlfVKmGJgR,0.6208512860865214,1.2672900479869469,0.7823209016940037
1058700,FXLAfeY7Xqos8x4+2DlVmcLdXrJZZ62JVDY3Fpkzen2lvJMxOvYtKVZlfVKmGJgR,0.6264949421493685,4.496730080001985,1.189850195581608
1059000,FXLAfeY7Xqos8x4+2DlVmcLdXrJZZ62JVDY3Fpkzen2lvJMxOvYtKVZlfVKmGJgR,0.6708991963609141,1.8507769079884908,0.8924241812060884
1059300,FXLAfeY7Xqos8x4+2DlVmcLdXrJZZ62JVDY3Fpkzen2lvJMxOvYtKVZlfVKmGJgR,0.6213480734384119,0.903533998942448,0.7340141758917063
1059600,FXLAfeY7Xqos8x4+2DlVmcLdXrJZZ62JVDY3Fpkzen2lvJMxOvYtKVZlfVKmGJgR,0.6344398352101743,1.2667897206900658,0.7698116075804378
1059900,FXLAfeY7Xqos8x4+2DlVmcLdXrJZZ62JVDY3Fpkzen2lvJMxOvYtKVZlfVKmGJgR,0.5916778177997769,0.819315011829493,0.7282624119388119
1060200,FXLAfeY7Xqos8x4+2DlVmcLdXrJZZ62JVDY3Fpkzen2lvJMxOvYtKVZlfVKmGJgR,0.6249093731042644,1.1926376651120594,0.7715854125634084
1060500,FXLAfeY7Xqos8x4+2DlVmcLdXrJZZ62JVDY3Fpkzen2lvJMxOvYtKVZlfVKmGJgR,0.5904299762374396,0.7978782147344649,0.712107780356294
1060800,FXLAfeY7Xqos8x4+2DlVmcLdXrJZZ62JVDY3Fpkzen2lvJMxOvYtKVZlfVKmGJgR,0.6923477664744585,1.2320444682523115,0.807945452441747
1061100,FXLAfeY7Xqos8x4+2DlVmcLdXrJZZ62JVDY3Fpkzen2lvJMxOvYtKVZlfVKmGJgR,0.6041581948276648,0.8576669377498863,0.709143248515483
1061400,FXLAfeY7Xqos8x4+2DlVmcLdXrJZZ62JVDY3Fpkzen2lvJMxOvYtKVZlfVKmGJgR,0.6305962897890299,1.3616957234917788,0.7592643827449215
1061700,FXLAfeY7Xqos8x4+2DlVmcLdXrJZZ62JVDY3Fpkzen2lvJMxOvYtKVZlfVKmGJgR,0.6388435658285696,0.8733738172441755,0.7333719424047597
1062000,FXLAfeY7Xqos8x4+2DlVmcLdXrJZZ62JVDY3Fpkzen2lvJMxOvYtKVZlfVKmGJgR,0.6369666587260395,1.2661069608965627,0.7739539335507779
1062300,FXLAfeY7Xqos8x4+2DlVmcLdXrJZZ62JVDY3Fpkzen2lvJMxOvYtKVZlfVKmGJgR,0.6007894620047027,4.081704243998626,1.02964001129559
1062600,FXLAfeY7Xqos8x4+2DlVmcLdXrJZZ62JVDY3Fpkzen2lvJMxOvYtKVZlfVKmGJgR,0.6264933170079086,3.1394506749212714,1.0870745072879433
1062900,FXLAfeY7Xqos8x4+2DlVmcLdXrJZZ62JVDY3Fpkzen2lvJMxOvYtKVZlfVKmGJgR,0.5995151707701266,0.8439746927025685,0.7190120746560047
1063200,FXLAfeY7Xqos8x4+2DlVmcLdXrJZZ62JVDY3Fpkzen2lvJMxOvYtKVZlfVKmGJgR,0.6349163555891055,1.1907379027744591,0.7687815070591851
1063500,FXLAfeY7Xqos8x4+2DlVmcLdXrJZZ62JVDY3Fpkzen2lvJMxOvYtKVZlfVKmGJgR,0.6486032722241772,37.191408532545296,12.439104535214607
1063800,FXLAfeY7Xqos8x4+2DlVmcLdXrJZZ62JVDY3Fpkzen2lvJMxOvYtKVZlfVKmGJgR,0.6131933922788475,1.1259209408819877,0.7554911567783857
1064100,FXLAfeY7Xqos8x4+2DlVmcLdXrJZZ62JVDY3Fpkzen2lvJMxOvYtKVZlfVKmGJgR,0.6007540757097686,0.8582991129878523,0.7213884829352537
1064400,FXLAfeY7Xqos8x4+2DlVmcLdXrJZZ62JVDY3Fpkzen2lvJMxOvYtKVZlfVKmGJgR,0.6126874381209744,1.5111636203493426,0.8779874574343328
1064700,FXLAfeY7Xqos8x4+2DlVmcLdXrJZZ62JVDY3Fpkzen2lvJMxOvYtKVZlfVKmGJgR,0.6331388979133147,1.002796085697929,0.7277201730086275
1065000,FXLAfeY7Xqos8x4+2DlVmcLdXrJZZ62JVDY3Fpkzen2lvJMxOvYtKVZlfVKmGJgR,0.6586780621101275,1.2878683881005597,0.7821930260646099
1065300,FXLAfeY7Xqos8x4+2DlVmcLdXrJZZ62JVDY3Fpkzen2lvJMxOvYtKVZlfVKmGJgR,0.621825267358214,0.939391288798918,0.7533015550164237
1065600,FXLAfeY7Xqos8x4+2DlVmcLdXrJZZ62JVDY3Fpkzen2lvJMxOvYtKVZlfVKmGJgR,0.624271279245913,1.5015562070550872,0.7738504401894502
1065900,FXLAfeY7Xqos8x4+2DlVmcLdXrJZZ62JVDY3Fpkzen2lvJMxOvYtKVZlfVKmGJgR,0.64778301988611,0.9696180034365682,0.7508364190525721
1066200,FXLAfeY7Xqos8x4+2DlVmcLdXrJZZ62JVDY3Fpkzen2lvJMxOvYtKVZlfVKmGJgR,0.6455090376872203,4.890881781847666,1.449379801011793
1066500,FXLAfeY7Xqos8x4+2DlVmcLdXrJZZ62JVDY3Fpkzen2lvJMxOvYtKVZlfVKmGJgR,0.6054972375168519,0.9527003412449616,0.7444576848634408
1066800,FXLAfeY7Xqos8x4+2DlVmcLdXrJZZ62JVDY3Fpkzen2lvJMxOvYtKVZlfVKmGJgR,0.6438182741950631,1.3879415812501883,0.7846700063688477
1067100,FXLAfeY7Xqos8x4+2DlVmcLdXrJZZ62JVDY3Fpkzen2lvJMxOvYtKVZlfVKmGJgR,0.6611101007486144,0.90512304771578,0.7338550531827146
1067400,FXLAfeY7Xqos8x4+2DlVmcLdXrJZZ62JVDY3Fpkzen2lvJMxOvYtKVZlfVKmGJgR,0.609240439326148,1.308859211235606,0.772399841226525
1067700,FXLAfeY7Xqos8x4+2DlVmcLdXrJZZ62JVDY3Fpkzen2lvJMxOvYtKVZlfVKmGJgR,0.6061196299637168,0.8916012465025066,0.7219121515371073
1068000,FXLAfeY7Xqos8x4+2DlVmcLdXrJZZ62JVDY3Fpkzen2lvJMxOvYtKVZlfVKmGJgR,0.6306990343464163,1.31549287455973,0.7949074294216608
1068300,FXLAfeY7Xqos8x4+2DlVmcLdXrJZZ62JVDY3Fpkzen2lvJMxOvYtKVZlfVKmGJgR,0.611410806968223,0.8333211305333595,0.7134548034152368
1068600,FXLAfeY7Xqos8x4+2DlVmcLdXrJZZ62JVDY3Fpkzen2lvJMxOvYtKVZlfVKmGJgR,0.620061040529018,1.3155457504771255,0.7660823970321355
1068900,FXLAfeY7Xqos8x4+2DlVmcLdXrJZZ62JVDY3Fpkzen2lvJMxOvYtKVZlfVKmGJgR,0.6163957866056298,0.8870748957996766,0.7153446468080653
1069200,FXLAfeY7Xqos8x4+2DlVmcLdXrJZZ62JVDY3Fpkzen2lvJMxOvYtKVZlfVKmGJgR,0.6176159520129345,1.2655744471515145,0.7735742049182092
1069500,FXLAfeY7Xqos8x4+2DlVmcLdXrJZZ62JVDY3Fpkzen2lvJMxOvYtKVZlfVKmGJgR,0.5745932316833444,0.8400902628979483,0.7045465492891833
1069800,FXLAfeY7Xqos8x4+2DlVmcLdXrJZZ62JVDY3Fpkzen2lvJMxOvYtKVZlfVKmGJgR,0.6189910850804073,5.300756451812481,1.3645346730685912
1070100,FXLAfeY7Xqos8x4+2DlVmcLdXrJZZ62JVDY3Fpkzen2lvJMxOvYtKVZlfVKmGJgR,0.6174853182496689,0.8694578096147808,0.7305230190060157
1070400,FXLAfeY7Xqos8x4+2DlVmcLdXrJZZ62JVDY3Fpkzen2lvJMxOvYtKVZlfVKmGJgR,0.5884838761471308,1.2827103310236845,0.7686144859633139
1070700,FXLAfeY7Xqos8x4+2DlVmcLdXrJZZ62JVDY3Fpkzen2lvJMxOvYtKVZlfVKmGJgR,0.6514127391634196,0.8509473244678689,0.7414826982520794
1071000,FXLAfeY7Xqos8x4+2DlVmcLdXrJZZ62JVDY3Fpkzen2lvJMxOvYtKVZlfVKmGJgR,0.6090014694742423,1.3696808400265863,0.7762681837404595
1071300,FXLAfeY7Xqos8x4+2DlVmcLdXrJZZ62JVDY3Fpkzen2lvJMxOvYtKVZlfVKmGJgR,0.6000341885785953,1.105890941745268,0.7370863653785374
1071600,FXLAfeY7Xqos8x4+2DlVmcLdXrJZZ62JVDY3Fpkzen2lvJMxOvYtKVZlfVKmGJgR,0.6397864181781717,1.4819916969142453,0.8093440159129642
1071900,FXLAfeY7Xqos8x4+2DlVmcLdXrJZZ62JVDY3Fpkzen2lvJMxOvYtKVZlfVKmGJgR,0.5801826498614338,0.8551075322073955,0.72110011454392
1072200,FXLAfeY7Xqos8x4+2DlVmcLdXrJZZ62JVDY3Fpkzen2lvJMxOvYtKVZlfVKmGJgR,0.61376552942988,1.3641570234293128,0.7767722246196956
1072500,FXLAfeY7Xqos8x4+2DlVmcLdXrJZZ62JVDY3Fpkzen2lvJMxOvYtKVZlfVKmGJgR,0.6052984283577693,0.979091328210895,0.7372882681944924
1072800,FXLAfeY7Xqos8x4+2DlVmcLdXrJZZ62JVDY3Fpkzen2lvJMxOvYtKVZlfVKmGJgR,0.6012283936947439,1.4791063840827927,0.770427761091188
1073100,FXLAfeY7Xqos8x4+2DlVmcLdXrJZZ62JVDY3Fpkzen2lvJMxOvYtKVZlfVKmGJgR,0.594799698178015,0.826560829013861,0.711364459806392
1073400,FXLAfeY7Xqos8x4+2DlVmcLdXrJZZ62JVDY3Fpkzen2lvJMxOvYtKVZlfVKmGJgR,0.5902460758048528,4.806867569368918,1.4911969898203048
1073700,FXLAfeY7Xqos8x4+2DlVmcLdXrJZZ62JVDY3Fpkzen2lvJMxOvYtKVZlfVKmGJgR,0.655589843945674,7.491625964654443,2.402728475697532
1074000,FXLAfeY7Xqos8x4+2DlVmcLdXrJZZ62JVDY3Fpkzen2lvJMxOvYtKVZlfVKmGJgR,0.6114049844786301,1.4417148534900068,0.7913584359002808
1074300,FXLAfeY7Xqos8x4+2DlVmcLdXrJZZ62JVDY3Fpkzen2lvJMxOvYtKVZlfVKmGJgR,0.6622610795804273,1.0064224379988167,0.7369366024391681
1074600,FXLAfeY7Xqos8x4+2DlVmcLdXrJZZ62JVDY3Fpkzen2lvJMxOvYtKVZlfVKmGJgR,0.5929657464633943,1.3225346315615654,0.778777075480007
1074900,FXLAfeY7Xqos8x4+2DlVmcLdXrJZZ62JVDY3Fpkzen2lvJMxOvYtKVZlfVKmGJgR,0.6171298356408433,0.9440815823806098,0.7145357870393428
1075200,FXLAfeY7Xqos8x4+2DlVmcLdXrJZZ62JVDY3Fpkzen2lvJMxOvYtKVZlfVKmGJgR,0.6307229487511772,5.5509271999647884,1.1761316144347191
1075500,FXLAfeY7Xqos8x4+2DlVmcLdXrJZZ62JVDY3Fpkzen2lvJMxOvYtKVZlfVKmGJgR,0.5910286887223986,0.9012237473085832,0.7138848659428789
1075800,FXLAfeY7Xqos8x4+2DlVmcLdXrJZZ62JVDY3Fpkzen2lvJMxOvYtKVZlfVKmGJgR,0.6216460592603094,1.377766901831179,0.7689275061115769
1076100,FXLAfeY7Xqos8x4+2DlVmcLdXrJZZ62JVDY3Fpkzen2lvJMxOvYtKVZlfVKmGJgR,0.6211104853085233,0.9420586092298092,0.7423209750903343
1076400,FXLAfeY7Xqos8x4+2DlVmcLdXrJZZ62JVDY3Fpkzen2lvJMxOvYtKVZlfVKmGJgR,0.6345317601851975,1.4589456356168513,0.7738315125793404
1076700,FXLAfeY7Xqos8x4+2DlVmcLdXrJZZ62JVDY3Fpkzen2lvJMxOvYtKVZlfVKmGJgR,0.6217375337757602,0.8433506310532508,0.7209340897280814
1077000,FXLAfeY7Xqos8x4+2DlVmcLdXrJZZ62JVDY3Fpkzen2lvJMxOvYtKVZlfVKmGJgR,0.6477287939810042,3.8128530848695537,1.405719240667008
1077300,FXLAfeY7Xqos8x4+2DlVmcLdXrJZZ62JVDY3Fpkzen2lvJMxOvYtKVZlfVKmGJgR,0.6321603604945206,0.9940406361290745,0.7219259655495895
1077600,FXLAfeY7Xqos8x4+2DlVmcLdXrJZZ62JVDY3Fpkzen2lvJMxOvYtKVZlfVKmGJgR,0.607286580189196,1.418389000206772,0.7743234937580239
1077900,FXLAfeY7Xqos8x4+2DlVmcLdXrJZZ62JVDY3Fpkzen2lvJMxOvYtKVZlfVKmGJgR,0.6078513985649128,29.243082163791644,5.2467453630313
1078200,FXLAfeY7Xqos8x4+2DlVmcLdXrJZZ62JVDY3Fpkzen2lvJMxOvYtKVZlfVKmGJgR,0.6181969133637752,1.0404772100748914,0.7765261837184135
1078500,FXLAfeY7Xqos8x4+2DlVmcLdXrJZZ62JVDY3Fpkzen2lvJMxOvYtKVZlfVKmGJgR,0.5860413601440493,0.8999204960689084,0.7270640798139809
1078800,FXLAfeY7Xqos8x4+2DlVmcLdXrJZZ62JVDY3Fpkzen2lvJMxOvYtKVZlfVKmGJgR,0.5677043838050536,1.1277399284765073,0.810680253788101
1079100,FXLAfeY7Xqos8x4+2DlVmcLdXrJZZ62JVDY3Fpkzen2lvJMxOvYtKVZlfVKmGJgR,0.6223751231257257,20.33163504808964,3.0014635713744524
1079400,FXLAfeY7Xqos8x4+2DlVmcLdXrJZZ62JVDY3Fpkzen2lvJMxOvYtKVZlfVKmGJgR,0.6265525662068613,1.3715240749449018,0.8024674722742213
1079700,FXLAfeY7Xqos8x4+2DlVmcLdXrJZZ62JVDY3Fpkzen2lvJMxOvYtKVZlfVKmGJgR,0.6229003242353657,1.0846207265943373,0.7697963032172012
1080000,FXLAfeY7Xqos8x4+2DlVmcLdXrJZZ62JVDY3Fpkzen2lvJMxOvYtKVZlfVKmGJgR,0.5835552894016277,1.3936962973829612,0.7892004092719463
1080300,FXLAfeY7Xqos8x4+2DlVmcLdXrJZZ62JVDY3Fpkzen2lvJMxOvYtKVZlfVKmGJgR,0.6168153649904075,0.869840392902271,0.7002805355577916
1080600,FXLAfeY7Xqos8x4+2DlVmcLdXrJZZ62JVDY3Fpkzen2lvJMxOvYtKVZlfVKmGJgR,0.5797307039976608,4.594623230043131,1.444254172504833
1080900,FXLAfeY7Xqos8x4+2DlVmcLdXrJZZ62JVDY3Fpkzen2lvJMxOvYtKVZlfVKmGJgR,0.630771488679027,0.811115765358586,0.7098604847193879
1081200,FXLAfeY7Xqos8x4+2DlVmcLdXrJZZ62JVDY3Fpkzen2lvJMxOvYtKVZlfVKmGJgR,0.6129990193798374,1.3744126690338765,0.782288969964066
1081500,FXLAfeY7Xqos8x4+2DlVmcLdXrJZZ62JVDY3Fpkzen2lvJMxOvYtKVZlfVKmGJgR,0.6544306607443197,31.382398295995,3.4048867501603928
1081800,FXLAfeY7Xqos8x4+2DlVmcLdXrJZZ62JVDY3Fpkzen2lvJMxOvYtKVZlfVKmGJgR,0.6276184754140837,3.830467808369761,1.0579296925238348
1082100,FXLAfeY7Xqos8x4+2DlVmcLdXrJZZ62JVDY3Fpkzen2lvJMxOvYtKVZlfVKmGJgR,0.6549755327134332,0.9378373022317824,0.718302919584692
1082400,FXLAfeY7Xqos8x4+2DlVmcLdXrJZZ62JVDY3Fpkzen2lvJMxOvYtKVZlfVKmGJgR,0.644260821545595,1.4138163243568287,0.8032939743353935
1082700,FXLAfeY7Xqos8x4+2DlVmcLdXrJZZ62JVDY3Fpkzen2lvJMxOvYtKVZlfVKmGJgR,0.6168844979791664,0.8338070714380257,0.7111459181972373
1083000,FXLAfeY7Xqos8x4+2DlVmcLdXrJZZ62JVDY3Fpkzen2lvJMxOvYtKVZlfVKmGJgR,0.6088726656267553,1.3205764911288598,0.764285237972746
1083300,FXLAfeY7Xqos8x4+2DlVmcLdXrJZZ62JVDY3Fpkzen2lvJMxOvYtKVZlfVKmGJgR,0.6281857943736628,0.8247055864993373,0.7319624711354527
1083600,FXLAfeY7Xqos8x4+2DlVmcLdXrJZZ62JVDY3Fpkzen2lvJMxOvYtKVZlfVKmGJgR,0.6366706549560003,1.3252795406296969,0.7746900764089115
1083900,FXLAfeY7Xqos8x4+2DlVmcLdXrJZZ62JVDY3Fpkzen2lvJMxOvYtKVZlfVKmGJgR,0.6141545695062306,0.8505150862492247,0.7117870126605226
1084200,FXLAfeY7Xqos8x4+2DlVmcLdXrJZZ62JVDY3Fpkzen2lvJMxOvYtKVZlfVKmGJgR,0.6347060454242938,4.1349733233264105,1.434653996079304
1084500,FXLAfeY7Xqos8x4+2DlVmcLdXrJZZ62JVDY3Fpkzen2lvJMxOvYtKVZlfVKmGJgR,0.6364474023550611,0.8486077945840436,0.7414634648101858
1084800,FXLAfeY7Xqos8x4+2DlVmcLdXrJZZ62JVDY3Fpkzen2lvJMxOvYtKVZlfVKmGJgR,0.5789097131408268,1.3322339634176914,0.767559716568181
1085100,FXLAfeY7Xqos8x4+2DlVmcLdXrJZZ62JVDY3Fpkzen2lvJMxOvYtKVZlfVKmGJgR,0.6101665080630532,6.547745144471183,1.3116225324492894
1085400,FXLAfeY7Xqos8x4+2DlVmcLdXrJZZ62JVDY3Fpkzen2lvJMxOvYtKVZlfVKmGJgR,0.6612855422541446,1.0531994341577562,0.7642125881210095
1085700,FXLAfeY7Xqos8x4+2DlVmcLdXrJZZ62JVDY3Fpkzen2lvJMxOvYtKVZlfVKmGJgR,0.6531146209688693,0.7958065861495434,0.7125105695632632
1086000,FXLAfeY7Xqos8x4+2DlVmcLdXrJZZ62JVDY3Fpkzen2lvJMxOvYtKVZlfVKmGJgR,0.6325849639426007,1.4496228987018336,0.804795442958676
1086300,FXLAfeY7Xqos8x4+2DlVmcLdXrJZZ62JVDY3Fpkzen2lvJMxOvYtKVZlfVKmGJgR,0.6189920253674228,0.8334395233284058,0.7075135320805455
1086600,FXLAfeY7Xqos8x4+2DlVmcLdXrJZZ62JVDY3Fpkzen2lvJMxOvYtKVZlfVKmGJgR,0.6363434644005328,1.3809294629103126,0.7690903870084721
1086900,FXLAfeY7Xqos8x4+2DlVmcLdXrJZZ62JVDY3Fpkzen2lvJMxOvYtKVZlfVKmGJgR,0.6353389836398543,0.9115212546375115,0.7383020472754217
1087200,FXLAfeY7Xqos8x4+2DlVmcLdXrJZZ62JVDY3Fpkzen2lvJMxOvYtKVZlfVKmGJgR,0.6075137982946563,1.259265448803775,0.7461600671828683
1087500,FXLAfeY7Xqos8x4+2DlVmcLdXrJZZ62JVDY3Fpkzen2lvJMxOvYtKVZlfVKmGJgR,0.6127729815513444,0.844033338242199,0.703821958539168
1087800,FXLAfeY7Xqos8x4+2DlVmcLdXrJZZ62JVDY3Fpkzen2lvJMxOvYtKVZlfVKmGJgR,0.615762219327764,1.6746883870459504,0.8914114259211342
1088100,FXLAfeY7Xqos8x4+2DlVmcLdXrJZZ62JVDY3Fpkzen2lvJMxOvYtKVZlfVKmGJgR,0.6759310455805809,4.546435540057385,1.264997247653248
1088400,FXLAfeY7Xqos8x4+2DlVmcLdXrJZZ62JVDY3Fpkzen2lvJMxOvYtKVZlfVKmGJgR,0.6203484850375123,1.3853715861393503,0.7786292816787564
1088700,FXLAfeY7Xqos8x4+2DlVmcLdXrJZZ62JVDY3Fpkzen2lvJMxOvYtKVZlfVKmGJgR,0.6572134122649514,0.9062897830956228,0.7290487033221226
1089000,FXLAfeY7Xqos8x4+2DlVmcLdXrJZZ62JVDY3Fpkzen2lvJMxOvYtKVZlfVKmGJgR,0.6075812394409432,1.478158903818752,0.7774706560254586
1089300,FXLAfeY7Xqos8x4+2DlVmcLdXrJZZ62JVDY3Fpkzen2lvJMxOvYtKVZlfVKmGJgR,0.6078404359605885,0.8462182228374652,0.7173318776283188
1089600,FXLAfeY7Xqos8x4+2DlVmcLdXrJZZ62JVDY3Fpkzen2lvJMxOvYtKVZlfVKmGJgR,0.6280796914660837,1.6477651519905243,0.7981190071272246
1089900,FXLAfeY7Xqos8x4+2DlVmcLdXrJZZ62JVDY3Fpkzen2lvJMxOvYtKVZlfVKmGJgR,0.6080988667326113,0.8757376433374601,0.7253223926381194
1090200,FXLAfeY7Xqos8x4+2DlVmcLdXrJZZ62JVDY3Fpkzen2lvJMxOvYtKVZlfVKmGJgR,0.5975439105196879,1.522672351154737,0.7642017473611146
1090500,FXLAfeY7Xqos8x4+2DlVmcLdXrJZZ62JVDY3Fpkzen2lvJMxOvYtKVZlfVKmGJgR,0.650577007361173,0.833266556098677,0.7248268986454892
1090800,FXLAfeY7Xqos8x4+2DlVmcLdXrJZZ62JVDY3Fpkzen2lvJMxOvYtKVZlfVKmGJgR,0.6194422741878117,1.4622739513267913,0.7706801750948832
1091100,FXLAfeY7Xqos8x4+2DlVmcLdXrJZZ62JVDY3Fpkzen2lvJMxOvYtKVZlfVKmGJgR,0.5986555119974134,0.8616918195707857,0.7128039800901625
1091400,FXLAfeY7Xqos8x4+2DlVmcLdXrJZZ62JVDY3Fpkzen2lvJMxOvYtKVZlfVKmGJgR,0.5918739774963938,1.6292016373806877,0.867651655984585
1091700,FXLAfeY7Xqos8x4+2DlVmcLdXrJZZ62JVDY3Fpkzen2lvJMxOvYtKVZlfVKmGJgR,0.6061943586845668,5.47939263480837,1.400457643137952
1092000,FXLAfeY7Xqos8x4+2DlVmcLdXrJZZ62JVDY3Fpkzen2lvJMxOvYtKVZlfVKmGJgR,0.5843577373359665,1.4142206521903582,0.7735236751271463
1092300,FXLAfeY7Xqos8x4+2DlVmcLdXrJZZ62JVDY3Fpkzen2lvJMxOvYtKVZlfVKmGJgR,0.6805267580498748,8.265412749808467,1.4486210436623883
1092600,FXLAfeY7Xqos8x4+2DlVmcLdXrJZZ62JVDY3Fpkzen2lvJMxOvYtKVZlfVKmGJgR,0.6169203451861146,7.329627633792764,1.378455852173214
1092900,FXLAfeY7Xqos8x4+2DlVmcLdXrJZZ62JVDY3Fpkzen2lvJMxOvYtKVZlfVKmGJgR,0.6167238190840858,0.8649302835814635,0.7491646543192647
1093200,FXLAfeY7Xqos8x4+2DlVmcLdXrJZZ62JVDY3Fpkzen2lvJMxOvYtKVZlfVKmGJgR,0.6589469061888436,1.4109053921425954,0.8034708484574665
1093500,FXLAfeY7Xqos8x4+2DlVmcLdXrJZZ62JVDY3Fpkzen2lvJMxOvYtKVZlfVKmGJgR,0.5833978042198444,0.8677740779400201,0.7135815964177428
1093800,FXLAfeY7Xqos8x4+2DlVmcLdXrJZZ62JVDY3Fpkzen2lvJMxOvYtKVZlfVKmGJgR,0.630624574249309,1.5957219954508213,0.7659343031241221
1094100,FXLAfeY7Xqos8x4+2DlVmcLdXrJZZ62JVDY3Fpkzen2lvJMxOvYtKVZlfVKmGJgR,0.5929023753901451,0.973285176597326,0.757929454601455
1094400,FXLAfeY7Xqos8x4+2DlVmcLdXrJZZ62JVDY3Fpkzen2lvJMxOvYtKVZlfVKmGJgR,0.5601375990529566,1.0167428954587991,0.7481258100564702
1094700,FXLAfeY7Xqos8x4+2DlVmcLdXrJZZ62JVDY3Fpkzen2lvJMxOvYtKVZlfVKmGJgR,0.6226385753932762,0.856936052576382,0.704998450989924
1095000,FXLAfeY7Xqos8x4+2DlVmcLdXrJZZ62JVDY3Fpkzen2lvJMxOvYtKVZlfVKmGJgR,0.5973969773118704,1.6965194549469167,0.872359126943332
1095300,FXLAfeY7Xqos8x4+2DlVmcLdXrJZZ62JVDY3Fpkzen2lvJMxOvYtKVZlfVKmGJgR,0.6464400450391832,4.386061598706637,1.306354612681099
1095600,FXLAfeY7Xqos8x4+2DlVmcLdXrJZZ62JVDY3Fpkzen2lvJMxOvYtKVZlfVKmGJgR,0.6490841266204715,1.4434347624748547,0.7934938254817263
1095900,FXLAfeY7Xqos8x4+2DlVmcLdXrJZZ62JVDY3Fpkzen2lvJMxOvYtKVZlfVKmGJgR,0.6228950844426283,0.8777535025055943,0.7274589397896307
1096200,FXLAfeY7Xqos8x4+2DlVmcLdXrJZZ62JVDY3Fpkzen2lvJMxOvYtKVZlfVKmGJgR,0.632724571830974,1.3425890772746245,0.7637027574853466
1096500,FXLAfeY7Xqos8x4+2DlVmcLdXrJZZ62JVDY3Fpkzen2lvJMxOvYtKVZlfVKmGJgR,0.6490601195071312,0.872120094333011,0.722726013694557
1096800,FXLAfeY7Xqos8x4+2DlVmcLdXrJZZ62JVDY3Fpkzen2lvJMxOvYtKVZlfVKmGJgR,0.6149124509357973,1.3445849837773824,0.785711091043134
1097100,FXLAfeY7Xqos8x4+2DlVmcLdXrJZZ62JVDY3Fpkzen2lvJMxOvYtKVZlfVKmGJgR,0.6107615147277838,0.8354113293841922,0.7142031996970014
1097400,FXLAfeY7Xqos8x4+2DlVmcLdXrJZZ62JVDY3Fpkzen2lvJMxOvYtKVZlfVKmGJgR,0.6224186570489619,1.3286927715220571,0.7511911372304662
1097700,FXLAfeY7Xqos8x4+2DlVmcLdXrJZZ62JVDY3Fpkzen2lvJMxOvYtKVZlfVKmGJgR,0.6418641184161948,1.0347815184479103,0.7689124731458296
1098000,FXLAfeY7Xqos8x4+2DlVmcLdXrJZZ62JVDY3Fpkzen2lvJMxOvYtKVZlfVKmGJgR,0.6362820104447636,1.2854361401917958,0.7728560158727455
1098300,FXLAfeY7Xqos8x4+2DlVmcLdXrJZZ62JVDY3Fpkzen2lvJMxOvYtKVZlfVKmGJgR,0.6364527329462552,0.9493773850513526,0.7281625772072234
1098600,FXLAfeY7Xqos8x4+2DlVmcLdXrJZZ62JVDY3Fpkzen2lvJMxOvYtKVZlfVKmGJgR,0.6445153302457596,1.55082252654107,0.8750851705926372
1098900,FXLAfeY7Xqos8x4+2DlVmcLdXrJZZ62JVDY3Fpkzen2lvJMxOvYtKVZlfVKmGJgR,0.6635100635370778,4.628047546577568,1.2553013894282703
1099200,FXLAfeY7Xqos8x4+2DlVmcLdXrJZZ62JVDY3Fpkzen2lvJMxOvYtKVZlfVKmGJgR,0.6412814675720774,1.2770842605846746,0.7752487803901112
1099500,FXLAfeY7Xqos8x4+2DlVmcLdXrJZZ62JVDY3Fpkzen2lvJMxOvYtKVZlfVKmGJgR,0.6310774378906756,0.8704000568945439,0.7405748651647825
1099800,FXLAfeY7Xqos8x4+2DlVmcLdXrJZZ62JVDY3Fpkzen2lvJMxOvYtKVZlfVKmGJgR,0.6041686234062279,1.3424766238262529,0.7679907775818251
1100100,FXLAfeY7Xqos8x4+2DlVmcLdXrJZZ62JVDY3Fpkzen2lvJMxOvYtKVZlfVKmGJgR,0.6343708560428396,0.902748298950726,0.7187669576891104
1100400,FXLAfeY7Xqos8x4+2DlVmcLdXrJZZ62JVDY3Fpkzen2lvJMxOvYtKVZlfVKmGJgR,0.6320370899801208,1.3071253704197907,0.7931886215819425
1100700,FXLAfeY7Xqos8x4+2DlVmcLdXrJZZ62JVDY3Fpkzen2lvJMxOvYtKVZlfVKmGJgR,0.6370463991614612,0.8587161233727961,0.7223716099737358
1101000,FXLAfeY7Xqos8x4+2DlVmcLdXrJZZ62JVDY3Fpkzen2lvJMxOvYtKVZlfVKmGJgR,0.6168013719554336,1.3870544173608608,0.7656738625058136
1101300,FXLAfeY7Xqos8x4+2DlVmcLdXrJZZ62JVDY3Fpkzen2lvJMxOvYtKVZlfVKmGJgR,0.6443716272687748,1.0452712177806598,0.7525723405770468
1101600,FXLAfeY7Xqos8x4+2DlVmcLdXrJZZ62JVDY3Fpkzen2lvJMxOvYtKVZlfVKmGJgR,0.5947676725029754,1.0843241241730033,0.7464578349100432
1101900,FXLAfeY7Xqos8x4+2DlVmcLdXrJZZ62JVDY3Fpkzen2lvJMxOvYtKVZlfVKmGJgR,0.6085844952771426,0.909475344461526,0.7122552925680726
1102200,FXLAfeY7Xqos8x4+2DlVmcLdXrJZZ62JVDY3Fpkzen2lvJMxOvYtKVZlfVKmGJgR,0.6061963304349443,1.6142919135959162,0.8690573781523864
1102500,FXLAfeY7Xqos8x4+2DlVmcLdXrJZZ62JVDY3Fpkzen2lvJMxOvYtKVZlfVKmGJgR,0.6560777667025125,7.7999600365202095,2.8467771065874814
1102800,FXLAfeY7Xqos8x4+2DlVmcLdXrJZZ62JVDY3Fpkzen2lvJMxOvYtKVZlfVKmGJgR,0.630537489617276,1.128655527301584,0.7592344651076
1103100,FXLAfeY7Xqos8x4+2DlVmcLdXrJZZ62JVDY3Fpkzen2lvJMxOvYtKVZlfVKmGJgR,0.634431434869884,0.840773422696172,0.7417171997198175
1103400,FXLAfeY7Xqos8x4+2DlVmcLdXrJZZ62JVDY3Fpkzen2lvJMxOvYtKVZlfVKmGJgR,0.5957242540646038,1.329411672156468,0.7656060758009093
1103700,FXLAfeY7Xqos8x4+2DlVmcLdXrJZZ62JVDY3Fpkzen2lvJMxOvYtKVZlfVKmGJgR,0.6274399899084957,0.908828570062208,0.7218202490107841
1104000,FXLAfeY7Xqos8x4+2DlVmcLdXrJZZ62JVDY3Fpkzen2lvJMxOvYtKVZlfVKmGJgR,0.6568303742640075,1.37931027816089,0.7866062121135106
1104300,FXLAfeY7Xqos8x4+2DlVmcLdXrJZZ62JVDY3Fpkzen2lvJMxOvYtKVZlfVKmGJgR,0.6491156509521964,0.8151787693169398,0.7275120645583367
1104600,FXLAfeY7Xqos8x4+2DlVmcLdXrJZZ62JVDY3Fpkzen2lvJMxOvYtKVZlfVKmGJgR,0.6051272226885873,1.3354690162778806,0.7646546664874688
1104900,FXLAfeY7Xqos8x4+2DlVmcLdXrJZZ62JVDY3Fpkzen2lvJMxOvYtKVZlfVKmGJgR,0.6167405054527016,0.883495875576846,0.725862352861009
1105200,FXLAfeY7Xqos8x4+2DlVmcLdXrJZZ62JVDY3Fpkzen2lvJMxOvYtKVZlfVKmGJgR,0.640323613476815,1.3406906648132104,0.7776677189531409
1105500,FXLAfeY7Xqos8x4+2DlVmcLdXrJZZ62JVDY3Fpkzen2lvJMxOvYtKVZlfVKmGJgR,0.6334968213199127,0.8109813899972552,0.709423954430772
1105800,FXLAfeY7Xqos8x4+2DlVmcLdXrJZZ62JVDY3Fpkzen2lvJMxOvYtKVZlfVKmGJgR,0.6103514870639885,1.8788183524567272,0.876805560469857
1106100,FXLAfeY7Xqos8x4+2DlVmcLdXrJZZ62JVDY3Fpkzen2lvJMxOvYtKVZlfVKmGJgR,0.629937903162923,3.7402488386113024,1.203837577253784
1106400,FXLAfeY7Xqos8x4+2DlVmcLdXrJZZ62JVDY3Fpkzen2lvJMxOvYtKVZlfVKmGJgR,0.6166784586763817,1.4183334486394674,0.7784912045165922
1106700,FXLAfeY7Xqos8x4+2DlVmcLdXrJZZ62JVDY3Fpkzen2lvJMxOvYtKVZlfVKmGJgR,0.6866204839716071,53.15357496044943,9.870896393815325
1107000,FXLAfeY7Xqos8x4+2DlVmcLdXrJZZ62JVDY3Fpkzen2lvJMxOvYtKVZlfVKmGJgR,0.6693954356189054,1.1365328789684044,0.7635536545870903
1107300,FXLAfeY7Xqos8x4+2DlVmcLdXrJZZ62JVDY3Fpkzen2lvJMxOvYtKVZlfVKmGJgR,0.6322436519117337,0.8699605726177204,0.7274270484208789
1107600,FXLAfeY7Xqos8x4+2DlVmcLdXrJZZ62JVDY3Fpkzen2lvJMxOvYtKVZlfVKmGJgR,0.652295426329835,1.6891550463352851,0.843790429340396
1107900,FXLAfeY7Xqos8x4+2DlVmcLdXrJZZ62JVDY3Fpkzen2lvJMxOvYtKVZlfVKmGJgR,0.6360311466595959,20.79243924390879,2.8564922589767265
1108200,FXLAfeY7Xqos8x4+2DlVmcLdXrJZZ62JVDY3Fpkzen2lvJMxOvYtKVZlfVKmGJgR,0.635158909557813,6.159670870691505,1.601357070831396
1108500,FXLAfeY7Xqos8x4+2DlVmcLdXrJZZ62JVDY3Fpkzen2lvJMxOvYtKVZlfVKmGJgR,0.6714798370434477,1.0565287881818053,0.789727078561149
1108800,FXLAfeY7Xqos8x4+2DlVmcLdXrJZZ62JVDY3Fpkzen2lvJMxOvYtKVZlfVKmGJgR,0.5938948858128358,1.3503512740746797,0.7997866662380385
1109100,FXLAfeY7Xqos8x4+2DlVmcLdXrJZZ62JVDY3Fpkzen2lvJMxOvYtKVZlfVKmGJgR,0.6708190646757779,1.0145101111244186,0.7827956216026731
1109400,FXLAfeY7Xqos8x4+2DlVmcLdXrJZZ62JVDY3Fpkzen2lvJMxOvYtKVZlfVKmGJgR,0.6098543129698161,1.952666128337099,0.9397261592834166
1109700,FXLAfeY7Xqos8x4+2DlVmcLdXrJZZ62JVDY3Fpkzen2lvJMxOvYtKVZlfVKmGJgR,0.6525970490526488,4.656199200338717,1.2170198840075543
1110000,FXLAfeY7Xqos8x4+2DlVmcLdXrJZZ62JVDY3Fpkzen2lvJMxOvYtKVZlfVKmGJgR,0.610013522268234,4.3700574443088485,1.13099806642837
1110300,FXLAfeY7Xqos8x4+2DlVmcLdXrJZZ62JVDY3Fpkzen2lvJMxOvYtKVZlfVKmGJgR,0.6141837405604305,0.987666090981738,0.7806422339758788
1110600,FXLAfeY7Xqos8x4+2DlVmcLdXrJZZ62JVDY3Fpkzen2lvJMxOvYtKVZlfVKmGJgR,0.6575673386657169,4.292769037291495,1.0652372539241477
1110900,FXLAfeY7Xqos8x4+2DlVmcLdXrJZZ62JVDY3Fpkzen2lvJMxOvYtKVZlfVKmGJgR,0.6609041499117358,1.2696199564258712,0.8133861580232233
1111200,FXLAfeY7Xqos8x4+2DlVmcLdXrJZZ62JVDY3Fpkzen2lvJMxOvYtKVZlfVKmGJgR,0.6662054256054887,1.4222554293044432,0.8112498244225602
1111500,FXLAfeY7Xqos8x4+2DlVmcLdXrJZZ62JVDY3Fpkzen2lvJMxOvYtKVZlfVKmGJgR,0.6296481511204625,0.8966487991732767,0.729110475320292
1111800,FXLAfeY7Xqos8x4+2DlVmcLdXrJZZ62JVDY3Fpkzen2lvJMxOvYtKVZlfVKmGJgR,0.6389513803541269,1.2848144984752272,0.7671166007077201
1112100,FXLAfeY7Xqos8x4+2DlVmcLdXrJZZ62JVDY3Fpkzen2lvJMxOvYtKVZlfVKmGJgR,0.5914759496704993,0.8981112742336675,0.730182946238201
1112400,FXLAfeY7Xqos8x4+2DlVmcLdXrJZZ62JVDY3Fpkzen2lvJMxOvYtKVZlfVKmGJgR,0.5993147051964653,1.2570850529761266,0.7658118162607656
1112700,FXLAfeY7Xqos8x4+2DlVmcLdXrJZZ62JVDY3Fpkzen2lvJMxOvYtKVZlfVKmGJgR,0.6226748490696355,0.796999542273045,0.699686553609618
1113000,FXLAfeY7Xqos8x4+2DlVmcLdXrJZZ62JVDY3Fpkzen2lvJMxOvYtKVZlfVKmGJgR,0.6262906640603465,1.8091741116625353,0.8667346959247869
1113300,FXLAfeY7Xqos8x4+2DlVmcLdXrJZZ62JVDY3Fpkzen2lvJMxOvYtKVZlfVKmGJgR,0.6486862657930277,0.7954043994657786,0.7099480050727562
1113600,FXLAfeY7Xqos8x4+2DlVmcLdXrJZZ62JVDY3Fpkzen2lvJMxOvYtKVZlfVKmGJgR,0.5945464854897432,4.37916943973951,1.229844539434818
1113900,FXLAfeY7Xqos8x4+2DlVmcLdXrJZZ62JVDY3Fpkzen2lvJMxOvYtKVZlfVKmGJgR,0.6185501421923085,0.831740476049397,0.7226476594548035
1114200,FXLAfeY7Xqos8x4+2DlVmcLdXrJZZ62JVDY3Fpkzen2lvJMxOvYtKVZlfVKmGJgR,0.6114071216390164,1.3384685408582475,0.7622769558159003
1114500,FXLAfeY7Xqos8x4+2DlVmcLdXrJZZ62JVDY3Fpkzen2lvJMxOvYtKVZlfVKmGJgR,0.634065530056417,0.8305797160891659,0.719955687066623
1114800,FXLAfeY7Xqos8x4+2DlVmcLdXrJZZ62JVDY3Fpkzen2lvJMxOvYtKVZlfVKmGJgR,0.6377370794658263,1.4428632006845938,0.7957545745654084
1115100,FXLAfeY7Xqos8x4+2DlVmcLdXrJZZ62JVDY3Fpkzen2lvJMxOvYtKVZlfVKmGJgR,0.6415109781047668,0.8419710519396869,0.7228960445819292
1115400,FXLAfeY7Xqos8x4+2DlVmcLdXrJZZ62JVDY3Fpkzen2lvJMxOvYtKVZlfVKmGJgR,0.6388348065807825,1.3366370194933497,0.8038431623404424
1115700,FXLAfeY7Xqos8x4+2DlVmcLdXrJZZ62JVDY3Fpkzen2lvJMxOvYtKVZlfVKmGJgR,0.6236874046762,0.981060830180032,0.7479146100487641
1116000,FXLAfeY7Xqos8x4+2DlVmcLdXrJZZ62JVDY3Fpkzen2lvJMxOvYtKVZlfVKmGJgR,0.579671383383038,1.3979223001533996,0.7816066737922085
1116300,FXLAfeY7Xqos8x4+2DlVmcLdXrJZZ62JVDY3Fpkzen2lvJMxOvYtKVZlfVKmGJgR,0.6385493817118448,0.8308499646012097,0.7124525796935743
1116600,FXLAfeY7Xqos8x4+2DlVmcLdXrJZZ62JVDY3Fpkzen2lvJMxOvYtKVZlfVKmGJgR,0.6525345340193033,1.7837423515691584,0.880113231637119
1116900,FXLAfeY7Xqos8x4+2DlVmcLdXrJZZ62JVDY3Fpkzen2lvJMxOvYtKVZlfVKmGJgR,0.6245493443750264,0.8098137162483156,0.726182094263626
1117200,FXLAfeY7Xqos8x4+2DlVmcLdXrJZZ62JVDY3Fpkzen2lvJMxOvYtKVZlfVKmGJgR,0.6436857706715002,3.4121421635209934,1.2197384396932232
1117500,FXLAfeY7Xqos8x4+2DlVmcLdXrJZZ62JVDY3Fpkzen2lvJMxOvYtKVZlfVKmGJgR,0.6075863267874853,30.217697053792367,5.4479312864991645
1117800,FXLAfeY7Xqos8x4+2DlVmcLdXrJZZ62JVDY3Fpkzen2lvJMxOvYtKVZlfVKmGJgR,0.6293869833880662,12.803041909380632,1.9484743448871091
1118100,FXLAfeY7Xqos8x4+2DlVmcLdXrJZZ62JVDY3Fpkzen2lvJMxOvYtKVZlfVKmGJgR,0.6294953993309536,18.402727372092823,2.520996459233652
1118400,FXLAfeY7Xqos8x4+2DlVmcLdXrJZZ62JVDY3Fpkzen2lvJMxOvYtKVZlfVKmGJgR,0.6350685725313884,7.353258293354062,1.4049855313108257
1118700,FXLAfeY7Xqos8x4+2DlVmcLdXrJZZ62JVDY3Fpkzen2lvJMxOvYtKVZlfVKmGJgR,0.6363691297354965,3.6448534722970978,1.1225840035772106
1119000,FXLAfeY7Xqos8x4+2DlVmcLdXrJZZ62JVDY3Fpkzen2lvJMxOvYtKVZlfVKmGJgR,0.5805044378817481,1.4036931788029563,0.7697415025419462
1119300,FXLAfeY7Xqos8x4+2DlVmcLdXrJZZ62JVDY3Fpkzen2lvJMxOvYtKVZlfVKmGJgR,0.6063027895668551,0.8470846991569704,0.7172457695366447
1119600,FXLAfeY7Xqos8x4+2DlVmcLdXrJZZ62JVDY3Fpkzen2lvJMxOvYtKVZlfVKmGJgR,0.6346066920628601,1.4192211498205691,0.7776263500564276
1119900,FXLAfeY7Xqos8x4+2DlVmcLdXrJZZ62JVDY3Fpkzen2lvJMxOvYtKVZlfVKmGJgR,0.6261505993623954,0.7782882807418114,0.704358103253903
1120200,FXLAfeY7Xqos8x4+2DlVmcLdXrJZZ62JVDY3Fpkzen2lvJMxOvYtKVZlfVKmGJgR,0.5863485058325835,7.606676450595401,1.5473530360234622
1120500,FXLAfeY7Xqos8x4+2DlVmcLdXrJZZ62JVDY3Fpkzen2lvJMxOvYtKVZlfVKmGJgR,0.6488443991734597,0.949201321964794,0.7450811684370408
1120800,FXLAfeY7Xqos8x4+2DlVmcLdXrJZZ62JVDY3Fpkzen2lvJMxOvYtKVZlfVKmGJgR,0.6370581132632765,3.5611671191369383,1.2394390862211473
1121100,FXLAfeY7Xqos8x4+2DlVmcLdXrJZZ62JVDY3Fpkzen2lvJMxOvYtKVZlfVKmGJgR,0.6680369448450744,8.453705202934971,2.6092351648998275
1121400,FXLAfeY7Xqos8x4+2DlVmcLdXrJZZ62JVDY3Fpkzen2lvJMxOvYtKVZlfVKmGJgR,0.6133155260016411,1.3877238288033258,0.763822186361035
1121700,FXLAfeY7Xqos8x4+2DlVmcLdXrJZZ62JVDY3Fpkzen2lvJMxOvYtKVZlfVKmGJgR,0.5951494737232387,0.9142269784303888,0.7267362429490279
1122000,FXLAfeY7Xqos8x4+2DlVmcLdXrJZZ62JVDY3Fpkzen2lvJMxOvYtKVZlfVKmGJgR,0.6321787395330578,1.4638952993447178,0.8177764725860232
1122300,FXLAfeY7Xqos8x4+2DlVmcLdXrJZZ62JVDY3Fpkzen2lvJMxOvYtKVZlfVKmGJgR,0.579278494918928,0.8958344071249748,0.713380047507366
1122600,FXLAfeY7Xqos8x4+2DlVmcLdXrJZZ62JVDY3Fpkzen2lvJMxOvYtKVZlfVKmGJgR,0.5972248724804597,1.2614762533959496,0.7606543294158842
1122900,FXLAfeY7Xqos8x4+2DlVmcLdXrJZZ62JVDY3Fpkzen2lvJMxOvYtKVZlfVKmGJgR,0.614233312489707,0.9748973342944344,0.7495218623202866
1123200,FXLAfeY7Xqos8x4+2DlVmcLdXrJZZ62JVDY3Fpkzen2lvJMxOvYtKVZlfVKmGJgR,0.5827387062861052,1.2427544189198396,0.760600860994921
1123500,FXLAfeY7Xqos8x4+2DlVmcLdXrJZZ62JVDY3Fpkzen2lvJMxOvYtKVZlfVKmGJgR,0.6019490276707667,0.8782251143469735,0.7160016979866916
1123800,FXLAfeY7Xqos8x4+2DlVmcLdXrJZZ62JVDY3Fpkzen2lvJMxOvYtKVZlfVKmGJgR,0.6594603694559388,1.7974082015233988,0.900729458402822
1124100,FXLAfeY7Xqos8x4+2DlVmcLdXrJZZ62JVDY3Fpkzen2lvJMxOvYtKVZlfVKmGJgR,0.6169251616849392,0.9193428136792484,0.7387111470022709
1124400,FXLAfeY7Xqos8x4+2DlVmcLdXrJZZ62JVDY3Fpkzen2lvJMxOvYtKVZlfVKmGJgR,0.6208358535244454,4.764397509959925,1.2965314443031624
1124700,FXLAfeY7Xqos8x4+2DlVmcLdXrJZZ62JVDY3Fpkzen2lvJMxOvYtKVZlfVKmGJgR,0.6199081491949888,0.8935812674120491,0.7485791138112928
1125000,FXLAfeY7Xqos8x4+2DlVmcLdXrJZZ62JVDY3Fpkzen2lvJMxOvYtKVZlfVKmGJgR,0.5655661348449299,0.7848004016290898,0.6965027909097492
1125300,FXLAfeY7Xqos8x4+2DlVmcLdXrJZZ62JVDY3Fpkzen2lvJMxOvYtKVZlfVKmGJgR,0.6212416011968076,1.4400800517321877,0.7844301438849867
1125600,FXLAfeY7Xqos8x4+2DlVmcLdXrJZZ62JVDY3Fpkzen2lvJMxOvYtKVZlfVKmGJgR,0.6544927980599021,0.8492717614611348,0.734356931640383
1125900,FXLAfeY7Xqos8x4+2DlVmcLdXrJZZ62JVDY3Fpkzen2lvJMxOvYtKVZlfVKmGJgR,0.6275626225701737,1.5208136842471929,0.7941675988781448
1126200,FXLAfeY7Xqos8x4+2DlVmcLdXrJZZ62JVDY3Fpkzen2lvJMxOvYtKVZlfVKmGJgR,0.599624200647676,0.8186090608636145,0.71243579649101
1126500,FXLAfeY7Xqos8x4+2DlVmcLdXrJZZ62JVDY3Fpkzen2lvJMxOvYtKVZlfVKmGJgR,0.6171202082395493,1.346865143473498,0.7944709885124945
1126800,FXLAfeY7Xqos8x4+2DlVmcLdXrJZZ62JVDY3Fpkzen2lvJMxOvYtKVZlfVKmGJgR,0.6181566985568312,0.8582671081316436,0.7084596020161523
1127100,FXLAfeY7Xqos8x4+2DlVmcLdXrJZZ62JVDY3Fpkzen2lvJMxOvYtKVZlfVKmGJgR,0.6068712629936727,1.4367189920875951,0.7619285234260896
1127400,FXLAfeY7Xqos8x4+2DlVmcLdXrJZZ62JVDY3Fpkzen2lvJMxOvYtKVZlfVKmGJgR,0.6730263954282933,1.6075176033997185,0.8236700311486796
1127700,FXLAfeY7Xqos8x4+2DlVmcLdXrJZZ62JVDY3Fpkzen2lvJMxOvYtKVZlfVKmGJgR,0.6378108851993062,1.3630703179485293,0.7775106729881257
1128000,FXLAfeY7Xqos8x4+2DlVmcLdXrJZZ62JVDY3Fpkzen2lvJMxOvYtKVZlfVKmGJgR,0.5979182063566739,4.2940260627444795,1.1809071668536633
1128300,FXLAfeY7Xqos8x4+2DlVmcLdXrJZZ62JVDY3Fpkzen2lvJMxOvYtKVZlfVKmGJgR,0.6418018784207169,7.802242923797887,1.359324427057492
1128600,FXLAfeY7Xqos8x4+2DlVmcLdXrJZZ62JVDY3Fpkzen2lvJMxOvYtKVZlfVKmGJgR,0.5980657214833133,0.8085198337023239,0.7153060296482008
1128900,FXLAfeY7Xqos8x4+2DlVmcLdXrJZZ62JVDY3Fpkzen2lvJMxOvYtKVZlfVKmGJgR,0.594485423284747,1.3161950381304075,0.7804328196987258
1129200,FXLAfeY7Xqos8x4+2DlVmcLdXrJZZ62JVDY3Fpkzen2lvJMxOvYtKVZlfVKmGJgR,0.654315001996581,0.9049222730051818,0.7578654981388869
1129500,FXLAfeY7Xqos8x4+2DlVmcLdXrJZZ62JVDY3Fpkzen2lvJMxOvYtKVZlfVKmGJgR,0.624201142457429,1.266401365795694,0.7669005606404293
1129800,FXLAfeY7Xqos8x4+2DlVmcLdXrJZZ62JVDY3Fpkzen2lvJMxOvYtKVZlfVKmGJgR,0.6609269922635236,0.7937799346110209,0.7102769807609584
1130100,FXLAfeY7Xqos8x4+2DlVmcLdXrJZZ62JVDY3Fpkzen2lvJMxOvYtKVZlfVKmGJgR,0.6471078075461044,1.227944598354866,0.803088784264278
1130400,FXLAfeY7Xqos8x4+2DlVmcLdXrJZZ62JVDY3Fpkzen2lvJMxOvYtKVZlfVKmGJgR,0.6375867544370498,0.8653836086531382,0.7105019547351905
1130700,FXLAfeY7Xqos8x4+2DlVmcLdXrJZZ62JVDY3Fpkzen2lvJMxOvYtKVZlfVKmGJgR,0.6443633740149918,1.2754562087446986,0.7618717839706994
1131000,FXLAfeY7Xqos8x4+2DlVmcLdXrJZZ62JVDY3Fpkzen2lvJMxOvYtKVZlfVKmGJgR,0.6521644200523283,1.6253099878180144,0.8148953156314943
1131300,FXLAfeY7Xqos8x4+2DlVmcLdXrJZZ62JVDY3Fpkzen2lvJMxOvYtKVZlfVKmGJgR,0.6436351388494198,7.553525390137518,2.4432030498754087
1131600,FXLAfeY7Xqos8x4+2DlVmcLdXrJZZ62JVDY3Fpkzen2lvJMxOvYtKVZlfVKmGJgR,0.6115942719356336,5.071148285512544,1.5279480323950765
1131900,FXLAfeY7Xqos8x4+2DlVmcLdXrJZZ62JVDY3Fpkzen2lvJMxOvYtKVZlfVKmGJgR,0.6667157607073437,1.0781582109548578,0.7720754665849493
1132200,FXLAfeY7Xqos8x4+2DlVmcLdXrJZZ62JVDY3Fpkzen2lvJMxOvYtKVZlfVKmGJgR,0.596583720525112,0.8698694830446795,0.7213130666147386
1132500,FXLAfeY7Xqos8x4+2DlVmcLdXrJZZ62JVDY3Fpkzen2lvJMxOvYtKVZlfVKmGJgR,0.6472406188226955,1.225430816589158,0.775963593846177
1132800,FXLAfeY7Xqos8x4+2DlVmcLdXrJZZ62JVDY3Fpkzen2lvJMxOvYtKVZlfVKmGJgR,0.6155526720248288,0.8761119758670656,0.737079852692207
1133100,FXLAfeY7Xqos8x4+2DlVmcLdXrJZZ62JVDY3Fpkzen2lvJMxOvYtKVZlfVKmGJgR,0.6216499836344302,1.3489758703245287,0.7697932122933763
1133400,FXLAfeY7Xqos8x4+2DlVmcLdXrJZZ62JVDY3Fpkzen2lvJMxOvYtKVZlfVKmGJgR,0.6115127070839294,0.8222955857698608,0.6981046418628885
1133700,FXLAfeY7Xqos8x4+2DlVmcLdXrJZZ62JVDY3Fpkzen2lvJMxOvYtKVZlfVKmGJgR,0.623499869883572,6.474047932794114,1.2874534328545366
1134000,FXLAfeY7Xqos8x4+2DlVmcLdXrJZZ62JVDY3Fpkzen2lvJMxOvYtKVZlfVKmGJgR,0.6142003924567855,0.8124739398794372,0.7211625457456049
1134300,FXLAfeY7Xqos8x4+2DlVmcLdXrJZZ62JVDY3Fpkzen2lvJMxOvYtKVZlfVKmGJgR,0.6593404673672008,1.62886182876662,0.9476762812856436
1134600,FXLAfeY7Xqos8x4+2DlVmcLdXrJZZ62JVDY3Fpkzen2lvJMxOvYtKVZlfVKmGJgR,0.6541032500949727,1.669744898868308,0.8956200543614751
1134900,FXLAfeY7Xqos8x4+2DlVmcLdXrJZZ62JVDY3Fpkzen2lvJMxOvYtKVZlfVKmGJgR,0.6080577333324556,1.4858591676391963,0.78052951300178
1135200,FXLAfeY7Xqos8x4+2DlVmcLdXrJZZ62JVDY3Fpkzen2lvJMxOvYtKVZlfVKmGJgR,0.6428911497514791,3.5291713918245766,1.1460122696736823
1135500,FXLAfeY7Xqos8x4+2DlVmcLdXrJZZ62JVDY3Fpkzen2lvJMxOvYtKVZlfVKmGJgR,0.6828729162282456,25.050534632674488,4.668034841013228
1135800,FXLAfeY7Xqos8x4+2DlVmcLdXrJZZ62JVDY3Fpkzen2lvJMxOvYtKVZlfVKmGJgR,0.6110887858821095,0.9397864052779182,0.7344630105858782
1136100,FXLAfeY7Xqos8x4+2DlVmcLdXrJZZ62JVDY3Fpkzen2lvJMxOvYtKVZlfVKmGJgR,0.6243330503023505,1.3277975545934586,0.7780272171592819
1136400,FXLAfeY7Xqos8x4+2DlVmcLdXrJZZ62JVDY3Fpkzen2lvJMxOvYtKVZlfVKmGJgR,0.659845301983943,0.9244526500818734,0.7439333434902873
1136700,FXLAfeY7Xqos8x4+2DlVmcLdXrJZZ62JVDY3Fpkzen2lvJMxOvYtKVZlfVKmGJgR,0.634139326662693,18.65801224210385,2.758453468108806
1137000,FXLAfeY7Xqos8x4+2DlVmcLdXrJZZ62JVDY3Fpkzen2lvJMxOvYtKVZlfVKmGJgR,0.634820610853517,0.8232372158462727,0.7288466883243078
1137300,FXLAfeY7Xqos8x4+2DlVmcLdXrJZZ62JVDY3Fpkzen2lvJMxOvYtKVZlfVKmGJgR,0.6372496929764505,1.4189928543602095,0.8207504570041677
1137600,FXLAfeY7Xqos8x4+2DlVmcLdXrJZZ62JVDY3Fpkzen2lvJMxOvYtKVZlfVKmGJgR,0.6429861628715497,0.8582742625236913,0.7125875214467121
1137900,FXLAfeY7Xqos8x4+2DlVmcLdXrJZZ62JVDY3Fpkzen2lvJMxOvYtKVZlfVKmGJgR,0.6203251974867869,1.2315869593841695,0.7760507200978685
1138200,FXLAfeY7Xqos8x4+2DlVmcLdXrJZZ62JVDY3Fpkzen2lvJMxOvYtKVZlfVKmGJgR,0.582522404582872,2.172611018097446,0.8550247215370069
1138500,FXLAfeY7Xqos8x4+2DlVmcLdXrJZZ62JVDY3Fpkzen2lvJMxOvYtKVZlfVKmGJgR,0.6283676008017092,1.3515741215363295,0.7825122433251193
1138800,FXLAfeY7Xqos8x4+2DlVmcLdXrJZZ62JVDY3Fpkzen2lvJMxOvYtKVZlfVKmGJgR,0.6230276948515953,1.9020302989665177,0.8423510146360971
1139100,FXLAfeY7Xqos8x4+2DlVmcLdXrJZZ62JVDY3Fpkzen2lvJMxOvYtKVZlfVKmGJgR,0.6376631814431011,10.607311539452455,2.12197419858426
1139400,FXLAfeY7Xqos8x4+2DlVmcLdXrJZZ62JVDY3Fpkzen2lvJMxOvYtKVZlfVKmGJgR,0.6398745287696526,0.8892780917358842,0.7359423691742518
1139700,FXLAfeY7Xqos8x4+2DlVmcLdXrJZZ62JVDY3Fpkzen2lvJMxOvYtKVZlfVKmGJgR,0.6345204889937786,1.1812635027525469,0.7733054540392846
1140000,FXLAfeY7Xqos8x4+2DlVmcLdXrJZZ62JVDY3Fpkzen2lvJMxOvYtKVZlfVKmGJgR,0.5934293652714125,0.883475721080687,0.7334191450728631
1140300,FXLAfeY7Xqos8x4+2DlVmcLdXrJZZ62JVDY3Fpkzen2lvJMxOvYtKVZlfVKmGJgR,0.6268020611759316,1.2814484873436307,0.76673020394742
1140600,FXLAfeY7Xqos8x4+2DlVmcLdXrJZZ62JVDY3Fpkzen2lvJMxOvYtKVZlfVKmGJgR,0.6083720926759739,0.8196735054977446,0.704917287496894
1140900,FXLAfeY7Xqos8x4+2DlVmcLdXrJZZ62JVDY3Fpkzen2lvJMxOvYtKVZlfVKmGJgR,0.6233729821665533,1.521470617806315,0.7869347069790564
1141200,FXLAfeY7Xqos8x4+2DlVmcLdXrJZZ62JVDY3Fpkzen2lvJMxOvYtKVZlfVKmGJgR,0.5968543682280574,0.8863386641028868,0.711383217704952
1141500,FXLAfeY7Xqos8x4+2DlVmcLdXrJZZ62JVDY3Fpkzen2lvJMxOvYtKVZlfVKmGJgR,0.6475655270934407,1.366987665661082,0.7661862641880335
1141800,FXLAfeY7Xqos8x4+2DlVmcLdXrJZZ62JVDY3Fpkzen2lvJMxOvYtKVZlfVKmGJgR,0.6268976679050882,6.983782387864164,1.4350743646362418
1142100,FXLAfeY7Xqos8x4+2DlVmcLdXrJZZ62JVDY3Fpkzen2lvJMxOvYtKVZlfVKmGJgR,0.6506642642719843,1.250569077381661,0.7609710147628373
1142400,FXLAfeY7Xqos8x4+2DlVmcLdXrJZZ62JVDY3Fpkzen2lvJMxOvYtKVZlfVKmGJgR,0.6290025295148902,0.887492430885018,0.713896134069963
1142700,FXLAfeY7Xqos8x4+2DlVmcLdXrJZZ62JVDY3Fpkzen2lvJMxOvYtKVZlfVKmGJgR,0.6734919543918223,14.030629966759642,2.361179241711887
1143000,FXLAfeY7Xqos8x4+2DlVmcLdXrJZZ62JVDY3Fpkzen2lvJMxOvYtKVZlfVKmGJgR,0.6198931342525956,0.8450455808358842,0.7197770505949413
1143300,FXLAfeY7Xqos8x4+2DlVmcLdXrJZZ62JVDY3Fpkzen2lvJMxOvYtKVZlfVKmGJgR,0.6061177415154616,1.3873462045453877,0.7796652569591576
1143600,FXLAfeY7Xqos8x4+2DlVmcLdXrJZZ62JVDY3Fpkzen2lvJMxOvYtKVZlfVKmGJgR,0.6087055034270672,0.8766263084770625,0.7326345944224254
1143900,FXLAfeY7Xqos8x4+2DlVmcLdXrJZZ62JVDY3Fpkzen2lvJMxOvYtKVZlfVKmGJgR,0.605365343781754,1.514228483974793,0.7857084564133923
1144200,FXLAfeY7Xqos8x4+2DlVmcLdXrJZZ62JVDY3Fpkzen2lvJMxOvYtKVZlfVKmGJgR,0.6278031478073802,1.0184723235151143,0.7414151529774027
1144500,FXLAfeY7Xqos8x4+2DlVmcLdXrJZZ62JVDY3Fpkzen2lvJMxOvYtKVZlfVKmGJgR,0.6169555431697799,1.4893799395859493,0.7984805273245467
1144800,FXLAfeY7Xqos8x4+2DlVmcLdXrJZZ62JVDY3Fpkzen2lvJMxOvYtKVZlfVKmGJgR,0.6226703588644387,0.8646753519134197,0.7206373976204553
1145100,FXLAfeY7Xqos8x4+2DlVmcLdXrJZZ62JVDY3Fpkzen2lvJMxOvYtKVZlfVKmGJgR,0.6135084050900834,1.3256653092558628,0.7641811538005766
1145400,FXLAfeY7Xqos8x4+2DlVmcLdXrJZZ62JVDY3Fpkzen2lvJMxOvYtKVZlfVKmGJgR,0.6351455109221035,1.513045281650143,0.830341574165726
1145700,FXLAfeY7Xqos8x4+2DlVmcLdXrJZZ62JVDY3Fpkzen2lvJMxOvYtKVZlfVKmGJgR,0.624350860514563,1.3744955810561528,0.7831328699964313
1146000,FXLAfeY7Xqos8x4+2DlVmcLdXrJZZ62JVDY3Fpkzen2lvJMxOvYtKVZlfVKmGJgR,0.617467732702513,0.8510247664991762,0.7200053946816997
1146300,FXLAfeY7Xqos8x4+2DlVmcLdXrJZZ62JVDY3Fpkzen2lvJMxOvYtKVZlfVKmGJgR,0.6273301603821749,4.4665001083670814,1.2763327213411284
1146600,FXLAfeY7Xqos8x4+2DlVmcLdXrJZZ62JVDY3Fpkzen2lvJMxOvYtKVZlfVKmGJgR,0.6377069555088407,0.8251660433534046,0.7090468569069056
1146900,FXLAfeY7Xqos8x4+2DlVmcLdXrJZZ62JVDY3Fpkzen2lvJMxOvYtKVZlfVKmGJgR,0.622663527613061,1.2348418040411373,0.7883378569160273
1147200,FXLAfeY7Xqos8x4+2DlVmcLdXrJZZ62JVDY3Fpkzen2lvJMxOvYtKVZlfVKmGJgR,0.6381811015508361,0.8411453245593996,0.7229191843852589
1147500,FXLAfeY7Xqos8x4+2DlVmcLdXrJZZ62JVDY3Fpkzen2lvJMxOvYtKVZlfVKmGJgR,0.6421041534338162,1.2805761049914752,0.7743018553024886
1147800,FXLAfeY7Xqos8x4+2DlVmcLdXrJZZ62JVDY3Fpkzen2lvJMxOvYtKVZlfVKmGJgR,0.6356273010157655,0.7943547293772664,0.6981374808798309
1148100,FXLAfeY7Xqos8x4+2DlVmcLdXrJZZ62JVDY3Fpkzen2lvJMxOvYtKVZlfVKmGJgR,0.6388082184238502,1.1805436443751651,0.7787422744963115
1148400,FXLAfeY7Xqos8x4+2DlVmcLdXrJZZ62JVDY3Fpkzen2lvJMxOvYtKVZlfVKmGJgR,0.6392064377370515,0.83026420172103,0.7197077165366979
1148700,FXLAfeY7Xqos8x4+2DlVmcLdXrJZZ62JVDY3Fpkzen2lvJMxOvYtKVZlfVKmGJgR,0.6079725837560807,1.4352205350313012,0.7615756671132697
1149000,FXLAfeY7Xqos8x4+2DlVmcLdXrJZZ62JVDY3Fpkzen2lvJMxOvYtKVZlfVKmGJgR,0.5825624062232214,1.5242592128212913,0.8109979069026614
1149300,FXLAfeY7Xqos8x4+2DlVmcLdXrJZZ62JVDY3Fpkzen2lvJMxOvYtKVZlfVKmGJgR,0.6116711535508913,1.615542230951887,0.7773440301611432
1149600,FXLAfeY7Xqos8x4+2DlVmcLdXrJZZ62JVDY3Fpkzen2lvJMxOvYtKVZlfVKmGJgR,0.6224158592605676,0.835760415431998,0.7063968599960869
1149900,FXLAfeY7Xqos8x4+2DlVmcLdXrJZZ62JVDY3Fpkzen2lvJMxOvYtKVZlfVKmGJgR,0.6045129552321773,6.5725733631648335,2.04249073975591
1150200,FXLAfeY7Xqos8x4+2DlVmcLdXrJZZ62JVDY3Fpkzen2lvJMxOvYtKVZlfVKmGJgR,0.6503536649436344,0.8228536323026675,0.7272374525511868
1150500,FXLAfeY7Xqos8x4+2DlVmcLdXrJZZ62JVDY3Fpkzen2lvJMxOvYtKVZlfVKmGJgR,0.5672751763725996,1.4457372148530228,0.7833870451358372
1150800,FXLAfeY7Xqos8x4+2DlVmcLdXrJZZ62JVDY3Fpkzen2lvJMxOvYtKVZlfVKmGJgR,0.6339135087122307,1.2473845553290697,0.8238611549236505
1151100,FXLAfeY7Xqos8x4+2DlVmcLdXrJZZ62JVDY3Fpkzen2lvJMxOvYtKVZlfVKmGJgR,0.6197129498336412,1.1636375645546972,0.7683295700096178
1151400,FXLAfeY7Xqos8x4+2DlVmcLdXrJZZ62JVDY3Fpkzen2lvJMxOvYtKVZlfVKmGJgR,0.6115538506389758,0.848625476328976,0.696520298524836
1151700,FXLAfeY7Xqos8x4+2DlVmcLdXrJZZ62JVDY3Fpkzen2lvJMxOvYtKVZlfVKmGJgR,0.6510284736380066,1.347426211096773,0.8052846935051697
1152000,FXLAfeY7Xqos8x4+2DlVmcLdXrJZZ62JVDY3Fpkzen2lvJMxOvYtKVZlfVKmGJgR,0.6361562017984695,0.8275447929630875,0.7182145570060292
1152300,FXLAfeY7Xqos8x4+2DlVmcLdXrJZZ62JVDY3Fpkzen2lvJMxOvYtKVZlfVKmGJgR,0.6189049164804264,1.5999610715910988,0.7863363905605524
1152600,FXLAfeY7Xqos8x4+2DlVmcLdXrJZZ62JVDY3Fpkzen2lvJMxOvYtKVZlfVKmGJgR,0.6392161662786435,1.577572900131232,0.8404934307805282
1152900,FXLAfeY7Xqos8x4+2DlVmcLdXrJZZ62JVDY3Fpkzen2lvJMxOvYtKVZlfVKmGJgR,0.6143777601551806,1.389642047902611,0.8352071496112727
1153200,FXLAfeY7Xqos8x4+2DlVmcLdXrJZZ62JVDY3Fpkzen2lvJMxOvYtKVZlfVKmGJgR,0.6137908524008872,0.9060953986298776,0.7149440737755639
1153500,FXLAfeY7Xqos8x4+2DlVmcLdXrJZZ62JVDY3Fpkzen2lvJMxOvYtKVZlfVKmGJgR,0.6024733780790216,4.769754370917893,1.251600806017286
1153800,FXLAfeY7Xqos8x4+2DlVmcLdXrJZZ62JVDY3Fpkzen2lvJMxOvYtKVZlfVKmGJgR,0.5961876850914273,0.858716719458705,0.7016024365342041
1154100,FXLAfeY7Xqos8x4+2DlVmcLdXrJZZ62JVDY3Fpkzen2lvJMxOvYtKVZlfVKmGJgR,0.573325638396788,1.378087640510166,0.7781077153911063
1154400,FXLAfeY7Xqos8x4+2DlVmcLdXrJZZ62JVDY3Fpkzen2lvJMxOvYtKVZlfVKmGJgR,0.6435697610892616,0.9714344306350856,0.7377203163479891
1154700,FXLAfeY7Xqos8x4+2DlVmcLdXrJZZ62JVDY3Fpkzen2lvJMxOvYtKVZlfVKmGJgR,0.615433724430632,1.378076516796672,0.7888261926017539
1155000,FXLAfeY7Xqos8x4+2DlVmcLdXrJZZ62JVDY3Fpkzen2lvJMxOvYtKVZlfVKmGJgR,0.6067653259690103,0.8811877951258353,0.7025444840363773
1155300,FXLAfeY7Xqos8x4+2DlVmcLdXrJZZ62JVDY3Fpkzen2lvJMxOvYtKVZlfVKmGJgR,0.6413534117699716,1.3150172761185417,0.7769415954326786
1155600,FXLAfeY7Xqos8x4+2DlVmcLdXrJZZ62JVDY3Fpkzen2lvJMxOvYtKVZlfVKmGJgR,0.6332661346327683,0.8042829310284315,0.6988190594758942
1155900,FXLAfeY7Xqos8x4+2DlVmcLdXrJZZ62JVDY3Fpkzen2lvJMxOvYtKVZlfVKmGJgR,0.6213671631384566,1.27070070472282,0.771858844472129
1156200,FXLAfeY7Xqos8x4+2DlVmcLdXrJZZ62JVDY3Fpkzen2lvJMxOvYtKVZlfVKmGJgR,0.6541710217844211,1.560073789873362,0.815959289899468
1156500,FXLAfeY7Xqos8x4+2DlVmcLdXrJZZ62JVDY3Fpkzen2lvJMxOvYtKVZlfVKmGJgR,0.6372934070796226,1.5593833840382547,0.7827428016911852
1156800,FXLAfeY7Xqos8x4+2DlVmcLdXrJZZ62JVDY3Fpkzen2lvJMxOvYtKVZlfVKmGJgR,0.5989803519780054,0.840848951933509,0.7106481876562392
1157100,FXLAfeY7Xqos8x4+2DlVmcLdXrJZZ62JVDY3Fpkzen2lvJMxOvYtKVZlfVKmGJgR,0.6295765037883615,4.862196825495375,1.2522143748680397
1157400,FXLAfeY7Xqos8x4+2DlVmcLdXrJZZ62JVDY3Fpkzen2lvJMxOvYtKVZlfVKmGJgR,0.591252791212753,0.8697751417020813,0.7097920476824418
1157700,FXLAfeY7Xqos8x4+2DlVmcLdXrJZZ62JVDY3Fpkzen2lvJMxOvYtKVZlfVKmGJgR,0.5855445105867569,1.386544537659803,0.7719784424158453
1158000,FXLAfeY7Xqos8x4+2DlVmcLdXrJZZ62JVDY3Fpkzen2lvJMxOvYtKVZlfVKmGJgR,0.6056556342186352,0.899580243511173,0.7367475950444011
1158300,FXLAfeY7Xqos8x4+2DlVmcLdXrJZZ62JVDY3Fpkzen2lvJMxOvYtKVZlfVKmGJgR,0.5807259041474081,1.4207967782358175,0.7692640288726327
1158600,FXLAfeY7Xqos8x4+2DlVmcLdXrJZZ62JVDY3Fpkzen2lvJMxOvYtKVZlfVKmGJgR,0.6095531649163956,0.8346193532795787,0.7085907628973522
1158900,FXLAfeY7Xqos8x4+2DlVmcLdXrJZZ62JVDY3Fpkzen2lvJMxOvYtKVZlfVKmGJgR,0.6304766661695442,1.5573852283499765,0.7939489574115529
1159200,FXLAfeY7Xqos8x4+2DlVmcLdXrJZZ62JVDY3Fpkzen2lvJMxOvYtKVZlfVKmGJgR,0.6263782497969225,0.8910557433444635,0.7121032011616005
1159500,FXLAfeY7Xqos8x4+2DlVmcLdXrJZZ62JVDY3Fpkzen2lvJMxOvYtKVZlfVKmGJgR,0.596480417140961,1.4325888069214905,0.7679441593265915
1159800,FXLAfeY7Xqos8x4+2DlVmcLdXrJZZ62JVDY3Fpkzen2lvJMxOvYtKVZlfVKmGJgR,0.6305055388058226,1.6183773604698803,0.8135571540688377
1160100,FXLAfeY7Xqos8x4+2DlVmcLdXrJZZ62JVDY3Fpkzen2lvJMxOvYtKVZlfVKmGJgR,0.6401820242833925,5.70328085396066,1.249644152915375
1160400,FXLAfeY7Xqos8x4+2DlVmcLdXrJZZ62JVDY3Fpkzen2lvJMxOvYtKVZlfVKmGJgR,0.6457672207509859,7.479761663140517,1.9427587883042592
1160700,FXLAfeY7Xqos8x4+2DlVmcLdXrJZZ62JVDY3Fpkzen2lvJMxOvYtKVZlfVKmGJgR,0.6382652878589726,3.611103503065288,1.2216171123660082
1161000,FXLAfeY7Xqos8x4+2DlVmcLdXrJZZ62JVDY3Fpkzen2lvJMxOvYtKVZlfVKmGJgR,0.64756614496907,0.909160348944951,0.7236790356850025
1161300,FXLAfeY7Xqos8x4+2DlVmcLdXrJZZ62JVDY3Fpkzen2lvJMxOvYtKVZlfVKmGJgR,0.6130071372659323,1.4162982726943767,0.7748930158991136
1161600,FXLAfeY7Xqos8x4+2DlVmcLdXrJZZ62JVDY3Fpkzen2lvJMxOvYtKVZlfVKmGJgR,0.653667826749723,1.0567135271288366,0.748558564416095
1161900,FXLAfeY7Xqos8x4+2DlVmcLdXrJZZ62JVDY3Fpkzen2lvJMxOvYtKVZlfVKmGJgR,0.6606007593584208,3.6413335887172975,1.1748405794467658
1162200,FXLAfeY7Xqos8x4+2DlVmcLdXrJZZ62JVDY3Fpkzen2lvJMxOvYtKVZlfVKmGJgR,0.6307937352994962,0.8447158230215485,0.7127723202779112
1162500,FXLAfeY7Xqos8x4+2DlVmcLdXrJZZ62JVDY3Fpkzen2lvJMxOvYtKVZlfVKmGJgR,0.634362821286597,1.525653751738944,0.7891069435369193
1162800,FXLAfeY7Xqos8x4+2DlVmcLdXrJZZ62JVDY3Fpkzen2lvJMxOvYtKVZlfVKmGJgR,0.6016914559999913,0.8763011263162074,0.716482262345363
1163100,FXLAfeY7Xqos8x4+2DlVmcLdXrJZZ62JVDY3Fpkzen2lvJMxOvYtKVZlfVKmGJgR,0.6019628138860136,1.565153462753174,0.7589154664411512
1163400,FXLAfeY7Xqos8x4+2DlVmcLdXrJZZ62JVDY3Fpkzen2lvJMxOvYtKVZlfVKmGJgR,0.6248017563791443,1.5519454540819215,0.8127466189890187
1163700,FXLAfeY7Xqos8x4+2DlVmcLdXrJZZ62JVDY3Fpkzen2lvJMxOvYtKVZlfVKmGJgR,0.6352516416332022,1.397558998605125,0.7884066545367202
1164000,FXLAfeY7Xqos8x4+2DlVmcLdXrJZZ62JVDY3Fpkzen2lvJMxOvYtKVZlfVKmGJgR,0.6465626477840262,0.8896758002578226,0.727431543621996
1164300,FXLAfeY7Xqos8x4+2DlVmcLdXrJZZ62JVDY3Fpkzen2lvJMxOvYtKVZlfVKmGJgR,0.642625613976505,3.983033045673935,1.237258019271199
1164600,FXLAfeY7Xqos8x4+2DlVmcLdXrJZZ62JVDY3Fpkzen2lvJMxOvYtKVZlfVKmGJgR,0.6375169481533992,0.9222230161187492,0.7071912777851079
1164900,FXLAfeY7Xqos8x4+2DlVmcLdXrJZZ62JVDY3Fpkzen2lvJMxOvYtKVZlfVKmGJgR,0.5798150368957962,1.3773834167440249,0.7782123606407906
1165200,FXLAfeY7Xqos8x4+2DlVmcLdXrJZZ62JVDY3Fpkzen2lvJMxOvYtKVZlfVKmGJgR,0.6337209498725936,0.9882563978790864,0.7393431175176769
1165500,FXLAfeY7Xqos8x4+2DlVmcLdXrJZZ62JVDY3Fpkzen2lvJMxOvYtKVZlfVKmGJgR,0.6037462347510566,19.65956046856341,2.8827337075749866
1165800,FXLAfeY7Xqos8x4+2DlVmcLdXrJZZ62JVDY3Fpkzen2lvJMxOvYtKVZlfVKmGJgR,0.6438651897458196,0.974253368993093,0.7329168956573238
1166100,FXLAfeY7Xqos8x4+2DlVmcLdXrJZZ62JVDY3Fpkzen2lvJMxOvYtKVZlfVKmGJgR,0.6185230994648436,1.6284627683339683,0.8241441960266312
1166400,FXLAfeY7Xqos8x4+2DlVmcLdXrJZZ62JVDY3Fpkzen2lvJMxOvYtKVZlfVKmGJgR,0.6412388082244554,0.9200826979067772,0.7212743703475526
1166700,FXLAfeY7Xqos8x4+2DlVmcLdXrJZZ62JVDY3Fpkzen2lvJMxOvYtKVZlfVKmGJgR,0.6316282842947418,1.4304772776951802,0.7801800624816749
1167000,FXLAfeY7Xqos8x4+2DlVmcLdXrJZZ62JVDY3Fpkzen2lvJMxOvYtKVZlfVKmGJgR,0.5759466394606483,2.105068601812877,0.8532129956058911
1167300,FXLAfeY7Xqos8x4+2DlVmcLdXrJZZ62JVDY3Fpkzen2lvJMxOvYtKVZlfVKmGJgR,0.6266365019659031,1.450980057515481,0.7986958044021896
1167600,FXLAfeY7Xqos8x4+2DlVmcLdXrJZZ62JVDY3Fpkzen2lvJMxOvYtKVZlfVKmGJgR,0.5983387885420509,0.8881093136626386,0.7343811440940037
1167900,FXLAfeY7Xqos8x4+2DlVmcLdXrJZZ62JVDY3Fpkzen2lvJMxOvYtKVZlfVKmGJgR,0.6544419230963103,34.07498974962252,13.861092360851416
1168200,FXLAfeY7Xqos8x4+2DlVmcLdXrJZZ62JVDY3Fpkzen2lvJMxOvYtKVZlfVKmGJgR,0.6894011494767107,4.366834220034033,1.140379652382868
1168500,FXLAfeY7Xqos8x4+2DlVmcLdXrJZZ62JVDY3Fpkzen2lvJMxOvYtKVZlfVKmGJgR,0.6288507094028571,1.6239720412759766,0.7857513258607018
1168800,FXLAfeY7Xqos8x4+2DlVmcLdXrJZZ62JVDY3Fpkzen2lvJMxOvYtKVZlfVKmGJgR,0.5984001869693494,0.9796145298530132,0.7434001271704431
1169100,FXLAfeY7Xqos8x4+2DlVmcLdXrJZZ62JVDY3Fpkzen2lvJMxOvYtKVZlfVKmGJgR,0.5935038651155528,1.4173914876727722,0.7778105778901905
1169400,FXLAfeY7Xqos8x4+2DlVmcLdXrJZZ62JVDY3Fpkzen2lvJMxOvYtKVZlfVKmGJgR,0.6176050435571346,0.8641876863839286,0.7113459797364272
1169700,FXLAfeY7Xqos8x4+2DlVmcLdXrJZZ62JVDY3Fpkzen2lvJMxOvYtKVZlfVKmGJgR,0.6238651690954213,1.6074464975186773,0.7898126540137993
1170000,FXLAfeY7Xqos8x4+2DlVmcLdXrJZZ62JVDY3Fpkzen2lvJMxOvYtKVZlfVKmGJgR,0.6211774255553324,0.9435563771118212,0.711752826756528
1170300,FXLAfeY7Xqos8x4+2DlVmcLdXrJZZ62JVDY3Fpkzen2lvJMxOvYtKVZlfVKmGJgR,0.6280320544294447,1.3598811400541642,0.769609512505752
1170600,FXLAfeY7Xqos8x4+2DlVmcLdXrJZZ62JVDY3Fpkzen2lvJMxOvYtKVZlfVKmGJgR,0.6045616688594032,1.8837484459541984,0.8080453942465372
1170900,FXLAfeY7Xqos8x4+2DlVmcLdXrJZZ62JVDY3Fpkzen2lvJMxOvYtKVZlfVKmGJgR,0.6520153617018714,1.3631083853829045,0.7739855855606321
1171200,FXLAfeY7Xqos8x4+2DlVmcLdXrJZZ62JVDY3Fpkzen2lvJMxOvYtKVZlfVKmGJgR,0.609803440571475,0.9224518120019972,0.7158729941038715
1171500,FXLAfeY7Xqos8x4+2DlVmcLdXrJZZ62JVDY3Fpkzen2lvJMxOvYtKVZlfVKmGJgR,0.6371532765140787,13.696860831864935,2.563809361894183
1171800,FXLAfeY7Xqos8x4+2DlVmcLdXrJZZ62JVDY3Fpkzen2lvJMxOvYtKVZlfVKmGJgR,0.6259320959835281,4.44500463487728,1.2795682071828425
1172100,FXLAfeY7Xqos8x4+2DlVmcLdXrJZZ62JVDY3Fpkzen2lvJMxOvYtKVZlfVKmGJgR,0.5846925843611313,1.4138116148694655,0.7807447593234507
1172400,FXLAfeY7Xqos8x4+2DlVmcLdXrJZZ62JVDY3Fpkzen2lvJMxOvYtKVZlfVKmGJgR,0.6312999537677509,0.950937395232468,0.7759913199089691
1172700,FXLAfeY7Xqos8x4+2DlVmcLdXrJZZ62JVDY3Fpkzen2lvJMxOvYtKVZlfVKmGJgR,0.6165804788291419,1.472068353622226,0.7866266778201341
1173000,FXLAfeY7Xqos8x4+2DlVmcLdXrJZZ62JVDY3Fpkzen2lvJMxOvYtKVZlfVKmGJgR,0.622266926058218,0.8302182612828841,0.7055036042015632
1173300,FXLAfeY7Xqos8x4+2DlVmcLdXrJZZ62JVDY3Fpkzen2lvJMxOvYtKVZlfVKmGJgR,0.6281769649005466,1.2933067717997409,0.8106722504651248
1173600,FXLAfeY7Xqos8x4+2DlVmcLdXrJZZ62JVDY3Fpkzen2lvJMxOvYtKVZlfVKmGJgR,0.6478763646026091,0.8615488906626245,0.7272478376814335
1173900,FXLAfeY7Xqos8x4+2DlVmcLdXrJZZ62JVDY3Fpkzen2lvJMxOvYtKVZlfVKmGJgR,0.635584831718659,1.3464421213059308,0.783844446697126
1174200,FXLAfeY7Xqos8x4+2DlVmcLdXrJZZ62JVDY3Fpkzen2lvJMxOvYtKVZlfVKmGJgR,0.6481900150809852,2.003323998117674,0.8378027032932331
1174500,FXLAfeY7Xqos8x4+2DlVmcLdXrJZZ62JVDY3Fpkzen2lvJMxOvYtKVZlfVKmGJgR,0.6007336958258233,1.4535735627442508,0.7736153702566614
1174800,FXLAfeY7Xqos8x4+2DlVmcLdXrJZZ62JVDY3Fpkzen2lvJMxOvYtKVZlfVKmGJgR,0.6869570280535694,0.8327880705285718,0.7375334580433079
1175100,FXLAfeY7Xqos8x4+2DlVmcLdXrJZZ62JVDY3Fpkzen2lvJMxOvYtKVZlfVKmGJgR,0.5889735507787488,1.4220711585037349,0.7937977659907598
1175400,FXLAfeY7Xqos8x4+2DlVmcLdXrJZZ62JVDY3Fpkzen2lvJMxOvYtKVZlfVKmGJgR,0.6295456676503081,3.6515458975980417,1.2144617545953384
1175700,FXLAfeY7Xqos8x4+2DlVmcLdXrJZZ62JVDY3Fpkzen2lvJMxOvYtKVZlfVKmGJgR,0.6101732080134876,1.4494810684467607,0.7836911630269437
1176000,FXLAfeY7Xqos8x4+2DlVmcLdXrJZZ62JVDY3Fpkzen2lvJMxOvYtKVZlfVKmGJgR,0.616698444684152,0.8604972084276759,0.7451682895893867
1176300,FXLAfeY7Xqos8x4+2DlVmcLdXrJZZ62JVDY3Fpkzen2lvJMxOvYtKVZlfVKmGJgR,0.6430316660668945,1.4274998155345064,0.7764872229692173
1176600,FXLAfeY7Xqos8x4+2DlVmcLdXrJZZ62JVDY3Fpkzen2lvJMxOvYtKVZlfVKmGJgR,0.6206400136048223,0.8080885816441205,0.7043358774285486
1176900,FXLAfeY7Xqos8x4+2DlVmcLdXrJZZ62JVDY3Fpkzen2lvJMxOvYtKVZlfVKmGJgR,0.6603476836768913,1.3020205069234745,0.7876378839682316
1177200,FXLAfeY7Xqos8x4+2DlVmcLdXrJZZ62JVDY3Fpkzen2lvJMxOvYtKVZlfVKmGJgR,0.5962756200606114,0.8100144354434025,0.7077115473944573
1177500,FXLAfeY7Xqos8x4+2DlVmcLdXrJZZ62JVDY3Fpkzen2lvJMxOvYtKVZlfVKmGJgR,0.5948023830214619,1.409644112387754,0.7556808283073227
1177800,FXLAfeY7Xqos8x4+2DlVmcLdXrJZZ62JVDY3Fpkzen2lvJMxOvYtKVZlfVKmGJgR,0.6440628986256371,1.815900050797837,0.836768848270659
1178100,FXLAfeY7Xqos8x4+2DlVmcLdXrJZZ62JVDY3Fpkzen2lvJMxOvYtKVZlfVKmGJgR,0.620541232760441,1.39745357606377,0.7704792558720348
1178400,FXLAfeY7Xqos8x4+2DlVmcLdXrJZZ62JVDY3Fpkzen2lvJMxOvYtKVZlfVKmGJgR,0.5910811617815827,0.9018738364537746,0.7043880634626377
1178700,FXLAfeY7Xqos8x4+2DlVmcLdXrJZZ62JVDY3Fpkzen2lvJMxOvYtKVZlfVKmGJgR,0.6272785645340031,12.343628457731413,3.6735989887709986
1179000,FXLAfeY7Xqos8x4+2DlVmcLdXrJZZ62JVDY3Fpkzen2lvJMxOvYtKVZlfVKmGJgR,0.6547717101990105,8.8073811485653,1.828479685251021
1179300,FXLAfeY7Xqos8x4+2DlVmcLdXrJZZ62JVDY3Fpkzen2lvJMxOvYtKVZlfVKmGJgR,0.6185741024188741,1.4277836635418657,0.79411432091882
1179600,FXLAfeY7Xqos8x4+2DlVmcLdXrJZZ62JVDY3Fpkzen2lvJMxOvYtKVZlfVKmGJgR,0.6591205677136746,0.8292526709808126,0.7345510150548695
1179900,FXLAfeY7Xqos8x4+2DlVmcLdXrJZZ62JVDY3Fpkzen2lvJMxOvYtKVZlfVKmGJgR,0.6191252449733067,1.349941835547093,0.7619755040964555
1180200,FXLAfeY7Xqos8x4+2DlVmcLdXrJZZ62JVDY3Fpkzen2lvJMxOvYtKVZlfVKmGJgR,0.610272798672047,0.8000843646336693,0.7060767986262698
1180500,FXLAfeY7Xqos8x4+2DlVmcLdXrJZZ62JVDY3Fpkzen2lvJMxOvYtKVZlfVKmGJgR,0.6369363390527811,1.4125110349586292,0.8135383178150601
1180800,FXLAfeY7Xqos8x4+2DlVmcLdXrJZZ62JVDY3Fpkzen2lvJMxOvYtKVZlfVKmGJgR,0.6150386065297895,1.0160301763008794,0.7316900523882337
1181100,FXLAfeY7Xqos8x4+2DlVmcLdXrJZZ62JVDY3Fpkzen2lvJMxOvYtKVZlfVKmGJgR,0.6057266629831589,1.5511033062550892,0.757468443174336
1181400,FXLAfeY7Xqos8x4+2DlVmcLdXrJZZ62JVDY3Fpkzen2lvJMxOvYtKVZlfVKmGJgR,0.6381500682577711,1.7092708975697892,0.8416131300712086
1181700,FXLAfeY7Xqos8x4+2DlVmcLdXrJZZ62JVDY3Fpkzen2lvJMxOvYtKVZlfVKmGJgR,0.6021583536406891,1.5235409218506222,0.785287462244177
1182000,FXLAfeY7Xqos8x4+2DlVmcLdXrJZZ62JVDY3Fpkzen2lvJMxOvYtKVZlfVKmGJgR,0.6429563127486781,0.8059658075655263,0.713848296543256
1182300,FXLAfeY7Xqos8x4+2DlVmcLdXrJZZ62JVDY3Fpkzen2lvJMxOvYtKVZlfVKmGJgR,0.621731133485181,1.4072092512409915,0.7983291809322455
1182600,FXLAfeY7Xqos8x4+2DlVmcLdXrJZZ62JVDY3Fpkzen2lvJMxOvYtKVZlfVKmGJgR,0.5941098117803764,4.097569167429352,1.3858813425209824
1182900,FXLAfeY7Xqos8x4+2DlVmcLdXrJZZ62JVDY3Fpkzen2lvJMxOvYtKVZlfVKmGJgR,0.5961335216634401,1.425373050505076,0.7753331037691275
1183200,FXLAfeY7Xqos8x4+2DlVmcLdXrJZZ62JVDY3Fpkzen2lvJMxOvYtKVZlfVKmGJgR,0.6472683221514249,1.0083722286218653,0.7514431000804473
1183500,FXLAfeY7Xqos8x4+2DlVmcLdXrJZZ62JVDY3Fpkzen2lvJMxOvYtKVZlfVKmGJgR,0.5805793171069967,1.5300520256577217,0.7630370530989373
1183800,FXLAfeY7Xqos8x4+2DlVmcLdXrJZZ62JVDY3Fpkzen2lvJMxOvYtKVZlfVKmGJgR,0.6567802460963893,0.8143345577954896,0.7125799105522131
1184100,FXLAfeY7Xqos8x4+2DlVmcLdXrJZZ62JVDY3Fpkzen2lvJMxOvYtKVZlfVKmGJgR,0.606798707540103,1.4950790398885008,0.7782739990227145
1184400,FXLAfeY7Xqos8x4+2DlVmcLdXrJZZ62JVDY3Fpkzen2lvJMxOvYtKVZlfVKmGJgR,0.6180162874232304,0.8552044057847966,0.7123667143553196
1184700,FXLAfeY7Xqos8x4+2DlVmcLdXrJZZ62JVDY3Fpkzen2lvJMxOvYtKVZlfVKmGJgR,0.6014929044368276,1.5552217186046762,0.7661906863311194
1185000,FXLAfeY7Xqos8x4+2DlVmcLdXrJZZ62JVDY3Fpkzen2lvJMxOvYtKVZlfVKmGJgR,0.6349675783148698,1.9877138925024076,0.8392257973693921
1185300,FXLAfeY7Xqos8x4+2DlVmcLdXrJZZ62JVDY3Fpkzen2lvJMxOvYtKVZlfVKmGJgR,0.6089923923204353,1.5168109026206056,0.7975979064219912
1185600,FXLAfeY7Xqos8x4+2DlVmcLdXrJZZ62JVDY3Fpkzen2lvJMxOvYtKVZlfVKmGJgR,0.634822521172584,0.860550563592689,0.7058878462166934
1185900,FXLAfeY7Xqos8x4+2DlVmcLdXrJZZ62JVDY3Fpkzen2lvJMxOvYtKVZlfVKmGJgR,0.6323225510509887,1.4957874579822883,0.8016360920350591
1186200,FXLAfeY7Xqos8x4+2DlVmcLdXrJZZ62JVDY3Fpkzen2lvJMxOvYtKVZlfVKmGJgR,0.6533703231306391,4.180781196900608,1.2427906464360838
1186500,FXLAfeY7Xqos8x4+2DlVmcLdXrJZZ62JVDY3Fpkzen2lvJMxOvYtKVZlfVKmGJgR,0.6383103560418512,1.4838843285248735,0.771296141941074
1186800,FXLAfeY7Xqos8x4+2DlVmcLdXrJZZ62JVDY3Fpkzen2lvJMxOvYtKVZlfVKmGJgR,0.6593448669423487,1.047926262026806,0.7506245730428281
1187100,FXLAfeY7Xqos8x4+2DlVmcLdXrJZZ62JVDY3Fpkzen2lvJMxOvYtKVZlfVKmGJgR,0.6165503552461968,1.3055736252717582,0.7557330170570434
1187400,FXLAfeY7Xqos8x4+2DlVmcLdXrJZZ62JVDY3Fpkzen2lvJMxOvYtKVZlfVKmGJgR,0.6285586153062338,0.8351753279194702,0.7179274755731175
1187700,FXLAfeY7Xqos8x4+2DlVmcLdXrJZZ62JVDY3Fpkzen2lvJMxOvYtKVZlfVKmGJgR,0.6257530199955682,1.5186735398916,0.8019004426484525
1188000,FXLAfeY7Xqos8x4+2DlVmcLdXrJZZ62JVDY3Fpkzen2lvJMxOvYtKVZlfVKmGJgR,0.5996757829776285,0.8478707869932791,0.7031079008952945
1188300,FXLAfeY7Xqos8x4+2DlVmcLdXrJZZ62JVDY3Fpkzen2lvJMxOvYtKVZlfVKmGJgR,0.5745745534336951,1.3046029591515498,0.7707035592425584
1188600,FXLAfeY7Xqos8x4+2DlVmcLdXrJZZ62JVDY3Fpkzen2lvJMxOvYtKVZlfVKmGJgR,0.595974709527756,1.8986095352081844,0.8239994726262339
1188900,FXLAfeY7Xqos8x4+2DlVmcLdXrJZZ62JVDY3Fpkzen2lvJMxOvYtKVZlfVKmGJgR,0.6133513781776514,1.39826339178422,0.7860631584824976
1189200,FXLAfeY7Xqos8x4+2DlVmcLdXrJZZ62JVDY3Fpkzen2lvJMxOvYtKVZlfVKmGJgR,0.610863379259524,9.136328384263056,2.444554185565953
1189500,FXLAfeY7Xqos8x4+2DlVmcLdXrJZZ62JVDY3Fpkzen2lvJMxOvYtKVZlfVKmGJgR,0.6375717204242182,1.074778240405262,0.7827803136814729
1189800,FXLAfeY7Xqos8x4+2DlVmcLdXrJZZ62JVDY3Fpkzen2lvJMxOvYtKVZlfVKmGJgR,0.6272971297776915,4.669782204325817,1.2183846795896545
1190100,FXLAfeY7Xqos8x4+2DlVmcLdXrJZZ62JVDY3Fpkzen2lvJMxOvYtKVZlfVKmGJgR,0.6272343755487925,1.3852543056584736,0.76649885874433
1190400,FXLAfeY7Xqos8x4+2DlVmcLdXrJZZ62JVDY3Fpkzen2lvJMxOvYtKVZlfVKmGJgR,0.6336420467481684,0.9545294926521452,0.766456328228618
1190700,FXLAfeY7Xqos8x4+2DlVmcLdXrJZZ62JVDY3Fpkzen2lvJMxOvYtKVZlfVKmGJgR,0.5949996606971522,1.3968054677681765,0.7551779115760836
1191000,FXLAfeY7Xqos8x4+2DlVmcLdXrJZZ62JVDY3Fpkzen2lvJMxOvYtKVZlfVKmGJgR,0.6268417857327586,0.9555337844910748,0.7145022247049727
1191300,FXLAfeY7Xqos8x4+2DlVmcLdXrJZZ62JVDY3Fpkzen2lvJMxOvYtKVZlfVKmGJgR,0.5989983260345321,1.5378874834615637,0.7829899570347365
1191600,FXLAfeY7Xqos8x4+2DlVmcLdXrJZZ62JVDY3Fpkzen2lvJMxOvYtKVZlfVKmGJgR,0.629614572738123,0.900810181153726,0.7162775399013063
1191900,FXLAfeY7Xqos8x4+2DlVmcLdXrJZZ62JVDY3Fpkzen2lvJMxOvYtKVZlfVKmGJgR,0.6169144158050061,1.39000888000636,0.7681302973213365
1192200,FXLAfeY7Xqos8x4+2DlVmcLdXrJZZ62JVDY3Fpkzen2lvJMxOvYtKVZlfVKmGJgR,0.6202696543289862,1.3708971930640037,0.8156053530291554
1192500,FXLAfeY7Xqos8x4+2DlVmcLdXrJZZ62JVDY3Fpkzen2lvJMxOvYtKVZlfVKmGJgR,0.6233286654039328,1.3401238711740404,0.7713027171305135
1192800,FXLAfeY7Xqos8x4+2DlVmcLdXrJZZ62JVDY3Fpkzen2lvJMxOvYtKVZlfVKmGJgR,0.5982716865340871,0.8074278750747602,0.7054014038810102
1193100,FXLAfeY7Xqos8x4+2DlVmcLdXrJZZ62JVDY3Fpkzen2lvJMxOvYtKVZlfVKmGJgR,0.6087205961197195,30.829523528835708,10.75500607359656
1193400,FXLAfeY7Xqos8x4+2DlVmcLdXrJZZ62JVDY3Fpkzen2lvJMxOvYtKVZlfVKmGJgR,0.6555767355745225,17.115317766235925,3.5279216408401144
1193700,FXLAfeY7Xqos8x4+2DlVmcLdXrJZZ62JVDY3Fpkzen2lvJMxOvYtKVZlfVKmGJgR,0.6156622944752017,4.432155872954832,1.2863035206690474
1194000,FXLAfeY7Xqos8x4+2DlVmcLdXrJZZ62JVDY3Fpkzen2lvJMxOvYtKVZlfVKmGJgR,0.6412742181624941,0.9960371222372756,0.799075449144441
1194300,FXLAfeY7Xqos8x4+2DlVmcLdXrJZZ62JVDY3Fpkzen2lvJMxOvYtKVZlfVKmGJgR,0.5980614491646117,16.4821994024889,2.8834898889397107
1194600,FXLAfeY7Xqos8x4+2DlVmcLdXrJZZ62JVDY3Fpkzen2lvJMxOvYtKVZlfVKmGJgR,0.6878926412307027,6.328339406667675,1.547344605208638
1194900,FXLAfeY7Xqos8x4+2DlVmcLdXrJZZ62JVDY3Fpkzen2lvJMxOvYtKVZlfVKmGJgR,0.6542849948575209,1.1885877948667296,0.8181985946171035
1195200,FXLAfeY7Xqos8x4+2DlVmcLdXrJZZ62JVDY3Fpkzen2lvJMxOvYtKVZlfVKmGJgR,0.6412449033034326,1.1739537213458793,0.7407573278573305
1195500,FXLAfeY7Xqos8x4+2DlVmcLdXrJZZ62JVDY3Fpkzen2lvJMxOvYtKVZlfVKmGJgR,0.6357039198452183,1.3399167680459612,0.8373809152664657
1195800,FXLAfeY7Xqos8x4+2DlVmcLdXrJZZ62JVDY3Fpkzen2lvJMxOvYtKVZlfVKmGJgR,0.6548919348561416,2.04932437783464,0.8846838227126766
1196100,FXLAfeY7Xqos8x4+2DlVmcLdXrJZZ62JVDY3Fpkzen2lvJMxOvYtKVZlfVKmGJgR,0.6408857193199506,1.4343941056853218,0.8169902711657322
1196400,FXLAfeY7Xqos8x4+2DlVmcLdXrJZZ62JVDY3Fpkzen2lvJMxOvYtKVZlfVKmGJgR,0.6366907088978861,0.9208219529431304,0.7380375909653448
1196700,FXLAfeY7Xqos8x4+2DlVmcLdXrJZZ62JVDY3Fpkzen2lvJMxOvYtKVZlfVKmGJgR,0.652719539614021,1.4360855697857642,0.8332488551982613
1197000,FXLAfeY7Xqos8x4+2DlVmcLdXrJZZ62JVDY3Fpkzen2lvJMxOvYtKVZlfVKmGJgR,0.6853866447380067,4.216725167319316,1.032382087171955
1197300,FXLAfeY7Xqos8x4+2DlVmcLdXrJZZ62JVDY3Fpkzen2lvJMxOvYtKVZlfVKmGJgR,0.6337138825638541,4.066429246844503,1.6017619753446024
1197600,FXLAfeY7Xqos8x4+2DlVmcLdXrJZZ62JVDY3Fpkzen2lvJMxOvYtKVZlfVKmGJgR,0.6358448046632823,0.8973516896480263,0.757695770294631
1197900,FXLAfeY7Xqos8x4+2DlVmcLdXrJZZ62JVDY3Fpkzen2lvJMxOvYtKVZlfVKmGJgR,0.5631219944180221,1.4121372522041116,0.7682417130536201
1198200,FXLAfeY7Xqos8x4+2DlVmcLdXrJZZ62JVDY3Fpkzen2lvJMxOvYtKVZlfVKmGJgR,0.6213390820892932,0.9016460373354696,0.7162921139380054
1198500,FXLAfeY7Xqos8x4+2DlVmcLdXrJZZ62JVDY3Fpkzen2lvJMxOvYtKVZlfVKmGJgR,0.6114713841952816,1.321510055916565,0.796183703015472
1198800,FXLAfeY7Xqos8x4+2DlVmcLdXrJZZ62JVDY3Fpkzen2lvJMxOvYtKVZlfVKmGJgR,0.6029587448871048,0.8593890823421751,0.7144644080316908
1199100,FXLAfeY7Xqos8x4+2DlVmcLdXrJZZ62JVDY3Fpkzen2lvJMxOvYtKVZlfVKmGJgR,0.5906884507227412,1.449309976943502,0.753338680104773
1199400,FXLAfeY7Xqos8x4+2DlVmcLdXrJZZ62JVDY3Fpkzen2lvJMxOvYtKVZlfVKmGJgR,0.583836879544564,1.675023869197637,0.8307877185825555
1199700,FXLAfeY7Xqos8x4+2DlVmcLdXrJZZ62JVDY3Fpkzen2lvJMxOvYtKVZlfVKmGJgR,0.6158075261562623,1.323060088869578,0.7669911663483989
1200000,FXLAfeY7Xqos8x4+2DlVmcLdXrJZZ62JVDY3Fpkzen2lvJMxOvYtKVZlfVKmGJgR,0.6137956945392243,0.8688012464856562,0.716593224309929
1200300,FXLAfeY7Xqos8x4+2DlVmcLdXrJZZ62JVDY3Fpkzen2lvJMxOvYtKVZlfVKmGJgR,0.5843667207254866,1.4864965973217652,0.7715858799663343
1200600,FXLAfeY7Xqos8x4+2DlVmcLdXrJZZ62JVDY3Fpkzen2lvJMxOvYtKVZlfVKmGJgR,0.6195650877387178,0.8612814844491824,0.7079184452129534
1200900,FXLAfeY7Xqos8x4+2DlVmcLdXrJZZ62JVDY3Fpkzen2lvJMxOvYtKVZlfVKmGJgR,0.6000185837044419,4.554946722538323,1.313727625243534
1201200,FXLAfeY7Xqos8x4+2DlVmcLdXrJZZ62JVDY3Fpkzen2lvJMxOvYtKVZlfVKmGJgR,0.6687382660192559,0.917570181006018,0.7583072551730577
1201500,FXLAfeY7Xqos8x4+2DlVmcLdXrJZZ62JVDY3Fpkzen2lvJMxOvYtKVZlfVKmGJgR,0.5795090718605489,1.4437121116401466,0.7424599085286989
1201800,FXLAfeY7Xqos8x4+2DlVmcLdXrJZZ62JVDY3Fpkzen2lvJMxOvYtKVZlfVKmGJgR,0.6071587593945557,0.8842095300951183,0.7028036878858258
1202100,FXLAfeY7Xqos8x4+2DlVmcLdXrJZZ62JVDY3Fpkzen2lvJMxOvYtKVZlfVKmGJgR,0.5582589602331465,0.9405518818031414,0.7383338402138641
1202400,FXLAfeY7Xqos8x4+2DlVmcLdXrJZZ62JVDY3Fpkzen2lvJMxOvYtKVZlfVKmGJgR,0.617793718679033,1.2896532403414884,0.7752382723089631
1202700,FXLAfeY7Xqos8x4+2DlVmcLdXrJZZ62JVDY3Fpkzen2lvJMxOvYtKVZlfVKmGJgR,0.6192712966814674,0.9000542998858572,0.7115771683050082
1203000,FXLAfeY7Xqos8x4+2DlVmcLdXrJZZ62JVDY3Fpkzen2lvJMxOvYtKVZlfVKmGJgR,0.6078824978134052,1.6886739374865831,0.9759125644511516
1203300,FXLAfeY7Xqos8x4+2DlVmcLdXrJZZ62JVDY3Fpkzen2lvJMxOvYtKVZlfVKmGJgR,0.6304567532667043,0.8574791104075933,0.7189578708276035
1203600,FXLAfeY7Xqos8x4+2DlVmcLdXrJZZ62JVDY3Fpkzen2lvJMxOvYtKVZlfVKmGJgR,0.6471918439510548,1.297208077214163,0.7729650062376545
1203900,FXLAfeY7Xqos8x4+2DlVmcLdXrJZZ62JVDY3Fpkzen2lvJMxOvYtKVZlfVKmGJgR,0.631142699313467,16.850499178892953,2.402731833478044
1204200,FXLAfeY7Xqos8x4+2DlVmcLdXrJZZ62JVDY3Fpkzen2lvJMxOvYtKVZlfVKmGJgR,0.7624097657773267,1.2496622124104386,0.897366354963596
1204500,FXLAfeY7Xqos8x4+2DlVmcLdXrJZZ62JVDY3Fpkzen2lvJMxOvYtKVZlfVKmGJgR,0.7265951796932467,4.544307007489976,1.3655955985772323
1204800,FXLAfeY7Xqos8x4+2DlVmcLdXrJZZ62JVDY3Fpkzen2lvJMxOvYtKVZlfVKmGJgR,0.7978339365462088,1.5068498758020177,0.9583926185291342
1205100,FXLAfeY7Xqos8x4+2DlVmcLdXrJZZ62JVDY3Fpkzen2lvJMxOvYtKVZlfVKmGJgR,0.7201729807353378,4.481703615574388,1.2486427741200994
1205400,FXLAfeY7Xqos8x4+2DlVmcLdXrJZZ62JVDY3Fpkzen2lvJMxOvYtKVZlfVKmGJgR,0.7912562758070899,27.89127213216079,6.041755069076755
1205700,FXLAfeY7Xqos8x4+2DlVmcLdXrJZZ62JVDY3Fpkzen2lvJMxOvYtKVZlfVKmGJgR,20.99210148620158,32.149771801215024,26.884093705522535
1206000,FXLAfeY7Xqos8x4+2DlVmcLdXrJZZ62JVDY3Fpkzen2lvJMxOvYtKVZlfVKmGJgR,22.207375667737455,30.234246998009983,25.98741394612477
1206300,FXLAfeY7Xqos8x4+2DlVmcLdXrJZZ62JVDY3Fpkzen2lvJMxOvYtKVZlfVKmGJgR,25.7709728743394,30.61043815991762,27.694894085563146
1206600,FXLAfeY7Xqos8x4+2DlVmcLdXrJZZ62JVDY3Fpkzen2lvJMxOvYtKVZlfVKmGJgR,18.908110974370423,30.61223387953287,25.76514628456066
1206900,FXLAfeY7Xqos8x4+2DlVmcLdXrJZZ62JVDY3Fpkzen2lvJMxOvYtKVZlfVKmGJgR,16.477746264960732,29.610939301423183,24.13658333353725
1207200,FXLAfeY7Xqos8x4+2DlVmcLdXrJZZ62JVDY3Fpkzen2lvJMxOvYtKVZlfVKmGJgR,22.96899395403407,30.15592706643011,26.436045611218677
1207500,FXLAfeY7Xqos8x4+2DlVmcLdXrJZZ62JVDY3Fpkzen2lvJMxOvYtKVZlfVKmGJgR,23.39892613015916,29.67640795646956,26.746184090218694
1207800,FXLAfeY7Xqos8x4+2DlVmcLdXrJZZ62JVDY3Fpkzen2lvJMxOvYtKVZlfVKmGJgR,22.884989347413512,31.195691951531625,26.164611197908823
1208100,FXLAfeY7Xqos8x4+2DlVmcLdXrJZZ62JVDY3Fpkzen2lvJMxOvYtKVZlfVKmGJgR,20.57518975747548,31.16982123348265,26.76639492837411
1208400,FXLAfeY7Xqos8x4+2DlVmcLdXrJZZ62JVDY3Fpkzen2lvJMxOvYtKVZlfVKmGJgR,18.359178367805885,31.065932985578616,26.6434820032694
1208700,FXLAfeY7Xqos8x4+2DlVmcLdXrJZZ62JVDY3Fpkzen2lvJMxOvYtKVZlfVKmGJgR,0.6894273729066916,28.787365817365263,17.57763632976074
1209000,FXLAfeY7Xqos8x4+2DlVmcLdXrJZZ62JVDY3Fpkzen2lvJMxOvYtKVZlfVKmGJgR,0.6402128752647758,1.2641243374062754,0.7791828832405177
1209300,FXLAfeY7Xqos8x4+2DlVmcLdXrJZZ62JVDY3Fpkzen2lvJMxOvYtKVZlfVKmGJgR,0.6536533675616634,0.9219159085086532,0.7460048305573767
1209600,FXLAfeY7Xqos8x4+2DlVmcLdXrJZZ62JVDY3Fpkzen2lvJMxOvYtKVZlfVKmGJgR,0.6275586814808121,1.3251730331009,0.7725000996154924
1209900,FXLAfeY7Xqos8x4+2DlVmcLdXrJZZ62JVDY3Fpkzen2lvJMxOvYtKVZlfVKmGJgR,0.600413492792231,0.7807845962318417,0.6901727652696443
1210200,FXLAfeY7Xqos8x4+2DlVmcLdXrJZZ62JVDY3Fpkzen2lvJMxOvYtKVZlfVKmGJgR,0.6781499645009038,1.835859973899656,0.8926750377821746
1210500,FXLAfeY7Xqos8x4+2DlVmcLdXrJZZ62JVDY3Fpkzen2lvJMxOvYtKVZlfVKmGJgR,0.5839973786884566,0.8339908462493854,0.7180826746517865
1210800,FXLAfeY7Xqos8x4+2DlVmcLdXrJZZ62JVDY3Fpkzen2lvJMxOvYtKVZlfVKmGJgR,0.6261526589670793,1.3545768153303956,0.7727069657152273
1211100,FXLAfeY7Xqos8x4+2DlVmcLdXrJZZ62JVDY3Fpkzen2lvJMxOvYtKVZlfVKmGJgR,0.6118298846775667,0.8896438618798994,0.7205972122675439
1211400,FXLAfeY7Xqos8x4+2DlVmcLdXrJZZ62JVDY3Fpkzen2lvJMxOvYtKVZlfVKmGJgR,0.6493547700176887,1.2708439869753785,0.7615078403945765
1211700,FXLAfeY7Xqos8x4+2DlVmcLdXrJZZ62JVDY3Fpkzen2lvJMxOvYtKVZlfVKmGJgR,0.6369699961038195,4.497127762809329,1.1503027128014287
1212000,FXLAfeY7Xqos8x4+2DlVmcLdXrJZZ62JVDY3Fpkzen2lvJMxOvYtKVZlfVKmGJgR,0.6926636440695955,1.389459029347921,0.8235849925981584
1212300,FXLAfeY7Xqos8x4+2DlVmcLdXrJZZ62JVDY3Fpkzen2lvJMxOvYtKVZlfVKmGJgR,0.6054649378154185,0.8282133766649556,0.7064681671418394
1212600,FXLAfeY7Xqos8x4+2DlVmcLdXrJZZ62JVDY3Fpkzen2lvJMxOvYtKVZlfVKmGJgR,0.613323715382215,1.3012875427326764,0.766956897384048
1212900,FXLAfeY7Xqos8x4+2DlVmcLdXrJZZ62JVDY3Fpkzen2lvJMxOvYtKVZlfVKmGJgR,0.615472338482325,0.833854832080292,0.7184965285793183
1213200,FXLAfeY7Xqos8x4+2DlVmcLdXrJZZ62JVDY3Fpkzen2lvJMxOvYtKVZlfVKmGJgR,0.6404475756480202,1.241261568973564,0.7668411485880888
1213500,FXLAfeY7Xqos8x4+2DlVmcLdXrJZZ62JVDY3Fpkzen2lvJMxOvYtKVZlfVKmGJgR,0.5582079364777208,0.835078913140919,0.6986509332390856
1213800,FXLAfeY7Xqos8x4+2DlVmcLdXrJZZ62JVDY3Fpkzen2lvJMxOvYtKVZlfVKmGJgR,0.6663012637799838,1.3801430799306318,0.866074703681772
1214100,FXLAfeY7Xqos8x4+2DlVmcLdXrJZZ62JVDY3Fpkzen2lvJMxOvYtKVZlfVKmGJgR,0.6458844895029123,0.8164214324213803,0.7249537574433396
1214400,FXLAfeY7Xqos8x4+2DlVmcLdXrJZZ62JVDY3Fpkzen2lvJMxOvYtKVZlfVKmGJgR,0.6559017296538288,1.2122946689466232,0.7585943745907641
1214700,FXLAfeY7Xqos8x4+2DlVmcLdXrJZZ62JVDY3Fpkzen2lvJMxOvYtKVZlfVKmGJgR,0.6191143945612813,0.8955026775309956,0.7580604292058962
1215000,FXLAfeY7Xqos8x4+2DlVmcLdXrJZZ62JVDY3Fpkzen2lvJMxOvYtKVZlfVKmGJgR,0.6755957543061691,1.2622274689560593,0.7905555273722743
1215300,FXLAfeY7Xqos8x4+2DlVmcLdXrJZZ62JVDY3Fpkzen2lvJMxOvYtKVZlfVKmGJgR,0.6536815020807949,4.290726800802249,1.069123543221762
1215600,FXLAfeY7Xqos8x4+2DlVmcLdXrJZZ62JVDY3Fpkzen2lvJMxOvYtKVZlfVKmGJgR,0.6605974592686908,2.898718199102787,1.0437282214413162
1215900,FXLAfeY7Xqos8x4+2DlVmcLdXrJZZ62JVDY3Fpkzen2lvJMxOvYtKVZlfVKmGJgR,0.6496507681544625,3.143697820119767,1.0444386417902354
1216200,FXLAfeY7Xqos8x4+2DlVmcLdXrJZZ62JVDY3Fpkzen2lvJMxOvYtKVZlfVKmGJgR,0.6489392533427988,1.3335049429332515,0.7813730562016254
1216500,FXLAfeY7Xqos8x4+2DlVmcLdXrJZZ62JVDY3Fpkzen2lvJMxOvYtKVZlfVKmGJgR,0.6111587628584993,0.905758408511018,0.751069949422766
1216800,FXLAfeY7Xqos8x4+2DlVmcLdXrJZZ62JVDY3Fpkzen2lvJMxOvYtKVZlfVKmGJgR,0.6481206539704629,1.4098841506271478,0.8024759443555266
1217100,FXLAfeY7Xqos8x4+2DlVmcLdXrJZZ62JVDY3Fpkzen2lvJMxOvYtKVZlfVKmGJgR,0.646689796205305,0.8624561984250758,0.7368530718082839
1217400,FXLAfeY7Xqos8x4+2DlVmcLdXrJZZ62JVDY3Fpkzen2lvJMxOvYtKVZlfVKmGJgR,0.639762861146588,1.2270481504854098,0.8011537959689276
1217700,FXLAfeY7Xqos8x4+2DlVmcLdXrJZZ62JVDY3Fpkzen2lvJMxOvYtKVZlfVKmGJgR,0.5891142517511803,1.5803582883462817,0.817255172757396
1218000,FXLAfeY7Xqos8x4+2DlVmcLdXrJZZ62JVDY3Fpkzen2lvJMxOvYtKVZlfVKmGJgR,0.690916612815238,7.883295591537182,2.4733172487047885
1218300,FXLAfeY7Xqos8x4+2DlVmcLdXrJZZ62JVDY3Fpkzen2lvJMxOvYtKVZlfVKmGJgR,0.7067254543796417,0.906890827849871,0.7932874875284373
1218600,FXLAfeY7Xqos8x4+2DlVmcLdXrJZZ62JVDY3Fpkzen2lvJMxOvYtKVZlfVKmGJgR,0.6497258862670708,1.315039624423426,0.8079890861258354
1218900,FXLAfeY7Xqos8x4+2DlVmcLdXrJZZ62JVDY3Fpkzen2lvJMxOvYtKVZlfVKmGJgR,0.600670859116159,0.9032770332668733,0.732405201280019
1219200,FXLAfeY7Xqos8x4+2DlVmcLdXrJZZ62JVDY3Fpkzen2lvJMxOvYtKVZlfVKmGJgR,0.6753751339554309,4.048771659289069,1.296529472574356
1219500,FXLAfeY7Xqos8x4+2DlVmcLdXrJZZ62JVDY3Fpkzen2lvJMxOvYtKVZlfVKmGJgR,0.6048721963181987,0.8679588867766159,0.729677921642159
1219800,FXLAfeY7Xqos8x4+2DlVmcLdXrJZZ62JVDY3Fpkzen2lvJMxOvYtKVZlfVKmGJgR,0.6343414973980641,1.5150101677146717,0.7903901045102057
1220100,FXLAfeY7Xqos8x4+2DlVmcLdXrJZZ62JVDY3Fpkzen2lvJMxOvYtKVZlfVKmGJgR,0.6323073770733859,0.9200765528320742,0.7374862813607792
1220400,FXLAfeY7Xqos8x4+2DlVmcLdXrJZZ62JVDY3Fpkzen2lvJMxOvYtKVZlfVKmGJgR,0.6762690006994087,1.3551706657967135,0.7961077642470944
1220700,FXLAfeY7Xqos8x4+2DlVmcLdXrJZZ62JVDY3Fpkzen2lvJMxOvYtKVZlfVKmGJgR,0.6214032960491355,0.8666397364186978,0.7264659066709657
1221000,FXLAfeY7Xqos8x4+2DlVmcLdXrJZZ62JVDY3Fpkzen2lvJMxOvYtKVZlfVKmGJgR,0.65410195661525,1.7419596847549002,1.027232144250188
1221300,FXLAfeY7Xqos8x4+2DlVmcLdXrJZZ62JVDY3Fpkzen2lvJMxOvYtKVZlfVKmGJgR,0.6518680056085622,1.60960234443248,0.8287760900965941
1221600,FXLAfeY7Xqos8x4+2DlVmcLdXrJZZ62JVDY3Fpkzen2lvJMxOvYtKVZlfVKmGJgR,0.6678616395759299,1.4505532313035334,0.8135006249164378
1221900,FXLAfeY7Xqos8x4+2DlVmcLdXrJZZ62JVDY3Fpkzen2lvJMxOvYtKVZlfVKmGJgR,0.6645517279347262,0.8937917193039033,0.758308832176997
1222200,FXLAfeY7Xqos8x4+2DlVmcLdXrJZZ62JVDY3Fpkzen2lvJMxOvYtKVZlfVKmGJgR,0.6381954166739487,1.470039203923149,0.7831377284432095
1222500,FXLAfeY7Xqos8x4+2DlVmcLdXrJZZ62JVDY3Fpkzen2lvJMxOvYtKVZlfVKmGJgR,0.6083953700649662,0.9195937856009766,0.7345617589841495
1222800,FXLAfeY7Xqos8x4+2DlVmcLdXrJZZ62JVDY3Fpkzen2lvJMxOvYtKVZlfVKmGJgR,0.6740007825851273,92.73540412806553,51.12131017031711
1223100,FXLAfeY7Xqos8x4+2DlVmcLdXrJZZ62JVDY3Fpkzen2lvJMxOvYtKVZlfVKmGJgR,0.6750191357203633,91.49432924549583,22.265795864065
1223400,FXLAfeY7Xqos8x4+2DlVmcLdXrJZZ62JVDY3Fpkzen2lvJMxOvYtKVZlfVKmGJgR,0.6748234694334763,1.385170735742764,0.816529402819414
1223700,FXLAfeY7Xqos8x4+2DlVmcLdXrJZZ62JVDY3Fpkzen2lvJMxOvYtKVZlfVKmGJgR,0.6723046505216524,1.04777838588674,0.7798853534759602
1224000,FXLAfeY7Xqos8x4+2DlVmcLdXrJZZ62JVDY3Fpkzen2lvJMxOvYtKVZlfVKmGJgR,0.6529828449481053,1.3318208760181487,0.7988201252317843
1224300,FXLAfeY7Xqos8x4+2DlVmcLdXrJZZ62JVDY3Fpkzen2lvJMxOvYtKVZlfVKmGJgR,0.623180417215162,0.8589722641490691,0.7256553999941338
1224600,FXLAfeY7Xqos8x4+2DlVmcLdXrJZZ62JVDY3Fpkzen2lvJMxOvYtKVZlfVKmGJgR,0.6590365726833266,1.2991960297993697,0.8093085345078052
1224900,FXLAfeY7Xqos8x4+2DlVmcLdXrJZZ62JVDY3Fpkzen2lvJMxOvYtKVZlfVKmGJgR,0.6315254390633441,1.9947290883889397,0.8423242212587739
1225200,FXLAfeY7Xqos8x4+2DlVmcLdXrJZZ62JVDY3Fpkzen2lvJMxOvYtKVZlfVKmGJgR,0.6442997849104475,1.4402182059816568,0.7873095593928757
1225500,FXLAfeY7Xqos8x4+2DlVmcLdXrJZZ62JVDY3Fpkzen2lvJMxOvYtKVZlfVKmGJgR,0.6565112061161074,0.864466020007963,0.7538528062578328
1225800,FXLAfeY7Xqos8x4+2DlVmcLdXrJZZ62JVDY3Fpkzen2lvJMxOvYtKVZlfVKmGJgR,0.6367846376933332,1.3718719099627317,0.7817743213601631
1226100,FXLAfeY7Xqos8x4+2DlVmcLdXrJZZ62JVDY3Fpkzen2lvJMxOvYtKVZlfVKmGJgR,0.6336788417629152,0.8794339699507115,0.721042297106679
1226400,FXLAfeY7Xqos8x4+2DlVmcLdXrJZZ62JVDY3Fpkzen2lvJMxOvYtKVZlfVKmGJgR,0.6016546557557696,4.545679111913572,1.3111704623718634
1226700,FXLAfeY7Xqos8x4+2DlVmcLdXrJZZ62JVDY3Fpkzen2lvJMxOvYtKVZlfVKmGJgR,0.6218878717264593,0.8919776037356426,0.7196327723631784
1227000,FXLAfeY7Xqos8x4+2DlVmcLdXrJZZ62JVDY3Fpkzen2lvJMxOvYtKVZlfVKmGJgR,0.6736321623557514,1.3799812735228552,0.7961232063777548
1227300,FXLAfeY7Xqos8x4+2DlVmcLdXrJZZ62JVDY3Fpkzen2lvJMxOvYtKVZlfVKmGJgR,0.6665716727833214,0.8641380213698594,0.7548190614025736
1227600,FXLAfeY7Xqos8x4+2DlVmcLdXrJZZ62JVDY3Fpkzen2lvJMxOvYtKVZlfVKmGJgR,0.6267453359795913,1.3749534019369725,0.7748466160658609
1227900,FXLAfeY7Xqos8x4+2DlVmcLdXrJZZ62JVDY3Fpkzen2lvJMxOvYtKVZlfVKmGJgR,0.5836428150717193,0.9131432292873488,0.7139822666381381
1228200,FXLAfeY7Xqos8x4+2DlVmcLdXrJZZ62JVDY3Fpkzen2lvJMxOvYtKVZlfVKmGJgR,0.635335691428293,1.3336373851952754,0.7990343109638874
1228500,FXLAfeY7Xqos8x4+2DlVmcLdXrJZZ62JVDY3Fpkzen2lvJMxOvYtKVZlfVKmGJgR,0.605205698489596,1.6263706871890886,0.809138915442272
1228800,FXLAfeY7Xqos8x4+2DlVmcLdXrJZZ62JVDY3Fpkzen2lvJMxOvYtKVZlfVKmGJgR,0.6277571389146214,1.3406864917433003,0.7804902160930663
1229100,FXLAfeY7Xqos8x4+2DlVmcLdXrJZZ62JVDY3Fpkzen2lvJMxOvYtKVZlfVKmGJgR,0.6464073142826909,0.884401621273531,0.7372039594921973
1229400,FXLAfeY7Xqos8x4+2DlVmcLdXrJZZ62JVDY3Fpkzen2lvJMxOvYtKVZlfVKmGJgR,0.6460449872842258,1.367565756204742,0.780104084959634
1229700,FXLAfeY7Xqos8x4+2DlVmcLdXrJZZ62JVDY3Fpkzen2lvJMxOvYtKVZlfVKmGJgR,0.6288105498069374,0.843831678004005,0.7166566379534318
1230000,FXLAfeY7Xqos8x4+2DlVmcLdXrJZZ62JVDY3Fpkzen2lvJMxOvYtKVZlfVKmGJgR,0.6521730590360396,4.597132320950978,1.3002549062072284
1230300,FXLAfeY7Xqos8x4+2DlVmcLdXrJZZ62JVDY3Fpkzen2lvJMxOvYtKVZlfVKmGJgR,0.6271342513563374,0.881782029215704,0.7271730089453766
1230600,FXLAfeY7Xqos8x4+2DlVmcLdXrJZZ62JVDY3Fpkzen2lvJMxOvYtKVZlfVKmGJgR,0.6456323856891494,1.3216808700264453,0.7785777850148312
1230900,FXLAfeY7Xqos8x4+2DlVmcLdXrJZZ62JVDY3Fpkzen2lvJMxOvYtKVZlfVKmGJgR,0.6180070493695862,0.9479168667871892,0.754299653261038
1231200,FXLAfeY7Xqos8x4+2DlVmcLdXrJZZ62JVDY3Fpkzen2lvJMxOvYtKVZlfVKmGJgR,0.6532687543983687,1.3994338078195374,0.7882214028632452
1231500,FXLAfeY7Xqos8x4+2DlVmcLdXrJZZ62JVDY3Fpkzen2lvJMxOvYtKVZlfVKmGJgR,0.6094360819352324,0.8555507993290402,0.7030473144560925
1231800,FXLAfeY7Xqos8x4+2DlVmcLdXrJZZ62JVDY3Fpkzen2lvJMxOvYtKVZlfVKmGJgR,0.6361489335432182,1.3540444042160542,0.7895656319780403
1232100,FXLAfeY7Xqos8x4+2DlVmcLdXrJZZ62JVDY3Fpkzen2lvJMxOvYtKVZlfVKmGJgR,0.6216729654138043,1.7361783008250071,0.7981132150415331
1232400,FXLAfeY7Xqos8x4+2DlVmcLdXrJZZ62JVDY3Fpkzen2lvJMxOvYtKVZlfVKmGJgR,0.6429535989545676,1.3428796863665498,0.7811522189928343
1232700,FXLAfeY7Xqos8x4+2DlVmcLdXrJZZ62JVDY3Fpkzen2lvJMxOvYtKVZlfVKmGJgR,0.6569068384586525,0.869820932988912,0.727784625034215
1233000,FXLAfeY7Xqos8x4+2DlVmcLdXrJZZ62JVDY3Fpkzen2lvJMxOvYtKVZlfVKmGJgR,0.6338689823484253,1.305064476325914,0.7744844250430101
1233300,FXLAfeY7Xqos8x4+2DlVmcLdXrJZZ62JVDY3Fpkzen2lvJMxOvYtKVZlfVKmGJgR,0.6253558665907484,0.8428187927596608,0.7042723689437537
1233600,FXLAfeY7Xqos8x4+2DlVmcLdXrJZZ62JVDY3Fpkzen2lvJMxOvYtKVZlfVKmGJgR,0.6565507770166245,4.227543989110781,1.295252461206261
1233900,FXLAfeY7Xqos8x4+2DlVmcLdXrJZZ62JVDY3Fpkzen2lvJMxOvYtKVZlfVKmGJgR,0.5864613753660473,0.849360824849207,0.7269268502771189
1234200,FXLAfeY7Xqos8x4+2DlVmcLdXrJZZ62JVDY3Fpkzen2lvJMxOvYtKVZlfVKmGJgR,0.6411573781333731,1.2628676913608097,0.7714329431852264
1234500,FXLAfeY7Xqos8x4+2DlVmcLdXrJZZ62JVDY3Fpkzen2lvJMxOvYtKVZlfVKmGJgR,0.6125603052185002,0.8613511651599961,0.7229587663013946
1234800,FXLAfeY7Xqos8x4+2DlVmcLdXrJZZ62JVDY3Fpkzen2lvJMxOvYtKVZlfVKmGJgR,0.6415221079872577,1.3015454808461022,0.7762182966841322
1235100,FXLAfeY7Xqos8x4+2DlVmcLdXrJZZ62JVDY3Fpkzen2lvJMxOvYtKVZlfVKmGJgR,0.6230550537988959,0.8702447198903464,0.727285394483778
1235400,FXLAfeY7Xqos8x4+2DlVmcLdXrJZZ62JVDY3Fpkzen2lvJMxOvYtKVZlfVKmGJgR,0.6392886631765695,1.511794793782992,0.7967783062443476
1235700,FXLAfeY7Xqos8x4+2DlVmcLdXrJZZ62JVDY3Fpkzen2lvJMxOvYtKVZlfVKmGJgR,0.6392925677214553,1.2622615479447468,0.7999881190086257
1236000,FXLAfeY7Xqos8x4+2DlVmcLdXrJZZ62JVDY3Fpkzen2lvJMxOvYtKVZlfVKmGJgR,0.6133843191639508,1.4684713725964322,0.781577704799546
1236300,FXLAfeY7Xqos8x4+2DlVmcLdXrJZZ62JVDY3Fpkzen2lvJMxOvYtKVZlfVKmGJgR,0.66583090081359,23.87373688866392,2.8513083311176413
1236600,FXLAfeY7Xqos8x4+2DlVmcLdXrJZZ62JVDY3Fpkzen2lvJMxOvYtKVZlfVKmGJgR,0.650067224140767,1.1353037561297332,0.7755375673890674
1236900,FXLAfeY7Xqos8x4+2DlVmcLdXrJZZ62JVDY3Fpkzen2lvJMxOvYtKVZlfVKmGJgR,0.62478609722782,0.8782604207537488,0.717342585164833
1237200,FXLAfeY7Xqos8x4+2DlVmcLdXrJZZ62JVDY3Fpkzen2lvJMxOvYtKVZlfVKmGJgR,0.6392048685876671,3.6123309191332207,1.3962495037991558
1237500,FXLAfeY7Xqos8x4+2DlVmcLdXrJZZ62JVDY3Fpkzen2lvJMxOvYtKVZlfVKmGJgR,0.6351786714421123,1.008512113218608,0.747998106064007
1237800,FXLAfeY7Xqos8x4+2DlVmcLdXrJZZ62JVDY3Fpkzen2lvJMxOvYtKVZlfVKmGJgR,0.6533201567337171,1.425182191583234,0.8118236111270082
1238100,FXLAfeY7Xqos8x4+2DlVmcLdXrJZZ62JVDY3Fpkzen2lvJMxOvYtKVZlfVKmGJgR,0.658508985222038,0.988800179141152,0.756709004520709
1238400,FXLAfeY7Xqos8x4+2DlVmcLdXrJZZ62JVDY3Fpkzen2lvJMxOvYtKVZlfVKmGJgR,0.6460629554976068,1.0314342398560423,0.7469886308777614
1238700,FXLAfeY7Xqos8x4+2DlVmcLdXrJZZ62JVDY3Fpkzen2lvJMxOvYtKVZlfVKmGJgR,0.611789522052261,1.1089265809652225,0.7373265413048137
1239000,FXLAfeY7Xqos8x4+2DlVmcLdXrJZZ62JVDY3Fpkzen2lvJMxOvYtKVZlfVKmGJgR,0.6165374747734956,1.3887216046820612,0.8112989183258611
1239300,FXLAfeY7Xqos8x4+2DlVmcLdXrJZZ62JVDY3Fpkzen2lvJMxOvYtKVZlfVKmGJgR,0.6396669331060841,1.803273562258732,0.8130926798730113
1239600,FXLAfeY7Xqos8x4+2DlVmcLdXrJZZ62JVDY3Fpkzen2lvJMxOvYtKVZlfVKmGJgR,0.6399848408465576,1.306446110928806,0.7906825635120049
1239900,FXLAfeY7Xqos8x4+2DlVmcLdXrJZZ62JVDY3Fpkzen2lvJMxOvYtKVZlfVKmGJgR,0.6427353889502082,0.8957422524710154,0.7293265261390409
1240200,FXLAfeY7Xqos8x4+2DlVmcLdXrJZZ62JVDY3Fpkzen2lvJMxOvYtKVZlfVKmGJgR,0.6141010160792943,1.3872977633710868,0.7870675551283367
1240500,FXLAfeY7Xqos8x4+2DlVmcLdXrJZZ62JVDY3Fpkzen2lvJMxOvYtKVZlfVKmGJgR,0.6031148088051395,0.9208705686352768,0.7167627471230616
1240800,FXLAfeY7Xqos8x4+2DlVmcLdXrJZZ62JVDY3Fpkzen2lvJMxOvYtKVZlfVKmGJgR,0.6041490895710293,1.5756135029835745,0.8793766937704401
1241100,FXLAfeY7Xqos8x4+2DlVmcLdXrJZZ62JVDY3Fpkzen2lvJMxOvYtKVZlfVKmGJgR,0.6243303656697616,4.652798701302966,1.1451393308034945
1241400,FXLAfeY7Xqos8x4+2DlVmcLdXrJZZ62JVDY3Fpkzen2lvJMxOvYtKVZlfVKmGJgR,0.6071204732141889,1.352088580577545,0.754795212798098
1241700,FXLAfeY7Xqos8x4+2DlVmcLdXrJZZ62JVDY3Fpkzen2lvJMxOvYtKVZlfVKmGJgR,0.639361473735157,0.8593957081588786,0.7419001727845497
1242000,FXLAfeY7Xqos8x4+2DlVmcLdXrJZZ62JVDY3Fpkzen2lvJMxOvYtKVZlfVKmGJgR,0.587707918983058,1.4387187370487895,0.771101758773371
1242300,FXLAfeY7Xqos8x4+2DlVmcLdXrJZZ62JVDY3Fpkzen2lvJMxOvYtKVZlfVKmGJgR,0.64078281228061,0.8265529104957051,0.7053455161589512
1242600,FXLAfeY7Xqos8x4+2DlVmcLdXrJZZ62JVDY3Fpkzen2lvJMxOvYtKVZlfVKmGJgR,0.605087723665019,1.4094435813951087,0.7872033674085314
1242900,FXLAfeY7Xqos8x4+2DlVmcLdXrJZZ62JVDY3Fpkzen2lvJMxOvYtKVZlfVKmGJgR,0.5746871820285776,1.5775804478996358,0.7910396509596472
1243200,FXLAfeY7Xqos8x4+2DlVmcLdXrJZZ62JVDY3Fpkzen2lvJMxOvYtKVZlfVKmGJgR,0.6402405500494814,1.3829249052579755,0.7675890291788073
1243500,FXLAfeY7Xqos8x4+2DlVmcLdXrJZZ62JVDY3Fpkzen2lvJMxOvYtKVZlfVKmGJgR,0.6125866498649879,13.271412240807098,1.9400792781012115
1243800,FXLAfeY7Xqos8x4+2DlVmcLdXrJZZ62JVDY3Fpkzen2lvJMxOvYtKVZlfVKmGJgR,0.6337990351871906,1.270593591573543,0.7579853547946229
1244100,FXLAfeY7Xqos8x4+2DlVmcLdXrJZZ62JVDY3Fpkzen2lvJMxOvYtKVZlfVKmGJgR,0.6150347838606774,0.8899667572692648,0.7376909201291013
1244400,FXLAfeY7Xqos8x4+2DlVmcLdXrJZZ62JVDY3Fpkzen2lvJMxOvYtKVZlfVKmGJgR,0.6382815421852766,1.533572057322998,0.7981542430165263
1244700,FXLAfeY7Xqos8x4+2DlVmcLdXrJZZ62JVDY3Fpkzen2lvJMxOvYtKVZlfVKmGJgR,0.6517390720910902,3.977974392857714,1.2420099751131264
1245000,FXLAfeY7Xqos8x4+2DlVmcLdXrJZZ62JVDY3Fpkzen2lvJMxOvYtKVZlfVKmGJgR,0.5832053242021171,1.4030233186504113,0.7787083999669288
1245300,FXLAfeY7Xqos8x4+2DlVmcLdXrJZZ62JVDY3Fpkzen2lvJMxOvYtKVZlfVKmGJgR,0.6379779525372344,0.948439690282598,0.7569959108464476
1245600,FXLAfeY7Xqos8x4+2DlVmcLdXrJZZ62JVDY3Fpkzen2lvJMxOvYtKVZlfVKmGJgR,0.619948600273918,1.2576228288805429,0.7574358356507664
1245900,FXLAfeY7Xqos8x4+2DlVmcLdXrJZZ62JVDY3Fpkzen2lvJMxOvYtKVZlfVKmGJgR,0.6419188031449004,0.8253489465901018,0.7129431672091883
1246200,FXLAfeY7Xqos8x4+2DlVmcLdXrJZZ62JVDY3Fpkzen2lvJMxOvYtKVZlfVKmGJgR,0.6185459530684903,1.3412968325875871,0.8043492829465195
1246500,FXLAfeY7Xqos8x4+2DlVmcLdXrJZZ62JVDY3Fpkzen2lvJMxOvYtKVZlfVKmGJgR,0.6249552250021368,1.7779538889969633,0.8010904418788052
1246800,FXLAfeY7Xqos8x4+2DlVmcLdXrJZZ62JVDY3Fpkzen2lvJMxOvYtKVZlfVKmGJgR,0.6145515585971876,6.822988971214136,1.4736530717800655
1247100,FXLAfeY7Xqos8x4+2DlVmcLdXrJZZ62JVDY3Fpkzen2lvJMxOvYtKVZlfVKmGJgR,0.5914188385501604,6.871643096561792,1.7315916147460113
1247400,FXLAfeY7Xqos8x4+2DlVmcLdXrJZZ62JVDY3Fpkzen2lvJMxOvYtKVZlfVKmGJgR,0.6100526818877245,1.3199451607968578,0.7723298101780512
1247700,FXLAfeY7Xqos8x4+2DlVmcLdXrJZZ62JVDY3Fpkzen2lvJMxOvYtKVZlfVKmGJgR,0.602751053400563,0.8885382982359502,0.7177869584988152
1248000,FXLAfeY7Xqos8x4+2DlVmcLdXrJZZ62JVDY3Fpkzen2lvJMxOvYtKVZlfVKmGJgR,0.6388559076006967,1.2918633018937624,0.790074958858912
1248300,FXLAfeY7Xqos8x4+2DlVmcLdXrJZZ62JVDY3Fpkzen2lvJMxOvYtKVZlfVKmGJgR,0.6320267567912604,4.528888180260119,1.3871026686972396
1248600,FXLAfeY7Xqos8x4+2DlVmcLdXrJZZ62JVDY3Fpkzen2lvJMxOvYtKVZlfVKmGJgR,0.630001051677935,1.2844531466505975,0.754065787026898
1248900,FXLAfeY7Xqos8x4+2DlVmcLdXrJZZ62JVDY3Fpkzen2lvJMxOvYtKVZlfVKmGJgR,0.6100957204957723,0.8799857456149196,0.718115265964596
1249200,FXLAfeY7Xqos8x4+2DlVmcLdXrJZZ62JVDY3Fpkzen2lvJMxOvYtKVZlfVKmGJgR,0.6340463585664617,1.2504103351538975,0.7819736767783797
1249500,FXLAfeY7Xqos8x4+2DlVmcLdXrJZZ62JVDY3Fpkzen2lvJMxOvYtKVZlfVKmGJgR,0.5830442646861225,0.8174547234990243,0.7007636247312895
1249800,FXLAfeY7Xqos8x4+2DlVmcLdXrJZZ62JVDY3Fpkzen2lvJMxOvYtKVZlfVKmGJgR,0.6335602591388283,1.3301470962905035,0.7877172242666479
1250100,FXLAfeY7Xqos8x4+2DlVmcLdXrJZZ62JVDY3Fpkzen2lvJMxOvYtKVZlfVKmGJgR,0.6135812726167531,1.8258048093299413,0.7967359612813494
1250400,FXLAfeY7Xqos8x4+2DlVmcLdXrJZZ62JVDY3Fpkzen2lvJMxOvYtKVZlfVKmGJgR,0.6189763210488147,1.3296483098744962,0.7746846881739065
1250700,FXLAfeY7Xqos8x4+2DlVmcLdXrJZZ62JVDY3Fpkzen2lvJMxOvYtKVZlfVKmGJgR,0.6499610119791627,0.9136789120269604,0.7586774973611218
1251000,FXLAfeY7Xqos8x4+2DlVmcLdXrJZZ62JVDY3Fpkzen2lvJMxOvYtKVZlfVKmGJgR,0.6216154703857969,1.2855060050792495,0.7671101731165538
1251300,FXLAfeY7Xqos8x4+2DlVmcLdXrJZZ62JVDY3Fpkzen2lvJMxOvYtKVZlfVKmGJgR,0.6232374069844137,0.9409390134461616,0.7323280210544489
1251600,FXLAfeY7Xqos8x4+2DlVmcLdXrJZZ62JVDY3Fpkzen2lvJMxOvYtKVZlfVKmGJgR,0.647102230156333,1.2706643210658997,0.7957098785752488
1251900,FXLAfeY7Xqos8x4+2DlVmcLdXrJZZ62JVDY3Fpkzen2lvJMxOvYtKVZlfVKmGJgR,0.6210290956834527,25.111240748376662,3.245875369907842
1252200,FXLAfeY7Xqos8x4+2DlVmcLdXrJZZ62JVDY3Fpkzen2lvJMxOvYtKVZlfVKmGJgR,0.6185568192442065,1.6400860191529834,0.8576651559136252
1252500,FXLAfeY7Xqos8x4+2DlVmcLdXrJZZ62JVDY3Fpkzen2lvJMxOvYtKVZlfVKmGJgR,0.6383867690531518,1.0217030061668126,0.758229171669297
1252800,FXLAfeY7Xqos8x4+2DlVmcLdXrJZZ62JVDY3Fpkzen2lvJMxOvYtKVZlfVKmGJgR,0.5879884174830305,1.1309477197374331,0.7389029382205697
1253100,FXLAfeY7Xqos8x4+2DlVmcLdXrJZZ62JVDY3Fpkzen2lvJMxOvYtKVZlfVKmGJgR,0.6031917838876175,0.8370686408340443,0.7069890033627978
1253400,FXLAfeY7Xqos8x4+2DlVmcLdXrJZZ62JVDY3Fpkzen2lvJMxOvYtKVZlfVKmGJgR,0.6571313563980502,1.2882325940429524,0.7998838561941348
1253700,FXLAfeY7Xqos8x4+2DlVmcLdXrJZZ62JVDY3Fpkzen2lvJMxOvYtKVZlfVKmGJgR,0.60193645696174,1.8712470283481577,0.8194940034440625
1254000,FXLAfeY7Xqos8x4+2DlVmcLdXrJZZ62JVDY3Fpkzen2lvJMxOvYtKVZlfVKmGJgR,0.5968734984041169,1.2546655710479768,0.7710390790568397
1254300,FXLAfeY7Xqos8x4+2DlVmcLdXrJZZ62JVDY3Fpkzen2lvJMxOvYtKVZlfVKmGJgR,0.6393039375991821,29.68400135425115,6.848413993152423
1254600,FXLAfeY7Xqos8x4+2DlVmcLdXrJZZ62JVDY3Fpkzen2lvJMxOvYtKVZlfVKmGJgR,0.640733942175187,1.1964035515623834,0.7792592357846102
1254900,FXLAfeY7Xqos8x4+2DlVmcLdXrJZZ62JVDY3Fpkzen2lvJMxOvYtKVZlfVKmGJgR,0.646835702961437,0.908663366029709,0.7168943561691498
1255200,FXLAfeY7Xqos8x4+2DlVmcLdXrJZZ62JVDY3Fpkzen2lvJMxOvYtKVZlfVKmGJgR,0.6381054139568476,1.461528193083796,0.793189184747827
1255500,FXLAfeY7Xqos8x4+2DlVmcLdXrJZZ62JVDY3Fpkzen2lvJMxOvYtKVZlfVKmGJgR,0.63065837497489,4.791704965575235,1.2384293710644223
1255800,FXLAfeY7Xqos8x4+2DlVmcLdXrJZZ62JVDY3Fpkzen2lvJMxOvYtKVZlfVKmGJgR,0.649514358537647,1.3674847330406608,0.772027763479572
1256100,FXLAfeY7Xqos8x4+2DlVmcLdXrJZZ62JVDY3Fpkzen2lvJMxOvYtKVZlfVKmGJgR,0.6393939426467237,0.8822179958934824,0.723433446930916
1256400,FXLAfeY7Xqos8x4+2DlVmcLdXrJZZ62JVDY3Fpkzen2lvJMxOvYtKVZlfVKmGJgR,0.5839578926690204,1.3355434094716685,0.7642510152114605
1256700,FXLAfeY7Xqos8x4+2DlVmcLdXrJZZ62JVDY3Fpkzen2lvJMxOvYtKVZlfVKmGJgR,0.6221772837973903,0.8156624095111528,0.6892843908324608
1257000,FXLAfeY7Xqos8x4+2DlVmcLdXrJZZ62JVDY3Fpkzen2lvJMxOvYtKVZlfVKmGJgR,0.6274669857206486,1.4233393030091464,0.7865806773183023
1257300,FXLAfeY7Xqos8x4+2DlVmcLdXrJZZ62JVDY3Fpkzen2lvJMxOvYtKVZlfVKmGJgR,0.6192739055462041,1.5461937220693087,0.7883062078279174
1257600,FXLAfeY7Xqos8x4+2DlVmcLdXrJZZ62JVDY3Fpkzen2lvJMxOvYtKVZlfVKmGJgR,0.5995986397894344,1.35258568732452,0.7694861935779913
1257900,FXLAfeY7Xqos8x4+2DlVmcLdXrJZZ62JVDY3Fpkzen2lvJMxOvYtKVZlfVKmGJgR,0.6394412711566306,1.0001738749969653,0.736771685736613
1258200,FXLAfeY7Xqos8x4+2DlVmcLdXrJZZ62JVDY3Fpkzen2lvJMxOvYtKVZlfVKmGJgR,0.5880849710703727,1.440652520434494,0.7899942326462249
1258500,FXLAfeY7Xqos8x4+2DlVmcLdXrJZZ62JVDY3Fpkzen2lvJMxOvYtKVZlfVKmGJgR,0.6420145832689494,0.9867765349176324,0.708527171910379
1258800,FXLAfeY7Xqos8x4+2DlVmcLdXrJZZ62JVDY3Fpkzen2lvJMxOvYtKVZlfVKmGJgR,0.609562054705263,1.5112954717791445,0.8142190867307896
1259100,FXLAfeY7Xqos8x4+2DlVmcLdXrJZZ62JVDY3Fpkzen2lvJMxOvYtKVZlfVKmGJgR,0.6184672913186308,4.397635093815451,1.2337306301433697
1259400,FXLAfeY7Xqos8x4+2DlVmcLdXrJZZ62JVDY3Fpkzen2lvJMxOvYtKVZlfVKmGJgR,0.6167140098839164,1.4116371168823088,0.7678358198211379
1259700,FXLAfeY7Xqos8x4+2DlVmcLdXrJZZ62JVDY3Fpkzen2lvJMxOvYtKVZlfVKmGJgR,0.640123637498429,0.9012300608939988,0.7407957553409251
1260000,FXLAfeY7Xqos8x4+2DlVmcLdXrJZZ62JVDY3Fpkzen2lvJMxOvYtKVZlfVKmGJgR,0.6226211665016884,1.1019122946777753,0.7675210256282473
1260300,FXLAfeY7Xqos8x4+2DlVmcLdXrJZZ62JVDY3Fpkzen2lvJMxOvYtKVZlfVKmGJgR,0.6119974229855959,0.8927758158534242,0.7032026504756722
1260600,FXLAfeY7Xqos8x4+2DlVmcLdXrJZZ62JVDY3Fpkzen2lvJMxOvYtKVZlfVKmGJgR,0.6178398267126297,1.472233218801497,0.7865813737542535
1260900,FXLAfeY7Xqos8x4+2DlVmcLdXrJZZ62JVDY3Fpkzen2lvJMxOvYtKVZlfVKmGJgR,0.6505394076379004,1.7077122908207978,0.7973352096747943
1261200,FXLAfeY7Xqos8x4+2DlVmcLdXrJZZ62JVDY3Fpkzen2lvJMxOvYtKVZlfVKmGJgR,0.6022587286564494,1.4721651161795808,0.7827279371774957
1261500,FXLAfeY7Xqos8x4+2DlVmcLdXrJZZ62JVDY3Fpkzen2lvJMxOvYtKVZlfVKmGJgR,0.634205693320631,0.9034294548663296,0.745769651103806
1261800,FXLAfeY7Xqos8x4+2DlVmcLdXrJZZ62JVDY3Fpkzen2lvJMxOvYtKVZlfVKmGJgR,0.6216693383730135,1.3271499333301884,0.7784026537651694
1262100,FXLAfeY7Xqos8x4+2DlVmcLdXrJZZ62JVDY3Fpkzen2lvJMxOvYtKVZlfVKmGJgR,0.6305910155932442,0.949564090495444,0.711328623148536
1262400,FXLAfeY7Xqos8x4+2DlVmcLdXrJZZ62JVDY3Fpkzen2lvJMxOvYtKVZlfVKmGJgR,0.6659859259434424,1.5197342462010652,0.8004297136352982
1262700,FXLAfeY7Xqos8x4+2DlVmcLdXrJZZ62JVDY3Fpkzen2lvJMxOvYtKVZlfVKmGJgR,0.6374572693043002,4.191965984055369,1.2156641748367494
1263000,FXLAfeY7Xqos8x4+2DlVmcLdXrJZZ62JVDY3Fpkzen2lvJMxOvYtKVZlfVKmGJgR,0.6288989999494099,1.2683173564887225,0.7649665624917314
1263300,FXLAfeY7Xqos8x4+2DlVmcLdXrJZZ62JVDY3Fpkzen2lvJMxOvYtKVZlfVKmGJgR,0.6347361671979465,0.8969555145884581,0.7283728822174043
1263600,FXLAfeY7Xqos8x4+2DlVmcLdXrJZZ62JVDY3Fpkzen2lvJMxOvYtKVZlfVKmGJgR,0.6452940478263505,1.4139198983763657,0.7695266403146444
1263900,FXLAfeY7Xqos8x4+2DlVmcLdXrJZZ62JVDY3Fpkzen2lvJMxOvYtKVZlfVKmGJgR,0.6378326334831702,0.8807291263838731,0.7166020484094002
1264200,FXLAfeY7Xqos8x4+2DlVmcLdXrJZZ62JVDY3Fpkzen2lvJMxOvYtKVZlfVKmGJgR,0.5933366747339865,1.626222608047562,0.7834352307226495
1264500,FXLAfeY7Xqos8x4+2DlVmcLdXrJZZ62JVDY3Fpkzen2lvJMxOvYtKVZlfVKmGJgR,0.6498238776271887,1.5605765497623705,0.8056056986308313
1264800,FXLAfeY7Xqos8x4+2DlVmcLdXrJZZ62JVDY3Fpkzen2lvJMxOvYtKVZlfVKmGJgR,0.6076493209449969,1.369457780776398,0.7771469426356761
1265100,FXLAfeY7Xqos8x4+2DlVmcLdXrJZZ62JVDY3Fpkzen2lvJMxOvYtKVZlfVKmGJgR,0.6657775537029642,7.4138833323934685,1.33875906972376
1265400,FXLAfeY7Xqos8x4+2DlVmcLdXrJZZ62JVDY3Fpkzen2lvJMxOvYtKVZlfVKmGJgR,0.6599425720265691,1.4987230501664977,0.7780174814156428
1265700,FXLAfeY7Xqos8x4+2DlVmcLdXrJZZ62JVDY3Fpkzen2lvJMxOvYtKVZlfVKmGJgR,0.5665696016864263,0.911320366173066,0.70014593745981
1266000,FXLAfeY7Xqos8x4+2DlVmcLdXrJZZ62JVDY3Fpkzen2lvJMxOvYtKVZlfVKmGJgR,0.6317570994956481,1.427975349004948,0.7967181204364431
1266300,FXLAfeY7Xqos8x4+2DlVmcLdXrJZZ62JVDY3Fpkzen2lvJMxOvYtKVZlfVKmGJgR,0.5995680992559487,1.2671539562242535,0.7717264753279506
1266600,FXLAfeY7Xqos8x4+2DlVmcLdXrJZZ62JVDY3Fpkzen2lvJMxOvYtKVZlfVKmGJgR,0.6288660458164742,4.581475438883516,1.2415613980603093
1266900,FXLAfeY7Xqos8x4+2DlVmcLdXrJZZ62JVDY3Fpkzen2lvJMxOvYtKVZlfVKmGJgR,0.6234595131609612,0.888031047657044,0.7459619457048692
1267200,FXLAfeY7Xqos8x4+2DlVmcLdXrJZZ62JVDY3Fpkzen2lvJMxOvYtKVZlfVKmGJgR,0.6311218254412583,1.3302982763767983,0.7626787460066246
1267500,FXLAfeY7Xqos8x4+2DlVmcLdXrJZZ62JVDY3Fpkzen2lvJMxOvYtKVZlfVKmGJgR,0.6185231804982562,0.8535523259260545,0.7121267357118312
1267800,FXLAfeY7Xqos8x4+2DlVmcLdXrJZZ62JVDY3Fpkzen2lvJMxOvYtKVZlfVKmGJgR,0.6488987708882658,1.4724011783385635,0.7891580721003801
1268100,FXLAfeY7Xqos8x4+2DlVmcLdXrJZZ62JVDY3Fpkzen2lvJMxOvYtKVZlfVKmGJgR,0.6259841300518284,1.7064892382125827,0.8082459829025581
1268400,FXLAfeY7Xqos8x4+2DlVmcLdXrJZZ62JVDY3Fpkzen2lvJMxOvYtKVZlfVKmGJgR,0.6507568229845387,1.346888806018346,0.7918282541395729
1268700,FXLAfeY7Xqos8x4+2DlVmcLdXrJZZ62JVDY3Fpkzen2lvJMxOvYtKVZlfVKmGJgR,0.6688380823739409,0.873680115971647,0.7381836294565804
1269000,FXLAfeY7Xqos8x4+2DlVmcLdXrJZZ62JVDY3Fpkzen2lvJMxOvYtKVZlfVKmGJgR,0.6197534806945528,1.3329654398086317,0.7691574107151276
1269300,FXLAfeY7Xqos8x4+2DlVmcLdXrJZZ62JVDY3Fpkzen2lvJMxOvYtKVZlfVKmGJgR,0.6154191048454293,0.8890644322902745,0.7269701952288594
1269600,FXLAfeY7Xqos8x4+2DlVmcLdXrJZZ62JVDY3Fpkzen2lvJMxOvYtKVZlfVKmGJgR,0.6385170290453868,1.3641631556755407,0.7856681947994762
1269900,FXLAfeY7Xqos8x4+2DlVmcLdXrJZZ62JVDY3Fpkzen2lvJMxOvYtKVZlfVKmGJgR,0.607473246713155,0.8635579257401547,0.7231542660247976
1270200,FXLAfeY7Xqos8x4+2DlVmcLdXrJZZ62JVDY3Fpkzen2lvJMxOvYtKVZlfVKmGJgR,0.6398527126497802,4.379669737943679,1.2970693916663587
1270500,FXLAfeY7Xqos8x4+2DlVmcLdXrJZZ62JVDY3Fpkzen2lvJMxOvYtKVZlfVKmGJgR,0.648861388687527,0.8482325169437251,0.7285517914604249
1270800,FXLAfeY7Xqos8x4+2DlVmcLdXrJZZ62JVDY3Fpkzen2lvJMxOvYtKVZlfVKmGJgR,0.6201913120466129,0.8149906466034544,0.715046482458454
1271100,FXLAfeY7Xqos8x4+2DlVmcLdXrJZZ62JVDY3Fpkzen2lvJMxOvYtKVZlfVKmGJgR,0.6209304639470925,1.2484994541818233,0.7589890297804499
1271400,FXLAfeY7Xqos8x4+2DlVmcLdXrJZZ62JVDY3Fpkzen2lvJMxOvYtKVZlfVKmGJgR,0.6465465161670931,0.8035714842263393,0.7218675475351072
1271700,FXLAfeY7Xqos8x4+2DlVmcLdXrJZZ62JVDY3Fpkzen2lvJMxOvYtKVZlfVKmGJgR,0.6465873525452078,1.658982314541828,0.8591777064369224
1272000,FXLAfeY7Xqos8x4+2DlVmcLdXrJZZ62JVDY3Fpkzen2lvJMxOvYtKVZlfVKmGJgR,0.58886804198463,0.8278113653252664,0.7180979085902941
1272300,FXLAfeY7Xqos8x4+2DlVmcLdXrJZZ62JVDY3Fpkzen2lvJMxOvYtKVZlfVKmGJgR,0.6525858070311145,1.2487163442305076,0.7999916745381608
1272600,FXLAfeY7Xqos8x4+2DlVmcLdXrJZZ62JVDY3Fpkzen2lvJMxOvYtKVZlfVKmGJgR,0.6223205124981394,0.850704200206488,0.7105452008746084
1272900,FXLAfeY7Xqos8x4+2DlVmcLdXrJZZ62JVDY3Fpkzen2lvJMxOvYtKVZlfVKmGJgR,0.6076270304724241,1.3520888352472824,0.7758730787679142
1273200,FXLAfeY7Xqos8x4+2DlVmcLdXrJZZ62JVDY3Fpkzen2lvJMxOvYtKVZlfVKmGJgR,0.6217023577649795,0.9030257847782216,0.7609107767305869
1273500,FXLAfeY7Xqos8x4+2DlVmcLdXrJZZ62JVDY3Fpkzen2lvJMxOvYtKVZlfVKmGJgR,0.6367446161016832,1.3823126623227375,0.7959342999698089
1273800,FXLAfeY7Xqos8x4+2DlVmcLdXrJZZ62JVDY3Fpkzen2lvJMxOvYtKVZlfVKmGJgR,0.6674417619171511,4.6374614062372315,1.3052750348684126
1274100,FXLAfeY7Xqos8x4+2DlVmcLdXrJZZ62JVDY3Fpkzen2lvJMxOvYtKVZlfVKmGJgR,0.6487621471185387,1.3512759207840654,0.8062532438164449
1274400,FXLAfeY7Xqos8x4+2DlVmcLdXrJZZ62JVDY3Fpkzen2lvJMxOvYtKVZlfVKmGJgR,0.6422306969494648,0.830068907144693,0.7204712183781135
1274700,FXLAfeY7Xqos8x4+2DlVmcLdXrJZZ62JVDY3Fpkzen2lvJMxOvYtKVZlfVKmGJgR,0.6571412754990777,1.377945090967435,0.7808846079426875
1275000,FXLAfeY7Xqos8x4+2DlVmcLdXrJZZ62JVDY3Fpkzen2lvJMxOvYtKVZlfVKmGJgR,0.6429759230113338,0.846737547463516,0.7399919598415042
1275300,FXLAfeY7Xqos8x4+2DlVmcLdXrJZZ62JVDY3Fpkzen2lvJMxOvYtKVZlfVKmGJgR,0.6515884188018943,1.573854276527711,0.8767654946220282
1275600,FXLAfeY7Xqos8x4+2DlVmcLdXrJZZ62JVDY3Fpkzen2lvJMxOvYtKVZlfVKmGJgR,0.6217615150278581,0.9020727603144398,0.7188709059425235
1275900,FXLAfeY7Xqos8x4+2DlVmcLdXrJZZ62JVDY3Fpkzen2lvJMxOvYtKVZlfVKmGJgR,0.6895833944315731,7.880319592369,2.46347403063584
1276200,FXLAfeY7Xqos8x4+2DlVmcLdXrJZZ62JVDY3Fpkzen2lvJMxOvYtKVZlfVKmGJgR,0.6461037519150445,0.8516188776541793,0.7306768529633277
1276500,FXLAfeY7Xqos8x4+2DlVmcLdXrJZZ62JVDY3Fpkzen2lvJMxOvYtKVZlfVKmGJgR,0.61226212651638,1.2880900396126498,0.7701198957195866
1276800,FXLAfeY7Xqos8x4+2DlVmcLdXrJZZ62JVDY3Fpkzen2lvJMxOvYtKVZlfVKmGJgR,0.6339542697096514,0.8887564016039983,0.7350241655144913
1277100,FXLAfeY7Xqos8x4+2DlVmcLdXrJZZ62JVDY3Fpkzen2lvJMxOvYtKVZlfVKmGJgR,0.605550539617352,1.5278232873321955,0.7867182021480129
1277400,FXLAfeY7Xqos8x4+2DlVmcLdXrJZZ62JVDY3Fpkzen2lvJMxOvYtKVZlfVKmGJgR,0.6242470573901158,4.401614718019806,1.2864175950319292
1277700,FXLAfeY7Xqos8x4+2DlVmcLdXrJZZ62JVDY3Fpkzen2lvJMxOvYtKVZlfVKmGJgR,0.6218002487212996,1.2298251842087633,0.7820492877513181
1278000,FXLAfeY7Xqos8x4+2DlVmcLdXrJZZ62JVDY3Fpkzen2lvJMxOvYtKVZlfVKmGJgR,0.5920097320814327,0.8346318500647895,0.7079792036977988
1278300,FXLAfeY7Xqos8x4+2DlVmcLdXrJZZ62JVDY3Fpkzen2lvJMxOvYtKVZlfVKmGJgR,0.6365291860995419,1.2934296161906649,0.7643012058815915
1278600,FXLAfeY7Xqos8x4+2DlVmcLdXrJZZ62JVDY3Fpkzen2lvJMxOvYtKVZlfVKmGJgR,0.6201821036178756,0.9143946378138524,0.7331314665499904
1278900,FXLAfeY7Xqos8x4+2DlVmcLdXrJZZ62JVDY3Fpkzen2lvJMxOvYtKVZlfVKmGJgR,0.5865507054452537,1.3239525902033322,0.8509977270611491
1279200,FXLAfeY7Xqos8x4+2DlVmcLdXrJZZ62JVDY3Fpkzen2lvJMxOvYtKVZlfVKmGJgR,0.6256308580539524,0.8469594214836323,0.72000811977455
1279500,FXLAfeY7Xqos8x4+2DlVmcLdXrJZZ62JVDY3Fpkzen2lvJMxOvYtKVZlfVKmGJgR,0.6120465641878245,16.210946820277538,3.2914328143001708
1279800,FXLAfeY7Xqos8x4+2DlVmcLdXrJZZ62JVDY3Fpkzen2lvJMxOvYtKVZlfVKmGJgR,0.6672537052014555,1.2408506756402988,0.7870119712367171
1280100,FXLAfeY7Xqos8x4+2DlVmcLdXrJZZ62JVDY3Fpkzen2lvJMxOvYtKVZlfVKmGJgR,0.654269477946459,30.236521493843785,4.880434734819756
1280400,FXLAfeY7Xqos8x4+2DlVmcLdXrJZZ62JVDY3Fpkzen2lvJMxOvYtKVZlfVKmGJgR,0.8268580031875286,29.437871797763147,16.875978501703315
1280700,FXLAfeY7Xqos8x4+2DlVmcLdXrJZZ62JVDY3Fpkzen2lvJMxOvYtKVZlfVKmGJgR,0.6468334121638457,6.84598089290628,1.3531592416780396
1281000,FXLAfeY7Xqos8x4+2DlVmcLdXrJZZ62JVDY3Fpkzen2lvJMxOvYtKVZlfVKmGJgR,0.7000773538588878,7.334142560685217,2.2676830062703504
1281300,FXLAfeY7Xqos8x4+2DlVmcLdXrJZZ62JVDY3Fpkzen2lvJMxOvYtKVZlfVKmGJgR,0.6501372478746471,10.944679542916065,1.7989671976245427
1281600,FXLAfeY7Xqos8x4+2DlVmcLdXrJZZ62JVDY3Fpkzen2lvJMxOvYtKVZlfVKmGJgR,0.6489184734882931,1.251490856394674,0.7433188815518013
1281900,FXLAfeY7Xqos8x4+2DlVmcLdXrJZZ62JVDY3Fpkzen2lvJMxOvYtKVZlfVKmGJgR,0.6579444686805244,1.3309742434967682,0.8429662239375513
1282200,FXLAfeY7Xqos8x4+2DlVmcLdXrJZZ62JVDY3Fpkzen2lvJMxOvYtKVZlfVKmGJgR,0.6458682320389431,1.3853730352546207,0.8048574356327374
1282500,FXLAfeY7Xqos8x4+2DlVmcLdXrJZZ62JVDY3Fpkzen2lvJMxOvYtKVZlfVKmGJgR,0.6441522148135626,1.9994676169551688,0.9290577020601816
1282800,FXLAfeY7Xqos8x4+2DlVmcLdXrJZZ62JVDY3Fpkzen2lvJMxOvYtKVZlfVKmGJgR,0.643250001965708,0.8692178991442098,0.7339054278393927
1283100,FXLAfeY7Xqos8x4+2DlVmcLdXrJZZ62JVDY3Fpkzen2lvJMxOvYtKVZlfVKmGJgR,0.6409667362370373,1.266967934534946,0.8115358606379097
1283400,FXLAfeY7Xqos8x4+2DlVmcLdXrJZZ62JVDY3Fpkzen2lvJMxOvYtKVZlfVKmGJgR,0.6561643896979947,3.8550916940406785,1.0121230892316642
1283700,FXLAfeY7Xqos8x4+2DlVmcLdXrJZZ62JVDY3Fpkzen2lvJMxOvYtKVZlfVKmGJgR,0.656937818732042,1.3624326478738085,0.8228769400106924
1284000,FXLAfeY7Xqos8x4+2DlVmcLdXrJZZ62JVDY3Fpkzen2lvJMxOvYtKVZlfVKmGJgR,0.6468674078085828,1.0000786960132275,0.751224958488872
1284300,FXLAfeY7Xqos8x4+2DlVmcLdXrJZZ62JVDY3Fpkzen2lvJMxOvYtKVZlfVKmGJgR,0.6179672660010866,1.3362266734161126,0.7771322405582791
1284600,FXLAfeY7Xqos8x4+2DlVmcLdXrJZZ62JVDY3Fpkzen2lvJMxOvYtKVZlfVKmGJgR,0.6289342252843136,5.054674985976873,1.4901694635693226
1284900,FXLAfeY7Xqos8x4+2DlVmcLdXrJZZ62JVDY3Fpkzen2lvJMxOvYtKVZlfVKmGJgR,0.6486791472525665,1.3141517067522464,0.780814348024844
1285200,FXLAfeY7Xqos8x4+2DlVmcLdXrJZZ62JVDY3Fpkzen2lvJMxOvYtKVZlfVKmGJgR,0.6248406382771293,0.8768803583160286,0.712806909375438
1285500,FXLAfeY7Xqos8x4+2DlVmcLdXrJZZ62JVDY3Fpkzen2lvJMxOvYtKVZlfVKmGJgR,0.6199933174277186,1.2560686971445534,0.7606695570520544
1285800,FXLAfeY7Xqos8x4+2DlVmcLdXrJZZ62JVDY3Fpkzen2lvJMxOvYtKVZlfVKmGJgR,0.627763278765963,0.8877947347158343,0.7275066196130421
1286100,FXLAfeY7Xqos8x4+2DlVmcLdXrJZZ62JVDY3Fpkzen2lvJMxOvYtKVZlfVKmGJgR,0.6403140309589179,1.5708476832154077,0.8556079075943059
1286400,FXLAfeY7Xqos8x4+2DlVmcLdXrJZZ62JVDY3Fpkzen2lvJMxOvYtKVZlfVKmGJgR,0.6586806202870434,0.8889276269262212,0.7317491142131011
1286700,FXLAfeY7Xqos8x4+2DlVmcLdXrJZZ62JVDY3Fpkzen2lvJMxOvYtKVZlfVKmGJgR,0.6500335684682327,1.2719593155294473,0.7929357954600476
1287000,FXLAfeY7Xqos8x4+2DlVmcLdXrJZZ62JVDY3Fpkzen2lvJMxOvYtKVZlfVKmGJgR,0.6240976497462023,0.872796840919209,0.7044943042539874
1287300,FXLAfeY7Xqos8x4+2DlVmcLdXrJZZ62JVDY3Fpkzen2lvJMxOvYtKVZlfVKmGJgR,0.6225319684727473,1.2566619282993734,0.7578020892706063
1287600,FXLAfeY7Xqos8x4+2DlVmcLdXrJZZ62JVDY3Fpkzen2lvJMxOvYtKVZlfVKmGJgR,0.5929490592097271,0.8961010195059295,0.7246358593929731
1287900,FXLAfeY7Xqos8x4+2DlVmcLdXrJZZ62JVDY3Fpkzen2lvJMxOvYtKVZlfVKmGJgR,0.6189359152725215,1.2126769916440243,0.769618201711981
1288200,FXLAfeY7Xqos8x4+2DlVmcLdXrJZZ62JVDY3Fpkzen2lvJMxOvYtKVZlfVKmGJgR,0.6044334233389321,1.1678034730108438,0.7288775282670927
1288500,FXLAfeY7Xqos8x4+2DlVmcLdXrJZZ62JVDY3Fpkzen2lvJMxOvYtKVZlfVKmGJgR,0.6611717715075268,4.457759637741612,1.2130173795343322
1288800,FXLAfeY7Xqos8x4+2DlVmcLdXrJZZ62JVDY3Fpkzen2lvJMxOvYtKVZlfVKmGJgR,0.5730417189126791,0.8692810380396973,0.7144350582527041
1289100,FXLAfeY7Xqos8x4+2DlVmcLdXrJZZ62JVDY3Fpkzen2lvJMxOvYtKVZlfVKmGJgR,0.6524310543858186,1.2479603766563196,0.7622667292379747
1289400,FXLAfeY7Xqos8x4+2DlVmcLdXrJZZ62JVDY3Fpkzen2lvJMxOvYtKVZlfVKmGJgR,0.6027793657707828,0.9044510004507434,0.7270896078194362
1289700,FXLAfeY7Xqos8x4+2DlVmcLdXrJZZ62JVDY3Fpkzen2lvJMxOvYtKVZlfVKmGJgR,0.603409379377806,1.5603610938927994,0.8508811147953647
1290000,FXLAfeY7Xqos8x4+2DlVmcLdXrJZZ62JVDY3Fpkzen2lvJMxOvYtKVZlfVKmGJgR,0.628034250270391,0.8899757245168881,0.7311458279225068
1290300,FXLAfeY7Xqos8x4+2DlVmcLdXrJZZ62JVDY3Fpkzen2lvJMxOvYtKVZlfVKmGJgR,0.6820328531461582,15.97316962729243,3.278646717721488
1290600,FXLAfeY7Xqos8x4+2DlVmcLdXrJZZ62JVDY3Fpkzen2lvJMxOvYtKVZlfVKmGJgR,0.6146616222186359,0.8866380170752912,0.725992663981262
1290900,FXLAfeY7Xqos8x4+2DlVmcLdXrJZZ62JVDY3Fpkzen2lvJMxOvYtKVZlfVKmGJgR,0.6548253257471848,8.36271691879268,1.403822731844124
1291200,FXLAfeY7Xqos8x4+2DlVmcLdXrJZZ62JVDY3Fpkzen2lvJMxOvYtKVZlfVKmGJgR,0.6390105249856572,0.8734371274933665,0.7432145244468987
1291500,FXLAfeY7Xqos8x4+2DlVmcLdXrJZZ62JVDY3Fpkzen2lvJMxOvYtKVZlfVKmGJgR,0.6163544873923305,5.066829164867106,1.167569197361238
1291800,FXLAfeY7Xqos8x4+2DlVmcLdXrJZZ62JVDY3Fpkzen2lvJMxOvYtKVZlfVKmGJgR,0.6221111206914473,0.8419702616536316,0.709062022630348
1292100,FXLAfeY7Xqos8x4+2DlVmcLdXrJZZ62JVDY3Fpkzen2lvJMxOvYtKVZlfVKmGJgR,0.6701119248808378,4.471593258243504,1.2567496168879342
1292400,FXLAfeY7Xqos8x4+2DlVmcLdXrJZZ62JVDY3Fpkzen2lvJMxOvYtKVZlfVKmGJgR,0.621355176907062,0.8582015776699404,0.7245100191336451
1292700,FXLAfeY7Xqos8x4+2DlVmcLdXrJZZ62JVDY3Fpkzen2lvJMxOvYtKVZlfVKmGJgR,0.6112441515179161,1.3810538471379126,0.7602958547909622
1293000,FXLAfeY7Xqos8x4+2DlVmcLdXrJZZ62JVDY3Fpkzen2lvJMxOvYtKVZlfVKmGJgR,0.6565772936433458,0.8397886254748175,0.7280009346561354
1293300,FXLAfeY7Xqos8x4+2DlVmcLdXrJZZ62JVDY3Fpkzen2lvJMxOvYtKVZlfVKmGJgR,0.6367193560953581,1.8287259189040297,0.8557889196822184
1293600,FXLAfeY7Xqos8x4+2DlVmcLdXrJZZ62JVDY3Fpkzen2lvJMxOvYtKVZlfVKmGJgR,0.6417119585309345,0.881420293483749,0.7078782942561268
1293900,FXLAfeY7Xqos8x4+2DlVmcLdXrJZZ62JVDY3Fpkzen2lvJMxOvYtKVZlfVKmGJgR,0.6620258462587821,1.2435193982642785,0.7914907848686654
1294200,FXLAfeY7Xqos8x4+2DlVmcLdXrJZZ62JVDY3Fpkzen2lvJMxOvYtKVZlfVKmGJgR,0.5955176168767107,0.8512386532024638,0.7129132090452042
1294500,FXLAfeY7Xqos8x4+2DlVmcLdXrJZZ62JVDY3Fpkzen2lvJMxOvYtKVZlfVKmGJgR,0.637245633214182,1.244248353554368,0.7751356545726886
1294800,FXLAfeY7Xqos8x4+2DlVmcLdXrJZZ62JVDY3Fpkzen2lvJMxOvYtKVZlfVKmGJgR,0.6275166411325523,0.8393291429557198,0.7239645879976943
1295100,FXLAfeY7Xqos8x4+2DlVmcLdXrJZZ62JVDY3Fpkzen2lvJMxOvYtKVZlfVKmGJgR,0.6004251187652963,1.2606817938005972,0.7695870929931494
1295400,FXLAfeY7Xqos8x4+2DlVmcLdXrJZZ62JVDY3Fpkzen2lvJMxOvYtKVZlfVKmGJgR,0.5956408421057054,0.8239710320104494,0.7096793291748624
1295700,FXLAfeY7Xqos8x4+2DlVmcLdXrJZZ62JVDY3Fpkzen2lvJMxOvYtKVZlfVKmGJgR,0.6455680783781252,3.3681605049084498,1.2498596209578392
1296000,FXLAfeY7Xqos8x4+2DlVmcLdXrJZZ62JVDY3Fpkzen2lvJMxOvYtKVZlfVKmGJgR,0.6422076535242073,0.8576016206969415,0.7213515041143469
1296300,FXLAfeY7Xqos8x4+2DlVmcLdXrJZZ62JVDY3Fpkzen2lvJMxOvYtKVZlfVKmGJgR,0.611625449663932,1.207796252181094,0.7682654372861955
1296600,FXLAfeY7Xqos8x4+2DlVmcLdXrJZZ62JVDY3Fpkzen2lvJMxOvYtKVZlfVKmGJgR,0.6351985958976325,0.8752796939279368,0.7442209998402902
1296900,FXLAfeY7Xqos8x4+2DlVmcLdXrJZZ62JVDY3Fpkzen2lvJMxOvYtKVZlfVKmGJgR,0.633873355862602,2.074105274665534,0.8582202588221857
1297200,FXLAfeY7Xqos8x4+2DlVmcLdXrJZZ62JVDY3Fpkzen2lvJMxOvYtKVZlfVKmGJgR,0.6464129514253945,0.8709617119481584,0.7301850186841929
1297500,FXLAfeY7Xqos8x4+2DlVmcLdXrJZZ62JVDY3Fpkzen2lvJMxOvYtKVZlfVKmGJgR,0.6580586539109587,1.3423378592352468,0.7810225292968132
1297800,FXLAfeY7Xqos8x4+2DlVmcLdXrJZZ62JVDY3Fpkzen2lvJMxOvYtKVZlfVKmGJgR,0.6250093875859277,0.8556852093291129,0.7268855472898765
1298100,FXLAfeY7Xqos8x4+2DlVmcLdXrJZZ62JVDY3Fpkzen2lvJMxOvYtKVZlfVKmGJgR,0.6013040718829542,1.300751366694214,0.7773210511048032
1298400,FXLAfeY7Xqos8x4+2DlVmcLdXrJZZ62JVDY3Fpkzen2lvJMxOvYtKVZlfVKmGJgR,0.659112090771977,0.814797381076053,0.7368411221815337
1298700,FXLAfeY7Xqos8x4+2DlVmcLdXrJZZ62JVDY3Fpkzen2lvJMxOvYtKVZlfVKmGJgR,0.6262577665115607,4.893327364194524,1.2435767417901795
1299000,FXLAfeY7Xqos8x4+2DlVmcLdXrJZZ62JVDY3Fpkzen2lvJMxOvYtKVZlfVKmGJgR,0.5823210804568361,0.8264147557255593,0.7112239042642889
1299300,FXLAfeY7Xqos8x4+2DlVmcLdXrJZZ62JVDY3Fpkzen2lvJMxOvYtKVZlfVKmGJgR,0.6291805690216218,3.73819335767252,1.2472996539787846
1299600,FXLAfeY7Xqos8x4+2DlVmcLdXrJZZ62JVDY3Fpkzen2lvJMxOvYtKVZlfVKmGJgR,0.63893713799209,0.8634896757193122,0.7223630798269559
1299900,FXLAfeY7Xqos8x4+2DlVmcLdXrJZZ62JVDY3Fpkzen2lvJMxOvYtKVZlfVKmGJgR,0.6330287237646217,1.3521883434845612,0.7542526791275622
1300200,FXLAfeY7Xqos8x4+2DlVmcLdXrJZZ62JVDY3Fpkzen2lvJMxOvYtKVZlfVKmGJgR,0.5966924267429287,0.883627163257001,0.7236981092584027
1300500,FXLAfeY7Xqos8x4+2DlVmcLdXrJZZ62JVDY3Fpkzen2lvJMxOvYtKVZlfVKmGJgR,0.6274817031047056,1.6933140580277817,0.856822099234542
1300800,FXLAfeY7Xqos8x4+2DlVmcLdXrJZZ62JVDY3Fpkzen2lvJMxOvYtKVZlfVKmGJgR,0.6273039992846952,0.8439969773025467,0.7211586175630079
1301100,FXLAfeY7Xqos8x4+2DlVmcLdXrJZZ62JVDY3Fpkzen2lvJMxOvYtKVZlfVKmGJgR,0.6518108255849719,8.466391830565783,1.37633794350426
1301400,FXLAfeY7Xqos8x4+2DlVmcLdXrJZZ62JVDY3Fpkzen2lvJMxOvYtKVZlfVKmGJgR,0.6329282732712983,0.8464658243147201,0.7251803020074556
1301700,FXLAfeY7Xqos8x4+2DlVmcLdXrJZZ62JVDY3Fpkzen2lvJMxOvYtKVZlfVKmGJgR,0.6092165233932672,1.2563401972958403,0.7816540234270719
1302000,FXLAfeY7Xqos8x4+2DlVmcLdXrJZZ62JVDY3Fpkzen2lvJMxOvYtKVZlfVKmGJgR,0.6163039178016033,0.9272355068950056,0.7560692034721747
1302300,FXLAfeY7Xqos8x4+2DlVmcLdXrJZZ62JVDY3Fpkzen2lvJMxOvYtKVZlfVKmGJgR,0.6076494573441259,1.2410625474027224,0.78703404127669
1302600,FXLAfeY7Xqos8x4+2DlVmcLdXrJZZ62JVDY3Fpkzen2lvJMxOvYtKVZlfVKmGJgR,0.6287587305533224,0.838171004991571,0.7174388326355265
1302900,FXLAfeY7Xqos8x4+2DlVmcLdXrJZZ62JVDY3Fpkzen2lvJMxOvYtKVZlfVKmGJgR,0.6244872278847364,5.003383866366633,1.2962515344941032
1303200,FXLAfeY7Xqos8x4+2DlVmcLdXrJZZ62JVDY3Fpkzen2lvJMxOvYtKVZlfVKmGJgR,0.6401610026905248,0.8987622129551411,0.7110461882882475
1303500,FXLAfeY7Xqos8x4+2DlVmcLdXrJZZ62JVDY3Fpkzen2lvJMxOvYtKVZlfVKmGJgR,0.6325240716939843,1.3788570866901002,0.7771219480733736
1303800,FXLAfeY7Xqos8x4+2DlVmcLdXrJZZ62JVDY3Fpkzen2lvJMxOvYtKVZlfVKmGJgR,0.625763662312842,0.8794506126880723,0.7536616592016581
1304100,FXLAfeY7Xqos8x4+2DlVmcLdXrJZZ62JVDY3Fpkzen2lvJMxOvYtKVZlfVKmGJgR,0.6414307333900537,2.169484129299645,0.8695915696302714
1304400,FXLAfeY7Xqos8x4+2DlVmcLdXrJZZ62JVDY3Fpkzen2lvJMxOvYtKVZlfVKmGJgR,0.6603797951891883,16.189653394466532,3.093817375594968
1304700,FXLAfeY7Xqos8x4+2DlVmcLdXrJZZ62JVDY3Fpkzen2lvJMxOvYtKVZlfVKmGJgR,0.6894365321556531,8.903591367072707,3.1036866706163617
1305000,FXLAfeY7Xqos8x4+2DlVmcLdXrJZZ62JVDY3Fpkzen2lvJMxOvYtKVZlfVKmGJgR,0.6337935182386697,0.8930124615831683,0.748589869830345
1305300,FXLAfeY7Xqos8x4+2DlVmcLdXrJZZ62JVDY3Fpkzen2lvJMxOvYtKVZlfVKmGJgR,0.6473206913591492,1.3613055011000037,0.8054753516915355
1305600,FXLAfeY7Xqos8x4+2DlVmcLdXrJZZ62JVDY3Fpkzen2lvJMxOvYtKVZlfVKmGJgR,0.6895598781821658,0.9329581138671016,0.7624854988075811
1305900,FXLAfeY7Xqos8x4+2DlVmcLdXrJZZ62JVDY3Fpkzen2lvJMxOvYtKVZlfVKmGJgR,0.6343133133671347,3.289660755630377,1.024847010982347
1306200,FXLAfeY7Xqos8x4+2DlVmcLdXrJZZ62JVDY3Fpkzen2lvJMxOvYtKVZlfVKmGJgR,0.6616559072223968,0.8961583260083646,0.7697155954755888
1306500,FXLAfeY7Xqos8x4+2DlVmcLdXrJZZ62JVDY3Fpkzen2lvJMxOvYtKVZlfVKmGJgR,0.6648734989099196,4.416033986507242,1.2596054903717382
1306800,FXLAfeY7Xqos8x4+2DlVmcLdXrJZZ62JVDY3Fpkzen2lvJMxOvYtKVZlfVKmGJgR,0.5657406818050065,0.8823676085451679,0.7509156275813667
1307100,FXLAfeY7Xqos8x4+2DlVmcLdXrJZZ62JVDY3Fpkzen2lvJMxOvYtKVZlfVKmGJgR,0.6343221223132324,1.3340884182401878,0.8013077785227735
1307400,FXLAfeY7Xqos8x4+2DlVmcLdXrJZZ62JVDY3Fpkzen2lvJMxOvYtKVZlfVKmGJgR,0.6771149455369593,1.688955118038872,0.91755492357959
1307700,FXLAfeY7Xqos8x4+2DlVmcLdXrJZZ62JVDY3Fpkzen2lvJMxOvYtKVZlfVKmGJgR,0.6561559386799167,2.2175209074800653,0.9446389631873618
1308000,FXLAfeY7Xqos8x4+2DlVmcLdXrJZZ62JVDY3Fpkzen2lvJMxOvYtKVZlfVKmGJgR,0.6592042158566038,0.8815746879841228,0.7467857762771847
1308300,FXLAfeY7Xqos8x4+2DlVmcLdXrJZZ62JVDY3Fpkzen2lvJMxOvYtKVZlfVKmGJgR,0.622109037750984,6.852424541097362,1.3373056352482728
1308600,FXLAfeY7Xqos8x4+2DlVmcLdXrJZZ62JVDY3Fpkzen2lvJMxOvYtKVZlfVKmGJgR,0.6594727406711614,0.9188632534939238,0.7529128245817047
1308900,FXLAfeY7Xqos8x4+2DlVmcLdXrJZZ62JVDY3Fpkzen2lvJMxOvYtKVZlfVKmGJgR,0.6148767121088946,1.3683320977918498,0.8119625149747363
1309200,FXLAfeY7Xqos8x4+2DlVmcLdXrJZZ62JVDY3Fpkzen2lvJMxOvYtKVZlfVKmGJgR,0.6642639299695019,0.9456702165929864,0.7699512730145774
1309500,FXLAfeY7Xqos8x4+2DlVmcLdXrJZZ62JVDY3Fpkzen2lvJMxOvYtKVZlfVKmGJgR,0.6684332126142166,19.470069511062924,2.593154256344228
1309800,FXLAfeY7Xqos8x4+2DlVmcLdXrJZZ62JVDY3Fpkzen2lvJMxOvYtKVZlfVKmGJgR,0.6787770939996541,1.1581251121043563,0.7948141019781276
1310100,FXLAfeY7Xqos8x4+2DlVmcLdXrJZZ62JVDY3Fpkzen2lvJMxOvYtKVZlfVKmGJgR,0.6404097081035864,3.5552511814888783,1.3239953352668294
1310400,FXLAfeY7Xqos8x4+2DlVmcLdXrJZZ62JVDY3Fpkzen2lvJMxOvYtKVZlfVKmGJgR,0.60944870785512,0.8804705935382368,0.7387125543325308
1310700,FXLAfeY7Xqos8x4+2DlVmcLdXrJZZ62JVDY3Fpkzen2lvJMxOvYtKVZlfVKmGJgR,0.6416264346040838,1.2717757948298674,0.7895423029324627
1311000,FXLAfeY7Xqos8x4+2DlVmcLdXrJZZ62JVDY3Fpkzen2lvJMxOvYtKVZlfVKmGJgR,0.6236435924614128,0.9665290219459078,0.7693418302337873
1311300,FXLAfeY7Xqos8x4+2DlVmcLdXrJZZ62JVDY3Fpkzen2lvJMxOvYtKVZlfVKmGJgR,0.6717647669259253,1.8346385262550529,0.9053345918499934
1311600,FXLAfeY7Xqos8x4+2DlVmcLdXrJZZ62JVDY3Fpkzen2lvJMxOvYtKVZlfVKmGJgR,0.6639718961064877,0.8991105813196395,0.7453688389374277
1311900,FXLAfeY7Xqos8x4+2DlVmcLdXrJZZ62JVDY3Fpkzen2lvJMxOvYtKVZlfVKmGJgR,0.622267460747764,1.6843559183047807,0.901870373098312
1312200,FXLAfeY7Xqos8x4+2DlVmcLdXrJZZ62JVDY3Fpkzen2lvJMxOvYtKVZlfVKmGJgR,0.650742095517295,0.896633084424649,0.7540453855218607
1312500,FXLAfeY7Xqos8x4+2DlVmcLdXrJZZ62JVDY3Fpkzen2lvJMxOvYtKVZlfVKmGJgR,0.6105867676928634,1.3024517814710692,0.7864864003207986
1312800,FXLAfeY7Xqos8x4+2DlVmcLdXrJZZ62JVDY3Fpkzen2lvJMxOvYtKVZlfVKmGJgR,0.6716860008975656,0.8920573184168471,0.7856391469487867
1313100,FXLAfeY7Xqos8x4+2DlVmcLdXrJZZ62JVDY3Fpkzen2lvJMxOvYtKVZlfVKmGJgR,0.6116827891970511,1.2810752883195362,0.795465012394376
1313400,FXLAfeY7Xqos8x4+2DlVmcLdXrJZZ62JVDY3Fpkzen2lvJMxOvYtKVZlfVKmGJgR,0.6543143457231418,0.8369839666473066,0.7305066502073482
1313700,FXLAfeY7Xqos8x4+2DlVmcLdXrJZZ62JVDY3Fpkzen2lvJMxOvYtKVZlfVKmGJgR,0.6450558669661128,4.656217612682309,1.2905274588622335
1314000,FXLAfeY7Xqos8x4+2DlVmcLdXrJZZ62JVDY3Fpkzen2lvJMxOvYtKVZlfVKmGJgR,0.6210599556534034,1.2533309994437012,0.775123799797552
1314300,FXLAfeY7Xqos8x4+2DlVmcLdXrJZZ62JVDY3Fpkzen2lvJMxOvYtKVZlfVKmGJgR,0.6096046310662274,1.334244121048887,0.7604082230154952
1314600,FXLAfeY7Xqos8x4+2DlVmcLdXrJZZ62JVDY3Fpkzen2lvJMxOvYtKVZlfVKmGJgR,0.632301665862996,0.9216039684762342,0.7557076290309093
1314900,FXLAfeY7Xqos8x4+2DlVmcLdXrJZZ62JVDY3Fpkzen2lvJMxOvYtKVZlfVKmGJgR,0.6580308266886986,1.857105246559922,0.8742991717199126
1315200,FXLAfeY7Xqos8x4+2DlVmcLdXrJZZ62JVDY3Fpkzen2lvJMxOvYtKVZlfVKmGJgR,0.640401971313675,0.8917997876762087,0.7182857560409278
1315500,FXLAfeY7Xqos8x4+2DlVmcLdXrJZZ62JVDY3Fpkzen2lvJMxOvYtKVZlfVKmGJgR,0.6381607783688396,11.53617270018876,1.7329669037813429
1315800,FXLAfeY7Xqos8x4+2DlVmcLdXrJZZ62JVDY3Fpkzen2lvJMxOvYtKVZlfVKmGJgR,0.6041253570879429,0.934229088036495,0.7115149674221161
1316100,FXLAfeY7Xqos8x4+2DlVmcLdXrJZZ62JVDY3Fpkzen2lvJMxOvYtKVZlfVKmGJgR,0.6279909756773627,1.2034562910508348,0.770923316597812
1316400,FXLAfeY7Xqos8x4+2DlVmcLdXrJZZ62JVDY3Fpkzen2lvJMxOvYtKVZlfVKmGJgR,0.6191454092568353,0.8430347252828833,0.730620641725966
1316700,FXLAfeY7Xqos8x4+2DlVmcLdXrJZZ62JVDY3Fpkzen2lvJMxOvYtKVZlfVKmGJgR,0.6215930979251203,1.2239850799849783,0.7642536506414734
1317000,FXLAfeY7Xqos8x4+2DlVmcLdXrJZZ62JVDY3Fpkzen2lvJMxOvYtKVZlfVKmGJgR,0.6099460768564711,0.83918026242951,0.708753700351599
1317300,FXLAfeY7Xqos8x4+2DlVmcLdXrJZZ62JVDY3Fpkzen2lvJMxOvYtKVZlfVKmGJgR,0.631536790776488,7.771794687083727,1.4000112518174326
1317600,FXLAfeY7Xqos8x4+2DlVmcLdXrJZZ62JVDY3Fpkzen2lvJMxOvYtKVZlfVKmGJgR,0.6449452135847338,4.449714024503019,1.2652284590559515
1317900,FXLAfeY7Xqos8x4+2DlVmcLdXrJZZ62JVDY3Fpkzen2lvJMxOvYtKVZlfVKmGJgR,0.6160203359865958,1.32469766986809,0.7689116013763688
1318200,FXLAfeY7Xqos8x4+2DlVmcLdXrJZZ62JVDY3Fpkzen2lvJMxOvYtKVZlfVKmGJgR,0.5904477350267296,0.8894442817063579,0.7324535430274145
1318500,FXLAfeY7Xqos8x4+2DlVmcLdXrJZZ62JVDY3Fpkzen2lvJMxOvYtKVZlfVKmGJgR,0.6369866139293681,1.5930531061225788,0.8635563264816086
1318800,FXLAfeY7Xqos8x4+2DlVmcLdXrJZZ62JVDY3Fpkzen2lvJMxOvYtKVZlfVKmGJgR,0.5978688197717039,0.8251610277490917,0.7236483909996041
1319100,FXLAfeY7Xqos8x4+2DlVmcLdXrJZZ62JVDY3Fpkzen2lvJMxOvYtKVZlfVKmGJgR,0.6352600963372446,6.458091250993533,1.6124392785747288
1319400,FXLAfeY7Xqos8x4+2DlVmcLdXrJZZ62JVDY3Fpkzen2lvJMxOvYtKVZlfVKmGJgR,0.6427346189265752,0.8652140722068827,0.7335015221512228
1319700,FXLAfeY7Xqos8x4+2DlVmcLdXrJZZ62JVDY3Fpkzen2lvJMxOvYtKVZlfVKmGJgR,0.6169372056457351,1.333301343613562,0.7759162965350521
1320000,FXLAfeY7Xqos8x4+2DlVmcLdXrJZZ62JVDY3Fpkzen2lvJMxOvYtKVZlfVKmGJgR,0.6112008551968172,0.860908265888893,0.7278744987726433
1320300,FXLAfeY7Xqos8x4+2DlVmcLdXrJZZ62JVDY3Fpkzen2lvJMxOvYtKVZlfVKmGJgR,0.6432736989817484,1.389822987054052,0.7670686687431304
1320600,FXLAfeY7Xqos8x4+2DlVmcLdXrJZZ62JVDY3Fpkzen2lvJMxOvYtKVZlfVKmGJgR,0.5993232109545082,0.8458127858518304,0.7052488792463868
1320900,FXLAfeY7Xqos8x4+2DlVmcLdXrJZZ62JVDY3Fpkzen2lvJMxOvYtKVZlfVKmGJgR,0.6176920436333053,1.389332541254692,0.7744468568374167
1321200,FXLAfeY7Xqos8x4+2DlVmcLdXrJZZ62JVDY3Fpkzen2lvJMxOvYtKVZlfVKmGJgR,0.6179138304610869,4.184398736577748,1.3123507473223603
1321500,FXLAfeY7Xqos8x4+2DlVmcLdXrJZZ62JVDY3Fpkzen2lvJMxOvYtKVZlfVKmGJgR,0.6170849434936737,1.3651556270595138,0.7530402177071313
1321800,FXLAfeY7Xqos8x4+2DlVmcLdXrJZZ62JVDY3Fpkzen2lvJMxOvYtKVZlfVKmGJgR,0.6370335821905887,0.8917980280450489,0.7362067762010007
1322100,FXLAfeY7Xqos8x4+2DlVmcLdXrJZZ62JVDY3Fpkzen2lvJMxOvYtKVZlfVKmGJgR,0.6388118880415022,1.437963969305284,0.848193673113613
1322400,FXLAfeY7Xqos8x4+2DlVmcLdXrJZZ62JVDY3Fpkzen2lvJMxOvYtKVZlfVKmGJgR,0.6371373638656694,0.8895753257346334,0.7231667410806631
1322700,FXLAfeY7Xqos8x4+2DlVmcLdXrJZZ62JVDY3Fpkzen2lvJMxOvYtKVZlfVKmGJgR,0.6122421227521246,1.3583598481218986,0.7811315933546819
1323000,FXLAfeY7Xqos8x4+2DlVmcLdXrJZZ62JVDY3Fpkzen2lvJMxOvYtKVZlfVKmGJgR,0.627604233240347,0.8849637687773236,0.7175890998353448
1323300,FXLAfeY7Xqos8x4+2DlVmcLdXrJZZ62JVDY3Fpkzen2lvJMxOvYtKVZlfVKmGJgR,0.608673125213656,1.3082881113976932,0.7705051034569732
1323600,FXLAfeY7Xqos8x4+2DlVmcLdXrJZZ62JVDY3Fpkzen2lvJMxOvYtKVZlfVKmGJgR,0.6401288597374574,1.3118354326154686,0.8145415696308328
1323900,FXLAfeY7Xqos8x4+2DlVmcLdXrJZZ62JVDY3Fpkzen2lvJMxOvYtKVZlfVKmGJgR,0.5870886506142557,1.621914849542896,0.786221497317017
1324200,FXLAfeY7Xqos8x4+2DlVmcLdXrJZZ62JVDY3Fpkzen2lvJMxOvYtKVZlfVKmGJgR,0.661608555587751,0.81014509311855,0.7175462830665854
1324500,FXLAfeY7Xqos8x4+2DlVmcLdXrJZZ62JVDY3Fpkzen2lvJMxOvYtKVZlfVKmGJgR,0.6140151307083402,1.4313115470907314,0.8090249972293952
1324800,FXLAfeY7Xqos8x4+2DlVmcLdXrJZZ62JVDY3Fpkzen2lvJMxOvYtKVZlfVKmGJgR,0.6465979812546714,4.411228229055131,1.212160023833745
1325100,FXLAfeY7Xqos8x4+2DlVmcLdXrJZZ62JVDY3Fpkzen2lvJMxOvYtKVZlfVKmGJgR,0.6256583235445836,1.2661186018806652,0.8038915935595494
1325400,FXLAfeY7Xqos8x4+2DlVmcLdXrJZZ62JVDY3Fpkzen2lvJMxOvYtKVZlfVKmGJgR,0.6591334999929381,0.897590542712407,0.75856187187645
1325700,FXLAfeY7Xqos8x4+2DlVmcLdXrJZZ62JVDY3Fpkzen2lvJMxOvYtKVZlfVKmGJgR,0.635203351421636,1.7709788022512531,0.8638106540806447
1326000,FXLAfeY7Xqos8x4+2DlVmcLdXrJZZ62JVDY3Fpkzen2lvJMxOvYtKVZlfVKmGJgR,0.598191848050773,0.8192415957278484,0.7103242014010684
1326300,FXLAfeY7Xqos8x4+2DlVmcLdXrJZZ62JVDY3Fpkzen2lvJMxOvYtKVZlfVKmGJgR,0.6290159516161123,1.4364935300471071,0.7725325635057724
1326600,FXLAfeY7Xqos8x4+2DlVmcLdXrJZZ62JVDY3Fpkzen2lvJMxOvYtKVZlfVKmGJgR,0.6085031461997334,0.8377865745560514,0.7138338269188299
1326900,FXLAfeY7Xqos8x4+2DlVmcLdXrJZZ62JVDY3Fpkzen2lvJMxOvYtKVZlfVKmGJgR,0.6088354860127104,1.3748342052241904,0.7616898939390508
1327200,FXLAfeY7Xqos8x4+2DlVmcLdXrJZZ62JVDY3Fpkzen2lvJMxOvYtKVZlfVKmGJgR,0.6032942904802616,0.844309278712545,0.7309034490153303
1327500,FXLAfeY7Xqos8x4+2DlVmcLdXrJZZ62JVDY3Fpkzen2lvJMxOvYtKVZlfVKmGJgR,0.6446649121792478,1.1846424126754511,0.7681258745144967
1327800,FXLAfeY7Xqos8x4+2DlVmcLdXrJZZ62JVDY3Fpkzen2lvJMxOvYtKVZlfVKmGJgR,0.6219937440986815,0.8251696257471256,0.7030928916980581
1328100,FXLAfeY7Xqos8x4+2DlVmcLdXrJZZ62JVDY3Fpkzen2lvJMxOvYtKVZlfVKmGJgR,0.6533092507721822,1.3390948714399875,0.7857392464546266
1328400,FXLAfeY7Xqos8x4+2DlVmcLdXrJZZ62JVDY3Fpkzen2lvJMxOvYtKVZlfVKmGJgR,0.6191444366875422,4.380311048900998,1.2253866576526202
1328700,FXLAfeY7Xqos8x4+2DlVmcLdXrJZZ62JVDY3Fpkzen2lvJMxOvYtKVZlfVKmGJgR,0.6203498366280875,1.230975905552086,0.7642077506252232
1329000,FXLAfeY7Xqos8x4+2DlVmcLdXrJZZ62JVDY3Fpkzen2lvJMxOvYtKVZlfVKmGJgR,0.6355175813198388,0.8423421888052219,0.727871287770025
1329300,FXLAfeY7Xqos8x4+2DlVmcLdXrJZZ62JVDY3Fpkzen2lvJMxOvYtKVZlfVKmGJgR,0.6215034755586762,1.9308628688860512,0.8475210772056784
1329600,FXLAfeY7Xqos8x4+2DlVmcLdXrJZZ62JVDY3Fpkzen2lvJMxOvYtKVZlfVKmGJgR,0.62633054754054,0.8667193816801386,0.7140704981620433
1329900,FXLAfeY7Xqos8x4+2DlVmcLdXrJZZ62JVDY3Fpkzen2lvJMxOvYtKVZlfVKmGJgR,0.6078938491712571,1.3576872680412344,0.7782695431742248
1330200,FXLAfeY7Xqos8x4+2DlVmcLdXrJZZ62JVDY3Fpkzen2lvJMxOvYtKVZlfVKmGJgR,0.6499910552943933,0.8992501787801656,0.7353076372796514
1330500,FXLAfeY7Xqos8x4+2DlVmcLdXrJZZ62JVDY3Fpkzen2lvJMxOvYtKVZlfVKmGJgR,0.5701825200398383,1.2415046218401864,0.7638239850619125
1330800,FXLAfeY7Xqos8x4+2DlVmcLdXrJZZ62JVDY3Fpkzen2lvJMxOvYtKVZlfVKmGJgR,0.6270504924771958,0.8820592603272746,0.73661934197703
1331100,FXLAfeY7Xqos8x4+2DlVmcLdXrJZZ62JVDY3Fpkzen2lvJMxOvYtKVZlfVKmGJgR,0.6197921138146705,1.3413714386841382,0.7673779951240604
1331400,FXLAfeY7Xqos8x4+2DlVmcLdXrJZZ62JVDY3Fpkzen2lvJMxOvYtKVZlfVKmGJgR,0.5826804125017248,0.8365349766146685,0.7079369605334868
1331700,FXLAfeY7Xqos8x4+2DlVmcLdXrJZZ62JVDY3Fpkzen2lvJMxOvYtKVZlfVKmGJgR,0.6495325766488457,1.3317287445341808,0.7968874010566708
1332000,FXLAfeY7Xqos8x4+2DlVmcLdXrJZZ62JVDY3Fpkzen2lvJMxOvYtKVZlfVKmGJgR,0.6203165808966354,4.500076187064871,1.2672081644271211
1332300,FXLAfeY7Xqos8x4+2DlVmcLdXrJZZ62JVDY3Fpkzen2lvJMxOvYtKVZlfVKmGJgR,0.6150747975105542,1.3130503707156829,0.7574955104909936
1332600,FXLAfeY7Xqos8x4+2DlVmcLdXrJZZ62JVDY3Fpkzen2lvJMxOvYtKVZlfVKmGJgR,0.6528674740719,0.8699988225055509,0.732199581455308
1332900,FXLAfeY7Xqos8x4+2DlVmcLdXrJZZ62JVDY3Fpkzen2lvJMxOvYtKVZlfVKmGJgR,0.6258797881468926,1.7272207513574165,0.8496124755580085
1333200,FXLAfeY7Xqos8x4+2DlVmcLdXrJZZ62JVDY3Fpkzen2lvJMxOvYtKVZlfVKmGJgR,0.6171958516351282,0.840047906738186,0.7040747137742102
1333500,FXLAfeY7Xqos8x4+2DlVmcLdXrJZZ62JVDY3Fpkzen2lvJMxOvYtKVZlfVKmGJgR,0.6225703057938484,7.952244349575337,2.2580002236390615
1333800,FXLAfeY7Xqos8x4+2DlVmcLdXrJZZ62JVDY3Fpkzen2lvJMxOvYtKVZlfVKmGJgR,0.6220213318266553,2.972986621644369,0.9085888488698568
1334100,FXLAfeY7Xqos8x4+2DlVmcLdXrJZZ62JVDY3Fpkzen2lvJMxOvYtKVZlfVKmGJgR,0.6136453361341802,1.3234753190784152,0.7819360980646922
1334400,FXLAfeY7Xqos8x4+2DlVmcLdXrJZZ62JVDY3Fpkzen2lvJMxOvYtKVZlfVKmGJgR,0.6048600415388177,0.9110174065020804,0.7388996181717365
1334700,FXLAfeY7Xqos8x4+2DlVmcLdXrJZZ62JVDY3Fpkzen2lvJMxOvYtKVZlfVKmGJgR,0.6561857812714063,3.4433956398579024,1.1627607051302389
1335000,FXLAfeY7Xqos8x4+2DlVmcLdXrJZZ62JVDY3Fpkzen2lvJMxOvYtKVZlfVKmGJgR,0.6195424168983824,0.8568532930070587,0.7137961201554268
1335300,FXLAfeY7Xqos8x4+2DlVmcLdXrJZZ62JVDY3Fpkzen2lvJMxOvYtKVZlfVKmGJgR,0.5834796071905504,1.2984826074678728,0.7742930562786792
1335600,FXLAfeY7Xqos8x4+2DlVmcLdXrJZZ62JVDY3Fpkzen2lvJMxOvYtKVZlfVKmGJgR,0.6275464791676586,4.292115783811627,1.20841989163167
1335900,FXLAfeY7Xqos8x4+2DlVmcLdXrJZZ62JVDY3Fpkzen2lvJMxOvYtKVZlfVKmGJgR,0.609930062419518,1.3839068894493407,0.7517438932879756
1336200,FXLAfeY7Xqos8x4+2DlVmcLdXrJZZ62JVDY3Fpkzen2lvJMxOvYtKVZlfVKmGJgR,0.651921233759519,0.8504916226403668,0.7284475239470134
1336500,FXLAfeY7Xqos8x4+2DlVmcLdXrJZZ62JVDY3Fpkzen2lvJMxOvYtKVZlfVKmGJgR,0.6068104558932913,1.657459011048647,0.8551637918356872
1336800,FXLAfeY7Xqos8x4+2DlVmcLdXrJZZ62JVDY3Fpkzen2lvJMxOvYtKVZlfVKmGJgR,0.6122818394294973,0.8552984533273607,0.709187876185755
1337100,FXLAfeY7Xqos8x4+2DlVmcLdXrJZZ62JVDY3Fpkzen2lvJMxOvYtKVZlfVKmGJgR,0.6110970987549422,1.3826022141939274,0.7778934689054505
1337400,FXLAfeY7Xqos8x4+2DlVmcLdXrJZZ62JVDY3Fpkzen2lvJMxOvYtKVZlfVKmGJgR,0.6082767188699599,0.90548595442453,0.7061846794736677
1337700,FXLAfeY7Xqos8x4+2DlVmcLdXrJZZ62JVDY3Fpkzen2lvJMxOvYtKVZlfVKmGJgR,0.6035400919848886,1.5192882102484884,0.7661121261686518
1338000,FXLAfeY7Xqos8x4+2DlVmcLdXrJZZ62JVDY3Fpkzen2lvJMxOvYtKVZlfVKmGJgR,0.6472816128869832,0.856552034161086,0.7318674132726799
1338300,FXLAfeY7Xqos8x4+2DlVmcLdXrJZZ62JVDY3Fpkzen2lvJMxOvYtKVZlfVKmGJgR,0.5729677882759194,20.619751816634928,2.716151981508823
1338600,FXLAfeY7Xqos8x4+2DlVmcLdXrJZZ62JVDY3Fpkzen2lvJMxOvYtKVZlfVKmGJgR,0.6585963117553227,1.2388388066659548,0.768579922412783
1338900,FXLAfeY7Xqos8x4+2DlVmcLdXrJZZ62JVDY3Fpkzen2lvJMxOvYtKVZlfVKmGJgR,0.5939598941992573,1.3868314934182957,0.8189328329402745
1339200,FXLAfeY7Xqos8x4+2DlVmcLdXrJZZ62JVDY3Fpkzen2lvJMxOvYtKVZlfVKmGJgR,0.6096221046612501,4.211417013235942,1.2459516156265718
1339500,FXLAfeY7Xqos8x4+2DlVmcLdXrJZZ62JVDY3Fpkzen2lvJMxOvYtKVZlfVKmGJgR,0.5989395991473957,1.2207271326993672,0.7582204544979542
1339800,FXLAfeY7Xqos8x4+2DlVmcLdXrJZZ62JVDY3Fpkzen2lvJMxOvYtKVZlfVKmGJgR,0.6530893562769152,0.9082916372431322,0.7449142323637312
1340100,FXLAfeY7Xqos8x4+2DlVmcLdXrJZZ62JVDY3Fpkzen2lvJMxOvYtKVZlfVKmGJgR,0.6399885977835961,2.2269842973653824,0.8883994832137811
1340400,FXLAfeY7Xqos8x4+2DlVmcLdXrJZZ62JVDY3Fpkzen2lvJMxOvYtKVZlfVKmGJgR,0.6269683095458004,0.8603542111169069,0.7310450861416488
1340700,FXLAfeY7Xqos8x4+2DlVmcLdXrJZZ62JVDY3Fpkzen2lvJMxOvYtKVZlfVKmGJgR,0.6393899003557809,11.77901016395212,1.8092533615938435
1341000,FXLAfeY7Xqos8x4+2DlVmcLdXrJZZ62JVDY3Fpkzen2lvJMxOvYtKVZlfVKmGJgR,0.6304086226336392,0.8906171309901642,0.7403853775210694
1341300,FXLAfeY7Xqos8x4+2DlVmcLdXrJZZ62JVDY3Fpkzen2lvJMxOvYtKVZlfVKmGJgR,0.5786073956977216,1.4821017144932065,0.7826271551165265
1341600,FXLAfeY7Xqos8x4+2DlVmcLdXrJZZ62JVDY3Fpkzen2lvJMxOvYtKVZlfVKmGJgR,0.6084059903855445,0.8632745741131586,0.7350972982810184
1341900,FXLAfeY7Xqos8x4+2DlVmcLdXrJZZ62JVDY3Fpkzen2lvJMxOvYtKVZlfVKmGJgR,0.6063230912369618,1.5925282734445754,0.7839930811266024
1342200,FXLAfeY7Xqos8x4+2DlVmcLdXrJZZ62JVDY3Fpkzen2lvJMxOvYtKVZlfVKmGJgR,0.634357807157972,0.8995473207360642,0.7208473381799541
1342500,FXLAfeY7Xqos8x4+2DlVmcLdXrJZZ62JVDY3Fpkzen2lvJMxOvYtKVZlfVKmGJgR,0.6444448615535243,1.4817231753948,0.7863571690938446
1342800,FXLAfeY7Xqos8x4+2DlVmcLdXrJZZ62JVDY3Fpkzen2lvJMxOvYtKVZlfVKmGJgR,0.602060596571831,1.8690016559927396,0.818330899270332
1343100,FXLAfeY7Xqos8x4+2DlVmcLdXrJZZ62JVDY3Fpkzen2lvJMxOvYtKVZlfVKmGJgR,0.6140279740773136,4.634071536388379,1.1994066617958885
1343400,FXLAfeY7Xqos8x4+2DlVmcLdXrJZZ62JVDY3Fpkzen2lvJMxOvYtKVZlfVKmGJgR,0.6416527569586284,0.9306598828732204,0.7382964031022367
1343700,FXLAfeY7Xqos8x4+2DlVmcLdXrJZZ62JVDY3Fpkzen2lvJMxOvYtKVZlfVKmGJgR,0.6046462748141324,1.6974700580896696,0.8621724334521703
1344000,FXLAfeY7Xqos8x4+2DlVmcLdXrJZZ62JVDY3Fpkzen2lvJMxOvYtKVZlfVKmGJgR,0.6109595013299044,0.8673684035642252,0.7319552458466105
1344300,FXLAfeY7Xqos8x4+2DlVmcLdXrJZZ62JVDY3Fpkzen2lvJMxOvYtKVZlfVKmGJgR,0.6455061960481064,8.579270422273222,1.3708433494476
1344600,FXLAfeY7Xqos8x4+2DlVmcLdXrJZZ62JVDY3Fpkzen2lvJMxOvYtKVZlfVKmGJgR,0.6296361407042786,0.8962785972243108,0.713848945019475
1344900,FXLAfeY7Xqos8x4+2DlVmcLdXrJZZ62JVDY3Fpkzen2lvJMxOvYtKVZlfVKmGJgR,0.6313517505044938,1.567111269184342,0.7657563813656839
1345200,FXLAfeY7Xqos8x4+2DlVmcLdXrJZZ62JVDY3Fpkzen2lvJMxOvYtKVZlfVKmGJgR,0.6204734718268081,1.0437660983756254,0.75811196481547
1345500,FXLAfeY7Xqos8x4+2DlVmcLdXrJZZ62JVDY3Fpkzen2lvJMxOvYtKVZlfVKmGJgR,0.6301923867265401,1.4498054344701077,0.7674379504975097
1345800,FXLAfeY7Xqos8x4+2DlVmcLdXrJZZ62JVDY3Fpkzen2lvJMxOvYtKVZlfVKmGJgR,0.6351741099884686,0.8442036243838149,0.721692706175785
1346100,FXLAfeY7Xqos8x4+2DlVmcLdXrJZZ62JVDY3Fpkzen2lvJMxOvYtKVZlfVKmGJgR,0.6361612114933562,1.45839767254116,0.7968542281547315
1346400,FXLAfeY7Xqos8x4+2DlVmcLdXrJZZ62JVDY3Fpkzen2lvJMxOvYtKVZlfVKmGJgR,0.6204362340320775,0.954279050523768,0.7220775290566472
1346700,FXLAfeY7Xqos8x4+2DlVmcLdXrJZZ62JVDY3Fpkzen2lvJMxOvYtKVZlfVKmGJgR,0.6225522124924161,3.823606403419584,1.303134320322326
1347000,FXLAfeY7Xqos8x4+2DlVmcLdXrJZZ62JVDY3Fpkzen2lvJMxOvYtKVZlfVKmGJgR,0.6467210553808517,0.9676737629191584,0.7407679029023265
1347300,FXLAfeY7Xqos8x4+2DlVmcLdXrJZZ62JVDY3Fpkzen2lvJMxOvYtKVZlfVKmGJgR,0.6302726569257893,1.957499081996196,0.8508323071379827
1347600,FXLAfeY7Xqos8x4+2DlVmcLdXrJZZ62JVDY3Fpkzen2lvJMxOvYtKVZlfVKmGJgR,0.634774577869025,0.8951245372403664,0.733259643762664
1347900,FXLAfeY7Xqos8x4+2DlVmcLdXrJZZ62JVDY3Fpkzen2lvJMxOvYtKVZlfVKmGJgR,0.6478218437528775,26.407093897945018,4.880479026111864
1348200,FXLAfeY7Xqos8x4+2DlVmcLdXrJZZ62JVDY3Fpkzen2lvJMxOvYtKVZlfVKmGJgR,0.6292595642964025,1.1388964139242086,0.7600075623348678
1348500,FXLAfeY7Xqos8x4+2DlVmcLdXrJZZ62JVDY3Fpkzen2lvJMxOvYtKVZlfVKmGJgR,0.6196378703461012,0.8924841373034222,0.7224602714215977
1348800,FXLAfeY7Xqos8x4+2DlVmcLdXrJZZ62JVDY3Fpkzen2lvJMxOvYtKVZlfVKmGJgR,0.6499617046665499,1.3671033013929006,0.7966761823468833
1349100,FXLAfeY7Xqos8x4+2DlVmcLdXrJZZ62JVDY3Fpkzen2lvJMxOvYtKVZlfVKmGJgR,0.6287944413863118,0.8645365538200811,0.7178519258106687
1349400,FXLAfeY7Xqos8x4+2DlVmcLdXrJZZ62JVDY3Fpkzen2lvJMxOvYtKVZlfVKmGJgR,0.6403342649321737,1.221693390436673,0.750135337775975
1349700,FXLAfeY7Xqos8x4+2DlVmcLdXrJZZ62JVDY3Fpkzen2lvJMxOvYtKVZlfVKmGJgR,0.6355844272770333,0.8503789397725358,0.7137609548693145
1350000,FXLAfeY7Xqos8x4+2DlVmcLdXrJZZ62JVDY3Fpkzen2lvJMxOvYtKVZlfVKmGJgR,0.6377454893532282,1.4699257968817223,0.7687029144582389
1350300,FXLAfeY7Xqos8x4+2DlVmcLdXrJZZ62JVDY3Fpkzen2lvJMxOvYtKVZlfVKmGJgR,0.6374208398986714,4.320351582920797,1.2273813418009123
1350600,FXLAfeY7Xqos8x4+2DlVmcLdXrJZZ62JVDY3Fpkzen2lvJMxOvYtKVZlfVKmGJgR,0.6219590670459662,1.198012710390658,0.7751095145509946
1350900,FXLAfeY7Xqos8x4+2DlVmcLdXrJZZ62JVDY3Fpkzen2lvJMxOvYtKVZlfVKmGJgR,0.6358629809112443,1.7672271151467154,0.799842303070853
1351200,FXLAfeY7Xqos8x4+2DlVmcLdXrJZZ62JVDY3Fpkzen2lvJMxOvYtKVZlfVKmGJgR,0.6128327974963051,1.2686330042324474,0.767799677835393
1351500,FXLAfeY7Xqos8x4+2DlVmcLdXrJZZ62JVDY3Fpkzen2lvJMxOvYtKVZlfVKmGJgR,0.6102958375805868,13.200594831334758,2.483598175096938
1351800,FXLAfeY7Xqos8x4+2DlVmcLdXrJZZ62JVDY3Fpkzen2lvJMxOvYtKVZlfVKmGJgR,0.6563041878939414,1.13377406419082,0.760753522206189
1352100,FXLAfeY7Xqos8x4+2DlVmcLdXrJZZ62JVDY3Fpkzen2lvJMxOvYtKVZlfVKmGJgR,0.5963082654299672,0.948753153811418,0.7124704685133607
1352400,FXLAfeY7Xqos8x4+2DlVmcLdXrJZZ62JVDY3Fpkzen2lvJMxOvYtKVZlfVKmGJgR,0.6501438080576307,1.2856810993286996,0.7899107939538349
1352700,FXLAfeY7Xqos8x4+2DlVmcLdXrJZZ62JVDY3Fpkzen2lvJMxOvYtKVZlfVKmGJgR,0.6034173008953027,0.9802630719013676,0.7149416745215073
1353000,FXLAfeY7Xqos8x4+2DlVmcLdXrJZZ62JVDY3Fpkzen2lvJMxOvYtKVZlfVKmGJgR,0.6504017381522371,1.3223865764161684,0.7718865520818283
1353300,FXLAfeY7Xqos8x4+2DlVmcLdXrJZZ62JVDY3Fpkzen2lvJMxOvYtKVZlfVKmGJgR,0.6152724713083969,0.9144802074940884,0.7385273796337616
1353600,FXLAfeY7Xqos8x4+2DlVmcLdXrJZZ62JVDY3Fpkzen2lvJMxOvYtKVZlfVKmGJgR,0.6696571655230692,1.3757062478226647,0.7797113803957365
1353900,FXLAfeY7Xqos8x4+2DlVmcLdXrJZZ62JVDY3Fpkzen2lvJMxOvYtKVZlfVKmGJgR,0.6076704019794597,4.355464748944823,1.249749886681804
1354200,FXLAfeY7Xqos8x4+2DlVmcLdXrJZZ62JVDY3Fpkzen2lvJMxOvYtKVZlfVKmGJgR,0.6479716562743224,1.2994137175802307,0.7976754209749833
1354500,FXLAfeY7Xqos8x4+2DlVmcLdXrJZZ62JVDY3Fpkzen2lvJMxOvYtKVZlfVKmGJgR,0.5967052658282087,1.7331006312404384,0.7847623554823429
1354800,FXLAfeY7Xqos8x4+2DlVmcLdXrJZZ62JVDY3Fpkzen2lvJMxOvYtKVZlfVKmGJgR,0.6393336308855553,1.2792955973410458,0.775158945701499
1355100,FXLAfeY7Xqos8x4+2DlVmcLdXrJZZ62JVDY3Fpkzen2lvJMxOvYtKVZlfVKmGJgR,0.6559512110224168,0.8365059445122401,0.7226271678349803
1355400,FXLAfeY7Xqos8x4+2DlVmcLdXrJZZ62JVDY3Fpkzen2lvJMxOvYtKVZlfVKmGJgR,0.6145017659156167,1.158221576252456,0.759998013652536
1355700,FXLAfeY7Xqos8x4+2DlVmcLdXrJZZ62JVDY3Fpkzen2lvJMxOvYtKVZlfVKmGJgR,0.6028360781691487,0.9354512850886932,0.7146952907356392
1356000,FXLAfeY7Xqos8x4+2DlVmcLdXrJZZ62JVDY3Fpkzen2lvJMxOvYtKVZlfVKmGJgR,0.6344086635441933,1.2698264771848715,0.7852660195692815
1356300,FXLAfeY7Xqos8x4+2DlVmcLdXrJZZ62JVDY3Fpkzen2lvJMxOvYtKVZlfVKmGJgR,0.6080814783343453,0.8561359424462553,0.7036136837568338
1356600,FXLAfeY7Xqos8x4+2DlVmcLdXrJZZ62JVDY3Fpkzen2lvJMxOvYtKVZlfVKmGJgR,0.6183942393185085,1.2927002743260851,0.7696309496698596
1356900,FXLAfeY7Xqos8x4+2DlVmcLdXrJZZ62JVDY3Fpkzen2lvJMxOvYtKVZlfVKmGJgR,0.6338157668793953,0.8711356035976136,0.715532846233824
1357200,FXLAfeY7Xqos8x4+2DlVmcLdXrJZZ62JVDY3Fpkzen2lvJMxOvYtKVZlfVKmGJgR,0.6284533266129422,1.3008309006953938,0.7742765180401799
1357500,FXLAfeY7Xqos8x4+2DlVmcLdXrJZZ62JVDY3Fpkzen2lvJMxOvYtKVZlfVKmGJgR,0.626450113611764,4.755407378522808,1.2402400713170976
1357800,FXLAfeY7Xqos8x4+2DlVmcLdXrJZZ62JVDY3Fpkzen2lvJMxOvYtKVZlfVKmGJgR,0.627023273752399,1.435183554840877,0.7847528135925061
1358100,FXLAfeY7Xqos8x4+2DlVmcLdXrJZZ62JVDY3Fpkzen2lvJMxOvYtKVZlfVKmGJgR,0.6490498779156912,1.7941577611453794,0.7945573533342853
1358400,FXLAfeY7Xqos8x4+2DlVmcLdXrJZZ62JVDY3Fpkzen2lvJMxOvYtKVZlfVKmGJgR,0.6222089282436785,1.431126326771928,0.7736190057673895
1358700,FXLAfeY7Xqos8x4+2DlVmcLdXrJZZ62JVDY3Fpkzen2lvJMxOvYtKVZlfVKmGJgR,0.6230354710559203,0.9362980643760576,0.7511827776740428
1359000,FXLAfeY7Xqos8x4+2DlVmcLdXrJZZ62JVDY3Fpkzen2lvJMxOvYtKVZlfVKmGJgR,0.6109963121996274,1.322042238943541,0.7706998198968438
1359300,FXLAfeY7Xqos8x4+2DlVmcLdXrJZZ62JVDY3Fpkzen2lvJMxOvYtKVZlfVKmGJgR,0.6052430220145789,0.93417706359682,0.7160839859553287
1359600,FXLAfeY7Xqos8x4+2DlVmcLdXrJZZ62JVDY3Fpkzen2lvJMxOvYtKVZlfVKmGJgR,0.6410610958641801,1.375213714050987,0.7879541606313731
1359900,FXLAfeY7Xqos8x4+2DlVmcLdXrJZZ62JVDY3Fpkzen2lvJMxOvYtKVZlfVKmGJgR,0.6417933044980056,0.8591286247716533,0.7149368658272178
1360200,FXLAfeY7Xqos8x4+2DlVmcLdXrJZZ62JVDY3Fpkzen2lvJMxOvYtKVZlfVKmGJgR,0.6367330121214837,1.4829231738871769,0.7654803370788766
1360500,FXLAfeY7Xqos8x4+2DlVmcLdXrJZZ62JVDY3Fpkzen2lvJMxOvYtKVZlfVKmGJgR,0.615220127417907,0.8536762069769509,0.730418286152496
1360800,FXLAfeY7Xqos8x4+2DlVmcLdXrJZZ62JVDY3Fpkzen2lvJMxOvYtKVZlfVKmGJgR,0.6551012966962916,1.3849472495577826,0.7736248286128588
1361100,FXLAfeY7Xqos8x4+2DlVmcLdXrJZZ62JVDY3Fpkzen2lvJMxOvYtKVZlfVKmGJgR,0.6172228068016264,4.4597062889464,1.217814525685745
1361400,FXLAfeY7Xqos8x4+2DlVmcLdXrJZZ62JVDY3Fpkzen2lvJMxOvYtKVZlfVKmGJgR,0.6487474825257028,1.2445698122576463,0.7919048517278645
1361700,FXLAfeY7Xqos8x4+2DlVmcLdXrJZZ62JVDY3Fpkzen2lvJMxOvYtKVZlfVKmGJgR,0.5892132019983977,1.7869691583574518,0.796374606481209
1362000,FXLAfeY7Xqos8x4+2DlVmcLdXrJZZ62JVDY3Fpkzen2lvJMxOvYtKVZlfVKmGJgR,0.627844655195897,1.372564662506421,0.784938793324139
1362300,FXLAfeY7Xqos8x4+2DlVmcLdXrJZZ62JVDY3Fpkzen2lvJMxOvYtKVZlfVKmGJgR,0.6351339580136304,0.8460088600818793,0.7168943998241396
1362600,FXLAfeY7Xqos8x4+2DlVmcLdXrJZZ62JVDY3Fpkzen2lvJMxOvYtKVZlfVKmGJgR,0.6744483891250542,7.935626668383486,2.4013523490284845
1362900,FXLAfeY7Xqos8x4+2DlVmcLdXrJZZ62JVDY3Fpkzen2lvJMxOvYtKVZlfVKmGJgR,0.6322726527160609,1.2514399779308163,0.7481305013320827
1363200,FXLAfeY7Xqos8x4+2DlVmcLdXrJZZ62JVDY3Fpkzen2lvJMxOvYtKVZlfVKmGJgR,0.6253174989798567,1.313159944936766,0.7991226744548992
1363500,FXLAfeY7Xqos8x4+2DlVmcLdXrJZZ62JVDY3Fpkzen2lvJMxOvYtKVZlfVKmGJgR,0.6150492863355882,0.836726606738495,0.7167404702711658
1363800,FXLAfeY7Xqos8x4+2DlVmcLdXrJZZ62JVDY3Fpkzen2lvJMxOvYtKVZlfVKmGJgR,0.6108190705318299,1.3211466083238828,0.7612527911282014
1364100,FXLAfeY7Xqos8x4+2DlVmcLdXrJZZ62JVDY3Fpkzen2lvJMxOvYtKVZlfVKmGJgR,0.6199579104784586,0.8824768117415486,0.7266196607287818
1364400,FXLAfeY7Xqos8x4+2DlVmcLdXrJZZ62JVDY3Fpkzen2lvJMxOvYtKVZlfVKmGJgR,0.595447440732051,1.2715128408677825,0.7742008605361343
1364700,FXLAfeY7Xqos8x4+2DlVmcLdXrJZZ62JVDY3Fpkzen2lvJMxOvYtKVZlfVKmGJgR,0.6167465510580583,4.04581120306549,1.2135870078718043
1365000,FXLAfeY7Xqos8x4+2DlVmcLdXrJZZ62JVDY3Fpkzen2lvJMxOvYtKVZlfVKmGJgR,0.6379942083830743,1.3094308538392156,0.786749950801932
1365300,FXLAfeY7Xqos8x4+2DlVmcLdXrJZZ62JVDY3Fpkzen2lvJMxOvYtKVZlfVKmGJgR,0.6234789514687578,1.8688422648896788,0.7904214827310032
1365600,FXLAfeY7Xqos8x4+2DlVmcLdXrJZZ62JVDY3Fpkzen2lvJMxOvYtKVZlfVKmGJgR,0.6146220711822464,1.2390393557621076,0.7665816806894467
1365900,FXLAfeY7Xqos8x4+2DlVmcLdXrJZZ62JVDY3Fpkzen2lvJMxOvYtKVZlfVKmGJgR,0.6167832499392523,69.96577801706687,11.649784055133091
1366200,FXLAfeY7Xqos8x4+2DlVmcLdXrJZZ62JVDY3Fpkzen2lvJMxOvYtKVZlfVKmGJgR,0.6743417991304645,74.19010141318395,14.149219598012
1366500,FXLAfeY7Xqos8x4+2DlVmcLdXrJZZ62JVDY3Fpkzen2lvJMxOvYtKVZlfVKmGJgR,0.6229286555381459,0.9253149596370526,0.7283319316851943
1366800,FXLAfeY7Xqos8x4+2DlVmcLdXrJZZ62JVDY3Fpkzen2lvJMxOvYtKVZlfVKmGJgR,0.5975240382494703,1.402595396093523,0.8341614777715161
1367100,FXLAfeY7Xqos8x4+2DlVmcLdXrJZZ62JVDY3Fpkzen2lvJMxOvYtKVZlfVKmGJgR,0.5851066335278953,17.720752699699766,2.7620379545365794
1367400,FXLAfeY7Xqos8x4+2DlVmcLdXrJZZ62JVDY3Fpkzen2lvJMxOvYtKVZlfVKmGJgR,0.637526505123964,7.936046766649069,1.7034973529920652
1367700,FXLAfeY7Xqos8x4+2DlVmcLdXrJZZ62JVDY3Fpkzen2lvJMxOvYtKVZlfVKmGJgR,0.6154194817282401,0.9346692324033902,0.780379954062055
1368000,FXLAfeY7Xqos8x4+2DlVmcLdXrJZZ62JVDY3Fpkzen2lvJMxOvYtKVZlfVKmGJgR,0.6154460493921347,1.2171422987281073,0.775675085333071
1368300,FXLAfeY7Xqos8x4+2DlVmcLdXrJZZ62JVDY3Fpkzen2lvJMxOvYtKVZlfVKmGJgR,0.6008728126673645,1.219564347144923,0.7585119643100559
1368600,FXLAfeY7Xqos8x4+2DlVmcLdXrJZZ62JVDY3Fpkzen2lvJMxOvYtKVZlfVKmGJgR,0.6607000050608984,5.36512577385611,1.5179007086346474
1368900,FXLAfeY7Xqos8x4+2DlVmcLdXrJZZ62JVDY3Fpkzen2lvJMxOvYtKVZlfVKmGJgR,0.6170147568498241,2.0864562316445614,0.856933023450969
1369200,FXLAfeY7Xqos8x4+2DlVmcLdXrJZZ62JVDY3Fpkzen2lvJMxOvYtKVZlfVKmGJgR,0.673329327620499,1.345209381997023,0.8029236162896576
1369500,FXLAfeY7Xqos8x4+2DlVmcLdXrJZZ62JVDY3Fpkzen2lvJMxOvYtKVZlfVKmGJgR,0.6234690480210588,0.9851713555223688,0.7575514963588407
1369800,FXLAfeY7Xqos8x4+2DlVmcLdXrJZZ62JVDY3Fpkzen2lvJMxOvYtKVZlfVKmGJgR,0.6420812454160709,4.462970650639493,1.1080864203806349
1370100,FXLAfeY7Xqos8x4+2DlVmcLdXrJZZ62JVDY3Fpkzen2lvJMxOvYtKVZlfVKmGJgR,0.6754629670092868,0.9102294560985436,0.7625591986932315
1370400,FXLAfeY7Xqos8x4+2DlVmcLdXrJZZ62JVDY3Fpkzen2lvJMxOvYtKVZlfVKmGJgR,0.628425050959218,1.0381492158907522,0.7778677625301608
1370700,FXLAfeY7Xqos8x4+2DlVmcLdXrJZZ62JVDY3Fpkzen2lvJMxOvYtKVZlfVKmGJgR,0.656875840836569,0.8671389783352572,0.7244154911682607
1371000,FXLAfeY7Xqos8x4+2DlVmcLdXrJZZ62JVDY3Fpkzen2lvJMxOvYtKVZlfVKmGJgR,0.6111102209183207,1.3259413924083805,0.7600361618564605
1371300,FXLAfeY7Xqos8x4+2DlVmcLdXrJZZ62JVDY3Fpkzen2lvJMxOvYtKVZlfVKmGJgR,0.6194454847889265,0.8873333211819076,0.7395263117155056
1371600,FXLAfeY7Xqos8x4+2DlVmcLdXrJZZ62JVDY3Fpkzen2lvJMxOvYtKVZlfVKmGJgR,0.6300820289345803,1.47172935967274,0.778594076213199
1371900,FXLAfeY7Xqos8x4+2DlVmcLdXrJZZ62JVDY3Fpkzen2lvJMxOvYtKVZlfVKmGJgR,0.6477645471208292,0.8840925703710906,0.7174164937072056
1372200,FXLAfeY7Xqos8x4+2DlVmcLdXrJZZ62JVDY3Fpkzen2lvJMxOvYtKVZlfVKmGJgR,0.6382531244166822,4.384474323221492,1.2946627485949882
1372500,FXLAfeY7Xqos8x4+2DlVmcLdXrJZZ62JVDY3Fpkzen2lvJMxOvYtKVZlfVKmGJgR,0.6139071992817124,1.4934453656550049,0.7959354694266113
1372800,FXLAfeY7Xqos8x4+2DlVmcLdXrJZZ62JVDY3Fpkzen2lvJMxOvYtKVZlfVKmGJgR,0.6004534340606674,1.4400806985873291,0.7687727393076377
1373100,FXLAfeY7Xqos8x4+2DlVmcLdXrJZZ62JVDY3Fpkzen2lvJMxOvYtKVZlfVKmGJgR,0.6319314260337678,0.924289298915347,0.719344482654153
1373400,FXLAfeY7Xqos8x4+2DlVmcLdXrJZZ62JVDY3Fpkzen2lvJMxOvYtKVZlfVKmGJgR,0.6185554927571487,1.5071570154121017,0.7641747426659408
1373700,FXLAfeY7Xqos8x4+2DlVmcLdXrJZZ62JVDY3Fpkzen2lvJMxOvYtKVZlfVKmGJgR,0.618711245837034,0.9025236168074784,0.7087877039096953
1374000,FXLAfeY7Xqos8x4+2DlVmcLdXrJZZ62JVDY3Fpkzen2lvJMxOvYtKVZlfVKmGJgR,0.6362999742445145,1.3451667576929307,0.7982516542739851
1374300,FXLAfeY7Xqos8x4+2DlVmcLdXrJZZ62JVDY3Fpkzen2lvJMxOvYtKVZlfVKmGJgR,0.638402807444081,0.8500291764570953,0.7051841136458552
1374600,FXLAfeY7Xqos8x4+2DlVmcLdXrJZZ62JVDY3Fpkzen2lvJMxOvYtKVZlfVKmGJgR,0.6000773597705786,1.341387516009519,0.7640418133962597
1374900,FXLAfeY7Xqos8x4+2DlVmcLdXrJZZ62JVDY3Fpkzen2lvJMxOvYtKVZlfVKmGJgR,0.6284436036801827,0.8571220296330929,0.7389775446426586
1375200,FXLAfeY7Xqos8x4+2DlVmcLdXrJZZ62JVDY3Fpkzen2lvJMxOvYtKVZlfVKmGJgR,0.6302054912604594,1.4052616079414937,0.7755373773049625
1375500,FXLAfeY7Xqos8x4+2DlVmcLdXrJZZ62JVDY3Fpkzen2lvJMxOvYtKVZlfVKmGJgR,0.6340808186546648,0.8272859998574152,0.7071768089881745
1375800,FXLAfeY7Xqos8x4+2DlVmcLdXrJZZ62JVDY3Fpkzen2lvJMxOvYtKVZlfVKmGJgR,0.6231658936587555,4.382555119967898,1.2963841091294064
1376100,FXLAfeY7Xqos8x4+2DlVmcLdXrJZZ62JVDY3Fpkzen2lvJMxOvYtKVZlfVKmGJgR,0.6089119537140735,1.8272340704920451,0.8027054504474078
1376400,FXLAfeY7Xqos8x4+2DlVmcLdXrJZZ62JVDY3Fpkzen2lvJMxOvYtKVZlfVKmGJgR,0.6440790253828911,1.2999733915486442,0.773622377808567
1376700,FXLAfeY7Xqos8x4+2DlVmcLdXrJZZ62JVDY3Fpkzen2lvJMxOvYtKVZlfVKmGJgR,0.6364419715087734,9.072278546731097,2.3273179695145587
1377000,FXLAfeY7Xqos8x4+2DlVmcLdXrJZZ62JVDY3Fpkzen2lvJMxOvYtKVZlfVKmGJgR,0.6515606813023076,1.1017480132280093,0.7649039776551045
1377300,FXLAfeY7Xqos8x4+2DlVmcLdXrJZZ62JVDY3Fpkzen2lvJMxOvYtKVZlfVKmGJgR,0.6278846252987867,0.9000061908405098,0.718601844390603
1377600,FXLAfeY7Xqos8x4+2DlVmcLdXrJZZ62JVDY3Fpkzen2lvJMxOvYtKVZlfVKmGJgR,0.615446592178642,1.3149775172244902,0.800905757799835
1377900,FXLAfeY7Xqos8x4+2DlVmcLdXrJZZ62JVDY3Fpkzen2lvJMxOvYtKVZlfVKmGJgR,0.6017571401702493,4.961538540255509,1.121487203925416
1378200,FXLAfeY7Xqos8x4+2DlVmcLdXrJZZ62JVDY3Fpkzen2lvJMxOvYtKVZlfVKmGJgR,0.6419772383736634,1.3421079702731833,0.7679635441012622
1378500,FXLAfeY7Xqos8x4+2DlVmcLdXrJZZ62JVDY3Fpkzen2lvJMxOvYtKVZlfVKmGJgR,0.6219440755309436,0.868334768510632,0.7278666483906808
1378800,FXLAfeY7Xqos8x4+2DlVmcLdXrJZZ62JVDY3Fpkzen2lvJMxOvYtKVZlfVKmGJgR,0.619990384635502,1.254422072148932,0.7826466541867453
1379100,FXLAfeY7Xqos8x4+2DlVmcLdXrJZZ62JVDY3Fpkzen2lvJMxOvYtKVZlfVKmGJgR,0.6382414794420674,0.861425265991642,0.7174020304543424
1379400,FXLAfeY7Xqos8x4+2DlVmcLdXrJZZ62JVDY3Fpkzen2lvJMxOvYtKVZlfVKmGJgR,0.6274233791139884,4.282516234288844,1.3159115508156367
1379700,FXLAfeY7Xqos8x4+2DlVmcLdXrJZZ62JVDY3Fpkzen2lvJMxOvYtKVZlfVKmGJgR,0.6400782666784702,1.6470195866545343,0.8163299073582732
1380000,FXLAfeY7Xqos8x4+2DlVmcLdXrJZZ62JVDY3Fpkzen2lvJMxOvYtKVZlfVKmGJgR,0.6096942123755773,1.3750056934590449,0.780808790183023
1380300,FXLAfeY7Xqos8x4+2DlVmcLdXrJZZ62JVDY3Fpkzen2lvJMxOvYtKVZlfVKmGJgR,0.6750269631442538,8.90753792046188,1.8932842476973415
1380600,FXLAfeY7Xqos8x4+2DlVmcLdXrJZZ62JVDY3Fpkzen2lvJMxOvYtKVZlfVKmGJgR,0.6350406326089438,7.306431924010328,1.3648640856280727
1380900,FXLAfeY7Xqos8x4+2DlVmcLdXrJZZ62JVDY3Fpkzen2lvJMxOvYtKVZlfVKmGJgR,0.6359942941946529,0.9066035293188665,0.7412192130130709
1381200,FXLAfeY7Xqos8x4+2DlVmcLdXrJZZ62JVDY3Fpkzen2lvJMxOvYtKVZlfVKmGJgR,0.674599151024946,1.3762192213530275,0.8114632568597709
1381500,FXLAfeY7Xqos8x4+2DlVmcLdXrJZZ62JVDY3Fpkzen2lvJMxOvYtKVZlfVKmGJgR,0.659275684572581,0.946294259272117,0.7332871175302855
1381800,FXLAfeY7Xqos8x4+2DlVmcLdXrJZZ62JVDY3Fpkzen2lvJMxOvYtKVZlfVKmGJgR,0.6470456215821218,1.357295535296488,0.7864215659640262
1382100,FXLAfeY7Xqos8x4+2DlVmcLdXrJZZ62JVDY3Fpkzen2lvJMxOvYtKVZlfVKmGJgR,0.6983873802998255,0.9019019362711924,0.7740016041029965
1382400,FXLAfeY7Xqos8x4+2DlVmcLdXrJZZ62JVDY3Fpkzen2lvJMxOvYtKVZlfVKmGJgR,0.6349312360154099,1.4065612519213186,0.7877707811723191
1382700,FXLAfeY7Xqos8x4+2DlVmcLdXrJZZ62JVDY3Fpkzen2lvJMxOvYtKVZlfVKmGJgR,0.6296691440055934,0.8557409201306485,0.7341253967706012
1383000,FXLAfeY7Xqos8x4+2DlVmcLdXrJZZ62JVDY3Fpkzen2lvJMxOvYtKVZlfVKmGJgR,0.6746556426060113,4.230126320055323,1.2871169405188203
1383300,FXLAfeY7Xqos8x4+2DlVmcLdXrJZZ62JVDY3Fpkzen2lvJMxOvYtKVZlfVKmGJgR,0.661664892047288,1.5672631347838233,0.8064603945036091
1383600,FXLAfeY7Xqos8x4+2DlVmcLdXrJZZ62JVDY3Fpkzen2lvJMxOvYtKVZlfVKmGJgR,0.6618164094039319,1.3526624856648426,0.7955370649665833
1383900,FXLAfeY7Xqos8x4+2DlVmcLdXrJZZ62JVDY3Fpkzen2lvJMxOvYtKVZlfVKmGJgR,0.634741533229403,0.8652812743822661,0.7469800677574517
1384200,FXLAfeY7Xqos8x4+2DlVmcLdXrJZZ62JVDY3Fpkzen2lvJMxOvYtKVZlfVKmGJgR,0.6333702765716874,1.4723564420093935,0.7963492731596921
1384500,FXLAfeY7Xqos8x4+2DlVmcLdXrJZZ62JVDY3Fpkzen2lvJMxOvYtKVZlfVKmGJgR,0.6307159398534332,0.8927784077000521,0.733433787834604
1384800,FXLAfeY7Xqos8x4+2DlVmcLdXrJZZ62JVDY3Fpkzen2lvJMxOvYtKVZlfVKmGJgR,0.6757815486044215,1.2883163586493185,0.8047280131528328
1385100,FXLAfeY7Xqos8x4+2DlVmcLdXrJZZ62JVDY3Fpkzen2lvJMxOvYtKVZlfVKmGJgR,0.6253895727398435,1.0609232059701232,0.7404322808136713
1385400,FXLAfeY7Xqos8x4+2DlVmcLdXrJZZ62JVDY3Fpkzen2lvJMxOvYtKVZlfVKmGJgR,0.6515630289651261,1.3750188443482187,0.7800590753867884
1385700,FXLAfeY7Xqos8x4+2DlVmcLdXrJZZ62JVDY3Fpkzen2lvJMxOvYtKVZlfVKmGJgR,0.6351219903049397,0.8994650745792288,0.7413432440907964
1386000,FXLAfeY7Xqos8x4+2DlVmcLdXrJZZ62JVDY3Fpkzen2lvJMxOvYtKVZlfVKmGJgR,0.6219261418992656,1.1281053125812726,0.7883360142706556
1386300,FXLAfeY7Xqos8x4+2DlVmcLdXrJZZ62JVDY3Fpkzen2lvJMxOvYtKVZlfVKmGJgR,0.6298968645885707,0.8582583243197573,0.7168065373901567
1386600,FXLAfeY7Xqos8x4+2DlVmcLdXrJZZ62JVDY3Fpkzen2lvJMxOvYtKVZlfVKmGJgR,0.6531938395780935,3.9673693336799625,1.2840184049411536
1386900,FXLAfeY7Xqos8x4+2DlVmcLdXrJZZ62JVDY3Fpkzen2lvJMxOvYtKVZlfVKmGJgR,0.6186811017557118,1.8249541235411728,0.8144309663074477
1387200,FXLAfeY7Xqos8x4+2DlVmcLdXrJZZ62JVDY3Fpkzen2lvJMxOvYtKVZlfVKmGJgR,0.6362352358066153,1.5033453761629323,0.7882747711516331
1387500,FXLAfeY7Xqos8x4+2DlVmcLdXrJZZ62JVDY3Fpkzen2lvJMxOvYtKVZlfVKmGJgR,0.6499463392932318,0.8927149243256086,0.7527096723339262
1387800,FXLAfeY7Xqos8x4+2DlVmcLdXrJZZ62JVDY3Fpkzen2lvJMxOvYtKVZlfVKmGJgR,0.654539018682641,1.3537980078456118,0.7847233573735235
1388100,FXLAfeY7Xqos8x4+2DlVmcLdXrJZZ62JVDY3Fpkzen2lvJMxOvYtKVZlfVKmGJgR,0.6598927805341223,0.8849672470894118,0.739297465181336
1388400,FXLAfeY7Xqos8x4+2DlVmcLdXrJZZ62JVDY3Fpkzen2lvJMxOvYtKVZlfVKmGJgR,0.6582005414536227,1.4931313112881297,0.8310903486357917
1388700,FXLAfeY7Xqos8x4+2DlVmcLdXrJZZ62JVDY3Fpkzen2lvJMxOvYtKVZlfVKmGJgR,0.629615437444829,0.874913341080965,0.7291831321888537
1389000,FXLAfeY7Xqos8x4+2DlVmcLdXrJZZ62JVDY3Fpkzen2lvJMxOvYtKVZlfVKmGJgR,0.6384941721863517,1.2846028859566936,0.7772596176345058
1389300,FXLAfeY7Xqos8x4+2DlVmcLdXrJZZ62JVDY3Fpkzen2lvJMxOvYtKVZlfVKmGJgR,0.6829618885697774,1.0141592766250416,0.7764343300971946
1389600,FXLAfeY7Xqos8x4+2DlVmcLdXrJZZ62JVDY3Fpkzen2lvJMxOvYtKVZlfVKmGJgR,0.6529751252819447,1.0448160569363885,0.7776563032715554
1389900,FXLAfeY7Xqos8x4+2DlVmcLdXrJZZ62JVDY3Fpkzen2lvJMxOvYtKVZlfVKmGJgR,0.6385921230185561,0.8332638505145497,0.7292329070784374
1390200,FXLAfeY7Xqos8x4+2DlVmcLdXrJZZ62JVDY3Fpkzen2lvJMxOvYtKVZlfVKmGJgR,0.6405662163286236,4.3998536837714495,1.2218479847348092
1390500,FXLAfeY7Xqos8x4+2DlVmcLdXrJZZ62JVDY3Fpkzen2lvJMxOvYtKVZlfVKmGJgR,0.6717028043036724,1.6948794206753193,0.9086911988252532
1390800,FXLAfeY7Xqos8x4+2DlVmcLdXrJZZ62JVDY3Fpkzen2lvJMxOvYtKVZlfVKmGJgR,0.6706232863680992,1.289392074090305,0.7967820168315523
1391100,FXLAfeY7Xqos8x4+2DlVmcLdXrJZZ62JVDY3Fpkzen2lvJMxOvYtKVZlfVKmGJgR,0.6344109819900056,0.9199289434287374,0.7303587775252403
1391400,FXLAfeY7Xqos8x4+2DlVmcLdXrJZZ62JVDY3Fpkzen2lvJMxOvYtKVZlfVKmGJgR,0.6633923053898801,7.652078932513502,2.444313552162151
1391700,FXLAfeY7Xqos8x4+2DlVmcLdXrJZZ62JVDY3Fpkzen2lvJMxOvYtKVZlfVKmGJgR,0.6283304224862191,0.895449707916318,0.7341427235577604
1392000,FXLAfeY7Xqos8x4+2DlVmcLdXrJZZ62JVDY3Fpkzen2lvJMxOvYtKVZlfVKmGJgR,0.6368839275770075,1.3656363229331547,0.8058555280392296
1392300,FXLAfeY7Xqos8x4+2DlVmcLdXrJZZ62JVDY3Fpkzen2lvJMxOvYtKVZlfVKmGJgR,0.6393858120258811,0.855124188185832,0.7274222685121517
1392600,FXLAfeY7Xqos8x4+2DlVmcLdXrJZZ62JVDY3Fpkzen2lvJMxOvYtKVZlfVKmGJgR,0.6285166930853312,1.5232964468608148,0.781292698265182
1392900,FXLAfeY7Xqos8x4+2DlVmcLdXrJZZ62JVDY3Fpkzen2lvJMxOvYtKVZlfVKmGJgR,0.6332868265227992,0.881072348987785,0.7426206505592183
1393200,FXLAfeY7Xqos8x4+2DlVmcLdXrJZZ62JVDY3Fpkzen2lvJMxOvYtKVZlfVKmGJgR,0.6516683863951396,1.2993301353127342,0.7957769634835039
1393500,FXLAfeY7Xqos8x4+2DlVmcLdXrJZZ62JVDY3Fpkzen2lvJMxOvYtKVZlfVKmGJgR,0.6581820019518658,0.9017184195758852,0.7343924189875419
1393800,FXLAfeY7Xqos8x4+2DlVmcLdXrJZZ62JVDY3Fpkzen2lvJMxOvYtKVZlfVKmGJgR,0.6653207016928213,1.5610675431729764,0.8190807921222337
1394100,FXLAfeY7Xqos8x4+2DlVmcLdXrJZZ62JVDY3Fpkzen2lvJMxOvYtKVZlfVKmGJgR,0.6816583454216101,3.737607436031877,1.3191678885317548
1394400,FXLAfeY7Xqos8x4+2DlVmcLdXrJZZ62JVDY3Fpkzen2lvJMxOvYtKVZlfVKmGJgR,0.6376405401810336,3.1519045366558243,1.042804789601953
1394700,FXLAfeY7Xqos8x4+2DlVmcLdXrJZZ62JVDY3Fpkzen2lvJMxOvYtKVZlfVKmGJgR,0.6427219861354656,0.8578773371821999,0.7478624179178786
1395000,FXLAfeY7Xqos8x4+2DlVmcLdXrJZZ62JVDY3Fpkzen2lvJMxOvYtKVZlfVKmGJgR,0.6283079306333526,1.4699958953305832,0.7796776911372673
1395300,FXLAfeY7Xqos8x4+2DlVmcLdXrJZZ62JVDY3Fpkzen2lvJMxOvYtKVZlfVKmGJgR,0.620719956866776,0.8814398804911527,0.720185141834415
1395600,FXLAfeY7Xqos8x4+2DlVmcLdXrJZZ62JVDY3Fpkzen2lvJMxOvYtKVZlfVKmGJgR,0.6438626026514865,1.4765183484892597,0.782433612564051
1395900,FXLAfeY7Xqos8x4+2DlVmcLdXrJZZ62JVDY3Fpkzen2lvJMxOvYtKVZlfVKmGJgR,0.6237985106772059,16.939779937955514,2.646964277603849
1396200,FXLAfeY7Xqos8x4+2DlVmcLdXrJZZ62JVDY3Fpkzen2lvJMxOvYtKVZlfVKmGJgR,0.6670114784592299,1.5045064933422914,0.7920983286019081
1396500,FXLAfeY7Xqos8x4+2DlVmcLdXrJZZ62JVDY3Fpkzen2lvJMxOvYtKVZlfVKmGJgR,0.6235627884741382,0.9660370998673452,0.7584783732592048
1396800,FXLAfeY7Xqos8x4+2DlVmcLdXrJZZ62JVDY3Fpkzen2lvJMxOvYtKVZlfVKmGJgR,0.6410072756140284,1.2151135805503803,0.7430937397666757
1397100,FXLAfeY7Xqos8x4+2DlVmcLdXrJZZ62JVDY3Fpkzen2lvJMxOvYtKVZlfVKmGJgR,0.5959418468870147,0.8501436281875153,0.699737000092363
1397400,FXLAfeY7Xqos8x4+2DlVmcLdXrJZZ62JVDY3Fpkzen2lvJMxOvYtKVZlfVKmGJgR,0.6373533399888871,1.338133847862481,0.7871969773775545
1397700,FXLAfeY7Xqos8x4+2DlVmcLdXrJZZ62JVDY3Fpkzen2lvJMxOvYtKVZlfVKmGJgR,0.6339073788300215,4.431856136101201,1.353234957376809
1398000,FXLAfeY7Xqos8x4+2DlVmcLdXrJZZ62JVDY3Fpkzen2lvJMxOvYtKVZlfVKmGJgR,0.6433948326720837,1.5166723959757065,0.785792746106923
1398300,FXLAfeY7Xqos8x4+2DlVmcLdXrJZZ62JVDY3Fpkzen2lvJMxOvYtKVZlfVKmGJgR,0.6609988099768525,0.859503355054866,0.744206152644656
1398600,FXLAfeY7Xqos8x4+2DlVmcLdXrJZZ62JVDY3Fpkzen2lvJMxOvYtKVZlfVKmGJgR,0.6186935689231646,1.4565073754016682,0.7767963750338691
1398900,FXLAfeY7Xqos8x4+2DlVmcLdXrJZZ62JVDY3Fpkzen2lvJMxOvYtKVZlfVKmGJgR,0.5733442700557603,0.8657500079074244,0.7157574673466549
1399200,FXLAfeY7Xqos8x4+2DlVmcLdXrJZZ62JVDY3Fpkzen2lvJMxOvYtKVZlfVKmGJgR,0.6442601323753371,1.5463185016283485,0.7947319607461886
1399500,FXLAfeY7Xqos8x4+2DlVmcLdXrJZZ62JVDY3Fpkzen2lvJMxOvYtKVZlfVKmGJgR,0.6131356966449613,0.8674913977443455,0.7310130537507408
1399800,FXLAfeY7Xqos8x4+2DlVmcLdXrJZZ62JVDY3Fpkzen2lvJMxOvYtKVZlfVKmGJgR,0.6033907867528027,1.3157316601359752,0.7654591918921898
1400100,FXLAfeY7Xqos8x4+2DlVmcLdXrJZZ62JVDY3Fpkzen2lvJMxOvYtKVZlfVKmGJgR,0.6367705246239596,0.8454458492623815,0.7286104906870127
1400400,FXLAfeY7Xqos8x4+2DlVmcLdXrJZZ62JVDY3Fpkzen2lvJMxOvYtKVZlfVKmGJgR,0.6484099890801696,1.3856415187344688,0.7769645944250617
1400700,FXLAfeY7Xqos8x4+2DlVmcLdXrJZZ62JVDY3Fpkzen2lvJMxOvYtKVZlfVKmGJgR,0.6396493132028727,0.8403867254261836,0.7123656447049546
1401000,FXLAfeY7Xqos8x4+2DlVmcLdXrJZZ62JVDY3Fpkzen2lvJMxOvYtKVZlfVKmGJgR,0.6371512731918862,1.3927059668374553,0.7780252454095169
1401300,FXLAfeY7Xqos8x4+2DlVmcLdXrJZZ62JVDY3Fpkzen2lvJMxOvYtKVZlfVKmGJgR,0.6525367962978766,4.020603094197454,1.3526999117226504
1401600,FXLAfeY7Xqos8x4+2DlVmcLdXrJZZ62JVDY3Fpkzen2lvJMxOvYtKVZlfVKmGJgR,0.6378625582701534,1.3113395869850035,0.7785646023126996
1401900,FXLAfeY7Xqos8x4+2DlVmcLdXrJZZ62JVDY3Fpkzen2lvJMxOvYtKVZlfVKmGJgR,0.6534324126852151,0.9111198793315852,0.7368510676381278
1402200,FXLAfeY7Xqos8x4+2DlVmcLdXrJZZ62JVDY3Fpkzen2lvJMxOvYtKVZlfVKmGJgR,0.5885973634941568,1.30927915275,0.7586340617205646
1402500,FXLAfeY7Xqos8x4+2DlVmcLdXrJZZ62JVDY3Fpkzen2lvJMxOvYtKVZlfVKmGJgR,0.6151528490156634,0.8697870900385518,0.7136243989817515
1402800,FXLAfeY7Xqos8x4+2DlVmcLdXrJZZ62JVDY3Fpkzen2lvJMxOvYtKVZlfVKmGJgR,0.635299921658083,1.2667260984199635,0.7762382776900458
1403100,FXLAfeY7Xqos8x4+2DlVmcLdXrJZZ62JVDY3Fpkzen2lvJMxOvYtKVZlfVKmGJgR,0.6089016268793725,0.8223916889850413,0.7039299421557396
1403400,FXLAfeY7Xqos8x4+2DlVmcLdXrJZZ62JVDY3Fpkzen2lvJMxOvYtKVZlfVKmGJgR,0.5806677900965622,1.2452822627606597,0.7730801197666046
1403700,FXLAfeY7Xqos8x4+2DlVmcLdXrJZZ62JVDY3Fpkzen2lvJMxOvYtKVZlfVKmGJgR,0.6462028952826013,0.870138164970806,0.7408196855005957
1404000,FXLAfeY7Xqos8x4+2DlVmcLdXrJZZ62JVDY3Fpkzen2lvJMxOvYtKVZlfVKmGJgR,0.6071926296144292,1.0858453510986354,0.7452937701001185
1404300,FXLAfeY7Xqos8x4+2DlVmcLdXrJZZ62JVDY3Fpkzen2lvJMxOvYtKVZlfVKmGJgR,0.5858013955427515,0.8792678700293188,0.69890221449634
1404600,FXLAfeY7Xqos8x4+2DlVmcLdXrJZZ62JVDY3Fpkzen2lvJMxOvYtKVZlfVKmGJgR,0.6492471715732377,1.3067073637756403,0.7916549989306376
1404900,FXLAfeY7Xqos8x4+2DlVmcLdXrJZZ62JVDY3Fpkzen2lvJMxOvYtKVZlfVKmGJgR,0.5868457716595604,4.468516046849684,1.3531329386791082
1405200,FXLAfeY7Xqos8x4+2DlVmcLdXrJZZ62JVDY3Fpkzen2lvJMxOvYtKVZlfVKmGJgR,0.6627372591914525,1.3953100179911773,0.7854967666078345
1405500,FXLAfeY7Xqos8x4+2DlVmcLdXrJZZ62JVDY3Fpkzen2lvJMxOvYtKVZlfVKmGJgR,0.6479671009011057,0.8888376057220491,0.7371136769920686
1405800,FXLAfeY7Xqos8x4+2DlVmcLdXrJZZ62JVDY3Fpkzen2lvJMxOvYtKVZlfVKmGJgR,0.613208125466158,1.2724509454921085,0.7711155060208977
1406100,FXLAfeY7Xqos8x4+2DlVmcLdXrJZZ62JVDY3Fpkzen2lvJMxOvYtKVZlfVKmGJgR,0.611812934417377,0.830550026160296,0.7113800814181359
1406400,FXLAfeY7Xqos8x4+2DlVmcLdXrJZZ62JVDY3Fpkzen2lvJMxOvYtKVZlfVKmGJgR,0.6478559241634376,1.2657572879570833,0.7897421941500052
1406700,FXLAfeY7Xqos8x4+2DlVmcLdXrJZZ62JVDY3Fpkzen2lvJMxOvYtKVZlfVKmGJgR,0.5941950651146943,0.8319334256122128,0.7239390443517861
1407000,FXLAfeY7Xqos8x4+2DlVmcLdXrJZZ62JVDY3Fpkzen2lvJMxOvYtKVZlfVKmGJgR,0.612603873193196,1.2368037122246731,0.7604865423215927
1407300,FXLAfeY7Xqos8x4+2DlVmcLdXrJZZ62JVDY3Fpkzen2lvJMxOvYtKVZlfVKmGJgR,0.6782740069440147,0.8440833274338451,0.7426716481663813
1407600,FXLAfeY7Xqos8x4+2DlVmcLdXrJZZ62JVDY3Fpkzen2lvJMxOvYtKVZlfVKmGJgR,0.6372456342657189,1.39430818370653,0.7733836897163856
1407900,FXLAfeY7Xqos8x4+2DlVmcLdXrJZZ62JVDY3Fpkzen2lvJMxOvYtKVZlfVKmGJgR,0.5860665255554522,0.8782983586564266,0.711397421078382
1408200,FXLAfeY7Xqos8x4+2DlVmcLdXrJZZ62JVDY3Fpkzen2lvJMxOvYtKVZlfVKmGJgR,0.615097423549458,1.3592431619191203,0.7704568041569582
1408500,FXLAfeY7Xqos8x4+2DlVmcLdXrJZZ62JVDY3Fpkzen2lvJMxOvYtKVZlfVKmGJgR,0.6259893013629694,3.985298403945341,1.3334486233753673
1408800,FXLAfeY7Xqos8x4+2DlVmcLdXrJZZ62JVDY3Fpkzen2lvJMxOvYtKVZlfVKmGJgR,0.6433127535741401,1.2086322049748708,0.7718303489658986
1409100,FXLAfeY7Xqos8x4+2DlVmcLdXrJZZ62JVDY3Fpkzen2lvJMxOvYtKVZlfVKmGJgR,0.6522409723531701,0.8342118100383032,0.7226758608843434
1409400,FXLAfeY7Xqos8x4+2DlVmcLdXrJZZ62JVDY3Fpkzen2lvJMxOvYtKVZlfVKmGJgR,0.6381705369053242,1.347983538628812,0.767159001555282
1409700,FXLAfeY7Xqos8x4+2DlVmcLdXrJZZ62JVDY3Fpkzen2lvJMxOvYtKVZlfVKmGJgR,0.629381165675386,0.8580888424264294,0.7121023976412
1410000,FXLAfeY7Xqos8x4+2DlVmcLdXrJZZ62JVDY3Fpkzen2lvJMxOvYtKVZlfVKmGJgR,0.6593836874872185,1.398809609343024,0.873621993596835
1410300,FXLAfeY7Xqos8x4+2DlVmcLdXrJZZ62JVDY3Fpkzen2lvJMxOvYtKVZlfVKmGJgR,0.637896241619175,1.0260686415807034,0.7324400550525731
1410600,FXLAfeY7Xqos8x4+2DlVmcLdXrJZZ62JVDY3Fpkzen2lvJMxOvYtKVZlfVKmGJgR,0.6217225869828085,1.4403779298679102,0.765854160374895
1410900,FXLAfeY7Xqos8x4+2DlVmcLdXrJZZ62JVDY3Fpkzen2lvJMxOvYtKVZlfVKmGJgR,0.6309625531111733,0.8611695173124654,0.7451534493937249
1411200,FXLAfeY7Xqos8x4+2DlVmcLdXrJZZ62JVDY3Fpkzen2lvJMxOvYtKVZlfVKmGJgR,0.6280695017970575,1.2127676175421225,0.7436326740570369
1411500,FXLAfeY7Xqos8x4+2DlVmcLdXrJZZ62JVDY3Fpkzen2lvJMxOvYtKVZlfVKmGJgR,0.6248283851725429,0.8959237833365536,0.7112965368885215
1411800,FXLAfeY7Xqos8x4+2DlVmcLdXrJZZ62JVDY3Fpkzen2lvJMxOvYtKVZlfVKmGJgR,0.6148771073919594,1.3590765250842318,0.8189810113918302
1412100,FXLAfeY7Xqos8x4+2DlVmcLdXrJZZ62JVDY3Fpkzen2lvJMxOvYtKVZlfVKmGJgR,0.657361884581867,4.572111978133004,1.37360031376393
1412400,FXLAfeY7Xqos8x4+2DlVmcLdXrJZZ62JVDY3Fpkzen2lvJMxOvYtKVZlfVKmGJgR,0.6112730158742751,1.360945983207028,0.7777062992774503
1412700,FXLAfeY7Xqos8x4+2DlVmcLdXrJZZ62JVDY3Fpkzen2lvJMxOvYtKVZlfVKmGJgR,0.6224653492721145,0.9362936417345754,0.7270066079145556
1413000,FXLAfeY7Xqos8x4+2DlVmcLdXrJZZ62JVDY3Fpkzen2lvJMxOvYtKVZlfVKmGJgR,0.6177053129183043,1.3048476217121776,0.7680816420214168
1413300,FXLAfeY7Xqos8x4+2DlVmcLdXrJZZ62JVDY3Fpkzen2lvJMxOvYtKVZlfVKmGJgR,0.6361573078034309,0.8433307843963703,0.7164711699463135
1413600,FXLAfeY7Xqos8x4+2DlVmcLdXrJZZ62JVDY3Fpkzen2lvJMxOvYtKVZlfVKmGJgR,0.6212953448075564,1.4814397227028795,0.7785155322327955
1413900,FXLAfeY7Xqos8x4+2DlVmcLdXrJZZ62JVDY3Fpkzen2lvJMxOvYtKVZlfVKmGJgR,0.6247105109912711,0.8757565593077381,0.6989011428852779
1414200,FXLAfeY7Xqos8x4+2DlVmcLdXrJZZ62JVDY3Fpkzen2lvJMxOvYtKVZlfVKmGJgR,0.567480756148121,1.4256839769845573,0.7515698549210772
1414500,FXLAfeY7Xqos8x4+2DlVmcLdXrJZZ62JVDY3Fpkzen2lvJMxOvYtKVZlfVKmGJgR,0.6303913163905119,0.8455160128911858,0.729482674722218
1414800,FXLAfeY7Xqos8x4+2DlVmcLdXrJZZ62JVDY3Fpkzen2lvJMxOvYtKVZlfVKmGJgR,0.5914519018726111,1.2748608619005508,0.7615513817038186
1415100,FXLAfeY7Xqos8x4+2DlVmcLdXrJZZ62JVDY3Fpkzen2lvJMxOvYtKVZlfVKmGJgR,0.615276956573933,0.8344807136696472,0.6985316024052731
1415400,FXLAfeY7Xqos8x4+2DlVmcLdXrJZZ62JVDY3Fpkzen2lvJMxOvYtKVZlfVKmGJgR,0.6198966965060435,1.5061573606543772,0.784649308560748
1415700,FXLAfeY7Xqos8x4+2DlVmcLdXrJZZ62JVDY3Fpkzen2lvJMxOvYtKVZlfVKmGJgR,0.6155778254181545,4.349683543823864,1.058292912705058
1416000,FXLAfeY7Xqos8x4+2DlVmcLdXrJZZ62JVDY3Fpkzen2lvJMxOvYtKVZlfVKmGJgR,0.6131310615730237,3.618814565560576,1.0376915607192427
1416300,FXLAfeY7Xqos8x4+2DlVmcLdXrJZZ62JVDY3Fpkzen2lvJMxOvYtKVZlfVKmGJgR,0.6408530046314369,0.8739772660964404,0.7299843559002677
1416600,FXLAfeY7Xqos8x4+2DlVmcLdXrJZZ62JVDY3Fpkzen2lvJMxOvYtKVZlfVKmGJgR,0.6464562948702091,1.148357313913208,0.7681843703073911
1416900,FXLAfeY7Xqos8x4+2DlVmcLdXrJZZ62JVDY3Fpkzen2lvJMxOvYtKVZlfVKmGJgR,0.6406608968760558,0.8668642465072192,0.7180263422715571
1417200,FXLAfeY7Xqos8x4+2DlVmcLdXrJZZ62JVDY3Fpkzen2lvJMxOvYtKVZlfVKmGJgR,0.6378251215004274,1.3065641461578594,0.79419258685528
1417500,FXLAfeY7Xqos8x4+2DlVmcLdXrJZZ62JVDY3Fpkzen2lvJMxOvYtKVZlfVKmGJgR,0.5866242140153812,0.8892960539347744,0.7150833704861674
1417800,FXLAfeY7Xqos8x4+2DlVmcLdXrJZZ62JVDY3Fpkzen2lvJMxOvYtKVZlfVKmGJgR,0.6360603137306992,1.4814578172336246,0.7608894411318627
1418100,FXLAfeY7Xqos8x4+2DlVmcLdXrJZZ62JVDY3Fpkzen2lvJMxOvYtKVZlfVKmGJgR,0.6115831312915647,0.9385896158860048,0.7397236016991651
1418400,FXLAfeY7Xqos8x4+2DlVmcLdXrJZZ62JVDY3Fpkzen2lvJMxOvYtKVZlfVKmGJgR,0.6247808315099419,1.3527068482787383,0.770846153851331
1418700,FXLAfeY7Xqos8x4+2DlVmcLdXrJZZ62JVDY3Fpkzen2lvJMxOvYtKVZlfVKmGJgR,0.6077941202351886,0.8387154491230853,0.7062934271997285
1419000,FXLAfeY7Xqos8x4+2DlVmcLdXrJZZ62JVDY3Fpkzen2lvJMxOvYtKVZlfVKmGJgR,0.6183140527092922,1.3742672850347604,0.7899563131971563
1419300,FXLAfeY7Xqos8x4+2DlVmcLdXrJZZ62JVDY3Fpkzen2lvJMxOvYtKVZlfVKmGJgR,0.6251405617103588,1.7699640433547257,0.7998205254250174
1419600,FXLAfeY7Xqos8x4+2DlVmcLdXrJZZ62JVDY3Fpkzen2lvJMxOvYtKVZlfVKmGJgR,0.5951781313475865,4.75740412981711,1.3121062339447576
1419900,FXLAfeY7Xqos8x4+2DlVmcLdXrJZZ62JVDY3Fpkzen2lvJMxOvYtKVZlfVKmGJgR,0.6068241862143813,0.9174861423746062,0.724316791714658
1420200,FXLAfeY7Xqos8x4+2DlVmcLdXrJZZ62JVDY3Fpkzen2lvJMxOvYtKVZlfVKmGJgR,0.6264637127450026,7.042165417622465,2.391917893568329
1420500,FXLAfeY7Xqos8x4+2DlVmcLdXrJZZ62JVDY3Fpkzen2lvJMxOvYtKVZlfVKmGJgR,0.6504077327851556,0.8859649032150178,0.7333111366311118
1420800,FXLAfeY7Xqos8x4+2DlVmcLdXrJZZ62JVDY3Fpkzen2lvJMxOvYtKVZlfVKmGJgR,0.608403672175663,1.4443907110889866,0.7865169858019424
1421100,FXLAfeY7Xqos8x4+2DlVmcLdXrJZZ62JVDY3Fpkzen2lvJMxOvYtKVZlfVKmGJgR,0.610625165273962,2.102328414233708,0.87788515086704
1421400,FXLAfeY7Xqos8x4+2DlVmcLdXrJZZ62JVDY3Fpkzen2lvJMxOvYtKVZlfVKmGJgR,0.6105852091867722,4.92623042951505,1.0556584319590772
1421700,FXLAfeY7Xqos8x4+2DlVmcLdXrJZZ62JVDY3Fpkzen2lvJMxOvYtKVZlfVKmGJgR,0.6262037343217101,0.940395232669062,0.7359217355771881
1422000,FXLAfeY7Xqos8x4+2DlVmcLdXrJZZ62JVDY3Fpkzen2lvJMxOvYtKVZlfVKmGJgR,0.5845511892828676,2.4010883105241367,0.961676890876751
1422300,FXLAfeY7Xqos8x4+2DlVmcLdXrJZZ62JVDY3Fpkzen2lvJMxOvYtKVZlfVKmGJgR,0.615995625221952,0.8779823004155357,0.7086675016211976
1422600,FXLAfeY7Xqos8x4+2DlVmcLdXrJZZ62JVDY3Fpkzen2lvJMxOvYtKVZlfVKmGJgR,0.6292514868527183,1.3034395466896953,0.7770437129968971
1422900,FXLAfeY7Xqos8x4+2DlVmcLdXrJZZ62JVDY3Fpkzen2lvJMxOvYtKVZlfVKmGJgR,0.6251285078497569,1.6504809897724757,0.794559365864268
1423200,FXLAfeY7Xqos8x4+2DlVmcLdXrJZZ62JVDY3Fpkzen2lvJMxOvYtKVZlfVKmGJgR,0.6296117275142747,3.982663409946991,1.332523568500963
1423500,FXLAfeY7Xqos8x4+2DlVmcLdXrJZZ62JVDY3Fpkzen2lvJMxOvYtKVZlfVKmGJgR,0.6707684101250831,10.751371965516372,1.6365302886469606
1423800,FXLAfeY7Xqos8x4+2DlVmcLdXrJZZ62JVDY3Fpkzen2lvJMxOvYtKVZlfVKmGJgR,0.6340499568157909,1.3020198707216464,0.7633410675124036
1424100,FXLAfeY7Xqos8x4+2DlVmcLdXrJZZ62JVDY3Fpkzen2lvJMxOvYtKVZlfVKmGJgR,0.6420047400684576,0.9141933084472899,0.743327469054681
1424400,FXLAfeY7Xqos8x4+2DlVmcLdXrJZZ62JVDY3Fpkzen2lvJMxOvYtKVZlfVKmGJgR,0.6523072145307324,0.9220857542314724,0.7318637768175108
1424700,FXLAfeY7Xqos8x4+2DlVmcLdXrJZZ62JVDY3Fpkzen2lvJMxOvYtKVZlfVKmGJgR,0.6139446466459392,17.707252200490053,2.751558261933172
1425000,FXLAfeY7Xqos8x4+2DlVmcLdXrJZZ62JVDY3Fpkzen2lvJMxOvYtKVZlfVKmGJgR,0.6285375713548484,0.8259434437022581,0.7238925340473454
1425300,FXLAfeY7Xqos8x4+2DlVmcLdXrJZZ62JVDY3Fpkzen2lvJMxOvYtKVZlfVKmGJgR,0.6434903826978093,1.0814085880248097,0.7973963709812599
1425600,FXLAfeY7Xqos8x4+2DlVmcLdXrJZZ62JVDY3Fpkzen2lvJMxOvYtKVZlfVKmGJgR,0.6173333188071087,0.9242914077131348,0.7077121073227988
1425900,FXLAfeY7Xqos8x4+2DlVmcLdXrJZZ62JVDY3Fpkzen2lvJMxOvYtKVZlfVKmGJgR,0.6399084570577606,1.4906379437590709,0.7584021380424023
1426200,FXLAfeY7Xqos8x4+2DlVmcLdXrJZZ62JVDY3Fpkzen2lvJMxOvYtKVZlfVKmGJgR,0.6348042845577301,0.8689365227989913,0.7207158372203419
1426500,FXLAfeY7Xqos8x4+2DlVmcLdXrJZZ62JVDY3Fpkzen2lvJMxOvYtKVZlfVKmGJgR,0.6377778863353061,2.256295330612036,0.8967740645378214
1426800,FXLAfeY7Xqos8x4+2DlVmcLdXrJZZ62JVDY3Fpkzen2lvJMxOvYtKVZlfVKmGJgR,0.6618940754088866,5.044992851166945,1.2856968831104103
1427100,FXLAfeY7Xqos8x4+2DlVmcLdXrJZZ62JVDY3Fpkzen2lvJMxOvYtKVZlfVKmGJgR,0.6893096526328357,10.965587167400336,1.8125198247707768
1427400,FXLAfeY7Xqos8x4+2DlVmcLdXrJZZ62JVDY3Fpkzen2lvJMxOvYtKVZlfVKmGJgR,0.6379445506126826,0.8622856657905253,0.733414129858412
1427700,FXLAfeY7Xqos8x4+2DlVmcLdXrJZZ62JVDY3Fpkzen2lvJMxOvYtKVZlfVKmGJgR,0.6108606611206666,1.532360727031975,0.7938307685092425
1428000,FXLAfeY7Xqos8x4+2DlVmcLdXrJZZ62JVDY3Fpkzen2lvJMxOvYtKVZlfVKmGJgR,0.6507459473872245,0.8520374927069471,0.7283146848879349
1428300,FXLAfeY7Xqos8x4+2DlVmcLdXrJZZ62JVDY3Fpkzen2lvJMxOvYtKVZlfVKmGJgR,0.6109812532621894,1.3350917517273932,0.7817258835356315
1428600,FXLAfeY7Xqos8x4+2DlVmcLdXrJZZ62JVDY3Fpkzen2lvJMxOvYtKVZlfVKmGJgR,0.6111616483818513,0.8364117283651044,0.6970346001820587
1428900,FXLAfeY7Xqos8x4+2DlVmcLdXrJZZ62JVDY3Fpkzen2lvJMxOvYtKVZlfVKmGJgR,0.5743306803352668,1.2912613627026337,0.7816189061618753
1429200,FXLAfeY7Xqos8x4+2DlVmcLdXrJZZ62JVDY3Fpkzen2lvJMxOvYtKVZlfVKmGJgR,0.6439038878065441,0.9538719275110324,0.7219728852539918
1429500,FXLAfeY7Xqos8x4+2DlVmcLdXrJZZ62JVDY3Fpkzen2lvJMxOvYtKVZlfVKmGJgR,0.6085607943775679,1.3555446828864357,0.7557451485171378
1429800,FXLAfeY7Xqos8x4+2DlVmcLdXrJZZ62JVDY3Fpkzen2lvJMxOvYtKVZlfVKmGJgR,0.6345174983529597,0.8726067126783636,0.7164652575852497
1430100,FXLAfeY7Xqos8x4+2DlVmcLdXrJZZ62JVDY3Fpkzen2lvJMxOvYtKVZlfVKmGJgR,0.6377434910682012,1.8498427931800216,0.8662395825560448
1430400,FXLAfeY7Xqos8x4+2DlVmcLdXrJZZ62JVDY3Fpkzen2lvJMxOvYtKVZlfVKmGJgR,0.6132916249633078,4.0343003906930495,1.25680051515421
1430700,FXLAfeY7Xqos8x4+2DlVmcLdXrJZZ62JVDY3Fpkzen2lvJMxOvYtKVZlfVKmGJgR,0.6480720695654983,7.551462593818012,1.503397773690674
1431000,FXLAfeY7Xqos8x4+2DlVmcLdXrJZZ62JVDY3Fpkzen2lvJMxOvYtKVZlfVKmGJgR,0.58176648339314,0.8366002268522876,0.7112213254652475
1431300,FXLAfeY7Xqos8x4+2DlVmcLdXrJZZ62JVDY3Fpkzen2lvJMxOvYtKVZlfVKmGJgR,0.6189223684095964,1.4030276675064797,0.7759806036708121
1431600,FXLAfeY7Xqos8x4+2DlVmcLdXrJZZ62JVDY3Fpkzen2lvJMxOvYtKVZlfVKmGJgR,0.6081485224216834,1.135409185486692,0.7398039045131639
1431900,FXLAfeY7Xqos8x4+2DlVmcLdXrJZZ62JVDY3Fpkzen2lvJMxOvYtKVZlfVKmGJgR,0.6036400808089911,1.3470454577721902,0.7716888033453899
1432200,FXLAfeY7Xqos8x4+2DlVmcLdXrJZZ62JVDY3Fpkzen2lvJMxOvYtKVZlfVKmGJgR,0.6266618115049466,0.781934010143655,0.6989066990746567
1432500,FXLAfeY7Xqos8x4+2DlVmcLdXrJZZ62JVDY3Fpkzen2lvJMxOvYtKVZlfVKmGJgR,0.6099536132210573,1.3521599497974912,0.7974066577936043
1432800,FXLAfeY7Xqos8x4+2DlVmcLdXrJZZ62JVDY3Fpkzen2lvJMxOvYtKVZlfVKmGJgR,0.6519047544718722,0.8931385059348852,0.7286735169044756
1433100,FXLAfeY7Xqos8x4+2DlVmcLdXrJZZ62JVDY3Fpkzen2lvJMxOvYtKVZlfVKmGJgR,0.624327538710189,1.2854942254908392,0.7552778724153028
1433400,FXLAfeY7Xqos8x4+2DlVmcLdXrJZZ62JVDY3Fpkzen2lvJMxOvYtKVZlfVKmGJgR,0.6580776097582997,0.9520832262734316,0.733450027084746
1433700,FXLAfeY7Xqos8x4+2DlVmcLdXrJZZ62JVDY3Fpkzen2lvJMxOvYtKVZlfVKmGJgR,0.6532717494653091,1.4019863239910573,0.8284054997317799
1434000,FXLAfeY7Xqos8x4+2DlVmcLdXrJZZ62JVDY3Fpkzen2lvJMxOvYtKVZlfVKmGJgR,0.6134764025483296,4.39077011613793,1.2903797682773517
1434300,FXLAfeY7Xqos8x4+2DlVmcLdXrJZZ62JVDY3Fpkzen2lvJMxOvYtKVZlfVKmGJgR,0.6376387063143318,1.3589016152305238,0.7857755436280254
1434600,FXLAfeY7Xqos8x4+2DlVmcLdXrJZZ62JVDY3Fpkzen2lvJMxOvYtKVZlfVKmGJgR,0.6116290426971646,0.8350858753914454,0.7107987785726073
1434900,FXLAfeY7Xqos8x4+2DlVmcLdXrJZZ62JVDY3Fpkzen2lvJMxOvYtKVZlfVKmGJgR,0.6188016439497007,1.2830780624326543,0.763014441898807
1435200,FXLAfeY7Xqos8x4+2DlVmcLdXrJZZ62JVDY3Fpkzen2lvJMxOvYtKVZlfVKmGJgR,0.627266524181458,0.9745731225038003,0.7376039844120948
1435500,FXLAfeY7Xqos8x4+2DlVmcLdXrJZZ62JVDY3Fpkzen2lvJMxOvYtKVZlfVKmGJgR,0.6422744511778524,1.223160363655739,0.7651110394465622
1435800,FXLAfeY7Xqos8x4+2DlVmcLdXrJZZ62JVDY3Fpkzen2lvJMxOvYtKVZlfVKmGJgR,0.629543045563957,0.8255321930195448,0.6998410823466427
1436100,FXLAfeY7Xqos8x4+2DlVmcLdXrJZZ62JVDY3Fpkzen2lvJMxOvYtKVZlfVKmGJgR,0.6317867915689604,1.3460659841682814,0.7799632930773942
1436400,FXLAfeY7Xqos8x4+2DlVmcLdXrJZZ62JVDY3Fpkzen2lvJMxOvYtKVZlfVKmGJgR,0.6361363008286942,0.900646540746017,0.7067032832210145
1436700,FXLAfeY7Xqos8x4+2DlVmcLdXrJZZ62JVDY3Fpkzen2lvJMxOvYtKVZlfVKmGJgR,0.6166975043488468,1.2876175090526485,0.7602116112420394
1437000,FXLAfeY7Xqos8x4+2DlVmcLdXrJZZ62JVDY3Fpkzen2lvJMxOvYtKVZlfVKmGJgR,0.6416730189260149,0.9235847706605612,0.7213398332827385
1437300,FXLAfeY7Xqos8x4+2DlVmcLdXrJZZ62JVDY3Fpkzen2lvJMxOvYtKVZlfVKmGJgR,0.6299562520555976,1.4119097251660857,0.7620848287195563
1437600,FXLAfeY7Xqos8x4+2DlVmcLdXrJZZ62JVDY3Fpkzen2lvJMxOvYtKVZlfVKmGJgR,0.6101864631344209,4.203948787560854,1.3744705936077997
1437900,FXLAfeY7Xqos8x4+2DlVmcLdXrJZZ62JVDY3Fpkzen2lvJMxOvYtKVZlfVKmGJgR,0.6467082060906028,8.394654147553597,1.387849948140384
1438200,FXLAfeY7Xqos8x4+2DlVmcLdXrJZZ62JVDY3Fpkzen2lvJMxOvYtKVZlfVKmGJgR,0.6517300540404158,87.09594633108,11.925345569793626
1438500,FXLAfeY7Xqos8x4+2DlVmcLdXrJZZ62JVDY3Fpkzen2lvJMxOvYtKVZlfVKmGJgR,75.22357089225184,88.5662840892182,82.39546899576227
1438800,FXLAfeY7Xqos8x4+2DlVmcLdXrJZZ62JVDY3Fpkzen2lvJMxOvYtKVZlfVKmGJgR,0.6321193154166914,46.407008724168726,5.189321966555358
1439100,FXLAfeY7Xqos8x4+2DlVmcLdXrJZZ62JVDY3Fpkzen2lvJMxOvYtKVZlfVKmGJgR,0.6595088775511507,1.0900795792977722,0.789755850086153
1439400,FXLAfeY7Xqos8x4+2DlVmcLdXrJZZ62JVDY3Fpkzen2lvJMxOvYtKVZlfVKmGJgR,0.6391522556136111,0.8367441560912267,0.7126781647628438
1439700,FXLAfeY7Xqos8x4+2DlVmcLdXrJZZ62JVDY3Fpkzen2lvJMxOvYtKVZlfVKmGJgR,0.6684530142051414,1.2496234591317812,0.7981972221609702
1440000,FXLAfeY7Xqos8x4+2DlVmcLdXrJZZ62JVDY3Fpkzen2lvJMxOvYtKVZlfVKmGJgR,0.6193711610178914,0.9699254083949528,0.7123676494367159
1440300,FXLAfeY7Xqos8x4+2DlVmcLdXrJZZ62JVDY3Fpkzen2lvJMxOvYtKVZlfVKmGJgR,0.5974768073062728,1.3011392213033586,0.7643475453288537
1440600,FXLAfeY7Xqos8x4+2DlVmcLdXrJZZ62JVDY3Fpkzen2lvJMxOvYtKVZlfVKmGJgR,0.6573310752845564,0.9019420612851587,0.7348823394270838
1440900,FXLAfeY7Xqos8x4+2DlVmcLdXrJZZ62JVDY3Fpkzen2lvJMxOvYtKVZlfVKmGJgR,0.6438256698393712,1.368628096132124,0.7757063241567091
1441200,FXLAfeY7Xqos8x4+2DlVmcLdXrJZZ62JVDY3Fpkzen2lvJMxOvYtKVZlfVKmGJgR,0.6276123308103542,1.763768498124598,0.8437329032291387
1441500,FXLAfeY7Xqos8x4+2DlVmcLdXrJZZ62JVDY3Fpkzen2lvJMxOvYtKVZlfVKmGJgR,0.6059612370491024,4.600816424824532,1.2932524440442958
1441800,FXLAfeY7Xqos8x4+2DlVmcLdXrJZZ62JVDY3Fpkzen2lvJMxOvYtKVZlfVKmGJgR,0.6407770743339262,0.8307591829144133,0.7030285434434833
1442100,FXLAfeY7Xqos8x4+2DlVmcLdXrJZZ62JVDY3Fpkzen2lvJMxOvYtKVZlfVKmGJgR,0.5861856072374382,1.2111592871984689,0.750036563840252
1442400,FXLAfeY7Xqos8x4+2DlVmcLdXrJZZ62JVDY3Fpkzen2lvJMxOvYtKVZlfVKmGJgR,0.6503030218985673,0.9527478897102006,0.7339729526557239
1442700,FXLAfeY7Xqos8x4+2DlVmcLdXrJZZ62JVDY3Fpkzen2lvJMxOvYtKVZlfVKmGJgR,0.6324018975900221,1.2972810433566522,0.7590121371996417
1443000,FXLAfeY7Xqos8x4+2DlVmcLdXrJZZ62JVDY3Fpkzen2lvJMxOvYtKVZlfVKmGJgR,0.6126779764855588,0.8348898179167183,0.6941278408676498
1443300,FXLAfeY7Xqos8x4+2DlVmcLdXrJZZ62JVDY3Fpkzen2lvJMxOvYtKVZlfVKmGJgR,0.6388683296467149,1.3817139908070584,0.7797818291058679
1443600,FXLAfeY7Xqos8x4+2DlVmcLdXrJZZ62JVDY3Fpkzen2lvJMxOvYtKVZlfVKmGJgR,0.6134308152278892,0.9014224596944244,0.711425913397927
1443900,FXLAfeY7Xqos8x4+2DlVmcLdXrJZZ62JVDY3Fpkzen2lvJMxOvYtKVZlfVKmGJgR,0.6198650907879552,1.2416839730954543,0.7450100593286296
1444200,FXLAfeY7Xqos8x4+2DlVmcLdXrJZZ62JVDY3Fpkzen2lvJMxOvYtKVZlfVKmGJgR,0.6406179837457783,0.810323137208583,0.7218171490786893
1444500,FXLAfeY7Xqos8x4+2DlVmcLdXrJZZ62JVDY3Fpkzen2lvJMxOvYtKVZlfVKmGJgR,0.6032090719024196,1.3881836097242326,0.760219352157496
1444800,FXLAfeY7Xqos8x4+2DlVmcLdXrJZZ62JVDY3Fpkzen2lvJMxOvYtKVZlfVKmGJgR,0.5923214043399598,1.741689744344976,0.7897729968060534
1445100,FXLAfeY7Xqos8x4+2DlVmcLdXrJZZ62JVDY3Fpkzen2lvJMxOvYtKVZlfVKmGJgR,0.6155804747059404,5.085970501346899,1.3456789084028713
1445400,FXLAfeY7Xqos8x4+2DlVmcLdXrJZZ62JVDY3Fpkzen2lvJMxOvYtKVZlfVKmGJgR,0.633631875728957,0.846819742063465,0.7035126803499974
1445700,FXLAfeY7Xqos8x4+2DlVmcLdXrJZZ62JVDY3Fpkzen2lvJMxOvYtKVZlfVKmGJgR,0.6371366806444174,1.247207754777777,0.7656244330420412
1446000,FXLAfeY7Xqos8x4+2DlVmcLdXrJZZ62JVDY3Fpkzen2lvJMxOvYtKVZlfVKmGJgR,0.6187959675461979,1.012949916935689,0.7582290599312894
1446300,FXLAfeY7Xqos8x4+2DlVmcLdXrJZZ62JVDY3Fpkzen2lvJMxOvYtKVZlfVKmGJgR,0.6903902562754434,1.3578906054213449,0.8003351962535102
1446600,FXLAfeY7Xqos8x4+2DlVmcLdXrJZZ62JVDY3Fpkzen2lvJMxOvYtKVZlfVKmGJgR,0.650359398993377,0.9005585296443318,0.7522233732611102
1446900,FXLAfeY7Xqos8x4+2DlVmcLdXrJZZ62JVDY3Fpkzen2lvJMxOvYtKVZlfVKmGJgR,0.616856942355625,1.3566790732052798,0.8240559791617923
1447200,FXLAfeY7Xqos8x4+2DlVmcLdXrJZZ62JVDY3Fpkzen2lvJMxOvYtKVZlfVKmGJgR,0.6224933379427877,0.8380655708768263,0.7144916759940593
1447500,FXLAfeY7Xqos8x4+2DlVmcLdXrJZZ62JVDY3Fpkzen2lvJMxOvYtKVZlfVKmGJgR,0.6038278767567067,1.267067202661759,0.7541876988742453
1447800,FXLAfeY7Xqos8x4+2DlVmcLdXrJZZ62JVDY3Fpkzen2lvJMxOvYtKVZlfVKmGJgR,0.6333137664633272,0.9551465221467652,0.7269015550191456
1448100,FXLAfeY7Xqos8x4+2DlVmcLdXrJZZ62JVDY3Fpkzen2lvJMxOvYtKVZlfVKmGJgR,0.6443014633057131,1.3216960173030596,0.7970134171445646
1448400,FXLAfeY7Xqos8x4+2DlVmcLdXrJZZ62JVDY3Fpkzen2lvJMxOvYtKVZlfVKmGJgR,0.679823529079729,1.7176229843011148,0.844081611246974
1448700,FXLAfeY7Xqos8x4+2DlVmcLdXrJZZ62JVDY3Fpkzen2lvJMxOvYtKVZlfVKmGJgR,0.6721612803328267,4.982437977528452,1.408968365354057
1449000,FXLAfeY7Xqos8x4+2DlVmcLdXrJZZ62JVDY3Fpkzen2lvJMxOvYtKVZlfVKmGJgR,0.6555765742585041,7.15478593597808,1.5527866356920628
1449300,FXLAfeY7Xqos8x4+2DlVmcLdXrJZZ62JVDY3Fpkzen2lvJMxOvYtKVZlfVKmGJgR,0.6762108916675946,7.757253055203747,1.6307054745396266
1449600,FXLAfeY7Xqos8x4+2DlVmcLdXrJZZ62JVDY3Fpkzen2lvJMxOvYtKVZlfVKmGJgR,0.635889821405409,0.8808717760205395,0.7380863044082253
1449900,FXLAfeY7Xqos8x4+2DlVmcLdXrJZZ62JVDY3Fpkzen2lvJMxOvYtKVZlfVKmGJgR,0.622308608766965,1.3433714584173826,0.7728341895757657
1450200,FXLAfeY7Xqos8x4+2DlVmcLdXrJZZ62JVDY3Fpkzen2lvJMxOvYtKVZlfVKmGJgR,0.6141823550427602,0.8144618461197403,0.7173341337221291
1450500,FXLAfeY7Xqos8x4+2DlVmcLdXrJZZ62JVDY3Fpkzen2lvJMxOvYtKVZlfVKmGJgR,0.630245705756671,1.3782893304139987,0.7813275159454158
1450800,FXLAfeY7Xqos8x4+2DlVmcLdXrJZZ62JVDY3Fpkzen2lvJMxOvYtKVZlfVKmGJgR,0.622821543968665,0.8382707442759911,0.7103245599945232
1451100,FXLAfeY7Xqos8x4+2DlVmcLdXrJZZ62JVDY3Fpkzen2lvJMxOvYtKVZlfVKmGJgR,0.6379223531349326,1.3253451425197524,0.7611917841461877
1451400,FXLAfeY7Xqos8x4+2DlVmcLdXrJZZ62JVDY3Fpkzen2lvJMxOvYtKVZlfVKmGJgR,0.6452305720328493,0.834826006151868,0.7196974828429881
1451700,FXLAfeY7Xqos8x4+2DlVmcLdXrJZZ62JVDY3Fpkzen2lvJMxOvYtKVZlfVKmGJgR,0.6078070475196566,1.3814779285064036,0.7618476318805895
1452000,FXLAfeY7Xqos8x4+2DlVmcLdXrJZZ62JVDY3Fpkzen2lvJMxOvYtKVZlfVKmGJgR,0.6279663478145286,1.6920786374148291,0.804463555420981
1452300,FXLAfeY7Xqos8x4+2DlVmcLdXrJZZ62JVDY3Fpkzen2lvJMxOvYtKVZlfVKmGJgR,0.6638619754524427,4.859254903761324,1.3444636132618693
1452600,FXLAfeY7Xqos8x4+2DlVmcLdXrJZZ62JVDY3Fpkzen2lvJMxOvYtKVZlfVKmGJgR,0.6425232611047393,0.8796632361447859,0.7214512852825514
1452900,FXLAfeY7Xqos8x4+2DlVmcLdXrJZZ62JVDY3Fpkzen2lvJMxOvYtKVZlfVKmGJgR,0.6420764489070941,1.4791947451482783,0.7937911568647625
1453200,FXLAfeY7Xqos8x4+2DlVmcLdXrJZZ62JVDY3Fpkzen2lvJMxOvYtKVZlfVKmGJgR,0.6930565982838875,0.979759788834527,0.8031486055545759
1453500,FXLAfeY7Xqos8x4+2DlVmcLdXrJZZ62JVDY3Fpkzen2lvJMxOvYtKVZlfVKmGJgR,0.6028633551861741,20.97750793652513,2.8639343336055005
1453800,FXLAfeY7Xqos8x4+2DlVmcLdXrJZZ62JVDY3Fpkzen2lvJMxOvYtKVZlfVKmGJgR,0.68082761927766,7.393441787329626,1.6452750553385236
1454100,FXLAfeY7Xqos8x4+2DlVmcLdXrJZZ62JVDY3Fpkzen2lvJMxOvYtKVZlfVKmGJgR,0.6538440724244567,1.1953344794105087,0.8153807050074388
1454400,FXLAfeY7Xqos8x4+2DlVmcLdXrJZZ62JVDY3Fpkzen2lvJMxOvYtKVZlfVKmGJgR,0.6366797384320716,1.135542076213632,0.7448663963772347
1454700,FXLAfeY7Xqos8x4+2DlVmcLdXrJZZ62JVDY3Fpkzen2lvJMxOvYtKVZlfVKmGJgR,0.6596180762630868,1.2344129470108238,0.8166961272635916
1455000,FXLAfeY7Xqos8x4+2DlVmcLdXrJZZ62JVDY3Fpkzen2lvJMxOvYtKVZlfVKmGJgR,0.6926095800633909,0.9783465281533578,0.812810253835801
1455300,FXLAfeY7Xqos8x4+2DlVmcLdXrJZZ62JVDY3Fpkzen2lvJMxOvYtKVZlfVKmGJgR,0.579694991161601,1.6512952449639553,0.8579536166593634
1455600,FXLAfeY7Xqos8x4+2DlVmcLdXrJZZ62JVDY3Fpkzen2lvJMxOvYtKVZlfVKmGJgR,0.6529811734961892,1.9308013496456204,0.849681826986092
1455900,FXLAfeY7Xqos8x4+2DlVmcLdXrJZZ62JVDY3Fpkzen2lvJMxOvYtKVZlfVKmGJgR,0.675428522308748,4.856657896756425,1.7347228761320568
1456200,FXLAfeY7Xqos8x4+2DlVmcLdXrJZZ62JVDY3Fpkzen2lvJMxOvYtKVZlfVKmGJgR,0.6730989281521337,4.107200318261636,1.0372274634519876
1456500,FXLAfeY7Xqos8x4+2DlVmcLdXrJZZ62JVDY3Fpkzen2lvJMxOvYtKVZlfVKmGJgR,0.6315615863977792,1.4261973603914746,0.8335862507133956
1456800,FXLAfeY7Xqos8x4+2DlVmcLdXrJZZ62JVDY3Fpkzen2lvJMxOvYtKVZlfVKmGJgR,0.6483218728788479,0.9706743462244648,0.7494588630603533
1457100,FXLAfeY7Xqos8x4+2DlVmcLdXrJZZ62JVDY3Fpkzen2lvJMxOvYtKVZlfVKmGJgR,0.6296985115060839,1.4041485213605995,0.7942803258457066
1457400,FXLAfeY7Xqos8x4+2DlVmcLdXrJZZ62JVDY3Fpkzen2lvJMxOvYtKVZlfVKmGJgR,0.6022202751075687,0.8569575264624301,0.7290372400906577
1457700,FXLAfeY7Xqos8x4+2DlVmcLdXrJZZ62JVDY3Fpkzen2lvJMxOvYtKVZlfVKmGJgR,0.639487271314432,1.4277155113717146,0.7934856377589372
1458000,FXLAfeY7Xqos8x4+2DlVmcLdXrJZZ62JVDY3Fpkzen2lvJMxOvYtKVZlfVKmGJgR,0.64404723081466,0.8344635493722352,0.7395031468950347
1458300,FXLAfeY7Xqos8x4+2DlVmcLdXrJZZ62JVDY3Fpkzen2lvJMxOvYtKVZlfVKmGJgR,0.6179252540346502,1.2593677165867905,0.7629340550142512
1458600,FXLAfeY7Xqos8x4+2DlVmcLdXrJZZ62JVDY3Fpkzen2lvJMxOvYtKVZlfVKmGJgR,0.6134293679437808,0.9572071163647736,0.7442498991267072
1458900,FXLAfeY7Xqos8x4+2DlVmcLdXrJZZ62JVDY3Fpkzen2lvJMxOvYtKVZlfVKmGJgR,0.6691751829648042,1.3809346281303696,0.8011437069020771
1459200,FXLAfeY7Xqos8x4+2DlVmcLdXrJZZ62JVDY3Fpkzen2lvJMxOvYtKVZlfVKmGJgR,0.598971417460315,1.5868802995748807,0.8173938130662308
1459500,FXLAfeY7Xqos8x4+2DlVmcLdXrJZZ62JVDY3Fpkzen2lvJMxOvYtKVZlfVKmGJgR,0.6651662943393074,4.382462211123719,1.206979496999414
1459800,FXLAfeY7Xqos8x4+2DlVmcLdXrJZZ62JVDY3Fpkzen2lvJMxOvYtKVZlfVKmGJgR,0.6253733843206501,1.2017335979740469,0.7779957286388716
1460100,FXLAfeY7Xqos8x4+2DlVmcLdXrJZZ62JVDY3Fpkzen2lvJMxOvYtKVZlfVKmGJgR,0.6538546135490648,1.2265135495833948,0.774515029184447
1460400,FXLAfeY7Xqos8x4+2DlVmcLdXrJZZ62JVDY3Fpkzen2lvJMxOvYtKVZlfVKmGJgR,0.632985440359907,0.950997314362263,0.7388076431404135
1460700,FXLAfeY7Xqos8x4+2DlVmcLdXrJZZ62JVDY3Fpkzen2lvJMxOvYtKVZlfVKmGJgR,0.5876974692388927,1.3970597424443258,0.7887784023222524
1461000,FXLAfeY7Xqos8x4+2DlVmcLdXrJZZ62JVDY3Fpkzen2lvJMxOvYtKVZlfVKmGJgR,0.6548527894004165,0.8834669780123656,0.7190262574543402
1461300,FXLAfeY7Xqos8x4+2DlVmcLdXrJZZ62JVDY3Fpkzen2lvJMxOvYtKVZlfVKmGJgR,0.6574599544183825,1.4592330225111785,0.7944127202274793
1461600,FXLAfeY7Xqos8x4+2DlVmcLdXrJZZ62JVDY3Fpkzen2lvJMxOvYtKVZlfVKmGJgR,0.5971239373660848,0.8799706351123611,0.7299837780961617
1461900,FXLAfeY7Xqos8x4+2DlVmcLdXrJZZ62JVDY3Fpkzen2lvJMxOvYtKVZlfVKmGJgR,0.6531165005223669,1.3605148272792866,0.7731840749907406
1462200,FXLAfeY7Xqos8x4+2DlVmcLdXrJZZ62JVDY3Fpkzen2lvJMxOvYtKVZlfVKmGJgR,0.6088938919958754,0.8920328142586696,0.7503175432187486
1462500,FXLAfeY7Xqos8x4+2DlVmcLdXrJZZ62JVDY3Fpkzen2lvJMxOvYtKVZlfVKmGJgR,0.6278175457216538,1.2489318855742444,0.7864012762145552
1462800,FXLAfeY7Xqos8x4+2DlVmcLdXrJZZ62JVDY3Fpkzen2lvJMxOvYtKVZlfVKmGJgR,0.6049282809062156,1.641630688850818,0.8046516943587945
1463100,FXLAfeY7Xqos8x4+2DlVmcLdXrJZZ62JVDY3Fpkzen2lvJMxOvYtKVZlfVKmGJgR,0.676122500079779,16.789042559543734,3.51797843540642
1463400,FXLAfeY7Xqos8x4+2DlVmcLdXrJZZ62JVDY3Fpkzen2lvJMxOvYtKVZlfVKmGJgR,0.6397488922740372,4.332695191747238,1.19528460075423
1463700,FXLAfeY7Xqos8x4+2DlVmcLdXrJZZ62JVDY3Fpkzen2lvJMxOvYtKVZlfVKmGJgR,0.6434679001808251,1.4174126826111846,0.7963848357109709
1464000,FXLAfeY7Xqos8x4+2DlVmcLdXrJZZ62JVDY3Fpkzen2lvJMxOvYtKVZlfVKmGJgR,0.6444372251316817,0.9585344081064636,0.7393685978637556
1464300,FXLAfeY7Xqos8x4+2DlVmcLdXrJZZ62JVDY3Fpkzen2lvJMxOvYtKVZlfVKmGJgR,0.6095635226138482,1.3048661435928506,0.7773024032499138
1464600,FXLAfeY7Xqos8x4+2DlVmcLdXrJZZ62JVDY3Fpkzen2lvJMxOvYtKVZlfVKmGJgR,0.6155901408874958,0.8176536517562156,0.7074693790413757
1464900,FXLAfeY7Xqos8x4+2DlVmcLdXrJZZ62JVDY3Fpkzen2lvJMxOvYtKVZlfVKmGJgR,0.5948535490691804,1.2728471175283462,0.7742008826414319
1465200,FXLAfeY7Xqos8x4+2DlVmcLdXrJZZ62JVDY3Fpkzen2lvJMxOvYtKVZlfVKmGJgR,0.5955788641155543,2.250481307873145,0.8627968978269211
1465500,FXLAfeY7Xqos8x4+2DlVmcLdXrJZZ62JVDY3Fpkzen2lvJMxOvYtKVZlfVKmGJgR,0.596854399651161,4.1485386820401216,1.0294371467597538
1465800,FXLAfeY7Xqos8x4+2DlVmcLdXrJZZ62JVDY3Fpkzen2lvJMxOvYtKVZlfVKmGJgR,0.661624717128133,0.9088034917003096,0.7506616091064033
1466100,FXLAfeY7Xqos8x4+2DlVmcLdXrJZZ62JVDY3Fpkzen2lvJMxOvYtKVZlfVKmGJgR,0.637330691397691,1.3576569602582536,0.79066517978093
1466400,FXLAfeY7Xqos8x4+2DlVmcLdXrJZZ62JVDY3Fpkzen2lvJMxOvYtKVZlfVKmGJgR,0.5904973823628018,1.6999370514056806,0.7995199221803472
1466700,FXLAfeY7Xqos8x4+2DlVmcLdXrJZZ62JVDY3Fpkzen2lvJMxOvYtKVZlfVKmGJgR,0.6348298758550694,14.449683333716182,2.1649825432033434
1467000,FXLAfeY7Xqos8x4+2DlVmcLdXrJZZ62JVDY3Fpkzen2lvJMxOvYtKVZlfVKmGJgR,0.637833185900983,3.553394561870454,1.2165350976788916
1467300,FXLAfeY7Xqos8x4+2DlVmcLdXrJZZ62JVDY3Fpkzen2lvJMxOvYtKVZlfVKmGJgR,0.60041129477682,1.337099809353492,0.7838216826846183
1467600,FXLAfeY7Xqos8x4+2DlVmcLdXrJZZ62JVDY3Fpkzen2lvJMxOvYtKVZlfVKmGJgR,0.6732488764057265,0.9625529833653956,0.7509168223386615
1467900,FXLAfeY7Xqos8x4+2DlVmcLdXrJZZ62JVDY3Fpkzen2lvJMxOvYtKVZlfVKmGJgR,0.6184592748089826,1.2381205205910977,0.7775787102599881
1468200,FXLAfeY7Xqos8x4+2DlVmcLdXrJZZ62JVDY3Fpkzen2lvJMxOvYtKVZlfVKmGJgR,0.616414533286958,0.8847828744563464,0.718018952995141
1468500,FXLAfeY7Xqos8x4+2DlVmcLdXrJZZ62JVDY3Fpkzen2lvJMxOvYtKVZlfVKmGJgR,0.6354640412231161,1.2987004935404929,0.8011788869897463
1468800,FXLAfeY7Xqos8x4+2DlVmcLdXrJZZ62JVDY3Fpkzen2lvJMxOvYtKVZlfVKmGJgR,0.6012272789487498,0.9002229069005635,0.7118925417765783
1469100,FXLAfeY7Xqos8x4+2DlVmcLdXrJZZ62JVDY3Fpkzen2lvJMxOvYtKVZlfVKmGJgR,0.6211370872867711,1.4251756507005835,0.7574507099910865
1469400,FXLAfeY7Xqos8x4+2DlVmcLdXrJZZ62JVDY3Fpkzen2lvJMxOvYtKVZlfVKmGJgR,0.6312698274386321,0.9307467478664712,0.7444029862952507
1469700,FXLAfeY7Xqos8x4+2DlVmcLdXrJZZ62JVDY3Fpkzen2lvJMxOvYtKVZlfVKmGJgR,0.6421096947227286,1.35765737530008,0.783011564181715
1470000,FXLAfeY7Xqos8x4+2DlVmcLdXrJZZ62JVDY3Fpkzen2lvJMxOvYtKVZlfVKmGJgR,0.6411850870758948,1.7873502983369542,0.8044246705655462
1470300,FXLAfeY7Xqos8x4+2DlVmcLdXrJZZ62JVDY3Fpkzen2lvJMxOvYtKVZlfVKmGJgR,0.6521304609274917,1.2284947598076064,0.8033918594631295
1470600,FXLAfeY7Xqos8x4+2DlVmcLdXrJZZ62JVDY3Fpkzen2lvJMxOvYtKVZlfVKmGJgR,0.6149175559972652,4.663365419250049,1.2102347820238823
1470900,FXLAfeY7Xqos8x4+2DlVmcLdXrJZZ62JVDY3Fpkzen2lvJMxOvYtKVZlfVKmGJgR,0.5867464212685003,1.4185977009318058,0.7658117757686843
1471200,FXLAfeY7Xqos8x4+2DlVmcLdXrJZZ62JVDY3Fpkzen2lvJMxOvYtKVZlfVKmGJgR,0.6069813102308816,0.999183883091337,0.7451554480444309
1471500,FXLAfeY7Xqos8x4+2DlVmcLdXrJZZ62JVDY3Fpkzen2lvJMxOvYtKVZlfVKmGJgR,0.6221384211872025,1.4102860969915465,0.7995724269380879
1471800,FXLAfeY7Xqos8x4+2DlVmcLdXrJZZ62JVDY3Fpkzen2lvJMxOvYtKVZlfVKmGJgR,0.611054565809551,0.8999549148202957,0.7103551584087683
1472100,FXLAfeY7Xqos8x4+2DlVmcLdXrJZZ62JVDY3Fpkzen2lvJMxOvYtKVZlfVKmGJgR,0.5993221023496977,1.4973193950131791,0.7841136308032051
1472400,FXLAfeY7Xqos8x4+2DlVmcLdXrJZZ62JVDY3Fpkzen2lvJMxOvYtKVZlfVKmGJgR,0.6338447011180798,0.928991764001207,0.7257398342219056
1472700,FXLAfeY7Xqos8x4+2DlVmcLdXrJZZ62JVDY3Fpkzen2lvJMxOvYtKVZlfVKmGJgR,0.5946434805579918,1.4583427450447402,0.7648015920310511
1473000,FXLAfeY7Xqos8x4+2DlVmcLdXrJZZ62JVDY3Fpkzen2lvJMxOvYtKVZlfVKmGJgR,0.6414135395539639,0.9171804804750752,0.737633656761831
1473300,FXLAfeY7Xqos8x4+2DlVmcLdXrJZZ62JVDY3Fpkzen2lvJMxOvYtKVZlfVKmGJgR,0.6348942982929086,1.4782037928326748,0.777413072246465
1473600,FXLAfeY7Xqos8x4+2DlVmcLdXrJZZ62JVDY3Fpkzen2lvJMxOvYtKVZlfVKmGJgR,0.6463677593618647,1.623135914423888,0.8194355800655415
1473900,FXLAfeY7Xqos8x4+2DlVmcLdXrJZZ62JVDY3Fpkzen2lvJMxOvYtKVZlfVKmGJgR,0.6377571887713898,1.4938323052680966,0.8005687342757426
1474200,FXLAfeY7Xqos8x4+2DlVmcLdXrJZZ62JVDY3Fpkzen2lvJMxOvYtKVZlfVKmGJgR,0.674961082021228,4.683926123003466,1.2439232599564327
1474500,FXLAfeY7Xqos8x4+2DlVmcLdXrJZZ62JVDY3Fpkzen2lvJMxOvYtKVZlfVKmGJgR,0.6363679253462057,1.3688448605731025,0.7925216604912342
1474800,FXLAfeY7Xqos8x4+2DlVmcLdXrJZZ62JVDY3Fpkzen2lvJMxOvYtKVZlfVKmGJgR,0.6117512547057978,3.3960737158492567,0.9925869906609636
1475100,FXLAfeY7Xqos8x4+2DlVmcLdXrJZZ62JVDY3Fpkzen2lvJMxOvYtKVZlfVKmGJgR,0.6413295185305558,1.3477487586882488,0.7515597499909703
1475400,FXLAfeY7Xqos8x4+2DlVmcLdXrJZZ62JVDY3Fpkzen2lvJMxOvYtKVZlfVKmGJgR,0.6171068621326791,0.837780536987823,0.7151253369634901
1475700,FXLAfeY7Xqos8x4+2DlVmcLdXrJZZ62JVDY3Fpkzen2lvJMxOvYtKVZlfVKmGJgR,0.6351754228146543,1.4337242687170468,0.7836808288899878
1476000,FXLAfeY7Xqos8x4+2DlVmcLdXrJZZ62JVDY3Fpkzen2lvJMxOvYtKVZlfVKmGJgR,0.6081074128156417,0.8828239647004412,0.7153904726689855
1476300,FXLAfeY7Xqos8x4+2DlVmcLdXrJZZ62JVDY3Fpkzen2lvJMxOvYtKVZlfVKmGJgR,0.6443379242772515,1.574148558586392,0.774068636581831
1476600,FXLAfeY7Xqos8x4+2DlVmcLdXrJZZ62JVDY3Fpkzen2lvJMxOvYtKVZlfVKmGJgR,0.584902786883259,0.9263604880287916,0.7477402537691781
1476900,FXLAfeY7Xqos8x4+2DlVmcLdXrJZZ62JVDY3Fpkzen2lvJMxOvYtKVZlfVKmGJgR,0.6499263773924763,1.3631663546450836,0.7896091466364019
1477200,FXLAfeY7Xqos8x4+2DlVmcLdXrJZZ62JVDY3Fpkzen2lvJMxOvYtKVZlfVKmGJgR,0.6480543120388323,1.647392378646552,0.8228088084610719
1477500,FXLAfeY7Xqos8x4+2DlVmcLdXrJZZ62JVDY3Fpkzen2lvJMxOvYtKVZlfVKmGJgR,0.657763156270621,1.47310022096025,0.8059952330228574
1477800,FXLAfeY7Xqos8x4+2DlVmcLdXrJZZ62JVDY3Fpkzen2lvJMxOvYtKVZlfVKmGJgR,0.5968409373701208,4.090233116012891,1.2784953384306976
1478100,FXLAfeY7Xqos8x4+2DlVmcLdXrJZZ62JVDY3Fpkzen2lvJMxOvYtKVZlfVKmGJgR,0.7011730186979471,7.9870549344133535,2.450834289292096
1478400,FXLAfeY7Xqos8x4+2DlVmcLdXrJZZ62JVDY3Fpkzen2lvJMxOvYtKVZlfVKmGJgR,0.6360290661571157,0.9519939682087772,0.7483852503649011
1478700,FXLAfeY7Xqos8x4+2DlVmcLdXrJZZ62JVDY3Fpkzen2lvJMxOvYtKVZlfVKmGJgR,0.5541541087363141,1.2093077455312868,0.7687838489675163
1479000,FXLAfeY7Xqos8x4+2DlVmcLdXrJZZ62JVDY3Fpkzen2lvJMxOvYtKVZlfVKmGJgR,0.6307913035486848,0.8571837521270043,0.7061466246995018
1479300,FXLAfeY7Xqos8x4+2DlVmcLdXrJZZ62JVDY3Fpkzen2lvJMxOvYtKVZlfVKmGJgR,0.6425617449046225,1.363292929492057,0.7923362905828225
1479600,FXLAfeY7Xqos8x4+2DlVmcLdXrJZZ62JVDY3Fpkzen2lvJMxOvYtKVZlfVKmGJgR,0.6096001882035533,0.8942018205952855,0.743078560910304
1479900,FXLAfeY7Xqos8x4+2DlVmcLdXrJZZ62JVDY3Fpkzen2lvJMxOvYtKVZlfVKmGJgR,0.6397646041949445,1.2810279372659723,0.7981896904151188
1480200,FXLAfeY7Xqos8x4+2DlVmcLdXrJZZ62JVDY3Fpkzen2lvJMxOvYtKVZlfVKmGJgR,0.6359614578397421,0.9253403066500452,0.7394879595314346
1480500,FXLAfeY7Xqos8x4+2DlVmcLdXrJZZ62JVDY3Fpkzen2lvJMxOvYtKVZlfVKmGJgR,0.655759859744178,1.8898085588678772,0.954003010630528
1480800,FXLAfeY7Xqos8x4+2DlVmcLdXrJZZ62JVDY3Fpkzen2lvJMxOvYtKVZlfVKmGJgR,0.6150191749060313,1.624676773636105,0.8394539668737429
1481100,FXLAfeY7Xqos8x4+2DlVmcLdXrJZZ62JVDY3Fpkzen2lvJMxOvYtKVZlfVKmGJgR,0.6138306115513968,1.3248592314649643,0.7892337761654048
1481400,FXLAfeY7Xqos8x4+2DlVmcLdXrJZZ62JVDY3Fpkzen2lvJMxOvYtKVZlfVKmGJgR,0.6067581173065693,4.551983069281827,1.2382855401541382
1481700,FXLAfeY7Xqos8x4+2DlVmcLdXrJZZ62JVDY3Fpkzen2lvJMxOvYtKVZlfVKmGJgR,0.6289244859454405,1.3495267876501726,0.7827504966494683
1482000,FXLAfeY7Xqos8x4+2DlVmcLdXrJZZ62JVDY3Fpkzen2lvJMxOvYtKVZlfVKmGJgR,0.6442315197701937,0.9430710175236118,0.7387891636049873
1482300,FXLAfeY7Xqos8x4+2DlVmcLdXrJZZ62JVDY3Fpkzen2lvJMxOvYtKVZlfVKmGJgR,0.6437596521057897,18.53321344647264,2.672792801363136
1482600,FXLAfeY7Xqos8x4+2DlVmcLdXrJZZ62JVDY3Fpkzen2lvJMxOvYtKVZlfVKmGJgR,0.6702443214002339,0.8724842552532285,0.7449536093646629
1482900,FXLAfeY7Xqos8x4+2DlVmcLdXrJZZ62JVDY3Fpkzen2lvJMxOvYtKVZlfVKmGJgR,0.6377160044956964,1.3302806237415417,0.815461179757937
1483200,FXLAfeY7Xqos8x4+2DlVmcLdXrJZZ62JVDY3Fpkzen2lvJMxOvYtKVZlfVKmGJgR,0.592887531053403,0.9447803074351337,0.724243363794349
1483500,FXLAfeY7Xqos8x4+2DlVmcLdXrJZZ62JVDY3Fpkzen2lvJMxOvYtKVZlfVKmGJgR,0.6430351319828131,1.2546177751249268,0.7842233468312688
1483800,FXLAfeY7Xqos8x4+2DlVmcLdXrJZZ62JVDY3Fpkzen2lvJMxOvYtKVZlfVKmGJgR,0.6476783366392173,0.8974283798918016,0.7295373141058622
1484100,FXLAfeY7Xqos8x4+2DlVmcLdXrJZZ62JVDY3Fpkzen2lvJMxOvYtKVZlfVKmGJgR,0.6265827802436365,1.261339415435771,0.7851935511656071
1484400,FXLAfeY7Xqos8x4+2DlVmcLdXrJZZ62JVDY3Fpkzen2lvJMxOvYtKVZlfVKmGJgR,0.5887830618625192,2.1494452170561886,0.8237215593281327
1484700,FXLAfeY7Xqos8x4+2DlVmcLdXrJZZ62JVDY3Fpkzen2lvJMxOvYtKVZlfVKmGJgR,0.6450510962984848,1.32045399634882,0.8103832609373862
1485000,FXLAfeY7Xqos8x4+2DlVmcLdXrJZZ62JVDY3Fpkzen2lvJMxOvYtKVZlfVKmGJgR,0.6409833994364909,3.7412420457801066,1.2770765128873287
1485300,FXLAfeY7Xqos8x4+2DlVmcLdXrJZZ62JVDY3Fpkzen2lvJMxOvYtKVZlfVKmGJgR,0.6377490970382984,1.2377839815490628,0.795173131470538
1485600,FXLAfeY7Xqos8x4+2DlVmcLdXrJZZ62JVDY3Fpkzen2lvJMxOvYtKVZlfVKmGJgR,0.6466257382675322,0.9095518274529844,0.7512255978326003
1485900,FXLAfeY7Xqos8x4+2DlVmcLdXrJZZ62JVDY3Fpkzen2lvJMxOvYtKVZlfVKmGJgR,0.6128958589774179,1.328007899450408,0.7667517186749065
1486200,FXLAfeY7Xqos8x4+2DlVmcLdXrJZZ62JVDY3Fpkzen2lvJMxOvYtKVZlfVKmGJgR,0.6126718388125768,0.8497132967844897,0.7144467692935409
1486500,FXLAfeY7Xqos8x4+2DlVmcLdXrJZZ62JVDY3Fpkzen2lvJMxOvYtKVZlfVKmGJgR,0.587734436350189,1.5614792688875143,0.77221500799811
1486800,FXLAfeY7Xqos8x4+2DlVmcLdXrJZZ62JVDY3Fpkzen2lvJMxOvYtKVZlfVKmGJgR,0.6092795635089772,0.8965148691429604,0.7296333489736893
1487100,FXLAfeY7Xqos8x4+2DlVmcLdXrJZZ62JVDY3Fpkzen2lvJMxOvYtKVZlfVKmGJgR,0.5958682019693373,1.365071521027919,0.7692933074828293
1487400,FXLAfeY7Xqos8x4+2DlVmcLdXrJZZ62JVDY3Fpkzen2lvJMxOvYtKVZlfVKmGJgR,0.609463735582963,0.898435890526071,0.7012181149395524
1487700,FXLAfeY7Xqos8x4+2DlVmcLdXrJZZ62JVDY3Fpkzen2lvJMxOvYtKVZlfVKmGJgR,0.5884250408707069,1.4325991661204605,0.7621874112761173
1488000,FXLAfeY7Xqos8x4+2DlVmcLdXrJZZ62JVDY3Fpkzen2lvJMxOvYtKVZlfVKmGJgR,0.60097401153581,1.7640202854037783,0.7838584389661515
1488300,FXLAfeY7Xqos8x4+2DlVmcLdXrJZZ62JVDY3Fpkzen2lvJMxOvYtKVZlfVKmGJgR,0.637818305454832,11.28200191167163,1.800707537864181
1488600,FXLAfeY7Xqos8x4+2DlVmcLdXrJZZ62JVDY3Fpkzen2lvJMxOvYtKVZlfVKmGJgR,0.59953350998515,2.326246516888285,0.8538662822944447
1488900,FXLAfeY7Xqos8x4+2DlVmcLdXrJZZ62JVDY3Fpkzen2lvJMxOvYtKVZlfVKmGJgR,0.6226370569658606,4.479242576955512,1.1402852815992428
1489200,FXLAfeY7Xqos8x4+2DlVmcLdXrJZZ62JVDY3Fpkzen2lvJMxOvYtKVZlfVKmGJgR,0.6274876832436844,1.01827896686548,0.7377957853375692
1489500,FXLAfeY7Xqos8x4+2DlVmcLdXrJZZ62JVDY3Fpkzen2lvJMxOvYtKVZlfVKmGJgR,0.583292771542336,1.3975568044855426,0.7603402977454488
1489800,FXLAfeY7Xqos8x4+2DlVmcLdXrJZZ62JVDY3Fpkzen2lvJMxOvYtKVZlfVKmGJgR,0.6172006591453382,0.8094957199203889,0.7002170817546068
1490100,FXLAfeY7Xqos8x4+2DlVmcLdXrJZZ62JVDY3Fpkzen2lvJMxOvYtKVZlfVKmGJgR,0.5673907273412844,1.4028744712352752,0.8075544166415621
1490400,FXLAfeY7Xqos8x4+2DlVmcLdXrJZZ62JVDY3Fpkzen2lvJMxOvYtKVZlfVKmGJgR,0.6100584607692273,0.8822956650438428,0.7147219722604856
1490700,FXLAfeY7Xqos8x4+2DlVmcLdXrJZZ62JVDY3Fpkzen2lvJMxOvYtKVZlfVKmGJgR,0.6010776460511266,1.3244044949974365,0.7555572038369817
1491000,FXLAfeY7Xqos8x4+2DlVmcLdXrJZZ62JVDY3Fpkzen2lvJMxOvYtKVZlfVKmGJgR,0.6172731438611663,0.8717547172370387,0.7327563593740468
1491300,FXLAfeY7Xqos8x4+2DlVmcLdXrJZZ62JVDY3Fpkzen2lvJMxOvYtKVZlfVKmGJgR,0.6026389913737513,1.308561102114301,0.7631270698414889
1491600,FXLAfeY7Xqos8x4+2DlVmcLdXrJZZ62JVDY3Fpkzen2lvJMxOvYtKVZlfVKmGJgR,0.6351562413076806,1.814840585596007,0.8048979066874111
1491900,FXLAfeY7Xqos8x4+2DlVmcLdXrJZZ62JVDY3Fpkzen2lvJMxOvYtKVZlfVKmGJgR,0.6083077563293104,1.329724130167564,0.7766430082397597
1492200,FXLAfeY7Xqos8x4+2DlVmcLdXrJZZ62JVDY3Fpkzen2lvJMxOvYtKVZlfVKmGJgR,0.5915593380441667,0.8553151436115268,0.712647743283513
1492500,FXLAfeY7Xqos8x4+2DlVmcLdXrJZZ62JVDY3Fpkzen2lvJMxOvYtKVZlfVKmGJgR,0.6295766438630136,4.4531514462710655,1.299497082542822
1492800,FXLAfeY7Xqos8x4+2DlVmcLdXrJZZ62JVDY3Fpkzen2lvJMxOvYtKVZlfVKmGJgR,0.6208226346571054,0.923477961298347,0.7366903268071304
1493100,FXLAfeY7Xqos8x4+2DlVmcLdXrJZZ62JVDY3Fpkzen2lvJMxOvYtKVZlfVKmGJgR,0.6131514340255722,1.2809045405826125,0.7606212023895162
1493400,FXLAfeY7Xqos8x4+2DlVmcLdXrJZZ62JVDY3Fpkzen2lvJMxOvYtKVZlfVKmGJgR,0.5968203335843811,0.8395235100582688,0.7005906112949372
1493700,FXLAfeY7Xqos8x4+2DlVmcLdXrJZZ62JVDY3Fpkzen2lvJMxOvYtKVZlfVKmGJgR,0.6079766520750137,1.4978868014212747,0.7582354294627733
1494000,FXLAfeY7Xqos8x4+2DlVmcLdXrJZZ62JVDY3Fpkzen2lvJMxOvYtKVZlfVKmGJgR,0.589977928080883,0.8384378975828495,0.7222236336161493
1494300,FXLAfeY7Xqos8x4+2DlVmcLdXrJZZ62JVDY3Fpkzen2lvJMxOvYtKVZlfVKmGJgR,0.6175197490237341,1.3691847873012528,0.7520362559957274
1494600,FXLAfeY7Xqos8x4+2DlVmcLdXrJZZ62JVDY3Fpkzen2lvJMxOvYtKVZlfVKmGJgR,0.647268521300038,0.8168511237799041,0.7303785634377179
1494900,FXLAfeY7Xqos8x4+2DlVmcLdXrJZZ62JVDY3Fpkzen2lvJMxOvYtKVZlfVKmGJgR,0.604972196940585,1.328633248087772,0.7676206574512124
1495200,FXLAfeY7Xqos8x4+2DlVmcLdXrJZZ62JVDY3Fpkzen2lvJMxOvYtKVZlfVKmGJgR,0.606298678490263,1.7307140677006487,0.808410093777503
1495500,FXLAfeY7Xqos8x4+2DlVmcLdXrJZZ62JVDY3Fpkzen2lvJMxOvYtKVZlfVKmGJgR,0.6415311125654207,1.3624059683153849,0.7669321166688176
1495800,FXLAfeY7Xqos8x4+2DlVmcLdXrJZZ62JVDY3Fpkzen2lvJMxOvYtKVZlfVKmGJgR,0.642279851081835,0.8254511884088855,0.7156795489356239
1496100,FXLAfeY7Xqos8x4+2DlVmcLdXrJZZ62JVDY3Fpkzen2lvJMxOvYtKVZlfVKmGJgR,0.578650485202912,4.237472749888608,1.3025135991844947
1496400,FXLAfeY7Xqos8x4+2DlVmcLdXrJZZ62JVDY3Fpkzen2lvJMxOvYtKVZlfVKmGJgR,0.5771275570615529,7.438375016622267,1.3475476808780145
1496700,FXLAfeY7Xqos8x4+2DlVmcLdXrJZZ62JVDY3Fpkzen2lvJMxOvYtKVZlfVKmGJgR,0.5963035616425678,23.740834296273373,2.8342826200115327
1497000,FXLAfeY7Xqos8x4+2DlVmcLdXrJZZ62JVDY3Fpkzen2lvJMxOvYtKVZlfVKmGJgR,0.6321132996476244,0.8287361591991547,0.7143829527495977
1497300,FXLAfeY7Xqos8x4+2DlVmcLdXrJZZ62JVDY3Fpkzen2lvJMxOvYtKVZlfVKmGJgR,0.6648710373364269,1.346630590844036,0.8087816936883127
1497600,FXLAfeY7Xqos8x4+2DlVmcLdXrJZZ62JVDY3Fpkzen2lvJMxOvYtKVZlfVKmGJgR,0.6061234414652522,0.8702923258412919,0.7187519852108402
1497900,FXLAfeY7Xqos8x4+2DlVmcLdXrJZZ62JVDY3Fpkzen2lvJMxOvYtKVZlfVKmGJgR,0.6244204191649929,1.3920917648735307,0.7576259088254161
1498200,FXLAfeY7Xqos8x4+2DlVmcLdXrJZZ62JVDY3Fpkzen2lvJMxOvYtKVZlfVKmGJgR,0.625122970988687,1.0340475325508731,0.7593632626098767
1498500,FXLAfeY7Xqos8x4+2DlVmcLdXrJZZ62JVDY3Fpkzen2lvJMxOvYtKVZlfVKmGJgR,0.5905871591048218,1.3153819023333768,0.7612321853230387
1498800,FXLAfeY7Xqos8x4+2DlVmcLdXrJZZ62JVDY3Fpkzen2lvJMxOvYtKVZlfVKmGJgR,0.5942412074261654,1.2977830485961963,0.7781408430123966
1499100,FXLAfeY7Xqos8x4+2DlVmcLdXrJZZ62JVDY3Fpkzen2lvJMxOvYtKVZlfVKmGJgR,0.640245633361874,1.2429634804613443,0.7880675019058226
1499400,FXLAfeY7Xqos8x4+2DlVmcLdXrJZZ62JVDY3Fpkzen2lvJMxOvYtKVZlfVKmGJgR,0.6370064797309776,0.9099076625879619,0.7341771169074944
1499700,FXLAfeY7Xqos8x4+2DlVmcLdXrJZZ62JVDY3Fpkzen2lvJMxOvYtKVZlfVKmGJgR,0.6375454738426403,4.479618121897749,1.333041786135543
1500000,FXLAfeY7Xqos8x4+2DlVmcLdXrJZZ62JVDY3Fpkzen2lvJMxOvYtKVZlfVKmGJgR,0.6216297131764797,0.8807194973543779,0.7311238603011867
1500300,FXLAfeY7Xqos8x4+2DlVmcLdXrJZZ62JVDY3Fpkzen2lvJMxOvYtKVZlfVKmGJgR,0.6192392175138037,1.2509370515060636,0.763726315240467
1500600,FXLAfeY7Xqos8x4+2DlVmcLdXrJZZ62JVDY3Fpkzen2lvJMxOvYtKVZlfVKmGJgR,0.6389979243931381,0.8263719474832228,0.7180921751719455
1500900,FXLAfeY7Xqos8x4+2DlVmcLdXrJZZ62JVDY3Fpkzen2lvJMxOvYtKVZlfVKmGJgR,0.6247979256216399,0.9309394122762424,0.726724302996907
1501200,FXLAfeY7Xqos8x4+2DlVmcLdXrJZZ62JVDY3Fpkzen2lvJMxOvYtKVZlfVKmGJgR,0.6121408410152476,1.1305118138236034,0.7570927938757798
1501500,FXLAfeY7Xqos8x4+2DlVmcLdXrJZZ62JVDY3Fpkzen2lvJMxOvYtKVZlfVKmGJgR,0.6257968259740506,0.8108571704602334,0.709669546307259
1501800,FXLAfeY7Xqos8x4+2DlVmcLdXrJZZ62JVDY3Fpkzen2lvJMxOvYtKVZlfVKmGJgR,0.6432641861224293,1.2684259223724228,0.7817396613499735
1502100,FXLAfeY7Xqos8x4+2DlVmcLdXrJZZ62JVDY3Fpkzen2lvJMxOvYtKVZlfVKmGJgR,0.6133277324963092,0.8708170764572167,0.7161900625593906
1502400,FXLAfeY7Xqos8x4+2DlVmcLdXrJZZ62JVDY3Fpkzen2lvJMxOvYtKVZlfVKmGJgR,0.5987366739104683,1.8779544783164503,0.8476219608333599
1502700,FXLAfeY7Xqos8x4+2DlVmcLdXrJZZ62JVDY3Fpkzen2lvJMxOvYtKVZlfVKmGJgR,0.6256643691376702,0.8318336587626123,0.72725027702241
1503000,FXLAfeY7Xqos8x4+2DlVmcLdXrJZZ62JVDY3Fpkzen2lvJMxOvYtKVZlfVKmGJgR,0.6247669262162685,1.4398308542368272,0.7880712888848052
1503300,FXLAfeY7Xqos8x4+2DlVmcLdXrJZZ62JVDY3Fpkzen2lvJMxOvYtKVZlfVKmGJgR,0.5597422548330061,4.295930731754361,1.2796818894314348
1503600,FXLAfeY7Xqos8x4+2DlVmcLdXrJZZ62JVDY3Fpkzen2lvJMxOvYtKVZlfVKmGJgR,0.6547506338255221,1.4091045686483386,0.7990138148046301
1503900,FXLAfeY7Xqos8x4+2DlVmcLdXrJZZ62JVDY3Fpkzen2lvJMxOvYtKVZlfVKmGJgR,0.6331436809506646,0.8915176586367618,0.739318694333899
1504200,FXLAfeY7Xqos8x4+2DlVmcLdXrJZZ62JVDY3Fpkzen2lvJMxOvYtKVZlfVKmGJgR,0.6304362280228804,1.2915088477160388,0.7629360899692279
1504500,FXLAfeY7Xqos8x4+2DlVmcLdXrJZZ62JVDY3Fpkzen2lvJMxOvYtKVZlfVKmGJgR,0.6415495442683328,0.8423460364668492,0.732020120305315
1504800,FXLAfeY7Xqos8x4+2DlVmcLdXrJZZ62JVDY3Fpkzen2lvJMxOvYtKVZlfVKmGJgR,0.5913464739026261,1.4384984946098698,0.7738236623380963
1505100,FXLAfeY7Xqos8x4+2DlVmcLdXrJZZ62JVDY3Fpkzen2lvJMxOvYtKVZlfVKmGJgR,0.6110715046154432,0.838604833759053,0.7018892319558383
1505400,FXLAfeY7Xqos8x4+2DlVmcLdXrJZZ62JVDY3Fpkzen2lvJMxOvYtKVZlfVKmGJgR,0.6551109632909508,1.2592901949506226,0.7790199185949142
1505700,FXLAfeY7Xqos8x4+2DlVmcLdXrJZZ62JVDY3Fpkzen2lvJMxOvYtKVZlfVKmGJgR,0.636938350433783,0.8455746018014282,0.7119681242240457
1506000,FXLAfeY7Xqos8x4+2DlVmcLdXrJZZ62JVDY3Fpkzen2lvJMxOvYtKVZlfVKmGJgR,0.6459589531762258,1.7297973094987091,0.8759415858979441
1506300,FXLAfeY7Xqos8x4+2DlVmcLdXrJZZ62JVDY3Fpkzen2lvJMxOvYtKVZlfVKmGJgR,0.6520689449064432,0.8570057992498931,0.7418637179204312
1506600,FXLAfeY7Xqos8x4+2DlVmcLdXrJZZ62JVDY3Fpkzen2lvJMxOvYtKVZlfVKmGJgR,0.64043544879698,1.3587314821139893,0.7750943503371169
1506900,FXLAfeY7Xqos8x4+2DlVmcLdXrJZZ62JVDY3Fpkzen2lvJMxOvYtKVZlfVKmGJgR,0.6234312304579547,7.363581679625313,2.9053509267964914
1507200,FXLAfeY7Xqos8x4+2DlVmcLdXrJZZ62JVDY3Fpkzen2lvJMxOvYtKVZlfVKmGJgR,0.6418390975027946,1.2571664933802118,0.8165498725233348
1507500,FXLAfeY7Xqos8x4+2DlVmcLdXrJZZ62JVDY3Fpkzen2lvJMxOvYtKVZlfVKmGJgR,0.6436652473658461,0.816287277090821,0.7161258059241584
1507800,FXLAfeY7Xqos8x4+2DlVmcLdXrJZZ62JVDY3Fpkzen2lvJMxOvYtKVZlfVKmGJgR,0.619247405307821,1.2789277494731002,0.7598841814564925
1508100,FXLAfeY7Xqos8x4+2DlVmcLdXrJZZ62JVDY3Fpkzen2lvJMxOvYtKVZlfVKmGJgR,0.6565305942168898,0.8674303749580256,0.719284363958157
1508400,FXLAfeY7Xqos8x4+2DlVmcLdXrJZZ62JVDY3Fpkzen2lvJMxOvYtKVZlfVKmGJgR,0.627631088199177,1.3735353983041727,0.7685578377616125
1508700,FXLAfeY7Xqos8x4+2DlVmcLdXrJZZ62JVDY3Fpkzen2lvJMxOvYtKVZlfVKmGJgR,0.6521821984055374,3.845228490916341,1.1122524231831108
1509000,FXLAfeY7Xqos8x4+2DlVmcLdXrJZZ62JVDY3Fpkzen2lvJMxOvYtKVZlfVKmGJgR,0.629269623435785,1.270025070025818,0.7951860842943153
1509300,FXLAfeY7Xqos8x4+2DlVmcLdXrJZZ62JVDY3Fpkzen2lvJMxOvYtKVZlfVKmGJgR,0.6372558509985377,0.8364009919869669,0.7199547673190476
1509600,FXLAfeY7Xqos8x4+2DlVmcLdXrJZZ62JVDY3Fpkzen2lvJMxOvYtKVZlfVKmGJgR,0.6409810135158093,1.6483341962410687,0.8524732096101584
1509900,FXLAfeY7Xqos8x4+2DlVmcLdXrJZZ62JVDY3Fpkzen2lvJMxOvYtKVZlfVKmGJgR,0.6205362457162821,0.8879922655407881,0.7205516174987706
1510200,FXLAfeY7Xqos8x4+2DlVmcLdXrJZZ62JVDY3Fpkzen2lvJMxOvYtKVZlfVKmGJgR,0.5980188022175951,1.4753301018860077,0.7664914169239012
1510500,FXLAfeY7Xqos8x4+2DlVmcLdXrJZZ62JVDY3Fpkzen2lvJMxOvYtKVZlfVKmGJgR,0.637754455332682,3.7105898252714224,1.2232974233392286
1510800,FXLAfeY7Xqos8x4+2DlVmcLdXrJZZ62JVDY3Fpkzen2lvJMxOvYtKVZlfVKmGJgR,0.6205225046462423,1.3190769633720485,0.7938476277795014
1511100,FXLAfeY7Xqos8x4+2DlVmcLdXrJZZ62JVDY3Fpkzen2lvJMxOvYtKVZlfVKmGJgR,0.5877962039878993,18.57088839985816,2.7011163340273407
1511400,FXLAfeY7Xqos8x4+2DlVmcLdXrJZZ62JVDY3Fpkzen2lvJMxOvYtKVZlfVKmGJgR,0.627900105551976,1.858548960523584,0.8265225255037708
1511700,FXLAfeY7Xqos8x4+2DlVmcLdXrJZZ62JVDY3Fpkzen2lvJMxOvYtKVZlfVKmGJgR,0.6199653337477709,1.1387759492438418,0.7746738932707607
1512000,FXLAfeY7Xqos8x4+2DlVmcLdXrJZZ62JVDY3Fpkzen2lvJMxOvYtKVZlfVKmGJgR,0.6287502179966145,1.457910184488202,0.7913448869608789
1512300,FXLAfeY7Xqos8x4+2DlVmcLdXrJZZ62JVDY3Fpkzen2lvJMxOvYtKVZlfVKmGJgR,0.6434201758022507,0.826218457786243,0.722182556725622
1512600,FXLAfeY7Xqos8x4+2DlVmcLdXrJZZ62JVDY3Fpkzen2lvJMxOvYtKVZlfVKmGJgR,0.6625485859630994,1.3744399944555,0.797425255931326
1512900,FXLAfeY7Xqos8x4+2DlVmcLdXrJZZ62JVDY3Fpkzen2lvJMxOvYtKVZlfVKmGJgR,0.6309377285999771,0.8156200018825304,0.7157966567916423
1513200,FXLAfeY7Xqos8x4+2DlVmcLdXrJZZ62JVDY3Fpkzen2lvJMxOvYtKVZlfVKmGJgR,0.6300070831323284,2.696715802814309,0.9424041698759634
1513500,FXLAfeY7Xqos8x4+2DlVmcLdXrJZZ62JVDY3Fpkzen2lvJMxOvYtKVZlfVKmGJgR,0.6433483894746,19.8589299757765,2.6358898955353367
1513800,FXLAfeY7Xqos8x4+2DlVmcLdXrJZZ62JVDY3Fpkzen2lvJMxOvYtKVZlfVKmGJgR,0.5979740815123235,1.1742427813217822,0.7667902560375565
1514100,FXLAfeY7Xqos8x4+2DlVmcLdXrJZZ62JVDY3Fpkzen2lvJMxOvYtKVZlfVKmGJgR,0.6520881730633059,1.8312785136545375,0.8102455606473226
1514400,FXLAfeY7Xqos8x4+2DlVmcLdXrJZZ62JVDY3Fpkzen2lvJMxOvYtKVZlfVKmGJgR,0.6449280463306482,4.6433197417237215,1.30432453213187
1514700,FXLAfeY7Xqos8x4+2DlVmcLdXrJZZ62JVDY3Fpkzen2lvJMxOvYtKVZlfVKmGJgR,0.6396660514748936,0.8353182502370653,0.7097901668023952
1515000,FXLAfeY7Xqos8x4+2DlVmcLdXrJZZ62JVDY3Fpkzen2lvJMxOvYtKVZlfVKmGJgR,0.6199682005144344,1.2896722140632193,0.7657121133807988
1515300,FXLAfeY7Xqos8x4+2DlVmcLdXrJZZ62JVDY3Fpkzen2lvJMxOvYtKVZlfVKmGJgR,0.6496531829577166,0.9289391105063562,0.732919884656332
1515600,FXLAfeY7Xqos8x4+2DlVmcLdXrJZZ62JVDY3Fpkzen2lvJMxOvYtKVZlfVKmGJgR,0.6318215888344147,1.4545203481777207,0.7852265908319446
1515900,FXLAfeY7Xqos8x4+2DlVmcLdXrJZZ62JVDY3Fpkzen2lvJMxOvYtKVZlfVKmGJgR,0.6211157639024006,0.8502977111767638,0.7175658144990363
1516200,FXLAfeY7Xqos8x4+2DlVmcLdXrJZZ62JVDY3Fpkzen2lvJMxOvYtKVZlfVKmGJgR,0.6217291902540911,1.2443330313937442,0.7757406859468244
1516500,FXLAfeY7Xqos8x4+2DlVmcLdXrJZZ62JVDY3Fpkzen2lvJMxOvYtKVZlfVKmGJgR,0.6172154977790405,0.826577850408823,0.7099196163681873
1516800,FXLAfeY7Xqos8x4+2DlVmcLdXrJZZ62JVDY3Fpkzen2lvJMxOvYtKVZlfVKmGJgR,0.617510008481769,1.9082978113957736,0.848180907368567
1517100,FXLAfeY7Xqos8x4+2DlVmcLdXrJZZ62JVDY3Fpkzen2lvJMxOvYtKVZlfVKmGJgR,0.6407636827673104,6.8584263660152045,1.343599528857824
1517400,FXLAfeY7Xqos8x4+2DlVmcLdXrJZZ62JVDY3Fpkzen2lvJMxOvYtKVZlfVKmGJgR,0.6249655509434447,1.1135426243388105,0.7649886666980633
1517700,FXLAfeY7Xqos8x4+2DlVmcLdXrJZZ62JVDY3Fpkzen2lvJMxOvYtKVZlfVKmGJgR,0.5931008994747681,0.846693177908951,0.7167206713588421
1518000,FXLAfeY7Xqos8x4+2DlVmcLdXrJZZ62JVDY3Fpkzen2lvJMxOvYtKVZlfVKmGJgR,0.6382329563690822,5.237601864857541,1.450400922349405
1518300,FXLAfeY7Xqos8x4+2DlVmcLdXrJZZ62JVDY3Fpkzen2lvJMxOvYtKVZlfVKmGJgR,0.6145979783732183,0.845298624810566,0.724783642266414
1518600,FXLAfeY7Xqos8x4+2DlVmcLdXrJZZ62JVDY3Fpkzen2lvJMxOvYtKVZlfVKmGJgR,0.6194075599700832,1.4438122241109643,0.7639150499683257
1518900,FXLAfeY7Xqos8x4+2DlVmcLdXrJZZ62JVDY3Fpkzen2lvJMxOvYtKVZlfVKmGJgR,0.6687202519035043,0.9376143115499997,0.744343432194793
1519200,FXLAfeY7Xqos8x4+2DlVmcLdXrJZZ62JVDY3Fpkzen2lvJMxOvYtKVZlfVKmGJgR,0.633603753075416,1.3336738667550367,0.7829479412561997
1519500,FXLAfeY7Xqos8x4+2DlVmcLdXrJZZ62JVDY3Fpkzen2lvJMxOvYtKVZlfVKmGJgR,0.6214957805189654,0.7893686060527882,0.7159043335573236
1519800,FXLAfeY7Xqos8x4+2DlVmcLdXrJZZ62JVDY3Fpkzen2lvJMxOvYtKVZlfVKmGJgR,0.6819061358696187,1.4239280517189885,0.8114909713270693
1520100,FXLAfeY7Xqos8x4+2DlVmcLdXrJZZ62JVDY3Fpkzen2lvJMxOvYtKVZlfVKmGJgR,0.6347868903963075,0.8389944449073607,0.7315656639977368
1520400,FXLAfeY7Xqos8x4+2DlVmcLdXrJZZ62JVDY3Fpkzen2lvJMxOvYtKVZlfVKmGJgR,0.6358828896445164,1.6003296633813318,0.8952942758033201
1520700,FXLAfeY7Xqos8x4+2DlVmcLdXrJZZ62JVDY3Fpkzen2lvJMxOvYtKVZlfVKmGJgR,0.6474741563040256,0.8802243096002631,0.722910633333064
1521000,FXLAfeY7Xqos8x4+2DlVmcLdXrJZZ62JVDY3Fpkzen2lvJMxOvYtKVZlfVKmGJgR,0.624197619608366,1.36017386053607,0.7570797811949369
1521300,FXLAfeY7Xqos8x4+2DlVmcLdXrJZZ62JVDY3Fpkzen2lvJMxOvYtKVZlfVKmGJgR,0.6326701819243395,0.847455511271527,0.7159743695839069
1521600,FXLAfeY7Xqos8x4+2DlVmcLdXrJZZ62JVDY3Fpkzen2lvJMxOvYtKVZlfVKmGJgR,0.6456184418811868,4.723291593577037,1.32182481502806
1521900,FXLAfeY7Xqos8x4+2DlVmcLdXrJZZ62JVDY3Fpkzen2lvJMxOvYtKVZlfVKmGJgR,0.5676680897361575,0.8098067574360903,0.7029478355544307
1522200,FXLAfeY7Xqos8x4+2DlVmcLdXrJZZ62JVDY3Fpkzen2lvJMxOvYtKVZlfVKmGJgR,0.6322598201140142,1.2472925782857414,0.7512370242362965
1522500,FXLAfeY7Xqos8x4+2DlVmcLdXrJZZ62JVDY3Fpkzen2lvJMxOvYtKVZlfVKmGJgR,0.62981147139943,0.8642390262179815,0.7083831829513442
1522800,FXLAfeY7Xqos8x4+2DlVmcLdXrJZZ62JVDY3Fpkzen2lvJMxOvYtKVZlfVKmGJgR,0.624364559038491,1.2888205841791267,0.7670501396472825
1523100,FXLAfeY7Xqos8x4+2DlVmcLdXrJZZ62JVDY3Fpkzen2lvJMxOvYtKVZlfVKmGJgR,0.6289479513720168,0.8746363829230648,0.7269585371239838
1523400,FXLAfeY7Xqos8x4+2DlVmcLdXrJZZ62JVDY3Fpkzen2lvJMxOvYtKVZlfVKmGJgR,0.6282238940472615,1.411174657290288,0.7924459496081253
1523700,FXLAfeY7Xqos8x4+2DlVmcLdXrJZZ62JVDY3Fpkzen2lvJMxOvYtKVZlfVKmGJgR,0.6274538664000145,0.8423817221850769,0.7153971689842084
1524000,FXLAfeY7Xqos8x4+2DlVmcLdXrJZZ62JVDY3Fpkzen2lvJMxOvYtKVZlfVKmGJgR,0.633845326826929,1.841149107040824,0.852826884384242
1524300,FXLAfeY7Xqos8x4+2DlVmcLdXrJZZ62JVDY3Fpkzen2lvJMxOvYtKVZlfVKmGJgR,0.64416491372489,9.144140374428368,1.8976915869046915
1524600,FXLAfeY7Xqos8x4+2DlVmcLdXrJZZ62JVDY3Fpkzen2lvJMxOvYtKVZlfVKmGJgR,0.6336209239045332,27.599527737834656,5.363399044387501
1524900,FXLAfeY7Xqos8x4+2DlVmcLdXrJZZ62JVDY3Fpkzen2lvJMxOvYtKVZlfVKmGJgR,0.7822902292554332,82.7433568595932,37.44240354942322
1525200,FXLAfeY7Xqos8x4+2DlVmcLdXrJZZ62JVDY3Fpkzen2lvJMxOvYtKVZlfVKmGJgR,0.6649658095311931,5.188495708622253,1.4094916024762532
1525500,FXLAfeY7Xqos8x4+2DlVmcLdXrJZZ62JVDY3Fpkzen2lvJMxOvYtKVZlfVKmGJgR,0.636326655687647,0.9608090057059812,0.7341226129063506
1525800,FXLAfeY7Xqos8x4+2DlVmcLdXrJZZ62JVDY3Fpkzen2lvJMxOvYtKVZlfVKmGJgR,0.6331594230946537,1.327625455853254,0.765451075376617
1526100,FXLAfeY7Xqos8x4+2DlVmcLdXrJZZ62JVDY3Fpkzen2lvJMxOvYtKVZlfVKmGJgR,0.619659988875276,0.8827475613178296,0.7470444951300672
1526400,FXLAfeY7Xqos8x4+2DlVmcLdXrJZZ62JVDY3Fpkzen2lvJMxOvYtKVZlfVKmGJgR,0.6260649245791752,1.3733201013429974,0.7728863162445668
1526700,FXLAfeY7Xqos8x4+2DlVmcLdXrJZZ62JVDY3Fpkzen2lvJMxOvYtKVZlfVKmGJgR,0.6328700652659796,0.8863412822919771,0.711588047085544
1527000,FXLAfeY7Xqos8x4+2DlVmcLdXrJZZ62JVDY3Fpkzen2lvJMxOvYtKVZlfVKmGJgR,0.6447139344025342,1.427491246585763,0.786952165058229
1527300,FXLAfeY7Xqos8x4+2DlVmcLdXrJZZ62JVDY3Fpkzen2lvJMxOvYtKVZlfVKmGJgR,0.6436439260263245,0.9361734540130724,0.710325637080759
1527600,FXLAfeY7Xqos8x4+2DlVmcLdXrJZZ62JVDY3Fpkzen2lvJMxOvYtKVZlfVKmGJgR,0.6238259883737565,1.9383688881876129,0.9029139193635658
1527900,FXLAfeY7Xqos8x4+2DlVmcLdXrJZZ62JVDY3Fpkzen2lvJMxOvYtKVZlfVKmGJgR,0.6572478625110505,0.9101558728776948,0.7377911683872401
1528200,FXLAfeY7Xqos8x4+2DlVmcLdXrJZZ62JVDY3Fpkzen2lvJMxOvYtKVZlfVKmGJgR,0.6618453353917481,1.2541849393325144,0.7753574718049578
1528500,FXLAfeY7Xqos8x4+2DlVmcLdXrJZZ62JVDY3Fpkzen2lvJMxOvYtKVZlfVKmGJgR,0.6315074331821809,0.8935994836284425,0.7207443900753185
1528800,FXLAfeY7Xqos8x4+2DlVmcLdXrJZZ62JVDY3Fpkzen2lvJMxOvYtKVZlfVKmGJgR,0.6549125008483968,4.4323343006102975,1.340943312333328
1529100,FXLAfeY7Xqos8x4+2DlVmcLdXrJZZ62JVDY3Fpkzen2lvJMxOvYtKVZlfVKmGJgR,0.6128731622653854,0.9410325751810188,0.7236903379884541
1529400,FXLAfeY7Xqos8x4+2DlVmcLdXrJZZ62JVDY3Fpkzen2lvJMxOvYtKVZlfVKmGJgR,0.6190932759077455,1.5409110534686234,0.8087957763522343
1529700,FXLAfeY7Xqos8x4+2DlVmcLdXrJZZ62JVDY3Fpkzen2lvJMxOvYtKVZlfVKmGJgR,0.657794072558407,0.941301183170172,0.728981378883326
1530000,FXLAfeY7Xqos8x4+2DlVmcLdXrJZZ62JVDY3Fpkzen2lvJMxOvYtKVZlfVKmGJgR,0.652370008439137,1.3795756347649308,0.777747245285942
1530300,FXLAfeY7Xqos8x4+2DlVmcLdXrJZZ62JVDY3Fpkzen2lvJMxOvYtKVZlfVKmGJgR,0.6301513682276144,0.84171077780422,0.7197920730312177
1530600,FXLAfeY7Xqos8x4+2DlVmcLdXrJZZ62JVDY3Fpkzen2lvJMxOvYtKVZlfVKmGJgR,0.6760265768551824,1.2713723184202257,0.7836694972246661
1530900,FXLAfeY7Xqos8x4+2DlVmcLdXrJZZ62JVDY3Fpkzen2lvJMxOvYtKVZlfVKmGJgR,0.6337283471017431,0.9266230292479026,0.723405764832987
1531200,FXLAfeY7Xqos8x4+2DlVmcLdXrJZZ62JVDY3Fpkzen2lvJMxOvYtKVZlfVKmGJgR,0.6872918006407182,1.6371018258753836,0.8812536412921173
1531500,FXLAfeY7Xqos8x4+2DlVmcLdXrJZZ62JVDY3Fpkzen2lvJMxOvYtKVZlfVKmGJgR,0.655784364958421,0.930112887651022,0.7278826505934066
1531800,FXLAfeY7Xqos8x4+2DlVmcLdXrJZZ62JVDY3Fpkzen2lvJMxOvYtKVZlfVKmGJgR,0.6679673537695106,1.139566469472849,0.7890331275319393
1532100,FXLAfeY7Xqos8x4+2DlVmcLdXrJZZ62JVDY3Fpkzen2lvJMxOvYtKVZlfVKmGJgR,0.5942299915749087,0.8655702418058501,0.7129901410247463
1532400,FXLAfeY7Xqos8x4+2DlVmcLdXrJZZ62JVDY3Fpkzen2lvJMxOvYtKVZlfVKmGJgR,0.653477262232366,4.841178246391224,1.3333468333218623
1532700,FXLAfeY7Xqos8x4+2DlVmcLdXrJZZ62JVDY3Fpkzen2lvJMxOvYtKVZlfVKmGJgR,0.6268756679336421,0.9310770114368742,0.7142106477229117
1533000,FXLAfeY7Xqos8x4+2DlVmcLdXrJZZ62JVDY3Fpkzen2lvJMxOvYtKVZlfVKmGJgR,0.6196175879440221,1.4025505894302284,0.7591434420593847
1533300,FXLAfeY7Xqos8x4+2DlVmcLdXrJZZ62JVDY3Fpkzen2lvJMxOvYtKVZlfVKmGJgR,0.6495932047630023,0.8929443925574821,0.73032718016309
1533600,FXLAfeY7Xqos8x4+2DlVmcLdXrJZZ62JVDY3Fpkzen2lvJMxOvYtKVZlfVKmGJgR,0.6578675933598349,1.484312112358381,0.7637229845981875
1533900,FXLAfeY7Xqos8x4+2DlVmcLdXrJZZ62JVDY3Fpkzen2lvJMxOvYtKVZlfVKmGJgR,0.6266500463894481,0.8611813151736789,0.7119051489420185
1534200,FXLAfeY7Xqos8x4+2DlVmcLdXrJZZ62JVDY3Fpkzen2lvJMxOvYtKVZlfVKmGJgR,0.6313511617826327,1.5058585202359354,0.7832462759919843
1534500,FXLAfeY7Xqos8x4+2DlVmcLdXrJZZ62JVDY3Fpkzen2lvJMxOvYtKVZlfVKmGJgR,0.6046840315093325,0.8005454427155201,0.7052958945181149
1534800,FXLAfeY7Xqos8x4+2DlVmcLdXrJZZ62JVDY3Fpkzen2lvJMxOvYtKVZlfVKmGJgR,0.6302710432473697,2.746917009480398,0.8974679045183304
1535100,FXLAfeY7Xqos8x4+2DlVmcLdXrJZZ62JVDY3Fpkzen2lvJMxOvYtKVZlfVKmGJgR,0.6332121326577681,0.8761558410484399,0.7277999678614449
1535400,FXLAfeY7Xqos8x4+2DlVmcLdXrJZZ62JVDY3Fpkzen2lvJMxOvYtKVZlfVKmGJgR,0.6456171253961593,1.3203646907718172,0.7704614603042305
1535700,FXLAfeY7Xqos8x4+2DlVmcLdXrJZZ62JVDY3Fpkzen2lvJMxOvYtKVZlfVKmGJgR,0.603761160287035,9.264617133373564,2.5078713025609387
1536000,FXLAfeY7Xqos8x4+2DlVmcLdXrJZZ62JVDY3Fpkzen2lvJMxOvYtKVZlfVKmGJgR,0.6198804455758832,4.1435939340440004,1.1633429731573617
1536300,FXLAfeY7Xqos8x4+2DlVmcLdXrJZZ62JVDY3Fpkzen2lvJMxOvYtKVZlfVKmGJgR,0.661685113813198,3.649042364314929,0.9299584742736092
1536600,FXLAfeY7Xqos8x4+2DlVmcLdXrJZZ62JVDY3Fpkzen2lvJMxOvYtKVZlfVKmGJgR,0.6313579230848311,1.3784593091952015,0.7645567185264781
1536900,FXLAfeY7Xqos8x4+2DlVmcLdXrJZZ62JVDY3Fpkzen2lvJMxOvYtKVZlfVKmGJgR,0.6068539332044722,0.8570157568257851,0.7173299881080007
1537200,FXLAfeY7Xqos8x4+2DlVmcLdXrJZZ62JVDY3Fpkzen2lvJMxOvYtKVZlfVKmGJgR,0.6764907700641553,1.2588732724135556,0.7822217177146353
1537500,FXLAfeY7Xqos8x4+2DlVmcLdXrJZZ62JVDY3Fpkzen2lvJMxOvYtKVZlfVKmGJgR,0.6419754895192878,0.8691784054000141,0.7117680373131446
1537800,FXLAfeY7Xqos8x4+2DlVmcLdXrJZZ62JVDY3Fpkzen2lvJMxOvYtKVZlfVKmGJgR,0.6286720711859065,1.2376466320324566,0.7829924329574626
1538100,FXLAfeY7Xqos8x4+2DlVmcLdXrJZZ62JVDY3Fpkzen2lvJMxOvYtKVZlfVKmGJgR,0.6271991950678093,0.8273702997168112,0.7192065623731517
1538400,FXLAfeY7Xqos8x4+2DlVmcLdXrJZZ62JVDY3Fpkzen2lvJMxOvYtKVZlfVKmGJgR,0.6159694445616489,2.22314152367255,0.8571017979489362
1538700,FXLAfeY7Xqos8x4+2DlVmcLdXrJZZ62JVDY3Fpkzen2lvJMxOvYtKVZlfVKmGJgR,0.6936200875017291,8.259475936018582,2.502453313659241
1539000,FXLAfeY7Xqos8x4+2DlVmcLdXrJZZ62JVDY3Fpkzen2lvJMxOvYtKVZlfVKmGJgR,0.6533637399201675,7.876812545618328,1.84158134337888
1539300,FXLAfeY7Xqos8x4+2DlVmcLdXrJZZ62JVDY3Fpkzen2lvJMxOvYtKVZlfVKmGJgR,0.998159401486148,17.473401212134338,5.5331990759144585
1539600,FXLAfeY7Xqos8x4+2DlVmcLdXrJZZ62JVDY3Fpkzen2lvJMxOvYtKVZlfVKmGJgR,0.6543968343563971,4.397150373992255,1.1161439949097844
1539900,FXLAfeY7Xqos8x4+2DlVmcLdXrJZZ62JVDY3Fpkzen2lvJMxOvYtKVZlfVKmGJgR,0.6190349268284357,18.285187157553764,3.3311584766121656
1540200,FXLAfeY7Xqos8x4+2DlVmcLdXrJZZ62JVDY3Fpkzen2lvJMxOvYtKVZlfVKmGJgR,0.6644204751265099,8.85460733438935,1.7378877245938231
1540500,FXLAfeY7Xqos8x4+2DlVmcLdXrJZZ62JVDY3Fpkzen2lvJMxOvYtKVZlfVKmGJgR,0.707605110858134,0.9115609443418502,0.7790665577319451
1540800,FXLAfeY7Xqos8x4+2DlVmcLdXrJZZ62JVDY3Fpkzen2lvJMxOvYtKVZlfVKmGJgR,0.6142714433416032,1.266539404381852,0.7788873416453171
1541100,FXLAfeY7Xqos8x4+2DlVmcLdXrJZZ62JVDY3Fpkzen2lvJMxOvYtKVZlfVKmGJgR,0.6383008035390741,1.0390727948834588,0.7420247095188972
1541400,FXLAfeY7Xqos8x4+2DlVmcLdXrJZZ62JVDY3Fpkzen2lvJMxOvYtKVZlfVKmGJgR,0.6805401309620422,2.1973780907212226,0.9263985249310444
1541700,FXLAfeY7Xqos8x4+2DlVmcLdXrJZZ62JVDY3Fpkzen2lvJMxOvYtKVZlfVKmGJgR,0.6521936704462638,1.2893885266281386,0.7749345616854751
1542000,FXLAfeY7Xqos8x4+2DlVmcLdXrJZZ62JVDY3Fpkzen2lvJMxOvYtKVZlfVKmGJgR,0.6432362391959142,2.234734718853689,0.9503341405874216
1542300,FXLAfeY7Xqos8x4+2DlVmcLdXrJZZ62JVDY3Fpkzen2lvJMxOvYtKVZlfVKmGJgR,0.6573378329796908,1.0334867439011302,0.7735242908863775
1542600,FXLAfeY7Xqos8x4+2DlVmcLdXrJZZ62JVDY3Fpkzen2lvJMxOvYtKVZlfVKmGJgR,0.6477349680761627,4.349680069782215,1.1181303345989204
1542900,FXLAfeY7Xqos8x4+2DlVmcLdXrJZZ62JVDY3Fpkzen2lvJMxOvYtKVZlfVKmGJgR,0.6741243323816399,0.9240639585685406,0.7636947971721757
1543200,FXLAfeY7Xqos8x4+2DlVmcLdXrJZZ62JVDY3Fpkzen2lvJMxOvYtKVZlfVKmGJgR,0.6546255713391304,1.3535850303337675,0.805680403873169
1543500,FXLAfeY7Xqos8x4+2DlVmcLdXrJZZ62JVDY3Fpkzen2lvJMxOvYtKVZlfVKmGJgR,0.6570012416201176,4.985002113650201,1.2634058422185632
1543800,FXLAfeY7Xqos8x4+2DlVmcLdXrJZZ62JVDY3Fpkzen2lvJMxOvYtKVZlfVKmGJgR,0.617260817366477,1.3604060406082277,0.7738893917173939
1544100,FXLAfeY7Xqos8x4+2DlVmcLdXrJZZ62JVDY3Fpkzen2lvJMxOvYtKVZlfVKmGJgR,0.6320529450426355,0.880620368361684,0.717635409912137
1544400,FXLAfeY7Xqos8x4+2DlVmcLdXrJZZ62JVDY3Fpkzen2lvJMxOvYtKVZlfVKmGJgR,0.6303464493477345,1.4232528420309007,0.7738879339344024
1544700,FXLAfeY7Xqos8x4+2DlVmcLdXrJZZ62JVDY3Fpkzen2lvJMxOvYtKVZlfVKmGJgR,0.6113996652204771,0.84548998234577,0.710954230378176
1545000,FXLAfeY7Xqos8x4+2DlVmcLdXrJZZ62JVDY3Fpkzen2lvJMxOvYtKVZlfVKmGJgR,0.6580115147281681,1.3286671414672346,0.7808217835797779
1545300,FXLAfeY7Xqos8x4+2DlVmcLdXrJZZ62JVDY3Fpkzen2lvJMxOvYtKVZlfVKmGJgR,0.6041774199883034,0.8477943679508125,0.7163447219576162
1545600,FXLAfeY7Xqos8x4+2DlVmcLdXrJZZ62JVDY3Fpkzen2lvJMxOvYtKVZlfVKmGJgR,0.6159684095879955,2.3496236610410457,0.8502882208557174
1545900,FXLAfeY7Xqos8x4+2DlVmcLdXrJZZ62JVDY3Fpkzen2lvJMxOvYtKVZlfVKmGJgR,0.6256950880830949,0.8412364567942938,0.7221506441088013
1546200,FXLAfeY7Xqos8x4+2DlVmcLdXrJZZ62JVDY3Fpkzen2lvJMxOvYtKVZlfVKmGJgR,0.6344529496433304,1.2584577294491628,0.7784234424457778
1546500,FXLAfeY7Xqos8x4+2DlVmcLdXrJZZ62JVDY3Fpkzen2lvJMxOvYtKVZlfVKmGJgR,0.6139533621141422,0.8381259021009587,0.7187193332517662
1546800,FXLAfeY7Xqos8x4+2DlVmcLdXrJZZ62JVDY3Fpkzen2lvJMxOvYtKVZlfVKmGJgR,0.6478172056008311,1.2127653666731455,0.7918762619838797
1547100,FXLAfeY7Xqos8x4+2DlVmcLdXrJZZ62JVDY3Fpkzen2lvJMxOvYtKVZlfVKmGJgR,0.6100977423476454,4.320443327666367,1.24815903180707
1547400,FXLAfeY7Xqos8x4+2DlVmcLdXrJZZ62JVDY3Fpkzen2lvJMxOvYtKVZlfVKmGJgR,0.621571840706782,1.3942451143048438,0.7742026364879488
1547700,FXLAfeY7Xqos8x4+2DlVmcLdXrJZZ62JVDY3Fpkzen2lvJMxOvYtKVZlfVKmGJgR,0.6493794051045774,1.0025896371209246,0.7467102000760348
1548000,FXLAfeY7Xqos8x4+2DlVmcLdXrJZZ62JVDY3Fpkzen2lvJMxOvYtKVZlfVKmGJgR,0.6053608657956387,1.1716356964126815,0.744690196111265
1548300,FXLAfeY7Xqos8x4+2DlVmcLdXrJZZ62JVDY3Fpkzen2lvJMxOvYtKVZlfVKmGJgR,0.6487071476118149,0.8993664490251867,0.717958180293371
1548600,FXLAfeY7Xqos8x4+2DlVmcLdXrJZZ62JVDY3Fpkzen2lvJMxOvYtKVZlfVKmGJgR,0.6253701796320725,1.5277499379046704,0.7826879454426154
1548900,FXLAfeY7Xqos8x4+2DlVmcLdXrJZZ62JVDY3Fpkzen2lvJMxOvYtKVZlfVKmGJgR,0.6275365205099322,0.8466459023275847,0.7130321188922947
1549200,FXLAfeY7Xqos8x4+2DlVmcLdXrJZZ62JVDY3Fpkzen2lvJMxOvYtKVZlfVKmGJgR,0.5979153913656835,1.977007908635587,0.9036621332832346
1549500,FXLAfeY7Xqos8x4+2DlVmcLdXrJZZ62JVDY3Fpkzen2lvJMxOvYtKVZlfVKmGJgR,0.6373081180698219,12.155655638607277,2.630169623466996
1549800,FXLAfeY7Xqos8x4+2DlVmcLdXrJZZ62JVDY3Fpkzen2lvJMxOvYtKVZlfVKmGJgR,0.6570706289194945,1.2744801678866786,0.7591584511914717
1550100,FXLAfeY7Xqos8x4+2DlVmcLdXrJZZ62JVDY3Fpkzen2lvJMxOvYtKVZlfVKmGJgR,0.6238404749685457,0.9386437964033588,0.7277452407696063
1550400,FXLAfeY7Xqos8x4+2DlVmcLdXrJZZ62JVDY3Fpkzen2lvJMxOvYtKVZlfVKmGJgR,0.61754247556263,1.4692353005142764,0.7815504524886681
1550700,FXLAfeY7Xqos8x4+2DlVmcLdXrJZZ62JVDY3Fpkzen2lvJMxOvYtKVZlfVKmGJgR,0.652934729847708,4.996296554035103,1.2884620372771185
1551000,FXLAfeY7Xqos8x4+2DlVmcLdXrJZZ62JVDY3Fpkzen2lvJMxOvYtKVZlfVKmGJgR,0.5888538012614045,1.3986039579406253,0.7618734493532728
1551300,FXLAfeY7Xqos8x4+2DlVmcLdXrJZZ62JVDY3Fpkzen2lvJMxOvYtKVZlfVKmGJgR,0.6348733787085445,0.890090156923435,0.722611122873189
1551600,FXLAfeY7Xqos8x4+2DlVmcLdXrJZZ62JVDY3Fpkzen2lvJMxOvYtKVZlfVKmGJgR,0.6046831394653462,1.4421985610937178,0.778981817200683
1551900,FXLAfeY7Xqos8x4+2DlVmcLdXrJZZ62JVDY3Fpkzen2lvJMxOvYtKVZlfVKmGJgR,0.6239366710148907,5.302389664956034,1.1268237686649107
1552200,FXLAfeY7Xqos8x4+2DlVmcLdXrJZZ62JVDY3Fpkzen2lvJMxOvYtKVZlfVKmGJgR,0.6528801737057311,1.4458033391189575,0.7770748198923115
1552500,FXLAfeY7Xqos8x4+2DlVmcLdXrJZZ62JVDY3Fpkzen2lvJMxOvYtKVZlfVKmGJgR,0.6060266202793944,0.8597389581809806,0.7088030486956096
1552800,FXLAfeY7Xqos8x4+2DlVmcLdXrJZZ62JVDY3Fpkzen2lvJMxOvYtKVZlfVKmGJgR,0.6245697035841842,1.82846086000185,0.8650580677114593
1553100,FXLAfeY7Xqos8x4+2DlVmcLdXrJZZ62JVDY3Fpkzen2lvJMxOvYtKVZlfVKmGJgR,0.6715569097644579,0.8528426562348944,0.7372405754534977
1553400,FXLAfeY7Xqos8x4+2DlVmcLdXrJZZ62JVDY3Fpkzen2lvJMxOvYtKVZlfVKmGJgR,0.6211176976510953,1.4361749216759188,0.7695472257277529
1553700,FXLAfeY7Xqos8x4+2DlVmcLdXrJZZ62JVDY3Fpkzen2lvJMxOvYtKVZlfVKmGJgR,0.6326347392927206,0.9019149541442818,0.7166464088125643
1554000,FXLAfeY7Xqos8x4+2DlVmcLdXrJZZ62JVDY3Fpkzen2lvJMxOvYtKVZlfVKmGJgR,0.6502200875886349,1.4148087053123506,0.7941064187782924
1554300,FXLAfeY7Xqos8x4+2DlVmcLdXrJZZ62JVDY3Fpkzen2lvJMxOvYtKVZlfVKmGJgR,0.6617437488257225,3.531100109785604,1.222983584810866
1554600,FXLAfeY7Xqos8x4+2DlVmcLdXrJZZ62JVDY3Fpkzen2lvJMxOvYtKVZlfVKmGJgR,0.644118070510393,1.2949992013382632,0.7684955561583695
1554900,FXLAfeY7Xqos8x4+2DlVmcLdXrJZZ62JVDY3Fpkzen2lvJMxOvYtKVZlfVKmGJgR,0.6602259280315484,0.896998544052152,0.7541402572866811
1555200,FXLAfeY7Xqos8x4+2DlVmcLdXrJZZ62JVDY3Fpkzen2lvJMxOvYtKVZlfVKmGJgR,0.667223362370773,1.0170801761810508,0.7615099311558287
1555500,FXLAfeY7Xqos8x4+2DlVmcLdXrJZZ62JVDY3Fpkzen2lvJMxOvYtKVZlfVKmGJgR,0.6156105488909702,0.878514774951205,0.7043493200464177
1555800,FXLAfeY7Xqos8x4+2DlVmcLdXrJZZ62JVDY3Fpkzen2lvJMxOvYtKVZlfVKmGJgR,0.6715840020863346,1.4099238021353306,0.7950208900806301
1556100,FXLAfeY7Xqos8x4+2DlVmcLdXrJZZ62JVDY3Fpkzen2lvJMxOvYtKVZlfVKmGJgR,0.6478984131766079,0.7968001455633276,0.7071361408300163
1556400,FXLAfeY7Xqos8x4+2DlVmcLdXrJZZ62JVDY3Fpkzen2lvJMxOvYtKVZlfVKmGJgR,0.6198149329690505,2.047062565585504,0.8905789665126201
1556700,FXLAfeY7Xqos8x4+2DlVmcLdXrJZZ62JVDY3Fpkzen2lvJMxOvYtKVZlfVKmGJgR,0.6194167735510214,0.8583532373299011,0.7286585892025615
1557000,FXLAfeY7Xqos8x4+2DlVmcLdXrJZZ62JVDY3Fpkzen2lvJMxOvYtKVZlfVKmGJgR,0.6362527919675158,1.263755335375008,0.7663172451319505
1557300,FXLAfeY7Xqos8x4+2DlVmcLdXrJZZ62JVDY3Fpkzen2lvJMxOvYtKVZlfVKmGJgR,0.6374091654021099,0.8883542389464578,0.7173936509253501
1557600,FXLAfeY7Xqos8x4+2DlVmcLdXrJZZ62JVDY3Fpkzen2lvJMxOvYtKVZlfVKmGJgR,0.6696369620098885,1.2484178714763374,0.7885112282824527
1557900,FXLAfeY7Xqos8x4+2DlVmcLdXrJZZ62JVDY3Fpkzen2lvJMxOvYtKVZlfVKmGJgR,0.6561585385093716,4.44362387444567,1.301998193448048
1558200,FXLAfeY7Xqos8x4+2DlVmcLdXrJZZ62JVDY3Fpkzen2lvJMxOvYtKVZlfVKmGJgR,0.644780086285662,1.299281007371497,0.7719149171245101
1558500,FXLAfeY7Xqos8x4+2DlVmcLdXrJZZ62JVDY3Fpkzen2lvJMxOvYtKVZlfVKmGJgR,0.616930949333849,0.9020923177021892,0.7257080036544912
1558800,FXLAfeY7Xqos8x4+2DlVmcLdXrJZZ62JVDY3Fpkzen2lvJMxOvYtKVZlfVKmGJgR,0.6075171711079111,1.2395809283266033,0.772942167522708
1559100,FXLAfeY7Xqos8x4+2DlVmcLdXrJZZ62JVDY3Fpkzen2lvJMxOvYtKVZlfVKmGJgR,0.6538169051689913,0.7964051889422474,0.7133737979254832
1559400,FXLAfeY7Xqos8x4+2DlVmcLdXrJZZ62JVDY3Fpkzen2lvJMxOvYtKVZlfVKmGJgR,0.6358260738255741,1.3984327072963554,0.7865664838071775
1559700,FXLAfeY7Xqos8x4+2DlVmcLdXrJZZ62JVDY3Fpkzen2lvJMxOvYtKVZlfVKmGJgR,0.6525137919363637,0.828272046388192,0.7206650858733955
1560000,FXLAfeY7Xqos8x4+2DlVmcLdXrJZZ62JVDY3Fpkzen2lvJMxOvYtKVZlfVKmGJgR,0.6012672244435688,1.5787525335989383,0.8514780541876042
1560300,FXLAfeY7Xqos8x4+2DlVmcLdXrJZZ62JVDY3Fpkzen2lvJMxOvYtKVZlfVKmGJgR,0.6649608204233368,10.304731974074164,1.5997562268506027
1560600,FXLAfeY7Xqos8x4+2DlVmcLdXrJZZ62JVDY3Fpkzen2lvJMxOvYtKVZlfVKmGJgR,0.6468557248679183,1.240188112297566,0.7808714906758413
1560900,FXLAfeY7Xqos8x4+2DlVmcLdXrJZZ62JVDY3Fpkzen2lvJMxOvYtKVZlfVKmGJgR,0.6185586328167765,0.8456425208025715,0.722735647588918
1561200,FXLAfeY7Xqos8x4+2DlVmcLdXrJZZ62JVDY3Fpkzen2lvJMxOvYtKVZlfVKmGJgR,0.6289709677406986,1.546954427003196,0.8025782603131433
1561500,FXLAfeY7Xqos8x4+2DlVmcLdXrJZZ62JVDY3Fpkzen2lvJMxOvYtKVZlfVKmGJgR,0.5903295351713365,2.885071885846747,0.9213510556130712
1561800,FXLAfeY7Xqos8x4+2DlVmcLdXrJZZ62JVDY3Fpkzen2lvJMxOvYtKVZlfVKmGJgR,0.6261331614268881,3.920140951153346,1.0557580799940118
1562100,FXLAfeY7Xqos8x4+2DlVmcLdXrJZZ62JVDY3Fpkzen2lvJMxOvYtKVZlfVKmGJgR,0.6458319470876972,0.9006933031733299,0.745780555424655
1562400,FXLAfeY7Xqos8x4+2DlVmcLdXrJZZ62JVDY3Fpkzen2lvJMxOvYtKVZlfVKmGJgR,0.6450478289251931,0.9399442017606668,0.7465433731743929
1562700,FXLAfeY7Xqos8x4+2DlVmcLdXrJZZ62JVDY3Fpkzen2lvJMxOvYtKVZlfVKmGJgR,0.623404354528168,0.8291685298379702,0.7174394759603604
1563000,FXLAfeY7Xqos8x4+2DlVmcLdXrJZZ62JVDY3Fpkzen2lvJMxOvYtKVZlfVKmGJgR,0.6080864797120894,1.356390203890377,0.7866707217685001
1563300,FXLAfeY7Xqos8x4+2DlVmcLdXrJZZ62JVDY3Fpkzen2lvJMxOvYtKVZlfVKmGJgR,0.6178104270799486,0.845685456454992,0.7085893064636682
1563600,FXLAfeY7Xqos8x4+2DlVmcLdXrJZZ62JVDY3Fpkzen2lvJMxOvYtKVZlfVKmGJgR,0.6061281019225727,1.9718759225228013,0.9124613114963056
1563900,FXLAfeY7Xqos8x4+2DlVmcLdXrJZZ62JVDY3Fpkzen2lvJMxOvYtKVZlfVKmGJgR,0.6304402569038614,0.8914029139924513,0.7368803832112099
1564200,FXLAfeY7Xqos8x4+2DlVmcLdXrJZZ62JVDY3Fpkzen2lvJMxOvYtKVZlfVKmGJgR,0.6044515915537958,1.3411535893384836,0.7684523642467466
1564500,FXLAfeY7Xqos8x4+2DlVmcLdXrJZZ62JVDY3Fpkzen2lvJMxOvYtKVZlfVKmGJgR,0.6419675655496814,0.831180028567323,0.7237537119182323
1564800,FXLAfeY7Xqos8x4+2DlVmcLdXrJZZ62JVDY3Fpkzen2lvJMxOvYtKVZlfVKmGJgR,0.6468190697030392,7.98208823438765,2.49771812326923
1565100,FXLAfeY7Xqos8x4+2DlVmcLdXrJZZ62JVDY3Fpkzen2lvJMxOvYtKVZlfVKmGJgR,0.6218019062282962,3.789556315712413,1.0109115504439328
1565400,FXLAfeY7Xqos8x4+2DlVmcLdXrJZZ62JVDY3Fpkzen2lvJMxOvYtKVZlfVKmGJgR,0.6259706629207042,4.453507699709776,1.2656252230358689
1565700,FXLAfeY7Xqos8x4+2DlVmcLdXrJZZ62JVDY3Fpkzen2lvJMxOvYtKVZlfVKmGJgR,0.640188693298852,0.9087792525155312,0.7290914078655955
1566000,FXLAfeY7Xqos8x4+2DlVmcLdXrJZZ62JVDY3Fpkzen2lvJMxOvYtKVZlfVKmGJgR,0.6170420561537387,1.4788518822805328,0.7872734269500282
1566300,FXLAfeY7Xqos8x4+2DlVmcLdXrJZZ62JVDY3Fpkzen2lvJMxOvYtKVZlfVKmGJgR,0.6078709908784035,0.865131434570695,0.7118040316493159
1566600,FXLAfeY7Xqos8x4+2DlVmcLdXrJZZ62JVDY3Fpkzen2lvJMxOvYtKVZlfVKmGJgR,0.6526718524628115,1.3874148858950044,0.7879825807948811
1566900,FXLAfeY7Xqos8x4+2DlVmcLdXrJZZ62JVDY3Fpkzen2lvJMxOvYtKVZlfVKmGJgR,0.6192383166501181,1.0357643193277029,0.7397948780769716
1567200,FXLAfeY7Xqos8x4+2DlVmcLdXrJZZ62JVDY3Fpkzen2lvJMxOvYtKVZlfVKmGJgR,0.5897638754115963,2.5629874510548736,1.1502373525074394
1567500,FXLAfeY7Xqos8x4+2DlVmcLdXrJZZ62JVDY3Fpkzen2lvJMxOvYtKVZlfVKmGJgR,0.651884580590742,0.9276935055201402,0.7367313091794974
1567800,FXLAfeY7Xqos8x4+2DlVmcLdXrJZZ62JVDY3Fpkzen2lvJMxOvYtKVZlfVKmGJgR,0.6087102154183792,1.4638798907259725,0.7840007757439466
1568100,FXLAfeY7Xqos8x4+2DlVmcLdXrJZZ62JVDY3Fpkzen2lvJMxOvYtKVZlfVKmGJgR,0.6234135717134561,0.8387839650945885,0.7227520787825494
1568400,FXLAfeY7Xqos8x4+2DlVmcLdXrJZZ62JVDY3Fpkzen2lvJMxOvYtKVZlfVKmGJgR,0.6747169066108892,94.89984338174892,59.310262932550565
1568700,FXLAfeY7Xqos8x4+2DlVmcLdXrJZZ62JVDY3Fpkzen2lvJMxOvYtKVZlfVKmGJgR,0.653500243259202,94.22046516014291,51.32076683090613
1569000,FXLAfeY7Xqos8x4+2DlVmcLdXrJZZ62JVDY3Fpkzen2lvJMxOvYtKVZlfVKmGJgR,0.6646489987145756,4.488045054357172,1.3301913192015546
1569300,FXLAfeY7Xqos8x4+2DlVmcLdXrJZZ62JVDY3Fpkzen2lvJMxOvYtKVZlfVKmGJgR,0.6802054184846325,1.0212765327670346,0.7729795954694622
1569600,FXLAfeY7Xqos8x4+2DlVmcLdXrJZZ62JVDY3Fpkzen2lvJMxOvYtKVZlfVKmGJgR,0.634916389918652,1.2845996599819531,0.7831567523449501
1569900,FXLAfeY7Xqos8x4+2DlVmcLdXrJZZ62JVDY3Fpkzen2lvJMxOvYtKVZlfVKmGJgR,0.6117628937155044,0.9055675981439804,0.7181185956667042
1570200,FXLAfeY7Xqos8x4+2DlVmcLdXrJZZ62JVDY3Fpkzen2lvJMxOvYtKVZlfVKmGJgR,0.6706488906408685,1.29842529587391,0.792402703398751
1570500,FXLAfeY7Xqos8x4+2DlVmcLdXrJZZ62JVDY3Fpkzen2lvJMxOvYtKVZlfVKmGJgR,0.6178940746755561,0.8515038624646037,0.7203099326375503
1570800,FXLAfeY7Xqos8x4+2DlVmcLdXrJZZ62JVDY3Fpkzen2lvJMxOvYtKVZlfVKmGJgR,0.623031086033837,1.900420383498001,0.8922708228107149
1571100,FXLAfeY7Xqos8x4+2DlVmcLdXrJZZ62JVDY3Fpkzen2lvJMxOvYtKVZlfVKmGJgR,0.6235874882380901,0.8660980283096608,0.743498395406689
1571400,FXLAfeY7Xqos8x4+2DlVmcLdXrJZZ62JVDY3Fpkzen2lvJMxOvYtKVZlfVKmGJgR,0.6403700215975552,1.42996478566635,0.777727978132402
1571700,FXLAfeY7Xqos8x4+2DlVmcLdXrJZZ62JVDY3Fpkzen2lvJMxOvYtKVZlfVKmGJgR,0.6618223649920588,0.9136522986375578,0.729048464901242
1572000,FXLAfeY7Xqos8x4+2DlVmcLdXrJZZ62JVDY3Fpkzen2lvJMxOvYtKVZlfVKmGJgR,0.583344566467523,0.8797891415220068,0.7360936234961521
1572300,FXLAfeY7Xqos8x4+2DlVmcLdXrJZZ62JVDY3Fpkzen2lvJMxOvYtKVZlfVKmGJgR,0.6433501043785061,0.8697127826283731,0.7201268084827405
1572600,FXLAfeY7Xqos8x4+2DlVmcLdXrJZZ62JVDY3Fpkzen2lvJMxOvYtKVZlfVKmGJgR,0.6297775391146053,4.450742475448905,1.3541805633498512
1572900,FXLAfeY7Xqos8x4+2DlVmcLdXrJZZ62JVDY3Fpkzen2lvJMxOvYtKVZlfVKmGJgR,0.6548401499978667,0.8379259398646204,0.7231958991615737
1573200,FXLAfeY7Xqos8x4+2DlVmcLdXrJZZ62JVDY3Fpkzen2lvJMxOvYtKVZlfVKmGJgR,0.5984194697065027,1.2649693125445625,0.7722064426179998
1573500,FXLAfeY7Xqos8x4+2DlVmcLdXrJZZ62JVDY3Fpkzen2lvJMxOvYtKVZlfVKmGJgR,0.6137056888208378,0.8370664892067287,0.7113730667738458
1573800,FXLAfeY7Xqos8x4+2DlVmcLdXrJZZ62JVDY3Fpkzen2lvJMxOvYtKVZlfVKmGJgR,0.6187285403362042,1.433482326546112,0.7866063324725688
1574100,FXLAfeY7Xqos8x4+2DlVmcLdXrJZZ62JVDY3Fpkzen2lvJMxOvYtKVZlfVKmGJgR,0.6319243107365629,0.8462616083051244,0.7158593255653626
1574400,FXLAfeY7Xqos8x4+2DlVmcLdXrJZZ62JVDY3Fpkzen2lvJMxOvYtKVZlfVKmGJgR,0.595976007307219,1.8564217597306945,0.8476190679626798
1574700,FXLAfeY7Xqos8x4+2DlVmcLdXrJZZ62JVDY3Fpkzen2lvJMxOvYtKVZlfVKmGJgR,0.661629373044018,0.8653930193086455,0.7363998492996606
1575000,FXLAfeY7Xqos8x4+2DlVmcLdXrJZZ62JVDY3Fpkzen2lvJMxOvYtKVZlfVKmGJgR,0.6243997463957583,1.499835451281173,0.7795419243742397
1575300,FXLAfeY7Xqos8x4+2DlVmcLdXrJZZ62JVDY3Fpkzen2lvJMxOvYtKVZlfVKmGJgR,0.6072368225842064,0.8949305305493737,0.7297580601369992
1575600,FXLAfeY7Xqos8x4+2DlVmcLdXrJZZ62JVDY3Fpkzen2lvJMxOvYtKVZlfVKmGJgR,0.6367402608284612,1.5207095796945351,0.7872645125552069
1575900,FXLAfeY7Xqos8x4+2DlVmcLdXrJZZ62JVDY3Fpkzen2lvJMxOvYtKVZlfVKmGJgR,0.638264183482296,0.8365575035024286,0.7181048463660977
1576200,FXLAfeY7Xqos8x4+2DlVmcLdXrJZZ62JVDY3Fpkzen2lvJMxOvYtKVZlfVKmGJgR,0.590299862528767,4.989072447300657,1.3179432564511289
1576500,FXLAfeY7Xqos8x4+2DlVmcLdXrJZZ62JVDY3Fpkzen2lvJMxOvYtKVZlfVKmGJgR,0.6527163018363215,0.8736908530725735,0.7548751408441225
1576800,FXLAfeY7Xqos8x4+2DlVmcLdXrJZZ62JVDY3Fpkzen2lvJMxOvYtKVZlfVKmGJgR,0.6136064126535252,1.2640491094349502,0.7671113949980884
1577100,FXLAfeY7Xqos8x4+2DlVmcLdXrJZZ62JVDY3Fpkzen2lvJMxOvYtKVZlfVKmGJgR,0.6109037977633984,0.8130762067636703,0.7209972420801463
1577400,FXLAfeY7Xqos8x4+2DlVmcLdXrJZZ62JVDY3Fpkzen2lvJMxOvYtKVZlfVKmGJgR,0.6647079570400402,1.354759409976372,0.7871699550569967
1577700,FXLAfeY7Xqos8x4+2DlVmcLdXrJZZ62JVDY3Fpkzen2lvJMxOvYtKVZlfVKmGJgR,0.6336285796841005,0.8639464645548558,0.726173816531422
1578000,FXLAfeY7Xqos8x4+2DlVmcLdXrJZZ62JVDY3Fpkzen2lvJMxOvYtKVZlfVKmGJgR,0.6349458451306068,1.6637888917266543,0.8022657473799839
1578300,FXLAfeY7Xqos8x4+2DlVmcLdXrJZZ62JVDY3Fpkzen2lvJMxOvYtKVZlfVKmGJgR,0.6767238966908151,1.286630043037662,0.789514057101178
1578600,FXLAfeY7Xqos8x4+2DlVmcLdXrJZZ62JVDY3Fpkzen2lvJMxOvYtKVZlfVKmGJgR,0.609124917416809,0.8937475192022332,0.7087786596466124
1578900,FXLAfeY7Xqos8x4+2DlVmcLdXrJZZ62JVDY3Fpkzen2lvJMxOvYtKVZlfVKmGJgR,0.6076564988175106,1.4393098233956372,0.7847374809750808
1579200,FXLAfeY7Xqos8x4+2DlVmcLdXrJZZ62JVDY3Fpkzen2lvJMxOvYtKVZlfVKmGJgR,0.6544341284005654,0.8939399032484106,0.7328846608549178
1579500,FXLAfeY7Xqos8x4+2DlVmcLdXrJZZ62JVDY3Fpkzen2lvJMxOvYtKVZlfVKmGJgR,0.5981468887248296,1.457046218796436,0.77066598245749
1579800,FXLAfeY7Xqos8x4+2DlVmcLdXrJZZ62JVDY3Fpkzen2lvJMxOvYtKVZlfVKmGJgR,0.6274566687581888,4.453434340064302,1.247259423514413
1580100,FXLAfeY7Xqos8x4+2DlVmcLdXrJZZ62JVDY3Fpkzen2lvJMxOvYtKVZlfVKmGJgR,0.6432941794721255,0.908970178867312,0.7236735744906142
1580400,FXLAfeY7Xqos8x4+2DlVmcLdXrJZZ62JVDY3Fpkzen2lvJMxOvYtKVZlfVKmGJgR,0.6109763010092721,0.9127094258689898,0.7145895230021799
1580700,FXLAfeY7Xqos8x4+2DlVmcLdXrJZZ62JVDY3Fpkzen2lvJMxOvYtKVZlfVKmGJgR,0.619297522234392,1.2718721030147833,0.7724428758224393
1581000,FXLAfeY7Xqos8x4+2DlVmcLdXrJZZ62JVDY3Fpkzen2lvJMxOvYtKVZlfVKmGJgR,0.6315790455786402,0.8697377533751299,0.7234769350621719
1581300,FXLAfeY7Xqos8x4+2DlVmcLdXrJZZ62JVDY3Fpkzen2lvJMxOvYtKVZlfVKmGJgR,0.6469542149455569,1.2899186350915643,0.7803960876198123
1581600,FXLAfeY7Xqos8x4+2DlVmcLdXrJZZ62JVDY3Fpkzen2lvJMxOvYtKVZlfVKmGJgR,0.596254045571283,1.928725200093969,0.7873668036615723
1581900,FXLAfeY7Xqos8x4+2DlVmcLdXrJZZ62JVDY3Fpkzen2lvJMxOvYtKVZlfVKmGJgR,0.6826257861803019,11.188190565210252,1.694593376884694
1582200,FXLAfeY7Xqos8x4+2DlVmcLdXrJZZ62JVDY3Fpkzen2lvJMxOvYtKVZlfVKmGJgR,0.6129656732471785,0.8833509457342433,0.7114387948354916
1582500,FXLAfeY7Xqos8x4+2DlVmcLdXrJZZ62JVDY3Fpkzen2lvJMxOvYtKVZlfVKmGJgR,0.6300223830697557,1.4528385139408813,0.7777356748371576
1582800,FXLAfeY7Xqos8x4+2DlVmcLdXrJZZ62JVDY3Fpkzen2lvJMxOvYtKVZlfVKmGJgR,0.6660803320826276,22.88969344057033,6.363525134582284
1583100,FXLAfeY7Xqos8x4+2DlVmcLdXrJZZ62JVDY3Fpkzen2lvJMxOvYtKVZlfVKmGJgR,0.6452266118024675,1.061144007021095,0.7866601689488368
1583400,FXLAfeY7Xqos8x4+2DlVmcLdXrJZZ62JVDY3Fpkzen2lvJMxOvYtKVZlfVKmGJgR,0.5566508565885021,4.230170960937993,1.2331482460636267
1583700,FXLAfeY7Xqos8x4+2DlVmcLdXrJZZ62JVDY3Fpkzen2lvJMxOvYtKVZlfVKmGJgR,0.6564529669354513,1.813706628097832,0.8542682166588178
1584000,FXLAfeY7Xqos8x4+2DlVmcLdXrJZZ62JVDY3Fpkzen2lvJMxOvYtKVZlfVKmGJgR,0.5947286457450512,0.9126082376535636,0.7083519308443652
1584300,FXLAfeY7Xqos8x4+2DlVmcLdXrJZZ62JVDY3Fpkzen2lvJMxOvYtKVZlfVKmGJgR,0.6264485087105655,1.224764201001503,0.7603230655555115
1584600,FXLAfeY7Xqos8x4+2DlVmcLdXrJZZ62JVDY3Fpkzen2lvJMxOvYtKVZlfVKmGJgR,0.6275378182658878,1.0651357139754247,0.7622677408677008
1584900,FXLAfeY7Xqos8x4+2DlVmcLdXrJZZ62JVDY3Fpkzen2lvJMxOvYtKVZlfVKmGJgR,0.6145097976113184,1.3260383189295282,0.7730040978943467
1585200,FXLAfeY7Xqos8x4+2DlVmcLdXrJZZ62JVDY3Fpkzen2lvJMxOvYtKVZlfVKmGJgR,0.5968752128752361,1.4787207065428034,0.796898135158261
1585500,FXLAfeY7Xqos8x4+2DlVmcLdXrJZZ62JVDY3Fpkzen2lvJMxOvYtKVZlfVKmGJgR,0.6625725954016769,1.0743696922597803,0.797509896214072
1585800,FXLAfeY7Xqos8x4+2DlVmcLdXrJZZ62JVDY3Fpkzen2lvJMxOvYtKVZlfVKmGJgR,0.5742549497243705,0.8660427558782196,0.7168728366746587
1586100,FXLAfeY7Xqos8x4+2DlVmcLdXrJZZ62JVDY3Fpkzen2lvJMxOvYtKVZlfVKmGJgR,0.6101975396967401,1.2121460951989629,0.7677839953225731
1586400,FXLAfeY7Xqos8x4+2DlVmcLdXrJZZ62JVDY3Fpkzen2lvJMxOvYtKVZlfVKmGJgR,0.6350924169681526,0.8736252532122054,0.7340316166138172
1586700,FXLAfeY7Xqos8x4+2DlVmcLdXrJZZ62JVDY3Fpkzen2lvJMxOvYtKVZlfVKmGJgR,0.6296031549479115,1.311707379163335,0.775673652182883
1587000,FXLAfeY7Xqos8x4+2DlVmcLdXrJZZ62JVDY3Fpkzen2lvJMxOvYtKVZlfVKmGJgR,0.6340359094025648,0.830974226006268,0.714820501767382
1587300,FXLAfeY7Xqos8x4+2DlVmcLdXrJZZ62JVDY3Fpkzen2lvJMxOvYtKVZlfVKmGJgR,0.6413898503787547,4.406656787701358,1.3392572166766683
1587600,FXLAfeY7Xqos8x4+2DlVmcLdXrJZZ62JVDY3Fpkzen2lvJMxOvYtKVZlfVKmGJgR,0.5946792980594887,0.8966478724219265,0.719840976204462
1587900,FXLAfeY7Xqos8x4+2DlVmcLdXrJZZ62JVDY3Fpkzen2lvJMxOvYtKVZlfVKmGJgR,0.6220490520058936,0.8490021235059743,0.7193907504556925
1588200,Vvbj0IJzrk87L+EQhckyU53oLo+2tW+uHovl89ovDKL4uS3kLnvVbxOnVZiFrHc0,0.3556003019268813,3.2614592624107064,0.7801671072120457
1588500,Vvbj0IJzrk87L+EQhckyU53oLo+2tW+uHovl89ovDKL4uS3kLnvVbxOnVZiFrHc0,0.3911568021211233,4.697160897159152,1.57522011501044
1588800,Vvbj0IJzrk87L+EQhckyU53oLo+2tW+uHovl89ovDKL4uS3kLnvVbxOnVZiFrHc0,0.3521674820057805,0.5672456318824539,0.4384141400321764
1589100,Vvbj0IJzrk87L+EQhckyU53oLo+2tW+uHovl89ovDKL4uS3kLnvVbxOnVZiFrHc0,0.3947444092609893,11.333514176951164,1.670821070863879
1589400,Vvbj0IJzrk87L+EQhckyU53oLo+2tW+uHovl89ovDKL4uS3kLnvVbxOnVZiFrHc0,0.4025679142694008,0.73355035453438,0.5047485250278347
1589700,Vvbj0IJzrk87L+EQhckyU53oLo+2tW+uHovl89ovDKL4uS3kLnvVbxOnVZiFrHc0,0.3796703466430644,0.6104079305514089,0.472216495651892
1590000,Vvbj0IJzrk87L+EQhckyU53oLo+2tW+uHovl89ovDKL4uS3kLnvVbxOnVZiFrHc0,0.3529214708628747,0.8350606368415388,0.4949600141331688
1590300,Vvbj0IJzrk87L+EQhckyU53oLo+2tW+uHovl89ovDKL4uS3kLnvVbxOnVZiFrHc0,0.378239613760165,0.7808160833977864,0.483952541751337
1590600,Vvbj0IJzrk87L+EQhckyU53oLo+2tW+uHovl89ovDKL4uS3kLnvVbxOnVZiFrHc0,0.3795668906638604,0.6075774413268755,0.456573633379832
1590900,Vvbj0IJzrk87L+EQhckyU53oLo+2tW+uHovl89ovDKL4uS3kLnvVbxOnVZiFrHc0,0.3635700728037654,0.5922490687133805,0.4497150094144058
1591200,Vvbj0IJzrk87L+EQhckyU53oLo+2tW+uHovl89ovDKL4uS3kLnvVbxOnVZiFrHc0,0.3664790125871554,0.7405165412024326,0.4629814846136303
1591500,Vvbj0IJzrk87L+EQhckyU53oLo+2tW+uHovl89ovDKL4uS3kLnvVbxOnVZiFrHc0,0.3733233643205888,0.588610414511273,0.4496745385476616
1591800,Vvbj0IJzrk87L+EQhckyU53oLo+2tW+uHovl89ovDKL4uS3kLnvVbxOnVZiFrHc0,0.3814340099566506,0.5787653116054623,0.471915242325753
1592100,Vvbj0IJzrk87L+EQhckyU53oLo+2tW+uHovl89ovDKL4uS3kLnvVbxOnVZiFrHc0,0.3801934061042735,4.383196993739017,1.8182918677776676
1592400,Vvbj0IJzrk87L+EQhckyU53oLo+2tW+uHovl89ovDKL4uS3kLnvVbxOnVZiFrHc0,0.3717597588062514,0.5870128652287075,0.4486058923219359
1592700,Vvbj0IJzrk87L+EQhckyU53oLo+2tW+uHovl89ovDKL4uS3kLnvVbxOnVZiFrHc0,0.3875105495126968,11.692591519898786,1.6919244849021016
1593000,Vvbj0IJzrk87L+EQhckyU53oLo+2tW+uHovl89ovDKL4uS3kLnvVbxOnVZiFrHc0,0.3809480981504005,0.7642407576644115,0.478296841691177
1593300,Vvbj0IJzrk87L+EQhckyU53oLo+2tW+uHovl89ovDKL4uS3kLnvVbxOnVZiFrHc0,0.368893783651691,0.6099482359941071,0.469382117413958
1593600,Vvbj0IJzrk87L+EQhckyU53oLo+2tW+uHovl89ovDKL4uS3kLnvVbxOnVZiFrHc0,0.3826506064691699,0.820885021606579,0.499441306251999
1593900,Vvbj0IJzrk87L+EQhckyU53oLo+2tW+uHovl89ovDKL4uS3kLnvVbxOnVZiFrHc0,0.3692879616358065,0.812168235667309,0.4831407194020032
1594200,Vvbj0IJzrk87L+EQhckyU53oLo+2tW+uHovl89ovDKL4uS3kLnvVbxOnVZiFrHc0,0.3684160886560742,0.5973188739374973,0.448825341943598
1594500,Vvbj0IJzrk87L+EQhckyU53oLo+2tW+uHovl89ovDKL4uS3kLnvVbxOnVZiFrHc0,0.3721910692149131,0.5900000297138928,0.4614782190655407
1594800,Vvbj0IJzrk87L+EQhckyU53oLo+2tW+uHovl89ovDKL4uS3kLnvVbxOnVZiFrHc0,0.381999772062395,0.7649035471096882,0.469063499403843
1595100,Vvbj0IJzrk87L+EQhckyU53oLo+2tW+uHovl89ovDKL4uS3kLnvVbxOnVZiFrHc0,0.3572336997591523,0.5881707848686512,0.4373445228904294
1595400,Vvbj0IJzrk87L+EQhckyU53oLo+2tW+uHovl89ovDKL4uS3kLnvVbxOnVZiFrHc0,0.3698389302637477,0.6067816618624964,0.456124753840682
1595700,Vvbj0IJzrk87L+EQhckyU53oLo+2tW+uHovl89ovDKL4uS3kLnvVbxOnVZiFrHc0,0.3848149945529112,4.422158285413752,1.834870000794716
1596000,Vvbj0IJzrk87L+EQhckyU53oLo+2tW+uHovl89ovDKL4uS3kLnvVbxOnVZiFrHc0,0.3623559076802768,0.5775474940663686,0.4571113444208299
1596300,Vvbj0IJzrk87L+EQhckyU53oLo+2tW+uHovl89ovDKL4uS3kLnvVbxOnVZiFrHc0,0.3735321453734816,10.84105943092038,1.6835613155059446
1596600,Vvbj0IJzrk87L+EQhckyU53oLo+2tW+uHovl89ovDKL4uS3kLnvVbxOnVZiFrHc0,0.3718590290704187,0.7638167548132212,0.4752787611122988
1596900,Vvbj0IJzrk87L+EQhckyU53oLo+2tW+uHovl89ovDKL4uS3kLnvVbxOnVZiFrHc0,0.3747130193559918,0.616544852802453,0.4623591647887308
1597200,Vvbj0IJzrk87L+EQhckyU53oLo+2tW+uHovl89ovDKL4uS3kLnvVbxOnVZiFrHc0,0.3679513090566705,0.8152636068771482,0.4868035897170374
1597500,Vvbj0IJzrk87L+EQhckyU53oLo+2tW+uHovl89ovDKL4uS3kLnvVbxOnVZiFrHc0,0.3682512448384266,0.7455674394926828,0.4761492461170475
1597800,Vvbj0IJzrk87L+EQhckyU53oLo+2tW+uHovl89ovDKL4uS3kLnvVbxOnVZiFrHc0,0.3597189524256398,0.6031184853159098,0.4472188625191048
1598100,Vvbj0IJzrk87L+EQhckyU53oLo+2tW+uHovl89ovDKL4uS3kLnvVbxOnVZiFrHc0,0.3444034235120686,0.5653450575327496,0.4425302814511104
1598400,Vvbj0IJzrk87L+EQhckyU53oLo+2tW+uHovl89ovDKL4uS3kLnvVbxOnVZiFrHc0,0.3763364182385236,0.7198275690822816,0.4565224112232085
1598700,Vvbj0IJzrk87L+EQhckyU53oLo+2tW+uHovl89ovDKL4uS3kLnvVbxOnVZiFrHc0,0.3669603280727905,0.5867200652855468,0.4385196231128872
1599000,Vvbj0IJzrk87L+EQhckyU53oLo+2tW+uHovl89ovDKL4uS3kLnvVbxOnVZiFrHc0,0.361176680557696,0.7040382485640015,0.4512188932782421
1599300,Vvbj0IJzrk87L+EQhckyU53oLo+2tW+uHovl89ovDKL4uS3kLnvVbxOnVZiFrHc0,0.3695468200216741,1.8340994122715144,0.5903356332799203
1599600,Vvbj0IJzrk87L+EQhckyU53oLo+2tW+uHovl89ovDKL4uS3kLnvVbxOnVZiFrHc0,0.3667344451150207,5.120707188636141,1.680525511437083
1599900,Vvbj0IJzrk87L+EQhckyU53oLo+2tW+uHovl89ovDKL4uS3kLnvVbxOnVZiFrHc0,0.3535683855941715,11.744470652715394,1.797453707404305
1600200,Vvbj0IJzrk87L+EQhckyU53oLo+2tW+uHovl89ovDKL4uS3kLnvVbxOnVZiFrHc0,0.3848437472756208,0.6146195578925516,0.4795943160120012
1600500,Vvbj0IJzrk87L+EQhckyU53oLo+2tW+uHovl89ovDKL4uS3kLnvVbxOnVZiFrHc0,0.3763243935604631,0.5914096811181369,0.4554125182565914
1600800,Vvbj0IJzrk87L+EQhckyU53oLo+2tW+uHovl89ovDKL4uS3kLnvVbxOnVZiFrHc0,0.3718675529510011,0.807170778677226,0.4892085560582684
1601100,Vvbj0IJzrk87L+EQhckyU53oLo+2tW+uHovl89ovDKL4uS3kLnvVbxOnVZiFrHc0,0.3860199968490476,0.5970925930959822,0.4595234773097405
1601400,Vvbj0IJzrk87L+EQhckyU53oLo+2tW+uHovl89ovDKL4uS3kLnvVbxOnVZiFrHc0,0.3763932816121926,0.6035521778784025,0.4606055903229127
1601700,Vvbj0IJzrk87L+EQhckyU53oLo+2tW+uHovl89ovDKL4uS3kLnvVbxOnVZiFrHc0,0.3787386797317711,0.699842564465517,0.4506853025266375
1602000,Vvbj0IJzrk87L+EQhckyU53oLo+2tW+uHovl89ovDKL4uS3kLnvVbxOnVZiFrHc0,0.3758508935757985,0.5892809952173363,0.4629276043712438
1602300,Vvbj0IJzrk87L+EQhckyU53oLo+2tW+uHovl89ovDKL4uS3kLnvVbxOnVZiFrHc0,0.3563737116899071,0.6084472397906626,0.4367886416155632
1602600,Vvbj0IJzrk87L+EQhckyU53oLo+2tW+uHovl89ovDKL4uS3kLnvVbxOnVZiFrHc0,0.3682935019447624,0.7110576489321969,0.4578258915656868
1602900,Vvbj0IJzrk87L+EQhckyU53oLo+2tW+uHovl89ovDKL4uS3kLnvVbxOnVZiFrHc0,0.3712993654947074,0.5599909257323769,0.4471180371115653
1603200,Vvbj0IJzrk87L+EQhckyU53oLo+2tW+uHovl89ovDKL4uS3kLnvVbxOnVZiFrHc0,0.3651826977718659,4.416862876844782,1.8067708382114396
1603500,Vvbj0IJzrk87L+EQhckyU53oLo+2tW+uHovl89ovDKL4uS3kLnvVbxOnVZiFrHc0,0.3677980777997089,11.47924429105694,1.562951762865173
1603800,Vvbj0IJzrk87L+EQhckyU53oLo+2tW+uHovl89ovDKL4uS3kLnvVbxOnVZiFrHc0,0.4102537939026801,1.5995145625782778,0.6183039873960682
1604100,Vvbj0IJzrk87L+EQhckyU53oLo+2tW+uHovl89ovDKL4uS3kLnvVbxOnVZiFrHc0,0.3791766043593967,3.421371700257737,0.7862676880692824
1604400,Vvbj0IJzrk87L+EQhckyU53oLo+2tW+uHovl89ovDKL4uS3kLnvVbxOnVZiFrHc0,0.383561213026997,0.7691843588280876,0.4798613790884632
1604700,Vvbj0IJzrk87L+EQhckyU53oLo+2tW+uHovl89ovDKL4uS3kLnvVbxOnVZiFrHc0,0.3761545934623598,0.5774926627289673,0.4562788104668917
1605000,Vvbj0IJzrk87L+EQhckyU53oLo+2tW+uHovl89ovDKL4uS3kLnvVbxOnVZiFrHc0,0.3650413075272963,0.5850123156550949,0.4590084378782101
1605300,Vvbj0IJzrk87L+EQhckyU53oLo+2tW+uHovl89ovDKL4uS3kLnvVbxOnVZiFrHc0,0.359090716850785,0.7282933483831602,0.453941318512354
1605600,Vvbj0IJzrk87L+EQhckyU53oLo+2tW+uHovl89ovDKL4uS3kLnvVbxOnVZiFrHc0,0.3750167189402504,0.6101386947373213,0.4625677610061716
1605900,Vvbj0IJzrk87L+EQhckyU53oLo+2tW+uHovl89ovDKL4uS3kLnvVbxOnVZiFrHc0,0.3771869494808308,0.602087766622871,0.4640859806693158
1606200,Vvbj0IJzrk87L+EQhckyU53oLo+2tW+uHovl89ovDKL4uS3kLnvVbxOnVZiFrHc0,0.3784081151392881,0.6927051444902063,0.4539485277204591
1606500,Vvbj0IJzrk87L+EQhckyU53oLo+2tW+uHovl89ovDKL4uS3kLnvVbxOnVZiFrHc0,0.3643106579695478,0.581539372471668,0.4605447242228546
1606800,Vvbj0IJzrk87L+EQhckyU53oLo+2tW+uHovl89ovDKL4uS3kLnvVbxOnVZiFrHc0,0.4085862581062875,4.891638052961025,1.8487273856516504
1607100,Vvbj0IJzrk87L+EQhckyU53oLo+2tW+uHovl89ovDKL4uS3kLnvVbxOnVZiFrHc0,0.3695507072128765,0.6899067632953559,0.4576015051134073
1607400,Vvbj0IJzrk87L+EQhckyU53oLo+2tW+uHovl89ovDKL4uS3kLnvVbxOnVZiFrHc0,0.3947723587599347,12.254403459756492,1.7273887858312034
1607700,Vvbj0IJzrk87L+EQhckyU53oLo+2tW+uHovl89ovDKL4uS3kLnvVbxOnVZiFrHc0,0.3918048297143992,0.5545335178882678,0.4491074644027643
1608000,Vvbj0IJzrk87L+EQhckyU53oLo+2tW+uHovl89ovDKL4uS3kLnvVbxOnVZiFrHc0,0.3885159581432315,0.7977305670306768,0.5017603504129348
1608300,Vvbj0IJzrk87L+EQhckyU53oLo+2tW+uHovl89ovDKL4uS3kLnvVbxOnVZiFrHc0,0.3895127361686575,0.6112254098166956,0.4673657739169405
1608600,Vvbj0IJzrk87L+EQhckyU53oLo+2tW+uHovl89ovDKL4uS3kLnvVbxOnVZiFrHc0,0.3833869437993073,0.5946496026157023,0.467225981410714
1608900,Vvbj0IJzrk87L+EQhckyU53oLo+2tW+uHovl89ovDKL4uS3kLnvVbxOnVZiFrHc0,0.3657130596133588,0.6776280422958513,0.4496095018909781
1609200,Vvbj0IJzrk87L+EQhckyU53oLo+2tW+uHovl89ovDKL4uS3kLnvVbxOnVZiFrHc0,0.3796955361744633,0.5891175869132087,0.4603159640281095
1609500,Vvbj0IJzrk87L+EQhckyU53oLo+2tW+uHovl89ovDKL4uS3kLnvVbxOnVZiFrHc0,0.3851598169285676,0.6514844278137982,0.4601328378352474
1609800,Vvbj0IJzrk87L+EQhckyU53oLo+2tW+uHovl89ovDKL4uS3kLnvVbxOnVZiFrHc0,0.3557198171574425,0.7171133223466724,0.4603828149448822
1610100,Vvbj0IJzrk87L+EQhckyU53oLo+2tW+uHovl89ovDKL4uS3kLnvVbxOnVZiFrHc0,0.3822879877296036,0.5810431122658104,0.4649387260040101
1610400,Vvbj0IJzrk87L+EQhckyU53oLo+2tW+uHovl89ovDKL4uS3kLnvVbxOnVZiFrHc0,0.3746402655401671,0.8408960208320982,0.5112532198974564
1610700,Vvbj0IJzrk87L+EQhckyU53oLo+2tW+uHovl89ovDKL4uS3kLnvVbxOnVZiFrHc0,0.3825196185386853,4.312838164897744,1.7983121760733976
1611000,Vvbj0IJzrk87L+EQhckyU53oLo+2tW+uHovl89ovDKL4uS3kLnvVbxOnVZiFrHc0,0.3815584377045403,11.35121214127244,1.672348717955533
1611300,Vvbj0IJzrk87L+EQhckyU53oLo+2tW+uHovl89ovDKL4uS3kLnvVbxOnVZiFrHc0,0.4003933353549055,0.6323733422497873,0.4712376038500449
1611600,Vvbj0IJzrk87L+EQhckyU53oLo+2tW+uHovl89ovDKL4uS3kLnvVbxOnVZiFrHc0,0.4107983052912745,0.798894602528912,0.5133331705221764
1611900,Vvbj0IJzrk87L+EQhckyU53oLo+2tW+uHovl89ovDKL4uS3kLnvVbxOnVZiFrHc0,0.3966978526829451,0.5679752965027237,0.4367156519179386
1612200,Vvbj0IJzrk87L+EQhckyU53oLo+2tW+uHovl89ovDKL4uS3kLnvVbxOnVZiFrHc0,0.3807366507929738,0.6233144490455437,0.4726602469140367
1612500,Vvbj0IJzrk87L+EQhckyU53oLo+2tW+uHovl89ovDKL4uS3kLnvVbxOnVZiFrHc0,0.3506316141469514,0.7134237618241274,0.4636496167688561
1612800,Vvbj0IJzrk87L+EQhckyU53oLo+2tW+uHovl89ovDKL4uS3kLnvVbxOnVZiFrHc0,0.3682055890295571,0.621197839782048,0.4550935620750977
1613100,Vvbj0IJzrk87L+EQhckyU53oLo+2tW+uHovl89ovDKL4uS3kLnvVbxOnVZiFrHc0,0.3740711692057443,0.6188581486750125,0.4594773564705983
1613400,Vvbj0IJzrk87L+EQhckyU53oLo+2tW+uHovl89ovDKL4uS3kLnvVbxOnVZiFrHc0,0.3723670359796605,0.6854792802392926,0.4662555234962148
1613700,Vvbj0IJzrk87L+EQhckyU53oLo+2tW+uHovl89ovDKL4uS3kLnvVbxOnVZiFrHc0,0.3610005139806346,0.6086323758428734,0.4511662191686021
1614000,Vvbj0IJzrk87L+EQhckyU53oLo+2tW+uHovl89ovDKL4uS3kLnvVbxOnVZiFrHc0,0.3846902926344164,0.5873909429824957,0.4707332046224316
1614300,Vvbj0IJzrk87L+EQhckyU53oLo+2tW+uHovl89ovDKL4uS3kLnvVbxOnVZiFrHc0,0.3769750334030487,4.546695707387265,1.8207852685933128
1614600,Vvbj0IJzrk87L+EQhckyU53oLo+2tW+uHovl89ovDKL4uS3kLnvVbxOnVZiFrHc0,0.4086770977373951,11.94099502163875,1.7324286907942743
1614900,Vvbj0IJzrk87L+EQhckyU53oLo+2tW+uHovl89ovDKL4uS3kLnvVbxOnVZiFrHc0,0.3988573501163785,0.62035320583826,0.4898438995038745
1615200,Vvbj0IJzrk87L+EQhckyU53oLo+2tW+uHovl89ovDKL4uS3kLnvVbxOnVZiFrHc0,0.3723512549796591,0.9237319704908512,0.4954542210953353
1615500,Vvbj0IJzrk87L+EQhckyU53oLo+2tW+uHovl89ovDKL4uS3kLnvVbxOnVZiFrHc0,0.386754937847438,0.6029589574931074,0.4621290239321393
1615800,Vvbj0IJzrk87L+EQhckyU53oLo+2tW+uHovl89ovDKL4uS3kLnvVbxOnVZiFrHc0,0.3983065593879815,0.6102534811075062,0.4829754219062302
1616100,Vvbj0IJzrk87L+EQhckyU53oLo+2tW+uHovl89ovDKL4uS3kLnvVbxOnVZiFrHc0,0.3797422431592301,0.7455271641093144,0.4742214664546743
1616400,Vvbj0IJzrk87L+EQhckyU53oLo+2tW+uHovl89ovDKL4uS3kLnvVbxOnVZiFrHc0,0.3854556209615157,0.629276021714813,0.4747360701198655
1616700,Vvbj0IJzrk87L+EQhckyU53oLo+2tW+uHovl89ovDKL4uS3kLnvVbxOnVZiFrHc0,0.382499040135697,0.6080449426562812,0.4779508247094861
1617000,Vvbj0IJzrk87L+EQhckyU53oLo+2tW+uHovl89ovDKL4uS3kLnvVbxOnVZiFrHc0,0.3458926453410228,0.6760717870710892,0.4622218719449967
1617300,Vvbj0IJzrk87L+EQhckyU53oLo+2tW+uHovl89ovDKL4uS3kLnvVbxOnVZiFrHc0,0.379346240386464,0.596486043025559,0.4509045432744225
1617600,Vvbj0IJzrk87L+EQhckyU53oLo+2tW+uHovl89ovDKL4uS3kLnvVbxOnVZiFrHc0,0.3719683866976729,0.5837426435500948,0.4719567853251663
1617900,Vvbj0IJzrk87L+EQhckyU53oLo+2tW+uHovl89ovDKL4uS3kLnvVbxOnVZiFrHc0,0.3574641531490848,5.266309061820122,1.826443094507583
1618200,Vvbj0IJzrk87L+EQhckyU53oLo+2tW+uHovl89ovDKL4uS3kLnvVbxOnVZiFrHc0,0.3937727196807034,11.488947672729193,1.6837119549624395
1618500,Vvbj0IJzrk87L+EQhckyU53oLo+2tW+uHovl89ovDKL4uS3kLnvVbxOnVZiFrHc0,0.3704844309911547,0.6225216090290272,0.4784564063362668
1618800,Vvbj0IJzrk87L+EQhckyU53oLo+2tW+uHovl89ovDKL4uS3kLnvVbxOnVZiFrHc0,0.3874081384960587,0.9222709581535636,0.4864619776320338
1619100,Vvbj0IJzrk87L+EQhckyU53oLo+2tW+uHovl89ovDKL4uS3kLnvVbxOnVZiFrHc0,0.3737538684927775,0.575566741490343,0.4443449408564473
1619400,Vvbj0IJzrk87L+EQhckyU53oLo+2tW+uHovl89ovDKL4uS3kLnvVbxOnVZiFrHc0,0.3570235199139103,0.5685029960153998,0.4547729442567893
1619700,Vvbj0IJzrk87L+EQhckyU53oLo+2tW+uHovl89ovDKL4uS3kLnvVbxOnVZiFrHc0,0.3542189923059465,0.5689141205669704,0.4418041596008012
1620000,Vvbj0IJzrk87L+EQhckyU53oLo+2tW+uHovl89ovDKL4uS3kLnvVbxOnVZiFrHc0,0.3658272461622877,0.6033116441580612,0.4433613679342967
1620300,Vvbj0IJzrk87L+EQhckyU53oLo+2tW+uHovl89ovDKL4uS3kLnvVbxOnVZiFrHc0,0.3578243297539783,0.597710822692504,0.4595961966070009
1620600,Vvbj0IJzrk87L+EQhckyU53oLo+2tW+uHovl89ovDKL4uS3kLnvVbxOnVZiFrHc0,0.3456733893694919,0.6581582825332222,0.4474340510656222
1620900,Vvbj0IJzrk87L+EQhckyU53oLo+2tW+uHovl89ovDKL4uS3kLnvVbxOnVZiFrHc0,0.3604258051465911,0.5780091609998395,0.4454535902193063
1621200,Vvbj0IJzrk87L+EQhckyU53oLo+2tW+uHovl89ovDKL4uS3kLnvVbxOnVZiFrHc0,0.3771576826791064,0.5840777709610462,0.4590691893767792
1621500,Vvbj0IJzrk87L+EQhckyU53oLo+2tW+uHovl89ovDKL4uS3kLnvVbxOnVZiFrHc0,0.3626518655036595,0.6644302434187908,0.4671555887605933
1621800,Vvbj0IJzrk87L+EQhckyU53oLo+2tW+uHovl89ovDKL4uS3kLnvVbxOnVZiFrHc0,0.4270534131709328,11.398864167210016,3.080272685367144
1622100,Vvbj0IJzrk87L+EQhckyU53oLo+2tW+uHovl89ovDKL4uS3kLnvVbxOnVZiFrHc0,0.3911401565186891,0.6130473067460916,0.4840914133641101
1622400,Vvbj0IJzrk87L+EQhckyU53oLo+2tW+uHovl89ovDKL4uS3kLnvVbxOnVZiFrHc0,0.3630323630564967,0.927242639441951,0.4968822089913138
1622700,Vvbj0IJzrk87L+EQhckyU53oLo+2tW+uHovl89ovDKL4uS3kLnvVbxOnVZiFrHc0,0.3523466003036219,0.5862755145735916,0.4520414280434572
1623000,Vvbj0IJzrk87L+EQhckyU53oLo+2tW+uHovl89ovDKL4uS3kLnvVbxOnVZiFrHc0,0.3777730458178083,0.591780402318488,0.4661825342094352
1623300,Vvbj0IJzrk87L+EQhckyU53oLo+2tW+uHovl89ovDKL4uS3kLnvVbxOnVZiFrHc0,0.3578467570300554,0.6705038930969693,0.4535447007434088
1623600,Vvbj0IJzrk87L+EQhckyU53oLo+2tW+uHovl89ovDKL4uS3kLnvVbxOnVZiFrHc0,0.3581006705540938,0.6430080622563648,0.4645134127961633
1623900,Vvbj0IJzrk87L+EQhckyU53oLo+2tW+uHovl89ovDKL4uS3kLnvVbxOnVZiFrHc0,0.3536158398967926,0.5920564665858913,0.4544640291555155
1624200,Vvbj0IJzrk87L+EQhckyU53oLo+2tW+uHovl89ovDKL4uS3kLnvVbxOnVZiFrHc0,0.3577986952223769,0.6644817122591302,0.4577410039826339
1624500,Vvbj0IJzrk87L+EQhckyU53oLo+2tW+uHovl89ovDKL4uS3kLnvVbxOnVZiFrHc0,0.403726360348758,83.52968665026665,17.118523983588766
1624800,Vvbj0IJzrk87L+EQhckyU53oLo+2tW+uHovl89ovDKL4uS3kLnvVbxOnVZiFrHc0,10.621371202277098,79.37386929047905,45.348495682984606
1625100,Vvbj0IJzrk87L+EQhckyU53oLo+2tW+uHovl89ovDKL4uS3kLnvVbxOnVZiFrHc0,2.6353997627656,16.371855788511017,4.862824391208187
1625400,Vvbj0IJzrk87L+EQhckyU53oLo+2tW+uHovl89ovDKL4uS3kLnvVbxOnVZiFrHc0,2.877162605528477,14.02437619236537,5.482134602210649
1625700,Vvbj0IJzrk87L+EQhckyU53oLo+2tW+uHovl89ovDKL4uS3kLnvVbxOnVZiFrHc0,2.8184866167961693,53.73482375955298,16.58302540402935
1626000,Vvbj0IJzrk87L+EQhckyU53oLo+2tW+uHovl89ovDKL4uS3kLnvVbxOnVZiFrHc0,0.3774719521055756,23.136969782724616,2.960955328441243
1626300,Vvbj0IJzrk87L+EQhckyU53oLo+2tW+uHovl89ovDKL4uS3kLnvVbxOnVZiFrHc0,0.3933527156701859,0.6306330653602358,0.4970278640008815
1626600,Vvbj0IJzrk87L+EQhckyU53oLo+2tW+uHovl89ovDKL4uS3kLnvVbxOnVZiFrHc0,0.3692276923874626,1.4010310290996677,0.5657661636039268
1626900,Vvbj0IJzrk87L+EQhckyU53oLo+2tW+uHovl89ovDKL4uS3kLnvVbxOnVZiFrHc0,0.3558194274502544,0.8442638056399578,0.5102010877164974
1627200,Vvbj0IJzrk87L+EQhckyU53oLo+2tW+uHovl89ovDKL4uS3kLnvVbxOnVZiFrHc0,0.3820584450116861,0.784172640403889,0.5138192168301507
1627500,Vvbj0IJzrk87L+EQhckyU53oLo+2tW+uHovl89ovDKL4uS3kLnvVbxOnVZiFrHc0,0.38085570140985,0.6235517777611606,0.4992583779299154
1628100,Vvbj0IJzrk87L+EQhckyU53oLo+2tW+uHovl89ovDKL4uS3kLnvVbxOnVZiFrHc0,0.3720093946925088,0.5881598099463216,0.4513760505827212
1628400,Vvbj0IJzrk87L+EQhckyU53oLo+2tW+uHovl89ovDKL4uS3kLnvVbxOnVZiFrHc0,0.3645611308983339,0.592181093131949,0.4755360433397805
1628700,Vvbj0IJzrk87L+EQhckyU53oLo+2tW+uHovl89ovDKL4uS3kLnvVbxOnVZiFrHc0,0.3581780378877986,0.6605054182933551,0.4636313010094347
1629000,Vvbj0IJzrk87L+EQhckyU53oLo+2tW+uHovl89ovDKL4uS3kLnvVbxOnVZiFrHc0,0.407972077719473,5.16110315201616,1.6152404717946205
1629300,Vvbj0IJzrk87L+EQhckyU53oLo+2tW+uHovl89ovDKL4uS3kLnvVbxOnVZiFrHc0,0.3689821003812678,11.846063918621033,1.9696872253841753
1629600,Vvbj0IJzrk87L+EQhckyU53oLo+2tW+uHovl89ovDKL4uS3kLnvVbxOnVZiFrHc0,0.3843298626806379,0.793906261346161,0.5035545206491545
1629900,Vvbj0IJzrk87L+EQhckyU53oLo+2tW+uHovl89ovDKL4uS3kLnvVbxOnVZiFrHc0,0.3624060994445184,0.5580894979193558,0.4490601833486224
1630200,Vvbj0IJzrk87L+EQhckyU53oLo+2tW+uHovl89ovDKL4uS3kLnvVbxOnVZiFrHc0,0.3945243440968316,0.7164766802647102,0.4646786697170691
1630500,Vvbj0IJzrk87L+EQhckyU53oLo+2tW+uHovl89ovDKL4uS3kLnvVbxOnVZiFrHc0,0.3648239526253813,0.6267696506944281,0.4586075128298478
1630800,Vvbj0IJzrk87L+EQhckyU53oLo+2tW+uHovl89ovDKL4uS3kLnvVbxOnVZiFrHc0,0.373306792448159,0.6768368223628253,0.464875732290493
1631100,Vvbj0IJzrk87L+EQhckyU53oLo+2tW+uHovl89ovDKL4uS3kLnvVbxOnVZiFrHc0,0.3953877838389756,1.6023332011443858,0.58584795103478
1631400,Vvbj0IJzrk87L+EQhckyU53oLo+2tW+uHovl89ovDKL4uS3kLnvVbxOnVZiFrHc0,0.3808131583298465,0.5785737779972215,0.468116112747952
1631700,Vvbj0IJzrk87L+EQhckyU53oLo+2tW+uHovl89ovDKL4uS3kLnvVbxOnVZiFrHc0,0.3795681253463731,0.8651281244990107,0.5000756080746654
1632000,Vvbj0IJzrk87L+EQhckyU53oLo+2tW+uHovl89ovDKL4uS3kLnvVbxOnVZiFrHc0,0.3959657948987352,0.7242747074558237,0.47488349646842
1632300,Vvbj0IJzrk87L+EQhckyU53oLo+2tW+uHovl89ovDKL4uS3kLnvVbxOnVZiFrHc0,0.4002527232842246,0.5760976282860336,0.4603919250794217
1632600,Vvbj0IJzrk87L+EQhckyU53oLo+2tW+uHovl89ovDKL4uS3kLnvVbxOnVZiFrHc0,0.3946736807775419,0.5949886911527805,0.4594396666961352
1632900,Vvbj0IJzrk87L+EQhckyU53oLo+2tW+uHovl89ovDKL4uS3kLnvVbxOnVZiFrHc0,0.392360031977624,12.682238066194037,3.083446152832168
1633200,Vvbj0IJzrk87L+EQhckyU53oLo+2tW+uHovl89ovDKL4uS3kLnvVbxOnVZiFrHc0,0.3968603382118104,0.7604836864045146,0.4974890923330872
1633500,Vvbj0IJzrk87L+EQhckyU53oLo+2tW+uHovl89ovDKL4uS3kLnvVbxOnVZiFrHc0,0.3875424355355478,0.6354200091727452,0.4682201213055555
1633800,Vvbj0IJzrk87L+EQhckyU53oLo+2tW+uHovl89ovDKL4uS3kLnvVbxOnVZiFrHc0,0.3717014950045425,0.7338019924066872,0.4662046166894292
1634100,Vvbj0IJzrk87L+EQhckyU53oLo+2tW+uHovl89ovDKL4uS3kLnvVbxOnVZiFrHc0,0.3690738288896247,0.6006242313546285,0.4670350742139642
1634400,Vvbj0IJzrk87L+EQhckyU53oLo+2tW+uHovl89ovDKL4uS3kLnvVbxOnVZiFrHc0,0.386907002761659,0.603959574053747,0.4558057012145969
1634700,Vvbj0IJzrk87L+EQhckyU53oLo+2tW+uHovl89ovDKL4uS3kLnvVbxOnVZiFrHc0,0.3714487873956841,0.7771550281600484,0.4733998888100574
1635000,Vvbj0IJzrk87L+EQhckyU53oLo+2tW+uHovl89ovDKL4uS3kLnvVbxOnVZiFrHc0,0.3825270845964842,0.623933095849007,0.4593965538782894
1635300,Vvbj0IJzrk87L+EQhckyU53oLo+2tW+uHovl89ovDKL4uS3kLnvVbxOnVZiFrHc0,0.3788074076189054,0.6072100496568698,0.4548282490797896
1635600,Vvbj0IJzrk87L+EQhckyU53oLo+2tW+uHovl89ovDKL4uS3kLnvVbxOnVZiFrHc0,0.3812558023252708,0.8062885200159926,0.4739070602039141
1635900,Vvbj0IJzrk87L+EQhckyU53oLo+2tW+uHovl89ovDKL4uS3kLnvVbxOnVZiFrHc0,0.3776783174378734,0.5949959519965938,0.4720599308987574
1636200,Vvbj0IJzrk87L+EQhckyU53oLo+2tW+uHovl89ovDKL4uS3kLnvVbxOnVZiFrHc0,0.3723781272166197,0.5978052200152141,0.4570185225405957
1636500,Vvbj0IJzrk87L+EQhckyU53oLo+2tW+uHovl89ovDKL4uS3kLnvVbxOnVZiFrHc0,0.4173631002011385,11.47104484652124,3.058679083455265
1636800,Vvbj0IJzrk87L+EQhckyU53oLo+2tW+uHovl89ovDKL4uS3kLnvVbxOnVZiFrHc0,0.4110152378995867,0.7993824064623031,0.5124937839140075
1637100,Vvbj0IJzrk87L+EQhckyU53oLo+2tW+uHovl89ovDKL4uS3kLnvVbxOnVZiFrHc0,0.3945340513853068,0.629934439318766,0.4668427774373961
1637400,Vvbj0IJzrk87L+EQhckyU53oLo+2tW+uHovl89ovDKL4uS3kLnvVbxOnVZiFrHc0,0.3634409244027743,0.7806267237820167,0.468718898357384
1637700,Vvbj0IJzrk87L+EQhckyU53oLo+2tW+uHovl89ovDKL4uS3kLnvVbxOnVZiFrHc0,0.377966693274553,0.5979392055116854,0.4660536041376503
1638000,Vvbj0IJzrk87L+EQhckyU53oLo+2tW+uHovl89ovDKL4uS3kLnvVbxOnVZiFrHc0,0.3884094952913637,1.328303299770048,0.5701572438507974
1638300,Vvbj0IJzrk87L+EQhckyU53oLo+2tW+uHovl89ovDKL4uS3kLnvVbxOnVZiFrHc0,0.3835515907615955,0.7693660567733304,0.4874199338282229
1638600,Vvbj0IJzrk87L+EQhckyU53oLo+2tW+uHovl89ovDKL4uS3kLnvVbxOnVZiFrHc0,0.3823853665857106,0.8338252344588926,0.5226766098330488
1638900,Vvbj0IJzrk87L+EQhckyU53oLo+2tW+uHovl89ovDKL4uS3kLnvVbxOnVZiFrHc0,0.3818506656239799,0.6168942801188106,0.4541305658273236
1639200,Vvbj0IJzrk87L+EQhckyU53oLo+2tW+uHovl89ovDKL4uS3kLnvVbxOnVZiFrHc0,0.3840637477821835,0.747274917174146,0.4663450636478503
1639500,Vvbj0IJzrk87L+EQhckyU53oLo+2tW+uHovl89ovDKL4uS3kLnvVbxOnVZiFrHc0,0.3866283703138196,1.0982792591074582,0.5373035155879029
1639800,Vvbj0IJzrk87L+EQhckyU53oLo+2tW+uHovl89ovDKL4uS3kLnvVbxOnVZiFrHc0,0.3874654191034152,0.6290100369926301,0.4634061398755798
1640100,Vvbj0IJzrk87L+EQhckyU53oLo+2tW+uHovl89ovDKL4uS3kLnvVbxOnVZiFrHc0,0.4034896190722287,4.330089175260067,1.0176233486318174
1640400,Vvbj0IJzrk87L+EQhckyU53oLo+2tW+uHovl89ovDKL4uS3kLnvVbxOnVZiFrHc0,0.3816092968426686,4.530860185779001,1.4751633253471317
1640700,Vvbj0IJzrk87L+EQhckyU53oLo+2tW+uHovl89ovDKL4uS3kLnvVbxOnVZiFrHc0,0.3630359569994693,0.6358603252289386,0.4661173506202794
1641000,Vvbj0IJzrk87L+EQhckyU53oLo+2tW+uHovl89ovDKL4uS3kLnvVbxOnVZiFrHc0,0.3730443474840446,0.7789467427652916,0.4753035124945866
1641300,Vvbj0IJzrk87L+EQhckyU53oLo+2tW+uHovl89ovDKL4uS3kLnvVbxOnVZiFrHc0,0.3921341689046953,0.6260394159760838,0.4588749805065261
1641600,Vvbj0IJzrk87L+EQhckyU53oLo+2tW+uHovl89ovDKL4uS3kLnvVbxOnVZiFrHc0,0.3809131999851193,0.6522783608281246,0.4614880375721461
1641900,Vvbj0IJzrk87L+EQhckyU53oLo+2tW+uHovl89ovDKL4uS3kLnvVbxOnVZiFrHc0,0.3642908562403972,0.773346462242229,0.4690750732954951
1642200,Vvbj0IJzrk87L+EQhckyU53oLo+2tW+uHovl89ovDKL4uS3kLnvVbxOnVZiFrHc0,0.3777159601882736,0.6125999100942044,0.464371053010288
1642500,Vvbj0IJzrk87L+EQhckyU53oLo+2tW+uHovl89ovDKL4uS3kLnvVbxOnVZiFrHc0,0.3634406677777823,0.6136890314277037,0.4411560723357744
1642800,Vvbj0IJzrk87L+EQhckyU53oLo+2tW+uHovl89ovDKL4uS3kLnvVbxOnVZiFrHc0,0.3784628309063833,0.7368992821890004,0.4617302516912005
1643100,Vvbj0IJzrk87L+EQhckyU53oLo+2tW+uHovl89ovDKL4uS3kLnvVbxOnVZiFrHc0,0.3643667037044668,0.598445881476864,0.4593609507242736
1643400,Vvbj0IJzrk87L+EQhckyU53oLo+2tW+uHovl89ovDKL4uS3kLnvVbxOnVZiFrHc0,0.363238769434776,0.5862761207943865,0.4501671329910574
1643700,Vvbj0IJzrk87L+EQhckyU53oLo+2tW+uHovl89ovDKL4uS3kLnvVbxOnVZiFrHc0,0.384760245069407,9.07783577431525,1.7492044603282684
1644000,Vvbj0IJzrk87L+EQhckyU53oLo+2tW+uHovl89ovDKL4uS3kLnvVbxOnVZiFrHc0,0.4058855443230481,4.363028870050137,1.8924614648298603
1644300,Vvbj0IJzrk87L+EQhckyU53oLo+2tW+uHovl89ovDKL4uS3kLnvVbxOnVZiFrHc0,0.3787991504291924,0.6031993098260863,0.4647599914609245
1644600,Vvbj0IJzrk87L+EQhckyU53oLo+2tW+uHovl89ovDKL4uS3kLnvVbxOnVZiFrHc0,0.3860443917165042,0.631683194728841,0.4795824429165994
1644900,Vvbj0IJzrk87L+EQhckyU53oLo+2tW+uHovl89ovDKL4uS3kLnvVbxOnVZiFrHc0,0.3651901437509702,0.5881525540170214,0.4506319169566673
1645200,Vvbj0IJzrk87L+EQhckyU53oLo+2tW+uHovl89ovDKL4uS3kLnvVbxOnVZiFrHc0,0.3876472055472544,0.6154653277843471,0.4787400959268958
1645500,Vvbj0IJzrk87L+EQhckyU53oLo+2tW+uHovl89ovDKL4uS3kLnvVbxOnVZiFrHc0,0.3959556490891048,0.6514506479282581,0.4777855074813313
1645800,Vvbj0IJzrk87L+EQhckyU53oLo+2tW+uHovl89ovDKL4uS3kLnvVbxOnVZiFrHc0,0.3672450405662962,0.6088491436360834,0.4556183496498214
1646100,Vvbj0IJzrk87L+EQhckyU53oLo+2tW+uHovl89ovDKL4uS3kLnvVbxOnVZiFrHc0,0.3709901592399581,0.5958836767598144,0.4680357771774769
1646400,Vvbj0IJzrk87L+EQhckyU53oLo+2tW+uHovl89ovDKL4uS3kLnvVbxOnVZiFrHc0,0.3832628873069056,0.5883615101873805,0.4708475392102192
1646700,Vvbj0IJzrk87L+EQhckyU53oLo+2tW+uHovl89ovDKL4uS3kLnvVbxOnVZiFrHc0,0.3606485291600496,0.8486424855485539,0.512539533479716
1647000,Vvbj0IJzrk87L+EQhckyU53oLo+2tW+uHovl89ovDKL4uS3kLnvVbxOnVZiFrHc0,0.3954722285790244,0.6294037372179766,0.4973781732555752
1647300,Vvbj0IJzrk87L+EQhckyU53oLo+2tW+uHovl89ovDKL4uS3kLnvVbxOnVZiFrHc0,0.3802573842297228,12.07894457357694,1.7361860304569954
1647600,Vvbj0IJzrk87L+EQhckyU53oLo+2tW+uHovl89ovDKL4uS3kLnvVbxOnVZiFrHc0,0.4451669764904228,4.463583269485627,1.8440784850884784
1647900,Vvbj0IJzrk87L+EQhckyU53oLo+2tW+uHovl89ovDKL4uS3kLnvVbxOnVZiFrHc0,0.3857411027944923,0.6015011652996112,0.4900674071074332
1648200,Vvbj0IJzrk87L+EQhckyU53oLo+2tW+uHovl89ovDKL4uS3kLnvVbxOnVZiFrHc0,0.36894830492742,0.6135368678413075,0.4626636265729901
1648500,Vvbj0IJzrk87L+EQhckyU53oLo+2tW+uHovl89ovDKL4uS3kLnvVbxOnVZiFrHc0,0.3311792343352663,0.6136109034868871,0.4439832354770087
1648800,Vvbj0IJzrk87L+EQhckyU53oLo+2tW+uHovl89ovDKL4uS3kLnvVbxOnVZiFrHc0,0.3731695642721478,0.5685657438108732,0.4533367310245391
1649100,Vvbj0IJzrk87L+EQhckyU53oLo+2tW+uHovl89ovDKL4uS3kLnvVbxOnVZiFrHc0,0.3566422836648967,0.5755028613701315,0.4660697221723447
1649400,Vvbj0IJzrk87L+EQhckyU53oLo+2tW+uHovl89ovDKL4uS3kLnvVbxOnVZiFrHc0,0.3811908611846979,0.5739749263391305,0.4584320291744721
1649700,Vvbj0IJzrk87L+EQhckyU53oLo+2tW+uHovl89ovDKL4uS3kLnvVbxOnVZiFrHc0,0.391577033241579,0.6246841003697501,0.4883516261922514
1650000,Vvbj0IJzrk87L+EQhckyU53oLo+2tW+uHovl89ovDKL4uS3kLnvVbxOnVZiFrHc0,0.3878628727094298,0.6089988652321144,0.488638199504095
1650300,Vvbj0IJzrk87L+EQhckyU53oLo+2tW+uHovl89ovDKL4uS3kLnvVbxOnVZiFrHc0,0.3733348350506097,0.5819597131533306,0.4672192157859287
1650600,Vvbj0IJzrk87L+EQhckyU53oLo+2tW+uHovl89ovDKL4uS3kLnvVbxOnVZiFrHc0,0.4035930348364796,0.6061417938422153,0.4876598039193731
1650900,Vvbj0IJzrk87L+EQhckyU53oLo+2tW+uHovl89ovDKL4uS3kLnvVbxOnVZiFrHc0,0.3815532474176485,11.514107237302564,1.6981986335547092
1651200,Vvbj0IJzrk87L+EQhckyU53oLo+2tW+uHovl89ovDKL4uS3kLnvVbxOnVZiFrHc0,0.394254204747183,4.0556554243854475,0.8770253475587048
1651500,Vvbj0IJzrk87L+EQhckyU53oLo+2tW+uHovl89ovDKL4uS3kLnvVbxOnVZiFrHc0,0.3846248473412908,4.58671314915731,1.594568498698681
1651800,Vvbj0IJzrk87L+EQhckyU53oLo+2tW+uHovl89ovDKL4uS3kLnvVbxOnVZiFrHc0,0.3851743288976834,0.5825083294657853,0.4809878214418478
1652100,Vvbj0IJzrk87L+EQhckyU53oLo+2tW+uHovl89ovDKL4uS3kLnvVbxOnVZiFrHc0,0.362961278343184,0.6087372962391902,0.4620529306907816
1652400,Vvbj0IJzrk87L+EQhckyU53oLo+2tW+uHovl89ovDKL4uS3kLnvVbxOnVZiFrHc0,0.3917459636435373,0.6233445428369351,0.4890068948075175
1652700,Vvbj0IJzrk87L+EQhckyU53oLo+2tW+uHovl89ovDKL4uS3kLnvVbxOnVZiFrHc0,0.3955932543816737,0.6558828814000778,0.4847459336608238
1653000,Vvbj0IJzrk87L+EQhckyU53oLo+2tW+uHovl89ovDKL4uS3kLnvVbxOnVZiFrHc0,0.3784130647391674,0.6400308260808667,0.4697129329467632
1653300,Vvbj0IJzrk87L+EQhckyU53oLo+2tW+uHovl89ovDKL4uS3kLnvVbxOnVZiFrHc0,0.3711240631735476,0.6349088422669957,0.48341347280629
1653600,Vvbj0IJzrk87L+EQhckyU53oLo+2tW+uHovl89ovDKL4uS3kLnvVbxOnVZiFrHc0,0.3877344613993196,0.6282813606078528,0.4987482464226262
1653900,Vvbj0IJzrk87L+EQhckyU53oLo+2tW+uHovl89ovDKL4uS3kLnvVbxOnVZiFrHc0,0.3626093661077821,0.592257114614496,0.4592275447366565
1654200,Vvbj0IJzrk87L+EQhckyU53oLo+2tW+uHovl89ovDKL4uS3kLnvVbxOnVZiFrHc0,0.4095538246202296,0.6216757111566816,0.49207141604537
1654500,Vvbj0IJzrk87L+EQhckyU53oLo+2tW+uHovl89ovDKL4uS3kLnvVbxOnVZiFrHc0,0.3739051071996454,0.9652083978631422,0.5355832526044771
1654800,Vvbj0IJzrk87L+EQhckyU53oLo+2tW+uHovl89ovDKL4uS3kLnvVbxOnVZiFrHc0,0.3738349942723218,11.359120967200935,1.6598050819400223
1655100,Vvbj0IJzrk87L+EQhckyU53oLo+2tW+uHovl89ovDKL4uS3kLnvVbxOnVZiFrHc0,0.3910229416476893,4.712683931163875,1.9028026830631295
1655400,Vvbj0IJzrk87L+EQhckyU53oLo+2tW+uHovl89ovDKL4uS3kLnvVbxOnVZiFrHc0,0.3833293863547392,0.6336116912373672,0.4916265281007324
1655700,Vvbj0IJzrk87L+EQhckyU53oLo+2tW+uHovl89ovDKL4uS3kLnvVbxOnVZiFrHc0,0.3746444661184275,0.6298442828937993,0.4613317213610264
1656000,Vvbj0IJzrk87L+EQhckyU53oLo+2tW+uHovl89ovDKL4uS3kLnvVbxOnVZiFrHc0,0.3837242994012511,0.6107721777192431,0.4910435689238766
1656300,Vvbj0IJzrk87L+EQhckyU53oLo+2tW+uHovl89ovDKL4uS3kLnvVbxOnVZiFrHc0,0.3809744364315197,0.617864311034429,0.4738966800157267
1656600,Vvbj0IJzrk87L+EQhckyU53oLo+2tW+uHovl89ovDKL4uS3kLnvVbxOnVZiFrHc0,0.372640660876598,0.6052508632910438,0.462581574985634
1656900,Vvbj0IJzrk87L+EQhckyU53oLo+2tW+uHovl89ovDKL4uS3kLnvVbxOnVZiFrHc0,0.3880818364426537,39.521483173646594,4.384283017588907
1657200,Vvbj0IJzrk87L+EQhckyU53oLo+2tW+uHovl89ovDKL4uS3kLnvVbxOnVZiFrHc0,50.88806917960444,94.83708826114338,82.90053699823765
1657500,Vvbj0IJzrk87L+EQhckyU53oLo+2tW+uHovl89ovDKL4uS3kLnvVbxOnVZiFrHc0,73.91483833063496,98.04863638577832,82.32721113454193
1657800,Vvbj0IJzrk87L+EQhckyU53oLo+2tW+uHovl89ovDKL4uS3kLnvVbxOnVZiFrHc0,0.4402234773616158,92.21700718927079,42.45752362274181
1658100,Vvbj0IJzrk87L+EQhckyU53oLo+2tW+uHovl89ovDKL4uS3kLnvVbxOnVZiFrHc0,19.75136390064955,98.99868039551345,56.89699438390669
1658400,Vvbj0IJzrk87L+EQhckyU53oLo+2tW+uHovl89ovDKL4uS3kLnvVbxOnVZiFrHc0,90.8264555460723,98.42917679222553,96.2098291785624
1658700,Vvbj0IJzrk87L+EQhckyU53oLo+2tW+uHovl89ovDKL4uS3kLnvVbxOnVZiFrHc0,96.2769958883769,99.05549684344179,97.45870058637891
1659000,Vvbj0IJzrk87L+EQhckyU53oLo+2tW+uHovl89ovDKL4uS3kLnvVbxOnVZiFrHc0,94.37218411821613,98.07813995504772,96.98009119313096
1659300,Vvbj0IJzrk87L+EQhckyU53oLo+2tW+uHovl89ovDKL4uS3kLnvVbxOnVZiFrHc0,96.10902380852644,99.0435424459803,97.54358712329184
1659600,Vvbj0IJzrk87L+EQhckyU53oLo+2tW+uHovl89ovDKL4uS3kLnvVbxOnVZiFrHc0,3.672876781639444,97.76284833149256,15.893368676438044
1659900,Vvbj0IJzrk87L+EQhckyU53oLo+2tW+uHovl89ovDKL4uS3kLnvVbxOnVZiFrHc0,0.3965893582768466,2.000076077475459,0.6793452415788411
1660200,Vvbj0IJzrk87L+EQhckyU53oLo+2tW+uHovl89ovDKL4uS3kLnvVbxOnVZiFrHc0,0.3863774603184572,0.6110443910191671,0.4880813058098089
1660500,Vvbj0IJzrk87L+EQhckyU53oLo+2tW+uHovl89ovDKL4uS3kLnvVbxOnVZiFrHc0,0.3936818057289853,0.7397453085251343,0.5038833216495903
1660800,Vvbj0IJzrk87L+EQhckyU53oLo+2tW+uHovl89ovDKL4uS3kLnvVbxOnVZiFrHc0,0.3932042320538765,0.6618888350287944,0.513415773289134
1661100,Vvbj0IJzrk87L+EQhckyU53oLo+2tW+uHovl89ovDKL4uS3kLnvVbxOnVZiFrHc0,0.4147533846128268,0.6755909238686643,0.5041768780010083
1661400,Vvbj0IJzrk87L+EQhckyU53oLo+2tW+uHovl89ovDKL4uS3kLnvVbxOnVZiFrHc0,0.4082762582029608,0.7327997369100565,0.5130031040366434
1661700,Vvbj0IJzrk87L+EQhckyU53oLo+2tW+uHovl89ovDKL4uS3kLnvVbxOnVZiFrHc0,0.4068598734769814,0.7800401383332713,0.5521721219165132
1662000,Vvbj0IJzrk87L+EQhckyU53oLo+2tW+uHovl89ovDKL4uS3kLnvVbxOnVZiFrHc0,0.406295691295177,12.232542937698858,1.7718989548466173
1662300,Vvbj0IJzrk87L+EQhckyU53oLo+2tW+uHovl89ovDKL4uS3kLnvVbxOnVZiFrHc0,0.4035021395271986,0.6392900721321404,0.5125590396819101
1662600,Vvbj0IJzrk87L+EQhckyU53oLo+2tW+uHovl89ovDKL4uS3kLnvVbxOnVZiFrHc0,0.405349847604774,0.742933576115257,0.5256574847168272
1662900,Vvbj0IJzrk87L+EQhckyU53oLo+2tW+uHovl89ovDKL4uS3kLnvVbxOnVZiFrHc0,0.4233100866892377,0.7954838943630131,0.5176279005682504
1663200,Vvbj0IJzrk87L+EQhckyU53oLo+2tW+uHovl89ovDKL4uS3kLnvVbxOnVZiFrHc0,0.4028117269855505,0.6162839673920418,0.5051650873665104
1663500,Vvbj0IJzrk87L+EQhckyU53oLo+2tW+uHovl89ovDKL4uS3kLnvVbxOnVZiFrHc0,0.4060834671078477,3.9562164021685295,2.2757848289713607
1663800,Vvbj0IJzrk87L+EQhckyU53oLo+2tW+uHovl89ovDKL4uS3kLnvVbxOnVZiFrHc0,0.3945951789012392,0.7494692989529133,0.5078046935547923
1664100,Vvbj0IJzrk87L+EQhckyU53oLo+2tW+uHovl89ovDKL4uS3kLnvVbxOnVZiFrHc0,0.3938983905614553,0.6162816960365212,0.506037995346581
1664400,Vvbj0IJzrk87L+EQhckyU53oLo+2tW+uHovl89ovDKL4uS3kLnvVbxOnVZiFrHc0,0.3858817105554188,0.6190145691891517,0.4886517488759987
1664700,Vvbj0IJzrk87L+EQhckyU53oLo+2tW+uHovl89ovDKL4uS3kLnvVbxOnVZiFrHc0,0.3644358049179177,0.7374384336207696,0.492940365277732
1665000,Vvbj0IJzrk87L+EQhckyU53oLo+2tW+uHovl89ovDKL4uS3kLnvVbxOnVZiFrHc0,0.3815051997252695,0.600792650792614,0.4900445606682704
1665300,Vvbj0IJzrk87L+EQhckyU53oLo+2tW+uHovl89ovDKL4uS3kLnvVbxOnVZiFrHc0,0.3884057976866772,0.866352642604416,0.5283835964127451
1665600,Vvbj0IJzrk87L+EQhckyU53oLo+2tW+uHovl89ovDKL4uS3kLnvVbxOnVZiFrHc0,0.3972272263612138,8.659062842656752,1.722610330613241
1665900,Vvbj0IJzrk87L+EQhckyU53oLo+2tW+uHovl89ovDKL4uS3kLnvVbxOnVZiFrHc0,0.3922244848487937,0.6423249835285487,0.5075812343022793
1666200,Vvbj0IJzrk87L+EQhckyU53oLo+2tW+uHovl89ovDKL4uS3kLnvVbxOnVZiFrHc0,0.4142591285287775,0.703274822967575,0.521664094171734
1666500,Vvbj0IJzrk87L+EQhckyU53oLo+2tW+uHovl89ovDKL4uS3kLnvVbxOnVZiFrHc0,0.4080633988592529,0.7414645219671715,0.5072521490711882
1666800,Vvbj0IJzrk87L+EQhckyU53oLo+2tW+uHovl89ovDKL4uS3kLnvVbxOnVZiFrHc0,0.3932116503028148,0.6274692641963544,0.5005789948230198
1667100,Vvbj0IJzrk87L+EQhckyU53oLo+2tW+uHovl89ovDKL4uS3kLnvVbxOnVZiFrHc0,0.3868598924409777,4.217029735007061,1.6193307428615806
1667400,Vvbj0IJzrk87L+EQhckyU53oLo+2tW+uHovl89ovDKL4uS3kLnvVbxOnVZiFrHc0,0.4004445250423523,0.73066301012684,0.5073793356516143
1667700,Vvbj0IJzrk87L+EQhckyU53oLo+2tW+uHovl89ovDKL4uS3kLnvVbxOnVZiFrHc0,0.3970785611948893,0.596494604080654,0.4844485305102364
1668000,Vvbj0IJzrk87L+EQhckyU53oLo+2tW+uHovl89ovDKL4uS3kLnvVbxOnVZiFrHc0,0.4058721469707387,0.623432001234351,0.5003111739662136
1668300,Vvbj0IJzrk87L+EQhckyU53oLo+2tW+uHovl89ovDKL4uS3kLnvVbxOnVZiFrHc0,0.4100215945441467,0.7317710060623001,0.5070163313181307
1668600,Vvbj0IJzrk87L+EQhckyU53oLo+2tW+uHovl89ovDKL4uS3kLnvVbxOnVZiFrHc0,0.4085571872546688,0.608694634940008,0.4975520839915745
1668900,Vvbj0IJzrk87L+EQhckyU53oLo+2tW+uHovl89ovDKL4uS3kLnvVbxOnVZiFrHc0,0.4223992532752894,0.7458505635189429,0.5373236209322872
1669200,Vvbj0IJzrk87L+EQhckyU53oLo+2tW+uHovl89ovDKL4uS3kLnvVbxOnVZiFrHc0,0.4256444485397737,12.171328579761802,1.748293733558275
1669500,Vvbj0IJzrk87L+EQhckyU53oLo+2tW+uHovl89ovDKL4uS3kLnvVbxOnVZiFrHc0,0.4301928285663483,0.6215059281920949,0.510799655431561
1669800,Vvbj0IJzrk87L+EQhckyU53oLo+2tW+uHovl89ovDKL4uS3kLnvVbxOnVZiFrHc0,0.4455757818876413,0.7268434383861956,0.5191524283473371
1670100,Vvbj0IJzrk87L+EQhckyU53oLo+2tW+uHovl89ovDKL4uS3kLnvVbxOnVZiFrHc0,0.399259958158519,0.7240808646413041,0.5126509440266624
1670400,Vvbj0IJzrk87L+EQhckyU53oLo+2tW+uHovl89ovDKL4uS3kLnvVbxOnVZiFrHc0,0.3977738209237087,0.6169949336253143,0.4988611171044588
1670700,Vvbj0IJzrk87L+EQhckyU53oLo+2tW+uHovl89ovDKL4uS3kLnvVbxOnVZiFrHc0,0.421751386487832,4.32090152704199,1.43129849807273
1671000,Vvbj0IJzrk87L+EQhckyU53oLo+2tW+uHovl89ovDKL4uS3kLnvVbxOnVZiFrHc0,0.4182034633569353,2.396199261962321,0.709134376668846
1671300,Vvbj0IJzrk87L+EQhckyU53oLo+2tW+uHovl89ovDKL4uS3kLnvVbxOnVZiFrHc0,0.3895258329720006,0.6199719108537938,0.5041202224670721
1671600,Vvbj0IJzrk87L+EQhckyU53oLo+2tW+uHovl89ovDKL4uS3kLnvVbxOnVZiFrHc0,0.3995626895633342,0.7442919961286372,0.4986780266031272
1671900,Vvbj0IJzrk87L+EQhckyU53oLo+2tW+uHovl89ovDKL4uS3kLnvVbxOnVZiFrHc0,0.4119934930027614,0.6367521101797537,0.5065292325940633
1672200,Vvbj0IJzrk87L+EQhckyU53oLo+2tW+uHovl89ovDKL4uS3kLnvVbxOnVZiFrHc0,0.4068464307958961,0.6526919198693879,0.503620329904533
1672500,Vvbj0IJzrk87L+EQhckyU53oLo+2tW+uHovl89ovDKL4uS3kLnvVbxOnVZiFrHc0,0.4191084204606086,0.82062905757448,0.5535930157791554
1672800,Vvbj0IJzrk87L+EQhckyU53oLo+2tW+uHovl89ovDKL4uS3kLnvVbxOnVZiFrHc0,0.4135966130731598,11.664938712305116,1.7392135050108275
1673100,Vvbj0IJzrk87L+EQhckyU53oLo+2tW+uHovl89ovDKL4uS3kLnvVbxOnVZiFrHc0,0.4050792043379427,0.6511203817638856,0.5203453520427822
1673400,Vvbj0IJzrk87L+EQhckyU53oLo+2tW+uHovl89ovDKL4uS3kLnvVbxOnVZiFrHc0,0.3880884788221642,0.7615969734826344,0.524201148641942
1673700,Vvbj0IJzrk87L+EQhckyU53oLo+2tW+uHovl89ovDKL4uS3kLnvVbxOnVZiFrHc0,0.4114703108396456,0.7145020032045801,0.5324664389944205
1674000,Vvbj0IJzrk87L+EQhckyU53oLo+2tW+uHovl89ovDKL4uS3kLnvVbxOnVZiFrHc0,0.3955853074283473,0.6546975800090655,0.5008008066609663
1674300,Vvbj0IJzrk87L+EQhckyU53oLo+2tW+uHovl89ovDKL4uS3kLnvVbxOnVZiFrHc0,0.3948344203056866,0.7996658516728372,0.5203118167540394
1674600,Vvbj0IJzrk87L+EQhckyU53oLo+2tW+uHovl89ovDKL4uS3kLnvVbxOnVZiFrHc0,0.4014748907658797,4.884588009663048,1.6216327163761033
1674900,Vvbj0IJzrk87L+EQhckyU53oLo+2tW+uHovl89ovDKL4uS3kLnvVbxOnVZiFrHc0,0.3827189904288914,0.648535061594786,0.4913433071305626
1675200,Vvbj0IJzrk87L+EQhckyU53oLo+2tW+uHovl89ovDKL4uS3kLnvVbxOnVZiFrHc0,0.4018888037770945,0.7328541795825466,0.5108112266539526
1675500,Vvbj0IJzrk87L+EQhckyU53oLo+2tW+uHovl89ovDKL4uS3kLnvVbxOnVZiFrHc0,0.3945803955688528,0.6560968114585094,0.4971546625227972
1675800,Vvbj0IJzrk87L+EQhckyU53oLo+2tW+uHovl89ovDKL4uS3kLnvVbxOnVZiFrHc0,0.394151790055966,0.6321437619831455,0.4893099302536893
1676100,Vvbj0IJzrk87L+EQhckyU53oLo+2tW+uHovl89ovDKL4uS3kLnvVbxOnVZiFrHc0,0.4367652982952942,0.7880582716183703,0.5490252580194634
1676400,Vvbj0IJzrk87L+EQhckyU53oLo+2tW+uHovl89ovDKL4uS3kLnvVbxOnVZiFrHc0,0.4040893828396997,0.6318681232911173,0.5205384983553756
1676700,Vvbj0IJzrk87L+EQhckyU53oLo+2tW+uHovl89ovDKL4uS3kLnvVbxOnVZiFrHc0,0.4063044834471644,11.869424929536304,1.7145143149386337
1677000,Vvbj0IJzrk87L+EQhckyU53oLo+2tW+uHovl89ovDKL4uS3kLnvVbxOnVZiFrHc0,0.4057608430954265,0.7489958996773395,0.5185250991269863
1677300,Vvbj0IJzrk87L+EQhckyU53oLo+2tW+uHovl89ovDKL4uS3kLnvVbxOnVZiFrHc0,0.40084582570604,0.7047897203223032,0.5198837682266401
1677600,Vvbj0IJzrk87L+EQhckyU53oLo+2tW+uHovl89ovDKL4uS3kLnvVbxOnVZiFrHc0,0.3931447524577064,0.6133325098602248,0.4817070583025341
1677900,Vvbj0IJzrk87L+EQhckyU53oLo+2tW+uHovl89ovDKL4uS3kLnvVbxOnVZiFrHc0,0.4019850229042063,0.7717959850049677,0.516945882517085
1678200,Vvbj0IJzrk87L+EQhckyU53oLo+2tW+uHovl89ovDKL4uS3kLnvVbxOnVZiFrHc0,0.3827865185623486,4.64677597454733,1.6422941158499706
1678500,Vvbj0IJzrk87L+EQhckyU53oLo+2tW+uHovl89ovDKL4uS3kLnvVbxOnVZiFrHc0,0.3925520419164755,0.6211885957414194,0.4964444179458941
1678800,Vvbj0IJzrk87L+EQhckyU53oLo+2tW+uHovl89ovDKL4uS3kLnvVbxOnVZiFrHc0,0.4131401288427659,0.7259790633896644,0.5082773185971593
1679100,Vvbj0IJzrk87L+EQhckyU53oLo+2tW+uHovl89ovDKL4uS3kLnvVbxOnVZiFrHc0,0.398031381898117,0.6451125478757366,0.5157612665814671
1679400,Vvbj0IJzrk87L+EQhckyU53oLo+2tW+uHovl89ovDKL4uS3kLnvVbxOnVZiFrHc0,0.4057096503633594,0.639981841185625,0.4965480403815119
1679700,Vvbj0IJzrk87L+EQhckyU53oLo+2tW+uHovl89ovDKL4uS3kLnvVbxOnVZiFrHc0,0.4112472864144087,0.8270068432031797,0.5587219596573219
1680000,Vvbj0IJzrk87L+EQhckyU53oLo+2tW+uHovl89ovDKL4uS3kLnvVbxOnVZiFrHc0,0.409667257243908,0.666474383344297,0.5220714539903955
1680300,Vvbj0IJzrk87L+EQhckyU53oLo+2tW+uHovl89ovDKL4uS3kLnvVbxOnVZiFrHc0,0.3973617022796583,11.559683769768478,1.7211512200706227
1680600,Vvbj0IJzrk87L+EQhckyU53oLo+2tW+uHovl89ovDKL4uS3kLnvVbxOnVZiFrHc0,0.3862426835159952,0.6930138674257786,0.5243640934421194
1680900,Vvbj0IJzrk87L+EQhckyU53oLo+2tW+uHovl89ovDKL4uS3kLnvVbxOnVZiFrHc0,0.3862672298466401,0.707659154272204,0.4857782150239587
1681200,Vvbj0IJzrk87L+EQhckyU53oLo+2tW+uHovl89ovDKL4uS3kLnvVbxOnVZiFrHc0,0.3920531664199067,0.7171299551386887,0.5027045304382252
1681500,Vvbj0IJzrk87L+EQhckyU53oLo+2tW+uHovl89ovDKL4uS3kLnvVbxOnVZiFrHc0,0.3833034565577043,0.6365272709613325,0.5116863642113227
1681800,Vvbj0IJzrk87L+EQhckyU53oLo+2tW+uHovl89ovDKL4uS3kLnvVbxOnVZiFrHc0,0.3803088725783864,4.2277704864731485,1.988139729905035
1682100,Vvbj0IJzrk87L+EQhckyU53oLo+2tW+uHovl89ovDKL4uS3kLnvVbxOnVZiFrHc0,0.3889718261142846,0.9550637364138232,0.5413924578933025
1682400,Vvbj0IJzrk87L+EQhckyU53oLo+2tW+uHovl89ovDKL4uS3kLnvVbxOnVZiFrHc0,0.3812058911474516,0.6173156292328678,0.5005503202391642
1682700,Vvbj0IJzrk87L+EQhckyU53oLo+2tW+uHovl89ovDKL4uS3kLnvVbxOnVZiFrHc0,0.3927087635359009,0.6980587137179188,0.4908283331573638
1683000,Vvbj0IJzrk87L+EQhckyU53oLo+2tW+uHovl89ovDKL4uS3kLnvVbxOnVZiFrHc0,0.3907798442173658,0.7113292895034671,0.4983486696448085
1683300,Vvbj0IJzrk87L+EQhckyU53oLo+2tW+uHovl89ovDKL4uS3kLnvVbxOnVZiFrHc0,0.4069525028025817,0.8369768223258843,0.5557783759002923
1683600,Vvbj0IJzrk87L+EQhckyU53oLo+2tW+uHovl89ovDKL4uS3kLnvVbxOnVZiFrHc0,0.3819643839025183,0.6739738945215731,0.5006125080194745
1683900,Vvbj0IJzrk87L+EQhckyU53oLo+2tW+uHovl89ovDKL4uS3kLnvVbxOnVZiFrHc0,0.4095245434492282,11.27477091101202,1.7232379880016768
1684200,Vvbj0IJzrk87L+EQhckyU53oLo+2tW+uHovl89ovDKL4uS3kLnvVbxOnVZiFrHc0,0.3911036171279448,0.6541616195541237,0.5134777986257439
1684500,Vvbj0IJzrk87L+EQhckyU53oLo+2tW+uHovl89ovDKL4uS3kLnvVbxOnVZiFrHc0,0.3846883747783143,0.6997265134707269,0.4976125655878752
1684800,Vvbj0IJzrk87L+EQhckyU53oLo+2tW+uHovl89ovDKL4uS3kLnvVbxOnVZiFrHc0,0.3867535450666454,0.7777854299723747,0.5113861572748105
1685100,Vvbj0IJzrk87L+EQhckyU53oLo+2tW+uHovl89ovDKL4uS3kLnvVbxOnVZiFrHc0,0.3995634917409028,0.6330902524736901,0.5136921436727105
1685400,Vvbj0IJzrk87L+EQhckyU53oLo+2tW+uHovl89ovDKL4uS3kLnvVbxOnVZiFrHc0,0.4005726478631307,0.7145499656326427,0.4987099807715144
1685700,Vvbj0IJzrk87L+EQhckyU53oLo+2tW+uHovl89ovDKL4uS3kLnvVbxOnVZiFrHc0,0.409969014991188,4.9141421189888765,1.6699124000447247
1686000,Vvbj0IJzrk87L+EQhckyU53oLo+2tW+uHovl89ovDKL4uS3kLnvVbxOnVZiFrHc0,0.4202230206980521,0.6112690512413143,0.5070731641959529
1686300,Vvbj0IJzrk87L+EQhckyU53oLo+2tW+uHovl89ovDKL4uS3kLnvVbxOnVZiFrHc0,0.3830285226460669,0.6369925790979772,0.4998264748602397
1686600,Vvbj0IJzrk87L+EQhckyU53oLo+2tW+uHovl89ovDKL4uS3kLnvVbxOnVZiFrHc0,0.4002134163857927,0.7288684022779741,0.500564546669345
1686900,Vvbj0IJzrk87L+EQhckyU53oLo+2tW+uHovl89ovDKL4uS3kLnvVbxOnVZiFrHc0,0.3878362845639425,1.060065235403459,0.5695067508489684
1687200,Vvbj0IJzrk87L+EQhckyU53oLo+2tW+uHovl89ovDKL4uS3kLnvVbxOnVZiFrHc0,0.385994148891385,0.6606602168676868,0.5046829426548626
1687500,Vvbj0IJzrk87L+EQhckyU53oLo+2tW+uHovl89ovDKL4uS3kLnvVbxOnVZiFrHc0,0.397094890532066,11.47352806611848,1.850552210773498
1687800,Vvbj0IJzrk87L+EQhckyU53oLo+2tW+uHovl89ovDKL4uS3kLnvVbxOnVZiFrHc0,0.3871329765007717,0.6607962414239446,0.5129943525253972
1688100,Vvbj0IJzrk87L+EQhckyU53oLo+2tW+uHovl89ovDKL4uS3kLnvVbxOnVZiFrHc0,0.4049482153341595,0.6189413150939918,0.5000177801251906
1688400,Vvbj0IJzrk87L+EQhckyU53oLo+2tW+uHovl89ovDKL4uS3kLnvVbxOnVZiFrHc0,0.3943887698017321,0.7729636325767307,0.517578755459259
1688700,Vvbj0IJzrk87L+EQhckyU53oLo+2tW+uHovl89ovDKL4uS3kLnvVbxOnVZiFrHc0,0.4166532773382989,0.6233374315706599,0.5134997884344211
1689000,Vvbj0IJzrk87L+EQhckyU53oLo+2tW+uHovl89ovDKL4uS3kLnvVbxOnVZiFrHc0,0.4098137646062642,0.6386123935902299,0.4997074693552659
1689300,Vvbj0IJzrk87L+EQhckyU53oLo+2tW+uHovl89ovDKL4uS3kLnvVbxOnVZiFrHc0,0.4097951482554013,4.728148372198258,1.652749775267352
1689600,Vvbj0IJzrk87L+EQhckyU53oLo+2tW+uHovl89ovDKL4uS3kLnvVbxOnVZiFrHc0,0.4060319119384531,0.6154817267016587,0.5085649194660826
1689900,Vvbj0IJzrk87L+EQhckyU53oLo+2tW+uHovl89ovDKL4uS3kLnvVbxOnVZiFrHc0,0.4005362170391853,0.6416479811869058,0.5007849551980472
1690200,Vvbj0IJzrk87L+EQhckyU53oLo+2tW+uHovl89ovDKL4uS3kLnvVbxOnVZiFrHc0,0.3946162191312639,0.7277046259802874,0.5014771268880325
1690500,Vvbj0IJzrk87L+EQhckyU53oLo+2tW+uHovl89ovDKL4uS3kLnvVbxOnVZiFrHc0,0.4149584199805863,0.7424048662428419,0.5437974565494648
1690800,Vvbj0IJzrk87L+EQhckyU53oLo+2tW+uHovl89ovDKL4uS3kLnvVbxOnVZiFrHc0,0.4089808264845485,0.8154602713281721,0.529308085407249
1691100,Vvbj0IJzrk87L+EQhckyU53oLo+2tW+uHovl89ovDKL4uS3kLnvVbxOnVZiFrHc0,0.4047875424172433,11.504216681718422,1.7270905311605451
1691400,Vvbj0IJzrk87L+EQhckyU53oLo+2tW+uHovl89ovDKL4uS3kLnvVbxOnVZiFrHc0,0.3883010250748484,0.7028964996338464,0.5118698660125586
1691700,Vvbj0IJzrk87L+EQhckyU53oLo+2tW+uHovl89ovDKL4uS3kLnvVbxOnVZiFrHc0,0.4254812678704849,0.7763642987581358,0.5160193802477306
1692000,Vvbj0IJzrk87L+EQhckyU53oLo+2tW+uHovl89ovDKL4uS3kLnvVbxOnVZiFrHc0,0.4007941709374377,0.7401662163266133,0.5253549141500855
1692300,Vvbj0IJzrk87L+EQhckyU53oLo+2tW+uHovl89ovDKL4uS3kLnvVbxOnVZiFrHc0,0.3826588121967503,0.7282644157661989,0.5041620152474168
1692600,Vvbj0IJzrk87L+EQhckyU53oLo+2tW+uHovl89ovDKL4uS3kLnvVbxOnVZiFrHc0,0.3941112476929897,0.7777856912660622,0.5070127761643227
1692900,Vvbj0IJzrk87L+EQhckyU53oLo+2tW+uHovl89ovDKL4uS3kLnvVbxOnVZiFrHc0,0.3998944639218182,4.517316262925172,1.6530050064981734
1693200,Vvbj0IJzrk87L+EQhckyU53oLo+2tW+uHovl89ovDKL4uS3kLnvVbxOnVZiFrHc0,0.4033852487491402,0.6733598130802999,0.5046954211602064
1693500,Vvbj0IJzrk87L+EQhckyU53oLo+2tW+uHovl89ovDKL4uS3kLnvVbxOnVZiFrHc0,0.389897610674824,0.8071516251670707,0.510969301826327
1693800,Vvbj0IJzrk87L+EQhckyU53oLo+2tW+uHovl89ovDKL4uS3kLnvVbxOnVZiFrHc0,0.4041504416092207,0.6258385631238996,0.4963842163468328
1694100,Vvbj0IJzrk87L+EQhckyU53oLo+2tW+uHovl89ovDKL4uS3kLnvVbxOnVZiFrHc0,0.3929296422170336,0.8637268354420005,0.5361865012590318
1694400,Vvbj0IJzrk87L+EQhckyU53oLo+2tW+uHovl89ovDKL4uS3kLnvVbxOnVZiFrHc0,0.4052738393128853,0.7967550823968401,0.5162399027164715
1694700,Vvbj0IJzrk87L+EQhckyU53oLo+2tW+uHovl89ovDKL4uS3kLnvVbxOnVZiFrHc0,0.3809686298737795,12.054877771948467,1.7468118068476806
1695000,Vvbj0IJzrk87L+EQhckyU53oLo+2tW+uHovl89ovDKL4uS3kLnvVbxOnVZiFrHc0,0.4050949799901096,0.6782943624682316,0.5000977668037146
1695300,Vvbj0IJzrk87L+EQhckyU53oLo+2tW+uHovl89ovDKL4uS3kLnvVbxOnVZiFrHc0,0.3858425751143669,0.7784411592990488,0.5060746938467373
1695600,Vvbj0IJzrk87L+EQhckyU53oLo+2tW+uHovl89ovDKL4uS3kLnvVbxOnVZiFrHc0,0.3873836443230651,0.6287222652163061,0.5065241564343713
1695900,Vvbj0IJzrk87L+EQhckyU53oLo+2tW+uHovl89ovDKL4uS3kLnvVbxOnVZiFrHc0,0.3962513841026705,0.7319359054884009,0.510058590797224
1696200,Vvbj0IJzrk87L+EQhckyU53oLo+2tW+uHovl89ovDKL4uS3kLnvVbxOnVZiFrHc0,0.3881397417777405,0.7824035847967492,0.5058137030994813
1696500,Vvbj0IJzrk87L+EQhckyU53oLo+2tW+uHovl89ovDKL4uS3kLnvVbxOnVZiFrHc0,0.4135945143847173,4.195788368339505,0.9165856878661984
1696800,Vvbj0IJzrk87L+EQhckyU53oLo+2tW+uHovl89ovDKL4uS3kLnvVbxOnVZiFrHc0,0.3955546230969621,4.161541246370601,1.2238993999281411
1697100,Vvbj0IJzrk87L+EQhckyU53oLo+2tW+uHovl89ovDKL4uS3kLnvVbxOnVZiFrHc0,0.3855475137708898,0.7973559896852177,0.526305199064761
1697400,Vvbj0IJzrk87L+EQhckyU53oLo+2tW+uHovl89ovDKL4uS3kLnvVbxOnVZiFrHc0,0.4231189589634804,0.6298426728302393,0.5122718595688371
1697700,Vvbj0IJzrk87L+EQhckyU53oLo+2tW+uHovl89ovDKL4uS3kLnvVbxOnVZiFrHc0,0.4208578078800354,0.7728480114844412,0.5573395562807983
1698000,Vvbj0IJzrk87L+EQhckyU53oLo+2tW+uHovl89ovDKL4uS3kLnvVbxOnVZiFrHc0,0.4110084058942143,0.7826779156675753,0.5339824342701287
1698300,Vvbj0IJzrk87L+EQhckyU53oLo+2tW+uHovl89ovDKL4uS3kLnvVbxOnVZiFrHc0,0.4198538182469602,11.66248445880946,1.7238024733616242
1698600,Vvbj0IJzrk87L+EQhckyU53oLo+2tW+uHovl89ovDKL4uS3kLnvVbxOnVZiFrHc0,0.4474234638544553,0.8945193915697027,0.5733549618581532
1698900,Vvbj0IJzrk87L+EQhckyU53oLo+2tW+uHovl89ovDKL4uS3kLnvVbxOnVZiFrHc0,0.4268422599270199,0.8269497224143617,0.5364138898867545
1699200,Vvbj0IJzrk87L+EQhckyU53oLo+2tW+uHovl89ovDKL4uS3kLnvVbxOnVZiFrHc0,0.4151288308392994,0.6912658948128924,0.533932521201716
1699500,Vvbj0IJzrk87L+EQhckyU53oLo+2tW+uHovl89ovDKL4uS3kLnvVbxOnVZiFrHc0,0.4039094360118837,0.7736223668166604,0.5371826583560194
1699800,Vvbj0IJzrk87L+EQhckyU53oLo+2tW+uHovl89ovDKL4uS3kLnvVbxOnVZiFrHc0,0.414569545865743,0.7968341717619987,0.5311382666011565
1700100,Vvbj0IJzrk87L+EQhckyU53oLo+2tW+uHovl89ovDKL4uS3kLnvVbxOnVZiFrHc0,0.4021140043463001,0.6581155025702071,0.5249828225035914
1700400,Vvbj0IJzrk87L+EQhckyU53oLo+2tW+uHovl89ovDKL4uS3kLnvVbxOnVZiFrHc0,0.4133958672040585,4.1159281267117445,1.6843802928950165
1700700,Vvbj0IJzrk87L+EQhckyU53oLo+2tW+uHovl89ovDKL4uS3kLnvVbxOnVZiFrHc0,0.4064009938782603,0.7124532329580161,0.529896660485406
1701000,Vvbj0IJzrk87L+EQhckyU53oLo+2tW+uHovl89ovDKL4uS3kLnvVbxOnVZiFrHc0,0.4085383626393642,0.6700379329692899,0.5149730090152078
1701300,Vvbj0IJzrk87L+EQhckyU53oLo+2tW+uHovl89ovDKL4uS3kLnvVbxOnVZiFrHc0,0.42679125120511,0.7899049395808407,0.583676361651776
1701600,Vvbj0IJzrk87L+EQhckyU53oLo+2tW+uHovl89ovDKL4uS3kLnvVbxOnVZiFrHc0,0.4241345125191453,17.862233619689,2.3850838528903986
1701900,Vvbj0IJzrk87L+EQhckyU53oLo+2tW+uHovl89ovDKL4uS3kLnvVbxOnVZiFrHc0,0.4154927229316359,0.6318104714877756,0.52141612160988
1702200,Vvbj0IJzrk87L+EQhckyU53oLo+2tW+uHovl89ovDKL4uS3kLnvVbxOnVZiFrHc0,0.4128415331494588,12.61291595405072,1.8201783261839728
1702500,Vvbj0IJzrk87L+EQhckyU53oLo+2tW+uHovl89ovDKL4uS3kLnvVbxOnVZiFrHc0,0.4286924851209381,0.7025084149978253,0.5476684490203184
1702800,Vvbj0IJzrk87L+EQhckyU53oLo+2tW+uHovl89ovDKL4uS3kLnvVbxOnVZiFrHc0,0.4219453270275786,88.77754722679826,24.61103217965095
1703100,Vvbj0IJzrk87L+EQhckyU53oLo+2tW+uHovl89ovDKL4uS3kLnvVbxOnVZiFrHc0,83.66315881328804,96.81807485572111,91.21795784746696
1703400,Vvbj0IJzrk87L+EQhckyU53oLo+2tW+uHovl89ovDKL4uS3kLnvVbxOnVZiFrHc0,0.4269121332599242,72.80630856839473,8.672239585009544
1703700,Vvbj0IJzrk87L+EQhckyU53oLo+2tW+uHovl89ovDKL4uS3kLnvVbxOnVZiFrHc0,0.3984561568549984,0.8076955993134252,0.5446588988132441
1704000,Vvbj0IJzrk87L+EQhckyU53oLo+2tW+uHovl89ovDKL4uS3kLnvVbxOnVZiFrHc0,0.4278406329369838,4.487859911633627,1.8394305698802491
1704300,Vvbj0IJzrk87L+EQhckyU53oLo+2tW+uHovl89ovDKL4uS3kLnvVbxOnVZiFrHc0,0.3983318155877202,0.6767513249494964,0.5372320462559229
1704600,Vvbj0IJzrk87L+EQhckyU53oLo+2tW+uHovl89ovDKL4uS3kLnvVbxOnVZiFrHc0,0.4065668788744036,0.6615142596721794,0.5263417171434369
1704900,Vvbj0IJzrk87L+EQhckyU53oLo+2tW+uHovl89ovDKL4uS3kLnvVbxOnVZiFrHc0,0.4075980113083681,0.8205605519529042,0.562417999244118
1705200,Vvbj0IJzrk87L+EQhckyU53oLo+2tW+uHovl89ovDKL4uS3kLnvVbxOnVZiFrHc0,0.4327530522643728,0.6567479730082127,0.5458587897767095
1705500,Vvbj0IJzrk87L+EQhckyU53oLo+2tW+uHovl89ovDKL4uS3kLnvVbxOnVZiFrHc0,0.3837809307829945,0.658555716992861,0.4929038527844603
1705800,Vvbj0IJzrk87L+EQhckyU53oLo+2tW+uHovl89ovDKL4uS3kLnvVbxOnVZiFrHc0,0.4277792853558014,8.573696713971929,1.7713104167617293
1706100,Vvbj0IJzrk87L+EQhckyU53oLo+2tW+uHovl89ovDKL4uS3kLnvVbxOnVZiFrHc0,0.4306295147871204,0.6460086074250476,0.5331829625345897
1706400,Vvbj0IJzrk87L+EQhckyU53oLo+2tW+uHovl89ovDKL4uS3kLnvVbxOnVZiFrHc0,0.4128837934405088,0.6626577004351902,0.5216389233977414
1706700,Vvbj0IJzrk87L+EQhckyU53oLo+2tW+uHovl89ovDKL4uS3kLnvVbxOnVZiFrHc0,0.392120879648866,0.8145859489356982,0.5264055290098727
1707000,Vvbj0IJzrk87L+EQhckyU53oLo+2tW+uHovl89ovDKL4uS3kLnvVbxOnVZiFrHc0,0.396182154805756,0.6476211681751542,0.5307039831154631
1707300,Vvbj0IJzrk87L+EQhckyU53oLo+2tW+uHovl89ovDKL4uS3kLnvVbxOnVZiFrHc0,0.3957038606840513,0.6265650438718933,0.4945101558392702
1707600,Vvbj0IJzrk87L+EQhckyU53oLo+2tW+uHovl89ovDKL4uS3kLnvVbxOnVZiFrHc0,0.4127922015299636,4.164440423876627,1.474929391551806
1707900,Vvbj0IJzrk87L+EQhckyU53oLo+2tW+uHovl89ovDKL4uS3kLnvVbxOnVZiFrHc0,0.4392115714383433,3.5935578180611314,0.8422534780751153
1708200,Vvbj0IJzrk87L+EQhckyU53oLo+2tW+uHovl89ovDKL4uS3kLnvVbxOnVZiFrHc0,0.3959277834294795,0.677514350680605,0.5140315239867471
1708500,Vvbj0IJzrk87L+EQhckyU53oLo+2tW+uHovl89ovDKL4uS3kLnvVbxOnVZiFrHc0,0.4162369684695247,0.7834553162207779,0.5591688625198036
1708800,Vvbj0IJzrk87L+EQhckyU53oLo+2tW+uHovl89ovDKL4uS3kLnvVbxOnVZiFrHc0,0.4099069784487352,0.6547225865644117,0.5470492844799557
1709100,Vvbj0IJzrk87L+EQhckyU53oLo+2tW+uHovl89ovDKL4uS3kLnvVbxOnVZiFrHc0,0.4232372713384718,0.6466565793631657,0.5089881513462858
1709400,Vvbj0IJzrk87L+EQhckyU53oLo+2tW+uHovl89ovDKL4uS3kLnvVbxOnVZiFrHc0,0.4586984820008733,11.993067775434994,1.7940326671813578
1709700,Vvbj0IJzrk87L+EQhckyU53oLo+2tW+uHovl89ovDKL4uS3kLnvVbxOnVZiFrHc0,0.4213994008653384,0.7479799737523681,0.5464386166297273
1710000,Vvbj0IJzrk87L+EQhckyU53oLo+2tW+uHovl89ovDKL4uS3kLnvVbxOnVZiFrHc0,0.4365677735052139,0.675417229561655,0.5249986119261788
1710300,Vvbj0IJzrk87L+EQhckyU53oLo+2tW+uHovl89ovDKL4uS3kLnvVbxOnVZiFrHc0,0.4057258545603609,0.6681560499706262,0.540021527910487
1710600,Vvbj0IJzrk87L+EQhckyU53oLo+2tW+uHovl89ovDKL4uS3kLnvVbxOnVZiFrHc0,0.4050142763062291,0.7455116594080009,0.53125354907196
1710900,Vvbj0IJzrk87L+EQhckyU53oLo+2tW+uHovl89ovDKL4uS3kLnvVbxOnVZiFrHc0,0.399212359264884,0.7542488824630152,0.5334430534564701
1711200,Vvbj0IJzrk87L+EQhckyU53oLo+2tW+uHovl89ovDKL4uS3kLnvVbxOnVZiFrHc0,0.4049250753776771,0.6505080450815643,0.5180276387794848
1711500,Vvbj0IJzrk87L+EQhckyU53oLo+2tW+uHovl89ovDKL4uS3kLnvVbxOnVZiFrHc0,0.4126725204419086,4.208050747776472,1.6822784853239927
1711800,Vvbj0IJzrk87L+EQhckyU53oLo+2tW+uHovl89ovDKL4uS3kLnvVbxOnVZiFrHc0,0.3979026530555532,0.7906780037098132,0.513475030413907
1712100,Vvbj0IJzrk87L+EQhckyU53oLo+2tW+uHovl89ovDKL4uS3kLnvVbxOnVZiFrHc0,0.414573556559957,0.6936845003163087,0.5711561095126929
1712400,Vvbj0IJzrk87L+EQhckyU53oLo+2tW+uHovl89ovDKL4uS3kLnvVbxOnVZiFrHc0,0.4106871490037446,0.6763273904539671,0.5238900846807903
1712700,Vvbj0IJzrk87L+EQhckyU53oLo+2tW+uHovl89ovDKL4uS3kLnvVbxOnVZiFrHc0,0.4045560200072713,0.7315110362580571,0.5185742147190571
1713000,Vvbj0IJzrk87L+EQhckyU53oLo+2tW+uHovl89ovDKL4uS3kLnvVbxOnVZiFrHc0,0.4151118095379212,11.721263665046566,1.7718632527315394
1713300,Vvbj0IJzrk87L+EQhckyU53oLo+2tW+uHovl89ovDKL4uS3kLnvVbxOnVZiFrHc0,0.4150497135167465,0.693062892598421,0.54271395512341
1713600,Vvbj0IJzrk87L+EQhckyU53oLo+2tW+uHovl89ovDKL4uS3kLnvVbxOnVZiFrHc0,0.4121076061437007,0.7401345960125261,0.5322699729450933
1713900,Vvbj0IJzrk87L+EQhckyU53oLo+2tW+uHovl89ovDKL4uS3kLnvVbxOnVZiFrHc0,0.417675014024901,0.7849758891235674,0.5409986584999168
1714200,Vvbj0IJzrk87L+EQhckyU53oLo+2tW+uHovl89ovDKL4uS3kLnvVbxOnVZiFrHc0,0.4323580527463886,0.7640539995020654,0.5415348491819073
1714500,Vvbj0IJzrk87L+EQhckyU53oLo+2tW+uHovl89ovDKL4uS3kLnvVbxOnVZiFrHc0,0.4055573109271299,0.7988126980391798,0.5326268774220878
1714800,Vvbj0IJzrk87L+EQhckyU53oLo+2tW+uHovl89ovDKL4uS3kLnvVbxOnVZiFrHc0,0.407239086460695,0.6520462864573171,0.5163021401413482
1715100,Vvbj0IJzrk87L+EQhckyU53oLo+2tW+uHovl89ovDKL4uS3kLnvVbxOnVZiFrHc0,0.4384341180233908,4.373993427003165,1.686026910696494
1715400,Vvbj0IJzrk87L+EQhckyU53oLo+2tW+uHovl89ovDKL4uS3kLnvVbxOnVZiFrHc0,0.4032793872603768,0.7765397373051961,0.5191742158337425
1715700,Vvbj0IJzrk87L+EQhckyU53oLo+2tW+uHovl89ovDKL4uS3kLnvVbxOnVZiFrHc0,0.4429632441204797,0.7667852247089191,0.5947672772315586
1716000,Vvbj0IJzrk87L+EQhckyU53oLo+2tW+uHovl89ovDKL4uS3kLnvVbxOnVZiFrHc0,0.4288660708506627,0.686751462924511,0.5226469962088279
1716300,Vvbj0IJzrk87L+EQhckyU53oLo+2tW+uHovl89ovDKL4uS3kLnvVbxOnVZiFrHc0,0.3833006311018628,0.7457980658440541,0.4931730365278736
1716600,Vvbj0IJzrk87L+EQhckyU53oLo+2tW+uHovl89ovDKL4uS3kLnvVbxOnVZiFrHc0,0.4107423359032247,11.847630392469402,1.6933852430865877
1716900,Vvbj0IJzrk87L+EQhckyU53oLo+2tW+uHovl89ovDKL4uS3kLnvVbxOnVZiFrHc0,0.4070332140008975,0.6631835573563601,0.5079292512654936
1717200,Vvbj0IJzrk87L+EQhckyU53oLo+2tW+uHovl89ovDKL4uS3kLnvVbxOnVZiFrHc0,0.4147339330808974,0.780407566167553,0.4982684367452624
1717500,Vvbj0IJzrk87L+EQhckyU53oLo+2tW+uHovl89ovDKL4uS3kLnvVbxOnVZiFrHc0,0.4042006709029705,0.7281489471792476,0.5266297182361577
1717800,Vvbj0IJzrk87L+EQhckyU53oLo+2tW+uHovl89ovDKL4uS3kLnvVbxOnVZiFrHc0,0.4261709899305966,0.7140415488805688,0.5245615362955025
1718100,Vvbj0IJzrk87L+EQhckyU53oLo+2tW+uHovl89ovDKL4uS3kLnvVbxOnVZiFrHc0,0.4310189435549681,0.75432873486835,0.5356389129282584
1718400,Vvbj0IJzrk87L+EQhckyU53oLo+2tW+uHovl89ovDKL4uS3kLnvVbxOnVZiFrHc0,0.4501489676583674,0.6653496003435697,0.520871251305545
1718700,Vvbj0IJzrk87L+EQhckyU53oLo+2tW+uHovl89ovDKL4uS3kLnvVbxOnVZiFrHc0,0.4202383936273137,4.275157766616184,1.6248923273652147
1719000,Vvbj0IJzrk87L+EQhckyU53oLo+2tW+uHovl89ovDKL4uS3kLnvVbxOnVZiFrHc0,0.3926712679855387,0.7740844408933573,0.504226102805761
1719300,Vvbj0IJzrk87L+EQhckyU53oLo+2tW+uHovl89ovDKL4uS3kLnvVbxOnVZiFrHc0,0.4363828272881712,0.744697927148417,0.5649240767121682
1719600,Vvbj0IJzrk87L+EQhckyU53oLo+2tW+uHovl89ovDKL4uS3kLnvVbxOnVZiFrHc0,0.4549742999330287,0.6265437823304068,0.5198023453121398
1719900,Vvbj0IJzrk87L+EQhckyU53oLo+2tW+uHovl89ovDKL4uS3kLnvVbxOnVZiFrHc0,0.4184088538060168,0.7731052604340226,0.5168705666069318
2387700,GEbO4GCYCUDDhA/p+yN1elnSN2p9oxmqwwdP/MiCKuZil6z/80BjHkiBn03rpspy,4.138462694876912,7.521956917598247,4.984789273606072
2388000,GEbO4GCYCUDDhA/p+yN1elnSN2p9oxmqwwdP/MiCKuZil6z/80BjHkiBn03rpspy,4.396568159002422,6.123767459679984,4.962160976353935
2388300,GEbO4GCYCUDDhA/p+yN1elnSN2p9oxmqwwdP/MiCKuZil6z/80BjHkiBn03rpspy,4.1732225854582845,7.8733181365844525,4.970331466213215
2388600,GEbO4GCYCUDDhA/p+yN1elnSN2p9oxmqwwdP/MiCKuZil6z/80BjHkiBn03rpspy,4.201089295251294,5.772857059365547,4.844914210597263
2388900,GEbO4GCYCUDDhA/p+yN1elnSN2p9oxmqwwdP/MiCKuZil6z/80BjHkiBn03rpspy,4.2454168853318,7.735393605463419,4.904638789194478
2389200,GEbO4GCYCUDDhA/p+yN1elnSN2p9oxmqwwdP/MiCKuZil6z/80BjHkiBn03rpspy,4.35674772945146,5.919560240700277,4.867642787309723
2389500,GEbO4GCYCUDDhA/p+yN1elnSN2p9oxmqwwdP/MiCKuZil6z/80BjHkiBn03rpspy,4.535120377788654,7.66574339180479,5.031589775051488
2389800,GEbO4GCYCUDDhA/p+yN1elnSN2p9oxmqwwdP/MiCKuZil6z/80BjHkiBn03rpspy,4.145192549990865,5.943123973456061,4.866689927707725
2390100,GEbO4GCYCUDDhA/p+yN1elnSN2p9oxmqwwdP/MiCKuZil6z/80BjHkiBn03rpspy,4.297597003914213,7.7424987327366654,4.924987895025787
2390400,GEbO4GCYCUDDhA/p+yN1elnSN2p9oxmqwwdP/MiCKuZil6z/80BjHkiBn03rpspy,4.258174781510308,5.523829404519184,4.679611386131894
2390700,GEbO4GCYCUDDhA/p+yN1elnSN2p9oxmqwwdP/MiCKuZil6z/80BjHkiBn03rpspy,4.206607490950332,6.277096701154076,4.8851194651508525
2391000,GEbO4GCYCUDDhA/p+yN1elnSN2p9oxmqwwdP/MiCKuZil6z/80BjHkiBn03rpspy,4.170311619151069,6.299730168479664,4.744232226868051
2391300,GEbO4GCYCUDDhA/p+yN1elnSN2p9oxmqwwdP/MiCKuZil6z/80BjHkiBn03rpspy,4.082341795886276,7.07635127068613,4.842183001488326
2391600,GEbO4GCYCUDDhA/p+yN1elnSN2p9oxmqwwdP/MiCKuZil6z/80BjHkiBn03rpspy,4.402818117671855,4.997709287474193,4.667124813140148
2391900,GEbO4GCYCUDDhA/p+yN1elnSN2p9oxmqwwdP/MiCKuZil6z/80BjHkiBn03rpspy,4.1449642007731535,7.721748052231764,4.916367133399908
2392200,GEbO4GCYCUDDhA/p+yN1elnSN2p9oxmqwwdP/MiCKuZil6z/80BjHkiBn03rpspy,4.468557789382256,6.297505338334909,5.07655319184488
2392500,GEbO4GCYCUDDhA/p+yN1elnSN2p9oxmqwwdP/MiCKuZil6z/80BjHkiBn03rpspy,4.565260019965874,8.273848287023382,5.155584555989801
2392800,GEbO4GCYCUDDhA/p+yN1elnSN2p9oxmqwwdP/MiCKuZil6z/80BjHkiBn03rpspy,4.404883811840414,6.027295523556377,4.962267494607807
2393100,GEbO4GCYCUDDhA/p+yN1elnSN2p9oxmqwwdP/MiCKuZil6z/80BjHkiBn03rpspy,4.334063619576825,9.130337374893395,5.78691490087772
2393400,GEbO4GCYCUDDhA/p+yN1elnSN2p9oxmqwwdP/MiCKuZil6z/80BjHkiBn03rpspy,4.290095366023041,6.4923310643889,4.906082505617952
2393700,GEbO4GCYCUDDhA/p+yN1elnSN2p9oxmqwwdP/MiCKuZil6z/80BjHkiBn03rpspy,4.131475716667677,7.858513936251547,4.884215124000134
2394000,GEbO4GCYCUDDhA/p+yN1elnSN2p9oxmqwwdP/MiCKuZil6z/80BjHkiBn03rpspy,4.361599187321999,6.555796692296447,4.803026344604072
2394300,GEbO4GCYCUDDhA/p+yN1elnSN2p9oxmqwwdP/MiCKuZil6z/80BjHkiBn03rpspy,4.311211999860534,7.5209266471464,4.9218924964189394
2394600,GEbO4GCYCUDDhA/p+yN1elnSN2p9oxmqwwdP/MiCKuZil6z/80BjHkiBn03rpspy,4.268016514130308,5.738137905316526,4.709315169840995
2394900,GEbO4GCYCUDDhA/p+yN1elnSN2p9oxmqwwdP/MiCKuZil6z/80BjHkiBn03rpspy,4.222554999991377,7.666504254282644,4.914498546092925
2395200,GEbO4GCYCUDDhA/p+yN1elnSN2p9oxmqwwdP/MiCKuZil6z/80BjHkiBn03rpspy,4.342945236516175,5.844514799193092,4.80294953449352
2395500,GEbO4GCYCUDDhA/p+yN1elnSN2p9oxmqwwdP/MiCKuZil6z/80BjHkiBn03rpspy,4.025539163222184,8.130907031170125,5.002246443837102
2395800,GEbO4GCYCUDDhA/p+yN1elnSN2p9oxmqwwdP/MiCKuZil6z/80BjHkiBn03rpspy,4.266270592419352,6.771542652135046,5.038123956736787
2396100,GEbO4GCYCUDDhA/p+yN1elnSN2p9oxmqwwdP/MiCKuZil6z/80BjHkiBn03rpspy,4.302980394663833,8.299078741707614,5.068873092602593
2396400,GEbO4GCYCUDDhA/p+yN1elnSN2p9oxmqwwdP/MiCKuZil6z/80BjHkiBn03rpspy,4.278757107563448,6.309421089409272,5.062192692039613
2396700,GEbO4GCYCUDDhA/p+yN1elnSN2p9oxmqwwdP/MiCKuZil6z/80BjHkiBn03rpspy,4.111919984833973,7.649023172518406,4.882715526506598
2397000,GEbO4GCYCUDDhA/p+yN1elnSN2p9oxmqwwdP/MiCKuZil6z/80BjHkiBn03rpspy,4.136416443732425,6.008245389041955,4.802980445051672
2397300,GEbO4GCYCUDDhA/p+yN1elnSN2p9oxmqwwdP/MiCKuZil6z/80BjHkiBn03rpspy,4.119780625436307,5.34301010544385,4.61619887062911
2397600,GEbO4GCYCUDDhA/p+yN1elnSN2p9oxmqwwdP/MiCKuZil6z/80BjHkiBn03rpspy,4.3313086186078245,6.847290225006092,4.870003617080962
2397900,GEbO4GCYCUDDhA/p+yN1elnSN2p9oxmqwwdP/MiCKuZil6z/80BjHkiBn03rpspy,4.1325575995962,5.966372899248378,4.64466758727327
2398200,GEbO4GCYCUDDhA/p+yN1elnSN2p9oxmqwwdP/MiCKuZil6z/80BjHkiBn03rpspy,4.201053922405207,7.997724042024186,4.917585308138355
2398500,GEbO4GCYCUDDhA/p+yN1elnSN2p9oxmqwwdP/MiCKuZil6z/80BjHkiBn03rpspy,4.013007255303688,5.670759586424792,4.518214585116193
2398800,GEbO4GCYCUDDhA/p+yN1elnSN2p9oxmqwwdP/MiCKuZil6z/80BjHkiBn03rpspy,3.8261680937838287,7.55608375511896,4.964584796330096
2399100,GEbO4GCYCUDDhA/p+yN1elnSN2p9oxmqwwdP/MiCKuZil6z/80BjHkiBn03rpspy,4.293985822006533,6.006148172149754,4.7347358871917615
2399400,GEbO4GCYCUDDhA/p+yN1elnSN2p9oxmqwwdP/MiCKuZil6z/80BjHkiBn03rpspy,4.1655160716931166,7.986730099260423,5.018258841719353
2399700,GEbO4GCYCUDDhA/p+yN1elnSN2p9oxmqwwdP/MiCKuZil6z/80BjHkiBn03rpspy,4.296125069014648,4.822119113218657,4.561989623091248
2400000,GEbO4GCYCUDDhA/p+yN1elnSN2p9oxmqwwdP/MiCKuZil6z/80BjHkiBn03rpspy,4.2164847493612125,7.56215601546581,5.04624155626244
2400300,GEbO4GCYCUDDhA/p+yN1elnSN2p9oxmqwwdP/MiCKuZil6z/80BjHkiBn03rpspy,4.3216799226433285,5.842713219272845,4.8840799769419565
2400600,GEbO4GCYCUDDhA/p+yN1elnSN2p9oxmqwwdP/MiCKuZil6z/80BjHkiBn03rpspy,4.280414880007335,8.42267091686922,5.047787506089785
2400900,GEbO4GCYCUDDhA/p+yN1elnSN2p9oxmqwwdP/MiCKuZil6z/80BjHkiBn03rpspy,4.124948211796319,5.629843828160608,4.652116470001102
2401200,GEbO4GCYCUDDhA/p+yN1elnSN2p9oxmqwwdP/MiCKuZil6z/80BjHkiBn03rpspy,4.296177161974905,7.832207873022275,5.015725109586245
2401500,GEbO4GCYCUDDhA/p+yN1elnSN2p9oxmqwwdP/MiCKuZil6z/80BjHkiBn03rpspy,4.247139219429603,5.713219206528919,4.65254300086205
2401800,GEbO4GCYCUDDhA/p+yN1elnSN2p9oxmqwwdP/MiCKuZil6z/80BjHkiBn03rpspy,4.314470651284824,7.775286251553615,4.97210285949014
2402100,GEbO4GCYCUDDhA/p+yN1elnSN2p9oxmqwwdP/MiCKuZil6z/80BjHkiBn03rpspy,4.0175596520043015,6.213920148448193,4.703195169222612
2402400,GEbO4GCYCUDDhA/p+yN1elnSN2p9oxmqwwdP/MiCKuZil6z/80BjHkiBn03rpspy,4.073593873834791,7.89462119154298,4.942916524264924
2402700,GEbO4GCYCUDDhA/p+yN1elnSN2p9oxmqwwdP/MiCKuZil6z/80BjHkiBn03rpspy,4.084821219346468,5.58415333227574,4.61390655169946
2403000,GEbO4GCYCUDDhA/p+yN1elnSN2p9oxmqwwdP/MiCKuZil6z/80BjHkiBn03rpspy,4.124937571471084,7.621103874886453,4.832133515436125
2403300,GEbO4GCYCUDDhA/p+yN1elnSN2p9oxmqwwdP/MiCKuZil6z/80BjHkiBn03rpspy,4.224590758704691,5.815000435942598,4.598467313674359
2403600,GEbO4GCYCUDDhA/p+yN1elnSN2p9oxmqwwdP/MiCKuZil6z/80BjHkiBn03rpspy,4.044510340597471,7.5060297265840275,4.780790057572243
2403900,GEbO4GCYCUDDhA/p+yN1elnSN2p9oxmqwwdP/MiCKuZil6z/80BjHkiBn03rpspy,4.237229689631932,4.924025587485179,4.536672150573367
2404200,GEbO4GCYCUDDhA/p+yN1elnSN2p9oxmqwwdP/MiCKuZil6z/80BjHkiBn03rpspy,4.114538140162847,8.126197538757928,4.905901228634838
2404500,GEbO4GCYCUDDhA/p+yN1elnSN2p9oxmqwwdP/MiCKuZil6z/80BjHkiBn03rpspy,4.011234176865152,5.834073403357623,4.579272259677359
2404800,GEbO4GCYCUDDhA/p+yN1elnSN2p9oxmqwwdP/MiCKuZil6z/80BjHkiBn03rpspy,4.1367668020118185,6.890559146419163,4.779484750088081
2405100,GEbO4GCYCUDDhA/p+yN1elnSN2p9oxmqwwdP/MiCKuZil6z/80BjHkiBn03rpspy,4.068497945787276,6.85580488271967,4.686870998821317
2405400,GEbO4GCYCUDDhA/p+yN1elnSN2p9oxmqwwdP/MiCKuZil6z/80BjHkiBn03rpspy,4.064166377902463,7.60998568514329,4.877272540309126
2405700,GEbO4GCYCUDDhA/p+yN1elnSN2p9oxmqwwdP/MiCKuZil6z/80BjHkiBn03rpspy,3.9107846517378113,6.5556617664466845,4.560484007571847
2406000,GEbO4GCYCUDDhA/p+yN1elnSN2p9oxmqwwdP/MiCKuZil6z/80BjHkiBn03rpspy,4.136431940493496,7.925837318466728,4.810308471523688
2406300,GEbO4GCYCUDDhA/p+yN1elnSN2p9oxmqwwdP/MiCKuZil6z/80BjHkiBn03rpspy,4.091762713083183,6.196370565959608,4.502635983350692
2406600,GEbO4GCYCUDDhA/p+yN1elnSN2p9oxmqwwdP/MiCKuZil6z/80BjHkiBn03rpspy,4.107692308422308,8.287604861453174,4.8746162272340605
2406900,GEbO4GCYCUDDhA/p+yN1elnSN2p9oxmqwwdP/MiCKuZil6z/80BjHkiBn03rpspy,4.096760477634864,6.048144651915341,4.541843870366123
2407200,GEbO4GCYCUDDhA/p+yN1elnSN2p9oxmqwwdP/MiCKuZil6z/80BjHkiBn03rpspy,3.995230961357384,6.7475111074191805,4.7435280615411815
2407500,GEbO4GCYCUDDhA/p+yN1elnSN2p9oxmqwwdP/MiCKuZil6z/80BjHkiBn03rpspy,4.044938587388488,10.33562524517498,5.142928198386687
2407800,GEbO4GCYCUDDhA/p+yN1elnSN2p9oxmqwwdP/MiCKuZil6z/80BjHkiBn03rpspy,4.044106119758524,7.599569392139246,4.880945568402485
2408100,GEbO4GCYCUDDhA/p+yN1elnSN2p9oxmqwwdP/MiCKuZil6z/80BjHkiBn03rpspy,3.952123113465324,5.740701123940654,4.5358677688004665
2408400,GEbO4GCYCUDDhA/p+yN1elnSN2p9oxmqwwdP/MiCKuZil6z/80BjHkiBn03rpspy,3.8640673419923535,7.824348684497607,4.81167399764921
2408700,GEbO4GCYCUDDhA/p+yN1elnSN2p9oxmqwwdP/MiCKuZil6z/80BjHkiBn03rpspy,4.05881213564763,6.0176491030949455,4.546493831854631
2409000,GEbO4GCYCUDDhA/p+yN1elnSN2p9oxmqwwdP/MiCKuZil6z/80BjHkiBn03rpspy,4.04658032113336,8.01855844521801,4.89543887443551
2409300,GEbO4GCYCUDDhA/p+yN1elnSN2p9oxmqwwdP/MiCKuZil6z/80BjHkiBn03rpspy,3.9607790698759553,6.181075398511327,4.654269013368633
2409600,GEbO4GCYCUDDhA/p+yN1elnSN2p9oxmqwwdP/MiCKuZil6z/80BjHkiBn03rpspy,3.886109000336746,7.679052492241952,4.670916283250221
2409900,GEbO4GCYCUDDhA/p+yN1elnSN2p9oxmqwwdP/MiCKuZil6z/80BjHkiBn03rpspy,4.043902438162681,6.214911300453956,4.592905330547817
2410200,GEbO4GCYCUDDhA/p+yN1elnSN2p9oxmqwwdP/MiCKuZil6z/80BjHkiBn03rpspy,4.146615567737308,8.138350502642714,4.941761799528726
2410500,GEbO4GCYCUDDhA/p+yN1elnSN2p9oxmqwwdP/MiCKuZil6z/80BjHkiBn03rpspy,4.08136333245461,5.021873178305599,4.428517183246149
2410800,GEbO4GCYCUDDhA/p+yN1elnSN2p9oxmqwwdP/MiCKuZil6z/80BjHkiBn03rpspy,4.17417470246988,7.705734224734465,4.806735999889203
2411100,GEbO4GCYCUDDhA/p+yN1elnSN2p9oxmqwwdP/MiCKuZil6z/80BjHkiBn03rpspy,4.091910921373236,5.77614085240226,4.623089687325353
2411400,GEbO4GCYCUDDhA/p+yN1elnSN2p9oxmqwwdP/MiCKuZil6z/80BjHkiBn03rpspy,4.160252104406531,7.62803734508188,4.856807855015284
2411700,GEbO4GCYCUDDhA/p+yN1elnSN2p9oxmqwwdP/MiCKuZil6z/80BjHkiBn03rpspy,4.203511900633595,5.4540348572138875,4.576122356878214
2412000,GEbO4GCYCUDDhA/p+yN1elnSN2p9oxmqwwdP/MiCKuZil6z/80BjHkiBn03rpspy,4.451791587453584,7.563053748263688,4.9680463340863765
2412300,GEbO4GCYCUDDhA/p+yN1elnSN2p9oxmqwwdP/MiCKuZil6z/80BjHkiBn03rpspy,4.113413530316427,5.537566634008742,4.57118787722113
2412600,GEbO4GCYCUDDhA/p+yN1elnSN2p9oxmqwwdP/MiCKuZil6z/80BjHkiBn03rpspy,3.9014652177239744,7.905388007591024,4.922507293131931
2412900,GEbO4GCYCUDDhA/p+yN1elnSN2p9oxmqwwdP/MiCKuZil6z/80BjHkiBn03rpspy,3.8232000591600297,5.56322910771039,4.533845562078497
2413200,GEbO4GCYCUDDhA/p+yN1elnSN2p9oxmqwwdP/MiCKuZil6z/80BjHkiBn03rpspy,4.142169415443576,7.383935156312022,4.843203049960583
2413500,GEbO4GCYCUDDhA/p+yN1elnSN2p9oxmqwwdP/MiCKuZil6z/80BjHkiBn03rpspy,4.1594083696766715,5.8195888581991,4.536067992401308
2413800,GEbO4GCYCUDDhA/p+yN1elnSN2p9oxmqwwdP/MiCKuZil6z/80BjHkiBn03rpspy,3.9299606904994073,8.011005109969542,4.860782485743109
2414100,GEbO4GCYCUDDhA/p+yN1elnSN2p9oxmqwwdP/MiCKuZil6z/80BjHkiBn03rpspy,3.909096379099871,6.01144877593952,4.518613828779901
2414400,GEbO4GCYCUDDhA/p+yN1elnSN2p9oxmqwwdP/MiCKuZil6z/80BjHkiBn03rpspy,4.130474765043505,6.083959447007902,4.732828306399459
2414700,GEbO4GCYCUDDhA/p+yN1elnSN2p9oxmqwwdP/MiCKuZil6z/80BjHkiBn03rpspy,4.259484592257621,6.124403200983257,4.678243586966439
2415000,GEbO4GCYCUDDhA/p+yN1elnSN2p9oxmqwwdP/MiCKuZil6z/80BjHkiBn03rpspy,4.174786031914327,7.422193747648387,5.03115445915901
2415300,GEbO4GCYCUDDhA/p+yN1elnSN2p9oxmqwwdP/MiCKuZil6z/80BjHkiBn03rpspy,3.972480436417433,4.9016608806154816,4.500698833081385
2415600,GEbO4GCYCUDDhA/p+yN1elnSN2p9oxmqwwdP/MiCKuZil6z/80BjHkiBn03rpspy,4.3656017142528825,6.385000634030352,4.84571466746235
2415900,GEbO4GCYCUDDhA/p+yN1elnSN2p9oxmqwwdP/MiCKuZil6z/80BjHkiBn03rpspy,4.237768271330827,5.558379053855729,4.636285894074408
2416200,GEbO4GCYCUDDhA/p+yN1elnSN2p9oxmqwwdP/MiCKuZil6z/80BjHkiBn03rpspy,4.10602463869088,6.831886832806568,4.679469324262305
2416500,GEbO4GCYCUDDhA/p+yN1elnSN2p9oxmqwwdP/MiCKuZil6z/80BjHkiBn03rpspy,3.9767989006367537,5.988584553786714,4.653737969289269
2416800,GEbO4GCYCUDDhA/p+yN1elnSN2p9oxmqwwdP/MiCKuZil6z/80BjHkiBn03rpspy,4.028014374279787,7.718919325116864,4.8612560779702925
2417100,GEbO4GCYCUDDhA/p+yN1elnSN2p9oxmqwwdP/MiCKuZil6z/80BjHkiBn03rpspy,4.297476560580411,5.602804688588203,4.7563297774540265
2417400,GEbO4GCYCUDDhA/p+yN1elnSN2p9oxmqwwdP/MiCKuZil6z/80BjHkiBn03rpspy,4.051428736026514,7.463688882968897,5.046246949432148
2417700,GEbO4GCYCUDDhA/p+yN1elnSN2p9oxmqwwdP/MiCKuZil6z/80BjHkiBn03rpspy,4.237167094720731,6.4941620720524345,4.719065868837625
2418000,GEbO4GCYCUDDhA/p+yN1elnSN2p9oxmqwwdP/MiCKuZil6z/80BjHkiBn03rpspy,4.2136080991180505,8.113575147153526,4.928380666810249
2418300,GEbO4GCYCUDDhA/p+yN1elnSN2p9oxmqwwdP/MiCKuZil6z/80BjHkiBn03rpspy,4.234150928641958,6.318788111322513,4.65411848494677
2418600,GEbO4GCYCUDDhA/p+yN1elnSN2p9oxmqwwdP/MiCKuZil6z/80BjHkiBn03rpspy,4.103895380122579,7.278671139956882,4.899700198895573
2418900,GEbO4GCYCUDDhA/p+yN1elnSN2p9oxmqwwdP/MiCKuZil6z/80BjHkiBn03rpspy,4.124697633036672,5.801567366838229,4.704362878816921
2419200,GEbO4GCYCUDDhA/p+yN1elnSN2p9oxmqwwdP/MiCKuZil6z/80BjHkiBn03rpspy,4.3861184813776575,8.104859717008953,5.157198600039254
2419500,GEbO4GCYCUDDhA/p+yN1elnSN2p9oxmqwwdP/MiCKuZil6z/80BjHkiBn03rpspy,4.465958642449949,6.393320761694161,4.905987771734513
2419800,GEbO4GCYCUDDhA/p+yN1elnSN2p9oxmqwwdP/MiCKuZil6z/80BjHkiBn03rpspy,4.426772484967152,7.782431530484886,5.0815126187485005
2420100,GEbO4GCYCUDDhA/p+yN1elnSN2p9oxmqwwdP/MiCKuZil6z/80BjHkiBn03rpspy,4.122040763865233,6.04940495743586,4.663551901491205
2420400,GEbO4GCYCUDDhA/p+yN1elnSN2p9oxmqwwdP/MiCKuZil6z/80BjHkiBn03rpspy,4.297906694539537,7.397863825852366,4.896572878367176
2420700,GEbO4GCYCUDDhA/p+yN1elnSN2p9oxmqwwdP/MiCKuZil6z/80BjHkiBn03rpspy,4.320287640670689,6.092297670941368,4.7564510855243
2421000,GEbO4GCYCUDDhA/p+yN1elnSN2p9oxmqwwdP/MiCKuZil6z/80BjHkiBn03rpspy,4.245093462995572,8.296729811583564,4.95345194348494
2421300,GEbO4GCYCUDDhA/p+yN1elnSN2p9oxmqwwdP/MiCKuZil6z/80BjHkiBn03rpspy,4.0812744812296256,5.992675824270944,4.646627728670303
2421600,GEbO4GCYCUDDhA/p+yN1elnSN2p9oxmqwwdP/MiCKuZil6z/80BjHkiBn03rpspy,4.528133557551658,7.662131885307834,5.103101783997498
2421900,GEbO4GCYCUDDhA/p+yN1elnSN2p9oxmqwwdP/MiCKuZil6z/80BjHkiBn03rpspy,4.126216930464006,5.9628960561410285,4.698831963522315
2422200,GEbO4GCYCUDDhA/p+yN1elnSN2p9oxmqwwdP/MiCKuZil6z/80BjHkiBn03rpspy,4.151336902776832,7.560144498106733,4.957339476191112
2422500,GEbO4GCYCUDDhA/p+yN1elnSN2p9oxmqwwdP/MiCKuZil6z/80BjHkiBn03rpspy,3.8891205664974686,11.119621183940984,5.368965061759342
2422800,GEbO4GCYCUDDhA/p+yN1elnSN2p9oxmqwwdP/MiCKuZil6z/80BjHkiBn03rpspy,4.199663798605463,7.616415203215726,4.878643821558695
2423100,GEbO4GCYCUDDhA/p+yN1elnSN2p9oxmqwwdP/MiCKuZil6z/80BjHkiBn03rpspy,4.092258367472752,5.169635125952516,4.529649607800006
2423400,GEbO4GCYCUDDhA/p+yN1elnSN2p9oxmqwwdP/MiCKuZil6z/80BjHkiBn03rpspy,4.074541653640516,6.342600552401128,4.733252233263368
2423700,GEbO4GCYCUDDhA/p+yN1elnSN2p9oxmqwwdP/MiCKuZil6z/80BjHkiBn03rpspy,3.961567927904499,5.48671229728705,4.50065287707081
2424000,GEbO4GCYCUDDhA/p+yN1elnSN2p9oxmqwwdP/MiCKuZil6z/80BjHkiBn03rpspy,4.039368150310165,7.308003908224026,4.882704496239763
2424300,GEbO4GCYCUDDhA/p+yN1elnSN2p9oxmqwwdP/MiCKuZil6z/80BjHkiBn03rpspy,3.9951656238805193,5.598024128259456,4.543954845648574
2424600,GEbO4GCYCUDDhA/p+yN1elnSN2p9oxmqwwdP/MiCKuZil6z/80BjHkiBn03rpspy,4.079280118470182,7.42786408862485,4.925488730303417
2424900,GEbO4GCYCUDDhA/p+yN1elnSN2p9oxmqwwdP/MiCKuZil6z/80BjHkiBn03rpspy,4.375126008740241,5.512924575771563,4.641195030269665
2425200,GEbO4GCYCUDDhA/p+yN1elnSN2p9oxmqwwdP/MiCKuZil6z/80BjHkiBn03rpspy,4.3153522483561515,7.569785602897621,4.983357941441132
2425500,GEbO4GCYCUDDhA/p+yN1elnSN2p9oxmqwwdP/MiCKuZil6z/80BjHkiBn03rpspy,4.149745290087124,5.760827753913588,4.773175048337297
2425800,GEbO4GCYCUDDhA/p+yN1elnSN2p9oxmqwwdP/MiCKuZil6z/80BjHkiBn03rpspy,4.222861488130766,7.727915286001759,5.011106027925237
2426100,GEbO4GCYCUDDhA/p+yN1elnSN2p9oxmqwwdP/MiCKuZil6z/80BjHkiBn03rpspy,4.0679986790949005,5.497567158799676,4.5569503169692585
2426400,GEbO4GCYCUDDhA/p+yN1elnSN2p9oxmqwwdP/MiCKuZil6z/80BjHkiBn03rpspy,4.0871850883239365,7.557263665003278,4.8445653969627935
2426700,GEbO4GCYCUDDhA/p+yN1elnSN2p9oxmqwwdP/MiCKuZil6z/80BjHkiBn03rpspy,4.142209034316417,5.357567813420452,4.6241060350894925
2427000,GEbO4GCYCUDDhA/p+yN1elnSN2p9oxmqwwdP/MiCKuZil6z/80BjHkiBn03rpspy,4.157686903454065,7.101110800481537,4.901930714601953
2427300,GEbO4GCYCUDDhA/p+yN1elnSN2p9oxmqwwdP/MiCKuZil6z/80BjHkiBn03rpspy,4.093789363300505,5.798657591277185,4.753727825282511
2427600,GEbO4GCYCUDDhA/p+yN1elnSN2p9oxmqwwdP/MiCKuZil6z/80BjHkiBn03rpspy,4.316408353037081,7.204256859607513,4.877037361045137
2427900,GEbO4GCYCUDDhA/p+yN1elnSN2p9oxmqwwdP/MiCKuZil6z/80BjHkiBn03rpspy,4.19728612976533,5.811276473736549,4.663181894467656
2428200,GEbO4GCYCUDDhA/p+yN1elnSN2p9oxmqwwdP/MiCKuZil6z/80BjHkiBn03rpspy,4.058415230499992,7.084049694959161,4.824642247608353
2428500,GEbO4GCYCUDDhA/p+yN1elnSN2p9oxmqwwdP/MiCKuZil6z/80BjHkiBn03rpspy,4.112291496479681,5.553137987748141,4.49088793406952
2428800,GEbO4GCYCUDDhA/p+yN1elnSN2p9oxmqwwdP/MiCKuZil6z/80BjHkiBn03rpspy,3.9173926187359376,7.022926614548084,4.741510935879104
2429100,GEbO4GCYCUDDhA/p+yN1elnSN2p9oxmqwwdP/MiCKuZil6z/80BjHkiBn03rpspy,4.149182690949368,5.463360307438571,4.512244833565797
2429400,GEbO4GCYCUDDhA/p+yN1elnSN2p9oxmqwwdP/MiCKuZil6z/80BjHkiBn03rpspy,4.050220178646434,8.048781877117321,5.030116713111784
2429700,GEbO4GCYCUDDhA/p+yN1elnSN2p9oxmqwwdP/MiCKuZil6z/80BjHkiBn03rpspy,4.013628826151638,5.558605503885173,4.528400328245992
2430000,GEbO4GCYCUDDhA/p+yN1elnSN2p9oxmqwwdP/MiCKuZil6z/80BjHkiBn03rpspy,4.230102823407512,7.547803897572658,5.002241934849591
2430300,GEbO4GCYCUDDhA/p+yN1elnSN2p9oxmqwwdP/MiCKuZil6z/80BjHkiBn03rpspy,3.8745520021404576,5.893599493722154,4.567317373557531
2430600,GEbO4GCYCUDDhA/p+yN1elnSN2p9oxmqwwdP/MiCKuZil6z/80BjHkiBn03rpspy,4.049375807887492,7.078962621444619,4.8157799292127645
2430900,GEbO4GCYCUDDhA/p+yN1elnSN2p9oxmqwwdP/MiCKuZil6z/80BjHkiBn03rpspy,3.934767643482057,5.948677594745725,4.475161324546771
2431200,GEbO4GCYCUDDhA/p+yN1elnSN2p9oxmqwwdP/MiCKuZil6z/80BjHkiBn03rpspy,3.8756076749690713,8.250664894584952,4.753026202509345
2431500,GEbO4GCYCUDDhA/p+yN1elnSN2p9oxmqwwdP/MiCKuZil6z/80BjHkiBn03rpspy,3.980978051061468,6.282328402193875,4.576443253654226
2431800,GEbO4GCYCUDDhA/p+yN1elnSN2p9oxmqwwdP/MiCKuZil6z/80BjHkiBn03rpspy,3.8871803194811214,8.433113138029903,4.955872016894141
2432100,GEbO4GCYCUDDhA/p+yN1elnSN2p9oxmqwwdP/MiCKuZil6z/80BjHkiBn03rpspy,3.914739036021003,6.792066402540973,4.5650569034652415
2432400,GEbO4GCYCUDDhA/p+yN1elnSN2p9oxmqwwdP/MiCKuZil6z/80BjHkiBn03rpspy,3.802504176906933,7.990437471058589,4.843832027440128
2432700,GEbO4GCYCUDDhA/p+yN1elnSN2p9oxmqwwdP/MiCKuZil6z/80BjHkiBn03rpspy,3.9714470713164847,5.897221631559317,4.47478293016422
2433000,GEbO4GCYCUDDhA/p+yN1elnSN2p9oxmqwwdP/MiCKuZil6z/80BjHkiBn03rpspy,3.840263889815424,8.179538594795629,4.686396484128656
2433300,GEbO4GCYCUDDhA/p+yN1elnSN2p9oxmqwwdP/MiCKuZil6z/80BjHkiBn03rpspy,3.9971124764907,5.619889916128551,4.389531924110544
2433600,GEbO4GCYCUDDhA/p+yN1elnSN2p9oxmqwwdP/MiCKuZil6z/80BjHkiBn03rpspy,4.078190428139451,7.838742759072377,4.89912922541382
2433900,GEbO4GCYCUDDhA/p+yN1elnSN2p9oxmqwwdP/MiCKuZil6z/80BjHkiBn03rpspy,3.917280634290116,6.027502582251871,4.494600572062301
2434200,GEbO4GCYCUDDhA/p+yN1elnSN2p9oxmqwwdP/MiCKuZil6z/80BjHkiBn03rpspy,3.812451119974876,8.16973290803904,4.745597102245717
2434500,GEbO4GCYCUDDhA/p+yN1elnSN2p9oxmqwwdP/MiCKuZil6z/80BjHkiBn03rpspy,3.9471202553147178,6.164296817304089,4.591457548795648
2434800,GEbO4GCYCUDDhA/p+yN1elnSN2p9oxmqwwdP/MiCKuZil6z/80BjHkiBn03rpspy,3.893069372805868,7.670702223153814,4.830398150017865
2435100,GEbO4GCYCUDDhA/p+yN1elnSN2p9oxmqwwdP/MiCKuZil6z/80BjHkiBn03rpspy,3.918196039793132,6.1488626943041576,4.638124624310966
2435400,GEbO4GCYCUDDhA/p+yN1elnSN2p9oxmqwwdP/MiCKuZil6z/80BjHkiBn03rpspy,4.150228087030442,7.572165714750954,4.895773346065544
2435700,GEbO4GCYCUDDhA/p+yN1elnSN2p9oxmqwwdP/MiCKuZil6z/80BjHkiBn03rpspy,4.033457586599066,5.70384381863963,4.554653073487872
2436000,GEbO4GCYCUDDhA/p+yN1elnSN2p9oxmqwwdP/MiCKuZil6z/80BjHkiBn03rpspy,3.9888431964840767,7.9750373401716255,4.870877711814768
2436300,GEbO4GCYCUDDhA/p+yN1elnSN2p9oxmqwwdP/MiCKuZil6z/80BjHkiBn03rpspy,3.8466086107698407,5.4682420185143,4.579993256329607
2436600,GEbO4GCYCUDDhA/p+yN1elnSN2p9oxmqwwdP/MiCKuZil6z/80BjHkiBn03rpspy,3.911553788244931,8.167790810507725,4.93964022746733
2436900,GEbO4GCYCUDDhA/p+yN1elnSN2p9oxmqwwdP/MiCKuZil6z/80BjHkiBn03rpspy,4.199816682662849,5.600297831237848,4.66210240571411
2437200,GEbO4GCYCUDDhA/p+yN1elnSN2p9oxmqwwdP/MiCKuZil6z/80BjHkiBn03rpspy,4.1207227227736185,8.55553853870746,4.896924487791815
2437500,GEbO4GCYCUDDhA/p+yN1elnSN2p9oxmqwwdP/MiCKuZil6z/80BjHkiBn03rpspy,4.2812364076240605,5.705153399182227,4.715083969568245
2437800,GEbO4GCYCUDDhA/p+yN1elnSN2p9oxmqwwdP/MiCKuZil6z/80BjHkiBn03rpspy,4.247608048759467,8.509719297013886,4.95835666414191
2438100,GEbO4GCYCUDDhA/p+yN1elnSN2p9oxmqwwdP/MiCKuZil6z/80BjHkiBn03rpspy,4.121342659189269,5.7414023788783375,4.598393893109879
2438400,GEbO4GCYCUDDhA/p+yN1elnSN2p9oxmqwwdP/MiCKuZil6z/80BjHkiBn03rpspy,4.082642572557712,8.48605421488802,4.892879584635168
2438700,GEbO4GCYCUDDhA/p+yN1elnSN2p9oxmqwwdP/MiCKuZil6z/80BjHkiBn03rpspy,4.005788643776056,5.821101347457053,4.737790284151759
2439000,GEbO4GCYCUDDhA/p+yN1elnSN2p9oxmqwwdP/MiCKuZil6z/80BjHkiBn03rpspy,3.9222081911788207,7.052910432979568,4.719507980580416
2439300,GEbO4GCYCUDDhA/p+yN1elnSN2p9oxmqwwdP/MiCKuZil6z/80BjHkiBn03rpspy,4.232217472280856,5.38032743799205,4.59736325325395
2439600,GEbO4GCYCUDDhA/p+yN1elnSN2p9oxmqwwdP/MiCKuZil6z/80BjHkiBn03rpspy,3.9446164270499096,8.453658009501007,4.77417968992383
2439900,GEbO4GCYCUDDhA/p+yN1elnSN2p9oxmqwwdP/MiCKuZil6z/80BjHkiBn03rpspy,4.303370214866702,6.137079470498911,4.770313718487027
2440200,GEbO4GCYCUDDhA/p+yN1elnSN2p9oxmqwwdP/MiCKuZil6z/80BjHkiBn03rpspy,4.071560421349676,8.29142849418511,4.950366427892671
2440500,GEbO4GCYCUDDhA/p+yN1elnSN2p9oxmqwwdP/MiCKuZil6z/80BjHkiBn03rpspy,4.079428587294297,5.660649783562672,4.551248562945277
2440800,GEbO4GCYCUDDhA/p+yN1elnSN2p9oxmqwwdP/MiCKuZil6z/80BjHkiBn03rpspy,4.191842372401825,8.258158169898323,4.983748171305438
2441100,GEbO4GCYCUDDhA/p+yN1elnSN2p9oxmqwwdP/MiCKuZil6z/80BjHkiBn03rpspy,4.074655533391552,5.69347209525937,4.679635022851507
2441400,GEbO4GCYCUDDhA/p+yN1elnSN2p9oxmqwwdP/MiCKuZil6z/80BjHkiBn03rpspy,4.191352549329587,8.613290435310182,4.871471409076047
2441700,GEbO4GCYCUDDhA/p+yN1elnSN2p9oxmqwwdP/MiCKuZil6z/80BjHkiBn03rpspy,4.0471405060323615,5.667221078818277,4.648106280914982
2442000,GEbO4GCYCUDDhA/p+yN1elnSN2p9oxmqwwdP/MiCKuZil6z/80BjHkiBn03rpspy,3.79346023227092,8.230789152061472,4.70082621251612
2442300,GEbO4GCYCUDDhA/p+yN1elnSN2p9oxmqwwdP/MiCKuZil6z/80BjHkiBn03rpspy,4.31569250312802,5.7579579266533445,4.712391540993928
2442600,GEbO4GCYCUDDhA/p+yN1elnSN2p9oxmqwwdP/MiCKuZil6z/80BjHkiBn03rpspy,4.0123253020388,8.5072005587266,4.929978931872023
2442900,GEbO4GCYCUDDhA/p+yN1elnSN2p9oxmqwwdP/MiCKuZil6z/80BjHkiBn03rpspy,4.10513638969983,5.619530166127471,4.563868454696204
2443200,GEbO4GCYCUDDhA/p+yN1elnSN2p9oxmqwwdP/MiCKuZil6z/80BjHkiBn03rpspy,3.9938020573275654,7.40338911198269,4.8594283766997135
2443500,GEbO4GCYCUDDhA/p+yN1elnSN2p9oxmqwwdP/MiCKuZil6z/80BjHkiBn03rpspy,3.9234267805328233,5.784000281035993,4.626613774054276
2443800,GEbO4GCYCUDDhA/p+yN1elnSN2p9oxmqwwdP/MiCKuZil6z/80BjHkiBn03rpspy,4.272203327244905,7.45843068972211,4.934274982890504
2444100,GEbO4GCYCUDDhA/p+yN1elnSN2p9oxmqwwdP/MiCKuZil6z/80BjHkiBn03rpspy,4.134862929502257,5.585660013581443,4.612997616451534
2444400,GEbO4GCYCUDDhA/p+yN1elnSN2p9oxmqwwdP/MiCKuZil6z/80BjHkiBn03rpspy,4.067383495536304,7.564949743006506,4.970971160326441
2444700,GEbO4GCYCUDDhA/p+yN1elnSN2p9oxmqwwdP/MiCKuZil6z/80BjHkiBn03rpspy,4.227982856804601,6.9109397924725435,4.772094787134033
2445000,GEbO4GCYCUDDhA/p+yN1elnSN2p9oxmqwwdP/MiCKuZil6z/80BjHkiBn03rpspy,4.199393021907105,7.759572431795571,5.080657252358848
2445300,GEbO4GCYCUDDhA/p+yN1elnSN2p9oxmqwwdP/MiCKuZil6z/80BjHkiBn03rpspy,4.135836778166648,5.8653802566065325,4.641509547118536
2445600,GEbO4GCYCUDDhA/p+yN1elnSN2p9oxmqwwdP/MiCKuZil6z/80BjHkiBn03rpspy,4.267794602121296,6.7242143030245165,4.87005363117366
2445900,GEbO4GCYCUDDhA/p+yN1elnSN2p9oxmqwwdP/MiCKuZil6z/80BjHkiBn03rpspy,4.009527740171809,5.818965747137594,4.515796863129812
2446200,GEbO4GCYCUDDhA/p+yN1elnSN2p9oxmqwwdP/MiCKuZil6z/80BjHkiBn03rpspy,4.030922954794517,7.373347237469497,4.84016339010163
2446500,GEbO4GCYCUDDhA/p+yN1elnSN2p9oxmqwwdP/MiCKuZil6z/80BjHkiBn03rpspy,4.284580370952518,5.131775472151138,4.623729490765051
2446800,GEbO4GCYCUDDhA/p+yN1elnSN2p9oxmqwwdP/MiCKuZil6z/80BjHkiBn03rpspy,3.977802423660596,7.917450924208538,4.738618086070696
2447100,GEbO4GCYCUDDhA/p+yN1elnSN2p9oxmqwwdP/MiCKuZil6z/80BjHkiBn03rpspy,4.185124522600288,6.003402152268724,4.593948762754125
2447400,GEbO4GCYCUDDhA/p+yN1elnSN2p9oxmqwwdP/MiCKuZil6z/80BjHkiBn03rpspy,3.950297517480121,7.323511319315832,4.834036608842236
2447700,GEbO4GCYCUDDhA/p+yN1elnSN2p9oxmqwwdP/MiCKuZil6z/80BjHkiBn03rpspy,4.031704884461148,5.827575734351222,4.441016143067797
2448000,GEbO4GCYCUDDhA/p+yN1elnSN2p9oxmqwwdP/MiCKuZil6z/80BjHkiBn03rpspy,4.157471150144212,7.947792129986939,4.892245686497937
2448300,GEbO4GCYCUDDhA/p+yN1elnSN2p9oxmqwwdP/MiCKuZil6z/80BjHkiBn03rpspy,4.004624106376643,5.331658589577902,4.520851361119109
2448600,GEbO4GCYCUDDhA/p+yN1elnSN2p9oxmqwwdP/MiCKuZil6z/80BjHkiBn03rpspy,4.074214020233514,7.425726734296174,4.715985516833356
2448900,GEbO4GCYCUDDhA/p+yN1elnSN2p9oxmqwwdP/MiCKuZil6z/80BjHkiBn03rpspy,4.045762694024512,6.245964370210619,4.530844742996454
2449200,GEbO4GCYCUDDhA/p+yN1elnSN2p9oxmqwwdP/MiCKuZil6z/80BjHkiBn03rpspy,4.016104364899378,8.268231127972166,4.915158404875358
2449500,GEbO4GCYCUDDhA/p+yN1elnSN2p9oxmqwwdP/MiCKuZil6z/80BjHkiBn03rpspy,4.018465156060274,5.757351981768896,4.549430030065003
2449800,GEbO4GCYCUDDhA/p+yN1elnSN2p9oxmqwwdP/MiCKuZil6z/80BjHkiBn03rpspy,4.124812478763902,7.372172609848193,4.779240707595661
2450100,GEbO4GCYCUDDhA/p+yN1elnSN2p9oxmqwwdP/MiCKuZil6z/80BjHkiBn03rpspy,4.194846096587206,6.075662843783777,4.603868640814724
2450400,GEbO4GCYCUDDhA/p+yN1elnSN2p9oxmqwwdP/MiCKuZil6z/80BjHkiBn03rpspy,4.077093492200776,7.804832083245773,4.873770540482231
2450700,GEbO4GCYCUDDhA/p+yN1elnSN2p9oxmqwwdP/MiCKuZil6z/80BjHkiBn03rpspy,4.244028755047304,6.0135167385331965,4.703399043691377
2451000,GEbO4GCYCUDDhA/p+yN1elnSN2p9oxmqwwdP/MiCKuZil6z/80BjHkiBn03rpspy,4.08969464559428,7.716547307617878,4.818138561385405
2451300,GEbO4GCYCUDDhA/p+yN1elnSN2p9oxmqwwdP/MiCKuZil6z/80BjHkiBn03rpspy,3.9623685541243745,6.271552747522727,4.554645485112998
2451600,GEbO4GCYCUDDhA/p+yN1elnSN2p9oxmqwwdP/MiCKuZil6z/80BjHkiBn03rpspy,4.1958943065831535,7.450471032144271,4.863880099375723
2451900,GEbO4GCYCUDDhA/p+yN1elnSN2p9oxmqwwdP/MiCKuZil6z/80BjHkiBn03rpspy,3.632345718322755,5.872175306604579,4.49580605791223
2452200,GEbO4GCYCUDDhA/p+yN1elnSN2p9oxmqwwdP/MiCKuZil6z/80BjHkiBn03rpspy,4.097214440935336,7.704965246760028,4.832609951918412
2452500,GEbO4GCYCUDDhA/p+yN1elnSN2p9oxmqwwdP/MiCKuZil6z/80BjHkiBn03rpspy,4.265340593323908,6.851534993070276,4.914700577998774
2452800,GEbO4GCYCUDDhA/p+yN1elnSN2p9oxmqwwdP/MiCKuZil6z/80BjHkiBn03rpspy,4.061813837533252,7.492926616278094,4.969942626797224
2453100,GEbO4GCYCUDDhA/p+yN1elnSN2p9oxmqwwdP/MiCKuZil6z/80BjHkiBn03rpspy,4.158994670765085,5.73842160821531,4.5798882648282815
2453400,GEbO4GCYCUDDhA/p+yN1elnSN2p9oxmqwwdP/MiCKuZil6z/80BjHkiBn03rpspy,4.084480766599472,7.565421331982733,4.949975881037122
2453700,GEbO4GCYCUDDhA/p+yN1elnSN2p9oxmqwwdP/MiCKuZil6z/80BjHkiBn03rpspy,4.105645765089753,6.252486908979417,4.652051290387358
2454000,GEbO4GCYCUDDhA/p+yN1elnSN2p9oxmqwwdP/MiCKuZil6z/80BjHkiBn03rpspy,4.260059561571868,7.9976581826279185,5.010610290805419
2454300,GEbO4GCYCUDDhA/p+yN1elnSN2p9oxmqwwdP/MiCKuZil6z/80BjHkiBn03rpspy,3.948929280050737,5.919637420758148,4.5790410131347725
2454600,GEbO4GCYCUDDhA/p+yN1elnSN2p9oxmqwwdP/MiCKuZil6z/80BjHkiBn03rpspy,4.002317753934082,7.6812806278491745,4.879837588725689
2454900,GEbO4GCYCUDDhA/p+yN1elnSN2p9oxmqwwdP/MiCKuZil6z/80BjHkiBn03rpspy,4.044453838715081,5.662424224915641,4.537916131519976
2455200,GEbO4GCYCUDDhA/p+yN1elnSN2p9oxmqwwdP/MiCKuZil6z/80BjHkiBn03rpspy,4.017837692009287,7.58623923288223,4.845913453071264
2455500,GEbO4GCYCUDDhA/p+yN1elnSN2p9oxmqwwdP/MiCKuZil6z/80BjHkiBn03rpspy,4.073456116905542,6.033845443113476,4.616147627575875
2455800,GEbO4GCYCUDDhA/p+yN1elnSN2p9oxmqwwdP/MiCKuZil6z/80BjHkiBn03rpspy,4.157161425746543,6.725775617803852,4.8673264293776
2456100,GEbO4GCYCUDDhA/p+yN1elnSN2p9oxmqwwdP/MiCKuZil6z/80BjHkiBn03rpspy,4.082415968885987,6.100489243942827,4.60583188981765
2456400,GEbO4GCYCUDDhA/p+yN1elnSN2p9oxmqwwdP/MiCKuZil6z/80BjHkiBn03rpspy,4.149752008635497,6.568734030216027,4.872959734119128
2456700,GEbO4GCYCUDDhA/p+yN1elnSN2p9oxmqwwdP/MiCKuZil6z/80BjHkiBn03rpspy,3.9538605624209566,6.228202765398076,4.7346598915548
2457000,GEbO4GCYCUDDhA/p+yN1elnSN2p9oxmqwwdP/MiCKuZil6z/80BjHkiBn03rpspy,4.086104480331043,7.86155621068524,4.916368243085556
2457300,GEbO4GCYCUDDhA/p+yN1elnSN2p9oxmqwwdP/MiCKuZil6z/80BjHkiBn03rpspy,3.868557578393765,5.681713247586115,4.46202324925843
2457600,GEbO4GCYCUDDhA/p+yN1elnSN2p9oxmqwwdP/MiCKuZil6z/80BjHkiBn03rpspy,4.3427508221924285,7.622151218424787,4.937723546182268
2457900,GEbO4GCYCUDDhA/p+yN1elnSN2p9oxmqwwdP/MiCKuZil6z/80BjHkiBn03rpspy,4.194577456760705,5.788881771365897,4.784974449399735
2458200,GEbO4GCYCUDDhA/p+yN1elnSN2p9oxmqwwdP/MiCKuZil6z/80BjHkiBn03rpspy,4.148164590702488,7.747849252651987,4.934238194520147
2458500,GEbO4GCYCUDDhA/p+yN1elnSN2p9oxmqwwdP/MiCKuZil6z/80BjHkiBn03rpspy,4.3661414838657695,5.78234934016532,4.637852905834172
2458800,GEbO4GCYCUDDhA/p+yN1elnSN2p9oxmqwwdP/MiCKuZil6z/80BjHkiBn03rpspy,4.050017584423101,7.85666197496769,4.986005770319134
2459100,GEbO4GCYCUDDhA/p+yN1elnSN2p9oxmqwwdP/MiCKuZil6z/80BjHkiBn03rpspy,3.8465227078154927,6.06995683363668,4.6982718955934875
2459400,GEbO4GCYCUDDhA/p+yN1elnSN2p9oxmqwwdP/MiCKuZil6z/80BjHkiBn03rpspy,3.9987096138047047,8.123107747591455,4.91141562245273
2459700,GEbO4GCYCUDDhA/p+yN1elnSN2p9oxmqwwdP/MiCKuZil6z/80BjHkiBn03rpspy,4.1381347847591226,6.323000380681908,4.657911407689737
2460000,GEbO4GCYCUDDhA/p+yN1elnSN2p9oxmqwwdP/MiCKuZil6z/80BjHkiBn03rpspy,3.95518816033855,6.724323294138417,4.808557856655748
2460300,GEbO4GCYCUDDhA/p+yN1elnSN2p9oxmqwwdP/MiCKuZil6z/80BjHkiBn03rpspy,4.33328897031365,6.227249272891116,4.793281367094473
2460600,GEbO4GCYCUDDhA/p+yN1elnSN2p9oxmqwwdP/MiCKuZil6z/80BjHkiBn03rpspy,3.95383466645774,7.312403723149931,4.9240734871911584
2460900,GEbO4GCYCUDDhA/p+yN1elnSN2p9oxmqwwdP/MiCKuZil6z/80BjHkiBn03rpspy,4.174490787285634,6.136524851688176,4.860834011201691
2461200,GEbO4GCYCUDDhA/p+yN1elnSN2p9oxmqwwdP/MiCKuZil6z/80BjHkiBn03rpspy,4.355907567866195,8.32869107591026,5.127048234119568
2461500,GEbO4GCYCUDDhA/p+yN1elnSN2p9oxmqwwdP/MiCKuZil6z/80BjHkiBn03rpspy,4.032358577126955,5.621131113917813,4.646259841775457
2461800,GEbO4GCYCUDDhA/p+yN1elnSN2p9oxmqwwdP/MiCKuZil6z/80BjHkiBn03rpspy,4.229593054020207,7.412473845612821,4.875528919634425
2462100,GEbO4GCYCUDDhA/p+yN1elnSN2p9oxmqwwdP/MiCKuZil6z/80BjHkiBn03rpspy,4.196767966484911,6.5123568378138,4.690103722985548
2462400,GEbO4GCYCUDDhA/p+yN1elnSN2p9oxmqwwdP/MiCKuZil6z/80BjHkiBn03rpspy,4.129502596915383,5.884018634923432,4.880536613064526
2462700,GEbO4GCYCUDDhA/p+yN1elnSN2p9oxmqwwdP/MiCKuZil6z/80BjHkiBn03rpspy,3.9743783049531936,5.8665150350702735,4.645047127862411
2463000,GEbO4GCYCUDDhA/p+yN1elnSN2p9oxmqwwdP/MiCKuZil6z/80BjHkiBn03rpspy,4.503411610767166,6.347938353871048,4.936161588329524
2463300,GEbO4GCYCUDDhA/p+yN1elnSN2p9oxmqwwdP/MiCKuZil6z/80BjHkiBn03rpspy,4.455172948766913,8.456050261707146,5.15402678030132
2463600,GEbO4GCYCUDDhA/p+yN1elnSN2p9oxmqwwdP/MiCKuZil6z/80BjHkiBn03rpspy,4.413760188084384,5.8608026691802575,4.951021434706324
2463900,GEbO4GCYCUDDhA/p+yN1elnSN2p9oxmqwwdP/MiCKuZil6z/80BjHkiBn03rpspy,3.950841800982096,7.669190373255914,4.822269131135234
2464200,GEbO4GCYCUDDhA/p+yN1elnSN2p9oxmqwwdP/MiCKuZil6z/80BjHkiBn03rpspy,4.383610861225618,6.091575834793088,4.847186244622931
2464500,GEbO4GCYCUDDhA/p+yN1elnSN2p9oxmqwwdP/MiCKuZil6z/80BjHkiBn03rpspy,4.37132533164234,7.8726998541382445,5.09208325027436
2464800,GEbO4GCYCUDDhA/p+yN1elnSN2p9oxmqwwdP/MiCKuZil6z/80BjHkiBn03rpspy,4.53752123811948,6.23322057969761,4.947320557432507
2465100,GEbO4GCYCUDDhA/p+yN1elnSN2p9oxmqwwdP/MiCKuZil6z/80BjHkiBn03rpspy,4.142055489450616,7.821151938001094,5.126876659483766
2465400,GEbO4GCYCUDDhA/p+yN1elnSN2p9oxmqwwdP/MiCKuZil6z/80BjHkiBn03rpspy,4.463104388596291,5.8888883568568495,4.836335590038904
2465700,GEbO4GCYCUDDhA/p+yN1elnSN2p9oxmqwwdP/MiCKuZil6z/80BjHkiBn03rpspy,4.447821944193184,7.8193018538587875,4.951708891415641
2466000,GEbO4GCYCUDDhA/p+yN1elnSN2p9oxmqwwdP/MiCKuZil6z/80BjHkiBn03rpspy,4.318964462610917,6.279246805414156,4.95667345664796
2466300,GEbO4GCYCUDDhA/p+yN1elnSN2p9oxmqwwdP/MiCKuZil6z/80BjHkiBn03rpspy,4.289141558539747,7.815655614759872,4.9821672013579
2466600,GEbO4GCYCUDDhA/p+yN1elnSN2p9oxmqwwdP/MiCKuZil6z/80BjHkiBn03rpspy,4.260875196053601,6.286399195223473,4.866297483812853
2466900,GEbO4GCYCUDDhA/p+yN1elnSN2p9oxmqwwdP/MiCKuZil6z/80BjHkiBn03rpspy,3.9493560570594792,8.053970514457655,5.002873821922679
2467200,GEbO4GCYCUDDhA/p+yN1elnSN2p9oxmqwwdP/MiCKuZil6z/80BjHkiBn03rpspy,4.179460768320183,6.147321936884029,4.93286406649594
2467500,GEbO4GCYCUDDhA/p+yN1elnSN2p9oxmqwwdP/MiCKuZil6z/80BjHkiBn03rpspy,4.302896050146608,8.006964043283105,5.268192613370902
2467800,GEbO4GCYCUDDhA/p+yN1elnSN2p9oxmqwwdP/MiCKuZil6z/80BjHkiBn03rpspy,4.479714085579014,5.9626223732407615,4.937714241036193
2468100,GEbO4GCYCUDDhA/p+yN1elnSN2p9oxmqwwdP/MiCKuZil6z/80BjHkiBn03rpspy,4.046473877441805,8.088002346913068,4.9991258500014775
2468400,GEbO4GCYCUDDhA/p+yN1elnSN2p9oxmqwwdP/MiCKuZil6z/80BjHkiBn03rpspy,3.914034150769716,6.005516835595806,4.827183023327152
2468700,GEbO4GCYCUDDhA/p+yN1elnSN2p9oxmqwwdP/MiCKuZil6z/80BjHkiBn03rpspy,3.910936911001475,7.660432872556707,4.956760769816338
2469000,GEbO4GCYCUDDhA/p+yN1elnSN2p9oxmqwwdP/MiCKuZil6z/80BjHkiBn03rpspy,4.452726049419851,6.338650843780899,4.923901352618588
2469300,GEbO4GCYCUDDhA/p+yN1elnSN2p9oxmqwwdP/MiCKuZil6z/80BjHkiBn03rpspy,4.003304703992586,6.820038087645212,4.891032393014627
2469600,GEbO4GCYCUDDhA/p+yN1elnSN2p9oxmqwwdP/MiCKuZil6z/80BjHkiBn03rpspy,4.273787809945656,6.336292511224258,4.94388271699245
2469900,GEbO4GCYCUDDhA/p+yN1elnSN2p9oxmqwwdP/MiCKuZil6z/80BjHkiBn03rpspy,4.412575865049017,8.093695650276077,5.01139534196066
2470200,GEbO4GCYCUDDhA/p+yN1elnSN2p9oxmqwwdP/MiCKuZil6z/80BjHkiBn03rpspy,4.46310177266944,6.24963482318873,4.93087523767581
2470500,GEbO4GCYCUDDhA/p+yN1elnSN2p9oxmqwwdP/MiCKuZil6z/80BjHkiBn03rpspy,4.238096100951587,7.868828507722888,4.936001027059248
2470800,GEbO4GCYCUDDhA/p+yN1elnSN2p9oxmqwwdP/MiCKuZil6z/80BjHkiBn03rpspy,4.621827504827052,5.832075458622738,4.975405718714695
2471100,GEbO4GCYCUDDhA/p+yN1elnSN2p9oxmqwwdP/MiCKuZil6z/80BjHkiBn03rpspy,4.19980508869665,6.672777052596577,4.8802547841086525
2471400,GEbO4GCYCUDDhA/p+yN1elnSN2p9oxmqwwdP/MiCKuZil6z/80BjHkiBn03rpspy,4.389905287770083,6.413611424951375,4.9475123391351135
2471700,GEbO4GCYCUDDhA/p+yN1elnSN2p9oxmqwwdP/MiCKuZil6z/80BjHkiBn03rpspy,4.252273733674852,8.107280186722685,4.97168058768876
2472000,GEbO4GCYCUDDhA/p+yN1elnSN2p9oxmqwwdP/MiCKuZil6z/80BjHkiBn03rpspy,4.145001750026941,6.624809023534471,4.900356223673092
2472300,GEbO4GCYCUDDhA/p+yN1elnSN2p9oxmqwwdP/MiCKuZil6z/80BjHkiBn03rpspy,4.48732106424131,8.312210861288857,5.036327081431264
2472600,GEbO4GCYCUDDhA/p+yN1elnSN2p9oxmqwwdP/MiCKuZil6z/80BjHkiBn03rpspy,4.243760480629578,6.113145504908048,4.917422919656909
2472900,GEbO4GCYCUDDhA/p+yN1elnSN2p9oxmqwwdP/MiCKuZil6z/80BjHkiBn03rpspy,4.032095766974793,8.388392968609793,5.002392073291484
2473200,GEbO4GCYCUDDhA/p+yN1elnSN2p9oxmqwwdP/MiCKuZil6z/80BjHkiBn03rpspy,4.314765133755819,6.300220569883908,4.937943411967207
2473500,GEbO4GCYCUDDhA/p+yN1elnSN2p9oxmqwwdP/MiCKuZil6z/80BjHkiBn03rpspy,4.454623253952588,8.21446037959565,5.088862433438878
2473800,GEbO4GCYCUDDhA/p+yN1elnSN2p9oxmqwwdP/MiCKuZil6z/80BjHkiBn03rpspy,4.227923992617736,6.839406143771468,4.955908022776502
2474100,GEbO4GCYCUDDhA/p+yN1elnSN2p9oxmqwwdP/MiCKuZil6z/80BjHkiBn03rpspy,4.542159304875055,8.161256746068025,5.0940554061878816
2474400,GEbO4GCYCUDDhA/p+yN1elnSN2p9oxmqwwdP/MiCKuZil6z/80BjHkiBn03rpspy,4.400613721221238,6.225485356647666,4.915434326783116
2474700,GEbO4GCYCUDDhA/p+yN1elnSN2p9oxmqwwdP/MiCKuZil6z/80BjHkiBn03rpspy,4.456281736082602,8.0210268410368,5.0101096842334
2475000,GEbO4GCYCUDDhA/p+yN1elnSN2p9oxmqwwdP/MiCKuZil6z/80BjHkiBn03rpspy,4.196440799633944,6.224855221605636,4.966215904682381
2475300,GEbO4GCYCUDDhA/p+yN1elnSN2p9oxmqwwdP/MiCKuZil6z/80BjHkiBn03rpspy,4.326837880505785,7.601671636674723,4.973362444576746
2475600,GEbO4GCYCUDDhA/p+yN1elnSN2p9oxmqwwdP/MiCKuZil6z/80BjHkiBn03rpspy,4.217865794905926,5.670706990639127,4.772710046061568
2475900,GEbO4GCYCUDDhA/p+yN1elnSN2p9oxmqwwdP/MiCKuZil6z/80BjHkiBn03rpspy,3.900127121861868,6.785776656589984,5.023576797585621
2476200,GEbO4GCYCUDDhA/p+yN1elnSN2p9oxmqwwdP/MiCKuZil6z/80BjHkiBn03rpspy,4.322580839120545,6.031929574100611,4.900520113944955
2476500,GEbO4GCYCUDDhA/p+yN1elnSN2p9oxmqwwdP/MiCKuZil6z/80BjHkiBn03rpspy,4.4400488829372415,8.61515093619237,5.028891077810866
2476800,GEbO4GCYCUDDhA/p+yN1elnSN2p9oxmqwwdP/MiCKuZil6z/80BjHkiBn03rpspy,4.307354011258179,6.444291010829852,4.949951007540555
2477100,GEbO4GCYCUDDhA/p+yN1elnSN2p9oxmqwwdP/MiCKuZil6z/80BjHkiBn03rpspy,4.402319571664735,7.569829501536032,5.0187976664278775
2477400,GEbO4GCYCUDDhA/p+yN1elnSN2p9oxmqwwdP/MiCKuZil6z/80BjHkiBn03rpspy,4.438049961654561,6.554934217491742,5.004263329805352
2477700,GEbO4GCYCUDDhA/p+yN1elnSN2p9oxmqwwdP/MiCKuZil6z/80BjHkiBn03rpspy,4.37266878387703,7.952520377051875,5.057133845027157
2478000,GEbO4GCYCUDDhA/p+yN1elnSN2p9oxmqwwdP/MiCKuZil6z/80BjHkiBn03rpspy,4.307439247854576,6.365804421182294,5.002339511151996
2478300,GEbO4GCYCUDDhA/p+yN1elnSN2p9oxmqwwdP/MiCKuZil6z/80BjHkiBn03rpspy,4.155563783959019,8.134487036380174,4.936324821934738
2478600,GEbO4GCYCUDDhA/p+yN1elnSN2p9oxmqwwdP/MiCKuZil6z/80BjHkiBn03rpspy,4.340388572397204,5.976349690088227,4.914621060886261
2478900,GEbO4GCYCUDDhA/p+yN1elnSN2p9oxmqwwdP/MiCKuZil6z/80BjHkiBn03rpspy,4.32585769540909,7.8455197067143825,4.983709074700518
2479200,GEbO4GCYCUDDhA/p+yN1elnSN2p9oxmqwwdP/MiCKuZil6z/80BjHkiBn03rpspy,4.019284061683617,6.021504553054285,4.879068053711348
2479500,GEbO4GCYCUDDhA/p+yN1elnSN2p9oxmqwwdP/MiCKuZil6z/80BjHkiBn03rpspy,4.410519015463974,7.8754324770059405,5.203940250640365
2479800,GEbO4GCYCUDDhA/p+yN1elnSN2p9oxmqwwdP/MiCKuZil6z/80BjHkiBn03rpspy,3.9579014254672944,6.166300914780531,4.717464423425961
2480100,GEbO4GCYCUDDhA/p+yN1elnSN2p9oxmqwwdP/MiCKuZil6z/80BjHkiBn03rpspy,4.344272957107737,7.9284838742062576,4.873003148821916
2480400,GEbO4GCYCUDDhA/p+yN1elnSN2p9oxmqwwdP/MiCKuZil6z/80BjHkiBn03rpspy,4.378596421351681,6.108389983308579,4.987947940796528
2480700,GEbO4GCYCUDDhA/p+yN1elnSN2p9oxmqwwdP/MiCKuZil6z/80BjHkiBn03rpspy,4.297329951171377,7.842846941841658,4.997285905987586
2481000,GEbO4GCYCUDDhA/p+yN1elnSN2p9oxmqwwdP/MiCKuZil6z/80BjHkiBn03rpspy,4.171701280326282,5.99432118741219,4.873979013555874
2481300,GEbO4GCYCUDDhA/p+yN1elnSN2p9oxmqwwdP/MiCKuZil6z/80BjHkiBn03rpspy,4.190018346693786,7.674130024367455,5.025971092548822
2481600,GEbO4GCYCUDDhA/p+yN1elnSN2p9oxmqwwdP/MiCKuZil6z/80BjHkiBn03rpspy,4.096853605950578,6.056999711699244,4.89965395456781
2481900,GEbO4GCYCUDDhA/p+yN1elnSN2p9oxmqwwdP/MiCKuZil6z/80BjHkiBn03rpspy,4.418971416045708,7.7036717355986175,4.9201856218152
2482200,GEbO4GCYCUDDhA/p+yN1elnSN2p9oxmqwwdP/MiCKuZil6z/80BjHkiBn03rpspy,4.240452202337837,6.33690305633012,4.9121958561703085
2482500,GEbO4GCYCUDDhA/p+yN1elnSN2p9oxmqwwdP/MiCKuZil6z/80BjHkiBn03rpspy,4.444848522448708,6.322604085794343,4.971468630098913
2482800,GEbO4GCYCUDDhA/p+yN1elnSN2p9oxmqwwdP/MiCKuZil6z/80BjHkiBn03rpspy,4.176931234526657,6.232558341952047,4.7879096128194645
2483100,GEbO4GCYCUDDhA/p+yN1elnSN2p9oxmqwwdP/MiCKuZil6z/80BjHkiBn03rpspy,4.420595564600958,7.78732209519073,5.050418597730963
2483400,GEbO4GCYCUDDhA/p+yN1elnSN2p9oxmqwwdP/MiCKuZil6z/80BjHkiBn03rpspy,4.384384097546704,5.90564270841612,4.822512027865192
2483700,GEbO4GCYCUDDhA/p+yN1elnSN2p9oxmqwwdP/MiCKuZil6z/80BjHkiBn03rpspy,4.411684115496923,8.246198180773924,4.996627620037328
2484000,GEbO4GCYCUDDhA/p+yN1elnSN2p9oxmqwwdP/MiCKuZil6z/80BjHkiBn03rpspy,4.556745208713322,5.972831019631043,5.080093328046143
2484300,GEbO4GCYCUDDhA/p+yN1elnSN2p9oxmqwwdP/MiCKuZil6z/80BjHkiBn03rpspy,4.578191313084732,8.366709859080009,5.119856039354731
2484600,GEbO4GCYCUDDhA/p+yN1elnSN2p9oxmqwwdP/MiCKuZil6z/80BjHkiBn03rpspy,4.2669187204299375,6.606925979153592,4.812612016221122
2484900,GEbO4GCYCUDDhA/p+yN1elnSN2p9oxmqwwdP/MiCKuZil6z/80BjHkiBn03rpspy,4.269425938428696,7.751648734982635,4.964102458755332
2485200,GEbO4GCYCUDDhA/p+yN1elnSN2p9oxmqwwdP/MiCKuZil6z/80BjHkiBn03rpspy,4.495019398043728,6.0677237630573995,4.943242137812982
2485500,GEbO4GCYCUDDhA/p+yN1elnSN2p9oxmqwwdP/MiCKuZil6z/80BjHkiBn03rpspy,4.237618163659534,8.446046988957066,4.949662510864217
2485800,GEbO4GCYCUDDhA/p+yN1elnSN2p9oxmqwwdP/MiCKuZil6z/80BjHkiBn03rpspy,4.23329873491123,5.9452843191652125,4.8650540430819165
2486100,GEbO4GCYCUDDhA/p+yN1elnSN2p9oxmqwwdP/MiCKuZil6z/80BjHkiBn03rpspy,4.281387864724346,7.56233183267708,4.950107004872627
2486400,GEbO4GCYCUDDhA/p+yN1elnSN2p9oxmqwwdP/MiCKuZil6z/80BjHkiBn03rpspy,4.288814512530519,6.1179955164539495,4.84624590693116
2486700,GEbO4GCYCUDDhA/p+yN1elnSN2p9oxmqwwdP/MiCKuZil6z/80BjHkiBn03rpspy,4.249109615348641,7.6466684203134125,4.991592114238513
2487000,GEbO4GCYCUDDhA/p+yN1elnSN2p9oxmqwwdP/MiCKuZil6z/80BjHkiBn03rpspy,4.385124492555877,6.301385435373491,4.922537715411782
2487300,GEbO4GCYCUDDhA/p+yN1elnSN2p9oxmqwwdP/MiCKuZil6z/80BjHkiBn03rpspy,4.2687718466548965,6.602380067808283,4.697724465161045
2487600,GEbO4GCYCUDDhA/p+yN1elnSN2p9oxmqwwdP/MiCKuZil6z/80BjHkiBn03rpspy,4.009934017174446,6.223874776225607,4.791824118206147
2487900,GEbO4GCYCUDDhA/p+yN1elnSN2p9oxmqwwdP/MiCKuZil6z/80BjHkiBn03rpspy,4.235995513442106,7.298272305856384,4.894347872451819
2488200,GEbO4GCYCUDDhA/p+yN1elnSN2p9oxmqwwdP/MiCKuZil6z/80BjHkiBn03rpspy,4.23249690309113,6.330718273777286,4.869357556495033
2488500,GEbO4GCYCUDDhA/p+yN1elnSN2p9oxmqwwdP/MiCKuZil6z/80BjHkiBn03rpspy,4.2248949774832525,8.16813282232323,5.045967876530035
2488800,GEbO4GCYCUDDhA/p+yN1elnSN2p9oxmqwwdP/MiCKuZil6z/80BjHkiBn03rpspy,4.073905412895694,6.686102950310385,4.900760716517081
2489100,GEbO4GCYCUDDhA/p+yN1elnSN2p9oxmqwwdP/MiCKuZil6z/80BjHkiBn03rpspy,4.31825283557982,6.893002864714025,4.859165707407516
2489400,GEbO4GCYCUDDhA/p+yN1elnSN2p9oxmqwwdP/MiCKuZil6z/80BjHkiBn03rpspy,4.121915120576375,5.748807881588833,4.755961379311697
2489700,GEbO4GCYCUDDhA/p+yN1elnSN2p9oxmqwwdP/MiCKuZil6z/80BjHkiBn03rpspy,4.2115930317106685,7.306066714183142,4.8898005692054936
2490000,GEbO4GCYCUDDhA/p+yN1elnSN2p9oxmqwwdP/MiCKuZil6z/80BjHkiBn03rpspy,4.138696491653727,5.882843326380899,4.72805564412279
2490300,GEbO4GCYCUDDhA/p+yN1elnSN2p9oxmqwwdP/MiCKuZil6z/80BjHkiBn03rpspy,4.300825766016883,7.893138899325395,5.077105050591651
2490600,GEbO4GCYCUDDhA/p+yN1elnSN2p9oxmqwwdP/MiCKuZil6z/80BjHkiBn03rpspy,4.432050254032047,6.225198614212521,4.934256684963551
2490900,GEbO4GCYCUDDhA/p+yN1elnSN2p9oxmqwwdP/MiCKuZil6z/80BjHkiBn03rpspy,4.279076851199192,8.383887627959492,5.0226466293109375
2491200,GEbO4GCYCUDDhA/p+yN1elnSN2p9oxmqwwdP/MiCKuZil6z/80BjHkiBn03rpspy,4.402937909908426,6.044380841091636,5.039025178469419
2491500,GEbO4GCYCUDDhA/p+yN1elnSN2p9oxmqwwdP/MiCKuZil6z/80BjHkiBn03rpspy,4.11962981809941,7.884561667485005,4.94743939236707
2491800,GEbO4GCYCUDDhA/p+yN1elnSN2p9oxmqwwdP/MiCKuZil6z/80BjHkiBn03rpspy,4.411245814963534,6.260245239623789,4.915325251904906
2492100,GEbO4GCYCUDDhA/p+yN1elnSN2p9oxmqwwdP/MiCKuZil6z/80BjHkiBn03rpspy,4.349357827383612,7.692164043629232,4.971262245237604
2492400,GEbO4GCYCUDDhA/p+yN1elnSN2p9oxmqwwdP/MiCKuZil6z/80BjHkiBn03rpspy,4.382611178088568,5.853453637226004,4.902886451426246
2492700,GEbO4GCYCUDDhA/p+yN1elnSN2p9oxmqwwdP/MiCKuZil6z/80BjHkiBn03rpspy,3.905953028536605,7.719449803512557,4.915269205138699
2493000,GEbO4GCYCUDDhA/p+yN1elnSN2p9oxmqwwdP/MiCKuZil6z/80BjHkiBn03rpspy,4.297987559062271,5.941948687599579,4.9575874463203276
2493300,GEbO4GCYCUDDhA/p+yN1elnSN2p9oxmqwwdP/MiCKuZil6z/80BjHkiBn03rpspy,4.436706303555475,7.713496423135222,5.029665025833275
2493600,GEbO4GCYCUDDhA/p+yN1elnSN2p9oxmqwwdP/MiCKuZil6z/80BjHkiBn03rpspy,4.164602503995057,6.159712017058384,4.8858596808970365
2493900,GEbO4GCYCUDDhA/p+yN1elnSN2p9oxmqwwdP/MiCKuZil6z/80BjHkiBn03rpspy,4.360658770359442,8.349576826975609,5.102434768961122
2494200,GEbO4GCYCUDDhA/p+yN1elnSN2p9oxmqwwdP/MiCKuZil6z/80BjHkiBn03rpspy,4.345713235665043,5.926122168424303,4.831726357813444
2494500,GEbO4GCYCUDDhA/p+yN1elnSN2p9oxmqwwdP/MiCKuZil6z/80BjHkiBn03rpspy,4.271780231962304,6.621465222573919,4.828374843120272
2494800,GEbO4GCYCUDDhA/p+yN1elnSN2p9oxmqwwdP/MiCKuZil6z/80BjHkiBn03rpspy,4.093033255227319,6.218499560818205,4.784135939497046
2495100,GEbO4GCYCUDDhA/p+yN1elnSN2p9oxmqwwdP/MiCKuZil6z/80BjHkiBn03rpspy,4.274256332709056,7.299213066960736,4.894970663572615
2495400,GEbO4GCYCUDDhA/p+yN1elnSN2p9oxmqwwdP/MiCKuZil6z/80BjHkiBn03rpspy,4.367000294038252,14.704531047778367,6.181485778573888
2495700,GEbO4GCYCUDDhA/p+yN1elnSN2p9oxmqwwdP/MiCKuZil6z/80BjHkiBn03rpspy,3.9159876340234727,8.57821839605172,4.883206668704479
2496000,GEbO4GCYCUDDhA/p+yN1elnSN2p9oxmqwwdP/MiCKuZil6z/80BjHkiBn03rpspy,4.0860596323559575,6.170617760295009,4.84510161330697
2496300,GEbO4GCYCUDDhA/p+yN1elnSN2p9oxmqwwdP/MiCKuZil6z/80BjHkiBn03rpspy,3.841365906568164,8.027726952940188,4.838959232089229
2496600,GEbO4GCYCUDDhA/p+yN1elnSN2p9oxmqwwdP/MiCKuZil6z/80BjHkiBn03rpspy,4.079633624635499,6.340379281859073,4.675210538114541
2496900,GEbO4GCYCUDDhA/p+yN1elnSN2p9oxmqwwdP/MiCKuZil6z/80BjHkiBn03rpspy,3.896533072817157,7.697739165920397,4.898406735662904
2497200,GEbO4GCYCUDDhA/p+yN1elnSN2p9oxmqwwdP/MiCKuZil6z/80BjHkiBn03rpspy,4.275124417573645,5.93397805134204,4.662824757913886
2497500,GEbO4GCYCUDDhA/p+yN1elnSN2p9oxmqwwdP/MiCKuZil6z/80BjHkiBn03rpspy,4.162472354321644,8.327486122935024,4.9194184810196795
2497800,GEbO4GCYCUDDhA/p+yN1elnSN2p9oxmqwwdP/MiCKuZil6z/80BjHkiBn03rpspy,3.9956182636327457,6.5762420463436415,4.865414853116472
2498100,GEbO4GCYCUDDhA/p+yN1elnSN2p9oxmqwwdP/MiCKuZil6z/80BjHkiBn03rpspy,4.166374803627281,7.529919950578,4.812897937356634
2498400,GEbO4GCYCUDDhA/p+yN1elnSN2p9oxmqwwdP/MiCKuZil6z/80BjHkiBn03rpspy,4.104781535133067,6.131062886823544,4.938713835585972
2498700,GEbO4GCYCUDDhA/p+yN1elnSN2p9oxmqwwdP/MiCKuZil6z/80BjHkiBn03rpspy,4.33351644593027,7.7182205269829955,5.004437987350445
2499000,GEbO4GCYCUDDhA/p+yN1elnSN2p9oxmqwwdP/MiCKuZil6z/80BjHkiBn03rpspy,3.934124804497988,6.387871890933523,4.825323349853889
2499300,GEbO4GCYCUDDhA/p+yN1elnSN2p9oxmqwwdP/MiCKuZil6z/80BjHkiBn03rpspy,4.383586371323138,7.926749058522215,4.977625439508555
2499600,GEbO4GCYCUDDhA/p+yN1elnSN2p9oxmqwwdP/MiCKuZil6z/80BjHkiBn03rpspy,4.090852955664742,6.417469779739183,4.7407256765072825
2499900,GEbO4GCYCUDDhA/p+yN1elnSN2p9oxmqwwdP/MiCKuZil6z/80BjHkiBn03rpspy,4.322948688256028,8.031594977279232,5.025986297682503
2500200,GEbO4GCYCUDDhA/p+yN1elnSN2p9oxmqwwdP/MiCKuZil6z/80BjHkiBn03rpspy,4.160972316250328,5.764548621180082,4.755676455120965
2500500,GEbO4GCYCUDDhA/p+yN1elnSN2p9oxmqwwdP/MiCKuZil6z/80BjHkiBn03rpspy,4.139149831806197,8.08452372109253,4.8756138614168965
2500800,GEbO4GCYCUDDhA/p+yN1elnSN2p9oxmqwwdP/MiCKuZil6z/80BjHkiBn03rpspy,4.269450369975614,5.8962617417365735,4.889705496364555
2501100,GEbO4GCYCUDDhA/p+yN1elnSN2p9oxmqwwdP/MiCKuZil6z/80BjHkiBn03rpspy,4.175777077472056,8.2066379559982,5.02137004028563
2501400,GEbO4GCYCUDDhA/p+yN1elnSN2p9oxmqwwdP/MiCKuZil6z/80BjHkiBn03rpspy,4.403304954827641,6.107675812537996,4.850023621189528
2501700,GEbO4GCYCUDDhA/p+yN1elnSN2p9oxmqwwdP/MiCKuZil6z/80BjHkiBn03rpspy,4.249094065599486,6.7374985251146295,4.975623864112581
2502000,GEbO4GCYCUDDhA/p+yN1elnSN2p9oxmqwwdP/MiCKuZil6z/80BjHkiBn03rpspy,4.194152388967646,5.82432776352465,4.869307277022755
2502300,GEbO4GCYCUDDhA/p+yN1elnSN2p9oxmqwwdP/MiCKuZil6z/80BjHkiBn03rpspy,3.9298435796451057,7.786655051116262,4.914922233812017
2502600,GEbO4GCYCUDDhA/p+yN1elnSN2p9oxmqwwdP/MiCKuZil6z/80BjHkiBn03rpspy,4.069037629562921,5.845336951266243,4.724961634517422
2502900,GEbO4GCYCUDDhA/p+yN1elnSN2p9oxmqwwdP/MiCKuZil6z/80BjHkiBn03rpspy,4.10319948115285,6.732384186006591,4.805209834889418
2503200,GEbO4GCYCUDDhA/p+yN1elnSN2p9oxmqwwdP/MiCKuZil6z/80BjHkiBn03rpspy,4.20705679260484,5.687714013629204,4.7116028668173655
2503500,GEbO4GCYCUDDhA/p+yN1elnSN2p9oxmqwwdP/MiCKuZil6z/80BjHkiBn03rpspy,4.321327962888627,8.024372988656093,4.93704487543878
2503800,GEbO4GCYCUDDhA/p+yN1elnSN2p9oxmqwwdP/MiCKuZil6z/80BjHkiBn03rpspy,3.96646882437317,5.878385429025913,4.827223551034713
2504100,GEbO4GCYCUDDhA/p+yN1elnSN2p9oxmqwwdP/MiCKuZil6z/80BjHkiBn03rpspy,4.282768709023728,7.693285599966101,5.025155038588943
2504400,GEbO4GCYCUDDhA/p+yN1elnSN2p9oxmqwwdP/MiCKuZil6z/80BjHkiBn03rpspy,4.180754219589391,6.222359661229054,4.9052472589552805
2504700,GEbO4GCYCUDDhA/p+yN1elnSN2p9oxmqwwdP/MiCKuZil6z/80BjHkiBn03rpspy,4.299194833193826,8.142569734107116,5.058121836852086
2505000,GEbO4GCYCUDDhA/p+yN1elnSN2p9oxmqwwdP/MiCKuZil6z/80BjHkiBn03rpspy,4.662989728567054,6.042171903339565,5.1208746268255405
2505300,GEbO4GCYCUDDhA/p+yN1elnSN2p9oxmqwwdP/MiCKuZil6z/80BjHkiBn03rpspy,4.387278645173057,7.603285405209807,5.060874021566466
2505600,GEbO4GCYCUDDhA/p+yN1elnSN2p9oxmqwwdP/MiCKuZil6z/80BjHkiBn03rpspy,4.44885246210518,5.85652507915431,4.899879267702641
2505900,GEbO4GCYCUDDhA/p+yN1elnSN2p9oxmqwwdP/MiCKuZil6z/80BjHkiBn03rpspy,4.4799265646730095,8.139179704496673,5.17346128091666
2506200,GEbO4GCYCUDDhA/p+yN1elnSN2p9oxmqwwdP/MiCKuZil6z/80BjHkiBn03rpspy,4.4202650635382525,6.215351110949022,4.99244524149244
2506500,GEbO4GCYCUDDhA/p+yN1elnSN2p9oxmqwwdP/MiCKuZil6z/80BjHkiBn03rpspy,4.3422828553795005,8.10504899714419,4.993182415318715
2506800,GEbO4GCYCUDDhA/p+yN1elnSN2p9oxmqwwdP/MiCKuZil6z/80BjHkiBn03rpspy,4.399387672439234,5.807522208747516,4.9171308768521484
2507100,GEbO4GCYCUDDhA/p+yN1elnSN2p9oxmqwwdP/MiCKuZil6z/80BjHkiBn03rpspy,4.463834150275345,7.67939516626739,4.993065391523743
2507400,GEbO4GCYCUDDhA/p+yN1elnSN2p9oxmqwwdP/MiCKuZil6z/80BjHkiBn03rpspy,4.352256486512616,5.8731315802115525,4.981357049184616
2507700,GEbO4GCYCUDDhA/p+yN1elnSN2p9oxmqwwdP/MiCKuZil6z/80BjHkiBn03rpspy,4.07230828835246,8.055232741758058,4.8428869659638885
2508000,GEbO4GCYCUDDhA/p+yN1elnSN2p9oxmqwwdP/MiCKuZil6z/80BjHkiBn03rpspy,4.404075351744137,5.708397743352047,4.87624271453721
2508300,GEbO4GCYCUDDhA/p+yN1elnSN2p9oxmqwwdP/MiCKuZil6z/80BjHkiBn03rpspy,4.403428749593911,15.853904659911835,5.8779945793967725
2508600,GEbO4GCYCUDDhA/p+yN1elnSN2p9oxmqwwdP/MiCKuZil6z/80BjHkiBn03rpspy,4.275175548662327,6.138039462820462,4.911315633073618
2508900,GEbO4GCYCUDDhA/p+yN1elnSN2p9oxmqwwdP/MiCKuZil6z/80BjHkiBn03rpspy,4.118422550011283,7.549921965251853,4.896010307261967
2509200,GEbO4GCYCUDDhA/p+yN1elnSN2p9oxmqwwdP/MiCKuZil6z/80BjHkiBn03rpspy,4.309950793390591,6.117826313994029,4.963811336554248
2509500,GEbO4GCYCUDDhA/p+yN1elnSN2p9oxmqwwdP/MiCKuZil6z/80BjHkiBn03rpspy,4.135038736353168,7.649871023288421,4.9962739938366285
2509800,GEbO4GCYCUDDhA/p+yN1elnSN2p9oxmqwwdP/MiCKuZil6z/80BjHkiBn03rpspy,4.14064055031662,6.391790856556999,4.98601734661945
2510100,GEbO4GCYCUDDhA/p+yN1elnSN2p9oxmqwwdP/MiCKuZil6z/80BjHkiBn03rpspy,4.156221218987391,8.13143190960703,4.956477900623061
2510400,GEbO4GCYCUDDhA/p+yN1elnSN2p9oxmqwwdP/MiCKuZil6z/80BjHkiBn03rpspy,4.156081715928592,6.253980257129595,5.02861489348265
2510700,GEbO4GCYCUDDhA/p+yN1elnSN2p9oxmqwwdP/MiCKuZil6z/80BjHkiBn03rpspy,4.2422128358993145,8.229566794397229,5.024160726129589
2511000,GEbO4GCYCUDDhA/p+yN1elnSN2p9oxmqwwdP/MiCKuZil6z/80BjHkiBn03rpspy,4.503566778021624,6.121812526078552,5.043026156182247
2511300,GEbO4GCYCUDDhA/p+yN1elnSN2p9oxmqwwdP/MiCKuZil6z/80BjHkiBn03rpspy,4.285111543588302,8.060236666662147,5.0185562513723045
2511600,GEbO4GCYCUDDhA/p+yN1elnSN2p9oxmqwwdP/MiCKuZil6z/80BjHkiBn03rpspy,4.411848173706542,6.603806784184098,4.9386223019735365
2511900,GEbO4GCYCUDDhA/p+yN1elnSN2p9oxmqwwdP/MiCKuZil6z/80BjHkiBn03rpspy,4.044629539415477,8.10136082213035,5.020614113782358
2512200,GEbO4GCYCUDDhA/p+yN1elnSN2p9oxmqwwdP/MiCKuZil6z/80BjHkiBn03rpspy,4.397888442355918,6.235552750432308,5.115105067206684
2512500,GEbO4GCYCUDDhA/p+yN1elnSN2p9oxmqwwdP/MiCKuZil6z/80BjHkiBn03rpspy,4.470194527179122,7.63673521509016,5.108958290212054
2512800,GEbO4GCYCUDDhA/p+yN1elnSN2p9oxmqwwdP/MiCKuZil6z/80BjHkiBn03rpspy,4.180387835704297,6.485906697951588,4.9703791364267325
2513100,GEbO4GCYCUDDhA/p+yN1elnSN2p9oxmqwwdP/MiCKuZil6z/80BjHkiBn03rpspy,4.1299066821688495,8.534273384920638,5.008656695255692
2513400,GEbO4GCYCUDDhA/p+yN1elnSN2p9oxmqwwdP/MiCKuZil6z/80BjHkiBn03rpspy,4.320625303073014,5.980501072694368,4.900113940744316
2513700,GEbO4GCYCUDDhA/p+yN1elnSN2p9oxmqwwdP/MiCKuZil6z/80BjHkiBn03rpspy,4.369148245413294,7.467491709195033,4.966691261566835
2514000,GEbO4GCYCUDDhA/p+yN1elnSN2p9oxmqwwdP/MiCKuZil6z/80BjHkiBn03rpspy,4.158101942186574,6.350030945159316,4.802458959651151
2514300,GEbO4GCYCUDDhA/p+yN1elnSN2p9oxmqwwdP/MiCKuZil6z/80BjHkiBn03rpspy,3.9415401414389017,7.52774548175115,4.799274087568778
2514600,GEbO4GCYCUDDhA/p+yN1elnSN2p9oxmqwwdP/MiCKuZil6z/80BjHkiBn03rpspy,4.021001586404702,6.250537277627886,4.806676053042193
2514900,GEbO4GCYCUDDhA/p+yN1elnSN2p9oxmqwwdP/MiCKuZil6z/80BjHkiBn03rpspy,4.03989588455869,6.9919300196101855,4.902159198681142
2515200,GEbO4GCYCUDDhA/p+yN1elnSN2p9oxmqwwdP/MiCKuZil6z/80BjHkiBn03rpspy,4.185266334825467,6.165326383852793,4.86247867929898
2515500,GEbO4GCYCUDDhA/p+yN1elnSN2p9oxmqwwdP/MiCKuZil6z/80BjHkiBn03rpspy,4.168157092618607,7.973869630445779,4.955458425852367
2515800,GEbO4GCYCUDDhA/p+yN1elnSN2p9oxmqwwdP/MiCKuZil6z/80BjHkiBn03rpspy,4.3567913294080425,6.116269257462902,4.92275347643543
2516100,GEbO4GCYCUDDhA/p+yN1elnSN2p9oxmqwwdP/MiCKuZil6z/80BjHkiBn03rpspy,4.421177690753811,7.836894380583964,5.048754281410405
2516400,GEbO4GCYCUDDhA/p+yN1elnSN2p9oxmqwwdP/MiCKuZil6z/80BjHkiBn03rpspy,4.297813877257316,5.999493427285606,4.902187209553077
2516700,GEbO4GCYCUDDhA/p+yN1elnSN2p9oxmqwwdP/MiCKuZil6z/80BjHkiBn03rpspy,4.5618413141167045,7.788554643797486,5.1122583646127016
2517000,GEbO4GCYCUDDhA/p+yN1elnSN2p9oxmqwwdP/MiCKuZil6z/80BjHkiBn03rpspy,4.083657718712858,6.033999269992307,4.773728260997705
2517300,GEbO4GCYCUDDhA/p+yN1elnSN2p9oxmqwwdP/MiCKuZil6z/80BjHkiBn03rpspy,4.13497238265863,7.391401410475094,4.7996907231554715
2517600,GEbO4GCYCUDDhA/p+yN1elnSN2p9oxmqwwdP/MiCKuZil6z/80BjHkiBn03rpspy,4.344679773678455,6.288992852409236,4.866226469222376
2517900,GEbO4GCYCUDDhA/p+yN1elnSN2p9oxmqwwdP/MiCKuZil6z/80BjHkiBn03rpspy,4.255088664312256,7.596903687426051,4.957871384093737
2518200,GEbO4GCYCUDDhA/p+yN1elnSN2p9oxmqwwdP/MiCKuZil6z/80BjHkiBn03rpspy,4.215028020376488,5.926787137595414,4.790189420661447
2518500,GEbO4GCYCUDDhA/p+yN1elnSN2p9oxmqwwdP/MiCKuZil6z/80BjHkiBn03rpspy,4.31586088577307,7.787185742536725,4.957600214568073
2518800,GEbO4GCYCUDDhA/p+yN1elnSN2p9oxmqwwdP/MiCKuZil6z/80BjHkiBn03rpspy,4.12021208806146,6.310489581280264,4.873420190482231
2519100,GEbO4GCYCUDDhA/p+yN1elnSN2p9oxmqwwdP/MiCKuZil6z/80BjHkiBn03rpspy,4.291722196345079,7.4479814176074175,4.864549463221316
2519400,GEbO4GCYCUDDhA/p+yN1elnSN2p9oxmqwwdP/MiCKuZil6z/80BjHkiBn03rpspy,4.19961943598467,5.641053870908571,4.793358515169921
2519700,GEbO4GCYCUDDhA/p+yN1elnSN2p9oxmqwwdP/MiCKuZil6z/80BjHkiBn03rpspy,4.259029338905267,7.364472613556451,4.848029197431688
2520000,GEbO4GCYCUDDhA/p+yN1elnSN2p9oxmqwwdP/MiCKuZil6z/80BjHkiBn03rpspy,4.103246804063573,6.005419588669397,4.680327879286927
2520300,GEbO4GCYCUDDhA/p+yN1elnSN2p9oxmqwwdP/MiCKuZil6z/80BjHkiBn03rpspy,4.316398021987537,7.550325013483277,5.0246780967858875
2520600,GEbO4GCYCUDDhA/p+yN1elnSN2p9oxmqwwdP/MiCKuZil6z/80BjHkiBn03rpspy,4.308841806140445,6.191820457903326,4.7932099995329756
2520900,GEbO4GCYCUDDhA/p+yN1elnSN2p9oxmqwwdP/MiCKuZil6z/80BjHkiBn03rpspy,4.375962812164279,7.879713694248378,5.243259211208966
2521200,GEbO4GCYCUDDhA/p+yN1elnSN2p9oxmqwwdP/MiCKuZil6z/80BjHkiBn03rpspy,4.264291474036521,6.248879398293148,4.7995284942263154
2521500,GEbO4GCYCUDDhA/p+yN1elnSN2p9oxmqwwdP/MiCKuZil6z/80BjHkiBn03rpspy,4.340338196327413,8.28941243734736,5.19149337402277
2521800,GEbO4GCYCUDDhA/p+yN1elnSN2p9oxmqwwdP/MiCKuZil6z/80BjHkiBn03rpspy,4.3407651424260685,6.650982419236472,4.928468230213496
2522100,GEbO4GCYCUDDhA/p+yN1elnSN2p9oxmqwwdP/MiCKuZil6z/80BjHkiBn03rpspy,4.064235354167161,8.010691559594298,5.095690947752224
2522400,GEbO4GCYCUDDhA/p+yN1elnSN2p9oxmqwwdP/MiCKuZil6z/80BjHkiBn03rpspy,4.2240929038719095,6.556141645869945,4.815879916743479
2522700,GEbO4GCYCUDDhA/p+yN1elnSN2p9oxmqwwdP/MiCKuZil6z/80BjHkiBn03rpspy,4.103669964328812,11.002680008900704,5.720634628354984
2523000,GEbO4GCYCUDDhA/p+yN1elnSN2p9oxmqwwdP/MiCKuZil6z/80BjHkiBn03rpspy,4.004068617192745,5.701316115558778,4.518260437873543
2523300,GEbO4GCYCUDDhA/p+yN1elnSN2p9oxmqwwdP/MiCKuZil6z/80BjHkiBn03rpspy,4.222790837938598,8.162386629104969,5.046458525387071
2523600,GEbO4GCYCUDDhA/p+yN1elnSN2p9oxmqwwdP/MiCKuZil6z/80BjHkiBn03rpspy,4.154618594653416,6.47740466102664,4.778593632270462
2523900,GEbO4GCYCUDDhA/p+yN1elnSN2p9oxmqwwdP/MiCKuZil6z/80BjHkiBn03rpspy,4.201761552920145,7.952174810532535,5.079200725513142
2524200,GEbO4GCYCUDDhA/p+yN1elnSN2p9oxmqwwdP/MiCKuZil6z/80BjHkiBn03rpspy,4.023357287868518,6.11762374803548,4.714694594048655
2524500,GEbO4GCYCUDDhA/p+yN1elnSN2p9oxmqwwdP/MiCKuZil6z/80BjHkiBn03rpspy,4.051211416963676,8.325257954890484,4.97106392206165
2524800,GEbO4GCYCUDDhA/p+yN1elnSN2p9oxmqwwdP/MiCKuZil6z/80BjHkiBn03rpspy,4.045644056348366,6.080760139802089,4.660942857922765
2525100,GEbO4GCYCUDDhA/p+yN1elnSN2p9oxmqwwdP/MiCKuZil6z/80BjHkiBn03rpspy,4.241116584650687,7.928888554634595,5.0477429757099115
2525400,GEbO4GCYCUDDhA/p+yN1elnSN2p9oxmqwwdP/MiCKuZil6z/80BjHkiBn03rpspy,4.256734087411902,6.1765631126051534,4.732530559579849
2525700,GEbO4GCYCUDDhA/p+yN1elnSN2p9oxmqwwdP/MiCKuZil6z/80BjHkiBn03rpspy,4.286311893683357,8.306933426880269,5.067755023783084
2526000,GEbO4GCYCUDDhA/p+yN1elnSN2p9oxmqwwdP/MiCKuZil6z/80BjHkiBn03rpspy,4.055271480247642,6.149005475080148,4.70942348784446
2526300,GEbO4GCYCUDDhA/p+yN1elnSN2p9oxmqwwdP/MiCKuZil6z/80BjHkiBn03rpspy,4.25940055092063,7.280211852469785,4.951860353238144
2526600,GEbO4GCYCUDDhA/p+yN1elnSN2p9oxmqwwdP/MiCKuZil6z/80BjHkiBn03rpspy,4.056570693194228,6.114185686250969,4.55495740839258
2526900,GEbO4GCYCUDDhA/p+yN1elnSN2p9oxmqwwdP/MiCKuZil6z/80BjHkiBn03rpspy,4.1836998939327135,8.204137182807333,4.99634358219969
2527200,GEbO4GCYCUDDhA/p+yN1elnSN2p9oxmqwwdP/MiCKuZil6z/80BjHkiBn03rpspy,4.05410042337745,6.600345159488755,4.6867382959631625
2527500,GEbO4GCYCUDDhA/p+yN1elnSN2p9oxmqwwdP/MiCKuZil6z/80BjHkiBn03rpspy,3.992540790968985,7.691484357256519,4.820581133992387
2527800,GEbO4GCYCUDDhA/p+yN1elnSN2p9oxmqwwdP/MiCKuZil6z/80BjHkiBn03rpspy,4.142555410827219,5.172161069585769,4.493085780961303
2528100,GEbO4GCYCUDDhA/p+yN1elnSN2p9oxmqwwdP/MiCKuZil6z/80BjHkiBn03rpspy,3.654983962345188,6.180267853187135,4.6867926140435
2528400,GEbO4GCYCUDDhA/p+yN1elnSN2p9oxmqwwdP/MiCKuZil6z/80BjHkiBn03rpspy,4.0786235516423845,7.755996007818293,4.730156306103257
2528700,GEbO4GCYCUDDhA/p+yN1elnSN2p9oxmqwwdP/MiCKuZil6z/80BjHkiBn03rpspy,4.289572574406104,6.6217653134051515,4.838540953757472
2529000,GEbO4GCYCUDDhA/p+yN1elnSN2p9oxmqwwdP/MiCKuZil6z/80BjHkiBn03rpspy,4.568103802363432,7.620235788697533,5.101989716159932
2529300,GEbO4GCYCUDDhA/p+yN1elnSN2p9oxmqwwdP/MiCKuZil6z/80BjHkiBn03rpspy,4.167816261861044,7.437318257119003,4.8273413822623015
2529600,GEbO4GCYCUDDhA/p+yN1elnSN2p9oxmqwwdP/MiCKuZil6z/80BjHkiBn03rpspy,4.228409420537925,7.70131271474166,4.894255335797425
2529900,GEbO4GCYCUDDhA/p+yN1elnSN2p9oxmqwwdP/MiCKuZil6z/80BjHkiBn03rpspy,4.337411150690135,6.680235589425435,4.867611022773465
2530200,GEbO4GCYCUDDhA/p+yN1elnSN2p9oxmqwwdP/MiCKuZil6z/80BjHkiBn03rpspy,4.35864688095949,7.066096976252081,4.957037907044993
2530500,GEbO4GCYCUDDhA/p+yN1elnSN2p9oxmqwwdP/MiCKuZil6z/80BjHkiBn03rpspy,4.075569736626481,6.89996014120218,4.8345889158709525
2530800,GEbO4GCYCUDDhA/p+yN1elnSN2p9oxmqwwdP/MiCKuZil6z/80BjHkiBn03rpspy,4.327450261816005,7.751766865395162,4.966372872212089
2531100,GEbO4GCYCUDDhA/p+yN1elnSN2p9oxmqwwdP/MiCKuZil6z/80BjHkiBn03rpspy,4.366385477207443,7.103724279089603,4.973657625559845
2531400,GEbO4GCYCUDDhA/p+yN1elnSN2p9oxmqwwdP/MiCKuZil6z/80BjHkiBn03rpspy,3.7923342755321183,7.404992123836535,4.832668243596583
2531700,GEbO4GCYCUDDhA/p+yN1elnSN2p9oxmqwwdP/MiCKuZil6z/80BjHkiBn03rpspy,4.164309991394047,6.7671960970727145,4.862390994312893
2532000,GEbO4GCYCUDDhA/p+yN1elnSN2p9oxmqwwdP/MiCKuZil6z/80BjHkiBn03rpspy,4.256705344086287,7.699663296692352,4.952239385701716
2532300,GEbO4GCYCUDDhA/p+yN1elnSN2p9oxmqwwdP/MiCKuZil6z/80BjHkiBn03rpspy,4.2428191156939175,6.762272145460421,4.930430268167067
2532600,GEbO4GCYCUDDhA/p+yN1elnSN2p9oxmqwwdP/MiCKuZil6z/80BjHkiBn03rpspy,4.28970946701837,7.907276104555584,4.996487821017853
2532900,GEbO4GCYCUDDhA/p+yN1elnSN2p9oxmqwwdP/MiCKuZil6z/80BjHkiBn03rpspy,4.31687951931025,6.97569357573275,4.886105682138125
2533200,GEbO4GCYCUDDhA/p+yN1elnSN2p9oxmqwwdP/MiCKuZil6z/80BjHkiBn03rpspy,4.284636931627512,7.791127218304891,4.905381162314742
2533500,GEbO4GCYCUDDhA/p+yN1elnSN2p9oxmqwwdP/MiCKuZil6z/80BjHkiBn03rpspy,4.316363513239596,6.98221784079672,4.867954804688127
2533800,GEbO4GCYCUDDhA/p+yN1elnSN2p9oxmqwwdP/MiCKuZil6z/80BjHkiBn03rpspy,4.246682777572713,7.69192599493016,4.90566689415135
2534100,GEbO4GCYCUDDhA/p+yN1elnSN2p9oxmqwwdP/MiCKuZil6z/80BjHkiBn03rpspy,4.181121862264084,7.175921059065685,4.926753664815753
2534400,GEbO4GCYCUDDhA/p+yN1elnSN2p9oxmqwwdP/MiCKuZil6z/80BjHkiBn03rpspy,4.309636647793077,7.324189863471867,4.835341989224997
2534700,GEbO4GCYCUDDhA/p+yN1elnSN2p9oxmqwwdP/MiCKuZil6z/80BjHkiBn03rpspy,4.2376899301438735,6.856041034318523,4.82470695542187
2535000,GEbO4GCYCUDDhA/p+yN1elnSN2p9oxmqwwdP/MiCKuZil6z/80BjHkiBn03rpspy,4.254930268769499,7.224725978074241,4.810839843596763
2535300,GEbO4GCYCUDDhA/p+yN1elnSN2p9oxmqwwdP/MiCKuZil6z/80BjHkiBn03rpspy,4.087507385792405,6.587792026699272,4.662295124857751
2535600,GEbO4GCYCUDDhA/p+yN1elnSN2p9oxmqwwdP/MiCKuZil6z/80BjHkiBn03rpspy,4.083526467117631,7.959529545855913,4.794013739833567
2535900,GEbO4GCYCUDDhA/p+yN1elnSN2p9oxmqwwdP/MiCKuZil6z/80BjHkiBn03rpspy,4.408864490285503,7.457084942660101,4.908069402757105
2536200,GEbO4GCYCUDDhA/p+yN1elnSN2p9oxmqwwdP/MiCKuZil6z/80BjHkiBn03rpspy,4.127568158310704,7.575722827100666,4.975875502279369
2536500,GEbO4GCYCUDDhA/p+yN1elnSN2p9oxmqwwdP/MiCKuZil6z/80BjHkiBn03rpspy,4.3148105667880925,6.942508842855771,4.831697084468916
2536800,GEbO4GCYCUDDhA/p+yN1elnSN2p9oxmqwwdP/MiCKuZil6z/80BjHkiBn03rpspy,4.641526659606653,8.008726066457642,5.185685943942038
2537100,GEbO4GCYCUDDhA/p+yN1elnSN2p9oxmqwwdP/MiCKuZil6z/80BjHkiBn03rpspy,4.5946926095602425,6.735993276555018,5.104570556408152
2537400,GEbO4GCYCUDDhA/p+yN1elnSN2p9oxmqwwdP/MiCKuZil6z/80BjHkiBn03rpspy,4.047977085341941,8.246930244284536,5.013603770257458
2537700,GEbO4GCYCUDDhA/p+yN1elnSN2p9oxmqwwdP/MiCKuZil6z/80BjHkiBn03rpspy,4.389109650978392,6.4220984308239215,4.9401121369835135
2538000,GEbO4GCYCUDDhA/p+yN1elnSN2p9oxmqwwdP/MiCKuZil6z/80BjHkiBn03rpspy,4.229776453346116,8.196619354594604,4.935612429913291
2538300,GEbO4GCYCUDDhA/p+yN1elnSN2p9oxmqwwdP/MiCKuZil6z/80BjHkiBn03rpspy,3.8673320293986473,6.2828560484523575,4.792634284870394
2538600,GEbO4GCYCUDDhA/p+yN1elnSN2p9oxmqwwdP/MiCKuZil6z/80BjHkiBn03rpspy,3.9246687576102266,7.641650450840477,4.80912485682034
2538900,GEbO4GCYCUDDhA/p+yN1elnSN2p9oxmqwwdP/MiCKuZil6z/80BjHkiBn03rpspy,4.114235694849937,7.636548524848623,5.2189540962295204
2539200,GEbO4GCYCUDDhA/p+yN1elnSN2p9oxmqwwdP/MiCKuZil6z/80BjHkiBn03rpspy,3.9197192707124975,8.318827379375282,4.780687610934552
2539500,GEbO4GCYCUDDhA/p+yN1elnSN2p9oxmqwwdP/MiCKuZil6z/80BjHkiBn03rpspy,4.105933196633854,6.133932103668467,4.67595062150045
2539800,GEbO4GCYCUDDhA/p+yN1elnSN2p9oxmqwwdP/MiCKuZil6z/80BjHkiBn03rpspy,4.203494827544351,6.784843426235752,4.654895382317526
2540100,GEbO4GCYCUDDhA/p+yN1elnSN2p9oxmqwwdP/MiCKuZil6z/80BjHkiBn03rpspy,4.143976213110808,6.315440647207997,4.774027232773385
2540400,GEbO4GCYCUDDhA/p+yN1elnSN2p9oxmqwwdP/MiCKuZil6z/80BjHkiBn03rpspy,4.219925620479525,7.6719471609380925,4.923978288726917
2540700,GEbO4GCYCUDDhA/p+yN1elnSN2p9oxmqwwdP/MiCKuZil6z/80BjHkiBn03rpspy,4.074492670955756,6.357167996722772,4.700188151343705
2541000,GEbO4GCYCUDDhA/p+yN1elnSN2p9oxmqwwdP/MiCKuZil6z/80BjHkiBn03rpspy,4.0665166174267755,7.450428536940548,4.786851310661794
2541300,GEbO4GCYCUDDhA/p+yN1elnSN2p9oxmqwwdP/MiCKuZil6z/80BjHkiBn03rpspy,4.070951823953716,5.96380185658561,4.831425041224357
2541600,GEbO4GCYCUDDhA/p+yN1elnSN2p9oxmqwwdP/MiCKuZil6z/80BjHkiBn03rpspy,4.10068624392341,7.945174271697157,4.805760870234521
2541900,GEbO4GCYCUDDhA/p+yN1elnSN2p9oxmqwwdP/MiCKuZil6z/80BjHkiBn03rpspy,4.074931725750331,5.936056818945296,4.820910126001239
2542200,GEbO4GCYCUDDhA/p+yN1elnSN2p9oxmqwwdP/MiCKuZil6z/80BjHkiBn03rpspy,4.2965869386299245,7.903989053989705,5.351170980533318
2542500,GEbO4GCYCUDDhA/p+yN1elnSN2p9oxmqwwdP/MiCKuZil6z/80BjHkiBn03rpspy,4.3218298456714095,6.912490819932959,5.27432659996929
2542800,GEbO4GCYCUDDhA/p+yN1elnSN2p9oxmqwwdP/MiCKuZil6z/80BjHkiBn03rpspy,4.265780468189904,7.944679008138589,4.895900090828
2543100,GEbO4GCYCUDDhA/p+yN1elnSN2p9oxmqwwdP/MiCKuZil6z/80BjHkiBn03rpspy,4.2925308438141645,6.266440392168528,4.880264708729594
2543400,GEbO4GCYCUDDhA/p+yN1elnSN2p9oxmqwwdP/MiCKuZil6z/80BjHkiBn03rpspy,4.111510879721206,7.8860371089589565,4.8704045458753376
2543700,GEbO4GCYCUDDhA/p+yN1elnSN2p9oxmqwwdP/MiCKuZil6z/80BjHkiBn03rpspy,3.9572815790789666,6.079216550690608,4.797012833337088
2544000,GEbO4GCYCUDDhA/p+yN1elnSN2p9oxmqwwdP/MiCKuZil6z/80BjHkiBn03rpspy,4.33598017006786,7.368373845982387,4.902290667350028
2544300,GEbO4GCYCUDDhA/p+yN1elnSN2p9oxmqwwdP/MiCKuZil6z/80BjHkiBn03rpspy,4.150301981452366,6.557740280018477,4.8652265546354165
2544600,GEbO4GCYCUDDhA/p+yN1elnSN2p9oxmqwwdP/MiCKuZil6z/80BjHkiBn03rpspy,4.15811264004648,7.812165768189417,4.994414838910756
2544900,GEbO4GCYCUDDhA/p+yN1elnSN2p9oxmqwwdP/MiCKuZil6z/80BjHkiBn03rpspy,4.338327920930606,5.969060615502157,4.810933527834745
2545200,GEbO4GCYCUDDhA/p+yN1elnSN2p9oxmqwwdP/MiCKuZil6z/80BjHkiBn03rpspy,4.479445691861683,7.556828623752882,4.999773862722419
2545500,GEbO4GCYCUDDhA/p+yN1elnSN2p9oxmqwwdP/MiCKuZil6z/80BjHkiBn03rpspy,4.345702878242742,6.259663022242393,5.027471422905699
2545800,GEbO4GCYCUDDhA/p+yN1elnSN2p9oxmqwwdP/MiCKuZil6z/80BjHkiBn03rpspy,4.4103877995760525,7.6696860373214815,4.991656445469606
2546100,GEbO4GCYCUDDhA/p+yN1elnSN2p9oxmqwwdP/MiCKuZil6z/80BjHkiBn03rpspy,4.265680879159934,5.770109940021966,4.876500030856996
2546400,GEbO4GCYCUDDhA/p+yN1elnSN2p9oxmqwwdP/MiCKuZil6z/80BjHkiBn03rpspy,4.236713852156587,8.089864827982048,4.946580876557304
2546700,GEbO4GCYCUDDhA/p+yN1elnSN2p9oxmqwwdP/MiCKuZil6z/80BjHkiBn03rpspy,4.18728970391162,6.2869054595496,4.872259917163622
2547000,GEbO4GCYCUDDhA/p+yN1elnSN2p9oxmqwwdP/MiCKuZil6z/80BjHkiBn03rpspy,4.2571927633139435,8.192214269512691,4.94386336970841
2547300,GEbO4GCYCUDDhA/p+yN1elnSN2p9oxmqwwdP/MiCKuZil6z/80BjHkiBn03rpspy,3.9566008068709886,5.842484547166909,4.85795283075785
2547600,GEbO4GCYCUDDhA/p+yN1elnSN2p9oxmqwwdP/MiCKuZil6z/80BjHkiBn03rpspy,4.272628461090058,7.557167904254139,4.840892094357277
2547900,GEbO4GCYCUDDhA/p+yN1elnSN2p9oxmqwwdP/MiCKuZil6z/80BjHkiBn03rpspy,4.302038688642881,6.147530503217332,4.821660120450325
2548200,GEbO4GCYCUDDhA/p+yN1elnSN2p9oxmqwwdP/MiCKuZil6z/80BjHkiBn03rpspy,4.230730975322122,7.827262838226835,4.88431032940272
2548500,GEbO4GCYCUDDhA/p+yN1elnSN2p9oxmqwwdP/MiCKuZil6z/80BjHkiBn03rpspy,4.206775874453279,6.3700300194464266,4.84961593234867
2548800,GEbO4GCYCUDDhA/p+yN1elnSN2p9oxmqwwdP/MiCKuZil6z/80BjHkiBn03rpspy,3.844534362205292,7.919731297073486,4.976343101043196
2549100,GEbO4GCYCUDDhA/p+yN1elnSN2p9oxmqwwdP/MiCKuZil6z/80BjHkiBn03rpspy,3.7464502199306984,6.205121397588345,4.55711324536176
2549400,GEbO4GCYCUDDhA/p+yN1elnSN2p9oxmqwwdP/MiCKuZil6z/80BjHkiBn03rpspy,4.02700517420204,7.1716033312503855,4.700871207348331
2549700,GEbO4GCYCUDDhA/p+yN1elnSN2p9oxmqwwdP/MiCKuZil6z/80BjHkiBn03rpspy,4.168379464845823,6.373500618305455,4.681129149254655
2550000,GEbO4GCYCUDDhA/p+yN1elnSN2p9oxmqwwdP/MiCKuZil6z/80BjHkiBn03rpspy,3.815708964992028,6.285221433893125,4.74428697534245
2550300,GEbO4GCYCUDDhA/p+yN1elnSN2p9oxmqwwdP/MiCKuZil6z/80BjHkiBn03rpspy,4.002078142729268,6.110229528010983,4.6235123929675765
2550600,GEbO4GCYCUDDhA/p+yN1elnSN2p9oxmqwwdP/MiCKuZil6z/80BjHkiBn03rpspy,3.85639581114782,7.124452567621764,4.544520323567515
2550900,GEbO4GCYCUDDhA/p+yN1elnSN2p9oxmqwwdP/MiCKuZil6z/80BjHkiBn03rpspy,4.154908538375008,5.491425111639528,4.581179587666247
2551200,GEbO4GCYCUDDhA/p+yN1elnSN2p9oxmqwwdP/MiCKuZil6z/80BjHkiBn03rpspy,4.042409905629099,7.653166917210253,4.651977997781198
2551500,GEbO4GCYCUDDhA/p+yN1elnSN2p9oxmqwwdP/MiCKuZil6z/80BjHkiBn03rpspy,4.1084300563259735,5.802454691219236,4.700356823528712
2551800,GEbO4GCYCUDDhA/p+yN1elnSN2p9oxmqwwdP/MiCKuZil6z/80BjHkiBn03rpspy,4.093978091438723,7.494560310788885,4.6277824381257595
2552100,GEbO4GCYCUDDhA/p+yN1elnSN2p9oxmqwwdP/MiCKuZil6z/80BjHkiBn03rpspy,3.894988096283662,6.063028069530518,4.538559557820614
2552400,GEbO4GCYCUDDhA/p+yN1elnSN2p9oxmqwwdP/MiCKuZil6z/80BjHkiBn03rpspy,3.957781090448925,7.499711863842881,4.719051038849919
2552700,GEbO4GCYCUDDhA/p+yN1elnSN2p9oxmqwwdP/MiCKuZil6z/80BjHkiBn03rpspy,4.029648745251895,5.753371403460646,4.5687948996007846
2553000,GEbO4GCYCUDDhA/p+yN1elnSN2p9oxmqwwdP/MiCKuZil6z/80BjHkiBn03rpspy,3.820643013787576,7.56063916312818,4.635317145709452
2553300,GEbO4GCYCUDDhA/p+yN1elnSN2p9oxmqwwdP/MiCKuZil6z/80BjHkiBn03rpspy,3.657203524135896,5.665755595461166,4.422775493116295
2553600,GEbO4GCYCUDDhA/p+yN1elnSN2p9oxmqwwdP/MiCKuZil6z/80BjHkiBn03rpspy,3.9725329710288975,7.786882610597962,4.707860007294801
2553900,GEbO4GCYCUDDhA/p+yN1elnSN2p9oxmqwwdP/MiCKuZil6z/80BjHkiBn03rpspy,4.106196793238095,5.668192143073339,4.5355820953104855
2554200,GEbO4GCYCUDDhA/p+yN1elnSN2p9oxmqwwdP/MiCKuZil6z/80BjHkiBn03rpspy,3.7476278509251246,7.25782401824946,4.624098233414936
2554500,GEbO4GCYCUDDhA/p+yN1elnSN2p9oxmqwwdP/MiCKuZil6z/80BjHkiBn03rpspy,3.719113052781556,5.49882888173757,4.39744536601461
2554800,GEbO4GCYCUDDhA/p+yN1elnSN2p9oxmqwwdP/MiCKuZil6z/80BjHkiBn03rpspy,3.888897974616985,7.510736096324403,4.5045338949469445
2555100,GEbO4GCYCUDDhA/p+yN1elnSN2p9oxmqwwdP/MiCKuZil6z/80BjHkiBn03rpspy,3.870969719097291,5.3159011807718,4.388518527724092
2555400,GEbO4GCYCUDDhA/p+yN1elnSN2p9oxmqwwdP/MiCKuZil6z/80BjHkiBn03rpspy,3.8175648050054023,7.800883149890525,4.577581380846145
2555700,GEbO4GCYCUDDhA/p+yN1elnSN2p9oxmqwwdP/MiCKuZil6z/80BjHkiBn03rpspy,3.683102882394644,5.595185483963734,4.424748266739345
2556000,GEbO4GCYCUDDhA/p+yN1elnSN2p9oxmqwwdP/MiCKuZil6z/80BjHkiBn03rpspy,3.7663149651784913,7.21632467870069,4.5328145943741776
2556300,GEbO4GCYCUDDhA/p+yN1elnSN2p9oxmqwwdP/MiCKuZil6z/80BjHkiBn03rpspy,4.1891436858737485,5.756652447988614,4.552992298309132
2556600,GEbO4GCYCUDDhA/p+yN1elnSN2p9oxmqwwdP/MiCKuZil6z/80BjHkiBn03rpspy,3.809739289694509,5.833424943496124,4.53607888792917
2556900,GEbO4GCYCUDDhA/p+yN1elnSN2p9oxmqwwdP/MiCKuZil6z/80BjHkiBn03rpspy,3.91255151265585,5.849557184963167,4.763625165050211
2557200,GEbO4GCYCUDDhA/p+yN1elnSN2p9oxmqwwdP/MiCKuZil6z/80BjHkiBn03rpspy,4.1387122938431,6.5075428798029815,4.626987593040825
2557500,GEbO4GCYCUDDhA/p+yN1elnSN2p9oxmqwwdP/MiCKuZil6z/80BjHkiBn03rpspy,4.083587430818667,5.618268455847105,4.695996183393976
2557800,GEbO4GCYCUDDhA/p+yN1elnSN2p9oxmqwwdP/MiCKuZil6z/80BjHkiBn03rpspy,4.149564762669926,7.6104681267408765,4.7968787258956125
2558100,GEbO4GCYCUDDhA/p+yN1elnSN2p9oxmqwwdP/MiCKuZil6z/80BjHkiBn03rpspy,3.866933309921565,5.56742967746478,4.59249094511121
2558400,GEbO4GCYCUDDhA/p+yN1elnSN2p9oxmqwwdP/MiCKuZil6z/80BjHkiBn03rpspy,4.0870679488499615,7.928790518970784,4.762543992561081
2558700,GEbO4GCYCUDDhA/p+yN1elnSN2p9oxmqwwdP/MiCKuZil6z/80BjHkiBn03rpspy,3.9018084048201462,6.632922450799238,4.664709189823456
2559000,GEbO4GCYCUDDhA/p+yN1elnSN2p9oxmqwwdP/MiCKuZil6z/80BjHkiBn03rpspy,3.9028920310098063,7.520998339812371,4.702933027788558
2559300,GEbO4GCYCUDDhA/p+yN1elnSN2p9oxmqwwdP/MiCKuZil6z/80BjHkiBn03rpspy,3.928823332324846,6.3069067008916475,4.660869418430108
2559600,GEbO4GCYCUDDhA/p+yN1elnSN2p9oxmqwwdP/MiCKuZil6z/80BjHkiBn03rpspy,4.169188049791567,7.117345777924202,4.867833045229459
2559900,GEbO4GCYCUDDhA/p+yN1elnSN2p9oxmqwwdP/MiCKuZil6z/80BjHkiBn03rpspy,3.9549006824423687,6.0042063253111655,4.6246141814558905
2560200,GEbO4GCYCUDDhA/p+yN1elnSN2p9oxmqwwdP/MiCKuZil6z/80BjHkiBn03rpspy,4.12565630528501,7.891057696575622,4.710847578924513
2560500,GEbO4GCYCUDDhA/p+yN1elnSN2p9oxmqwwdP/MiCKuZil6z/80BjHkiBn03rpspy,4.147759328302693,5.980343039972457,4.701868673681789
2560800,GEbO4GCYCUDDhA/p+yN1elnSN2p9oxmqwwdP/MiCKuZil6z/80BjHkiBn03rpspy,4.09849177763699,7.8556709616127565,4.677960669504342
2561100,GEbO4GCYCUDDhA/p+yN1elnSN2p9oxmqwwdP/MiCKuZil6z/80BjHkiBn03rpspy,4.1956257802785855,5.98923787839727,4.754110989000254
2561400,GEbO4GCYCUDDhA/p+yN1elnSN2p9oxmqwwdP/MiCKuZil6z/80BjHkiBn03rpspy,4.076628637719705,7.662755806489353,4.817789189717109
2561700,GEbO4GCYCUDDhA/p+yN1elnSN2p9oxmqwwdP/MiCKuZil6z/80BjHkiBn03rpspy,4.196880548989825,5.721649576144912,4.880919578855417
2562000,GEbO4GCYCUDDhA/p+yN1elnSN2p9oxmqwwdP/MiCKuZil6z/80BjHkiBn03rpspy,4.183873239925713,7.53328947453153,4.848673409988686
2562300,GEbO4GCYCUDDhA/p+yN1elnSN2p9oxmqwwdP/MiCKuZil6z/80BjHkiBn03rpspy,4.209058912682796,5.574978133391324,4.652913446359291
2562600,GEbO4GCYCUDDhA/p+yN1elnSN2p9oxmqwwdP/MiCKuZil6z/80BjHkiBn03rpspy,3.8158923173368007,7.677496447285606,4.692937058238062
2562900,GEbO4GCYCUDDhA/p+yN1elnSN2p9oxmqwwdP/MiCKuZil6z/80BjHkiBn03rpspy,4.264720367991937,5.5783997869019535,4.840266866766914
2563200,GEbO4GCYCUDDhA/p+yN1elnSN2p9oxmqwwdP/MiCKuZil6z/80BjHkiBn03rpspy,4.273978329209579,7.510423998082614,4.861432543719955
2563500,GEbO4GCYCUDDhA/p+yN1elnSN2p9oxmqwwdP/MiCKuZil6z/80BjHkiBn03rpspy,4.193186453507783,5.755609200987527,4.700900891626237
2563800,GEbO4GCYCUDDhA/p+yN1elnSN2p9oxmqwwdP/MiCKuZil6z/80BjHkiBn03rpspy,4.147132695438783,8.012859191319535,4.863633595260281
2564100,GEbO4GCYCUDDhA/p+yN1elnSN2p9oxmqwwdP/MiCKuZil6z/80BjHkiBn03rpspy,4.137691893029279,5.944067019264626,4.836278496436902
2564400,GEbO4GCYCUDDhA/p+yN1elnSN2p9oxmqwwdP/MiCKuZil6z/80BjHkiBn03rpspy,4.011526539327408,8.186562572788848,4.831881418601099
2564700,GEbO4GCYCUDDhA/p+yN1elnSN2p9oxmqwwdP/MiCKuZil6z/80BjHkiBn03rpspy,4.187459088632739,5.8547079516599565,4.72585933973137
2565000,GEbO4GCYCUDDhA/p+yN1elnSN2p9oxmqwwdP/MiCKuZil6z/80BjHkiBn03rpspy,4.097328885907913,7.286640927670871,4.74600169284922
2565300,GEbO4GCYCUDDhA/p+yN1elnSN2p9oxmqwwdP/MiCKuZil6z/80BjHkiBn03rpspy,4.110720047349313,5.659312157923454,4.762536677137227
2565600,GEbO4GCYCUDDhA/p+yN1elnSN2p9oxmqwwdP/MiCKuZil6z/80BjHkiBn03rpspy,4.138041872660104,7.700307609668052,5.024693437895144
2565900,GEbO4GCYCUDDhA/p+yN1elnSN2p9oxmqwwdP/MiCKuZil6z/80BjHkiBn03rpspy,4.39194002005612,6.224131236680809,4.975648903154398
2566200,GEbO4GCYCUDDhA/p+yN1elnSN2p9oxmqwwdP/MiCKuZil6z/80BjHkiBn03rpspy,4.173603874124467,7.36115660719455,4.864692847984565
2566500,GEbO4GCYCUDDhA/p+yN1elnSN2p9oxmqwwdP/MiCKuZil6z/80BjHkiBn03rpspy,4.150881689794568,5.446055024825701,4.6763057832444535
2566800,GEbO4GCYCUDDhA/p+yN1elnSN2p9oxmqwwdP/MiCKuZil6z/80BjHkiBn03rpspy,4.03049931781445,7.802716084302605,4.674744211468778
2567100,GEbO4GCYCUDDhA/p+yN1elnSN2p9oxmqwwdP/MiCKuZil6z/80BjHkiBn03rpspy,4.114293793642329,6.412364569294032,4.712959696983934
2567400,GEbO4GCYCUDDhA/p+yN1elnSN2p9oxmqwwdP/MiCKuZil6z/80BjHkiBn03rpspy,3.8403775966803897,7.456727572895824,4.794635350450973
2567700,GEbO4GCYCUDDhA/p+yN1elnSN2p9oxmqwwdP/MiCKuZil6z/80BjHkiBn03rpspy,3.969193577052199,6.232574254813905,4.830376077270521
2568000,GEbO4GCYCUDDhA/p+yN1elnSN2p9oxmqwwdP/MiCKuZil6z/80BjHkiBn03rpspy,3.97004854156064,8.01743125531813,4.765506586072286
2568300,GEbO4GCYCUDDhA/p+yN1elnSN2p9oxmqwwdP/MiCKuZil6z/80BjHkiBn03rpspy,4.05796592065533,6.045990806976768,4.632075158908376
2568600,GEbO4GCYCUDDhA/p+yN1elnSN2p9oxmqwwdP/MiCKuZil6z/80BjHkiBn03rpspy,3.997068091728332,6.348479784178816,4.579773324523296
2568900,GEbO4GCYCUDDhA/p+yN1elnSN2p9oxmqwwdP/MiCKuZil6z/80BjHkiBn03rpspy,3.7686379224068376,5.7981646988643725,4.5545772749268565
2569200,GEbO4GCYCUDDhA/p+yN1elnSN2p9oxmqwwdP/MiCKuZil6z/80BjHkiBn03rpspy,3.9482222584218745,6.236384522712162,4.404614952659644
2569500,GEbO4GCYCUDDhA/p+yN1elnSN2p9oxmqwwdP/MiCKuZil6z/80BjHkiBn03rpspy,4.07608883731531,5.62926709085951,4.679695896993846
2569800,GEbO4GCYCUDDhA/p+yN1elnSN2p9oxmqwwdP/MiCKuZil6z/80BjHkiBn03rpspy,4.151097839520612,6.095673030357024,4.70184819526498
2570100,GEbO4GCYCUDDhA/p+yN1elnSN2p9oxmqwwdP/MiCKuZil6z/80BjHkiBn03rpspy,3.870929707604833,6.505197450891651,4.665514800203581
2570400,GEbO4GCYCUDDhA/p+yN1elnSN2p9oxmqwwdP/MiCKuZil6z/80BjHkiBn03rpspy,3.965486716478393,7.632643106282633,4.715228953218456
2570700,GEbO4GCYCUDDhA/p+yN1elnSN2p9oxmqwwdP/MiCKuZil6z/80BjHkiBn03rpspy,4.1774798417705865,5.935845524328009,4.667659899719846
2571000,GEbO4GCYCUDDhA/p+yN1elnSN2p9oxmqwwdP/MiCKuZil6z/80BjHkiBn03rpspy,3.913633659701417,7.773206715857387,4.662571980265856
2571300,GEbO4GCYCUDDhA/p+yN1elnSN2p9oxmqwwdP/MiCKuZil6z/80BjHkiBn03rpspy,4.155182861494834,5.872773322175995,4.665058004857589
2571600,GEbO4GCYCUDDhA/p+yN1elnSN2p9oxmqwwdP/MiCKuZil6z/80BjHkiBn03rpspy,3.890033927608056,7.9191017273002755,4.7703553049437675
2571900,GEbO4GCYCUDDhA/p+yN1elnSN2p9oxmqwwdP/MiCKuZil6z/80BjHkiBn03rpspy,3.9515335675230334,5.956143680540888,4.747830526657639
2572200,GEbO4GCYCUDDhA/p+yN1elnSN2p9oxmqwwdP/MiCKuZil6z/80BjHkiBn03rpspy,4.032861655376412,7.533487328175825,4.732452673012387
2572500,GEbO4GCYCUDDhA/p+yN1elnSN2p9oxmqwwdP/MiCKuZil6z/80BjHkiBn03rpspy,3.729256165414864,5.593701500265306,4.575941899652082
2572800,GEbO4GCYCUDDhA/p+yN1elnSN2p9oxmqwwdP/MiCKuZil6z/80BjHkiBn03rpspy,4.133095806871878,7.922022532762415,4.737977747953001
2573100,GEbO4GCYCUDDhA/p+yN1elnSN2p9oxmqwwdP/MiCKuZil6z/80BjHkiBn03rpspy,3.972842582596072,6.22221209450878,4.6881673374976565
2573400,GEbO4GCYCUDDhA/p+yN1elnSN2p9oxmqwwdP/MiCKuZil6z/80BjHkiBn03rpspy,4.066745004218987,7.5718810925434274,4.686513250735125
2573700,GEbO4GCYCUDDhA/p+yN1elnSN2p9oxmqwwdP/MiCKuZil6z/80BjHkiBn03rpspy,4.0193537888939845,5.626218364405684,4.5746200844017455
2574000,GEbO4GCYCUDDhA/p+yN1elnSN2p9oxmqwwdP/MiCKuZil6z/80BjHkiBn03rpspy,4.163706972197671,7.402970348402478,4.836449702710736
2574300,GEbO4GCYCUDDhA/p+yN1elnSN2p9oxmqwwdP/MiCKuZil6z/80BjHkiBn03rpspy,4.296497492258512,6.068609030725664,4.8898222602298445
2574600,GEbO4GCYCUDDhA/p+yN1elnSN2p9oxmqwwdP/MiCKuZil6z/80BjHkiBn03rpspy,4.04407172209257,7.555129084608587,4.796052193355003
2574900,GEbO4GCYCUDDhA/p+yN1elnSN2p9oxmqwwdP/MiCKuZil6z/80BjHkiBn03rpspy,4.126250837668131,6.186814954033673,4.757071532338032
2575200,GEbO4GCYCUDDhA/p+yN1elnSN2p9oxmqwwdP/MiCKuZil6z/80BjHkiBn03rpspy,3.933740228136733,7.8837744718512655,4.722724993997216
2575500,GEbO4GCYCUDDhA/p+yN1elnSN2p9oxmqwwdP/MiCKuZil6z/80BjHkiBn03rpspy,4.230901450489787,5.764482524205648,4.717129693848134
2575800,GEbO4GCYCUDDhA/p+yN1elnSN2p9oxmqwwdP/MiCKuZil6z/80BjHkiBn03rpspy,4.009018110271551,7.529724001969023,4.751178481449766
2576100,GEbO4GCYCUDDhA/p+yN1elnSN2p9oxmqwwdP/MiCKuZil6z/80BjHkiBn03rpspy,4.099947012858185,6.161147803230655,4.721652019088498
2576400,GEbO4GCYCUDDhA/p+yN1elnSN2p9oxmqwwdP/MiCKuZil6z/80BjHkiBn03rpspy,4.065135224829142,6.778820290373608,4.712759399110583
2576700,GEbO4GCYCUDDhA/p+yN1elnSN2p9oxmqwwdP/MiCKuZil6z/80BjHkiBn03rpspy,3.9129648334560954,6.569431003789129,4.774736673663384
2577000,GEbO4GCYCUDDhA/p+yN1elnSN2p9oxmqwwdP/MiCKuZil6z/80BjHkiBn03rpspy,3.911941679602688,7.473145841397111,4.75914498526284
2577300,GEbO4GCYCUDDhA/p+yN1elnSN2p9oxmqwwdP/MiCKuZil6z/80BjHkiBn03rpspy,4.104381987925492,6.0218004467887845,4.767574021611932
2577600,GEbO4GCYCUDDhA/p+yN1elnSN2p9oxmqwwdP/MiCKuZil6z/80BjHkiBn03rpspy,3.973325023953517,7.5483684142907554,4.703651925540964
2577900,GEbO4GCYCUDDhA/p+yN1elnSN2p9oxmqwwdP/MiCKuZil6z/80BjHkiBn03rpspy,4.065737899362692,5.844424742381894,4.828330302485732
2578200,GEbO4GCYCUDDhA/p+yN1elnSN2p9oxmqwwdP/MiCKuZil6z/80BjHkiBn03rpspy,4.354931996398347,7.5876355691951485,4.777881943884696
2578500,GEbO4GCYCUDDhA/p+yN1elnSN2p9oxmqwwdP/MiCKuZil6z/80BjHkiBn03rpspy,3.9708630640495,5.729702119315204,4.729287845820572
2578800,GEbO4GCYCUDDhA/p+yN1elnSN2p9oxmqwwdP/MiCKuZil6z/80BjHkiBn03rpspy,4.276658714702409,7.372276867913474,4.819322437696233
2579100,GEbO4GCYCUDDhA/p+yN1elnSN2p9oxmqwwdP/MiCKuZil6z/80BjHkiBn03rpspy,4.267783801233874,5.75905402275266,4.804601893578361
2579400,GEbO4GCYCUDDhA/p+yN1elnSN2p9oxmqwwdP/MiCKuZil6z/80BjHkiBn03rpspy,3.971269274749632,7.840204727347957,4.761291787630948
2579700,GEbO4GCYCUDDhA/p+yN1elnSN2p9oxmqwwdP/MiCKuZil6z/80BjHkiBn03rpspy,4.148520123990916,5.276283476941141,4.612780594340262
2580000,GEbO4GCYCUDDhA/p+yN1elnSN2p9oxmqwwdP/MiCKuZil6z/80BjHkiBn03rpspy,4.161430659588524,7.410200158334227,4.7206191546503495
2580300,GEbO4GCYCUDDhA/p+yN1elnSN2p9oxmqwwdP/MiCKuZil6z/80BjHkiBn03rpspy,4.098482392319549,5.983876356443805,4.76235923087992
2580600,GEbO4GCYCUDDhA/p+yN1elnSN2p9oxmqwwdP/MiCKuZil6z/80BjHkiBn03rpspy,3.891557177231704,7.186960861406179,4.668772509620268
2580900,GEbO4GCYCUDDhA/p+yN1elnSN2p9oxmqwwdP/MiCKuZil6z/80BjHkiBn03rpspy,4.173911367461513,5.778408963477316,4.677629816110184
2581200,GEbO4GCYCUDDhA/p+yN1elnSN2p9oxmqwwdP/MiCKuZil6z/80BjHkiBn03rpspy,4.280657924039272,7.455748105702473,4.8925918767388366
2581500,GEbO4GCYCUDDhA/p+yN1elnSN2p9oxmqwwdP/MiCKuZil6z/80BjHkiBn03rpspy,4.1497724644111065,6.002249039922349,4.672463462391197
2581800,GEbO4GCYCUDDhA/p+yN1elnSN2p9oxmqwwdP/MiCKuZil6z/80BjHkiBn03rpspy,4.052998628836193,7.97211432112468,4.852160188356036
2582100,GEbO4GCYCUDDhA/p+yN1elnSN2p9oxmqwwdP/MiCKuZil6z/80BjHkiBn03rpspy,4.257396071855122,5.6785981983532245,4.815229486177024
2582400,GEbO4GCYCUDDhA/p+yN1elnSN2p9oxmqwwdP/MiCKuZil6z/80BjHkiBn03rpspy,4.27030370614995,7.770212145892347,4.871078316503207
2582700,GEbO4GCYCUDDhA/p+yN1elnSN2p9oxmqwwdP/MiCKuZil6z/80BjHkiBn03rpspy,4.2483035254415995,5.741311695075272,4.801160986594627
2583000,GEbO4GCYCUDDhA/p+yN1elnSN2p9oxmqwwdP/MiCKuZil6z/80BjHkiBn03rpspy,4.080993593112164,7.549169070530925,4.844704642872109
2583300,GEbO4GCYCUDDhA/p+yN1elnSN2p9oxmqwwdP/MiCKuZil6z/80BjHkiBn03rpspy,4.146822683239888,6.101814950538699,4.809718742495612
2583600,GEbO4GCYCUDDhA/p+yN1elnSN2p9oxmqwwdP/MiCKuZil6z/80BjHkiBn03rpspy,3.984219689221297,8.028657020622571,4.865892880956544
2583900,GEbO4GCYCUDDhA/p+yN1elnSN2p9oxmqwwdP/MiCKuZil6z/80BjHkiBn03rpspy,3.9221451541373926,5.0895332594183005,4.35538490682588
2584200,GEbO4GCYCUDDhA/p+yN1elnSN2p9oxmqwwdP/MiCKuZil6z/80BjHkiBn03rpspy,4.043192020385815,7.7319842485446895,4.69298798512192
2584500,GEbO4GCYCUDDhA/p+yN1elnSN2p9oxmqwwdP/MiCKuZil6z/80BjHkiBn03rpspy,4.3064725519222025,5.6529761805734875,4.736139636199646
2584800,GEbO4GCYCUDDhA/p+yN1elnSN2p9oxmqwwdP/MiCKuZil6z/80BjHkiBn03rpspy,3.895025107907927,7.700018531930816,4.658591514122192
2585100,GEbO4GCYCUDDhA/p+yN1elnSN2p9oxmqwwdP/MiCKuZil6z/80BjHkiBn03rpspy,4.108706470479545,6.080147502757121,4.71731936157674
2585400,GEbO4GCYCUDDhA/p+yN1elnSN2p9oxmqwwdP/MiCKuZil6z/80BjHkiBn03rpspy,4.176634363080614,7.08908527021684,4.671365389599555
2585700,GEbO4GCYCUDDhA/p+yN1elnSN2p9oxmqwwdP/MiCKuZil6z/80BjHkiBn03rpspy,4.663127927189459,7.392610570258979,5.717035912152608
2586000,GEbO4GCYCUDDhA/p+yN1elnSN2p9oxmqwwdP/MiCKuZil6z/80BjHkiBn03rpspy,4.083111585763508,7.905345375230339,4.792033793821705
2586300,GEbO4GCYCUDDhA/p+yN1elnSN2p9oxmqwwdP/MiCKuZil6z/80BjHkiBn03rpspy,3.974518899873379,5.69308489112684,4.767525861079501
2586600,GEbO4GCYCUDDhA/p+yN1elnSN2p9oxmqwwdP/MiCKuZil6z/80BjHkiBn03rpspy,4.057361045253644,7.668694302607735,4.83643234281218
2586900,GEbO4GCYCUDDhA/p+yN1elnSN2p9oxmqwwdP/MiCKuZil6z/80BjHkiBn03rpspy,4.070250368531832,5.5665227817691925,4.666454008230706
2587200,GEbO4GCYCUDDhA/p+yN1elnSN2p9oxmqwwdP/MiCKuZil6z/80BjHkiBn03rpspy,4.12212133349,7.4496940874520625,4.7510003191055885
2587500,GEbO4GCYCUDDhA/p+yN1elnSN2p9oxmqwwdP/MiCKuZil6z/80BjHkiBn03rpspy,4.02350112591098,5.868516779356116,4.750613545268124
2587800,GEbO4GCYCUDDhA/p+yN1elnSN2p9oxmqwwdP/MiCKuZil6z/80BjHkiBn03rpspy,4.109136881932086,7.928810670846323,4.740117278519885
2588100,GEbO4GCYCUDDhA/p+yN1elnSN2p9oxmqwwdP/MiCKuZil6z/80BjHkiBn03rpspy,4.104806301854234,5.487089911337839,4.4982391591182855
2588400,GEbO4GCYCUDDhA/p+yN1elnSN2p9oxmqwwdP/MiCKuZil6z/80BjHkiBn03rpspy,3.8339412191309665,8.056615679125754,4.789316730889945
2588700,GEbO4GCYCUDDhA/p+yN1elnSN2p9oxmqwwdP/MiCKuZil6z/80BjHkiBn03rpspy,3.9404329630982935,5.8425231357623755,4.681822058519826
2589000,GEbO4GCYCUDDhA/p+yN1elnSN2p9oxmqwwdP/MiCKuZil6z/80BjHkiBn03rpspy,4.140998082923254,7.406853983266258,4.77052779777452
2589300,GEbO4GCYCUDDhA/p+yN1elnSN2p9oxmqwwdP/MiCKuZil6z/80BjHkiBn03rpspy,4.206283745205759,6.041255520670652,4.658599293190985
2589600,GEbO4GCYCUDDhA/p+yN1elnSN2p9oxmqwwdP/MiCKuZil6z/80BjHkiBn03rpspy,4.001404942243975,7.724254889727443,4.741583532055394
2589900,GEbO4GCYCUDDhA/p+yN1elnSN2p9oxmqwwdP/MiCKuZil6z/80BjHkiBn03rpspy,3.9230511122354392,5.829505073389278,4.723149971062783
2590200,GEbO4GCYCUDDhA/p+yN1elnSN2p9oxmqwwdP/MiCKuZil6z/80BjHkiBn03rpspy,4.174274116844304,8.222633559823729,4.833693576803679
2590500,GEbO4GCYCUDDhA/p+yN1elnSN2p9oxmqwwdP/MiCKuZil6z/80BjHkiBn03rpspy,4.141990391718156,6.003989418532644,4.6386043914704205
2590800,GEbO4GCYCUDDhA/p+yN1elnSN2p9oxmqwwdP/MiCKuZil6z/80BjHkiBn03rpspy,4.006832251459769,8.083775268075435,4.882374776548526
2591100,GEbO4GCYCUDDhA/p+yN1elnSN2p9oxmqwwdP/MiCKuZil6z/80BjHkiBn03rpspy,4.255146082311309,5.997363989363011,4.881926661764656
2591400,GEbO4GCYCUDDhA/p+yN1elnSN2p9oxmqwwdP/MiCKuZil6z/80BjHkiBn03rpspy,4.062066025909167,8.144424730239907,4.8439064079753615
