timestamp,vm_id,min cpu,max cpu,avg cpu
0,JeaIN869z9QsEEgXO6ZYBSKCfvdTwSEb0qSCqTxFGH7a1pG6oTj6ca6m+XCxzJ2H,1.1568826715911549,6.334213852342479,3.4504461827667647
300,JeaIN869z9QsEEgXO6ZYBSKCfvdTwSEb0qSCqTxFGH7a1pG6oTj6ca6m+XCxzJ2H,1.1065799540397878,6.233255261976201,3.2580430184261338
600,JeaIN869z9QsEEgXO6ZYBSKCfvdTwSEb0qSCqTxFGH7a1pG6oTj6ca6m+XCxzJ2H,0.9373572272108596,5.808486525104904,2.957632333051136
900,JeaIN869z9QsEEgXO6ZYBSKCfvdTwSEb0qSCqTxFGH7a1pG6oTj6ca6m+XCxzJ2H,0.8810003111023683,5.507061863775825,2.702612721495001
1200,JeaIN869z9QsEEgXO6ZYBSKCfvdTwSEb0qSCqTxFGH7a1pG6oTj6ca6m+XCxzJ2H,0.9404784432452876,5.630453248917561,2.6089722058859364
1500,JeaIN869z9QsEEgXO6ZYBSKCfvdTwSEb0qSCqTxFGH7a1pG6oTj6ca6m+XCxzJ2H,0.9061588314605756,5.622377399495159,2.5626473243533985
1800,JeaIN869z9QsEEgXO6ZYBSKCfvdTwSEb0qSCqTxFGH7a1pG6oTj6ca6m+XCxzJ2H,0.959623107671713,5.29419943110224,2.621665623594585
2100,JeaIN869z9QsEEgXO6ZYBSKCfvdTwSEb0qSCqTxFGH7a1pG6oTj6ca6m+XCxzJ2H,1.0231865342172553,5.05098219173039,2.529090526121455
2400,JeaIN869z9QsEEgXO6ZYBSKCfvdTwSEb0qSCqTxFGH7a1pG6oTj6ca6m+XCxzJ2H,1.034366258328461,5.418317895352888,2.1686595110040487
2700,JeaIN869z9QsEEgXO6ZYBSKCfvdTwSEb0qSCqTxFGH7a1pG6oTj6ca6m+XCxzJ2H,1.0072124097240631,5.77271752702464,2.197034545467272
3000,JeaIN869z9QsEEgXO6ZYBSKCfvdTwSEb0qSCqTxFGH7a1pG6oTj6ca6m+XCxzJ2H,1.0817367797215636,5.774581575960183,2.2323113309267897
3300,JeaIN869z9QsEEgXO6ZYBSKCfvdTwSEb0qSCqTxFGH7a1pG6oTj6ca6m+XCxzJ2H,1.0219015077705162,6.121708528939504,2.43700026940856
3600,JeaIN869z9QsEEgXO6ZYBSKCfvdTwSEb0qSCqTxFGH7a1pG6oTj6ca6m+XCxzJ2H,1.1251627603076122,7.082427601315931,2.593648849712972
3900,JeaIN869z9QsEEgXO6ZYBSKCfvdTwSEb0qSCqTxFGH7a1pG6oTj6ca6m+XCxzJ2H,1.124456597468058,8.559792747008652,2.894988105806016
4200,JeaIN869z9QsEEgXO6ZYBSKCfvdTwSEb0qSCqTxFGH7a1pG6oTj6ca6m+XCxzJ2H,1.0882031642493948,8.56107020850796,2.96899682311635
4500,JeaIN869z9QsEEgXO6ZYBSKCfvdTwSEb0qSCqTxFGH7a1pG6oTj6ca6m+XCxzJ2H,1.1658987938672227,9.626171760442189,3.0553867682934426
4800,JeaIN869z9QsEEgXO6ZYBSKCfvdTwSEb0qSCqTxFGH7a1pG6oTj6ca6m+XCxzJ2H,1.151518327184899,8.736335381936767,3.010325070103832
5100,JeaIN869z9QsEEgXO6ZYBSKCfvdTwSEb0qSCqTxFGH7a1pG6oTj6ca6m+XCxzJ2H,1.0428825007538822,8.163282198489869,2.6868700656561377
5400,JeaIN869z9QsEEgXO6ZYBSKCfvdTwSEb0qSCqTxFGH7a1pG6oTj6ca6m+XCxzJ2H,1.0611219462497097,7.173374694151782,2.6414874981679954
5700,JeaIN869z9QsEEgXO6ZYBSKCfvdTwSEb0qSCqTxFGH7a1pG6oTj6ca6m+XCxzJ2H,1.0646139182133354,6.313162887178827,2.5476812868641927
6000,JeaIN869z9QsEEgXO6ZYBSKCfvdTwSEb0qSCqTxFGH7a1pG6oTj6ca6m+XCxzJ2H,1.1775770289874503,7.520047903945834,2.747059307785439
6300,JeaIN869z9QsEEgXO6ZYBSKCfvdTwSEb0qSCqTxFGH7a1pG6oTj6ca6m+XCxzJ2H,1.0249691466564568,6.734015498572249,2.54287178356721
6600,JeaIN869z9QsEEgXO6ZYBSKCfvdTwSEb0qSCqTxFGH7a1pG6oTj6ca6m+XCxzJ2H,1.0640379917734046,5.906764254233468,2.4377752741627963
6900,JeaIN869z9QsEEgXO6ZYBSKCfvdTwSEb0qSCqTxFGH7a1pG6oTj6ca6m+XCxzJ2H,1.0618113746945146,5.898084081949704,2.4666713545312904
7200,JeaIN869z9QsEEgXO6ZYBSKCfvdTwSEb0qSCqTxFGH7a1pG6oTj6ca6m+XCxzJ2H,1.012207849759617,7.161420069015391,2.4970172699935658
7500,JeaIN869z9QsEEgXO6ZYBSKCfvdTwSEb0qSCqTxFGH7a1pG6oTj6ca6m+XCxzJ2H,1.084813319196604,7.824188778045067,2.5579967206065564
7800,JeaIN869z9QsEEgXO6ZYBSKCfvdTwSEb0qSCqTxFGH7a1pG6oTj6ca6m+XCxzJ2H,0.9163814847225282,5.545953245737614,2.3800989809923343
8100,JeaIN869z9QsEEgXO6ZYBSKCfvdTwSEb0qSCqTxFGH7a1pG6oTj6ca6m+XCxzJ2H,1.0511955246069349,5.660248094657181,2.193503262033797
8400,JeaIN869z9QsEEgXO6ZYBSKCfvdTwSEb0qSCqTxFGH7a1pG6oTj6ca6m+XCxzJ2H,1.0439440993845754,5.612654217654328,2.147984303350659
8700,JeaIN869z9QsEEgXO6ZYBSKCfvdTwSEb0qSCqTxFGH7a1pG6oTj6ca6m+XCxzJ2H,0.9595961296401668,5.19710869954036,2.0212147330930823
9000,JeaIN869z9QsEEgXO6ZYBSKCfvdTwSEb0qSCqTxFGH7a1pG6oTj6ca6m+XCxzJ2H,0.9452314352214888,4.726968388026184,1.9013915005075888
9300,JeaIN869z9QsEEgXO6ZYBSKCfvdTwSEb0qSCqTxFGH7a1pG6oTj6ca6m+XCxzJ2H,0.9428470961501452,5.311037703324695,1.7678964273152544
9600,JeaIN869z9QsEEgXO6ZYBSKCfvdTwSEb0qSCqTxFGH7a1pG6oTj6ca6m+XCxzJ2H,0.8626542573586033,5.765244990368027,1.788186265709661
9900,JeaIN869z9QsEEgXO6ZYBSKCfvdTwSEb0qSCqTxFGH7a1pG6oTj6ca6m+XCxzJ2H,0.8993966789937121,5.6950716271942845,1.7867122441118497
10200,JeaIN869z9QsEEgXO6ZYBSKCfvdTwSEb0qSCqTxFGH7a1pG6oTj6ca6m+XCxzJ2H,0.8905501788794375,5.620309300621552,1.7819239094775177
10500,JeaIN869z9QsEEgXO6ZYBSKCfvdTwSEb0qSCqTxFGH7a1pG6oTj6ca6m+XCxzJ2H,0.9173864408377144,6.510136481038729,2.6840331535209403
10800,JeaIN869z9QsEEgXO6ZYBSKCfvdTwSEb0qSCqTxFGH7a1pG6oTj6ca6m+XCxzJ2H,0.9912750549631322,7.943515238404362,4.143385800555338
11100,JeaIN869z9QsEEgXO6ZYBSKCfvdTwSEb0qSCqTxFGH7a1pG6oTj6ca6m+XCxzJ2H,0.9843631517423412,7.1127916526225725,3.036860529564228
11400,JeaIN869z9QsEEgXO6ZYBSKCfvdTwSEb0qSCqTxFGH7a1pG6oTj6ca6m+XCxzJ2H,1.4047201556213795,7.337903837534959,3.5691114100950823
11700,JeaIN869z9QsEEgXO6ZYBSKCfvdTwSEb0qSCqTxFGH7a1pG6oTj6ca6m+XCxzJ2H,1.3017812360980163,7.157883553279492,3.3935787614187207
12000,JeaIN869z9QsEEgXO6ZYBSKCfvdTwSEb0qSCqTxFGH7a1pG6oTj6ca6m+XCxzJ2H,0.9991575625057372,8.92715500769225,3.8341740095323145
12300,JeaIN869z9QsEEgXO6ZYBSKCfvdTwSEb0qSCqTxFGH7a1pG6oTj6ca6m+XCxzJ2H,1.0186847740640084,8.283681750920415,4.246836057646215
12600,JeaIN869z9QsEEgXO6ZYBSKCfvdTwSEb0qSCqTxFGH7a1pG6oTj6ca6m+XCxzJ2H,1.0373456113727504,7.754552414189958,3.974260185597197
12900,JeaIN869z9QsEEgXO6ZYBSKCfvdTwSEb0qSCqTxFGH7a1pG6oTj6ca6m+XCxzJ2H,0.9650251002531351,7.906554900138286,3.3840655798871646
13200,JeaIN869z9QsEEgXO6ZYBSKCfvdTwSEb0qSCqTxFGH7a1pG6oTj6ca6m+XCxzJ2H,0.945517275758768,7.71238636869355,2.592218126490954
13500,JeaIN869z9QsEEgXO6ZYBSKCfvdTwSEb0qSCqTxFGH7a1pG6oTj6ca6m+XCxzJ2H,0.9504128911287176,8.616051356525697,3.390064463442119
13800,JeaIN869z9QsEEgXO6ZYBSKCfvdTwSEb0qSCqTxFGH7a1pG6oTj6ca6m+XCxzJ2H,1.2713420741398227,12.210340545544543,5.340858465603821
14100,JeaIN869z9QsEEgXO6ZYBSKCfvdTwSEb0qSCqTxFGH7a1pG6oTj6ca6m+XCxzJ2H,1.571851497255614,17.348774510863464,5.43537880012722
14400,JeaIN869z9QsEEgXO6ZYBSKCfvdTwSEb0qSCqTxFGH7a1pG6oTj6ca6m+XCxzJ2H,1.7837394098934247,10.129445504553283,5.04179998233188
14700,JeaIN869z9QsEEgXO6ZYBSKCfvdTwSEb0qSCqTxFGH7a1pG6oTj6ca6m+XCxzJ2H,1.637788786426573,8.490329002926542,4.550543647627436
15000,JeaIN869z9QsEEgXO6ZYBSKCfvdTwSEb0qSCqTxFGH7a1pG6oTj6ca6m+XCxzJ2H,0.9793262141826136,7.768932661163787,3.164627920713917
15300,JeaIN869z9QsEEgXO6ZYBSKCfvdTwSEb0qSCqTxFGH7a1pG6oTj6ca6m+XCxzJ2H,0.9762292706716038,5.982562970103092,2.6716717687180305
15600,JeaIN869z9QsEEgXO6ZYBSKCfvdTwSEb0qSCqTxFGH7a1pG6oTj6ca6m+XCxzJ2H,1.127523199103289,6.817601376926852,3.3879647495810588
15900,JeaIN869z9QsEEgXO6ZYBSKCfvdTwSEb0qSCqTxFGH7a1pG6oTj6ca6m+XCxzJ2H,1.3740573764679622,10.085027220659134,4.0412158826763545
16200,JeaIN869z9QsEEgXO6ZYBSKCfvdTwSEb0qSCqTxFGH7a1pG6oTj6ca6m+XCxzJ2H,1.6115397335997266,11.513682194081106,5.370358937053068
16500,JeaIN869z9QsEEgXO6ZYBSKCfvdTwSEb0qSCqTxFGH7a1pG6oTj6ca6m+XCxzJ2H,1.5576055705766256,10.68331539797524,5.129554769721008
16800,JeaIN869z9QsEEgXO6ZYBSKCfvdTwSEb0qSCqTxFGH7a1pG6oTj6ca6m+XCxzJ2H,1.5600228074697031,10.398474645240938,4.723661734055408
17100,JeaIN869z9QsEEgXO6ZYBSKCfvdTwSEb0qSCqTxFGH7a1pG6oTj6ca6m+XCxzJ2H,1.3654303484584138,10.361253721802612,4.517084545154534
17400,JeaIN869z9QsEEgXO6ZYBSKCfvdTwSEb0qSCqTxFGH7a1pG6oTj6ca6m+XCxzJ2H,1.5138413480334083,10.22871499864487,4.521921598213895
17700,JeaIN869z9QsEEgXO6ZYBSKCfvdTwSEb0qSCqTxFGH7a1pG6oTj6ca6m+XCxzJ2H,1.137591006480514,9.999779154545587,3.4115240398817392
18000,JeaIN869z9QsEEgXO6ZYBSKCfvdTwSEb0qSCqTxFGH7a1pG6oTj6ca6m+XCxzJ2H,1.0884629166758948,8.556193742007709,3.2580082642755923
18300,JeaIN869z9QsEEgXO6ZYBSKCfvdTwSEb0qSCqTxFGH7a1pG6oTj6ca6m+XCxzJ2H,1.1486830255893354,6.824114553745607,2.929808124237872
18600,JeaIN869z9QsEEgXO6ZYBSKCfvdTwSEb0qSCqTxFGH7a1pG6oTj6ca6m+XCxzJ2H,1.0918054318771,6.4665337050217655,2.9946271446887174
18900,JeaIN869z9QsEEgXO6ZYBSKCfvdTwSEb0qSCqTxFGH7a1pG6oTj6ca6m+XCxzJ2H,1.1247394045506212,15.177155113347784,3.056677658972589
19200,JeaIN869z9QsEEgXO6ZYBSKCfvdTwSEb0qSCqTxFGH7a1pG6oTj6ca6m+XCxzJ2H,1.1499208290118197,4.481481179174668,2.2463867600610747
19500,JeaIN869z9QsEEgXO6ZYBSKCfvdTwSEb0qSCqTxFGH7a1pG6oTj6ca6m+XCxzJ2H,1.1442702561959788,7.743171105085145,3.463275266414948
19800,JeaIN869z9QsEEgXO6ZYBSKCfvdTwSEb0qSCqTxFGH7a1pG6oTj6ca6m+XCxzJ2H,1.4560041974785267,7.634186949351072,3.2158175271043645
20100,JeaIN869z9QsEEgXO6ZYBSKCfvdTwSEb0qSCqTxFGH7a1pG6oTj6ca6m+XCxzJ2H,1.229690013567828,7.475128461534831,2.6655466476565666
20400,JeaIN869z9QsEEgXO6ZYBSKCfvdTwSEb0qSCqTxFGH7a1pG6oTj6ca6m+XCxzJ2H,1.0579036546055038,7.463831260170212,2.505787677428084
20700,JeaIN869z9QsEEgXO6ZYBSKCfvdTwSEb0qSCqTxFGH7a1pG6oTj6ca6m+XCxzJ2H,1.0529980014787603,3.842596959805866,2.04099224880234
21000,JeaIN869z9QsEEgXO6ZYBSKCfvdTwSEb0qSCqTxFGH7a1pG6oTj6ca6m+XCxzJ2H,1.003116816200344,5.036032366408692,1.9369099328297843
21300,JeaIN869z9QsEEgXO6ZYBSKCfvdTwSEb0qSCqTxFGH7a1pG6oTj6ca6m+XCxzJ2H,1.0787174463688187,6.945263455062904,2.63272623212469
21600,JeaIN869z9QsEEgXO6ZYBSKCfvdTwSEb0qSCqTxFGH7a1pG6oTj6ca6m+XCxzJ2H,1.0851783618717123,6.915851483200217,2.759221446923154
21900,JeaIN869z9QsEEgXO6ZYBSKCfvdTwSEb0qSCqTxFGH7a1pG6oTj6ca6m+XCxzJ2H,1.0682124999327511,6.755384225725802,2.5756289081360677
22200,JeaIN869z9QsEEgXO6ZYBSKCfvdTwSEb0qSCqTxFGH7a1pG6oTj6ca6m+XCxzJ2H,1.0298350311525133,6.5903495922213695,2.6025342373896465
22500,JeaIN869z9QsEEgXO6ZYBSKCfvdTwSEb0qSCqTxFGH7a1pG6oTj6ca6m+XCxzJ2H,1.173935573453909,6.717100802622757,2.5107668316151375
22800,JeaIN869z9QsEEgXO6ZYBSKCfvdTwSEb0qSCqTxFGH7a1pG6oTj6ca6m+XCxzJ2H,1.0165150796401765,6.841779870689211,2.6238794647055643
23100,JeaIN869z9QsEEgXO6ZYBSKCfvdTwSEb0qSCqTxFGH7a1pG6oTj6ca6m+XCxzJ2H,1.0593240724682695,6.930223611334164,2.059042908405861
23400,JeaIN869z9QsEEgXO6ZYBSKCfvdTwSEb0qSCqTxFGH7a1pG6oTj6ca6m+XCxzJ2H,1.0453595868285044,3.363056185051096,1.718490110241656
23700,JeaIN869z9QsEEgXO6ZYBSKCfvdTwSEb0qSCqTxFGH7a1pG6oTj6ca6m+XCxzJ2H,1.0251376939128236,3.42246635089805,1.695518587318508
24000,JeaIN869z9QsEEgXO6ZYBSKCfvdTwSEb0qSCqTxFGH7a1pG6oTj6ca6m+XCxzJ2H,1.033985466146084,3.5031291663538013,1.7195298802310672
24300,JeaIN869z9QsEEgXO6ZYBSKCfvdTwSEb0qSCqTxFGH7a1pG6oTj6ca6m+XCxzJ2H,1.0527889486034452,3.2062417291343155,1.6602373437885616
24600,JeaIN869z9QsEEgXO6ZYBSKCfvdTwSEb0qSCqTxFGH7a1pG6oTj6ca6m+XCxzJ2H,0.9451876401514684,3.810418016855585,1.6431030778328035
24900,JeaIN869z9QsEEgXO6ZYBSKCfvdTwSEb0qSCqTxFGH7a1pG6oTj6ca6m+XCxzJ2H,0.9113719142479504,3.9389249899856136,1.444845279655914
25200,JeaIN869z9QsEEgXO6ZYBSKCfvdTwSEb0qSCqTxFGH7a1pG6oTj6ca6m+XCxzJ2H,0.9186419094383736,8.150979040922286,1.5728414175933942
25500,JeaIN869z9QsEEgXO6ZYBSKCfvdTwSEb0qSCqTxFGH7a1pG6oTj6ca6m+XCxzJ2H,0.9505137014195256,3.9649644538203,1.4432362079900434
25800,JeaIN869z9QsEEgXO6ZYBSKCfvdTwSEb0qSCqTxFGH7a1pG6oTj6ca6m+XCxzJ2H,0.9177254878496848,3.9476736958818335,1.4213308365682018
26100,JeaIN869z9QsEEgXO6ZYBSKCfvdTwSEb0qSCqTxFGH7a1pG6oTj6ca6m+XCxzJ2H,0.865725706519993,3.793179760509685,1.34057925723189
26400,JeaIN869z9QsEEgXO6ZYBSKCfvdTwSEb0qSCqTxFGH7a1pG6oTj6ca6m+XCxzJ2H,0.8690797666771946,3.668130453801127,1.3401137831797385
26700,5KapxhMTJ0S+URdaKN/DGkRsF21iwxXyGrHB7f3CB20+nOzKDK8kQIYlLdWRYlKR,16.431787324759465,24.728496294725847,18.92871916493523
27000,5KapxhMTJ0S+URdaKN/DGkRsF21iwxXyGrHB7f3CB20+nOzKDK8kQIYlLdWRYlKR,17.288214975138295,25.02009726518976,18.75118920350362
27300,5KapxhMTJ0S+URdaKN/DGkRsF21iwxXyGrHB7f3CB20+nOzKDK8kQIYlLdWRYlKR,15.624687098757336,29.56484150875974,19.837270028627703
27600,5KapxhMTJ0S+URdaKN/DGkRsF21iwxXyGrHB7f3CB20+nOzKDK8kQIYlLdWRYlKR,16.189649680325466,22.91906952755351,18.271035052333776
27900,5KapxhMTJ0S+URdaKN/DGkRsF21iwxXyGrHB7f3CB20+nOzKDK8kQIYlLdWRYlKR,16.984585583288386,23.33090606511993,18.7747121909704
28200,5KapxhMTJ0S+URdaKN/DGkRsF21iwxXyGrHB7f3CB20+nOzKDK8kQIYlLdWRYlKR,15.373075680314304,35.63094591701093,19.02776580963837
28500,5KapxhMTJ0S+URdaKN/DGkRsF21iwxXyGrHB7f3CB20+nOzKDK8kQIYlLdWRYlKR,16.67630836229667,21.251764413543643,17.994272619390507
28800,5KapxhMTJ0S+URdaKN/DGkRsF21iwxXyGrHB7f3CB20+nOzKDK8kQIYlLdWRYlKR,16.00278482054565,22.11246654827848,17.934661764430583
29100,5KapxhMTJ0S+URdaKN/DGkRsF21iwxXyGrHB7f3CB20+nOzKDK8kQIYlLdWRYlKR,14.977874114452575,31.673881910171666,19.833492257960263
29400,5KapxhMTJ0S+URdaKN/DGkRsF21iwxXyGrHB7f3CB20+nOzKDK8kQIYlLdWRYlKR,15.546300562304603,21.99177364415932,17.25772719752444
29700,5KapxhMTJ0S+URdaKN/DGkRsF21iwxXyGrHB7f3CB20+nOzKDK8kQIYlLdWRYlKR,15.729190288538597,21.743316346320647,17.9329224627916
30000,5KapxhMTJ0S+URdaKN/DGkRsF21iwxXyGrHB7f3CB20+nOzKDK8kQIYlLdWRYlKR,16.28107295164596,33.8102088016102,19.655217844740413
30300,5KapxhMTJ0S+URdaKN/DGkRsF21iwxXyGrHB7f3CB20+nOzKDK8kQIYlLdWRYlKR,15.585431060008927,21.562189649748667,17.92621104737173
30600,5KapxhMTJ0S+URdaKN/DGkRsF21iwxXyGrHB7f3CB20+nOzKDK8kQIYlLdWRYlKR,14.800428469273816,23.15727002979223,17.25320492828231
30900,5KapxhMTJ0S+URdaKN/DGkRsF21iwxXyGrHB7f3CB20+nOzKDK8kQIYlLdWRYlKR,15.788550281803918,31.73565272313497,19.50767650454565
31200,5KapxhMTJ0S+URdaKN/DGkRsF21iwxXyGrHB7f3CB20+nOzKDK8kQIYlLdWRYlKR,15.837415184589954,21.51006055549902,17.464351017167722
31500,5KapxhMTJ0S+URdaKN/DGkRsF21iwxXyGrHB7f3CB20+nOzKDK8kQIYlLdWRYlKR,14.952676795617135,20.775040071082906,16.880769669425042
31800,5KapxhMTJ0S+URdaKN/DGkRsF21iwxXyGrHB7f3CB20+nOzKDK8kQIYlLdWRYlKR,15.64867114920313,36.69533482098238,19.895228437326328
32100,5KapxhMTJ0S+URdaKN/DGkRsF21iwxXyGrHB7f3CB20+nOzKDK8kQIYlLdWRYlKR,16.11611539849342,21.3399296123682,17.910794697864826
32400,5KapxhMTJ0S+URdaKN/DGkRsF21iwxXyGrHB7f3CB20+nOzKDK8kQIYlLdWRYlKR,15.743260088662272,21.460462498459773,17.68483863925885
32700,5KapxhMTJ0S+URdaKN/DGkRsF21iwxXyGrHB7f3CB20+nOzKDK8kQIYlLdWRYlKR,16.362699519610512,27.96160013731561,19.77395287430495
33000,5KapxhMTJ0S+URdaKN/DGkRsF21iwxXyGrHB7f3CB20+nOzKDK8kQIYlLdWRYlKR,15.798546346484976,21.520331722858117,17.997404606729575
33300,5KapxhMTJ0S+URdaKN/DGkRsF21iwxXyGrHB7f3CB20+nOzKDK8kQIYlLdWRYlKR,15.857414069739894,22.11713907321846,18.323577132299867
33600,5KapxhMTJ0S+URdaKN/DGkRsF21iwxXyGrHB7f3CB20+nOzKDK8kQIYlLdWRYlKR,14.887829228842696,36.116738188061056,19.778328268102207
33900,5KapxhMTJ0S+URdaKN/DGkRsF21iwxXyGrHB7f3CB20+nOzKDK8kQIYlLdWRYlKR,16.471405515202196,22.253890355295816,19.33206819978252
34200,5KapxhMTJ0S+URdaKN/DGkRsF21iwxXyGrHB7f3CB20+nOzKDK8kQIYlLdWRYlKR,16.26425352194316,21.37025799308208,18.345477227411337
34500,5KapxhMTJ0S+URdaKN/DGkRsF21iwxXyGrHB7f3CB20+nOzKDK8kQIYlLdWRYlKR,15.569766277042286,29.50794445182795,19.49875686720998
34800,5KapxhMTJ0S+URdaKN/DGkRsF21iwxXyGrHB7f3CB20+nOzKDK8kQIYlLdWRYlKR,15.836698699394224,22.203559584965856,18.534646627152576
35100,5KapxhMTJ0S+URdaKN/DGkRsF21iwxXyGrHB7f3CB20+nOzKDK8kQIYlLdWRYlKR,16.058448899452387,22.53527316956185,18.566990443202293
35400,5KapxhMTJ0S+URdaKN/DGkRsF21iwxXyGrHB7f3CB20+nOzKDK8kQIYlLdWRYlKR,16.509956404516643,33.703690476592776,19.96139729659303
35700,5KapxhMTJ0S+URdaKN/DGkRsF21iwxXyGrHB7f3CB20+nOzKDK8kQIYlLdWRYlKR,16.887256595384333,22.09209023022909,19.84781219687241
36000,5KapxhMTJ0S+URdaKN/DGkRsF21iwxXyGrHB7f3CB20+nOzKDK8kQIYlLdWRYlKR,16.610914029029686,24.06017379943105,19.708366064341
36300,5KapxhMTJ0S+URdaKN/DGkRsF21iwxXyGrHB7f3CB20+nOzKDK8kQIYlLdWRYlKR,17.607520382550376,31.56245225702001,21.11066539286433
36600,5KapxhMTJ0S+URdaKN/DGkRsF21iwxXyGrHB7f3CB20+nOzKDK8kQIYlLdWRYlKR,17.272196492903323,25.36610258259791,20.635971906401515
36900,5KapxhMTJ0S+URdaKN/DGkRsF21iwxXyGrHB7f3CB20+nOzKDK8kQIYlLdWRYlKR,18.93531098587824,26.011526284715547,21.80525560496381
37200,5KapxhMTJ0S+URdaKN/DGkRsF21iwxXyGrHB7f3CB20+nOzKDK8kQIYlLdWRYlKR,21.32160210278512,40.058192534973365,24.610157054788647
37500,5KapxhMTJ0S+URdaKN/DGkRsF21iwxXyGrHB7f3CB20+nOzKDK8kQIYlLdWRYlKR,21.116604840831695,28.00464320371912,23.9378569325028
37800,5KapxhMTJ0S+URdaKN/DGkRsF21iwxXyGrHB7f3CB20+nOzKDK8kQIYlLdWRYlKR,21.901899436029296,27.889752070853216,24.05898774375526
38100,5KapxhMTJ0S+URdaKN/DGkRsF21iwxXyGrHB7f3CB20+nOzKDK8kQIYlLdWRYlKR,21.51434021261549,42.31256760567069,25.814434390789973
38400,5KapxhMTJ0S+URdaKN/DGkRsF21iwxXyGrHB7f3CB20+nOzKDK8kQIYlLdWRYlKR,20.330978259342377,28.623851676287813,23.25416109467669
38700,5KapxhMTJ0S+URdaKN/DGkRsF21iwxXyGrHB7f3CB20+nOzKDK8kQIYlLdWRYlKR,19.4869858376546,27.43209902222947,23.18062765721936
39000,5KapxhMTJ0S+URdaKN/DGkRsF21iwxXyGrHB7f3CB20+nOzKDK8kQIYlLdWRYlKR,19.463830544697405,39.08393467642448,24.81056591368513
39300,5KapxhMTJ0S+URdaKN/DGkRsF21iwxXyGrHB7f3CB20+nOzKDK8kQIYlLdWRYlKR,19.99009659891328,25.727154668037556,22.494404024995752
39600,5KapxhMTJ0S+URdaKN/DGkRsF21iwxXyGrHB7f3CB20+nOzKDK8kQIYlLdWRYlKR,19.06187641749953,27.222122920384063,22.11262709308723
39900,5KapxhMTJ0S+URdaKN/DGkRsF21iwxXyGrHB7f3CB20+nOzKDK8kQIYlLdWRYlKR,20.633422638026527,33.12691094547264,24.408070694136097
40200,5KapxhMTJ0S+URdaKN/DGkRsF21iwxXyGrHB7f3CB20+nOzKDK8kQIYlLdWRYlKR,20.15681411964789,26.146805818103697,22.28315662494223
40500,5KapxhMTJ0S+URdaKN/DGkRsF21iwxXyGrHB7f3CB20+nOzKDK8kQIYlLdWRYlKR,20.980000508060236,27.617625812822823,24.032522179559475
40800,5KapxhMTJ0S+URdaKN/DGkRsF21iwxXyGrHB7f3CB20+nOzKDK8kQIYlLdWRYlKR,22.0951471347176,42.998617960517656,27.67297794533728
41100,5KapxhMTJ0S+URdaKN/DGkRsF21iwxXyGrHB7f3CB20+nOzKDK8kQIYlLdWRYlKR,22.18180837203916,31.381061060660613,26.44798864881092
41400,5KapxhMTJ0S+URdaKN/DGkRsF21iwxXyGrHB7f3CB20+nOzKDK8kQIYlLdWRYlKR,23.81898479835611,30.15742575244366,26.230434063604747
41700,5KapxhMTJ0S+URdaKN/DGkRsF21iwxXyGrHB7f3CB20+nOzKDK8kQIYlLdWRYlKR,23.304740146060887,39.80381218841984,27.817838958292263
42000,5KapxhMTJ0S+URdaKN/DGkRsF21iwxXyGrHB7f3CB20+nOzKDK8kQIYlLdWRYlKR,23.433676513431525,31.261254549880483,26.701283659347368
42300,5KapxhMTJ0S+URdaKN/DGkRsF21iwxXyGrHB7f3CB20+nOzKDK8kQIYlLdWRYlKR,21.901567617792946,30.478253873013045,25.624491108565135
42600,5KapxhMTJ0S+URdaKN/DGkRsF21iwxXyGrHB7f3CB20+nOzKDK8kQIYlLdWRYlKR,23.104139331794777,42.62691354001291,28.18866027394931
42900,5KapxhMTJ0S+URdaKN/DGkRsF21iwxXyGrHB7f3CB20+nOzKDK8kQIYlLdWRYlKR,24.421566907171425,30.353770384216272,27.12457958095065
43200,5KapxhMTJ0S+URdaKN/DGkRsF21iwxXyGrHB7f3CB20+nOzKDK8kQIYlLdWRYlKR,22.959014027356865,32.38128687796216,26.21079306993618
43500,5KapxhMTJ0S+URdaKN/DGkRsF21iwxXyGrHB7f3CB20+nOzKDK8kQIYlLdWRYlKR,23.947702958401255,41.01197652855112,28.27449441959969
43800,5KapxhMTJ0S+URdaKN/DGkRsF21iwxXyGrHB7f3CB20+nOzKDK8kQIYlLdWRYlKR,25.388102426798685,30.20629967519436,27.46138806463655
44100,5KapxhMTJ0S+URdaKN/DGkRsF21iwxXyGrHB7f3CB20+nOzKDK8kQIYlLdWRYlKR,25.305004944239723,34.88487848262887,28.48682965403472
44400,5KapxhMTJ0S+URdaKN/DGkRsF21iwxXyGrHB7f3CB20+nOzKDK8kQIYlLdWRYlKR,26.064575746978885,44.26605217901683,30.77041419321804
44700,5KapxhMTJ0S+URdaKN/DGkRsF21iwxXyGrHB7f3CB20+nOzKDK8kQIYlLdWRYlKR,27.99751156856785,36.55790278067664,32.320490502693175
45000,5KapxhMTJ0S+URdaKN/DGkRsF21iwxXyGrHB7f3CB20+nOzKDK8kQIYlLdWRYlKR,27.74875601957837,33.25763692668098,30.35221275474796
45300,5KapxhMTJ0S+URdaKN/DGkRsF21iwxXyGrHB7f3CB20+nOzKDK8kQIYlLdWRYlKR,26.654205659443548,39.68514099041956,30.112779307923283
45600,5KapxhMTJ0S+URdaKN/DGkRsF21iwxXyGrHB7f3CB20+nOzKDK8kQIYlLdWRYlKR,25.47623642210215,33.509618085675825,28.973240684341068
45900,5KapxhMTJ0S+URdaKN/DGkRsF21iwxXyGrHB7f3CB20+nOzKDK8kQIYlLdWRYlKR,26.36866075350662,32.25889751559271,28.779788175764548
46200,5KapxhMTJ0S+URdaKN/DGkRsF21iwxXyGrHB7f3CB20+nOzKDK8kQIYlLdWRYlKR,26.744211761327392,44.57538386393764,31.006284285622552
46500,5KapxhMTJ0S+URdaKN/DGkRsF21iwxXyGrHB7f3CB20+nOzKDK8kQIYlLdWRYlKR,27.9660549716602,37.26174570263365,31.253380851631427
46800,5KapxhMTJ0S+URdaKN/DGkRsF21iwxXyGrHB7f3CB20+nOzKDK8kQIYlLdWRYlKR,27.301691621599627,38.92500921123215,31.26441541163424
47100,5KapxhMTJ0S+URdaKN/DGkRsF21iwxXyGrHB7f3CB20+nOzKDK8kQIYlLdWRYlKR,27.777273012165555,42.615630141103736,32.068860286918365
47400,5KapxhMTJ0S+URdaKN/DGkRsF21iwxXyGrHB7f3CB20+nOzKDK8kQIYlLdWRYlKR,28.417102775921595,36.01777762228001,30.81996922649575
47700,5KapxhMTJ0S+URdaKN/DGkRsF21iwxXyGrHB7f3CB20+nOzKDK8kQIYlLdWRYlKR,28.697481293737106,36.874433065215314,31.681660179544146
48000,5KapxhMTJ0S+URdaKN/DGkRsF21iwxXyGrHB7f3CB20+nOzKDK8kQIYlLdWRYlKR,26.774496549787585,46.050275374138,33.425343158464294
48300,5KapxhMTJ0S+URdaKN/DGkRsF21iwxXyGrHB7f3CB20+nOzKDK8kQIYlLdWRYlKR,30.359951454821115,38.51728679477322,34.917515028674885
48600,5KapxhMTJ0S+URdaKN/DGkRsF21iwxXyGrHB7f3CB20+nOzKDK8kQIYlLdWRYlKR,29.93840160934894,40.50512218446165,34.3630791531517
48900,5KapxhMTJ0S+URdaKN/DGkRsF21iwxXyGrHB7f3CB20+nOzKDK8kQIYlLdWRYlKR,30.41069162693256,43.1094773184559,35.05954257663453
49200,5KapxhMTJ0S+URdaKN/DGkRsF21iwxXyGrHB7f3CB20+nOzKDK8kQIYlLdWRYlKR,29.609648659183232,37.482544315069354,32.85871331633703
49500,5KapxhMTJ0S+URdaKN/DGkRsF21iwxXyGrHB7f3CB20+nOzKDK8kQIYlLdWRYlKR,28.98997750835484,37.03093472023025,32.752450865461775
49800,5KapxhMTJ0S+URdaKN/DGkRsF21iwxXyGrHB7f3CB20+nOzKDK8kQIYlLdWRYlKR,30.76717186492474,47.20582801573844,34.31890650309572
50100,5KapxhMTJ0S+URdaKN/DGkRsF21iwxXyGrHB7f3CB20+nOzKDK8kQIYlLdWRYlKR,29.515124736120143,36.68160626995648,32.6867927296981
50400,5KapxhMTJ0S+URdaKN/DGkRsF21iwxXyGrHB7f3CB20+nOzKDK8kQIYlLdWRYlKR,29.157655488489613,40.609988617682646,32.630739995148424
50700,5KapxhMTJ0S+URdaKN/DGkRsF21iwxXyGrHB7f3CB20+nOzKDK8kQIYlLdWRYlKR,28.810659704768053,41.72572443582207,34.60190914317878
51000,5KapxhMTJ0S+URdaKN/DGkRsF21iwxXyGrHB7f3CB20+nOzKDK8kQIYlLdWRYlKR,27.7535440266072,34.148981477782684,30.52362287458964
51300,5KapxhMTJ0S+URdaKN/DGkRsF21iwxXyGrHB7f3CB20+nOzKDK8kQIYlLdWRYlKR,28.800368813200457,38.246610994450045,31.403024088878603
51600,5KapxhMTJ0S+URdaKN/DGkRsF21iwxXyGrHB7f3CB20+nOzKDK8kQIYlLdWRYlKR,29.64975318777791,49.68822561692237,34.66710553518524
51900,5KapxhMTJ0S+URdaKN/DGkRsF21iwxXyGrHB7f3CB20+nOzKDK8kQIYlLdWRYlKR,32.20117926613917,39.56154401227008,34.76106066983608
52200,5KapxhMTJ0S+URdaKN/DGkRsF21iwxXyGrHB7f3CB20+nOzKDK8kQIYlLdWRYlKR,28.542541446880357,37.56758266810071,32.50001422562853
52500,5KapxhMTJ0S+URdaKN/DGkRsF21iwxXyGrHB7f3CB20+nOzKDK8kQIYlLdWRYlKR,28.93054424948975,42.24717123491073,33.036965537655206
52800,5KapxhMTJ0S+URdaKN/DGkRsF21iwxXyGrHB7f3CB20+nOzKDK8kQIYlLdWRYlKR,27.07325718427692,35.057890655121106,31.0505926888949
53100,5KapxhMTJ0S+URdaKN/DGkRsF21iwxXyGrHB7f3CB20+nOzKDK8kQIYlLdWRYlKR,27.28854218252788,36.41355849075444,30.002412320138983
53400,5KapxhMTJ0S+URdaKN/DGkRsF21iwxXyGrHB7f3CB20+nOzKDK8kQIYlLdWRYlKR,26.51973590007127,43.81581675153052,31.152111899741428
53700,5KapxhMTJ0S+URdaKN/DGkRsF21iwxXyGrHB7f3CB20+nOzKDK8kQIYlLdWRYlKR,27.103123523688488,35.816403896904404,30.51795742816601
54000,5KapxhMTJ0S+URdaKN/DGkRsF21iwxXyGrHB7f3CB20+nOzKDK8kQIYlLdWRYlKR,27.53659034754029,36.21288501632135,30.35116295112342
54300,5KapxhMTJ0S+URdaKN/DGkRsF21iwxXyGrHB7f3CB20+nOzKDK8kQIYlLdWRYlKR,28.171651832556574,41.102850241925765,32.229714814944074
54600,5KapxhMTJ0S+URdaKN/DGkRsF21iwxXyGrHB7f3CB20+nOzKDK8kQIYlLdWRYlKR,28.25302335181245,35.46354111581649,31.6992206637148
54900,5KapxhMTJ0S+URdaKN/DGkRsF21iwxXyGrHB7f3CB20+nOzKDK8kQIYlLdWRYlKR,27.37723066307555,37.14147444523294,31.11146321673843
55200,5KapxhMTJ0S+URdaKN/DGkRsF21iwxXyGrHB7f3CB20+nOzKDK8kQIYlLdWRYlKR,27.52329473062941,48.88851650795009,33.41081138511715
55500,5KapxhMTJ0S+URdaKN/DGkRsF21iwxXyGrHB7f3CB20+nOzKDK8kQIYlLdWRYlKR,29.119834714049592,38.64298391184699,33.322573355282984
55800,5KapxhMTJ0S+URdaKN/DGkRsF21iwxXyGrHB7f3CB20+nOzKDK8kQIYlLdWRYlKR,27.953062541788064,38.20160945372625,31.955726198457747
56100,5KapxhMTJ0S+URdaKN/DGkRsF21iwxXyGrHB7f3CB20+nOzKDK8kQIYlLdWRYlKR,28.361497536936486,43.21734044905563,33.05533321379699
56400,5KapxhMTJ0S+URdaKN/DGkRsF21iwxXyGrHB7f3CB20+nOzKDK8kQIYlLdWRYlKR,29.009667264497203,38.20048994283946,32.76241439319254
56700,5KapxhMTJ0S+URdaKN/DGkRsF21iwxXyGrHB7f3CB20+nOzKDK8kQIYlLdWRYlKR,29.229463290057385,38.479925175124805,32.271588663860534
57000,5KapxhMTJ0S+URdaKN/DGkRsF21iwxXyGrHB7f3CB20+nOzKDK8kQIYlLdWRYlKR,27.60018784792984,45.48919990066943,32.08390803856917
57300,5KapxhMTJ0S+URdaKN/DGkRsF21iwxXyGrHB7f3CB20+nOzKDK8kQIYlLdWRYlKR,27.68185077858392,37.24167856116852,30.711532033586256
57600,5KapxhMTJ0S+URdaKN/DGkRsF21iwxXyGrHB7f3CB20+nOzKDK8kQIYlLdWRYlKR,25.73204100386991,35.57938873436019,30.33786512095308
57900,5KapxhMTJ0S+URdaKN/DGkRsF21iwxXyGrHB7f3CB20+nOzKDK8kQIYlLdWRYlKR,26.64804463764503,41.42960066178647,31.84362651843544
58200,5KapxhMTJ0S+URdaKN/DGkRsF21iwxXyGrHB7f3CB20+nOzKDK8kQIYlLdWRYlKR,27.74729728300508,34.663143091855694,30.15487807131599
58500,5KapxhMTJ0S+URdaKN/DGkRsF21iwxXyGrHB7f3CB20+nOzKDK8kQIYlLdWRYlKR,28.60749859035652,38.392257902646485,32.151775169808225
58800,5KapxhMTJ0S+URdaKN/DGkRsF21iwxXyGrHB7f3CB20+nOzKDK8kQIYlLdWRYlKR,29.2944715691458,47.5373716630829,33.65204412302232
59100,5KapxhMTJ0S+URdaKN/DGkRsF21iwxXyGrHB7f3CB20+nOzKDK8kQIYlLdWRYlKR,29.463086191162983,36.169442172604185,32.58736277583276
59400,5KapxhMTJ0S+URdaKN/DGkRsF21iwxXyGrHB7f3CB20+nOzKDK8kQIYlLdWRYlKR,27.85585933537629,36.64947543498213,31.14056667934947
59700,5KapxhMTJ0S+URdaKN/DGkRsF21iwxXyGrHB7f3CB20+nOzKDK8kQIYlLdWRYlKR,26.895507686936934,42.18973347705367,31.302098255234103
60000,5KapxhMTJ0S+URdaKN/DGkRsF21iwxXyGrHB7f3CB20+nOzKDK8kQIYlLdWRYlKR,25.772497691019275,33.74397543019192,29.08294338449025
60300,5KapxhMTJ0S+URdaKN/DGkRsF21iwxXyGrHB7f3CB20+nOzKDK8kQIYlLdWRYlKR,26.311380384993967,34.050417233661825,29.42231418149021
60600,5KapxhMTJ0S+URdaKN/DGkRsF21iwxXyGrHB7f3CB20+nOzKDK8kQIYlLdWRYlKR,27.60482426995192,46.75925633330979,31.394905023476568
60900,5KapxhMTJ0S+URdaKN/DGkRsF21iwxXyGrHB7f3CB20+nOzKDK8kQIYlLdWRYlKR,24.740743079489665,34.63134837013471,29.673502969272143
61200,5KapxhMTJ0S+URdaKN/DGkRsF21iwxXyGrHB7f3CB20+nOzKDK8kQIYlLdWRYlKR,26.494226887979146,35.55049474228904,30.374126324576206
61500,5KapxhMTJ0S+URdaKN/DGkRsF21iwxXyGrHB7f3CB20+nOzKDK8kQIYlLdWRYlKR,26.21161011595416,41.451027664247206,30.89580544709476
61800,5KapxhMTJ0S+URdaKN/DGkRsF21iwxXyGrHB7f3CB20+nOzKDK8kQIYlLdWRYlKR,25.78505375906242,33.53906164926326,28.578200185321
62100,5KapxhMTJ0S+URdaKN/DGkRsF21iwxXyGrHB7f3CB20+nOzKDK8kQIYlLdWRYlKR,25.342443226076337,33.03058552234086,28.40861265914181
62400,5KapxhMTJ0S+URdaKN/DGkRsF21iwxXyGrHB7f3CB20+nOzKDK8kQIYlLdWRYlKR,25.73894536698983,44.95124350838759,29.84007067034246
62700,5KapxhMTJ0S+URdaKN/DGkRsF21iwxXyGrHB7f3CB20+nOzKDK8kQIYlLdWRYlKR,26.619614073712995,33.97535894712133,29.218757074982648
63000,5KapxhMTJ0S+URdaKN/DGkRsF21iwxXyGrHB7f3CB20+nOzKDK8kQIYlLdWRYlKR,25.39979846605596,34.287789150951255,29.236612425267875
63300,5KapxhMTJ0S+URdaKN/DGkRsF21iwxXyGrHB7f3CB20+nOzKDK8kQIYlLdWRYlKR,25.864830156470177,40.46956975916611,30.580444614719895
63600,5KapxhMTJ0S+URdaKN/DGkRsF21iwxXyGrHB7f3CB20+nOzKDK8kQIYlLdWRYlKR,25.9770365033418,33.10715102734823,28.352572084220135
63900,5KapxhMTJ0S+URdaKN/DGkRsF21iwxXyGrHB7f3CB20+nOzKDK8kQIYlLdWRYlKR,24.77858402385676,34.2297774686917,28.274410495360467
64200,5KapxhMTJ0S+URdaKN/DGkRsF21iwxXyGrHB7f3CB20+nOzKDK8kQIYlLdWRYlKR,23.995373177305808,41.150365558579615,29.230092279483717
64500,5KapxhMTJ0S+URdaKN/DGkRsF21iwxXyGrHB7f3CB20+nOzKDK8kQIYlLdWRYlKR,25.14139544559703,30.96778581260024,27.57669455209568
64800,5KapxhMTJ0S+URdaKN/DGkRsF21iwxXyGrHB7f3CB20+nOzKDK8kQIYlLdWRYlKR,23.47440721998548,32.19282685036173,27.250234158882204
65100,5KapxhMTJ0S+URdaKN/DGkRsF21iwxXyGrHB7f3CB20+nOzKDK8kQIYlLdWRYlKR,25.453046695687632,40.33926265481209,29.1598227631904
65400,5KapxhMTJ0S+URdaKN/DGkRsF21iwxXyGrHB7f3CB20+nOzKDK8kQIYlLdWRYlKR,25.07337472033627,33.60936677723186,27.55790934887548
65700,5KapxhMTJ0S+URdaKN/DGkRsF21iwxXyGrHB7f3CB20+nOzKDK8kQIYlLdWRYlKR,25.599014853467796,34.21064497045762,28.104440569130343
66000,5KapxhMTJ0S+URdaKN/DGkRsF21iwxXyGrHB7f3CB20+nOzKDK8kQIYlLdWRYlKR,24.201821636668647,43.16185551942473,29.556650220966286
66300,5KapxhMTJ0S+URdaKN/DGkRsF21iwxXyGrHB7f3CB20+nOzKDK8kQIYlLdWRYlKR,26.930498292502524,36.621953047609495,30.36467995661978
66600,5KapxhMTJ0S+URdaKN/DGkRsF21iwxXyGrHB7f3CB20+nOzKDK8kQIYlLdWRYlKR,26.167249851093903,32.52513670120393,28.51612650348511
66900,5KapxhMTJ0S+URdaKN/DGkRsF21iwxXyGrHB7f3CB20+nOzKDK8kQIYlLdWRYlKR,27.04236649765848,46.220204375713614,31.56100406040798
67200,5KapxhMTJ0S+URdaKN/DGkRsF21iwxXyGrHB7f3CB20+nOzKDK8kQIYlLdWRYlKR,26.50062891936272,33.74349793859743,29.410760263553925
67500,5KapxhMTJ0S+URdaKN/DGkRsF21iwxXyGrHB7f3CB20+nOzKDK8kQIYlLdWRYlKR,26.20301437496227,34.176124711489955,29.589102641695284
67800,5KapxhMTJ0S+URdaKN/DGkRsF21iwxXyGrHB7f3CB20+nOzKDK8kQIYlLdWRYlKR,25.378089193409064,42.96670717511151,29.45107870537825
68100,5KapxhMTJ0S+URdaKN/DGkRsF21iwxXyGrHB7f3CB20+nOzKDK8kQIYlLdWRYlKR,24.40913897694852,33.04962803167736,27.880856398166586
68400,5KapxhMTJ0S+URdaKN/DGkRsF21iwxXyGrHB7f3CB20+nOzKDK8kQIYlLdWRYlKR,25.532815870402377,34.4993816862479,28.527477681007657
68700,5KapxhMTJ0S+URdaKN/DGkRsF21iwxXyGrHB7f3CB20+nOzKDK8kQIYlLdWRYlKR,24.974047120490084,39.953331602800105,28.460486508809915
69000,5KapxhMTJ0S+URdaKN/DGkRsF21iwxXyGrHB7f3CB20+nOzKDK8kQIYlLdWRYlKR,24.166685485644678,33.43105300223457,26.5049944750309
69300,5KapxhMTJ0S+URdaKN/DGkRsF21iwxXyGrHB7f3CB20+nOzKDK8kQIYlLdWRYlKR,24.600490389308515,31.749358906336276,27.17365441393064
69600,5KapxhMTJ0S+URdaKN/DGkRsF21iwxXyGrHB7f3CB20+nOzKDK8kQIYlLdWRYlKR,24.02416447559831,40.8192066210902,28.34580116944135
69900,5KapxhMTJ0S+URdaKN/DGkRsF21iwxXyGrHB7f3CB20+nOzKDK8kQIYlLdWRYlKR,24.815324526704845,32.90130169549626,27.995493765240823
70200,5KapxhMTJ0S+URdaKN/DGkRsF21iwxXyGrHB7f3CB20+nOzKDK8kQIYlLdWRYlKR,24.3672754058408,32.16764783141621,27.5558437817778
70500,5KapxhMTJ0S+URdaKN/DGkRsF21iwxXyGrHB7f3CB20+nOzKDK8kQIYlLdWRYlKR,24.915971568493774,38.137295530065686,28.747740134110494
70800,5KapxhMTJ0S+URdaKN/DGkRsF21iwxXyGrHB7f3CB20+nOzKDK8kQIYlLdWRYlKR,22.487011767095904,32.25719140069873,25.393633625110407
71100,5KapxhMTJ0S+URdaKN/DGkRsF21iwxXyGrHB7f3CB20+nOzKDK8kQIYlLdWRYlKR,22.546487007079676,29.62729392465981,25.530844545247877
71400,5KapxhMTJ0S+URdaKN/DGkRsF21iwxXyGrHB7f3CB20+nOzKDK8kQIYlLdWRYlKR,22.151591858848107,29.62744896411173,26.33389165138783
71700,5KapxhMTJ0S+URdaKN/DGkRsF21iwxXyGrHB7f3CB20+nOzKDK8kQIYlLdWRYlKR,23.90524309213187,30.226789162475587,26.864501532464423
72000,5KapxhMTJ0S+URdaKN/DGkRsF21iwxXyGrHB7f3CB20+nOzKDK8kQIYlLdWRYlKR,23.50577602693529,30.12295787093497,25.93650625072255
72300,5KapxhMTJ0S+URdaKN/DGkRsF21iwxXyGrHB7f3CB20+nOzKDK8kQIYlLdWRYlKR,24.49000886909811,37.96895320870696,28.271992570870907
72600,5KapxhMTJ0S+URdaKN/DGkRsF21iwxXyGrHB7f3CB20+nOzKDK8kQIYlLdWRYlKR,23.0816366837668,31.3683202871689,26.190531897593
72900,5KapxhMTJ0S+URdaKN/DGkRsF21iwxXyGrHB7f3CB20+nOzKDK8kQIYlLdWRYlKR,23.10646087212119,31.922271006791732,25.908338082931813
73200,5KapxhMTJ0S+URdaKN/DGkRsF21iwxXyGrHB7f3CB20+nOzKDK8kQIYlLdWRYlKR,24.042452727188323,38.95078154331297,27.976874121553784
73500,5KapxhMTJ0S+URdaKN/DGkRsF21iwxXyGrHB7f3CB20+nOzKDK8kQIYlLdWRYlKR,24.867473454124298,30.966466662185656,27.233942806093648
73800,5KapxhMTJ0S+URdaKN/DGkRsF21iwxXyGrHB7f3CB20+nOzKDK8kQIYlLdWRYlKR,23.45225796506924,32.625578035281784,25.782095854733555
74100,5KapxhMTJ0S+URdaKN/DGkRsF21iwxXyGrHB7f3CB20+nOzKDK8kQIYlLdWRYlKR,23.581148536801724,40.1530076668572,27.60630134699601
74400,5KapxhMTJ0S+URdaKN/DGkRsF21iwxXyGrHB7f3CB20+nOzKDK8kQIYlLdWRYlKR,21.771154578071823,29.66889506023132,24.4615694325066
74700,5KapxhMTJ0S+URdaKN/DGkRsF21iwxXyGrHB7f3CB20+nOzKDK8kQIYlLdWRYlKR,22.055749671661168,29.10412821511929,24.443826113172246
75000,5KapxhMTJ0S+URdaKN/DGkRsF21iwxXyGrHB7f3CB20+nOzKDK8kQIYlLdWRYlKR,20.343561265582945,38.42183352595208,26.01981875283525
75300,5KapxhMTJ0S+URdaKN/DGkRsF21iwxXyGrHB7f3CB20+nOzKDK8kQIYlLdWRYlKR,20.999098480615704,29.8062535891681,23.8154968193012
75600,5KapxhMTJ0S+URdaKN/DGkRsF21iwxXyGrHB7f3CB20+nOzKDK8kQIYlLdWRYlKR,19.931287597398335,28.24787024189403,22.723266054928164
75900,5KapxhMTJ0S+URdaKN/DGkRsF21iwxXyGrHB7f3CB20+nOzKDK8kQIYlLdWRYlKR,19.431900310802465,35.28986404712337,24.513232643298387
76200,5KapxhMTJ0S+URdaKN/DGkRsF21iwxXyGrHB7f3CB20+nOzKDK8kQIYlLdWRYlKR,21.142818772654422,28.158653969153463,23.774988047844197
76500,5KapxhMTJ0S+URdaKN/DGkRsF21iwxXyGrHB7f3CB20+nOzKDK8kQIYlLdWRYlKR,21.01955722640301,27.49739317994785,23.2532390867278
76800,5KapxhMTJ0S+URdaKN/DGkRsF21iwxXyGrHB7f3CB20+nOzKDK8kQIYlLdWRYlKR,20.12001308347785,37.62434609799253,24.697985334317305
77100,5KapxhMTJ0S+URdaKN/DGkRsF21iwxXyGrHB7f3CB20+nOzKDK8kQIYlLdWRYlKR,21.762085398455575,32.41344200871641,24.359264049327884
77400,5KapxhMTJ0S+URdaKN/DGkRsF21iwxXyGrHB7f3CB20+nOzKDK8kQIYlLdWRYlKR,20.27789144138255,30.047504570171192,23.144794408142864
77700,5KapxhMTJ0S+URdaKN/DGkRsF21iwxXyGrHB7f3CB20+nOzKDK8kQIYlLdWRYlKR,19.981364031551408,37.31926201334949,23.91339812692837
78000,5KapxhMTJ0S+URdaKN/DGkRsF21iwxXyGrHB7f3CB20+nOzKDK8kQIYlLdWRYlKR,21.33824050172932,23.796918547953943,22.141959099139797
78600,5KapxhMTJ0S+URdaKN/DGkRsF21iwxXyGrHB7f3CB20+nOzKDK8kQIYlLdWRYlKR,3.5829198068272814,18.461217847676128,7.73857317854749
78900,5KapxhMTJ0S+URdaKN/DGkRsF21iwxXyGrHB7f3CB20+nOzKDK8kQIYlLdWRYlKR,20.92865570019851,28.875594407745588,23.99561692913192
79200,5KapxhMTJ0S+URdaKN/DGkRsF21iwxXyGrHB7f3CB20+nOzKDK8kQIYlLdWRYlKR,22.074661329827048,27.807658540318336,25.04700124252512
79500,5KapxhMTJ0S+URdaKN/DGkRsF21iwxXyGrHB7f3CB20+nOzKDK8kQIYlLdWRYlKR,22.415025749502338,37.20340611812504,27.1549829293498
79800,5KapxhMTJ0S+URdaKN/DGkRsF21iwxXyGrHB7f3CB20+nOzKDK8kQIYlLdWRYlKR,20.743201044143504,28.7719309789478,24.53674568462888
80100,5KapxhMTJ0S+URdaKN/DGkRsF21iwxXyGrHB7f3CB20+nOzKDK8kQIYlLdWRYlKR,21.700459731292188,27.65576472649248,23.86688089467748
80400,5KapxhMTJ0S+URdaKN/DGkRsF21iwxXyGrHB7f3CB20+nOzKDK8kQIYlLdWRYlKR,20.518008982598005,38.65414254422841,24.086603920785038
80700,5KapxhMTJ0S+URdaKN/DGkRsF21iwxXyGrHB7f3CB20+nOzKDK8kQIYlLdWRYlKR,20.223913864775454,24.636203038171576,22.540590410118785
81000,5KapxhMTJ0S+URdaKN/DGkRsF21iwxXyGrHB7f3CB20+nOzKDK8kQIYlLdWRYlKR,19.09712758113881,23.970426672644827,21.818499146537608
81300,5KapxhMTJ0S+URdaKN/DGkRsF21iwxXyGrHB7f3CB20+nOzKDK8kQIYlLdWRYlKR,20.042911563854062,38.10451615654189,24.781710284006845
81600,5KapxhMTJ0S+URdaKN/DGkRsF21iwxXyGrHB7f3CB20+nOzKDK8kQIYlLdWRYlKR,20.94300372788701,25.053653923077853,23.006363428710998
81900,5KapxhMTJ0S+URdaKN/DGkRsF21iwxXyGrHB7f3CB20+nOzKDK8kQIYlLdWRYlKR,17.439922735104552,29.53931333693617,21.28328873398844
82200,5KapxhMTJ0S+URdaKN/DGkRsF21iwxXyGrHB7f3CB20+nOzKDK8kQIYlLdWRYlKR,17.042385082679132,32.94580301606768,20.40471781089673
82500,5KapxhMTJ0S+URdaKN/DGkRsF21iwxXyGrHB7f3CB20+nOzKDK8kQIYlLdWRYlKR,16.87600558133107,20.014717332657323,18.5636299844828
82800,5KapxhMTJ0S+URdaKN/DGkRsF21iwxXyGrHB7f3CB20+nOzKDK8kQIYlLdWRYlKR,15.647883000500537,21.469673590957616,17.982967986589856
83100,5KapxhMTJ0S+URdaKN/DGkRsF21iwxXyGrHB7f3CB20+nOzKDK8kQIYlLdWRYlKR,13.554880242215797,32.08522820276047,18.431655953272468
83400,5KapxhMTJ0S+URdaKN/DGkRsF21iwxXyGrHB7f3CB20+nOzKDK8kQIYlLdWRYlKR,14.653987300202376,18.99642394189824,16.643864971859713
83700,5KapxhMTJ0S+URdaKN/DGkRsF21iwxXyGrHB7f3CB20+nOzKDK8kQIYlLdWRYlKR,14.739231451482022,21.22418743207745,17.145512359930148
84000,5KapxhMTJ0S+URdaKN/DGkRsF21iwxXyGrHB7f3CB20+nOzKDK8kQIYlLdWRYlKR,13.709556847744755,32.09897600409211,17.508178760238245
84300,5KapxhMTJ0S+URdaKN/DGkRsF21iwxXyGrHB7f3CB20+nOzKDK8kQIYlLdWRYlKR,13.720596760403126,18.61451304258653,16.26144602478788
84600,5KapxhMTJ0S+URdaKN/DGkRsF21iwxXyGrHB7f3CB20+nOzKDK8kQIYlLdWRYlKR,14.792664452517448,18.479412000888672,16.306991823993062
84900,5KapxhMTJ0S+URdaKN/DGkRsF21iwxXyGrHB7f3CB20+nOzKDK8kQIYlLdWRYlKR,13.553339031099735,33.66518321251435,17.435041893965078
85200,5KapxhMTJ0S+URdaKN/DGkRsF21iwxXyGrHB7f3CB20+nOzKDK8kQIYlLdWRYlKR,13.090353725410328,17.98983193685107,14.898685649336253
85500,5KapxhMTJ0S+URdaKN/DGkRsF21iwxXyGrHB7f3CB20+nOzKDK8kQIYlLdWRYlKR,13.788209244438765,18.41427069328561,15.613170286995125
85800,5KapxhMTJ0S+URdaKN/DGkRsF21iwxXyGrHB7f3CB20+nOzKDK8kQIYlLdWRYlKR,14.35492269832595,32.89637099714798,18.020601554254227
86100,5KapxhMTJ0S+URdaKN/DGkRsF21iwxXyGrHB7f3CB20+nOzKDK8kQIYlLdWRYlKR,13.60274450435714,18.08713930740812,15.645356644984147
86400,5KapxhMTJ0S+URdaKN/DGkRsF21iwxXyGrHB7f3CB20+nOzKDK8kQIYlLdWRYlKR,13.498571297941334,20.4489608961154,16.337626828624295
86700,5KapxhMTJ0S+URdaKN/DGkRsF21iwxXyGrHB7f3CB20+nOzKDK8kQIYlLdWRYlKR,13.550413171503653,33.713798274076325,18.09478182659988
87000,5KapxhMTJ0S+URdaKN/DGkRsF21iwxXyGrHB7f3CB20+nOzKDK8kQIYlLdWRYlKR,13.366307310794582,18.58767559541449,15.738683456130865
87300,5KapxhMTJ0S+URdaKN/DGkRsF21iwxXyGrHB7f3CB20+nOzKDK8kQIYlLdWRYlKR,13.818136213888378,17.496930733337724,15.534447597798213
87600,5KapxhMTJ0S+URdaKN/DGkRsF21iwxXyGrHB7f3CB20+nOzKDK8kQIYlLdWRYlKR,13.895751129822884,30.08316491130081,17.970079037499872
87900,5KapxhMTJ0S+URdaKN/DGkRsF21iwxXyGrHB7f3CB20+nOzKDK8kQIYlLdWRYlKR,12.67577342105243,19.148658566642084,15.492529682315938
88200,5KapxhMTJ0S+URdaKN/DGkRsF21iwxXyGrHB7f3CB20+nOzKDK8kQIYlLdWRYlKR,12.57349372456262,18.37344554738916,14.851165465777518
88500,5KapxhMTJ0S+URdaKN/DGkRsF21iwxXyGrHB7f3CB20+nOzKDK8kQIYlLdWRYlKR,10.800702731087334,31.56669063813755,16.458625611791163
88800,5KapxhMTJ0S+URdaKN/DGkRsF21iwxXyGrHB7f3CB20+nOzKDK8kQIYlLdWRYlKR,11.86901502732735,17.86936185274946,14.382535120549086
89100,5KapxhMTJ0S+URdaKN/DGkRsF21iwxXyGrHB7f3CB20+nOzKDK8kQIYlLdWRYlKR,13.075029823453736,18.095611264796688,14.717541819111156
89400,5KapxhMTJ0S+URdaKN/DGkRsF21iwxXyGrHB7f3CB20+nOzKDK8kQIYlLdWRYlKR,12.94477134514946,30.5798690964349,16.074556896134897
89700,5KapxhMTJ0S+URdaKN/DGkRsF21iwxXyGrHB7f3CB20+nOzKDK8kQIYlLdWRYlKR,12.906214274278677,16.43034715921656,14.642078119393164
90000,5KapxhMTJ0S+URdaKN/DGkRsF21iwxXyGrHB7f3CB20+nOzKDK8kQIYlLdWRYlKR,12.719119694525638,17.07428301044448,13.932836016103828
90300,5KapxhMTJ0S+URdaKN/DGkRsF21iwxXyGrHB7f3CB20+nOzKDK8kQIYlLdWRYlKR,11.482470554360598,32.02718883299264,15.515159570592957
90600,5KapxhMTJ0S+URdaKN/DGkRsF21iwxXyGrHB7f3CB20+nOzKDK8kQIYlLdWRYlKR,11.88454217653774,16.496019835858398,14.392106657234304
90900,5KapxhMTJ0S+URdaKN/DGkRsF21iwxXyGrHB7f3CB20+nOzKDK8kQIYlLdWRYlKR,11.727788613516662,15.677256759467603,13.77521942417692
91200,5KapxhMTJ0S+URdaKN/DGkRsF21iwxXyGrHB7f3CB20+nOzKDK8kQIYlLdWRYlKR,12.007820081578783,31.56551111945095,16.23848550877325
91500,5KapxhMTJ0S+URdaKN/DGkRsF21iwxXyGrHB7f3CB20+nOzKDK8kQIYlLdWRYlKR,13.839946780735149,18.497743419865945,15.669450558248345
91800,5KapxhMTJ0S+URdaKN/DGkRsF21iwxXyGrHB7f3CB20+nOzKDK8kQIYlLdWRYlKR,11.8975685790412,19.04129643982676,14.11795734358015
92100,5KapxhMTJ0S+URdaKN/DGkRsF21iwxXyGrHB7f3CB20+nOzKDK8kQIYlLdWRYlKR,11.665608012115433,30.542168910335448,15.583471106539552
92400,5KapxhMTJ0S+URdaKN/DGkRsF21iwxXyGrHB7f3CB20+nOzKDK8kQIYlLdWRYlKR,12.348251721445422,17.06217594141656,14.08382557727807
92700,5KapxhMTJ0S+URdaKN/DGkRsF21iwxXyGrHB7f3CB20+nOzKDK8kQIYlLdWRYlKR,11.792673775131329,16.505796261994092,14.030226724483772
93000,5KapxhMTJ0S+URdaKN/DGkRsF21iwxXyGrHB7f3CB20+nOzKDK8kQIYlLdWRYlKR,11.823849401878633,31.607486301179065,15.717496013549804
93300,5KapxhMTJ0S+URdaKN/DGkRsF21iwxXyGrHB7f3CB20+nOzKDK8kQIYlLdWRYlKR,12.538413461411608,16.659708978102817,14.068033436551598
93600,5KapxhMTJ0S+URdaKN/DGkRsF21iwxXyGrHB7f3CB20+nOzKDK8kQIYlLdWRYlKR,11.840111641434827,17.14713793792515,13.610683095668628
93900,5KapxhMTJ0S+URdaKN/DGkRsF21iwxXyGrHB7f3CB20+nOzKDK8kQIYlLdWRYlKR,11.304479193554382,30.473106009213,14.806892338868906
94200,5KapxhMTJ0S+URdaKN/DGkRsF21iwxXyGrHB7f3CB20+nOzKDK8kQIYlLdWRYlKR,12.329467675618831,16.595758066792953,13.874124925895352
94500,5KapxhMTJ0S+URdaKN/DGkRsF21iwxXyGrHB7f3CB20+nOzKDK8kQIYlLdWRYlKR,12.268634051343977,16.40268437252783,13.808373541106414
94800,5KapxhMTJ0S+URdaKN/DGkRsF21iwxXyGrHB7f3CB20+nOzKDK8kQIYlLdWRYlKR,10.77780638422838,26.86404809743276,15.08366584267289
95100,5KapxhMTJ0S+URdaKN/DGkRsF21iwxXyGrHB7f3CB20+nOzKDK8kQIYlLdWRYlKR,12.488447237367197,16.905701822719475,13.886660626756576
95400,5KapxhMTJ0S+URdaKN/DGkRsF21iwxXyGrHB7f3CB20+nOzKDK8kQIYlLdWRYlKR,12.220649536499092,17.212144737510968,14.0927923390354
95700,5KapxhMTJ0S+URdaKN/DGkRsF21iwxXyGrHB7f3CB20+nOzKDK8kQIYlLdWRYlKR,9.582069826437827,30.19129128889823,14.780994392153922
96000,5KapxhMTJ0S+URdaKN/DGkRsF21iwxXyGrHB7f3CB20+nOzKDK8kQIYlLdWRYlKR,10.439196278820912,15.797153375076023,12.438368435345678
96300,5KapxhMTJ0S+URdaKN/DGkRsF21iwxXyGrHB7f3CB20+nOzKDK8kQIYlLdWRYlKR,11.396627563367527,16.295692035386896,13.17826135095901
96600,5KapxhMTJ0S+URdaKN/DGkRsF21iwxXyGrHB7f3CB20+nOzKDK8kQIYlLdWRYlKR,10.56387504254884,26.9748410897108,14.402679874413472
96900,5KapxhMTJ0S+URdaKN/DGkRsF21iwxXyGrHB7f3CB20+nOzKDK8kQIYlLdWRYlKR,10.691418478864891,14.98092818728308,12.25570145164522
97200,5KapxhMTJ0S+URdaKN/DGkRsF21iwxXyGrHB7f3CB20+nOzKDK8kQIYlLdWRYlKR,10.268703645582823,15.32184573600596,11.988005394083626
97500,5KapxhMTJ0S+URdaKN/DGkRsF21iwxXyGrHB7f3CB20+nOzKDK8kQIYlLdWRYlKR,11.24489607367452,31.39342994181149,14.923298703568667
97800,5KapxhMTJ0S+URdaKN/DGkRsF21iwxXyGrHB7f3CB20+nOzKDK8kQIYlLdWRYlKR,11.483495547300231,14.942676508159826,12.755963937330316
98100,5KapxhMTJ0S+URdaKN/DGkRsF21iwxXyGrHB7f3CB20+nOzKDK8kQIYlLdWRYlKR,11.019569330726624,16.92688626831002,12.955325368131438
98400,5KapxhMTJ0S+URdaKN/DGkRsF21iwxXyGrHB7f3CB20+nOzKDK8kQIYlLdWRYlKR,11.2270620176051,26.711177485261647,14.477150298451916
98700,5KapxhMTJ0S+URdaKN/DGkRsF21iwxXyGrHB7f3CB20+nOzKDK8kQIYlLdWRYlKR,11.145257616336792,15.430647781927274,13.252731134646538
99000,5KapxhMTJ0S+URdaKN/DGkRsF21iwxXyGrHB7f3CB20+nOzKDK8kQIYlLdWRYlKR,10.113409439078982,14.470256243241556,12.144237053515711
99300,5KapxhMTJ0S+URdaKN/DGkRsF21iwxXyGrHB7f3CB20+nOzKDK8kQIYlLdWRYlKR,10.484520554227728,31.68961017609769,14.209723928616008
99600,5KapxhMTJ0S+URdaKN/DGkRsF21iwxXyGrHB7f3CB20+nOzKDK8kQIYlLdWRYlKR,10.166931768443122,15.376075126241766,11.981489855540898
99900,5KapxhMTJ0S+URdaKN/DGkRsF21iwxXyGrHB7f3CB20+nOzKDK8kQIYlLdWRYlKR,10.489667782765292,15.268254291018732,12.405528945595968
100200,5KapxhMTJ0S+URdaKN/DGkRsF21iwxXyGrHB7f3CB20+nOzKDK8kQIYlLdWRYlKR,11.8949294682401,25.810895564804586,15.111415019855574
100500,5KapxhMTJ0S+URdaKN/DGkRsF21iwxXyGrHB7f3CB20+nOzKDK8kQIYlLdWRYlKR,11.602777494967848,17.058149005622717,13.533937093669628
100800,5KapxhMTJ0S+URdaKN/DGkRsF21iwxXyGrHB7f3CB20+nOzKDK8kQIYlLdWRYlKR,10.972688527229712,17.92359361117829,12.859232956732829
101100,5KapxhMTJ0S+URdaKN/DGkRsF21iwxXyGrHB7f3CB20+nOzKDK8kQIYlLdWRYlKR,10.272094484987983,29.749013056075945,14.792604398287462
101400,5KapxhMTJ0S+URdaKN/DGkRsF21iwxXyGrHB7f3CB20+nOzKDK8kQIYlLdWRYlKR,11.923671762372058,17.005330444699783,13.71372744378746
101700,5KapxhMTJ0S+URdaKN/DGkRsF21iwxXyGrHB7f3CB20+nOzKDK8kQIYlLdWRYlKR,11.307747398303082,15.348575630976375,12.789133284188535
102000,5KapxhMTJ0S+URdaKN/DGkRsF21iwxXyGrHB7f3CB20+nOzKDK8kQIYlLdWRYlKR,11.459885692642588,28.344916689818056,14.64154172360092
102300,5KapxhMTJ0S+URdaKN/DGkRsF21iwxXyGrHB7f3CB20+nOzKDK8kQIYlLdWRYlKR,12.578219507914048,16.492045166523265,14.035747991680566
102600,5KapxhMTJ0S+URdaKN/DGkRsF21iwxXyGrHB7f3CB20+nOzKDK8kQIYlLdWRYlKR,10.786561343365443,15.667401934075873,12.80728704669936
102900,5KapxhMTJ0S+URdaKN/DGkRsF21iwxXyGrHB7f3CB20+nOzKDK8kQIYlLdWRYlKR,9.6426004130838,29.84321079949653,14.068312010371844
103200,5KapxhMTJ0S+URdaKN/DGkRsF21iwxXyGrHB7f3CB20+nOzKDK8kQIYlLdWRYlKR,10.178795526681348,16.31307389733798,12.457467629266644
103500,5KapxhMTJ0S+URdaKN/DGkRsF21iwxXyGrHB7f3CB20+nOzKDK8kQIYlLdWRYlKR,10.634181141706431,14.65370794404339,12.746389215570709
103800,5KapxhMTJ0S+URdaKN/DGkRsF21iwxXyGrHB7f3CB20+nOzKDK8kQIYlLdWRYlKR,10.617680988839552,30.08518264750581,14.202123005668886
104100,5KapxhMTJ0S+URdaKN/DGkRsF21iwxXyGrHB7f3CB20+nOzKDK8kQIYlLdWRYlKR,10.970367539861853,14.74862107371667,12.765187127179026
104400,5KapxhMTJ0S+URdaKN/DGkRsF21iwxXyGrHB7f3CB20+nOzKDK8kQIYlLdWRYlKR,10.919472484851658,16.733737040017168,12.536840239544428
104700,5KapxhMTJ0S+URdaKN/DGkRsF21iwxXyGrHB7f3CB20+nOzKDK8kQIYlLdWRYlKR,10.656971242839926,28.76080087381182,14.025484872946937
105000,5KapxhMTJ0S+URdaKN/DGkRsF21iwxXyGrHB7f3CB20+nOzKDK8kQIYlLdWRYlKR,11.426538261637967,14.635474466949926,12.835264488303372
105300,5KapxhMTJ0S+URdaKN/DGkRsF21iwxXyGrHB7f3CB20+nOzKDK8kQIYlLdWRYlKR,10.265499477159658,14.921186360852492,12.570697493390815
105600,5KapxhMTJ0S+URdaKN/DGkRsF21iwxXyGrHB7f3CB20+nOzKDK8kQIYlLdWRYlKR,10.579583559107528,27.106525966302215,14.108027772536923
105900,5KapxhMTJ0S+URdaKN/DGkRsF21iwxXyGrHB7f3CB20+nOzKDK8kQIYlLdWRYlKR,11.876748067381175,16.273925063847532,13.812229406788664
106200,5KapxhMTJ0S+URdaKN/DGkRsF21iwxXyGrHB7f3CB20+nOzKDK8kQIYlLdWRYlKR,11.3859304650602,16.8154415145887,13.603583335034363
106500,5KapxhMTJ0S+URdaKN/DGkRsF21iwxXyGrHB7f3CB20+nOzKDK8kQIYlLdWRYlKR,11.146736714987233,30.366621915467068,14.708378670746706
106800,5KapxhMTJ0S+URdaKN/DGkRsF21iwxXyGrHB7f3CB20+nOzKDK8kQIYlLdWRYlKR,10.449378099748127,14.593365309602367,12.669502242675271
107100,5KapxhMTJ0S+URdaKN/DGkRsF21iwxXyGrHB7f3CB20+nOzKDK8kQIYlLdWRYlKR,9.77401666086683,15.072351565556186,13.06269067529944
107400,5KapxhMTJ0S+URdaKN/DGkRsF21iwxXyGrHB7f3CB20+nOzKDK8kQIYlLdWRYlKR,9.968982976886675,25.28309515115293,13.89800398967572
107700,5KapxhMTJ0S+URdaKN/DGkRsF21iwxXyGrHB7f3CB20+nOzKDK8kQIYlLdWRYlKR,10.540592340758446,29.879153108927778,14.547821023648288
108000,5KapxhMTJ0S+URdaKN/DGkRsF21iwxXyGrHB7f3CB20+nOzKDK8kQIYlLdWRYlKR,10.72777966745735,16.46860724235468,12.877730143542244
108300,5KapxhMTJ0S+URdaKN/DGkRsF21iwxXyGrHB7f3CB20+nOzKDK8kQIYlLdWRYlKR,8.415204350664265,33.28861195280135,14.296830327534858
108600,5KapxhMTJ0S+URdaKN/DGkRsF21iwxXyGrHB7f3CB20+nOzKDK8kQIYlLdWRYlKR,9.129665449970675,13.053364623302366,11.301260574172836
108900,5KapxhMTJ0S+URdaKN/DGkRsF21iwxXyGrHB7f3CB20+nOzKDK8kQIYlLdWRYlKR,10.216559480257247,15.841036208317142,12.0256868847575
109200,5KapxhMTJ0S+URdaKN/DGkRsF21iwxXyGrHB7f3CB20+nOzKDK8kQIYlLdWRYlKR,9.04283279335454,23.134488625163076,13.681590019038136
109500,5KapxhMTJ0S+URdaKN/DGkRsF21iwxXyGrHB7f3CB20+nOzKDK8kQIYlLdWRYlKR,10.376346616049531,14.638349186233835,12.10374810430114
109800,5KapxhMTJ0S+URdaKN/DGkRsF21iwxXyGrHB7f3CB20+nOzKDK8kQIYlLdWRYlKR,10.460383763383344,16.99971315772703,12.870720602598077
110100,5KapxhMTJ0S+URdaKN/DGkRsF21iwxXyGrHB7f3CB20+nOzKDK8kQIYlLdWRYlKR,9.829217868942152,30.625005679102568,14.375478960242528
110400,5KapxhMTJ0S+URdaKN/DGkRsF21iwxXyGrHB7f3CB20+nOzKDK8kQIYlLdWRYlKR,10.191042772396962,14.82625615338252,12.222406546646967
110700,5KapxhMTJ0S+URdaKN/DGkRsF21iwxXyGrHB7f3CB20+nOzKDK8kQIYlLdWRYlKR,11.095783190884749,15.781116911894133,12.98407947504019
111000,5KapxhMTJ0S+URdaKN/DGkRsF21iwxXyGrHB7f3CB20+nOzKDK8kQIYlLdWRYlKR,10.285875625961692,27.38404771045318,14.287863905643414
111300,5KapxhMTJ0S+URdaKN/DGkRsF21iwxXyGrHB7f3CB20+nOzKDK8kQIYlLdWRYlKR,9.71426357708685,15.158748019190403,11.32967594720898
111600,5KapxhMTJ0S+URdaKN/DGkRsF21iwxXyGrHB7f3CB20+nOzKDK8kQIYlLdWRYlKR,9.966945667056494,14.218200598621358,11.583838288231302
111900,5KapxhMTJ0S+URdaKN/DGkRsF21iwxXyGrHB7f3CB20+nOzKDK8kQIYlLdWRYlKR,9.21702407051012,28.398823680970608,13.903718580651256
112200,5KapxhMTJ0S+URdaKN/DGkRsF21iwxXyGrHB7f3CB20+nOzKDK8kQIYlLdWRYlKR,9.17428704762244,14.626971481766352,11.352213769299556
112500,5KapxhMTJ0S+URdaKN/DGkRsF21iwxXyGrHB7f3CB20+nOzKDK8kQIYlLdWRYlKR,9.56090387903606,13.711753916789055,11.1790322390287
112800,5KapxhMTJ0S+URdaKN/DGkRsF21iwxXyGrHB7f3CB20+nOzKDK8kQIYlLdWRYlKR,8.54153827846124,27.860396992777765,13.2924646526804
113100,5KapxhMTJ0S+URdaKN/DGkRsF21iwxXyGrHB7f3CB20+nOzKDK8kQIYlLdWRYlKR,9.717875056353558,14.373330280590302,11.747405983405796
113400,5KapxhMTJ0S+URdaKN/DGkRsF21iwxXyGrHB7f3CB20+nOzKDK8kQIYlLdWRYlKR,8.910919702950467,15.442835260487914,10.876383997680229
113700,5KapxhMTJ0S+URdaKN/DGkRsF21iwxXyGrHB7f3CB20+nOzKDK8kQIYlLdWRYlKR,9.571499083870597,29.285372605811077,13.185306537418487
114000,5KapxhMTJ0S+URdaKN/DGkRsF21iwxXyGrHB7f3CB20+nOzKDK8kQIYlLdWRYlKR,8.727994353634848,15.303107007880351,11.0109932578889
114300,5KapxhMTJ0S+URdaKN/DGkRsF21iwxXyGrHB7f3CB20+nOzKDK8kQIYlLdWRYlKR,9.30567915657378,15.101551351581657,11.65742174116382
114600,5KapxhMTJ0S+URdaKN/DGkRsF21iwxXyGrHB7f3CB20+nOzKDK8kQIYlLdWRYlKR,10.49346379181539,23.97450292155844,13.96777721290535
114900,5KapxhMTJ0S+URdaKN/DGkRsF21iwxXyGrHB7f3CB20+nOzKDK8kQIYlLdWRYlKR,10.45441144182334,15.6722357569508,12.422499103116412
115200,5KapxhMTJ0S+URdaKN/DGkRsF21iwxXyGrHB7f3CB20+nOzKDK8kQIYlLdWRYlKR,9.872164814475628,14.933364385411725,11.411849482702586
115500,5KapxhMTJ0S+URdaKN/DGkRsF21iwxXyGrHB7f3CB20+nOzKDK8kQIYlLdWRYlKR,9.09275656729144,26.911937842384678,13.422827253898038
115800,5KapxhMTJ0S+URdaKN/DGkRsF21iwxXyGrHB7f3CB20+nOzKDK8kQIYlLdWRYlKR,9.501664596819689,15.196113022768124,11.75185944953746
116100,5KapxhMTJ0S+URdaKN/DGkRsF21iwxXyGrHB7f3CB20+nOzKDK8kQIYlLdWRYlKR,9.842976908665404,13.656569382168138,11.32425785958526
116400,5KapxhMTJ0S+URdaKN/DGkRsF21iwxXyGrHB7f3CB20+nOzKDK8kQIYlLdWRYlKR,10.142660459013744,23.076751730249853,13.738172552190866
116700,5KapxhMTJ0S+URdaKN/DGkRsF21iwxXyGrHB7f3CB20+nOzKDK8kQIYlLdWRYlKR,10.928469564212111,15.943535242777612,12.92880092807168
117000,5KapxhMTJ0S+URdaKN/DGkRsF21iwxXyGrHB7f3CB20+nOzKDK8kQIYlLdWRYlKR,9.85903661344548,16.844405505903058,11.841837790804426
117300,5KapxhMTJ0S+URdaKN/DGkRsF21iwxXyGrHB7f3CB20+nOzKDK8kQIYlLdWRYlKR,9.498720069047437,30.12212343834464,13.487561894526072
117600,5KapxhMTJ0S+URdaKN/DGkRsF21iwxXyGrHB7f3CB20+nOzKDK8kQIYlLdWRYlKR,10.77122619897173,15.20330409145803,12.398697942266503
117900,5KapxhMTJ0S+URdaKN/DGkRsF21iwxXyGrHB7f3CB20+nOzKDK8kQIYlLdWRYlKR,9.912899776409713,15.366124391751022,12.295273215364904
118200,5KapxhMTJ0S+URdaKN/DGkRsF21iwxXyGrHB7f3CB20+nOzKDK8kQIYlLdWRYlKR,10.329447434996002,20.804725771830444,13.831228075183695
118500,5KapxhMTJ0S+URdaKN/DGkRsF21iwxXyGrHB7f3CB20+nOzKDK8kQIYlLdWRYlKR,11.1650580534109,15.527282198989006,12.808283954291175
118800,5KapxhMTJ0S+URdaKN/DGkRsF21iwxXyGrHB7f3CB20+nOzKDK8kQIYlLdWRYlKR,9.845766005882243,17.16255896472041,12.300026442311417
119100,5KapxhMTJ0S+URdaKN/DGkRsF21iwxXyGrHB7f3CB20+nOzKDK8kQIYlLdWRYlKR,10.243561753341789,27.93869147167156,14.285594367932708
119400,5KapxhMTJ0S+URdaKN/DGkRsF21iwxXyGrHB7f3CB20+nOzKDK8kQIYlLdWRYlKR,10.373661836504793,14.94727575565168,12.274034515125614
119700,5KapxhMTJ0S+URdaKN/DGkRsF21iwxXyGrHB7f3CB20+nOzKDK8kQIYlLdWRYlKR,9.614429012901496,13.949360935654846,11.638296476599162
120000,5KapxhMTJ0S+URdaKN/DGkRsF21iwxXyGrHB7f3CB20+nOzKDK8kQIYlLdWRYlKR,9.35856018264896,20.55744423282544,12.86250261541972
120300,5KapxhMTJ0S+URdaKN/DGkRsF21iwxXyGrHB7f3CB20+nOzKDK8kQIYlLdWRYlKR,10.244236193122132,15.398489995059627,12.51488809227522
120600,5KapxhMTJ0S+URdaKN/DGkRsF21iwxXyGrHB7f3CB20+nOzKDK8kQIYlLdWRYlKR,10.632740422751334,16.815335956480357,12.567560031075034
120900,5KapxhMTJ0S+URdaKN/DGkRsF21iwxXyGrHB7f3CB20+nOzKDK8kQIYlLdWRYlKR,10.459316486864177,26.31382293316009,14.154996916969278
121200,5KapxhMTJ0S+URdaKN/DGkRsF21iwxXyGrHB7f3CB20+nOzKDK8kQIYlLdWRYlKR,10.617199815802632,15.223339889004746,12.860509377913443
121500,5KapxhMTJ0S+URdaKN/DGkRsF21iwxXyGrHB7f3CB20+nOzKDK8kQIYlLdWRYlKR,12.463177218620553,16.21670018428898,13.894815543253122
121800,5KapxhMTJ0S+URdaKN/DGkRsF21iwxXyGrHB7f3CB20+nOzKDK8kQIYlLdWRYlKR,9.952712164079609,21.810769766535984,14.410529650476608
122100,5KapxhMTJ0S+URdaKN/DGkRsF21iwxXyGrHB7f3CB20+nOzKDK8kQIYlLdWRYlKR,10.681249694677875,16.0908810968122,12.46714338091282
122400,5KapxhMTJ0S+URdaKN/DGkRsF21iwxXyGrHB7f3CB20+nOzKDK8kQIYlLdWRYlKR,10.59828416986402,16.615516791268636,13.240587861266128
122700,5KapxhMTJ0S+URdaKN/DGkRsF21iwxXyGrHB7f3CB20+nOzKDK8kQIYlLdWRYlKR,9.95666844944446,26.151116787467046,14.247468312467127
123000,5KapxhMTJ0S+URdaKN/DGkRsF21iwxXyGrHB7f3CB20+nOzKDK8kQIYlLdWRYlKR,11.472185379822417,15.614633891239505,12.993927224220252
123300,5KapxhMTJ0S+URdaKN/DGkRsF21iwxXyGrHB7f3CB20+nOzKDK8kQIYlLdWRYlKR,11.551751672157724,15.888200991558584,13.316535839459926
123600,5KapxhMTJ0S+URdaKN/DGkRsF21iwxXyGrHB7f3CB20+nOzKDK8kQIYlLdWRYlKR,11.064888155881553,22.000691994817736,14.720589032312272
123900,5KapxhMTJ0S+URdaKN/DGkRsF21iwxXyGrHB7f3CB20+nOzKDK8kQIYlLdWRYlKR,12.039642952282316,16.86596503288817,14.161422930685458
124200,5KapxhMTJ0S+URdaKN/DGkRsF21iwxXyGrHB7f3CB20+nOzKDK8kQIYlLdWRYlKR,12.375521905610604,16.648755589557933,13.721045992367376
124500,5KapxhMTJ0S+URdaKN/DGkRsF21iwxXyGrHB7f3CB20+nOzKDK8kQIYlLdWRYlKR,11.96927250327514,29.41395315707136,15.841627705286736
124800,5KapxhMTJ0S+URdaKN/DGkRsF21iwxXyGrHB7f3CB20+nOzKDK8kQIYlLdWRYlKR,11.092003846143808,16.44440139176443,13.635418344521996
125100,5KapxhMTJ0S+URdaKN/DGkRsF21iwxXyGrHB7f3CB20+nOzKDK8kQIYlLdWRYlKR,12.14714530876208,16.210891216373152,13.941149009215078
125400,5KapxhMTJ0S+URdaKN/DGkRsF21iwxXyGrHB7f3CB20+nOzKDK8kQIYlLdWRYlKR,11.329203935469415,23.0561152485398,15.710099250707264
125700,5KapxhMTJ0S+URdaKN/DGkRsF21iwxXyGrHB7f3CB20+nOzKDK8kQIYlLdWRYlKR,11.843253751197992,15.133591579423811,13.521671351005551
126000,5KapxhMTJ0S+URdaKN/DGkRsF21iwxXyGrHB7f3CB20+nOzKDK8kQIYlLdWRYlKR,12.091088563678271,15.902785351494469,13.424870070766042
126300,5KapxhMTJ0S+URdaKN/DGkRsF21iwxXyGrHB7f3CB20+nOzKDK8kQIYlLdWRYlKR,12.659772673324746,27.66633711468271,16.023281751742253
126600,5KapxhMTJ0S+URdaKN/DGkRsF21iwxXyGrHB7f3CB20+nOzKDK8kQIYlLdWRYlKR,11.24048967043379,16.55728892132656,13.158112170557414
126900,5KapxhMTJ0S+URdaKN/DGkRsF21iwxXyGrHB7f3CB20+nOzKDK8kQIYlLdWRYlKR,10.981390255655974,15.9849332903865,13.363828371055058
127200,5KapxhMTJ0S+URdaKN/DGkRsF21iwxXyGrHB7f3CB20+nOzKDK8kQIYlLdWRYlKR,11.766224156994838,23.51366901617319,16.26518521756164
127500,5KapxhMTJ0S+URdaKN/DGkRsF21iwxXyGrHB7f3CB20+nOzKDK8kQIYlLdWRYlKR,11.287775584128244,17.081176828400338,14.0778016505591
127800,5KapxhMTJ0S+URdaKN/DGkRsF21iwxXyGrHB7f3CB20+nOzKDK8kQIYlLdWRYlKR,11.514890227410776,16.197341802808438,13.361096995907545
128100,5KapxhMTJ0S+URdaKN/DGkRsF21iwxXyGrHB7f3CB20+nOzKDK8kQIYlLdWRYlKR,11.900190970009035,29.054570212698096,15.595752251230682
128400,5KapxhMTJ0S+URdaKN/DGkRsF21iwxXyGrHB7f3CB20+nOzKDK8kQIYlLdWRYlKR,11.73211334596316,17.864319112178624,14.030534540220136
128700,5KapxhMTJ0S+URdaKN/DGkRsF21iwxXyGrHB7f3CB20+nOzKDK8kQIYlLdWRYlKR,10.009753429204382,16.270306018180726,13.391281141125578
129000,5KapxhMTJ0S+URdaKN/DGkRsF21iwxXyGrHB7f3CB20+nOzKDK8kQIYlLdWRYlKR,11.867436591281292,22.97122809168127,15.951157915388448
129300,5KapxhMTJ0S+URdaKN/DGkRsF21iwxXyGrHB7f3CB20+nOzKDK8kQIYlLdWRYlKR,12.67319739963988,18.466974036255493,14.860181646173164
129600,5KapxhMTJ0S+URdaKN/DGkRsF21iwxXyGrHB7f3CB20+nOzKDK8kQIYlLdWRYlKR,11.595661462159864,25.267683667590077,14.70406019623232
129900,5KapxhMTJ0S+URdaKN/DGkRsF21iwxXyGrHB7f3CB20+nOzKDK8kQIYlLdWRYlKR,12.597686752006329,27.852043138690547,16.709807717993115
130200,5KapxhMTJ0S+URdaKN/DGkRsF21iwxXyGrHB7f3CB20+nOzKDK8kQIYlLdWRYlKR,13.791521726016512,18.080722494390333,15.632301071450026
130500,5KapxhMTJ0S+URdaKN/DGkRsF21iwxXyGrHB7f3CB20+nOzKDK8kQIYlLdWRYlKR,13.032883816970967,16.82619301509375,14.472227139698356
130800,5KapxhMTJ0S+URdaKN/DGkRsF21iwxXyGrHB7f3CB20+nOzKDK8kQIYlLdWRYlKR,12.02273716116904,24.13227716625497,15.981634669329676
131100,5KapxhMTJ0S+URdaKN/DGkRsF21iwxXyGrHB7f3CB20+nOzKDK8kQIYlLdWRYlKR,13.63683287842875,19.309095104022475,16.115329390421806
131400,5KapxhMTJ0S+URdaKN/DGkRsF21iwxXyGrHB7f3CB20+nOzKDK8kQIYlLdWRYlKR,13.237532825456414,18.96811959604493,14.735262577367632
131700,5KapxhMTJ0S+URdaKN/DGkRsF21iwxXyGrHB7f3CB20+nOzKDK8kQIYlLdWRYlKR,12.52593629660517,27.741742691727257,16.291243580269157
132000,5KapxhMTJ0S+URdaKN/DGkRsF21iwxXyGrHB7f3CB20+nOzKDK8kQIYlLdWRYlKR,12.624643168815837,18.680423938635087,14.820176658040577
132300,5KapxhMTJ0S+URdaKN/DGkRsF21iwxXyGrHB7f3CB20+nOzKDK8kQIYlLdWRYlKR,12.628982468972078,18.027089222814528,14.523590438514702
132600,5KapxhMTJ0S+URdaKN/DGkRsF21iwxXyGrHB7f3CB20+nOzKDK8kQIYlLdWRYlKR,11.991201543536585,26.81683262071591,16.388687694095356
132900,5KapxhMTJ0S+URdaKN/DGkRsF21iwxXyGrHB7f3CB20+nOzKDK8kQIYlLdWRYlKR,13.088396166918375,17.48515441207461,14.88951051902704
133200,5KapxhMTJ0S+URdaKN/DGkRsF21iwxXyGrHB7f3CB20+nOzKDK8kQIYlLdWRYlKR,11.464277949878394,17.85599145293772,13.758826816937331
133500,5KapxhMTJ0S+URdaKN/DGkRsF21iwxXyGrHB7f3CB20+nOzKDK8kQIYlLdWRYlKR,11.878509949025013,28.641865774898815,15.492760127132394
133800,5KapxhMTJ0S+URdaKN/DGkRsF21iwxXyGrHB7f3CB20+nOzKDK8kQIYlLdWRYlKR,12.011749151671753,17.928624192028934,14.222435829829744
134100,5KapxhMTJ0S+URdaKN/DGkRsF21iwxXyGrHB7f3CB20+nOzKDK8kQIYlLdWRYlKR,12.17809967047246,16.953789053454194,13.96751640566404
134400,5KapxhMTJ0S+URdaKN/DGkRsF21iwxXyGrHB7f3CB20+nOzKDK8kQIYlLdWRYlKR,12.623950953193049,22.859792982488656,16.058038104399603
134700,5KapxhMTJ0S+URdaKN/DGkRsF21iwxXyGrHB7f3CB20+nOzKDK8kQIYlLdWRYlKR,13.052122723792593,17.467800794566195,14.7537642423548
135000,5KapxhMTJ0S+URdaKN/DGkRsF21iwxXyGrHB7f3CB20+nOzKDK8kQIYlLdWRYlKR,12.006215026915411,18.038605853407265,14.848351596265465
135300,5KapxhMTJ0S+URdaKN/DGkRsF21iwxXyGrHB7f3CB20+nOzKDK8kQIYlLdWRYlKR,11.24490880461418,30.55631554721203,16.28297276100487
135600,5KapxhMTJ0S+URdaKN/DGkRsF21iwxXyGrHB7f3CB20+nOzKDK8kQIYlLdWRYlKR,12.224428080241928,16.51378569355601,14.048806863461678
135900,5KapxhMTJ0S+URdaKN/DGkRsF21iwxXyGrHB7f3CB20+nOzKDK8kQIYlLdWRYlKR,12.972630196522092,17.504279502377067,14.71464859286192
136200,5KapxhMTJ0S+URdaKN/DGkRsF21iwxXyGrHB7f3CB20+nOzKDK8kQIYlLdWRYlKR,11.710718356596892,24.48886922720176,15.45845213393344
136500,5KapxhMTJ0S+URdaKN/DGkRsF21iwxXyGrHB7f3CB20+nOzKDK8kQIYlLdWRYlKR,12.82362959898482,20.777383087711065,15.201328526438322
136800,5KapxhMTJ0S+URdaKN/DGkRsF21iwxXyGrHB7f3CB20+nOzKDK8kQIYlLdWRYlKR,12.589630440019594,20.071289681017632,14.7842569420666
137100,5KapxhMTJ0S+URdaKN/DGkRsF21iwxXyGrHB7f3CB20+nOzKDK8kQIYlLdWRYlKR,12.390559104619127,37.559619981572204,18.3103696507604
137400,5KapxhMTJ0S+URdaKN/DGkRsF21iwxXyGrHB7f3CB20+nOzKDK8kQIYlLdWRYlKR,11.64203904297936,17.681425095309418,14.144559606320888
137700,5KapxhMTJ0S+URdaKN/DGkRsF21iwxXyGrHB7f3CB20+nOzKDK8kQIYlLdWRYlKR,13.512576825249193,18.746909990905657,15.204738641296853
138000,5KapxhMTJ0S+URdaKN/DGkRsF21iwxXyGrHB7f3CB20+nOzKDK8kQIYlLdWRYlKR,12.645338776548034,28.725607410174163,16.856925041161173
138300,5KapxhMTJ0S+URdaKN/DGkRsF21iwxXyGrHB7f3CB20+nOzKDK8kQIYlLdWRYlKR,13.562860844886083,20.303676896892107,15.3654825888074
138600,5KapxhMTJ0S+URdaKN/DGkRsF21iwxXyGrHB7f3CB20+nOzKDK8kQIYlLdWRYlKR,13.188793223729055,20.47016578818442,15.217628733592324
138900,5KapxhMTJ0S+URdaKN/DGkRsF21iwxXyGrHB7f3CB20+nOzKDK8kQIYlLdWRYlKR,12.505377113547487,26.10104465933968,16.21340346872399
139200,5KapxhMTJ0S+URdaKN/DGkRsF21iwxXyGrHB7f3CB20+nOzKDK8kQIYlLdWRYlKR,11.4777115415593,18.024828011349147,13.854826091962387
139500,5KapxhMTJ0S+URdaKN/DGkRsF21iwxXyGrHB7f3CB20+nOzKDK8kQIYlLdWRYlKR,12.28358934836891,18.079230278969128,14.12611391170206
139800,5KapxhMTJ0S+URdaKN/DGkRsF21iwxXyGrHB7f3CB20+nOzKDK8kQIYlLdWRYlKR,13.031109998015966,27.02126372448907,17.06235144293597
140100,5KapxhMTJ0S+URdaKN/DGkRsF21iwxXyGrHB7f3CB20+nOzKDK8kQIYlLdWRYlKR,13.477316064956044,17.5682019423051,14.937421097474626
140400,5KapxhMTJ0S+URdaKN/DGkRsF21iwxXyGrHB7f3CB20+nOzKDK8kQIYlLdWRYlKR,12.825512189410809,18.06199456339992,14.582796139703678
140700,5KapxhMTJ0S+URdaKN/DGkRsF21iwxXyGrHB7f3CB20+nOzKDK8kQIYlLdWRYlKR,13.1342966475428,28.72935474857204,17.167319120629426
141000,5KapxhMTJ0S+URdaKN/DGkRsF21iwxXyGrHB7f3CB20+nOzKDK8kQIYlLdWRYlKR,12.369945194599564,18.32100984098424,14.41385948569934
141300,5KapxhMTJ0S+URdaKN/DGkRsF21iwxXyGrHB7f3CB20+nOzKDK8kQIYlLdWRYlKR,11.908291721999383,19.071933823186317,14.346349812764611
141600,5KapxhMTJ0S+URdaKN/DGkRsF21iwxXyGrHB7f3CB20+nOzKDK8kQIYlLdWRYlKR,11.476617780708676,24.608137444348053,16.358108229614917
141900,5KapxhMTJ0S+URdaKN/DGkRsF21iwxXyGrHB7f3CB20+nOzKDK8kQIYlLdWRYlKR,12.130159096958288,16.88469465211701,14.390364693960215
142200,5KapxhMTJ0S+URdaKN/DGkRsF21iwxXyGrHB7f3CB20+nOzKDK8kQIYlLdWRYlKR,12.439010306344205,16.515027659939545,14.101354067082465
142500,5KapxhMTJ0S+URdaKN/DGkRsF21iwxXyGrHB7f3CB20+nOzKDK8kQIYlLdWRYlKR,13.42152882124919,27.20714990061805,16.729809567776375
142800,5KapxhMTJ0S+URdaKN/DGkRsF21iwxXyGrHB7f3CB20+nOzKDK8kQIYlLdWRYlKR,12.555612725174791,18.54264816013515,14.818980866224615
143100,5KapxhMTJ0S+URdaKN/DGkRsF21iwxXyGrHB7f3CB20+nOzKDK8kQIYlLdWRYlKR,12.102342550642213,16.471868099230672,14.494823702226476
143400,5KapxhMTJ0S+URdaKN/DGkRsF21iwxXyGrHB7f3CB20+nOzKDK8kQIYlLdWRYlKR,13.569381357096114,24.68232971626221,17.09864087476908
143700,5KapxhMTJ0S+URdaKN/DGkRsF21iwxXyGrHB7f3CB20+nOzKDK8kQIYlLdWRYlKR,12.40044078550272,18.284655488794588,15.060961990162587
144000,5KapxhMTJ0S+URdaKN/DGkRsF21iwxXyGrHB7f3CB20+nOzKDK8kQIYlLdWRYlKR,11.806522900283484,17.63156595434768,14.023810826292252
144300,5KapxhMTJ0S+URdaKN/DGkRsF21iwxXyGrHB7f3CB20+nOzKDK8kQIYlLdWRYlKR,11.683705490308014,26.756934865416607,15.552293875767331
144600,5KapxhMTJ0S+URdaKN/DGkRsF21iwxXyGrHB7f3CB20+nOzKDK8kQIYlLdWRYlKR,11.854622021620658,16.3445648355971,13.80381493604385
144900,5KapxhMTJ0S+URdaKN/DGkRsF21iwxXyGrHB7f3CB20+nOzKDK8kQIYlLdWRYlKR,11.337277084828042,16.72202147587792,13.330684346703858
145200,5KapxhMTJ0S+URdaKN/DGkRsF21iwxXyGrHB7f3CB20+nOzKDK8kQIYlLdWRYlKR,11.755720958991162,27.24663208803867,16.058821038485327
145500,5KapxhMTJ0S+URdaKN/DGkRsF21iwxXyGrHB7f3CB20+nOzKDK8kQIYlLdWRYlKR,12.98568102044206,18.744219605452976,15.594002868456707
145800,5KapxhMTJ0S+URdaKN/DGkRsF21iwxXyGrHB7f3CB20+nOzKDK8kQIYlLdWRYlKR,12.674543038743131,18.129486425899703,15.23445643826308
146100,5KapxhMTJ0S+URdaKN/DGkRsF21iwxXyGrHB7f3CB20+nOzKDK8kQIYlLdWRYlKR,13.636620332921344,27.352177027539245,17.13281529236141
146400,5KapxhMTJ0S+URdaKN/DGkRsF21iwxXyGrHB7f3CB20+nOzKDK8kQIYlLdWRYlKR,13.630856681974276,17.989452498916087,15.53193027755574
146700,5KapxhMTJ0S+URdaKN/DGkRsF21iwxXyGrHB7f3CB20+nOzKDK8kQIYlLdWRYlKR,11.269845476662663,16.659059790050204,13.963635164454166
147000,5KapxhMTJ0S+URdaKN/DGkRsF21iwxXyGrHB7f3CB20+nOzKDK8kQIYlLdWRYlKR,12.138257799602252,25.875439865983367,16.24655807293304
147300,5KapxhMTJ0S+URdaKN/DGkRsF21iwxXyGrHB7f3CB20+nOzKDK8kQIYlLdWRYlKR,12.895104600802592,16.834194342187665,14.87785606941264
147600,5KapxhMTJ0S+URdaKN/DGkRsF21iwxXyGrHB7f3CB20+nOzKDK8kQIYlLdWRYlKR,12.811896532597796,17.396174450993534,14.592906809250854
147900,5KapxhMTJ0S+URdaKN/DGkRsF21iwxXyGrHB7f3CB20+nOzKDK8kQIYlLdWRYlKR,13.495270366412978,25.193999864800563,16.77914077221852
148200,5KapxhMTJ0S+URdaKN/DGkRsF21iwxXyGrHB7f3CB20+nOzKDK8kQIYlLdWRYlKR,12.350053912133207,17.5624819975179,14.973060146891504
148500,5KapxhMTJ0S+URdaKN/DGkRsF21iwxXyGrHB7f3CB20+nOzKDK8kQIYlLdWRYlKR,11.134783006113318,17.39796235097141,14.575850717590342
148800,5KapxhMTJ0S+URdaKN/DGkRsF21iwxXyGrHB7f3CB20+nOzKDK8kQIYlLdWRYlKR,12.046773110012712,29.90203923184167,15.985985329004894
149100,5KapxhMTJ0S+URdaKN/DGkRsF21iwxXyGrHB7f3CB20+nOzKDK8kQIYlLdWRYlKR,12.989511194906877,19.44612010655331,15.4454362556932
149400,5KapxhMTJ0S+URdaKN/DGkRsF21iwxXyGrHB7f3CB20+nOzKDK8kQIYlLdWRYlKR,12.862750210336548,17.539770736446197,14.864862641684851
149700,5KapxhMTJ0S+URdaKN/DGkRsF21iwxXyGrHB7f3CB20+nOzKDK8kQIYlLdWRYlKR,12.754036208586855,26.477509114995414,16.710407415062267
150000,5KapxhMTJ0S+URdaKN/DGkRsF21iwxXyGrHB7f3CB20+nOzKDK8kQIYlLdWRYlKR,12.64990312683856,17.522704648553745,14.396586389058882
150300,5KapxhMTJ0S+URdaKN/DGkRsF21iwxXyGrHB7f3CB20+nOzKDK8kQIYlLdWRYlKR,12.663666868196858,17.620761658851116,14.359640599544594
150600,5KapxhMTJ0S+URdaKN/DGkRsF21iwxXyGrHB7f3CB20+nOzKDK8kQIYlLdWRYlKR,11.972166237991408,24.76056855597856,15.290068663393344
150900,5KapxhMTJ0S+URdaKN/DGkRsF21iwxXyGrHB7f3CB20+nOzKDK8kQIYlLdWRYlKR,12.18496424807938,16.53643065267468,14.103259897392928
151200,5KapxhMTJ0S+URdaKN/DGkRsF21iwxXyGrHB7f3CB20+nOzKDK8kQIYlLdWRYlKR,12.984802827985217,18.369560873210272,14.7141508313079
151500,5KapxhMTJ0S+URdaKN/DGkRsF21iwxXyGrHB7f3CB20+nOzKDK8kQIYlLdWRYlKR,12.80055169056363,23.435617577172412,16.011746039542963
151800,5KapxhMTJ0S+URdaKN/DGkRsF21iwxXyGrHB7f3CB20+nOzKDK8kQIYlLdWRYlKR,11.499088228516738,17.793157388990146,13.302035407418566
152100,5KapxhMTJ0S+URdaKN/DGkRsF21iwxXyGrHB7f3CB20+nOzKDK8kQIYlLdWRYlKR,10.697791915540355,17.70360795852466,14.188102005251103
152400,5KapxhMTJ0S+URdaKN/DGkRsF21iwxXyGrHB7f3CB20+nOzKDK8kQIYlLdWRYlKR,12.257514407304107,28.910899076386567,16.067336975495486
152700,5KapxhMTJ0S+URdaKN/DGkRsF21iwxXyGrHB7f3CB20+nOzKDK8kQIYlLdWRYlKR,12.252902428512655,18.065609037943677,14.377572855246544
153000,5KapxhMTJ0S+URdaKN/DGkRsF21iwxXyGrHB7f3CB20+nOzKDK8kQIYlLdWRYlKR,12.064223970572664,17.616296502870448,14.479932165058337
153300,5KapxhMTJ0S+URdaKN/DGkRsF21iwxXyGrHB7f3CB20+nOzKDK8kQIYlLdWRYlKR,13.054540775312596,24.958418017526316,16.833719367720548
153600,5KapxhMTJ0S+URdaKN/DGkRsF21iwxXyGrHB7f3CB20+nOzKDK8kQIYlLdWRYlKR,12.328902619718354,16.99464544368645,14.0404246640655
153900,5KapxhMTJ0S+URdaKN/DGkRsF21iwxXyGrHB7f3CB20+nOzKDK8kQIYlLdWRYlKR,10.626828792905908,17.023545881090293,13.334507802197118
154200,5KapxhMTJ0S+URdaKN/DGkRsF21iwxXyGrHB7f3CB20+nOzKDK8kQIYlLdWRYlKR,11.924197261363716,27.90395640420881,15.777727975776193
154500,5KapxhMTJ0S+URdaKN/DGkRsF21iwxXyGrHB7f3CB20+nOzKDK8kQIYlLdWRYlKR,10.930080762360888,16.4951615454427,13.220166997970969
154800,5KapxhMTJ0S+URdaKN/DGkRsF21iwxXyGrHB7f3CB20+nOzKDK8kQIYlLdWRYlKR,10.213223379979365,15.592420016861247,12.843538722831363
155100,5KapxhMTJ0S+URdaKN/DGkRsF21iwxXyGrHB7f3CB20+nOzKDK8kQIYlLdWRYlKR,11.740177252954004,24.407463767028236,15.593942678955877
155400,5KapxhMTJ0S+URdaKN/DGkRsF21iwxXyGrHB7f3CB20+nOzKDK8kQIYlLdWRYlKR,11.17539309108738,18.63456565481889,13.106312403166282
155700,5KapxhMTJ0S+URdaKN/DGkRsF21iwxXyGrHB7f3CB20+nOzKDK8kQIYlLdWRYlKR,11.490304509145728,16.954833653674957,13.255980687783111
156000,5KapxhMTJ0S+URdaKN/DGkRsF21iwxXyGrHB7f3CB20+nOzKDK8kQIYlLdWRYlKR,12.313016082013606,26.80179494875816,16.064319924753367
156300,5KapxhMTJ0S+URdaKN/DGkRsF21iwxXyGrHB7f3CB20+nOzKDK8kQIYlLdWRYlKR,12.205416056904324,18.54997963288717,14.438432285394512
156600,5KapxhMTJ0S+URdaKN/DGkRsF21iwxXyGrHB7f3CB20+nOzKDK8kQIYlLdWRYlKR,11.502001010674649,17.72730588883671,14.007573133373231
156900,5KapxhMTJ0S+URdaKN/DGkRsF21iwxXyGrHB7f3CB20+nOzKDK8kQIYlLdWRYlKR,11.847068006788897,23.392597634020994,15.819204849051662
157200,5KapxhMTJ0S+URdaKN/DGkRsF21iwxXyGrHB7f3CB20+nOzKDK8kQIYlLdWRYlKR,11.139498914691853,17.77315137725846,13.187961937539155
157500,5KapxhMTJ0S+URdaKN/DGkRsF21iwxXyGrHB7f3CB20+nOzKDK8kQIYlLdWRYlKR,10.822595250748758,16.018632217137476,13.031463012598186
157800,5KapxhMTJ0S+URdaKN/DGkRsF21iwxXyGrHB7f3CB20+nOzKDK8kQIYlLdWRYlKR,10.713518294146732,26.648785407495343,14.94428181772944
158100,5KapxhMTJ0S+URdaKN/DGkRsF21iwxXyGrHB7f3CB20+nOzKDK8kQIYlLdWRYlKR,11.119129324309457,17.84365015477351,14.12504940993596
158400,5KapxhMTJ0S+URdaKN/DGkRsF21iwxXyGrHB7f3CB20+nOzKDK8kQIYlLdWRYlKR,11.977502379420695,19.12523103989319,13.70890948138132
158700,5KapxhMTJ0S+URdaKN/DGkRsF21iwxXyGrHB7f3CB20+nOzKDK8kQIYlLdWRYlKR,10.897356318852808,23.588785559707237,15.17323565679844
159000,5KapxhMTJ0S+URdaKN/DGkRsF21iwxXyGrHB7f3CB20+nOzKDK8kQIYlLdWRYlKR,11.46558021692235,16.820226042283572,13.647549287183924
159300,5KapxhMTJ0S+URdaKN/DGkRsF21iwxXyGrHB7f3CB20+nOzKDK8kQIYlLdWRYlKR,11.661661024748216,18.038298861818657,13.876051421112129
159600,5KapxhMTJ0S+URdaKN/DGkRsF21iwxXyGrHB7f3CB20+nOzKDK8kQIYlLdWRYlKR,11.736384880604152,28.716975023783643,14.895456233466389
159900,5KapxhMTJ0S+URdaKN/DGkRsF21iwxXyGrHB7f3CB20+nOzKDK8kQIYlLdWRYlKR,11.604432769273393,16.92956718389151,14.008522650071187
160200,5KapxhMTJ0S+URdaKN/DGkRsF21iwxXyGrHB7f3CB20+nOzKDK8kQIYlLdWRYlKR,11.783259303903856,18.406306485987855,14.091175444388412
160500,iZevtgAl0HI5hdm+uou75zIFDsD0BNXeEL68S8a0CaQA+yX4QMkd3LHvh185V5hs,4.960320244998953,12.15635853998016,7.116017168020943
160800,iZevtgAl0HI5hdm+uou75zIFDsD0BNXeEL68S8a0CaQA+yX4QMkd3LHvh185V5hs,5.145568965033414,12.46156736539581,7.31278523984393
161100,iZevtgAl0HI5hdm+uou75zIFDsD0BNXeEL68S8a0CaQA+yX4QMkd3LHvh185V5hs,5.228902149347716,13.122781222604743,7.531903316776755
161400,iZevtgAl0HI5hdm+uou75zIFDsD0BNXeEL68S8a0CaQA+yX4QMkd3LHvh185V5hs,5.386188269024888,10.532391793611222,7.101078083407912
161700,iZevtgAl0HI5hdm+uou75zIFDsD0BNXeEL68S8a0CaQA+yX4QMkd3LHvh185V5hs,5.106586178173412,12.021609038484232,7.536333962720168
162000,iZevtgAl0HI5hdm+uou75zIFDsD0BNXeEL68S8a0CaQA+yX4QMkd3LHvh185V5hs,5.468814727174072,11.973570196500994,7.474502824918595
162300,iZevtgAl0HI5hdm+uou75zIFDsD0BNXeEL68S8a0CaQA+yX4QMkd3LHvh185V5hs,6.259086298848019,15.445005074123149,8.242559240814373
162600,iZevtgAl0HI5hdm+uou75zIFDsD0BNXeEL68S8a0CaQA+yX4QMkd3LHvh185V5hs,4.577417584853779,13.379835189253624,7.187933286291324
162900,iZevtgAl0HI5hdm+uou75zIFDsD0BNXeEL68S8a0CaQA+yX4QMkd3LHvh185V5hs,4.803715241524063,12.534708746357165,7.344783943668316
163200,iZevtgAl0HI5hdm+uou75zIFDsD0BNXeEL68S8a0CaQA+yX4QMkd3LHvh185V5hs,6.174844168903774,12.030872815013725,7.916354560369461
163500,iZevtgAl0HI5hdm+uou75zIFDsD0BNXeEL68S8a0CaQA+yX4QMkd3LHvh185V5hs,5.143507900265661,12.263333397757217,7.582098324561558
163800,iZevtgAl0HI5hdm+uou75zIFDsD0BNXeEL68S8a0CaQA+yX4QMkd3LHvh185V5hs,4.896101384718064,12.900577760757423,7.920507208911555
164100,iZevtgAl0HI5hdm+uou75zIFDsD0BNXeEL68S8a0CaQA+yX4QMkd3LHvh185V5hs,5.11617176448728,10.725375893488668,7.4974334852392275
164400,iZevtgAl0HI5hdm+uou75zIFDsD0BNXeEL68S8a0CaQA+yX4QMkd3LHvh185V5hs,5.08238320339148,14.456460085740934,7.7616772794920035
164700,iZevtgAl0HI5hdm+uou75zIFDsD0BNXeEL68S8a0CaQA+yX4QMkd3LHvh185V5hs,5.197298794602154,13.565542159084393,7.936180498368626
165000,iZevtgAl0HI5hdm+uou75zIFDsD0BNXeEL68S8a0CaQA+yX4QMkd3LHvh185V5hs,4.589197655483034,11.679813202448944,7.256559501906193
165300,iZevtgAl0HI5hdm+uou75zIFDsD0BNXeEL68S8a0CaQA+yX4QMkd3LHvh185V5hs,5.318053465395582,10.819068282674008,7.925390806710841
165600,iZevtgAl0HI5hdm+uou75zIFDsD0BNXeEL68S8a0CaQA+yX4QMkd3LHvh185V5hs,6.126238660843602,15.14840975567376,8.231244192277488
165900,iZevtgAl0HI5hdm+uou75zIFDsD0BNXeEL68S8a0CaQA+yX4QMkd3LHvh185V5hs,5.89657724183378,18.15001487403613,10.893263466065347
166200,iZevtgAl0HI5hdm+uou75zIFDsD0BNXeEL68S8a0CaQA+yX4QMkd3LHvh185V5hs,6.970254231075025,22.93779353657692,10.40926813717802
166500,iZevtgAl0HI5hdm+uou75zIFDsD0BNXeEL68S8a0CaQA+yX4QMkd3LHvh185V5hs,6.52487391642677,14.010367059347267,8.598718054604129
166800,iZevtgAl0HI5hdm+uou75zIFDsD0BNXeEL68S8a0CaQA+yX4QMkd3LHvh185V5hs,5.9013257333284095,13.400884292700123,9.363205336916808
167100,iZevtgAl0HI5hdm+uou75zIFDsD0BNXeEL68S8a0CaQA+yX4QMkd3LHvh185V5hs,7.152562223844638,19.516832749105973,10.00619425163819
167400,iZevtgAl0HI5hdm+uou75zIFDsD0BNXeEL68S8a0CaQA+yX4QMkd3LHvh185V5hs,6.799055136366956,13.068766883435265,9.273032446637057
167700,iZevtgAl0HI5hdm+uou75zIFDsD0BNXeEL68S8a0CaQA+yX4QMkd3LHvh185V5hs,7.2787170626905935,12.957757583646616,9.6245097919182
168000,iZevtgAl0HI5hdm+uou75zIFDsD0BNXeEL68S8a0CaQA+yX4QMkd3LHvh185V5hs,6.945797954957782,12.839613684101945,8.928372609894204
168300,iZevtgAl0HI5hdm+uou75zIFDsD0BNXeEL68S8a0CaQA+yX4QMkd3LHvh185V5hs,7.075882414330939,16.946109778638675,9.854266755844268
168600,iZevtgAl0HI5hdm+uou75zIFDsD0BNXeEL68S8a0CaQA+yX4QMkd3LHvh185V5hs,7.324832083063942,13.638129632312056,9.55836945677006
168900,iZevtgAl0HI5hdm+uou75zIFDsD0BNXeEL68S8a0CaQA+yX4QMkd3LHvh185V5hs,6.216252014928608,13.394940307722804,9.115133888880944
169200,iZevtgAl0HI5hdm+uou75zIFDsD0BNXeEL68S8a0CaQA+yX4QMkd3LHvh185V5hs,6.4597127293410415,13.476088060250405,8.743099440380323
169500,iZevtgAl0HI5hdm+uou75zIFDsD0BNXeEL68S8a0CaQA+yX4QMkd3LHvh185V5hs,6.413870759914851,14.51444296053131,9.461462090193155
169800,iZevtgAl0HI5hdm+uou75zIFDsD0BNXeEL68S8a0CaQA+yX4QMkd3LHvh185V5hs,7.003798110111608,17.27115182248286,9.67559905841892
170100,iZevtgAl0HI5hdm+uou75zIFDsD0BNXeEL68S8a0CaQA+yX4QMkd3LHvh185V5hs,7.189991944033837,12.860538309193334,9.444095746347363
170400,iZevtgAl0HI5hdm+uou75zIFDsD0BNXeEL68S8a0CaQA+yX4QMkd3LHvh185V5hs,7.062810768821587,14.181193428725743,8.987629362015928
170700,iZevtgAl0HI5hdm+uou75zIFDsD0BNXeEL68S8a0CaQA+yX4QMkd3LHvh185V5hs,6.492857618939322,14.647230545183154,9.155150746505472
171000,iZevtgAl0HI5hdm+uou75zIFDsD0BNXeEL68S8a0CaQA+yX4QMkd3LHvh185V5hs,8.11821612003819,13.777500527040528,9.616645902408559
171300,iZevtgAl0HI5hdm+uou75zIFDsD0BNXeEL68S8a0CaQA+yX4QMkd3LHvh185V5hs,6.546989338840619,14.275431760841371,9.50912522332026
171600,iZevtgAl0HI5hdm+uou75zIFDsD0BNXeEL68S8a0CaQA+yX4QMkd3LHvh185V5hs,7.77293427812536,15.695224833955912,9.927175739834626
171900,iZevtgAl0HI5hdm+uou75zIFDsD0BNXeEL68S8a0CaQA+yX4QMkd3LHvh185V5hs,6.304294758636912,16.4090706387516,10.065923425721731
172200,iZevtgAl0HI5hdm+uou75zIFDsD0BNXeEL68S8a0CaQA+yX4QMkd3LHvh185V5hs,7.397054696508969,15.83850344294086,9.667319979452975
172500,iZevtgAl0HI5hdm+uou75zIFDsD0BNXeEL68S8a0CaQA+yX4QMkd3LHvh185V5hs,7.086143048185991,13.532066481713288,9.118718285313204
172800,iZevtgAl0HI5hdm+uou75zIFDsD0BNXeEL68S8a0CaQA+yX4QMkd3LHvh185V5hs,7.15597994329668,13.347444591920004,9.688307345404052
173100,iZevtgAl0HI5hdm+uou75zIFDsD0BNXeEL68S8a0CaQA+yX4QMkd3LHvh185V5hs,7.644433116317635,14.661995230463823,10.334964184263145
173400,iZevtgAl0HI5hdm+uou75zIFDsD0BNXeEL68S8a0CaQA+yX4QMkd3LHvh185V5hs,7.468260172948337,18.45544266290484,10.860949173050509
173700,iZevtgAl0HI5hdm+uou75zIFDsD0BNXeEL68S8a0CaQA+yX4QMkd3LHvh185V5hs,7.135323617823546,15.560304982030765,10.485713030508798
174000,iZevtgAl0HI5hdm+uou75zIFDsD0BNXeEL68S8a0CaQA+yX4QMkd3LHvh185V5hs,6.800042259305793,14.547917931151147,10.38188422649826
174300,iZevtgAl0HI5hdm+uou75zIFDsD0BNXeEL68S8a0CaQA+yX4QMkd3LHvh185V5hs,10.04902668869726,19.738359185180364,13.801493435060133
174600,iZevtgAl0HI5hdm+uou75zIFDsD0BNXeEL68S8a0CaQA+yX4QMkd3LHvh185V5hs,8.017317147489305,84.3706077723448,27.847495071392157
174900,iZevtgAl0HI5hdm+uou75zIFDsD0BNXeEL68S8a0CaQA+yX4QMkd3LHvh185V5hs,6.400441017158016,15.743778143030251,9.986529360433634
175200,iZevtgAl0HI5hdm+uou75zIFDsD0BNXeEL68S8a0CaQA+yX4QMkd3LHvh185V5hs,5.457481239534056,15.62185051279814,8.42558044829563
175500,iZevtgAl0HI5hdm+uou75zIFDsD0BNXeEL68S8a0CaQA+yX4QMkd3LHvh185V5hs,5.7629379260960985,13.149582123790774,8.378825423663928
175800,iZevtgAl0HI5hdm+uou75zIFDsD0BNXeEL68S8a0CaQA+yX4QMkd3LHvh185V5hs,6.445748106939313,13.44663883765332,8.76231336728509
176100,iZevtgAl0HI5hdm+uou75zIFDsD0BNXeEL68S8a0CaQA+yX4QMkd3LHvh185V5hs,5.9381367436796815,14.466841258373194,8.81546528847487
176400,iZevtgAl0HI5hdm+uou75zIFDsD0BNXeEL68S8a0CaQA+yX4QMkd3LHvh185V5hs,5.602942607087324,12.931413439604253,8.369064733058153
176700,iZevtgAl0HI5hdm+uou75zIFDsD0BNXeEL68S8a0CaQA+yX4QMkd3LHvh185V5hs,5.526977606813896,13.22084629298144,8.148587330347697
177000,iZevtgAl0HI5hdm+uou75zIFDsD0BNXeEL68S8a0CaQA+yX4QMkd3LHvh185V5hs,6.730936651880723,15.12404139731477,9.581451382718722
177300,iZevtgAl0HI5hdm+uou75zIFDsD0BNXeEL68S8a0CaQA+yX4QMkd3LHvh185V5hs,6.072590728276411,16.184507432395087,9.007243370737935
177600,iZevtgAl0HI5hdm+uou75zIFDsD0BNXeEL68S8a0CaQA+yX4QMkd3LHvh185V5hs,6.208124821843109,12.97548743052729,9.451320005807107
177900,iZevtgAl0HI5hdm+uou75zIFDsD0BNXeEL68S8a0CaQA+yX4QMkd3LHvh185V5hs,6.596696018564992,17.09727698521086,9.352898722070893
178200,iZevtgAl0HI5hdm+uou75zIFDsD0BNXeEL68S8a0CaQA+yX4QMkd3LHvh185V5hs,6.216049264182597,13.492994697581173,8.581538703743043
178500,iZevtgAl0HI5hdm+uou75zIFDsD0BNXeEL68S8a0CaQA+yX4QMkd3LHvh185V5hs,6.13215054884077,12.212641149407538,8.435024903319286
178800,iZevtgAl0HI5hdm+uou75zIFDsD0BNXeEL68S8a0CaQA+yX4QMkd3LHvh185V5hs,6.638617837591816,13.327783435891677,8.493012541392854
179100,iZevtgAl0HI5hdm+uou75zIFDsD0BNXeEL68S8a0CaQA+yX4QMkd3LHvh185V5hs,6.559632909054465,16.02028238006751,8.834691510361113
179400,iZevtgAl0HI5hdm+uou75zIFDsD0BNXeEL68S8a0CaQA+yX4QMkd3LHvh185V5hs,5.083769438788939,12.198072913524642,8.553411603928275
179700,iZevtgAl0HI5hdm+uou75zIFDsD0BNXeEL68S8a0CaQA+yX4QMkd3LHvh185V5hs,5.9978535270733655,11.902237441118558,9.191859753699866
180000,iZevtgAl0HI5hdm+uou75zIFDsD0BNXeEL68S8a0CaQA+yX4QMkd3LHvh185V5hs,6.585699312702765,14.272578589369514,9.37384622694171
180300,iZevtgAl0HI5hdm+uou75zIFDsD0BNXeEL68S8a0CaQA+yX4QMkd3LHvh185V5hs,5.73386646465802,14.653822835401472,8.781439599339347
180600,iZevtgAl0HI5hdm+uou75zIFDsD0BNXeEL68S8a0CaQA+yX4QMkd3LHvh185V5hs,6.325480161136498,15.726845195261058,9.378978728255838
180900,iZevtgAl0HI5hdm+uou75zIFDsD0BNXeEL68S8a0CaQA+yX4QMkd3LHvh185V5hs,6.899222519047512,14.80677592359604,9.42850626981171
181200,iZevtgAl0HI5hdm+uou75zIFDsD0BNXeEL68S8a0CaQA+yX4QMkd3LHvh185V5hs,5.029963818011376,14.323255882204576,9.343897795498256
181500,iZevtgAl0HI5hdm+uou75zIFDsD0BNXeEL68S8a0CaQA+yX4QMkd3LHvh185V5hs,6.147915781573238,16.35647327284752,9.00235592674537
181800,iZevtgAl0HI5hdm+uou75zIFDsD0BNXeEL68S8a0CaQA+yX4QMkd3LHvh185V5hs,6.686830051410774,15.187788511260004,9.34311457486295
182100,iZevtgAl0HI5hdm+uou75zIFDsD0BNXeEL68S8a0CaQA+yX4QMkd3LHvh185V5hs,5.7078576403213335,11.872684475413283,8.828545776917585
182400,iZevtgAl0HI5hdm+uou75zIFDsD0BNXeEL68S8a0CaQA+yX4QMkd3LHvh185V5hs,5.926772661705265,14.553853745553274,9.040895702892952
182700,iZevtgAl0HI5hdm+uou75zIFDsD0BNXeEL68S8a0CaQA+yX4QMkd3LHvh185V5hs,6.084253736676654,14.194613535104772,9.229994658331732
183000,iZevtgAl0HI5hdm+uou75zIFDsD0BNXeEL68S8a0CaQA+yX4QMkd3LHvh185V5hs,6.1383982970917135,13.39617101799456,9.056460199273198
183300,iZevtgAl0HI5hdm+uou75zIFDsD0BNXeEL68S8a0CaQA+yX4QMkd3LHvh185V5hs,6.249746650101401,15.602536849564096,9.568462254198216
183600,iZevtgAl0HI5hdm+uou75zIFDsD0BNXeEL68S8a0CaQA+yX4QMkd3LHvh185V5hs,6.981872367251286,15.923938847753709,9.671849960472723
183900,iZevtgAl0HI5hdm+uou75zIFDsD0BNXeEL68S8a0CaQA+yX4QMkd3LHvh185V5hs,6.813070278184006,14.634520331207636,9.588742771412097
184200,iZevtgAl0HI5hdm+uou75zIFDsD0BNXeEL68S8a0CaQA+yX4QMkd3LHvh185V5hs,6.279892435045137,16.687565251281534,9.974532676392835
184500,iZevtgAl0HI5hdm+uou75zIFDsD0BNXeEL68S8a0CaQA+yX4QMkd3LHvh185V5hs,6.74949611351277,17.696768222095955,9.46874966870454
184800,iZevtgAl0HI5hdm+uou75zIFDsD0BNXeEL68S8a0CaQA+yX4QMkd3LHvh185V5hs,7.166311886465138,13.953489751904009,9.349204157949407
185100,iZevtgAl0HI5hdm+uou75zIFDsD0BNXeEL68S8a0CaQA+yX4QMkd3LHvh185V5hs,6.290915923080074,12.815675550864292,8.941613538635035
185400,iZevtgAl0HI5hdm+uou75zIFDsD0BNXeEL68S8a0CaQA+yX4QMkd3LHvh185V5hs,5.018174704337252,16.480226700539298,8.32971805698642
185700,iZevtgAl0HI5hdm+uou75zIFDsD0BNXeEL68S8a0CaQA+yX4QMkd3LHvh185V5hs,6.053192735239274,14.073779084301062,8.438869260845166
186000,iZevtgAl0HI5hdm+uou75zIFDsD0BNXeEL68S8a0CaQA+yX4QMkd3LHvh185V5hs,6.094840209356744,12.604471665168852,9.050579448823934
186300,iZevtgAl0HI5hdm+uou75zIFDsD0BNXeEL68S8a0CaQA+yX4QMkd3LHvh185V5hs,6.804385142182041,14.767800106850126,9.481640194803433
186600,iZevtgAl0HI5hdm+uou75zIFDsD0BNXeEL68S8a0CaQA+yX4QMkd3LHvh185V5hs,5.341128240252789,14.314914592852242,8.158188458898556
186900,iZevtgAl0HI5hdm+uou75zIFDsD0BNXeEL68S8a0CaQA+yX4QMkd3LHvh185V5hs,5.263098792447586,11.963094519535789,7.677614043970522
187200,iZevtgAl0HI5hdm+uou75zIFDsD0BNXeEL68S8a0CaQA+yX4QMkd3LHvh185V5hs,5.679822087003105,12.118580616177733,8.293863826275308
187500,iZevtgAl0HI5hdm+uou75zIFDsD0BNXeEL68S8a0CaQA+yX4QMkd3LHvh185V5hs,5.992120977825686,13.472913615814212,8.125223286099603
187800,iZevtgAl0HI5hdm+uou75zIFDsD0BNXeEL68S8a0CaQA+yX4QMkd3LHvh185V5hs,5.304020890590738,16.670922229468403,8.664155705080333
188100,iZevtgAl0HI5hdm+uou75zIFDsD0BNXeEL68S8a0CaQA+yX4QMkd3LHvh185V5hs,4.942510285311142,15.235548333205044,7.8581046707185696
188400,iZevtgAl0HI5hdm+uou75zIFDsD0BNXeEL68S8a0CaQA+yX4QMkd3LHvh185V5hs,5.594204207033721,11.933546795258255,7.691802592566998
188700,iZevtgAl0HI5hdm+uou75zIFDsD0BNXeEL68S8a0CaQA+yX4QMkd3LHvh185V5hs,5.743839113235056,12.296854353888126,8.104664144509746
189000,iZevtgAl0HI5hdm+uou75zIFDsD0BNXeEL68S8a0CaQA+yX4QMkd3LHvh185V5hs,4.977906948205067,12.543278155120596,7.736983306248299
189300,iZevtgAl0HI5hdm+uou75zIFDsD0BNXeEL68S8a0CaQA+yX4QMkd3LHvh185V5hs,6.07197668495117,12.060863119785944,8.321561717459998
189600,iZevtgAl0HI5hdm+uou75zIFDsD0BNXeEL68S8a0CaQA+yX4QMkd3LHvh185V5hs,5.159399342588241,12.180137723994136,8.157066990823523
189900,iZevtgAl0HI5hdm+uou75zIFDsD0BNXeEL68S8a0CaQA+yX4QMkd3LHvh185V5hs,5.676112135214355,11.972407914559216,8.899552270006865
190200,iZevtgAl0HI5hdm+uou75zIFDsD0BNXeEL68S8a0CaQA+yX4QMkd3LHvh185V5hs,4.723073265933488,12.98742399680484,8.159098349901228
190500,iZevtgAl0HI5hdm+uou75zIFDsD0BNXeEL68S8a0CaQA+yX4QMkd3LHvh185V5hs,5.060224834947362,13.252034561002755,8.102211306909538
190800,iZevtgAl0HI5hdm+uou75zIFDsD0BNXeEL68S8a0CaQA+yX4QMkd3LHvh185V5hs,5.237279645449696,14.737532463221028,8.328451798970102
191100,iZevtgAl0HI5hdm+uou75zIFDsD0BNXeEL68S8a0CaQA+yX4QMkd3LHvh185V5hs,4.602584365913365,12.746086076898864,7.272770895214115
191400,iZevtgAl0HI5hdm+uou75zIFDsD0BNXeEL68S8a0CaQA+yX4QMkd3LHvh185V5hs,4.229992546120156,11.752197748409104,6.965417947430771
191700,iZevtgAl0HI5hdm+uou75zIFDsD0BNXeEL68S8a0CaQA+yX4QMkd3LHvh185V5hs,5.033446896437974,13.36166783883869,7.032445452191748
192000,iZevtgAl0HI5hdm+uou75zIFDsD0BNXeEL68S8a0CaQA+yX4QMkd3LHvh185V5hs,4.309027666779754,11.898043977745235,6.417029590811329
192300,iZevtgAl0HI5hdm+uou75zIFDsD0BNXeEL68S8a0CaQA+yX4QMkd3LHvh185V5hs,4.769722130497311,12.994802962291132,6.3897619553927125
192600,iZevtgAl0HI5hdm+uou75zIFDsD0BNXeEL68S8a0CaQA+yX4QMkd3LHvh185V5hs,4.283671086461792,12.415007477738914,6.338193225613235
192900,iZevtgAl0HI5hdm+uou75zIFDsD0BNXeEL68S8a0CaQA+yX4QMkd3LHvh185V5hs,4.073363029183,8.369154963408102,5.808891817054787
193200,iZevtgAl0HI5hdm+uou75zIFDsD0BNXeEL68S8a0CaQA+yX4QMkd3LHvh185V5hs,3.948466646183048,9.06307868699229,5.987517622848366
193500,iZevtgAl0HI5hdm+uou75zIFDsD0BNXeEL68S8a0CaQA+yX4QMkd3LHvh185V5hs,3.0889923057102573,11.6164031539861,5.585023071364406
193800,iZevtgAl0HI5hdm+uou75zIFDsD0BNXeEL68S8a0CaQA+yX4QMkd3LHvh185V5hs,3.873239755920975,10.98073991116773,5.9831578667309655
194100,iZevtgAl0HI5hdm+uou75zIFDsD0BNXeEL68S8a0CaQA+yX4QMkd3LHvh185V5hs,3.804419755189655,10.655355499584903,5.929200163804504
194400,iZevtgAl0HI5hdm+uou75zIFDsD0BNXeEL68S8a0CaQA+yX4QMkd3LHvh185V5hs,3.842644373353125,9.49453353132714,5.680643694907501
194700,iZevtgAl0HI5hdm+uou75zIFDsD0BNXeEL68S8a0CaQA+yX4QMkd3LHvh185V5hs,3.2941603934364485,13.392838079780786,5.870012395158176
195000,iZevtgAl0HI5hdm+uou75zIFDsD0BNXeEL68S8a0CaQA+yX4QMkd3LHvh185V5hs,4.084889395687447,22.56435331779701,8.985423408204745
195300,iZevtgAl0HI5hdm+uou75zIFDsD0BNXeEL68S8a0CaQA+yX4QMkd3LHvh185V5hs,3.451126650024844,31.541383981629004,7.196931162120434
195600,iZevtgAl0HI5hdm+uou75zIFDsD0BNXeEL68S8a0CaQA+yX4QMkd3LHvh185V5hs,3.536418720870997,10.576059009779549,5.040294665143619
195900,iZevtgAl0HI5hdm+uou75zIFDsD0BNXeEL68S8a0CaQA+yX4QMkd3LHvh185V5hs,3.6014431092528394,10.259878373633954,4.864077004755262
196200,iZevtgAl0HI5hdm+uou75zIFDsD0BNXeEL68S8a0CaQA+yX4QMkd3LHvh185V5hs,3.0543023846322055,8.295671246501305,4.7388332669366475
196500,iZevtgAl0HI5hdm+uou75zIFDsD0BNXeEL68S8a0CaQA+yX4QMkd3LHvh185V5hs,3.3913904232266345,7.067548110676772,4.653038846861643
196800,iZevtgAl0HI5hdm+uou75zIFDsD0BNXeEL68S8a0CaQA+yX4QMkd3LHvh185V5hs,2.620252716285324,8.106611183161979,4.655520242946451
197100,iZevtgAl0HI5hdm+uou75zIFDsD0BNXeEL68S8a0CaQA+yX4QMkd3LHvh185V5hs,2.9114661629868506,7.421333508736281,4.385854990095175
197400,iZevtgAl0HI5hdm+uou75zIFDsD0BNXeEL68S8a0CaQA+yX4QMkd3LHvh185V5hs,3.517044921341551,9.4903979967148,4.9345347757863856
197700,iZevtgAl0HI5hdm+uou75zIFDsD0BNXeEL68S8a0CaQA+yX4QMkd3LHvh185V5hs,2.4191311076301782,11.905229460886977,4.378694706713222
198000,iZevtgAl0HI5hdm+uou75zIFDsD0BNXeEL68S8a0CaQA+yX4QMkd3LHvh185V5hs,2.475824299852978,9.422952481264403,3.9079139422693303
198300,iZevtgAl0HI5hdm+uou75zIFDsD0BNXeEL68S8a0CaQA+yX4QMkd3LHvh185V5hs,2.481572786348679,6.61782051981057,4.07298356697326
198600,iZevtgAl0HI5hdm+uou75zIFDsD0BNXeEL68S8a0CaQA+yX4QMkd3LHvh185V5hs,2.6626256590709385,8.02826798602589,4.208105147978782
198900,iZevtgAl0HI5hdm+uou75zIFDsD0BNXeEL68S8a0CaQA+yX4QMkd3LHvh185V5hs,2.881241249847132,13.614649977580102,4.921188731147422
199200,iZevtgAl0HI5hdm+uou75zIFDsD0BNXeEL68S8a0CaQA+yX4QMkd3LHvh185V5hs,2.458019798649957,7.1012025245376575,3.8874760870309553
199500,iZevtgAl0HI5hdm+uou75zIFDsD0BNXeEL68S8a0CaQA+yX4QMkd3LHvh185V5hs,2.6709397571840494,6.983390825429645,3.7259003860753546
199800,iZevtgAl0HI5hdm+uou75zIFDsD0BNXeEL68S8a0CaQA+yX4QMkd3LHvh185V5hs,2.4899156109913845,7.465413071565504,3.796663748473452
200100,iZevtgAl0HI5hdm+uou75zIFDsD0BNXeEL68S8a0CaQA+yX4QMkd3LHvh185V5hs,2.062265145834174,6.202608248245324,3.6207777490195983
200400,iZevtgAl0HI5hdm+uou75zIFDsD0BNXeEL68S8a0CaQA+yX4QMkd3LHvh185V5hs,2.61675947991364,8.343381292635582,3.881865244241749
200700,iZevtgAl0HI5hdm+uou75zIFDsD0BNXeEL68S8a0CaQA+yX4QMkd3LHvh185V5hs,2.4538581946766267,6.421689303709105,3.5879000006569344
201000,iZevtgAl0HI5hdm+uou75zIFDsD0BNXeEL68S8a0CaQA+yX4QMkd3LHvh185V5hs,2.775037839129769,6.331766886192061,3.822823780895815
201300,iZevtgAl0HI5hdm+uou75zIFDsD0BNXeEL68S8a0CaQA+yX4QMkd3LHvh185V5hs,2.14798131718919,5.750596029438524,3.2027404354173648
201600,iZevtgAl0HI5hdm+uou75zIFDsD0BNXeEL68S8a0CaQA+yX4QMkd3LHvh185V5hs,1.8425363018604048,5.439899890220846,3.15210525403113
201900,iZevtgAl0HI5hdm+uou75zIFDsD0BNXeEL68S8a0CaQA+yX4QMkd3LHvh185V5hs,2.4319085012027744,6.726923604395308,3.350872217348164
202200,iZevtgAl0HI5hdm+uou75zIFDsD0BNXeEL68S8a0CaQA+yX4QMkd3LHvh185V5hs,1.8872309463814436,4.821674881505916,3.141391298776303
202500,iZevtgAl0HI5hdm+uou75zIFDsD0BNXeEL68S8a0CaQA+yX4QMkd3LHvh185V5hs,2.0117060606211297,10.919611641974624,4.273225976632304
202800,iZevtgAl0HI5hdm+uou75zIFDsD0BNXeEL68S8a0CaQA+yX4QMkd3LHvh185V5hs,1.7956270738223457,6.133039405130392,3.2104142675065925
203100,iZevtgAl0HI5hdm+uou75zIFDsD0BNXeEL68S8a0CaQA+yX4QMkd3LHvh185V5hs,1.9501967141732108,5.441765184394012,3.114149316476384
203400,iZevtgAl0HI5hdm+uou75zIFDsD0BNXeEL68S8a0CaQA+yX4QMkd3LHvh185V5hs,2.0462299347579216,6.597223910850933,3.2928293119866225
203700,iZevtgAl0HI5hdm+uou75zIFDsD0BNXeEL68S8a0CaQA+yX4QMkd3LHvh185V5hs,2.1442954050313645,5.262537242871627,3.0742475738739903
204000,iZevtgAl0HI5hdm+uou75zIFDsD0BNXeEL68S8a0CaQA+yX4QMkd3LHvh185V5hs,1.9047360892229408,5.359660593453014,3.032584075950292
204300,iZevtgAl0HI5hdm+uou75zIFDsD0BNXeEL68S8a0CaQA+yX4QMkd3LHvh185V5hs,2.313099376035466,5.041010773148734,3.0766990722595584
204600,iZevtgAl0HI5hdm+uou75zIFDsD0BNXeEL68S8a0CaQA+yX4QMkd3LHvh185V5hs,2.0510308861913096,5.4406037654573325,2.9146874036266626
204900,iZevtgAl0HI5hdm+uou75zIFDsD0BNXeEL68S8a0CaQA+yX4QMkd3LHvh185V5hs,1.7058584585253536,5.995157094601179,3.031439676127893
205200,iZevtgAl0HI5hdm+uou75zIFDsD0BNXeEL68S8a0CaQA+yX4QMkd3LHvh185V5hs,2.0627456755369358,4.548183840468837,3.0462358384243937
205500,iZevtgAl0HI5hdm+uou75zIFDsD0BNXeEL68S8a0CaQA+yX4QMkd3LHvh185V5hs,1.910313114112689,6.831876897807828,3.795544318983732
205800,iZevtgAl0HI5hdm+uou75zIFDsD0BNXeEL68S8a0CaQA+yX4QMkd3LHvh185V5hs,2.338760770500352,7.911778326446575,4.397082196045901
206100,iZevtgAl0HI5hdm+uou75zIFDsD0BNXeEL68S8a0CaQA+yX4QMkd3LHvh185V5hs,2.824670486710706,10.624338545121986,5.250787309507587
206400,iZevtgAl0HI5hdm+uou75zIFDsD0BNXeEL68S8a0CaQA+yX4QMkd3LHvh185V5hs,2.1343255542725728,7.273189787420303,4.1243777575512555
206700,iZevtgAl0HI5hdm+uou75zIFDsD0BNXeEL68S8a0CaQA+yX4QMkd3LHvh185V5hs,2.162241454833984,7.436528069769602,4.036009123325433
207000,iZevtgAl0HI5hdm+uou75zIFDsD0BNXeEL68S8a0CaQA+yX4QMkd3LHvh185V5hs,2.050667185582254,7.414221895768563,4.211543576974861
207300,iZevtgAl0HI5hdm+uou75zIFDsD0BNXeEL68S8a0CaQA+yX4QMkd3LHvh185V5hs,2.122526774315373,8.949408127840847,3.125742417399499
207600,iZevtgAl0HI5hdm+uou75zIFDsD0BNXeEL68S8a0CaQA+yX4QMkd3LHvh185V5hs,2.21899151725225,4.981484006020293,3.1268876392112195
207900,iZevtgAl0HI5hdm+uou75zIFDsD0BNXeEL68S8a0CaQA+yX4QMkd3LHvh185V5hs,1.7161529848682489,5.8630080999811325,2.910666882621155
208200,iZevtgAl0HI5hdm+uou75zIFDsD0BNXeEL68S8a0CaQA+yX4QMkd3LHvh185V5hs,2.025578723176386,6.174649009276744,2.809878517229913
208500,iZevtgAl0HI5hdm+uou75zIFDsD0BNXeEL68S8a0CaQA+yX4QMkd3LHvh185V5hs,1.6267446619936516,4.915442029557068,2.668453980298113
208800,iZevtgAl0HI5hdm+uou75zIFDsD0BNXeEL68S8a0CaQA+yX4QMkd3LHvh185V5hs,1.680223547846798,5.684786199572969,2.7019646351414854
209100,iZevtgAl0HI5hdm+uou75zIFDsD0BNXeEL68S8a0CaQA+yX4QMkd3LHvh185V5hs,2.1393558297589808,6.283946604811228,3.1157595773773994
209400,iZevtgAl0HI5hdm+uou75zIFDsD0BNXeEL68S8a0CaQA+yX4QMkd3LHvh185V5hs,2.037644400726208,6.547399281036707,3.110303089202431
209700,iZevtgAl0HI5hdm+uou75zIFDsD0BNXeEL68S8a0CaQA+yX4QMkd3LHvh185V5hs,1.6773431620924513,12.581293671780353,3.497109639662736
210000,iZevtgAl0HI5hdm+uou75zIFDsD0BNXeEL68S8a0CaQA+yX4QMkd3LHvh185V5hs,1.5192127355248748,6.051278930340586,2.7926778889981336
210300,iZevtgAl0HI5hdm+uou75zIFDsD0BNXeEL68S8a0CaQA+yX4QMkd3LHvh185V5hs,1.926694703277592,4.40062754563585,2.6649752897916343
210600,iZevtgAl0HI5hdm+uou75zIFDsD0BNXeEL68S8a0CaQA+yX4QMkd3LHvh185V5hs,1.9131493444821832,5.654511349615024,3.0672975613229543
210900,iZevtgAl0HI5hdm+uou75zIFDsD0BNXeEL68S8a0CaQA+yX4QMkd3LHvh185V5hs,1.8611419250955517,7.341029498752524,2.9203497230320954
211200,iZevtgAl0HI5hdm+uou75zIFDsD0BNXeEL68S8a0CaQA+yX4QMkd3LHvh185V5hs,2.2527020261509443,5.571406132463646,3.1791962594993155
211500,iZevtgAl0HI5hdm+uou75zIFDsD0BNXeEL68S8a0CaQA+yX4QMkd3LHvh185V5hs,1.3658306169498635,4.62435149727622,2.705091485604417
211800,iZevtgAl0HI5hdm+uou75zIFDsD0BNXeEL68S8a0CaQA+yX4QMkd3LHvh185V5hs,1.976802162531183,5.498030566338054,2.9452684641069315
212100,iZevtgAl0HI5hdm+uou75zIFDsD0BNXeEL68S8a0CaQA+yX4QMkd3LHvh185V5hs,1.952545716443873,5.858671331479824,3.031404872909497
212400,iZevtgAl0HI5hdm+uou75zIFDsD0BNXeEL68S8a0CaQA+yX4QMkd3LHvh185V5hs,2.180116184757489,5.77112943425888,3.196212321474857
212700,iZevtgAl0HI5hdm+uou75zIFDsD0BNXeEL68S8a0CaQA+yX4QMkd3LHvh185V5hs,1.62843117072665,4.926836448466593,2.709982638003284
213000,iZevtgAl0HI5hdm+uou75zIFDsD0BNXeEL68S8a0CaQA+yX4QMkd3LHvh185V5hs,1.9992234464787788,5.00018033245221,2.935129147823469
213300,iZevtgAl0HI5hdm+uou75zIFDsD0BNXeEL68S8a0CaQA+yX4QMkd3LHvh185V5hs,1.819012210129899,8.657951813325678,3.6496426430885114
213600,iZevtgAl0HI5hdm+uou75zIFDsD0BNXeEL68S8a0CaQA+yX4QMkd3LHvh185V5hs,2.2418104054599146,5.523219792150494,3.4232488687206164
213900,iZevtgAl0HI5hdm+uou75zIFDsD0BNXeEL68S8a0CaQA+yX4QMkd3LHvh185V5hs,2.111637335133792,7.075802296261369,3.2398271292570597
214200,iZevtgAl0HI5hdm+uou75zIFDsD0BNXeEL68S8a0CaQA+yX4QMkd3LHvh185V5hs,2.1054356484662486,4.48911059241363,3.046569904069373
214500,iZevtgAl0HI5hdm+uou75zIFDsD0BNXeEL68S8a0CaQA+yX4QMkd3LHvh185V5hs,1.9610270084969956,5.996570289623967,2.934391373334872
214800,iZevtgAl0HI5hdm+uou75zIFDsD0BNXeEL68S8a0CaQA+yX4QMkd3LHvh185V5hs,1.7148498646560604,5.115590746182666,2.682161786151499
215100,iZevtgAl0HI5hdm+uou75zIFDsD0BNXeEL68S8a0CaQA+yX4QMkd3LHvh185V5hs,2.183678686358053,4.8503981607417685,3.1190442039216775
215400,iZevtgAl0HI5hdm+uou75zIFDsD0BNXeEL68S8a0CaQA+yX4QMkd3LHvh185V5hs,2.155055784159386,8.477564661667502,3.411930392329911
215700,iZevtgAl0HI5hdm+uou75zIFDsD0BNXeEL68S8a0CaQA+yX4QMkd3LHvh185V5hs,2.393058495463027,6.274560511791637,3.179104828021889
216000,iZevtgAl0HI5hdm+uou75zIFDsD0BNXeEL68S8a0CaQA+yX4QMkd3LHvh185V5hs,1.5418763027560587,5.344830741118764,2.9579148057555997
216300,iZevtgAl0HI5hdm+uou75zIFDsD0BNXeEL68S8a0CaQA+yX4QMkd3LHvh185V5hs,2.033735390123709,6.033055451623073,3.222075211953884
216600,iZevtgAl0HI5hdm+uou75zIFDsD0BNXeEL68S8a0CaQA+yX4QMkd3LHvh185V5hs,2.114513849789469,5.483898977876987,3.3720255611292824
216900,iZevtgAl0HI5hdm+uou75zIFDsD0BNXeEL68S8a0CaQA+yX4QMkd3LHvh185V5hs,2.0834179530431687,12.129117346799788,4.217668684711601
217200,iZevtgAl0HI5hdm+uou75zIFDsD0BNXeEL68S8a0CaQA+yX4QMkd3LHvh185V5hs,2.217606980373324,8.421835752940748,3.5104429912958706
217500,iZevtgAl0HI5hdm+uou75zIFDsD0BNXeEL68S8a0CaQA+yX4QMkd3LHvh185V5hs,2.0683167649256378,7.605397701703768,3.245485704020423
217800,iZevtgAl0HI5hdm+uou75zIFDsD0BNXeEL68S8a0CaQA+yX4QMkd3LHvh185V5hs,2.268123342901359,6.3524067235737816,3.393520938253332
218100,iZevtgAl0HI5hdm+uou75zIFDsD0BNXeEL68S8a0CaQA+yX4QMkd3LHvh185V5hs,2.379602413802575,13.507262924646726,5.374228322155009
218400,iZevtgAl0HI5hdm+uou75zIFDsD0BNXeEL68S8a0CaQA+yX4QMkd3LHvh185V5hs,1.747222939551567,5.991251336908851,3.361646309568756
218700,iZevtgAl0HI5hdm+uou75zIFDsD0BNXeEL68S8a0CaQA+yX4QMkd3LHvh185V5hs,2.59394616245623,6.744528803567198,3.54669197957903
219000,iZevtgAl0HI5hdm+uou75zIFDsD0BNXeEL68S8a0CaQA+yX4QMkd3LHvh185V5hs,2.555914217203604,6.752423372132931,3.9291108450747374
219300,iZevtgAl0HI5hdm+uou75zIFDsD0BNXeEL68S8a0CaQA+yX4QMkd3LHvh185V5hs,2.4459428033095154,6.268550261575544,3.7151457255287546
219600,iZevtgAl0HI5hdm+uou75zIFDsD0BNXeEL68S8a0CaQA+yX4QMkd3LHvh185V5hs,2.48914197135198,8.728333247205718,3.709142059452696
219900,iZevtgAl0HI5hdm+uou75zIFDsD0BNXeEL68S8a0CaQA+yX4QMkd3LHvh185V5hs,1.9061687297120016,6.340988476524624,3.646150344057528
220200,iZevtgAl0HI5hdm+uou75zIFDsD0BNXeEL68S8a0CaQA+yX4QMkd3LHvh185V5hs,1.8437710010673292,8.880239640551894,3.850325741743146
220500,iZevtgAl0HI5hdm+uou75zIFDsD0BNXeEL68S8a0CaQA+yX4QMkd3LHvh185V5hs,2.8668938253452136,8.02281709210124,4.312641899937998
220800,iZevtgAl0HI5hdm+uou75zIFDsD0BNXeEL68S8a0CaQA+yX4QMkd3LHvh185V5hs,2.6772647516934813,11.912968871751266,4.842293063866443
221100,iZevtgAl0HI5hdm+uou75zIFDsD0BNXeEL68S8a0CaQA+yX4QMkd3LHvh185V5hs,2.723466805362868,6.8313067110601455,4.17107929304746
221400,iZevtgAl0HI5hdm+uou75zIFDsD0BNXeEL68S8a0CaQA+yX4QMkd3LHvh185V5hs,3.318351632830062,9.511089245365604,4.472319203179163
221700,iZevtgAl0HI5hdm+uou75zIFDsD0BNXeEL68S8a0CaQA+yX4QMkd3LHvh185V5hs,3.2706162804444925,8.66191163988263,4.966928210002182
222000,iZevtgAl0HI5hdm+uou75zIFDsD0BNXeEL68S8a0CaQA+yX4QMkd3LHvh185V5hs,3.40888871441069,10.501546089330606,6.165295758534855
222300,iZevtgAl0HI5hdm+uou75zIFDsD0BNXeEL68S8a0CaQA+yX4QMkd3LHvh185V5hs,3.827177118720836,11.201420924157237,6.120255695299876
222600,iZevtgAl0HI5hdm+uou75zIFDsD0BNXeEL68S8a0CaQA+yX4QMkd3LHvh185V5hs,3.391102535105357,10.373679170369012,5.978074271079551
222900,iZevtgAl0HI5hdm+uou75zIFDsD0BNXeEL68S8a0CaQA+yX4QMkd3LHvh185V5hs,3.314857258005832,10.40562153864585,5.6241311364355004
223200,iZevtgAl0HI5hdm+uou75zIFDsD0BNXeEL68S8a0CaQA+yX4QMkd3LHvh185V5hs,3.6640704992166513,8.906702582092102,5.8064964294125625
223500,iZevtgAl0HI5hdm+uou75zIFDsD0BNXeEL68S8a0CaQA+yX4QMkd3LHvh185V5hs,3.3474605710291776,7.782814911611363,4.64467771712178
223800,iZevtgAl0HI5hdm+uou75zIFDsD0BNXeEL68S8a0CaQA+yX4QMkd3LHvh185V5hs,2.9354600873048975,32.80942228702884,8.392704860807527
224100,iZevtgAl0HI5hdm+uou75zIFDsD0BNXeEL68S8a0CaQA+yX4QMkd3LHvh185V5hs,3.3925047750708823,9.40494858946412,5.04855098422301
224400,iZevtgAl0HI5hdm+uou75zIFDsD0BNXeEL68S8a0CaQA+yX4QMkd3LHvh185V5hs,3.606580266875236,13.713819391950658,5.8303910595071
224700,iZevtgAl0HI5hdm+uou75zIFDsD0BNXeEL68S8a0CaQA+yX4QMkd3LHvh185V5hs,2.940558685356928,10.961739683873734,4.901056692420975
225000,iZevtgAl0HI5hdm+uou75zIFDsD0BNXeEL68S8a0CaQA+yX4QMkd3LHvh185V5hs,3.401105899998186,11.285245049960018,5.238393227240905
225300,iZevtgAl0HI5hdm+uou75zIFDsD0BNXeEL68S8a0CaQA+yX4QMkd3LHvh185V5hs,3.776628921724172,10.806222916961408,5.597746507586021
225600,iZevtgAl0HI5hdm+uou75zIFDsD0BNXeEL68S8a0CaQA+yX4QMkd3LHvh185V5hs,3.771756622490144,12.657338090725288,5.345367325709732
225900,iZevtgAl0HI5hdm+uou75zIFDsD0BNXeEL68S8a0CaQA+yX4QMkd3LHvh185V5hs,4.138170745279888,9.458597702530286,5.496337060363809
226200,iZevtgAl0HI5hdm+uou75zIFDsD0BNXeEL68S8a0CaQA+yX4QMkd3LHvh185V5hs,2.98641472572162,11.248440751716338,5.140049627212501
226500,iZevtgAl0HI5hdm+uou75zIFDsD0BNXeEL68S8a0CaQA+yX4QMkd3LHvh185V5hs,3.758705143617864,9.672669745901443,5.0552987256323805
226800,iZevtgAl0HI5hdm+uou75zIFDsD0BNXeEL68S8a0CaQA+yX4QMkd3LHvh185V5hs,4.007142143951812,12.184821338887456,5.418369381122324
227100,iZevtgAl0HI5hdm+uou75zIFDsD0BNXeEL68S8a0CaQA+yX4QMkd3LHvh185V5hs,4.048882746068946,12.969477144293744,5.496132171616708
227400,iZevtgAl0HI5hdm+uou75zIFDsD0BNXeEL68S8a0CaQA+yX4QMkd3LHvh185V5hs,4.301699725262488,11.409227044499191,5.697036471594956
227700,iZevtgAl0HI5hdm+uou75zIFDsD0BNXeEL68S8a0CaQA+yX4QMkd3LHvh185V5hs,3.3417208975744583,10.751840340160582,5.747967977744214
228000,iZevtgAl0HI5hdm+uou75zIFDsD0BNXeEL68S8a0CaQA+yX4QMkd3LHvh185V5hs,3.4116268797410987,13.098724364466028,6.066103820378662
228300,iZevtgAl0HI5hdm+uou75zIFDsD0BNXeEL68S8a0CaQA+yX4QMkd3LHvh185V5hs,4.0292144428824335,13.937507253082984,5.755554992893897
228600,iZevtgAl0HI5hdm+uou75zIFDsD0BNXeEL68S8a0CaQA+yX4QMkd3LHvh185V5hs,4.560600993246953,9.815915910220554,6.165879579592443
228900,iZevtgAl0HI5hdm+uou75zIFDsD0BNXeEL68S8a0CaQA+yX4QMkd3LHvh185V5hs,3.933378258238272,11.145042357534328,5.815846310365026
229200,iZevtgAl0HI5hdm+uou75zIFDsD0BNXeEL68S8a0CaQA+yX4QMkd3LHvh185V5hs,4.142271500837145,10.166087954930084,6.186311477261414
229500,iZevtgAl0HI5hdm+uou75zIFDsD0BNXeEL68S8a0CaQA+yX4QMkd3LHvh185V5hs,4.375496222571496,9.770672443293723,5.8077231789526405
229800,iZevtgAl0HI5hdm+uou75zIFDsD0BNXeEL68S8a0CaQA+yX4QMkd3LHvh185V5hs,3.619936777786744,17.444853278310344,5.77511397351465
230100,iZevtgAl0HI5hdm+uou75zIFDsD0BNXeEL68S8a0CaQA+yX4QMkd3LHvh185V5hs,3.852007971362484,10.23351860200616,5.963915613257974
230400,iZevtgAl0HI5hdm+uou75zIFDsD0BNXeEL68S8a0CaQA+yX4QMkd3LHvh185V5hs,4.0060738236677595,11.783554184283757,6.370692239198849
230700,iZevtgAl0HI5hdm+uou75zIFDsD0BNXeEL68S8a0CaQA+yX4QMkd3LHvh185V5hs,3.7880838973747193,10.382701683684344,6.367672549596591
231000,iZevtgAl0HI5hdm+uou75zIFDsD0BNXeEL68S8a0CaQA+yX4QMkd3LHvh185V5hs,4.790888331329136,10.62820370946396,6.450542767112486
231300,iZevtgAl0HI5hdm+uou75zIFDsD0BNXeEL68S8a0CaQA+yX4QMkd3LHvh185V5hs,4.746647911309386,11.146560853040866,6.621315957660367
231600,iZevtgAl0HI5hdm+uou75zIFDsD0BNXeEL68S8a0CaQA+yX4QMkd3LHvh185V5hs,4.88526893548935,15.22195072397389,7.244601779688635
231900,iZevtgAl0HI5hdm+uou75zIFDsD0BNXeEL68S8a0CaQA+yX4QMkd3LHvh185V5hs,4.617593821186903,14.639478904467786,6.167668106403287
232200,iZevtgAl0HI5hdm+uou75zIFDsD0BNXeEL68S8a0CaQA+yX4QMkd3LHvh185V5hs,4.033326821925086,11.614184954265822,6.7900370543758
232500,iZevtgAl0HI5hdm+uou75zIFDsD0BNXeEL68S8a0CaQA+yX4QMkd3LHvh185V5hs,4.205596796156189,17.60268129719286,6.248876998594868
232800,iZevtgAl0HI5hdm+uou75zIFDsD0BNXeEL68S8a0CaQA+yX4QMkd3LHvh185V5hs,4.710683244389421,14.29498193928751,6.5747249802150245
233100,iZevtgAl0HI5hdm+uou75zIFDsD0BNXeEL68S8a0CaQA+yX4QMkd3LHvh185V5hs,4.202106460012449,12.40504984398116,6.234840268096672
233400,iZevtgAl0HI5hdm+uou75zIFDsD0BNXeEL68S8a0CaQA+yX4QMkd3LHvh185V5hs,4.221608736274775,10.823847093520705,6.160633979463744
233700,iZevtgAl0HI5hdm+uou75zIFDsD0BNXeEL68S8a0CaQA+yX4QMkd3LHvh185V5hs,4.202882650829225,12.293235405786657,6.359234323183705
234000,iZevtgAl0HI5hdm+uou75zIFDsD0BNXeEL68S8a0CaQA+yX4QMkd3LHvh185V5hs,4.65537398391491,12.78852337839568,6.811858148392807
234300,iZevtgAl0HI5hdm+uou75zIFDsD0BNXeEL68S8a0CaQA+yX4QMkd3LHvh185V5hs,4.7422658436140415,13.566831217765635,6.563152589186582
234600,iZevtgAl0HI5hdm+uou75zIFDsD0BNXeEL68S8a0CaQA+yX4QMkd3LHvh185V5hs,4.611365213471096,16.351729252083654,6.5999914706165
234900,iZevtgAl0HI5hdm+uou75zIFDsD0BNXeEL68S8a0CaQA+yX4QMkd3LHvh185V5hs,4.687961629151952,12.315243046272707,6.771755569051868
235200,iZevtgAl0HI5hdm+uou75zIFDsD0BNXeEL68S8a0CaQA+yX4QMkd3LHvh185V5hs,5.1117091563446415,14.981312331201671,7.266139099179111
235500,iZevtgAl0HI5hdm+uou75zIFDsD0BNXeEL68S8a0CaQA+yX4QMkd3LHvh185V5hs,4.955031925442029,14.693131886627537,7.194555470267456
235800,iZevtgAl0HI5hdm+uou75zIFDsD0BNXeEL68S8a0CaQA+yX4QMkd3LHvh185V5hs,3.9236839647860537,13.780995083755252,6.898402426709277
236100,iZevtgAl0HI5hdm+uou75zIFDsD0BNXeEL68S8a0CaQA+yX4QMkd3LHvh185V5hs,4.561919858141884,11.102128573465295,7.198824799926525
236400,iZevtgAl0HI5hdm+uou75zIFDsD0BNXeEL68S8a0CaQA+yX4QMkd3LHvh185V5hs,5.139857135255457,13.787555660459253,7.380568034369233
236700,iZevtgAl0HI5hdm+uou75zIFDsD0BNXeEL68S8a0CaQA+yX4QMkd3LHvh185V5hs,6.212400144147863,12.238260152748955,7.640542930078122
237000,iZevtgAl0HI5hdm+uou75zIFDsD0BNXeEL68S8a0CaQA+yX4QMkd3LHvh185V5hs,4.731420647933343,13.041327471444342,6.872644929770047
237300,iZevtgAl0HI5hdm+uou75zIFDsD0BNXeEL68S8a0CaQA+yX4QMkd3LHvh185V5hs,5.971466490403774,11.69303774770042,7.79200308721057
237600,iZevtgAl0HI5hdm+uou75zIFDsD0BNXeEL68S8a0CaQA+yX4QMkd3LHvh185V5hs,6.17199823699996,15.458448460607585,8.207760243341918
237900,iZevtgAl0HI5hdm+uou75zIFDsD0BNXeEL68S8a0CaQA+yX4QMkd3LHvh185V5hs,5.8908105710296494,16.076806759097224,8.958458059544764
238200,iZevtgAl0HI5hdm+uou75zIFDsD0BNXeEL68S8a0CaQA+yX4QMkd3LHvh185V5hs,5.057458680903321,14.253454673885807,8.478023770623075
238500,iZevtgAl0HI5hdm+uou75zIFDsD0BNXeEL68S8a0CaQA+yX4QMkd3LHvh185V5hs,5.924763052127893,25.397472372173414,10.580112901544474
238800,iZevtgAl0HI5hdm+uou75zIFDsD0BNXeEL68S8a0CaQA+yX4QMkd3LHvh185V5hs,5.870870164920287,15.964134443678784,9.537535662698694
239100,iZevtgAl0HI5hdm+uou75zIFDsD0BNXeEL68S8a0CaQA+yX4QMkd3LHvh185V5hs,5.463669257833256,14.216603527865574,8.964923311915605
239400,iZevtgAl0HI5hdm+uou75zIFDsD0BNXeEL68S8a0CaQA+yX4QMkd3LHvh185V5hs,5.104843023185618,16.193958522040074,8.578587483469342
239700,iZevtgAl0HI5hdm+uou75zIFDsD0BNXeEL68S8a0CaQA+yX4QMkd3LHvh185V5hs,5.5838835355188365,13.14593228038946,7.8429967789919885
240000,iZevtgAl0HI5hdm+uou75zIFDsD0BNXeEL68S8a0CaQA+yX4QMkd3LHvh185V5hs,6.01015285442029,14.307376590977915,8.018164617690694
240300,iZevtgAl0HI5hdm+uou75zIFDsD0BNXeEL68S8a0CaQA+yX4QMkd3LHvh185V5hs,6.03338652339493,13.968049255168497,8.01977422926362
240600,iZevtgAl0HI5hdm+uou75zIFDsD0BNXeEL68S8a0CaQA+yX4QMkd3LHvh185V5hs,6.534854206077646,14.140704305221616,8.316978787577154
240900,iZevtgAl0HI5hdm+uou75zIFDsD0BNXeEL68S8a0CaQA+yX4QMkd3LHvh185V5hs,4.3263859326927765,16.38293804235497,7.39361130717554
241200,iZevtgAl0HI5hdm+uou75zIFDsD0BNXeEL68S8a0CaQA+yX4QMkd3LHvh185V5hs,5.423691500015107,13.011355654030275,7.346178166966903
241500,iZevtgAl0HI5hdm+uou75zIFDsD0BNXeEL68S8a0CaQA+yX4QMkd3LHvh185V5hs,5.775349194533427,14.499781828252418,8.22967352047802
241800,iZevtgAl0HI5hdm+uou75zIFDsD0BNXeEL68S8a0CaQA+yX4QMkd3LHvh185V5hs,5.6634575343287885,15.693235370763016,7.942571591591278
242100,iZevtgAl0HI5hdm+uou75zIFDsD0BNXeEL68S8a0CaQA+yX4QMkd3LHvh185V5hs,5.841869650719691,13.587710356801525,8.206769299359836
242400,iZevtgAl0HI5hdm+uou75zIFDsD0BNXeEL68S8a0CaQA+yX4QMkd3LHvh185V5hs,6.6152765017565285,17.459909600695617,8.762256933518874
242700,iZevtgAl0HI5hdm+uou75zIFDsD0BNXeEL68S8a0CaQA+yX4QMkd3LHvh185V5hs,5.872990104882966,12.177114569758306,7.92199565443559
243000,iZevtgAl0HI5hdm+uou75zIFDsD0BNXeEL68S8a0CaQA+yX4QMkd3LHvh185V5hs,5.655363617046965,13.225754438646984,7.859139060518691
243300,iZevtgAl0HI5hdm+uou75zIFDsD0BNXeEL68S8a0CaQA+yX4QMkd3LHvh185V5hs,6.138657858080526,14.321633377300982,8.152510843036435
243600,iZevtgAl0HI5hdm+uou75zIFDsD0BNXeEL68S8a0CaQA+yX4QMkd3LHvh185V5hs,5.1705163991516105,13.810359056022532,8.03422811099902
243900,iZevtgAl0HI5hdm+uou75zIFDsD0BNXeEL68S8a0CaQA+yX4QMkd3LHvh185V5hs,5.872448351721609,13.499293138322948,8.203258646503706
244200,iZevtgAl0HI5hdm+uou75zIFDsD0BNXeEL68S8a0CaQA+yX4QMkd3LHvh185V5hs,4.9858283066756535,15.792290570537135,7.506161802179725
244500,iZevtgAl0HI5hdm+uou75zIFDsD0BNXeEL68S8a0CaQA+yX4QMkd3LHvh185V5hs,5.575461075622304,14.748902263117634,7.92986692086394
244800,iZevtgAl0HI5hdm+uou75zIFDsD0BNXeEL68S8a0CaQA+yX4QMkd3LHvh185V5hs,5.482628449116861,15.501450683721831,7.63927522042435
245100,iZevtgAl0HI5hdm+uou75zIFDsD0BNXeEL68S8a0CaQA+yX4QMkd3LHvh185V5hs,5.919005303400911,11.064385690353031,7.662523924775707
245400,iZevtgAl0HI5hdm+uou75zIFDsD0BNXeEL68S8a0CaQA+yX4QMkd3LHvh185V5hs,5.817229426518268,15.959337685851924,8.069057674634056
245700,iZevtgAl0HI5hdm+uou75zIFDsD0BNXeEL68S8a0CaQA+yX4QMkd3LHvh185V5hs,5.792921942176387,12.633049761857064,7.93367777438968
246000,iZevtgAl0HI5hdm+uou75zIFDsD0BNXeEL68S8a0CaQA+yX4QMkd3LHvh185V5hs,5.903076501929,17.626883206910385,7.964964962960561
246300,iZevtgAl0HI5hdm+uou75zIFDsD0BNXeEL68S8a0CaQA+yX4QMkd3LHvh185V5hs,4.938444478487388,15.600959573775304,8.043034029618095
246600,iZevtgAl0HI5hdm+uou75zIFDsD0BNXeEL68S8a0CaQA+yX4QMkd3LHvh185V5hs,4.840171563535724,17.324447435292036,7.701203100048048
246900,iZevtgAl0HI5hdm+uou75zIFDsD0BNXeEL68S8a0CaQA+yX4QMkd3LHvh185V5hs,5.655718306902345,12.811045676655892,8.145386757809467
247200,iZevtgAl0HI5hdm+uou75zIFDsD0BNXeEL68S8a0CaQA+yX4QMkd3LHvh185V5hs,5.745344107622804,16.238855599107918,8.462488662923187
247500,iZevtgAl0HI5hdm+uou75zIFDsD0BNXeEL68S8a0CaQA+yX4QMkd3LHvh185V5hs,4.962634696545822,15.083118048346218,8.325885376354254
247800,iZevtgAl0HI5hdm+uou75zIFDsD0BNXeEL68S8a0CaQA+yX4QMkd3LHvh185V5hs,6.178663033936864,15.817755745041252,8.48555151869656
248100,iZevtgAl0HI5hdm+uou75zIFDsD0BNXeEL68S8a0CaQA+yX4QMkd3LHvh185V5hs,5.802528585107333,13.03684046702908,8.325381153246209
248400,iZevtgAl0HI5hdm+uou75zIFDsD0BNXeEL68S8a0CaQA+yX4QMkd3LHvh185V5hs,5.510175607749074,15.646264723141654,8.28080521353565
248700,iZevtgAl0HI5hdm+uou75zIFDsD0BNXeEL68S8a0CaQA+yX4QMkd3LHvh185V5hs,5.165529585632948,17.01908476102487,8.484819176781809
249000,iZevtgAl0HI5hdm+uou75zIFDsD0BNXeEL68S8a0CaQA+yX4QMkd3LHvh185V5hs,5.725246994464652,16.438134288709147,8.232739278645939
249300,iZevtgAl0HI5hdm+uou75zIFDsD0BNXeEL68S8a0CaQA+yX4QMkd3LHvh185V5hs,6.149274532424196,11.76883487169094,8.284313151133112
249600,iZevtgAl0HI5hdm+uou75zIFDsD0BNXeEL68S8a0CaQA+yX4QMkd3LHvh185V5hs,5.296544911620707,15.001195314576696,8.415029298591007
249900,iZevtgAl0HI5hdm+uou75zIFDsD0BNXeEL68S8a0CaQA+yX4QMkd3LHvh185V5hs,5.952692375358795,23.416635693172523,8.617832510699811
250200,iZevtgAl0HI5hdm+uou75zIFDsD0BNXeEL68S8a0CaQA+yX4QMkd3LHvh185V5hs,5.486386117366653,16.798827699982027,8.081206748145878
250500,iZevtgAl0HI5hdm+uou75zIFDsD0BNXeEL68S8a0CaQA+yX4QMkd3LHvh185V5hs,5.869955856528441,14.643503098791616,8.145203022581608
250800,iZevtgAl0HI5hdm+uou75zIFDsD0BNXeEL68S8a0CaQA+yX4QMkd3LHvh185V5hs,6.173859190587434,15.897686666536767,8.534937126095528
251100,iZevtgAl0HI5hdm+uou75zIFDsD0BNXeEL68S8a0CaQA+yX4QMkd3LHvh185V5hs,5.714038368225286,14.600604459029045,8.605495437539684
251400,iZevtgAl0HI5hdm+uou75zIFDsD0BNXeEL68S8a0CaQA+yX4QMkd3LHvh185V5hs,6.189014643421249,19.012388784470986,8.252400632618388
251700,iZevtgAl0HI5hdm+uou75zIFDsD0BNXeEL68S8a0CaQA+yX4QMkd3LHvh185V5hs,4.766999112834733,13.81990356647686,8.288665428813768
252000,iZevtgAl0HI5hdm+uou75zIFDsD0BNXeEL68S8a0CaQA+yX4QMkd3LHvh185V5hs,6.439573594447495,14.795464229368545,8.890085454608325
252300,iZevtgAl0HI5hdm+uou75zIFDsD0BNXeEL68S8a0CaQA+yX4QMkd3LHvh185V5hs,5.283526565607771,16.948174409115744,8.977595751255999
252600,iZevtgAl0HI5hdm+uou75zIFDsD0BNXeEL68S8a0CaQA+yX4QMkd3LHvh185V5hs,5.4201879760393625,25.148444163613068,13.442330490010669
252900,iZevtgAl0HI5hdm+uou75zIFDsD0BNXeEL68S8a0CaQA+yX4QMkd3LHvh185V5hs,6.417154492310815,14.541125240703924,9.08262473780771
253200,iZevtgAl0HI5hdm+uou75zIFDsD0BNXeEL68S8a0CaQA+yX4QMkd3LHvh185V5hs,7.135079615344641,20.123824993296825,9.83794137246597
253500,iZevtgAl0HI5hdm+uou75zIFDsD0BNXeEL68S8a0CaQA+yX4QMkd3LHvh185V5hs,7.572488676806915,25.80048249513277,12.840448004132089
253800,iZevtgAl0HI5hdm+uou75zIFDsD0BNXeEL68S8a0CaQA+yX4QMkd3LHvh185V5hs,7.797731243214289,21.57495854426293,10.72770079507428
254100,iZevtgAl0HI5hdm+uou75zIFDsD0BNXeEL68S8a0CaQA+yX4QMkd3LHvh185V5hs,8.18229165993454,16.062606964541523,11.232672792575595
254400,iZevtgAl0HI5hdm+uou75zIFDsD0BNXeEL68S8a0CaQA+yX4QMkd3LHvh185V5hs,8.769484244415683,19.976742597042264,12.02127033750888
254700,iZevtgAl0HI5hdm+uou75zIFDsD0BNXeEL68S8a0CaQA+yX4QMkd3LHvh185V5hs,7.591978021127747,22.078282312028385,12.670909543258288
255000,iZevtgAl0HI5hdm+uou75zIFDsD0BNXeEL68S8a0CaQA+yX4QMkd3LHvh185V5hs,8.233245945866937,17.784202869566556,11.42045999547394
255300,iZevtgAl0HI5hdm+uou75zIFDsD0BNXeEL68S8a0CaQA+yX4QMkd3LHvh185V5hs,8.1181501276896,20.69982560851343,12.076703329915343
255600,iZevtgAl0HI5hdm+uou75zIFDsD0BNXeEL68S8a0CaQA+yX4QMkd3LHvh185V5hs,7.50276053178239,20.09379563864143,11.487681728367816
255900,iZevtgAl0HI5hdm+uou75zIFDsD0BNXeEL68S8a0CaQA+yX4QMkd3LHvh185V5hs,7.66074887849381,19.174418851600365,10.315595987791967
256200,iZevtgAl0HI5hdm+uou75zIFDsD0BNXeEL68S8a0CaQA+yX4QMkd3LHvh185V5hs,7.53697598769618,17.858450399118365,10.523362411641076
256500,iZevtgAl0HI5hdm+uou75zIFDsD0BNXeEL68S8a0CaQA+yX4QMkd3LHvh185V5hs,8.103888849921914,17.312532528181883,10.94046352232154
256800,iZevtgAl0HI5hdm+uou75zIFDsD0BNXeEL68S8a0CaQA+yX4QMkd3LHvh185V5hs,6.314699943221986,21.57626009359601,10.201647158423564
257100,iZevtgAl0HI5hdm+uou75zIFDsD0BNXeEL68S8a0CaQA+yX4QMkd3LHvh185V5hs,7.823265194636773,18.5825674943397,10.825006715077834
257400,iZevtgAl0HI5hdm+uou75zIFDsD0BNXeEL68S8a0CaQA+yX4QMkd3LHvh185V5hs,7.5391551406238335,18.33396157038433,10.18361379001396
257700,iZevtgAl0HI5hdm+uou75zIFDsD0BNXeEL68S8a0CaQA+yX4QMkd3LHvh185V5hs,6.476046038177422,16.840167249112845,9.37556579833925
258000,iZevtgAl0HI5hdm+uou75zIFDsD0BNXeEL68S8a0CaQA+yX4QMkd3LHvh185V5hs,6.827465507502611,15.998902226470372,9.45786530243516
258300,iZevtgAl0HI5hdm+uou75zIFDsD0BNXeEL68S8a0CaQA+yX4QMkd3LHvh185V5hs,6.293109518619444,20.79653495047468,10.078552519952757
258600,iZevtgAl0HI5hdm+uou75zIFDsD0BNXeEL68S8a0CaQA+yX4QMkd3LHvh185V5hs,6.5242108992196455,16.272932571585972,10.145185247716364
258900,iZevtgAl0HI5hdm+uou75zIFDsD0BNXeEL68S8a0CaQA+yX4QMkd3LHvh185V5hs,7.46961120705082,17.51066042453669,9.75902093588592
259200,iZevtgAl0HI5hdm+uou75zIFDsD0BNXeEL68S8a0CaQA+yX4QMkd3LHvh185V5hs,6.809663690746653,17.189965235763847,9.070617342538435
259500,iZevtgAl0HI5hdm+uou75zIFDsD0BNXeEL68S8a0CaQA+yX4QMkd3LHvh185V5hs,6.733538144816428,17.079449423260787,9.376708463101318
259800,iZevtgAl0HI5hdm+uou75zIFDsD0BNXeEL68S8a0CaQA+yX4QMkd3LHvh185V5hs,7.433349976429594,14.67706243310552,9.914699259701985
260100,iZevtgAl0HI5hdm+uou75zIFDsD0BNXeEL68S8a0CaQA+yX4QMkd3LHvh185V5hs,8.42340886150413,15.874617811563777,10.564787214635697
260400,iZevtgAl0HI5hdm+uou75zIFDsD0BNXeEL68S8a0CaQA+yX4QMkd3LHvh185V5hs,6.331568769619043,17.909113201171316,9.364166267416303
260700,iZevtgAl0HI5hdm+uou75zIFDsD0BNXeEL68S8a0CaQA+yX4QMkd3LHvh185V5hs,7.9820196234937795,19.542358839793103,12.811000286247896
261000,iZevtgAl0HI5hdm+uou75zIFDsD0BNXeEL68S8a0CaQA+yX4QMkd3LHvh185V5hs,11.673833102216896,84.53175276525302,27.670019248582456
261300,iZevtgAl0HI5hdm+uou75zIFDsD0BNXeEL68S8a0CaQA+yX4QMkd3LHvh185V5hs,5.8743924058077,16.79383533534664,8.670498905079949
261600,iZevtgAl0HI5hdm+uou75zIFDsD0BNXeEL68S8a0CaQA+yX4QMkd3LHvh185V5hs,5.4045129094517845,18.346829659479855,7.91694794139276
261900,iZevtgAl0HI5hdm+uou75zIFDsD0BNXeEL68S8a0CaQA+yX4QMkd3LHvh185V5hs,5.7386570288965615,13.137726243426124,7.906967866937581
262200,iZevtgAl0HI5hdm+uou75zIFDsD0BNXeEL68S8a0CaQA+yX4QMkd3LHvh185V5hs,6.432717455967048,16.05621984406701,8.24704164339759
262500,iZevtgAl0HI5hdm+uou75zIFDsD0BNXeEL68S8a0CaQA+yX4QMkd3LHvh185V5hs,5.7136224512094715,17.849423959238692,8.506425206481849
262800,iZevtgAl0HI5hdm+uou75zIFDsD0BNXeEL68S8a0CaQA+yX4QMkd3LHvh185V5hs,4.98632151810873,12.6134461267235,8.141520611482619
263100,iZevtgAl0HI5hdm+uou75zIFDsD0BNXeEL68S8a0CaQA+yX4QMkd3LHvh185V5hs,6.378763392117462,15.873244776243196,8.60742317379781
263400,iZevtgAl0HI5hdm+uou75zIFDsD0BNXeEL68S8a0CaQA+yX4QMkd3LHvh185V5hs,5.595192819800793,15.97169255954542,8.177082840081953
263700,iZevtgAl0HI5hdm+uou75zIFDsD0BNXeEL68S8a0CaQA+yX4QMkd3LHvh185V5hs,5.931187294242096,13.638710250796898,8.354976987653053
264000,iZevtgAl0HI5hdm+uou75zIFDsD0BNXeEL68S8a0CaQA+yX4QMkd3LHvh185V5hs,6.208976132351211,17.663964816521627,8.586761577908087
264300,iZevtgAl0HI5hdm+uou75zIFDsD0BNXeEL68S8a0CaQA+yX4QMkd3LHvh185V5hs,6.364841592901278,17.59067097593337,9.066385094592611
264600,iZevtgAl0HI5hdm+uou75zIFDsD0BNXeEL68S8a0CaQA+yX4QMkd3LHvh185V5hs,5.471422272367753,14.100772334991396,8.136138293779409
264900,iZevtgAl0HI5hdm+uou75zIFDsD0BNXeEL68S8a0CaQA+yX4QMkd3LHvh185V5hs,5.97091919557248,15.043655863658264,8.27623933324551
265200,iZevtgAl0HI5hdm+uou75zIFDsD0BNXeEL68S8a0CaQA+yX4QMkd3LHvh185V5hs,5.520552065710145,13.203986785963114,7.643047831250576
265500,iZevtgAl0HI5hdm+uou75zIFDsD0BNXeEL68S8a0CaQA+yX4QMkd3LHvh185V5hs,6.348547235657312,13.870501904503447,8.55627624992768
265800,iZevtgAl0HI5hdm+uou75zIFDsD0BNXeEL68S8a0CaQA+yX4QMkd3LHvh185V5hs,5.172382901507342,14.629976868466436,7.475443612536176
266100,iZevtgAl0HI5hdm+uou75zIFDsD0BNXeEL68S8a0CaQA+yX4QMkd3LHvh185V5hs,5.927705295357387,13.837249304656366,8.10503264552675
266400,iZevtgAl0HI5hdm+uou75zIFDsD0BNXeEL68S8a0CaQA+yX4QMkd3LHvh185V5hs,5.869342493349063,15.514059958007108,8.22115627611539
266700,iZevtgAl0HI5hdm+uou75zIFDsD0BNXeEL68S8a0CaQA+yX4QMkd3LHvh185V5hs,5.1562563483019375,14.667370714878697,8.356002317662758
267000,iZevtgAl0HI5hdm+uou75zIFDsD0BNXeEL68S8a0CaQA+yX4QMkd3LHvh185V5hs,4.416520134463294,16.93538276796822,7.552266509771792
267300,iZevtgAl0HI5hdm+uou75zIFDsD0BNXeEL68S8a0CaQA+yX4QMkd3LHvh185V5hs,4.968274071282043,15.417756687893116,8.301701990133429
267600,iZevtgAl0HI5hdm+uou75zIFDsD0BNXeEL68S8a0CaQA+yX4QMkd3LHvh185V5hs,5.10895809340472,15.820186609425036,8.029101652278323
267900,iZevtgAl0HI5hdm+uou75zIFDsD0BNXeEL68S8a0CaQA+yX4QMkd3LHvh185V5hs,5.645102317775768,14.93157027999192,8.71870277018451
268200,iZevtgAl0HI5hdm+uou75zIFDsD0BNXeEL68S8a0CaQA+yX4QMkd3LHvh185V5hs,5.5573206633316525,13.697835711787,7.652292114280916
268500,iZevtgAl0HI5hdm+uou75zIFDsD0BNXeEL68S8a0CaQA+yX4QMkd3LHvh185V5hs,5.250969413063002,12.972802875705542,7.779256977673005
268800,iZevtgAl0HI5hdm+uou75zIFDsD0BNXeEL68S8a0CaQA+yX4QMkd3LHvh185V5hs,5.0912546187544425,15.87503908866679,7.26179048888539
269100,iZevtgAl0HI5hdm+uou75zIFDsD0BNXeEL68S8a0CaQA+yX4QMkd3LHvh185V5hs,5.066501249540866,13.195195759687682,7.405945364554057
269400,iZevtgAl0HI5hdm+uou75zIFDsD0BNXeEL68S8a0CaQA+yX4QMkd3LHvh185V5hs,4.4524722437967865,13.122300468468888,6.9532057786314745
269700,iZevtgAl0HI5hdm+uou75zIFDsD0BNXeEL68S8a0CaQA+yX4QMkd3LHvh185V5hs,4.973259047365145,11.691271332798191,7.098903327455149
270000,iZevtgAl0HI5hdm+uou75zIFDsD0BNXeEL68S8a0CaQA+yX4QMkd3LHvh185V5hs,4.402501182719186,15.555946650485744,7.66127942577124
270300,iZevtgAl0HI5hdm+uou75zIFDsD0BNXeEL68S8a0CaQA+yX4QMkd3LHvh185V5hs,5.738204749953288,17.116881896517263,8.713582884135127
270600,iZevtgAl0HI5hdm+uou75zIFDsD0BNXeEL68S8a0CaQA+yX4QMkd3LHvh185V5hs,4.5619036693257575,17.188181162346673,7.875165829090957
270900,iZevtgAl0HI5hdm+uou75zIFDsD0BNXeEL68S8a0CaQA+yX4QMkd3LHvh185V5hs,4.7570208579240205,14.954252237470376,8.238677932313955
271200,iZevtgAl0HI5hdm+uou75zIFDsD0BNXeEL68S8a0CaQA+yX4QMkd3LHvh185V5hs,5.051750159641182,14.403074258427042,7.5871584591073455
271500,iZevtgAl0HI5hdm+uou75zIFDsD0BNXeEL68S8a0CaQA+yX4QMkd3LHvh185V5hs,5.208107437623494,13.01732972345113,7.92732018767652
271800,iZevtgAl0HI5hdm+uou75zIFDsD0BNXeEL68S8a0CaQA+yX4QMkd3LHvh185V5hs,4.675944382708444,16.229383683743116,7.77941243443818
272100,iZevtgAl0HI5hdm+uou75zIFDsD0BNXeEL68S8a0CaQA+yX4QMkd3LHvh185V5hs,3.482350344271363,18.049840491016408,6.151065225475474
272400,iZevtgAl0HI5hdm+uou75zIFDsD0BNXeEL68S8a0CaQA+yX4QMkd3LHvh185V5hs,3.879900891389808,14.040503005071075,5.761840766492045
272700,iZevtgAl0HI5hdm+uou75zIFDsD0BNXeEL68S8a0CaQA+yX4QMkd3LHvh185V5hs,3.0692768201731324,11.03203911024907,5.575700740142674
273000,iZevtgAl0HI5hdm+uou75zIFDsD0BNXeEL68S8a0CaQA+yX4QMkd3LHvh185V5hs,3.7307252321366553,10.235877581444624,5.793472784878828
273300,iZevtgAl0HI5hdm+uou75zIFDsD0BNXeEL68S8a0CaQA+yX4QMkd3LHvh185V5hs,3.372770351839209,10.409840627136166,5.494453419662416
273600,iZevtgAl0HI5hdm+uou75zIFDsD0BNXeEL68S8a0CaQA+yX4QMkd3LHvh185V5hs,3.36896684339207,11.04627697697477,5.524973940591732
273900,iZevtgAl0HI5hdm+uou75zIFDsD0BNXeEL68S8a0CaQA+yX4QMkd3LHvh185V5hs,3.7004253681630264,12.371271504351984,5.85348583672824
274200,iZevtgAl0HI5hdm+uou75zIFDsD0BNXeEL68S8a0CaQA+yX4QMkd3LHvh185V5hs,3.7377294261001706,8.762870222633303,5.20704062018205
274500,iZevtgAl0HI5hdm+uou75zIFDsD0BNXeEL68S8a0CaQA+yX4QMkd3LHvh185V5hs,3.0388430284781727,8.719101461498374,5.222151681820876
274800,iZevtgAl0HI5hdm+uou75zIFDsD0BNXeEL68S8a0CaQA+yX4QMkd3LHvh185V5hs,3.7408346572124738,9.4894967686677,5.41327275112861
275100,iZevtgAl0HI5hdm+uou75zIFDsD0BNXeEL68S8a0CaQA+yX4QMkd3LHvh185V5hs,3.63700923704538,12.050251553413291,5.398963769556329
275400,iZevtgAl0HI5hdm+uou75zIFDsD0BNXeEL68S8a0CaQA+yX4QMkd3LHvh185V5hs,3.411152952929854,15.784216494416295,5.534063820509832
275700,iZevtgAl0HI5hdm+uou75zIFDsD0BNXeEL68S8a0CaQA+yX4QMkd3LHvh185V5hs,3.3174656588419498,9.26989883777284,4.950684681532169
276000,iZevtgAl0HI5hdm+uou75zIFDsD0BNXeEL68S8a0CaQA+yX4QMkd3LHvh185V5hs,2.872589744366528,7.813594139661969,4.761942843594041
276300,iZevtgAl0HI5hdm+uou75zIFDsD0BNXeEL68S8a0CaQA+yX4QMkd3LHvh185V5hs,2.7220513449543318,9.296403935907858,4.412805930686045
276600,iZevtgAl0HI5hdm+uou75zIFDsD0BNXeEL68S8a0CaQA+yX4QMkd3LHvh185V5hs,3.3641744692993942,10.684528372713345,4.614052104294118
276900,iZevtgAl0HI5hdm+uou75zIFDsD0BNXeEL68S8a0CaQA+yX4QMkd3LHvh185V5hs,3.006905400025476,8.066946451284785,4.518845220737805
277200,iZevtgAl0HI5hdm+uou75zIFDsD0BNXeEL68S8a0CaQA+yX4QMkd3LHvh185V5hs,2.5470677697736326,8.931654080462323,4.488619016974882
277500,iZevtgAl0HI5hdm+uou75zIFDsD0BNXeEL68S8a0CaQA+yX4QMkd3LHvh185V5hs,3.3519690543050795,7.881498607043315,4.803166675927123
277800,iZevtgAl0HI5hdm+uou75zIFDsD0BNXeEL68S8a0CaQA+yX4QMkd3LHvh185V5hs,3.197951114086263,9.003260224871124,4.698827738304425
278100,iZevtgAl0HI5hdm+uou75zIFDsD0BNXeEL68S8a0CaQA+yX4QMkd3LHvh185V5hs,2.663821478149395,9.865882425768413,4.244903809858163
278400,iZevtgAl0HI5hdm+uou75zIFDsD0BNXeEL68S8a0CaQA+yX4QMkd3LHvh185V5hs,2.7739550944617943,10.005072985333666,4.26568084397328
278700,iZevtgAl0HI5hdm+uou75zIFDsD0BNXeEL68S8a0CaQA+yX4QMkd3LHvh185V5hs,2.607648471042161,7.324565898383646,3.988779787765013
279000,iZevtgAl0HI5hdm+uou75zIFDsD0BNXeEL68S8a0CaQA+yX4QMkd3LHvh185V5hs,2.7083302504847038,13.858972015440962,4.537648152538003
279300,iZevtgAl0HI5hdm+uou75zIFDsD0BNXeEL68S8a0CaQA+yX4QMkd3LHvh185V5hs,2.665270705597403,8.29444321436932,4.271755803778496
279600,iZevtgAl0HI5hdm+uou75zIFDsD0BNXeEL68S8a0CaQA+yX4QMkd3LHvh185V5hs,2.6077561642504627,9.34319049466822,4.193053973430104
279900,iZevtgAl0HI5hdm+uou75zIFDsD0BNXeEL68S8a0CaQA+yX4QMkd3LHvh185V5hs,2.3895724764482065,10.896656208374717,3.685761519952099
280200,iZevtgAl0HI5hdm+uou75zIFDsD0BNXeEL68S8a0CaQA+yX4QMkd3LHvh185V5hs,3.0551858462533055,7.029776772700756,4.285552012380433
280500,iZevtgAl0HI5hdm+uou75zIFDsD0BNXeEL68S8a0CaQA+yX4QMkd3LHvh185V5hs,3.1767426158231427,10.661577783948111,4.546419617611464
280800,iZevtgAl0HI5hdm+uou75zIFDsD0BNXeEL68S8a0CaQA+yX4QMkd3LHvh185V5hs,2.363666619811833,8.160072163661706,3.8726100041767433
281100,iZevtgAl0HI5hdm+uou75zIFDsD0BNXeEL68S8a0CaQA+yX4QMkd3LHvh185V5hs,2.5758159585134,7.879371791900573,4.334309409901747
281400,iZevtgAl0HI5hdm+uou75zIFDsD0BNXeEL68S8a0CaQA+yX4QMkd3LHvh185V5hs,2.112763269461296,27.797082058057136,6.416101246274041
281700,iZevtgAl0HI5hdm+uou75zIFDsD0BNXeEL68S8a0CaQA+yX4QMkd3LHvh185V5hs,2.463998181835003,22.153345271560084,5.1006509827270605
282000,iZevtgAl0HI5hdm+uou75zIFDsD0BNXeEL68S8a0CaQA+yX4QMkd3LHvh185V5hs,2.358247567086952,6.354541169293681,3.603034136779344
282300,iZevtgAl0HI5hdm+uou75zIFDsD0BNXeEL68S8a0CaQA+yX4QMkd3LHvh185V5hs,2.1362116241520126,8.132522143727988,3.4775851591209004
282600,iZevtgAl0HI5hdm+uou75zIFDsD0BNXeEL68S8a0CaQA+yX4QMkd3LHvh185V5hs,2.474196687062472,10.37055320224318,4.014912612188354
282900,iZevtgAl0HI5hdm+uou75zIFDsD0BNXeEL68S8a0CaQA+yX4QMkd3LHvh185V5hs,2.037204741414014,15.614329641897289,4.556798747497646
283200,iZevtgAl0HI5hdm+uou75zIFDsD0BNXeEL68S8a0CaQA+yX4QMkd3LHvh185V5hs,2.3078954886954866,16.225002298529336,4.556500082926137
283500,iZevtgAl0HI5hdm+uou75zIFDsD0BNXeEL68S8a0CaQA+yX4QMkd3LHvh185V5hs,1.9198155335489733,8.159606953726179,3.443041082433917
283800,iZevtgAl0HI5hdm+uou75zIFDsD0BNXeEL68S8a0CaQA+yX4QMkd3LHvh185V5hs,2.0219032523017444,7.24996211169927,3.2163643686657446
284100,iZevtgAl0HI5hdm+uou75zIFDsD0BNXeEL68S8a0CaQA+yX4QMkd3LHvh185V5hs,2.0843882721645204,6.202327475162257,3.0313431535224487
284400,iZevtgAl0HI5hdm+uou75zIFDsD0BNXeEL68S8a0CaQA+yX4QMkd3LHvh185V5hs,1.9348817195360783,6.61843747501663,3.106708355700002
284700,iZevtgAl0HI5hdm+uou75zIFDsD0BNXeEL68S8a0CaQA+yX4QMkd3LHvh185V5hs,1.78462651027594,5.774743957089958,2.9221150155221096
285000,iZevtgAl0HI5hdm+uou75zIFDsD0BNXeEL68S8a0CaQA+yX4QMkd3LHvh185V5hs,1.8279398462023837,7.972397407774678,3.426828202711236
285300,iZevtgAl0HI5hdm+uou75zIFDsD0BNXeEL68S8a0CaQA+yX4QMkd3LHvh185V5hs,2.435153022036809,7.427237222475939,3.2151565867052363
285600,iZevtgAl0HI5hdm+uou75zIFDsD0BNXeEL68S8a0CaQA+yX4QMkd3LHvh185V5hs,2.0276578087618975,6.9736843153724655,3.2975982383825846
285900,iZevtgAl0HI5hdm+uou75zIFDsD0BNXeEL68S8a0CaQA+yX4QMkd3LHvh185V5hs,2.257603794252003,6.074773334599526,3.3459523431196185
286200,iZevtgAl0HI5hdm+uou75zIFDsD0BNXeEL68S8a0CaQA+yX4QMkd3LHvh185V5hs,2.0093980174354757,10.496590078844529,4.079615308829872
286500,iZevtgAl0HI5hdm+uou75zIFDsD0BNXeEL68S8a0CaQA+yX4QMkd3LHvh185V5hs,2.1529606950992397,6.881737249374839,4.124376323889465
286800,iZevtgAl0HI5hdm+uou75zIFDsD0BNXeEL68S8a0CaQA+yX4QMkd3LHvh185V5hs,2.223250586618813,6.811091329159908,4.291819150223916
287100,iZevtgAl0HI5hdm+uou75zIFDsD0BNXeEL68S8a0CaQA+yX4QMkd3LHvh185V5hs,2.0667581548219025,6.732334891109843,4.280881017878321
287400,iZevtgAl0HI5hdm+uou75zIFDsD0BNXeEL68S8a0CaQA+yX4QMkd3LHvh185V5hs,2.3253006585335347,7.726012677219709,4.200901088162711
287700,iZevtgAl0HI5hdm+uou75zIFDsD0BNXeEL68S8a0CaQA+yX4QMkd3LHvh185V5hs,2.0877866787841994,9.179205040328771,4.173013057668107
288000,iZevtgAl0HI5hdm+uou75zIFDsD0BNXeEL68S8a0CaQA+yX4QMkd3LHvh185V5hs,1.699213808993176,5.297866522539208,2.7678247540440104
288300,iZevtgAl0HI5hdm+uou75zIFDsD0BNXeEL68S8a0CaQA+yX4QMkd3LHvh185V5hs,1.7753486178048377,5.217768733927346,2.8249826705892778
288600,iZevtgAl0HI5hdm+uou75zIFDsD0BNXeEL68S8a0CaQA+yX4QMkd3LHvh185V5hs,1.552442989537642,6.095198194471728,2.5905340747407
288900,iZevtgAl0HI5hdm+uou75zIFDsD0BNXeEL68S8a0CaQA+yX4QMkd3LHvh185V5hs,1.6423847481013247,3.852875878560301,2.5145015771073465
289200,iZevtgAl0HI5hdm+uou75zIFDsD0BNXeEL68S8a0CaQA+yX4QMkd3LHvh185V5hs,1.6645056333757726,6.41579509008714,2.8363240301908768
289500,iZevtgAl0HI5hdm+uou75zIFDsD0BNXeEL68S8a0CaQA+yX4QMkd3LHvh185V5hs,1.597112316597114,5.443103853355352,2.796217090388294
289800,iZevtgAl0HI5hdm+uou75zIFDsD0BNXeEL68S8a0CaQA+yX4QMkd3LHvh185V5hs,1.8169698123721767,10.156544049257224,3.0899991087238314
290100,iZevtgAl0HI5hdm+uou75zIFDsD0BNXeEL68S8a0CaQA+yX4QMkd3LHvh185V5hs,1.9095101268654555,4.592166088132448,2.9274568779415264
290400,iZevtgAl0HI5hdm+uou75zIFDsD0BNXeEL68S8a0CaQA+yX4QMkd3LHvh185V5hs,1.8785624316662917,5.861155583186737,2.9178091563364053
290700,iZevtgAl0HI5hdm+uou75zIFDsD0BNXeEL68S8a0CaQA+yX4QMkd3LHvh185V5hs,1.6553089403817969,5.059600126449441,2.70537467600908
291000,iZevtgAl0HI5hdm+uou75zIFDsD0BNXeEL68S8a0CaQA+yX4QMkd3LHvh185V5hs,1.8201361588241585,5.3271905111148765,2.5791641451661245
291300,iZevtgAl0HI5hdm+uou75zIFDsD0BNXeEL68S8a0CaQA+yX4QMkd3LHvh185V5hs,1.9548400692011745,5.251026176321825,3.1101136846776702
291600,iZevtgAl0HI5hdm+uou75zIFDsD0BNXeEL68S8a0CaQA+yX4QMkd3LHvh185V5hs,1.7389712063260814,5.041339156717355,2.7889139162125973
291900,iZevtgAl0HI5hdm+uou75zIFDsD0BNXeEL68S8a0CaQA+yX4QMkd3LHvh185V5hs,1.8057752708860064,5.283029021286943,2.9845125862891924
292200,iZevtgAl0HI5hdm+uou75zIFDsD0BNXeEL68S8a0CaQA+yX4QMkd3LHvh185V5hs,1.5362585976051997,4.879837645848632,2.70925049028418
292500,iZevtgAl0HI5hdm+uou75zIFDsD0BNXeEL68S8a0CaQA+yX4QMkd3LHvh185V5hs,1.814006972527641,5.431676954973636,2.9702350443449164
292800,iZevtgAl0HI5hdm+uou75zIFDsD0BNXeEL68S8a0CaQA+yX4QMkd3LHvh185V5hs,1.3051764868895694,8.57003135689602,2.7052387267626408
293100,iZevtgAl0HI5hdm+uou75zIFDsD0BNXeEL68S8a0CaQA+yX4QMkd3LHvh185V5hs,1.4243996402116477,4.956064713006016,2.4656666540239307
293400,iZevtgAl0HI5hdm+uou75zIFDsD0BNXeEL68S8a0CaQA+yX4QMkd3LHvh185V5hs,1.6590028037147382,10.1668182127293,3.0872610991671534
293700,iZevtgAl0HI5hdm+uou75zIFDsD0BNXeEL68S8a0CaQA+yX4QMkd3LHvh185V5hs,1.0339669380062355,5.69411603626891,2.2094907465360505
294000,iZevtgAl0HI5hdm+uou75zIFDsD0BNXeEL68S8a0CaQA+yX4QMkd3LHvh185V5hs,1.4255722357107743,3.9243179434265927,2.1191332216879912
294300,iZevtgAl0HI5hdm+uou75zIFDsD0BNXeEL68S8a0CaQA+yX4QMkd3LHvh185V5hs,1.5567178037464888,4.029015179218436,2.568201685448852
294600,iZevtgAl0HI5hdm+uou75zIFDsD0BNXeEL68S8a0CaQA+yX4QMkd3LHvh185V5hs,1.4849007899626234,5.393144546219575,2.4164451806568445
294900,iZevtgAl0HI5hdm+uou75zIFDsD0BNXeEL68S8a0CaQA+yX4QMkd3LHvh185V5hs,1.972289629815016,4.564974680281898,2.6915400323750127
295200,iZevtgAl0HI5hdm+uou75zIFDsD0BNXeEL68S8a0CaQA+yX4QMkd3LHvh185V5hs,1.3248747688289606,3.994104020934536,2.449154311132088
295500,iZevtgAl0HI5hdm+uou75zIFDsD0BNXeEL68S8a0CaQA+yX4QMkd3LHvh185V5hs,1.4498969629609693,4.607141808734116,2.3310475490439737
295800,iZevtgAl0HI5hdm+uou75zIFDsD0BNXeEL68S8a0CaQA+yX4QMkd3LHvh185V5hs,1.4898210979157058,5.405405743682313,2.521966876414731
296100,iZevtgAl0HI5hdm+uou75zIFDsD0BNXeEL68S8a0CaQA+yX4QMkd3LHvh185V5hs,1.4754420703142344,5.3180251986292895,2.2498560032556587
296400,iZevtgAl0HI5hdm+uou75zIFDsD0BNXeEL68S8a0CaQA+yX4QMkd3LHvh185V5hs,1.4942840243218212,7.223261944276644,2.462988525772993
296700,iZevtgAl0HI5hdm+uou75zIFDsD0BNXeEL68S8a0CaQA+yX4QMkd3LHvh185V5hs,1.404340381233541,4.877770667625933,2.576547065557928
297000,iZevtgAl0HI5hdm+uou75zIFDsD0BNXeEL68S8a0CaQA+yX4QMkd3LHvh185V5hs,1.6003203045130814,8.920365156313261,2.862283888561461
297300,iZevtgAl0HI5hdm+uou75zIFDsD0BNXeEL68S8a0CaQA+yX4QMkd3LHvh185V5hs,1.5296745082886918,7.0552611255112,2.912603531245808
297600,iZevtgAl0HI5hdm+uou75zIFDsD0BNXeEL68S8a0CaQA+yX4QMkd3LHvh185V5hs,1.1737497769947345,3.6276680627902618,2.3109568421881885
297900,iZevtgAl0HI5hdm+uou75zIFDsD0BNXeEL68S8a0CaQA+yX4QMkd3LHvh185V5hs,1.6670008305917017,5.073405574405349,2.502643538642228
298200,iZevtgAl0HI5hdm+uou75zIFDsD0BNXeEL68S8a0CaQA+yX4QMkd3LHvh185V5hs,1.912785004732408,4.174780474154097,2.604789435232806
298500,iZevtgAl0HI5hdm+uou75zIFDsD0BNXeEL68S8a0CaQA+yX4QMkd3LHvh185V5hs,1.8693746533211328,4.629881983945681,2.732035161427479
298800,iZevtgAl0HI5hdm+uou75zIFDsD0BNXeEL68S8a0CaQA+yX4QMkd3LHvh185V5hs,1.6720204586443677,8.245241684731276,2.673810448050885
299100,iZevtgAl0HI5hdm+uou75zIFDsD0BNXeEL68S8a0CaQA+yX4QMkd3LHvh185V5hs,1.57988789847122,3.991606254690504,2.536402928703322
299400,iZevtgAl0HI5hdm+uou75zIFDsD0BNXeEL68S8a0CaQA+yX4QMkd3LHvh185V5hs,1.4851477853069304,5.6642130235448604,2.3182932288984994
299700,iZevtgAl0HI5hdm+uou75zIFDsD0BNXeEL68S8a0CaQA+yX4QMkd3LHvh185V5hs,1.3941331493162636,5.828058429701915,2.47531852339992
300000,iZevtgAl0HI5hdm+uou75zIFDsD0BNXeEL68S8a0CaQA+yX4QMkd3LHvh185V5hs,1.4702940479500024,7.157035450497779,2.452415880474354
300300,iZevtgAl0HI5hdm+uou75zIFDsD0BNXeEL68S8a0CaQA+yX4QMkd3LHvh185V5hs,1.7279747806055978,4.553815287836219,2.745743878773621
300600,iZevtgAl0HI5hdm+uou75zIFDsD0BNXeEL68S8a0CaQA+yX4QMkd3LHvh185V5hs,1.5510269115326911,6.5962112414587,2.5473730678778015
300900,iZevtgAl0HI5hdm+uou75zIFDsD0BNXeEL68S8a0CaQA+yX4QMkd3LHvh185V5hs,1.7919368219998222,11.9497462400404,3.2930619976058484
301200,iZevtgAl0HI5hdm+uou75zIFDsD0BNXeEL68S8a0CaQA+yX4QMkd3LHvh185V5hs,1.7212153336888651,4.595846567191026,2.5901414870117647
301500,iZevtgAl0HI5hdm+uou75zIFDsD0BNXeEL68S8a0CaQA+yX4QMkd3LHvh185V5hs,1.8961505752435452,5.480830126087619,2.6671157694802354
301800,iZevtgAl0HI5hdm+uou75zIFDsD0BNXeEL68S8a0CaQA+yX4QMkd3LHvh185V5hs,1.743634288185114,5.2400666425106674,2.6112758988549127
302100,iZevtgAl0HI5hdm+uou75zIFDsD0BNXeEL68S8a0CaQA+yX4QMkd3LHvh185V5hs,1.527936263896322,4.473175327671945,2.6020378785820064
302400,iZevtgAl0HI5hdm+uou75zIFDsD0BNXeEL68S8a0CaQA+yX4QMkd3LHvh185V5hs,1.4306448996052723,8.628851898620233,3.8043074986659673
302700,iZevtgAl0HI5hdm+uou75zIFDsD0BNXeEL68S8a0CaQA+yX4QMkd3LHvh185V5hs,1.7834940970170536,7.67905179747923,4.2559582830342775
303000,iZevtgAl0HI5hdm+uou75zIFDsD0BNXeEL68S8a0CaQA+yX4QMkd3LHvh185V5hs,1.823124709399947,7.424716775825942,3.88077792942134
303300,iZevtgAl0HI5hdm+uou75zIFDsD0BNXeEL68S8a0CaQA+yX4QMkd3LHvh185V5hs,1.8374246793224371,6.791441377176916,3.979912151569132
303600,iZevtgAl0HI5hdm+uou75zIFDsD0BNXeEL68S8a0CaQA+yX4QMkd3LHvh185V5hs,1.877990967396944,8.645840735330673,4.166708257046178
303900,iZevtgAl0HI5hdm+uou75zIFDsD0BNXeEL68S8a0CaQA+yX4QMkd3LHvh185V5hs,1.8377892655004988,6.152577179778909,3.6363448173074793
304200,iZevtgAl0HI5hdm+uou75zIFDsD0BNXeEL68S8a0CaQA+yX4QMkd3LHvh185V5hs,1.7108474971596472,5.06783614920114,2.8424691326286444
304500,iZevtgAl0HI5hdm+uou75zIFDsD0BNXeEL68S8a0CaQA+yX4QMkd3LHvh185V5hs,1.6229646688678905,11.12828501632552,2.9159096261985087
304800,iZevtgAl0HI5hdm+uou75zIFDsD0BNXeEL68S8a0CaQA+yX4QMkd3LHvh185V5hs,1.7492329631461934,4.078390598531528,2.650714055708885
305100,iZevtgAl0HI5hdm+uou75zIFDsD0BNXeEL68S8a0CaQA+yX4QMkd3LHvh185V5hs,1.7113247731024586,4.549824806931392,2.7663679961566827
305400,iZevtgAl0HI5hdm+uou75zIFDsD0BNXeEL68S8a0CaQA+yX4QMkd3LHvh185V5hs,1.7555409948525846,5.427324961953755,2.6169808295330133
305700,iZevtgAl0HI5hdm+uou75zIFDsD0BNXeEL68S8a0CaQA+yX4QMkd3LHvh185V5hs,1.4418765323412162,5.667413032846865,2.6257061714054615
306000,iZevtgAl0HI5hdm+uou75zIFDsD0BNXeEL68S8a0CaQA+yX4QMkd3LHvh185V5hs,1.3761617653609757,5.121910511647449,2.509010373738927
306300,iZevtgAl0HI5hdm+uou75zIFDsD0BNXeEL68S8a0CaQA+yX4QMkd3LHvh185V5hs,1.7513753650739512,5.180391232477472,2.7719069106997707
306600,iZevtgAl0HI5hdm+uou75zIFDsD0BNXeEL68S8a0CaQA+yX4QMkd3LHvh185V5hs,1.6537004274198508,7.046043768977585,3.111905719594998
306900,iZevtgAl0HI5hdm+uou75zIFDsD0BNXeEL68S8a0CaQA+yX4QMkd3LHvh185V5hs,1.8881005144643,5.977976645018238,3.1466514508084957
307200,iZevtgAl0HI5hdm+uou75zIFDsD0BNXeEL68S8a0CaQA+yX4QMkd3LHvh185V5hs,1.6862373273079885,6.776704982981098,2.5653235146468165
307500,iZevtgAl0HI5hdm+uou75zIFDsD0BNXeEL68S8a0CaQA+yX4QMkd3LHvh185V5hs,1.6472166724281556,5.752330974690793,3.131209908377327
307800,iZevtgAl0HI5hdm+uou75zIFDsD0BNXeEL68S8a0CaQA+yX4QMkd3LHvh185V5hs,1.639249995179992,4.305069645358404,2.759473903351082
308100,iZevtgAl0HI5hdm+uou75zIFDsD0BNXeEL68S8a0CaQA+yX4QMkd3LHvh185V5hs,1.5250050545621918,11.753672003694062,3.0763375610381267
308400,iZevtgAl0HI5hdm+uou75zIFDsD0BNXeEL68S8a0CaQA+yX4QMkd3LHvh185V5hs,1.6822471015262002,5.032431735302998,2.8180079514532568
308700,iZevtgAl0HI5hdm+uou75zIFDsD0BNXeEL68S8a0CaQA+yX4QMkd3LHvh185V5hs,2.1047757936943245,5.530179851622688,3.064330245919606
309000,iZevtgAl0HI5hdm+uou75zIFDsD0BNXeEL68S8a0CaQA+yX4QMkd3LHvh185V5hs,1.495732966163888,5.841997042591763,3.031214681963259
309300,iZevtgAl0HI5hdm+uou75zIFDsD0BNXeEL68S8a0CaQA+yX4QMkd3LHvh185V5hs,1.9058573665307477,6.62636562941224,3.1780954830314903
309600,iZevtgAl0HI5hdm+uou75zIFDsD0BNXeEL68S8a0CaQA+yX4QMkd3LHvh185V5hs,1.7686921706548893,5.945672402812417,3.0798544272083905
309900,iZevtgAl0HI5hdm+uou75zIFDsD0BNXeEL68S8a0CaQA+yX4QMkd3LHvh185V5hs,2.2086556353256945,6.0622440920746685,3.1750634128786075
310200,iZevtgAl0HI5hdm+uou75zIFDsD0BNXeEL68S8a0CaQA+yX4QMkd3LHvh185V5hs,1.811211035733288,30.63878122841723,4.85526303836054
310500,iZevtgAl0HI5hdm+uou75zIFDsD0BNXeEL68S8a0CaQA+yX4QMkd3LHvh185V5hs,1.9153413578119336,12.693071869162567,4.777291290016326
310800,iZevtgAl0HI5hdm+uou75zIFDsD0BNXeEL68S8a0CaQA+yX4QMkd3LHvh185V5hs,1.8270610257129207,5.9350290153631065,3.002661548171019
311100,iZevtgAl0HI5hdm+uou75zIFDsD0BNXeEL68S8a0CaQA+yX4QMkd3LHvh185V5hs,2.3088285718309702,6.993892519141118,3.491978653881216
311400,iZevtgAl0HI5hdm+uou75zIFDsD0BNXeEL68S8a0CaQA+yX4QMkd3LHvh185V5hs,2.013134006582169,5.972692128341987,3.2702880096632576
311700,iZevtgAl0HI5hdm+uou75zIFDsD0BNXeEL68S8a0CaQA+yX4QMkd3LHvh185V5hs,2.1606017606938823,10.46831131947718,3.939112192617441
312000,iZevtgAl0HI5hdm+uou75zIFDsD0BNXeEL68S8a0CaQA+yX4QMkd3LHvh185V5hs,2.2242319631190415,8.174142526650154,3.2011035834309247
312300,iZevtgAl0HI5hdm+uou75zIFDsD0BNXeEL68S8a0CaQA+yX4QMkd3LHvh185V5hs,1.8952516317202248,5.658572469967907,3.241243619026608
312600,iZevtgAl0HI5hdm+uou75zIFDsD0BNXeEL68S8a0CaQA+yX4QMkd3LHvh185V5hs,2.0639871483058645,6.191411380757261,3.290103067531156
312900,iZevtgAl0HI5hdm+uou75zIFDsD0BNXeEL68S8a0CaQA+yX4QMkd3LHvh185V5hs,2.531566329773443,7.657133412930901,3.5402926334056257
313200,iZevtgAl0HI5hdm+uou75zIFDsD0BNXeEL68S8a0CaQA+yX4QMkd3LHvh185V5hs,1.7996348690260384,7.226310354719105,3.177239707646008
313500,iZevtgAl0HI5hdm+uou75zIFDsD0BNXeEL68S8a0CaQA+yX4QMkd3LHvh185V5hs,1.6536305663953237,5.719700427183968,3.2128069339618803
313800,iZevtgAl0HI5hdm+uou75zIFDsD0BNXeEL68S8a0CaQA+yX4QMkd3LHvh185V5hs,2.089926309625915,5.986399625652191,3.5221847072178614
314100,iZevtgAl0HI5hdm+uou75zIFDsD0BNXeEL68S8a0CaQA+yX4QMkd3LHvh185V5hs,2.424261528548276,7.786645944189287,3.4675791237901628
314400,iZevtgAl0HI5hdm+uou75zIFDsD0BNXeEL68S8a0CaQA+yX4QMkd3LHvh185V5hs,1.972512511043315,8.71515484144697,3.4147477233439965
314700,iZevtgAl0HI5hdm+uou75zIFDsD0BNXeEL68S8a0CaQA+yX4QMkd3LHvh185V5hs,2.298398092711079,5.3950981224381565,3.547940609051118
315000,iZevtgAl0HI5hdm+uou75zIFDsD0BNXeEL68S8a0CaQA+yX4QMkd3LHvh185V5hs,2.179742518501067,6.79037340193254,3.2204709938602787
315300,iZevtgAl0HI5hdm+uou75zIFDsD0BNXeEL68S8a0CaQA+yX4QMkd3LHvh185V5hs,1.9756148393509017,11.337342953836636,4.074880233233574
315600,iZevtgAl0HI5hdm+uou75zIFDsD0BNXeEL68S8a0CaQA+yX4QMkd3LHvh185V5hs,1.7510804882834452,8.50952133322638,3.20653110974423
315900,iZevtgAl0HI5hdm+uou75zIFDsD0BNXeEL68S8a0CaQA+yX4QMkd3LHvh185V5hs,2.1617824933513208,5.632064214966848,3.49422922638255
316200,iZevtgAl0HI5hdm+uou75zIFDsD0BNXeEL68S8a0CaQA+yX4QMkd3LHvh185V5hs,2.3622570130454794,7.488526734111533,3.640338009549208
316500,iZevtgAl0HI5hdm+uou75zIFDsD0BNXeEL68S8a0CaQA+yX4QMkd3LHvh185V5hs,2.111140191968473,5.847814097796711,3.62757289615249
316800,iZevtgAl0HI5hdm+uou75zIFDsD0BNXeEL68S8a0CaQA+yX4QMkd3LHvh185V5hs,2.155226579282411,6.941025089722761,3.7942561935908894
317100,iZevtgAl0HI5hdm+uou75zIFDsD0BNXeEL68S8a0CaQA+yX4QMkd3LHvh185V5hs,2.309559692865924,6.454327660337873,3.544111359112484
317400,iZevtgAl0HI5hdm+uou75zIFDsD0BNXeEL68S8a0CaQA+yX4QMkd3LHvh185V5hs,2.2238396150207524,7.131477452538852,3.534125325935137
317700,iZevtgAl0HI5hdm+uou75zIFDsD0BNXeEL68S8a0CaQA+yX4QMkd3LHvh185V5hs,1.716869346970615,6.898979107318427,3.1774836414736027
318000,iZevtgAl0HI5hdm+uou75zIFDsD0BNXeEL68S8a0CaQA+yX4QMkd3LHvh185V5hs,1.9516849658519884,7.757282063134917,3.6144815182253054
318300,iZevtgAl0HI5hdm+uou75zIFDsD0BNXeEL68S8a0CaQA+yX4QMkd3LHvh185V5hs,2.579746961481903,8.420785546377912,3.788554690396662
318600,iZevtgAl0HI5hdm+uou75zIFDsD0BNXeEL68S8a0CaQA+yX4QMkd3LHvh185V5hs,3.352402245182719,8.477231573146558,5.320132013179438
318900,iZevtgAl0HI5hdm+uou75zIFDsD0BNXeEL68S8a0CaQA+yX4QMkd3LHvh185V5hs,2.5049779961445435,15.257403464690348,5.486913166132168
319200,iZevtgAl0HI5hdm+uou75zIFDsD0BNXeEL68S8a0CaQA+yX4QMkd3LHvh185V5hs,2.5018767690106825,8.1354451975292,4.753887785196016
319500,iZevtgAl0HI5hdm+uou75zIFDsD0BNXeEL68S8a0CaQA+yX4QMkd3LHvh185V5hs,2.673045313641071,7.924150014498234,4.73781158907244
319800,iZevtgAl0HI5hdm+uou75zIFDsD0BNXeEL68S8a0CaQA+yX4QMkd3LHvh185V5hs,2.718717463612205,8.853934099972973,5.017774970843276
320100,iZevtgAl0HI5hdm+uou75zIFDsD0BNXeEL68S8a0CaQA+yX4QMkd3LHvh185V5hs,2.5352108718783355,8.025945024220356,4.180101369610008
320400,iZevtgAl0HI5hdm+uou75zIFDsD0BNXeEL68S8a0CaQA+yX4QMkd3LHvh185V5hs,2.459158513397965,6.100968908957182,3.671031386046637
320700,iZevtgAl0HI5hdm+uou75zIFDsD0BNXeEL68S8a0CaQA+yX4QMkd3LHvh185V5hs,2.091816901690623,7.762907103825136,3.700882533309696
321000,iZevtgAl0HI5hdm+uou75zIFDsD0BNXeEL68S8a0CaQA+yX4QMkd3LHvh185V5hs,2.898488368646154,9.28226672488843,4.093861584480462
321300,iZevtgAl0HI5hdm+uou75zIFDsD0BNXeEL68S8a0CaQA+yX4QMkd3LHvh185V5hs,2.759941815181115,8.686639961241445,4.272499493960111
321600,iZevtgAl0HI5hdm+uou75zIFDsD0BNXeEL68S8a0CaQA+yX4QMkd3LHvh185V5hs,3.185347945013488,9.059153240865513,4.7036198693155375
321900,iZevtgAl0HI5hdm+uou75zIFDsD0BNXeEL68S8a0CaQA+yX4QMkd3LHvh185V5hs,2.7633206967052826,9.525697834480017,4.2329271732062015
322200,iZevtgAl0HI5hdm+uou75zIFDsD0BNXeEL68S8a0CaQA+yX4QMkd3LHvh185V5hs,3.1778652564614456,7.923879356484543,4.195487568703072
322500,iZevtgAl0HI5hdm+uou75zIFDsD0BNXeEL68S8a0CaQA+yX4QMkd3LHvh185V5hs,2.9954451793941,9.816130120491712,4.610823592931547
322800,iZevtgAl0HI5hdm+uou75zIFDsD0BNXeEL68S8a0CaQA+yX4QMkd3LHvh185V5hs,2.9691093157330872,8.371149280399948,4.550380569879418
323100,iZevtgAl0HI5hdm+uou75zIFDsD0BNXeEL68S8a0CaQA+yX4QMkd3LHvh185V5hs,2.2779229571552286,7.725980136797737,3.8369252120599726
323400,iZevtgAl0HI5hdm+uou75zIFDsD0BNXeEL68S8a0CaQA+yX4QMkd3LHvh185V5hs,2.9774449057116783,9.556583240591337,4.840852005103383
323700,iZevtgAl0HI5hdm+uou75zIFDsD0BNXeEL68S8a0CaQA+yX4QMkd3LHvh185V5hs,3.1780111071510246,11.575737831467308,4.656189801314586
324000,iZevtgAl0HI5hdm+uou75zIFDsD0BNXeEL68S8a0CaQA+yX4QMkd3LHvh185V5hs,2.355399070173161,11.872816642753902,4.470361631528465
324300,iZevtgAl0HI5hdm+uou75zIFDsD0BNXeEL68S8a0CaQA+yX4QMkd3LHvh185V5hs,2.6401734665018046,9.569051065844118,4.318022499437769
324600,iZevtgAl0HI5hdm+uou75zIFDsD0BNXeEL68S8a0CaQA+yX4QMkd3LHvh185V5hs,3.0121014272419866,9.22855418312866,4.685151604488524
324900,iZevtgAl0HI5hdm+uou75zIFDsD0BNXeEL68S8a0CaQA+yX4QMkd3LHvh185V5hs,2.8778916279018967,21.08887676181959,5.497938338075353
325200,iZevtgAl0HI5hdm+uou75zIFDsD0BNXeEL68S8a0CaQA+yX4QMkd3LHvh185V5hs,3.5766915163025064,9.939414223971912,4.896683611096014
325500,iZevtgAl0HI5hdm+uou75zIFDsD0BNXeEL68S8a0CaQA+yX4QMkd3LHvh185V5hs,3.153711323942592,8.623869329008599,4.621090603238884
325800,iZevtgAl0HI5hdm+uou75zIFDsD0BNXeEL68S8a0CaQA+yX4QMkd3LHvh185V5hs,3.302148826490938,9.626491088131164,4.901385824683048
326100,iZevtgAl0HI5hdm+uou75zIFDsD0BNXeEL68S8a0CaQA+yX4QMkd3LHvh185V5hs,2.9160350345050627,9.721375674411474,4.830168117096032
326400,iZevtgAl0HI5hdm+uou75zIFDsD0BNXeEL68S8a0CaQA+yX4QMkd3LHvh185V5hs,2.626955252498085,14.370977534871471,5.038591973313154
326700,iZevtgAl0HI5hdm+uou75zIFDsD0BNXeEL68S8a0CaQA+yX4QMkd3LHvh185V5hs,2.8536345450110225,7.950438000134773,4.234517122043387
327000,iZevtgAl0HI5hdm+uou75zIFDsD0BNXeEL68S8a0CaQA+yX4QMkd3LHvh185V5hs,3.3652073414128543,9.385747249256026,4.724795999819267
327300,iZevtgAl0HI5hdm+uou75zIFDsD0BNXeEL68S8a0CaQA+yX4QMkd3LHvh185V5hs,2.1472978966088663,9.047408205655378,4.2383913560579884
327600,iZevtgAl0HI5hdm+uou75zIFDsD0BNXeEL68S8a0CaQA+yX4QMkd3LHvh185V5hs,2.6076727119136245,8.093474820455786,4.592429261546124
327900,iZevtgAl0HI5hdm+uou75zIFDsD0BNXeEL68S8a0CaQA+yX4QMkd3LHvh185V5hs,3.0410271697771214,10.379055309580089,4.901018364428103
328200,iZevtgAl0HI5hdm+uou75zIFDsD0BNXeEL68S8a0CaQA+yX4QMkd3LHvh185V5hs,3.42654552259723,10.149541999059895,5.705885704046032
328500,iZevtgAl0HI5hdm+uou75zIFDsD0BNXeEL68S8a0CaQA+yX4QMkd3LHvh185V5hs,3.862242241905775,10.992031820100676,6.048325748143925
328800,iZevtgAl0HI5hdm+uou75zIFDsD0BNXeEL68S8a0CaQA+yX4QMkd3LHvh185V5hs,4.028603669381648,11.99938097509968,6.76680754551514
329100,iZevtgAl0HI5hdm+uou75zIFDsD0BNXeEL68S8a0CaQA+yX4QMkd3LHvh185V5hs,3.5526483765419523,11.104443113173444,6.303180346877817
329400,iZevtgAl0HI5hdm+uou75zIFDsD0BNXeEL68S8a0CaQA+yX4QMkd3LHvh185V5hs,3.616633137550129,10.729808637813877,6.734292519506907
329700,iZevtgAl0HI5hdm+uou75zIFDsD0BNXeEL68S8a0CaQA+yX4QMkd3LHvh185V5hs,4.418515437586915,13.976459258909983,6.549066769605605
330000,iZevtgAl0HI5hdm+uou75zIFDsD0BNXeEL68S8a0CaQA+yX4QMkd3LHvh185V5hs,3.0772340209277145,12.661101277574817,5.907253566497297
330300,iZevtgAl0HI5hdm+uou75zIFDsD0BNXeEL68S8a0CaQA+yX4QMkd3LHvh185V5hs,3.2149462812647687,9.681461180081364,5.045348679640656
330600,iZevtgAl0HI5hdm+uou75zIFDsD0BNXeEL68S8a0CaQA+yX4QMkd3LHvh185V5hs,2.9614100563987007,11.133071097278158,5.0973808627368085
330900,iZevtgAl0HI5hdm+uou75zIFDsD0BNXeEL68S8a0CaQA+yX4QMkd3LHvh185V5hs,3.6584123805872943,11.316165451883032,5.695327548579014
331200,iZevtgAl0HI5hdm+uou75zIFDsD0BNXeEL68S8a0CaQA+yX4QMkd3LHvh185V5hs,3.6407076941969536,12.827042403318222,5.352536186890118
331500,iZevtgAl0HI5hdm+uou75zIFDsD0BNXeEL68S8a0CaQA+yX4QMkd3LHvh185V5hs,3.326934821002808,13.509047968615295,5.668696064199413
331800,iZevtgAl0HI5hdm+uou75zIFDsD0BNXeEL68S8a0CaQA+yX4QMkd3LHvh185V5hs,3.6536670990076177,13.388815265893545,5.364506739695992
332100,iZevtgAl0HI5hdm+uou75zIFDsD0BNXeEL68S8a0CaQA+yX4QMkd3LHvh185V5hs,3.142424472718901,8.708117787973457,4.973136480286068
332400,iZevtgAl0HI5hdm+uou75zIFDsD0BNXeEL68S8a0CaQA+yX4QMkd3LHvh185V5hs,3.2921400203818143,10.579290456051815,5.461156717480344
332700,iZevtgAl0HI5hdm+uou75zIFDsD0BNXeEL68S8a0CaQA+yX4QMkd3LHvh185V5hs,3.3945082453483466,10.297208392091358,5.501308666353358
333000,iZevtgAl0HI5hdm+uou75zIFDsD0BNXeEL68S8a0CaQA+yX4QMkd3LHvh185V5hs,3.8904359663683934,9.730031834942414,5.953565089529289
333300,iZevtgAl0HI5hdm+uou75zIFDsD0BNXeEL68S8a0CaQA+yX4QMkd3LHvh185V5hs,4.111785202731131,9.941620258020063,5.591661236371499
333600,iZevtgAl0HI5hdm+uou75zIFDsD0BNXeEL68S8a0CaQA+yX4QMkd3LHvh185V5hs,4.111735033765737,11.826017033393596,6.40061399483361
333900,iZevtgAl0HI5hdm+uou75zIFDsD0BNXeEL68S8a0CaQA+yX4QMkd3LHvh185V5hs,3.916245725373927,11.326833656077122,5.454787739563626
334200,iZevtgAl0HI5hdm+uou75zIFDsD0BNXeEL68S8a0CaQA+yX4QMkd3LHvh185V5hs,4.585244103857,10.202248023866217,6.542613910878804
334500,iZevtgAl0HI5hdm+uou75zIFDsD0BNXeEL68S8a0CaQA+yX4QMkd3LHvh185V5hs,4.240967097865196,13.355346462560082,6.260890826419409
334800,iZevtgAl0HI5hdm+uou75zIFDsD0BNXeEL68S8a0CaQA+yX4QMkd3LHvh185V5hs,4.189142682525133,10.323467870729436,5.704940842140822
335100,iZevtgAl0HI5hdm+uou75zIFDsD0BNXeEL68S8a0CaQA+yX4QMkd3LHvh185V5hs,4.3824929465162406,10.412593546843318,6.113924826165851
335400,iZevtgAl0HI5hdm+uou75zIFDsD0BNXeEL68S8a0CaQA+yX4QMkd3LHvh185V5hs,4.1113275558216005,12.687731215040444,6.359035984015758
335700,iZevtgAl0HI5hdm+uou75zIFDsD0BNXeEL68S8a0CaQA+yX4QMkd3LHvh185V5hs,4.2419963243121135,12.558045869855844,6.348921536567769
336000,iZevtgAl0HI5hdm+uou75zIFDsD0BNXeEL68S8a0CaQA+yX4QMkd3LHvh185V5hs,4.187179786903103,12.935798688024864,7.080100772121807
336300,iZevtgAl0HI5hdm+uou75zIFDsD0BNXeEL68S8a0CaQA+yX4QMkd3LHvh185V5hs,4.189756563345716,14.160559357956828,6.655658645164821
336600,iZevtgAl0HI5hdm+uou75zIFDsD0BNXeEL68S8a0CaQA+yX4QMkd3LHvh185V5hs,4.238766664723779,7.833134157563005,6.001777339345084
336900,iZevtgAl0HI5hdm+uou75zIFDsD0BNXeEL68S8a0CaQA+yX4QMkd3LHvh185V5hs,4.535958313978396,11.782021191176485,6.827591890560539
337200,iZevtgAl0HI5hdm+uou75zIFDsD0BNXeEL68S8a0CaQA+yX4QMkd3LHvh185V5hs,4.7470931462384245,12.883709715692929,7.82974722951228
337500,iZevtgAl0HI5hdm+uou75zIFDsD0BNXeEL68S8a0CaQA+yX4QMkd3LHvh185V5hs,4.29431333168917,13.624471964310573,6.869218681595429
337800,iZevtgAl0HI5hdm+uou75zIFDsD0BNXeEL68S8a0CaQA+yX4QMkd3LHvh185V5hs,4.6849312753987284,11.922034057752043,6.912883416800022
338100,iZevtgAl0HI5hdm+uou75zIFDsD0BNXeEL68S8a0CaQA+yX4QMkd3LHvh185V5hs,4.152957274248096,12.55823596297676,5.990010246938315
338400,iZevtgAl0HI5hdm+uou75zIFDsD0BNXeEL68S8a0CaQA+yX4QMkd3LHvh185V5hs,4.999079635618497,12.068175508445856,7.495178588963362
338700,iZevtgAl0HI5hdm+uou75zIFDsD0BNXeEL68S8a0CaQA+yX4QMkd3LHvh185V5hs,4.560791581163665,16.95876586050763,7.680623842004515
339000,iZevtgAl0HI5hdm+uou75zIFDsD0BNXeEL68S8a0CaQA+yX4QMkd3LHvh185V5hs,5.271842890396512,28.626352271956755,9.487762018863727
339300,iZevtgAl0HI5hdm+uou75zIFDsD0BNXeEL68S8a0CaQA+yX4QMkd3LHvh185V5hs,5.181666526729071,20.915150131386607,8.445715809225113
339600,iZevtgAl0HI5hdm+uou75zIFDsD0BNXeEL68S8a0CaQA+yX4QMkd3LHvh185V5hs,6.104518401917008,16.247737151891066,8.357466695845948
339900,iZevtgAl0HI5hdm+uou75zIFDsD0BNXeEL68S8a0CaQA+yX4QMkd3LHvh185V5hs,6.837193837824008,17.53519533779008,9.750647035591085
340200,iZevtgAl0HI5hdm+uou75zIFDsD0BNXeEL68S8a0CaQA+yX4QMkd3LHvh185V5hs,6.424893725250379,18.877999866170452,9.095870465373158
340500,iZevtgAl0HI5hdm+uou75zIFDsD0BNXeEL68S8a0CaQA+yX4QMkd3LHvh185V5hs,7.2580089653968605,15.478317034174692,9.393670124893356
340800,iZevtgAl0HI5hdm+uou75zIFDsD0BNXeEL68S8a0CaQA+yX4QMkd3LHvh185V5hs,6.752374313666304,14.31451850338734,9.585151406194733
341100,iZevtgAl0HI5hdm+uou75zIFDsD0BNXeEL68S8a0CaQA+yX4QMkd3LHvh185V5hs,6.870217102136523,18.240767108316145,9.83897281994036
341400,iZevtgAl0HI5hdm+uou75zIFDsD0BNXeEL68S8a0CaQA+yX4QMkd3LHvh185V5hs,6.569533699530006,15.311651022176038,9.187347317661997
341700,iZevtgAl0HI5hdm+uou75zIFDsD0BNXeEL68S8a0CaQA+yX4QMkd3LHvh185V5hs,6.937021475625439,14.703759915926728,9.101963015931448
342000,iZevtgAl0HI5hdm+uou75zIFDsD0BNXeEL68S8a0CaQA+yX4QMkd3LHvh185V5hs,7.082587140429009,17.202265223021744,10.091717767233716
342300,iZevtgAl0HI5hdm+uou75zIFDsD0BNXeEL68S8a0CaQA+yX4QMkd3LHvh185V5hs,6.763500809578148,16.108703986488507,9.281861116456191
342600,iZevtgAl0HI5hdm+uou75zIFDsD0BNXeEL68S8a0CaQA+yX4QMkd3LHvh185V5hs,6.155894812430549,14.34491224306457,8.890953337953903
342900,iZevtgAl0HI5hdm+uou75zIFDsD0BNXeEL68S8a0CaQA+yX4QMkd3LHvh185V5hs,6.519732764847767,14.620208806897478,8.689477637944192
343200,iZevtgAl0HI5hdm+uou75zIFDsD0BNXeEL68S8a0CaQA+yX4QMkd3LHvh185V5hs,7.8783391035272095,14.585869957580304,9.880432667881529
343500,iZevtgAl0HI5hdm+uou75zIFDsD0BNXeEL68S8a0CaQA+yX4QMkd3LHvh185V5hs,7.0191923417382815,16.401585781989194,9.541493620378803
343800,iZevtgAl0HI5hdm+uou75zIFDsD0BNXeEL68S8a0CaQA+yX4QMkd3LHvh185V5hs,6.362087369086169,20.36500145963552,9.296710383583418
344100,iZevtgAl0HI5hdm+uou75zIFDsD0BNXeEL68S8a0CaQA+yX4QMkd3LHvh185V5hs,6.3983206331953415,15.114945318948305,9.063785725419722
344400,iZevtgAl0HI5hdm+uou75zIFDsD0BNXeEL68S8a0CaQA+yX4QMkd3LHvh185V5hs,6.5625123222946335,17.391774330536105,11.780367165960952
344700,iZevtgAl0HI5hdm+uou75zIFDsD0BNXeEL68S8a0CaQA+yX4QMkd3LHvh185V5hs,7.180340028733977,20.79013388384561,10.240439176781544
345000,iZevtgAl0HI5hdm+uou75zIFDsD0BNXeEL68S8a0CaQA+yX4QMkd3LHvh185V5hs,7.1620251033192535,14.86910115063573,10.24275301593942
345300,iZevtgAl0HI5hdm+uou75zIFDsD0BNXeEL68S8a0CaQA+yX4QMkd3LHvh185V5hs,8.049528621804276,18.956483251156865,10.711239659608426
345600,iZevtgAl0HI5hdm+uou75zIFDsD0BNXeEL68S8a0CaQA+yX4QMkd3LHvh185V5hs,7.653500833544981,17.881219008633433,10.926777824096272
345900,iZevtgAl0HI5hdm+uou75zIFDsD0BNXeEL68S8a0CaQA+yX4QMkd3LHvh185V5hs,7.986062803778112,19.248475076132625,10.58942823708174
346200,iZevtgAl0HI5hdm+uou75zIFDsD0BNXeEL68S8a0CaQA+yX4QMkd3LHvh185V5hs,6.982745319479385,17.082006305508834,10.430750985099309
346500,iZevtgAl0HI5hdm+uou75zIFDsD0BNXeEL68S8a0CaQA+yX4QMkd3LHvh185V5hs,7.002873575902688,18.257082750601025,9.63049636961943
346800,iZevtgAl0HI5hdm+uou75zIFDsD0BNXeEL68S8a0CaQA+yX4QMkd3LHvh185V5hs,7.095000854710176,14.312888761685356,9.506770108231443
347100,iZevtgAl0HI5hdm+uou75zIFDsD0BNXeEL68S8a0CaQA+yX4QMkd3LHvh185V5hs,7.580167819436863,17.371145449232024,12.2681245783595
347400,iZevtgAl0HI5hdm+uou75zIFDsD0BNXeEL68S8a0CaQA+yX4QMkd3LHvh185V5hs,10.729968873781765,84.14690064108032,25.81615408199368
347700,iZevtgAl0HI5hdm+uou75zIFDsD0BNXeEL68S8a0CaQA+yX4QMkd3LHvh185V5hs,5.754571475325374,12.8524719105842,7.76453097418611
348000,iZevtgAl0HI5hdm+uou75zIFDsD0BNXeEL68S8a0CaQA+yX4QMkd3LHvh185V5hs,5.962422749762933,18.919016505378597,10.320399477785005
348300,iZevtgAl0HI5hdm+uou75zIFDsD0BNXeEL68S8a0CaQA+yX4QMkd3LHvh185V5hs,5.58316222021192,17.757670567376234,8.947909945854828
348600,iZevtgAl0HI5hdm+uou75zIFDsD0BNXeEL68S8a0CaQA+yX4QMkd3LHvh185V5hs,5.721400186134302,17.09023022121661,8.006516902255955
348900,iZevtgAl0HI5hdm+uou75zIFDsD0BNXeEL68S8a0CaQA+yX4QMkd3LHvh185V5hs,5.131165395404598,17.775640407438637,7.729575397058704
349200,iZevtgAl0HI5hdm+uou75zIFDsD0BNXeEL68S8a0CaQA+yX4QMkd3LHvh185V5hs,5.763320363718377,13.504696358273245,7.84803680190824
349500,iZevtgAl0HI5hdm+uou75zIFDsD0BNXeEL68S8a0CaQA+yX4QMkd3LHvh185V5hs,5.467995586031779,13.645651816840216,7.62471433588069
349800,iZevtgAl0HI5hdm+uou75zIFDsD0BNXeEL68S8a0CaQA+yX4QMkd3LHvh185V5hs,4.5455902817070974,16.6660111927615,8.002613728856542
350100,iZevtgAl0HI5hdm+uou75zIFDsD0BNXeEL68S8a0CaQA+yX4QMkd3LHvh185V5hs,5.852152460067938,13.143733988447654,7.821794629787592
350400,iZevtgAl0HI5hdm+uou75zIFDsD0BNXeEL68S8a0CaQA+yX4QMkd3LHvh185V5hs,4.705439604842545,12.110190820701169,7.46324394044517
350700,iZevtgAl0HI5hdm+uou75zIFDsD0BNXeEL68S8a0CaQA+yX4QMkd3LHvh185V5hs,6.233085293739033,11.523176742886946,7.7114678064065725
351000,iZevtgAl0HI5hdm+uou75zIFDsD0BNXeEL68S8a0CaQA+yX4QMkd3LHvh185V5hs,5.091501380903374,13.268991952035105,7.549203259965709
351300,iZevtgAl0HI5hdm+uou75zIFDsD0BNXeEL68S8a0CaQA+yX4QMkd3LHvh185V5hs,6.621095949795234,15.118012299731223,8.19017405747975
351600,iZevtgAl0HI5hdm+uou75zIFDsD0BNXeEL68S8a0CaQA+yX4QMkd3LHvh185V5hs,5.17034951093016,13.892973669466432,7.6903631233908705
351900,iZevtgAl0HI5hdm+uou75zIFDsD0BNXeEL68S8a0CaQA+yX4QMkd3LHvh185V5hs,5.121599728506068,18.836380944475348,8.470673638438011
352200,iZevtgAl0HI5hdm+uou75zIFDsD0BNXeEL68S8a0CaQA+yX4QMkd3LHvh185V5hs,5.235042046678313,14.089231102031752,8.274919524041389
352500,iZevtgAl0HI5hdm+uou75zIFDsD0BNXeEL68S8a0CaQA+yX4QMkd3LHvh185V5hs,5.233058235602526,15.100960319460786,7.82234593817977
352800,iZevtgAl0HI5hdm+uou75zIFDsD0BNXeEL68S8a0CaQA+yX4QMkd3LHvh185V5hs,5.576293512398654,13.289369732407694,8.028998694233591
353100,iZevtgAl0HI5hdm+uou75zIFDsD0BNXeEL68S8a0CaQA+yX4QMkd3LHvh185V5hs,5.580196642268958,15.626895518610112,7.723320788443571
353400,iZevtgAl0HI5hdm+uou75zIFDsD0BNXeEL68S8a0CaQA+yX4QMkd3LHvh185V5hs,5.575444504234025,14.292595350074004,7.529382548388762
353700,iZevtgAl0HI5hdm+uou75zIFDsD0BNXeEL68S8a0CaQA+yX4QMkd3LHvh185V5hs,4.940392790410023,14.809317167395662,7.510856186459249
354000,iZevtgAl0HI5hdm+uou75zIFDsD0BNXeEL68S8a0CaQA+yX4QMkd3LHvh185V5hs,5.1176016488195675,14.622010085571867,7.6728995941746785
354300,iZevtgAl0HI5hdm+uou75zIFDsD0BNXeEL68S8a0CaQA+yX4QMkd3LHvh185V5hs,5.198450425830496,14.03395173158032,8.150461881822556
354600,iZevtgAl0HI5hdm+uou75zIFDsD0BNXeEL68S8a0CaQA+yX4QMkd3LHvh185V5hs,5.857996872756116,14.65799635417371,7.995853694684985
354900,iZevtgAl0HI5hdm+uou75zIFDsD0BNXeEL68S8a0CaQA+yX4QMkd3LHvh185V5hs,5.245828870727375,13.539656759412845,7.394461100352792
355200,iZevtgAl0HI5hdm+uou75zIFDsD0BNXeEL68S8a0CaQA+yX4QMkd3LHvh185V5hs,4.818845318313996,12.9903455022547,7.17176599181853
355500,iZevtgAl0HI5hdm+uou75zIFDsD0BNXeEL68S8a0CaQA+yX4QMkd3LHvh185V5hs,5.186534426607088,15.049355573567366,7.793459034552794
355800,iZevtgAl0HI5hdm+uou75zIFDsD0BNXeEL68S8a0CaQA+yX4QMkd3LHvh185V5hs,5.09498197636583,11.863315292771548,7.498451891360003
356100,iZevtgAl0HI5hdm+uou75zIFDsD0BNXeEL68S8a0CaQA+yX4QMkd3LHvh185V5hs,5.119534238037776,15.857075463077676,6.93038108076081
356400,iZevtgAl0HI5hdm+uou75zIFDsD0BNXeEL68S8a0CaQA+yX4QMkd3LHvh185V5hs,4.785841804827756,13.985485347977988,6.842131811476496
356700,iZevtgAl0HI5hdm+uou75zIFDsD0BNXeEL68S8a0CaQA+yX4QMkd3LHvh185V5hs,4.410604889547912,12.219942489314516,6.490081057798827
357000,iZevtgAl0HI5hdm+uou75zIFDsD0BNXeEL68S8a0CaQA+yX4QMkd3LHvh185V5hs,4.067448776941805,11.754818765360772,6.215970533161382
357300,iZevtgAl0HI5hdm+uou75zIFDsD0BNXeEL68S8a0CaQA+yX4QMkd3LHvh185V5hs,4.1761036835114576,16.035397753745958,6.6720468653982765
357600,iZevtgAl0HI5hdm+uou75zIFDsD0BNXeEL68S8a0CaQA+yX4QMkd3LHvh185V5hs,4.847243862270238,12.666291052388614,7.162732878173175
357900,iZevtgAl0HI5hdm+uou75zIFDsD0BNXeEL68S8a0CaQA+yX4QMkd3LHvh185V5hs,4.008306294676375,13.677440639717922,6.151462534199933
358200,iZevtgAl0HI5hdm+uou75zIFDsD0BNXeEL68S8a0CaQA+yX4QMkd3LHvh185V5hs,3.83903830645395,11.05845974314958,6.648077553202053
358500,iZevtgAl0HI5hdm+uou75zIFDsD0BNXeEL68S8a0CaQA+yX4QMkd3LHvh185V5hs,4.679803864812762,12.531150135608137,6.6990231391354635
358800,iZevtgAl0HI5hdm+uou75zIFDsD0BNXeEL68S8a0CaQA+yX4QMkd3LHvh185V5hs,3.7737643101506793,10.830130119882195,6.123521858497725
359100,iZevtgAl0HI5hdm+uou75zIFDsD0BNXeEL68S8a0CaQA+yX4QMkd3LHvh185V5hs,3.797260685160096,14.016415863931682,6.440979723381443
359400,iZevtgAl0HI5hdm+uou75zIFDsD0BNXeEL68S8a0CaQA+yX4QMkd3LHvh185V5hs,2.933703391177266,12.859306617783364,6.341188669946121
359700,iZevtgAl0HI5hdm+uou75zIFDsD0BNXeEL68S8a0CaQA+yX4QMkd3LHvh185V5hs,3.7757995709145136,11.526723527515028,6.067676079527235
360000,iZevtgAl0HI5hdm+uou75zIFDsD0BNXeEL68S8a0CaQA+yX4QMkd3LHvh185V5hs,3.930177436043726,11.849931433973852,5.917496972902997
360300,iZevtgAl0HI5hdm+uou75zIFDsD0BNXeEL68S8a0CaQA+yX4QMkd3LHvh185V5hs,4.26906252648442,12.990624195579596,6.13771265211104
360600,iZevtgAl0HI5hdm+uou75zIFDsD0BNXeEL68S8a0CaQA+yX4QMkd3LHvh185V5hs,4.114836522354522,10.693922209739537,6.646230980527394
360900,iZevtgAl0HI5hdm+uou75zIFDsD0BNXeEL68S8a0CaQA+yX4QMkd3LHvh185V5hs,3.723146875203157,10.35087388111918,6.7027263125176235
361200,iZevtgAl0HI5hdm+uou75zIFDsD0BNXeEL68S8a0CaQA+yX4QMkd3LHvh185V5hs,3.953819003484474,11.270707181410607,7.123789644416063
361500,iZevtgAl0HI5hdm+uou75zIFDsD0BNXeEL68S8a0CaQA+yX4QMkd3LHvh185V5hs,3.454199641139996,12.989773003101694,5.905523905088884
361800,iZevtgAl0HI5hdm+uou75zIFDsD0BNXeEL68S8a0CaQA+yX4QMkd3LHvh185V5hs,3.7930766842352015,10.66781708375036,5.956914927056979
362100,iZevtgAl0HI5hdm+uou75zIFDsD0BNXeEL68S8a0CaQA+yX4QMkd3LHvh185V5hs,3.872985687675461,9.745646850196973,6.263322376432448
362400,iZevtgAl0HI5hdm+uou75zIFDsD0BNXeEL68S8a0CaQA+yX4QMkd3LHvh185V5hs,3.620932780422629,11.600677125797116,5.376603103365548
362700,iZevtgAl0HI5hdm+uou75zIFDsD0BNXeEL68S8a0CaQA+yX4QMkd3LHvh185V5hs,2.6991926572338123,12.25825608633877,5.2219542553939045
363000,iZevtgAl0HI5hdm+uou75zIFDsD0BNXeEL68S8a0CaQA+yX4QMkd3LHvh185V5hs,2.966651320590431,10.36371808593549,4.727178181270395
363300,iZevtgAl0HI5hdm+uou75zIFDsD0BNXeEL68S8a0CaQA+yX4QMkd3LHvh185V5hs,2.9557144202062595,8.520503104676397,4.610398613481042
363600,iZevtgAl0HI5hdm+uou75zIFDsD0BNXeEL68S8a0CaQA+yX4QMkd3LHvh185V5hs,2.7620230989340664,8.046401760239394,4.034055549586147
363900,iZevtgAl0HI5hdm+uou75zIFDsD0BNXeEL68S8a0CaQA+yX4QMkd3LHvh185V5hs,2.568678783816284,7.400730510731556,4.179218488156304
364200,iZevtgAl0HI5hdm+uou75zIFDsD0BNXeEL68S8a0CaQA+yX4QMkd3LHvh185V5hs,2.538436240834177,11.3263808068193,5.540398817462969
364500,iZevtgAl0HI5hdm+uou75zIFDsD0BNXeEL68S8a0CaQA+yX4QMkd3LHvh185V5hs,2.8448210364760427,8.501155234134439,5.485237371247834
364800,iZevtgAl0HI5hdm+uou75zIFDsD0BNXeEL68S8a0CaQA+yX4QMkd3LHvh185V5hs,3.477342011332803,9.650700579891923,5.72841252451804
365100,iZevtgAl0HI5hdm+uou75zIFDsD0BNXeEL68S8a0CaQA+yX4QMkd3LHvh185V5hs,3.561094967643164,10.401307532243782,5.350138140474793
365400,iZevtgAl0HI5hdm+uou75zIFDsD0BNXeEL68S8a0CaQA+yX4QMkd3LHvh185V5hs,3.244455059498072,10.992269487402549,5.3807639878469535
365700,iZevtgAl0HI5hdm+uou75zIFDsD0BNXeEL68S8a0CaQA+yX4QMkd3LHvh185V5hs,2.992193900994204,10.822183883875786,5.382981675099888
366000,iZevtgAl0HI5hdm+uou75zIFDsD0BNXeEL68S8a0CaQA+yX4QMkd3LHvh185V5hs,2.010877564720975,6.113804699368999,4.006252372405422
366300,iZevtgAl0HI5hdm+uou75zIFDsD0BNXeEL68S8a0CaQA+yX4QMkd3LHvh185V5hs,2.4300912603533127,11.721936386490889,4.529220272432997
366600,iZevtgAl0HI5hdm+uou75zIFDsD0BNXeEL68S8a0CaQA+yX4QMkd3LHvh185V5hs,2.516772308875661,8.888942361123085,3.885738964255975
366900,iZevtgAl0HI5hdm+uou75zIFDsD0BNXeEL68S8a0CaQA+yX4QMkd3LHvh185V5hs,2.7585051671601626,8.547718599846176,3.985538147920852
367200,iZevtgAl0HI5hdm+uou75zIFDsD0BNXeEL68S8a0CaQA+yX4QMkd3LHvh185V5hs,2.345010920233764,7.150848452262875,3.5068822694032926
367500,iZevtgAl0HI5hdm+uou75zIFDsD0BNXeEL68S8a0CaQA+yX4QMkd3LHvh185V5hs,1.6525467356891708,5.501609173361024,3.099658597910348
367800,iZevtgAl0HI5hdm+uou75zIFDsD0BNXeEL68S8a0CaQA+yX4QMkd3LHvh185V5hs,2.173841333993717,7.40012780355907,3.5706311333067133
368100,iZevtgAl0HI5hdm+uou75zIFDsD0BNXeEL68S8a0CaQA+yX4QMkd3LHvh185V5hs,2.643172796289204,17.116120788197694,5.326972601650917
368400,iZevtgAl0HI5hdm+uou75zIFDsD0BNXeEL68S8a0CaQA+yX4QMkd3LHvh185V5hs,2.6287905495288366,8.493863814202076,3.9937171799446687
368700,iZevtgAl0HI5hdm+uou75zIFDsD0BNXeEL68S8a0CaQA+yX4QMkd3LHvh185V5hs,1.9696176133955905,7.133411213510084,3.293634159317033
369000,iZevtgAl0HI5hdm+uou75zIFDsD0BNXeEL68S8a0CaQA+yX4QMkd3LHvh185V5hs,2.227938991973168,5.291833000837114,3.1292895248276387
369300,iZevtgAl0HI5hdm+uou75zIFDsD0BNXeEL68S8a0CaQA+yX4QMkd3LHvh185V5hs,2.2669128657469595,5.558482265633506,3.2057741511038937
369600,iZevtgAl0HI5hdm+uou75zIFDsD0BNXeEL68S8a0CaQA+yX4QMkd3LHvh185V5hs,2.0126352859766614,5.165922348419,3.0634112460371794
369900,iZevtgAl0HI5hdm+uou75zIFDsD0BNXeEL68S8a0CaQA+yX4QMkd3LHvh185V5hs,2.0942575605346447,10.94451797827158,3.617210885416304
370200,iZevtgAl0HI5hdm+uou75zIFDsD0BNXeEL68S8a0CaQA+yX4QMkd3LHvh185V5hs,1.9035748010419928,7.121860903070424,3.0072932776914247
370500,iZevtgAl0HI5hdm+uou75zIFDsD0BNXeEL68S8a0CaQA+yX4QMkd3LHvh185V5hs,2.405812170425457,5.024032549853051,3.350650615053665
370800,iZevtgAl0HI5hdm+uou75zIFDsD0BNXeEL68S8a0CaQA+yX4QMkd3LHvh185V5hs,1.95769530161458,7.250682585579125,2.9955168167970583
371100,iZevtgAl0HI5hdm+uou75zIFDsD0BNXeEL68S8a0CaQA+yX4QMkd3LHvh185V5hs,2.0156928177709683,7.1648833966534715,3.227805908104665
371400,iZevtgAl0HI5hdm+uou75zIFDsD0BNXeEL68S8a0CaQA+yX4QMkd3LHvh185V5hs,1.9534261259981776,5.350760051544881,2.95546854411303
371700,iZevtgAl0HI5hdm+uou75zIFDsD0BNXeEL68S8a0CaQA+yX4QMkd3LHvh185V5hs,2.412424179716392,6.918315715320777,3.243164384191324
372000,iZevtgAl0HI5hdm+uou75zIFDsD0BNXeEL68S8a0CaQA+yX4QMkd3LHvh185V5hs,2.1892977514782053,8.28293969417463,3.454781598409935
372300,iZevtgAl0HI5hdm+uou75zIFDsD0BNXeEL68S8a0CaQA+yX4QMkd3LHvh185V5hs,1.7638392029045953,7.02068647329332,3.260539609316964
372600,iZevtgAl0HI5hdm+uou75zIFDsD0BNXeEL68S8a0CaQA+yX4QMkd3LHvh185V5hs,1.7165858931861586,6.210372173254268,2.807400959277671
372900,iZevtgAl0HI5hdm+uou75zIFDsD0BNXeEL68S8a0CaQA+yX4QMkd3LHvh185V5hs,1.8462910971035384,3.8701272595705487,2.623277479429331
373200,iZevtgAl0HI5hdm+uou75zIFDsD0BNXeEL68S8a0CaQA+yX4QMkd3LHvh185V5hs,1.665438041152107,4.762005304920932,2.6119362557255927
373500,iZevtgAl0HI5hdm+uou75zIFDsD0BNXeEL68S8a0CaQA+yX4QMkd3LHvh185V5hs,1.7737153181075105,5.14744036762202,2.8401496107350925
373800,iZevtgAl0HI5hdm+uou75zIFDsD0BNXeEL68S8a0CaQA+yX4QMkd3LHvh185V5hs,1.7218726207561663,9.40109836742281,3.519533615170417
374100,iZevtgAl0HI5hdm+uou75zIFDsD0BNXeEL68S8a0CaQA+yX4QMkd3LHvh185V5hs,1.699060449393175,6.1602406690679326,2.8269021000968544
374400,iZevtgAl0HI5hdm+uou75zIFDsD0BNXeEL68S8a0CaQA+yX4QMkd3LHvh185V5hs,1.6586385712655256,6.364615616160983,2.484293888594643
374700,iZevtgAl0HI5hdm+uou75zIFDsD0BNXeEL68S8a0CaQA+yX4QMkd3LHvh185V5hs,1.9927442521392549,4.769939181197417,2.7342598566828817
375000,iZevtgAl0HI5hdm+uou75zIFDsD0BNXeEL68S8a0CaQA+yX4QMkd3LHvh185V5hs,1.6145259682508293,6.464508873404073,2.5953341114340542
375300,iZevtgAl0HI5hdm+uou75zIFDsD0BNXeEL68S8a0CaQA+yX4QMkd3LHvh185V5hs,1.6412444990368464,5.585872140173224,2.804059389321497
375600,iZevtgAl0HI5hdm+uou75zIFDsD0BNXeEL68S8a0CaQA+yX4QMkd3LHvh185V5hs,1.7448362244162083,6.453592049294992,2.882457537850222
375900,iZevtgAl0HI5hdm+uou75zIFDsD0BNXeEL68S8a0CaQA+yX4QMkd3LHvh185V5hs,1.7656780930329083,5.5178293302567045,2.667618294949448
376200,iZevtgAl0HI5hdm+uou75zIFDsD0BNXeEL68S8a0CaQA+yX4QMkd3LHvh185V5hs,1.9824744044942864,5.9381998888162935,3.179689590497053
376500,iZevtgAl0HI5hdm+uou75zIFDsD0BNXeEL68S8a0CaQA+yX4QMkd3LHvh185V5hs,1.738763134737472,6.626370076541199,2.604374407198177
376800,iZevtgAl0HI5hdm+uou75zIFDsD0BNXeEL68S8a0CaQA+yX4QMkd3LHvh185V5hs,1.980027222634956,4.288739291510283,2.7503207036055306
377100,iZevtgAl0HI5hdm+uou75zIFDsD0BNXeEL68S8a0CaQA+yX4QMkd3LHvh185V5hs,1.7403423825555355,4.389818367174748,2.6246615447716626
377400,iZevtgAl0HI5hdm+uou75zIFDsD0BNXeEL68S8a0CaQA+yX4QMkd3LHvh185V5hs,1.9679276921517312,10.014800918726118,3.0320703633339186
377700,iZevtgAl0HI5hdm+uou75zIFDsD0BNXeEL68S8a0CaQA+yX4QMkd3LHvh185V5hs,1.379603651298258,4.583514469680696,2.381800725983753
378000,iZevtgAl0HI5hdm+uou75zIFDsD0BNXeEL68S8a0CaQA+yX4QMkd3LHvh185V5hs,1.580319346129582,5.398611191490144,2.4582057590145623
378300,iZevtgAl0HI5hdm+uou75zIFDsD0BNXeEL68S8a0CaQA+yX4QMkd3LHvh185V5hs,1.5884955311813342,3.94652888113744,2.55776488795927
378600,iZevtgAl0HI5hdm+uou75zIFDsD0BNXeEL68S8a0CaQA+yX4QMkd3LHvh185V5hs,1.6392100701691334,4.773593128797457,2.836714715907927
378900,iZevtgAl0HI5hdm+uou75zIFDsD0BNXeEL68S8a0CaQA+yX4QMkd3LHvh185V5hs,1.919366357403164,5.981851297710604,2.702993321369091
379200,iZevtgAl0HI5hdm+uou75zIFDsD0BNXeEL68S8a0CaQA+yX4QMkd3LHvh185V5hs,1.9534614630547673,5.892945823666723,2.9012058145484843
379500,iZevtgAl0HI5hdm+uou75zIFDsD0BNXeEL68S8a0CaQA+yX4QMkd3LHvh185V5hs,1.8294337585856415,4.454859120707256,2.728651518046928
379800,iZevtgAl0HI5hdm+uou75zIFDsD0BNXeEL68S8a0CaQA+yX4QMkd3LHvh185V5hs,1.5552468877465593,5.776884822856485,2.6028857586831204
380100,iZevtgAl0HI5hdm+uou75zIFDsD0BNXeEL68S8a0CaQA+yX4QMkd3LHvh185V5hs,1.8517598217814912,5.854522611082132,3.0265338815141862
380400,iZevtgAl0HI5hdm+uou75zIFDsD0BNXeEL68S8a0CaQA+yX4QMkd3LHvh185V5hs,1.8866949757479532,6.886473031539228,3.764905579669088
380700,iZevtgAl0HI5hdm+uou75zIFDsD0BNXeEL68S8a0CaQA+yX4QMkd3LHvh185V5hs,1.6203866354819376,6.139760365547297,3.637740006521697
381000,iZevtgAl0HI5hdm+uou75zIFDsD0BNXeEL68S8a0CaQA+yX4QMkd3LHvh185V5hs,1.9486474042100537,10.952658250450757,4.307186958558071
381300,iZevtgAl0HI5hdm+uou75zIFDsD0BNXeEL68S8a0CaQA+yX4QMkd3LHvh185V5hs,1.8171514168582923,7.129405202510771,3.589483869559184
381600,iZevtgAl0HI5hdm+uou75zIFDsD0BNXeEL68S8a0CaQA+yX4QMkd3LHvh185V5hs,1.8269710031430813,6.2586668826387095,3.665680771260666
381900,iZevtgAl0HI5hdm+uou75zIFDsD0BNXeEL68S8a0CaQA+yX4QMkd3LHvh185V5hs,1.6523548790424052,6.62853449893597,3.4284194539118107
382200,iZevtgAl0HI5hdm+uou75zIFDsD0BNXeEL68S8a0CaQA+yX4QMkd3LHvh185V5hs,1.840545358808622,5.945345971145778,2.5981789443711354
382500,iZevtgAl0HI5hdm+uou75zIFDsD0BNXeEL68S8a0CaQA+yX4QMkd3LHvh185V5hs,1.5670141766673074,5.545101823254381,2.699162430150079
382800,iZevtgAl0HI5hdm+uou75zIFDsD0BNXeEL68S8a0CaQA+yX4QMkd3LHvh185V5hs,1.6553993323477552,6.2367955509157245,2.4847738095181
383100,iZevtgAl0HI5hdm+uou75zIFDsD0BNXeEL68S8a0CaQA+yX4QMkd3LHvh185V5hs,1.4770117573034585,4.572194849543704,2.5060116149627434
383400,iZevtgAl0HI5hdm+uou75zIFDsD0BNXeEL68S8a0CaQA+yX4QMkd3LHvh185V5hs,1.577120646805828,4.934123021279259,2.597266345492635
383700,iZevtgAl0HI5hdm+uou75zIFDsD0BNXeEL68S8a0CaQA+yX4QMkd3LHvh185V5hs,1.765624292616634,5.241760870295607,2.648894014237407
384000,iZevtgAl0HI5hdm+uou75zIFDsD0BNXeEL68S8a0CaQA+yX4QMkd3LHvh185V5hs,1.330584696385842,3.574530353271595,2.3518290293195534
384300,iZevtgAl0HI5hdm+uou75zIFDsD0BNXeEL68S8a0CaQA+yX4QMkd3LHvh185V5hs,1.5960666158344563,4.695822640890526,2.596316757829205
384600,iZevtgAl0HI5hdm+uou75zIFDsD0BNXeEL68S8a0CaQA+yX4QMkd3LHvh185V5hs,1.3803604684049475,10.733444742910992,3.2972261114551986
384900,iZevtgAl0HI5hdm+uou75zIFDsD0BNXeEL68S8a0CaQA+yX4QMkd3LHvh185V5hs,1.628282872434775,4.144573924248062,2.7190675828374373
385200,iZevtgAl0HI5hdm+uou75zIFDsD0BNXeEL68S8a0CaQA+yX4QMkd3LHvh185V5hs,2.0022976827100867,5.124313095145267,2.8308773086177808
385500,iZevtgAl0HI5hdm+uou75zIFDsD0BNXeEL68S8a0CaQA+yX4QMkd3LHvh185V5hs,1.562061523029292,6.086018418638774,2.7937629889640965
385800,iZevtgAl0HI5hdm+uou75zIFDsD0BNXeEL68S8a0CaQA+yX4QMkd3LHvh185V5hs,1.7451264183344328,4.802644094118827,2.8589732431611874
386100,iZevtgAl0HI5hdm+uou75zIFDsD0BNXeEL68S8a0CaQA+yX4QMkd3LHvh185V5hs,1.4810985762872189,6.464982826113598,2.68730647887664
386400,iZevtgAl0HI5hdm+uou75zIFDsD0BNXeEL68S8a0CaQA+yX4QMkd3LHvh185V5hs,1.6363790544972907,6.835286288753976,2.881796816185489
386700,iZevtgAl0HI5hdm+uou75zIFDsD0BNXeEL68S8a0CaQA+yX4QMkd3LHvh185V5hs,1.9307959493214333,6.86350454890805,2.828611053398648
387000,iZevtgAl0HI5hdm+uou75zIFDsD0BNXeEL68S8a0CaQA+yX4QMkd3LHvh185V5hs,1.4357480572441068,5.47136126001958,2.3831196634557683
387300,iZevtgAl0HI5hdm+uou75zIFDsD0BNXeEL68S8a0CaQA+yX4QMkd3LHvh185V5hs,1.6026974242613377,4.494309754273158,2.7164418978780502
387600,iZevtgAl0HI5hdm+uou75zIFDsD0BNXeEL68S8a0CaQA+yX4QMkd3LHvh185V5hs,1.503921882988862,7.765561078841869,2.531303674320732
387900,iZevtgAl0HI5hdm+uou75zIFDsD0BNXeEL68S8a0CaQA+yX4QMkd3LHvh185V5hs,1.6768395493057024,6.082199287117805,2.6965316285954435
388200,iZevtgAl0HI5hdm+uou75zIFDsD0BNXeEL68S8a0CaQA+yX4QMkd3LHvh185V5hs,1.7992781377127476,8.5398477024804,2.927481082287139
388500,iZevtgAl0HI5hdm+uou75zIFDsD0BNXeEL68S8a0CaQA+yX4QMkd3LHvh185V5hs,1.7866477249707071,5.349623728906174,2.844880026901227
388800,iZevtgAl0HI5hdm+uou75zIFDsD0BNXeEL68S8a0CaQA+yX4QMkd3LHvh185V5hs,2.016068816446433,4.371316118942682,2.8861288707416315
389100,iZevtgAl0HI5hdm+uou75zIFDsD0BNXeEL68S8a0CaQA+yX4QMkd3LHvh185V5hs,1.576642514405607,6.002025109440732,3.327356525554173
389400,iZevtgAl0HI5hdm+uou75zIFDsD0BNXeEL68S8a0CaQA+yX4QMkd3LHvh185V5hs,1.6897954807822162,5.721470954183601,2.56881494262524
389700,iZevtgAl0HI5hdm+uou75zIFDsD0BNXeEL68S8a0CaQA+yX4QMkd3LHvh185V5hs,1.6739786502114926,3.875273432598609,2.425607561490453
390000,iZevtgAl0HI5hdm+uou75zIFDsD0BNXeEL68S8a0CaQA+yX4QMkd3LHvh185V5hs,1.6923022848957816,6.7096971949719295,2.7040505566084367
390300,iZevtgAl0HI5hdm+uou75zIFDsD0BNXeEL68S8a0CaQA+yX4QMkd3LHvh185V5hs,1.5241598346873395,6.776292353183356,2.729706264933464
390600,iZevtgAl0HI5hdm+uou75zIFDsD0BNXeEL68S8a0CaQA+yX4QMkd3LHvh185V5hs,1.731141721757543,4.751025333189635,2.7186986964582265
390900,iZevtgAl0HI5hdm+uou75zIFDsD0BNXeEL68S8a0CaQA+yX4QMkd3LHvh185V5hs,1.8311293536481932,5.6745416335743135,3.147576924900948
391200,iZevtgAl0HI5hdm+uou75zIFDsD0BNXeEL68S8a0CaQA+yX4QMkd3LHvh185V5hs,1.826979028954975,5.202246645626544,3.163635608778168
391500,iZevtgAl0HI5hdm+uou75zIFDsD0BNXeEL68S8a0CaQA+yX4QMkd3LHvh185V5hs,2.0518580724346585,7.5960031707716285,3.099237089138443
391800,iZevtgAl0HI5hdm+uou75zIFDsD0BNXeEL68S8a0CaQA+yX4QMkd3LHvh185V5hs,2.0655192215379032,11.501366965662568,3.5068613185938244
392100,iZevtgAl0HI5hdm+uou75zIFDsD0BNXeEL68S8a0CaQA+yX4QMkd3LHvh185V5hs,1.7349168614643844,6.68027990033898,3.4071735699151424
392400,iZevtgAl0HI5hdm+uou75zIFDsD0BNXeEL68S8a0CaQA+yX4QMkd3LHvh185V5hs,1.7647604733978817,5.378793960846628,2.96872756855296
392700,iZevtgAl0HI5hdm+uou75zIFDsD0BNXeEL68S8a0CaQA+yX4QMkd3LHvh185V5hs,2.03168353186048,5.422400188804155,3.436551712961045
393000,iZevtgAl0HI5hdm+uou75zIFDsD0BNXeEL68S8a0CaQA+yX4QMkd3LHvh185V5hs,1.9052182056434783,6.816151974422248,3.0178955404072254
393300,iZevtgAl0HI5hdm+uou75zIFDsD0BNXeEL68S8a0CaQA+yX4QMkd3LHvh185V5hs,1.7795479054643917,6.45520192150717,2.9915184099332435
393600,iZevtgAl0HI5hdm+uou75zIFDsD0BNXeEL68S8a0CaQA+yX4QMkd3LHvh185V5hs,1.816343500561848,4.847362973585981,2.8065726412226715
393900,iZevtgAl0HI5hdm+uou75zIFDsD0BNXeEL68S8a0CaQA+yX4QMkd3LHvh185V5hs,1.8816183392972028,6.542120574648376,3.076930167724176
394200,iZevtgAl0HI5hdm+uou75zIFDsD0BNXeEL68S8a0CaQA+yX4QMkd3LHvh185V5hs,1.866072941942342,5.228491014271664,2.8290166125394958
394500,iZevtgAl0HI5hdm+uou75zIFDsD0BNXeEL68S8a0CaQA+yX4QMkd3LHvh185V5hs,1.9045549266331057,7.699116645993153,2.8553461376963307
394800,iZevtgAl0HI5hdm+uou75zIFDsD0BNXeEL68S8a0CaQA+yX4QMkd3LHvh185V5hs,1.6814806658459935,5.6888716678370574,2.9624817684981517
395100,iZevtgAl0HI5hdm+uou75zIFDsD0BNXeEL68S8a0CaQA+yX4QMkd3LHvh185V5hs,1.9953766829856705,6.479713796568553,3.294013701811904
395400,iZevtgAl0HI5hdm+uou75zIFDsD0BNXeEL68S8a0CaQA+yX4QMkd3LHvh185V5hs,1.8537329448523223,8.281811802121098,3.3256971835650098
395700,iZevtgAl0HI5hdm+uou75zIFDsD0BNXeEL68S8a0CaQA+yX4QMkd3LHvh185V5hs,2.214171984860106,6.797178501077672,3.5124357365955765
396000,iZevtgAl0HI5hdm+uou75zIFDsD0BNXeEL68S8a0CaQA+yX4QMkd3LHvh185V5hs,1.991829294910564,5.186473885680297,3.2198849319529463
396300,iZevtgAl0HI5hdm+uou75zIFDsD0BNXeEL68S8a0CaQA+yX4QMkd3LHvh185V5hs,2.184987192482434,6.654368349041908,3.7378480845038258
396600,iZevtgAl0HI5hdm+uou75zIFDsD0BNXeEL68S8a0CaQA+yX4QMkd3LHvh185V5hs,2.450433896601007,25.42796691495992,6.6102807522767275
396900,iZevtgAl0HI5hdm+uou75zIFDsD0BNXeEL68S8a0CaQA+yX4QMkd3LHvh185V5hs,2.39294353813913,9.179230021193838,4.819078209034335
397200,iZevtgAl0HI5hdm+uou75zIFDsD0BNXeEL68S8a0CaQA+yX4QMkd3LHvh185V5hs,2.815729521906942,16.308567615065893,6.1304616024083005
397500,iZevtgAl0HI5hdm+uou75zIFDsD0BNXeEL68S8a0CaQA+yX4QMkd3LHvh185V5hs,2.0068976668004863,10.025037036066884,4.993582223751696
397800,iZevtgAl0HI5hdm+uou75zIFDsD0BNXeEL68S8a0CaQA+yX4QMkd3LHvh185V5hs,2.008409123402328,7.5485209142355405,4.704830344944912
398100,iZevtgAl0HI5hdm+uou75zIFDsD0BNXeEL68S8a0CaQA+yX4QMkd3LHvh185V5hs,2.2347013507301607,8.057626143791516,4.014021502745136
398400,iZevtgAl0HI5hdm+uou75zIFDsD0BNXeEL68S8a0CaQA+yX4QMkd3LHvh185V5hs,2.3601335219442645,8.782897993036212,3.7077452756440734
398700,iZevtgAl0HI5hdm+uou75zIFDsD0BNXeEL68S8a0CaQA+yX4QMkd3LHvh185V5hs,2.1865250488715176,9.484047089348126,3.5919073663791927
399000,iZevtgAl0HI5hdm+uou75zIFDsD0BNXeEL68S8a0CaQA+yX4QMkd3LHvh185V5hs,2.2219671770889717,6.380249777433718,3.561675327284504
399300,iZevtgAl0HI5hdm+uou75zIFDsD0BNXeEL68S8a0CaQA+yX4QMkd3LHvh185V5hs,2.5251872830080786,9.706727140126617,4.0939535736320884
399600,iZevtgAl0HI5hdm+uou75zIFDsD0BNXeEL68S8a0CaQA+yX4QMkd3LHvh185V5hs,2.2136061982228625,6.447472862427815,3.4280767527627165
399900,iZevtgAl0HI5hdm+uou75zIFDsD0BNXeEL68S8a0CaQA+yX4QMkd3LHvh185V5hs,1.8021642352843203,6.9715287643328026,3.67664496067131
400200,iZevtgAl0HI5hdm+uou75zIFDsD0BNXeEL68S8a0CaQA+yX4QMkd3LHvh185V5hs,2.1667470717274475,7.46612461825417,3.6819958041073577
400500,iZevtgAl0HI5hdm+uou75zIFDsD0BNXeEL68S8a0CaQA+yX4QMkd3LHvh185V5hs,2.4511980070658224,5.382872820169355,3.7021955481058417
400800,iZevtgAl0HI5hdm+uou75zIFDsD0BNXeEL68S8a0CaQA+yX4QMkd3LHvh185V5hs,2.587404842742448,6.933107888827381,3.9528215264709465
401100,iZevtgAl0HI5hdm+uou75zIFDsD0BNXeEL68S8a0CaQA+yX4QMkd3LHvh185V5hs,3.2611147876753135,7.77801430255808,4.58568459123106
401400,iZevtgAl0HI5hdm+uou75zIFDsD0BNXeEL68S8a0CaQA+yX4QMkd3LHvh185V5hs,2.5933141398846367,8.112661832976974,4.06803979964165
401700,iZevtgAl0HI5hdm+uou75zIFDsD0BNXeEL68S8a0CaQA+yX4QMkd3LHvh185V5hs,2.6812040769674343,8.45048165666302,4.137623167017416
402000,iZevtgAl0HI5hdm+uou75zIFDsD0BNXeEL68S8a0CaQA+yX4QMkd3LHvh185V5hs,2.706608135055223,6.369902819769269,3.8796289322065305
402300,iZevtgAl0HI5hdm+uou75zIFDsD0BNXeEL68S8a0CaQA+yX4QMkd3LHvh185V5hs,2.783970047187828,8.78079580305979,4.1681221977169995
402600,iZevtgAl0HI5hdm+uou75zIFDsD0BNXeEL68S8a0CaQA+yX4QMkd3LHvh185V5hs,2.2195733966975597,5.659353068537025,3.2895466503275985
402900,iZevtgAl0HI5hdm+uou75zIFDsD0BNXeEL68S8a0CaQA+yX4QMkd3LHvh185V5hs,2.5204049238797905,11.51766808300634,4.50241757573201
403200,iZevtgAl0HI5hdm+uou75zIFDsD0BNXeEL68S8a0CaQA+yX4QMkd3LHvh185V5hs,2.5030962030113546,7.7224991084110925,3.827114371619592
403500,iZevtgAl0HI5hdm+uou75zIFDsD0BNXeEL68S8a0CaQA+yX4QMkd3LHvh185V5hs,2.66873593429906,8.48367264909724,4.0602114533135785
403800,iZevtgAl0HI5hdm+uou75zIFDsD0BNXeEL68S8a0CaQA+yX4QMkd3LHvh185V5hs,2.0607670158364773,7.259749579366493,3.616898638188231
404100,iZevtgAl0HI5hdm+uou75zIFDsD0BNXeEL68S8a0CaQA+yX4QMkd3LHvh185V5hs,2.132165475070167,6.893001853779064,3.820104271584019
404400,iZevtgAl0HI5hdm+uou75zIFDsD0BNXeEL68S8a0CaQA+yX4QMkd3LHvh185V5hs,2.676275333946394,7.222711758849843,3.880085199994572
404700,iZevtgAl0HI5hdm+uou75zIFDsD0BNXeEL68S8a0CaQA+yX4QMkd3LHvh185V5hs,3.0480266334388486,6.748977026009066,4.184601548526102
405000,iZevtgAl0HI5hdm+uou75zIFDsD0BNXeEL68S8a0CaQA+yX4QMkd3LHvh185V5hs,2.8439814145630646,6.7881445354108045,3.983937250811496
405300,iZevtgAl0HI5hdm+uou75zIFDsD0BNXeEL68S8a0CaQA+yX4QMkd3LHvh185V5hs,2.6484869913994182,8.772753662582977,4.0824978046766285
405600,iZevtgAl0HI5hdm+uou75zIFDsD0BNXeEL68S8a0CaQA+yX4QMkd3LHvh185V5hs,3.033664536862009,8.306564335212238,4.145529966935019
405900,iZevtgAl0HI5hdm+uou75zIFDsD0BNXeEL68S8a0CaQA+yX4QMkd3LHvh185V5hs,2.7974075051141574,7.75680565199217,4.279969022749985
406200,iZevtgAl0HI5hdm+uou75zIFDsD0BNXeEL68S8a0CaQA+yX4QMkd3LHvh185V5hs,2.7888903012672728,7.46524704222772,4.120800131599948
406500,iZevtgAl0HI5hdm+uou75zIFDsD0BNXeEL68S8a0CaQA+yX4QMkd3LHvh185V5hs,2.5374544626176445,10.009487289267913,4.467471781734608
406800,iZevtgAl0HI5hdm+uou75zIFDsD0BNXeEL68S8a0CaQA+yX4QMkd3LHvh185V5hs,2.542310563223948,7.933391139198601,4.021563563199182
407100,iZevtgAl0HI5hdm+uou75zIFDsD0BNXeEL68S8a0CaQA+yX4QMkd3LHvh185V5hs,2.98200386700541,7.688902693301455,4.2622626785357705
407400,iZevtgAl0HI5hdm+uou75zIFDsD0BNXeEL68S8a0CaQA+yX4QMkd3LHvh185V5hs,2.6626570103112015,7.493851351020679,4.187247105515302
407700,iZevtgAl0HI5hdm+uou75zIFDsD0BNXeEL68S8a0CaQA+yX4QMkd3LHvh185V5hs,3.403954552271278,10.516534407702927,4.697244097969786
408000,iZevtgAl0HI5hdm+uou75zIFDsD0BNXeEL68S8a0CaQA+yX4QMkd3LHvh185V5hs,2.792033049904544,10.943209122043848,4.18596461046507
408300,iZevtgAl0HI5hdm+uou75zIFDsD0BNXeEL68S8a0CaQA+yX4QMkd3LHvh185V5hs,2.654962983801015,10.47782457166736,4.176777820326112
408600,iZevtgAl0HI5hdm+uou75zIFDsD0BNXeEL68S8a0CaQA+yX4QMkd3LHvh185V5hs,2.513129148658296,10.162074135741491,4.257416130300056
408900,iZevtgAl0HI5hdm+uou75zIFDsD0BNXeEL68S8a0CaQA+yX4QMkd3LHvh185V5hs,2.7807744334652216,8.244302909887624,4.293130163310819
409200,iZevtgAl0HI5hdm+uou75zIFDsD0BNXeEL68S8a0CaQA+yX4QMkd3LHvh185V5hs,2.9501158258791484,8.094485514774718,4.370709350343224
409500,iZevtgAl0HI5hdm+uou75zIFDsD0BNXeEL68S8a0CaQA+yX4QMkd3LHvh185V5hs,2.692973915757331,10.016629388470784,4.053379072706582
409800,iZevtgAl0HI5hdm+uou75zIFDsD0BNXeEL68S8a0CaQA+yX4QMkd3LHvh185V5hs,2.3117991928787647,7.65778745900364,4.094780110311857
410100,iZevtgAl0HI5hdm+uou75zIFDsD0BNXeEL68S8a0CaQA+yX4QMkd3LHvh185V5hs,2.967712875642884,12.750976125043112,5.0775917131735895
410400,iZevtgAl0HI5hdm+uou75zIFDsD0BNXeEL68S8a0CaQA+yX4QMkd3LHvh185V5hs,3.1622530442113614,8.159586831591172,4.428756798834449
410700,iZevtgAl0HI5hdm+uou75zIFDsD0BNXeEL68S8a0CaQA+yX4QMkd3LHvh185V5hs,2.7469672917398014,10.653285703649775,4.369898908705314
411000,iZevtgAl0HI5hdm+uou75zIFDsD0BNXeEL68S8a0CaQA+yX4QMkd3LHvh185V5hs,2.7153362962172496,9.104923209119423,4.467966599131254
411300,iZevtgAl0HI5hdm+uou75zIFDsD0BNXeEL68S8a0CaQA+yX4QMkd3LHvh185V5hs,3.358318511264532,24.889921265798296,5.922129775798108
411600,iZevtgAl0HI5hdm+uou75zIFDsD0BNXeEL68S8a0CaQA+yX4QMkd3LHvh185V5hs,3.176567189579187,9.03344227253495,5.0634665287961385
411900,iZevtgAl0HI5hdm+uou75zIFDsD0BNXeEL68S8a0CaQA+yX4QMkd3LHvh185V5hs,2.745983191088493,11.845648440016236,4.95516846317892
412200,iZevtgAl0HI5hdm+uou75zIFDsD0BNXeEL68S8a0CaQA+yX4QMkd3LHvh185V5hs,2.1611832616060487,10.083390711941014,4.232355462577678
412500,iZevtgAl0HI5hdm+uou75zIFDsD0BNXeEL68S8a0CaQA+yX4QMkd3LHvh185V5hs,3.495374001969078,7.874791746111176,5.438415772514659
412800,iZevtgAl0HI5hdm+uou75zIFDsD0BNXeEL68S8a0CaQA+yX4QMkd3LHvh185V5hs,2.5917035373816657,9.462452308239275,5.7972229054718
413100,iZevtgAl0HI5hdm+uou75zIFDsD0BNXeEL68S8a0CaQA+yX4QMkd3LHvh185V5hs,3.8243630830004296,10.610122883387149,5.7096114517224175
413400,iZevtgAl0HI5hdm+uou75zIFDsD0BNXeEL68S8a0CaQA+yX4QMkd3LHvh185V5hs,3.0542764788328327,10.868259907268405,5.730237841905134
413700,iZevtgAl0HI5hdm+uou75zIFDsD0BNXeEL68S8a0CaQA+yX4QMkd3LHvh185V5hs,3.929621558113184,13.477093932504983,6.961766454894257
414000,iZevtgAl0HI5hdm+uou75zIFDsD0BNXeEL68S8a0CaQA+yX4QMkd3LHvh185V5hs,3.8214333100915687,9.968845327705726,6.211555817363463
414300,iZevtgAl0HI5hdm+uou75zIFDsD0BNXeEL68S8a0CaQA+yX4QMkd3LHvh185V5hs,3.636883804796081,10.291673520215186,5.390846931957595
414600,iZevtgAl0HI5hdm+uou75zIFDsD0BNXeEL68S8a0CaQA+yX4QMkd3LHvh185V5hs,3.544531599455409,10.130365859019705,4.99104741861416
414900,iZevtgAl0HI5hdm+uou75zIFDsD0BNXeEL68S8a0CaQA+yX4QMkd3LHvh185V5hs,3.601889307479883,9.935915223638121,5.186538647779224
415200,iZevtgAl0HI5hdm+uou75zIFDsD0BNXeEL68S8a0CaQA+yX4QMkd3LHvh185V5hs,3.2297362641933813,13.248494661785545,4.920270273022744
415500,iZevtgAl0HI5hdm+uou75zIFDsD0BNXeEL68S8a0CaQA+yX4QMkd3LHvh185V5hs,3.867573670307265,13.988976775214804,5.775647774988728
415800,iZevtgAl0HI5hdm+uou75zIFDsD0BNXeEL68S8a0CaQA+yX4QMkd3LHvh185V5hs,3.603678666037876,9.700069738637746,5.686956255492346
416100,iZevtgAl0HI5hdm+uou75zIFDsD0BNXeEL68S8a0CaQA+yX4QMkd3LHvh185V5hs,3.859812999109929,10.226616977218209,5.981836173871408
416400,iZevtgAl0HI5hdm+uou75zIFDsD0BNXeEL68S8a0CaQA+yX4QMkd3LHvh185V5hs,3.759711933915544,12.915463858764692,5.74520004927459
416700,iZevtgAl0HI5hdm+uou75zIFDsD0BNXeEL68S8a0CaQA+yX4QMkd3LHvh185V5hs,4.147289851105229,11.117404874220952,5.816136313277739
417000,iZevtgAl0HI5hdm+uou75zIFDsD0BNXeEL68S8a0CaQA+yX4QMkd3LHvh185V5hs,4.218602897394353,10.281475597907734,6.010354730210255
417300,iZevtgAl0HI5hdm+uou75zIFDsD0BNXeEL68S8a0CaQA+yX4QMkd3LHvh185V5hs,4.476369169427818,12.840535789561809,6.261675486950256
417600,iZevtgAl0HI5hdm+uou75zIFDsD0BNXeEL68S8a0CaQA+yX4QMkd3LHvh185V5hs,4.532901573023538,11.8084545075008,6.033248683777762
417900,iZevtgAl0HI5hdm+uou75zIFDsD0BNXeEL68S8a0CaQA+yX4QMkd3LHvh185V5hs,4.215934730388748,17.03631311775607,7.742048291760788
418200,iZevtgAl0HI5hdm+uou75zIFDsD0BNXeEL68S8a0CaQA+yX4QMkd3LHvh185V5hs,3.916457167029445,13.594471113206772,6.209332227215756
418500,iZevtgAl0HI5hdm+uou75zIFDsD0BNXeEL68S8a0CaQA+yX4QMkd3LHvh185V5hs,3.8311434957732615,11.831720731498573,6.012664008746812
418800,iZevtgAl0HI5hdm+uou75zIFDsD0BNXeEL68S8a0CaQA+yX4QMkd3LHvh185V5hs,3.628311826763496,14.070464253811371,5.79389786097938
419100,iZevtgAl0HI5hdm+uou75zIFDsD0BNXeEL68S8a0CaQA+yX4QMkd3LHvh185V5hs,4.613790590233431,13.374004827680825,6.457277200198337
419400,iZevtgAl0HI5hdm+uou75zIFDsD0BNXeEL68S8a0CaQA+yX4QMkd3LHvh185V5hs,4.568542764951055,10.457702976666049,6.255037983693674
419700,iZevtgAl0HI5hdm+uou75zIFDsD0BNXeEL68S8a0CaQA+yX4QMkd3LHvh185V5hs,4.470456656391658,12.367419830868323,6.5157889020735205
420000,iZevtgAl0HI5hdm+uou75zIFDsD0BNXeEL68S8a0CaQA+yX4QMkd3LHvh185V5hs,4.3632502745364725,11.074951698482886,5.990756958689011
420300,iZevtgAl0HI5hdm+uou75zIFDsD0BNXeEL68S8a0CaQA+yX4QMkd3LHvh185V5hs,4.3591842867769435,11.310291996960244,6.261675781257577
420600,iZevtgAl0HI5hdm+uou75zIFDsD0BNXeEL68S8a0CaQA+yX4QMkd3LHvh185V5hs,4.371589639388128,13.859340468860596,6.370456395521714
420900,iZevtgAl0HI5hdm+uou75zIFDsD0BNXeEL68S8a0CaQA+yX4QMkd3LHvh185V5hs,4.763631177873898,14.238884260363976,7.326194463569885
421200,iZevtgAl0HI5hdm+uou75zIFDsD0BNXeEL68S8a0CaQA+yX4QMkd3LHvh185V5hs,4.38426609451742,13.901821039601332,6.369610416261929
421500,iZevtgAl0HI5hdm+uou75zIFDsD0BNXeEL68S8a0CaQA+yX4QMkd3LHvh185V5hs,5.4502730621667705,11.218884048676069,7.3735091442552205
421800,iZevtgAl0HI5hdm+uou75zIFDsD0BNXeEL68S8a0CaQA+yX4QMkd3LHvh185V5hs,5.044797810049565,18.14005593708299,7.113040103279026
422100,iZevtgAl0HI5hdm+uou75zIFDsD0BNXeEL68S8a0CaQA+yX4QMkd3LHvh185V5hs,4.396841527987676,12.040379661327211,6.601984319256529
422400,iZevtgAl0HI5hdm+uou75zIFDsD0BNXeEL68S8a0CaQA+yX4QMkd3LHvh185V5hs,4.738023826792678,14.185863382246058,6.86042854464587
422700,iZevtgAl0HI5hdm+uou75zIFDsD0BNXeEL68S8a0CaQA+yX4QMkd3LHvh185V5hs,5.642083971768597,13.084347454367508,7.875696170410638
423000,iZevtgAl0HI5hdm+uou75zIFDsD0BNXeEL68S8a0CaQA+yX4QMkd3LHvh185V5hs,4.811250664972051,14.883123104127796,7.065404461489751
423300,iZevtgAl0HI5hdm+uou75zIFDsD0BNXeEL68S8a0CaQA+yX4QMkd3LHvh185V5hs,5.161380893967781,11.505336052925138,7.727510390324841
423600,iZevtgAl0HI5hdm+uou75zIFDsD0BNXeEL68S8a0CaQA+yX4QMkd3LHvh185V5hs,5.6235123669627125,12.317085722709384,8.562639984429785
423900,iZevtgAl0HI5hdm+uou75zIFDsD0BNXeEL68S8a0CaQA+yX4QMkd3LHvh185V5hs,4.8987883211222805,15.964112464179069,8.355204785054497
424200,iZevtgAl0HI5hdm+uou75zIFDsD0BNXeEL68S8a0CaQA+yX4QMkd3LHvh185V5hs,5.509181711895696,16.99139788328913,8.690496468325524
424500,iZevtgAl0HI5hdm+uou75zIFDsD0BNXeEL68S8a0CaQA+yX4QMkd3LHvh185V5hs,4.822702726005261,13.809591380768095,8.517604457000731
424800,iZevtgAl0HI5hdm+uou75zIFDsD0BNXeEL68S8a0CaQA+yX4QMkd3LHvh185V5hs,6.362718610188541,14.186749832964695,9.594714893729655
425100,iZevtgAl0HI5hdm+uou75zIFDsD0BNXeEL68S8a0CaQA+yX4QMkd3LHvh185V5hs,5.509114642895652,16.995512438230552,8.740963133706396
425400,iZevtgAl0HI5hdm+uou75zIFDsD0BNXeEL68S8a0CaQA+yX4QMkd3LHvh185V5hs,4.34797799152426,13.803419253176374,7.62565242967791
425700,iZevtgAl0HI5hdm+uou75zIFDsD0BNXeEL68S8a0CaQA+yX4QMkd3LHvh185V5hs,5.10649592990522,13.649004207424069,7.1990297149497104
426000,iZevtgAl0HI5hdm+uou75zIFDsD0BNXeEL68S8a0CaQA+yX4QMkd3LHvh185V5hs,7.241832295932001,19.570190178574315,10.399817707678318
426300,iZevtgAl0HI5hdm+uou75zIFDsD0BNXeEL68S8a0CaQA+yX4QMkd3LHvh185V5hs,6.587900076133609,21.400372674444203,10.784775166573628
426600,iZevtgAl0HI5hdm+uou75zIFDsD0BNXeEL68S8a0CaQA+yX4QMkd3LHvh185V5hs,6.398888567723362,15.429348417745052,8.883019626261405
426900,iZevtgAl0HI5hdm+uou75zIFDsD0BNXeEL68S8a0CaQA+yX4QMkd3LHvh185V5hs,6.034416779182311,16.77595964651037,9.057572752746909
427200,iZevtgAl0HI5hdm+uou75zIFDsD0BNXeEL68S8a0CaQA+yX4QMkd3LHvh185V5hs,6.970489049095229,15.151054257151058,8.990513795425175
427500,iZevtgAl0HI5hdm+uou75zIFDsD0BNXeEL68S8a0CaQA+yX4QMkd3LHvh185V5hs,6.827541304615799,18.127974030176663,10.113648145128783
427800,iZevtgAl0HI5hdm+uou75zIFDsD0BNXeEL68S8a0CaQA+yX4QMkd3LHvh185V5hs,6.988984134893542,15.426464764718704,8.995421690516727
428100,iZevtgAl0HI5hdm+uou75zIFDsD0BNXeEL68S8a0CaQA+yX4QMkd3LHvh185V5hs,6.318786287701377,11.215465825144824,9.237228214863027
428400,iZevtgAl0HI5hdm+uou75zIFDsD0BNXeEL68S8a0CaQA+yX4QMkd3LHvh185V5hs,5.361915814101699,19.283774567991003,9.559493572662298
428700,iZevtgAl0HI5hdm+uou75zIFDsD0BNXeEL68S8a0CaQA+yX4QMkd3LHvh185V5hs,6.842270710153991,13.735855672865,9.32322571649452
429000,iZevtgAl0HI5hdm+uou75zIFDsD0BNXeEL68S8a0CaQA+yX4QMkd3LHvh185V5hs,6.804550722770318,16.771418427447554,9.256149675632482
429300,iZevtgAl0HI5hdm+uou75zIFDsD0BNXeEL68S8a0CaQA+yX4QMkd3LHvh185V5hs,6.5070360163118925,21.3960849805649,9.552317175636714
429600,iZevtgAl0HI5hdm+uou75zIFDsD0BNXeEL68S8a0CaQA+yX4QMkd3LHvh185V5hs,6.427835699375778,15.767160685754384,8.843326296150614
429900,iZevtgAl0HI5hdm+uou75zIFDsD0BNXeEL68S8a0CaQA+yX4QMkd3LHvh185V5hs,6.681568935177784,15.23769864832364,9.5713266651678
430200,iZevtgAl0HI5hdm+uou75zIFDsD0BNXeEL68S8a0CaQA+yX4QMkd3LHvh185V5hs,6.983600179188459,15.480993345941249,9.73334486612486
430500,iZevtgAl0HI5hdm+uou75zIFDsD0BNXeEL68S8a0CaQA+yX4QMkd3LHvh185V5hs,6.649364800045038,18.513827213298867,10.148400652191627
430800,iZevtgAl0HI5hdm+uou75zIFDsD0BNXeEL68S8a0CaQA+yX4QMkd3LHvh185V5hs,6.983089845093278,15.347281032293436,9.630062868833967
431100,iZevtgAl0HI5hdm+uou75zIFDsD0BNXeEL68S8a0CaQA+yX4QMkd3LHvh185V5hs,7.533881589232032,15.772784267477702,9.731283210720125
431400,iZevtgAl0HI5hdm+uou75zIFDsD0BNXeEL68S8a0CaQA+yX4QMkd3LHvh185V5hs,7.040538403621494,21.119363376307707,9.846349205420529
431700,iZevtgAl0HI5hdm+uou75zIFDsD0BNXeEL68S8a0CaQA+yX4QMkd3LHvh185V5hs,7.25795951628832,15.299726418142638,9.462876070147583
432000,iZevtgAl0HI5hdm+uou75zIFDsD0BNXeEL68S8a0CaQA+yX4QMkd3LHvh185V5hs,7.010398328143596,18.06824991020113,10.823391172122216
432300,iZevtgAl0HI5hdm+uou75zIFDsD0BNXeEL68S8a0CaQA+yX4QMkd3LHvh185V5hs,7.512975972790437,12.919220845325114,9.303341534301678
432600,iZevtgAl0HI5hdm+uou75zIFDsD0BNXeEL68S8a0CaQA+yX4QMkd3LHvh185V5hs,6.108356302002026,18.27369888982669,9.546796932699143
432900,iZevtgAl0HI5hdm+uou75zIFDsD0BNXeEL68S8a0CaQA+yX4QMkd3LHvh185V5hs,7.559266427480948,14.916012027317043,9.903234829149556
433200,iZevtgAl0HI5hdm+uou75zIFDsD0BNXeEL68S8a0CaQA+yX4QMkd3LHvh185V5hs,7.501575509829688,19.065554088290792,10.0097905335081
433500,iZevtgAl0HI5hdm+uou75zIFDsD0BNXeEL68S8a0CaQA+yX4QMkd3LHvh185V5hs,9.400619527283533,18.5964547403226,13.649243592357234
433800,iZevtgAl0HI5hdm+uou75zIFDsD0BNXeEL68S8a0CaQA+yX4QMkd3LHvh185V5hs,8.56321057959439,84.3190442093411,26.02278827070779
434100,iZevtgAl0HI5hdm+uou75zIFDsD0BNXeEL68S8a0CaQA+yX4QMkd3LHvh185V5hs,6.142018008566264,15.75570487617721,8.51006239975668
434400,iZevtgAl0HI5hdm+uou75zIFDsD0BNXeEL68S8a0CaQA+yX4QMkd3LHvh185V5hs,6.35131806078323,14.423838778201311,9.170330011842466
434700,iZevtgAl0HI5hdm+uou75zIFDsD0BNXeEL68S8a0CaQA+yX4QMkd3LHvh185V5hs,6.002233649623585,14.591467358660068,8.556013579024036
435000,iZevtgAl0HI5hdm+uou75zIFDsD0BNXeEL68S8a0CaQA+yX4QMkd3LHvh185V5hs,5.117406797456983,15.575561416768096,8.043344283581845
435300,iZevtgAl0HI5hdm+uou75zIFDsD0BNXeEL68S8a0CaQA+yX4QMkd3LHvh185V5hs,7.182637994532207,15.560998376769552,9.441155001480704
435600,iZevtgAl0HI5hdm+uou75zIFDsD0BNXeEL68S8a0CaQA+yX4QMkd3LHvh185V5hs,5.164657278665253,17.31399561098792,9.22635820827468
435900,iZevtgAl0HI5hdm+uou75zIFDsD0BNXeEL68S8a0CaQA+yX4QMkd3LHvh185V5hs,6.697451450430406,17.471244761467304,9.226768315104426
436200,iZevtgAl0HI5hdm+uou75zIFDsD0BNXeEL68S8a0CaQA+yX4QMkd3LHvh185V5hs,6.59770102391549,17.43074251659067,9.200317383920797
436500,iZevtgAl0HI5hdm+uou75zIFDsD0BNXeEL68S8a0CaQA+yX4QMkd3LHvh185V5hs,5.440170120392619,11.026233558230084,7.712261839069946
436800,iZevtgAl0HI5hdm+uou75zIFDsD0BNXeEL68S8a0CaQA+yX4QMkd3LHvh185V5hs,5.851186584927763,17.888939127960484,8.65680729518151
437100,iZevtgAl0HI5hdm+uou75zIFDsD0BNXeEL68S8a0CaQA+yX4QMkd3LHvh185V5hs,6.473407105523834,18.19950325475989,8.995335611061726
437400,iZevtgAl0HI5hdm+uou75zIFDsD0BNXeEL68S8a0CaQA+yX4QMkd3LHvh185V5hs,5.667844372638042,18.79858707516394,8.676787417027018
437700,iZevtgAl0HI5hdm+uou75zIFDsD0BNXeEL68S8a0CaQA+yX4QMkd3LHvh185V5hs,6.19439801191678,16.55749460318005,8.681687108063517
438000,iZevtgAl0HI5hdm+uou75zIFDsD0BNXeEL68S8a0CaQA+yX4QMkd3LHvh185V5hs,6.054903672863651,15.639160786106173,8.7425293646703
438300,iZevtgAl0HI5hdm+uou75zIFDsD0BNXeEL68S8a0CaQA+yX4QMkd3LHvh185V5hs,5.903691168170152,15.627995243520129,8.655674753947709
438600,iZevtgAl0HI5hdm+uou75zIFDsD0BNXeEL68S8a0CaQA+yX4QMkd3LHvh185V5hs,6.369945557787848,14.742270396252952,8.706002813578626
438900,iZevtgAl0HI5hdm+uou75zIFDsD0BNXeEL68S8a0CaQA+yX4QMkd3LHvh185V5hs,5.834699342453047,15.057163353215602,8.988230558695934
439200,iZevtgAl0HI5hdm+uou75zIFDsD0BNXeEL68S8a0CaQA+yX4QMkd3LHvh185V5hs,6.070194553691596,18.450795431107615,9.354394664093313
439500,iZevtgAl0HI5hdm+uou75zIFDsD0BNXeEL68S8a0CaQA+yX4QMkd3LHvh185V5hs,6.570463505847036,17.9964315808291,9.324149983124776
439800,iZevtgAl0HI5hdm+uou75zIFDsD0BNXeEL68S8a0CaQA+yX4QMkd3LHvh185V5hs,6.050750403124913,16.00678235968704,9.877106598953125
440100,iZevtgAl0HI5hdm+uou75zIFDsD0BNXeEL68S8a0CaQA+yX4QMkd3LHvh185V5hs,5.85174524449119,16.799056413727904,10.042828517819968
440400,iZevtgAl0HI5hdm+uou75zIFDsD0BNXeEL68S8a0CaQA+yX4QMkd3LHvh185V5hs,5.8636746836682665,16.552921039986888,9.5297330461676
440700,iZevtgAl0HI5hdm+uou75zIFDsD0BNXeEL68S8a0CaQA+yX4QMkd3LHvh185V5hs,6.471347289044232,15.293160197233233,9.738862355933419
441000,iZevtgAl0HI5hdm+uou75zIFDsD0BNXeEL68S8a0CaQA+yX4QMkd3LHvh185V5hs,6.040902660918869,15.65597504683966,9.393402425273091
441300,iZevtgAl0HI5hdm+uou75zIFDsD0BNXeEL68S8a0CaQA+yX4QMkd3LHvh185V5hs,3.870050171519781,15.932256164435843,7.866343602755744
441600,iZevtgAl0HI5hdm+uou75zIFDsD0BNXeEL68S8a0CaQA+yX4QMkd3LHvh185V5hs,5.894515389477135,15.767618124359764,8.201493560799042
441900,iZevtgAl0HI5hdm+uou75zIFDsD0BNXeEL68S8a0CaQA+yX4QMkd3LHvh185V5hs,5.273110163302853,15.950716598161147,8.145461416502572
442200,iZevtgAl0HI5hdm+uou75zIFDsD0BNXeEL68S8a0CaQA+yX4QMkd3LHvh185V5hs,5.677856416170104,14.337573239578852,7.592980317517708
442500,iZevtgAl0HI5hdm+uou75zIFDsD0BNXeEL68S8a0CaQA+yX4QMkd3LHvh185V5hs,4.9381691636965455,16.07667159366607,7.378067222954648
442800,iZevtgAl0HI5hdm+uou75zIFDsD0BNXeEL68S8a0CaQA+yX4QMkd3LHvh185V5hs,6.523194162745626,16.743372641617142,8.614655444648758
443100,iZevtgAl0HI5hdm+uou75zIFDsD0BNXeEL68S8a0CaQA+yX4QMkd3LHvh185V5hs,5.360877958034415,17.380041498830842,8.217047918635604
443400,iZevtgAl0HI5hdm+uou75zIFDsD0BNXeEL68S8a0CaQA+yX4QMkd3LHvh185V5hs,4.846410743178032,16.524917636155497,7.203522201878366
443700,iZevtgAl0HI5hdm+uou75zIFDsD0BNXeEL68S8a0CaQA+yX4QMkd3LHvh185V5hs,5.199282694067844,13.511267598378746,7.338935497093741
444000,iZevtgAl0HI5hdm+uou75zIFDsD0BNXeEL68S8a0CaQA+yX4QMkd3LHvh185V5hs,4.599707884444384,14.148565581629198,7.291904094196042
444300,iZevtgAl0HI5hdm+uou75zIFDsD0BNXeEL68S8a0CaQA+yX4QMkd3LHvh185V5hs,5.4260746021302335,12.411384300366766,7.381949531740317
444600,iZevtgAl0HI5hdm+uou75zIFDsD0BNXeEL68S8a0CaQA+yX4QMkd3LHvh185V5hs,4.3557495657274155,12.779830244090077,6.640704149731795
444900,iZevtgAl0HI5hdm+uou75zIFDsD0BNXeEL68S8a0CaQA+yX4QMkd3LHvh185V5hs,4.901407804578858,11.259531906502088,6.632454485355875
445200,iZevtgAl0HI5hdm+uou75zIFDsD0BNXeEL68S8a0CaQA+yX4QMkd3LHvh185V5hs,4.286844288462968,11.57353657589452,6.716570981317876
445500,iZevtgAl0HI5hdm+uou75zIFDsD0BNXeEL68S8a0CaQA+yX4QMkd3LHvh185V5hs,4.611909202089693,15.540103509024505,6.870329174450516
445800,iZevtgAl0HI5hdm+uou75zIFDsD0BNXeEL68S8a0CaQA+yX4QMkd3LHvh185V5hs,4.6019799649074296,14.499656655171522,7.261354328005563
446100,iZevtgAl0HI5hdm+uou75zIFDsD0BNXeEL68S8a0CaQA+yX4QMkd3LHvh185V5hs,4.023740878921044,11.601392518440232,6.219639971619191
446400,iZevtgAl0HI5hdm+uou75zIFDsD0BNXeEL68S8a0CaQA+yX4QMkd3LHvh185V5hs,4.798810587284368,13.820976500610769,7.094427124825309
446700,iZevtgAl0HI5hdm+uou75zIFDsD0BNXeEL68S8a0CaQA+yX4QMkd3LHvh185V5hs,3.912672683535511,12.658872368853302,6.279855622217543
447000,iZevtgAl0HI5hdm+uou75zIFDsD0BNXeEL68S8a0CaQA+yX4QMkd3LHvh185V5hs,4.929601497237608,13.9070783647589,6.565892853769657
447300,iZevtgAl0HI5hdm+uou75zIFDsD0BNXeEL68S8a0CaQA+yX4QMkd3LHvh185V5hs,3.6666549590905504,16.34314149880323,5.970250794156501
447600,iZevtgAl0HI5hdm+uou75zIFDsD0BNXeEL68S8a0CaQA+yX4QMkd3LHvh185V5hs,4.45188156316074,11.91831123207804,6.494657715573246
447900,iZevtgAl0HI5hdm+uou75zIFDsD0BNXeEL68S8a0CaQA+yX4QMkd3LHvh185V5hs,4.394204036779957,12.579051316156471,6.658525922361049
448200,iZevtgAl0HI5hdm+uou75zIFDsD0BNXeEL68S8a0CaQA+yX4QMkd3LHvh185V5hs,4.087079057447188,10.707307660026466,6.116493485689212
448500,iZevtgAl0HI5hdm+uou75zIFDsD0BNXeEL68S8a0CaQA+yX4QMkd3LHvh185V5hs,4.032331592950436,13.09256328479465,5.744654583205314
448800,iZevtgAl0HI5hdm+uou75zIFDsD0BNXeEL68S8a0CaQA+yX4QMkd3LHvh185V5hs,3.891446882535983,11.530546181211786,5.444941949347353
449100,iZevtgAl0HI5hdm+uou75zIFDsD0BNXeEL68S8a0CaQA+yX4QMkd3LHvh185V5hs,3.074951744707056,10.429125547033577,5.982647238335565
449400,iZevtgAl0HI5hdm+uou75zIFDsD0BNXeEL68S8a0CaQA+yX4QMkd3LHvh185V5hs,3.686567233282638,8.999892742084818,5.813578480879695
449700,iZevtgAl0HI5hdm+uou75zIFDsD0BNXeEL68S8a0CaQA+yX4QMkd3LHvh185V5hs,3.43969602461026,9.430926714939504,5.032449279796278
450000,iZevtgAl0HI5hdm+uou75zIFDsD0BNXeEL68S8a0CaQA+yX4QMkd3LHvh185V5hs,3.609491800247964,10.762217385353845,5.590228699525728
450300,iZevtgAl0HI5hdm+uou75zIFDsD0BNXeEL68S8a0CaQA+yX4QMkd3LHvh185V5hs,3.842803799851045,12.318062170939822,6.236567169814624
450600,iZevtgAl0HI5hdm+uou75zIFDsD0BNXeEL68S8a0CaQA+yX4QMkd3LHvh185V5hs,2.6012960139849794,10.765763138533709,4.716217301950247
450900,iZevtgAl0HI5hdm+uou75zIFDsD0BNXeEL68S8a0CaQA+yX4QMkd3LHvh185V5hs,3.07314381038092,9.887742944312926,4.98158340867821
451200,iZevtgAl0HI5hdm+uou75zIFDsD0BNXeEL68S8a0CaQA+yX4QMkd3LHvh185V5hs,3.53210601742588,9.482195445636318,5.304650486666538
451500,iZevtgAl0HI5hdm+uou75zIFDsD0BNXeEL68S8a0CaQA+yX4QMkd3LHvh185V5hs,2.590308340641481,10.053398184723942,4.9562903041904445
451800,iZevtgAl0HI5hdm+uou75zIFDsD0BNXeEL68S8a0CaQA+yX4QMkd3LHvh185V5hs,2.990080466997409,8.786121971652038,4.876995656867832
452100,iZevtgAl0HI5hdm+uou75zIFDsD0BNXeEL68S8a0CaQA+yX4QMkd3LHvh185V5hs,3.4434097835018647,10.980212755596485,4.705136002859918
452400,iZevtgAl0HI5hdm+uou75zIFDsD0BNXeEL68S8a0CaQA+yX4QMkd3LHvh185V5hs,3.4837752097596426,9.85275144302393,4.858505118654273
452700,iZevtgAl0HI5hdm+uou75zIFDsD0BNXeEL68S8a0CaQA+yX4QMkd3LHvh185V5hs,2.8764999659014014,11.150284113538191,4.522979770050056
453000,iZevtgAl0HI5hdm+uou75zIFDsD0BNXeEL68S8a0CaQA+yX4QMkd3LHvh185V5hs,3.085468399069177,8.848535058888517,5.02016491791429
453300,iZevtgAl0HI5hdm+uou75zIFDsD0BNXeEL68S8a0CaQA+yX4QMkd3LHvh185V5hs,3.200393001608971,10.673576055218597,4.600524050290693
453600,iZevtgAl0HI5hdm+uou75zIFDsD0BNXeEL68S8a0CaQA+yX4QMkd3LHvh185V5hs,3.401565869605394,8.50600590112514,4.752886379774401
453900,iZevtgAl0HI5hdm+uou75zIFDsD0BNXeEL68S8a0CaQA+yX4QMkd3LHvh185V5hs,3.323053864071209,15.55000358999462,5.2827750347160105
454200,iZevtgAl0HI5hdm+uou75zIFDsD0BNXeEL68S8a0CaQA+yX4QMkd3LHvh185V5hs,2.4571923985301023,8.716976740998327,4.306848469116454
454500,iZevtgAl0HI5hdm+uou75zIFDsD0BNXeEL68S8a0CaQA+yX4QMkd3LHvh185V5hs,2.463422135510403,10.028203445257876,3.9610340954966152
454800,iZevtgAl0HI5hdm+uou75zIFDsD0BNXeEL68S8a0CaQA+yX4QMkd3LHvh185V5hs,2.6600087684229354,14.431544732979368,5.9358267164427705
455100,iZevtgAl0HI5hdm+uou75zIFDsD0BNXeEL68S8a0CaQA+yX4QMkd3LHvh185V5hs,2.305190277171688,7.541960421806398,4.105177537817832
455400,iZevtgAl0HI5hdm+uou75zIFDsD0BNXeEL68S8a0CaQA+yX4QMkd3LHvh185V5hs,2.0592261085640846,8.180185045224807,3.848533544382032
455700,iZevtgAl0HI5hdm+uou75zIFDsD0BNXeEL68S8a0CaQA+yX4QMkd3LHvh185V5hs,3.0125875540745017,7.80468714793131,4.658770074007044
456000,iZevtgAl0HI5hdm+uou75zIFDsD0BNXeEL68S8a0CaQA+yX4QMkd3LHvh185V5hs,2.6649414884654443,7.727508967972384,5.057024564923528
456300,iZevtgAl0HI5hdm+uou75zIFDsD0BNXeEL68S8a0CaQA+yX4QMkd3LHvh185V5hs,2.6606239644390106,9.232459216631904,4.7667106138003215
456600,iZevtgAl0HI5hdm+uou75zIFDsD0BNXeEL68S8a0CaQA+yX4QMkd3LHvh185V5hs,2.896030281402284,11.387509043375728,4.931897654849664
456900,iZevtgAl0HI5hdm+uou75zIFDsD0BNXeEL68S8a0CaQA+yX4QMkd3LHvh185V5hs,2.2384810683793814,7.2645370515528835,4.299288834885616
457200,iZevtgAl0HI5hdm+uou75zIFDsD0BNXeEL68S8a0CaQA+yX4QMkd3LHvh185V5hs,2.4468998604999226,8.139170397414082,4.640813866650968
457500,iZevtgAl0HI5hdm+uou75zIFDsD0BNXeEL68S8a0CaQA+yX4QMkd3LHvh185V5hs,2.0168046449729222,8.995994586802297,3.615538928078097
457800,iZevtgAl0HI5hdm+uou75zIFDsD0BNXeEL68S8a0CaQA+yX4QMkd3LHvh185V5hs,2.0170080683461484,5.910558229146111,3.1744605830825527
458100,iZevtgAl0HI5hdm+uou75zIFDsD0BNXeEL68S8a0CaQA+yX4QMkd3LHvh185V5hs,1.563547729746452,6.36778419209556,3.353828283357589
458400,iZevtgAl0HI5hdm+uou75zIFDsD0BNXeEL68S8a0CaQA+yX4QMkd3LHvh185V5hs,2.139968165658824,7.4514066834227295,3.5665587582825635
458700,iZevtgAl0HI5hdm+uou75zIFDsD0BNXeEL68S8a0CaQA+yX4QMkd3LHvh185V5hs,1.946496610217368,6.598315426033361,3.074611394741614
459000,iZevtgAl0HI5hdm+uou75zIFDsD0BNXeEL68S8a0CaQA+yX4QMkd3LHvh185V5hs,2.0582258356185874,6.702203036998343,3.2275106864720637
459300,iZevtgAl0HI5hdm+uou75zIFDsD0BNXeEL68S8a0CaQA+yX4QMkd3LHvh185V5hs,1.4113355825876155,7.709763874777363,2.864234752852447
459600,iZevtgAl0HI5hdm+uou75zIFDsD0BNXeEL68S8a0CaQA+yX4QMkd3LHvh185V5hs,1.7797825975631925,5.979810373336042,3.3469542858616395
459900,iZevtgAl0HI5hdm+uou75zIFDsD0BNXeEL68S8a0CaQA+yX4QMkd3LHvh185V5hs,2.149470315538516,6.111195984970012,3.124147906887851
460200,iZevtgAl0HI5hdm+uou75zIFDsD0BNXeEL68S8a0CaQA+yX4QMkd3LHvh185V5hs,1.442096080045454,6.970993326355911,2.965273910964723
460500,iZevtgAl0HI5hdm+uou75zIFDsD0BNXeEL68S8a0CaQA+yX4QMkd3LHvh185V5hs,1.58470804435502,6.370666200699679,2.677023250874537
460800,iZevtgAl0HI5hdm+uou75zIFDsD0BNXeEL68S8a0CaQA+yX4QMkd3LHvh185V5hs,2.0704839573971032,5.60783808607213,3.1342144826896394
461100,iZevtgAl0HI5hdm+uou75zIFDsD0BNXeEL68S8a0CaQA+yX4QMkd3LHvh185V5hs,1.888789871794185,10.386655926453605,3.247601051385929
461400,iZevtgAl0HI5hdm+uou75zIFDsD0BNXeEL68S8a0CaQA+yX4QMkd3LHvh185V5hs,2.175661615466584,5.116527417957272,3.0785524631950585
461700,iZevtgAl0HI5hdm+uou75zIFDsD0BNXeEL68S8a0CaQA+yX4QMkd3LHvh185V5hs,2.003574303167231,6.5483260838121415,3.0034389824774474
462000,iZevtgAl0HI5hdm+uou75zIFDsD0BNXeEL68S8a0CaQA+yX4QMkd3LHvh185V5hs,1.78684469802898,5.271546843397377,2.8926969518108128
462300,iZevtgAl0HI5hdm+uou75zIFDsD0BNXeEL68S8a0CaQA+yX4QMkd3LHvh185V5hs,1.8171224301850435,6.014880939574552,2.9666798889333066
462600,iZevtgAl0HI5hdm+uou75zIFDsD0BNXeEL68S8a0CaQA+yX4QMkd3LHvh185V5hs,2.0897283172570607,6.41533261386529,3.1683263898371177
462900,iZevtgAl0HI5hdm+uou75zIFDsD0BNXeEL68S8a0CaQA+yX4QMkd3LHvh185V5hs,1.8165518939769356,4.65176889451408,2.6555907840553767
463200,iZevtgAl0HI5hdm+uou75zIFDsD0BNXeEL68S8a0CaQA+yX4QMkd3LHvh185V5hs,1.6489560743170943,3.982325042510805,2.506668345483779
463500,iZevtgAl0HI5hdm+uou75zIFDsD0BNXeEL68S8a0CaQA+yX4QMkd3LHvh185V5hs,1.8154361933616632,4.204087110409308,2.4759706521270664
463800,iZevtgAl0HI5hdm+uou75zIFDsD0BNXeEL68S8a0CaQA+yX4QMkd3LHvh185V5hs,1.7677829927923672,4.90857771471966,2.741390285386205
464100,iZevtgAl0HI5hdm+uou75zIFDsD0BNXeEL68S8a0CaQA+yX4QMkd3LHvh185V5hs,1.826499747308133,5.723958191625865,2.4079212324455743
464400,iZevtgAl0HI5hdm+uou75zIFDsD0BNXeEL68S8a0CaQA+yX4QMkd3LHvh185V5hs,1.9476452788625576,5.330108051746064,2.835805630421659
464700,iZevtgAl0HI5hdm+uou75zIFDsD0BNXeEL68S8a0CaQA+yX4QMkd3LHvh185V5hs,1.7198448995033964,12.108831654139957,3.424643899428764
465000,iZevtgAl0HI5hdm+uou75zIFDsD0BNXeEL68S8a0CaQA+yX4QMkd3LHvh185V5hs,1.7064045335978324,5.048443163304571,2.825080412352493
465300,iZevtgAl0HI5hdm+uou75zIFDsD0BNXeEL68S8a0CaQA+yX4QMkd3LHvh185V5hs,1.5531136161601504,4.97608113699286,2.502854776661545
465600,iZevtgAl0HI5hdm+uou75zIFDsD0BNXeEL68S8a0CaQA+yX4QMkd3LHvh185V5hs,1.7155188459520632,5.184955070900084,2.7831440877744806
465900,iZevtgAl0HI5hdm+uou75zIFDsD0BNXeEL68S8a0CaQA+yX4QMkd3LHvh185V5hs,1.7269844491262862,5.660040964586806,2.874766844428597
466200,iZevtgAl0HI5hdm+uou75zIFDsD0BNXeEL68S8a0CaQA+yX4QMkd3LHvh185V5hs,1.4710216812527912,5.532831384487057,2.446274147093155
466500,iZevtgAl0HI5hdm+uou75zIFDsD0BNXeEL68S8a0CaQA+yX4QMkd3LHvh185V5hs,1.6122187179396652,4.262814289702332,2.566008458410679
466800,iZevtgAl0HI5hdm+uou75zIFDsD0BNXeEL68S8a0CaQA+yX4QMkd3LHvh185V5hs,1.7079585766413077,4.7089885490464765,2.3986160815431936
467100,iZevtgAl0HI5hdm+uou75zIFDsD0BNXeEL68S8a0CaQA+yX4QMkd3LHvh185V5hs,1.2130259810577413,4.138062869332819,2.21003699258722
467400,iZevtgAl0HI5hdm+uou75zIFDsD0BNXeEL68S8a0CaQA+yX4QMkd3LHvh185V5hs,1.526795044375955,5.404239276042518,2.59693227009692
467700,iZevtgAl0HI5hdm+uou75zIFDsD0BNXeEL68S8a0CaQA+yX4QMkd3LHvh185V5hs,1.3601820427376223,3.821487387760643,2.2690154807437564
468000,iZevtgAl0HI5hdm+uou75zIFDsD0BNXeEL68S8a0CaQA+yX4QMkd3LHvh185V5hs,1.454060934245298,3.9650625689351746,2.5075424281150096
468300,iZevtgAl0HI5hdm+uou75zIFDsD0BNXeEL68S8a0CaQA+yX4QMkd3LHvh185V5hs,1.7065031179527272,9.543822100096126,3.0533368190096577
468600,iZevtgAl0HI5hdm+uou75zIFDsD0BNXeEL68S8a0CaQA+yX4QMkd3LHvh185V5hs,2.0649009294019187,4.420332166946519,2.954311349229749
468900,iZevtgAl0HI5hdm+uou75zIFDsD0BNXeEL68S8a0CaQA+yX4QMkd3LHvh185V5hs,1.6619135002750498,4.862801259503582,2.6370722551781087
469200,iZevtgAl0HI5hdm+uou75zIFDsD0BNXeEL68S8a0CaQA+yX4QMkd3LHvh185V5hs,1.748746329329799,4.776285635195428,2.6345801487098326
469500,iZevtgAl0HI5hdm+uou75zIFDsD0BNXeEL68S8a0CaQA+yX4QMkd3LHvh185V5hs,1.5452045157987522,6.904569855970785,3.0484452175313925
469800,iZevtgAl0HI5hdm+uou75zIFDsD0BNXeEL68S8a0CaQA+yX4QMkd3LHvh185V5hs,1.6441869573150163,6.451275808845654,2.72699225816166
470100,iZevtgAl0HI5hdm+uou75zIFDsD0BNXeEL68S8a0CaQA+yX4QMkd3LHvh185V5hs,1.7010202985720864,4.119416375958767,2.7036534357887207
470400,iZevtgAl0HI5hdm+uou75zIFDsD0BNXeEL68S8a0CaQA+yX4QMkd3LHvh185V5hs,2.0654502371912247,5.369344088411224,3.034518206851281
470700,iZevtgAl0HI5hdm+uou75zIFDsD0BNXeEL68S8a0CaQA+yX4QMkd3LHvh185V5hs,1.6351497561349138,5.63783563294807,2.607009773014561
471000,iZevtgAl0HI5hdm+uou75zIFDsD0BNXeEL68S8a0CaQA+yX4QMkd3LHvh185V5hs,1.9480954352526725,5.764653798271797,3.0791420415459627
471300,iZevtgAl0HI5hdm+uou75zIFDsD0BNXeEL68S8a0CaQA+yX4QMkd3LHvh185V5hs,1.5507421542040498,5.607042305779419,2.8454711769493017
471600,iZevtgAl0HI5hdm+uou75zIFDsD0BNXeEL68S8a0CaQA+yX4QMkd3LHvh185V5hs,1.9034591725536376,5.63167358701698,3.1159998265734536
471900,iZevtgAl0HI5hdm+uou75zIFDsD0BNXeEL68S8a0CaQA+yX4QMkd3LHvh185V5hs,2.0096259050008207,12.363093958390284,4.8513300866255085
472200,iZevtgAl0HI5hdm+uou75zIFDsD0BNXeEL68S8a0CaQA+yX4QMkd3LHvh185V5hs,1.8299706556654236,6.820741726888536,4.097346975869884
472500,iZevtgAl0HI5hdm+uou75zIFDsD0BNXeEL68S8a0CaQA+yX4QMkd3LHvh185V5hs,2.2007973571896327,6.7012399445750885,4.107169924155096
472800,iZevtgAl0HI5hdm+uou75zIFDsD0BNXeEL68S8a0CaQA+yX4QMkd3LHvh185V5hs,2.135184395668156,7.25986067894183,4.097578396347427
473100,iZevtgAl0HI5hdm+uou75zIFDsD0BNXeEL68S8a0CaQA+yX4QMkd3LHvh185V5hs,2.630788523286704,6.826580133585336,4.410747717701208
473400,iZevtgAl0HI5hdm+uou75zIFDsD0BNXeEL68S8a0CaQA+yX4QMkd3LHvh185V5hs,2.2394622594942466,6.421670254900407,3.7382515923104345
473700,iZevtgAl0HI5hdm+uou75zIFDsD0BNXeEL68S8a0CaQA+yX4QMkd3LHvh185V5hs,1.8437603575124144,5.392647116863598,2.8501823518774287
474000,iZevtgAl0HI5hdm+uou75zIFDsD0BNXeEL68S8a0CaQA+yX4QMkd3LHvh185V5hs,2.063080958568194,4.239487674476169,2.8654907627323056
474300,iZevtgAl0HI5hdm+uou75zIFDsD0BNXeEL68S8a0CaQA+yX4QMkd3LHvh185V5hs,2.129049672420964,5.651851978191716,2.9221702390986883
474600,iZevtgAl0HI5hdm+uou75zIFDsD0BNXeEL68S8a0CaQA+yX4QMkd3LHvh185V5hs,1.8623111420061744,6.3173708105439355,3.0160557464702205
474900,iZevtgAl0HI5hdm+uou75zIFDsD0BNXeEL68S8a0CaQA+yX4QMkd3LHvh185V5hs,1.9477429323296795,5.5497982191019455,3.242948588834232
475200,iZevtgAl0HI5hdm+uou75zIFDsD0BNXeEL68S8a0CaQA+yX4QMkd3LHvh185V5hs,1.6293454550097872,6.12498707726159,3.010639201890697
475500,iZevtgAl0HI5hdm+uou75zIFDsD0BNXeEL68S8a0CaQA+yX4QMkd3LHvh185V5hs,2.3319277009664257,5.014678203636866,3.2445018832494674
475800,iZevtgAl0HI5hdm+uou75zIFDsD0BNXeEL68S8a0CaQA+yX4QMkd3LHvh185V5hs,2.4188716938978727,12.254401422694498,3.6623631971879034
476100,iZevtgAl0HI5hdm+uou75zIFDsD0BNXeEL68S8a0CaQA+yX4QMkd3LHvh185V5hs,2.13352629706033,6.334796671734063,3.1426419752050454
476400,iZevtgAl0HI5hdm+uou75zIFDsD0BNXeEL68S8a0CaQA+yX4QMkd3LHvh185V5hs,2.0858929760223326,6.871151101159374,3.478817347736169
476700,iZevtgAl0HI5hdm+uou75zIFDsD0BNXeEL68S8a0CaQA+yX4QMkd3LHvh185V5hs,1.5751301320395248,6.521475512766662,3.4208064357708063
477000,iZevtgAl0HI5hdm+uou75zIFDsD0BNXeEL68S8a0CaQA+yX4QMkd3LHvh185V5hs,2.2203110222499887,5.267489065599976,3.316186966105427
477300,iZevtgAl0HI5hdm+uou75zIFDsD0BNXeEL68S8a0CaQA+yX4QMkd3LHvh185V5hs,2.009763649474485,6.1665119740404135,3.3178404026943498
477600,iZevtgAl0HI5hdm+uou75zIFDsD0BNXeEL68S8a0CaQA+yX4QMkd3LHvh185V5hs,1.864076677489536,6.06833366048472,3.119713163062185
477900,iZevtgAl0HI5hdm+uou75zIFDsD0BNXeEL68S8a0CaQA+yX4QMkd3LHvh185V5hs,2.4140029458775305,6.338063565869485,3.563611110496264
478200,iZevtgAl0HI5hdm+uou75zIFDsD0BNXeEL68S8a0CaQA+yX4QMkd3LHvh185V5hs,1.8348290066767927,6.8478308763845135,3.367319550248446
478500,iZevtgAl0HI5hdm+uou75zIFDsD0BNXeEL68S8a0CaQA+yX4QMkd3LHvh185V5hs,2.2559755652746247,6.493235651818524,3.2386572538460574
478800,iZevtgAl0HI5hdm+uou75zIFDsD0BNXeEL68S8a0CaQA+yX4QMkd3LHvh185V5hs,2.374082771128856,6.2044682931502475,3.647646099719723
479100,iZevtgAl0HI5hdm+uou75zIFDsD0BNXeEL68S8a0CaQA+yX4QMkd3LHvh185V5hs,1.6775691111961688,7.063538553196524,3.4686733270124708
479400,iZevtgAl0HI5hdm+uou75zIFDsD0BNXeEL68S8a0CaQA+yX4QMkd3LHvh185V5hs,2.235479969775418,11.0894239031397,3.760649590527384
479700,iZevtgAl0HI5hdm+uou75zIFDsD0BNXeEL68S8a0CaQA+yX4QMkd3LHvh185V5hs,1.9800369622296656,7.02127516607899,3.2380419730595444
480000,iZevtgAl0HI5hdm+uou75zIFDsD0BNXeEL68S8a0CaQA+yX4QMkd3LHvh185V5hs,2.1528214134082275,5.533423575805788,3.86848483753466
480300,iZevtgAl0HI5hdm+uou75zIFDsD0BNXeEL68S8a0CaQA+yX4QMkd3LHvh185V5hs,2.676769880990085,8.092241396276053,4.265703412889014
480600,iZevtgAl0HI5hdm+uou75zIFDsD0BNXeEL68S8a0CaQA+yX4QMkd3LHvh185V5hs,2.069874780489903,7.504533954095989,3.8077851283246646
480900,iZevtgAl0HI5hdm+uou75zIFDsD0BNXeEL68S8a0CaQA+yX4QMkd3LHvh185V5hs,2.5578365065768573,7.985775049718275,4.043127339881128
481200,iZevtgAl0HI5hdm+uou75zIFDsD0BNXeEL68S8a0CaQA+yX4QMkd3LHvh185V5hs,2.598024791559232,7.4944016261802044,4.048520217713832
481500,iZevtgAl0HI5hdm+uou75zIFDsD0BNXeEL68S8a0CaQA+yX4QMkd3LHvh185V5hs,2.9044993314814915,6.740142638089425,4.0574257576613775
481800,iZevtgAl0HI5hdm+uou75zIFDsD0BNXeEL68S8a0CaQA+yX4QMkd3LHvh185V5hs,2.358502356953717,7.953351493721722,3.9647548504180175
482100,iZevtgAl0HI5hdm+uou75zIFDsD0BNXeEL68S8a0CaQA+yX4QMkd3LHvh185V5hs,2.8434268178572375,6.879121999204423,4.0033399379581045
482400,iZevtgAl0HI5hdm+uou75zIFDsD0BNXeEL68S8a0CaQA+yX4QMkd3LHvh185V5hs,2.961557150151803,7.095526944242903,4.085427029790117
482700,iZevtgAl0HI5hdm+uou75zIFDsD0BNXeEL68S8a0CaQA+yX4QMkd3LHvh185V5hs,1.9146580801186583,13.883644824159973,5.009982245094785
483000,iZevtgAl0HI5hdm+uou75zIFDsD0BNXeEL68S8a0CaQA+yX4QMkd3LHvh185V5hs,3.270120908120289,19.602707825916088,7.41338583476136
483300,iZevtgAl0HI5hdm+uou75zIFDsD0BNXeEL68S8a0CaQA+yX4QMkd3LHvh185V5hs,2.8011282476731862,7.4595732460117805,4.073181944441656
483600,iZevtgAl0HI5hdm+uou75zIFDsD0BNXeEL68S8a0CaQA+yX4QMkd3LHvh185V5hs,2.812820071419277,20.324694765431776,4.9229047802086585
483900,iZevtgAl0HI5hdm+uou75zIFDsD0BNXeEL68S8a0CaQA+yX4QMkd3LHvh185V5hs,2.4134686111091934,18.350748847441373,4.847027271115578
484200,iZevtgAl0HI5hdm+uou75zIFDsD0BNXeEL68S8a0CaQA+yX4QMkd3LHvh185V5hs,3.1318165853666318,7.088027462049097,4.2715596423799385
484500,iZevtgAl0HI5hdm+uou75zIFDsD0BNXeEL68S8a0CaQA+yX4QMkd3LHvh185V5hs,2.54933556174142,9.345433718450574,4.137889962511645
484800,iZevtgAl0HI5hdm+uou75zIFDsD0BNXeEL68S8a0CaQA+yX4QMkd3LHvh185V5hs,2.5106856230714225,7.271553842406456,4.237671879583301
485100,iZevtgAl0HI5hdm+uou75zIFDsD0BNXeEL68S8a0CaQA+yX4QMkd3LHvh185V5hs,2.767849792322455,8.939741151868766,4.213739900394903
485400,iZevtgAl0HI5hdm+uou75zIFDsD0BNXeEL68S8a0CaQA+yX4QMkd3LHvh185V5hs,2.6956096399184744,8.481147726125341,4.487616710904224
485700,iZevtgAl0HI5hdm+uou75zIFDsD0BNXeEL68S8a0CaQA+yX4QMkd3LHvh185V5hs,2.8507997484596097,8.63329338794972,4.371657554546637
486000,iZevtgAl0HI5hdm+uou75zIFDsD0BNXeEL68S8a0CaQA+yX4QMkd3LHvh185V5hs,3.185266606395779,9.117688907425075,4.47290805157971
486300,iZevtgAl0HI5hdm+uou75zIFDsD0BNXeEL68S8a0CaQA+yX4QMkd3LHvh185V5hs,3.111272804524211,7.322510071169305,4.615135729028717
486600,iZevtgAl0HI5hdm+uou75zIFDsD0BNXeEL68S8a0CaQA+yX4QMkd3LHvh185V5hs,3.5822153483408634,11.837175415218733,5.2509223681215245
486900,iZevtgAl0HI5hdm+uou75zIFDsD0BNXeEL68S8a0CaQA+yX4QMkd3LHvh185V5hs,2.807083288052871,7.614051705313914,4.634053392690206
487200,iZevtgAl0HI5hdm+uou75zIFDsD0BNXeEL68S8a0CaQA+yX4QMkd3LHvh185V5hs,3.5911358489354392,8.902985345086835,4.975075910656593
487500,iZevtgAl0HI5hdm+uou75zIFDsD0BNXeEL68S8a0CaQA+yX4QMkd3LHvh185V5hs,3.365956669188555,10.743561264659258,5.24254495780078
487800,iZevtgAl0HI5hdm+uou75zIFDsD0BNXeEL68S8a0CaQA+yX4QMkd3LHvh185V5hs,2.462578042425718,9.464052099771251,5.302602943189808
488100,iZevtgAl0HI5hdm+uou75zIFDsD0BNXeEL68S8a0CaQA+yX4QMkd3LHvh185V5hs,3.2031991547912018,12.46480925556688,6.53024051957956
488400,iZevtgAl0HI5hdm+uou75zIFDsD0BNXeEL68S8a0CaQA+yX4QMkd3LHvh185V5hs,3.958291260524193,13.108242996571793,6.531032512014696
488700,iZevtgAl0HI5hdm+uou75zIFDsD0BNXeEL68S8a0CaQA+yX4QMkd3LHvh185V5hs,3.554836999496032,12.049031629558256,6.320247526389855
489000,iZevtgAl0HI5hdm+uou75zIFDsD0BNXeEL68S8a0CaQA+yX4QMkd3LHvh185V5hs,3.6056214342640183,11.268981614179966,6.345927182646992
489300,iZevtgAl0HI5hdm+uou75zIFDsD0BNXeEL68S8a0CaQA+yX4QMkd3LHvh185V5hs,3.3524469815258247,13.911097977233174,6.336079183287834
489600,iZevtgAl0HI5hdm+uou75zIFDsD0BNXeEL68S8a0CaQA+yX4QMkd3LHvh185V5hs,3.3496753136614927,11.666088060398245,5.251472013885169
489900,iZevtgAl0HI5hdm+uou75zIFDsD0BNXeEL68S8a0CaQA+yX4QMkd3LHvh185V5hs,3.7179910975671295,8.994723314778621,5.311574537732849
490200,iZevtgAl0HI5hdm+uou75zIFDsD0BNXeEL68S8a0CaQA+yX4QMkd3LHvh185V5hs,3.19208061035778,10.835886626425896,5.595521894320991
490500,iZevtgAl0HI5hdm+uou75zIFDsD0BNXeEL68S8a0CaQA+yX4QMkd3LHvh185V5hs,2.878415149442035,9.460620849211324,4.629982561450065
490800,iZevtgAl0HI5hdm+uou75zIFDsD0BNXeEL68S8a0CaQA+yX4QMkd3LHvh185V5hs,3.718152973634599,8.347407587431686,5.201439789150352
491100,iZevtgAl0HI5hdm+uou75zIFDsD0BNXeEL68S8a0CaQA+yX4QMkd3LHvh185V5hs,3.5711974325017475,8.802773265709497,5.235316867353334
491400,iZevtgAl0HI5hdm+uou75zIFDsD0BNXeEL68S8a0CaQA+yX4QMkd3LHvh185V5hs,3.718774034256661,9.417962373529853,5.2139188827059035
491700,iZevtgAl0HI5hdm+uou75zIFDsD0BNXeEL68S8a0CaQA+yX4QMkd3LHvh185V5hs,3.731346140853052,10.393144817729295,5.348962608047006
492000,iZevtgAl0HI5hdm+uou75zIFDsD0BNXeEL68S8a0CaQA+yX4QMkd3LHvh185V5hs,3.633733220424777,10.750031220201825,5.315869683286706
492300,iZevtgAl0HI5hdm+uou75zIFDsD0BNXeEL68S8a0CaQA+yX4QMkd3LHvh185V5hs,3.331138732335344,10.222389565154796,5.42943921260086
492600,iZevtgAl0HI5hdm+uou75zIFDsD0BNXeEL68S8a0CaQA+yX4QMkd3LHvh185V5hs,3.5371780177865797,9.311037099869463,5.388435813225548
492900,iZevtgAl0HI5hdm+uou75zIFDsD0BNXeEL68S8a0CaQA+yX4QMkd3LHvh185V5hs,3.490306076476044,11.134853610173844,5.28094822383154
493200,iZevtgAl0HI5hdm+uou75zIFDsD0BNXeEL68S8a0CaQA+yX4QMkd3LHvh185V5hs,2.919130450456226,9.949837107995265,5.228966027257834
493500,iZevtgAl0HI5hdm+uou75zIFDsD0BNXeEL68S8a0CaQA+yX4QMkd3LHvh185V5hs,3.303916560661107,13.566074418078172,5.3126305807120895
493800,iZevtgAl0HI5hdm+uou75zIFDsD0BNXeEL68S8a0CaQA+yX4QMkd3LHvh185V5hs,3.9041910668153825,13.305180770353186,5.985937020890704
494100,iZevtgAl0HI5hdm+uou75zIFDsD0BNXeEL68S8a0CaQA+yX4QMkd3LHvh185V5hs,3.4382758792794643,9.650498994628608,4.947292042213937
494400,iZevtgAl0HI5hdm+uou75zIFDsD0BNXeEL68S8a0CaQA+yX4QMkd3LHvh185V5hs,3.783173095563477,8.351960828431881,5.1884644526731565
494700,iZevtgAl0HI5hdm+uou75zIFDsD0BNXeEL68S8a0CaQA+yX4QMkd3LHvh185V5hs,3.745630245986191,9.301011846661476,5.278412385589147
495000,iZevtgAl0HI5hdm+uou75zIFDsD0BNXeEL68S8a0CaQA+yX4QMkd3LHvh185V5hs,3.384332460661848,10.084416745500834,5.075482295937348
495300,iZevtgAl0HI5hdm+uou75zIFDsD0BNXeEL68S8a0CaQA+yX4QMkd3LHvh185V5hs,3.74319902266535,8.942589271261262,5.252742351207126
495600,iZevtgAl0HI5hdm+uou75zIFDsD0BNXeEL68S8a0CaQA+yX4QMkd3LHvh185V5hs,3.6304665413227513,9.5038427281398,5.370013037865228
495900,iZevtgAl0HI5hdm+uou75zIFDsD0BNXeEL68S8a0CaQA+yX4QMkd3LHvh185V5hs,3.357038288484131,8.733292408104735,5.22658297750252
496200,iZevtgAl0HI5hdm+uou75zIFDsD0BNXeEL68S8a0CaQA+yX4QMkd3LHvh185V5hs,3.2972050113005844,11.339163111820882,4.881810808353056
496500,iZevtgAl0HI5hdm+uou75zIFDsD0BNXeEL68S8a0CaQA+yX4QMkd3LHvh185V5hs,3.317992069485596,9.697336609815249,4.954044030045695
496800,iZevtgAl0HI5hdm+uou75zIFDsD0BNXeEL68S8a0CaQA+yX4QMkd3LHvh185V5hs,3.4591399149754447,11.561578271973774,5.098319409760564
497100,iZevtgAl0HI5hdm+uou75zIFDsD0BNXeEL68S8a0CaQA+yX4QMkd3LHvh185V5hs,2.821653870771668,9.924411749406955,5.405903649508836
497400,iZevtgAl0HI5hdm+uou75zIFDsD0BNXeEL68S8a0CaQA+yX4QMkd3LHvh185V5hs,3.85074773798448,13.614022154507987,5.943919498278208
497700,iZevtgAl0HI5hdm+uou75zIFDsD0BNXeEL68S8a0CaQA+yX4QMkd3LHvh185V5hs,2.743249028400677,10.350128126007508,5.29151130441603
498000,iZevtgAl0HI5hdm+uou75zIFDsD0BNXeEL68S8a0CaQA+yX4QMkd3LHvh185V5hs,3.03381292057884,38.885063858822846,6.607962588857978
498300,iZevtgAl0HI5hdm+uou75zIFDsD0BNXeEL68S8a0CaQA+yX4QMkd3LHvh185V5hs,3.8905482080106206,11.79544498235744,5.652082136636832
498600,iZevtgAl0HI5hdm+uou75zIFDsD0BNXeEL68S8a0CaQA+yX4QMkd3LHvh185V5hs,3.5090049109987493,11.656345939366508,5.515705550861192
498900,iZevtgAl0HI5hdm+uou75zIFDsD0BNXeEL68S8a0CaQA+yX4QMkd3LHvh185V5hs,3.7417387364160417,9.243580572035672,5.227039175069036
499200,iZevtgAl0HI5hdm+uou75zIFDsD0BNXeEL68S8a0CaQA+yX4QMkd3LHvh185V5hs,2.8493914136802125,12.833248612215836,5.057487324308683
499500,iZevtgAl0HI5hdm+uou75zIFDsD0BNXeEL68S8a0CaQA+yX4QMkd3LHvh185V5hs,3.5923222978028697,9.713980780201485,5.432156820149259
499800,iZevtgAl0HI5hdm+uou75zIFDsD0BNXeEL68S8a0CaQA+yX4QMkd3LHvh185V5hs,3.5894191645110176,13.756699549425829,5.713756773857071
500100,iZevtgAl0HI5hdm+uou75zIFDsD0BNXeEL68S8a0CaQA+yX4QMkd3LHvh185V5hs,3.965252842646167,10.56106753019104,5.6281197532304805
500400,iZevtgAl0HI5hdm+uou75zIFDsD0BNXeEL68S8a0CaQA+yX4QMkd3LHvh185V5hs,4.006117334303924,12.082393534715177,5.379658239703379
500700,iZevtgAl0HI5hdm+uou75zIFDsD0BNXeEL68S8a0CaQA+yX4QMkd3LHvh185V5hs,2.940060558949376,10.004481909280427,5.376621677162583
501000,iZevtgAl0HI5hdm+uou75zIFDsD0BNXeEL68S8a0CaQA+yX4QMkd3LHvh185V5hs,3.371227863116771,12.975800899580952,5.809838936953009
501300,iZevtgAl0HI5hdm+uou75zIFDsD0BNXeEL68S8a0CaQA+yX4QMkd3LHvh185V5hs,3.06185799802881,10.147905454610584,5.460192265431349
501600,iZevtgAl0HI5hdm+uou75zIFDsD0BNXeEL68S8a0CaQA+yX4QMkd3LHvh185V5hs,2.998306439615328,10.224587363738904,5.167994544051089
501900,iZevtgAl0HI5hdm+uou75zIFDsD0BNXeEL68S8a0CaQA+yX4QMkd3LHvh185V5hs,4.448286968359684,11.652863263594291,6.193630852347505
502200,iZevtgAl0HI5hdm+uou75zIFDsD0BNXeEL68S8a0CaQA+yX4QMkd3LHvh185V5hs,4.429226163753769,12.07916482995776,6.024095637657737
502500,iZevtgAl0HI5hdm+uou75zIFDsD0BNXeEL68S8a0CaQA+yX4QMkd3LHvh185V5hs,3.6540340622142407,10.682561508911505,5.646662535787363
502800,iZevtgAl0HI5hdm+uou75zIFDsD0BNXeEL68S8a0CaQA+yX4QMkd3LHvh185V5hs,4.4921049306244525,10.621733536295324,6.2353368817313175
503100,iZevtgAl0HI5hdm+uou75zIFDsD0BNXeEL68S8a0CaQA+yX4QMkd3LHvh185V5hs,4.071375193373847,11.965788612102722,6.088037662760729
503400,iZevtgAl0HI5hdm+uou75zIFDsD0BNXeEL68S8a0CaQA+yX4QMkd3LHvh185V5hs,3.761895717868396,12.920577144421552,5.772399432083444
503700,iZevtgAl0HI5hdm+uou75zIFDsD0BNXeEL68S8a0CaQA+yX4QMkd3LHvh185V5hs,3.739129097003874,11.703878898174262,5.927455144103751
504000,iZevtgAl0HI5hdm+uou75zIFDsD0BNXeEL68S8a0CaQA+yX4QMkd3LHvh185V5hs,4.597104058852676,10.264053734618162,6.860228763577824
504300,iZevtgAl0HI5hdm+uou75zIFDsD0BNXeEL68S8a0CaQA+yX4QMkd3LHvh185V5hs,4.737746455771168,13.113398411337924,7.515784448454928
504600,iZevtgAl0HI5hdm+uou75zIFDsD0BNXeEL68S8a0CaQA+yX4QMkd3LHvh185V5hs,5.035643899697985,14.026139805179682,7.656305014405385
504900,iZevtgAl0HI5hdm+uou75zIFDsD0BNXeEL68S8a0CaQA+yX4QMkd3LHvh185V5hs,4.690166587052038,16.41788824450946,8.145551074735327
505200,iZevtgAl0HI5hdm+uou75zIFDsD0BNXeEL68S8a0CaQA+yX4QMkd3LHvh185V5hs,4.672638334003828,14.60122760082304,7.728316497042288
505500,iZevtgAl0HI5hdm+uou75zIFDsD0BNXeEL68S8a0CaQA+yX4QMkd3LHvh185V5hs,4.83339034017026,13.566722356195823,7.792764104720255
505800,iZevtgAl0HI5hdm+uou75zIFDsD0BNXeEL68S8a0CaQA+yX4QMkd3LHvh185V5hs,4.465450380347043,12.509656586274849,6.461792559590694
506100,iZevtgAl0HI5hdm+uou75zIFDsD0BNXeEL68S8a0CaQA+yX4QMkd3LHvh185V5hs,3.72743477176256,12.269217675374048,6.390408772077836
506400,iZevtgAl0HI5hdm+uou75zIFDsD0BNXeEL68S8a0CaQA+yX4QMkd3LHvh185V5hs,3.9453466714335095,13.387640775753503,6.5144981085844265
506700,iZevtgAl0HI5hdm+uou75zIFDsD0BNXeEL68S8a0CaQA+yX4QMkd3LHvh185V5hs,3.7021657735758016,11.908648084666211,6.35136984372126
507000,iZevtgAl0HI5hdm+uou75zIFDsD0BNXeEL68S8a0CaQA+yX4QMkd3LHvh185V5hs,4.786629632944759,10.32595474374657,6.461874110824746
507300,iZevtgAl0HI5hdm+uou75zIFDsD0BNXeEL68S8a0CaQA+yX4QMkd3LHvh185V5hs,4.455262903967896,12.385021348246369,6.80162533943134
507600,iZevtgAl0HI5hdm+uou75zIFDsD0BNXeEL68S8a0CaQA+yX4QMkd3LHvh185V5hs,4.847088740645105,13.474440712175172,6.599675315211209
507900,iZevtgAl0HI5hdm+uou75zIFDsD0BNXeEL68S8a0CaQA+yX4QMkd3LHvh185V5hs,4.4160199155160695,11.028697809502932,6.5033363480647015
508200,iZevtgAl0HI5hdm+uou75zIFDsD0BNXeEL68S8a0CaQA+yX4QMkd3LHvh185V5hs,4.928209684237824,11.663579556252488,6.903802007148608
508500,iZevtgAl0HI5hdm+uou75zIFDsD0BNXeEL68S8a0CaQA+yX4QMkd3LHvh185V5hs,4.1865751953254415,13.332526475811932,6.767237331517414
508800,iZevtgAl0HI5hdm+uou75zIFDsD0BNXeEL68S8a0CaQA+yX4QMkd3LHvh185V5hs,5.182495333674009,11.25391616184204,7.172370712628392
509100,iZevtgAl0HI5hdm+uou75zIFDsD0BNXeEL68S8a0CaQA+yX4QMkd3LHvh185V5hs,5.186106341590105,13.525985807210628,7.3185868691830915
509400,iZevtgAl0HI5hdm+uou75zIFDsD0BNXeEL68S8a0CaQA+yX4QMkd3LHvh185V5hs,5.279096472292553,14.676146321208805,7.321335547448737
509700,iZevtgAl0HI5hdm+uou75zIFDsD0BNXeEL68S8a0CaQA+yX4QMkd3LHvh185V5hs,4.109528656425902,13.646951160066283,6.562390388100329
510000,iZevtgAl0HI5hdm+uou75zIFDsD0BNXeEL68S8a0CaQA+yX4QMkd3LHvh185V5hs,5.448796245265365,12.60615309352558,7.291722077394381
510300,iZevtgAl0HI5hdm+uou75zIFDsD0BNXeEL68S8a0CaQA+yX4QMkd3LHvh185V5hs,4.831350783178609,11.531703809164055,6.819670322323376
510600,iZevtgAl0HI5hdm+uou75zIFDsD0BNXeEL68S8a0CaQA+yX4QMkd3LHvh185V5hs,5.758193322817894,17.040333190637508,7.549104837429451
510900,iZevtgAl0HI5hdm+uou75zIFDsD0BNXeEL68S8a0CaQA+yX4QMkd3LHvh185V5hs,4.589600655752646,16.13374421731293,6.830102829006504
511200,iZevtgAl0HI5hdm+uou75zIFDsD0BNXeEL68S8a0CaQA+yX4QMkd3LHvh185V5hs,4.699079891373437,13.262573683425783,7.116197590546373
511500,iZevtgAl0HI5hdm+uou75zIFDsD0BNXeEL68S8a0CaQA+yX4QMkd3LHvh185V5hs,4.053541983595281,15.80001557474511,7.296349354739156
511800,iZevtgAl0HI5hdm+uou75zIFDsD0BNXeEL68S8a0CaQA+yX4QMkd3LHvh185V5hs,4.955226911480274,30.87718540823537,10.007071149320913
512100,iZevtgAl0HI5hdm+uou75zIFDsD0BNXeEL68S8a0CaQA+yX4QMkd3LHvh185V5hs,5.399350300874755,15.427211043948008,7.999660849018382
512400,iZevtgAl0HI5hdm+uou75zIFDsD0BNXeEL68S8a0CaQA+yX4QMkd3LHvh185V5hs,4.915688114841179,16.025531289498435,7.883369265941102
512700,iZevtgAl0HI5hdm+uou75zIFDsD0BNXeEL68S8a0CaQA+yX4QMkd3LHvh185V5hs,6.794842454838497,25.69596851920805,11.615556579189708
513000,iZevtgAl0HI5hdm+uou75zIFDsD0BNXeEL68S8a0CaQA+yX4QMkd3LHvh185V5hs,6.4719490468382395,14.857131973704083,9.176862260167404
513300,iZevtgAl0HI5hdm+uou75zIFDsD0BNXeEL68S8a0CaQA+yX4QMkd3LHvh185V5hs,5.9838261902283145,15.721411248650773,8.873890375586921
513600,iZevtgAl0HI5hdm+uou75zIFDsD0BNXeEL68S8a0CaQA+yX4QMkd3LHvh185V5hs,7.340117876264099,13.379636493108304,9.110142926995312
513900,iZevtgAl0HI5hdm+uou75zIFDsD0BNXeEL68S8a0CaQA+yX4QMkd3LHvh185V5hs,6.829543507552783,16.310147414469448,9.100290035411517
514200,iZevtgAl0HI5hdm+uou75zIFDsD0BNXeEL68S8a0CaQA+yX4QMkd3LHvh185V5hs,6.452766690696586,15.649471779265538,8.659977112455982
514500,iZevtgAl0HI5hdm+uou75zIFDsD0BNXeEL68S8a0CaQA+yX4QMkd3LHvh185V5hs,6.099842832166891,15.440595718176182,9.085805216200562
514800,iZevtgAl0HI5hdm+uou75zIFDsD0BNXeEL68S8a0CaQA+yX4QMkd3LHvh185V5hs,6.453132243711624,15.683467352074938,9.215112700793238
515100,iZevtgAl0HI5hdm+uou75zIFDsD0BNXeEL68S8a0CaQA+yX4QMkd3LHvh185V5hs,6.515854717145785,17.33268232118518,8.831239786965712
515400,iZevtgAl0HI5hdm+uou75zIFDsD0BNXeEL68S8a0CaQA+yX4QMkd3LHvh185V5hs,6.355346331412797,17.63749820232752,9.011755802055603
515700,iZevtgAl0HI5hdm+uou75zIFDsD0BNXeEL68S8a0CaQA+yX4QMkd3LHvh185V5hs,7.686683150314782,18.807239184133287,10.2137210629394
516000,iZevtgAl0HI5hdm+uou75zIFDsD0BNXeEL68S8a0CaQA+yX4QMkd3LHvh185V5hs,6.682360117790395,16.725127827528073,9.132571417106686
516300,iZevtgAl0HI5hdm+uou75zIFDsD0BNXeEL68S8a0CaQA+yX4QMkd3LHvh185V5hs,6.656995439000921,17.520159757276648,9.47785127779871
516600,iZevtgAl0HI5hdm+uou75zIFDsD0BNXeEL68S8a0CaQA+yX4QMkd3LHvh185V5hs,7.316136923098092,16.716520415211765,9.365494390589392
516900,iZevtgAl0HI5hdm+uou75zIFDsD0BNXeEL68S8a0CaQA+yX4QMkd3LHvh185V5hs,5.258086011223093,15.282344441231288,8.15194844481944
517200,iZevtgAl0HI5hdm+uou75zIFDsD0BNXeEL68S8a0CaQA+yX4QMkd3LHvh185V5hs,7.099014341052157,13.830567382176538,9.18354402904729
517500,iZevtgAl0HI5hdm+uou75zIFDsD0BNXeEL68S8a0CaQA+yX4QMkd3LHvh185V5hs,7.076958253825246,16.77400399054788,9.337955344496644
517800,iZevtgAl0HI5hdm+uou75zIFDsD0BNXeEL68S8a0CaQA+yX4QMkd3LHvh185V5hs,6.17185779880644,15.403128147100816,8.997821077478662
518100,iZevtgAl0HI5hdm+uou75zIFDsD0BNXeEL68S8a0CaQA+yX4QMkd3LHvh185V5hs,6.6826857823378605,15.281982163008458,8.99515083224863
518400,iZevtgAl0HI5hdm+uou75zIFDsD0BNXeEL68S8a0CaQA+yX4QMkd3LHvh185V5hs,7.921142972444992,15.645928899504492,9.71634128900276
518700,iZevtgAl0HI5hdm+uou75zIFDsD0BNXeEL68S8a0CaQA+yX4QMkd3LHvh185V5hs,6.11689981362168,17.130721694125352,9.175306991219651
519000,iZevtgAl0HI5hdm+uou75zIFDsD0BNXeEL68S8a0CaQA+yX4QMkd3LHvh185V5hs,7.461902133574475,17.40108658166239,9.362163532100963
519300,iZevtgAl0HI5hdm+uou75zIFDsD0BNXeEL68S8a0CaQA+yX4QMkd3LHvh185V5hs,7.375219601688887,17.86582326606489,9.97073289828686
519600,iZevtgAl0HI5hdm+uou75zIFDsD0BNXeEL68S8a0CaQA+yX4QMkd3LHvh185V5hs,6.455374073305664,16.62302521089743,8.759960985237718
519900,iZevtgAl0HI5hdm+uou75zIFDsD0BNXeEL68S8a0CaQA+yX4QMkd3LHvh185V5hs,6.721132746485843,18.606857938618443,11.812475894302484
520200,iZevtgAl0HI5hdm+uou75zIFDsD0BNXeEL68S8a0CaQA+yX4QMkd3LHvh185V5hs,7.419651651285528,83.5995440807273,29.335763495202045
520500,iZevtgAl0HI5hdm+uou75zIFDsD0BNXeEL68S8a0CaQA+yX4QMkd3LHvh185V5hs,5.905520180324987,18.18667082867123,9.278710035051617
520800,iZevtgAl0HI5hdm+uou75zIFDsD0BNXeEL68S8a0CaQA+yX4QMkd3LHvh185V5hs,6.333112776201065,18.788369636961583,9.054211108951876
521100,iZevtgAl0HI5hdm+uou75zIFDsD0BNXeEL68S8a0CaQA+yX4QMkd3LHvh185V5hs,6.125896688592707,16.999362874534075,9.377350218043944
521400,iZevtgAl0HI5hdm+uou75zIFDsD0BNXeEL68S8a0CaQA+yX4QMkd3LHvh185V5hs,6.934400393076393,18.340302862577367,9.43002332592429
521700,iZevtgAl0HI5hdm+uou75zIFDsD0BNXeEL68S8a0CaQA+yX4QMkd3LHvh185V5hs,4.864024944816989,16.433797289482232,8.85183333514642
522000,iZevtgAl0HI5hdm+uou75zIFDsD0BNXeEL68S8a0CaQA+yX4QMkd3LHvh185V5hs,5.518967927482907,13.09300710881944,8.10803700249269
522300,iZevtgAl0HI5hdm+uou75zIFDsD0BNXeEL68S8a0CaQA+yX4QMkd3LHvh185V5hs,5.327527293756964,16.930647441719763,8.052039025247446
522600,iZevtgAl0HI5hdm+uou75zIFDsD0BNXeEL68S8a0CaQA+yX4QMkd3LHvh185V5hs,5.132204331218528,15.904221408009182,7.495246654665455
522900,iZevtgAl0HI5hdm+uou75zIFDsD0BNXeEL68S8a0CaQA+yX4QMkd3LHvh185V5hs,5.238894180586964,16.948707947444245,8.831830499198725
523200,iZevtgAl0HI5hdm+uou75zIFDsD0BNXeEL68S8a0CaQA+yX4QMkd3LHvh185V5hs,4.587987486110041,16.370224890979184,8.455759043905116
523500,iZevtgAl0HI5hdm+uou75zIFDsD0BNXeEL68S8a0CaQA+yX4QMkd3LHvh185V5hs,5.5242569057075706,16.037999726117853,8.002013201501235
523800,iZevtgAl0HI5hdm+uou75zIFDsD0BNXeEL68S8a0CaQA+yX4QMkd3LHvh185V5hs,4.994264530255313,11.349242878090038,7.364299207693586
524100,iZevtgAl0HI5hdm+uou75zIFDsD0BNXeEL68S8a0CaQA+yX4QMkd3LHvh185V5hs,4.6412990746376845,15.350544891238794,7.515903154684403
524400,iZevtgAl0HI5hdm+uou75zIFDsD0BNXeEL68S8a0CaQA+yX4QMkd3LHvh185V5hs,4.155919144543479,14.266104640915945,6.833607961397211
524700,iZevtgAl0HI5hdm+uou75zIFDsD0BNXeEL68S8a0CaQA+yX4QMkd3LHvh185V5hs,5.244260283901185,13.471088759347555,7.818259336969601
525000,iZevtgAl0HI5hdm+uou75zIFDsD0BNXeEL68S8a0CaQA+yX4QMkd3LHvh185V5hs,4.906354786538901,14.349638570242572,7.922693067143274
525300,iZevtgAl0HI5hdm+uou75zIFDsD0BNXeEL68S8a0CaQA+yX4QMkd3LHvh185V5hs,5.873536192542385,14.838257843433077,8.311344375434723
525600,iZevtgAl0HI5hdm+uou75zIFDsD0BNXeEL68S8a0CaQA+yX4QMkd3LHvh185V5hs,4.845864889897156,17.402953768984432,7.3592777289175855
525900,iZevtgAl0HI5hdm+uou75zIFDsD0BNXeEL68S8a0CaQA+yX4QMkd3LHvh185V5hs,4.337442554320122,11.942045604402058,7.249141161231531
526200,iZevtgAl0HI5hdm+uou75zIFDsD0BNXeEL68S8a0CaQA+yX4QMkd3LHvh185V5hs,4.682376157626722,12.667286742716248,7.56993194256373
526500,iZevtgAl0HI5hdm+uou75zIFDsD0BNXeEL68S8a0CaQA+yX4QMkd3LHvh185V5hs,5.020677256916404,15.809273798765869,8.00236744965124
526800,iZevtgAl0HI5hdm+uou75zIFDsD0BNXeEL68S8a0CaQA+yX4QMkd3LHvh185V5hs,4.8361077493543165,15.498185854141388,7.749383438292469
527100,iZevtgAl0HI5hdm+uou75zIFDsD0BNXeEL68S8a0CaQA+yX4QMkd3LHvh185V5hs,4.786285273380832,14.084804572684412,7.670371055148568
527400,iZevtgAl0HI5hdm+uou75zIFDsD0BNXeEL68S8a0CaQA+yX4QMkd3LHvh185V5hs,4.373356421877284,13.896907969939242,6.955289019862272
527700,iZevtgAl0HI5hdm+uou75zIFDsD0BNXeEL68S8a0CaQA+yX4QMkd3LHvh185V5hs,5.14635963816928,12.607492953208212,7.129386378340761
528000,iZevtgAl0HI5hdm+uou75zIFDsD0BNXeEL68S8a0CaQA+yX4QMkd3LHvh185V5hs,5.586831067200111,14.013948743451872,7.185497939903528
528300,iZevtgAl0HI5hdm+uou75zIFDsD0BNXeEL68S8a0CaQA+yX4QMkd3LHvh185V5hs,5.561681955393409,15.297556410819093,7.549886044552965
528600,iZevtgAl0HI5hdm+uou75zIFDsD0BNXeEL68S8a0CaQA+yX4QMkd3LHvh185V5hs,4.9501141080704585,13.70066810064938,6.9347650099811835
528900,iZevtgAl0HI5hdm+uou75zIFDsD0BNXeEL68S8a0CaQA+yX4QMkd3LHvh185V5hs,5.04434791643903,9.888992562364844,6.79433237701441
529200,iZevtgAl0HI5hdm+uou75zIFDsD0BNXeEL68S8a0CaQA+yX4QMkd3LHvh185V5hs,4.7393663005177835,14.919362461784248,6.993329170029113
529500,iZevtgAl0HI5hdm+uou75zIFDsD0BNXeEL68S8a0CaQA+yX4QMkd3LHvh185V5hs,4.686823637614227,13.961765296316782,7.025952516707286
529800,iZevtgAl0HI5hdm+uou75zIFDsD0BNXeEL68S8a0CaQA+yX4QMkd3LHvh185V5hs,3.782009718631048,12.946132924139471,6.293823320883177
530100,iZevtgAl0HI5hdm+uou75zIFDsD0BNXeEL68S8a0CaQA+yX4QMkd3LHvh185V5hs,4.385645757940493,12.515165199620142,6.553289185233043
530400,iZevtgAl0HI5hdm+uou75zIFDsD0BNXeEL68S8a0CaQA+yX4QMkd3LHvh185V5hs,4.137570793550694,15.274264547253178,7.26458513331302
530700,iZevtgAl0HI5hdm+uou75zIFDsD0BNXeEL68S8a0CaQA+yX4QMkd3LHvh185V5hs,4.173906997199571,12.034504179264133,6.193517133541072
531000,iZevtgAl0HI5hdm+uou75zIFDsD0BNXeEL68S8a0CaQA+yX4QMkd3LHvh185V5hs,3.975382998800423,13.779205213221353,6.340337108260518
531300,iZevtgAl0HI5hdm+uou75zIFDsD0BNXeEL68S8a0CaQA+yX4QMkd3LHvh185V5hs,3.889806618112375,9.959104807525032,6.1060453068426215
531600,iZevtgAl0HI5hdm+uou75zIFDsD0BNXeEL68S8a0CaQA+yX4QMkd3LHvh185V5hs,3.4562628962581683,12.15630068764606,5.8637058372633275
531900,iZevtgAl0HI5hdm+uou75zIFDsD0BNXeEL68S8a0CaQA+yX4QMkd3LHvh185V5hs,3.3522526187978374,11.690354105489236,6.147860218638823
532200,iZevtgAl0HI5hdm+uou75zIFDsD0BNXeEL68S8a0CaQA+yX4QMkd3LHvh185V5hs,3.1505543464136903,12.79484967073731,5.352072892383402
532500,iZevtgAl0HI5hdm+uou75zIFDsD0BNXeEL68S8a0CaQA+yX4QMkd3LHvh185V5hs,3.633289456187217,10.509495882800882,5.166211894011632
532800,iZevtgAl0HI5hdm+uou75zIFDsD0BNXeEL68S8a0CaQA+yX4QMkd3LHvh185V5hs,3.38891993297142,8.665775049427618,5.2303239305417275
533100,iZevtgAl0HI5hdm+uou75zIFDsD0BNXeEL68S8a0CaQA+yX4QMkd3LHvh185V5hs,2.398793304118363,7.929090937421056,5.177883876672773
533400,iZevtgAl0HI5hdm+uou75zIFDsD0BNXeEL68S8a0CaQA+yX4QMkd3LHvh185V5hs,3.342598313011786,10.703319463468493,5.218707788887864
533700,iZevtgAl0HI5hdm+uou75zIFDsD0BNXeEL68S8a0CaQA+yX4QMkd3LHvh185V5hs,3.095023319033764,11.84076083763274,5.328871278567407
534000,iZevtgAl0HI5hdm+uou75zIFDsD0BNXeEL68S8a0CaQA+yX4QMkd3LHvh185V5hs,3.2416460317159745,12.925683505803184,5.946732840704134
534300,iZevtgAl0HI5hdm+uou75zIFDsD0BNXeEL68S8a0CaQA+yX4QMkd3LHvh185V5hs,3.3605641808726965,11.333588004655288,5.449355933243168
534600,iZevtgAl0HI5hdm+uou75zIFDsD0BNXeEL68S8a0CaQA+yX4QMkd3LHvh185V5hs,2.6600642699416195,9.373109917761283,6.050239920253059
534900,iZevtgAl0HI5hdm+uou75zIFDsD0BNXeEL68S8a0CaQA+yX4QMkd3LHvh185V5hs,3.5166004789354472,13.776779748698022,6.552121072348857
535200,iZevtgAl0HI5hdm+uou75zIFDsD0BNXeEL68S8a0CaQA+yX4QMkd3LHvh185V5hs,3.4163727551377607,10.649594030818465,6.256650904856012
535500,iZevtgAl0HI5hdm+uou75zIFDsD0BNXeEL68S8a0CaQA+yX4QMkd3LHvh185V5hs,4.099194052501678,9.932302783118155,6.18916239059577
535800,iZevtgAl0HI5hdm+uou75zIFDsD0BNXeEL68S8a0CaQA+yX4QMkd3LHvh185V5hs,3.1382970967370167,11.436094759733962,5.391263744980216
536100,iZevtgAl0HI5hdm+uou75zIFDsD0BNXeEL68S8a0CaQA+yX4QMkd3LHvh185V5hs,3.874568511997877,9.275574773676496,6.153946639762321
536400,iZevtgAl0HI5hdm+uou75zIFDsD0BNXeEL68S8a0CaQA+yX4QMkd3LHvh185V5hs,2.7983045550217893,9.54980013461367,4.248675784244977
536700,iZevtgAl0HI5hdm+uou75zIFDsD0BNXeEL68S8a0CaQA+yX4QMkd3LHvh185V5hs,3.381759749794296,7.80754000657678,4.45784548921716
537000,iZevtgAl0HI5hdm+uou75zIFDsD0BNXeEL68S8a0CaQA+yX4QMkd3LHvh185V5hs,2.57141874631112,7.287816060503992,4.30132163156434
537300,iZevtgAl0HI5hdm+uou75zIFDsD0BNXeEL68S8a0CaQA+yX4QMkd3LHvh185V5hs,2.8069248006158687,7.7596876953443985,4.72005483141697
537600,iZevtgAl0HI5hdm+uou75zIFDsD0BNXeEL68S8a0CaQA+yX4QMkd3LHvh185V5hs,2.5922539890090714,12.558399459370742,4.520459797505772
537900,iZevtgAl0HI5hdm+uou75zIFDsD0BNXeEL68S8a0CaQA+yX4QMkd3LHvh185V5hs,2.3575433348885637,7.863603792627277,4.353607878746376
538200,iZevtgAl0HI5hdm+uou75zIFDsD0BNXeEL68S8a0CaQA+yX4QMkd3LHvh185V5hs,2.436649103744489,9.929776694052864,4.242925357966128
538500,iZevtgAl0HI5hdm+uou75zIFDsD0BNXeEL68S8a0CaQA+yX4QMkd3LHvh185V5hs,2.5295612986547247,8.779775351401469,4.020678800204176
538800,iZevtgAl0HI5hdm+uou75zIFDsD0BNXeEL68S8a0CaQA+yX4QMkd3LHvh185V5hs,2.041066108956625,7.534019712071681,3.691494978822718
539100,iZevtgAl0HI5hdm+uou75zIFDsD0BNXeEL68S8a0CaQA+yX4QMkd3LHvh185V5hs,2.20910518097866,8.506560336375205,3.9491304216796994
539400,iZevtgAl0HI5hdm+uou75zIFDsD0BNXeEL68S8a0CaQA+yX4QMkd3LHvh185V5hs,1.8245059032711912,8.281147471489914,3.835937887712602
539700,iZevtgAl0HI5hdm+uou75zIFDsD0BNXeEL68S8a0CaQA+yX4QMkd3LHvh185V5hs,2.279576956358448,9.02377703560198,3.75403564982694
540000,iZevtgAl0HI5hdm+uou75zIFDsD0BNXeEL68S8a0CaQA+yX4QMkd3LHvh185V5hs,2.47746855303252,5.817007934980228,3.9508968420405366
540300,iZevtgAl0HI5hdm+uou75zIFDsD0BNXeEL68S8a0CaQA+yX4QMkd3LHvh185V5hs,2.771017504028647,6.137884720679466,3.841106076764408
540600,iZevtgAl0HI5hdm+uou75zIFDsD0BNXeEL68S8a0CaQA+yX4QMkd3LHvh185V5hs,1.6003182829232812,31.86084124782395,5.451553923354268
540900,iZevtgAl0HI5hdm+uou75zIFDsD0BNXeEL68S8a0CaQA+yX4QMkd3LHvh185V5hs,2.2666555130131023,7.28353366299187,3.732171344313468
541200,iZevtgAl0HI5hdm+uou75zIFDsD0BNXeEL68S8a0CaQA+yX4QMkd3LHvh185V5hs,1.6871652973048883,11.250426693606858,3.7576849791618394
541500,iZevtgAl0HI5hdm+uou75zIFDsD0BNXeEL68S8a0CaQA+yX4QMkd3LHvh185V5hs,2.4389643007812527,20.154201652069556,5.044038259873375
541800,iZevtgAl0HI5hdm+uou75zIFDsD0BNXeEL68S8a0CaQA+yX4QMkd3LHvh185V5hs,2.1736254108596653,7.551582832645485,3.513973422943019
542100,iZevtgAl0HI5hdm+uou75zIFDsD0BNXeEL68S8a0CaQA+yX4QMkd3LHvh185V5hs,2.0055404940945936,5.956530848900762,3.199762679851676
542400,iZevtgAl0HI5hdm+uou75zIFDsD0BNXeEL68S8a0CaQA+yX4QMkd3LHvh185V5hs,2.0453033579772364,6.9359448860219,3.346604911991675
542700,iZevtgAl0HI5hdm+uou75zIFDsD0BNXeEL68S8a0CaQA+yX4QMkd3LHvh185V5hs,2.271997708546167,6.9825472217075895,3.1601612555372047
543000,iZevtgAl0HI5hdm+uou75zIFDsD0BNXeEL68S8a0CaQA+yX4QMkd3LHvh185V5hs,2.0759147607353072,5.665917730716694,3.1903582536246327
543300,iZevtgAl0HI5hdm+uou75zIFDsD0BNXeEL68S8a0CaQA+yX4QMkd3LHvh185V5hs,2.1032113066398854,6.667660186631959,3.190886386395517
543600,iZevtgAl0HI5hdm+uou75zIFDsD0BNXeEL68S8a0CaQA+yX4QMkd3LHvh185V5hs,2.011341955755169,4.669237095612512,3.1126599930022105
543900,iZevtgAl0HI5hdm+uou75zIFDsD0BNXeEL68S8a0CaQA+yX4QMkd3LHvh185V5hs,1.9352261672139432,5.578862138122289,2.9003287110088323
544200,iZevtgAl0HI5hdm+uou75zIFDsD0BNXeEL68S8a0CaQA+yX4QMkd3LHvh185V5hs,1.9301354779811852,5.332162339371225,2.9479537290097806
544500,iZevtgAl0HI5hdm+uou75zIFDsD0BNXeEL68S8a0CaQA+yX4QMkd3LHvh185V5hs,2.130260875192635,6.112794980736905,2.996246032090284
544800,iZevtgAl0HI5hdm+uou75zIFDsD0BNXeEL68S8a0CaQA+yX4QMkd3LHvh185V5hs,1.71346746862592,12.035365786293566,3.6746548059891007
545100,iZevtgAl0HI5hdm+uou75zIFDsD0BNXeEL68S8a0CaQA+yX4QMkd3LHvh185V5hs,1.7090793584910802,5.028543917838733,3.0894234241208536
545400,iZevtgAl0HI5hdm+uou75zIFDsD0BNXeEL68S8a0CaQA+yX4QMkd3LHvh185V5hs,1.952625442352723,6.557299164690272,3.125090157522292
545700,iZevtgAl0HI5hdm+uou75zIFDsD0BNXeEL68S8a0CaQA+yX4QMkd3LHvh185V5hs,1.3611854770529646,5.730812376545626,2.8565681380801338
546000,iZevtgAl0HI5hdm+uou75zIFDsD0BNXeEL68S8a0CaQA+yX4QMkd3LHvh185V5hs,1.2942961199899947,5.876201851149329,2.6061783505622222
546300,iZevtgAl0HI5hdm+uou75zIFDsD0BNXeEL68S8a0CaQA+yX4QMkd3LHvh185V5hs,2.03020871274786,5.057242760730815,3.0318740361934298
546600,iZevtgAl0HI5hdm+uou75zIFDsD0BNXeEL68S8a0CaQA+yX4QMkd3LHvh185V5hs,1.6662224738725226,5.517201506139659,2.7966250263619883
546900,iZevtgAl0HI5hdm+uou75zIFDsD0BNXeEL68S8a0CaQA+yX4QMkd3LHvh185V5hs,1.9852479157070488,5.457867710799442,2.9028575350120644
547200,iZevtgAl0HI5hdm+uou75zIFDsD0BNXeEL68S8a0CaQA+yX4QMkd3LHvh185V5hs,1.4366356192707666,5.453041783662011,2.67687642998122
547500,iZevtgAl0HI5hdm+uou75zIFDsD0BNXeEL68S8a0CaQA+yX4QMkd3LHvh185V5hs,1.381837762006627,4.935146476625706,2.6061456641440777
547800,iZevtgAl0HI5hdm+uou75zIFDsD0BNXeEL68S8a0CaQA+yX4QMkd3LHvh185V5hs,1.835354332964356,14.246000654188633,4.22827340295161
548100,iZevtgAl0HI5hdm+uou75zIFDsD0BNXeEL68S8a0CaQA+yX4QMkd3LHvh185V5hs,1.737336295521293,6.309998716129992,2.9617379488584015
548400,iZevtgAl0HI5hdm+uou75zIFDsD0BNXeEL68S8a0CaQA+yX4QMkd3LHvh185V5hs,1.8262762458851864,9.459981058202612,3.062893983894528
548700,iZevtgAl0HI5hdm+uou75zIFDsD0BNXeEL68S8a0CaQA+yX4QMkd3LHvh185V5hs,1.6070229294529912,4.493955820921748,2.6521712254936167
549000,iZevtgAl0HI5hdm+uou75zIFDsD0BNXeEL68S8a0CaQA+yX4QMkd3LHvh185V5hs,1.4298124705757238,6.619620478876718,2.735879397859891
549300,iZevtgAl0HI5hdm+uou75zIFDsD0BNXeEL68S8a0CaQA+yX4QMkd3LHvh185V5hs,1.7875431585365702,3.7288498675687127,2.626358149107363
549600,iZevtgAl0HI5hdm+uou75zIFDsD0BNXeEL68S8a0CaQA+yX4QMkd3LHvh185V5hs,1.64003888604084,4.9266082574451495,2.6472678368809057
549900,iZevtgAl0HI5hdm+uou75zIFDsD0BNXeEL68S8a0CaQA+yX4QMkd3LHvh185V5hs,1.6210620927822534,4.9448644328115465,2.59268919185314
550200,iZevtgAl0HI5hdm+uou75zIFDsD0BNXeEL68S8a0CaQA+yX4QMkd3LHvh185V5hs,1.892624913944456,4.991100597709073,2.63531963755091
550500,iZevtgAl0HI5hdm+uou75zIFDsD0BNXeEL68S8a0CaQA+yX4QMkd3LHvh185V5hs,1.9441224728049125,4.720061079988176,2.6447768355433707
550800,iZevtgAl0HI5hdm+uou75zIFDsD0BNXeEL68S8a0CaQA+yX4QMkd3LHvh185V5hs,1.8151444874452096,7.388414822543933,3.879081415118145
551100,iZevtgAl0HI5hdm+uou75zIFDsD0BNXeEL68S8a0CaQA+yX4QMkd3LHvh185V5hs,2.021742297749208,6.552167128933871,3.75429418464612
551400,iZevtgAl0HI5hdm+uou75zIFDsD0BNXeEL68S8a0CaQA+yX4QMkd3LHvh185V5hs,1.6532242627297449,6.603379197183769,3.624592783955668
551700,iZevtgAl0HI5hdm+uou75zIFDsD0BNXeEL68S8a0CaQA+yX4QMkd3LHvh185V5hs,2.14583106554129,7.326157367292107,3.9719700904873823
552000,iZevtgAl0HI5hdm+uou75zIFDsD0BNXeEL68S8a0CaQA+yX4QMkd3LHvh185V5hs,2.099183256262654,13.017324167498534,4.3762736734247785
552300,iZevtgAl0HI5hdm+uou75zIFDsD0BNXeEL68S8a0CaQA+yX4QMkd3LHvh185V5hs,1.3866126740314288,6.855113304985724,3.504602482414108
552600,iZevtgAl0HI5hdm+uou75zIFDsD0BNXeEL68S8a0CaQA+yX4QMkd3LHvh185V5hs,1.469394892851505,7.287000488480283,2.7873643538568134
552900,iZevtgAl0HI5hdm+uou75zIFDsD0BNXeEL68S8a0CaQA+yX4QMkd3LHvh185V5hs,1.6230410475817445,4.853438559460281,2.361343579457835
553200,iZevtgAl0HI5hdm+uou75zIFDsD0BNXeEL68S8a0CaQA+yX4QMkd3LHvh185V5hs,1.7042102435679305,3.9730901689931057,2.4514973702713387
553500,iZevtgAl0HI5hdm+uou75zIFDsD0BNXeEL68S8a0CaQA+yX4QMkd3LHvh185V5hs,1.1238691596188273,4.973312640334149,2.381241919827263
553800,iZevtgAl0HI5hdm+uou75zIFDsD0BNXeEL68S8a0CaQA+yX4QMkd3LHvh185V5hs,1.3506476169503967,3.5401060633818964,2.1097535563772376
554100,iZevtgAl0HI5hdm+uou75zIFDsD0BNXeEL68S8a0CaQA+yX4QMkd3LHvh185V5hs,1.5611536829389747,3.4929231938377203,2.4341459282675224
554400,iZevtgAl0HI5hdm+uou75zIFDsD0BNXeEL68S8a0CaQA+yX4QMkd3LHvh185V5hs,1.6901969485680512,4.34440850502563,2.491292005387821
554700,iZevtgAl0HI5hdm+uou75zIFDsD0BNXeEL68S8a0CaQA+yX4QMkd3LHvh185V5hs,1.5561005570613362,4.414005211342772,2.5828912336006065
555000,iZevtgAl0HI5hdm+uou75zIFDsD0BNXeEL68S8a0CaQA+yX4QMkd3LHvh185V5hs,1.649616852260406,5.759356282778651,2.5273358748572265
555300,iZevtgAl0HI5hdm+uou75zIFDsD0BNXeEL68S8a0CaQA+yX4QMkd3LHvh185V5hs,1.2910653493683684,5.169395075597853,2.751669585046898
555600,iZevtgAl0HI5hdm+uou75zIFDsD0BNXeEL68S8a0CaQA+yX4QMkd3LHvh185V5hs,1.4086481900358767,6.100582034651137,2.413350455283428
555900,iZevtgAl0HI5hdm+uou75zIFDsD0BNXeEL68S8a0CaQA+yX4QMkd3LHvh185V5hs,1.378589950993928,11.576553984474923,3.266330957817115
556200,iZevtgAl0HI5hdm+uou75zIFDsD0BNXeEL68S8a0CaQA+yX4QMkd3LHvh185V5hs,1.789318876678637,5.400635292730864,3.0641905396913507
556500,iZevtgAl0HI5hdm+uou75zIFDsD0BNXeEL68S8a0CaQA+yX4QMkd3LHvh185V5hs,1.269347897252684,4.2717710608420365,2.4319118993462268
556800,iZevtgAl0HI5hdm+uou75zIFDsD0BNXeEL68S8a0CaQA+yX4QMkd3LHvh185V5hs,1.2628873699082757,4.458650845803455,2.426692394519907
557100,iZevtgAl0HI5hdm+uou75zIFDsD0BNXeEL68S8a0CaQA+yX4QMkd3LHvh185V5hs,1.3117630806390803,7.2420377200197725,2.576390873296104
557400,iZevtgAl0HI5hdm+uou75zIFDsD0BNXeEL68S8a0CaQA+yX4QMkd3LHvh185V5hs,1.1667599437969467,4.552820357795314,2.167585913947366
557700,iZevtgAl0HI5hdm+uou75zIFDsD0BNXeEL68S8a0CaQA+yX4QMkd3LHvh185V5hs,1.8467813585169284,4.286775935332512,2.5363399921989807
558000,iZevtgAl0HI5hdm+uou75zIFDsD0BNXeEL68S8a0CaQA+yX4QMkd3LHvh185V5hs,1.4718767288024657,4.880574645653849,2.4720662553716166
558300,iZevtgAl0HI5hdm+uou75zIFDsD0BNXeEL68S8a0CaQA+yX4QMkd3LHvh185V5hs,1.70916854912061,3.913782029349533,2.60424294578985
558600,iZevtgAl0HI5hdm+uou75zIFDsD0BNXeEL68S8a0CaQA+yX4QMkd3LHvh185V5hs,1.379791737211762,3.98059417680239,2.525094167400551
558900,iZevtgAl0HI5hdm+uou75zIFDsD0BNXeEL68S8a0CaQA+yX4QMkd3LHvh185V5hs,1.5253536817046132,3.94838138855148,2.637852623119028
559200,iZevtgAl0HI5hdm+uou75zIFDsD0BNXeEL68S8a0CaQA+yX4QMkd3LHvh185V5hs,1.5683551746941653,5.774071042818894,2.658655703600064
559500,iZevtgAl0HI5hdm+uou75zIFDsD0BNXeEL68S8a0CaQA+yX4QMkd3LHvh185V5hs,1.4229487877203182,11.97190291601228,3.340076898158921
559800,iZevtgAl0HI5hdm+uou75zIFDsD0BNXeEL68S8a0CaQA+yX4QMkd3LHvh185V5hs,1.9285775968899657,6.988625141720385,2.8168285142067977
560100,iZevtgAl0HI5hdm+uou75zIFDsD0BNXeEL68S8a0CaQA+yX4QMkd3LHvh185V5hs,1.576854087847738,4.520621982446865,2.6342439138255838
560400,iZevtgAl0HI5hdm+uou75zIFDsD0BNXeEL68S8a0CaQA+yX4QMkd3LHvh185V5hs,1.6283366417966862,4.60292306787572,2.541144595085168
560700,iZevtgAl0HI5hdm+uou75zIFDsD0BNXeEL68S8a0CaQA+yX4QMkd3LHvh185V5hs,1.3707114128268227,4.968991811663308,2.510575952179387
561000,iZevtgAl0HI5hdm+uou75zIFDsD0BNXeEL68S8a0CaQA+yX4QMkd3LHvh185V5hs,1.223413541335151,4.1921570272437965,2.4429021332124243
561300,iZevtgAl0HI5hdm+uou75zIFDsD0BNXeEL68S8a0CaQA+yX4QMkd3LHvh185V5hs,1.2526470110117418,4.777623438718857,2.8557066319916826
561600,iZevtgAl0HI5hdm+uou75zIFDsD0BNXeEL68S8a0CaQA+yX4QMkd3LHvh185V5hs,1.4815151813858745,4.294980685953287,2.570567476451481
561900,iZevtgAl0HI5hdm+uou75zIFDsD0BNXeEL68S8a0CaQA+yX4QMkd3LHvh185V5hs,1.9120938145038904,5.028675897638598,2.8868391074339206
562200,iZevtgAl0HI5hdm+uou75zIFDsD0BNXeEL68S8a0CaQA+yX4QMkd3LHvh185V5hs,1.8048546928051852,6.169912874861932,2.8873017795879403
562500,iZevtgAl0HI5hdm+uou75zIFDsD0BNXeEL68S8a0CaQA+yX4QMkd3LHvh185V5hs,1.8887869117876772,4.383088853146758,2.743525675668603
562800,iZevtgAl0HI5hdm+uou75zIFDsD0BNXeEL68S8a0CaQA+yX4QMkd3LHvh185V5hs,2.008531284472157,4.903582767496436,2.929501963694616
563100,iZevtgAl0HI5hdm+uou75zIFDsD0BNXeEL68S8a0CaQA+yX4QMkd3LHvh185V5hs,1.916636804861203,11.39118495244767,3.490008838081052
563400,iZevtgAl0HI5hdm+uou75zIFDsD0BNXeEL68S8a0CaQA+yX4QMkd3LHvh185V5hs,1.4935610869473677,5.335625244534788,2.7495296320025835
563700,iZevtgAl0HI5hdm+uou75zIFDsD0BNXeEL68S8a0CaQA+yX4QMkd3LHvh185V5hs,2.0787083501069414,30.17962783685915,3.925112082736716
564000,iZevtgAl0HI5hdm+uou75zIFDsD0BNXeEL68S8a0CaQA+yX4QMkd3LHvh185V5hs,1.61414869630502,5.341506985367509,2.783291158458843
564300,iZevtgAl0HI5hdm+uou75zIFDsD0BNXeEL68S8a0CaQA+yX4QMkd3LHvh185V5hs,1.7493902795034055,5.529179266362476,2.800987762117836
564600,iZevtgAl0HI5hdm+uou75zIFDsD0BNXeEL68S8a0CaQA+yX4QMkd3LHvh185V5hs,1.3057244732023017,4.770078918942702,2.6394733663113765
564900,iZevtgAl0HI5hdm+uou75zIFDsD0BNXeEL68S8a0CaQA+yX4QMkd3LHvh185V5hs,1.7346242592543035,4.259475762993805,2.6914189358027967
565200,iZevtgAl0HI5hdm+uou75zIFDsD0BNXeEL68S8a0CaQA+yX4QMkd3LHvh185V5hs,1.5541770287076535,5.272493620418411,2.6630898128757137
565500,iZevtgAl0HI5hdm+uou75zIFDsD0BNXeEL68S8a0CaQA+yX4QMkd3LHvh185V5hs,1.7416923068235604,4.151998709049182,2.9059276526997744
565800,iZevtgAl0HI5hdm+uou75zIFDsD0BNXeEL68S8a0CaQA+yX4QMkd3LHvh185V5hs,1.9002598767250505,6.502801949030422,2.7870964903428255
566100,iZevtgAl0HI5hdm+uou75zIFDsD0BNXeEL68S8a0CaQA+yX4QMkd3LHvh185V5hs,1.937672273298069,4.6625955742202025,2.9419337552333555
566400,iZevtgAl0HI5hdm+uou75zIFDsD0BNXeEL68S8a0CaQA+yX4QMkd3LHvh185V5hs,1.9163998957209727,6.809476416739432,2.937013230561481
566700,iZevtgAl0HI5hdm+uou75zIFDsD0BNXeEL68S8a0CaQA+yX4QMkd3LHvh185V5hs,2.1901745436063345,12.585078290176064,4.130436011718547
567000,iZevtgAl0HI5hdm+uou75zIFDsD0BNXeEL68S8a0CaQA+yX4QMkd3LHvh185V5hs,2.310560033847131,6.888241814121832,4.495761940317456
567300,iZevtgAl0HI5hdm+uou75zIFDsD0BNXeEL68S8a0CaQA+yX4QMkd3LHvh185V5hs,1.8083215150768517,8.402549144715373,3.98044426751745
567600,iZevtgAl0HI5hdm+uou75zIFDsD0BNXeEL68S8a0CaQA+yX4QMkd3LHvh185V5hs,2.115051258292223,7.48152872999613,4.3718128203539965
567900,iZevtgAl0HI5hdm+uou75zIFDsD0BNXeEL68S8a0CaQA+yX4QMkd3LHvh185V5hs,1.9846304942017563,7.257294339269797,4.125785987407788
568200,iZevtgAl0HI5hdm+uou75zIFDsD0BNXeEL68S8a0CaQA+yX4QMkd3LHvh185V5hs,2.220962096831719,6.844548953428925,4.291346736734229
568500,iZevtgAl0HI5hdm+uou75zIFDsD0BNXeEL68S8a0CaQA+yX4QMkd3LHvh185V5hs,2.0788798769056425,9.589830252944523,3.984000157224169
568800,iZevtgAl0HI5hdm+uou75zIFDsD0BNXeEL68S8a0CaQA+yX4QMkd3LHvh185V5hs,1.9485092691258112,4.833076786353166,3.15248133935331
569100,iZevtgAl0HI5hdm+uou75zIFDsD0BNXeEL68S8a0CaQA+yX4QMkd3LHvh185V5hs,1.9569288191076069,7.126387300359888,3.209546712628275
569400,iZevtgAl0HI5hdm+uou75zIFDsD0BNXeEL68S8a0CaQA+yX4QMkd3LHvh185V5hs,1.547233373869776,27.912593030079066,4.985413557657477
569700,iZevtgAl0HI5hdm+uou75zIFDsD0BNXeEL68S8a0CaQA+yX4QMkd3LHvh185V5hs,1.6759121508574393,5.912782317552505,3.0395325075725275
570000,iZevtgAl0HI5hdm+uou75zIFDsD0BNXeEL68S8a0CaQA+yX4QMkd3LHvh185V5hs,2.08967528610695,7.10736469257951,3.0360322267017006
570300,iZevtgAl0HI5hdm+uou75zIFDsD0BNXeEL68S8a0CaQA+yX4QMkd3LHvh185V5hs,2.0863541175704245,16.245049870994045,5.997999875654577
570600,iZevtgAl0HI5hdm+uou75zIFDsD0BNXeEL68S8a0CaQA+yX4QMkd3LHvh185V5hs,2.025071138855967,8.090848844113529,3.4667630639682314
570900,iZevtgAl0HI5hdm+uou75zIFDsD0BNXeEL68S8a0CaQA+yX4QMkd3LHvh185V5hs,2.2087363369578066,5.750622137526737,3.3140347958949192
571200,iZevtgAl0HI5hdm+uou75zIFDsD0BNXeEL68S8a0CaQA+yX4QMkd3LHvh185V5hs,1.8001994519876972,6.789054597614074,3.3666985941116763
571500,iZevtgAl0HI5hdm+uou75zIFDsD0BNXeEL68S8a0CaQA+yX4QMkd3LHvh185V5hs,2.1540551467786857,7.323787191238079,3.388228405728436
571800,iZevtgAl0HI5hdm+uou75zIFDsD0BNXeEL68S8a0CaQA+yX4QMkd3LHvh185V5hs,2.1877805560908885,6.163000815418585,3.291279850438914
572100,iZevtgAl0HI5hdm+uou75zIFDsD0BNXeEL68S8a0CaQA+yX4QMkd3LHvh185V5hs,2.2232606423919714,5.881821884044324,3.3766163395350386
572400,iZevtgAl0HI5hdm+uou75zIFDsD0BNXeEL68S8a0CaQA+yX4QMkd3LHvh185V5hs,1.8609641961546248,5.95352816865702,3.286297497912048
572700,iZevtgAl0HI5hdm+uou75zIFDsD0BNXeEL68S8a0CaQA+yX4QMkd3LHvh185V5hs,2.0301918927002074,4.754034132633949,3.2143550176873594
573000,iZevtgAl0HI5hdm+uou75zIFDsD0BNXeEL68S8a0CaQA+yX4QMkd3LHvh185V5hs,2.431436779526923,7.387767253009557,3.7186080980326346
573300,iZevtgAl0HI5hdm+uou75zIFDsD0BNXeEL68S8a0CaQA+yX4QMkd3LHvh185V5hs,2.1939708633303447,6.053361500540691,3.537360509122032
573600,iZevtgAl0HI5hdm+uou75zIFDsD0BNXeEL68S8a0CaQA+yX4QMkd3LHvh185V5hs,2.004999632245663,8.321032379121032,3.617331581714265
573900,iZevtgAl0HI5hdm+uou75zIFDsD0BNXeEL68S8a0CaQA+yX4QMkd3LHvh185V5hs,2.344523001441357,10.55344820831931,4.212841557018272
574200,iZevtgAl0HI5hdm+uou75zIFDsD0BNXeEL68S8a0CaQA+yX4QMkd3LHvh185V5hs,2.428136525102832,5.5816287370942606,3.8330986256253334
574500,iZevtgAl0HI5hdm+uou75zIFDsD0BNXeEL68S8a0CaQA+yX4QMkd3LHvh185V5hs,2.8370911494688724,8.606767041997772,3.9388025142412535
574800,iZevtgAl0HI5hdm+uou75zIFDsD0BNXeEL68S8a0CaQA+yX4QMkd3LHvh185V5hs,2.6991757286606566,7.789864502892854,4.155757484872085
575100,iZevtgAl0HI5hdm+uou75zIFDsD0BNXeEL68S8a0CaQA+yX4QMkd3LHvh185V5hs,2.4267193067773984,6.857790482816432,3.7818958118232247
575400,iZevtgAl0HI5hdm+uou75zIFDsD0BNXeEL68S8a0CaQA+yX4QMkd3LHvh185V5hs,2.530654371407141,8.16384382703128,3.9935188445909984
575700,iZevtgAl0HI5hdm+uou75zIFDsD0BNXeEL68S8a0CaQA+yX4QMkd3LHvh185V5hs,2.1357800937815767,6.728205782884105,3.5700126111584285
576000,iZevtgAl0HI5hdm+uou75zIFDsD0BNXeEL68S8a0CaQA+yX4QMkd3LHvh185V5hs,2.094370174971937,7.563393430442571,3.4766143766590627
576300,iZevtgAl0HI5hdm+uou75zIFDsD0BNXeEL68S8a0CaQA+yX4QMkd3LHvh185V5hs,2.2190533453695176,5.985904705657423,3.756247188309424
576600,iZevtgAl0HI5hdm+uou75zIFDsD0BNXeEL68S8a0CaQA+yX4QMkd3LHvh185V5hs,2.07315826535286,7.012058245921053,3.3270325065665984
576900,iZevtgAl0HI5hdm+uou75zIFDsD0BNXeEL68S8a0CaQA+yX4QMkd3LHvh185V5hs,2.587739509555403,5.957941091594535,3.755887390351584
577200,iZevtgAl0HI5hdm+uou75zIFDsD0BNXeEL68S8a0CaQA+yX4QMkd3LHvh185V5hs,2.483196362329376,7.009181841918845,3.596804966106051
577500,iZevtgAl0HI5hdm+uou75zIFDsD0BNXeEL68S8a0CaQA+yX4QMkd3LHvh185V5hs,2.2814365867101274,6.892853979841877,3.847341029049608
577800,iZevtgAl0HI5hdm+uou75zIFDsD0BNXeEL68S8a0CaQA+yX4QMkd3LHvh185V5hs,2.30473599844856,12.555481277699906,4.395999488856384
578100,iZevtgAl0HI5hdm+uou75zIFDsD0BNXeEL68S8a0CaQA+yX4QMkd3LHvh185V5hs,2.063597118617485,8.359980076600154,4.1523102426071175
578400,iZevtgAl0HI5hdm+uou75zIFDsD0BNXeEL68S8a0CaQA+yX4QMkd3LHvh185V5hs,2.570460256472067,7.945087319308333,4.253167490602616
578700,iZevtgAl0HI5hdm+uou75zIFDsD0BNXeEL68S8a0CaQA+yX4QMkd3LHvh185V5hs,2.768100227613146,9.920568793257683,4.1618679957662845
579000,iZevtgAl0HI5hdm+uou75zIFDsD0BNXeEL68S8a0CaQA+yX4QMkd3LHvh185V5hs,2.8705680538885203,7.5733533902671235,4.005566166745478
579300,iZevtgAl0HI5hdm+uou75zIFDsD0BNXeEL68S8a0CaQA+yX4QMkd3LHvh185V5hs,2.39491187288205,8.612227876396622,3.8137870453172447
579600,iZevtgAl0HI5hdm+uou75zIFDsD0BNXeEL68S8a0CaQA+yX4QMkd3LHvh185V5hs,2.4588517513888903,6.898126271778005,3.885277691158348
579900,iZevtgAl0HI5hdm+uou75zIFDsD0BNXeEL68S8a0CaQA+yX4QMkd3LHvh185V5hs,2.0663872919664104,7.1390599423000864,3.738738328211472
580200,iZevtgAl0HI5hdm+uou75zIFDsD0BNXeEL68S8a0CaQA+yX4QMkd3LHvh185V5hs,2.752364090889239,7.191933951078561,3.921081952705751
580500,iZevtgAl0HI5hdm+uou75zIFDsD0BNXeEL68S8a0CaQA+yX4QMkd3LHvh185V5hs,2.4701388775295112,10.193105143568625,4.362763402770721
580800,iZevtgAl0HI5hdm+uou75zIFDsD0BNXeEL68S8a0CaQA+yX4QMkd3LHvh185V5hs,2.785164080771134,7.464106752916312,4.344806241301916
581100,iZevtgAl0HI5hdm+uou75zIFDsD0BNXeEL68S8a0CaQA+yX4QMkd3LHvh185V5hs,2.4629800060893188,9.137937729185776,4.302073426401964
581400,iZevtgAl0HI5hdm+uou75zIFDsD0BNXeEL68S8a0CaQA+yX4QMkd3LHvh185V5hs,2.9269061938322354,12.98268893310421,5.893185713122357
581700,iZevtgAl0HI5hdm+uou75zIFDsD0BNXeEL68S8a0CaQA+yX4QMkd3LHvh185V5hs,2.547446158193888,10.184039529547965,5.064311053343192
582000,iZevtgAl0HI5hdm+uou75zIFDsD0BNXeEL68S8a0CaQA+yX4QMkd3LHvh185V5hs,3.4244112341226054,8.752445640152294,5.675853314403663
582300,iZevtgAl0HI5hdm+uou75zIFDsD0BNXeEL68S8a0CaQA+yX4QMkd3LHvh185V5hs,3.2529063355824697,11.48425000779916,5.367913826928924
582600,iZevtgAl0HI5hdm+uou75zIFDsD0BNXeEL68S8a0CaQA+yX4QMkd3LHvh185V5hs,3.725738065282848,10.691212179628064,5.754042776387524
582900,iZevtgAl0HI5hdm+uou75zIFDsD0BNXeEL68S8a0CaQA+yX4QMkd3LHvh185V5hs,3.365774446541696,8.844210838138045,5.541839001808376
583200,iZevtgAl0HI5hdm+uou75zIFDsD0BNXeEL68S8a0CaQA+yX4QMkd3LHvh185V5hs,2.717548870178274,9.489041188453136,4.450011183703286
583500,iZevtgAl0HI5hdm+uou75zIFDsD0BNXeEL68S8a0CaQA+yX4QMkd3LHvh185V5hs,2.701272639855284,9.378806635321217,4.567056316746518
583800,iZevtgAl0HI5hdm+uou75zIFDsD0BNXeEL68S8a0CaQA+yX4QMkd3LHvh185V5hs,2.383390213638205,7.328204630328391,4.460943876989777
584100,iZevtgAl0HI5hdm+uou75zIFDsD0BNXeEL68S8a0CaQA+yX4QMkd3LHvh185V5hs,2.144764885691429,8.026070684216004,4.43782165878144
584400,iZevtgAl0HI5hdm+uou75zIFDsD0BNXeEL68S8a0CaQA+yX4QMkd3LHvh185V5hs,3.0306581441105536,8.274631414574152,4.463858031157722
584700,iZevtgAl0HI5hdm+uou75zIFDsD0BNXeEL68S8a0CaQA+yX4QMkd3LHvh185V5hs,3.196288637441208,8.750195516299605,4.875267201996742
585000,iZevtgAl0HI5hdm+uou75zIFDsD0BNXeEL68S8a0CaQA+yX4QMkd3LHvh185V5hs,2.611203976625202,11.796094494017252,5.329588906862778
585300,iZevtgAl0HI5hdm+uou75zIFDsD0BNXeEL68S8a0CaQA+yX4QMkd3LHvh185V5hs,3.257371796309367,8.348116622613917,4.830605431154786
585600,iZevtgAl0HI5hdm+uou75zIFDsD0BNXeEL68S8a0CaQA+yX4QMkd3LHvh185V5hs,2.88384570890636,8.88233002994104,4.648742231303552
585900,iZevtgAl0HI5hdm+uou75zIFDsD0BNXeEL68S8a0CaQA+yX4QMkd3LHvh185V5hs,3.46785449494726,8.936229351624398,4.978493618892451
586200,iZevtgAl0HI5hdm+uou75zIFDsD0BNXeEL68S8a0CaQA+yX4QMkd3LHvh185V5hs,3.542062433583088,8.921157312157392,5.49338698603726
586500,iZevtgAl0HI5hdm+uou75zIFDsD0BNXeEL68S8a0CaQA+yX4QMkd3LHvh185V5hs,2.9918425143188005,11.11979505964066,4.83902712757875
586800,iZevtgAl0HI5hdm+uou75zIFDsD0BNXeEL68S8a0CaQA+yX4QMkd3LHvh185V5hs,3.1725010691578763,8.834615574788193,4.990199197026756
587100,iZevtgAl0HI5hdm+uou75zIFDsD0BNXeEL68S8a0CaQA+yX4QMkd3LHvh185V5hs,2.549094712338805,9.026142700879124,4.368983561135998
587400,iZevtgAl0HI5hdm+uou75zIFDsD0BNXeEL68S8a0CaQA+yX4QMkd3LHvh185V5hs,2.809112131242893,9.12523132865871,4.45897552243971
587700,iZevtgAl0HI5hdm+uou75zIFDsD0BNXeEL68S8a0CaQA+yX4QMkd3LHvh185V5hs,3.3642716535655746,7.7955053729026815,4.776428065830824
588000,iZevtgAl0HI5hdm+uou75zIFDsD0BNXeEL68S8a0CaQA+yX4QMkd3LHvh185V5hs,3.112610462751785,9.36504427912193,4.550784730052661
588300,iZevtgAl0HI5hdm+uou75zIFDsD0BNXeEL68S8a0CaQA+yX4QMkd3LHvh185V5hs,2.80868848015728,9.98348710234249,4.517456047041894
588600,iZevtgAl0HI5hdm+uou75zIFDsD0BNXeEL68S8a0CaQA+yX4QMkd3LHvh185V5hs,3.461915483815136,13.843156935620256,5.579736564472841
588900,iZevtgAl0HI5hdm+uou75zIFDsD0BNXeEL68S8a0CaQA+yX4QMkd3LHvh185V5hs,3.6706351629610463,10.890726272248234,4.834082605128126
589200,iZevtgAl0HI5hdm+uou75zIFDsD0BNXeEL68S8a0CaQA+yX4QMkd3LHvh185V5hs,2.9742035929694146,10.076025267601906,5.256177839518179
589500,iZevtgAl0HI5hdm+uou75zIFDsD0BNXeEL68S8a0CaQA+yX4QMkd3LHvh185V5hs,3.9170378434666526,10.716019661840209,5.473360928986418
589800,iZevtgAl0HI5hdm+uou75zIFDsD0BNXeEL68S8a0CaQA+yX4QMkd3LHvh185V5hs,3.1803537529022043,9.504913669577425,5.357204912239574
590100,iZevtgAl0HI5hdm+uou75zIFDsD0BNXeEL68S8a0CaQA+yX4QMkd3LHvh185V5hs,3.485915354322159,9.850922652885334,5.61281505426166
590400,iZevtgAl0HI5hdm+uou75zIFDsD0BNXeEL68S8a0CaQA+yX4QMkd3LHvh185V5hs,3.530477811620404,10.393818011953432,5.8516040252558446
590700,iZevtgAl0HI5hdm+uou75zIFDsD0BNXeEL68S8a0CaQA+yX4QMkd3LHvh185V5hs,4.170989711471393,10.499425609314034,5.857331227145096
591000,iZevtgAl0HI5hdm+uou75zIFDsD0BNXeEL68S8a0CaQA+yX4QMkd3LHvh185V5hs,4.0959274645094075,11.01661472346404,5.946406958767353
591300,iZevtgAl0HI5hdm+uou75zIFDsD0BNXeEL68S8a0CaQA+yX4QMkd3LHvh185V5hs,3.822377183537733,10.52992221837402,5.41239738987272
591600,iZevtgAl0HI5hdm+uou75zIFDsD0BNXeEL68S8a0CaQA+yX4QMkd3LHvh185V5hs,4.008111937625787,11.368674481937193,6.126958822342299
591900,iZevtgAl0HI5hdm+uou75zIFDsD0BNXeEL68S8a0CaQA+yX4QMkd3LHvh185V5hs,3.5427214466127115,10.781563297716934,5.521494684452727
592200,iZevtgAl0HI5hdm+uou75zIFDsD0BNXeEL68S8a0CaQA+yX4QMkd3LHvh185V5hs,4.286940489391977,12.35140415769197,6.769834682366322
592500,iZevtgAl0HI5hdm+uou75zIFDsD0BNXeEL68S8a0CaQA+yX4QMkd3LHvh185V5hs,3.2645881176644567,13.040486460051993,5.686705727356107
592800,iZevtgAl0HI5hdm+uou75zIFDsD0BNXeEL68S8a0CaQA+yX4QMkd3LHvh185V5hs,4.4844516340714975,14.348397601493204,6.42477723584993
593100,iZevtgAl0HI5hdm+uou75zIFDsD0BNXeEL68S8a0CaQA+yX4QMkd3LHvh185V5hs,4.448156244542659,15.587150410670416,6.403249114547219
593400,iZevtgAl0HI5hdm+uou75zIFDsD0BNXeEL68S8a0CaQA+yX4QMkd3LHvh185V5hs,3.0295345912885696,29.8473763844258,11.661530865676855
920400,pkIXjRx/GPQ7xU8jFREUciKuOOpE49JbzwnpK09gSCfOCzEIWT0oYHUYhI9jokkO,5.64333095066187,34.520241281408374,10.041011032950568
920700,pkIXjRx/GPQ7xU8jFREUciKuOOpE49JbzwnpK09gSCfOCzEIWT0oYHUYhI9jokkO,5.583228213683841,61.93157021191574,12.746432990593265
921000,pkIXjRx/GPQ7xU8jFREUciKuOOpE49JbzwnpK09gSCfOCzEIWT0oYHUYhI9jokkO,5.376258189634107,14.767307412936676,7.786149499837533
921300,pkIXjRx/GPQ7xU8jFREUciKuOOpE49JbzwnpK09gSCfOCzEIWT0oYHUYhI9jokkO,6.080049738541463,14.001649655329864,7.370469649371859
921600,pkIXjRx/GPQ7xU8jFREUciKuOOpE49JbzwnpK09gSCfOCzEIWT0oYHUYhI9jokkO,5.791337524560329,25.103532000644822,9.803833408499443
921900,pkIXjRx/GPQ7xU8jFREUciKuOOpE49JbzwnpK09gSCfOCzEIWT0oYHUYhI9jokkO,5.707960911897318,62.211652072711146,12.870968790467028
922200,pkIXjRx/GPQ7xU8jFREUciKuOOpE49JbzwnpK09gSCfOCzEIWT0oYHUYhI9jokkO,5.565826857213492,10.02079222788648,7.177110036916633
922500,pkIXjRx/GPQ7xU8jFREUciKuOOpE49JbzwnpK09gSCfOCzEIWT0oYHUYhI9jokkO,5.568789322615872,13.705177142597773,7.015442279335156
922800,pkIXjRx/GPQ7xU8jFREUciKuOOpE49JbzwnpK09gSCfOCzEIWT0oYHUYhI9jokkO,5.563638682412446,31.171492577388527,9.684152819913695
923100,pkIXjRx/GPQ7xU8jFREUciKuOOpE49JbzwnpK09gSCfOCzEIWT0oYHUYhI9jokkO,5.6526848152469915,62.38604799118449,12.906337650719426
923400,pkIXjRx/GPQ7xU8jFREUciKuOOpE49JbzwnpK09gSCfOCzEIWT0oYHUYhI9jokkO,5.630857348705796,9.36184497962003,6.914959284855413
923700,pkIXjRx/GPQ7xU8jFREUciKuOOpE49JbzwnpK09gSCfOCzEIWT0oYHUYhI9jokkO,5.439223754397164,7.285647615828295,6.076587603571982
924000,pkIXjRx/GPQ7xU8jFREUciKuOOpE49JbzwnpK09gSCfOCzEIWT0oYHUYhI9jokkO,5.5750769050810485,33.57434360013986,9.750306300725098
924300,pkIXjRx/GPQ7xU8jFREUciKuOOpE49JbzwnpK09gSCfOCzEIWT0oYHUYhI9jokkO,5.547977897169674,60.78313115965698,12.540725545759306
924600,pkIXjRx/GPQ7xU8jFREUciKuOOpE49JbzwnpK09gSCfOCzEIWT0oYHUYhI9jokkO,5.523585575090654,12.619610083090024,7.755130136809397
924900,pkIXjRx/GPQ7xU8jFREUciKuOOpE49JbzwnpK09gSCfOCzEIWT0oYHUYhI9jokkO,5.6796172411966594,13.913023517966908,7.253378637597244
925200,pkIXjRx/GPQ7xU8jFREUciKuOOpE49JbzwnpK09gSCfOCzEIWT0oYHUYhI9jokkO,5.649578604514518,25.73421442129861,9.583759120585327
925500,pkIXjRx/GPQ7xU8jFREUciKuOOpE49JbzwnpK09gSCfOCzEIWT0oYHUYhI9jokkO,5.44450603033835,62.03429282845915,12.537590873726794
925800,pkIXjRx/GPQ7xU8jFREUciKuOOpE49JbzwnpK09gSCfOCzEIWT0oYHUYhI9jokkO,5.600127711279142,12.343109501549357,7.278286355515679
926100,pkIXjRx/GPQ7xU8jFREUciKuOOpE49JbzwnpK09gSCfOCzEIWT0oYHUYhI9jokkO,6.000347597836127,13.288736630959974,7.34925984336716
926400,pkIXjRx/GPQ7xU8jFREUciKuOOpE49JbzwnpK09gSCfOCzEIWT0oYHUYhI9jokkO,5.8117849737307,34.4580255844632,9.940980420169378
926700,pkIXjRx/GPQ7xU8jFREUciKuOOpE49JbzwnpK09gSCfOCzEIWT0oYHUYhI9jokkO,5.704367198158232,62.157500013373095,13.059417449045114
927000,pkIXjRx/GPQ7xU8jFREUciKuOOpE49JbzwnpK09gSCfOCzEIWT0oYHUYhI9jokkO,5.698650669938395,12.343978985883815,7.275412195393702
927300,pkIXjRx/GPQ7xU8jFREUciKuOOpE49JbzwnpK09gSCfOCzEIWT0oYHUYhI9jokkO,5.8744320368728955,7.833585300628421,6.620396706534869
927600,pkIXjRx/GPQ7xU8jFREUciKuOOpE49JbzwnpK09gSCfOCzEIWT0oYHUYhI9jokkO,5.742349154402775,34.22317603570628,10.008457509498314
927900,pkIXjRx/GPQ7xU8jFREUciKuOOpE49JbzwnpK09gSCfOCzEIWT0oYHUYhI9jokkO,5.6938502842358005,60.23725401160484,12.62627623783422
928200,pkIXjRx/GPQ7xU8jFREUciKuOOpE49JbzwnpK09gSCfOCzEIWT0oYHUYhI9jokkO,5.718458598017412,11.724502830365912,7.79223993537095
928500,pkIXjRx/GPQ7xU8jFREUciKuOOpE49JbzwnpK09gSCfOCzEIWT0oYHUYhI9jokkO,5.594984536250635,13.612452699286516,7.183717131886318
928800,pkIXjRx/GPQ7xU8jFREUciKuOOpE49JbzwnpK09gSCfOCzEIWT0oYHUYhI9jokkO,5.770512935801695,34.43495156285409,9.641611463090298
929100,pkIXjRx/GPQ7xU8jFREUciKuOOpE49JbzwnpK09gSCfOCzEIWT0oYHUYhI9jokkO,5.749395122928869,55.45857462273148,12.60368610027292
929400,pkIXjRx/GPQ7xU8jFREUciKuOOpE49JbzwnpK09gSCfOCzEIWT0oYHUYhI9jokkO,5.736162568410115,12.167918082876003,7.167395603492653
929700,pkIXjRx/GPQ7xU8jFREUciKuOOpE49JbzwnpK09gSCfOCzEIWT0oYHUYhI9jokkO,5.785555544803766,13.5347124932389,7.17252155813675
930000,pkIXjRx/GPQ7xU8jFREUciKuOOpE49JbzwnpK09gSCfOCzEIWT0oYHUYhI9jokkO,5.754176764664284,28.035205161904575,9.692978412087152
930300,pkIXjRx/GPQ7xU8jFREUciKuOOpE49JbzwnpK09gSCfOCzEIWT0oYHUYhI9jokkO,5.674738252257304,53.41726134915199,13.063008012717066
930600,pkIXjRx/GPQ7xU8jFREUciKuOOpE49JbzwnpK09gSCfOCzEIWT0oYHUYhI9jokkO,5.928404610503134,11.16255606459588,7.194013279361362
930900,pkIXjRx/GPQ7xU8jFREUciKuOOpE49JbzwnpK09gSCfOCzEIWT0oYHUYhI9jokkO,6.116169239498559,12.80096883933024,7.202284600853256
931200,pkIXjRx/GPQ7xU8jFREUciKuOOpE49JbzwnpK09gSCfOCzEIWT0oYHUYhI9jokkO,5.968775429712239,35.155852284391045,10.274989300778476
931500,pkIXjRx/GPQ7xU8jFREUciKuOOpE49JbzwnpK09gSCfOCzEIWT0oYHUYhI9jokkO,5.7449909996235675,48.84872184314906,12.907958186307164
931800,pkIXjRx/GPQ7xU8jFREUciKuOOpE49JbzwnpK09gSCfOCzEIWT0oYHUYhI9jokkO,5.850008293289164,11.18147267387926,7.963909273429819
932100,pkIXjRx/GPQ7xU8jFREUciKuOOpE49JbzwnpK09gSCfOCzEIWT0oYHUYhI9jokkO,5.993497029107014,13.686057681817772,7.435390498394946
932400,pkIXjRx/GPQ7xU8jFREUciKuOOpE49JbzwnpK09gSCfOCzEIWT0oYHUYhI9jokkO,5.766347180875217,34.04185152453814,9.73034979341368
932700,pkIXjRx/GPQ7xU8jFREUciKuOOpE49JbzwnpK09gSCfOCzEIWT0oYHUYhI9jokkO,5.749283694793996,45.16742220328288,12.548519931502714
933000,pkIXjRx/GPQ7xU8jFREUciKuOOpE49JbzwnpK09gSCfOCzEIWT0oYHUYhI9jokkO,5.874733676756078,11.020280155737336,7.252998314951823
933300,pkIXjRx/GPQ7xU8jFREUciKuOOpE49JbzwnpK09gSCfOCzEIWT0oYHUYhI9jokkO,5.753129496462305,13.387481503566452,7.192699561674364
933600,pkIXjRx/GPQ7xU8jFREUciKuOOpE49JbzwnpK09gSCfOCzEIWT0oYHUYhI9jokkO,5.7480717559500825,33.876020144623084,9.66539340481198
933900,pkIXjRx/GPQ7xU8jFREUciKuOOpE49JbzwnpK09gSCfOCzEIWT0oYHUYhI9jokkO,5.63221673662244,42.01190936587976,12.675900952108291
934200,pkIXjRx/GPQ7xU8jFREUciKuOOpE49JbzwnpK09gSCfOCzEIWT0oYHUYhI9jokkO,5.4813383775901405,10.493943083803336,6.745546894369167
934500,pkIXjRx/GPQ7xU8jFREUciKuOOpE49JbzwnpK09gSCfOCzEIWT0oYHUYhI9jokkO,5.497401290455848,12.243537044966244,6.778763412753984
934800,pkIXjRx/GPQ7xU8jFREUciKuOOpE49JbzwnpK09gSCfOCzEIWT0oYHUYhI9jokkO,5.6844508827513565,34.12284616275427,9.728117891625295
935100,pkIXjRx/GPQ7xU8jFREUciKuOOpE49JbzwnpK09gSCfOCzEIWT0oYHUYhI9jokkO,5.662579757453778,38.16202774389825,12.732627320930332
935400,pkIXjRx/GPQ7xU8jFREUciKuOOpE49JbzwnpK09gSCfOCzEIWT0oYHUYhI9jokkO,5.413555478839433,11.141510569653644,7.663027399729933
935700,pkIXjRx/GPQ7xU8jFREUciKuOOpE49JbzwnpK09gSCfOCzEIWT0oYHUYhI9jokkO,6.022078529002983,13.70041201912923,7.165103284449841
936000,pkIXjRx/GPQ7xU8jFREUciKuOOpE49JbzwnpK09gSCfOCzEIWT0oYHUYhI9jokkO,5.982342418483176,34.17881800382301,9.966990063408506
936300,pkIXjRx/GPQ7xU8jFREUciKuOOpE49JbzwnpK09gSCfOCzEIWT0oYHUYhI9jokkO,5.645683360676928,36.758700206579455,12.71276902446344
936600,pkIXjRx/GPQ7xU8jFREUciKuOOpE49JbzwnpK09gSCfOCzEIWT0oYHUYhI9jokkO,5.636825905155508,9.31473802756445,7.1646118917200745
936900,pkIXjRx/GPQ7xU8jFREUciKuOOpE49JbzwnpK09gSCfOCzEIWT0oYHUYhI9jokkO,5.812907789174359,14.22511275598008,7.105606149450719
937200,pkIXjRx/GPQ7xU8jFREUciKuOOpE49JbzwnpK09gSCfOCzEIWT0oYHUYhI9jokkO,5.6713623916154745,34.059299672715326,9.788610763471455
937500,pkIXjRx/GPQ7xU8jFREUciKuOOpE49JbzwnpK09gSCfOCzEIWT0oYHUYhI9jokkO,5.656587875392799,33.839463206656454,13.289088334388415
937800,pkIXjRx/GPQ7xU8jFREUciKuOOpE49JbzwnpK09gSCfOCzEIWT0oYHUYhI9jokkO,10.69089924054678,18.130758097120992,12.827330587276164
938100,pkIXjRx/GPQ7xU8jFREUciKuOOpE49JbzwnpK09gSCfOCzEIWT0oYHUYhI9jokkO,5.641253919626974,18.236608301949797,10.24846041108399
938400,pkIXjRx/GPQ7xU8jFREUciKuOOpE49JbzwnpK09gSCfOCzEIWT0oYHUYhI9jokkO,5.45122592867953,26.576702115662837,9.50306609309855
938700,pkIXjRx/GPQ7xU8jFREUciKuOOpE49JbzwnpK09gSCfOCzEIWT0oYHUYhI9jokkO,5.428705134987335,35.997044745348525,12.363421863550654
939000,pkIXjRx/GPQ7xU8jFREUciKuOOpE49JbzwnpK09gSCfOCzEIWT0oYHUYhI9jokkO,5.13906435980687,10.10712911963587,6.642752542739985
939300,pkIXjRx/GPQ7xU8jFREUciKuOOpE49JbzwnpK09gSCfOCzEIWT0oYHUYhI9jokkO,5.778354425116616,10.84083534593852,7.089217073042859
939600,pkIXjRx/GPQ7xU8jFREUciKuOOpE49JbzwnpK09gSCfOCzEIWT0oYHUYhI9jokkO,5.433358535586285,33.434053027552906,9.372559426316196
939900,pkIXjRx/GPQ7xU8jFREUciKuOOpE49JbzwnpK09gSCfOCzEIWT0oYHUYhI9jokkO,5.353553230293393,38.198407844595934,12.2659932512267
940200,pkIXjRx/GPQ7xU8jFREUciKuOOpE49JbzwnpK09gSCfOCzEIWT0oYHUYhI9jokkO,5.351236450530776,10.42253351350217,6.830332382247538
940500,pkIXjRx/GPQ7xU8jFREUciKuOOpE49JbzwnpK09gSCfOCzEIWT0oYHUYhI9jokkO,5.718643377523956,13.88190328369547,6.997790951885308
940800,pkIXjRx/GPQ7xU8jFREUciKuOOpE49JbzwnpK09gSCfOCzEIWT0oYHUYhI9jokkO,5.515099703002882,33.326496711210844,9.535806904940191
941100,pkIXjRx/GPQ7xU8jFREUciKuOOpE49JbzwnpK09gSCfOCzEIWT0oYHUYhI9jokkO,5.535069621030315,39.03376657422551,12.676434119283805
941400,pkIXjRx/GPQ7xU8jFREUciKuOOpE49JbzwnpK09gSCfOCzEIWT0oYHUYhI9jokkO,5.601587219405888,10.349524411281177,7.017048709283836
941700,pkIXjRx/GPQ7xU8jFREUciKuOOpE49JbzwnpK09gSCfOCzEIWT0oYHUYhI9jokkO,5.35628707647119,13.544916458483383,6.764234819257358
942000,pkIXjRx/GPQ7xU8jFREUciKuOOpE49JbzwnpK09gSCfOCzEIWT0oYHUYhI9jokkO,5.6125405343019565,28.0797592652899,9.853437926758778
942300,pkIXjRx/GPQ7xU8jFREUciKuOOpE49JbzwnpK09gSCfOCzEIWT0oYHUYhI9jokkO,5.4159530391169834,40.83852594966496,12.522537824852954
942600,pkIXjRx/GPQ7xU8jFREUciKuOOpE49JbzwnpK09gSCfOCzEIWT0oYHUYhI9jokkO,5.368139259552397,8.74602465848726,6.728942325490637
942900,pkIXjRx/GPQ7xU8jFREUciKuOOpE49JbzwnpK09gSCfOCzEIWT0oYHUYhI9jokkO,5.610086000613896,16.82897857400679,8.135156071051137
943200,pkIXjRx/GPQ7xU8jFREUciKuOOpE49JbzwnpK09gSCfOCzEIWT0oYHUYhI9jokkO,5.852617667221874,21.1235120291058,9.674869202783103
943500,pkIXjRx/GPQ7xU8jFREUciKuOOpE49JbzwnpK09gSCfOCzEIWT0oYHUYhI9jokkO,5.371864381592084,40.06966993271274,12.222216865751117
943800,pkIXjRx/GPQ7xU8jFREUciKuOOpE49JbzwnpK09gSCfOCzEIWT0oYHUYhI9jokkO,5.790891968311679,11.315338514483232,7.149490025088552
944100,pkIXjRx/GPQ7xU8jFREUciKuOOpE49JbzwnpK09gSCfOCzEIWT0oYHUYhI9jokkO,5.80464922186197,13.564027492355722,7.254410076193959
944400,pkIXjRx/GPQ7xU8jFREUciKuOOpE49JbzwnpK09gSCfOCzEIWT0oYHUYhI9jokkO,5.718504885608359,33.82746277349487,9.64747655249143
944700,pkIXjRx/GPQ7xU8jFREUciKuOOpE49JbzwnpK09gSCfOCzEIWT0oYHUYhI9jokkO,5.789966351402323,43.027083561751134,12.970094675172456
945000,pkIXjRx/GPQ7xU8jFREUciKuOOpE49JbzwnpK09gSCfOCzEIWT0oYHUYhI9jokkO,5.711212176267887,11.42923129648929,7.013161345100227
945300,pkIXjRx/GPQ7xU8jFREUciKuOOpE49JbzwnpK09gSCfOCzEIWT0oYHUYhI9jokkO,5.538635337693039,12.895078514308423,6.902139264610584
945600,pkIXjRx/GPQ7xU8jFREUciKuOOpE49JbzwnpK09gSCfOCzEIWT0oYHUYhI9jokkO,5.567364584771422,25.614744593882055,9.573483468051297
945900,pkIXjRx/GPQ7xU8jFREUciKuOOpE49JbzwnpK09gSCfOCzEIWT0oYHUYhI9jokkO,5.529011788617398,40.93120463200472,12.255224756796062
946200,pkIXjRx/GPQ7xU8jFREUciKuOOpE49JbzwnpK09gSCfOCzEIWT0oYHUYhI9jokkO,5.494794829912375,10.947421668032447,6.880679707897772
946500,pkIXjRx/GPQ7xU8jFREUciKuOOpE49JbzwnpK09gSCfOCzEIWT0oYHUYhI9jokkO,5.491414931997987,17.735920284539947,7.713716393935423
946800,pkIXjRx/GPQ7xU8jFREUciKuOOpE49JbzwnpK09gSCfOCzEIWT0oYHUYhI9jokkO,5.529118935501553,21.30895372925768,9.481925452335435
947100,pkIXjRx/GPQ7xU8jFREUciKuOOpE49JbzwnpK09gSCfOCzEIWT0oYHUYhI9jokkO,5.674490690891725,43.323715562743736,12.402287639092268
947400,pkIXjRx/GPQ7xU8jFREUciKuOOpE49JbzwnpK09gSCfOCzEIWT0oYHUYhI9jokkO,5.833418173299988,11.554419749068632,7.099054768871391
947700,pkIXjRx/GPQ7xU8jFREUciKuOOpE49JbzwnpK09gSCfOCzEIWT0oYHUYhI9jokkO,5.666533538621035,13.728962814022438,7.225043762514391
948000,pkIXjRx/GPQ7xU8jFREUciKuOOpE49JbzwnpK09gSCfOCzEIWT0oYHUYhI9jokkO,5.603146360032677,28.430778513632173,9.525639372272703
948300,pkIXjRx/GPQ7xU8jFREUciKuOOpE49JbzwnpK09gSCfOCzEIWT0oYHUYhI9jokkO,5.520256993548386,45.150466170116125,12.707227828594592
948600,pkIXjRx/GPQ7xU8jFREUciKuOOpE49JbzwnpK09gSCfOCzEIWT0oYHUYhI9jokkO,5.578683626515092,8.66706833875531,6.898605067781613
948900,pkIXjRx/GPQ7xU8jFREUciKuOOpE49JbzwnpK09gSCfOCzEIWT0oYHUYhI9jokkO,5.63909325860907,12.834362445998773,6.8952981691738415
949200,pkIXjRx/GPQ7xU8jFREUciKuOOpE49JbzwnpK09gSCfOCzEIWT0oYHUYhI9jokkO,5.813945839770433,28.52177980631609,9.76513568282941
949500,pkIXjRx/GPQ7xU8jFREUciKuOOpE49JbzwnpK09gSCfOCzEIWT0oYHUYhI9jokkO,5.554563915895393,47.57949118046865,12.654471681050085
949800,pkIXjRx/GPQ7xU8jFREUciKuOOpE49JbzwnpK09gSCfOCzEIWT0oYHUYhI9jokkO,5.533889916312733,9.837863721929248,7.011905977621723
950100,pkIXjRx/GPQ7xU8jFREUciKuOOpE49JbzwnpK09gSCfOCzEIWT0oYHUYhI9jokkO,5.606702673108589,12.829260890503395,7.869513796045944
950400,pkIXjRx/GPQ7xU8jFREUciKuOOpE49JbzwnpK09gSCfOCzEIWT0oYHUYhI9jokkO,5.544357372683618,33.121095101979975,9.58967418942805
950700,pkIXjRx/GPQ7xU8jFREUciKuOOpE49JbzwnpK09gSCfOCzEIWT0oYHUYhI9jokkO,5.28906697521221,51.44855702356073,12.352494086866454
951000,pkIXjRx/GPQ7xU8jFREUciKuOOpE49JbzwnpK09gSCfOCzEIWT0oYHUYhI9jokkO,5.549559301827151,10.009788388399468,7.134746761576952
951300,pkIXjRx/GPQ7xU8jFREUciKuOOpE49JbzwnpK09gSCfOCzEIWT0oYHUYhI9jokkO,5.901195127900193,7.809834824403672,6.499752875713421
951600,pkIXjRx/GPQ7xU8jFREUciKuOOpE49JbzwnpK09gSCfOCzEIWT0oYHUYhI9jokkO,5.447883283632732,28.355073103087182,11.531978940796192
951900,pkIXjRx/GPQ7xU8jFREUciKuOOpE49JbzwnpK09gSCfOCzEIWT0oYHUYhI9jokkO,5.894348228441355,53.864264285216535,15.873681029221023
952200,pkIXjRx/GPQ7xU8jFREUciKuOOpE49JbzwnpK09gSCfOCzEIWT0oYHUYhI9jokkO,5.888550303150216,8.394517264445167,6.933097192680779
952500,pkIXjRx/GPQ7xU8jFREUciKuOOpE49JbzwnpK09gSCfOCzEIWT0oYHUYhI9jokkO,5.66626031371682,13.178170884488006,6.994123483179544
952800,pkIXjRx/GPQ7xU8jFREUciKuOOpE49JbzwnpK09gSCfOCzEIWT0oYHUYhI9jokkO,5.753563062843603,26.877028052366605,10.31750104575486
953100,pkIXjRx/GPQ7xU8jFREUciKuOOpE49JbzwnpK09gSCfOCzEIWT0oYHUYhI9jokkO,5.799716542584936,54.49068622421636,12.787315930184926
953400,pkIXjRx/GPQ7xU8jFREUciKuOOpE49JbzwnpK09gSCfOCzEIWT0oYHUYhI9jokkO,5.699880222000993,9.224204391816553,7.008605259324998
953700,pkIXjRx/GPQ7xU8jFREUciKuOOpE49JbzwnpK09gSCfOCzEIWT0oYHUYhI9jokkO,5.711888902827041,13.567298930137182,8.370896715124864
954000,pkIXjRx/GPQ7xU8jFREUciKuOOpE49JbzwnpK09gSCfOCzEIWT0oYHUYhI9jokkO,6.136763231227612,35.35540187219616,10.89437777190946
954300,pkIXjRx/GPQ7xU8jFREUciKuOOpE49JbzwnpK09gSCfOCzEIWT0oYHUYhI9jokkO,5.805710199313332,58.57898315118172,13.609242269631212
954600,pkIXjRx/GPQ7xU8jFREUciKuOOpE49JbzwnpK09gSCfOCzEIWT0oYHUYhI9jokkO,6.205506682131468,8.547418371006124,7.6082349433007455
954900,pkIXjRx/GPQ7xU8jFREUciKuOOpE49JbzwnpK09gSCfOCzEIWT0oYHUYhI9jokkO,5.848024319040861,7.252336897501912,6.5194086801580236
955200,pkIXjRx/GPQ7xU8jFREUciKuOOpE49JbzwnpK09gSCfOCzEIWT0oYHUYhI9jokkO,5.542994597863194,38.48298514147992,9.81667123736534
955500,pkIXjRx/GPQ7xU8jFREUciKuOOpE49JbzwnpK09gSCfOCzEIWT0oYHUYhI9jokkO,5.7794769366849055,59.94576846069117,12.971903057994636
955800,pkIXjRx/GPQ7xU8jFREUciKuOOpE49JbzwnpK09gSCfOCzEIWT0oYHUYhI9jokkO,5.592368833415925,10.001363045413562,6.991647707296241
956100,pkIXjRx/GPQ7xU8jFREUciKuOOpE49JbzwnpK09gSCfOCzEIWT0oYHUYhI9jokkO,5.603481364969142,13.023106557568513,6.8953396947594205
956400,pkIXjRx/GPQ7xU8jFREUciKuOOpE49JbzwnpK09gSCfOCzEIWT0oYHUYhI9jokkO,5.670207215151752,24.325420251940493,9.820948701189588
956700,pkIXjRx/GPQ7xU8jFREUciKuOOpE49JbzwnpK09gSCfOCzEIWT0oYHUYhI9jokkO,5.493758135355025,59.61129357021688,12.588132842354897
957000,pkIXjRx/GPQ7xU8jFREUciKuOOpE49JbzwnpK09gSCfOCzEIWT0oYHUYhI9jokkO,5.367439969607246,10.1360822439711,6.910568955672514
957300,pkIXjRx/GPQ7xU8jFREUciKuOOpE49JbzwnpK09gSCfOCzEIWT0oYHUYhI9jokkO,5.6689519991536725,13.019452657921535,7.549147702593463
957600,pkIXjRx/GPQ7xU8jFREUciKuOOpE49JbzwnpK09gSCfOCzEIWT0oYHUYhI9jokkO,5.301463748458961,23.03531984295753,9.961316945832888
957900,pkIXjRx/GPQ7xU8jFREUciKuOOpE49JbzwnpK09gSCfOCzEIWT0oYHUYhI9jokkO,5.711235212567062,61.56447202572608,12.741690618987166
958200,pkIXjRx/GPQ7xU8jFREUciKuOOpE49JbzwnpK09gSCfOCzEIWT0oYHUYhI9jokkO,5.677465592067814,10.458117804692042,7.205708241736445
958500,pkIXjRx/GPQ7xU8jFREUciKuOOpE49JbzwnpK09gSCfOCzEIWT0oYHUYhI9jokkO,5.495582398840448,13.136763070111106,7.26571441730503
958800,pkIXjRx/GPQ7xU8jFREUciKuOOpE49JbzwnpK09gSCfOCzEIWT0oYHUYhI9jokkO,5.490308157980705,38.77587141039952,9.678968125706096
959100,pkIXjRx/GPQ7xU8jFREUciKuOOpE49JbzwnpK09gSCfOCzEIWT0oYHUYhI9jokkO,5.977683316675962,63.51176555182021,13.111867017589356
959400,pkIXjRx/GPQ7xU8jFREUciKuOOpE49JbzwnpK09gSCfOCzEIWT0oYHUYhI9jokkO,5.591761279336519,9.984647910689526,6.922775710346468
959700,pkIXjRx/GPQ7xU8jFREUciKuOOpE49JbzwnpK09gSCfOCzEIWT0oYHUYhI9jokkO,5.745857048021955,12.740196940906891,6.947528187195277
960000,pkIXjRx/GPQ7xU8jFREUciKuOOpE49JbzwnpK09gSCfOCzEIWT0oYHUYhI9jokkO,5.8352853814980605,38.83423651508405,9.94010833293712
960300,pkIXjRx/GPQ7xU8jFREUciKuOOpE49JbzwnpK09gSCfOCzEIWT0oYHUYhI9jokkO,5.634491647635559,61.98246079117624,12.543257413530464
960600,pkIXjRx/GPQ7xU8jFREUciKuOOpE49JbzwnpK09gSCfOCzEIWT0oYHUYhI9jokkO,5.463725612906329,9.59540701674372,7.015053980010808
960900,pkIXjRx/GPQ7xU8jFREUciKuOOpE49JbzwnpK09gSCfOCzEIWT0oYHUYhI9jokkO,5.724171201982086,12.058723380099448,7.251592241127676
961200,pkIXjRx/GPQ7xU8jFREUciKuOOpE49JbzwnpK09gSCfOCzEIWT0oYHUYhI9jokkO,6.134652844523683,35.05089007351556,10.62182938099188
961500,pkIXjRx/GPQ7xU8jFREUciKuOOpE49JbzwnpK09gSCfOCzEIWT0oYHUYhI9jokkO,5.986907871945595,62.868648181719806,14.080783716674912
961800,pkIXjRx/GPQ7xU8jFREUciKuOOpE49JbzwnpK09gSCfOCzEIWT0oYHUYhI9jokkO,6.0960668539309255,8.58180023530079,7.301794397719752
962100,pkIXjRx/GPQ7xU8jFREUciKuOOpE49JbzwnpK09gSCfOCzEIWT0oYHUYhI9jokkO,5.784781022016728,13.615773566630848,7.426611199711317
962400,pkIXjRx/GPQ7xU8jFREUciKuOOpE49JbzwnpK09gSCfOCzEIWT0oYHUYhI9jokkO,5.748824759630801,35.18598992360948,9.87416829661421
962700,pkIXjRx/GPQ7xU8jFREUciKuOOpE49JbzwnpK09gSCfOCzEIWT0oYHUYhI9jokkO,5.748276669367546,63.63973344676796,13.065473424900826
963000,pkIXjRx/GPQ7xU8jFREUciKuOOpE49JbzwnpK09gSCfOCzEIWT0oYHUYhI9jokkO,5.943443992529736,9.59709200573939,7.129168404560711
963300,pkIXjRx/GPQ7xU8jFREUciKuOOpE49JbzwnpK09gSCfOCzEIWT0oYHUYhI9jokkO,5.768500441298114,13.321309366108908,7.26246144377764
963600,pkIXjRx/GPQ7xU8jFREUciKuOOpE49JbzwnpK09gSCfOCzEIWT0oYHUYhI9jokkO,5.985735580305836,29.91484795133867,10.061319214291718
963900,pkIXjRx/GPQ7xU8jFREUciKuOOpE49JbzwnpK09gSCfOCzEIWT0oYHUYhI9jokkO,5.735724721117146,63.41718048854345,12.8031843100182
964200,pkIXjRx/GPQ7xU8jFREUciKuOOpE49JbzwnpK09gSCfOCzEIWT0oYHUYhI9jokkO,5.634096000320246,9.602470956940016,7.009025346072414
964500,pkIXjRx/GPQ7xU8jFREUciKuOOpE49JbzwnpK09gSCfOCzEIWT0oYHUYhI9jokkO,5.746254577422044,12.925064326273992,7.20601434859456
964800,pkIXjRx/GPQ7xU8jFREUciKuOOpE49JbzwnpK09gSCfOCzEIWT0oYHUYhI9jokkO,5.729706435666757,21.88427642884221,10.374568689081093
965100,pkIXjRx/GPQ7xU8jFREUciKuOOpE49JbzwnpK09gSCfOCzEIWT0oYHUYhI9jokkO,5.9159478441048,62.82590905151418,12.694430284177532
965400,pkIXjRx/GPQ7xU8jFREUciKuOOpE49JbzwnpK09gSCfOCzEIWT0oYHUYhI9jokkO,5.690275504655354,9.845073971901869,7.1493385935582925
965700,pkIXjRx/GPQ7xU8jFREUciKuOOpE49JbzwnpK09gSCfOCzEIWT0oYHUYhI9jokkO,5.915702939887126,13.265108694179904,7.33099182864466
966000,pkIXjRx/GPQ7xU8jFREUciKuOOpE49JbzwnpK09gSCfOCzEIWT0oYHUYhI9jokkO,5.805902607927119,34.15277778326068,9.775555455648362
966300,pkIXjRx/GPQ7xU8jFREUciKuOOpE49JbzwnpK09gSCfOCzEIWT0oYHUYhI9jokkO,6.318006019412543,59.16578578874543,13.174321216148371
966600,pkIXjRx/GPQ7xU8jFREUciKuOOpE49JbzwnpK09gSCfOCzEIWT0oYHUYhI9jokkO,5.770036084960055,8.104699182452496,6.620311936320412
966900,pkIXjRx/GPQ7xU8jFREUciKuOOpE49JbzwnpK09gSCfOCzEIWT0oYHUYhI9jokkO,5.955456719580148,13.932636787502313,8.854272765943737
967200,pkIXjRx/GPQ7xU8jFREUciKuOOpE49JbzwnpK09gSCfOCzEIWT0oYHUYhI9jokkO,10.9352710299545,39.98847452562229,15.348555359277814
967500,pkIXjRx/GPQ7xU8jFREUciKuOOpE49JbzwnpK09gSCfOCzEIWT0oYHUYhI9jokkO,5.927643492268577,57.32534166379343,16.219505714746415
967800,pkIXjRx/GPQ7xU8jFREUciKuOOpE49JbzwnpK09gSCfOCzEIWT0oYHUYhI9jokkO,5.602629071861462,8.211962127285286,6.772609724010287
968100,pkIXjRx/GPQ7xU8jFREUciKuOOpE49JbzwnpK09gSCfOCzEIWT0oYHUYhI9jokkO,6.2865039120111375,13.183567243854696,7.812808201265674
968400,pkIXjRx/GPQ7xU8jFREUciKuOOpE49JbzwnpK09gSCfOCzEIWT0oYHUYhI9jokkO,5.85598132033187,27.050395166505155,10.241822683691206
968700,pkIXjRx/GPQ7xU8jFREUciKuOOpE49JbzwnpK09gSCfOCzEIWT0oYHUYhI9jokkO,6.158689327284662,55.88640304298357,13.381085326828188
969000,pkIXjRx/GPQ7xU8jFREUciKuOOpE49JbzwnpK09gSCfOCzEIWT0oYHUYhI9jokkO,6.081396998649881,8.49478564846576,7.14282032670388
969300,pkIXjRx/GPQ7xU8jFREUciKuOOpE49JbzwnpK09gSCfOCzEIWT0oYHUYhI9jokkO,6.147752812910478,10.272013443425028,7.777751613737855
969600,pkIXjRx/GPQ7xU8jFREUciKuOOpE49JbzwnpK09gSCfOCzEIWT0oYHUYhI9jokkO,5.839620162311632,27.757157716170976,9.541597047333347
969900,pkIXjRx/GPQ7xU8jFREUciKuOOpE49JbzwnpK09gSCfOCzEIWT0oYHUYhI9jokkO,6.228753929818269,60.014857206253865,13.631069546382273
970200,pkIXjRx/GPQ7xU8jFREUciKuOOpE49JbzwnpK09gSCfOCzEIWT0oYHUYhI9jokkO,5.954358496849336,8.90226814064603,7.0374480636679975
970500,pkIXjRx/GPQ7xU8jFREUciKuOOpE49JbzwnpK09gSCfOCzEIWT0oYHUYhI9jokkO,6.157897934759224,9.70018213298037,7.027913547288576
970800,pkIXjRx/GPQ7xU8jFREUciKuOOpE49JbzwnpK09gSCfOCzEIWT0oYHUYhI9jokkO,6.091288997194948,35.456558569243455,9.972894208281328
971100,pkIXjRx/GPQ7xU8jFREUciKuOOpE49JbzwnpK09gSCfOCzEIWT0oYHUYhI9jokkO,6.073499684828349,60.15363320631534,13.597527828233895
971400,pkIXjRx/GPQ7xU8jFREUciKuOOpE49JbzwnpK09gSCfOCzEIWT0oYHUYhI9jokkO,6.02052917836316,8.970947913551603,6.84789478681456
971700,pkIXjRx/GPQ7xU8jFREUciKuOOpE49JbzwnpK09gSCfOCzEIWT0oYHUYhI9jokkO,6.012986943982233,14.01086961889752,7.737592755667983
972000,pkIXjRx/GPQ7xU8jFREUciKuOOpE49JbzwnpK09gSCfOCzEIWT0oYHUYhI9jokkO,5.944722538432301,34.34400362428149,10.294405478622824
972300,pkIXjRx/GPQ7xU8jFREUciKuOOpE49JbzwnpK09gSCfOCzEIWT0oYHUYhI9jokkO,6.060674175889737,57.17288739405783,13.307910708323613
972600,pkIXjRx/GPQ7xU8jFREUciKuOOpE49JbzwnpK09gSCfOCzEIWT0oYHUYhI9jokkO,5.899019679811895,9.05182008371504,7.055595364484188
972900,pkIXjRx/GPQ7xU8jFREUciKuOOpE49JbzwnpK09gSCfOCzEIWT0oYHUYhI9jokkO,6.224351539469642,14.229068415265688,7.8535556638417585
973200,pkIXjRx/GPQ7xU8jFREUciKuOOpE49JbzwnpK09gSCfOCzEIWT0oYHUYhI9jokkO,5.745769008306394,35.09491648255281,9.584788211502195
973500,pkIXjRx/GPQ7xU8jFREUciKuOOpE49JbzwnpK09gSCfOCzEIWT0oYHUYhI9jokkO,5.9298732819402336,52.77408388547894,13.627393867011696
973800,pkIXjRx/GPQ7xU8jFREUciKuOOpE49JbzwnpK09gSCfOCzEIWT0oYHUYhI9jokkO,6.197931150814311,8.772966711629994,6.941692187753338
974100,pkIXjRx/GPQ7xU8jFREUciKuOOpE49JbzwnpK09gSCfOCzEIWT0oYHUYhI9jokkO,6.0107473350107705,14.326812974470004,7.647642197783599
974400,pkIXjRx/GPQ7xU8jFREUciKuOOpE49JbzwnpK09gSCfOCzEIWT0oYHUYhI9jokkO,6.168284357702613,36.15952908859839,9.985080537755824
974700,pkIXjRx/GPQ7xU8jFREUciKuOOpE49JbzwnpK09gSCfOCzEIWT0oYHUYhI9jokkO,5.981768639414913,27.36577913731304,9.401282885105548
975000,pkIXjRx/GPQ7xU8jFREUciKuOOpE49JbzwnpK09gSCfOCzEIWT0oYHUYhI9jokkO,5.655464855155176,8.945887504427017,6.7770906745017605
975300,pkIXjRx/GPQ7xU8jFREUciKuOOpE49JbzwnpK09gSCfOCzEIWT0oYHUYhI9jokkO,5.569271268521763,13.181609027782686,7.647355388064355
975600,pkIXjRx/GPQ7xU8jFREUciKuOOpE49JbzwnpK09gSCfOCzEIWT0oYHUYhI9jokkO,5.616582279896629,27.3341638730766,10.29800314631823
975900,pkIXjRx/GPQ7xU8jFREUciKuOOpE49JbzwnpK09gSCfOCzEIWT0oYHUYhI9jokkO,5.673008107191073,43.56171901619157,13.196970646269564
976200,pkIXjRx/GPQ7xU8jFREUciKuOOpE49JbzwnpK09gSCfOCzEIWT0oYHUYhI9jokkO,5.987830323671149,9.291866431329014,6.99632239783649
976500,pkIXjRx/GPQ7xU8jFREUciKuOOpE49JbzwnpK09gSCfOCzEIWT0oYHUYhI9jokkO,5.962262550625473,14.359924794879316,7.940469404486474
976800,pkIXjRx/GPQ7xU8jFREUciKuOOpE49JbzwnpK09gSCfOCzEIWT0oYHUYhI9jokkO,5.78397998769787,36.54115174734371,9.518249410464296
977100,pkIXjRx/GPQ7xU8jFREUciKuOOpE49JbzwnpK09gSCfOCzEIWT0oYHUYhI9jokkO,5.8589827147652365,38.9387378820789,13.474785485012536
977400,pkIXjRx/GPQ7xU8jFREUciKuOOpE49JbzwnpK09gSCfOCzEIWT0oYHUYhI9jokkO,5.867916826687944,8.838892598616276,6.8053246540865056
977700,pkIXjRx/GPQ7xU8jFREUciKuOOpE49JbzwnpK09gSCfOCzEIWT0oYHUYhI9jokkO,5.739134371873959,14.280538046585413,7.5895253465352175
978000,pkIXjRx/GPQ7xU8jFREUciKuOOpE49JbzwnpK09gSCfOCzEIWT0oYHUYhI9jokkO,5.934894508725177,36.62556938083668,9.770008818094746
978300,pkIXjRx/GPQ7xU8jFREUciKuOOpE49JbzwnpK09gSCfOCzEIWT0oYHUYhI9jokkO,5.731989274659608,39.932700368949085,13.317479027122983
978600,pkIXjRx/GPQ7xU8jFREUciKuOOpE49JbzwnpK09gSCfOCzEIWT0oYHUYhI9jokkO,5.6050482239353485,9.615396456148076,6.867106940530334
978900,pkIXjRx/GPQ7xU8jFREUciKuOOpE49JbzwnpK09gSCfOCzEIWT0oYHUYhI9jokkO,5.638338770615647,14.126039243722955,7.9835909732384
979200,pkIXjRx/GPQ7xU8jFREUciKuOOpE49JbzwnpK09gSCfOCzEIWT0oYHUYhI9jokkO,5.570535611273847,36.36783598472243,9.68295660266826
979500,pkIXjRx/GPQ7xU8jFREUciKuOOpE49JbzwnpK09gSCfOCzEIWT0oYHUYhI9jokkO,6.029526743145225,42.4974834072806,13.940447397055117
979800,pkIXjRx/GPQ7xU8jFREUciKuOOpE49JbzwnpK09gSCfOCzEIWT0oYHUYhI9jokkO,5.767371142576416,9.67245010548056,7.090526007302564
980100,pkIXjRx/GPQ7xU8jFREUciKuOOpE49JbzwnpK09gSCfOCzEIWT0oYHUYhI9jokkO,5.747070752912378,14.245088895600697,7.745081497953894
980400,pkIXjRx/GPQ7xU8jFREUciKuOOpE49JbzwnpK09gSCfOCzEIWT0oYHUYhI9jokkO,5.582725394352191,45.770931735720616,16.976736437992564
980700,pkIXjRx/GPQ7xU8jFREUciKuOOpE49JbzwnpK09gSCfOCzEIWT0oYHUYhI9jokkO,5.760131726825906,48.807438787799335,13.92963722355687
981000,pkIXjRx/GPQ7xU8jFREUciKuOOpE49JbzwnpK09gSCfOCzEIWT0oYHUYhI9jokkO,5.75971497363778,9.475263825351604,6.863667713547697
981300,pkIXjRx/GPQ7xU8jFREUciKuOOpE49JbzwnpK09gSCfOCzEIWT0oYHUYhI9jokkO,5.671086366728496,13.908821674225107,7.3709502738189885
981600,pkIXjRx/GPQ7xU8jFREUciKuOOpE49JbzwnpK09gSCfOCzEIWT0oYHUYhI9jokkO,5.599589360567637,34.56466880872081,9.700965429555664
981900,pkIXjRx/GPQ7xU8jFREUciKuOOpE49JbzwnpK09gSCfOCzEIWT0oYHUYhI9jokkO,5.611339175781833,42.435258477186565,13.408961148000165
982200,pkIXjRx/GPQ7xU8jFREUciKuOOpE49JbzwnpK09gSCfOCzEIWT0oYHUYhI9jokkO,5.717205089937868,9.372466668027162,6.953570415707966
982500,pkIXjRx/GPQ7xU8jFREUciKuOOpE49JbzwnpK09gSCfOCzEIWT0oYHUYhI9jokkO,5.766534508871212,13.384865703925646,8.365306918698664
982800,pkIXjRx/GPQ7xU8jFREUciKuOOpE49JbzwnpK09gSCfOCzEIWT0oYHUYhI9jokkO,6.042102264473497,35.982160787806805,10.096222213680326
983100,pkIXjRx/GPQ7xU8jFREUciKuOOpE49JbzwnpK09gSCfOCzEIWT0oYHUYhI9jokkO,5.6224239674794125,48.86908014693212,13.970164288733098
983400,pkIXjRx/GPQ7xU8jFREUciKuOOpE49JbzwnpK09gSCfOCzEIWT0oYHUYhI9jokkO,5.848221541455475,9.108567463604416,7.070417160206512
983700,pkIXjRx/GPQ7xU8jFREUciKuOOpE49JbzwnpK09gSCfOCzEIWT0oYHUYhI9jokkO,5.699252890444265,12.9746283041634,7.742669806428675
984000,pkIXjRx/GPQ7xU8jFREUciKuOOpE49JbzwnpK09gSCfOCzEIWT0oYHUYhI9jokkO,5.51623573407201,34.94248501171609,9.444433913100317
984300,pkIXjRx/GPQ7xU8jFREUciKuOOpE49JbzwnpK09gSCfOCzEIWT0oYHUYhI9jokkO,5.690452134037699,51.37292691159033,13.38527353597248
984600,pkIXjRx/GPQ7xU8jFREUciKuOOpE49JbzwnpK09gSCfOCzEIWT0oYHUYhI9jokkO,5.612297242929562,8.671907418219533,6.7735462472544175
984900,pkIXjRx/GPQ7xU8jFREUciKuOOpE49JbzwnpK09gSCfOCzEIWT0oYHUYhI9jokkO,5.466977160258317,13.05610999902758,7.522499298185981
985200,pkIXjRx/GPQ7xU8jFREUciKuOOpE49JbzwnpK09gSCfOCzEIWT0oYHUYhI9jokkO,5.731057338526092,35.15709254575542,9.663876122523005
985500,pkIXjRx/GPQ7xU8jFREUciKuOOpE49JbzwnpK09gSCfOCzEIWT0oYHUYhI9jokkO,5.602510307397635,54.54285864584658,13.235210582212238
985800,pkIXjRx/GPQ7xU8jFREUciKuOOpE49JbzwnpK09gSCfOCzEIWT0oYHUYhI9jokkO,5.664224106822606,8.938295676326604,6.649396212741356
986100,pkIXjRx/GPQ7xU8jFREUciKuOOpE49JbzwnpK09gSCfOCzEIWT0oYHUYhI9jokkO,5.804797139249065,12.661684507921487,7.716848443321936
986400,pkIXjRx/GPQ7xU8jFREUciKuOOpE49JbzwnpK09gSCfOCzEIWT0oYHUYhI9jokkO,5.897029332327606,34.820917909927864,9.519524724315264
986700,pkIXjRx/GPQ7xU8jFREUciKuOOpE49JbzwnpK09gSCfOCzEIWT0oYHUYhI9jokkO,5.719300364763964,15.09660627770513,8.38514670343536
987000,pkIXjRx/GPQ7xU8jFREUciKuOOpE49JbzwnpK09gSCfOCzEIWT0oYHUYhI9jokkO,6.034693400642,9.215849906053206,7.103529771372949
987300,pkIXjRx/GPQ7xU8jFREUciKuOOpE49JbzwnpK09gSCfOCzEIWT0oYHUYhI9jokkO,5.956776952916688,12.815938954501112,7.692204500427157
987600,pkIXjRx/GPQ7xU8jFREUciKuOOpE49JbzwnpK09gSCfOCzEIWT0oYHUYhI9jokkO,5.834009945730182,34.744490567836905,9.478437944386759
987900,pkIXjRx/GPQ7xU8jFREUciKuOOpE49JbzwnpK09gSCfOCzEIWT0oYHUYhI9jokkO,6.083473161059411,64.64268231884598,13.508217993914974
988200,pkIXjRx/GPQ7xU8jFREUciKuOOpE49JbzwnpK09gSCfOCzEIWT0oYHUYhI9jokkO,5.796280683868647,8.69598587122503,6.762763163280856
988500,pkIXjRx/GPQ7xU8jFREUciKuOOpE49JbzwnpK09gSCfOCzEIWT0oYHUYhI9jokkO,5.746769953873563,13.079762800015384,7.538554606151344
988800,pkIXjRx/GPQ7xU8jFREUciKuOOpE49JbzwnpK09gSCfOCzEIWT0oYHUYhI9jokkO,5.961766164842024,33.939688568513,9.65448727899528
989100,pkIXjRx/GPQ7xU8jFREUciKuOOpE49JbzwnpK09gSCfOCzEIWT0oYHUYhI9jokkO,5.81400854421661,64.97289805108824,13.538921689039364
989400,pkIXjRx/GPQ7xU8jFREUciKuOOpE49JbzwnpK09gSCfOCzEIWT0oYHUYhI9jokkO,5.8054387225849595,9.333986844736765,6.876730956056639
989700,pkIXjRx/GPQ7xU8jFREUciKuOOpE49JbzwnpK09gSCfOCzEIWT0oYHUYhI9jokkO,6.021861469133984,12.975100807221752,7.823536343715568
990000,pkIXjRx/GPQ7xU8jFREUciKuOOpE49JbzwnpK09gSCfOCzEIWT0oYHUYhI9jokkO,5.865109831745184,23.389463274363237,8.357954227596862
990300,pkIXjRx/GPQ7xU8jFREUciKuOOpE49JbzwnpK09gSCfOCzEIWT0oYHUYhI9jokkO,6.011216619349649,63.69763702584424,15.438955119990576
990600,pkIXjRx/GPQ7xU8jFREUciKuOOpE49JbzwnpK09gSCfOCzEIWT0oYHUYhI9jokkO,6.0536856240768975,9.25422993397449,7.357054874649569
990900,pkIXjRx/GPQ7xU8jFREUciKuOOpE49JbzwnpK09gSCfOCzEIWT0oYHUYhI9jokkO,5.707377686813639,9.211970022082724,6.760418976723304
991200,pkIXjRx/GPQ7xU8jFREUciKuOOpE49JbzwnpK09gSCfOCzEIWT0oYHUYhI9jokkO,5.757310781071725,15.94567883287544,7.915110772883053
991500,pkIXjRx/GPQ7xU8jFREUciKuOOpE49JbzwnpK09gSCfOCzEIWT0oYHUYhI9jokkO,5.848540837690331,63.42288633771796,14.422469653355908
991800,pkIXjRx/GPQ7xU8jFREUciKuOOpE49JbzwnpK09gSCfOCzEIWT0oYHUYhI9jokkO,5.606987290936952,11.930094951363875,7.0177653242125055
992100,pkIXjRx/GPQ7xU8jFREUciKuOOpE49JbzwnpK09gSCfOCzEIWT0oYHUYhI9jokkO,5.341965646745019,9.584814073890103,6.556410299335953
992400,pkIXjRx/GPQ7xU8jFREUciKuOOpE49JbzwnpK09gSCfOCzEIWT0oYHUYhI9jokkO,6.014318193253767,32.929676253759354,9.789464252188152
992700,pkIXjRx/GPQ7xU8jFREUciKuOOpE49JbzwnpK09gSCfOCzEIWT0oYHUYhI9jokkO,5.763192852520577,59.79601593875061,12.517414954037427
993000,pkIXjRx/GPQ7xU8jFREUciKuOOpE49JbzwnpK09gSCfOCzEIWT0oYHUYhI9jokkO,5.473568729544604,11.99444960792268,7.161704579649912
993300,pkIXjRx/GPQ7xU8jFREUciKuOOpE49JbzwnpK09gSCfOCzEIWT0oYHUYhI9jokkO,5.2641411944508505,9.60851089017639,6.906252315930025
993600,pkIXjRx/GPQ7xU8jFREUciKuOOpE49JbzwnpK09gSCfOCzEIWT0oYHUYhI9jokkO,5.77276369371367,36.44047077027573,10.056167735635194
993900,pkIXjRx/GPQ7xU8jFREUciKuOOpE49JbzwnpK09gSCfOCzEIWT0oYHUYhI9jokkO,5.40217738930364,59.136947262784325,13.17918204540754
994200,pkIXjRx/GPQ7xU8jFREUciKuOOpE49JbzwnpK09gSCfOCzEIWT0oYHUYhI9jokkO,5.769674673645988,12.07443832753953,7.7091599203985375
994500,pkIXjRx/GPQ7xU8jFREUciKuOOpE49JbzwnpK09gSCfOCzEIWT0oYHUYhI9jokkO,5.446376817082777,9.80475013495569,6.794543836602248
994800,pkIXjRx/GPQ7xU8jFREUciKuOOpE49JbzwnpK09gSCfOCzEIWT0oYHUYhI9jokkO,5.384483738932105,36.085514209879705,9.770624042464132
995100,pkIXjRx/GPQ7xU8jFREUciKuOOpE49JbzwnpK09gSCfOCzEIWT0oYHUYhI9jokkO,5.455507291399031,54.429891913544246,12.595883751482106
995400,pkIXjRx/GPQ7xU8jFREUciKuOOpE49JbzwnpK09gSCfOCzEIWT0oYHUYhI9jokkO,5.47712350938288,11.9139872849973,7.112280262122904
995700,pkIXjRx/GPQ7xU8jFREUciKuOOpE49JbzwnpK09gSCfOCzEIWT0oYHUYhI9jokkO,5.145368511241816,8.99704611573395,6.528946031646776
996000,pkIXjRx/GPQ7xU8jFREUciKuOOpE49JbzwnpK09gSCfOCzEIWT0oYHUYhI9jokkO,5.902508046396765,39.23766182088356,10.569377061854142
996300,pkIXjRx/GPQ7xU8jFREUciKuOOpE49JbzwnpK09gSCfOCzEIWT0oYHUYhI9jokkO,6.122607535664984,56.52375190218682,15.520979101695714
996600,pkIXjRx/GPQ7xU8jFREUciKuOOpE49JbzwnpK09gSCfOCzEIWT0oYHUYhI9jokkO,11.431054135466708,18.44908410403169,14.434244617950556
996900,pkIXjRx/GPQ7xU8jFREUciKuOOpE49JbzwnpK09gSCfOCzEIWT0oYHUYhI9jokkO,6.223181457531971,16.155159956228943,10.70502263246861
997200,pkIXjRx/GPQ7xU8jFREUciKuOOpE49JbzwnpK09gSCfOCzEIWT0oYHUYhI9jokkO,5.8757612544514295,25.2828408175345,8.986975125439427
997500,pkIXjRx/GPQ7xU8jFREUciKuOOpE49JbzwnpK09gSCfOCzEIWT0oYHUYhI9jokkO,5.86113383135429,51.82606668265512,14.507435542563924
997800,pkIXjRx/GPQ7xU8jFREUciKuOOpE49JbzwnpK09gSCfOCzEIWT0oYHUYhI9jokkO,6.134184517974181,12.697900957860709,7.592983098355818
998100,pkIXjRx/GPQ7xU8jFREUciKuOOpE49JbzwnpK09gSCfOCzEIWT0oYHUYhI9jokkO,6.006032219021363,10.316360155876406,7.027219452169031
998400,pkIXjRx/GPQ7xU8jFREUciKuOOpE49JbzwnpK09gSCfOCzEIWT0oYHUYhI9jokkO,5.864830369855546,7.992276646664984,6.6305586583336655
998700,pkIXjRx/GPQ7xU8jFREUciKuOOpE49JbzwnpK09gSCfOCzEIWT0oYHUYhI9jokkO,6.209160620571407,46.44196148193882,15.7637438671853
999000,pkIXjRx/GPQ7xU8jFREUciKuOOpE49JbzwnpK09gSCfOCzEIWT0oYHUYhI9jokkO,5.947891868233294,11.490025365464344,7.332753710507832
999300,pkIXjRx/GPQ7xU8jFREUciKuOOpE49JbzwnpK09gSCfOCzEIWT0oYHUYhI9jokkO,5.945686416543164,10.273899795722365,6.914779875282821
999600,pkIXjRx/GPQ7xU8jFREUciKuOOpE49JbzwnpK09gSCfOCzEIWT0oYHUYhI9jokkO,5.771832539037275,12.729349997258783,7.6570504554335646
999900,pkIXjRx/GPQ7xU8jFREUciKuOOpE49JbzwnpK09gSCfOCzEIWT0oYHUYhI9jokkO,6.001168537752252,45.01346687148269,15.496913814704993
1000200,pkIXjRx/GPQ7xU8jFREUciKuOOpE49JbzwnpK09gSCfOCzEIWT0oYHUYhI9jokkO,5.5340527368077765,12.75684855863814,7.2661501257493235
1000500,pkIXjRx/GPQ7xU8jFREUciKuOOpE49JbzwnpK09gSCfOCzEIWT0oYHUYhI9jokkO,5.878920105872557,10.564269857546403,6.976348237922155
1000800,pkIXjRx/GPQ7xU8jFREUciKuOOpE49JbzwnpK09gSCfOCzEIWT0oYHUYhI9jokkO,5.689157141404637,12.248067227974667,7.428292310666771
1001100,pkIXjRx/GPQ7xU8jFREUciKuOOpE49JbzwnpK09gSCfOCzEIWT0oYHUYhI9jokkO,5.699379852706265,39.70334183880568,15.268171247979126
1001400,pkIXjRx/GPQ7xU8jFREUciKuOOpE49JbzwnpK09gSCfOCzEIWT0oYHUYhI9jokkO,5.9064389971205005,16.286350484981092,8.320243505071376
1001700,pkIXjRx/GPQ7xU8jFREUciKuOOpE49JbzwnpK09gSCfOCzEIWT0oYHUYhI9jokkO,5.84389588560894,9.994190373249385,7.03944404593792
1002000,pkIXjRx/GPQ7xU8jFREUciKuOOpE49JbzwnpK09gSCfOCzEIWT0oYHUYhI9jokkO,5.821847734793433,12.445898734901196,7.086693494193376
1002300,pkIXjRx/GPQ7xU8jFREUciKuOOpE49JbzwnpK09gSCfOCzEIWT0oYHUYhI9jokkO,6.10876846155733,40.73949907816144,15.863973464656594
1002600,pkIXjRx/GPQ7xU8jFREUciKuOOpE49JbzwnpK09gSCfOCzEIWT0oYHUYhI9jokkO,5.91096362807968,12.393779797868032,7.467515842286601
1002900,pkIXjRx/GPQ7xU8jFREUciKuOOpE49JbzwnpK09gSCfOCzEIWT0oYHUYhI9jokkO,5.877528775304757,9.450542780286463,6.886852605264605
1003200,pkIXjRx/GPQ7xU8jFREUciKuOOpE49JbzwnpK09gSCfOCzEIWT0oYHUYhI9jokkO,6.247681069055226,17.975928468623962,8.597464163002982
1003500,pkIXjRx/GPQ7xU8jFREUciKuOOpE49JbzwnpK09gSCfOCzEIWT0oYHUYhI9jokkO,5.890641044406107,44.31493549504338,14.618301319058368
1003800,pkIXjRx/GPQ7xU8jFREUciKuOOpE49JbzwnpK09gSCfOCzEIWT0oYHUYhI9jokkO,5.8997480192303815,12.468969579667617,7.395074480795683
1004100,pkIXjRx/GPQ7xU8jFREUciKuOOpE49JbzwnpK09gSCfOCzEIWT0oYHUYhI9jokkO,6.076118121041905,10.456605424866448,7.261206296124045
1004400,pkIXjRx/GPQ7xU8jFREUciKuOOpE49JbzwnpK09gSCfOCzEIWT0oYHUYhI9jokkO,6.136840097761584,27.666751013488746,9.291530703503556
1004700,pkIXjRx/GPQ7xU8jFREUciKuOOpE49JbzwnpK09gSCfOCzEIWT0oYHUYhI9jokkO,5.97793890891008,45.32710903226187,13.749668235482371
1005000,pkIXjRx/GPQ7xU8jFREUciKuOOpE49JbzwnpK09gSCfOCzEIWT0oYHUYhI9jokkO,6.30209659455742,13.363945021330435,8.55433822789757
1005300,pkIXjRx/GPQ7xU8jFREUciKuOOpE49JbzwnpK09gSCfOCzEIWT0oYHUYhI9jokkO,6.29088036642585,10.714525270289702,7.280132297310581
1005600,pkIXjRx/GPQ7xU8jFREUciKuOOpE49JbzwnpK09gSCfOCzEIWT0oYHUYhI9jokkO,6.0020292059160525,12.985597349000122,7.316708562007741
1005900,pkIXjRx/GPQ7xU8jFREUciKuOOpE49JbzwnpK09gSCfOCzEIWT0oYHUYhI9jokkO,6.166953537074484,46.95698290898716,15.738154143290934
1006200,pkIXjRx/GPQ7xU8jFREUciKuOOpE49JbzwnpK09gSCfOCzEIWT0oYHUYhI9jokkO,5.9593867353508,12.439311514199208,7.301184034233107
1006500,pkIXjRx/GPQ7xU8jFREUciKuOOpE49JbzwnpK09gSCfOCzEIWT0oYHUYhI9jokkO,5.7096192626862,9.74965014676917,6.69065511392752
1006800,pkIXjRx/GPQ7xU8jFREUciKuOOpE49JbzwnpK09gSCfOCzEIWT0oYHUYhI9jokkO,6.196418246178243,12.374953197938344,7.504821483849547
1007100,pkIXjRx/GPQ7xU8jFREUciKuOOpE49JbzwnpK09gSCfOCzEIWT0oYHUYhI9jokkO,5.922929696943662,51.42289669769686,15.59853545273547
1007400,pkIXjRx/GPQ7xU8jFREUciKuOOpE49JbzwnpK09gSCfOCzEIWT0oYHUYhI9jokkO,5.84160214167818,12.294364255813036,7.220291760060396
1007700,pkIXjRx/GPQ7xU8jFREUciKuOOpE49JbzwnpK09gSCfOCzEIWT0oYHUYhI9jokkO,6.048062373151064,10.073035341315656,7.117974328991036
1008000,pkIXjRx/GPQ7xU8jFREUciKuOOpE49JbzwnpK09gSCfOCzEIWT0oYHUYhI9jokkO,5.860930487339239,12.014865388979448,7.354947615158318
1008300,pkIXjRx/GPQ7xU8jFREUciKuOOpE49JbzwnpK09gSCfOCzEIWT0oYHUYhI9jokkO,6.106343782852004,54.805420948741045,15.660036559565008
1008600,pkIXjRx/GPQ7xU8jFREUciKuOOpE49JbzwnpK09gSCfOCzEIWT0oYHUYhI9jokkO,5.961775018340892,13.760335168912627,8.48854209161499
1008900,pkIXjRx/GPQ7xU8jFREUciKuOOpE49JbzwnpK09gSCfOCzEIWT0oYHUYhI9jokkO,5.783001667488742,9.498646196921184,7.085380861409614
1009200,pkIXjRx/GPQ7xU8jFREUciKuOOpE49JbzwnpK09gSCfOCzEIWT0oYHUYhI9jokkO,5.569262456214572,13.667450536329888,7.397361930107283
1009500,pkIXjRx/GPQ7xU8jFREUciKuOOpE49JbzwnpK09gSCfOCzEIWT0oYHUYhI9jokkO,6.2091958240121885,54.42570941915067,15.833098029243471
1009800,pkIXjRx/GPQ7xU8jFREUciKuOOpE49JbzwnpK09gSCfOCzEIWT0oYHUYhI9jokkO,5.782599441039824,13.570732924608263,7.33669820165193
1010100,pkIXjRx/GPQ7xU8jFREUciKuOOpE49JbzwnpK09gSCfOCzEIWT0oYHUYhI9jokkO,5.449098922688094,9.631453712198761,6.662391469469755
1010400,pkIXjRx/GPQ7xU8jFREUciKuOOpE49JbzwnpK09gSCfOCzEIWT0oYHUYhI9jokkO,5.761412005362494,13.59073032338094,7.384302481291741
1010700,pkIXjRx/GPQ7xU8jFREUciKuOOpE49JbzwnpK09gSCfOCzEIWT0oYHUYhI9jokkO,5.858874104500582,59.28141166626428,15.239101608192328
1011000,pkIXjRx/GPQ7xU8jFREUciKuOOpE49JbzwnpK09gSCfOCzEIWT0oYHUYhI9jokkO,5.467476723145984,12.944786872116335,7.056526584625167
1011300,pkIXjRx/GPQ7xU8jFREUciKuOOpE49JbzwnpK09gSCfOCzEIWT0oYHUYhI9jokkO,5.907179427444483,9.765840120254222,6.990354485331031
1011600,pkIXjRx/GPQ7xU8jFREUciKuOOpE49JbzwnpK09gSCfOCzEIWT0oYHUYhI9jokkO,5.406392023331442,12.826261239884072,6.966713880017057
1011900,pkIXjRx/GPQ7xU8jFREUciKuOOpE49JbzwnpK09gSCfOCzEIWT0oYHUYhI9jokkO,5.764216933736492,60.51868522846994,15.285470972462246
1012200,pkIXjRx/GPQ7xU8jFREUciKuOOpE49JbzwnpK09gSCfOCzEIWT0oYHUYhI9jokkO,6.16856043285261,13.751512383216376,8.317008816534537
1012500,pkIXjRx/GPQ7xU8jFREUciKuOOpE49JbzwnpK09gSCfOCzEIWT0oYHUYhI9jokkO,6.075736244704904,9.918848090356956,7.085544554186866
1012800,pkIXjRx/GPQ7xU8jFREUciKuOOpE49JbzwnpK09gSCfOCzEIWT0oYHUYhI9jokkO,6.069036103874987,19.872346712782548,8.70264201741328
1013100,pkIXjRx/GPQ7xU8jFREUciKuOOpE49JbzwnpK09gSCfOCzEIWT0oYHUYhI9jokkO,6.433682072532894,60.82362603858213,14.518193480314372
1013400,pkIXjRx/GPQ7xU8jFREUciKuOOpE49JbzwnpK09gSCfOCzEIWT0oYHUYhI9jokkO,6.191617713914117,13.80138592132666,7.56742705409272
1013700,pkIXjRx/GPQ7xU8jFREUciKuOOpE49JbzwnpK09gSCfOCzEIWT0oYHUYhI9jokkO,6.108442793276561,9.514218528741448,7.114153203978464
1014000,pkIXjRx/GPQ7xU8jFREUciKuOOpE49JbzwnpK09gSCfOCzEIWT0oYHUYhI9jokkO,6.275675697828843,14.008832036413644,7.608458324065999
1014300,pkIXjRx/GPQ7xU8jFREUciKuOOpE49JbzwnpK09gSCfOCzEIWT0oYHUYhI9jokkO,6.183065833799488,63.80492674967038,15.727019311456084
1014600,pkIXjRx/GPQ7xU8jFREUciKuOOpE49JbzwnpK09gSCfOCzEIWT0oYHUYhI9jokkO,6.10459835601503,13.374055706722366,7.666764819713094
1014900,pkIXjRx/GPQ7xU8jFREUciKuOOpE49JbzwnpK09gSCfOCzEIWT0oYHUYhI9jokkO,6.201290741694252,9.272492487062632,7.213613841321665
1015200,pkIXjRx/GPQ7xU8jFREUciKuOOpE49JbzwnpK09gSCfOCzEIWT0oYHUYhI9jokkO,5.97108258438726,13.698594982327611,7.341937316064285
1015500,pkIXjRx/GPQ7xU8jFREUciKuOOpE49JbzwnpK09gSCfOCzEIWT0oYHUYhI9jokkO,5.839657455757601,62.67060212494556,15.361519490888622
1015800,pkIXjRx/GPQ7xU8jFREUciKuOOpE49JbzwnpK09gSCfOCzEIWT0oYHUYhI9jokkO,6.508407431633435,13.788844127750762,8.34390507788672
1016100,pkIXjRx/GPQ7xU8jFREUciKuOOpE49JbzwnpK09gSCfOCzEIWT0oYHUYhI9jokkO,5.686187745667631,10.242470740022592,7.028003228104744
1016400,pkIXjRx/GPQ7xU8jFREUciKuOOpE49JbzwnpK09gSCfOCzEIWT0oYHUYhI9jokkO,5.712475985107297,10.951919220480622,7.200607219767205
1016700,pkIXjRx/GPQ7xU8jFREUciKuOOpE49JbzwnpK09gSCfOCzEIWT0oYHUYhI9jokkO,6.155990210464485,64.26312445347017,15.910277159067354
1017000,pkIXjRx/GPQ7xU8jFREUciKuOOpE49JbzwnpK09gSCfOCzEIWT0oYHUYhI9jokkO,5.654077065314567,15.561033913037727,7.670929079933912
1017300,pkIXjRx/GPQ7xU8jFREUciKuOOpE49JbzwnpK09gSCfOCzEIWT0oYHUYhI9jokkO,5.83969952811348,9.97583409492336,6.85537847488148
1017600,pkIXjRx/GPQ7xU8jFREUciKuOOpE49JbzwnpK09gSCfOCzEIWT0oYHUYhI9jokkO,5.957750304517152,13.989746901531268,7.443896408951501
1017900,pkIXjRx/GPQ7xU8jFREUciKuOOpE49JbzwnpK09gSCfOCzEIWT0oYHUYhI9jokkO,5.923799644057901,63.16970345332544,15.537482781220149
1018200,pkIXjRx/GPQ7xU8jFREUciKuOOpE49JbzwnpK09gSCfOCzEIWT0oYHUYhI9jokkO,5.827179056974056,15.224920661508651,7.445859254404059
1018500,pkIXjRx/GPQ7xU8jFREUciKuOOpE49JbzwnpK09gSCfOCzEIWT0oYHUYhI9jokkO,5.958783475312834,10.149422046307572,7.189985104462809
1018800,pkIXjRx/GPQ7xU8jFREUciKuOOpE49JbzwnpK09gSCfOCzEIWT0oYHUYhI9jokkO,5.943006635941568,13.87610742857534,7.392845427322422
1019100,pkIXjRx/GPQ7xU8jFREUciKuOOpE49JbzwnpK09gSCfOCzEIWT0oYHUYhI9jokkO,5.984608837658305,62.16035217939012,15.466639746545804
1019400,pkIXjRx/GPQ7xU8jFREUciKuOOpE49JbzwnpK09gSCfOCzEIWT0oYHUYhI9jokkO,6.459471986003756,15.77368497995869,8.465829438152964
1019700,pkIXjRx/GPQ7xU8jFREUciKuOOpE49JbzwnpK09gSCfOCzEIWT0oYHUYhI9jokkO,5.956958045462628,10.101736978561886,7.39739382397823
1020000,pkIXjRx/GPQ7xU8jFREUciKuOOpE49JbzwnpK09gSCfOCzEIWT0oYHUYhI9jokkO,6.065889071127875,14.518475724535888,7.422049363165211
1020300,pkIXjRx/GPQ7xU8jFREUciKuOOpE49JbzwnpK09gSCfOCzEIWT0oYHUYhI9jokkO,6.0248285836129645,63.0150339549076,15.726409543157056
1020600,pkIXjRx/GPQ7xU8jFREUciKuOOpE49JbzwnpK09gSCfOCzEIWT0oYHUYhI9jokkO,6.112080523099484,15.455910336406536,7.59364640174719
1020900,pkIXjRx/GPQ7xU8jFREUciKuOOpE49JbzwnpK09gSCfOCzEIWT0oYHUYhI9jokkO,5.912378651578735,9.316028893732518,6.934263565045466
1021200,pkIXjRx/GPQ7xU8jFREUciKuOOpE49JbzwnpK09gSCfOCzEIWT0oYHUYhI9jokkO,6.336538503461561,14.135969993356044,7.596756996938329
1021500,pkIXjRx/GPQ7xU8jFREUciKuOOpE49JbzwnpK09gSCfOCzEIWT0oYHUYhI9jokkO,5.787811259253083,63.6847614565546,15.225997176580108
1021800,pkIXjRx/GPQ7xU8jFREUciKuOOpE49JbzwnpK09gSCfOCzEIWT0oYHUYhI9jokkO,6.062849609325188,15.743377768521048,7.749113296015187
1022100,pkIXjRx/GPQ7xU8jFREUciKuOOpE49JbzwnpK09gSCfOCzEIWT0oYHUYhI9jokkO,5.934747983735695,9.84828010457148,6.957866175025647
1022400,pkIXjRx/GPQ7xU8jFREUciKuOOpE49JbzwnpK09gSCfOCzEIWT0oYHUYhI9jokkO,5.888656664888983,13.992217501513467,7.138732900159776
1022700,pkIXjRx/GPQ7xU8jFREUciKuOOpE49JbzwnpK09gSCfOCzEIWT0oYHUYhI9jokkO,5.8144065910458735,62.26592148146303,14.779999022389072
1023000,pkIXjRx/GPQ7xU8jFREUciKuOOpE49JbzwnpK09gSCfOCzEIWT0oYHUYhI9jokkO,5.59296751588546,15.404675120507545,7.815585859922305
1023300,pkIXjRx/GPQ7xU8jFREUciKuOOpE49JbzwnpK09gSCfOCzEIWT0oYHUYhI9jokkO,5.705807343991085,11.543241388636565,7.574810577262925
1023600,pkIXjRx/GPQ7xU8jFREUciKuOOpE49JbzwnpK09gSCfOCzEIWT0oYHUYhI9jokkO,5.63500495291947,14.300715759820806,7.082436499229299
1023900,pkIXjRx/GPQ7xU8jFREUciKuOOpE49JbzwnpK09gSCfOCzEIWT0oYHUYhI9jokkO,5.695285701965581,60.18417210111997,14.666797803779822
1024200,pkIXjRx/GPQ7xU8jFREUciKuOOpE49JbzwnpK09gSCfOCzEIWT0oYHUYhI9jokkO,5.536348730293964,15.715171833088071,7.853344319289714
1024500,pkIXjRx/GPQ7xU8jFREUciKuOOpE49JbzwnpK09gSCfOCzEIWT0oYHUYhI9jokkO,5.566420208221241,9.95200643854667,6.658569642608856
1024800,pkIXjRx/GPQ7xU8jFREUciKuOOpE49JbzwnpK09gSCfOCzEIWT0oYHUYhI9jokkO,6.338325722086817,10.661515300853752,7.417064990031997
1025100,pkIXjRx/GPQ7xU8jFREUciKuOOpE49JbzwnpK09gSCfOCzEIWT0oYHUYhI9jokkO,5.531347906762525,56.81329829280914,14.34243170563677
1025400,pkIXjRx/GPQ7xU8jFREUciKuOOpE49JbzwnpK09gSCfOCzEIWT0oYHUYhI9jokkO,5.623883319738986,16.28938363724796,8.22199111405013
1025700,pkIXjRx/GPQ7xU8jFREUciKuOOpE49JbzwnpK09gSCfOCzEIWT0oYHUYhI9jokkO,6.128615749264973,14.37526782529238,10.078400505559369
1026000,pkIXjRx/GPQ7xU8jFREUciKuOOpE49JbzwnpK09gSCfOCzEIWT0oYHUYhI9jokkO,11.067001461930255,18.438106634617675,13.121405681451392
1026300,pkIXjRx/GPQ7xU8jFREUciKuOOpE49JbzwnpK09gSCfOCzEIWT0oYHUYhI9jokkO,5.665657166314415,46.900206363284255,15.34684318718518
1026600,pkIXjRx/GPQ7xU8jFREUciKuOOpE49JbzwnpK09gSCfOCzEIWT0oYHUYhI9jokkO,6.252913125954734,27.27339851547667,9.717407495713022
1026900,pkIXjRx/GPQ7xU8jFREUciKuOOpE49JbzwnpK09gSCfOCzEIWT0oYHUYhI9jokkO,5.932169000821217,12.859307593647166,7.56348270497072
1027200,pkIXjRx/GPQ7xU8jFREUciKuOOpE49JbzwnpK09gSCfOCzEIWT0oYHUYhI9jokkO,5.738073413735622,13.482649401606032,7.58469110709915
1027500,pkIXjRx/GPQ7xU8jFREUciKuOOpE49JbzwnpK09gSCfOCzEIWT0oYHUYhI9jokkO,5.963345166123394,44.55684382845022,13.329271693239088
1027800,pkIXjRx/GPQ7xU8jFREUciKuOOpE49JbzwnpK09gSCfOCzEIWT0oYHUYhI9jokkO,5.846022100638156,27.974025529689584,9.426855970778854
1028100,pkIXjRx/GPQ7xU8jFREUciKuOOpE49JbzwnpK09gSCfOCzEIWT0oYHUYhI9jokkO,5.75182945081742,7.989591979164936,6.473055703529879
1028400,pkIXjRx/GPQ7xU8jFREUciKuOOpE49JbzwnpK09gSCfOCzEIWT0oYHUYhI9jokkO,6.151290491654865,13.165855030241689,7.770110498154349
1028700,pkIXjRx/GPQ7xU8jFREUciKuOOpE49JbzwnpK09gSCfOCzEIWT0oYHUYhI9jokkO,6.001637868665888,42.06560137410995,12.976829236800556
1029000,pkIXjRx/GPQ7xU8jFREUciKuOOpE49JbzwnpK09gSCfOCzEIWT0oYHUYhI9jokkO,5.797519074490735,30.173370144406007,9.631353447158933
1029300,pkIXjRx/GPQ7xU8jFREUciKuOOpE49JbzwnpK09gSCfOCzEIWT0oYHUYhI9jokkO,6.088452409658163,7.69065485619523,6.697168665634711
1029600,pkIXjRx/GPQ7xU8jFREUciKuOOpE49JbzwnpK09gSCfOCzEIWT0oYHUYhI9jokkO,6.007150814431248,12.785067439693613,7.551474505872767
1029900,pkIXjRx/GPQ7xU8jFREUciKuOOpE49JbzwnpK09gSCfOCzEIWT0oYHUYhI9jokkO,5.846228400247758,35.483449376077346,12.249468912386536
1030200,pkIXjRx/GPQ7xU8jFREUciKuOOpE49JbzwnpK09gSCfOCzEIWT0oYHUYhI9jokkO,6.181067829358072,38.49436410244823,10.948631592266397
1030500,pkIXjRx/GPQ7xU8jFREUciKuOOpE49JbzwnpK09gSCfOCzEIWT0oYHUYhI9jokkO,5.892789693963765,11.253096095389164,7.361618244563793
1030800,pkIXjRx/GPQ7xU8jFREUciKuOOpE49JbzwnpK09gSCfOCzEIWT0oYHUYhI9jokkO,5.822423451904644,13.016302583924874,7.446923829617501
1031100,pkIXjRx/GPQ7xU8jFREUciKuOOpE49JbzwnpK09gSCfOCzEIWT0oYHUYhI9jokkO,5.932108134513865,35.8077298885398,12.299404794504998
1031400,pkIXjRx/GPQ7xU8jFREUciKuOOpE49JbzwnpK09gSCfOCzEIWT0oYHUYhI9jokkO,5.951318438937536,38.33916201232808,10.694567191982932
1031700,pkIXjRx/GPQ7xU8jFREUciKuOOpE49JbzwnpK09gSCfOCzEIWT0oYHUYhI9jokkO,5.732575230916636,7.307339543320931,6.3207793652793915
1032000,pkIXjRx/GPQ7xU8jFREUciKuOOpE49JbzwnpK09gSCfOCzEIWT0oYHUYhI9jokkO,5.68780615662833,12.705338504930925,7.531037652954898
1032300,pkIXjRx/GPQ7xU8jFREUciKuOOpE49JbzwnpK09gSCfOCzEIWT0oYHUYhI9jokkO,5.424496866052875,33.33827691594664,11.809731858689426
1032600,pkIXjRx/GPQ7xU8jFREUciKuOOpE49JbzwnpK09gSCfOCzEIWT0oYHUYhI9jokkO,5.597077849031452,33.497467672377525,10.27988050550413
1032900,pkIXjRx/GPQ7xU8jFREUciKuOOpE49JbzwnpK09gSCfOCzEIWT0oYHUYhI9jokkO,5.610680354487601,7.682119251071389,6.441363387485257
1033200,pkIXjRx/GPQ7xU8jFREUciKuOOpE49JbzwnpK09gSCfOCzEIWT0oYHUYhI9jokkO,5.636759646638275,10.996387762725227,7.289675659221386
1033500,pkIXjRx/GPQ7xU8jFREUciKuOOpE49JbzwnpK09gSCfOCzEIWT0oYHUYhI9jokkO,5.613785689266694,35.433120732421344,10.974250075614783
1033800,pkIXjRx/GPQ7xU8jFREUciKuOOpE49JbzwnpK09gSCfOCzEIWT0oYHUYhI9jokkO,5.997075527011368,42.9791558578929,11.605742872421803
1034100,pkIXjRx/GPQ7xU8jFREUciKuOOpE49JbzwnpK09gSCfOCzEIWT0oYHUYhI9jokkO,5.631023589362191,10.373015735742786,7.188854176726372
1034400,pkIXjRx/GPQ7xU8jFREUciKuOOpE49JbzwnpK09gSCfOCzEIWT0oYHUYhI9jokkO,5.7071772011603255,13.734133480396286,7.3272045257048815
1034700,pkIXjRx/GPQ7xU8jFREUciKuOOpE49JbzwnpK09gSCfOCzEIWT0oYHUYhI9jokkO,5.882955511434951,27.08420665565361,10.6941034748108
1035000,pkIXjRx/GPQ7xU8jFREUciKuOOpE49JbzwnpK09gSCfOCzEIWT0oYHUYhI9jokkO,5.746587364356993,48.0345346322296,14.293213543061633
1035300,pkIXjRx/GPQ7xU8jFREUciKuOOpE49JbzwnpK09gSCfOCzEIWT0oYHUYhI9jokkO,5.665168493890539,87.55629114641472,14.779175561209158
1035600,pkIXjRx/GPQ7xU8jFREUciKuOOpE49JbzwnpK09gSCfOCzEIWT0oYHUYhI9jokkO,5.681843599752055,14.735515259249322,7.6088520349752
1035900,pkIXjRx/GPQ7xU8jFREUciKuOOpE49JbzwnpK09gSCfOCzEIWT0oYHUYhI9jokkO,5.738924180904162,35.337433868075294,9.729582043847095
1036200,pkIXjRx/GPQ7xU8jFREUciKuOOpE49JbzwnpK09gSCfOCzEIWT0oYHUYhI9jokkO,5.907632009533591,57.68473393649273,12.881998937727722
1036500,pkIXjRx/GPQ7xU8jFREUciKuOOpE49JbzwnpK09gSCfOCzEIWT0oYHUYhI9jokkO,6.017157423257804,8.052169066869425,6.722992622241086
1036800,pkIXjRx/GPQ7xU8jFREUciKuOOpE49JbzwnpK09gSCfOCzEIWT0oYHUYhI9jokkO,5.891085746875976,14.593341360095597,7.649389163709937
1037100,pkIXjRx/GPQ7xU8jFREUciKuOOpE49JbzwnpK09gSCfOCzEIWT0oYHUYhI9jokkO,5.7332818038947355,31.67198500477638,9.83853744527091
1037400,pkIXjRx/GPQ7xU8jFREUciKuOOpE49JbzwnpK09gSCfOCzEIWT0oYHUYhI9jokkO,6.274464370824446,57.63544351366833,13.385322352752349
1037700,pkIXjRx/GPQ7xU8jFREUciKuOOpE49JbzwnpK09gSCfOCzEIWT0oYHUYhI9jokkO,5.668904182022056,12.513161703968652,7.746869908488816
1038000,pkIXjRx/GPQ7xU8jFREUciKuOOpE49JbzwnpK09gSCfOCzEIWT0oYHUYhI9jokkO,5.741228613912168,21.62508638575011,9.580640736060042
1038300,pkIXjRx/GPQ7xU8jFREUciKuOOpE49JbzwnpK09gSCfOCzEIWT0oYHUYhI9jokkO,6.080307496779914,34.81333858323654,12.801630249669952
1038600,pkIXjRx/GPQ7xU8jFREUciKuOOpE49JbzwnpK09gSCfOCzEIWT0oYHUYhI9jokkO,5.8981713688609,58.570216083306335,12.948141447843875
1038900,pkIXjRx/GPQ7xU8jFREUciKuOOpE49JbzwnpK09gSCfOCzEIWT0oYHUYhI9jokkO,5.501114144156584,8.002211983081754,6.374289579672801
1039200,pkIXjRx/GPQ7xU8jFREUciKuOOpE49JbzwnpK09gSCfOCzEIWT0oYHUYhI9jokkO,5.83571983482172,14.628119671017746,7.928829228575775
1039500,pkIXjRx/GPQ7xU8jFREUciKuOOpE49JbzwnpK09gSCfOCzEIWT0oYHUYhI9jokkO,5.891113575156536,38.18935409974095,9.757086443778348
1039800,pkIXjRx/GPQ7xU8jFREUciKuOOpE49JbzwnpK09gSCfOCzEIWT0oYHUYhI9jokkO,5.957927759831705,61.95279031596168,13.298933937386591
1040100,pkIXjRx/GPQ7xU8jFREUciKuOOpE49JbzwnpK09gSCfOCzEIWT0oYHUYhI9jokkO,5.642465629909985,8.759771538363676,7.079610066771261
1040400,pkIXjRx/GPQ7xU8jFREUciKuOOpE49JbzwnpK09gSCfOCzEIWT0oYHUYhI9jokkO,5.8631865651670685,14.381532072292876,8.352460132962054
1040700,pkIXjRx/GPQ7xU8jFREUciKuOOpE49JbzwnpK09gSCfOCzEIWT0oYHUYhI9jokkO,5.94745333871906,30.205920993348656,10.56025518304115
1041000,pkIXjRx/GPQ7xU8jFREUciKuOOpE49JbzwnpK09gSCfOCzEIWT0oYHUYhI9jokkO,5.95305016335301,62.138996517833554,13.672528956898892
1041300,pkIXjRx/GPQ7xU8jFREUciKuOOpE49JbzwnpK09gSCfOCzEIWT0oYHUYhI9jokkO,5.237303259761139,8.006993074523601,6.624377853525234
1041600,pkIXjRx/GPQ7xU8jFREUciKuOOpE49JbzwnpK09gSCfOCzEIWT0oYHUYhI9jokkO,5.6205165123680345,10.937462110129545,8.003524022372654
1041900,pkIXjRx/GPQ7xU8jFREUciKuOOpE49JbzwnpK09gSCfOCzEIWT0oYHUYhI9jokkO,5.408460524217965,24.95165143132737,9.38508850405108
1042200,pkIXjRx/GPQ7xU8jFREUciKuOOpE49JbzwnpK09gSCfOCzEIWT0oYHUYhI9jokkO,5.730022313848704,62.043500357755846,13.968522991435549
1042500,pkIXjRx/GPQ7xU8jFREUciKuOOpE49JbzwnpK09gSCfOCzEIWT0oYHUYhI9jokkO,5.650016214954072,7.8947057963803235,6.41953438939819
1042800,pkIXjRx/GPQ7xU8jFREUciKuOOpE49JbzwnpK09gSCfOCzEIWT0oYHUYhI9jokkO,5.618731163080291,13.044840024840536,7.495313418144305
1043100,pkIXjRx/GPQ7xU8jFREUciKuOOpE49JbzwnpK09gSCfOCzEIWT0oYHUYhI9jokkO,5.453110540982296,30.77273936613672,9.27231771195636
1043400,pkIXjRx/GPQ7xU8jFREUciKuOOpE49JbzwnpK09gSCfOCzEIWT0oYHUYhI9jokkO,5.749306252909984,63.14776254216084,14.983623218287558
1043700,pkIXjRx/GPQ7xU8jFREUciKuOOpE49JbzwnpK09gSCfOCzEIWT0oYHUYhI9jokkO,5.355572479423072,8.086852994677614,6.568867354113468
1044000,pkIXjRx/GPQ7xU8jFREUciKuOOpE49JbzwnpK09gSCfOCzEIWT0oYHUYhI9jokkO,5.380431523045608,12.728555183680358,7.364832870818922
1044300,pkIXjRx/GPQ7xU8jFREUciKuOOpE49JbzwnpK09gSCfOCzEIWT0oYHUYhI9jokkO,5.391998999025104,28.86032402300112,9.282463418801717
1044600,pkIXjRx/GPQ7xU8jFREUciKuOOpE49JbzwnpK09gSCfOCzEIWT0oYHUYhI9jokkO,5.994727901428848,62.183552789116725,13.427723348585904
1044900,pkIXjRx/GPQ7xU8jFREUciKuOOpE49JbzwnpK09gSCfOCzEIWT0oYHUYhI9jokkO,5.709615235483494,7.8230387612767505,6.647490863006554
1045200,pkIXjRx/GPQ7xU8jFREUciKuOOpE49JbzwnpK09gSCfOCzEIWT0oYHUYhI9jokkO,5.90781863993569,13.923913322333563,8.41004087116238
1045500,pkIXjRx/GPQ7xU8jFREUciKuOOpE49JbzwnpK09gSCfOCzEIWT0oYHUYhI9jokkO,5.781322486429953,36.68034017002628,9.73865766801011
1045800,pkIXjRx/GPQ7xU8jFREUciKuOOpE49JbzwnpK09gSCfOCzEIWT0oYHUYhI9jokkO,6.1280281505739485,62.8422036867748,14.387456643044713
1046100,pkIXjRx/GPQ7xU8jFREUciKuOOpE49JbzwnpK09gSCfOCzEIWT0oYHUYhI9jokkO,5.819138280043629,7.607064518784963,6.610036595495824
1046400,pkIXjRx/GPQ7xU8jFREUciKuOOpE49JbzwnpK09gSCfOCzEIWT0oYHUYhI9jokkO,5.901739386851479,13.932674277293218,7.838926434500358
1046700,pkIXjRx/GPQ7xU8jFREUciKuOOpE49JbzwnpK09gSCfOCzEIWT0oYHUYhI9jokkO,5.784093434269538,35.81337694069512,9.408545997218509
1047000,pkIXjRx/GPQ7xU8jFREUciKuOOpE49JbzwnpK09gSCfOCzEIWT0oYHUYhI9jokkO,5.961783463011686,62.229873669862464,13.485170381896324
1047300,pkIXjRx/GPQ7xU8jFREUciKuOOpE49JbzwnpK09gSCfOCzEIWT0oYHUYhI9jokkO,5.701543445279634,8.393150908286703,6.889697145090365
1047600,pkIXjRx/GPQ7xU8jFREUciKuOOpE49JbzwnpK09gSCfOCzEIWT0oYHUYhI9jokkO,5.980029331447873,13.733648807034465,7.664547150204351
1047900,pkIXjRx/GPQ7xU8jFREUciKuOOpE49JbzwnpK09gSCfOCzEIWT0oYHUYhI9jokkO,5.928650177867878,30.83286831602537,9.424746218875447
1048200,pkIXjRx/GPQ7xU8jFREUciKuOOpE49JbzwnpK09gSCfOCzEIWT0oYHUYhI9jokkO,6.209009248861712,59.77973286556083,13.612468398213204
1048500,pkIXjRx/GPQ7xU8jFREUciKuOOpE49JbzwnpK09gSCfOCzEIWT0oYHUYhI9jokkO,6.069898697775993,7.999034083789361,6.828517037856906
1048800,pkIXjRx/GPQ7xU8jFREUciKuOOpE49JbzwnpK09gSCfOCzEIWT0oYHUYhI9jokkO,6.027163508012121,15.422750907604868,8.576128530815833
1049100,pkIXjRx/GPQ7xU8jFREUciKuOOpE49JbzwnpK09gSCfOCzEIWT0oYHUYhI9jokkO,5.838465696593076,34.232704356961854,9.672435756320391
1049400,pkIXjRx/GPQ7xU8jFREUciKuOOpE49JbzwnpK09gSCfOCzEIWT0oYHUYhI9jokkO,6.198740838578141,59.70765009519804,13.50649493354156
1049700,pkIXjRx/GPQ7xU8jFREUciKuOOpE49JbzwnpK09gSCfOCzEIWT0oYHUYhI9jokkO,5.939503459770779,9.349033729505496,6.694148265091007
1050000,pkIXjRx/GPQ7xU8jFREUciKuOOpE49JbzwnpK09gSCfOCzEIWT0oYHUYhI9jokkO,6.167906540321873,12.955862805340658,7.990711883553373
1050300,pkIXjRx/GPQ7xU8jFREUciKuOOpE49JbzwnpK09gSCfOCzEIWT0oYHUYhI9jokkO,5.730217735924633,34.51212690705006,9.522510562343003
1050600,pkIXjRx/GPQ7xU8jFREUciKuOOpE49JbzwnpK09gSCfOCzEIWT0oYHUYhI9jokkO,6.175194020856297,57.59583869783002,13.348281913172167
1050900,pkIXjRx/GPQ7xU8jFREUciKuOOpE49JbzwnpK09gSCfOCzEIWT0oYHUYhI9jokkO,5.670840501471929,8.958741895260408,6.82319930733715
1051200,pkIXjRx/GPQ7xU8jFREUciKuOOpE49JbzwnpK09gSCfOCzEIWT0oYHUYhI9jokkO,6.039668338122414,12.686465130151962,7.688283689654685
1051500,pkIXjRx/GPQ7xU8jFREUciKuOOpE49JbzwnpK09gSCfOCzEIWT0oYHUYhI9jokkO,5.834322092679769,36.4149737161366,9.432448374595044
1051800,pkIXjRx/GPQ7xU8jFREUciKuOOpE49JbzwnpK09gSCfOCzEIWT0oYHUYhI9jokkO,6.553035463836283,57.56584631943952,13.69101507554856
1052100,pkIXjRx/GPQ7xU8jFREUciKuOOpE49JbzwnpK09gSCfOCzEIWT0oYHUYhI9jokkO,5.787087420222999,9.165956999151057,6.862781621147953
1052400,pkIXjRx/GPQ7xU8jFREUciKuOOpE49JbzwnpK09gSCfOCzEIWT0oYHUYhI9jokkO,5.641098110983761,13.117191092109955,8.521805091733857
1052700,pkIXjRx/GPQ7xU8jFREUciKuOOpE49JbzwnpK09gSCfOCzEIWT0oYHUYhI9jokkO,5.948014924445332,32.95375918018211,9.83896066393057
1053000,pkIXjRx/GPQ7xU8jFREUciKuOOpE49JbzwnpK09gSCfOCzEIWT0oYHUYhI9jokkO,6.24854819566454,55.97871579310584,13.403208609885402
1053300,pkIXjRx/GPQ7xU8jFREUciKuOOpE49JbzwnpK09gSCfOCzEIWT0oYHUYhI9jokkO,5.561811522719271,8.96642523282685,6.626343966797019
1053600,pkIXjRx/GPQ7xU8jFREUciKuOOpE49JbzwnpK09gSCfOCzEIWT0oYHUYhI9jokkO,6.010931611987286,12.839918401895083,7.930617669423302
1053900,pkIXjRx/GPQ7xU8jFREUciKuOOpE49JbzwnpK09gSCfOCzEIWT0oYHUYhI9jokkO,5.709047885814558,34.72520338410846,9.619772136069324
1054200,pkIXjRx/GPQ7xU8jFREUciKuOOpE49JbzwnpK09gSCfOCzEIWT0oYHUYhI9jokkO,6.22218080065676,53.58191819662497,14.059699347941834
1054500,pkIXjRx/GPQ7xU8jFREUciKuOOpE49JbzwnpK09gSCfOCzEIWT0oYHUYhI9jokkO,5.564239806246062,8.749780932017021,6.887780572283642
1054800,pkIXjRx/GPQ7xU8jFREUciKuOOpE49JbzwnpK09gSCfOCzEIWT0oYHUYhI9jokkO,5.645161814319305,12.73225566597584,7.55140408440211
1055100,pkIXjRx/GPQ7xU8jFREUciKuOOpE49JbzwnpK09gSCfOCzEIWT0oYHUYhI9jokkO,5.637103310929846,36.29500033414989,13.814051603482191
1055400,pkIXjRx/GPQ7xU8jFREUciKuOOpE49JbzwnpK09gSCfOCzEIWT0oYHUYhI9jokkO,13.105829468712056,58.92387260509004,20.676737131711903
1055700,pkIXjRx/GPQ7xU8jFREUciKuOOpE49JbzwnpK09gSCfOCzEIWT0oYHUYhI9jokkO,6.151993688299696,17.2566791424534,8.947343762608284
1056000,pkIXjRx/GPQ7xU8jFREUciKuOOpE49JbzwnpK09gSCfOCzEIWT0oYHUYhI9jokkO,5.792047145297987,17.625985810911047,8.238372036798335
1056300,pkIXjRx/GPQ7xU8jFREUciKuOOpE49JbzwnpK09gSCfOCzEIWT0oYHUYhI9jokkO,5.567155787816217,36.12124547120733,9.456512133860016
1056600,pkIXjRx/GPQ7xU8jFREUciKuOOpE49JbzwnpK09gSCfOCzEIWT0oYHUYhI9jokkO,6.350628154293167,51.486404359939726,13.453108511426246
1056900,pkIXjRx/GPQ7xU8jFREUciKuOOpE49JbzwnpK09gSCfOCzEIWT0oYHUYhI9jokkO,5.80511344671296,9.744449601687037,6.7949971409254815
1057200,pkIXjRx/GPQ7xU8jFREUciKuOOpE49JbzwnpK09gSCfOCzEIWT0oYHUYhI9jokkO,5.849028451707232,13.127700883678584,7.828564948254064
1057500,pkIXjRx/GPQ7xU8jFREUciKuOOpE49JbzwnpK09gSCfOCzEIWT0oYHUYhI9jokkO,5.593987077080433,34.94084832714753,9.490643462040365
1057800,pkIXjRx/GPQ7xU8jFREUciKuOOpE49JbzwnpK09gSCfOCzEIWT0oYHUYhI9jokkO,6.2698392148188695,50.13608206875176,13.740190524792553
1058100,pkIXjRx/GPQ7xU8jFREUciKuOOpE49JbzwnpK09gSCfOCzEIWT0oYHUYhI9jokkO,5.796780375268673,9.467559144198308,6.9205116897817085
1058400,pkIXjRx/GPQ7xU8jFREUciKuOOpE49JbzwnpK09gSCfOCzEIWT0oYHUYhI9jokkO,5.924788185881045,13.20418716587338,7.812917906634967
1058700,pkIXjRx/GPQ7xU8jFREUciKuOOpE49JbzwnpK09gSCfOCzEIWT0oYHUYhI9jokkO,5.73400143021019,34.69947859204893,9.569990088683989
1059000,pkIXjRx/GPQ7xU8jFREUciKuOOpE49JbzwnpK09gSCfOCzEIWT0oYHUYhI9jokkO,5.929274798469485,38.56523506266733,13.613848371290564
1059300,pkIXjRx/GPQ7xU8jFREUciKuOOpE49JbzwnpK09gSCfOCzEIWT0oYHUYhI9jokkO,5.7366058222199685,10.036182035286632,6.953987274068825
1059600,pkIXjRx/GPQ7xU8jFREUciKuOOpE49JbzwnpK09gSCfOCzEIWT0oYHUYhI9jokkO,5.859839391831796,16.208098593705714,8.562648974309592
1059900,pkIXjRx/GPQ7xU8jFREUciKuOOpE49JbzwnpK09gSCfOCzEIWT0oYHUYhI9jokkO,5.92642300164392,36.535462808756606,9.683810451518848
1060200,pkIXjRx/GPQ7xU8jFREUciKuOOpE49JbzwnpK09gSCfOCzEIWT0oYHUYhI9jokkO,5.943856408067168,38.7723480253988,13.564951745797329
1060500,pkIXjRx/GPQ7xU8jFREUciKuOOpE49JbzwnpK09gSCfOCzEIWT0oYHUYhI9jokkO,5.8812707473706585,9.608503195471414,6.753820109127098
1060800,pkIXjRx/GPQ7xU8jFREUciKuOOpE49JbzwnpK09gSCfOCzEIWT0oYHUYhI9jokkO,5.930524058454232,13.291088399744886,7.896238309732388
1061100,pkIXjRx/GPQ7xU8jFREUciKuOOpE49JbzwnpK09gSCfOCzEIWT0oYHUYhI9jokkO,5.755881904973177,37.29611533444078,9.64614995876682
1061400,pkIXjRx/GPQ7xU8jFREUciKuOOpE49JbzwnpK09gSCfOCzEIWT0oYHUYhI9jokkO,5.83051052394663,35.832996041064874,13.412580031780177
1061700,pkIXjRx/GPQ7xU8jFREUciKuOOpE49JbzwnpK09gSCfOCzEIWT0oYHUYhI9jokkO,6.0386714668572905,9.692449548265936,6.9030467824408905
1062000,pkIXjRx/GPQ7xU8jFREUciKuOOpE49JbzwnpK09gSCfOCzEIWT0oYHUYhI9jokkO,5.69688069683903,13.219192716934415,7.680885574453501
1062300,pkIXjRx/GPQ7xU8jFREUciKuOOpE49JbzwnpK09gSCfOCzEIWT0oYHUYhI9jokkO,5.575186264589788,36.80386526832204,9.341108711409344
1062600,pkIXjRx/GPQ7xU8jFREUciKuOOpE49JbzwnpK09gSCfOCzEIWT0oYHUYhI9jokkO,6.218524259473624,46.46340504079846,13.927906489435172
1062900,pkIXjRx/GPQ7xU8jFREUciKuOOpE49JbzwnpK09gSCfOCzEIWT0oYHUYhI9jokkO,5.6243346775843195,10.219356592654655,6.947221810405872
1063200,pkIXjRx/GPQ7xU8jFREUciKuOOpE49JbzwnpK09gSCfOCzEIWT0oYHUYhI9jokkO,5.543948876027756,13.290380230074463,7.801646404806793
1063500,pkIXjRx/GPQ7xU8jFREUciKuOOpE49JbzwnpK09gSCfOCzEIWT0oYHUYhI9jokkO,5.7787941393125735,37.25915836004176,10.415539131256986
1063800,pkIXjRx/GPQ7xU8jFREUciKuOOpE49JbzwnpK09gSCfOCzEIWT0oYHUYhI9jokkO,5.9648254190340175,52.30214888092901,13.518051622679296
1064100,pkIXjRx/GPQ7xU8jFREUciKuOOpE49JbzwnpK09gSCfOCzEIWT0oYHUYhI9jokkO,5.8768712348728815,9.721704011783649,6.7082043558288476
1064400,pkIXjRx/GPQ7xU8jFREUciKuOOpE49JbzwnpK09gSCfOCzEIWT0oYHUYhI9jokkO,6.088289060277308,13.279675073758757,7.932241134163637
1064700,pkIXjRx/GPQ7xU8jFREUciKuOOpE49JbzwnpK09gSCfOCzEIWT0oYHUYhI9jokkO,5.735516665425395,36.84381176882805,9.509319332982344
1065000,pkIXjRx/GPQ7xU8jFREUciKuOOpE49JbzwnpK09gSCfOCzEIWT0oYHUYhI9jokkO,5.896895196499847,52.53183494026704,13.197528699297337
1065300,pkIXjRx/GPQ7xU8jFREUciKuOOpE49JbzwnpK09gSCfOCzEIWT0oYHUYhI9jokkO,5.70053832882248,9.514431950519656,6.72245576436613
1065600,pkIXjRx/GPQ7xU8jFREUciKuOOpE49JbzwnpK09gSCfOCzEIWT0oYHUYhI9jokkO,5.552403296121983,12.90310824810736,7.48041425087988
1065900,pkIXjRx/GPQ7xU8jFREUciKuOOpE49JbzwnpK09gSCfOCzEIWT0oYHUYhI9jokkO,5.542822767967097,36.36287404639348,9.09873640639542
1066200,pkIXjRx/GPQ7xU8jFREUciKuOOpE49JbzwnpK09gSCfOCzEIWT0oYHUYhI9jokkO,6.001955813598119,54.223447753358805,14.041603365209372
1066500,pkIXjRx/GPQ7xU8jFREUciKuOOpE49JbzwnpK09gSCfOCzEIWT0oYHUYhI9jokkO,5.7560016507443725,9.739547900171557,6.660740077748174
1066800,pkIXjRx/GPQ7xU8jFREUciKuOOpE49JbzwnpK09gSCfOCzEIWT0oYHUYhI9jokkO,5.690728805861841,12.920084784692223,7.479156840549142
1067100,pkIXjRx/GPQ7xU8jFREUciKuOOpE49JbzwnpK09gSCfOCzEIWT0oYHUYhI9jokkO,5.443922337990396,41.17688558900743,10.304406344290962
1067400,pkIXjRx/GPQ7xU8jFREUciKuOOpE49JbzwnpK09gSCfOCzEIWT0oYHUYhI9jokkO,5.939724640325,55.123870947181366,13.242219452140684
1067700,pkIXjRx/GPQ7xU8jFREUciKuOOpE49JbzwnpK09gSCfOCzEIWT0oYHUYhI9jokkO,5.632643184789809,8.524708069068451,6.656087136575694
1068000,pkIXjRx/GPQ7xU8jFREUciKuOOpE49JbzwnpK09gSCfOCzEIWT0oYHUYhI9jokkO,5.9499273491401485,13.529133951857707,7.833852317305853
1068300,pkIXjRx/GPQ7xU8jFREUciKuOOpE49JbzwnpK09gSCfOCzEIWT0oYHUYhI9jokkO,5.850579166550515,35.93895811759733,9.45367510864148
1068600,pkIXjRx/GPQ7xU8jFREUciKuOOpE49JbzwnpK09gSCfOCzEIWT0oYHUYhI9jokkO,6.075218124148757,61.736889803628735,13.332017445046676
1068900,pkIXjRx/GPQ7xU8jFREUciKuOOpE49JbzwnpK09gSCfOCzEIWT0oYHUYhI9jokkO,5.5455922867300975,8.487032003222849,6.732705684758782
1069200,pkIXjRx/GPQ7xU8jFREUciKuOOpE49JbzwnpK09gSCfOCzEIWT0oYHUYhI9jokkO,5.541672086057086,13.560361762979673,7.483932130690674
1069500,pkIXjRx/GPQ7xU8jFREUciKuOOpE49JbzwnpK09gSCfOCzEIWT0oYHUYhI9jokkO,5.725553517475968,36.47034947206102,9.85834077348945
1069800,pkIXjRx/GPQ7xU8jFREUciKuOOpE49JbzwnpK09gSCfOCzEIWT0oYHUYhI9jokkO,6.073399463577543,62.23854119735461,13.696517441039536
1070100,pkIXjRx/GPQ7xU8jFREUciKuOOpE49JbzwnpK09gSCfOCzEIWT0oYHUYhI9jokkO,5.656126583741943,8.874104582474878,6.690995743159608
1070400,pkIXjRx/GPQ7xU8jFREUciKuOOpE49JbzwnpK09gSCfOCzEIWT0oYHUYhI9jokkO,5.558214219983502,12.896565625310965,7.313457637348892
1070700,pkIXjRx/GPQ7xU8jFREUciKuOOpE49JbzwnpK09gSCfOCzEIWT0oYHUYhI9jokkO,5.312452773943684,29.78269225131092,10.216790065638216
1071000,pkIXjRx/GPQ7xU8jFREUciKuOOpE49JbzwnpK09gSCfOCzEIWT0oYHUYhI9jokkO,5.944602086861951,61.895065753547314,13.20547774526212
1071300,pkIXjRx/GPQ7xU8jFREUciKuOOpE49JbzwnpK09gSCfOCzEIWT0oYHUYhI9jokkO,5.640851431237032,9.325351252315441,6.562487415364628
1071600,pkIXjRx/GPQ7xU8jFREUciKuOOpE49JbzwnpK09gSCfOCzEIWT0oYHUYhI9jokkO,5.660429078302276,13.179582289505,7.812095414897223
1071900,pkIXjRx/GPQ7xU8jFREUciKuOOpE49JbzwnpK09gSCfOCzEIWT0oYHUYhI9jokkO,6.07493430830412,26.481737497929668,9.54863812927612
1072200,pkIXjRx/GPQ7xU8jFREUciKuOOpE49JbzwnpK09gSCfOCzEIWT0oYHUYhI9jokkO,6.007181650432794,58.35178528029232,13.42278215906718
1072500,pkIXjRx/GPQ7xU8jFREUciKuOOpE49JbzwnpK09gSCfOCzEIWT0oYHUYhI9jokkO,5.7490556452363535,8.673648808234871,6.825384732943308
1072800,pkIXjRx/GPQ7xU8jFREUciKuOOpE49JbzwnpK09gSCfOCzEIWT0oYHUYhI9jokkO,5.6703768407935335,12.80220980360029,7.5086441379880355
1073100,pkIXjRx/GPQ7xU8jFREUciKuOOpE49JbzwnpK09gSCfOCzEIWT0oYHUYhI9jokkO,5.694469017972689,35.69459134933302,9.351534984739873
1073400,pkIXjRx/GPQ7xU8jFREUciKuOOpE49JbzwnpK09gSCfOCzEIWT0oYHUYhI9jokkO,6.111756612892713,56.69248312793289,13.557482401979533
1073700,pkIXjRx/GPQ7xU8jFREUciKuOOpE49JbzwnpK09gSCfOCzEIWT0oYHUYhI9jokkO,5.7605402750721035,9.012593160655292,6.848831072192917
1074000,pkIXjRx/GPQ7xU8jFREUciKuOOpE49JbzwnpK09gSCfOCzEIWT0oYHUYhI9jokkO,5.795378068119201,12.910986424943658,7.44647885967546
1074300,pkIXjRx/GPQ7xU8jFREUciKuOOpE49JbzwnpK09gSCfOCzEIWT0oYHUYhI9jokkO,6.135197941372755,34.47064244623037,10.522398234581445
1074600,pkIXjRx/GPQ7xU8jFREUciKuOOpE49JbzwnpK09gSCfOCzEIWT0oYHUYhI9jokkO,6.025117709856076,53.83436785828326,13.024290038367829
1074900,pkIXjRx/GPQ7xU8jFREUciKuOOpE49JbzwnpK09gSCfOCzEIWT0oYHUYhI9jokkO,5.653141371095618,10.343173187916817,7.138153032832223
1075200,pkIXjRx/GPQ7xU8jFREUciKuOOpE49JbzwnpK09gSCfOCzEIWT0oYHUYhI9jokkO,5.885998328322579,10.402711746651995,7.285676994179197
1075500,pkIXjRx/GPQ7xU8jFREUciKuOOpE49JbzwnpK09gSCfOCzEIWT0oYHUYhI9jokkO,5.889138966566253,23.31974290790904,10.225966508114308
1075800,pkIXjRx/GPQ7xU8jFREUciKuOOpE49JbzwnpK09gSCfOCzEIWT0oYHUYhI9jokkO,5.869031808900296,52.62583384863915,12.612909438298024
1076100,pkIXjRx/GPQ7xU8jFREUciKuOOpE49JbzwnpK09gSCfOCzEIWT0oYHUYhI9jokkO,5.795171594207058,12.963211994459837,7.518001896338865
1076400,pkIXjRx/GPQ7xU8jFREUciKuOOpE49JbzwnpK09gSCfOCzEIWT0oYHUYhI9jokkO,5.5674713063033305,9.780457148301915,6.7220804167520924
1076700,pkIXjRx/GPQ7xU8jFREUciKuOOpE49JbzwnpK09gSCfOCzEIWT0oYHUYhI9jokkO,5.785874319764353,36.01519601732442,9.938267685403932
1077000,pkIXjRx/GPQ7xU8jFREUciKuOOpE49JbzwnpK09gSCfOCzEIWT0oYHUYhI9jokkO,5.683476089191108,52.32055945222791,12.621339481801906
1077300,pkIXjRx/GPQ7xU8jFREUciKuOOpE49JbzwnpK09gSCfOCzEIWT0oYHUYhI9jokkO,5.820902339135133,12.610755551254428,7.329189860600531
1077600,pkIXjRx/GPQ7xU8jFREUciKuOOpE49JbzwnpK09gSCfOCzEIWT0oYHUYhI9jokkO,5.265643081337318,9.887787419585726,6.661032357686572
1077900,pkIXjRx/GPQ7xU8jFREUciKuOOpE49JbzwnpK09gSCfOCzEIWT0oYHUYhI9jokkO,5.839081518758617,26.745665830760384,10.771756717226584
1078200,pkIXjRx/GPQ7xU8jFREUciKuOOpE49JbzwnpK09gSCfOCzEIWT0oYHUYhI9jokkO,5.480108660507755,49.10727958639948,12.695373158856343
1078500,pkIXjRx/GPQ7xU8jFREUciKuOOpE49JbzwnpK09gSCfOCzEIWT0oYHUYhI9jokkO,5.625100108422022,12.477013754430532,7.063294951625212
1078800,pkIXjRx/GPQ7xU8jFREUciKuOOpE49JbzwnpK09gSCfOCzEIWT0oYHUYhI9jokkO,5.69575920501372,9.886522113810631,6.9242676431948125
1079100,pkIXjRx/GPQ7xU8jFREUciKuOOpE49JbzwnpK09gSCfOCzEIWT0oYHUYhI9jokkO,5.469254307645197,36.31613669661965,9.937710881332649
1079400,pkIXjRx/GPQ7xU8jFREUciKuOOpE49JbzwnpK09gSCfOCzEIWT0oYHUYhI9jokkO,5.656321771902993,48.03320683905628,12.412846236505493
1079700,pkIXjRx/GPQ7xU8jFREUciKuOOpE49JbzwnpK09gSCfOCzEIWT0oYHUYhI9jokkO,6.024392788485769,12.721406860541885,7.516179795048248
1080000,pkIXjRx/GPQ7xU8jFREUciKuOOpE49JbzwnpK09gSCfOCzEIWT0oYHUYhI9jokkO,5.766215384104616,9.516552400644771,6.858777121910499
1080300,pkIXjRx/GPQ7xU8jFREUciKuOOpE49JbzwnpK09gSCfOCzEIWT0oYHUYhI9jokkO,5.9609401655507135,36.63328027054636,10.069967421031308
1080600,pkIXjRx/GPQ7xU8jFREUciKuOOpE49JbzwnpK09gSCfOCzEIWT0oYHUYhI9jokkO,5.952146900327398,48.13691829523163,13.44067189054114
1080900,pkIXjRx/GPQ7xU8jFREUciKuOOpE49JbzwnpK09gSCfOCzEIWT0oYHUYhI9jokkO,6.10543934262782,12.685158211877576,7.587824722975857
1081200,pkIXjRx/GPQ7xU8jFREUciKuOOpE49JbzwnpK09gSCfOCzEIWT0oYHUYhI9jokkO,5.78698543554019,9.973289510993146,6.8796622218865275
1081500,pkIXjRx/GPQ7xU8jFREUciKuOOpE49JbzwnpK09gSCfOCzEIWT0oYHUYhI9jokkO,5.94833516897662,25.08959947946699,10.870606817353623
1081800,pkIXjRx/GPQ7xU8jFREUciKuOOpE49JbzwnpK09gSCfOCzEIWT0oYHUYhI9jokkO,5.978824031466464,45.4442313927666,13.215400525432894
1082100,pkIXjRx/GPQ7xU8jFREUciKuOOpE49JbzwnpK09gSCfOCzEIWT0oYHUYhI9jokkO,5.825436848668955,12.456772735792972,7.299007164118063
1082400,pkIXjRx/GPQ7xU8jFREUciKuOOpE49JbzwnpK09gSCfOCzEIWT0oYHUYhI9jokkO,5.715019642597777,10.297985127115933,7.082636118572166
1082700,pkIXjRx/GPQ7xU8jFREUciKuOOpE49JbzwnpK09gSCfOCzEIWT0oYHUYhI9jokkO,6.0944712977724125,28.392949501068266,10.303096443216312
1083000,pkIXjRx/GPQ7xU8jFREUciKuOOpE49JbzwnpK09gSCfOCzEIWT0oYHUYhI9jokkO,5.654513942095936,42.846364773760655,12.586400291224347
1083300,pkIXjRx/GPQ7xU8jFREUciKuOOpE49JbzwnpK09gSCfOCzEIWT0oYHUYhI9jokkO,6.53606634986687,10.996168402134604,7.807267862271555
1083600,pkIXjRx/GPQ7xU8jFREUciKuOOpE49JbzwnpK09gSCfOCzEIWT0oYHUYhI9jokkO,5.76328081999038,9.630779041638831,6.802747557325789
1083900,pkIXjRx/GPQ7xU8jFREUciKuOOpE49JbzwnpK09gSCfOCzEIWT0oYHUYhI9jokkO,5.548591493436048,23.60060308445335,9.975779256716592
1084200,pkIXjRx/GPQ7xU8jFREUciKuOOpE49JbzwnpK09gSCfOCzEIWT0oYHUYhI9jokkO,5.776163212566456,42.485118885916485,12.748501706806364
1084500,pkIXjRx/GPQ7xU8jFREUciKuOOpE49JbzwnpK09gSCfOCzEIWT0oYHUYhI9jokkO,5.501840930145119,15.334351539908331,12.001364454194764
1084800,pkIXjRx/GPQ7xU8jFREUciKuOOpE49JbzwnpK09gSCfOCzEIWT0oYHUYhI9jokkO,10.88172921753058,14.49197891644163,12.129030754494044
1085100,pkIXjRx/GPQ7xU8jFREUciKuOOpE49JbzwnpK09gSCfOCzEIWT0oYHUYhI9jokkO,6.116694151827532,35.509215923053404,11.089719437624256
1085400,pkIXjRx/GPQ7xU8jFREUciKuOOpE49JbzwnpK09gSCfOCzEIWT0oYHUYhI9jokkO,5.922877773176763,45.28929640931388,13.362804700002275
1085700,pkIXjRx/GPQ7xU8jFREUciKuOOpE49JbzwnpK09gSCfOCzEIWT0oYHUYhI9jokkO,5.681854962590555,13.218053996689676,7.388205792399966
1086000,pkIXjRx/GPQ7xU8jFREUciKuOOpE49JbzwnpK09gSCfOCzEIWT0oYHUYhI9jokkO,5.877288373337256,8.573092519612182,6.7852870760450985
1086300,pkIXjRx/GPQ7xU8jFREUciKuOOpE49JbzwnpK09gSCfOCzEIWT0oYHUYhI9jokkO,5.935431705396636,36.6614703108621,10.377407783030966
1086600,pkIXjRx/GPQ7xU8jFREUciKuOOpE49JbzwnpK09gSCfOCzEIWT0oYHUYhI9jokkO,5.702858510468846,40.40796087101576,12.163273261006012
1086900,pkIXjRx/GPQ7xU8jFREUciKuOOpE49JbzwnpK09gSCfOCzEIWT0oYHUYhI9jokkO,6.180408874860474,13.715587196874605,7.833645323893408
1087200,pkIXjRx/GPQ7xU8jFREUciKuOOpE49JbzwnpK09gSCfOCzEIWT0oYHUYhI9jokkO,5.6307328130456495,7.560298623155795,6.479510651564
1087500,pkIXjRx/GPQ7xU8jFREUciKuOOpE49JbzwnpK09gSCfOCzEIWT0oYHUYhI9jokkO,6.095471019669834,33.74422353838651,10.382002996854045
1087800,pkIXjRx/GPQ7xU8jFREUciKuOOpE49JbzwnpK09gSCfOCzEIWT0oYHUYhI9jokkO,5.846921571449204,38.57845425397896,12.434777975039069
1088100,pkIXjRx/GPQ7xU8jFREUciKuOOpE49JbzwnpK09gSCfOCzEIWT0oYHUYhI9jokkO,5.92991583783981,13.055069446876717,7.778478187820775
1088400,pkIXjRx/GPQ7xU8jFREUciKuOOpE49JbzwnpK09gSCfOCzEIWT0oYHUYhI9jokkO,5.60285931469176,7.760895425793952,6.513769817121171
1088700,pkIXjRx/GPQ7xU8jFREUciKuOOpE49JbzwnpK09gSCfOCzEIWT0oYHUYhI9jokkO,6.2278330080885596,36.1378924789331,10.739133897080292
1089000,pkIXjRx/GPQ7xU8jFREUciKuOOpE49JbzwnpK09gSCfOCzEIWT0oYHUYhI9jokkO,5.868064848804635,36.97709289415494,13.018092581876322
1089300,pkIXjRx/GPQ7xU8jFREUciKuOOpE49JbzwnpK09gSCfOCzEIWT0oYHUYhI9jokkO,6.030555061195223,13.028391534461909,7.655138513121845
1089600,pkIXjRx/GPQ7xU8jFREUciKuOOpE49JbzwnpK09gSCfOCzEIWT0oYHUYhI9jokkO,5.992937446482195,7.810924736645549,6.838801386310843
1089900,pkIXjRx/GPQ7xU8jFREUciKuOOpE49JbzwnpK09gSCfOCzEIWT0oYHUYhI9jokkO,6.020488525229295,35.29699364739578,10.529282422648592
1090200,pkIXjRx/GPQ7xU8jFREUciKuOOpE49JbzwnpK09gSCfOCzEIWT0oYHUYhI9jokkO,5.855193782363611,40.25184627216416,12.908328057792495
1090500,pkIXjRx/GPQ7xU8jFREUciKuOOpE49JbzwnpK09gSCfOCzEIWT0oYHUYhI9jokkO,6.072822314486622,13.562905538935746,7.956183388793263
1090800,pkIXjRx/GPQ7xU8jFREUciKuOOpE49JbzwnpK09gSCfOCzEIWT0oYHUYhI9jokkO,5.857900487934096,7.877181472917556,6.6448049102778715
1091100,pkIXjRx/GPQ7xU8jFREUciKuOOpE49JbzwnpK09gSCfOCzEIWT0oYHUYhI9jokkO,6.091082845896169,35.127174856110344,10.497319557564358
1091400,pkIXjRx/GPQ7xU8jFREUciKuOOpE49JbzwnpK09gSCfOCzEIWT0oYHUYhI9jokkO,6.196002745130761,42.4876783627029,12.604124895005109
1091700,pkIXjRx/GPQ7xU8jFREUciKuOOpE49JbzwnpK09gSCfOCzEIWT0oYHUYhI9jokkO,5.913241996552437,14.03997091034548,7.967544633121342
1092000,pkIXjRx/GPQ7xU8jFREUciKuOOpE49JbzwnpK09gSCfOCzEIWT0oYHUYhI9jokkO,5.734207131698698,8.269506557514886,6.810817496247228
1092300,pkIXjRx/GPQ7xU8jFREUciKuOOpE49JbzwnpK09gSCfOCzEIWT0oYHUYhI9jokkO,5.966156670840619,34.865218988154936,10.647805217805134
1092600,pkIXjRx/GPQ7xU8jFREUciKuOOpE49JbzwnpK09gSCfOCzEIWT0oYHUYhI9jokkO,6.051221345711138,42.1207517423977,13.127495607023633
1092900,pkIXjRx/GPQ7xU8jFREUciKuOOpE49JbzwnpK09gSCfOCzEIWT0oYHUYhI9jokkO,5.842092236727968,15.720131447741474,7.780304392993443
1093200,pkIXjRx/GPQ7xU8jFREUciKuOOpE49JbzwnpK09gSCfOCzEIWT0oYHUYhI9jokkO,6.222271346642354,7.9818946929537535,6.941749252299337
1093500,pkIXjRx/GPQ7xU8jFREUciKuOOpE49JbzwnpK09gSCfOCzEIWT0oYHUYhI9jokkO,6.002298481531516,35.443343289890414,10.62240308143474
1093800,pkIXjRx/GPQ7xU8jFREUciKuOOpE49JbzwnpK09gSCfOCzEIWT0oYHUYhI9jokkO,5.878882845013469,44.3484191272365,12.275969491817223
1094100,pkIXjRx/GPQ7xU8jFREUciKuOOpE49JbzwnpK09gSCfOCzEIWT0oYHUYhI9jokkO,6.191781622870511,15.84095943638948,8.268929692063887
1094400,pkIXjRx/GPQ7xU8jFREUciKuOOpE49JbzwnpK09gSCfOCzEIWT0oYHUYhI9jokkO,5.835447241706998,8.04711905689402,6.691159508392283
1094700,pkIXjRx/GPQ7xU8jFREUciKuOOpE49JbzwnpK09gSCfOCzEIWT0oYHUYhI9jokkO,5.836456982036326,34.965272778155004,10.419746838684206
1095000,pkIXjRx/GPQ7xU8jFREUciKuOOpE49JbzwnpK09gSCfOCzEIWT0oYHUYhI9jokkO,6.048366567989183,45.59097939186261,12.610583090617952
1095300,pkIXjRx/GPQ7xU8jFREUciKuOOpE49JbzwnpK09gSCfOCzEIWT0oYHUYhI9jokkO,5.665893995455757,15.49559316652354,7.855517567704989
1095600,pkIXjRx/GPQ7xU8jFREUciKuOOpE49JbzwnpK09gSCfOCzEIWT0oYHUYhI9jokkO,5.750413605461088,8.377970878465407,6.704411735511611
1095900,pkIXjRx/GPQ7xU8jFREUciKuOOpE49JbzwnpK09gSCfOCzEIWT0oYHUYhI9jokkO,5.7768681098717085,40.330502399599474,10.820481245986436
1096200,pkIXjRx/GPQ7xU8jFREUciKuOOpE49JbzwnpK09gSCfOCzEIWT0oYHUYhI9jokkO,5.908062312013912,55.129044243095514,13.140181696331688
1096500,pkIXjRx/GPQ7xU8jFREUciKuOOpE49JbzwnpK09gSCfOCzEIWT0oYHUYhI9jokkO,5.812261885412898,14.534673083279626,7.684232802499792
1096800,pkIXjRx/GPQ7xU8jFREUciKuOOpE49JbzwnpK09gSCfOCzEIWT0oYHUYhI9jokkO,5.923563648423354,8.165610230332726,6.867063882967467
1097100,pkIXjRx/GPQ7xU8jFREUciKuOOpE49JbzwnpK09gSCfOCzEIWT0oYHUYhI9jokkO,5.533524564587566,36.65428089048957,10.496262504897372
1097400,pkIXjRx/GPQ7xU8jFREUciKuOOpE49JbzwnpK09gSCfOCzEIWT0oYHUYhI9jokkO,5.587449982594499,61.453604243785776,12.216042002886118
1097700,pkIXjRx/GPQ7xU8jFREUciKuOOpE49JbzwnpK09gSCfOCzEIWT0oYHUYhI9jokkO,5.535486454224923,14.141602497181736,7.919297248183491
1098000,pkIXjRx/GPQ7xU8jFREUciKuOOpE49JbzwnpK09gSCfOCzEIWT0oYHUYhI9jokkO,5.77201059665444,8.002469131952607,6.567333455712054
1098300,pkIXjRx/GPQ7xU8jFREUciKuOOpE49JbzwnpK09gSCfOCzEIWT0oYHUYhI9jokkO,5.9322883885195115,35.54071452701302,11.082632058863018
1098600,pkIXjRx/GPQ7xU8jFREUciKuOOpE49JbzwnpK09gSCfOCzEIWT0oYHUYhI9jokkO,5.797063669542776,61.78489760530099,12.303408204666928
1098900,pkIXjRx/GPQ7xU8jFREUciKuOOpE49JbzwnpK09gSCfOCzEIWT0oYHUYhI9jokkO,5.56681113945431,18.249180270293575,7.7306574888514685
1099200,pkIXjRx/GPQ7xU8jFREUciKuOOpE49JbzwnpK09gSCfOCzEIWT0oYHUYhI9jokkO,5.580310217300441,7.617427846760568,6.456971435876659
1099500,pkIXjRx/GPQ7xU8jFREUciKuOOpE49JbzwnpK09gSCfOCzEIWT0oYHUYhI9jokkO,5.503128597721784,28.846499068675588,10.5779253706099
1099800,pkIXjRx/GPQ7xU8jFREUciKuOOpE49JbzwnpK09gSCfOCzEIWT0oYHUYhI9jokkO,5.663717962505953,63.26997218661749,13.092393754972187
1100100,pkIXjRx/GPQ7xU8jFREUciKuOOpE49JbzwnpK09gSCfOCzEIWT0oYHUYhI9jokkO,5.610645725784074,15.514577958283052,7.78919884288791
1100400,pkIXjRx/GPQ7xU8jFREUciKuOOpE49JbzwnpK09gSCfOCzEIWT0oYHUYhI9jokkO,5.992809897878974,8.133286330234247,6.889339490901844
1100700,pkIXjRx/GPQ7xU8jFREUciKuOOpE49JbzwnpK09gSCfOCzEIWT0oYHUYhI9jokkO,5.979302020117023,43.45268599264452,10.66167898212027
1101000,pkIXjRx/GPQ7xU8jFREUciKuOOpE49JbzwnpK09gSCfOCzEIWT0oYHUYhI9jokkO,5.688178818733576,63.20608055223288,12.296075270851842
1101300,pkIXjRx/GPQ7xU8jFREUciKuOOpE49JbzwnpK09gSCfOCzEIWT0oYHUYhI9jokkO,5.473114381514973,15.136581873085014,8.096417524844293
1101600,pkIXjRx/GPQ7xU8jFREUciKuOOpE49JbzwnpK09gSCfOCzEIWT0oYHUYhI9jokkO,5.809805598633953,8.293263894055318,6.661200726312222
1101900,pkIXjRx/GPQ7xU8jFREUciKuOOpE49JbzwnpK09gSCfOCzEIWT0oYHUYhI9jokkO,5.51371063569211,37.45499528594208,10.946793748627943
1102200,pkIXjRx/GPQ7xU8jFREUciKuOOpE49JbzwnpK09gSCfOCzEIWT0oYHUYhI9jokkO,5.740824164630126,62.50087623675854,12.44768456896673
1102500,pkIXjRx/GPQ7xU8jFREUciKuOOpE49JbzwnpK09gSCfOCzEIWT0oYHUYhI9jokkO,5.819060946800088,15.213208857672406,8.057374213328758
1102800,pkIXjRx/GPQ7xU8jFREUciKuOOpE49JbzwnpK09gSCfOCzEIWT0oYHUYhI9jokkO,5.965684715429767,7.9262757656590175,6.7033307438698575
1103100,pkIXjRx/GPQ7xU8jFREUciKuOOpE49JbzwnpK09gSCfOCzEIWT0oYHUYhI9jokkO,6.103013185144317,43.39467629276244,10.936871504054803
1103400,pkIXjRx/GPQ7xU8jFREUciKuOOpE49JbzwnpK09gSCfOCzEIWT0oYHUYhI9jokkO,5.86098531377406,62.84964110184077,12.461721196893356
1103700,pkIXjRx/GPQ7xU8jFREUciKuOOpE49JbzwnpK09gSCfOCzEIWT0oYHUYhI9jokkO,5.885630831097804,14.620164497618497,8.255238176202361
1104000,pkIXjRx/GPQ7xU8jFREUciKuOOpE49JbzwnpK09gSCfOCzEIWT0oYHUYhI9jokkO,5.990471072251934,8.09146489109995,6.868749469546681
1104300,pkIXjRx/GPQ7xU8jFREUciKuOOpE49JbzwnpK09gSCfOCzEIWT0oYHUYhI9jokkO,5.954464670428986,43.138383252936656,10.692567743882083
1104600,pkIXjRx/GPQ7xU8jFREUciKuOOpE49JbzwnpK09gSCfOCzEIWT0oYHUYhI9jokkO,5.943446853339768,63.330168767164174,12.427909961816823
1104900,pkIXjRx/GPQ7xU8jFREUciKuOOpE49JbzwnpK09gSCfOCzEIWT0oYHUYhI9jokkO,5.774186204717384,14.856337611988373,8.1236563970951
1105200,pkIXjRx/GPQ7xU8jFREUciKuOOpE49JbzwnpK09gSCfOCzEIWT0oYHUYhI9jokkO,5.970750702842708,7.79116372354337,6.676194523036824
1105500,pkIXjRx/GPQ7xU8jFREUciKuOOpE49JbzwnpK09gSCfOCzEIWT0oYHUYhI9jokkO,5.874202521883254,38.82469971766701,10.463197942419873
1105800,pkIXjRx/GPQ7xU8jFREUciKuOOpE49JbzwnpK09gSCfOCzEIWT0oYHUYhI9jokkO,6.289444620213505,63.3165242707547,12.565386764601442
1106100,pkIXjRx/GPQ7xU8jFREUciKuOOpE49JbzwnpK09gSCfOCzEIWT0oYHUYhI9jokkO,5.865324462366688,15.109886271528667,8.146338863268614
1106400,pkIXjRx/GPQ7xU8jFREUciKuOOpE49JbzwnpK09gSCfOCzEIWT0oYHUYhI9jokkO,5.895760929086902,7.616826019295307,6.588458000715558
1106700,pkIXjRx/GPQ7xU8jFREUciKuOOpE49JbzwnpK09gSCfOCzEIWT0oYHUYhI9jokkO,5.843483315314947,39.364119729907195,10.735579096539764
1107000,pkIXjRx/GPQ7xU8jFREUciKuOOpE49JbzwnpK09gSCfOCzEIWT0oYHUYhI9jokkO,5.871749628351118,62.85426349279589,12.178430024510698
1107300,pkIXjRx/GPQ7xU8jFREUciKuOOpE49JbzwnpK09gSCfOCzEIWT0oYHUYhI9jokkO,5.593768365382279,13.282881563923343,8.436981820921782
1107600,pkIXjRx/GPQ7xU8jFREUciKuOOpE49JbzwnpK09gSCfOCzEIWT0oYHUYhI9jokkO,6.0976892632462905,7.944521525177241,6.705864718288984
1107900,pkIXjRx/GPQ7xU8jFREUciKuOOpE49JbzwnpK09gSCfOCzEIWT0oYHUYhI9jokkO,5.834477107031094,36.52439869649791,10.386830339160928
1108200,pkIXjRx/GPQ7xU8jFREUciKuOOpE49JbzwnpK09gSCfOCzEIWT0oYHUYhI9jokkO,5.4302975161343685,56.283257268938165,12.016073612457824
1108500,pkIXjRx/GPQ7xU8jFREUciKuOOpE49JbzwnpK09gSCfOCzEIWT0oYHUYhI9jokkO,5.927379222897729,13.73173844976158,7.851505463728275
1108800,pkIXjRx/GPQ7xU8jFREUciKuOOpE49JbzwnpK09gSCfOCzEIWT0oYHUYhI9jokkO,5.489415550267867,7.5583276112883295,6.4134151124513
1109100,pkIXjRx/GPQ7xU8jFREUciKuOOpE49JbzwnpK09gSCfOCzEIWT0oYHUYhI9jokkO,5.784229516581597,39.14466367503188,10.291640109280934
1109400,pkIXjRx/GPQ7xU8jFREUciKuOOpE49JbzwnpK09gSCfOCzEIWT0oYHUYhI9jokkO,6.027244675997361,55.69762414151347,12.262038674325822
1109700,pkIXjRx/GPQ7xU8jFREUciKuOOpE49JbzwnpK09gSCfOCzEIWT0oYHUYhI9jokkO,5.422391337451134,17.235843633302835,7.777038786038327
1110000,pkIXjRx/GPQ7xU8jFREUciKuOOpE49JbzwnpK09gSCfOCzEIWT0oYHUYhI9jokkO,5.7506489305597865,7.840500693083278,6.527644136019676
1110300,pkIXjRx/GPQ7xU8jFREUciKuOOpE49JbzwnpK09gSCfOCzEIWT0oYHUYhI9jokkO,5.663626408045735,35.81201161838921,11.209910220923852
1110600,pkIXjRx/GPQ7xU8jFREUciKuOOpE49JbzwnpK09gSCfOCzEIWT0oYHUYhI9jokkO,5.64832098707354,54.73542429706475,12.157386254419873
1110900,pkIXjRx/GPQ7xU8jFREUciKuOOpE49JbzwnpK09gSCfOCzEIWT0oYHUYhI9jokkO,5.587516684767857,20.261170182733967,8.553335496363607
1111200,pkIXjRx/GPQ7xU8jFREUciKuOOpE49JbzwnpK09gSCfOCzEIWT0oYHUYhI9jokkO,5.756046725395588,7.966913383924453,6.861301057945863
1111500,pkIXjRx/GPQ7xU8jFREUciKuOOpE49JbzwnpK09gSCfOCzEIWT0oYHUYhI9jokkO,5.9935547353609095,34.959168434161846,10.643066112794353
1111800,pkIXjRx/GPQ7xU8jFREUciKuOOpE49JbzwnpK09gSCfOCzEIWT0oYHUYhI9jokkO,5.692376278031435,54.592017822993576,12.31160703028862
1112100,pkIXjRx/GPQ7xU8jFREUciKuOOpE49JbzwnpK09gSCfOCzEIWT0oYHUYhI9jokkO,5.60912732478764,16.88373329434679,7.977741541959214
1112400,pkIXjRx/GPQ7xU8jFREUciKuOOpE49JbzwnpK09gSCfOCzEIWT0oYHUYhI9jokkO,5.811825584200532,7.833805605959376,6.537079050458219
1112700,pkIXjRx/GPQ7xU8jFREUciKuOOpE49JbzwnpK09gSCfOCzEIWT0oYHUYhI9jokkO,5.2396865291537225,28.896660019191472,10.407825815298304
1113000,pkIXjRx/GPQ7xU8jFREUciKuOOpE49JbzwnpK09gSCfOCzEIWT0oYHUYhI9jokkO,5.7871928665502175,52.3626098162086,12.427848364250448
1113300,pkIXjRx/GPQ7xU8jFREUciKuOOpE49JbzwnpK09gSCfOCzEIWT0oYHUYhI9jokkO,5.647783869302875,14.69983973944884,7.819202220282087
1113600,pkIXjRx/GPQ7xU8jFREUciKuOOpE49JbzwnpK09gSCfOCzEIWT0oYHUYhI9jokkO,5.545466623779827,7.84532980884953,6.485244093939555
1113900,pkIXjRx/GPQ7xU8jFREUciKuOOpE49JbzwnpK09gSCfOCzEIWT0oYHUYhI9jokkO,5.424629967348578,42.7636379609565,16.258056014777154
1114200,pkIXjRx/GPQ7xU8jFREUciKuOOpE49JbzwnpK09gSCfOCzEIWT0oYHUYhI9jokkO,10.647347031393709,43.87579880952242,17.36631131677091
1114500,pkIXjRx/GPQ7xU8jFREUciKuOOpE49JbzwnpK09gSCfOCzEIWT0oYHUYhI9jokkO,5.2687088648244575,20.223934388702688,8.727090066198748
1114800,pkIXjRx/GPQ7xU8jFREUciKuOOpE49JbzwnpK09gSCfOCzEIWT0oYHUYhI9jokkO,5.9956925322189765,8.089380924726225,6.784787080479612
1115100,pkIXjRx/GPQ7xU8jFREUciKuOOpE49JbzwnpK09gSCfOCzEIWT0oYHUYhI9jokkO,5.652163149020288,25.997135375704737,10.418866631378387
1115400,pkIXjRx/GPQ7xU8jFREUciKuOOpE49JbzwnpK09gSCfOCzEIWT0oYHUYhI9jokkO,5.927253751333257,36.43316212006081,12.223473300756533
1115700,pkIXjRx/GPQ7xU8jFREUciKuOOpE49JbzwnpK09gSCfOCzEIWT0oYHUYhI9jokkO,5.6105120252213725,18.717907854769283,7.925175143699523
1116000,pkIXjRx/GPQ7xU8jFREUciKuOOpE49JbzwnpK09gSCfOCzEIWT0oYHUYhI9jokkO,5.871298638790337,7.665146797682695,6.551838399553518
1116300,pkIXjRx/GPQ7xU8jFREUciKuOOpE49JbzwnpK09gSCfOCzEIWT0oYHUYhI9jokkO,5.293055892517093,35.76700568230105,10.226756937117663
1116600,pkIXjRx/GPQ7xU8jFREUciKuOOpE49JbzwnpK09gSCfOCzEIWT0oYHUYhI9jokkO,5.887928607192728,39.0168766480178,12.548381972668778
1116900,pkIXjRx/GPQ7xU8jFREUciKuOOpE49JbzwnpK09gSCfOCzEIWT0oYHUYhI9jokkO,5.35652189103957,19.06525560153263,7.833808542525747
1117200,pkIXjRx/GPQ7xU8jFREUciKuOOpE49JbzwnpK09gSCfOCzEIWT0oYHUYhI9jokkO,6.005786394851598,8.104579020182943,6.571768778659842
1117500,pkIXjRx/GPQ7xU8jFREUciKuOOpE49JbzwnpK09gSCfOCzEIWT0oYHUYhI9jokkO,5.952315397197433,34.00986531393127,10.636655772008003
1117800,pkIXjRx/GPQ7xU8jFREUciKuOOpE49JbzwnpK09gSCfOCzEIWT0oYHUYhI9jokkO,5.924137966101129,38.45887279023743,12.248739206872282
1118100,pkIXjRx/GPQ7xU8jFREUciKuOOpE49JbzwnpK09gSCfOCzEIWT0oYHUYhI9jokkO,5.734994735579342,18.218686143562785,8.481952281006688
1118400,pkIXjRx/GPQ7xU8jFREUciKuOOpE49JbzwnpK09gSCfOCzEIWT0oYHUYhI9jokkO,6.072597229179225,7.786680060933676,6.802128579391201
1118700,pkIXjRx/GPQ7xU8jFREUciKuOOpE49JbzwnpK09gSCfOCzEIWT0oYHUYhI9jokkO,5.870366923816748,34.29511470897974,10.84704262117022
1119000,pkIXjRx/GPQ7xU8jFREUciKuOOpE49JbzwnpK09gSCfOCzEIWT0oYHUYhI9jokkO,5.75007431527902,41.65839590885562,12.139722458121154
1119300,pkIXjRx/GPQ7xU8jFREUciKuOOpE49JbzwnpK09gSCfOCzEIWT0oYHUYhI9jokkO,6.047318319367064,18.16167906802125,7.769684456280897
1119600,pkIXjRx/GPQ7xU8jFREUciKuOOpE49JbzwnpK09gSCfOCzEIWT0oYHUYhI9jokkO,5.883370698014072,7.62976920633853,6.531403279577954
1119900,pkIXjRx/GPQ7xU8jFREUciKuOOpE49JbzwnpK09gSCfOCzEIWT0oYHUYhI9jokkO,5.577847328948293,34.29694926410499,10.25969466108388
1120200,pkIXjRx/GPQ7xU8jFREUciKuOOpE49JbzwnpK09gSCfOCzEIWT0oYHUYhI9jokkO,6.296652155741397,45.236477091873546,12.412728780468306
1120500,pkIXjRx/GPQ7xU8jFREUciKuOOpE49JbzwnpK09gSCfOCzEIWT0oYHUYhI9jokkO,5.778813394356237,17.750626569924595,7.721199474165793
1120800,pkIXjRx/GPQ7xU8jFREUciKuOOpE49JbzwnpK09gSCfOCzEIWT0oYHUYhI9jokkO,5.804374857269868,7.475079875466402,6.520563584805237
1121100,pkIXjRx/GPQ7xU8jFREUciKuOOpE49JbzwnpK09gSCfOCzEIWT0oYHUYhI9jokkO,6.0139711252754,34.2863333039142,10.533299038592377
1121400,pkIXjRx/GPQ7xU8jFREUciKuOOpE49JbzwnpK09gSCfOCzEIWT0oYHUYhI9jokkO,5.809685526985791,48.23451004012932,12.183173765110965
1121700,pkIXjRx/GPQ7xU8jFREUciKuOOpE49JbzwnpK09gSCfOCzEIWT0oYHUYhI9jokkO,5.692608813019734,17.649537552208603,8.430139952836642
1122000,pkIXjRx/GPQ7xU8jFREUciKuOOpE49JbzwnpK09gSCfOCzEIWT0oYHUYhI9jokkO,6.0151599425948525,7.610114673495967,6.822445683900766
1122300,pkIXjRx/GPQ7xU8jFREUciKuOOpE49JbzwnpK09gSCfOCzEIWT0oYHUYhI9jokkO,5.8566282042082,30.31075318108335,10.668061047987882
1122600,pkIXjRx/GPQ7xU8jFREUciKuOOpE49JbzwnpK09gSCfOCzEIWT0oYHUYhI9jokkO,5.947975370816323,49.5464802705745,12.31078367072718
1122900,pkIXjRx/GPQ7xU8jFREUciKuOOpE49JbzwnpK09gSCfOCzEIWT0oYHUYhI9jokkO,5.788568272050931,17.160247380278086,7.925566687281014
1123200,pkIXjRx/GPQ7xU8jFREUciKuOOpE49JbzwnpK09gSCfOCzEIWT0oYHUYhI9jokkO,5.83006332014292,7.784239442237847,6.6263800665421675
1123500,pkIXjRx/GPQ7xU8jFREUciKuOOpE49JbzwnpK09gSCfOCzEIWT0oYHUYhI9jokkO,5.88649342773509,33.854139605666035,10.28608474703683
1123800,pkIXjRx/GPQ7xU8jFREUciKuOOpE49JbzwnpK09gSCfOCzEIWT0oYHUYhI9jokkO,6.503150277756054,51.50411049172356,12.658522369730052
1124100,pkIXjRx/GPQ7xU8jFREUciKuOOpE49JbzwnpK09gSCfOCzEIWT0oYHUYhI9jokkO,5.818824441414584,18.613830374730146,8.045823664246033
1124400,pkIXjRx/GPQ7xU8jFREUciKuOOpE49JbzwnpK09gSCfOCzEIWT0oYHUYhI9jokkO,6.018645588529897,21.16394305405465,8.709522170447213
1124700,pkIXjRx/GPQ7xU8jFREUciKuOOpE49JbzwnpK09gSCfOCzEIWT0oYHUYhI9jokkO,6.33708293895498,42.3653061978595,13.650363492007523
1125000,pkIXjRx/GPQ7xU8jFREUciKuOOpE49JbzwnpK09gSCfOCzEIWT0oYHUYhI9jokkO,5.9692728236864685,52.71651865152793,12.46712449292299
1125300,pkIXjRx/GPQ7xU8jFREUciKuOOpE49JbzwnpK09gSCfOCzEIWT0oYHUYhI9jokkO,5.640161957103627,17.13256546116255,7.662588563562172
1125600,pkIXjRx/GPQ7xU8jFREUciKuOOpE49JbzwnpK09gSCfOCzEIWT0oYHUYhI9jokkO,6.386256339623181,10.921871552179171,7.754953888665453
1125900,pkIXjRx/GPQ7xU8jFREUciKuOOpE49JbzwnpK09gSCfOCzEIWT0oYHUYhI9jokkO,5.939965992839971,26.77959765471257,10.80823837870692
1126200,pkIXjRx/GPQ7xU8jFREUciKuOOpE49JbzwnpK09gSCfOCzEIWT0oYHUYhI9jokkO,5.941194177948349,59.649467037864255,12.36676706078996
1126500,pkIXjRx/GPQ7xU8jFREUciKuOOpE49JbzwnpK09gSCfOCzEIWT0oYHUYhI9jokkO,5.6084481042679455,17.08531458139808,8.19606837281198
1126800,pkIXjRx/GPQ7xU8jFREUciKuOOpE49JbzwnpK09gSCfOCzEIWT0oYHUYhI9jokkO,5.900397420545163,8.457234939860594,6.705213441055952
1127100,pkIXjRx/GPQ7xU8jFREUciKuOOpE49JbzwnpK09gSCfOCzEIWT0oYHUYhI9jokkO,5.815941692253833,32.943791459145686,11.768025120021193
1127400,pkIXjRx/GPQ7xU8jFREUciKuOOpE49JbzwnpK09gSCfOCzEIWT0oYHUYhI9jokkO,5.66021095576248,61.52489491769368,12.618404427161924
1127700,pkIXjRx/GPQ7xU8jFREUciKuOOpE49JbzwnpK09gSCfOCzEIWT0oYHUYhI9jokkO,5.215692482714776,14.210451803096037,7.607254678958525
1128000,pkIXjRx/GPQ7xU8jFREUciKuOOpE49JbzwnpK09gSCfOCzEIWT0oYHUYhI9jokkO,5.593939174799688,7.975902591744086,6.4921466684724445
1128300,pkIXjRx/GPQ7xU8jFREUciKuOOpE49JbzwnpK09gSCfOCzEIWT0oYHUYhI9jokkO,5.203054080747369,34.29057664253859,10.408840491115871
1128600,pkIXjRx/GPQ7xU8jFREUciKuOOpE49JbzwnpK09gSCfOCzEIWT0oYHUYhI9jokkO,5.549856462130928,63.379931852500725,12.115431272201622
1128900,pkIXjRx/GPQ7xU8jFREUciKuOOpE49JbzwnpK09gSCfOCzEIWT0oYHUYhI9jokkO,5.522217708002935,13.267065359331053,7.935910891844538
1129200,pkIXjRx/GPQ7xU8jFREUciKuOOpE49JbzwnpK09gSCfOCzEIWT0oYHUYhI9jokkO,5.729210271710279,16.77649958378159,8.610853434948169
1129500,pkIXjRx/GPQ7xU8jFREUciKuOOpE49JbzwnpK09gSCfOCzEIWT0oYHUYhI9jokkO,5.769635472332307,34.33728557933556,10.366478599242166
1129800,pkIXjRx/GPQ7xU8jFREUciKuOOpE49JbzwnpK09gSCfOCzEIWT0oYHUYhI9jokkO,5.457490253717721,64.80615511594613,12.154798944607649
1130100,pkIXjRx/GPQ7xU8jFREUciKuOOpE49JbzwnpK09gSCfOCzEIWT0oYHUYhI9jokkO,5.406662919783641,16.89057944559219,8.083839333720734
1130400,pkIXjRx/GPQ7xU8jFREUciKuOOpE49JbzwnpK09gSCfOCzEIWT0oYHUYhI9jokkO,5.683526829372906,8.205078443835955,6.624349989947196
1130700,pkIXjRx/GPQ7xU8jFREUciKuOOpE49JbzwnpK09gSCfOCzEIWT0oYHUYhI9jokkO,5.526838152277274,34.24078859702019,10.267310502924078
1131000,pkIXjRx/GPQ7xU8jFREUciKuOOpE49JbzwnpK09gSCfOCzEIWT0oYHUYhI9jokkO,5.887302108078849,64.79941423977957,12.540167930339983
1131300,pkIXjRx/GPQ7xU8jFREUciKuOOpE49JbzwnpK09gSCfOCzEIWT0oYHUYhI9jokkO,5.435413961276232,16.663158549004955,7.651076804486514
1131600,pkIXjRx/GPQ7xU8jFREUciKuOOpE49JbzwnpK09gSCfOCzEIWT0oYHUYhI9jokkO,5.456052272943727,7.85649194566539,6.5619376178757545
1131900,pkIXjRx/GPQ7xU8jFREUciKuOOpE49JbzwnpK09gSCfOCzEIWT0oYHUYhI9jokkO,5.580963432014034,34.55692414850894,10.652233571873852
1132200,pkIXjRx/GPQ7xU8jFREUciKuOOpE49JbzwnpK09gSCfOCzEIWT0oYHUYhI9jokkO,5.940199890800457,64.54569194313639,12.3683477447296
1132500,pkIXjRx/GPQ7xU8jFREUciKuOOpE49JbzwnpK09gSCfOCzEIWT0oYHUYhI9jokkO,5.813001924702685,16.62794293133182,7.649292481138419
1132800,pkIXjRx/GPQ7xU8jFREUciKuOOpE49JbzwnpK09gSCfOCzEIWT0oYHUYhI9jokkO,5.939846111345262,11.721393378607454,7.713033114634948
1133100,pkIXjRx/GPQ7xU8jFREUciKuOOpE49JbzwnpK09gSCfOCzEIWT0oYHUYhI9jokkO,5.88869290848408,31.37311807611199,10.411705393329456
1133400,pkIXjRx/GPQ7xU8jFREUciKuOOpE49JbzwnpK09gSCfOCzEIWT0oYHUYhI9jokkO,5.830192217261567,64.95481093059144,12.572879892529548
1133700,pkIXjRx/GPQ7xU8jFREUciKuOOpE49JbzwnpK09gSCfOCzEIWT0oYHUYhI9jokkO,5.948739074475212,13.327775789760924,8.050860925073929
1134000,pkIXjRx/GPQ7xU8jFREUciKuOOpE49JbzwnpK09gSCfOCzEIWT0oYHUYhI9jokkO,5.896973251086844,7.6133619506995345,6.6558453745357
1134300,pkIXjRx/GPQ7xU8jFREUciKuOOpE49JbzwnpK09gSCfOCzEIWT0oYHUYhI9jokkO,5.985490868752072,13.256561908109711,7.833040850525322
1134600,pkIXjRx/GPQ7xU8jFREUciKuOOpE49JbzwnpK09gSCfOCzEIWT0oYHUYhI9jokkO,6.322317577772087,64.25920734865524,12.714142515379644
1134900,pkIXjRx/GPQ7xU8jFREUciKuOOpE49JbzwnpK09gSCfOCzEIWT0oYHUYhI9jokkO,5.951972307492789,13.251571411643242,7.975675194542413
1135200,pkIXjRx/GPQ7xU8jFREUciKuOOpE49JbzwnpK09gSCfOCzEIWT0oYHUYhI9jokkO,6.030943039363336,7.94588411786383,6.868861392614157
1135500,pkIXjRx/GPQ7xU8jFREUciKuOOpE49JbzwnpK09gSCfOCzEIWT0oYHUYhI9jokkO,6.114723909240725,26.6564648100582,10.710393101669316
1135800,pkIXjRx/GPQ7xU8jFREUciKuOOpE49JbzwnpK09gSCfOCzEIWT0oYHUYhI9jokkO,6.0156540496612285,63.69936939856465,12.554243372509545
1136100,pkIXjRx/GPQ7xU8jFREUciKuOOpE49JbzwnpK09gSCfOCzEIWT0oYHUYhI9jokkO,6.032988572582397,13.09256576662643,7.763580775947629
1136400,pkIXjRx/GPQ7xU8jFREUciKuOOpE49JbzwnpK09gSCfOCzEIWT0oYHUYhI9jokkO,6.083474207994176,12.5269512952591,7.708682983220861
1136700,pkIXjRx/GPQ7xU8jFREUciKuOOpE49JbzwnpK09gSCfOCzEIWT0oYHUYhI9jokkO,6.005532547469123,34.37646560114828,10.439982703122077
1137000,pkIXjRx/GPQ7xU8jFREUciKuOOpE49JbzwnpK09gSCfOCzEIWT0oYHUYhI9jokkO,5.7543426885092925,63.39178075120435,12.210786987099558
1137300,pkIXjRx/GPQ7xU8jFREUciKuOOpE49JbzwnpK09gSCfOCzEIWT0oYHUYhI9jokkO,5.631600393616759,11.614605276669796,7.720115504304817
1137600,pkIXjRx/GPQ7xU8jFREUciKuOOpE49JbzwnpK09gSCfOCzEIWT0oYHUYhI9jokkO,5.775320994970302,7.598366888225077,6.539232858842086
1137900,pkIXjRx/GPQ7xU8jFREUciKuOOpE49JbzwnpK09gSCfOCzEIWT0oYHUYhI9jokkO,5.818246318510156,21.503561927859664,9.255197829326994
1138200,pkIXjRx/GPQ7xU8jFREUciKuOOpE49JbzwnpK09gSCfOCzEIWT0oYHUYhI9jokkO,6.071102745026037,63.24371242033889,12.44852022055048
1138500,pkIXjRx/GPQ7xU8jFREUciKuOOpE49JbzwnpK09gSCfOCzEIWT0oYHUYhI9jokkO,5.673607919977457,16.71119265305341,7.733530540023438
1138800,pkIXjRx/GPQ7xU8jFREUciKuOOpE49JbzwnpK09gSCfOCzEIWT0oYHUYhI9jokkO,5.952798947554944,10.109619055957856,7.0149716677727225
1139100,pkIXjRx/GPQ7xU8jFREUciKuOOpE49JbzwnpK09gSCfOCzEIWT0oYHUYhI9jokkO,5.962458679718696,34.07425449923807,10.61124283272206
1139400,pkIXjRx/GPQ7xU8jFREUciKuOOpE49JbzwnpK09gSCfOCzEIWT0oYHUYhI9jokkO,6.038676726595585,63.28671702653,12.30045002112668
1139700,pkIXjRx/GPQ7xU8jFREUciKuOOpE49JbzwnpK09gSCfOCzEIWT0oYHUYhI9jokkO,5.878236929701907,12.90730017878025,7.667247896480493
1140000,pkIXjRx/GPQ7xU8jFREUciKuOOpE49JbzwnpK09gSCfOCzEIWT0oYHUYhI9jokkO,5.851051689859513,11.882063551416948,7.7893998498347585
1140300,pkIXjRx/GPQ7xU8jFREUciKuOOpE49JbzwnpK09gSCfOCzEIWT0oYHUYhI9jokkO,6.106607955041939,35.25320816374108,10.68585484650442
1140600,pkIXjRx/GPQ7xU8jFREUciKuOOpE49JbzwnpK09gSCfOCzEIWT0oYHUYhI9jokkO,5.601642659305609,62.61872431178819,12.49685880664757
1140900,pkIXjRx/GPQ7xU8jFREUciKuOOpE49JbzwnpK09gSCfOCzEIWT0oYHUYhI9jokkO,5.641433187548164,12.960614528190304,8.075929813597975
1141200,pkIXjRx/GPQ7xU8jFREUciKuOOpE49JbzwnpK09gSCfOCzEIWT0oYHUYhI9jokkO,5.952401078989065,7.854943027245267,6.704634561157266
1141500,pkIXjRx/GPQ7xU8jFREUciKuOOpE49JbzwnpK09gSCfOCzEIWT0oYHUYhI9jokkO,5.5664638751924445,33.754500151461265,10.308274836476468
1141800,pkIXjRx/GPQ7xU8jFREUciKuOOpE49JbzwnpK09gSCfOCzEIWT0oYHUYhI9jokkO,5.721625628074434,62.2468701909909,12.628723887054434
1142100,pkIXjRx/GPQ7xU8jFREUciKuOOpE49JbzwnpK09gSCfOCzEIWT0oYHUYhI9jokkO,5.652268718393678,13.864527502423828,8.083248671539977
1142400,pkIXjRx/GPQ7xU8jFREUciKuOOpE49JbzwnpK09gSCfOCzEIWT0oYHUYhI9jokkO,5.885302508769305,8.00594366584281,6.844242245840367
1142700,pkIXjRx/GPQ7xU8jFREUciKuOOpE49JbzwnpK09gSCfOCzEIWT0oYHUYhI9jokkO,5.577632884982858,35.15279179422545,10.813157818874927
1143000,pkIXjRx/GPQ7xU8jFREUciKuOOpE49JbzwnpK09gSCfOCzEIWT0oYHUYhI9jokkO,6.053841152622537,58.9744408760999,12.898915393627306
1143300,pkIXjRx/GPQ7xU8jFREUciKuOOpE49JbzwnpK09gSCfOCzEIWT0oYHUYhI9jokkO,12.355580235527176,20.91061130858792,14.62808756550826
1143600,pkIXjRx/GPQ7xU8jFREUciKuOOpE49JbzwnpK09gSCfOCzEIWT0oYHUYhI9jokkO,12.053357617650953,14.784864226352695,13.579045255501905
1143900,pkIXjRx/GPQ7xU8jFREUciKuOOpE49JbzwnpK09gSCfOCzEIWT0oYHUYhI9jokkO,6.287149257839407,24.302232681164703,10.629774896621589
1144200,pkIXjRx/GPQ7xU8jFREUciKuOOpE49JbzwnpK09gSCfOCzEIWT0oYHUYhI9jokkO,5.731063199673474,57.04792941923337,12.35253714473969
1144500,pkIXjRx/GPQ7xU8jFREUciKuOOpE49JbzwnpK09gSCfOCzEIWT0oYHUYhI9jokkO,5.6848813349342135,13.073984116433152,7.968968836602137
1144800,pkIXjRx/GPQ7xU8jFREUciKuOOpE49JbzwnpK09gSCfOCzEIWT0oYHUYhI9jokkO,6.25250801316442,8.210632605188133,6.881755325937628
1145100,pkIXjRx/GPQ7xU8jFREUciKuOOpE49JbzwnpK09gSCfOCzEIWT0oYHUYhI9jokkO,5.689051357279712,34.91186000800208,10.196305450380695
1145400,pkIXjRx/GPQ7xU8jFREUciKuOOpE49JbzwnpK09gSCfOCzEIWT0oYHUYhI9jokkO,6.239473857581793,55.52739813290913,13.076302957098786
1145700,pkIXjRx/GPQ7xU8jFREUciKuOOpE49JbzwnpK09gSCfOCzEIWT0oYHUYhI9jokkO,5.500031234253772,13.157124454012887,7.505590848245811
1146000,pkIXjRx/GPQ7xU8jFREUciKuOOpE49JbzwnpK09gSCfOCzEIWT0oYHUYhI9jokkO,5.97328184660369,9.708243208486705,7.06872553383839
1146300,pkIXjRx/GPQ7xU8jFREUciKuOOpE49JbzwnpK09gSCfOCzEIWT0oYHUYhI9jokkO,5.628360326687085,34.830402914291,10.865684594477267
1146600,pkIXjRx/GPQ7xU8jFREUciKuOOpE49JbzwnpK09gSCfOCzEIWT0oYHUYhI9jokkO,6.372925677311144,53.11512270967561,12.876695624609976
1146900,pkIXjRx/GPQ7xU8jFREUciKuOOpE49JbzwnpK09gSCfOCzEIWT0oYHUYhI9jokkO,5.8488504832961885,13.075806174078933,7.2863216418928864
1147200,pkIXjRx/GPQ7xU8jFREUciKuOOpE49JbzwnpK09gSCfOCzEIWT0oYHUYhI9jokkO,6.561615373236924,10.257204345738746,7.446873035813848
1147500,pkIXjRx/GPQ7xU8jFREUciKuOOpE49JbzwnpK09gSCfOCzEIWT0oYHUYhI9jokkO,6.005584315691227,35.225314088619264,11.119366172201454
1147800,pkIXjRx/GPQ7xU8jFREUciKuOOpE49JbzwnpK09gSCfOCzEIWT0oYHUYhI9jokkO,5.953174461580979,51.97348147326654,12.939021790946745
1148100,pkIXjRx/GPQ7xU8jFREUciKuOOpE49JbzwnpK09gSCfOCzEIWT0oYHUYhI9jokkO,6.052798660290415,12.971089137724292,7.63992246561955
1148400,pkIXjRx/GPQ7xU8jFREUciKuOOpE49JbzwnpK09gSCfOCzEIWT0oYHUYhI9jokkO,6.000427046693045,10.252454519867156,7.1829987085296345
1148700,pkIXjRx/GPQ7xU8jFREUciKuOOpE49JbzwnpK09gSCfOCzEIWT0oYHUYhI9jokkO,5.9066248443758935,20.60130803661691,10.03228425295455
1149000,pkIXjRx/GPQ7xU8jFREUciKuOOpE49JbzwnpK09gSCfOCzEIWT0oYHUYhI9jokkO,6.197449266352808,50.493874941769775,13.054711328591644
1149300,pkIXjRx/GPQ7xU8jFREUciKuOOpE49JbzwnpK09gSCfOCzEIWT0oYHUYhI9jokkO,5.726007709643687,12.638900059033777,7.337404730322173
1149600,pkIXjRx/GPQ7xU8jFREUciKuOOpE49JbzwnpK09gSCfOCzEIWT0oYHUYhI9jokkO,5.756230837451953,10.052325639851569,7.033387358386581
1149900,pkIXjRx/GPQ7xU8jFREUciKuOOpE49JbzwnpK09gSCfOCzEIWT0oYHUYhI9jokkO,5.894772065386394,34.75380296209473,10.563532972750744
1150200,pkIXjRx/GPQ7xU8jFREUciKuOOpE49JbzwnpK09gSCfOCzEIWT0oYHUYhI9jokkO,5.690274274686457,47.80595806616915,12.771128953859948
1150500,pkIXjRx/GPQ7xU8jFREUciKuOOpE49JbzwnpK09gSCfOCzEIWT0oYHUYhI9jokkO,5.899623776675752,12.733710328799228,7.2132454668190915
1150800,pkIXjRx/GPQ7xU8jFREUciKuOOpE49JbzwnpK09gSCfOCzEIWT0oYHUYhI9jokkO,6.419589097655939,9.624656802588726,7.2378587636037475
1151100,pkIXjRx/GPQ7xU8jFREUciKuOOpE49JbzwnpK09gSCfOCzEIWT0oYHUYhI9jokkO,6.058415341831766,33.93822858150046,11.027493500850015
1151400,pkIXjRx/GPQ7xU8jFREUciKuOOpE49JbzwnpK09gSCfOCzEIWT0oYHUYhI9jokkO,5.9037196064082185,45.45932868368996,12.870193312053946
1151700,pkIXjRx/GPQ7xU8jFREUciKuOOpE49JbzwnpK09gSCfOCzEIWT0oYHUYhI9jokkO,6.25746391978136,13.118714202352493,7.742150411512424
1152000,pkIXjRx/GPQ7xU8jFREUciKuOOpE49JbzwnpK09gSCfOCzEIWT0oYHUYhI9jokkO,6.243878675701957,9.869979648521396,7.226460736688858
1152300,pkIXjRx/GPQ7xU8jFREUciKuOOpE49JbzwnpK09gSCfOCzEIWT0oYHUYhI9jokkO,6.1032295730158985,32.92643803271348,10.126245786123842
1152600,pkIXjRx/GPQ7xU8jFREUciKuOOpE49JbzwnpK09gSCfOCzEIWT0oYHUYhI9jokkO,6.15973762481762,40.95462273489839,13.047932416016248
1152900,pkIXjRx/GPQ7xU8jFREUciKuOOpE49JbzwnpK09gSCfOCzEIWT0oYHUYhI9jokkO,5.839144320218997,12.949356019688569,7.31069652446245
1153200,pkIXjRx/GPQ7xU8jFREUciKuOOpE49JbzwnpK09gSCfOCzEIWT0oYHUYhI9jokkO,5.986038940174597,60.50614491557497,14.557298133699776
1153500,pkIXjRx/GPQ7xU8jFREUciKuOOpE49JbzwnpK09gSCfOCzEIWT0oYHUYhI9jokkO,5.767491846191409,34.98587355638882,10.488713642915164
1153800,pkIXjRx/GPQ7xU8jFREUciKuOOpE49JbzwnpK09gSCfOCzEIWT0oYHUYhI9jokkO,5.912955438578671,38.059205303895126,12.54888949420542
1154100,pkIXjRx/GPQ7xU8jFREUciKuOOpE49JbzwnpK09gSCfOCzEIWT0oYHUYhI9jokkO,5.283749559129081,12.874399022316958,7.112301814740686
1154400,pkIXjRx/GPQ7xU8jFREUciKuOOpE49JbzwnpK09gSCfOCzEIWT0oYHUYhI9jokkO,5.9300247437830444,10.786549156108617,7.211927754342678
1154700,pkIXjRx/GPQ7xU8jFREUciKuOOpE49JbzwnpK09gSCfOCzEIWT0oYHUYhI9jokkO,6.1692660820211085,38.35484587875499,10.311459690291386
1155000,pkIXjRx/GPQ7xU8jFREUciKuOOpE49JbzwnpK09gSCfOCzEIWT0oYHUYhI9jokkO,5.957235062638342,45.352799343051615,13.340124067357568
1155300,pkIXjRx/GPQ7xU8jFREUciKuOOpE49JbzwnpK09gSCfOCzEIWT0oYHUYhI9jokkO,5.685955243324544,8.735455160189478,6.888415621533296
1155600,pkIXjRx/GPQ7xU8jFREUciKuOOpE49JbzwnpK09gSCfOCzEIWT0oYHUYhI9jokkO,5.963243872148736,12.909441001539934,7.694238198678967
1155900,pkIXjRx/GPQ7xU8jFREUciKuOOpE49JbzwnpK09gSCfOCzEIWT0oYHUYhI9jokkO,5.632265464976259,34.386501754486574,9.263485222194673
1156200,pkIXjRx/GPQ7xU8jFREUciKuOOpE49JbzwnpK09gSCfOCzEIWT0oYHUYhI9jokkO,6.355383949901936,48.160690431424136,14.037952732570876
1156500,pkIXjRx/GPQ7xU8jFREUciKuOOpE49JbzwnpK09gSCfOCzEIWT0oYHUYhI9jokkO,6.2188959171546525,9.12018766222751,7.3543238805314015
1156800,pkIXjRx/GPQ7xU8jFREUciKuOOpE49JbzwnpK09gSCfOCzEIWT0oYHUYhI9jokkO,6.120834933369372,12.781983738781966,8.124392187133948
1157100,pkIXjRx/GPQ7xU8jFREUciKuOOpE49JbzwnpK09gSCfOCzEIWT0oYHUYhI9jokkO,6.118278949048136,30.481892349608888,9.727312930067486
1157400,pkIXjRx/GPQ7xU8jFREUciKuOOpE49JbzwnpK09gSCfOCzEIWT0oYHUYhI9jokkO,6.180703242904885,49.37518410221047,13.490660088066171
1157700,pkIXjRx/GPQ7xU8jFREUciKuOOpE49JbzwnpK09gSCfOCzEIWT0oYHUYhI9jokkO,5.794127693233193,7.872946385427235,6.530910058156088
1158000,pkIXjRx/GPQ7xU8jFREUciKuOOpE49JbzwnpK09gSCfOCzEIWT0oYHUYhI9jokkO,6.222068677335994,12.80268635671335,8.136999350670667
1158300,pkIXjRx/GPQ7xU8jFREUciKuOOpE49JbzwnpK09gSCfOCzEIWT0oYHUYhI9jokkO,5.871508656251504,34.51847908497935,10.273444887219366
1158600,pkIXjRx/GPQ7xU8jFREUciKuOOpE49JbzwnpK09gSCfOCzEIWT0oYHUYhI9jokkO,6.021850957233353,57.99455280296842,13.313138980429716
1158900,pkIXjRx/GPQ7xU8jFREUciKuOOpE49JbzwnpK09gSCfOCzEIWT0oYHUYhI9jokkO,5.96711938901226,7.896321607901344,6.889834497206579
1159200,pkIXjRx/GPQ7xU8jFREUciKuOOpE49JbzwnpK09gSCfOCzEIWT0oYHUYhI9jokkO,5.948401932189108,12.687442349068832,7.801626233669945
1159500,pkIXjRx/GPQ7xU8jFREUciKuOOpE49JbzwnpK09gSCfOCzEIWT0oYHUYhI9jokkO,5.660628549840531,34.646962784380534,9.379158928192105
1159800,pkIXjRx/GPQ7xU8jFREUciKuOOpE49JbzwnpK09gSCfOCzEIWT0oYHUYhI9jokkO,6.249909470306986,61.14213078467713,13.69398107857902
1160100,pkIXjRx/GPQ7xU8jFREUciKuOOpE49JbzwnpK09gSCfOCzEIWT0oYHUYhI9jokkO,5.95948503832111,8.270072230678865,6.792148590134318
1160400,pkIXjRx/GPQ7xU8jFREUciKuOOpE49JbzwnpK09gSCfOCzEIWT0oYHUYhI9jokkO,5.966760933054535,12.711977488991186,7.749271781958352
1160700,pkIXjRx/GPQ7xU8jFREUciKuOOpE49JbzwnpK09gSCfOCzEIWT0oYHUYhI9jokkO,5.894099545452275,34.89718808278222,9.73184939384158
1161000,pkIXjRx/GPQ7xU8jFREUciKuOOpE49JbzwnpK09gSCfOCzEIWT0oYHUYhI9jokkO,6.076545685652564,61.499877807638704,13.432060249283127
1161300,pkIXjRx/GPQ7xU8jFREUciKuOOpE49JbzwnpK09gSCfOCzEIWT0oYHUYhI9jokkO,5.998118644598987,7.866655262833647,6.687836534808676
1161600,pkIXjRx/GPQ7xU8jFREUciKuOOpE49JbzwnpK09gSCfOCzEIWT0oYHUYhI9jokkO,6.261812842707302,13.345361675575727,7.995602976730272
1161900,pkIXjRx/GPQ7xU8jFREUciKuOOpE49JbzwnpK09gSCfOCzEIWT0oYHUYhI9jokkO,6.212141587761833,34.093134343780584,10.513756079404365
1162200,pkIXjRx/GPQ7xU8jFREUciKuOOpE49JbzwnpK09gSCfOCzEIWT0oYHUYhI9jokkO,5.883885752156782,63.41160504194704,13.406678298403216
1162500,pkIXjRx/GPQ7xU8jFREUciKuOOpE49JbzwnpK09gSCfOCzEIWT0oYHUYhI9jokkO,5.827450445935273,8.165939144885218,6.826010108944721
1162800,pkIXjRx/GPQ7xU8jFREUciKuOOpE49JbzwnpK09gSCfOCzEIWT0oYHUYhI9jokkO,5.8739839484480685,12.934636982067492,7.655236157790475
1163100,pkIXjRx/GPQ7xU8jFREUciKuOOpE49JbzwnpK09gSCfOCzEIWT0oYHUYhI9jokkO,5.829004413796752,26.277963257010928,9.289893592738744
1163400,pkIXjRx/GPQ7xU8jFREUciKuOOpE49JbzwnpK09gSCfOCzEIWT0oYHUYhI9jokkO,6.332128795547543,63.64629038094171,13.7168356330368
1163700,pkIXjRx/GPQ7xU8jFREUciKuOOpE49JbzwnpK09gSCfOCzEIWT0oYHUYhI9jokkO,5.880774825596442,8.70203074622598,6.827833965385499
1164000,pkIXjRx/GPQ7xU8jFREUciKuOOpE49JbzwnpK09gSCfOCzEIWT0oYHUYhI9jokkO,6.01829038726626,12.920510582362576,7.76922689797184
1164300,pkIXjRx/GPQ7xU8jFREUciKuOOpE49JbzwnpK09gSCfOCzEIWT0oYHUYhI9jokkO,6.099520791504601,24.666768134866444,9.542897665475252
1164600,pkIXjRx/GPQ7xU8jFREUciKuOOpE49JbzwnpK09gSCfOCzEIWT0oYHUYhI9jokkO,5.672456848407174,63.082099559845,13.152383007750904
1164900,pkIXjRx/GPQ7xU8jFREUciKuOOpE49JbzwnpK09gSCfOCzEIWT0oYHUYhI9jokkO,5.419679528340176,8.021458964657063,6.294819666527939
1165200,pkIXjRx/GPQ7xU8jFREUciKuOOpE49JbzwnpK09gSCfOCzEIWT0oYHUYhI9jokkO,5.622329162673755,13.114408262094514,7.540900168106521
1165500,pkIXjRx/GPQ7xU8jFREUciKuOOpE49JbzwnpK09gSCfOCzEIWT0oYHUYhI9jokkO,5.836714540290185,26.964828565017427,9.474571593923704
1165800,pkIXjRx/GPQ7xU8jFREUciKuOOpE49JbzwnpK09gSCfOCzEIWT0oYHUYhI9jokkO,5.618357674410624,63.49749680964785,13.762193360660484
1166100,pkIXjRx/GPQ7xU8jFREUciKuOOpE49JbzwnpK09gSCfOCzEIWT0oYHUYhI9jokkO,5.923397415752603,8.048107354248573,6.6456906331940555
1166400,pkIXjRx/GPQ7xU8jFREUciKuOOpE49JbzwnpK09gSCfOCzEIWT0oYHUYhI9jokkO,5.790659603035566,12.551208272330092,7.437659729616963
1166700,pkIXjRx/GPQ7xU8jFREUciKuOOpE49JbzwnpK09gSCfOCzEIWT0oYHUYhI9jokkO,5.850920223778063,34.02092023202536,9.327098650755353
1167000,pkIXjRx/GPQ7xU8jFREUciKuOOpE49JbzwnpK09gSCfOCzEIWT0oYHUYhI9jokkO,6.125209132820348,63.78858195714809,14.090513136929498
1167300,pkIXjRx/GPQ7xU8jFREUciKuOOpE49JbzwnpK09gSCfOCzEIWT0oYHUYhI9jokkO,5.864297818954416,8.619389538012072,6.884937647886584
1167600,pkIXjRx/GPQ7xU8jFREUciKuOOpE49JbzwnpK09gSCfOCzEIWT0oYHUYhI9jokkO,5.757366774812569,12.52402860234666,7.586553728969953
1167900,pkIXjRx/GPQ7xU8jFREUciKuOOpE49JbzwnpK09gSCfOCzEIWT0oYHUYhI9jokkO,6.289738081537713,34.6924331800447,9.747701960160292
1168200,pkIXjRx/GPQ7xU8jFREUciKuOOpE49JbzwnpK09gSCfOCzEIWT0oYHUYhI9jokkO,5.7653128934199405,63.23170937171664,13.275833862748604
1168500,pkIXjRx/GPQ7xU8jFREUciKuOOpE49JbzwnpK09gSCfOCzEIWT0oYHUYhI9jokkO,5.892736415095884,7.956331576937405,6.652151995212623
1168800,pkIXjRx/GPQ7xU8jFREUciKuOOpE49JbzwnpK09gSCfOCzEIWT0oYHUYhI9jokkO,6.041308199229235,13.683691398276746,7.8941436648595955
1169100,pkIXjRx/GPQ7xU8jFREUciKuOOpE49JbzwnpK09gSCfOCzEIWT0oYHUYhI9jokkO,6.136566974681856,37.422397055081575,9.790893560266749
1169400,pkIXjRx/GPQ7xU8jFREUciKuOOpE49JbzwnpK09gSCfOCzEIWT0oYHUYhI9jokkO,5.870669988833878,63.596917203103565,14.126993456608025
1169700,pkIXjRx/GPQ7xU8jFREUciKuOOpE49JbzwnpK09gSCfOCzEIWT0oYHUYhI9jokkO,6.197238772876949,8.587450315288935,7.205092831748645
1170000,pkIXjRx/GPQ7xU8jFREUciKuOOpE49JbzwnpK09gSCfOCzEIWT0oYHUYhI9jokkO,5.911900768030493,12.718619134201775,7.6151768771218435
1170300,pkIXjRx/GPQ7xU8jFREUciKuOOpE49JbzwnpK09gSCfOCzEIWT0oYHUYhI9jokkO,5.900547112275596,34.79052444437189,9.750283186790409
1170600,pkIXjRx/GPQ7xU8jFREUciKuOOpE49JbzwnpK09gSCfOCzEIWT0oYHUYhI9jokkO,6.003428374003276,61.152821464896114,13.527988747368154
1170900,pkIXjRx/GPQ7xU8jFREUciKuOOpE49JbzwnpK09gSCfOCzEIWT0oYHUYhI9jokkO,6.019050792215685,8.254118771032832,6.761994445583057
1171200,pkIXjRx/GPQ7xU8jFREUciKuOOpE49JbzwnpK09gSCfOCzEIWT0oYHUYhI9jokkO,5.939534649199862,12.799378664116784,7.5173819530664465
1171500,pkIXjRx/GPQ7xU8jFREUciKuOOpE49JbzwnpK09gSCfOCzEIWT0oYHUYhI9jokkO,6.056627467897951,34.798958940316595,9.431043623359937
1171800,pkIXjRx/GPQ7xU8jFREUciKuOOpE49JbzwnpK09gSCfOCzEIWT0oYHUYhI9jokkO,5.736222274010881,46.561068398357854,13.145508647828605
1172100,pkIXjRx/GPQ7xU8jFREUciKuOOpE49JbzwnpK09gSCfOCzEIWT0oYHUYhI9jokkO,5.597651801043703,8.051608895275578,6.543194945882866
1172400,pkIXjRx/GPQ7xU8jFREUciKuOOpE49JbzwnpK09gSCfOCzEIWT0oYHUYhI9jokkO,5.822231654452408,13.41328413403618,7.962528063383777
1172700,pkIXjRx/GPQ7xU8jFREUciKuOOpE49JbzwnpK09gSCfOCzEIWT0oYHUYhI9jokkO,12.096949100696404,41.25055173739533,16.339151455389658
1173000,pkIXjRx/GPQ7xU8jFREUciKuOOpE49JbzwnpK09gSCfOCzEIWT0oYHUYhI9jokkO,12.224749587902444,49.446228351929086,19.72280749470171
1173300,pkIXjRx/GPQ7xU8jFREUciKuOOpE49JbzwnpK09gSCfOCzEIWT0oYHUYhI9jokkO,5.964519235980748,8.249975527030672,7.097978332087906
1173600,pkIXjRx/GPQ7xU8jFREUciKuOOpE49JbzwnpK09gSCfOCzEIWT0oYHUYhI9jokkO,6.126592291282392,13.423133078373493,7.7266757653215485
1173900,pkIXjRx/GPQ7xU8jFREUciKuOOpE49JbzwnpK09gSCfOCzEIWT0oYHUYhI9jokkO,5.816227033861916,35.55669635445775,9.493144547369766
1174200,pkIXjRx/GPQ7xU8jFREUciKuOOpE49JbzwnpK09gSCfOCzEIWT0oYHUYhI9jokkO,6.3735117999594335,44.0146184234836,14.008043616571182
1174500,pkIXjRx/GPQ7xU8jFREUciKuOOpE49JbzwnpK09gSCfOCzEIWT0oYHUYhI9jokkO,5.995754984685259,8.968616930738234,6.850996936553059
1174800,pkIXjRx/GPQ7xU8jFREUciKuOOpE49JbzwnpK09gSCfOCzEIWT0oYHUYhI9jokkO,5.832083677139328,13.41561796435318,7.55581497480478
1175100,pkIXjRx/GPQ7xU8jFREUciKuOOpE49JbzwnpK09gSCfOCzEIWT0oYHUYhI9jokkO,6.190933336884767,35.87857720436253,9.785600260051993
1175400,pkIXjRx/GPQ7xU8jFREUciKuOOpE49JbzwnpK09gSCfOCzEIWT0oYHUYhI9jokkO,5.999419223307592,39.447739189374886,13.472875077634988
1175700,pkIXjRx/GPQ7xU8jFREUciKuOOpE49JbzwnpK09gSCfOCzEIWT0oYHUYhI9jokkO,6.0264728805077015,8.171528914860204,6.626907418420087
1176000,pkIXjRx/GPQ7xU8jFREUciKuOOpE49JbzwnpK09gSCfOCzEIWT0oYHUYhI9jokkO,6.117112703754471,13.664215955728734,7.866773664749
1176300,pkIXjRx/GPQ7xU8jFREUciKuOOpE49JbzwnpK09gSCfOCzEIWT0oYHUYhI9jokkO,6.0320485935441726,35.2793363548704,9.5596678758184
1176600,pkIXjRx/GPQ7xU8jFREUciKuOOpE49JbzwnpK09gSCfOCzEIWT0oYHUYhI9jokkO,5.544547152542147,39.72342623941802,14.121042208977537
1176900,pkIXjRx/GPQ7xU8jFREUciKuOOpE49JbzwnpK09gSCfOCzEIWT0oYHUYhI9jokkO,6.042133334198358,8.108770961161978,6.8813436798530985
1177200,pkIXjRx/GPQ7xU8jFREUciKuOOpE49JbzwnpK09gSCfOCzEIWT0oYHUYhI9jokkO,5.925887442886018,13.69771167794919,7.745779514498363
1177500,pkIXjRx/GPQ7xU8jFREUciKuOOpE49JbzwnpK09gSCfOCzEIWT0oYHUYhI9jokkO,5.959077408856847,34.35742634789881,9.481278370645244
1177800,pkIXjRx/GPQ7xU8jFREUciKuOOpE49JbzwnpK09gSCfOCzEIWT0oYHUYhI9jokkO,6.3670123210792715,39.0637847639321,13.769536053957998
1178100,pkIXjRx/GPQ7xU8jFREUciKuOOpE49JbzwnpK09gSCfOCzEIWT0oYHUYhI9jokkO,6.078097557097159,8.97700181633388,7.08472579199512
1178400,pkIXjRx/GPQ7xU8jFREUciKuOOpE49JbzwnpK09gSCfOCzEIWT0oYHUYhI9jokkO,5.955368637373642,13.953300252404793,7.839855361432922
1178700,pkIXjRx/GPQ7xU8jFREUciKuOOpE49JbzwnpK09gSCfOCzEIWT0oYHUYhI9jokkO,6.285588881874227,36.2574911509319,9.952494129762105
1179000,pkIXjRx/GPQ7xU8jFREUciKuOOpE49JbzwnpK09gSCfOCzEIWT0oYHUYhI9jokkO,5.900003234082031,41.147427616164215,13.639860219465032
1179300,pkIXjRx/GPQ7xU8jFREUciKuOOpE49JbzwnpK09gSCfOCzEIWT0oYHUYhI9jokkO,5.931728760782401,9.15840793172916,6.983326267389556
1179600,pkIXjRx/GPQ7xU8jFREUciKuOOpE49JbzwnpK09gSCfOCzEIWT0oYHUYhI9jokkO,5.851110075247665,13.648497216884484,7.8656720667858275
1179900,pkIXjRx/GPQ7xU8jFREUciKuOOpE49JbzwnpK09gSCfOCzEIWT0oYHUYhI9jokkO,5.9743241767389765,26.53898146394384,9.474351853192056
1180200,pkIXjRx/GPQ7xU8jFREUciKuOOpE49JbzwnpK09gSCfOCzEIWT0oYHUYhI9jokkO,6.1779546371744365,40.062068675998944,14.414379547597362
1180500,pkIXjRx/GPQ7xU8jFREUciKuOOpE49JbzwnpK09gSCfOCzEIWT0oYHUYhI9jokkO,6.06399609738638,8.66107530626885,6.9760704552191966
1180800,pkIXjRx/GPQ7xU8jFREUciKuOOpE49JbzwnpK09gSCfOCzEIWT0oYHUYhI9jokkO,5.709529986819838,14.384159554721226,7.745636303764256
1181100,pkIXjRx/GPQ7xU8jFREUciKuOOpE49JbzwnpK09gSCfOCzEIWT0oYHUYhI9jokkO,5.755018899571381,35.668221917661306,9.491254783247198
1181400,pkIXjRx/GPQ7xU8jFREUciKuOOpE49JbzwnpK09gSCfOCzEIWT0oYHUYhI9jokkO,6.278895841700272,42.26346814668688,13.773306076403344
1181700,pkIXjRx/GPQ7xU8jFREUciKuOOpE49JbzwnpK09gSCfOCzEIWT0oYHUYhI9jokkO,5.734326684103167,8.772449359276413,6.849672369415572
1182000,pkIXjRx/GPQ7xU8jFREUciKuOOpE49JbzwnpK09gSCfOCzEIWT0oYHUYhI9jokkO,5.715449457186385,14.032321068777666,7.7384307423860355
1182300,pkIXjRx/GPQ7xU8jFREUciKuOOpE49JbzwnpK09gSCfOCzEIWT0oYHUYhI9jokkO,6.42163056316039,22.992589168608784,10.172637376206906
1182600,pkIXjRx/GPQ7xU8jFREUciKuOOpE49JbzwnpK09gSCfOCzEIWT0oYHUYhI9jokkO,5.832038313597317,43.11968785073062,13.524133894846846
1182900,pkIXjRx/GPQ7xU8jFREUciKuOOpE49JbzwnpK09gSCfOCzEIWT0oYHUYhI9jokkO,6.082988749491484,8.119991107277006,6.809470096793035
1183200,pkIXjRx/GPQ7xU8jFREUciKuOOpE49JbzwnpK09gSCfOCzEIWT0oYHUYhI9jokkO,6.254462827031516,14.459134937346846,7.983749553865293
1183500,pkIXjRx/GPQ7xU8jFREUciKuOOpE49JbzwnpK09gSCfOCzEIWT0oYHUYhI9jokkO,6.107433577307591,35.188272414856506,9.688799372889495
1183800,pkIXjRx/GPQ7xU8jFREUciKuOOpE49JbzwnpK09gSCfOCzEIWT0oYHUYhI9jokkO,6.221000635858862,43.42776549915741,14.357686222089374
1184100,pkIXjRx/GPQ7xU8jFREUciKuOOpE49JbzwnpK09gSCfOCzEIWT0oYHUYhI9jokkO,6.268303084709102,8.0953374983847,7.0502052343224735
1184400,pkIXjRx/GPQ7xU8jFREUciKuOOpE49JbzwnpK09gSCfOCzEIWT0oYHUYhI9jokkO,6.1226604346211655,14.409671253824724,7.71717599866712
1184700,pkIXjRx/GPQ7xU8jFREUciKuOOpE49JbzwnpK09gSCfOCzEIWT0oYHUYhI9jokkO,5.7315545947597215,31.34219887813849,9.535770531687833
1185000,pkIXjRx/GPQ7xU8jFREUciKuOOpE49JbzwnpK09gSCfOCzEIWT0oYHUYhI9jokkO,6.3591044656788736,44.373408841888654,13.837091747627827
1185300,pkIXjRx/GPQ7xU8jFREUciKuOOpE49JbzwnpK09gSCfOCzEIWT0oYHUYhI9jokkO,6.219447187073838,8.75605072043031,7.048627970484845
1185600,pkIXjRx/GPQ7xU8jFREUciKuOOpE49JbzwnpK09gSCfOCzEIWT0oYHUYhI9jokkO,6.136014271436553,14.26768816795464,7.8681725070540525
1185900,pkIXjRx/GPQ7xU8jFREUciKuOOpE49JbzwnpK09gSCfOCzEIWT0oYHUYhI9jokkO,5.999153377885348,35.311947679127435,9.812353367643762
1186200,pkIXjRx/GPQ7xU8jFREUciKuOOpE49JbzwnpK09gSCfOCzEIWT0oYHUYhI9jokkO,6.179588547977594,45.08877019650702,14.408569729973063
1186500,pkIXjRx/GPQ7xU8jFREUciKuOOpE49JbzwnpK09gSCfOCzEIWT0oYHUYhI9jokkO,5.750535505245182,7.944653280531885,6.787032373339454
1186800,pkIXjRx/GPQ7xU8jFREUciKuOOpE49JbzwnpK09gSCfOCzEIWT0oYHUYhI9jokkO,5.901627399263472,14.357263367532756,7.945984625465162
1187100,pkIXjRx/GPQ7xU8jFREUciKuOOpE49JbzwnpK09gSCfOCzEIWT0oYHUYhI9jokkO,5.877525876632702,34.88012705014531,9.65696715914839
1187400,pkIXjRx/GPQ7xU8jFREUciKuOOpE49JbzwnpK09gSCfOCzEIWT0oYHUYhI9jokkO,6.38336947692502,46.18284708029064,13.502489610432235
1187700,pkIXjRx/GPQ7xU8jFREUciKuOOpE49JbzwnpK09gSCfOCzEIWT0oYHUYhI9jokkO,5.94643473275374,11.349441675931509,7.759547788652424
1188000,pkIXjRx/GPQ7xU8jFREUciKuOOpE49JbzwnpK09gSCfOCzEIWT0oYHUYhI9jokkO,5.9460713597608486,14.928444847943458,7.778633072660547
1188300,pkIXjRx/GPQ7xU8jFREUciKuOOpE49JbzwnpK09gSCfOCzEIWT0oYHUYhI9jokkO,5.708704933481757,34.991231676341705,9.47874328575789
1188600,pkIXjRx/GPQ7xU8jFREUciKuOOpE49JbzwnpK09gSCfOCzEIWT0oYHUYhI9jokkO,6.238216828296812,47.673328722706046,13.630006264004075
1188900,pkIXjRx/GPQ7xU8jFREUciKuOOpE49JbzwnpK09gSCfOCzEIWT0oYHUYhI9jokkO,6.316427837172956,8.540668361746798,6.8940991089736725
1189200,pkIXjRx/GPQ7xU8jFREUciKuOOpE49JbzwnpK09gSCfOCzEIWT0oYHUYhI9jokkO,5.984484441866794,12.66803456776667,7.693313253658408
1189500,pkIXjRx/GPQ7xU8jFREUciKuOOpE49JbzwnpK09gSCfOCzEIWT0oYHUYhI9jokkO,5.956007776315668,22.098788294245693,9.777471512143197
1189800,pkIXjRx/GPQ7xU8jFREUciKuOOpE49JbzwnpK09gSCfOCzEIWT0oYHUYhI9jokkO,6.023457115284495,48.14611442261352,13.37403136809388
1190100,pkIXjRx/GPQ7xU8jFREUciKuOOpE49JbzwnpK09gSCfOCzEIWT0oYHUYhI9jokkO,5.8874550995191965,8.037562423461459,6.788742566976238
1190400,pkIXjRx/GPQ7xU8jFREUciKuOOpE49JbzwnpK09gSCfOCzEIWT0oYHUYhI9jokkO,6.664958436293892,13.198930848464308,8.118933100380763
1190700,pkIXjRx/GPQ7xU8jFREUciKuOOpE49JbzwnpK09gSCfOCzEIWT0oYHUYhI9jokkO,6.36741318481827,23.569784293840733,9.62864441104332
1191000,pkIXjRx/GPQ7xU8jFREUciKuOOpE49JbzwnpK09gSCfOCzEIWT0oYHUYhI9jokkO,5.776041445228163,49.47028602918884,13.386403339809087
1191300,pkIXjRx/GPQ7xU8jFREUciKuOOpE49JbzwnpK09gSCfOCzEIWT0oYHUYhI9jokkO,6.222783672209147,13.447476095235418,7.7135862062451315
1191600,pkIXjRx/GPQ7xU8jFREUciKuOOpE49JbzwnpK09gSCfOCzEIWT0oYHUYhI9jokkO,5.7996992870627375,13.14906857245986,7.6700144082902355
1191900,pkIXjRx/GPQ7xU8jFREUciKuOOpE49JbzwnpK09gSCfOCzEIWT0oYHUYhI9jokkO,5.95853023511506,21.761733129914703,9.528351704942796
1192200,pkIXjRx/GPQ7xU8jFREUciKuOOpE49JbzwnpK09gSCfOCzEIWT0oYHUYhI9jokkO,6.403790860439768,51.384844768051714,13.814664315500982
1192500,pkIXjRx/GPQ7xU8jFREUciKuOOpE49JbzwnpK09gSCfOCzEIWT0oYHUYhI9jokkO,5.8459997695984685,8.599143694367553,6.838032075560129
1192800,pkIXjRx/GPQ7xU8jFREUciKuOOpE49JbzwnpK09gSCfOCzEIWT0oYHUYhI9jokkO,5.887896667618064,13.186260466886088,7.770390686155852
1193100,pkIXjRx/GPQ7xU8jFREUciKuOOpE49JbzwnpK09gSCfOCzEIWT0oYHUYhI9jokkO,6.431337548111434,22.646142669409585,9.76462655084488
1193400,pkIXjRx/GPQ7xU8jFREUciKuOOpE49JbzwnpK09gSCfOCzEIWT0oYHUYhI9jokkO,6.0697559812534285,53.09556479558347,13.570135411225154
1193700,pkIXjRx/GPQ7xU8jFREUciKuOOpE49JbzwnpK09gSCfOCzEIWT0oYHUYhI9jokkO,6.066051486571123,8.082295338022295,6.717051476382259
1194000,pkIXjRx/GPQ7xU8jFREUciKuOOpE49JbzwnpK09gSCfOCzEIWT0oYHUYhI9jokkO,6.541147425968848,13.646040925342271,8.14493597283526
1194300,pkIXjRx/GPQ7xU8jFREUciKuOOpE49JbzwnpK09gSCfOCzEIWT0oYHUYhI9jokkO,6.129126086656872,36.0182998304479,9.562942246743864
1194600,pkIXjRx/GPQ7xU8jFREUciKuOOpE49JbzwnpK09gSCfOCzEIWT0oYHUYhI9jokkO,5.823489077830469,58.696793019065744,13.457458919728056
1194900,pkIXjRx/GPQ7xU8jFREUciKuOOpE49JbzwnpK09gSCfOCzEIWT0oYHUYhI9jokkO,6.190343116736313,11.952491325915826,7.746545955754706
1195200,pkIXjRx/GPQ7xU8jFREUciKuOOpE49JbzwnpK09gSCfOCzEIWT0oYHUYhI9jokkO,5.757282531882996,13.171845375956233,7.7060511596642
1195500,pkIXjRx/GPQ7xU8jFREUciKuOOpE49JbzwnpK09gSCfOCzEIWT0oYHUYhI9jokkO,5.966741562273965,35.61450207377256,9.566424787090575
1195800,pkIXjRx/GPQ7xU8jFREUciKuOOpE49JbzwnpK09gSCfOCzEIWT0oYHUYhI9jokkO,6.5263239140033855,61.28436577421272,13.711743553483132
1196100,pkIXjRx/GPQ7xU8jFREUciKuOOpE49JbzwnpK09gSCfOCzEIWT0oYHUYhI9jokkO,6.178330348579852,8.746335550546277,6.816668510023835
1196400,pkIXjRx/GPQ7xU8jFREUciKuOOpE49JbzwnpK09gSCfOCzEIWT0oYHUYhI9jokkO,5.640341283869816,12.972780137448668,7.427290996327794
1196700,pkIXjRx/GPQ7xU8jFREUciKuOOpE49JbzwnpK09gSCfOCzEIWT0oYHUYhI9jokkO,6.050438467793097,21.385621422696342,9.635788574352151
1197000,pkIXjRx/GPQ7xU8jFREUciKuOOpE49JbzwnpK09gSCfOCzEIWT0oYHUYhI9jokkO,5.682339275896768,63.9010559179005,13.229215626643564
1197300,pkIXjRx/GPQ7xU8jFREUciKuOOpE49JbzwnpK09gSCfOCzEIWT0oYHUYhI9jokkO,5.814825302989853,8.322361381051385,6.650279013696206
1197600,pkIXjRx/GPQ7xU8jFREUciKuOOpE49JbzwnpK09gSCfOCzEIWT0oYHUYhI9jokkO,6.0427264516039445,12.888610473014674,7.749851349164851
1197900,pkIXjRx/GPQ7xU8jFREUciKuOOpE49JbzwnpK09gSCfOCzEIWT0oYHUYhI9jokkO,5.667821143310369,28.83074491381968,9.4548587486372
1198200,pkIXjRx/GPQ7xU8jFREUciKuOOpE49JbzwnpK09gSCfOCzEIWT0oYHUYhI9jokkO,5.915853713091899,69.57521554061496,14.198626164717108
1198500,pkIXjRx/GPQ7xU8jFREUciKuOOpE49JbzwnpK09gSCfOCzEIWT0oYHUYhI9jokkO,5.921286828223996,11.618386538394228,7.792313962885002
1198800,pkIXjRx/GPQ7xU8jFREUciKuOOpE49JbzwnpK09gSCfOCzEIWT0oYHUYhI9jokkO,6.140918693471633,13.258357389928271,7.722389521523791
1199100,pkIXjRx/GPQ7xU8jFREUciKuOOpE49JbzwnpK09gSCfOCzEIWT0oYHUYhI9jokkO,5.776647502668997,34.923299180913745,9.508194350594547
1199400,pkIXjRx/GPQ7xU8jFREUciKuOOpE49JbzwnpK09gSCfOCzEIWT0oYHUYhI9jokkO,6.021976653141149,70.09488184038044,13.599990355480646
1199700,pkIXjRx/GPQ7xU8jFREUciKuOOpE49JbzwnpK09gSCfOCzEIWT0oYHUYhI9jokkO,6.188279951667891,8.602096535543254,6.961455438409498
1200000,pkIXjRx/GPQ7xU8jFREUciKuOOpE49JbzwnpK09gSCfOCzEIWT0oYHUYhI9jokkO,5.88330903840009,13.061207095523788,7.674082129536968
1200300,pkIXjRx/GPQ7xU8jFREUciKuOOpE49JbzwnpK09gSCfOCzEIWT0oYHUYhI9jokkO,5.780585538902492,30.841177974430074,9.77810068464924
1200600,pkIXjRx/GPQ7xU8jFREUciKuOOpE49JbzwnpK09gSCfOCzEIWT0oYHUYhI9jokkO,5.797379540977049,70.26472184552857,13.458997125324297
1200900,pkIXjRx/GPQ7xU8jFREUciKuOOpE49JbzwnpK09gSCfOCzEIWT0oYHUYhI9jokkO,5.776758117867519,8.107456264385469,6.74846535210835
1201200,pkIXjRx/GPQ7xU8jFREUciKuOOpE49JbzwnpK09gSCfOCzEIWT0oYHUYhI9jokkO,6.14080159935428,11.562518434324677,7.889962704516894
1201500,pkIXjRx/GPQ7xU8jFREUciKuOOpE49JbzwnpK09gSCfOCzEIWT0oYHUYhI9jokkO,5.8179865503573325,35.460582265462826,9.715045996778072
1201800,pkIXjRx/GPQ7xU8jFREUciKuOOpE49JbzwnpK09gSCfOCzEIWT0oYHUYhI9jokkO,6.006089071726903,57.048493849048334,13.478766556529536
1202100,pkIXjRx/GPQ7xU8jFREUciKuOOpE49JbzwnpK09gSCfOCzEIWT0oYHUYhI9jokkO,10.746322846763528,15.098029337825553,13.067198253860337
1202400,pkIXjRx/GPQ7xU8jFREUciKuOOpE49JbzwnpK09gSCfOCzEIWT0oYHUYhI9jokkO,10.9810858248102,18.262809856097128,13.018538959591002
1202700,pkIXjRx/GPQ7xU8jFREUciKuOOpE49JbzwnpK09gSCfOCzEIWT0oYHUYhI9jokkO,5.9188951152293,34.428154111278026,10.09649434089064
1203000,pkIXjRx/GPQ7xU8jFREUciKuOOpE49JbzwnpK09gSCfOCzEIWT0oYHUYhI9jokkO,6.030575963952612,50.33567667122135,13.71716321402209
1203300,pkIXjRx/GPQ7xU8jFREUciKuOOpE49JbzwnpK09gSCfOCzEIWT0oYHUYhI9jokkO,5.9660448336059195,8.614904576516086,7.018704068631342
1203600,pkIXjRx/GPQ7xU8jFREUciKuOOpE49JbzwnpK09gSCfOCzEIWT0oYHUYhI9jokkO,6.017872232142961,12.972489529664491,7.673921523005236
1203900,pkIXjRx/GPQ7xU8jFREUciKuOOpE49JbzwnpK09gSCfOCzEIWT0oYHUYhI9jokkO,6.197451789814157,29.60717559847892,10.131203316027165
1204200,pkIXjRx/GPQ7xU8jFREUciKuOOpE49JbzwnpK09gSCfOCzEIWT0oYHUYhI9jokkO,5.929453031875025,46.06868425753632,13.12480458838373
1204500,pkIXjRx/GPQ7xU8jFREUciKuOOpE49JbzwnpK09gSCfOCzEIWT0oYHUYhI9jokkO,6.076750865208711,8.285082983204905,7.10092671290725
1204800,pkIXjRx/GPQ7xU8jFREUciKuOOpE49JbzwnpK09gSCfOCzEIWT0oYHUYhI9jokkO,6.166070072896553,13.192129337669485,7.529030015365751
1205100,pkIXjRx/GPQ7xU8jFREUciKuOOpE49JbzwnpK09gSCfOCzEIWT0oYHUYhI9jokkO,5.972262004246629,35.36374038109719,10.07871023763932
1205400,pkIXjRx/GPQ7xU8jFREUciKuOOpE49JbzwnpK09gSCfOCzEIWT0oYHUYhI9jokkO,5.920587807544869,46.06393911166498,13.062240020843753
1205700,pkIXjRx/GPQ7xU8jFREUciKuOOpE49JbzwnpK09gSCfOCzEIWT0oYHUYhI9jokkO,6.2700861980909615,11.602224365780051,8.022484848099806
1206000,pkIXjRx/GPQ7xU8jFREUciKuOOpE49JbzwnpK09gSCfOCzEIWT0oYHUYhI9jokkO,5.792862842146566,13.174373501101751,7.7526282444006975
1206300,pkIXjRx/GPQ7xU8jFREUciKuOOpE49JbzwnpK09gSCfOCzEIWT0oYHUYhI9jokkO,5.914820380192937,34.49226210123051,9.863298201506131
1206600,pkIXjRx/GPQ7xU8jFREUciKuOOpE49JbzwnpK09gSCfOCzEIWT0oYHUYhI9jokkO,6.14625770128913,44.1264267898345,13.379993374245554
1206900,pkIXjRx/GPQ7xU8jFREUciKuOOpE49JbzwnpK09gSCfOCzEIWT0oYHUYhI9jokkO,5.945800799994309,11.0764213455433,7.33592499605861
1207200,pkIXjRx/GPQ7xU8jFREUciKuOOpE49JbzwnpK09gSCfOCzEIWT0oYHUYhI9jokkO,5.856299211527336,13.270668090975718,7.331951830791304
1207500,pkIXjRx/GPQ7xU8jFREUciKuOOpE49JbzwnpK09gSCfOCzEIWT0oYHUYhI9jokkO,6.080888348758563,35.486228886274056,10.13823495822452
1207800,pkIXjRx/GPQ7xU8jFREUciKuOOpE49JbzwnpK09gSCfOCzEIWT0oYHUYhI9jokkO,5.828123243533248,41.20066239965054,13.128185800944188
1208100,pkIXjRx/GPQ7xU8jFREUciKuOOpE49JbzwnpK09gSCfOCzEIWT0oYHUYhI9jokkO,5.91027265139099,11.16657049720202,7.100497330774451
1208400,pkIXjRx/GPQ7xU8jFREUciKuOOpE49JbzwnpK09gSCfOCzEIWT0oYHUYhI9jokkO,5.881876779217659,13.375937987959045,7.510800910738432
1208700,pkIXjRx/GPQ7xU8jFREUciKuOOpE49JbzwnpK09gSCfOCzEIWT0oYHUYhI9jokkO,5.656993727629704,35.4411184365956,9.996478640958417
1209000,pkIXjRx/GPQ7xU8jFREUciKuOOpE49JbzwnpK09gSCfOCzEIWT0oYHUYhI9jokkO,5.65031067383771,38.73250434846678,13.02461181553225
1209300,pkIXjRx/GPQ7xU8jFREUciKuOOpE49JbzwnpK09gSCfOCzEIWT0oYHUYhI9jokkO,5.8327407915966525,11.164361907171727,7.2736079001004
1209600,pkIXjRx/GPQ7xU8jFREUciKuOOpE49JbzwnpK09gSCfOCzEIWT0oYHUYhI9jokkO,5.794888848976884,11.582260139511344,8.10637585867869
1209900,pkIXjRx/GPQ7xU8jFREUciKuOOpE49JbzwnpK09gSCfOCzEIWT0oYHUYhI9jokkO,5.81729942559402,34.8150452869956,9.750087760564941
1210200,pkIXjRx/GPQ7xU8jFREUciKuOOpE49JbzwnpK09gSCfOCzEIWT0oYHUYhI9jokkO,6.0221867902667965,38.67536628444328,13.960171993206226
1210500,pkIXjRx/GPQ7xU8jFREUciKuOOpE49JbzwnpK09gSCfOCzEIWT0oYHUYhI9jokkO,5.760227934175927,9.776258532980124,7.465958725578248
1210800,pkIXjRx/GPQ7xU8jFREUciKuOOpE49JbzwnpK09gSCfOCzEIWT0oYHUYhI9jokkO,5.8268155065955725,21.149393555491237,9.269461579652702
1211100,pkIXjRx/GPQ7xU8jFREUciKuOOpE49JbzwnpK09gSCfOCzEIWT0oYHUYhI9jokkO,6.450645353780385,34.770748740528184,13.153265215555182
1211400,pkIXjRx/GPQ7xU8jFREUciKuOOpE49JbzwnpK09gSCfOCzEIWT0oYHUYhI9jokkO,5.967601469806949,38.40123471271936,13.235746960606512
1211700,pkIXjRx/GPQ7xU8jFREUciKuOOpE49JbzwnpK09gSCfOCzEIWT0oYHUYhI9jokkO,5.7010028712046585,8.894556618001085,6.983986008535774
1212000,pkIXjRx/GPQ7xU8jFREUciKuOOpE49JbzwnpK09gSCfOCzEIWT0oYHUYhI9jokkO,5.806112904542736,12.723232301152398,7.660203713556719
1212300,pkIXjRx/GPQ7xU8jFREUciKuOOpE49JbzwnpK09gSCfOCzEIWT0oYHUYhI9jokkO,6.320301148597058,26.341621791819254,10.398608945738372
1212600,pkIXjRx/GPQ7xU8jFREUciKuOOpE49JbzwnpK09gSCfOCzEIWT0oYHUYhI9jokkO,5.938791001033334,38.97604141464681,13.032183198027342
1212900,pkIXjRx/GPQ7xU8jFREUciKuOOpE49JbzwnpK09gSCfOCzEIWT0oYHUYhI9jokkO,6.463834314723847,11.285567388120883,7.766677532002935
1213200,pkIXjRx/GPQ7xU8jFREUciKuOOpE49JbzwnpK09gSCfOCzEIWT0oYHUYhI9jokkO,5.935290606396226,13.155726920463923,8.355062378714399
1213500,pkIXjRx/GPQ7xU8jFREUciKuOOpE49JbzwnpK09gSCfOCzEIWT0oYHUYhI9jokkO,5.855035943654339,23.52499964438944,11.32891520055545
1213800,pkIXjRx/GPQ7xU8jFREUciKuOOpE49JbzwnpK09gSCfOCzEIWT0oYHUYhI9jokkO,6.549868393905034,43.4106953002908,14.5092181919171
1214100,pkIXjRx/GPQ7xU8jFREUciKuOOpE49JbzwnpK09gSCfOCzEIWT0oYHUYhI9jokkO,6.1245943032830565,10.427622570838732,7.248004363810669
1214400,pkIXjRx/GPQ7xU8jFREUciKuOOpE49JbzwnpK09gSCfOCzEIWT0oYHUYhI9jokkO,6.092002310719609,13.1816932386066,7.2389917458433555
1214700,pkIXjRx/GPQ7xU8jFREUciKuOOpE49JbzwnpK09gSCfOCzEIWT0oYHUYhI9jokkO,5.886382491823394,35.226292079330605,9.968835385540434
1215000,pkIXjRx/GPQ7xU8jFREUciKuOOpE49JbzwnpK09gSCfOCzEIWT0oYHUYhI9jokkO,5.95722686376251,45.308882869477294,13.07226778411708
1215300,pkIXjRx/GPQ7xU8jFREUciKuOOpE49JbzwnpK09gSCfOCzEIWT0oYHUYhI9jokkO,5.891823516237793,10.226971321725316,7.026841872528022
1215600,pkIXjRx/GPQ7xU8jFREUciKuOOpE49JbzwnpK09gSCfOCzEIWT0oYHUYhI9jokkO,6.144401699007164,12.97408249485135,7.444674861972117
1215900,pkIXjRx/GPQ7xU8jFREUciKuOOpE49JbzwnpK09gSCfOCzEIWT0oYHUYhI9jokkO,5.965409143077266,27.006732666348583,10.030106632617176
1216200,pkIXjRx/GPQ7xU8jFREUciKuOOpE49JbzwnpK09gSCfOCzEIWT0oYHUYhI9jokkO,6.099427586143693,47.24015297131108,13.010306898808096
1216500,pkIXjRx/GPQ7xU8jFREUciKuOOpE49JbzwnpK09gSCfOCzEIWT0oYHUYhI9jokkO,6.066858282520015,10.927279757782248,7.2979410589092515
1216800,pkIXjRx/GPQ7xU8jFREUciKuOOpE49JbzwnpK09gSCfOCzEIWT0oYHUYhI9jokkO,5.9732721358414045,13.151025369545357,8.13699068526637
1217100,pkIXjRx/GPQ7xU8jFREUciKuOOpE49JbzwnpK09gSCfOCzEIWT0oYHUYhI9jokkO,5.835257290723488,35.66205564357639,9.897643674092617
1217400,pkIXjRx/GPQ7xU8jFREUciKuOOpE49JbzwnpK09gSCfOCzEIWT0oYHUYhI9jokkO,6.002025328059147,52.1946247017847,13.247450737267997
1217700,pkIXjRx/GPQ7xU8jFREUciKuOOpE49JbzwnpK09gSCfOCzEIWT0oYHUYhI9jokkO,6.129566660351052,11.947268502146802,7.20763487254918
1218000,pkIXjRx/GPQ7xU8jFREUciKuOOpE49JbzwnpK09gSCfOCzEIWT0oYHUYhI9jokkO,6.0620132215899405,10.436350486613938,7.397603835214131
1218300,pkIXjRx/GPQ7xU8jFREUciKuOOpE49JbzwnpK09gSCfOCzEIWT0oYHUYhI9jokkO,6.025034175607652,35.458779939582215,10.133239896870448
1218600,pkIXjRx/GPQ7xU8jFREUciKuOOpE49JbzwnpK09gSCfOCzEIWT0oYHUYhI9jokkO,5.955062323195473,57.53209730835155,12.919676683029728
1218900,pkIXjRx/GPQ7xU8jFREUciKuOOpE49JbzwnpK09gSCfOCzEIWT0oYHUYhI9jokkO,5.849667304911172,10.07665993910978,6.908076066709314
1219200,pkIXjRx/GPQ7xU8jFREUciKuOOpE49JbzwnpK09gSCfOCzEIWT0oYHUYhI9jokkO,6.356172895459327,24.303142634427847,9.365632288941997
1219500,pkIXjRx/GPQ7xU8jFREUciKuOOpE49JbzwnpK09gSCfOCzEIWT0oYHUYhI9jokkO,5.963694698384536,35.39879871615966,9.88033093211151
1219800,pkIXjRx/GPQ7xU8jFREUciKuOOpE49JbzwnpK09gSCfOCzEIWT0oYHUYhI9jokkO,6.185132294483608,60.21250744814984,13.371570147330338
1220100,pkIXjRx/GPQ7xU8jFREUciKuOOpE49JbzwnpK09gSCfOCzEIWT0oYHUYhI9jokkO,6.069465260419372,12.285401524103422,7.396337217713318
1220400,pkIXjRx/GPQ7xU8jFREUciKuOOpE49JbzwnpK09gSCfOCzEIWT0oYHUYhI9jokkO,5.727040498174916,13.682240899539924,8.121395805299354
1220700,pkIXjRx/GPQ7xU8jFREUciKuOOpE49JbzwnpK09gSCfOCzEIWT0oYHUYhI9jokkO,5.8211746278600565,26.74057026252278,9.901434289997471
1221000,pkIXjRx/GPQ7xU8jFREUciKuOOpE49JbzwnpK09gSCfOCzEIWT0oYHUYhI9jokkO,5.814531145750981,61.15046445138228,13.439760591346836
1221300,pkIXjRx/GPQ7xU8jFREUciKuOOpE49JbzwnpK09gSCfOCzEIWT0oYHUYhI9jokkO,5.955991602784514,12.367463100998853,7.4071914240935
1221600,pkIXjRx/GPQ7xU8jFREUciKuOOpE49JbzwnpK09gSCfOCzEIWT0oYHUYhI9jokkO,5.9134472461054965,14.003861577954437,7.511418507216287
1221900,pkIXjRx/GPQ7xU8jFREUciKuOOpE49JbzwnpK09gSCfOCzEIWT0oYHUYhI9jokkO,6.062934393780217,34.8664818106167,10.213675727008637
1222200,pkIXjRx/GPQ7xU8jFREUciKuOOpE49JbzwnpK09gSCfOCzEIWT0oYHUYhI9jokkO,5.826020073414816,63.40523841374959,13.735406008828296
1222500,pkIXjRx/GPQ7xU8jFREUciKuOOpE49JbzwnpK09gSCfOCzEIWT0oYHUYhI9jokkO,5.888504223872998,9.14393993821234,7.161923493655949
1222800,pkIXjRx/GPQ7xU8jFREUciKuOOpE49JbzwnpK09gSCfOCzEIWT0oYHUYhI9jokkO,5.950466786403758,13.84617629071868,7.587770079137184
1223100,pkIXjRx/GPQ7xU8jFREUciKuOOpE49JbzwnpK09gSCfOCzEIWT0oYHUYhI9jokkO,5.865405193286934,34.91125042221305,10.168984288713078
1223400,pkIXjRx/GPQ7xU8jFREUciKuOOpE49JbzwnpK09gSCfOCzEIWT0oYHUYhI9jokkO,5.7672603312259705,62.006945201273645,12.887528411282972
1223700,pkIXjRx/GPQ7xU8jFREUciKuOOpE49JbzwnpK09gSCfOCzEIWT0oYHUYhI9jokkO,6.220300375453757,9.907488317581082,7.369043885412783
1224000,pkIXjRx/GPQ7xU8jFREUciKuOOpE49JbzwnpK09gSCfOCzEIWT0oYHUYhI9jokkO,5.6954651883436425,18.414060863818868,8.137766746265548
1224300,pkIXjRx/GPQ7xU8jFREUciKuOOpE49JbzwnpK09gSCfOCzEIWT0oYHUYhI9jokkO,5.681250763497021,30.911766299523347,9.847079295092817
1224600,pkIXjRx/GPQ7xU8jFREUciKuOOpE49JbzwnpK09gSCfOCzEIWT0oYHUYhI9jokkO,5.886910994542055,64.10993284670141,13.385724992103498
1224900,pkIXjRx/GPQ7xU8jFREUciKuOOpE49JbzwnpK09gSCfOCzEIWT0oYHUYhI9jokkO,5.593384361998568,10.073397004557744,7.196292147383305
1225200,pkIXjRx/GPQ7xU8jFREUciKuOOpE49JbzwnpK09gSCfOCzEIWT0oYHUYhI9jokkO,5.940189168447926,13.528412648011033,7.350418659415728
1225500,pkIXjRx/GPQ7xU8jFREUciKuOOpE49JbzwnpK09gSCfOCzEIWT0oYHUYhI9jokkO,6.060590066274423,21.576186507073743,10.178022488232177
1225800,pkIXjRx/GPQ7xU8jFREUciKuOOpE49JbzwnpK09gSCfOCzEIWT0oYHUYhI9jokkO,5.7367401160105045,62.82717748189963,13.060313954443576
1226100,pkIXjRx/GPQ7xU8jFREUciKuOOpE49JbzwnpK09gSCfOCzEIWT0oYHUYhI9jokkO,5.6609855036581616,9.682453202307215,7.123982967509661
1226400,pkIXjRx/GPQ7xU8jFREUciKuOOpE49JbzwnpK09gSCfOCzEIWT0oYHUYhI9jokkO,5.629541846332858,12.592467030683387,7.218885077699597
1226700,pkIXjRx/GPQ7xU8jFREUciKuOOpE49JbzwnpK09gSCfOCzEIWT0oYHUYhI9jokkO,5.720004108999265,20.879253055621767,9.901642844204993
1227000,pkIXjRx/GPQ7xU8jFREUciKuOOpE49JbzwnpK09gSCfOCzEIWT0oYHUYhI9jokkO,5.929825584202421,60.29182869375392,12.9246965900997
1227300,pkIXjRx/GPQ7xU8jFREUciKuOOpE49JbzwnpK09gSCfOCzEIWT0oYHUYhI9jokkO,6.107961577397119,9.674381903387692,7.279104180253211
1227600,pkIXjRx/GPQ7xU8jFREUciKuOOpE49JbzwnpK09gSCfOCzEIWT0oYHUYhI9jokkO,5.91106723127929,13.346621003947886,7.25369334355703
1227900,pkIXjRx/GPQ7xU8jFREUciKuOOpE49JbzwnpK09gSCfOCzEIWT0oYHUYhI9jokkO,5.8746589516619085,35.39374347339416,10.577094265995894
1228200,pkIXjRx/GPQ7xU8jFREUciKuOOpE49JbzwnpK09gSCfOCzEIWT0oYHUYhI9jokkO,5.922277917747876,55.42381929730958,13.30783178282672
1228500,pkIXjRx/GPQ7xU8jFREUciKuOOpE49JbzwnpK09gSCfOCzEIWT0oYHUYhI9jokkO,6.156449313672448,10.49549141630685,7.459322819363704
1228800,pkIXjRx/GPQ7xU8jFREUciKuOOpE49JbzwnpK09gSCfOCzEIWT0oYHUYhI9jokkO,5.950907461018078,12.994420485363982,7.338789140563469
1229100,pkIXjRx/GPQ7xU8jFREUciKuOOpE49JbzwnpK09gSCfOCzEIWT0oYHUYhI9jokkO,6.293322338001853,36.25145781442316,10.518838415045972
1229400,pkIXjRx/GPQ7xU8jFREUciKuOOpE49JbzwnpK09gSCfOCzEIWT0oYHUYhI9jokkO,6.09191781926388,53.20442497322554,13.22642874317315
1229700,pkIXjRx/GPQ7xU8jFREUciKuOOpE49JbzwnpK09gSCfOCzEIWT0oYHUYhI9jokkO,6.243779424657413,11.61804032497786,7.3988622458543585
1230000,pkIXjRx/GPQ7xU8jFREUciKuOOpE49JbzwnpK09gSCfOCzEIWT0oYHUYhI9jokkO,6.190581303530936,12.87956210397248,7.728547493892835
1230300,pkIXjRx/GPQ7xU8jFREUciKuOOpE49JbzwnpK09gSCfOCzEIWT0oYHUYhI9jokkO,6.208327515311252,34.98572382503212,10.164279446392488
1230600,pkIXjRx/GPQ7xU8jFREUciKuOOpE49JbzwnpK09gSCfOCzEIWT0oYHUYhI9jokkO,5.827203793448036,51.44876006813977,13.83449217778535
1230900,pkIXjRx/GPQ7xU8jFREUciKuOOpE49JbzwnpK09gSCfOCzEIWT0oYHUYhI9jokkO,6.398351232988378,12.249790500196228,7.675389064384081
1231200,pkIXjRx/GPQ7xU8jFREUciKuOOpE49JbzwnpK09gSCfOCzEIWT0oYHUYhI9jokkO,5.90934306343065,13.092745178392407,7.460562483469603
1231500,pkIXjRx/GPQ7xU8jFREUciKuOOpE49JbzwnpK09gSCfOCzEIWT0oYHUYhI9jokkO,8.588303069503995,40.49811391644677,15.860020779547996
1231800,pkIXjRx/GPQ7xU8jFREUciKuOOpE49JbzwnpK09gSCfOCzEIWT0oYHUYhI9jokkO,11.327349712338965,53.32436955877748,18.613785160453915
1232100,pkIXjRx/GPQ7xU8jFREUciKuOOpE49JbzwnpK09gSCfOCzEIWT0oYHUYhI9jokkO,6.4756598195298185,12.558360310532418,7.999923094992421
1232400,pkIXjRx/GPQ7xU8jFREUciKuOOpE49JbzwnpK09gSCfOCzEIWT0oYHUYhI9jokkO,5.881604679336024,12.985629208000018,7.4449650713119695
1232700,pkIXjRx/GPQ7xU8jFREUciKuOOpE49JbzwnpK09gSCfOCzEIWT0oYHUYhI9jokkO,6.426835868665369,35.2282560143517,10.437535945367298
1233000,pkIXjRx/GPQ7xU8jFREUciKuOOpE49JbzwnpK09gSCfOCzEIWT0oYHUYhI9jokkO,6.1840547576235,46.29969577639744,13.17000547605417
1233300,pkIXjRx/GPQ7xU8jFREUciKuOOpE49JbzwnpK09gSCfOCzEIWT0oYHUYhI9jokkO,5.993761472016251,11.479837806038937,7.286132273464499
1233600,pkIXjRx/GPQ7xU8jFREUciKuOOpE49JbzwnpK09gSCfOCzEIWT0oYHUYhI9jokkO,5.868425450963675,12.598643165553613,7.539694321273832
1233900,pkIXjRx/GPQ7xU8jFREUciKuOOpE49JbzwnpK09gSCfOCzEIWT0oYHUYhI9jokkO,5.980888956613067,35.06536782307677,10.28458044565277
1234200,pkIXjRx/GPQ7xU8jFREUciKuOOpE49JbzwnpK09gSCfOCzEIWT0oYHUYhI9jokkO,5.912557572949642,42.288852448095525,13.91224930321737
1234500,pkIXjRx/GPQ7xU8jFREUciKuOOpE49JbzwnpK09gSCfOCzEIWT0oYHUYhI9jokkO,6.144520669101269,9.581040127350583,7.407535800417184
1234800,pkIXjRx/GPQ7xU8jFREUciKuOOpE49JbzwnpK09gSCfOCzEIWT0oYHUYhI9jokkO,6.200024514912901,12.725636612717713,7.402276364050794
1235100,pkIXjRx/GPQ7xU8jFREUciKuOOpE49JbzwnpK09gSCfOCzEIWT0oYHUYhI9jokkO,6.043313660957118,35.27830986140951,10.673446991204148
1235400,pkIXjRx/GPQ7xU8jFREUciKuOOpE49JbzwnpK09gSCfOCzEIWT0oYHUYhI9jokkO,6.306692891928706,40.38904716665068,12.6537379347519
1235700,pkIXjRx/GPQ7xU8jFREUciKuOOpE49JbzwnpK09gSCfOCzEIWT0oYHUYhI9jokkO,6.074865889347198,12.40796085120998,7.948908813180672
1236000,pkIXjRx/GPQ7xU8jFREUciKuOOpE49JbzwnpK09gSCfOCzEIWT0oYHUYhI9jokkO,5.778493476916681,8.656293448562332,6.71605067496363
1236300,pkIXjRx/GPQ7xU8jFREUciKuOOpE49JbzwnpK09gSCfOCzEIWT0oYHUYhI9jokkO,6.084454165020764,32.856541550078425,10.870071593688245
1236600,pkIXjRx/GPQ7xU8jFREUciKuOOpE49JbzwnpK09gSCfOCzEIWT0oYHUYhI9jokkO,5.9487436377885325,37.867806521278204,12.495042173493411
1236900,pkIXjRx/GPQ7xU8jFREUciKuOOpE49JbzwnpK09gSCfOCzEIWT0oYHUYhI9jokkO,6.1361431018976536,13.636453787425191,8.00043403034277
1237200,pkIXjRx/GPQ7xU8jFREUciKuOOpE49JbzwnpK09gSCfOCzEIWT0oYHUYhI9jokkO,6.129834381377007,8.314837072181719,6.961125685329943
1237500,pkIXjRx/GPQ7xU8jFREUciKuOOpE49JbzwnpK09gSCfOCzEIWT0oYHUYhI9jokkO,6.1496468169088905,26.51024946501722,10.833222387774365
1237800,pkIXjRx/GPQ7xU8jFREUciKuOOpE49JbzwnpK09gSCfOCzEIWT0oYHUYhI9jokkO,6.0147871324755915,37.71531334524733,12.440178718430436
1238100,pkIXjRx/GPQ7xU8jFREUciKuOOpE49JbzwnpK09gSCfOCzEIWT0oYHUYhI9jokkO,5.961059728430333,13.307541595213856,8.152238485301828
1238400,pkIXjRx/GPQ7xU8jFREUciKuOOpE49JbzwnpK09gSCfOCzEIWT0oYHUYhI9jokkO,5.606550114991228,8.005381360989876,6.6186081913461114
1238700,pkIXjRx/GPQ7xU8jFREUciKuOOpE49JbzwnpK09gSCfOCzEIWT0oYHUYhI9jokkO,6.160640690118341,34.9318884690418,11.616860930069311
1239000,pkIXjRx/GPQ7xU8jFREUciKuOOpE49JbzwnpK09gSCfOCzEIWT0oYHUYhI9jokkO,6.399266553515496,42.78206217716005,12.811588701164842
1239300,pkIXjRx/GPQ7xU8jFREUciKuOOpE49JbzwnpK09gSCfOCzEIWT0oYHUYhI9jokkO,6.104009263188983,12.74710206934912,8.069990329875164
1239600,pkIXjRx/GPQ7xU8jFREUciKuOOpE49JbzwnpK09gSCfOCzEIWT0oYHUYhI9jokkO,6.026874192663948,9.554196839484469,6.815766390976441
1239900,pkIXjRx/GPQ7xU8jFREUciKuOOpE49JbzwnpK09gSCfOCzEIWT0oYHUYhI9jokkO,6.001571261148489,34.71517105425879,11.004452972561372
1240200,pkIXjRx/GPQ7xU8jFREUciKuOOpE49JbzwnpK09gSCfOCzEIWT0oYHUYhI9jokkO,5.807970118177947,42.4532041956907,12.386373014712966
1240500,pkIXjRx/GPQ7xU8jFREUciKuOOpE49JbzwnpK09gSCfOCzEIWT0oYHUYhI9jokkO,5.820828696825068,12.730028438120264,7.817056656915673
1240800,pkIXjRx/GPQ7xU8jFREUciKuOOpE49JbzwnpK09gSCfOCzEIWT0oYHUYhI9jokkO,5.817326930005327,8.058221634216354,6.729471364536515
1241100,pkIXjRx/GPQ7xU8jFREUciKuOOpE49JbzwnpK09gSCfOCzEIWT0oYHUYhI9jokkO,6.125883144221888,35.68939587642784,10.822955313681105
1241400,pkIXjRx/GPQ7xU8jFREUciKuOOpE49JbzwnpK09gSCfOCzEIWT0oYHUYhI9jokkO,6.020399247844017,43.22452873224282,12.493521955010149
1241700,pkIXjRx/GPQ7xU8jFREUciKuOOpE49JbzwnpK09gSCfOCzEIWT0oYHUYhI9jokkO,6.174024318877077,12.658513294862116,8.12749511568504
1242000,pkIXjRx/GPQ7xU8jFREUciKuOOpE49JbzwnpK09gSCfOCzEIWT0oYHUYhI9jokkO,5.957409729866116,7.755073808076592,6.717193368690947
1242300,pkIXjRx/GPQ7xU8jFREUciKuOOpE49JbzwnpK09gSCfOCzEIWT0oYHUYhI9jokkO,6.289453935106882,36.53468843175985,11.506042218453402
1242600,pkIXjRx/GPQ7xU8jFREUciKuOOpE49JbzwnpK09gSCfOCzEIWT0oYHUYhI9jokkO,6.203257868800852,47.334438940192925,12.696207165669415
1242900,pkIXjRx/GPQ7xU8jFREUciKuOOpE49JbzwnpK09gSCfOCzEIWT0oYHUYhI9jokkO,6.308967184674105,11.9523191630784,7.958216461246272
1243200,pkIXjRx/GPQ7xU8jFREUciKuOOpE49JbzwnpK09gSCfOCzEIWT0oYHUYhI9jokkO,6.206757775557683,7.899498079588784,7.058626413228952
1243500,pkIXjRx/GPQ7xU8jFREUciKuOOpE49JbzwnpK09gSCfOCzEIWT0oYHUYhI9jokkO,6.884525644103018,34.41249118171866,11.375981984882484
1243800,pkIXjRx/GPQ7xU8jFREUciKuOOpE49JbzwnpK09gSCfOCzEIWT0oYHUYhI9jokkO,6.082210148123686,46.573309522310566,12.48313204549754
1244100,pkIXjRx/GPQ7xU8jFREUciKuOOpE49JbzwnpK09gSCfOCzEIWT0oYHUYhI9jokkO,6.021354289686268,11.6501614852207,7.926213752786454
1244400,pkIXjRx/GPQ7xU8jFREUciKuOOpE49JbzwnpK09gSCfOCzEIWT0oYHUYhI9jokkO,5.946453058402612,7.644107951267789,6.83363006696916
1244700,pkIXjRx/GPQ7xU8jFREUciKuOOpE49JbzwnpK09gSCfOCzEIWT0oYHUYhI9jokkO,5.914231370003808,30.207804857286664,10.883864162253609
1245000,pkIXjRx/GPQ7xU8jFREUciKuOOpE49JbzwnpK09gSCfOCzEIWT0oYHUYhI9jokkO,6.025333458804125,55.47220963067193,12.416787600637292
1245300,pkIXjRx/GPQ7xU8jFREUciKuOOpE49JbzwnpK09gSCfOCzEIWT0oYHUYhI9jokkO,5.2711509504697664,14.230042503748985,8.10116467776217
1245600,pkIXjRx/GPQ7xU8jFREUciKuOOpE49JbzwnpK09gSCfOCzEIWT0oYHUYhI9jokkO,5.841289036229617,7.741695724896464,6.524803685841033
1245900,pkIXjRx/GPQ7xU8jFREUciKuOOpE49JbzwnpK09gSCfOCzEIWT0oYHUYhI9jokkO,5.42319655922794,23.11632934120916,11.344406017444108
1246200,pkIXjRx/GPQ7xU8jFREUciKuOOpE49JbzwnpK09gSCfOCzEIWT0oYHUYhI9jokkO,6.473519367670584,56.98015700251441,12.624984453776452
1246500,pkIXjRx/GPQ7xU8jFREUciKuOOpE49JbzwnpK09gSCfOCzEIWT0oYHUYhI9jokkO,5.566386629891563,13.522003169110013,7.882883143824784
1246800,pkIXjRx/GPQ7xU8jFREUciKuOOpE49JbzwnpK09gSCfOCzEIWT0oYHUYhI9jokkO,5.955318539370897,7.827438018116162,6.6595493743293135
1247100,pkIXjRx/GPQ7xU8jFREUciKuOOpE49JbzwnpK09gSCfOCzEIWT0oYHUYhI9jokkO,5.73831409461367,34.35362947316439,10.882312722038732
1247400,pkIXjRx/GPQ7xU8jFREUciKuOOpE49JbzwnpK09gSCfOCzEIWT0oYHUYhI9jokkO,5.819649047206688,58.269477138992,12.352083049699756
1247700,pkIXjRx/GPQ7xU8jFREUciKuOOpE49JbzwnpK09gSCfOCzEIWT0oYHUYhI9jokkO,5.7390970257670775,13.592910647627624,7.846707645273303
1248000,pkIXjRx/GPQ7xU8jFREUciKuOOpE49JbzwnpK09gSCfOCzEIWT0oYHUYhI9jokkO,5.962668277276997,7.828269047624594,6.791892224164917
1248300,pkIXjRx/GPQ7xU8jFREUciKuOOpE49JbzwnpK09gSCfOCzEIWT0oYHUYhI9jokkO,5.652912195983715,24.62774892152048,10.661173868051808
1248600,pkIXjRx/GPQ7xU8jFREUciKuOOpE49JbzwnpK09gSCfOCzEIWT0oYHUYhI9jokkO,5.925905431931419,59.631134673103325,12.235560853281678
1248900,pkIXjRx/GPQ7xU8jFREUciKuOOpE49JbzwnpK09gSCfOCzEIWT0oYHUYhI9jokkO,5.71020192976233,13.907994533573625,8.00121716317935
1249200,pkIXjRx/GPQ7xU8jFREUciKuOOpE49JbzwnpK09gSCfOCzEIWT0oYHUYhI9jokkO,5.932039550685652,7.933013662030598,6.550207256942643
1249500,pkIXjRx/GPQ7xU8jFREUciKuOOpE49JbzwnpK09gSCfOCzEIWT0oYHUYhI9jokkO,5.844725224638808,34.69847359051502,10.546199427640342
1249800,pkIXjRx/GPQ7xU8jFREUciKuOOpE49JbzwnpK09gSCfOCzEIWT0oYHUYhI9jokkO,6.104931481730982,11.534255338124105,8.211127474930473
1250100,pkIXjRx/GPQ7xU8jFREUciKuOOpE49JbzwnpK09gSCfOCzEIWT0oYHUYhI9jokkO,5.853160771590694,13.358914933020696,7.919356442531908
1250400,pkIXjRx/GPQ7xU8jFREUciKuOOpE49JbzwnpK09gSCfOCzEIWT0oYHUYhI9jokkO,5.713731837281222,7.9653466751327215,6.628448284193312
1250700,pkIXjRx/GPQ7xU8jFREUciKuOOpE49JbzwnpK09gSCfOCzEIWT0oYHUYhI9jokkO,5.896651622035808,33.049009568478226,10.784531440444264
1251000,pkIXjRx/GPQ7xU8jFREUciKuOOpE49JbzwnpK09gSCfOCzEIWT0oYHUYhI9jokkO,5.552252744971928,61.41962374971252,12.06824129489241
1251300,pkIXjRx/GPQ7xU8jFREUciKuOOpE49JbzwnpK09gSCfOCzEIWT0oYHUYhI9jokkO,5.68701029393306,12.367122722511706,7.748190616639542
1251600,pkIXjRx/GPQ7xU8jFREUciKuOOpE49JbzwnpK09gSCfOCzEIWT0oYHUYhI9jokkO,5.615297753943011,8.072259476222097,6.696430858288922
1251900,pkIXjRx/GPQ7xU8jFREUciKuOOpE49JbzwnpK09gSCfOCzEIWT0oYHUYhI9jokkO,5.888710405352418,35.052836153971164,10.554393439829289
1252200,pkIXjRx/GPQ7xU8jFREUciKuOOpE49JbzwnpK09gSCfOCzEIWT0oYHUYhI9jokkO,5.696122304321238,62.29427695367548,12.23035472020751
1252500,pkIXjRx/GPQ7xU8jFREUciKuOOpE49JbzwnpK09gSCfOCzEIWT0oYHUYhI9jokkO,6.063783180882724,12.52165225205712,8.09916251646487
1252800,pkIXjRx/GPQ7xU8jFREUciKuOOpE49JbzwnpK09gSCfOCzEIWT0oYHUYhI9jokkO,5.829396248969282,8.052115980153562,6.439324768261447
1253100,pkIXjRx/GPQ7xU8jFREUciKuOOpE49JbzwnpK09gSCfOCzEIWT0oYHUYhI9jokkO,5.7243212832226975,38.122062799341656,10.482312147293657
1253400,pkIXjRx/GPQ7xU8jFREUciKuOOpE49JbzwnpK09gSCfOCzEIWT0oYHUYhI9jokkO,6.2181578145675775,62.63519210574383,13.457432359593238
1253700,pkIXjRx/GPQ7xU8jFREUciKuOOpE49JbzwnpK09gSCfOCzEIWT0oYHUYhI9jokkO,5.666241743987976,16.2961324615547,7.820780608285817
1254000,pkIXjRx/GPQ7xU8jFREUciKuOOpE49JbzwnpK09gSCfOCzEIWT0oYHUYhI9jokkO,5.6653788655147945,8.01162252127971,6.492564249144072
1254300,pkIXjRx/GPQ7xU8jFREUciKuOOpE49JbzwnpK09gSCfOCzEIWT0oYHUYhI9jokkO,5.887671513014049,28.381814874009063,10.598134557764288
1254600,pkIXjRx/GPQ7xU8jFREUciKuOOpE49JbzwnpK09gSCfOCzEIWT0oYHUYhI9jokkO,5.57500962755155,62.89746024081683,12.252199518380529
1254900,pkIXjRx/GPQ7xU8jFREUciKuOOpE49JbzwnpK09gSCfOCzEIWT0oYHUYhI9jokkO,5.695938622994127,16.57458191258083,7.738713277199611
1255200,pkIXjRx/GPQ7xU8jFREUciKuOOpE49JbzwnpK09gSCfOCzEIWT0oYHUYhI9jokkO,5.966628012773303,8.49660053944221,6.801045886687289
1255500,pkIXjRx/GPQ7xU8jFREUciKuOOpE49JbzwnpK09gSCfOCzEIWT0oYHUYhI9jokkO,5.4683921438348815,39.01633007362605,10.806215184146131
1255800,pkIXjRx/GPQ7xU8jFREUciKuOOpE49JbzwnpK09gSCfOCzEIWT0oYHUYhI9jokkO,5.65919494230785,63.07431127458118,12.452088976986865
1256100,pkIXjRx/GPQ7xU8jFREUciKuOOpE49JbzwnpK09gSCfOCzEIWT0oYHUYhI9jokkO,5.703539993410396,17.174794669343047,8.147707907284023
1256400,pkIXjRx/GPQ7xU8jFREUciKuOOpE49JbzwnpK09gSCfOCzEIWT0oYHUYhI9jokkO,5.7205732989541005,8.023132271745057,6.430869716478126
1256700,pkIXjRx/GPQ7xU8jFREUciKuOOpE49JbzwnpK09gSCfOCzEIWT0oYHUYhI9jokkO,5.527243284570081,27.222941784379255,10.248272048692495
1257000,pkIXjRx/GPQ7xU8jFREUciKuOOpE49JbzwnpK09gSCfOCzEIWT0oYHUYhI9jokkO,5.805094990215737,63.58201082510982,13.250577369783867
1257300,pkIXjRx/GPQ7xU8jFREUciKuOOpE49JbzwnpK09gSCfOCzEIWT0oYHUYhI9jokkO,5.691156969318744,16.21638736759407,7.809733662814168
1257600,pkIXjRx/GPQ7xU8jFREUciKuOOpE49JbzwnpK09gSCfOCzEIWT0oYHUYhI9jokkO,5.848303713430864,7.878096051764717,6.482695177105959
1257900,pkIXjRx/GPQ7xU8jFREUciKuOOpE49JbzwnpK09gSCfOCzEIWT0oYHUYhI9jokkO,5.742794006831471,33.875298053414305,10.680322115253016
1258200,pkIXjRx/GPQ7xU8jFREUciKuOOpE49JbzwnpK09gSCfOCzEIWT0oYHUYhI9jokkO,6.026924685237038,8.057252901270644,6.64223167131598
1258500,pkIXjRx/GPQ7xU8jFREUciKuOOpE49JbzwnpK09gSCfOCzEIWT0oYHUYhI9jokkO,5.748265684523488,16.2267078761273,7.746107672753424
1258800,pkIXjRx/GPQ7xU8jFREUciKuOOpE49JbzwnpK09gSCfOCzEIWT0oYHUYhI9jokkO,6.029271259878967,7.899277529776087,6.781411508133429
1259100,pkIXjRx/GPQ7xU8jFREUciKuOOpE49JbzwnpK09gSCfOCzEIWT0oYHUYhI9jokkO,5.835453482831015,34.92564796955736,10.732834867396736
1259400,pkIXjRx/GPQ7xU8jFREUciKuOOpE49JbzwnpK09gSCfOCzEIWT0oYHUYhI9jokkO,6.020122386104147,62.83714567405824,12.38941211796786
1259700,pkIXjRx/GPQ7xU8jFREUciKuOOpE49JbzwnpK09gSCfOCzEIWT0oYHUYhI9jokkO,5.850324979262512,16.355879368068038,8.076770148178237
1260000,pkIXjRx/GPQ7xU8jFREUciKuOOpE49JbzwnpK09gSCfOCzEIWT0oYHUYhI9jokkO,5.829680045990715,7.662358284691829,6.654879820841597
1260300,pkIXjRx/GPQ7xU8jFREUciKuOOpE49JbzwnpK09gSCfOCzEIWT0oYHUYhI9jokkO,5.6468977035949335,34.38015018743175,10.739835346971196
1260600,pkIXjRx/GPQ7xU8jFREUciKuOOpE49JbzwnpK09gSCfOCzEIWT0oYHUYhI9jokkO,6.221127083374328,61.2443391073698,13.218060009389127
1260900,pkIXjRx/GPQ7xU8jFREUciKuOOpE49JbzwnpK09gSCfOCzEIWT0oYHUYhI9jokkO,9.760115849108072,18.36017083006201,14.040955513553865
1261200,pkIXjRx/GPQ7xU8jFREUciKuOOpE49JbzwnpK09gSCfOCzEIWT0oYHUYhI9jokkO,6.98276993928687,12.824640887210752,11.451872832235503
1261500,pkIXjRx/GPQ7xU8jFREUciKuOOpE49JbzwnpK09gSCfOCzEIWT0oYHUYhI9jokkO,5.703620076066679,36.8003851577045,10.66125685883163
1261800,pkIXjRx/GPQ7xU8jFREUciKuOOpE49JbzwnpK09gSCfOCzEIWT0oYHUYhI9jokkO,6.057222136673452,58.61938022075066,12.50268288494652
1262100,pkIXjRx/GPQ7xU8jFREUciKuOOpE49JbzwnpK09gSCfOCzEIWT0oYHUYhI9jokkO,5.716513606067577,13.876181579116958,7.753975688042637
1262400,pkIXjRx/GPQ7xU8jFREUciKuOOpE49JbzwnpK09gSCfOCzEIWT0oYHUYhI9jokkO,6.075695618560964,8.243320999477678,6.921058123240536
1262700,pkIXjRx/GPQ7xU8jFREUciKuOOpE49JbzwnpK09gSCfOCzEIWT0oYHUYhI9jokkO,5.906975553443794,34.68323810632962,10.692586445938153
1263000,pkIXjRx/GPQ7xU8jFREUciKuOOpE49JbzwnpK09gSCfOCzEIWT0oYHUYhI9jokkO,6.132960949798907,56.36862698347818,12.363170457573736
1263300,pkIXjRx/GPQ7xU8jFREUciKuOOpE49JbzwnpK09gSCfOCzEIWT0oYHUYhI9jokkO,5.744824249080716,15.653157440306249,8.136492231942917
1263600,pkIXjRx/GPQ7xU8jFREUciKuOOpE49JbzwnpK09gSCfOCzEIWT0oYHUYhI9jokkO,6.251952257735722,8.01533105210053,6.743290813301011
1263900,pkIXjRx/GPQ7xU8jFREUciKuOOpE49JbzwnpK09gSCfOCzEIWT0oYHUYhI9jokkO,5.88822541482614,38.17491343999196,10.675581128208174
1264200,pkIXjRx/GPQ7xU8jFREUciKuOOpE49JbzwnpK09gSCfOCzEIWT0oYHUYhI9jokkO,6.667618343878417,59.8543070504406,13.577361985402131
1264500,pkIXjRx/GPQ7xU8jFREUciKuOOpE49JbzwnpK09gSCfOCzEIWT0oYHUYhI9jokkO,6.036354121851641,15.510281006596248,7.83809933794129
1264800,pkIXjRx/GPQ7xU8jFREUciKuOOpE49JbzwnpK09gSCfOCzEIWT0oYHUYhI9jokkO,6.182565370903713,8.42173570010495,7.013328741083676
1265100,pkIXjRx/GPQ7xU8jFREUciKuOOpE49JbzwnpK09gSCfOCzEIWT0oYHUYhI9jokkO,6.191288653329572,35.052212964348776,10.57436952413309
1265400,pkIXjRx/GPQ7xU8jFREUciKuOOpE49JbzwnpK09gSCfOCzEIWT0oYHUYhI9jokkO,6.030991607770956,51.42681726033919,12.81189460292038
1265700,pkIXjRx/GPQ7xU8jFREUciKuOOpE49JbzwnpK09gSCfOCzEIWT0oYHUYhI9jokkO,5.731059258702851,14.645429813591573,7.439419437496988
1266000,pkIXjRx/GPQ7xU8jFREUciKuOOpE49JbzwnpK09gSCfOCzEIWT0oYHUYhI9jokkO,6.2489977891773085,9.98162454900756,7.281759709027675
1266300,pkIXjRx/GPQ7xU8jFREUciKuOOpE49JbzwnpK09gSCfOCzEIWT0oYHUYhI9jokkO,5.798435016226112,33.88853955776172,10.212238494867725
1266600,pkIXjRx/GPQ7xU8jFREUciKuOOpE49JbzwnpK09gSCfOCzEIWT0oYHUYhI9jokkO,5.721384603079808,46.83171792343843,12.66280360036346
1266900,pkIXjRx/GPQ7xU8jFREUciKuOOpE49JbzwnpK09gSCfOCzEIWT0oYHUYhI9jokkO,5.612843011502447,15.272423171780142,7.613741516263709
1267200,pkIXjRx/GPQ7xU8jFREUciKuOOpE49JbzwnpK09gSCfOCzEIWT0oYHUYhI9jokkO,5.743836279127884,9.795135362640158,6.865493200642621
1267500,pkIXjRx/GPQ7xU8jFREUciKuOOpE49JbzwnpK09gSCfOCzEIWT0oYHUYhI9jokkO,5.865691461731155,34.913043200618205,10.213958002252502
1267800,pkIXjRx/GPQ7xU8jFREUciKuOOpE49JbzwnpK09gSCfOCzEIWT0oYHUYhI9jokkO,6.040325601549517,44.637361353418925,13.435022186761232
1268100,pkIXjRx/GPQ7xU8jFREUciKuOOpE49JbzwnpK09gSCfOCzEIWT0oYHUYhI9jokkO,5.713141990054388,15.387115532877491,7.997041660304166
1268400,pkIXjRx/GPQ7xU8jFREUciKuOOpE49JbzwnpK09gSCfOCzEIWT0oYHUYhI9jokkO,5.812778578910889,10.046674921944737,7.125153394066411
1268700,pkIXjRx/GPQ7xU8jFREUciKuOOpE49JbzwnpK09gSCfOCzEIWT0oYHUYhI9jokkO,6.20783581555266,27.359298211199455,10.546212990096707
1269000,pkIXjRx/GPQ7xU8jFREUciKuOOpE49JbzwnpK09gSCfOCzEIWT0oYHUYhI9jokkO,5.879285000500468,41.56383710241774,12.7615526187143
1269300,pkIXjRx/GPQ7xU8jFREUciKuOOpE49JbzwnpK09gSCfOCzEIWT0oYHUYhI9jokkO,5.887355319439968,12.072453242980426,7.5787686215545795
1269600,pkIXjRx/GPQ7xU8jFREUciKuOOpE49JbzwnpK09gSCfOCzEIWT0oYHUYhI9jokkO,6.412757524946168,10.149430423106756,7.440146092531901
1269900,pkIXjRx/GPQ7xU8jFREUciKuOOpE49JbzwnpK09gSCfOCzEIWT0oYHUYhI9jokkO,5.7958912132972635,34.19390062309699,10.355917378981555
1270200,pkIXjRx/GPQ7xU8jFREUciKuOOpE49JbzwnpK09gSCfOCzEIWT0oYHUYhI9jokkO,6.038543998397201,40.241112248688154,12.725613158859634
1270500,pkIXjRx/GPQ7xU8jFREUciKuOOpE49JbzwnpK09gSCfOCzEIWT0oYHUYhI9jokkO,5.730987240584634,15.064813786747337,7.595027682129816
1270800,pkIXjRx/GPQ7xU8jFREUciKuOOpE49JbzwnpK09gSCfOCzEIWT0oYHUYhI9jokkO,5.980399319262555,8.413548031725615,6.854922427421986
1271100,pkIXjRx/GPQ7xU8jFREUciKuOOpE49JbzwnpK09gSCfOCzEIWT0oYHUYhI9jokkO,5.940261352790691,34.29595196969848,10.174162773748757
1271400,pkIXjRx/GPQ7xU8jFREUciKuOOpE49JbzwnpK09gSCfOCzEIWT0oYHUYhI9jokkO,6.088098817995592,42.20124539249871,12.990539185884504
1271700,pkIXjRx/GPQ7xU8jFREUciKuOOpE49JbzwnpK09gSCfOCzEIWT0oYHUYhI9jokkO,6.188859493413234,15.122794680982706,8.457430366105086
1272000,pkIXjRx/GPQ7xU8jFREUciKuOOpE49JbzwnpK09gSCfOCzEIWT0oYHUYhI9jokkO,5.962778389321003,10.0808597953504,7.105087154582124
1272300,pkIXjRx/GPQ7xU8jFREUciKuOOpE49JbzwnpK09gSCfOCzEIWT0oYHUYhI9jokkO,5.855134897773894,34.848207955277914,10.520113277168836
1272600,pkIXjRx/GPQ7xU8jFREUciKuOOpE49JbzwnpK09gSCfOCzEIWT0oYHUYhI9jokkO,6.253332783830207,42.60508789290371,12.757594422149076
1272900,pkIXjRx/GPQ7xU8jFREUciKuOOpE49JbzwnpK09gSCfOCzEIWT0oYHUYhI9jokkO,5.838833969695996,14.428654522363315,7.595921480540768
1273200,pkIXjRx/GPQ7xU8jFREUciKuOOpE49JbzwnpK09gSCfOCzEIWT0oYHUYhI9jokkO,5.62040229532322,10.401381630285147,7.042274480487216
1273500,pkIXjRx/GPQ7xU8jFREUciKuOOpE49JbzwnpK09gSCfOCzEIWT0oYHUYhI9jokkO,5.870390819333672,34.25743728241536,10.327662064620917
1273800,pkIXjRx/GPQ7xU8jFREUciKuOOpE49JbzwnpK09gSCfOCzEIWT0oYHUYhI9jokkO,6.08220198889598,43.039968840786415,13.23136673529094
1274100,pkIXjRx/GPQ7xU8jFREUciKuOOpE49JbzwnpK09gSCfOCzEIWT0oYHUYhI9jokkO,5.6949654733489945,14.495785409669612,7.59901259581858
1274400,pkIXjRx/GPQ7xU8jFREUciKuOOpE49JbzwnpK09gSCfOCzEIWT0oYHUYhI9jokkO,5.973368672532599,10.035058800331674,6.908054226812529
1274700,pkIXjRx/GPQ7xU8jFREUciKuOOpE49JbzwnpK09gSCfOCzEIWT0oYHUYhI9jokkO,5.698331649274859,28.30570950919769,10.15734402522437
1275000,pkIXjRx/GPQ7xU8jFREUciKuOOpE49JbzwnpK09gSCfOCzEIWT0oYHUYhI9jokkO,5.884821248989446,51.874935590208494,12.84549770845122
1275300,pkIXjRx/GPQ7xU8jFREUciKuOOpE49JbzwnpK09gSCfOCzEIWT0oYHUYhI9jokkO,5.760195834573769,16.533876921251462,8.49276448952393
1275600,pkIXjRx/GPQ7xU8jFREUciKuOOpE49JbzwnpK09gSCfOCzEIWT0oYHUYhI9jokkO,5.951181238742687,9.964553521460743,6.916128396154749
1275900,pkIXjRx/GPQ7xU8jFREUciKuOOpE49JbzwnpK09gSCfOCzEIWT0oYHUYhI9jokkO,5.841376521067208,34.99762221270296,10.891454433912406
1276200,pkIXjRx/GPQ7xU8jFREUciKuOOpE49JbzwnpK09gSCfOCzEIWT0oYHUYhI9jokkO,5.817639058288596,54.23448275890968,12.672802454180324
1276500,pkIXjRx/GPQ7xU8jFREUciKuOOpE49JbzwnpK09gSCfOCzEIWT0oYHUYhI9jokkO,5.673422829866012,14.704256431489988,7.400652803596798
1276800,pkIXjRx/GPQ7xU8jFREUciKuOOpE49JbzwnpK09gSCfOCzEIWT0oYHUYhI9jokkO,6.114997433604502,9.385475916567085,7.1904809099126314
1277100,pkIXjRx/GPQ7xU8jFREUciKuOOpE49JbzwnpK09gSCfOCzEIWT0oYHUYhI9jokkO,5.804868678973335,34.40816009277593,10.29414470473796
1277400,pkIXjRx/GPQ7xU8jFREUciKuOOpE49JbzwnpK09gSCfOCzEIWT0oYHUYhI9jokkO,6.086536753687676,55.54553616353884,12.717010805216583
1277700,pkIXjRx/GPQ7xU8jFREUciKuOOpE49JbzwnpK09gSCfOCzEIWT0oYHUYhI9jokkO,5.731183731070777,10.514409597162294,7.729240554467367
1278000,pkIXjRx/GPQ7xU8jFREUciKuOOpE49JbzwnpK09gSCfOCzEIWT0oYHUYhI9jokkO,5.839429350291105,10.594217082415364,6.978111124930368
1278300,pkIXjRx/GPQ7xU8jFREUciKuOOpE49JbzwnpK09gSCfOCzEIWT0oYHUYhI9jokkO,6.207967613226454,34.27241142399095,10.65179171847109
1278600,pkIXjRx/GPQ7xU8jFREUciKuOOpE49JbzwnpK09gSCfOCzEIWT0oYHUYhI9jokkO,6.24909091319109,58.44878337347661,13.024172661373823
1278900,pkIXjRx/GPQ7xU8jFREUciKuOOpE49JbzwnpK09gSCfOCzEIWT0oYHUYhI9jokkO,5.748788773359589,17.98461208385875,8.416281211921222
1279200,pkIXjRx/GPQ7xU8jFREUciKuOOpE49JbzwnpK09gSCfOCzEIWT0oYHUYhI9jokkO,5.933018153569807,10.958199999616143,7.032593531461781
1279500,pkIXjRx/GPQ7xU8jFREUciKuOOpE49JbzwnpK09gSCfOCzEIWT0oYHUYhI9jokkO,6.173296337313194,34.266323010756025,10.386701678875552
1279800,pkIXjRx/GPQ7xU8jFREUciKuOOpE49JbzwnpK09gSCfOCzEIWT0oYHUYhI9jokkO,5.8328354806648965,62.75876917826103,12.520550489556594
1280100,pkIXjRx/GPQ7xU8jFREUciKuOOpE49JbzwnpK09gSCfOCzEIWT0oYHUYhI9jokkO,5.605941359956103,12.41838486164157,7.378574562390521
1280400,pkIXjRx/GPQ7xU8jFREUciKuOOpE49JbzwnpK09gSCfOCzEIWT0oYHUYhI9jokkO,6.023790055084048,10.571926095400912,7.143293508183201
1280700,pkIXjRx/GPQ7xU8jFREUciKuOOpE49JbzwnpK09gSCfOCzEIWT0oYHUYhI9jokkO,5.696847826445339,34.08129754402331,10.12762225499004
1281000,pkIXjRx/GPQ7xU8jFREUciKuOOpE49JbzwnpK09gSCfOCzEIWT0oYHUYhI9jokkO,5.8149947492863445,63.27911811353878,12.794496696490832
1281300,pkIXjRx/GPQ7xU8jFREUciKuOOpE49JbzwnpK09gSCfOCzEIWT0oYHUYhI9jokkO,6.0436231695409806,12.572349704119022,7.682744788884157
1281600,pkIXjRx/GPQ7xU8jFREUciKuOOpE49JbzwnpK09gSCfOCzEIWT0oYHUYhI9jokkO,5.822525114582591,10.519976545520633,7.027015584328922
1281900,pkIXjRx/GPQ7xU8jFREUciKuOOpE49JbzwnpK09gSCfOCzEIWT0oYHUYhI9jokkO,6.006884114639252,33.919641989029245,10.127835250590916
1282200,pkIXjRx/GPQ7xU8jFREUciKuOOpE49JbzwnpK09gSCfOCzEIWT0oYHUYhI9jokkO,6.138479477996232,63.79363740871081,12.923289548380026
1282500,pkIXjRx/GPQ7xU8jFREUciKuOOpE49JbzwnpK09gSCfOCzEIWT0oYHUYhI9jokkO,5.939158856212361,12.893356165697682,8.706631146564744
1282800,pkIXjRx/GPQ7xU8jFREUciKuOOpE49JbzwnpK09gSCfOCzEIWT0oYHUYhI9jokkO,5.852627776716628,9.641668476399008,7.047067863472576
1283100,pkIXjRx/GPQ7xU8jFREUciKuOOpE49JbzwnpK09gSCfOCzEIWT0oYHUYhI9jokkO,6.052608681283353,35.02570794484557,10.470269949169476
1283400,pkIXjRx/GPQ7xU8jFREUciKuOOpE49JbzwnpK09gSCfOCzEIWT0oYHUYhI9jokkO,5.718829999959265,61.98277917311411,12.54339977690486
1283700,pkIXjRx/GPQ7xU8jFREUciKuOOpE49JbzwnpK09gSCfOCzEIWT0oYHUYhI9jokkO,5.742260786981764,12.53705596744469,7.295009770781893
1284000,pkIXjRx/GPQ7xU8jFREUciKuOOpE49JbzwnpK09gSCfOCzEIWT0oYHUYhI9jokkO,6.208182415914938,9.873640343745386,7.227401776365936
1284300,pkIXjRx/GPQ7xU8jFREUciKuOOpE49JbzwnpK09gSCfOCzEIWT0oYHUYhI9jokkO,5.908314995821014,18.61261594613888,8.766976149772855
1284600,pkIXjRx/GPQ7xU8jFREUciKuOOpE49JbzwnpK09gSCfOCzEIWT0oYHUYhI9jokkO,5.654762646863719,62.97968640793992,14.23042276690277
1284900,pkIXjRx/GPQ7xU8jFREUciKuOOpE49JbzwnpK09gSCfOCzEIWT0oYHUYhI9jokkO,5.951858624962214,13.33484633064289,7.647189375692266
1285200,pkIXjRx/GPQ7xU8jFREUciKuOOpE49JbzwnpK09gSCfOCzEIWT0oYHUYhI9jokkO,6.104780185775672,9.78393885496057,6.990897389512075
1285500,pkIXjRx/GPQ7xU8jFREUciKuOOpE49JbzwnpK09gSCfOCzEIWT0oYHUYhI9jokkO,5.719826640792614,33.98893783721659,10.096383830793688
1285800,pkIXjRx/GPQ7xU8jFREUciKuOOpE49JbzwnpK09gSCfOCzEIWT0oYHUYhI9jokkO,6.047374485619251,62.928352209915744,12.91329738736018
1286100,pkIXjRx/GPQ7xU8jFREUciKuOOpE49JbzwnpK09gSCfOCzEIWT0oYHUYhI9jokkO,5.735546583263248,12.451779538050872,8.462232270690825
1286400,pkIXjRx/GPQ7xU8jFREUciKuOOpE49JbzwnpK09gSCfOCzEIWT0oYHUYhI9jokkO,5.8914478892467885,9.727516381134128,6.998762304105862
1286700,pkIXjRx/GPQ7xU8jFREUciKuOOpE49JbzwnpK09gSCfOCzEIWT0oYHUYhI9jokkO,6.1458733441758575,23.34429030472534,9.56692475734722
1287000,pkIXjRx/GPQ7xU8jFREUciKuOOpE49JbzwnpK09gSCfOCzEIWT0oYHUYhI9jokkO,6.155415828225908,62.80746194824854,13.848948124127938
1287300,pkIXjRx/GPQ7xU8jFREUciKuOOpE49JbzwnpK09gSCfOCzEIWT0oYHUYhI9jokkO,5.777646369707404,12.979204188455592,7.421539724839526
1287600,pkIXjRx/GPQ7xU8jFREUciKuOOpE49JbzwnpK09gSCfOCzEIWT0oYHUYhI9jokkO,6.029928668150841,9.93706949882863,7.206568904492498
1287900,pkIXjRx/GPQ7xU8jFREUciKuOOpE49JbzwnpK09gSCfOCzEIWT0oYHUYhI9jokkO,5.983067455646086,13.004418029371513,7.878139607742778
1288200,pkIXjRx/GPQ7xU8jFREUciKuOOpE49JbzwnpK09gSCfOCzEIWT0oYHUYhI9jokkO,6.327775143793486,55.72372299708398,15.183092099680264
1288500,pkIXjRx/GPQ7xU8jFREUciKuOOpE49JbzwnpK09gSCfOCzEIWT0oYHUYhI9jokkO,5.7003736991888765,13.245103217694933,7.5793746878668
1288800,pkIXjRx/GPQ7xU8jFREUciKuOOpE49JbzwnpK09gSCfOCzEIWT0oYHUYhI9jokkO,5.921950754700795,11.79383503313166,6.985732895046216
1289100,pkIXjRx/GPQ7xU8jFREUciKuOOpE49JbzwnpK09gSCfOCzEIWT0oYHUYhI9jokkO,5.843781829338012,12.935709051310836,7.35845770737526
1289400,pkIXjRx/GPQ7xU8jFREUciKuOOpE49JbzwnpK09gSCfOCzEIWT0oYHUYhI9jokkO,6.332298818198272,54.150557787113286,15.714904383986587
1289700,pkIXjRx/GPQ7xU8jFREUciKuOOpE49JbzwnpK09gSCfOCzEIWT0oYHUYhI9jokkO,5.787132521426666,13.276660209191036,7.803589978040095
1290000,pkIXjRx/GPQ7xU8jFREUciKuOOpE49JbzwnpK09gSCfOCzEIWT0oYHUYhI9jokkO,5.957047045532683,13.540060488787567,8.653925619172485
1290300,pkIXjRx/GPQ7xU8jFREUciKuOOpE49JbzwnpK09gSCfOCzEIWT0oYHUYhI9jokkO,11.623671352103967,39.68552314965167,16.721517473835824
1290600,pkIXjRx/GPQ7xU8jFREUciKuOOpE49JbzwnpK09gSCfOCzEIWT0oYHUYhI9jokkO,6.512043174483729,53.235149307210285,16.406100931301665
1290900,pkIXjRx/GPQ7xU8jFREUciKuOOpE49JbzwnpK09gSCfOCzEIWT0oYHUYhI9jokkO,5.730695274681181,12.811737242755784,7.39174046032265
1291200,pkIXjRx/GPQ7xU8jFREUciKuOOpE49JbzwnpK09gSCfOCzEIWT0oYHUYhI9jokkO,6.171320394714631,12.687541315158247,7.216792045785517
1291500,pkIXjRx/GPQ7xU8jFREUciKuOOpE49JbzwnpK09gSCfOCzEIWT0oYHUYhI9jokkO,5.85163716542405,13.41581210332388,7.5426367078572065
1291800,pkIXjRx/GPQ7xU8jFREUciKuOOpE49JbzwnpK09gSCfOCzEIWT0oYHUYhI9jokkO,5.948343102075522,51.35981163076627,15.468692116274743
1292100,pkIXjRx/GPQ7xU8jFREUciKuOOpE49JbzwnpK09gSCfOCzEIWT0oYHUYhI9jokkO,5.759214969915611,13.546900035600842,7.734018048715043
1292400,pkIXjRx/GPQ7xU8jFREUciKuOOpE49JbzwnpK09gSCfOCzEIWT0oYHUYhI9jokkO,5.960439735615457,12.743983433747175,6.944945485038313
1292700,pkIXjRx/GPQ7xU8jFREUciKuOOpE49JbzwnpK09gSCfOCzEIWT0oYHUYhI9jokkO,5.715315392149839,21.72796613456749,8.840223610113602
1293000,pkIXjRx/GPQ7xU8jFREUciKuOOpE49JbzwnpK09gSCfOCzEIWT0oYHUYhI9jokkO,6.082481018778056,52.1711527590841,14.138454026069418
1293300,pkIXjRx/GPQ7xU8jFREUciKuOOpE49JbzwnpK09gSCfOCzEIWT0oYHUYhI9jokkO,5.783142019639878,13.271517926330866,7.553032649309251
1293600,pkIXjRx/GPQ7xU8jFREUciKuOOpE49JbzwnpK09gSCfOCzEIWT0oYHUYhI9jokkO,5.646246788565056,12.879696382748886,7.740140349733543
1293900,pkIXjRx/GPQ7xU8jFREUciKuOOpE49JbzwnpK09gSCfOCzEIWT0oYHUYhI9jokkO,6.271565860819792,34.20414231869648,10.411727790650591
1294200,pkIXjRx/GPQ7xU8jFREUciKuOOpE49JbzwnpK09gSCfOCzEIWT0oYHUYhI9jokkO,5.82164291222712,47.26349912032144,12.652692538923
1294500,pkIXjRx/GPQ7xU8jFREUciKuOOpE49JbzwnpK09gSCfOCzEIWT0oYHUYhI9jokkO,5.683581925325012,13.029789851217096,7.483805022993284
1294800,pkIXjRx/GPQ7xU8jFREUciKuOOpE49JbzwnpK09gSCfOCzEIWT0oYHUYhI9jokkO,6.28091225968384,10.395388669915851,7.2456269085251215
1295100,pkIXjRx/GPQ7xU8jFREUciKuOOpE49JbzwnpK09gSCfOCzEIWT0oYHUYhI9jokkO,5.889271958109988,33.68901513396466,10.135810913960889
1295400,pkIXjRx/GPQ7xU8jFREUciKuOOpE49JbzwnpK09gSCfOCzEIWT0oYHUYhI9jokkO,5.55208517689436,44.7875995431584,12.613842037426505
1295700,pkIXjRx/GPQ7xU8jFREUciKuOOpE49JbzwnpK09gSCfOCzEIWT0oYHUYhI9jokkO,5.754127465624254,13.067841710369011,7.5985750937566365
1296000,pkIXjRx/GPQ7xU8jFREUciKuOOpE49JbzwnpK09gSCfOCzEIWT0oYHUYhI9jokkO,5.780650235615054,9.569044033053055,6.958405314251832
1296300,pkIXjRx/GPQ7xU8jFREUciKuOOpE49JbzwnpK09gSCfOCzEIWT0oYHUYhI9jokkO,5.7591288021809195,34.154071786702005,13.625807035965906
1296600,pkIXjRx/GPQ7xU8jFREUciKuOOpE49JbzwnpK09gSCfOCzEIWT0oYHUYhI9jokkO,6.359956485125677,45.50674461426749,13.153179054098896
1296900,pkIXjRx/GPQ7xU8jFREUciKuOOpE49JbzwnpK09gSCfOCzEIWT0oYHUYhI9jokkO,5.527775672992896,13.962215444112791,7.872306921048995
1297200,pkIXjRx/GPQ7xU8jFREUciKuOOpE49JbzwnpK09gSCfOCzEIWT0oYHUYhI9jokkO,5.734482859886448,74.33003531728012,17.507906916804565
1297500,pkIXjRx/GPQ7xU8jFREUciKuOOpE49JbzwnpK09gSCfOCzEIWT0oYHUYhI9jokkO,6.56758263952789,37.40194829648876,11.29855333051056
1297800,pkIXjRx/GPQ7xU8jFREUciKuOOpE49JbzwnpK09gSCfOCzEIWT0oYHUYhI9jokkO,5.764676251308559,42.61245836287468,15.046949505958796
1298100,pkIXjRx/GPQ7xU8jFREUciKuOOpE49JbzwnpK09gSCfOCzEIWT0oYHUYhI9jokkO,5.672914213975804,13.178515941940203,7.37961711021647
1298400,pkIXjRx/GPQ7xU8jFREUciKuOOpE49JbzwnpK09gSCfOCzEIWT0oYHUYhI9jokkO,6.105582344730121,10.440287173406045,7.353995505868981
1298700,pkIXjRx/GPQ7xU8jFREUciKuOOpE49JbzwnpK09gSCfOCzEIWT0oYHUYhI9jokkO,6.102438283657713,34.9001383016488,10.6192719893541
1299000,pkIXjRx/GPQ7xU8jFREUciKuOOpE49JbzwnpK09gSCfOCzEIWT0oYHUYhI9jokkO,5.60639710422689,36.94389897021448,12.683526760795896
1299300,pkIXjRx/GPQ7xU8jFREUciKuOOpE49JbzwnpK09gSCfOCzEIWT0oYHUYhI9jokkO,5.913559241142584,13.393885950850688,7.963668933231885
1299600,pkIXjRx/GPQ7xU8jFREUciKuOOpE49JbzwnpK09gSCfOCzEIWT0oYHUYhI9jokkO,5.703805920670876,9.560011561741,7.403614613555353
1299900,pkIXjRx/GPQ7xU8jFREUciKuOOpE49JbzwnpK09gSCfOCzEIWT0oYHUYhI9jokkO,6.09553343117041,20.271418453023912,9.021892677685344
1300200,pkIXjRx/GPQ7xU8jFREUciKuOOpE49JbzwnpK09gSCfOCzEIWT0oYHUYhI9jokkO,6.331489354173472,35.22000171084237,15.953666997901776
1300500,pkIXjRx/GPQ7xU8jFREUciKuOOpE49JbzwnpK09gSCfOCzEIWT0oYHUYhI9jokkO,5.765078359176556,13.708572670125593,7.5368590774295985
1300800,pkIXjRx/GPQ7xU8jFREUciKuOOpE49JbzwnpK09gSCfOCzEIWT0oYHUYhI9jokkO,5.7760402221111296,12.938902160892496,7.975705170282797
1301100,pkIXjRx/GPQ7xU8jFREUciKuOOpE49JbzwnpK09gSCfOCzEIWT0oYHUYhI9jokkO,5.842768618654056,27.65516981564854,9.694263416383967
1301400,pkIXjRx/GPQ7xU8jFREUciKuOOpE49JbzwnpK09gSCfOCzEIWT0oYHUYhI9jokkO,5.953745094383942,36.849133693776025,13.316342226611924
1301700,pkIXjRx/GPQ7xU8jFREUciKuOOpE49JbzwnpK09gSCfOCzEIWT0oYHUYhI9jokkO,5.758744241157139,13.26757599654303,7.351475929896691
1302000,pkIXjRx/GPQ7xU8jFREUciKuOOpE49JbzwnpK09gSCfOCzEIWT0oYHUYhI9jokkO,5.810786242209224,9.917899552892893,7.132298336063284
1302300,pkIXjRx/GPQ7xU8jFREUciKuOOpE49JbzwnpK09gSCfOCzEIWT0oYHUYhI9jokkO,6.030894562910151,34.22310256507341,10.696680945297018
1302600,pkIXjRx/GPQ7xU8jFREUciKuOOpE49JbzwnpK09gSCfOCzEIWT0oYHUYhI9jokkO,5.892090704873285,39.375843569280846,12.669713607225525
1302900,pkIXjRx/GPQ7xU8jFREUciKuOOpE49JbzwnpK09gSCfOCzEIWT0oYHUYhI9jokkO,5.7399877073904095,13.318630900834185,7.607877797501269
1303200,pkIXjRx/GPQ7xU8jFREUciKuOOpE49JbzwnpK09gSCfOCzEIWT0oYHUYhI9jokkO,5.626896854144004,9.699119126467954,6.94884322877996
1303500,pkIXjRx/GPQ7xU8jFREUciKuOOpE49JbzwnpK09gSCfOCzEIWT0oYHUYhI9jokkO,5.8999262461476105,10.63003935864078,7.362533159003898
1303800,pkIXjRx/GPQ7xU8jFREUciKuOOpE49JbzwnpK09gSCfOCzEIWT0oYHUYhI9jokkO,6.3337695345302105,41.656509369573165,15.650118069626632
1304100,pkIXjRx/GPQ7xU8jFREUciKuOOpE49JbzwnpK09gSCfOCzEIWT0oYHUYhI9jokkO,5.952291180327161,12.845331870625776,7.598657423717181
1304400,pkIXjRx/GPQ7xU8jFREUciKuOOpE49JbzwnpK09gSCfOCzEIWT0oYHUYhI9jokkO,5.724866000391489,11.598099843907434,7.714917211946573
1304700,pkIXjRx/GPQ7xU8jFREUciKuOOpE49JbzwnpK09gSCfOCzEIWT0oYHUYhI9jokkO,5.808473867073952,35.35616686635522,10.446332377251457
1305000,pkIXjRx/GPQ7xU8jFREUciKuOOpE49JbzwnpK09gSCfOCzEIWT0oYHUYhI9jokkO,5.828380682646603,43.67276927784588,12.719770645345124
1305300,pkIXjRx/GPQ7xU8jFREUciKuOOpE49JbzwnpK09gSCfOCzEIWT0oYHUYhI9jokkO,5.7789760832282955,13.12176792460393,7.3427265035056495
1305600,pkIXjRx/GPQ7xU8jFREUciKuOOpE49JbzwnpK09gSCfOCzEIWT0oYHUYhI9jokkO,5.861671414914198,10.100685476870922,7.245741235360603
1305900,pkIXjRx/GPQ7xU8jFREUciKuOOpE49JbzwnpK09gSCfOCzEIWT0oYHUYhI9jokkO,5.937068234713341,13.132388072766227,7.608990390121245
1306200,pkIXjRx/GPQ7xU8jFREUciKuOOpE49JbzwnpK09gSCfOCzEIWT0oYHUYhI9jokkO,6.0558242432247775,50.0105068459944,15.492221830931529
1306500,pkIXjRx/GPQ7xU8jFREUciKuOOpE49JbzwnpK09gSCfOCzEIWT0oYHUYhI9jokkO,5.895665986730249,13.393929878101622,7.818200999802382
1306800,pkIXjRx/GPQ7xU8jFREUciKuOOpE49JbzwnpK09gSCfOCzEIWT0oYHUYhI9jokkO,6.036741384608017,8.51608356467925,6.886004022255217
1307100,pkIXjRx/GPQ7xU8jFREUciKuOOpE49JbzwnpK09gSCfOCzEIWT0oYHUYhI9jokkO,5.878297114285923,12.930089114675557,7.752386543487104
1307400,pkIXjRx/GPQ7xU8jFREUciKuOOpE49JbzwnpK09gSCfOCzEIWT0oYHUYhI9jokkO,6.1919601369865775,52.16493496240249,15.05693702451604
1307700,pkIXjRx/GPQ7xU8jFREUciKuOOpE49JbzwnpK09gSCfOCzEIWT0oYHUYhI9jokkO,5.759202370005367,13.432750743085322,7.554455644214959
1308000,pkIXjRx/GPQ7xU8jFREUciKuOOpE49JbzwnpK09gSCfOCzEIWT0oYHUYhI9jokkO,5.7623789566115775,25.728514698585883,9.752983213660924
1308300,pkIXjRx/GPQ7xU8jFREUciKuOOpE49JbzwnpK09gSCfOCzEIWT0oYHUYhI9jokkO,6.09615960508244,13.30556714017276,7.614435589194596
1308600,pkIXjRx/GPQ7xU8jFREUciKuOOpE49JbzwnpK09gSCfOCzEIWT0oYHUYhI9jokkO,5.884713250553491,54.62887813593871,15.436942385485
1308900,pkIXjRx/GPQ7xU8jFREUciKuOOpE49JbzwnpK09gSCfOCzEIWT0oYHUYhI9jokkO,6.038696797079317,13.037524873413933,7.618092694126728
1309200,pkIXjRx/GPQ7xU8jFREUciKuOOpE49JbzwnpK09gSCfOCzEIWT0oYHUYhI9jokkO,6.126265881589453,9.89436647012373,7.365136638479299
1309500,pkIXjRx/GPQ7xU8jFREUciKuOOpE49JbzwnpK09gSCfOCzEIWT0oYHUYhI9jokkO,5.666998712536022,13.596638777177986,7.540370467637213
1309800,pkIXjRx/GPQ7xU8jFREUciKuOOpE49JbzwnpK09gSCfOCzEIWT0oYHUYhI9jokkO,5.649110568040005,54.42569049550066,15.500968304014036
1310100,pkIXjRx/GPQ7xU8jFREUciKuOOpE49JbzwnpK09gSCfOCzEIWT0oYHUYhI9jokkO,5.758400106792849,13.488078667615117,7.990025364858026
1310400,pkIXjRx/GPQ7xU8jFREUciKuOOpE49JbzwnpK09gSCfOCzEIWT0oYHUYhI9jokkO,5.650723022843756,9.817509293353416,7.024977475506243
1310700,pkIXjRx/GPQ7xU8jFREUciKuOOpE49JbzwnpK09gSCfOCzEIWT0oYHUYhI9jokkO,5.73322335395105,13.268346467169325,7.459893745076258
1311000,pkIXjRx/GPQ7xU8jFREUciKuOOpE49JbzwnpK09gSCfOCzEIWT0oYHUYhI9jokkO,6.054374516446492,54.49726935898517,15.701299047081696
1311300,pkIXjRx/GPQ7xU8jFREUciKuOOpE49JbzwnpK09gSCfOCzEIWT0oYHUYhI9jokkO,5.868552807857027,13.615545155616507,7.804451902661492
1311600,pkIXjRx/GPQ7xU8jFREUciKuOOpE49JbzwnpK09gSCfOCzEIWT0oYHUYhI9jokkO,5.769075663705448,10.008083926050096,7.058299785652904
1311900,pkIXjRx/GPQ7xU8jFREUciKuOOpE49JbzwnpK09gSCfOCzEIWT0oYHUYhI9jokkO,6.586656906764957,11.208136772805409,8.50658348023957
1312200,pkIXjRx/GPQ7xU8jFREUciKuOOpE49JbzwnpK09gSCfOCzEIWT0oYHUYhI9jokkO,5.771526485992673,56.230212453801286,15.49217066822136
1312500,pkIXjRx/GPQ7xU8jFREUciKuOOpE49JbzwnpK09gSCfOCzEIWT0oYHUYhI9jokkO,5.930067004531086,12.544234854747735,7.539320749154266
1312800,pkIXjRx/GPQ7xU8jFREUciKuOOpE49JbzwnpK09gSCfOCzEIWT0oYHUYhI9jokkO,6.018614087978312,8.809369580808083,7.155923540031401
1313100,pkIXjRx/GPQ7xU8jFREUciKuOOpE49JbzwnpK09gSCfOCzEIWT0oYHUYhI9jokkO,5.4776914481316235,12.312484011884976,7.30547403390646
1313400,pkIXjRx/GPQ7xU8jFREUciKuOOpE49JbzwnpK09gSCfOCzEIWT0oYHUYhI9jokkO,5.569272990136988,58.00280732808876,15.379886541929723
1313700,pkIXjRx/GPQ7xU8jFREUciKuOOpE49JbzwnpK09gSCfOCzEIWT0oYHUYhI9jokkO,6.2159499714966655,12.494585029706071,7.649435361146223
1314000,pkIXjRx/GPQ7xU8jFREUciKuOOpE49JbzwnpK09gSCfOCzEIWT0oYHUYhI9jokkO,5.734941740236625,10.041727046181816,6.927886540894948
1314300,pkIXjRx/GPQ7xU8jFREUciKuOOpE49JbzwnpK09gSCfOCzEIWT0oYHUYhI9jokkO,6.011824996309217,12.609138332328044,7.482791038693215
1314600,pkIXjRx/GPQ7xU8jFREUciKuOOpE49JbzwnpK09gSCfOCzEIWT0oYHUYhI9jokkO,6.567368074521443,60.39365078442411,15.93116556537883
1314900,pkIXjRx/GPQ7xU8jFREUciKuOOpE49JbzwnpK09gSCfOCzEIWT0oYHUYhI9jokkO,6.224192363760907,13.331462483238925,7.901547053009984
1315200,pkIXjRx/GPQ7xU8jFREUciKuOOpE49JbzwnpK09gSCfOCzEIWT0oYHUYhI9jokkO,6.251215477892243,10.117378300201864,7.1783452005044825
1315500,pkIXjRx/GPQ7xU8jFREUciKuOOpE49JbzwnpK09gSCfOCzEIWT0oYHUYhI9jokkO,6.410682915787017,12.993280561075228,8.619185120406556
1315800,pkIXjRx/GPQ7xU8jFREUciKuOOpE49JbzwnpK09gSCfOCzEIWT0oYHUYhI9jokkO,6.224073313226869,63.15211607059899,15.590695405130052
1316100,pkIXjRx/GPQ7xU8jFREUciKuOOpE49JbzwnpK09gSCfOCzEIWT0oYHUYhI9jokkO,6.095966689241798,12.81707704916266,7.671087147605959
1316400,pkIXjRx/GPQ7xU8jFREUciKuOOpE49JbzwnpK09gSCfOCzEIWT0oYHUYhI9jokkO,6.013165414551204,10.18944146657206,7.4354577818877665
1316700,pkIXjRx/GPQ7xU8jFREUciKuOOpE49JbzwnpK09gSCfOCzEIWT0oYHUYhI9jokkO,6.126987529107434,22.89719278138379,8.624560360262084
1317000,pkIXjRx/GPQ7xU8jFREUciKuOOpE49JbzwnpK09gSCfOCzEIWT0oYHUYhI9jokkO,6.318619324372551,63.519509329156094,14.68366156695555
1317300,pkIXjRx/GPQ7xU8jFREUciKuOOpE49JbzwnpK09gSCfOCzEIWT0oYHUYhI9jokkO,5.925756526426,13.375821620182805,7.819414061539441
1317600,pkIXjRx/GPQ7xU8jFREUciKuOOpE49JbzwnpK09gSCfOCzEIWT0oYHUYhI9jokkO,5.878884684965008,9.813894555097276,7.11085479675549
1317900,pkIXjRx/GPQ7xU8jFREUciKuOOpE49JbzwnpK09gSCfOCzEIWT0oYHUYhI9jokkO,5.963645296794196,13.037718007789053,7.434271050985695
1318200,pkIXjRx/GPQ7xU8jFREUciKuOOpE49JbzwnpK09gSCfOCzEIWT0oYHUYhI9jokkO,6.598966108315521,63.99593348764996,15.787884461206612
1318500,pkIXjRx/GPQ7xU8jFREUciKuOOpE49JbzwnpK09gSCfOCzEIWT0oYHUYhI9jokkO,5.90057082684787,13.258291527293858,7.885713289943078
1318800,pkIXjRx/GPQ7xU8jFREUciKuOOpE49JbzwnpK09gSCfOCzEIWT0oYHUYhI9jokkO,6.002507403370579,9.960103148040718,7.100689141910703
1319100,pkIXjRx/GPQ7xU8jFREUciKuOOpE49JbzwnpK09gSCfOCzEIWT0oYHUYhI9jokkO,6.100085169560029,14.072032760003806,8.638952540217026
1319400,pkIXjRx/GPQ7xU8jFREUciKuOOpE49JbzwnpK09gSCfOCzEIWT0oYHUYhI9jokkO,6.214727404575236,71.87630763812834,17.742867421415152
1319700,pkIXjRx/GPQ7xU8jFREUciKuOOpE49JbzwnpK09gSCfOCzEIWT0oYHUYhI9jokkO,11.140624095030915,18.287144879396493,14.778973859593217
1320000,pkIXjRx/GPQ7xU8jFREUciKuOOpE49JbzwnpK09gSCfOCzEIWT0oYHUYhI9jokkO,6.8291525809801135,17.53190885722674,11.722735892894589
1320300,pkIXjRx/GPQ7xU8jFREUciKuOOpE49JbzwnpK09gSCfOCzEIWT0oYHUYhI9jokkO,6.060116801078733,13.100507483718998,7.748279702828218
1320600,pkIXjRx/GPQ7xU8jFREUciKuOOpE49JbzwnpK09gSCfOCzEIWT0oYHUYhI9jokkO,6.280807456379359,67.49672013389416,15.726716424760806
1320900,pkIXjRx/GPQ7xU8jFREUciKuOOpE49JbzwnpK09gSCfOCzEIWT0oYHUYhI9jokkO,6.260110476310796,8.757666321998217,7.3948405213842285
1321200,pkIXjRx/GPQ7xU8jFREUciKuOOpE49JbzwnpK09gSCfOCzEIWT0oYHUYhI9jokkO,6.147399625760151,12.337357324216187,7.796678967356718
1321500,pkIXjRx/GPQ7xU8jFREUciKuOOpE49JbzwnpK09gSCfOCzEIWT0oYHUYhI9jokkO,6.224753062450441,8.411048239478063,6.902018785709065
1321800,pkIXjRx/GPQ7xU8jFREUciKuOOpE49JbzwnpK09gSCfOCzEIWT0oYHUYhI9jokkO,6.613020649227785,68.15749113555425,16.757916225703536
1322100,pkIXjRx/GPQ7xU8jFREUciKuOOpE49JbzwnpK09gSCfOCzEIWT0oYHUYhI9jokkO,5.8015424525761885,8.749870601198243,7.037818649546672
1322400,pkIXjRx/GPQ7xU8jFREUciKuOOpE49JbzwnpK09gSCfOCzEIWT0oYHUYhI9jokkO,5.816234105022359,13.242114010463892,7.742285800485237
1322700,pkIXjRx/GPQ7xU8jFREUciKuOOpE49JbzwnpK09gSCfOCzEIWT0oYHUYhI9jokkO,6.065295477332523,12.023354756466707,7.864156467237287
1323000,pkIXjRx/GPQ7xU8jFREUciKuOOpE49JbzwnpK09gSCfOCzEIWT0oYHUYhI9jokkO,6.0091842489605005,65.55354116007567,16.188431930877577
1323300,pkIXjRx/GPQ7xU8jFREUciKuOOpE49JbzwnpK09gSCfOCzEIWT0oYHUYhI9jokkO,5.882771709798129,9.2990803884472,7.218384187294893
1323600,pkIXjRx/GPQ7xU8jFREUciKuOOpE49JbzwnpK09gSCfOCzEIWT0oYHUYhI9jokkO,6.212979441533621,13.15974633595756,7.55732558464562
1323900,pkIXjRx/GPQ7xU8jFREUciKuOOpE49JbzwnpK09gSCfOCzEIWT0oYHUYhI9jokkO,6.0022860179509525,10.238028450112974,7.30633612012176
1324200,pkIXjRx/GPQ7xU8jFREUciKuOOpE49JbzwnpK09gSCfOCzEIWT0oYHUYhI9jokkO,5.990703072084614,61.76541681476566,15.928090311858856
1324500,pkIXjRx/GPQ7xU8jFREUciKuOOpE49JbzwnpK09gSCfOCzEIWT0oYHUYhI9jokkO,6.023871874694147,12.889854454347622,7.916831119997076
1324800,pkIXjRx/GPQ7xU8jFREUciKuOOpE49JbzwnpK09gSCfOCzEIWT0oYHUYhI9jokkO,5.840810092032571,13.24838548438527,7.481448209999731
1325100,pkIXjRx/GPQ7xU8jFREUciKuOOpE49JbzwnpK09gSCfOCzEIWT0oYHUYhI9jokkO,5.730176568282989,10.24572892403078,7.25422028460447
1325400,pkIXjRx/GPQ7xU8jFREUciKuOOpE49JbzwnpK09gSCfOCzEIWT0oYHUYhI9jokkO,6.314788361409177,56.73524343550308,15.590579130463446
1325700,pkIXjRx/GPQ7xU8jFREUciKuOOpE49JbzwnpK09gSCfOCzEIWT0oYHUYhI9jokkO,5.616324530155412,17.18998518678337,8.31792929474811
1326000,pkIXjRx/GPQ7xU8jFREUciKuOOpE49JbzwnpK09gSCfOCzEIWT0oYHUYhI9jokkO,5.8349365815062475,13.611741380668104,7.5018531189027
1326300,pkIXjRx/GPQ7xU8jFREUciKuOOpE49JbzwnpK09gSCfOCzEIWT0oYHUYhI9jokkO,6.193463577455185,10.935329208153794,8.348304460929459
1326600,pkIXjRx/GPQ7xU8jFREUciKuOOpE49JbzwnpK09gSCfOCzEIWT0oYHUYhI9jokkO,5.829113911510116,50.82832128012323,14.740124929616233
1326900,pkIXjRx/GPQ7xU8jFREUciKuOOpE49JbzwnpK09gSCfOCzEIWT0oYHUYhI9jokkO,5.808216479311021,21.697534721218748,8.490966891695452
1327200,pkIXjRx/GPQ7xU8jFREUciKuOOpE49JbzwnpK09gSCfOCzEIWT0oYHUYhI9jokkO,6.202179711701862,13.175057494374997,7.592819279632195
1327500,pkIXjRx/GPQ7xU8jFREUciKuOOpE49JbzwnpK09gSCfOCzEIWT0oYHUYhI9jokkO,5.904425163250632,10.843111417190595,7.463970631308354
1327800,pkIXjRx/GPQ7xU8jFREUciKuOOpE49JbzwnpK09gSCfOCzEIWT0oYHUYhI9jokkO,5.7571836908658645,46.43983367763096,14.342971661126526
1328100,pkIXjRx/GPQ7xU8jFREUciKuOOpE49JbzwnpK09gSCfOCzEIWT0oYHUYhI9jokkO,5.921681222812241,27.52288460875152,9.367070217672984
1328400,pkIXjRx/GPQ7xU8jFREUciKuOOpE49JbzwnpK09gSCfOCzEIWT0oYHUYhI9jokkO,5.72067522531004,12.705415541218375,7.29808203011618
1328700,pkIXjRx/GPQ7xU8jFREUciKuOOpE49JbzwnpK09gSCfOCzEIWT0oYHUYhI9jokkO,5.811005078032385,10.684836817050888,7.243644858565124
1329000,pkIXjRx/GPQ7xU8jFREUciKuOOpE49JbzwnpK09gSCfOCzEIWT0oYHUYhI9jokkO,6.263225063065812,40.32203742989083,13.857324694981244
1329300,pkIXjRx/GPQ7xU8jFREUciKuOOpE49JbzwnpK09gSCfOCzEIWT0oYHUYhI9jokkO,6.079847418087814,33.51368905716841,9.785792836734387
1329600,pkIXjRx/GPQ7xU8jFREUciKuOOpE49JbzwnpK09gSCfOCzEIWT0oYHUYhI9jokkO,6.010121030128368,12.905504399772475,7.272191769037802
1329900,pkIXjRx/GPQ7xU8jFREUciKuOOpE49JbzwnpK09gSCfOCzEIWT0oYHUYhI9jokkO,6.4046681887894525,11.078179668860392,8.02697462122817
1330200,pkIXjRx/GPQ7xU8jFREUciKuOOpE49JbzwnpK09gSCfOCzEIWT0oYHUYhI9jokkO,6.309953076826038,39.35118167795209,14.24174900772446
1330500,pkIXjRx/GPQ7xU8jFREUciKuOOpE49JbzwnpK09gSCfOCzEIWT0oYHUYhI9jokkO,6.167573774336686,30.546880548269893,10.30007991870596
1330800,pkIXjRx/GPQ7xU8jFREUciKuOOpE49JbzwnpK09gSCfOCzEIWT0oYHUYhI9jokkO,6.1723391340371005,14.601767155191412,7.645636251637088
1331100,pkIXjRx/GPQ7xU8jFREUciKuOOpE49JbzwnpK09gSCfOCzEIWT0oYHUYhI9jokkO,6.069181626833936,10.017634757866924,7.268040309939667
1331400,pkIXjRx/GPQ7xU8jFREUciKuOOpE49JbzwnpK09gSCfOCzEIWT0oYHUYhI9jokkO,6.1147433960503275,41.62322554954385,13.021806939540378
1331700,pkIXjRx/GPQ7xU8jFREUciKuOOpE49JbzwnpK09gSCfOCzEIWT0oYHUYhI9jokkO,6.227783824056705,36.129242797542176,10.506332774663916
1332000,pkIXjRx/GPQ7xU8jFREUciKuOOpE49JbzwnpK09gSCfOCzEIWT0oYHUYhI9jokkO,6.154317953703265,12.954529711148728,7.34141195735329
1332300,pkIXjRx/GPQ7xU8jFREUciKuOOpE49JbzwnpK09gSCfOCzEIWT0oYHUYhI9jokkO,5.98769068155563,9.650205546499214,7.1188602694662055
1332600,pkIXjRx/GPQ7xU8jFREUciKuOOpE49JbzwnpK09gSCfOCzEIWT0oYHUYhI9jokkO,6.344769884739993,41.83743149854244,12.425549177230131
1332900,pkIXjRx/GPQ7xU8jFREUciKuOOpE49JbzwnpK09gSCfOCzEIWT0oYHUYhI9jokkO,5.902932908791825,41.99251593322576,10.8355878653084
1333200,pkIXjRx/GPQ7xU8jFREUciKuOOpE49JbzwnpK09gSCfOCzEIWT0oYHUYhI9jokkO,5.837655336703369,13.384988202082608,7.331684253855058
1333500,pkIXjRx/GPQ7xU8jFREUciKuOOpE49JbzwnpK09gSCfOCzEIWT0oYHUYhI9jokkO,6.548717964865388,10.396754941414851,7.562201652943006
1333800,pkIXjRx/GPQ7xU8jFREUciKuOOpE49JbzwnpK09gSCfOCzEIWT0oYHUYhI9jokkO,6.285307057401704,43.31470016251834,13.128262479834348
1334100,pkIXjRx/GPQ7xU8jFREUciKuOOpE49JbzwnpK09gSCfOCzEIWT0oYHUYhI9jokkO,5.930130788713501,43.13160492546974,11.333054866995372
1334400,pkIXjRx/GPQ7xU8jFREUciKuOOpE49JbzwnpK09gSCfOCzEIWT0oYHUYhI9jokkO,5.896273100161651,13.801047517626062,7.327470519084762
1334700,pkIXjRx/GPQ7xU8jFREUciKuOOpE49JbzwnpK09gSCfOCzEIWT0oYHUYhI9jokkO,6.084783572119025,9.588617011523024,7.231842474048999
1335000,pkIXjRx/GPQ7xU8jFREUciKuOOpE49JbzwnpK09gSCfOCzEIWT0oYHUYhI9jokkO,5.94207010075102,34.05655989246856,11.904935172431154
1335300,pkIXjRx/GPQ7xU8jFREUciKuOOpE49JbzwnpK09gSCfOCzEIWT0oYHUYhI9jokkO,5.940643428445168,44.254302208481214,10.981253956903572
1335600,pkIXjRx/GPQ7xU8jFREUciKuOOpE49JbzwnpK09gSCfOCzEIWT0oYHUYhI9jokkO,5.756180760044914,13.695854748090142,7.152549218181584
1335900,pkIXjRx/GPQ7xU8jFREUciKuOOpE49JbzwnpK09gSCfOCzEIWT0oYHUYhI9jokkO,6.031333267570174,9.643941006935831,7.096199628406644
1336200,pkIXjRx/GPQ7xU8jFREUciKuOOpE49JbzwnpK09gSCfOCzEIWT0oYHUYhI9jokkO,6.127452445475687,34.88843846072011,11.95986599792956
1336500,pkIXjRx/GPQ7xU8jFREUciKuOOpE49JbzwnpK09gSCfOCzEIWT0oYHUYhI9jokkO,5.818898628194889,45.72106502794027,11.231563211050004
1336800,pkIXjRx/GPQ7xU8jFREUciKuOOpE49JbzwnpK09gSCfOCzEIWT0oYHUYhI9jokkO,5.90159319228508,14.242211973107343,7.364297762013477
1337100,pkIXjRx/GPQ7xU8jFREUciKuOOpE49JbzwnpK09gSCfOCzEIWT0oYHUYhI9jokkO,6.231725124818693,11.013355906364517,7.440522837997514
1337400,pkIXjRx/GPQ7xU8jFREUciKuOOpE49JbzwnpK09gSCfOCzEIWT0oYHUYhI9jokkO,6.23453736982669,28.84684406353976,12.294827365508766
1337700,pkIXjRx/GPQ7xU8jFREUciKuOOpE49JbzwnpK09gSCfOCzEIWT0oYHUYhI9jokkO,5.8363429746757856,48.13087082831528,11.369980109893085
1338000,pkIXjRx/GPQ7xU8jFREUciKuOOpE49JbzwnpK09gSCfOCzEIWT0oYHUYhI9jokkO,6.062433110789068,14.534109241025488,7.479933911478592
1338300,pkIXjRx/GPQ7xU8jFREUciKuOOpE49JbzwnpK09gSCfOCzEIWT0oYHUYhI9jokkO,5.7502147356826825,10.852815074508806,7.111884035443178
1338600,pkIXjRx/GPQ7xU8jFREUciKuOOpE49JbzwnpK09gSCfOCzEIWT0oYHUYhI9jokkO,5.850256605688619,34.33535597870248,11.618262436501048
1338900,pkIXjRx/GPQ7xU8jFREUciKuOOpE49JbzwnpK09gSCfOCzEIWT0oYHUYhI9jokkO,5.765262018392536,49.8271906806736,11.776068925799024
1339200,pkIXjRx/GPQ7xU8jFREUciKuOOpE49JbzwnpK09gSCfOCzEIWT0oYHUYhI9jokkO,5.6954349700353735,14.491264088161335,7.281223503347059
1339500,pkIXjRx/GPQ7xU8jFREUciKuOOpE49JbzwnpK09gSCfOCzEIWT0oYHUYhI9jokkO,5.760876719276002,11.234143925666745,7.157944441287043
1339800,pkIXjRx/GPQ7xU8jFREUciKuOOpE49JbzwnpK09gSCfOCzEIWT0oYHUYhI9jokkO,6.2788657452254935,34.89847874425355,12.065158430172415
1340100,pkIXjRx/GPQ7xU8jFREUciKuOOpE49JbzwnpK09gSCfOCzEIWT0oYHUYhI9jokkO,5.677766389183607,50.69497922201667,11.83879094574668
1340400,pkIXjRx/GPQ7xU8jFREUciKuOOpE49JbzwnpK09gSCfOCzEIWT0oYHUYhI9jokkO,5.637571436734318,14.476249349271914,7.168921761311877
1340700,pkIXjRx/GPQ7xU8jFREUciKuOOpE49JbzwnpK09gSCfOCzEIWT0oYHUYhI9jokkO,6.101534053721235,10.848582546772262,7.417876952807032
1341000,pkIXjRx/GPQ7xU8jFREUciKuOOpE49JbzwnpK09gSCfOCzEIWT0oYHUYhI9jokkO,5.606938555622466,30.916192965943235,11.899429472939795
1341300,pkIXjRx/GPQ7xU8jFREUciKuOOpE49JbzwnpK09gSCfOCzEIWT0oYHUYhI9jokkO,5.588839372420528,52.64628027400446,11.670542601751444
1341600,pkIXjRx/GPQ7xU8jFREUciKuOOpE49JbzwnpK09gSCfOCzEIWT0oYHUYhI9jokkO,5.942410059814067,14.598076348993294,7.79151739904253
1341900,pkIXjRx/GPQ7xU8jFREUciKuOOpE49JbzwnpK09gSCfOCzEIWT0oYHUYhI9jokkO,5.810336682149687,9.10854038215418,7.493157934935167
1342200,pkIXjRx/GPQ7xU8jFREUciKuOOpE49JbzwnpK09gSCfOCzEIWT0oYHUYhI9jokkO,6.051278436715347,24.877516953705943,10.725264925965398
1342500,pkIXjRx/GPQ7xU8jFREUciKuOOpE49JbzwnpK09gSCfOCzEIWT0oYHUYhI9jokkO,6.214210714851119,56.94165106173998,13.235625800030764
1342800,pkIXjRx/GPQ7xU8jFREUciKuOOpE49JbzwnpK09gSCfOCzEIWT0oYHUYhI9jokkO,5.846875048347918,12.43591829708278,7.206190101160003
1343100,pkIXjRx/GPQ7xU8jFREUciKuOOpE49JbzwnpK09gSCfOCzEIWT0oYHUYhI9jokkO,5.7373620804907866,9.855000326539754,7.070045192686327
1343400,pkIXjRx/GPQ7xU8jFREUciKuOOpE49JbzwnpK09gSCfOCzEIWT0oYHUYhI9jokkO,6.229303140043377,34.664839319225834,10.619632283165965
1343700,pkIXjRx/GPQ7xU8jFREUciKuOOpE49JbzwnpK09gSCfOCzEIWT0oYHUYhI9jokkO,5.872440808467024,58.96947101806244,12.5418287979786
1344000,pkIXjRx/GPQ7xU8jFREUciKuOOpE49JbzwnpK09gSCfOCzEIWT0oYHUYhI9jokkO,5.9848066878178665,15.148763554824797,7.4916985825919955
1344300,pkIXjRx/GPQ7xU8jFREUciKuOOpE49JbzwnpK09gSCfOCzEIWT0oYHUYhI9jokkO,6.136614122175368,10.36705866914407,7.303972278390833
1344600,pkIXjRx/GPQ7xU8jFREUciKuOOpE49JbzwnpK09gSCfOCzEIWT0oYHUYhI9jokkO,5.872442480489638,34.56298966901694,10.983185916006407
1344900,pkIXjRx/GPQ7xU8jFREUciKuOOpE49JbzwnpK09gSCfOCzEIWT0oYHUYhI9jokkO,5.678747183304709,61.945573990225775,12.729895704907708
1345200,pkIXjRx/GPQ7xU8jFREUciKuOOpE49JbzwnpK09gSCfOCzEIWT0oYHUYhI9jokkO,6.337263204087874,13.09924176730198,7.569979346292733
1345500,pkIXjRx/GPQ7xU8jFREUciKuOOpE49JbzwnpK09gSCfOCzEIWT0oYHUYhI9jokkO,6.01860762864847,10.125197186451848,7.244062764656937
1345800,pkIXjRx/GPQ7xU8jFREUciKuOOpE49JbzwnpK09gSCfOCzEIWT0oYHUYhI9jokkO,6.101012073939378,34.58952513100416,10.199923089059071
1346100,pkIXjRx/GPQ7xU8jFREUciKuOOpE49JbzwnpK09gSCfOCzEIWT0oYHUYhI9jokkO,6.240165746336896,62.0991271844561,13.509863372021789
1346400,pkIXjRx/GPQ7xU8jFREUciKuOOpE49JbzwnpK09gSCfOCzEIWT0oYHUYhI9jokkO,5.889055751368876,12.75612955314934,7.314689655055448
1346700,pkIXjRx/GPQ7xU8jFREUciKuOOpE49JbzwnpK09gSCfOCzEIWT0oYHUYhI9jokkO,5.978417296464814,9.779888005794794,7.139030453503208
1347000,pkIXjRx/GPQ7xU8jFREUciKuOOpE49JbzwnpK09gSCfOCzEIWT0oYHUYhI9jokkO,6.232463958200118,34.126296604426585,10.257852124387828
1347300,pkIXjRx/GPQ7xU8jFREUciKuOOpE49JbzwnpK09gSCfOCzEIWT0oYHUYhI9jokkO,5.975869429610735,63.00920001304313,13.016870217569506
1347600,pkIXjRx/GPQ7xU8jFREUciKuOOpE49JbzwnpK09gSCfOCzEIWT0oYHUYhI9jokkO,5.952362439393364,12.983104593950006,7.213360522264986
1347900,pkIXjRx/GPQ7xU8jFREUciKuOOpE49JbzwnpK09gSCfOCzEIWT0oYHUYhI9jokkO,6.141379829470276,9.469093746110495,7.217073872542507
1348200,pkIXjRx/GPQ7xU8jFREUciKuOOpE49JbzwnpK09gSCfOCzEIWT0oYHUYhI9jokkO,5.822145153706393,34.648112399601914,10.748058542017334
1348500,pkIXjRx/GPQ7xU8jFREUciKuOOpE49JbzwnpK09gSCfOCzEIWT0oYHUYhI9jokkO,5.82797741754737,61.21242565890277,12.686087494497633
1348800,pkIXjRx/GPQ7xU8jFREUciKuOOpE49JbzwnpK09gSCfOCzEIWT0oYHUYhI9jokkO,6.030557250861332,14.71488408912183,9.769656536756198
1349100,pkIXjRx/GPQ7xU8jFREUciKuOOpE49JbzwnpK09gSCfOCzEIWT0oYHUYhI9jokkO,10.895290298278136,15.834621558202798,12.961083778333458
1349400,pkIXjRx/GPQ7xU8jFREUciKuOOpE49JbzwnpK09gSCfOCzEIWT0oYHUYhI9jokkO,5.93300211055918,32.1805389660144,12.620258413345704
1349700,pkIXjRx/GPQ7xU8jFREUciKuOOpE49JbzwnpK09gSCfOCzEIWT0oYHUYhI9jokkO,6.430009613543024,59.636213172639565,13.120876358986497
1350000,pkIXjRx/GPQ7xU8jFREUciKuOOpE49JbzwnpK09gSCfOCzEIWT0oYHUYhI9jokkO,6.07717173570892,12.823792233370366,7.434731027443058
1350300,pkIXjRx/GPQ7xU8jFREUciKuOOpE49JbzwnpK09gSCfOCzEIWT0oYHUYhI9jokkO,6.10359940963964,10.500637400326385,7.142813856648153
1350600,pkIXjRx/GPQ7xU8jFREUciKuOOpE49JbzwnpK09gSCfOCzEIWT0oYHUYhI9jokkO,6.332650705060964,35.144842534864424,10.429682265063102
1350900,pkIXjRx/GPQ7xU8jFREUciKuOOpE49JbzwnpK09gSCfOCzEIWT0oYHUYhI9jokkO,6.01111026655233,52.017168846489845,13.377954175512984
1351200,pkIXjRx/GPQ7xU8jFREUciKuOOpE49JbzwnpK09gSCfOCzEIWT0oYHUYhI9jokkO,5.957326156773171,13.48830289807542,7.440882307239183
1351500,pkIXjRx/GPQ7xU8jFREUciKuOOpE49JbzwnpK09gSCfOCzEIWT0oYHUYhI9jokkO,6.098308092535616,11.361207648621692,7.543766836139562
1351800,pkIXjRx/GPQ7xU8jFREUciKuOOpE49JbzwnpK09gSCfOCzEIWT0oYHUYhI9jokkO,5.751994203729008,23.602048874057985,10.421106192555056
1352100,pkIXjRx/GPQ7xU8jFREUciKuOOpE49JbzwnpK09gSCfOCzEIWT0oYHUYhI9jokkO,5.867582899692461,53.11478044113261,13.407215888519758
1352400,pkIXjRx/GPQ7xU8jFREUciKuOOpE49JbzwnpK09gSCfOCzEIWT0oYHUYhI9jokkO,6.103607418886305,13.8887037907668,7.517779918927185
1352700,pkIXjRx/GPQ7xU8jFREUciKuOOpE49JbzwnpK09gSCfOCzEIWT0oYHUYhI9jokkO,5.757977860744272,11.457760563262283,7.241840700741823
1353000,pkIXjRx/GPQ7xU8jFREUciKuOOpE49JbzwnpK09gSCfOCzEIWT0oYHUYhI9jokkO,5.851213419417452,25.54138214497412,10.074686786247996
1353300,pkIXjRx/GPQ7xU8jFREUciKuOOpE49JbzwnpK09gSCfOCzEIWT0oYHUYhI9jokkO,5.7946206517508605,47.98571931719649,13.10642563950687
1353600,pkIXjRx/GPQ7xU8jFREUciKuOOpE49JbzwnpK09gSCfOCzEIWT0oYHUYhI9jokkO,5.703502871668441,13.803779542594633,7.327321053316253
1353900,pkIXjRx/GPQ7xU8jFREUciKuOOpE49JbzwnpK09gSCfOCzEIWT0oYHUYhI9jokkO,5.612909217462996,10.152067721476326,7.233771709027786
1354200,pkIXjRx/GPQ7xU8jFREUciKuOOpE49JbzwnpK09gSCfOCzEIWT0oYHUYhI9jokkO,6.12969800154263,34.823539572746185,10.400018821694356
1354500,pkIXjRx/GPQ7xU8jFREUciKuOOpE49JbzwnpK09gSCfOCzEIWT0oYHUYhI9jokkO,5.92887867828603,42.78620355225949,12.990140903487973
1354800,pkIXjRx/GPQ7xU8jFREUciKuOOpE49JbzwnpK09gSCfOCzEIWT0oYHUYhI9jokkO,5.608773251392112,14.558492664547998,7.482323289182915
1355100,pkIXjRx/GPQ7xU8jFREUciKuOOpE49JbzwnpK09gSCfOCzEIWT0oYHUYhI9jokkO,6.309356001604878,11.091026852513698,7.570366725827455
1355400,pkIXjRx/GPQ7xU8jFREUciKuOOpE49JbzwnpK09gSCfOCzEIWT0oYHUYhI9jokkO,5.82131901905458,35.728080287926616,10.21149092604082
1355700,pkIXjRx/GPQ7xU8jFREUciKuOOpE49JbzwnpK09gSCfOCzEIWT0oYHUYhI9jokkO,6.089590508967852,36.70239172973366,13.74308344102112
1356000,pkIXjRx/GPQ7xU8jFREUciKuOOpE49JbzwnpK09gSCfOCzEIWT0oYHUYhI9jokkO,6.156861401641935,13.827631271224412,7.64338810153926
1356300,pkIXjRx/GPQ7xU8jFREUciKuOOpE49JbzwnpK09gSCfOCzEIWT0oYHUYhI9jokkO,6.034696274378352,11.173851560756567,7.350254740030414
1356600,pkIXjRx/GPQ7xU8jFREUciKuOOpE49JbzwnpK09gSCfOCzEIWT0oYHUYhI9jokkO,5.763417183874776,33.9276440567559,10.068376595539457
1356900,pkIXjRx/GPQ7xU8jFREUciKuOOpE49JbzwnpK09gSCfOCzEIWT0oYHUYhI9jokkO,5.990000224335011,35.26700036053768,12.979371924176958
1357200,pkIXjRx/GPQ7xU8jFREUciKuOOpE49JbzwnpK09gSCfOCzEIWT0oYHUYhI9jokkO,5.809137069751031,13.979521550631771,7.455307389109594
1357500,pkIXjRx/GPQ7xU8jFREUciKuOOpE49JbzwnpK09gSCfOCzEIWT0oYHUYhI9jokkO,5.819616897998984,10.960176914003528,7.208532195862388
1357800,pkIXjRx/GPQ7xU8jFREUciKuOOpE49JbzwnpK09gSCfOCzEIWT0oYHUYhI9jokkO,6.386420725340982,35.169407519867946,10.462026809241388
1358100,pkIXjRx/GPQ7xU8jFREUciKuOOpE49JbzwnpK09gSCfOCzEIWT0oYHUYhI9jokkO,6.143940405784851,35.437761149253085,13.877774344607747
1358400,pkIXjRx/GPQ7xU8jFREUciKuOOpE49JbzwnpK09gSCfOCzEIWT0oYHUYhI9jokkO,6.15105122672895,13.67829439196372,7.527050697612823
1358700,pkIXjRx/GPQ7xU8jFREUciKuOOpE49JbzwnpK09gSCfOCzEIWT0oYHUYhI9jokkO,6.359969334663716,11.435022384216945,7.442407071564035
1359000,pkIXjRx/GPQ7xU8jFREUciKuOOpE49JbzwnpK09gSCfOCzEIWT0oYHUYhI9jokkO,5.959746124506912,34.88352623825734,10.106490813857894
1359300,pkIXjRx/GPQ7xU8jFREUciKuOOpE49JbzwnpK09gSCfOCzEIWT0oYHUYhI9jokkO,6.161521126941359,35.056895645572844,13.542249209248444
1359600,pkIXjRx/GPQ7xU8jFREUciKuOOpE49JbzwnpK09gSCfOCzEIWT0oYHUYhI9jokkO,6.354236757537059,14.391962130222872,7.665402236121366
1359900,pkIXjRx/GPQ7xU8jFREUciKuOOpE49JbzwnpK09gSCfOCzEIWT0oYHUYhI9jokkO,6.030663595666111,10.849812208489576,7.360453679438311
1360200,pkIXjRx/GPQ7xU8jFREUciKuOOpE49JbzwnpK09gSCfOCzEIWT0oYHUYhI9jokkO,6.139798451605905,25.949159247947343,10.192722571836942
1360500,pkIXjRx/GPQ7xU8jFREUciKuOOpE49JbzwnpK09gSCfOCzEIWT0oYHUYhI9jokkO,6.253903946139505,46.76640111317267,13.13760025870034
1360800,pkIXjRx/GPQ7xU8jFREUciKuOOpE49JbzwnpK09gSCfOCzEIWT0oYHUYhI9jokkO,6.012274808568647,14.605549742846671,7.364196003827127
1361100,pkIXjRx/GPQ7xU8jFREUciKuOOpE49JbzwnpK09gSCfOCzEIWT0oYHUYhI9jokkO,6.065392153460829,10.663783611589228,7.14304292766292
1361400,pkIXjRx/GPQ7xU8jFREUciKuOOpE49JbzwnpK09gSCfOCzEIWT0oYHUYhI9jokkO,6.2601695674441045,25.3619528121674,10.42570120196202
1361700,pkIXjRx/GPQ7xU8jFREUciKuOOpE49JbzwnpK09gSCfOCzEIWT0oYHUYhI9jokkO,6.155528995901894,53.69049455494444,13.85539384601071
1362000,pkIXjRx/GPQ7xU8jFREUciKuOOpE49JbzwnpK09gSCfOCzEIWT0oYHUYhI9jokkO,6.049574533842038,14.419378131891763,7.433230833478077
1362300,pkIXjRx/GPQ7xU8jFREUciKuOOpE49JbzwnpK09gSCfOCzEIWT0oYHUYhI9jokkO,6.672812430667702,10.926904387050056,7.574325258968303
1362600,pkIXjRx/GPQ7xU8jFREUciKuOOpE49JbzwnpK09gSCfOCzEIWT0oYHUYhI9jokkO,6.03851508526267,35.382098260569606,10.248156150491344
1362900,pkIXjRx/GPQ7xU8jFREUciKuOOpE49JbzwnpK09gSCfOCzEIWT0oYHUYhI9jokkO,6.171275524965109,54.5799380878472,13.534216090443817
1363200,pkIXjRx/GPQ7xU8jFREUciKuOOpE49JbzwnpK09gSCfOCzEIWT0oYHUYhI9jokkO,6.364333677143321,14.794035228829356,7.613782080574945
1363500,pkIXjRx/GPQ7xU8jFREUciKuOOpE49JbzwnpK09gSCfOCzEIWT0oYHUYhI9jokkO,6.0860139627704575,10.271020915790984,7.277472522279866
1363800,pkIXjRx/GPQ7xU8jFREUciKuOOpE49JbzwnpK09gSCfOCzEIWT0oYHUYhI9jokkO,5.897654664948598,34.76902723097841,9.927625256676624
1364100,pkIXjRx/GPQ7xU8jFREUciKuOOpE49JbzwnpK09gSCfOCzEIWT0oYHUYhI9jokkO,6.157630209466736,61.15077774004674,13.009796894783872
1364400,pkIXjRx/GPQ7xU8jFREUciKuOOpE49JbzwnpK09gSCfOCzEIWT0oYHUYhI9jokkO,5.928070834914938,14.317372845899849,7.175869846402726
1364700,pkIXjRx/GPQ7xU8jFREUciKuOOpE49JbzwnpK09gSCfOCzEIWT0oYHUYhI9jokkO,6.018433701458026,9.866744029781481,6.992440723047876
1365000,pkIXjRx/GPQ7xU8jFREUciKuOOpE49JbzwnpK09gSCfOCzEIWT0oYHUYhI9jokkO,6.072238309554265,35.01617818492175,10.194293876435314
1365300,pkIXjRx/GPQ7xU8jFREUciKuOOpE49JbzwnpK09gSCfOCzEIWT0oYHUYhI9jokkO,6.024702530170804,62.53670814704108,12.917733399897578
1365600,pkIXjRx/GPQ7xU8jFREUciKuOOpE49JbzwnpK09gSCfOCzEIWT0oYHUYhI9jokkO,5.8377064742497184,14.322689221013984,7.296721765135991
1365900,pkIXjRx/GPQ7xU8jFREUciKuOOpE49JbzwnpK09gSCfOCzEIWT0oYHUYhI9jokkO,5.999790333368561,10.949664472986855,7.425970681274735
1366200,pkIXjRx/GPQ7xU8jFREUciKuOOpE49JbzwnpK09gSCfOCzEIWT0oYHUYhI9jokkO,5.930039491383091,35.411049655568924,10.051945301493266
1366500,pkIXjRx/GPQ7xU8jFREUciKuOOpE49JbzwnpK09gSCfOCzEIWT0oYHUYhI9jokkO,5.880329014492817,62.299880128408695,13.624463970600692
1366800,pkIXjRx/GPQ7xU8jFREUciKuOOpE49JbzwnpK09gSCfOCzEIWT0oYHUYhI9jokkO,6.132664857165534,14.772643629645604,7.595135588780906
1367100,pkIXjRx/GPQ7xU8jFREUciKuOOpE49JbzwnpK09gSCfOCzEIWT0oYHUYhI9jokkO,5.70458522369058,11.830431686775585,7.266610087274909
1367400,pkIXjRx/GPQ7xU8jFREUciKuOOpE49JbzwnpK09gSCfOCzEIWT0oYHUYhI9jokkO,5.674762256588504,35.07210068466688,9.979951185281234
1367700,pkIXjRx/GPQ7xU8jFREUciKuOOpE49JbzwnpK09gSCfOCzEIWT0oYHUYhI9jokkO,5.974748042647959,62.49102781804498,12.982144120797432
1368000,pkIXjRx/GPQ7xU8jFREUciKuOOpE49JbzwnpK09gSCfOCzEIWT0oYHUYhI9jokkO,5.6986901235659255,12.400332793845283,7.360123289079662
1368300,pkIXjRx/GPQ7xU8jFREUciKuOOpE49JbzwnpK09gSCfOCzEIWT0oYHUYhI9jokkO,5.66268325621744,10.952808951363524,7.136034300273219
1368600,pkIXjRx/GPQ7xU8jFREUciKuOOpE49JbzwnpK09gSCfOCzEIWT0oYHUYhI9jokkO,6.243336248968536,22.71621825391265,10.329375089300145
1368900,pkIXjRx/GPQ7xU8jFREUciKuOOpE49JbzwnpK09gSCfOCzEIWT0oYHUYhI9jokkO,5.957787738468306,61.558235837115134,12.910662846074771
1369200,pkIXjRx/GPQ7xU8jFREUciKuOOpE49JbzwnpK09gSCfOCzEIWT0oYHUYhI9jokkO,5.779192703895579,13.584791978143087,7.3467226107502945
1369500,pkIXjRx/GPQ7xU8jFREUciKuOOpE49JbzwnpK09gSCfOCzEIWT0oYHUYhI9jokkO,6.088370439269156,10.441059331880108,7.370955041026247
1369800,pkIXjRx/GPQ7xU8jFREUciKuOOpE49JbzwnpK09gSCfOCzEIWT0oYHUYhI9jokkO,5.986685220989691,32.28248902063971,10.04959271183674
1370100,pkIXjRx/GPQ7xU8jFREUciKuOOpE49JbzwnpK09gSCfOCzEIWT0oYHUYhI9jokkO,5.995403569301385,62.181466518167994,13.947853375286012
1370400,pkIXjRx/GPQ7xU8jFREUciKuOOpE49JbzwnpK09gSCfOCzEIWT0oYHUYhI9jokkO,6.024800239246526,13.798570759679922,7.673943007713691
1370700,pkIXjRx/GPQ7xU8jFREUciKuOOpE49JbzwnpK09gSCfOCzEIWT0oYHUYhI9jokkO,5.573425594364841,11.221302907731234,7.2866101612048
1371000,pkIXjRx/GPQ7xU8jFREUciKuOOpE49JbzwnpK09gSCfOCzEIWT0oYHUYhI9jokkO,5.829347985179544,35.82480227253831,10.270649892814246
1371300,pkIXjRx/GPQ7xU8jFREUciKuOOpE49JbzwnpK09gSCfOCzEIWT0oYHUYhI9jokkO,6.000242155096648,60.46162886103672,13.136189392602557
1371600,pkIXjRx/GPQ7xU8jFREUciKuOOpE49JbzwnpK09gSCfOCzEIWT0oYHUYhI9jokkO,5.854316743010792,13.624522880551236,7.526683589730365
1371900,pkIXjRx/GPQ7xU8jFREUciKuOOpE49JbzwnpK09gSCfOCzEIWT0oYHUYhI9jokkO,5.5453981014790354,11.887724808361666,7.169957527496875
1372200,pkIXjRx/GPQ7xU8jFREUciKuOOpE49JbzwnpK09gSCfOCzEIWT0oYHUYhI9jokkO,6.135289808823389,35.7504801442026,10.411970335961175
1372500,pkIXjRx/GPQ7xU8jFREUciKuOOpE49JbzwnpK09gSCfOCzEIWT0oYHUYhI9jokkO,6.0149773610406,55.49356769095241,13.074946082900066
1372800,pkIXjRx/GPQ7xU8jFREUciKuOOpE49JbzwnpK09gSCfOCzEIWT0oYHUYhI9jokkO,5.709077542504294,13.369878946889228,7.369088773279044
1373100,pkIXjRx/GPQ7xU8jFREUciKuOOpE49JbzwnpK09gSCfOCzEIWT0oYHUYhI9jokkO,6.192284007864044,11.936546837422917,7.358652430202818
1373400,pkIXjRx/GPQ7xU8jFREUciKuOOpE49JbzwnpK09gSCfOCzEIWT0oYHUYhI9jokkO,6.044617217416555,35.424109511743794,10.133137288562196
1373700,pkIXjRx/GPQ7xU8jFREUciKuOOpE49JbzwnpK09gSCfOCzEIWT0oYHUYhI9jokkO,5.897464698044469,55.41982294695991,12.741224579168255
1374000,pkIXjRx/GPQ7xU8jFREUciKuOOpE49JbzwnpK09gSCfOCzEIWT0oYHUYhI9jokkO,6.253328413951809,13.166292925170527,7.8921236835575375
1374300,pkIXjRx/GPQ7xU8jFREUciKuOOpE49JbzwnpK09gSCfOCzEIWT0oYHUYhI9jokkO,5.833516827764606,11.09265924154877,7.000721184448847
1374600,pkIXjRx/GPQ7xU8jFREUciKuOOpE49JbzwnpK09gSCfOCzEIWT0oYHUYhI9jokkO,5.875231506681267,31.223170465284767,9.829436322168403
1374900,pkIXjRx/GPQ7xU8jFREUciKuOOpE49JbzwnpK09gSCfOCzEIWT0oYHUYhI9jokkO,5.856117943765374,54.376837885160846,12.86370507770218
1375200,pkIXjRx/GPQ7xU8jFREUciKuOOpE49JbzwnpK09gSCfOCzEIWT0oYHUYhI9jokkO,5.765085313417159,13.11660487098912,7.184883501599762
1375500,pkIXjRx/GPQ7xU8jFREUciKuOOpE49JbzwnpK09gSCfOCzEIWT0oYHUYhI9jokkO,6.035164088103404,11.234100208337283,7.05518580905582
1375800,pkIXjRx/GPQ7xU8jFREUciKuOOpE49JbzwnpK09gSCfOCzEIWT0oYHUYhI9jokkO,6.349921689817235,27.897596416044323,10.34453058654803
1376100,pkIXjRx/GPQ7xU8jFREUciKuOOpE49JbzwnpK09gSCfOCzEIWT0oYHUYhI9jokkO,6.247265479695782,53.61854731607725,12.943899255044002
1376400,pkIXjRx/GPQ7xU8jFREUciKuOOpE49JbzwnpK09gSCfOCzEIWT0oYHUYhI9jokkO,6.0884478102100505,10.868239921944694,7.382446285670864
1376700,pkIXjRx/GPQ7xU8jFREUciKuOOpE49JbzwnpK09gSCfOCzEIWT0oYHUYhI9jokkO,6.524763109313922,11.498774171599289,7.482691656529533
1377000,pkIXjRx/GPQ7xU8jFREUciKuOOpE49JbzwnpK09gSCfOCzEIWT0oYHUYhI9jokkO,5.830516869859664,35.30023746980212,10.088949933313248
1377300,pkIXjRx/GPQ7xU8jFREUciKuOOpE49JbzwnpK09gSCfOCzEIWT0oYHUYhI9jokkO,6.270149311299905,51.3245258659445,12.806030373979002
1377600,pkIXjRx/GPQ7xU8jFREUciKuOOpE49JbzwnpK09gSCfOCzEIWT0oYHUYhI9jokkO,6.366886542310651,13.429830260579648,8.421031935470273
1377900,pkIXjRx/GPQ7xU8jFREUciKuOOpE49JbzwnpK09gSCfOCzEIWT0oYHUYhI9jokkO,5.9063942290528955,9.5406143276896,7.207798979669584
1378200,pkIXjRx/GPQ7xU8jFREUciKuOOpE49JbzwnpK09gSCfOCzEIWT0oYHUYhI9jokkO,6.296123324061222,30.656592318572127,14.138433540560891
1378500,pkIXjRx/GPQ7xU8jFREUciKuOOpE49JbzwnpK09gSCfOCzEIWT0oYHUYhI9jokkO,11.668277145585492,46.49799063825754,18.65577367713692
1378800,pkIXjRx/GPQ7xU8jFREUciKuOOpE49JbzwnpK09gSCfOCzEIWT0oYHUYhI9jokkO,6.282971146384302,15.852140150002478,9.387888642134
1379100,pkIXjRx/GPQ7xU8jFREUciKuOOpE49JbzwnpK09gSCfOCzEIWT0oYHUYhI9jokkO,6.069834340183509,9.976550274915885,7.178460795573071
1379400,pkIXjRx/GPQ7xU8jFREUciKuOOpE49JbzwnpK09gSCfOCzEIWT0oYHUYhI9jokkO,6.102903487280825,35.14933816938849,10.295926254421063
1379700,pkIXjRx/GPQ7xU8jFREUciKuOOpE49JbzwnpK09gSCfOCzEIWT0oYHUYhI9jokkO,6.151350593970415,38.47651225030435,12.738687099321517
1380000,pkIXjRx/GPQ7xU8jFREUciKuOOpE49JbzwnpK09gSCfOCzEIWT0oYHUYhI9jokkO,5.851093085614947,13.079422324945847,7.222877558905946
1380300,pkIXjRx/GPQ7xU8jFREUciKuOOpE49JbzwnpK09gSCfOCzEIWT0oYHUYhI9jokkO,6.081396026040933,9.60285640859199,7.171362900227403
1380600,pkIXjRx/GPQ7xU8jFREUciKuOOpE49JbzwnpK09gSCfOCzEIWT0oYHUYhI9jokkO,5.749836218618124,24.504239191250377,9.946742630370093
1380900,pkIXjRx/GPQ7xU8jFREUciKuOOpE49JbzwnpK09gSCfOCzEIWT0oYHUYhI9jokkO,5.880328271067439,37.93230590549495,12.574550813712966
1381200,pkIXjRx/GPQ7xU8jFREUciKuOOpE49JbzwnpK09gSCfOCzEIWT0oYHUYhI9jokkO,6.046000127824917,12.793538052743267,8.152563576340086
1381500,pkIXjRx/GPQ7xU8jFREUciKuOOpE49JbzwnpK09gSCfOCzEIWT0oYHUYhI9jokkO,5.766494804647554,10.271655165001263,7.071215140829612
1381800,pkIXjRx/GPQ7xU8jFREUciKuOOpE49JbzwnpK09gSCfOCzEIWT0oYHUYhI9jokkO,5.9595810429921325,21.94884603029997,10.432113167781315
1382100,pkIXjRx/GPQ7xU8jFREUciKuOOpE49JbzwnpK09gSCfOCzEIWT0oYHUYhI9jokkO,6.49977996208716,39.25602744496582,13.269088420096285
1382400,pkIXjRx/GPQ7xU8jFREUciKuOOpE49JbzwnpK09gSCfOCzEIWT0oYHUYhI9jokkO,5.853555921907238,12.550836720416228,7.22116071576867
1382700,pkIXjRx/GPQ7xU8jFREUciKuOOpE49JbzwnpK09gSCfOCzEIWT0oYHUYhI9jokkO,5.892469051392784,9.679203602377417,7.13830507226244
1383000,pkIXjRx/GPQ7xU8jFREUciKuOOpE49JbzwnpK09gSCfOCzEIWT0oYHUYhI9jokkO,6.318262900779192,31.41667481312352,10.519493865998994
1383300,pkIXjRx/GPQ7xU8jFREUciKuOOpE49JbzwnpK09gSCfOCzEIWT0oYHUYhI9jokkO,5.885318778201254,36.93766362016088,13.072860490177964
1383600,pkIXjRx/GPQ7xU8jFREUciKuOOpE49JbzwnpK09gSCfOCzEIWT0oYHUYhI9jokkO,5.959164217625526,22.20328655373137,9.336136717771089
1383900,pkIXjRx/GPQ7xU8jFREUciKuOOpE49JbzwnpK09gSCfOCzEIWT0oYHUYhI9jokkO,6.248087557542807,33.56208710991442,10.156147848169963
1384200,pkIXjRx/GPQ7xU8jFREUciKuOOpE49JbzwnpK09gSCfOCzEIWT0oYHUYhI9jokkO,5.954236545075067,34.28498987974036,10.266662452474275
1384500,pkIXjRx/GPQ7xU8jFREUciKuOOpE49JbzwnpK09gSCfOCzEIWT0oYHUYhI9jokkO,5.846797096479366,45.16483190341077,12.54448124320103
1384800,pkIXjRx/GPQ7xU8jFREUciKuOOpE49JbzwnpK09gSCfOCzEIWT0oYHUYhI9jokkO,6.4662502707474925,12.199436830247535,8.882624095185324
1385100,pkIXjRx/GPQ7xU8jFREUciKuOOpE49JbzwnpK09gSCfOCzEIWT0oYHUYhI9jokkO,5.851867374167616,8.814584728864839,7.049315130673311
1385400,pkIXjRx/GPQ7xU8jFREUciKuOOpE49JbzwnpK09gSCfOCzEIWT0oYHUYhI9jokkO,5.9114301348158405,34.11470271397442,10.766641339199689
1385700,pkIXjRx/GPQ7xU8jFREUciKuOOpE49JbzwnpK09gSCfOCzEIWT0oYHUYhI9jokkO,6.739715841228133,47.15129636766225,12.856047090255649
1386000,pkIXjRx/GPQ7xU8jFREUciKuOOpE49JbzwnpK09gSCfOCzEIWT0oYHUYhI9jokkO,5.901333875832812,13.11555013472704,8.058615997491186
1386300,pkIXjRx/GPQ7xU8jFREUciKuOOpE49JbzwnpK09gSCfOCzEIWT0oYHUYhI9jokkO,5.803720721101182,20.893738666964733,8.129581379423248
1386600,pkIXjRx/GPQ7xU8jFREUciKuOOpE49JbzwnpK09gSCfOCzEIWT0oYHUYhI9jokkO,5.942903502150218,36.022852403174674,10.728056391770403
1386900,pkIXjRx/GPQ7xU8jFREUciKuOOpE49JbzwnpK09gSCfOCzEIWT0oYHUYhI9jokkO,6.20027652694373,48.1433579349229,12.460038440376556
1387200,pkIXjRx/GPQ7xU8jFREUciKuOOpE49JbzwnpK09gSCfOCzEIWT0oYHUYhI9jokkO,5.730581513784745,12.777971989171538,7.436506083621795
1387500,pkIXjRx/GPQ7xU8jFREUciKuOOpE49JbzwnpK09gSCfOCzEIWT0oYHUYhI9jokkO,5.998110431177202,8.179107918557618,6.776737493504692
1387800,pkIXjRx/GPQ7xU8jFREUciKuOOpE49JbzwnpK09gSCfOCzEIWT0oYHUYhI9jokkO,6.139741400564903,34.670420278356275,10.36930307754724
1388100,pkIXjRx/GPQ7xU8jFREUciKuOOpE49JbzwnpK09gSCfOCzEIWT0oYHUYhI9jokkO,5.999529194460915,50.3417653403284,13.58930802787809
1388400,pkIXjRx/GPQ7xU8jFREUciKuOOpE49JbzwnpK09gSCfOCzEIWT0oYHUYhI9jokkO,6.413406232817136,17.087065277157514,8.806161711927558
1388700,pkIXjRx/GPQ7xU8jFREUciKuOOpE49JbzwnpK09gSCfOCzEIWT0oYHUYhI9jokkO,6.196013354371185,7.824826019845212,6.849059369043259
1389000,pkIXjRx/GPQ7xU8jFREUciKuOOpE49JbzwnpK09gSCfOCzEIWT0oYHUYhI9jokkO,6.451217552327524,34.66912426082691,10.572475309478452
1389300,pkIXjRx/GPQ7xU8jFREUciKuOOpE49JbzwnpK09gSCfOCzEIWT0oYHUYhI9jokkO,6.578362378802705,52.462456463327214,12.799303979723938
1389600,pkIXjRx/GPQ7xU8jFREUciKuOOpE49JbzwnpK09gSCfOCzEIWT0oYHUYhI9jokkO,6.320990891818732,13.06907818387857,7.828835408177893
1389900,pkIXjRx/GPQ7xU8jFREUciKuOOpE49JbzwnpK09gSCfOCzEIWT0oYHUYhI9jokkO,5.83836349575135,8.042531678311574,6.755993917486967
1390200,pkIXjRx/GPQ7xU8jFREUciKuOOpE49JbzwnpK09gSCfOCzEIWT0oYHUYhI9jokkO,6.444948559253497,35.31383159241649,11.223408761063276
1390500,pkIXjRx/GPQ7xU8jFREUciKuOOpE49JbzwnpK09gSCfOCzEIWT0oYHUYhI9jokkO,5.785688117820236,54.170408892501136,12.583609464426738
1390800,pkIXjRx/GPQ7xU8jFREUciKuOOpE49JbzwnpK09gSCfOCzEIWT0oYHUYhI9jokkO,5.865223799036801,12.71876914064558,7.693321112017825
1391100,pkIXjRx/GPQ7xU8jFREUciKuOOpE49JbzwnpK09gSCfOCzEIWT0oYHUYhI9jokkO,6.105446541792893,9.02239583804989,7.037498253651287
1391400,pkIXjRx/GPQ7xU8jFREUciKuOOpE49JbzwnpK09gSCfOCzEIWT0oYHUYhI9jokkO,5.6757640442761215,34.68173180280954,10.417142701645098
1391700,pkIXjRx/GPQ7xU8jFREUciKuOOpE49JbzwnpK09gSCfOCzEIWT0oYHUYhI9jokkO,5.995479609125193,59.52972679142718,12.563789039496116
1392000,pkIXjRx/GPQ7xU8jFREUciKuOOpE49JbzwnpK09gSCfOCzEIWT0oYHUYhI9jokkO,6.255812003797882,13.127543512704468,8.541678192850183
1392300,pkIXjRx/GPQ7xU8jFREUciKuOOpE49JbzwnpK09gSCfOCzEIWT0oYHUYhI9jokkO,6.369453421722584,8.55354104896774,7.306367496187011
1392600,pkIXjRx/GPQ7xU8jFREUciKuOOpE49JbzwnpK09gSCfOCzEIWT0oYHUYhI9jokkO,5.924246267897438,28.441945132097377,10.770833997655826
1392900,pkIXjRx/GPQ7xU8jFREUciKuOOpE49JbzwnpK09gSCfOCzEIWT0oYHUYhI9jokkO,6.168037928588542,61.420094553858206,12.786476288916592
1393200,pkIXjRx/GPQ7xU8jFREUciKuOOpE49JbzwnpK09gSCfOCzEIWT0oYHUYhI9jokkO,6.234052044428056,12.999062612391445,7.880204905497066
1393500,pkIXjRx/GPQ7xU8jFREUciKuOOpE49JbzwnpK09gSCfOCzEIWT0oYHUYhI9jokkO,5.912887102369445,7.617205125790894,6.840393909813449
1393800,pkIXjRx/GPQ7xU8jFREUciKuOOpE49JbzwnpK09gSCfOCzEIWT0oYHUYhI9jokkO,6.608771860620108,35.4287684967252,11.026077443418425
1394100,pkIXjRx/GPQ7xU8jFREUciKuOOpE49JbzwnpK09gSCfOCzEIWT0oYHUYhI9jokkO,6.131670602876682,63.683510138984445,12.704379174109915
1394400,pkIXjRx/GPQ7xU8jFREUciKuOOpE49JbzwnpK09gSCfOCzEIWT0oYHUYhI9jokkO,6.346589225417208,14.136465707868286,7.9040031229512
1394700,pkIXjRx/GPQ7xU8jFREUciKuOOpE49JbzwnpK09gSCfOCzEIWT0oYHUYhI9jokkO,6.318882011251659,7.949085664560864,7.124167003098352
1395000,pkIXjRx/GPQ7xU8jFREUciKuOOpE49JbzwnpK09gSCfOCzEIWT0oYHUYhI9jokkO,6.373649003433033,34.31505654143087,10.622872470876198
1395300,pkIXjRx/GPQ7xU8jFREUciKuOOpE49JbzwnpK09gSCfOCzEIWT0oYHUYhI9jokkO,6.22778665453827,63.261362689130976,12.53288313008182
1395600,pkIXjRx/GPQ7xU8jFREUciKuOOpE49JbzwnpK09gSCfOCzEIWT0oYHUYhI9jokkO,6.342123148911174,14.36254198703748,8.170784384957463
1395900,pkIXjRx/GPQ7xU8jFREUciKuOOpE49JbzwnpK09gSCfOCzEIWT0oYHUYhI9jokkO,5.92993373217089,12.050746401573424,7.6091199102183635
1396200,pkIXjRx/GPQ7xU8jFREUciKuOOpE49JbzwnpK09gSCfOCzEIWT0oYHUYhI9jokkO,6.025517921972281,34.267913203145255,10.563150748131497
1396500,pkIXjRx/GPQ7xU8jFREUciKuOOpE49JbzwnpK09gSCfOCzEIWT0oYHUYhI9jokkO,6.257612075672644,61.56962607228022,12.544659524477089
1396800,pkIXjRx/GPQ7xU8jFREUciKuOOpE49JbzwnpK09gSCfOCzEIWT0oYHUYhI9jokkO,5.813980861731016,14.148688642277884,7.951010141522783
1397100,pkIXjRx/GPQ7xU8jFREUciKuOOpE49JbzwnpK09gSCfOCzEIWT0oYHUYhI9jokkO,6.043496010675809,7.400098853194611,6.77624613027433
1397400,pkIXjRx/GPQ7xU8jFREUciKuOOpE49JbzwnpK09gSCfOCzEIWT0oYHUYhI9jokkO,6.334166372805483,34.98829074745518,10.882560318123703
1397700,pkIXjRx/GPQ7xU8jFREUciKuOOpE49JbzwnpK09gSCfOCzEIWT0oYHUYhI9jokkO,6.405833213421289,59.580676635243925,12.664115137060906
1398000,pkIXjRx/GPQ7xU8jFREUciKuOOpE49JbzwnpK09gSCfOCzEIWT0oYHUYhI9jokkO,5.906792500882817,14.080305304212848,7.932579292177361
1398300,pkIXjRx/GPQ7xU8jFREUciKuOOpE49JbzwnpK09gSCfOCzEIWT0oYHUYhI9jokkO,6.022220504155444,8.520494613279256,6.968376587980448
1398600,pkIXjRx/GPQ7xU8jFREUciKuOOpE49JbzwnpK09gSCfOCzEIWT0oYHUYhI9jokkO,5.978049436891937,34.30802740890526,10.491255294015447
1398900,pkIXjRx/GPQ7xU8jFREUciKuOOpE49JbzwnpK09gSCfOCzEIWT0oYHUYhI9jokkO,6.1059708187580455,55.55548093128468,12.302149303597307
1399200,pkIXjRx/GPQ7xU8jFREUciKuOOpE49JbzwnpK09gSCfOCzEIWT0oYHUYhI9jokkO,5.934258375160981,14.267041560889208,7.984020212665639
1399500,pkIXjRx/GPQ7xU8jFREUciKuOOpE49JbzwnpK09gSCfOCzEIWT0oYHUYhI9jokkO,6.384581963210836,10.909091003749936,7.767843026853415
1399800,pkIXjRx/GPQ7xU8jFREUciKuOOpE49JbzwnpK09gSCfOCzEIWT0oYHUYhI9jokkO,5.829645651397801,31.5195573358961,10.552226111700232
1400100,pkIXjRx/GPQ7xU8jFREUciKuOOpE49JbzwnpK09gSCfOCzEIWT0oYHUYhI9jokkO,6.4340966326134215,54.67847017798342,12.752125701111822
1400400,pkIXjRx/GPQ7xU8jFREUciKuOOpE49JbzwnpK09gSCfOCzEIWT0oYHUYhI9jokkO,5.86405753937873,14.261068241446136,7.879844218948266
1400700,pkIXjRx/GPQ7xU8jFREUciKuOOpE49JbzwnpK09gSCfOCzEIWT0oYHUYhI9jokkO,6.00820935472409,7.498571793978645,6.865018887068498
1401000,pkIXjRx/GPQ7xU8jFREUciKuOOpE49JbzwnpK09gSCfOCzEIWT0oYHUYhI9jokkO,6.5755650379283495,35.17993277533343,10.970304882632393
1401300,pkIXjRx/GPQ7xU8jFREUciKuOOpE49JbzwnpK09gSCfOCzEIWT0oYHUYhI9jokkO,6.523639567575902,54.98964527917551,12.608257507083316
1401600,pkIXjRx/GPQ7xU8jFREUciKuOOpE49JbzwnpK09gSCfOCzEIWT0oYHUYhI9jokkO,5.7108330889510235,13.936590528019208,7.655196515977066
1401900,pkIXjRx/GPQ7xU8jFREUciKuOOpE49JbzwnpK09gSCfOCzEIWT0oYHUYhI9jokkO,6.309053371956628,8.09485940629796,6.956016959068325
1402200,pkIXjRx/GPQ7xU8jFREUciKuOOpE49JbzwnpK09gSCfOCzEIWT0oYHUYhI9jokkO,5.833043331867256,34.91652685944193,10.443469388718816
1402500,pkIXjRx/GPQ7xU8jFREUciKuOOpE49JbzwnpK09gSCfOCzEIWT0oYHUYhI9jokkO,6.555484019253584,54.453586243754685,12.99392001587874
1402800,pkIXjRx/GPQ7xU8jFREUciKuOOpE49JbzwnpK09gSCfOCzEIWT0oYHUYhI9jokkO,6.390166706358847,10.081674559028286,7.347138727218223
1403100,pkIXjRx/GPQ7xU8jFREUciKuOOpE49JbzwnpK09gSCfOCzEIWT0oYHUYhI9jokkO,6.24598886882694,12.980417081358066,8.486602239274996
1403400,pkIXjRx/GPQ7xU8jFREUciKuOOpE49JbzwnpK09gSCfOCzEIWT0oYHUYhI9jokkO,6.258167407550402,38.082290421446395,9.995240707689767
1403700,pkIXjRx/GPQ7xU8jFREUciKuOOpE49JbzwnpK09gSCfOCzEIWT0oYHUYhI9jokkO,6.554813807404337,52.89985764634546,13.199393671663897
1404000,pkIXjRx/GPQ7xU8jFREUciKuOOpE49JbzwnpK09gSCfOCzEIWT0oYHUYhI9jokkO,5.851181283826032,10.518776221418696,6.999992442258791
1404300,pkIXjRx/GPQ7xU8jFREUciKuOOpE49JbzwnpK09gSCfOCzEIWT0oYHUYhI9jokkO,6.155763821093568,14.004012746106598,7.436031156669356
1404600,pkIXjRx/GPQ7xU8jFREUciKuOOpE49JbzwnpK09gSCfOCzEIWT0oYHUYhI9jokkO,6.303181621008298,35.29525045870816,10.14965744134934
1404900,pkIXjRx/GPQ7xU8jFREUciKuOOpE49JbzwnpK09gSCfOCzEIWT0oYHUYhI9jokkO,6.424950132551619,48.05812686763996,13.422295527405511
1405200,pkIXjRx/GPQ7xU8jFREUciKuOOpE49JbzwnpK09gSCfOCzEIWT0oYHUYhI9jokkO,5.870996483595183,10.058573828661965,7.191224614669249
1405500,pkIXjRx/GPQ7xU8jFREUciKuOOpE49JbzwnpK09gSCfOCzEIWT0oYHUYhI9jokkO,6.602848460443794,14.258574931217892,7.899788451768287
1405800,pkIXjRx/GPQ7xU8jFREUciKuOOpE49JbzwnpK09gSCfOCzEIWT0oYHUYhI9jokkO,6.290194628825728,37.709728689787255,10.017460257080112
1406100,pkIXjRx/GPQ7xU8jFREUciKuOOpE49JbzwnpK09gSCfOCzEIWT0oYHUYhI9jokkO,6.536065705312663,48.078993841233284,13.415249742798526
1406400,pkIXjRx/GPQ7xU8jFREUciKuOOpE49JbzwnpK09gSCfOCzEIWT0oYHUYhI9jokkO,6.240940653578783,8.09031735460628,7.045456143939118
1406700,pkIXjRx/GPQ7xU8jFREUciKuOOpE49JbzwnpK09gSCfOCzEIWT0oYHUYhI9jokkO,6.484074176968978,14.277740793430604,8.569920013024412
1407000,pkIXjRx/GPQ7xU8jFREUciKuOOpE49JbzwnpK09gSCfOCzEIWT0oYHUYhI9jokkO,6.191952346539136,35.34967849755367,10.085987263869445
1407300,pkIXjRx/GPQ7xU8jFREUciKuOOpE49JbzwnpK09gSCfOCzEIWT0oYHUYhI9jokkO,6.68245182267159,46.09807228828368,13.585277167523506
1407600,pkIXjRx/GPQ7xU8jFREUciKuOOpE49JbzwnpK09gSCfOCzEIWT0oYHUYhI9jokkO,6.439917372271382,15.05364301665056,11.529347138794687
1407900,pkIXjRx/GPQ7xU8jFREUciKuOOpE49JbzwnpK09gSCfOCzEIWT0oYHUYhI9jokkO,11.542142249909263,20.896841387291992,12.936218596207611
1408200,pkIXjRx/GPQ7xU8jFREUciKuOOpE49JbzwnpK09gSCfOCzEIWT0oYHUYhI9jokkO,6.384712306049225,30.57247525554188,11.564214526915467
1408500,pkIXjRx/GPQ7xU8jFREUciKuOOpE49JbzwnpK09gSCfOCzEIWT0oYHUYhI9jokkO,6.6207454625840345,44.04929869853808,13.261286114226678
1408800,pkIXjRx/GPQ7xU8jFREUciKuOOpE49JbzwnpK09gSCfOCzEIWT0oYHUYhI9jokkO,6.116450745909172,10.837584644481742,7.221189570309433
1409100,pkIXjRx/GPQ7xU8jFREUciKuOOpE49JbzwnpK09gSCfOCzEIWT0oYHUYhI9jokkO,6.26679690189052,14.233312595548208,7.7694216689881905
1409400,pkIXjRx/GPQ7xU8jFREUciKuOOpE49JbzwnpK09gSCfOCzEIWT0oYHUYhI9jokkO,6.07031396799562,38.84669146518068,9.912203610679825
1409700,pkIXjRx/GPQ7xU8jFREUciKuOOpE49JbzwnpK09gSCfOCzEIWT0oYHUYhI9jokkO,6.026086602073552,41.925002567752315,13.209843624320674
1410000,pkIXjRx/GPQ7xU8jFREUciKuOOpE49JbzwnpK09gSCfOCzEIWT0oYHUYhI9jokkO,6.253552616813083,7.992072477140493,6.9294658346591325
1410300,pkIXjRx/GPQ7xU8jFREUciKuOOpE49JbzwnpK09gSCfOCzEIWT0oYHUYhI9jokkO,6.300919283154204,14.261170269375354,8.413284845499435
1410600,pkIXjRx/GPQ7xU8jFREUciKuOOpE49JbzwnpK09gSCfOCzEIWT0oYHUYhI9jokkO,6.2032727786308826,34.49447483728657,9.951343366817504
1410900,pkIXjRx/GPQ7xU8jFREUciKuOOpE49JbzwnpK09gSCfOCzEIWT0oYHUYhI9jokkO,6.384360042703141,42.50574215243719,13.421903665895115
1411200,pkIXjRx/GPQ7xU8jFREUciKuOOpE49JbzwnpK09gSCfOCzEIWT0oYHUYhI9jokkO,6.0060949907384575,10.990313948348009,7.172591167296942
1411500,pkIXjRx/GPQ7xU8jFREUciKuOOpE49JbzwnpK09gSCfOCzEIWT0oYHUYhI9jokkO,6.108518323337976,13.598229459065545,7.520126708513233
1411800,pkIXjRx/GPQ7xU8jFREUciKuOOpE49JbzwnpK09gSCfOCzEIWT0oYHUYhI9jokkO,6.194214010775087,39.086723029752925,10.099292261697151
1412100,pkIXjRx/GPQ7xU8jFREUciKuOOpE49JbzwnpK09gSCfOCzEIWT0oYHUYhI9jokkO,6.09625845129333,39.99481797314976,13.30223386300842
1412400,pkIXjRx/GPQ7xU8jFREUciKuOOpE49JbzwnpK09gSCfOCzEIWT0oYHUYhI9jokkO,6.012261985890748,10.85536175511626,7.3015919204417425
1412700,pkIXjRx/GPQ7xU8jFREUciKuOOpE49JbzwnpK09gSCfOCzEIWT0oYHUYhI9jokkO,6.106414825714916,14.015533244619837,7.764259733724928
1413000,pkIXjRx/GPQ7xU8jFREUciKuOOpE49JbzwnpK09gSCfOCzEIWT0oYHUYhI9jokkO,6.171035325401972,33.64324389231971,9.897240652879567
1413300,pkIXjRx/GPQ7xU8jFREUciKuOOpE49JbzwnpK09gSCfOCzEIWT0oYHUYhI9jokkO,6.1686427108677995,38.54802613350283,13.229655418996204
1413600,pkIXjRx/GPQ7xU8jFREUciKuOOpE49JbzwnpK09gSCfOCzEIWT0oYHUYhI9jokkO,6.319570736654184,10.283934379375516,7.55137121097691
1413900,pkIXjRx/GPQ7xU8jFREUciKuOOpE49JbzwnpK09gSCfOCzEIWT0oYHUYhI9jokkO,5.99037034366421,13.222881751220354,7.924292193603681
1414200,pkIXjRx/GPQ7xU8jFREUciKuOOpE49JbzwnpK09gSCfOCzEIWT0oYHUYhI9jokkO,5.907118436962883,12.170839814684127,7.704128555578784
1414500,pkIXjRx/GPQ7xU8jFREUciKuOOpE49JbzwnpK09gSCfOCzEIWT0oYHUYhI9jokkO,6.3171157065408,38.354437123511,13.52050753334352
1414800,pkIXjRx/GPQ7xU8jFREUciKuOOpE49JbzwnpK09gSCfOCzEIWT0oYHUYhI9jokkO,5.858027687788415,11.132369017573597,7.185870087586212
1415100,pkIXjRx/GPQ7xU8jFREUciKuOOpE49JbzwnpK09gSCfOCzEIWT0oYHUYhI9jokkO,5.928013865574533,13.486685130208947,7.587593367077958
1415400,pkIXjRx/GPQ7xU8jFREUciKuOOpE49JbzwnpK09gSCfOCzEIWT0oYHUYhI9jokkO,6.236269638723373,34.73444045816475,10.073626389182609
1415700,pkIXjRx/GPQ7xU8jFREUciKuOOpE49JbzwnpK09gSCfOCzEIWT0oYHUYhI9jokkO,6.114716074356905,36.42493163342625,13.335381485902523
1416000,pkIXjRx/GPQ7xU8jFREUciKuOOpE49JbzwnpK09gSCfOCzEIWT0oYHUYhI9jokkO,5.593136095486467,11.097311733806375,7.1430250346693605
1416300,pkIXjRx/GPQ7xU8jFREUciKuOOpE49JbzwnpK09gSCfOCzEIWT0oYHUYhI9jokkO,6.211148111022122,14.251344203220665,7.71747739380027
1416600,pkIXjRx/GPQ7xU8jFREUciKuOOpE49JbzwnpK09gSCfOCzEIWT0oYHUYhI9jokkO,6.156370379222194,34.839928482517706,9.917769951832698
1416900,pkIXjRx/GPQ7xU8jFREUciKuOOpE49JbzwnpK09gSCfOCzEIWT0oYHUYhI9jokkO,6.2105998921547245,36.8151723954693,13.293561828031324
1417200,pkIXjRx/GPQ7xU8jFREUciKuOOpE49JbzwnpK09gSCfOCzEIWT0oYHUYhI9jokkO,6.544893163388209,11.535533269108289,7.878586803742972
1417500,pkIXjRx/GPQ7xU8jFREUciKuOOpE49JbzwnpK09gSCfOCzEIWT0oYHUYhI9jokkO,6.319634269028735,15.084910141032244,8.367461133948355
1417800,pkIXjRx/GPQ7xU8jFREUciKuOOpE49JbzwnpK09gSCfOCzEIWT0oYHUYhI9jokkO,6.2956756529193525,34.168927149051214,10.735379095422804
1418100,pkIXjRx/GPQ7xU8jFREUciKuOOpE49JbzwnpK09gSCfOCzEIWT0oYHUYhI9jokkO,6.600722124827762,35.29468362577739,13.535398878464973
1418400,pkIXjRx/GPQ7xU8jFREUciKuOOpE49JbzwnpK09gSCfOCzEIWT0oYHUYhI9jokkO,6.2774621234373775,11.370256256156551,7.289751028820794
1418700,pkIXjRx/GPQ7xU8jFREUciKuOOpE49JbzwnpK09gSCfOCzEIWT0oYHUYhI9jokkO,6.194543069149423,13.531342802746297,7.61437993794723
1419000,pkIXjRx/GPQ7xU8jFREUciKuOOpE49JbzwnpK09gSCfOCzEIWT0oYHUYhI9jokkO,6.481813181134191,34.260627476087464,10.161717283149446
1419300,pkIXjRx/GPQ7xU8jFREUciKuOOpE49JbzwnpK09gSCfOCzEIWT0oYHUYhI9jokkO,6.416515362321271,38.287420845344975,13.325316243780785
1419600,pkIXjRx/GPQ7xU8jFREUciKuOOpE49JbzwnpK09gSCfOCzEIWT0oYHUYhI9jokkO,6.13514642202175,10.55085634168142,7.138826377497632
1419900,pkIXjRx/GPQ7xU8jFREUciKuOOpE49JbzwnpK09gSCfOCzEIWT0oYHUYhI9jokkO,6.488381267028274,13.038630463154206,7.758268204297998
1420200,pkIXjRx/GPQ7xU8jFREUciKuOOpE49JbzwnpK09gSCfOCzEIWT0oYHUYhI9jokkO,5.853736132489733,35.21787813934351,9.831739595822112
1420500,pkIXjRx/GPQ7xU8jFREUciKuOOpE49JbzwnpK09gSCfOCzEIWT0oYHUYhI9jokkO,6.395360829294607,45.489316237400025,13.315953002618366
1420800,pkIXjRx/GPQ7xU8jFREUciKuOOpE49JbzwnpK09gSCfOCzEIWT0oYHUYhI9jokkO,6.1871438137621,10.291186926439194,7.316344528609535
1421100,pkIXjRx/GPQ7xU8jFREUciKuOOpE49JbzwnpK09gSCfOCzEIWT0oYHUYhI9jokkO,5.933804689016585,13.738144847313611,7.61909151253718
1421400,pkIXjRx/GPQ7xU8jFREUciKuOOpE49JbzwnpK09gSCfOCzEIWT0oYHUYhI9jokkO,6.042217886325741,37.8732994396429,10.806919782549857
1421700,pkIXjRx/GPQ7xU8jFREUciKuOOpE49JbzwnpK09gSCfOCzEIWT0oYHUYhI9jokkO,6.085303289493342,47.13546472928436,13.424386379685073
1422000,pkIXjRx/GPQ7xU8jFREUciKuOOpE49JbzwnpK09gSCfOCzEIWT0oYHUYhI9jokkO,6.0582838114380095,10.431464477715874,7.1426082560429975
1422300,pkIXjRx/GPQ7xU8jFREUciKuOOpE49JbzwnpK09gSCfOCzEIWT0oYHUYhI9jokkO,6.0178339583492795,13.39224242955655,7.434008619231359
1422600,pkIXjRx/GPQ7xU8jFREUciKuOOpE49JbzwnpK09gSCfOCzEIWT0oYHUYhI9jokkO,6.4302590090190765,35.07037960008608,10.418436472914705
1422900,pkIXjRx/GPQ7xU8jFREUciKuOOpE49JbzwnpK09gSCfOCzEIWT0oYHUYhI9jokkO,6.156329829317366,47.45314428545877,13.294251328554822
1423200,pkIXjRx/GPQ7xU8jFREUciKuOOpE49JbzwnpK09gSCfOCzEIWT0oYHUYhI9jokkO,6.037920458976481,10.667412886870954,7.162582525592055
1423500,pkIXjRx/GPQ7xU8jFREUciKuOOpE49JbzwnpK09gSCfOCzEIWT0oYHUYhI9jokkO,6.413404151351604,13.979368977172737,7.670386941672846
1423800,pkIXjRx/GPQ7xU8jFREUciKuOOpE49JbzwnpK09gSCfOCzEIWT0oYHUYhI9jokkO,5.910860031014572,29.023241168486223,9.671255469090273
1424100,pkIXjRx/GPQ7xU8jFREUciKuOOpE49JbzwnpK09gSCfOCzEIWT0oYHUYhI9jokkO,6.260941641775266,49.283667408649,13.037845274853083
1424400,pkIXjRx/GPQ7xU8jFREUciKuOOpE49JbzwnpK09gSCfOCzEIWT0oYHUYhI9jokkO,5.888270773695256,10.611472478301089,7.144805394488106
1424700,pkIXjRx/GPQ7xU8jFREUciKuOOpE49JbzwnpK09gSCfOCzEIWT0oYHUYhI9jokkO,5.567212705723729,13.735581181464882,7.333650173746813
1425000,pkIXjRx/GPQ7xU8jFREUciKuOOpE49JbzwnpK09gSCfOCzEIWT0oYHUYhI9jokkO,5.4504041400765,36.95219166274466,10.57046151622544
1425300,pkIXjRx/GPQ7xU8jFREUciKuOOpE49JbzwnpK09gSCfOCzEIWT0oYHUYhI9jokkO,6.41313640793498,51.45864054037581,13.289211939552708
1425600,pkIXjRx/GPQ7xU8jFREUciKuOOpE49JbzwnpK09gSCfOCzEIWT0oYHUYhI9jokkO,5.6972344465286575,9.312775369168952,6.981409589479411
1425900,pkIXjRx/GPQ7xU8jFREUciKuOOpE49JbzwnpK09gSCfOCzEIWT0oYHUYhI9jokkO,5.737730297449756,13.849853808578768,7.331571247917663
1426200,pkIXjRx/GPQ7xU8jFREUciKuOOpE49JbzwnpK09gSCfOCzEIWT0oYHUYhI9jokkO,5.887309668807091,35.55182373467444,10.993209314340683
1426500,pkIXjRx/GPQ7xU8jFREUciKuOOpE49JbzwnpK09gSCfOCzEIWT0oYHUYhI9jokkO,6.19868757972268,52.7176552961477,13.273893185083718
1426800,pkIXjRx/GPQ7xU8jFREUciKuOOpE49JbzwnpK09gSCfOCzEIWT0oYHUYhI9jokkO,5.494525364293702,9.815523034373294,7.054720203995113
1427100,pkIXjRx/GPQ7xU8jFREUciKuOOpE49JbzwnpK09gSCfOCzEIWT0oYHUYhI9jokkO,5.91392638638956,14.203656673871766,7.750838263771824
1427400,pkIXjRx/GPQ7xU8jFREUciKuOOpE49JbzwnpK09gSCfOCzEIWT0oYHUYhI9jokkO,5.9435584466270335,21.088667813927767,9.801680928056951
1427700,pkIXjRx/GPQ7xU8jFREUciKuOOpE49JbzwnpK09gSCfOCzEIWT0oYHUYhI9jokkO,6.3140999504556925,56.13734831146009,13.12587457554821
1428000,pkIXjRx/GPQ7xU8jFREUciKuOOpE49JbzwnpK09gSCfOCzEIWT0oYHUYhI9jokkO,6.115477191049133,9.733134745846307,7.29409258882113
1428300,pkIXjRx/GPQ7xU8jFREUciKuOOpE49JbzwnpK09gSCfOCzEIWT0oYHUYhI9jokkO,6.40417817947871,12.599828215680455,7.571800501274143
1428600,pkIXjRx/GPQ7xU8jFREUciKuOOpE49JbzwnpK09gSCfOCzEIWT0oYHUYhI9jokkO,5.73825028598931,36.1113000545048,10.996451702368583
1428900,pkIXjRx/GPQ7xU8jFREUciKuOOpE49JbzwnpK09gSCfOCzEIWT0oYHUYhI9jokkO,6.654467955736217,61.66664147846704,13.768904313922722
1429200,pkIXjRx/GPQ7xU8jFREUciKuOOpE49JbzwnpK09gSCfOCzEIWT0oYHUYhI9jokkO,5.647172044144591,9.899152743122759,7.050570639221013
1429500,pkIXjRx/GPQ7xU8jFREUciKuOOpE49JbzwnpK09gSCfOCzEIWT0oYHUYhI9jokkO,6.398388115831048,12.607588832431636,7.455477210572938
1429800,pkIXjRx/GPQ7xU8jFREUciKuOOpE49JbzwnpK09gSCfOCzEIWT0oYHUYhI9jokkO,6.16647769569397,35.68525566624068,10.339881915826822
1430100,pkIXjRx/GPQ7xU8jFREUciKuOOpE49JbzwnpK09gSCfOCzEIWT0oYHUYhI9jokkO,6.229283792643857,60.65921924559552,13.173556815653118
1430400,pkIXjRx/GPQ7xU8jFREUciKuOOpE49JbzwnpK09gSCfOCzEIWT0oYHUYhI9jokkO,5.6298583893110345,9.408082645128374,7.028112018001588
1430700,pkIXjRx/GPQ7xU8jFREUciKuOOpE49JbzwnpK09gSCfOCzEIWT0oYHUYhI9jokkO,6.092491998717052,12.80424332744198,7.637821822489376
1431000,pkIXjRx/GPQ7xU8jFREUciKuOOpE49JbzwnpK09gSCfOCzEIWT0oYHUYhI9jokkO,5.8293525814739855,35.37048932866761,9.730373274307924
1431300,pkIXjRx/GPQ7xU8jFREUciKuOOpE49JbzwnpK09gSCfOCzEIWT0oYHUYhI9jokkO,6.322510782076759,61.640989585122526,13.209901023221375
1431600,pkIXjRx/GPQ7xU8jFREUciKuOOpE49JbzwnpK09gSCfOCzEIWT0oYHUYhI9jokkO,6.234964761486246,8.87825239453411,7.230607567366586
1431900,pkIXjRx/GPQ7xU8jFREUciKuOOpE49JbzwnpK09gSCfOCzEIWT0oYHUYhI9jokkO,5.948751975511634,12.66713257617659,7.5144314344931376
1432200,pkIXjRx/GPQ7xU8jFREUciKuOOpE49JbzwnpK09gSCfOCzEIWT0oYHUYhI9jokkO,6.135259349195027,35.50405062973119,10.650781761397914
1432500,pkIXjRx/GPQ7xU8jFREUciKuOOpE49JbzwnpK09gSCfOCzEIWT0oYHUYhI9jokkO,6.394305701821651,61.93057190244405,13.630441272283027
1432800,pkIXjRx/GPQ7xU8jFREUciKuOOpE49JbzwnpK09gSCfOCzEIWT0oYHUYhI9jokkO,6.0614672967781615,10.001923382619475,7.186955752473564
1433100,pkIXjRx/GPQ7xU8jFREUciKuOOpE49JbzwnpK09gSCfOCzEIWT0oYHUYhI9jokkO,5.849171646769031,13.60476198649314,7.460854483586002
1433400,pkIXjRx/GPQ7xU8jFREUciKuOOpE49JbzwnpK09gSCfOCzEIWT0oYHUYhI9jokkO,6.0635353452283,35.72508131605339,10.033859206995814
1433700,pkIXjRx/GPQ7xU8jFREUciKuOOpE49JbzwnpK09gSCfOCzEIWT0oYHUYhI9jokkO,6.110657177973117,57.88224456686911,13.26559129510994
1434000,pkIXjRx/GPQ7xU8jFREUciKuOOpE49JbzwnpK09gSCfOCzEIWT0oYHUYhI9jokkO,5.663800803459384,10.062199445897082,7.065145297638072
1434300,pkIXjRx/GPQ7xU8jFREUciKuOOpE49JbzwnpK09gSCfOCzEIWT0oYHUYhI9jokkO,6.224123688360382,13.469759321625784,7.6746003618809295
1434600,pkIXjRx/GPQ7xU8jFREUciKuOOpE49JbzwnpK09gSCfOCzEIWT0oYHUYhI9jokkO,5.824821892000533,32.72397930479081,9.756746715724638
1434900,pkIXjRx/GPQ7xU8jFREUciKuOOpE49JbzwnpK09gSCfOCzEIWT0oYHUYhI9jokkO,6.169083069944902,58.63981516963707,12.990526168014847
1435200,pkIXjRx/GPQ7xU8jFREUciKuOOpE49JbzwnpK09gSCfOCzEIWT0oYHUYhI9jokkO,6.134811151804145,10.550222226119011,7.37768345845054
1435500,pkIXjRx/GPQ7xU8jFREUciKuOOpE49JbzwnpK09gSCfOCzEIWT0oYHUYhI9jokkO,6.112375632256076,14.060492102744291,7.616055351676738
1435800,pkIXjRx/GPQ7xU8jFREUciKuOOpE49JbzwnpK09gSCfOCzEIWT0oYHUYhI9jokkO,6.043071611288544,22.851080518232077,9.8672422776689
1436100,pkIXjRx/GPQ7xU8jFREUciKuOOpE49JbzwnpK09gSCfOCzEIWT0oYHUYhI9jokkO,6.908056211442096,60.75449414979926,14.233630131118392
1436400,pkIXjRx/GPQ7xU8jFREUciKuOOpE49JbzwnpK09gSCfOCzEIWT0oYHUYhI9jokkO,5.95188543222692,10.152049652622471,7.245016834928887
1436700,pkIXjRx/GPQ7xU8jFREUciKuOOpE49JbzwnpK09gSCfOCzEIWT0oYHUYhI9jokkO,6.0046858663310045,13.890664563342051,7.601793816163535
1437000,pkIXjRx/GPQ7xU8jFREUciKuOOpE49JbzwnpK09gSCfOCzEIWT0oYHUYhI9jokkO,6.413176659536579,28.755700504036387,15.469072671290784
1437300,pkIXjRx/GPQ7xU8jFREUciKuOOpE49JbzwnpK09gSCfOCzEIWT0oYHUYhI9jokkO,11.514838203695202,66.46465009714028,18.82734903420755
1437600,pkIXjRx/GPQ7xU8jFREUciKuOOpE49JbzwnpK09gSCfOCzEIWT0oYHUYhI9jokkO,6.064791334943832,8.668847779447752,7.642290679507955
1437900,pkIXjRx/GPQ7xU8jFREUciKuOOpE49JbzwnpK09gSCfOCzEIWT0oYHUYhI9jokkO,6.398732872549306,14.299588727432068,7.960451820120792
1438200,pkIXjRx/GPQ7xU8jFREUciKuOOpE49JbzwnpK09gSCfOCzEIWT0oYHUYhI9jokkO,5.821330147333204,27.624209707277775,9.954893894230825
1438500,pkIXjRx/GPQ7xU8jFREUciKuOOpE49JbzwnpK09gSCfOCzEIWT0oYHUYhI9jokkO,6.308483319706467,62.335253837416005,13.36131502437154
1438800,pkIXjRx/GPQ7xU8jFREUciKuOOpE49JbzwnpK09gSCfOCzEIWT0oYHUYhI9jokkO,6.128193415001187,9.66673923125073,7.354920754638096
1439100,pkIXjRx/GPQ7xU8jFREUciKuOOpE49JbzwnpK09gSCfOCzEIWT0oYHUYhI9jokkO,5.854999820019928,14.657809575482526,7.711370265062053
1439400,pkIXjRx/GPQ7xU8jFREUciKuOOpE49JbzwnpK09gSCfOCzEIWT0oYHUYhI9jokkO,5.7579967000055765,35.81848166938547,9.943842676644344
1439700,pkIXjRx/GPQ7xU8jFREUciKuOOpE49JbzwnpK09gSCfOCzEIWT0oYHUYhI9jokkO,6.486821755733898,64.5227692448302,14.30067213348016
1440000,pkIXjRx/GPQ7xU8jFREUciKuOOpE49JbzwnpK09gSCfOCzEIWT0oYHUYhI9jokkO,5.744776608194053,10.055767070934316,7.174502956571755
1440300,pkIXjRx/GPQ7xU8jFREUciKuOOpE49JbzwnpK09gSCfOCzEIWT0oYHUYhI9jokkO,5.889887534418703,14.226130600313414,7.541726734097437
1440600,pkIXjRx/GPQ7xU8jFREUciKuOOpE49JbzwnpK09gSCfOCzEIWT0oYHUYhI9jokkO,6.292374142957156,35.90544969635763,10.182754716182227
1440900,pkIXjRx/GPQ7xU8jFREUciKuOOpE49JbzwnpK09gSCfOCzEIWT0oYHUYhI9jokkO,6.2595509878832845,62.22724628572252,13.355891979153172
1441200,pkIXjRx/GPQ7xU8jFREUciKuOOpE49JbzwnpK09gSCfOCzEIWT0oYHUYhI9jokkO,5.749404608841992,9.66105234393893,7.1917434235561934
1441500,pkIXjRx/GPQ7xU8jFREUciKuOOpE49JbzwnpK09gSCfOCzEIWT0oYHUYhI9jokkO,6.228401823818571,13.94184424140029,7.948772103170664
1441800,pkIXjRx/GPQ7xU8jFREUciKuOOpE49JbzwnpK09gSCfOCzEIWT0oYHUYhI9jokkO,5.720786729397672,35.325496399731094,10.337562823522475
1442100,pkIXjRx/GPQ7xU8jFREUciKuOOpE49JbzwnpK09gSCfOCzEIWT0oYHUYhI9jokkO,6.0500704320710605,61.85280068963382,13.250518716402558
1442400,pkIXjRx/GPQ7xU8jFREUciKuOOpE49JbzwnpK09gSCfOCzEIWT0oYHUYhI9jokkO,5.912153059252408,9.743068304928682,7.318151963611607
1442700,pkIXjRx/GPQ7xU8jFREUciKuOOpE49JbzwnpK09gSCfOCzEIWT0oYHUYhI9jokkO,5.7235803663384575,14.113575127976224,7.490882041862052
1443000,pkIXjRx/GPQ7xU8jFREUciKuOOpE49JbzwnpK09gSCfOCzEIWT0oYHUYhI9jokkO,5.439593917264226,35.310089505556235,9.623915887406067
1443300,pkIXjRx/GPQ7xU8jFREUciKuOOpE49JbzwnpK09gSCfOCzEIWT0oYHUYhI9jokkO,6.089984961321184,63.65320696023301,13.992491249198984
1443600,pkIXjRx/GPQ7xU8jFREUciKuOOpE49JbzwnpK09gSCfOCzEIWT0oYHUYhI9jokkO,5.581458536092863,9.390895150949582,6.696286406128536
1443900,pkIXjRx/GPQ7xU8jFREUciKuOOpE49JbzwnpK09gSCfOCzEIWT0oYHUYhI9jokkO,5.690870029498475,13.693126157323183,7.681025999496595
1444200,pkIXjRx/GPQ7xU8jFREUciKuOOpE49JbzwnpK09gSCfOCzEIWT0oYHUYhI9jokkO,5.873678055608342,35.806280575149785,9.658250562086263
1444500,pkIXjRx/GPQ7xU8jFREUciKuOOpE49JbzwnpK09gSCfOCzEIWT0oYHUYhI9jokkO,6.17243910210229,61.97963138987173,13.707675242185251
1444800,pkIXjRx/GPQ7xU8jFREUciKuOOpE49JbzwnpK09gSCfOCzEIWT0oYHUYhI9jokkO,5.577534746118907,9.585500946894513,6.808016609730766
1445100,pkIXjRx/GPQ7xU8jFREUciKuOOpE49JbzwnpK09gSCfOCzEIWT0oYHUYhI9jokkO,6.168398949800142,15.246398522958868,8.308798204653606
1445400,pkIXjRx/GPQ7xU8jFREUciKuOOpE49JbzwnpK09gSCfOCzEIWT0oYHUYhI9jokkO,5.873675143987319,35.967379256917624,9.561221298072109
1445700,pkIXjRx/GPQ7xU8jFREUciKuOOpE49JbzwnpK09gSCfOCzEIWT0oYHUYhI9jokkO,6.367662529472302,53.62193931946672,13.702737382829682
1446000,pkIXjRx/GPQ7xU8jFREUciKuOOpE49JbzwnpK09gSCfOCzEIWT0oYHUYhI9jokkO,6.3686483245009855,9.206070968538366,7.135824384438781
1446300,pkIXjRx/GPQ7xU8jFREUciKuOOpE49JbzwnpK09gSCfOCzEIWT0oYHUYhI9jokkO,6.025382002637476,14.348884776150438,8.024537989915554
1446600,pkIXjRx/GPQ7xU8jFREUciKuOOpE49JbzwnpK09gSCfOCzEIWT0oYHUYhI9jokkO,5.885905350706558,35.63157411109155,9.533430232530204
1446900,pkIXjRx/GPQ7xU8jFREUciKuOOpE49JbzwnpK09gSCfOCzEIWT0oYHUYhI9jokkO,6.484831810295004,51.8569558184263,14.538314662281463
1447200,pkIXjRx/GPQ7xU8jFREUciKuOOpE49JbzwnpK09gSCfOCzEIWT0oYHUYhI9jokkO,6.105582008076379,9.325352506061652,6.87690151109925
1447500,pkIXjRx/GPQ7xU8jFREUciKuOOpE49JbzwnpK09gSCfOCzEIWT0oYHUYhI9jokkO,6.062981903577624,13.997235166402312,7.9061015278500335
1447800,pkIXjRx/GPQ7xU8jFREUciKuOOpE49JbzwnpK09gSCfOCzEIWT0oYHUYhI9jokkO,6.3172971883240985,35.23369841489907,9.769229342602042
1448100,pkIXjRx/GPQ7xU8jFREUciKuOOpE49JbzwnpK09gSCfOCzEIWT0oYHUYhI9jokkO,6.629184208279396,49.434593785291,13.783201191202316
1448400,pkIXjRx/GPQ7xU8jFREUciKuOOpE49JbzwnpK09gSCfOCzEIWT0oYHUYhI9jokkO,5.998564020834404,9.390719102563946,6.7775290242950215
1448700,pkIXjRx/GPQ7xU8jFREUciKuOOpE49JbzwnpK09gSCfOCzEIWT0oYHUYhI9jokkO,6.516143726967773,14.422413131872233,8.1919995697324
1449000,pkIXjRx/GPQ7xU8jFREUciKuOOpE49JbzwnpK09gSCfOCzEIWT0oYHUYhI9jokkO,6.085948223502132,30.95473057029825,9.680010156898344
1449300,pkIXjRx/GPQ7xU8jFREUciKuOOpE49JbzwnpK09gSCfOCzEIWT0oYHUYhI9jokkO,6.258375720791404,46.85603595883559,13.497980198994645
1449600,pkIXjRx/GPQ7xU8jFREUciKuOOpE49JbzwnpK09gSCfOCzEIWT0oYHUYhI9jokkO,6.338202141276381,9.136496798486975,7.171048248699641
1449900,pkIXjRx/GPQ7xU8jFREUciKuOOpE49JbzwnpK09gSCfOCzEIWT0oYHUYhI9jokkO,6.370790886786198,12.92547282960814,8.085657724158889
1450200,pkIXjRx/GPQ7xU8jFREUciKuOOpE49JbzwnpK09gSCfOCzEIWT0oYHUYhI9jokkO,6.13163748591062,35.798542575437885,10.038078256248808
1450500,pkIXjRx/GPQ7xU8jFREUciKuOOpE49JbzwnpK09gSCfOCzEIWT0oYHUYhI9jokkO,6.306788452048024,45.16786167497612,14.707744588921466
1450800,pkIXjRx/GPQ7xU8jFREUciKuOOpE49JbzwnpK09gSCfOCzEIWT0oYHUYhI9jokkO,6.059427644508725,9.021421076154018,6.8404651625052875
1451100,pkIXjRx/GPQ7xU8jFREUciKuOOpE49JbzwnpK09gSCfOCzEIWT0oYHUYhI9jokkO,6.2047953419843695,13.573119448540504,7.90190580871973
1451400,pkIXjRx/GPQ7xU8jFREUciKuOOpE49JbzwnpK09gSCfOCzEIWT0oYHUYhI9jokkO,6.380944899111292,21.97525569222478,9.866127926247684
1451700,pkIXjRx/GPQ7xU8jFREUciKuOOpE49JbzwnpK09gSCfOCzEIWT0oYHUYhI9jokkO,6.005609609962336,38.3817098251899,13.613910335364832
1452000,pkIXjRx/GPQ7xU8jFREUciKuOOpE49JbzwnpK09gSCfOCzEIWT0oYHUYhI9jokkO,6.10549951675231,9.477919102282376,6.879087108840713
1452300,pkIXjRx/GPQ7xU8jFREUciKuOOpE49JbzwnpK09gSCfOCzEIWT0oYHUYhI9jokkO,6.300825897956584,13.767618447410708,8.009727747101662
1452600,pkIXjRx/GPQ7xU8jFREUciKuOOpE49JbzwnpK09gSCfOCzEIWT0oYHUYhI9jokkO,5.880616941151308,35.62427102978469,9.613011754613721
1452900,pkIXjRx/GPQ7xU8jFREUciKuOOpE49JbzwnpK09gSCfOCzEIWT0oYHUYhI9jokkO,6.166332327258774,40.13824893798303,13.505789052461704
1453200,pkIXjRx/GPQ7xU8jFREUciKuOOpE49JbzwnpK09gSCfOCzEIWT0oYHUYhI9jokkO,6.07501857711982,9.272992689398656,6.985289347378719
1453500,pkIXjRx/GPQ7xU8jFREUciKuOOpE49JbzwnpK09gSCfOCzEIWT0oYHUYhI9jokkO,5.797203741457241,13.889077132331549,7.904682943899046
1453800,pkIXjRx/GPQ7xU8jFREUciKuOOpE49JbzwnpK09gSCfOCzEIWT0oYHUYhI9jokkO,5.873231846294537,24.273714630161003,9.551984315565017
1454100,pkIXjRx/GPQ7xU8jFREUciKuOOpE49JbzwnpK09gSCfOCzEIWT0oYHUYhI9jokkO,6.285299505785053,40.71328797119287,14.418236492158432
1454400,pkIXjRx/GPQ7xU8jFREUciKuOOpE49JbzwnpK09gSCfOCzEIWT0oYHUYhI9jokkO,5.8602941600676415,9.327112528825772,7.083518384419162
1454700,pkIXjRx/GPQ7xU8jFREUciKuOOpE49JbzwnpK09gSCfOCzEIWT0oYHUYhI9jokkO,5.70037670586888,13.63818040171166,7.704345225769934
1455000,pkIXjRx/GPQ7xU8jFREUciKuOOpE49JbzwnpK09gSCfOCzEIWT0oYHUYhI9jokkO,6.014638800646432,35.44560539315738,9.660954784599577
1455300,pkIXjRx/GPQ7xU8jFREUciKuOOpE49JbzwnpK09gSCfOCzEIWT0oYHUYhI9jokkO,5.749514258252052,46.85809107018096,13.356020022415263
1455600,pkIXjRx/GPQ7xU8jFREUciKuOOpE49JbzwnpK09gSCfOCzEIWT0oYHUYhI9jokkO,5.473110162652297,9.175631789340397,6.589662856818537
1455900,pkIXjRx/GPQ7xU8jFREUciKuOOpE49JbzwnpK09gSCfOCzEIWT0oYHUYhI9jokkO,5.918411425638267,13.82601667087772,7.833408562317374
1456200,pkIXjRx/GPQ7xU8jFREUciKuOOpE49JbzwnpK09gSCfOCzEIWT0oYHUYhI9jokkO,5.4304780227429434,35.03142669487458,9.265469575682998
1456500,pkIXjRx/GPQ7xU8jFREUciKuOOpE49JbzwnpK09gSCfOCzEIWT0oYHUYhI9jokkO,5.624237551863607,46.81316120656398,12.99581744587326
1456800,pkIXjRx/GPQ7xU8jFREUciKuOOpE49JbzwnpK09gSCfOCzEIWT0oYHUYhI9jokkO,5.707666739837892,9.134890763651391,6.7237682993166565
1457100,pkIXjRx/GPQ7xU8jFREUciKuOOpE49JbzwnpK09gSCfOCzEIWT0oYHUYhI9jokkO,5.540821434744622,14.00624748059394,7.643259051493347
1457400,pkIXjRx/GPQ7xU8jFREUciKuOOpE49JbzwnpK09gSCfOCzEIWT0oYHUYhI9jokkO,5.7001147476363885,30.739033166014245,9.501469749076593
1457700,pkIXjRx/GPQ7xU8jFREUciKuOOpE49JbzwnpK09gSCfOCzEIWT0oYHUYhI9jokkO,5.8339541385416105,53.428127360660106,13.626077804535388
1458000,pkIXjRx/GPQ7xU8jFREUciKuOOpE49JbzwnpK09gSCfOCzEIWT0oYHUYhI9jokkO,5.460687905530299,10.885384983579227,7.72777084555727
1458300,pkIXjRx/GPQ7xU8jFREUciKuOOpE49JbzwnpK09gSCfOCzEIWT0oYHUYhI9jokkO,5.503635113679813,12.518863250747048,7.890098077117885
1458600,pkIXjRx/GPQ7xU8jFREUciKuOOpE49JbzwnpK09gSCfOCzEIWT0oYHUYhI9jokkO,5.984131643657948,27.36291950966721,9.726705404945236
1458900,pkIXjRx/GPQ7xU8jFREUciKuOOpE49JbzwnpK09gSCfOCzEIWT0oYHUYhI9jokkO,5.963691765433853,55.889787307111135,13.640058683804662
1459200,pkIXjRx/GPQ7xU8jFREUciKuOOpE49JbzwnpK09gSCfOCzEIWT0oYHUYhI9jokkO,5.688129920730355,9.420471545604345,6.783439778604484
1459500,pkIXjRx/GPQ7xU8jFREUciKuOOpE49JbzwnpK09gSCfOCzEIWT0oYHUYhI9jokkO,5.997919742043701,12.70194560073195,8.023444339737555
1459800,pkIXjRx/GPQ7xU8jFREUciKuOOpE49JbzwnpK09gSCfOCzEIWT0oYHUYhI9jokkO,5.744148999185173,35.6781522511803,9.596502356320858
1460100,pkIXjRx/GPQ7xU8jFREUciKuOOpE49JbzwnpK09gSCfOCzEIWT0oYHUYhI9jokkO,6.0314674373024735,63.686355242832086,13.551829780346214
1460400,pkIXjRx/GPQ7xU8jFREUciKuOOpE49JbzwnpK09gSCfOCzEIWT0oYHUYhI9jokkO,6.023106610969895,8.278936318056882,7.021486704690065
1460700,pkIXjRx/GPQ7xU8jFREUciKuOOpE49JbzwnpK09gSCfOCzEIWT0oYHUYhI9jokkO,5.889147682348528,13.391714917004894,7.9323169764535
1461000,pkIXjRx/GPQ7xU8jFREUciKuOOpE49JbzwnpK09gSCfOCzEIWT0oYHUYhI9jokkO,5.846117761465076,26.91033805338786,9.569882639672542
1461300,pkIXjRx/GPQ7xU8jFREUciKuOOpE49JbzwnpK09gSCfOCzEIWT0oYHUYhI9jokkO,6.302715371995659,64.04559239885991,13.731436937719783
1461600,pkIXjRx/GPQ7xU8jFREUciKuOOpE49JbzwnpK09gSCfOCzEIWT0oYHUYhI9jokkO,5.703910771445682,12.224263731957349,7.638144919684704
1461900,pkIXjRx/GPQ7xU8jFREUciKuOOpE49JbzwnpK09gSCfOCzEIWT0oYHUYhI9jokkO,5.984901430611882,12.737391390056436,7.837234068764677
1462200,pkIXjRx/GPQ7xU8jFREUciKuOOpE49JbzwnpK09gSCfOCzEIWT0oYHUYhI9jokkO,6.435081077971328,35.92615402424995,10.102094818362426
1462500,pkIXjRx/GPQ7xU8jFREUciKuOOpE49JbzwnpK09gSCfOCzEIWT0oYHUYhI9jokkO,5.6969321303697775,64.10024690956436,13.558979803927762
1462800,pkIXjRx/GPQ7xU8jFREUciKuOOpE49JbzwnpK09gSCfOCzEIWT0oYHUYhI9jokkO,5.737798590307668,8.101387789303363,6.67383556121742
1463100,pkIXjRx/GPQ7xU8jFREUciKuOOpE49JbzwnpK09gSCfOCzEIWT0oYHUYhI9jokkO,6.332303584796476,13.068538779023852,8.37321501768491
1463400,pkIXjRx/GPQ7xU8jFREUciKuOOpE49JbzwnpK09gSCfOCzEIWT0oYHUYhI9jokkO,5.924338014756005,22.016835652987936,9.48754001706649
1463700,pkIXjRx/GPQ7xU8jFREUciKuOOpE49JbzwnpK09gSCfOCzEIWT0oYHUYhI9jokkO,5.717493107456683,61.98205469097452,12.995162826130608
1464000,pkIXjRx/GPQ7xU8jFREUciKuOOpE49JbzwnpK09gSCfOCzEIWT0oYHUYhI9jokkO,5.991873815836887,7.97414773691272,6.743985285945131
1464300,pkIXjRx/GPQ7xU8jFREUciKuOOpE49JbzwnpK09gSCfOCzEIWT0oYHUYhI9jokkO,5.779322345214773,13.519889635658808,7.710510425343923
1464600,pkIXjRx/GPQ7xU8jFREUciKuOOpE49JbzwnpK09gSCfOCzEIWT0oYHUYhI9jokkO,5.800845473009292,23.644308521800664,9.31497481296322
1464900,pkIXjRx/GPQ7xU8jFREUciKuOOpE49JbzwnpK09gSCfOCzEIWT0oYHUYhI9jokkO,6.148588244732832,62.94994492494489,13.509880572368647
1465200,pkIXjRx/GPQ7xU8jFREUciKuOOpE49JbzwnpK09gSCfOCzEIWT0oYHUYhI9jokkO,6.008433012165437,11.840231157245109,7.594281169206845
1465500,pkIXjRx/GPQ7xU8jFREUciKuOOpE49JbzwnpK09gSCfOCzEIWT0oYHUYhI9jokkO,6.067394584335536,13.147692184012731,7.819924726101949
1465800,pkIXjRx/GPQ7xU8jFREUciKuOOpE49JbzwnpK09gSCfOCzEIWT0oYHUYhI9jokkO,6.447371453817564,35.99887208365104,9.811805255000294
1466100,pkIXjRx/GPQ7xU8jFREUciKuOOpE49JbzwnpK09gSCfOCzEIWT0oYHUYhI9jokkO,6.032822013223163,62.002199326139376,14.469860718367212
1466400,pkIXjRx/GPQ7xU8jFREUciKuOOpE49JbzwnpK09gSCfOCzEIWT0oYHUYhI9jokkO,11.234326773839324,15.35584125360102,12.867400143919362
1466700,pkIXjRx/GPQ7xU8jFREUciKuOOpE49JbzwnpK09gSCfOCzEIWT0oYHUYhI9jokkO,6.467719359894657,16.559968730711763,12.831927594111493
1467000,pkIXjRx/GPQ7xU8jFREUciKuOOpE49JbzwnpK09gSCfOCzEIWT0oYHUYhI9jokkO,5.957724415822465,29.19748564941805,9.542246012834333
1467300,pkIXjRx/GPQ7xU8jFREUciKuOOpE49JbzwnpK09gSCfOCzEIWT0oYHUYhI9jokkO,5.735924873670582,60.03349766305208,13.51481789466382
1467600,pkIXjRx/GPQ7xU8jFREUciKuOOpE49JbzwnpK09gSCfOCzEIWT0oYHUYhI9jokkO,5.924222444774461,8.459473340536706,6.968926479750326
1467900,pkIXjRx/GPQ7xU8jFREUciKuOOpE49JbzwnpK09gSCfOCzEIWT0oYHUYhI9jokkO,5.610539575399368,13.47890056736142,7.806016378755332
1468200,pkIXjRx/GPQ7xU8jFREUciKuOOpE49JbzwnpK09gSCfOCzEIWT0oYHUYhI9jokkO,5.5713792608915504,24.470486535907405,9.468294017585215
1468500,pkIXjRx/GPQ7xU8jFREUciKuOOpE49JbzwnpK09gSCfOCzEIWT0oYHUYhI9jokkO,6.104170882136425,60.74930859234979,13.659042628591967
1468800,pkIXjRx/GPQ7xU8jFREUciKuOOpE49JbzwnpK09gSCfOCzEIWT0oYHUYhI9jokkO,5.622302551667524,12.349255986249302,7.527119006835971
1469100,pkIXjRx/GPQ7xU8jFREUciKuOOpE49JbzwnpK09gSCfOCzEIWT0oYHUYhI9jokkO,5.816811426416844,13.647503160019577,7.711895257000011
1469400,pkIXjRx/GPQ7xU8jFREUciKuOOpE49JbzwnpK09gSCfOCzEIWT0oYHUYhI9jokkO,6.203006642883438,25.84061781301649,9.824421498394926
1469700,pkIXjRx/GPQ7xU8jFREUciKuOOpE49JbzwnpK09gSCfOCzEIWT0oYHUYhI9jokkO,5.584450076976352,59.53616628936495,13.890087167266593
1470000,pkIXjRx/GPQ7xU8jFREUciKuOOpE49JbzwnpK09gSCfOCzEIWT0oYHUYhI9jokkO,5.580720023796015,68.64350217241378,16.040107299583866
1470300,pkIXjRx/GPQ7xU8jFREUciKuOOpE49JbzwnpK09gSCfOCzEIWT0oYHUYhI9jokkO,5.937912021535113,38.46647028794472,11.58636974440175
1470600,pkIXjRx/GPQ7xU8jFREUciKuOOpE49JbzwnpK09gSCfOCzEIWT0oYHUYhI9jokkO,5.857684277634423,35.225360575584375,9.537570534356703
1470900,pkIXjRx/GPQ7xU8jFREUciKuOOpE49JbzwnpK09gSCfOCzEIWT0oYHUYhI9jokkO,5.790981726059518,56.5974230686086,13.49912293751016
1471200,pkIXjRx/GPQ7xU8jFREUciKuOOpE49JbzwnpK09gSCfOCzEIWT0oYHUYhI9jokkO,5.677050273425198,8.303781270568502,7.076551498656378
1471500,pkIXjRx/GPQ7xU8jFREUciKuOOpE49JbzwnpK09gSCfOCzEIWT0oYHUYhI9jokkO,5.521858657751438,13.722275432390784,7.932000659894876
1471800,pkIXjRx/GPQ7xU8jFREUciKuOOpE49JbzwnpK09gSCfOCzEIWT0oYHUYhI9jokkO,5.59781467702977,34.830379599171806,9.565493458488087
1472100,pkIXjRx/GPQ7xU8jFREUciKuOOpE49JbzwnpK09gSCfOCzEIWT0oYHUYhI9jokkO,6.155348045274056,56.50772745735371,13.7827330667625
1472400,pkIXjRx/GPQ7xU8jFREUciKuOOpE49JbzwnpK09gSCfOCzEIWT0oYHUYhI9jokkO,5.547034549301235,11.590854301687688,7.8300772208219325
1472700,pkIXjRx/GPQ7xU8jFREUciKuOOpE49JbzwnpK09gSCfOCzEIWT0oYHUYhI9jokkO,5.558162833850581,20.44738933158157,9.105695373068173
1473000,pkIXjRx/GPQ7xU8jFREUciKuOOpE49JbzwnpK09gSCfOCzEIWT0oYHUYhI9jokkO,5.903199252317238,24.48847483813011,9.861344924532244
1473300,pkIXjRx/GPQ7xU8jFREUciKuOOpE49JbzwnpK09gSCfOCzEIWT0oYHUYhI9jokkO,5.483243351684547,54.549435657973405,13.529428491024966
1473600,pkIXjRx/GPQ7xU8jFREUciKuOOpE49JbzwnpK09gSCfOCzEIWT0oYHUYhI9jokkO,5.5209037990806165,8.211799245029198,6.62961351225224
1473900,pkIXjRx/GPQ7xU8jFREUciKuOOpE49JbzwnpK09gSCfOCzEIWT0oYHUYhI9jokkO,5.901916513377067,13.944400740006554,7.932138408296144
1474200,pkIXjRx/GPQ7xU8jFREUciKuOOpE49JbzwnpK09gSCfOCzEIWT0oYHUYhI9jokkO,5.821585194942298,31.006322908950636,9.369931456461629
1474500,pkIXjRx/GPQ7xU8jFREUciKuOOpE49JbzwnpK09gSCfOCzEIWT0oYHUYhI9jokkO,6.027809535900196,50.1439382282652,14.273815094763094
1474800,pkIXjRx/GPQ7xU8jFREUciKuOOpE49JbzwnpK09gSCfOCzEIWT0oYHUYhI9jokkO,5.929035515400541,23.34157997245045,8.523215286888158
1475100,pkIXjRx/GPQ7xU8jFREUciKuOOpE49JbzwnpK09gSCfOCzEIWT0oYHUYhI9jokkO,5.548168608914052,10.621851856457244,7.717341076204345
1475400,pkIXjRx/GPQ7xU8jFREUciKuOOpE49JbzwnpK09gSCfOCzEIWT0oYHUYhI9jokkO,5.673068029180969,35.902644646679875,9.320520157096896
1475700,pkIXjRx/GPQ7xU8jFREUciKuOOpE49JbzwnpK09gSCfOCzEIWT0oYHUYhI9jokkO,6.3184319221869805,49.71535875575875,13.614448285357438
1476000,pkIXjRx/GPQ7xU8jFREUciKuOOpE49JbzwnpK09gSCfOCzEIWT0oYHUYhI9jokkO,5.697854168555916,10.123185332119744,7.123119646605526
1476300,pkIXjRx/GPQ7xU8jFREUciKuOOpE49JbzwnpK09gSCfOCzEIWT0oYHUYhI9jokkO,5.72826229600031,12.934759865928134,8.121120460716122
1476600,pkIXjRx/GPQ7xU8jFREUciKuOOpE49JbzwnpK09gSCfOCzEIWT0oYHUYhI9jokkO,6.091454340698226,23.97747052169598,9.5658386151705
1476900,pkIXjRx/GPQ7xU8jFREUciKuOOpE49JbzwnpK09gSCfOCzEIWT0oYHUYhI9jokkO,5.565258170414134,48.714119979204334,13.445289515605753
1477200,pkIXjRx/GPQ7xU8jFREUciKuOOpE49JbzwnpK09gSCfOCzEIWT0oYHUYhI9jokkO,5.6551495053045056,8.217142976738092,6.6588791278299215
1477500,pkIXjRx/GPQ7xU8jFREUciKuOOpE49JbzwnpK09gSCfOCzEIWT0oYHUYhI9jokkO,6.18030076614577,14.102088812268862,8.025640923314583
1477800,pkIXjRx/GPQ7xU8jFREUciKuOOpE49JbzwnpK09gSCfOCzEIWT0oYHUYhI9jokkO,5.626508524637283,33.467818875564745,9.500787375142044
1478100,pkIXjRx/GPQ7xU8jFREUciKuOOpE49JbzwnpK09gSCfOCzEIWT0oYHUYhI9jokkO,5.825807595431481,47.750975908698486,13.3505771606976
1478400,pkIXjRx/GPQ7xU8jFREUciKuOOpE49JbzwnpK09gSCfOCzEIWT0oYHUYhI9jokkO,5.98563568547576,8.1844579891401,6.78161557751538
1478700,pkIXjRx/GPQ7xU8jFREUciKuOOpE49JbzwnpK09gSCfOCzEIWT0oYHUYhI9jokkO,5.906146188245522,13.04892286899155,7.951298517668824
1479000,pkIXjRx/GPQ7xU8jFREUciKuOOpE49JbzwnpK09gSCfOCzEIWT0oYHUYhI9jokkO,5.876180708816439,34.03960196944598,9.34530527280375
1479300,pkIXjRx/GPQ7xU8jFREUciKuOOpE49JbzwnpK09gSCfOCzEIWT0oYHUYhI9jokkO,5.855925581337958,47.19987770400572,13.615823115971052
1479600,pkIXjRx/GPQ7xU8jFREUciKuOOpE49JbzwnpK09gSCfOCzEIWT0oYHUYhI9jokkO,5.768432903956833,8.063029012498966,6.55425942682015
1479900,pkIXjRx/GPQ7xU8jFREUciKuOOpE49JbzwnpK09gSCfOCzEIWT0oYHUYhI9jokkO,5.86936810548106,13.177730962813122,8.56405115040668
1480200,pkIXjRx/GPQ7xU8jFREUciKuOOpE49JbzwnpK09gSCfOCzEIWT0oYHUYhI9jokkO,5.992254104769164,34.12751958147584,9.818412233138464
1480500,pkIXjRx/GPQ7xU8jFREUciKuOOpE49JbzwnpK09gSCfOCzEIWT0oYHUYhI9jokkO,5.95398665930284,47.76784415355953,13.67739696749628
1480800,pkIXjRx/GPQ7xU8jFREUciKuOOpE49JbzwnpK09gSCfOCzEIWT0oYHUYhI9jokkO,5.904717507271396,8.231815354262404,6.78175695272285
1481100,pkIXjRx/GPQ7xU8jFREUciKuOOpE49JbzwnpK09gSCfOCzEIWT0oYHUYhI9jokkO,6.09094692873472,13.337550540854323,8.028443623436774
1481400,pkIXjRx/GPQ7xU8jFREUciKuOOpE49JbzwnpK09gSCfOCzEIWT0oYHUYhI9jokkO,5.945970550399411,34.018604355543104,9.511526156561423
1481700,pkIXjRx/GPQ7xU8jFREUciKuOOpE49JbzwnpK09gSCfOCzEIWT0oYHUYhI9jokkO,5.622995501101308,43.08765389828418,13.448370386414627
1482000,pkIXjRx/GPQ7xU8jFREUciKuOOpE49JbzwnpK09gSCfOCzEIWT0oYHUYhI9jokkO,6.079176671044977,8.34010934922641,7.038290976443297
1482300,pkIXjRx/GPQ7xU8jFREUciKuOOpE49JbzwnpK09gSCfOCzEIWT0oYHUYhI9jokkO,5.615526490418743,13.137088109201434,7.803767184767336
1482600,pkIXjRx/GPQ7xU8jFREUciKuOOpE49JbzwnpK09gSCfOCzEIWT0oYHUYhI9jokkO,5.903785635745907,36.27171284544959,9.477814580810445
1482900,pkIXjRx/GPQ7xU8jFREUciKuOOpE49JbzwnpK09gSCfOCzEIWT0oYHUYhI9jokkO,6.045522528565593,35.967251839259376,14.509058853174556
1483200,pkIXjRx/GPQ7xU8jFREUciKuOOpE49JbzwnpK09gSCfOCzEIWT0oYHUYhI9jokkO,5.686468528251512,8.197217670354192,6.725022597184098
1483500,pkIXjRx/GPQ7xU8jFREUciKuOOpE49JbzwnpK09gSCfOCzEIWT0oYHUYhI9jokkO,5.782767504566162,11.693710284409583,8.080400741696236
1483800,pkIXjRx/GPQ7xU8jFREUciKuOOpE49JbzwnpK09gSCfOCzEIWT0oYHUYhI9jokkO,6.1733311797326325,31.662279965690367,10.32269300026263
1484100,pkIXjRx/GPQ7xU8jFREUciKuOOpE49JbzwnpK09gSCfOCzEIWT0oYHUYhI9jokkO,5.673677302874913,38.47849193188629,13.59984032417434
1484400,pkIXjRx/GPQ7xU8jFREUciKuOOpE49JbzwnpK09gSCfOCzEIWT0oYHUYhI9jokkO,5.833327657701877,13.548627636217986,7.446012920398496
1484700,pkIXjRx/GPQ7xU8jFREUciKuOOpE49JbzwnpK09gSCfOCzEIWT0oYHUYhI9jokkO,5.887159058209,11.405460894125785,7.289257011863379
1485000,pkIXjRx/GPQ7xU8jFREUciKuOOpE49JbzwnpK09gSCfOCzEIWT0oYHUYhI9jokkO,5.809853140997356,36.654926356352526,10.230795941575876
1485300,pkIXjRx/GPQ7xU8jFREUciKuOOpE49JbzwnpK09gSCfOCzEIWT0oYHUYhI9jokkO,5.6772422141626295,40.10338876114447,12.727233591167392
1485600,pkIXjRx/GPQ7xU8jFREUciKuOOpE49JbzwnpK09gSCfOCzEIWT0oYHUYhI9jokkO,5.923182982918893,13.837101002913414,7.765387044358558
1485900,pkIXjRx/GPQ7xU8jFREUciKuOOpE49JbzwnpK09gSCfOCzEIWT0oYHUYhI9jokkO,5.511140068028711,10.2843140753421,7.2113467311539825
1486200,pkIXjRx/GPQ7xU8jFREUciKuOOpE49JbzwnpK09gSCfOCzEIWT0oYHUYhI9jokkO,5.7333909194913995,36.02748504064464,10.159062108463315
1486500,pkIXjRx/GPQ7xU8jFREUciKuOOpE49JbzwnpK09gSCfOCzEIWT0oYHUYhI9jokkO,5.935371509440455,43.56927858614733,13.49656687742954
1486800,pkIXjRx/GPQ7xU8jFREUciKuOOpE49JbzwnpK09gSCfOCzEIWT0oYHUYhI9jokkO,5.9573399010194885,13.167066717523763,7.507652378523491
1487100,pkIXjRx/GPQ7xU8jFREUciKuOOpE49JbzwnpK09gSCfOCzEIWT0oYHUYhI9jokkO,5.786477260509751,11.198120488212302,8.017882315472836
1487400,pkIXjRx/GPQ7xU8jFREUciKuOOpE49JbzwnpK09gSCfOCzEIWT0oYHUYhI9jokkO,6.286418267493027,36.43863327742229,10.592425165974188
1487700,pkIXjRx/GPQ7xU8jFREUciKuOOpE49JbzwnpK09gSCfOCzEIWT0oYHUYhI9jokkO,5.973380309582421,50.85558530383998,13.186469163404825
1488000,pkIXjRx/GPQ7xU8jFREUciKuOOpE49JbzwnpK09gSCfOCzEIWT0oYHUYhI9jokkO,6.182436220026724,13.644188106130438,7.739550943600805
1488300,pkIXjRx/GPQ7xU8jFREUciKuOOpE49JbzwnpK09gSCfOCzEIWT0oYHUYhI9jokkO,6.035688810167888,10.022569793333322,7.4943943563918
1488600,pkIXjRx/GPQ7xU8jFREUciKuOOpE49JbzwnpK09gSCfOCzEIWT0oYHUYhI9jokkO,6.18056523218827,22.827205489137967,10.461362329470674
1488900,pkIXjRx/GPQ7xU8jFREUciKuOOpE49JbzwnpK09gSCfOCzEIWT0oYHUYhI9jokkO,5.984979243773895,52.03185300226334,12.819980313293874
1489200,pkIXjRx/GPQ7xU8jFREUciKuOOpE49JbzwnpK09gSCfOCzEIWT0oYHUYhI9jokkO,6.257889095729892,13.647900495340076,7.833174216055306
1489500,pkIXjRx/GPQ7xU8jFREUciKuOOpE49JbzwnpK09gSCfOCzEIWT0oYHUYhI9jokkO,6.200841362398241,10.4963693869703,7.289838469824914
1489800,pkIXjRx/GPQ7xU8jFREUciKuOOpE49JbzwnpK09gSCfOCzEIWT0oYHUYhI9jokkO,6.2129008695941454,36.48403942309374,10.45500584922774
1490100,pkIXjRx/GPQ7xU8jFREUciKuOOpE49JbzwnpK09gSCfOCzEIWT0oYHUYhI9jokkO,5.938537627118232,53.198106878058425,12.870286249386249
1490400,pkIXjRx/GPQ7xU8jFREUciKuOOpE49JbzwnpK09gSCfOCzEIWT0oYHUYhI9jokkO,5.848794066553326,13.405892410043297,7.568609342189504
1490700,pkIXjRx/GPQ7xU8jFREUciKuOOpE49JbzwnpK09gSCfOCzEIWT0oYHUYhI9jokkO,5.619390537416355,13.829619254409392,7.812768530113852
1491000,pkIXjRx/GPQ7xU8jFREUciKuOOpE49JbzwnpK09gSCfOCzEIWT0oYHUYhI9jokkO,5.987288704126771,36.379942680950414,10.196361601350436
1491300,pkIXjRx/GPQ7xU8jFREUciKuOOpE49JbzwnpK09gSCfOCzEIWT0oYHUYhI9jokkO,5.818902284225918,54.67731949787987,12.850013798670608
1491600,pkIXjRx/GPQ7xU8jFREUciKuOOpE49JbzwnpK09gSCfOCzEIWT0oYHUYhI9jokkO,5.8935564763684,13.116165022282743,7.32169095674314
1491900,pkIXjRx/GPQ7xU8jFREUciKuOOpE49JbzwnpK09gSCfOCzEIWT0oYHUYhI9jokkO,6.093194430042902,11.065234782357248,7.250423489018428
1492200,pkIXjRx/GPQ7xU8jFREUciKuOOpE49JbzwnpK09gSCfOCzEIWT0oYHUYhI9jokkO,6.07727515983688,22.24396840049012,10.391614058673536
1492500,pkIXjRx/GPQ7xU8jFREUciKuOOpE49JbzwnpK09gSCfOCzEIWT0oYHUYhI9jokkO,5.934703441911972,55.2416081559586,12.866268240707235
1492800,pkIXjRx/GPQ7xU8jFREUciKuOOpE49JbzwnpK09gSCfOCzEIWT0oYHUYhI9jokkO,6.383003745836576,14.133572566286508,7.74422201600809
1493100,pkIXjRx/GPQ7xU8jFREUciKuOOpE49JbzwnpK09gSCfOCzEIWT0oYHUYhI9jokkO,6.12227030535614,10.836477378232868,7.249044294320832
1493400,pkIXjRx/GPQ7xU8jFREUciKuOOpE49JbzwnpK09gSCfOCzEIWT0oYHUYhI9jokkO,5.950669435076,36.00151384924137,10.135081293640878
1493700,pkIXjRx/GPQ7xU8jFREUciKuOOpE49JbzwnpK09gSCfOCzEIWT0oYHUYhI9jokkO,6.039153127827645,57.525008250738765,12.9018042543883
1494000,pkIXjRx/GPQ7xU8jFREUciKuOOpE49JbzwnpK09gSCfOCzEIWT0oYHUYhI9jokkO,5.949294668407396,13.205527460167886,7.360087306703303
1494300,pkIXjRx/GPQ7xU8jFREUciKuOOpE49JbzwnpK09gSCfOCzEIWT0oYHUYhI9jokkO,5.721196608594076,14.495831239362817,7.493615935788775
1494600,pkIXjRx/GPQ7xU8jFREUciKuOOpE49JbzwnpK09gSCfOCzEIWT0oYHUYhI9jokkO,5.97717575539643,31.550842748600456,10.635527978819916
1494900,pkIXjRx/GPQ7xU8jFREUciKuOOpE49JbzwnpK09gSCfOCzEIWT0oYHUYhI9jokkO,5.696060234233696,59.2497462686297,12.740590800866828
1495200,pkIXjRx/GPQ7xU8jFREUciKuOOpE49JbzwnpK09gSCfOCzEIWT0oYHUYhI9jokkO,5.86236169996812,13.091711299166336,7.374411749125862
1495500,pkIXjRx/GPQ7xU8jFREUciKuOOpE49JbzwnpK09gSCfOCzEIWT0oYHUYhI9jokkO,6.135561718108694,12.363189982230969,7.43796657992948
1495800,pkIXjRx/GPQ7xU8jFREUciKuOOpE49JbzwnpK09gSCfOCzEIWT0oYHUYhI9jokkO,12.20016618914254,42.228209035782335,16.883594200813235
1496100,pkIXjRx/GPQ7xU8jFREUciKuOOpE49JbzwnpK09gSCfOCzEIWT0oYHUYhI9jokkO,10.963037183769671,66.70194613678851,18.10150697818357
1496400,pkIXjRx/GPQ7xU8jFREUciKuOOpE49JbzwnpK09gSCfOCzEIWT0oYHUYhI9jokkO,6.165812801173943,14.039622624375532,7.786296038752237
1496700,pkIXjRx/GPQ7xU8jFREUciKuOOpE49JbzwnpK09gSCfOCzEIWT0oYHUYhI9jokkO,5.822363199663188,9.41100409045333,7.106435025956864
1497000,pkIXjRx/GPQ7xU8jFREUciKuOOpE49JbzwnpK09gSCfOCzEIWT0oYHUYhI9jokkO,5.872457337095458,37.118990214013806,10.466621381618516
1497300,pkIXjRx/GPQ7xU8jFREUciKuOOpE49JbzwnpK09gSCfOCzEIWT0oYHUYhI9jokkO,6.063884246366865,64.60409301237667,12.762639010114231
1497600,pkIXjRx/GPQ7xU8jFREUciKuOOpE49JbzwnpK09gSCfOCzEIWT0oYHUYhI9jokkO,5.981938539448241,13.324117251359374,7.944988186284655
1497900,pkIXjRx/GPQ7xU8jFREUciKuOOpE49JbzwnpK09gSCfOCzEIWT0oYHUYhI9jokkO,5.8287366010247625,7.93937136069673,6.622813328451504
1498200,pkIXjRx/GPQ7xU8jFREUciKuOOpE49JbzwnpK09gSCfOCzEIWT0oYHUYhI9jokkO,6.365788357738172,37.073834934217125,11.834167230051
1498500,pkIXjRx/GPQ7xU8jFREUciKuOOpE49JbzwnpK09gSCfOCzEIWT0oYHUYhI9jokkO,5.99788337253812,64.98797204438607,13.416871798171677
1498800,pkIXjRx/GPQ7xU8jFREUciKuOOpE49JbzwnpK09gSCfOCzEIWT0oYHUYhI9jokkO,6.187993854607253,13.332738009908404,8.001588938002726
1499100,pkIXjRx/GPQ7xU8jFREUciKuOOpE49JbzwnpK09gSCfOCzEIWT0oYHUYhI9jokkO,6.066593518619907,8.1901645853079,6.941463288294214
1499400,pkIXjRx/GPQ7xU8jFREUciKuOOpE49JbzwnpK09gSCfOCzEIWT0oYHUYhI9jokkO,6.01494644370546,31.365894288533703,10.748224928862598
1499700,pkIXjRx/GPQ7xU8jFREUciKuOOpE49JbzwnpK09gSCfOCzEIWT0oYHUYhI9jokkO,5.82903373349494,63.78303316189144,12.374567764160084
1500000,pkIXjRx/GPQ7xU8jFREUciKuOOpE49JbzwnpK09gSCfOCzEIWT0oYHUYhI9jokkO,6.270045387247127,13.123894945469305,8.16763264550681
1500300,pkIXjRx/GPQ7xU8jFREUciKuOOpE49JbzwnpK09gSCfOCzEIWT0oYHUYhI9jokkO,5.539108897840255,8.72628839185533,6.739515789405361
1500600,pkIXjRx/GPQ7xU8jFREUciKuOOpE49JbzwnpK09gSCfOCzEIWT0oYHUYhI9jokkO,5.9331767014169925,36.10190403358145,10.571706798539855
1500900,pkIXjRx/GPQ7xU8jFREUciKuOOpE49JbzwnpK09gSCfOCzEIWT0oYHUYhI9jokkO,5.9204469606924075,62.884489819160926,12.414753790390307
1501200,pkIXjRx/GPQ7xU8jFREUciKuOOpE49JbzwnpK09gSCfOCzEIWT0oYHUYhI9jokkO,6.06996411313955,78.53097613864848,22.053661818027788
1501500,pkIXjRx/GPQ7xU8jFREUciKuOOpE49JbzwnpK09gSCfOCzEIWT0oYHUYhI9jokkO,5.9869500693182855,26.095628201586003,10.62074483792421
1501800,pkIXjRx/GPQ7xU8jFREUciKuOOpE49JbzwnpK09gSCfOCzEIWT0oYHUYhI9jokkO,6.444292290680202,28.831598681359992,11.686722590970334
1502100,pkIXjRx/GPQ7xU8jFREUciKuOOpE49JbzwnpK09gSCfOCzEIWT0oYHUYhI9jokkO,6.0403623516674445,60.60136119571533,13.148533933703886
1502400,pkIXjRx/GPQ7xU8jFREUciKuOOpE49JbzwnpK09gSCfOCzEIWT0oYHUYhI9jokkO,6.057739065007793,15.236632803006144,7.9473308243112815
1502700,pkIXjRx/GPQ7xU8jFREUciKuOOpE49JbzwnpK09gSCfOCzEIWT0oYHUYhI9jokkO,5.993666479324354,8.071683077678657,6.863684284562996
1503000,pkIXjRx/GPQ7xU8jFREUciKuOOpE49JbzwnpK09gSCfOCzEIWT0oYHUYhI9jokkO,6.046792845989858,36.615546192845684,10.687020888759005
1503300,pkIXjRx/GPQ7xU8jFREUciKuOOpE49JbzwnpK09gSCfOCzEIWT0oYHUYhI9jokkO,5.689894932562986,56.05467385487594,12.363437763918196
1503600,pkIXjRx/GPQ7xU8jFREUciKuOOpE49JbzwnpK09gSCfOCzEIWT0oYHUYhI9jokkO,6.1729536412557,15.3876927917781,8.016203721906917
1503900,pkIXjRx/GPQ7xU8jFREUciKuOOpE49JbzwnpK09gSCfOCzEIWT0oYHUYhI9jokkO,5.58799670153782,8.611094781287225,6.805669695345343
1504200,pkIXjRx/GPQ7xU8jFREUciKuOOpE49JbzwnpK09gSCfOCzEIWT0oYHUYhI9jokkO,5.787326893840689,29.046387173525904,11.163572859395462
1504500,pkIXjRx/GPQ7xU8jFREUciKuOOpE49JbzwnpK09gSCfOCzEIWT0oYHUYhI9jokkO,6.3391358768913175,55.16138126433492,13.151131593015537
1504800,pkIXjRx/GPQ7xU8jFREUciKuOOpE49JbzwnpK09gSCfOCzEIWT0oYHUYhI9jokkO,5.91061797941545,15.166188211195871,7.960360040095447
1505100,pkIXjRx/GPQ7xU8jFREUciKuOOpE49JbzwnpK09gSCfOCzEIWT0oYHUYhI9jokkO,5.708594059843675,8.195054759712642,6.73175237679011
1505400,pkIXjRx/GPQ7xU8jFREUciKuOOpE49JbzwnpK09gSCfOCzEIWT0oYHUYhI9jokkO,6.592055702526324,34.663474567138515,11.711754819852953
1505700,pkIXjRx/GPQ7xU8jFREUciKuOOpE49JbzwnpK09gSCfOCzEIWT0oYHUYhI9jokkO,5.473146769498852,52.61158367390999,12.449615182328431
1506000,pkIXjRx/GPQ7xU8jFREUciKuOOpE49JbzwnpK09gSCfOCzEIWT0oYHUYhI9jokkO,5.5482893909050155,15.478505332295018,7.75247815726589
1506300,pkIXjRx/GPQ7xU8jFREUciKuOOpE49JbzwnpK09gSCfOCzEIWT0oYHUYhI9jokkO,5.801785145992614,8.23621643948384,6.795830404586988
1506600,pkIXjRx/GPQ7xU8jFREUciKuOOpE49JbzwnpK09gSCfOCzEIWT0oYHUYhI9jokkO,5.688332804989618,27.816024958682323,10.653446650719667
1506900,pkIXjRx/GPQ7xU8jFREUciKuOOpE49JbzwnpK09gSCfOCzEIWT0oYHUYhI9jokkO,5.499427437706244,50.92020302019746,12.281805968148817
1507200,pkIXjRx/GPQ7xU8jFREUciKuOOpE49JbzwnpK09gSCfOCzEIWT0oYHUYhI9jokkO,5.665948243735729,15.376161411126605,7.732368153600656
1507500,pkIXjRx/GPQ7xU8jFREUciKuOOpE49JbzwnpK09gSCfOCzEIWT0oYHUYhI9jokkO,5.5117572946472695,8.563532965632763,6.645270311149249
1507800,pkIXjRx/GPQ7xU8jFREUciKuOOpE49JbzwnpK09gSCfOCzEIWT0oYHUYhI9jokkO,5.716747019712324,34.409464988354046,10.388775784231663
1508100,pkIXjRx/GPQ7xU8jFREUciKuOOpE49JbzwnpK09gSCfOCzEIWT0oYHUYhI9jokkO,5.66652310799676,43.7084098411388,12.471257309383784
1508400,pkIXjRx/GPQ7xU8jFREUciKuOOpE49JbzwnpK09gSCfOCzEIWT0oYHUYhI9jokkO,5.506900683709069,10.752495823918103,7.584105678802548
1508700,pkIXjRx/GPQ7xU8jFREUciKuOOpE49JbzwnpK09gSCfOCzEIWT0oYHUYhI9jokkO,5.642540248267421,8.05979281221166,6.535996660270471
1509000,pkIXjRx/GPQ7xU8jFREUciKuOOpE49JbzwnpK09gSCfOCzEIWT0oYHUYhI9jokkO,5.897312048117977,31.441519412329267,11.37467837597066
1509300,pkIXjRx/GPQ7xU8jFREUciKuOOpE49JbzwnpK09gSCfOCzEIWT0oYHUYhI9jokkO,5.568807154715448,41.91179185239522,12.387387449112955
1509600,pkIXjRx/GPQ7xU8jFREUciKuOOpE49JbzwnpK09gSCfOCzEIWT0oYHUYhI9jokkO,5.696832126021905,12.43013654428731,7.595358912531002
1509900,pkIXjRx/GPQ7xU8jFREUciKuOOpE49JbzwnpK09gSCfOCzEIWT0oYHUYhI9jokkO,5.768966998127539,8.27969591932507,6.677280393129292
1510200,pkIXjRx/GPQ7xU8jFREUciKuOOpE49JbzwnpK09gSCfOCzEIWT0oYHUYhI9jokkO,5.9245346776043535,34.40733159904805,10.437887170014024
1510500,pkIXjRx/GPQ7xU8jFREUciKuOOpE49JbzwnpK09gSCfOCzEIWT0oYHUYhI9jokkO,5.9594907071134,41.73301028413886,12.94319337848834
1510800,pkIXjRx/GPQ7xU8jFREUciKuOOpE49JbzwnpK09gSCfOCzEIWT0oYHUYhI9jokkO,6.021857220103322,13.195271364153696,7.904420245309978
1511100,pkIXjRx/GPQ7xU8jFREUciKuOOpE49JbzwnpK09gSCfOCzEIWT0oYHUYhI9jokkO,5.911724560858083,8.196616338927006,6.780161033856515
1511400,pkIXjRx/GPQ7xU8jFREUciKuOOpE49JbzwnpK09gSCfOCzEIWT0oYHUYhI9jokkO,6.222712845407792,29.74918255428036,10.640113372774069
1511700,pkIXjRx/GPQ7xU8jFREUciKuOOpE49JbzwnpK09gSCfOCzEIWT0oYHUYhI9jokkO,6.214571822473128,39.53906063764728,12.632634061940186
1512000,pkIXjRx/GPQ7xU8jFREUciKuOOpE49JbzwnpK09gSCfOCzEIWT0oYHUYhI9jokkO,5.900950505642387,12.709984652409847,7.764747238415091
1512300,pkIXjRx/GPQ7xU8jFREUciKuOOpE49JbzwnpK09gSCfOCzEIWT0oYHUYhI9jokkO,5.99476836579289,7.823406043012097,6.683465370338457
1512600,pkIXjRx/GPQ7xU8jFREUciKuOOpE49JbzwnpK09gSCfOCzEIWT0oYHUYhI9jokkO,6.189143037234333,39.860920851968814,12.107008996517278
1512900,pkIXjRx/GPQ7xU8jFREUciKuOOpE49JbzwnpK09gSCfOCzEIWT0oYHUYhI9jokkO,6.095658095410429,39.74950335130722,12.683992586896297
1513200,pkIXjRx/GPQ7xU8jFREUciKuOOpE49JbzwnpK09gSCfOCzEIWT0oYHUYhI9jokkO,6.134084075434059,12.880714149142994,7.647993372930811
1513500,pkIXjRx/GPQ7xU8jFREUciKuOOpE49JbzwnpK09gSCfOCzEIWT0oYHUYhI9jokkO,6.092799653749423,8.839027456655467,6.880288898257457
1513800,pkIXjRx/GPQ7xU8jFREUciKuOOpE49JbzwnpK09gSCfOCzEIWT0oYHUYhI9jokkO,6.493414782451804,28.481828437318917,10.826730083103303
1514100,pkIXjRx/GPQ7xU8jFREUciKuOOpE49JbzwnpK09gSCfOCzEIWT0oYHUYhI9jokkO,6.0755320656161,45.076001149623664,10.964664036490836
1514400,pkIXjRx/GPQ7xU8jFREUciKuOOpE49JbzwnpK09gSCfOCzEIWT0oYHUYhI9jokkO,6.275868859204689,13.608167753980576,8.281269719868764
1514700,pkIXjRx/GPQ7xU8jFREUciKuOOpE49JbzwnpK09gSCfOCzEIWT0oYHUYhI9jokkO,6.081651883454931,9.706962758274353,7.121205087339769
1515000,pkIXjRx/GPQ7xU8jFREUciKuOOpE49JbzwnpK09gSCfOCzEIWT0oYHUYhI9jokkO,6.15348422272278,36.76192342701466,10.989522821875054
1515300,pkIXjRx/GPQ7xU8jFREUciKuOOpE49JbzwnpK09gSCfOCzEIWT0oYHUYhI9jokkO,6.143951834975236,46.21756037963688,13.021038316456416
1515600,pkIXjRx/GPQ7xU8jFREUciKuOOpE49JbzwnpK09gSCfOCzEIWT0oYHUYhI9jokkO,5.927387561866785,13.321700297236564,8.031199808102384
1515900,pkIXjRx/GPQ7xU8jFREUciKuOOpE49JbzwnpK09gSCfOCzEIWT0oYHUYhI9jokkO,6.031534462208562,8.928962771398483,6.770575572816837
1516200,pkIXjRx/GPQ7xU8jFREUciKuOOpE49JbzwnpK09gSCfOCzEIWT0oYHUYhI9jokkO,6.243303504458618,32.21965341535518,11.0989212154291
1516500,pkIXjRx/GPQ7xU8jFREUciKuOOpE49JbzwnpK09gSCfOCzEIWT0oYHUYhI9jokkO,6.013304483794012,51.861670518901114,13.215088531656468
1516800,pkIXjRx/GPQ7xU8jFREUciKuOOpE49JbzwnpK09gSCfOCzEIWT0oYHUYhI9jokkO,6.162223444733854,12.953562830404367,7.963194239365412
1517100,pkIXjRx/GPQ7xU8jFREUciKuOOpE49JbzwnpK09gSCfOCzEIWT0oYHUYhI9jokkO,6.012283941372924,9.034015911400456,7.019626200976701
1517400,pkIXjRx/GPQ7xU8jFREUciKuOOpE49JbzwnpK09gSCfOCzEIWT0oYHUYhI9jokkO,5.913867876061513,34.97894163014871,10.913563776694172
1517700,pkIXjRx/GPQ7xU8jFREUciKuOOpE49JbzwnpK09gSCfOCzEIWT0oYHUYhI9jokkO,5.928250945759648,53.659405577961806,12.611616837861336
1518000,pkIXjRx/GPQ7xU8jFREUciKuOOpE49JbzwnpK09gSCfOCzEIWT0oYHUYhI9jokkO,5.972662199795041,14.320757046838438,8.284034165629949
1518300,pkIXjRx/GPQ7xU8jFREUciKuOOpE49JbzwnpK09gSCfOCzEIWT0oYHUYhI9jokkO,5.835680476502897,10.516856242289316,7.107416732340469
1518600,pkIXjRx/GPQ7xU8jFREUciKuOOpE49JbzwnpK09gSCfOCzEIWT0oYHUYhI9jokkO,5.647498993653796,33.025624171987,10.773805885071164
1518900,pkIXjRx/GPQ7xU8jFREUciKuOOpE49JbzwnpK09gSCfOCzEIWT0oYHUYhI9jokkO,6.103430051408329,60.2523998384436,12.875093439493307
1519200,pkIXjRx/GPQ7xU8jFREUciKuOOpE49JbzwnpK09gSCfOCzEIWT0oYHUYhI9jokkO,5.673390155091285,14.14577113172467,8.083549787170526
1519500,pkIXjRx/GPQ7xU8jFREUciKuOOpE49JbzwnpK09gSCfOCzEIWT0oYHUYhI9jokkO,5.694459900915096,10.32761304220622,7.056138430293252
1519800,pkIXjRx/GPQ7xU8jFREUciKuOOpE49JbzwnpK09gSCfOCzEIWT0oYHUYhI9jokkO,6.111678278928063,34.52271786098008,10.963515207494607
1520100,pkIXjRx/GPQ7xU8jFREUciKuOOpE49JbzwnpK09gSCfOCzEIWT0oYHUYhI9jokkO,5.83643348812186,64.29427633550146,13.608174860424908
1520400,pkIXjRx/GPQ7xU8jFREUciKuOOpE49JbzwnpK09gSCfOCzEIWT0oYHUYhI9jokkO,5.722129672661804,14.199164446169954,8.052606897982239
1520700,pkIXjRx/GPQ7xU8jFREUciKuOOpE49JbzwnpK09gSCfOCzEIWT0oYHUYhI9jokkO,6.020835040189415,10.779544141167568,7.167453078634693
1521000,pkIXjRx/GPQ7xU8jFREUciKuOOpE49JbzwnpK09gSCfOCzEIWT0oYHUYhI9jokkO,5.786373680847856,29.82705153354578,10.926785966857684
1521300,pkIXjRx/GPQ7xU8jFREUciKuOOpE49JbzwnpK09gSCfOCzEIWT0oYHUYhI9jokkO,5.840658406991344,66.98876593865694,12.692054558757883
1521600,pkIXjRx/GPQ7xU8jFREUciKuOOpE49JbzwnpK09gSCfOCzEIWT0oYHUYhI9jokkO,6.006640290244071,14.590646766619788,8.375698199015417
1521900,pkIXjRx/GPQ7xU8jFREUciKuOOpE49JbzwnpK09gSCfOCzEIWT0oYHUYhI9jokkO,5.873137279606672,8.068855182422858,6.646867498788081
1522200,pkIXjRx/GPQ7xU8jFREUciKuOOpE49JbzwnpK09gSCfOCzEIWT0oYHUYhI9jokkO,6.0883983686529115,34.77218596001977,10.835096433796222
1522500,pkIXjRx/GPQ7xU8jFREUciKuOOpE49JbzwnpK09gSCfOCzEIWT0oYHUYhI9jokkO,6.1134636051577225,66.87176125050641,12.902623635640262
1522800,pkIXjRx/GPQ7xU8jFREUciKuOOpE49JbzwnpK09gSCfOCzEIWT0oYHUYhI9jokkO,6.08036572444376,14.411843734183286,8.22902117199366
1523100,pkIXjRx/GPQ7xU8jFREUciKuOOpE49JbzwnpK09gSCfOCzEIWT0oYHUYhI9jokkO,6.0594837028288735,10.593667128975516,7.127602371105833
1523400,pkIXjRx/GPQ7xU8jFREUciKuOOpE49JbzwnpK09gSCfOCzEIWT0oYHUYhI9jokkO,6.243299491116817,34.72319446143981,11.038634522080416
1523700,pkIXjRx/GPQ7xU8jFREUciKuOOpE49JbzwnpK09gSCfOCzEIWT0oYHUYhI9jokkO,6.205269804389226,66.92139280728497,13.680726247793524
1524000,pkIXjRx/GPQ7xU8jFREUciKuOOpE49JbzwnpK09gSCfOCzEIWT0oYHUYhI9jokkO,6.185394003861074,13.947706275755294,8.128987562668494
1524300,pkIXjRx/GPQ7xU8jFREUciKuOOpE49JbzwnpK09gSCfOCzEIWT0oYHUYhI9jokkO,6.441433932044076,10.656093896577516,7.507274692941198
1524600,pkIXjRx/GPQ7xU8jFREUciKuOOpE49JbzwnpK09gSCfOCzEIWT0oYHUYhI9jokkO,6.342948577251093,34.93046068042964,10.902693023523389
1524900,pkIXjRx/GPQ7xU8jFREUciKuOOpE49JbzwnpK09gSCfOCzEIWT0oYHUYhI9jokkO,6.154537099274367,66.44074497208061,13.30706832070841
1525200,pkIXjRx/GPQ7xU8jFREUciKuOOpE49JbzwnpK09gSCfOCzEIWT0oYHUYhI9jokkO,12.01541040347265,20.452184081486543,15.193800875848789
1525500,pkIXjRx/GPQ7xU8jFREUciKuOOpE49JbzwnpK09gSCfOCzEIWT0oYHUYhI9jokkO,6.7125431250517416,16.98871700560913,12.955587482218233
1525800,pkIXjRx/GPQ7xU8jFREUciKuOOpE49JbzwnpK09gSCfOCzEIWT0oYHUYhI9jokkO,6.112047250646176,35.63522716293384,10.98303620851396
1526100,pkIXjRx/GPQ7xU8jFREUciKuOOpE49JbzwnpK09gSCfOCzEIWT0oYHUYhI9jokkO,6.358535253611385,8.426111652169887,6.959142561310477
1526400,pkIXjRx/GPQ7xU8jFREUciKuOOpE49JbzwnpK09gSCfOCzEIWT0oYHUYhI9jokkO,6.017218456743239,13.148016761790895,8.173735082219942
1526700,pkIXjRx/GPQ7xU8jFREUciKuOOpE49JbzwnpK09gSCfOCzEIWT0oYHUYhI9jokkO,5.976939057307975,9.423461670380775,6.973081582256837
1527000,pkIXjRx/GPQ7xU8jFREUciKuOOpE49JbzwnpK09gSCfOCzEIWT0oYHUYhI9jokkO,6.341606823696705,32.4875188599251,11.240124641156395
1527300,pkIXjRx/GPQ7xU8jFREUciKuOOpE49JbzwnpK09gSCfOCzEIWT0oYHUYhI9jokkO,6.294345596822937,66.66859587969537,13.76501771405772
1527600,pkIXjRx/GPQ7xU8jFREUciKuOOpE49JbzwnpK09gSCfOCzEIWT0oYHUYhI9jokkO,6.202510608206743,13.045747087140091,8.17411662867827
1527900,pkIXjRx/GPQ7xU8jFREUciKuOOpE49JbzwnpK09gSCfOCzEIWT0oYHUYhI9jokkO,6.47719517708012,9.500623747859677,7.244591045888323
1528200,pkIXjRx/GPQ7xU8jFREUciKuOOpE49JbzwnpK09gSCfOCzEIWT0oYHUYhI9jokkO,6.117367664046009,34.92815962683354,11.007280969533056
1528500,pkIXjRx/GPQ7xU8jFREUciKuOOpE49JbzwnpK09gSCfOCzEIWT0oYHUYhI9jokkO,6.199352627969937,66.19797094901155,12.702176420533135
1528800,pkIXjRx/GPQ7xU8jFREUciKuOOpE49JbzwnpK09gSCfOCzEIWT0oYHUYhI9jokkO,6.50926495004389,14.02417739548973,8.399711912318313
1529100,pkIXjRx/GPQ7xU8jFREUciKuOOpE49JbzwnpK09gSCfOCzEIWT0oYHUYhI9jokkO,6.2799538760075695,10.318732862688275,7.08961586440256
1529400,pkIXjRx/GPQ7xU8jFREUciKuOOpE49JbzwnpK09gSCfOCzEIWT0oYHUYhI9jokkO,6.185374077579537,35.236005816111685,10.880448870518748
1529700,pkIXjRx/GPQ7xU8jFREUciKuOOpE49JbzwnpK09gSCfOCzEIWT0oYHUYhI9jokkO,6.338655471121435,64.81202867806735,13.444639899734328
1530000,pkIXjRx/GPQ7xU8jFREUciKuOOpE49JbzwnpK09gSCfOCzEIWT0oYHUYhI9jokkO,6.144364125206015,12.937296498272335,8.008064576563774
1530300,pkIXjRx/GPQ7xU8jFREUciKuOOpE49JbzwnpK09gSCfOCzEIWT0oYHUYhI9jokkO,6.0747591422296185,9.706809237276952,7.014472119550179
1530600,pkIXjRx/GPQ7xU8jFREUciKuOOpE49JbzwnpK09gSCfOCzEIWT0oYHUYhI9jokkO,6.391452057576787,36.219834146095984,11.196792087609635
1530900,pkIXjRx/GPQ7xU8jFREUciKuOOpE49JbzwnpK09gSCfOCzEIWT0oYHUYhI9jokkO,6.377764268512672,70.72054488900851,13.888701142026685
1531200,pkIXjRx/GPQ7xU8jFREUciKuOOpE49JbzwnpK09gSCfOCzEIWT0oYHUYhI9jokkO,6.3219388546404245,12.95815560484344,8.15602971716841
1531500,pkIXjRx/GPQ7xU8jFREUciKuOOpE49JbzwnpK09gSCfOCzEIWT0oYHUYhI9jokkO,6.090901296079657,9.567459529309248,7.091610918765952
1531800,pkIXjRx/GPQ7xU8jFREUciKuOOpE49JbzwnpK09gSCfOCzEIWT0oYHUYhI9jokkO,5.720047913633142,35.381283509926774,10.891420198088294
1532100,pkIXjRx/GPQ7xU8jFREUciKuOOpE49JbzwnpK09gSCfOCzEIWT0oYHUYhI9jokkO,5.735580027320721,62.83342009050631,12.71182208789406
1532400,pkIXjRx/GPQ7xU8jFREUciKuOOpE49JbzwnpK09gSCfOCzEIWT0oYHUYhI9jokkO,5.872263027937372,13.521400146580028,8.263801303683634
1532700,pkIXjRx/GPQ7xU8jFREUciKuOOpE49JbzwnpK09gSCfOCzEIWT0oYHUYhI9jokkO,5.796551468118049,10.275291899633054,7.046862221893217
1533000,pkIXjRx/GPQ7xU8jFREUciKuOOpE49JbzwnpK09gSCfOCzEIWT0oYHUYhI9jokkO,5.879783825320137,36.23882290661955,11.043996458190962
1533300,pkIXjRx/GPQ7xU8jFREUciKuOOpE49JbzwnpK09gSCfOCzEIWT0oYHUYhI9jokkO,6.098692046613984,61.208435494074685,13.122449320026057
1533600,pkIXjRx/GPQ7xU8jFREUciKuOOpE49JbzwnpK09gSCfOCzEIWT0oYHUYhI9jokkO,5.792104415298517,16.808867384969606,8.117944714664553
1533900,pkIXjRx/GPQ7xU8jFREUciKuOOpE49JbzwnpK09gSCfOCzEIWT0oYHUYhI9jokkO,5.866534040444644,9.859100691662158,7.137514916392188
1534200,pkIXjRx/GPQ7xU8jFREUciKuOOpE49JbzwnpK09gSCfOCzEIWT0oYHUYhI9jokkO,6.130713688089563,32.486644872917864,11.284109839997743
1534500,pkIXjRx/GPQ7xU8jFREUciKuOOpE49JbzwnpK09gSCfOCzEIWT0oYHUYhI9jokkO,6.1153510529292525,54.33853221852992,13.863662953768658
1534800,pkIXjRx/GPQ7xU8jFREUciKuOOpE49JbzwnpK09gSCfOCzEIWT0oYHUYhI9jokkO,6.103316164647753,16.640768861174582,8.187638514483371
1535100,pkIXjRx/GPQ7xU8jFREUciKuOOpE49JbzwnpK09gSCfOCzEIWT0oYHUYhI9jokkO,6.101078113714772,9.707155622918396,7.236342392383418
1535400,pkIXjRx/GPQ7xU8jFREUciKuOOpE49JbzwnpK09gSCfOCzEIWT0oYHUYhI9jokkO,5.871389449816031,27.392179107689905,11.043466769624327
1535700,pkIXjRx/GPQ7xU8jFREUciKuOOpE49JbzwnpK09gSCfOCzEIWT0oYHUYhI9jokkO,5.776447832356964,53.33768489450125,12.87182230068194
1536000,pkIXjRx/GPQ7xU8jFREUciKuOOpE49JbzwnpK09gSCfOCzEIWT0oYHUYhI9jokkO,6.023162452193889,16.18400808331484,8.36830477623061
1536300,pkIXjRx/GPQ7xU8jFREUciKuOOpE49JbzwnpK09gSCfOCzEIWT0oYHUYhI9jokkO,5.874535149338478,9.503285462625769,7.1435898761599095
1536600,pkIXjRx/GPQ7xU8jFREUciKuOOpE49JbzwnpK09gSCfOCzEIWT0oYHUYhI9jokkO,6.271560133322588,29.576794183195965,10.910545847028848
1536900,pkIXjRx/GPQ7xU8jFREUciKuOOpE49JbzwnpK09gSCfOCzEIWT0oYHUYhI9jokkO,6.1446556184871,50.8707597838042,12.811043724910224
1537200,pkIXjRx/GPQ7xU8jFREUciKuOOpE49JbzwnpK09gSCfOCzEIWT0oYHUYhI9jokkO,6.175651931968342,15.389989630133384,8.148018454333046
1537500,pkIXjRx/GPQ7xU8jFREUciKuOOpE49JbzwnpK09gSCfOCzEIWT0oYHUYhI9jokkO,5.761320271702125,8.568347719528465,6.996223772816183
1537800,pkIXjRx/GPQ7xU8jFREUciKuOOpE49JbzwnpK09gSCfOCzEIWT0oYHUYhI9jokkO,6.246696930374212,36.39129552055973,11.058959003711326
1538100,pkIXjRx/GPQ7xU8jFREUciKuOOpE49JbzwnpK09gSCfOCzEIWT0oYHUYhI9jokkO,6.0083999621738045,50.522220104962834,11.599891075889357
1538400,pkIXjRx/GPQ7xU8jFREUciKuOOpE49JbzwnpK09gSCfOCzEIWT0oYHUYhI9jokkO,6.24389704072442,16.154416240541178,8.841270590362337
1538700,pkIXjRx/GPQ7xU8jFREUciKuOOpE49JbzwnpK09gSCfOCzEIWT0oYHUYhI9jokkO,6.230273318353465,8.441918579857607,7.163350513968097
1539000,pkIXjRx/GPQ7xU8jFREUciKuOOpE49JbzwnpK09gSCfOCzEIWT0oYHUYhI9jokkO,6.027466395063177,35.5055323492568,10.878465620039988
1539300,pkIXjRx/GPQ7xU8jFREUciKuOOpE49JbzwnpK09gSCfOCzEIWT0oYHUYhI9jokkO,6.277999918922499,42.26903289593714,12.761569834157909
1539600,pkIXjRx/GPQ7xU8jFREUciKuOOpE49JbzwnpK09gSCfOCzEIWT0oYHUYhI9jokkO,6.447138402270057,19.289268113757775,8.321598217435714
1539900,pkIXjRx/GPQ7xU8jFREUciKuOOpE49JbzwnpK09gSCfOCzEIWT0oYHUYhI9jokkO,6.3273138906519355,8.973989634508953,7.035135893792947
1540200,pkIXjRx/GPQ7xU8jFREUciKuOOpE49JbzwnpK09gSCfOCzEIWT0oYHUYhI9jokkO,5.906121385491974,29.716621172242835,10.610287494725526
1540500,pkIXjRx/GPQ7xU8jFREUciKuOOpE49JbzwnpK09gSCfOCzEIWT0oYHUYhI9jokkO,6.265992839391624,41.343642549104686,12.738789164604478
1540800,pkIXjRx/GPQ7xU8jFREUciKuOOpE49JbzwnpK09gSCfOCzEIWT0oYHUYhI9jokkO,5.946597440123754,14.8229758696733,7.80936198388411
1541100,pkIXjRx/GPQ7xU8jFREUciKuOOpE49JbzwnpK09gSCfOCzEIWT0oYHUYhI9jokkO,6.101148451291096,7.872153329611236,6.753019851243253
1541400,pkIXjRx/GPQ7xU8jFREUciKuOOpE49JbzwnpK09gSCfOCzEIWT0oYHUYhI9jokkO,6.298824136573013,33.942753491199724,10.801310029357923
1541700,pkIXjRx/GPQ7xU8jFREUciKuOOpE49JbzwnpK09gSCfOCzEIWT0oYHUYhI9jokkO,6.250543465920304,41.90952811176536,13.609644013479327
1542000,pkIXjRx/GPQ7xU8jFREUciKuOOpE49JbzwnpK09gSCfOCzEIWT0oYHUYhI9jokkO,6.040452262734059,14.542772307249582,8.700603708552094
1542300,pkIXjRx/GPQ7xU8jFREUciKuOOpE49JbzwnpK09gSCfOCzEIWT0oYHUYhI9jokkO,6.54390190544345,8.156436110391567,7.147139984671399
1542600,pkIXjRx/GPQ7xU8jFREUciKuOOpE49JbzwnpK09gSCfOCzEIWT0oYHUYhI9jokkO,6.363798780286556,33.32803041114289,10.888977701870076
1542900,pkIXjRx/GPQ7xU8jFREUciKuOOpE49JbzwnpK09gSCfOCzEIWT0oYHUYhI9jokkO,6.279372835472184,38.20494080574228,12.57519747182417
1543200,pkIXjRx/GPQ7xU8jFREUciKuOOpE49JbzwnpK09gSCfOCzEIWT0oYHUYhI9jokkO,5.959419921336826,14.897061394465313,8.123968715888683
1543500,pkIXjRx/GPQ7xU8jFREUciKuOOpE49JbzwnpK09gSCfOCzEIWT0oYHUYhI9jokkO,6.1851780587666845,8.635043743895874,6.915930841012404
1543800,pkIXjRx/GPQ7xU8jFREUciKuOOpE49JbzwnpK09gSCfOCzEIWT0oYHUYhI9jokkO,5.836328560643653,34.75813938287392,10.6130210891679
1544100,pkIXjRx/GPQ7xU8jFREUciKuOOpE49JbzwnpK09gSCfOCzEIWT0oYHUYhI9jokkO,6.447504136112438,36.59686525703054,12.847699722261936
1544400,pkIXjRx/GPQ7xU8jFREUciKuOOpE49JbzwnpK09gSCfOCzEIWT0oYHUYhI9jokkO,6.013117735681036,15.419821706968278,7.926467671886916
1544700,pkIXjRx/GPQ7xU8jFREUciKuOOpE49JbzwnpK09gSCfOCzEIWT0oYHUYhI9jokkO,6.26732428654401,8.220216665628989,6.999489976426763
1545000,pkIXjRx/GPQ7xU8jFREUciKuOOpE49JbzwnpK09gSCfOCzEIWT0oYHUYhI9jokkO,6.390645650767202,30.418379559427805,11.10167973297338
1545300,pkIXjRx/GPQ7xU8jFREUciKuOOpE49JbzwnpK09gSCfOCzEIWT0oYHUYhI9jokkO,6.57200663323047,38.03273355040106,12.893446193961314
1545600,pkIXjRx/GPQ7xU8jFREUciKuOOpE49JbzwnpK09gSCfOCzEIWT0oYHUYhI9jokkO,6.227486253202555,18.593213922044896,8.872047746203984
1545900,pkIXjRx/GPQ7xU8jFREUciKuOOpE49JbzwnpK09gSCfOCzEIWT0oYHUYhI9jokkO,6.246931399867851,8.511027186589441,7.182327435710782
1546200,pkIXjRx/GPQ7xU8jFREUciKuOOpE49JbzwnpK09gSCfOCzEIWT0oYHUYhI9jokkO,5.815508955740937,38.221484492828814,10.87114545554274
1546500,pkIXjRx/GPQ7xU8jFREUciKuOOpE49JbzwnpK09gSCfOCzEIWT0oYHUYhI9jokkO,5.924749223146904,38.29463562989693,12.715585541578358
1546800,pkIXjRx/GPQ7xU8jFREUciKuOOpE49JbzwnpK09gSCfOCzEIWT0oYHUYhI9jokkO,6.416132071696185,18.488932169207413,8.24520913420317
1547100,pkIXjRx/GPQ7xU8jFREUciKuOOpE49JbzwnpK09gSCfOCzEIWT0oYHUYhI9jokkO,5.968535046015012,8.574117871411168,7.0367930723503775
1547400,pkIXjRx/GPQ7xU8jFREUciKuOOpE49JbzwnpK09gSCfOCzEIWT0oYHUYhI9jokkO,5.978069518190701,35.4567582896715,10.837848711421906
1547700,pkIXjRx/GPQ7xU8jFREUciKuOOpE49JbzwnpK09gSCfOCzEIWT0oYHUYhI9jokkO,6.175895102425424,40.5360921879556,12.941760049304646
1548000,pkIXjRx/GPQ7xU8jFREUciKuOOpE49JbzwnpK09gSCfOCzEIWT0oYHUYhI9jokkO,5.83019226874399,18.020017512656,8.09921926378916
1548300,pkIXjRx/GPQ7xU8jFREUciKuOOpE49JbzwnpK09gSCfOCzEIWT0oYHUYhI9jokkO,5.797927647243438,8.668345464332353,7.063125492622417
1548600,pkIXjRx/GPQ7xU8jFREUciKuOOpE49JbzwnpK09gSCfOCzEIWT0oYHUYhI9jokkO,6.221615011934076,36.5610560825806,11.112420069583294
1548900,pkIXjRx/GPQ7xU8jFREUciKuOOpE49JbzwnpK09gSCfOCzEIWT0oYHUYhI9jokkO,5.929751713221143,43.529747902701104,12.779055672418544
1549200,pkIXjRx/GPQ7xU8jFREUciKuOOpE49JbzwnpK09gSCfOCzEIWT0oYHUYhI9jokkO,5.970621390158011,13.466098886706028,8.724106432203957
1549500,pkIXjRx/GPQ7xU8jFREUciKuOOpE49JbzwnpK09gSCfOCzEIWT0oYHUYhI9jokkO,6.043581690500204,8.30542219544307,6.995032777650641
1549800,pkIXjRx/GPQ7xU8jFREUciKuOOpE49JbzwnpK09gSCfOCzEIWT0oYHUYhI9jokkO,5.627250580230164,42.256471957585255,11.309907763557922
1550100,pkIXjRx/GPQ7xU8jFREUciKuOOpE49JbzwnpK09gSCfOCzEIWT0oYHUYhI9jokkO,5.750379340735392,47.563424508029975,12.593114350341214
1550400,pkIXjRx/GPQ7xU8jFREUciKuOOpE49JbzwnpK09gSCfOCzEIWT0oYHUYhI9jokkO,6.2030981685044235,14.321732160877929,8.250654611122249
1550700,pkIXjRx/GPQ7xU8jFREUciKuOOpE49JbzwnpK09gSCfOCzEIWT0oYHUYhI9jokkO,5.612687152053371,8.75630359185696,6.8945661127522255
1551000,pkIXjRx/GPQ7xU8jFREUciKuOOpE49JbzwnpK09gSCfOCzEIWT0oYHUYhI9jokkO,6.004889376718511,45.996204358063515,10.955279261980778
1551300,pkIXjRx/GPQ7xU8jFREUciKuOOpE49JbzwnpK09gSCfOCzEIWT0oYHUYhI9jokkO,6.190830660265789,48.59604900352362,12.929060410117613
1551600,pkIXjRx/GPQ7xU8jFREUciKuOOpE49JbzwnpK09gSCfOCzEIWT0oYHUYhI9jokkO,5.886458513737101,17.258014797203174,8.133967615351086
1551900,pkIXjRx/GPQ7xU8jFREUciKuOOpE49JbzwnpK09gSCfOCzEIWT0oYHUYhI9jokkO,5.9182541374714575,8.531027374062006,6.9422466203839965
1552200,pkIXjRx/GPQ7xU8jFREUciKuOOpE49JbzwnpK09gSCfOCzEIWT0oYHUYhI9jokkO,6.558784570044932,32.086280834085485,11.010718931544126
1552500,pkIXjRx/GPQ7xU8jFREUciKuOOpE49JbzwnpK09gSCfOCzEIWT0oYHUYhI9jokkO,6.09806052418608,50.886032177216194,12.712697089496936
1552800,pkIXjRx/GPQ7xU8jFREUciKuOOpE49JbzwnpK09gSCfOCzEIWT0oYHUYhI9jokkO,6.097694554778043,17.02760009612021,8.756966368727465
1553100,pkIXjRx/GPQ7xU8jFREUciKuOOpE49JbzwnpK09gSCfOCzEIWT0oYHUYhI9jokkO,6.152984044417267,8.340860319000594,7.101373021283566
1553400,pkIXjRx/GPQ7xU8jFREUciKuOOpE49JbzwnpK09gSCfOCzEIWT0oYHUYhI9jokkO,6.077273084744097,45.96495985722789,10.884877035056382
1553700,pkIXjRx/GPQ7xU8jFREUciKuOOpE49JbzwnpK09gSCfOCzEIWT0oYHUYhI9jokkO,6.077044582410429,51.19231132799728,12.584344453648436
1554000,pkIXjRx/GPQ7xU8jFREUciKuOOpE49JbzwnpK09gSCfOCzEIWT0oYHUYhI9jokkO,6.4130164015822455,17.059252813558665,8.330790315938376
1554300,pkIXjRx/GPQ7xU8jFREUciKuOOpE49JbzwnpK09gSCfOCzEIWT0oYHUYhI9jokkO,6.021671703357233,15.022769260415844,7.98999543223111
1554600,pkIXjRx/GPQ7xU8jFREUciKuOOpE49JbzwnpK09gSCfOCzEIWT0oYHUYhI9jokkO,11.12227774794544,49.82847162970646,16.4576098253512
1554900,pkIXjRx/GPQ7xU8jFREUciKuOOpE49JbzwnpK09gSCfOCzEIWT0oYHUYhI9jokkO,7.416714374411976,49.7910805541802,16.082911979648816
1555200,pkIXjRx/GPQ7xU8jFREUciKuOOpE49JbzwnpK09gSCfOCzEIWT0oYHUYhI9jokkO,5.685313293340411,16.271004006856806,7.589043397927923
1555500,pkIXjRx/GPQ7xU8jFREUciKuOOpE49JbzwnpK09gSCfOCzEIWT0oYHUYhI9jokkO,5.797065518541547,7.895023751555498,6.632157992633877
1555800,pkIXjRx/GPQ7xU8jFREUciKuOOpE49JbzwnpK09gSCfOCzEIWT0oYHUYhI9jokkO,6.130461592491945,45.40352320755681,10.683075966382878
1556100,pkIXjRx/GPQ7xU8jFREUciKuOOpE49JbzwnpK09gSCfOCzEIWT0oYHUYhI9jokkO,6.083265109319844,52.51421023460071,12.687154914911172
1556400,pkIXjRx/GPQ7xU8jFREUciKuOOpE49JbzwnpK09gSCfOCzEIWT0oYHUYhI9jokkO,5.786757270678195,12.124612909241122,7.7847150186355245
1556700,pkIXjRx/GPQ7xU8jFREUciKuOOpE49JbzwnpK09gSCfOCzEIWT0oYHUYhI9jokkO,6.491794503085091,36.157171411262205,12.558035621868331
1557000,pkIXjRx/GPQ7xU8jFREUciKuOOpE49JbzwnpK09gSCfOCzEIWT0oYHUYhI9jokkO,5.834713392871686,30.033018598001224,9.073354532833502
1557300,pkIXjRx/GPQ7xU8jFREUciKuOOpE49JbzwnpK09gSCfOCzEIWT0oYHUYhI9jokkO,5.985450908197851,53.48866004564659,13.764775194828765
1557600,pkIXjRx/GPQ7xU8jFREUciKuOOpE49JbzwnpK09gSCfOCzEIWT0oYHUYhI9jokkO,5.894653144240853,8.126042073456324,7.010991095398148
1557900,pkIXjRx/GPQ7xU8jFREUciKuOOpE49JbzwnpK09gSCfOCzEIWT0oYHUYhI9jokkO,6.077576933349262,16.28406121724981,7.739343699661576
1558200,pkIXjRx/GPQ7xU8jFREUciKuOOpE49JbzwnpK09gSCfOCzEIWT0oYHUYhI9jokkO,5.823630477016657,35.155820883944536,10.170273617965368
1558500,pkIXjRx/GPQ7xU8jFREUciKuOOpE49JbzwnpK09gSCfOCzEIWT0oYHUYhI9jokkO,6.682691820051728,53.99368096782574,13.882470374232271
1558800,pkIXjRx/GPQ7xU8jFREUciKuOOpE49JbzwnpK09gSCfOCzEIWT0oYHUYhI9jokkO,5.923521857724864,8.839042556506504,7.0509744841652084
1559100,pkIXjRx/GPQ7xU8jFREUciKuOOpE49JbzwnpK09gSCfOCzEIWT0oYHUYhI9jokkO,5.876777358291585,20.318375985301746,9.227133753670246
1559400,pkIXjRx/GPQ7xU8jFREUciKuOOpE49JbzwnpK09gSCfOCzEIWT0oYHUYhI9jokkO,6.112777218834044,24.34357994167787,9.875407724322825
1559700,pkIXjRx/GPQ7xU8jFREUciKuOOpE49JbzwnpK09gSCfOCzEIWT0oYHUYhI9jokkO,5.891160923422182,55.038987667303246,13.321374120516763
1560000,pkIXjRx/GPQ7xU8jFREUciKuOOpE49JbzwnpK09gSCfOCzEIWT0oYHUYhI9jokkO,5.588320683365638,7.923634457789562,6.48641583728764
1560300,pkIXjRx/GPQ7xU8jFREUciKuOOpE49JbzwnpK09gSCfOCzEIWT0oYHUYhI9jokkO,5.8316686743891015,17.546550107197532,8.324275437933702
1560600,pkIXjRx/GPQ7xU8jFREUciKuOOpE49JbzwnpK09gSCfOCzEIWT0oYHUYhI9jokkO,5.522382651135928,35.270590775737176,10.431203144143398
1560900,pkIXjRx/GPQ7xU8jFREUciKuOOpE49JbzwnpK09gSCfOCzEIWT0oYHUYhI9jokkO,5.178205082250817,59.400643792275446,13.067348848910006
1561200,pkIXjRx/GPQ7xU8jFREUciKuOOpE49JbzwnpK09gSCfOCzEIWT0oYHUYhI9jokkO,5.500526403673353,8.147708575594196,6.596070542906336
1561500,pkIXjRx/GPQ7xU8jFREUciKuOOpE49JbzwnpK09gSCfOCzEIWT0oYHUYhI9jokkO,5.39876097282769,15.049881404896436,7.514897819289462
1561800,pkIXjRx/GPQ7xU8jFREUciKuOOpE49JbzwnpK09gSCfOCzEIWT0oYHUYhI9jokkO,5.14528952930158,35.35046213853997,9.21369048364364
1562100,pkIXjRx/GPQ7xU8jFREUciKuOOpE49JbzwnpK09gSCfOCzEIWT0oYHUYhI9jokkO,6.012634533848093,62.599845229387086,13.36351622849379
1562400,pkIXjRx/GPQ7xU8jFREUciKuOOpE49JbzwnpK09gSCfOCzEIWT0oYHUYhI9jokkO,5.524611119655601,8.543624054570177,6.6233301079256295
1562700,pkIXjRx/GPQ7xU8jFREUciKuOOpE49JbzwnpK09gSCfOCzEIWT0oYHUYhI9jokkO,5.560467710388505,12.191308829876824,7.600852793117461
1563000,pkIXjRx/GPQ7xU8jFREUciKuOOpE49JbzwnpK09gSCfOCzEIWT0oYHUYhI9jokkO,5.598351156076508,36.04121590896106,9.60092378925436
1563300,pkIXjRx/GPQ7xU8jFREUciKuOOpE49JbzwnpK09gSCfOCzEIWT0oYHUYhI9jokkO,5.7223208436733515,62.28088021164511,13.473191064414548
1563600,pkIXjRx/GPQ7xU8jFREUciKuOOpE49JbzwnpK09gSCfOCzEIWT0oYHUYhI9jokkO,5.48673669447706,8.54869234732847,6.655860956725506
1563900,pkIXjRx/GPQ7xU8jFREUciKuOOpE49JbzwnpK09gSCfOCzEIWT0oYHUYhI9jokkO,5.779256860418537,12.836880592575833,8.518471104923378
1564200,pkIXjRx/GPQ7xU8jFREUciKuOOpE49JbzwnpK09gSCfOCzEIWT0oYHUYhI9jokkO,5.597287691571288,32.65909196521426,9.570337342254865
1564500,pkIXjRx/GPQ7xU8jFREUciKuOOpE49JbzwnpK09gSCfOCzEIWT0oYHUYhI9jokkO,5.504218652182088,62.06140264390119,13.06535220521322
1564800,pkIXjRx/GPQ7xU8jFREUciKuOOpE49JbzwnpK09gSCfOCzEIWT0oYHUYhI9jokkO,5.618902494097776,8.497303572018259,6.856664599536438
1565100,pkIXjRx/GPQ7xU8jFREUciKuOOpE49JbzwnpK09gSCfOCzEIWT0oYHUYhI9jokkO,5.6193678026693,15.795188800944134,7.722707767165603
1565400,pkIXjRx/GPQ7xU8jFREUciKuOOpE49JbzwnpK09gSCfOCzEIWT0oYHUYhI9jokkO,5.550603694065381,35.61862329290951,9.466467154281652
1565700,pkIXjRx/GPQ7xU8jFREUciKuOOpE49JbzwnpK09gSCfOCzEIWT0oYHUYhI9jokkO,5.915691137224882,57.27961307460766,13.487471095225114
1566000,pkIXjRx/GPQ7xU8jFREUciKuOOpE49JbzwnpK09gSCfOCzEIWT0oYHUYhI9jokkO,5.632245509488457,8.564399881263132,6.704845186537475
1566300,pkIXjRx/GPQ7xU8jFREUciKuOOpE49JbzwnpK09gSCfOCzEIWT0oYHUYhI9jokkO,5.499664972955046,16.13098152845006,7.376141333833222
1566600,pkIXjRx/GPQ7xU8jFREUciKuOOpE49JbzwnpK09gSCfOCzEIWT0oYHUYhI9jokkO,5.772370242230046,35.820192872174424,9.89390361052579
1566900,pkIXjRx/GPQ7xU8jFREUciKuOOpE49JbzwnpK09gSCfOCzEIWT0oYHUYhI9jokkO,6.102314655036713,56.194180084428886,13.514091254488184
1567200,pkIXjRx/GPQ7xU8jFREUciKuOOpE49JbzwnpK09gSCfOCzEIWT0oYHUYhI9jokkO,5.417463030408788,8.443186794134252,6.626489523090292
1567500,pkIXjRx/GPQ7xU8jFREUciKuOOpE49JbzwnpK09gSCfOCzEIWT0oYHUYhI9jokkO,5.555527403801063,17.01054594017784,8.570298833517553
1567800,pkIXjRx/GPQ7xU8jFREUciKuOOpE49JbzwnpK09gSCfOCzEIWT0oYHUYhI9jokkO,5.636781852090481,8.03186000778929,6.740122595862524
1568100,pkIXjRx/GPQ7xU8jFREUciKuOOpE49JbzwnpK09gSCfOCzEIWT0oYHUYhI9jokkO,6.353193283025206,55.011625221257674,16.25600834420936
1568400,pkIXjRx/GPQ7xU8jFREUciKuOOpE49JbzwnpK09gSCfOCzEIWT0oYHUYhI9jokkO,5.972447396774653,8.833013884877474,7.089086311263367
1568700,pkIXjRx/GPQ7xU8jFREUciKuOOpE49JbzwnpK09gSCfOCzEIWT0oYHUYhI9jokkO,5.91566375511493,12.707626862699293,7.725744736997344
1569000,pkIXjRx/GPQ7xU8jFREUciKuOOpE49JbzwnpK09gSCfOCzEIWT0oYHUYhI9jokkO,5.764971533371496,28.273868031848448,8.789881996433573
1569300,pkIXjRx/GPQ7xU8jFREUciKuOOpE49JbzwnpK09gSCfOCzEIWT0oYHUYhI9jokkO,6.72523898692435,55.31739233340793,14.358557686606398
1569600,pkIXjRx/GPQ7xU8jFREUciKuOOpE49JbzwnpK09gSCfOCzEIWT0oYHUYhI9jokkO,5.875067583580249,8.465459504594552,6.913237746969226
1569900,pkIXjRx/GPQ7xU8jFREUciKuOOpE49JbzwnpK09gSCfOCzEIWT0oYHUYhI9jokkO,5.971879996645344,13.277901275795614,7.897751952383738
1570200,pkIXjRx/GPQ7xU8jFREUciKuOOpE49JbzwnpK09gSCfOCzEIWT0oYHUYhI9jokkO,6.251919394183416,29.934566091352576,9.650040126882239
1570500,pkIXjRx/GPQ7xU8jFREUciKuOOpE49JbzwnpK09gSCfOCzEIWT0oYHUYhI9jokkO,6.68944696663932,53.23551741302255,14.350839019721075
1570800,pkIXjRx/GPQ7xU8jFREUciKuOOpE49JbzwnpK09gSCfOCzEIWT0oYHUYhI9jokkO,5.948767101765596,8.602673177418218,6.907395897807762
1571100,pkIXjRx/GPQ7xU8jFREUciKuOOpE49JbzwnpK09gSCfOCzEIWT0oYHUYhI9jokkO,5.981728977491982,13.394306253746988,8.857199868173126
1571400,pkIXjRx/GPQ7xU8jFREUciKuOOpE49JbzwnpK09gSCfOCzEIWT0oYHUYhI9jokkO,6.133757094284468,8.026270512793909,7.030883660985699
1571700,pkIXjRx/GPQ7xU8jFREUciKuOOpE49JbzwnpK09gSCfOCzEIWT0oYHUYhI9jokkO,6.312125398809505,40.55333356132287,16.400060423679072
1572000,pkIXjRx/GPQ7xU8jFREUciKuOOpE49JbzwnpK09gSCfOCzEIWT0oYHUYhI9jokkO,6.35648308976967,8.67591737832459,7.26737755818522
1572300,pkIXjRx/GPQ7xU8jFREUciKuOOpE49JbzwnpK09gSCfOCzEIWT0oYHUYhI9jokkO,6.2571336273569855,13.285812220847223,8.150760433937686
1572600,pkIXjRx/GPQ7xU8jFREUciKuOOpE49JbzwnpK09gSCfOCzEIWT0oYHUYhI9jokkO,5.898218832933731,12.030738221214412,7.429154576157443
1572900,pkIXjRx/GPQ7xU8jFREUciKuOOpE49JbzwnpK09gSCfOCzEIWT0oYHUYhI9jokkO,6.570228612575919,38.961940509351805,15.950792063400389
1573200,pkIXjRx/GPQ7xU8jFREUciKuOOpE49JbzwnpK09gSCfOCzEIWT0oYHUYhI9jokkO,5.848825832729399,8.787403812504587,7.007603444794669
1573500,pkIXjRx/GPQ7xU8jFREUciKuOOpE49JbzwnpK09gSCfOCzEIWT0oYHUYhI9jokkO,6.020712333897963,13.607445956441005,7.874694082458144
1573800,pkIXjRx/GPQ7xU8jFREUciKuOOpE49JbzwnpK09gSCfOCzEIWT0oYHUYhI9jokkO,6.1248581840829,8.586049148238937,7.262953985134096
1574100,pkIXjRx/GPQ7xU8jFREUciKuOOpE49JbzwnpK09gSCfOCzEIWT0oYHUYhI9jokkO,6.527151723438431,36.735137159784976,16.68338659955173
1574400,pkIXjRx/GPQ7xU8jFREUciKuOOpE49JbzwnpK09gSCfOCzEIWT0oYHUYhI9jokkO,5.949648873260444,8.733164290202266,6.981773568328846
1574700,pkIXjRx/GPQ7xU8jFREUciKuOOpE49JbzwnpK09gSCfOCzEIWT0oYHUYhI9jokkO,6.450832254193683,13.613343846170888,9.067908677642524
1575000,pkIXjRx/GPQ7xU8jFREUciKuOOpE49JbzwnpK09gSCfOCzEIWT0oYHUYhI9jokkO,5.839751457700239,32.72709434086608,9.546856071996457
1575300,pkIXjRx/GPQ7xU8jFREUciKuOOpE49JbzwnpK09gSCfOCzEIWT0oYHUYhI9jokkO,5.955406204456357,35.73712127979378,13.979151439058072
1575600,pkIXjRx/GPQ7xU8jFREUciKuOOpE49JbzwnpK09gSCfOCzEIWT0oYHUYhI9jokkO,6.123130247074916,9.084450332278776,7.177310868021297
1575900,pkIXjRx/GPQ7xU8jFREUciKuOOpE49JbzwnpK09gSCfOCzEIWT0oYHUYhI9jokkO,6.06796761468102,12.507668020720828,8.114473588021108
1576200,pkIXjRx/GPQ7xU8jFREUciKuOOpE49JbzwnpK09gSCfOCzEIWT0oYHUYhI9jokkO,5.820607037782965,23.63188450596135,8.656572962222054
1576500,pkIXjRx/GPQ7xU8jFREUciKuOOpE49JbzwnpK09gSCfOCzEIWT0oYHUYhI9jokkO,6.4188773958302665,37.44551705548272,16.142755866463368
1576800,pkIXjRx/GPQ7xU8jFREUciKuOOpE49JbzwnpK09gSCfOCzEIWT0oYHUYhI9jokkO,5.7956692127564615,8.94859312259082,6.990566198596146
1577100,pkIXjRx/GPQ7xU8jFREUciKuOOpE49JbzwnpK09gSCfOCzEIWT0oYHUYhI9jokkO,5.856879802906932,23.145525228546155,8.856645484990793
1577400,pkIXjRx/GPQ7xU8jFREUciKuOOpE49JbzwnpK09gSCfOCzEIWT0oYHUYhI9jokkO,5.756495608816773,8.400609476541446,6.780764388856811
1577700,pkIXjRx/GPQ7xU8jFREUciKuOOpE49JbzwnpK09gSCfOCzEIWT0oYHUYhI9jokkO,6.29074394104123,39.013781010512375,17.625267111421064
1578000,pkIXjRx/GPQ7xU8jFREUciKuOOpE49JbzwnpK09gSCfOCzEIWT0oYHUYhI9jokkO,5.501154424028385,8.091172556740386,6.581425723431899
1578300,pkIXjRx/GPQ7xU8jFREUciKuOOpE49JbzwnpK09gSCfOCzEIWT0oYHUYhI9jokkO,6.018433600710674,20.656829724565203,9.215308022170502
1578600,pkIXjRx/GPQ7xU8jFREUciKuOOpE49JbzwnpK09gSCfOCzEIWT0oYHUYhI9jokkO,5.637613132395155,11.920284049845192,7.398258676360014
1578900,pkIXjRx/GPQ7xU8jFREUciKuOOpE49JbzwnpK09gSCfOCzEIWT0oYHUYhI9jokkO,6.070663474618713,39.45211025449937,17.651276937665582
1579200,pkIXjRx/GPQ7xU8jFREUciKuOOpE49JbzwnpK09gSCfOCzEIWT0oYHUYhI9jokkO,5.852519837189746,9.063253308111518,7.091576942248715
1579500,pkIXjRx/GPQ7xU8jFREUciKuOOpE49JbzwnpK09gSCfOCzEIWT0oYHUYhI9jokkO,5.6844230505144395,27.21634038412036,8.952008165848234
1579800,pkIXjRx/GPQ7xU8jFREUciKuOOpE49JbzwnpK09gSCfOCzEIWT0oYHUYhI9jokkO,5.904855731349218,8.470956412734518,6.905885860109537
1580100,pkIXjRx/GPQ7xU8jFREUciKuOOpE49JbzwnpK09gSCfOCzEIWT0oYHUYhI9jokkO,6.511506094850678,41.743755581361214,17.80820378498374
1580400,pkIXjRx/GPQ7xU8jFREUciKuOOpE49JbzwnpK09gSCfOCzEIWT0oYHUYhI9jokkO,5.936137923186139,9.029760474925277,7.054028663557824
1580700,pkIXjRx/GPQ7xU8jFREUciKuOOpE49JbzwnpK09gSCfOCzEIWT0oYHUYhI9jokkO,5.8790315706950285,24.642988199038,8.812758082243484
1581000,pkIXjRx/GPQ7xU8jFREUciKuOOpE49JbzwnpK09gSCfOCzEIWT0oYHUYhI9jokkO,6.152011732392364,8.628576983844138,7.097798674754695
1581300,pkIXjRx/GPQ7xU8jFREUciKuOOpE49JbzwnpK09gSCfOCzEIWT0oYHUYhI9jokkO,5.854849075053824,45.89925317788462,17.465681916460667
1581600,pkIXjRx/GPQ7xU8jFREUciKuOOpE49JbzwnpK09gSCfOCzEIWT0oYHUYhI9jokkO,5.659627304482841,8.294600086966133,6.676107557398796
1581900,pkIXjRx/GPQ7xU8jFREUciKuOOpE49JbzwnpK09gSCfOCzEIWT0oYHUYhI9jokkO,6.223546172449132,26.26469477295693,8.793631566421654
1582200,pkIXjRx/GPQ7xU8jFREUciKuOOpE49JbzwnpK09gSCfOCzEIWT0oYHUYhI9jokkO,5.650092840188592,14.436212564917687,8.366603048884011
1582500,pkIXjRx/GPQ7xU8jFREUciKuOOpE49JbzwnpK09gSCfOCzEIWT0oYHUYhI9jokkO,5.877154626466043,59.36095774345682,16.730761990559042
1582800,pkIXjRx/GPQ7xU8jFREUciKuOOpE49JbzwnpK09gSCfOCzEIWT0oYHUYhI9jokkO,6.244244601283482,8.515293181144433,6.987709980785532
1583100,pkIXjRx/GPQ7xU8jFREUciKuOOpE49JbzwnpK09gSCfOCzEIWT0oYHUYhI9jokkO,6.024891460036054,28.426851074995543,8.978463236718348
1583400,pkIXjRx/GPQ7xU8jFREUciKuOOpE49JbzwnpK09gSCfOCzEIWT0oYHUYhI9jokkO,6.0819848472498474,7.877358034817088,6.655059589738981
1583700,pkIXjRx/GPQ7xU8jFREUciKuOOpE49JbzwnpK09gSCfOCzEIWT0oYHUYhI9jokkO,6.6176760667290715,65.00435898616902,19.82662319121006
1584000,pkIXjRx/GPQ7xU8jFREUciKuOOpE49JbzwnpK09gSCfOCzEIWT0oYHUYhI9jokkO,11.488887259104253,16.324753733173104,12.917850124490732
1584300,pkIXjRx/GPQ7xU8jFREUciKuOOpE49JbzwnpK09gSCfOCzEIWT0oYHUYhI9jokkO,6.253861390108834,28.558710770842957,12.25363883609766
1584600,pkIXjRx/GPQ7xU8jFREUciKuOOpE49JbzwnpK09gSCfOCzEIWT0oYHUYhI9jokkO,6.504318873675691,8.068041936387294,7.048676314576438
1584900,pkIXjRx/GPQ7xU8jFREUciKuOOpE49JbzwnpK09gSCfOCzEIWT0oYHUYhI9jokkO,5.981666879617358,62.25316337484758,17.613889314186412
1585200,pkIXjRx/GPQ7xU8jFREUciKuOOpE49JbzwnpK09gSCfOCzEIWT0oYHUYhI9jokkO,6.080293326232554,8.761779940482025,7.0609939539774285
1585500,pkIXjRx/GPQ7xU8jFREUciKuOOpE49JbzwnpK09gSCfOCzEIWT0oYHUYhI9jokkO,6.341598381762657,24.694287872191257,9.08399342045672
1585800,pkIXjRx/GPQ7xU8jFREUciKuOOpE49JbzwnpK09gSCfOCzEIWT0oYHUYhI9jokkO,6.231199010174123,13.22208349423614,7.673795382690131
1586100,pkIXjRx/GPQ7xU8jFREUciKuOOpE49JbzwnpK09gSCfOCzEIWT0oYHUYhI9jokkO,6.088448489295596,62.908064440062205,17.242837437747447
1586400,pkIXjRx/GPQ7xU8jFREUciKuOOpE49JbzwnpK09gSCfOCzEIWT0oYHUYhI9jokkO,6.413400358442025,8.954767010322392,7.277203754198224
1586700,pkIXjRx/GPQ7xU8jFREUciKuOOpE49JbzwnpK09gSCfOCzEIWT0oYHUYhI9jokkO,6.243075561358735,28.59780329899809,9.274321036921082
1587000,pkIXjRx/GPQ7xU8jFREUciKuOOpE49JbzwnpK09gSCfOCzEIWT0oYHUYhI9jokkO,6.2274154910600075,8.065714790640675,6.97913670962547
1587300,pkIXjRx/GPQ7xU8jFREUciKuOOpE49JbzwnpK09gSCfOCzEIWT0oYHUYhI9jokkO,6.8049106219408095,63.46303022801804,17.886883180798854
1587600,pkIXjRx/GPQ7xU8jFREUciKuOOpE49JbzwnpK09gSCfOCzEIWT0oYHUYhI9jokkO,6.095748422515416,20.13909689084193,8.186054365058615
1587900,pkIXjRx/GPQ7xU8jFREUciKuOOpE49JbzwnpK09gSCfOCzEIWT0oYHUYhI9jokkO,6.25366501783344,21.597711568975576,9.139791096669374
1720200,ckZOxVGA15KlICneOKmROPL3iD7pLsQ9cOiOTPozo5ytHCQbXJ1PV54n4kTLE4Sj,5.8882801263076905,44.00397397502675,9.6993202832607
1720500,ckZOxVGA15KlICneOKmROPL3iD7pLsQ9cOiOTPozo5ytHCQbXJ1PV54n4kTLE4Sj,5.538792306361794,42.39663120405071,9.77005137621361
1720800,ckZOxVGA15KlICneOKmROPL3iD7pLsQ9cOiOTPozo5ytHCQbXJ1PV54n4kTLE4Sj,5.593093214489474,41.37373314375349,9.781884575836395
1721100,ckZOxVGA15KlICneOKmROPL3iD7pLsQ9cOiOTPozo5ytHCQbXJ1PV54n4kTLE4Sj,5.365578352228843,46.273643943927645,9.852363216298464
1721400,ckZOxVGA15KlICneOKmROPL3iD7pLsQ9cOiOTPozo5ytHCQbXJ1PV54n4kTLE4Sj,5.983279149748685,39.052544929819206,9.86201438565975
1721700,ckZOxVGA15KlICneOKmROPL3iD7pLsQ9cOiOTPozo5ytHCQbXJ1PV54n4kTLE4Sj,5.736784913352905,44.46229805660873,9.860348403628285
1722000,ckZOxVGA15KlICneOKmROPL3iD7pLsQ9cOiOTPozo5ytHCQbXJ1PV54n4kTLE4Sj,5.5849151035590445,45.520591036991135,9.96760832224624
1722300,ckZOxVGA15KlICneOKmROPL3iD7pLsQ9cOiOTPozo5ytHCQbXJ1PV54n4kTLE4Sj,5.596226553002932,46.10251095488984,10.053788797758015
1722600,ckZOxVGA15KlICneOKmROPL3iD7pLsQ9cOiOTPozo5ytHCQbXJ1PV54n4kTLE4Sj,5.567019415006073,42.262195321536375,10.300530799269067
1722900,ckZOxVGA15KlICneOKmROPL3iD7pLsQ9cOiOTPozo5ytHCQbXJ1PV54n4kTLE4Sj,6.05605965813908,52.79301403609725,10.029459711420229
1723200,ckZOxVGA15KlICneOKmROPL3iD7pLsQ9cOiOTPozo5ytHCQbXJ1PV54n4kTLE4Sj,5.609223615176686,47.20352961429924,10.286349368980506
1723500,ckZOxVGA15KlICneOKmROPL3iD7pLsQ9cOiOTPozo5ytHCQbXJ1PV54n4kTLE4Sj,5.239013999180943,46.309955352363325,9.65865709249793
1723800,ckZOxVGA15KlICneOKmROPL3iD7pLsQ9cOiOTPozo5ytHCQbXJ1PV54n4kTLE4Sj,5.185887734681229,46.94177772346122,9.998303721800992
1724100,ckZOxVGA15KlICneOKmROPL3iD7pLsQ9cOiOTPozo5ytHCQbXJ1PV54n4kTLE4Sj,5.720760835615772,45.7187294154322,9.979403078634425
1724400,ckZOxVGA15KlICneOKmROPL3iD7pLsQ9cOiOTPozo5ytHCQbXJ1PV54n4kTLE4Sj,5.204631063298888,39.003207240660245,9.59252514625435
1724700,ckZOxVGA15KlICneOKmROPL3iD7pLsQ9cOiOTPozo5ytHCQbXJ1PV54n4kTLE4Sj,5.563197552104011,39.88400279646549,9.5651041404976
1725000,ckZOxVGA15KlICneOKmROPL3iD7pLsQ9cOiOTPozo5ytHCQbXJ1PV54n4kTLE4Sj,5.579086831983825,45.46129184394752,9.590734699335107
1725300,ckZOxVGA15KlICneOKmROPL3iD7pLsQ9cOiOTPozo5ytHCQbXJ1PV54n4kTLE4Sj,5.858595028786544,44.83353388774,9.644609357302333
1725600,ckZOxVGA15KlICneOKmROPL3iD7pLsQ9cOiOTPozo5ytHCQbXJ1PV54n4kTLE4Sj,5.54129715159176,33.7816482385912,8.096174235612143
1725900,ckZOxVGA15KlICneOKmROPL3iD7pLsQ9cOiOTPozo5ytHCQbXJ1PV54n4kTLE4Sj,5.412032542196033,26.92942129417357,8.152170433760796
1726200,ckZOxVGA15KlICneOKmROPL3iD7pLsQ9cOiOTPozo5ytHCQbXJ1PV54n4kTLE4Sj,5.331260567544408,25.75446214633832,8.170022439213355
1726500,ckZOxVGA15KlICneOKmROPL3iD7pLsQ9cOiOTPozo5ytHCQbXJ1PV54n4kTLE4Sj,5.831109898186026,32.18795245428617,8.177323407925185
1726800,ckZOxVGA15KlICneOKmROPL3iD7pLsQ9cOiOTPozo5ytHCQbXJ1PV54n4kTLE4Sj,6.008588384978955,28.88797080309437,8.459973457285866
1727100,ckZOxVGA15KlICneOKmROPL3iD7pLsQ9cOiOTPozo5ytHCQbXJ1PV54n4kTLE4Sj,5.924941807753459,26.465464105066957,8.21465820455827
1727400,ckZOxVGA15KlICneOKmROPL3iD7pLsQ9cOiOTPozo5ytHCQbXJ1PV54n4kTLE4Sj,6.06378914416739,32.0399726179054,8.290405158405752
1727700,ckZOxVGA15KlICneOKmROPL3iD7pLsQ9cOiOTPozo5ytHCQbXJ1PV54n4kTLE4Sj,6.00907519765967,29.427396096962365,8.419068367656346
1728000,ckZOxVGA15KlICneOKmROPL3iD7pLsQ9cOiOTPozo5ytHCQbXJ1PV54n4kTLE4Sj,5.921592709266236,26.468306068719237,8.368413574150805
1728300,ckZOxVGA15KlICneOKmROPL3iD7pLsQ9cOiOTPozo5ytHCQbXJ1PV54n4kTLE4Sj,5.562659677744697,27.25956401123445,8.356460986481208
1728600,ckZOxVGA15KlICneOKmROPL3iD7pLsQ9cOiOTPozo5ytHCQbXJ1PV54n4kTLE4Sj,5.609225903683169,28.496422101043173,8.381065180475446
1728900,ckZOxVGA15KlICneOKmROPL3iD7pLsQ9cOiOTPozo5ytHCQbXJ1PV54n4kTLE4Sj,5.967270698008991,30.631557111281246,8.385968519254341
1729200,ckZOxVGA15KlICneOKmROPL3iD7pLsQ9cOiOTPozo5ytHCQbXJ1PV54n4kTLE4Sj,5.677392879020392,30.48847000546544,8.446877929366
1729500,ckZOxVGA15KlICneOKmROPL3iD7pLsQ9cOiOTPozo5ytHCQbXJ1PV54n4kTLE4Sj,6.088687134789882,31.915975226116423,8.556712120996627
1729800,ckZOxVGA15KlICneOKmROPL3iD7pLsQ9cOiOTPozo5ytHCQbXJ1PV54n4kTLE4Sj,5.949663703453504,24.870360927842384,8.520820201078726
1730100,ckZOxVGA15KlICneOKmROPL3iD7pLsQ9cOiOTPozo5ytHCQbXJ1PV54n4kTLE4Sj,5.987477592481192,28.7564139615384,8.530393196252977
1730400,ckZOxVGA15KlICneOKmROPL3iD7pLsQ9cOiOTPozo5ytHCQbXJ1PV54n4kTLE4Sj,5.926811287463207,27.430836387591597,10.593581890449595
1730700,ckZOxVGA15KlICneOKmROPL3iD7pLsQ9cOiOTPozo5ytHCQbXJ1PV54n4kTLE4Sj,6.006400759297691,29.409295604887426,10.127487883209422
1731000,ckZOxVGA15KlICneOKmROPL3iD7pLsQ9cOiOTPozo5ytHCQbXJ1PV54n4kTLE4Sj,5.885106701931449,28.413806078582205,10.177468614651705
1731300,ckZOxVGA15KlICneOKmROPL3iD7pLsQ9cOiOTPozo5ytHCQbXJ1PV54n4kTLE4Sj,5.732184224435192,27.53524300234316,10.205691108912792
1731600,ckZOxVGA15KlICneOKmROPL3iD7pLsQ9cOiOTPozo5ytHCQbXJ1PV54n4kTLE4Sj,5.928185282123795,31.50584369779953,10.061513133661151
1731900,ckZOxVGA15KlICneOKmROPL3iD7pLsQ9cOiOTPozo5ytHCQbXJ1PV54n4kTLE4Sj,6.004914872594914,28.208885983404635,9.89539428408764
1732200,ckZOxVGA15KlICneOKmROPL3iD7pLsQ9cOiOTPozo5ytHCQbXJ1PV54n4kTLE4Sj,5.927222863138641,26.948217252936203,9.940875056300653
1732500,ckZOxVGA15KlICneOKmROPL3iD7pLsQ9cOiOTPozo5ytHCQbXJ1PV54n4kTLE4Sj,5.778832851128767,33.24812098897342,9.697503060914226
1732800,ckZOxVGA15KlICneOKmROPL3iD7pLsQ9cOiOTPozo5ytHCQbXJ1PV54n4kTLE4Sj,5.622517525759622,29.508359076136355,9.681522926025234
1733100,ckZOxVGA15KlICneOKmROPL3iD7pLsQ9cOiOTPozo5ytHCQbXJ1PV54n4kTLE4Sj,5.872318098112564,26.419225308762247,9.88258448320484
1733400,ckZOxVGA15KlICneOKmROPL3iD7pLsQ9cOiOTPozo5ytHCQbXJ1PV54n4kTLE4Sj,5.597914559352744,27.65411901300452,9.82183182850785
1733700,ckZOxVGA15KlICneOKmROPL3iD7pLsQ9cOiOTPozo5ytHCQbXJ1PV54n4kTLE4Sj,5.770902253488516,27.869084347699054,9.81325838142998
1734000,ckZOxVGA15KlICneOKmROPL3iD7pLsQ9cOiOTPozo5ytHCQbXJ1PV54n4kTLE4Sj,5.539609007336701,29.867664621920127,9.91729822754726
1734300,ckZOxVGA15KlICneOKmROPL3iD7pLsQ9cOiOTPozo5ytHCQbXJ1PV54n4kTLE4Sj,5.900706078515412,33.81065100097047,9.924515078988128
1734600,ckZOxVGA15KlICneOKmROPL3iD7pLsQ9cOiOTPozo5ytHCQbXJ1PV54n4kTLE4Sj,5.9914276779370015,31.31203957087349,10.358504756650191
1734900,ckZOxVGA15KlICneOKmROPL3iD7pLsQ9cOiOTPozo5ytHCQbXJ1PV54n4kTLE4Sj,5.591748550850005,26.529605687840107,10.004457237065226
1735200,ckZOxVGA15KlICneOKmROPL3iD7pLsQ9cOiOTPozo5ytHCQbXJ1PV54n4kTLE4Sj,5.662904409650663,29.33741848876655,9.967808198663052
1735500,ckZOxVGA15KlICneOKmROPL3iD7pLsQ9cOiOTPozo5ytHCQbXJ1PV54n4kTLE4Sj,6.091083710024169,28.056325403524575,9.998608600979937
1735800,ckZOxVGA15KlICneOKmROPL3iD7pLsQ9cOiOTPozo5ytHCQbXJ1PV54n4kTLE4Sj,5.730024282896156,30.69589049022168,10.054779372520088
1736100,ckZOxVGA15KlICneOKmROPL3iD7pLsQ9cOiOTPozo5ytHCQbXJ1PV54n4kTLE4Sj,5.799605228611076,31.51212706186335,10.073246633479348
1736400,ckZOxVGA15KlICneOKmROPL3iD7pLsQ9cOiOTPozo5ytHCQbXJ1PV54n4kTLE4Sj,6.272530912923132,27.3603805076347,10.102064343459208
1736700,ckZOxVGA15KlICneOKmROPL3iD7pLsQ9cOiOTPozo5ytHCQbXJ1PV54n4kTLE4Sj,6.23042435305738,25.855517300229096,10.138437492659044
1737000,ckZOxVGA15KlICneOKmROPL3iD7pLsQ9cOiOTPozo5ytHCQbXJ1PV54n4kTLE4Sj,6.124928479850721,25.288567017092667,10.132012715847916
1737300,ckZOxVGA15KlICneOKmROPL3iD7pLsQ9cOiOTPozo5ytHCQbXJ1PV54n4kTLE4Sj,5.991133818571058,25.877371808729293,10.144546082070514
1737600,ckZOxVGA15KlICneOKmROPL3iD7pLsQ9cOiOTPozo5ytHCQbXJ1PV54n4kTLE4Sj,6.055078805487612,29.5911904051088,10.16932386749146
1737900,ckZOxVGA15KlICneOKmROPL3iD7pLsQ9cOiOTPozo5ytHCQbXJ1PV54n4kTLE4Sj,5.632041862731751,30.048779217998323,10.151016972310831
1738200,ckZOxVGA15KlICneOKmROPL3iD7pLsQ9cOiOTPozo5ytHCQbXJ1PV54n4kTLE4Sj,5.722565948762754,26.315200186369875,10.602480838136124
1738500,ckZOxVGA15KlICneOKmROPL3iD7pLsQ9cOiOTPozo5ytHCQbXJ1PV54n4kTLE4Sj,6.107435224743969,26.69233615546307,10.160397554176374
1738800,ckZOxVGA15KlICneOKmROPL3iD7pLsQ9cOiOTPozo5ytHCQbXJ1PV54n4kTLE4Sj,6.090690661898629,29.946840392072776,10.11327046950119
1739100,ckZOxVGA15KlICneOKmROPL3iD7pLsQ9cOiOTPozo5ytHCQbXJ1PV54n4kTLE4Sj,6.005516485914704,27.319679284909004,10.117147856568325
1739400,ckZOxVGA15KlICneOKmROPL3iD7pLsQ9cOiOTPozo5ytHCQbXJ1PV54n4kTLE4Sj,5.979923685638888,28.063504510152868,10.168652153363436
1739700,ckZOxVGA15KlICneOKmROPL3iD7pLsQ9cOiOTPozo5ytHCQbXJ1PV54n4kTLE4Sj,5.488166494919214,30.650546331414215,9.50032901202594
1740000,ckZOxVGA15KlICneOKmROPL3iD7pLsQ9cOiOTPozo5ytHCQbXJ1PV54n4kTLE4Sj,5.44231012156979,30.67567336472337,9.527141593057395
1740300,ckZOxVGA15KlICneOKmROPL3iD7pLsQ9cOiOTPozo5ytHCQbXJ1PV54n4kTLE4Sj,5.476823933017001,28.779382447665128,9.48099828796766
1740600,ckZOxVGA15KlICneOKmROPL3iD7pLsQ9cOiOTPozo5ytHCQbXJ1PV54n4kTLE4Sj,5.223135417057153,32.36704246358467,9.19131877342494
1740900,ckZOxVGA15KlICneOKmROPL3iD7pLsQ9cOiOTPozo5ytHCQbXJ1PV54n4kTLE4Sj,5.331157041955836,29.04695578515405,9.24918677634912
1741200,ckZOxVGA15KlICneOKmROPL3iD7pLsQ9cOiOTPozo5ytHCQbXJ1PV54n4kTLE4Sj,5.326721844035621,33.29592921835764,9.419948490126083
1741500,ckZOxVGA15KlICneOKmROPL3iD7pLsQ9cOiOTPozo5ytHCQbXJ1PV54n4kTLE4Sj,4.838723332836641,28.413582212198857,9.49519709468629
1741800,ckZOxVGA15KlICneOKmROPL3iD7pLsQ9cOiOTPozo5ytHCQbXJ1PV54n4kTLE4Sj,4.8325831356707,30.528911844748844,9.606521561791665
1742100,ckZOxVGA15KlICneOKmROPL3iD7pLsQ9cOiOTPozo5ytHCQbXJ1PV54n4kTLE4Sj,5.646510710543697,46.20688200497701,11.152708828561408
1742400,ckZOxVGA15KlICneOKmROPL3iD7pLsQ9cOiOTPozo5ytHCQbXJ1PV54n4kTLE4Sj,5.4031532772118895,39.5708494193987,10.020667051420594
1742700,ckZOxVGA15KlICneOKmROPL3iD7pLsQ9cOiOTPozo5ytHCQbXJ1PV54n4kTLE4Sj,5.332330960049533,34.166339215289284,9.452735544147155
1743000,ckZOxVGA15KlICneOKmROPL3iD7pLsQ9cOiOTPozo5ytHCQbXJ1PV54n4kTLE4Sj,5.837809461862126,34.04289392216186,9.517321971763154
1743300,ckZOxVGA15KlICneOKmROPL3iD7pLsQ9cOiOTPozo5ytHCQbXJ1PV54n4kTLE4Sj,5.247688408242055,31.362099642557084,9.513891965065536
1743600,ckZOxVGA15KlICneOKmROPL3iD7pLsQ9cOiOTPozo5ytHCQbXJ1PV54n4kTLE4Sj,5.5380325453383215,35.880730979182424,9.562307119002012
1743900,ckZOxVGA15KlICneOKmROPL3iD7pLsQ9cOiOTPozo5ytHCQbXJ1PV54n4kTLE4Sj,5.517153889555939,34.525823901047,9.564665019830016
1744200,ckZOxVGA15KlICneOKmROPL3iD7pLsQ9cOiOTPozo5ytHCQbXJ1PV54n4kTLE4Sj,5.414489567909871,32.66022692601444,9.580914847082568
1744500,ckZOxVGA15KlICneOKmROPL3iD7pLsQ9cOiOTPozo5ytHCQbXJ1PV54n4kTLE4Sj,5.752751865351211,39.48092794101499,9.58705560751284
1744800,ckZOxVGA15KlICneOKmROPL3iD7pLsQ9cOiOTPozo5ytHCQbXJ1PV54n4kTLE4Sj,5.664931271983217,20.552410344485093,8.13740389851461
1745100,ckZOxVGA15KlICneOKmROPL3iD7pLsQ9cOiOTPozo5ytHCQbXJ1PV54n4kTLE4Sj,5.674138490589879,21.773642580045912,8.055983403277201
1745400,ckZOxVGA15KlICneOKmROPL3iD7pLsQ9cOiOTPozo5ytHCQbXJ1PV54n4kTLE4Sj,6.04096333258727,36.87524708639456,13.273418181317862
1745700,ckZOxVGA15KlICneOKmROPL3iD7pLsQ9cOiOTPozo5ytHCQbXJ1PV54n4kTLE4Sj,5.890588867071994,22.61541515953692,8.297662108913839
1746000,ckZOxVGA15KlICneOKmROPL3iD7pLsQ9cOiOTPozo5ytHCQbXJ1PV54n4kTLE4Sj,5.864128940459767,17.81704754414412,8.279090308841447
1746300,ckZOxVGA15KlICneOKmROPL3iD7pLsQ9cOiOTPozo5ytHCQbXJ1PV54n4kTLE4Sj,5.269439234479041,18.814450803030507,8.438334475366116
1746600,ckZOxVGA15KlICneOKmROPL3iD7pLsQ9cOiOTPozo5ytHCQbXJ1PV54n4kTLE4Sj,6.005540369852411,26.04728252144904,8.576377193427113
1746900,ckZOxVGA15KlICneOKmROPL3iD7pLsQ9cOiOTPozo5ytHCQbXJ1PV54n4kTLE4Sj,5.806760122384875,20.699436028546774,8.364303236796193
1747200,ckZOxVGA15KlICneOKmROPL3iD7pLsQ9cOiOTPozo5ytHCQbXJ1PV54n4kTLE4Sj,5.994487796889708,21.34059066016207,8.393554359873473
1747500,ckZOxVGA15KlICneOKmROPL3iD7pLsQ9cOiOTPozo5ytHCQbXJ1PV54n4kTLE4Sj,5.761217917567837,25.2480876789569,8.430641622359875
1747800,ckZOxVGA15KlICneOKmROPL3iD7pLsQ9cOiOTPozo5ytHCQbXJ1PV54n4kTLE4Sj,5.4712673588915095,20.19403958106168,8.043666696205454
1748100,ckZOxVGA15KlICneOKmROPL3iD7pLsQ9cOiOTPozo5ytHCQbXJ1PV54n4kTLE4Sj,5.833106235858953,22.664219891559,8.114795793215837
1748400,ckZOxVGA15KlICneOKmROPL3iD7pLsQ9cOiOTPozo5ytHCQbXJ1PV54n4kTLE4Sj,5.2792377809821645,27.277787846568128,7.849484582098919
1748700,ckZOxVGA15KlICneOKmROPL3iD7pLsQ9cOiOTPozo5ytHCQbXJ1PV54n4kTLE4Sj,5.35144145426509,26.216186271924528,7.799047716772669
1749000,ckZOxVGA15KlICneOKmROPL3iD7pLsQ9cOiOTPozo5ytHCQbXJ1PV54n4kTLE4Sj,5.529776682808344,20.792906848444144,7.8796369090862415
1749300,ckZOxVGA15KlICneOKmROPL3iD7pLsQ9cOiOTPozo5ytHCQbXJ1PV54n4kTLE4Sj,5.428914410017574,29.765442295881726,7.925565598442236
1749600,ckZOxVGA15KlICneOKmROPL3iD7pLsQ9cOiOTPozo5ytHCQbXJ1PV54n4kTLE4Sj,5.1567104205286265,47.35679075896829,9.434970687487336
1749900,ckZOxVGA15KlICneOKmROPL3iD7pLsQ9cOiOTPozo5ytHCQbXJ1PV54n4kTLE4Sj,5.449187333315326,41.197011848423045,9.506018582895308
1750200,ckZOxVGA15KlICneOKmROPL3iD7pLsQ9cOiOTPozo5ytHCQbXJ1PV54n4kTLE4Sj,5.699454924092684,39.943839091699815,9.92960370612997
1750500,ckZOxVGA15KlICneOKmROPL3iD7pLsQ9cOiOTPozo5ytHCQbXJ1PV54n4kTLE4Sj,5.2243318437129895,38.3156350298224,9.581118383841284
1750800,ckZOxVGA15KlICneOKmROPL3iD7pLsQ9cOiOTPozo5ytHCQbXJ1PV54n4kTLE4Sj,5.768450199231163,43.23853365466791,9.615963580254554
1751100,ckZOxVGA15KlICneOKmROPL3iD7pLsQ9cOiOTPozo5ytHCQbXJ1PV54n4kTLE4Sj,5.728754835280054,42.11913298112402,9.84660242142884
1751400,ckZOxVGA15KlICneOKmROPL3iD7pLsQ9cOiOTPozo5ytHCQbXJ1PV54n4kTLE4Sj,5.875751214406811,44.41571857376144,9.764325585036339
1751700,ckZOxVGA15KlICneOKmROPL3iD7pLsQ9cOiOTPozo5ytHCQbXJ1PV54n4kTLE4Sj,6.013975970189384,42.39757974742598,9.713938700750344
1752000,ckZOxVGA15KlICneOKmROPL3iD7pLsQ9cOiOTPozo5ytHCQbXJ1PV54n4kTLE4Sj,5.8274932442263525,42.273740208297696,9.794408448195671
1752300,ckZOxVGA15KlICneOKmROPL3iD7pLsQ9cOiOTPozo5ytHCQbXJ1PV54n4kTLE4Sj,5.748886532012733,39.85263254608165,9.79875562651849
1752600,ckZOxVGA15KlICneOKmROPL3iD7pLsQ9cOiOTPozo5ytHCQbXJ1PV54n4kTLE4Sj,5.778170232844924,49.09410829184568,9.879591742475409
1752900,ckZOxVGA15KlICneOKmROPL3iD7pLsQ9cOiOTPozo5ytHCQbXJ1PV54n4kTLE4Sj,5.747541854800273,40.32550378710648,9.999033230268754
1753200,ckZOxVGA15KlICneOKmROPL3iD7pLsQ9cOiOTPozo5ytHCQbXJ1PV54n4kTLE4Sj,6.099979123652108,41.58297043818832,9.924489689784352
1753500,ckZOxVGA15KlICneOKmROPL3iD7pLsQ9cOiOTPozo5ytHCQbXJ1PV54n4kTLE4Sj,6.141303268900324,40.49838715802285,9.950700743938537
1753800,ckZOxVGA15KlICneOKmROPL3iD7pLsQ9cOiOTPozo5ytHCQbXJ1PV54n4kTLE4Sj,5.976626098826782,48.01956509580637,10.085812251631028
1754100,ckZOxVGA15KlICneOKmROPL3iD7pLsQ9cOiOTPozo5ytHCQbXJ1PV54n4kTLE4Sj,5.784541321153604,41.985504339175904,10.046299900835608
1754400,ckZOxVGA15KlICneOKmROPL3iD7pLsQ9cOiOTPozo5ytHCQbXJ1PV54n4kTLE4Sj,5.963480610724389,41.95368630259511,10.443126193724574
1754700,ckZOxVGA15KlICneOKmROPL3iD7pLsQ9cOiOTPozo5ytHCQbXJ1PV54n4kTLE4Sj,5.779795449653516,43.82423969066635,10.20602487851304
1755000,ckZOxVGA15KlICneOKmROPL3iD7pLsQ9cOiOTPozo5ytHCQbXJ1PV54n4kTLE4Sj,6.372550132037756,47.19516758758364,10.111460004906103
1755300,ckZOxVGA15KlICneOKmROPL3iD7pLsQ9cOiOTPozo5ytHCQbXJ1PV54n4kTLE4Sj,6.086724238083344,53.51575230669972,10.128150042061424
1755600,ckZOxVGA15KlICneOKmROPL3iD7pLsQ9cOiOTPozo5ytHCQbXJ1PV54n4kTLE4Sj,5.6774596199410805,46.687757262425805,10.00411813718641
1755900,ckZOxVGA15KlICneOKmROPL3iD7pLsQ9cOiOTPozo5ytHCQbXJ1PV54n4kTLE4Sj,5.806543593351855,45.544639171564,9.897163747700391
1756200,ckZOxVGA15KlICneOKmROPL3iD7pLsQ9cOiOTPozo5ytHCQbXJ1PV54n4kTLE4Sj,5.54049419968337,42.287817290035534,9.851171490338608
1756500,ckZOxVGA15KlICneOKmROPL3iD7pLsQ9cOiOTPozo5ytHCQbXJ1PV54n4kTLE4Sj,5.736140168841494,44.791331634418,9.644116505221952
1756800,ckZOxVGA15KlICneOKmROPL3iD7pLsQ9cOiOTPozo5ytHCQbXJ1PV54n4kTLE4Sj,5.906870681407432,39.26944449627178,9.644394623709076
1757100,ckZOxVGA15KlICneOKmROPL3iD7pLsQ9cOiOTPozo5ytHCQbXJ1PV54n4kTLE4Sj,5.936696564103857,46.24733066028384,9.737377409180478
1757400,ckZOxVGA15KlICneOKmROPL3iD7pLsQ9cOiOTPozo5ytHCQbXJ1PV54n4kTLE4Sj,5.686780214865127,45.03227665009678,9.64748106919556
1757700,ckZOxVGA15KlICneOKmROPL3iD7pLsQ9cOiOTPozo5ytHCQbXJ1PV54n4kTLE4Sj,5.555342681301648,39.464841983403886,9.608875894397809
1758000,ckZOxVGA15KlICneOKmROPL3iD7pLsQ9cOiOTPozo5ytHCQbXJ1PV54n4kTLE4Sj,5.861721369562305,43.83626696737048,10.068362334745764
1758300,ckZOxVGA15KlICneOKmROPL3iD7pLsQ9cOiOTPozo5ytHCQbXJ1PV54n4kTLE4Sj,5.664703574040334,42.57068685693818,9.816214841721903
1758600,ckZOxVGA15KlICneOKmROPL3iD7pLsQ9cOiOTPozo5ytHCQbXJ1PV54n4kTLE4Sj,5.820423010671792,50.52931106166321,9.796465706554622
1758900,ckZOxVGA15KlICneOKmROPL3iD7pLsQ9cOiOTPozo5ytHCQbXJ1PV54n4kTLE4Sj,5.76719237246654,40.05715934647814,9.723992682014334
1759200,ckZOxVGA15KlICneOKmROPL3iD7pLsQ9cOiOTPozo5ytHCQbXJ1PV54n4kTLE4Sj,5.9067232932323455,42.381280099288645,9.885031172353242
1759500,ckZOxVGA15KlICneOKmROPL3iD7pLsQ9cOiOTPozo5ytHCQbXJ1PV54n4kTLE4Sj,5.169708518818852,42.0892175379373,9.972977625483574
1759800,ckZOxVGA15KlICneOKmROPL3iD7pLsQ9cOiOTPozo5ytHCQbXJ1PV54n4kTLE4Sj,5.762660164866529,40.706163898567645,9.842227550643837
1760100,ckZOxVGA15KlICneOKmROPL3iD7pLsQ9cOiOTPozo5ytHCQbXJ1PV54n4kTLE4Sj,5.963470183325712,45.824548136797006,9.894756987571023
1760400,ckZOxVGA15KlICneOKmROPL3iD7pLsQ9cOiOTPozo5ytHCQbXJ1PV54n4kTLE4Sj,5.605678481648602,45.38563672383843,9.90743418840628
1760700,ckZOxVGA15KlICneOKmROPL3iD7pLsQ9cOiOTPozo5ytHCQbXJ1PV54n4kTLE4Sj,5.671613949350379,49.1978443001977,9.936072143263782
1761000,ckZOxVGA15KlICneOKmROPL3iD7pLsQ9cOiOTPozo5ytHCQbXJ1PV54n4kTLE4Sj,5.573774989237519,50.638102526743175,9.99358741231938
1761300,ckZOxVGA15KlICneOKmROPL3iD7pLsQ9cOiOTPozo5ytHCQbXJ1PV54n4kTLE4Sj,5.396048027670718,43.56278396792784,10.028123886505051
1761600,ckZOxVGA15KlICneOKmROPL3iD7pLsQ9cOiOTPozo5ytHCQbXJ1PV54n4kTLE4Sj,5.723586374113494,41.733020883495655,10.049461505200536
1761900,ckZOxVGA15KlICneOKmROPL3iD7pLsQ9cOiOTPozo5ytHCQbXJ1PV54n4kTLE4Sj,5.924528708314192,41.21037010779988,10.0927615314289
1762200,ckZOxVGA15KlICneOKmROPL3iD7pLsQ9cOiOTPozo5ytHCQbXJ1PV54n4kTLE4Sj,6.004052764668712,42.33173401468102,10.52887894533196
1762500,ckZOxVGA15KlICneOKmROPL3iD7pLsQ9cOiOTPozo5ytHCQbXJ1PV54n4kTLE4Sj,6.005049107565579,40.77852123750086,10.147088422544384
1762800,ckZOxVGA15KlICneOKmROPL3iD7pLsQ9cOiOTPozo5ytHCQbXJ1PV54n4kTLE4Sj,6.034777615288388,51.93006275790123,10.192327063410795
1763100,ckZOxVGA15KlICneOKmROPL3iD7pLsQ9cOiOTPozo5ytHCQbXJ1PV54n4kTLE4Sj,6.218559422638501,47.99348402832318,10.245987331828164
1763400,ckZOxVGA15KlICneOKmROPL3iD7pLsQ9cOiOTPozo5ytHCQbXJ1PV54n4kTLE4Sj,6.200884166659046,46.57963775966738,10.29520622872182
1763700,ckZOxVGA15KlICneOKmROPL3iD7pLsQ9cOiOTPozo5ytHCQbXJ1PV54n4kTLE4Sj,5.716936767474075,45.50226077834331,9.984995534581763
1764000,ckZOxVGA15KlICneOKmROPL3iD7pLsQ9cOiOTPozo5ytHCQbXJ1PV54n4kTLE4Sj,6.093266414596896,24.8667073797479,8.362802713387481
1764300,ckZOxVGA15KlICneOKmROPL3iD7pLsQ9cOiOTPozo5ytHCQbXJ1PV54n4kTLE4Sj,5.56341120706424,26.3186186079182,8.186142765396067
1764600,ckZOxVGA15KlICneOKmROPL3iD7pLsQ9cOiOTPozo5ytHCQbXJ1PV54n4kTLE4Sj,5.435985647439919,26.86711463376608,8.09417020177642
1764900,ckZOxVGA15KlICneOKmROPL3iD7pLsQ9cOiOTPozo5ytHCQbXJ1PV54n4kTLE4Sj,5.605126637360076,32.3326338808878,8.078713684669934
1765200,ckZOxVGA15KlICneOKmROPL3iD7pLsQ9cOiOTPozo5ytHCQbXJ1PV54n4kTLE4Sj,5.5846579499353535,29.30295493044672,8.124682874392212
1765500,ckZOxVGA15KlICneOKmROPL3iD7pLsQ9cOiOTPozo5ytHCQbXJ1PV54n4kTLE4Sj,5.3880109756474175,35.008542641747695,8.201957050273
1765800,ckZOxVGA15KlICneOKmROPL3iD7pLsQ9cOiOTPozo5ytHCQbXJ1PV54n4kTLE4Sj,5.798659746244747,32.85067260435092,8.364203632172522
1766100,ckZOxVGA15KlICneOKmROPL3iD7pLsQ9cOiOTPozo5ytHCQbXJ1PV54n4kTLE4Sj,5.808973518717138,34.79290433696168,8.185281063374703
1766400,ckZOxVGA15KlICneOKmROPL3iD7pLsQ9cOiOTPozo5ytHCQbXJ1PV54n4kTLE4Sj,6.047947594684419,31.315761857523565,8.327074894599386
1766700,ckZOxVGA15KlICneOKmROPL3iD7pLsQ9cOiOTPozo5ytHCQbXJ1PV54n4kTLE4Sj,5.843058409963748,24.02651629566251,8.27698635648539
1767000,ckZOxVGA15KlICneOKmROPL3iD7pLsQ9cOiOTPozo5ytHCQbXJ1PV54n4kTLE4Sj,5.410086450045089,28.796216552476555,8.288924406737193
1767300,ckZOxVGA15KlICneOKmROPL3iD7pLsQ9cOiOTPozo5ytHCQbXJ1PV54n4kTLE4Sj,5.795617660093575,28.654796309536675,8.329227414588845
1767600,ckZOxVGA15KlICneOKmROPL3iD7pLsQ9cOiOTPozo5ytHCQbXJ1PV54n4kTLE4Sj,5.815549346204529,26.632826378034665,8.309400883599835
1767900,ckZOxVGA15KlICneOKmROPL3iD7pLsQ9cOiOTPozo5ytHCQbXJ1PV54n4kTLE4Sj,5.957060762525597,28.559271437468635,8.381172303746876
1768200,ckZOxVGA15KlICneOKmROPL3iD7pLsQ9cOiOTPozo5ytHCQbXJ1PV54n4kTLE4Sj,5.835125044771746,30.92505714480903,8.373458353758384
1768500,ckZOxVGA15KlICneOKmROPL3iD7pLsQ9cOiOTPozo5ytHCQbXJ1PV54n4kTLE4Sj,5.861193984905524,33.2313028661048,8.401768935783718
1768800,ckZOxVGA15KlICneOKmROPL3iD7pLsQ9cOiOTPozo5ytHCQbXJ1PV54n4kTLE4Sj,5.885287972193034,46.966812777289846,10.050741993282958
1769100,ckZOxVGA15KlICneOKmROPL3iD7pLsQ9cOiOTPozo5ytHCQbXJ1PV54n4kTLE4Sj,5.7732788098768975,41.463650921865394,10.20231176306672
1769400,ckZOxVGA15KlICneOKmROPL3iD7pLsQ9cOiOTPozo5ytHCQbXJ1PV54n4kTLE4Sj,6.063537665855586,45.21521696446901,10.183588625916082
1769700,ckZOxVGA15KlICneOKmROPL3iD7pLsQ9cOiOTPozo5ytHCQbXJ1PV54n4kTLE4Sj,6.14448088849414,40.177534015587646,10.17655262025998
1770000,ckZOxVGA15KlICneOKmROPL3iD7pLsQ9cOiOTPozo5ytHCQbXJ1PV54n4kTLE4Sj,5.89357809374234,43.3968453683996,10.633512931587248
1770300,ckZOxVGA15KlICneOKmROPL3iD7pLsQ9cOiOTPozo5ytHCQbXJ1PV54n4kTLE4Sj,6.14820155015579,41.246230384964086,10.21359201944078
1770600,ckZOxVGA15KlICneOKmROPL3iD7pLsQ9cOiOTPozo5ytHCQbXJ1PV54n4kTLE4Sj,6.174761928507621,45.63467924250067,10.233857286163204
1770900,ckZOxVGA15KlICneOKmROPL3iD7pLsQ9cOiOTPozo5ytHCQbXJ1PV54n4kTLE4Sj,6.101283963454121,42.13266016433958,10.260541296988189
1771200,ckZOxVGA15KlICneOKmROPL3iD7pLsQ9cOiOTPozo5ytHCQbXJ1PV54n4kTLE4Sj,6.01258107897645,51.0563462663521,10.300504618264148
1771500,ckZOxVGA15KlICneOKmROPL3iD7pLsQ9cOiOTPozo5ytHCQbXJ1PV54n4kTLE4Sj,6.179961201769078,49.116162778622446,10.265933886152322
1771800,ckZOxVGA15KlICneOKmROPL3iD7pLsQ9cOiOTPozo5ytHCQbXJ1PV54n4kTLE4Sj,5.991816383832603,39.963232924670464,10.0530735529996
1772100,ckZOxVGA15KlICneOKmROPL3iD7pLsQ9cOiOTPozo5ytHCQbXJ1PV54n4kTLE4Sj,6.205978320750384,40.25735338296691,10.089456063598726
1772400,ckZOxVGA15KlICneOKmROPL3iD7pLsQ9cOiOTPozo5ytHCQbXJ1PV54n4kTLE4Sj,5.4885109302422315,42.9117603715236,9.395017449060102
1772700,ckZOxVGA15KlICneOKmROPL3iD7pLsQ9cOiOTPozo5ytHCQbXJ1PV54n4kTLE4Sj,5.911976069609282,45.48601661581608,10.19861493468882
1773000,ckZOxVGA15KlICneOKmROPL3iD7pLsQ9cOiOTPozo5ytHCQbXJ1PV54n4kTLE4Sj,5.366348920476653,43.94438751578187,9.623253248339731
1773300,ckZOxVGA15KlICneOKmROPL3iD7pLsQ9cOiOTPozo5ytHCQbXJ1PV54n4kTLE4Sj,5.601151513422661,45.683499792166586,9.865932047981122
1773600,ckZOxVGA15KlICneOKmROPL3iD7pLsQ9cOiOTPozo5ytHCQbXJ1PV54n4kTLE4Sj,5.491305866789034,40.9634521125139,9.782800819150804
1773900,ckZOxVGA15KlICneOKmROPL3iD7pLsQ9cOiOTPozo5ytHCQbXJ1PV54n4kTLE4Sj,6.029759841032599,40.19172957191909,10.027568668677665
1774200,ckZOxVGA15KlICneOKmROPL3iD7pLsQ9cOiOTPozo5ytHCQbXJ1PV54n4kTLE4Sj,5.8937644886087295,44.06027418248327,10.149065420006975
1774500,ckZOxVGA15KlICneOKmROPL3iD7pLsQ9cOiOTPozo5ytHCQbXJ1PV54n4kTLE4Sj,5.506644097865716,43.682353701274046,9.752501250638392
1774800,ckZOxVGA15KlICneOKmROPL3iD7pLsQ9cOiOTPozo5ytHCQbXJ1PV54n4kTLE4Sj,5.684290591565985,40.45164175307278,9.822642097579264
1775100,ckZOxVGA15KlICneOKmROPL3iD7pLsQ9cOiOTPozo5ytHCQbXJ1PV54n4kTLE4Sj,5.851358015254345,44.77415706882975,9.914550314607904
1775400,ckZOxVGA15KlICneOKmROPL3iD7pLsQ9cOiOTPozo5ytHCQbXJ1PV54n4kTLE4Sj,5.6297381786258445,36.425595364619355,9.911715772604317
1775700,ckZOxVGA15KlICneOKmROPL3iD7pLsQ9cOiOTPozo5ytHCQbXJ1PV54n4kTLE4Sj,5.91424616331925,47.764404969223854,9.891459415058245
1776000,ckZOxVGA15KlICneOKmROPL3iD7pLsQ9cOiOTPozo5ytHCQbXJ1PV54n4kTLE4Sj,6.0316037063468295,38.25545413563115,10.008484948775845
1776300,ckZOxVGA15KlICneOKmROPL3iD7pLsQ9cOiOTPozo5ytHCQbXJ1PV54n4kTLE4Sj,6.138170810838941,37.411416749840384,9.964100265208247
1776600,ckZOxVGA15KlICneOKmROPL3iD7pLsQ9cOiOTPozo5ytHCQbXJ1PV54n4kTLE4Sj,5.829540779423734,41.48407879420388,9.849716899531774
1776900,ckZOxVGA15KlICneOKmROPL3iD7pLsQ9cOiOTPozo5ytHCQbXJ1PV54n4kTLE4Sj,6.155172034079512,35.088000955245214,10.098380949065923
1777200,ckZOxVGA15KlICneOKmROPL3iD7pLsQ9cOiOTPozo5ytHCQbXJ1PV54n4kTLE4Sj,5.847570543139987,35.89192714212919,10.089789922327748
1777500,ckZOxVGA15KlICneOKmROPL3iD7pLsQ9cOiOTPozo5ytHCQbXJ1PV54n4kTLE4Sj,5.820302210246081,36.66767500803751,9.748262172030794
1778100,ckZOxVGA15KlICneOKmROPL3iD7pLsQ9cOiOTPozo5ytHCQbXJ1PV54n4kTLE4Sj,6.13780050129578,30.839687878911786,10.607555489495274
1778400,ckZOxVGA15KlICneOKmROPL3iD7pLsQ9cOiOTPozo5ytHCQbXJ1PV54n4kTLE4Sj,6.069862425102468,29.283003530986463,10.004059788031563
1778700,ckZOxVGA15KlICneOKmROPL3iD7pLsQ9cOiOTPozo5ytHCQbXJ1PV54n4kTLE4Sj,5.799487062811073,31.73945151337655,10.217193818716552
1779000,ckZOxVGA15KlICneOKmROPL3iD7pLsQ9cOiOTPozo5ytHCQbXJ1PV54n4kTLE4Sj,5.907980147376788,29.008338529044416,10.088853780653537
1779300,ckZOxVGA15KlICneOKmROPL3iD7pLsQ9cOiOTPozo5ytHCQbXJ1PV54n4kTLE4Sj,5.8038105704721685,31.211801634913584,10.582675335572638
1779600,ckZOxVGA15KlICneOKmROPL3iD7pLsQ9cOiOTPozo5ytHCQbXJ1PV54n4kTLE4Sj,5.977717043898817,28.678174708236767,10.02141582860516
1779900,ckZOxVGA15KlICneOKmROPL3iD7pLsQ9cOiOTPozo5ytHCQbXJ1PV54n4kTLE4Sj,5.658708421725313,25.303558028842023,10.322142566965852
1780200,ckZOxVGA15KlICneOKmROPL3iD7pLsQ9cOiOTPozo5ytHCQbXJ1PV54n4kTLE4Sj,5.226202317914015,26.50961039493517,9.82513555419928
1780500,ckZOxVGA15KlICneOKmROPL3iD7pLsQ9cOiOTPozo5ytHCQbXJ1PV54n4kTLE4Sj,5.695514678605214,27.178352057122837,10.006086303834634
1780800,ckZOxVGA15KlICneOKmROPL3iD7pLsQ9cOiOTPozo5ytHCQbXJ1PV54n4kTLE4Sj,5.5381926569789925,26.094234288383632,9.672474974695776
1781100,ckZOxVGA15KlICneOKmROPL3iD7pLsQ9cOiOTPozo5ytHCQbXJ1PV54n4kTLE4Sj,5.505556838716628,27.35842104668944,9.788766233523818
1781400,ckZOxVGA15KlICneOKmROPL3iD7pLsQ9cOiOTPozo5ytHCQbXJ1PV54n4kTLE4Sj,5.67493076243558,30.239654203567007,9.999261596530022
1781700,ckZOxVGA15KlICneOKmROPL3iD7pLsQ9cOiOTPozo5ytHCQbXJ1PV54n4kTLE4Sj,5.977513474604498,28.529188380389176,10.047382005525542
1782000,ckZOxVGA15KlICneOKmROPL3iD7pLsQ9cOiOTPozo5ytHCQbXJ1PV54n4kTLE4Sj,5.650688564205883,35.21864118118307,9.952293089538067
1782300,ckZOxVGA15KlICneOKmROPL3iD7pLsQ9cOiOTPozo5ytHCQbXJ1PV54n4kTLE4Sj,5.967339731747979,46.16970599150228,11.773484904220489
1782600,ckZOxVGA15KlICneOKmROPL3iD7pLsQ9cOiOTPozo5ytHCQbXJ1PV54n4kTLE4Sj,5.533013848388832,18.6193936372936,7.766968231578637
1782900,ckZOxVGA15KlICneOKmROPL3iD7pLsQ9cOiOTPozo5ytHCQbXJ1PV54n4kTLE4Sj,5.599751755232293,36.71836653879325,12.769856044484891
1783200,ckZOxVGA15KlICneOKmROPL3iD7pLsQ9cOiOTPozo5ytHCQbXJ1PV54n4kTLE4Sj,5.666544575709233,40.34628328458012,16.218354129458124
1783500,ckZOxVGA15KlICneOKmROPL3iD7pLsQ9cOiOTPozo5ytHCQbXJ1PV54n4kTLE4Sj,5.577445140914881,26.1371709229646,8.380414840101889
1783800,ckZOxVGA15KlICneOKmROPL3iD7pLsQ9cOiOTPozo5ytHCQbXJ1PV54n4kTLE4Sj,5.409580821502842,30.54268482917989,8.280119482747583
1784100,ckZOxVGA15KlICneOKmROPL3iD7pLsQ9cOiOTPozo5ytHCQbXJ1PV54n4kTLE4Sj,5.87501699836267,28.56723121607996,8.253579236050832
1784400,ckZOxVGA15KlICneOKmROPL3iD7pLsQ9cOiOTPozo5ytHCQbXJ1PV54n4kTLE4Sj,5.70175773815169,32.431857801108414,8.33644034445926
1784700,ckZOxVGA15KlICneOKmROPL3iD7pLsQ9cOiOTPozo5ytHCQbXJ1PV54n4kTLE4Sj,5.883822321124324,34.44539936521617,8.351743198757841
1785000,ckZOxVGA15KlICneOKmROPL3iD7pLsQ9cOiOTPozo5ytHCQbXJ1PV54n4kTLE4Sj,6.120773707925113,29.97920074480921,8.713473593770871
1785300,ckZOxVGA15KlICneOKmROPL3iD7pLsQ9cOiOTPozo5ytHCQbXJ1PV54n4kTLE4Sj,5.988146006162664,48.94339821411187,13.371214184084774
1785600,ckZOxVGA15KlICneOKmROPL3iD7pLsQ9cOiOTPozo5ytHCQbXJ1PV54n4kTLE4Sj,6.050576403744608,34.97467867679297,8.606878549498578
1785900,ckZOxVGA15KlICneOKmROPL3iD7pLsQ9cOiOTPozo5ytHCQbXJ1PV54n4kTLE4Sj,5.703130681424389,27.309156710118497,8.662312246944959
1786200,ckZOxVGA15KlICneOKmROPL3iD7pLsQ9cOiOTPozo5ytHCQbXJ1PV54n4kTLE4Sj,5.65157928937804,25.45460952583303,8.644135648104939
1786500,ckZOxVGA15KlICneOKmROPL3iD7pLsQ9cOiOTPozo5ytHCQbXJ1PV54n4kTLE4Sj,5.996090373834741,31.31573754938504,8.718458459759303
1786800,ckZOxVGA15KlICneOKmROPL3iD7pLsQ9cOiOTPozo5ytHCQbXJ1PV54n4kTLE4Sj,5.5366835930426745,32.58979438200072,8.69729187449834
1787100,ckZOxVGA15KlICneOKmROPL3iD7pLsQ9cOiOTPozo5ytHCQbXJ1PV54n4kTLE4Sj,6.183790858084238,26.24791254506333,9.114089747629315
1787400,ckZOxVGA15KlICneOKmROPL3iD7pLsQ9cOiOTPozo5ytHCQbXJ1PV54n4kTLE4Sj,6.427739783654141,20.309341635833107,8.849917167342875
1787700,ckZOxVGA15KlICneOKmROPL3iD7pLsQ9cOiOTPozo5ytHCQbXJ1PV54n4kTLE4Sj,5.6136886495913005,19.6885232347481,8.278986554981177
1788000,ckZOxVGA15KlICneOKmROPL3iD7pLsQ9cOiOTPozo5ytHCQbXJ1PV54n4kTLE4Sj,5.7239013934647645,37.82939296590628,9.685911101991401
1788300,ckZOxVGA15KlICneOKmROPL3iD7pLsQ9cOiOTPozo5ytHCQbXJ1PV54n4kTLE4Sj,5.2564658761248255,46.65348588973243,9.369571316458654
1788600,ckZOxVGA15KlICneOKmROPL3iD7pLsQ9cOiOTPozo5ytHCQbXJ1PV54n4kTLE4Sj,4.852237928379268,34.12035032435352,9.358091119986025
1788900,ckZOxVGA15KlICneOKmROPL3iD7pLsQ9cOiOTPozo5ytHCQbXJ1PV54n4kTLE4Sj,5.273421270874846,37.95732951263525,9.819802704346586
1789200,ckZOxVGA15KlICneOKmROPL3iD7pLsQ9cOiOTPozo5ytHCQbXJ1PV54n4kTLE4Sj,5.1853225757313055,48.95503095129606,9.466119351864787
1789500,ckZOxVGA15KlICneOKmROPL3iD7pLsQ9cOiOTPozo5ytHCQbXJ1PV54n4kTLE4Sj,5.130085101282592,41.60848795947376,9.444549569177502
1789800,ckZOxVGA15KlICneOKmROPL3iD7pLsQ9cOiOTPozo5ytHCQbXJ1PV54n4kTLE4Sj,5.484504657401182,41.19922944228374,9.532132422787527
1790100,ckZOxVGA15KlICneOKmROPL3iD7pLsQ9cOiOTPozo5ytHCQbXJ1PV54n4kTLE4Sj,5.3287490908072686,44.176880581956794,9.444092836677434
1790400,ckZOxVGA15KlICneOKmROPL3iD7pLsQ9cOiOTPozo5ytHCQbXJ1PV54n4kTLE4Sj,5.138785112778933,44.95072599471206,9.517960014980762
1790700,ckZOxVGA15KlICneOKmROPL3iD7pLsQ9cOiOTPozo5ytHCQbXJ1PV54n4kTLE4Sj,5.639686434509864,41.36102963558055,9.679667536851053
1791000,ckZOxVGA15KlICneOKmROPL3iD7pLsQ9cOiOTPozo5ytHCQbXJ1PV54n4kTLE4Sj,5.360437540184268,45.98658672536722,9.494391258471444
1791300,ckZOxVGA15KlICneOKmROPL3iD7pLsQ9cOiOTPozo5ytHCQbXJ1PV54n4kTLE4Sj,5.499395960203608,42.31921457194956,9.656758091360931
1791600,ckZOxVGA15KlICneOKmROPL3iD7pLsQ9cOiOTPozo5ytHCQbXJ1PV54n4kTLE4Sj,5.620606923932694,44.17061926100304,9.70559566260329
1791900,ckZOxVGA15KlICneOKmROPL3iD7pLsQ9cOiOTPozo5ytHCQbXJ1PV54n4kTLE4Sj,5.3040458257675915,43.794958944621435,9.611835238707922
1792200,ckZOxVGA15KlICneOKmROPL3iD7pLsQ9cOiOTPozo5ytHCQbXJ1PV54n4kTLE4Sj,5.362396335657841,42.60336631829558,9.702141888770324
1792500,ckZOxVGA15KlICneOKmROPL3iD7pLsQ9cOiOTPozo5ytHCQbXJ1PV54n4kTLE4Sj,5.614189980952589,24.5621217093555,9.744740566925827
1792800,ckZOxVGA15KlICneOKmROPL3iD7pLsQ9cOiOTPozo5ytHCQbXJ1PV54n4kTLE4Sj,5.718129366045824,25.106447530035545,9.769278160715874
1793100,ckZOxVGA15KlICneOKmROPL3iD7pLsQ9cOiOTPozo5ytHCQbXJ1PV54n4kTLE4Sj,5.8883096571762525,24.931040925511493,10.303781326044565
1793400,ckZOxVGA15KlICneOKmROPL3iD7pLsQ9cOiOTPozo5ytHCQbXJ1PV54n4kTLE4Sj,5.774056780979981,31.88964702926912,9.850213733016188
1793700,ckZOxVGA15KlICneOKmROPL3iD7pLsQ9cOiOTPozo5ytHCQbXJ1PV54n4kTLE4Sj,5.59068774434212,23.407543953426348,9.952668407061934
1794000,ckZOxVGA15KlICneOKmROPL3iD7pLsQ9cOiOTPozo5ytHCQbXJ1PV54n4kTLE4Sj,5.585656368472831,28.08790144393253,9.927919291733216
1794300,ckZOxVGA15KlICneOKmROPL3iD7pLsQ9cOiOTPozo5ytHCQbXJ1PV54n4kTLE4Sj,5.738387908073995,27.950219312206688,10.043395960815577
1794600,ckZOxVGA15KlICneOKmROPL3iD7pLsQ9cOiOTPozo5ytHCQbXJ1PV54n4kTLE4Sj,5.5590936685009895,25.3613038398906,9.98529348220538
1794900,ckZOxVGA15KlICneOKmROPL3iD7pLsQ9cOiOTPozo5ytHCQbXJ1PV54n4kTLE4Sj,5.886686324270703,28.449029298550965,9.936117593677944
1795200,ckZOxVGA15KlICneOKmROPL3iD7pLsQ9cOiOTPozo5ytHCQbXJ1PV54n4kTLE4Sj,6.153080644087416,24.592105977761,10.277033146718969
1795500,ckZOxVGA15KlICneOKmROPL3iD7pLsQ9cOiOTPozo5ytHCQbXJ1PV54n4kTLE4Sj,4.945905921314007,25.636418814794617,9.51639297839124
1795800,ckZOxVGA15KlICneOKmROPL3iD7pLsQ9cOiOTPozo5ytHCQbXJ1PV54n4kTLE4Sj,5.368563833615406,22.698756778279755,9.676833633619545
1796100,ckZOxVGA15KlICneOKmROPL3iD7pLsQ9cOiOTPozo5ytHCQbXJ1PV54n4kTLE4Sj,5.251643184638109,27.105154298784015,9.812495724858774
1796400,ckZOxVGA15KlICneOKmROPL3iD7pLsQ9cOiOTPozo5ytHCQbXJ1PV54n4kTLE4Sj,5.272403897443451,27.069481168193462,9.447558735392391
1796700,ckZOxVGA15KlICneOKmROPL3iD7pLsQ9cOiOTPozo5ytHCQbXJ1PV54n4kTLE4Sj,5.774142355572554,32.69690535914131,9.544599308831646
1797000,ckZOxVGA15KlICneOKmROPL3iD7pLsQ9cOiOTPozo5ytHCQbXJ1PV54n4kTLE4Sj,5.608903952934852,27.88881679236259,9.59307923323971
1797300,ckZOxVGA15KlICneOKmROPL3iD7pLsQ9cOiOTPozo5ytHCQbXJ1PV54n4kTLE4Sj,5.336830421691375,29.322363077345127,9.959591560734147
1797600,ckZOxVGA15KlICneOKmROPL3iD7pLsQ9cOiOTPozo5ytHCQbXJ1PV54n4kTLE4Sj,5.2235640093982685,43.77808094667272,9.507626135671297
1797900,ckZOxVGA15KlICneOKmROPL3iD7pLsQ9cOiOTPozo5ytHCQbXJ1PV54n4kTLE4Sj,5.291861354714624,42.16962158884303,12.940998091910068
1798200,ckZOxVGA15KlICneOKmROPL3iD7pLsQ9cOiOTPozo5ytHCQbXJ1PV54n4kTLE4Sj,5.390335638226674,30.12589111611137,9.620525287164073
1798500,ckZOxVGA15KlICneOKmROPL3iD7pLsQ9cOiOTPozo5ytHCQbXJ1PV54n4kTLE4Sj,5.639442581078422,28.13359082290092,9.68878967586851
1798800,ckZOxVGA15KlICneOKmROPL3iD7pLsQ9cOiOTPozo5ytHCQbXJ1PV54n4kTLE4Sj,5.407409133524534,29.58340858339867,9.68248922770691
1799100,ckZOxVGA15KlICneOKmROPL3iD7pLsQ9cOiOTPozo5ytHCQbXJ1PV54n4kTLE4Sj,5.555721526839212,28.334753684673203,9.74513325201747
1799400,ckZOxVGA15KlICneOKmROPL3iD7pLsQ9cOiOTPozo5ytHCQbXJ1PV54n4kTLE4Sj,5.480295863509136,28.90671866501725,9.69195921347691
1799700,ckZOxVGA15KlICneOKmROPL3iD7pLsQ9cOiOTPozo5ytHCQbXJ1PV54n4kTLE4Sj,5.703071491860217,28.336267892798944,9.80299950329044
1800000,ckZOxVGA15KlICneOKmROPL3iD7pLsQ9cOiOTPozo5ytHCQbXJ1PV54n4kTLE4Sj,5.4530960209720085,29.90387763413785,9.760967868057744
1800300,ckZOxVGA15KlICneOKmROPL3iD7pLsQ9cOiOTPozo5ytHCQbXJ1PV54n4kTLE4Sj,5.539674286555624,31.346348805772998,9.761505349732301
1800600,ckZOxVGA15KlICneOKmROPL3iD7pLsQ9cOiOTPozo5ytHCQbXJ1PV54n4kTLE4Sj,5.558446789559062,31.689325387599972,9.810004594066003
1800900,ckZOxVGA15KlICneOKmROPL3iD7pLsQ9cOiOTPozo5ytHCQbXJ1PV54n4kTLE4Sj,5.768247245427414,38.06100023565078,10.260246452969874
1801200,ckZOxVGA15KlICneOKmROPL3iD7pLsQ9cOiOTPozo5ytHCQbXJ1PV54n4kTLE4Sj,5.907145362421538,30.89635822999898,9.890955511819111
1801500,ckZOxVGA15KlICneOKmROPL3iD7pLsQ9cOiOTPozo5ytHCQbXJ1PV54n4kTLE4Sj,6.103071860206857,35.14716770436669,12.77882695511344
1801800,ckZOxVGA15KlICneOKmROPL3iD7pLsQ9cOiOTPozo5ytHCQbXJ1PV54n4kTLE4Sj,6.41171822634966,51.7843817294964,10.73327276968045
1802100,ckZOxVGA15KlICneOKmROPL3iD7pLsQ9cOiOTPozo5ytHCQbXJ1PV54n4kTLE4Sj,6.409962185493093,31.552090137818585,9.07100019101636
1802400,ckZOxVGA15KlICneOKmROPL3iD7pLsQ9cOiOTPozo5ytHCQbXJ1PV54n4kTLE4Sj,6.5987843627631255,31.174132785260728,9.31612587055117
1802700,ckZOxVGA15KlICneOKmROPL3iD7pLsQ9cOiOTPozo5ytHCQbXJ1PV54n4kTLE4Sj,6.6713223805059725,29.9945832529376,9.233426653780063
1803000,ckZOxVGA15KlICneOKmROPL3iD7pLsQ9cOiOTPozo5ytHCQbXJ1PV54n4kTLE4Sj,6.693060283581628,27.773814709142368,9.27981664024212
1803300,ckZOxVGA15KlICneOKmROPL3iD7pLsQ9cOiOTPozo5ytHCQbXJ1PV54n4kTLE4Sj,6.6945816854888,33.533894751574415,9.35962379770546
1803600,ckZOxVGA15KlICneOKmROPL3iD7pLsQ9cOiOTPozo5ytHCQbXJ1PV54n4kTLE4Sj,6.660557263965448,29.48632521327869,9.125445544069633
1803900,ckZOxVGA15KlICneOKmROPL3iD7pLsQ9cOiOTPozo5ytHCQbXJ1PV54n4kTLE4Sj,6.683818278136773,27.2176231436312,9.132532909434346
1804200,ckZOxVGA15KlICneOKmROPL3iD7pLsQ9cOiOTPozo5ytHCQbXJ1PV54n4kTLE4Sj,6.45538885276145,29.36529400261428,9.011786109113903
1804500,ckZOxVGA15KlICneOKmROPL3iD7pLsQ9cOiOTPozo5ytHCQbXJ1PV54n4kTLE4Sj,6.357688919430067,25.90566108833595,8.791208221361053
1804800,ckZOxVGA15KlICneOKmROPL3iD7pLsQ9cOiOTPozo5ytHCQbXJ1PV54n4kTLE4Sj,6.239181289730371,30.88329185493461,8.798621151041758
1805100,ckZOxVGA15KlICneOKmROPL3iD7pLsQ9cOiOTPozo5ytHCQbXJ1PV54n4kTLE4Sj,6.050740878289345,31.410504469415063,9.03668091781806
1805400,ckZOxVGA15KlICneOKmROPL3iD7pLsQ9cOiOTPozo5ytHCQbXJ1PV54n4kTLE4Sj,5.957741278532612,29.91066696736323,8.820149478513464
1805700,ckZOxVGA15KlICneOKmROPL3iD7pLsQ9cOiOTPozo5ytHCQbXJ1PV54n4kTLE4Sj,6.223434782395574,33.53336643877917,8.91987161981362
1806000,ckZOxVGA15KlICneOKmROPL3iD7pLsQ9cOiOTPozo5ytHCQbXJ1PV54n4kTLE4Sj,6.400796598973914,32.09088603004554,10.594424358379287
1806300,ckZOxVGA15KlICneOKmROPL3iD7pLsQ9cOiOTPozo5ytHCQbXJ1PV54n4kTLE4Sj,6.288144411408443,33.03525267839511,10.683089764189493
1806600,ckZOxVGA15KlICneOKmROPL3iD7pLsQ9cOiOTPozo5ytHCQbXJ1PV54n4kTLE4Sj,6.281046417087387,26.998925093255888,10.630959071919374
1806900,ckZOxVGA15KlICneOKmROPL3iD7pLsQ9cOiOTPozo5ytHCQbXJ1PV54n4kTLE4Sj,6.842005356414166,27.09697547461424,10.747144531541688
1807200,ckZOxVGA15KlICneOKmROPL3iD7pLsQ9cOiOTPozo5ytHCQbXJ1PV54n4kTLE4Sj,6.697240990391908,27.538476168479995,10.748013010320904
1807500,ckZOxVGA15KlICneOKmROPL3iD7pLsQ9cOiOTPozo5ytHCQbXJ1PV54n4kTLE4Sj,6.78877811082771,27.88167367613564,10.788123557886172
1807800,ckZOxVGA15KlICneOKmROPL3iD7pLsQ9cOiOTPozo5ytHCQbXJ1PV54n4kTLE4Sj,6.659793713512797,30.71368730607356,10.853846768832804
1808100,ckZOxVGA15KlICneOKmROPL3iD7pLsQ9cOiOTPozo5ytHCQbXJ1PV54n4kTLE4Sj,6.960682172487948,28.081603054106296,10.904287079533194
1808400,ckZOxVGA15KlICneOKmROPL3iD7pLsQ9cOiOTPozo5ytHCQbXJ1PV54n4kTLE4Sj,6.812489735417679,27.01745595451144,10.830036842970788
1808700,ckZOxVGA15KlICneOKmROPL3iD7pLsQ9cOiOTPozo5ytHCQbXJ1PV54n4kTLE4Sj,6.668933346881937,29.01024430712356,11.396411014991664
1809000,ckZOxVGA15KlICneOKmROPL3iD7pLsQ9cOiOTPozo5ytHCQbXJ1PV54n4kTLE4Sj,6.41442619738387,30.246789932356588,10.875925482149553
1809300,ckZOxVGA15KlICneOKmROPL3iD7pLsQ9cOiOTPozo5ytHCQbXJ1PV54n4kTLE4Sj,6.730316949800532,30.192942702065448,10.911435678609728
1809600,ckZOxVGA15KlICneOKmROPL3iD7pLsQ9cOiOTPozo5ytHCQbXJ1PV54n4kTLE4Sj,6.645222093714378,31.63967795742359,11.283228146120653
1809900,ckZOxVGA15KlICneOKmROPL3iD7pLsQ9cOiOTPozo5ytHCQbXJ1PV54n4kTLE4Sj,6.194691194373853,34.087929764819044,10.83998035377221
1810200,ckZOxVGA15KlICneOKmROPL3iD7pLsQ9cOiOTPozo5ytHCQbXJ1PV54n4kTLE4Sj,6.453216019300741,35.63236628236496,10.991423123885038
1810500,ckZOxVGA15KlICneOKmROPL3iD7pLsQ9cOiOTPozo5ytHCQbXJ1PV54n4kTLE4Sj,6.67089895446803,33.619048027938135,11.052936504736788
1810800,ckZOxVGA15KlICneOKmROPL3iD7pLsQ9cOiOTPozo5ytHCQbXJ1PV54n4kTLE4Sj,6.640944974005262,36.310644492660224,11.018061385434253
1811100,ckZOxVGA15KlICneOKmROPL3iD7pLsQ9cOiOTPozo5ytHCQbXJ1PV54n4kTLE4Sj,6.538164672319914,32.44948511205916,11.034925709921067
1811400,ckZOxVGA15KlICneOKmROPL3iD7pLsQ9cOiOTPozo5ytHCQbXJ1PV54n4kTLE4Sj,7.194433267114804,41.77981228465167,11.101147794388933
1811700,ckZOxVGA15KlICneOKmROPL3iD7pLsQ9cOiOTPozo5ytHCQbXJ1PV54n4kTLE4Sj,6.595933088961718,42.54897122447037,10.759636923289513
1812000,ckZOxVGA15KlICneOKmROPL3iD7pLsQ9cOiOTPozo5ytHCQbXJ1PV54n4kTLE4Sj,6.81086446985321,46.34476825838693,10.817512034096175
1812300,ckZOxVGA15KlICneOKmROPL3iD7pLsQ9cOiOTPozo5ytHCQbXJ1PV54n4kTLE4Sj,6.5701213223773145,41.132154724678,10.556557208432237
1812600,ckZOxVGA15KlICneOKmROPL3iD7pLsQ9cOiOTPozo5ytHCQbXJ1PV54n4kTLE4Sj,6.5481436517345575,41.1871406594596,10.427848580396727
1812900,ckZOxVGA15KlICneOKmROPL3iD7pLsQ9cOiOTPozo5ytHCQbXJ1PV54n4kTLE4Sj,6.392220665862012,41.47515695143327,10.950113218392396
1813200,ckZOxVGA15KlICneOKmROPL3iD7pLsQ9cOiOTPozo5ytHCQbXJ1PV54n4kTLE4Sj,6.188938894329456,43.17571772545928,10.634900935010345
1813500,ckZOxVGA15KlICneOKmROPL3iD7pLsQ9cOiOTPozo5ytHCQbXJ1PV54n4kTLE4Sj,6.742043828762929,34.200199327322366,10.615319145076786
1813800,ckZOxVGA15KlICneOKmROPL3iD7pLsQ9cOiOTPozo5ytHCQbXJ1PV54n4kTLE4Sj,6.202266987014723,35.81886809430724,10.65081365494753
1814100,ckZOxVGA15KlICneOKmROPL3iD7pLsQ9cOiOTPozo5ytHCQbXJ1PV54n4kTLE4Sj,6.9081232891766176,33.67151712768656,10.76936993033698
1814400,ckZOxVGA15KlICneOKmROPL3iD7pLsQ9cOiOTPozo5ytHCQbXJ1PV54n4kTLE4Sj,6.5820261447255275,32.05923049226232,10.707216027255368
1814700,ckZOxVGA15KlICneOKmROPL3iD7pLsQ9cOiOTPozo5ytHCQbXJ1PV54n4kTLE4Sj,6.813410737107264,34.19206833969672,10.758524641318132
1815000,ckZOxVGA15KlICneOKmROPL3iD7pLsQ9cOiOTPozo5ytHCQbXJ1PV54n4kTLE4Sj,6.6159205365843246,35.68238508073801,10.813808454511452
1815300,ckZOxVGA15KlICneOKmROPL3iD7pLsQ9cOiOTPozo5ytHCQbXJ1PV54n4kTLE4Sj,6.591894810164588,34.34555397987988,10.84590842043375
1815600,ckZOxVGA15KlICneOKmROPL3iD7pLsQ9cOiOTPozo5ytHCQbXJ1PV54n4kTLE4Sj,6.627063777956057,36.736046028473794,10.831816493839073
1815900,ckZOxVGA15KlICneOKmROPL3iD7pLsQ9cOiOTPozo5ytHCQbXJ1PV54n4kTLE4Sj,6.929942977684833,31.240313031741497,10.990015433396454
1816200,ckZOxVGA15KlICneOKmROPL3iD7pLsQ9cOiOTPozo5ytHCQbXJ1PV54n4kTLE4Sj,6.841136004853095,36.341458977346434,10.917081254501634
1816500,ckZOxVGA15KlICneOKmROPL3iD7pLsQ9cOiOTPozo5ytHCQbXJ1PV54n4kTLE4Sj,6.913171358964221,34.519256927183164,11.350530757695486
1816800,ckZOxVGA15KlICneOKmROPL3iD7pLsQ9cOiOTPozo5ytHCQbXJ1PV54n4kTLE4Sj,6.794399585263669,33.798038357409574,11.000772693942404
1817100,ckZOxVGA15KlICneOKmROPL3iD7pLsQ9cOiOTPozo5ytHCQbXJ1PV54n4kTLE4Sj,7.120193779921006,33.684649363420085,10.99163830921289
1817400,ckZOxVGA15KlICneOKmROPL3iD7pLsQ9cOiOTPozo5ytHCQbXJ1PV54n4kTLE4Sj,6.991093401634831,38.155332468930986,10.99204644616165
1817700,ckZOxVGA15KlICneOKmROPL3iD7pLsQ9cOiOTPozo5ytHCQbXJ1PV54n4kTLE4Sj,6.775192754338208,38.26271144252878,11.088406604538363
1818000,ckZOxVGA15KlICneOKmROPL3iD7pLsQ9cOiOTPozo5ytHCQbXJ1PV54n4kTLE4Sj,6.735774930097204,38.0301239971454,11.095609744503813
1818300,ckZOxVGA15KlICneOKmROPL3iD7pLsQ9cOiOTPozo5ytHCQbXJ1PV54n4kTLE4Sj,7.049120448567157,32.318652408435064,9.525965472445204
1818600,ckZOxVGA15KlICneOKmROPL3iD7pLsQ9cOiOTPozo5ytHCQbXJ1PV54n4kTLE4Sj,6.824019987777715,25.99541086520365,9.531559680455805
1818900,ckZOxVGA15KlICneOKmROPL3iD7pLsQ9cOiOTPozo5ytHCQbXJ1PV54n4kTLE4Sj,7.050339231152496,34.79533929198871,9.576972255954816
1819200,ckZOxVGA15KlICneOKmROPL3iD7pLsQ9cOiOTPozo5ytHCQbXJ1PV54n4kTLE4Sj,7.349775010995027,29.006165848190857,9.635868587344119
1819500,ckZOxVGA15KlICneOKmROPL3iD7pLsQ9cOiOTPozo5ytHCQbXJ1PV54n4kTLE4Sj,7.0015511195472575,29.7323765369418,9.618725869100356
1819800,ckZOxVGA15KlICneOKmROPL3iD7pLsQ9cOiOTPozo5ytHCQbXJ1PV54n4kTLE4Sj,6.850725106264845,30.357800416922466,9.37996854828018
1820100,ckZOxVGA15KlICneOKmROPL3iD7pLsQ9cOiOTPozo5ytHCQbXJ1PV54n4kTLE4Sj,6.965365531897136,26.635811629048135,9.317784107592336
1820400,ckZOxVGA15KlICneOKmROPL3iD7pLsQ9cOiOTPozo5ytHCQbXJ1PV54n4kTLE4Sj,6.653942943296824,26.382810746419285,9.126993206701034
1820700,ckZOxVGA15KlICneOKmROPL3iD7pLsQ9cOiOTPozo5ytHCQbXJ1PV54n4kTLE4Sj,6.727373834250658,27.95752662186919,11.030570719272236
1821000,ckZOxVGA15KlICneOKmROPL3iD7pLsQ9cOiOTPozo5ytHCQbXJ1PV54n4kTLE4Sj,6.625064620527757,28.406080604803524,9.117393413801251
1821300,ckZOxVGA15KlICneOKmROPL3iD7pLsQ9cOiOTPozo5ytHCQbXJ1PV54n4kTLE4Sj,6.478024896006528,30.672858144631576,9.140319792529741
1821600,ckZOxVGA15KlICneOKmROPL3iD7pLsQ9cOiOTPozo5ytHCQbXJ1PV54n4kTLE4Sj,6.582435097072516,32.48925568857832,9.075938452764486
1821900,ckZOxVGA15KlICneOKmROPL3iD7pLsQ9cOiOTPozo5ytHCQbXJ1PV54n4kTLE4Sj,6.780905376826301,24.42298189315366,9.099225905110922
1822200,ckZOxVGA15KlICneOKmROPL3iD7pLsQ9cOiOTPozo5ytHCQbXJ1PV54n4kTLE4Sj,6.680968427828521,41.42581361199345,10.754998775809009
1822500,ckZOxVGA15KlICneOKmROPL3iD7pLsQ9cOiOTPozo5ytHCQbXJ1PV54n4kTLE4Sj,6.9237280098385465,45.88618336498228,10.66685993885334
1822800,ckZOxVGA15KlICneOKmROPL3iD7pLsQ9cOiOTPozo5ytHCQbXJ1PV54n4kTLE4Sj,6.638831798565801,40.397227128469446,10.655796641922992
1823100,ckZOxVGA15KlICneOKmROPL3iD7pLsQ9cOiOTPozo5ytHCQbXJ1PV54n4kTLE4Sj,6.379333228639997,41.21189854502186,10.794286435090005
1823400,ckZOxVGA15KlICneOKmROPL3iD7pLsQ9cOiOTPozo5ytHCQbXJ1PV54n4kTLE4Sj,6.576393969727062,43.2155027490254,10.784419187345796
1823700,ckZOxVGA15KlICneOKmROPL3iD7pLsQ9cOiOTPozo5ytHCQbXJ1PV54n4kTLE4Sj,6.6529804780931325,25.93713200665038,10.831800656964928
1824000,ckZOxVGA15KlICneOKmROPL3iD7pLsQ9cOiOTPozo5ytHCQbXJ1PV54n4kTLE4Sj,6.945031537524902,29.68136343929076,10.968405375735648
1824300,ckZOxVGA15KlICneOKmROPL3iD7pLsQ9cOiOTPozo5ytHCQbXJ1PV54n4kTLE4Sj,6.94786974133358,25.57863039237672,10.924597203164865
1824600,ckZOxVGA15KlICneOKmROPL3iD7pLsQ9cOiOTPozo5ytHCQbXJ1PV54n4kTLE4Sj,6.740917393241295,30.45522033400829,11.003788657077246
1824900,ckZOxVGA15KlICneOKmROPL3iD7pLsQ9cOiOTPozo5ytHCQbXJ1PV54n4kTLE4Sj,7.135290884071012,46.584412773211646,11.382965463661328
1825200,ckZOxVGA15KlICneOKmROPL3iD7pLsQ9cOiOTPozo5ytHCQbXJ1PV54n4kTLE4Sj,7.015157214619079,42.768042705375095,11.003103330714533
1825500,ckZOxVGA15KlICneOKmROPL3iD7pLsQ9cOiOTPozo5ytHCQbXJ1PV54n4kTLE4Sj,7.068567538083872,45.42409166305946,11.05614843912797
1825800,ckZOxVGA15KlICneOKmROPL3iD7pLsQ9cOiOTPozo5ytHCQbXJ1PV54n4kTLE4Sj,7.07038001003749,50.68271135939581,11.047873538423469
1826100,ckZOxVGA15KlICneOKmROPL3iD7pLsQ9cOiOTPozo5ytHCQbXJ1PV54n4kTLE4Sj,7.109125442096313,44.628757007110856,11.081472545913652
1826400,ckZOxVGA15KlICneOKmROPL3iD7pLsQ9cOiOTPozo5ytHCQbXJ1PV54n4kTLE4Sj,6.9919255583319115,43.66127548770484,11.091319411306651
1826700,ckZOxVGA15KlICneOKmROPL3iD7pLsQ9cOiOTPozo5ytHCQbXJ1PV54n4kTLE4Sj,7.290847891942301,41.04237555867898,11.298013113295838
1827000,ckZOxVGA15KlICneOKmROPL3iD7pLsQ9cOiOTPozo5ytHCQbXJ1PV54n4kTLE4Sj,7.304909506071338,46.76712266050807,11.158096793132469
1827300,ckZOxVGA15KlICneOKmROPL3iD7pLsQ9cOiOTPozo5ytHCQbXJ1PV54n4kTLE4Sj,7.263423890279757,41.14728032633677,11.158369433024934
1827600,ckZOxVGA15KlICneOKmROPL3iD7pLsQ9cOiOTPozo5ytHCQbXJ1PV54n4kTLE4Sj,6.946251596936644,42.70983061267188,11.055088006808411
1827900,ckZOxVGA15KlICneOKmROPL3iD7pLsQ9cOiOTPozo5ytHCQbXJ1PV54n4kTLE4Sj,6.437947654616778,44.596771885802106,10.644696162231558
1828200,ckZOxVGA15KlICneOKmROPL3iD7pLsQ9cOiOTPozo5ytHCQbXJ1PV54n4kTLE4Sj,6.4289978592023935,39.5241248859132,10.751355571061756
1828500,ckZOxVGA15KlICneOKmROPL3iD7pLsQ9cOiOTPozo5ytHCQbXJ1PV54n4kTLE4Sj,6.658602553023342,46.87280085139593,11.07689321911675
1828800,ckZOxVGA15KlICneOKmROPL3iD7pLsQ9cOiOTPozo5ytHCQbXJ1PV54n4kTLE4Sj,6.396763290106182,41.98783154576499,10.617372005102805
1829100,ckZOxVGA15KlICneOKmROPL3iD7pLsQ9cOiOTPozo5ytHCQbXJ1PV54n4kTLE4Sj,6.475160430637188,47.494829634622874,10.604641927109787
1829400,ckZOxVGA15KlICneOKmROPL3iD7pLsQ9cOiOTPozo5ytHCQbXJ1PV54n4kTLE4Sj,6.940023256977304,48.747847607034736,10.677205352307334
1829700,ckZOxVGA15KlICneOKmROPL3iD7pLsQ9cOiOTPozo5ytHCQbXJ1PV54n4kTLE4Sj,6.733219627888024,48.905985461793335,10.713040653152296
1830000,ckZOxVGA15KlICneOKmROPL3iD7pLsQ9cOiOTPozo5ytHCQbXJ1PV54n4kTLE4Sj,6.95005887287098,36.6273911381445,10.79064619103124
1830300,ckZOxVGA15KlICneOKmROPL3iD7pLsQ9cOiOTPozo5ytHCQbXJ1PV54n4kTLE4Sj,6.637036255029048,38.5206128477445,10.807929784983624
1830600,ckZOxVGA15KlICneOKmROPL3iD7pLsQ9cOiOTPozo5ytHCQbXJ1PV54n4kTLE4Sj,6.531656795001223,35.70575158826512,10.677797011481609
1830900,ckZOxVGA15KlICneOKmROPL3iD7pLsQ9cOiOTPozo5ytHCQbXJ1PV54n4kTLE4Sj,6.629694928158757,35.12106218094016,10.811357011612484
1831200,ckZOxVGA15KlICneOKmROPL3iD7pLsQ9cOiOTPozo5ytHCQbXJ1PV54n4kTLE4Sj,7.078748821955953,38.905507667543446,10.889714284845576
1831500,ckZOxVGA15KlICneOKmROPL3iD7pLsQ9cOiOTPozo5ytHCQbXJ1PV54n4kTLE4Sj,6.83700885372571,30.81264458682516,10.884022386333326
1831800,ckZOxVGA15KlICneOKmROPL3iD7pLsQ9cOiOTPozo5ytHCQbXJ1PV54n4kTLE4Sj,6.985095206801264,51.116549555078784,16.9426157961325
1832100,ckZOxVGA15KlICneOKmROPL3iD7pLsQ9cOiOTPozo5ytHCQbXJ1PV54n4kTLE4Sj,6.939048004916872,39.001063052334274,11.084599854467095
1832400,ckZOxVGA15KlICneOKmROPL3iD7pLsQ9cOiOTPozo5ytHCQbXJ1PV54n4kTLE4Sj,6.994789986959675,33.366654070855255,11.072062854624972
1832700,ckZOxVGA15KlICneOKmROPL3iD7pLsQ9cOiOTPozo5ytHCQbXJ1PV54n4kTLE4Sj,7.117665407061461,33.273073869773896,11.403485625090514
1833000,ckZOxVGA15KlICneOKmROPL3iD7pLsQ9cOiOTPozo5ytHCQbXJ1PV54n4kTLE4Sj,7.029365489695931,34.89427371138269,11.148817252774377
1833300,ckZOxVGA15KlICneOKmROPL3iD7pLsQ9cOiOTPozo5ytHCQbXJ1PV54n4kTLE4Sj,6.441069799300829,37.19279663629302,11.04164458863632
1833600,ckZOxVGA15KlICneOKmROPL3iD7pLsQ9cOiOTPozo5ytHCQbXJ1PV54n4kTLE4Sj,6.865645641339442,36.98431129182397,11.052137792863585
1833900,ckZOxVGA15KlICneOKmROPL3iD7pLsQ9cOiOTPozo5ytHCQbXJ1PV54n4kTLE4Sj,6.991576735838022,41.29540437042504,11.334090461174998
1834200,ckZOxVGA15KlICneOKmROPL3iD7pLsQ9cOiOTPozo5ytHCQbXJ1PV54n4kTLE4Sj,6.918650477237474,38.1126820067918,10.976592609160983
1834500,ckZOxVGA15KlICneOKmROPL3iD7pLsQ9cOiOTPozo5ytHCQbXJ1PV54n4kTLE4Sj,6.986851244183169,23.383924241523275,9.475788962346256
1834800,ckZOxVGA15KlICneOKmROPL3iD7pLsQ9cOiOTPozo5ytHCQbXJ1PV54n4kTLE4Sj,6.740524339717452,23.40704474018147,9.487667167613017
1835100,ckZOxVGA15KlICneOKmROPL3iD7pLsQ9cOiOTPozo5ytHCQbXJ1PV54n4kTLE4Sj,7.048468639795873,18.30604791669518,9.4374069336158
1835400,ckZOxVGA15KlICneOKmROPL3iD7pLsQ9cOiOTPozo5ytHCQbXJ1PV54n4kTLE4Sj,7.314565682040023,23.985821463376062,9.46958539513494
1835700,ckZOxVGA15KlICneOKmROPL3iD7pLsQ9cOiOTPozo5ytHCQbXJ1PV54n4kTLE4Sj,6.739902482544697,24.57079824981236,9.26297083659776
1836000,ckZOxVGA15KlICneOKmROPL3iD7pLsQ9cOiOTPozo5ytHCQbXJ1PV54n4kTLE4Sj,6.420087622962834,23.52332379119092,8.864307415436127
1836300,ckZOxVGA15KlICneOKmROPL3iD7pLsQ9cOiOTPozo5ytHCQbXJ1PV54n4kTLE4Sj,6.242708566295161,24.29301499168358,8.725750617584488
1836600,ckZOxVGA15KlICneOKmROPL3iD7pLsQ9cOiOTPozo5ytHCQbXJ1PV54n4kTLE4Sj,6.181120303450422,21.15184044053722,8.565080490038131
1836900,ckZOxVGA15KlICneOKmROPL3iD7pLsQ9cOiOTPozo5ytHCQbXJ1PV54n4kTLE4Sj,6.086240045244051,26.148760566224578,8.616609340860968
1837200,ckZOxVGA15KlICneOKmROPL3iD7pLsQ9cOiOTPozo5ytHCQbXJ1PV54n4kTLE4Sj,6.378336191386734,32.8251369159927,8.674675255347008
1837500,ckZOxVGA15KlICneOKmROPL3iD7pLsQ9cOiOTPozo5ytHCQbXJ1PV54n4kTLE4Sj,6.178423718479169,31.941994019588087,8.87008486094861
1837800,ckZOxVGA15KlICneOKmROPL3iD7pLsQ9cOiOTPozo5ytHCQbXJ1PV54n4kTLE4Sj,6.117866338205942,23.993543816772927,8.749503880180383
1838100,ckZOxVGA15KlICneOKmROPL3iD7pLsQ9cOiOTPozo5ytHCQbXJ1PV54n4kTLE4Sj,6.347371376477389,25.72951803419452,8.74656108321367
1838400,ckZOxVGA15KlICneOKmROPL3iD7pLsQ9cOiOTPozo5ytHCQbXJ1PV54n4kTLE4Sj,6.079281230724976,26.3007356815667,8.845504618213955
1838700,ckZOxVGA15KlICneOKmROPL3iD7pLsQ9cOiOTPozo5ytHCQbXJ1PV54n4kTLE4Sj,6.375231715010825,30.759401724852285,10.467451584911789
1839000,ckZOxVGA15KlICneOKmROPL3iD7pLsQ9cOiOTPozo5ytHCQbXJ1PV54n4kTLE4Sj,6.139963456622832,27.819403192526718,10.507693936554253
1839300,ckZOxVGA15KlICneOKmROPL3iD7pLsQ9cOiOTPozo5ytHCQbXJ1PV54n4kTLE4Sj,6.377292812036934,46.23391932160904,10.523613920170208
1839600,ckZOxVGA15KlICneOKmROPL3iD7pLsQ9cOiOTPozo5ytHCQbXJ1PV54n4kTLE4Sj,6.55860000861029,43.59877539933724,10.524387820107808
1839900,ckZOxVGA15KlICneOKmROPL3iD7pLsQ9cOiOTPozo5ytHCQbXJ1PV54n4kTLE4Sj,6.433751149202115,46.61300385461946,10.55000436278542
1840200,ckZOxVGA15KlICneOKmROPL3iD7pLsQ9cOiOTPozo5ytHCQbXJ1PV54n4kTLE4Sj,6.217831415303462,45.19996006166468,10.623367492774443
1840500,ckZOxVGA15KlICneOKmROPL3iD7pLsQ9cOiOTPozo5ytHCQbXJ1PV54n4kTLE4Sj,6.5017455216248905,47.01290977665216,10.97531991656002
1840800,ckZOxVGA15KlICneOKmROPL3iD7pLsQ9cOiOTPozo5ytHCQbXJ1PV54n4kTLE4Sj,6.665763773256297,43.59002634337234,10.70248375948452
1841100,ckZOxVGA15KlICneOKmROPL3iD7pLsQ9cOiOTPozo5ytHCQbXJ1PV54n4kTLE4Sj,6.9513949370104156,39.9307262291672,10.98210541181266
1841400,ckZOxVGA15KlICneOKmROPL3iD7pLsQ9cOiOTPozo5ytHCQbXJ1PV54n4kTLE4Sj,6.512235617658772,51.798634428683314,10.775839264247912
1841700,ckZOxVGA15KlICneOKmROPL3iD7pLsQ9cOiOTPozo5ytHCQbXJ1PV54n4kTLE4Sj,6.552692574587901,41.66788393381088,10.857845945523415
1842000,ckZOxVGA15KlICneOKmROPL3iD7pLsQ9cOiOTPozo5ytHCQbXJ1PV54n4kTLE4Sj,6.710493218461988,42.34965957610304,11.07295729871248
1842300,ckZOxVGA15KlICneOKmROPL3iD7pLsQ9cOiOTPozo5ytHCQbXJ1PV54n4kTLE4Sj,6.890559894618624,44.26467928012976,11.043367305420317
1842600,ckZOxVGA15KlICneOKmROPL3iD7pLsQ9cOiOTPozo5ytHCQbXJ1PV54n4kTLE4Sj,6.7496661170729455,41.73368904826916,11.14721412515601
1842900,ckZOxVGA15KlICneOKmROPL3iD7pLsQ9cOiOTPozo5ytHCQbXJ1PV54n4kTLE4Sj,7.053727711963095,46.30050267835787,11.173224148505703
1843200,ckZOxVGA15KlICneOKmROPL3iD7pLsQ9cOiOTPozo5ytHCQbXJ1PV54n4kTLE4Sj,6.9091107012402,46.33013599748924,11.158273016027682
1843500,ckZOxVGA15KlICneOKmROPL3iD7pLsQ9cOiOTPozo5ytHCQbXJ1PV54n4kTLE4Sj,6.82284943426176,47.060484904478606,10.859552812426166
1843800,ckZOxVGA15KlICneOKmROPL3iD7pLsQ9cOiOTPozo5ytHCQbXJ1PV54n4kTLE4Sj,6.66790503559599,43.728655941843435,10.932030618465568
1844100,ckZOxVGA15KlICneOKmROPL3iD7pLsQ9cOiOTPozo5ytHCQbXJ1PV54n4kTLE4Sj,6.504270821598544,40.37286939807612,10.56305284289162
1844400,ckZOxVGA15KlICneOKmROPL3iD7pLsQ9cOiOTPozo5ytHCQbXJ1PV54n4kTLE4Sj,6.296244684581655,41.13217988986481,10.316852203667548
1844700,ckZOxVGA15KlICneOKmROPL3iD7pLsQ9cOiOTPozo5ytHCQbXJ1PV54n4kTLE4Sj,6.0605918481232814,41.087220805038406,10.897623268822024
1845000,ckZOxVGA15KlICneOKmROPL3iD7pLsQ9cOiOTPozo5ytHCQbXJ1PV54n4kTLE4Sj,6.451774429634256,41.573089427637896,10.369910537405506
1845300,ckZOxVGA15KlICneOKmROPL3iD7pLsQ9cOiOTPozo5ytHCQbXJ1PV54n4kTLE4Sj,6.2002780323170334,41.3161226382231,10.481851999620966
1845600,ckZOxVGA15KlICneOKmROPL3iD7pLsQ9cOiOTPozo5ytHCQbXJ1PV54n4kTLE4Sj,6.270485902654441,37.39331096375376,10.475074192891302
1845900,ckZOxVGA15KlICneOKmROPL3iD7pLsQ9cOiOTPozo5ytHCQbXJ1PV54n4kTLE4Sj,6.318268620959094,41.98581301546827,10.572928881084795
1846200,ckZOxVGA15KlICneOKmROPL3iD7pLsQ9cOiOTPozo5ytHCQbXJ1PV54n4kTLE4Sj,6.652151295603723,34.10478577167257,10.625052224187463
1846500,ckZOxVGA15KlICneOKmROPL3iD7pLsQ9cOiOTPozo5ytHCQbXJ1PV54n4kTLE4Sj,6.370614237033028,29.358834354700097,10.709153825663211
1846800,ckZOxVGA15KlICneOKmROPL3iD7pLsQ9cOiOTPozo5ytHCQbXJ1PV54n4kTLE4Sj,6.601006363166586,34.35414710592956,10.636462274416976
1847100,ckZOxVGA15KlICneOKmROPL3iD7pLsQ9cOiOTPozo5ytHCQbXJ1PV54n4kTLE4Sj,6.700978003538155,29.653957076200967,10.744268118605714
1847400,ckZOxVGA15KlICneOKmROPL3iD7pLsQ9cOiOTPozo5ytHCQbXJ1PV54n4kTLE4Sj,6.478498004326323,30.460061385759083,10.7706405092198
1847700,ckZOxVGA15KlICneOKmROPL3iD7pLsQ9cOiOTPozo5ytHCQbXJ1PV54n4kTLE4Sj,6.401445042323956,32.18129440347813,10.725983299818148
1848000,ckZOxVGA15KlICneOKmROPL3iD7pLsQ9cOiOTPozo5ytHCQbXJ1PV54n4kTLE4Sj,6.243035763834713,37.67817416552405,10.741479904378668
1848300,ckZOxVGA15KlICneOKmROPL3iD7pLsQ9cOiOTPozo5ytHCQbXJ1PV54n4kTLE4Sj,6.736378706073902,33.018834482396564,10.742329660409546
1848600,ckZOxVGA15KlICneOKmROPL3iD7pLsQ9cOiOTPozo5ytHCQbXJ1PV54n4kTLE4Sj,6.621863941243806,31.704004482488045,10.736220591281391
1848900,ckZOxVGA15KlICneOKmROPL3iD7pLsQ9cOiOTPozo5ytHCQbXJ1PV54n4kTLE4Sj,6.47661070878687,33.65318537005266,11.21511081852459
1849200,ckZOxVGA15KlICneOKmROPL3iD7pLsQ9cOiOTPozo5ytHCQbXJ1PV54n4kTLE4Sj,6.76574948416693,31.471448211845427,10.902984490788215
1849500,ckZOxVGA15KlICneOKmROPL3iD7pLsQ9cOiOTPozo5ytHCQbXJ1PV54n4kTLE4Sj,6.696508619220516,32.457122810197525,10.866005735645356
1849800,ckZOxVGA15KlICneOKmROPL3iD7pLsQ9cOiOTPozo5ytHCQbXJ1PV54n4kTLE4Sj,6.898195857129704,32.610713297145125,10.969871617571624
1850100,ckZOxVGA15KlICneOKmROPL3iD7pLsQ9cOiOTPozo5ytHCQbXJ1PV54n4kTLE4Sj,6.868979139447186,32.29413291567891,10.952231087953226
1850400,ckZOxVGA15KlICneOKmROPL3iD7pLsQ9cOiOTPozo5ytHCQbXJ1PV54n4kTLE4Sj,6.820078783290595,34.77490722435768,10.980824718835892
1850700,ckZOxVGA15KlICneOKmROPL3iD7pLsQ9cOiOTPozo5ytHCQbXJ1PV54n4kTLE4Sj,7.117548681028223,23.44465107019828,9.501553990943837
1851000,ckZOxVGA15KlICneOKmROPL3iD7pLsQ9cOiOTPozo5ytHCQbXJ1PV54n4kTLE4Sj,6.673675933964166,23.06799843046496,9.316439490380755
1851300,ckZOxVGA15KlICneOKmROPL3iD7pLsQ9cOiOTPozo5ytHCQbXJ1PV54n4kTLE4Sj,6.75942458947006,21.770986658188416,9.332632763114653
1851600,ckZOxVGA15KlICneOKmROPL3iD7pLsQ9cOiOTPozo5ytHCQbXJ1PV54n4kTLE4Sj,6.295151967126045,19.886218784611888,9.06223647857018
1851900,ckZOxVGA15KlICneOKmROPL3iD7pLsQ9cOiOTPozo5ytHCQbXJ1PV54n4kTLE4Sj,6.635796290744974,19.810315144423644,9.09718468799757
1852200,ckZOxVGA15KlICneOKmROPL3iD7pLsQ9cOiOTPozo5ytHCQbXJ1PV54n4kTLE4Sj,5.903944863939628,18.84670787080886,8.698743797400933
1852500,ckZOxVGA15KlICneOKmROPL3iD7pLsQ9cOiOTPozo5ytHCQbXJ1PV54n4kTLE4Sj,6.217888406688308,28.46594791158616,8.654803088036607
1852800,ckZOxVGA15KlICneOKmROPL3iD7pLsQ9cOiOTPozo5ytHCQbXJ1PV54n4kTLE4Sj,6.244359241671939,34.43142758100095,8.811469779035711
1853100,ckZOxVGA15KlICneOKmROPL3iD7pLsQ9cOiOTPozo5ytHCQbXJ1PV54n4kTLE4Sj,6.270390022386632,28.38678541725096,8.90927842415348
1853400,ckZOxVGA15KlICneOKmROPL3iD7pLsQ9cOiOTPozo5ytHCQbXJ1PV54n4kTLE4Sj,6.254093309006274,28.68261241355168,8.788261355801355
1853700,ckZOxVGA15KlICneOKmROPL3iD7pLsQ9cOiOTPozo5ytHCQbXJ1PV54n4kTLE4Sj,6.301529164641536,31.769976648997268,8.813509458514934
1854000,ckZOxVGA15KlICneOKmROPL3iD7pLsQ9cOiOTPozo5ytHCQbXJ1PV54n4kTLE4Sj,6.285087776842932,32.07543379474674,8.834114922474402
1854300,ckZOxVGA15KlICneOKmROPL3iD7pLsQ9cOiOTPozo5ytHCQbXJ1PV54n4kTLE4Sj,6.61577594486433,30.32121123395164,8.895660866637403
1854600,ckZOxVGA15KlICneOKmROPL3iD7pLsQ9cOiOTPozo5ytHCQbXJ1PV54n4kTLE4Sj,6.5300010783700975,33.62881214093972,8.98169892609267
1854900,ckZOxVGA15KlICneOKmROPL3iD7pLsQ9cOiOTPozo5ytHCQbXJ1PV54n4kTLE4Sj,6.445851913453556,44.361602651717305,10.526223751772886
1855200,ckZOxVGA15KlICneOKmROPL3iD7pLsQ9cOiOTPozo5ytHCQbXJ1PV54n4kTLE4Sj,6.401142970085258,45.79395057171254,10.557719512006832
1855500,ckZOxVGA15KlICneOKmROPL3iD7pLsQ9cOiOTPozo5ytHCQbXJ1PV54n4kTLE4Sj,6.303746823375032,46.26777887774156,10.71052339615856
1855800,ckZOxVGA15KlICneOKmROPL3iD7pLsQ9cOiOTPozo5ytHCQbXJ1PV54n4kTLE4Sj,6.54670094041707,49.70547255229975,10.765560117180357
1856100,ckZOxVGA15KlICneOKmROPL3iD7pLsQ9cOiOTPozo5ytHCQbXJ1PV54n4kTLE4Sj,6.6579617075266935,42.24143417324372,10.672628739463272
1856400,ckZOxVGA15KlICneOKmROPL3iD7pLsQ9cOiOTPozo5ytHCQbXJ1PV54n4kTLE4Sj,6.364867756369868,42.670761271750365,10.748917270618769
1856700,ckZOxVGA15KlICneOKmROPL3iD7pLsQ9cOiOTPozo5ytHCQbXJ1PV54n4kTLE4Sj,6.336695083298713,45.76685493290461,10.637541283977818
1857000,ckZOxVGA15KlICneOKmROPL3iD7pLsQ9cOiOTPozo5ytHCQbXJ1PV54n4kTLE4Sj,6.268574653511766,44.14680335236254,11.003714879236002
1857300,ckZOxVGA15KlICneOKmROPL3iD7pLsQ9cOiOTPozo5ytHCQbXJ1PV54n4kTLE4Sj,6.469160132127561,42.60018201092674,10.835427888168503
1857600,ckZOxVGA15KlICneOKmROPL3iD7pLsQ9cOiOTPozo5ytHCQbXJ1PV54n4kTLE4Sj,5.982784505920657,44.612514550025054,10.733185238429773
1857900,ckZOxVGA15KlICneOKmROPL3iD7pLsQ9cOiOTPozo5ytHCQbXJ1PV54n4kTLE4Sj,6.219757352267729,47.775812555523856,10.844956916810814
1858200,ckZOxVGA15KlICneOKmROPL3iD7pLsQ9cOiOTPozo5ytHCQbXJ1PV54n4kTLE4Sj,6.914570156308815,41.325731491051286,10.880532838338492
1858500,ckZOxVGA15KlICneOKmROPL3iD7pLsQ9cOiOTPozo5ytHCQbXJ1PV54n4kTLE4Sj,6.844189523596957,48.982576532749285,10.900652341454228
1858800,ckZOxVGA15KlICneOKmROPL3iD7pLsQ9cOiOTPozo5ytHCQbXJ1PV54n4kTLE4Sj,6.929744830458617,47.423166471922805,10.912635949125248
1859100,ckZOxVGA15KlICneOKmROPL3iD7pLsQ9cOiOTPozo5ytHCQbXJ1PV54n4kTLE4Sj,6.611738458042543,44.8571460473835,10.970309149588342
1859400,ckZOxVGA15KlICneOKmROPL3iD7pLsQ9cOiOTPozo5ytHCQbXJ1PV54n4kTLE4Sj,6.494755878334021,43.867562863635925,10.882327655087131
1859700,ckZOxVGA15KlICneOKmROPL3iD7pLsQ9cOiOTPozo5ytHCQbXJ1PV54n4kTLE4Sj,6.5875883964240085,48.97787464414112,10.596998005876667
1860000,ckZOxVGA15KlICneOKmROPL3iD7pLsQ9cOiOTPozo5ytHCQbXJ1PV54n4kTLE4Sj,6.2743972821575085,46.193764983316186,10.59106907786136
1860300,ckZOxVGA15KlICneOKmROPL3iD7pLsQ9cOiOTPozo5ytHCQbXJ1PV54n4kTLE4Sj,6.119176627952186,46.23188554456423,10.30043286328694
1860600,ckZOxVGA15KlICneOKmROPL3iD7pLsQ9cOiOTPozo5ytHCQbXJ1PV54n4kTLE4Sj,6.0563111951994415,47.02114776789488,10.383595220384096
1860900,ckZOxVGA15KlICneOKmROPL3iD7pLsQ9cOiOTPozo5ytHCQbXJ1PV54n4kTLE4Sj,6.5525249941228045,45.532848290017455,10.496139310793565
1861200,ckZOxVGA15KlICneOKmROPL3iD7pLsQ9cOiOTPozo5ytHCQbXJ1PV54n4kTLE4Sj,6.209947167922284,42.15664574735048,10.604040519993012
1861500,ckZOxVGA15KlICneOKmROPL3iD7pLsQ9cOiOTPozo5ytHCQbXJ1PV54n4kTLE4Sj,6.468353232228633,41.1146289491814,10.446208202272622
1861800,ckZOxVGA15KlICneOKmROPL3iD7pLsQ9cOiOTPozo5ytHCQbXJ1PV54n4kTLE4Sj,6.438735406197738,41.18125381327867,10.534132941839028
1862100,ckZOxVGA15KlICneOKmROPL3iD7pLsQ9cOiOTPozo5ytHCQbXJ1PV54n4kTLE4Sj,6.455541243599702,30.633043148577464,10.531333661710487
1862400,ckZOxVGA15KlICneOKmROPL3iD7pLsQ9cOiOTPozo5ytHCQbXJ1PV54n4kTLE4Sj,6.198058882556081,43.18291819542483,10.5347793512054
1862700,ckZOxVGA15KlICneOKmROPL3iD7pLsQ9cOiOTPozo5ytHCQbXJ1PV54n4kTLE4Sj,6.0033292983455855,32.463739477272846,10.706330457750816
1863000,ckZOxVGA15KlICneOKmROPL3iD7pLsQ9cOiOTPozo5ytHCQbXJ1PV54n4kTLE4Sj,5.893991120513536,28.693177516603978,10.406367549081503
1863300,ckZOxVGA15KlICneOKmROPL3iD7pLsQ9cOiOTPozo5ytHCQbXJ1PV54n4kTLE4Sj,6.665040514665109,31.23603071169569,10.694631490664374
1863600,ckZOxVGA15KlICneOKmROPL3iD7pLsQ9cOiOTPozo5ytHCQbXJ1PV54n4kTLE4Sj,6.271514498705425,31.38743562353507,10.905528322799231
1863900,ckZOxVGA15KlICneOKmROPL3iD7pLsQ9cOiOTPozo5ytHCQbXJ1PV54n4kTLE4Sj,6.439497456350892,33.28201273926708,10.7556883718563
1864200,ckZOxVGA15KlICneOKmROPL3iD7pLsQ9cOiOTPozo5ytHCQbXJ1PV54n4kTLE4Sj,5.955349799133788,30.322823350767603,10.992355428350296
1864500,ckZOxVGA15KlICneOKmROPL3iD7pLsQ9cOiOTPozo5ytHCQbXJ1PV54n4kTLE4Sj,6.280499789180556,27.37311683651335,10.967593362879873
1864800,ckZOxVGA15KlICneOKmROPL3iD7pLsQ9cOiOTPozo5ytHCQbXJ1PV54n4kTLE4Sj,6.666034158552262,30.26885875328191,9.479059659229716
1865100,ckZOxVGA15KlICneOKmROPL3iD7pLsQ9cOiOTPozo5ytHCQbXJ1PV54n4kTLE4Sj,6.892650309816583,25.286856395466344,10.963209661216286
1865400,ckZOxVGA15KlICneOKmROPL3iD7pLsQ9cOiOTPozo5ytHCQbXJ1PV54n4kTLE4Sj,6.670514152374968,31.41637619586393,10.959653903935912
1865700,ckZOxVGA15KlICneOKmROPL3iD7pLsQ9cOiOTPozo5ytHCQbXJ1PV54n4kTLE4Sj,6.900200199707161,29.01796225332868,11.008858026717022
1866000,ckZOxVGA15KlICneOKmROPL3iD7pLsQ9cOiOTPozo5ytHCQbXJ1PV54n4kTLE4Sj,6.9773242259013095,48.825985147985435,11.048154104970092
1866300,ckZOxVGA15KlICneOKmROPL3iD7pLsQ9cOiOTPozo5ytHCQbXJ1PV54n4kTLE4Sj,7.020044988847489,42.1977586272541,11.265321316466386
1866600,ckZOxVGA15KlICneOKmROPL3iD7pLsQ9cOiOTPozo5ytHCQbXJ1PV54n4kTLE4Sj,6.553495022377639,40.91310311709034,11.13125845064934
1866900,ckZOxVGA15KlICneOKmROPL3iD7pLsQ9cOiOTPozo5ytHCQbXJ1PV54n4kTLE4Sj,6.792536639744565,42.717626950401645,11.270043749601596
1867200,ckZOxVGA15KlICneOKmROPL3iD7pLsQ9cOiOTPozo5ytHCQbXJ1PV54n4kTLE4Sj,6.79834835117178,25.1447325560568,9.6709278792197
1867500,ckZOxVGA15KlICneOKmROPL3iD7pLsQ9cOiOTPozo5ytHCQbXJ1PV54n4kTLE4Sj,7.133839704595696,31.780960281363015,15.1734871160449
1867800,ckZOxVGA15KlICneOKmROPL3iD7pLsQ9cOiOTPozo5ytHCQbXJ1PV54n4kTLE4Sj,8.270444184972838,30.49904760744479,10.882138929789056
1868100,ckZOxVGA15KlICneOKmROPL3iD7pLsQ9cOiOTPozo5ytHCQbXJ1PV54n4kTLE4Sj,7.605089907345658,33.816842276813425,10.685608485691112
1868400,ckZOxVGA15KlICneOKmROPL3iD7pLsQ9cOiOTPozo5ytHCQbXJ1PV54n4kTLE4Sj,7.624459793412333,30.360901813497943,10.578328907254685
1868700,ckZOxVGA15KlICneOKmROPL3iD7pLsQ9cOiOTPozo5ytHCQbXJ1PV54n4kTLE4Sj,8.202345127255805,28.68437818702005,10.641404327721284
1869000,ckZOxVGA15KlICneOKmROPL3iD7pLsQ9cOiOTPozo5ytHCQbXJ1PV54n4kTLE4Sj,7.876226346734015,29.934673248647368,10.987908863503351
1869300,ckZOxVGA15KlICneOKmROPL3iD7pLsQ9cOiOTPozo5ytHCQbXJ1PV54n4kTLE4Sj,7.9179584610872675,32.024667170841106,10.670722047470582
1869600,ckZOxVGA15KlICneOKmROPL3iD7pLsQ9cOiOTPozo5ytHCQbXJ1PV54n4kTLE4Sj,7.995431050636117,27.29332053752655,10.800769747751238
1869900,ckZOxVGA15KlICneOKmROPL3iD7pLsQ9cOiOTPozo5ytHCQbXJ1PV54n4kTLE4Sj,8.326546592143016,32.85075107927796,10.903385161045898
1870200,ckZOxVGA15KlICneOKmROPL3iD7pLsQ9cOiOTPozo5ytHCQbXJ1PV54n4kTLE4Sj,8.022818498798074,35.87180566432485,10.87962877499974
1870500,ckZOxVGA15KlICneOKmROPL3iD7pLsQ9cOiOTPozo5ytHCQbXJ1PV54n4kTLE4Sj,8.1736624122552,44.112681904690106,12.495403298722618
1870800,ckZOxVGA15KlICneOKmROPL3iD7pLsQ9cOiOTPozo5ytHCQbXJ1PV54n4kTLE4Sj,8.35919132396719,38.70393108978283,12.584702535126713
1871100,ckZOxVGA15KlICneOKmROPL3iD7pLsQ9cOiOTPozo5ytHCQbXJ1PV54n4kTLE4Sj,8.130814273920318,44.69279858791024,12.548389878738664
1871400,ckZOxVGA15KlICneOKmROPL3iD7pLsQ9cOiOTPozo5ytHCQbXJ1PV54n4kTLE4Sj,8.455979947647805,40.535834252863054,12.640635394576442
1871700,ckZOxVGA15KlICneOKmROPL3iD7pLsQ9cOiOTPozo5ytHCQbXJ1PV54n4kTLE4Sj,8.23900677287592,41.415160993103584,12.774555585887883
1872000,ckZOxVGA15KlICneOKmROPL3iD7pLsQ9cOiOTPozo5ytHCQbXJ1PV54n4kTLE4Sj,8.205039909434966,42.6491229995687,12.6831537377887
1872300,ckZOxVGA15KlICneOKmROPL3iD7pLsQ9cOiOTPozo5ytHCQbXJ1PV54n4kTLE4Sj,8.14030868824787,37.539604609251,12.704971656526965
1872600,ckZOxVGA15KlICneOKmROPL3iD7pLsQ9cOiOTPozo5ytHCQbXJ1PV54n4kTLE4Sj,8.171341661445618,43.27984588704639,12.807044131078747
1872900,ckZOxVGA15KlICneOKmROPL3iD7pLsQ9cOiOTPozo5ytHCQbXJ1PV54n4kTLE4Sj,8.163112459023218,43.19592055518354,12.847239862140809
1873200,ckZOxVGA15KlICneOKmROPL3iD7pLsQ9cOiOTPozo5ytHCQbXJ1PV54n4kTLE4Sj,8.137197299755961,40.97632678472806,13.290915920365924
1873500,ckZOxVGA15KlICneOKmROPL3iD7pLsQ9cOiOTPozo5ytHCQbXJ1PV54n4kTLE4Sj,8.183304719562349,39.385443126184576,13.014612023780392
1873800,ckZOxVGA15KlICneOKmROPL3iD7pLsQ9cOiOTPozo5ytHCQbXJ1PV54n4kTLE4Sj,8.954775699758304,41.452975927096894,12.967420956181453
1874100,ckZOxVGA15KlICneOKmROPL3iD7pLsQ9cOiOTPozo5ytHCQbXJ1PV54n4kTLE4Sj,8.359800816794746,42.710604049108696,12.927757563607267
1874400,ckZOxVGA15KlICneOKmROPL3iD7pLsQ9cOiOTPozo5ytHCQbXJ1PV54n4kTLE4Sj,8.375341820377102,41.79222573066309,12.959110471656093
1874700,ckZOxVGA15KlICneOKmROPL3iD7pLsQ9cOiOTPozo5ytHCQbXJ1PV54n4kTLE4Sj,8.702223913111634,40.307216866097,13.064246060434282
1875000,ckZOxVGA15KlICneOKmROPL3iD7pLsQ9cOiOTPozo5ytHCQbXJ1PV54n4kTLE4Sj,8.325659147132784,37.20573233725855,13.031021051969688
1875300,ckZOxVGA15KlICneOKmROPL3iD7pLsQ9cOiOTPozo5ytHCQbXJ1PV54n4kTLE4Sj,8.46473466357448,35.1585533333316,13.06517939940522
1875600,ckZOxVGA15KlICneOKmROPL3iD7pLsQ9cOiOTPozo5ytHCQbXJ1PV54n4kTLE4Sj,8.316299294601881,40.66941389273182,12.703835890007678
1875900,ckZOxVGA15KlICneOKmROPL3iD7pLsQ9cOiOTPozo5ytHCQbXJ1PV54n4kTLE4Sj,8.075481993015034,43.01047759973542,12.743961373861334
1876200,ckZOxVGA15KlICneOKmROPL3iD7pLsQ9cOiOTPozo5ytHCQbXJ1PV54n4kTLE4Sj,8.264809625843085,35.22783792577467,12.506131646620586
1876500,ckZOxVGA15KlICneOKmROPL3iD7pLsQ9cOiOTPozo5ytHCQbXJ1PV54n4kTLE4Sj,8.11595468026529,34.1768502155293,12.300626092603537
1876800,ckZOxVGA15KlICneOKmROPL3iD7pLsQ9cOiOTPozo5ytHCQbXJ1PV54n4kTLE4Sj,8.077002697909936,33.908853040890385,12.39643288509347
1877100,ckZOxVGA15KlICneOKmROPL3iD7pLsQ9cOiOTPozo5ytHCQbXJ1PV54n4kTLE4Sj,8.059056527523683,37.09580326859405,12.432294197436288
1877400,ckZOxVGA15KlICneOKmROPL3iD7pLsQ9cOiOTPozo5ytHCQbXJ1PV54n4kTLE4Sj,8.054509508196519,32.51895451989762,13.016712244101356
1877700,ckZOxVGA15KlICneOKmROPL3iD7pLsQ9cOiOTPozo5ytHCQbXJ1PV54n4kTLE4Sj,7.978883069130307,44.005532162100565,12.484684213330764
1878000,ckZOxVGA15KlICneOKmROPL3iD7pLsQ9cOiOTPozo5ytHCQbXJ1PV54n4kTLE4Sj,8.14065259571501,45.71740484925135,12.452556808083225
1878300,ckZOxVGA15KlICneOKmROPL3iD7pLsQ9cOiOTPozo5ytHCQbXJ1PV54n4kTLE4Sj,8.261533885552236,46.925549800881306,12.517027502993168
1878600,ckZOxVGA15KlICneOKmROPL3iD7pLsQ9cOiOTPozo5ytHCQbXJ1PV54n4kTLE4Sj,8.359507480237816,46.43823472897781,12.563550465678112
1878900,ckZOxVGA15KlICneOKmROPL3iD7pLsQ9cOiOTPozo5ytHCQbXJ1PV54n4kTLE4Sj,8.605605180940227,45.84548112513496,12.605797771218471
1879200,ckZOxVGA15KlICneOKmROPL3iD7pLsQ9cOiOTPozo5ytHCQbXJ1PV54n4kTLE4Sj,7.970347434841551,50.91690921441637,12.585209843051958
1879500,ckZOxVGA15KlICneOKmROPL3iD7pLsQ9cOiOTPozo5ytHCQbXJ1PV54n4kTLE4Sj,8.297822210147311,48.773878517948354,12.661826521620062
1879800,ckZOxVGA15KlICneOKmROPL3iD7pLsQ9cOiOTPozo5ytHCQbXJ1PV54n4kTLE4Sj,8.303233054343446,36.28424724193391,11.056736791086404
1880100,ckZOxVGA15KlICneOKmROPL3iD7pLsQ9cOiOTPozo5ytHCQbXJ1PV54n4kTLE4Sj,8.15972013477732,28.14318427885432,11.064117667301394
1880400,ckZOxVGA15KlICneOKmROPL3iD7pLsQ9cOiOTPozo5ytHCQbXJ1PV54n4kTLE4Sj,8.371033411033618,28.901148091425668,11.365149137561088
1880700,ckZOxVGA15KlICneOKmROPL3iD7pLsQ9cOiOTPozo5ytHCQbXJ1PV54n4kTLE4Sj,8.334037397635809,30.816950501966943,11.304208282709086
1881000,ckZOxVGA15KlICneOKmROPL3iD7pLsQ9cOiOTPozo5ytHCQbXJ1PV54n4kTLE4Sj,7.901411379906983,29.85726537919432,11.29339272600168
1881300,ckZOxVGA15KlICneOKmROPL3iD7pLsQ9cOiOTPozo5ytHCQbXJ1PV54n4kTLE4Sj,8.669200958700403,35.65813635086169,11.260804200394732
1881600,ckZOxVGA15KlICneOKmROPL3iD7pLsQ9cOiOTPozo5ytHCQbXJ1PV54n4kTLE4Sj,7.827958355233025,30.19680916276633,11.599668355365573
1881900,ckZOxVGA15KlICneOKmROPL3iD7pLsQ9cOiOTPozo5ytHCQbXJ1PV54n4kTLE4Sj,8.318969202540226,30.492555401084942,11.323760506890432
1882200,ckZOxVGA15KlICneOKmROPL3iD7pLsQ9cOiOTPozo5ytHCQbXJ1PV54n4kTLE4Sj,8.390142655189736,30.915808325108163,11.190609116329243
1882500,ckZOxVGA15KlICneOKmROPL3iD7pLsQ9cOiOTPozo5ytHCQbXJ1PV54n4kTLE4Sj,8.689918012847606,31.04220390608909,11.336173669368849
1882800,ckZOxVGA15KlICneOKmROPL3iD7pLsQ9cOiOTPozo5ytHCQbXJ1PV54n4kTLE4Sj,8.87236883037083,47.513913239221246,12.964314668188958
1883100,ckZOxVGA15KlICneOKmROPL3iD7pLsQ9cOiOTPozo5ytHCQbXJ1PV54n4kTLE4Sj,8.835420953014129,43.208105185958445,13.057266883452632
1883400,ckZOxVGA15KlICneOKmROPL3iD7pLsQ9cOiOTPozo5ytHCQbXJ1PV54n4kTLE4Sj,9.00253915939587,49.63939661972553,12.966415272592792
1883700,ckZOxVGA15KlICneOKmROPL3iD7pLsQ9cOiOTPozo5ytHCQbXJ1PV54n4kTLE4Sj,8.825134175405363,42.48509940851963,12.709696340456963
1884000,ckZOxVGA15KlICneOKmROPL3iD7pLsQ9cOiOTPozo5ytHCQbXJ1PV54n4kTLE4Sj,7.68612099451239,45.0954844610549,12.40604293222298
1884300,ckZOxVGA15KlICneOKmROPL3iD7pLsQ9cOiOTPozo5ytHCQbXJ1PV54n4kTLE4Sj,7.94280069339756,42.02124913371736,12.121114527356887
1884600,ckZOxVGA15KlICneOKmROPL3iD7pLsQ9cOiOTPozo5ytHCQbXJ1PV54n4kTLE4Sj,7.742232898618387,46.66285765429265,12.109834506762176
1884900,ckZOxVGA15KlICneOKmROPL3iD7pLsQ9cOiOTPozo5ytHCQbXJ1PV54n4kTLE4Sj,7.958685012352538,28.166268059107765,12.133818357624405
1885200,ckZOxVGA15KlICneOKmROPL3iD7pLsQ9cOiOTPozo5ytHCQbXJ1PV54n4kTLE4Sj,7.982465061643492,33.05808538270908,12.679822291047603
1885500,ckZOxVGA15KlICneOKmROPL3iD7pLsQ9cOiOTPozo5ytHCQbXJ1PV54n4kTLE4Sj,7.972721773092082,31.26499687736526,12.274774865660138
1885800,ckZOxVGA15KlICneOKmROPL3iD7pLsQ9cOiOTPozo5ytHCQbXJ1PV54n4kTLE4Sj,8.31594182667945,35.683621564896626,12.342648825723217
1886100,ckZOxVGA15KlICneOKmROPL3iD7pLsQ9cOiOTPozo5ytHCQbXJ1PV54n4kTLE4Sj,7.994519440457279,29.309469218848577,12.146153117505316
1886400,ckZOxVGA15KlICneOKmROPL3iD7pLsQ9cOiOTPozo5ytHCQbXJ1PV54n4kTLE4Sj,8.006186368919364,33.20876088903496,12.272012971262216
1886700,ckZOxVGA15KlICneOKmROPL3iD7pLsQ9cOiOTPozo5ytHCQbXJ1PV54n4kTLE4Sj,8.021821728190115,35.4175838987825,12.264557805212217
1887000,ckZOxVGA15KlICneOKmROPL3iD7pLsQ9cOiOTPozo5ytHCQbXJ1PV54n4kTLE4Sj,8.17926100617387,31.851703717864563,12.404035677054742
1887300,ckZOxVGA15KlICneOKmROPL3iD7pLsQ9cOiOTPozo5ytHCQbXJ1PV54n4kTLE4Sj,8.31750200224588,33.6846346588138,12.37173680146386
1887600,ckZOxVGA15KlICneOKmROPL3iD7pLsQ9cOiOTPozo5ytHCQbXJ1PV54n4kTLE4Sj,8.125937758176745,39.96051866332745,12.387737916461298
1887900,ckZOxVGA15KlICneOKmROPL3iD7pLsQ9cOiOTPozo5ytHCQbXJ1PV54n4kTLE4Sj,7.96989743948108,48.17160478586575,12.554381708726204
1888200,ckZOxVGA15KlICneOKmROPL3iD7pLsQ9cOiOTPozo5ytHCQbXJ1PV54n4kTLE4Sj,8.371830652975964,48.999934338844646,12.476458842769013
1888500,ckZOxVGA15KlICneOKmROPL3iD7pLsQ9cOiOTPozo5ytHCQbXJ1PV54n4kTLE4Sj,8.333658502399746,49.58654259133191,12.485350657620751
1888800,ckZOxVGA15KlICneOKmROPL3iD7pLsQ9cOiOTPozo5ytHCQbXJ1PV54n4kTLE4Sj,8.396675308707817,49.35971473082976,12.737104489165407
1889100,ckZOxVGA15KlICneOKmROPL3iD7pLsQ9cOiOTPozo5ytHCQbXJ1PV54n4kTLE4Sj,8.113587781438854,48.02485854788856,12.5364804583715
1889400,ckZOxVGA15KlICneOKmROPL3iD7pLsQ9cOiOTPozo5ytHCQbXJ1PV54n4kTLE4Sj,8.132100916691961,45.856063844208826,13.013520138076853
1889700,ckZOxVGA15KlICneOKmROPL3iD7pLsQ9cOiOTPozo5ytHCQbXJ1PV54n4kTLE4Sj,8.060073009331736,52.35415513154478,12.60034138958391
1890000,ckZOxVGA15KlICneOKmROPL3iD7pLsQ9cOiOTPozo5ytHCQbXJ1PV54n4kTLE4Sj,8.6352639508098,49.7103758870674,12.667244393334093
1890300,ckZOxVGA15KlICneOKmROPL3iD7pLsQ9cOiOTPozo5ytHCQbXJ1PV54n4kTLE4Sj,8.388410726797673,45.559820000022064,12.666223912746783
1890600,ckZOxVGA15KlICneOKmROPL3iD7pLsQ9cOiOTPozo5ytHCQbXJ1PV54n4kTLE4Sj,8.664726893988032,45.85379051838946,12.737353012418946
1890900,ckZOxVGA15KlICneOKmROPL3iD7pLsQ9cOiOTPozo5ytHCQbXJ1PV54n4kTLE4Sj,8.579499716699452,49.34861880620536,12.807167620391729
1891200,ckZOxVGA15KlICneOKmROPL3iD7pLsQ9cOiOTPozo5ytHCQbXJ1PV54n4kTLE4Sj,8.349042037909845,49.62509193480367,12.807810194314492
1891500,ckZOxVGA15KlICneOKmROPL3iD7pLsQ9cOiOTPozo5ytHCQbXJ1PV54n4kTLE4Sj,8.48195455531367,48.418719449011945,12.555556199468477
1891800,ckZOxVGA15KlICneOKmROPL3iD7pLsQ9cOiOTPozo5ytHCQbXJ1PV54n4kTLE4Sj,8.15066206891164,38.327662032729044,12.530199950825962
1892100,ckZOxVGA15KlICneOKmROPL3iD7pLsQ9cOiOTPozo5ytHCQbXJ1PV54n4kTLE4Sj,8.075527933966006,36.935121566122646,12.273265065458284
1892400,ckZOxVGA15KlICneOKmROPL3iD7pLsQ9cOiOTPozo5ytHCQbXJ1PV54n4kTLE4Sj,8.07130747079049,30.91731368429261,10.535627820801276
1892700,ckZOxVGA15KlICneOKmROPL3iD7pLsQ9cOiOTPozo5ytHCQbXJ1PV54n4kTLE4Sj,8.004900563478268,29.78889441856941,10.512161990477818
1893000,ckZOxVGA15KlICneOKmROPL3iD7pLsQ9cOiOTPozo5ytHCQbXJ1PV54n4kTLE4Sj,8.19092320480677,30.690291707661757,10.853590090056803
1893300,ckZOxVGA15KlICneOKmROPL3iD7pLsQ9cOiOTPozo5ytHCQbXJ1PV54n4kTLE4Sj,8.3236195509646,36.623059014825536,10.730680692686992
1893600,ckZOxVGA15KlICneOKmROPL3iD7pLsQ9cOiOTPozo5ytHCQbXJ1PV54n4kTLE4Sj,8.440293231666049,28.27610948020204,10.724961195214084
1893900,ckZOxVGA15KlICneOKmROPL3iD7pLsQ9cOiOTPozo5ytHCQbXJ1PV54n4kTLE4Sj,8.416426405507945,28.30538241550097,10.766342009999402
1894200,ckZOxVGA15KlICneOKmROPL3iD7pLsQ9cOiOTPozo5ytHCQbXJ1PV54n4kTLE4Sj,8.082268390607915,32.50439307447388,10.84785526545282
1894500,ckZOxVGA15KlICneOKmROPL3iD7pLsQ9cOiOTPozo5ytHCQbXJ1PV54n4kTLE4Sj,8.235246329464013,35.6252744042223,10.802897944395816
1894800,ckZOxVGA15KlICneOKmROPL3iD7pLsQ9cOiOTPozo5ytHCQbXJ1PV54n4kTLE4Sj,8.405531466011954,35.38167717241656,10.819494821582373
1895100,ckZOxVGA15KlICneOKmROPL3iD7pLsQ9cOiOTPozo5ytHCQbXJ1PV54n4kTLE4Sj,8.397138434209818,32.1872733847263,10.967043205891157
1895400,ckZOxVGA15KlICneOKmROPL3iD7pLsQ9cOiOTPozo5ytHCQbXJ1PV54n4kTLE4Sj,8.302549750008327,37.94311767141103,12.597724637000113
1895700,ckZOxVGA15KlICneOKmROPL3iD7pLsQ9cOiOTPozo5ytHCQbXJ1PV54n4kTLE4Sj,8.18859559133465,40.62190818837306,12.606753013775792
1896000,ckZOxVGA15KlICneOKmROPL3iD7pLsQ9cOiOTPozo5ytHCQbXJ1PV54n4kTLE4Sj,8.095691636917982,32.07458033971861,12.772556915218988
1896300,ckZOxVGA15KlICneOKmROPL3iD7pLsQ9cOiOTPozo5ytHCQbXJ1PV54n4kTLE4Sj,7.7747408731683905,34.12384108170633,12.097294482932044
1896600,ckZOxVGA15KlICneOKmROPL3iD7pLsQ9cOiOTPozo5ytHCQbXJ1PV54n4kTLE4Sj,7.489764057885853,38.33747886454845,12.774352102525132
1896900,ckZOxVGA15KlICneOKmROPL3iD7pLsQ9cOiOTPozo5ytHCQbXJ1PV54n4kTLE4Sj,8.023970469708697,46.54753470263898,12.737648765677877
1897200,ckZOxVGA15KlICneOKmROPL3iD7pLsQ9cOiOTPozo5ytHCQbXJ1PV54n4kTLE4Sj,8.495068887194327,40.643826198237385,13.095318152265325
1897500,ckZOxVGA15KlICneOKmROPL3iD7pLsQ9cOiOTPozo5ytHCQbXJ1PV54n4kTLE4Sj,8.394003122346286,47.427023042731065,12.704192464427296
1897800,ckZOxVGA15KlICneOKmROPL3iD7pLsQ9cOiOTPozo5ytHCQbXJ1PV54n4kTLE4Sj,8.693703188518368,47.746538155901526,12.720518279587916
1898100,ckZOxVGA15KlICneOKmROPL3iD7pLsQ9cOiOTPozo5ytHCQbXJ1PV54n4kTLE4Sj,8.576276681784057,41.92464866561527,12.773776948733664
1898400,ckZOxVGA15KlICneOKmROPL3iD7pLsQ9cOiOTPozo5ytHCQbXJ1PV54n4kTLE4Sj,8.15333664802083,46.32428135299304,12.766034219913006
1898700,ckZOxVGA15KlICneOKmROPL3iD7pLsQ9cOiOTPozo5ytHCQbXJ1PV54n4kTLE4Sj,8.853110737281613,44.64656220327603,12.786731161996324
1899000,ckZOxVGA15KlICneOKmROPL3iD7pLsQ9cOiOTPozo5ytHCQbXJ1PV54n4kTLE4Sj,8.486347952329695,43.09564028174904,12.734630540204018
1899300,ckZOxVGA15KlICneOKmROPL3iD7pLsQ9cOiOTPozo5ytHCQbXJ1PV54n4kTLE4Sj,8.819184172256769,52.043755818086176,12.803362056157278
1899600,ckZOxVGA15KlICneOKmROPL3iD7pLsQ9cOiOTPozo5ytHCQbXJ1PV54n4kTLE4Sj,8.38105473385564,42.74527965444281,12.55723831128352
1899900,ckZOxVGA15KlICneOKmROPL3iD7pLsQ9cOiOTPozo5ytHCQbXJ1PV54n4kTLE4Sj,8.352604472156088,47.79276511863007,12.576201648931836
1900200,ckZOxVGA15KlICneOKmROPL3iD7pLsQ9cOiOTPozo5ytHCQbXJ1PV54n4kTLE4Sj,8.250751458278275,49.94362606994866,12.3917596927892
1900500,ckZOxVGA15KlICneOKmROPL3iD7pLsQ9cOiOTPozo5ytHCQbXJ1PV54n4kTLE4Sj,7.814954491746528,44.84709903410709,12.261417391807232
1900800,ckZOxVGA15KlICneOKmROPL3iD7pLsQ9cOiOTPozo5ytHCQbXJ1PV54n4kTLE4Sj,7.722825389047097,43.19770069926346,12.232179394967158
1901100,ckZOxVGA15KlICneOKmROPL3iD7pLsQ9cOiOTPozo5ytHCQbXJ1PV54n4kTLE4Sj,8.18653126813295,44.08011598314916,12.283000650150052
1901400,ckZOxVGA15KlICneOKmROPL3iD7pLsQ9cOiOTPozo5ytHCQbXJ1PV54n4kTLE4Sj,8.308932724518316,43.76744606928309,12.789212456033573
1901700,ckZOxVGA15KlICneOKmROPL3iD7pLsQ9cOiOTPozo5ytHCQbXJ1PV54n4kTLE4Sj,8.290175492218689,45.08328048014442,12.437359313800268
1902000,ckZOxVGA15KlICneOKmROPL3iD7pLsQ9cOiOTPozo5ytHCQbXJ1PV54n4kTLE4Sj,8.420126695532854,54.69497623685701,12.495199326673804
1902300,ckZOxVGA15KlICneOKmROPL3iD7pLsQ9cOiOTPozo5ytHCQbXJ1PV54n4kTLE4Sj,8.01785284957922,44.24513619928453,12.615436829097394
1902600,ckZOxVGA15KlICneOKmROPL3iD7pLsQ9cOiOTPozo5ytHCQbXJ1PV54n4kTLE4Sj,8.44950955551611,51.75493279545014,12.509713244934016
1902900,ckZOxVGA15KlICneOKmROPL3iD7pLsQ9cOiOTPozo5ytHCQbXJ1PV54n4kTLE4Sj,8.378633942830058,45.165086100464926,12.5819435134318
1903200,ckZOxVGA15KlICneOKmROPL3iD7pLsQ9cOiOTPozo5ytHCQbXJ1PV54n4kTLE4Sj,8.15920392472907,42.34664967261667,12.706370188970611
1903500,ckZOxVGA15KlICneOKmROPL3iD7pLsQ9cOiOTPozo5ytHCQbXJ1PV54n4kTLE4Sj,8.234590655938671,43.284748932631885,12.689228177426097
1903800,ckZOxVGA15KlICneOKmROPL3iD7pLsQ9cOiOTPozo5ytHCQbXJ1PV54n4kTLE4Sj,8.20936755143756,49.52032034931019,12.62207501216799
1904100,ckZOxVGA15KlICneOKmROPL3iD7pLsQ9cOiOTPozo5ytHCQbXJ1PV54n4kTLE4Sj,8.02693311573501,48.54097366116737,12.759952399501508
1904400,ckZOxVGA15KlICneOKmROPL3iD7pLsQ9cOiOTPozo5ytHCQbXJ1PV54n4kTLE4Sj,8.172791207622382,43.914539389920016,12.53974924224796
1904700,ckZOxVGA15KlICneOKmROPL3iD7pLsQ9cOiOTPozo5ytHCQbXJ1PV54n4kTLE4Sj,7.856505298048787,41.98899215089536,12.637522177955187
1905000,ckZOxVGA15KlICneOKmROPL3iD7pLsQ9cOiOTPozo5ytHCQbXJ1PV54n4kTLE4Sj,8.461466417931724,34.079010043800864,11.406424978564052
1905300,ckZOxVGA15KlICneOKmROPL3iD7pLsQ9cOiOTPozo5ytHCQbXJ1PV54n4kTLE4Sj,8.463713645805816,28.39873382846682,11.00947184399882
1905600,ckZOxVGA15KlICneOKmROPL3iD7pLsQ9cOiOTPozo5ytHCQbXJ1PV54n4kTLE4Sj,8.539727560487595,33.45441917464842,11.28288492827898
1905900,ckZOxVGA15KlICneOKmROPL3iD7pLsQ9cOiOTPozo5ytHCQbXJ1PV54n4kTLE4Sj,8.665799171745315,32.5503116262715,11.352409198138211
1906200,ckZOxVGA15KlICneOKmROPL3iD7pLsQ9cOiOTPozo5ytHCQbXJ1PV54n4kTLE4Sj,8.359345451014637,28.324779579550324,11.278526043861593
1906500,ckZOxVGA15KlICneOKmROPL3iD7pLsQ9cOiOTPozo5ytHCQbXJ1PV54n4kTLE4Sj,8.334798216058667,36.63357680202186,11.251589385676668
1906800,ckZOxVGA15KlICneOKmROPL3iD7pLsQ9cOiOTPozo5ytHCQbXJ1PV54n4kTLE4Sj,8.411562202418901,29.084741862595877,11.322078537813203
1907100,ckZOxVGA15KlICneOKmROPL3iD7pLsQ9cOiOTPozo5ytHCQbXJ1PV54n4kTLE4Sj,8.81093320286054,30.045973588560887,11.360672567269464
1907400,ckZOxVGA15KlICneOKmROPL3iD7pLsQ9cOiOTPozo5ytHCQbXJ1PV54n4kTLE4Sj,8.749605727336276,29.36829052093775,11.29646813525076
1907700,ckZOxVGA15KlICneOKmROPL3iD7pLsQ9cOiOTPozo5ytHCQbXJ1PV54n4kTLE4Sj,8.48797663324131,28.434254683400265,11.097172500017944
1908000,ckZOxVGA15KlICneOKmROPL3iD7pLsQ9cOiOTPozo5ytHCQbXJ1PV54n4kTLE4Sj,8.07685397756198,40.01933578924335,11.918478508236166
1908300,ckZOxVGA15KlICneOKmROPL3iD7pLsQ9cOiOTPozo5ytHCQbXJ1PV54n4kTLE4Sj,7.927524140520561,44.90633210294288,12.347357387982738
1908600,ckZOxVGA15KlICneOKmROPL3iD7pLsQ9cOiOTPozo5ytHCQbXJ1PV54n4kTLE4Sj,8.054942695553727,40.75690444986704,12.36305652336095
1908900,ckZOxVGA15KlICneOKmROPL3iD7pLsQ9cOiOTPozo5ytHCQbXJ1PV54n4kTLE4Sj,7.9232181764297245,44.513614670452014,12.450107889496348
1909200,ckZOxVGA15KlICneOKmROPL3iD7pLsQ9cOiOTPozo5ytHCQbXJ1PV54n4kTLE4Sj,8.125790712958613,40.32032092732808,12.273861777672469
1909500,ckZOxVGA15KlICneOKmROPL3iD7pLsQ9cOiOTPozo5ytHCQbXJ1PV54n4kTLE4Sj,7.690910154968843,38.158648292000606,12.430822848274008
1909800,ckZOxVGA15KlICneOKmROPL3iD7pLsQ9cOiOTPozo5ytHCQbXJ1PV54n4kTLE4Sj,8.088627190604091,38.282937520551926,12.792037473494297
1910100,ckZOxVGA15KlICneOKmROPL3iD7pLsQ9cOiOTPozo5ytHCQbXJ1PV54n4kTLE4Sj,8.311977312187414,41.825039945885614,12.466989707093685
1910400,ckZOxVGA15KlICneOKmROPL3iD7pLsQ9cOiOTPozo5ytHCQbXJ1PV54n4kTLE4Sj,8.530747588238196,37.35429452426273,12.451055197350549
1910700,ckZOxVGA15KlICneOKmROPL3iD7pLsQ9cOiOTPozo5ytHCQbXJ1PV54n4kTLE4Sj,7.881565314210616,38.31018833842259,12.527443956493352
1911000,ckZOxVGA15KlICneOKmROPL3iD7pLsQ9cOiOTPozo5ytHCQbXJ1PV54n4kTLE4Sj,8.260454991818035,19.595957018942933,10.79416550814546
1911300,ckZOxVGA15KlICneOKmROPL3iD7pLsQ9cOiOTPozo5ytHCQbXJ1PV54n4kTLE4Sj,8.472971400082777,39.700003534699135,12.608876217863717
1911600,ckZOxVGA15KlICneOKmROPL3iD7pLsQ9cOiOTPozo5ytHCQbXJ1PV54n4kTLE4Sj,8.394675465646543,39.92856738817162,12.623203101447686
1911900,ckZOxVGA15KlICneOKmROPL3iD7pLsQ9cOiOTPozo5ytHCQbXJ1PV54n4kTLE4Sj,8.292767682422815,41.164661354051134,12.646026178034637
1912200,ckZOxVGA15KlICneOKmROPL3iD7pLsQ9cOiOTPozo5ytHCQbXJ1PV54n4kTLE4Sj,8.094598017544257,38.67949432915846,12.673674187754994
1912500,ckZOxVGA15KlICneOKmROPL3iD7pLsQ9cOiOTPozo5ytHCQbXJ1PV54n4kTLE4Sj,8.590323260163258,44.162329196137215,12.963223084242053
1912800,ckZOxVGA15KlICneOKmROPL3iD7pLsQ9cOiOTPozo5ytHCQbXJ1PV54n4kTLE4Sj,8.530890763521068,45.86948097804777,12.891035825844076
1913100,ckZOxVGA15KlICneOKmROPL3iD7pLsQ9cOiOTPozo5ytHCQbXJ1PV54n4kTLE4Sj,8.37496301649341,42.81686933555133,12.987928163768808
1913400,ckZOxVGA15KlICneOKmROPL3iD7pLsQ9cOiOTPozo5ytHCQbXJ1PV54n4kTLE4Sj,8.293989192275781,44.830841663560655,12.999048494399007
1913700,ckZOxVGA15KlICneOKmROPL3iD7pLsQ9cOiOTPozo5ytHCQbXJ1PV54n4kTLE4Sj,8.678407833993932,41.53002572342222,12.994905398036948
1914000,ckZOxVGA15KlICneOKmROPL3iD7pLsQ9cOiOTPozo5ytHCQbXJ1PV54n4kTLE4Sj,8.25297506103753,41.49536968115007,13.060237968718774
1914300,ckZOxVGA15KlICneOKmROPL3iD7pLsQ9cOiOTPozo5ytHCQbXJ1PV54n4kTLE4Sj,8.048914766277948,43.442633052111205,12.34638752229808
1914600,ckZOxVGA15KlICneOKmROPL3iD7pLsQ9cOiOTPozo5ytHCQbXJ1PV54n4kTLE4Sj,8.371393134197067,37.90188821784059,12.841493170632532
1914900,ckZOxVGA15KlICneOKmROPL3iD7pLsQ9cOiOTPozo5ytHCQbXJ1PV54n4kTLE4Sj,8.374686429298166,41.138810867993925,12.887510575490534
1915200,ckZOxVGA15KlICneOKmROPL3iD7pLsQ9cOiOTPozo5ytHCQbXJ1PV54n4kTLE4Sj,8.344764440253602,43.07354738471639,13.021195231068823
1915500,ckZOxVGA15KlICneOKmROPL3iD7pLsQ9cOiOTPozo5ytHCQbXJ1PV54n4kTLE4Sj,8.21323345415486,49.88769396010856,12.685228410523404
1915800,ckZOxVGA15KlICneOKmROPL3iD7pLsQ9cOiOTPozo5ytHCQbXJ1PV54n4kTLE4Sj,8.288875042897901,44.43911337913714,12.744533618761336
1916100,ckZOxVGA15KlICneOKmROPL3iD7pLsQ9cOiOTPozo5ytHCQbXJ1PV54n4kTLE4Sj,8.349828134158713,42.12237782042177,12.40664325963374
1916400,ckZOxVGA15KlICneOKmROPL3iD7pLsQ9cOiOTPozo5ytHCQbXJ1PV54n4kTLE4Sj,7.925484373140337,43.34417447565914,12.534750507257291
1916700,ckZOxVGA15KlICneOKmROPL3iD7pLsQ9cOiOTPozo5ytHCQbXJ1PV54n4kTLE4Sj,8.106316389030335,46.52468449865164,12.358123526547953
1917000,ckZOxVGA15KlICneOKmROPL3iD7pLsQ9cOiOTPozo5ytHCQbXJ1PV54n4kTLE4Sj,8.24375561963024,45.47269609911447,12.42670962154158
1917300,ckZOxVGA15KlICneOKmROPL3iD7pLsQ9cOiOTPozo5ytHCQbXJ1PV54n4kTLE4Sj,8.035869767284558,45.862903148024174,12.434567576511943
1917600,ckZOxVGA15KlICneOKmROPL3iD7pLsQ9cOiOTPozo5ytHCQbXJ1PV54n4kTLE4Sj,8.197573205246766,48.70258543523683,12.935667127561466
1917900,ckZOxVGA15KlICneOKmROPL3iD7pLsQ9cOiOTPozo5ytHCQbXJ1PV54n4kTLE4Sj,8.389758158321925,34.468915952644025,10.879844686662816
1918200,ckZOxVGA15KlICneOKmROPL3iD7pLsQ9cOiOTPozo5ytHCQbXJ1PV54n4kTLE4Sj,8.231814626927713,55.99143767555124,16.922498449297205
1918500,ckZOxVGA15KlICneOKmROPL3iD7pLsQ9cOiOTPozo5ytHCQbXJ1PV54n4kTLE4Sj,8.326285053537532,31.10383259874207,11.121417804724844
1918800,ckZOxVGA15KlICneOKmROPL3iD7pLsQ9cOiOTPozo5ytHCQbXJ1PV54n4kTLE4Sj,7.88880028293472,29.711868078449417,10.925959923896391
1919100,ckZOxVGA15KlICneOKmROPL3iD7pLsQ9cOiOTPozo5ytHCQbXJ1PV54n4kTLE4Sj,8.299567034069259,33.51905176520452,10.872846742384422
1919400,ckZOxVGA15KlICneOKmROPL3iD7pLsQ9cOiOTPozo5ytHCQbXJ1PV54n4kTLE4Sj,8.491294255885808,32.9268223157348,11.024643908480533
1919700,ckZOxVGA15KlICneOKmROPL3iD7pLsQ9cOiOTPozo5ytHCQbXJ1PV54n4kTLE4Sj,8.308389702620781,32.56902381540797,10.868535752366432
1920000,ckZOxVGA15KlICneOKmROPL3iD7pLsQ9cOiOTPozo5ytHCQbXJ1PV54n4kTLE4Sj,8.1487305190152,28.79629461665165,10.899757572483647
1920300,ckZOxVGA15KlICneOKmROPL3iD7pLsQ9cOiOTPozo5ytHCQbXJ1PV54n4kTLE4Sj,8.27870220930861,27.826904602922387,11.044528922265778
1920600,ckZOxVGA15KlICneOKmROPL3iD7pLsQ9cOiOTPozo5ytHCQbXJ1PV54n4kTLE4Sj,8.39043040490339,30.487460504277745,11.058481776270092
1920900,ckZOxVGA15KlICneOKmROPL3iD7pLsQ9cOiOTPozo5ytHCQbXJ1PV54n4kTLE4Sj,8.243735721806214,44.85399014324128,12.70917070135509
1921200,ckZOxVGA15KlICneOKmROPL3iD7pLsQ9cOiOTPozo5ytHCQbXJ1PV54n4kTLE4Sj,8.363037116561987,50.454537734941525,13.353058827189418
1921500,ckZOxVGA15KlICneOKmROPL3iD7pLsQ9cOiOTPozo5ytHCQbXJ1PV54n4kTLE4Sj,8.07258710645415,44.02256706233773,12.850422936098322
1921800,ckZOxVGA15KlICneOKmROPL3iD7pLsQ9cOiOTPozo5ytHCQbXJ1PV54n4kTLE4Sj,8.799976067335894,43.79559228837921,12.92567960562179
1922100,ckZOxVGA15KlICneOKmROPL3iD7pLsQ9cOiOTPozo5ytHCQbXJ1PV54n4kTLE4Sj,8.66718179376696,44.30522264512959,12.980650244165732
1922400,ckZOxVGA15KlICneOKmROPL3iD7pLsQ9cOiOTPozo5ytHCQbXJ1PV54n4kTLE4Sj,8.6419904210978,44.82639090043549,12.969433586569608
1922700,ckZOxVGA15KlICneOKmROPL3iD7pLsQ9cOiOTPozo5ytHCQbXJ1PV54n4kTLE4Sj,8.244822392866904,49.10589088000829,13.000029887793325
1923000,ckZOxVGA15KlICneOKmROPL3iD7pLsQ9cOiOTPozo5ytHCQbXJ1PV54n4kTLE4Sj,8.702846808915133,43.502497132413176,13.109168084072303
1923300,ckZOxVGA15KlICneOKmROPL3iD7pLsQ9cOiOTPozo5ytHCQbXJ1PV54n4kTLE4Sj,8.7621724163808,42.0889122534202,13.054433193539763
1923600,ckZOxVGA15KlICneOKmROPL3iD7pLsQ9cOiOTPozo5ytHCQbXJ1PV54n4kTLE4Sj,8.480651923563851,41.0145480359442,12.742358459682952
1923900,ckZOxVGA15KlICneOKmROPL3iD7pLsQ9cOiOTPozo5ytHCQbXJ1PV54n4kTLE4Sj,8.369639870706758,32.163747444309855,12.821606152331553
1924200,ckZOxVGA15KlICneOKmROPL3iD7pLsQ9cOiOTPozo5ytHCQbXJ1PV54n4kTLE4Sj,7.955012823668139,31.879774472698188,12.5871969560049
1924500,ckZOxVGA15KlICneOKmROPL3iD7pLsQ9cOiOTPozo5ytHCQbXJ1PV54n4kTLE4Sj,8.157867325482611,37.163483207761246,12.427858413683452
1924800,ckZOxVGA15KlICneOKmROPL3iD7pLsQ9cOiOTPozo5ytHCQbXJ1PV54n4kTLE4Sj,7.816701708434011,35.545585353563105,12.558948686971783
1925100,ckZOxVGA15KlICneOKmROPL3iD7pLsQ9cOiOTPozo5ytHCQbXJ1PV54n4kTLE4Sj,8.44040018091598,33.30560211048924,12.560077396922704
1925400,ckZOxVGA15KlICneOKmROPL3iD7pLsQ9cOiOTPozo5ytHCQbXJ1PV54n4kTLE4Sj,8.13278709248076,31.582423513913145,12.965275232728356
1925700,ckZOxVGA15KlICneOKmROPL3iD7pLsQ9cOiOTPozo5ytHCQbXJ1PV54n4kTLE4Sj,8.339583739432966,38.39179962976375,12.532505728029696
1926000,ckZOxVGA15KlICneOKmROPL3iD7pLsQ9cOiOTPozo5ytHCQbXJ1PV54n4kTLE4Sj,8.078359048402403,34.81129037281362,12.593988839761709
1926300,ckZOxVGA15KlICneOKmROPL3iD7pLsQ9cOiOTPozo5ytHCQbXJ1PV54n4kTLE4Sj,8.187464417390517,34.76307606864754,12.60162580325428
1926600,ckZOxVGA15KlICneOKmROPL3iD7pLsQ9cOiOTPozo5ytHCQbXJ1PV54n4kTLE4Sj,7.587677765576114,35.52545309301072,12.570415693175264
1926900,ckZOxVGA15KlICneOKmROPL3iD7pLsQ9cOiOTPozo5ytHCQbXJ1PV54n4kTLE4Sj,8.277155046112549,40.922129516328845,12.615650970028764
1927200,ckZOxVGA15KlICneOKmROPL3iD7pLsQ9cOiOTPozo5ytHCQbXJ1PV54n4kTLE4Sj,8.373041335150726,38.686454522158016,12.505021272344214
1927500,ckZOxVGA15KlICneOKmROPL3iD7pLsQ9cOiOTPozo5ytHCQbXJ1PV54n4kTLE4Sj,8.254776714977925,36.18695081170772,12.7985895506717
1927800,ckZOxVGA15KlICneOKmROPL3iD7pLsQ9cOiOTPozo5ytHCQbXJ1PV54n4kTLE4Sj,8.266383123725394,45.67535353416309,12.781148871397496
1928100,ckZOxVGA15KlICneOKmROPL3iD7pLsQ9cOiOTPozo5ytHCQbXJ1PV54n4kTLE4Sj,8.346593375524261,39.76422922420349,12.629534107796411
1928400,ckZOxVGA15KlICneOKmROPL3iD7pLsQ9cOiOTPozo5ytHCQbXJ1PV54n4kTLE4Sj,8.74982003315587,39.7552230439608,12.929121601342375
1928700,ckZOxVGA15KlICneOKmROPL3iD7pLsQ9cOiOTPozo5ytHCQbXJ1PV54n4kTLE4Sj,8.516326634471907,41.57285945120079,13.136811603186532
1929000,ckZOxVGA15KlICneOKmROPL3iD7pLsQ9cOiOTPozo5ytHCQbXJ1PV54n4kTLE4Sj,8.737304156558077,45.180869857739566,13.202664174997135
1929300,ckZOxVGA15KlICneOKmROPL3iD7pLsQ9cOiOTPozo5ytHCQbXJ1PV54n4kTLE4Sj,8.518245500862928,38.663678126378315,13.173089767687792
1929600,ckZOxVGA15KlICneOKmROPL3iD7pLsQ9cOiOTPozo5ytHCQbXJ1PV54n4kTLE4Sj,8.501583037005362,41.78812091348398,13.199234414655884
1929900,ckZOxVGA15KlICneOKmROPL3iD7pLsQ9cOiOTPozo5ytHCQbXJ1PV54n4kTLE4Sj,8.61989047191637,41.41493181200884,12.818651868459392
1930200,ckZOxVGA15KlICneOKmROPL3iD7pLsQ9cOiOTPozo5ytHCQbXJ1PV54n4kTLE4Sj,8.811602340788044,41.44910920362252,12.985390445425075
1930500,ckZOxVGA15KlICneOKmROPL3iD7pLsQ9cOiOTPozo5ytHCQbXJ1PV54n4kTLE4Sj,8.82803650405294,21.672623036215967,11.37612269623485
1930800,ckZOxVGA15KlICneOKmROPL3iD7pLsQ9cOiOTPozo5ytHCQbXJ1PV54n4kTLE4Sj,8.784366590502785,22.08650490485747,11.409321500336205
1931100,ckZOxVGA15KlICneOKmROPL3iD7pLsQ9cOiOTPozo5ytHCQbXJ1PV54n4kTLE4Sj,9.008256647894532,24.134970668658585,11.520587652176866
1931400,ckZOxVGA15KlICneOKmROPL3iD7pLsQ9cOiOTPozo5ytHCQbXJ1PV54n4kTLE4Sj,8.581695213911726,22.16328400457058,11.289644878061443
1931700,ckZOxVGA15KlICneOKmROPL3iD7pLsQ9cOiOTPozo5ytHCQbXJ1PV54n4kTLE4Sj,8.336643383872183,27.66743676643524,11.162568778861855
1932000,ckZOxVGA15KlICneOKmROPL3iD7pLsQ9cOiOTPozo5ytHCQbXJ1PV54n4kTLE4Sj,8.354531718821093,26.30192596928964,11.291686572715182
1932300,ckZOxVGA15KlICneOKmROPL3iD7pLsQ9cOiOTPozo5ytHCQbXJ1PV54n4kTLE4Sj,7.313363105620515,27.80296365809727,10.130460578770732
1932600,ckZOxVGA15KlICneOKmROPL3iD7pLsQ9cOiOTPozo5ytHCQbXJ1PV54n4kTLE4Sj,7.348030939731707,27.29898015175912,10.557240081681543
1932900,ckZOxVGA15KlICneOKmROPL3iD7pLsQ9cOiOTPozo5ytHCQbXJ1PV54n4kTLE4Sj,7.9678160705743615,29.61022782944489,10.727650056869017
1933200,ckZOxVGA15KlICneOKmROPL3iD7pLsQ9cOiOTPozo5ytHCQbXJ1PV54n4kTLE4Sj,7.806390762251866,26.65330240160747,10.649188013171146
1933500,ckZOxVGA15KlICneOKmROPL3iD7pLsQ9cOiOTPozo5ytHCQbXJ1PV54n4kTLE4Sj,8.184946244605252,41.01122121313531,12.269507859323976
1933800,ckZOxVGA15KlICneOKmROPL3iD7pLsQ9cOiOTPozo5ytHCQbXJ1PV54n4kTLE4Sj,8.110903614193177,46.25010807263364,12.670406210502728
1934100,ckZOxVGA15KlICneOKmROPL3iD7pLsQ9cOiOTPozo5ytHCQbXJ1PV54n4kTLE4Sj,7.885334150792429,48.6053391768566,12.421405953556087
1934400,ckZOxVGA15KlICneOKmROPL3iD7pLsQ9cOiOTPozo5ytHCQbXJ1PV54n4kTLE4Sj,8.303201294118814,44.99947838477579,12.457958190610947
1934700,ckZOxVGA15KlICneOKmROPL3iD7pLsQ9cOiOTPozo5ytHCQbXJ1PV54n4kTLE4Sj,8.24157657646307,44.69643104955286,12.466447676046004
1935000,ckZOxVGA15KlICneOKmROPL3iD7pLsQ9cOiOTPozo5ytHCQbXJ1PV54n4kTLE4Sj,8.369204815581831,49.14429282712929,12.450809555268172
1935300,ckZOxVGA15KlICneOKmROPL3iD7pLsQ9cOiOTPozo5ytHCQbXJ1PV54n4kTLE4Sj,8.368883399250596,29.60777203901025,12.485527048829114
1935600,ckZOxVGA15KlICneOKmROPL3iD7pLsQ9cOiOTPozo5ytHCQbXJ1PV54n4kTLE4Sj,8.158315821932616,49.1084790146958,12.55726069814513
1935900,ckZOxVGA15KlICneOKmROPL3iD7pLsQ9cOiOTPozo5ytHCQbXJ1PV54n4kTLE4Sj,7.54126122579915,47.638069323954994,12.532983227524785
1936200,ckZOxVGA15KlICneOKmROPL3iD7pLsQ9cOiOTPozo5ytHCQbXJ1PV54n4kTLE4Sj,8.284018535113521,40.56588983929874,12.612638551139158
1936500,ckZOxVGA15KlICneOKmROPL3iD7pLsQ9cOiOTPozo5ytHCQbXJ1PV54n4kTLE4Sj,8.20990901320824,46.23179490572966,12.573835221884831
1936800,ckZOxVGA15KlICneOKmROPL3iD7pLsQ9cOiOTPozo5ytHCQbXJ1PV54n4kTLE4Sj,8.363934476606314,45.35587061746138,12.574963858117163
1937100,ckZOxVGA15KlICneOKmROPL3iD7pLsQ9cOiOTPozo5ytHCQbXJ1PV54n4kTLE4Sj,8.205346132809465,45.917987616934994,12.804123379097575
1937400,ckZOxVGA15KlICneOKmROPL3iD7pLsQ9cOiOTPozo5ytHCQbXJ1PV54n4kTLE4Sj,8.670419218852949,53.47528793735153,12.632809375861266
1937700,ckZOxVGA15KlICneOKmROPL3iD7pLsQ9cOiOTPozo5ytHCQbXJ1PV54n4kTLE4Sj,8.78502606330863,45.93927178961806,12.700330395153882
1938000,ckZOxVGA15KlICneOKmROPL3iD7pLsQ9cOiOTPozo5ytHCQbXJ1PV54n4kTLE4Sj,8.528325164105553,47.97229004845073,13.082691948313416
1938300,ckZOxVGA15KlICneOKmROPL3iD7pLsQ9cOiOTPozo5ytHCQbXJ1PV54n4kTLE4Sj,8.555547161743942,41.89372579973183,12.789978644168396
1938600,ckZOxVGA15KlICneOKmROPL3iD7pLsQ9cOiOTPozo5ytHCQbXJ1PV54n4kTLE4Sj,8.378709655054047,42.3404458272466,12.693269574909698
1938900,ckZOxVGA15KlICneOKmROPL3iD7pLsQ9cOiOTPozo5ytHCQbXJ1PV54n4kTLE4Sj,8.872889924124081,48.30642834097538,12.697032233347628
1939200,ckZOxVGA15KlICneOKmROPL3iD7pLsQ9cOiOTPozo5ytHCQbXJ1PV54n4kTLE4Sj,8.336898376797407,46.03728753260986,12.931862736103724
1939500,ckZOxVGA15KlICneOKmROPL3iD7pLsQ9cOiOTPozo5ytHCQbXJ1PV54n4kTLE4Sj,8.35009791623051,45.84035367817111,12.534252066087223
1939800,ckZOxVGA15KlICneOKmROPL3iD7pLsQ9cOiOTPozo5ytHCQbXJ1PV54n4kTLE4Sj,8.126138621592759,42.65254696918815,12.449941896958556
1940100,ckZOxVGA15KlICneOKmROPL3iD7pLsQ9cOiOTPozo5ytHCQbXJ1PV54n4kTLE4Sj,8.100226811462656,44.21307248765141,12.215064778054746
1940400,ckZOxVGA15KlICneOKmROPL3iD7pLsQ9cOiOTPozo5ytHCQbXJ1PV54n4kTLE4Sj,7.993419102769747,42.66455200634798,12.202388968739632
1940700,ckZOxVGA15KlICneOKmROPL3iD7pLsQ9cOiOTPozo5ytHCQbXJ1PV54n4kTLE4Sj,8.172217556640359,39.36190809952638,12.17178034887742
1941000,ckZOxVGA15KlICneOKmROPL3iD7pLsQ9cOiOTPozo5ytHCQbXJ1PV54n4kTLE4Sj,7.961789889871197,46.67008889213714,12.267516882459486
1941300,ckZOxVGA15KlICneOKmROPL3iD7pLsQ9cOiOTPozo5ytHCQbXJ1PV54n4kTLE4Sj,8.1871857827468,41.93387621349732,12.305054534057025
1941600,ckZOxVGA15KlICneOKmROPL3iD7pLsQ9cOiOTPozo5ytHCQbXJ1PV54n4kTLE4Sj,8.296218274124787,39.0745077194898,12.714242827303336
1941900,ckZOxVGA15KlICneOKmROPL3iD7pLsQ9cOiOTPozo5ytHCQbXJ1PV54n4kTLE4Sj,8.268486664546574,39.69744704493922,12.49762203946041
1942200,ckZOxVGA15KlICneOKmROPL3iD7pLsQ9cOiOTPozo5ytHCQbXJ1PV54n4kTLE4Sj,8.264393623354504,38.449300917617535,12.429548388978272
1942500,ckZOxVGA15KlICneOKmROPL3iD7pLsQ9cOiOTPozo5ytHCQbXJ1PV54n4kTLE4Sj,8.093840402707398,48.58831237855574,12.43360131007424
1942800,ckZOxVGA15KlICneOKmROPL3iD7pLsQ9cOiOTPozo5ytHCQbXJ1PV54n4kTLE4Sj,8.216436976317574,40.46639695435697,12.498381772721704
1943100,ckZOxVGA15KlICneOKmROPL3iD7pLsQ9cOiOTPozo5ytHCQbXJ1PV54n4kTLE4Sj,8.43455593739165,36.19594571416729,10.887583598839337
1943400,ckZOxVGA15KlICneOKmROPL3iD7pLsQ9cOiOTPozo5ytHCQbXJ1PV54n4kTLE4Sj,8.611004164729843,27.915952724199105,10.952904172725455
1943700,ckZOxVGA15KlICneOKmROPL3iD7pLsQ9cOiOTPozo5ytHCQbXJ1PV54n4kTLE4Sj,8.249490560250578,29.959650998898837,11.036981331867675
1944000,ckZOxVGA15KlICneOKmROPL3iD7pLsQ9cOiOTPozo5ytHCQbXJ1PV54n4kTLE4Sj,8.334104887591094,30.578969781196918,10.991643901086514
1944300,ckZOxVGA15KlICneOKmROPL3iD7pLsQ9cOiOTPozo5ytHCQbXJ1PV54n4kTLE4Sj,8.348856431042497,33.74166530631072,11.038517166435527
1944600,ckZOxVGA15KlICneOKmROPL3iD7pLsQ9cOiOTPozo5ytHCQbXJ1PV54n4kTLE4Sj,8.535603330649105,30.82670050406045,11.262718746006165
1944900,ckZOxVGA15KlICneOKmROPL3iD7pLsQ9cOiOTPozo5ytHCQbXJ1PV54n4kTLE4Sj,8.454600181701622,35.16985513990811,11.10050705908106
1945200,ckZOxVGA15KlICneOKmROPL3iD7pLsQ9cOiOTPozo5ytHCQbXJ1PV54n4kTLE4Sj,8.41628405360297,32.91918786973432,11.014756149199716
1945500,ckZOxVGA15KlICneOKmROPL3iD7pLsQ9cOiOTPozo5ytHCQbXJ1PV54n4kTLE4Sj,8.3316756282,27.949861005711345,11.162738096333142
1945800,ckZOxVGA15KlICneOKmROPL3iD7pLsQ9cOiOTPozo5ytHCQbXJ1PV54n4kTLE4Sj,8.422318898908102,30.509122112343825,11.469837822880493
1946100,ckZOxVGA15KlICneOKmROPL3iD7pLsQ9cOiOTPozo5ytHCQbXJ1PV54n4kTLE4Sj,8.768758197618334,35.26585612836553,12.75674743458568
1946400,ckZOxVGA15KlICneOKmROPL3iD7pLsQ9cOiOTPozo5ytHCQbXJ1PV54n4kTLE4Sj,8.106789909153676,35.558889693426664,12.907672321352374
1946700,ckZOxVGA15KlICneOKmROPL3iD7pLsQ9cOiOTPozo5ytHCQbXJ1PV54n4kTLE4Sj,8.920799790705475,40.98353497110737,12.883293509302757
1947000,ckZOxVGA15KlICneOKmROPL3iD7pLsQ9cOiOTPozo5ytHCQbXJ1PV54n4kTLE4Sj,8.468805487159441,36.355682975941754,13.024305191541863
1947300,ckZOxVGA15KlICneOKmROPL3iD7pLsQ9cOiOTPozo5ytHCQbXJ1PV54n4kTLE4Sj,8.540762364638743,38.029177078612605,12.950301456933852
1947600,ckZOxVGA15KlICneOKmROPL3iD7pLsQ9cOiOTPozo5ytHCQbXJ1PV54n4kTLE4Sj,8.102424173578566,34.728038017059205,12.5678570314284
1947900,ckZOxVGA15KlICneOKmROPL3iD7pLsQ9cOiOTPozo5ytHCQbXJ1PV54n4kTLE4Sj,8.268218116625906,38.47772674323068,12.548734753804636
1948200,ckZOxVGA15KlICneOKmROPL3iD7pLsQ9cOiOTPozo5ytHCQbXJ1PV54n4kTLE4Sj,8.172124611913388,34.15948029797741,12.34089797260869
1948500,ckZOxVGA15KlICneOKmROPL3iD7pLsQ9cOiOTPozo5ytHCQbXJ1PV54n4kTLE4Sj,8.297207114623012,35.33647415004351,12.35926758999725
1948800,ckZOxVGA15KlICneOKmROPL3iD7pLsQ9cOiOTPozo5ytHCQbXJ1PV54n4kTLE4Sj,7.876751305236576,41.74328839294054,12.326043693734007
1949100,ckZOxVGA15KlICneOKmROPL3iD7pLsQ9cOiOTPozo5ytHCQbXJ1PV54n4kTLE4Sj,8.107434803400222,35.58642129900155,12.498697512620202
1949400,ckZOxVGA15KlICneOKmROPL3iD7pLsQ9cOiOTPozo5ytHCQbXJ1PV54n4kTLE4Sj,7.89629102909271,36.53645353886077,12.226790143695194
1949700,ckZOxVGA15KlICneOKmROPL3iD7pLsQ9cOiOTPozo5ytHCQbXJ1PV54n4kTLE4Sj,8.314019703191283,34.21558876378504,12.76128189828668
1950000,ckZOxVGA15KlICneOKmROPL3iD7pLsQ9cOiOTPozo5ytHCQbXJ1PV54n4kTLE4Sj,8.295184973507723,33.55677683433826,12.520723615276944
1950300,ckZOxVGA15KlICneOKmROPL3iD7pLsQ9cOiOTPozo5ytHCQbXJ1PV54n4kTLE4Sj,7.492856193799253,33.14075975011775,12.021227769935107
1950600,ckZOxVGA15KlICneOKmROPL3iD7pLsQ9cOiOTPozo5ytHCQbXJ1PV54n4kTLE4Sj,7.944955887146789,34.48734245977311,12.637939857053862
1950900,ckZOxVGA15KlICneOKmROPL3iD7pLsQ9cOiOTPozo5ytHCQbXJ1PV54n4kTLE4Sj,8.420034584469155,33.411699978617634,12.592351243058689
1951200,ckZOxVGA15KlICneOKmROPL3iD7pLsQ9cOiOTPozo5ytHCQbXJ1PV54n4kTLE4Sj,7.94927611751855,40.1049020387748,12.608585457786669
1951500,ckZOxVGA15KlICneOKmROPL3iD7pLsQ9cOiOTPozo5ytHCQbXJ1PV54n4kTLE4Sj,8.44724193689471,33.25214836381342,12.590347856429345
1951800,ckZOxVGA15KlICneOKmROPL3iD7pLsQ9cOiOTPozo5ytHCQbXJ1PV54n4kTLE4Sj,8.24486615699334,36.53813102352695,12.567312070288898
1952100,ckZOxVGA15KlICneOKmROPL3iD7pLsQ9cOiOTPozo5ytHCQbXJ1PV54n4kTLE4Sj,8.478734898335464,33.58439527783801,12.66982799498368
1952400,ckZOxVGA15KlICneOKmROPL3iD7pLsQ9cOiOTPozo5ytHCQbXJ1PV54n4kTLE4Sj,8.129046037215316,33.335666642753495,12.646960373244465
1952700,ckZOxVGA15KlICneOKmROPL3iD7pLsQ9cOiOTPozo5ytHCQbXJ1PV54n4kTLE4Sj,8.62535985799421,29.21804069811036,12.979710430629444
1953000,ckZOxVGA15KlICneOKmROPL3iD7pLsQ9cOiOTPozo5ytHCQbXJ1PV54n4kTLE4Sj,8.658334871255306,32.19504166764338,12.83628415338482
1953300,ckZOxVGA15KlICneOKmROPL3iD7pLsQ9cOiOTPozo5ytHCQbXJ1PV54n4kTLE4Sj,8.284771907861504,35.584654920031824,12.753450891114143
1953600,ckZOxVGA15KlICneOKmROPL3iD7pLsQ9cOiOTPozo5ytHCQbXJ1PV54n4kTLE4Sj,8.76611368170455,33.27307936792803,12.854221833243816
1953900,ckZOxVGA15KlICneOKmROPL3iD7pLsQ9cOiOTPozo5ytHCQbXJ1PV54n4kTLE4Sj,8.491636255660291,31.91744233297896,13.08022816695072
1954200,ckZOxVGA15KlICneOKmROPL3iD7pLsQ9cOiOTPozo5ytHCQbXJ1PV54n4kTLE4Sj,8.709355332035958,48.058607431163686,12.907053046454172
1954500,ckZOxVGA15KlICneOKmROPL3iD7pLsQ9cOiOTPozo5ytHCQbXJ1PV54n4kTLE4Sj,8.674847662839385,42.92817037280772,12.853365490453156
1954800,ckZOxVGA15KlICneOKmROPL3iD7pLsQ9cOiOTPozo5ytHCQbXJ1PV54n4kTLE4Sj,8.729884543364353,45.42273703962741,12.77904812892298
1955100,ckZOxVGA15KlICneOKmROPL3iD7pLsQ9cOiOTPozo5ytHCQbXJ1PV54n4kTLE4Sj,8.407051815489782,46.38564689364628,12.881440551212725
1955400,ckZOxVGA15KlICneOKmROPL3iD7pLsQ9cOiOTPozo5ytHCQbXJ1PV54n4kTLE4Sj,8.659739563174524,45.36161644825556,12.800250918717833
1955700,ckZOxVGA15KlICneOKmROPL3iD7pLsQ9cOiOTPozo5ytHCQbXJ1PV54n4kTLE4Sj,8.470681587029102,28.842561180956945,11.000609519728528
1956000,ckZOxVGA15KlICneOKmROPL3iD7pLsQ9cOiOTPozo5ytHCQbXJ1PV54n4kTLE4Sj,8.041632502007575,32.979825096974395,12.1240775406382
1956300,ckZOxVGA15KlICneOKmROPL3iD7pLsQ9cOiOTPozo5ytHCQbXJ1PV54n4kTLE4Sj,8.04290734991956,32.764063763412466,10.885838015720994
1956600,ckZOxVGA15KlICneOKmROPL3iD7pLsQ9cOiOTPozo5ytHCQbXJ1PV54n4kTLE4Sj,7.961437417711845,34.93593728065286,10.69829312421246
1956900,ckZOxVGA15KlICneOKmROPL3iD7pLsQ9cOiOTPozo5ytHCQbXJ1PV54n4kTLE4Sj,8.458265290584297,28.458717687452623,10.736923521606172
1957200,ckZOxVGA15KlICneOKmROPL3iD7pLsQ9cOiOTPozo5ytHCQbXJ1PV54n4kTLE4Sj,8.477891028131697,28.311023116084776,10.814295500858112
1957500,ckZOxVGA15KlICneOKmROPL3iD7pLsQ9cOiOTPozo5ytHCQbXJ1PV54n4kTLE4Sj,8.432754622110814,32.71483420981999,10.84696706213486
1957800,ckZOxVGA15KlICneOKmROPL3iD7pLsQ9cOiOTPozo5ytHCQbXJ1PV54n4kTLE4Sj,8.486031040378803,27.67695262458297,10.907060871443903
1958100,ckZOxVGA15KlICneOKmROPL3iD7pLsQ9cOiOTPozo5ytHCQbXJ1PV54n4kTLE4Sj,8.346163769208912,28.021331864131128,11.189540291522034
1958400,ckZOxVGA15KlICneOKmROPL3iD7pLsQ9cOiOTPozo5ytHCQbXJ1PV54n4kTLE4Sj,8.357446841358762,29.18936136331688,10.955970923552869
1958700,ckZOxVGA15KlICneOKmROPL3iD7pLsQ9cOiOTPozo5ytHCQbXJ1PV54n4kTLE4Sj,8.603231567751404,48.521260424902906,12.57101678687694
1959000,ckZOxVGA15KlICneOKmROPL3iD7pLsQ9cOiOTPozo5ytHCQbXJ1PV54n4kTLE4Sj,8.513924319732498,51.970693595093984,12.78075759921568
1959300,ckZOxVGA15KlICneOKmROPL3iD7pLsQ9cOiOTPozo5ytHCQbXJ1PV54n4kTLE4Sj,7.99918969306053,45.162309020042635,12.70963933003263
1959600,ckZOxVGA15KlICneOKmROPL3iD7pLsQ9cOiOTPozo5ytHCQbXJ1PV54n4kTLE4Sj,8.625587555920735,52.254615310231,12.7296056046144
1959900,ckZOxVGA15KlICneOKmROPL3iD7pLsQ9cOiOTPozo5ytHCQbXJ1PV54n4kTLE4Sj,8.31721316051712,52.01133370564286,12.821106806133262
1960200,ckZOxVGA15KlICneOKmROPL3iD7pLsQ9cOiOTPozo5ytHCQbXJ1PV54n4kTLE4Sj,8.723177418925987,48.87951077896876,12.709812897186229
1960500,ckZOxVGA15KlICneOKmROPL3iD7pLsQ9cOiOTPozo5ytHCQbXJ1PV54n4kTLE4Sj,8.510318449373786,48.4141148969713,12.671747635232578
1960800,ckZOxVGA15KlICneOKmROPL3iD7pLsQ9cOiOTPozo5ytHCQbXJ1PV54n4kTLE4Sj,8.746669814528055,50.306744559509205,12.817738428068704
1961100,ckZOxVGA15KlICneOKmROPL3iD7pLsQ9cOiOTPozo5ytHCQbXJ1PV54n4kTLE4Sj,8.483033704587214,51.746754935211,12.831806037739335
1961400,ckZOxVGA15KlICneOKmROPL3iD7pLsQ9cOiOTPozo5ytHCQbXJ1PV54n4kTLE4Sj,8.553769076157552,48.04620056167652,12.897618633168602
1961700,ckZOxVGA15KlICneOKmROPL3iD7pLsQ9cOiOTPozo5ytHCQbXJ1PV54n4kTLE4Sj,8.984638344846422,42.36859674340053,12.98259823500829
1962000,ckZOxVGA15KlICneOKmROPL3iD7pLsQ9cOiOTPozo5ytHCQbXJ1PV54n4kTLE4Sj,8.9064914983256,44.15286110195511,12.892485212201803
1962300,ckZOxVGA15KlICneOKmROPL3iD7pLsQ9cOiOTPozo5ytHCQbXJ1PV54n4kTLE4Sj,8.497136621111746,48.94923222865542,13.30857209076019
1962600,ckZOxVGA15KlICneOKmROPL3iD7pLsQ9cOiOTPozo5ytHCQbXJ1PV54n4kTLE4Sj,8.996448248759314,45.43500007859994,12.950932453904006
1962900,ckZOxVGA15KlICneOKmROPL3iD7pLsQ9cOiOTPozo5ytHCQbXJ1PV54n4kTLE4Sj,9.0810142846582,39.70968150867519,13.015533942538797
1963200,ckZOxVGA15KlICneOKmROPL3iD7pLsQ9cOiOTPozo5ytHCQbXJ1PV54n4kTLE4Sj,8.42104746668335,41.48517901834688,13.018834805576484
1963500,ckZOxVGA15KlICneOKmROPL3iD7pLsQ9cOiOTPozo5ytHCQbXJ1PV54n4kTLE4Sj,8.454248157006726,38.3244630105896,12.872746234355716
1963800,ckZOxVGA15KlICneOKmROPL3iD7pLsQ9cOiOTPozo5ytHCQbXJ1PV54n4kTLE4Sj,8.207361122996945,39.29348477481969,12.482295975342502
1964100,ckZOxVGA15KlICneOKmROPL3iD7pLsQ9cOiOTPozo5ytHCQbXJ1PV54n4kTLE4Sj,8.126788132731221,42.700134820940406,12.27042581118564
1964400,ckZOxVGA15KlICneOKmROPL3iD7pLsQ9cOiOTPozo5ytHCQbXJ1PV54n4kTLE4Sj,8.21399799158819,46.142347161059114,12.292952925832743
1964700,ckZOxVGA15KlICneOKmROPL3iD7pLsQ9cOiOTPozo5ytHCQbXJ1PV54n4kTLE4Sj,7.998009464944474,44.034659944881554,12.256363614803345
1965000,ckZOxVGA15KlICneOKmROPL3iD7pLsQ9cOiOTPozo5ytHCQbXJ1PV54n4kTLE4Sj,8.255779062244585,36.58092532007648,12.320238079700848
1965300,ckZOxVGA15KlICneOKmROPL3iD7pLsQ9cOiOTPozo5ytHCQbXJ1PV54n4kTLE4Sj,7.957886031656231,39.96912766816504,12.323748570619262
1965600,ckZOxVGA15KlICneOKmROPL3iD7pLsQ9cOiOTPozo5ytHCQbXJ1PV54n4kTLE4Sj,8.342271912771531,37.16523991530888,12.29643696033724
1965900,ckZOxVGA15KlICneOKmROPL3iD7pLsQ9cOiOTPozo5ytHCQbXJ1PV54n4kTLE4Sj,8.366300209136197,36.04255557922497,12.363915549521266
1966200,ckZOxVGA15KlICneOKmROPL3iD7pLsQ9cOiOTPozo5ytHCQbXJ1PV54n4kTLE4Sj,8.468489038844146,42.45381464475936,12.471512190656345
1966500,ckZOxVGA15KlICneOKmROPL3iD7pLsQ9cOiOTPozo5ytHCQbXJ1PV54n4kTLE4Sj,8.4291404955416,36.19813955556344,12.930884077318956
1966800,ckZOxVGA15KlICneOKmROPL3iD7pLsQ9cOiOTPozo5ytHCQbXJ1PV54n4kTLE4Sj,8.094961164955123,35.5335890218232,12.536082705206503
1967100,ckZOxVGA15KlICneOKmROPL3iD7pLsQ9cOiOTPozo5ytHCQbXJ1PV54n4kTLE4Sj,8.486917311699168,34.584616033986734,12.631797562554116
1967400,ckZOxVGA15KlICneOKmROPL3iD7pLsQ9cOiOTPozo5ytHCQbXJ1PV54n4kTLE4Sj,8.48845147366783,37.94470288151086,12.563504567997729
1967700,ckZOxVGA15KlICneOKmROPL3iD7pLsQ9cOiOTPozo5ytHCQbXJ1PV54n4kTLE4Sj,8.602826485033921,36.168191143241046,12.620147390212958
1968000,ckZOxVGA15KlICneOKmROPL3iD7pLsQ9cOiOTPozo5ytHCQbXJ1PV54n4kTLE4Sj,8.357666847007177,36.13982071174976,12.825505898464504
1968300,ckZOxVGA15KlICneOKmROPL3iD7pLsQ9cOiOTPozo5ytHCQbXJ1PV54n4kTLE4Sj,8.245814710339133,30.001268270045426,11.087936716126965
1968600,ckZOxVGA15KlICneOKmROPL3iD7pLsQ9cOiOTPozo5ytHCQbXJ1PV54n4kTLE4Sj,8.377065386586638,36.31429275566699,11.443997792809222
1968900,ckZOxVGA15KlICneOKmROPL3iD7pLsQ9cOiOTPozo5ytHCQbXJ1PV54n4kTLE4Sj,8.700722133908302,34.661757133830015,11.355408765754992
1969200,ckZOxVGA15KlICneOKmROPL3iD7pLsQ9cOiOTPozo5ytHCQbXJ1PV54n4kTLE4Sj,8.604304578839875,32.01775880964074,11.262713129460254
1969500,ckZOxVGA15KlICneOKmROPL3iD7pLsQ9cOiOTPozo5ytHCQbXJ1PV54n4kTLE4Sj,8.65069112238238,29.843644441553707,11.20519501482324
1969800,ckZOxVGA15KlICneOKmROPL3iD7pLsQ9cOiOTPozo5ytHCQbXJ1PV54n4kTLE4Sj,8.695213035143407,30.789746660640997,11.276085525016171
1970100,ckZOxVGA15KlICneOKmROPL3iD7pLsQ9cOiOTPozo5ytHCQbXJ1PV54n4kTLE4Sj,8.554276656561838,10.730293362079433,9.532026248374711
1970400,ckZOxVGA15KlICneOKmROPL3iD7pLsQ9cOiOTPozo5ytHCQbXJ1PV54n4kTLE4Sj,8.640818462641963,31.63725420101299,11.29626156639203
1970700,ckZOxVGA15KlICneOKmROPL3iD7pLsQ9cOiOTPozo5ytHCQbXJ1PV54n4kTLE4Sj,8.670414438532307,36.421602251065,11.378092212078093
1971000,ckZOxVGA15KlICneOKmROPL3iD7pLsQ9cOiOTPozo5ytHCQbXJ1PV54n4kTLE4Sj,8.858281509373596,34.643260668163336,11.3616394144531
1971300,ckZOxVGA15KlICneOKmROPL3iD7pLsQ9cOiOTPozo5ytHCQbXJ1PV54n4kTLE4Sj,8.261386328914993,34.490933230621565,11.26475502182068
1971600,ckZOxVGA15KlICneOKmROPL3iD7pLsQ9cOiOTPozo5ytHCQbXJ1PV54n4kTLE4Sj,8.35293379469623,39.086941059499935,12.776905879175192
1971900,ckZOxVGA15KlICneOKmROPL3iD7pLsQ9cOiOTPozo5ytHCQbXJ1PV54n4kTLE4Sj,7.978314461153358,35.5457852669049,12.587560668144452
1972200,ckZOxVGA15KlICneOKmROPL3iD7pLsQ9cOiOTPozo5ytHCQbXJ1PV54n4kTLE4Sj,8.031317154897625,30.593279878398427,12.412293781777352
1972500,ckZOxVGA15KlICneOKmROPL3iD7pLsQ9cOiOTPozo5ytHCQbXJ1PV54n4kTLE4Sj,8.45795014023746,36.28312565521672,12.554808322909304
1972800,ckZOxVGA15KlICneOKmROPL3iD7pLsQ9cOiOTPozo5ytHCQbXJ1PV54n4kTLE4Sj,8.228896411606232,36.30278213939296,12.55199946181175
1973100,ckZOxVGA15KlICneOKmROPL3iD7pLsQ9cOiOTPozo5ytHCQbXJ1PV54n4kTLE4Sj,8.173824192425542,30.40111608643012,12.529164176193667
1973400,ckZOxVGA15KlICneOKmROPL3iD7pLsQ9cOiOTPozo5ytHCQbXJ1PV54n4kTLE4Sj,8.10297047630651,32.88619841501572,12.607381911089508
1973700,ckZOxVGA15KlICneOKmROPL3iD7pLsQ9cOiOTPozo5ytHCQbXJ1PV54n4kTLE4Sj,8.363208308149833,43.16264047278335,12.644151296476789
1974000,ckZOxVGA15KlICneOKmROPL3iD7pLsQ9cOiOTPozo5ytHCQbXJ1PV54n4kTLE4Sj,8.480916143842286,42.12976716804191,12.595759795772173
1974300,ckZOxVGA15KlICneOKmROPL3iD7pLsQ9cOiOTPozo5ytHCQbXJ1PV54n4kTLE4Sj,8.23415530855549,42.69293517735305,12.967271773219988
1974600,ckZOxVGA15KlICneOKmROPL3iD7pLsQ9cOiOTPozo5ytHCQbXJ1PV54n4kTLE4Sj,8.596488205371566,50.5654900063242,12.65521182984394
1974900,ckZOxVGA15KlICneOKmROPL3iD7pLsQ9cOiOTPozo5ytHCQbXJ1PV54n4kTLE4Sj,8.00594669240592,54.08656916480605,12.668679843264488
1975200,ckZOxVGA15KlICneOKmROPL3iD7pLsQ9cOiOTPozo5ytHCQbXJ1PV54n4kTLE4Sj,8.201692816743758,47.88756413047376,12.808644122514131
1975500,ckZOxVGA15KlICneOKmROPL3iD7pLsQ9cOiOTPozo5ytHCQbXJ1PV54n4kTLE4Sj,8.43726868585995,48.78267154550996,12.824975052123662
1975800,ckZOxVGA15KlICneOKmROPL3iD7pLsQ9cOiOTPozo5ytHCQbXJ1PV54n4kTLE4Sj,8.66583896612866,46.67868010300949,12.822299927645345
1976100,ckZOxVGA15KlICneOKmROPL3iD7pLsQ9cOiOTPozo5ytHCQbXJ1PV54n4kTLE4Sj,8.423153040016876,46.65462786952525,12.821734048689816
1976400,ckZOxVGA15KlICneOKmROPL3iD7pLsQ9cOiOTPozo5ytHCQbXJ1PV54n4kTLE4Sj,8.95797908472307,45.66503873543235,12.894192783226082
1976700,ckZOxVGA15KlICneOKmROPL3iD7pLsQ9cOiOTPozo5ytHCQbXJ1PV54n4kTLE4Sj,8.69481148007278,44.0177916623343,12.870749059925991
1977000,ckZOxVGA15KlICneOKmROPL3iD7pLsQ9cOiOTPozo5ytHCQbXJ1PV54n4kTLE4Sj,8.760785781634784,51.20153434307101,12.99014268600701
1977300,ckZOxVGA15KlICneOKmROPL3iD7pLsQ9cOiOTPozo5ytHCQbXJ1PV54n4kTLE4Sj,8.43299093398999,48.41826086448867,13.047744596075892
1977600,ckZOxVGA15KlICneOKmROPL3iD7pLsQ9cOiOTPozo5ytHCQbXJ1PV54n4kTLE4Sj,8.859984103826049,53.39175138503664,13.020039844125222
1977900,ckZOxVGA15KlICneOKmROPL3iD7pLsQ9cOiOTPozo5ytHCQbXJ1PV54n4kTLE4Sj,9.044238499313535,10.819640681143632,9.652444070745844
1978200,ckZOxVGA15KlICneOKmROPL3iD7pLsQ9cOiOTPozo5ytHCQbXJ1PV54n4kTLE4Sj,8.638988956813243,50.77060575861637,13.036396222344823
1978500,ckZOxVGA15KlICneOKmROPL3iD7pLsQ9cOiOTPozo5ytHCQbXJ1PV54n4kTLE4Sj,8.79419518554956,49.48436800784768,13.204735427568217
1978800,ckZOxVGA15KlICneOKmROPL3iD7pLsQ9cOiOTPozo5ytHCQbXJ1PV54n4kTLE4Sj,8.98656765136668,48.95566233797052,13.23665328709102
1979100,ckZOxVGA15KlICneOKmROPL3iD7pLsQ9cOiOTPozo5ytHCQbXJ1PV54n4kTLE4Sj,8.745533002632998,46.30346954187559,13.156357653273322
1979400,ckZOxVGA15KlICneOKmROPL3iD7pLsQ9cOiOTPozo5ytHCQbXJ1PV54n4kTLE4Sj,8.333540673653046,50.53214788494474,13.023545464900598
1979700,ckZOxVGA15KlICneOKmROPL3iD7pLsQ9cOiOTPozo5ytHCQbXJ1PV54n4kTLE4Sj,8.849295229517955,47.41587941311078,12.899004477592442
1980000,ckZOxVGA15KlICneOKmROPL3iD7pLsQ9cOiOTPozo5ytHCQbXJ1PV54n4kTLE4Sj,8.037630574071896,45.51284037490552,12.579588431556823
1980300,ckZOxVGA15KlICneOKmROPL3iD7pLsQ9cOiOTPozo5ytHCQbXJ1PV54n4kTLE4Sj,8.059647551694765,45.89427009289592,12.387480638538523
1980600,ckZOxVGA15KlICneOKmROPL3iD7pLsQ9cOiOTPozo5ytHCQbXJ1PV54n4kTLE4Sj,8.023687061725854,47.44565093413479,12.314739131992066
1980900,ckZOxVGA15KlICneOKmROPL3iD7pLsQ9cOiOTPozo5ytHCQbXJ1PV54n4kTLE4Sj,7.327323786994835,46.1737568055504,12.253821331871473
1981200,ckZOxVGA15KlICneOKmROPL3iD7pLsQ9cOiOTPozo5ytHCQbXJ1PV54n4kTLE4Sj,8.335125299241861,28.216987193891853,10.70447822357562
1981500,ckZOxVGA15KlICneOKmROPL3iD7pLsQ9cOiOTPozo5ytHCQbXJ1PV54n4kTLE4Sj,7.969892496130894,32.40593372657127,10.793745489824056
1981800,ckZOxVGA15KlICneOKmROPL3iD7pLsQ9cOiOTPozo5ytHCQbXJ1PV54n4kTLE4Sj,8.194188179981396,27.080869193671568,10.716879516107122
1982100,ckZOxVGA15KlICneOKmROPL3iD7pLsQ9cOiOTPozo5ytHCQbXJ1PV54n4kTLE4Sj,7.687700528685459,10.49908526356859,8.941142279413484
1982400,ckZOxVGA15KlICneOKmROPL3iD7pLsQ9cOiOTPozo5ytHCQbXJ1PV54n4kTLE4Sj,7.956558255040124,32.11961709550637,10.990697648591103
1982700,ckZOxVGA15KlICneOKmROPL3iD7pLsQ9cOiOTPozo5ytHCQbXJ1PV54n4kTLE4Sj,7.701947656258061,32.284853397463166,10.858815018267313
1983000,ckZOxVGA15KlICneOKmROPL3iD7pLsQ9cOiOTPozo5ytHCQbXJ1PV54n4kTLE4Sj,8.056743105183001,30.59809050135228,10.969439571793677
1983300,ckZOxVGA15KlICneOKmROPL3iD7pLsQ9cOiOTPozo5ytHCQbXJ1PV54n4kTLE4Sj,8.020457161437529,28.211798178375545,10.913192072825812
1983600,ckZOxVGA15KlICneOKmROPL3iD7pLsQ9cOiOTPozo5ytHCQbXJ1PV54n4kTLE4Sj,7.924213760403587,35.95402039020683,10.846029479354172
1983900,ckZOxVGA15KlICneOKmROPL3iD7pLsQ9cOiOTPozo5ytHCQbXJ1PV54n4kTLE4Sj,8.230152629506957,32.46864684885079,10.927121900398514
1984200,ckZOxVGA15KlICneOKmROPL3iD7pLsQ9cOiOTPozo5ytHCQbXJ1PV54n4kTLE4Sj,8.350486495237169,46.33931468794914,12.605385359019047
1984500,ckZOxVGA15KlICneOKmROPL3iD7pLsQ9cOiOTPozo5ytHCQbXJ1PV54n4kTLE4Sj,8.210997832713286,48.64696521594972,12.644287186090883
1984800,ckZOxVGA15KlICneOKmROPL3iD7pLsQ9cOiOTPozo5ytHCQbXJ1PV54n4kTLE4Sj,8.139828924973079,46.094929918052806,12.556649220962816
1985100,ckZOxVGA15KlICneOKmROPL3iD7pLsQ9cOiOTPozo5ytHCQbXJ1PV54n4kTLE4Sj,7.987102228988266,45.60778059848023,12.757912062030464
1985400,ckZOxVGA15KlICneOKmROPL3iD7pLsQ9cOiOTPozo5ytHCQbXJ1PV54n4kTLE4Sj,8.491862220682894,46.738220265935595,12.751737138202213
1985700,ckZOxVGA15KlICneOKmROPL3iD7pLsQ9cOiOTPozo5ytHCQbXJ1PV54n4kTLE4Sj,7.857583295326464,47.2678245564609,12.770393670814476
1986000,ckZOxVGA15KlICneOKmROPL3iD7pLsQ9cOiOTPozo5ytHCQbXJ1PV54n4kTLE4Sj,8.03870237427627,49.89258339051892,12.820095591957044
1986300,ckZOxVGA15KlICneOKmROPL3iD7pLsQ9cOiOTPozo5ytHCQbXJ1PV54n4kTLE4Sj,8.250858717162972,52.51603527668849,13.102450952098382
1986600,ckZOxVGA15KlICneOKmROPL3iD7pLsQ9cOiOTPozo5ytHCQbXJ1PV54n4kTLE4Sj,8.505801829491467,46.28309256118258,12.9399536958521
1986900,ckZOxVGA15KlICneOKmROPL3iD7pLsQ9cOiOTPozo5ytHCQbXJ1PV54n4kTLE4Sj,8.328355233837577,44.65561426001826,13.027377851893473
1987200,ckZOxVGA15KlICneOKmROPL3iD7pLsQ9cOiOTPozo5ytHCQbXJ1PV54n4kTLE4Sj,8.571177752022821,52.56375048456119,12.938860835649873
1987500,ckZOxVGA15KlICneOKmROPL3iD7pLsQ9cOiOTPozo5ytHCQbXJ1PV54n4kTLE4Sj,7.93447089401706,34.56187222514475,12.595857197098836
1987800,ckZOxVGA15KlICneOKmROPL3iD7pLsQ9cOiOTPozo5ytHCQbXJ1PV54n4kTLE4Sj,7.66484195422793,33.31815900221745,12.574260089339791
1988100,ckZOxVGA15KlICneOKmROPL3iD7pLsQ9cOiOTPozo5ytHCQbXJ1PV54n4kTLE4Sj,7.973800271844011,35.98318924537304,12.265732682169617
1988400,ckZOxVGA15KlICneOKmROPL3iD7pLsQ9cOiOTPozo5ytHCQbXJ1PV54n4kTLE4Sj,7.8035573784484,40.07361961267713,12.331511409015572
1988700,ckZOxVGA15KlICneOKmROPL3iD7pLsQ9cOiOTPozo5ytHCQbXJ1PV54n4kTLE4Sj,8.203842113874593,32.973631313482684,12.348615126767577
1989000,ckZOxVGA15KlICneOKmROPL3iD7pLsQ9cOiOTPozo5ytHCQbXJ1PV54n4kTLE4Sj,7.921009789448227,31.22018334274853,12.388979174009586
1989300,ckZOxVGA15KlICneOKmROPL3iD7pLsQ9cOiOTPozo5ytHCQbXJ1PV54n4kTLE4Sj,7.991084367523262,46.05638932714033,12.383274601054838
1989600,ckZOxVGA15KlICneOKmROPL3iD7pLsQ9cOiOTPozo5ytHCQbXJ1PV54n4kTLE4Sj,7.693184467334984,40.9633814929194,12.472673195750785
1989900,ckZOxVGA15KlICneOKmROPL3iD7pLsQ9cOiOTPozo5ytHCQbXJ1PV54n4kTLE4Sj,7.969916942741017,41.385286414406565,12.423645198901813
1990200,ckZOxVGA15KlICneOKmROPL3iD7pLsQ9cOiOTPozo5ytHCQbXJ1PV54n4kTLE4Sj,7.989242975171061,43.13042997962648,12.472424128234708
1990500,ckZOxVGA15KlICneOKmROPL3iD7pLsQ9cOiOTPozo5ytHCQbXJ1PV54n4kTLE4Sj,7.713189628542251,11.944612137587088,9.339972595971588
1990800,ckZOxVGA15KlICneOKmROPL3iD7pLsQ9cOiOTPozo5ytHCQbXJ1PV54n4kTLE4Sj,8.115825745755991,45.2961879907501,12.469897481828063
1991100,ckZOxVGA15KlICneOKmROPL3iD7pLsQ9cOiOTPozo5ytHCQbXJ1PV54n4kTLE4Sj,7.882431950964967,49.508893607453516,12.523764142961513
1991400,ckZOxVGA15KlICneOKmROPL3iD7pLsQ9cOiOTPozo5ytHCQbXJ1PV54n4kTLE4Sj,8.124075774480744,53.263062457069935,12.55579690034394
1991700,ckZOxVGA15KlICneOKmROPL3iD7pLsQ9cOiOTPozo5ytHCQbXJ1PV54n4kTLE4Sj,8.42285537620086,44.00989500142022,12.536642265806163
1992000,ckZOxVGA15KlICneOKmROPL3iD7pLsQ9cOiOTPozo5ytHCQbXJ1PV54n4kTLE4Sj,8.366344813101957,43.632055508701626,12.565952012737132
1992300,ckZOxVGA15KlICneOKmROPL3iD7pLsQ9cOiOTPozo5ytHCQbXJ1PV54n4kTLE4Sj,8.212594170628332,48.50977970918472,12.804523203242676
1992600,ckZOxVGA15KlICneOKmROPL3iD7pLsQ9cOiOTPozo5ytHCQbXJ1PV54n4kTLE4Sj,8.329886952461774,48.500352677661006,12.758862088205728
1992900,ckZOxVGA15KlICneOKmROPL3iD7pLsQ9cOiOTPozo5ytHCQbXJ1PV54n4kTLE4Sj,8.57431132058836,43.09925990670303,12.82203109009925
1993200,ckZOxVGA15KlICneOKmROPL3iD7pLsQ9cOiOTPozo5ytHCQbXJ1PV54n4kTLE4Sj,8.60331613574442,54.27309142056666,17.24614769669449
1993500,ckZOxVGA15KlICneOKmROPL3iD7pLsQ9cOiOTPozo5ytHCQbXJ1PV54n4kTLE4Sj,8.257482616530815,31.911047218353197,11.26286254956902
1993800,ckZOxVGA15KlICneOKmROPL3iD7pLsQ9cOiOTPozo5ytHCQbXJ1PV54n4kTLE4Sj,8.342749531387321,30.347988328689222,11.309476789177342
1994100,ckZOxVGA15KlICneOKmROPL3iD7pLsQ9cOiOTPozo5ytHCQbXJ1PV54n4kTLE4Sj,8.468502901069721,28.18294957341433,11.343619396185463
1994400,ckZOxVGA15KlICneOKmROPL3iD7pLsQ9cOiOTPozo5ytHCQbXJ1PV54n4kTLE4Sj,8.684982057444076,34.821586557456044,11.310089823390676
1994700,ckZOxVGA15KlICneOKmROPL3iD7pLsQ9cOiOTPozo5ytHCQbXJ1PV54n4kTLE4Sj,8.567161542165087,11.288223152912892,9.479537562703005
1995000,ckZOxVGA15KlICneOKmROPL3iD7pLsQ9cOiOTPozo5ytHCQbXJ1PV54n4kTLE4Sj,8.489604050804765,31.476134959280056,11.349455867204933
1995300,ckZOxVGA15KlICneOKmROPL3iD7pLsQ9cOiOTPozo5ytHCQbXJ1PV54n4kTLE4Sj,8.444757738670754,30.022924571202715,11.272162418321368
1995600,ckZOxVGA15KlICneOKmROPL3iD7pLsQ9cOiOTPozo5ytHCQbXJ1PV54n4kTLE4Sj,8.125938750498946,30.250632445835368,10.97768527152377
1995900,ckZOxVGA15KlICneOKmROPL3iD7pLsQ9cOiOTPozo5ytHCQbXJ1PV54n4kTLE4Sj,7.893431264344333,29.730463900989,10.789285428944192
1996200,ckZOxVGA15KlICneOKmROPL3iD7pLsQ9cOiOTPozo5ytHCQbXJ1PV54n4kTLE4Sj,7.9272631884839,31.91850597680468,10.676546267750936
1996500,ckZOxVGA15KlICneOKmROPL3iD7pLsQ9cOiOTPozo5ytHCQbXJ1PV54n4kTLE4Sj,8.052668622910842,31.41853462684284,10.732705776989894
1996800,ckZOxVGA15KlICneOKmROPL3iD7pLsQ9cOiOTPozo5ytHCQbXJ1PV54n4kTLE4Sj,7.818463873877467,31.51779470679656,12.439482509751963
1997100,ckZOxVGA15KlICneOKmROPL3iD7pLsQ9cOiOTPozo5ytHCQbXJ1PV54n4kTLE4Sj,8.296639280271918,33.05225803563372,12.463830093362724
1997400,ckZOxVGA15KlICneOKmROPL3iD7pLsQ9cOiOTPozo5ytHCQbXJ1PV54n4kTLE4Sj,7.898042163081983,31.44787622930008,12.462893220603826
1997700,ckZOxVGA15KlICneOKmROPL3iD7pLsQ9cOiOTPozo5ytHCQbXJ1PV54n4kTLE4Sj,8.223420389299612,33.48555420639226,12.453374805459292
1998000,ckZOxVGA15KlICneOKmROPL3iD7pLsQ9cOiOTPozo5ytHCQbXJ1PV54n4kTLE4Sj,7.844029684119524,31.26788637968259,12.505762570077149
1998300,ckZOxVGA15KlICneOKmROPL3iD7pLsQ9cOiOTPozo5ytHCQbXJ1PV54n4kTLE4Sj,8.135743259235188,23.2425447664167,10.500358806849688
1998600,ckZOxVGA15KlICneOKmROPL3iD7pLsQ9cOiOTPozo5ytHCQbXJ1PV54n4kTLE4Sj,7.795263632603099,35.90168361330724,12.6277360154599
1998900,ckZOxVGA15KlICneOKmROPL3iD7pLsQ9cOiOTPozo5ytHCQbXJ1PV54n4kTLE4Sj,8.19812323058901,34.496635430272605,12.56891518554999
1999200,ckZOxVGA15KlICneOKmROPL3iD7pLsQ9cOiOTPozo5ytHCQbXJ1PV54n4kTLE4Sj,8.172976693477517,35.00831954708274,12.523755629409855
1999500,ckZOxVGA15KlICneOKmROPL3iD7pLsQ9cOiOTPozo5ytHCQbXJ1PV54n4kTLE4Sj,8.327638852912093,39.403886110744665,12.81046616718188
1999800,ckZOxVGA15KlICneOKmROPL3iD7pLsQ9cOiOTPozo5ytHCQbXJ1PV54n4kTLE4Sj,8.430666522729972,36.646869338383354,12.659338129919336
2000100,ckZOxVGA15KlICneOKmROPL3iD7pLsQ9cOiOTPozo5ytHCQbXJ1PV54n4kTLE4Sj,8.05656305172707,32.31690486905371,12.706607546179049
2000400,ckZOxVGA15KlICneOKmROPL3iD7pLsQ9cOiOTPozo5ytHCQbXJ1PV54n4kTLE4Sj,8.651710825089523,35.15560808149024,12.851514740764662
2000700,ckZOxVGA15KlICneOKmROPL3iD7pLsQ9cOiOTPozo5ytHCQbXJ1PV54n4kTLE4Sj,7.960133704193718,39.89574371167572,12.671181445667566
2001000,ckZOxVGA15KlICneOKmROPL3iD7pLsQ9cOiOTPozo5ytHCQbXJ1PV54n4kTLE4Sj,8.568893790392142,36.44977056641802,12.764632627333764
2001300,ckZOxVGA15KlICneOKmROPL3iD7pLsQ9cOiOTPozo5ytHCQbXJ1PV54n4kTLE4Sj,8.35780323735551,33.61417678412484,12.870174452225791
2001600,ckZOxVGA15KlICneOKmROPL3iD7pLsQ9cOiOTPozo5ytHCQbXJ1PV54n4kTLE4Sj,8.314514804418298,34.16446783636832,12.81179226742745
2001900,ckZOxVGA15KlICneOKmROPL3iD7pLsQ9cOiOTPozo5ytHCQbXJ1PV54n4kTLE4Sj,8.71679859791831,38.48631176524656,12.81390606434177
2002200,ckZOxVGA15KlICneOKmROPL3iD7pLsQ9cOiOTPozo5ytHCQbXJ1PV54n4kTLE4Sj,8.41261604255285,40.185658522393794,12.862272137959296
2002500,ckZOxVGA15KlICneOKmROPL3iD7pLsQ9cOiOTPozo5ytHCQbXJ1PV54n4kTLE4Sj,8.63434014902432,18.674055545241224,10.529523172558278
2002800,ckZOxVGA15KlICneOKmROPL3iD7pLsQ9cOiOTPozo5ytHCQbXJ1PV54n4kTLE4Sj,8.560206704692787,35.2928631574916,12.802946962418378
2003100,ckZOxVGA15KlICneOKmROPL3iD7pLsQ9cOiOTPozo5ytHCQbXJ1PV54n4kTLE4Sj,8.878960422407726,34.29747662976739,12.985439772982328
2003400,ckZOxVGA15KlICneOKmROPL3iD7pLsQ9cOiOTPozo5ytHCQbXJ1PV54n4kTLE4Sj,8.418296080317978,37.52827185406603,12.775994356330758
2003700,ckZOxVGA15KlICneOKmROPL3iD7pLsQ9cOiOTPozo5ytHCQbXJ1PV54n4kTLE4Sj,8.074874086261183,36.77369815290548,12.673704073177896
2004000,ckZOxVGA15KlICneOKmROPL3iD7pLsQ9cOiOTPozo5ytHCQbXJ1PV54n4kTLE4Sj,8.140106056555972,36.38672916303648,12.454041981310375
2004300,ckZOxVGA15KlICneOKmROPL3iD7pLsQ9cOiOTPozo5ytHCQbXJ1PV54n4kTLE4Sj,8.063183410596329,36.1643905302095,12.347901591516225
2004600,ckZOxVGA15KlICneOKmROPL3iD7pLsQ9cOiOTPozo5ytHCQbXJ1PV54n4kTLE4Sj,8.036941480785732,53.28619452891854,19.0234200623136
2004900,ckZOxVGA15KlICneOKmROPL3iD7pLsQ9cOiOTPozo5ytHCQbXJ1PV54n4kTLE4Sj,7.711549352366683,45.55136300768777,14.503113953620971
2005200,ckZOxVGA15KlICneOKmROPL3iD7pLsQ9cOiOTPozo5ytHCQbXJ1PV54n4kTLE4Sj,7.686690014316778,44.304148170516825,11.759444326591618
2005500,ckZOxVGA15KlICneOKmROPL3iD7pLsQ9cOiOTPozo5ytHCQbXJ1PV54n4kTLE4Sj,7.973837387550804,43.01197960525636,11.8742387272986
2005800,ckZOxVGA15KlICneOKmROPL3iD7pLsQ9cOiOTPozo5ytHCQbXJ1PV54n4kTLE4Sj,7.72574010113133,37.41751157400303,12.230850136178397
2006100,ckZOxVGA15KlICneOKmROPL3iD7pLsQ9cOiOTPozo5ytHCQbXJ1PV54n4kTLE4Sj,7.899115125306426,22.442296403420855,10.597801303167463
2006400,ckZOxVGA15KlICneOKmROPL3iD7pLsQ9cOiOTPozo5ytHCQbXJ1PV54n4kTLE4Sj,7.703511837404595,25.57008579350893,10.324132961670864
2006700,ckZOxVGA15KlICneOKmROPL3iD7pLsQ9cOiOTPozo5ytHCQbXJ1PV54n4kTLE4Sj,7.595478999483404,23.52566143555429,10.49319683161651
2007000,ckZOxVGA15KlICneOKmROPL3iD7pLsQ9cOiOTPozo5ytHCQbXJ1PV54n4kTLE4Sj,7.664160596123598,22.87126676131285,10.45783011800749
2007300,ckZOxVGA15KlICneOKmROPL3iD7pLsQ9cOiOTPozo5ytHCQbXJ1PV54n4kTLE4Sj,7.710207644376306,25.59289477346075,10.446990064682584
2007600,ckZOxVGA15KlICneOKmROPL3iD7pLsQ9cOiOTPozo5ytHCQbXJ1PV54n4kTLE4Sj,7.65165650142993,28.63885768959274,10.500747533022231
2007900,ckZOxVGA15KlICneOKmROPL3iD7pLsQ9cOiOTPozo5ytHCQbXJ1PV54n4kTLE4Sj,7.577033404332068,29.935540366993255,10.455877157840828
2008200,ckZOxVGA15KlICneOKmROPL3iD7pLsQ9cOiOTPozo5ytHCQbXJ1PV54n4kTLE4Sj,7.801679250657347,24.076339227010624,10.497515708188848
2008500,ckZOxVGA15KlICneOKmROPL3iD7pLsQ9cOiOTPozo5ytHCQbXJ1PV54n4kTLE4Sj,8.00617317843396,29.60281525704979,10.567284700407804
2008800,ckZOxVGA15KlICneOKmROPL3iD7pLsQ9cOiOTPozo5ytHCQbXJ1PV54n4kTLE4Sj,7.713478228948291,30.423150592675203,10.591321301796947
2009100,ckZOxVGA15KlICneOKmROPL3iD7pLsQ9cOiOTPozo5ytHCQbXJ1PV54n4kTLE4Sj,8.200658664975972,29.234093202287383,10.629844647422033
2009400,ckZOxVGA15KlICneOKmROPL3iD7pLsQ9cOiOTPozo5ytHCQbXJ1PV54n4kTLE4Sj,7.760099882945775,46.276921140736285,12.307605529693996
2009700,ckZOxVGA15KlICneOKmROPL3iD7pLsQ9cOiOTPozo5ytHCQbXJ1PV54n4kTLE4Sj,8.045623768145603,48.170542838025206,12.356637462233204
2010000,ckZOxVGA15KlICneOKmROPL3iD7pLsQ9cOiOTPozo5ytHCQbXJ1PV54n4kTLE4Sj,8.284921741247835,42.72595936308906,12.284513130283004
2010300,ckZOxVGA15KlICneOKmROPL3iD7pLsQ9cOiOTPozo5ytHCQbXJ1PV54n4kTLE4Sj,8.28619011011443,45.60783090019916,12.819077580799789
2010600,ckZOxVGA15KlICneOKmROPL3iD7pLsQ9cOiOTPozo5ytHCQbXJ1PV54n4kTLE4Sj,7.932333989089141,44.198699904147915,12.287467858360804
2010900,ckZOxVGA15KlICneOKmROPL3iD7pLsQ9cOiOTPozo5ytHCQbXJ1PV54n4kTLE4Sj,7.813190371115512,46.42147790811245,12.23912981669651
2011200,ckZOxVGA15KlICneOKmROPL3iD7pLsQ9cOiOTPozo5ytHCQbXJ1PV54n4kTLE4Sj,8.065854019323789,44.303228892168846,12.313331654815572
2011500,ckZOxVGA15KlICneOKmROPL3iD7pLsQ9cOiOTPozo5ytHCQbXJ1PV54n4kTLE4Sj,7.670541040892821,43.75636869983308,11.786822901481116
2011800,ckZOxVGA15KlICneOKmROPL3iD7pLsQ9cOiOTPozo5ytHCQbXJ1PV54n4kTLE4Sj,7.790530650644458,45.1262512685086,11.9644680749691
2012100,ckZOxVGA15KlICneOKmROPL3iD7pLsQ9cOiOTPozo5ytHCQbXJ1PV54n4kTLE4Sj,7.639273485980063,45.13182398192775,11.859676859364384
2012400,ckZOxVGA15KlICneOKmROPL3iD7pLsQ9cOiOTPozo5ytHCQbXJ1PV54n4kTLE4Sj,7.634500547954702,48.530215614950414,11.821467464229128
2012700,ckZOxVGA15KlICneOKmROPL3iD7pLsQ9cOiOTPozo5ytHCQbXJ1PV54n4kTLE4Sj,7.509851501010044,45.98919040417774,11.919617177130029
2013000,ckZOxVGA15KlICneOKmROPL3iD7pLsQ9cOiOTPozo5ytHCQbXJ1PV54n4kTLE4Sj,7.832858331738507,41.47789131750549,12.064727033941187
2013300,ckZOxVGA15KlICneOKmROPL3iD7pLsQ9cOiOTPozo5ytHCQbXJ1PV54n4kTLE4Sj,7.868325918340668,42.85133011979147,12.074830148525464
2013600,ckZOxVGA15KlICneOKmROPL3iD7pLsQ9cOiOTPozo5ytHCQbXJ1PV54n4kTLE4Sj,7.923726831334493,46.9428422600698,12.070975643185342
2013900,ckZOxVGA15KlICneOKmROPL3iD7pLsQ9cOiOTPozo5ytHCQbXJ1PV54n4kTLE4Sj,7.63738376673622,47.2832995569708,12.057611885737526
2014200,ckZOxVGA15KlICneOKmROPL3iD7pLsQ9cOiOTPozo5ytHCQbXJ1PV54n4kTLE4Sj,7.504929312493182,45.69332573255514,12.051165401888472
2014500,ckZOxVGA15KlICneOKmROPL3iD7pLsQ9cOiOTPozo5ytHCQbXJ1PV54n4kTLE4Sj,8.0107869511971,48.17001789961784,12.475028573560303
2014800,ckZOxVGA15KlICneOKmROPL3iD7pLsQ9cOiOTPozo5ytHCQbXJ1PV54n4kTLE4Sj,7.89895469966236,42.07118017940461,12.223303506321368
2015100,ckZOxVGA15KlICneOKmROPL3iD7pLsQ9cOiOTPozo5ytHCQbXJ1PV54n4kTLE4Sj,8.23182091825496,42.1283397015131,12.355086796790356
2015400,ckZOxVGA15KlICneOKmROPL3iD7pLsQ9cOiOTPozo5ytHCQbXJ1PV54n4kTLE4Sj,7.819927904657176,49.18480869761213,12.350687987461448
2015700,ckZOxVGA15KlICneOKmROPL3iD7pLsQ9cOiOTPozo5ytHCQbXJ1PV54n4kTLE4Sj,8.227005910920992,48.044706639641056,12.297208547460489
2016000,ckZOxVGA15KlICneOKmROPL3iD7pLsQ9cOiOTPozo5ytHCQbXJ1PV54n4kTLE4Sj,7.956044022870832,44.126047871397446,12.331434485678225
2016300,ckZOxVGA15KlICneOKmROPL3iD7pLsQ9cOiOTPozo5ytHCQbXJ1PV54n4kTLE4Sj,7.520449638951686,41.76373919030978,12.193995498983591
2016600,ckZOxVGA15KlICneOKmROPL3iD7pLsQ9cOiOTPozo5ytHCQbXJ1PV54n4kTLE4Sj,7.93966978912986,40.97683706715768,12.16442840510981
2016900,ckZOxVGA15KlICneOKmROPL3iD7pLsQ9cOiOTPozo5ytHCQbXJ1PV54n4kTLE4Sj,8.113410030487328,39.830135020431634,12.170363460619765
2017200,ckZOxVGA15KlICneOKmROPL3iD7pLsQ9cOiOTPozo5ytHCQbXJ1PV54n4kTLE4Sj,7.843569312467526,38.849558429119874,12.171540294500607
2017500,ckZOxVGA15KlICneOKmROPL3iD7pLsQ9cOiOTPozo5ytHCQbXJ1PV54n4kTLE4Sj,7.7551509975345985,38.95787012205464,12.338447210248482
2017800,ckZOxVGA15KlICneOKmROPL3iD7pLsQ9cOiOTPozo5ytHCQbXJ1PV54n4kTLE4Sj,7.8136863173777185,37.874495873727355,12.221825976331964
2018100,ckZOxVGA15KlICneOKmROPL3iD7pLsQ9cOiOTPozo5ytHCQbXJ1PV54n4kTLE4Sj,8.028428313446236,36.14098746952612,12.2788946695988
2018400,ckZOxVGA15KlICneOKmROPL3iD7pLsQ9cOiOTPozo5ytHCQbXJ1PV54n4kTLE4Sj,8.279650673543703,36.39656487884943,12.323925660477324
2018700,ckZOxVGA15KlICneOKmROPL3iD7pLsQ9cOiOTPozo5ytHCQbXJ1PV54n4kTLE4Sj,8.032754429774121,40.04686293820676,13.43484475099672
2019000,ckZOxVGA15KlICneOKmROPL3iD7pLsQ9cOiOTPozo5ytHCQbXJ1PV54n4kTLE4Sj,7.88308981074782,30.94826681017164,11.016037021978509
2019300,ckZOxVGA15KlICneOKmROPL3iD7pLsQ9cOiOTPozo5ytHCQbXJ1PV54n4kTLE4Sj,8.26835562080537,28.607681495566613,11.020940918847645
2019600,ckZOxVGA15KlICneOKmROPL3iD7pLsQ9cOiOTPozo5ytHCQbXJ1PV54n4kTLE4Sj,8.12985005908797,31.242734116930407,10.55285507099426
2019900,ckZOxVGA15KlICneOKmROPL3iD7pLsQ9cOiOTPozo5ytHCQbXJ1PV54n4kTLE4Sj,7.637523910133479,30.91615837450492,10.627244949138928
2020200,ckZOxVGA15KlICneOKmROPL3iD7pLsQ9cOiOTPozo5ytHCQbXJ1PV54n4kTLE4Sj,7.949592249666134,28.12316139824803,10.598974077356631
2020500,ckZOxVGA15KlICneOKmROPL3iD7pLsQ9cOiOTPozo5ytHCQbXJ1PV54n4kTLE4Sj,8.192145486084426,27.950032762052512,10.542935356788735
2020800,ckZOxVGA15KlICneOKmROPL3iD7pLsQ9cOiOTPozo5ytHCQbXJ1PV54n4kTLE4Sj,7.870863624869432,32.05983691598715,10.545312463282078
2021100,ckZOxVGA15KlICneOKmROPL3iD7pLsQ9cOiOTPozo5ytHCQbXJ1PV54n4kTLE4Sj,7.91817029492909,34.28169172839599,10.622632244462626
2021400,ckZOxVGA15KlICneOKmROPL3iD7pLsQ9cOiOTPozo5ytHCQbXJ1PV54n4kTLE4Sj,7.966650123526886,31.644203359412867,10.662860777418524
2021700,ckZOxVGA15KlICneOKmROPL3iD7pLsQ9cOiOTPozo5ytHCQbXJ1PV54n4kTLE4Sj,8.390955015947398,31.014296671961333,10.62920797110986
2022000,ckZOxVGA15KlICneOKmROPL3iD7pLsQ9cOiOTPozo5ytHCQbXJ1PV54n4kTLE4Sj,8.154663832688435,32.100564747373085,10.673006702577537
2022300,ckZOxVGA15KlICneOKmROPL3iD7pLsQ9cOiOTPozo5ytHCQbXJ1PV54n4kTLE4Sj,8.039984600101747,31.021946109278478,12.235080360820614
2022600,ckZOxVGA15KlICneOKmROPL3iD7pLsQ9cOiOTPozo5ytHCQbXJ1PV54n4kTLE4Sj,8.202859805431746,39.92241613890253,12.316307733231538
2022900,ckZOxVGA15KlICneOKmROPL3iD7pLsQ9cOiOTPozo5ytHCQbXJ1PV54n4kTLE4Sj,8.005065165999996,49.08400639697268,12.699898494235129
2023200,ckZOxVGA15KlICneOKmROPL3iD7pLsQ9cOiOTPozo5ytHCQbXJ1PV54n4kTLE4Sj,8.244550064854755,41.04060615987086,12.326749625570324
2023500,ckZOxVGA15KlICneOKmROPL3iD7pLsQ9cOiOTPozo5ytHCQbXJ1PV54n4kTLE4Sj,8.376566174496574,48.54774699147787,12.427235162790236
2023800,ckZOxVGA15KlICneOKmROPL3iD7pLsQ9cOiOTPozo5ytHCQbXJ1PV54n4kTLE4Sj,8.093264105151219,47.93342053325605,12.444836502431146
2024100,ckZOxVGA15KlICneOKmROPL3iD7pLsQ9cOiOTPozo5ytHCQbXJ1PV54n4kTLE4Sj,7.9011802352974065,44.686276510577756,12.344689420143094
2024400,ckZOxVGA15KlICneOKmROPL3iD7pLsQ9cOiOTPozo5ytHCQbXJ1PV54n4kTLE4Sj,8.109076013320113,45.97544829744846,12.372002568285891
2024700,ckZOxVGA15KlICneOKmROPL3iD7pLsQ9cOiOTPozo5ytHCQbXJ1PV54n4kTLE4Sj,8.28327077029678,46.88574564347034,12.502179294475756
2025000,ckZOxVGA15KlICneOKmROPL3iD7pLsQ9cOiOTPozo5ytHCQbXJ1PV54n4kTLE4Sj,8.373412376621907,51.17357323786466,12.537995555300617
2025300,ckZOxVGA15KlICneOKmROPL3iD7pLsQ9cOiOTPozo5ytHCQbXJ1PV54n4kTLE4Sj,8.426748469913294,28.65967012062252,12.494110370536
2025600,ckZOxVGA15KlICneOKmROPL3iD7pLsQ9cOiOTPozo5ytHCQbXJ1PV54n4kTLE4Sj,8.21156173505665,30.88117213183174,12.677190765754542
2025900,ckZOxVGA15KlICneOKmROPL3iD7pLsQ9cOiOTPozo5ytHCQbXJ1PV54n4kTLE4Sj,8.454592515328885,30.816191435694336,12.56727433676152
2026200,ckZOxVGA15KlICneOKmROPL3iD7pLsQ9cOiOTPozo5ytHCQbXJ1PV54n4kTLE4Sj,8.157716359045235,32.41659979692466,12.59918841674054
2026500,ckZOxVGA15KlICneOKmROPL3iD7pLsQ9cOiOTPozo5ytHCQbXJ1PV54n4kTLE4Sj,8.433404441430552,31.171060387125415,12.978121244680176
2026800,ckZOxVGA15KlICneOKmROPL3iD7pLsQ9cOiOTPozo5ytHCQbXJ1PV54n4kTLE4Sj,8.156306444448363,33.73864697213728,12.58636065126667
2027100,ckZOxVGA15KlICneOKmROPL3iD7pLsQ9cOiOTPozo5ytHCQbXJ1PV54n4kTLE4Sj,8.341629861022867,32.3250082075127,12.612159697404456
2027400,ckZOxVGA15KlICneOKmROPL3iD7pLsQ9cOiOTPozo5ytHCQbXJ1PV54n4kTLE4Sj,8.173009162244533,30.580047777143392,12.421084952250608
2027700,ckZOxVGA15KlICneOKmROPL3iD7pLsQ9cOiOTPozo5ytHCQbXJ1PV54n4kTLE4Sj,8.114514857467324,29.95203566712183,12.28455164021655
2028000,ckZOxVGA15KlICneOKmROPL3iD7pLsQ9cOiOTPozo5ytHCQbXJ1PV54n4kTLE4Sj,8.174575710650764,27.93073610620667,12.34046146208313
2028300,ckZOxVGA15KlICneOKmROPL3iD7pLsQ9cOiOTPozo5ytHCQbXJ1PV54n4kTLE4Sj,8.20923079343589,32.55315826219537,12.354106152740048
2028600,ckZOxVGA15KlICneOKmROPL3iD7pLsQ9cOiOTPozo5ytHCQbXJ1PV54n4kTLE4Sj,7.732643086023716,31.218596470957703,11.951286795932132
2028900,ckZOxVGA15KlICneOKmROPL3iD7pLsQ9cOiOTPozo5ytHCQbXJ1PV54n4kTLE4Sj,7.721297210608687,27.01887411692088,11.890290176045308
2029200,ckZOxVGA15KlICneOKmROPL3iD7pLsQ9cOiOTPozo5ytHCQbXJ1PV54n4kTLE4Sj,7.317658567657808,29.199305080861244,11.99553103111637
2029500,ckZOxVGA15KlICneOKmROPL3iD7pLsQ9cOiOTPozo5ytHCQbXJ1PV54n4kTLE4Sj,7.982397581870312,32.81647275252594,11.994519427087916
2029800,ckZOxVGA15KlICneOKmROPL3iD7pLsQ9cOiOTPozo5ytHCQbXJ1PV54n4kTLE4Sj,7.946135910389845,30.196725859485912,12.007094854108711
2030100,ckZOxVGA15KlICneOKmROPL3iD7pLsQ9cOiOTPozo5ytHCQbXJ1PV54n4kTLE4Sj,7.858451374475187,30.1081760462175,12.053797524095469
2030400,ckZOxVGA15KlICneOKmROPL3iD7pLsQ9cOiOTPozo5ytHCQbXJ1PV54n4kTLE4Sj,7.804451907429738,31.748435578430986,12.011001204936754
2030700,ckZOxVGA15KlICneOKmROPL3iD7pLsQ9cOiOTPozo5ytHCQbXJ1PV54n4kTLE4Sj,7.94099554770037,29.606250859092658,12.381291362107026
2031000,ckZOxVGA15KlICneOKmROPL3iD7pLsQ9cOiOTPozo5ytHCQbXJ1PV54n4kTLE4Sj,7.731647425979117,31.700028223975323,12.170772601207382
2031300,ckZOxVGA15KlICneOKmROPL3iD7pLsQ9cOiOTPozo5ytHCQbXJ1PV54n4kTLE4Sj,7.9254101297438675,30.54607374320454,12.050746513158389
2031600,ckZOxVGA15KlICneOKmROPL3iD7pLsQ9cOiOTPozo5ytHCQbXJ1PV54n4kTLE4Sj,7.983868640230272,33.32441055909069,12.143195559502514
2031900,ckZOxVGA15KlICneOKmROPL3iD7pLsQ9cOiOTPozo5ytHCQbXJ1PV54n4kTLE4Sj,8.10227295011695,36.38373849407674,12.224869140161283
2032200,ckZOxVGA15KlICneOKmROPL3iD7pLsQ9cOiOTPozo5ytHCQbXJ1PV54n4kTLE4Sj,8.095592515150582,24.568642208927145,10.47288252294116
2032500,ckZOxVGA15KlICneOKmROPL3iD7pLsQ9cOiOTPozo5ytHCQbXJ1PV54n4kTLE4Sj,8.011045145475313,22.07596388224928,10.473367055181592
2032800,ckZOxVGA15KlICneOKmROPL3iD7pLsQ9cOiOTPozo5ytHCQbXJ1PV54n4kTLE4Sj,7.882689963691472,25.195224143118573,10.526246862310028
2033100,ckZOxVGA15KlICneOKmROPL3iD7pLsQ9cOiOTPozo5ytHCQbXJ1PV54n4kTLE4Sj,8.177927429331449,21.368513282052117,10.523489259255452
2033400,ckZOxVGA15KlICneOKmROPL3iD7pLsQ9cOiOTPozo5ytHCQbXJ1PV54n4kTLE4Sj,8.025048079167563,26.288084498207247,10.54437877541115
2033700,ckZOxVGA15KlICneOKmROPL3iD7pLsQ9cOiOTPozo5ytHCQbXJ1PV54n4kTLE4Sj,7.642526702292659,21.493150193611637,10.512681336685668
2034000,ckZOxVGA15KlICneOKmROPL3iD7pLsQ9cOiOTPozo5ytHCQbXJ1PV54n4kTLE4Sj,7.731504986936387,22.506836735985345,10.525137927262444
2034300,ckZOxVGA15KlICneOKmROPL3iD7pLsQ9cOiOTPozo5ytHCQbXJ1PV54n4kTLE4Sj,7.824628653649576,19.33185880687433,10.719369669060596
2034600,ckZOxVGA15KlICneOKmROPL3iD7pLsQ9cOiOTPozo5ytHCQbXJ1PV54n4kTLE4Sj,8.069830399814013,27.213799699063262,10.55477046909575
2034900,ckZOxVGA15KlICneOKmROPL3iD7pLsQ9cOiOTPozo5ytHCQbXJ1PV54n4kTLE4Sj,7.820393118058109,29.67660490658279,10.575219859470188
2035200,ckZOxVGA15KlICneOKmROPL3iD7pLsQ9cOiOTPozo5ytHCQbXJ1PV54n4kTLE4Sj,7.835670758114927,27.62760133238405,10.592430943888122
2035500,ckZOxVGA15KlICneOKmROPL3iD7pLsQ9cOiOTPozo5ytHCQbXJ1PV54n4kTLE4Sj,7.50367596529249,37.60522718377132,11.9499547846097
2035800,ckZOxVGA15KlICneOKmROPL3iD7pLsQ9cOiOTPozo5ytHCQbXJ1PV54n4kTLE4Sj,7.68849058691366,44.17664488373314,11.946572634379386
2036100,ckZOxVGA15KlICneOKmROPL3iD7pLsQ9cOiOTPozo5ytHCQbXJ1PV54n4kTLE4Sj,7.5603464298167395,41.05276423451821,11.965745067231264
2036400,ckZOxVGA15KlICneOKmROPL3iD7pLsQ9cOiOTPozo5ytHCQbXJ1PV54n4kTLE4Sj,7.867384733336582,40.31257719052103,11.972715599698493
2036700,ckZOxVGA15KlICneOKmROPL3iD7pLsQ9cOiOTPozo5ytHCQbXJ1PV54n4kTLE4Sj,7.564986392384735,40.691647334902434,12.052806133579615
2037000,ckZOxVGA15KlICneOKmROPL3iD7pLsQ9cOiOTPozo5ytHCQbXJ1PV54n4kTLE4Sj,7.625138716517721,35.41292583882888,12.013504823709637
2037300,ckZOxVGA15KlICneOKmROPL3iD7pLsQ9cOiOTPozo5ytHCQbXJ1PV54n4kTLE4Sj,7.51936111818368,41.43160244673972,12.047651801048184
2037600,ckZOxVGA15KlICneOKmROPL3iD7pLsQ9cOiOTPozo5ytHCQbXJ1PV54n4kTLE4Sj,8.049772031391948,39.26952767655181,11.946084516134718
2037900,ckZOxVGA15KlICneOKmROPL3iD7pLsQ9cOiOTPozo5ytHCQbXJ1PV54n4kTLE4Sj,7.929002907624199,36.071447487482,12.01794812117508
2038200,ckZOxVGA15KlICneOKmROPL3iD7pLsQ9cOiOTPozo5ytHCQbXJ1PV54n4kTLE4Sj,8.06339309844971,40.54764775821563,12.098402486827611
2038500,ckZOxVGA15KlICneOKmROPL3iD7pLsQ9cOiOTPozo5ytHCQbXJ1PV54n4kTLE4Sj,7.702439826173222,38.22722690669094,12.48837568928667
2038800,ckZOxVGA15KlICneOKmROPL3iD7pLsQ9cOiOTPozo5ytHCQbXJ1PV54n4kTLE4Sj,8.112303809514051,38.787189435976906,12.111631205047887
2039100,ckZOxVGA15KlICneOKmROPL3iD7pLsQ9cOiOTPozo5ytHCQbXJ1PV54n4kTLE4Sj,8.003746282999211,40.115447811488565,12.244612277855412
2039400,ckZOxVGA15KlICneOKmROPL3iD7pLsQ9cOiOTPozo5ytHCQbXJ1PV54n4kTLE4Sj,7.9400901973732125,49.270155874031616,12.298166133990412
2039700,ckZOxVGA15KlICneOKmROPL3iD7pLsQ9cOiOTPozo5ytHCQbXJ1PV54n4kTLE4Sj,7.831292048891154,43.42398224745764,12.233885436643588
2040000,ckZOxVGA15KlICneOKmROPL3iD7pLsQ9cOiOTPozo5ytHCQbXJ1PV54n4kTLE4Sj,8.132202753135626,42.6014060737386,12.18245404796164
2040300,ckZOxVGA15KlICneOKmROPL3iD7pLsQ9cOiOTPozo5ytHCQbXJ1PV54n4kTLE4Sj,8.041187652857488,40.93727816986102,12.184736160841982
2040600,ckZOxVGA15KlICneOKmROPL3iD7pLsQ9cOiOTPozo5ytHCQbXJ1PV54n4kTLE4Sj,8.137261931416836,44.91076688571212,12.13495831102886
2040900,ckZOxVGA15KlICneOKmROPL3iD7pLsQ9cOiOTPozo5ytHCQbXJ1PV54n4kTLE4Sj,7.74831272823283,41.9133877226591,12.263710306991634
2041200,ckZOxVGA15KlICneOKmROPL3iD7pLsQ9cOiOTPozo5ytHCQbXJ1PV54n4kTLE4Sj,7.808092345844216,44.01016187903387,13.459242892019551
2041500,ckZOxVGA15KlICneOKmROPL3iD7pLsQ9cOiOTPozo5ytHCQbXJ1PV54n4kTLE4Sj,8.226324314605556,44.93046886749211,12.323354031106016
2041800,ckZOxVGA15KlICneOKmROPL3iD7pLsQ9cOiOTPozo5ytHCQbXJ1PV54n4kTLE4Sj,7.813147970559728,41.21511913331822,12.288633184524285
2042100,ckZOxVGA15KlICneOKmROPL3iD7pLsQ9cOiOTPozo5ytHCQbXJ1PV54n4kTLE4Sj,8.12660309979508,50.299533775748486,12.345936077385524
2042400,ckZOxVGA15KlICneOKmROPL3iD7pLsQ9cOiOTPozo5ytHCQbXJ1PV54n4kTLE4Sj,7.796788318750365,41.686795567278814,12.273852013365234
2042700,ckZOxVGA15KlICneOKmROPL3iD7pLsQ9cOiOTPozo5ytHCQbXJ1PV54n4kTLE4Sj,7.679146460474674,46.450786633431726,12.37065063762866
2043000,ckZOxVGA15KlICneOKmROPL3iD7pLsQ9cOiOTPozo5ytHCQbXJ1PV54n4kTLE4Sj,8.132413511445812,43.9678032358398,12.628890948405823
2043300,ckZOxVGA15KlICneOKmROPL3iD7pLsQ9cOiOTPozo5ytHCQbXJ1PV54n4kTLE4Sj,7.6790119115247695,46.948666253812554,12.197724615434378
2043600,ckZOxVGA15KlICneOKmROPL3iD7pLsQ9cOiOTPozo5ytHCQbXJ1PV54n4kTLE4Sj,7.5680698106048,43.179968027681134,12.03610192404533
2043900,ckZOxVGA15KlICneOKmROPL3iD7pLsQ9cOiOTPozo5ytHCQbXJ1PV54n4kTLE4Sj,7.687314865886958,43.13311524339371,12.023214765708014
2044200,ckZOxVGA15KlICneOKmROPL3iD7pLsQ9cOiOTPozo5ytHCQbXJ1PV54n4kTLE4Sj,7.867880162047825,47.3847274238196,12.064225182790272
2044500,ckZOxVGA15KlICneOKmROPL3iD7pLsQ9cOiOTPozo5ytHCQbXJ1PV54n4kTLE4Sj,7.924657894350274,46.63788051223828,12.165606386675927
2044800,ckZOxVGA15KlICneOKmROPL3iD7pLsQ9cOiOTPozo5ytHCQbXJ1PV54n4kTLE4Sj,7.900141319313203,47.19334815711337,12.044414386168196
2045100,ckZOxVGA15KlICneOKmROPL3iD7pLsQ9cOiOTPozo5ytHCQbXJ1PV54n4kTLE4Sj,8.153665731089237,45.967885402770456,12.137770851437145
2045400,ckZOxVGA15KlICneOKmROPL3iD7pLsQ9cOiOTPozo5ytHCQbXJ1PV54n4kTLE4Sj,7.592679445081229,33.778123316843,10.479507236974364
2045700,ckZOxVGA15KlICneOKmROPL3iD7pLsQ9cOiOTPozo5ytHCQbXJ1PV54n4kTLE4Sj,8.068113871897422,30.216320510065074,10.496203712085553
2046000,ckZOxVGA15KlICneOKmROPL3iD7pLsQ9cOiOTPozo5ytHCQbXJ1PV54n4kTLE4Sj,8.209555686977977,30.297870089619376,10.547557766536665
2046300,ckZOxVGA15KlICneOKmROPL3iD7pLsQ9cOiOTPozo5ytHCQbXJ1PV54n4kTLE4Sj,7.866512111166681,29.45523142642759,10.515175349252887
2046600,ckZOxVGA15KlICneOKmROPL3iD7pLsQ9cOiOTPozo5ytHCQbXJ1PV54n4kTLE4Sj,7.621790182952371,32.53089787806272,10.48236373566556
2046900,ckZOxVGA15KlICneOKmROPL3iD7pLsQ9cOiOTPozo5ytHCQbXJ1PV54n4kTLE4Sj,7.918776617845426,35.56329664964494,10.455733336584975
2047200,ckZOxVGA15KlICneOKmROPL3iD7pLsQ9cOiOTPozo5ytHCQbXJ1PV54n4kTLE4Sj,7.85017646570529,34.30446610495732,10.613250057770315
2047500,ckZOxVGA15KlICneOKmROPL3iD7pLsQ9cOiOTPozo5ytHCQbXJ1PV54n4kTLE4Sj,7.819366285335488,34.21394325754024,10.549540743306812
2047800,ckZOxVGA15KlICneOKmROPL3iD7pLsQ9cOiOTPozo5ytHCQbXJ1PV54n4kTLE4Sj,8.0689588015783,27.330024301975104,10.589958340856656
2048100,ckZOxVGA15KlICneOKmROPL3iD7pLsQ9cOiOTPozo5ytHCQbXJ1PV54n4kTLE4Sj,7.903357300012441,27.554815037605696,10.636237913683347
2048400,ckZOxVGA15KlICneOKmROPL3iD7pLsQ9cOiOTPozo5ytHCQbXJ1PV54n4kTLE4Sj,7.963136664838756,30.98837719030556,10.573705933315642
2048700,ckZOxVGA15KlICneOKmROPL3iD7pLsQ9cOiOTPozo5ytHCQbXJ1PV54n4kTLE4Sj,8.39611257731395,53.855983400080554,12.315040205470568
2049000,ckZOxVGA15KlICneOKmROPL3iD7pLsQ9cOiOTPozo5ytHCQbXJ1PV54n4kTLE4Sj,8.286924613864148,45.49797582321244,12.409634843876749
2049300,ckZOxVGA15KlICneOKmROPL3iD7pLsQ9cOiOTPozo5ytHCQbXJ1PV54n4kTLE4Sj,8.022226046766486,45.942421032605445,12.37281031744787
2049600,ckZOxVGA15KlICneOKmROPL3iD7pLsQ9cOiOTPozo5ytHCQbXJ1PV54n4kTLE4Sj,8.03382677592784,45.30643895965905,12.375543592603384
2049900,ckZOxVGA15KlICneOKmROPL3iD7pLsQ9cOiOTPozo5ytHCQbXJ1PV54n4kTLE4Sj,7.86539328401416,50.13040308836983,12.27814781157628
2050200,ckZOxVGA15KlICneOKmROPL3iD7pLsQ9cOiOTPozo5ytHCQbXJ1PV54n4kTLE4Sj,7.798988695436805,50.95552054862655,12.424046814494124
2050500,ckZOxVGA15KlICneOKmROPL3iD7pLsQ9cOiOTPozo5ytHCQbXJ1PV54n4kTLE4Sj,8.042583074546977,47.01357974498383,12.401033252674615
2050800,ckZOxVGA15KlICneOKmROPL3iD7pLsQ9cOiOTPozo5ytHCQbXJ1PV54n4kTLE4Sj,7.308294056807084,50.74857397623644,12.470769537034554
2051100,ckZOxVGA15KlICneOKmROPL3iD7pLsQ9cOiOTPozo5ytHCQbXJ1PV54n4kTLE4Sj,8.117522892864441,48.917079376716174,12.465540334961307
2051400,ckZOxVGA15KlICneOKmROPL3iD7pLsQ9cOiOTPozo5ytHCQbXJ1PV54n4kTLE4Sj,7.78812460287998,48.91676211706756,12.460658555302889
2051700,ckZOxVGA15KlICneOKmROPL3iD7pLsQ9cOiOTPozo5ytHCQbXJ1PV54n4kTLE4Sj,8.10458460049232,46.34371543649603,12.074090073155034
2052000,ckZOxVGA15KlICneOKmROPL3iD7pLsQ9cOiOTPozo5ytHCQbXJ1PV54n4kTLE4Sj,7.412104795670656,50.661271520033566,12.088930976070388
2052300,ckZOxVGA15KlICneOKmROPL3iD7pLsQ9cOiOTPozo5ytHCQbXJ1PV54n4kTLE4Sj,8.09476956568833,45.24390248048783,12.0961514962742
2052600,ckZOxVGA15KlICneOKmROPL3iD7pLsQ9cOiOTPozo5ytHCQbXJ1PV54n4kTLE4Sj,8.04704312533447,47.51766508615917,12.1459535265035
2052900,ckZOxVGA15KlICneOKmROPL3iD7pLsQ9cOiOTPozo5ytHCQbXJ1PV54n4kTLE4Sj,7.979074150947031,45.509396663171934,12.12851000469013
2053200,ckZOxVGA15KlICneOKmROPL3iD7pLsQ9cOiOTPozo5ytHCQbXJ1PV54n4kTLE4Sj,7.94133678120023,47.32950009483879,12.160176655193505
2053500,ckZOxVGA15KlICneOKmROPL3iD7pLsQ9cOiOTPozo5ytHCQbXJ1PV54n4kTLE4Sj,7.585303240913468,49.11048926438836,12.266884790311115
2053800,ckZOxVGA15KlICneOKmROPL3iD7pLsQ9cOiOTPozo5ytHCQbXJ1PV54n4kTLE4Sj,7.884656772067896,55.60776483600074,12.23423715983302
2054100,ckZOxVGA15KlICneOKmROPL3iD7pLsQ9cOiOTPozo5ytHCQbXJ1PV54n4kTLE4Sj,7.73482623432219,45.5914991349907,12.159897215954071
2054400,ckZOxVGA15KlICneOKmROPL3iD7pLsQ9cOiOTPozo5ytHCQbXJ1PV54n4kTLE4Sj,7.735526612084366,46.647814356855534,12.19867113169972
2054700,ckZOxVGA15KlICneOKmROPL3iD7pLsQ9cOiOTPozo5ytHCQbXJ1PV54n4kTLE4Sj,7.51995600288908,56.87109194791701,12.305334460257836
2055000,ckZOxVGA15KlICneOKmROPL3iD7pLsQ9cOiOTPozo5ytHCQbXJ1PV54n4kTLE4Sj,7.9138986642282765,47.17036579878479,12.705791983094391
2055300,ckZOxVGA15KlICneOKmROPL3iD7pLsQ9cOiOTPozo5ytHCQbXJ1PV54n4kTLE4Sj,7.799142640412834,47.220944612933806,12.153064970169032
2055600,ckZOxVGA15KlICneOKmROPL3iD7pLsQ9cOiOTPozo5ytHCQbXJ1PV54n4kTLE4Sj,7.503642349260458,49.44988860331844,12.14102895741795
2055900,ckZOxVGA15KlICneOKmROPL3iD7pLsQ9cOiOTPozo5ytHCQbXJ1PV54n4kTLE4Sj,7.846656025317607,44.4587643877889,12.21936865470925
2056200,ckZOxVGA15KlICneOKmROPL3iD7pLsQ9cOiOTPozo5ytHCQbXJ1PV54n4kTLE4Sj,8.232365817174715,45.49279408639793,12.198320509454026
2056500,ckZOxVGA15KlICneOKmROPL3iD7pLsQ9cOiOTPozo5ytHCQbXJ1PV54n4kTLE4Sj,7.896759248852611,37.0245349753821,12.196104372646582
2056800,ckZOxVGA15KlICneOKmROPL3iD7pLsQ9cOiOTPozo5ytHCQbXJ1PV54n4kTLE4Sj,8.050504786876441,37.145016846993705,12.3337495779983
2057100,ckZOxVGA15KlICneOKmROPL3iD7pLsQ9cOiOTPozo5ytHCQbXJ1PV54n4kTLE4Sj,8.062040065565558,34.38654083942229,12.36207217293167
2057400,ckZOxVGA15KlICneOKmROPL3iD7pLsQ9cOiOTPozo5ytHCQbXJ1PV54n4kTLE4Sj,8.006699311026958,34.10236013480206,12.30882918800574
2057700,ckZOxVGA15KlICneOKmROPL3iD7pLsQ9cOiOTPozo5ytHCQbXJ1PV54n4kTLE4Sj,8.204052897914494,32.72772683378169,12.355236929319767
2058000,ckZOxVGA15KlICneOKmROPL3iD7pLsQ9cOiOTPozo5ytHCQbXJ1PV54n4kTLE4Sj,8.173468212413658,35.3789695526609,12.350037065181896
2058300,ckZOxVGA15KlICneOKmROPL3iD7pLsQ9cOiOTPozo5ytHCQbXJ1PV54n4kTLE4Sj,7.83842710050873,34.92403680512193,10.72989268606906
2058600,ckZOxVGA15KlICneOKmROPL3iD7pLsQ9cOiOTPozo5ytHCQbXJ1PV54n4kTLE4Sj,7.996375047526017,31.97057001392916,10.745938068400108
2058900,ckZOxVGA15KlICneOKmROPL3iD7pLsQ9cOiOTPozo5ytHCQbXJ1PV54n4kTLE4Sj,7.914764502749333,29.0333350738624,10.816264986490134
2059200,ckZOxVGA15KlICneOKmROPL3iD7pLsQ9cOiOTPozo5ytHCQbXJ1PV54n4kTLE4Sj,7.9139188062016,32.701354027677496,10.977841102198637
2059500,ckZOxVGA15KlICneOKmROPL3iD7pLsQ9cOiOTPozo5ytHCQbXJ1PV54n4kTLE4Sj,7.523252175633553,31.37583495387841,10.509892809997826
2059800,ckZOxVGA15KlICneOKmROPL3iD7pLsQ9cOiOTPozo5ytHCQbXJ1PV54n4kTLE4Sj,7.278355090025354,28.742152990234768,10.54302209877272
2060100,ckZOxVGA15KlICneOKmROPL3iD7pLsQ9cOiOTPozo5ytHCQbXJ1PV54n4kTLE4Sj,7.824893194122105,27.649339400197945,10.542044996652926
2060400,ckZOxVGA15KlICneOKmROPL3iD7pLsQ9cOiOTPozo5ytHCQbXJ1PV54n4kTLE4Sj,7.725278069088878,32.43738056398974,10.514844157113687
2060700,ckZOxVGA15KlICneOKmROPL3iD7pLsQ9cOiOTPozo5ytHCQbXJ1PV54n4kTLE4Sj,7.616671830083533,32.33822891646331,10.582369623249582
2061000,ckZOxVGA15KlICneOKmROPL3iD7pLsQ9cOiOTPozo5ytHCQbXJ1PV54n4kTLE4Sj,7.759404401557501,30.246852923629653,10.507994160806696
2061300,ckZOxVGA15KlICneOKmROPL3iD7pLsQ9cOiOTPozo5ytHCQbXJ1PV54n4kTLE4Sj,7.643623687895583,34.20836860539203,10.42271461637112
2061600,ckZOxVGA15KlICneOKmROPL3iD7pLsQ9cOiOTPozo5ytHCQbXJ1PV54n4kTLE4Sj,7.89997491789987,44.62021813515653,12.258689314817415
2061900,ckZOxVGA15KlICneOKmROPL3iD7pLsQ9cOiOTPozo5ytHCQbXJ1PV54n4kTLE4Sj,8.054967451886725,50.98764605018,12.191415726345047
2062200,ckZOxVGA15KlICneOKmROPL3iD7pLsQ9cOiOTPozo5ytHCQbXJ1PV54n4kTLE4Sj,8.047725809870304,46.959606342198825,12.153716118972977
2062500,ckZOxVGA15KlICneOKmROPL3iD7pLsQ9cOiOTPozo5ytHCQbXJ1PV54n4kTLE4Sj,8.137838104615401,43.8917940849993,12.298110068776769
2062800,ckZOxVGA15KlICneOKmROPL3iD7pLsQ9cOiOTPozo5ytHCQbXJ1PV54n4kTLE4Sj,7.6979180752951,45.191313547737536,12.66396096352864
2063100,ckZOxVGA15KlICneOKmROPL3iD7pLsQ9cOiOTPozo5ytHCQbXJ1PV54n4kTLE4Sj,7.8366856940801535,43.5419104276737,12.275528113068845
2063400,ckZOxVGA15KlICneOKmROPL3iD7pLsQ9cOiOTPozo5ytHCQbXJ1PV54n4kTLE4Sj,8.088174933184707,49.90643150924209,12.358948300245965
2063700,ckZOxVGA15KlICneOKmROPL3iD7pLsQ9cOiOTPozo5ytHCQbXJ1PV54n4kTLE4Sj,8.17484128469191,43.44576783473876,12.284533771328618
2064000,ckZOxVGA15KlICneOKmROPL3iD7pLsQ9cOiOTPozo5ytHCQbXJ1PV54n4kTLE4Sj,7.954506512354019,49.72719985382573,12.153702483943174
2064300,ckZOxVGA15KlICneOKmROPL3iD7pLsQ9cOiOTPozo5ytHCQbXJ1PV54n4kTLE4Sj,8.226205704853827,49.39721606671023,12.306890662295382
2064600,ckZOxVGA15KlICneOKmROPL3iD7pLsQ9cOiOTPozo5ytHCQbXJ1PV54n4kTLE4Sj,8.084362589582721,42.780774871502985,12.211034987972347
2064900,ckZOxVGA15KlICneOKmROPL3iD7pLsQ9cOiOTPozo5ytHCQbXJ1PV54n4kTLE4Sj,8.26293973693857,45.73041242677238,12.475933110867867
2065200,ckZOxVGA15KlICneOKmROPL3iD7pLsQ9cOiOTPozo5ytHCQbXJ1PV54n4kTLE4Sj,8.039873475804404,44.00838661761182,12.459268519921295
2065500,ckZOxVGA15KlICneOKmROPL3iD7pLsQ9cOiOTPozo5ytHCQbXJ1PV54n4kTLE4Sj,8.345090168125699,44.77670892675458,12.457759733900494
2065800,ckZOxVGA15KlICneOKmROPL3iD7pLsQ9cOiOTPozo5ytHCQbXJ1PV54n4kTLE4Sj,8.309975400378198,50.40100652157864,12.436528604241238
2066100,ckZOxVGA15KlICneOKmROPL3iD7pLsQ9cOiOTPozo5ytHCQbXJ1PV54n4kTLE4Sj,7.962866789426543,42.592824279795934,12.445613627878757
2066400,ckZOxVGA15KlICneOKmROPL3iD7pLsQ9cOiOTPozo5ytHCQbXJ1PV54n4kTLE4Sj,8.149158946524086,47.49935515506397,12.47088039613628
2066700,ckZOxVGA15KlICneOKmROPL3iD7pLsQ9cOiOTPozo5ytHCQbXJ1PV54n4kTLE4Sj,8.36962426268959,41.77967576344072,12.456340602790815
2067000,ckZOxVGA15KlICneOKmROPL3iD7pLsQ9cOiOTPozo5ytHCQbXJ1PV54n4kTLE4Sj,8.218654508804775,41.57099962339546,13.03145170659041
2067300,ckZOxVGA15KlICneOKmROPL3iD7pLsQ9cOiOTPozo5ytHCQbXJ1PV54n4kTLE4Sj,7.94334380285093,43.33947576300759,12.442311379912962
2067600,ckZOxVGA15KlICneOKmROPL3iD7pLsQ9cOiOTPozo5ytHCQbXJ1PV54n4kTLE4Sj,7.873679344224073,44.28535068291822,12.302106005662386
2067900,ckZOxVGA15KlICneOKmROPL3iD7pLsQ9cOiOTPozo5ytHCQbXJ1PV54n4kTLE4Sj,7.941714614542201,48.92708487698856,12.226172358068885
2068200,ckZOxVGA15KlICneOKmROPL3iD7pLsQ9cOiOTPozo5ytHCQbXJ1PV54n4kTLE4Sj,7.931129880952784,47.94766133687906,12.30340338276834
2068500,ckZOxVGA15KlICneOKmROPL3iD7pLsQ9cOiOTPozo5ytHCQbXJ1PV54n4kTLE4Sj,8.278462723894563,39.24525649385669,12.144510495576348
2068800,ckZOxVGA15KlICneOKmROPL3iD7pLsQ9cOiOTPozo5ytHCQbXJ1PV54n4kTLE4Sj,7.95755324625472,48.49196692539898,12.435379610999616
2069100,ckZOxVGA15KlICneOKmROPL3iD7pLsQ9cOiOTPozo5ytHCQbXJ1PV54n4kTLE4Sj,7.046022592880488,43.313042674493055,11.86701699083054
2069400,ckZOxVGA15KlICneOKmROPL3iD7pLsQ9cOiOTPozo5ytHCQbXJ1PV54n4kTLE4Sj,7.719289836212459,44.07184652692887,12.458208554651186
2069700,ckZOxVGA15KlICneOKmROPL3iD7pLsQ9cOiOTPozo5ytHCQbXJ1PV54n4kTLE4Sj,8.096683911690834,46.69066852510869,12.364730620733868
2070000,ckZOxVGA15KlICneOKmROPL3iD7pLsQ9cOiOTPozo5ytHCQbXJ1PV54n4kTLE4Sj,8.27492400227975,44.106543416837674,12.21993232965351
2070300,ckZOxVGA15KlICneOKmROPL3iD7pLsQ9cOiOTPozo5ytHCQbXJ1PV54n4kTLE4Sj,7.850100082153346,37.43942570405519,12.138007168367146
2070600,ckZOxVGA15KlICneOKmROPL3iD7pLsQ9cOiOTPozo5ytHCQbXJ1PV54n4kTLE4Sj,8.115500863686641,40.30140923836867,12.328353907517329
2070900,ckZOxVGA15KlICneOKmROPL3iD7pLsQ9cOiOTPozo5ytHCQbXJ1PV54n4kTLE4Sj,7.854755112123159,43.75444670867027,12.26627791976862
2071200,ckZOxVGA15KlICneOKmROPL3iD7pLsQ9cOiOTPozo5ytHCQbXJ1PV54n4kTLE4Sj,8.29005713278474,35.924036028838685,11.703444650504569
2071500,ckZOxVGA15KlICneOKmROPL3iD7pLsQ9cOiOTPozo5ytHCQbXJ1PV54n4kTLE4Sj,8.21409566406075,33.922567601733974,10.825660196789562
2071800,ckZOxVGA15KlICneOKmROPL3iD7pLsQ9cOiOTPozo5ytHCQbXJ1PV54n4kTLE4Sj,7.828770316807906,29.413806384663904,10.855151231282548
2072100,ckZOxVGA15KlICneOKmROPL3iD7pLsQ9cOiOTPozo5ytHCQbXJ1PV54n4kTLE4Sj,8.248787364602974,28.242447219367037,10.857030789988768
2072400,ckZOxVGA15KlICneOKmROPL3iD7pLsQ9cOiOTPozo5ytHCQbXJ1PV54n4kTLE4Sj,8.342731608730212,29.05592549615022,10.820211256729026
2072700,ckZOxVGA15KlICneOKmROPL3iD7pLsQ9cOiOTPozo5ytHCQbXJ1PV54n4kTLE4Sj,8.220623615009911,37.00567950670131,10.766496993151453
2073000,ckZOxVGA15KlICneOKmROPL3iD7pLsQ9cOiOTPozo5ytHCQbXJ1PV54n4kTLE4Sj,8.270929447433987,35.3636674826317,10.790294330547948
2073300,ckZOxVGA15KlICneOKmROPL3iD7pLsQ9cOiOTPozo5ytHCQbXJ1PV54n4kTLE4Sj,8.0726364850844,32.19600316554247,10.851376364856597
2073600,ckZOxVGA15KlICneOKmROPL3iD7pLsQ9cOiOTPozo5ytHCQbXJ1PV54n4kTLE4Sj,8.27205968860596,31.38829249855076,10.783916974022205
2073900,ckZOxVGA15KlICneOKmROPL3iD7pLsQ9cOiOTPozo5ytHCQbXJ1PV54n4kTLE4Sj,8.355971606399883,34.17186776181242,10.811694423667122
2074200,ckZOxVGA15KlICneOKmROPL3iD7pLsQ9cOiOTPozo5ytHCQbXJ1PV54n4kTLE4Sj,8.30934749981827,30.10916878138941,10.890453281000283
2074500,ckZOxVGA15KlICneOKmROPL3iD7pLsQ9cOiOTPozo5ytHCQbXJ1PV54n4kTLE4Sj,8.482516567057626,35.20188740616937,11.405865351236685
2074800,ckZOxVGA15KlICneOKmROPL3iD7pLsQ9cOiOTPozo5ytHCQbXJ1PV54n4kTLE4Sj,8.00779868986377,38.26325387246786,12.460461073464996
2075100,ckZOxVGA15KlICneOKmROPL3iD7pLsQ9cOiOTPozo5ytHCQbXJ1PV54n4kTLE4Sj,8.222598703378505,32.16572714489279,12.53305050145076
2075400,ckZOxVGA15KlICneOKmROPL3iD7pLsQ9cOiOTPozo5ytHCQbXJ1PV54n4kTLE4Sj,8.096560217744825,37.64899516776915,12.615005208461517
2075700,ckZOxVGA15KlICneOKmROPL3iD7pLsQ9cOiOTPozo5ytHCQbXJ1PV54n4kTLE4Sj,7.835018052016856,30.86664849727338,12.022708554810905
2076000,ckZOxVGA15KlICneOKmROPL3iD7pLsQ9cOiOTPozo5ytHCQbXJ1PV54n4kTLE4Sj,8.01584832332399,32.8432251578716,12.173368867889312
2076300,ckZOxVGA15KlICneOKmROPL3iD7pLsQ9cOiOTPozo5ytHCQbXJ1PV54n4kTLE4Sj,7.863356380310657,31.12101488017712,13.162559947048386
2076600,ckZOxVGA15KlICneOKmROPL3iD7pLsQ9cOiOTPozo5ytHCQbXJ1PV54n4kTLE4Sj,7.86299024538049,35.12049887111617,12.003806035268529
2076900,ckZOxVGA15KlICneOKmROPL3iD7pLsQ9cOiOTPozo5ytHCQbXJ1PV54n4kTLE4Sj,7.600324551885899,33.468631264380235,11.661335956578675
2077200,ckZOxVGA15KlICneOKmROPL3iD7pLsQ9cOiOTPozo5ytHCQbXJ1PV54n4kTLE4Sj,7.609641850370334,34.13592543109453,11.714642022748064
2077500,ckZOxVGA15KlICneOKmROPL3iD7pLsQ9cOiOTPozo5ytHCQbXJ1PV54n4kTLE4Sj,7.592617531195056,32.339999734872464,11.705136874723808
2077800,ckZOxVGA15KlICneOKmROPL3iD7pLsQ9cOiOTPozo5ytHCQbXJ1PV54n4kTLE4Sj,7.17052756886397,31.238822578875624,11.910988619007608
2078100,ckZOxVGA15KlICneOKmROPL3iD7pLsQ9cOiOTPozo5ytHCQbXJ1PV54n4kTLE4Sj,7.82433317179785,29.386002467897345,11.69297141843962
2078400,ckZOxVGA15KlICneOKmROPL3iD7pLsQ9cOiOTPozo5ytHCQbXJ1PV54n4kTLE4Sj,7.837245727669875,27.84498629369076,11.867375452939807
2078700,ckZOxVGA15KlICneOKmROPL3iD7pLsQ9cOiOTPozo5ytHCQbXJ1PV54n4kTLE4Sj,8.114256007745341,31.117977596425405,11.884677534063549
2079000,ckZOxVGA15KlICneOKmROPL3iD7pLsQ9cOiOTPozo5ytHCQbXJ1PV54n4kTLE4Sj,7.890952216888586,31.280513171756784,12.01510109104945
2079300,ckZOxVGA15KlICneOKmROPL3iD7pLsQ9cOiOTPozo5ytHCQbXJ1PV54n4kTLE4Sj,7.614030970192368,31.25468087972234,11.866971596853023
2079600,ckZOxVGA15KlICneOKmROPL3iD7pLsQ9cOiOTPozo5ytHCQbXJ1PV54n4kTLE4Sj,7.774238464265328,31.063984899535075,12.392265230570157
2079900,ckZOxVGA15KlICneOKmROPL3iD7pLsQ9cOiOTPozo5ytHCQbXJ1PV54n4kTLE4Sj,8.146136354968052,30.160000838096337,11.969499507726582
2080200,ckZOxVGA15KlICneOKmROPL3iD7pLsQ9cOiOTPozo5ytHCQbXJ1PV54n4kTLE4Sj,7.3809136605904,29.60033931984269,11.978429950740372
2080500,ckZOxVGA15KlICneOKmROPL3iD7pLsQ9cOiOTPozo5ytHCQbXJ1PV54n4kTLE4Sj,7.861951580463898,30.09457134999163,11.976149604354328
2080800,ckZOxVGA15KlICneOKmROPL3iD7pLsQ9cOiOTPozo5ytHCQbXJ1PV54n4kTLE4Sj,8.212512594893596,33.02558325691282,12.266640681922132
2081100,ckZOxVGA15KlICneOKmROPL3iD7pLsQ9cOiOTPozo5ytHCQbXJ1PV54n4kTLE4Sj,8.098903140524275,34.98799588803026,11.882437426178251
2081400,ckZOxVGA15KlICneOKmROPL3iD7pLsQ9cOiOTPozo5ytHCQbXJ1PV54n4kTLE4Sj,7.964926694400295,36.23843521698844,12.07692636727908
2081700,ckZOxVGA15KlICneOKmROPL3iD7pLsQ9cOiOTPozo5ytHCQbXJ1PV54n4kTLE4Sj,7.568692131334108,32.825732304667795,11.979167694939438
2082000,ckZOxVGA15KlICneOKmROPL3iD7pLsQ9cOiOTPozo5ytHCQbXJ1PV54n4kTLE4Sj,8.078401064153473,36.37488660066527,11.914327078210958
2082300,ckZOxVGA15KlICneOKmROPL3iD7pLsQ9cOiOTPozo5ytHCQbXJ1PV54n4kTLE4Sj,8.3013017065903,36.60359653635009,12.177310415673286
2082600,ckZOxVGA15KlICneOKmROPL3iD7pLsQ9cOiOTPozo5ytHCQbXJ1PV54n4kTLE4Sj,7.860905881928627,35.40357822719149,12.183349576385911
2082900,ckZOxVGA15KlICneOKmROPL3iD7pLsQ9cOiOTPozo5ytHCQbXJ1PV54n4kTLE4Sj,8.198486850766905,37.53133671614194,12.102016398865342
2083200,ckZOxVGA15KlICneOKmROPL3iD7pLsQ9cOiOTPozo5ytHCQbXJ1PV54n4kTLE4Sj,8.216355329001999,34.687682783454946,12.565713413981577
2083500,ckZOxVGA15KlICneOKmROPL3iD7pLsQ9cOiOTPozo5ytHCQbXJ1PV54n4kTLE4Sj,7.471112588355597,37.16360781336077,11.748704109967862
2083800,ckZOxVGA15KlICneOKmROPL3iD7pLsQ9cOiOTPozo5ytHCQbXJ1PV54n4kTLE4Sj,8.037849329426356,38.87864592557241,11.846940589338873
2084100,ckZOxVGA15KlICneOKmROPL3iD7pLsQ9cOiOTPozo5ytHCQbXJ1PV54n4kTLE4Sj,7.885974253328055,44.5203280515229,11.877767095662705
2084400,ckZOxVGA15KlICneOKmROPL3iD7pLsQ9cOiOTPozo5ytHCQbXJ1PV54n4kTLE4Sj,7.913390096219726,44.106791331775575,11.9765326815395
2084700,ckZOxVGA15KlICneOKmROPL3iD7pLsQ9cOiOTPozo5ytHCQbXJ1PV54n4kTLE4Sj,7.68761078461688,23.685020145888394,10.146834776391575
2085000,ckZOxVGA15KlICneOKmROPL3iD7pLsQ9cOiOTPozo5ytHCQbXJ1PV54n4kTLE4Sj,7.74985530078516,25.05552527276536,10.30326140483838
2085300,ckZOxVGA15KlICneOKmROPL3iD7pLsQ9cOiOTPozo5ytHCQbXJ1PV54n4kTLE4Sj,7.4997200046025725,25.06452562693253,10.18138254385516
2085600,ckZOxVGA15KlICneOKmROPL3iD7pLsQ9cOiOTPozo5ytHCQbXJ1PV54n4kTLE4Sj,7.869699592026209,27.272452640990856,10.282846724964353
2085900,ckZOxVGA15KlICneOKmROPL3iD7pLsQ9cOiOTPozo5ytHCQbXJ1PV54n4kTLE4Sj,7.81988663305343,23.53435183209133,10.556337074031122
2086200,ckZOxVGA15KlICneOKmROPL3iD7pLsQ9cOiOTPozo5ytHCQbXJ1PV54n4kTLE4Sj,7.937493746832603,23.182378370402454,10.36504241469555
2086500,ckZOxVGA15KlICneOKmROPL3iD7pLsQ9cOiOTPozo5ytHCQbXJ1PV54n4kTLE4Sj,7.659418568002085,23.044934424281315,10.329701280206429
2086800,ckZOxVGA15KlICneOKmROPL3iD7pLsQ9cOiOTPozo5ytHCQbXJ1PV54n4kTLE4Sj,8.028593354583197,26.652690891321708,10.61382945996208
2087100,ckZOxVGA15KlICneOKmROPL3iD7pLsQ9cOiOTPozo5ytHCQbXJ1PV54n4kTLE4Sj,7.620361702997845,27.056343810439675,10.479391951556318
2087400,ckZOxVGA15KlICneOKmROPL3iD7pLsQ9cOiOTPozo5ytHCQbXJ1PV54n4kTLE4Sj,7.499462203322861,31.548153071989336,10.765961709987272
2087700,ckZOxVGA15KlICneOKmROPL3iD7pLsQ9cOiOTPozo5ytHCQbXJ1PV54n4kTLE4Sj,8.00198889016872,40.14159658724512,11.902462490161083
2088000,ckZOxVGA15KlICneOKmROPL3iD7pLsQ9cOiOTPozo5ytHCQbXJ1PV54n4kTLE4Sj,7.883612320104443,55.179872024439,12.162645592915537
2088300,ckZOxVGA15KlICneOKmROPL3iD7pLsQ9cOiOTPozo5ytHCQbXJ1PV54n4kTLE4Sj,7.972375395428741,48.519073341875774,11.986038088557065
2088600,ckZOxVGA15KlICneOKmROPL3iD7pLsQ9cOiOTPozo5ytHCQbXJ1PV54n4kTLE4Sj,7.914023030546509,43.03093681245764,12.110770773543893
2088900,ckZOxVGA15KlICneOKmROPL3iD7pLsQ9cOiOTPozo5ytHCQbXJ1PV54n4kTLE4Sj,7.715888076053319,48.2029781842147,12.050863858026457
2089200,ckZOxVGA15KlICneOKmROPL3iD7pLsQ9cOiOTPozo5ytHCQbXJ1PV54n4kTLE4Sj,8.1139817978955,45.22092797574759,12.116617270055029
2089500,ckZOxVGA15KlICneOKmROPL3iD7pLsQ9cOiOTPozo5ytHCQbXJ1PV54n4kTLE4Sj,8.0553294995952,43.21006468603187,12.131545408793707
2089800,ckZOxVGA15KlICneOKmROPL3iD7pLsQ9cOiOTPozo5ytHCQbXJ1PV54n4kTLE4Sj,8.27323565385233,46.78612449718991,12.268637841698803
2090100,ckZOxVGA15KlICneOKmROPL3iD7pLsQ9cOiOTPozo5ytHCQbXJ1PV54n4kTLE4Sj,7.703709543062248,44.576967088336254,12.223832803700992
2090400,ckZOxVGA15KlICneOKmROPL3iD7pLsQ9cOiOTPozo5ytHCQbXJ1PV54n4kTLE4Sj,8.11053268753107,48.2036974962903,12.19085224977288
2090700,ckZOxVGA15KlICneOKmROPL3iD7pLsQ9cOiOTPozo5ytHCQbXJ1PV54n4kTLE4Sj,8.291526948102604,44.045799854674,12.232594318622896
2091000,ckZOxVGA15KlICneOKmROPL3iD7pLsQ9cOiOTPozo5ytHCQbXJ1PV54n4kTLE4Sj,8.416689193294975,72.1296271241837,20.92261614367436
2091300,ckZOxVGA15KlICneOKmROPL3iD7pLsQ9cOiOTPozo5ytHCQbXJ1PV54n4kTLE4Sj,6.905327367407285,49.18330647606124,11.892415048330168
2091600,ckZOxVGA15KlICneOKmROPL3iD7pLsQ9cOiOTPozo5ytHCQbXJ1PV54n4kTLE4Sj,7.020923624969131,49.542154497286155,11.223816585246118
2091900,ckZOxVGA15KlICneOKmROPL3iD7pLsQ9cOiOTPozo5ytHCQbXJ1PV54n4kTLE4Sj,6.940956172138052,43.187625483208635,11.104759487635526
2092200,ckZOxVGA15KlICneOKmROPL3iD7pLsQ9cOiOTPozo5ytHCQbXJ1PV54n4kTLE4Sj,7.117813030679556,46.55396432790944,11.068409663556466
2092500,ckZOxVGA15KlICneOKmROPL3iD7pLsQ9cOiOTPozo5ytHCQbXJ1PV54n4kTLE4Sj,6.926553933237889,45.60737892525981,11.05381828025506
2092800,ckZOxVGA15KlICneOKmROPL3iD7pLsQ9cOiOTPozo5ytHCQbXJ1PV54n4kTLE4Sj,6.919717827785632,44.43681189215832,11.067013828455014
2093100,ckZOxVGA15KlICneOKmROPL3iD7pLsQ9cOiOTPozo5ytHCQbXJ1PV54n4kTLE4Sj,6.9375571408521015,46.70770437385866,11.16808520037738
2093400,ckZOxVGA15KlICneOKmROPL3iD7pLsQ9cOiOTPozo5ytHCQbXJ1PV54n4kTLE4Sj,6.8450376101119685,43.71875104036646,11.126923640181886
2093700,ckZOxVGA15KlICneOKmROPL3iD7pLsQ9cOiOTPozo5ytHCQbXJ1PV54n4kTLE4Sj,7.091348218255684,48.8769204075517,11.160407549469904
2094000,ckZOxVGA15KlICneOKmROPL3iD7pLsQ9cOiOTPozo5ytHCQbXJ1PV54n4kTLE4Sj,7.07420861383152,44.94505481091269,11.195406454057316
2094300,ckZOxVGA15KlICneOKmROPL3iD7pLsQ9cOiOTPozo5ytHCQbXJ1PV54n4kTLE4Sj,7.200912566479896,50.20507610559846,11.209875019445455
2094600,ckZOxVGA15KlICneOKmROPL3iD7pLsQ9cOiOTPozo5ytHCQbXJ1PV54n4kTLE4Sj,7.208308368033937,48.43663912617078,11.285003849995878
2094900,ckZOxVGA15KlICneOKmROPL3iD7pLsQ9cOiOTPozo5ytHCQbXJ1PV54n4kTLE4Sj,7.268727228867366,47.82199119753043,11.29945971067556
2095200,ckZOxVGA15KlICneOKmROPL3iD7pLsQ9cOiOTPozo5ytHCQbXJ1PV54n4kTLE4Sj,7.2172170512365135,43.37396415706789,11.7202934656943
2095500,ckZOxVGA15KlICneOKmROPL3iD7pLsQ9cOiOTPozo5ytHCQbXJ1PV54n4kTLE4Sj,7.353215143180584,44.088430366209614,11.349950141218685
2095800,ckZOxVGA15KlICneOKmROPL3iD7pLsQ9cOiOTPozo5ytHCQbXJ1PV54n4kTLE4Sj,6.827770459343108,47.42659100714571,11.32494511299328
2096100,ckZOxVGA15KlICneOKmROPL3iD7pLsQ9cOiOTPozo5ytHCQbXJ1PV54n4kTLE4Sj,7.1927983755651965,50.642575953736426,11.263218740982444
2096400,ckZOxVGA15KlICneOKmROPL3iD7pLsQ9cOiOTPozo5ytHCQbXJ1PV54n4kTLE4Sj,7.084888424957783,44.90387145605423,11.373255959723467
2096700,ckZOxVGA15KlICneOKmROPL3iD7pLsQ9cOiOTPozo5ytHCQbXJ1PV54n4kTLE4Sj,7.227247111463898,47.6074006683079,11.485987886269749
2097000,ckZOxVGA15KlICneOKmROPL3iD7pLsQ9cOiOTPozo5ytHCQbXJ1PV54n4kTLE4Sj,6.901978634501376,45.55045117945323,11.494027565614015
2097300,ckZOxVGA15KlICneOKmROPL3iD7pLsQ9cOiOTPozo5ytHCQbXJ1PV54n4kTLE4Sj,7.037151654950722,46.48328648487655,11.374550701086486
2097600,ckZOxVGA15KlICneOKmROPL3iD7pLsQ9cOiOTPozo5ytHCQbXJ1PV54n4kTLE4Sj,6.897010990040803,43.95813867977492,11.399720719224002
2097900,ckZOxVGA15KlICneOKmROPL3iD7pLsQ9cOiOTPozo5ytHCQbXJ1PV54n4kTLE4Sj,7.039351635453033,51.070863214627096,11.37025726438226
2098200,ckZOxVGA15KlICneOKmROPL3iD7pLsQ9cOiOTPozo5ytHCQbXJ1PV54n4kTLE4Sj,7.217907273361886,31.508626685324668,9.853282666323489
2098500,ckZOxVGA15KlICneOKmROPL3iD7pLsQ9cOiOTPozo5ytHCQbXJ1PV54n4kTLE4Sj,7.459221575756403,37.159535418758765,9.877321619747745
2098800,ckZOxVGA15KlICneOKmROPL3iD7pLsQ9cOiOTPozo5ytHCQbXJ1PV54n4kTLE4Sj,7.022544505645118,31.2449689062013,9.921159425510792
2099100,ckZOxVGA15KlICneOKmROPL3iD7pLsQ9cOiOTPozo5ytHCQbXJ1PV54n4kTLE4Sj,7.300673114768619,29.233807810390186,9.918839566781584
2099400,ckZOxVGA15KlICneOKmROPL3iD7pLsQ9cOiOTPozo5ytHCQbXJ1PV54n4kTLE4Sj,6.697639803386702,36.87997933384861,9.833017739443875
2099700,ckZOxVGA15KlICneOKmROPL3iD7pLsQ9cOiOTPozo5ytHCQbXJ1PV54n4kTLE4Sj,6.982427847489885,27.985730135925824,9.716469589284626
2100000,ckZOxVGA15KlICneOKmROPL3iD7pLsQ9cOiOTPozo5ytHCQbXJ1PV54n4kTLE4Sj,7.012842807095043,28.2431008032489,9.57294984301104
2100300,ckZOxVGA15KlICneOKmROPL3iD7pLsQ9cOiOTPozo5ytHCQbXJ1PV54n4kTLE4Sj,7.0397686000087205,29.09456131172319,9.901800550974745
2100600,ckZOxVGA15KlICneOKmROPL3iD7pLsQ9cOiOTPozo5ytHCQbXJ1PV54n4kTLE4Sj,6.980459066506757,28.062720392880784,9.625028736124282
2100900,ckZOxVGA15KlICneOKmROPL3iD7pLsQ9cOiOTPozo5ytHCQbXJ1PV54n4kTLE4Sj,6.97690760111007,33.93436340777054,9.621352628244136
2101200,ckZOxVGA15KlICneOKmROPL3iD7pLsQ9cOiOTPozo5ytHCQbXJ1PV54n4kTLE4Sj,7.095524604551567,28.911700098182415,9.785369742966525
2101500,ckZOxVGA15KlICneOKmROPL3iD7pLsQ9cOiOTPozo5ytHCQbXJ1PV54n4kTLE4Sj,7.287685894248207,45.22928403422049,11.473803145001812
2101800,ckZOxVGA15KlICneOKmROPL3iD7pLsQ9cOiOTPozo5ytHCQbXJ1PV54n4kTLE4Sj,6.963718336016735,47.37645532534472,11.528285385025551
2102100,ckZOxVGA15KlICneOKmROPL3iD7pLsQ9cOiOTPozo5ytHCQbXJ1PV54n4kTLE4Sj,7.225739554932614,27.57150652321379,11.34412037501374
2102400,ckZOxVGA15KlICneOKmROPL3iD7pLsQ9cOiOTPozo5ytHCQbXJ1PV54n4kTLE4Sj,7.1239188134208655,29.14570686526811,11.408562211987412
2102700,ckZOxVGA15KlICneOKmROPL3iD7pLsQ9cOiOTPozo5ytHCQbXJ1PV54n4kTLE4Sj,7.396326022861001,47.45991800382786,11.46210889536318
2103000,ckZOxVGA15KlICneOKmROPL3iD7pLsQ9cOiOTPozo5ytHCQbXJ1PV54n4kTLE4Sj,6.808337703496831,44.68537341593564,11.305439216815758
2103300,ckZOxVGA15KlICneOKmROPL3iD7pLsQ9cOiOTPozo5ytHCQbXJ1PV54n4kTLE4Sj,7.337159884782378,48.86691968559014,11.379802465666655
2103600,ckZOxVGA15KlICneOKmROPL3iD7pLsQ9cOiOTPozo5ytHCQbXJ1PV54n4kTLE4Sj,7.240870784574025,42.93913554222481,11.7473726838894
2103900,ckZOxVGA15KlICneOKmROPL3iD7pLsQ9cOiOTPozo5ytHCQbXJ1PV54n4kTLE4Sj,7.023215168759668,52.84501081663409,11.459276370557486
2104200,ckZOxVGA15KlICneOKmROPL3iD7pLsQ9cOiOTPozo5ytHCQbXJ1PV54n4kTLE4Sj,7.199660873533921,42.20636165683457,11.40198465033444
2104500,ckZOxVGA15KlICneOKmROPL3iD7pLsQ9cOiOTPozo5ytHCQbXJ1PV54n4kTLE4Sj,6.819494478817513,46.160600213776185,11.393455921684213
2104800,ckZOxVGA15KlICneOKmROPL3iD7pLsQ9cOiOTPozo5ytHCQbXJ1PV54n4kTLE4Sj,7.279442575541685,49.58043331006117,11.525221121852294
2105100,ckZOxVGA15KlICneOKmROPL3iD7pLsQ9cOiOTPozo5ytHCQbXJ1PV54n4kTLE4Sj,6.799660645694281,43.28472231071932,11.436727285090042
2105400,ckZOxVGA15KlICneOKmROPL3iD7pLsQ9cOiOTPozo5ytHCQbXJ1PV54n4kTLE4Sj,7.367372893758942,42.60930949521559,11.562360830224184
2105700,ckZOxVGA15KlICneOKmROPL3iD7pLsQ9cOiOTPozo5ytHCQbXJ1PV54n4kTLE4Sj,7.459401105955687,47.71835944100271,11.588814763545509
2106000,ckZOxVGA15KlICneOKmROPL3iD7pLsQ9cOiOTPozo5ytHCQbXJ1PV54n4kTLE4Sj,7.491044565687603,51.249709371405615,11.458410929639772
2106300,ckZOxVGA15KlICneOKmROPL3iD7pLsQ9cOiOTPozo5ytHCQbXJ1PV54n4kTLE4Sj,7.212573161813091,46.35192278144735,11.475878181081365
2106600,ckZOxVGA15KlICneOKmROPL3iD7pLsQ9cOiOTPozo5ytHCQbXJ1PV54n4kTLE4Sj,7.405311557490984,44.25833971034086,11.537491155953717
2106900,ckZOxVGA15KlICneOKmROPL3iD7pLsQ9cOiOTPozo5ytHCQbXJ1PV54n4kTLE4Sj,7.3286689710528465,47.66906707701216,11.50110276108631
2107200,ckZOxVGA15KlICneOKmROPL3iD7pLsQ9cOiOTPozo5ytHCQbXJ1PV54n4kTLE4Sj,7.059682180716371,42.17542500766453,11.403357393390497
2107500,ckZOxVGA15KlICneOKmROPL3iD7pLsQ9cOiOTPozo5ytHCQbXJ1PV54n4kTLE4Sj,7.094383625907488,45.07203582998094,11.097511135225602
2107800,ckZOxVGA15KlICneOKmROPL3iD7pLsQ9cOiOTPozo5ytHCQbXJ1PV54n4kTLE4Sj,6.551614657194886,51.13665329551648,11.379772833799189
2108100,ckZOxVGA15KlICneOKmROPL3iD7pLsQ9cOiOTPozo5ytHCQbXJ1PV54n4kTLE4Sj,6.879162035637601,42.564174479525605,11.030517385768926
2108400,ckZOxVGA15KlICneOKmROPL3iD7pLsQ9cOiOTPozo5ytHCQbXJ1PV54n4kTLE4Sj,6.762202149765001,45.70366194633097,11.151068987344964
2108700,ckZOxVGA15KlICneOKmROPL3iD7pLsQ9cOiOTPozo5ytHCQbXJ1PV54n4kTLE4Sj,6.909854428877119,43.68971965545184,11.108112886643578
2109000,ckZOxVGA15KlICneOKmROPL3iD7pLsQ9cOiOTPozo5ytHCQbXJ1PV54n4kTLE4Sj,7.107919754046923,47.88769910052797,11.116054202357809
2109300,ckZOxVGA15KlICneOKmROPL3iD7pLsQ9cOiOTPozo5ytHCQbXJ1PV54n4kTLE4Sj,7.093074956187065,48.874253019456674,11.4607526872448
2109600,ckZOxVGA15KlICneOKmROPL3iD7pLsQ9cOiOTPozo5ytHCQbXJ1PV54n4kTLE4Sj,6.902954503431601,51.63861086256084,11.264605028592776
2109900,ckZOxVGA15KlICneOKmROPL3iD7pLsQ9cOiOTPozo5ytHCQbXJ1PV54n4kTLE4Sj,7.080070749509911,44.47644977591451,11.29867639952094
2110200,ckZOxVGA15KlICneOKmROPL3iD7pLsQ9cOiOTPozo5ytHCQbXJ1PV54n4kTLE4Sj,6.852414843219592,43.72762749476512,11.053308539847276
2110500,ckZOxVGA15KlICneOKmROPL3iD7pLsQ9cOiOTPozo5ytHCQbXJ1PV54n4kTLE4Sj,6.9895594662730645,53.00850571210059,11.079181137225977
2110800,ckZOxVGA15KlICneOKmROPL3iD7pLsQ9cOiOTPozo5ytHCQbXJ1PV54n4kTLE4Sj,6.901254090050328,44.34158714937203,11.061112376267808
2111100,ckZOxVGA15KlICneOKmROPL3iD7pLsQ9cOiOTPozo5ytHCQbXJ1PV54n4kTLE4Sj,6.710309223073771,43.31432114685478,11.1592080286965
2111400,ckZOxVGA15KlICneOKmROPL3iD7pLsQ9cOiOTPozo5ytHCQbXJ1PV54n4kTLE4Sj,7.16282281991291,45.907265817569616,11.56816171354964
2111700,ckZOxVGA15KlICneOKmROPL3iD7pLsQ9cOiOTPozo5ytHCQbXJ1PV54n4kTLE4Sj,6.927539150376145,44.16646170780269,11.155237530273125
2112000,ckZOxVGA15KlICneOKmROPL3iD7pLsQ9cOiOTPozo5ytHCQbXJ1PV54n4kTLE4Sj,7.004079165150997,33.48745210011108,9.691821410041015
2112300,ckZOxVGA15KlICneOKmROPL3iD7pLsQ9cOiOTPozo5ytHCQbXJ1PV54n4kTLE4Sj,7.080114898318332,30.330837120684112,9.658614010345186
2112600,ckZOxVGA15KlICneOKmROPL3iD7pLsQ9cOiOTPozo5ytHCQbXJ1PV54n4kTLE4Sj,6.98187160688506,29.005081905574325,9.647394200408778
2112900,ckZOxVGA15KlICneOKmROPL3iD7pLsQ9cOiOTPozo5ytHCQbXJ1PV54n4kTLE4Sj,7.339428979898086,29.92329499735973,9.739487271234855
2113200,ckZOxVGA15KlICneOKmROPL3iD7pLsQ9cOiOTPozo5ytHCQbXJ1PV54n4kTLE4Sj,7.091531019205004,26.647687613572124,9.664726356763625
2113500,ckZOxVGA15KlICneOKmROPL3iD7pLsQ9cOiOTPozo5ytHCQbXJ1PV54n4kTLE4Sj,6.811674791591758,27.518639907286648,9.698795922592307
2113800,ckZOxVGA15KlICneOKmROPL3iD7pLsQ9cOiOTPozo5ytHCQbXJ1PV54n4kTLE4Sj,7.1375889203533776,29.952646766829044,9.710560282848055
2114100,ckZOxVGA15KlICneOKmROPL3iD7pLsQ9cOiOTPozo5ytHCQbXJ1PV54n4kTLE4Sj,7.2351714362158335,28.40331256871333,9.72991815146475
2114400,ckZOxVGA15KlICneOKmROPL3iD7pLsQ9cOiOTPozo5ytHCQbXJ1PV54n4kTLE4Sj,7.112342529928806,32.79523036916097,9.65966630411813
2114700,ckZOxVGA15KlICneOKmROPL3iD7pLsQ9cOiOTPozo5ytHCQbXJ1PV54n4kTLE4Sj,7.322126138966436,30.022223022492923,9.792979319207609
2115000,ckZOxVGA15KlICneOKmROPL3iD7pLsQ9cOiOTPozo5ytHCQbXJ1PV54n4kTLE4Sj,7.140841186342602,35.04480347345617,9.768654463089556
2115300,ckZOxVGA15KlICneOKmROPL3iD7pLsQ9cOiOTPozo5ytHCQbXJ1PV54n4kTLE4Sj,7.097724055334131,29.01483369948791,9.61109190098048
2115600,ckZOxVGA15KlICneOKmROPL3iD7pLsQ9cOiOTPozo5ytHCQbXJ1PV54n4kTLE4Sj,7.00864000900008,41.38640218283558,11.574099477987136
2115900,ckZOxVGA15KlICneOKmROPL3iD7pLsQ9cOiOTPozo5ytHCQbXJ1PV54n4kTLE4Sj,6.5229570774573515,40.8224700673763,11.068650735540873
2116200,ckZOxVGA15KlICneOKmROPL3iD7pLsQ9cOiOTPozo5ytHCQbXJ1PV54n4kTLE4Sj,7.032960390619035,48.522024406486125,11.104453994407368
2116500,ckZOxVGA15KlICneOKmROPL3iD7pLsQ9cOiOTPozo5ytHCQbXJ1PV54n4kTLE4Sj,7.086831684708852,44.80129501964745,11.105516421962893
2116800,ckZOxVGA15KlICneOKmROPL3iD7pLsQ9cOiOTPozo5ytHCQbXJ1PV54n4kTLE4Sj,6.91468684858862,43.088344745247895,11.103838299757047
2117100,ckZOxVGA15KlICneOKmROPL3iD7pLsQ9cOiOTPozo5ytHCQbXJ1PV54n4kTLE4Sj,6.942069608672778,37.12862138768646,11.0982202086255
2117400,ckZOxVGA15KlICneOKmROPL3iD7pLsQ9cOiOTPozo5ytHCQbXJ1PV54n4kTLE4Sj,6.940135768474236,39.56529514754927,11.308665670807862
2117700,ckZOxVGA15KlICneOKmROPL3iD7pLsQ9cOiOTPozo5ytHCQbXJ1PV54n4kTLE4Sj,7.244989700231658,46.62971911878485,11.114775615026447
2118000,ckZOxVGA15KlICneOKmROPL3iD7pLsQ9cOiOTPozo5ytHCQbXJ1PV54n4kTLE4Sj,6.871876683190752,43.2309426924614,11.19787456195992
2118300,ckZOxVGA15KlICneOKmROPL3iD7pLsQ9cOiOTPozo5ytHCQbXJ1PV54n4kTLE4Sj,7.3426939512539855,34.709880685490525,11.25759867299602
2118600,ckZOxVGA15KlICneOKmROPL3iD7pLsQ9cOiOTPozo5ytHCQbXJ1PV54n4kTLE4Sj,7.082703747862931,40.60293367707352,11.17796706706643
2118900,ckZOxVGA15KlICneOKmROPL3iD7pLsQ9cOiOTPozo5ytHCQbXJ1PV54n4kTLE4Sj,6.78393003177919,33.64867663876156,11.173968266797155
2119200,ckZOxVGA15KlICneOKmROPL3iD7pLsQ9cOiOTPozo5ytHCQbXJ1PV54n4kTLE4Sj,6.71682238443471,45.03965305669645,11.51133724167216
2119500,ckZOxVGA15KlICneOKmROPL3iD7pLsQ9cOiOTPozo5ytHCQbXJ1PV54n4kTLE4Sj,6.699803371961456,33.20161136365304,11.27361460784557
2119800,ckZOxVGA15KlICneOKmROPL3iD7pLsQ9cOiOTPozo5ytHCQbXJ1PV54n4kTLE4Sj,7.208152295858698,39.04811988815469,11.301625854619488
2120100,ckZOxVGA15KlICneOKmROPL3iD7pLsQ9cOiOTPozo5ytHCQbXJ1PV54n4kTLE4Sj,7.111537283486252,35.87164839581467,11.36103640088596
2120400,ckZOxVGA15KlICneOKmROPL3iD7pLsQ9cOiOTPozo5ytHCQbXJ1PV54n4kTLE4Sj,7.292353492825391,39.871710680832486,11.25957859153374
2120700,ckZOxVGA15KlICneOKmROPL3iD7pLsQ9cOiOTPozo5ytHCQbXJ1PV54n4kTLE4Sj,6.891145947545647,35.59722888207514,11.269711179123558
2121000,ckZOxVGA15KlICneOKmROPL3iD7pLsQ9cOiOTPozo5ytHCQbXJ1PV54n4kTLE4Sj,7.218638511964883,32.93169417601488,11.356722686775916
2121300,ckZOxVGA15KlICneOKmROPL3iD7pLsQ9cOiOTPozo5ytHCQbXJ1PV54n4kTLE4Sj,7.314234823333822,28.80462286319716,11.337066053969476
2121600,ckZOxVGA15KlICneOKmROPL3iD7pLsQ9cOiOTPozo5ytHCQbXJ1PV54n4kTLE4Sj,7.21747705706449,31.392938588126736,11.3484935001644
2121900,ckZOxVGA15KlICneOKmROPL3iD7pLsQ9cOiOTPozo5ytHCQbXJ1PV54n4kTLE4Sj,7.224816758617745,28.025712577443368,11.476533197013504
2122200,ckZOxVGA15KlICneOKmROPL3iD7pLsQ9cOiOTPozo5ytHCQbXJ1PV54n4kTLE4Sj,6.978269018545361,34.227996841699714,11.244091500328732
2122500,ckZOxVGA15KlICneOKmROPL3iD7pLsQ9cOiOTPozo5ytHCQbXJ1PV54n4kTLE4Sj,7.139371531514247,27.096903049338344,11.621655776986207
2122800,ckZOxVGA15KlICneOKmROPL3iD7pLsQ9cOiOTPozo5ytHCQbXJ1PV54n4kTLE4Sj,7.40269909277935,27.79347544104909,11.716626847655755
2123100,ckZOxVGA15KlICneOKmROPL3iD7pLsQ9cOiOTPozo5ytHCQbXJ1PV54n4kTLE4Sj,6.783783710916995,33.739173883810736,11.727422611145984
2123400,ckZOxVGA15KlICneOKmROPL3iD7pLsQ9cOiOTPozo5ytHCQbXJ1PV54n4kTLE4Sj,6.5739047932623995,28.84495094547934,11.472165448565264
2123700,ckZOxVGA15KlICneOKmROPL3iD7pLsQ9cOiOTPozo5ytHCQbXJ1PV54n4kTLE4Sj,6.703128495234918,31.31904948088744,11.465051417241636
2124000,ckZOxVGA15KlICneOKmROPL3iD7pLsQ9cOiOTPozo5ytHCQbXJ1PV54n4kTLE4Sj,7.113823270905857,28.151599923045755,11.410445066828004
2124300,ckZOxVGA15KlICneOKmROPL3iD7pLsQ9cOiOTPozo5ytHCQbXJ1PV54n4kTLE4Sj,7.074959085913797,31.813433015731512,11.479108671519077
2124600,ckZOxVGA15KlICneOKmROPL3iD7pLsQ9cOiOTPozo5ytHCQbXJ1PV54n4kTLE4Sj,7.138859910973384,28.746178710503116,11.437054657122436
2124900,ckZOxVGA15KlICneOKmROPL3iD7pLsQ9cOiOTPozo5ytHCQbXJ1PV54n4kTLE4Sj,6.75105058512476,31.37253999776384,10.9956416613466
2125200,ckZOxVGA15KlICneOKmROPL3iD7pLsQ9cOiOTPozo5ytHCQbXJ1PV54n4kTLE4Sj,6.317344776932263,29.905089766964743,11.08816690816512
2125500,ckZOxVGA15KlICneOKmROPL3iD7pLsQ9cOiOTPozo5ytHCQbXJ1PV54n4kTLE4Sj,6.5945762128596765,30.563143072915636,11.2005659033272
2125800,ckZOxVGA15KlICneOKmROPL3iD7pLsQ9cOiOTPozo5ytHCQbXJ1PV54n4kTLE4Sj,6.848003446586417,31.84515121004224,11.038402900781517
2126100,ckZOxVGA15KlICneOKmROPL3iD7pLsQ9cOiOTPozo5ytHCQbXJ1PV54n4kTLE4Sj,6.442848671670194,28.583160276825815,9.32215310340697
2126400,ckZOxVGA15KlICneOKmROPL3iD7pLsQ9cOiOTPozo5ytHCQbXJ1PV54n4kTLE4Sj,6.862662575235894,30.183497269501284,9.422774573688173
2126700,ckZOxVGA15KlICneOKmROPL3iD7pLsQ9cOiOTPozo5ytHCQbXJ1PV54n4kTLE4Sj,6.930282790848372,30.93759531637917,9.467753619663357
2127000,ckZOxVGA15KlICneOKmROPL3iD7pLsQ9cOiOTPozo5ytHCQbXJ1PV54n4kTLE4Sj,6.8366924909514974,28.279328523325624,9.513611604289446
2127300,ckZOxVGA15KlICneOKmROPL3iD7pLsQ9cOiOTPozo5ytHCQbXJ1PV54n4kTLE4Sj,6.825466747111609,30.08852060585282,9.541572641621816
2127600,ckZOxVGA15KlICneOKmROPL3iD7pLsQ9cOiOTPozo5ytHCQbXJ1PV54n4kTLE4Sj,6.6554710058637205,28.849156083016656,9.799589677275865
2127900,ckZOxVGA15KlICneOKmROPL3iD7pLsQ9cOiOTPozo5ytHCQbXJ1PV54n4kTLE4Sj,6.900509626706392,28.74150232496249,9.591388880553048
2128200,ckZOxVGA15KlICneOKmROPL3iD7pLsQ9cOiOTPozo5ytHCQbXJ1PV54n4kTLE4Sj,6.777832245676097,32.59431115783031,9.616274128712394
2128500,ckZOxVGA15KlICneOKmROPL3iD7pLsQ9cOiOTPozo5ytHCQbXJ1PV54n4kTLE4Sj,6.621445553737397,26.78214086605663,9.650020860253406
2128800,ckZOxVGA15KlICneOKmROPL3iD7pLsQ9cOiOTPozo5ytHCQbXJ1PV54n4kTLE4Sj,6.930423513153346,29.874592908101487,9.58562507611119
2129100,ckZOxVGA15KlICneOKmROPL3iD7pLsQ9cOiOTPozo5ytHCQbXJ1PV54n4kTLE4Sj,6.782679581550427,28.881646332203776,9.771172331929405
2129400,ckZOxVGA15KlICneOKmROPL3iD7pLsQ9cOiOTPozo5ytHCQbXJ1PV54n4kTLE4Sj,6.85770883773726,40.29461810948387,11.319388716817013
2129700,ckZOxVGA15KlICneOKmROPL3iD7pLsQ9cOiOTPozo5ytHCQbXJ1PV54n4kTLE4Sj,7.100718553235762,40.081397550582814,11.296899088385878
2130000,ckZOxVGA15KlICneOKmROPL3iD7pLsQ9cOiOTPozo5ytHCQbXJ1PV54n4kTLE4Sj,7.213309410929872,35.49773164820606,11.39011543746424
2130300,ckZOxVGA15KlICneOKmROPL3iD7pLsQ9cOiOTPozo5ytHCQbXJ1PV54n4kTLE4Sj,7.077450320818524,36.99178779823416,11.416146106873674
2130600,ckZOxVGA15KlICneOKmROPL3iD7pLsQ9cOiOTPozo5ytHCQbXJ1PV54n4kTLE4Sj,6.8902960216768285,37.21986091180837,11.36928591492822
2130900,ckZOxVGA15KlICneOKmROPL3iD7pLsQ9cOiOTPozo5ytHCQbXJ1PV54n4kTLE4Sj,7.242278723822064,35.50327711496456,11.403131660230974
2131200,ckZOxVGA15KlICneOKmROPL3iD7pLsQ9cOiOTPozo5ytHCQbXJ1PV54n4kTLE4Sj,6.991336406829811,31.860366742239783,11.491607296124974
2131500,ckZOxVGA15KlICneOKmROPL3iD7pLsQ9cOiOTPozo5ytHCQbXJ1PV54n4kTLE4Sj,6.766340912246119,30.581492156160007,11.168604281907488
2131800,ckZOxVGA15KlICneOKmROPL3iD7pLsQ9cOiOTPozo5ytHCQbXJ1PV54n4kTLE4Sj,7.050265475567562,34.979532258555246,11.600337530455466
2132100,ckZOxVGA15KlICneOKmROPL3iD7pLsQ9cOiOTPozo5ytHCQbXJ1PV54n4kTLE4Sj,7.124983811374928,32.74826198291987,11.173557459994582
2132400,ckZOxVGA15KlICneOKmROPL3iD7pLsQ9cOiOTPozo5ytHCQbXJ1PV54n4kTLE4Sj,6.919579383638467,34.37880186596699,11.180756874740254
2132700,ckZOxVGA15KlICneOKmROPL3iD7pLsQ9cOiOTPozo5ytHCQbXJ1PV54n4kTLE4Sj,6.684654163713195,33.497624936073464,11.26231639744118
2133000,ckZOxVGA15KlICneOKmROPL3iD7pLsQ9cOiOTPozo5ytHCQbXJ1PV54n4kTLE4Sj,6.67081945819924,29.10683033338348,11.053872601113005
2133300,ckZOxVGA15KlICneOKmROPL3iD7pLsQ9cOiOTPozo5ytHCQbXJ1PV54n4kTLE4Sj,6.464075114487214,28.414803971190405,11.001807724683395
2133600,ckZOxVGA15KlICneOKmROPL3iD7pLsQ9cOiOTPozo5ytHCQbXJ1PV54n4kTLE4Sj,7.027566950400081,27.744797369317748,11.073644683891573
2133900,ckZOxVGA15KlICneOKmROPL3iD7pLsQ9cOiOTPozo5ytHCQbXJ1PV54n4kTLE4Sj,7.073544351528543,30.799837801890625,11.066867133459477
2134200,ckZOxVGA15KlICneOKmROPL3iD7pLsQ9cOiOTPozo5ytHCQbXJ1PV54n4kTLE4Sj,7.087557806895928,27.318119032923004,11.11319967761322
2134500,ckZOxVGA15KlICneOKmROPL3iD7pLsQ9cOiOTPozo5ytHCQbXJ1PV54n4kTLE4Sj,6.937866049970247,28.5627241465942,11.138031046070026
2134800,ckZOxVGA15KlICneOKmROPL3iD7pLsQ9cOiOTPozo5ytHCQbXJ1PV54n4kTLE4Sj,6.806512707883232,26.69182612196446,11.031991682375248
2135100,ckZOxVGA15KlICneOKmROPL3iD7pLsQ9cOiOTPozo5ytHCQbXJ1PV54n4kTLE4Sj,7.041639486290227,29.52474416585268,11.010236579054547
2135400,ckZOxVGA15KlICneOKmROPL3iD7pLsQ9cOiOTPozo5ytHCQbXJ1PV54n4kTLE4Sj,6.921178394228497,27.36615742145757,11.00847243974516
2135700,ckZOxVGA15KlICneOKmROPL3iD7pLsQ9cOiOTPozo5ytHCQbXJ1PV54n4kTLE4Sj,6.684359781291086,28.366725539272803,10.988112583359705
2136000,ckZOxVGA15KlICneOKmROPL3iD7pLsQ9cOiOTPozo5ytHCQbXJ1PV54n4kTLE4Sj,6.654023029857445,26.124447039461344,11.429452829656045
2136300,ckZOxVGA15KlICneOKmROPL3iD7pLsQ9cOiOTPozo5ytHCQbXJ1PV54n4kTLE4Sj,6.56896694375726,27.87174094068081,11.064493211123926
2136600,ckZOxVGA15KlICneOKmROPL3iD7pLsQ9cOiOTPozo5ytHCQbXJ1PV54n4kTLE4Sj,6.9218551332984175,27.679307300370528,11.037238906473714
2136900,ckZOxVGA15KlICneOKmROPL3iD7pLsQ9cOiOTPozo5ytHCQbXJ1PV54n4kTLE4Sj,6.917501167242307,32.474677769716365,11.03359493956716
2137200,ckZOxVGA15KlICneOKmROPL3iD7pLsQ9cOiOTPozo5ytHCQbXJ1PV54n4kTLE4Sj,6.8787674011731195,30.415137240542872,11.083806705215531
2137500,ckZOxVGA15KlICneOKmROPL3iD7pLsQ9cOiOTPozo5ytHCQbXJ1PV54n4kTLE4Sj,7.018273208615149,29.206083034239388,11.096658341337973
2137800,ckZOxVGA15KlICneOKmROPL3iD7pLsQ9cOiOTPozo5ytHCQbXJ1PV54n4kTLE4Sj,6.905239395519501,29.7120070110956,11.1554734018702
2138100,ckZOxVGA15KlICneOKmROPL3iD7pLsQ9cOiOTPozo5ytHCQbXJ1PV54n4kTLE4Sj,6.943260943086577,34.158503852021774,11.123730201466504
2138400,ckZOxVGA15KlICneOKmROPL3iD7pLsQ9cOiOTPozo5ytHCQbXJ1PV54n4kTLE4Sj,6.684226378111217,33.78791873443368,11.188438780822418
2138700,ckZOxVGA15KlICneOKmROPL3iD7pLsQ9cOiOTPozo5ytHCQbXJ1PV54n4kTLE4Sj,6.611399241875874,37.67775886265407,11.1077027385093
2139000,ckZOxVGA15KlICneOKmROPL3iD7pLsQ9cOiOTPozo5ytHCQbXJ1PV54n4kTLE4Sj,6.554419437726187,32.53047982810419,11.0118048938849
2139300,ckZOxVGA15KlICneOKmROPL3iD7pLsQ9cOiOTPozo5ytHCQbXJ1PV54n4kTLE4Sj,6.4783391890291115,33.594440595800364,11.043469055741143
2139600,ckZOxVGA15KlICneOKmROPL3iD7pLsQ9cOiOTPozo5ytHCQbXJ1PV54n4kTLE4Sj,7.0506629739385644,36.06859536210151,10.90489336894774
2139900,ckZOxVGA15KlICneOKmROPL3iD7pLsQ9cOiOTPozo5ytHCQbXJ1PV54n4kTLE4Sj,6.899319050469165,18.59491144670771,9.51767141110638
2140200,ckZOxVGA15KlICneOKmROPL3iD7pLsQ9cOiOTPozo5ytHCQbXJ1PV54n4kTLE4Sj,6.935406799811685,19.83177153275599,9.240172419674083
2140500,ckZOxVGA15KlICneOKmROPL3iD7pLsQ9cOiOTPozo5ytHCQbXJ1PV54n4kTLE4Sj,6.434406448707889,19.858802695317216,9.305739927482694
2140800,ckZOxVGA15KlICneOKmROPL3iD7pLsQ9cOiOTPozo5ytHCQbXJ1PV54n4kTLE4Sj,6.921836625563266,20.97483302693121,9.65809825972967
2141100,ckZOxVGA15KlICneOKmROPL3iD7pLsQ9cOiOTPozo5ytHCQbXJ1PV54n4kTLE4Sj,6.854795679557856,18.87339188347559,9.94617968433661
2141400,ckZOxVGA15KlICneOKmROPL3iD7pLsQ9cOiOTPozo5ytHCQbXJ1PV54n4kTLE4Sj,7.121475994040392,18.39730176655089,9.549354484228113
2141700,ckZOxVGA15KlICneOKmROPL3iD7pLsQ9cOiOTPozo5ytHCQbXJ1PV54n4kTLE4Sj,7.143703571218851,20.278640006895536,9.656228316199229
2142000,ckZOxVGA15KlICneOKmROPL3iD7pLsQ9cOiOTPozo5ytHCQbXJ1PV54n4kTLE4Sj,6.870804100886625,19.54898430194209,9.613398774492458
2142300,ckZOxVGA15KlICneOKmROPL3iD7pLsQ9cOiOTPozo5ytHCQbXJ1PV54n4kTLE4Sj,6.578658483392368,24.996755646656982,9.65102003841484
2142600,ckZOxVGA15KlICneOKmROPL3iD7pLsQ9cOiOTPozo5ytHCQbXJ1PV54n4kTLE4Sj,7.134552127396105,28.59808664557974,9.658484675055233
2142900,ckZOxVGA15KlICneOKmROPL3iD7pLsQ9cOiOTPozo5ytHCQbXJ1PV54n4kTLE4Sj,7.405926849026323,27.514454364901884,9.624449819415293
2143200,ckZOxVGA15KlICneOKmROPL3iD7pLsQ9cOiOTPozo5ytHCQbXJ1PV54n4kTLE4Sj,6.7326852468247935,29.085380704730717,9.666153406112532
2143500,ckZOxVGA15KlICneOKmROPL3iD7pLsQ9cOiOTPozo5ytHCQbXJ1PV54n4kTLE4Sj,7.0633955669200486,38.3155624158329,11.299274156449597
2143800,ckZOxVGA15KlICneOKmROPL3iD7pLsQ9cOiOTPozo5ytHCQbXJ1PV54n4kTLE4Sj,6.805706560534291,41.87864494643655,11.31381983220011
2144100,ckZOxVGA15KlICneOKmROPL3iD7pLsQ9cOiOTPozo5ytHCQbXJ1PV54n4kTLE4Sj,7.146254635345358,45.776720317363775,11.603588919158264
2144400,ckZOxVGA15KlICneOKmROPL3iD7pLsQ9cOiOTPozo5ytHCQbXJ1PV54n4kTLE4Sj,7.209840144365256,39.37363131872999,11.413190940943895
2144700,ckZOxVGA15KlICneOKmROPL3iD7pLsQ9cOiOTPozo5ytHCQbXJ1PV54n4kTLE4Sj,7.0064369608230095,40.80829208914907,11.257218552951192
2145000,ckZOxVGA15KlICneOKmROPL3iD7pLsQ9cOiOTPozo5ytHCQbXJ1PV54n4kTLE4Sj,6.9890372557209615,40.687589799170496,11.406267369931992
2145300,ckZOxVGA15KlICneOKmROPL3iD7pLsQ9cOiOTPozo5ytHCQbXJ1PV54n4kTLE4Sj,7.109244089448696,41.938962429995726,11.504830228951851
2145600,ckZOxVGA15KlICneOKmROPL3iD7pLsQ9cOiOTPozo5ytHCQbXJ1PV54n4kTLE4Sj,7.179577842055789,44.68083794655978,11.421171458691928
2145900,ckZOxVGA15KlICneOKmROPL3iD7pLsQ9cOiOTPozo5ytHCQbXJ1PV54n4kTLE4Sj,7.261462687292496,45.25269027287461,11.45463634555302
2146200,ckZOxVGA15KlICneOKmROPL3iD7pLsQ9cOiOTPozo5ytHCQbXJ1PV54n4kTLE4Sj,7.1038940414779805,44.778774201284776,11.542239631467918
2146500,ckZOxVGA15KlICneOKmROPL3iD7pLsQ9cOiOTPozo5ytHCQbXJ1PV54n4kTLE4Sj,7.242203168556244,47.81626770172336,11.570384785626738
2146800,ckZOxVGA15KlICneOKmROPL3iD7pLsQ9cOiOTPozo5ytHCQbXJ1PV54n4kTLE4Sj,7.458817754880016,47.06453902286115,11.542856759815354
2147100,ckZOxVGA15KlICneOKmROPL3iD7pLsQ9cOiOTPozo5ytHCQbXJ1PV54n4kTLE4Sj,7.038466929470732,45.384902938000415,11.582103511726649
2147400,ckZOxVGA15KlICneOKmROPL3iD7pLsQ9cOiOTPozo5ytHCQbXJ1PV54n4kTLE4Sj,6.719227470100205,46.16116917114951,11.247032247873983
2147700,ckZOxVGA15KlICneOKmROPL3iD7pLsQ9cOiOTPozo5ytHCQbXJ1PV54n4kTLE4Sj,6.951171738401306,41.46794440818637,11.682905536775824
2148000,ckZOxVGA15KlICneOKmROPL3iD7pLsQ9cOiOTPozo5ytHCQbXJ1PV54n4kTLE4Sj,6.841754333679087,48.12118273311724,11.412345071318716
2148300,ckZOxVGA15KlICneOKmROPL3iD7pLsQ9cOiOTPozo5ytHCQbXJ1PV54n4kTLE4Sj,7.208219827670699,43.08746752256804,11.206297517654424
2148600,ckZOxVGA15KlICneOKmROPL3iD7pLsQ9cOiOTPozo5ytHCQbXJ1PV54n4kTLE4Sj,7.085595806468663,41.54229550031698,11.33548124225324
2148900,ckZOxVGA15KlICneOKmROPL3iD7pLsQ9cOiOTPozo5ytHCQbXJ1PV54n4kTLE4Sj,7.192000588271822,44.84392831140125,11.55852196627364
2149200,ckZOxVGA15KlICneOKmROPL3iD7pLsQ9cOiOTPozo5ytHCQbXJ1PV54n4kTLE4Sj,7.032145710880382,47.41370844402251,11.353849248910148
2149500,ckZOxVGA15KlICneOKmROPL3iD7pLsQ9cOiOTPozo5ytHCQbXJ1PV54n4kTLE4Sj,7.023489212110515,42.27306022036127,11.34827582935396
2149800,ckZOxVGA15KlICneOKmROPL3iD7pLsQ9cOiOTPozo5ytHCQbXJ1PV54n4kTLE4Sj,7.433896344644448,43.80399644738513,11.466314765927931
2150100,ckZOxVGA15KlICneOKmROPL3iD7pLsQ9cOiOTPozo5ytHCQbXJ1PV54n4kTLE4Sj,6.989144887389252,43.4237902119576,11.3978660149072
2150400,ckZOxVGA15KlICneOKmROPL3iD7pLsQ9cOiOTPozo5ytHCQbXJ1PV54n4kTLE4Sj,7.329211121907802,38.8474684242177,11.369718549976962
2150700,ckZOxVGA15KlICneOKmROPL3iD7pLsQ9cOiOTPozo5ytHCQbXJ1PV54n4kTLE4Sj,6.969728942662955,42.16593504052108,11.263098643597468
2151000,ckZOxVGA15KlICneOKmROPL3iD7pLsQ9cOiOTPozo5ytHCQbXJ1PV54n4kTLE4Sj,6.6504863825793,36.07642515052392,11.297506984054465
2151300,ckZOxVGA15KlICneOKmROPL3iD7pLsQ9cOiOTPozo5ytHCQbXJ1PV54n4kTLE4Sj,7.313112255053366,42.68418774855668,11.33257836725109
2151600,ckZOxVGA15KlICneOKmROPL3iD7pLsQ9cOiOTPozo5ytHCQbXJ1PV54n4kTLE4Sj,7.19173451918021,40.306870598592205,11.43015326752218
2151900,ckZOxVGA15KlICneOKmROPL3iD7pLsQ9cOiOTPozo5ytHCQbXJ1PV54n4kTLE4Sj,6.971481491710684,39.4879818637205,11.818492930529883
2152200,ckZOxVGA15KlICneOKmROPL3iD7pLsQ9cOiOTPozo5ytHCQbXJ1PV54n4kTLE4Sj,7.301915506476685,34.1558217010547,11.443309945394333
2152500,ckZOxVGA15KlICneOKmROPL3iD7pLsQ9cOiOTPozo5ytHCQbXJ1PV54n4kTLE4Sj,7.208709838761711,40.88447457860554,11.567122279795568
2152800,ckZOxVGA15KlICneOKmROPL3iD7pLsQ9cOiOTPozo5ytHCQbXJ1PV54n4kTLE4Sj,6.98451307732516,32.39437731292843,11.383327071962436
2153100,ckZOxVGA15KlICneOKmROPL3iD7pLsQ9cOiOTPozo5ytHCQbXJ1PV54n4kTLE4Sj,7.1161204058656935,37.19281582989986,11.423024261429116
2153400,ckZOxVGA15KlICneOKmROPL3iD7pLsQ9cOiOTPozo5ytHCQbXJ1PV54n4kTLE4Sj,7.187449489154238,32.7087949376759,11.541215944764843
2153700,ckZOxVGA15KlICneOKmROPL3iD7pLsQ9cOiOTPozo5ytHCQbXJ1PV54n4kTLE4Sj,7.484408664604853,31.08498306559478,11.476404642194288
2154000,ckZOxVGA15KlICneOKmROPL3iD7pLsQ9cOiOTPozo5ytHCQbXJ1PV54n4kTLE4Sj,7.167433878899033,28.842733596944857,9.82488363184149
2154300,ckZOxVGA15KlICneOKmROPL3iD7pLsQ9cOiOTPozo5ytHCQbXJ1PV54n4kTLE4Sj,7.371728930385302,33.62272437306132,9.970715028553302
2154600,ckZOxVGA15KlICneOKmROPL3iD7pLsQ9cOiOTPozo5ytHCQbXJ1PV54n4kTLE4Sj,7.40516081971544,33.30857006614778,9.84836332567843
2154900,ckZOxVGA15KlICneOKmROPL3iD7pLsQ9cOiOTPozo5ytHCQbXJ1PV54n4kTLE4Sj,7.499267136228392,34.947750620702,9.877383961206842
2155200,ckZOxVGA15KlICneOKmROPL3iD7pLsQ9cOiOTPozo5ytHCQbXJ1PV54n4kTLE4Sj,7.287057243401595,28.79822983308288,10.101212322385544
2155500,ckZOxVGA15KlICneOKmROPL3iD7pLsQ9cOiOTPozo5ytHCQbXJ1PV54n4kTLE4Sj,6.402771633110529,31.05796198949968,9.53373074329523
2155800,ckZOxVGA15KlICneOKmROPL3iD7pLsQ9cOiOTPozo5ytHCQbXJ1PV54n4kTLE4Sj,6.948484819298416,28.52002185813404,9.66910167164628
2156100,ckZOxVGA15KlICneOKmROPL3iD7pLsQ9cOiOTPozo5ytHCQbXJ1PV54n4kTLE4Sj,6.917752980838345,35.4612196761606,9.887006511068195
2156400,ckZOxVGA15KlICneOKmROPL3iD7pLsQ9cOiOTPozo5ytHCQbXJ1PV54n4kTLE4Sj,6.949039331415663,29.0636567015388,9.684772765321927
2156700,ckZOxVGA15KlICneOKmROPL3iD7pLsQ9cOiOTPozo5ytHCQbXJ1PV54n4kTLE4Sj,7.19436243477788,33.726199002798275,9.685446811305
2157000,ckZOxVGA15KlICneOKmROPL3iD7pLsQ9cOiOTPozo5ytHCQbXJ1PV54n4kTLE4Sj,7.1499262244754735,29.457252401940288,9.750202688343794
2157300,ckZOxVGA15KlICneOKmROPL3iD7pLsQ9cOiOTPozo5ytHCQbXJ1PV54n4kTLE4Sj,7.047213781278727,27.554358191709575,11.477092319188506
2157600,ckZOxVGA15KlICneOKmROPL3iD7pLsQ9cOiOTPozo5ytHCQbXJ1PV54n4kTLE4Sj,7.1296559582263965,32.468940156786765,11.412347512154287
2157900,ckZOxVGA15KlICneOKmROPL3iD7pLsQ9cOiOTPozo5ytHCQbXJ1PV54n4kTLE4Sj,7.256394633071799,43.8599397328402,11.515337888229787
2158200,ckZOxVGA15KlICneOKmROPL3iD7pLsQ9cOiOTPozo5ytHCQbXJ1PV54n4kTLE4Sj,7.287283172397993,44.85094963032108,11.542699994069483
2158500,ckZOxVGA15KlICneOKmROPL3iD7pLsQ9cOiOTPozo5ytHCQbXJ1PV54n4kTLE4Sj,6.991580442132614,48.163874813273424,11.451498348975417
2158800,ckZOxVGA15KlICneOKmROPL3iD7pLsQ9cOiOTPozo5ytHCQbXJ1PV54n4kTLE4Sj,7.454885790543958,34.22594272799782,11.549705707023248
2159100,ckZOxVGA15KlICneOKmROPL3iD7pLsQ9cOiOTPozo5ytHCQbXJ1PV54n4kTLE4Sj,7.398373754776072,49.14734200865652,11.510310307192109
2159400,ckZOxVGA15KlICneOKmROPL3iD7pLsQ9cOiOTPozo5ytHCQbXJ1PV54n4kTLE4Sj,7.294193422008323,46.273344406298875,11.486660619969763
2159700,ckZOxVGA15KlICneOKmROPL3iD7pLsQ9cOiOTPozo5ytHCQbXJ1PV54n4kTLE4Sj,7.28556238877286,46.93847082479406,11.587721214081007
2160000,ckZOxVGA15KlICneOKmROPL3iD7pLsQ9cOiOTPozo5ytHCQbXJ1PV54n4kTLE4Sj,7.124944884246047,50.702563183412096,11.521505170384316
2160300,ckZOxVGA15KlICneOKmROPL3iD7pLsQ9cOiOTPozo5ytHCQbXJ1PV54n4kTLE4Sj,7.11960826676988,48.747313629829705,11.969785480492966
2160600,ckZOxVGA15KlICneOKmROPL3iD7pLsQ9cOiOTPozo5ytHCQbXJ1PV54n4kTLE4Sj,6.955186816269821,39.25501305986788,11.56703087817257
2160900,ckZOxVGA15KlICneOKmROPL3iD7pLsQ9cOiOTPozo5ytHCQbXJ1PV54n4kTLE4Sj,7.601461280906807,37.94045328832539,15.341050544212612
2161200,ckZOxVGA15KlICneOKmROPL3iD7pLsQ9cOiOTPozo5ytHCQbXJ1PV54n4kTLE4Sj,7.2890796917940035,43.44970909035412,11.874239856389078
2161500,ckZOxVGA15KlICneOKmROPL3iD7pLsQ9cOiOTPozo5ytHCQbXJ1PV54n4kTLE4Sj,7.331532032049014,42.90551729188306,11.601773632451522
2161800,ckZOxVGA15KlICneOKmROPL3iD7pLsQ9cOiOTPozo5ytHCQbXJ1PV54n4kTLE4Sj,7.370776747193627,39.68471384712304,11.64176086527564
2162100,ckZOxVGA15KlICneOKmROPL3iD7pLsQ9cOiOTPozo5ytHCQbXJ1PV54n4kTLE4Sj,7.473711643490927,34.99326617970994,11.63665959051662
2162400,ckZOxVGA15KlICneOKmROPL3iD7pLsQ9cOiOTPozo5ytHCQbXJ1PV54n4kTLE4Sj,7.571345608427332,40.349305091118445,11.782727176377792
2162700,ckZOxVGA15KlICneOKmROPL3iD7pLsQ9cOiOTPozo5ytHCQbXJ1PV54n4kTLE4Sj,7.36687216677407,37.46555368745421,11.726168356961727
2163000,ckZOxVGA15KlICneOKmROPL3iD7pLsQ9cOiOTPozo5ytHCQbXJ1PV54n4kTLE4Sj,7.387282494986767,39.94265209315088,11.695142426248747
2163300,ckZOxVGA15KlICneOKmROPL3iD7pLsQ9cOiOTPozo5ytHCQbXJ1PV54n4kTLE4Sj,7.1889923987836415,44.48894054809743,11.436790642364247
2163600,ckZOxVGA15KlICneOKmROPL3iD7pLsQ9cOiOTPozo5ytHCQbXJ1PV54n4kTLE4Sj,6.5436265174364205,42.36604425434345,11.04257416190033
2163900,ckZOxVGA15KlICneOKmROPL3iD7pLsQ9cOiOTPozo5ytHCQbXJ1PV54n4kTLE4Sj,6.822021827894488,47.92049419268962,14.499162570743572
2164200,ckZOxVGA15KlICneOKmROPL3iD7pLsQ9cOiOTPozo5ytHCQbXJ1PV54n4kTLE4Sj,6.987745008389632,35.15127852527529,11.112224088450484
2164500,ckZOxVGA15KlICneOKmROPL3iD7pLsQ9cOiOTPozo5ytHCQbXJ1PV54n4kTLE4Sj,6.486847747176519,37.71395277200989,10.294385454869095
2164800,ckZOxVGA15KlICneOKmROPL3iD7pLsQ9cOiOTPozo5ytHCQbXJ1PV54n4kTLE4Sj,6.708333509166846,34.51720339104604,11.087701737992656
2165100,ckZOxVGA15KlICneOKmROPL3iD7pLsQ9cOiOTPozo5ytHCQbXJ1PV54n4kTLE4Sj,7.433529693111441,31.80202328555824,11.268341322259255
2165400,ckZOxVGA15KlICneOKmROPL3iD7pLsQ9cOiOTPozo5ytHCQbXJ1PV54n4kTLE4Sj,7.0173449930092255,40.72932082715475,11.141555056589548
2165700,ckZOxVGA15KlICneOKmROPL3iD7pLsQ9cOiOTPozo5ytHCQbXJ1PV54n4kTLE4Sj,7.040635675303579,40.07548521167901,11.203075915484831
2166000,ckZOxVGA15KlICneOKmROPL3iD7pLsQ9cOiOTPozo5ytHCQbXJ1PV54n4kTLE4Sj,7.305437591847462,39.05502071338744,11.277176309883153
2166300,ckZOxVGA15KlICneOKmROPL3iD7pLsQ9cOiOTPozo5ytHCQbXJ1PV54n4kTLE4Sj,6.943215909958869,39.89362078967055,11.285692622541417
2166600,ckZOxVGA15KlICneOKmROPL3iD7pLsQ9cOiOTPozo5ytHCQbXJ1PV54n4kTLE4Sj,7.385299333990816,57.33381803635732,11.31912422749267
2166900,ckZOxVGA15KlICneOKmROPL3iD7pLsQ9cOiOTPozo5ytHCQbXJ1PV54n4kTLE4Sj,6.667224489512448,45.83796505600528,11.317525423210064
2167200,ckZOxVGA15KlICneOKmROPL3iD7pLsQ9cOiOTPozo5ytHCQbXJ1PV54n4kTLE4Sj,6.90451979468874,45.46619550477276,11.228443978087522
2167500,ckZOxVGA15KlICneOKmROPL3iD7pLsQ9cOiOTPozo5ytHCQbXJ1PV54n4kTLE4Sj,6.947732218542047,43.212479852212205,11.190402510483665
2167800,ckZOxVGA15KlICneOKmROPL3iD7pLsQ9cOiOTPozo5ytHCQbXJ1PV54n4kTLE4Sj,6.717347089765608,34.52145500358818,9.61900737598203
2168100,ckZOxVGA15KlICneOKmROPL3iD7pLsQ9cOiOTPozo5ytHCQbXJ1PV54n4kTLE4Sj,6.95883187501229,30.087476062454837,9.840309452933575
2168400,ckZOxVGA15KlICneOKmROPL3iD7pLsQ9cOiOTPozo5ytHCQbXJ1PV54n4kTLE4Sj,6.812199943266597,32.00485101984773,9.629446201850657
2168700,ckZOxVGA15KlICneOKmROPL3iD7pLsQ9cOiOTPozo5ytHCQbXJ1PV54n4kTLE4Sj,6.824885518232889,31.150873151130536,9.685030967464977
2169000,ckZOxVGA15KlICneOKmROPL3iD7pLsQ9cOiOTPozo5ytHCQbXJ1PV54n4kTLE4Sj,7.221109577162113,29.616658070667636,9.680046704305694
2169300,ckZOxVGA15KlICneOKmROPL3iD7pLsQ9cOiOTPozo5ytHCQbXJ1PV54n4kTLE4Sj,7.256213012744563,33.46374326352777,9.791104002615837
2169600,ckZOxVGA15KlICneOKmROPL3iD7pLsQ9cOiOTPozo5ytHCQbXJ1PV54n4kTLE4Sj,7.193121148755887,28.186937646747015,9.787945192089433
2169900,ckZOxVGA15KlICneOKmROPL3iD7pLsQ9cOiOTPozo5ytHCQbXJ1PV54n4kTLE4Sj,6.973643899494059,31.084067706812217,9.800087449566742
2170200,ckZOxVGA15KlICneOKmROPL3iD7pLsQ9cOiOTPozo5ytHCQbXJ1PV54n4kTLE4Sj,7.186435740115462,29.949862269449014,11.69034177564509
2170500,ckZOxVGA15KlICneOKmROPL3iD7pLsQ9cOiOTPozo5ytHCQbXJ1PV54n4kTLE4Sj,6.70564983157006,32.95068044802282,11.656878927157226
2170800,ckZOxVGA15KlICneOKmROPL3iD7pLsQ9cOiOTPozo5ytHCQbXJ1PV54n4kTLE4Sj,7.113667636143556,28.106623340078013,9.719548892978786
2171100,ckZOxVGA15KlICneOKmROPL3iD7pLsQ9cOiOTPozo5ytHCQbXJ1PV54n4kTLE4Sj,6.839504290382227,28.944709387465775,11.3660950802696
2171400,ckZOxVGA15KlICneOKmROPL3iD7pLsQ9cOiOTPozo5ytHCQbXJ1PV54n4kTLE4Sj,7.15458458114852,33.79776489879695,11.16285855543688
2171700,ckZOxVGA15KlICneOKmROPL3iD7pLsQ9cOiOTPozo5ytHCQbXJ1PV54n4kTLE4Sj,6.734687173561792,30.635647630746952,11.004077726814147
2172000,ckZOxVGA15KlICneOKmROPL3iD7pLsQ9cOiOTPozo5ytHCQbXJ1PV54n4kTLE4Sj,7.133219908038564,31.791115334468227,11.12648179355217
2172300,ckZOxVGA15KlICneOKmROPL3iD7pLsQ9cOiOTPozo5ytHCQbXJ1PV54n4kTLE4Sj,7.275298067300963,24.23469802038099,9.167314778673807
2172600,ckZOxVGA15KlICneOKmROPL3iD7pLsQ9cOiOTPozo5ytHCQbXJ1PV54n4kTLE4Sj,6.944982459125125,31.22412058773853,11.109230425428734
2172900,ckZOxVGA15KlICneOKmROPL3iD7pLsQ9cOiOTPozo5ytHCQbXJ1PV54n4kTLE4Sj,6.906678073533426,39.10289303543075,10.920011165931433
2173200,ckZOxVGA15KlICneOKmROPL3iD7pLsQ9cOiOTPozo5ytHCQbXJ1PV54n4kTLE4Sj,6.75343553584398,34.50714296771492,11.075673997602417
2173500,ckZOxVGA15KlICneOKmROPL3iD7pLsQ9cOiOTPozo5ytHCQbXJ1PV54n4kTLE4Sj,6.6296509676524265,33.96260877941707,11.085584990412451
2173800,ckZOxVGA15KlICneOKmROPL3iD7pLsQ9cOiOTPozo5ytHCQbXJ1PV54n4kTLE4Sj,6.774749841193158,39.22655891793233,11.176504504188149
2174100,ckZOxVGA15KlICneOKmROPL3iD7pLsQ9cOiOTPozo5ytHCQbXJ1PV54n4kTLE4Sj,6.815837237119034,35.11652083464755,11.269605592215248
2174400,ckZOxVGA15KlICneOKmROPL3iD7pLsQ9cOiOTPozo5ytHCQbXJ1PV54n4kTLE4Sj,7.0072056005231484,35.843570537861574,11.110411847730209
2174700,ckZOxVGA15KlICneOKmROPL3iD7pLsQ9cOiOTPozo5ytHCQbXJ1PV54n4kTLE4Sj,6.825330748157314,36.194776950318285,11.07094051677571
2175000,ckZOxVGA15KlICneOKmROPL3iD7pLsQ9cOiOTPozo5ytHCQbXJ1PV54n4kTLE4Sj,6.912683628586702,36.84368780328646,11.11293540941332
2175300,ckZOxVGA15KlICneOKmROPL3iD7pLsQ9cOiOTPozo5ytHCQbXJ1PV54n4kTLE4Sj,6.7349187634350605,41.642441464145776,11.020970727943755
2175600,ckZOxVGA15KlICneOKmROPL3iD7pLsQ9cOiOTPozo5ytHCQbXJ1PV54n4kTLE4Sj,6.931450279552744,38.82733099442952,10.984030485743869
2175900,ckZOxVGA15KlICneOKmROPL3iD7pLsQ9cOiOTPozo5ytHCQbXJ1PV54n4kTLE4Sj,6.944654071294706,36.06159504588713,11.298123362288864
2176200,ckZOxVGA15KlICneOKmROPL3iD7pLsQ9cOiOTPozo5ytHCQbXJ1PV54n4kTLE4Sj,6.842929294937699,38.31821925810068,10.921918690465455
2176500,ckZOxVGA15KlICneOKmROPL3iD7pLsQ9cOiOTPozo5ytHCQbXJ1PV54n4kTLE4Sj,7.021705197015277,37.64408340857327,10.990252193344956
2176800,ckZOxVGA15KlICneOKmROPL3iD7pLsQ9cOiOTPozo5ytHCQbXJ1PV54n4kTLE4Sj,6.919233320093425,38.459076849879445,11.043592485226029
2177100,ckZOxVGA15KlICneOKmROPL3iD7pLsQ9cOiOTPozo5ytHCQbXJ1PV54n4kTLE4Sj,6.3045248039277695,48.046507544440125,10.986672471282937
2177400,ckZOxVGA15KlICneOKmROPL3iD7pLsQ9cOiOTPozo5ytHCQbXJ1PV54n4kTLE4Sj,6.320272388810472,53.95842517749448,16.737007818500953
2177700,ckZOxVGA15KlICneOKmROPL3iD7pLsQ9cOiOTPozo5ytHCQbXJ1PV54n4kTLE4Sj,6.263109756167699,46.547665222101,11.174726422505614
2178000,ckZOxVGA15KlICneOKmROPL3iD7pLsQ9cOiOTPozo5ytHCQbXJ1PV54n4kTLE4Sj,6.192824056987771,44.30442870454746,13.505278123306468
2178300,ckZOxVGA15KlICneOKmROPL3iD7pLsQ9cOiOTPozo5ytHCQbXJ1PV54n4kTLE4Sj,5.91373320830861,41.131358505133406,10.071128280301206
2178600,ckZOxVGA15KlICneOKmROPL3iD7pLsQ9cOiOTPozo5ytHCQbXJ1PV54n4kTLE4Sj,6.060903255398135,40.90157240596008,10.063416282757476
2178900,ckZOxVGA15KlICneOKmROPL3iD7pLsQ9cOiOTPozo5ytHCQbXJ1PV54n4kTLE4Sj,6.054784050593267,53.80684307211398,10.127386237567098
2179200,ckZOxVGA15KlICneOKmROPL3iD7pLsQ9cOiOTPozo5ytHCQbXJ1PV54n4kTLE4Sj,5.895228750215224,46.43547070818138,10.001868449036216
2179500,ckZOxVGA15KlICneOKmROPL3iD7pLsQ9cOiOTPozo5ytHCQbXJ1PV54n4kTLE4Sj,5.615834842265988,43.28956188629272,9.803240002553775
2179800,ckZOxVGA15KlICneOKmROPL3iD7pLsQ9cOiOTPozo5ytHCQbXJ1PV54n4kTLE4Sj,5.862279198479644,40.29385467183018,9.73358314852715
2180100,ckZOxVGA15KlICneOKmROPL3iD7pLsQ9cOiOTPozo5ytHCQbXJ1PV54n4kTLE4Sj,6.009287299457595,41.25547648063348,10.139139589939756
2180400,ckZOxVGA15KlICneOKmROPL3iD7pLsQ9cOiOTPozo5ytHCQbXJ1PV54n4kTLE4Sj,5.870775841874211,40.89793879991348,9.820022495435026
2180700,ckZOxVGA15KlICneOKmROPL3iD7pLsQ9cOiOTPozo5ytHCQbXJ1PV54n4kTLE4Sj,5.947830861821342,46.18072461113029,9.772250131344634
2181000,ckZOxVGA15KlICneOKmROPL3iD7pLsQ9cOiOTPozo5ytHCQbXJ1PV54n4kTLE4Sj,6.063695357855084,42.24517463810405,9.76824358181317
2181300,ckZOxVGA15KlICneOKmROPL3iD7pLsQ9cOiOTPozo5ytHCQbXJ1PV54n4kTLE4Sj,6.0275196652075005,46.62948282736384,9.823325113811972
2181600,ckZOxVGA15KlICneOKmROPL3iD7pLsQ9cOiOTPozo5ytHCQbXJ1PV54n4kTLE4Sj,5.869603798351772,47.16672849272478,9.894907475939089
2181900,ckZOxVGA15KlICneOKmROPL3iD7pLsQ9cOiOTPozo5ytHCQbXJ1PV54n4kTLE4Sj,5.934576722360208,27.48701536723736,8.283298316815157
2182200,ckZOxVGA15KlICneOKmROPL3iD7pLsQ9cOiOTPozo5ytHCQbXJ1PV54n4kTLE4Sj,5.834778008046262,31.730128149151728,8.307631422304503
2182500,ckZOxVGA15KlICneOKmROPL3iD7pLsQ9cOiOTPozo5ytHCQbXJ1PV54n4kTLE4Sj,5.797778305254369,27.680947922594147,8.380519774622778
2182800,ckZOxVGA15KlICneOKmROPL3iD7pLsQ9cOiOTPozo5ytHCQbXJ1PV54n4kTLE4Sj,5.963941516581579,33.53361054797559,8.369405695829862
2183100,ckZOxVGA15KlICneOKmROPL3iD7pLsQ9cOiOTPozo5ytHCQbXJ1PV54n4kTLE4Sj,6.021742404201252,31.83469288109971,8.469545050288842
2183400,ckZOxVGA15KlICneOKmROPL3iD7pLsQ9cOiOTPozo5ytHCQbXJ1PV54n4kTLE4Sj,5.9508129253171,25.632169817914157,8.389328310066185
2183700,ckZOxVGA15KlICneOKmROPL3iD7pLsQ9cOiOTPozo5ytHCQbXJ1PV54n4kTLE4Sj,6.073576771813114,26.021199370416376,8.376922030833262
2184000,ckZOxVGA15KlICneOKmROPL3iD7pLsQ9cOiOTPozo5ytHCQbXJ1PV54n4kTLE4Sj,6.076195230134111,28.9280627198833,8.436482477641134
2184300,ckZOxVGA15KlICneOKmROPL3iD7pLsQ9cOiOTPozo5ytHCQbXJ1PV54n4kTLE4Sj,5.878666200289413,29.112949210468688,8.709629676627669
2184600,ckZOxVGA15KlICneOKmROPL3iD7pLsQ9cOiOTPozo5ytHCQbXJ1PV54n4kTLE4Sj,6.0012101081248055,30.710670430025488,10.2072468853174
2184900,ckZOxVGA15KlICneOKmROPL3iD7pLsQ9cOiOTPozo5ytHCQbXJ1PV54n4kTLE4Sj,6.223080535711833,24.887494089369422,8.48075230223952
2185200,ckZOxVGA15KlICneOKmROPL3iD7pLsQ9cOiOTPozo5ytHCQbXJ1PV54n4kTLE4Sj,6.055502210864304,26.45595265946931,8.47301480378792
2185500,ckZOxVGA15KlICneOKmROPL3iD7pLsQ9cOiOTPozo5ytHCQbXJ1PV54n4kTLE4Sj,6.069636534983825,47.511497736330405,10.100575053504055
2185800,ckZOxVGA15KlICneOKmROPL3iD7pLsQ9cOiOTPozo5ytHCQbXJ1PV54n4kTLE4Sj,6.2695912154406095,46.16455262908402,10.136994267087244
2186100,ckZOxVGA15KlICneOKmROPL3iD7pLsQ9cOiOTPozo5ytHCQbXJ1PV54n4kTLE4Sj,6.266970114944245,48.48181668132758,10.089688270515278
2186400,ckZOxVGA15KlICneOKmROPL3iD7pLsQ9cOiOTPozo5ytHCQbXJ1PV54n4kTLE4Sj,6.011462621035816,49.21382194046004,10.1499875157117
2186700,ckZOxVGA15KlICneOKmROPL3iD7pLsQ9cOiOTPozo5ytHCQbXJ1PV54n4kTLE4Sj,6.095965729306064,46.51186933084287,10.232776524749616
2187000,ckZOxVGA15KlICneOKmROPL3iD7pLsQ9cOiOTPozo5ytHCQbXJ1PV54n4kTLE4Sj,6.4115058860585,47.19180943870984,10.123224220956724
2187300,ckZOxVGA15KlICneOKmROPL3iD7pLsQ9cOiOTPozo5ytHCQbXJ1PV54n4kTLE4Sj,5.624066226381199,43.76757128858553,9.834833468719305
2187600,ckZOxVGA15KlICneOKmROPL3iD7pLsQ9cOiOTPozo5ytHCQbXJ1PV54n4kTLE4Sj,5.970517791813961,49.21422424432889,10.0129731450778
2187900,ckZOxVGA15KlICneOKmROPL3iD7pLsQ9cOiOTPozo5ytHCQbXJ1PV54n4kTLE4Sj,6.127681276499562,46.89757716342602,9.959843643023504
2188200,ckZOxVGA15KlICneOKmROPL3iD7pLsQ9cOiOTPozo5ytHCQbXJ1PV54n4kTLE4Sj,5.67935569324227,39.89455529497692,9.96211076512825
2188500,ckZOxVGA15KlICneOKmROPL3iD7pLsQ9cOiOTPozo5ytHCQbXJ1PV54n4kTLE4Sj,6.053434059593102,7.52094283494118,6.618547933586261
2188800,ckZOxVGA15KlICneOKmROPL3iD7pLsQ9cOiOTPozo5ytHCQbXJ1PV54n4kTLE4Sj,5.867879407590681,45.49431212129575,9.932538692181955
2189100,ckZOxVGA15KlICneOKmROPL3iD7pLsQ9cOiOTPozo5ytHCQbXJ1PV54n4kTLE4Sj,5.93165571383685,40.7192465532378,9.896702633333224
2189400,ckZOxVGA15KlICneOKmROPL3iD7pLsQ9cOiOTPozo5ytHCQbXJ1PV54n4kTLE4Sj,6.0237404478233625,41.206076400858045,9.881962968710612
2189700,ckZOxVGA15KlICneOKmROPL3iD7pLsQ9cOiOTPozo5ytHCQbXJ1PV54n4kTLE4Sj,5.93177979670897,44.56798394863692,9.908385294537185
2190000,ckZOxVGA15KlICneOKmROPL3iD7pLsQ9cOiOTPozo5ytHCQbXJ1PV54n4kTLE4Sj,5.80921559409253,39.346312430526446,9.908039170638762
2190300,ckZOxVGA15KlICneOKmROPL3iD7pLsQ9cOiOTPozo5ytHCQbXJ1PV54n4kTLE4Sj,5.749669349333224,42.72996849608656,9.938742448426495
2190600,ckZOxVGA15KlICneOKmROPL3iD7pLsQ9cOiOTPozo5ytHCQbXJ1PV54n4kTLE4Sj,5.833310625916244,42.8551816370868,9.917812637186897
2190900,ckZOxVGA15KlICneOKmROPL3iD7pLsQ9cOiOTPozo5ytHCQbXJ1PV54n4kTLE4Sj,5.50835677901706,46.71040421047767,9.935152999588462
2191200,ckZOxVGA15KlICneOKmROPL3iD7pLsQ9cOiOTPozo5ytHCQbXJ1PV54n4kTLE4Sj,5.583817513039216,39.95624399504442,10.127098366464088
2191500,ckZOxVGA15KlICneOKmROPL3iD7pLsQ9cOiOTPozo5ytHCQbXJ1PV54n4kTLE4Sj,6.090935607197523,44.685388891235085,10.610280649662927
2191800,ckZOxVGA15KlICneOKmROPL3iD7pLsQ9cOiOTPozo5ytHCQbXJ1PV54n4kTLE4Sj,6.125176194891416,44.803866477599165,10.427038967394717
2192100,ckZOxVGA15KlICneOKmROPL3iD7pLsQ9cOiOTPozo5ytHCQbXJ1PV54n4kTLE4Sj,5.932668991629408,46.19569548993848,10.518557696235767
2192400,ckZOxVGA15KlICneOKmROPL3iD7pLsQ9cOiOTPozo5ytHCQbXJ1PV54n4kTLE4Sj,6.224468649357158,41.520421445113286,10.357886934659929
2192700,ckZOxVGA15KlICneOKmROPL3iD7pLsQ9cOiOTPozo5ytHCQbXJ1PV54n4kTLE4Sj,6.168924532310411,7.932266542799165,6.977523410235159
2193000,ckZOxVGA15KlICneOKmROPL3iD7pLsQ9cOiOTPozo5ytHCQbXJ1PV54n4kTLE4Sj,6.159284560488484,42.248550604393216,10.366333563516491
2193300,ckZOxVGA15KlICneOKmROPL3iD7pLsQ9cOiOTPozo5ytHCQbXJ1PV54n4kTLE4Sj,6.2043480662928,41.69581447688413,10.344599261974883
2193600,ckZOxVGA15KlICneOKmROPL3iD7pLsQ9cOiOTPozo5ytHCQbXJ1PV54n4kTLE4Sj,6.23198946530774,47.86552310805044,10.361311507074316
2193900,ckZOxVGA15KlICneOKmROPL3iD7pLsQ9cOiOTPozo5ytHCQbXJ1PV54n4kTLE4Sj,6.28119276439405,42.044782100852096,10.312039489421675
2194200,ckZOxVGA15KlICneOKmROPL3iD7pLsQ9cOiOTPozo5ytHCQbXJ1PV54n4kTLE4Sj,6.318417450100239,47.38509144411845,10.358544186800192
2194500,ckZOxVGA15KlICneOKmROPL3iD7pLsQ9cOiOTPozo5ytHCQbXJ1PV54n4kTLE4Sj,6.203134562984797,41.79664419201871,10.430795032359644
2194800,ckZOxVGA15KlICneOKmROPL3iD7pLsQ9cOiOTPozo5ytHCQbXJ1PV54n4kTLE4Sj,6.075450299043142,41.73502589594023,10.47546100227678
2195100,ckZOxVGA15KlICneOKmROPL3iD7pLsQ9cOiOTPozo5ytHCQbXJ1PV54n4kTLE4Sj,6.023241904263817,43.0289229128955,10.447885850029245
2195400,ckZOxVGA15KlICneOKmROPL3iD7pLsQ9cOiOTPozo5ytHCQbXJ1PV54n4kTLE4Sj,5.783221185248945,45.8957942265273,10.144968030242328
2195700,ckZOxVGA15KlICneOKmROPL3iD7pLsQ9cOiOTPozo5ytHCQbXJ1PV54n4kTLE4Sj,5.843123236363016,45.52059611814441,10.157317807518588
2196000,ckZOxVGA15KlICneOKmROPL3iD7pLsQ9cOiOTPozo5ytHCQbXJ1PV54n4kTLE4Sj,5.835841960431919,43.34213379527755,10.11175470489397
2196300,ckZOxVGA15KlICneOKmROPL3iD7pLsQ9cOiOTPozo5ytHCQbXJ1PV54n4kTLE4Sj,5.846272668938571,28.10981033442797,8.908125338031322
2196600,ckZOxVGA15KlICneOKmROPL3iD7pLsQ9cOiOTPozo5ytHCQbXJ1PV54n4kTLE4Sj,5.6101546773913205,30.866003320359383,8.591715739640833
2196900,ckZOxVGA15KlICneOKmROPL3iD7pLsQ9cOiOTPozo5ytHCQbXJ1PV54n4kTLE4Sj,6.308302581289585,28.953333932592344,9.820834244613977
2197200,ckZOxVGA15KlICneOKmROPL3iD7pLsQ9cOiOTPozo5ytHCQbXJ1PV54n4kTLE4Sj,5.960645932273712,28.98956325098492,8.58674904922212
2197500,ckZOxVGA15KlICneOKmROPL3iD7pLsQ9cOiOTPozo5ytHCQbXJ1PV54n4kTLE4Sj,5.98379209114808,30.374111166207605,8.774651096681046
2197800,ckZOxVGA15KlICneOKmROPL3iD7pLsQ9cOiOTPozo5ytHCQbXJ1PV54n4kTLE4Sj,5.774071577932016,32.00394023265404,8.60481471251276
2198100,ckZOxVGA15KlICneOKmROPL3iD7pLsQ9cOiOTPozo5ytHCQbXJ1PV54n4kTLE4Sj,6.0198342104447615,33.862064913582614,8.645109906468699
2198400,ckZOxVGA15KlICneOKmROPL3iD7pLsQ9cOiOTPozo5ytHCQbXJ1PV54n4kTLE4Sj,6.230723284440171,31.116501452810585,8.819580068404422
2198700,ckZOxVGA15KlICneOKmROPL3iD7pLsQ9cOiOTPozo5ytHCQbXJ1PV54n4kTLE4Sj,5.769130949797328,28.976706975832048,8.651588983806551
2199000,ckZOxVGA15KlICneOKmROPL3iD7pLsQ9cOiOTPozo5ytHCQbXJ1PV54n4kTLE4Sj,6.066452853623971,29.455308988763296,8.623531840517202
2199300,ckZOxVGA15KlICneOKmROPL3iD7pLsQ9cOiOTPozo5ytHCQbXJ1PV54n4kTLE4Sj,6.2215822914775565,28.556812407284895,8.69072247955664
2199600,ckZOxVGA15KlICneOKmROPL3iD7pLsQ9cOiOTPozo5ytHCQbXJ1PV54n4kTLE4Sj,5.790300077529103,26.26212955752233,8.63272605954867
2199900,ckZOxVGA15KlICneOKmROPL3iD7pLsQ9cOiOTPozo5ytHCQbXJ1PV54n4kTLE4Sj,5.904268830028985,39.87408079738575,10.27638023629672
2200200,ckZOxVGA15KlICneOKmROPL3iD7pLsQ9cOiOTPozo5ytHCQbXJ1PV54n4kTLE4Sj,6.099324709739268,40.279257618195466,10.309281677396006
2200500,ckZOxVGA15KlICneOKmROPL3iD7pLsQ9cOiOTPozo5ytHCQbXJ1PV54n4kTLE4Sj,6.083621432217277,40.23593306714358,10.10891942575214
2200800,ckZOxVGA15KlICneOKmROPL3iD7pLsQ9cOiOTPozo5ytHCQbXJ1PV54n4kTLE4Sj,6.237385430524288,42.29293765280904,10.29346263661962
2201100,ckZOxVGA15KlICneOKmROPL3iD7pLsQ9cOiOTPozo5ytHCQbXJ1PV54n4kTLE4Sj,6.050867918017505,38.82575822280323,10.353498551050992
2201400,ckZOxVGA15KlICneOKmROPL3iD7pLsQ9cOiOTPozo5ytHCQbXJ1PV54n4kTLE4Sj,6.31919774796862,36.251991136388895,10.584214744436162
2201700,ckZOxVGA15KlICneOKmROPL3iD7pLsQ9cOiOTPozo5ytHCQbXJ1PV54n4kTLE4Sj,6.2970488391992925,35.52153832160974,10.582818102624977
2202000,ckZOxVGA15KlICneOKmROPL3iD7pLsQ9cOiOTPozo5ytHCQbXJ1PV54n4kTLE4Sj,5.371920086784908,67.65460658382072,24.15750516058335
2202300,ckZOxVGA15KlICneOKmROPL3iD7pLsQ9cOiOTPozo5ytHCQbXJ1PV54n4kTLE4Sj,5.682018048133139,42.52096067109503,9.782845117242067
2202600,ckZOxVGA15KlICneOKmROPL3iD7pLsQ9cOiOTPozo5ytHCQbXJ1PV54n4kTLE4Sj,5.901738718798232,40.33203136165455,9.930628035550734
2202900,ckZOxVGA15KlICneOKmROPL3iD7pLsQ9cOiOTPozo5ytHCQbXJ1PV54n4kTLE4Sj,6.028067842002449,43.407425782199454,10.079908508892336
2203200,ckZOxVGA15KlICneOKmROPL3iD7pLsQ9cOiOTPozo5ytHCQbXJ1PV54n4kTLE4Sj,6.15868866112363,43.782494488644566,9.967406271375122
2203500,ckZOxVGA15KlICneOKmROPL3iD7pLsQ9cOiOTPozo5ytHCQbXJ1PV54n4kTLE4Sj,6.0599641433590365,50.97213021472573,9.96762193385732
2203800,ckZOxVGA15KlICneOKmROPL3iD7pLsQ9cOiOTPozo5ytHCQbXJ1PV54n4kTLE4Sj,5.778889442568462,45.33907397646061,10.183269249685043
2204100,ckZOxVGA15KlICneOKmROPL3iD7pLsQ9cOiOTPozo5ytHCQbXJ1PV54n4kTLE4Sj,5.999021770326907,8.022378222656162,6.74426117559469
2204400,ckZOxVGA15KlICneOKmROPL3iD7pLsQ9cOiOTPozo5ytHCQbXJ1PV54n4kTLE4Sj,6.044408220246145,45.06934943768377,9.955881774340199
2204700,ckZOxVGA15KlICneOKmROPL3iD7pLsQ9cOiOTPozo5ytHCQbXJ1PV54n4kTLE4Sj,5.762585571527032,40.38897950914091,10.074902659408677
2205000,ckZOxVGA15KlICneOKmROPL3iD7pLsQ9cOiOTPozo5ytHCQbXJ1PV54n4kTLE4Sj,6.093515945217235,44.24624173475546,10.044014554055895
2205300,ckZOxVGA15KlICneOKmROPL3iD7pLsQ9cOiOTPozo5ytHCQbXJ1PV54n4kTLE4Sj,6.16115762745653,42.080194676271184,10.240124654615904
2205600,ckZOxVGA15KlICneOKmROPL3iD7pLsQ9cOiOTPozo5ytHCQbXJ1PV54n4kTLE4Sj,6.1102245344669175,44.41574993159182,10.092114987363145
2205900,ckZOxVGA15KlICneOKmROPL3iD7pLsQ9cOiOTPozo5ytHCQbXJ1PV54n4kTLE4Sj,6.128275618031577,51.557155502068525,10.047708354944652
2206200,ckZOxVGA15KlICneOKmROPL3iD7pLsQ9cOiOTPozo5ytHCQbXJ1PV54n4kTLE4Sj,5.942764837410524,48.41565772158508,10.078246893711476
2206500,ckZOxVGA15KlICneOKmROPL3iD7pLsQ9cOiOTPozo5ytHCQbXJ1PV54n4kTLE4Sj,5.843375713243662,45.99827912664215,10.13764235070114
2206800,ckZOxVGA15KlICneOKmROPL3iD7pLsQ9cOiOTPozo5ytHCQbXJ1PV54n4kTLE4Sj,6.178052065985078,40.46511205948115,10.103810739737618
2207100,ckZOxVGA15KlICneOKmROPL3iD7pLsQ9cOiOTPozo5ytHCQbXJ1PV54n4kTLE4Sj,6.162435147547559,44.03020456179157,10.100365402391938
2207400,ckZOxVGA15KlICneOKmROPL3iD7pLsQ9cOiOTPozo5ytHCQbXJ1PV54n4kTLE4Sj,6.136215358813871,42.22469004052029,10.15146339819735
2207700,ckZOxVGA15KlICneOKmROPL3iD7pLsQ9cOiOTPozo5ytHCQbXJ1PV54n4kTLE4Sj,6.3452508782393675,51.90773525295919,10.114846503495064
2208000,ckZOxVGA15KlICneOKmROPL3iD7pLsQ9cOiOTPozo5ytHCQbXJ1PV54n4kTLE4Sj,6.296204059223635,40.61961102116855,10.188607764058204
2208300,ckZOxVGA15KlICneOKmROPL3iD7pLsQ9cOiOTPozo5ytHCQbXJ1PV54n4kTLE4Sj,6.248134118753112,8.554678778972518,6.924124279493568
2208600,ckZOxVGA15KlICneOKmROPL3iD7pLsQ9cOiOTPozo5ytHCQbXJ1PV54n4kTLE4Sj,5.498028086152735,43.796269530187416,10.01873234617822
2208900,ckZOxVGA15KlICneOKmROPL3iD7pLsQ9cOiOTPozo5ytHCQbXJ1PV54n4kTLE4Sj,6.001930222038939,40.689849860820914,10.161555933623076
2209200,ckZOxVGA15KlICneOKmROPL3iD7pLsQ9cOiOTPozo5ytHCQbXJ1PV54n4kTLE4Sj,6.211305656004504,44.22400320022172,10.343484334057328
2209500,ckZOxVGA15KlICneOKmROPL3iD7pLsQ9cOiOTPozo5ytHCQbXJ1PV54n4kTLE4Sj,6.457337233202558,42.97614067741541,12.492872218763688
2209800,ckZOxVGA15KlICneOKmROPL3iD7pLsQ9cOiOTPozo5ytHCQbXJ1PV54n4kTLE4Sj,7.103711454746607,41.470206238735976,10.944006564314456
2210100,ckZOxVGA15KlICneOKmROPL3iD7pLsQ9cOiOTPozo5ytHCQbXJ1PV54n4kTLE4Sj,6.900381640490733,47.06583487727078,10.940909339453617
2210400,ckZOxVGA15KlICneOKmROPL3iD7pLsQ9cOiOTPozo5ytHCQbXJ1PV54n4kTLE4Sj,7.058754800337217,31.77983055109344,9.46853597486171
2210700,ckZOxVGA15KlICneOKmROPL3iD7pLsQ9cOiOTPozo5ytHCQbXJ1PV54n4kTLE4Sj,6.95675998566153,24.87539928210078,9.44460424171445
2211000,ckZOxVGA15KlICneOKmROPL3iD7pLsQ9cOiOTPozo5ytHCQbXJ1PV54n4kTLE4Sj,6.878215513652646,26.755549501611064,9.493817186760577
2211300,ckZOxVGA15KlICneOKmROPL3iD7pLsQ9cOiOTPozo5ytHCQbXJ1PV54n4kTLE4Sj,6.867465134074033,29.480637685928308,9.214007732934073
2211600,ckZOxVGA15KlICneOKmROPL3iD7pLsQ9cOiOTPozo5ytHCQbXJ1PV54n4kTLE4Sj,6.90505009045754,30.51975505965855,9.190502777049508
2211900,ckZOxVGA15KlICneOKmROPL3iD7pLsQ9cOiOTPozo5ytHCQbXJ1PV54n4kTLE4Sj,6.5852883600856815,29.067753809906822,9.306047146357695
2212200,ckZOxVGA15KlICneOKmROPL3iD7pLsQ9cOiOTPozo5ytHCQbXJ1PV54n4kTLE4Sj,6.599741381539934,33.70348597385005,9.15900357989582
2212500,ckZOxVGA15KlICneOKmROPL3iD7pLsQ9cOiOTPozo5ytHCQbXJ1PV54n4kTLE4Sj,7.104259807005488,32.38014824639598,9.180993998046764
2212800,ckZOxVGA15KlICneOKmROPL3iD7pLsQ9cOiOTPozo5ytHCQbXJ1PV54n4kTLE4Sj,6.733278157538315,24.26546574711351,9.209306746234915
2213100,ckZOxVGA15KlICneOKmROPL3iD7pLsQ9cOiOTPozo5ytHCQbXJ1PV54n4kTLE4Sj,6.846990646815504,24.92702676161023,9.226258971847757
2213400,ckZOxVGA15KlICneOKmROPL3iD7pLsQ9cOiOTPozo5ytHCQbXJ1PV54n4kTLE4Sj,6.969718180818704,31.983728067781065,9.211645102255472
2213700,ckZOxVGA15KlICneOKmROPL3iD7pLsQ9cOiOTPozo5ytHCQbXJ1PV54n4kTLE4Sj,6.93507873599251,27.832571177857677,9.330381782900476
2214000,ckZOxVGA15KlICneOKmROPL3iD7pLsQ9cOiOTPozo5ytHCQbXJ1PV54n4kTLE4Sj,6.9693965914757685,41.072399922181766,10.776288000097122
2214300,ckZOxVGA15KlICneOKmROPL3iD7pLsQ9cOiOTPozo5ytHCQbXJ1PV54n4kTLE4Sj,6.670729068918056,45.685207328137615,11.074070182078842
2214600,ckZOxVGA15KlICneOKmROPL3iD7pLsQ9cOiOTPozo5ytHCQbXJ1PV54n4kTLE4Sj,6.789686384215488,39.57184496513421,10.894725357411454
2214900,ckZOxVGA15KlICneOKmROPL3iD7pLsQ9cOiOTPozo5ytHCQbXJ1PV54n4kTLE4Sj,6.748413098998506,49.10090714765168,10.895806421170809
2215200,ckZOxVGA15KlICneOKmROPL3iD7pLsQ9cOiOTPozo5ytHCQbXJ1PV54n4kTLE4Sj,7.112091894953966,41.22038461490652,10.822675525127138
2215500,ckZOxVGA15KlICneOKmROPL3iD7pLsQ9cOiOTPozo5ytHCQbXJ1PV54n4kTLE4Sj,7.004776435969225,34.121703419670624,10.890073854344012
2215800,ckZOxVGA15KlICneOKmROPL3iD7pLsQ9cOiOTPozo5ytHCQbXJ1PV54n4kTLE4Sj,6.7755831653372685,27.459266506738057,10.903308173189044
2216100,ckZOxVGA15KlICneOKmROPL3iD7pLsQ9cOiOTPozo5ytHCQbXJ1PV54n4kTLE4Sj,6.968536578134862,23.991243416391654,9.294515993717349
2216400,ckZOxVGA15KlICneOKmROPL3iD7pLsQ9cOiOTPozo5ytHCQbXJ1PV54n4kTLE4Sj,6.92891743561829,30.941100831028407,10.9290342038399
2216700,ckZOxVGA15KlICneOKmROPL3iD7pLsQ9cOiOTPozo5ytHCQbXJ1PV54n4kTLE4Sj,7.152824065892957,29.411364938602286,10.934083668456427
2217000,ckZOxVGA15KlICneOKmROPL3iD7pLsQ9cOiOTPozo5ytHCQbXJ1PV54n4kTLE4Sj,7.145782656090216,26.777591229638645,11.017090791213253
2217300,ckZOxVGA15KlICneOKmROPL3iD7pLsQ9cOiOTPozo5ytHCQbXJ1PV54n4kTLE4Sj,6.970461723042913,28.94270710397984,11.014010080822937
2217600,ckZOxVGA15KlICneOKmROPL3iD7pLsQ9cOiOTPozo5ytHCQbXJ1PV54n4kTLE4Sj,6.95045551307955,28.64569218954341,10.879743719893828
2217900,ckZOxVGA15KlICneOKmROPL3iD7pLsQ9cOiOTPozo5ytHCQbXJ1PV54n4kTLE4Sj,7.1311597031912015,31.749036987215916,10.963964675742726
2218200,ckZOxVGA15KlICneOKmROPL3iD7pLsQ9cOiOTPozo5ytHCQbXJ1PV54n4kTLE4Sj,7.071087848955858,30.79777264093404,10.989834485986002
2218500,ckZOxVGA15KlICneOKmROPL3iD7pLsQ9cOiOTPozo5ytHCQbXJ1PV54n4kTLE4Sj,7.004502696455017,75.72333959635773,15.91447229837856
2218800,ckZOxVGA15KlICneOKmROPL3iD7pLsQ9cOiOTPozo5ytHCQbXJ1PV54n4kTLE4Sj,1.193760589138699,51.22748107912447,14.822565690783684
2219100,ckZOxVGA15KlICneOKmROPL3iD7pLsQ9cOiOTPozo5ytHCQbXJ1PV54n4kTLE4Sj,0.9891287592275834,1.9170693662845093,1.3259550802802167
2219400,ckZOxVGA15KlICneOKmROPL3iD7pLsQ9cOiOTPozo5ytHCQbXJ1PV54n4kTLE4Sj,1.0187230247343535,1.8772804420799816,1.28669064828763
2219700,ckZOxVGA15KlICneOKmROPL3iD7pLsQ9cOiOTPozo5ytHCQbXJ1PV54n4kTLE4Sj,0.8668770673145325,1.82191338865136,1.2038504395545435
2220000,ckZOxVGA15KlICneOKmROPL3iD7pLsQ9cOiOTPozo5ytHCQbXJ1PV54n4kTLE4Sj,0.9362156338085083,1.711470609799674,1.2861814703353405
2220300,ckZOxVGA15KlICneOKmROPL3iD7pLsQ9cOiOTPozo5ytHCQbXJ1PV54n4kTLE4Sj,24.069063258207557,25.87454516910036,24.97180421365396
2220600,ckZOxVGA15KlICneOKmROPL3iD7pLsQ9cOiOTPozo5ytHCQbXJ1PV54n4kTLE4Sj,0.9935969717387516,53.063913824873765,23.93122436146687
2220900,ckZOxVGA15KlICneOKmROPL3iD7pLsQ9cOiOTPozo5ytHCQbXJ1PV54n4kTLE4Sj,0.0561121197561859,46.6981788213903,29.193442110133663
2221200,ckZOxVGA15KlICneOKmROPL3iD7pLsQ9cOiOTPozo5ytHCQbXJ1PV54n4kTLE4Sj,19.867605430955955,44.198284236797285,33.24783761486851
2221500,ckZOxVGA15KlICneOKmROPL3iD7pLsQ9cOiOTPozo5ytHCQbXJ1PV54n4kTLE4Sj,22.725239931389837,45.71694105372589,32.61979949588897
2221800,ckZOxVGA15KlICneOKmROPL3iD7pLsQ9cOiOTPozo5ytHCQbXJ1PV54n4kTLE4Sj,22.711068563168613,47.013351559698336,31.557936473965952
2222100,ckZOxVGA15KlICneOKmROPL3iD7pLsQ9cOiOTPozo5ytHCQbXJ1PV54n4kTLE4Sj,21.978729125072004,47.295058525374685,31.632856289700136
2222400,ckZOxVGA15KlICneOKmROPL3iD7pLsQ9cOiOTPozo5ytHCQbXJ1PV54n4kTLE4Sj,17.501723675295633,45.62442942023086,32.429063300629934
2222700,ckZOxVGA15KlICneOKmROPL3iD7pLsQ9cOiOTPozo5ytHCQbXJ1PV54n4kTLE4Sj,21.202822901293217,37.12081721404644,28.751952246272836
2223000,ckZOxVGA15KlICneOKmROPL3iD7pLsQ9cOiOTPozo5ytHCQbXJ1PV54n4kTLE4Sj,1.1331069533391047,40.01845894037979,13.100997197793356
2223300,ckZOxVGA15KlICneOKmROPL3iD7pLsQ9cOiOTPozo5ytHCQbXJ1PV54n4kTLE4Sj,1.0176999354244334,2.117570323632021,1.4217700921735932
2223600,ckZOxVGA15KlICneOKmROPL3iD7pLsQ9cOiOTPozo5ytHCQbXJ1PV54n4kTLE4Sj,1.0149134313476695,2.139683241741313,1.4106790756500072
2223900,ckZOxVGA15KlICneOKmROPL3iD7pLsQ9cOiOTPozo5ytHCQbXJ1PV54n4kTLE4Sj,1.101694697176191,2.2722864175098327,1.4647733200893327
2224200,ckZOxVGA15KlICneOKmROPL3iD7pLsQ9cOiOTPozo5ytHCQbXJ1PV54n4kTLE4Sj,1.1838245947784125,3.6068933579671936,1.6286837751293024
2224500,ckZOxVGA15KlICneOKmROPL3iD7pLsQ9cOiOTPozo5ytHCQbXJ1PV54n4kTLE4Sj,1.1332472822270008,19.873013388503672,6.85484218609476
2224800,ckZOxVGA15KlICneOKmROPL3iD7pLsQ9cOiOTPozo5ytHCQbXJ1PV54n4kTLE4Sj,1.1504444239767655,2.275019928285679,1.51687686992367
2225100,ckZOxVGA15KlICneOKmROPL3iD7pLsQ9cOiOTPozo5ytHCQbXJ1PV54n4kTLE4Sj,1.2483827810034351,33.92656201844856,8.143646758602417
2225400,ckZOxVGA15KlICneOKmROPL3iD7pLsQ9cOiOTPozo5ytHCQbXJ1PV54n4kTLE4Sj,2.145591220077669,45.080818747323214,9.101544639169017
2225700,ckZOxVGA15KlICneOKmROPL3iD7pLsQ9cOiOTPozo5ytHCQbXJ1PV54n4kTLE4Sj,1.882387077678692,3.207963358120267,2.3929824494336813
2226000,ckZOxVGA15KlICneOKmROPL3iD7pLsQ9cOiOTPozo5ytHCQbXJ1PV54n4kTLE4Sj,2.043653250483025,3.213493082362316,2.413877607278809
2226300,ckZOxVGA15KlICneOKmROPL3iD7pLsQ9cOiOTPozo5ytHCQbXJ1PV54n4kTLE4Sj,1.9440251945118536,3.2618688666691327,2.378450777561845
2226600,ckZOxVGA15KlICneOKmROPL3iD7pLsQ9cOiOTPozo5ytHCQbXJ1PV54n4kTLE4Sj,2.0201582467609733,3.1858727325680154,2.366750654317588
2226900,ckZOxVGA15KlICneOKmROPL3iD7pLsQ9cOiOTPozo5ytHCQbXJ1PV54n4kTLE4Sj,2.0169864901421626,3.1348787117125654,2.3391629509336265
2227200,ckZOxVGA15KlICneOKmROPL3iD7pLsQ9cOiOTPozo5ytHCQbXJ1PV54n4kTLE4Sj,2.0278704417249247,3.922162711019305,2.522114455294157
2227500,ckZOxVGA15KlICneOKmROPL3iD7pLsQ9cOiOTPozo5ytHCQbXJ1PV54n4kTLE4Sj,1.8002840742353905,5.644837139681218,2.7648561756065018
2227800,ckZOxVGA15KlICneOKmROPL3iD7pLsQ9cOiOTPozo5ytHCQbXJ1PV54n4kTLE4Sj,2.0101298014137914,3.385056742860288,2.4535039797153626
2228100,ckZOxVGA15KlICneOKmROPL3iD7pLsQ9cOiOTPozo5ytHCQbXJ1PV54n4kTLE4Sj,2.08089452331163,3.0005559164660616,2.458020972733052
2228400,ckZOxVGA15KlICneOKmROPL3iD7pLsQ9cOiOTPozo5ytHCQbXJ1PV54n4kTLE4Sj,2.0909720232769167,3.177304826444128,2.444647976262368
2228700,ckZOxVGA15KlICneOKmROPL3iD7pLsQ9cOiOTPozo5ytHCQbXJ1PV54n4kTLE4Sj,2.092620126676033,3.10337939975905,2.49001617190679
2229000,ckZOxVGA15KlICneOKmROPL3iD7pLsQ9cOiOTPozo5ytHCQbXJ1PV54n4kTLE4Sj,2.1855288194329834,3.3787180094991305,2.454370696301127
2229300,ckZOxVGA15KlICneOKmROPL3iD7pLsQ9cOiOTPozo5ytHCQbXJ1PV54n4kTLE4Sj,1.9728827371582485,3.1541089510901075,2.5103763957055976
2229600,ckZOxVGA15KlICneOKmROPL3iD7pLsQ9cOiOTPozo5ytHCQbXJ1PV54n4kTLE4Sj,1.9993225080710408,3.3478555366788827,2.464074128374171
2229900,ckZOxVGA15KlICneOKmROPL3iD7pLsQ9cOiOTPozo5ytHCQbXJ1PV54n4kTLE4Sj,2.056089918711091,3.241836244754836,2.40662701075338
2230200,ckZOxVGA15KlICneOKmROPL3iD7pLsQ9cOiOTPozo5ytHCQbXJ1PV54n4kTLE4Sj,2.095711836165819,3.2168351348438624,2.4579393248174335
2230500,ckZOxVGA15KlICneOKmROPL3iD7pLsQ9cOiOTPozo5ytHCQbXJ1PV54n4kTLE4Sj,2.0753511431711265,3.323709383613033,2.414093338133708
2230800,ckZOxVGA15KlICneOKmROPL3iD7pLsQ9cOiOTPozo5ytHCQbXJ1PV54n4kTLE4Sj,2.0347867310643166,3.0837380857305927,2.384067478719848
2231100,ckZOxVGA15KlICneOKmROPL3iD7pLsQ9cOiOTPozo5ytHCQbXJ1PV54n4kTLE4Sj,2.0161282247812142,3.3442146711288685,2.419139108706569
2231400,ckZOxVGA15KlICneOKmROPL3iD7pLsQ9cOiOTPozo5ytHCQbXJ1PV54n4kTLE4Sj,2.0027819242828047,3.1527607888487013,2.430211116396531
2231700,ckZOxVGA15KlICneOKmROPL3iD7pLsQ9cOiOTPozo5ytHCQbXJ1PV54n4kTLE4Sj,1.9830871584362315,3.7776463713885535,2.4880690271601305
2232000,ckZOxVGA15KlICneOKmROPL3iD7pLsQ9cOiOTPozo5ytHCQbXJ1PV54n4kTLE4Sj,1.948943979136832,3.185193597296092,2.33371187507537
2232300,ckZOxVGA15KlICneOKmROPL3iD7pLsQ9cOiOTPozo5ytHCQbXJ1PV54n4kTLE4Sj,2.1598674964039346,3.1127012742939013,2.4349903066741505
2232600,ckZOxVGA15KlICneOKmROPL3iD7pLsQ9cOiOTPozo5ytHCQbXJ1PV54n4kTLE4Sj,2.130795063803033,3.2475203315931207,2.429721858861369
2232900,ckZOxVGA15KlICneOKmROPL3iD7pLsQ9cOiOTPozo5ytHCQbXJ1PV54n4kTLE4Sj,1.9577991014698135,3.214114154213453,2.448441550176544
2233200,ckZOxVGA15KlICneOKmROPL3iD7pLsQ9cOiOTPozo5ytHCQbXJ1PV54n4kTLE4Sj,2.07031023320141,3.15886183995736,2.405878379034515
2233500,ckZOxVGA15KlICneOKmROPL3iD7pLsQ9cOiOTPozo5ytHCQbXJ1PV54n4kTLE4Sj,1.990471583979363,3.2786177482276377,2.379603577557284
2233800,ckZOxVGA15KlICneOKmROPL3iD7pLsQ9cOiOTPozo5ytHCQbXJ1PV54n4kTLE4Sj,1.8915275719039328,3.1173886959597583,2.406763047666276
2234100,ckZOxVGA15KlICneOKmROPL3iD7pLsQ9cOiOTPozo5ytHCQbXJ1PV54n4kTLE4Sj,1.9290887057039408,3.115424637555164,2.369882480293758
2234400,ckZOxVGA15KlICneOKmROPL3iD7pLsQ9cOiOTPozo5ytHCQbXJ1PV54n4kTLE4Sj,2.067096041905784,3.043825430227819,2.394781263070232
2234700,ckZOxVGA15KlICneOKmROPL3iD7pLsQ9cOiOTPozo5ytHCQbXJ1PV54n4kTLE4Sj,2.082959817185747,3.24912869878314,2.447352311539209
2235000,ckZOxVGA15KlICneOKmROPL3iD7pLsQ9cOiOTPozo5ytHCQbXJ1PV54n4kTLE4Sj,2.096866908259106,3.0985626465476024,2.416326382467375
2235300,ckZOxVGA15KlICneOKmROPL3iD7pLsQ9cOiOTPozo5ytHCQbXJ1PV54n4kTLE4Sj,2.099878711670096,3.308818601695926,2.498155951740407
2235600,ckZOxVGA15KlICneOKmROPL3iD7pLsQ9cOiOTPozo5ytHCQbXJ1PV54n4kTLE4Sj,2.073935783032019,3.10234236059877,2.432892896639036
2235900,ckZOxVGA15KlICneOKmROPL3iD7pLsQ9cOiOTPozo5ytHCQbXJ1PV54n4kTLE4Sj,2.149994233183396,3.3722929200301177,2.4723026997001973
2236200,ckZOxVGA15KlICneOKmROPL3iD7pLsQ9cOiOTPozo5ytHCQbXJ1PV54n4kTLE4Sj,2.04655367457628,2.879329019976632,2.391112000836395
2236500,ckZOxVGA15KlICneOKmROPL3iD7pLsQ9cOiOTPozo5ytHCQbXJ1PV54n4kTLE4Sj,2.1019202248026945,3.2615884618441218,2.508943159344759
2236800,ckZOxVGA15KlICneOKmROPL3iD7pLsQ9cOiOTPozo5ytHCQbXJ1PV54n4kTLE4Sj,2.1708223617571067,3.266182080206611,2.456749476146731
2237100,ckZOxVGA15KlICneOKmROPL3iD7pLsQ9cOiOTPozo5ytHCQbXJ1PV54n4kTLE4Sj,2.046409469580371,3.152858079272413,2.3801663992997684
2237400,ckZOxVGA15KlICneOKmROPL3iD7pLsQ9cOiOTPozo5ytHCQbXJ1PV54n4kTLE4Sj,2.029585005754571,3.2156160543103045,2.3329773137638368
2237700,ckZOxVGA15KlICneOKmROPL3iD7pLsQ9cOiOTPozo5ytHCQbXJ1PV54n4kTLE4Sj,1.967735323657064,3.048842254374079,2.353463341770933
2238000,ckZOxVGA15KlICneOKmROPL3iD7pLsQ9cOiOTPozo5ytHCQbXJ1PV54n4kTLE4Sj,2.099524668986944,3.1934273564561244,2.4376338024419697
2238300,ckZOxVGA15KlICneOKmROPL3iD7pLsQ9cOiOTPozo5ytHCQbXJ1PV54n4kTLE4Sj,1.9542356250905943,3.144868498167977,2.4616293833172413
2238600,ckZOxVGA15KlICneOKmROPL3iD7pLsQ9cOiOTPozo5ytHCQbXJ1PV54n4kTLE4Sj,2.0379253135371926,3.2030972181111306,2.433493199020444
2238900,ckZOxVGA15KlICneOKmROPL3iD7pLsQ9cOiOTPozo5ytHCQbXJ1PV54n4kTLE4Sj,2.0526097597560726,3.2989360175170503,2.5087024757570786
2239200,ckZOxVGA15KlICneOKmROPL3iD7pLsQ9cOiOTPozo5ytHCQbXJ1PV54n4kTLE4Sj,2.0255579370582586,3.1840062618789826,2.43641536325289
2239500,ckZOxVGA15KlICneOKmROPL3iD7pLsQ9cOiOTPozo5ytHCQbXJ1PV54n4kTLE4Sj,2.1320411442765885,3.0532981645348127,2.495156494910767
2239800,ckZOxVGA15KlICneOKmROPL3iD7pLsQ9cOiOTPozo5ytHCQbXJ1PV54n4kTLE4Sj,2.0970342109871623,3.0624276005131055,2.4509028420330727
2240100,ckZOxVGA15KlICneOKmROPL3iD7pLsQ9cOiOTPozo5ytHCQbXJ1PV54n4kTLE4Sj,2.1965227086041814,3.5716186348176366,2.5072421922835133
2240400,ckZOxVGA15KlICneOKmROPL3iD7pLsQ9cOiOTPozo5ytHCQbXJ1PV54n4kTLE4Sj,2.145386759832398,2.9756008208907594,2.4241197776367924
2240700,ckZOxVGA15KlICneOKmROPL3iD7pLsQ9cOiOTPozo5ytHCQbXJ1PV54n4kTLE4Sj,2.014425655075792,3.1840485038805664,2.4706026326555084
2241000,ckZOxVGA15KlICneOKmROPL3iD7pLsQ9cOiOTPozo5ytHCQbXJ1PV54n4kTLE4Sj,2.104294037097067,3.4606014885903926,2.4883274847217303
2241300,ckZOxVGA15KlICneOKmROPL3iD7pLsQ9cOiOTPozo5ytHCQbXJ1PV54n4kTLE4Sj,2.0583217848934554,3.2276068864978567,2.4075579612061424
2241600,ckZOxVGA15KlICneOKmROPL3iD7pLsQ9cOiOTPozo5ytHCQbXJ1PV54n4kTLE4Sj,1.7916977196420234,3.5588851280758407,2.524527922146257
2241900,ckZOxVGA15KlICneOKmROPL3iD7pLsQ9cOiOTPozo5ytHCQbXJ1PV54n4kTLE4Sj,1.8103710211758457,5.621096985208091,2.8264746835917083
2242200,ckZOxVGA15KlICneOKmROPL3iD7pLsQ9cOiOTPozo5ytHCQbXJ1PV54n4kTLE4Sj,2.014681318035499,3.408529420702125,2.440027226602875
2242500,ckZOxVGA15KlICneOKmROPL3iD7pLsQ9cOiOTPozo5ytHCQbXJ1PV54n4kTLE4Sj,2.108593432241342,3.406523194355757,2.462980123844156
2242800,ckZOxVGA15KlICneOKmROPL3iD7pLsQ9cOiOTPozo5ytHCQbXJ1PV54n4kTLE4Sj,1.9591236152104927,3.173477432027367,2.3791881511536737
2243100,ckZOxVGA15KlICneOKmROPL3iD7pLsQ9cOiOTPozo5ytHCQbXJ1PV54n4kTLE4Sj,2.1560983909256195,3.156845282206232,2.4229988715926347
2243400,ckZOxVGA15KlICneOKmROPL3iD7pLsQ9cOiOTPozo5ytHCQbXJ1PV54n4kTLE4Sj,2.147163282186808,3.0640469298474726,2.4014227942570128
2243700,ckZOxVGA15KlICneOKmROPL3iD7pLsQ9cOiOTPozo5ytHCQbXJ1PV54n4kTLE4Sj,2.0998676374010588,2.907469288605428,2.3932390213514005
2244000,ckZOxVGA15KlICneOKmROPL3iD7pLsQ9cOiOTPozo5ytHCQbXJ1PV54n4kTLE4Sj,1.9933900688490385,3.057500596986882,2.3499001009400065
2244300,ckZOxVGA15KlICneOKmROPL3iD7pLsQ9cOiOTPozo5ytHCQbXJ1PV54n4kTLE4Sj,2.019720517929245,3.0146319728434614,2.3596253014801567
2244600,ckZOxVGA15KlICneOKmROPL3iD7pLsQ9cOiOTPozo5ytHCQbXJ1PV54n4kTLE4Sj,1.970433687502774,3.1260374613627206,2.3381719069352163
2244900,ckZOxVGA15KlICneOKmROPL3iD7pLsQ9cOiOTPozo5ytHCQbXJ1PV54n4kTLE4Sj,1.9645188138636456,3.1532776523985975,2.334910726311048
2245200,ckZOxVGA15KlICneOKmROPL3iD7pLsQ9cOiOTPozo5ytHCQbXJ1PV54n4kTLE4Sj,1.9801013205253355,3.1504432405037965,2.358174298383963
2245500,ckZOxVGA15KlICneOKmROPL3iD7pLsQ9cOiOTPozo5ytHCQbXJ1PV54n4kTLE4Sj,2.0012095343665237,2.9676191322871506,2.3406044869243283
2245800,ckZOxVGA15KlICneOKmROPL3iD7pLsQ9cOiOTPozo5ytHCQbXJ1PV54n4kTLE4Sj,2.056433444547345,2.982921781654188,2.3917134725775253
2246100,ckZOxVGA15KlICneOKmROPL3iD7pLsQ9cOiOTPozo5ytHCQbXJ1PV54n4kTLE4Sj,1.99985626655168,3.184383940667105,2.408022286915653
2246400,ckZOxVGA15KlICneOKmROPL3iD7pLsQ9cOiOTPozo5ytHCQbXJ1PV54n4kTLE4Sj,1.9131708818965216,3.025097347801988,2.383718266897612
2246700,ckZOxVGA15KlICneOKmROPL3iD7pLsQ9cOiOTPozo5ytHCQbXJ1PV54n4kTLE4Sj,2.090068764811895,3.1681612394998884,2.4060510852014056
2247000,ckZOxVGA15KlICneOKmROPL3iD7pLsQ9cOiOTPozo5ytHCQbXJ1PV54n4kTLE4Sj,1.9111996487850569,3.0717142952317205,2.393375845792713
2247300,ckZOxVGA15KlICneOKmROPL3iD7pLsQ9cOiOTPozo5ytHCQbXJ1PV54n4kTLE4Sj,2.0103330441052725,3.2295822066100928,2.383577949818624
2247600,ckZOxVGA15KlICneOKmROPL3iD7pLsQ9cOiOTPozo5ytHCQbXJ1PV54n4kTLE4Sj,2.141292648752126,2.9698715789250367,2.4126810356698085
2247900,ckZOxVGA15KlICneOKmROPL3iD7pLsQ9cOiOTPozo5ytHCQbXJ1PV54n4kTLE4Sj,2.021653030342384,3.0464616195616983,2.382369950085191
2248200,ckZOxVGA15KlICneOKmROPL3iD7pLsQ9cOiOTPozo5ytHCQbXJ1PV54n4kTLE4Sj,2.057575023708361,3.05940266562091,2.338979362713048
2248500,ckZOxVGA15KlICneOKmROPL3iD7pLsQ9cOiOTPozo5ytHCQbXJ1PV54n4kTLE4Sj,1.91254518853037,2.9639075568945485,2.378595496630714
2248800,ckZOxVGA15KlICneOKmROPL3iD7pLsQ9cOiOTPozo5ytHCQbXJ1PV54n4kTLE4Sj,2.0280170351011293,3.125993777510768,2.3502876567928386
2249100,ckZOxVGA15KlICneOKmROPL3iD7pLsQ9cOiOTPozo5ytHCQbXJ1PV54n4kTLE4Sj,2.0507512815647946,3.145185543584978,2.416187879532746
2249400,ckZOxVGA15KlICneOKmROPL3iD7pLsQ9cOiOTPozo5ytHCQbXJ1PV54n4kTLE4Sj,1.984602498138492,2.9718856902309,2.357696309385258
2249700,ckZOxVGA15KlICneOKmROPL3iD7pLsQ9cOiOTPozo5ytHCQbXJ1PV54n4kTLE4Sj,1.9190590170241364,3.116071264647955,2.35562514283012
2250000,ckZOxVGA15KlICneOKmROPL3iD7pLsQ9cOiOTPozo5ytHCQbXJ1PV54n4kTLE4Sj,1.8700716755441,2.8920226556101207,2.33468215760442
2250300,ckZOxVGA15KlICneOKmROPL3iD7pLsQ9cOiOTPozo5ytHCQbXJ1PV54n4kTLE4Sj,2.0011825290705065,2.9756389020821508,2.344367520472761
2250600,ckZOxVGA15KlICneOKmROPL3iD7pLsQ9cOiOTPozo5ytHCQbXJ1PV54n4kTLE4Sj,2.095718567592657,3.024960246422472,2.367103540814676
2250900,ckZOxVGA15KlICneOKmROPL3iD7pLsQ9cOiOTPozo5ytHCQbXJ1PV54n4kTLE4Sj,2.050389388281065,3.1286991625843807,2.4110879581882765
2251200,ckZOxVGA15KlICneOKmROPL3iD7pLsQ9cOiOTPozo5ytHCQbXJ1PV54n4kTLE4Sj,2.03145449388434,3.1164996113046146,2.4045021724194977
2251500,ckZOxVGA15KlICneOKmROPL3iD7pLsQ9cOiOTPozo5ytHCQbXJ1PV54n4kTLE4Sj,2.1011606241716096,3.2059655822990383,2.4701330505768517
2251800,ckZOxVGA15KlICneOKmROPL3iD7pLsQ9cOiOTPozo5ytHCQbXJ1PV54n4kTLE4Sj,1.95232750435835,3.0406049444833614,2.4160078385860735
2252100,ckZOxVGA15KlICneOKmROPL3iD7pLsQ9cOiOTPozo5ytHCQbXJ1PV54n4kTLE4Sj,2.003658123989259,3.131351452878218,2.384488954772534
2252400,ckZOxVGA15KlICneOKmROPL3iD7pLsQ9cOiOTPozo5ytHCQbXJ1PV54n4kTLE4Sj,2.007054817013461,3.0779374517305382,2.420219609892859
2252700,ckZOxVGA15KlICneOKmROPL3iD7pLsQ9cOiOTPozo5ytHCQbXJ1PV54n4kTLE4Sj,2.1004710149952714,3.0432774062322867,2.400827415866209
2253000,ckZOxVGA15KlICneOKmROPL3iD7pLsQ9cOiOTPozo5ytHCQbXJ1PV54n4kTLE4Sj,1.9446224236345775,3.160695663170934,2.3752748545118205
2253300,ckZOxVGA15KlICneOKmROPL3iD7pLsQ9cOiOTPozo5ytHCQbXJ1PV54n4kTLE4Sj,1.807213429897994,3.2592816012108545,2.3707233832246617
2253600,ckZOxVGA15KlICneOKmROPL3iD7pLsQ9cOiOTPozo5ytHCQbXJ1PV54n4kTLE4Sj,1.8858917798697687,3.0951177157386653,2.32427936337278
2253900,ckZOxVGA15KlICneOKmROPL3iD7pLsQ9cOiOTPozo5ytHCQbXJ1PV54n4kTLE4Sj,1.954170124075442,2.933707389137771,2.3392782633094646
2254200,ckZOxVGA15KlICneOKmROPL3iD7pLsQ9cOiOTPozo5ytHCQbXJ1PV54n4kTLE4Sj,1.9186398490431853,2.9475154754075015,2.3234678058613008
2254500,ckZOxVGA15KlICneOKmROPL3iD7pLsQ9cOiOTPozo5ytHCQbXJ1PV54n4kTLE4Sj,1.9928227319755345,3.2466918313313955,2.3840088115485987
2254800,ckZOxVGA15KlICneOKmROPL3iD7pLsQ9cOiOTPozo5ytHCQbXJ1PV54n4kTLE4Sj,2.011512128853375,2.8817092908936814,2.32344440195406
2255100,ckZOxVGA15KlICneOKmROPL3iD7pLsQ9cOiOTPozo5ytHCQbXJ1PV54n4kTLE4Sj,1.8977896844152613,2.978334351092514,2.3181726247770147
2255400,ckZOxVGA15KlICneOKmROPL3iD7pLsQ9cOiOTPozo5ytHCQbXJ1PV54n4kTLE4Sj,1.8897499864412388,3.0649669365191827,2.350466574477051
2255700,ckZOxVGA15KlICneOKmROPL3iD7pLsQ9cOiOTPozo5ytHCQbXJ1PV54n4kTLE4Sj,1.9643679546107673,2.99064939464824,2.3241617432846957
2256000,ckZOxVGA15KlICneOKmROPL3iD7pLsQ9cOiOTPozo5ytHCQbXJ1PV54n4kTLE4Sj,2.0225916669126573,3.095564323913917,2.3441454332212377
2256300,ckZOxVGA15KlICneOKmROPL3iD7pLsQ9cOiOTPozo5ytHCQbXJ1PV54n4kTLE4Sj,1.9290274708656567,3.1180886485479804,2.3510113692656387
2256600,ckZOxVGA15KlICneOKmROPL3iD7pLsQ9cOiOTPozo5ytHCQbXJ1PV54n4kTLE4Sj,1.872202840143676,3.07247380404348,2.38487191020822
2256900,ckZOxVGA15KlICneOKmROPL3iD7pLsQ9cOiOTPozo5ytHCQbXJ1PV54n4kTLE4Sj,1.8023797764233904,3.0400784812365846,2.3878666493173286
2257200,ckZOxVGA15KlICneOKmROPL3iD7pLsQ9cOiOTPozo5ytHCQbXJ1PV54n4kTLE4Sj,2.0305038941321945,2.979566309897093,2.393386846363512
2257500,ckZOxVGA15KlICneOKmROPL3iD7pLsQ9cOiOTPozo5ytHCQbXJ1PV54n4kTLE4Sj,1.947840524427339,3.091250536374458,2.371187949341517
2257800,ckZOxVGA15KlICneOKmROPL3iD7pLsQ9cOiOTPozo5ytHCQbXJ1PV54n4kTLE4Sj,2.040292668820817,3.065323279401957,2.3562035620029222
2258100,ckZOxVGA15KlICneOKmROPL3iD7pLsQ9cOiOTPozo5ytHCQbXJ1PV54n4kTLE4Sj,2.018250010294739,2.9979575207273945,2.401748651000572
2258400,ckZOxVGA15KlICneOKmROPL3iD7pLsQ9cOiOTPozo5ytHCQbXJ1PV54n4kTLE4Sj,1.9161631615968768,3.1246960298064663,2.317342104524172
2258700,ckZOxVGA15KlICneOKmROPL3iD7pLsQ9cOiOTPozo5ytHCQbXJ1PV54n4kTLE4Sj,1.889136866406513,3.0002935171676284,2.306017130563857
2259000,ckZOxVGA15KlICneOKmROPL3iD7pLsQ9cOiOTPozo5ytHCQbXJ1PV54n4kTLE4Sj,1.9671017988253277,3.0755023710361327,2.320095774567867
2259300,ckZOxVGA15KlICneOKmROPL3iD7pLsQ9cOiOTPozo5ytHCQbXJ1PV54n4kTLE4Sj,1.8767171600578216,3.057505783737276,2.3454520010852025
2259600,ckZOxVGA15KlICneOKmROPL3iD7pLsQ9cOiOTPozo5ytHCQbXJ1PV54n4kTLE4Sj,2.020290390473909,3.874630319590444,2.588622215821012
2259900,ckZOxVGA15KlICneOKmROPL3iD7pLsQ9cOiOTPozo5ytHCQbXJ1PV54n4kTLE4Sj,1.7533646335569213,9.653479057845814,3.122167534852067
2260200,ckZOxVGA15KlICneOKmROPL3iD7pLsQ9cOiOTPozo5ytHCQbXJ1PV54n4kTLE4Sj,2.0043353879981485,3.122993687079328,2.396342596242999
2260500,ckZOxVGA15KlICneOKmROPL3iD7pLsQ9cOiOTPozo5ytHCQbXJ1PV54n4kTLE4Sj,2.0197628669432683,3.3017331289093046,2.4093764191960654
2260800,ckZOxVGA15KlICneOKmROPL3iD7pLsQ9cOiOTPozo5ytHCQbXJ1PV54n4kTLE4Sj,2.0568384690378374,3.208597313926234,2.409690389974932
2261100,ckZOxVGA15KlICneOKmROPL3iD7pLsQ9cOiOTPozo5ytHCQbXJ1PV54n4kTLE4Sj,2.1455848660948265,3.117611377717779,2.408589193884678
2261400,ckZOxVGA15KlICneOKmROPL3iD7pLsQ9cOiOTPozo5ytHCQbXJ1PV54n4kTLE4Sj,2.0259114707839525,3.1777755307274647,2.4420270489445777
2261700,ckZOxVGA15KlICneOKmROPL3iD7pLsQ9cOiOTPozo5ytHCQbXJ1PV54n4kTLE4Sj,2.1078880621922496,3.298837939790644,2.4353780526434763
2262000,ckZOxVGA15KlICneOKmROPL3iD7pLsQ9cOiOTPozo5ytHCQbXJ1PV54n4kTLE4Sj,2.1258551246776327,3.302581072833835,2.447678861198627
2262300,ckZOxVGA15KlICneOKmROPL3iD7pLsQ9cOiOTPozo5ytHCQbXJ1PV54n4kTLE4Sj,1.9181706517368664,3.148504712848585,2.4269117444712665
2262600,ckZOxVGA15KlICneOKmROPL3iD7pLsQ9cOiOTPozo5ytHCQbXJ1PV54n4kTLE4Sj,2.1274731200894315,3.085094597111477,2.4617354531878304
2262900,ckZOxVGA15KlICneOKmROPL3iD7pLsQ9cOiOTPozo5ytHCQbXJ1PV54n4kTLE4Sj,2.0228827039670416,3.3177970482880563,2.425434308013048
2263200,ckZOxVGA15KlICneOKmROPL3iD7pLsQ9cOiOTPozo5ytHCQbXJ1PV54n4kTLE4Sj,1.850536977927018,3.257690051902087,2.337381413145976
2263500,ckZOxVGA15KlICneOKmROPL3iD7pLsQ9cOiOTPozo5ytHCQbXJ1PV54n4kTLE4Sj,2.029844174017625,2.9889434832391615,2.381696144300784
2263800,ckZOxVGA15KlICneOKmROPL3iD7pLsQ9cOiOTPozo5ytHCQbXJ1PV54n4kTLE4Sj,2.084144555271232,18.1277993340279,4.341341242413414
2264100,ckZOxVGA15KlICneOKmROPL3iD7pLsQ9cOiOTPozo5ytHCQbXJ1PV54n4kTLE4Sj,1.907945715384444,3.7073237980175766,2.5269943566553725
2264400,ckZOxVGA15KlICneOKmROPL3iD7pLsQ9cOiOTPozo5ytHCQbXJ1PV54n4kTLE4Sj,1.8870738770910984,3.0126643115694622,2.4338622225221838
2264700,ckZOxVGA15KlICneOKmROPL3iD7pLsQ9cOiOTPozo5ytHCQbXJ1PV54n4kTLE4Sj,2.041204686968619,2.981691229815318,2.4581061045372814
2265000,ckZOxVGA15KlICneOKmROPL3iD7pLsQ9cOiOTPozo5ytHCQbXJ1PV54n4kTLE4Sj,2.118884267173509,2.8806477003938595,2.38206444755586
2265300,ckZOxVGA15KlICneOKmROPL3iD7pLsQ9cOiOTPozo5ytHCQbXJ1PV54n4kTLE4Sj,1.9500685116557943,2.945248478789961,2.3850313194113766
2265600,ckZOxVGA15KlICneOKmROPL3iD7pLsQ9cOiOTPozo5ytHCQbXJ1PV54n4kTLE4Sj,2.082861900225049,2.9966732929314137,2.3969839778853785
2265900,ckZOxVGA15KlICneOKmROPL3iD7pLsQ9cOiOTPozo5ytHCQbXJ1PV54n4kTLE4Sj,2.052533586251372,2.9695891020795324,2.415376060751295
2266200,ckZOxVGA15KlICneOKmROPL3iD7pLsQ9cOiOTPozo5ytHCQbXJ1PV54n4kTLE4Sj,2.2551666313379335,3.0050195883916384,2.48852784677261
2266500,ckZOxVGA15KlICneOKmROPL3iD7pLsQ9cOiOTPozo5ytHCQbXJ1PV54n4kTLE4Sj,2.1150809373306263,22.45551893619436,3.770893331339481
2266800,ckZOxVGA15KlICneOKmROPL3iD7pLsQ9cOiOTPozo5ytHCQbXJ1PV54n4kTLE4Sj,2.179596864175707,3.4709199911911077,2.540183861955612
2267100,ckZOxVGA15KlICneOKmROPL3iD7pLsQ9cOiOTPozo5ytHCQbXJ1PV54n4kTLE4Sj,2.0827357641265363,3.04538123843951,2.4995937903530736
2267400,ckZOxVGA15KlICneOKmROPL3iD7pLsQ9cOiOTPozo5ytHCQbXJ1PV54n4kTLE4Sj,2.1657123215452843,3.06071934830984,2.489957918357549
2267700,ckZOxVGA15KlICneOKmROPL3iD7pLsQ9cOiOTPozo5ytHCQbXJ1PV54n4kTLE4Sj,2.181961293056144,3.0744995397491897,2.5406163982476064
2268000,ckZOxVGA15KlICneOKmROPL3iD7pLsQ9cOiOTPozo5ytHCQbXJ1PV54n4kTLE4Sj,2.2552421573046915,3.19552076388311,2.53922123777145
2268300,ckZOxVGA15KlICneOKmROPL3iD7pLsQ9cOiOTPozo5ytHCQbXJ1PV54n4kTLE4Sj,2.1457993276996765,3.021634179389401,2.5400118162183047
2268600,ckZOxVGA15KlICneOKmROPL3iD7pLsQ9cOiOTPozo5ytHCQbXJ1PV54n4kTLE4Sj,2.109122760668015,3.3073797270940544,2.525302615482523
2268900,ckZOxVGA15KlICneOKmROPL3iD7pLsQ9cOiOTPozo5ytHCQbXJ1PV54n4kTLE4Sj,2.0227672596750867,3.354081235837752,2.543529891691664
2269200,ckZOxVGA15KlICneOKmROPL3iD7pLsQ9cOiOTPozo5ytHCQbXJ1PV54n4kTLE4Sj,2.1228537925264046,2.9686733992098917,2.5024300158129966
2269500,ckZOxVGA15KlICneOKmROPL3iD7pLsQ9cOiOTPozo5ytHCQbXJ1PV54n4kTLE4Sj,2.02211017167021,3.0319015598006187,2.429259878595994
2269800,ckZOxVGA15KlICneOKmROPL3iD7pLsQ9cOiOTPozo5ytHCQbXJ1PV54n4kTLE4Sj,2.138443443721314,3.171533472313304,2.502649626548326
2270100,ckZOxVGA15KlICneOKmROPL3iD7pLsQ9cOiOTPozo5ytHCQbXJ1PV54n4kTLE4Sj,2.176839591794589,3.001911417991411,2.441829182100412
2270400,ckZOxVGA15KlICneOKmROPL3iD7pLsQ9cOiOTPozo5ytHCQbXJ1PV54n4kTLE4Sj,2.0174909171678683,2.879644944391148,2.4585488729086533
2270700,ckZOxVGA15KlICneOKmROPL3iD7pLsQ9cOiOTPozo5ytHCQbXJ1PV54n4kTLE4Sj,2.0737653443665374,3.163323433281606,2.5006323637402565
2271000,ckZOxVGA15KlICneOKmROPL3iD7pLsQ9cOiOTPozo5ytHCQbXJ1PV54n4kTLE4Sj,1.9784468821429568,3.113201128431214,2.480703129398976
2271300,ckZOxVGA15KlICneOKmROPL3iD7pLsQ9cOiOTPozo5ytHCQbXJ1PV54n4kTLE4Sj,2.191703863836613,3.262971638507834,2.519159249666235
2271600,ckZOxVGA15KlICneOKmROPL3iD7pLsQ9cOiOTPozo5ytHCQbXJ1PV54n4kTLE4Sj,2.0649206380624223,3.049500341519669,2.4779879175887256
2271900,ckZOxVGA15KlICneOKmROPL3iD7pLsQ9cOiOTPozo5ytHCQbXJ1PV54n4kTLE4Sj,2.161843051426237,3.139696950002266,2.4921657391775005
2272200,ckZOxVGA15KlICneOKmROPL3iD7pLsQ9cOiOTPozo5ytHCQbXJ1PV54n4kTLE4Sj,2.059509778511836,3.0161685061180843,2.501474544420075
2272500,ckZOxVGA15KlICneOKmROPL3iD7pLsQ9cOiOTPozo5ytHCQbXJ1PV54n4kTLE4Sj,1.998627361489146,3.1465578310819726,2.5089120989900717
2272800,ckZOxVGA15KlICneOKmROPL3iD7pLsQ9cOiOTPozo5ytHCQbXJ1PV54n4kTLE4Sj,2.119656482673077,3.1759116573745727,2.5148590423547943
2273100,ckZOxVGA15KlICneOKmROPL3iD7pLsQ9cOiOTPozo5ytHCQbXJ1PV54n4kTLE4Sj,2.1865912861792336,3.150284735066438,2.4485911186364406
2273400,ckZOxVGA15KlICneOKmROPL3iD7pLsQ9cOiOTPozo5ytHCQbXJ1PV54n4kTLE4Sj,2.3076408752210944,3.3688000790973067,2.542318571478341
2273700,ckZOxVGA15KlICneOKmROPL3iD7pLsQ9cOiOTPozo5ytHCQbXJ1PV54n4kTLE4Sj,2.1294602293453218,3.1644653387010884,2.514807011272985
2274000,ckZOxVGA15KlICneOKmROPL3iD7pLsQ9cOiOTPozo5ytHCQbXJ1PV54n4kTLE4Sj,2.0448132263896657,3.164855145613019,2.451236837294167
2274300,ckZOxVGA15KlICneOKmROPL3iD7pLsQ9cOiOTPozo5ytHCQbXJ1PV54n4kTLE4Sj,1.9291289906412,3.2615608258079063,2.445102094272579
2274600,ckZOxVGA15KlICneOKmROPL3iD7pLsQ9cOiOTPozo5ytHCQbXJ1PV54n4kTLE4Sj,2.1413863189884235,3.057285721380299,2.4728164234473
2274900,ckZOxVGA15KlICneOKmROPL3iD7pLsQ9cOiOTPozo5ytHCQbXJ1PV54n4kTLE4Sj,2.0636921029099,3.250038612870651,2.458421267946888
2275200,ckZOxVGA15KlICneOKmROPL3iD7pLsQ9cOiOTPozo5ytHCQbXJ1PV54n4kTLE4Sj,2.1580755878578195,3.1612273600577887,2.4709029019998208
2275500,ckZOxVGA15KlICneOKmROPL3iD7pLsQ9cOiOTPozo5ytHCQbXJ1PV54n4kTLE4Sj,2.247750253404452,3.1081358802351438,2.5178043273243995
2275800,ckZOxVGA15KlICneOKmROPL3iD7pLsQ9cOiOTPozo5ytHCQbXJ1PV54n4kTLE4Sj,2.11359577333247,3.097912699990731,2.405743247566446
2276100,ckZOxVGA15KlICneOKmROPL3iD7pLsQ9cOiOTPozo5ytHCQbXJ1PV54n4kTLE4Sj,2.1696723988346758,3.093028700350642,2.52638787598055
2276400,ckZOxVGA15KlICneOKmROPL3iD7pLsQ9cOiOTPozo5ytHCQbXJ1PV54n4kTLE4Sj,2.0321189726839477,3.1553251733562706,2.502981381531653
2276700,ckZOxVGA15KlICneOKmROPL3iD7pLsQ9cOiOTPozo5ytHCQbXJ1PV54n4kTLE4Sj,2.210701710955479,3.16383282876208,2.4925852332004785
2277000,ckZOxVGA15KlICneOKmROPL3iD7pLsQ9cOiOTPozo5ytHCQbXJ1PV54n4kTLE4Sj,2.301281472324245,3.0619306837874087,2.553965595806891
2277300,ckZOxVGA15KlICneOKmROPL3iD7pLsQ9cOiOTPozo5ytHCQbXJ1PV54n4kTLE4Sj,2.061125798829916,3.069718117056877,2.44840072023979
2277600,ckZOxVGA15KlICneOKmROPL3iD7pLsQ9cOiOTPozo5ytHCQbXJ1PV54n4kTLE4Sj,2.0903184712386413,3.596917250216279,2.6805377561545987
2277900,ckZOxVGA15KlICneOKmROPL3iD7pLsQ9cOiOTPozo5ytHCQbXJ1PV54n4kTLE4Sj,1.8381482855732885,7.495239782528897,3.136055441153857
2278200,ckZOxVGA15KlICneOKmROPL3iD7pLsQ9cOiOTPozo5ytHCQbXJ1PV54n4kTLE4Sj,2.1919633772692477,3.5397122524922136,2.5520954860321248
2278500,ckZOxVGA15KlICneOKmROPL3iD7pLsQ9cOiOTPozo5ytHCQbXJ1PV54n4kTLE4Sj,2.02844449358816,3.0641775450268005,2.459808354001487
2278800,ckZOxVGA15KlICneOKmROPL3iD7pLsQ9cOiOTPozo5ytHCQbXJ1PV54n4kTLE4Sj,2.1705013284864774,3.174163463327829,2.555050848294423
2279100,ckZOxVGA15KlICneOKmROPL3iD7pLsQ9cOiOTPozo5ytHCQbXJ1PV54n4kTLE4Sj,2.171817639514154,3.290038090694096,2.5537014793266835
2279400,ckZOxVGA15KlICneOKmROPL3iD7pLsQ9cOiOTPozo5ytHCQbXJ1PV54n4kTLE4Sj,2.15298350560753,3.1351415488135848,2.545916390375598
2279700,ckZOxVGA15KlICneOKmROPL3iD7pLsQ9cOiOTPozo5ytHCQbXJ1PV54n4kTLE4Sj,2.1319548775778574,3.2214303502875645,2.52190514945179
2280000,ckZOxVGA15KlICneOKmROPL3iD7pLsQ9cOiOTPozo5ytHCQbXJ1PV54n4kTLE4Sj,2.0965927699989084,3.045276287256716,2.456724781443246
2280300,ckZOxVGA15KlICneOKmROPL3iD7pLsQ9cOiOTPozo5ytHCQbXJ1PV54n4kTLE4Sj,1.9464072808969883,2.963361869995467,2.452224354460343
2280600,ckZOxVGA15KlICneOKmROPL3iD7pLsQ9cOiOTPozo5ytHCQbXJ1PV54n4kTLE4Sj,2.1077383907782186,3.060807151007663,2.4975289453705574
2280900,ckZOxVGA15KlICneOKmROPL3iD7pLsQ9cOiOTPozo5ytHCQbXJ1PV54n4kTLE4Sj,2.1058165529203454,3.015187072830372,2.4469779393177715
2281200,ckZOxVGA15KlICneOKmROPL3iD7pLsQ9cOiOTPozo5ytHCQbXJ1PV54n4kTLE4Sj,2.1495772829311672,2.9983765728722216,2.477732088784459
2281500,ckZOxVGA15KlICneOKmROPL3iD7pLsQ9cOiOTPozo5ytHCQbXJ1PV54n4kTLE4Sj,2.1508680742087347,3.2370588924932457,2.453730005936209
2281800,ckZOxVGA15KlICneOKmROPL3iD7pLsQ9cOiOTPozo5ytHCQbXJ1PV54n4kTLE4Sj,2.139921825832809,3.275661147676494,2.47153751356244
2282100,ckZOxVGA15KlICneOKmROPL3iD7pLsQ9cOiOTPozo5ytHCQbXJ1PV54n4kTLE4Sj,2.0581864243495467,3.0364703404498785,2.452865692407346
2282400,ckZOxVGA15KlICneOKmROPL3iD7pLsQ9cOiOTPozo5ytHCQbXJ1PV54n4kTLE4Sj,2.0254444897197987,3.1699904645326704,2.4615592141736107
2282700,ckZOxVGA15KlICneOKmROPL3iD7pLsQ9cOiOTPozo5ytHCQbXJ1PV54n4kTLE4Sj,1.8884787359623447,3.082655557388561,2.4272970094139334
2283000,ckZOxVGA15KlICneOKmROPL3iD7pLsQ9cOiOTPozo5ytHCQbXJ1PV54n4kTLE4Sj,2.1234074829698124,3.0319927671991938,2.4670210905740206
2283300,ckZOxVGA15KlICneOKmROPL3iD7pLsQ9cOiOTPozo5ytHCQbXJ1PV54n4kTLE4Sj,2.0281979381915027,3.077703879997578,2.447973447946713
2283600,ckZOxVGA15KlICneOKmROPL3iD7pLsQ9cOiOTPozo5ytHCQbXJ1PV54n4kTLE4Sj,2.101068304467656,3.1534769398907128,2.4457547167456397
2283900,ckZOxVGA15KlICneOKmROPL3iD7pLsQ9cOiOTPozo5ytHCQbXJ1PV54n4kTLE4Sj,1.9851968282099357,2.915607587706961,2.3448468331341603
2284200,ckZOxVGA15KlICneOKmROPL3iD7pLsQ9cOiOTPozo5ytHCQbXJ1PV54n4kTLE4Sj,1.9914018940552232,2.985357336641231,2.426618193761642
2284500,ckZOxVGA15KlICneOKmROPL3iD7pLsQ9cOiOTPozo5ytHCQbXJ1PV54n4kTLE4Sj,2.016922668736304,3.099852309412461,2.432471471028083
2284800,ckZOxVGA15KlICneOKmROPL3iD7pLsQ9cOiOTPozo5ytHCQbXJ1PV54n4kTLE4Sj,1.9634846308330167,3.352375800581386,2.454269624116283
2285100,ckZOxVGA15KlICneOKmROPL3iD7pLsQ9cOiOTPozo5ytHCQbXJ1PV54n4kTLE4Sj,2.096978628531601,3.053423760257361,2.481783040516674
2285400,ckZOxVGA15KlICneOKmROPL3iD7pLsQ9cOiOTPozo5ytHCQbXJ1PV54n4kTLE4Sj,2.0427423730831578,3.0976520893100328,2.4720691919586306
2285700,ckZOxVGA15KlICneOKmROPL3iD7pLsQ9cOiOTPozo5ytHCQbXJ1PV54n4kTLE4Sj,1.9974900335031611,3.4329822112099464,2.4789905132853347
2286000,ckZOxVGA15KlICneOKmROPL3iD7pLsQ9cOiOTPozo5ytHCQbXJ1PV54n4kTLE4Sj,1.9097620556102992,3.283711650706997,2.4250026232838464
2286300,ckZOxVGA15KlICneOKmROPL3iD7pLsQ9cOiOTPozo5ytHCQbXJ1PV54n4kTLE4Sj,2.130194097353681,3.177606165958542,2.4196034051712045
2286600,ckZOxVGA15KlICneOKmROPL3iD7pLsQ9cOiOTPozo5ytHCQbXJ1PV54n4kTLE4Sj,2.1053020324350946,3.1259128850897757,2.4189464629201174
2286900,ckZOxVGA15KlICneOKmROPL3iD7pLsQ9cOiOTPozo5ytHCQbXJ1PV54n4kTLE4Sj,2.023149954607013,3.2061574740517886,2.4785541617845337
2287200,ckZOxVGA15KlICneOKmROPL3iD7pLsQ9cOiOTPozo5ytHCQbXJ1PV54n4kTLE4Sj,1.8630849608610445,3.1036326608416687,2.45057238124954
2287500,ckZOxVGA15KlICneOKmROPL3iD7pLsQ9cOiOTPozo5ytHCQbXJ1PV54n4kTLE4Sj,1.9601121712682053,3.019415442847598,2.3384462983441017
2287800,ckZOxVGA15KlICneOKmROPL3iD7pLsQ9cOiOTPozo5ytHCQbXJ1PV54n4kTLE4Sj,2.057988618342818,3.396502929229864,2.4462091305786293
2288100,ckZOxVGA15KlICneOKmROPL3iD7pLsQ9cOiOTPozo5ytHCQbXJ1PV54n4kTLE4Sj,2.0792415045709984,3.1125588529395443,2.4392936184718
2288400,ckZOxVGA15KlICneOKmROPL3iD7pLsQ9cOiOTPozo5ytHCQbXJ1PV54n4kTLE4Sj,2.123026587369629,3.112430551166286,2.4826132006061847
2288700,ckZOxVGA15KlICneOKmROPL3iD7pLsQ9cOiOTPozo5ytHCQbXJ1PV54n4kTLE4Sj,2.0638564070739256,3.118947774437656,2.480342039765108
2289000,ckZOxVGA15KlICneOKmROPL3iD7pLsQ9cOiOTPozo5ytHCQbXJ1PV54n4kTLE4Sj,2.075743983200253,3.042318603285476,2.436721310077791
2289300,ckZOxVGA15KlICneOKmROPL3iD7pLsQ9cOiOTPozo5ytHCQbXJ1PV54n4kTLE4Sj,2.02105567177838,3.571796034586173,2.4795984114523915
2289600,ckZOxVGA15KlICneOKmROPL3iD7pLsQ9cOiOTPozo5ytHCQbXJ1PV54n4kTLE4Sj,2.0486034427226008,2.98834612687552,2.43067843062044
2289900,ckZOxVGA15KlICneOKmROPL3iD7pLsQ9cOiOTPozo5ytHCQbXJ1PV54n4kTLE4Sj,2.0114497262409854,3.260799248069715,2.4129613269579577
2290200,ckZOxVGA15KlICneOKmROPL3iD7pLsQ9cOiOTPozo5ytHCQbXJ1PV54n4kTLE4Sj,1.8868886918639705,3.1048476746256712,2.3795689580647568
2290500,ckZOxVGA15KlICneOKmROPL3iD7pLsQ9cOiOTPozo5ytHCQbXJ1PV54n4kTLE4Sj,1.920003553375237,3.253272912670428,2.3558942039822885
2290800,ckZOxVGA15KlICneOKmROPL3iD7pLsQ9cOiOTPozo5ytHCQbXJ1PV54n4kTLE4Sj,2.159758066915568,3.2229495339559406,2.4892443781382325
2291100,ckZOxVGA15KlICneOKmROPL3iD7pLsQ9cOiOTPozo5ytHCQbXJ1PV54n4kTLE4Sj,2.0379513310410275,3.1623313986672112,2.42392165876742
2291400,ckZOxVGA15KlICneOKmROPL3iD7pLsQ9cOiOTPozo5ytHCQbXJ1PV54n4kTLE4Sj,2.0134192337325,3.0926303047719585,2.4581745512670032
2291700,ckZOxVGA15KlICneOKmROPL3iD7pLsQ9cOiOTPozo5ytHCQbXJ1PV54n4kTLE4Sj,2.056028402336941,3.116740129468305,2.4243071776468708
2292000,ckZOxVGA15KlICneOKmROPL3iD7pLsQ9cOiOTPozo5ytHCQbXJ1PV54n4kTLE4Sj,2.0359550910567465,3.0113735537163855,2.408866971022259
2292300,ckZOxVGA15KlICneOKmROPL3iD7pLsQ9cOiOTPozo5ytHCQbXJ1PV54n4kTLE4Sj,2.177417206995619,3.1245791053638623,2.4669799053633485
2292600,ckZOxVGA15KlICneOKmROPL3iD7pLsQ9cOiOTPozo5ytHCQbXJ1PV54n4kTLE4Sj,1.7928100999146293,3.0879654579237967,2.468034567359875
2292900,ckZOxVGA15KlICneOKmROPL3iD7pLsQ9cOiOTPozo5ytHCQbXJ1PV54n4kTLE4Sj,1.9752038939480687,3.234010210221983,2.4795860492456687
2293200,ckZOxVGA15KlICneOKmROPL3iD7pLsQ9cOiOTPozo5ytHCQbXJ1PV54n4kTLE4Sj,2.1882295703082586,3.222743554765832,2.5263840286262385
2293500,ckZOxVGA15KlICneOKmROPL3iD7pLsQ9cOiOTPozo5ytHCQbXJ1PV54n4kTLE4Sj,2.17325766401719,3.2396895594312296,2.513779628825856
2293800,ckZOxVGA15KlICneOKmROPL3iD7pLsQ9cOiOTPozo5ytHCQbXJ1PV54n4kTLE4Sj,2.0165938001458885,3.053192574445464,2.4053673171105787
2294100,ckZOxVGA15KlICneOKmROPL3iD7pLsQ9cOiOTPozo5ytHCQbXJ1PV54n4kTLE4Sj,2.0992643156421247,3.172943321138228,2.5094864314160312
2294400,ckZOxVGA15KlICneOKmROPL3iD7pLsQ9cOiOTPozo5ytHCQbXJ1PV54n4kTLE4Sj,1.9951547123657092,3.085114477685793,2.416634910943253
2294700,ckZOxVGA15KlICneOKmROPL3iD7pLsQ9cOiOTPozo5ytHCQbXJ1PV54n4kTLE4Sj,2.0647583050187257,3.249801492981841,2.32879962414996
2295000,ckZOxVGA15KlICneOKmROPL3iD7pLsQ9cOiOTPozo5ytHCQbXJ1PV54n4kTLE4Sj,1.8203261544701084,2.9510122598288366,2.2514989005680204
2295300,ckZOxVGA15KlICneOKmROPL3iD7pLsQ9cOiOTPozo5ytHCQbXJ1PV54n4kTLE4Sj,1.998775562514178,2.9071365176967614,2.35940362210743
2295600,ckZOxVGA15KlICneOKmROPL3iD7pLsQ9cOiOTPozo5ytHCQbXJ1PV54n4kTLE4Sj,1.7148883212507058,3.9558741034250975,2.519522856389336
2295900,ckZOxVGA15KlICneOKmROPL3iD7pLsQ9cOiOTPozo5ytHCQbXJ1PV54n4kTLE4Sj,1.8441495099454368,9.111108228315702,3.3238096637713297
2296200,ckZOxVGA15KlICneOKmROPL3iD7pLsQ9cOiOTPozo5ytHCQbXJ1PV54n4kTLE4Sj,1.9149181984184125,3.8229756363251175,2.5229588880375804
2296500,ckZOxVGA15KlICneOKmROPL3iD7pLsQ9cOiOTPozo5ytHCQbXJ1PV54n4kTLE4Sj,2.0134140477812146,3.2904294708277764,2.527015438090973
2296800,ckZOxVGA15KlICneOKmROPL3iD7pLsQ9cOiOTPozo5ytHCQbXJ1PV54n4kTLE4Sj,2.2101548941969287,3.217480074542563,2.5574252134427637
2297100,ckZOxVGA15KlICneOKmROPL3iD7pLsQ9cOiOTPozo5ytHCQbXJ1PV54n4kTLE4Sj,2.13262089914565,3.4109011147025954,2.6076382406142096
2297400,ckZOxVGA15KlICneOKmROPL3iD7pLsQ9cOiOTPozo5ytHCQbXJ1PV54n4kTLE4Sj,2.277608049546549,3.636798626228692,2.5708965579239766
2297700,ckZOxVGA15KlICneOKmROPL3iD7pLsQ9cOiOTPozo5ytHCQbXJ1PV54n4kTLE4Sj,2.3039112828924795,3.371800758272621,2.6211744290322514
2298000,ckZOxVGA15KlICneOKmROPL3iD7pLsQ9cOiOTPozo5ytHCQbXJ1PV54n4kTLE4Sj,2.168512161873657,3.465809227185971,2.5981300428375067
2298300,ckZOxVGA15KlICneOKmROPL3iD7pLsQ9cOiOTPozo5ytHCQbXJ1PV54n4kTLE4Sj,2.104580961660023,3.260228832462966,2.5235568507288546
2298600,ckZOxVGA15KlICneOKmROPL3iD7pLsQ9cOiOTPozo5ytHCQbXJ1PV54n4kTLE4Sj,1.9730049330256436,3.3506649126107173,2.54206801804184
2298900,ckZOxVGA15KlICneOKmROPL3iD7pLsQ9cOiOTPozo5ytHCQbXJ1PV54n4kTLE4Sj,1.7820209404797671,3.1961470866900097,2.404216676879497
2299200,ckZOxVGA15KlICneOKmROPL3iD7pLsQ9cOiOTPozo5ytHCQbXJ1PV54n4kTLE4Sj,2.0670669127026167,3.2246471225797944,2.4339355224560166
2299500,ckZOxVGA15KlICneOKmROPL3iD7pLsQ9cOiOTPozo5ytHCQbXJ1PV54n4kTLE4Sj,2.120499969875734,3.1319781730148613,2.4559566442584653
2299800,ckZOxVGA15KlICneOKmROPL3iD7pLsQ9cOiOTPozo5ytHCQbXJ1PV54n4kTLE4Sj,2.133709256818672,3.282887843968222,2.5608421421780294
2300100,ckZOxVGA15KlICneOKmROPL3iD7pLsQ9cOiOTPozo5ytHCQbXJ1PV54n4kTLE4Sj,2.15608747612238,3.3085863290163537,2.5453962839882376
2300400,ckZOxVGA15KlICneOKmROPL3iD7pLsQ9cOiOTPozo5ytHCQbXJ1PV54n4kTLE4Sj,2.128628672768091,3.229656949022993,2.5069391196246986
2300700,ckZOxVGA15KlICneOKmROPL3iD7pLsQ9cOiOTPozo5ytHCQbXJ1PV54n4kTLE4Sj,2.178581487531651,3.38804347392302,2.5593333194507126
2301000,ckZOxVGA15KlICneOKmROPL3iD7pLsQ9cOiOTPozo5ytHCQbXJ1PV54n4kTLE4Sj,1.9422195635098436,3.3193274476519417,2.5234023028713386
2301300,ckZOxVGA15KlICneOKmROPL3iD7pLsQ9cOiOTPozo5ytHCQbXJ1PV54n4kTLE4Sj,2.0355011761478514,3.1997544882708815,2.559148725608588
2301600,ckZOxVGA15KlICneOKmROPL3iD7pLsQ9cOiOTPozo5ytHCQbXJ1PV54n4kTLE4Sj,2.0324382777302064,3.172541360455766,2.553077325931547
2301900,ckZOxVGA15KlICneOKmROPL3iD7pLsQ9cOiOTPozo5ytHCQbXJ1PV54n4kTLE4Sj,2.0518183258631906,3.3364186950333363,2.504187209825939
2302200,ckZOxVGA15KlICneOKmROPL3iD7pLsQ9cOiOTPozo5ytHCQbXJ1PV54n4kTLE4Sj,2.0704637172495444,3.244826297712259,2.564653881774106
2302500,ckZOxVGA15KlICneOKmROPL3iD7pLsQ9cOiOTPozo5ytHCQbXJ1PV54n4kTLE4Sj,2.1383239672554506,3.720571141403149,2.557727035025801
2302800,ckZOxVGA15KlICneOKmROPL3iD7pLsQ9cOiOTPozo5ytHCQbXJ1PV54n4kTLE4Sj,2.1007849589284,3.4394713938129864,2.5629529043889376
2303100,ckZOxVGA15KlICneOKmROPL3iD7pLsQ9cOiOTPozo5ytHCQbXJ1PV54n4kTLE4Sj,2.1288262817110426,3.422612039222414,2.577734634073201
2303400,ckZOxVGA15KlICneOKmROPL3iD7pLsQ9cOiOTPozo5ytHCQbXJ1PV54n4kTLE4Sj,1.9829485318299973,3.5325336777375806,2.528293583160491
2303700,ckZOxVGA15KlICneOKmROPL3iD7pLsQ9cOiOTPozo5ytHCQbXJ1PV54n4kTLE4Sj,1.935338753990827,3.3887815406474537,2.425858087416641
2304000,ckZOxVGA15KlICneOKmROPL3iD7pLsQ9cOiOTPozo5ytHCQbXJ1PV54n4kTLE4Sj,1.8551243867628615,3.1779459473819487,2.4392538999510216
2304300,ckZOxVGA15KlICneOKmROPL3iD7pLsQ9cOiOTPozo5ytHCQbXJ1PV54n4kTLE4Sj,1.9360296790960043,3.06348135250162,2.4598615516644715
2304600,ckZOxVGA15KlICneOKmROPL3iD7pLsQ9cOiOTPozo5ytHCQbXJ1PV54n4kTLE4Sj,1.84719398634575,3.285705923754571,2.4095423156068723
2304900,ckZOxVGA15KlICneOKmROPL3iD7pLsQ9cOiOTPozo5ytHCQbXJ1PV54n4kTLE4Sj,2.035910628108488,3.1620061566216986,2.4567752560489997
2305200,ckZOxVGA15KlICneOKmROPL3iD7pLsQ9cOiOTPozo5ytHCQbXJ1PV54n4kTLE4Sj,2.0205168147255375,3.0934819307321395,2.458600565617161
2305500,ckZOxVGA15KlICneOKmROPL3iD7pLsQ9cOiOTPozo5ytHCQbXJ1PV54n4kTLE4Sj,1.961306301806372,3.0703561408432964,2.3978434770582044
2305800,ckZOxVGA15KlICneOKmROPL3iD7pLsQ9cOiOTPozo5ytHCQbXJ1PV54n4kTLE4Sj,2.160861527828447,3.2616609122295714,2.4829364610315623
2306100,ckZOxVGA15KlICneOKmROPL3iD7pLsQ9cOiOTPozo5ytHCQbXJ1PV54n4kTLE4Sj,2.1443535530043323,3.18351411320242,2.400583897534428
2306400,ckZOxVGA15KlICneOKmROPL3iD7pLsQ9cOiOTPozo5ytHCQbXJ1PV54n4kTLE4Sj,2.069372907380602,3.0848499345245046,2.4562703653615623
2306700,ckZOxVGA15KlICneOKmROPL3iD7pLsQ9cOiOTPozo5ytHCQbXJ1PV54n4kTLE4Sj,2.1771984667187083,3.215111771884175,2.4718617694092173
2307000,ckZOxVGA15KlICneOKmROPL3iD7pLsQ9cOiOTPozo5ytHCQbXJ1PV54n4kTLE4Sj,2.1589173587026584,3.180260586170016,2.4482741516965048
2307300,ckZOxVGA15KlICneOKmROPL3iD7pLsQ9cOiOTPozo5ytHCQbXJ1PV54n4kTLE4Sj,2.1703280452520386,3.1643312337607705,2.496118495980777
2307600,ckZOxVGA15KlICneOKmROPL3iD7pLsQ9cOiOTPozo5ytHCQbXJ1PV54n4kTLE4Sj,2.1708154725068303,3.2521141497831625,2.5557936522792524
2307900,ckZOxVGA15KlICneOKmROPL3iD7pLsQ9cOiOTPozo5ytHCQbXJ1PV54n4kTLE4Sj,2.1577764436521463,3.0867888883543424,2.4908490542538333
2308200,ckZOxVGA15KlICneOKmROPL3iD7pLsQ9cOiOTPozo5ytHCQbXJ1PV54n4kTLE4Sj,2.17703219494019,3.242144251354381,2.4806906706921543
2308500,ckZOxVGA15KlICneOKmROPL3iD7pLsQ9cOiOTPozo5ytHCQbXJ1PV54n4kTLE4Sj,2.017816826125279,3.2076621566499512,2.4544698535515552
2308800,ckZOxVGA15KlICneOKmROPL3iD7pLsQ9cOiOTPozo5ytHCQbXJ1PV54n4kTLE4Sj,1.9106553748741089,3.156524637165254,2.4659578703624225
2309100,ckZOxVGA15KlICneOKmROPL3iD7pLsQ9cOiOTPozo5ytHCQbXJ1PV54n4kTLE4Sj,1.7787034416338183,3.0913459276519224,2.3514113998233945
2309400,ckZOxVGA15KlICneOKmROPL3iD7pLsQ9cOiOTPozo5ytHCQbXJ1PV54n4kTLE4Sj,1.9057279467898025,3.211935075004439,2.346543533524823
2309700,ckZOxVGA15KlICneOKmROPL3iD7pLsQ9cOiOTPozo5ytHCQbXJ1PV54n4kTLE4Sj,1.87275440863779,2.9846314150856768,2.337991113219009
2310000,ckZOxVGA15KlICneOKmROPL3iD7pLsQ9cOiOTPozo5ytHCQbXJ1PV54n4kTLE4Sj,2.035487768107315,3.1919699934019374,2.3955066896172474
2310300,ckZOxVGA15KlICneOKmROPL3iD7pLsQ9cOiOTPozo5ytHCQbXJ1PV54n4kTLE4Sj,2.0495292938297016,3.160587660436872,2.4377496884197187
2310600,ckZOxVGA15KlICneOKmROPL3iD7pLsQ9cOiOTPozo5ytHCQbXJ1PV54n4kTLE4Sj,1.9532304004047336,3.207893148666899,2.4143981159450973
2310900,ckZOxVGA15KlICneOKmROPL3iD7pLsQ9cOiOTPozo5ytHCQbXJ1PV54n4kTLE4Sj,2.0874846101387043,3.1458181425570007,2.4746664760327275
2311200,ckZOxVGA15KlICneOKmROPL3iD7pLsQ9cOiOTPozo5ytHCQbXJ1PV54n4kTLE4Sj,2.057678838798906,3.2384851141063806,2.483963069750919
2311500,ckZOxVGA15KlICneOKmROPL3iD7pLsQ9cOiOTPozo5ytHCQbXJ1PV54n4kTLE4Sj,1.9922208025451975,3.2067523066623163,2.4941883698175262
2311800,ckZOxVGA15KlICneOKmROPL3iD7pLsQ9cOiOTPozo5ytHCQbXJ1PV54n4kTLE4Sj,2.0408741941559887,3.2601286443313096,2.4677774224358133
2312100,ckZOxVGA15KlICneOKmROPL3iD7pLsQ9cOiOTPozo5ytHCQbXJ1PV54n4kTLE4Sj,2.1809884553277645,3.0969714356362554,2.5176615390442607
2312400,ckZOxVGA15KlICneOKmROPL3iD7pLsQ9cOiOTPozo5ytHCQbXJ1PV54n4kTLE4Sj,1.9405572566872336,2.9101784264618806,2.3990110565374634
2312700,ckZOxVGA15KlICneOKmROPL3iD7pLsQ9cOiOTPozo5ytHCQbXJ1PV54n4kTLE4Sj,2.0209074815332158,3.3801033991511327,2.3965895954267227
2313000,ckZOxVGA15KlICneOKmROPL3iD7pLsQ9cOiOTPozo5ytHCQbXJ1PV54n4kTLE4Sj,2.084947673022653,3.169434090002267,2.4826290167208103
2313300,ckZOxVGA15KlICneOKmROPL3iD7pLsQ9cOiOTPozo5ytHCQbXJ1PV54n4kTLE4Sj,2.0909242950269986,2.8499870397563645,2.4407195135189736
2313600,ckZOxVGA15KlICneOKmROPL3iD7pLsQ9cOiOTPozo5ytHCQbXJ1PV54n4kTLE4Sj,2.18462654994556,3.835718346454533,2.619229669143445
2313900,ckZOxVGA15KlICneOKmROPL3iD7pLsQ9cOiOTPozo5ytHCQbXJ1PV54n4kTLE4Sj,1.9053210384938373,8.571741341734853,3.2842044211307524
2314200,ckZOxVGA15KlICneOKmROPL3iD7pLsQ9cOiOTPozo5ytHCQbXJ1PV54n4kTLE4Sj,2.115933951859052,3.699570315103813,2.580857142397513
2314500,ckZOxVGA15KlICneOKmROPL3iD7pLsQ9cOiOTPozo5ytHCQbXJ1PV54n4kTLE4Sj,2.2944204821574576,3.5457193626862646,2.6204203413815157
2314800,ckZOxVGA15KlICneOKmROPL3iD7pLsQ9cOiOTPozo5ytHCQbXJ1PV54n4kTLE4Sj,2.167727424002876,3.3277373758638102,2.653817138362588
2315100,ckZOxVGA15KlICneOKmROPL3iD7pLsQ9cOiOTPozo5ytHCQbXJ1PV54n4kTLE4Sj,2.140329126288278,3.290261393206504,2.5708537385554773
2315400,ckZOxVGA15KlICneOKmROPL3iD7pLsQ9cOiOTPozo5ytHCQbXJ1PV54n4kTLE4Sj,2.155913092163452,3.0896612163129977,2.5116113596716367
2315700,ckZOxVGA15KlICneOKmROPL3iD7pLsQ9cOiOTPozo5ytHCQbXJ1PV54n4kTLE4Sj,2.085498909885004,3.1503048371994518,2.4948450323676727
2316000,ckZOxVGA15KlICneOKmROPL3iD7pLsQ9cOiOTPozo5ytHCQbXJ1PV54n4kTLE4Sj,2.1828316522409392,3.140519647598257,2.5230864985824355
2316300,ckZOxVGA15KlICneOKmROPL3iD7pLsQ9cOiOTPozo5ytHCQbXJ1PV54n4kTLE4Sj,2.1095752511702246,3.2684400393497737,2.5051111678939395
2316600,ckZOxVGA15KlICneOKmROPL3iD7pLsQ9cOiOTPozo5ytHCQbXJ1PV54n4kTLE4Sj,2.057494584113339,3.2360439612186043,2.5363955833330167
2316900,ckZOxVGA15KlICneOKmROPL3iD7pLsQ9cOiOTPozo5ytHCQbXJ1PV54n4kTLE4Sj,2.1606295468920376,3.266544671399904,2.512770092982719
2317200,ckZOxVGA15KlICneOKmROPL3iD7pLsQ9cOiOTPozo5ytHCQbXJ1PV54n4kTLE4Sj,2.1373224615336968,3.2040372948945177,2.523653057871413
2317500,ckZOxVGA15KlICneOKmROPL3iD7pLsQ9cOiOTPozo5ytHCQbXJ1PV54n4kTLE4Sj,2.0447923181206225,3.206339741060704,2.5419230189205986
2317800,ckZOxVGA15KlICneOKmROPL3iD7pLsQ9cOiOTPozo5ytHCQbXJ1PV54n4kTLE4Sj,2.170536986853551,3.3871068662895305,2.52875162950573
2318100,ckZOxVGA15KlICneOKmROPL3iD7pLsQ9cOiOTPozo5ytHCQbXJ1PV54n4kTLE4Sj,2.0368027288984787,3.3006427039799657,2.5229549396815933
2318400,ckZOxVGA15KlICneOKmROPL3iD7pLsQ9cOiOTPozo5ytHCQbXJ1PV54n4kTLE4Sj,2.077456967552316,3.1296382327274093,2.5476996441481217
2318700,ckZOxVGA15KlICneOKmROPL3iD7pLsQ9cOiOTPozo5ytHCQbXJ1PV54n4kTLE4Sj,2.166851182945387,3.2797094887359104,2.5332451559501115
2319000,ckZOxVGA15KlICneOKmROPL3iD7pLsQ9cOiOTPozo5ytHCQbXJ1PV54n4kTLE4Sj,2.1676824716724328,3.098054620306398,2.5309061690238432
2319300,ckZOxVGA15KlICneOKmROPL3iD7pLsQ9cOiOTPozo5ytHCQbXJ1PV54n4kTLE4Sj,2.115926890506726,3.337209431209641,2.5408508831609105
2319600,ckZOxVGA15KlICneOKmROPL3iD7pLsQ9cOiOTPozo5ytHCQbXJ1PV54n4kTLE4Sj,2.0993780702369387,3.3689904343169803,2.515456032137556
2319900,ckZOxVGA15KlICneOKmROPL3iD7pLsQ9cOiOTPozo5ytHCQbXJ1PV54n4kTLE4Sj,2.075872400090057,3.2509696666353243,2.500619891497906
2320200,ckZOxVGA15KlICneOKmROPL3iD7pLsQ9cOiOTPozo5ytHCQbXJ1PV54n4kTLE4Sj,2.123286751416035,3.095229251708487,2.554790912017654
2320500,ckZOxVGA15KlICneOKmROPL3iD7pLsQ9cOiOTPozo5ytHCQbXJ1PV54n4kTLE4Sj,2.211398191377854,3.1817810754223808,2.5301202042946165
2320800,ckZOxVGA15KlICneOKmROPL3iD7pLsQ9cOiOTPozo5ytHCQbXJ1PV54n4kTLE4Sj,2.0474848047369565,3.8445550498039953,2.624898345219603
2321100,ckZOxVGA15KlICneOKmROPL3iD7pLsQ9cOiOTPozo5ytHCQbXJ1PV54n4kTLE4Sj,2.14846589680564,3.1546774436941054,2.56543588477502
2321400,ckZOxVGA15KlICneOKmROPL3iD7pLsQ9cOiOTPozo5ytHCQbXJ1PV54n4kTLE4Sj,2.172009719350745,3.234074916016182,2.56766961639081
2321700,ckZOxVGA15KlICneOKmROPL3iD7pLsQ9cOiOTPozo5ytHCQbXJ1PV54n4kTLE4Sj,2.0797701854690054,3.5500539171654086,2.552626138220622
2322000,ckZOxVGA15KlICneOKmROPL3iD7pLsQ9cOiOTPozo5ytHCQbXJ1PV54n4kTLE4Sj,2.1888180673116646,3.2450004605984093,2.5598621655710567
2322300,ckZOxVGA15KlICneOKmROPL3iD7pLsQ9cOiOTPozo5ytHCQbXJ1PV54n4kTLE4Sj,2.229976245994479,3.092628101055748,2.52539409171058
2322600,ckZOxVGA15KlICneOKmROPL3iD7pLsQ9cOiOTPozo5ytHCQbXJ1PV54n4kTLE4Sj,1.902223317335245,3.278789435537534,2.508846444277424
2322900,ckZOxVGA15KlICneOKmROPL3iD7pLsQ9cOiOTPozo5ytHCQbXJ1PV54n4kTLE4Sj,2.071422366918987,2.988835383147256,2.4199006856275456
2323200,ckZOxVGA15KlICneOKmROPL3iD7pLsQ9cOiOTPozo5ytHCQbXJ1PV54n4kTLE4Sj,2.067030600493013,3.100048528093412,2.4489644281562355
2323500,ckZOxVGA15KlICneOKmROPL3iD7pLsQ9cOiOTPozo5ytHCQbXJ1PV54n4kTLE4Sj,1.9175712935514693,3.2039439757902217,2.362875162208904
2323800,ckZOxVGA15KlICneOKmROPL3iD7pLsQ9cOiOTPozo5ytHCQbXJ1PV54n4kTLE4Sj,1.8835894355182825,2.9330012516363286,2.323091000704444
2324100,ckZOxVGA15KlICneOKmROPL3iD7pLsQ9cOiOTPozo5ytHCQbXJ1PV54n4kTLE4Sj,2.128369085773396,2.9813408250585014,2.3783285612075
2324400,ckZOxVGA15KlICneOKmROPL3iD7pLsQ9cOiOTPozo5ytHCQbXJ1PV54n4kTLE4Sj,1.99989325093998,3.073218091393796,2.445267118020125
2324700,ckZOxVGA15KlICneOKmROPL3iD7pLsQ9cOiOTPozo5ytHCQbXJ1PV54n4kTLE4Sj,2.040933654382727,3.150918849067637,2.4687957314719142
2325000,ckZOxVGA15KlICneOKmROPL3iD7pLsQ9cOiOTPozo5ytHCQbXJ1PV54n4kTLE4Sj,2.0023032768933366,3.041144404859563,2.422398102395707
2325300,ckZOxVGA15KlICneOKmROPL3iD7pLsQ9cOiOTPozo5ytHCQbXJ1PV54n4kTLE4Sj,2.085892182551957,3.1372252597977086,2.4553237767906366
2325600,ckZOxVGA15KlICneOKmROPL3iD7pLsQ9cOiOTPozo5ytHCQbXJ1PV54n4kTLE4Sj,1.960857149812332,3.186392214354437,2.4681164288327624
2325900,ckZOxVGA15KlICneOKmROPL3iD7pLsQ9cOiOTPozo5ytHCQbXJ1PV54n4kTLE4Sj,2.0056078647745323,3.2382694726814134,2.487202217156929
2326200,ckZOxVGA15KlICneOKmROPL3iD7pLsQ9cOiOTPozo5ytHCQbXJ1PV54n4kTLE4Sj,2.1650356927421424,2.930146265910748,2.4574313317955605
2326500,ckZOxVGA15KlICneOKmROPL3iD7pLsQ9cOiOTPozo5ytHCQbXJ1PV54n4kTLE4Sj,2.11776226400301,3.180627308669124,2.4622219015028035
2326800,ckZOxVGA15KlICneOKmROPL3iD7pLsQ9cOiOTPozo5ytHCQbXJ1PV54n4kTLE4Sj,2.1556181910660737,3.072938189069552,2.4612914904990935
2327100,ckZOxVGA15KlICneOKmROPL3iD7pLsQ9cOiOTPozo5ytHCQbXJ1PV54n4kTLE4Sj,1.975021734730491,2.9475147638575527,2.440296165303179
2327400,ckZOxVGA15KlICneOKmROPL3iD7pLsQ9cOiOTPozo5ytHCQbXJ1PV54n4kTLE4Sj,2.259013616034076,3.346248385451812,2.5070106165054686
2327700,ckZOxVGA15KlICneOKmROPL3iD7pLsQ9cOiOTPozo5ytHCQbXJ1PV54n4kTLE4Sj,2.178596431823547,3.0675672190769574,2.4771028761711
2328000,ckZOxVGA15KlICneOKmROPL3iD7pLsQ9cOiOTPozo5ytHCQbXJ1PV54n4kTLE4Sj,1.843431701322156,4.409141226605021,2.705176058757604
2328300,ckZOxVGA15KlICneOKmROPL3iD7pLsQ9cOiOTPozo5ytHCQbXJ1PV54n4kTLE4Sj,1.787510721823931,4.553807077435222,2.679761761224219
2328600,ckZOxVGA15KlICneOKmROPL3iD7pLsQ9cOiOTPozo5ytHCQbXJ1PV54n4kTLE4Sj,2.253793866415068,3.2871940852878923,2.599199609081768
2328900,ckZOxVGA15KlICneOKmROPL3iD7pLsQ9cOiOTPozo5ytHCQbXJ1PV54n4kTLE4Sj,2.289473374014127,3.2442517823854446,2.629112528829519
2329200,ckZOxVGA15KlICneOKmROPL3iD7pLsQ9cOiOTPozo5ytHCQbXJ1PV54n4kTLE4Sj,2.0430004184578534,3.4824428025413607,2.6372694250260365
2329500,ckZOxVGA15KlICneOKmROPL3iD7pLsQ9cOiOTPozo5ytHCQbXJ1PV54n4kTLE4Sj,2.214570880657277,3.319556215822318,2.62048968686034
2329800,ckZOxVGA15KlICneOKmROPL3iD7pLsQ9cOiOTPozo5ytHCQbXJ1PV54n4kTLE4Sj,2.3249693154065865,3.3282194022564613,2.595232408574612
2330100,ckZOxVGA15KlICneOKmROPL3iD7pLsQ9cOiOTPozo5ytHCQbXJ1PV54n4kTLE4Sj,2.2818678982079734,3.5143494521379166,2.6200382472909185
2330400,ckZOxVGA15KlICneOKmROPL3iD7pLsQ9cOiOTPozo5ytHCQbXJ1PV54n4kTLE4Sj,2.134907715205168,3.3580821073718448,2.596037602556488
2330700,ckZOxVGA15KlICneOKmROPL3iD7pLsQ9cOiOTPozo5ytHCQbXJ1PV54n4kTLE4Sj,2.2729574414448805,3.3269171235671218,2.5691507623125345
2331000,ckZOxVGA15KlICneOKmROPL3iD7pLsQ9cOiOTPozo5ytHCQbXJ1PV54n4kTLE4Sj,2.1710512616682838,3.3891392746199958,2.619904862363552
2331300,ckZOxVGA15KlICneOKmROPL3iD7pLsQ9cOiOTPozo5ytHCQbXJ1PV54n4kTLE4Sj,2.2542298354948023,3.251124497651223,2.573235411173457
2331600,ckZOxVGA15KlICneOKmROPL3iD7pLsQ9cOiOTPozo5ytHCQbXJ1PV54n4kTLE4Sj,2.1444645190538414,3.4681163488353595,2.583508950099018
2331900,ckZOxVGA15KlICneOKmROPL3iD7pLsQ9cOiOTPozo5ytHCQbXJ1PV54n4kTLE4Sj,2.1102427611653254,3.39291615505899,2.5806934892345934
2332200,ckZOxVGA15KlICneOKmROPL3iD7pLsQ9cOiOTPozo5ytHCQbXJ1PV54n4kTLE4Sj,2.302317184560599,3.3602217085831736,2.5675370125409787
2332500,ckZOxVGA15KlICneOKmROPL3iD7pLsQ9cOiOTPozo5ytHCQbXJ1PV54n4kTLE4Sj,2.175026493482827,2.9673218991692223,2.4683597954386487
2332800,ckZOxVGA15KlICneOKmROPL3iD7pLsQ9cOiOTPozo5ytHCQbXJ1PV54n4kTLE4Sj,2.148204483488974,16.87458517409607,3.7782088430868894
2333100,ckZOxVGA15KlICneOKmROPL3iD7pLsQ9cOiOTPozo5ytHCQbXJ1PV54n4kTLE4Sj,2.2232838841320968,3.2319580607000145,2.550082940280784
2333400,ckZOxVGA15KlICneOKmROPL3iD7pLsQ9cOiOTPozo5ytHCQbXJ1PV54n4kTLE4Sj,2.149768946016968,3.275713502985424,2.5474505845897983
2333700,ckZOxVGA15KlICneOKmROPL3iD7pLsQ9cOiOTPozo5ytHCQbXJ1PV54n4kTLE4Sj,2.1699056035318742,3.231744971005965,2.562948483220742
2334000,ckZOxVGA15KlICneOKmROPL3iD7pLsQ9cOiOTPozo5ytHCQbXJ1PV54n4kTLE4Sj,2.227851200495929,3.3186078862165824,2.5412130091434024
2334300,ckZOxVGA15KlICneOKmROPL3iD7pLsQ9cOiOTPozo5ytHCQbXJ1PV54n4kTLE4Sj,2.036424653696858,3.1204118994685848,2.4993929976125093
2334600,ckZOxVGA15KlICneOKmROPL3iD7pLsQ9cOiOTPozo5ytHCQbXJ1PV54n4kTLE4Sj,2.1577173612284235,3.2684542356280515,2.5707932320006446
2334900,ckZOxVGA15KlICneOKmROPL3iD7pLsQ9cOiOTPozo5ytHCQbXJ1PV54n4kTLE4Sj,2.1036897985783765,3.3592456759475366,2.5346603723761536
2335200,ckZOxVGA15KlICneOKmROPL3iD7pLsQ9cOiOTPozo5ytHCQbXJ1PV54n4kTLE4Sj,2.22201068986119,3.3285476488715493,2.521280191949043
2335500,ckZOxVGA15KlICneOKmROPL3iD7pLsQ9cOiOTPozo5ytHCQbXJ1PV54n4kTLE4Sj,2.1060816223580163,3.524891192002213,2.500035861977951
2335800,ckZOxVGA15KlICneOKmROPL3iD7pLsQ9cOiOTPozo5ytHCQbXJ1PV54n4kTLE4Sj,2.0750322765967595,3.0121579142494164,2.4191099226341715
2336100,ckZOxVGA15KlICneOKmROPL3iD7pLsQ9cOiOTPozo5ytHCQbXJ1PV54n4kTLE4Sj,2.1090707776813424,3.232142450644476,2.4869726739118083
2336400,ckZOxVGA15KlICneOKmROPL3iD7pLsQ9cOiOTPozo5ytHCQbXJ1PV54n4kTLE4Sj,1.9456012162498049,3.103876633943248,2.4459301204685966
2336700,ckZOxVGA15KlICneOKmROPL3iD7pLsQ9cOiOTPozo5ytHCQbXJ1PV54n4kTLE4Sj,2.0569690708870314,3.1572129793109447,2.4575862013667966
2337000,ckZOxVGA15KlICneOKmROPL3iD7pLsQ9cOiOTPozo5ytHCQbXJ1PV54n4kTLE4Sj,1.9742774983325224,3.361331753776172,2.4499466011543705
2337300,ckZOxVGA15KlICneOKmROPL3iD7pLsQ9cOiOTPozo5ytHCQbXJ1PV54n4kTLE4Sj,2.070273303118579,3.2469049877138305,2.456002212166191
2337600,ckZOxVGA15KlICneOKmROPL3iD7pLsQ9cOiOTPozo5ytHCQbXJ1PV54n4kTLE4Sj,2.0618831605142174,3.2493754782026683,2.469682813695505
2337900,ckZOxVGA15KlICneOKmROPL3iD7pLsQ9cOiOTPozo5ytHCQbXJ1PV54n4kTLE4Sj,2.1070934245911324,3.159942600755151,2.388166428006121
2338200,ckZOxVGA15KlICneOKmROPL3iD7pLsQ9cOiOTPozo5ytHCQbXJ1PV54n4kTLE4Sj,2.0458647199525246,3.164319780224003,2.441163402462878
2338500,ckZOxVGA15KlICneOKmROPL3iD7pLsQ9cOiOTPozo5ytHCQbXJ1PV54n4kTLE4Sj,2.162071124331421,3.3952411327252614,2.4601783145925458
2338800,ckZOxVGA15KlICneOKmROPL3iD7pLsQ9cOiOTPozo5ytHCQbXJ1PV54n4kTLE4Sj,2.0861304177610998,3.1291734786787715,2.46684059542683
2339100,ckZOxVGA15KlICneOKmROPL3iD7pLsQ9cOiOTPozo5ytHCQbXJ1PV54n4kTLE4Sj,2.1518226017084,3.4253737267201165,2.5089450799066597
2339400,ckZOxVGA15KlICneOKmROPL3iD7pLsQ9cOiOTPozo5ytHCQbXJ1PV54n4kTLE4Sj,2.079578291198165,3.153998082164656,2.4982729696223105
2339700,ckZOxVGA15KlICneOKmROPL3iD7pLsQ9cOiOTPozo5ytHCQbXJ1PV54n4kTLE4Sj,2.1574038393236226,3.464318735744323,2.5399852862439367
2340000,ckZOxVGA15KlICneOKmROPL3iD7pLsQ9cOiOTPozo5ytHCQbXJ1PV54n4kTLE4Sj,2.118743729422624,3.313597249124447,2.521916702647352
2340300,ckZOxVGA15KlICneOKmROPL3iD7pLsQ9cOiOTPozo5ytHCQbXJ1PV54n4kTLE4Sj,2.0450376929588527,3.118249941504778,2.5173637671419566
2340600,ckZOxVGA15KlICneOKmROPL3iD7pLsQ9cOiOTPozo5ytHCQbXJ1PV54n4kTLE4Sj,2.177155171397964,3.2398992401865714,2.5206383907268037
2340900,ckZOxVGA15KlICneOKmROPL3iD7pLsQ9cOiOTPozo5ytHCQbXJ1PV54n4kTLE4Sj,2.152576125740796,3.2800173689123957,2.54161556608441
2341200,ckZOxVGA15KlICneOKmROPL3iD7pLsQ9cOiOTPozo5ytHCQbXJ1PV54n4kTLE4Sj,2.2015577739630885,3.17776370353934,2.540582426379334
2341500,ckZOxVGA15KlICneOKmROPL3iD7pLsQ9cOiOTPozo5ytHCQbXJ1PV54n4kTLE4Sj,1.9972506966686567,3.2788345734094437,2.530202800412982
2341800,ckZOxVGA15KlICneOKmROPL3iD7pLsQ9cOiOTPozo5ytHCQbXJ1PV54n4kTLE4Sj,2.224998735520249,3.482711679110622,2.5643291734306075
2342100,ckZOxVGA15KlICneOKmROPL3iD7pLsQ9cOiOTPozo5ytHCQbXJ1PV54n4kTLE4Sj,2.090254911196112,3.355165388886156,2.537828293651627
2342400,ckZOxVGA15KlICneOKmROPL3iD7pLsQ9cOiOTPozo5ytHCQbXJ1PV54n4kTLE4Sj,2.135335762722101,3.3745719107903054,2.5520362015784044
2342700,ckZOxVGA15KlICneOKmROPL3iD7pLsQ9cOiOTPozo5ytHCQbXJ1PV54n4kTLE4Sj,2.239703955524392,3.3844717764210226,2.5647280918323387
2343000,ckZOxVGA15KlICneOKmROPL3iD7pLsQ9cOiOTPozo5ytHCQbXJ1PV54n4kTLE4Sj,2.2122380247405498,3.2616121823102,2.547310821488023
2343300,ckZOxVGA15KlICneOKmROPL3iD7pLsQ9cOiOTPozo5ytHCQbXJ1PV54n4kTLE4Sj,2.226593825681264,3.320899023031014,2.560931345394144
2343600,ckZOxVGA15KlICneOKmROPL3iD7pLsQ9cOiOTPozo5ytHCQbXJ1PV54n4kTLE4Sj,2.119913549979047,3.2554911471845647,2.544672831844182
2343900,ckZOxVGA15KlICneOKmROPL3iD7pLsQ9cOiOTPozo5ytHCQbXJ1PV54n4kTLE4Sj,2.101830715110808,3.287998263101745,2.545355482012668
2344200,ckZOxVGA15KlICneOKmROPL3iD7pLsQ9cOiOTPozo5ytHCQbXJ1PV54n4kTLE4Sj,2.156001751909965,3.2429318444681234,2.5306126946464453
2344500,ckZOxVGA15KlICneOKmROPL3iD7pLsQ9cOiOTPozo5ytHCQbXJ1PV54n4kTLE4Sj,2.2317732650822335,3.124569060294285,2.5442695939729933
2344800,ckZOxVGA15KlICneOKmROPL3iD7pLsQ9cOiOTPozo5ytHCQbXJ1PV54n4kTLE4Sj,2.0701699222241543,3.3389107079025617,2.547427199314635
2345100,ckZOxVGA15KlICneOKmROPL3iD7pLsQ9cOiOTPozo5ytHCQbXJ1PV54n4kTLE4Sj,2.063282917915136,3.2107103069660616,2.5196724652691107
2345400,ckZOxVGA15KlICneOKmROPL3iD7pLsQ9cOiOTPozo5ytHCQbXJ1PV54n4kTLE4Sj,2.101795653053937,3.293921322935333,2.574116122869792
2345700,ckZOxVGA15KlICneOKmROPL3iD7pLsQ9cOiOTPozo5ytHCQbXJ1PV54n4kTLE4Sj,2.156990213354732,3.134557614528291,2.5287356634639195
2346000,ckZOxVGA15KlICneOKmROPL3iD7pLsQ9cOiOTPozo5ytHCQbXJ1PV54n4kTLE4Sj,1.860895164077971,3.830912286839297,2.5768340461643637
2346300,ckZOxVGA15KlICneOKmROPL3iD7pLsQ9cOiOTPozo5ytHCQbXJ1PV54n4kTLE4Sj,1.814271928698358,5.922685920991579,2.902301290119274
2346600,ckZOxVGA15KlICneOKmROPL3iD7pLsQ9cOiOTPozo5ytHCQbXJ1PV54n4kTLE4Sj,2.09835091312645,3.5540251081583083,2.5592000576756693
2346900,ckZOxVGA15KlICneOKmROPL3iD7pLsQ9cOiOTPozo5ytHCQbXJ1PV54n4kTLE4Sj,2.1104430813882704,3.4274161820593827,2.5556016124677154
2347200,ckZOxVGA15KlICneOKmROPL3iD7pLsQ9cOiOTPozo5ytHCQbXJ1PV54n4kTLE4Sj,2.101430157605145,3.2674092553559846,2.5489385025724167
2347500,ckZOxVGA15KlICneOKmROPL3iD7pLsQ9cOiOTPozo5ytHCQbXJ1PV54n4kTLE4Sj,2.0742573678363967,3.1945357691916727,2.5289280900692903
2347800,ckZOxVGA15KlICneOKmROPL3iD7pLsQ9cOiOTPozo5ytHCQbXJ1PV54n4kTLE4Sj,2.18781197480849,3.233335455345551,2.5360114339678703
2348100,ckZOxVGA15KlICneOKmROPL3iD7pLsQ9cOiOTPozo5ytHCQbXJ1PV54n4kTLE4Sj,2.1912151389142527,3.182373357334586,2.5906125192809646
2348400,ckZOxVGA15KlICneOKmROPL3iD7pLsQ9cOiOTPozo5ytHCQbXJ1PV54n4kTLE4Sj,2.133394641070156,3.4242792745762363,2.5496561861502727
2348700,ckZOxVGA15KlICneOKmROPL3iD7pLsQ9cOiOTPozo5ytHCQbXJ1PV54n4kTLE4Sj,2.1965898544345217,3.405788542020084,2.517851521843187
2349000,ckZOxVGA15KlICneOKmROPL3iD7pLsQ9cOiOTPozo5ytHCQbXJ1PV54n4kTLE4Sj,2.093294586719856,3.2216689043089137,2.5432815338086887
2349300,ckZOxVGA15KlICneOKmROPL3iD7pLsQ9cOiOTPozo5ytHCQbXJ1PV54n4kTLE4Sj,2.0261277332891647,3.294323814178333,2.52395255649849
2349600,ckZOxVGA15KlICneOKmROPL3iD7pLsQ9cOiOTPozo5ytHCQbXJ1PV54n4kTLE4Sj,2.2490257055402467,4.164383063090432,2.6710799031650807
2349900,ckZOxVGA15KlICneOKmROPL3iD7pLsQ9cOiOTPozo5ytHCQbXJ1PV54n4kTLE4Sj,2.1385563739198683,3.3735934643798684,2.546936845983864
2350200,ckZOxVGA15KlICneOKmROPL3iD7pLsQ9cOiOTPozo5ytHCQbXJ1PV54n4kTLE4Sj,2.1332900785530087,7.586525155978077,2.91843888996343
2350500,ckZOxVGA15KlICneOKmROPL3iD7pLsQ9cOiOTPozo5ytHCQbXJ1PV54n4kTLE4Sj,2.090233905141317,3.178520886980841,2.4318941533621383
2350800,ckZOxVGA15KlICneOKmROPL3iD7pLsQ9cOiOTPozo5ytHCQbXJ1PV54n4kTLE4Sj,2.088880110098116,3.0065945215923024,2.4411422865997308
2351100,ckZOxVGA15KlICneOKmROPL3iD7pLsQ9cOiOTPozo5ytHCQbXJ1PV54n4kTLE4Sj,2.060718418190552,3.685516291809816,2.592325458699952
2351400,ckZOxVGA15KlICneOKmROPL3iD7pLsQ9cOiOTPozo5ytHCQbXJ1PV54n4kTLE4Sj,2.070201530762125,3.2996120198452275,2.447201507412298
2351700,ckZOxVGA15KlICneOKmROPL3iD7pLsQ9cOiOTPozo5ytHCQbXJ1PV54n4kTLE4Sj,2.1230305253626867,3.4776102342918205,2.5071482012352178
2352000,ckZOxVGA15KlICneOKmROPL3iD7pLsQ9cOiOTPozo5ytHCQbXJ1PV54n4kTLE4Sj,2.03615026976389,3.2682535360421863,2.516028453672038
2352300,ckZOxVGA15KlICneOKmROPL3iD7pLsQ9cOiOTPozo5ytHCQbXJ1PV54n4kTLE4Sj,2.1817559295933457,3.314983328371369,2.4920535273212607
2352600,ckZOxVGA15KlICneOKmROPL3iD7pLsQ9cOiOTPozo5ytHCQbXJ1PV54n4kTLE4Sj,2.1955629681311386,3.301764289055978,2.6075832187060604
2352900,ckZOxVGA15KlICneOKmROPL3iD7pLsQ9cOiOTPozo5ytHCQbXJ1PV54n4kTLE4Sj,2.2244845685799106,3.5292014998660077,2.569010341437655
2353200,ckZOxVGA15KlICneOKmROPL3iD7pLsQ9cOiOTPozo5ytHCQbXJ1PV54n4kTLE4Sj,2.1826801290886158,3.609754703069386,2.582532431016441
2353500,ckZOxVGA15KlICneOKmROPL3iD7pLsQ9cOiOTPozo5ytHCQbXJ1PV54n4kTLE4Sj,2.2002519225687247,3.499329190222624,2.5940139622914145
2353800,ckZOxVGA15KlICneOKmROPL3iD7pLsQ9cOiOTPozo5ytHCQbXJ1PV54n4kTLE4Sj,2.2161024535747607,3.2473310114354224,2.5609051300894468
2354100,ckZOxVGA15KlICneOKmROPL3iD7pLsQ9cOiOTPozo5ytHCQbXJ1PV54n4kTLE4Sj,2.3043088117552397,3.1839085758899466,2.6277092128826007
2354400,ckZOxVGA15KlICneOKmROPL3iD7pLsQ9cOiOTPozo5ytHCQbXJ1PV54n4kTLE4Sj,2.2543993189891287,3.364802093822066,2.6675700781963414
2354700,ckZOxVGA15KlICneOKmROPL3iD7pLsQ9cOiOTPozo5ytHCQbXJ1PV54n4kTLE4Sj,2.2800380719512967,3.47995457865983,2.640608570838399
2355000,ckZOxVGA15KlICneOKmROPL3iD7pLsQ9cOiOTPozo5ytHCQbXJ1PV54n4kTLE4Sj,2.305821907403095,3.281869320730421,2.621978934053588
2355300,ckZOxVGA15KlICneOKmROPL3iD7pLsQ9cOiOTPozo5ytHCQbXJ1PV54n4kTLE4Sj,2.1909919081219167,3.3717078289219047,2.633897166070595
2355600,ckZOxVGA15KlICneOKmROPL3iD7pLsQ9cOiOTPozo5ytHCQbXJ1PV54n4kTLE4Sj,2.151558245192884,3.5452941641476285,2.610436509849472
2355900,ckZOxVGA15KlICneOKmROPL3iD7pLsQ9cOiOTPozo5ytHCQbXJ1PV54n4kTLE4Sj,1.9604659363427304,3.2102939751491992,2.526931281110686
2356200,ckZOxVGA15KlICneOKmROPL3iD7pLsQ9cOiOTPozo5ytHCQbXJ1PV54n4kTLE4Sj,2.2741111105220786,3.263497722400832,2.6011170743612526
2356500,ckZOxVGA15KlICneOKmROPL3iD7pLsQ9cOiOTPozo5ytHCQbXJ1PV54n4kTLE4Sj,2.1722020171068714,3.592959399330394,2.613631555818181
2356800,ckZOxVGA15KlICneOKmROPL3iD7pLsQ9cOiOTPozo5ytHCQbXJ1PV54n4kTLE4Sj,2.098483182476629,3.2773598246394675,2.5578828898179102
2357100,ckZOxVGA15KlICneOKmROPL3iD7pLsQ9cOiOTPozo5ytHCQbXJ1PV54n4kTLE4Sj,2.1438026909416603,3.3282446848088343,2.6055276306612427
2357400,ckZOxVGA15KlICneOKmROPL3iD7pLsQ9cOiOTPozo5ytHCQbXJ1PV54n4kTLE4Sj,2.2962881834388758,3.419667362719233,2.5923629382654623
2357700,ckZOxVGA15KlICneOKmROPL3iD7pLsQ9cOiOTPozo5ytHCQbXJ1PV54n4kTLE4Sj,2.28992489066198,3.4330788043576166,2.6200700622215694
2358000,ckZOxVGA15KlICneOKmROPL3iD7pLsQ9cOiOTPozo5ytHCQbXJ1PV54n4kTLE4Sj,2.185631046963876,3.504494803410332,2.6163755924415306
2358300,ckZOxVGA15KlICneOKmROPL3iD7pLsQ9cOiOTPozo5ytHCQbXJ1PV54n4kTLE4Sj,2.2741577501739068,3.5783668784443257,2.5894703752361847
2358600,ckZOxVGA15KlICneOKmROPL3iD7pLsQ9cOiOTPozo5ytHCQbXJ1PV54n4kTLE4Sj,2.086230458517172,3.421071962405521,2.5771933130881437
2358900,ckZOxVGA15KlICneOKmROPL3iD7pLsQ9cOiOTPozo5ytHCQbXJ1PV54n4kTLE4Sj,2.2141653655725237,3.585451727062408,2.606909863753087
2359200,ckZOxVGA15KlICneOKmROPL3iD7pLsQ9cOiOTPozo5ytHCQbXJ1PV54n4kTLE4Sj,2.180026387049933,3.2581382230971663,2.5926843036921974
2359500,ckZOxVGA15KlICneOKmROPL3iD7pLsQ9cOiOTPozo5ytHCQbXJ1PV54n4kTLE4Sj,2.1365909817334727,3.244311380902118,2.538443536247647
2359800,ckZOxVGA15KlICneOKmROPL3iD7pLsQ9cOiOTPozo5ytHCQbXJ1PV54n4kTLE4Sj,2.1616508188431456,3.2632569145369605,2.603452090999535
2360100,ckZOxVGA15KlICneOKmROPL3iD7pLsQ9cOiOTPozo5ytHCQbXJ1PV54n4kTLE4Sj,2.190805625594141,3.3748609367376616,2.5593981961576406
2360400,ckZOxVGA15KlICneOKmROPL3iD7pLsQ9cOiOTPozo5ytHCQbXJ1PV54n4kTLE4Sj,2.16399490359974,3.438302314134737,2.5257318887080533
2360700,ckZOxVGA15KlICneOKmROPL3iD7pLsQ9cOiOTPozo5ytHCQbXJ1PV54n4kTLE4Sj,2.191474554351511,3.1601754827602906,2.54107704037761
2361000,ckZOxVGA15KlICneOKmROPL3iD7pLsQ9cOiOTPozo5ytHCQbXJ1PV54n4kTLE4Sj,2.111716311544602,3.202299469948706,2.523605879323244
2361300,ckZOxVGA15KlICneOKmROPL3iD7pLsQ9cOiOTPozo5ytHCQbXJ1PV54n4kTLE4Sj,2.163017531288526,3.406119638007928,2.528906119655046
2361600,ckZOxVGA15KlICneOKmROPL3iD7pLsQ9cOiOTPozo5ytHCQbXJ1PV54n4kTLE4Sj,2.0987248174567563,3.241018128878544,2.5536536558075573
2361900,ckZOxVGA15KlICneOKmROPL3iD7pLsQ9cOiOTPozo5ytHCQbXJ1PV54n4kTLE4Sj,2.2609094423854352,3.243227989603122,2.58836477437868
2362200,ckZOxVGA15KlICneOKmROPL3iD7pLsQ9cOiOTPozo5ytHCQbXJ1PV54n4kTLE4Sj,2.2546918865117567,3.4220781081197886,2.61125027079609
2362500,ckZOxVGA15KlICneOKmROPL3iD7pLsQ9cOiOTPozo5ytHCQbXJ1PV54n4kTLE4Sj,2.1630594169327484,3.4780513273491467,2.6069386284330944
2362800,ckZOxVGA15KlICneOKmROPL3iD7pLsQ9cOiOTPozo5ytHCQbXJ1PV54n4kTLE4Sj,2.246535539407892,3.2765596690124807,2.5737067329601686
2363100,ckZOxVGA15KlICneOKmROPL3iD7pLsQ9cOiOTPozo5ytHCQbXJ1PV54n4kTLE4Sj,2.210229036577904,3.347001381434457,2.5962657842478656
2363400,ckZOxVGA15KlICneOKmROPL3iD7pLsQ9cOiOTPozo5ytHCQbXJ1PV54n4kTLE4Sj,2.1988853353166995,3.1853687132537685,2.6342056812326686
2363700,ckZOxVGA15KlICneOKmROPL3iD7pLsQ9cOiOTPozo5ytHCQbXJ1PV54n4kTLE4Sj,2.1701012709259846,3.2917778681511463,2.592316559637394
2364000,ckZOxVGA15KlICneOKmROPL3iD7pLsQ9cOiOTPozo5ytHCQbXJ1PV54n4kTLE4Sj,1.7286200777751153,4.008898237301966,2.640385070313988
2364300,ckZOxVGA15KlICneOKmROPL3iD7pLsQ9cOiOTPozo5ytHCQbXJ1PV54n4kTLE4Sj,1.9063036435574976,4.45400770071867,2.6040749324894854
2364600,ckZOxVGA15KlICneOKmROPL3iD7pLsQ9cOiOTPozo5ytHCQbXJ1PV54n4kTLE4Sj,2.171543755653488,3.6471209347533855,2.647842861730406
2364900,ckZOxVGA15KlICneOKmROPL3iD7pLsQ9cOiOTPozo5ytHCQbXJ1PV54n4kTLE4Sj,1.968802861605764,3.347120349740736,2.509155614900696
2365200,ckZOxVGA15KlICneOKmROPL3iD7pLsQ9cOiOTPozo5ytHCQbXJ1PV54n4kTLE4Sj,2.051943450977349,3.217703480921821,2.476885379614747
2365500,ckZOxVGA15KlICneOKmROPL3iD7pLsQ9cOiOTPozo5ytHCQbXJ1PV54n4kTLE4Sj,2.10036766992342,3.43935213582668,2.543673431487303
2365800,ckZOxVGA15KlICneOKmROPL3iD7pLsQ9cOiOTPozo5ytHCQbXJ1PV54n4kTLE4Sj,2.049764516242248,3.404087465292764,2.513813240045724
2366100,ckZOxVGA15KlICneOKmROPL3iD7pLsQ9cOiOTPozo5ytHCQbXJ1PV54n4kTLE4Sj,2.0629852010701666,3.36778090532056,2.578460305305916
2366400,ckZOxVGA15KlICneOKmROPL3iD7pLsQ9cOiOTPozo5ytHCQbXJ1PV54n4kTLE4Sj,2.2532849418063763,3.48779140538566,2.6081660050713764
2366700,ckZOxVGA15KlICneOKmROPL3iD7pLsQ9cOiOTPozo5ytHCQbXJ1PV54n4kTLE4Sj,2.214640511096317,3.152107084346542,2.561207995559309
2367000,ckZOxVGA15KlICneOKmROPL3iD7pLsQ9cOiOTPozo5ytHCQbXJ1PV54n4kTLE4Sj,2.2843138639170526,3.523435335115201,2.6295128548007525
2367300,ckZOxVGA15KlICneOKmROPL3iD7pLsQ9cOiOTPozo5ytHCQbXJ1PV54n4kTLE4Sj,2.264910934052946,3.3860967354193257,2.5789414898323613
2367600,ckZOxVGA15KlICneOKmROPL3iD7pLsQ9cOiOTPozo5ytHCQbXJ1PV54n4kTLE4Sj,2.2384691256763576,3.342539347596295,2.601479969678668
2367900,ckZOxVGA15KlICneOKmROPL3iD7pLsQ9cOiOTPozo5ytHCQbXJ1PV54n4kTLE4Sj,2.213663052028294,3.4005857924363947,2.5933886717609127
2368200,ckZOxVGA15KlICneOKmROPL3iD7pLsQ9cOiOTPozo5ytHCQbXJ1PV54n4kTLE4Sj,2.2228399492861697,3.3213974737232066,2.6092918016725415
2368500,ckZOxVGA15KlICneOKmROPL3iD7pLsQ9cOiOTPozo5ytHCQbXJ1PV54n4kTLE4Sj,2.2383970618009155,3.3062211274166478,2.5441989328828702
2368800,ckZOxVGA15KlICneOKmROPL3iD7pLsQ9cOiOTPozo5ytHCQbXJ1PV54n4kTLE4Sj,2.1491260762310387,3.227239735842305,2.5792838918517247
2369100,ckZOxVGA15KlICneOKmROPL3iD7pLsQ9cOiOTPozo5ytHCQbXJ1PV54n4kTLE4Sj,2.1547494575190784,3.2680945566765707,2.5315562215810146
2369400,ckZOxVGA15KlICneOKmROPL3iD7pLsQ9cOiOTPozo5ytHCQbXJ1PV54n4kTLE4Sj,2.2445212109324637,3.22016740306009,2.5738138882556343
2369700,ckZOxVGA15KlICneOKmROPL3iD7pLsQ9cOiOTPozo5ytHCQbXJ1PV54n4kTLE4Sj,2.1419596010439808,3.538809129342413,2.603417078899418
2370000,ckZOxVGA15KlICneOKmROPL3iD7pLsQ9cOiOTPozo5ytHCQbXJ1PV54n4kTLE4Sj,2.138966485562092,3.2491027845702085,2.5346245939115724
2370300,ckZOxVGA15KlICneOKmROPL3iD7pLsQ9cOiOTPozo5ytHCQbXJ1PV54n4kTLE4Sj,2.0850058468927544,3.4324257434579044,2.5236754786964046
2370600,ckZOxVGA15KlICneOKmROPL3iD7pLsQ9cOiOTPozo5ytHCQbXJ1PV54n4kTLE4Sj,2.264367021976839,3.434876552450138,2.611563910749028
2370900,ckZOxVGA15KlICneOKmROPL3iD7pLsQ9cOiOTPozo5ytHCQbXJ1PV54n4kTLE4Sj,2.131272252019889,3.516256328957492,2.5706950290203
2371200,ckZOxVGA15KlICneOKmROPL3iD7pLsQ9cOiOTPozo5ytHCQbXJ1PV54n4kTLE4Sj,2.2325558992098573,3.800780476462773,2.594347748487402
2371500,ckZOxVGA15KlICneOKmROPL3iD7pLsQ9cOiOTPozo5ytHCQbXJ1PV54n4kTLE4Sj,2.1552658875694366,3.3730166834385256,2.596592568985796
2371800,ckZOxVGA15KlICneOKmROPL3iD7pLsQ9cOiOTPozo5ytHCQbXJ1PV54n4kTLE4Sj,2.224924692591727,3.412129294961912,2.570314927245803
2372100,ckZOxVGA15KlICneOKmROPL3iD7pLsQ9cOiOTPozo5ytHCQbXJ1PV54n4kTLE4Sj,2.250952111591692,3.4948937601144414,2.607042471966418
2372400,ckZOxVGA15KlICneOKmROPL3iD7pLsQ9cOiOTPozo5ytHCQbXJ1PV54n4kTLE4Sj,2.1242726885135075,3.6165735438114464,2.597707187120715
2372700,ckZOxVGA15KlICneOKmROPL3iD7pLsQ9cOiOTPozo5ytHCQbXJ1PV54n4kTLE4Sj,2.1771488654155027,3.3336214300220086,2.606027320683717
2373000,ckZOxVGA15KlICneOKmROPL3iD7pLsQ9cOiOTPozo5ytHCQbXJ1PV54n4kTLE4Sj,2.156619737742057,3.22587754777222,2.605454154003959
2373300,ckZOxVGA15KlICneOKmROPL3iD7pLsQ9cOiOTPozo5ytHCQbXJ1PV54n4kTLE4Sj,2.2566766111029866,3.46708841499861,2.596620994496658
2373600,ckZOxVGA15KlICneOKmROPL3iD7pLsQ9cOiOTPozo5ytHCQbXJ1PV54n4kTLE4Sj,2.1539584441808666,3.448785977855081,2.5948637143872597
2373900,ckZOxVGA15KlICneOKmROPL3iD7pLsQ9cOiOTPozo5ytHCQbXJ1PV54n4kTLE4Sj,2.1642466966768312,3.657411404687634,2.5558859280572963
2374200,ckZOxVGA15KlICneOKmROPL3iD7pLsQ9cOiOTPozo5ytHCQbXJ1PV54n4kTLE4Sj,2.223936385264867,3.190138201917535,2.5718816448881743
2374500,ckZOxVGA15KlICneOKmROPL3iD7pLsQ9cOiOTPozo5ytHCQbXJ1PV54n4kTLE4Sj,2.0684946356076237,3.212243787815626,2.523144573464431
2374800,ckZOxVGA15KlICneOKmROPL3iD7pLsQ9cOiOTPozo5ytHCQbXJ1PV54n4kTLE4Sj,2.0614654792999247,3.5391375866792005,2.610658401318243
2375100,ckZOxVGA15KlICneOKmROPL3iD7pLsQ9cOiOTPozo5ytHCQbXJ1PV54n4kTLE4Sj,2.2411750442982865,3.329385887948321,2.5956831029776013
2375400,ckZOxVGA15KlICneOKmROPL3iD7pLsQ9cOiOTPozo5ytHCQbXJ1PV54n4kTLE4Sj,2.2440629746784237,3.317667501532557,2.6112602263514204
2375700,ckZOxVGA15KlICneOKmROPL3iD7pLsQ9cOiOTPozo5ytHCQbXJ1PV54n4kTLE4Sj,2.327019451444229,3.5016635500352127,2.5669512678771427
2376000,ckZOxVGA15KlICneOKmROPL3iD7pLsQ9cOiOTPozo5ytHCQbXJ1PV54n4kTLE4Sj,2.1127922567251587,3.2076894564328,2.550750861062588
2376300,ckZOxVGA15KlICneOKmROPL3iD7pLsQ9cOiOTPozo5ytHCQbXJ1PV54n4kTLE4Sj,2.2038649691724714,3.276761656853871,2.559318457037341
2376600,ckZOxVGA15KlICneOKmROPL3iD7pLsQ9cOiOTPozo5ytHCQbXJ1PV54n4kTLE4Sj,2.1413676242751927,3.1656504866216366,2.434132715148396
2376900,ckZOxVGA15KlICneOKmROPL3iD7pLsQ9cOiOTPozo5ytHCQbXJ1PV54n4kTLE4Sj,2.206558465741153,3.3322122468286217,2.550927745691247
2377200,ckZOxVGA15KlICneOKmROPL3iD7pLsQ9cOiOTPozo5ytHCQbXJ1PV54n4kTLE4Sj,2.242828010273077,3.233971839434997,2.54328538219894
2377500,ckZOxVGA15KlICneOKmROPL3iD7pLsQ9cOiOTPozo5ytHCQbXJ1PV54n4kTLE4Sj,2.127679277478045,3.343065493042192,2.5184159706729767
2377800,ckZOxVGA15KlICneOKmROPL3iD7pLsQ9cOiOTPozo5ytHCQbXJ1PV54n4kTLE4Sj,2.26320715265457,3.2817845096062928,2.550502967326669
2378100,ckZOxVGA15KlICneOKmROPL3iD7pLsQ9cOiOTPozo5ytHCQbXJ1PV54n4kTLE4Sj,2.1037289071914924,3.1936480607958955,2.522060755906705
2378400,ckZOxVGA15KlICneOKmROPL3iD7pLsQ9cOiOTPozo5ytHCQbXJ1PV54n4kTLE4Sj,2.242181193780004,3.3340360185467834,2.509459578248902
2378700,ckZOxVGA15KlICneOKmROPL3iD7pLsQ9cOiOTPozo5ytHCQbXJ1PV54n4kTLE4Sj,2.0755662380391526,3.5397636684823173,2.518223711999171
2379000,ckZOxVGA15KlICneOKmROPL3iD7pLsQ9cOiOTPozo5ytHCQbXJ1PV54n4kTLE4Sj,2.2148782553314414,3.2417420405452613,2.52481609996666
2379300,ckZOxVGA15KlICneOKmROPL3iD7pLsQ9cOiOTPozo5ytHCQbXJ1PV54n4kTLE4Sj,2.103711544490197,3.44477331546507,2.5793026320263746
2379600,ckZOxVGA15KlICneOKmROPL3iD7pLsQ9cOiOTPozo5ytHCQbXJ1PV54n4kTLE4Sj,2.1988039893394395,3.2739381503434988,2.6087268562098287
2379900,ckZOxVGA15KlICneOKmROPL3iD7pLsQ9cOiOTPozo5ytHCQbXJ1PV54n4kTLE4Sj,2.2864325308643294,3.2548305204129253,2.592257565756664
2380200,ckZOxVGA15KlICneOKmROPL3iD7pLsQ9cOiOTPozo5ytHCQbXJ1PV54n4kTLE4Sj,2.1571923366625,3.44924928613862,2.581338101319256
2380500,ckZOxVGA15KlICneOKmROPL3iD7pLsQ9cOiOTPozo5ytHCQbXJ1PV54n4kTLE4Sj,2.303213993508019,3.1360706646534635,2.6072555521453755
2380800,ckZOxVGA15KlICneOKmROPL3iD7pLsQ9cOiOTPozo5ytHCQbXJ1PV54n4kTLE4Sj,2.198701691079392,3.5259850610420425,2.590351320087706
2381100,ckZOxVGA15KlICneOKmROPL3iD7pLsQ9cOiOTPozo5ytHCQbXJ1PV54n4kTLE4Sj,2.043593258906105,3.3349449514174925,2.440242213925236
2381400,ckZOxVGA15KlICneOKmROPL3iD7pLsQ9cOiOTPozo5ytHCQbXJ1PV54n4kTLE4Sj,2.0304061408803924,3.00768946710906,2.4349387771020465
2381700,ckZOxVGA15KlICneOKmROPL3iD7pLsQ9cOiOTPozo5ytHCQbXJ1PV54n4kTLE4Sj,2.089521121148012,3.2549832902973863,2.4309533604601192
2382000,ckZOxVGA15KlICneOKmROPL3iD7pLsQ9cOiOTPozo5ytHCQbXJ1PV54n4kTLE4Sj,1.8933655983135536,4.289933216091897,2.5956764812948565
2382300,ckZOxVGA15KlICneOKmROPL3iD7pLsQ9cOiOTPozo5ytHCQbXJ1PV54n4kTLE4Sj,1.8610938930684875,6.834348443155154,3.011014346675185
2382600,ckZOxVGA15KlICneOKmROPL3iD7pLsQ9cOiOTPozo5ytHCQbXJ1PV54n4kTLE4Sj,2.03473321955323,3.7230124668309896,2.583621161792064
2382900,ckZOxVGA15KlICneOKmROPL3iD7pLsQ9cOiOTPozo5ytHCQbXJ1PV54n4kTLE4Sj,2.1290392660092015,3.6694230658653466,2.567378973244896
2383200,ckZOxVGA15KlICneOKmROPL3iD7pLsQ9cOiOTPozo5ytHCQbXJ1PV54n4kTLE4Sj,2.155683386442401,3.33220744301689,2.586150800004164
2383500,ckZOxVGA15KlICneOKmROPL3iD7pLsQ9cOiOTPozo5ytHCQbXJ1PV54n4kTLE4Sj,2.147181372656843,3.118763590569431,2.529902085796831
2383800,ckZOxVGA15KlICneOKmROPL3iD7pLsQ9cOiOTPozo5ytHCQbXJ1PV54n4kTLE4Sj,2.085878773106305,3.3629596373133506,2.5516168689431975
2384100,ckZOxVGA15KlICneOKmROPL3iD7pLsQ9cOiOTPozo5ytHCQbXJ1PV54n4kTLE4Sj,2.147226633884308,3.2052214934076915,2.5335423089452744
2384400,ckZOxVGA15KlICneOKmROPL3iD7pLsQ9cOiOTPozo5ytHCQbXJ1PV54n4kTLE4Sj,2.131331355994283,2.9868010060964645,2.4768599220529195
2384700,ckZOxVGA15KlICneOKmROPL3iD7pLsQ9cOiOTPozo5ytHCQbXJ1PV54n4kTLE4Sj,1.9446540576721436,3.0763036540281004,2.4444456404620687
2385000,ckZOxVGA15KlICneOKmROPL3iD7pLsQ9cOiOTPozo5ytHCQbXJ1PV54n4kTLE4Sj,2.044845707508104,2.9801545817703827,2.482165131407033
2385300,ckZOxVGA15KlICneOKmROPL3iD7pLsQ9cOiOTPozo5ytHCQbXJ1PV54n4kTLE4Sj,1.9839575789872477,3.268880634952568,2.442763085287524
2385600,ckZOxVGA15KlICneOKmROPL3iD7pLsQ9cOiOTPozo5ytHCQbXJ1PV54n4kTLE4Sj,2.0353291232600457,2.991356562856516,2.372415262582276
2385900,ckZOxVGA15KlICneOKmROPL3iD7pLsQ9cOiOTPozo5ytHCQbXJ1PV54n4kTLE4Sj,2.029238298599614,3.0970234748505536,2.498799786662484
2386200,ckZOxVGA15KlICneOKmROPL3iD7pLsQ9cOiOTPozo5ytHCQbXJ1PV54n4kTLE4Sj,2.0247735688848816,3.21885300070782,2.464769447234948
2386500,ckZOxVGA15KlICneOKmROPL3iD7pLsQ9cOiOTPozo5ytHCQbXJ1PV54n4kTLE4Sj,2.0352067384447072,3.179397465356361,2.4462302964416454
2386800,ckZOxVGA15KlICneOKmROPL3iD7pLsQ9cOiOTPozo5ytHCQbXJ1PV54n4kTLE4Sj,2.079785778359851,3.211102390152175,2.4154468379356655
2387100,ckZOxVGA15KlICneOKmROPL3iD7pLsQ9cOiOTPozo5ytHCQbXJ1PV54n4kTLE4Sj,2.0915717097335547,2.921145662893508,2.421437212334052
2387400,ckZOxVGA15KlICneOKmROPL3iD7pLsQ9cOiOTPozo5ytHCQbXJ1PV54n4kTLE4Sj,1.9088379601254573,3.132479404516011,2.437429273310607
2387700,7pPCMOKxcej1YVIvrUGOYDzSliLLcSRdTnyF6Dtau6aIb+mR9zz+WBoaqvBP1EgM,24.431516176581,47.875501805318514,37.79922899712902
2388000,7pPCMOKxcej1YVIvrUGOYDzSliLLcSRdTnyF6Dtau6aIb+mR9zz+WBoaqvBP1EgM,32.22519072620067,54.832565493190415,41.475612523800585
2388300,7pPCMOKxcej1YVIvrUGOYDzSliLLcSRdTnyF6Dtau6aIb+mR9zz+WBoaqvBP1EgM,26.766844836626447,51.6260750815429,38.02740392723304
2388600,7pPCMOKxcej1YVIvrUGOYDzSliLLcSRdTnyF6Dtau6aIb+mR9zz+WBoaqvBP1EgM,25.900120152179543,44.52712071856912,34.74188074664166
2388900,7pPCMOKxcej1YVIvrUGOYDzSliLLcSRdTnyF6Dtau6aIb+mR9zz+WBoaqvBP1EgM,28.034142956714813,53.12538298784053,38.25311492451166
2389200,7pPCMOKxcej1YVIvrUGOYDzSliLLcSRdTnyF6Dtau6aIb+mR9zz+WBoaqvBP1EgM,24.94136879803013,49.34444061555631,37.445469371010255
2389500,7pPCMOKxcej1YVIvrUGOYDzSliLLcSRdTnyF6Dtau6aIb+mR9zz+WBoaqvBP1EgM,28.056108551790203,48.63084326108161,35.45756839934346
2389800,7pPCMOKxcej1YVIvrUGOYDzSliLLcSRdTnyF6Dtau6aIb+mR9zz+WBoaqvBP1EgM,26.22086416667301,46.53873898094301,38.59437218521874
2390100,7pPCMOKxcej1YVIvrUGOYDzSliLLcSRdTnyF6Dtau6aIb+mR9zz+WBoaqvBP1EgM,30.525146035446,50.454673757059375,40.424490641082926
2390400,7pPCMOKxcej1YVIvrUGOYDzSliLLcSRdTnyF6Dtau6aIb+mR9zz+WBoaqvBP1EgM,30.884112949089392,49.099589800256624,39.29906401056285
2390700,7pPCMOKxcej1YVIvrUGOYDzSliLLcSRdTnyF6Dtau6aIb+mR9zz+WBoaqvBP1EgM,23.19938032806136,59.114889813496205,41.85404310827092
2391000,7pPCMOKxcej1YVIvrUGOYDzSliLLcSRdTnyF6Dtau6aIb+mR9zz+WBoaqvBP1EgM,28.751044456377446,44.45564258880264,36.572503814161074
2391300,7pPCMOKxcej1YVIvrUGOYDzSliLLcSRdTnyF6Dtau6aIb+mR9zz+WBoaqvBP1EgM,14.481972090936262,67.08066965775075,38.8533919808738
2391600,7pPCMOKxcej1YVIvrUGOYDzSliLLcSRdTnyF6Dtau6aIb+mR9zz+WBoaqvBP1EgM,30.601099835385263,45.0919707998701,38.585938681429255
2391900,7pPCMOKxcej1YVIvrUGOYDzSliLLcSRdTnyF6Dtau6aIb+mR9zz+WBoaqvBP1EgM,32.89692277470969,47.60690714095148,40.995820779092654
2392200,7pPCMOKxcej1YVIvrUGOYDzSliLLcSRdTnyF6Dtau6aIb+mR9zz+WBoaqvBP1EgM,36.21298079433617,47.7583096812547,40.745518532055605
2392500,7pPCMOKxcej1YVIvrUGOYDzSliLLcSRdTnyF6Dtau6aIb+mR9zz+WBoaqvBP1EgM,30.181754137391057,57.07946213925274,45.836653983588285
2392800,7pPCMOKxcej1YVIvrUGOYDzSliLLcSRdTnyF6Dtau6aIb+mR9zz+WBoaqvBP1EgM,38.36230308671329,56.86601549674606,46.60730243435099
2393100,7pPCMOKxcej1YVIvrUGOYDzSliLLcSRdTnyF6Dtau6aIb+mR9zz+WBoaqvBP1EgM,43.21182998915463,71.90829767011812,55.580648751326784
2393400,7pPCMOKxcej1YVIvrUGOYDzSliLLcSRdTnyF6Dtau6aIb+mR9zz+WBoaqvBP1EgM,41.77132650151517,62.684418841787405,51.66953303874904
2393700,7pPCMOKxcej1YVIvrUGOYDzSliLLcSRdTnyF6Dtau6aIb+mR9zz+WBoaqvBP1EgM,39.6996659400333,64.94527720371133,50.90855862187604
2394000,7pPCMOKxcej1YVIvrUGOYDzSliLLcSRdTnyF6Dtau6aIb+mR9zz+WBoaqvBP1EgM,34.008338396675235,66.79997629060827,54.66317056167319
2394300,7pPCMOKxcej1YVIvrUGOYDzSliLLcSRdTnyF6Dtau6aIb+mR9zz+WBoaqvBP1EgM,30.95350704088823,72.40351021382352,59.72234960003988
2394600,7pPCMOKxcej1YVIvrUGOYDzSliLLcSRdTnyF6Dtau6aIb+mR9zz+WBoaqvBP1EgM,38.31924052114979,51.93118069783052,45.21302770253309
2394900,7pPCMOKxcej1YVIvrUGOYDzSliLLcSRdTnyF6Dtau6aIb+mR9zz+WBoaqvBP1EgM,32.83791402794689,45.35909528570717,38.33592450345269
2395200,7pPCMOKxcej1YVIvrUGOYDzSliLLcSRdTnyF6Dtau6aIb+mR9zz+WBoaqvBP1EgM,30.75278145966908,44.10952936600589,38.28905903837558
2395500,7pPCMOKxcej1YVIvrUGOYDzSliLLcSRdTnyF6Dtau6aIb+mR9zz+WBoaqvBP1EgM,30.031690889534335,50.65295378749828,40.24332190739704
2395800,7pPCMOKxcej1YVIvrUGOYDzSliLLcSRdTnyF6Dtau6aIb+mR9zz+WBoaqvBP1EgM,26.02809567966116,46.41871461738157,34.47729423090394
2396100,7pPCMOKxcej1YVIvrUGOYDzSliLLcSRdTnyF6Dtau6aIb+mR9zz+WBoaqvBP1EgM,28.483415516264625,52.47530547678597,38.42727389970613
2396400,7pPCMOKxcej1YVIvrUGOYDzSliLLcSRdTnyF6Dtau6aIb+mR9zz+WBoaqvBP1EgM,27.858996954745614,42.450309421114,36.293916083936715
2396700,7pPCMOKxcej1YVIvrUGOYDzSliLLcSRdTnyF6Dtau6aIb+mR9zz+WBoaqvBP1EgM,35.10966510713596,52.84223971068638,43.56276449635623
2397000,7pPCMOKxcej1YVIvrUGOYDzSliLLcSRdTnyF6Dtau6aIb+mR9zz+WBoaqvBP1EgM,25.710506494258706,50.08786344136709,38.15746392912612
2397300,7pPCMOKxcej1YVIvrUGOYDzSliLLcSRdTnyF6Dtau6aIb+mR9zz+WBoaqvBP1EgM,29.156452922907935,51.61662565681623,41.29614856326886
2397600,7pPCMOKxcej1YVIvrUGOYDzSliLLcSRdTnyF6Dtau6aIb+mR9zz+WBoaqvBP1EgM,28.61057258397237,55.98035525718837,44.32598754205016
2397900,7pPCMOKxcej1YVIvrUGOYDzSliLLcSRdTnyF6Dtau6aIb+mR9zz+WBoaqvBP1EgM,31.63813803990549,57.21428438634099,41.73622778996137
2398200,7pPCMOKxcej1YVIvrUGOYDzSliLLcSRdTnyF6Dtau6aIb+mR9zz+WBoaqvBP1EgM,36.37406373318623,51.98698355992999,45.6125560238603
2398500,7pPCMOKxcej1YVIvrUGOYDzSliLLcSRdTnyF6Dtau6aIb+mR9zz+WBoaqvBP1EgM,43.79219977749949,68.15271372058771,54.328373082080475
2398800,7pPCMOKxcej1YVIvrUGOYDzSliLLcSRdTnyF6Dtau6aIb+mR9zz+WBoaqvBP1EgM,44.123304067633,69.86158898487422,54.33469779762618
2399100,7pPCMOKxcej1YVIvrUGOYDzSliLLcSRdTnyF6Dtau6aIb+mR9zz+WBoaqvBP1EgM,47.922676706154434,80.55782737275965,60.85167855130848
2399400,7pPCMOKxcej1YVIvrUGOYDzSliLLcSRdTnyF6Dtau6aIb+mR9zz+WBoaqvBP1EgM,40.84943837646042,83.03555945974028,58.20156368399371
2399700,7pPCMOKxcej1YVIvrUGOYDzSliLLcSRdTnyF6Dtau6aIb+mR9zz+WBoaqvBP1EgM,45.78307704491409,63.85600595625717,54.128317721331406
2400000,7pPCMOKxcej1YVIvrUGOYDzSliLLcSRdTnyF6Dtau6aIb+mR9zz+WBoaqvBP1EgM,46.22616411782472,77.89464591722421,63.47784000840262
2400300,7pPCMOKxcej1YVIvrUGOYDzSliLLcSRdTnyF6Dtau6aIb+mR9zz+WBoaqvBP1EgM,43.107829201095534,69.09431037353772,57.57810165750991
2400600,7pPCMOKxcej1YVIvrUGOYDzSliLLcSRdTnyF6Dtau6aIb+mR9zz+WBoaqvBP1EgM,54.68731011516363,72.81053276450363,62.06866037898646
2400900,7pPCMOKxcej1YVIvrUGOYDzSliLLcSRdTnyF6Dtau6aIb+mR9zz+WBoaqvBP1EgM,44.06965804133846,72.04127370455359,59.87687743812184
2401200,7pPCMOKxcej1YVIvrUGOYDzSliLLcSRdTnyF6Dtau6aIb+mR9zz+WBoaqvBP1EgM,44.831151468072086,70.55259096158909,54.76403019348544
2401500,7pPCMOKxcej1YVIvrUGOYDzSliLLcSRdTnyF6Dtau6aIb+mR9zz+WBoaqvBP1EgM,51.76929664256737,68.47771320975848,59.419921083511554
2401800,7pPCMOKxcej1YVIvrUGOYDzSliLLcSRdTnyF6Dtau6aIb+mR9zz+WBoaqvBP1EgM,35.74921435309851,54.61182104584759,45.34877948965842
2402100,7pPCMOKxcej1YVIvrUGOYDzSliLLcSRdTnyF6Dtau6aIb+mR9zz+WBoaqvBP1EgM,30.824737067072995,54.34696326723054,41.752861462637405
2402400,7pPCMOKxcej1YVIvrUGOYDzSliLLcSRdTnyF6Dtau6aIb+mR9zz+WBoaqvBP1EgM,28.46948482790269,38.80350009161758,33.43641236977481
2402700,7pPCMOKxcej1YVIvrUGOYDzSliLLcSRdTnyF6Dtau6aIb+mR9zz+WBoaqvBP1EgM,16.04048009631642,60.99702523964714,37.28990142535647
2403000,7pPCMOKxcej1YVIvrUGOYDzSliLLcSRdTnyF6Dtau6aIb+mR9zz+WBoaqvBP1EgM,26.1032794428386,47.83140183874727,37.15976206602196
2403300,7pPCMOKxcej1YVIvrUGOYDzSliLLcSRdTnyF6Dtau6aIb+mR9zz+WBoaqvBP1EgM,26.94206388191165,49.64442882604951,37.8650329197144
2403600,7pPCMOKxcej1YVIvrUGOYDzSliLLcSRdTnyF6Dtau6aIb+mR9zz+WBoaqvBP1EgM,37.46753052332188,51.159625737115206,43.5915733621973
2403900,7pPCMOKxcej1YVIvrUGOYDzSliLLcSRdTnyF6Dtau6aIb+mR9zz+WBoaqvBP1EgM,25.95277555776115,55.142629157317536,40.89849186988658
2404200,7pPCMOKxcej1YVIvrUGOYDzSliLLcSRdTnyF6Dtau6aIb+mR9zz+WBoaqvBP1EgM,30.16046692545372,50.548813969021865,40.266633842997685
2404500,7pPCMOKxcej1YVIvrUGOYDzSliLLcSRdTnyF6Dtau6aIb+mR9zz+WBoaqvBP1EgM,23.58269349414912,45.628820990686656,37.606992759273055
2404800,7pPCMOKxcej1YVIvrUGOYDzSliLLcSRdTnyF6Dtau6aIb+mR9zz+WBoaqvBP1EgM,31.344069677589523,66.10740360235297,48.14703647406581
2405100,7pPCMOKxcej1YVIvrUGOYDzSliLLcSRdTnyF6Dtau6aIb+mR9zz+WBoaqvBP1EgM,30.86822446091039,48.49969238708356,41.15322702191581
2405400,7pPCMOKxcej1YVIvrUGOYDzSliLLcSRdTnyF6Dtau6aIb+mR9zz+WBoaqvBP1EgM,21.831126831446763,42.81407900901489,34.060945710772074
2405700,7pPCMOKxcej1YVIvrUGOYDzSliLLcSRdTnyF6Dtau6aIb+mR9zz+WBoaqvBP1EgM,31.282572942585087,46.15992773971335,37.665000554198166
2406000,7pPCMOKxcej1YVIvrUGOYDzSliLLcSRdTnyF6Dtau6aIb+mR9zz+WBoaqvBP1EgM,25.41345139702013,54.49013416125396,39.63270088022304
2406300,7pPCMOKxcej1YVIvrUGOYDzSliLLcSRdTnyF6Dtau6aIb+mR9zz+WBoaqvBP1EgM,28.91733197542322,45.95578206140653,37.911892855162485
2406600,7pPCMOKxcej1YVIvrUGOYDzSliLLcSRdTnyF6Dtau6aIb+mR9zz+WBoaqvBP1EgM,27.31375631897069,51.99561900274848,39.213883229279126
2406900,7pPCMOKxcej1YVIvrUGOYDzSliLLcSRdTnyF6Dtau6aIb+mR9zz+WBoaqvBP1EgM,27.982593105172477,48.65455303141215,38.05475345889123
2407200,7pPCMOKxcej1YVIvrUGOYDzSliLLcSRdTnyF6Dtau6aIb+mR9zz+WBoaqvBP1EgM,28.004854685894248,44.309217161390926,38.20472102467698
2407500,7pPCMOKxcej1YVIvrUGOYDzSliLLcSRdTnyF6Dtau6aIb+mR9zz+WBoaqvBP1EgM,29.26123506139344,52.90277980866328,39.7026468098137
2407800,7pPCMOKxcej1YVIvrUGOYDzSliLLcSRdTnyF6Dtau6aIb+mR9zz+WBoaqvBP1EgM,28.289496059414308,41.99968277554727,34.5707741898323
2408100,7pPCMOKxcej1YVIvrUGOYDzSliLLcSRdTnyF6Dtau6aIb+mR9zz+WBoaqvBP1EgM,27.245471052526867,47.77261798896589,35.69485980191197
2408400,7pPCMOKxcej1YVIvrUGOYDzSliLLcSRdTnyF6Dtau6aIb+mR9zz+WBoaqvBP1EgM,33.714309553340044,46.45722553738332,40.086452555314736
2408700,7pPCMOKxcej1YVIvrUGOYDzSliLLcSRdTnyF6Dtau6aIb+mR9zz+WBoaqvBP1EgM,29.697898650291343,50.8278624877153,37.796176888960666
2409000,7pPCMOKxcej1YVIvrUGOYDzSliLLcSRdTnyF6Dtau6aIb+mR9zz+WBoaqvBP1EgM,33.48851371048349,50.61555461710887,41.52005097591018
2409300,7pPCMOKxcej1YVIvrUGOYDzSliLLcSRdTnyF6Dtau6aIb+mR9zz+WBoaqvBP1EgM,5.0804138663534335,38.977567241619774,15.66793131460526
2409600,7pPCMOKxcej1YVIvrUGOYDzSliLLcSRdTnyF6Dtau6aIb+mR9zz+WBoaqvBP1EgM,6.955311104781637,61.23708937969136,42.240866188921565
2409900,7pPCMOKxcej1YVIvrUGOYDzSliLLcSRdTnyF6Dtau6aIb+mR9zz+WBoaqvBP1EgM,24.89352694051132,64.45961271628646,48.91961255229472
2410200,7pPCMOKxcej1YVIvrUGOYDzSliLLcSRdTnyF6Dtau6aIb+mR9zz+WBoaqvBP1EgM,37.54127992625139,61.44282966991622,52.02605200235805
2410500,7pPCMOKxcej1YVIvrUGOYDzSliLLcSRdTnyF6Dtau6aIb+mR9zz+WBoaqvBP1EgM,6.734383792200512,59.04057603571166,38.09688681207181
2410800,7pPCMOKxcej1YVIvrUGOYDzSliLLcSRdTnyF6Dtau6aIb+mR9zz+WBoaqvBP1EgM,8.902085313944289,65.62356289462048,39.48082152392854
2411100,7pPCMOKxcej1YVIvrUGOYDzSliLLcSRdTnyF6Dtau6aIb+mR9zz+WBoaqvBP1EgM,37.26658208730256,49.949330419709845,43.63885998639714
2411400,7pPCMOKxcej1YVIvrUGOYDzSliLLcSRdTnyF6Dtau6aIb+mR9zz+WBoaqvBP1EgM,36.7835778503939,56.42341464082738,45.11633533125217
2411700,7pPCMOKxcej1YVIvrUGOYDzSliLLcSRdTnyF6Dtau6aIb+mR9zz+WBoaqvBP1EgM,32.38720870057534,48.36264004407907,41.58299198446333
2412000,7pPCMOKxcej1YVIvrUGOYDzSliLLcSRdTnyF6Dtau6aIb+mR9zz+WBoaqvBP1EgM,35.09931358360444,59.68414994331408,44.708882897825234
2412300,7pPCMOKxcej1YVIvrUGOYDzSliLLcSRdTnyF6Dtau6aIb+mR9zz+WBoaqvBP1EgM,22.352398560652755,57.72119417865288,40.45529078941308
2412600,7pPCMOKxcej1YVIvrUGOYDzSliLLcSRdTnyF6Dtau6aIb+mR9zz+WBoaqvBP1EgM,27.19319835967974,45.048697675422765,33.71199287749264
2412900,7pPCMOKxcej1YVIvrUGOYDzSliLLcSRdTnyF6Dtau6aIb+mR9zz+WBoaqvBP1EgM,21.59481813170448,46.95190178364161,31.87315679833975
2413200,7pPCMOKxcej1YVIvrUGOYDzSliLLcSRdTnyF6Dtau6aIb+mR9zz+WBoaqvBP1EgM,26.021549251191136,34.52963923474691,29.89462359659408
2413500,7pPCMOKxcej1YVIvrUGOYDzSliLLcSRdTnyF6Dtau6aIb+mR9zz+WBoaqvBP1EgM,22.72889883057729,48.82583583316188,35.790827513864755
2413800,7pPCMOKxcej1YVIvrUGOYDzSliLLcSRdTnyF6Dtau6aIb+mR9zz+WBoaqvBP1EgM,32.66418700235305,48.11885953345446,40.19217308955975
2414100,7pPCMOKxcej1YVIvrUGOYDzSliLLcSRdTnyF6Dtau6aIb+mR9zz+WBoaqvBP1EgM,30.5983967522178,44.39330225613997,37.87610662846143
2414400,7pPCMOKxcej1YVIvrUGOYDzSliLLcSRdTnyF6Dtau6aIb+mR9zz+WBoaqvBP1EgM,26.69289671834747,58.21931821018226,44.65566188970833
2414700,7pPCMOKxcej1YVIvrUGOYDzSliLLcSRdTnyF6Dtau6aIb+mR9zz+WBoaqvBP1EgM,47.012862018783096,59.20913312497613,53.422945316154085
2415000,7pPCMOKxcej1YVIvrUGOYDzSliLLcSRdTnyF6Dtau6aIb+mR9zz+WBoaqvBP1EgM,35.79810355746675,72.83912856893491,54.96916041313875
2415300,7pPCMOKxcej1YVIvrUGOYDzSliLLcSRdTnyF6Dtau6aIb+mR9zz+WBoaqvBP1EgM,35.417975366989864,65.69391315910606,51.491566201566044
2415600,7pPCMOKxcej1YVIvrUGOYDzSliLLcSRdTnyF6Dtau6aIb+mR9zz+WBoaqvBP1EgM,40.93022653597287,56.736318315177805,48.3213959694877
2415900,7pPCMOKxcej1YVIvrUGOYDzSliLLcSRdTnyF6Dtau6aIb+mR9zz+WBoaqvBP1EgM,37.55545867214667,63.09144950930919,50.83560939617431
2416200,7pPCMOKxcej1YVIvrUGOYDzSliLLcSRdTnyF6Dtau6aIb+mR9zz+WBoaqvBP1EgM,27.06664916275612,52.70840200915682,40.16163209626195
2416500,7pPCMOKxcej1YVIvrUGOYDzSliLLcSRdTnyF6Dtau6aIb+mR9zz+WBoaqvBP1EgM,29.60604637666149,54.717912178777674,42.55384452866939
2416800,7pPCMOKxcej1YVIvrUGOYDzSliLLcSRdTnyF6Dtau6aIb+mR9zz+WBoaqvBP1EgM,31.354992320367572,44.68328676942359,37.156979142309936
2417100,7pPCMOKxcej1YVIvrUGOYDzSliLLcSRdTnyF6Dtau6aIb+mR9zz+WBoaqvBP1EgM,31.82521759784991,45.82017591433695,41.20623632870496
2417400,7pPCMOKxcej1YVIvrUGOYDzSliLLcSRdTnyF6Dtau6aIb+mR9zz+WBoaqvBP1EgM,36.15879156248932,65.10322333885195,46.075991095991846
2417700,7pPCMOKxcej1YVIvrUGOYDzSliLLcSRdTnyF6Dtau6aIb+mR9zz+WBoaqvBP1EgM,28.042595875379465,51.3472753507618,39.79316800921195
2418000,7pPCMOKxcej1YVIvrUGOYDzSliLLcSRdTnyF6Dtau6aIb+mR9zz+WBoaqvBP1EgM,27.092449507878943,45.18232587703218,36.78909156533164
2418300,7pPCMOKxcej1YVIvrUGOYDzSliLLcSRdTnyF6Dtau6aIb+mR9zz+WBoaqvBP1EgM,36.06607214877016,54.75505977760066,42.241834934361385
2418600,7pPCMOKxcej1YVIvrUGOYDzSliLLcSRdTnyF6Dtau6aIb+mR9zz+WBoaqvBP1EgM,29.757931188332822,54.61000410402411,43.63318928575528
2418900,7pPCMOKxcej1YVIvrUGOYDzSliLLcSRdTnyF6Dtau6aIb+mR9zz+WBoaqvBP1EgM,39.68102081306748,60.937226934781066,50.53249014647279
2419200,7pPCMOKxcej1YVIvrUGOYDzSliLLcSRdTnyF6Dtau6aIb+mR9zz+WBoaqvBP1EgM,26.65630219587717,60.78555261606368,44.81541525380932
2419500,7pPCMOKxcej1YVIvrUGOYDzSliLLcSRdTnyF6Dtau6aIb+mR9zz+WBoaqvBP1EgM,29.258677303257585,71.46280591483053,45.57184900679032
2419800,7pPCMOKxcej1YVIvrUGOYDzSliLLcSRdTnyF6Dtau6aIb+mR9zz+WBoaqvBP1EgM,27.846424096465707,41.19489323040376,33.702358579107134
2420100,7pPCMOKxcej1YVIvrUGOYDzSliLLcSRdTnyF6Dtau6aIb+mR9zz+WBoaqvBP1EgM,17.625706764951104,60.930230580469136,38.329819976327
2420400,7pPCMOKxcej1YVIvrUGOYDzSliLLcSRdTnyF6Dtau6aIb+mR9zz+WBoaqvBP1EgM,25.6844433137777,40.51068357737142,31.821953726764047
2420700,7pPCMOKxcej1YVIvrUGOYDzSliLLcSRdTnyF6Dtau6aIb+mR9zz+WBoaqvBP1EgM,32.8027335035491,47.76651793952906,40.019196567730575
2421000,7pPCMOKxcej1YVIvrUGOYDzSliLLcSRdTnyF6Dtau6aIb+mR9zz+WBoaqvBP1EgM,30.526093844268388,55.90271905908247,42.015911284065055
2421300,7pPCMOKxcej1YVIvrUGOYDzSliLLcSRdTnyF6Dtau6aIb+mR9zz+WBoaqvBP1EgM,32.773555253747915,56.83571859961936,45.75363197216369
2421600,7pPCMOKxcej1YVIvrUGOYDzSliLLcSRdTnyF6Dtau6aIb+mR9zz+WBoaqvBP1EgM,39.06855622112092,54.92853372632166,44.46437476750899
2421900,7pPCMOKxcej1YVIvrUGOYDzSliLLcSRdTnyF6Dtau6aIb+mR9zz+WBoaqvBP1EgM,36.54766575723276,60.3238676063184,46.510492056845806
2422200,7pPCMOKxcej1YVIvrUGOYDzSliLLcSRdTnyF6Dtau6aIb+mR9zz+WBoaqvBP1EgM,29.471106702746376,53.35952748240956,41.484349953754965
2422500,7pPCMOKxcej1YVIvrUGOYDzSliLLcSRdTnyF6Dtau6aIb+mR9zz+WBoaqvBP1EgM,35.80976163281817,56.73904765884845,44.8038842682336
2422800,7pPCMOKxcej1YVIvrUGOYDzSliLLcSRdTnyF6Dtau6aIb+mR9zz+WBoaqvBP1EgM,26.800682654404888,56.78821306587081,43.73620468261597
2423100,7pPCMOKxcej1YVIvrUGOYDzSliLLcSRdTnyF6Dtau6aIb+mR9zz+WBoaqvBP1EgM,26.589567273750845,58.26860367610142,45.26880792939545
2423400,7pPCMOKxcej1YVIvrUGOYDzSliLLcSRdTnyF6Dtau6aIb+mR9zz+WBoaqvBP1EgM,27.0767818749038,50.46119860326737,36.1722013812239
2423700,7pPCMOKxcej1YVIvrUGOYDzSliLLcSRdTnyF6Dtau6aIb+mR9zz+WBoaqvBP1EgM,26.766413624240894,41.186225479898205,34.515783229350774
2424000,7pPCMOKxcej1YVIvrUGOYDzSliLLcSRdTnyF6Dtau6aIb+mR9zz+WBoaqvBP1EgM,24.018010653027563,45.19977702891664,34.55240676982508
2424300,7pPCMOKxcej1YVIvrUGOYDzSliLLcSRdTnyF6Dtau6aIb+mR9zz+WBoaqvBP1EgM,26.27498523081249,51.99919681286472,40.008072080368784
2424600,7pPCMOKxcej1YVIvrUGOYDzSliLLcSRdTnyF6Dtau6aIb+mR9zz+WBoaqvBP1EgM,26.93284175915249,49.3977023612992,37.29805427814438
2424900,7pPCMOKxcej1YVIvrUGOYDzSliLLcSRdTnyF6Dtau6aIb+mR9zz+WBoaqvBP1EgM,24.43508628839677,44.30986792738846,34.36699820785807
2425200,7pPCMOKxcej1YVIvrUGOYDzSliLLcSRdTnyF6Dtau6aIb+mR9zz+WBoaqvBP1EgM,34.666397762281555,65.59815794214671,47.18054265343961
2425500,7pPCMOKxcej1YVIvrUGOYDzSliLLcSRdTnyF6Dtau6aIb+mR9zz+WBoaqvBP1EgM,24.768878880733112,60.278745063497546,48.96143708781158
2425800,7pPCMOKxcej1YVIvrUGOYDzSliLLcSRdTnyF6Dtau6aIb+mR9zz+WBoaqvBP1EgM,28.438529674897755,63.934282203537926,51.579456851507686
2426100,7pPCMOKxcej1YVIvrUGOYDzSliLLcSRdTnyF6Dtau6aIb+mR9zz+WBoaqvBP1EgM,23.852027036265888,65.26442063498878,51.953641001154416
2426400,7pPCMOKxcej1YVIvrUGOYDzSliLLcSRdTnyF6Dtau6aIb+mR9zz+WBoaqvBP1EgM,39.80487184221572,61.39620309564029,49.988134616140655
2426700,7pPCMOKxcej1YVIvrUGOYDzSliLLcSRdTnyF6Dtau6aIb+mR9zz+WBoaqvBP1EgM,23.56733601169467,59.91216168541362,46.159990193962365
2427000,7pPCMOKxcej1YVIvrUGOYDzSliLLcSRdTnyF6Dtau6aIb+mR9zz+WBoaqvBP1EgM,18.8848983345524,38.340488091663055,30.854362185667423
2427300,7pPCMOKxcej1YVIvrUGOYDzSliLLcSRdTnyF6Dtau6aIb+mR9zz+WBoaqvBP1EgM,22.79574024116448,39.30280692006573,29.970457835497815
2427600,7pPCMOKxcej1YVIvrUGOYDzSliLLcSRdTnyF6Dtau6aIb+mR9zz+WBoaqvBP1EgM,23.045147496515735,42.33915622805857,32.99984067358108
2427900,7pPCMOKxcej1YVIvrUGOYDzSliLLcSRdTnyF6Dtau6aIb+mR9zz+WBoaqvBP1EgM,31.013046803514207,43.704258948006085,35.825507894284506
2428200,7pPCMOKxcej1YVIvrUGOYDzSliLLcSRdTnyF6Dtau6aIb+mR9zz+WBoaqvBP1EgM,29.775958252596375,63.671012883944314,42.329073489817546
2428500,7pPCMOKxcej1YVIvrUGOYDzSliLLcSRdTnyF6Dtau6aIb+mR9zz+WBoaqvBP1EgM,37.52460430656004,54.47205939968061,45.54876663747541
2428800,7pPCMOKxcej1YVIvrUGOYDzSliLLcSRdTnyF6Dtau6aIb+mR9zz+WBoaqvBP1EgM,30.93371087153816,53.9559833922328,44.612122765205775
2429100,7pPCMOKxcej1YVIvrUGOYDzSliLLcSRdTnyF6Dtau6aIb+mR9zz+WBoaqvBP1EgM,40.523063971868,64.40479520276094,48.8973413228391
2429400,7pPCMOKxcej1YVIvrUGOYDzSliLLcSRdTnyF6Dtau6aIb+mR9zz+WBoaqvBP1EgM,30.833985606715963,55.849887281630345,45.23809844990162
2429700,7pPCMOKxcej1YVIvrUGOYDzSliLLcSRdTnyF6Dtau6aIb+mR9zz+WBoaqvBP1EgM,41.38566310254305,61.52752260513359,51.33549991362811
2430000,7pPCMOKxcej1YVIvrUGOYDzSliLLcSRdTnyF6Dtau6aIb+mR9zz+WBoaqvBP1EgM,27.05373880563031,56.65137935908224,44.250129848253344
2430300,7pPCMOKxcej1YVIvrUGOYDzSliLLcSRdTnyF6Dtau6aIb+mR9zz+WBoaqvBP1EgM,36.08991731853845,62.9314458395781,48.771715137089835
2430600,7pPCMOKxcej1YVIvrUGOYDzSliLLcSRdTnyF6Dtau6aIb+mR9zz+WBoaqvBP1EgM,29.49813647232424,46.58387444980266,35.84888678935264
2430900,7pPCMOKxcej1YVIvrUGOYDzSliLLcSRdTnyF6Dtau6aIb+mR9zz+WBoaqvBP1EgM,22.668248319536044,39.44399463961266,31.709950473116947
2431200,7pPCMOKxcej1YVIvrUGOYDzSliLLcSRdTnyF6Dtau6aIb+mR9zz+WBoaqvBP1EgM,26.86652416227628,52.9529747740302,32.499371675325456
2431500,7pPCMOKxcej1YVIvrUGOYDzSliLLcSRdTnyF6Dtau6aIb+mR9zz+WBoaqvBP1EgM,23.04713915416981,38.49285740965586,31.59631369101524
2431800,7pPCMOKxcej1YVIvrUGOYDzSliLLcSRdTnyF6Dtau6aIb+mR9zz+WBoaqvBP1EgM,30.82599652927108,42.125190436133245,35.457925127232365
2432100,7pPCMOKxcej1YVIvrUGOYDzSliLLcSRdTnyF6Dtau6aIb+mR9zz+WBoaqvBP1EgM,22.954954684007824,45.432404986227375,34.23218087297912
2432400,7pPCMOKxcej1YVIvrUGOYDzSliLLcSRdTnyF6Dtau6aIb+mR9zz+WBoaqvBP1EgM,29.679819726643792,57.08289809376125,42.61094997128724
2432700,7pPCMOKxcej1YVIvrUGOYDzSliLLcSRdTnyF6Dtau6aIb+mR9zz+WBoaqvBP1EgM,30.011655486876936,56.351667419717934,38.18056654718022
2433000,7pPCMOKxcej1YVIvrUGOYDzSliLLcSRdTnyF6Dtau6aIb+mR9zz+WBoaqvBP1EgM,25.444311017091195,44.87731509383956,35.38300105832781
2433300,7pPCMOKxcej1YVIvrUGOYDzSliLLcSRdTnyF6Dtau6aIb+mR9zz+WBoaqvBP1EgM,31.21535119176779,62.957016744593,41.241990613785546
2433600,7pPCMOKxcej1YVIvrUGOYDzSliLLcSRdTnyF6Dtau6aIb+mR9zz+WBoaqvBP1EgM,23.9410986363452,49.744068620170886,39.68271724655735
2433900,7pPCMOKxcej1YVIvrUGOYDzSliLLcSRdTnyF6Dtau6aIb+mR9zz+WBoaqvBP1EgM,28.05113133026901,50.01139736151109,39.61599690928404
2434200,7pPCMOKxcej1YVIvrUGOYDzSliLLcSRdTnyF6Dtau6aIb+mR9zz+WBoaqvBP1EgM,31.22072829297872,41.85375805491072,37.28962269946627
2434500,7pPCMOKxcej1YVIvrUGOYDzSliLLcSRdTnyF6Dtau6aIb+mR9zz+WBoaqvBP1EgM,26.847373850671968,47.70687001321299,37.010653996231085
2434800,7pPCMOKxcej1YVIvrUGOYDzSliLLcSRdTnyF6Dtau6aIb+mR9zz+WBoaqvBP1EgM,25.92801707512962,50.3781485991679,36.79337555396612
2435100,7pPCMOKxcej1YVIvrUGOYDzSliLLcSRdTnyF6Dtau6aIb+mR9zz+WBoaqvBP1EgM,24.36512477996921,54.749379670846125,42.31138451799726
2435400,7pPCMOKxcej1YVIvrUGOYDzSliLLcSRdTnyF6Dtau6aIb+mR9zz+WBoaqvBP1EgM,29.07397409898485,50.32849024695377,38.740850600426064
2435700,7pPCMOKxcej1YVIvrUGOYDzSliLLcSRdTnyF6Dtau6aIb+mR9zz+WBoaqvBP1EgM,33.43544740396307,63.56175294331311,44.809978653713216
2436000,7pPCMOKxcej1YVIvrUGOYDzSliLLcSRdTnyF6Dtau6aIb+mR9zz+WBoaqvBP1EgM,37.523698279046094,49.77759079936287,42.87477820654043
2436300,7pPCMOKxcej1YVIvrUGOYDzSliLLcSRdTnyF6Dtau6aIb+mR9zz+WBoaqvBP1EgM,28.4037018811631,47.43031999044568,39.10599848478115
2436600,7pPCMOKxcej1YVIvrUGOYDzSliLLcSRdTnyF6Dtau6aIb+mR9zz+WBoaqvBP1EgM,25.91441372416653,62.987473660123,38.926984564238985
2436900,7pPCMOKxcej1YVIvrUGOYDzSliLLcSRdTnyF6Dtau6aIb+mR9zz+WBoaqvBP1EgM,32.910129538253365,52.629831201480656,42.330640058984805
2437200,7pPCMOKxcej1YVIvrUGOYDzSliLLcSRdTnyF6Dtau6aIb+mR9zz+WBoaqvBP1EgM,32.0339091118643,42.27864867255367,36.49878729369533
2437500,7pPCMOKxcej1YVIvrUGOYDzSliLLcSRdTnyF6Dtau6aIb+mR9zz+WBoaqvBP1EgM,19.39743586349847,50.860803223535015,37.3023235402361
2437800,7pPCMOKxcej1YVIvrUGOYDzSliLLcSRdTnyF6Dtau6aIb+mR9zz+WBoaqvBP1EgM,22.7326243020144,44.12520189199014,32.722227648974616
2438100,7pPCMOKxcej1YVIvrUGOYDzSliLLcSRdTnyF6Dtau6aIb+mR9zz+WBoaqvBP1EgM,26.859205916152675,44.91271702744333,36.51239381577087
2438400,7pPCMOKxcej1YVIvrUGOYDzSliLLcSRdTnyF6Dtau6aIb+mR9zz+WBoaqvBP1EgM,33.85173747819492,46.89648348085288,41.79576334513009
2438700,7pPCMOKxcej1YVIvrUGOYDzSliLLcSRdTnyF6Dtau6aIb+mR9zz+WBoaqvBP1EgM,31.3974215844707,59.00922087177683,45.596418645858535
2439000,7pPCMOKxcej1YVIvrUGOYDzSliLLcSRdTnyF6Dtau6aIb+mR9zz+WBoaqvBP1EgM,31.15257616208801,61.33751651070967,42.51370811289373
2439300,7pPCMOKxcej1YVIvrUGOYDzSliLLcSRdTnyF6Dtau6aIb+mR9zz+WBoaqvBP1EgM,31.770016600094536,52.504992681936926,42.307951638522255
2439600,7pPCMOKxcej1YVIvrUGOYDzSliLLcSRdTnyF6Dtau6aIb+mR9zz+WBoaqvBP1EgM,22.592325251202215,57.41348207753259,41.06423143981543
2439900,7pPCMOKxcej1YVIvrUGOYDzSliLLcSRdTnyF6Dtau6aIb+mR9zz+WBoaqvBP1EgM,30.333894604077884,48.491864623257726,38.53706655179343
2440200,7pPCMOKxcej1YVIvrUGOYDzSliLLcSRdTnyF6Dtau6aIb+mR9zz+WBoaqvBP1EgM,29.58179054982561,54.71115766256095,40.10334624402044
2440500,7pPCMOKxcej1YVIvrUGOYDzSliLLcSRdTnyF6Dtau6aIb+mR9zz+WBoaqvBP1EgM,22.59768363324715,47.97917259657976,39.18282256010158
2440800,7pPCMOKxcej1YVIvrUGOYDzSliLLcSRdTnyF6Dtau6aIb+mR9zz+WBoaqvBP1EgM,33.84974950587319,58.64795747332875,44.00321435040422
2441100,7pPCMOKxcej1YVIvrUGOYDzSliLLcSRdTnyF6Dtau6aIb+mR9zz+WBoaqvBP1EgM,32.79988001906617,57.94839529174061,45.72633461180399
2441400,7pPCMOKxcej1YVIvrUGOYDzSliLLcSRdTnyF6Dtau6aIb+mR9zz+WBoaqvBP1EgM,25.2588134382091,43.55034103970197,32.6582306264922
2441700,7pPCMOKxcej1YVIvrUGOYDzSliLLcSRdTnyF6Dtau6aIb+mR9zz+WBoaqvBP1EgM,25.608883743323936,38.41898019490806,33.56188181330142
2442000,7pPCMOKxcej1YVIvrUGOYDzSliLLcSRdTnyF6Dtau6aIb+mR9zz+WBoaqvBP1EgM,25.037245380182465,43.49998154017455,34.86793033285411
2442300,7pPCMOKxcej1YVIvrUGOYDzSliLLcSRdTnyF6Dtau6aIb+mR9zz+WBoaqvBP1EgM,18.657436146561345,51.327471648510375,38.9429833721202
2442600,7pPCMOKxcej1YVIvrUGOYDzSliLLcSRdTnyF6Dtau6aIb+mR9zz+WBoaqvBP1EgM,27.66173163309456,61.11271455260948,39.39640573749077
2442900,7pPCMOKxcej1YVIvrUGOYDzSliLLcSRdTnyF6Dtau6aIb+mR9zz+WBoaqvBP1EgM,31.811198294373373,50.02132736662527,41.361542004770826
2443200,7pPCMOKxcej1YVIvrUGOYDzSliLLcSRdTnyF6Dtau6aIb+mR9zz+WBoaqvBP1EgM,36.7175054695746,58.505945067344726,47.36686261005736
2443500,7pPCMOKxcej1YVIvrUGOYDzSliLLcSRdTnyF6Dtau6aIb+mR9zz+WBoaqvBP1EgM,17.412082753031125,63.296304352425466,40.66953464471917
2443800,7pPCMOKxcej1YVIvrUGOYDzSliLLcSRdTnyF6Dtau6aIb+mR9zz+WBoaqvBP1EgM,22.32005232556736,43.04459526415438,34.51437497772849
2444100,7pPCMOKxcej1YVIvrUGOYDzSliLLcSRdTnyF6Dtau6aIb+mR9zz+WBoaqvBP1EgM,29.573649498757568,55.10748655309487,42.881271513800826
2444400,7pPCMOKxcej1YVIvrUGOYDzSliLLcSRdTnyF6Dtau6aIb+mR9zz+WBoaqvBP1EgM,29.021255868099523,48.6936955913689,38.961930729281534
2444700,7pPCMOKxcej1YVIvrUGOYDzSliLLcSRdTnyF6Dtau6aIb+mR9zz+WBoaqvBP1EgM,23.694421406142535,52.65352241714604,38.18696960652988
2445000,7pPCMOKxcej1YVIvrUGOYDzSliLLcSRdTnyF6Dtau6aIb+mR9zz+WBoaqvBP1EgM,28.387348913510863,43.517820034473914,36.74419457556718
2445300,7pPCMOKxcej1YVIvrUGOYDzSliLLcSRdTnyF6Dtau6aIb+mR9zz+WBoaqvBP1EgM,26.952219983374963,38.4899075051498,32.79037611339291
2445600,7pPCMOKxcej1YVIvrUGOYDzSliLLcSRdTnyF6Dtau6aIb+mR9zz+WBoaqvBP1EgM,16.3348261310954,39.81888163781699,28.705341481679344
2445900,7pPCMOKxcej1YVIvrUGOYDzSliLLcSRdTnyF6Dtau6aIb+mR9zz+WBoaqvBP1EgM,26.64657772548016,38.2540352252109,32.17553105586276
2446200,7pPCMOKxcej1YVIvrUGOYDzSliLLcSRdTnyF6Dtau6aIb+mR9zz+WBoaqvBP1EgM,26.123610014388824,45.7393380557054,38.242292035982594
2446500,7pPCMOKxcej1YVIvrUGOYDzSliLLcSRdTnyF6Dtau6aIb+mR9zz+WBoaqvBP1EgM,30.90002619846387,50.77615268934658,37.86704136905501
2446800,7pPCMOKxcej1YVIvrUGOYDzSliLLcSRdTnyF6Dtau6aIb+mR9zz+WBoaqvBP1EgM,35.52449851119564,52.12689407221697,43.857241268594144
2447100,7pPCMOKxcej1YVIvrUGOYDzSliLLcSRdTnyF6Dtau6aIb+mR9zz+WBoaqvBP1EgM,27.989476651322505,50.192494063579616,41.04352870305927
2447400,7pPCMOKxcej1YVIvrUGOYDzSliLLcSRdTnyF6Dtau6aIb+mR9zz+WBoaqvBP1EgM,18.679364012282544,44.20547599994501,35.1929179249588
2447700,7pPCMOKxcej1YVIvrUGOYDzSliLLcSRdTnyF6Dtau6aIb+mR9zz+WBoaqvBP1EgM,13.091576424451503,52.84331992779303,34.61465890892327
2448000,7pPCMOKxcej1YVIvrUGOYDzSliLLcSRdTnyF6Dtau6aIb+mR9zz+WBoaqvBP1EgM,16.958517993466735,55.24534780134925,40.868145022625136
2448300,7pPCMOKxcej1YVIvrUGOYDzSliLLcSRdTnyF6Dtau6aIb+mR9zz+WBoaqvBP1EgM,22.778724529781428,57.721281028575206,36.853646667256605
2448600,7pPCMOKxcej1YVIvrUGOYDzSliLLcSRdTnyF6Dtau6aIb+mR9zz+WBoaqvBP1EgM,20.837999971495407,45.07555191003077,33.59313066852828
2448900,7pPCMOKxcej1YVIvrUGOYDzSliLLcSRdTnyF6Dtau6aIb+mR9zz+WBoaqvBP1EgM,24.101688340468304,44.82401858307316,33.1264479291915
2449200,7pPCMOKxcej1YVIvrUGOYDzSliLLcSRdTnyF6Dtau6aIb+mR9zz+WBoaqvBP1EgM,29.98626354648068,51.3601573895629,41.03823176141496
2449500,7pPCMOKxcej1YVIvrUGOYDzSliLLcSRdTnyF6Dtau6aIb+mR9zz+WBoaqvBP1EgM,30.23227907302353,45.90736149264016,39.91180524419609
2449800,7pPCMOKxcej1YVIvrUGOYDzSliLLcSRdTnyF6Dtau6aIb+mR9zz+WBoaqvBP1EgM,22.80696794272417,42.05802403647508,33.34053607856514
2450100,7pPCMOKxcej1YVIvrUGOYDzSliLLcSRdTnyF6Dtau6aIb+mR9zz+WBoaqvBP1EgM,29.892196540544425,50.30417174065749,41.1189714105205
2450400,7pPCMOKxcej1YVIvrUGOYDzSliLLcSRdTnyF6Dtau6aIb+mR9zz+WBoaqvBP1EgM,32.27776398252207,46.60903084736391,38.81820071453223
2450700,7pPCMOKxcej1YVIvrUGOYDzSliLLcSRdTnyF6Dtau6aIb+mR9zz+WBoaqvBP1EgM,29.493339049148247,43.29670942873325,35.630282269270744
2451000,7pPCMOKxcej1YVIvrUGOYDzSliLLcSRdTnyF6Dtau6aIb+mR9zz+WBoaqvBP1EgM,25.055781676297656,42.91862682901223,35.485895844046475
2451300,7pPCMOKxcej1YVIvrUGOYDzSliLLcSRdTnyF6Dtau6aIb+mR9zz+WBoaqvBP1EgM,24.738448481020058,44.99649081219263,37.97497664722855
2451600,7pPCMOKxcej1YVIvrUGOYDzSliLLcSRdTnyF6Dtau6aIb+mR9zz+WBoaqvBP1EgM,23.522041932705957,47.23548695340728,38.80073385405571
2451900,7pPCMOKxcej1YVIvrUGOYDzSliLLcSRdTnyF6Dtau6aIb+mR9zz+WBoaqvBP1EgM,22.815326963834742,48.8099336004643,35.09185797681292
2452200,7pPCMOKxcej1YVIvrUGOYDzSliLLcSRdTnyF6Dtau6aIb+mR9zz+WBoaqvBP1EgM,16.576078641825493,34.42151441782018,27.908840674256403
2452500,7pPCMOKxcej1YVIvrUGOYDzSliLLcSRdTnyF6Dtau6aIb+mR9zz+WBoaqvBP1EgM,26.78040060237134,41.98422380229926,32.428291179034616
2452800,7pPCMOKxcej1YVIvrUGOYDzSliLLcSRdTnyF6Dtau6aIb+mR9zz+WBoaqvBP1EgM,17.929004162243984,47.19125360746448,31.245089366463635
2453100,7pPCMOKxcej1YVIvrUGOYDzSliLLcSRdTnyF6Dtau6aIb+mR9zz+WBoaqvBP1EgM,23.370599348142125,61.9891011567463,42.95482220758733
2453400,7pPCMOKxcej1YVIvrUGOYDzSliLLcSRdTnyF6Dtau6aIb+mR9zz+WBoaqvBP1EgM,26.97544112227536,41.965590698507626,34.94143365309717
2453700,7pPCMOKxcej1YVIvrUGOYDzSliLLcSRdTnyF6Dtau6aIb+mR9zz+WBoaqvBP1EgM,32.66030996954747,53.83700828189653,41.4093779251729
2454000,7pPCMOKxcej1YVIvrUGOYDzSliLLcSRdTnyF6Dtau6aIb+mR9zz+WBoaqvBP1EgM,32.08858191974758,45.86155842792392,39.41132980744133
2454300,7pPCMOKxcej1YVIvrUGOYDzSliLLcSRdTnyF6Dtau6aIb+mR9zz+WBoaqvBP1EgM,33.83898358135409,54.17907921112252,44.066697336836825
2454600,7pPCMOKxcej1YVIvrUGOYDzSliLLcSRdTnyF6Dtau6aIb+mR9zz+WBoaqvBP1EgM,24.52874989711279,57.01792069506267,42.492655603365215
2454900,7pPCMOKxcej1YVIvrUGOYDzSliLLcSRdTnyF6Dtau6aIb+mR9zz+WBoaqvBP1EgM,26.734778243908995,46.00584895879914,35.73005574848542
2455200,7pPCMOKxcej1YVIvrUGOYDzSliLLcSRdTnyF6Dtau6aIb+mR9zz+WBoaqvBP1EgM,6.963070975083701,53.01889386527707,38.81630765480135
2455500,7pPCMOKxcej1YVIvrUGOYDzSliLLcSRdTnyF6Dtau6aIb+mR9zz+WBoaqvBP1EgM,16.56103074288472,65.21920518586924,41.807231982520975
2455800,7pPCMOKxcej1YVIvrUGOYDzSliLLcSRdTnyF6Dtau6aIb+mR9zz+WBoaqvBP1EgM,23.010365354001777,46.063788010330335,35.02344607421044
2456100,7pPCMOKxcej1YVIvrUGOYDzSliLLcSRdTnyF6Dtau6aIb+mR9zz+WBoaqvBP1EgM,27.675591013803945,40.97895257372496,34.16408390046912
2456400,7pPCMOKxcej1YVIvrUGOYDzSliLLcSRdTnyF6Dtau6aIb+mR9zz+WBoaqvBP1EgM,17.56088490741951,35.23670809253139,27.166758028646665
2456700,7pPCMOKxcej1YVIvrUGOYDzSliLLcSRdTnyF6Dtau6aIb+mR9zz+WBoaqvBP1EgM,27.581268376401454,45.300845293102554,36.94813680770873
2457000,7pPCMOKxcej1YVIvrUGOYDzSliLLcSRdTnyF6Dtau6aIb+mR9zz+WBoaqvBP1EgM,36.45531851852864,54.06815605017875,44.528732967735856
2457300,7pPCMOKxcej1YVIvrUGOYDzSliLLcSRdTnyF6Dtau6aIb+mR9zz+WBoaqvBP1EgM,36.11860820309794,65.27641995522745,46.97263987998944
2457600,7pPCMOKxcej1YVIvrUGOYDzSliLLcSRdTnyF6Dtau6aIb+mR9zz+WBoaqvBP1EgM,29.510835821644054,60.92391318903511,48.63724107341243
2457900,7pPCMOKxcej1YVIvrUGOYDzSliLLcSRdTnyF6Dtau6aIb+mR9zz+WBoaqvBP1EgM,19.847369171895416,69.21292263498748,45.71113021095225
2458200,7pPCMOKxcej1YVIvrUGOYDzSliLLcSRdTnyF6Dtau6aIb+mR9zz+WBoaqvBP1EgM,43.316375950329245,69.45655353762902,53.1193323315101
2458500,7pPCMOKxcej1YVIvrUGOYDzSliLLcSRdTnyF6Dtau6aIb+mR9zz+WBoaqvBP1EgM,34.14468707198044,63.90084388848662,46.62916296708672
2458800,7pPCMOKxcej1YVIvrUGOYDzSliLLcSRdTnyF6Dtau6aIb+mR9zz+WBoaqvBP1EgM,32.82637138032005,57.59555336473221,45.40009176521879
2459100,7pPCMOKxcej1YVIvrUGOYDzSliLLcSRdTnyF6Dtau6aIb+mR9zz+WBoaqvBP1EgM,36.412210138803886,55.0930808457078,43.476889301603606
2459400,7pPCMOKxcej1YVIvrUGOYDzSliLLcSRdTnyF6Dtau6aIb+mR9zz+WBoaqvBP1EgM,22.99861868902889,43.1347524855567,34.27850372742243
2459700,7pPCMOKxcej1YVIvrUGOYDzSliLLcSRdTnyF6Dtau6aIb+mR9zz+WBoaqvBP1EgM,20.672961156442238,42.097696705661264,33.06278261548884
2460000,7pPCMOKxcej1YVIvrUGOYDzSliLLcSRdTnyF6Dtau6aIb+mR9zz+WBoaqvBP1EgM,19.74737737515828,36.748926069094736,29.488392529350637
2460300,7pPCMOKxcej1YVIvrUGOYDzSliLLcSRdTnyF6Dtau6aIb+mR9zz+WBoaqvBP1EgM,27.514616498460047,44.84644063546152,36.21931613742432
2460600,7pPCMOKxcej1YVIvrUGOYDzSliLLcSRdTnyF6Dtau6aIb+mR9zz+WBoaqvBP1EgM,26.414318089115767,49.58622386630013,36.82316131244132
2460900,7pPCMOKxcej1YVIvrUGOYDzSliLLcSRdTnyF6Dtau6aIb+mR9zz+WBoaqvBP1EgM,28.33290718844753,50.13976675204168,40.61905319898232
2461200,7pPCMOKxcej1YVIvrUGOYDzSliLLcSRdTnyF6Dtau6aIb+mR9zz+WBoaqvBP1EgM,32.25631916453056,58.96958491806045,43.0213853469758
2461500,7pPCMOKxcej1YVIvrUGOYDzSliLLcSRdTnyF6Dtau6aIb+mR9zz+WBoaqvBP1EgM,40.76173473732892,60.51346528552333,48.51535413492669
2461800,7pPCMOKxcej1YVIvrUGOYDzSliLLcSRdTnyF6Dtau6aIb+mR9zz+WBoaqvBP1EgM,30.923765633699865,54.88284887618253,45.13489579231278
2462100,7pPCMOKxcej1YVIvrUGOYDzSliLLcSRdTnyF6Dtau6aIb+mR9zz+WBoaqvBP1EgM,33.93439618921787,53.37793803058792,41.48699808296736
2462400,7pPCMOKxcej1YVIvrUGOYDzSliLLcSRdTnyF6Dtau6aIb+mR9zz+WBoaqvBP1EgM,25.53369692541264,54.779493914195534,41.135733490346645
2462700,7pPCMOKxcej1YVIvrUGOYDzSliLLcSRdTnyF6Dtau6aIb+mR9zz+WBoaqvBP1EgM,19.63415861335657,51.907209424858735,40.40495988682
2463000,7pPCMOKxcej1YVIvrUGOYDzSliLLcSRdTnyF6Dtau6aIb+mR9zz+WBoaqvBP1EgM,22.981782858157583,42.55806807344701,33.63601550546986
2463300,7pPCMOKxcej1YVIvrUGOYDzSliLLcSRdTnyF6Dtau6aIb+mR9zz+WBoaqvBP1EgM,26.74247867854205,51.5892216534646,35.53481908176722
2463600,7pPCMOKxcej1YVIvrUGOYDzSliLLcSRdTnyF6Dtau6aIb+mR9zz+WBoaqvBP1EgM,28.785929673894582,35.940220622888525,32.96516366683284
2463900,7pPCMOKxcej1YVIvrUGOYDzSliLLcSRdTnyF6Dtau6aIb+mR9zz+WBoaqvBP1EgM,24.877246115074808,42.43652413360193,32.914317398509446
2464200,7pPCMOKxcej1YVIvrUGOYDzSliLLcSRdTnyF6Dtau6aIb+mR9zz+WBoaqvBP1EgM,29.172027797755547,49.27596310647135,37.7629445670884
2464500,7pPCMOKxcej1YVIvrUGOYDzSliLLcSRdTnyF6Dtau6aIb+mR9zz+WBoaqvBP1EgM,25.79629701249896,40.47579301279859,33.5704712335452
2464800,7pPCMOKxcej1YVIvrUGOYDzSliLLcSRdTnyF6Dtau6aIb+mR9zz+WBoaqvBP1EgM,27.27106106189617,38.83712322945282,33.30094749556132
2465100,7pPCMOKxcej1YVIvrUGOYDzSliLLcSRdTnyF6Dtau6aIb+mR9zz+WBoaqvBP1EgM,26.475895760073573,45.944001618262234,37.14799753310562
2465400,7pPCMOKxcej1YVIvrUGOYDzSliLLcSRdTnyF6Dtau6aIb+mR9zz+WBoaqvBP1EgM,24.04147855626683,48.28042976414905,39.535936070094486
2465700,7pPCMOKxcej1YVIvrUGOYDzSliLLcSRdTnyF6Dtau6aIb+mR9zz+WBoaqvBP1EgM,40.02339235735366,57.57242115913071,48.88615598484252
2466000,7pPCMOKxcej1YVIvrUGOYDzSliLLcSRdTnyF6Dtau6aIb+mR9zz+WBoaqvBP1EgM,37.01256862314773,54.82198922040035,43.986012889758655
2466300,7pPCMOKxcej1YVIvrUGOYDzSliLLcSRdTnyF6Dtau6aIb+mR9zz+WBoaqvBP1EgM,34.869655181292124,63.96634211869561,47.64237488175821
2466600,7pPCMOKxcej1YVIvrUGOYDzSliLLcSRdTnyF6Dtau6aIb+mR9zz+WBoaqvBP1EgM,29.477494348007134,48.96856959720106,41.11840365296729
2466900,7pPCMOKxcej1YVIvrUGOYDzSliLLcSRdTnyF6Dtau6aIb+mR9zz+WBoaqvBP1EgM,28.75753306078385,46.78772815723869,33.92084698815753
2467200,7pPCMOKxcej1YVIvrUGOYDzSliLLcSRdTnyF6Dtau6aIb+mR9zz+WBoaqvBP1EgM,25.851576684319745,44.48235650201883,35.02294104105768
2467500,7pPCMOKxcej1YVIvrUGOYDzSliLLcSRdTnyF6Dtau6aIb+mR9zz+WBoaqvBP1EgM,29.841378154688176,54.08837601095096,39.17496790226147
2467800,7pPCMOKxcej1YVIvrUGOYDzSliLLcSRdTnyF6Dtau6aIb+mR9zz+WBoaqvBP1EgM,28.68371805485312,41.57263360147742,35.99970424707152
2468100,7pPCMOKxcej1YVIvrUGOYDzSliLLcSRdTnyF6Dtau6aIb+mR9zz+WBoaqvBP1EgM,28.71297728114872,44.52394504051709,35.29140334727868
2468400,7pPCMOKxcej1YVIvrUGOYDzSliLLcSRdTnyF6Dtau6aIb+mR9zz+WBoaqvBP1EgM,31.378762891462134,57.730895307609465,39.96915357591769
2468700,7pPCMOKxcej1YVIvrUGOYDzSliLLcSRdTnyF6Dtau6aIb+mR9zz+WBoaqvBP1EgM,32.865305606608445,61.45820500310205,41.16059493081475
2469000,7pPCMOKxcej1YVIvrUGOYDzSliLLcSRdTnyF6Dtau6aIb+mR9zz+WBoaqvBP1EgM,28.160381455936253,43.19034338069164,36.034110517282166
2469300,7pPCMOKxcej1YVIvrUGOYDzSliLLcSRdTnyF6Dtau6aIb+mR9zz+WBoaqvBP1EgM,17.625344080291857,47.979029765266326,36.588915088641855
2469600,7pPCMOKxcej1YVIvrUGOYDzSliLLcSRdTnyF6Dtau6aIb+mR9zz+WBoaqvBP1EgM,18.24213044518756,48.85409806430238,33.42224329397506
2469900,7pPCMOKxcej1YVIvrUGOYDzSliLLcSRdTnyF6Dtau6aIb+mR9zz+WBoaqvBP1EgM,18.47691401574139,56.43360894540636,38.16555428287805
2470200,7pPCMOKxcej1YVIvrUGOYDzSliLLcSRdTnyF6Dtau6aIb+mR9zz+WBoaqvBP1EgM,20.011746974772013,47.027760104940775,34.66788789353099
2470500,7pPCMOKxcej1YVIvrUGOYDzSliLLcSRdTnyF6Dtau6aIb+mR9zz+WBoaqvBP1EgM,26.11062664061581,42.658520575494286,31.810673414690054
2470800,7pPCMOKxcej1YVIvrUGOYDzSliLLcSRdTnyF6Dtau6aIb+mR9zz+WBoaqvBP1EgM,15.35291070104926,38.496504603488006,29.153529754352785
2471100,7pPCMOKxcej1YVIvrUGOYDzSliLLcSRdTnyF6Dtau6aIb+mR9zz+WBoaqvBP1EgM,21.435948590499223,46.14300574623895,37.9011740258152
2471400,7pPCMOKxcej1YVIvrUGOYDzSliLLcSRdTnyF6Dtau6aIb+mR9zz+WBoaqvBP1EgM,28.80891433730481,54.116673149433645,39.3376885206805
2471700,7pPCMOKxcej1YVIvrUGOYDzSliLLcSRdTnyF6Dtau6aIb+mR9zz+WBoaqvBP1EgM,20.670406447189617,48.115765958496496,37.24882054484026
2472000,7pPCMOKxcej1YVIvrUGOYDzSliLLcSRdTnyF6Dtau6aIb+mR9zz+WBoaqvBP1EgM,29.60070914712175,55.61480422257688,41.69562227990308
2472300,7pPCMOKxcej1YVIvrUGOYDzSliLLcSRdTnyF6Dtau6aIb+mR9zz+WBoaqvBP1EgM,18.005392679513598,48.52748069031094,40.003935280492655
2472600,7pPCMOKxcej1YVIvrUGOYDzSliLLcSRdTnyF6Dtau6aIb+mR9zz+WBoaqvBP1EgM,31.053993198444317,56.15245353054636,39.83070412107892
2472900,7pPCMOKxcej1YVIvrUGOYDzSliLLcSRdTnyF6Dtau6aIb+mR9zz+WBoaqvBP1EgM,39.2093294396525,56.5279487133402,48.71639768623865
2473200,7pPCMOKxcej1YVIvrUGOYDzSliLLcSRdTnyF6Dtau6aIb+mR9zz+WBoaqvBP1EgM,25.59523531135131,51.1899916683625,37.40190450724708
2473500,7pPCMOKxcej1YVIvrUGOYDzSliLLcSRdTnyF6Dtau6aIb+mR9zz+WBoaqvBP1EgM,32.12028810462835,51.72921676648075,41.33221797310565
2473800,7pPCMOKxcej1YVIvrUGOYDzSliLLcSRdTnyF6Dtau6aIb+mR9zz+WBoaqvBP1EgM,19.264089374905133,39.599989916909045,29.649286027717544
2474100,7pPCMOKxcej1YVIvrUGOYDzSliLLcSRdTnyF6Dtau6aIb+mR9zz+WBoaqvBP1EgM,25.717376054340747,43.458837091754475,34.136288482298525
2474400,7pPCMOKxcej1YVIvrUGOYDzSliLLcSRdTnyF6Dtau6aIb+mR9zz+WBoaqvBP1EgM,27.348671325582448,41.14583758095996,33.779205739595355
2474700,7pPCMOKxcej1YVIvrUGOYDzSliLLcSRdTnyF6Dtau6aIb+mR9zz+WBoaqvBP1EgM,25.53951116305603,52.946034209272696,38.338893671400164
2475000,7pPCMOKxcej1YVIvrUGOYDzSliLLcSRdTnyF6Dtau6aIb+mR9zz+WBoaqvBP1EgM,27.443861245330645,42.84863041491646,32.86943271053887
2475300,7pPCMOKxcej1YVIvrUGOYDzSliLLcSRdTnyF6Dtau6aIb+mR9zz+WBoaqvBP1EgM,14.84341744839288,46.43248096938955,34.67442643712273
2475600,7pPCMOKxcej1YVIvrUGOYDzSliLLcSRdTnyF6Dtau6aIb+mR9zz+WBoaqvBP1EgM,26.53832077663936,42.56115991845344,35.91261210443882
2475900,7pPCMOKxcej1YVIvrUGOYDzSliLLcSRdTnyF6Dtau6aIb+mR9zz+WBoaqvBP1EgM,10.063888548968793,58.395969276412806,35.839149739870905
2476200,7pPCMOKxcej1YVIvrUGOYDzSliLLcSRdTnyF6Dtau6aIb+mR9zz+WBoaqvBP1EgM,26.682450668111453,48.69089453534256,35.23707551361031
2476500,7pPCMOKxcej1YVIvrUGOYDzSliLLcSRdTnyF6Dtau6aIb+mR9zz+WBoaqvBP1EgM,25.227075445911456,48.65137609057735,32.47926239209811
2476800,7pPCMOKxcej1YVIvrUGOYDzSliLLcSRdTnyF6Dtau6aIb+mR9zz+WBoaqvBP1EgM,34.65175729438104,50.88877810280118,41.43025619477596
2477100,7pPCMOKxcej1YVIvrUGOYDzSliLLcSRdTnyF6Dtau6aIb+mR9zz+WBoaqvBP1EgM,24.04279443347572,58.955818336940254,37.21035757518676
2477400,7pPCMOKxcej1YVIvrUGOYDzSliLLcSRdTnyF6Dtau6aIb+mR9zz+WBoaqvBP1EgM,17.929739647917035,47.2739751820473,37.9864365243526
2477700,7pPCMOKxcej1YVIvrUGOYDzSliLLcSRdTnyF6Dtau6aIb+mR9zz+WBoaqvBP1EgM,17.214116555643177,40.003104748679256,34.46971362906023
2478000,7pPCMOKxcej1YVIvrUGOYDzSliLLcSRdTnyF6Dtau6aIb+mR9zz+WBoaqvBP1EgM,30.586842630373408,53.59828564539775,39.04736098773482
2478300,7pPCMOKxcej1YVIvrUGOYDzSliLLcSRdTnyF6Dtau6aIb+mR9zz+WBoaqvBP1EgM,25.042753740264768,42.35183951079428,36.40585155772524
2478600,7pPCMOKxcej1YVIvrUGOYDzSliLLcSRdTnyF6Dtau6aIb+mR9zz+WBoaqvBP1EgM,26.635999077049423,46.96213854598314,37.068460985968514
2478900,7pPCMOKxcej1YVIvrUGOYDzSliLLcSRdTnyF6Dtau6aIb+mR9zz+WBoaqvBP1EgM,30.932393823197224,55.6895662104789,41.665464469774335
2479200,7pPCMOKxcej1YVIvrUGOYDzSliLLcSRdTnyF6Dtau6aIb+mR9zz+WBoaqvBP1EgM,32.25169064626447,56.83874470557101,46.09206993368976
2479500,7pPCMOKxcej1YVIvrUGOYDzSliLLcSRdTnyF6Dtau6aIb+mR9zz+WBoaqvBP1EgM,29.76496922005573,58.18816159137639,48.83444909824284
2479800,7pPCMOKxcej1YVIvrUGOYDzSliLLcSRdTnyF6Dtau6aIb+mR9zz+WBoaqvBP1EgM,31.745288120930336,65.14890970275931,53.059522448802944
2480100,7pPCMOKxcej1YVIvrUGOYDzSliLLcSRdTnyF6Dtau6aIb+mR9zz+WBoaqvBP1EgM,27.13786375849392,58.4835574036268,44.50971640511527
2480400,7pPCMOKxcej1YVIvrUGOYDzSliLLcSRdTnyF6Dtau6aIb+mR9zz+WBoaqvBP1EgM,29.370268560415585,76.75947724982616,52.9692759921635
2480700,7pPCMOKxcej1YVIvrUGOYDzSliLLcSRdTnyF6Dtau6aIb+mR9zz+WBoaqvBP1EgM,20.05979592733286,68.41977442110252,49.96046872196951
2481000,7pPCMOKxcej1YVIvrUGOYDzSliLLcSRdTnyF6Dtau6aIb+mR9zz+WBoaqvBP1EgM,27.837853013783544,58.865422643863646,43.776351302279146
2481300,7pPCMOKxcej1YVIvrUGOYDzSliLLcSRdTnyF6Dtau6aIb+mR9zz+WBoaqvBP1EgM,25.151765291105654,52.05822631044324,38.039082955122495
2481600,7pPCMOKxcej1YVIvrUGOYDzSliLLcSRdTnyF6Dtau6aIb+mR9zz+WBoaqvBP1EgM,19.672860386650832,50.882776153268686,38.84660097014243
2481900,7pPCMOKxcej1YVIvrUGOYDzSliLLcSRdTnyF6Dtau6aIb+mR9zz+WBoaqvBP1EgM,29.408332449454637,45.27041495841138,38.17483894812781
2482200,7pPCMOKxcej1YVIvrUGOYDzSliLLcSRdTnyF6Dtau6aIb+mR9zz+WBoaqvBP1EgM,27.444215351793304,42.33000464071248,33.487811567480854
2482500,7pPCMOKxcej1YVIvrUGOYDzSliLLcSRdTnyF6Dtau6aIb+mR9zz+WBoaqvBP1EgM,23.84975659591334,49.407174007967306,38.17399196934065
2482800,7pPCMOKxcej1YVIvrUGOYDzSliLLcSRdTnyF6Dtau6aIb+mR9zz+WBoaqvBP1EgM,27.83768990174385,43.658461778941685,36.93542017586232
2483100,7pPCMOKxcej1YVIvrUGOYDzSliLLcSRdTnyF6Dtau6aIb+mR9zz+WBoaqvBP1EgM,23.380549877355175,44.140000363390406,33.29311601052181
2483400,7pPCMOKxcej1YVIvrUGOYDzSliLLcSRdTnyF6Dtau6aIb+mR9zz+WBoaqvBP1EgM,28.518449239403456,45.970695356508216,35.2765481348776
2483700,7pPCMOKxcej1YVIvrUGOYDzSliLLcSRdTnyF6Dtau6aIb+mR9zz+WBoaqvBP1EgM,26.24721485184184,49.206053356971694,36.07634080198059
2484000,7pPCMOKxcej1YVIvrUGOYDzSliLLcSRdTnyF6Dtau6aIb+mR9zz+WBoaqvBP1EgM,21.878251105068895,40.812455406784565,31.80620738957381
2484300,7pPCMOKxcej1YVIvrUGOYDzSliLLcSRdTnyF6Dtau6aIb+mR9zz+WBoaqvBP1EgM,24.377325884177047,36.76126886036852,31.193027778907663
2484600,7pPCMOKxcej1YVIvrUGOYDzSliLLcSRdTnyF6Dtau6aIb+mR9zz+WBoaqvBP1EgM,24.715732560965968,55.966524000486935,38.04937656576872
2484900,7pPCMOKxcej1YVIvrUGOYDzSliLLcSRdTnyF6Dtau6aIb+mR9zz+WBoaqvBP1EgM,25.71562512874769,52.40212640434408,38.6745538892569
2485200,7pPCMOKxcej1YVIvrUGOYDzSliLLcSRdTnyF6Dtau6aIb+mR9zz+WBoaqvBP1EgM,29.652170225569055,50.8443060144877,39.33836002264096
2485500,7pPCMOKxcej1YVIvrUGOYDzSliLLcSRdTnyF6Dtau6aIb+mR9zz+WBoaqvBP1EgM,40.969580942182375,56.72763878255108,48.10676584750007
2485800,7pPCMOKxcej1YVIvrUGOYDzSliLLcSRdTnyF6Dtau6aIb+mR9zz+WBoaqvBP1EgM,34.05788076952385,64.97469031866302,48.22667314787349
2486100,7pPCMOKxcej1YVIvrUGOYDzSliLLcSRdTnyF6Dtau6aIb+mR9zz+WBoaqvBP1EgM,16.450702200026804,63.49642012918461,49.22491128893376
2486400,7pPCMOKxcej1YVIvrUGOYDzSliLLcSRdTnyF6Dtau6aIb+mR9zz+WBoaqvBP1EgM,38.2009419699058,65.21766358917841,55.650723799485455
2486700,7pPCMOKxcej1YVIvrUGOYDzSliLLcSRdTnyF6Dtau6aIb+mR9zz+WBoaqvBP1EgM,30.220494459739605,64.09486283329692,50.86224518872376
2487000,7pPCMOKxcej1YVIvrUGOYDzSliLLcSRdTnyF6Dtau6aIb+mR9zz+WBoaqvBP1EgM,32.44207669553752,70.7843843288835,55.80530033685926
2487300,7pPCMOKxcej1YVIvrUGOYDzSliLLcSRdTnyF6Dtau6aIb+mR9zz+WBoaqvBP1EgM,38.01002132378109,64.16563776512638,54.1254566590864
2487600,7pPCMOKxcej1YVIvrUGOYDzSliLLcSRdTnyF6Dtau6aIb+mR9zz+WBoaqvBP1EgM,32.71191511954997,70.17360351019416,55.32208379940626
2487900,7pPCMOKxcej1YVIvrUGOYDzSliLLcSRdTnyF6Dtau6aIb+mR9zz+WBoaqvBP1EgM,30.200386775494387,66.50229003016577,55.3873160936203
2488200,7pPCMOKxcej1YVIvrUGOYDzSliLLcSRdTnyF6Dtau6aIb+mR9zz+WBoaqvBP1EgM,42.70648538127813,71.47069356282834,53.82547555188336
2488500,7pPCMOKxcej1YVIvrUGOYDzSliLLcSRdTnyF6Dtau6aIb+mR9zz+WBoaqvBP1EgM,33.0264421258865,51.22933189508062,40.24810120528543
2488800,7pPCMOKxcej1YVIvrUGOYDzSliLLcSRdTnyF6Dtau6aIb+mR9zz+WBoaqvBP1EgM,26.83645724150821,46.58465485981471,37.86404502866458
2489100,7pPCMOKxcej1YVIvrUGOYDzSliLLcSRdTnyF6Dtau6aIb+mR9zz+WBoaqvBP1EgM,26.206335312571085,53.41172437945212,39.15100438841688
2489400,7pPCMOKxcej1YVIvrUGOYDzSliLLcSRdTnyF6Dtau6aIb+mR9zz+WBoaqvBP1EgM,18.555027682517096,47.74676147143685,35.27272646595296
2489700,7pPCMOKxcej1YVIvrUGOYDzSliLLcSRdTnyF6Dtau6aIb+mR9zz+WBoaqvBP1EgM,26.01678429771605,56.99643179809146,40.301643331916395
2490000,7pPCMOKxcej1YVIvrUGOYDzSliLLcSRdTnyF6Dtau6aIb+mR9zz+WBoaqvBP1EgM,16.537025338200205,50.586847358339874,37.13519979216801
2490300,7pPCMOKxcej1YVIvrUGOYDzSliLLcSRdTnyF6Dtau6aIb+mR9zz+WBoaqvBP1EgM,26.54417496559213,51.966934783385035,39.303745073906754
2490600,7pPCMOKxcej1YVIvrUGOYDzSliLLcSRdTnyF6Dtau6aIb+mR9zz+WBoaqvBP1EgM,10.4936389833707,60.2139881107392,41.74313194189305
2490900,7pPCMOKxcej1YVIvrUGOYDzSliLLcSRdTnyF6Dtau6aIb+mR9zz+WBoaqvBP1EgM,32.17719035772833,54.5020238331289,42.91546120351055
2491200,7pPCMOKxcej1YVIvrUGOYDzSliLLcSRdTnyF6Dtau6aIb+mR9zz+WBoaqvBP1EgM,29.92282824898572,53.421593420020656,41.52937199689834
2491500,7pPCMOKxcej1YVIvrUGOYDzSliLLcSRdTnyF6Dtau6aIb+mR9zz+WBoaqvBP1EgM,33.7401533889068,64.02032647969111,48.664228905096685
2491800,7pPCMOKxcej1YVIvrUGOYDzSliLLcSRdTnyF6Dtau6aIb+mR9zz+WBoaqvBP1EgM,24.72548344165668,56.171186245198015,36.59435887530762
2492100,7pPCMOKxcej1YVIvrUGOYDzSliLLcSRdTnyF6Dtau6aIb+mR9zz+WBoaqvBP1EgM,30.09973457297961,51.31225860947192,38.01699785883046
2492400,7pPCMOKxcej1YVIvrUGOYDzSliLLcSRdTnyF6Dtau6aIb+mR9zz+WBoaqvBP1EgM,27.557320510142247,50.187433137647645,40.38554630237121
2492700,7pPCMOKxcej1YVIvrUGOYDzSliLLcSRdTnyF6Dtau6aIb+mR9zz+WBoaqvBP1EgM,18.033778431215417,64.04086639448145,34.766360588974386
2493000,7pPCMOKxcej1YVIvrUGOYDzSliLLcSRdTnyF6Dtau6aIb+mR9zz+WBoaqvBP1EgM,22.74000206047325,40.76176028814522,32.947536068860074
2493300,7pPCMOKxcej1YVIvrUGOYDzSliLLcSRdTnyF6Dtau6aIb+mR9zz+WBoaqvBP1EgM,27.040528253066935,50.12471392697204,38.39833777820657
2493600,7pPCMOKxcej1YVIvrUGOYDzSliLLcSRdTnyF6Dtau6aIb+mR9zz+WBoaqvBP1EgM,27.492773193912985,42.42242993420797,34.34844804456094
2493900,7pPCMOKxcej1YVIvrUGOYDzSliLLcSRdTnyF6Dtau6aIb+mR9zz+WBoaqvBP1EgM,17.352569425653048,47.90108279309239,35.67421373864553
2494200,7pPCMOKxcej1YVIvrUGOYDzSliLLcSRdTnyF6Dtau6aIb+mR9zz+WBoaqvBP1EgM,30.67169996844418,43.38087113303256,36.56638240172797
2494500,7pPCMOKxcej1YVIvrUGOYDzSliLLcSRdTnyF6Dtau6aIb+mR9zz+WBoaqvBP1EgM,27.805740777851167,46.42703947620138,38.03273427173927
2494800,7pPCMOKxcej1YVIvrUGOYDzSliLLcSRdTnyF6Dtau6aIb+mR9zz+WBoaqvBP1EgM,24.72226772750961,40.37818535676509,32.80131293001247
2495100,7pPCMOKxcej1YVIvrUGOYDzSliLLcSRdTnyF6Dtau6aIb+mR9zz+WBoaqvBP1EgM,19.9369128072034,46.718649390212285,33.81637052998644
2495400,7pPCMOKxcej1YVIvrUGOYDzSliLLcSRdTnyF6Dtau6aIb+mR9zz+WBoaqvBP1EgM,23.051683867447704,43.21436793250677,32.292262419511914
2495700,7pPCMOKxcej1YVIvrUGOYDzSliLLcSRdTnyF6Dtau6aIb+mR9zz+WBoaqvBP1EgM,25.158111916502016,63.06356711141145,39.3984182129774
2496000,7pPCMOKxcej1YVIvrUGOYDzSliLLcSRdTnyF6Dtau6aIb+mR9zz+WBoaqvBP1EgM,28.816946849869808,61.683215358044784,44.80837684884
2496300,7pPCMOKxcej1YVIvrUGOYDzSliLLcSRdTnyF6Dtau6aIb+mR9zz+WBoaqvBP1EgM,37.08778056035016,58.1807728201255,50.28275694050812
2496600,7pPCMOKxcej1YVIvrUGOYDzSliLLcSRdTnyF6Dtau6aIb+mR9zz+WBoaqvBP1EgM,26.111720311133222,55.634195920673584,38.25414251374088
2496900,7pPCMOKxcej1YVIvrUGOYDzSliLLcSRdTnyF6Dtau6aIb+mR9zz+WBoaqvBP1EgM,34.86917200989487,56.5474696418113,41.55687289455265
2497200,7pPCMOKxcej1YVIvrUGOYDzSliLLcSRdTnyF6Dtau6aIb+mR9zz+WBoaqvBP1EgM,20.42738498219907,56.69064966060453,36.92120810849004
2497500,7pPCMOKxcej1YVIvrUGOYDzSliLLcSRdTnyF6Dtau6aIb+mR9zz+WBoaqvBP1EgM,31.816796404074108,58.71154829658537,45.9426386345701
2497800,7pPCMOKxcej1YVIvrUGOYDzSliLLcSRdTnyF6Dtau6aIb+mR9zz+WBoaqvBP1EgM,29.225422907649335,52.08726183286132,39.60781025401574
2498100,7pPCMOKxcej1YVIvrUGOYDzSliLLcSRdTnyF6Dtau6aIb+mR9zz+WBoaqvBP1EgM,28.5891287204589,50.429195347448754,39.06787033487102
2498400,7pPCMOKxcej1YVIvrUGOYDzSliLLcSRdTnyF6Dtau6aIb+mR9zz+WBoaqvBP1EgM,20.958934153304742,56.86059107122285,41.29730586374337
2498700,7pPCMOKxcej1YVIvrUGOYDzSliLLcSRdTnyF6Dtau6aIb+mR9zz+WBoaqvBP1EgM,26.70855009637209,47.86736770140196,36.504593644175735
2499000,7pPCMOKxcej1YVIvrUGOYDzSliLLcSRdTnyF6Dtau6aIb+mR9zz+WBoaqvBP1EgM,20.01073842006136,38.76425937130299,29.641732238515715
2499300,7pPCMOKxcej1YVIvrUGOYDzSliLLcSRdTnyF6Dtau6aIb+mR9zz+WBoaqvBP1EgM,23.59237226584299,39.63181360084724,31.955662341569624
2499600,7pPCMOKxcej1YVIvrUGOYDzSliLLcSRdTnyF6Dtau6aIb+mR9zz+WBoaqvBP1EgM,24.050704941143334,39.343442395344965,30.53548532706976
2499900,7pPCMOKxcej1YVIvrUGOYDzSliLLcSRdTnyF6Dtau6aIb+mR9zz+WBoaqvBP1EgM,18.508226984008623,45.255520205592475,32.11440461325663
2500200,7pPCMOKxcej1YVIvrUGOYDzSliLLcSRdTnyF6Dtau6aIb+mR9zz+WBoaqvBP1EgM,28.44243621476597,59.318833253136205,38.06206443844344
2500500,7pPCMOKxcej1YVIvrUGOYDzSliLLcSRdTnyF6Dtau6aIb+mR9zz+WBoaqvBP1EgM,30.833720082514567,60.192853809824456,45.213487152733805
2500800,7pPCMOKxcej1YVIvrUGOYDzSliLLcSRdTnyF6Dtau6aIb+mR9zz+WBoaqvBP1EgM,24.36220327768412,51.8772201709312,39.72172275615496
2501100,7pPCMOKxcej1YVIvrUGOYDzSliLLcSRdTnyF6Dtau6aIb+mR9zz+WBoaqvBP1EgM,18.025441232348456,60.783501917331776,40.92371246430213
2501400,7pPCMOKxcej1YVIvrUGOYDzSliLLcSRdTnyF6Dtau6aIb+mR9zz+WBoaqvBP1EgM,20.55497654371924,56.238139850955406,43.480713149099856
2501700,7pPCMOKxcej1YVIvrUGOYDzSliLLcSRdTnyF6Dtau6aIb+mR9zz+WBoaqvBP1EgM,24.100025568487634,59.2468869155903,42.785859829735365
2502000,7pPCMOKxcej1YVIvrUGOYDzSliLLcSRdTnyF6Dtau6aIb+mR9zz+WBoaqvBP1EgM,26.955875612705693,56.47344135670948,43.06993891132988
2502300,7pPCMOKxcej1YVIvrUGOYDzSliLLcSRdTnyF6Dtau6aIb+mR9zz+WBoaqvBP1EgM,16.915744706071422,54.88121068458463,40.77032805099345
2502600,7pPCMOKxcej1YVIvrUGOYDzSliLLcSRdTnyF6Dtau6aIb+mR9zz+WBoaqvBP1EgM,13.366534505375103,48.76484321666727,37.45979785256065
2502900,7pPCMOKxcej1YVIvrUGOYDzSliLLcSRdTnyF6Dtau6aIb+mR9zz+WBoaqvBP1EgM,29.95526550490363,50.36910141942245,39.40458718258325
2503200,7pPCMOKxcej1YVIvrUGOYDzSliLLcSRdTnyF6Dtau6aIb+mR9zz+WBoaqvBP1EgM,13.522220192379844,45.52709891694744,37.2234198898064
2503500,7pPCMOKxcej1YVIvrUGOYDzSliLLcSRdTnyF6Dtau6aIb+mR9zz+WBoaqvBP1EgM,28.38047798179748,46.25296258120874,38.133791977633656
2503800,7pPCMOKxcej1YVIvrUGOYDzSliLLcSRdTnyF6Dtau6aIb+mR9zz+WBoaqvBP1EgM,11.690809851446328,46.300114036325134,32.512914706010164
2504100,7pPCMOKxcej1YVIvrUGOYDzSliLLcSRdTnyF6Dtau6aIb+mR9zz+WBoaqvBP1EgM,10.786173841421558,46.50115283068982,35.04458977946468
2504400,7pPCMOKxcej1YVIvrUGOYDzSliLLcSRdTnyF6Dtau6aIb+mR9zz+WBoaqvBP1EgM,10.197163822367804,61.64917483139662,39.821161181958
2504700,7pPCMOKxcej1YVIvrUGOYDzSliLLcSRdTnyF6Dtau6aIb+mR9zz+WBoaqvBP1EgM,11.070957958917614,55.83854771617251,40.946961794138005
2505000,7pPCMOKxcej1YVIvrUGOYDzSliLLcSRdTnyF6Dtau6aIb+mR9zz+WBoaqvBP1EgM,18.016789669150608,53.551958029131626,35.845250296840355
2505300,7pPCMOKxcej1YVIvrUGOYDzSliLLcSRdTnyF6Dtau6aIb+mR9zz+WBoaqvBP1EgM,22.47981446120353,54.63437616714689,42.32978817382112
2505600,7pPCMOKxcej1YVIvrUGOYDzSliLLcSRdTnyF6Dtau6aIb+mR9zz+WBoaqvBP1EgM,27.049206607309333,54.50043956451703,39.213663809267096
2505900,7pPCMOKxcej1YVIvrUGOYDzSliLLcSRdTnyF6Dtau6aIb+mR9zz+WBoaqvBP1EgM,28.67680436240195,56.91781250251632,39.85599856663667
2506200,7pPCMOKxcej1YVIvrUGOYDzSliLLcSRdTnyF6Dtau6aIb+mR9zz+WBoaqvBP1EgM,19.214223645229065,34.763989425105834,28.720398319004715
2506500,7pPCMOKxcej1YVIvrUGOYDzSliLLcSRdTnyF6Dtau6aIb+mR9zz+WBoaqvBP1EgM,20.731411692776742,49.085061651310205,37.94570125041744
2506800,7pPCMOKxcej1YVIvrUGOYDzSliLLcSRdTnyF6Dtau6aIb+mR9zz+WBoaqvBP1EgM,20.960981434233265,50.615506533159135,35.17514547442728
2507100,7pPCMOKxcej1YVIvrUGOYDzSliLLcSRdTnyF6Dtau6aIb+mR9zz+WBoaqvBP1EgM,17.99373179830913,54.454986819032285,36.41982330130226
2507400,7pPCMOKxcej1YVIvrUGOYDzSliLLcSRdTnyF6Dtau6aIb+mR9zz+WBoaqvBP1EgM,26.38935834512028,52.93734929863261,40.868418033112405
2507700,7pPCMOKxcej1YVIvrUGOYDzSliLLcSRdTnyF6Dtau6aIb+mR9zz+WBoaqvBP1EgM,22.057734255625807,50.15856024934037,35.325332250944456
2508000,7pPCMOKxcej1YVIvrUGOYDzSliLLcSRdTnyF6Dtau6aIb+mR9zz+WBoaqvBP1EgM,29.81657474561492,47.059280966354365,38.281840734535386
2508300,7pPCMOKxcej1YVIvrUGOYDzSliLLcSRdTnyF6Dtau6aIb+mR9zz+WBoaqvBP1EgM,29.74017916786675,61.064009343396485,43.096868098666064
2508600,7pPCMOKxcej1YVIvrUGOYDzSliLLcSRdTnyF6Dtau6aIb+mR9zz+WBoaqvBP1EgM,19.630430577178164,56.83314369750028,38.67807015037201
2508900,7pPCMOKxcej1YVIvrUGOYDzSliLLcSRdTnyF6Dtau6aIb+mR9zz+WBoaqvBP1EgM,16.194628871207108,53.285410208459176,41.134614164475686
2509200,7pPCMOKxcej1YVIvrUGOYDzSliLLcSRdTnyF6Dtau6aIb+mR9zz+WBoaqvBP1EgM,30.005616112377066,59.672778305152775,44.252771140600885
2509500,7pPCMOKxcej1YVIvrUGOYDzSliLLcSRdTnyF6Dtau6aIb+mR9zz+WBoaqvBP1EgM,37.16508856103141,57.96606793981656,46.8143724718488
2509800,7pPCMOKxcej1YVIvrUGOYDzSliLLcSRdTnyF6Dtau6aIb+mR9zz+WBoaqvBP1EgM,31.85732069554719,57.024417381538754,43.88988596488301
2510100,7pPCMOKxcej1YVIvrUGOYDzSliLLcSRdTnyF6Dtau6aIb+mR9zz+WBoaqvBP1EgM,28.529707906823997,51.67411788459086,42.00264423028366
2510400,7pPCMOKxcej1YVIvrUGOYDzSliLLcSRdTnyF6Dtau6aIb+mR9zz+WBoaqvBP1EgM,28.07380189879327,59.469052694620565,42.19515555396541
2510700,7pPCMOKxcej1YVIvrUGOYDzSliLLcSRdTnyF6Dtau6aIb+mR9zz+WBoaqvBP1EgM,36.131824486385774,64.51722649872939,45.0498120284807
2511000,7pPCMOKxcej1YVIvrUGOYDzSliLLcSRdTnyF6Dtau6aIb+mR9zz+WBoaqvBP1EgM,24.088707495124407,66.6540392342866,49.46939828691036
2511300,7pPCMOKxcej1YVIvrUGOYDzSliLLcSRdTnyF6Dtau6aIb+mR9zz+WBoaqvBP1EgM,30.98235649886668,60.408308198062784,48.67541994416485
2511600,7pPCMOKxcej1YVIvrUGOYDzSliLLcSRdTnyF6Dtau6aIb+mR9zz+WBoaqvBP1EgM,39.12664927497663,53.07219328359631,44.83346823162319
2511900,7pPCMOKxcej1YVIvrUGOYDzSliLLcSRdTnyF6Dtau6aIb+mR9zz+WBoaqvBP1EgM,30.288376487704788,57.82381470798073,42.02713218110056
2512200,7pPCMOKxcej1YVIvrUGOYDzSliLLcSRdTnyF6Dtau6aIb+mR9zz+WBoaqvBP1EgM,23.050444885352142,52.592320920829465,41.774664178836
2512500,7pPCMOKxcej1YVIvrUGOYDzSliLLcSRdTnyF6Dtau6aIb+mR9zz+WBoaqvBP1EgM,11.85521622018046,53.51141346169605,37.951416621590255
2512800,7pPCMOKxcej1YVIvrUGOYDzSliLLcSRdTnyF6Dtau6aIb+mR9zz+WBoaqvBP1EgM,19.73798301672725,52.11498458528071,35.16295247578179
2513100,7pPCMOKxcej1YVIvrUGOYDzSliLLcSRdTnyF6Dtau6aIb+mR9zz+WBoaqvBP1EgM,27.978752184319724,70.27072535976885,49.41274420603918
2513400,7pPCMOKxcej1YVIvrUGOYDzSliLLcSRdTnyF6Dtau6aIb+mR9zz+WBoaqvBP1EgM,24.31124742621431,43.43868608934616,32.8584300865882
2513700,7pPCMOKxcej1YVIvrUGOYDzSliLLcSRdTnyF6Dtau6aIb+mR9zz+WBoaqvBP1EgM,12.898578694737717,46.35564729840945,31.143505113482583
2514000,7pPCMOKxcej1YVIvrUGOYDzSliLLcSRdTnyF6Dtau6aIb+mR9zz+WBoaqvBP1EgM,22.91640270244824,40.86260291279929,30.75115790029444
2514300,7pPCMOKxcej1YVIvrUGOYDzSliLLcSRdTnyF6Dtau6aIb+mR9zz+WBoaqvBP1EgM,15.342124170153264,53.05850323638472,31.175264294342675
2514600,7pPCMOKxcej1YVIvrUGOYDzSliLLcSRdTnyF6Dtau6aIb+mR9zz+WBoaqvBP1EgM,30.142103458269307,65.28454708901492,49.03048841146227
2514900,7pPCMOKxcej1YVIvrUGOYDzSliLLcSRdTnyF6Dtau6aIb+mR9zz+WBoaqvBP1EgM,20.831043491480887,59.02315309809431,46.50651087180596
2515200,7pPCMOKxcej1YVIvrUGOYDzSliLLcSRdTnyF6Dtau6aIb+mR9zz+WBoaqvBP1EgM,32.58895380663439,53.030676749681966,42.191246336568845
2515500,7pPCMOKxcej1YVIvrUGOYDzSliLLcSRdTnyF6Dtau6aIb+mR9zz+WBoaqvBP1EgM,15.323725559046874,61.86302761877213,42.61278917500847
2515800,7pPCMOKxcej1YVIvrUGOYDzSliLLcSRdTnyF6Dtau6aIb+mR9zz+WBoaqvBP1EgM,44.91748289369407,70.12458546515992,54.24100656178087
2516100,7pPCMOKxcej1YVIvrUGOYDzSliLLcSRdTnyF6Dtau6aIb+mR9zz+WBoaqvBP1EgM,35.532092019628074,63.78733622448152,48.82995990172749
2516400,7pPCMOKxcej1YVIvrUGOYDzSliLLcSRdTnyF6Dtau6aIb+mR9zz+WBoaqvBP1EgM,30.523674769688743,60.589933478074,45.809847910622885
2516700,7pPCMOKxcej1YVIvrUGOYDzSliLLcSRdTnyF6Dtau6aIb+mR9zz+WBoaqvBP1EgM,34.29248545697531,63.71533349676731,48.4717674600309
2517000,7pPCMOKxcej1YVIvrUGOYDzSliLLcSRdTnyF6Dtau6aIb+mR9zz+WBoaqvBP1EgM,27.073821564562763,46.51104282943328,37.675936342269495
2517300,7pPCMOKxcej1YVIvrUGOYDzSliLLcSRdTnyF6Dtau6aIb+mR9zz+WBoaqvBP1EgM,18.421637178172745,58.45239780649143,37.48803639781761
2517600,7pPCMOKxcej1YVIvrUGOYDzSliLLcSRdTnyF6Dtau6aIb+mR9zz+WBoaqvBP1EgM,30.421847423465948,49.32197601239948,38.35776941469816
2517900,7pPCMOKxcej1YVIvrUGOYDzSliLLcSRdTnyF6Dtau6aIb+mR9zz+WBoaqvBP1EgM,17.786119796613995,56.421005402881065,41.07527892434968
2518200,7pPCMOKxcej1YVIvrUGOYDzSliLLcSRdTnyF6Dtau6aIb+mR9zz+WBoaqvBP1EgM,16.974512180816166,49.20099703532346,36.5749315621187
2518500,7pPCMOKxcej1YVIvrUGOYDzSliLLcSRdTnyF6Dtau6aIb+mR9zz+WBoaqvBP1EgM,29.56711009742092,51.112288192760005,41.41675540689289
2518800,7pPCMOKxcej1YVIvrUGOYDzSliLLcSRdTnyF6Dtau6aIb+mR9zz+WBoaqvBP1EgM,33.897544044964754,51.78563848655542,40.14881713605999
2519100,7pPCMOKxcej1YVIvrUGOYDzSliLLcSRdTnyF6Dtau6aIb+mR9zz+WBoaqvBP1EgM,23.081504227200984,48.82239933668853,37.51389926808672
2519400,7pPCMOKxcej1YVIvrUGOYDzSliLLcSRdTnyF6Dtau6aIb+mR9zz+WBoaqvBP1EgM,24.51380930798444,59.046913579938874,40.5692335106973
2519700,7pPCMOKxcej1YVIvrUGOYDzSliLLcSRdTnyF6Dtau6aIb+mR9zz+WBoaqvBP1EgM,27.35987549464243,45.370799329355,34.42804161753653
2520000,7pPCMOKxcej1YVIvrUGOYDzSliLLcSRdTnyF6Dtau6aIb+mR9zz+WBoaqvBP1EgM,16.648108474741935,54.37368532323589,38.49223328701784
2520300,7pPCMOKxcej1YVIvrUGOYDzSliLLcSRdTnyF6Dtau6aIb+mR9zz+WBoaqvBP1EgM,11.677921859076903,47.49290575914748,32.48138953807646
2520600,7pPCMOKxcej1YVIvrUGOYDzSliLLcSRdTnyF6Dtau6aIb+mR9zz+WBoaqvBP1EgM,10.33881555391482,42.51873667391188,27.620742165650714
2520900,7pPCMOKxcej1YVIvrUGOYDzSliLLcSRdTnyF6Dtau6aIb+mR9zz+WBoaqvBP1EgM,18.591597121842543,36.31793399902196,31.28578963808691
2521200,7pPCMOKxcej1YVIvrUGOYDzSliLLcSRdTnyF6Dtau6aIb+mR9zz+WBoaqvBP1EgM,27.254223662294887,48.1730110501308,38.17836680451506
2521500,7pPCMOKxcej1YVIvrUGOYDzSliLLcSRdTnyF6Dtau6aIb+mR9zz+WBoaqvBP1EgM,17.585986269412544,69.03020854426883,41.50409221882034
2521800,7pPCMOKxcej1YVIvrUGOYDzSliLLcSRdTnyF6Dtau6aIb+mR9zz+WBoaqvBP1EgM,14.60723151620994,63.66686720014231,36.40039291681642
2522100,7pPCMOKxcej1YVIvrUGOYDzSliLLcSRdTnyF6Dtau6aIb+mR9zz+WBoaqvBP1EgM,19.67829241322429,49.725610292673295,36.341268462168074
2522400,7pPCMOKxcej1YVIvrUGOYDzSliLLcSRdTnyF6Dtau6aIb+mR9zz+WBoaqvBP1EgM,22.91534605762768,63.181598424678256,42.676147731944845
2522700,7pPCMOKxcej1YVIvrUGOYDzSliLLcSRdTnyF6Dtau6aIb+mR9zz+WBoaqvBP1EgM,25.807876161715697,54.67171127251121,41.12982964383465
2523000,7pPCMOKxcej1YVIvrUGOYDzSliLLcSRdTnyF6Dtau6aIb+mR9zz+WBoaqvBP1EgM,21.779141155904775,58.73104948561007,43.29431839791396
2523300,7pPCMOKxcej1YVIvrUGOYDzSliLLcSRdTnyF6Dtau6aIb+mR9zz+WBoaqvBP1EgM,23.03046452288484,56.350528783536255,37.84206515539179
2523600,7pPCMOKxcej1YVIvrUGOYDzSliLLcSRdTnyF6Dtau6aIb+mR9zz+WBoaqvBP1EgM,26.02472819978125,50.7775554763327,39.23773881888688
2523900,7pPCMOKxcej1YVIvrUGOYDzSliLLcSRdTnyF6Dtau6aIb+mR9zz+WBoaqvBP1EgM,16.780890823649493,51.41972190016104,36.23910055514983
2524200,7pPCMOKxcej1YVIvrUGOYDzSliLLcSRdTnyF6Dtau6aIb+mR9zz+WBoaqvBP1EgM,14.737887857506726,57.01354032316764,33.3143425055006
2524500,7pPCMOKxcej1YVIvrUGOYDzSliLLcSRdTnyF6Dtau6aIb+mR9zz+WBoaqvBP1EgM,20.486359986748063,34.196839664537364,27.56310532932557
2524800,7pPCMOKxcej1YVIvrUGOYDzSliLLcSRdTnyF6Dtau6aIb+mR9zz+WBoaqvBP1EgM,13.186577515393946,36.07638836386144,24.32040012778316
2525100,7pPCMOKxcej1YVIvrUGOYDzSliLLcSRdTnyF6Dtau6aIb+mR9zz+WBoaqvBP1EgM,23.699127331859575,59.50746802736616,35.876692102115726
2525400,7pPCMOKxcej1YVIvrUGOYDzSliLLcSRdTnyF6Dtau6aIb+mR9zz+WBoaqvBP1EgM,24.723440139866597,55.40422692164735,43.5786773315713
2525700,7pPCMOKxcej1YVIvrUGOYDzSliLLcSRdTnyF6Dtau6aIb+mR9zz+WBoaqvBP1EgM,27.889794558780945,69.63871711792838,42.04233233353246
2526000,7pPCMOKxcej1YVIvrUGOYDzSliLLcSRdTnyF6Dtau6aIb+mR9zz+WBoaqvBP1EgM,21.151450687299484,69.40978015318389,52.14268159499628
2526300,7pPCMOKxcej1YVIvrUGOYDzSliLLcSRdTnyF6Dtau6aIb+mR9zz+WBoaqvBP1EgM,17.73827031342763,65.09789418343678,45.02414350573669
2526600,7pPCMOKxcej1YVIvrUGOYDzSliLLcSRdTnyF6Dtau6aIb+mR9zz+WBoaqvBP1EgM,15.242024995118982,61.94050619030772,36.73514839224484
2526900,7pPCMOKxcej1YVIvrUGOYDzSliLLcSRdTnyF6Dtau6aIb+mR9zz+WBoaqvBP1EgM,16.440718907897644,64.06068704192027,42.6321819863815
2527200,7pPCMOKxcej1YVIvrUGOYDzSliLLcSRdTnyF6Dtau6aIb+mR9zz+WBoaqvBP1EgM,12.396411233084418,64.38170708348504,42.96039298750056
2527500,7pPCMOKxcej1YVIvrUGOYDzSliLLcSRdTnyF6Dtau6aIb+mR9zz+WBoaqvBP1EgM,21.448616878926728,62.63408254137666,41.2398130155322
2527800,7pPCMOKxcej1YVIvrUGOYDzSliLLcSRdTnyF6Dtau6aIb+mR9zz+WBoaqvBP1EgM,31.16031787305277,54.7891573321172,39.1076210869329
2528100,7pPCMOKxcej1YVIvrUGOYDzSliLLcSRdTnyF6Dtau6aIb+mR9zz+WBoaqvBP1EgM,12.252207090300733,47.94771671240304,33.603382669064544
2528400,7pPCMOKxcej1YVIvrUGOYDzSliLLcSRdTnyF6Dtau6aIb+mR9zz+WBoaqvBP1EgM,23.662294653281677,47.95561652851446,35.84784434159923
2528700,7pPCMOKxcej1YVIvrUGOYDzSliLLcSRdTnyF6Dtau6aIb+mR9zz+WBoaqvBP1EgM,24.69618580782841,59.19009142809959,40.42312914627477
2529000,7pPCMOKxcej1YVIvrUGOYDzSliLLcSRdTnyF6Dtau6aIb+mR9zz+WBoaqvBP1EgM,26.49119624704185,47.5408176908806,36.01630485470916
2529300,7pPCMOKxcej1YVIvrUGOYDzSliLLcSRdTnyF6Dtau6aIb+mR9zz+WBoaqvBP1EgM,9.651077182079252,55.23815200784962,36.97048221078578
2529600,7pPCMOKxcej1YVIvrUGOYDzSliLLcSRdTnyF6Dtau6aIb+mR9zz+WBoaqvBP1EgM,19.375649184812463,57.59840333676751,36.30492721559948
2529900,7pPCMOKxcej1YVIvrUGOYDzSliLLcSRdTnyF6Dtau6aIb+mR9zz+WBoaqvBP1EgM,19.658986250141805,62.12982566500328,41.73892651669928
2530200,7pPCMOKxcej1YVIvrUGOYDzSliLLcSRdTnyF6Dtau6aIb+mR9zz+WBoaqvBP1EgM,19.81035483560447,60.75461279506348,42.09232006605244
2530500,7pPCMOKxcej1YVIvrUGOYDzSliLLcSRdTnyF6Dtau6aIb+mR9zz+WBoaqvBP1EgM,24.655145638265736,52.05113474501714,42.46135535101624
2530800,7pPCMOKxcej1YVIvrUGOYDzSliLLcSRdTnyF6Dtau6aIb+mR9zz+WBoaqvBP1EgM,31.301506181773643,56.52054931674624,43.05703232634824
2531100,7pPCMOKxcej1YVIvrUGOYDzSliLLcSRdTnyF6Dtau6aIb+mR9zz+WBoaqvBP1EgM,24.44056560611695,50.59391402169837,38.37850425407355
2531400,7pPCMOKxcej1YVIvrUGOYDzSliLLcSRdTnyF6Dtau6aIb+mR9zz+WBoaqvBP1EgM,13.471051640631009,38.699932796858235,29.66267328081334
2531700,7pPCMOKxcej1YVIvrUGOYDzSliLLcSRdTnyF6Dtau6aIb+mR9zz+WBoaqvBP1EgM,17.070480396093306,46.24973147327063,32.751341843499944
2532000,7pPCMOKxcej1YVIvrUGOYDzSliLLcSRdTnyF6Dtau6aIb+mR9zz+WBoaqvBP1EgM,21.469277467059698,35.71371531464255,29.887621284884847
2532300,7pPCMOKxcej1YVIvrUGOYDzSliLLcSRdTnyF6Dtau6aIb+mR9zz+WBoaqvBP1EgM,25.747871689460908,45.18208491308564,34.10594570609094
2532600,7pPCMOKxcej1YVIvrUGOYDzSliLLcSRdTnyF6Dtau6aIb+mR9zz+WBoaqvBP1EgM,16.920771277767255,62.26276712425905,38.68391694116404
2532900,7pPCMOKxcej1YVIvrUGOYDzSliLLcSRdTnyF6Dtau6aIb+mR9zz+WBoaqvBP1EgM,13.604524761128294,50.159136488721614,33.960662393260584
2533200,7pPCMOKxcej1YVIvrUGOYDzSliLLcSRdTnyF6Dtau6aIb+mR9zz+WBoaqvBP1EgM,12.225965940227,49.21117349108184,34.61324603177062
2533500,7pPCMOKxcej1YVIvrUGOYDzSliLLcSRdTnyF6Dtau6aIb+mR9zz+WBoaqvBP1EgM,18.44307889635313,42.373793846440535,33.49439544949253
2533800,7pPCMOKxcej1YVIvrUGOYDzSliLLcSRdTnyF6Dtau6aIb+mR9zz+WBoaqvBP1EgM,10.977338648680934,61.1735723599162,34.39374550635948
2534100,7pPCMOKxcej1YVIvrUGOYDzSliLLcSRdTnyF6Dtau6aIb+mR9zz+WBoaqvBP1EgM,17.192007547780825,50.70028118027048,37.08244038119254
2534400,7pPCMOKxcej1YVIvrUGOYDzSliLLcSRdTnyF6Dtau6aIb+mR9zz+WBoaqvBP1EgM,27.739968030340627,43.34120775790094,36.65101496837747
2534700,7pPCMOKxcej1YVIvrUGOYDzSliLLcSRdTnyF6Dtau6aIb+mR9zz+WBoaqvBP1EgM,25.715481709827827,54.15434068962879,38.06921557910543
2535000,7pPCMOKxcej1YVIvrUGOYDzSliLLcSRdTnyF6Dtau6aIb+mR9zz+WBoaqvBP1EgM,23.252415068746735,39.06494775938626,29.46759523885588
2535300,7pPCMOKxcej1YVIvrUGOYDzSliLLcSRdTnyF6Dtau6aIb+mR9zz+WBoaqvBP1EgM,18.909309168514056,50.10592604725116,29.595585927482336
2535600,7pPCMOKxcej1YVIvrUGOYDzSliLLcSRdTnyF6Dtau6aIb+mR9zz+WBoaqvBP1EgM,7.089866752460956,61.88814408929528,36.4845514471941
2535900,7pPCMOKxcej1YVIvrUGOYDzSliLLcSRdTnyF6Dtau6aIb+mR9zz+WBoaqvBP1EgM,13.420451371312806,40.20453448252754,31.30202749329457
2536200,7pPCMOKxcej1YVIvrUGOYDzSliLLcSRdTnyF6Dtau6aIb+mR9zz+WBoaqvBP1EgM,24.89462822384619,46.188936077045206,35.39300998801521
2536500,7pPCMOKxcej1YVIvrUGOYDzSliLLcSRdTnyF6Dtau6aIb+mR9zz+WBoaqvBP1EgM,9.156558315790463,41.50234755197685,31.25692947461808
2536800,7pPCMOKxcej1YVIvrUGOYDzSliLLcSRdTnyF6Dtau6aIb+mR9zz+WBoaqvBP1EgM,14.66274632910274,48.49008658759039,31.225404513111307
2537100,7pPCMOKxcej1YVIvrUGOYDzSliLLcSRdTnyF6Dtau6aIb+mR9zz+WBoaqvBP1EgM,21.513520800164365,43.76130500104719,34.9161524060563
2537400,7pPCMOKxcej1YVIvrUGOYDzSliLLcSRdTnyF6Dtau6aIb+mR9zz+WBoaqvBP1EgM,19.9484934974029,52.93907830737224,36.5697193289442
2537700,7pPCMOKxcej1YVIvrUGOYDzSliLLcSRdTnyF6Dtau6aIb+mR9zz+WBoaqvBP1EgM,28.38277535231493,42.856408507714825,35.381463404452674
2538000,7pPCMOKxcej1YVIvrUGOYDzSliLLcSRdTnyF6Dtau6aIb+mR9zz+WBoaqvBP1EgM,28.277019850828168,46.48353266790778,36.42846264102262
2538300,7pPCMOKxcej1YVIvrUGOYDzSliLLcSRdTnyF6Dtau6aIb+mR9zz+WBoaqvBP1EgM,9.649224417781603,50.62692293533153,33.03002569847626
2538600,7pPCMOKxcej1YVIvrUGOYDzSliLLcSRdTnyF6Dtau6aIb+mR9zz+WBoaqvBP1EgM,25.18036382628801,37.399617171375034,31.14387257695983
2538900,7pPCMOKxcej1YVIvrUGOYDzSliLLcSRdTnyF6Dtau6aIb+mR9zz+WBoaqvBP1EgM,16.458985546727188,39.2254126851369,28.094641965105968
2539200,7pPCMOKxcej1YVIvrUGOYDzSliLLcSRdTnyF6Dtau6aIb+mR9zz+WBoaqvBP1EgM,15.298475768203255,44.69904546514446,27.462773194577466
2539500,7pPCMOKxcej1YVIvrUGOYDzSliLLcSRdTnyF6Dtau6aIb+mR9zz+WBoaqvBP1EgM,31.398085396464765,51.23633523100621,41.52463386539736
2539800,7pPCMOKxcej1YVIvrUGOYDzSliLLcSRdTnyF6Dtau6aIb+mR9zz+WBoaqvBP1EgM,21.25870155408896,45.537329606461824,34.01044368183815
2540100,7pPCMOKxcej1YVIvrUGOYDzSliLLcSRdTnyF6Dtau6aIb+mR9zz+WBoaqvBP1EgM,25.517424139120287,44.563615116983286,34.096474088680104
2540400,7pPCMOKxcej1YVIvrUGOYDzSliLLcSRdTnyF6Dtau6aIb+mR9zz+WBoaqvBP1EgM,23.93901941238884,58.22078142873335,37.75157431130444
2540700,7pPCMOKxcej1YVIvrUGOYDzSliLLcSRdTnyF6Dtau6aIb+mR9zz+WBoaqvBP1EgM,19.22901811369348,51.37414825632592,38.84184573327508
2541000,7pPCMOKxcej1YVIvrUGOYDzSliLLcSRdTnyF6Dtau6aIb+mR9zz+WBoaqvBP1EgM,19.558186686734484,51.398471756937,35.13735243744986
2541300,7pPCMOKxcej1YVIvrUGOYDzSliLLcSRdTnyF6Dtau6aIb+mR9zz+WBoaqvBP1EgM,25.992038180044847,51.30357886389338,39.06538156180524
2541600,7pPCMOKxcej1YVIvrUGOYDzSliLLcSRdTnyF6Dtau6aIb+mR9zz+WBoaqvBP1EgM,13.106656221035518,38.631618417733115,29.23087818578953
2541900,7pPCMOKxcej1YVIvrUGOYDzSliLLcSRdTnyF6Dtau6aIb+mR9zz+WBoaqvBP1EgM,13.521807391445142,48.99138930973305,33.84289240800331
2542200,7pPCMOKxcej1YVIvrUGOYDzSliLLcSRdTnyF6Dtau6aIb+mR9zz+WBoaqvBP1EgM,14.786290875851243,37.3819216818009,25.96518630682449
2542500,7pPCMOKxcej1YVIvrUGOYDzSliLLcSRdTnyF6Dtau6aIb+mR9zz+WBoaqvBP1EgM,12.009160821901768,39.78435391560197,25.8755214900363
2542800,7pPCMOKxcej1YVIvrUGOYDzSliLLcSRdTnyF6Dtau6aIb+mR9zz+WBoaqvBP1EgM,18.69817094202138,40.08789744998738,28.931993476373115
2543100,7pPCMOKxcej1YVIvrUGOYDzSliLLcSRdTnyF6Dtau6aIb+mR9zz+WBoaqvBP1EgM,11.77484336981288,45.4510858745854,30.34716194276451
2543400,7pPCMOKxcej1YVIvrUGOYDzSliLLcSRdTnyF6Dtau6aIb+mR9zz+WBoaqvBP1EgM,21.07567490314959,41.41525520933804,30.898142203544445
2543700,7pPCMOKxcej1YVIvrUGOYDzSliLLcSRdTnyF6Dtau6aIb+mR9zz+WBoaqvBP1EgM,13.287318138611433,40.49171282427197,29.56467905383856
2544000,7pPCMOKxcej1YVIvrUGOYDzSliLLcSRdTnyF6Dtau6aIb+mR9zz+WBoaqvBP1EgM,12.848474691885272,45.985432747498486,28.31570697487485
2544300,7pPCMOKxcej1YVIvrUGOYDzSliLLcSRdTnyF6Dtau6aIb+mR9zz+WBoaqvBP1EgM,29.13734799158152,45.90837448688732,37.16179900136574
2544600,7pPCMOKxcej1YVIvrUGOYDzSliLLcSRdTnyF6Dtau6aIb+mR9zz+WBoaqvBP1EgM,13.454309185092594,60.793596961846845,37.936805424417365
2544900,7pPCMOKxcej1YVIvrUGOYDzSliLLcSRdTnyF6Dtau6aIb+mR9zz+WBoaqvBP1EgM,12.749022576152765,52.58614460016904,39.455653865253694
2545200,7pPCMOKxcej1YVIvrUGOYDzSliLLcSRdTnyF6Dtau6aIb+mR9zz+WBoaqvBP1EgM,23.08952238525762,55.52693726167569,43.24128215435056
2545500,7pPCMOKxcej1YVIvrUGOYDzSliLLcSRdTnyF6Dtau6aIb+mR9zz+WBoaqvBP1EgM,23.649833713140264,51.53183384394461,41.13780915894009
2545800,7pPCMOKxcej1YVIvrUGOYDzSliLLcSRdTnyF6Dtau6aIb+mR9zz+WBoaqvBP1EgM,21.15946934895404,39.458212563349214,30.37256142190596
2546100,7pPCMOKxcej1YVIvrUGOYDzSliLLcSRdTnyF6Dtau6aIb+mR9zz+WBoaqvBP1EgM,25.390841246869822,45.731262023381326,35.5731844846954
2546700,7pPCMOKxcej1YVIvrUGOYDzSliLLcSRdTnyF6Dtau6aIb+mR9zz+WBoaqvBP1EgM,13.881760998116055,46.11252121680626,31.07520629609035
2547000,7pPCMOKxcej1YVIvrUGOYDzSliLLcSRdTnyF6Dtau6aIb+mR9zz+WBoaqvBP1EgM,20.79327667858344,43.85324125866615,31.727296691025742
2547300,7pPCMOKxcej1YVIvrUGOYDzSliLLcSRdTnyF6Dtau6aIb+mR9zz+WBoaqvBP1EgM,19.51782042833552,55.35787302889399,34.34626859863984
2547600,7pPCMOKxcej1YVIvrUGOYDzSliLLcSRdTnyF6Dtau6aIb+mR9zz+WBoaqvBP1EgM,24.596435192490937,42.27531369175439,32.37001004450072
2547900,7pPCMOKxcej1YVIvrUGOYDzSliLLcSRdTnyF6Dtau6aIb+mR9zz+WBoaqvBP1EgM,26.694977012259105,49.43187331878266,36.71412398214986
2548200,7pPCMOKxcej1YVIvrUGOYDzSliLLcSRdTnyF6Dtau6aIb+mR9zz+WBoaqvBP1EgM,14.835958161108207,50.209850075700366,32.21123195556417
2548500,7pPCMOKxcej1YVIvrUGOYDzSliLLcSRdTnyF6Dtau6aIb+mR9zz+WBoaqvBP1EgM,26.37275506896085,53.79178834757944,41.44286019509455
2548800,7pPCMOKxcej1YVIvrUGOYDzSliLLcSRdTnyF6Dtau6aIb+mR9zz+WBoaqvBP1EgM,21.98320118343443,57.69970485977356,36.79297612854006
2549100,7pPCMOKxcej1YVIvrUGOYDzSliLLcSRdTnyF6Dtau6aIb+mR9zz+WBoaqvBP1EgM,29.105322961690685,45.05400111603348,37.851132996361684
2549400,7pPCMOKxcej1YVIvrUGOYDzSliLLcSRdTnyF6Dtau6aIb+mR9zz+WBoaqvBP1EgM,21.527789739465145,42.464191940529886,31.22068448871103
2549700,7pPCMOKxcej1YVIvrUGOYDzSliLLcSRdTnyF6Dtau6aIb+mR9zz+WBoaqvBP1EgM,18.01716685415523,40.66954402604502,27.15207241771476
2550000,7pPCMOKxcej1YVIvrUGOYDzSliLLcSRdTnyF6Dtau6aIb+mR9zz+WBoaqvBP1EgM,19.589235391113736,37.89112101468765,27.620187164206207
2550300,7pPCMOKxcej1YVIvrUGOYDzSliLLcSRdTnyF6Dtau6aIb+mR9zz+WBoaqvBP1EgM,17.654412150868296,40.79472740421872,30.06207068863889
2550600,7pPCMOKxcej1YVIvrUGOYDzSliLLcSRdTnyF6Dtau6aIb+mR9zz+WBoaqvBP1EgM,10.23189174577286,50.42940248775548,33.62387476958131
2550900,7pPCMOKxcej1YVIvrUGOYDzSliLLcSRdTnyF6Dtau6aIb+mR9zz+WBoaqvBP1EgM,14.256718179326802,49.09032572912086,34.19297424339224
2551200,7pPCMOKxcej1YVIvrUGOYDzSliLLcSRdTnyF6Dtau6aIb+mR9zz+WBoaqvBP1EgM,25.89641354990045,41.82138972031267,34.43650671563192
2551500,7pPCMOKxcej1YVIvrUGOYDzSliLLcSRdTnyF6Dtau6aIb+mR9zz+WBoaqvBP1EgM,22.525574808780576,38.20476199451116,33.745369159254174
2551800,7pPCMOKxcej1YVIvrUGOYDzSliLLcSRdTnyF6Dtau6aIb+mR9zz+WBoaqvBP1EgM,24.602343848369703,42.648072005142566,32.72448756679166
2552100,7pPCMOKxcej1YVIvrUGOYDzSliLLcSRdTnyF6Dtau6aIb+mR9zz+WBoaqvBP1EgM,25.043446407266032,40.56620563096724,35.205556707309704
2552400,7pPCMOKxcej1YVIvrUGOYDzSliLLcSRdTnyF6Dtau6aIb+mR9zz+WBoaqvBP1EgM,15.087727679921892,43.982846026520235,31.682626979913785
2552700,7pPCMOKxcej1YVIvrUGOYDzSliLLcSRdTnyF6Dtau6aIb+mR9zz+WBoaqvBP1EgM,27.17193730128243,41.126616429326745,34.00300010486312
2553000,7pPCMOKxcej1YVIvrUGOYDzSliLLcSRdTnyF6Dtau6aIb+mR9zz+WBoaqvBP1EgM,20.477496448443432,37.548330188063446,28.900614012401128
2553300,7pPCMOKxcej1YVIvrUGOYDzSliLLcSRdTnyF6Dtau6aIb+mR9zz+WBoaqvBP1EgM,20.002974543584227,39.15752056707619,29.17919387192924
2553600,7pPCMOKxcej1YVIvrUGOYDzSliLLcSRdTnyF6Dtau6aIb+mR9zz+WBoaqvBP1EgM,21.15821829401932,33.74211280911112,26.85006466407157
2553900,7pPCMOKxcej1YVIvrUGOYDzSliLLcSRdTnyF6Dtau6aIb+mR9zz+WBoaqvBP1EgM,14.849465152957391,35.06677628087371,27.360909235954825
2554200,7pPCMOKxcej1YVIvrUGOYDzSliLLcSRdTnyF6Dtau6aIb+mR9zz+WBoaqvBP1EgM,25.54922480649628,44.33785752637323,33.155817251709706
2554500,7pPCMOKxcej1YVIvrUGOYDzSliLLcSRdTnyF6Dtau6aIb+mR9zz+WBoaqvBP1EgM,13.105591805694395,48.03895450374167,29.18361227187909
2554800,7pPCMOKxcej1YVIvrUGOYDzSliLLcSRdTnyF6Dtau6aIb+mR9zz+WBoaqvBP1EgM,23.576597825030984,48.381551531123215,37.283998541318255
2555100,7pPCMOKxcej1YVIvrUGOYDzSliLLcSRdTnyF6Dtau6aIb+mR9zz+WBoaqvBP1EgM,13.446950118819622,41.740720952562235,29.18987682754699
2555400,7pPCMOKxcej1YVIvrUGOYDzSliLLcSRdTnyF6Dtau6aIb+mR9zz+WBoaqvBP1EgM,27.4510654721818,48.7997734440636,37.000232664038634
2555700,7pPCMOKxcej1YVIvrUGOYDzSliLLcSRdTnyF6Dtau6aIb+mR9zz+WBoaqvBP1EgM,11.10330923512634,48.07155653524186,33.00026176502489
2556000,7pPCMOKxcej1YVIvrUGOYDzSliLLcSRdTnyF6Dtau6aIb+mR9zz+WBoaqvBP1EgM,26.513220997476544,44.22898515480341,35.90753489237687
2556300,7pPCMOKxcej1YVIvrUGOYDzSliLLcSRdTnyF6Dtau6aIb+mR9zz+WBoaqvBP1EgM,20.52023664041767,38.96701658987278,32.55626511327231
2556600,7pPCMOKxcej1YVIvrUGOYDzSliLLcSRdTnyF6Dtau6aIb+mR9zz+WBoaqvBP1EgM,13.009925075515996,34.338119415113496,27.257997245586665
2556900,7pPCMOKxcej1YVIvrUGOYDzSliLLcSRdTnyF6Dtau6aIb+mR9zz+WBoaqvBP1EgM,19.4379532628776,39.65000701642536,28.70296840403884
2557200,7pPCMOKxcej1YVIvrUGOYDzSliLLcSRdTnyF6Dtau6aIb+mR9zz+WBoaqvBP1EgM,23.78573146100881,41.3748650585948,31.271299896039743
2557500,7pPCMOKxcej1YVIvrUGOYDzSliLLcSRdTnyF6Dtau6aIb+mR9zz+WBoaqvBP1EgM,14.48062418729201,37.26536285621531,27.242825969239735
2557800,7pPCMOKxcej1YVIvrUGOYDzSliLLcSRdTnyF6Dtau6aIb+mR9zz+WBoaqvBP1EgM,16.50762128350332,41.839239314751225,31.604800297642257
2558100,7pPCMOKxcej1YVIvrUGOYDzSliLLcSRdTnyF6Dtau6aIb+mR9zz+WBoaqvBP1EgM,25.86829057131213,48.607521355572295,36.55431050098305
2558400,7pPCMOKxcej1YVIvrUGOYDzSliLLcSRdTnyF6Dtau6aIb+mR9zz+WBoaqvBP1EgM,17.727151694680725,49.11134398556178,37.287524927490736
2558700,7pPCMOKxcej1YVIvrUGOYDzSliLLcSRdTnyF6Dtau6aIb+mR9zz+WBoaqvBP1EgM,16.11979266420022,52.48036546114494,34.7606921231761
2559000,7pPCMOKxcej1YVIvrUGOYDzSliLLcSRdTnyF6Dtau6aIb+mR9zz+WBoaqvBP1EgM,26.240044709364373,41.73461116700387,35.98384309949584
2559300,7pPCMOKxcej1YVIvrUGOYDzSliLLcSRdTnyF6Dtau6aIb+mR9zz+WBoaqvBP1EgM,16.20693276602115,50.680294336426,32.91574550107813
2559600,7pPCMOKxcej1YVIvrUGOYDzSliLLcSRdTnyF6Dtau6aIb+mR9zz+WBoaqvBP1EgM,19.55512389670631,42.738566605803214,34.38316064584241
2559900,7pPCMOKxcej1YVIvrUGOYDzSliLLcSRdTnyF6Dtau6aIb+mR9zz+WBoaqvBP1EgM,29.26746319645059,47.57803536629436,38.63451973124605
2560200,7pPCMOKxcej1YVIvrUGOYDzSliLLcSRdTnyF6Dtau6aIb+mR9zz+WBoaqvBP1EgM,20.53467826704867,39.340113879811305,28.43054793411885
2560500,7pPCMOKxcej1YVIvrUGOYDzSliLLcSRdTnyF6Dtau6aIb+mR9zz+WBoaqvBP1EgM,15.00603432414694,41.57160024818474,26.631097512198966
2560800,7pPCMOKxcej1YVIvrUGOYDzSliLLcSRdTnyF6Dtau6aIb+mR9zz+WBoaqvBP1EgM,13.775732848382937,40.51219231784391,25.21730655138221
2561100,7pPCMOKxcej1YVIvrUGOYDzSliLLcSRdTnyF6Dtau6aIb+mR9zz+WBoaqvBP1EgM,17.78878312362757,57.59092662902063,32.58907396457378
2561400,7pPCMOKxcej1YVIvrUGOYDzSliLLcSRdTnyF6Dtau6aIb+mR9zz+WBoaqvBP1EgM,21.616357764673744,33.12979815799923,27.30205751077943
2561700,7pPCMOKxcej1YVIvrUGOYDzSliLLcSRdTnyF6Dtau6aIb+mR9zz+WBoaqvBP1EgM,20.466314607386767,44.28752213157192,32.186037032669844
2562000,7pPCMOKxcej1YVIvrUGOYDzSliLLcSRdTnyF6Dtau6aIb+mR9zz+WBoaqvBP1EgM,25.386575313576696,50.66049291946987,36.2068475239765
2562300,7pPCMOKxcej1YVIvrUGOYDzSliLLcSRdTnyF6Dtau6aIb+mR9zz+WBoaqvBP1EgM,16.071645456631067,43.096976718303914,29.50992503804901
2562600,7pPCMOKxcej1YVIvrUGOYDzSliLLcSRdTnyF6Dtau6aIb+mR9zz+WBoaqvBP1EgM,22.57200513137152,42.498236934355376,32.1956353344338
2562900,7pPCMOKxcej1YVIvrUGOYDzSliLLcSRdTnyF6Dtau6aIb+mR9zz+WBoaqvBP1EgM,19.46062173651971,43.98654603843369,32.40412289005887
2563200,7pPCMOKxcej1YVIvrUGOYDzSliLLcSRdTnyF6Dtau6aIb+mR9zz+WBoaqvBP1EgM,25.508475242231444,52.552609164661696,31.821854609072528
2563500,7pPCMOKxcej1YVIvrUGOYDzSliLLcSRdTnyF6Dtau6aIb+mR9zz+WBoaqvBP1EgM,14.971486166552966,45.90723905677832,28.706478664136338
2563800,7pPCMOKxcej1YVIvrUGOYDzSliLLcSRdTnyF6Dtau6aIb+mR9zz+WBoaqvBP1EgM,16.788966905059418,38.225055387244815,30.084553241250543
2564100,7pPCMOKxcej1YVIvrUGOYDzSliLLcSRdTnyF6Dtau6aIb+mR9zz+WBoaqvBP1EgM,23.15962700740534,47.28283889439352,31.00296944583121
2564400,7pPCMOKxcej1YVIvrUGOYDzSliLLcSRdTnyF6Dtau6aIb+mR9zz+WBoaqvBP1EgM,8.5290898120706,62.98961564253072,33.86915797854985
2564700,7pPCMOKxcej1YVIvrUGOYDzSliLLcSRdTnyF6Dtau6aIb+mR9zz+WBoaqvBP1EgM,15.8681642709197,56.6175098517145,41.70987475591624
2565000,7pPCMOKxcej1YVIvrUGOYDzSliLLcSRdTnyF6Dtau6aIb+mR9zz+WBoaqvBP1EgM,21.311825327763923,51.32150079648192,39.35110170332198
2565300,7pPCMOKxcej1YVIvrUGOYDzSliLLcSRdTnyF6Dtau6aIb+mR9zz+WBoaqvBP1EgM,18.052649714777345,57.3960286635497,40.965960095277104
2565600,7pPCMOKxcej1YVIvrUGOYDzSliLLcSRdTnyF6Dtau6aIb+mR9zz+WBoaqvBP1EgM,16.031512489413096,45.67075833321768,34.70882609296618
2565900,7pPCMOKxcej1YVIvrUGOYDzSliLLcSRdTnyF6Dtau6aIb+mR9zz+WBoaqvBP1EgM,21.852768837368973,52.45636697245548,42.20820005940417
2566200,7pPCMOKxcej1YVIvrUGOYDzSliLLcSRdTnyF6Dtau6aIb+mR9zz+WBoaqvBP1EgM,20.13638805451796,50.34785158500944,37.04677041648734
2566500,7pPCMOKxcej1YVIvrUGOYDzSliLLcSRdTnyF6Dtau6aIb+mR9zz+WBoaqvBP1EgM,33.44861862753584,52.61153446914665,41.61270616913927
2566800,7pPCMOKxcej1YVIvrUGOYDzSliLLcSRdTnyF6Dtau6aIb+mR9zz+WBoaqvBP1EgM,25.890990729640244,52.6311661436208,39.021313239199394
2567100,7pPCMOKxcej1YVIvrUGOYDzSliLLcSRdTnyF6Dtau6aIb+mR9zz+WBoaqvBP1EgM,8.325669348949853,53.55700610326274,32.298170116122186
2567400,7pPCMOKxcej1YVIvrUGOYDzSliLLcSRdTnyF6Dtau6aIb+mR9zz+WBoaqvBP1EgM,23.93345928013709,56.2768260849574,36.00063374829951
2567700,7pPCMOKxcej1YVIvrUGOYDzSliLLcSRdTnyF6Dtau6aIb+mR9zz+WBoaqvBP1EgM,8.43577710962409,36.391368427167166,25.81710590426299
2568000,7pPCMOKxcej1YVIvrUGOYDzSliLLcSRdTnyF6Dtau6aIb+mR9zz+WBoaqvBP1EgM,15.68944006369438,40.257676318490425,27.42998154160688
2568300,7pPCMOKxcej1YVIvrUGOYDzSliLLcSRdTnyF6Dtau6aIb+mR9zz+WBoaqvBP1EgM,15.358928030385105,40.101458512860816,27.71674702716011
2568600,7pPCMOKxcej1YVIvrUGOYDzSliLLcSRdTnyF6Dtau6aIb+mR9zz+WBoaqvBP1EgM,16.268955677117678,32.280835687310635,26.959489798786244
2568900,7pPCMOKxcej1YVIvrUGOYDzSliLLcSRdTnyF6Dtau6aIb+mR9zz+WBoaqvBP1EgM,12.020495902387252,52.28616645616684,31.404374498946016
2569200,7pPCMOKxcej1YVIvrUGOYDzSliLLcSRdTnyF6Dtau6aIb+mR9zz+WBoaqvBP1EgM,20.36230485602543,51.623751798657125,35.61598383278706
2569500,7pPCMOKxcej1YVIvrUGOYDzSliLLcSRdTnyF6Dtau6aIb+mR9zz+WBoaqvBP1EgM,20.15501227938373,47.78151277027133,35.83703323236586
2569800,7pPCMOKxcej1YVIvrUGOYDzSliLLcSRdTnyF6Dtau6aIb+mR9zz+WBoaqvBP1EgM,17.082275503043974,50.14014229088694,35.62194276772561
2570100,7pPCMOKxcej1YVIvrUGOYDzSliLLcSRdTnyF6Dtau6aIb+mR9zz+WBoaqvBP1EgM,27.33178444168515,45.22113211228141,34.708774469745606
2570400,7pPCMOKxcej1YVIvrUGOYDzSliLLcSRdTnyF6Dtau6aIb+mR9zz+WBoaqvBP1EgM,20.997034325698515,47.177009366373134,35.14553578868025
2570700,7pPCMOKxcej1YVIvrUGOYDzSliLLcSRdTnyF6Dtau6aIb+mR9zz+WBoaqvBP1EgM,17.824939771206363,38.06538672741736,30.848352134645204
2571000,7pPCMOKxcej1YVIvrUGOYDzSliLLcSRdTnyF6Dtau6aIb+mR9zz+WBoaqvBP1EgM,23.519054433279415,44.130676536473125,32.77290370908559
2571300,7pPCMOKxcej1YVIvrUGOYDzSliLLcSRdTnyF6Dtau6aIb+mR9zz+WBoaqvBP1EgM,28.26537449883665,49.98796634569559,42.71568407491298
2571600,7pPCMOKxcej1YVIvrUGOYDzSliLLcSRdTnyF6Dtau6aIb+mR9zz+WBoaqvBP1EgM,14.692635761539837,45.61810849592166,31.4397111358847
2571900,7pPCMOKxcej1YVIvrUGOYDzSliLLcSRdTnyF6Dtau6aIb+mR9zz+WBoaqvBP1EgM,28.404087029698715,52.4054941492962,43.32846667559618
2572200,7pPCMOKxcej1YVIvrUGOYDzSliLLcSRdTnyF6Dtau6aIb+mR9zz+WBoaqvBP1EgM,16.46833984388287,61.57242192716839,48.75746275232903
2572500,7pPCMOKxcej1YVIvrUGOYDzSliLLcSRdTnyF6Dtau6aIb+mR9zz+WBoaqvBP1EgM,24.30035951787195,73.25630756864189,48.254187422330304
2572800,7pPCMOKxcej1YVIvrUGOYDzSliLLcSRdTnyF6Dtau6aIb+mR9zz+WBoaqvBP1EgM,38.563513910336006,76.87261021001412,60.3649329858078
2573100,7pPCMOKxcej1YVIvrUGOYDzSliLLcSRdTnyF6Dtau6aIb+mR9zz+WBoaqvBP1EgM,28.046542466458128,67.83068255736788,48.93336769080384
2573400,7pPCMOKxcej1YVIvrUGOYDzSliLLcSRdTnyF6Dtau6aIb+mR9zz+WBoaqvBP1EgM,30.51266892667616,72.65315031941195,57.11969620799056
2573700,7pPCMOKxcej1YVIvrUGOYDzSliLLcSRdTnyF6Dtau6aIb+mR9zz+WBoaqvBP1EgM,34.62031913579229,72.00180818793035,60.854826131328295
2574000,7pPCMOKxcej1YVIvrUGOYDzSliLLcSRdTnyF6Dtau6aIb+mR9zz+WBoaqvBP1EgM,37.36570004553951,61.793465865934685,50.11262238891926
2574300,7pPCMOKxcej1YVIvrUGOYDzSliLLcSRdTnyF6Dtau6aIb+mR9zz+WBoaqvBP1EgM,12.53713111839438,75.93132002678188,44.79342263599828
2574600,7pPCMOKxcej1YVIvrUGOYDzSliLLcSRdTnyF6Dtau6aIb+mR9zz+WBoaqvBP1EgM,28.995033938289072,72.17690671904937,47.15348476827193
2574900,7pPCMOKxcej1YVIvrUGOYDzSliLLcSRdTnyF6Dtau6aIb+mR9zz+WBoaqvBP1EgM,20.295513103788487,41.49811001045872,32.49084770252887
2575200,7pPCMOKxcej1YVIvrUGOYDzSliLLcSRdTnyF6Dtau6aIb+mR9zz+WBoaqvBP1EgM,13.250992020098629,39.650005527933274,27.73441738288299
2575500,7pPCMOKxcej1YVIvrUGOYDzSliLLcSRdTnyF6Dtau6aIb+mR9zz+WBoaqvBP1EgM,28.418350262968985,47.214310409549,34.557832620976605
2575800,7pPCMOKxcej1YVIvrUGOYDzSliLLcSRdTnyF6Dtau6aIb+mR9zz+WBoaqvBP1EgM,21.165139289106133,39.767233263721565,30.668966821829333
2576100,7pPCMOKxcej1YVIvrUGOYDzSliLLcSRdTnyF6Dtau6aIb+mR9zz+WBoaqvBP1EgM,10.921334654483216,49.35399416168631,29.479856010523648
2576400,7pPCMOKxcej1YVIvrUGOYDzSliLLcSRdTnyF6Dtau6aIb+mR9zz+WBoaqvBP1EgM,16.972445507246874,51.04519006871304,33.10096241598309
2576700,7pPCMOKxcej1YVIvrUGOYDzSliLLcSRdTnyF6Dtau6aIb+mR9zz+WBoaqvBP1EgM,9.144395837296653,52.85230973645147,35.8963978880793
2577000,7pPCMOKxcej1YVIvrUGOYDzSliLLcSRdTnyF6Dtau6aIb+mR9zz+WBoaqvBP1EgM,20.21896422860587,57.41561185418304,37.193813697483456
2577300,7pPCMOKxcej1YVIvrUGOYDzSliLLcSRdTnyF6Dtau6aIb+mR9zz+WBoaqvBP1EgM,25.708245014766756,57.43946548145094,43.63377951242513
2577600,7pPCMOKxcej1YVIvrUGOYDzSliLLcSRdTnyF6Dtau6aIb+mR9zz+WBoaqvBP1EgM,22.304660981589983,52.10501610563479,36.19279293132928
2577900,7pPCMOKxcej1YVIvrUGOYDzSliLLcSRdTnyF6Dtau6aIb+mR9zz+WBoaqvBP1EgM,17.409256836169394,50.5349552778673,37.51646156876853
2578200,7pPCMOKxcej1YVIvrUGOYDzSliLLcSRdTnyF6Dtau6aIb+mR9zz+WBoaqvBP1EgM,11.32285162179124,39.142420602031684,28.706033113501853
2578500,7pPCMOKxcej1YVIvrUGOYDzSliLLcSRdTnyF6Dtau6aIb+mR9zz+WBoaqvBP1EgM,12.027713624072192,46.931961657826406,28.69518179962474
2578800,7pPCMOKxcej1YVIvrUGOYDzSliLLcSRdTnyF6Dtau6aIb+mR9zz+WBoaqvBP1EgM,24.539705623073875,39.52566332015248,31.758138090109256
2579100,7pPCMOKxcej1YVIvrUGOYDzSliLLcSRdTnyF6Dtau6aIb+mR9zz+WBoaqvBP1EgM,22.59737177013241,39.53666526928574,28.963156669509864
2579400,7pPCMOKxcej1YVIvrUGOYDzSliLLcSRdTnyF6Dtau6aIb+mR9zz+WBoaqvBP1EgM,17.74013450917302,42.40649600274182,26.98751094120628
2579700,7pPCMOKxcej1YVIvrUGOYDzSliLLcSRdTnyF6Dtau6aIb+mR9zz+WBoaqvBP1EgM,16.610703626505234,33.66129789642766,27.09631233813705
2580000,7pPCMOKxcej1YVIvrUGOYDzSliLLcSRdTnyF6Dtau6aIb+mR9zz+WBoaqvBP1EgM,8.227757633327425,39.27282637998049,26.0417152169674
2580300,7pPCMOKxcej1YVIvrUGOYDzSliLLcSRdTnyF6Dtau6aIb+mR9zz+WBoaqvBP1EgM,13.046419615165362,48.99841615238167,34.07629785981222
2580600,7pPCMOKxcej1YVIvrUGOYDzSliLLcSRdTnyF6Dtau6aIb+mR9zz+WBoaqvBP1EgM,24.366808224973628,50.476162580583136,34.772410313927466
2580900,7pPCMOKxcej1YVIvrUGOYDzSliLLcSRdTnyF6Dtau6aIb+mR9zz+WBoaqvBP1EgM,21.204422247942677,45.77701811234338,32.13511010670385
2581200,7pPCMOKxcej1YVIvrUGOYDzSliLLcSRdTnyF6Dtau6aIb+mR9zz+WBoaqvBP1EgM,24.21858224230139,53.27888940650417,35.83935682500122
2581500,7pPCMOKxcej1YVIvrUGOYDzSliLLcSRdTnyF6Dtau6aIb+mR9zz+WBoaqvBP1EgM,23.3862926200446,41.837108150653535,34.80801168380187
2581800,7pPCMOKxcej1YVIvrUGOYDzSliLLcSRdTnyF6Dtau6aIb+mR9zz+WBoaqvBP1EgM,10.122088260421156,41.27623433941724,29.120593128058463
2582100,7pPCMOKxcej1YVIvrUGOYDzSliLLcSRdTnyF6Dtau6aIb+mR9zz+WBoaqvBP1EgM,13.0596745092208,57.13990259031642,34.18755241844032
2582400,7pPCMOKxcej1YVIvrUGOYDzSliLLcSRdTnyF6Dtau6aIb+mR9zz+WBoaqvBP1EgM,23.189002282974634,48.058737449435455,35.893416165802115
2582700,7pPCMOKxcej1YVIvrUGOYDzSliLLcSRdTnyF6Dtau6aIb+mR9zz+WBoaqvBP1EgM,25.518322340789535,56.537938940445834,40.565238043494745
2583000,7pPCMOKxcej1YVIvrUGOYDzSliLLcSRdTnyF6Dtau6aIb+mR9zz+WBoaqvBP1EgM,19.63359940190913,48.56704120588186,36.27295264847432
2583300,7pPCMOKxcej1YVIvrUGOYDzSliLLcSRdTnyF6Dtau6aIb+mR9zz+WBoaqvBP1EgM,21.694770008327527,49.12557862926791,33.455309326422565
2583600,7pPCMOKxcej1YVIvrUGOYDzSliLLcSRdTnyF6Dtau6aIb+mR9zz+WBoaqvBP1EgM,14.0959141953682,56.86447468525928,35.87966896320755
2583900,7pPCMOKxcej1YVIvrUGOYDzSliLLcSRdTnyF6Dtau6aIb+mR9zz+WBoaqvBP1EgM,22.052333403895634,66.83426284675568,42.54652988999364
2584200,7pPCMOKxcej1YVIvrUGOYDzSliLLcSRdTnyF6Dtau6aIb+mR9zz+WBoaqvBP1EgM,28.977775157800032,51.147814647219086,38.31401667625101
2584500,7pPCMOKxcej1YVIvrUGOYDzSliLLcSRdTnyF6Dtau6aIb+mR9zz+WBoaqvBP1EgM,17.215934342741914,70.44665376523787,40.09521886266874
2584800,7pPCMOKxcej1YVIvrUGOYDzSliLLcSRdTnyF6Dtau6aIb+mR9zz+WBoaqvBP1EgM,19.157595130373316,54.35583227835896,39.63072235107155
2585100,7pPCMOKxcej1YVIvrUGOYDzSliLLcSRdTnyF6Dtau6aIb+mR9zz+WBoaqvBP1EgM,10.199923784226222,54.27674473156687,32.73059048769212
2585400,7pPCMOKxcej1YVIvrUGOYDzSliLLcSRdTnyF6Dtau6aIb+mR9zz+WBoaqvBP1EgM,16.690063694034013,48.99459439328885,32.11935003702785
2585700,7pPCMOKxcej1YVIvrUGOYDzSliLLcSRdTnyF6Dtau6aIb+mR9zz+WBoaqvBP1EgM,16.056723927195584,46.06562271393114,32.720051030088484
2586000,7pPCMOKxcej1YVIvrUGOYDzSliLLcSRdTnyF6Dtau6aIb+mR9zz+WBoaqvBP1EgM,24.40918673873321,39.47452573834128,31.371701685847
2586300,7pPCMOKxcej1YVIvrUGOYDzSliLLcSRdTnyF6Dtau6aIb+mR9zz+WBoaqvBP1EgM,21.95298940972404,52.34884276768183,38.27746291076024
2586600,7pPCMOKxcej1YVIvrUGOYDzSliLLcSRdTnyF6Dtau6aIb+mR9zz+WBoaqvBP1EgM,21.96420212814737,53.23770465776344,35.770120505472754
2586900,7pPCMOKxcej1YVIvrUGOYDzSliLLcSRdTnyF6Dtau6aIb+mR9zz+WBoaqvBP1EgM,33.583308209931054,53.3209123297104,42.88305406580314
2587200,7pPCMOKxcej1YVIvrUGOYDzSliLLcSRdTnyF6Dtau6aIb+mR9zz+WBoaqvBP1EgM,33.38112222353762,54.23976786631869,45.98698034871188
2587500,7pPCMOKxcej1YVIvrUGOYDzSliLLcSRdTnyF6Dtau6aIb+mR9zz+WBoaqvBP1EgM,25.99101058270457,47.62525654213424,36.390902872428086
2587800,7pPCMOKxcej1YVIvrUGOYDzSliLLcSRdTnyF6Dtau6aIb+mR9zz+WBoaqvBP1EgM,22.21983871597082,50.52093496117916,38.009692900346685
2588100,7pPCMOKxcej1YVIvrUGOYDzSliLLcSRdTnyF6Dtau6aIb+mR9zz+WBoaqvBP1EgM,13.549422335608169,57.227190756468126,36.895022311369594
2588400,7pPCMOKxcej1YVIvrUGOYDzSliLLcSRdTnyF6Dtau6aIb+mR9zz+WBoaqvBP1EgM,22.952522145546624,54.36052247963535,38.61403727813074
2588700,7pPCMOKxcej1YVIvrUGOYDzSliLLcSRdTnyF6Dtau6aIb+mR9zz+WBoaqvBP1EgM,25.005391086964575,49.263057965926365,36.6521099383094
2589000,7pPCMOKxcej1YVIvrUGOYDzSliLLcSRdTnyF6Dtau6aIb+mR9zz+WBoaqvBP1EgM,26.92734936248153,41.88667201668602,35.37649200936513
2589300,7pPCMOKxcej1YVIvrUGOYDzSliLLcSRdTnyF6Dtau6aIb+mR9zz+WBoaqvBP1EgM,21.963100949283834,42.784357589235285,30.415591756563376
2589600,7pPCMOKxcej1YVIvrUGOYDzSliLLcSRdTnyF6Dtau6aIb+mR9zz+WBoaqvBP1EgM,28.05133180844492,49.58989621118696,39.0805897410452
2589900,7pPCMOKxcej1YVIvrUGOYDzSliLLcSRdTnyF6Dtau6aIb+mR9zz+WBoaqvBP1EgM,24.671180535338515,43.320454497907534,36.831532896072
2590200,7pPCMOKxcej1YVIvrUGOYDzSliLLcSRdTnyF6Dtau6aIb+mR9zz+WBoaqvBP1EgM,26.995305657154574,45.44160644746929,37.2300846198017
2590500,7pPCMOKxcej1YVIvrUGOYDzSliLLcSRdTnyF6Dtau6aIb+mR9zz+WBoaqvBP1EgM,30.09754801529012,56.823800612772814,38.904351147550805
2590800,7pPCMOKxcej1YVIvrUGOYDzSliLLcSRdTnyF6Dtau6aIb+mR9zz+WBoaqvBP1EgM,26.707477075906365,52.827067975748015,42.9914688697799
2591100,7pPCMOKxcej1YVIvrUGOYDzSliLLcSRdTnyF6Dtau6aIb+mR9zz+WBoaqvBP1EgM,24.177367825442047,63.727744625200174,44.36921749513239
2591400,7pPCMOKxcej1YVIvrUGOYDzSliLLcSRdTnyF6Dtau6aIb+mR9zz+WBoaqvBP1EgM,27.0327932586046,56.5893846961208,39.81048410942184
